INPUT,{ABSENT},{ABSENT},{ABSENT},{ABSENT},{ABSENT},{ABSENT},{ABSENT},{ABSENT},{ABSENT},{ABSENT},{ABSENT},{ABSENT},{ABSENT},{ABSENT},{ABSENT},{ABSENT},{ABSENT},{ABSENT},{ABSENT},{ABSENT},{ABSENT},{ABSENT},{ABSENT},{ABSENT},{ABSENT},{ABSENT},{ABSENT},{ABSENT},{ABSENT},{ABSENT},{ABSENT},{ABSENT},{ABSENT},{ABSENT},{ABSENT},{ABSENT},{ABSENT},{ABSENT},{ABSENT},{ABSENT},{ABSENT},{ABSENT},{ABSENT},{ABSENT},{ABSENT},{ABSENT},{ABSENT},{ABSENT},{ABSENT},{ABSENT},{ABSENT},{ABSENT},{ABSENT},{ABSENT},{ABSENT},{ABSENT},{ABSENT},{ABSENT},{ABSENT},{ABSENT},{ABSENT},{ABSENT},{ABSENT},{ABSENT},{ABSENT},{ABSENT},{ABSENT},{ABSENT},{ABSENT},{ABSENT},{ABSENT},{ABSENT},{ABSENT},{ABSENT},{ABSENT},{ABSENT},{ABSENT},{ABSENT},{ABSENT},{ABSENT},{ABSENT},{ABSENT},{ABSENT},{ABSENT},{ABSENT},{ABSENT},{ABSENT},{ABSENT},{ABSENT},{ABSENT},{ABSENT},{ABSENT},{ABSENT},{ABSENT},{ABSENT},{ABSENT},{ABSENT},{ABSENT},{ABSENT},{ABSENT},{ABSENT},{ABSENT},{ABSENT},{ABSENT},{ABSENT},{ABSENT},{ABSENT},{ABSENT},{ABSENT},{ABSENT},{ABSENT},{ABSENT},{ABSENT},{ABSENT},{ABSENT},{ABSENT},{ABSENT},{ABSENT},{ABSENT},{ABSENT},{ABSENT},{ABSENT},{ABSENT},{ABSENT},{ABSENT},{ABSENT},{ABSENT},{ABSENT},{ABSENT},{ABSENT}
R0,,,,,,,,,,,,,,,,,,,,,,,,,,,,,,,,,,,,,,,,,,,,,,,,,,,,,,,,,,,,,,,,,,,,,,,,,,,,,,,,,,,,,,,,,,,,,,,,,,,,,,,,,,,,,,,,,,,,,,,,,,,,,,,,,,
R1,,,,,,,,,,,,,,,,,,,,,,,,,,,,,,,,,,,,,,,,,,,,,,,,,,,,,,,,,,,,,,,,,,,,,,,,,,,,,,,,,,,,,,,,,,,,,,,,,,,,,,,,,,,,,,,,,,,,,,,,,,,,,,,,,,
R2,,,,,,,,,,,,,,,,,,,,,,,,,,,,,,,,,,,,,,,,,,,,,,,,,,,,,,,,,,,,,,,,,,,,,,,,,,,,,,,,,,,,,,,,,,,,,,,,,,,,,,,,,,,,,,,,,,,,,,,,,,,,,,,,,,
R3,,,,,,,,,,,,,,,,,,,,,,,,,,,,,,,,,,,,,,,,,,,,,,,,,,,,,,,,,,,,,,,,,,,,,,,,,,,,,,,,,,,,,,,,,,,,,,,,,,,,,,,,,,,,,,,,,,,,,,,,,,,,,,,,,,
R4,,,,,,,,,,,,,,,,,,,,,,,,,,,,,,,,,,,,,,,,,,,,,,,,,,,,,,,,,,,,,,,,,,,,,,,,,,,,,,,,,,,,,,,,,,,,,,,,,,,,,,,,,,,,,,,,,,,,,,,,,,,,,,,,,,
R5,,,,,,,,,,,,,,,,,,,,,,,,,,,,,,,,,,,,,,,,,,,,,,,,,,,,,,,,,,,,,,,,,,,,,,,,,,,,,,,,,,,,,,,,,,,,,,,,,,,,,,,,,,,,,,,,,,,,,,,,,,,,,,,,,,
=Proto-Balkan-Indo-European,null{ABSENT},null{ABSENT},null{ABSENT},null{ABSENT},null{ABSENT},null{ABSENT},null{ABSENT},null{ABSENT},null{ABSENT},null{ABSENT},null{ABSENT},null{ABSENT},null{ABSENT},null{ABSENT},null{ABSENT},null{ABSENT},null{ABSENT},null{ABSENT},null{ABSENT},null{ABSENT},null{ABSENT},null{ABSENT},null{ABSENT},null{ABSENT},null{ABSENT},null{ABSENT},null{ABSENT},null{ABSENT},null{ABSENT},null{ABSENT},null{ABSENT},null{ABSENT},null{ABSENT},null{ABSENT},null{ABSENT},null{ABSENT},null{ABSENT},null{ABSENT},null{ABSENT},null{ABSENT},null{ABSENT},null{ABSENT},null{ABSENT},null{ABSENT},null{ABSENT},null{ABSENT},null{ABSENT},null{ABSENT},null{ABSENT},null{ABSENT},null{ABSENT},null{ABSENT},null{ABSENT},null{ABSENT},null{ABSENT},null{ABSENT},null{ABSENT},null{ABSENT},null{ABSENT},null{ABSENT},null{ABSENT},null{ABSENT},null{ABSENT},null{ABSENT},null{ABSENT},null{ABSENT},null{ABSENT},null{ABSENT},null{ABSENT},null{ABSENT},null{ABSENT},null{ABSENT},null{ABSENT},null{ABSENT},null{ABSENT},null{ABSENT},null{ABSENT},null{ABSENT},null{ABSENT},null{ABSENT},null{ABSENT},null{ABSENT},null{ABSENT},null{ABSENT},null{ABSENT},null{ABSENT},null{ABSENT},null{ABSENT},null{ABSENT},null{ABSENT},null{ABSENT},null{ABSENT},null{ABSENT},null{ABSENT},null{ABSENT},null{ABSENT},null{ABSENT},null{ABSENT},null{ABSENT},null{ABSENT},null{ABSENT},null{ABSENT},null{ABSENT},null{ABSENT},null{ABSENT},null{ABSENT},null{ABSENT},null{ABSENT},null{ABSENT},null{ABSENT},null{ABSENT},null{ABSENT},null{ABSENT},null{ABSENT},null{ABSENT},null{ABSENT},null{ABSENT},null{ABSENT},null{ABSENT},null{ABSENT},null{ABSENT},null{ABSENT},null{ABSENT},null{ABSENT},null{ABSENT},null{ABSENT},null{ABSENT},null{ABSENT},null{ABSENT},null{ABSENT}
R6,,,,,,,,,,,,,,,,,,,,,,,,,,,,,,,,,,,,,,,,,,,,,,,,,,,,,,,,,,,,,,,,,,,,,,,,,,,,,,,,,,,,,,,,,,,,,,,,,,,,,,,,,,,,,,,,,,,,,,,,,,,,,,,,,,
R7,,,,,,,,,,,,,,,,,,,,,,,,,,,,,,,,,,,,,,,,,,,,,,,,,,,,,,,,,,,,,,,,,,,,,,,,,,,,,,,,,,,,,,,,,,,,,,,,,,,,,,,,,,,,,,,,,,,,,,,,,,,,,,,,,,
R8,,,,,,,,,,,,,,,,,,,,,,,,,,,,,,,,,,,,,,,,,,,,,,,,,,,,,,,,,,,,,,,,,,,,,,,,,,,,,,,,,,,,,,,,,,,,,,,,,,,,,,,,,,,,,,,,,,,,,,,,,,,,,,,,,,
R9,,,,,,,,,,,,,,,,,,,,,,,,,,,,,,,,,,,,,,,,,,,,,,,,,,,,,,,,,,,,,,,,,,,,,,,,,,,,,,,,,,,,,,,,,,,,,,,,,,,,,,,,,,,,,,,,,,,,,,,,,,,,,,,,,,
R10,,,,,,,,,,,,,,,,,,,,,,,,,,,,,,,,,,,,,,,,,,,,,,,,,,,,,,,,,,,,,,,,,,,,,,,,,,,,,,,,,,,,,,,,,,,,,,,,,,,,,,,,,,,,,,,,,,,,,,,,,,,,,,,,,,
R11,,,,,,,,,,,,,,,,,,,,,,,,,,,,,,,,,,,,,,,,,,,,,,,,,,,,,,,,,,,,,,,,,,,,,,,,,,,,,,,,,,,,,,,,,,,,,,,,,,,,,,,,,,,,,,,,,,,,,,,,,,,,,,,,,,
R12,,,,,,,,,,,,,,,,,,,,,,,,,,,,,,,,,,,,,,,,,,,,,,,,,,,,,,,,,,,,,,,,,,,,,,,,,,,,,,,,,,,,,,,,,,,,,,,,,,,,,,,,,,,,,,,,,,,,,,,,,,,,,,,,,,
R13,,,,,,,,,,,,,,,,,,,,,,,,,,,,,,,,,,,,,,,,,,,,,,,,,,,,,,,,,,,,,,,,,,,,,,,,,,,,,,,,,,,,,,,,,,,,,,,,,,,,,,,,,,,,,,,,,,,,,,,,,,,,,,,,,,
R14,,,,,,,,,,,,,,,,,,,,,,,,,,,,,,,,,,,,,,,,,,,,,,,,,,,,,,,,,,,,,,,,,,,,,,,,,,,,,,,,,,,,,,,,,,,,,,,,,,,,,,,,,,,,,,,,,,,,,,,,,,,,,,,,,,
R15,,,,,,,,,,,,,,,,,,,,,,,,,,,,,,,,,,,,,,,,,,,,,,,,,,,,,,,,,,,,,,,,,,,,,,,,,,,,,,,,,,,,,,,,,,,,,,,,,,,,,,,,,,,,,,,,,,,,,,,,,,,,,,,,,,
R16,,,,,,,,,,,,,,,,,,,,,,,,,,,,,,,,,,,,,,,,,,,,,,,,,,,,,,,,,,,,,,,,,,,,,,,,,,,,,,,,,,,,,,,,,,,,,,,,,,,,,,,,,,,,,,,,,,,,,,,,,,,,,,,,,,
R17,,,,,,,,,,,,,,,,,,,,,,,,,,,,,,,,,,,,,,,,,,,,,,,,,,,,,,,,,,,,,,,,,,,,,,,,,,,,,,,,,,,,,,,,,,,,,,,,,,,,,,,,,,,,,,,,,,,,,,,,,,,,,,,,,,
R18,,,,,,,,,,,,,,,,,,,,,,,,,,,,,,,,,,,,,,,,,,,,,,,,,,,,,,,,,,,,,,,,,,,,,,,,,,,,,,,,,,,,,,,,,,,,,,,,,,,,,,,,,,,,,,,,,,,,,,,,,,,,,,,,,,
R19,,,,,,,,,,,,,,,,,,,,,,,,,,,,,,,,,,,,,,,,,,,,,,,,,,,,,,,,,,,,,,,,,,,,,,,,,,,,,,,,,,,,,,,,,,,,,,,,,,,,,,,,,,,,,,,,,,,,,,,,,,,,,,,,,,
R20,,,,,,,,,,,,,,,,,,,,,,,,,,,,,,,,,,,,,,,,,,,,,,,,,,,,,,,,,,,,,,,,,,,,,,,,,,,,,,,,,,,,,,,,,,,,,,,,,,,,,,,,,,,,,,,,,,,,,,,,,,,,,,,,,,
R21,,,,,,,,,,,,,,,,,,,,,,,,,,,,,,,,,,,,,,,,,,,,,,,,,,,,,,,,,,,,,,,,,,,,,,,,,,,,,,,,,,,,,,,,,,,,,,,,,,,,,,,,,,,,,,,,,,,,,,,,,,,,,,,,,,
R22,,,,,,,,,,,,,,,,,,,,,,,,,,,,,,,,,,,,,,,,,,,,,,,,,,,,,,,,,,,,,,,,,,,,,,,,,,,,,,,,,,,,,,,,,,,,,,,,,,,,,,,,,,,,,,,,,,,,,,,,,,,,,,,,,,
R23,,,,,,,,,,,,,,,,,,,,,,,,,,,,,,,,,,,,,,,,,,,,,,,,,,,,,,,,,,,,,,,,,,,,,,,,,,,,,,,,,,,,,,,,,,,,,,,,,,,,,,,,,,,,,,,,,,,,,,,,,,,,,,,,,,
R24,,,,,,,,,,,,,,,,,,,,,,,,,,,,,,,,,,,,,,,,,,,,,,,,,,,,,,,,,,,,,,,,,,,,,,,,,,,,,,,,,,,,,,,,,,,,,,,,,,,,,,,,,,,,,,,,,,,,,,,,,,,,,,,,,,
R25,,,,,,,,,,,,,,,,,,,,,,,,,,,,,,,,,,,,,,,,,,,,,,,,,,,,,,,,,,,,,,,,,,,,,,,,,,,,,,,,,,,,,,,,,,,,,,,,,,,,,,,,,,,,,,,,,,,,,,,,,,,,,,,,,,
R26,,,,,,,,,,,,,,,,,,,,,,,,,,,,,,,,,,,,,,,,,,,,,,,,,,,,,,,,,,,,,,,,,,,,,,,,,,,,,,,,,,,,,,,,,,,,,,,,,,,,,,,,,,,,,,,,,,,,,,,,,,,,,,,,,,
R27,,,,,,,,,,,,,,,,,,,,,,,,,,,,,,,,,,,,,,,,,,,,,,,,,,,,,,,,,,,,,,,,,,,,,,,,,,,,,,,,,,,,,,,,,,,,,,,,,,,,,,,,,,,,,,,,,,,,,,,,,,,,,,,,,,
R28,,,,,,,,,,,,,,,,,,,,,,,,,,,,,,,,,,,,,,,,,,,,,,,,,,,,,,,,,,,,,,,,,,,,,,,,,,,,,,,,,,,,,,,,,,,,,,,,,,,,,,,,,,,,,,,,,,,,,,,,,,,,,,,,,,
R29,,,,,,,,,,,,,,,,,,,,,,,,,,,,,,,,,,,,,,,,,,,,,,,,,,,,,,,,,,,,,,,,,,,,,,,,,,,,,,,,,,,,,,,,,,,,,,,,,,,,,,,,,,,,,,,,,,,,,,,,,,,,,,,,,,
R30,,,,,,,,,,,,,,,,,,,,,,,,,,,,,,,,,,,,,,,,,,,,,,,,,,,,,,,,,,,,,,,,,,,,,,,,,,,,,,,,,,,,,,,,,,,,,,,,,,,,,,,,,,,,,,,,,,,,,,,,,,,,,,,,,,
R31,,,,,,,,,,,,,,,,,,,,,,,,,,,,,,,,,,,,,,,,,,,,,,,,,,,,,,,,,,,,,,,,,,,,,,,,,,,,,,,,,,,,,,,,,,,,,,,,,,,,,,,,,,,,,,,,,,,,,,,,,,,,,,,,,,
R32,,,,,,,,,,,,,,,,,,,,,,,,,,,,,,,,,,,,,,,,,,,,,,,,,,,,,,,,,,,,,,,,,,,,,,,,,,,,,,,,,,,,,,,,,,,,,,,,,,,,,,,,,,,,,,,,,,,,,,,,,,,,,,,,,,
R33,,,,,,,,,,,,,,,,,,,,,,,,,,,,,,,,,,,,,,,,,,,,,,,,,,,,,,,,,,,,,,,,,,,,,,,,,,,,,,,,,,,,,,,,,,,,,,,,,,,,,,,,,,,,,,,,,,,,,,,,,,,,,,,,,,
R34,,,,,,,,,,,,,,,,,,,,,,,,,,,,,,,,,,,,,,,,,,,,,,,,,,,,,,,,,,,,,,,,,,,,,,,,,,,,,,,,,,,,,,,,,,,,,,,,,,,,,,,,,,,,,,,,,,,,,,,,,,,,,,,,,,
R35,,,,,,,,,,,,,,,,,,,,,,,,,,,,,,,,,,,,,,,,,,,,,,,,,,,,,,,,,,,,,,,,,,,,,,,,,,,,,,,,,,,,,,,,,,,,,,,,,,,,,,,,,,,,,,,,,,,,,,,,,,,,,,,,,,
R36,,,,,,,,,,,,,,,,,,,,,,,,,,,,,,,,,,,,,,,,,,,,,,,,,,,,,,,,,,,,,,,,,,,,,,,,,,,,,,,,,,,,,,,,,,,,,,,,,,,,,,,,,,,,,,,,,,,,,,,,,,,,,,,,,,
R37,,,,,,,,,,,,,,,,,,,,,,,,,,,,,,,,,,,,,,,,,,,,,,,,,,,,,,,,,,,,,,,,,,,,,,,,,,,,,,,,,,,,,,,,,,,,,,,,,,,,,,,,,,,,,,,,,,,,,,,,,,,,,,,,,,
R38,,,,,,,,,,,,,,,,,,,,,,,,,,,,,,,,,,,,,,,,,,,,,,,,,,,,,,,,,,,,,,,,,,,,,,,,,,,,,,,,,,,,,,,,,,,,,,,,,,,,,,,,,,,,,,,,,,,,,,,,,,,,,,,,,,
R39,,,,,,,,,,,,,,,,,,,,,,,,,,,,,,,,,,,,,,,,,,,,,,,,,,,,,,,,,,,,,,,,,,,,,,,,,,,,,,,,,,,,,,,,,,,,,,,,,,,,,,,,,,,,,,,,,,,,,,,,,,,,,,,,,,
R40,,,,,,,,,,,,,,,,,,,,,,,,,,,,,,,,,,,,,,,,,,,,,,,,,,,,,,,,,,,,,,,,,,,,,,,,,,,,,,,,,,,,,,,,,,,,,,,,,,,,,,,,,,,,,,,,,,,,,,,,,,,,,,,,,,
R41,,,,,,,,,,,,,,,,,,,,,,,,,,,,,,,,,,,,,,,,,,,,,,,,,,,,,,,,,,,,,,,,,,,,,,,,,,,,,,,,,,,,,,,,,,,,,,,,,,,,,,,,,,,,,,,,,,,,,,,,,,,,,,,,,,
R42,,,,,,,,,,,,,,,,,,,,,,,,,,,,,,,,,,,,,,,,,,,,,,,,,,,,,,,,,,,,,,,,,,,,,,,,,,,,,,,,,,,,,,,,,,,,,,,,,,,,,,,,,,,,,,,,,,,,,,,,,,,,,,,,,,
R43,,,,,,,,,,,,,,,,,,,,,,,,,,,,,,,,,,,,,,,,,,,,,,,,,,,,,,,,,,,,,,,,,,,,,,,,,,,,,,,,,,,,,,,,,,,,,,,,,,,,,,,,,,,,,,,,,,,,,,,,,,,,,,,,,,
R44,,,,,,,,,,,,,,,,,,,,,,,,,,,,,,,,,,,,,,,,,,,,,,,,,,,,,,,,,,,,,,,,,,,,,,,,,,,,,,,,,,,,,,,,,,,,,,,,,,,,,,,,,,,,,,,,,,,,,,,,,,,,,,,,,,
R45,,,,,,,,,,,,,,,,,,,,,,,,,,,,,,,,,,,,,,,,,,,,,,,,,,,,,,,,,,,,,,,,,,,,,,,,,,,,,,,,,,,,,,,,,,,,,,,,,,,,,,,,,,,,,,,,,,,,,,,,,,,,,,,,,,
R46,,,,,,,,,,,,,,,,,,,,,,,,,,,,,,,,,,,,,,,,,,,,,,,,,,,,,,,,,,,,,,,,,,,,,,,,,,,,,,,,,,,,,,,,,,,,,,,,,,,,,,,,,,,,,,,,,,,,,,,,,,,,,,,,,,
R47,,,,,,,,,,,,,,,,,,,,,,,,,,,,,,,,,,,,,,,,,,,,,,,,,,,,,,,,,,,,,,,,,,,,,,,,,,,,,,,,,,,,,,,,,,,,,,,,,,,,,,,,,,,,,,,,,,,,,,,,,,,,,,,,,,
R48,,,,,,,,,,,,,,,,,,,,,,,,,,,,,,,,,,,,,,,,,,,,,,,,,,,,,,,,,,,,,,,,,,,,,,,,,,,,,,,,,,,,,,,,,,,,,,,,,,,,,,,,,,,,,,,,,,,,,,,,,,,,,,,,,,
R49,,,,,,,,,,,,,,,,,,,,,,,,,,,,,,,,,,,,,,,,,,,,,,,,,,,,,,,,,,,,,,,,,,,,,,,,,,,,,,,,,,,,,,,,,,,,,,,,,,,,,,,,,,,,,,,,,,,,,,,,,,,,,,,,,,
R50,,,,,,,,,,,,,,,,,,,,,,,,,,,,,,,,,,,,,,,,,,,,,,,,,,,,,,,,,,,,,,,,,,,,,,,,,,,,,,,,,,,,,,,,,,,,,,,,,,,,,,,,,,,,,,,,,,,,,,,,,,,,,,,,,,
R51,,,,,,,,,,,,,,,,,,,,,,,,,,,,,,,,,,,,,,,,,,,,,,,,,,,,,,,,,,,,,,,,,,,,,,,,,,,,,,,,,,,,,,,,,,,,,,,,,,,,,,,,,,,,,,,,,,,,,,,,,,,,,,,,,,
R52,,,,,,,,,,,,,,,,,,,,,,,,,,,,,,,,,,,,,,,,,,,,,,,,,,,,,,,,,,,,,,,,,,,,,,,,,,,,,,,,,,,,,,,,,,,,,,,,,,,,,,,,,,,,,,,,,,,,,,,,,,,,,,,,,,
R53,,,,,,,,,,,,,,,,,,,,,,,,,,,,,,,,,,,,,,,,,,,,,,,,,,,,,,,,,,,,,,,,,,,,,,,,,,,,,,,,,,,,,,,,,,,,,,,,,,,,,,,,,,,,,,,,,,,,,,,,,,,,,,,,,,
R54,,,,,,,,,,,,,,,,,,,,,,,,,,,,,,,,,,,,,,,,,,,,,,,,,,,,,,,,,,,,,,,,,,,,,,,,,,,,,,,,,,,,,,,,,,,,,,,,,,,,,,,,,,,,,,,,,,,,,,,,,,,,,,,,,,
R55,,,,,,,,,,,,,,,,,,,,,,,,,,,,,,,,,,,,,,,,,,,,,,,,,,,,,,,,,,,,,,,,,,,,,,,,,,,,,,,,,,,,,,,,,,,,,,,,,,,,,,,,,,,,,,,,,,,,,,,,,,,,,,,,,,
R56,,,,,,,,,,,,,,,,,,,,,,,,,,,,,,,,,,,,,,,,,,,,,,,,,,,,,,,,,,,,,,,,,,,,,,,,,,,,,,,,,,,,,,,,,,,,,,,,,,,,,,,,,,,,,,,,,,,,,,,,,,,,,,,,,,
R57,,,,,,,,,,,,,,,,,,,,,,,,,,,,,,,,,,,,,,,,,,,,,,,,,,,,,,,,,,,,,,,,,,,,,,,,,,,,,,,,,,,,,,,,,,,,,,,,,,,,,,,,,,,,,,,,,,,,,,,,,,,,,,,,,,
R58,,,,,,,,,,,,,,,,,,,,,,,,,,,,,,,,,,,,,,,,,,,,,,,,,,,,,,,,,,,,,,,,,,,,,,,,,,,,,,,,,,,,,,,,,,,,,,,,,,,,,,,,,,,,,,,,,,,,,,,,,,,,,,,,,,
R59,,,,,,,,,,,,,,,,,,,,,,,,,,,,,,,,,,,,,,,,,,,,,,,,,,,,,,,,,,,,,,,,,,,,,,,,,,,,,,,,,,,,,,,,,,,,,,,,,,,,,,,,,,,,,,,,,,,,,,,,,,,,,,,,,,
R60,,,,,,,,,,,,,,,,,,,,,,,,,,,,,,,,,,,,,,,,,,,,,,,,,,,,,,,,,,,,,,,,,,,,,,,,,,,,,,,,,,,,,,,,,,,,,,,,,,,,,,,,,,,,,,,,,,,,,,,,,,,,,,,,,,
R61,,,,,,,,,,,,,,,,,,,,,,,,,,,,,,,,,,,,,,,,,,,,,,,,,,,,,,,,,,,,,,,,,,,,,,,,,,,,,,,,,,,,,,,,,,,,,,,,,,,,,,,,,,,,,,,,,,,,,,,,,,,,,,,,,,
=Archaic Proto-Albanian,null{ABSENT},null{ABSENT},null{ABSENT},null{ABSENT},null{ABSENT},null{ABSENT},null{ABSENT},null{ABSENT},null{ABSENT},null{ABSENT},null{ABSENT},null{ABSENT},null{ABSENT},null{ABSENT},null{ABSENT},null{ABSENT},null{ABSENT},null{ABSENT},null{ABSENT},null{ABSENT},null{ABSENT},null{ABSENT},null{ABSENT},null{ABSENT},null{ABSENT},null{ABSENT},null{ABSENT},null{ABSENT},null{ABSENT},null{ABSENT},null{ABSENT},null{ABSENT},null{ABSENT},null{ABSENT},null{ABSENT},null{ABSENT},null{ABSENT},null{ABSENT},null{ABSENT},null{ABSENT},null{ABSENT},null{ABSENT},null{ABSENT},null{ABSENT},null{ABSENT},null{ABSENT},null{ABSENT},null{ABSENT},null{ABSENT},null{ABSENT},null{ABSENT},null{ABSENT},null{ABSENT},null{ABSENT},null{ABSENT},null{ABSENT},null{ABSENT},null{ABSENT},null{ABSENT},null{ABSENT},null{ABSENT},null{ABSENT},null{ABSENT},null{ABSENT},null{ABSENT},null{ABSENT},null{ABSENT},null{ABSENT},null{ABSENT},null{ABSENT},null{ABSENT},null{ABSENT},null{ABSENT},null{ABSENT},null{ABSENT},null{ABSENT},null{ABSENT},null{ABSENT},null{ABSENT},null{ABSENT},null{ABSENT},null{ABSENT},null{ABSENT},null{ABSENT},null{ABSENT},null{ABSENT},null{ABSENT},null{ABSENT},null{ABSENT},null{ABSENT},null{ABSENT},null{ABSENT},null{ABSENT},null{ABSENT},null{ABSENT},null{ABSENT},null{ABSENT},null{ABSENT},null{ABSENT},null{ABSENT},null{ABSENT},null{ABSENT},null{ABSENT},null{ABSENT},null{ABSENT},null{ABSENT},null{ABSENT},null{ABSENT},null{ABSENT},null{ABSENT},null{ABSENT},null{ABSENT},null{ABSENT},null{ABSENT},null{ABSENT},null{ABSENT},null{ABSENT},null{ABSENT},null{ABSENT},null{ABSENT},null{ABSENT},null{ABSENT},null{ABSENT},null{ABSENT},null{ABSENT},null{ABSENT},null{ABSENT},null{ABSENT},null{ABSENT},null{ABSENT}
R62,,,,,,,,*/ɦˌɑːˈerɑ/,,,,,*/ɦˈejsɑmmon/,,,,,,,,,,*/ɡˌɑwzˈɑːfon/,,,*/ɡrˈɑmmɑ/,,*/ɦˌɔːlˈenɑː/,*/kˌerɑsˈiːɑ/,,,,*/kˌɑpnˈi/,,,*/sˈɑrkon/,,*/sˈɑːsis/,*/skˈɑlmɑːn/,*/skˈɑripʰɑ/,,*/skˈɑːpon/,*/skˌɑmpˈiːnon/,,*/stˈɑmnɑ/,*/stˈeripʰɑ/,,*/spˈɑron/,*/spˈɑrɡɑnon/,*/spˈɑrtɑ/,*/spˈɛːlɑiɑ/,*/ɦˌɑspellˈon/,*/spˈonɡiɑ/,*/tʰˈipʰɑːn/,*/tˈomɑːron/,,,,*/tʰˈumbrɑː/,,*/dˌurrhˈɑcum/,*/drˈɑɡmɑː/,*/drˈɑpɑnon/,*/drˈiwɑston/,,,,,*/ɦˌɑjɡiɑlˈon/,*/diˈɑːmeron/,,,,*/ɦˌɑjd͡zˈiːd͡zɑː/,,,,*/nɑiːssˈon/,,*/lˈɑkʰɑnon/,,,*/lˌekˈɑnɛːn/,,*/ɦelɛːwˈɑːnioː/,*/lˈuːmɑ/,,,*/ɦˌɑrˈenton/,,,,,,,*/pˈɑwlɑ/,,,,,,*/pˈelɑɡon/,,,,,,*/prˈɑson/,*/brˈoːtɑkʰon/,*/brˈukɑː/,,,,,,,,,,*/mˈɑrɑdrion/,*/mˈɑtɛː/,*/mˌɑlˈɑɡɑː/,*/mˌɑstˈikʰinon/,*/mˌɑnˈiːɑ/,*/mˈɑrɑdriɑ/,*/mˈɑnɡɑnon/,,*/mˈitɑ/,*/mˌɑːkʰɑnˈɑː/,*/mˈɑːlɑ/
R63,,,,,,,,,,,,,,,,,,,,,,,,,,,,,,,,,,,,,,,,,,,,,,,,,,,,,,,,,,,,,,,,,,,,,,,,,,,,,,,,,,,,,,,,,,,,,,,,,,,,,,,,,,,,,,,,,,,,,,,,,,,,,,,,,,
R64,,,,,,,,,,*/ɦˈɛːrəmon/,,,,,,,,,,*/kˈɑltʰənɑ/,,*/kˌokkˈuməlon/,,,,,,,,,,,,,,,,,,*/skˈɑrəpʰɑ/,,,,,,*/stˈerəpʰɑ/,,,,,,,,,,,,,,,,,,,,,,,,*/diˈɑːməron/,,,,,,,,,,,,,,,,,,,,,,,,,,,,,,,,,,,,,,,,,,,,,,,,,,,,,*/mˌɑstˈikʰənon/,,,,,,,
R65,,,,,,,,,,,,,,,,,,,,,,,,,,,,,,,,,,,,,,,,,,,,,,,,,,,,,,,,,,,,,,,,,,,,,,,,,,,,,,,,,,,*/ləkˈɑnɛːn/,,,,,,,,,,,,,,,,,,,,,,,,,,,,,,,,,,,,,,,,,,,,,,,
R66,,,,,,,,*/ˌɑːˈerɑ/,,*/ˈɛːrəmon/,,,*/ˈejsɑmmon/,,,,,,,,,,,,,,,*/ˌɔːlˈenɑː/,,,,,,,,,,,,,,,,,,,,,,,,*/ˌɑspellˈon/,,,,,,,,,,,,,,,,,*/ˌɑjɡiɑlˈon/,,,,,*/ˌɑjd͡zˈiːd͡zɑː/,,,,,,,,,,,*/elɛːwˈɑːnioː/,,,,*/ˌɑrˈenton/,,,,,,,,,,,,,,,,,,,,,,,,,,*/ˈorɡon/,,,,,,,,,,,,,,,
R67,,,,,,,,,,,,,,,,,,,,,,*/kɐkkˈuməlon/,,*/kɐrsɔːtˈon/,,,,,,,,,*/kɐpnˈi/,,,,*/sɐrˈittioː/,,,,,,*/skɐmpˈiːnon/,,,,,,,,,,,,,,,,,,,,,,,,,,,,,,,,,,,,,,,,,,,,,,,,,,,,,,,,,,,,,*/pʰɐlˈɑnɡon/,*/pʰɐlˈɑnɡɑ/,,,,,,,,,,,,,,,,,,,,,,,,*/mˌɑːkʰɐnˈɑː/,
R68,,,,,,,,,,,,,,,,,,,,,,,,,,,,,,,,,,,,,,,,,,,,,,,,,,,,,,,,,,,,,,,,,,,,,,,,,,,,,,,,,,,,,,,,,*/ɐrˈenton/,,,,,,,,,,,,,,,,,,,,,,,,,,,,,,,,,,,,,,,,,
R69,,,,,,,,,,,,,,,,,,,,,,*/kɐkkˈumbəlon/,,,,,,,,,,,,,,,,,,,,,,,,,,,,,,,,,,,,,,,,,,,,,,,,,,,,,,,,,,,,,,,,,,,,,,,,,,,,,,,,,,,,,,,,,,,,,,,,,,,,,,,,,,,,
R70,,,,,,,,,,,,,,,,,,,,,,,,,,,,,,,,,,,,,*/sɐrˈittjoː/,,,,,,,,,,,,,,*/spˈɛːlɑjɑ/,,*/spˈonɡjɑ/,,,,,,,,,,,,,,,,*/ˌɑjɡjɑlˈon/,*/djˈɑːməron/,,,,,,,,,,,,,,,*/elɛːwˈɑːnjoː/,,,,,,,,,,,,,,,,,,,,,,,,,,,,,,,,,,,*/mˈɑrɑdrjon/,,,,,*/mˈɑrɑdrjɑ/,,,,,
R71,,,,,,,,,,,,,,,,,,,,,,,,,,,,,,,,,,,,,,,,,,,,,,,,,,,,,,,,,,,,,,,,,,,,,,,,,,,,,,,,,,,,,,,,,,,,,,,,,,,,,,,,,,,,,,,,,,,,,,,,,,,,,,,,,,
R72,,,,,,,,,,,,,,,,,,,,,,,,,,,,,,,,,,,,,*/sɐrˈitcoː/,,,,,,,,,,,,,,,,*/spˈonɟɑ/,,,,,,,,,,,,,,,,*/ˌɑjɟɑlˈon/,*/ɟˈɑːməron/,,,,,,,,,,,,,,,,,,,,,,,,,,,,,,,,,,,,,,,,,,,,,,,,,,,,,,,,,,,,
R73,,,,,,,,,,,,,,,,,,,,,,,,,,,,,,,,,,,,,*/sɐrˈitt͡ʃoː/,,,,,,,,,,,,,,,,*/spˈond͡ʒɑ/,,,,,,,,*/dˌurrhˈɑt͡ʃum/,,,,,,,,*/ˌɑjd͡ʒɑlˈon/,*/d͡ʒˈɑːməron/,,,,,,,,,,,,,,,,,,,,,,,,,,,,,,,,,,,,,,,,,,,,,,,,,,,,,,,,,,,,
R74,,,,,,,,,,,,,,,,,,,,,,,,,,,,,,,,,,,,,,,,,,,,,,,,,,,,,,,,,,,,,,,,,,,,,,,,,,,,,,,,,,,,,,,,,,,,,,,,,,,,,,,,,,,,,,,,,,,,,,,,,,,,,,,,,,
R75,,,,,,,,,,,,,,,,,,,,,,,,,,,,,,,,,,,,,,,,,,,,,,,,,,,,,,,*/tˈomˈɑːron/,,,,,,,,,,,,,,,,,,,,,,,,,,,,,,,,,,,,,,,,,,,,,,,,,,,,,,,,,,,,,,,,,,,,,,,,,,,
R76,,,,,,,,,,,,,,,,,,,,,,,,,,,,,,,,,,,,,,,,,,,,,,,,,,,,,,,,,,*/trˌɑntˈɑfˈyllɔn/,,,,,,*/drˈiwˈɑston/,,,,,,,,,,,,,,,,,,,,,,,,,,,,,,,,,,,,,,,,,,,,,,,,,,,,,,,,*/mˈɑrˈɑdrjon/,,,,,*/mˈɑrˈɑdrjɑ/,,,,,
R77,,,,,,,,,,,,,,,,,,,,,,,,,,,,,,,,,,,,,,,,,,,,,,,,,,,,,,,*/tˌomˈɑːron/,,,*/trˌɑntˌɑfˈyllɔn/,,,,,,*/drˌiwˈɑston/,,,,,,,,,,,,,,,,,,,,,,,,,,,,,,,,,,,,,,,,,,,,,,,,,,,,,,,,*/mˌɑrˈɑdrjon/,,,,,*/mˌɑrˈɑdrjɑ/,,,,,
R78,,,,,,,,,,,,,,,,,,,,,,,,,,,,*/ˌɔːlˈenɑ/,,,,,,,,,,,*/skˈɑlmɑn/,,,,,,,,,,,,,,,*/tʰˈipʰɑn/,,,,,*/tʰˈumbrɑ/,,,*/drˈɑɡmɑ/,,,,,,,,,,,,*/ˌɑjd͡zˈiːd͡zɑ/,,,,,,,,,,,,,,,,,,,,,,,,,,,,,,,,,,,,*/brˈukɑ/,,,,,,,,,,,,*/mˌɑlˈɑɡɑ/,,,,,,,,
R79,,,,,,,,*/ˌɒːˈerɑ/,,,,,,,,,,,,,,,*/ɡˌɑwzˈɒːfon/,,,,,,,,,,,,,,,*/sˈɒːsis/,,,,*/skˈɒːpon/,,,,,,,,,,,,,*/tˌomˈɒːron/,,,,,,,,,,,,,,,*/d͡ʒˈɒːməron/,,,,,,,,,,,,,,,*/elɛːwˈɒːnjoː/,,,,,,,,,,,,,,,,,,,,,,,,,,,,,,,,,,,,,,,,,,,,*/mˌɒːkʰɐnˈɑː/,*/mˈɒːlɑ/
R80,,,,,,,,,,,,,,,,,,,,,,,,,,,,,,,,,,,,,,,,,,,,,,,,,,,,,,*/tʰˈepʰɑn/,,,,,,,,,,,,,,,,,,,,,,,,,,,,,,,,,,,,,,,,,,,,,,,,,,,,,,,,,,,,,,,,,,,,,*/mˌɑstˈekʰənon/,,,,,*/mˈetɑ/,,
R81,,,,,,,,,,,,,,,,,,,,,,,,,,,,,,,,,,,,,*/sɐrˈiːtt͡ʃoː/,*/sˈɒːsiːs/,,,,,,,,,,,,,,,,,,,,*/trˌɑntˌɑfˈyːllɔn/,,,,,,*/drˌiːwˈɑston/,,,,,,,,,,,,,,,,,,,,,,,,,,,,,,,,,,,,,,,,,,,,,,,,,,,,,,,,,,,,,,,,,,
R82,,,,,,,,,,,,,,,,,,,,,,,,,,,,,,,,,,,,,,,,,,,,,,,,,,,,,,,,,,,,,,,,,,,,,,,,,,,,,,,,,,,,,,,,,,,,,,,,,,,,,,,,,,,,,,,,,,,,,,,,*/mˌɑrrˈɑdrjon/,,,,,*/mˌɑrrˈɑdrjɑ/,,,,,
R83,,,,,,,,,,,,,,,,,,,,,,,,,,,,,,,,,,,,,,,,,*/skˈɑmbon/,,,,*/stˈɑmbɑ/,,,,,,,,,,,,,,,,,,,,,,,,,,,,,,,,,,,,,,,,,,,,,,,,,,,,,,,,,,,,,,,,,,,,,,,,,,,,,,,,,,,,,
R84,,,,,,,,,,,,,,,,,,,,,,,,,,,,,,,,,,,,,,,,,,,,,,,,,,,,,,,,,,,,,,,,,,,,,,,,,,,,,,,,,,,,,,,,,,,,,,,,,,,,,,,,,,,,,,,,,,,,,,,,,,,,,,,,,,
R85,,,,,,,,,,,,,,,,,,,,,,,,,,,,,,,,,,,,,,,,,,,,,,,,,,,,,,,,,,,,,,,,,,,,,,,,,,,,,,,,,,,,,,,,,,,,,,,,,,,,,,,,,,,,,,,,,,,,,,,,,,,,,,,,,,
=Classical Proto-Albanian,null{ABSENT},null{ABSENT},null{ABSENT},null{ABSENT},null{ABSENT},null{ABSENT},null{ABSENT},null*/ˌɒːˈerɑ/,null{ABSENT},null*/ˈɛːrəmon/,null{ABSENT},null{ABSENT},null*/ˈejsɑmmon/,null{ABSENT},null{ABSENT},null{ABSENT},null{ABSENT},null*/kˈɑntʰɑron/,null*/kˈɑltʰɑ/,null*/kˈɑltʰənɑ/,null{ABSENT},null*/kɐkkˈumbəlon/,null*/ɡˌɑwzˈɒːfon/,null*/kɐrsɔːtˈon/,null{ABSENT},null*/ɡrˈɑmmɑ/,null*/ɡˌɔːlˈoːn/,null*/ˌɔːlˈenɑ/,null*/kˌerɑsˈiːɑ/,null*/tˈermon/,null{ABSENT},null{ABSENT},null*/kɐpnˈi/,null{ABSENT},null{ABSENT},null*/sˈɑrkon/,null*/sɐrˈiːtt͡ʃoː/,null*/sˈɒːsiːs/,null*/skˈɑlmɑn/,null*/skˈɑrəpʰɑ/,null*/skˈɑmbon/,null*/skˈɒːpon/,null*/skɐmpˈiːnon/,null*/skʰˈiːnton/,null*/stˈɑmbɑ/,null*/stˈerəpʰɑ/,null{ABSENT},null*/spˈɑron/,null*/spˈɑrɡɑnon/,null*/spˈɑrtɑ/,null*/spˈɛːlɑjɑ/,null*/ˌɑspellˈon/,null*/spˈond͡ʒɑ/,null*/tʰˈepʰɑn/,null*/tˌomˈɒːron/,null{ABSENT},null{ABSENT},null*/trˌɑntˌɑfˈyːllɔn/,null*/tʰˈumbrɑ/,null*/dˈepon/,null*/dˌurrhˈɑt͡ʃum/,null*/drˈɑɡmɑ/,null*/drˈɑpɑnon/,null*/drˌiːwˈɑston/,null{ABSENT},null{ABSENT},null{ABSENT},null{ABSENT},null*/ˌɑjd͡ʒɑlˈon/,null*/d͡ʒˈɒːməron/,null{ABSENT},null{ABSENT},null{ABSENT},null*/ˌɑjd͡zˈiːd͡zɑ/,null{ABSENT},null{ABSENT},null{ABSENT},null*/nɑiːssˈon/,null{ABSENT},null*/lˈɑkʰɑnon/,null{ABSENT},null{ABSENT},null*/ləkˈɑnɛːn/,null{ABSENT},null*/elɛːwˈɒːnjoː/,null*/lˈuːmɑ/,null{ABSENT},null{ABSENT},null*/ɐrˈenton/,null{ABSENT},null{ABSENT},null{ABSENT},null{ABSENT},null{ABSENT},null{ABSENT},null*/pˈɑwlɑ/,null{ABSENT},null{ABSENT},null{ABSENT},null{ABSENT},null{ABSENT},null*/pˈelɑɡon/,null{ABSENT},null*/pʰɐlˈɑnɡon/,null*/pʰɐlˈɑnɡɑ/,null{ABSENT},null{ABSENT},null*/prˈɑson/,null*/brˈoːtɑkʰon/,null*/brˈukɑ/,null{ABSENT},null{ABSENT},null{ABSENT},null{ABSENT},null*/ˈorɡon/,null{ABSENT},null{ABSENT},null{ABSENT},null{ABSENT},null*/mˌɑrrˈɑdrjon/,null*/mˈɑtɛː/,null*/mˌɑlˈɑɡɑ/,null*/mˌɑstˈekʰənon/,null*/mˌɑnˈiːɑ/,null*/mˌɑrrˈɑdrjɑ/,null*/mˈɑnɡɑnon/,null{ABSENT},null*/mˈetɑ/,null*/mˌɒːkʰɐnˈɑː/,null*/mˈɒːlɑ/
R86,,,,,,,,,,,,,,,,,,,,,,,,,,,,,,,,,,,,,,,,,,,,,,,,,,,,,,,,,,,,,,,,,,,,,,,,,,,,,,,,,,,,,,,,,,,,,,,,,,,,,,,,*/pʰɐlˈɑŋɡon/,*/pʰɐlˈɑŋɡɑ/,,,,,,,,,,,,,,,,,,,,,*/mˈɑŋɡɑnon/,,,,
R87,,,,,,,,,,,,,,,,,,,,,,,,,,,,,,,,,,,,,,,,,,,,,,,,,,,,,,,,,,,,,,,,,,,,,,,,,,,,,,,,,,,,,,,,,,,,,,,,,,,,,,,,,,,,,,,,,,,,,,,,,,,,,,,,,,
R88,,,,,,,,,,,,,,,,,,,,,,,,,,,,,,,,,,,,,,,,,,,,,,,,,,,,,,,,,,,,,,,,,,,,,,,,,,,,,,,,,,,,,,,,,,,,,,,,,,,,,,,,,,,,,,,,,,,,,,,,,,,,,,,,,,
R89,,,,,,,,,,,,,,,,,,,,,,,,,,,,,,,,,,,,,,,,,,,,,,,,,,,,,,,,,,,,,,,,,,,,,,,,,,,,,,,,,,,,,,,,,,,,,,,,,,,,,,,,,,,,,,,,,,,,,,,,,,,,,,,,,,
R90,,,,,,,,,,,,,,,,,,,,,,,,,,,,,,,,,,,,,,,,,,,,,,,,,,,,,,,,,,,,,,,,,,,,,,,,,,,,,,,,,,,,,,,,,,,,,,,,,,,,,,,,,,,,,,,,,,,,,,,,,,,,,,,,,,
R91,,,,,,,,,,,,,,,,,,,,,,,,,,,,,,,,,,,,,,,,,,,,,,,,,,,,,,,,,,,,,,,,,,,,,,,,,,,,,,,,,,,,,,,,,,,,,,,,,,,,,,,,,,,,,,,,,,,,,,,,,,,,,,,,,,
R92,,,,,,,,,,,,,,,,,,,,,,,,,,,,,,,,,,,,,,,,,,,,,,,,,,,,,,,,,,,,,,,,,,,,,,,,,,,,,,,,,,,,,,,,,,,,,,,,,,,,,,,,,,,,,,,,,,,,,,,,,,,,,,,,,,
R93,,,,,,,,,,,,,,,,,,,,,,,,,,,,,,,,,,,,,,*/sˈɒːsiː/,,,,,,,,,,,,,,,,,,,,,,,,,,,,,,,,,,,,,,,,,,,,,,,,,,,,,,,,,,,,,,,,,,,,,,,,,,,,,,,,,,,,,,,,,,,,
R94,,,,,,,,,,*/ˈɛːrəmo/,,,*/ˈejsɑmmo/,,,,,*/kˈɑntʰɑro/,,,,*/kɐkkˈumbəlo/,*/ɡˌɑwzˈɒːfo/,,,,,,,*/tˈermo/,,,,,,*/sˈɑrko/,,,*/skˈɑlmɑ/,,*/skˈɑmbo/,*/skˈɒːpo/,*/skɐmpˈiːno/,*/skʰˈiːnto/,,,,*/spˈɑro/,*/spˈɑrɡɑno/,,,,,*/tʰˈepʰɑ/,*/tˌomˈɒːro/,,,*/trˌɑntˌɑfˈyːllɔ/,,*/dˈepo/,*/dˌurrhˈɑt͡ʃu/,,*/drˈɑpɑno/,*/drˌiːwˈɑsto/,,,,,,*/d͡ʒˈɒːməro/,,,,,,,,,,*/lˈɑkʰɑno/,,,*/ləkˈɑnɛː/,,,,,,*/ɐrˈento/,,,,,,,,,,,,,*/pˈelɑɡo/,,*/pʰɐlˈɑŋɡo/,,,,*/prˈɑso/,*/brˈoːtɑkʰo/,,,,,,*/ˈorɡo/,,,,,*/mˌɑrrˈɑdrjo/,,,*/mˌɑstˈekʰəno/,,,*/mˈɑŋɡɑno/,,,,
R95,,,,,,,,,,,,,,,,,,,,,,,,,,,,,,,,,,,,,,,,,,,,,,,,,,,,,*/spˈund͡ʒɑ/,,,,,,,,,,,,,,,,,,,,,,,,,,,,,,,,,,,,,,,,,,,,,,,,,,,,,,,,,,,,,,,,,,,,,,,,,,,,,
R96,,,,,,,,,,,,,,,,,,,,,,,,,,,,,,,,,,,,,,,,,,,,,,,,,,,,,,,*/tˌemːˈɒːro/,,,,,,,,,,,,,,,*/d͡ʒˈaːmːəro/,,,,,,,,,,,,,,,,,,,,,,,,,,,,,,,,,,,,,,,,,,,,,,,,,,,,,,,,,,,,
R97,,,,,,,,,,,,,,,,,,,,,,,,,,,,,,,,,,,,,,,,,,,,,,,,,,,,,,,,,,,,,,,,,,,,,,,,,,,,,,,,,,,,,,,,,,,,,,,,,,,,,,,,,,,,,,,,,,,,,,,,*/mˌɑrrˈɑdʎo/,,,,,*/mˌɑrrˈɑdʎɑ/,,,,,
R98,,,,,,,,,,,,,,,,,,,,,,,,,,,,,,,,,,,,,,,,,,,,,,,,,,,,,,,,,,,,,,,,,,,,,,,,,,,,,,,,,,,,,,,,,,,,,,,,,,,,,,,,,,,,,,,,,,,,,,,,,,,,,,,,,,
R99,,,,,,,,,,,,,,,,,,,,,,,,,,,,,,,,,,,,,,,,,,,,,,,,,,,,,,,,,,,,,,,,,,,,,,,,,,,,,,,,,,,,,,,,,,,,,,,,,,,,,,,,,,,,,,,,,,,,,,,,,,,,,,,,,,
R100,,,,,,,,,,,,,,,,,,,,,,,,,,,,,,,,,,,,,,,,,,,,,,,,,,,,,,,,,,,,,,,,,,,,,,,,,,,,,,,,,,,,,,,,,,,,,,,,,,,,,,,,,,,,,,,,,,,,,,,,,,,,,,,,,,
R101,,,,,,,,,,,,,,,,,,,,,,,,,,,,,,,,,,,,,,,,,,,,,,,,,,,,,,,,,,,,,,,,,,,,,,,,,,,,,,,,,,,,,,,,,,,,,,,,,,,,,,,,,,,,,,,,,,,,,,,,,,,,,,,,,,
R102,,,,,,,,,,,,,,,,,,,,,,,,,,,,,,,,,,,,,,,,,,,,,,,,,,,,,,,,,,,,,,,,,,,,,,,,,,,,,,,,,,,,,,,,,,,,,,,,,,,,,,,,,,,,,,,,,,,,,,,,,,,,,,,,,,
R103,,,,,,,,,,,,,,,,,,,,,,,,,,,,,,,,,,,,,,,,,,,,,,,,,,,,,,,,,,,,,,,,,,,,,,,,,,,,,,,,,,,,,,,,,,,,,,,,,,,,,,,,,,,,,,,,,,,,,,,,,,,,,,,,,,
R104,,,,,,,,,,,,,,,,,,,,,,,,,,,,,,,,,,,,,,,,,,,,,,,,,,,,,,,,,,,,,,,,,,,,,,,,,,,,,,,,,,,,,,,,,,,,,,,,,,,,,,,,,,,,,,,,,,,,,,,,,,,,,,,,,,
R105,,,,,,,,,,,,,,,,,,,,,,,,,,,,,,,,,,,,,,,,,,,,,,,,,,,,,,,,,,,,,,,,,,,,,,,,,,,,,,,,,,,,,,,,,,,,,,,,,,,,,,,,,,,,,,,,,,,,,,,,,,,,,,,,,,
R106,,,,,,,,,,,,,,,,,,,,,,,,,,,,,,,,,,,,,,,,,,,,,,,,,,,,,,,,,,,,,,,,,,,,,,,,,,,,,,,,,,,,,,,,,,,,,,,,,,,,,,,,,,,,,,,,,,,,,,,,,,,,,,,,,,
R107,,,,,,,,,,,,,,,,,,,,,,,,,,,,,,,,,,,,,,,,,,,,,,,,,,,,,,,,,,,,,,,,*/drˈiːwɑsto/,,,,,,,,,,,,,,,,,,,,,*/elˈɛːwɒːnjoː/,,,,,,,,,,,,,,,,,,,,,,,,,,,,,,,,,,,,,,,,,,,,,
R108,,,,,,,,,,,,,,,,,,,,,,,,,,,,,,,,,,,,,,,,,,,,,,,,,,,,,,,,,,,,,,,,,,,,,,,,,,,,,,,,,,,,,,,,,,,,,,,,,,,,,,,,,,,,,,,,,,,,,,,,,,,,,,,,,,
R109,,,,,,,,,,,,,,,,,,,,,,,,,,,,,,,,,,,,,,,,,,,,,,,,,,,,,,,,,,,,,*/dˌurrˈɑt͡ʃu/,,,,,,,,,,,,,,,,,,,,,,,,,,,,,,,,,,,,,,,,,,,,,,,,,,,,,,,,,,,,,,,,,,,,,
R110,,,,,,,,,,,,,,,,,,,,,,,,,,,,,,,,,,,,,,,,,,,,,,,,,,,,,,,,,,,,,,,,,,,,,,,,,,,,,,,,,,,,,,,,,,,,,,,,,,,,,,,,,,,,,,,,,,,,,,,,,,,,,,,,,,
R111,,,,,,,,,,,,,,,,,,,,,,,,,,,,,,,,,,,,,,,,,,,,,,,,,,,,,,,,,,,,,,,,,,,,,,,,,,,,,,,,,,,,,,,,,,,,,,,,,,,,,,,,,,,,,,,,,,,,,,,,,,,,,,,,,,
R112,,,,,,,,,,,,,,,,,,,,,,,,,,,,,,,,,,,,,,,,,,,,,,,,,,,,,,,,,,,,,,,,,,,,,,,,,,,,,,,,,,,,,,,,,,,,,,,,,,,,,,,,,,,,,,,,,,,,,,,,,,,,,,,,,*/mˈɒːkʰɐnˈɑː/,
R113,,,,,,,,,,,,,,,,,,,,,,,,*/kɐrsˈoːtˈon/,,,*/ɡˈoːlˈoːn/,,,,,,*/kˈɑpnˈi/,,,,,,,,,,,,,,,,,,,*/ˌɑspˈellˈon/,,,,,,,,,,,,,,,,,*/ˌɑjd͡ʒˈɑlˈon/,,,,,,,,,*/nɑˈiːssˈon/,,,,,,,,,,,,,,,,,,,,,,,,,,,,,,,,,,,,,,,,,,,,,,,,,,,*/mˈɒːkʰˈɑnˈɑː/,
R114,,,,,,,,,,,,,,,,,,,,,,,,,,,*/ɡˈɒːlˈoːn/,,,,,,,,,,,,,,,,,,,,,,,,,,,,,,,,,,,,,,,,,,,,,,,,,,,,,,,,,,,,,,,,,,,,,,,,,,,,,,,,,,,,,,,,,,,,,,,,,,,,,,,
R115,,,,,,,,,,,,,,,,,,,,,,,,,,,,,,,,,,,,,,,,,,,,,,,,,,,,,,,,,,,,,,,,,,,,,,,,,,,,,,,,,,,,,,,,,,,,,,,,,,,,,,,,,,,,,,,,,,,,,,,,,,,,,,,,,,
R116,,,,,,,,,,,,,,,,,,,,,,,,,,,,,,,,,,,,,,,,,,,,,,,,,,,,,,,,,,,,,,,,,,,,,,,,,,,,,,,,,,,,,,,,,,,,,,,,,,,,,,,,,,,,,,,,,,,,,,,,,,,,,,,,,,
R117,,,,,,,,,,,,,,,,,,,,,,,,,,,,,,,,,,,,,,,,,,,,,,,,,,,,,,,,,,,,,,,,,,,,,,,,,,,,,,,,,,,,,,,,,,,,,,,,,,,,,,,,,,,,,,,,,,,,,,,,,,,,,,,,,,
R118,,,,,,,,,,,,,,,,,,,,,,,,,,,,,,,,,,,,,,,,,,,,,,,,,,,,,,,,,,,,,,,,,,,,,,,,,,,,,,,,,,,,,,,,,,,,,,,,,,,,,,,,,,,,,,,,,,,,,,,,,,,,,,,,,,
R119,,,,,,,,*/ˌɒːˈɛrɑ/,,*/ˈɛːrəmɔ/,,,*/ˈɛjsɑmmɔ/,,,,,*/kˈɑntʰɑrɔ/,,,,*/kɐkkˈʊmbəlɔ/,*/ɡˌɑwzˈɒːfɔ/,*/kɐrsˈoːtˈɔn/,,,,*/ˌɔːlˈɛnɑ/,*/kˌɛrɑsˈiːɑ/,*/tˈɛrmɔ/,,,*/kˈɑpnˈɪ/,,,*/sˈɑrkɔ/,,,,,*/skˈɑmbɔ/,*/skˈɒːpɔ/,*/skɐmpˈiːnɔ/,*/skʰˈiːntɔ/,,*/stˈɛrəpʰɑ/,,*/spˈɑrɔ/,*/spˈɑrɡɑnɔ/,,,*/ˌɑspˈɛllˈɔn/,*/spˈʊnd͡ʒɑ/,*/tʰˈɛpʰɑ/,*/tˌɛmːˈɒːrɔ/,,,,*/tʰˈʊmbrɑ/,*/dˈɛpɔ/,*/dˌʊrrˈɑt͡ʃʊ/,,*/drˈɑpɑnɔ/,*/drˈiːwɑstɔ/,,,,,*/ˌɑjd͡ʒˈɑlˈɔn/,*/d͡ʒˈaːmːərɔ/,,,,,,,,*/nɑˈiːssˈɔn/,,*/lˈɑkʰɑnɔ/,,,,,*/ɛlˈɛːwɒːnjoː/,,,,*/ɐrˈɛntɔ/,,,,,,,,,,,,,*/pˈɛlɑɡɔ/,,*/pʰɐlˈɑŋɡɔ/,,,,*/prˈɑsɔ/,*/brˈoːtɑkʰɔ/,*/brˈʊkɑ/,,,,,*/ˈɔrɡɔ/,,,,,*/mˌɑrrˈɑdʎɔ/,,,*/mˌɑstˈɛkʰənɔ/,,,*/mˈɑŋɡɑnɔ/,,*/mˈɛtɑ/,,
R120,,,,,,,,,,,,,,,,,,,,,,,,,,,,,*/kˌɛrɑsˈiɑ/,,,,,,,,*/sɐrˈitt͡ʃoː/,*/sˈɒːsi/,,,,,*/skɐmpˈinɔ/,*/skʰˈintɔ/,,,,,,,,,,,,,,*/trˌɑntˌɑfˈyllɔ/,,,,,,*/drˈiwɑstɔ/,,,,,,,,,,*/ˌɑjd͡zˈid͡zɑ/,,,,*/nɑˈissˈɔn/,,,,,,,,,,,,,,,,,,,,,,,,,,,,,,,,,,,,,,,,,,,,,,*/mˌɑnˈiɑ/,,,,,,
R121,,,,,,,,,,,,,,,,,,,,,,,,,,,,,,,,,,,,,,,,,,,,,,,,,,,,,,,,,,,,,*/dˈʊrrˈɑt͡ʃʊ/,,,,,,,,,,,,,,,,,,,,,,,,,,,,,,,,,,,,,,,,,,,,,,,,,,,,,,,,,,,,,,,,,,,,,
R122,,,,,,,,,,,,,,,,,,,,,,,,*/kɐrsˈoːtɔn/,,,*/ɡˈɒːloːn/,,,,,,*/kˈɑpnɪ/,,,,,,,,,,,,,,,,,,,*/ˌɑspˈɛllɔn/,,,,,,,,,*/dˈʊrrɑt͡ʃʊ/,,,,,,,,*/ˌɑjd͡ʒˈɑlɔn/,,,,,,,,,*/nɑˈissɔn/,,,,,,,,,,,,,,,,,,,,,,,,,,,,,,,,,,,,,,,,,,,,,,,,,,,*/mˈɒːkʰɑnɑː/,
R123,,,,,,,,,,,,,,,,,,,,,,,,,,,,,,,,,,,,,,,,,,,,,,,,,,,,,,,,,,,,,,,,,,,,,,,,,,,,,,,,,,,,,,,,,,,,,,,,,,,,,,,,,,,,,,,,,,,,,,,,,,,,,,,,,,
R124,,,,,,,,,,*/ˈɛːrəmʊ/,,,*/ˈɛjsɑmmʊ/,,,,,*/kˈɑntʰɑrʊ/,,,,*/kɐkkˈʊmbəlʊ/,*/ɡˌɑwzˈɒːfʊ/,*/kɐrsˈoːtʊn/,,,*/ɡˈɒːlun/,*/ˌʊlˈɛnɑ/,,*/tˈɛrmʊ/,,,,,,*/sˈɑrkʊ/,*/sɐrˈitt͡ʃu/,,,,*/skˈɑmbʊ/,*/skˈɒːpʊ/,*/skɐmpˈinʊ/,*/skʰˈintʊ/,,,,*/spˈɑrʊ/,*/spˈɑrɡɑnʊ/,,,*/ˌɑspˈɛllʊn/,,,*/tˌɛmːˈɒːrʊ/,,,*/trˌɑntˌɑfˈyllʊ/,,*/dˈɛpʊ/,,,*/drˈɑpɑnʊ/,*/drˈiwɑstʊ/,,,,,*/ˌɑjd͡ʒˈɑlʊn/,*/d͡ʒˈaːmːərʊ/,,,,,,,,*/nɑˈissʊn/,,*/lˈɑkʰɑnʊ/,,,,,*/ɛlˈɛːwɒːnju/,,,,*/ɐrˈɛntʊ/,,,,,,,,,,,,,*/pˈɛlɑɡʊ/,,*/pʰɐlˈɑŋɡʊ/,,,,*/prˈɑsʊ/,*/brˈoːtɑkʰʊ/,,,,,,*/ˈɔrɡʊ/,,,,,*/mˌɑrrˈɑdʎʊ/,,,*/mˌɑstˈɛkʰənʊ/,,,*/mˈɑŋɡɑnʊ/,,,,
R125,,,,,,,,,,,,,,,,,,,,,,,,,,,,,,,,,,,,,,,,,,,,,,,,,,,,,,,,,,,,,,,,,,,,,,,,,,,,,,,,,,,,,,,,,,,,,,,,,,,,,,,,,,,,,,,,,,,*/ˈɒrɡʊ/,,,,,,,,,,,,,,,
R126,,,,,,,,,,,,,,,,,,,,,,,,,,,,,,,,,,,,,,,,,,,,,,,,,,,,,,,,,,*/trˌɑntˌɑfˈillʊ/,,,,,,,,,,,,,,,,,,,,,,,,,,,,,,,,,,,,,,,,,,,,,,,,,,,,,,,,,,,,,,,,,,,,,,,,
R127,,,,,,,,,,,,,,,,,,,,,,,,,,,,,,,,,,,,,,,,,,,,,,,,,,,,,,,,,,,,,,,,,,,,,,,,,,,,,,,,,,,,,,,,,,,,,,,,,,,,,,,,,,,,,,,,,,,,,,,,,,,,,,,,,,
R128,,,,,,,,,,,,,,,,,,,,,,,,,,,,,,,,,,,,,,,,,,,,,,,,,,,,,,,,,,,,,,,,,,,,,,,,,,,,,,,,,,,,,,,,,,,,,,,,,,,,,,,,,,,,,,,,,,,,,,,,,,,,,,,,,,
R129,,,,,,,,,,,,,,,,,,,,,,,,,,,,,,,,,,,,,,,,,,,,,,,,,,,,,,,,,,,,,,,,,,,,,,,,,,,,,,,,,,,,,,,,,,,,,,,,,,,,,,,,,,,,,,,,,,,,,,,,,,,,,,,,,,
R130,,,,,,,,,,,,,,,,,,,,,,,*/ɡˌɑwzˈɒfʊ/,,,,,,,,,,,,,,,,,,,,,,,,,,,,,,,,,,,,,,,,,,,,,,,,,,,,,,,,,,,,,,,,,,,,,,,,,,,,,,,,,,,,,,,,,,,,,,,,,,,,,,,,,,,
=Middle Proto-Albanian I,null{ABSENT},null{ABSENT},null{ABSENT},null{ABSENT},null{ABSENT},null{ABSENT},null{ABSENT},null*/ˌɒːˈɛrɑ/,null{ABSENT},null*/ˈɛːrəmʊ/,null{ABSENT},null{ABSENT},null*/ˈɛjsɑmmʊ/,null{ABSENT},null{ABSENT},null{ABSENT},null{ABSENT},null*/kˈɑntʰɑrʊ/,null*/kˈɑltʰɑ/,null*/kˈɑltʰənɑ/,null{ABSENT},null*/kɐkkˈʊmbəlʊ/,null*/ɡˌɑwzˈɒfʊ/,null*/kɐrsˈoːtʊn/,null{ABSENT},null*/ɡrˈɑmmɑ/,null*/ɡˈɒːlun/,null*/ˌʊlˈɛnɑ/,null*/kˌɛrɑsˈiɑ/,null*/tˈɛrmʊ/,null{ABSENT},null{ABSENT},null*/kˈɑpnɪ/,null{ABSENT},null{ABSENT},null*/sˈɑrkʊ/,null*/sɐrˈitt͡ʃu/,null*/sˈɒːsi/,null*/skˈɑlmɑ/,null*/skˈɑrəpʰɑ/,null*/skˈɑmbʊ/,null*/skˈɒːpʊ/,null*/skɐmpˈinʊ/,null*/skʰˈintʊ/,null*/stˈɑmbɑ/,null*/stˈɛrəpʰɑ/,null{ABSENT},null*/spˈɑrʊ/,null*/spˈɑrɡɑnʊ/,null*/spˈɑrtɑ/,null*/spˈɛːlɑjɑ/,null*/ˌɑspˈɛllʊn/,null*/spˈʊnd͡ʒɑ/,null*/tʰˈɛpʰɑ/,null*/tˌɛmːˈɒːrʊ/,null{ABSENT},null{ABSENT},null*/trˌɑntˌɑfˈillʊ/,null*/tʰˈʊmbrɑ/,null*/dˈɛpʊ/,null*/dˈʊrrɑt͡ʃʊ/,null*/drˈɑɡmɑ/,null*/drˈɑpɑnʊ/,null*/drˈiwɑstʊ/,null{ABSENT},null{ABSENT},null{ABSENT},null{ABSENT},null*/ˌɑjd͡ʒˈɑlʊn/,null*/d͡ʒˈaːmːərʊ/,null{ABSENT},null{ABSENT},null{ABSENT},null*/ˌɑjd͡zˈid͡zɑ/,null{ABSENT},null{ABSENT},null{ABSENT},null*/nɑˈissʊn/,null{ABSENT},null*/lˈɑkʰɑnʊ/,null{ABSENT},null{ABSENT},null*/ləkˈɑnɛː/,null{ABSENT},null*/ɛlˈɛːwɒːnju/,null*/lˈuːmɑ/,null{ABSENT},null{ABSENT},null*/ɐrˈɛntʊ/,null{ABSENT},null{ABSENT},null{ABSENT},null{ABSENT},null{ABSENT},null{ABSENT},null*/pˈɑwlɑ/,null{ABSENT},null{ABSENT},null{ABSENT},null{ABSENT},null{ABSENT},null*/pˈɛlɑɡʊ/,null{ABSENT},null*/pʰɐlˈɑŋɡʊ/,null*/pʰɐlˈɑŋɡɑ/,null{ABSENT},null{ABSENT},null*/prˈɑsʊ/,null*/brˈoːtɑkʰʊ/,null*/brˈʊkɑ/,null{ABSENT},null{ABSENT},null{ABSENT},null{ABSENT},null*/ˈɒrɡʊ/,null{ABSENT},null{ABSENT},null{ABSENT},null{ABSENT},null*/mˌɑrrˈɑdʎʊ/,null*/mˈɑtɛː/,null*/mˌɑlˈɑɡɑ/,null*/mˌɑstˈɛkʰənʊ/,null*/mˌɑnˈiɑ/,null*/mˌɑrrˈɑdʎɑ/,null*/mˈɑŋɡɑnʊ/,null{ABSENT},null*/mˈɛtɑ/,null*/mˈɒːkʰɑnɑː/,null*/mˈɒːlɑ/
R131,,,,,,,,,,,,,,,,,,,,,,,,*/kɐrsˈøːtʊn/,,,,,,,,,,,,,,,,,,,,,,,,,,,,,,,,,,,,,,,,,,,,,,,,,,,,,,,,,,,,,,*/lˈyːmɑ/,,,,,,,,,,,,*/prˌœːtɔɡˈɛnnɛːmɑ/,,,,,,,,,,,*/brˈøːtɑkʰʊ/,,,,,,,,,,,,,,,,,,*/mˌɛtˈøːxjɔ/,,,
R132,,,,,,,,,,,,,,,,,,,,,,,,,,,,,,,,,,,,,,,,,,,,,,,,,,,,,,,,,,,,,,,,,,,,,,,,,,,,,,,,,,,,,,,,,,,,,,,,,,,,,,,,,,,,,,,,,,,,,,,,,,,,,,,,,,
R133,,,,,,,,,,,,,,,,,,,,,,,,,,,,,,,,,,,,,,,,,,,,,,,,,,,,,,,,,,,,,,,,,,,,,,,,,,,,,,,,,,,,,,,,,,,,,,,,,,,,,,,,,,,,,,,,,,,,,,,,,,,,,,,,,,
R134,,,,,,,,,,,,,,,,,,*/kˈɑntɑrʊ/,*/kˈɑltɑ/,*/kˈɑltənɑ/,,,,,,,,,,,,,,,*/kˈylɔn/,,,,,*/skˈɑrəpɑ/,,,,*/skˈintʊ/,,*/stˈɛrəpɑ/,,,,,,,,*/tˈɛpɑ/,,,,,*/tˈʊmbrɑ/,,,,,,,,,,,,,,,,,,,,,*/lˈɑkɑnʊ/,*/lˈabrikon/,,,,,,,,,,,,,,,,,,,,,,,*/pɐlˈɑŋɡʊ/,*/pɐlˈɑŋɡɑ/,,,,*/brˈøːtɑkʊ/,,,,,,,,,,,,,,*/mˌɑstˈɛkənʊ/,,,,,,*/mˈɒːkɑnɑː/,
R135,,,,,,,,,,,,,,,,,,,,,,,,,,,,,,,,,,,,,,,,,,,,,,,,,,,,,,,,,,,,,,,,,,,,,,,,,,,,,,,,,,,,,,,,,,,,,,,,,,,,,,,,,,,,,,,,,,,,,,,,,,,,,,,,,,
R136,,,,,,,,,,,,,,,,,,,,,,,,,,,,,,,,,,,,,,,,,,,,,,,,,,,,,,,,,,,,,,,,,,,,,,,,,,,,,,,,,,,,,,,,,,,,,,,,,,,,,,,,,,,,,,,,,,,,,,,,,,,,,,,,,,
R137,,,,,,,,,,,,,,,,,,,,,,,,,,,,,,,,,,,,,,,,,,,,,,,,,,,,,,,,,,,,,,,,,,,,,,,,,,,,,,,,,,,,,,,,,,,,,,,,,,,,,,,,,,,,,,,,,,,,,,,,,,,,,,,,,,
R138,,,,,,,,,,,,,,,,,,,,,,,,,,,,,,,,,,,,,,,,,,,,,,,,,,,,,,,,,,,,,,,,,,,,,,,,,,,,,,,,,,,,,,,,,,,,,,,,,,,,,,,,,,,,,,,,,,,,,,,,,,,,,,,,,,
R139,,,,,,,,,,,,,,,,,,,,,,,,,,,,,,,,,,,,,,,,,,,,,,,,,,,,,,,,,,,,,,,,,,,,,,,,,,,,,,,,,,,,,,,,,,,,,,,,,,,,,,,,,,,,,,,,,,,,,,,,,,,,,,,,,,
R140,,,,,,,,,,,,,,,,,,,,,,,,,,,,,,,,,,,,,,,,,,,,,,,,,,,,,,,,,,,,,,,,,,,,,,,,,,,,,,,,,,,,,,,,,,,,,,,,,,,,,,,,,,,,,,,,,,,,,,,,,,,,,,,,,,
R141,,,,,,,,,,,,,,,,,,,,,,,,,,,,,,,,,,,,,,,,,,,,,,,,,,,,,,,,,,,,,,,,,,,,,,,,,,,,,,,,,,,,,*/ɛlˈɛːwɒːɲu/,,,,,,,,,,,,,,,,,,,,,,,,,,,,,,,,,,,,,,,,,,,,,
R142,,,,,,,,,,,,,,,,,,,,,,,,,,,,,,,,,,,,,,,,,,,,,,,,,,,,,,,,,,,,,,,,,,,,,,,,,,,,,,,,,,,,,,,,,,,,,,,,,,,,,,,,,,,,,,,,,,,,,,,,,,,,,,,,,,
R143,,,,,,,,,,,,,,,,,,,,,,,,,,,,,,,,,,,,,,,,,,,,,,,,,,,,,,,,,,,,,,,,,,,,,,,,,,,,,,,,,,,,,,,,,,,,,,,,,,,,,,,,,,,,,,,,,,,,,,,,,,,,,,,,,,
R144,,,,,,,,,,,,,,,,,,,,,,,,,,,,,,,,,,,,,,,,,,,,,,,,,,,,*/ˌɑspˈɛlːʊn/,,,,,,*/trˌɑntˌɑfˈilːʊ/,,,,,,,,,,,,,,,,,,,,,,,,,,,,,,,,,,,,,,,,*/prˌœːtɔɡˈɛnːɛːmɑ/,,,,,,,,,,,,,,,,,,,,,,,,,,,,,,,,
R145,,,,,,,,,,,,,,,,,,,,,,,,,,,,,,,,,,,,,,,,,,,,,,,,,,,,,,,,,,,,,,,,,,,,,,,,,,,,,,,,,,,,,,,,,,,,,,,,,,,,,,,,,,,,,,,,,,,,,,,,,,,,,,,,,,
R146,,,,,,,,,,,,,,,,,,,,,,,,,,,,,,,,,,,,,,,,,,,,,,,,,,,,,,,,,,,,,,,,,,,,,,,,,,,,,,,,,,,,,,,,,,,,,,,,,,,,,,,,,,,,,,,,,,,,,,,,,,,,,,,,,,
R147,,,,,,,,,,,,,,,,,,,,,,,,,,,,,,,,,,,,,,,,,,,,,,,,,,,,,,,,,,,,,,,,,,,,,,,,,,,,,,,,,,,,,,,,,,,,,,,,,,,,,,,,,,,,,,,,,,,,,,,,,,,,,,,,,,
R148,,,,,,,,,,,,,,,,,,,,,,,,,,,,,,,,,,,,,,,,,,,,,,,,,,,,,,,,,,,,,,,,,,,,,,,,,,,,,,,,,,,,,,,,,,,,,,,,,,,,,,,,,,,,,,,,,,,,,,,,,,,,,,,,,,
R149,,,,,,,,,,,,,,,,,,,,,,,,,,,,,,,,,,,,,,,,,,,,,,,,,,,,,,,,,,,,,,,,,,,,,,,,,,,,,,,,,,,,,,,,,,,,,,,,,,,,,,,,,,,,,,,,,,,,,,,,,,,,,,,,,,
R150,,,,,,,,*/ˌɒˈɛrɑ/,*/ˈɛxɔn/,*/ˈɛrəmʊ/,,,,,,,,,,,,,,*/kɐrsˈøtʊn/,,,*/ɡˈɒlun/,,,,,,,,,,,*/sˈɒsi/,,,,*/skˈɒpʊ/,,,,,,,,,*/spˈɛlɑjɑ/,,,,*/tˌɛmːˈɒrʊ/,,,,,,,,,,,,,,,*/d͡ʒˈamːərʊ/,,,,,,,,,,,,,*/ləkˈɑnɛ/,,*/ɛlˈɛwɒɲu/,*/lˈymɑ/,,,,,,,,,,,,*/prˌœtɔɡˈɛnːɛmɑ/,,,,,,,,,*/pˌarˈɛlon/,,*/brˈøtɑkʊ/,,,,,,,,,,*/ˌɑmˈɑrɑki/,,*/mˈɑtɛ/,,,,,,*/mˌɛtˈøxjɔ/,,*/mˈɒkɑnɑ/,*/mˈɒlɑ/
R151,,,,,,,,,,,,,,,,,,,,,,,,,,,,,,,,,,,,,,,,,,,,,,,,,,,,,,,,,,,,,,,,,,,,,,,,,,,,,,,,,,,,,,,,,,,,,,,,,,,,,,,,,,,,,,,,,,,,,,,,,,,,,,,,,,
R152,,,,,,,,,,,,,,,,,,,,,,,,,,,,,,,,,,,,,,,,,,,,,,,,,,,,,,,,,,,,,,,,,,,,,,,,,,,,,,,,,,,,,,,,,,,,,,,,,,,,,,,,,,,,,*/brˈøtkʊ/,,,,,,,,,,,,,,,,,,,,,
R153,,,,,,,,,,,,,,,,,,,,,,,,,,,,,,,,,,,,,,,,,,,,,,,,,,,,,,,,,,,,,,,,,,,,,,,,,,,,,,,,,*/lˈabrkon/,,,,,,,,,,,,,,,,,,,,,,,,,,,,,,,,,,,,,,,,,,,,,,,,,
R154,,,,,,,,,,,,,,,,,,,,,,,,,,,,,,,,,,,,,,,,,,,,,,,,,,,,,,,,,,,,,,,,,,,,,,,,,,,,,,,,,,,,,,,,,,,,,,,,,,,,,,,,,,,,,,,,,,,,,,,,,,,,,,,,,,
R155,,,,,,,,,,,,,,,,,,,,,,,,,,,,,,,,,,,,,,,,,,,,,,,,,,,,,,,,,,,,,,,,,,,,,,,,,,,,,,,,,,,,,,,,,,,,,,,,,,,,,,,,,,,,,,,,,,,,,,,,,,,,,,,,,,
R156,,,,,,,,,,,,,,,,,,,,,,,,,,,,,,,,,,,,,,,,,,,,,,,,,,,,,,,,,,,,,,,,,,,,,,,,,,,,,,,,,,,,,,,,,,,,,,,,,,,,,,,,,,,,,,,,,,,,,,,,,,,,,,,,,,
R157,,,,,,,,,,,,,,,,,,,,,,,,,,,,,,,,,,,,,,,,,,,,,,,,,,,,,,,,,,,,,,,,,,,,,,,,,,,,,,,,,,,,,,,,,,,,,,,,,,,,,,,,,,,,,,,,,,,,,,,,,,,,,,,,,,
R158,,,,,,,,,,,,,,,,,,,,,,,,,,,,,,,,,*/kˈepnɪ/,,,,,,,,,,,,,,,,,,,,,,,,,,,,,,,,,,,,,,,,,,,,,,,,,,,,,,,,,,,,,*/rˈepin/,,,,,,,,,,,,,,,,,,,,,,,,,,,,,,,,,,,,
R159,,,,,,,,,,,,,,,,,,,,,,,,,,,,,*/kˌɛrɑsˈijɑ/,,,,,,,,,,,,,,,,,,,,,,,,,,,,,,,,,,,,,,,,,,,,,,,,,,,,,,,,,,,,,,,,,,,,*/prˌykˈijɑ/,,,,,,,,,,,,,,,,,,,,,,,,,,,*/mˌɑnˈijɑ/,,,,,,
R160,,,,,,,,,,,,,,,,,,,,,,,,,,,,,,,,,,,,,,,,,,,,,,,,,,,,,,,,,,,,,,,,,,,,,,,,,,,,,,,,,,,,,,,,,,,,,,,,,,,,,,,,,,,,,,,,,,,,,,,,,,,,,,,,,,
R161,,,,,,,,,,,,,,,,,,,,,,,,,,,,,,,,,,,,,,,,,,,,,,,,,,,,,,,,,,,,,,,,,,,,,,,,,,,,,,,,,,,,,,,,,,,,,,,,,,,,,,,,,,,,,,,,,,,,,,,,,,,,,,,,,,
R162,,,,,,,,*/ˌɔˈɛrɑ/,,,,,,,,,,,,,,,*/ɡˌɑwzˈɔfʊ/,,,,*/ɡˈɔlun/,,,,,,,,,,,*/sˈɔsi/,,,,*/skˈɔpʊ/,,,,,,,,,,,,,*/tˌɛmːˈɔrʊ/,,,,,,,,,,,,,,,,,,,,,,,,,,,,,,*/ɛlˈɛwɔɲu/,,,,,,,,,,,,,,,,,,,,,,,,,,,,,,*/ˈɔrɡʊ/,,,,,,,,,,,,,,*/mˈɔkɑnɑ/,*/mˈɔlɑ/
R163,,,,,,,,,,,,,,,,,,,,,,,,,,,,,,,,,,,,,,,,,,,,,,,,,,,,,,,,,,,,,,,,,,,,,,,,,,,,,,,,,,,,,,,,,,,,,,,,,,,,,,,,,,,,,,,,,,,,,,,,,,,,,,,,,,
R164,,,,,,,,,,,,,,,,,,,,,,,,,,,,,,,,,,,,,,,,,,,,,,,,,,,,,,,,,,,,,,,,,,,,,,,,,,,,,,,,,,,,,,,*/lˈiβɑði/,,,,,,,,,,,,,,,,,,,,,,,,,,,,,,,,,,,,,,,,,,,
R165,,,,,,,,,,,,,,,,,,,,,,,,,,,,,,,,,,,,,,,,,,,,,,,,,,,,,,,,,,,,,,,,,,,,,,,,,,,,,,,,,*/lˈaːbrkon/,,,,,,,,,,,,,,,,,,,,,,,,,,,,,,,,,,,,,,,,,,,,,,,,,
R166,,,,,,,,,,,,,,,,,,,,,,,,,,,,,,,,,,,,,,,,,,,,,,,,,,,,,,,,,,,,,,,,,,,,,,,,,,,,,,,,,*/lˈaːrkon/,,,,,,,,,,,,,,,,,,,,,,,,,,,,,,,,,,,,,,,,,,,,,,,,,
R167,,,,,,,,,,,,,,,,,,,,,,,,,,,,,,,,,,,,,,,,,,,,,,,,,,,,,,,,,,,,,,,,,,,,,,,,,,,,,,,,,,,,,,,,,,,,,,,,,,,,,,,,,,,,,,,,,,,,,,,,,,,,,,,,,,
R168,,,,,,,,,,,,,,,,,,,,,,,,,,,,,,,,,,,,,,,,,,,,,,,,,,,,,,,,,,,,,,,,,,,,,,,,,,,,,,,,,,,,,,,,,,,,,,,,,,,,,,,,,,,,,,,,,,,,,,,,,,,,,,,,,,
R169,,,,,,,,,,,,,,,,,,,,,,,,,,,,,,,,,,,,,,,,,,,,,,,,,,,,,,,,,,,,,,,,,,,,,,,,,,,,,,,,,,,,,,,,,,,,,,,,,,,,,,,,,,,,,,,,,,,,,,,,,,,,,,,,,,
R170,,,,,,,,,,,,,,,,,,,,,,,,,,,,,,,,,,,,,,,,,,,,,,,,,,,,,,,,,,,,,,,,,,,,,,,,,,,,,,,,,,,,,,,,,,,,,,,,,,,,,,,,,,,,,,,,,,,,,,,,,,,,,,,,,,
R171,,,,,,,,,,,,,,,,,,,,,,,,,,,,,,,,,,,,,,,,,,,,,,,,,,,,,,,,,,,,,,,,,,,,,,,,,,,,,,,,,,,,,*/ɛlˈœːɔɲu/,,,,,,,,,,,,,,,,,,,,,,,,,,,,,,,,,,,,,,,,,,,,,
R172,,,,,,,,,,,,,,,,,,,,,,,,,,,,,,,,,,,,,,,,,,,,,,,,,,,,,,,,,,,,,,,,,,,,,,,,,,*/ˌɑjðˈiðɑ/,,,,,,,,,,,,,,,,,,,,,,,,,,,,,,,,,,,,,,,,,,,,,,,,,,,,,,,,
R173,,,,,,,,*/ˌoˈɛrɑ/,*/ˈɛxon/,*/ˈɛrəmu/,,,*/ˈɛjsɑmmu/,,,,,*/kˈɑntɑru/,,,*/kˌɑlˈoɡɛro/,*/kɐkkˈumbəlu/,*/ɡˌɑwzˈofu/,*/kɐrsˈøtun/,,,*/ɡˈolun/,*/ˌulˈɛnɑ/,,*/tˈɛrmu/,*/stˈɛfɑnon/,*/kˈɛfɑlon/,,,*/kˈylon/,*/sˈɑrku/,,*/sˈosi/,,,*/skˈɑmbu/,*/skˈopu/,*/skɐmpˈinu/,*/skˈintu/,,,,*/spˈɑru/,*/spˈɑrɡɑnu/,,,*/ˌɑspˈɛlːun/,*/spˈund͡ʒɑ/,,*/tˌɛmːˈoru/,,*/tˌɛtrˈɑnɡuron/,*/trˌɑntˌɑfˈilːu/,*/tˈumbrɑ/,*/dˈɛpu/,*/dˈurrɑt͡ʃu/,,*/drˈɑpɑnu/,*/drˈiwɑstu/,,,,,*/ˌɑjd͡ʒˈɑlun/,*/d͡ʒˈamːəru/,*/jozˈɛfo/,,,,,,*/ˌɑnˌɑfˈorɑ/,*/nɑˈissun/,,*/lˈɑkɑnu/,,*/ˌɛlemˈosinɑ/,,,*/ɛlˈøːoɲu/,,,,*/ɐrˈɛntu/,,,,,,*/rˈoɣɑ/,,,*/prˌøtoɡˈɛnːɛmɑ/,,,,*/pˈɛlɑɡu/,,*/pɐlˈɑŋɡu/,,,,*/prˈɑsu/,*/brˈøtku/,*/brˈukɑ/,,*/fˌɑkiˈolɑ/,,,*/ˈorɡu/,,,,,*/mˌɑrrˈɑdʎu/,,,*/mˌɑstˈɛkənu/,,,*/mˈɑŋɡɑnu/,*/mˌɛtˈøxjo/,,*/mˈokɑnɑ/,*/mˈolɑ/
R174,,,,,,,,,,,,,,,,,,,,,,,,,,,,,,,,,,,,,,,,,,,,,,,,,,,,,,,,,,,,,,,,,,,,,,,,,,,,,,,,,,,,,,,,,,,,,,,,,,,,,,,,,,,,,,,,*/fˌɑkjˈolɑ/,,,,,,,,,,,,,,,,,,
R175,,,,,,,,,,,,,,,,,,,,,,,,,,,,,,,,,,,,,,,,,,,,,,,,,,,,,,,,,,,,,,,,,,,,,,,,,,,,,,,,,,,,,,,,,,,,,,,,,,,,,,,,,,,,,,,,,,,,,,,,,,,,,,,,,,
R176,,,,,,,,,,,,,,,,,,,,,,,,,,,,,,,,,,,,,,,,,,,,,,,,,,,,,,,,,,,,,,,,,,,,,,,,,,,,,,,,,,,,,,,,,,,,,,,,,,,,,,,,,,,,,,,,,,,,,,,,,,,,,,,,,,
R177,,,,,,,,,,,,,,,,,,,,,,,,,,,,,,,,,,,,,,,,,,,,,,,,,,,,,,,,,,,,,,,,,,,,,,,,,,,,,,,,,,,,,,,,,,,,,,,,,,,,,,,,,,,,,,,,,,,,,,,,,,,,,,,,,,
R178,,,,,,,,,,,,,,,,,,,,,,,,,,,,,,,,,,,,,,,,,,,,,,,,,,,,,,,,,,,,,,,,,,,,,,,,,,,,,,,,,,,,,,,,,,,,,,,,,,,,,,,,,,,,,,,,,,,,,,,,,,,,,,,,,,
R179,,,,,,,,,,,,,,,,,,,,,,,,,,,,,,,,,,,,,,,,,,,,,,,,,,,,,,,,,,,,,,,,,,,,,,,,,,,,,,,,,,,,,,,,,,,,,,,,,,,,,,,,,,,,,,,,,,,,,,,,,,,,,,,,,,
R180,,,,,,,,,,,,,,,,,,,,,,,,,,,,,,,,,,,,,,,,,,,,,,,,,,,,,*/spˈud͡ʒɑ/,,,,,,,,,,,,,,,,,,,,,,,,,,,,,,,,,,,,,,,,,,,,,,,,,,,,,,,,,,,,,,,,,,,,,,,,,,,,,
=Middle Proto-Albanian II,null{ABSENT},null{ABSENT},null{ABSENT},null{ABSENT},null{ABSENT},null{ABSENT},null*/ˈɑɡrion/,null*/ˌoˈɛrɑ/,null*/ˈɛxon/,null*/ˈɛrəmu/,null{ABSENT},null{ABSENT},null*/ˈɛjsɑmmu/,null{ABSENT},null{ABSENT},null{ABSENT},null{ABSENT},null*/kˈɑntɑru/,null*/kˈɑltɑ/,null*/kˈɑltənɑ/,null*/kˌɑlˈoɡɛro/,null*/kɐkkˈumbəlu/,null*/ɡˌɑwzˈofu/,null*/kɐrsˈøtun/,null{ABSENT},null*/ɡrˈɑmmɑ/,null*/ɡˈolun/,null*/ˌulˈɛnɑ/,null*/kˌɛrɑsˈijɑ/,null*/tˈɛrmu/,null*/stˈɛfɑnon/,null*/kˈɛfɑlon/,null*/kˈepnɪ/,null{ABSENT},null*/kˈylon/,null*/sˈɑrku/,null*/sɐrˈitt͡ʃu/,null*/sˈosi/,null*/skˈɑlmɑ/,null*/skˈɑrəpɑ/,null*/skˈɑmbu/,null*/skˈopu/,null*/skɐmpˈinu/,null*/skˈintu/,null*/stˈɑmbɑ/,null*/stˈɛrəpɑ/,null*/stˈylɑ/,null*/spˈɑru/,null*/spˈɑrɡɑnu/,null*/spˈɑrtɑ/,null*/spˈɛlɑjɑ/,null*/ˌɑspˈɛlːun/,null*/spˈud͡ʒɑ/,null*/tˈɛpɑ/,null*/tˌɛmːˈoru/,null{ABSENT},null*/tˌɛtrˈɑnɡuron/,null*/trˌɑntˌɑfˈilːu/,null*/tˈumbrɑ/,null*/dˈɛpu/,null*/dˈurrɑt͡ʃu/,null*/drˈɑɡmɑ/,null*/drˈɑpɑnu/,null*/drˈiwɑstu/,null{ABSENT},null{ABSENT},null{ABSENT},null{ABSENT},null*/ˌɑjd͡ʒˈɑlun/,null*/d͡ʒˈamːəru/,null*/jozˈɛfo/,null{ABSENT},null{ABSENT},null*/ˌɑjðˈiðɑ/,null{ABSENT},null{ABSENT},null*/ˌɑnˌɑfˈorɑ/,null*/nɑˈissun/,null{ABSENT},null*/lˈɑkɑnu/,null*/lˈaːrkon/,null*/ˌɛlemˈosinɑ/,null*/ləkˈɑnɛ/,null{ABSENT},null*/ɛlˈøːoɲu/,null*/lˈymɑ/,null*/lˈiβɑði/,null{ABSENT},null*/ɐrˈɛntu/,null{ABSENT},null{ABSENT},null{ABSENT},null{ABSENT},null*/rˈepin/,null*/rˈoɣɑ/,null*/pˈɑwlɑ/,null*/prˌykˈijɑ/,null*/prˌøtoɡˈɛnːɛmɑ/,null{ABSENT},null{ABSENT},null{ABSENT},null*/pˈɛlɑɡu/,null*/plˈɑɣjɑ/,null*/pɐlˈɑŋɡu/,null*/pɐlˈɑŋɡɑ/,null{ABSENT},null*/pˌarˈɛlon/,null*/prˈɑsu/,null*/brˈøtku/,null*/brˈukɑ/,null{ABSENT},null*/fˌɑkjˈolɑ/,null{ABSENT},null{ABSENT},null*/ˈorɡu/,null{ABSENT},null{ABSENT},null{ABSENT},null*/ˌɑmˈɑrɑki/,null*/mˌɑrrˈɑdʎu/,null*/mˈɑtɛ/,null*/mˌɑlˈɑɡɑ/,null*/mˌɑstˈɛkənu/,null*/mˌɑnˈijɑ/,null*/mˌɑrrˈɑdʎɑ/,null*/mˈɑŋɡɑnu/,null*/mˌɛtˈøxjo/,null*/mˈɛtɑ/,null*/mˈokɑnɑ/,null*/mˈolɑ/
R181,,,,,,,,,,,,,,,,,,,,,,,,,,,,,,,,,,,,,,,,,,,,,,,,,,,,,,,,,,,,,,,,,,,,,,,,,,,,,,,,,,,,,,,,,,,,,,,,,,,,,,,,,,,,,,,,,,,,,,,,,,,,,,,,,,
R182,,,,,,,,,,,,,,,,,,,,,,,,,,,,,,,,,,,,,,,,,,,,,,,,,,,,,,,,,,,,,,,,,,,,,,,,,,,,,,,,,,,,,,,,,,,,,,,,,,,,,,,,,,,,,,,,,,,,,,,,,,,,,,,,,,
R183,,,,,,,,,,,,,,,,,,,,,,,,,,,,,,,,,,,,,,,,,,,,,,,,,,,,,,,,,,,,,,,,,,,,,,,,,,,,,,,,,,,,,,,,,,,,,,,,,,,,,,,,,,,,,,,,,,,,,,,,,,,,,,,,,,
R184,,,,,,,,,,,,,,,,,,,,,,,,,,,,,,,,,,,,,,,,,,,,,,,,,,,,,,,,,,,,,,,,,,,,,,,,,,,,,,,,,,,,,,,,,,,,,,,,,,,,,,,,,,,*/pərˈɛlon/,,,,,,,,,,,,,,,,,,,,,,,
R185,,,,,,,,,,,,,,,,,,,,,,,,,,,,*/ˌʊlˈanɑ/,,,,,,,,,,,,,,,,,,,,,,,,,,,,,,,,,,,,,,,,,,,,,,,,,,,,,,,,,,,,,,,,,,,,,,,,,,,,,,,,,,,,,,,,,,,,,,,,,,,,,,
R186,,,,,,,,,,,,,,,,,,,,,,,,,,,,*/ʊlˈanɑ/,,,,,,,,,,,,,,,,,,,,,,,,,,,,,,,,,,,,,,,,,,,,,,,,,,,,,,,,,,,,,,,,,,,,,,,,,,,,,,,,,,,,,,,,,,,,,,,,,,,,,,
R187,,,,,,,*/ˈɑɡrɪon/,,,,,,,,,,,,,,*/kˌɑlˈoɡɪro/,,,,,,,,,,,,,,,,,*/sˈosɪ/,,,,,,,,,,,,,,,,,,,,,,,,,,,,,,,,,,,,,,,,,,,,*/ˌɛlɪmˈosɪnɑ/,*/ləkˈɑnɪ/,,,,*/lˈiβɑðɪ/,,,,,,,*/rˈepɪn/,,,,*/prˌøtoɡˈɛnːɪmɑ/,,,,,,,,,,,,,,,,,,,,,*/ˌɑmˈɑrɑkɪ/,,*/mˈɑtɪ/,,,,,,,,,
R188,,,,,,,,,,,,,,,,,,,,,,,,,,,,,,,,,,,,,,,,,,,,,,,,,,,,,,,,,,,,,,,,,,,,,,,,,,,,,,,,,,,,,,,,,,,,,,,,,,,,,,,,,,,,,,,,,,,,,,,,,,,,,,,,,,
R189,,,,,,,,,,,,,,,,,,,,,,,,,,,,,,,,,,,,,,,,,,,,,,,,,,,,,,,,,,,,,,,,,,,,,,,,,,,,,,,,,,,,,,,,,,,,,,,,,,,,,,,,,,,,,,,,,,,,,,,,,,,,,,,,,,
R190,,,,,,,,,,,,,,,,,,,,,,,,,,,,,,,,,,,,,,,,,,,,,,,,,,,,,,,,,,,,,,,,,,,,,,,,,,,,,,,,,,,,,,,,,,,,,,,,,,,,,,,,,,,,,,,,,,,,,,,,,,,,,,,,,,
R191,,,,,,,,,,,,,,,,,,,,,,,,,,,,,,,,,,,,,,,,,,,,,,,,,,,,,,,,,,,,,,,,,,,,,,,,,,,,,,,,,,,,,,,,,,,,,,,,,,,,,,,,,,,,,,,,,,,,,,,,,,,,,,,,,,
R192,,,,,,,,,,,,,,,,,,,,,,,,,,,,,,,,,,,,,,,,,,,,,,,,,,,,,,,,,,,,,,,,,,,,,,,,,,,,,,,,,,,,,,,,,,,,,,,,,,,,,,,,,,,,,,,,,,,,,,,,*/mˌɑrrˈɑðʎu/,,,,,*/mˌɑrrˈɑðʎɑ/,,,,,
R193,,,,,,,,,,,,,,,,,,,,,,,,,,,,,,,,,,,,,,,,,,,,,,,,,,,,,,,,,,,,,,,,,,,,,,,,,,,,,,,,,,,,,,,,,,,,,,,,,,,,,,,,,,,,,,,,,,,,,,,,,,,,,,,,,,
R194,,,,,,,,,,,,,,,,,,,,,,,,,,,,,,,,,,,,,,,,,,,,,,,,,,,,,,,,,,,,,,,,,,,,,,,,,,,,,,,,,,,,,,,,,,,,,,,,,,,,,,,,,,,,,,,,,,,,,,,,,,,,,,,,,,
R195,,,,,,,,,,,,,,,,,,,,,,,,,,,,,,,,,,,,,,,,,,,,,,,,,,,,,,,,,,,,,,,,,,,,,,,,,,,,,,,,,,,,,,,,,,,,,,,,,,,,,,,,,,,,,,,,,,,,,,,,,,,,,,,,,,
R196,,,,,,,,,,,,,,,,,,,,,,,*/ɡˌɑβzˈofu/,,,,,,,,,,,,,,,,,,,,,,,,,,,,,,,,,,,,,,,,,*/drˈiβɑstu/,,,,,,,,,,,,,,,,,,,,,,,,,,,,,,,,*/pˈɑβlɑ/,,,,,,,,,,,,,,,,,,,,,,,,,,,,,,,,,,
R197,,,,,,,,,,,,,,,,,,,,,,,,,,,,,,,,,,,,,,,,,,,,,,,,,,,,,,,,,,,,,,,,,,,,,,,,,,,,,,,,,,,,,,,,,,,,,,,,,,,,,,,,,,,,,,,,,,,,,,,,,,,,,,,,,,
R198,,,,,,,,,,,,,,,,,,,,,,,,,,,,,,,,,,,,,,,,,,,,,,,,,,,,,,,,,,,,,,,,,,,,,,,,,,,,,,,,,,,,,,,,,,,,,,,,,,,,,,,,,,,,,,,,,,,,,,,,,,,,,,,*/mɪtˈøxjo/,,,
R199,,,,,,,,,,,,,,,,,,,,,,,*/ɡˌɑwzˈofu/,,,,,,,,,,,,,,,,,,,,,,,,,,,,,,,,,,,,,,,,,*/drˈiwɑstu/,,,,,,,,,,,,,,,,,,,,,,,*/lˈiwɑðɪ/,,,,,,,,,*/pˈɑwlɑ/,,,,,,,,,,,,,,,,,,,,,,,,,,,,,,,,,,
R200,,,,,,,,,,,,,,,,,,,,,,,,,,,,,,,,,,,,,,,,,,,,,,,,,,,,,,,,,,,,,,,,,,,,,,,,,,,,,,,,,,,,,,,,,,,,,,,,,,,,,,,,,,,,,,,,,,,,,,,,,,,,,,,,,,
R201,,,,,,,,,,,,,,,,,,,,,,,,,,,,,,,,,,,,,,,,,,,,,,,,,,,,,,,,,,,,,,,,,,,,,,,,,,,,,,,,,,,,,,,,,,,,,,,,,,,,,,,,,,,,,,,,,,,,,,,,,,,,,,,,,,
R202,,,,,,,,,,,,,,,,,,,,,,,,,,,,,,,,,,,,,,,,,,,,,,,,,,,,,,,,,,,,,,,,,,,,,,,,,,,,,,,,,,,,,,,,,,,,,,,,,,,,,,,,,,,,,,,,,,,,,,,,,,,,,,,,,,
R203,,,,,,,,,,,,,,,,,,,,,,,,,,,,,,,,,,,,,,,,,,,,,,,,,,,,,,,,,,,,,,,,,,,,,,,,,,,,,,,,,,,,,,,,,,,,,,,,,,,,,,,,,,,,,,,,,,,,,,,,,,,,,,,,,,
R204,,,,,,,,,,,,,,,,,,,,,,,,,,,,,,,,,,,,,,,,,,,,,,,,,,,,,,,,,,,,,,,,,,,,,,,,,,,,,,,,,,,*/ləkɪ̯ˈɑnɪ/,,,,,,,,,,,,,,,*/prˌøtoɡɪ̯ˈɛnːɪmɑ/,,,,,*/plɪ̯ˈɑɣjɑ/,,,,,,,,,,,,,,,,,,*/mɪ̯ˈɑtɪ/,,,,,,,,,
R205,,,,,,,,,,,,,,,,,,,,,,,,,,,,,,,,,,,,,,,,,,,,,,,,,,,,,,,,,,,,,,,,,,,,,,,,,,,,,,,,,,,,,,,,,,,,,,,,,,,,,,,,,,,,,,,,,,,,,,,,,,,,,,,,,,
R206,,,,,,,*/ɪ̯ˈɑɡrɪon/,,,,,,*/ɪ̯ˈɛjsɑmmu/,,,,,,,,,,,,,,,,,,,,,,,,,,,,,,,,,,,,,,,,,,,,,,,,,,,,,,,,,,,,,,,,,,,,,,,,,,,,,,,,,,,,,,,,,,,,,,,,,,,,,,,,,,,,,,,,,,,,,
R207,,,,,,,,,,,,,,,,,,,,,,,,,,,,,,,,,,,,,,,,,,,,,,,,,,,,,,,,,,,,,,,,,,,,,,,,,,,,,,,,,,,,,,,,,,,,,,,,,,,,,,,,,,,,,,,,,,,,,,,,,,,,,,,,,,
R208,,,,,,,,,,,,,,,,,,,,,,,,,,,,,,,,,,,,,,,,,,,,,,,,,,,,,,,,,,,,,,,,,,,,,,,,,,,,,,,,,,,,,,,,,,,,,,,,,,,,,,,,,,,,,,,,,,,,,,,,,,,,,,,,,,
R209,,,,,,,,,,,,,,,,,,,,,,,,,,,,,,,,,,,,,,,,,,,,,,,,,,,,,,,,,,,,,,,,,,,,,,,,,,,,,,,,,,,,,,,,,,,,,,,,,,,,,,,,,,,,,,,,,,,,,,,,,,,,,,,,,,
R210,,,,,,,,,,,,,,,,,,,,,,,,,,,,,,,,,,,,,,,,,,,,,,,,,,,,,,,,,,,,,,,,,,,,,,,,,,,,,,,,,,,,,,,,,,,,,,,,,,,,,,,,,,,,,,,,,,,,,,,,,,,,,,,,,,
R211,,,,,,,,,,,,,,,,,,,,,,,,,,,,,,,,,,,,,,,,,,,,,,,,,,,,,,,,,,,,,,,,,,,,,,,,,,,,,,,,,,,,,,,,,,,,,,,,,,,,,,,,,,,,,,,,,,,,,,,,,,,,,,,,,,
R212,,,,,,,,,,,,,,,,,,,,,,,,,,,,,*/kˌɛrɑsˈiɪ̯ɑ/,,,,,,,,,,,,,,,,,,,,,,*/spˈɛlɑɪ̯ɑ/,,,,,,,,,,,,,,,,,,,,,,,,,,,,,,,,,,,,,,,,,,,,,,*/prˌykˈiɪ̯ɑ/,,,,,,*/plɪ̯ˈɑɣɪ̯ɑ/,,,,,,,,,,,,,,,,,,,,,*/mˌɑnˈiɪ̯ɑ/,,,,,,
R213,,,,,,,,,,,,,,,,,,,,,,,,,,,,,,,,,,,,,,,,,,,,,,,,,,,,,,,,,,,,,,,,,,,,,,,,,,,,,,,,,,,,,,,,,,,,,,,,,,,,,,,,,,,,,,,,,,,,,,,,,,,,,,,,,,
R214,,,,,,,,,,,,,,,,,,,,,,,,,,,,,,,,,,,,,,,,,,,,,,,,,,,,,,,,,,,,,,,,,,,,,,,,,,,,,,,,,,,,,,,,,,,,,,,,,,,,,,,,,,,,,,,,,,,,,,,,,,,,,,,,,,
R215,,,,,,,,,,,,,,,,,,,,,,,,,,,,,,,,,,,,,,,,,,,,,,,,,,,,,,,,,,,,,,,,,,,,,,,,,,,,,,,,,,,,,,,,,,,,,,,,,,,,,,,,,,,,,,,,,,,,,,,,,*/mˈɑtɪ/,,,,,,,,,
R216,,,,,,,,,,,,,,,,,,,,,,,,,,,,,,,,,,,,,,,,,,,,,,,,,,,,,,,,,,,,,,,,,,,,,,,,,,,,,,,,,,,,,,,,,,,,,,,,,,,,,,,*/plˈɑɣɪ̯ɑ/,,,,,,,,,,,,,,,,,,,,,,,,,,,
R217,,,,,,,,,,,,,,,,,,,,,,,,,,,,,,,,,,,,,,,,,,,,,,,,,,,,,,,,,,,,,,,,,,,,,,,,,,,,,,,,,,,,,,,,,,,,,,,,,,,,,,,,,,,,,,,,,,,,,,,,,,,,,,,,,,
R218,,,,,,,,,,,,,,,,,,,,,*/kˌɑlˈoɟɪro/,,,,,,,,,,,,,,,,,,,,,,,*/scˈintu/,,,,,,,,,,,,,,,,,,,,,,,,,,,,,,,,,,,,,,,*/ləcɪ̯ˈɑnɪ/,,,,,,,,,,,,,,*/prˌycˈiɪ̯ɑ/,*/prˌøtoɟɪ̯ˈɛnːɪmɑ/,,,,,,,,,,,,,,*/fˌɑcjˈolɑ/,,,,,,,*/ˌɑmˈɑrɑcɪ/,,,,,,,,,,,
R219,,,,,,,,,,,,,,,,,,,,,,,,,,,,,,,,,,,,,,,,,,,,,,,,,,,,,,,,,,,,,,,,,,,,,,,,,,,,,,,,,,,,,,,,,,,,,,,,,,,,,,,,,,,,,,,,,,,,,,,,,,,,,,,,,,
R220,,,,,,,,,,,,,,,,,,,,,,,,,,,,,,,,,,,,,,,,,,,,,,,,,,,,,,,,,,,,,,,,,,,,,,,,,,,,,,,,,,,,,,,,,,,,,,,,,,,,,,,,,,,,,,,,,,,,,,,,,,,,,,,,,,
R221,,,,,,,,,,,,,,,,,,,,,,,,,,,,,,,,,,,,,,,,,,,,,,,,,,,,,,,,,,,,,,,,,,,,,,,,,,,,,,,,,,,,,,,,,,,,,,,,,,,,,,,,,,,,,,,,*/fˌɑcɪ̯ˈolɑ/,,,,,,,,,,,,,,,,,,
R222,,,,,,,,,,,,,*/ɪ̯ɪ̯ˈɛsɑmmu/,,,,,,,,,,,,,,,,,,,,,,,,,,,,,,,,,,,,,,,,,,,,,,,,,,,,,,,,*/ɪ̯ˌɑd͡ʒˈɑlun/,,,,,*/ɪ̯ˌɑðˈiðɑ/,,,,,,,,,,,,,,,,,,,,,,,,,,,,,,,,,,,,,,,,,,,,,,,,,,,,,,,,
R223,,,,,,,,,,,,,*/ɪ̯ˈɛsɑmmu/,,,,,,,,,,,,,,,,,,,,,,,,,,,,,,,,,,,,,,,,,,,,,,,,,,,,,,,,,,,,,,,,,,,,,,,,,,,,,,,,,,,,,,,,,,,,,,,,,,,,,,,,,,,,,,,,,,,,,
R224,,,,,,,*/ˈeɡrɪon/,,,,,,*/ˈisɑmmu/,,,,,,,,,,,,,,,,,,,,,,,,,,,,,,,,,,,,,,,,,,,,,,,,,,,,,,,,*/ˌed͡ʒˈɑlun/,,,,,*/ˌeðˈiðɑ/,,,,,,,,,*/ləcˈenɪ/,,,,,,,,,,,,,,,*/prˌøtoɟˈinːɪmɑ/,,,,,,,,,,,,,,*/fˌɑcˈølɑ/,,,,,,,,,,,,,,,,,,
R225,,,,,,,,,,,,,,,,,,,,,,,,,,,,,*/kˌɛrɑsˈijɑ/,,,,,,,,,,,,,,,,,,,,,,*/spˈɛlɑjɑ/,,,,,,,,,,,,,,,,,,,,,,,,,,,,,,,,,,,,,,,,,,,,,,*/prˌycˈijɑ/,,,,,,*/plˈɑɣjɑ/,,,,,,,,,,,,,,,,,,,,,*/mˌɑnˈijɑ/,,,,,,
R226,,,,,,,,,,,,,,,,,,,,,,,,,,,,,,,,,,,,,,,,,,,,,,,,,,,,,,,,,,,,,,,,,,,,,,,,,,,,,,,,,,,,,,,,,,,,,,,,,,,,,,,,,,,,,,,,,,,,,,,,,,,,,,,,,,
R227,,,,,,,,,,,,,,,,,,,,,,,,,,,,,,,,,,,,,,,,,,,,,,,,,,,,,,,,,,,,,,,,,,,,,,,,,,,,,,,,,,,,,,,,,,,,,,,,,,,,,,,,,,,,,,,,,,,,,,,,,,,,,,,,,,
R228,,,,,,,,,,,,,,,,,,,,,,,,,,,,,,,,,,,,,,,,,,,,,,,,,,,,,,,,,,,,,,,,,,,,,,,,,,,,,,,,,,,,,,,,,,,,,,,,,,,,,,,,,,,,,,,,,,,,,,,,,,,,,,,,,,
R229,,,,,,,,,,,,,,,,,,,,,,,,,,,,,,,,,,,,,,,,,,,,,,,,,,,,,,,,,,,,,,,,,,,,,,,,,,,,,,,,,,,,,,,,,,,,,,,,,,,,,,,,,,,,,,,,,,,,,,,,,,,,,,,,,,
R230,,,,,,,,,,,,,,,,,,,,,,,,,,,,,,,,,,,,,,,,,,,,,,,,,,,,,,,,,,,,,,,,,,,,,,,,,,,,,,,,,,,,,,,,,,,,,,,,,,,,,,,,,,,,,,,,,,,,,,,,,,,,,,,,,,
R231,,,,,,,,,,,,,,,,,,,,*/kˈɑltɑ̃ɾ̃ɑ/,,,,,,,,,,,*/stˈɛfɑ̃ɾ̃on/,,,,,,,,,,,,,,,,,,*/spˈɑrɡɑ̃ɾ̃u/,,,,,,,,,,,,,,*/drˈɑpɑ̃ɾ̃u/,,,,,,,,,,,,,,,,,*/lˈɑkɑ̃ɾ̃u/,,*/ˌɛlɪmˈosɑ̃ɾ̃ɑ/,,,,,,,,,,,,,,,,,,,,,,,,,,,,,,,,,,,,,,,,,*/mˌɑstˈɛkɑ̃ɾ̃u/,,,*/mˈɑŋɡɑ̃ɾ̃u/,,,*/mˈokɑ̃ɾ̃ɑ/,
R232,,,,,,,,,,,,,,,,,,,,,,,,,,,,,,,,,,,,,,,,,,,,,,,,,,,,,,,,,,,,,,,,,,,,,,,,,,,,,,,,,,,,,,,,,,,,,,,,,,,,,,,,,,,,,,,,,,,,,,,,,,,,,,,,,,
R233,,,,,,,,*/ˌoːˈɛrɑ/,,,,,,,,,,,,,,,,,,,,*/ɔːʷlˈanɑ/,,,,,,,,,,,,,,,,,,,,,,,,,,,,,,,,,,,,,,,,,,,,,,,,,,,,,,,,,,,,,,,,,,,,,,,,,,,,,,,,,,,,,,,,,,,,,,,,,,,,,,
R234,,,,,,,,,,,,,,,,,,,,,,,,,,,,,,,,,,,,,,,,,,,,,,,,,,,,,,,,,,,,,,,,,,,,,,,,,,,,,,,,,,,,,,,,,*/ɐːrˈɛntu/,,,,,,,,,,,,,,,,,,,,,,,,,,,,,,,,,,,,,,,,,
R235,,,,,,,,,,,,,,,,,,,,,,,,,,,,,,,,,,,,,,,,,,,,,,,,,,,,*/spˈɛlːun/,,,,,,,,,,,,,,,,,*/d͡ʒˈɑlun/,,,,,*/ðˈiðɑ/,,,*/nˌɑfˈorɑ/,,,,,*/lɪmˈosɑ̃ɾ̃ɑ/,,,*/lˈøːoɲu/,,,,,,,,,,,,,,,,,,,,,,,,,,,,,,,,,,*/mˈɑrɑcɪ/,,,,,,,,,,,
R236,,,,,,,,,,,,,,,,,,,,,,,,,,,,,,,,,,,,,,,,,,,,,,,,,,,,,,,,,,,,,,,,,,,,,,,,,,,,,,,,,,,,,,,,,,,,,,,,,,,,,,,,,,,,,,,,,,,,,,,,,,,,,,,,,,
R237,,,,,,,,,,,,,,,,,,,,,,,,,,,,,,,,,,,,,,,,,,,,,,,,,,,,,,,,,,,,,,,,,,,,,,,,,,,,,,,,,,,,,,,,,,,,,,,,,,,,,,,,,,,,,,,,,,,,,,,,,,,,,,,,,,
R238,,,,,,,,,,,,,,,,,,,,,,,,,,,,,,,,,,,,,,,,,,,,,,,,,,,,,,,,,,,,,,,,,,,,,,,,,,,,,,,,,,,,,,,,,,,,,,,,,,,,,,,,,,,,,,,,,,,,,,,,,,,,,,,,,,
R239,,,,,,,,,,,,,,,,,,,,,,,,,,,,,,,,,,,,,,,,,,,,,,,,,,,,,,,,,,,,,,,,,,,,,,,,,,,,,,,,,,,,,,,,,,,,,,*/rːˈepɪn/,*/rːˈoɣɑ/,,,,,,,,,,,,,,,,,,,,,,,,,,,,,,,,,,,
R240,,,,,,,,,,,,,,,,,,,,,,,,,,,,,,,,,,,,,,,,,,,,,,,,,,,,,,,,,,,,,,,,,,,,,,,,,,,,,,,,,,,,,,,,,,,,,,,,,,,,,,,,,,,,,,,,,,,,,,,,,,,,,,,,,,
R241,,,,,,,,,,,,,,,,,,,,,,,,,,,,,,,,,,,,,,,,,,,,,,,,,,,,,,,,,,,,,,,,,,,,,,,,,,,,,,,,,,,,,,,,,,,,,,,,,,,,,,,,,,,,,,,,,,,,,,,,,,,,,,,,,,
R242,,,,,,,,,,,,,,,,,,,,,,,,,,,,,,,,,,,,,,,,,,,,,,,,,,,,,,,,,,,,,,,,,,,,,,,,,,,,,,,,,,,,,,,,,,,,,,,,,,,,,,,,,,,,,,,,,,,,,,,,,,,,,,,*/mɪ̃tˈøxjo/,,,
R243,,,,,,,,,,,,,,,,,,,,,,,,,,,,,,,,,,,,,,,,,,,,,,,,,,,,,,,,,,,,,,,,,,,,,,,,,,,,,,,,,,,,,,,,,,,,,,,,,,,,,,,,,,,,,,,,,,,,,,,,,,,,,,,,,,
R244,,,,,,,,*/ˌoːˈɛra/,,,,,*/ˈisammu/,,,,,*/kˈantaru/,*/kˈalta/,*/kˈaltɑ̃ɾ̃a/,*/kˌalˈoɟɪro/,,*/ɡˌawzˈofu/,,,*/ɡrˈamma/,,*/ɔːʷlˈana/,*/kˌɛrasˈija/,,,*/kˈɛfalon/,,,,*/sˈarku/,,,*/skˈalma/,*/skˈarəpa/,*/skˈambu/,,,,*/stˈamba/,*/stˈɛrəpa/,*/stˈyla/,*/spˈaru/,*/spˈarɡɑ̃ɾ̃u/,*/spˈarta/,*/spˈɛlaja/,,*/spˈud͡ʒa/,*/tˈɛpa/,,,*/tˌɛtrˈanɡuron/,*/trˌantˌafˈilːu/,*/tˈumbra/,,*/dˈurrat͡ʃu/,*/drˈaɡma/,*/drˈapɑ̃ɾ̃u/,*/drˈiwastu/,,,,,*/d͡ʒˈalun/,,,,,*/ðˈiða/,,,*/nˌafˈora/,*/naˈissun/,,*/lˈakɑ̃ɾ̃u/,,*/lɪmˈosɑ̃ɾ̃a/,,,,*/lˈyma/,*/lˈiwaðɪ/,,,,,,,,*/rːˈoɣa/,*/pˈawla/,*/prˌycˈija/,*/prˌøtoɟˈinːɪma/,,,,*/pˈɛlaɡu/,*/plˈaɣja/,*/pɐlˈaŋɡu/,*/pɐlˈaŋɡa/,,,*/prˈasu/,,*/brˈuka/,,*/fˌacˈøla/,,,,,,,*/mˈaracɪ/,*/mˌarrˈaðʎu/,*/mˈatɪ/,*/mˌalˈaɡa/,*/mˌastˈɛkɑ̃ɾ̃u/,*/mˌanˈija/,*/mˌarrˈaðʎa/,*/mˈaŋɡɑ̃ɾ̃u/,,*/mˈɛta/,*/mˈokɑ̃ɾ̃a/,*/mˈola/
R245,,,,,,,,,,,,,,,,,,,,,,,,,,,,,,,,,,,,,,,,,,,,,,,,,,,,,,,,,,,,,,,,,,,,,,,,,,,,,,,,,,,,,,,,,,,,,,,,,,,,,,,,,,,,,,,,,,,,,,,,,,,*/mɪstˈɛkɑ̃ɾ̃u/,,,,,,,
R246,,,,,,,,,,,,,,,,,,,,,,,*/ɡəzˈofu/,,,,,,,,,,,,,,,,,,,,,,,,,,,,,,,,,,,,,,,,,,,,,,,,,,,,,,,,,,,,,,,,,,,,,,,,,,,,,,,,,,,,,,,,,,,,,,,,,,,,,,,,,,,
R247,,,,,,,,,,,,,,,,,,,,,,,,,,,,,,,,,,,,,,,,,,,,,,,,,,,,,,,,,,,,,,,,,,,,,,,,,,,,,,,,,,,,,,,,,,,,,,,,,,,,,,,,,,,,,,,,,,,,,,,,,,,,,,,,,,
=Late Proto-Albanian I,null{ABSENT},null{ABSENT},null{ABSENT},null{ABSENT},null{ABSENT},null{ABSENT},null*/ˈeɡrɪon/,null*/ˌoːˈɛra/,null*/ˈɛxon/,null*/ˈɛrəmu/,null{ABSENT},null{ABSENT},null*/ˈisammu/,null{ABSENT},null{ABSENT},null{ABSENT},null{ABSENT},null*/kˈantaru/,null*/kˈalta/,null*/kˈaltɑ̃ɾ̃a/,null*/kˌalˈoɟɪro/,null*/kɐkkˈumbəlu/,null*/ɡəzˈofu/,null*/kɐrsˈøtun/,null{ABSENT},null*/ɡrˈamma/,null*/ɡˈolun/,null*/ɔːʷlˈana/,null*/kˌɛrasˈija/,null*/tˈɛrmu/,null*/stˈɛfɑ̃ɾ̃on/,null*/kˈɛfalon/,null*/kˈepnɪ/,null{ABSENT},null*/kˈylon/,null*/sˈarku/,null*/sɐrˈitt͡ʃu/,null*/sˈosɪ/,null*/skˈalma/,null*/skˈarəpa/,null*/skˈambu/,null*/skˈopu/,null*/skɐmpˈinu/,null*/scˈintu/,null*/stˈamba/,null*/stˈɛrəpa/,null*/stˈyla/,null*/spˈaru/,null*/spˈarɡɑ̃ɾ̃u/,null*/spˈarta/,null*/spˈɛlaja/,null*/spˈɛlːun/,null*/spˈud͡ʒa/,null*/tˈɛpa/,null*/tˌɛmːˈoru/,null{ABSENT},null*/tˌɛtrˈanɡuron/,null*/trˌantˌafˈilːu/,null*/tˈumbra/,null*/dˈɛpu/,null*/dˈurrat͡ʃu/,null*/drˈaɡma/,null*/drˈapɑ̃ɾ̃u/,null*/drˈiwastu/,null{ABSENT},null{ABSENT},null{ABSENT},null{ABSENT},null*/d͡ʒˈalun/,null*/d͡ʒˈamːəru/,null*/jozˈɛfo/,null{ABSENT},null{ABSENT},null*/ðˈiða/,null{ABSENT},null{ABSENT},null*/nˌafˈora/,null*/naˈissun/,null{ABSENT},null*/lˈakɑ̃ɾ̃u/,null*/lˈaːrkon/,null*/lɪmˈosɑ̃ɾ̃a/,null*/ləcˈenɪ/,null{ABSENT},null*/lˈøːoɲu/,null*/lˈyma/,null*/lˈiwaðɪ/,null{ABSENT},null*/ɐːrˈɛntu/,null{ABSENT},null{ABSENT},null{ABSENT},null{ABSENT},null*/rːˈepɪn/,null*/rːˈoɣa/,null*/pˈawla/,null*/prˌycˈija/,null*/prˌøtoɟˈinːɪma/,null{ABSENT},null{ABSENT},null{ABSENT},null*/pˈɛlaɡu/,null*/plˈaɣja/,null*/pɐlˈaŋɡu/,null*/pɐlˈaŋɡa/,null{ABSENT},null*/pərˈɛlon/,null*/prˈasu/,null*/brˈøtku/,null*/brˈuka/,null{ABSENT},null*/fˌacˈøla/,null{ABSENT},null{ABSENT},null*/ˈorɡu/,null{ABSENT},null{ABSENT},null{ABSENT},null*/mˈaracɪ/,null*/mˌarrˈaðʎu/,null*/mˈatɪ/,null*/mˌalˈaɡa/,null*/mɪstˈɛkɑ̃ɾ̃u/,null*/mˌanˈija/,null*/mˌarrˈaðʎa/,null*/mˈaŋɡɑ̃ɾ̃u/,null*/mɪ̃tˈøxjo/,null*/mˈɛta/,null*/mˈokɑ̃ɾ̃a/,null*/mˈola/
R248,,,,,,,,,,,,,,,,,,,,,,,,,,,,,,,,,,,,,,,,,,,,,,,,,,,,,,,,,,,,,,,,,,,,,,,,,,,,,,,,,,,,,,,,,,,,,,,,,,,,,,,,,,,,,,,,,,,,,,,,,,,,,,,,,,
R249,,,,,,,,,,,,,,,,,,,,,,,,,,,,,,,,,,,,,,,,,,,,,,,,,,,,,,,,,,,,,,,,,,,,,,,,,,,,,,,,,,,,,,,,,,,,,,,,,,,,,,,,,,,,,,,,,,,,,,,,,,,,,,,,,,
R250,,,,,,,,,,,,,,,,,,,,,,,,,,,,,,,,,,,,,,,,,,,,,,,,,,,,,,,,,,,,,,,,,,,,,,,,,,,,,,,,,,,,,,,,,,,,,,,,,,,,,,,,,,,,,,,,,,,,,,,,,,,,,,,,,,
R251,,,,,,,,,,,,,,,,,,,,,,,,,,,,,,,,,,,,,,,,,,,,,,,,,,,,,,,,,,,,,,,,,,,,,,,,,,,,,,,,,,,,,,,,,,,,,,,,,,,,,,,,,,,,,,,,,,,,,,,,,,,,,,,,,,
R252,,,,,,,,,,,,,,,,,,,,,,,,,,,,,,,,,,,,,,,,,,,,,,,,,,,,,,,,,,,,,,,,,,,,,,,,,,,,,,,,,,,,,,,,,,,,,,,,,,,,,,,,,,,,,,,,,,,,,,,,,,,,,,,,,,
R253,,,,,,,,,,,,,,,,,,,,,*/kˌalˠˈoɟɪro/,,,,,,,,,,,,,,,,,,*/skˈalˠma/,,,,,,,,,,,,,,,,,,,,,,,,,,,,,,,,,,,,,,,,,,,,,,,,,,,,,,,,,,,,,,,,,,,,,,,,,,,,,,,,,,,,,,,,,,,
R254,,,,,,,,,,,,,,,,,,,,,,,,,,,,,,,,,,,,,,,,,,,,,,,,,,,,,,,,,,,,,,,,,,,,,,,,,,,,,,,,,,,,,,,,,,,,,,,,,,,,,,,,,,,,,,,,,,,,,,,,,,,,,,,,,,
R255,,,,,,,,,,,,,,,,,,,,,,,,,,,,,,*/tjˈarmu/,,,,,,,,,,,,,,,,,,,,,,,,,,,,,,,,,,,,,,,,,,,,,,,,,,,,,,,,,,,,,,,,,,,,,,,,,,,,,,,,,,,,,,,,,,,,,,,,,,,,
R256,,,,,,,,,,,,,,,,,,,,,,,,,,,,,,,,,,,,,,,,,,,,,,,,,,,,,,,,,,,,,,,,,,,,,,,,,,,,,,,,,,,,,,,,,,,,,,,,,,,,,,,,,,,,,,,,,,,,,,,,,,,,,,,*/mintˈøxjo/,,,
R257,,,,,,,,,,,,,,,,,,,,,,,,,,,,,,,,,,,,,,,,,,,,,,,,,,,,,,,,,,,,,,,,,,,,,,,,,,,,,,,,,,,,,,,,,,,,,,,,,,,,,,,,,,,,,,,,,,,,,,,,,,,,,,,,,,
R258,,,,,,,,,,,,,,,,,,,,,,,,,,,,,,,,,,,,,,,,,,,,,,,,,,,,,,,,,,,,,,,,,,,,,,,,,,,,,,,,,,,,,,,,,,,,,,,,,,,,,,,,,,,,,,,,,,,,,,,,,,,,,,,,,,
R259,,,,,,,,,,,,,,,,,,,,,,,,,,,,,,,,,,,,,,,,,,,,,,,,,,,,,,,,,,,,,,,,,,,,,,,,,,,,,,,,,,,,,,,,,,,,,,,,,,,,,,,,,,,,,,,,,,,,,,,,,,,,,,,,,,
R260,,,,,,,,,,,,,,,,,,,,,,,,,,,,,,,,,,,,,,,,,,,,,,,,,,,,,,,,,,,,,,,,,,,,,,,,,,,,,,,,,,,,,,,,,,,,,,,,,,,,,,,,,,,,,,,,,,,,,,,,,,,,,,,,,,
R261,,,,,,,,,,,,,,,,,,,,,,,,,,,,,,,,,,,,,,,,,,,,,,,,,,,,,,,,,,,,,,,,*/drˈiwɪstu/,,,,,,,,,,,,,,,,,,,,,,,,,,,,,,,,,,,,,,,,,,,,,,,,,,,,,,,,,,,,,,,,,,
R262,,,,,,,,,,,,,,,,,,,,,,,,,,,,,,,,,,,,,,,,,,,,,,,,,,,,,,,,,,,,,,,,*/drˈiwstu/,,,,,,,,,,,,,,,,,,,,,,,,,,,,,,,,,,,,,,,,,,,,,,,,,,,,,,,,,,,,,,,,,,
R263,,,,,,,,,,,,,,,,,,,,,,,,,,,,,,,,,,,,,,,,,,,,,,,,,,,,,,,,,,,,,,,,,,,,,,,,,,,,,,,,,,,,,,,,,,,,,,,,,,,,,,,,,,,,,,,,,,,,,,,,,,,,,,,,,,
R264,,,,,,,,,,,,,,,,,,,,,,,,,,,,,,,,,,,,,,,,,,,,,,,,,,,,,,,,,,,,,,,,,,,,,,,,,,,,,,,,,,,,,,,,,,,,,,,,,,,,,,,,,,,,,,,,,,,,,,,,,,,,,,,,,,
R265,,,,,,,,,,,,,,,,,,,,,,,,,,,,,,,,,,,,,,,,,,,,,,,,,,,,,,,,,,,,,,,,,,,,,,,,,,,,,,,,,,,,,,,,,,,,,,,,,,,,,,,,,,,,,,,,,,,,,,,,,,,,,,,,,,
R266,,,,,,,,,,,,,,,,,,,,,,,,,,,,,,,,,,,,,,,,,,,,,,,,,,,,,,,,,,,,,,,,,,,,,,,,,,,,,,,,,,,,,,,*/lˈuə̯ðɪ/,,,,,,,,,,,,,,,,,,,,,,,,,,,,,,,,,,,,,,,,,,,
R267,,,,,,,,,,,,,,,,,,,,,,,,,,,,,,,,,,,,,,,,,,,,,,,,,,,,,,,,,,,,,,,,*/drˈiːstu/,,,,,,,,,,,,,,,,,,,,,,,,,,,,,,,,*/pˈaːla/,,,,,,,,,,,,,,,,,,,,,,,,,,,,,,,,,,
R268,,,,,,,,,,,,,,,,,,,,,,,,,,,,,,,,,,,,,,,,,,,,,,,,,,,,,,,,,,,,,,,,,,,,,,,,,,,,,,,,,,,,,,,,,,,,,,,,,,,,,,,,,,,,,,,,,,,,,,,,,,,,,,,,,,
R269,,,,,,,,,,,,,,,,,,,,,,,,,,,,,,,,,,,,,,,,,,,,,,,,,,,,,,,,,,,,,,,,,,,,,,,,,,,,,,,,,,,,,,,,,,,,,,,,,,,,,,,,,,,,,,,,,,,,,,,,,,,,,,,,,,
R270,,,,,,,,,,,,,,,,,,,,,,,,,,,,,,,,,,,,,,,,,,,,,,,,,,,,,,,,,,,,,,,,,,,,,,,,,,,,,,,,,,,,,,,,,,,,,,,,,,,,,,,,,,,,,,,,,,,,,,,,,,,,,,,,,,
R271,,,,,,,,,,,,,,,,,,,,,,,,,,,,,,,,,,,,,,,,,,,,,,,,,,,,,,,,,,,,,,,,,,,,,,,,,,,,,,,,,,,,,,,,,,,,,,,,,,,,,,,,,,,,,,,,,,,,,,,,,,,,,,,,,,
R272,,,,,,,,,,,,,,,,,,,,,,,,,,,,,,,,,,,,,,,,,,,,,,,,,,,,,,,,,,,,,,,,,,,,,,,,,,,,,,,,,,,,,,,,,,,,,,,,,,,,,,,,,,,,,,,,,,,,,,,,,,,,,,,,,,
R273,,,,,,,,,,,,,,,,,,,,,,,,,,,,,,,,,,,,,,,,,,,,,,,,,,,,,,,,,,,,,,,,,,,,,,,,,,,,,,,,,,,,,,,,,,,,,,,,,,,,,,,,,,,,,,,,,,,,,,,,,,,,,,,,,,
R274,,,,,,,,,,,,,,,,,,,,,,,,,,,,,,,,,,,,,,,,,,,,,,,,,,,,,,,,,,,,,,,,,,,,,,,,,,,,,,,,,,,,,,,,,,,,,,,,,,,,,,,,,,,,,,,,,,,,,,,,,,,,,,,,,,
R275,,,,,,,,,,,,,*/ˈiʃammu/,,,,,,,,,,,*/kɐrʃˈøtun/,,,,,*/kˌɛraʃˈija/,,*/ʃtˈɛfɑ̃ɾ̃on/,,,,,*/ʃˈarku/,*/ʃɐrˈitt͡ʃu/,*/ʃˈoʃɪ/,*/ʃkˈalˠma/,*/ʃkˈarəpa/,*/ʃkˈambu/,*/ʃkˈopu/,*/ʃkɐmpˈinu/,*/ʃcˈintu/,*/ʃtˈamba/,*/ʃtˈɛrəpa/,*/ʃtˈyla/,*/ʃpˈaru/,*/ʃpˈarɡɑ̃ɾ̃u/,*/ʃpˈarta/,*/ʃpˈɛlaja/,*/ʃpˈɛlːun/,*/ʃpˈud͡ʒa/,,,,,,,,,,,*/drˈiːʃtu/,,,,,,,,,,,,,,*/naˈiʃʃun/,,,,*/lɪmˈoʃɑ̃ɾ̃a/,,,,,,,,,,,,,,,,,,,,,,,,,,*/prˈaʃu/,,,,,,,,,,,,,,,*/mɪʃtˈɛkɑ̃ɾ̃u/,,,,,,,
R276,,,,,,,,,,,,,,,,,,,,,,,,,,,,,,,,,,,,,,,,,,,,,,,,,,,,,,,,,,,,,,,,,,,,,,,,,,,,,,,,,,,,,,,,,,,,,,,,,,,,,,,,,,,,,,,,,,,,,,,,,,,,,,,,,,
R277,,,,,,,,,,,,,,,,,,,,,,*/kɑkkˈumbəlu/,,*/kɑrʃˈøtun/,,,,,,,,,,,,,*/ʃɑrˈitt͡ʃu/,,,,,,*/ʃkɑmpˈinu/,,,,,,,,,,,,,,,,,,,,,,,,,,,,,,,,,,,,,,,,,,,,,,,,,,,,,,,,,,,,,*/pɑlˈaŋɡu/,*/pɑlˈaŋɡa/,,,,,,,,,,,,,,,,,,,,,,,,,
R278,,,,,,,,,,,,,,,,,,,,,,,,,,,,,,,,,,,,,,,,,,,,,,,,,,,,,,,,,,,,,,,,,,,,,,,,,,,,,,,,,,,,,,,,,,,,,,,,,,,,,,,,,,,,,,,,*/fˌɐcˈøla/,,,,,,,,,,*/mˌɐlˈaɡa/,,,,,,,,
R279,,,,,,,,,,,,,,,,,,,,,,,,,,,,,,,,,,,,,,,,,,,,,,,,,,,,,,,,,,,,,,,,,,,,,,,,,,,,,,,,,,,,,,,,,,,,,,,,,,,,,,,,,,,,,,,,,,,,,,,,,,,,,,,,,,
R280,,,,,,,,,,,,,,,,,,,,,,,,,,,,,,,,,,,,,,,,,,,,,,,,,,,,,,,,,,,,,,,,,,,,,,,,,,,,,,,,,,,,,,,,,,,,,,,,,,,,,,,,,,,,,,,,,,,,,,,,,,,,,,,,,,
R281,,,,,,,,,,,,,,,,,,,,,,,,,,,,,,,,,,,,,,,,,,,,,,,,,,,,,,,,,,,,,,,,,,,,,,,,,,,,,,,,,,,,,,,,,,,,,,,,,,,,,,,,,,,,,,,,,,,,,,,,,,,,,,,,,,
R282,,,,,,,*/ˈeɡrɪɔn/,*/ˌɔːˈɛra/,*/ˈɛxɔn/,,,,,,,,,,,,*/kˌalˠˈɔɟɪrɔ/,,*/ɡəzˈɔfu/,*/kɑrʃˈœtun/,,,*/ɡˈɔlun/,,,,*/ʃtˈɛfɑ̃ɾ̃ɔn/,*/kˈɛfalɔn/,,,*/kˈylɔn/,,,*/ʃˈɔʃɪ/,,,,*/ʃkˈɔpu/,,,,,,,,,,,,,*/tˌɛmːˈɔru/,,*/tˌɛtrˈanɡurɔn/,,,,,,,,,,,,,,*/jɔzˈɛfɔ/,,,,,,*/nˌafˈɔra/,,,,*/lˈaːrkɔn/,*/lɪmˈɔʃɑ̃ɾ̃a/,,,*/lˈœːɔɲu/,,,,,,,,,,*/rːˈɔɣa/,,,*/prˌœtɔɟˈinːɪma/,,,,,,,,,*/pərˈɛlɔn/,,*/brˈœtku/,,,*/fˌɐcˈœla/,,,*/ˈɔrɡu/,,,,,,,,,,,,*/mintˈœxjɔ/,,*/mˈɔkɑ̃ɾ̃a/,*/mˈɔla/
R283,,,,,,,,,*/ˈɛːxɔn/,*/ˈɛːrəmu/,,,,,,,,,,,,,,,,,,,,,,,,,,,,,,,,,,,,,,,,,,,,,,,,,,,,,,,,,,,,,,,,,,,,,,,,,,,,,,,,,,,,,,,,,,,,,,,,,,,,,,,,,*/ˈɔːrɡu/,,,,,,,,,,,,,,,
R284,,,,,,,,,,,,,,,,,,,,,,,,,,,,,,,,,,,,,,,,,,,,,,,,,,,,,,,,,,,,,,,,,,,,,,,,,,,,,,,,,,,,,,,,,,,,,,,,,,,,,,,,,,,,,,,,,,,,,,,,,,,,,,,,,,
R285,,,,,,,,,,,,,,,,,,,,,,,,,,,,,,,,,,,,,,,,,,,,,,,,,,,,,,,,,,,,,,,,,,,,,,,,,,,,,,,,,,,,,,,,,,,,,,,,,,,,,,,,,,,,,,,,,,,,,,,,,,,,,,,,,,
R286,,,,,,,,,,,,,,,,,,,,,,,,,,,,,,,,,,,,,,,,,,,,,,,,,,,,,,*/tˈɛːpa/,,,,,,*/dˈɛːpu/,,,,,,,,,,,,,,,,,,,,,,,,,,,,,,,,,,,,,,,,,,,,,,,,,,,,,,,,,,,,,,,,,,,,*/mˈɛːta/,,
R287,,,,,,,,,,,,,,,,,,,,,,,,,,,,,,,,,,,,,,,,,,,,,,,,,,,,,,,,,,,,,,,,,,,,,,,,,,,,,,,,,,,,,,,,,,,,,,,,,,,,,,,,,,,,,,,,,,,,,,,,,,,,,,,,,,
R288,,,,,,,,*/ˌɔˈɛra/,,,,,,,,,,,,,,,,,,,,*/ʊlˈana/,,,,,,,,,,,,,,,,,,,,,,,,,,,,,,,,,,,,,,,,,,,,,,,,,,,,,,,,,,,,,*/ɐrˈɛntu/,,,,,,,,,,,,,,,,,,,,,,,,,,,,,,,,,,,,,,,,,
R289,,,,,,,,,,,,,,,,,,,,,,,,,,,,,,,,,,,,,,,,,,,,,,,,,,,,,,,,,,,,,,,,,,,,,,,,,,,,,,,,,,,,,,,,,,,,,,,,,,,,,,,,,,,,,,,,,,,,,,,,,,,,,,,,,,
R290,,,,,,,,,,,,,,,,,,,,,,,,,,,,,,,,,,,,,,,,,,,,,,,,,,,,,,,,,,,,,,,,,,,,,,,,,,,,,,,,,,,,,,,,,,,,,,,,,,,,,,,,,,,,,,,,*/fɐcˈœla/,,,,,,,,,,,,,,,,,,
R291,,,,,,,,,,,,,,,,,,,,,,*/kɑkˈumbəlu/,,,,,,,,,,,,,,,*/ʃɑrˈit͡ʃu/,,,,,,,,,,,,,,,,,,,,,,,,,,,,,,,,,,,,,,,,,*/naˈiʃun/,,,,,,,,,,,,,,,,,,,,,,,,,,,,,,,,,,,,,,,,,,,,,,,,,,,,
R292,,,,,,,,,,,,,,,,,,,,,,,,,,,,,,,,,,,,,,,,,,,,,,,,,,,,,,,,,,,,,,,,,,,,,,,,,,,,,,,,,,,,,,,,,,,,,,,,,,,,,,,,,,,,,,,,,,,,,,,,,,,,,,,,,,
R293,,,,,,,,,,,,,,,,,,,,,,,,,,,,,,,,,,,,,,,,,,,,,,,,,,,,,,,,,,,,,,,,,,,,,,,,,,,,,,,,,,,,,,,,,,,,,,,,,,,,,,,,,,,,,,,,,,,,,,,,,,,,,,,,,,
R294,,,,,,,*/ˈeɡɾɪɔn/,*/ˌɔˈɛɾa/,,*/ˈɛːɾəmu/,,,,,,,,*/kˈantaɾu/,,,*/kˌalˠˈɔɟɪɾɔ/,,,*/kɑɾʃˈœtun/,,*/ɡɾˈamma/,,,*/kˌɛɾaʃˈija/,*/tjˈaɾmu/,,,,,,*/ʃˈaɾku/,*/ʃɑɾˈit͡ʃu/,,,*/ʃkˈaɾəpa/,,,,,,*/ʃtˈɛɾəpa/,,*/ʃpˈaɾu/,*/ʃpˈaɾɡɑ̃ɾ̃u/,*/ʃpˈaɾta/,,,,,*/tˌɛmːˈɔɾu/,,*/tˌɛtɾˈanɡuɾɔn/,*/tɾˌantˌafˈilːu/,*/tˈumbɾa/,,*/dˈuɾɾat͡ʃu/,*/dɾˈaɡma/,*/dɾˈapɑ̃ɾ̃u/,*/dɾˈiːʃtu/,,,,,,*/d͡ʒˈamːəɾu/,,,,,,,*/nˌafˈɔɾa/,,,,*/lˈaːɾkɔn/,,,,,,,,*/ɐɾˈɛntu/,,,,,,,,*/pɾˌycˈija/,*/pɾˌœtɔɟˈinːɪma/,,,,,,,,,*/pəɾˈɛlɔn/,*/pɾˈaʃu/,*/bɾˈœtku/,*/bɾˈuka/,,,,,*/ˈɔːɾɡu/,,,,*/mˈaɾacɪ/,*/mˌaɾɾˈaðʎu/,,,,,*/mˌaɾɾˈaðʎa/,,,,,
R295,,,,,,,,,,,,,,,,,,,,,,,,,,,,,,,,,,,,,,,,,,,,,,,,,,,,,,,,,,,,,,,,,,,,,,,,,,,,,,,,,,,,,,,,,,,,,,,,,,,,,,,,,,,,,,,,,,,,,,,,,,,,,,,,,,
R296,,,,,,,,,,*/ˈɛːɾmu/,,,,,,,,,,,,,,,,,,,,,,,,,,,,,,,,,,,,,,,,,,,,,,,,,,,,,,,,,,,,,,,,,,,,,,,,,,,*/lˈœːɲu/,,,,,,,,,,,,,*/pɾˌœtɔɟˈinːma/,,,,,,,,,,,,,,,,,,,,,,,,,,,,,,,,
R297,,,,,,,,,,,,,,,,,,,,,,,,,,,,,*/cˌɛɾaʃˈija/,,,*/cˈɛfalɔn/,*/cˈepnɪ/,,*/cˈylɔn/,,,,,,,,,,,,,,,,,,,,,,,,,,,,,,,,,,,,,,,,,,,,,,,,,,,,,,,,,,,,,,,,,,,,,,,,,,,,,,,,,,,,,,,,,,,,,,,
R298,,,,,,,,*/ˌɔːˈɛɾa/,,,,,,,,,,,,,,,,,,,,,,,,,,,,,,,,,,,,,,,,,,,,,,,,,,,,,,,,,,,,,,,,,,,,,,,,,,,,,,,,,,,,,,,,,,,,,,,,,,,,,,,,,,,,,,,,,,,,,,,,,,
R299,,,,,,,,,,,,,,,,,,,,,,,,,,,,,,,,,,,,,,,,,,,,,,,,,,,,,,,,,,,,,,,,,,,,,,,,,,,,,,,,,,,,,,,,,,,,,,,,,,,,,,,,,,,,,,,,,,,,,,,,,,,,,,,,,,
R300,,,,,,,,,,,,,,,,,,,,,,,,,,,,,,,,,,,,,,,,,,,,,,,,,,,,,,,,,,,,,,,,,,,,,,,,,,,,,,,,,,,,,,,,,,,,,,,,,,,,,,,,,,,,,,,,,,,,,,,,,,,,,,,,,,
R301,,,,,,,*/ˈeɡɾɪn/,,,,,,,,,,,,,,,,,,,,,,,,,,,,,,,,,,,,,,,,,,,,,,,,,,,,,,,,,,,,,,,,,,,,,,,,,,,,,,,,,,,,,,,,,,,,,,,,,,,,,,,,,,,,,,,,,,,,,,,,,,,
R302,,,,,,,,,,,,,,,,,,,,,,,,,,,,,,,,,,,,,,,,,,,,,,,,,,,,,,,,,,,,,,,,,,,,,,,,,,,,,,,,,,,,,,,,,,,,,,,,,,,,,,,,,,,,,,,,,,,,,,,,,,,,,,,,,,
R303,,,,,,,,,,,,,,,,,,,,,,,,,,,,,,,,,,,,,,,,,,,,,,,,,,,,,,,,,,,,,,,,,,,,,,,,,,,,,,,,,,,,,,,,,,,,,,,,,,,,,,,,,,,,,,,,,,,,,,,,,,,,,,,,,,
R304,,,,,,,,,,,,,,,,,,,,,,,,,,,,,,,,,,,,,,,,,,,,,,,,,,,,,,,,,,,,,,,,,,,,,,,,,,,,,,,,,,,,,,,,,,,,,,,,,,,,,,,,,,,,,,,,,,,,,,,,,,,,,,,,,,
R305,,,,,,,,,,,,,,,,,,,,,,,,,,,,,,,,,,,,,,,,,,,,,,,,,,,,,,,,,,,,,,,,,,,,,,,,,,,,,,,,,,,,,,,,,,,,,,,,,,,,,,,,,,,,,,,,,,,,,,,,,,,,,,,,,,
R306,,,,,,,,,,,,,,,,,,,,,,,,,,,,,,,,,,,,,,,,,,,,,,,,,,,,,,,,,,,,,,,,,,,,,,,,,,,,,,,,,,,,,,,,,,,,,,,,,,,,,,,,,,,,,,,,,,,,,,,,,,,,,,,,,,
R307,,,,,,,,,,,,,,,,,,,,,,,,,,,,,,,,,,,,,,,,,,,,,,,,,,,,,,,,,,,,,,,,,,,,,,,,,,,,,,,,,,,,,,,,,,,,,,,,,,,,,,,,,,,,,,,,,,,,,,,,,,,,,,,,,,
R308,,,,,,,,,,,,,,,,,,,,,,,,,,,,,,,,,,,,,,,,,,,,,,,,,,,,,,,,,,,,,,,,,,,,,,,,,,,,,,,,,,,,,,,,,,,,,,,,,,,,,,,,,,,,,,,,,,,,,,,,,,,,,,,,,,
R309,,,,,,,,,,,,,,,,,,,,,,,,,,,,,,,,,,,,,,,,,,,,,,,,,,,,,,,,,,,,,,,,,,,,,,,,,,,,,,,,,,,,,,,,,,,,,,,,,,,,,,,,,,,,,,,,,,,,,,,,,,,,,,,,,,
R310,,,,,,,,,,,,,,,,,,,,,,,,,,,,,,,,,,,,,,,,,,,,,,,,,,,,,,,,,,,,,,,,,,,,,,,,,,,,,,,,,,,,,,,,,,,,,,,,,,,,,,,,,,,,,,,,,,,,,,,,,,,,,,,,,,
R311,,,,,,,,,,,,,,,,,,,,,,,,,,,,,,,,,,,,,,,,,,,,,,,,,,,,,,,,,,,,,,,,,,,,,,,,,,,,,,,,,,,,,,,,,,,,,,,,,,*/pɾˌœtɐɟˈinːma/,,,,,,,,,,,,,,,,,,,,,,,,,,,,,,,,
R312,,,,,,,,,,,,,,,,,,,,,,,,,,,,,,,,,,,,,,,,,,,,,,,,,,,,,,,,,,,,,,,,,,,,,,,,,,,,,,,,,,,,,,,,,,,,,,,,,,,,,,,,,,,,,,,,,,,,,,,,,,,,,,,,,,
R313,,,,,,,,,,,,,,,,,,,,,,,,,,,,,,,,,,,,,,,,,,,,,,,,,,,,,,,,,,,,,,,,,,,,,,,,,,,,,,,,,,,,,,,,,,,,,,,,,,,,,,,,,,,,,,,,,,,,,,,,,,,,,,,,,,
R314,,,,,,,,,,,,,,,,,,,,,,,,,,,,,,,,,,,,,,,,,,,,,,,,,,,,,,,,,,,,,,,,,,,,,,,,,,,,,,,,,,,,,,,,,,,,,,,,,,,,,,,,,,,,,,,,,,,,,,,,,,,,,,,,,,
R315,,,,,,,,,,,,,,,,,,,,,,,,,,,,*/ʊlˈaɾ̃a/,,,,,,,,,,,,,,,,,,,,,,,,,,,,,,,,,,,,,,,,,,,,,,,,,,,,,,,*/ləcˈeɾ̃ɪ/,,,,,,,,,,,,,,,,,,,,,,,,,,,,,,,,,,,,,,,,,*/mˌaɾ̃ˈija/,,,,,,
R316,,,,,,,,,,,,,,,,,,,,,,,,,,,,,,,,,,,,,,,,,,,,,,,,,,,,,,,,,,,,,,,,,,,,,,,,,,,,,,,,,,,,,,,,,,,,,,,,,,,,,,,,,,,,,,,,,,,,,,,,,,,,,,,,,,
R317,,,,,,,,,,,,,,,,,,,,,,,,,,,,,,,,,,,,,,,,,,,,,,,,,,,,,,,,,,,,,,,,,,,,,,,,,,,,,,,,,,,,,,,,,,,,,,,,,,,,,,,,,,,,,,,,,,,,,,,,,,,,,,,,,,
R318,,,,,,,,,,,,,,,,,,,,,,,,,,,,,,,,,,,,,,,,,,,,,,,,,,,,,,,,,,,,,,,,,,,,,,,,,,,,,,,,,,,,,,,,,,,,,,,,,,,,,,,,,,,,,,,,,,,,,,,,,,,,,,,,,,
R319,,,,,,,,,,,,,,,,,,,,,,,,,,,,,,,,,,,,,,,,,,,,,,,,,,,,,,,,,,,,,,,,,,,,,,,,,,,,,,,,,,,,,,,,,,,,,,,,,,,,,,,,,,,,,,,,,,,,,,,,,,,,,,,,,,
R320,,,,,,,,,,,,,,,,,,,,,,,,,,,,,,,,,,,,,,,,,,,,,,,,,,,,,,,,,,,,,,,,,,,,,,,,,,,,,,,,,,,,,,,,,,,,,,,,,,,,,,,,,,,,,,,,,,,,,,,,,,,,,,,,,,
R321,,,,,,,,,,,,,,,,,,,,,,*/kəkˈumbəlu/,,*/kəɾʃˈœtun/,,,,,*/cˌɛɾəʃˈija/,,,,,,,,*/ʃəɾˈit͡ʃu/,,,,,,*/ʃkəmpˈinu/,,,,,,,,,,,,,,,,,,,,,,,,,,,,,,,,,,,*/nəˈiʃun/,,,,,,,,,,,,,,,,,,,,*/pɾˌœtəɟˈinːma/,,,,,,*/pəlˈaŋɡu/,*/pəlˈaŋɡa/,,,,,,,*/fəcˈœla/,,,,,,,,,,,,,,,,,,
R322,,,,,,,,,,,,,,,,,,,,,,,,,,,,,,,,,,,,,,,,,,,,,,,,,,,,,,,,,,*/tɾəntˌafˈilːu/,,,,,,,,,,,,,,,,,,,,,,,,*/ləmˈɔʃɑ̃ɾ̃a/,,,,,,,,,,,,,,,,,,,,,,,,,,,,,,,,,,,,,,*/məɾɾˈaðʎu/,,,,*/məɾ̃ˈija/,*/məɾɾˈaðʎa/,,*/məntˈœxjɔ/,,,
R323,,,,,,,,,,,,,,,,,,,,,,,,,,,,,,,,,,,,,,,,,,,,,,,,,,,,,,,,,,,,,,,,,,,,,,,,,,,,,,,,,,,,,,,,,,,,,,,,,,,,,,,,,,,,,,,,,,,,,,,,,,,,,,,,,,
R324,,,,,,,,,,,,,,,,,,,,,,,,,,,,,,,,,,,,,,,,,,,,,,,,,,,,,,,,,,,,,,,,,,,,,,,,,,,,,,,,,,,,,,,,,,,,,,,,,,,,,,,,,,,,,,,,,,,,,,,,,,,,,,,,,,
R325,,,,,,,,,,,,,,,,,,,,,,,,,,,,,,,,,,,,,,,,,,,,,,,,,,,,,,,,,,,,,,,,,,,,,,,,,,,,,,,,,,,,,,,,,,,,,,,,,,,,,,,,,,,,,,,,,,,,,,,,,,,,,,,,,,
R326,,,,,,,,,,,,,,,,,,,,,,,,,,,,,,,,,,,,,,,,,,,,,,,,,,,,,,,,,*/tɪtɾˈanɡuɾɔn/,,,,,,,,,,,,,,,,,,,,,,,,,,,,,,,,,,,,,,,,,,,,,,,,,,,,,,,,,,,,,,,,,,,,,,,,,
R327,,,,,,,,,,,,,,,,,,,,,,,,,,,,,,,,,,,,,,,,,,,,,,,,,,,,,,,*/tɪmːˈɔɾu/,,,,,,,,,,,,,,,,,,,,,,,,,,,,,,,,,,,,,,,,,,,,,,,,,,,,,,,,,,,,,,,,,,,,,,,,,,,
R328,,,,,,,,,,,,,,,,,,,,,,,,,,,,,,,,,,,,,,,,,,,,,,,,,,,,,,,,,,,,,,,,,,,,,,,,,,,,,,,,,,,,,,,,,,,,,,,,,,,,,,,,,,,,,,,,,,,,,,,,,,,,,,,,,,
R329,,,,,,,,,,,,,,,,,,,,,,,,,,,,,,,,,,,,,,,,,,,,,,,,,,,,,,,,,,,,,,,,,,,,,,,,,,,,,,,,,,,,,,,,,,,,,,,,,,,,,,,,,,,,,,,,,,,,,,,,,,,,,,,,,,
R330,,,,,,,,,,,,,,,,,,,,,*/kəlˠˈɔɟɪɾɔ/,,,,,,,,,,,,,,,,,,,,,,,,,,,,,,,,,,,,,,,,,,,,,,,,,,,,,,,,,,,,,,,,,,,,,,,,,,,,,,,,,,,,,,,,,,,,,,,,,,,,,,,,,,,,,
R331,,,,,,,,,,,,,,,,,,,,,,,,,,,,,,,,,,,,,,,,,,,,,,,,,,,,,,,,,,,,,,,,,,,,,,,,,,,,,,,,,,,,,,,,,,,,,,,,,,,,,,,,,,,,,,,,,,,,,,,,,,,,,,,,,,
R332,,,,,,,,,,,,,,,,,,,,,,,,,,,,,,,,,,,,,,,,,,,,,,,,,,,,,,,,,,,,,,,,,,,,,,,,,,,,,,,,,,,,,,,,,,,,,,,,,,,,,,,,,,,,,,,,,,,,,,,,,,,,,,,,,,
R333,,,,,,,,,,,,,,,,,,,,,,,*/ɡəd͡ʒˈɔfu/,,,,,,,,,,,,,,,,,,,,,,,,,,,,,,,,,,,,,,,,,,,,,,,,*/jɔd͡ʒˈɛfɔ/,,,,,,,,,,,,,,,,,,,,,,,,,,,,,,,,,,,,,,,,,,,,,,,,,,,,,,,,,,,
R334,,,,,,,,,,,,,,,,,,,,,,,,,,,,,,,,,,,,,,,,,,,,,,,,,,,,,,,,,,,,,,,,,,,,,,,,,,,,,,,,,,,,,,,,,,,,,,,,,,,,,,,,,,,,,,,,,,,,,,,,,,,,,,,,,,
R335,,,,,,,,,,,,,,,,,,,,,,,*/ɡəzˈɔfu/,,,,,,,,,,,,,,*/ʃəɾˈisu/,,,,,,,,,,,,,,,,*/ʃpˈuza/,,,,,,,,*/dˈuɾɾasu/,,,,,,,,*/zˈalun/,*/zˈamːəɾu/,*/jɔzˈɛfɔ/,,,,,,,,,,,,,,,,,,,,,,,,,,,,,,,,,,,,,,,,,,,,,,,,,,,,,,,,,,,
R336,,,,,,,,,,,,,,,,,,,,,,,,,,,,,,,,,,,,,,,,,,,,,,,,,,,,,,,,,,,,,,,,,,,,,,,,,,,,,,,,,,,,,,,,,,,,,,,,,,,,,,,,,,,,,,,,,,,,,,,,,,,,,,,,,,
R337,,,,,,,,,,,,,,,,,,,,,,*/kkˈumbəlu/,,,,,,,,,,,,,,,,,,,,,,,,,,,,,,,,,,,*/ttɾˈanɡuɾɔn/,,,,,,,,,,,,,,,,,,,,,,,,,,,,,,,,,,,,,,,,,,,,,,,,,,,,,,,,,,,,,,,,,,,,,,,,,
R338,,,,,,,*/ˈeɡɾɪ̃n/,,*/ˈɛːxɔ̃n/,,,,*/ˈiʃãmmu/,,,,,*/kˈãntaɾu/,,,,*/kkˈũmbəlu/,,*/kəɾʃˈœtũn/,,*/ɡɾˈãmma/,*/ɡˈɔlũn/,*/ʊlˈãɾ̃a/,,,*/ʃtˈɛfɑ̃ɾ̃ɔ̃n/,*/cˈɛfalɔ̃n/,,,*/cˈylɔ̃n/,,,,,,*/ʃkˈãmbu/,,*/ʃkə̃mpˈĩnu/,*/ʃcˈĩntu/,*/ʃtˈãmba/,,,,,,,*/ʃpˈɛlːũn/,,,*/tɪ̃mːˈɔɾu/,,*/ttɾˈãnɡuɾɔ̃n/,*/tɾə̃ntˌafˈilːu/,*/tˈũmbɾa/,,,,,,,,,,*/zˈalũn/,*/zˈãmːəɾu/,,,,,,,,*/nəˈiʃũn/,,,*/lˈaːɾkɔ̃n/,*/lə̃mˈɔʃɑ̃ɾ̃a/,*/ləcˈẽɾ̃ɪ/,,*/lˈœ̃ːɲu/,*/lˈỹma/,,,*/ɐɾˈɛ̃ntu/,,,,,*/rːˈepɪ̃n/,,,,*/pɾˌœtəɟˈĩnːma/,,,,,,*/pəlˈãŋɡu/,*/pəlˈãŋɡa/,,*/pəɾˈɛlɔ̃n/,,,,,,,,,,,,,,,,,*/mə̃ɾ̃ˈija/,,*/mˈãŋɡɑ̃ɾ̃u/,*/mə̃ntˈœxjɔ/,,,
R339,,,,,,,,,,,,,*/ˈiʃɐmmu/,,,,,*/kˈãntɐɾu/,,*/kˈaltɐɾ̃a/,,,,,,,,,,,*/ʃtˈɛfɐɾ̃ɔ̃n/,*/cˈɛfɐlɔ̃n/,,,,,,,,,,,,,,,,,*/ʃpˈaɾɡɐɾ̃u/,,*/ʃpˈɛlɐja/,,,,,,,,,,*/dˈuɾɾɐsu/,,*/dɾˈapɐɾ̃u/,,,,,,,,,,,,,,,,,*/lˈakɐɾ̃u/,,*/lə̃mˈɔʃɐɾ̃a/,,,,,,,,,,,,,,,,,,,,*/pˈɛlɐɡu/,,,,,,,,,,,,,,,,,*/mˈaɾɐcɪ/,,,,*/mɪʃtˈɛkɐɾ̃u/,,,*/mˈãŋɡɐɾ̃u/,,,*/mˈɔkɐɾ̃a/,
R340,,,,,,,,,,,,,,,,,,,,,,,,,,,,,,,,,,,,,,,,,,,,,,,,,,,,,,,,,,,,,,,,,,,,,,,,,,,,,,,,,,,,,,,,,,,,,,,,,,,,,,,,,,,,,,,,,,,,,,,,,,,,,,,,,,
=Late Proto-Albanian II,null{ABSENT},null{ABSENT},null{ABSENT},null{ABSENT},null{ABSENT},null{ABSENT},null*/ˈeɡɾɪ̃n/,null*/ˌɔːˈɛɾa/,null*/ˈɛːxɔ̃n/,null*/ˈɛːɾmu/,null{ABSENT},null{ABSENT},null*/ˈiʃɐmmu/,null{ABSENT},null{ABSENT},null{ABSENT},null{ABSENT},null*/kˈãntɐɾu/,null*/kˈalta/,null*/kˈaltɐɾ̃a/,null*/kəlˠˈɔɟɪɾɔ/,null*/kkˈũmbəlu/,null*/ɡəzˈɔfu/,null*/kəɾʃˈœtũn/,null{ABSENT},null*/ɡɾˈãmma/,null*/ɡˈɔlũn/,null*/ʊlˈãɾ̃a/,null*/cˌɛɾəʃˈija/,null*/tjˈaɾmu/,null*/ʃtˈɛfɐɾ̃ɔ̃n/,null*/cˈɛfɐlɔ̃n/,null*/cˈepnɪ/,null{ABSENT},null*/cˈylɔ̃n/,null*/ʃˈaɾku/,null*/ʃəɾˈisu/,null*/ʃˈɔʃɪ/,null*/ʃkˈalˠma/,null*/ʃkˈaɾəpa/,null*/ʃkˈãmbu/,null*/ʃkˈɔpu/,null*/ʃkə̃mpˈĩnu/,null*/ʃcˈĩntu/,null*/ʃtˈãmba/,null*/ʃtˈɛɾəpa/,null*/ʃtˈyla/,null*/ʃpˈaɾu/,null*/ʃpˈaɾɡɐɾ̃u/,null*/ʃpˈaɾta/,null*/ʃpˈɛlɐja/,null*/ʃpˈɛlːũn/,null*/ʃpˈuza/,null*/tˈɛːpa/,null*/tɪ̃mːˈɔɾu/,null{ABSENT},null*/ttɾˈãnɡuɾɔ̃n/,null*/tɾə̃ntˌafˈilːu/,null*/tˈũmbɾa/,null*/dˈɛːpu/,null*/dˈuɾɾɐsu/,null*/dɾˈaɡma/,null*/dɾˈapɐɾ̃u/,null*/dɾˈiːʃtu/,null{ABSENT},null{ABSENT},null{ABSENT},null{ABSENT},null*/zˈalũn/,null*/zˈãmːəɾu/,null*/jɔzˈɛfɔ/,null{ABSENT},null{ABSENT},null*/ðˈiða/,null{ABSENT},null{ABSENT},null*/nˌafˈɔɾa/,null*/nəˈiʃũn/,null{ABSENT},null*/lˈakɐɾ̃u/,null*/lˈaːɾkɔ̃n/,null*/lə̃mˈɔʃɐɾ̃a/,null*/ləcˈẽɾ̃ɪ/,null{ABSENT},null*/lˈœ̃ːɲu/,null*/lˈỹma/,null*/lˈuə̯ðɪ/,null{ABSENT},null*/ɐɾˈɛ̃ntu/,null{ABSENT},null{ABSENT},null{ABSENT},null{ABSENT},null*/rːˈepɪ̃n/,null*/rːˈɔɣa/,null*/pˈaːla/,null*/pɾˌycˈija/,null*/pɾˌœtəɟˈĩnːma/,null{ABSENT},null{ABSENT},null{ABSENT},null*/pˈɛlɐɡu/,null*/plˈaɣja/,null*/pəlˈãŋɡu/,null*/pəlˈãŋɡa/,null{ABSENT},null*/pəɾˈɛlɔ̃n/,null*/pɾˈaʃu/,null*/bɾˈœtku/,null*/bɾˈuka/,null{ABSENT},null*/fəcˈœla/,null{ABSENT},null{ABSENT},null*/ˈɔːɾɡu/,null{ABSENT},null{ABSENT},null{ABSENT},null*/mˈaɾɐcɪ/,null*/məɾɾˈaðʎu/,null*/mˈatɪ/,null*/mˌɐlˈaɡa/,null*/mɪʃtˈɛkɐɾ̃u/,null*/mə̃ɾ̃ˈija/,null*/məɾɾˈaðʎa/,null*/mˈãŋɡɐɾ̃u/,null*/mə̃ntˈœxjɔ/,null*/mˈɛːta/,null*/mˈɔkɐɾ̃a/,null*/mˈɔla/
R341,,,,,,,,,,,,,,,,,,,,,,,,,,,,,,,,,,,,,,,,,,,,,,,,,,,,,,,,,,,,,,,,,,,,,,,,,,,,,,,,,,,,,,,,,,,,,,,,,,,,,,,,,,,,,,,,,,,,,,,,,,,,,,,,,,
R342,,,,,,,,,,,,,,,,,,,,,,,,,,,,,,,,,,,,,,,,,,,,,,,,,,,,,,,,,,,,,,,,,,,,,,,,,,,,,,,,,,,,,,,,,,,,,,,,,,,,,,,,,,,,,,,,,,,,,,,,,,,,,,,,,,
R343,,,,,,,,,,,,,,,,,,,,,,,,,,,,,,,,,,,,,,,,,,,,,,,,,,,,,,,,,,,,,,,,,,,,,,,,,,,,,,,,,,,,,,,,,,,,,,,,,,,,,,,,,,,,,,,,,,,,,,,,,,,,,,,,,,
R344,,,,,,,,,,,,,,,,,,,,,,,,,,,,,,,,,,,,,,,,,,,,,,,,,,,,,,,,,,,,,,,,,,,,,,,,,,,,,,,,,,,,,,,,,,,,,,,,,,,,,,,,,,,,,,,,,,,,,,,,,,,,,,,,,,
R345,,,,,,,,,,,,,,,,,,,,,,,,,,,,,,,,,,,,,,,,,,,,,,,,,,,,,,,,,,,,,,,,,,,,,,,,,,,,,,,,,,,,,,,,,,,,,,,,,,,,,,,,,,,,,,,,,,,,,,,,,,,,,,,,,,
R346,,,,,,,,,,,,,,*/ˈiːðulˠɔ/,,*/kˌalˠɔɣˈɛːrɔ/,,,,,,*/kkˈũmbəlˠu/,,,,,*/ɡˈɔlˠũn/,,,,,*/cˈɛfɐlˠɔ̃n/,,,*/cˈylˠɔ̃n/,,,,,,,,,,,,,,,,*/ʃpˈɛlˠɐja/,,,,,,,,,,,,,,,,,,*/zˈalˠũn/,,,,,,,,,,,,,,,,,,,,,,,,,,,,,,,,,*/pˈɛlˠɐɡu/,,,,,*/pəɾˈɛlˠɔ̃n/,,,,,,,,,,,,,,,,,,,,,,,
R347,,,,,,,,,,,,,,,,,,,,,,,,,,,,,,,,,,,,,,,,,,,*/ʃkə̃mpˈĩːnu/,,,,,,,,,,,,*/tɪ̃mːˈɔːɾu/,,,,,,,,,,,,,,,,,,,,,,,,,,,,*/ləcˈẽːɾ̃ɪ/,,,,,,,,,,,,,,,,,,,,,,,,,,,,,,,,,,,,,,,,,,,,,,,
R348,,,,,,,,,,,,,,,,,,,,,,,,,,,,,,,,,,,,,,,,,,,*/ʃkə̃mpˈĩːnːu/,,,,,,,,,,,,,,,,,,,,,,,,,,,,,,,,,,,,,,,,*/ləcˈẽːnːɪ/,,,,,,,,,,,,,,,,,,,,,,,,,,,,,,,,,,,,,,,,,,,,,,,
R349,,,,,,,,,,,,,,,,,,,,,,,,,,,,,,,,,,,,,,,,,,,,,,,,,,,,,,,,,,,,,,,,,,,,,,,,,,,,,,,,,,,,,,,,,,,,,,,,,,,,,,,,,,,,,,,,,,,,,,,,,,,,,,,,,,
R350,,,,,,,,,,,,,,,,,,,,,,,,,,,,*/ʊlˠˈãɾ̃a/,,,,,,,,,,,,,,,,,,,*/ʃtˈylˠa/,,,,,,,,,,,,,,,,,,,,,,,,,,,,,,,,,,,,,,,,,,,,,,,,,*/pˈaːlˠa/,,,,,,,,*/pəlˠˈãŋɡu/,*/pəlˠˈãŋɡa/,,,,,,,*/fəcˈœlˠa/,,*/frˌant͡sˈɔlˠa/,,,,,,,,*/mˌɐlˠˈaɡa/,,,,,,,,*/mˈɔlˠa/
R351,,,,,,,,,,,,,,,,,,,,,,,,,,,,,,,,,,,,,,,,,,,,,,,,,,,,,,,,,,,,,,,,,,,,,,,,,,,,,,,,,,,,,,,,,*/ɾˈɛ̃ntu/,,,,,,,,,,,,,,,,,,,,,,,,,,,,,,,,,,,,,,,,,
R352,,,,,,,,,,,,,,,,,,,,,,,,,,,,,,,,,,,,,,,,,,,,,,,,,,,,,,,,,,,,,,,,,,,,,,,,,,,,,,,,,,,,,,,,,,,,,,,,,,,,,,,,*/pəlˠˈɛ̃ŋɡu/,*/pəlˠˈɛ̃ŋɡa/,,,,,,,,,,,,,,,,,,,,,,,,,
R353,,,,,,,,,,,,,,,,,,,,,,,,,,,,,,,,,,,,,,,,,,,,,,,,,,,,,,,,,,,,,,,,,,,,,,,,,,,,,,,,,,,,,,,,,,,,,,,,,,,,,,,,,,,,,,,,,,,,,,,,,,,,,,,,,,
R354,*/ˌajjˈazma/,,,,,,,,,,,,,,,,*/kˌatˈɔːjɪ/,,,,,,,,,,,,,,,,,,,,,,,,,,,,,,,,,,,,,,,,,,,,,,,,,,,,,,,,,,,,,,,,,,,,,,,,,,,,,,,,,,,,,,*/plˈajja/,,,,,,,,,,,,,,,,,,,,,,,,,,,
R355,,,,,,,,,,,,,,,,,,,,,,,,,,,,,,,,,,,,,,,,,,,,,,,,,,,,,,,,,,,,,,,,,,,,,,,,,,,,,,,,,,,,,,,,,,,,,,,,,,,,,,,,,,,,,,,,,,,,,,,,,,,,,,,,,,
R356,,,,,,,,,,,,,,,,,,,,,,,,,,,,,,,,,,,,,,,,,,,,,,,,,,,,,,,,,,,,,,,,,,,,,,,,,,,,,,,,,,,,,,,,,,,,,,,,,,,,,,,,,,,,,,,,,,,,,,,,,,,,,,,,,,
R357,,,,,,,,,,,,,,,,,,,,,,,,,,,,,,,,,,,,,,,,,,,,,,,,,,,,,,,,,,,,,,,,,,,,,,,,,,,,,,,,,,,,,,,,,,,,,,,,,,,,,,,,,,,,,,,,,,,,,,,,,,,,,,,,,,
R358,,,,,,,,,,,,,,,,,,,,,,,,,,,,,,,,,,,,,,,,,,,,,,,,,,,,,,,,,,,,,,,,,*/dərnˈɔpɔli/,,,,,,,,,,,,,,,,,,,,,,,,,,,,,,,,,,,,,,,,,,,,,,,,,,,,,,,,,,,,,,,,,
R359,,,,,,,,,,,,,,,,,,,,,,,,,,,,,,,,,,,,,,,,,,,,,,,,,,,,,,,,,,,,,,,,,,,,*/skˈima/,,,,,,,,,,,,,,,,,,,,,,,,,,,,,,,,,,,,,,,,,,,,,,,,,,,,,,,,,,,,,,
R360,,,,,,,,,,,,,,,,*/kˌalˠɔɡˈɛːrɔ/,,,,,,,,,,,,,,,,,,,,,,,,,,,,,,,,,,,,,,,,,,,,,,,,,,,,,,,,,,,,,,,,,,,,,,,,,,*/rˈiɡa/,,,,,*/rːˈɔɡa/,,,,,,,,,,,,,,,,,,,,,,,,,,,,,,,,,,,
R361,,,,,,,,,,,,,,,,,,,,,,,,,,,,,,,,,,,,,,,,,,,,,,,,,,,,,,,,,,,,,,,,,,,,,,,,,,,,,,,,,,,,,,,,,,,,,,,,,,,,,,,,,,,,,,,,,,,,,,,,,,,,,,,,,,
R362,,,,,,,,,,,,,,,,,,,,,,,,,,,,,,,,,,,,,,,,,,,,,,,,,,,,,,,,,,,,,,,,,,,,,,,,,,,,,,,,,,,,,,,,,,,,,,,,,,,,,,,,,,,,,,,,,,,,,,,,,,,,,,,,,,
R363,,,,,,,,,,,,,,,,,,,,,,,,,,,,,,,,,,,,,,,,,,,,,,,,,,,,,,,,,,,,,,,,,*/dərːˈɔpɔli/,,,,,,,,,,,,,,,,,,,,,,,,,,,,,,,,,,,,,,,,,,,,,,,,,,,,,,,,,,,,,,,,,
R364,,,,,,,,,,,,,,,,,,,,,,,,,,,,,,,,,,,,,,,,,,,,,,,,,,,,,,,,,,,,,*/dˈurːɐsu/,,,,,,,,,,,,,,,,,,,,,,,,,,,,,,,,,,,,,,,,,,,,,,,,,,,,,,,,,,,*/mərːˈaðʎu/,,,,,*/mərːˈaðʎa/,,,,,
R365,,,,,,,,,,,,,,,,,,,,,,,,,,,,,,,,,,,,,,,,,,,,,,,,,,,,,,,,,,,,,,,,,,,,,,,,,,,,,,,,,,,,,,,,,,,,,,,,,,,,,,,,,,,,,,,,,,,,,,,,,,,,,,,,,,
R366,,,,,,,,,,,,,,,,,,,,,,,,,,,,,,,,,,,,,,,,,,,,,,,,,,,,,,,,,,,,,,,,,,,,,,,,,,,,,,,,,,,,,,,,,,,,,,,,,,,,,,,,,,,,,,,,,,,,,,,,,,,,,,,,,,
R367,*/ˌajˈazma/,,,,,,,,,,,,,,,,*/kˌatˈɔːɪ/,,,,,,,,,,,,,,,,,,,,,,,,,,,,,,,,,,,,,,,,,,,,,,,,,,,,,,,,,,,,,,,,,,,,,,,,,,,,,,,,,,,,,,*/plˈaja/,,,,,,,,,,,,,,,,,,,,,,,,,,,
R368,,,,,,,,,,,,,,,,,,,,,,,,,,,,,,,,,,,,,,,,,,,,,,,,,,,,,,,,,,,,,,,,,,,,,,,,,,,,,,,,,,,,,,,,,,,,,,,,,,,,,,,,,,,,,,,,,,,,,,,,,,,,,,,,,,
R369,,,,,,,,,,,,,,,,,,,,,,,,,,,,,,,,,,,,,,,,,,,,,,,,,,,,,,,,,,,,,,,,,,,,,,,,,,,,,,,,,,,,,,,,,,,,,,,,,,,,,,,,,,,,,,,,,,,,,,,,,,,,,,,,,,
R370,,,,,,,,,,,,,,,,,,,,,,,,,,,,,,,,,,,,,,,,,,,,,,,,,,,,,,,,,,,,,,,,,,,,,,,,,,,,,,,,,,,,,,,,,,,,,,,,,,,,,,,,,,,,,,,,,,,,,,,,,,,,,,,,,,
R371,,,,,,,,,,,,,,,,,,,,,,,,,,,,,,,,,,,,,,,,,,,,,,,,,,,,,,,,,,,,,,,,,,,,,,,,,,,,,,,,,,,,,,,,,,,,,,,,,,,,,,,,,,,,,,,,,,,,,,,,,,,,,,,,,,
R372,,,,,,,,,,,,,,,,,,,,,,,,,,,,,,,,,,,,,,,,,,,,,,,,,,,,,,,,,,,,,,,,,,,,,,,,,,,,,,,,,,,,,,,,,,,,,,,,,,,,,,,,,,,,,,,,,,,,,,,,,,,,,,,,,,
R373,,,,,,,,,,,,,,,,,,,,,,,,,,,,,,,,,,,,,,,,,,,,,,,,,,,,,,,,,,,,,,,,,,,,,,,,,,,,,,,,,,,,,,,,,,,,,,,,,,,,,,,,,,,,,,,,*/fcˈœlˠa/,,,,,,,,,,,,,,,,,,
R374,,,,,,,,,,,,,,,,,,,,,,,,,,,,,,,,,,,,,,,,,,,,,,,,,,,,,,,,,,,,,,,,,,,,,,,,,,,,,,,,,,,,,,,,,,,,,,,,,,,,,,,,,,,,,,,,,,,,,,,,,,,,,,,,,,
R375,,,,,,,,,*/ˈiəxɔ̃n/,*/ˈiəɾmu/,,,,,,*/kˌalˠɔɡˈiərɔ/,*/kˌatˈuəɪ/,,,,,,,,,,,,,,,,,,,,,,,,,,,,,,,,,,,,,*/tˈiəpa/,*/tɪ̃mːˈuəɾu/,,,,,*/dˈiəpu/,,,,,,,*/sˌimmaxˈuərɔn/,,,,,,,,,,,,*/lˌanɡˈuə/,,,,,,*/lˈỹəɲu/,,,,,,,,,,,,,,,,,,,,,*/plˈuəri/,,,,,,,,,*/ˈuəɾɡu/,,,,,,,,,,,,,*/mˈiəta/,,
R376,,,,,,,,,,,,,,,,,,,,,,,,,,,,,,,,,,,,,,,,,,,,,,,,,,,,,,,,,,,,,,,,,,,,,,,,,,,,,,,,,,,,,,,,,,,,,,,,,,,,,,,,,,,,,,,,,,,,,,,,,,,,,,,,,,
R377,,,,,,,,,,,,,,,,,*/kˌatˈuə/,,,,,,,,,,,,,,,,,,,,,,,,,,,,,,,,,,,,,,,,,,,,,,,,,,,,,,,,,,,,,,,,,,,,,,,,,,,,,,,,,,,,,,,,,,,,,,,,,,,,,,,,,,,,,,,,,
R378,,,,,,,,,*/ˈie̯xɔ̃n/,*/ˈie̯ɾmu/,,,,,,*/kˌalˠɔɡˈie̯rɔ/,*/kˌatˈuo̯/,,,,,,,,,,,,,,,,,,,,,,,,,,,,,,,,,,,,,*/tˈie̯pa/,*/tɪ̃mːˈuo̯ɾu/,,,,,*/dˈie̯pu/,,,,,,,*/sˌimmaxˈuo̯rɔn/,,,,,,,,,,,,*/lˌanɡˈuo̯/,,,,,,*/lˈỹø̯ɲu/,,*/lˈuo̯ðɪ/,,,,,,,,,,,,,,,,,,,*/plˈuo̯ri/,,,,,,,,,*/ˈuo̯ɾɡu/,,,,,,,,,,,,,*/mˈie̯ta/,,
R379,,,*/ˌavlˠˈi/,,,,,,,,,,,,,,,,,,,,,,,,,,,,,,,,,,,,,,,,,,,,,,,,,,,,,,,,,,,,,,*/dərːˈɔpɔlˠi/,,,,,,,,,,,,,,,,,,,,,,,,,,,,,,,,,,,,,,,,,,,,,,*/fˌakjˈɔlˠi/,,,,,,,,,,,,,,,,,,,
R380,,,,,,,,,,,,,,,,,,,,,,,,,,,,,,,,,,,,,,,,,,,,,,,,,,,,,,,,,,,,,,,,,,,,,,,,,,,,,,,,,,,,,,,,,,,,,,,,,,,,,,,,,,,,,,,,,,,,,,,,,,,,,,,,,,
R381,,,,,,*/ˌarsˈɛnəka/,*/ˈeɡɾə̃n/,,,,,,,,,,,,,,*/kəlˠˈɔɟəɾɔ/,,,,,,,,,,,,*/cˈepnə/,,,,,*/ʃˈɔʃə/,,,,,,,,,,,,,,,,,*/tə̃mːˈuo̯ɾu/,,,,,,,,,,,,,,,,,,,,,,,,,,,,*/ləcˈẽːnːə/,,,,*/lˈuo̯ðə/,,,,,,,*/rːˈepə̃n/,,,,,,,,,,,,,,,,,,,,,,,,,*/mˈaɾɐcə/,,*/mˈatə/,,*/məʃtˈɛkɐɾ̃u/,,,,,,,
R382,,,,,,,,,,,,,,,,,,,,,,,,,,,,,,,,,,,,,,,,,,,,,,,,,,,,,,,,,,,,,,,,,,,,,,,,,,,,,,,,,,,,,,,,,,,,,,,,,,,,,,,,,,,,,,,,,,,,,,,,,,,,,,,,,,
R383,,,,,,,,,,,,,,,,,,,,,,,,,,,,,,,,,,,,,,,,,,,,,,,,,,,,,,,,,,,,,,,,,,,,,,,,,,,,,,,,,,,,,,,,,,,,,,,,,,,,,,,,,,,,,,,,,,,,,,,,,,,,,,,,,,
R384,,,,,,,*/ˈɛɡɾə̃n/,,,,,,,,,,,,,,,,,,,,,,,,,,*/cˈɛpnə/,,,,,,,,,,,,,,,,,,,,,,,,,,,,,,,,,,,,,,,,,,,,,,,,,,*/ləcˈɛ̃ːnːə/,,,,,,,,,,,*/rːˈɛpə̃n/,,,,,,,,,,,,,,,,,,,,,,,,,,,,,,,,,,,,
R385,,,,,,,,,,,,,,,,,,,,,,,,,,,,,,,,,,,,,,,,,,,,,,,,,,,,,,,,,,,,,,,,,,,,,,,,,,,,,,,,,,,,,,,,,,,,,,,,,,,,,,,,,,,,,,,,,,,,,,,,,,,,,,,,,,
R386,,,,,,,,,,,,,,,,,,,,,,,,,,,,,,,,,,,*/cˈulˠɔ̃n/,,,,,,,,,,,,,,,,,,,,,,,,,,,,,,,,,,,,,,,,,,,,,,,,,,,,,,,,,,,,,,,,,,,,,,,,,,,,,*/fcˈɔlˠa/,,,,,,,,,,,,,,,,,,
R387,,,,,,,,,,,,,,,,,,,,,,,,,,,,,,,,,,,,,,,,,,,,,,,,,,,,,,,,,,,,,,,,,,,,,,,,,,,,,,,,,,,,,,,,,,,,,,,,,,,,,,,,,,,,,,,,,,,,,,,,,,,,,,,,,,
R388,,,,,,,,,,,,,,,,,,,,,,,,,,,,,,,,,,,,,,,,,,,,,,,,,,,,,,,,,,,,,,,,,,,,,,,,,,,,,,,,,,,,,,,,,,,,,,,,,,,,,,,,,,,,,,,,,,,,,,,,,,,,,,,,,,
R389,,,,,,,,,,,,,,,,,,,,,,,,,,,,,,,,,,,,,,,,,,,,,,,,,,,,,,,,,,,,,,,,,,,,,,,,,,,,,,,,,,,,,,,,,,,,,,,,,,,,,,,,,,,,,,,,,,,,,,,,*/mərːˈaʎu/,,,,,*/mərːˈaʎa/,,,,,
R390,,,,,,,,,,,,,,,,,,,,,,,,*/kəɾʃˈɛtũn/,,,,,,,,,,,,,,,,,,,,,,,,,,,,,,,,,,,,,,,,,,,,,,,,,,,,,,,,,,,,,*/lˈỹe̯ɲu/,,,,,,,,,,,,,*/pɾˌɛtəɟˈĩnːma/,,,,,,,,,,,*/bɾˈɛtku/,,,,,,,,,,,,,,,,,,*/mə̃ntˈɛxjɔ/,,,
R391,,,,,,,,,,,,,,,,,,,,,,,,,,,,,,,,,,,,,,,,,,,,,,,,,,,,,,,,,,,,,,,,,,,,,,,,,,,,,,,,,,,,,,,,,,,,,,,,,,,,,,,,,,,,,,,,,,,,,,,,,,,,,,,,,,
R392,,,,,,,,,,,,,,,,,,,,,,,,,,,,,,,,,,,,,,,,,,,,,,,,,,,,,,,,,,,,,,,,,,,,,,,,,,,,,,,,,,,,,,,,,,,,,,,,,,,,,,,,,,,,,,,,,,,,,,,,,,,,,,,,,,
R393,,,,,,,,,,,,,,,,,,,,,,,,,,,,,,,,,,,,,,,,,,,,,,,,,,,,,,,,,,,,,,,,,,,,,,,,,,,,,,,,,,,,,,,,,,,,,,,,,,,,,,,,,,,,,,,,,,,,,,,,,,,,,,,,,,
R394,,,,,,,,,,,,,,,,,,,,,,,,,,,,,,,,,,,,,,,,,,,,,,,,,,,,,,,,,,,,,,,,,,,,,,,,,,,,,,,,,,,,,,,,,,,,,,,,,,,,,,,,,,,,,,,,,,,,,,,,,,,,,,,,,,
R395,,,,,,,,,,,,,,*/ˈiːðulˠu/,,,,,,,,,,,,,,,,,,,,,,,,,,,,,,,,,,,,,,,,,,,,,,,,,,,*/dərːˈɔpɔlˠɔ/,,,,,,,,,,,,,,,,,,,,,,,,,,,,,,,,,,,,,,,,,,,,,,,,,,,,,,,,,,,,,,,,,
R396,,,,,,,,,,,,,,,,,,,,,,,,,,,,,,,,,,,,,,,,,,,,,,,,,,,,,,,,,*/ttɾˈãnɡuɾũn/,,,,,,,,,,,,,,,,,,,,,,,,,,,,,,,,,,,,,,,,,,,,,,,,,,,,,,,,,,,,,,,,,,,,,,,,,
R397,,,,,,,,,,,,,,,,,,,,,,,,,,,,,,,,,,,,,,,,,,,,,,,,,,,,,,,,,,,,,,,,,,,,,,,,,,,,,,,,,,,,,,,,,,,,,,,,,,,,,,,,,,,,,,,,,,,,,,,,,,,,,,,,,,
R398,,,,,,,,,,,,,,,,,,,,,,,,,,,,,,,,,,,,,,,,,,,,,,,,,,,,,,,,,,,,,,,,,,,,,,,,,,,,,,,,,,,,,,,,,,,,,,,,,,,,,,,,,,,,,,,,,,,,,,,,,,,,,,,,,,
R399,,,,,,,,,,,,,,,,,,,,,,,,,,,,,,,,,,,,,,,,,,,,,,,,,,,,,,,,,,,,,,,,,,,,,,,,,,,,,,,,,,,,,,,,,,,,,,,,,,,,,,,,,,,,,,,,,,,,,,,,,,,,,,,,,,
R400,,,,,,,,,,,,,,,,,,,,,,,,,,,,,,,,,,,,,,,,,,,,,,,,,,,,,,,,,,,,,,,,,,,,,,,,,,,,,,,,,,,,,,,,,,,,,,,,,,,,,,,,,,,,,,,,,,,,,,,,,,,,,,,,,,
R401,,,,,,,,,,,,,,,,,,,,,,,,,,,,,,,,,,,,,,,,,,,,,,,,,,,,,,,,,,,,,,,,,,,,,,,,,,,,,,,,,,,,,,,,,,,,,,,,,,,,,,,,,,,,,,,,,,,,,,,,,,,,,,,,,,
R402,,,,,,,,,,,,,,,,,,,,,,,,,,,,,,,,,,,,,,,,,,,,,,,,,,,,,,,,,,,,,,,,,,,,,,,,,,,,,,,,,,,,,,,,,,,,,,,,,,,,,,,,,,,,,,,,,,,,,,,,,,,,,,,,,,
R403,,,,,,*/ˌarsˈɛnka/,,,,,,,,,,,,,,,,,,,,,,,,,,,,,,,,,,,,,,,,,,,,,,,,,,,,,,,,,,,,,,,,,,,,,,,,,,,,,,,,,,,,,,,,,,,,,,,,,,,,,,,,,,,,,,,,,,,,,,,,,,,,
R404,,,,,,,,,,,,,,,,,,,,,,,,,,,,,,,,,,,,,,,,,,,,,,,,,,,,,,,,,,,,,,,,,,,,,,,,,,,,,,,,,,,,,,,,,,,,,,,,,,,,,,,,,,,,,,,,,,,,,,,,,,,,,,,,,,
R405,,,,,,,,,,,,,,,,,,,,,,,,,,*/ɡɾˈãmːa/,,,,,,,*/cˈɛmːə/,,,,,,,,,,,,,,,,,,,,,,,,,,,,,,,,,,*/sˌimːaxˈuo̯rɔn/,,,,,*/θˈamːa/,,,,,,,,,,,,,,,,,,,,,,,,,,,,,,,,,,,,,,,,,,,,,,,,,,,,,,,,,,
R406,,,,,,,,,,,,,,,,,,,,,,,,,,,,,,,,,,,,,,,,,,,,,,,,,,,,,,,,,*/ttɾˈanɡuɾũn/,,,,,,,,,,,,,,,,,,,,,,,,,,,,,,,,,,,,,,,,,,,,,,,,,,,,,,,,,,,,,,,,,,,,,,,,,
R407,,,,,,,,,,,,,,,,,,*/kˈantɐɾu/,,,,,,,,,,,,,,,,,,,,,,,,,,,,,,,,,,,,,,,,,,,,,,,,,,,,,,,,,,,,,,,,,,,,,,,,,,,,,,,,,,,,,,,,,,,,,,,,,,,,,,,,,,,,,,,,
R408,,,,,,,,,,,,,*/ˈiʃɐmu/,,,,,,,,,,,,,,,,,,,,,,,,,,,,,,,,,,,,,,,,,,,,,,,,,,,,,,,,,,,,,,,,,,,,,,,,,,,,,,,,,,,,,,,,,,,,,,,,,,,,,,,,,,,,,,,,,,,,,
R409,,,,,,,,,,,,,,,,,,,,,,,,,,,,,,,,,,,,,,,,,,,,,,,,,,,,,,,,,,,,,,,,,,,,,,,,,,,,,,,,,,,,,,,,,,,,,,,,,,,,,,,,,,,,,,,,,,,,,,,,,,,,,,,,,,
R410,,,,,,,,,,,,,,,,,,,,,,,,,,,,,,,,,,,,,,,,,,,,,,,,,,,,,,,,,,,,,,,,,,,,,,,,,,,,,,,,,,,,,,,,,,,,,,,,,,,,,,,,,,,,,,,,,,,,,,,,,,,,,,,,,,
R411,,,,,,,,,,,,,,,,,,,,,,*/kːˈũmbəlˠu/,,,,,,,,,,,,,,,,,,,,,,,,,,,,,,,,,,,*/tːɾˈanɡuɾũn/,,,,,,,,,,,,,,,,,,,,,,,,,,,,,,,,,,,,*/rˈusːɔn/,,,,,,,,,,,,,,,,,,,,,,,,,,,,,,,,,,,,,
R412,,,,,,,,,,,,,,,,,,,,,,,,,,,,,,,,,,,,,,,,,,,,,,,,,,,,,,,,,,,,,,,,,,,,,,,,,,,,,,,,,,,,,,,,,,,,,,,,,,*/pɾˌɛtəɟˈĩmːa/,,,,,,,,,,,,,,,,,,,,,,,,,,,,,,,,
R413,,,,,,,,,,,,,,,,,,,,,,,,,,,,,,,,,,,,,,,,,,,,,,,,,,,,,,,,,,,,,,,,,,,,,,,,,,,,,,,,,,,,,,,,,,,,,,,,,,,,,,,,,,,,,,,,,,,,,,,,,,,,,,,,,,
R414,,,,,,,,,,,,,,,,,,,,,,,,,,,,,,,,,,,,,,,,,,,,,,,,,,,,,,,,,,,,,,,,,,,,,,,,,,,,,,,,,,,,,,,,,,,,,,,,,,,,,,,,,,,,,,,,,,,,,,,,,,,,,,,,,,
R415,,*/ˌɑftɑpˈɔði/,,,,,,,,,,,,,,,,,,,,,,,,,,,,,,,,,,,,,,,,,,,,,,,,,,,,,,,,,,,,,,,,,,,,,,,,,,,,,,,,,,,,,,,,,,,,,,,,,,,,,,,,,,,,,,,,,,,,,,,,,,,,,,,,
R416,,,,,,,,,,,,,,,,,,,,,,,,,,,,,,,,,,,,,,,,,,,,,,,,,,,,,,,,,,,,,,,,,,,,,,,,,,,,,,,,,,,,,,,,,,,,,,,,,,,,,,,,,,,,,,,,,,,,,,,,,,,,,,,,,,
R417,,,,,,,,,,,,,,,,,,,,,,,,,,,,,,,,,,,,,,,,,,,,,,,,,,,,,,,,,,,,,,,,,,,,,,,,,,,,,,,,,,,,,,,,,,,,,,,,,,,,,,,,,,,,,,,,,,,,,,,,,,,,,,,,,,
R418,,,,,,,,,,,,,,,,,,,,,,,,,,,,,,,,,,,,,,,,,,,,,,,,,,,,,,,,,,,,,,,,,,,,,,,,,,,,,,,,,,,,,,,,,,,,,,,,,,,,,,,,,,,,,,,,,,,,,,,,,,,,,,,,,,
R419,,,,,,,,,,,,,,,,,,,,,,,,,,,,,,,,,,,,,,,,*/ʃkˈaːɾəpa/,,,,,,*/ʃtˈɛːɾəpa/,,,,,,,,,,,,,,,,,,,,,,,,,,,,,,,,,,,,,,,,,,,,,,,,,,,,,,,,,,,,,,,,,,,,,,,,,,,,,,,,,,,,
R420,,,,,,,,,,,,,,,,,,,,,,,,,,,,,,,,,,,,,,,,*/ʃkˈaːɾpa/,,,,,,*/ʃtˈɛːɾpa/,,,,,,,,,,,,,,,,,,,,,,,,,,,,,,,,,,,,,,,,,,,,,,,,,,,,,,,,,,,,,,,,,,,,,,,,,,,,,,,,,,,,
R421,,,,*/ˈaːlima/,,,,*/ˌɔːˈɛːɾa/,,,,,,,,,,,*/kˈaːlta/,*/kˈaːltɐɾ̃a/,,,,,,,*/ɡˈɔːlˠũn/,,,*/tjˈaːɾmu/,,,,,*/cˈuːlˠɔ̃n/,*/ʃˈaːɾku/,,,*/ʃkˈaːlˠma/,,,,,,,,*/ʃtˈyːlˠa/,*/ʃpˈaːɾu/,*/ʃpˈaːɾɡɐɾ̃u/,*/ʃpˈaːɾta/,*/ʃpˈɛːlˠɐja/,*/ʃpˈɛːlːũn/,,,,,,*/tɾə̃ntˌafˈiːlːu/,,,*/dˈuːrːɐsu/,,,,,,,,*/zˈaːlˠũn/,,,,,,,,*/nˌafˈɔːɾa/,,,,,,,,,,,,,,,,,,,,,,*/prˌinˈɑːrɔ/,,,*/pˈɛːlˠɐɡu/,,,,,*/pəɾˈɛːlˠɔ̃n/,,,,*/fˌakjˈɔːlˠi/,*/fcˈɔːlˠa/,,*/frˌant͡sˈɔːlˠa/,,,,*/mˌantˈiːlja/,*/mˈaːɾɐcə/,*/mərːˈaːʎu/,,,,,*/mərːˈaːʎa/,,,,,*/mˈɔːlˠa/
R422,*/ˌajˈaːzma/,,,,,,,,,,*/jˌɔzˈɛːfɔ/,*/jˌɔzˈiːfɔ/,*/ˈiːʃɐmu/,,,,,,,,,,*/ɡəzˈɔːfu/,,,,,,,,*/ʃtˈɛːfɐɾ̃ɔ̃n/,*/cˈɛːfɐlˠɔ̃n/,,,,,*/ʃəɾˈiːsu/,*/ʃˈɔːʃə/,,,,,,,,,,,,,,,*/ʃpˈuːza/,,,*/tˈuːvla/,,,,,,,,,,,,,,,*/jɔzˈɛːfɔ/,,,,*/ðˈiːskɔ/,,,*/nəˈiːʃũn/,,,,*/lə̃mˈɔːʃɐɾ̃a/,,,,,,*/rˈaːsa/,,,,*/rˈɔːza/,*/rˈuːsːɔn/,,,,,,,*/pˌɛtˈaːvrɔ/,,,,,,,,*/pɾˈaːʃu/,,,,,,,,,,,,,,,,,,,,,,
R423,,,,,,,*/ˈɛɡɾə̃/,,*/ˈie̯xɔ̃/,,,,,,*/ˈɔkrɔ/,,,,,,,,,*/kəɾʃˈɛtũ/,*/ɡrˌafˈɛjɔ/,,*/ɡˈɔːlˠũ/,,,,*/ʃtˈɛːfɐɾ̃ɔ̃/,*/cˈɛːfɐlˠɔ̃/,,,*/cˈuːlˠɔ̃/,,,,,,,,,,,,,,,,,*/ʃpˈɛːlːũ/,,,,,*/tːɾˈanɡuɾũ/,,,,,,,,,,*/sˌimːaxˈuo̯rɔ/,,*/zˈaːlˠũ/,,,,*/ðjˈakɔ/,,,,,*/nəˈiːʃũ/,,,*/lˈaːɾkɔ̃/,,,,,,,,,,,,*/rˈuːsːɔ/,*/rːˈɛpə̃/,,,,,,,,,,,,,*/pəɾˈɛːlˠɔ̃/,,,,,,,,,,,,,,,,,,,,,,,
R424,,,,,,,,,*/ˈie̯xə/,*/ˈie̯ɾmə/,*/jˌɔzˈɛːfə/,*/jˌɔzˈiːfə/,*/ˈiːʃɐmə/,*/ˈiːðulˠə/,*/ˈɔkrə/,*/kˌalˠɔɡˈie̯rə/,,*/kˈantɐɾə/,,,*/kəlˠˈɔɟəɾə/,*/kːˈũmbəlˠə/,*/ɡəzˈɔːfə/,*/kəɾʃˈɛtə/,*/ɡrˌafˈɛjə/,,*/ɡˈɔːlˠə/,,,*/tjˈaːɾmə/,*/ʃtˈɛːfɐɾ̃ə/,*/cˈɛːfɐlˠə/,,,*/cˈuːlˠə/,*/ʃˈaːɾkə/,*/ʃəɾˈiːsə/,,,,*/ʃkˈãmbə/,*/ʃkˈɔpə/,*/ʃkə̃mpˈĩːnːə/,*/ʃcˈĩntə/,,,,*/ʃpˈaːɾə/,*/ʃpˈaːɾɡɐɾ̃ə/,,,*/ʃpˈɛːlːə/,,,*/tə̃mːˈuo̯ɾə/,,*/tːɾˈanɡuɾə/,*/tɾə̃ntˌafˈiːlːə/,,*/dˈie̯pə/,*/dˈuːrːɐsə/,,*/dɾˈapɐɾ̃ə/,*/dɾˈiːʃtə/,*/dərːˈɔpɔlˠə/,,*/sˌimːaxˈuo̯rə/,,*/zˈaːlˠə/,*/zˈãmːəɾə/,*/jɔzˈɛːfə/,,*/ðjˈakə/,,*/ðˈiːskə/,*/ðˈɔmə/,,*/nəˈiːʃə/,,*/lˈakɐɾ̃ə/,*/lˈaːɾkə/,,,,*/lˈỹe̯ɲə/,,,,*/ɾˈɛ̃ntə/,,,,*/rˈuːsːə/,,,,,,*/prˌinˈɑːrə/,*/pˌɛtˈaːvrə/,,*/pˈɛːlˠɐɡə/,,*/pəlˠˈɛ̃ŋɡə/,,,*/pəɾˈɛːlˠə/,*/pɾˈaːʃə/,*/bɾˈɛtkə/,,,,,,*/ˈuo̯ɾɡə/,,,,,*/mərːˈaːʎə/,,,*/məʃtˈɛkɐɾ̃ə/,,,*/mˈãŋɡɐɾ̃ə/,*/mə̃ntˈɛxjə/,,,
R425,,*/ˌɑftɑpˈɔðə/,,,,,,,,,,,,,,,,,,,,,,,,,,,,,,,,,,,,,,,,,,,,,,,,,,,,,,,,,,,,,,,,,,,,,,,,,,,,,,,,,,,,,,,,,,,,,,,,,,,,,,,,*/plˈuo̯rə/,,,,,*/fˌakjˈɔːlˠə/,,*/flˌamˈuːrə/,,,,,,,,,,,,,,,,,
R426,,,,,,,,,,,,,,,,,,,,,,,,,,,,,,,,,,,,,,,,,,,,,,,,,,,,,,,,,,,,,,,,,,,,,,,,,,,,,,,,,,,,,,,,,,,,,,,,,,,,,,,,,,,,,,,,,,,,,,,,,,,,,,,,,,
R427,,,,,,,,,,,,,,,,,,,,,,,,,,,,,,,,,,,,,,,,,,,,,,,,,,,,,,,,,,,,,,,,,,,,,,,,,,,,,,,,,,,,,,,,,,,,,,,,,,,,,,,,,,,,,,,,,,,,,,,,,,,,,,,,,,
R428,,,,,,,,,,,,,,,,,,,,,,,,,,,,,,,,,,,,,,,,,,,,,,,,,,,,,,,,,,,,,,,,,,,,,,,,,,,,,,,,,,,,,,,,,,,,,,,,,,,,,,,,,,,,,,,,,,,,,,,,,,,,,,,,,,
R429,,,,,,,,,,,,,,,,,,,,,,,,,,,,,,,,,,,,,,,,,,,,,,,,,,,,,,,,,,,,,,,,,,,,,,,,,,,,,,,,,,,,,,,,,,,,,,,,,,,,,,,,,,,,,,,,,,,,,,,,,,,,,,,,,,
R430,,,,,,*/ˌarsˈɛnɡa/,,,,,,,,,,,,*/kˈandɐɾə/,,,,,,,,,,,,,,,,,,,,,,,,,*/ʃkə̃mbˈĩːnːə/,*/ʃcˈĩndə/,,,,,,,,,,,,,,*/tɾə̃ndˌafˈiːlːə/,,,,,,,,,,,,,,,,,,,,,,,,,,,,,,,*/ɾˈɛ̃ndə/,,,,,,,,,,,,,,,,,,,,,,,,,*/frˌand͡zˈɔːlˠa/,,,,*/mˌandˈiːlja/,,,,,,,,,*/mə̃ndˈɛxjə/,,,
R431,,,,,,,,,,,,,,,,,,,,,,,,,,,,,,,,,,,,,,,,,,,,,,,,,,,,,,,,,,,,,,,,,,,,,,,,,,,,,,,,,,,,,,,,,,,,,,,,,,,,,,,,,,,,,,,,,,,,,,,,,,,,,,,,,,
R432,,,,,,,,,,,,,,,,,,,,,,,,,,,,,,,,,,,,,,,,,,,,,,,,,,,,,,,,,,,,,,,,,,,,,,,,,,,,,,,,,,,,,,,,,,,,,,,,,,,,,,,,,,,,,,,,,,,,,,,,,,,,,,,,,,
=Late Proto-Albanian III,null*/ˌajˈaːzma/,null*/ˌɑftɑpˈɔðə/,null*/ˌavlˠˈi/,null*/ˈaːlima/,null*/ˈamja/,null*/ˌarsˈɛnɡa/,null*/ˈɛɡɾə̃/,null*/ˌɔːˈɛːɾa/,null*/ˈie̯xə/,null*/ˈie̯ɾmə/,null*/jˌɔzˈɛːfə/,null*/jˌɔzˈiːfə/,null*/ˈiːʃɐmə/,null*/ˈiːðulˠə/,null*/ˈɔkrə/,null*/kˌalˠɔɡˈie̯rə/,null*/kˌatˈuo̯/,null*/kˈandɐɾə/,null*/kˈaːlta/,null*/kˈaːltɐɾ̃a/,null*/kəlˠˈɔɟəɾə/,null*/kːˈũmbəlˠə/,null*/ɡəzˈɔːfə/,null*/kəɾʃˈɛtə/,null*/ɡrˌafˈɛjə/,null*/ɡɾˈãmːa/,null*/ɡˈɔːlˠə/,null*/ʊlˠˈãɾ̃a/,null*/cˌɛɾəʃˈija/,null*/tjˈaːɾmə/,null*/ʃtˈɛːfɐɾ̃ə/,null*/cˈɛːfɐlˠə/,null*/cˈɛmːə/,null*/kˌiːrˈiːɑ/,null*/cˈuːlˠə/,null*/ʃˈaːɾkə/,null*/ʃəɾˈiːsə/,null*/ʃˈɔːʃə/,null*/ʃkˈaːlˠma/,null*/ʃkˈaːɾpa/,null*/ʃkˈãmbə/,null*/ʃkˈɔpə/,null*/ʃkə̃mbˈĩːnːə/,null*/ʃcˈĩndə/,null*/ʃtˈãmba/,null*/ʃtˈɛːɾpa/,null*/ʃtˈyːlˠa/,null*/ʃpˈaːɾə/,null*/ʃpˈaːɾɡɐɾ̃ə/,null*/ʃpˈaːɾta/,null*/ʃpˈɛːlˠɐja/,null*/ʃpˈɛːlːə/,null*/ʃpˈuːza/,null*/tˈie̯pa/,null*/tə̃mːˈuo̯ɾə/,null*/tˈuːvla/,null*/tːɾˈanɡuɾə/,null*/tɾə̃ndˌafˈiːlːə/,null*/tˈũmbɾa/,null*/dˈie̯pə/,null*/dˈuːrːɐsə/,null*/dɾˈaɡma/,null*/dɾˈapɐɾ̃ə/,null*/dɾˈiːʃtə/,null*/dərːˈɔpɔlˠə/,null*/t͡sˌarˈuxja/,null*/sˌimːaxˈuo̯rə/,null*/skˈima/,null*/zˈaːlˠə/,null*/zˈãmːəɾə/,null*/jɔzˈɛːfə/,null*/θˈamːa/,null*/ðjˈakə/,null*/ðˈiða/,null*/ðˈiːskə/,null*/ðˈɔmə/,null*/nˌafˈɔːɾa/,null*/nəˈiːʃə/,null*/lˌanɡˈuo̯/,null*/lˈakɐɾ̃ə/,null*/lˈaːɾkə/,null*/lə̃mˈɔːʃɐɾ̃a/,null*/ləcˈɛ̃ːnːə/,null*/lˌivˈaðja/,null*/lˈỹe̯ɲə/,null*/lˈỹma/,null*/lˈuo̯ðə/,null*/rˈaːsa/,null*/ɾˈɛ̃ndə/,null*/rˈiɡa/,null*/rˈikja/,null*/rˈɔːza/,null*/rˈuːsːə/,null*/rːˈɛpə̃/,null*/rːˈɔɡa/,null*/pˈaːlˠa/,null*/pɾˌycˈija/,null*/pɾˌɛtəɟˈĩmːa/,null*/prˌinˈɑːrə/,null*/pˌɛtˈaːvrə/,null*/pˌɛðˈɑnɑ/,null*/pˈɛːlˠɐɡə/,null*/plˈaja/,null*/pəlˠˈɛ̃ŋɡə/,null*/pəlˠˈɛ̃ŋɡa/,null*/plˈuo̯rə/,null*/pəɾˈɛːlˠə/,null*/pɾˈaːʃə/,null*/bɾˈɛtkə/,null*/bɾˈuka/,null*/fˌakjˈɔːlˠə/,null*/fcˈɔːlˠa/,null*/flˌamˈuːrə/,null*/frˌand͡zˈɔːlˠa/,null*/ˈuo̯ɾɡə/,null*/mˌaɡˈiːa/,null*/mˌanuːʃˈakja/,null*/mˌandˈiːlja/,null*/mˈaːɾɐcə/,null*/mərːˈaːʎə/,null*/mˈatə/,null*/mˌɐlˠˈaɡa/,null*/məʃtˈɛkɐɾ̃ə/,null*/mə̃ɾ̃ˈija/,null*/mərːˈaːʎa/,null*/mˈãŋɡɐɾ̃ə/,null*/mə̃ndˈɛxjə/,null*/mˈie̯ta/,null*/mˈɔkɐɾ̃a/,null*/mˈɔːlˠa/
R433,,,,,,,,,,,,,,,,,,,,,,,,,,,,,,,,,,,,,,,,,,,,,,,,,,,,,,,,,,,,,,,,,,,,,,,,,,,,,,,,,,,,,,,,,,,,,,,,,,,,,,,,,,,,,,,,,,,,,,,,,,,,,,,,,,
R434,,*/ˌɑftɑpˈɔð/,,,,,*/ˈɛɡɾ/,,*/ˈie̯x/,*/ˈie̯ɾm/,*/jˌɔzˈɛːf/,*/jˌɔzˈiːf/,*/ˈiːʃɐm/,*/ˈiːðulˠ/,*/ˈɔkr/,*/kˌalˠɔɡˈie̯r/,,*/kˈandɐɾ/,,,*/kəlˠˈɔɟəɾ/,*/kːˈũmbəlˠ/,*/ɡəzˈɔːf/,*/kəɾʃˈɛt/,*/ɡrˌafˈɛj/,,*/ɡˈɔːlˠ/,,,*/tjˈaːɾm/,*/ʃtˈɛːfɐɾ̃/,*/cˈɛːfɐlˠ/,*/cˈɛmː/,,*/cˈuːlˠ/,*/ʃˈaːɾk/,*/ʃəɾˈiːs/,*/ʃˈɔːʃ/,,,*/ʃkˈãmb/,*/ʃkˈɔp/,*/ʃkə̃mbˈĩːnː/,*/ʃcˈĩnd/,,,,*/ʃpˈaːɾ/,*/ʃpˈaːɾɡɐɾ̃/,,,*/ʃpˈɛːlː/,,,*/tə̃mːˈuo̯ɾ/,,*/tːɾˈanɡuɾ/,*/tɾə̃ndˌafˈiːlː/,,*/dˈie̯p/,*/dˈuːrːɐs/,,*/dɾˈapɐɾ̃/,*/dɾˈiːʃt/,*/dərːˈɔpɔlˠ/,,*/sˌimːaxˈuo̯r/,,*/zˈaːlˠ/,*/zˈãmːəɾ/,*/jɔzˈɛːf/,,*/ðjˈak/,,*/ðˈiːsk/,*/ðˈɔm/,,*/nəˈiːʃ/,,*/lˈakɐɾ̃/,*/lˈaːɾk/,,*/ləcˈɛ̃ːnː/,,*/lˈỹe̯ɲ/,,*/lˈuo̯ð/,,*/ɾˈɛ̃nd/,,,,*/rˈuːsː/,*/rːˈɛp/,,,,,*/prˌinˈɑːr/,*/pˌɛtˈaːvr/,,*/pˈɛːlˠɐɡ/,,*/pəlˠˈɛ̃ŋɡ/,,*/plˈuo̯r/,*/pəɾˈɛːlˠ/,*/pɾˈaːʃ/,*/bɾˈɛtk/,,*/fˌakjˈɔːlˠ/,,*/flˌamˈuːr/,,*/ˈuo̯ɾɡ/,,,,*/mˈaːɾɐc/,*/mərːˈaːʎ/,*/mˈat/,,*/məʃtˈɛkɐɾ̃/,,,*/mˈãŋɡɐɾ̃/,*/mə̃ndˈɛxj/,,,
R435,,,,,,,,,,,,,,,,,,,,,,,,,,,,,,,,,,,,,,,,,,,,,,,,,,,,,,,,,,,,,,,,,,,,,,,,,,,,,,,,,,,,,,,,,,,,,,,,,,,,,,,,,,,,,,,,,,,,,,,,,,,,,,,,,,
R436,,,,,,,,,,,,,,,,,,,,,,,,,,,,,,,,,,,,,,,,,,,,,,,,,,,,,,,,,,,,,,,,,,,,,,,,,,,,,,,,,,,,,,,,,,,,,,,,,,,,,,,,,,,,,,,,,,,,,,,,,,,,,,,,,,
R437,,,,,,,,,,,,,,,,,,,,,,,,,,,,,,,,,,,,,,,,,,,,,,,,,,,,,,,,,,,,,,,,,,,,,,,,,,,,,,,,,,,,,,,,,,,,,,,,,,,,,,,,,,,,,,,,,,,,,,,,,,,,,,,,,,
R438,,,,,,,,,,,,,,,,,,,,,,,,,,,,,,,,,,,,,,,,,,,,,,,,,,,,,,,,,,,,,,,,,,,,,,,,,,,,,,,,,,,,,,,,,,,,,,,,,,,,,,,,,,,,,,,,,,,,,,,,,,,,,,,,,,
R439,,,,,,,,,,,,,,,,,,,,,,,,,,,,,,,,,,,,,,,,,,,,,,,,,,,,,,,,,,,,,,,,,,,,,,,,,,,,,,,,,,,,,,,,,,,,,,,,,,,,,,,,,,,,,,,,,,,,,,,,,,,,,,,,,,
R440,,,,,*/ˈamɛ/,,,,,,,,,,,,,,,,,,,,,,,,*/cˌɛɾəʃˈiɛ/,,,,,,,,,,,,,,,,,,,,,,,,,,,,,,,,,,,,,*/t͡sˌarˈuxɛ/,,,,,,,,,,,,,,,,,,*/lˌivˈaðɛ/,,,,,,,*/rˈikɛ/,,,,,,*/pɾˌycˈiɛ/,,,,,,,,,,,,,,,,,,,,*/mˌanuːʃˈakɛ/,*/mˌandˈiːlɛ/,,,,,,*/mə̃ɾ̃ˈiɛ/,,,,,,
R441,,,,,,,,,,,,,,,,,,,,,,,,,,,,,,,,,,,,,,,,,,,,,,,,,,,*/ʃpˈɛːlˠa/,,,,,,,,,,,,,,,,,,,,,,,,,,,,,,,,,,,,,,,,,,,,,,,,,,,,,,,,,,,,,,,,,,,,,,,,,,,,,,,
R442,,,,,,,,,,,,,,,,,,,,,,,,,,,,,,,,,,,,,,,,,,,,,,,,,,,,,,,,,,,,,,,,,,,,,,,,,,,,,,,,,,,,,,,,,,,,,,,,,,,,,,,,,,,,,,,,,,,,,,,,,,,,,,,,,,
R443,,,,,,,,,,,,,,,,,,,,,,,,,,,,,,,,,,,,,,,,,,,,,,,,,,,,,,,,,,,,,,,,,,,,,,,,,,,,,,,,,,,,,,,,,,,,,,,,,,,,,,,,,,,,,,,,,,,,,,,,,,,,,,,,,,
R444,,,,,,,,,,,,,,,,,,,,,,,,,,,,,,,,,,,,,,,,,,,,,,,,,,,,,,,,,,,,,,,,,,,,,,,,,,,,,,*/nˈiːʃ/,,,,,,,,,,,,,,,,,,,,,,,,,,,,,,,,,,,,,,,,,,,,,,,,,,,,
R445,,,,,,,,*/ˈɛːɾa/,,,,,,,,,,,,,,,,,,,,,,,,,,,,,,,,,,,,,,,,,,,,,,,,,,,,,,,,,,,,,,,,,,,,,,,,,,,,,,,,,,,,,,,,,,,,,,,,,,,,,,,,,,,,,,,,,,,,,,,,,,
R446,,,,,,,,,,,,,,,,,,,,,,,,,,,,,*/cˌɛɾəʃˈiː/,,,,,*/kˌiːrˈiː/,,,,,,,,,,,,,,,,,,,,,,,,,,,,,,,,,,,,,,,,,,,,,,,,,,,,,,,,,,,,,,,*/pɾˌycˈiː/,,,,,,,,,,,,,,,,,,,*/mˌaɡˈiː/,,,,,,,,*/mə̃ɾ̃ˈiː/,,,,,,
R447,,,,,,,,,,,,,,,,,,,,,,,,,,,,,,,,,,,,,,,,,,,,,,,,,,,,,,,,,,,,,,,,,,,,,,,,,,,,,,,,,,,,,,,,,,,,,,,,,,,,,,,,,,,,,,,,,,,,,,,,,,,,,,,,,,
R448,,,,,,,,,,,,,,,,,,,,,,,,,,,,,,,,,,,,,,,,,,,,,,,,,,,,,,,,,,,,,,,,,,,,,,,,,,,,,,,,,,,,,,,,,,,,,,,,,,,,,,,,,,,,,,,,,,,,,,,,,,,,,,,,,,
R449,,,,,,,,,,,,,,,,,,,,,,,,,,,,,,,,,,,,,,,,,,,,,,,,,,,,,,,,,,,,,,,,,,,,,,,,,,,,,,,,,,,,,,,,,,,,,,,,,,,,,,,,,,,,,,,,,,,*/wˈɔɾɡ/,,,,,,,,,,,,,,,
R450,,,,,,,,,,,,,,,,,,,,,,,,,,,,,,,,,,,,,,,,,,,,,,,,,,,,,,,,,,,,,,,,,,,,,,,,,,,,,,,,,,,,,,,,,,,,,,,,,,,,,,,,,,,,,,,,,,,,,,,,,,,,,,,,,,
R451,,,,,,,,,*/jˈɛx/,*/jˈɛɾm/,,,,,,*/kˌalˠɔɡjˈɛr/,,,,,,,,,,,,,,,,,,,,,,,,,,,,,,,,,,,,,,,,,,,,,,,,,,,,,,,,,,,,,,,,,,,,,,,,,,,,,,,,,,,,,,,,,,,,,,,,,,,,,,,,,,,,,,,,,,
R452,,,,,,,,,,,,,,,,,,,,,,,,,,,,,,,,,,,,,,,,,,,,,,,,,,,,,,,,,,,,,,,,,,,,,,,,,,,,,,,,,,,,,,,,,,,,,,,,,,,,,,,,,,,,,,,,,,,,,,,,,,,,,,,,,,
R453,,,,,,,,,,,,,,,,,,,,,,,,,,,,,,,,,,,,,,,,,,,,,,,,,,,,,,,,,,,,,,,,,,,,,,,,,,,,,,,,,,,,,,,,,,,,,,,,,,,,,,,,,,,,,,,,,,,,,,,,,,,,,,,,,,
R454,,,,,,*/ˌaɾsˈɛnɡa/,,,,,,,,,*/ˈɔkɾ/,*/kˌalˠɔɡjˈɛɾ/,,,,,,,,,*/ɡɾˌafˈɛj/,,,,,,,,,*/kˌiːɾˈiː/,,,,,,,,,,,,,,,,,,,,,,,,,,,,,,,,*/t͡sˌaɾˈuxɛ/,*/sˌimːaxˈuo̯ɾ/,,,,,,,,,,,,,,,,,,,,,*/ɾˈaːsa/,,*/ɾˈiɡa/,*/ɾˈikɛ/,*/ɾˈɔːza/,*/ɾˈuːsː/,,,,,,*/pɾˌinˈɑːɾ/,*/pˌɛtˈaːvɾ/,,,,,,*/plˈuo̯ɾ/,,,,,,,*/flˌamˈuːɾ/,*/fɾˌand͡zˈɔːlˠa/,,,,,,,,,,,,,,,,
R455,,,,,,,,,,,,,,,,,,,,,,,,,,,,,,,,,,,,,,,,,,,,,,,,,,,,,,,,,,,,,,,,,,,,,,,,,,,,,,,,,,,,,,,,,,,,,,,,,,,,,,,,,,,,,,,,,,,,,,,,,,,,,,,,,,
R456,,,,,,,,,,,,,,,,,,,,,,,,,,,,,,,,,,,,,,,,,,,,,,,,,,,,,,,,,,,,,,,,,,,,,,,,,,,,,,,,,,,,,,,,,,,,,,,,,,,,,,,,,,,,,,,,,,,,,,,,,,,,,,,,,,
R457,,,,,,,,,,,,,,,,,,,,,,,,,,,,,,,,,,,,,,,,,,,,,,,,,,,,,,,,,,,,,,,,,,,,,,,,,,,,,,,,,,,,,,,,,,,,,,,,,,,,,,,,,,,,,,,,,,,,,,,,,,,,,,,,,,
R458,,,,,,,,,,,,,,,,,,,,,,,,,,,,,,,,,,,,,,,,,,,,,,,,,,,,,,,,,,,,,,,,,,,,,,,,,,,,,,,,,,,,,,,,,,,,,,,,,,,,,,,,,,,,,,,,,,,,,,,,,,,,,,,,,,
R459,,,,,,,,,,,,,,,,,,,,,,,,,,,,,,,,,,,,,,,,,,,,,,,,,,,,,,,,,,,,,,,,,,,,,,,,,,,,,,,,,,,,,,,,,,,,,,,,,,,,,,,,,,,,,,,,,,,,,,,,,,,,,,,,,,
R460,,,,,,,,,,,,,,,,,,,,,,,,,,,,,,,,,,,,,,,,,,,,,,,,,,,,,,,,,,,,,,,,,,,,,,,,,,,,,,,,,,,,,,,,,,,,,,,,,,,,,,,,,,,,,,,,,,,,,,,,,,,,,,,,,,
R461,,,,,,,,,,,,,,,,,,,,,,,,,,,,,,*/cˈaːɾm/,,,,,,,,,,,,,,,,,,,,,,,,,,,,,,,,,,,,,,,,,,,,,,,,,,,,,,,,,,,,,,,,,,,,,,,,,,,,,,,,,,,,,,,,,,,,,,,,,,,,
R462,,,,,,,,,,,,,,,,,,,,,,,,,,,,,,,,,,,,,,,,,,,,,,,,,,,,,,,,,,,,,,,,,,,,,,,,,,,,,,,,,,,,,,,,,,,,,,,,,,,,,,,,,,,,,,,,,,,,,,,,,,,,,,,,,,
R463,,,,,,,,,,,,,,,,,,,,,,,,,,,,,,,,,,,,,,,,,,,,,,,,,,,,,,*/tjˈɛpa/,,,,,,*/djˈɛp/,,,,,,,,,,,,,,,,,,,,,,,,,,,,,,,,,,,,,,,,,,,,,,,,,,,,,,,,,,,,,,,,,,,,*/mjˈɛta/,,
R464,,,,,,,,,,,,,,,,,,,,,,,,,,,,,,,,,,,,,,,,,,,,,,,,,,,,,,,,,,,,,,,,,,,,,,,,,,,,,,,,,,,,,,,,,,,,,,,,,,,,,,,,,,,,,,,,,,,,,,,,,,,,,,,,,,
R465,,,,,,,,,,,,,,,,,,,,,,,,,,,,,,,,,,,,,,,,,,,,,,,,,,,,,,,,,,,,,,,,,,,,,,,,,,,,,,,,,,,,,,,,,,,,,,,,,,,,,,,,,,,,,,,,,,,,,,,,,,,,,,,,,,
R466,,,,,,,,,,,,,,,,,,,,,,,,,,,,,,,,,,,,,,,,,,,,,,,,,,,,,,,,,,,,,,,,,,,,,,,,,,,,,,,,,,,,,,,,,,,,,,,,,,,,,,,,,,,,,,,,,,,,,,,,,,,,,,,,,,
R467,,,,,,,,,,,,,,,,,,,,,,,,,,,,,,,,,,,,,,,,,,,,,,,,,,,,,,,,,,,,,,,,,,,,,,,,,,,,,,,,,,,,,,,,,,,,,,,,,,,,,,,,,,,,,,,,,,,,,,,,,,,,,,,,,,
R468,,,,,,,,,,,,,,,,,,,,,,,,,,,,,,,,,,,,,,,,,,,,,,,,,,,,,,,,,,,,,,,,,,,,,,,,,,,,,,,,,,,,,,,,,,,,,,,,,,,,,,,,,,,,,,,,,,,,,,,,,,,,,,,,,,
R469,,,,,,,,,,,,,,,,,,,,,,,,,,,,,,,,,,,,,,,,,,,,,,,,,,,,,,,,,,,,,,,,,,,,,,,,,,,,,,,,,,,,,,,,,,,,,,,,,,,,,,,,,,,,,,,,,,,,,,,,,,,,,,,,,,
R470,,,,,,,,,,,,,,,,,,,,,,,,,,,,,,,,,,,,,,,,,,,,,,,,,,,,,,,,,,,,,,,,,,,,,,,,,,,,,,,,,,,,,,,,,,,,,,,,,,,,,,,,,,,,,,,,,,,,,,,,,,,,,,,,,,
R471,,,,,,,,,,,,,,,,,,,,,,,,,,,,,,,,,,,,,,,,,,,,,,,,,,,,,,,,,,,,,,,,,,,,,,,,,,,,,,,,,,,,,,,,,,,,,,,,,,,,,,,,,,,,,,,,,,,,,,,,,,,,,,,,,,
R472,,,,,,,,,,,,,,,,,,,,,,,,,,,,,,,,,,,,,,,,,,,,,,,,,,,,,,,,,,,,,,,,,,,,,,,,,,,,,,,,,,,,,,,,,,,,,,,,,,,,,,,,,,,,,,,,,,,,,,,,,,,,,,,,,,
R473,,,,,,,,,,,,,,,,,,,,,,,,,,,,,,,,,,,,,,,,,,,,,,,,,,,,,,,,,,,,,,,,,,,,,,,,,,,,,,,,,,,,,,,,,,,,,,,,,,,,,,,*/plˠˈaja/,,,,,,,,,,,,,,,,,,,,,,,,,,,
R474,,,,,,,,,,,,,,,,,,,,,,,,,,,,,,,,,,,,,,,,,,,,,,,,,,,,,,,,,,,,,,,,,,,,,,,,,,,,,,,,,,,,,,,,,,,,,,,,,,,,,,,,,,,,,,,,,,,,,,,,,,,,,,,,,,
R475,,,,,,,,,,,,,,,,,,,,,,,,,,,,,,,,,,,,,,,,,,,,,,,,,,,,,,,,,,,,,,,,,,,,,,,,,,,,,,,,,,,,,,,,,,,,,,,,,,,,,,,,,,,,,,,,,,,,,,,,,,,,,,,,,,
R476,,,,,,,,,,,,,,,,,,,,,,,,,,,,,,,,,,,,,,,,,,,,,,,,,,,,,,,,,,,,,,,,,,,,,,,,,,,,,,,,,,,,,,,,,,,,,,,,,,,,,,,,,,,,,,,,,,,,,,,,,,,,,,,,,,
R477,,,,,,,,,,,,,,,,,,,,,,,,,,,,,,,,,,,,,,,,,,,,,,,,,,,,,,,,,,,,,,,,,,,,,,,,,,,,,,,,,,,,,,,,,,,,,,,,,,,,,,,,,,,,,,,,,,,,,,,,,,,,,,,,,,
R478,,,,,,,,,,,,,,,,,,,,,,,,,,,,,,,,,,,,,,,,,,,,,,,,,,,,,,,,,,,,,,,,,,,,,,,,,,,,,,,,,,,,,,,,,,,,,,,,,,,,,,,,,,,,,,,,,,,,,,,,,,,,,,,,,,
R479,,,,,,,,,,,,,,,,,,,,,,,,,,,,,,,,,,,,,,,,,,,,,,,,,,,,,,,,,,,,,,,,,,,,,,,,,,,,,,,,,,,,,,,,,,,,,,,,,,,,,,,,,,,,,,,,,,,,,,,,,,,,,,,,,,
R480,,,,,,,,,,,,,,,,,,,,,,,,,,,,,,,,,,,,,,,,,,,,,,,,,,,,,,,,,,,,,,,,,,,,,,,,,,,,,,,,,,,,,,,,,,,,,,,,,,,,,,,,,,,,,,,,,,,,,,,,,,,,,,,,,,
R481,,,,,,,,,,,,,,,,,,,,,,,,,,,,,,,,,,,,,,,,,,,,,,,,,,,,,,,,,,,,,,,,,,,,,,,,,,,,,,,,,,,,,,,,,,,,,,,,,,,,,,,,,,,,,,,,,,,,,,,,,,,,,,,,,,
R482,,,,,,,,,,,,,,,,,,,,,,,,,,,,,,,,,,,,,,,,,,,,,,,,,,,,,,,,,,,,,,,,,,,,,,,,,,,,,,,,,,,,,,,,,,,,,,,,,,,,,,,,,,,,,,,,,,,,,,,,,,,,,,,,,,
R483,,,,,,,,,,,,,,,,,,,,,,,,,,,,,,,,,,,,,,,,,,,,,,,,,,,,,,,,,,,,,,,,,,,,,,,,,,,,,,,,,,,,,,,,,,,,,,,,,,,,,,,,,,,,,,,,,,,,,,,,,,,,,,,,,,
R484,,,,,,,,,,,,,,,,,,,,,,,,,,,,,,,,,,,,,,,,,,,,,,,,,,,,,,,,,,,,,,,,,,,,,,,,,,,,,,,,,,,,,,,,,,,,,,,,,,,,,,,,,,,,,,,,,,,,,,,,,,,,,,,,,,
R485,,,,,,,,,,,,,,,,,,,,,,,,,,,,,,,,,,,,,,,,,,,,,,,,,,,,,,,,,,,,,,,,,,,,,,,,,,,,,,,,,,,,,,,,,,,,,,,,,,,,,,,,,,,,,,,,,,,,,,,,,,,,,,,,,,
R486,,,,,,,,,,,,,,,,,,,,,,,,,,*/ɡɾˈʌ̃mːa/,,*/ʊlˠˈʌ̃ɾ̃a/,,,,,,,,,,,,,*/ʃkˈʌ̃mb/,,,,*/ʃtˈʌ̃mba/,,,,,,,,,,,,,,,,,,,,,,,,,*/zˈʌ̃mːəɾ/,,,,,,,,,,,,,,,,,,,,,,,,,,,,,,,,,,,,,,,,,,,,,,,,,,,,,,,,*/mˈʌ̃ŋɡɐɾ̃/,,,,
R487,,,,,,,,,,,,,,,,,,,,,,,,,,,,,,,,,,,,,,,,,,,,,,,,,,,,,,,,,,,,,,,,,,,,,,,,,,,,,,,,,,,,,,,,,,,,,,,,,,,,,,,,,,,,,,,,,,,,,,,,,,,,,,,,,,
R488,,,,,,,,,,,,,,,,,,,,,,,,,,,,,,,,,,,,,,,,,,,,,,,,,,,,,,,,,,,,,,,,,,,,,,,,,,,,,,,,,,,,,,,,,,,,,,,,,,,,,,,,,,,,,,,,,,,,,,,,,,,,,,,,,,
R489,,,,,,,,,,,,,,,,,,,,,,,,,,,,,,,,,,,,,,,,,,,,,,,,,,,,,,,,,,,,,,,,,,,,,,,,,,,,,,,,,,,,,,,,,,,,,,,,,,,,,,,,,,,,,,,,,,,,,,,,,,,,,,,,,,
R490,,,,,,,,,,,,,,,,,,,,,,,,,,,,,,,,,,,,,,,,,,,,,,,,,,,,,,,,,,,,,,,,,,,,,,,,,,,,,,,,,,,,,,,,,,,,,,,,,,,,,,,,,,,,,,,,,,,,,,,,,,,,,,,,,,
R491,,,,,,,,,,,,,,,,,,,,,,,,,,,,,,,,,,,,,,,,,,,,,,,,,,,,,,,,,,,,,,,,,,,,,,,,,,,,,,,,,,,,,,,,,,,,,,,,,,,,,,,,,,,,,,,,,,,,,,,,,,,,,,,,,,
R492,,,,,,,,,,,,,,,,,,,,,,,,,,,,,,,,,,,,,,,,,,,,,,,,,,,,,,,,,,,,,,,,,,,,,,,,,,,,,,,,,,,,,,,,,,,,,,,,,,,,,,,,,,,,,,,,,,,,,,,,,,,,,,,,,,
R493,,,,,,,,,,,,,,,,,,,,,,,,,,,,,,,,,,,,,,,,,,,,,,,,,,,,,,,,,,,,,,,,,,,,,,,,,,,,,,,,,,,,,,,,,,,,,,,,,,,,,,,,,,,,,,,,,,,,,,,,,,,,,,,,,,
R494,,,,,,*/ˌaɾsˈɛŋɡa/,,,,,,,,,,,,,,,,,,,,,,,,,,,,,,,,,,,,,,,,,,,,,,,,,,,*/tːɾˈaŋɡuɾ/,,,,,,,,,,,,,,,,,,,,,,*/lˌaŋɡˈuo̯/,,,,,,,,,,,,,,,,,,,,,,,,,,,,,,,,,,,,,,,,,,,,,,,,,,,
R495,,,,,,,,,,,,,,,,,,,,,,,,,,,,,,,,,,,,,,,,,,,,,,,,,,,,,,,,,,,,,,,,,,,,,,,,,,,,,,,,,,,,,,,,,,,,,,,,,,,,,,,,,,,,,,,,,,,,,,,,,,,,,,,,,,
R496,,,,,,,,,,,,,,,,,,,,,,,,,,,,,,,,,,,,,,,,,,,,,,,,,,,,,,,,,,,,,,,,,,,,,,,,,,,,,,,,,,,,,,,,,,,,,,,,,,,,,,,,,,,,,,,,,,,,,,,,,,,,,,,,,,
R497,,,,,,,,,,,,,,,,,,,,,,,,,,,,*/lˠˈʌ̃ɾ̃a/,,,,,,,,,,,,,,,,,,,,,,,,,,,,,,,,,,,,,,,,,,,,,,,,,,,,,,,,,,,,,,,,,,,,,,,,,,,,,,,,,,,,,,,,,,,,,,,,,,,,,,
R498,,,,,,,,,,,,,,,,,,,,,,,,,,,,,,,,,,,,,,,,,,,,,,,,,,,,,,,,,,,,,,,,,,,,,,,,,,,,,,,,,,,,,,,,,,,,,,,,,,,,,,,,,,,,,,,,,,,,,,,,,,,,,,,,,,
R499,,,,,,,,,,,,,,,,,,,,,,,,,,,,,,,,,,,,,,,,,,,,,,,,,,,,,,,,,,,,,,,,,,,,,,,,,,,,,,,,,,,,,,,,,,,,,,,,,,,,,,,,,,,,,,,,,,,,,,,,,,,,,,,,,,
R500,,,,,,,,,,,,,,,,,,,,,,,,,,,,,,,,,,,,,,,,,,,,,,,,,,,,,,,,,,,,,,,,,,,,,,,,,,,,,,,,,,,,,,,,,,,,,,,,,,,,,,,,,,,,,,,,,,,,,,,,,,,,,,,,,,
R501,,,,,,,,,,,,,,,,,,,,,,,,,,,,,,,,,,,,,,,,,,,,,,,,,,,,,,,*/tmːˈuo̯ɾ/,,,,,,,,,,,,,,,,,,,,,,,,,,,,,,,,,,,,,,,,,,,,,,,,,,,,,,,,,,,,,,,,,,,,,,,,,,,
R502,,,,,,,,,,,,,,,,,,,,,,,,,,,,,,,,,,,,,,,,,,,,,,,,,,,,,,,,,,,,,,,,,,,,,,,,,,,,,,,,,,,,,,,,,,,,,,,,,,,,,,,,,,,,,,,,,,,,,,,,,,,,,,,,,,
R503,,,,,,,,,,,,,,,,,,,,,,,,,,,,,,,,,,,,,,,,,,,,,,,,,,,,,,,,,,,,,,,,,,,,,,,,,,,,,,,,,,,,,,,,,,,,,,,,,,,,,,,,,,,,,,,,,,,,,,,,,,,,,,,,,,
R504,,,,,,,,,,,,,,,,,,,,,,,,,,,,,,,,,,,,,,,,,,,,,,,,,,,,,,,,,,,,,,,,,,,,,,,,,,,,,,,,,,,,,,,,,,,,,,,,,,,,,,,,,,,,,,,,,,,,,,,,,,,,,,,,,,
R505,,,,,,,,,,,,,,,,,,,,,,,,,,,,,,,,,,,,,,,,,,,,,,,,,,,,,,,,,,,,,,,,,,,,,,,,,,,,,,,,,,,,,,,,,,,,,,,,,,,,,,,,,,,,,,,,,,,,,,,,,,,,,,,,,,
R506,,,,,,,,,,,,,,,,,,,,,,,,,,,,,,,,,,,,,,,,,,,,,,,,,,,,,,,,,,,,,,,,,,,,,,,,,,,,,,,,,,,,,,,,,,,,,,,,,,,,,,,,,,,,,,,,,,,,,,,,,,,,,,,,,,
R507,,,,,,,,,,,,,,,,,,,,,,,,,,,,,,,,,,,,,,,,,,,,,,,,,,,,,,,,,,,,,,,,,,,,,,,,,,,,,,,,,,,,,,,,,,,,,,,,,,,,,,,,,,,,,,,,,,,,,,,,,,,,,,,,,,
R508,,,,,,,,,,,,,,,,,,,,,,,,,,,,,,,,,,,,,,,,,,,,,,,,,,,,,,,,,,,,,,,,,*/drːˈɔpɔlˠ/,,,,,,,,,,,,,,,,,,,,,,,,,,,,,,,,,,,,,,,,,,,,,,,,,,,,,,,,,,,,,,,,,
R509,,,,,,,,,,,,,,,,,,,,,,,,,,,,,,,,,,,,,,,,,,,,,,,,,,,,,,,,,,,,,,,,,,,,,,,,,,,,,,,,,,,,,,,,,,,,,,,,,,,,,,,,,,,,,,,,,,,,,,,,,,,,,,,,,,
R510,,,,,,,,,,,,,,,,,,,,,,,,,,,,,,,,,,,,,,,,,,,,,,,,,,,,,,,,,,,,,,,,,,,,,,,,,,,,,,,,,,,,,,,,,,,,,,,,,,,,,,,,,,,,,,,,,,,,,,,,,,,,,,,,,,
R511,,,,,,,,,,,,,,,,,,,,,,,,,,,,,,,,,,,,,,,,,,,,,,,,,,,,,,,,,,,,,,,,,*/dɾˈɔpɔlˠ/,,,,,,,,,,,,,,,,,,,,,,,,,,,,,,,,,,,,,,,,,,,,,,,,,,,,,,,,,,,,,,,,,
R512,,,,,,,,,,,,,,,,,,,,,,,,,,,,,,,,,,,,,,,,,,,,,,,,,,,,,,,,,,,,,,,,,,,,,,,,,,,,,,,,,,,,,,,,,,,,,,,,,,,,,,,,,,,,,,,,,,,,,,,,,,,,,,,,,,
R513,,,,,,,,,,,,,,,,,,,,,,,,,,,,,,,,,,,,,,,,,,,,,,,,,,,,,,,,,,,,,,,,,,,,,,,,,,,,,,,,,,,,,,,,,,,,,,,,,,,,,,,,,,,,,,,,,,,,,,,,,,,,,,,,,,
R514,,,,,,,,,,,,,,,,,,,,,,,,,,,,,,,,,,,,,,,,,,,,,,,,,,,,,,,,,,,,,,,,,,,,,,,,,,,,,,,,,,,,,,,,,,,,,,,,,,,,,,,,,,,,,,,,,,,,,,,,,,,,,,,,,,
R515,,,,,,,,,,,,,,,,,,,,,,,,,,,,,,,,,,,,,,,,,,,,,,,,,,,,,,,,,,,,,,,,,,,,,,,,,,,,,,,,,,,,,,,,,,,,,,,,,,,,,,,,,,,,,,,,,,,,,,,,,,,,,,,,,,
R516,,,,,,,,,,,,,,,,,,,,,,,,,,,,,,,,,,,,,,,,,,,,,,,,,,,,,,,,,,,,,,,,,,,,,,,,,,,,,,,,,,,,,,,,,,,,,,,,,,,,,,,,,,,,,,,,,,,,,,,,,,,,,,,,,,
R517,,,,,,,,,,,,,,,,,,,,,,,,,,,,,,,,,,,,,,,,,,,,,,,,,,,,,,,,,,,,,,,,,,,,,,,,,,,,,,,,,,,,,,,,,,,,,,,,,,,,,,,,,,,,,,,,,,,,,,,,,,,,,,,,,,
R518,,,,,,,,,,,,,,,,,,,,,,,,,,,,,,,,,,,,,,,,,,,,,,,,,,,,,,,,,,,,,,,,,,,,,,,,,,,,,,,,,,,,,,,,,,,,,,,,,,,,,,,,,,,,,,,,,,,,,,,,,,,,,,,,,,
R519,,,,,,,,,,,,,,,,,,,,,,,,,,,,,,,,,,,,,,,,,,,,,,,,,,,,,,,,,,,,,*/dˈuːrɐs/,,,,,,,,,,,,,,,,,,,,,,,,,,,,,,,,,*/rˈɛp/,*/rˈɔɡa/,,,,,,,,,,,,,,,,,,,,,,,,,*/mərˈaːʎ/,,,,,*/mərˈaːʎa/,,,,,
R520,,,,,,,,,,,,,,,,,,,,,,,,,,,,,,,,,,,,,,,,,,,,,,,,,,,,,,,,,,,*/tˈũmbɾə/,,,,,,,,,,,,,,,,,,,,,,,,,,,,,,,,,,,,,,,,,,,,,,,,,,,,,,,,,,,,,,,,,,,,,,,
R521,,,,,,,,,,,,,,,,,,*/kˈandəɾ/,,*/kˈaːltəɾ̃a/,,,,,,,,,,,,,,,,,,,,,,,,,,,,,*/ʃpˈaːɾɡəɾ̃/,,,,,,,,,,,,,,,,,,,,,,,,,,,,,,,,,,,,,,,,,,,,,,,,,,,,,,,,,,,,,,,,,,,,,,,,,,,,,*/mˈʌ̃ŋɡəɾ̃/,,,,
R522,,,,,,,,,,,,,,,,,,,,,,,,,,,,,,,,,,,,,,,,,,,,,,,,,,,,,,,,,,,*/tˈũmbɾ/,,,,,,,,,,,,,,,,,,,,,,,,,,,,,,,,,,,,,,,,,,,,,,,,,,,,,,,,,,,,,,,,,,,,,,,
R523,,,,,,,,,,,,,,,,,,,,,,,,,*/ɡɾfˈɛj/,,,,,,,,,,,,,,,,,,,,,,,,,,,,,,,,,,,,,,,,,,,,,,,,,,,,,,,,,,,,,,,,,,,,,,,,,,,,,,,,,,,,,,,,,,,,,,,,,,,,,,,,,
R524,,,,,,,,,,,,,,,,,,,,,,,,,,,,,,,,,,,,,,,,,,,,,,,,,,,,,,,,,,,,,,,,,,,,,,,,,,,,,,,,,,,,,,,,,,,,,,,,,*/pɾcˈiː/,*/pɾtəɟˈĩmːa/,,,,,,,,,,,,,,,,,,,,,,,,,,,,,,,,
R525,,,,,,,,,,,,,,,,,,*/kˈandɾ/,,,*/kəlˠˈɔɟɾ/,*/kːˈũmblˠ/,,*/kɾʃˈɛt/,,,,,,,,*/cˈɛːflˠ/,,,,,,,,,,,,,,,,,,,,,,,,,,,,,,,,,*/dɾˈɔplˠ/,,,,,*/zˈʌ̃mːɾ/,,,,,,,,,,,,,,,,,,,,,,,,,,,,,,,,,,,,,,,,,,,,,,,,,,,,,,,,,,,,
R526,*/ˌajˈaːzm/,,,,,,,,,,,,,,,,,,,,,,,,,,,,,,,,,,,,,,,,,,,,,,,,,,,,,,,,,,,,,*/dɾˈaɡm/,,,,,,,,,,,,,,,,,,,,,,,,,,,,,,,,,,,,,,,,,,,,,,,,,,,,,,,,,,,,,,,,,,,,
R527,,,,,,,,,,,,,*/ˈiːʃm/,,,,,,,,,,,,,,,,,,,,,,,,,,,,,,,,,,,,,,,,,,,,,,,,,,,,,,,,,,,,,,,,,,,,,,,,,,,,,,,,,,,,,,,,,,,,,,,,,,,,,,,,,,,,,,,,,,,,,
R528,,,,,,,,,,,,,,,,,,,,,,,,,,,,,,,,,,,,,,,,,,,,,,,,,,,,,,,,,,,,,,,,,,,,,,,,,,,,,,,,,,,,,,,,,,,,,,,,,,,,,,,,,,,,,,,,,,,,,,,,,,,,,,,,,,
R529,,,,,,,,,,,,,,,,,,,,,,,,,,,,,,,,,,,,,,,,,,,,,,,,,,,,,,,,,,,,,,,,,,,,,,,,,,,,,,,,,,,,,,,,,,,,,,,,,,,,,,,,,,,,,,,,,,,,,,,,,,,,,,,,,,
R530,,,,,,,,,,,,,,,,,,,,,,,,,,,,,,,,,,,,,,,,,,,,,,,,,,,,,,,,,,,,,,,,,,,,,,,,,,,,,,,,,,,,,,,,,,,,,,,,,,,,,,,,,,,,,,,,,,,,,,,,,,,,,,,,,,
R531,,,,,,,,,,,,,,,,,,,,,,,,,,,,,,,,,,,,,,,,,,,,,,,,,,,,,,,,,,,,,,,,,,,,,,,,,,,,,,,,,,,,,,,,,,,,,,,,,,,,,,,,,,,,,,,,,,,,,,,,,,,,,,,,,,
R532,,,,,,,,,,,,,,,,,,,,,,,,,,,,,,,,,,,,,,,,,,,,,,,,,,,,,,,,,,,,,,,,,,,,,,,,,,,,,,,,,,,,,,,,,,,,,,,,,,,,,,,,,,,,,,,,,,,,,,,,,,,,,,,,,,
R533,,,,,,,*/ˈɛɡɾ̩/,,,,,,,,*/ˈɔkɾ̩/,,,*/kˈandɾ̩/,,,*/kəlˠˈɔɟɾ̩/,,,*/kɾ̩ʃˈɛt/,*/ɡɾ̩fˈɛj/,,,,,,,,,,,,,,,,,,,,,,,,,,,,,,,,,,,,,,,,,,,,,*/zˈʌ̃mːɾ̩/,,,,,,,,,,,,,,,,,,,,,,,,,,,,,,,,,,,,,,,,,,,,,,,,,,,,,,,,,,,,
R534,,,,,,,,,,,,,,,,,,,,,,*/kːˈũmb?0/,,,,,,,,,,*/cˈɛːf?0/,,,,,,,,,,,,,,,,,,,,,,,,,,,*/tˈũmbɾ̩/,,,,,,*/dɾˈɔp?0/,,,,,,,,,,,,,,,,,,,,,,,,,,,,,,,,*/pɾ̩cˈiː/,*/pɾ̩təɟˈĩmːa/,,*/pˌɛtˈaːvɾ̩/,,,,,,,,,,,,,,,,,,,,,,,,,,,,,,
R535,,,,,,,,,,,,,,,,,,,,,,,,,,,,,,,,,,,,,,,,,,,,,,,,,,,,,,,,,,,,,,,,,,,,,,,,,,,,,,,,,,,,,,,,,,,,,,,,,,,,,,,,,,,,,,,,,,,,,,,,,,,,,,,,,,
R536,*/ˌajˈaːzm̩/,,,,,,,,,,,,*/ˈiːʃm̩/,,,,,,,,,,,,,,,,,,,,,,,,,,,,,,,,,,,,,,,,,,,,,,,,,*/dɾˈaɡm̩/,,,,,,,,,,,,,,,,,,,,,,,,,,,,,,,,,,,,,,,,,,,,,,,,,,,,,,,,,,,,,,,,,,,,
R537,,,,,,,,,,,,,,,,,,,,,,,,,,,,,,,,,,,,,,,,,,,,,,,,,,,,,,,,,,,,,,,,,,,,,,,,,,,,,,,,,,,,,,,,,,,,,,,,,,,,,,,,,,,,,,,,,,,,,,,,,,,,,,,,,,
R538,,,,,,,,,,,,,,,,,,,,,,,,,,,,,,,,,,,,,,,,,,,,,,,,,,,,,,,,,,,,,,,,,,,,,,,,,,,,,,,,,,,,,,,,,,,,,,,,,,,,,,,,,,,,,,,,,,,,,,,,,,,,,,,,,,
R539,,,,,,,,,,,,,,,,,,,,,,,,,,,,,,,,,,,,,,,,,,,,,,,,,,,,,,,,,,,,,,,,,,,,,,,,,,,,,,,,,,,,,,,,,,,,,,,,,,,,,,,,,,,,,,,,,,,,,,,,,,,,,,,,,,
R540,,,,,,,,,,,,,,,,,,,,,,,,,,,,,,,,,,,,,,,,,,,,,,,,,,,,,,,,,,,,,,,,,,,,,,,,,,,,,,,,,,,,,,,,,,,,,,,,,,,,,,,,,,,,,,,,,,,,,,,,,,,,,,,,,,
R541,,,,,,,,,,,,,,,,,,,,,,,,,,,,,,,,,,,,,,,,,,,,,,,,,,,,,,,,,,,,,,,,,,,,,,,,,,,,,,,,,,,,,,,,,,,,,,,,,,,,,,,,,,,,,,,,,,,,,,,,,,,,,,,,,,
R542,,,,,,,,,,,,,,,,,,,,,,,,,,,,,,,,,,,,,,,,,,,,,,,,,,,,,,,,,,,,,,,,,,,,,,,,,,,,,,,,,,,,,,,,,,,,,,,,,,,,,,,,,,,,,,,,,,,,,,,,,,,,,,,,,,
R543,,,,,,,,,,,,,,,,,,,,,,,,,,,,,,,,,,,,,,,,,,,,,,,,,,,,,,,,,,,,,,,,,,,,,,,,,,,,,,,,,,,,,,,,,,,,,,,,,,,,,,,,,,,,,,,,,,,,,,,,,,,,,,,,,,
R544,,,,,,,,,,,,,,,,,,,,,,,,,,,,,,,,,,,,,,,,,,,,,,,,,,,,,,,,,,,,,,,,,,,,,,,,,,,,,,,,,,,,,,,,,,,,,,,,,,,,,,,,,,,,,,,,,,,,,,,,,,,,,,,,,,
R545,,,,,,,,,,,,,,,,,,,,,,*/kːˈũmbulˠ/,,,,,,,,,,*/cˈɛːfulˠ/,,,,,,,,,,,,,,,,,,,,,,,,,,,,,,,,,*/dɾˈɔpulˠ/,,,,,,,,,,,,,,,,,,,,,,,,,,,,,,,,,,,,,,,,,,,,,,,,,,,,,,,,,,,,,,,,,
R546,,,,,,,,,,,,,,,,,,,,,,,,,,,,,,,,,,,,,,,,,,,,,,,,,,,,,,,,,,,,,,,,,,,,,,,,,,,,,,,,,,,,,,,,,,,,,,,,,,,,,,,,,,,,,,,,,,,,,,,,,,,,,,,,,,
R547,,,,,,,,,,,,,,,,,,,,,,,,,,,,,,,,,,,,,,,,,,,,,,,,,,,,,,,,,,,,,,,,,,,,,,,,,,,,,,,,,,,,,,,,,,,,,,,,,,,,,,,,,,,,,,,,,,,,,,,,,,,,,,,,,,
R548,,,,,,,,,,,,,,,,,,,,,,,,,,,,,,,,,,,,,,,,,,,,,,,,,,,,,,,,,,,,,,,,,,,,,,,,,,,,,,,,,,,,,,,,,,,,,,,,,,,,,,,,,,,,,,,,,,,,,,,,,,,,,,,,,,
R549,,,,,,,,,,,,,,,,,,,,,,,,,,,,,,,,,,,,,,,,,,,,,,,,,,,,,,,,,,,,,,,,,,,,,,,,,,,,,,,,,,,,,,,,,,,,,,,,,,,,,,,,,,,,,,,,,,,,,,,,,,,,,,,,,,
R550,,,,,,,,,,,,,,,,,,,,,,,,,,,,,,,*/ʃtˈɛːfəɾ̃/,,,,,,,,,,,,,,,,,,,,,,,,,,,,,,*/dˈuːrəs/,,*/dɾˈapəɾ̃/,,,,,,,,,,,,,,,,,*/lˈakəɾ̃/,,*/lə̃mˈɔːʃəɾ̃a/,,,,,,,,,,,,,,,,,,,,*/pˈɛːlˠəɡ/,,,,,,,,,,,,,,,,,*/mˈaːɾəc/,,,*/mˌəlˠˈaɡa/,*/məʃtˈɛkəɾ̃/,,,,,,*/mˈɔkəɾ̃a/,
R551,,,,,,,,,,,,,,,,,,,,,,,,,,,,,,,,,,,,,,,,,,,,,,,,,,,,,,,,,,,,,,,,,,,,,,,,,,,,,,,,,,,,,,,,,,,,,,,,,,,,,,,,,,,,,,,,,,,,,,,,,,,,,,,,,,
R552,,*/ˌaftapˈɔð/,,,,,,,,,,,,,,,,,,,,,,,,,,,,,,,,,,,,,,,,,,,,,,,,,,,,,,,,,,,,,,,,,,,,,,,,,,,,,,,,,,,,,,,,,,,,,,,,,*/pɾˌinˈaːɾ/,,*/pˌɛðˈana/,,,,,,,,,,,,,,,,,,,,,,,,,,,,,
R553,,,,,,,,,,,,,,,,,,,,,,,,,,,,,,,,,,,,,,,,,,,,,,,,,,,,,,,,,,,,,,,,,,,,,,,,,,,,,,,,,,,,,,,,,,,,,,,,,,,,,,,,,,,,,,,,,,,,,,,,,,,,,,,,,,
R554,,,,*/ˈaːlimə/,,*/ˌaɾsˈɛŋɡə/,,*/ˈɛːɾə/,,,,,,,,,,,*/kˈaːltə/,*/kˈaːltəɾ̃ə/,,,,,,*/ɡɾˈʌ̃mːə/,,*/lˠˈʌ̃ɾ̃ə/,,,,,,,,,,,*/ʃkˈaːlˠmə/,*/ʃkˈaːɾpə/,,,,,*/ʃtˈʌ̃mbə/,*/ʃtˈɛːɾpə/,*/ʃtˈyːlˠə/,,,*/ʃpˈaːɾtə/,*/ʃpˈɛːlˠə/,,*/ʃpˈuːzə/,*/tjˈɛpə/,,*/tˈuːvlə/,,,,,,,,,,,,*/skˈimə/,,,,*/θˈamːə/,,*/ðˈiðə/,,,*/nˌafˈɔːɾə/,,,,,*/lə̃mˈɔːʃəɾ̃ə/,,,,*/lˈỹmə/,,*/ɾˈaːsə/,,*/ɾˈiɡə/,,*/ɾˈɔːzə/,,,*/rˈɔɡə/,*/pˈaːlˠə/,,*/pɾ̩təɟˈĩmːə/,,,*/pˌɛðˈanə/,,*/plˠˈajə/,,*/pəlˠˈɛ̃ŋɡə/,,,,,*/bɾˈukə/,,*/fcˈɔːlˠə/,,*/fɾˌand͡zˈɔːlˠə/,,,,,,,,*/mˌəlˠˈaɡə/,,,*/mərˈaːʎə/,,,*/mjˈɛtə/,*/mˈɔkəɾ̃ə/,*/mˈɔːlˠə/
~Proto-Tosk-SGheg,null*/ˌajˈaːzm̩/,null*/ˌaftapˈɔð/,null*/ˌavlˠˈi/,null*/ˈaːlimə/,null*/ˈamɛ/,null*/ˌaɾsˈɛŋɡə/,null*/ˈɛɡɾ̩/,null*/ˈɛːɾə/,null*/jˈɛx/,null*/jˈɛɾm/,null*/jˌɔzˈɛːf/,null*/jˌɔzˈiːf/,null*/ˈiːʃm̩/,null*/ˈiːðulˠ/,null*/ˈɔkɾ̩/,null*/kˌalˠɔɡjˈɛɾ/,null*/kˌatˈuo̯/,null*/kˈandɾ̩/,null*/kˈaːltə/,null*/kˈaːltəɾ̃ə/,null*/kəlˠˈɔɟɾ̩/,null*/kːˈũmbulˠ/,null*/ɡəzˈɔːf/,null*/kɾ̩ʃˈɛt/,null*/ɡɾ̩fˈɛj/,null*/ɡɾˈʌ̃mːə/,null*/ɡˈɔːlˠ/,null*/lˠˈʌ̃ɾ̃ə/,null*/cˌɛɾəʃˈiː/,null*/cˈaːɾm/,null*/ʃtˈɛːfəɾ̃/,null*/cˈɛːfulˠ/,null*/cˈɛmː/,null*/kˌiːɾˈiː/,null*/cˈuːlˠ/,null*/ʃˈaːɾk/,null*/ʃəɾˈiːs/,null*/ʃˈɔːʃ/,null*/ʃkˈaːlˠmə/,null*/ʃkˈaːɾpə/,null*/ʃkˈʌ̃mb/,null*/ʃkˈɔp/,null*/ʃkə̃mbˈĩːnː/,null*/ʃcˈĩnd/,null*/ʃtˈʌ̃mbə/,null*/ʃtˈɛːɾpə/,null*/ʃtˈyːlˠə/,null*/ʃpˈaːɾ/,null*/ʃpˈaːɾɡəɾ̃/,null*/ʃpˈaːɾtə/,null*/ʃpˈɛːlˠə/,null*/ʃpˈɛːlː/,null*/ʃpˈuːzə/,null*/tjˈɛpə/,null*/tmːˈuo̯ɾ/,null*/tˈuːvlə/,null*/tːɾˈaŋɡuɾ/,null*/tɾə̃ndˌafˈiːlː/,null*/tˈũmbɾ̩/,null*/djˈɛp/,null*/dˈuːrəs/,null*/dɾˈaɡm̩/,null*/dɾˈapəɾ̃/,null*/dɾˈiːʃt/,null*/dɾˈɔpulˠ/,null*/t͡sˌaɾˈuxɛ/,null*/sˌimːaxˈuo̯ɾ/,null*/skˈimə/,null*/zˈaːlˠ/,null*/zˈʌ̃mːɾ̩/,null*/jɔzˈɛːf/,null*/θˈamːə/,null*/ðjˈak/,null*/ðˈiðə/,null*/ðˈiːsk/,null*/ðˈɔm/,null*/nˌafˈɔːɾə/,null*/nˈiːʃ/,null*/lˌaŋɡˈuo̯/,null*/lˈakəɾ̃/,null*/lˈaːɾk/,null*/lə̃mˈɔːʃəɾ̃ə/,null*/ləcˈɛ̃ːnː/,null*/lˌivˈaðɛ/,null*/lˈỹe̯ɲ/,null*/lˈỹmə/,null*/lˈuo̯ð/,null*/ɾˈaːsə/,null*/ɾˈɛ̃nd/,null*/ɾˈiɡə/,null*/ɾˈikɛ/,null*/ɾˈɔːzə/,null*/ɾˈuːsː/,null*/rˈɛp/,null*/rˈɔɡə/,null*/pˈaːlˠə/,null*/pɾ̩cˈiː/,null*/pɾ̩təɟˈĩmːə/,null*/pɾˌinˈaːɾ/,null*/pˌɛtˈaːvɾ̩/,null*/pˌɛðˈanə/,null*/pˈɛːlˠəɡ/,null*/plˠˈajə/,null*/pəlˠˈɛ̃ŋɡ/,null*/pəlˠˈɛ̃ŋɡə/,null*/plˈuo̯ɾ/,null*/pəɾˈɛːlˠ/,null*/pɾˈaːʃ/,null*/bɾˈɛtk/,null*/bɾˈukə/,null*/fˌakjˈɔːlˠ/,null*/fcˈɔːlˠə/,null*/flˌamˈuːɾ/,null*/fɾˌand͡zˈɔːlˠə/,null*/wˈɔɾɡ/,null*/mˌaɡˈiː/,null*/mˌanuːʃˈakɛ/,null*/mˌandˈiːlɛ/,null*/mˈaːɾəc/,null*/mərˈaːʎ/,null*/mˈat/,null*/mˌəlˠˈaɡə/,null*/məʃtˈɛkəɾ̃/,null*/mə̃ɾ̃ˈiː/,null*/mərˈaːʎə/,null*/mˈʌ̃ŋɡəɾ̃/,null*/mə̃ndˈɛxj/,null*/mjˈɛtə/,null*/mˈɔkəɾ̃ə/,null*/mˈɔːlˠə/
R555,,,,,,*/ˌaɾsˈɛɲ̈ɡə/,,,,,,,,,,,,,,,,,,,,*/ɡɾˈə̃mːə/,,*/lˠˈə̃ɾ̃ə/,,,,,,,,,,,,,*/ʃkˈə̃mb/,,,,*/ʃtˈə̃mbə/,,,,,,,,,,,,*/tːɾˈaɲ̈ɡuɾ/,,,,,,,,,,,,,*/zˈə̃mːɾ̩/,,,,,,,,,*/lˌaɲ̈ɡˈuo̯/,,,,,,,,,,,,,,,,,,,,,,,,,*/pəlˠˈɛ̃ɲ̈ɡ/,*/pəlˠˈɛ̃ɲ̈ɡə/,,,,,,,,,,,,,,,,,,,,,*/mˈə̃ɲ̈ɡəɾ̃/,,,,
R556,,,,,,,,,,,,,,,,,*/kˌatˈua̯/,,,,,,,,,,,,,,,,,,,,,,,,,,,,,,,,,,,,,,*/tmːˈua̯ɾ/,,,,,,,,,,,,*/sˌimːaxˈua̯ɾ/,,,,,,,,,,,,*/lˌaɲ̈ɡˈua̯/,,,,,,,,*/lˈua̯ð/,,,,,,,,,,,,,,,,,,,*/plˈua̯ɾ/,,,,,,,,,*/wˈaɾɡ/,,,,,,,,,,,,,,,
R557,,,,,,,,,,,,,,,,,,,,,,,,,,,,,,,,,,,,,,,,,,,,,,,,,,,,,,,,,,,,,,,,,,,,,,,,,,,,,,,,,,,,,,,,,,,,,,,,,,,,,,,,,,,,,,,,,,,,,,,,,,,,,,,,,,
R558,,,,,,,,,,,,,,,,,,,,,,,,,,,,,,,,,,,,,,,,,,,,,,,,,,,,,,,,,,,,,,,,,,,,,,,,,,,,,,,,,,,,,,,,,,,,,,,,,,,,,,,,,,,,,,,,,,,*/vˈaɾɡ/,,,,,,,,,,,,,,,
R559,,,,,,,,,*/jˈɛh/,,,,,,,,,,,,,,,,,,,,,,,,,,,,,,,,,,,,,,,,,,,,,,,,,,,,,,,,,*/t͡sˌaɾˈuhɛ/,*/sˌimːahˈua̯ɾ/,,,,,,,,,,,,,,,,,,,,,,,,,,,,,,,,,,,,,,,,,,,,,,,,,,,,,,,,,,,,*/mə̃ndˈɛhj/,,,
R560,,,,*/ˈaːlim/,,,,,,,,,,,,,,,,*/kˈaːltəɾ̃/,,,,,,,,,,,,,,,,,,,,,,,,,,,,,,,,,,,,,,,,,,,,,,,,,,,,,,,,,,,,,,*/lə̃mˈɔːʃəɾ̃/,,,,,,,,,,,,,,,,,,,,,,,,,,,,,,,,,,,,,,,,,,,,,,,*/mˈɔkəɾ̃/,
R561,,,,,,,,,,,,,,,,,,,,,,,,,,,,,*/cˌɛɾʃˈiː/,,,,,,,,,,,,,,,,,,,,,,,,,,,,,,,,,,,,,,,,,,,,,,,,,,,,,,,,,,,,,,,,,,,,,,,,,,,,,,,,,,,,,,,,,,,,,,,,,,,,,
R562,,,,,,,,,,,,,,,,,,,,,,,,,,,,,,,,,,,,,,,,,,,,,,,,,,,,,,,,,,,,,,,,,,,,,,,,,,,,,,,,,,,,,,,,,,,,,,,,,,,,,,,,,,,,,,,,,,,,,,,,,,,,,,,,,,
R563,,,,,,,,,,,,,,,,,,,,,,,,,,,,,,,,,,,,,,,,,,,,,,,,,,,,,,,,,,,,,,,,,,,,,,,,,,,,,,,,,,,,,,,,,,,,,,,,,,,,,,,,,,,,,,,,,,,,,,,,,,,,,,,,,,
R564,,,,,,,,,,,,,,,,,,,,,,,,*/ɡɾ̩ʃˈɛt/,,,,,,,,,,,,,,,,,,,,,,,,,,,,,,,,,,,,,,,,,,,,,,,,,,,,,,,,,,,,,,,,,,,,,,,,,,,,,,,,,,,,,,,,,,,,,,,,,,,,,,,,,,
R565,,,,,,,,,,,,,,,,,,,,,,,,,,,,,,,,,,,,,,,,,,,,,,,,,,,,,,,,,,,,,,,,,,,,,,,,,,,,,,,,,,,,,,,,,,,,,,,,,,,,,,,,,,,,,,,,,,,,,,,,,,,,,,,,,,
R566,,,,,,,,,,,,,,,,,,,,,,,,,,,,,,,,,,,,,,,,,,,,,,,,,,,,,,,,,,,,,,,,,,,,,,,,,,,,,,,,,,,,,,,,,,,,,,,,,,,,,,,,,,,,,,,,,,,,,,,,,,,,,,,,,,
R567,,,,,,,,,,,,,,,,,,,,,,,,,,,,,,,,,,,,,,,,,,,,,,,,,,,,,,,,,,,,,,,,,,,,,,,,,,,,,,,,,,,,,,,,,,,,,,,,,,,,,,,,,,,,,,,,,,,,,,,,,,,,,,,,,,
R568,,,,,,,,,,,,,,,,,,,,,,,,,,*/ɡɾˈə̃mə/,,,,,,,*/cˈɛm/,,,,,,,,,,*/ʃkə̃mbˈĩːn/,,,,,,,,,,,,*/tmˈua̯ɾ/,,,,,,,,,,,,*/sˌimahˈua̯ɾ/,,,*/zˈə̃mɾ̩/,,*/θˈamə/,,,,,,,,,,,*/ləcˈɛ̃ːn/,,,,,,,,,,,,,,,*/pɾ̩təɟˈĩmə/,,,,,,,,,,,,,,,,,,,,,,,,,,,,,,,,
=Proto-Tosk,null*/ˌajˈaːzm̩/,null*/ˌaftapˈɔð/,null*/ˌavlˠˈi/,null*/ˈaːlim/,null*/ˈamɛ/,null*/ˌaɾsˈɛɲ̈ɡə/,null*/ˈɛɡɾ̩/,null*/ˈɛːɾə/,null*/jˈɛh/,null*/jˈɛɾm/,null*/jˌɔzˈɛːf/,null*/jˌɔzˈiːf/,null*/ˈiːʃm̩/,null*/ˈiːðulˠ/,null*/ˈɔkɾ̩/,null*/kˌalˠɔɡjˈɛɾ/,null*/kˌatˈua̯/,null*/kˈandɾ̩/,null*/kˈaːltə/,null*/kˈaːltəɾ̃/,null*/kəlˠˈɔɟɾ̩/,null*/kːˈũmbulˠ/,null*/ɡəzˈɔːf/,null*/ɡɾ̩ʃˈɛt/,null*/ɡɾ̩fˈɛj/,null*/ɡɾˈə̃mə/,null*/ɡˈɔːlˠ/,null*/lˠˈə̃ɾ̃ə/,null*/cˌɛɾʃˈiː/,null*/cˈaːɾm/,null*/ʃtˈɛːfəɾ̃/,null*/cˈɛːfulˠ/,null*/cˈɛm/,null*/kˌiːɾˈiː/,null*/cˈuːlˠ/,null*/ʃˈaːɾk/,null*/ʃəɾˈiːs/,null*/ʃˈɔːʃ/,null*/ʃkˈaːlˠmə/,null*/ʃkˈaːɾpə/,null*/ʃkˈə̃mb/,null*/ʃkˈɔp/,null*/ʃkə̃mbˈĩːn/,null*/ʃcˈĩnd/,null*/ʃtˈə̃mbə/,null*/ʃtˈɛːɾpə/,null*/ʃtˈyːlˠə/,null*/ʃpˈaːɾ/,null*/ʃpˈaːɾɡəɾ̃/,null*/ʃpˈaːɾtə/,null*/ʃpˈɛːlˠə/,null*/ʃpˈɛːlː/,null*/ʃpˈuːzə/,null*/tjˈɛpə/,null*/tmˈua̯ɾ/,null*/tˈuːvlə/,null*/tːɾˈaɲ̈ɡuɾ/,null*/tɾə̃ndˌafˈiːlː/,null*/tˈũmbɾ̩/,null*/djˈɛp/,null*/dˈuːrəs/,null*/dɾˈaɡm̩/,null*/dɾˈapəɾ̃/,null*/dɾˈiːʃt/,null*/dɾˈɔpulˠ/,null*/t͡sˌaɾˈuhɛ/,null*/sˌimahˈua̯ɾ/,null*/skˈimə/,null*/zˈaːlˠ/,null*/zˈə̃mɾ̩/,null*/jɔzˈɛːf/,null*/θˈamə/,null*/ðjˈak/,null*/ðˈiðə/,null*/ðˈiːsk/,null*/ðˈɔm/,null*/nˌafˈɔːɾə/,null*/nˈiːʃ/,null*/lˌaɲ̈ɡˈua̯/,null*/lˈakəɾ̃/,null*/lˈaːɾk/,null*/lə̃mˈɔːʃəɾ̃/,null*/ləcˈɛ̃ːn/,null*/lˌivˈaðɛ/,null*/lˈỹe̯ɲ/,null*/lˈỹmə/,null*/lˈua̯ð/,null*/ɾˈaːsə/,null*/ɾˈɛ̃nd/,null*/ɾˈiɡə/,null*/ɾˈikɛ/,null*/ɾˈɔːzə/,null*/ɾˈuːsː/,null*/rˈɛp/,null*/rˈɔɡə/,null*/pˈaːlˠə/,null*/pɾ̩cˈiː/,null*/pɾ̩təɟˈĩmə/,null*/pɾˌinˈaːɾ/,null*/pˌɛtˈaːvɾ̩/,null*/pˌɛðˈanə/,null*/pˈɛːlˠəɡ/,null*/plˠˈajə/,null*/pəlˠˈɛ̃ɲ̈ɡ/,null*/pəlˠˈɛ̃ɲ̈ɡə/,null*/plˈua̯ɾ/,null*/pəɾˈɛːlˠ/,null*/pɾˈaːʃ/,null*/bɾˈɛtk/,null*/bɾˈukə/,null*/fˌakjˈɔːlˠ/,null*/fcˈɔːlˠə/,null*/flˌamˈuːɾ/,null*/fɾˌand͡zˈɔːlˠə/,null*/vˈaɾɡ/,null*/mˌaɡˈiː/,null*/mˌanuːʃˈakɛ/,null*/mˌandˈiːlɛ/,null*/mˈaːɾəc/,null*/mərˈaːʎ/,null*/mˈat/,null*/mˌəlˠˈaɡə/,null*/məʃtˈɛkəɾ̃/,null*/mə̃ɾ̃ˈiː/,null*/mərˈaːʎə/,null*/mˈə̃ɲ̈ɡəɾ̃/,null*/mə̃ndˈɛhj/,null*/mjˈɛtə/,null*/mˈɔkəɾ̃/,null*/mˈɔːlˠə/
R569,,,,,,,,,,,,,,,,,,,,,,,,,,,,,,,,,,,,,,,,,,,*/ʃkəmbˈĩːn/,,,,,,,,,,,,,,,*/tɾəndˌafˈiːlː/,,,,,,,,,,,,,,,,,,,,,,,,*/ləmˈɔːʃəɾ̃/,,,,,,,,,,,,,,,,,,,,,,,,,,,,,,,,,,,,,,,,,,*/məɾ̃ˈiː/,,,*/məndˈɛhj/,,,
R570,,,,,,,,,,,,,,,,,,,,,,,,,,,,,,,,,,,,,,,,,,,,,,,,,,,,,,,,,,,,,,,,,,,,,,,,,,,,,,,,,,,,,,,,,,,,,,,,,,,,,,,,,,,,,,,,,,,,,,,,,,,,,,,,,,
R571,,,,,,,,,,,,,,,,,,,,,,,,,,,,,,,,,,,,,,,,,,,,,,,,,,,,,,,,,,,,,,,,,,,,,,,,,,,,,,,,,,,,,,,,,,,,,,,,,,,,,,,,,,,,,,,,,,,,,,,,,,,,,,,,,,
R572,,,,,,,,,,,,,,,,,,,,,,*/kːˈumbulˠ/,,,,*/ɡɾˈəmə/,,*/lˠˈəɾ̃ə/,,,,,,,,,,,,,*/ʃkˈəmb/,,*/ʃkəmbˈiːn/,*/ʃcˈind/,*/ʃtˈəmbə/,,,,,,,,,,,,,,*/tˈumbɾ̩/,,,,,,,,,,,*/zˈəmɾ̩/,,,,,,,,,,,,,*/ləcˈɛːn/,,*/lˈye̯ɲ/,*/lˈymə/,,,*/ɾˈɛnd/,,,,,,,,,*/pɾ̩təɟˈimə/,,,,,,*/pəlˠˈɛɲ̈ɡ/,*/pəlˠˈɛɲ̈ɡə/,,,,,,,,,,,,,,,,,,,,,*/mˈəɲ̈ɡəɾ̃/,,,,
R573,,,,,,,,,,,,,,,,,,,,,,,,,,,,,,,,,,,,,,,,,,,,,,,,,,,,,,,,,,,,,,,,,,,,,,,,,,,,,,,,,,,,,,,,,,,,,,,,,,,,,,,,,,,,,,,,,,,,,,,,,,*/məlˠˈaɡə/,,,,,,,,
R574,,,,,,,,,,,,,,,,,,,,,,,,,,,,,,,,,,,,,,,,,,,,,,,,,,,,,,,,,,,,,,,,,,,,,,,,,,,,,,,,,,,,,,,,,,,,,,,,,,,,,,,,,,,*/pɾˈɛːlˠ/,,,,,,,,,,,,,,,,,,,,,,,
R575,,,,,,,,,,,,,,,,,,,,*/kˈaːltəɾ/,,,,,,,,*/lˠˈəɾə/,,,*/ʃtˈɛːfəɾ/,,,,,,,,,,,,,,,,,,*/ʃpˈaːɾɡəɾ/,,,,,,,,,,,,,,*/dɾˈapəɾ/,,,,,,,,,,,,,,,,,*/lˈakəɾ/,,*/ləmˈɔːʃəɾ/,,,,,,,,,,,,,,,,,,,,,,,,,,,,,,,,,,,,,,,,,*/məʃtˈɛkəɾ/,*/məɾˈiː/,,*/mˈəɲ̈ɡəɾ/,,,*/mˈɔkəɾ/,
R576,,,,,,,,,,,,,,,,,,,,,,,,,,,,,,,,,,,,,,,,,,,,,,,,,,,,,,,,,,,,,,,,,,,,,,,,,,,,,,,,,,,,,,,,,,,,,,,,,,,,,,,,,,,,,,,,,,,,,,,,,,,,,,,,,,
R577,,,,,,,,,,,,,,,,,,,,,,,,,,,,,,,,,,,,,,,,,,,,,,,,,,,,,,,,,,,,,,,,,,,,,,,,,,,,,,,,,,,,,,,,,,,,,,,,,,,,,,,,,,,,,,,,,,,,,,,,,,,,,,,,,,
R578,*/ajˈaːzm̩/,*/aftapˈɔð/,*/avlˠˈi/,,,*/aɾsˈɛɲ̈ɡə/,,,,,*/jɔzˈɛːf/,*/jɔzˈiːf/,,,,*/kalˠɔɡjˈɛɾ/,*/katˈua̯/,,,,,,,,,,,,*/cɛɾʃˈiː/,,,,,*/kiːɾˈiː/,,,,,,,,,,,,,,,,,,,,,,,,*/tɾəndafˈiːlː/,,,,,,,,*/t͡saɾˈuhɛ/,*/simahˈua̯ɾ/,,,,,,,,,,*/nafˈɔːɾə/,,*/laɲ̈ɡˈua̯/,,,,,*/livˈaðɛ/,,,,,,,,,,,,,,,*/pɾinˈaːɾ/,*/pɛtˈaːvɾ̩/,*/pɛðˈanə/,,,,,,,,,,*/fakjˈɔːlˠ/,,*/flamˈuːɾ/,*/fɾand͡zˈɔːlˠə/,,*/maɡˈiː/,*/manuːʃˈakɛ/,*/mandˈiːlɛ/,,,,,,,,,,,,
R579,,,,,,,,,,,,,,,,,,,,,,,,,,,,,,,,,,,,,,,,,,,,,,,,,,,,,,,,,,,,,,,,,,,,,,,,,,,,,,,,,,,*/licˈɛːn/,,,,,,,,,,,,,,,,,,,,,,,,,,,,,,,,,,,,,,,,,,,,,,,
R580,,,,,,,,,,,,,,,,,,,,,,,,,,,,,,,,,,,,,,,,,,,,,,,,,,,,,,,,,,,,,,,,,,,,,,,,,,,,,,,,,,,,,,,,,,,,,,,,,,,,,,,,,,,,,,,,,,,,,,,,,,,,,,,,,,
R581,,,,*/ˈaːlm/,,,,,,,,,,,,,,,,,,,,,,,,,,,,,,,,,,,,,,,,,,,,,,,,,,,,,,,,,,,,,,,,,,,,,,,,,,,,,,,,,,,,,,,,,,,,,,,,,,,,,,,,,,,,,,,,,,,,,,,,,,,,,,
R582,,,,,,,,,,,,,,,,,,,,,,,,,,,,,,,,,,,,,,,,,,,,,,,,,,,,,,,,,,,,,,,,,,,,,,,,,,,,,,,,,,,,,,,,,,,,,,,,,,,,,,,,,,,,,,,,,,,,,,,,,,,,,,,,,,
R583,,,,,,,,,,,,,,,,,,,,,,,,,,,,,,,,,,,,,,,,,,,,,,,,,,,,,,,,,,,,,,,,,,,,,,,,,,,,,,,,,,,,,,,,,,,,,,,,,,,,,,,,,,,,,,,,,,,,,,,,,,,,,,,,,,
R584,,,,,,,,,,,,,,,,,,,,,,,,,,,,,,,,,,,,,,,,,,,,,,,,,,,,,,,,,,,,,,,,,,,,,,,,,,,,,,,,,,,,,,,,,,,,,,,,,,,,,,,,,,,,,,,,,,,,,,,,*/mərˈaːj/,,,,,*/mərˈaːjə/,,,,,
R585,,,,,,,,,,,,,,,,*/kalˠɔɟˈɛɾ/,,,,,,,,,,,,,,,,,,,,,,,,,,,,,,,,,,,,,,,,,,,,,,,,,,,,,,,,,,,,,,,,,,,,,,,,,,,,,,,,,,,,,,,,,,,,,,,*/facˈɔːlˠ/,,,,,,,,,,,,,,,,,,,
R586,,,,,,,,,,,,,,,,,,,,,,,,,,,,,,,,,,,,,,,,,,,,,,,,,,,,,,,,,,,,,,,,,,,,,,,,,,,,,,,,,,,,,,,,,,,,,,,,,,,,,,,,,,,,,,,,,,,,,,,,,,,,,,,,,,
R587,,,,,,,,,,,,,,,,,,,,,,,,,,,,,,,,,,,,,,,,,,,,,,,,,,,,,,,,,,,,,,,,,,,,,,,,,,,,,,,,,,,,,,,,,,,,,,,,,,,,,,,,,,,,,,,,,,,,,,,,,,,,,,,,,,
R588,,,,,,,,,,,,,,,,,,,,,,,,,,,,,,,,,,,,,,,,,,,,,,,,,,,,,,,,,,,,,,,,,,,,,,,,,,,,,,,,,,,,,,,,,,,,,,,,,,,,,,,,,,,,,,,,,,,,,,,,,,,,,,,,,,
R589,,,,,,,,,,,,,,,,,,,,,,,,,,,,,,,,,,,,,,,,,,,,,,,,,,,,,,,,,,,,,,,,,,,,,,,,,,,,,,,,,,,,,,,,,,,,,,,,,,,,,,,,,,,,,,,,,,,,,,,,,,,,,,,,,,
R590,,,,,,,,,,,,,,,,,,,,,,,,,,,,,,,,,,,,,,,,,,,,,,,,,,,,,,,,,,,,,,,,,,,,,,,,,,,,,,,,,,,,,,,,,,,,,,,,,,,,,,,,,,,,,,,,,,,,,,,,,,,,,,,,,,
R591,,,,,,,,,,,,,,,,,,,,,,,,,,,,,,,,,,,,,,,,,,,,,,,,,,,,,,,,,,,,,,,,,,,,,,,,,,,,,,,,,,,,,,,,,,,,,,,,,,,,,,,,,,,,,,,,,,,,,,,,,,,,,,,,,,
R592,*/ajˈazm̩/,,,*/ˈalm/,,,,*/ˈɛɾə/,,,*/jɔzˈɛf/,*/jɔzˈif/,*/ˈiʃm̩/,*/ˈiðulˠ/,,,,,*/kˈaltə/,*/kˈaltəɾ/,,*/kˈumbulˠ/,*/ɡəzˈɔf/,,,,*/ɡˈɔlˠ/,,*/cɛɾʃˈi/,*/cˈaɾm/,*/ʃtˈɛfəɾ/,*/cˈɛfulˠ/,,*/kiɾˈi/,*/cˈulˠ/,*/ʃˈaɾk/,*/ʃəɾˈis/,*/ʃˈɔʃ/,*/ʃkˈalˠmə/,*/ʃkˈaɾpə/,,,*/ʃkəmbˈin/,,,*/ʃtˈɛɾpə/,*/ʃtˈylˠə/,*/ʃpˈaɾ/,*/ʃpˈaɾɡəɾ/,*/ʃpˈaɾtə/,*/ʃpˈɛlˠə/,*/ʃpˈɛl/,*/ʃpˈuzə/,,,*/tˈuvlə/,*/tɾˈaɲ̈ɡuɾ/,*/tɾəndafˈil/,,,*/dˈurəs/,,,*/dɾˈiʃt/,,,,,*/zˈalˠ/,,*/jɔzˈɛf/,,,,*/ðˈisk/,,*/nafˈɔɾə/,*/nˈiʃ/,,,*/lˈaɾk/,*/ləmˈɔʃəɾ/,*/licˈɛn/,,,,,*/ɾˈasə/,,,,*/ɾˈɔzə/,*/ɾˈus/,,,*/pˈalˠə/,*/pɾ̩cˈi/,,*/pɾinˈaɾ/,*/pɛtˈavɾ̩/,,*/pˈɛlˠəɡ/,,,,,*/pɾˈɛlˠ/,*/pɾˈaʃ/,,,*/facˈɔlˠ/,*/fcˈɔlˠə/,*/flamˈuɾ/,*/fɾand͡zˈɔlˠə/,,*/maɡˈi/,*/manuʃˈakɛ/,*/mandˈilɛ/,*/mˈaɾəc/,*/mərˈaj/,,,,*/məɾˈi/,*/mərˈajə/,,,,,*/mˈɔlˠə/
=Old North Tosk,null*/ajˈazm̩/,null*/aftapˈɔð/,null*/avlˠˈi/,null*/ˈalm/,null*/ˈamɛ/,null*/aɾsˈɛɲ̈ɡə/,null*/ˈɛɡɾ̩/,null*/ˈɛɾə/,null*/jˈɛh/,null*/jˈɛɾm/,null*/jɔzˈɛf/,null*/jɔzˈif/,null*/ˈiʃm̩/,null*/ˈiðulˠ/,null*/ˈɔkɾ̩/,null*/kalˠɔɟˈɛɾ/,null*/katˈua̯/,null*/kˈandɾ̩/,null*/kˈaltə/,null*/kˈaltəɾ/,null*/kəlˠˈɔɟɾ̩/,null*/kˈumbulˠ/,null*/ɡəzˈɔf/,null*/ɡɾ̩ʃˈɛt/,null*/ɡɾ̩fˈɛj/,null*/ɡɾˈəmə/,null*/ɡˈɔlˠ/,null*/lˠˈəɾə/,null*/cɛɾʃˈi/,null*/cˈaɾm/,null*/ʃtˈɛfəɾ/,null*/cˈɛfulˠ/,null*/cˈɛm/,null*/kiɾˈi/,null*/cˈulˠ/,null*/ʃˈaɾk/,null*/ʃəɾˈis/,null*/ʃˈɔʃ/,null*/ʃkˈalˠmə/,null*/ʃkˈaɾpə/,null*/ʃkˈəmb/,null*/ʃkˈɔp/,null*/ʃkəmbˈin/,null*/ʃcˈind/,null*/ʃtˈəmbə/,null*/ʃtˈɛɾpə/,null*/ʃtˈylˠə/,null*/ʃpˈaɾ/,null*/ʃpˈaɾɡəɾ/,null*/ʃpˈaɾtə/,null*/ʃpˈɛlˠə/,null*/ʃpˈɛl/,null*/ʃpˈuzə/,null*/tjˈɛpə/,null*/tmˈua̯ɾ/,null*/tˈuvlə/,null*/tɾˈaɲ̈ɡuɾ/,null*/tɾəndafˈil/,null*/tˈumbɾ̩/,null*/djˈɛp/,null*/dˈurəs/,null*/dɾˈaɡm̩/,null*/dɾˈapəɾ/,null*/dɾˈiʃt/,null*/dɾˈɔpulˠ/,null*/t͡saɾˈuhɛ/,null*/simahˈua̯ɾ/,null*/skˈimə/,null*/zˈalˠ/,null*/zˈəmɾ̩/,null*/jɔzˈɛf/,null*/θˈamə/,null*/ðjˈak/,null*/ðˈiðə/,null*/ðˈisk/,null*/ðˈɔm/,null*/nafˈɔɾə/,null*/nˈiʃ/,null*/laɲ̈ɡˈua̯/,null*/lˈakəɾ/,null*/lˈaɾk/,null*/ləmˈɔʃəɾ/,null*/licˈɛn/,null*/livˈaðɛ/,null*/lˈye̯ɲ/,null*/lˈymə/,null*/lˈua̯ð/,null*/ɾˈasə/,null*/ɾˈɛnd/,null*/ɾˈiɡə/,null*/ɾˈikɛ/,null*/ɾˈɔzə/,null*/ɾˈus/,null*/rˈɛp/,null*/rˈɔɡə/,null*/pˈalˠə/,null*/pɾ̩cˈi/,null*/pɾ̩təɟˈimə/,null*/pɾinˈaɾ/,null*/pɛtˈavɾ̩/,null*/pɛðˈanə/,null*/pˈɛlˠəɡ/,null*/plˠˈajə/,null*/pəlˠˈɛɲ̈ɡ/,null*/pəlˠˈɛɲ̈ɡə/,null*/plˈua̯ɾ/,null*/pɾˈɛlˠ/,null*/pɾˈaʃ/,null*/bɾˈɛtk/,null*/bɾˈukə/,null*/facˈɔlˠ/,null*/fcˈɔlˠə/,null*/flamˈuɾ/,null*/fɾand͡zˈɔlˠə/,null*/vˈaɾɡ/,null*/maɡˈi/,null*/manuʃˈakɛ/,null*/mandˈilɛ/,null*/mˈaɾəc/,null*/mərˈaj/,null*/mˈat/,null*/məlˠˈaɡə/,null*/məʃtˈɛkəɾ/,null*/məɾˈi/,null*/mərˈajə/,null*/mˈəɲ̈ɡəɾ/,null*/məndˈɛhj/,null*/mjˈɛtə/,null*/mˈɔkəɾ/,null*/mˈɔlˠə/
R593,,,,,,,,,,,,,,,,,,,,,,,,,,,,,,,,,,,,,,,,,,,,,,,,,,,,,,,,,,,,,,,,,,,,,,,,,,,,,,,,,,,,,,,,,,,,,,,,,,,,,,,,,,,,,,,,,,,,,,,,,,,,,,,,,,
R594,,,,,,,,,,,,,,,,,,,,,,,,,,,,,,,,,,,,,,,,,,,,,,,,,,,,,,,,,,,,,,,,,,,,,,,,,,,,,,,,,,,,,,,,,,,,,,,,,,,,,,*/pˈɛlˠɡ/,,,,,,,,,,,,,,,,,*/mˈaɾc/,,,,,,,,,,,
R595,,,,,,,,,,,,,,,,,,,,,,,,,,,,,,,,,,,,,,,,,,,,,,,,,,,,,,,,,,,,,,,,,,,,,,,,,,,,,,,,,,,,,,,,,,,,,,,,,,,,,,,,,,,,,,,,,,,,,,,,,,,,,,,,,,
R596,,,,,,,,,,,,,,,,,,,,,*/klˠˈɔɟɾ̩/,,,,,,,,,,,,,,,,,,,,,,,,,,,,,,,,,,,,,,,,,,,,,,,,,,,,,,,,,,,,,,,,,,,,,,,,,,,,,,,,,,,,,,,,,,,,,,,,,,,,,,,,,,,,,
R597,,,,,,,,,,,,,,,,,,,,,,,,,,,,,,,,,,*/ciɾˈi/,,,,,,,,,,,,,,,,,,,,,,,,,,,,,,,,,,*/scˈimə/,,,,,,,,,,,,,,,,,,,,,,,*/ɾˈicɛ/,,,,,,,,,,,,,,,,,,,,,,,,,*/maɟˈi/,*/manuʃˈacɛ/,,,,,,,,,,,,,
R598,,,,,,*/aɾsˈɛŋɡə/,,,,,,,,,,,,,,,,,,,,,,,,,,,,,,,,,,,,,,,,,,,,,,,,,,,*/tɾˈaŋɡuɾ/,,,,,,,,,,,,,,,,,,,,,,*/laŋɡˈua̯/,,,,,,,,,,,,,,,,,,,,,,,,,*/pəlˠˈɛŋɡ/,*/pəlˠˈɛŋɡə/,,,,,,,,,,,,,,,,,,,,,*/mˈəŋɡəɾ/,,,,
R599,*/ajˈazəm̩/,,,,,,*/ˈɛɡəɾ̩/,,,,,,*/ˈiʃəm̩/,,*/ˈɔkəɾ̩/,,,*/kˈandəɾ̩/,,,*/klˠˈɔɟəɾ̩/,,,*/ɡəɾ̩ʃˈɛt/,*/ɡəɾ̩fˈɛj/,,,,,,,,,,,,,,,,,,,,,,,,,,,,,,,,,,*/tˈumbəɾ̩/,,,*/dɾˈaɡəm̩/,,,,,,,,*/zˈəməɾ̩/,,,,,,,,,,,,,,,,,,,,,,,,,,,*/pəɾ̩cˈi/,*/pəɾ̩təɟˈimə/,,*/pɛtˈavəɾ̩/,,,,,,,,,,,,,,,,,,,,,,,,,,,,,,
R600,*/ajˈazəm/,,,,,,*/ˈɛɡəɾ/,,,,,,*/ˈiʃəm/,,*/ˈɔkəɾ/,,,*/kˈandəɾ/,,,*/klˠˈɔɟəɾ/,,,*/ɡəɾʃˈɛt/,*/ɡəɾfˈɛj/,,,,,,,,,,,,,,,,,,,,,,,,,,,,,,,,,,*/tˈumbəɾ/,,,*/dɾˈaɡəm/,,,,,,,,*/zˈəməɾ/,,,,,,,,,,,,,,,,,,,,,,,,,,,*/pəɾcˈi/,*/pəɾtəɟˈimə/,,*/pɛtˈavəɾ/,,,,,,,,,,,,,,,,,,,,,,,,,,,,,,
R601,,,,,,,,,,,,,,,,,,,,,,,,,,,,,,,,,,,,,,,,,,,,,,,,,,,,,,,,,,,,,,,,,,,,,,,,,,,,,,,,,,,,,,,,,,,,,,,,,,,,,,,,,,,,,,,,,,,,,,,,,,,,,,,,,,
R602,,,,,,,,,,,,,,,,,,,,,,,,,,,,,,,,,,,,,,,,,,,,,,,,,,,,,,,,,,,,,,,,,,,,,,,,,,,,,,,,,,,,,,,,,,,,,,,,,,,,,,,,,,,,,,,,,,,,,,,,,,,,,,,,,,
R603,,,,,,,,,,,,,,,,,,,,,,,,,,,,,,,,,,,,,,,,,,,,,,,,,,,,,,,,,,,,,,,,,,,,,,,,,,,,,,,,,,,,,,,,,,,,,,,,,,,,,,,,,,,,,,,,,,,,,,,,,,,,,,,,,,
R604,,,,,,,,,,,,,,,,,,,,,,,,,,,,,,,,,,,,,,,,,,,,,,,,,,,,,,,,,,,,,,,,,,,,,,,,,,,,,,,,,,,,,,,,,,,,,,,,,,,,,,,,,,,,,,,,,,,,,,,,,,,,,,,,,,
R605,,,,,,,,,,,,,,,,,,,,,,,,,,,,,,,,,,,,,,,,,,,,,,,,,,,,,,,,,,,,,,,,,,,,,,,,,,,,,,,,,,,,,,,,,,,,,,,,,,,,,,,,,,,,,,,,,,,,,,,,,,,,,,,,,,
R606,,,,,,,,,,,,,,,,,,,,,,,,,,,,,,,,,,,,,,,,,,,,,,,,,,,,,,,,,,,,,,,,,,,,,,,,,,,,,,,,,,,,,*/lˈye̯j/,,,,,,,,,,,,,,,,,,,,,,,,,,,,,,,,,,,,,,,,,,,,,
R607,,,,,,,,,,,,,,,,,,,,,,,,,,,,,,,,,,,,,,,,,,,,,,,,,,,,,,,,,,,,,,,,,,,,,,,,,,,,,,,,,,,,,,,,,,,,,,,,,,,,,,,,,,,,,,,,,,,,,,,,,,,,,,,,,,
R608,,,,,,,,,,,,,,,,,,,,,,,,,,,,,,,,,,,,,,,,,,,,,,,,,,,,,,,,,,,,,,,,,,,,,,,,,,,,,,,,,,,,,,,,,,,,,,,,,,,,,,,,,,,,,,,,,,,,,,,,,,,,,,,,,,
