INPUT,{ABSENT},{ABSENT},{ABSENT},{ABSENT},{ABSENT},{ABSENT},{ABSENT},{ABSENT},{ABSENT},{ABSENT},{ABSENT},{ABSENT},{ABSENT},{ABSENT},{ABSENT},{ABSENT},{ABSENT},{ABSENT},{ABSENT},{ABSENT},{ABSENT},{ABSENT},{ABSENT},{ABSENT},{ABSENT},{ABSENT},{ABSENT},{ABSENT},{ABSENT},{ABSENT},{ABSENT},{ABSENT},{ABSENT},{ABSENT},{ABSENT},{ABSENT},{ABSENT},{ABSENT},{ABSENT},{ABSENT},{ABSENT},{ABSENT},{ABSENT},{ABSENT},{ABSENT},{ABSENT},{ABSENT},{ABSENT},{ABSENT},{ABSENT},{ABSENT},{ABSENT},{ABSENT},{ABSENT},{ABSENT},{ABSENT},{ABSENT},{ABSENT},{ABSENT},{ABSENT},{ABSENT},{ABSENT},{ABSENT},{ABSENT},{ABSENT},{ABSENT},{ABSENT},{ABSENT},{ABSENT},{ABSENT},{ABSENT},{ABSENT},{ABSENT},{ABSENT},{ABSENT},{ABSENT},{ABSENT},{ABSENT},{ABSENT},{ABSENT},{ABSENT},{ABSENT},{ABSENT},{ABSENT},{ABSENT},{ABSENT},{ABSENT},{ABSENT},{ABSENT},{ABSENT},{ABSENT},{ABSENT},{ABSENT},{ABSENT},{ABSENT},{ABSENT},{ABSENT},{ABSENT},{ABSENT},{ABSENT},{ABSENT},{ABSENT},{ABSENT},{ABSENT},{ABSENT},{ABSENT},{ABSENT},{ABSENT},{ABSENT},{ABSENT},{ABSENT},{ABSENT},{ABSENT},{ABSENT},{ABSENT},{ABSENT},{ABSENT},{ABSENT},{ABSENT},{ABSENT},{ABSENT},{ABSENT},{ABSENT},{ABSENT},{ABSENT},{ABSENT},{ABSENT},{ABSENT},{ABSENT},{ABSENT},{ABSENT},{ABSENT},{ABSENT},{ABSENT},{ABSENT},{ABSENT},{ABSENT},{ABSENT},{ABSENT},{ABSENT},{ABSENT},{ABSENT},{ABSENT},{ABSENT},{ABSENT},{ABSENT},{ABSENT},{ABSENT},{ABSENT},{ABSENT},{ABSENT},{ABSENT},{ABSENT},{ABSENT},{ABSENT},{ABSENT},{ABSENT},{ABSENT},{ABSENT},{ABSENT},{ABSENT},{ABSENT},{ABSENT},{ABSENT},{ABSENT},{ABSENT},{ABSENT},{ABSENT},{ABSENT},{ABSENT},{ABSENT},{ABSENT},{ABSENT},{ABSENT},{ABSENT},{ABSENT},{ABSENT},{ABSENT},{ABSENT},{ABSENT},{ABSENT},{ABSENT},{ABSENT},{ABSENT},{ABSENT},{ABSENT},{ABSENT},{ABSENT},{ABSENT},{ABSENT},{ABSENT},{ABSENT},{ABSENT},{ABSENT},{ABSENT},{ABSENT},{ABSENT},{ABSENT},{ABSENT},{ABSENT},{ABSENT},{ABSENT},{ABSENT},{ABSENT},{ABSENT},{ABSENT},{ABSENT},{ABSENT},{ABSENT},{ABSENT},{ABSENT},{ABSENT},{ABSENT},{ABSENT},{ABSENT},{ABSENT},{ABSENT},{ABSENT},{ABSENT},{ABSENT},{ABSENT},{ABSENT},{ABSENT},{ABSENT},{ABSENT},{ABSENT},{ABSENT},{ABSENT},{ABSENT},{ABSENT},{ABSENT},{ABSENT},{ABSENT},{ABSENT},{ABSENT},{ABSENT},{ABSENT},{ABSENT},{ABSENT},{ABSENT},{ABSENT},{ABSENT},{ABSENT},{ABSENT},{ABSENT},{ABSENT},{ABSENT},{ABSENT},{ABSENT},{ABSENT},{ABSENT},{ABSENT},{ABSENT},{ABSENT},{ABSENT},{ABSENT},{ABSENT},{ABSENT},{ABSENT},{ABSENT},{ABSENT},{ABSENT},{ABSENT},{ABSENT},{ABSENT},{ABSENT},{ABSENT},{ABSENT},{ABSENT},{ABSENT},{ABSENT},{ABSENT},{ABSENT},{ABSENT},{ABSENT},{ABSENT},{ABSENT},{ABSENT},{ABSENT},{ABSENT},{ABSENT},{ABSENT},{ABSENT},{ABSENT},{ABSENT},{ABSENT},{ABSENT},{ABSENT},{ABSENT},{ABSENT},{ABSENT},{ABSENT},{ABSENT},{ABSENT},{ABSENT},{ABSENT},{ABSENT},{ABSENT},{ABSENT},{ABSENT},{ABSENT},{ABSENT},{ABSENT},{ABSENT},{ABSENT},{ABSENT},{ABSENT},{ABSENT},{ABSENT},{ABSENT},{ABSENT},{ABSENT},{ABSENT},{ABSENT},{ABSENT},{ABSENT},{ABSENT},{ABSENT},{ABSENT},{ABSENT},{ABSENT},{ABSENT},{ABSENT},{ABSENT},{ABSENT},{ABSENT},{ABSENT},{ABSENT},{ABSENT},{ABSENT},{ABSENT},{ABSENT},{ABSENT},{ABSENT},{ABSENT},{ABSENT},{ABSENT},{ABSENT},{ABSENT},{ABSENT},{ABSENT},{ABSENT},{ABSENT},{ABSENT},{ABSENT},{ABSENT},{ABSENT},{ABSENT},{ABSENT},{ABSENT},{ABSENT},{ABSENT},{ABSENT},{ABSENT},{ABSENT},{ABSENT},{ABSENT},{ABSENT},{ABSENT},{ABSENT},{ABSENT},{ABSENT},{ABSENT},{ABSENT},{ABSENT},{ABSENT},{ABSENT},{ABSENT},{ABSENT},{ABSENT},{ABSENT},{ABSENT},{ABSENT},{ABSENT},{ABSENT},{ABSENT},{ABSENT},{ABSENT},{ABSENT},{ABSENT},{ABSENT},{ABSENT},{ABSENT},{ABSENT},{ABSENT},{ABSENT},{ABSENT},{ABSENT},{ABSENT},{ABSENT},{ABSENT},{ABSENT},{ABSENT},{ABSENT},{ABSENT},{ABSENT},{ABSENT},{ABSENT},{ABSENT},{ABSENT},{ABSENT},{ABSENT},{ABSENT},{ABSENT},{ABSENT},{ABSENT},{ABSENT},{ABSENT},{ABSENT},{ABSENT},{ABSENT},{ABSENT},{ABSENT},{ABSENT},{ABSENT},{ABSENT},{ABSENT},{ABSENT},{ABSENT},{ABSENT},{ABSENT},{ABSENT},{ABSENT},{ABSENT},{ABSENT},{ABSENT},{ABSENT},{ABSENT},{ABSENT},{ABSENT},{ABSENT},{ABSENT},{ABSENT},{ABSENT},{ABSENT},{ABSENT},{ABSENT},{ABSENT},{ABSENT},{ABSENT},{ABSENT},{ABSENT},{ABSENT},{ABSENT},{ABSENT},{ABSENT},{ABSENT},{ABSENT},{ABSENT},{ABSENT},{ABSENT},{ABSENT},{ABSENT},{ABSENT},{ABSENT},{ABSENT},{ABSENT},{ABSENT},{ABSENT},{ABSENT},{ABSENT},{ABSENT},{ABSENT},{ABSENT},{ABSENT},{ABSENT},{ABSENT},{ABSENT},{ABSENT},{ABSENT},{ABSENT},{ABSENT},{ABSENT},{ABSENT},{ABSENT},{ABSENT},{ABSENT},{ABSENT},{ABSENT},{ABSENT},{ABSENT},{ABSENT},{ABSENT},{ABSENT},{ABSENT},{ABSENT},{ABSENT},{ABSENT},{ABSENT},{ABSENT},{ABSENT},{ABSENT},{ABSENT},{ABSENT},{ABSENT},{ABSENT},{ABSENT},{ABSENT},{ABSENT},{ABSENT},{ABSENT},{ABSENT},{ABSENT},{ABSENT},{ABSENT},{ABSENT},{ABSENT},{ABSENT}
R0,,,,,,,,,,,,,,,,,,,,,,,,,,,,,,,,,,,,,,,,,,,,,,,,,,,,,,,,,,,,,,,,,,,,,,,,,,,,,,,,,,,,,,,,,,,,,,,,,,,,,,,,,,,,,,,,,,,,,,,,,,,,,,,,,,,,,,,,,,,,,,,,,,,,,,,,,,,,,,,,,,,,,,,,,,,,,,,,,,,,,,,,,,,,,,,,,,,,,,,,,,,,,,,,,,,,,,,,,,,,,,,,,,,,,,,,,,,,,,,,,,,,,,,,,,,,,,,,,,,,,,,,,,,,,,,,,,,,,,,,,,,,,,,,,,,,,,,,,,,,,,,,,,,,,,,,,,,,,,,,,,,,,,,,,,,,,,,,,,,,,,,,,,,,,,,,,,,,,,,,,,,,,,,,,,,,,,,,,,,,,,,,,,,,,,,,,,,,,,,,,,,,,,,,,,,,,,,,,,,,,,,,,,,,,,,,,,,,,,,,,,,,,,,,,,,,,,,,,,,,,,,,,,,,,,,,,,,,,,,,,,,,,,,,,,,,,,,,,,,,,,,,,,,,
R1,,,,,,,,,,,,,,,,,,,,,,,,,,,,,,,,,,,,,,,,,,,,,,,,,,,,,,,,,,,,,,,,,,,,,,,,,,,,,,,,,,,,,,,,,,,,,,,,,,,,,,,,,,,,,,,,,,,,,,,,,,,,,,,,,,,,,,,,,,,,,,,,,,,,,,,,,,,,,,,,,,,,,,,,,,,,,,,,,,,,,,,,,,,,,,,,,,,,,,,,,,,,,,,,,,,,,,,,,,,,,,,,,,,,,,,,,,,,,,,,,,,,,,,,,,,,,,,,,,,,,,,,,,,,,,,,,,,,,,,,,,,,,,,,,,,,,,,,,,,,,,,,,,,,,,,,,,,,,,,,,,,,,,,,,,,,,,,,,,,,,,,,,,,,,,,,,,,,,,,,,,,,,,,,,,,,,,,,,,,,,,,,,,,,,,,,,,,,,,,,,,,,,,,,,,,,,,,,,,,,,,,,,,,,,,,,,,,,,,,,,,,,,,,,,,,,,,,,,,,,,,,,,,,,,,,,,,,,,,,,,,,,,,,,,,,,,,,,,,,,,,,,,,,,
R2,,,,,,,,,,,,,,,,,,,,,,,,,,,,,,,,,,,,,,,,,,,,,,,,,,,,,,,,,,,,,,,,,,,,,,,,,,,,,,,,,,,,,,,,,,,,,,,,,,,,,,,,,,,,,,,,,,,,,,,,,,,,,,,,,,,,,,,,,,,,,,,,,,,,,,,,,,,,,,,,,,,,,,,,,,,,,,,,,,,,,,,,,,,,,,,,,,,,,,,,,,,,,,,,,,,,,,,,,,,,,,,,,,,,,,,,,,,,,,,,,,,,,,,,,,,,,,,,,,,,,,,,,,,,,,,,,,,,,,,,,,,,,,,,,,,,,,,,,,,,,,,,,,,,,,,,,,,,,,,,,,,,,,,,,,,,,,,,,,,,,,,,,,,,,,,,,,,,,,,,,,,,,,,,,,,,,,,,,,,,,,,,,,,,,,,,,,,,,,,,,,,,,,,,,,,,,,,,,,,,,,,,,,,,,,,,,,,,,,,,,,,,,,,,,,,,,,,,,,,,,,,,,,,,,,,,,,,,,,,,,,,,,,,,,,,,,,,,,,,,,,,,,,,,
R3,,,,,,,,,,,,,,,,,,,,,,,,,,,,,,,,,,,,,,,,,,,,,,,,,,,,,,,,,,,,,,,,,,,,,,,,,,,,,,,,,,,,,,,,,,,,,,,,,,,,,,,,,,,,,,,,,,,,,,,,,,,,,,,,,,,,,,,,,,,,,,,,,,,,,,,,,,,,,,,,,,,,,,,,,,,,,,,,,,,,,,,,,,,,,,,,,,,,,,,,,,,,,,,,,,,,,,,,,,,,,,,,,,,,,,,,,,,,,,,,,,,,,,,,,,,,,,,,,,,,,,,,,,,,,,,,,,,,,,,,,,,,,,,,,,,,,,,,,,,,,,,,,,,,,,,,,,,,,,,,,,,,,,,,,,,,,,,,,,,,,,,,,,,,,,,,,,,,,,,,,,,,,,,,,,,,,,,,,,,,,,,,,,,,,,,,,,,,,,,,,,,,,,,,,,,,,,,,,,,,,,,,,,,,,,,,,,,,,,,,,,,,,,,,,,,,,,,,,,,,,,,,,,,,,,,,,,,,,,,,,,,,,,,,,,,,,,,,,,,,,,,,,,,,
R4,,,,,,,,,,,,,,,,,,,,,,,,,,,,,,,,,,,,,,,,,,,,,,,,,,,,,,,,,,,,,,,,,,,,,,,,,,,,,,,,,,,,,,,,,,,,,,,,,,,,,,,,,,,,,,,,,,,,,,,,,,,,,,,,,,,,,,,,,,,,,,,,,,,,,,,,,,,,,,,,,,,,,,,,,,,,,,,,,,,,,,,,,,,,,,,,,,,,,,,,,,,,,,,,,,,,,,,,,,,,,,,,,,,,,,,,,,,,,,,,,,,,,,,,,,,,,,,,,,,,,,,,,,,,,,,,,,,,,,,,,,,,,,,,,,,,,,,,,,,,,,,,,,,,,,,,,,,,,,,,,,,,,,,,,,,,,,,,,,,,,,,,,,,,,,,,,,,,,,,,,,,,,,,,,,,,,,,,,,,,,,,,,,,,,,,,,,,,,,,,,,,,,,,,,,,,,,,,,,,,,,,,,,,,,,,,,,,,,,,,,,,,,,,,,,,,,,,,,,,,,,,,,,,,,,,,,,,,,,,,,,,,,,,,,,,,,,,,,,,,,,,,,,,,
R5,,,,,,,,,,,,,,,,,,,,,,,,,,,,,,,,,,,,,,,,,,,,,,,,,,,,,,,,,,,,,,,,,,,,,,,,,,,,,,,,,,,,,,,,,,,,,,,,,,,,,,,,,,,,,,,,,,,,,,,,,,,,,,,,,,,,,,,,,,,,,,,,,,,,,,,,,,,,,,,,,,,,,,,,,,,,,,,,,,,,,,,,,,,,,,,,,,,,,,,,,,,,,,,,,,,,,,,,,,,,,,,,,,,,,,,,,,,,,,,,,,,,,,,,,,,,,,,,,,,,,,,,,,,,,,,,,,,,,,,,,,,,,,,,,,,,,,,,,,,,,,,,,,,,,,,,,,,,,,,,,,,,,,,,,,,,,,,,,,,,,,,,,,,,,,,,,,,,,,,,,,,,,,,,,,,,,,,,,,,,,,,,,,,,,,,,,,,,,,,,,,,,,,,,,,,,,,,,,,,,,,,,,,,,,,,,,,,,,,,,,,,,,,,,,,,,,,,,,,,,,,,,,,,,,,,,,,,,,,,,,,,,,,,,,,,,,,,,,,,,,,,,,,,,
R6,,,,,,,,,,,,,,,,,,,,,,,,,,,,,,,,,,,,,,,,,,,,,,,,,,,,,,,,,,,,,,,,,,,,,,,,,,,,,,,,,,,,,,,,,,,,,,,,,,,,,,,,,,,,,,,,,,,,,,,,,,,,,,,,,,,,,,,,,,,,,,,,,,,,,,,,,,,,,,,,,,,,,,,,,,,,,,,,,,,,,,,,,,,,,,,,,,,,,,,,,,,,,,,,,,,,,,,,,,,,,,,,,,,,,,,,,,,,,,,,,,,,,,,,,,,,,,,,,,,,,,,,,,,,,,,,,,,,,,,,,,,,,,,,,,,,,,,,,,,,,,,,,,,,,,,,,,,,,,,,,,,,,,,,,,,,,,,,,,,,,,,,,,,,,,,,,,,,,,,,,,,,,,,,,,,,,,,,,,,,,,,,,,,,,,,,,,,,,,,,,,,,,,,,,,,,,,,,,,,,,,,,,,,,,,,,,,,,,,,,,,,,,,,,,,,,,,,,,,,,,,,,,,,,,,,,,,,,,,,,,,,,,,,,,,,,,,,,,,,,,,,,,,,,
R7,,,,,,,,,,,,,,,,,,,,,,,,,,,,,,,,,,,,,,,,,,,,,,,,,,,,,,,,,,,,,,,,,,,,,,,,,,,,,,,,,,,,,,,,,,,,,,,,,,,,,,,,,,,,,,,,,,,,,,,,,,,,,,,,,,,,,,,,,,,,,,,,,,,,,,,,,,,,,,,,,,,,,,,,,,,,,,,,,,,,,,,,,,,,,,,,,,,,,,,,,,,,,,,,,,,,,,,,,,,,,,,,,,,,,,,,,,,,,,,,,,,,,,,,,,,,,,,,,,,,,,,,,,,,,,,,,,,,,,,,,,,,,,,,,,,,,,,,,,,,,,,,,,,,,,,,,,,,,,,,,,,,,,,,,,,,,,,,,,,,,,,,,,,,,,,,,,,,,,,,,,,,,,,,,,,,,,,,,,,,,,,,,,,,,,,,,,,,,,,,,,,,,,,,,,,,,,,,,,,,,,,,,,,,,,,,,,,,,,,,,,,,,,,,,,,,,,,,,,,,,,,,,,,,,,,,,,,,,,,,,,,,,,,,,,,,,,,,,,,,,,,,,,,,
=Proto-Balkan-Indo-European,null{ABSENT},null{ABSENT},null{ABSENT},null{ABSENT},null{ABSENT},null{ABSENT},null{ABSENT},null{ABSENT},null{ABSENT},null{ABSENT},null{ABSENT},null{ABSENT},null{ABSENT},null{ABSENT},null{ABSENT},null{ABSENT},null{ABSENT},null{ABSENT},null{ABSENT},null{ABSENT},null{ABSENT},null{ABSENT},null{ABSENT},null{ABSENT},null{ABSENT},null{ABSENT},null{ABSENT},null{ABSENT},null{ABSENT},null{ABSENT},null{ABSENT},null{ABSENT},null{ABSENT},null{ABSENT},null{ABSENT},null{ABSENT},null{ABSENT},null{ABSENT},null{ABSENT},null{ABSENT},null{ABSENT},null{ABSENT},null{ABSENT},null{ABSENT},null{ABSENT},null{ABSENT},null{ABSENT},null{ABSENT},null{ABSENT},null{ABSENT},null{ABSENT},null{ABSENT},null{ABSENT},null{ABSENT},null{ABSENT},null{ABSENT},null{ABSENT},null{ABSENT},null{ABSENT},null{ABSENT},null{ABSENT},null{ABSENT},null{ABSENT},null{ABSENT},null{ABSENT},null{ABSENT},null{ABSENT},null{ABSENT},null{ABSENT},null{ABSENT},null{ABSENT},null{ABSENT},null{ABSENT},null{ABSENT},null{ABSENT},null{ABSENT},null{ABSENT},null{ABSENT},null{ABSENT},null{ABSENT},null{ABSENT},null{ABSENT},null{ABSENT},null{ABSENT},null{ABSENT},null{ABSENT},null{ABSENT},null{ABSENT},null{ABSENT},null{ABSENT},null{ABSENT},null{ABSENT},null{ABSENT},null{ABSENT},null{ABSENT},null{ABSENT},null{ABSENT},null{ABSENT},null{ABSENT},null{ABSENT},null{ABSENT},null{ABSENT},null{ABSENT},null{ABSENT},null{ABSENT},null{ABSENT},null{ABSENT},null{ABSENT},null{ABSENT},null{ABSENT},null{ABSENT},null{ABSENT},null{ABSENT},null{ABSENT},null{ABSENT},null{ABSENT},null{ABSENT},null{ABSENT},null{ABSENT},null{ABSENT},null{ABSENT},null{ABSENT},null{ABSENT},null{ABSENT},null{ABSENT},null{ABSENT},null{ABSENT},null{ABSENT},null{ABSENT},null{ABSENT},null{ABSENT},null{ABSENT},null{ABSENT},null{ABSENT},null{ABSENT},null{ABSENT},null{ABSENT},null{ABSENT},null{ABSENT},null{ABSENT},null{ABSENT},null{ABSENT},null{ABSENT},null{ABSENT},null{ABSENT},null{ABSENT},null{ABSENT},null{ABSENT},null{ABSENT},null{ABSENT},null{ABSENT},null{ABSENT},null{ABSENT},null{ABSENT},null{ABSENT},null{ABSENT},null{ABSENT},null{ABSENT},null{ABSENT},null{ABSENT},null{ABSENT},null{ABSENT},null{ABSENT},null{ABSENT},null{ABSENT},null{ABSENT},null{ABSENT},null{ABSENT},null{ABSENT},null{ABSENT},null{ABSENT},null{ABSENT},null{ABSENT},null{ABSENT},null{ABSENT},null{ABSENT},null{ABSENT},null{ABSENT},null{ABSENT},null{ABSENT},null{ABSENT},null{ABSENT},null{ABSENT},null{ABSENT},null{ABSENT},null{ABSENT},null{ABSENT},null{ABSENT},null{ABSENT},null{ABSENT},null{ABSENT},null{ABSENT},null{ABSENT},null{ABSENT},null{ABSENT},null{ABSENT},null{ABSENT},null{ABSENT},null{ABSENT},null{ABSENT},null{ABSENT},null{ABSENT},null{ABSENT},null{ABSENT},null{ABSENT},null{ABSENT},null{ABSENT},null{ABSENT},null{ABSENT},null{ABSENT},null{ABSENT},null{ABSENT},null{ABSENT},null{ABSENT},null{ABSENT},null{ABSENT},null{ABSENT},null{ABSENT},null{ABSENT},null{ABSENT},null{ABSENT},null{ABSENT},null{ABSENT},null{ABSENT},null{ABSENT},null{ABSENT},null{ABSENT},null{ABSENT},null{ABSENT},null{ABSENT},null{ABSENT},null{ABSENT},null{ABSENT},null{ABSENT},null{ABSENT},null{ABSENT},null{ABSENT},null{ABSENT},null{ABSENT},null{ABSENT},null{ABSENT},null{ABSENT},null{ABSENT},null{ABSENT},null{ABSENT},null{ABSENT},null{ABSENT},null{ABSENT},null{ABSENT},null{ABSENT},null{ABSENT},null{ABSENT},null{ABSENT},null{ABSENT},null{ABSENT},null{ABSENT},null{ABSENT},null{ABSENT},null{ABSENT},null{ABSENT},null{ABSENT},null{ABSENT},null{ABSENT},null{ABSENT},null{ABSENT},null{ABSENT},null{ABSENT},null{ABSENT},null{ABSENT},null{ABSENT},null{ABSENT},null{ABSENT},null{ABSENT},null{ABSENT},null{ABSENT},null{ABSENT},null{ABSENT},null{ABSENT},null{ABSENT},null{ABSENT},null{ABSENT},null{ABSENT},null{ABSENT},null{ABSENT},null{ABSENT},null{ABSENT},null{ABSENT},null{ABSENT},null{ABSENT},null{ABSENT},null{ABSENT},null{ABSENT},null{ABSENT},null{ABSENT},null{ABSENT},null{ABSENT},null{ABSENT},null{ABSENT},null{ABSENT},null{ABSENT},null{ABSENT},null{ABSENT},null{ABSENT},null{ABSENT},null{ABSENT},null{ABSENT},null{ABSENT},null{ABSENT},null{ABSENT},null{ABSENT},null{ABSENT},null{ABSENT},null{ABSENT},null{ABSENT},null{ABSENT},null{ABSENT},null{ABSENT},null{ABSENT},null{ABSENT},null{ABSENT},null{ABSENT},null{ABSENT},null{ABSENT},null{ABSENT},null{ABSENT},null{ABSENT},null{ABSENT},null{ABSENT},null{ABSENT},null{ABSENT},null{ABSENT},null{ABSENT},null{ABSENT},null{ABSENT},null{ABSENT},null{ABSENT},null{ABSENT},null{ABSENT},null{ABSENT},null{ABSENT},null{ABSENT},null{ABSENT},null{ABSENT},null{ABSENT},null{ABSENT},null{ABSENT},null{ABSENT},null{ABSENT},null{ABSENT},null{ABSENT},null{ABSENT},null{ABSENT},null{ABSENT},null{ABSENT},null{ABSENT},null{ABSENT},null{ABSENT},null{ABSENT},null{ABSENT},null{ABSENT},null{ABSENT},null{ABSENT},null{ABSENT},null{ABSENT},null{ABSENT},null{ABSENT},null{ABSENT},null{ABSENT},null{ABSENT},null{ABSENT},null{ABSENT},null{ABSENT},null{ABSENT},null{ABSENT},null{ABSENT},null{ABSENT},null{ABSENT},null{ABSENT},null{ABSENT},null{ABSENT},null{ABSENT},null{ABSENT},null{ABSENT},null{ABSENT},null{ABSENT},null{ABSENT},null{ABSENT},null{ABSENT},null{ABSENT},null{ABSENT},null{ABSENT},null{ABSENT},null{ABSENT},null{ABSENT},null{ABSENT},null{ABSENT},null{ABSENT},null{ABSENT},null{ABSENT},null{ABSENT},null{ABSENT},null{ABSENT},null{ABSENT},null{ABSENT},null{ABSENT},null{ABSENT},null{ABSENT},null{ABSENT},null{ABSENT},null{ABSENT},null{ABSENT},null{ABSENT},null{ABSENT},null{ABSENT},null{ABSENT},null{ABSENT},null{ABSENT},null{ABSENT},null{ABSENT},null{ABSENT},null{ABSENT},null{ABSENT},null{ABSENT},null{ABSENT},null{ABSENT},null{ABSENT},null{ABSENT},null{ABSENT},null{ABSENT},null{ABSENT},null{ABSENT},null{ABSENT},null{ABSENT},null{ABSENT},null{ABSENT},null{ABSENT},null{ABSENT},null{ABSENT},null{ABSENT},null{ABSENT},null{ABSENT},null{ABSENT},null{ABSENT},null{ABSENT},null{ABSENT},null{ABSENT},null{ABSENT},null{ABSENT},null{ABSENT},null{ABSENT},null{ABSENT},null{ABSENT},null{ABSENT},null{ABSENT},null{ABSENT},null{ABSENT},null{ABSENT},null{ABSENT},null{ABSENT},null{ABSENT},null{ABSENT},null{ABSENT},null{ABSENT},null{ABSENT},null{ABSENT},null{ABSENT},null{ABSENT},null{ABSENT},null{ABSENT},null{ABSENT},null{ABSENT},null{ABSENT},null{ABSENT},null{ABSENT},null{ABSENT},null{ABSENT},null{ABSENT},null{ABSENT},null{ABSENT},null{ABSENT},null{ABSENT},null{ABSENT},null{ABSENT},null{ABSENT},null{ABSENT},null{ABSENT},null{ABSENT},null{ABSENT},null{ABSENT},null{ABSENT},null{ABSENT},null{ABSENT},null{ABSENT},null{ABSENT},null{ABSENT},null{ABSENT},null{ABSENT},null{ABSENT},null{ABSENT},null{ABSENT},null{ABSENT},null{ABSENT},null{ABSENT},null{ABSENT},null{ABSENT},null{ABSENT},null{ABSENT},null{ABSENT}
R8,,,,,,,,,,,,,,,,,,,,,,,,,,,,,,,,,,,,,,,,,,,,,,,,,,,,,,,,,,,,,,,,,,,,,,,,,,,,,,,,,,,,,,,,,,,,,,,,,,,,,,,,,,,,,,,,,,,,,,,,,,,,,,,,,,,,,,,,,,,,,,,,,,,,,,,,,,,,,,,,,,,,,,,,,,,,,,,,,,,,,,,,,,,,,,,,,,,,,,,,,,,,,,,,,,,,,,,,,,,,,,,,,,,,,,,,,,,,,,,,,,,,,,,,,,,,,,,,,,,,,,,,,,,,,,,,,,,,,,,,,,,,,,,,,,,,,,,,,,,,,,,,,,,,,,,,,,,,,,,,,,,,,,,,,,,,,,,,,,,,,,,,,,,,,,,,,,,,,,,,,,,,,,,,,,,,,,,,,,,,,,,,,,,,,,,,,,,,,,,,,,,,,,,,,,,,,,,,,,,,,,,,,,,,,,,,,,,,,,,,,,,,,,,,,,,,,,,,,,,,,,,,,,,,,,,,,,,,,,,,,,,,,,,,,,,,,,,,,,,,,,,,,,,,
R9,,,,,,,,,,,,,,,,,,,,,,,,,,,,,,,,,,,,,,,,,,,,,,,,,,,,,,,,,,,,,,,,,,,,,,,,,,,,,,,,,,,,,,,,,,,,,,,,,,,,,,,,,,,,,,,,,,,,,,,,,,,,,,,,,,,,,,,,,,,,,,,,,,,,,,,,,,,,,,,,,,,,,,,,,,,,,,,,,,,,,,,,,,,,,,,,,,,,,,,,,,,,,,,,,,,,,,,,,,,,,,,,,,,,,,,,,,,,,,,,,,,,,,,,,,,,,,,,,,,,,,,,,,,,,,,,,,,,,,,,,,,,,,,,,,,,,,,,,,,,,,,,,,,,,,,,,,,,,,,,,,,,,,,,,,,,,,,,,,,,,,,,,,,,,,,,,,,,,,,,,,,,,,,,,,,,,,,,,,,,,,,,,,,,,,,,,,,,,,,,,,,,,,,,,,,,,,,,,,,,,,,,,,,,,,,,,,,,,,,,,,,,,,,,,,,,,,,,,,,,,,,,,,,,,,,,,,,,,,,,,,,,,,,,,,,,,,,,,,,,,,,,,,,,
R10,,,,,,,,,,,,,,,,,,,,,,,,,,,,,,,,,,,,,,,,,,,,,,,,,,,,,,,,,,,,,,,,,,,,,,,,,,,,,,,,,,,,,,,,,,,,,,,,,,,,,,,,,,,,,,,,,,,,,,,,,,,,,,,,,,,,,,,,,,,,,,,,,,,,,,,,,,,,,,,,,,,,,,,,,,,,,,,,,,,,,,,,,,,,,,,,,,,,,,,,,,,,,,,,,,,,,,,,,,,,,,,,,,,,,,,,,,,,,,,,,,,,,,,,,,,,,,,,,,,,,,,,,,,,,,,,,,,,,,,,,,,,,,,,,,,,,,,,,,,,,,,,,,,,,,,,,,,,,,,,,,,,,,,,,,,,,,,,,,,,,,,,,,,,,,,,,,,,,,,,,,,,,,,,,,,,,,,,,,,,,,,,,,,,,,,,,,,,,,,,,,,,,,,,,,,,,,,,,,,,,,,,,,,,,,,,,,,,,,,,,,,,,,,,,,,,,,,,,,,,,,,,,,,,,,,,,,,,,,,,,,,,,,,,,,,,,,,,,,,,,,,,,,,,
R11,,,,,,,,,,,,,,,,,,,,,,,,,,,,,,,,,,,,,,,,,,,,,,,,,,,,,,,,,,,,,,,,,,,,,,,,,,,,,,,,,,,,,,,,,,,,,,,,,,,,,,,,,,,,,,,,,,,,,,,,,,,,,,,,,,,,,,,,,,,,,,,,,,,,,,,,,,,,,,,,,,,,,,,,,,,,,,,,,,,,,,,,,,,,,,,,,,,,,,,,,,,,,,,,,,,,,,,,,,,,,,,,,,,,,,,,,,,,,,,,,,,,,,,,,,,,,,,,,,,,,,,,,,,,,,,,,,,,,,,,,,,,,,,,,,,,,,,,,,,,,,,,,,,,,,,,,,,,,,,,,,,,,,,,,,,,,,,,,,,,,,,,,,,,,,,,,,,,,,,,,,,,,,,,,,,,,,,,,,,,,,,,,,,,,,,,,,,,,,,,,,,,,,,,,,,,,,,,,,,,,,,,,,,,,,,,,,,,,,,,,,,,,,,,,,,,,,,,,,,,,,,,,,,,,,,,,,,,,,,,,,,,,,,,,,,,,,,,,,,,,,,,,,,,
R12,,,,,,,,,,,,,,,,,,,,,,,,,,,,,,,,,,,,,,,,,,,,,,,,,,,,,,,,,,,,,,,,,,,,,,,,,,,,,,,,,,,,,,,,,,,,,,,,,,,,,,,,,,,,,,,,,,,,,,,,,,,,,,,,,,,,,,,,,,,,,,,,,,,,,,,,,,,,,,,,,,,,,,,,,,,,,,,,,,,,,,,,,,,,,,,,,,,,,,,,,,,,,,,,,,,,,,,,,,,,,,,,,,,,,,,,,,,,,,,,,,,,,,,,,,,,,,,,,,,,,,,,,,,,,,,,,,,,,,,,,,,,,,,,,,,,,,,,,,,,,,,,,,,,,,,,,,,,,,,,,,,,,,,,,,,,,,,,,,,,,,,,,,,,,,,,,,,,,,,,,,,,,,,,,,,,,,,,,,,,,,,,,,,,,,,,,,,,,,,,,,,,,,,,,,,,,,,,,,,,,,,,,,,,,,,,,,,,,,,,,,,,,,,,,,,,,,,,,,,,,,,,,,,,,,,,,,,,,,,,,,,,,,,,,,,,,,,,,,,,,,,,,,,,
R13,,,,,,,,,,,,,,,,,,,,,,,,,,,,,,,,,,,,,,,,,,,,,,,,,,,,,,,,,,,,,,,,,,,,,,,,,,,,,,,,,,,,,,,,,,,,,,,,,,,,,,,,,,,,,,,,,,,,,,,,,,,,,,,,,,,,,,,,,,,,,,,,,,,,,,,,,,,,,,,,,,,,,,,,,,,,,,,,,,,,,,,,,,,,,,,,,,,,,,,,,,,,,,,,,,,,,,,,,,,,,,,,,,,,,,,,,,,,,,,,,,,,,,,,,,,,,,,,,,,,,,,,,,,,,,,,,,,,,,,,,,,,,,,,,,,,,,,,,,,,,,,,,,,,,,,,,,,,,,,,,,,,,,,,,,,,,,,,,,,,,,,,,,,,,,,,,,,,,,,,,,,,,,,,,,,,,,,,,,,,,,,,,,,,,,,,,,,,,,,,,,,,,,,,,,,,,,,,,,,,,,,,,,,,,,,,,,,,,,,,,,,,,,,,,,,,,,,,,,,,,,,,,,,,,,,,,,,,,,,,,,,,,,,,,,,,,,,,,,,,,,,,,,,,
R14,,,,,,,,,,,,,,,,,,,,,,,,,,,,,,,,,,,,,,,,,,,,,,,,,,,,,,,,,,,,,,,,,,,,,,,,,,,,,,,,,,,,,,,,,,,,,,,,,,,,,,,,,,,,,,,,,,,,,,,,,,,,,,,,,,,,,,,,,,,,,,,,,,,,,,,,,,,,,,,,,,,,,,,,,,,,,,,,,,,,,,,,,,,,,,,,,,,,,,,,,,,,,,,,,,,,,,,,,,,,,,,,,,,,,,,,,,,,,,,,,,,,,,,,,,,,,,,,,,,,,,,,,,,,,,,,,,,,,,,,,,,,,,,,,,,,,,,,,,,,,,,,,,,,,,,,,,,,,,,,,,,,,,,,,,,,,,,,,,,,,,,,,,,,,,,,,,,,,,,,,,,,,,,,,,,,,,,,,,,,,,,,,,,,,,,,,,,,,,,,,,,,,,,,,,,,,,,,,,,,,,,,,,,,,,,,,,,,,,,,,,,,,,,,,,,,,,,,,,,,,,,,,,,,,,,,,,,,,,,,,,,,,,,,,,,,,,,,,,,,,,,,,,,,
R15,,,,,,,,,,,,,,,,,,,,,,,,,,,,,,,,,,,,,,,,,,,,,,,,,,,,,,,,,,,,,,,,,,,,,,,,,,,,,,,,,,,,,,,,,,,,,,,,,,,,,,,,,,,,,,,,,,,,,,,,,,,,,,,,,,,,,,,,,,,,,,,,,,,,,,,,,,,,,,,,,,,,,,,,,,,,,,,,,,,,,,,,,,,,,,,,,,,,,,,,,,,,,,,,,,,,,,,,,,,,,,,,,,,,,,,,,,,,,,,,,,,,,,,,,,,,,,,,,,,,,,,,,,,,,,,,,,,,,,,,,,,,,,,,,,,,,,,,,,,,,,,,,,,,,,,,,,,,,,,,,,,,,,,,,,,,,,,,,,,,,,,,,,,,,,,,,,,,,,,,,,,,,,,,,,,,,,,,,,,,,,,,,,,,,,,,,,,,,,,,,,,,,,,,,,,,,,,,,,,,,,,,,,,,,,,,,,,,,,,,,,,,,,,,,,,,,,,,,,,,,,,,,,,,,,,,,,,,,,,,,,,,,,,,,,,,,,,,,,,,,,,,,,,,
R16,,,,,,,,,,,,,,,,,,,,,,,,,,,,,,,,,,,,,,,,,,,,,,,,,,,,,,,,,,,,,,,,,,,,,,,,,,,,,,,,,,,,,,,,,,,,,,,,,,,,,,,,,,,,,,,,,,,,,,,,,,,,,,,,,,,,,,,,,,,,,,,,,,,,,,,,,,,,,,,,,,,,,,,,,,,,,,,,,,,,,,,,,,,,,,,,,,,,,,,,,,,,,,,,,,,,,,,,,,,,,,,,,,,,,,,,,,,,,,,,,,,,,,,,,,,,,,,,,,,,,,,,,,,,,,,,,,,,,,,,,,,,,,,,,,,,,,,,,,,,,,,,,,,,,,,,,,,,,,,,,,,,,,,,,,,,,,,,,,,,,,,,,,,,,,,,,,,,,,,,,,,,,,,,,,,,,,,,,,,,,,,,,,,,,,,,,,,,,,,,,,,,,,,,,,,,,,,,,,,,,,,,,,,,,,,,,,,,,,,,,,,,,,,,,,,,,,,,,,,,,,,,,,,,,,,,,,,,,,,,,,,,,,,,,,,,,,,,,,,,,,,,,,,,
R17,,,,,,,,,,,,,,,,,,,,,,,,,,,,,,,,,,,,,,,,,,,,,,,,,,,,,,,,,,,,,,,,,,,,,,,,,,,,,,,,,,,,,,,,,,,,,,,,,,,,,,,,,,,,,,,,,,,,,,,,,,,,,,,,,,,,,,,,,,,,,,,,,,,,,,,,,,,,,,,,,,,,,,,,,,,,,,,,,,,,,,,,,,,,,,,,,,,,,,,,,,,,,,,,,,,,,,,,,,,,,,,,,,,,,,,,,,,,,,,,,,,,,,,,,,,,,,,,,,,,,,,,,,,,,,,,,,,,,,,,,,,,,,,,,,,,,,,,,,,,,,,,,,,,,,,,,,,,,,,,,,,,,,,,,,,,,,,,,,,,,,,,,,,,,,,,,,,,,,,,,,,,,,,,,,,,,,,,,,,,,,,,,,,,,,,,,,,,,,,,,,,,,,,,,,,,,,,,,,,,,,,,,,,,,,,,,,,,,,,,,,,,,,,,,,,,,,,,,,,,,,,,,,,,,,,,,,,,,,,,,,,,,,,,,,,,,,,,,,,,,,,,,,,,
R18,,,,,,,,,,,,,,,,,,,,,,,,,,,,,,,,,,,,,,,,,,,,,,,,,,,,,,,,,,,,,,,,,,,,,,,,,,,,,,,,,,,,,,,,,,,,,,,,,,,,,,,,,,,,,,,,,,,,,,,,,,,,,,,,,,,,,,,,,,,,,,,,,,,,,,,,,,,,,,,,,,,,,,,,,,,,,,,,,,,,,,,,,,,,,,,,,,,,,,,,,,,,,,,,,,,,,,,,,,,,,,,,,,,,,,,,,,,,,,,,,,,,,,,,,,,,,,,,,,,,,,,,,,,,,,,,,,,,,,,,,,,,,,,,,,,,,,,,,,,,,,,,,,,,,,,,,,,,,,,,,,,,,,,,,,,,,,,,,,,,,,,,,,,,,,,,,,,,,,,,,,,,,,,,,,,,,,,,,,,,,,,,,,,,,,,,,,,,,,,,,,,,,,,,,,,,,,,,,,,,,,,,,,,,,,,,,,,,,,,,,,,,,,,,,,,,,,,,,,,,,,,,,,,,,,,,,,,,,,,,,,,,,,,,,,,,,,,,,,,,,,,,,,,,
R19,,,,,,,,,,,,,,,,,,,,,,,,,,,,,,,,,,,,,,,,,,,,,,,,,,,,,,,,,,,,,,,,,,,,,,,,,,,,,,,,,,,,,,,,,,,,,,,,,,,,,,,,,,,,,,,,,,,,,,,,,,,,,,,,,,,,,,,,,,,,,,,,,,,,,,,,,,,,,,,,,,,,,,,,,,,,,,,,,,,,,,,,,,,,,,,,,,,,,,,,,,,,,,,,,,,,,,,,,,,,,,,,,,,,,,,,,,,,,,,,,,,,,,,,,,,,,,,,,,,,,,,,,,,,,,,,,,,,,,,,,,,,,,,,,,,,,,,,,,,,,,,,,,,,,,,,,,,,,,,,,,,,,,,,,,,,,,,,,,,,,,,,,,,,,,,,,,,,,,,,,,,,,,,,,,,,,,,,,,,,,,,,,,,,,,,,,,,,,,,,,,,,,,,,,,,,,,,,,,,,,,,,,,,,,,,,,,,,,,,,,,,,,,,,,,,,,,,,,,,,,,,,,,,,,,,,,,,,,,,,,,,,,,,,,,,,,,,,,,,,,,,,,,,,
R20,,,,,,,,,,,,,,,,,,,,,,,,,,,,,,,,,,,,,,,,,,,,,,,,,,,,,,,,,,,,,,,,,,,,,,,,,,,,,,,,,,,,,,,,,,,,,,,,,,,,,,,,,,,,,,,,,,,,,,,,,,,,,,,,,,,,,,,,,,,,,,,,,,,,,,,,,,,,,,,,,,,,,,,,,,,,,,,,,,,,,,,,,,,,,,,,,,,,,,,,,,,,,,,,,,,,,,,,,,,,,,,,,,,,,,,,,,,,,,,,,,,,,,,,,,,,,,,,,,,,,,,,,,,,,,,,,,,,,,,,,,,,,,,,,,,,,,,,,,,,,,,,,,,,,,,,,,,,,,,,,,,,,,,,,,,,,,,,,,,,,,,,,,,,,,,,,,,,,,,,,,,,,,,,,,,,,,,,,,,,,,,,,,,,,,,,,,,,,,,,,,,,,,,,,,,,,,,,,,,,,,,,,,,,,,,,,,,,,,,,,,,,,,,,,,,,,,,,,,,,,,,,,,,,,,,,,,,,,,,,,,,,,,,,,,,,,,,,,,,,,,,,,,,,
R21,,,,,,,,,,,,,,,,,,,,,,,,,,,,,,,,,,,,,,,,,,,,,,,,,,,,,,,,,,,,,,,,,,,,,,,,,,,,,,,,,,,,,,,,,,,,,,,,,,,,,,,,,,,,,,,,,,,,,,,,,,,,,,,,,,,,,,,,,,,,,,,,,,,,,,,,,,,,,,,,,,,,,,,,,,,,,,,,,,,,,,,,,,,,,,,,,,,,,,,,,,,,,,,,,,,,,,,,,,,,,,,,,,,,,,,,,,,,,,,,,,,,,,,,,,,,,,,,,,,,,,,,,,,,,,,,,,,,,,,,,,,,,,,,,,,,,,,,,,,,,,,,,,,,,,,,,,,,,,,,,,,,,,,,,,,,,,,,,,,,,,,,,,,,,,,,,,,,,,,,,,,,,,,,,,,,,,,,,,,,,,,,,,,,,,,,,,,,,,,,,,,,,,,,,,,,,,,,,,,,,,,,,,,,,,,,,,,,,,,,,,,,,,,,,,,,,,,,,,,,,,,,,,,,,,,,,,,,,,,,,,,,,,,,,,,,,,,,,,,,,,,,,,,,
R22,,,,,,,,,,,,,,,,,,,,,,,,,,,,,,,,,,,,,,,,,,,,,,,,,,,,,,,,,,,,,,,,,,,,,,,,,,,,,,,,,,,,,,,,,,,,,,,,,,,,,,,,,,,,,,,,,,,,,,,,,,,,,,,,,,,,,,,,,,,,,,,,,,,,,,,,,,,,,,,,,,,,,,,,,,,,,,,,,,,,,,,,,,,,,,,,,,,,,,,,,,,,,,,,,,,,,,,,,,,,,,,,,,,,,,,,,,,,,,,,,,,,,,,,,,,,,,,,,,,,,,,,,,,,,,,,,,,,,,,,,,,,,,,,,,,,,,,,,,,,,,,,,,,,,,,,,,,,,,,,,,,,,,,,,,,,,,,,,,,,,,,,,,,,,,,,,,,,,,,,,,,,,,,,,,,,,,,,,,,,,,,,,,,,,,,,,,,,,,,,,,,,,,,,,,,,,,,,,,,,,,,,,,,,,,,,,,,,,,,,,,,,,,,,,,,,,,,,,,,,,,,,,,,,,,,,,,,,,,,,,,,,,,,,,,,,,,,,,,,,,,,,,,,,
R23,,,,,,,,,,,,,,,,,,,,,,,,,,,,,,,,,,,,,,,,,,,,,,,,,,,,,,,,,,,,,,,,,,,,,,,,,,,,,,,,,,,,,,,,,,,,,,,,,,,,,,,,,,,,,,,,,,,,,,,,,,,,,,,,,,,,,,,,,,,,,,,,,,,,,,,,,,,,,,,,,,,,,,,,,,,,,,,,,,,,,,,,,,,,,,,,,,,,,,,,,,,,,,,,,,,,,,,,,,,,,,,,,,,,,,,,,,,,,,,,,,,,,,,,,,,,,,,,,,,,,,,,,,,,,,,,,,,,,,,,,,,,,,,,,,,,,,,,,,,,,,,,,,,,,,,,,,,,,,,,,,,,,,,,,,,,,,,,,,,,,,,,,,,,,,,,,,,,,,,,,,,,,,,,,,,,,,,,,,,,,,,,,,,,,,,,,,,,,,,,,,,,,,,,,,,,,,,,,,,,,,,,,,,,,,,,,,,,,,,,,,,,,,,,,,,,,,,,,,,,,,,,,,,,,,,,,,,,,,,,,,,,,,,,,,,,,,,,,,,,,,,,,,,,
R24,,,,,,,,,,,,,,,,,,,,,,,,,,,,,,,,,,,,,,,,,,,,,,,,,,,,,,,,,,,,,,,,,,,,,,,,,,,,,,,,,,,,,,,,,,,,,,,,,,,,,,,,,,,,,,,,,,,,,,,,,,,,,,,,,,,,,,,,,,,,,,,,,,,,,,,,,,,,,,,,,,,,,,,,,,,,,,,,,,,,,,,,,,,,,,,,,,,,,,,,,,,,,,,,,,,,,,,,,,,,,,,,,,,,,,,,,,,,,,,,,,,,,,,,,,,,,,,,,,,,,,,,,,,,,,,,,,,,,,,,,,,,,,,,,,,,,,,,,,,,,,,,,,,,,,,,,,,,,,,,,,,,,,,,,,,,,,,,,,,,,,,,,,,,,,,,,,,,,,,,,,,,,,,,,,,,,,,,,,,,,,,,,,,,,,,,,,,,,,,,,,,,,,,,,,,,,,,,,,,,,,,,,,,,,,,,,,,,,,,,,,,,,,,,,,,,,,,,,,,,,,,,,,,,,,,,,,,,,,,,,,,,,,,,,,,,,,,,,,,,,,,,,,,,
R25,,,,,,,,,,,,,,,,,,,,,,,,,,,,,,,,,,,,,,,,,,,,,,,,,,,,,,,,,,,,,,,,,,,,,,,,,,,,,,,,,,,,,,,,,,,,,,,,,,,,,,,,,,,,,,,,,,,,,,,,,,,,,,,,,,,,,,,,,,,,,,,,,,,,,,,,,,,,,,,,,,,,,,,,,,,,,,,,,,,,,,,,,,,,,,,,,,,,,,,,,,,,,,,,,,,,,,,,,,,,,,,,,,,,,,,,,,,,,,,,,,,,,,,,,,,,,,,,,,,,,,,,,,,,,,,,,,,,,,,,,,,,,,,,,,,,,,,,,,,,,,,,,,,,,,,,,,,,,,,,,,,,,,,,,,,,,,,,,,,,,,,,,,,,,,,,,,,,,,,,,,,,,,,,,,,,,,,,,,,,,,,,,,,,,,,,,,,,,,,,,,,,,,,,,,,,,,,,,,,,,,,,,,,,,,,,,,,,,,,,,,,,,,,,,,,,,,,,,,,,,,,,,,,,,,,,,,,,,,,,,,,,,,,,,,,,,,,,,,,,,,,,,,,,
R26,,,,,,,,,,,,,,,,,,,,,,,,,,,,,,,,,,,,,,,,,,,,,,,,,,,,,,,,,,,,,,,,,,,,,,,,,,,,,,,,,,,,,,,,,,,,,,,,,,,,,,,,,,,,,,,,,,,,,,,,,,,,,,,,,,,,,,,,,,,,,,,,,,,,,,,,,,,,,,,,,,,,,,,,,,,,,,,,,,,,,,,,,,,,,,,,,,,,,,,,,,,,,,,,,,,,,,,,,,,,,,,,,,,,,,,,,,,,,,,,,,,,,,,,,,,,,,,,,,,,,,,,,,,,,,,,,,,,,,,,,,,,,,,,,,,,,,,,,,,,,,,,,,,,,,,,,,,,,,,,,,,,,,,,,,,,,,,,,,,,,,,,,,,,,,,,,,,,,,,,,,,,,,,,,,,,,,,,,,,,,,,,,,,,,,,,,,,,,,,,,,,,,,,,,,,,,,,,,,,,,,,,,,,,,,,,,,,,,,,,,,,,,,,,,,,,,,,,,,,,,,,,,,,,,,,,,,,,,,,,,,,,,,,,,,,,,,,,,,,,,,,,,,,,
R27,,,,,,,,,,,,,,,,,,,,,,,,,,,,,,,,,,,,,,,,,,,,,,,,,,,,,,,,,,,,,,,,,,,,,,,,,,,,,,,,,,,,,,,,,,,,,,,,,,,,,,,,,,,,,,,,,,,,,,,,,,,,,,,,,,,,,,,,,,,,,,,,,,,,,,,,,,,,,,,,,,,,,,,,,,,,,,,,,,,,,,,,,,,,,,,,,,,,,,,,,,,,,,,,,,,,,,,,,,,,,,,,,,,,,,,,,,,,,,,,,,,,,,,,,,,,,,,,,,,,,,,,,,,,,,,,,,,,,,,,,,,,,,,,,,,,,,,,,,,,,,,,,,,,,,,,,,,,,,,,,,,,,,,,,,,,,,,,,,,,,,,,,,,,,,,,,,,,,,,,,,,,,,,,,,,,,,,,,,,,,,,,,,,,,,,,,,,,,,,,,,,,,,,,,,,,,,,,,,,,,,,,,,,,,,,,,,,,,,,,,,,,,,,,,,,,,,,,,,,,,,,,,,,,,,,,,,,,,,,,,,,,,,,,,,,,,,,,,,,,,,,,,,,,
R28,,,,,,,,,,,,,,,,,,,,,,,,,,,,,,,,,,,,,,,,,,,,,,,,,,,,,,,,,,,,,,,,,,,,,,,,,,,,,,,,,,,,,,,,,,,,,,,,,,,,,,,,,,,,,,,,,,,,,,,,,,,,,,,,,,,,,,,,,,,,,,,,,,,,,,,,,,,,,,,,,,,,,,,,,,,,,,,,,,,,,,,,,,,,,,,,,,,,,,,,,,,,,,,,,,,,,,,,,,,,,,,,,,,,,,,,,,,,,,,,,,,,,,,,,,,,,,,,,,,,,,,,,,,,,,,,,,,,,,,,,,,,,,,,,,,,,,,,,,,,,,,,,,,,,,,,,,,,,,,,,,,,,,,,,,,,,,,,,,,,,,,,,,,,,,,,,,,,,,,,,,,,,,,,,,,,,,,,,,,,,,,,,,,,,,,,,,,,,,,,,,,,,,,,,,,,,,,,,,,,,,,,,,,,,,,,,,,,,,,,,,,,,,,,,,,,,,,,,,,,,,,,,,,,,,,,,,,,,,,,,,,,,,,,,,,,,,,,,,,,,,,,,,,,
R29,,,,,,,,,,,,,,,,,,,,,,,,,,,,,,,,,,,,,,,,,,,,,,,,,,,,,,,,,,,,,,,,,,,,,,,,,,,,,,,,,,,,,,,,,,,,,,,,,,,,,,,,,,,,,,,,,,,,,,,,,,,,,,,,,,,,,,,,,,,,,,,,,,,,,,,,,,,,,,,,,,,,,,,,,,,,,,,,,,,,,,,,,,,,,,,,,,,,,,,,,,,,,,,,,,,,,,,,,,,,,,,,,,,,,,,,,,,,,,,,,,,,,,,,,,,,,,,,,,,,,,,,,,,,,,,,,,,,,,,,,,,,,,,,,,,,,,,,,,,,,,,,,,,,,,,,,,,,,,,,,,,,,,,,,,,,,,,,,,,,,,,,,,,,,,,,,,,,,,,,,,,,,,,,,,,,,,,,,,,,,,,,,,,,,,,,,,,,,,,,,,,,,,,,,,,,,,,,,,,,,,,,,,,,,,,,,,,,,,,,,,,,,,,,,,,,,,,,,,,,,,,,,,,,,,,,,,,,,,,,,,,,,,,,,,,,,,,,,,,,,,,,,,,,
R30,,,,,,,,,,,,,,,,,,,,,,,,,,,,,,,,,,,,,,,,,,,,,,,,,,,,,,,,,,,,,,,,,,,,,,,,,,,,,,,,,,,,,,,,,,,,,,,,,,,,,,,,,,,,,,,,,,,,,,,,,,,,,,,,,,,,,,,,,,,,,,,,,,,,,,,,,,,,,,,,,,,,,,,,,,,,,,,,,,,,,,,,,,,,,,,,,,,,,,,,,,,,,,,,,,,,,,,,,,,,,,,,,,,,,,,,,,,,,,,,,,,,,,,,,,,,,,,,,,,,,,,,,,,,,,,,,,,,,,,,,,,,,,,,,,,,,,,,,,,,,,,,,,,,,,,,,,,,,,,,,,,,,,,,,,,,,,,,,,,,,,,,,,,,,,,,,,,,,,,,,,,,,,,,,,,,,,,,,,,,,,,,,,,,,,,,,,,,,,,,,,,,,,,,,,,,,,,,,,,,,,,,,,,,,,,,,,,,,,,,,,,,,,,,,,,,,,,,,,,,,,,,,,,,,,,,,,,,,,,,,,,,,,,,,,,,,,,,,,,,,,,,,,,,
R31,,,,,,,,,,,,,,,,,,,,,,,,,,,,,,,,,,,,,,,,,,,,,,,,,,,,,,,,,,,,,,,,,,,,,,,,,,,,,,,,,,,,,,,,,,,,,,,,,,,,,,,,,,,,,,,,,,,,,,,,,,,,,,,,,,,,,,,,,,,,,,,,,,,,,,,,,,,,,,,,,,,,,,,,,,,,,,,,,,,,,,,,,,,,,,,,,,,,,,,,,,,,,,,,,,,,,,,,,,,,,,,,,,,,,,,,,,,,,,,,,,,,,,,,,,,,,,,,,,,,,,,,,,,,,,,,,,,,,,,,,,,,,,,,,,,,,,,,,,,,,,,,,,,,,,,,,,,,,,,,,,,,,,,,,,,,,,,,,,,,,,,,,,,,,,,,,,,,,,,,,,,,,,,,,,,,,,,,,,,,,,,,,,,,,,,,,,,,,,,,,,,,,,,,,,,,,,,,,,,,,,,,,,,,,,,,,,,,,,,,,,,,,,,,,,,,,,,,,,,,,,,,,,,,,,,,,,,,,,,,,,,,,,,,,,,,,,,,,,,,,,,,,,,,
R32,,,,,,,,,,,,,,,,,,,,,,,,,,,,,,,,,,,,,,,,,,,,,,,,,,,,,,,,,,,,,,,,,,,,,,,,,,,,,,,,,,,,,,,,,,,,,,,,,,,,,,,,,,,,,,,,,,,,,,,,,,,,,,,,,,,,,,,,,,,,,,,,,,,,,,,,,,,,,,,,,,,,,,,,,,,,,,,,,,,,,,,,,,,,,,,,,,,,,,,,,,,,,,,,,,,,,,,,,,,,,,,,,,,,,,,,,,,,,,,,,,,,,,,,,,,,,,,,,,,,,,,,,,,,,,,,,,,,,,,,,,,,,,,,,,,,,,,,,,,,,,,,,,,,,,,,,,,,,,,,,,,,,,,,,,,,,,,,,,,,,,,,,,,,,,,,,,,,,,,,,,,,,,,,,,,,,,,,,,,,,,,,,,,,,,,,,,,,,,,,,,,,,,,,,,,,,,,,,,,,,,,,,,,,,,,,,,,,,,,,,,,,,,,,,,,,,,,,,,,,,,,,,,,,,,,,,,,,,,,,,,,,,,,,,,,,,,,,,,,,,,,,,,,,
R33,,,,,,,,,,,,,,,,,,,,,,,,,,,,,,,,,,,,,,,,,,,,,,,,,,,,,,,,,,,,,,,,,,,,,,,,,,,,,,,,,,,,,,,,,,,,,,,,,,,,,,,,,,,,,,,,,,,,,,,,,,,,,,,,,,,,,,,,,,,,,,,,,,,,,,,,,,,,,,,,,,,,,,,,,,,,,,,,,,,,,,,,,,,,,,,,,,,,,,,,,,,,,,,,,,,,,,,,,,,,,,,,,,,,,,,,,,,,,,,,,,,,,,,,,,,,,,,,,,,,,,,,,,,,,,,,,,,,,,,,,,,,,,,,,,,,,,,,,,,,,,,,,,,,,,,,,,,,,,,,,,,,,,,,,,,,,,,,,,,,,,,,,,,,,,,,,,,,,,,,,,,,,,,,,,,,,,,,,,,,,,,,,,,,,,,,,,,,,,,,,,,,,,,,,,,,,,,,,,,,,,,,,,,,,,,,,,,,,,,,,,,,,,,,,,,,,,,,,,,,,,,,,,,,,,,,,,,,,,,,,,,,,,,,,,,,,,,,,,,,,,,,,,,,
R34,,,,,,,,,,,,,,,,,,,,,,,,,,,,,,,,,,,,,,,,,,,,,,,,,,,,,,,,,,,,,,,,,,,,,,,,,,,,,,,,,,,,,,,,,,,,,,,,,,,,,,,,,,,,,,,,,,,,,,,,,,,,,,,,,,,,,,,,,,,,,,,,,,,,,,,,,,,,,,,,,,,,,,,,,,,,,,,,,,,,,,,,,,,,,,,,,,,,,,,,,,,,,,,,,,,,,,,,,,,,,,,,,,,,,,,,,,,,,,,,,,,,,,,,,,,,,,,,,,,,,,,,,,,,,,,,,,,,,,,,,,,,,,,,,,,,,,,,,,,,,,,,,,,,,,,,,,,,,,,,,,,,,,,,,,,,,,,,,,,,,,,,,,,,,,,,,,,,,,,,,,,,,,,,,,,,,,,,,,,,,,,,,,,,,,,,,,,,,,,,,,,,,,,,,,,,,,,,,,,,,,,,,,,,,,,,,,,,,,,,,,,,,,,,,,,,,,,,,,,,,,,,,,,,,,,,,,,,,,,,,,,,,,,,,,,,,,,,,,,,,,,,,,,,
R35,,,,,,,,,,,,,,,,,,,,,,,,,,,,,,,,,,,,,,,,,,,,,,,,,,,,,,,,,,,,,,,,,,,,,,,,,,,,,,,,,,,,,,,,,,,,,,,,,,,,,,,,,,,,,,,,,,,,,,,,,,,,,,,,,,,,,,,,,,,,,,,,,,,,,,,,,,,,,,,,,,,,,,,,,,,,,,,,,,,,,,,,,,,,,,,,,,,,,,,,,,,,,,,,,,,,,,,,,,,,,,,,,,,,,,,,,,,,,,,,,,,,,,,,,,,,,,,,,,,,,,,,,,,,,,,,,,,,,,,,,,,,,,,,,,,,,,,,,,,,,,,,,,,,,,,,,,,,,,,,,,,,,,,,,,,,,,,,,,,,,,,,,,,,,,,,,,,,,,,,,,,,,,,,,,,,,,,,,,,,,,,,,,,,,,,,,,,,,,,,,,,,,,,,,,,,,,,,,,,,,,,,,,,,,,,,,,,,,,,,,,,,,,,,,,,,,,,,,,,,,,,,,,,,,,,,,,,,,,,,,,,,,,,,,,,,,,,,,,,,,,,,,,,,
R36,,,,,,,,,,,,,,,,,,,,,,,,,,,,,,,,,,,,,,,,,,,,,,,,,,,,,,,,,,,,,,,,,,,,,,,,,,,,,,,,,,,,,,,,,,,,,,,,,,,,,,,,,,,,,,,,,,,,,,,,,,,,,,,,,,,,,,,,,,,,,,,,,,,,,,,,,,,,,,,,,,,,,,,,,,,,,,,,,,,,,,,,,,,,,,,,,,,,,,,,,,,,,,,,,,,,,,,,,,,,,,,,,,,,,,,,,,,,,,,,,,,,,,,,,,,,,,,,,,,,,,,,,,,,,,,,,,,,,,,,,,,,,,,,,,,,,,,,,,,,,,,,,,,,,,,,,,,,,,,,,,,,,,,,,,,,,,,,,,,,,,,,,,,,,,,,,,,,,,,,,,,,,,,,,,,,,,,,,,,,,,,,,,,,,,,,,,,,,,,,,,,,,,,,,,,,,,,,,,,,,,,,,,,,,,,,,,,,,,,,,,,,,,,,,,,,,,,,,,,,,,,,,,,,,,,,,,,,,,,,,,,,,,,,,,,,,,,,,,,,,,,,,,,,
R37,,,,,,,,,,,,,,,,,,,,,,,,,,,,,,,,,,,,,,,,,,,,,,,,,,,,,,,,,,,,,,,,,,,,,,,,,,,,,,,,,,,,,,,,,,,,,,,,,,,,,,,,,,,,,,,,,,,,,,,,,,,,,,,,,,,,,,,,,,,,,,,,,,,,,,,,,,,,,,,,,,,,,,,,,,,,,,,,,,,,,,,,,,,,,,,,,,,,,,,,,,,,,,,,,,,,,,,,,,,,,,,,,,,,,,,,,,,,,,,,,,,,,,,,,,,,,,,,,,,,,,,,,,,,,,,,,,,,,,,,,,,,,,,,,,,,,,,,,,,,,,,,,,,,,,,,,,,,,,,,,,,,,,,,,,,,,,,,,,,,,,,,,,,,,,,,,,,,,,,,,,,,,,,,,,,,,,,,,,,,,,,,,,,,,,,,,,,,,,,,,,,,,,,,,,,,,,,,,,,,,,,,,,,,,,,,,,,,,,,,,,,,,,,,,,,,,,,,,,,,,,,,,,,,,,,,,,,,,,,,,,,,,,,,,,,,,,,,,,,,,,,,,,,,
R38,,,,,,,,,,,,,,,,,,,,,,,,,,,,,,,,,,,,,,,,,,,,,,,,,,,,,,,,,,,,,,,,,,,,,,,,,,,,,,,,,,,,,,,,,,,,,,,,,,,,,,,,,,,,,,,,,,,,,,,,,,,,,,,,,,,,,,,,,,,,,,,,,,,,,,,,,,,,,,,,,,,,,,,,,,,,,,,,,,,,,,,,,,,,,,,,,,,,,,,,,,,,,,,,,,,,,,,,,,,,,,,,,,,,,,,,,,,,,,,,,,,,,,,,,,,,,,,,,,,,,,,,,,,,,,,,,,,,,,,,,,,,,,,,,,,,,,,,,,,,,,,,,,,,,,,,,,,,,,,,,,,,,,,,,,,,,,,,,,,,,,,,,,,,,,,,,,,,,,,,,,,,,,,,,,,,,,,,,,,,,,,,,,,,,,,,,,,,,,,,,,,,,,,,,,,,,,,,,,,,,,,,,,,,,,,,,,,,,,,,,,,,,,,,,,,,,,,,,,,,,,,,,,,,,,,,,,,,,,,,,,,,,,,,,,,,,,,,,,,,,,,,,,,,
R39,,,,,,,,,,,,,,,,,,,,,,,,,,,,,,,,,,,,,,,,,,,,,,,,,,,,,,,,,,,,,,,,,,,,,,,,,,,,,,,,,,,,,,,,,,,,,,,,,,,,,,,,,,,,,,,,,,,,,,,,,,,,,,,,,,,,,,,,,,,,,,,,,,,,,,,,,,,,,,,,,,,,,,,,,,,,,,,,,,,,,,,,,,,,,,,,,,,,,,,,,,,,,,,,,,,,,,,,,,,,,,,,,,,,,,,,,,,,,,,,,,,,,,,,,,,,,,,,,,,,,,,,,,,,,,,,,,,,,,,,,,,,,,,,,,,,,,,,,,,,,,,,,,,,,,,,,,,,,,,,,,,,,,,,,,,,,,,,,,,,,,,,,,,,,,,,,,,,,,,,,,,,,,,,,,,,,,,,,,,,,,,,,,,,,,,,,,,,,,,,,,,,,,,,,,,,,,,,,,,,,,,,,,,,,,,,,,,,,,,,,,,,,,,,,,,,,,,,,,,,,,,,,,,,,,,,,,,,,,,,,,,,,,,,,,,,,,,,,,,,,,,,,,,,
R40,,,,,,,,,,,,,,,,,,,,,,,,,,,,,,,,,,,,,,,,,,,,,,,,,,,,,,,,,,,,,,,,,,,,,,,,,,,,,,,,,,,,,,,,,,,,,,,,,,,,,,,,,,,,,,,,,,,,,,,,,,,,,,,,,,,,,,,,,,,,,,,,,,,,,,,,,,,,,,,,,,,,,,,,,,,,,,,,,,,,,,,,,,,,,,,,,,,,,,,,,,,,,,,,,,,,,,,,,,,,,,,,,,,,,,,,,,,,,,,,,,,,,,,,,,,,,,,,,,,,,,,,,,,,,,,,,,,,,,,,,,,,,,,,,,,,,,,,,,,,,,,,,,,,,,,,,,,,,,,,,,,,,,,,,,,,,,,,,,,,,,,,,,,,,,,,,,,,,,,,,,,,,,,,,,,,,,,,,,,,,,,,,,,,,,,,,,,,,,,,,,,,,,,,,,,,,,,,,,,,,,,,,,,,,,,,,,,,,,,,,,,,,,,,,,,,,,,,,,,,,,,,,,,,,,,,,,,,,,,,,,,,,,,,,,,,,,,,,,,,,,,,,,,,
R41,,,,,,,,,,,,,,,,,,,,,,,,,,,,,,,,,,,,,,,,,,,,,,,,,,,,,,,,,,,,,,,,,,,,,,,,,,,,,,,,,,,,,,,,,,,,,,,,,,,,,,,,,,,,,,,,,,,,,,,,,,,,,,,,,,,,,,,,,,,,,,,,,,,,,,,,,,,,,,,,,,,,,,,,,,,,,,,,,,,,,,,,,,,,,,,,,,,,,,,,,,,,,,,,,,,,,,,,,,,,,,,,,,,,,,,,,,,,,,,,,,,,,,,,,,,,,,,,,,,,,,,,,,,,,,,,,,,,,,,,,,,,,,,,,,,,,,,,,,,,,,,,,,,,,,,,,,,,,,,,,,,,,,,,,,,,,,,,,,,,,,,,,,,,,,,,,,,,,,,,,,,,,,,,,,,,,,,,,,,,,,,,,,,,,,,,,,,,,,,,,,,,,,,,,,,,,,,,,,,,,,,,,,,,,,,,,,,,,,,,,,,,,,,,,,,,,,,,,,,,,,,,,,,,,,,,,,,,,,,,,,,,,,,,,,,,,,,,,,,,,,,,,,,,
R42,,,,,,,,,,,,,,,,,,,,,,,,,,,,,,,,,,,,,,,,,,,,,,,,,,,,,,,,,,,,,,,,,,,,,,,,,,,,,,,,,,,,,,,,,,,,,,,,,,,,,,,,,,,,,,,,,,,,,,,,,,,,,,,,,,,,,,,,,,,,,,,,,,,,,,,,,,,,,,,,,,,,,,,,,,,,,,,,,,,,,,,,,,,,,,,,,,,,,,,,,,,,,,,,,,,,,,,,,,,,,,,,,,,,,,,,,,,,,,,,,,,,,,,,,,,,,,,,,,,,,,,,,,,,,,,,,,,,,,,,,,,,,,,,,,,,,,,,,,,,,,,,,,,,,,,,,,,,,,,,,,,,,,,,,,,,,,,,,,,,,,,,,,,,,,,,,,,,,,,,,,,,,,,,,,,,,,,,,,,,,,,,,,,,,,,,,,,,,,,,,,,,,,,,,,,,,,,,,,,,,,,,,,,,,,,,,,,,,,,,,,,,,,,,,,,,,,,,,,,,,,,,,,,,,,,,,,,,,,,,,,,,,,,,,,,,,,,,,,,,,,,,,,,,
R43,,,,,,,,,,,,,,,,,,,,,,,,,,,,,,,,,,,,,,,,,,,,,,,,,,,,,,,,,,,,,,,,,,,,,,,,,,,,,,,,,,,,,,,,,,,,,,,,,,,,,,,,,,,,,,,,,,,,,,,,,,,,,,,,,,,,,,,,,,,,,,,,,,,,,,,,,,,,,,,,,,,,,,,,,,,,,,,,,,,,,,,,,,,,,,,,,,,,,,,,,,,,,,,,,,,,,,,,,,,,,,,,,,,,,,,,,,,,,,,,,,,,,,,,,,,,,,,,,,,,,,,,,,,,,,,,,,,,,,,,,,,,,,,,,,,,,,,,,,,,,,,,,,,,,,,,,,,,,,,,,,,,,,,,,,,,,,,,,,,,,,,,,,,,,,,,,,,,,,,,,,,,,,,,,,,,,,,,,,,,,,,,,,,,,,,,,,,,,,,,,,,,,,,,,,,,,,,,,,,,,,,,,,,,,,,,,,,,,,,,,,,,,,,,,,,,,,,,,,,,,,,,,,,,,,,,,,,,,,,,,,,,,,,,,,,,,,,,,,,,,,,,,,,,
R44,,,,,,,,,,,,,,,,,,,,,,,,,,,,,,,,,,,,,,,,,,,,,,,,,,,,,,,,,,,,,,,,,,,,,,,,,,,,,,,,,,,,,,,,,,,,,,,,,,,,,,,,,,,,,,,,,,,,,,,,,,,,,,,,,,,,,,,,,,,,,,,,,,,,,,,,,,,,,,,,,,,,,,,,,,,,,,,,,,,,,,,,,,,,,,,,,,,,,,,,,,,,,,,,,,,,,,,,,,,,,,,,,,,,,,,,,,,,,,,,,,,,,,,,,,,,,,,,,,,,,,,,,,,,,,,,,,,,,,,,,,,,,,,,,,,,,,,,,,,,,,,,,,,,,,,,,,,,,,,,,,,,,,,,,,,,,,,,,,,,,,,,,,,,,,,,,,,,,,,,,,,,,,,,,,,,,,,,,,,,,,,,,,,,,,,,,,,,,,,,,,,,,,,,,,,,,,,,,,,,,,,,,,,,,,,,,,,,,,,,,,,,,,,,,,,,,,,,,,,,,,,,,,,,,,,,,,,,,,,,,,,,,,,,,,,,,,,,,,,,,,,,,,,,
R45,,,,,,,,,,,,,,,,,,,,,,,,,,,,,,,,,,,,,,,,,,,,,,,,,,,,,,,,,,,,,,,,,,,,,,,,,,,,,,,,,,,,,,,,,,,,,,,,,,,,,,,,,,,,,,,,,,,,,,,,,,,,,,,,,,,,,,,,,,,,,,,,,,,,,,,,,,,,,,,,,,,,,,,,,,,,,,,,,,,,,,,,,,,,,,,,,,,,,,,,,,,,,,,,,,,,,,,,,,,,,,,,,,,,,,,,,,,,,,,,,,,,,,,,,,,,,,,,,,,,,,,,,,,,,,,,,,,,,,,,,,,,,,,,,,,,,,,,,,,,,,,,,,,,,,,,,,,,,,,,,,,,,,,,,,,,,,,,,,,,,,,,,,,,,,,,,,,,,,,,,,,,,,,,,,,,,,,,,,,,,,,,,,,,,,,,,,,,,,,,,,,,,,,,,,,,,,,,,,,,,,,,,,,,,,,,,,,,,,,,,,,,,,,,,,,,,,,,,,,,,,,,,,,,,,,,,,,,,,,,,,,,,,,,,,,,,,,,,,,,,,,,,,,,
R46,,,,,,,,,,,,,,,,,,,,,,,,,,,,,,,,,,,,,,,,,,,,,,,,,,,,,,,,,,,,,,,,,,,,,,,,,,,,,,,,,,,,,,,,,,,,,,,,,,,,,,,,,,,,,,,,,,,,,,,,,,,,,,,,,,,,,,,,,,,,,,,,,,,,,,,,,,,,,,,,,,,,,,,,,,,,,,,,,,,,,,,,,,,,,,,,,,,,,,,,,,,,,,,,,,,,,,,,,,,,,,,,,,,,,,,,,,,,,,,,,,,,,,,,,,,,,,,,,,,,,,,,,,,,,,,,,,,,,,,,,,,,,,,,,,,,,,,,,,,,,,,,,,,,,,,,,,,,,,,,,,,,,,,,,,,,,,,,,,,,,,,,,,,,,,,,,,,,,,,,,,,,,,,,,,,,,,,,,,,,,,,,,,,,,,,,,,,,,,,,,,,,,,,,,,,,,,,,,,,,,,,,,,,,,,,,,,,,,,,,,,,,,,,,,,,,,,,,,,,,,,,,,,,,,,,,,,,,,,,,,,,,,,,,,,,,,,,,,,,,,,,,,,,,
R47,,,,,,,,,,,,,,,,,,,,,,,,,,,,,,,,,,,,,,,,,,,,,,,,,,,,,,,,,,,,,,,,,,,,,,,,,,,,,,,,,,,,,,,,,,,,,,,,,,,,,,,,,,,,,,,,,,,,,,,,,,,,,,,,,,,,,,,,,,,,,,,,,,,,,,,,,,,,,,,,,,,,,,,,,,,,,,,,,,,,,,,,,,,,,,,,,,,,,,,,,,,,,,,,,,,,,,,,,,,,,,,,,,,,,,,,,,,,,,,,,,,,,,,,,,,,,,,,,,,,,,,,,,,,,,,,,,,,,,,,,,,,,,,,,,,,,,,,,,,,,,,,,,,,,,,,,,,,,,,,,,,,,,,,,,,,,,,,,,,,,,,,,,,,,,,,,,,,,,,,,,,,,,,,,,,,,,,,,,,,,,,,,,,,,,,,,,,,,,,,,,,,,,,,,,,,,,,,,,,,,,,,,,,,,,,,,,,,,,,,,,,,,,,,,,,,,,,,,,,,,,,,,,,,,,,,,,,,,,,,,,,,,,,,,,,,,,,,,,,,,,,,,,,,
R48,,,,,,,,,,,,,,,,,,,,,,,,,,,,,,,,,,,,,,,,,,,,,,,,,,,,,,,,,,,,,,,,,,,,,,,,,,,,,,,,,,,,,,,,,,,,,,,,,,,,,,,,,,,,,,,,,,,,,,,,,,,,,,,,,,,,,,,,,,,,,,,,,,,,,,,,,,,,,,,,,,,,,,,,,,,,,,,,,,,,,,,,,,,,,,,,,,,,,,,,,,,,,,,,,,,,,,,,,,,,,,,,,,,,,,,,,,,,,,,,,,,,,,,,,,,,,,,,,,,,,,,,,,,,,,,,,,,,,,,,,,,,,,,,,,,,,,,,,,,,,,,,,,,,,,,,,,,,,,,,,,,,,,,,,,,,,,,,,,,,,,,,,,,,,,,,,,,,,,,,,,,,,,,,,,,,,,,,,,,,,,,,,,,,,,,,,,,,,,,,,,,,,,,,,,,,,,,,,,,,,,,,,,,,,,,,,,,,,,,,,,,,,,,,,,,,,,,,,,,,,,,,,,,,,,,,,,,,,,,,,,,,,,,,,,,,,,,,,,,,,,,,,,,,
=Archaic Proto-Albanian,null{ABSENT},null{ABSENT},null{ABSENT},null{ABSENT},null{ABSENT},null{ABSENT},null{ABSENT},null{ABSENT},null{ABSENT},null{ABSENT},null{ABSENT},null{ABSENT},null{ABSENT},null{ABSENT},null{ABSENT},null{ABSENT},null{ABSENT},null{ABSENT},null{ABSENT},null{ABSENT},null{ABSENT},null{ABSENT},null{ABSENT},null{ABSENT},null{ABSENT},null{ABSENT},null{ABSENT},null{ABSENT},null{ABSENT},null{ABSENT},null{ABSENT},null{ABSENT},null{ABSENT},null{ABSENT},null{ABSENT},null{ABSENT},null{ABSENT},null{ABSENT},null{ABSENT},null{ABSENT},null{ABSENT},null{ABSENT},null{ABSENT},null{ABSENT},null{ABSENT},null{ABSENT},null{ABSENT},null{ABSENT},null{ABSENT},null{ABSENT},null{ABSENT},null{ABSENT},null{ABSENT},null{ABSENT},null{ABSENT},null{ABSENT},null{ABSENT},null{ABSENT},null{ABSENT},null{ABSENT},null{ABSENT},null{ABSENT},null{ABSENT},null{ABSENT},null{ABSENT},null{ABSENT},null{ABSENT},null{ABSENT},null{ABSENT},null{ABSENT},null{ABSENT},null{ABSENT},null{ABSENT},null{ABSENT},null{ABSENT},null{ABSENT},null{ABSENT},null{ABSENT},null{ABSENT},null{ABSENT},null{ABSENT},null{ABSENT},null{ABSENT},null{ABSENT},null{ABSENT},null{ABSENT},null{ABSENT},null{ABSENT},null{ABSENT},null{ABSENT},null{ABSENT},null{ABSENT},null{ABSENT},null{ABSENT},null{ABSENT},null{ABSENT},null{ABSENT},null{ABSENT},null{ABSENT},null{ABSENT},null{ABSENT},null{ABSENT},null{ABSENT},null{ABSENT},null{ABSENT},null{ABSENT},null{ABSENT},null{ABSENT},null{ABSENT},null{ABSENT},null{ABSENT},null{ABSENT},null{ABSENT},null{ABSENT},null{ABSENT},null{ABSENT},null{ABSENT},null{ABSENT},null{ABSENT},null{ABSENT},null{ABSENT},null{ABSENT},null{ABSENT},null{ABSENT},null{ABSENT},null{ABSENT},null{ABSENT},null{ABSENT},null{ABSENT},null{ABSENT},null{ABSENT},null{ABSENT},null{ABSENT},null{ABSENT},null{ABSENT},null{ABSENT},null{ABSENT},null{ABSENT},null{ABSENT},null{ABSENT},null{ABSENT},null{ABSENT},null{ABSENT},null{ABSENT},null{ABSENT},null{ABSENT},null{ABSENT},null{ABSENT},null{ABSENT},null{ABSENT},null{ABSENT},null{ABSENT},null{ABSENT},null{ABSENT},null{ABSENT},null{ABSENT},null{ABSENT},null{ABSENT},null{ABSENT},null{ABSENT},null{ABSENT},null{ABSENT},null{ABSENT},null{ABSENT},null{ABSENT},null{ABSENT},null{ABSENT},null{ABSENT},null{ABSENT},null{ABSENT},null{ABSENT},null{ABSENT},null{ABSENT},null{ABSENT},null{ABSENT},null{ABSENT},null{ABSENT},null{ABSENT},null{ABSENT},null{ABSENT},null{ABSENT},null{ABSENT},null{ABSENT},null{ABSENT},null{ABSENT},null{ABSENT},null{ABSENT},null{ABSENT},null{ABSENT},null{ABSENT},null{ABSENT},null{ABSENT},null{ABSENT},null{ABSENT},null{ABSENT},null{ABSENT},null{ABSENT},null{ABSENT},null{ABSENT},null{ABSENT},null{ABSENT},null{ABSENT},null{ABSENT},null{ABSENT},null{ABSENT},null{ABSENT},null{ABSENT},null{ABSENT},null{ABSENT},null{ABSENT},null{ABSENT},null{ABSENT},null{ABSENT},null{ABSENT},null{ABSENT},null{ABSENT},null{ABSENT},null{ABSENT},null{ABSENT},null{ABSENT},null{ABSENT},null{ABSENT},null{ABSENT},null{ABSENT},null{ABSENT},null{ABSENT},null{ABSENT},null{ABSENT},null{ABSENT},null{ABSENT},null{ABSENT},null{ABSENT},null{ABSENT},null{ABSENT},null{ABSENT},null{ABSENT},null{ABSENT},null{ABSENT},null{ABSENT},null{ABSENT},null{ABSENT},null{ABSENT},null{ABSENT},null{ABSENT},null{ABSENT},null{ABSENT},null{ABSENT},null{ABSENT},null{ABSENT},null{ABSENT},null{ABSENT},null{ABSENT},null{ABSENT},null{ABSENT},null{ABSENT},null{ABSENT},null{ABSENT},null{ABSENT},null{ABSENT},null{ABSENT},null{ABSENT},null{ABSENT},null{ABSENT},null{ABSENT},null{ABSENT},null{ABSENT},null{ABSENT},null{ABSENT},null{ABSENT},null{ABSENT},null{ABSENT},null{ABSENT},null{ABSENT},null{ABSENT},null{ABSENT},null{ABSENT},null{ABSENT},null{ABSENT},null{ABSENT},null{ABSENT},null{ABSENT},null{ABSENT},null{ABSENT},null{ABSENT},null{ABSENT},null{ABSENT},null{ABSENT},null{ABSENT},null{ABSENT},null{ABSENT},null{ABSENT},null{ABSENT},null{ABSENT},null{ABSENT},null{ABSENT},null{ABSENT},null{ABSENT},null{ABSENT},null{ABSENT},null{ABSENT},null{ABSENT},null{ABSENT},null{ABSENT},null{ABSENT},null{ABSENT},null{ABSENT},null{ABSENT},null{ABSENT},null{ABSENT},null{ABSENT},null{ABSENT},null{ABSENT},null{ABSENT},null{ABSENT},null{ABSENT},null{ABSENT},null{ABSENT},null{ABSENT},null{ABSENT},null{ABSENT},null{ABSENT},null{ABSENT},null{ABSENT},null{ABSENT},null{ABSENT},null{ABSENT},null{ABSENT},null{ABSENT},null{ABSENT},null{ABSENT},null{ABSENT},null{ABSENT},null{ABSENT},null{ABSENT},null{ABSENT},null{ABSENT},null{ABSENT},null{ABSENT},null{ABSENT},null{ABSENT},null{ABSENT},null{ABSENT},null{ABSENT},null{ABSENT},null{ABSENT},null{ABSENT},null{ABSENT},null{ABSENT},null{ABSENT},null{ABSENT},null{ABSENT},null{ABSENT},null{ABSENT},null{ABSENT},null{ABSENT},null{ABSENT},null{ABSENT},null{ABSENT},null{ABSENT},null{ABSENT},null{ABSENT},null{ABSENT},null{ABSENT},null{ABSENT},null{ABSENT},null{ABSENT},null{ABSENT},null{ABSENT},null{ABSENT},null{ABSENT},null{ABSENT},null{ABSENT},null{ABSENT},null{ABSENT},null{ABSENT},null{ABSENT},null{ABSENT},null{ABSENT},null{ABSENT},null{ABSENT},null{ABSENT},null{ABSENT},null{ABSENT},null{ABSENT},null{ABSENT},null{ABSENT},null{ABSENT},null{ABSENT},null{ABSENT},null{ABSENT},null{ABSENT},null{ABSENT},null{ABSENT},null{ABSENT},null{ABSENT},null{ABSENT},null{ABSENT},null{ABSENT},null{ABSENT},null{ABSENT},null{ABSENT},null{ABSENT},null{ABSENT},null{ABSENT},null{ABSENT},null{ABSENT},null{ABSENT},null{ABSENT},null{ABSENT},null{ABSENT},null{ABSENT},null{ABSENT},null{ABSENT},null{ABSENT},null{ABSENT},null{ABSENT},null{ABSENT},null{ABSENT},null{ABSENT},null{ABSENT},null{ABSENT},null{ABSENT},null{ABSENT},null{ABSENT},null{ABSENT},null{ABSENT},null{ABSENT},null{ABSENT},null{ABSENT},null{ABSENT},null{ABSENT},null{ABSENT},null{ABSENT},null{ABSENT},null{ABSENT},null{ABSENT},null{ABSENT},null{ABSENT},null{ABSENT},null{ABSENT},null{ABSENT},null{ABSENT},null{ABSENT},null{ABSENT},null{ABSENT},null{ABSENT},null{ABSENT},null{ABSENT},null{ABSENT},null{ABSENT},null{ABSENT},null{ABSENT},null{ABSENT},null{ABSENT},null{ABSENT},null{ABSENT},null{ABSENT},null{ABSENT},null{ABSENT},null{ABSENT},null{ABSENT},null{ABSENT},null{ABSENT},null{ABSENT},null{ABSENT},null{ABSENT},null{ABSENT},null{ABSENT},null{ABSENT},null{ABSENT},null{ABSENT},null{ABSENT},null{ABSENT},null{ABSENT},null{ABSENT},null{ABSENT},null{ABSENT},null{ABSENT},null{ABSENT},null{ABSENT},null{ABSENT},null{ABSENT},null{ABSENT},null{ABSENT},null{ABSENT},null{ABSENT},null{ABSENT},null{ABSENT},null{ABSENT},null{ABSENT},null{ABSENT},null{ABSENT},null{ABSENT},null{ABSENT},null{ABSENT},null{ABSENT},null{ABSENT},null{ABSENT},null{ABSENT},null{ABSENT},null{ABSENT},null{ABSENT},null{ABSENT},null{ABSENT},null{ABSENT},null{ABSENT},null{ABSENT},null{ABSENT}
R49,,,,,,,,,,,,,,,,,,,,,,,,,,,,,,,,,,,,,,,,,,,,,,,,,,,,,,,,,,,,,,,,,,,,,,,,,,,,,,,,,,,,,,,,,,,,,,,,,,,,,,,,,,,,,,,,,,,,,,,,,,,,,,,,,,,,,,,,,,,,,,,,,,,,,,,,,,,,,,,,,,,,,,,,,,,,,,,,,,,,,,,,,,,,,,,,,,,,,,,,,,,,,,,,,,,,,,,,,,,,,,,,,,,,,,,,,,,,,,,,,,,,,,,,,,,,,,,,,,,,,,,,,,,,,,,,,,,,,,,,,,,,,,,,,,,,,,,,,,,,,,,,,,,,,,,,,,,,,,,,,,,,,,,,,,,,,,,,,,,,,,,,,,,,,,,,,,,,,,,,,,,,,,,,,,,,,,,,,,,,,,,,,,,,,,,,,,,,,,,,,,,,,,,,,,,,,,,,,,,,,,,,,,,,,,,,,,,,,,,,,,,,,,,,,,,,,,,,,,,,,,,,,,,,,,,,,,,,,,,,,,,,,,,,,,,,,,,,,,,,,,,,,,,,
R50,,,,,,,,,,,,,,,,,,,,,,,,,,,,,,,,,,,,,,,,,,,,,,,,,,,,,,,,,,,,,,,,,,,,,,,,,,,,,,,,,,,,,,,,,,,,,,,,,,,,,,,,,,,,,,,,,,,,,,,,,,,,,,,,,,,,,,,,,,,,,,,,,,,,,,,,,,,,,,,,,,,,,,,,,,,,,,,,,,,,,,,,,,,,,,,,,,,,,,,,,,,,,,,,,,,,,,,,,,,,,,,,,,,,,,,,,,,,,,,,,,,,,,,,,,,,,,,,,,,,,,,,,,,,,,,,,,,,,,,,,,,,,,,,,,,,,,,,,,,,,,,,,,,,,,,,,,,,,,,,,,,,,,,,,,,,,,,,,,,,,,,,,,,,,,,,,,,,,,,,,,,,,,,,,,,,,,,,,,,,,,,,,,,,,,,,,,,,,,,,,,,,,,,,,,,,,,,,,,,,,,,,,,,,,,,,,,,,,,,,,,,,,,,,,,,,,,,,,,,,,,,,,,,,,,,,,,,,,,,,,,,,,,,,,,,,,,,,,,,,,,,,,,,,
R51,,,,,,,,,,,,,,,,,,,,,,,,,,,,,,,,,,,,,,,,,,,,,,,,,,,,,,,,,,,,,,,,,,,,,,,,,,,,,,,,,,,,,,,,,,,,,,,,,,,,,,,,,,,,,,,,,,,,,,,,,,,,,,,,,,,,,,,,,,,,,,,,,,,,,,,,,,,,,,,,,,,,,,,,,,,,,,,,,,,,,,,,,,,,,,,,,,,,,,,,,,,,,,,,,,,,,,,,,,,,,,,,,,,,,,,,,,,,,,,,,,,,,,,,,,,,,,,,,,,,,,,,,,,,,,,,,,,,,,,,,,,,,,,,,,,,,,,,,,,,,,,,,,,,,,,,,,,,,,,,,,,,,,,,,,,,,,,,,,,,,,,,,,,,,,,,,,,,,,,,,,,,,,,,,,,,,,,,,,,,,,,,,,,,,,,,,,,,,,,,,,,,,,,,,,,,,,,,,,,,,,,,,,,,,,,,,,,,,,,,,,,,,,,,,,,,,,,,,,,,,,,,,,,,,,,,,,,,,,,,,,,,,,,,,,,,,,,,,,,,,,,,,,,,
R52,,,,,,,,,,,,,,,,,,,,,,,,,,,,,,,,,,,,,,,,,,,,,,,,,,,,,,,,,,,,,,,,,,,,,,,,,,,,,,,,,,,,,,,,,,,,,,,,,,,,,,,,,,,,,,,,,,,,,,,,,,,,,,,,,,,,,,,,,,,,,,,,,,,,,,,,,,,,,,,,,,,,,,,,,,,,,,,,,,,,,,,,,,,,,,,,,,,,,,,,,,,,,,,,,,,,,,,,,,,,,,,,,,,,,,,,,,,,,,,,,,,,,,,,,,,,,,,,,,,,,,,,,,,,,,,,,,,,,,,,,,,,,,,,,,,,,,,,,,,,,,,,,,,,,,,,,,,,,,,,,,,,,,,,,,,,,,,,,,,,,,,,,,,,,,,,,,,,,,,,,,,,,,,,,,,,,,,,,,,,,,,,,,,,,,,,,,,,,,,,,,,,,,,,,,,,,,,,,,,,,,,,,,,,,,,,,,,,,,,,,,,,,,,,,,,,,,,,,,,,,,,,,,,,,,,,,,,,,,,,,,,,,,,,,,,,,,,,,,,,,,,,,,,,
R53,,,,,,,,,,,,,,,,,,,,,,,,,,,,,,,,,,,,,,,,,,,,,,,,,,,,,,,,,,,,,,,,,,,,,,,,,,,,,,,,,,,,,,,,,,,,,,,,,,,,,,,,,,,,,,,,,,,,,,,,,,,,,,,,,,,,,,,,,,,,,,,,,,,,,,,,,,,,,,,,,,,,,,,,,,,,,,,,,,,,,,,,,,,,,,,,,,,,,,,,,,,,,,,,,,,,,,,,,,,,,,,,,,,,,,,,,,,,,,,,,,,,,,,,,,,,,,,,,,,,,,,,,,,,,,,,,,,,,,,,,,,,,,,,,,,,,,,,,,,,,,,,,,,,,,,,,,,,,,,,,,,,,,,,,,,,,,,,,,,,,,,,,,,,,,,,,,,,,,,,,,,,,,,,,,,,,,,,,,,,,,,,,,,,,,,,,,,,,,,,,,,,,,,,,,,,,,,,,,,,,,,,,,,,,,,,,,,,,,,,,,,,,,,,,,,,,,,,,,,,,,,,,,,,,,,,,,,,,,,,,,,,,,,,,,,,,,,,,,,,,,,,,,,,
R54,,,,,,,,,,,,,,,,,,,,,,,,,,,,,,,,,,,,,,,,,,,,,,,,,,,,,,,,,,,,,,,,,,,,,,,,,,,,,,,,,,,,,,,,,,,,,,,,,,,,,,,,,,,,,,,,,,,,,,,,,,,,,,,,,,,,,,,,,,,,,,,,,,,,,,,,,,,,,,,,,,,,,,,,,,,,,,,,,,,,,,,,,,,,,,,,,,,,,,,,,,,,,,,,,,,,,,,,,,,,,,,,,,,,,,,,,,,,,,,,,,,,,,,,,,,,,,,,,,,,,,,,,,,,,,,,,,,,,,,,,,,,,,,,,,,,,,,,,,,,,,,,,,,,,,,,,,,,,,,,,,,,,,,,,,,,,,,,,,,,,,,,,,,,,,,,,,,,,,,,,,,,,,,,,,,,,,,,,,,,,,,,,,,,,,,,,,,,,,,,,,,,,,,,,,,,,,,,,,,,,,,,,,,,,,,,,,,,,,,,,,,,,,,,,,,,,,,,,,,,,,,,,,,,,,,,,,,,,,,,,,,,,,,,,,,,,,,,,,,,,,,,,,,,
R55,,,,,,,,,,,,,,,,,,,,,,,,,,,,,,,,,,,,,,,,,,,,,,,,,,,,,,,,,,,,,,,,,,,,,,,,,,,,,,,,,,,,,,,,,,,,,,,,,,,,,,,,,,,,,,,,,,,,,,,,,,,,,,,,,,,,,,,,,,,,,,,,,,,,,,,,,,,,,,,,,,,,,,,,,,,,,,,,,,,,,,,,,,,,,,,,,,,,,,,,,,,,,,,,,,,,,,,,,,,,,,,,,,,,,,,,,,,,,,,,,,,,,,,,,,,,,,,,,,,,,,,,,,,,,,,,,,,,,,,,,,,,,,,,,,,,,,,,,,,,,,,,,,,,,,,,,,,,,,,,,,,,,,,,,,,,,,,,,,,,,,,,,,,,,,,,,,,,,,,,,,,,,,,,,,,,,,,,,,,,,,,,,,,,,,,,,,,,,,,,,,,,,,,,,,,,,,,,,,,,,,,,,,,,,,,,,,,,,,,,,,,,,,,,,,,,,,,,,,,,,,,,,,,,,,,,,,,,,,,,,,,,,,,,,,,,,,,,,,,,,,,,,,,,
R56,,,,,,,,,,,,,,,,,,,,,,,,,,,,,,,,,,,,,,,,,,,,,,,,,,,,,,,,,,,,,,,,,,,,,,,,,,,,,,,,,,,,,,,,,,,,,,,,,,,,,,,,,,,,,,,,,,,,,,,,,,,,,,,,,,,,,,,,,,,,,,,,,,,,,,,,,,,,,,,,,,,,,,,,,,,,,,,,,,,,,,,,,,,,,,,,,,,,,,,,,,,,,,,,,,,,,,,,,,,,,,,,,,,,,,,,,,,,,,,,,,,,,,,,,,,,,,,,,,,,,,,,,,,,,,,,,,,,,,,,,,,,,,,,,,,,,,,,,,,,,,,,,,,,,,,,,,,,,,,,,,,,,,,,,,,,,,,,,,,,,,,,,,,,,,,,,,,,,,,,,,,,,,,,,,,,,,,,,,,,,,,,,,,,,,,,,,,,,,,,,,,,,,,,,,,,,,,,,,,,,,,,,,,,,,,,,,,,,,,,,,,,,,,,,,,,,,,,,,,,,,,,,,,,,,,,,,,,,,,,,,,,,,,,,,,,,,,,,,,,,,,,,,,,
R57,,,,,,,,,,,,,,,,,,,,,,,,,,,,,,,,,,,,,,,,,,,,,,,,,,,,,,,,,,,,,,,,,,,,,,,,,,,,,,,,,,,,,,,,,,,,,,,,,,,,,,,,,,,,,,,,,,,,,,,,,,,,,,,,,,,,,,,,,,,,,,,,,,,,,,,,,,,,,,,,,,,,,,,,,,,,,,,,,,,,,,,,,,,,,,,,,,,,,,,,,,,,,,,,,,,,,,,,,,,,,,,,,,,,,,,,,,,,,,,,,,,,,,,,,,,,,,,,,,,,,,,,,,,,,,,,,,,,,,,,,,,,,,,,,,,,,,,,,,,,,,,,,,,,,,,,,,,,,,,,,,,,,,,,,,,,,,,,,,,,,,,,,,,,,,,,,,,,,,,,,,,,,,,,,,,,,,,,,,,,,,,,,,,,,,,,,,,,,,,,,,,,,,,,,,,,,,,,,,,,,,,,,,,,,,,,,,,,,,,,,,,,,,,,,,,,,,,,,,,,,,,,,,,,,,,,,,,,,,,,,,,,,,,,,,,,,,,,,,,,,,,,,,,,
R58,,,,,,,,,,,,,,,,,,,,,,,,,,,,,,,,,,,,,,,,,,,,,,,,,,,,,,,,,,,,,,,,,,,,,,,,,,,,,,,,,,,,,,,,,,,,,,,,,,,,,,,,,,,,,,,,,,,,,,,,,,,,,,,,,,,,,,,,,,,,,,,,,,,,,,,,,,,,,,,,,,,,,,,,,,,,,,,,,,,,,,,,,,,,,,,,,,,,,,,,,,,,,,,,,,,,,,,,,,,,,,,,,,,,,,,,,,,,,,,,,,,,,,,,,,,,,,,,,,,,,,,,,,,,,,,,,,,,,,,,,,,,,,,,,,,,,,,,,,,,,,,,,,,,,,,,,,,,,,,,,,,,,,,,,,,,,,,,,,,,,,,,,,,,,,,,,,,,,,,,,,,,,,,,,,,,,,,,,,,,,,,,,,,,,,,,,,,,,,,,,,,,,,,,,,,,,,,,,,,,,,,,,,,,,,,,,,,,,,,,,,,,,,,,,,,,,,,,,,,,,,,,,,,,,,,,,,,,,,,,,,,,,,,,,,,,,,,,,,,,,,,,,,,,
R59,,,,,,,,,,,,,,,,,,,,,,,,,,,,,,,,,,,,,,,,,,,,,,,,,,,,,,,,,,,,,,,,,,,,,,,,,,,,,,,,,,,,,,,,,,,,,,,,,,,,,,,,,,,,,,,,,,,,,,,,,,,,,,,,,,,,,,,,,,,,,,,,,,,,,,,,,,,,,,,,,,,,,,,,,,,,,,,,,,,,,,,,,,,,,,,,,,,,,,,,,,,,,,,,,,,,,,,,,,,,,,,,,,,,,,,,,,,,,,,,,,,,,,,,,,,,,,,,,,,,,,,,,,,,,,,,,,,,,,,,,,,,,,,,,,,,,,,,,,,,,,,,,,,,,,,,,,,,,,,,,,,,,,,,,,,,,,,,,,,,,,,,,,,,,,,,,,,,,,,,,,,,,,,,,,,,,,,,,,,,,,,,,,,,,,,,,,,,,,,,,,,,,,,,,,,,,,,,,,,,,,,,,,,,,,,,,,,,,,,,,,,,,,,,,,,,,,,,,,,,,,,,,,,,,,,,,,,,,,,,,,,,,,,,,,,,,,,,,,,,,,,,,,,,
=Classical Proto-Albanian,null{ABSENT},null{ABSENT},null{ABSENT},null{ABSENT},null{ABSENT},null{ABSENT},null{ABSENT},null{ABSENT},null{ABSENT},null{ABSENT},null{ABSENT},null{ABSENT},null{ABSENT},null{ABSENT},null{ABSENT},null{ABSENT},null{ABSENT},null{ABSENT},null{ABSENT},null{ABSENT},null{ABSENT},null{ABSENT},null{ABSENT},null{ABSENT},null{ABSENT},null{ABSENT},null{ABSENT},null{ABSENT},null{ABSENT},null{ABSENT},null{ABSENT},null{ABSENT},null{ABSENT},null{ABSENT},null{ABSENT},null{ABSENT},null{ABSENT},null{ABSENT},null{ABSENT},null{ABSENT},null{ABSENT},null{ABSENT},null{ABSENT},null{ABSENT},null{ABSENT},null{ABSENT},null{ABSENT},null{ABSENT},null{ABSENT},null{ABSENT},null{ABSENT},null{ABSENT},null{ABSENT},null{ABSENT},null{ABSENT},null{ABSENT},null{ABSENT},null{ABSENT},null{ABSENT},null{ABSENT},null{ABSENT},null{ABSENT},null{ABSENT},null{ABSENT},null{ABSENT},null{ABSENT},null{ABSENT},null{ABSENT},null{ABSENT},null{ABSENT},null{ABSENT},null{ABSENT},null{ABSENT},null{ABSENT},null{ABSENT},null{ABSENT},null{ABSENT},null{ABSENT},null{ABSENT},null{ABSENT},null{ABSENT},null{ABSENT},null{ABSENT},null{ABSENT},null{ABSENT},null{ABSENT},null{ABSENT},null{ABSENT},null{ABSENT},null{ABSENT},null{ABSENT},null{ABSENT},null{ABSENT},null{ABSENT},null{ABSENT},null{ABSENT},null{ABSENT},null{ABSENT},null{ABSENT},null{ABSENT},null{ABSENT},null{ABSENT},null{ABSENT},null{ABSENT},null{ABSENT},null{ABSENT},null{ABSENT},null{ABSENT},null{ABSENT},null{ABSENT},null{ABSENT},null{ABSENT},null{ABSENT},null{ABSENT},null{ABSENT},null{ABSENT},null{ABSENT},null{ABSENT},null{ABSENT},null{ABSENT},null{ABSENT},null{ABSENT},null{ABSENT},null{ABSENT},null{ABSENT},null{ABSENT},null{ABSENT},null{ABSENT},null{ABSENT},null{ABSENT},null{ABSENT},null{ABSENT},null{ABSENT},null{ABSENT},null{ABSENT},null{ABSENT},null{ABSENT},null{ABSENT},null{ABSENT},null{ABSENT},null{ABSENT},null{ABSENT},null{ABSENT},null{ABSENT},null{ABSENT},null{ABSENT},null{ABSENT},null{ABSENT},null{ABSENT},null{ABSENT},null{ABSENT},null{ABSENT},null{ABSENT},null{ABSENT},null{ABSENT},null{ABSENT},null{ABSENT},null{ABSENT},null{ABSENT},null{ABSENT},null{ABSENT},null{ABSENT},null{ABSENT},null{ABSENT},null{ABSENT},null{ABSENT},null{ABSENT},null{ABSENT},null{ABSENT},null{ABSENT},null{ABSENT},null{ABSENT},null{ABSENT},null{ABSENT},null{ABSENT},null{ABSENT},null{ABSENT},null{ABSENT},null{ABSENT},null{ABSENT},null{ABSENT},null{ABSENT},null{ABSENT},null{ABSENT},null{ABSENT},null{ABSENT},null{ABSENT},null{ABSENT},null{ABSENT},null{ABSENT},null{ABSENT},null{ABSENT},null{ABSENT},null{ABSENT},null{ABSENT},null{ABSENT},null{ABSENT},null{ABSENT},null{ABSENT},null{ABSENT},null{ABSENT},null{ABSENT},null{ABSENT},null{ABSENT},null{ABSENT},null{ABSENT},null{ABSENT},null{ABSENT},null{ABSENT},null{ABSENT},null{ABSENT},null{ABSENT},null{ABSENT},null{ABSENT},null{ABSENT},null{ABSENT},null{ABSENT},null{ABSENT},null{ABSENT},null{ABSENT},null{ABSENT},null{ABSENT},null{ABSENT},null{ABSENT},null{ABSENT},null{ABSENT},null{ABSENT},null{ABSENT},null{ABSENT},null{ABSENT},null{ABSENT},null{ABSENT},null{ABSENT},null{ABSENT},null{ABSENT},null{ABSENT},null{ABSENT},null{ABSENT},null{ABSENT},null{ABSENT},null{ABSENT},null{ABSENT},null{ABSENT},null{ABSENT},null{ABSENT},null{ABSENT},null{ABSENT},null{ABSENT},null{ABSENT},null{ABSENT},null{ABSENT},null{ABSENT},null{ABSENT},null{ABSENT},null{ABSENT},null{ABSENT},null{ABSENT},null{ABSENT},null{ABSENT},null{ABSENT},null{ABSENT},null{ABSENT},null{ABSENT},null{ABSENT},null{ABSENT},null{ABSENT},null{ABSENT},null{ABSENT},null{ABSENT},null{ABSENT},null{ABSENT},null{ABSENT},null{ABSENT},null{ABSENT},null{ABSENT},null{ABSENT},null{ABSENT},null{ABSENT},null{ABSENT},null{ABSENT},null{ABSENT},null{ABSENT},null{ABSENT},null{ABSENT},null{ABSENT},null{ABSENT},null{ABSENT},null{ABSENT},null{ABSENT},null{ABSENT},null{ABSENT},null{ABSENT},null{ABSENT},null{ABSENT},null{ABSENT},null{ABSENT},null{ABSENT},null{ABSENT},null{ABSENT},null{ABSENT},null{ABSENT},null{ABSENT},null{ABSENT},null{ABSENT},null{ABSENT},null{ABSENT},null{ABSENT},null{ABSENT},null{ABSENT},null{ABSENT},null{ABSENT},null{ABSENT},null{ABSENT},null{ABSENT},null{ABSENT},null{ABSENT},null{ABSENT},null{ABSENT},null{ABSENT},null{ABSENT},null{ABSENT},null{ABSENT},null{ABSENT},null{ABSENT},null{ABSENT},null{ABSENT},null{ABSENT},null{ABSENT},null{ABSENT},null{ABSENT},null{ABSENT},null{ABSENT},null{ABSENT},null{ABSENT},null{ABSENT},null{ABSENT},null{ABSENT},null{ABSENT},null{ABSENT},null{ABSENT},null{ABSENT},null{ABSENT},null{ABSENT},null{ABSENT},null{ABSENT},null{ABSENT},null{ABSENT},null{ABSENT},null{ABSENT},null{ABSENT},null{ABSENT},null{ABSENT},null{ABSENT},null{ABSENT},null{ABSENT},null{ABSENT},null{ABSENT},null{ABSENT},null{ABSENT},null{ABSENT},null{ABSENT},null{ABSENT},null{ABSENT},null{ABSENT},null{ABSENT},null{ABSENT},null{ABSENT},null{ABSENT},null{ABSENT},null{ABSENT},null{ABSENT},null{ABSENT},null{ABSENT},null{ABSENT},null{ABSENT},null{ABSENT},null{ABSENT},null{ABSENT},null{ABSENT},null{ABSENT},null{ABSENT},null{ABSENT},null{ABSENT},null{ABSENT},null{ABSENT},null{ABSENT},null{ABSENT},null{ABSENT},null{ABSENT},null{ABSENT},null{ABSENT},null{ABSENT},null{ABSENT},null{ABSENT},null{ABSENT},null{ABSENT},null{ABSENT},null{ABSENT},null{ABSENT},null{ABSENT},null{ABSENT},null{ABSENT},null{ABSENT},null{ABSENT},null{ABSENT},null{ABSENT},null{ABSENT},null{ABSENT},null{ABSENT},null{ABSENT},null{ABSENT},null{ABSENT},null{ABSENT},null{ABSENT},null{ABSENT},null{ABSENT},null{ABSENT},null{ABSENT},null{ABSENT},null{ABSENT},null{ABSENT},null{ABSENT},null{ABSENT},null{ABSENT},null{ABSENT},null{ABSENT},null{ABSENT},null{ABSENT},null{ABSENT},null{ABSENT},null{ABSENT},null{ABSENT},null{ABSENT},null{ABSENT},null{ABSENT},null{ABSENT},null{ABSENT},null{ABSENT},null{ABSENT},null{ABSENT},null{ABSENT},null{ABSENT},null{ABSENT},null{ABSENT},null{ABSENT},null{ABSENT},null{ABSENT},null{ABSENT},null{ABSENT},null{ABSENT},null{ABSENT},null{ABSENT},null{ABSENT},null{ABSENT},null{ABSENT},null{ABSENT},null{ABSENT},null{ABSENT},null{ABSENT},null{ABSENT},null{ABSENT},null{ABSENT},null{ABSENT},null{ABSENT},null{ABSENT},null{ABSENT},null{ABSENT},null{ABSENT},null{ABSENT},null{ABSENT},null{ABSENT},null{ABSENT},null{ABSENT},null{ABSENT},null{ABSENT},null{ABSENT},null{ABSENT},null{ABSENT},null{ABSENT},null{ABSENT},null{ABSENT},null{ABSENT},null{ABSENT},null{ABSENT},null{ABSENT},null{ABSENT},null{ABSENT},null{ABSENT},null{ABSENT},null{ABSENT},null{ABSENT},null{ABSENT},null{ABSENT},null{ABSENT},null{ABSENT},null{ABSENT},null{ABSENT},null{ABSENT},null{ABSENT},null{ABSENT},null{ABSENT},null{ABSENT},null{ABSENT},null{ABSENT},null{ABSENT},null{ABSENT},null{ABSENT},null{ABSENT}
R60,,,,,,,,,,,,,,,,,,,,,,,,,,,,,,,,,,,,,,,,,,,,,,,,,,,,,,,,,,,,,,,,,,,,,,,,,,,,,,,,,,,,,,,,,,,,,,,,,,,,,,,,,,,,,,,,,,,,,,,,,,,,,,,,,,,,,,,,,,,,,,,,,,,,,,,,,,,,,,,,,,,,,,,,,,,,,,,,,,,,,,,,,,,,,,,,,,,,,,,,,,,,,,,,,,,,,,,,,,,,,,,,,,,,,,,,,,,,,,,,,,,,,,,,,,,,,,,,,,,,,,,,,,,,,,,,,,,,,,,,,,,,,,,,,,,,,,,,,,,,,,,,,,,,,,,,,,,,,,,,,,,,,,,,,,,,,,,,,,,,,,,,,,,,,,,,,,,,,,,,,,,,,,,,,,,,,,,,,,,,,,,,,,,,,,,,,,,,,,,,,,,,,,,,,,,,,,,,,,,,,,,,,,,,,,,,,,,,,,,,,,,,,,,,,,,,,,,,,,,,,,,,,,,,,,,,,,,,,,,,,,,,,,,,,,,,,,,,,,,,,,,,,,,,
R61,,,,,,,,,,,,,,,,,,,,,,,,,,,,,,,,,,,,,,,,,,,,,,,,,,,,,,,,,,,,,,,,,,,,,,,,,,,,,,,,,,,,,,,,,,,,,,,,,,,,,,,,,,,,,,,,,,,,,,,,,,,,,,,,,,,,,,,,,,,,,,,,,,,,,,,,,,,,,,,,,,,,,,,,,,,,,,,,,,,,,,,,,,,,,,,,,,,,,,,,,,,,,,,,,,,,,,,,,,,,,,,,,,,,,,,,,,,,,,,,,,,,,,,,,,,,,,,,,,,,,,,,,,,,,,,,,,,,,,,,,,,,,,,,,,,,,,,,,,,,,,,,,,,,,,,,,,,,,,,,,,,,,,,,,,,,,,,,,,,,,,,,,,,,,,,,,,,,,,,,,,,,,,,,,,,,,,,,,,,,,,,,,,,,,,,,,,,,,,,,,,,,,,,,,,,,,,,,,,,,,,,,,,,,,,,,,,,,,,,,,,,,,,,,,,,,,,,,,,,,,,,,,,,,,,,,,,,,,,,,,,,,,,,,,,,,,,,,,,,,,,,,,,,,
R62,,,,,,,,,,,,,,,,,,,,,,,,,,,,,,,,,,,,,,,,,,,,,,,,,,,,,,,,,,,,,,,,,,,,,,,,,,,,,,,,,,,,,,,,,,,,,,,,,,,,,,,,,,,,,,,,,,,,,,,,,,,,,,,,,,,,,,,,,,,,,,,,,,,,,,,,,,,,,,,,,,,,,,,,,,,,,,,,,,,,,,,,,,,,,,,,,,,,,,,,,,,,,,,,,,,,,,,,,,,,,,,,,,,,,,,,,,,,,,,,,,,,,,,,,,,,,,,,,,,,,,,,,,,,,,,,,,,,,,,,,,,,,,,,,,,,,,,,,,,,,,,,,,,,,,,,,,,,,,,,,,,,,,,,,,,,,,,,,,,,,,,,,,,,,,,,,,,,,,,,,,,,,,,,,,,,,,,,,,,,,,,,,,,,,,,,,,,,,,,,,,,,,,,,,,,,,,,,,,,,,,,,,,,,,,,,,,,,,,,,,,,,,,,,,,,,,,,,,,,,,,,,,,,,,,,,,,,,,,,,,,,,,,,,,,,,,,,,,,,,,,,,,,,,
R63,,,,,,,,,,,,,,,,,,,,,,,,,,,,,,,,,,,,,,,,,,,,,,,,,,,,,,,,,,,,,,,,,,,,,,,,,,,,,,,,,,,,,,,,,,,,,,,,,,,,,,,,,,,,,,,,,,,,,,,,,,,,,,,,,,,,,,,,,,,,,,,,,,,,,,,,,,,,,,,,,,,,,,,,,,,,,,,,,,,,,,,,,,,,,,,,,,,,,,,,,,,,,,,,,,,,,,,,,,,,,,,,,,,,,,,,,,,,,,,,,,,,,,,,,,,,,,,,,,,,,,,,,,,,,,,,,,,,,,,,,,,,,,,,,,,,,,,,,,,,,,,,,,,,,,,,,,,,,,,,,,,,,,,,,,,,,,,,,,,,,,,,,,,,,,,,,,,,,,,,,,,,,,,,,,,,,,,,,,,,,,,,,,,,,,,,,,,,,,,,,,,,,,,,,,,,,,,,,,,,,,,,,,,,,,,,,,,,,,,,,,,,,,,,,,,,,,,,,,,,,,,,,,,,,,,,,,,,,,,,,,,,,,,,,,,,,,,,,,,,,,,,,,,,
R64,,,,,,,,,,,,,,,,,,,,,,,,,,,,,,,,,,,,,,,,,,,,,,,,,,,,,,,,,,,,,,,,,,,,,,,,,,,,,,,,,,,,,,,,,,,,,,,,,,,,,,,,,,,,,,,,,,,,,,,,,,,,,,,,,,,,,,,,,,,,,,,,,,,,,,,,,,,,,,,,,,,,,,,,,,,,,,,,,,,,,,,,,,,,,,,,,,,,,,,,,,,,,,,,,,,,,,,,,,,,,,,,,,,,,,,,,,,,,,,,,,,,,,,,,,,,,,,,,,,,,,,,,,,,,,,,,,,,,,,,,,,,,,,,,,,,,,,,,,,,,,,,,,,,,,,,,,,,,,,,,,,,,,,,,,,,,,,,,,,,,,,,,,,,,,,,,,,,,,,,,,,,,,,,,,,,,,,,,,,,,,,,,,,,,,,,,,,,,,,,,,,,,,,,,,,,,,,,,,,,,,,,,,,,,,,,,,,,,,,,,,,,,,,,,,,,,,,,,,,,,,,,,,,,,,,,,,,,,,,,,,,,,,,,,,,,,,,,,,,,,,,,,,,,
R65,,,,,,,,,,,,,,,,,,,,,,,,,,,,,,,,,,,,,,,,,,,,,,,,,,,,,,,,,,,,,,,,,,,,,,,,,,,,,,,,,,,,,,,,,,,,,,,,,,,,,,,,,,,,,,,,,,,,,,,,,,,,,,,,,,,,,,,,,,,,,,,,,,,,,,,,,,,,,,,,,,,,,,,,,,,,,,,,,,,,,,,,,,,,,,,,,,,,,,,,,,,,,,,,,,,,,,,,,,,,,,,,,,,,,,,,,,,,,,,,,,,,,,,,,,,,,,,,,,,,,,,,,,,,,,,,,,,,,,,,,,,,,,,,,,,,,,,,,,,,,,,,,,,,,,,,,,,,,,,,,,,,,,,,,,,,,,,,,,,,,,,,,,,,,,,,,,,,,,,,,,,,,,,,,,,,,,,,,,,,,,,,,,,,,,,,,,,,,,,,,,,,,,,,,,,,,,,,,,,,,,,,,,,,,,,,,,,,,,,,,,,,,,,,,,,,,,,,,,,,,,,,,,,,,,,,,,,,,,,,,,,,,,,,,,,,,,,,,,,,,,,,,,,,
R66,,,,,,,,,,,,,,,,,,,,,,,,,,,,,,,,,,,,,,,,,,,,,,,,,,,,,,,,,,,,,,,,,,,,,,,,,,,,,,,,,,,,,,,,,,,,,,,,,,,,,,,,,,,,,,,,,,,,,,,,,,,,,,,,,,,,,,,,,,,,,,,,,,,,,,,,,,,,,,,,,,,,,,,,,,,,,,,,,,,,,,,,,,,,,,,,,,,,,,,,,,,,,,,,,,,,,,,,,,,,,,,,,,,,,,,,,,,,,,,,,,,,,,,,,,,,,,,,,,,,,,,,,,,,,,,,,,,,,,,,,,,,,,,,,,,,,,,,,,,,,,,,,,,,,,,,,,,,,,,,,,,,,,,,,,,,,,,,,,,,,,,,,,,,,,,,,,,,,,,,,,,,,,,,,,,,,,,,,,,,,,,,,,,,,,,,,,,,,,,,,,,,,,,,,,,,,,,,,,,,,,,,,,,,,,,,,,,,,,,,,,,,,,,,,,,,,,,,,,,,,,,,,,,,,,,,,,,,,,,,,,,,,,,,,,,,,,,,,,,,,,,,,,,,
R67,,,,,,,,,,,,,,,,,,,,,,,,,,,,,,,,,,,,,,,,,,,,,,,,,,,,,,,,,,,,,,,,,,,,,,,,,,,,,,,,,,,,,,,,,,,,,,,,,,,,,,,,,,,,,,,,,,,,,,,,,,,,,,,,,,,,,,,,,,,,,,,,,,,,,,,,,,,,,,,,,,,,,,,,,,,,,,,,,,,,,,,,,,,,,,,,,,,,,,,,,,,,,,,,,,,,,,,,,,,,,,,,,,,,,,,,,,,,,,,,,,,,,,,,,,,,,,,,,,,,,,,,,,,,,,,,,,,,,,,,,,,,,,,,,,,,,,,,,,,,,,,,,,,,,,,,,,,,,,,,,,,,,,,,,,,,,,,,,,,,,,,,,,,,,,,,,,,,,,,,,,,,,,,,,,,,,,,,,,,,,,,,,,,,,,,,,,,,,,,,,,,,,,,,,,,,,,,,,,,,,,,,,,,,,,,,,,,,,,,,,,,,,,,,,,,,,,,,,,,,,,,,,,,,,,,,,,,,,,,,,,,,,,,,,,,,,,,,,,,,,,,,,,,,
R68,,,,,,,,,,,,,,,,,,,,,,,,,,,,,,,,,,,,,,,,,,,,,,,,,,,,,,,,,,,,,,,,,,,,,,,,,,,,,,,,,,,,,,,,,,,,,,,,,,,,,,,,,,,,,,,,,,,,,,,,,,,,,,,,,,,,,,,,,,,,,,,,,,,,,,,,,,,,,,,,,,,,,,,,,,,,,,,,,,,,,,,,,,,,,,,,,,,,,,,,,,,,,,,,,,,,,,,,,,,,,,,,,,,,,,,,,,,,,,,,,,,,,,,,,,,,,,,,,,,,,,,,,,,,,,,,,,,,,,,,,,,,,,,,,,,,,,,,,,,,,,,,,,,,,,,,,,,,,,,,,,,,,,,,,,,,,,,,,,,,,,,,,,,,,,,,,,,,,,,,,,,,,,,,,,,,,,,,,,,,,,,,,,,,,,,,,,,,,,,,,,,,,,,,,,,,,,,,,,,,,,,,,,,,,,,,,,,,,,,,,,,,,,,,,,,,,,,,,,,,,,,,,,,,,,,,,,,,,,,,,,,,,,,,,,,,,,,,,,,,,,,,,,,,
R69,,,,,,,,,,,,,,,,,,,,,,,,,,,,,,,,,,,,,,,,,,,,,,,,,,,,,,,,,,,,,,,,,,,,,,,,,,,,,,,,,,,,,,,,,,,,,,,,,,,,,,,,,,,,,,,,,,,,,,,,,,,,,,,,,,,,,,,,,,,,,,,,,,,,,,,,,,,,,,,,,,,,,,,,,,,,,,,,,,,,,,,,,,,,,,,,,,,,,,,,,,,,,,,,,,,,,,,,,,,,,,,,,,,,,,,,,,,,,,,,,,,,,,,,,,,,,,,,,,,,,,,,,,,,,,,,,,,,,,,,,,,,,,,,,,,,,,,,,,,,,,,,,,,,,,,,,,,,,,,,,,,,,,,,,,,,,,,,,,,,,,,,,,,,,,,,,,,,,,,,,,,,,,,,,,,,,,,,,,,,,,,,,,,,,,,,,,,,,,,,,,,,,,,,,,,,,,,,,,,,,,,,,,,,,,,,,,,,,,,,,,,,,,,,,,,,,,,,,,,,,,,,,,,,,,,,,,,,,,,,,,,,,,,,,,,,,,,,,,,,,,,,,,,,
R70,,,,,,,,,,,,,,,,,,,,,,,,,,,,,,,,,,,,,,,,,,,,,,,,,,,,,,,,,,,,,,,,,,,,,,,,,,,,,,,,,,,,,,,,,,,,,,,,,,,,,,,,,,,,,,,,,,,,,,,,,,,,,,,,,,,,,,,,,,,,,,,,,,,,,,,,,,,,,,,,,,,,,,,,,,,,,,,,,,,,,,,,,,,,,,,,,,,,,,,,,,,,,,,,,,,,,,,,,,,,,,,,,,,,,,,,,,,,,,,,,,,,,,,,,,,,,,,,,,,,,,,,,,,,,,,,,,,,,,,,,,,,,,,,,,,,,,,,,,,,,,,,,,,,,,,,,,,,,,,,,,,,,,,,,,,,,,,,,,,,,,,,,,,,,,,,,,,,,,,,,,,,,,,,,,,,,,,,,,,,,,,,,,,,,,,,,,,,,,,,,,,,,,,,,,,,,,,,,,,,,,,,,,,,,,,,,,,,,,,,,,,,,,,,,,,,,,,,,,,,,,,,,,,,,,,,,,,,,,,,,,,,,,,,,,,,,,,,,,,,,,,,,,,,
R71,,,,,,,,,,,,,,,,,,,,,,,,,,,,,,,,,,,,,,,,,,,,,,,,,,,,,,,,,,,,,,,,,,,,,,,,,,,,,,,,,,,,,,,,,,,,,,,,,,,,,,,,,,,,,,,,,,,,,,,,,,,,,,,,,,,,,,,,,,,,,,,,,,,,,,,,,,,,,,,,,,,,,,,,,,,,,,,,,,,,,,,,,,,,,,,,,,,,,,,,,,,,,,,,,,,,,,,,,,,,,,,,,,,,,,,,,,,,,,,,,,,,,,,,,,,,,,,,,,,,,,,,,,,,,,,,,,,,,,,,,,,,,,,,,,,,,,,,,,,,,,,,,,,,,,,,,,,,,,,,,,,,,,,,,,,,,,,,,,,,,,,,,,,,,,,,,,,,,,,,,,,,,,,,,,,,,,,,,,,,,,,,,,,,,,,,,,,,,,,,,,,,,,,,,,,,,,,,,,,,,,,,,,,,,,,,,,,,,,,,,,,,,,,,,,,,,,,,,,,,,,,,,,,,,,,,,,,,,,,,,,,,,,,,,,,,,,,,,,,,,,,,,,,,
R72,,,,,,,,,,,,,,,,,,,,,,,,,,,,,,,,,,,,,,,,,,,,,,,,,,,,,,,,,,,,,,,,,,,,,,,,,,,,,,,,,,,,,,,,,,,,,,,,,,,,,,,,,,,,,,,,,,,,,,,,,,,,,,,,,,,,,,,,,,,,,,,,,,,,,,,,,,,,,,,,,,,,,,,,,,,,,,,,,,,,,,,,,,,,,,,,,,,,,,,,,,,,,,,,,,,,,,,,,,,,,,,,,,,,,,,,,,,,,,,,,,,,,,,,,,,,,,,,,,,,,,,,,,,,,,,,,,,,,,,,,,,,,,,,,,,,,,,,,,,,,,,,,,,,,,,,,,,,,,,,,,,,,,,,,,,,,,,,,,,,,,,,,,,,,,,,,,,,,,,,,,,,,,,,,,,,,,,,,,,,,,,,,,,,,,,,,,,,,,,,,,,,,,,,,,,,,,,,,,,,,,,,,,,,,,,,,,,,,,,,,,,,,,,,,,,,,,,,,,,,,,,,,,,,,,,,,,,,,,,,,,,,,,,,,,,,,,,,,,,,,,,,,,,,
R73,,,,,,,,,,,,,,,,,,,,,,,,,,,,,,,,,,,,,,,,,,,,,,,,,,,,,,,,,,,,,,,,,,,,,,,,,,,,,,,,,,,,,,,,,,,,,,,,,,,,,,,,,,,,,,,,,,,,,,,,,,,,,,,,,,,,,,,,,,,,,,,,,,,,,,,,,,,,,,,,,,,,,,,,,,,,,,,,,,,,,,,,,,,,,,,,,,,,,,,,,,,,,,,,,,,,,,,,,,,,,,,,,,,,,,,,,,,,,,,,,,,,,,,,,,,,,,,,,,,,,,,,,,,,,,,,,,,,,,,,,,,,,,,,,,,,,,,,,,,,,,,,,,,,,,,,,,,,,,,,,,,,,,,,,,,,,,,,,,,,,,,,,,,,,,,,,,,,,,,,,,,,,,,,,,,,,,,,,,,,,,,,,,,,,,,,,,,,,,,,,,,,,,,,,,,,,,,,,,,,,,,,,,,,,,,,,,,,,,,,,,,,,,,,,,,,,,,,,,,,,,,,,,,,,,,,,,,,,,,,,,,,,,,,,,,,,,,,,,,,,,,,,,,,
R74,,,,,,,,,,,,,,,,,,,,,,,,,,,,,,,,,,,,,,,,,,,,,,,,,,,,,,,,,,,,,,,,,,,,,,,,,,,,,,,,,,,,,,,,,,,,,,,,,,,,,,,,,,,,,,,,,,,,,,,,,,,,,,,,,,,,,,,,,,,,,,,,,,,,,,,,,,,,,,,,,,,,,,,,,,,,,,,,,,,,,,,,,,,,,,,,,,,,,,,,,,,,,,,,,,,,,,,,,,,,,,,,,,,,,,,,,,,,,,,,,,,,,,,,,,,,,,,,,,,,,,,,,,,,,,,,,,,,,,,,,,,,,,,,,,,,,,,,,,,,,,,,,,,,,,,,,,,,,,,,,,,,,,,,,,,,,,,,,,,,,,,,,,,,,,,,,,,,,,,,,,,,,,,,,,,,,,,,,,,,,,,,,,,,,,,,,,,,,,,,,,,,,,,,,,,,,,,,,,,,,,,,,,,,,,,,,,,,,,,,,,,,,,,,,,,,,,,,,,,,,,,,,,,,,,,,,,,,,,,,,,,,,,,,,,,,,,,,,,,,,,,,,,,,
R75,,,,,,,,,,,,,,,,,,,,,,,,,,,,,,,,,,,,,,,,,,,,,,,,,,,,,,,,,,,,,,,,,,,,,,,,,,,,,,,,,,,,,,,,,,,,,,,,,,,,,,,,,,,,,,,,,,,,,,,,,,,,,,,,,,,,,,,,,,,,,,,,,,,,,,,,,,,,,,,,,,,,,,,,,,,,,,,,,,,,,,,,,,,,,,,,,,,,,,,,,,,,,,,,,,,,,,,,,,,,,,,,,,,,,,,,,,,,,,,,,,,,,,,,,,,,,,,,,,,,,,,,,,,,,,,,,,,,,,,,,,,,,,,,,,,,,,,,,,,,,,,,,,,,,,,,,,,,,,,,,,,,,,,,,,,,,,,,,,,,,,,,,,,,,,,,,,,,,,,,,,,,,,,,,,,,,,,,,,,,,,,,,,,,,,,,,,,,,,,,,,,,,,,,,,,,,,,,,,,,,,,,,,,,,,,,,,,,,,,,,,,,,,,,,,,,,,,,,,,,,,,,,,,,,,,,,,,,,,,,,,,,,,,,,,,,,,,,,,,,,,,,,,,,
R76,,,,,,,,,,,,,,,,,,,,,,,,,,,,,,,,,,,,,,,,,,,,,,,,,,,,,,,,,,,,,,,,,,,,,,,,,,,,,,,,,,,,,,,,,,,,,,,,,,,,,,,,,,,,,,,,,,,,,,,,,,,,,,,,,,,,,,,,,,,,,,,,,,,,,,,,,,,,,,,,,,,,,,,,,,,,,,,,,,,,,,,,,,,,,,,,,,,,,,,,,,,,,,,,,,,,,,,,,,,,,,,,,,,,,,,,,,,,,,,,,,,,,,,,,,,,,,,,,,,,,,,,,,,,,,,,,,,,,,,,,,,,,,,,,,,,,,,,,,,,,,,,,,,,,,,,,,,,,,,,,,,,,,,,,,,,,,,,,,,,,,,,,,,,,,,,,,,,,,,,,,,,,,,,,,,,,,,,,,,,,,,,,,,,,,,,,,,,,,,,,,,,,,,,,,,,,,,,,,,,,,,,,,,,,,,,,,,,,,,,,,,,,,,,,,,,,,,,,,,,,,,,,,,,,,,,,,,,,,,,,,,,,,,,,,,,,,,,,,,,,,,,,,,,
R77,,,,,,,,,,,,,,,,,,,,,,,,,,,,,,,,,,,,,,,,,,,,,,,,,,,,,,,,,,,,,,,,,,,,,,,,,,,,,,,,,,,,,,,,,,,,,,,,,,,,,,,,,,,,,,,,,,,,,,,,,,,,,,,,,,,,,,,,,,,,,,,,,,,,,,,,,,,,,,,,,,,,,,,,,,,,,,,,,,,,,,,,,,,,,,,,,,,,,,,,,,,,,,,,,,,,,,,,,,,,,,,,,,,,,,,,,,,,,,,,,,,,,,,,,,,,,,,,,,,,,,,,,,,,,,,,,,,,,,,,,,,,,,,,,,,,,,,,,,,,,,,,,,,,,,,,,,,,,,,,,,,,,,,,,,,,,,,,,,,,,,,,,,,,,,,,,,,,,,,,,,,,,,,,,,,,,,,,,,,,,,,,,,,,,,,,,,,,,,,,,,,,,,,,,,,,,,,,,,,,,,,,,,,,,,,,,,,,,,,,,,,,,,,,,,,,,,,,,,,,,,,,,,,,,,,,,,,,,,,,,,,,,,,,,,,,,,,,,,,,,,,,,,,,
R78,,,,,,,,,,,,,,,,,,,,,,,,,,,,,,,,,,,,,,,,,,,,,,,,,,,,,,,,,,,,,,,,,,,,,,,,,,,,,,,,,,,,,,,,,,,,,,,,,,,,,,,,,,,,,,,,,,,,,,,,,,,,,,,,,,,,,,,,,,,,,,,,,,,,,,,,,,,,,,,,,,,,,,,,,,,,,,,,,,,,,,,,,,,,,,,,,,,,,,,,,,,,,,,,,,,,,,,,,,,,,,,,,,,,,,,,,,,,,,,,,,,,,,,,,,,,,,,,,,,,,,,,,,,,,,,,,,,,,,,,,,,,,,,,,,,,,,,,,,,,,,,,,,,,,,,,,,,,,,,,,,,,,,,,,,,,,,,,,,,,,,,,,,,,,,,,,,,,,,,,,,,,,,,,,,,,,,,,,,,,,,,,,,,,,,,,,,,,,,,,,,,,,,,,,,,,,,,,,,,,,,,,,,,,,,,,,,,,,,,,,,,,,,,,,,,,,,,,,,,,,,,,,,,,,,,,,,,,,,,,,,,,,,,,,,,,,,,,,,,,,,,,,,,,
R79,,,,,,,,,,,,,,,,,,,,,,,,,,,,,,,,,,,,,,,,,,,,,,,,,,,,,,,,,,,,,,,,,,,,,,,,,,,,,,,,,,,,,,,,,,,,,,,,,,,,,,,,,,,,,,,,,,,,,,,,,,,,,,,,,,,,,,,,,,,,,,,,,,,,,,,,,,,,,,,,,,,,,,,,,,,,,,,,,,,,,,,,,,,,,,,,,,,,,,,,,,,,,,,,,,,,,,,,,,,,,,,,,,,,,,,,,,,,,,,,,,,,,,,,,,,,,,,,,,,,,,,,,,,,,,,,,,,,,,,,,,,,,,,,,,,,,,,,,,,,,,,,,,,,,,,,,,,,,,,,,,,,,,,,,,,,,,,,,,,,,,,,,,,,,,,,,,,,,,,,,,,,,,,,,,,,,,,,,,,,,,,,,,,,,,,,,,,,,,,,,,,,,,,,,,,,,,,,,,,,,,,,,,,,,,,,,,,,,,,,,,,,,,,,,,,,,,,,,,,,,,,,,,,,,,,,,,,,,,,,,,,,,,,,,,,,,,,,,,,,,,,,,,,,
R80,,,,,,,,,,,,,,,,,,,,,,,,,,,,,,,,,,,,,,,,,,,,,,,,,,,,,,,,,,,,,,,,,,,,,,,,,,,,,,,,,,,,,,,,,,,,,,,,,,,,,,,,,,,,,,,,,,,,,,,,,,,,,,,,,,,,,,,,,,,,,,,,,,,,,,,,,,,,,,,,,,,,,,,,,,,,,,,,,,,,,,,,,,,,,,,,,,,,,,,,,,,,,,,,,,,,,,,,,,,,,,,,,,,,,,,,,,,,,,,,,,,,,,,,,,,,,,,,,,,,,,,,,,,,,,,,,,,,,,,,,,,,,,,,,,,,,,,,,,,,,,,,,,,,,,,,,,,,,,,,,,,,,,,,,,,,,,,,,,,,,,,,,,,,,,,,,,,,,,,,,,,,,,,,,,,,,,,,,,,,,,,,,,,,,,,,,,,,,,,,,,,,,,,,,,,,,,,,,,,,,,,,,,,,,,,,,,,,,,,,,,,,,,,,,,,,,,,,,,,,,,,,,,,,,,,,,,,,,,,,,,,,,,,,,,,,,,,,,,,,,,,,,,,,
R81,,,,,,,,,,,,,,,,,,,,,,,,,,,,,,,,,,,,,,,,,,,,,,,,,,,,,,,,,,,,,,,,,,,,,,,,,,,,,,,,,,,,,,,,,,,,,,,,,,,,,,,,,,,,,,,,,,,,,,,,,,,,,,,,,,,,,,,,,,,,,,,,,,,,,,,,,,,,,,,,,,,,,,,,,,,,,,,,,,,,,,,,,,,,,,,,,,,,,,,,,,,,,,,,,,,,,,,,,,,,,,,,,,,,,,,,,,,,,,,,,,,,,,,,,,,,,,,,,,,,,,,,,,,,,,,,,,,,,,,,,,,,,,,,,,,,,,,,,,,,,,,,,,,,,,,,,,,,,,,,,,,,,,,,,,,,,,,,,,,,,,,,,,,,,,,,,,,,,,,,,,,,,,,,,,,,,,,,,,,,,,,,,,,,,,,,,,,,,,,,,,,,,,,,,,,,,,,,,,,,,,,,,,,,,,,,,,,,,,,,,,,,,,,,,,,,,,,,,,,,,,,,,,,,,,,,,,,,,,,,,,,,,,,,,,,,,,,,,,,,,,,,,,,,
R82,,,,,,,,,,,,,,,,,,,,,,,,,,,,,,,,,,,,,,,,,,,,,,,,,,,,,,,,,,,,,,,,,,,,,,,,,,,,,,,,,,,,,,,,,,,,,,,,,,,,,,,,,,,,,,,,,,,,,,,,,,,,,,,,,,,,,,,,,,,,,,,,,,,,,,,,,,,,,,,,,,,,,,,,,,,,,,,,,,,,,,,,,,,,,,,,,,,,,,,,,,,,,,,,,,,,,,,,,,,,,,,,,,,,,,,,,,,,,,,,,,,,,,,,,,,,,,,,,,,,,,,,,,,,,,,,,,,,,,,,,,,,,,,,,,,,,,,,,,,,,,,,,,,,,,,,,,,,,,,,,,,,,,,,,,,,,,,,,,,,,,,,,,,,,,,,,,,,,,,,,,,,,,,,,,,,,,,,,,,,,,,,,,,,,,,,,,,,,,,,,,,,,,,,,,,,,,,,,,,,,,,,,,,,,,,,,,,,,,,,,,,,,,,,,,,,,,,,,,,,,,,,,,,,,,,,,,,,,,,,,,,,,,,,,,,,,,,,,,,,,,,,,,,,
R83,,,,,,,,,,,,,,,,,,,,,,,,,,,,,,,,,,,,,,,,,,,,,,,,,,,,,,,,,,,,,,,,,,,,,,,,,,,,,,,,,,,,,,,,,,,,,,,,,,,,,,,,,,,,,,,,,,,,,,,,,,,,,,,,,,,,,,,,,,,,,,,,,,,,,,,,,,,,,,,,,,,,,,,,,,,,,,,,,,,,,,,,,,,,,,,,,,,,,,,,,,,,,,,,,,,,,,,,,,,,,,,,,,,,,,,,,,,,,,,,,,,,,,,,,,,,,,,,,,,,,,,,,,,,,,,,,,,,,,,,,,,,,,,,,,,,,,,,,,,,,,,,,,,,,,,,,,,,,,,,,,,,,,,,,,,,,,,,,,,,,,,,,,,,,,,,,,,,,,,,,,,,,,,,,,,,,,,,,,,,,,,,,,,,,,,,,,,,,,,,,,,,,,,,,,,,,,,,,,,,,,,,,,,,,,,,,,,,,,,,,,,,,,,,,,,,,,,,,,,,,,,,,,,,,,,,,,,,,,,,,,,,,,,,,,,,,,,,,,,,,,,,,,,,
R84,,,,,,,,,,,,,,,,,,,,,,,,,,,,,,,,,,,,,,,,,,,,,,,,,,,,,,,,,,,,,,,,,,,,,,,,,,,,,,,,,,,,,,,,,,,,,,,,,,,,,,,,,,,,,,,,,,,,,,,,,,,,,,,,,,,,,,,,,,,,,,,,,,,,,,,,,,,,,,,,,,,,,,,,,,,,,,,,,,,,,,,,,,,,,,,,,,,,,,,,,,,,,,,,,,,,,,,,,,,,,,,,,,,,,,,,,,,,,,,,,,,,,,,,,,,,,,,,,,,,,,,,,,,,,,,,,,,,,,,,,,,,,,,,,,,,,,,,,,,,,,,,,,,,,,,,,,,,,,,,,,,,,,,,,,,,,,,,,,,,,,,,,,,,,,,,,,,,,,,,,,,,,,,,,,,,,,,,,,,,,,,,,,,,,,,,,,,,,,,,,,,,,,,,,,,,,,,,,,,,,,,,,,,,,,,,,,,,,,,,,,,,,,,,,,,,,,,,,,,,,,,,,,,,,,,,,,,,,,,,,,,,,,,,,,,,,,,,,,,,,,,,,,,,
R85,,,,,,,,,,,,,,,,,,,,,,,,,,,,,,,,,,,,,,,,,,,,,,,,,,,,,,,,,,,,,,,,,,,,,,,,,,,,,,,,,,,,,,,,,,,,,,,,,,,,,,,,,,,,,,,,,,,,,,,,,,,,,,,,,,,,,,,,,,,,,,,,,,,,,,,,,,,,,,,,,,,,,,,,,,,,,,,,,,,,,,,,,,,,,,,,,,,,,,,,,,,,,,,,,,,,,,,,,,,,,,,,,,,,,,,,,,,,,,,,,,,,,,,,,,,,,,,,,,,,,,,,,,,,,,,,,,,,,,,,,,,,,,,,,,,,,,,,,,,,,,,,,,,,,,,,,,,,,,,,,,,,,,,,,,,,,,,,,,,,,,,,,,,,,,,,,,,,,,,,,,,,,,,,,,,,,,,,,,,,,,,,,,,,,,,,,,,,,,,,,,,,,,,,,,,,,,,,,,,,,,,,,,,,,,,,,,,,,,,,,,,,,,,,,,,,,,,,,,,,,,,,,,,,,,,,,,,,,,,,,,,,,,,,,,,,,,,,,,,,,,,,,,,,
R86,,,,,,,,,,,,,,,,,,,,,,,,,,,,,,,,,,,,,,,,,,,,,,,,,,,,,,,,,,,,,,,,,,,,,,,,,,,,,,,,,,,,,,,,,,,,,,,,,,,,,,,,,,,,,,,,,,,,,,,,,,,,,,,,,,,,,,,,,,,,,,,,,,,,,,,,,,,,,,,,,,,,,,,,,,,,,,,,,,,,,,,,,,,,,,,,,,,,,,,,,,,,,,,,,,,,,,,,,,,,,,,,,,,,,,,,,,,,,,,,,,,,,,,,,,,,,,,,,,,,,,,,,,,,,,,,,,,,,,,,,,,,,,,,,,,,,,,,,,,,,,,,,,,,,,,,,,,,,,,,,,,,,,,,,,,,,,,,,,,,,,,,,,,,,,,,,,,,,,,,,,,,,,,,,,,,,,,,,,,,,,,,,,,,,,,,,,,,,,,,,,,,,,,,,,,,,,,,,,,,,,,,,,,,,,,,,,,,,,,,,,,,,,,,,,,,,,,,,,,,,,,,,,,,,,,,,,,,,,,,,,,,,,,,,,,,,,,,,,,,,,,,,,,,
R87,,,,,,,,,,,,,,,,,,,,,,,,,,,,,,,,,,,,,,,,,,,,,,,,,,,,,,,,,,,,,,,,,,,,,,,,,,,,,,,,,,,,,,,,,,,,,,,,,,,,,,,,,,,,,,,,,,,,,,,,,,,,,,,,,,,,,,,,,,,,,,,,,,,,,,,,,,,,,,,,,,,,,,,,,,,,,,,,,,,,,,,,,,,,,,,,,,,,,,,,,,,,,,,,,,,,,,,,,,,,,,,,,,,,,,,,,,,,,,,,,,,,,,,,,,,,,,,,,,,,,,,,,,,,,,,,,,,,,,,,,,,,,,,,,,,,,,,,,,,,,,,,,,,,,,,,,,,,,,,,,,,,,,,,,,,,,,,,,,,,,,,,,,,,,,,,,,,,,,,,,,,,,,,,,,,,,,,,,,,,,,,,,,,,,,,,,,,,,,,,,,,,,,,,,,,,,,,,,,,,,,,,,,,,,,,,,,,,,,,,,,,,,,,,,,,,,,,,,,,,,,,,,,,,,,,,,,,,,,,,,,,,,,,,,,,,,,,,,,,,,,,,,,,,
R88,,,,,,,,,,,,,,,,,,,,,,,,,,,,,,,,,,,,,,,,,,,,,,,,,,,,,,,,,,,,,,,,,,,,,,,,,,,,,,,,,,,,,,,,,,,,,,,,,,,,,,,,,,,,,,,,,,,,,,,,,,,,,,,,,,,,,,,,,,,,,,,,,,,,,,,,,,,,,,,,,,,,,,,,,,,,,,,,,,,,,,,,,,,,,,,,,,,,,,,,,,,,,,,,,,,,,,,,,,,,,,,,,,,,,,,,,,,,,,,,,,,,,,,,,,,,,,,,,,,,,,,,,,,,,,,,,,,,,,,,,,,,,,,,,,,,,,,,,,,,,,,,,,,,,,,,,,,,,,,,,,,,,,,,,,,,,,,,,,,,,,,,,,,,,,,,,,,,,,,,,,,,,,,,,,,,,,,,,,,,,,,,,,,,,,,,,,,,,,,,,,,,,,,,,,,,,,,,,,,,,,,,,,,,,,,,,,,,,,,,,,,,,,,,,,,,,,,,,,,,,,,,,,,,,,,,,,,,,,,,,,,,,,,,,,,,,,,,,,,,,,,,,,,,
R89,,,,,,,,,,,,,,,,,,,,,,,,,,,,,,,,,,,,,,,,,,,,,,,,,,,,,,,,,,,,,,,,,,,,,,,,,,,,,,,,,,,,,,,,,,,,,,,,,,,,,,,,,,,,,,,,,,,,,,,,,,,,,,,,,,,,,,,,,,,,,,,,,,,,,,,,,,,,,,,,,,,,,,,,,,,,,,,,,,,,,,,,,,,,,,,,,,,,,,,,,,,,,,,,,,,,,,,,,,,,,,,,,,,,,,,,,,,,,,,,,,,,,,,,,,,,,,,,,,,,,,,,,,,,,,,,,,,,,,,,,,,,,,,,,,,,,,,,,,,,,,,,,,,,,,,,,,,,,,,,,,,,,,,,,,,,,,,,,,,,,,,,,,,,,,,,,,,,,,,,,,,,,,,,,,,,,,,,,,,,,,,,,,,,,,,,,,,,,,,,,,,,,,,,,,,,,,,,,,,,,,,,,,,,,,,,,,,,,,,,,,,,,,,,,,,,,,,,,,,,,,,,,,,,,,,,,,,,,,,,,,,,,,,,,,,,,,,,,,,,,,,,,,,,
=Middle Proto-Albanian I,null{ABSENT},null{ABSENT},null{ABSENT},null{ABSENT},null{ABSENT},null{ABSENT},null{ABSENT},null{ABSENT},null{ABSENT},null{ABSENT},null{ABSENT},null{ABSENT},null{ABSENT},null{ABSENT},null{ABSENT},null{ABSENT},null{ABSENT},null{ABSENT},null{ABSENT},null{ABSENT},null{ABSENT},null{ABSENT},null{ABSENT},null{ABSENT},null{ABSENT},null{ABSENT},null{ABSENT},null{ABSENT},null{ABSENT},null{ABSENT},null{ABSENT},null{ABSENT},null{ABSENT},null{ABSENT},null{ABSENT},null{ABSENT},null{ABSENT},null{ABSENT},null{ABSENT},null{ABSENT},null{ABSENT},null{ABSENT},null{ABSENT},null{ABSENT},null{ABSENT},null{ABSENT},null{ABSENT},null{ABSENT},null{ABSENT},null{ABSENT},null{ABSENT},null{ABSENT},null{ABSENT},null{ABSENT},null{ABSENT},null{ABSENT},null{ABSENT},null{ABSENT},null{ABSENT},null{ABSENT},null{ABSENT},null{ABSENT},null{ABSENT},null{ABSENT},null{ABSENT},null{ABSENT},null{ABSENT},null{ABSENT},null{ABSENT},null{ABSENT},null{ABSENT},null{ABSENT},null{ABSENT},null{ABSENT},null{ABSENT},null{ABSENT},null{ABSENT},null{ABSENT},null{ABSENT},null{ABSENT},null{ABSENT},null{ABSENT},null{ABSENT},null{ABSENT},null{ABSENT},null{ABSENT},null{ABSENT},null{ABSENT},null{ABSENT},null{ABSENT},null{ABSENT},null{ABSENT},null{ABSENT},null{ABSENT},null{ABSENT},null{ABSENT},null{ABSENT},null{ABSENT},null{ABSENT},null{ABSENT},null{ABSENT},null{ABSENT},null{ABSENT},null{ABSENT},null{ABSENT},null{ABSENT},null{ABSENT},null{ABSENT},null{ABSENT},null{ABSENT},null{ABSENT},null{ABSENT},null{ABSENT},null{ABSENT},null{ABSENT},null{ABSENT},null{ABSENT},null{ABSENT},null{ABSENT},null{ABSENT},null{ABSENT},null{ABSENT},null{ABSENT},null{ABSENT},null{ABSENT},null{ABSENT},null{ABSENT},null{ABSENT},null{ABSENT},null{ABSENT},null{ABSENT},null{ABSENT},null{ABSENT},null{ABSENT},null{ABSENT},null{ABSENT},null{ABSENT},null{ABSENT},null{ABSENT},null{ABSENT},null{ABSENT},null{ABSENT},null{ABSENT},null{ABSENT},null{ABSENT},null{ABSENT},null{ABSENT},null{ABSENT},null{ABSENT},null{ABSENT},null{ABSENT},null{ABSENT},null{ABSENT},null{ABSENT},null{ABSENT},null{ABSENT},null{ABSENT},null{ABSENT},null{ABSENT},null{ABSENT},null{ABSENT},null{ABSENT},null{ABSENT},null{ABSENT},null{ABSENT},null{ABSENT},null{ABSENT},null{ABSENT},null{ABSENT},null{ABSENT},null{ABSENT},null{ABSENT},null{ABSENT},null{ABSENT},null{ABSENT},null{ABSENT},null{ABSENT},null{ABSENT},null{ABSENT},null{ABSENT},null{ABSENT},null{ABSENT},null{ABSENT},null{ABSENT},null{ABSENT},null{ABSENT},null{ABSENT},null{ABSENT},null{ABSENT},null{ABSENT},null{ABSENT},null{ABSENT},null{ABSENT},null{ABSENT},null{ABSENT},null{ABSENT},null{ABSENT},null{ABSENT},null{ABSENT},null{ABSENT},null{ABSENT},null{ABSENT},null{ABSENT},null{ABSENT},null{ABSENT},null{ABSENT},null{ABSENT},null{ABSENT},null{ABSENT},null{ABSENT},null{ABSENT},null{ABSENT},null{ABSENT},null{ABSENT},null{ABSENT},null{ABSENT},null{ABSENT},null{ABSENT},null{ABSENT},null{ABSENT},null{ABSENT},null{ABSENT},null{ABSENT},null{ABSENT},null{ABSENT},null{ABSENT},null{ABSENT},null{ABSENT},null{ABSENT},null{ABSENT},null{ABSENT},null{ABSENT},null{ABSENT},null{ABSENT},null{ABSENT},null{ABSENT},null{ABSENT},null{ABSENT},null{ABSENT},null{ABSENT},null{ABSENT},null{ABSENT},null{ABSENT},null{ABSENT},null{ABSENT},null{ABSENT},null{ABSENT},null{ABSENT},null{ABSENT},null{ABSENT},null{ABSENT},null{ABSENT},null{ABSENT},null{ABSENT},null{ABSENT},null{ABSENT},null{ABSENT},null{ABSENT},null{ABSENT},null{ABSENT},null{ABSENT},null{ABSENT},null{ABSENT},null{ABSENT},null{ABSENT},null{ABSENT},null{ABSENT},null{ABSENT},null{ABSENT},null{ABSENT},null{ABSENT},null{ABSENT},null{ABSENT},null{ABSENT},null{ABSENT},null{ABSENT},null{ABSENT},null{ABSENT},null{ABSENT},null{ABSENT},null{ABSENT},null{ABSENT},null{ABSENT},null{ABSENT},null{ABSENT},null{ABSENT},null{ABSENT},null{ABSENT},null{ABSENT},null{ABSENT},null{ABSENT},null{ABSENT},null{ABSENT},null{ABSENT},null{ABSENT},null{ABSENT},null{ABSENT},null{ABSENT},null{ABSENT},null{ABSENT},null{ABSENT},null{ABSENT},null{ABSENT},null{ABSENT},null{ABSENT},null{ABSENT},null{ABSENT},null{ABSENT},null{ABSENT},null{ABSENT},null{ABSENT},null{ABSENT},null{ABSENT},null{ABSENT},null{ABSENT},null{ABSENT},null{ABSENT},null{ABSENT},null{ABSENT},null{ABSENT},null{ABSENT},null{ABSENT},null{ABSENT},null{ABSENT},null{ABSENT},null{ABSENT},null{ABSENT},null{ABSENT},null{ABSENT},null{ABSENT},null{ABSENT},null{ABSENT},null{ABSENT},null{ABSENT},null{ABSENT},null{ABSENT},null{ABSENT},null{ABSENT},null{ABSENT},null{ABSENT},null{ABSENT},null{ABSENT},null{ABSENT},null{ABSENT},null{ABSENT},null{ABSENT},null{ABSENT},null{ABSENT},null{ABSENT},null{ABSENT},null{ABSENT},null{ABSENT},null{ABSENT},null{ABSENT},null{ABSENT},null{ABSENT},null{ABSENT},null{ABSENT},null{ABSENT},null{ABSENT},null{ABSENT},null{ABSENT},null{ABSENT},null{ABSENT},null{ABSENT},null{ABSENT},null{ABSENT},null{ABSENT},null{ABSENT},null{ABSENT},null{ABSENT},null{ABSENT},null{ABSENT},null{ABSENT},null{ABSENT},null{ABSENT},null{ABSENT},null{ABSENT},null{ABSENT},null{ABSENT},null{ABSENT},null{ABSENT},null{ABSENT},null{ABSENT},null{ABSENT},null{ABSENT},null{ABSENT},null{ABSENT},null{ABSENT},null{ABSENT},null{ABSENT},null{ABSENT},null{ABSENT},null{ABSENT},null{ABSENT},null{ABSENT},null{ABSENT},null{ABSENT},null{ABSENT},null{ABSENT},null{ABSENT},null{ABSENT},null{ABSENT},null{ABSENT},null{ABSENT},null{ABSENT},null{ABSENT},null{ABSENT},null{ABSENT},null{ABSENT},null{ABSENT},null{ABSENT},null{ABSENT},null{ABSENT},null{ABSENT},null{ABSENT},null{ABSENT},null{ABSENT},null{ABSENT},null{ABSENT},null{ABSENT},null{ABSENT},null{ABSENT},null{ABSENT},null{ABSENT},null{ABSENT},null{ABSENT},null{ABSENT},null{ABSENT},null{ABSENT},null{ABSENT},null{ABSENT},null{ABSENT},null{ABSENT},null{ABSENT},null{ABSENT},null{ABSENT},null{ABSENT},null{ABSENT},null{ABSENT},null{ABSENT},null{ABSENT},null{ABSENT},null{ABSENT},null{ABSENT},null{ABSENT},null{ABSENT},null{ABSENT},null{ABSENT},null{ABSENT},null{ABSENT},null{ABSENT},null{ABSENT},null{ABSENT},null{ABSENT},null{ABSENT},null{ABSENT},null{ABSENT},null{ABSENT},null{ABSENT},null{ABSENT},null{ABSENT},null{ABSENT},null{ABSENT},null{ABSENT},null{ABSENT},null{ABSENT},null{ABSENT},null{ABSENT},null{ABSENT},null{ABSENT},null{ABSENT},null{ABSENT},null{ABSENT},null{ABSENT},null{ABSENT},null{ABSENT},null{ABSENT},null{ABSENT},null{ABSENT},null{ABSENT},null{ABSENT},null{ABSENT},null{ABSENT},null{ABSENT},null{ABSENT},null{ABSENT},null{ABSENT},null{ABSENT},null{ABSENT},null{ABSENT},null{ABSENT},null{ABSENT},null{ABSENT},null{ABSENT},null{ABSENT},null{ABSENT},null{ABSENT},null{ABSENT},null{ABSENT},null{ABSENT},null{ABSENT},null{ABSENT},null{ABSENT},null{ABSENT},null{ABSENT},null{ABSENT},null{ABSENT}
R90,,,,,,,,,,,,,,,,,,,,,,,,,,,,,,,,,,,,,,,,,,,,,,,,,,,,,,,,,,,,,,,,,,,,,,,,,,,,,,,,,,,,,,,,,,,,,,,,,,,,,,,,,,,,,,,,,,,,,,,,,,,,,,,,,,,,,,,,,,,,,,,,,,,,,,,,,,,,,,,,,,,,,,,,,,,,,,,,,,,,,,,,,,,,,,,,,,,,,,,,,,,,,,,,,,,,,,,,,,,,,,,,,,,,,,,,,,,,,,,,,,,,,,,,,,,,,,,,,,,,,,,,,,,,,,,,,,,,,,,,,,,,,,,,,,,,,,,,,,,,,,,,,,,,,,,,,,,,,,,,,,,,,,,,,,,,,,,,,,,,,,,,,,,,,,,,,,,,,,,,,,,,,,,,,,,,,,,,,,,,,,,,,,,,,,,,,,,,,,,,,,,,,,,,,,,,,,,,,,,,,,,,,,,,,,,,,,,,,,,,,,,,,,,,,,,,,,,,,,,,,,,,,,,,,,,,,,,,,,,,,,,,,,,,,,,,,,,,,,,,,,,,,,,,
R91,,,,,,,,,,,,,,,,,,,,,,,,,,,,,,,,,,,,,,,,,,,,,,,,,,,,,,,,,,,,,,,,,,,,,,,,,,,,,,,,,,,,,,,,,,,,,,,,,,,,,,,,,,,,,,,,,,,,,,,,,,,,,,,,,,,,,,,,,,,,,,,,,,,,,,,,,,,,,,,,,,,,,,,,,,,,,,,,,,,,,,,,,,,,,,,,,,,,,,,,,,,,,,,,,,,,,,,,,,,,,,,,,,,,,,,,,,,,,,,,,,,,,,,,,,,,,,,,,,,,,,,,,,,,,,,,,,,,,,,,,,,,,,,,,,,,,,,,,,,,,,,,,,,,,,,,,,,,,,,,,,,,,,,,,,,,,,,,,,,,,,,,,,,,,,,,,,,,,,,,,,,,,,,,,,,,,,,,,,,,,,,,,,,,,,,,,,,,,,,,,,,,,,,,,,,,,,,,,,,,,,,,,,,,,,,,,,,,,,,,,,,,,,,,,,,,,,,,,,,,,,,,,,,,,,,,,,,,,,,,,,,,,,,,,,,,,,,,,,,,,,,,,,,,
R92,,,,,,,,,,,,,,,,,,,,,,,,,,,,,,,,,,,,,,,,,,,,,,,,,,,,,,,,,,,,,,,,,,,,,,,,,,,,,,,,,,,,,,,,,,,,,,,,,,,,,,,,,,,,,,,,,,,,,,,,,,,,,,,,,,,,,,,,,,,,,,,,,,,,,,,,,,,,,,,,,,,,,,,,,,,,,,,,,,,,,,,,,,,,,,,,,,,,,,,,,,,,,,,,,,,,,,,,,,,,,,,,,,,,,,,,,,,,,,,,,,,,,,,,,,,,,,,,,,,,,,,,,,,,,,,,,,,,,,,,,,,,,,,,,,,,,,,,,,,,,,,,,,,,,,,,,,,,,,,,,,,,,,,,,,,,,,,,,,,,,,,,,,,,,,,,,,,,,,,,,,,,,,,,,,,,,,,,,,,,,,,,,,,,,,,,,,,,,,,,,,,,,,,,,,,,,,,,,,,,,,,,,,,,,,,,,,,,,,,,,,,,,,,,,,,,,,,,,,,,,,,,,,,,,,,,,,,,,,,,,,,,,,,,,,,,,,,,,,,,,,,,,,,,
R93,,,,,,,,,,,,,,,,,,,,,,,,,,,,,,,,,,,,,,,,,,,,,,,,,,,,,,,,,,,,,,,,,,,,,,,,,,,,,,,,,,,,,,,,,,,,,,,,,,,,,,,,,,,,,,,,,,,,,,,,,,,,,,,,,,,,,,,,,,,,,,,,,,,,,,,,,,,,,,,,,,,,,,,,,,,,,,,,,,,,,,,,,,,,,,,,,,,,,,,,,,,,,,,,,,,,,,,,,,,,,,,,,,,,,,,,,,,,,,,,,,,,,,,,,,,,,,,,,,,,,,,,,,,,,,,,,,,,,,,,,,,,,,,,,,,,,,,,,,,,,,,,,,,,,,,,,,,,,,,,,,,,,,,,,,,,,,,,,,,,,,,,,,,,,,,,,,,,,,,,,,,,,,,,,,,,,,,,,,,,,,,,,,,,,,,,,,,,,,,,,,,,,,,,,,,,,,,,,,,,,,,,,,,,,,,,,,,,,,,,,,,,,,,,,,,,,,,,,,,,,,,,,,,,,,,,,,,,,,,,,,,,,,,,,,,,,,,,,,,,,,,,,,,,
R94,,,,,,,,,,,,,,,,,,,,,,,,,,,,,,,,,,,,,,,,,,,,,,,,,,,,,,,,,,,,,,,,,,,,,,,,,,,,,,,,,,,,,,,,,,,,,,,,,,,,,,,,,,,,,,,,,,,,,,,,,,,,,,,,,,,,,,,,,,,,,,,,,,,,,,,,,,,,,,,,,,,,,,,,,,,,,,,,,,,,,,,,,,,,,,,,,,,,,,,,,,,,,,,,,,,,,,,,,,,,,,,,,,,,,,,,,,,,,,,,,,,,,,,,,,,,,,,,,,,,,,,,,,,,,,,,,,,,,,,,,,,,,,,,,,,,,,,,,,,,,,,,,,,,,,,,,,,,,,,,,,,,,,,,,,,,,,,,,,,,,,,,,,,,,,,,,,,,,,,,,,,,,,,,,,,,,,,,,,,,,,,,,,,,,,,,,,,,,,,,,,,,,,,,,,,,,,,,,,,,,,,,,,,,,,,,,,,,,,,,,,,,,,,,,,,,,,,,,,,,,,,,,,,,,,,,,,,,,,,,,,,,,,,,,,,,,,,,,,,,,,,,,,,,
R95,,,,,,,,,,,,,,,,,,,,,,,,,,,,,,,,,,,,,,,,,,,,,,,,,,,,,,,,,,,,,,,,,,,,,,,,,,,,,,,,,,,,,,,,,,,,,,,,,,,,,,,,,,,,,,,,,,,,,,,,,,,,,,,,,,,,,,,,,,,,,,,,,,,,,,,,,,,,,,,,,,,,,,,,,,,,,,,,,,,,,,,,,,,,,,,,,,,,,,,,,,,,,,,,,,,,,,,,,,,,,,,,,,,,,,,,,,,,,,,,,,,,,,,,,,,,,,,,,,,,,,,,,,,,,,,,,,,,,,,,,,,,,,,,,,,,,,,,,,,,,,,,,,,,,,,,,,,,,,,,,,,,,,,,,,,,,,,,,,,,,,,,,,,,,,,,,,,,,,,,,,,,,,,,,,,,,,,,,,,,,,,,,,,,,,,,,,,,,,,,,,,,,,,,,,,,,,,,,,,,,,,,,,,,,,,,,,,,,,,,,,,,,,,,,,,,,,,,,,,,,,,,,,,,,,,,,,,,,,,,,,,,,,,,,,,,,,,,,,,,,,,,,,,,
R96,,,,,,,,,,,,,,,,,,,,,,,,,,,,,,,,,,,,,,,,,,,,,,,,,,,,,,,,,,,,,,,,,,,,,,,,,,,,,,,,,,,,,,,,,,,,,,,,,,,,,,,,,,,,,,,,,,,,,,,,,,,,,,,,,,,,,,,,,,,,,,,,,,,,,,,,,,,,,,,,,,,,,,,,,,,,,,,,,,,,,,,,,,,,,,,,,,,,,,,,,,,,,,,,,,,,,,,,,,,,,,,,,,,,,,,,,,,,,,,,,,,,,,,,,,,,,,,,,,,,,,,,,,,,,,,,,,,,,,,,,,,,,,,,,,,,,,,,,,,,,,,,,,,,,,,,,,,,,,,,,,,,,,,,,,,,,,,,,,,,,,,,,,,,,,,,,,,,,,,,,,,,,,,,,,,,,,,,,,,,,,,,,,,,,,,,,,,,,,,,,,,,,,,,,,,,,,,,,,,,,,,,,,,,,,,,,,,,,,,,,,,,,,,,,,,,,,,,,,,,,,,,,,,,,,,,,,,,,,,,,,,,,,,,,,,,,,,,,,,,,,,,,,,,
R97,,,,,,,,,,,,,,,,,,,,,,,,,,,,,,,,,,,,,,,,,,,,,,,,,,,,,,,,,,,,,,,,,,,,,,,,,,,,,,,,,,,,,,,,,,,,,,,,,,,,,,,,,,,,,,,,,,,,,,,,,,,,,,,,,,,,,,,,,,,,,,,,,,,,,,,,,,,,,,,,,,,,,,,,,,,,,,,,,,,,,,,,,,,,,,,,,,,,,,,,,,,,,,,,,,,,,,,,,,,,,,,,,,,,,,,,,,,,,,,,,,,,,,,,,,,,,,,,,,,,,,,,,,,,,,,,,,,,,,,,,,,,,,,,,,,,,,,,,,,,,,,,,,,,,,,,,,,,,,,,,,,,,,,,,,,,,,,,,,,,,,,,,,,,,,,,,,,,,,,,,,,,,,,,,,,,,,,,,,,,,,,,,,,,,,,,,,,,,,,,,,,,,,,,,,,,,,,,,,,,,,,,,,,,,,,,,,,,,,,,,,,,,,,,,,,,,,,,,,,,,,,,,,,,,,,,,,,,,,,,,,,,,,,,,,,,,,,,,,,,,,,,,,,,
R98,,,,,,,,,,,,,,,,,,,,,,,,,,,,,,,,,,,,,,,,,,,,,,,,,,,,,,,,,,,,,,,,,,,,,,,,,,,,,,,,,,,,,,,,,,,,,,,,,,,,,,,,,,,,,,,,,,,,,,,,,,,,,,,,,,,,,,,,,,,,,,,,,,,,,,,,,,,,,,,,,,,,,,,,,,,,,,,,,,,,,,,,,,,,,,,,,,,,,,,,,,,,,,,,,,,,,,,,,,,,,,,,,,,,,,,,,,,,,,,,,,,,,,,,,,,,,,,,,,,,,,,,,,,,,,,,,,,,,,,,,,,,,,,,,,,,,,,,,,,,,,,,,,,,,,,,,,,,,,,,,,,,,,,,,,,,,,,,,,,,,,,,,,,,,,,,,,,,,,,,,,,,,,,,,,,,,,,,,,,,,,,,,,,,,,,,,,,,,,,,,,,,,,,,,,,,,,,,,,,,,,,,,,,,,,,,,,,,,,,,,,,,,,,,,,,,,,,,,,,,,,,,,,,,,,,,,,,,,,,,,,,,,,,,,,,,,,,,,,,,,,,,,,,,
R99,,,,,,,,,,,,,,,,,,,,,,,,,,,,,,,,,,,,,,,,,,,,,,,,,,,,,,,,,,,,,,,,,,,,,,,,,,,,,,,,,,,,,,,,,,,,,,,,,,,,,,,,,,,,,,,,,,,,,,,,,,,,,,,,,,,,,,,,,,,,,,,,,,,,,,,,,,,,,,,,,,,,,,,,,,,,,,,,,,,,,,,,,,,,,,,,,,,,,,,,,,,,,,,,,,,,,,,,,,,,,,,,,,,,,,,,,,,,,,,,,,,,,,,,,,,,,,,,,,,,,,,,,,,,,,,,,,,,,,,,,,,,,,,,,,,,,,,,,,,,,,,,,,,,,,,,,,,,,,,,,,,,,,,,,,,,,,,,,,,,,,,,,,,,,,,,,,,,,,,,,,,,,,,,,,,,,,,,,,,,,,,,,,,,,,,,,,,,,,,,,,,,,,,,,,,,,,,,,,,,,,,,,,,,,,,,,,,,,,,,,,,,,,,,,,,,,,,,,,,,,,,,,,,,,,,,,,,,,,,,,,,,,,,,,,,,,,,,,,,,,,,,,,,,
R100,,,,,,,,,,,,,,,,,,,,,,,,,,,,,,,,,,,,,,,,,,,,,,,,,,,,,,,,,,,,,,,,,,,,,,,,,,,,,,,,,,,,,,,,,,,,,,,,,,,,,,,,,,,,,,,,,,,,,,,,,,,,,,,,,,,,,,,,,,,,,,,,,,,,,,,,,,,,,,,,,,,,,,,,,,,,,,,,,,,,,,,,,,,,,,,,,,,,,,,,,,,,,,,,,,,,,,,,,,,,,,,,,,,,,,,,,,,,,,,,,,,,,,,,,,,,,,,,,,,,,,,,,,,,,,,,,,,,,,,,,,,,,,,,,,,,,,,,,,,,,,,,,,,,,,,,,,,,,,,,,,,,,,,,,,,,,,,,,,,,,,,,,,,,,,,,,,,,,,,,,,,,,,,,,,,,,,,,,,,,,,,,,,,,,,,,,,,,,,,,,,,,,,,,,,,,,,,,,,,,,,,,,,,,,,,,,,,,,,,,,,,,,,,,,,,,,,,,,,,,,,,,,,,,,,,,,,,,,,,,,,,,,,,,,,,,,,,,,,,,,,,,,,,,
R101,,,,,,,,,,,,,,,,,,,,,,,,,,,,,,,,,,,,,,,,,,,,,,,,,,,,,,,,,,,,,,,,,,,,,,,,,,,,,,,,,,,,,,,,,,,,,,,,,,,,,,,,,,,,,,,,,,,,,,,,,,,,,,,,,,,,,,,,,,,,,,,,,,,,,,,,,,,,,,,,,,,,,,,,,,,,,,,,,,,,,,,,,,,,,,,,,,,,,,,,,,,,,,,,,,,,,,,,,,,,,,,,,,,,,,,,,,,,,,,,,,,,,,,,,,,,,,,,,,,,,,,,,,,,,,,,,,,,,,,,,,,,,,,,,,,,,,,,,,,,,,,,,,,,,,,,,,,,,,,,,,,,,,,,,,,,,,,,,,,,,,,,,,,,,,,,,,,,,,,,,,,,,,,,,,,,,,,,,,,,,,,,,,,,,,,,,,,,,,,,,,,,,,,,,,,,,,,,,,,,,,,,,,,,,,,,,,,,,,,,,,,,,,,,,,,,,,,,,,,,,,,,,,,,,,,,,,,,,,,,,,,,,,,,,,,,,,,,,,,,,,,,,,,,
R102,,,,,,,,,,,,,,,,,,,,,,,,,,,,,,,,,,,,,,,,,,,,,,,,,,,,,,,,,,,,,,,,,,,,,,,,,,,,,,,,,,,,,,,,,,,,,,,,,,,,,,,,,,,,,,,,,,,,,,,,,,,,,,,,,,,,,,,,,,,,,,,,,,,,,,,,,,,,,,,,,,,,,,,,,,,,,,,,,,,,,,,,,,,,,,,,,,,,,,,,,,,,,,,,,,,,,,,,,,,,,,,,,,,,,,,,,,,,,,,,,,,,,,,,,,,,,,,,,,,,,,,,,,,,,,,,,,,,,,,,,,,,,,,,,,,,,,,,,,,,,,,,,,,,,,,,,,,,,,,,,,,,,,,,,,,,,,,,,,,,,,,,,,,,,,,,,,,,,,,,,,,,,,,,,,,,,,,,,,,,,,,,,,,,,,,,,,,,,,,,,,,,,,,,,,,,,,,,,,,,,,,,,,,,,,,,,,,,,,,,,,,,,,,,,,,,,,,,,,,,,,,,,,,,,,,,,,,,,,,,,,,,,,,,,,,,,,,,,,,,,,,,,,,,
R103,,,,,,,,,,,,,,,,,,,,,,,,,,,,,,,,,,,,,,,,,,,,,,,,,,,,,,,,,,,,,,,,,,,,,,,,,,,,,,,,,,,,,,,,,,,,,,,,,,,,,,,,,,,,,,,,,,,,,,,,,,,,,,,,,,,,,,,,,,,,,,,,,,,,,,,,,,,,,,,,,,,,,,,,,,,,,,,,,,,,,,,,,,,,,,,,,,,,,,,,,,,,,,,,,,,,,,,,,,,,,,,,,,,,,,,,,,,,,,,,,,,,,,,,,,,,,,,,,,,,,,,,,,,,,,,,,,,,,,,,,,,,,,,,,,,,,,,,,,,,,,,,,,,,,,,,,,,,,,,,,,,,,,,,,,,,,,,,,,,,,,,,,,,,,,,,,,,,,,,,,,,,,,,,,,,,,,,,,,,,,,,,,,,,,,,,,,,,,,,,,,,,,,,,,,,,,,,,,,,,,,,,,,,,,,,,,,,,,,,,,,,,,,,,,,,,,,,,,,,,,,,,,,,,,,,,,,,,,,,,,,,,,,,,,,,,,,,,,,,,,,,,,,,,
R104,,,,,,,,,,,,,,,,,,,,,,,,,,,,,,,,,,,,,,,,,,,,,,,,,,,,,,,,,,,,,,,,,,,,,,,,,,,,,,,,,,,,,,,,,,,,,,,,,,,,,,,,,,,,,,,,,,,,,,,,,,,,,,,,,,,,,,,,,,,,,,,,,,,,,,,,,,,,,,,,,,,,,,,,,,,,,,,,,,,,,,,,,,,,,,,,,,,,,,,,,,,,,,,,,,,,,,,,,,,,,,,,,,,,,,,,,,,,,,,,,,,,,,,,,,,,,,,,,,,,,,,,,,,,,,,,,,,,,,,,,,,,,,,,,,,,,,,,,,,,,,,,,,,,,,,,,,,,,,,,,,,,,,,,,,,,,,,,,,,,,,,,,,,,,,,,,,,,,,,,,,,,,,,,,,,,,,,,,,,,,,,,,,,,,,,,,,,,,,,,,,,,,,,,,,,,,,,,,,,,,,,,,,,,,,,,,,,,,,,,,,,,,,,,,,,,,,,,,,,,,,,,,,,,,,,,,,,,,,,,,,,,,,,,,,,,,,,,,,,,,,,,,,,,
R105,,,,,,,,,,,,,,,,,,,,,,,,,,,,,,,,,,,,,,,,,,,,,,,,,,,,,,,,,,,,,,,,,,,,,,,,,,,,,,,,,,,,,,,,,,,,,,,,,,,,,,,,,,,,,,,,,,,,,,,,,,,,,,,,,,,,,,,,,,,,,,,,,,,,,,,,,,,,,,,,,,,,,,,,,,,,,,,,,,,,,,,,,,,,,,,,,,,,,,,,,,,,,,,,,,,,,,,,,,,,,,,,,,,,,,,,,,,,,,,,,,,,,,,,,,,,,,,,,,,,,,,,,,,,,,,,,,,,,,,,,,,,,,,,,,,,,,,,,,,,,,,,,,,,,,,,,,,,,,,,,,,,,,,,,,,,,,,,,,,,,,,,,,,,,,,,,,,,,,,,,,,,,,,,,,,,,,,,,,,,,,,,,,,,,,,,,,,,,,,,,,,,,,,,,,,,,,,,,,,,,,,,,,,,,,,,,,,,,,,,,,,,,,,,,,,,,,,,,,,,,,,,,,,,,,,,,,,,,,,,,,,,,,,,,,,,,,,,,,,,,,,,,,,,
R106,,,,,,,,,,,,,,,,,,,,,,,,,,,,,,,,,,,,,,,,,,,,,,,,,,,,,,,,,,,,,,,,,,,,,,,,,,,,,,,,,,,,,,,,,,,,,,,,,,,,,,,,,,,,,,,,,,,,,,,,,,,,,,,,,,,,,,,,,,,,,,,,,,,,,,,,,,,,,,,,,,,,,,,,,,,,,,,,,,,,,,,,,,,,,,,,,,,,,,,,,,,,,,,,,,,,,,,,,,,,,,,,,,,,,,,,,,,,,,,,,,,,,,,,,,,,,,,,,,,,,,,,,,,,,,,,,,,,,,,,,,,,,,,,,,,,,,,,,,,,,,,,,,,,,,,,,,,,,,,,,,,,,,,,,,,,,,,,,,,,,,,,,,,,,,,,,,,,,,,,,,,,,,,,,,,,,,,,,,,,,,,,,,,,,,,,,,,,,,,,,,,,,,,,,,,,,,,,,,,,,,,,,,,,,,,,,,,,,,,,,,,,,,,,,,,,,,,,,,,,,,,,,,,,,,,,,,,,,,,,,,,,,,,,,,,,,,,,,,,,,,,,,,,,
R107,,,,,,,,,,,,,,,,,,,,,,,,,,,,,,,,,,,,,,,,,,,,,,,,,,,,,,,,,,,,,,,,,,,,,,,,,,,,,,,,,,,,,,,,,,,,,,,,,,,,,,,,,,,,,,,,,,,,,,,,,,,,,,,,,,,,,,,,,,,,,,,,,,,,,,,,,,,,,,,,,,,,,,,,,,,,,,,,,,,,,,,,,,,,,,,,,,,,,,,,,,,,,,,,,,,,,,,,,,,,,,,,,,,,,,,,,,,,,,,,,,,,,,,,,,,,,,,,,,,,,,,,,,,,,,,,,,,,,,,,,,,,,,,,,,,,,,,,,,,,,,,,,,,,,,,,,,,,,,,,,,,,,,,,,,,,,,,,,,,,,,,,,,,,,,,,,,,,,,,,,,,,,,,,,,,,,,,,,,,,,,,,,,,,,,,,,,,,,,,,,,,,,,,,,,,,,,,,,,,,,,,,,,,,,,,,,,,,,,,,,,,,,,,,,,,,,,,,,,,,,,,,,,,,,,,,,,,,,,,,,,,,,,,,,,,,,,,,,,,,,,,,,,,,
R108,,,,,,,,,,,,,,,,,,,,,,,,,,,,,,,,,,,,,,,,,,,,,,,,,,,,,,,,,,,,,,,,,,,,,,,,,,,,,,,,,,,,,,,,,,,,,,,,,,,,,,,,,,,,,,,,,,,,,,,,,,,,,,,,,,,,,,,,,,,,,,,,,,,,,,,,,,,,,,,,,,,,,,,,,,,,,,,,,,,,,,,,,,,,,,,,,,,,,,,,,,,,,,,,,,,,,,,,,,,,,,,,,,,,,,,,,,,,,,,,,,,,,,,,,,,,,,,,,,,,,,,,,,,,,,,,,,,,,,,,,,,,,,,,,,,,,,,,,,,,,,,,,,,,,,,,,,,,,,,,,,,,,,,,,,,,,,,,,,,,,,,,,,,,,,,,,,,,,,,,,,,,,,,,,,,,,,,,,,,,,,,,,,,,,,,,,,,,,,,,,,,,,,,,,,,,,,,,,,,,,,,,,,,,,,,,,,,,,,,,,,,,,,,,,,,,,,,,,,,,,,,,,,,,,,,,,,,,,,,,,,,,,,,,,,,,,,,,,,,,,,,,,,,,
=Middle Proto-Albanian II,null{ABSENT},null{ABSENT},null{ABSENT},null{ABSENT},null{ABSENT},null{ABSENT},null{ABSENT},null{ABSENT},null{ABSENT},null{ABSENT},null{ABSENT},null{ABSENT},null{ABSENT},null{ABSENT},null{ABSENT},null{ABSENT},null{ABSENT},null{ABSENT},null{ABSENT},null{ABSENT},null{ABSENT},null{ABSENT},null{ABSENT},null{ABSENT},null{ABSENT},null{ABSENT},null{ABSENT},null{ABSENT},null{ABSENT},null{ABSENT},null{ABSENT},null{ABSENT},null{ABSENT},null{ABSENT},null{ABSENT},null{ABSENT},null{ABSENT},null{ABSENT},null{ABSENT},null{ABSENT},null{ABSENT},null{ABSENT},null{ABSENT},null{ABSENT},null{ABSENT},null{ABSENT},null{ABSENT},null{ABSENT},null{ABSENT},null{ABSENT},null{ABSENT},null{ABSENT},null{ABSENT},null{ABSENT},null{ABSENT},null{ABSENT},null{ABSENT},null{ABSENT},null{ABSENT},null{ABSENT},null{ABSENT},null{ABSENT},null{ABSENT},null{ABSENT},null{ABSENT},null{ABSENT},null{ABSENT},null{ABSENT},null{ABSENT},null{ABSENT},null{ABSENT},null{ABSENT},null{ABSENT},null{ABSENT},null{ABSENT},null{ABSENT},null{ABSENT},null{ABSENT},null{ABSENT},null{ABSENT},null{ABSENT},null{ABSENT},null{ABSENT},null{ABSENT},null{ABSENT},null{ABSENT},null{ABSENT},null{ABSENT},null{ABSENT},null{ABSENT},null{ABSENT},null{ABSENT},null{ABSENT},null{ABSENT},null{ABSENT},null{ABSENT},null{ABSENT},null{ABSENT},null{ABSENT},null{ABSENT},null{ABSENT},null{ABSENT},null{ABSENT},null{ABSENT},null{ABSENT},null{ABSENT},null{ABSENT},null{ABSENT},null{ABSENT},null{ABSENT},null{ABSENT},null{ABSENT},null{ABSENT},null{ABSENT},null{ABSENT},null{ABSENT},null{ABSENT},null{ABSENT},null{ABSENT},null{ABSENT},null{ABSENT},null{ABSENT},null{ABSENT},null{ABSENT},null{ABSENT},null{ABSENT},null{ABSENT},null{ABSENT},null{ABSENT},null{ABSENT},null{ABSENT},null{ABSENT},null{ABSENT},null{ABSENT},null{ABSENT},null{ABSENT},null{ABSENT},null{ABSENT},null{ABSENT},null{ABSENT},null{ABSENT},null{ABSENT},null{ABSENT},null{ABSENT},null{ABSENT},null{ABSENT},null{ABSENT},null{ABSENT},null{ABSENT},null{ABSENT},null{ABSENT},null{ABSENT},null{ABSENT},null{ABSENT},null{ABSENT},null{ABSENT},null{ABSENT},null{ABSENT},null{ABSENT},null{ABSENT},null{ABSENT},null{ABSENT},null{ABSENT},null{ABSENT},null{ABSENT},null{ABSENT},null{ABSENT},null{ABSENT},null{ABSENT},null{ABSENT},null{ABSENT},null{ABSENT},null{ABSENT},null{ABSENT},null{ABSENT},null{ABSENT},null{ABSENT},null{ABSENT},null{ABSENT},null{ABSENT},null{ABSENT},null{ABSENT},null{ABSENT},null{ABSENT},null{ABSENT},null{ABSENT},null{ABSENT},null{ABSENT},null{ABSENT},null{ABSENT},null{ABSENT},null{ABSENT},null{ABSENT},null{ABSENT},null{ABSENT},null{ABSENT},null{ABSENT},null{ABSENT},null{ABSENT},null{ABSENT},null{ABSENT},null{ABSENT},null{ABSENT},null{ABSENT},null{ABSENT},null{ABSENT},null{ABSENT},null{ABSENT},null{ABSENT},null{ABSENT},null{ABSENT},null{ABSENT},null{ABSENT},null{ABSENT},null{ABSENT},null{ABSENT},null{ABSENT},null{ABSENT},null{ABSENT},null{ABSENT},null{ABSENT},null{ABSENT},null{ABSENT},null{ABSENT},null{ABSENT},null{ABSENT},null{ABSENT},null{ABSENT},null{ABSENT},null{ABSENT},null{ABSENT},null{ABSENT},null{ABSENT},null{ABSENT},null{ABSENT},null{ABSENT},null{ABSENT},null{ABSENT},null{ABSENT},null{ABSENT},null{ABSENT},null{ABSENT},null{ABSENT},null{ABSENT},null{ABSENT},null{ABSENT},null{ABSENT},null{ABSENT},null{ABSENT},null{ABSENT},null{ABSENT},null{ABSENT},null{ABSENT},null{ABSENT},null{ABSENT},null{ABSENT},null{ABSENT},null{ABSENT},null{ABSENT},null{ABSENT},null{ABSENT},null{ABSENT},null{ABSENT},null{ABSENT},null{ABSENT},null{ABSENT},null{ABSENT},null{ABSENT},null{ABSENT},null{ABSENT},null{ABSENT},null{ABSENT},null{ABSENT},null{ABSENT},null{ABSENT},null{ABSENT},null{ABSENT},null{ABSENT},null{ABSENT},null{ABSENT},null{ABSENT},null{ABSENT},null{ABSENT},null{ABSENT},null{ABSENT},null{ABSENT},null{ABSENT},null{ABSENT},null{ABSENT},null{ABSENT},null{ABSENT},null{ABSENT},null{ABSENT},null{ABSENT},null{ABSENT},null{ABSENT},null{ABSENT},null{ABSENT},null{ABSENT},null{ABSENT},null{ABSENT},null{ABSENT},null{ABSENT},null{ABSENT},null{ABSENT},null{ABSENT},null{ABSENT},null{ABSENT},null{ABSENT},null{ABSENT},null{ABSENT},null{ABSENT},null{ABSENT},null{ABSENT},null{ABSENT},null{ABSENT},null{ABSENT},null{ABSENT},null{ABSENT},null{ABSENT},null{ABSENT},null{ABSENT},null{ABSENT},null{ABSENT},null{ABSENT},null{ABSENT},null{ABSENT},null{ABSENT},null{ABSENT},null{ABSENT},null{ABSENT},null{ABSENT},null{ABSENT},null{ABSENT},null{ABSENT},null{ABSENT},null{ABSENT},null{ABSENT},null{ABSENT},null{ABSENT},null{ABSENT},null{ABSENT},null{ABSENT},null{ABSENT},null{ABSENT},null{ABSENT},null{ABSENT},null{ABSENT},null{ABSENT},null{ABSENT},null{ABSENT},null{ABSENT},null{ABSENT},null{ABSENT},null{ABSENT},null{ABSENT},null{ABSENT},null{ABSENT},null{ABSENT},null{ABSENT},null{ABSENT},null{ABSENT},null{ABSENT},null{ABSENT},null{ABSENT},null{ABSENT},null{ABSENT},null{ABSENT},null{ABSENT},null{ABSENT},null{ABSENT},null{ABSENT},null{ABSENT},null{ABSENT},null{ABSENT},null{ABSENT},null{ABSENT},null{ABSENT},null{ABSENT},null{ABSENT},null{ABSENT},null{ABSENT},null{ABSENT},null{ABSENT},null{ABSENT},null{ABSENT},null{ABSENT},null{ABSENT},null{ABSENT},null{ABSENT},null{ABSENT},null{ABSENT},null{ABSENT},null{ABSENT},null{ABSENT},null{ABSENT},null{ABSENT},null{ABSENT},null{ABSENT},null{ABSENT},null{ABSENT},null{ABSENT},null{ABSENT},null{ABSENT},null{ABSENT},null{ABSENT},null{ABSENT},null{ABSENT},null{ABSENT},null{ABSENT},null{ABSENT},null{ABSENT},null{ABSENT},null{ABSENT},null{ABSENT},null{ABSENT},null{ABSENT},null{ABSENT},null{ABSENT},null{ABSENT},null{ABSENT},null{ABSENT},null{ABSENT},null{ABSENT},null{ABSENT},null{ABSENT},null{ABSENT},null{ABSENT},null{ABSENT},null{ABSENT},null{ABSENT},null{ABSENT},null{ABSENT},null{ABSENT},null{ABSENT},null{ABSENT},null{ABSENT},null{ABSENT},null{ABSENT},null{ABSENT},null{ABSENT},null{ABSENT},null{ABSENT},null{ABSENT},null{ABSENT},null{ABSENT},null{ABSENT},null{ABSENT},null{ABSENT},null{ABSENT},null{ABSENT},null{ABSENT},null{ABSENT},null{ABSENT},null{ABSENT},null{ABSENT},null{ABSENT},null{ABSENT},null{ABSENT},null{ABSENT},null{ABSENT},null{ABSENT},null{ABSENT},null{ABSENT},null{ABSENT},null{ABSENT},null{ABSENT},null{ABSENT},null{ABSENT},null{ABSENT},null{ABSENT},null{ABSENT},null{ABSENT},null{ABSENT},null{ABSENT},null{ABSENT},null{ABSENT},null{ABSENT},null{ABSENT},null{ABSENT},null{ABSENT},null{ABSENT},null{ABSENT},null{ABSENT},null{ABSENT},null{ABSENT},null{ABSENT},null{ABSENT},null{ABSENT},null{ABSENT},null{ABSENT},null{ABSENT},null{ABSENT},null{ABSENT},null{ABSENT},null{ABSENT},null{ABSENT},null{ABSENT},null{ABSENT},null{ABSENT},null{ABSENT},null{ABSENT},null{ABSENT},null{ABSENT},null{ABSENT},null{ABSENT},null{ABSENT},null{ABSENT}
R109,,,,,,,,,,,,,,,,,,,,,,,,,,,,,,,,,,,,,,,,,,,,,,,,,,,,,,,,,,,,,,,,,,,,,,,,,,,,,,,,,,,,,,,,,,,,,,,,,,,,,,,,,,,,,,,,,,,,,,,,,,,,,,,,,,,,,,,,,,,,,,,,,,,,,,,,,,,,,,,,,,,,,,,,,,,,,,,,,,,,,,,,,,,,,,,,,,,,,,,,,,,,,,,,,,,,,,,,,,,,,,,,,,,,,,,,,,,,,,,,,,,,,,,,,,,,,,,,,,,,,,,,,,,,,,,,,,,,,,,,,,,,,,,,,,,,,,,,,,,,,,,,,,,,,,,,,,,,,,,,,,,,,,,,,,,,,,,,,,,,,,,,,,,,,,,,,,,,,,,,,,,,,,,,,,,,,,,,,,,,,,,,,,,,,,,,,,,,,,,,,,,,,,,,,,,,,,,,,,,,,,,,,,,,,,,,,,,,,,,,,,,,,,,,,,,,,,,,,,,,,,,,,,,,,,,,,,,,,,,,,,,,,,,,,,,,,,,,,,,,,,,,,,,,
R110,,,,,,,,,,,,,,,,,,,,,,,,,,,,,,,,,,,,,,,,,,,,,,,,,,,,,,,,,,,,,,,,,,,,,,,,,,,,,,,,,,,,,,,,,,,,,,,,,,,,,,,,,,,,,,,,,,,,,,,,,,,,,,,,,,,,,,,,,,,,,,,,,,,,,,,,,,,,,,,,,,,,,,,,,,,,,,,,,,,,,,,,,,,,,,,,,,,,,,,,,,,,,,,,,,,,,,,,,,,,,,,,,,,,,,,,,,,,,,,,,,,,,,,,,,,,,,,,,,,,,,,,,,,,,,,,,,,,,,,,,,,,,,,,,,,,,,,,,,,,,,,,,,,,,,,,,,,,,,,,,,,,,,,,,,,,,,,,,,,,,,,,,,,,,,,,,,,,,,,,,,,,,,,,,,,,,,,,,,,,,,,,,,,,,,,,,,,,,,,,,,,,,,,,,,,,,,,,,,,,,,,,,,,,,,,,,,,,,,,,,,,,,,,,,,,,,,,,,,,,,,,,,,,,,,,,,,,,,,,,,,,,,,,,,,,,,,,,,,,,,,,,,,,,
R111,,,,,,,,,,,,,,,,,,,,,,,,,,,,,,,,,,,,,,,,,,,,,,,,,,,,,,,,,,,,,,,,,,,,,,,,,,,,,,,,,,,,,,,,,,,,,,,,,,,,,,,,,,,,,,,,,,,,,,,,,,,,,,,,,,,,,,,,,,,,,,,,,,,,,,,,,,,,,,,,,,,,,,,,,,,,,,,,,,,,,,,,,,,,,,,,,,,,,,,,,,,,,,,,,,,,,,,,,,,,,,,,,,,,,,,,,,,,,,,,,,,,,,,,,,,,,,,,,,,,,,,,,,,,,,,,,,,,,,,,,,,,,,,,,,,,,,,,,,,,,,,,,,,,,,,,,,,,,,,,,,,,,,,,,,,,,,,,,,,,,,,,,,,,,,,,,,,,,,,,,,,,,,,,,,,,,,,,,,,,,,,,,,,,,,,,,,,,,,,,,,,,,,,,,,,,,,,,,,,,,,,,,,,,,,,,,,,,,,,,,,,,,,,,,,,,,,,,,,,,,,,,,,,,,,,,,,,,,,,,,,,,,,,,,,,,,,,,,,,,,,,,,,,,
R112,,,,,,,,,,,,,,,,,,,,,,,,,,,,,,,,,,,,,,,,,,,,,,,,,,,,,,,,,,,,,,,,,,,,,,,,,,,,,,,,,,,,,,,,,,,,,,,,,,,,,,,,,,,,,,,,,,,,,,,,,,,,,,,,,,,,,,,,,,,,,,,,,,,,,,,,,,,,,,,,,,,,,,,,,,,,,,,,,,,,,,,,,,,,,,,,,,,,,,,,,,,,,,,,,,,,,,,,,,,,,,,,,,,,,,,,,,,,,,,,,,,,,,,,,,,,,,,,,,,,,,,,,,,,,,,,,,,,,,,,,,,,,,,,,,,,,,,,,,,,,,,,,,,,,,,,,,,,,,,,,,,,,,,,,,,,,,,,,,,,,,,,,,,,,,,,,,,,,,,,,,,,,,,,,,,,,,,,,,,,,,,,,,,,,,,,,,,,,,,,,,,,,,,,,,,,,,,,,,,,,,,,,,,,,,,,,,,,,,,,,,,,,,,,,,,,,,,,,,,,,,,,,,,,,,,,,,,,,,,,,,,,,,,,,,,,,,,,,,,,,,,,,,,,
R113,,,,,,,,,,,,,,,,,,,,,,,,,,,,,,,,,,,,,,,,,,,,,,,,,,,,,,,,,,,,,,,,,,,,,,,,,,,,,,,,,,,,,,,,,,,,,,,,,,,,,,,,,,,,,,,,,,,,,,,,,,,,,,,,,,,,,,,,,,,,,,,,,,,,,,,,,,,,,,,,,,,,,,,,,,,,,,,,,,,,,,,,,,,,,,,,,,,,,,,,,,,,,,,,,,,,,,,,,,,,,,,,,,,,,,,,,,,,,,,,,,,,,,,,,,,,,,,,,,,,,,,,,,,,,,,,,,,,,,,,,,,,,,,,,,,,,,,,,,,,,,,,,,,,,,,,,,,,,,,,,,,,,,,,,,,,,,,,,,,,,,,,,,,,,,,,,,,,,,,,,,,,,,,,,,,,,,,,,,,,,,,,,,,,,,,,,,,,,,,,,,,,,,,,,,,,,,,,,,,,,,,,,,,,,,,,,,,,,,,,,,,,,,,,,,,,,,,,,,,,,,,,,,,,,,,,,,,,,,,,,,,,,,,,,,,,,,,,,,,,,,,,,,,,
R114,,,,,,,,,,,,,,,,,,,,,,,,,,,,,,,,,,,,,,,,,,,,,,,,,,,,,,,,,,,,,,,,,,,,,,,,,,,,,,,,,,,,,,,,,,,,,,,,,,,,,,,,,,,,,,,,,,,,,,,,,,,,,,,,,,,,,,,,,,,,,,,,,,,,,,,,,,,,,,,,,,,,,,,,,,,,,,,,,,,,,,,,,,,,,,,,,,,,,,,,,,,,,,,,,,,,,,,,,,,,,,,,,,,,,,,,,,,,,,,,,,,,,,,,,,,,,,,,,,,,,,,,,,,,,,,,,,,,,,,,,,,,,,,,,,,,,,,,,,,,,,,,,,,,,,,,,,,,,,,,,,,,,,,,,,,,,,,,,,,,,,,,,,,,,,,,,,,,,,,,,,,,,,,,,,,,,,,,,,,,,,,,,,,,,,,,,,,,,,,,,,,,,,,,,,,,,,,,,,,,,,,,,,,,,,,,,,,,,,,,,,,,,,,,,,,,,,,,,,,,,,,,,,,,,,,,,,,,,,,,,,,,,,,,,,,,,,,,,,,,,,,,,,,,
R115,,,,,,,,,,,,,,,,,,,,,,,,,,,,,,,,,,,,,,,,,,,,,,,,,,,,,,,,,,,,,,,,,,,,,,,,,,,,,,,,,,,,,,,,,,,,,,,,,,,,,,,,,,,,,,,,,,,,,,,,,,,,,,,,,,,,,,,,,,,,,,,,,,,,,,,,,,,,,,,,,,,,,,,,,,,,,,,,,,,,,,,,,,,,,,,,,,,,,,,,,,,,,,,,,,,,,,,,,,,,,,,,,,,,,,,,,,,,,,,,,,,,,,,,,,,,,,,,,,,,,,,,,,,,,,,,,,,,,,,,,,,,,,,,,,,,,,,,,,,,,,,,,,,,,,,,,,,,,,,,,,,,,,,,,,,,,,,,,,,,,,,,,,,,,,,,,,,,,,,,,,,,,,,,,,,,,,,,,,,,,,,,,,,,,,,,,,,,,,,,,,,,,,,,,,,,,,,,,,,,,,,,,,,,,,,,,,,,,,,,,,,,,,,,,,,,,,,,,,,,,,,,,,,,,,,,,,,,,,,,,,,,,,,,,,,,,,,,,,,,,,,,,,,,
R116,,,,,,,,,,,,,,,,,,,,,,,,,,,,,,,,,,,,,,,,,,,,,,,,,,,,,,,,,,,,,,,,,,,,,,,,,,,,,,,,,,,,,,,,,,,,,,,,,,,,,,,,,,,,,,,,,,,,,,,,,,,,,,,,,,,,,,,,,,,,,,,,,,,,,,,,,,,,,,,,,,,,,,,,,,,,,,,,,,,,,,,,,,,,,,,,,,,,,,,,,,,,,,,,,,,,,,,,,,,,,,,,,,,,,,,,,,,,,,,,,,,,,,,,,,,,,,,,,,,,,,,,,,,,,,,,,,,,,,,,,,,,,,,,,,,,,,,,,,,,,,,,,,,,,,,,,,,,,,,,,,,,,,,,,,,,,,,,,,,,,,,,,,,,,,,,,,,,,,,,,,,,,,,,,,,,,,,,,,,,,,,,,,,,,,,,,,,,,,,,,,,,,,,,,,,,,,,,,,,,,,,,,,,,,,,,,,,,,,,,,,,,,,,,,,,,,,,,,,,,,,,,,,,,,,,,,,,,,,,,,,,,,,,,,,,,,,,,,,,,,,,,,,,,
R117,,,,,,,,,,,,,,,,,,,,,,,,,,,,,,,,,,,,,,,,,,,,,,,,,,,,,,,,,,,,,,,,,,,,,,,,,,,,,,,,,,,,,,,,,,,,,,,,,,,,,,,,,,,,,,,,,,,,,,,,,,,,,,,,,,,,,,,,,,,,,,,,,,,,,,,,,,,,,,,,,,,,,,,,,,,,,,,,,,,,,,,,,,,,,,,,,,,,,,,,,,,,,,,,,,,,,,,,,,,,,,,,,,,,,,,,,,,,,,,,,,,,,,,,,,,,,,,,,,,,,,,,,,,,,,,,,,,,,,,,,,,,,,,,,,,,,,,,,,,,,,,,,,,,,,,,,,,,,,,,,,,,,,,,,,,,,,,,,,,,,,,,,,,,,,,,,,,,,,,,,,,,,,,,,,,,,,,,,,,,,,,,,,,,,,,,,,,,,,,,,,,,,,,,,,,,,,,,,,,,,,,,,,,,,,,,,,,,,,,,,,,,,,,,,,,,,,,,,,,,,,,,,,,,,,,,,,,,,,,,,,,,,,,,,,,,,,,,,,,,,,,,,,,,
R118,,,,,,,,,,,,,,,,,,,,,,,,,,,,,,,,,,,,,,,,,,,,,,,,,,,,,,,,,,,,,,,,,,,,,,,,,,,,,,,,,,,,,,,,,,,,,,,,,,,,,,,,,,,,,,,,,,,,,,,,,,,,,,,,,,,,,,,,,,,,,,,,,,,,,,,,,,,,,,,,,,,,,,,,,,,,,,,,,,,,,,,,,,,,,,,,,,,,,,,,,,,,,,,,,,,,,,,,,,,,,,,,,,,,,,,,,,,,,,,,,,,,,,,,,,,,,,,,,,,,,,,,,,,,,,,,,,,,,,,,,,,,,,,,,,,,,,,,,,,,,,,,,,,,,,,,,,,,,,,,,,,,,,,,,,,,,,,,,,,,,,,,,,,,,,,,,,,,,,,,,,,,,,,,,,,,,,,,,,,,,,,,,,,,,,,,,,,,,,,,,,,,,,,,,,,,,,,,,,,,,,,,,,,,,,,,,,,,,,,,,,,,,,,,,,,,,,,,,,,,,,,,,,,,,,,,,,,,,,,,,,,,,,,,,,,,,,,,,,,,,,,,,,,,
R119,,,,,,,,,,,,,,,,,,,,,,,,,,,,,,,,,,,,,,,,,,,,,,,,,,,,,,,,,,,,,,,,,,,,,,,,,,,,,,,,,,,,,,,,,,,,,,,,,,,,,,,,,,,,,,,,,,,,,,,,,,,,,,,,,,,,,,,,,,,,,,,,,,,,,,,,,,,,,,,,,,,,,,,,,,,,,,,,,,,,,,,,,,,,,,,,,,,,,,,,,,,,,,,,,,,,,,,,,,,,,,,,,,,,,,,,,,,,,,,,,,,,,,,,,,,,,,,,,,,,,,,,,,,,,,,,,,,,,,,,,,,,,,,,,,,,,,,,,,,,,,,,,,,,,,,,,,,,,,,,,,,,,,,,,,,,,,,,,,,,,,,,,,,,,,,,,,,,,,,,,,,,,,,,,,,,,,,,,,,,,,,,,,,,,,,,,,,,,,,,,,,,,,,,,,,,,,,,,,,,,,,,,,,,,,,,,,,,,,,,,,,,,,,,,,,,,,,,,,,,,,,,,,,,,,,,,,,,,,,,,,,,,,,,,,,,,,,,,,,,,,,,,,,,
R120,,,,,,,,,,,,,,,,,,,,,,,,,,,,,,,,,,,,,,,,,,,,,,,,,,,,,,,,,,,,,,,,,,,,,,,,,,,,,,,,,,,,,,,,,,,,,,,,,,,,,,,,,,,,,,,,,,,,,,,,,,,,,,,,,,,,,,,,,,,,,,,,,,,,,,,,,,,,,,,,,,,,,,,,,,,,,,,,,,,,,,,,,,,,,,,,,,,,,,,,,,,,,,,,,,,,,,,,,,,,,,,,,,,,,,,,,,,,,,,,,,,,,,,,,,,,,,,,,,,,,,,,,,,,,,,,,,,,,,,,,,,,,,,,,,,,,,,,,,,,,,,,,,,,,,,,,,,,,,,,,,,,,,,,,,,,,,,,,,,,,,,,,,,,,,,,,,,,,,,,,,,,,,,,,,,,,,,,,,,,,,,,,,,,,,,,,,,,,,,,,,,,,,,,,,,,,,,,,,,,,,,,,,,,,,,,,,,,,,,,,,,,,,,,,,,,,,,,,,,,,,,,,,,,,,,,,,,,,,,,,,,,,,,,,,,,,,,,,,,,,,,,,,,,
R121,,,,,,,,,,,,,,,,,,,,,,,,,,,,,,,,,,,,,,,,,,,,,,,,,,,,,,,,,,,,,,,,,,,,,,,,,,,,,,,,,,,,,,,,,,,,,,,,,,,,,,,,,,,,,,,,,,,,,,,,,,,,,,,,,,,,,,,,,,,,,,,,,,,,,,,,,,,,,,,,,,,,,,,,,,,,,,,,,,,,,,,,,,,,,,,,,,,,,,,,,,,,,,,,,,,,,,,,,,,,,,,,,,,,,,,,,,,,,,,,,,,,,,,,,,,,,,,,,,,,,,,,,,,,,,,,,,,,,,,,,,,,,,,,,,,,,,,,,,,,,,,,,,,,,,,,,,,,,,,,,,,,,,,,,,,,,,,,,,,,,,,,,,,,,,,,,,,,,,,,,,,,,,,,,,,,,,,,,,,,,,,,,,,,,,,,,,,,,,,,,,,,,,,,,,,,,,,,,,,,,,,,,,,,,,,,,,,,,,,,,,,,,,,,,,,,,,,,,,,,,,,,,,,,,,,,,,,,,,,,,,,,,,,,,,,,,,,,,,,,,,,,,,,,
R122,,,,,,,,,,,,,,,,,,,,,,,,,,,,,,,,,,,,,,,,,,,,,,,,,,,,,,,,,,,,,,,,,,,,,,,,,,,,,,,,,,,,,,,,,,,,,,,,,,,,,,,,,,,,,,,,,,,,,,,,,,,,,,,,,,,,,,,,,,,,,,,,,,,,,,,,,,,,,,,,,,,,,,,,,,,,,,,,,,,,,,,,,,,,,,,,,,,,,,,,,,,,,,,,,,,,,,,,,,,,,,,,,,,,,,,,,,,,,,,,,,,,,,,,,,,,,,,,,,,,,,,,,,,,,,,,,,,,,,,,,,,,,,,,,,,,,,,,,,,,,,,,,,,,,,,,,,,,,,,,,,,,,,,,,,,,,,,,,,,,,,,,,,,,,,,,,,,,,,,,,,,,,,,,,,,,,,,,,,,,,,,,,,,,,,,,,,,,,,,,,,,,,,,,,,,,,,,,,,,,,,,,,,,,,,,,,,,,,,,,,,,,,,,,,,,,,,,,,,,,,,,,,,,,,,,,,,,,,,,,,,,,,,,,,,,,,,,,,,,,,,,,,,,,
R123,,,,,,,,,,,,,,,,,,,,,,,,,,,,,,,,,,,,,,,,,,,,,,,,,,,,,,,,,,,,,,,,,,,,,,,,,,,,,,,,,,,,,,,,,,,,,,,,,,,,,,,,,,,,,,,,,,,,,,,,,,,,,,,,,,,,,,,,,,,,,,,,,,,,,,,,,,,,,,,,,,,,,,,,,,,,,,,,,,,,,,,,,,,,,,,,,,,,,,,,,,,,,,,,,,,,,,,,,,,,,,,,,,,,,,,,,,,,,,,,,,,,,,,,,,,,,,,,,,,,,,,,,,,,,,,,,,,,,,,,,,,,,,,,,,,,,,,,,,,,,,,,,,,,,,,,,,,,,,,,,,,,,,,,,,,,,,,,,,,,,,,,,,,,,,,,,,,,,,,,,,,,,,,,,,,,,,,,,,,,,,,,,,,,,,,,,,,,,,,,,,,,,,,,,,,,,,,,,,,,,,,,,,,,,,,,,,,,,,,,,,,,,,,,,,,,,,,,,,,,,,,,,,,,,,,,,,,,,,,,,,,,,,,,,,,,,,,,,,,,,,,,,,,,
R124,,,,,,,,,,,,,,,,,,,,,,,,,,,,,,,,,,,,,,,,,,,,,,,,,,,,,,,,,,,,,,,,,,,,,,,,,,,,,,,,,,,,,,,,,,,,,,,,,,,,,,,,,,,,,,,,,,,,,,,,,,,,,,,,,,,,,,,,,,,,,,,,,,,,,,,,,,,,,,,,,,,,,,,,,,,,,,,,,,,,,,,,,,,,,,,,,,,,,,,,,,,,,,,,,,,,,,,,,,,,,,,,,,,,,,,,,,,,,,,,,,,,,,,,,,,,,,,,,,,,,,,,,,,,,,,,,,,,,,,,,,,,,,,,,,,,,,,,,,,,,,,,,,,,,,,,,,,,,,,,,,,,,,,,,,,,,,,,,,,,,,,,,,,,,,,,,,,,,,,,,,,,,,,,,,,,,,,,,,,,,,,,,,,,,,,,,,,,,,,,,,,,,,,,,,,,,,,,,,,,,,,,,,,,,,,,,,,,,,,,,,,,,,,,,,,,,,,,,,,,,,,,,,,,,,,,,,,,,,,,,,,,,,,,,,,,,,,,,,,,,,,,,,,,
R125,,,,,,,,,,,,,,,,,,,,,,,,,,,,,,,,,,,,,,,,,,,,,,,,,,,,,,,,,,,,,,,,,,,,,,,,,,,,,,,,,,,,,,,,,,,,,,,,,,,,,,,,,,,,,,,,,,,,,,,,,,,,,,,,,,,,,,,,,,,,,,,,,,,,,,,,,,,,,,,,,,,,,,,,,,,,,,,,,,,,,,,,,,,,,,,,,,,,,,,,,,,,,,,,,,,,,,,,,,,,,,,,,,,,,,,,,,,,,,,,,,,,,,,,,,,,,,,,,,,,,,,,,,,,,,,,,,,,,,,,,,,,,,,,,,,,,,,,,,,,,,,,,,,,,,,,,,,,,,,,,,,,,,,,,,,,,,,,,,,,,,,,,,,,,,,,,,,,,,,,,,,,,,,,,,,,,,,,,,,,,,,,,,,,,,,,,,,,,,,,,,,,,,,,,,,,,,,,,,,,,,,,,,,,,,,,,,,,,,,,,,,,,,,,,,,,,,,,,,,,,,,,,,,,,,,,,,,,,,,,,,,,,,,,,,,,,,,,,,,,,,,,,,,,
R126,,,,,,,,,,,,,,,,,,,,,,,,,,,,,,,,,,,,,,,,,,,,,,,,,,,,,,,,,,,,,,,,,,,,,,,,,,,,,,,,,,,,,,,,,,,,,,,,,,,,,,,,,,,,,,,,,,,,,,,,,,,,,,,,,,,,,,,,,,,,,,,,,,,,,,,,,,,,,,,,,,,,,,,,,,,,,,,,,,,,,,,,,,,,,,,,,,,,,,,,,,,,,,,,,,,,,,,,,,,,,,,,,,,,,,,,,,,,,,,,,,,,,,,,,,,,,,,,,,,,,,,,,,,,,,,,,,,,,,,,,,,,,,,,,,,,,,,,,,,,,,,,,,,,,,,,,,,,,,,,,,,,,,,,,,,,,,,,,,,,,,,,,,,,,,,,,,,,,,,,,,,,,,,,,,,,,,,,,,,,,,,,,,,,,,,,,,,,,,,,,,,,,,,,,,,,,,,,,,,,,,,,,,,,,,,,,,,,,,,,,,,,,,,,,,,,,,,,,,,,,,,,,,,,,,,,,,,,,,,,,,,,,,,,,,,,,,,,,,,,,,,,,,,,
R127,,,,,,,,,,,,,,,,,,,,,,,,,,,,,,,,,,,,,,,,,,,,,,,,,,,,,,,,,,,,,,,,,,,,,,,,,,,,,,,,,,,,,,,,,,,,,,,,,,,,,,,,,,,,,,,,,,,,,,,,,,,,,,,,,,,,,,,,,,,,,,,,,,,,,,,,,,,,,,,,,,,,,,,,,,,,,,,,,,,,,,,,,,,,,,,,,,,,,,,,,,,,,,,,,,,,,,,,,,,,,,,,,,,,,,,,,,,,,,,,,,,,,,,,,,,,,,,,,,,,,,,,,,,,,,,,,,,,,,,,,,,,,,,,,,,,,,,,,,,,,,,,,,,,,,,,,,,,,,,,,,,,,,,,,,,,,,,,,,,,,,,,,,,,,,,,,,,,,,,,,,,,,,,,,,,,,,,,,,,,,,,,,,,,,,,,,,,,,,,,,,,,,,,,,,,,,,,,,,,,,,,,,,,,,,,,,,,,,,,,,,,,,,,,,,,,,,,,,,,,,,,,,,,,,,,,,,,,,,,,,,,,,,,,,,,,,,,,,,,,,,,,,,,,
R128,,,,,,,,,,,,,,,,,,,,,,,,,,,,,,,,,,,,,,,,,,,,,,,,,,,,,,,,,,,,,,,,,,,,,,,,,,,,,,,,,,,,,,,,,,,,,,,,,,,,,,,,,,,,,,,,,,,,,,,,,,,,,,,,,,,,,,,,,,,,,,,,,,,,,,,,,,,,,,,,,,,,,,,,,,,,,,,,,,,,,,,,,,,,,,,,,,,,,,,,,,,,,,,,,,,,,,,,,,,,,,,,,,,,,,,,,,,,,,,,,,,,,,,,,,,,,,,,,,,,,,,,,,,,,,,,,,,,,,,,,,,,,,,,,,,,,,,,,,,,,,,,,,,,,,,,,,,,,,,,,,,,,,,,,,,,,,,,,,,,,,,,,,,,,,,,,,,,,,,,,,,,,,,,,,,,,,,,,,,,,,,,,,,,,,,,,,,,,,,,,,,,,,,,,,,,,,,,,,,,,,,,,,,,,,,,,,,,,,,,,,,,,,,,,,,,,,,,,,,,,,,,,,,,,,,,,,,,,,,,,,,,,,,,,,,,,,,,,,,,,,,,,,,,
R129,,,,,,,,,,,,,,,,,,,,,,,,,,,,,,,,,,,,,,,,,,,,,,,,,,,,,,,,,,,,,,,,,,,,,,,,,,,,,,,,,,,,,,,,,,,,,,,,,,,,,,,,,,,,,,,,,,,,,,,,,,,,,,,,,,,,,,,,,,,,,,,,,,,,,,,,,,,,,,,,,,,,,,,,,,,,,,,,,,,,,,,,,,,,,,,,,,,,,,,,,,,,,,,,,,,,,,,,,,,,,,,,,,,,,,,,,,,,,,,,,,,,,,,,,,,,,,,,,,,,,,,,,,,,,,,,,,,,,,,,,,,,,,,,,,,,,,,,,,,,,,,,,,,,,,,,,,,,,,,,,,,,,,,,,,,,,,,,,,,,,,,,,,,,,,,,,,,,,,,,,,,,,,,,,,,,,,,,,,,,,,,,,,,,,,,,,,,,,,,,,,,,,,,,,,,,,,,,,,,,,,,,,,,,,,,,,,,,,,,,,,,,,,,,,,,,,,,,,,,,,,,,,,,,,,,,,,,,,,,,,,,,,,,,,,,,,,,,,,,,,,,,,,,,
R130,,,,,,,,,,,,,,,,,,,,,,,,,,,,,,,,,,,,,,,,,,,,,,,,,,,,,,,,,,,,,,,,,,,,,,,,,,,,,,,,,,,,,,,,,,,,,,,,,,,,,,,,,,,,,,,,,,,,,,,,,,,,,,,,,,,,,,,,,,,,,,,,,,,,,,,,,,,,,,,,,,,,,,,,,,,,,,,,,,,,,,,,,,,,,,,,,,,,,,,,,,,,,,,,,,,,,,,,,,,,,,,,,,,,,,,,,,,,,,,,,,,,,,,,,,,,,,,,,,,,,,,,,,,,,,,,,,,,,,,,,,,,,,,,,,,,,,,,,,,,,,,,,,,,,,,,,,,,,,,,,,,,,,,,,,,,,,,,,,,,,,,,,,,,,,,,,,,,,,,,,,,,,,,,,,,,,,,,,,,,,,,,,,,,,,,,,,,,,,,,,,,,,,,,,,,,,,,,,,,,,,,,,,,,,,,,,,,,,,,,,,,,,,,,,,,,,,,,,,,,,,,,,,,,,,,,,,,,,,,,,,,,,,,,,,,,,,,,,,,,,,,,,,,,
=Late Proto-Albanian I,null{ABSENT},null{ABSENT},null{ABSENT},null{ABSENT},null{ABSENT},null{ABSENT},null{ABSENT},null{ABSENT},null{ABSENT},null{ABSENT},null{ABSENT},null{ABSENT},null{ABSENT},null{ABSENT},null{ABSENT},null{ABSENT},null{ABSENT},null{ABSENT},null{ABSENT},null{ABSENT},null{ABSENT},null{ABSENT},null{ABSENT},null{ABSENT},null{ABSENT},null{ABSENT},null{ABSENT},null{ABSENT},null{ABSENT},null{ABSENT},null{ABSENT},null{ABSENT},null{ABSENT},null{ABSENT},null{ABSENT},null{ABSENT},null{ABSENT},null{ABSENT},null{ABSENT},null{ABSENT},null{ABSENT},null{ABSENT},null{ABSENT},null{ABSENT},null{ABSENT},null{ABSENT},null{ABSENT},null{ABSENT},null{ABSENT},null{ABSENT},null{ABSENT},null{ABSENT},null{ABSENT},null{ABSENT},null{ABSENT},null{ABSENT},null{ABSENT},null{ABSENT},null{ABSENT},null{ABSENT},null{ABSENT},null{ABSENT},null{ABSENT},null{ABSENT},null{ABSENT},null{ABSENT},null{ABSENT},null{ABSENT},null{ABSENT},null{ABSENT},null{ABSENT},null{ABSENT},null{ABSENT},null{ABSENT},null{ABSENT},null{ABSENT},null{ABSENT},null{ABSENT},null{ABSENT},null{ABSENT},null{ABSENT},null{ABSENT},null{ABSENT},null{ABSENT},null{ABSENT},null{ABSENT},null{ABSENT},null{ABSENT},null{ABSENT},null{ABSENT},null{ABSENT},null{ABSENT},null{ABSENT},null{ABSENT},null{ABSENT},null{ABSENT},null{ABSENT},null{ABSENT},null{ABSENT},null{ABSENT},null{ABSENT},null{ABSENT},null{ABSENT},null{ABSENT},null{ABSENT},null{ABSENT},null{ABSENT},null{ABSENT},null{ABSENT},null{ABSENT},null{ABSENT},null{ABSENT},null{ABSENT},null{ABSENT},null{ABSENT},null{ABSENT},null{ABSENT},null{ABSENT},null{ABSENT},null{ABSENT},null{ABSENT},null{ABSENT},null{ABSENT},null{ABSENT},null{ABSENT},null{ABSENT},null{ABSENT},null{ABSENT},null{ABSENT},null{ABSENT},null{ABSENT},null{ABSENT},null{ABSENT},null{ABSENT},null{ABSENT},null{ABSENT},null{ABSENT},null{ABSENT},null{ABSENT},null{ABSENT},null{ABSENT},null{ABSENT},null{ABSENT},null{ABSENT},null{ABSENT},null{ABSENT},null{ABSENT},null{ABSENT},null{ABSENT},null{ABSENT},null{ABSENT},null{ABSENT},null{ABSENT},null{ABSENT},null{ABSENT},null{ABSENT},null{ABSENT},null{ABSENT},null{ABSENT},null{ABSENT},null{ABSENT},null{ABSENT},null{ABSENT},null{ABSENT},null{ABSENT},null{ABSENT},null{ABSENT},null{ABSENT},null{ABSENT},null{ABSENT},null{ABSENT},null{ABSENT},null{ABSENT},null{ABSENT},null{ABSENT},null{ABSENT},null{ABSENT},null{ABSENT},null{ABSENT},null{ABSENT},null{ABSENT},null{ABSENT},null{ABSENT},null{ABSENT},null{ABSENT},null{ABSENT},null{ABSENT},null{ABSENT},null{ABSENT},null{ABSENT},null{ABSENT},null{ABSENT},null{ABSENT},null{ABSENT},null{ABSENT},null{ABSENT},null{ABSENT},null{ABSENT},null{ABSENT},null{ABSENT},null{ABSENT},null{ABSENT},null{ABSENT},null{ABSENT},null{ABSENT},null{ABSENT},null{ABSENT},null{ABSENT},null{ABSENT},null{ABSENT},null{ABSENT},null{ABSENT},null{ABSENT},null{ABSENT},null{ABSENT},null{ABSENT},null{ABSENT},null{ABSENT},null{ABSENT},null{ABSENT},null{ABSENT},null{ABSENT},null{ABSENT},null{ABSENT},null{ABSENT},null{ABSENT},null{ABSENT},null{ABSENT},null{ABSENT},null{ABSENT},null{ABSENT},null{ABSENT},null{ABSENT},null{ABSENT},null{ABSENT},null{ABSENT},null{ABSENT},null{ABSENT},null{ABSENT},null{ABSENT},null{ABSENT},null{ABSENT},null{ABSENT},null{ABSENT},null{ABSENT},null{ABSENT},null{ABSENT},null{ABSENT},null{ABSENT},null{ABSENT},null{ABSENT},null{ABSENT},null{ABSENT},null{ABSENT},null{ABSENT},null{ABSENT},null{ABSENT},null{ABSENT},null{ABSENT},null{ABSENT},null{ABSENT},null{ABSENT},null{ABSENT},null{ABSENT},null{ABSENT},null{ABSENT},null{ABSENT},null{ABSENT},null{ABSENT},null{ABSENT},null{ABSENT},null{ABSENT},null{ABSENT},null{ABSENT},null{ABSENT},null{ABSENT},null{ABSENT},null{ABSENT},null{ABSENT},null{ABSENT},null{ABSENT},null{ABSENT},null{ABSENT},null{ABSENT},null{ABSENT},null{ABSENT},null{ABSENT},null{ABSENT},null{ABSENT},null{ABSENT},null{ABSENT},null{ABSENT},null{ABSENT},null{ABSENT},null{ABSENT},null{ABSENT},null{ABSENT},null{ABSENT},null{ABSENT},null{ABSENT},null{ABSENT},null{ABSENT},null{ABSENT},null{ABSENT},null{ABSENT},null{ABSENT},null{ABSENT},null{ABSENT},null{ABSENT},null{ABSENT},null{ABSENT},null{ABSENT},null{ABSENT},null{ABSENT},null{ABSENT},null{ABSENT},null{ABSENT},null{ABSENT},null{ABSENT},null{ABSENT},null{ABSENT},null{ABSENT},null{ABSENT},null{ABSENT},null{ABSENT},null{ABSENT},null{ABSENT},null{ABSENT},null{ABSENT},null{ABSENT},null{ABSENT},null{ABSENT},null{ABSENT},null{ABSENT},null{ABSENT},null{ABSENT},null{ABSENT},null{ABSENT},null{ABSENT},null{ABSENT},null{ABSENT},null{ABSENT},null{ABSENT},null{ABSENT},null{ABSENT},null{ABSENT},null{ABSENT},null{ABSENT},null{ABSENT},null{ABSENT},null{ABSENT},null{ABSENT},null{ABSENT},null{ABSENT},null{ABSENT},null{ABSENT},null{ABSENT},null{ABSENT},null{ABSENT},null{ABSENT},null{ABSENT},null{ABSENT},null{ABSENT},null{ABSENT},null{ABSENT},null{ABSENT},null{ABSENT},null{ABSENT},null{ABSENT},null{ABSENT},null{ABSENT},null{ABSENT},null{ABSENT},null{ABSENT},null{ABSENT},null{ABSENT},null{ABSENT},null{ABSENT},null{ABSENT},null{ABSENT},null{ABSENT},null{ABSENT},null{ABSENT},null{ABSENT},null{ABSENT},null{ABSENT},null{ABSENT},null{ABSENT},null{ABSENT},null{ABSENT},null{ABSENT},null{ABSENT},null{ABSENT},null{ABSENT},null{ABSENT},null{ABSENT},null{ABSENT},null{ABSENT},null{ABSENT},null{ABSENT},null{ABSENT},null{ABSENT},null{ABSENT},null{ABSENT},null{ABSENT},null{ABSENT},null{ABSENT},null{ABSENT},null{ABSENT},null{ABSENT},null{ABSENT},null{ABSENT},null{ABSENT},null{ABSENT},null{ABSENT},null{ABSENT},null{ABSENT},null{ABSENT},null{ABSENT},null{ABSENT},null{ABSENT},null{ABSENT},null{ABSENT},null{ABSENT},null{ABSENT},null{ABSENT},null{ABSENT},null{ABSENT},null{ABSENT},null{ABSENT},null{ABSENT},null{ABSENT},null{ABSENT},null{ABSENT},null{ABSENT},null{ABSENT},null{ABSENT},null{ABSENT},null{ABSENT},null{ABSENT},null{ABSENT},null{ABSENT},null{ABSENT},null{ABSENT},null{ABSENT},null{ABSENT},null{ABSENT},null{ABSENT},null{ABSENT},null{ABSENT},null{ABSENT},null{ABSENT},null{ABSENT},null{ABSENT},null{ABSENT},null{ABSENT},null{ABSENT},null{ABSENT},null{ABSENT},null{ABSENT},null{ABSENT},null{ABSENT},null{ABSENT},null{ABSENT},null{ABSENT},null{ABSENT},null{ABSENT},null{ABSENT},null{ABSENT},null{ABSENT},null{ABSENT},null{ABSENT},null{ABSENT},null{ABSENT},null{ABSENT},null{ABSENT},null{ABSENT},null{ABSENT},null{ABSENT},null{ABSENT},null{ABSENT},null{ABSENT},null{ABSENT},null{ABSENT},null{ABSENT},null{ABSENT},null{ABSENT},null{ABSENT},null{ABSENT},null{ABSENT},null{ABSENT},null{ABSENT},null{ABSENT},null{ABSENT},null{ABSENT},null{ABSENT},null{ABSENT},null{ABSENT},null{ABSENT},null{ABSENT},null{ABSENT},null{ABSENT},null{ABSENT},null{ABSENT},null{ABSENT},null{ABSENT},null{ABSENT},null{ABSENT}
R131,,,,,,,,,,,,,,,,,,,,,,,,,,,,,,,,,,,,,,,,,,,,,,,,,,,,,,,,,,,,,,,,,,,,,,,,,,,,,,,,,,,,,,,,,,,,,,,,,,,,,,,,,,,,,,,,,,,,,,,,,,,,,,,,,,,,,,,,,,,,,,,,,,,,,,,,,,,,,,,,,,,,,,,,,,,,,,,,,,,,,,,,,,,,,,,,,,,,,,,,,,,,,,,,,,,,,,,,,,,,,,,,,,,,,,,,,,,,,,,,,,,,,,,,,,,,,,,,,,,,,,,,,,,,,,,,,,,,,,,,,,,,,,,,,,,,,,,,,,,,,,,,,,,,,,,,,,,,,,,,,,,,,,,,,,,,,,,,,,,,,,,,,,,,,,,,,,,,,,,,,,,,,,,,,,,,,,,,,,,,,,,,,,,,,,,,,,,,,,,,,,,,,,,,,,,,,,,,,,,,,,,,,,,,,,,,,,,,,,,,,,,,,,,,,,,,,,,,,,,,,,,,,,,,,,,,,,,,,,,,,,,,,,,,,,,,,,,,,,,,,,,,,,,,
R132,,,,,,,,,,,,,,,,,,,,,,,,,,,,,,,,,,,,,,,,,,,,,,,,,,,,,,,,,,,,,,,,,,,,,,,,,,,,,,,,,,,,,,,,,,,,,,,,,,,,,,,,,,,,,,,,,,,,,,,,,,,,,,,,,,,,,,,,,,,,,,,,,,,,,,,,,,,,,,,,,,,,,,,,,,,,,,,,,,,,,,,,,,,,,,,,,,,,,,,,,,,,,,,,,,,,,,,,,,,,,,,,,,,,,,,,,,,,,,,,,,,,,,,,,,,,,,,,,,,,,,,,,,,,,,,,,,,,,,,,,,,,,,,,,,,,,,,,,,,,,,,,,,,,,,,,,,,,,,,,,,,,,,,,,,,,,,,,,,,,,,,,,,,,,,,,,,,,,,,,,,,,,,,,,,,,,,,,,,,,,,,,,,,,,,,,,,,,,,,,,,,,,,,,,,,,,,,,,,,,,,,,,,,,,,,,,,,,,,,,,,,,,,,,,,,,,,,,,,,,,,,,,,,,,,,,,,,,,,,,,,,,,,,,,,,,,,,,,,,,,,,,,,,,
R133,,,,,,,,,,,,,,,,,,,,,,,,,,,,,,,,,,,,,,,,,,,,,,,,,,,,,,,,,,,,,,,,,,,,,,,,,,,,,,,,,,,,,,,,,,,,,,,,,,,,,,,,,,,,,,,,,,,,,,,,,,,,,,,,,,,,,,,,,,,,,,,,,,,,,,,,,,,,,,,,,,,,,,,,,,,,,,,,,,,,,,,,,,,,,,,,,,,,,,,,,,,,,,,,,,,,,,,,,,,,,,,,,,,,,,,,,,,,,,,,,,,,,,,,,,,,,,,,,,,,,,,,,,,,,,,,,,,,,,,,,,,,,,,,,,,,,,,,,,,,,,,,,,,,,,,,,,,,,,,,,,,,,,,,,,,,,,,,,,,,,,,,,,,,,,,,,,,,,,,,,,,,,,,,,,,,,,,,,,,,,,,,,,,,,,,,,,,,,,,,,,,,,,,,,,,,,,,,,,,,,,,,,,,,,,,,,,,,,,,,,,,,,,,,,,,,,,,,,,,,,,,,,,,,,,,,,,,,,,,,,,,,,,,,,,,,,,,,,,,,,,,,,,,,
R134,,,,,,,,,,,,,,,,,,,,,,,,,,,,,,,,,,,,,,,,,,,,,,,,,,,,,,,,,,,,,,,,,,,,,,,,,,,,,,,,,,,,,,,,,,,,,,,,,,,,,,,,,,,,,,,,,,,,,,,,,,,,,,,,,,,,,,,,,,,,,,,,,,,,,,,,,,,,,,,,,,,,,,,,,,,,,,,,,,,,,,,,,,,,,,,,,,,,,,,,,,,,,,,,,,,,,,,,,,,,,,,,,,,,,,,,,,,,,,,,,,,,,,,,,,,,,,,,,,,,,,,,,,,,,,,,,,,,,,,,,,,,,,,,,,,,,,,,,,,,,,,,,,,,,,,,,,,,,,,,,,,,,,,,,,,,,,,,,,,,,,,,,,,,,,,,,,,,,,,,,,,,,,,,,,,,,,,,,,,,,,,,,,,,,,,,,,,,,,,,,,,,,,,,,,,,,,,,,,,,,,,,,,,,,,,,,,,,,,,,,,,,,,,,,,,,,,,,,,,,,,,,,,,,,,,,,,,,,,,,,,,,,,,,,,,,,,,,,,,,,,,,,,,,
R135,,,,,,,,,,,,,,,,,,,,,,,,,,,,,,,,,,,,,,,,,,,,,,,,,,,,,,,,,,,,,,,,,,,,,,,,,,,,,,,,,,,,,,,,,,,,,,,,,,,,,,,,,,,,,,,,,,,,,,,,,,,,,,,,,,,,,,,,,,,,,,,,,,,,,,,,,,,,,,,,,,,,,,,,,,,,,,,,,,,,,,,,,,,,,,,,,,,,,,,,,,,,,,,,,,,,,,,,,,,,,,,,,,,,,,,,,,,,,,,,,,,,,,,,,,,,,,,,,,,,,,,,,,,,,,,,,,,,,,,,,,,,,,,,,,,,,,,,,,,,,,,,,,,,,,,,,,,,,,,,,,,,,,,,,,,,,,,,,,,,,,,,,,,,,,,,,,,,,,,,,,,,,,,,,,,,,,,,,,,,,,,,,,,,,,,,,,,,,,,,,,,,,,,,,,,,,,,,,,,,,,,,,,,,,,,,,,,,,,,,,,,,,,,,,,,,,,,,,,,,,,,,,,,,,,,,,,,,,,,,,,,,,,,,,,,,,,,,,,,,,,,,,,,,
R136,,,,,,,,,,,,,,,,,,,,,,,,,,,,,,,,,,,,,,,,,,,,,,,,,,,,,,,,,,,,,,,,,,,,,,,,,,,,,,,,,,,,,,,,,,,,,,,,,,,,,,,,,,,,,,,,,,,,,,,,,,,,,,,,,,,,,,,,,,,,,,,,,,,,,,,,,,,,,,,,,,,,,,,,,,,,,,,,,,,,,,,,,,,,,,,,,,,,,,,,,,,,,,,,,,,,,,,,,,,,,,,,,,,,,,,,,,,,,,,,,,,,,,,,,,,,,,,,,,,,,,,,,,,,,,,,,,,,,,,,,,,,,,,,,,,,,,,,,,,,,,,,,,,,,,,,,,,,,,,,,,,,,,,,,,,,,,,,,,,,,,,,,,,,,,,,,,,,,,,,,,,,,,,,,,,,,,,,,,,,,,,,,,,,,,,,,,,,,,,,,,,,,,,,,,,,,,,,,,,,,,,,,,,,,,,,,,,,,,,,,,,,,,,,,,,,,,,,,,,,,,,,,,,,,,,,,,,,,,,,,,,,,,,,,,,,,,,,,,,,,,,,,,,,
R137,,,,,,,,,,,,,,,,,,,,,,,,,,,,,,,,,,,,,,,,,,,,,,,,,,,,,,,,,,,,,,,,,,,,,,,,,,,,,,,,,,,,,,,,,,,,,,,,,,,,,,,,,,,,,,,,,,,,,,,,,,,,,,,,,,,,,,,,,,,,,,,,,,,,,,,,,,,,,,,,,,,,,,,,,,,,,,,,,,,,,,,,,,,,,,,,,,,,,,,,,,,,,,,,,,,,,,,,,,,,,,,,,,,,,,,,,,,,,,,,,,,,,,,,,,,,,,,,,,,,,,,,,,,,,,,,,,,,,,,,,,,,,,,,,,,,,,,,,,,,,,,,,,,,,,,,,,,,,,,,,,,,,,,,,,,,,,,,,,,,,,,,,,,,,,,,,,,,,,,,,,,,,,,,,,,,,,,,,,,,,,,,,,,,,,,,,,,,,,,,,,,,,,,,,,,,,,,,,,,,,,,,,,,,,,,,,,,,,,,,,,,,,,,,,,,,,,,,,,,,,,,,,,,,,,,,,,,,,,,,,,,,,,,,,,,,,,,,,,,,,,,,,,,,
R138,,,,,,,,,,,,,,,,,,,,,,,,,,,,,,,,,,,,,,,,,,,,,,,,,,,,,,,,,,,,,,,,,,,,,,,,,,,,,,,,,,,,,,,,,,,,,,,,,,,,,,,,,,,,,,,,,,,,,,,,,,,,,,,,,,,,,,,,,,,,,,,,,,,,,,,,,,,,,,,,,,,,,,,,,,,,,,,,,,,,,,,,,,,,,,,,,,,,,,,,,,,,,,,,,,,,,,,,,,,,,,,,,,,,,,,,,,,,,,,,,,,,,,,,,,,,,,,,,,,,,,,,,,,,,,,,,,,,,,,,,,,,,,,,,,,,,,,,,,,,,,,,,,,,,,,,,,,,,,,,,,,,,,,,,,,,,,,,,,,,,,,,,,,,,,,,,,,,,,,,,,,,,,,,,,,,,,,,,,,,,,,,,,,,,,,,,,,,,,,,,,,,,,,,,,,,,,,,,,,,,,,,,,,,,,,,,,,,,,,,,,,,,,,,,,,,,,,,,,,,,,,,,,,,,,,,,,,,,,,,,,,,,,,,,,,,,,,,,,,,,,,,,,,,
R139,,,,,,,,,,,,,,,,,,,,,,,,,,,,,,,,,,,,,,,,,,,,,,,,,,,,,,,,,,,,,,,,,,,,,,,,,,,,,,,,,,,,,,,,,,,,,,,,,,,,,,,,,,,,,,,,,,,,,,,,,,,,,,,,,,,,,,,,,,,,,,,,,,,,,,,,,,,,,,,,,,,,,,,,,,,,,,,,,,,,,,,,,,,,,,,,,,,,,,,,,,,,,,,,,,,,,,,,,,,,,,,,,,,,,,,,,,,,,,,,,,,,,,,,,,,,,,,,,,,,,,,,,,,,,,,,,,,,,,,,,,,,,,,,,,,,,,,,,,,,,,,,,,,,,,,,,,,,,,,,,,,,,,,,,,,,,,,,,,,,,,,,,,,,,,,,,,,,,,,,,,,,,,,,,,,,,,,,,,,,,,,,,,,,,,,,,,,,,,,,,,,,,,,,,,,,,,,,,,,,,,,,,,,,,,,,,,,,,,,,,,,,,,,,,,,,,,,,,,,,,,,,,,,,,,,,,,,,,,,,,,,,,,,,,,,,,,,,,,,,,,,,,,,,
R140,,,,,,,,,,,,,,,,,,,,,,,,,,,,,,,,,,,,,,,,,,,,,,,,,,,,,,,,,,,,,,,,,,,,,,,,,,,,,,,,,,,,,,,,,,,,,,,,,,,,,,,,,,,,,,,,,,,,,,,,,,,,,,,,,,,,,,,,,,,,,,,,,,,,,,,,,,,,,,,,,,,,,,,,,,,,,,,,,,,,,,,,,,,,,,,,,,,,,,,,,,,,,,,,,,,,,,,,,,,,,,,,,,,,,,,,,,,,,,,,,,,,,,,,,,,,,,,,,,,,,,,,,,,,,,,,,,,,,,,,,,,,,,,,,,,,,,,,,,,,,,,,,,,,,,,,,,,,,,,,,,,,,,,,,,,,,,,,,,,,,,,,,,,,,,,,,,,,,,,,,,,,,,,,,,,,,,,,,,,,,,,,,,,,,,,,,,,,,,,,,,,,,,,,,,,,,,,,,,,,,,,,,,,,,,,,,,,,,,,,,,,,,,,,,,,,,,,,,,,,,,,,,,,,,,,,,,,,,,,,,,,,,,,,,,,,,,,,,,,,,,,,,,,,
R141,,,,,,,,,,,,,,,,,,,,,,,,,,,,,,,,,,,,,,,,,,,,,,,,,,,,,,,,,,*/kˌɒlˈɛʃʊkɑ/,,,,,,,,,,,,,,,,,,,,,,,,,,*/kˌɯʃˈɒwɑ/,,,,,,,,,,,,,,,,,,,,,,,,,,,,,,,,,,,,,,,,,,,,,,,,,,,*/ɡˈʊrʃtɪ/,,,*/lˠˈɒʃkɑ/,,,,,,,,,,,,,,,,,,,,,,,,,,,,,,,,,,,,,,,,,,*/ʃˈɑkɑ/,*/ʃˈɒrɑ/,*/ʃˈɑpʊ/,,*/ʃˈɛlɪt͡ʃɑ/,*/ʃˈɛ̃brʊ/,*/ʃˌitˈɒwɑ/,,*/ʃˌuːˈɛt͡ʃɪ/,*/ʃˈɒpʊ/,*/ʃkˌɒwɒrdˈɪt͡sɪ/,*/ʃkˌɒpˈitɪ/,*/ʃkrˈɑpi/,*/ʃˌuʃˈit͡sɑ/,*/ʃˌɯpʎˈɑkɑ/,*/ʃˈʊlʊɑ/,,*/ʃlˈɒtɑ/,*/ʃtˌʊrmˈɛnnɛ/,*/ʃtˌɒpˈɑɲɑ/,*/ʃtˌɒpˈɑnd͡ʒɑ/,*/ʃtˌɒpɑnˈɛʃɑ/,*/ʃtˌɒpˈɑnʊ/,*/ʃtˈɯɲɑ/,*/ʃtrˈɑʒɑ/,,,,,,,,,,,,,,,,,,,,,*/trˈɪʃʊ/,*/tˈɪrʃu/,,,,*/dˌɛʃnˈit͡sɑ/,,,,,,,,,,,,,,,,,,,,,,,,,,,,,,,,,,,,,,,,,,,,,,,,,,,,,,,,,,,,,,,,,*/zˈɒ̃bʊʃæ/,,,,,,,,,,,,,*/lˌæʃˈɒwɑ/,,,,,,,,*/lˈɒ̃ɡʊʃkɑ/,,*/lˌæʃɪnˈit͡sɑ/,,,*/lˈæʃɑ/,*/lˈæʃɪɲɑ/,,,,,,,,,,,*/ʎˈutʊʃɑ/,,,,,,,,,,,,,,,,,,,,,,,,,*/ˈɒrβɛʃʊ/,,,,,,,,,,,,,,,,,,,,,*/pˈiʃkɑ/,,,,,,,,,,,,,,,,,,*/plˈɒʃkɑ/,*/pˈɒlʃkɑ/,,,,,*/pˌɒlʃtnˈikʊ/,,,,,,,,,,,,,,,,*/brˌæʃtɪnˈikʊ/,,,,,,,,,,,,*/bˌæʃɪnˈit͡sɑ/,,,,,,,,,,,*/bˌɯʃtrˈit͡sɑ/,,*/bˈɯʃtrʊ/,,,,,,,,,,,,,*/ʃʊwˌɪrʃtɪnˈikʊ/,,,,,,,,,,,,,,,,,,,,,,,,,,,,,,,,,,,,,,,,,,,,,,,,,,,
R142,,,,,,,,,,,,,,,,,,,,,,,,,,,,,,,,,,,,,,,,,,,,,,,,,,,,,,,,,,,,,,,,,,,,,,,,,,,,,,,,,,,,,,,,,,,,,,,,,,,,,,,,,,,,,,,,,,,,,,,,,,,,,,,,,,,,,,,,,,,,,,,,,,,,,,,,,,,,,,,,,,,,,,,,,,,,,,,,,,,,,,,,,,,,,,,,,,,,,,,,,,,,,,,,,,,,,,,,,,,,,,,,,,,,,,,,,,,,,,,,,,,,,,,,,,,,,,,,,,,,,,,,,,,,,,,,,,,,,,,,,,,,,,,,,,,,,,,,,,,,,,,,,,,,,,,,,,,,,,,,,,,,,,,,,,,,,,,,,,,,,,,,,,,,,,,,,,,,,,,,,,,,,,,,,,,,,,,,,,,,,,,,,,,,,,,,,,,,,,,,,,,,,,,,,,,,,,,,,,,,,,,,,,,,,,,,,,,,,,,,,,,,,,,,,,,,,,,,,,,,,,,,,,,,,,,,,,,,,,,,,,,,,,,,,,,,,,,,,,,,,,,,,,,,
R143,,,,,,,,,,,,,,,,,,,,,,,,,,,,,,,,,,,,,,,,,,,,,,,,,,,,,,,,,,,,,,,,,,,,,,,,,,,,,,,,,,,,,,,,,,,,,,,,,,,,,,,,,,,,,,,,,,,,,,,,,,,,,,,,,,,,,,,,,,,,,,,,,,,,,,,,,,,,,,,,,,,,,,,,,,,,,,,,,,,,,,,,,,,,,,,,,,,,,,,,,,,,,,,,,,,,,,,,,,,,,,,,,,,,,,,,,,,,,,,,,,,,,,,,,,,,,,,,,,,,,,,,,,,,,,,,,,,,,,,,,,,,,,,,,,,,,,,,,,,,,,,,,,,,,,,,,,,,,,,,,,,,,,,,,,,,,,,,,,,,,,,,,,,,,,,,,,,,,,,,,,,,,,,,,,,,,,,,,,,,,,,,,,,,,,,,,,,,,,,,,,,,,,,,,,,,,,,,,,,,,,,,,,,,,,,,,,,,,,,,,,,,,,,,,,,,,,,,,,,,,,,,,,,,,,,,,,,,,,,,,,,,,,,,,,,,,,,,,,,,,,,,,,,,
R144,,,,,,,,,,,,,,,,,,,,,,,,,,,,,,,,,,,,,,,,,,,,,,,,,,,,,,,,,,,,,,,,,,,,,,,,,,,,,,,,,,,,,,,,,,,,,,,,,,,,,,,,,,,,,,,,,,,,,,,,,,,,,,,,,,,,,,,,,,,,,,,,,,,,,,,,,,,,,,,,,,,,,,,,,,,,,,,,,,,,,,,,*/ʃˈɑlɪt͡ʃɑ/,,,,,,,,,,,,,,,,,,,,,,,,,,,,,,,,,,,,,,,,,,,,,,,,,,,,,,,,,,,,,,,,,,,,,,,,,,,,,,,,,,,,,,,,,,,,,,,,,,,,,,,,,,,,,,,,,,,,,,,,,,,,,,,,,,,,,,,,,,,,,,,,,,,,,,,,,,,,,,,,,,,,,,,,,,,,,,,,,,,,,,,,,,,,,,,,,,,,,,,,,,,,,,,,,,,,,,,,,,,,,,,,,,,,,,,,,,,,,,,,,,,,,,,,,,,,,,,,,,,,,,,,,,,,,,,,,,,,,,,,,,,,,,,,,,,,,,,,,,,,,,,,,,,,,,,,,,,,,,,,,,,,
R145,,,,,,,,,,,,,,,,,,,,,,,,,,,,,,,,,,,,,,,,,,,,,,,,,,,,,,,,,,,,,,,,,,,,,,,,,,,,,,,,,,,,,,,,,,,,,,,,,,,,,,,,,,,,,,,,,,,,,,,,,,,,,,,,,,,,,,,,,,,,,,,,,,,,,,,,,,,,,,,,,,,,,,,,,,,,,,,,,,,,,,,,,,,,,,,,,,,,,,,,,,,,,,,,,,,,,,,,,,,,,,,,,,,,,,,,,,,,,,,,,,,,,,,,,,,,,,,,,,,,,,,,,,,,,,,,,,,,,,,,,,,,,,,,,,,,,,,,,,,,,,,,,,,,,,,,,,,,,,,,,,,,,,,,,,,,,,,,,,,,,,,,,,,,,,,,,,,,,,,,,,,,,,,,,,,,,,,,,,,,,,,,,,,,,,,,,,,,,,,,,,,,,,,,,,,,,,,,,,,,,,,,,,,,,,,,,,,,,,,,,,,,,,,,,,,,,,,,,,,,,,,,,,,,,,,,,,,,,,,,,,,,,,,,,,,,,,,,,,,,,,,,,,,,
R146,,,,,,,,,,,,,,,,,,,,,*/ˌɒɡrˈɒ?0ɑ/,,,,,,,,,,,,,,,,,,,,,,,,,,,,,,,,,,,,,,,,,,,,,,,,,,,,,,,,,,,,,,,,,,,,,,,,,,,,,,,,,,,,,,,,,,,,,,,,,,,,,,,,,,,,,,,,,,,,,,,,,,,,,,,,,,,,,,,,,,,,,,,,,,,,,,,,,,,,,,,,,,,,,,,,,,,,,,,,,,,,,,,,,,,,,,,,,,,,,,,,,,,,,,,,,,,,,,,,,,,,,,,,,,,,,,,,,,,,,,,,,,,,,,,,,,,,,,,,,,,,,,,,,,,,,,,,,,,,,,,,,,,,,,,,,,,,,,,,,,,,,,,,,,,,,,,,,,,,,,,,,,,,,,,,,,,,,,,,,,,,,,,,,,,,,,,,,,,,,,,,,,,,,,,,,,,,,,,,,,,,,,,,,,,,,,,,,,*/bˈɑ?0̊ʊ/,,,,,,,,,,,,,,,,,,,,,,,,,,,,,,,,,,,,,,,,,,,,,,,,,,,,,,,,,,,,,,,,,,,,,,,,,,,,,,,,,,,,,,,,,,,,,
R147,,,,,,,,,,,,,,,,,,,,,*/ˌɒɡrˈɒ?1ɑ/,,,,,,,,,,,,,,,,,,,,,,,,*/krˌi?2ˈɑtɪ/,*/kˌɒr?2ˈunə/,,,,,,*/kˈʊr?2ɪ/,,,,,,,,,,,,,,,,,,,,,,,,,,,,,,,,,,,,,,,,,,,,,,,,,,,,,,,,,,,,,*/ɡˌʊrdlˈɑ?2ɪ/,,,,,,,,,,,,,,,,,,,,,,,,,,,,,,,,,,,,,,,,,,,,,,,,,,,,*/?2ˌɪrnˈɑwɑ/,,,,,,*/?2ˈɛrdɑ/,*/?2ˈɪrnʊ/,,,,,,,,,,,*/ʃ?2ˈɛtʊkɑ/,*/ʃˈɑlɪ?2ɑ/,,,,*/ʃˌuːˈɛ?2ɪ/,,,,,,,,,,,,*/ʃtˌɒpˈɑn?2̬ɑ/,,,,,,,,,,,,,,,,,,,,,,,,,,,,,,,,,,,,,,,,,,,,,,,,,,*/?2ˈɑrɑ/,*/?2ˈɑrɪbɑ/,*/?2ˌɪrnˈidlʊ/,*/?2ˌɪrnˈikʊ/,,*/?2ˈɪrmɑ/,*/?2ˈitɑ/,*/?2ˈubʊ/,,,,,,,,,,,,,,,,,,,,,,,,,,,,,,,,,,,,,,,,,,,,,,,,,,,,,,,,,,,,,,,,,,,,,,,,,,,,,,,,,,,,,,,*/rˌɒɡɒwˈɪ?2ɪkɑ/,,,,,,,,,,,,,,,,,,,,,,,,,,,,,,,,,,,,,,,,,,,,,,,*/pˌɒrɒ̃?2ˈitɪ/,,,,,,,,,,,,,,,,,,,,,,,,*/bˈɑ?1̊ʊ/,,,,,,,,,,,,,,,,,,,*/bˈi?2ɪkʊ/,,,,,,,,,,,,,,,,,,,*/brˈi?2ɪkʊ/,*/brˈi?2ɪkɑ/,,,,,,,,,,,,,,,,,,,,,,,,,,,,,,,,,,,,,,,,,,,,,,,,,,,,,,
=Late Proto-Albanian II,null{ABSENT},null{ABSENT},null{ABSENT},null{ABSENT},null*/xˌɒrbˈɪlɪ/,null{ABSENT},null{ABSENT},null{ABSENT},null{ABSENT},null{ABSENT},null{ABSENT},null*/jˌɑrˈɒwʊ/,null*/ˈæzʊ/,null{ABSENT},null*/ˈɛzɛrʊ/,null{ABSENT},null{ABSENT},null{ABSENT},null{ABSENT},null{ABSENT},null*/ˌɒɡrˈɒ?1ɑ/,null{ABSENT},null*/ˌɒrɒ̃dˈɪjɛ/,null{ABSENT},null*/ˌɒbʊpˈɪnʊkɑ/,null{ABSENT},null*/ˌɒblˈɒ̃kʊ/,null{ABSENT},null{ABSENT},null{ABSENT},null{ABSENT},null{ABSENT},null{ABSENT},null{ABSENT},null{ABSENT},null{ABSENT},null*/kˌɒlˈɨbɑ/,null*/kˌɒrwˈɑʎɑ/,null*/kˌɒrˈɪt͡sɑ/,null*/kˌɒrˈɯtɒ/,null*/kˌɒrˈupʊ/,null{ABSENT},null*/kˌɑmɛnˈit͡sɑ/,null{ABSENT},null*/krˌi?2ˈɑtɪ/,null*/kˌɒr?2ˈunə/,null{ABSENT},null*/kˌɑpˈuʎɑ/,null*/kˌɑmˈiʃtɪ/,null{ABSENT},null*/kˈɒ̃tʊ/,null*/kˈʊr?2ɪ/,null{ABSENT},null{ABSENT},null{ABSENT},null{ABSENT},null{ABSENT},null*/kˌɒlˈɛʃʊkɑ/,null{ABSENT},null{ABSENT},null{ABSENT},null{ABSENT},null{ABSENT},null{ABSENT},null{ABSENT},null{ABSENT},null{ABSENT},null{ABSENT},null{ABSENT},null{ABSENT},null{ABSENT},null{ABSENT},null{ABSENT},null{ABSENT},null{ABSENT},null{ABSENT},null*/kˈɒrʊdɑ/,null{ABSENT},null{ABSENT},null*/kˌɑlpˈitɪ/,null*/kˈɑlpɑ/,null{ABSENT},null{ABSENT},null*/kˌɯʃˈɒwɑ/,null{ABSENT},null*/kˌupælnˈikʊ/,null*/kˈɯkɑ/,null{ABSENT},null{ABSENT},null*/kˈɯlɑ/,null*/kˈʊlbɑ/,null{ABSENT},null{ABSENT},null{ABSENT},null*/krˌɑxˈitɪ/,null*/krˌɑxˈinɑ/,null*/ɡˌɒtˈɒwɔɲ/,null*/ɡˌɒlˈinɑ/,null{ABSENT},null{ABSENT},null{ABSENT},null*/ɡˈɒlwɑ/,null{ABSENT},null*/ɡˌʊltˈitɪ/,null*/kˌʊlbˈɑzɑ/,null*/kˌʊrxˈɑtɪ/,null{ABSENT},null{ABSENT},null{ABSENT},null{ABSENT},null{ABSENT},null*/ɡˌʊrdˈitɪ/,null*/ɡˌʊrdlˈɑ?2ɪ/,null{ABSENT},null*/ɡrˌɒmˈɑdɑ/,null{ABSENT},null{ABSENT},null{ABSENT},null{ABSENT},null{ABSENT},null{ABSENT},null*/ɡˌɒrɪnˈit͡sɑ/,null{ABSENT},null{ABSENT},null*/ɡwˈɒzdɑ/,null*/ɡˌɒlwɪnˈikʊ/,null*/ɡˌɒlwˈinɑ/,null{ABSENT},null{ABSENT},null{ABSENT},null{ABSENT},null{ABSENT},null{ABSENT},null*/ɡrˈɒzdɪlɪ/,null*/ɡˈʊrʃtɪ/,null*/lˠˌɒpˈuʃɪ/,null*/lˠˌɒpˈuʃɑ/,null*/lˠˈɒʃkɑ/,null*/lˠˈɑzɪt͡sɑ/,null*/lˠˈɒzʊkɑ/,null*/lˠˈɒzɒrɑ/,null*/lˠˈɒ̃ɡɑ/,null{ABSENT},null{ABSENT},null{ABSENT},null{ABSENT},null{ABSENT},null{ABSENT},null{ABSENT},null{ABSENT},null{ABSENT},null{ABSENT},null*/klˌɛpˈɑdlɒ/,null*/klˈɛpʊ/,null{ABSENT},null{ABSENT},null{ABSENT},null{ABSENT},null{ABSENT},null{ABSENT},null{ABSENT},null{ABSENT},null{ABSENT},null{ABSENT},null*/?2ˌɪrnˈɑwɑ/,null{ABSENT},null{ABSENT},null{ABSENT},null{ABSENT},null{ABSENT},null*/?2ˈɛrdɑ/,null*/?2ˈɪrnʊ/,null{ABSENT},null{ABSENT},null{ABSENT},null{ABSENT},null{ABSENT},null{ABSENT},null{ABSENT},null*/ʃˈɑkɑ/,null*/ʃˈɒrɑ/,null*/ʃˈɑpʊ/,null*/ʃ?2ˈɛtʊkɑ/,null*/ʃˈɑlɪ?2ɑ/,null*/ʃˈɛ̃brʊ/,null*/ʃˌitˈɒwɑ/,null{ABSENT},null*/ʃˌuːˈɛ?2ɪ/,null*/ʃˈɒpʊ/,null*/ʃkˌɒwɒrdˈɪt͡sɪ/,null*/ʃkˌɒpˈitɪ/,null*/ʃkrˈɑpi/,null*/ʃˌuʃˈit͡sɑ/,null*/ʃˌɯpʎˈɑkɑ/,null*/ʃˈʊlʊɑ/,null{ABSENT},null*/ʃlˈɒtɑ/,null*/ʃtˌʊrmˈɛnnɛ/,null*/ʃtˌɒpˈɑɲɑ/,null*/ʃtˌɒpˈɑn?2̬ɑ/,null*/ʃtˌɒpɑnˈɛʃɑ/,null*/ʃtˌɒpˈɑnʊ/,null*/ʃtˈɯɲɑ/,null*/ʃtrˈɑʒɑ/,null{ABSENT},null{ABSENT},null*/tˌʊrkˈɑtɪ/,null*/tˌɪrpˈætɪ/,null*/tˈɒ̃ɡɑ/,null{ABSENT},null{ABSENT},null*/tˌɑjˈinɑ/,null{ABSENT},null{ABSENT},null{ABSENT},null{ABSENT},null*/tˌɒrˈɒwʊ/,null{ABSENT},null{ABSENT},null*/tˈɒpɒrʊ/,null{ABSENT},null*/tˈɯɲɑ/,null{ABSENT},null{ABSENT},null*/trˈɪʃʊ/,null*/tˈɪrʃu/,null{ABSENT},null{ABSENT},null{ABSENT},null*/dˌɛʃnˈit͡sɑ/,null{ABSENT},null{ABSENT},null{ABSENT},null{ABSENT},null*/dˈɪbrjʊ/,null{ABSENT},null{ABSENT},null{ABSENT},null{ABSENT},null{ABSENT},null{ABSENT},null{ABSENT},null*/drˈɒ̃ɡʊ/,null{ABSENT},null{ABSENT},null*/drˈɒkʊ/,null*/drˈɒbɪnit͡sɑ/,null*/t͡sˌælˈikʊ/,null{ABSENT},null*/?2ˈɑrɑ/,null*/?2ˈɑrɪbɑ/,null*/?2ˌɪrnˈidlʊ/,null*/?2ˌɪrnˈikʊ/,null{ABSENT},null*/?2ˈɪrmɑ/,null*/?2ˈitɑ/,null*/?2ˈubʊ/,null{ABSENT},null{ABSENT},null{ABSENT},null{ABSENT},null{ABSENT},null{ABSENT},null{ABSENT},null{ABSENT},null{ABSENT},null{ABSENT},null{ABSENT},null{ABSENT},null{ABSENT},null{ABSENT},null{ABSENT},null{ABSENT},null{ABSENT},null{ABSENT},null{ABSENT},null{ABSENT},null{ABSENT},null{ABSENT},null{ABSENT},null{ABSENT},null{ABSENT},null{ABSENT},null{ABSENT},null{ABSENT},null{ABSENT},null{ABSENT},null{ABSENT},null{ABSENT},null{ABSENT},null{ABSENT},null*/zˌɑbˈɔːjɪ/,null*/zˌɒ̃bˈiʃtɪ/,null*/zˌɒ̃bʊlˈɑkʊ/,null*/zˈɒ̃bʊʃæ/,null*/zˈɯʃɑ/,null{ABSENT},null*/zwˌærˈiʃtɛ/,null*/nˌɛrˈɑnt͡sɑ/,null{ABSENT},null{ABSENT},null{ABSENT},null{ABSENT},null{ABSENT},null{ABSENT},null{ABSENT},null*/ˌɒlkɒmˈɪjɛ/,null*/lˌæʃˈɒwɑ/,null{ABSENT},null*/lˌɑbˈɒwɑ/,null*/ˈɒlkɒmʊ/,null{ABSENT},null*/lˈɑbʊ/,null*/lˌɒ̃ɡʊ/,null*/lˌɛ̃dˈinɑ/,null*/lˈɒ̃ɡʊʃkɑ/,null{ABSENT},null*/lˌæʃɪnˈit͡sɑ/,null{ABSENT},null{ABSENT},null*/lˈæʃɑ/,null*/lˈæʃɪɲɑ/,null{ABSENT},null{ABSENT},null{ABSENT},null*/lˈixɒ/,null{ABSENT},null{ABSENT},null{ABSENT},null{ABSENT},null{ABSENT},null{ABSENT},null*/ʎˈutʊʃɑ/,null*/ʎˈutɑ/,null{ABSENT},null{ABSENT},null*/rˌɑdˈimɑ/,null*/wˌɒrbˈɪt͡sɪ/,null*/rˈɒwɑ/,null*/rˈɒwʊkɑ/,null{ABSENT},null*/rˈɛ̃dʊ/,null{ABSENT},null*/rˌɒɡɒwˈɪ?2ɪkɑ/,null{ABSENT},null{ABSENT},null{ABSENT},null{ABSENT},null{ABSENT},null{ABSENT},null{ABSENT},null*/rˌɒ̃ɡˈɑtɪ/,null*/rˌɒɡɒʒˈinɑ/,null{ABSENT},null{ABSENT},null*/rˈɑklɑ/,null{ABSENT},null*/ˈɒrβɛʃʊ/,null*/rˌækˈɒjɒ̃/,null*/rˌɒɡˈɑlɑ/,null{ABSENT},null*/rˌɒpˈɑkʊ/,null*/rˈɒɡɑ/,null*/rˈɒʒɪkʊ/,null*/rˈunɒ/,null{ABSENT},null*/pˌɒdʊkˈɒwʊ/,null{ABSENT},null{ABSENT},null*/pˌɒɡˈɑɲ/,null*/pˌɒɡˈɑnɑ/,null*/pˌɒ̃dˈɑrɪ/,null*/pˌɒkrˈɒwɑ/,null{ABSENT},null{ABSENT},null{ABSENT},null{ABSENT},null{ABSENT},null*/pˈiʃkɑ/,null{ABSENT},null{ABSENT},null{ABSENT},null{ABSENT},null{ABSENT},null*/pˌɒdʊkˈɒwʊ/,null{ABSENT},null{ABSENT},null{ABSENT},null{ABSENT},null*/pˌɒrˈɛ̃dʊ/,null*/pˌɒrɒ̃?2ˈitɪ/,null*/pˌɒbrˈitɪ/,null{ABSENT},null{ABSENT},null{ABSENT},null{ABSENT},null*/plˈɒʃkɑ/,null*/pˈɒlʃkɑ/,null{ABSENT},null{ABSENT},null{ABSENT},null*/pˈɯrjɪ/,null*/pˌɒlʃtnˈikʊ/,null{ABSENT},null{ABSENT},null*/pˌɛlˈɛnʊkɑ/,null{ABSENT},null*/prˈɒxɪ/,null{ABSENT},null{ABSENT},null{ABSENT},null*/bˌɒɡɑtˈɪjɛ/,null{ABSENT},null*/bˌɑrðʊmˈɒʃɪ/,null*/bˈɑ?1̊ʊ/,null{ABSENT},null*/bˌɒɡˈɑtɑ/,null{ABSENT},null*/brˌæʃtɪnˈikʊ/,null*/bˌʊrtwˈɑtɪ/,null*/bˌærd͡zˈɑnɑ/,null{ABSENT},null{ABSENT},null*/bˌɛlbˈit͡sɑ/,null{ABSENT},null{ABSENT},null{ABSENT},null{ABSENT},null{ABSENT},null*/ˌɒbʊwˈɪrtkʊ/,null*/bˌæʃɪnˈit͡sɑ/,null{ABSENT},null{ABSENT},null*/bˈi?2ɪkʊ/,null{ABSENT},null{ABSENT},null{ABSENT},null{ABSENT},null*/bˌɯwɒlˈit͡sɑ/,null*/bˌʊrlˈɒɡʊ/,null{ABSENT},null*/bˌɯʃtrˈit͡sɑ/,null*/bˈɯwɒlʊ/,null*/bˈɯʃtrʊ/,null{ABSENT},null{ABSENT},null{ABSENT},null{ABSENT},null{ABSENT},null{ABSENT},null{ABSENT},null{ABSENT},null*/brˈi?2ɪkʊ/,null*/brˈi?2ɪkɑ/,null*/xˈɒldʊ/,null*/wˌɒlkˈɒwʊ/,null*/ʃʊwˌɪrʃtɪnˈikʊ/,null*/wˌɪrtˈætɪ/,null{ABSENT},null*/wˌɪrwˈitɪ/,null*/wˌɪrbɪnˈikʊ/,null{ABSENT},null{ABSENT},null{ABSENT},null{ABSENT},null*/wˌirˈɒwʊ/,null{ABSENT},null{ABSENT},null{ABSENT},null*/ˈɒkɒlʊ/,null{ABSENT},null*/ˈɒbɑɡ/,null*/wˌʊlkɒdlˈɑkʊ/,null*/wˈɒrnʊ/,null{ABSENT},null*/ˌɒwɪrˈɑɡɑ/,null{ABSENT},null*/mˌɒtˈɯkɑ/,null{ABSENT},null{ABSENT},null{ABSENT},null{ABSENT},null{ABSENT},null{ABSENT},null*/mˌɒɡˈɯlɑ/,null*/mˌɛrʃˈinɑ/,null{ABSENT},null{ABSENT},null{ABSENT},null{ABSENT},null{ABSENT},null*/mˌælˈinʊkɑ/,null{ABSENT},null{ABSENT},null*/mˌɒldˈikɑ/,null*/mˌʊdɪlˈitɪ/,null{ABSENT},null{ABSENT},null*/mˌɒrβˈit͡sɑ/,null{ABSENT},null{ABSENT},null{ABSENT},null{ABSENT},null{ABSENT},null*/mˈʊzɡɒ/,null{ABSENT},null*/ɪnbˌuxˈɑtɪ/,null*/ɪnpˈɒrzdɪnʊ/
R148,,,,,,,,,,,,,,,,,,,,,,,,,,,,,,,,,,,,,,,,,,,,,,,,,,,,,,,,,,,,,,,,,,,,,,,,,,,,,,,,,,,,,,,,,,,,,,,,,,,,,,,,,,,,,,,,,,,,,,,,,,,,,,,,,,,,,,,,,,,,,,,,,,,,,,,,,,,,,,,,,,,,,,,,,,,,,,,,,,,,,,,,,,,,,,,,,,,,,,,,,,,,,,,,,,,,,,,,,,,,,,,,,,,,,,,,,,,,,,,,,,,,,,,,,,,,,,,,,,,,,,,,,,,,,,,,,,,,,,,,,,,,,,,,,,,,,,,,,,,,,,,,,,,,,,,,,,,,,,,,,,,,,,,,,,,,,,,,,,,,,,,,,,,,,,,,,,,,,,,,,,,,,,,,,,,,,,,,,,,,,,,,,,,,,,,,,,,,,,,,,,,,,,,,,,,,,,,,,,,,,,,,,,,,,,,,,,,,,,,,,,,,,,,,,,,,,,,,,,,,,,,,,,,,,,,,,,,,,,,,,,,,,,,,,,,,,,,,,,,,,,,,,,,,
=Late Proto-Albanian III,null{ABSENT},null{ABSENT},null{ABSENT},null{ABSENT},null*/xˌɒrbˈɪlɪ/,null{ABSENT},null{ABSENT},null*/xˌɒɾmˈɒβɑ/,null{ABSENT},null{ABSENT},null{ABSENT},null*/jˌɑrˈɒwʊ/,null*/ˈæzʊ/,null{ABSENT},null*/ˈɛzɛrʊ/,null{ABSENT},null{ABSENT},null{ABSENT},null{ABSENT},null{ABSENT},null*/ˌɒɡrˈɒ?1ɑ/,null{ABSENT},null*/ˌɒrɒ̃dˈɪjɛ/,null{ABSENT},null*/ˌɒbʊpˈɪnʊkɑ/,null{ABSENT},null*/ˌɒblˈɒ̃kʊ/,null{ABSENT},null{ABSENT},null{ABSENT},null{ABSENT},null{ABSENT},null{ABSENT},null{ABSENT},null{ABSENT},null{ABSENT},null*/kˌɒlˈɨbɑ/,null*/kˌɒrwˈɑʎɑ/,null*/kˌɒrˈɪt͡sɑ/,null*/kˌɒrˈɯtɒ/,null*/kˌɒrˈupʊ/,null{ABSENT},null*/kˌɑmɛnˈit͡sɑ/,null{ABSENT},null*/krˌi?2ˈɑtɪ/,null*/kˌɒr?2ˈunə/,null{ABSENT},null*/kˌɑpˈuʎɑ/,null*/kˌɑmˈiʃtɪ/,null{ABSENT},null*/kˈɒ̃tʊ/,null*/kˈʊr?2ɪ/,null{ABSENT},null{ABSENT},null{ABSENT},null{ABSENT},null{ABSENT},null*/kˌɒlˈɛʃʊkɑ/,null{ABSENT},null{ABSENT},null{ABSENT},null{ABSENT},null{ABSENT},null{ABSENT},null*/kˌɒpɾˈɪ̃nɪsɪkɑ/,null{ABSENT},null{ABSENT},null{ABSENT},null{ABSENT},null*/kˈɒzɪlɪt͡sɑ/,null{ABSENT},null{ABSENT},null{ABSENT},null{ABSENT},null{ABSENT},null{ABSENT},null*/kˈɒrʊdɑ/,null{ABSENT},null{ABSENT},null*/kˌɑlpˈitɪ/,null*/kˈɑlpɑ/,null*/kˌɒlt͡ʃˈitɪ/,null{ABSENT},null*/kˌɯʃˈɒwɑ/,null{ABSENT},null*/kˌupælnˈikʊ/,null*/kˈɯkɑ/,null*/kˈut͡ʃɛ̃/,null*/kˈutɛ̃/,null*/kˈɯlɑ/,null*/kˈʊlbɑ/,null{ABSENT},null{ABSENT},null{ABSENT},null*/krˌɑxˈitɪ/,null*/krˌɑxˈinɑ/,null*/ɡˌɒtˈɒwɔɲ/,null*/ɡˌɒlˈinɑ/,null{ABSENT},null{ABSENT},null*/ɡˈɑʎɪkɑ/,null*/ɡˈɒlwɑ/,null*/ɡˈɑʎɑ/,null*/ɡˌʊltˈitɪ/,null*/kˌʊlbˈɑzɑ/,null*/kˌʊrxˈɑtɪ/,null{ABSENT},null{ABSENT},null{ABSENT},null*/ɡˌɒɾdˈɛt͡s/,null{ABSENT},null*/ɡˌʊrdˈitɪ/,null*/ɡˌʊrdlˈɑ?2ɪ/,null{ABSENT},null*/ɡrˌɒmˈɑdɑ/,null{ABSENT},null{ABSENT},null{ABSENT},null{ABSENT},null*/ɡˌɒstˈɪ̃nɪsɪkɑ/,null{ABSENT},null*/ɡˌɒrɪnˈit͡sɑ/,null{ABSENT},null{ABSENT},null*/ɡwˈɒzdɑ/,null*/ɡˌɒlwɪnˈikʊ/,null*/ɡˌɒlwˈinɑ/,null{ABSENT},null{ABSENT},null{ABSENT},null{ABSENT},null{ABSENT},null{ABSENT},null*/ɡrˈɒzdɪlɪ/,null*/ɡˈʊrʃtɪ/,null*/lˠˌɒpˈuʃɪ/,null*/lˠˌɒpˈuʃɑ/,null*/lˠˈɒʃkɑ/,null*/lˠˈɑzɪt͡sɑ/,null*/lˠˈɒzʊkɑ/,null*/lˠˈɒzɒrɑ/,null*/lˠˈɒ̃ɡɑ/,null*/lˌɒmˈitɪ/,null*/lˈɒskɑ/,null*/lˈɯkɑ/,null{ABSENT},null{ABSENT},null{ABSENT},null{ABSENT},null{ABSENT},null{ABSENT},null{ABSENT},null*/klˌɛpˈɑdlɒ/,null*/klˈɛpʊ/,null*/kʎˈut͡ʃɪ/,null{ABSENT},null*/ɡlˌɒ̃bɒt͡ʃˈɑɾɪ/,null{ABSENT},null{ABSENT},null{ABSENT},null{ABSENT},null{ABSENT},null*/t͡ʃˈɑpəkɑ/,null{ABSENT},null*/?2ˌɪrnˈɑwɑ/,null{ABSENT},null{ABSENT},null{ABSENT},null{ABSENT},null{ABSENT},null*/?2ˈɛrdɑ/,null*/?2ˈɪrnʊ/,null{ABSENT},null{ABSENT},null{ABSENT},null{ABSENT},null{ABSENT},null{ABSENT},null{ABSENT},null*/ʃˈɑkɑ/,null*/ʃˈɒrɑ/,null*/ʃˈɑpʊ/,null*/ʃ?2ˈɛtʊkɑ/,null*/ʃˈɑlɪ?2ɑ/,null*/ʃˈɛ̃brʊ/,null*/ʃˌitˈɒwɑ/,null{ABSENT},null*/ʃˌuːˈɛ?2ɪ/,null*/ʃˈɒpʊ/,null*/ʃkˌɒwɒrdˈɪt͡sɪ/,null*/ʃkˌɒpˈitɪ/,null*/ʃkrˈɑpi/,null*/ʃˌuʃˈit͡sɑ/,null*/ʃˌɯpʎˈɑkɑ/,null*/ʃˈʊlʊɑ/,null{ABSENT},null*/ʃlˈɒtɑ/,null*/ʃtˌʊrmˈɛnnɛ/,null*/ʃtˌɒpˈɑɲɑ/,null*/ʃtˌɒpˈɑn?2̬ɑ/,null*/ʃtˌɒpɑnˈɛʃɑ/,null*/ʃtˌɒpˈɑnʊ/,null*/ʃtˈɯɲɑ/,null*/ʃtrˈɑʒɑ/,null{ABSENT},null{ABSENT},null*/tˌʊrkˈɑtɪ/,null*/tˌɪrpˈætɪ/,null*/tˈɒ̃ɡɑ/,null{ABSENT},null{ABSENT},null*/tˌɑjˈinɑ/,null{ABSENT},null*/tˌɒt͡ʃˈiðlɑ/,null{ABSENT},null{ABSENT},null*/tˌɒrˈɒwʊ/,null{ABSENT},null{ABSENT},null*/tˈɒpɒrʊ/,null{ABSENT},null*/tˈɯɲɑ/,null{ABSENT},null{ABSENT},null*/trˈɪʃʊ/,null*/tˈɪrʃu/,null*/trˌɒ̃tˈitɪ/,null{ABSENT},null{ABSENT},null*/dˌɛʃnˈit͡sɑ/,null{ABSENT},null{ABSENT},null{ABSENT},null{ABSENT},null*/dˈɪbrjʊ/,null{ABSENT},null{ABSENT},null{ABSENT},null{ABSENT},null{ABSENT},null{ABSENT},null{ABSENT},null*/drˈɒ̃ɡʊ/,null{ABSENT},null{ABSENT},null*/drˈɒkʊ/,null*/drˈɒbɪnit͡sɑ/,null*/t͡sˌælˈikʊ/,null{ABSENT},null*/?2ˈɑrɑ/,null*/?2ˈɑrɪbɑ/,null*/?2ˌɪrnˈidlʊ/,null*/?2ˌɪrnˈikʊ/,null{ABSENT},null*/?2ˈɪrmɑ/,null*/?2ˈitɑ/,null*/?2ˈubʊ/,null*/sˈɑɲɑ/,null*/sˈænɑ/,null{ABSENT},null{ABSENT},null{ABSENT},null{ABSENT},null{ABSENT},null*/sˌɛ̃jˈitɪ/,null{ABSENT},null{ABSENT},null{ABSENT},null{ABSENT},null*/sˌɒ̃dˈɔɲ/,null{ABSENT},null{ABSENT},null*/skˌɒɾlˈupɑ/,null*/skrˈɒβnɑ/,null{ABSENT},null{ABSENT},null{ABSENT},null*/sˈukulɒ/,null{ABSENT},null*/slˈufuɾɛ/,null{ABSENT},null{ABSENT},null{ABSENT},null{ABSENT},null{ABSENT},null{ABSENT},null{ABSENT},null{ABSENT},null{ABSENT},null{ABSENT},null{ABSENT},null*/zˌɑbˈɔːjɪ/,null*/zˌɒ̃bˈiʃtɪ/,null*/zˌɒ̃bʊlˈɑkʊ/,null*/zˈɒ̃bʊʃæ/,null*/zˈɯʃɑ/,null{ABSENT},null*/zwˌærˈiʃtɛ/,null*/nˌɛrˈɑnt͡sɑ/,null{ABSENT},null{ABSENT},null{ABSENT},null{ABSENT},null{ABSENT},null{ABSENT},null{ABSENT},null*/ˌɒlkɒmˈɪjɛ/,null*/lˌæʃˈɒwɑ/,null{ABSENT},null*/lˌɑbˈɒwɑ/,null*/ˈɒlkɒmʊ/,null{ABSENT},null*/lˈɑbʊ/,null*/lˌɒ̃ɡʊ/,null*/lˌɛ̃dˈinɑ/,null*/lˈɒ̃ɡʊʃkɑ/,null{ABSENT},null*/lˌæʃɪnˈit͡sɑ/,null{ABSENT},null{ABSENT},null*/lˈæʃɑ/,null*/lˈæʃɪɲɑ/,null{ABSENT},null{ABSENT},null{ABSENT},null*/lˈixɒ/,null{ABSENT},null{ABSENT},null{ABSENT},null{ABSENT},null*/ʎˌuxˈɑtɪ/,null{ABSENT},null*/ʎˈutʊʃɑ/,null*/ʎˈutɑ/,null{ABSENT},null*/rˌɑɡˈɑlɪ/,null*/rˌɑdˈimɑ/,null*/wˌɒrbˈɪt͡sɪ/,null*/rˈɒwɑ/,null*/rˈɒwʊkɑ/,null{ABSENT},null*/rˈɛ̃dʊ/,null{ABSENT},null*/rˌɒɡɒwˈɪ?2ɪkɑ/,null{ABSENT},null{ABSENT},null{ABSENT},null{ABSENT},null{ABSENT},null{ABSENT},null{ABSENT},null*/rˌɒ̃ɡˈɑtɪ/,null*/rˌɒɡɒʒˈinɑ/,null{ABSENT},null{ABSENT},null*/rˈɑklɑ/,null{ABSENT},null*/ˈɒrβɛʃʊ/,null*/rˌækˈɒjɒ̃/,null*/rˌɒɡˈɑlɑ/,null*/rˈɛ̃sɪkɑ/,null*/rˌɒpˈɑkʊ/,null*/rˈɒɡɑ/,null*/rˈɒʒɪkʊ/,null*/rˈunɒ/,null{ABSENT},null*/pˌɒdʊkˈɒwʊ/,null{ABSENT},null{ABSENT},null*/pˌɒɡˈɑɲ/,null*/pˌɒɡˈɑnɑ/,null*/pˌɒ̃dˈɑrɪ/,null*/pˌɒkrˈɒwɑ/,null{ABSENT},null{ABSENT},null{ABSENT},null{ABSENT},null{ABSENT},null*/pˈiʃkɑ/,null*/pˈɨɾjɪ/,null{ABSENT},null{ABSENT},null{ABSENT},null{ABSENT},null*/pˌɒdʊkˈɒwʊ/,null{ABSENT},null{ABSENT},null{ABSENT},null{ABSENT},null*/pˌɒrˈɛ̃dʊ/,null*/pˌɒrɒ̃?2ˈitɪ/,null*/pˌɒbrˈitɪ/,null{ABSENT},null{ABSENT},null{ABSENT},null{ABSENT},null*/plˈɒʃkɑ/,null*/pˈɒlʃkɑ/,null{ABSENT},null{ABSENT},null*/pˌɒsˈʊlɑ/,null*/pˈɯrjɪ/,null*/pˌɒlʃtnˈikʊ/,null{ABSENT},null{ABSENT},null*/pˌɛlˈɛnʊkɑ/,null*/pʎˈuskɑ/,null*/prˈɒxɪ/,null{ABSENT},null*/prˌɒ̃dˈitɪ/,null*/pˌɒbɾɑtˈimə/,null*/bˌɒɡɑtˈɪjɛ/,null{ABSENT},null*/bˌɑrðʊmˈɒʃɪ/,null*/bˈɑ?1̊ʊ/,null{ABSENT},null*/bˌɒɡˈɑtɑ/,null{ABSENT},null*/brˌæʃtɪnˈikʊ/,null*/bˌʊrtwˈɑtɪ/,null*/bˌærd͡zˈɑnɑ/,null{ABSENT},null{ABSENT},null*/bˌɛlbˈit͡sɑ/,null{ABSENT},null*/bˌæləɡrˈɑt/,null{ABSENT},null{ABSENT},null{ABSENT},null*/ˌɒbʊwˈɪrtkʊ/,null*/bˌæʃɪnˈit͡sɑ/,null*/bˌɛsˈædɑ/,null{ABSENT},null*/bˈi?2ɪkʊ/,null{ABSENT},null{ABSENT},null{ABSENT},null{ABSENT},null*/bˌɯwɒlˈit͡sɑ/,null*/bˌʊrlˈɒɡʊ/,null{ABSENT},null*/bˌɯʃtrˈit͡sɑ/,null*/bˈɯwɒlʊ/,null*/bˈɯʃtrʊ/,null{ABSENT},null*/bˌælˈuʃɪ/,null*/bʎˈudɒ/,null{ABSENT},null{ABSENT},null{ABSENT},null{ABSENT},null{ABSENT},null*/brˈi?2ɪkʊ/,null*/brˈi?2ɪkɑ/,null*/xˈɒldʊ/,null*/wˌɒlkˈɒwʊ/,null*/ʃʊwˌɪrʃtɪnˈikʊ/,null*/wˌɪrtˈætɪ/,null{ABSENT},null*/wˌɪrwˈitɪ/,null*/wˌɪrbɪnˈikʊ/,null{ABSENT},null{ABSENT},null*/βˌɛlˈɛnt͡sa/,null{ABSENT},null*/wˌirˈɒwʊ/,null{ABSENT},null{ABSENT},null{ABSENT},null*/ˈɒkɒlʊ/,null{ABSENT},null*/ˈɒbɑɡ/,null*/wˌʊlkɒdlˈɑkʊ/,null*/wˈɒrnʊ/,null{ABSENT},null*/ˌɒwɪrˈɑɡɑ/,null{ABSENT},null*/mˌɒtˈɯkɑ/,null{ABSENT},null{ABSENT},null{ABSENT},null{ABSENT},null{ABSENT},null{ABSENT},null*/mˌɒɡˈɯlɑ/,null*/mˌɛrʃˈinɑ/,null{ABSENT},null{ABSENT},null{ABSENT},null{ABSENT},null{ABSENT},null*/mˌælˈinʊkɑ/,null{ABSENT},null{ABSENT},null*/mˌɒldˈikɑ/,null*/mˌʊdɪlˈitɪ/,null{ABSENT},null{ABSENT},null*/mˌɒrβˈit͡sɑ/,null*/mˌɒɾɒβˈinɑ/,null{ABSENT},null{ABSENT},null{ABSENT},null*/mˌʊʒˈɪ̃nɪskɑ/,null*/mˈʊzɡɒ/,null{ABSENT},null*/ɪnbˌuxˈɑtɪ/,null*/ɪnpˈɒrzdɪnʊ/
R149,*/ˌɶrɡˈɶβa/,*/ˌɶrkˈɨta/,*/ˌɶrdɛnˈit͡sa/,*/ˌaβˈitɪ/,*/xˌɶrbˈɪlɪ/,*/xˌabˈitɪ/,*/xˌɨtˈatɪ/,*/xˌɶɾmˈɶβa/,*/xˈɔːra/,*/xˌukˈatɪ/,*/jˌarˈina/,*/jˌarˈɶwʊ/,,*/jˈarɪmʊ/,,,,*/jˈɪskra/,*/ˈiβa/,*/ˌɶbʊkˈɨta/,*/ˌɶɡrˈɶ?1a/,*/ˌɶtˈaβa/,*/ˌɶrɶ̃dˈɪjɛ/,*/ˌɶbʊrˈɶkʊ/,*/ˌɶbʊpˈɪnʊka/,*/ˌɶbβˈɶrʊ/,*/ˌɶblˈɶ̃kʊ/,,*/kˌɶt͡ʃurˈɛlʊ/,*/kˌɶt͡ʃˈulʊ/,*/kˌɶt͡ʃˈuba/,*/kˌɶt͡ʃˈubɛlɪ/,*/kˌadˈitɪ/,*/kˌastraβˈɪt͡sɪ/,*/kˌasnˈɪt͡sɪ/,*/kˌalibˈɶbʊ/,*/kˌɶlˈɨba/,*/kˌɶrwˈaʎa/,*/kˌɶrˈɪt͡sa/,*/kˌɶrˈɯtɶ/,*/kˌɶrˈupʊ/,*/kˌapˈitɪ/,*/kˌamɛnˈit͡sa/,*/tʊkˈat͡ʃɪ/,*/krˌi?2ˈatɪ/,*/kˌɶr?2ˈunə/,*/kˌʊrbˈat͡ʃɪ/,*/kˌapˈuʎa/,*/kˌamˈiʃtɪ/,,*/kˈɶ̃tʊ/,,*/kˈʊrpa/,*/kˌɶsˈitɪ/,*/kˌɶsˈɶrʊ/,*/kwˌaðrˈant/,*/kˌɶ̃kˈɶlʊ/,*/kˌɶlˈɛʃʊka/,*/kˌɶlˈɨba/,*/kˌɶrˈitɪ/,*/kˌɶrˈɨtɶ/,*/kˌɶrˈuba/,*/kˌɶpˈit͡sa/,*/kˌɶpˈɨlʊ/,*/kˌɶpɾˈɪ̃nɪsɪka/,*/kˌɶβˈat͡ʃɪ/,*/kˈɶlʊ/,*/kˈɶʃʊ/,*/kˈɶstɪ/,*/kˈɶzɪlɪt͡sa/,*/kˈɶtɪt͡sa/,*/kβˈasʊ/,*/kˈɶsa/,*/kˈɶstra/,*/kˈɶra/,*/kˈɶrɪt͡sja/,*/kˈɶrʊda/,*/kˈɶprʊ/,*/kˈɶbɪ/,*/kˌalpˈitɪ/,*/kˈalpa/,*/kˌɶlt͡ʃˈitɪ/,*/kˌukˈatɪ/,*/kˌɯʃˈɶwa/,*/kˌɶlˈat͡ʃɪ/,,*/kˈɯka/,,,*/kˈɯla/,*/kˈʊlba/,*/kˈurβa/,,*/kˈuma/,*/krˌaxˈitɪ/,*/krˌaxˈina/,*/ɡˌɶtˈɶwɔɲ/,*/ɡˌɶlˈina/,*/ɡˌamˈitɪ/,*/ɡˈajɪ/,*/ɡˈaʎɪka/,*/ɡˈɶlwa/,*/ɡˈaʎa/,,*/kˌʊlbˈaza/,*/kˌʊrxˈatɪ/,*/ɡrˌəkˈɨɲa/,*/kˌərt͡ʃˈakʊ/,*/ɡˌʊrdˈala/,*/ɡˌɶɾdˈɛt͡s/,,,*/ɡˌʊrdlˈa?2ɪ/,*/ɡˌʊɾlˈit͡sa/,*/ɡrˌɶmˈada/,,,*/ɡˈʊrba/,*/ɡˌɶdˈitɪ/,*/ɡˌɶstˈɪ̃nɪsɪka/,*/ɡˌɶstˈitɪ/,*/ɡˌɶrɪnˈit͡sa/,*/ɡˌɶmˈila/,*/ɡˌɶ̃bˈɛlɪ/,*/ɡwˈɶzda/,*/ɡˌɶlwɪnˈikʊ/,*/ɡˌɶlwˈina/,*/ɡrˌaʃˈina/,*/ɡrˌadˈina/,*/ɡrˌabˈitɪ/,*/ɡrˈada/,*/ɡrˌɛbˈaʃɪ/,*/ɡˈɶrʃɪ/,*/ɡrˈɶzdɪlɪ/,,*/lˠˌɶpˈuʃɪ/,*/lˠˌɶpˈuʃa/,*/lˠˈɶʃka/,*/lˠˈazɪt͡sa/,*/lˠˈɶzʊka/,*/lˠˈɶzɶra/,*/lˠˈɶ̃ɡa/,*/lˌɶmˈitɪ/,*/lˈɶska/,*/lˈɯka/,*/ˌukrˈaja/,*/ˌudˈɶbɪ/,*/jˌunˈakʊ/,,*/ˌurˈɶkʊ/,*/tjˈɛ̃ʒɪna/,*/tjɛsˈatɪ/,*/klˌɛpˈadlɶ/,,,*/ɡlˌaβɪnˈit͡sa/,*/ɡlˌɶ̃bɶt͡ʃˈaɾɪ/,,*/ɡlˌɶ̃bɶt͡ʃˈarɪ/,*/ɡlˈɶba/,*/ɲˌuxˈatɪ/,*/t͡ʃˈasʊ/,*/t͡ʃˈapəka/,*/t͡ʃˈamɪ/,*/?2ˌɪrnˈawa/,*/t͡ʃˌɛtˈina/,,,*/t͡ʃˈɛta/,*/t͡ʃˈælɶ/,*/?2ˈɛrda/,,*/t͡ʃˌɶrnɶβˈɶda/,,*/t͡ʃˈuka/,*/t͡ʃˈula/,*/t͡ʃˈudɶ/,*/t͡ʃˈuba/,*/ʃˌatˈʊrja/,*/ʃˈaka/,*/ʃˈɶra/,*/ʃˈapʊ/,*/ʃ?2ˈɛtʊka/,*/ʃˈalɪ?2a/,,*/ʃˌitˈɶwa/,*/ʃˈibʊka/,,*/ʃˈɶpʊ/,*/ʃkˌɶwɶrdˈɪt͡sɪ/,*/ʃkˌɶpˈitɪ/,*/ʃkrˈapi/,*/ʃˌuʃˈit͡sa/,*/ʃˌɯpʎˈaka/,*/ʃˈʊlʊa/,,*/ʃlˈɶta/,,*/ʃtˌɶpˈaɲa/,*/ʃtˌɶpˈan?2̬a/,*/ʃtˌɶpanˈɛʃa/,*/ʃtˌɶpˈanʊ/,*/ʃtˈɯɲa/,*/ʃtrˈaʒa/,,*/ʒˌɶ̃bˈina/,*/tˌʊrkˈatɪ/,,*/tˈɶ̃ɡa/,,,*/tˌajˈina/,*/tˈina/,*/tˌɶt͡ʃˈiðla/,*/tˌɶt͡ʃˈitɪ/,*/tˌɶrˈiʃt͡ʃɛ/,*/tˌɶrˈɶwʊ/,*/tˌɶpˈidlʊ/,*/tˈɶka/,*/tˈɶpɶrʊ/,*/tˌɯnʊt͡sjˈanɪ/,*/tˈɯɲa/,,*/trˈapʊ/,,,*/trˌɶ̃tˈitɪ/,*/trˈɶxa/,*/dˌarˈɶβa/,*/dˌɛʃnˈit͡sa/,*/dˌɛlbtˈina/,*/dˌɨxˈatɪ/,*/dˈira/,*/dˈɪbra/,,*/dˌɶlˈina/,*/dˌɶbˈɨtɪ/,*/dˈɶjka/,*/dˈɶbʊ/,*/dˌɶ̃bɾˈaj/,*/dˈɶ̃brʊ/,*/drˈaɡa/,*/drˈɶ̃ɡʊ/,,*/drˌɶbˈitɪ/,*/drˈɶkʊ/,*/drˈɶbɪnit͡sa/,,*/t͡sˌarˈina/,*/?2ˈara/,*/?2ˈarɪba/,,,,*/?2ˈɪrma/,*/?2ˈita/,,*/sˈaɲa/,*/sˈæna/,*/sˈabʎa/,*/sˈɛlɪt͡sa/,*/sˈæra/,,*/sˈila/,,*/sˈitɶ/,*/sˈitʊka/,*/sˈitʊka/,*/sˌʊtˈina/,*/sˌɶ̃dˈɔɲ/,*/sˌɶβˈadlʊka/,*/skˈɶrɶ/,*/skˌɶɾlˈupa/,*/skrˈɶβna/,*/sʊlˈɶɡʊ/,*/sˌɶ̃dˈɔ̃ɲ/,*/sˈuxa/,*/sˈukulɶ/,*/slˈɶta/,,*/strˌɪkˈatɪ/,,*/stˌɪrβˈina/,*/stˈɛʎa/,,*/strˈæxa/,*/strˈɶka/,*/strˈʊka/,,*/səmiʎˈatɪ/,*/zˌabˈælʊ/,*/zˌabˈɔːjɪ/,*/zˌɶ̃bˈiʃtɪ/,*/zˌɶ̃bʊlˈakʊ/,*/zˈɶ̃bʊʃæ/,*/zˈɯʃa/,*/jˌɪzbaβˈitɪ/,,*/nˌɛrˈant͡sa/,*/nˌɛpˈərtəka/,,*/nˌɛβˈɶʎa/,,,*/nˌɶʒˈika/,*/nˈɶβʊka/,*/ˌɶlkɶmˈɪjɛ/,*/lˌæʃˈɶwa/,*/lˌapˈuʃa/,*/lˌabˈɶwa/,*/ˈɶlkɶmʊ/,*/dlˈatɶ/,*/lˈabʊ/,*/lˌɶ̃ɡʊ/,*/lˌɛ̃dˈina/,*/lˈɶ̃ɡʊʃka/,,*/lˌæʃɪnˈit͡sa/,,*/lˈæxa/,*/lˈæʃa/,*/lˈæʃɪɲa/,*/lˈæsa/,,*/lˈæʎa/,*/lˈixɶ/,*/lˈipa/,*/lˌɶpˈata/,*/lˈɶɡʊ/,*/lˈɶza/,*/ʎˌuxˈatɪ/,*/lˌuʒˈia/,*/ʎˈutʊʃa/,*/ʎˈuta/,*/lˈuspa/,*/rˌaɡˈalɪ/,*/rˌadˈima/,*/wˌɶrbˈɪt͡sɪ/,*/rˈɶwa/,*/rˈɶwʊka/,*/rˈæʒɪka/,,*/rˌɶjˈitɪ/,*/rˌɶɡɶwˈɪ?2ɪka/,*/rˌɶtˈarɪ/,*/rˌɶbɶtˈitɪ/,*/rˈɶjɪ/,*/rˈɶjɪka/,*/rˈɶɡa/,*/rˈɶbʊ/,,*/rˌɶ̃ɡˈatɪ/,*/rˌɶɡɶʒˈina/,*/xrˌanˈit͡sa/,*/xrˌapˈatɪ/,*/rˈakla/,*/xrˈapʊ/,*/ˈɶrβɛʃʊ/,*/rˌækˈɶjɶ̃/,*/rˌɶɡˈala/,*/rˈɛ̃sɪka/,*/rˌɶpˈakʊ/,*/rˈɶɡa/,*/rˈɶʒɪkʊ/,*/rˈunɶ/,*/pˌaʃɪnˈikʊ/,*/pˌɶdʊkˈɶwʊ/,*/pˌadˈitɪ/,*/pˈata/,*/pˌɶɡˈaɲ/,*/pˌɶɡˈana/,*/pˌɶ̃dˈarɪ/,*/pˌɶkrˈɶwa/,*/pˌɛlˈɛna/,,,*/pˌijaβˈit͡sa/,*/pˌɨxˈatɪ/,*/pˈiʃka/,,*/pˌɶʎˈakʊ/,*/pˌɶʎˈata/,*/pˌɶʎˈanɪ/,*/pˌɶtˈɛrja/,*/pˌɶdʊkˈɶwʊ/,*/pˌɶstˈaja/,*/pˌɶstˈatɪ/,*/pˌɶstrˈæxa/,*/pˌɶmɪnˈitɪ/,*/pˌɶrˈɛ̃dʊ/,*/pˌɶrɶ̃?2ˈitɪ/,*/pˌɶbrˈitɪ/,*/pˈɶtʊka/,*/plˌaʃˈit͡sa/,*/plˈazʊ/,*/plˈɶt͡ʃa/,*/plˈɶʃka/,*/pˈɶlʃka/,*/plˈɶska/,*/pʎˈuska/,*/pˌɶsˈʊla/,,*/pˌɶlʃtnˈikʊ/,*/plˌɨβˈatɪ/,*/plˌɛβɪnˈit͡sa/,*/pˌɛlˈɛnʊka/,*/pʎˈuska/,*/prˈɶxɪ/,,*/prˌɶ̃dˈitɪ/,*/pˌɶbɾatˈimə/,*/bˌɶɡatˈɪjɛ/,*/bˌatˈitɪ/,*/bˌarðʊmˈɶʃɪ/,*/bˈa?1̊ʊ/,*/bˈaba/,*/bˌɶɡˈata/,,,*/bˌʊrtwˈatɪ/,*/bˌærd͡zˈana/,*/bˌɪrzˈɛʃta/,*/bˌælˈɛβa/,*/bˌɛlbˈit͡sa/,*/bˌɛlβˈit͡sa/,*/bˌæləɡrˈat/,*/bˈælʊka/,,*/bˈælit͡sa/,*/ˌɶbʊwˈɪrtkʊ/,*/bˌæʃɪnˈit͡sa/,*/bˌɛsˈæda/,*/bˌɨstrˈit͡sa/,,,*/bˌɶɡˈɶβa/,*/bˌɶrˈika/,*/bˈɶlɪba/,*/bˌɯwɶlˈit͡sa/,*/bˌʊrlˈɶɡʊ/,*/bˌut͡ʃˈatɪ/,*/bˌɯʃtrˈit͡sa/,*/bˈɯwɶlʊ/,,*/blˈana/,,*/bʎˈudɶ/,*/blˈʊda/,*/brˈazda/,*/brˈana/,*/brˈaβa/,,,*/brˈi?2ɪka/,*/xˈɶldʊ/,*/wˌɶlkˈɶwʊ/,,,,,,*/βrˈət͡ʃβa/,*/βˈɪrsta/,,*/βˈædrɶ/,*/wˌirˈɶwʊ/,*/βˈiʃɪɲa/,*/βˈɨdra/,,*/ˈɶkɶlʊ/,*/wˈɶʎa/,*/ˈɶbaɡ/,*/wˌʊlkɶdlˈakʊ/,*/wˈɶrnʊ/,,*/ˌɶwɪrˈaɡa/,*/mˌaxnˈitɪ/,*/mˌɶtˈɯka/,*/mˌarˈæna/,*/mˈakʊ/,*/mˈat͡ʃa/,*/mˈatʊka/,*/mˈat͡sa/,*/mˈaza/,*/mˌɶɡˈɯla/,*/mˌɛrʃˈina/,,,*/mˌɛtˈadlɶ/,*/mˈæla/,*/mˈæra/,*/mˌælˈinʊka/,*/mˈɨtɶ/,*/mˌɶtɶβˈidlɶ/,*/mˌɶldˈika/,,*/mˌɶlˈit͡sa/,*/mˌɶrˈat͡ʃa/,*/mˌɶrβˈit͡sa/,*/mˌɶɾɶβˈina/,*/mˌɶrɪnˈit͡sa/,*/mˈɶlɪ/,*/mˈɶra/,*/mˌʊʒˈɪ̃nɪska/,*/mˈʊzɡɶ/,*/ˌɛmpˈɶrija/,*/ɪnbˌuxˈatɪ/,*/ɪnpˈɶrzdɪnʊ/
R150,*/ˌɶrɡˈɶva/,,,*/ˌavˈitɪ/,,,,*/xˌɶɾmˈɶva/,,,,,,,,,,,*/ˈiva/,,,*/ˌɶtˈava/,,,,*/ˌɶbvˈɶrʊ/,,,,,,,,*/kˌastravˈɪt͡sɪ/,,,,,,,,,,,,,,,,,,,,,,,,,,,,,,,,*/kˌɶvˈat͡ʃɪ/,,,,,,*/kvˈasʊ/,,,,,,,,,,,,,,,,,,,,*/kˈurva/,,,,,,,,,,,,,,,,,,,,,,,,,,,,,,,,,,,,,,,,,,,,,,,,,,,,,,,,,,,,,,,,*/ɡlˌavɪnˈit͡sa/,,*/ɟˌɛzdˈitɪ/,,,,,,,,,,,,,,,*/t͡ʃˌɶrnɶvˈɶda/,,,,,,,,,,,,,,,,,,,,,,,,,,,,,,,,,,,,,,,,,,,,,,,,,,,,,,,,*/dˌarˈɶva/,,,,,,,,,,,,,,,,,,,,,,,,,,,,,,,,,,,,,,,,,,*/sˌɶvˈadlʊka/,,,*/skrˈɶvna/,,,,,,,,*/stˌərvˈitɪ/,*/stˌɪrvˈina/,,,,,,,,,,,,,,*/jˌɪzbavˈitɪ/,,,,*/nˌɛvˌærˈitɪ/,*/nˌɛvˈɶʎa/,,,,*/nˈɶvʊka/,,,,,,,,,,,,,,,,,,,,,,,,,,,,,,,,,,,,,,,,,,,,,,,,,,,,*/ˈɶrvɛʃʊ/,,,,,,,,,,,,,,,,,,,*/pˌijavˈit͡sa/,,,,,,,,,,,,,,,,,,,,,,,,,,,*/plˌɨvˈatɪ/,*/plˌɛvɪnˈit͡sa/,,,,,,,,,,,,,,,,,,*/bˌælˈɛva/,,*/bˌɛlvˈit͡sa/,,,,,,,,,,,*/bˌɶɡˈɶva/,,,,,,,,,,,,,,,*/brˈava/,,,,,,,,*/sʊvˌɪrstɪnˈikʊ/,,,*/vrˈət͡ʃva/,*/vˈɪrsta/,*/vˌɛlˈɛnt͡sa/,*/vˈædrɶ/,,*/vˈiʃɪɲa/,*/vˈɨdra/,*/vˈiskʊ/,,,,,,*/vˈərlʊ/,,,,,,,,,,,,,,,,,,,*/mˌɶtɶvˈidlɶ/,,,,,*/mˌɶrvˈit͡sa/,*/mˌɶɾɶvˈina/,,,,,,,,
R151,,,,,,,,,,,,,,,,,,,,,,,,,,,,,,,,,,,,,,*/kˌɶrvˈaʎa/,,,,,,,,,,,,,,,,,,*/kvˌaðrˈant/,,,,,,,,,,,,,,,,,,,,,,,,,,,,,,,,,,,,,,,,,,,,,,*/ɡˈɶlva/,,,,,,,,,,,,,,,,,,,,,,,*/ɡvˈɶzda/,*/ɡˌɶlvɪnˈikʊ/,*/ɡˌɶlvˈina/,,,,,,,,,,,,,,,,,,,,,,,,,,,,,,,,,,,,,,,,,,,,,,,,,,,,,,,,,,,,,,,,,,,,,,,,,,,,,,,,,,,,,,,,,,,,,,,,,,,,,,,,,,,,,,,,,,,,,,,,,,,,,,,,,,,,,,,,,,,,,,,,,,,,,,,,,,,,,,,,,,,,,,,,,,,*/zvˌærˈiʃtɛ/,,,,,,,,,,,,,,,,,,,,,,,,,,,,,,,,,,,,,,,,,,,,,,,,,,,,,,,,,,,,,,,,,,,,,,,,,,,,,,,,,,,,,,,,,,,,,,,,,,,,,,,,,,,,,,,,,,,,,,,,,,*/bˌʊrtvˈatɪ/,,,,,,,,,,,,,,,,,,,,,,,,,,,,,,,,,,,,,,,,*/wˌɪrvˈitɪ/,,,,,,,,,,,,,,,,,,,,,,,,,,,,,,,,,,,,,,,,,,,,,,,,
R152,,,,,,,,,,,,,,,,,,,,,,,,,,,,,,,,,,,,,,,,,,,,,,,,,,,,,,,,,,,,,,,,,,,,,,,,,,,,,,,,,,,,,,,,,,,,,,,,,,,,,,,,,,,,,,,,,,,,,,,,,,,,,,,,,,,,,,,,,,,,,,,,,,,,,,,,,,,,,,,,,,,,,,,,,,,,,,,,,,,,,,,,,,,,,,,,,,,,,,,,,,,,,,,,,,,,,,,,,,,,,,,,,,,,,,,,,,,,,,,,,,,,,,,,,,,,,,,,,,,,,,,,,,,,,,,,,,,,,,,,,,,,,,,,,,,,,,,,,,,,,,,,,,,,,,,,,,,,,,,,,,,,,,,,,,,,,,,,,,,,,,,,,,,,,,,,,,,,,,,,,,,,,,,,,,,,,,,,,,,,,,,,,,,,,,,,,,,,,,,,,,,,,,,,,,,,,,,,,,,,,,,,,,,,,,,,,,,,,,,,,,,,,,,,,,,,,,,,,,,,,,,,,,,,,,,,,,,,,,,,,,,,,,,,,,,,,,,,,,,,,,,,,,,,
R153,,,,*/ˌavˈit/,*/xˌɶrbˈɪl/,*/xˌabˈit/,*/xˌɨtˈat/,,,*/xˌukˈat/,,*/jˌarˈɶw/,*/ˈæz/,*/jˈarm/,*/ˈɛzɛr/,*/jˈuɡ/,*/jˈud/,,,*/ˌɶbkˈɨta/,,,,*/ˌɶbrˈɶk/,*/ˌɶbpˈɪnka/,*/ˌɶbvˈɶr/,*/ˌɶblˈɶ̃k/,,*/kˌɶt͡ʃurˈɛl/,*/kˌɶt͡ʃˈul/,,*/kˌɶt͡ʃˈubɛl/,*/kˌadˈit/,*/kˌastravˈɪt͡s/,*/kˌasnˈɪt͡s/,*/kˌalibˈɶb/,,,,,*/kˌɶrˈup/,*/kˌapˈit/,,*/tkˈat͡ʃ/,*/krˌi?2ˈat/,,*/kˌʊrbˈat͡ʃ/,,*/kˌamˈiʃt/,*/kˈʊlk/,*/kˈɶ̃t/,*/kˈʊr?2/,,*/kˌɶsˈit/,*/kˌɶsˈɶr/,,*/kˌɶ̃kˈɶl/,*/kˌɶlˈɛʃka/,,*/kˌɶrˈit/,,,,*/kˌɶpˈɨl/,*/kˌɶpɾˈɪ̃nska/,*/kˌɶvˈat͡ʃ/,*/kˈɶl/,*/kˈɶʃ/,*/kˈɶst/,*/kˈɶzlt͡sa/,*/kˈɶtt͡sa/,*/kvˈas/,,,,*/kˈɶrt͡sja/,*/kˈɶrda/,*/kˈɶpr/,*/kˈɶb/,*/kˌalpˈit/,,*/kˌɶlt͡ʃˈit/,*/kˌukˈat/,,*/kˌɶlˈat͡ʃ/,*/kˌupælnˈik/,,,,,,,*/kˈum/,,*/krˌaxˈit/,,,,*/ɡˌamˈit/,*/ɡˈaj/,*/ɡˈaʎka/,,,*/ɡˌʊltˈit/,,*/kˌʊrxˈat/,,*/kˌərt͡ʃˈak/,,,*/ɡˌʊrdˈit/,*/ɡˌʊrdˈit/,*/ɡˌʊrdlˈa?2/,,,,*/ɡˈʊrt͡ʃ/,,*/ɡˌɶdˈit/,*/ɡˌɶstˈɪ̃nska/,*/ɡˌɶstˈit/,*/ɡˌɶrnˈit͡sa/,,*/ɡˌɶ̃bˈɛl/,,*/ɡˌɶlvnˈik/,,,,*/ɡrˌabˈit/,,*/ɡrˌɛbˈaʃ/,*/ɡˈɶrʃ/,*/ɡrˈɶzdl/,*/ɡˈʊrʃt/,*/lˠˌɶpˈuʃ/,,,*/lˠˈazt͡sa/,*/lˠˈɶzka/,,,*/lˌɶmˈit/,,,,*/ˌudˈɶb/,*/jˌunˈak/,,*/ˌurˈɶk/,*/tjˈɛ̃ʒna/,*/tjɛsˈat/,,*/klˈɛp/,*/kʎˈut͡ʃ/,*/ɡlˌavnˈit͡sa/,*/ɡlˌɶ̃bɶt͡ʃˈaɾ/,*/ɟˌɛzdˈit/,*/ɡlˌɶ̃bɶt͡ʃˈar/,,*/ɲˌuxˈat/,*/t͡ʃˈas/,,*/t͡ʃˈam/,,,*/t͡ʃˌælˈit/,*/t͡ʃˌælnˈik/,,,,*/?2ˈɪrn/,,*/t͡ʃˌudˈit/,,,,,,,,*/ʃˈap/,*/ʃ?2ˈɛtka/,*/ʃˈal?2a/,*/ʃˈɛ̃br/,,*/ʃˈibka/,*/ʃˌuːˈɛ?2/,*/ʃˈɶp/,*/ʃkˌɶwɶrdˈɪt͡s/,*/ʃkˌɶpˈit/,,,,*/ʃˈʊla/,*/ʃˈul/,,,,,,*/ʃtˌɶpˈan/,,,*/ʒˈɛɡ/,,*/tˌʊrkˈat/,*/tˌɪrpˈæt/,,*/tˈɛk/,*/tˈis/,,,,*/tˌɶt͡ʃˈit/,,*/tˌɶrˈɶw/,*/tˌɶpˈidl/,,*/tˈɶpɶr/,*/tˌɯnt͡sjˈan/,,*/tˈun/,*/trˈap/,*/trˈɪʃ/,,*/trˌɶ̃tˈit/,,,,,*/dˌɨxˈat/,,,*/dˈɪbrj/,,*/dˌɶbˈɨt/,,*/dˈɶb/,,*/dˈɶ̃br/,,*/drˈɶ̃ɡ/,*/drˌæmˈit/,*/drˌɶbˈit/,*/drˈɶk/,*/drˈɶbnit͡sa/,*/t͡sˌælˈik/,,,*/?2ˈarba/,*/?2ˌɪrnˈidl/,*/?2ˌɪrnˈik/,*/t͡sˌænˈit/,,,*/?2ˈub/,,,,*/sˈɛlt͡sa/,,*/sˈɛ̃br/,,*/sˌɛ̃jˈit/,,*/sˈitka/,*/sˈitka/,,,*/sˌɶvˈadlka/,,,,*/slˈɶɡ/,,,,,,*/strˌɪkˈat/,*/stˌərvˈit/,,,*/stˈɪp/,,,,,*/səmiʎˈat/,*/zˌabˈæl/,*/zˌabˈɔːj/,*/zˌɶ̃bˈiʃt/,*/zˌɶ̃blˈak/,*/zˈɶ̃bʃæ/,,*/jˌɪzbavˈit/,,,,*/nˌɛvˌærˈit/,,*/nˈæm/,*/nˈæmt͡s/,,*/nˈɶvka/,,,,,*/ˈɶlkɶm/,,*/lˈab/,*/lˌɶ̃ɡ/,,*/lˈɶ̃ɡʃka/,*/lˌit͡ʃˈit/,*/lˌæʃnˈit͡sa/,*/lˌɛbɛtˈit/,,,*/lˈæʃɲa/,,*/lˈɪstkr/,,,,,*/lˈɶɡ/,,*/ʎˌuxˈat/,,*/ʎˈutʃa/,,,*/rˌaɡˈal/,,*/wˌɶrbˈɪt͡s/,,*/rˈɶwka/,*/rˈæʒka/,*/rˈɛ̃d/,*/rˌɶjˈit/,*/rˌɶɡɶwˈɪ?2ka/,*/rˌɶtˈar/,*/rˌɶbɶtˈit/,*/rˈɶj/,*/rˈɶjka/,,*/rˈɶb/,*/rˈunt͡s/,*/rˌɶ̃ɡˈat/,,,*/xrˌapˈat/,,*/xrˈap/,*/ˈɶrvɛʃ/,,,*/rˈɛ̃ska/,*/rˌɶpˈak/,,*/rˈɶʒk/,,*/pˌaʃnˈik/,*/pˌɶdkˈɶw/,*/pˌadˈit/,,,,*/pˌɶ̃dˈar/,,,*/pˌɛlˈɨn/,*/pˈɛk/,,*/pˌɨxˈat/,,*/pˈɨɾj/,*/pˌɶʎˈak/,,*/pˌɶʎˈan/,,*/pˌɶdkˈɶw/,,*/pˌɶstˈat/,,*/pˌɶmnˈit/,*/pˌɶrˈɛ̃d/,*/pˌɶrɶ̃?2ˈit/,*/pˌɶbrˈit/,*/pˈɶtka/,,*/plˈaz/,,,,,,,*/pˈɯrj/,*/pˌɶlʃtnˈik/,*/plˌɨvˈat/,*/plˌɛvnˈit͡sa/,*/pˌɛlˈɛnka/,,*/prˈɶx/,*/prˈɨsk/,*/prˌɶ̃dˈit/,,,*/bˌatˈit/,*/bˌarðmˈɶʃ/,*/bˈa?1̊/,,,*/bˌərt͡ʃˈik/,*/brˌæʃtnˈik/,*/bˌʊrtvˈat/,,,,,,,*/bˈælka/,*/bˈæl/,,*/ˌɶbwˈɪrtk/,*/bˌæʃnˈit͡sa/,,,*/bˈi?2k/,*/bˈɨstr/,,,*/bˈɶlba/,,*/bˌʊrlˈɶɡ/,*/bˌut͡ʃˈat/,,*/bˈɯwɶl/,*/bˈɯʃtr/,,*/bˌælˈuʃ/,,,,,,*/brˈæɡ/,*/brˈi?2k/,*/brˈi?2ka/,*/xˈɶld/,*/wˌɶlkˈɶw/,*/ʃwˌɪrʃtnˈik/,*/wˌɪrtˈæt/,*/svˌɪrstnˈik/,*/wˌɪrvˈit/,*/wˌɪrbnˈik/,,,,,*/wˌirˈɶw/,*/vˈiʃɲa/,,*/vˈisk/,*/ˈɶkɶl/,,,*/wˌʊlkɶdlˈak/,*/wˈɶrn/,*/vˈərl/,*/ˌɶwrˈaɡa/,*/mˌaxnˈit/,,,*/mˈak/,,*/mˈatka/,,,,,*/mˌərzˈit/,*/mˌərmərˈit/,,,,*/mˌælˈinka/,,,,*/mˌʊdlˈit/,,,,,*/mˌɶrnˈit͡sa/,*/mˈɶl/,,*/mˌʊʒˈɪ̃nska/,,,*/nbˌuxˈat/,*/npˈɶrzdn/
R154,,,,,,,,,,,,,*/ˈɛz/,,,,,,,,,,,,,,,,,,,,,,,,,,,,,,,,,,,,,,,,,,,,,,,,,,,,,,,,,,,,,,,,,,,,,,,,,*/kˌupɛlnˈik/,,,,,,,,,,,,,,,,,,,,,,,,,,,,,,,,,,,,,,,,,,,,,,,,,,,,,,,,,,,,,,,,,,,,,,,,,,,,,,,,,*/t͡ʃˌɛlˈit/,*/t͡ʃˌɛlnˈik/,,*/t͡ʃˈɛlɶ/,,,,,,,,,,,,,,,,,,,,,,,,,,,,,,,,,,,,,,*/tˌɪrpˈɛt/,,,,,,,,,,,,,,,,,,,,,,,,,,,,,,,,,,,,*/drˌɛmˈit/,,,,*/t͡sˌɛlˈik/,,,,,,*/t͡sˌɛnˈit/,,,,,*/sˈɛna/,,,*/sˈɛra/,,,,,,,,,,,,,,,,,,,,,,,,*/strˈɛxa/,,,,,*/zˌabˈɛl/,,,,*/zˈɶ̃bʃɛ/,,,*/zvˌɛrˈiʃtɛ/,,,*/nˌɛvˌɛrˈit/,,*/nˈɛm/,*/nˈɛmt͡s/,,,,*/lˌɛʃˈɶwa/,,,,,,,,,,*/lˌɛʃnˈit͡sa/,,*/lˈɛxa/,*/lˈɛʃa/,*/lˈɛʃɲa/,*/lˈɛsa/,,*/lˈɛʎa/,,,,,,,,,,,,,,,,*/rˈɛʒka/,,,,,,,,,,,,,,,,,,*/rˌɛkˈɶjɶ̃/,,,,,,,,,,,,,,,,,,,,,,,,,,,,,*/pˌɶstrˈɛxa/,,,,,,,,,,,,,,,,,,,,,,,,,,,,,,,*/brˌɛʃtnˈik/,,*/bˌɛrd͡zˈana/,,*/bˌɛlˈɛva/,,,*/bˌɛləɡrˈat/,*/bˈɛlka/,*/bˈɛl/,*/bˈɛlit͡sa/,,*/bˌɛʃnˈit͡sa/,*/bˌɛsˈɛda/,,,,,,,,,,,,,,*/bˌɛlˈuʃ/,,,,,,*/brˈɛɡ/,,,,,,*/wˌɪrtˈɛt/,,,,,,,*/vˈɛdrɶ/,,,,,,,,,,,,,,*/mˌarˈɛna/,,,,,,,,,,,*/mˈɛla/,*/mˈɛra/,*/mˌɛlˈinka/,,,,,,,,,,,,,,,,
R155,,*/ˌɶrkˈita/,,,,,*/xˌitˈat/,,,,,,,,,,,,,*/ˌɶbkˈita/,,,,,,,,,,,,,,,,,*/kˌɶlˈiba/,,,*/kˌɶrˈutɶ/,,,,,,,,,,,,,,,,,,,*/kˌɶlˈiba/,,*/kˌɶrˈitɶ/,,,*/kˌɶpˈil/,,,,,,,,,,,,,,,,,,,,*/kˌuʃˈɶwa/,,,*/kˈuka/,,,*/kˈula/,,,,,,,,,,,,,,,,,*/ɡrˌəkˈiɲa/,,,,,,,,,,,,,,,,,,,,,,,,,,,,,,,,,,,,,,*/lˈuka/,,,,,,,,,,,,,,,,,,,,,,,,,,,,,,,,,,,,,,,,,,,,,,,,,*/ʃˌupʎˈaka/,,,,,,,,,*/ʃtˈuɲa/,,,,,,,,,,,,,,,,,,*/tˌunt͡sjˈan/,*/tˈuɲa/,,,,,,,,,,*/dˌixˈat/,,,,,*/dˌɶbˈit/,,,,,,,,,,,,,,,,,,,,,,,,,,,,,,,,,,,,,,,,,,,,,,,,,,,,*/strˈumi/,,,,,,,*/zˈuʃa/,,,,,,,,,,,,,,,,,,,,,,,,,,,,,,,,,,,,,,,,,,,,,,,,,,,,,,,,,,,,,,,,,,,,,,,,,,,,,,,*/pˌɛlˈin/,,,*/pˌixˈat/,,*/pˈiɾj/,,,,,,,,,,,,,,,,,,,,,,*/pˈurj/,,*/plˌivˈat/,,,,,*/prˈisk/,,,,,,,,,,,,,,,,,,,,,,,,*/bˌistrˈit͡sa/,,*/bˈistr/,,,,*/bˌuwɶlˈit͡sa/,,,*/bˌuʃtrˈit͡sa/,*/bˈuwɶl/,*/bˈuʃtr/,,,,,,,,,,,,,,,,,,,,,,,,*/vˈidra/,,,,,,,,,,*/mˌɶtˈuka/,,,,,,,*/mˌɶɡˈula/,,,,,,,,*/mˈitɶ/,,,,,,,,,,,,,,,
R156,*/ˌarɡˈava/,*/ˌarkˈita/,*/ˌardɛnˈit͡sa/,,*/xˌarbˈɪl/,,,*/xˌaɾmˈava/,,,,*/jˌarˈaw/,,,,,,,,*/ˌabkˈita/,*/ˌaɡrˈa?1a/,*/ˌatˈava/,*/ˌarãdˈɪjɛ/,*/ˌabrˈak/,*/ˌabpˈɪnka/,*/ˌabvˈar/,*/ˌablˈãk/,,*/kˌat͡ʃurˈɛl/,*/kˌat͡ʃˈul/,*/kˌat͡ʃˈuba/,*/kˌat͡ʃˈubɛl/,,,,*/kˌalibˈab/,*/kˌalˈiba/,*/kˌarvˈaʎa/,*/kˌarˈɪt͡sa/,*/kˌarˈuta/,*/kˌarˈup/,,,,,*/kˌar?2ˈunə/,,,,,*/kˈãt/,,,*/kˌasˈit/,*/kˌasˈar/,,*/kˌãkˈal/,*/kˌalˈɛʃka/,*/kˌalˈiba/,*/kˌarˈit/,*/kˌarˈita/,*/kˌarˈuba/,*/kˌapˈit͡sa/,*/kˌapˈil/,*/kˌapɾˈɪ̃nska/,*/kˌavˈat͡ʃ/,*/kˈal/,*/kˈaʃ/,*/kˈast/,*/kˈazlt͡sa/,*/kˈatt͡sa/,,*/kˈasa/,*/kˈastra/,*/kˈara/,*/kˈart͡sja/,*/kˈarda/,*/kˈapr/,*/kˈab/,,,*/kˌalt͡ʃˈit/,,*/kˌuʃˈawa/,*/kˌalˈat͡ʃ/,,,,,,,,,,,,*/ɡˌatˈawɔɲ/,*/ɡˌalˈina/,,,,*/ɡˈalva/,,,,,,,,*/ɡˌaɾdˈɛt͡s/,,,,,*/ɡrˌamˈada/,,,,*/ɡˌadˈit/,*/ɡˌastˈɪ̃nska/,*/ɡˌastˈit/,*/ɡˌarnˈit͡sa/,*/ɡˌamˈila/,*/ɡˌãbˈɛl/,*/ɡvˈazda/,*/ɡˌalvnˈik/,*/ɡˌalvˈina/,,,,,,*/ɡˈarʃ/,*/ɡrˈazdl/,,*/lˠˌapˈuʃ/,*/lˠˌapˈuʃa/,*/lˠˈaʃka/,,*/lˠˈazka/,*/lˠˈazara/,*/lˠˈãɡa/,*/lˌamˈit/,*/lˈaska/,,,*/ˌudˈab/,,,*/ˌurˈak/,,,*/klˌɛpˈadla/,,,,*/ɡlˌãbat͡ʃˈaɾ/,,*/ɡlˌãbat͡ʃˈar/,*/ɡlˈaba/,,,,,,,,,,*/t͡ʃˈɛla/,,,*/t͡ʃˌarnavˈada/,,,,*/t͡ʃˈuda/,,,,*/ʃˈara/,,,,,*/ʃˌitˈawa/,,,*/ʃˈap/,*/ʃkˌawardˈɪt͡s/,*/ʃkˌapˈit/,,,,,,*/ʃlˈata/,,*/ʃtˌapˈaɲa/,*/ʃtˌapˈan?2̬a/,*/ʃtˌapanˈɛʃa/,*/ʃtˌapˈan/,,,,*/ʒˌãbˈina/,,,*/tˈãɡa/,,,,,*/tˌat͡ʃˈiðla/,*/tˌat͡ʃˈit/,*/tˌarˈiʃt͡ʃɛ/,*/tˌarˈaw/,*/tˌapˈidl/,*/tˈaka/,*/tˈapar/,,,,,,,*/trˌãtˈit/,*/trˈaxa/,*/dˌarˈava/,,,,,,,*/dˌalˈina/,*/dˌabˈit/,*/dˈajka/,*/dˈab/,*/dˌãbɾˈaj/,*/dˈãbr/,,*/drˈãɡ/,,*/drˌabˈit/,*/drˈak/,*/drˈabnit͡sa/,,,,,,,,,,,,,,,,,,,*/sˈita/,,,,*/sˌãdˈɔɲ/,*/sˌavˈadlka/,*/skˈara/,*/skˌaɾlˈupa/,*/skrˈavna/,*/slˈaɡ/,*/sˌãdˈɔ̃ɲ/,,*/sˈukula/,*/slˈata/,,,,,,,,*/strˈaka/,,,,,,*/zˌãbˈiʃt/,*/zˌãblˈak/,*/zˈãbʃɛ/,,,,,,,*/nˌɛvˈaʎa/,,,*/nˌaʒˈika/,*/nˈavka/,*/ˌalkamˈɪjɛ/,*/lˌɛʃˈawa/,,*/lˌabˈawa/,*/ˈalkam/,*/dlˈata/,,*/lˌãɡ/,,*/lˈãɡʃka/,,,,,,,,,,*/lˈixa/,,*/lˌapˈata/,*/lˈaɡ/,*/lˈaza/,,,,,,,,*/wˌarbˈɪt͡s/,*/rˈawa/,*/rˈawka/,,,*/rˌajˈit/,*/rˌaɡawˈɪ?2ka/,*/rˌatˈar/,*/rˌabatˈit/,*/rˈaj/,*/rˈajka/,*/rˈaɡa/,*/rˈab/,,*/rˌãɡˈat/,*/rˌaɡaʒˈina/,,,,,*/ˈarvɛʃ/,*/rˌɛkˈajã/,*/rˌaɡˈala/,,*/rˌapˈak/,*/rˈaɡa/,*/rˈaʒk/,*/rˈuna/,,*/pˌadkˈaw/,,,*/pˌaɡˈaɲ/,*/pˌaɡˈana/,*/pˌãdˈar/,*/pˌakrˈawa/,,,,,,,,*/pˌaʎˈak/,*/pˌaʎˈata/,*/pˌaʎˈan/,*/pˌatˈɛrja/,*/pˌadkˈaw/,*/pˌastˈaja/,*/pˌastˈat/,*/pˌastrˈɛxa/,*/pˌamnˈit/,*/pˌarˈɛ̃d/,*/pˌarã?2ˈit/,*/pˌabrˈit/,*/pˈatka/,,,*/plˈat͡ʃa/,*/plˈaʃka/,*/pˈalʃka/,*/plˈaska/,,*/pˌasˈʊla/,,*/pˌalʃtnˈik/,,,,,*/prˈax/,,*/prˌãdˈit/,*/pˌabɾatˈimə/,*/bˌaɡatˈɪjɛ/,,*/bˌarðmˈaʃ/,,,*/bˌaɡˈata/,,,,,,,,,,,,,*/ˌabwˈɪrtk/,,,,,,*/bˌaɡˈava/,*/bˌarˈika/,*/bˈalba/,*/bˌuwalˈit͡sa/,*/bˌʊrlˈaɡ/,,,*/bˈuwal/,,,,*/bʎˈuda/,,,,,,,,*/xˈald/,*/wˌalkˈaw/,,,,,,,,,*/vˈɛdra/,*/wˌirˈaw/,,,,*/ˈakal/,*/wˈaʎa/,*/ˈabaɡ/,*/wˌʊlkadlˈak/,*/wˈarn/,,*/ˌawrˈaɡa/,,*/mˌatˈuka/,,,,,,,*/mˌaɡˈula/,,,,*/mˌɛtˈadla/,,,,*/mˈita/,*/mˌatavˈidla/,*/mˌaldˈika/,,*/mˌalˈit͡sa/,*/mˌarˈat͡ʃa/,*/mˌarvˈit͡sa/,*/mˌaɾavˈina/,*/mˌarnˈit͡sa/,*/mˈal/,*/mˈara/,,*/mˈʊzɡa/,*/ˌɛmpˈarija/,,*/npˈarzdn/
R157,,,,,,,,,,,,,,*/jˈar/,,,,,,,,,,,,,,,,,,,,,,,,,,,,,,,,,,,,,,,,,,,,,,,,,,,,,,,,,,*/kvˈa/,,,,,,,,,,,,,,,,,,,,,*/kˈu/,,,,,,,,,,,,,,,,,,,,,,,,,,,,,,,,,,,,,,,,,,,,,,,,,,,,,,,,,,,,,,,,,,,,,*/t͡ʃˈa/,,*/t͡ʃˈa/,,,,,,,,,,,,,,,,,,,,,,,,,,,,,,,,,,,,,,,,,,,,,,,*/tˈi/,,,,,,,,,,,,,,,,,,,,,,,,,,,,,,,,,,,,,,,,,,,,,,,,,,,,,,,,,,,,,,,,,,,,,,,,,,,,,,,,,,,,,,,,,,,,*/nˈɛ/,,,,,,,,*/ˈalka/,,,,,,,,,,,,,,,,,,,,,,,,,,,,,,,,,,,,,,,,,,,,,,,,,,,,,,,,,,,,,,,,,,,,,,,,,,,,,,,,,,,,,,,,,,,,,,,,,,,,,,,,,,,,,,,,,,,,,,,,,,,,,,,,,,,,,,,,,,,,,,,,,,,,,,,,,,,,,,,,,,,,,,,,,,,,,,,,,,,,,,,,,,,,,,,,,,,,,
R158,,,,,,,,,,,,,,,,,,,,,,,*/ˌarãdˈɪj/,,,,,*/ˈɔjiʃt/,,,,,,,,,,,,,,,,,,*/kˌar?2ˈun/,,,,,,,,,,,,,,,,,,,,,,,,,,,,,,,,,,,,,,,,,,*/kˈut͡ʃ/,*/kˈut/,,,,,,,,,,,,,,,,,,,,,,,,,,,,,,,,,,,,,,,,,,,,,,,,,,,,,,,,,,,,*/ˌulˈiʃt͡ʃ/,,,,,,,,,,,,,,,,,,,,,,,,,,,,,,,,,,,,,,,,,,,*/ʃkrˈap/,,,,,,*/ʃtˌʊrmˈɛnn/,,,,,,,,,,,,,,,,,,*/tˌarˈiʃt͡ʃ/,,,,,,,,,,*/tˈɪrʃ/,,,,,,,,,,,,,,,,,,,,,,,,,,,,,,,,,,,,,,,,,,,,,,,,,,,,,,*/slˈufuɾ/,,,,,,,,,*/strˈum/,,,,,,*/zˈãbʃ/,,,*/zvˌɛrˈiʃt/,,,,,,,,,*/ˌalkamˈɪj/,,,,,,,,,,,,,,,,,,,,,,,,,,,,,,,,,,,,,,,,,,,,,,,,,,,,,,,,,,,,,,,,,,,,,,,,,,,,,,,,,,,,,,,,,,,,,,,,,,,,,,,,*/pˌabɾatˈim/,*/bˌaɡatˈɪj/,,,,,,,,,,,,,,,,,,,,,,,,,,,,,,,,,,,,,,,,,,,,,,,,,,,,,,,,,,,,,,,,,,,,,,,,,,,,,,,,,,,,,,,,,,,,,,,,
R159,,,,,,,,,,,,,,,,,,,,,,,,,,,,,,,,,,,,,,,,,,,,,,,,,,,,,,,,,,,,,,,,,,,,,,,,,,,,*/kˈart͡sɛ/,,,,,,,,,,,,,,,,,,,,,,,,,,,,,,,,,,,,,,,,,,,,,,,,,,,,,,,,,,,,,,,,,,,,,,*/ˌukrˈaɛ/,,,,,,,,,,,,,,,,,,,,,,,,,,,,,,,,,*/ʃˌatˈʊrɛ/,,,,,,,,,,,,,,,,,,,,,,,,,,,,,,,,,,,,,,,,,,,,,,,,,,,,,,,,,,,,,,,,,,,,,,,,,,,,,,,,,,,,,,,,,,,,,,,,,,,,,,,,,,,,,,,,,,,,,,,,,,,,,,,,,,,,,,,,,,,,,,,,,,,,,,,,,,,,,,,,,,,,,,,,,,,,,,,,,,,,,,,,,,,,,,,,,,,,,,,,,,,,,*/pˌatˈɛrɛ/,,*/pˌastˈaɛ/,,,,,,,,,,,,,,,,,,,,,,,,,,,,,,,,,,,,,,,,,,,,,,,,,,,,,,,,,,,,,,,,,,,,,,,,,,,,,,,,,,,,,,,,,,,,,,,,,,,,,,,,,,,,,,,,,,,,,,,,*/ˌɛmpˈariɛ/,,
R160,*/ˌarɡˈavə/,*/ˌarkˈitə/,*/ˌardɛnˈit͡sə/,,,,,*/xˌaɾmˈavə/,*/xˈɔːrə/,,*/jˌarˈinə/,,,,,,,*/jˈɪskrə/,*/ˈivə/,*/ˌabkˈitə/,*/ˌaɡrˈa?1ə/,*/ˌatˈavə/,,,*/ˌabpˈɪnkə/,,,,,,*/kˌat͡ʃˈubə/,,,,,,*/kˌalˈibə/,*/kˌarvˈaʎə/,*/kˌarˈɪt͡sə/,*/kˌarˈutə/,,,*/kˌamɛnˈit͡sə/,,,,,*/kˌapˈuʎə/,,,,,*/kˈʊrpə/,,,,,*/kˌalˈɛʃkə/,*/kˌalˈibə/,,*/kˌarˈitə/,*/kˌarˈubə/,*/kˌapˈit͡sə/,,*/kˌapɾˈɪ̃nskə/,,,,,*/kˈazlt͡sə/,*/kˈatt͡sə/,,*/kˈasə/,*/kˈastrə/,*/kˈarə/,,*/kˈardə/,,,,*/kˈalpə/,,,*/kˌuʃˈawə/,,,*/kˈukə/,,,*/kˈulə/,*/kˈʊlbə/,*/kˈurvə/,,*/kˈumə/,,*/krˌaxˈinə/,,*/ɡˌalˈinə/,,,*/ɡˈaʎkə/,*/ɡˈalvə/,*/ɡˈaʎə/,,*/kˌʊlbˈazə/,,*/ɡrˌəkˈiɲə/,,*/ɡˌʊrdˈalə/,,,,,*/ɡˌʊɾlˈit͡sə/,*/ɡrˌamˈadə/,,,*/ɡˈʊrbə/,,*/ɡˌastˈɪ̃nskə/,,*/ɡˌarnˈit͡sə/,*/ɡˌamˈilə/,,*/ɡvˈazdə/,,*/ɡˌalvˈinə/,*/ɡrˌaʃˈinə/,*/ɡrˌadˈinə/,,*/ɡrˈadə/,,,,,,*/lˠˌapˈuʃə/,*/lˠˈaʃkə/,*/lˠˈazt͡sə/,*/lˠˈazkə/,*/lˠˈazarə/,*/lˠˈãɡə/,,*/lˈaskə/,*/lˈukə/,,,,,,*/tjˈɛ̃ʒnə/,,*/klˌɛpˈadlə/,,,*/ɡlˌavnˈit͡sə/,,,,*/ɡlˈabə/,,,*/t͡ʃˈapəkə/,,*/?2ˌɪrnˈawə/,*/t͡ʃˌɛtˈinə/,,,*/t͡ʃˈɛtə/,*/t͡ʃˈɛlə/,*/?2ˈɛrdə/,,*/t͡ʃˌarnavˈadə/,,*/t͡ʃˈukə/,*/t͡ʃˈulə/,*/t͡ʃˈudə/,*/t͡ʃˈubə/,,*/ʃˈakə/,*/ʃˈarə/,,*/ʃ?2ˈɛtkə/,*/ʃˈal?2ə/,,*/ʃˌitˈawə/,*/ʃˈibkə/,,,,,,*/ʃˌuʃˈit͡sə/,*/ʃˌupʎˈakə/,*/ʃˈʊlə/,,*/ʃlˈatə/,,*/ʃtˌapˈaɲə/,*/ʃtˌapˈan?2̬ə/,*/ʃtˌapanˈɛʃə/,,*/ʃtˈuɲə/,*/ʃtrˈaʒə/,,*/ʒˌãbˈinə/,,,*/tˈãɡə/,,,*/tˌajˈinə/,*/tˈinə/,*/tˌat͡ʃˈiðlə/,,,,,*/tˈakə/,,,*/tˈuɲə/,,,,,,*/trˈaxə/,*/dˌarˈavə/,*/dˌɛʃnˈit͡sə/,*/dˌɛlbtˈinə/,,*/dˈirə/,*/dˈɪbrə/,,*/dˌalˈinə/,,*/dˈajkə/,,,,*/drˈaɡə/,,,,,*/drˈabnit͡sə/,,*/t͡sˌarˈinə/,*/?2ˈarə/,*/?2ˈarbə/,,,,*/?2ˈɪrmə/,*/?2ˈitə/,,*/sˈaɲə/,*/sˈɛnə/,*/sˈabʎə/,*/sˈɛlt͡sə/,*/sˈɛrə/,,*/sˈilə/,,*/sˈitə/,*/sˈitkə/,*/sˈitkə/,*/sˌʊtˈinə/,,*/sˌavˈadlkə/,*/skˈarə/,*/skˌaɾlˈupə/,*/skrˈavnə/,,,*/sˈuxə/,*/sˈukulə/,*/slˈatə/,,,,*/stˌɪrvˈinə/,*/stˈɛʎə/,,*/strˈɛxə/,*/strˈakə/,*/strˈʊkə/,,,,,,,,*/zˈuʃə/,,,*/nˌɛrˈant͡sə/,*/nˌɛpˈərtəkə/,,*/nˌɛvˈaʎə/,,,*/nˌaʒˈikə/,*/nˈavkə/,,*/lˌɛʃˈawə/,*/lˌapˈuʃə/,*/lˌabˈawə/,*/ˈalkə/,*/dlˈatə/,,,*/lˌɛ̃dˈinə/,*/lˈãɡʃkə/,,*/lˌɛʃnˈit͡sə/,,*/lˈɛxə/,*/lˈɛʃə/,*/lˈɛʃɲə/,*/lˈɛsə/,,*/lˈɛʎə/,*/lˈixə/,*/lˈipə/,*/lˌapˈatə/,,*/lˈazə/,,*/lˌuʒˈiə/,*/ʎˈutʃə/,*/ʎˈutə/,*/lˈuspə/,,*/rˌadˈimə/,,*/rˈawə/,*/rˈawkə/,*/rˈɛʒkə/,,,*/rˌaɡawˈɪ?2kə/,,,,*/rˈajkə/,*/rˈaɡə/,,,,*/rˌaɡaʒˈinə/,*/xrˌanˈit͡sə/,,*/rˈaklə/,,,,*/rˌaɡˈalə/,*/rˈɛ̃skə/,,*/rˈaɡə/,,*/rˈunə/,,,,*/pˈatə/,,*/pˌaɡˈanə/,,*/pˌakrˈawə/,*/pˌɛlˈɛnə/,,,*/pˌijavˈit͡sə/,,*/pˈiʃkə/,,,*/pˌaʎˈatə/,,,,,,*/pˌastrˈɛxə/,,,,,*/pˈatkə/,*/plˌaʃˈit͡sə/,,*/plˈat͡ʃə/,*/plˈaʃkə/,*/pˈalʃkə/,*/plˈaskə/,*/pʎˈuskə/,*/pˌasˈʊlə/,,,,*/plˌɛvnˈit͡sə/,*/pˌɛlˈɛnkə/,*/pʎˈuskə/,,,,,,,,,*/bˈabə/,*/bˌaɡˈatə/,,,,*/bˌɛrd͡zˈanə/,*/bˌɪrzˈɛʃtə/,*/bˌɛlˈɛvə/,*/bˌɛlbˈit͡sə/,*/bˌɛlvˈit͡sə/,,*/bˈɛlkə/,,*/bˈɛlit͡sə/,,*/bˌɛʃnˈit͡sə/,*/bˌɛsˈɛdə/,*/bˌistrˈit͡sə/,,,*/bˌaɡˈavə/,*/bˌarˈikə/,*/bˈalbə/,*/bˌuwalˈit͡sə/,,,*/bˌuʃtrˈit͡sə/,,,*/blˈanə/,,*/bʎˈudə/,*/blˈʊdə/,*/brˈazdə/,*/brˈanə/,*/brˈavə/,,,*/brˈi?2kə/,,,,,,,,*/vrˈət͡ʃvə/,*/vˈɪrstə/,*/vˌɛlˈɛnt͡sə/,*/vˈɛdrə/,,*/vˈiʃɲə/,*/vˈidrə/,,,*/wˈaʎə/,,,,,*/ˌawrˈaɡə/,,*/mˌatˈukə/,*/mˌarˈɛnə/,,*/mˈat͡ʃə/,*/mˈatkə/,*/mˈat͡sə/,*/mˈazə/,*/mˌaɡˈulə/,*/mˌɛrʃˈinə/,,,*/mˌɛtˈadlə/,*/mˈɛlə/,*/mˈɛrə/,*/mˌɛlˈinkə/,*/mˈitə/,*/mˌatavˈidlə/,*/mˌaldˈikə/,,*/mˌalˈit͡sə/,*/mˌarˈat͡ʃə/,*/mˌarvˈit͡sə/,*/mˌaɾavˈinə/,*/mˌarnˈit͡sə/,,*/mˈarə/,*/mˌʊʒˈɪ̃nskə/,*/mˈʊzɡə/,,,
R161,,,,,,,,,,,,,,,,,,,,,,,,,,,,,,,,,,,,,,,,,,,,,,,,,,,,,,,,,,,,,,,,,,,,,,,,,,,,,,,,,,,,,,,,,,,,,,,,,,,,,,,,,,,,,,,,,,,,,,,,,,,,,,,,,,,,,,,,,,,,,,,,,,,,,,,,,,,,,,,,,,,,,,,,,,,,,,,,,,,,,,,,,,,,,,,,,,,,,,,,,,,,,,,,,,,,,,,,,,,,,,,,,,,,,,,,,,,,,,,,,,,,,,,,,,,,,,,,,,,,,,,,,,,,,,,,,,,,,,,,,,,,,,,,,,,,,,,,,,,,,,,,,,,,,,,,,,,,,,,,,,,,,,,,,,,,,,,,,,,,,,,,,,,,,,,,,,,,,,,,,,,,,,,,,,,,,,,,,,,,,,,,,,,,,,,,,,,,,,,,,,,,,,,,,,,,,,,,,,,,,,,,,,,,,,,,,,,,,,,,,,,,,,,,,,,,,,,,,,,,,,,,,,,,,,,,,,,,,,,,,,,,,,,,,,,,,,,,,,,,,,,,,,,,
R162,,,,,,,,,,,,,,,,,,,,,,,,,,,,,,,,,,,,,,,,,,,,,,,,,,,,,,,,,,,,,,,,,,,,,,,,,,,,,,,,,,,,,,,,,,,,,,,,,,,,,,,,,,,,,,,,,,,,,,,,,,,,,,,,,,,,,,,,,,,,,,,,,,,,,,,,,,,,,,,,,,,,,,,,,,,,,,,,,,,,,,,,,,,,,,,,,,,,,,,,,,,,,,,,,,,,,,,,,,,,,,,,,,,,,,,,,,,,,,,,,,,,,,,,,,,,,,,,,,,,,,,,,,,,,,,,,,,,,,,,,,,,,,,,,,,,,,,,,,,,,,,,,,,,,,,,,,,,,,,,,,,,,,,,,,,,,,,,,,,,,,,,,,,,,,,,,,,,,,,,,,,,,,,,,,,,,,,,,,,,,,,,,,,,,,,,,,,,,,,,,,,,,,,,,,,,,,,,,,,,,,,,,,,,,,,,,,,,,,,,,,,,,,,,,,,,,,,,,,,,,,,,,,,,,,,,,,,,,,,,,,,,,,,,,,,,,,,,,,,,,,,,,,,,
R163,,,,,,,,,,,,,,,,,,,,,,,,,,,,,,,,,,,,,,,,,,,,,,,,,,,,,,,,,,,,,,,,,,,,,,,,,,,,,,,,,,,,,,,,,,,,,,,,,,,,,,,,,,,,,,,,,,,,,,,,,,,,,,,,,,,,,,,,,,,,,,,,,,,,,,,,,,,,,,,,,,,,,,,,,,,,,,,,,,,,,,,,,,,,*/ʃˈɛː?2/,,,,,,,,,,,,,,,,,,,,,,,,,,,,,,,,,,,,,,,,,,,,,,,,,,,,,,,,,,,,,,,,,,,,,,,,,,,,,,,,,,,,,,,,,,,,,,,,,,,,,,,,,,,,,,,,,,,,,,,,,,,,,,,,,,,,,,,,,,,,,,,,,,,,,,,,,,,,,,,,,,,,,,,,,,,,,,,,,,,,,,,,,,,,,,,,,,,,,,,,,,,,,,,,,,,,,,,,,,,,,,,,,,,,,,,,,,,,,,,,,,,,,,,,,,,,,,,,,,,,,,,,,,,,,,,,,,,,,,,,,,,,,,,,,,,,,,,,,,,,,,,,,,,,,,,,,,,,,,,,
R164,,,,,,,,,,,,,,,,,,,,,,,,,,,,,,,,,,,,,,,,,,,,,,,,,,,,,,,,,,,,,,,,,,,,,,,,,,,,,,,,,,,,,,,,,,,,,,,,,,,,,,,,,,,,,,,,,,,,,,,,,,,,,,,,,,,,,,,,,,,,,,,,,,,,,,,,,,,,,,,,,,,,,,,,,,,,,,,,,,,,,,,,,,,,,,,,,,,,,,,,,,,,,,,,,,,,,,,,,,,,,,,,,,,,,,,,,,,,,,,,,,,,,,,,,,,,,,,,,,,,,,,,,,,,,,,,,,,,,,,,,,,,,,,,,,,,,,,,,,,,,,,,,,,,,,,,,,,,,,,,,,,,,,,,,,,,,,,,,,,,,,,,,,,,,,,,,,,,,,,,,,,,,,,,,,,,,,,,,,,,,,,,,,,,,,,,,,,,,,,,,,,,,,,,,,,,,,,,,,,,,,,,,,,,,,,,,,,,,,,,,,,,,,,,,,,,,,,,,,,,,,,,,,,,,,,,,,,,,,,,,,,,,,,,,,,,,,,,,,,,,,,,,,,,
R165,,,,,,,,,,,,,,,,,,,,,,,,,,,,,,,,,,,,,,,,,,,,,,,,,,,,,,,,,,,,,,,,,,,,,,,,,,,,,,,,,,,,,,,,,,,,,,,,,,,,,,,,,,,,,,,,,,,,,,,,,,,,,,,,,,,,,,,,,,,,,,,,,,,,,,,,,,,,,,,,,,,,,,,,,,,,,,,,,,,,,,,,,,,,,,,,,,,,,,,,,,,,,,,,,,,,,,,,,,,,,,,,,,,,,,,,,,,,,,,,,,,,,,,,,,,,,,,,,,,,,,,,,,,,,,,,,,,,,,,,,,,,,,,,,,,,,,,,,,,,,,,,,,,,,,,,,,,,,,,,,,,,,,,,,,,,,,,,,,,,,,,,,,,,,,,,,,,,,,,,,,,,,,,,,,,,,,,,,,,,,,,,,,,,,,,,,,,,,,,,,,,,,,,,,,,,,,,,,,,,,,,,,,,,,,,,,,,,,,,,,,,,,,,,,,,,,,,,,,,,,,,,,,,,,,,,,,,,,,,,,,,,,,,,,,,,,,,,,,,,,,,,,,,,
R166,,,,,,,,,,,,,,,,,,,,,,,,,,,,,,,,,,,,,,,,,,,,,,,,,,,,,,,,,,,,,,,,,,,,,,,,,,,,,,,,,,,,,,,,,,,,,,,,,,,,,,,,,,,,,,,,,,,,,,,,,,,,,,,,,,,,,,,,,,,,,,,,,,,,,,,,,,,,,,,,,,,,,,,,,,,,,,,,,,,,,,,,,,,,,,,,,,,,,,,,,,,,,,,,,,,,,,,,,,,,,,,,,,,,,,,,,,,,,,,,,,,,,,,,,,,,,,,,,,,,,,,,,,,,,,,,,,,,,,,,,,,,,,,,,,,,,,,,,,,,,,,,,,,,,,,,,,,,,,,,,,,,,,,,,,,,,,,,,,,,,,,,,,,,,,,,,,,,,,,,,,,,,,,,,,,,,,,,,,,,,,,,,,,,,,,,,,,,,,,,,,,,,,,,,,,,,,,,,,,,,,,,,,*/bˌɛlɡrˈat/,,,,,,,,,,,,,,,,,,,,,,,,,,,,,,,,,,,,,,,,,,,,,,,,,,,,,,,,,,,,,,,,,,,,,,,,,,,,,,,,,,
R167,,,,,*/xˌarbˈɪːl/,,,,,,*/jˌarˈiːnə/,,,*/jˈaːr/,,,,,,,,,,,*/ˌabpˈɪːnkə/,*/ˌabvˈaːr/,,,*/kˌat͡ʃurˈɛːl/,*/kˌat͡ʃˈuːl/,,,,,,,,*/kˌarvˈaːʎə/,,,,,,,,*/kˌar?2ˈuːn/,,*/kˌapˈuːʎə/,,*/kˈɔːʷlk/,,*/kˈɔːʷr?2/,*/kˈɔːʷrpə/,,*/kˌasˈaːr/,*/kvˌaðrˈaːnt/,*/kˌãkˈaːl/,,,,,,,*/kˌapˈiːl/,*/kˌapɾˈɪː̃nskə/,,*/kˈaːl/,,,,,,,,*/kˈaːrə/,*/kˈaːrt͡sɛ/,*/kˈaːrdə/,,,,*/kˈaːlpə/,,,,,,,,,*/kˈuːlə/,*/kˈɔːʷlbə/,*/kˈuːrvə/,,*/kˈuːmə/,,*/krˌaxˈiːnə/,,*/ɡˌalˈiːnə/,,,*/ɡˈaːʎkə/,*/ɡˈaːlvə/,*/ɡˈaːʎə/,,,,*/ɡrˌəkˈiːɲə/,,*/ɡˌʊrdˈaːlə/,,,,,,,,*/ɡˈɔːʷrt͡ʃ/,*/ɡˈɔːʷrbə/,,*/ɡˌastˈɪː̃nskə/,,,*/ɡˌamˈiːlə/,*/ɡˌãbˈɛːl/,,,*/ɡˌalvˈiːnə/,*/ɡrˌaʃˈiːnə/,*/ɡrˌadˈiːnə/,,,,*/ɡˈaːrʃ/,,*/ɡˈɔːʷrʃt/,,,,,,,,,,,,,,,,,,,,,,*/ɡlˌãbat͡ʃˈaːɾ/,,*/ɡlˌãbat͡ʃˈaːr/,,,,,,,*/t͡ʃˌɛtˈiːnə/,,,,*/t͡ʃˈɛːlə/,*/?2ˈɛːrdə/,*/?2ˈɪːrn/,,,,*/t͡ʃˈuːlə/,,,*/ʃˌatˈɔːʷrɛ/,,*/ʃˈaːrə/,,,*/ʃˈaːl?2ə/,,,,,,,,,,,*/ʃˈɔːʷlə/,*/ʃˈuːl/,,*/ʃtˌʊrmˈɛːnn/,*/ʃtˌapˈaːɲə/,*/ʃtˌapˈaːn?2̬ə/,,*/ʃtˌapˈaːn/,*/ʃtˈuːɲə/,,,*/ʒˌãbˈiːnə/,,,,,,*/tˌajˈiːnə/,*/tˈiːnə/,,,,,,,,*/tˌunt͡sjˈaːn/,*/tˈuːɲə/,*/tˈuːn/,,,*/tˈɪːrʃ/,,,,,*/dˌɛlbtˈiːnə/,,*/dˈiːrə/,,,*/dˌalˈiːnə/,,,,,,,,,,,,,*/t͡sˌarˈiːnə/,*/?2ˈaːrə/,*/?2ˈaːrbə/,,,,*/?2ˈɪːrmə/,,,*/sˈaːɲə/,*/sˈɛːnə/,,*/sˈɛːlt͡sə/,*/sˈɛːrə/,,*/sˈiːlə/,,,,,*/sˌʊtˈiːnə/,*/sˌãdˈɔːɲ/,,*/skˈaːrə/,,,,*/sˌãdˈɔ̃ːɲ/,,,,,,,*/stˌɪrvˈiːnə/,*/stˈɛːʎə/,,,,,*/strˈuːm/,,*/zˌabˈɛːl/,,,,,,,,*/nˌɛrˈaːnt͡sə/,*/nˌɛpˈəːrtəkə/,,*/nˌɛvˈaːʎə/,,*/nˈɛːmt͡s/,,,,,,,*/ˈaːlkə/,,,,*/lˌɛ̃dˈiːnə/,,,,,,,,,,*/lˈɛːʎə/,,,,,,,,,,,*/rˌaɡˈaːl/,*/rˌadˈiːmə/,,,,,,,,*/rˌatˈaːr/,,,,,,*/rˈuːnt͡s/,,*/rˌaɡaʒˈiːnə/,,,,,*/ˈaːrvɛʃ/,,*/rˌaɡˈaːlə/,,,,,*/rˈuːnə/,,,,,*/pˌaɡˈaːɲ/,*/pˌaɡˈaːnə/,*/pˌãdˈaːr/,,*/pˌɛlˈɛːnə/,*/pˌɛlˈiːn/,,,,,*/pˈiːɾj/,,,*/pˌaʎˈaːn/,*/pˌatˈɛːrɛ/,,,,,,,,,,,,,,*/pˈaːlʃkə/,,,*/pˌasˈɔːʷlə/,*/pˈuːrj/,,,,*/pˌɛlˈɛːnkə/,,,,,*/pˌabɾatˈiːm/,,,,,,,,,,*/bˌɛrd͡zˈaːnə/,,,,,,*/bˈɛːlkə/,*/bˈɛːl/,*/bˈɛːlit͡sə/,*/ˌabwˈɪːrtk/,,,,,,,,*/bˈaːlbə/,,,,,,,*/blˈaːnə/,,,,,*/brˈaːnə/,,,,,*/xˈaːld/,,,,,,,,*/vˈɪːrstə/,*/vˌɛlˈɛːnt͡sə/,,,,,,,*/wˈaːʎə/,,,*/wˈaːrn/,*/vˈəːrl/,,,,*/mˌarˈɛːnə/,,,,,,*/mˌaɡˈuːlə/,*/mˌɛrʃˈiːnə/,,,,*/mˈɛːlə/,*/mˈɛːrə/,*/mˌɛlˈiːnkə/,,,,,,,,*/mˌaɾavˈiːnə/,,*/mˈaːl/,*/mˈaːrə/,*/mˌʊʒˈɪː̃nskə/,,*/ˌɛmpˈaːriɛ/,,*/npˈaːrzdn/
R168,*/ˌarɡˈaːvə/,,*/ˌardɛnˈiːt͡sə/,,,,,*/xˌaɾmˈaːvə/,,,,,*/ˈɛːz/,,*/ˈɛːzɛr/,,,*/jˈɪːskrə/,*/ˈiːvə/,,,*/ˌatˈaːvə/,,,,,,,,,,,,*/kˌastravˈɪːt͡s/,*/kˌasnˈɪːt͡s/,,,,*/kˌarˈɪːt͡sə/,,,,*/kˌamɛnˈiːt͡sə/,*/tkˈaːt͡ʃ/,,,*/kˌʊrbˈaːt͡ʃ/,,*/kˌamˈiːʃt/,,,,,,,,,*/kˌalˈɛːʃkə/,,,,,*/kˌapˈiːt͡sə/,,,*/kˌavˈaːt͡ʃ/,,*/kˈaːʃ/,*/kˈaːst/,*/kˈaːzlt͡sə/,,,*/kˈaːsə/,*/kˈaːstrə/,,,,,,,,,,,*/kˌalˈaːt͡ʃ/,,,*/kˈuːt͡ʃ/,,,,,,,,,,,,,,,,,*/kˌʊlbˈaːzə/,,,,,*/ɡˌaɾdˈɛːt͡s/,,,*/ɡˌʊrdlˈaː?2/,*/ɡˌʊɾlˈiːt͡sə/,,,,,,,,*/ɡˌarnˈiːt͡sə/,,,*/ɡvˈaːzdə/,,,,,,,*/ɡrˌɛbˈaːʃ/,,*/ɡrˈaːzdl/,,*/lˠˌapˈuːʃ/,*/lˠˌapˈuːʃə/,*/lˠˈaːʃkə/,*/lˠˈaːzt͡sə/,*/lˠˈaːzkə/,*/lˠˈaːzarə/,,,*/lˈaːskə/,,,,,*/ˌulˈiːʃt͡ʃ/,,*/tjˈɛ̃ːʒnə/,,,,*/kʎˈuːt͡ʃ/,*/ɡlˌavnˈiːt͡sə/,,,,,,,,,,,,,,,,,,,,,,,,,,,,,,,,,,*/ʃkˌawardˈɪːt͡s/,,,*/ʃˌuʃˈiːt͡sə/,,,,,,,,*/ʃtˌapanˈɛːʃə/,,,*/ʃtrˈaːʒə/,,,,,,,,,,,,*/tˌarˈiːʃt͡ʃ/,,,,,,,,,*/trˈɪːʃ/,,,,*/dˌarˈaːvə/,*/dˌɛʃnˈiːt͡sə/,,,,,,,,,,,,,,,,,,,,,,,,,,,,,,,,,,,,,,,,,,,,*/skrˈaːvnə/,,,,,,*/slˈuːfuɾ/,,,,,,,,,,,,,*/zˌãbˈiːʃt/,,,*/zˈuːʃə/,,*/zvˌɛrˈiːʃt/,,,,,,,,*/nˈaːvkə/,,,*/lˌapˈuːʃə/,,,,,,,,,*/lˌɛʃnˈiːt͡sə/,,,*/lˈɛːʃə/,*/lˈɛːʃɲə/,*/lˈɛːsə/,*/lˈɪːstkr/,,,,,,*/lˈaːzə/,,,,,*/lˈuːspə/,,,*/wˌarbˈɪːt͡s/,,,*/rˈɛːʒkə/,,,*/rˌaɡawˈɪː?2kə/,,,,,,,,,,*/xrˌanˈiːt͡sə/,,,,,,,*/rˈɛ̃ːskə/,,,*/rˈaːʒk/,,,,,,,,,,,,,*/pˌijavˈiːt͡sə/,,*/pˈiːʃkə/,,,,,,,,,,,,,,,*/plˌaʃˈiːt͡sə/,*/plˈaːz/,*/plˈaːt͡ʃə/,*/plˈaːʃkə/,,*/plˈaːskə/,*/pʎˈuːskə/,,,,,*/plˌɛvnˈiːt͡sə/,,*/pʎˈuːskə/,,*/prˈiːsk/,,,,,*/bˌarðmˈaːʃ/,,,,,,,,*/bˌɪrzˈɛːʃtə/,*/bˌɛlˈɛːvə/,*/bˌɛlbˈiːt͡sə/,*/bˌɛlvˈiːt͡sə/,,,,,,*/bˌɛʃnˈiːt͡sə/,,*/bˌistrˈiːt͡sə/,*/bˈiː?2k/,*/bˈiːstr/,*/bˌaɡˈaːvə/,,,*/bˌuwalˈiːt͡sə/,,,*/bˌuʃtrˈiːt͡sə/,,*/bˈuːʃtr/,,*/bˌɛlˈuːʃ/,,,*/brˈaːzdə/,,*/brˈaːvə/,,*/brˈiː?2k/,*/brˈiː?2kə/,,,,,,,,*/vrˈəːt͡ʃvə/,,,,,*/vˈiːʃɲə/,,*/vˈiːsk/,,,,,,,,,,,,*/mˈaːt͡ʃə/,,*/mˈaːt͡sə/,*/mˈaːzə/,,,,,,,,,,,,,*/mˌalˈiːt͡sə/,*/mˌarˈaːt͡ʃə/,*/mˌarvˈiːt͡sə/,,*/mˌarnˈiːt͡sə/,,,,*/mˈɔːʷzɡə/,,,
R169,,,,,,,,,,,,,,,,,,,,,,,,,,,,,,,,,,,,,,,,,,,,,,,,,,,,,,,,,,,,,,,,,,,,,,,,,,,,,,,,,,,,,,,,,,,,,,,,,,,,,,,,,,,,,,,,,,,,,,,,,,,,,,,,,,,,,,,,,,,,,,,,,,*/ˌukrˈaː/,,,,,,,,,,,,,,,,,,,,,,,,,,,,,,,,,,,,,,,,,,,,,,,,,,,,,,,,,,,,,,,,,,,,,,,,,,,,,,,,,,,,,,,,,,,,,,,,,,,,,,,,,,,,,,,,,,,,,,,,,,,,,,,,,,,,,,,,,,,,,,,,,,,,,,,,,,,,,,,,,,,,,,,,,,,,,,,,,,,,,,,,,,*/lˌuʒˈiː/,,,,,,,,,,,,,,,,,,,,,,,,,,,,,,,,,,,,,,,,,,,,,,,,,,,,,,*/pˌastˈaː/,,,,,,,,,,,,,,,,,,,,,,,,,,,,,,,,,,,,,,,,,,,,,,,,,,,,,,,,,,,,,,,,,,,,,,,,,,,,,,,,,,,,,,,,,,,,,,,,,,,,,,,,,,,,,,,,,,,,,,,,*/ˌɛmpˈaːriː/,,
R170,,,,,,,,,,,,,,,,,,,,,,,,,,,,,,,,,,,,,,,,,,,,,,,,,,,,,,,,,,,,,,,,,,,,,,,,,,,,,,,,,,,,,,,,,,,,,,,,,,,,,,,,,,,,,,,,,,,,,,,,,,,,,,,,,,,,,,,,,,,,,,,,,,,,,,,,,,,,,,,,,,,,,,,,,,,,,,,,,,,,,,,,,,,,,,,,,,,,,,,,,,,,,,,,,,,,,,,,,,,,,,,,,,,,,,,,,,,,,,,,,,,,,,,,,,,,,,,,,,,,,,,,,,,,,,,,,,,,,,,,,,,,,,,,,*/strˈuːmb/,,,,,,,,,,,,,,,,,,,,,,,,,,,,,,,,,,,,,,,,,,,,,,,,,,,,,,,,,,,,,,,,,,,,,,,,,,,,,,,,,,,,,,,,,,,,,,,,,,,,,,,,,,,,,,,,,,,,,,,,,,*/pˌabɾatˈiːmb/,,,,,,,,,,,,,,,,,,,,,,,,,,,,,,,,,,,,,,,,,,,,,,,,,,,,,,,,,,,,,,,,,,,,,,,,,,,,,,,,,,,,,,,,,,,,,,,,,
R171,,,*/ˌardɛ̃nˈiːt͡sə/,,,,,,,,*/jˌarˈĩːnə/,,,,,,,,,,,,,,*/ˌabpˈɪː̃nkə/,,,,,,,,,,,,,,,,,,*/kˌãmɛ̃nˈiːt͡sə/,,,*/kˌar?2ˈũːn/,,,*/kˌãmˈiːʃt/,,,,,,,*/kvˌaðrˈãːnt/,,,,,,,,,,,,,,,,,,,,,,,,,,,,,,,,,,,,,,*/kˈũːmə/,,*/krˌaxˈĩːnə/,*/ɡˌatˈawɔ̃ɲ/,*/ɡˌalˈĩːnə/,*/ɡˌãmˈit/,,,,,,,,*/ɡrˌəkˈĩːɲə/,,,,,,,,*/ɡrˌãmˈadə/,,,,,,,,*/ɡˌãmˈiːlə/,,,,*/ɡˌalvˈĩːnə/,*/ɡrˌaʃˈĩːnə/,*/ɡrˌadˈĩːnə/,,,,,,,,,,,,,,*/lˌãmˈit/,,,,,*/jˌũnˈak/,,,,,,,,,,,,,,,,,,*/t͡ʃˌɛtˈĩːnə/,,,,,,,,,,,,,,,,,,,,,,,,,,,,,,,,*/ʃtˌʊrmˈɛ̃ːnn/,*/ʃtˌapˈãːɲə/,*/ʃtˌapˈãːn?2̬ə/,*/ʃtˌapãnˈɛːʃə/,*/ʃtˌapˈãːn/,*/ʃtˈũːɲə/,,,*/ʒˌãbˈĩːnə/,,,,,,*/tˌajˈĩːnə/,*/tˈĩːnə/,,,,,,,,*/tˌũnt͡sjˈãːn/,*/tˈũːɲə/,*/tˈũːn/,,,,,,,,*/dˌɛlbtˈĩːnə/,,,,,*/dˌalˈĩːnə/,,,,,,,,*/drˌɛ̃mˈit/,,,,,*/t͡sˌarˈĩːnə/,,,,,*/t͡sˌɛ̃nˈit/,,,,*/sˈãːɲə/,*/sˈɛ̃ːnə/,,,,,,,,,,*/sˌʊtˈĩːnə/,*/sˌãdˈɔ̃ːɲ/,,,,,,,,,,,,,*/stˌɪrvˈĩːnə/,,,,,,*/strˈũːmb/,*/sə̃miʎˈat/,,,,,,,,,*/nˌɛrˈãːnt͡sə/,,,,,*/nˈɛ̃ːmt͡s/,,,*/ˌalkãmˈɪj/,,,,,,,,*/lˌɛ̃dˈĩːnə/,,,,,,,,,,,,,,,,,,,,,,*/rˌadˈĩːmə/,,,,,,,,,,,,,,*/rˈũːnt͡s/,,*/rˌaɡaʒˈĩːnə/,*/xrˌãnˈiːt͡sə/,,,,,,,,,,,*/rˈũːnə/,,,,,*/pˌaɡˈãːɲ/,*/pˌaɡˈãːnə/,,,*/pˌɛlˈɛ̃ːnə/,*/pˌɛlˈĩːn/,,,,,,,,*/pˌaʎˈãːn/,,,,,,*/pˌãmnˈit/,,,,,,,,,,,,,,,,,*/pˌɛlˈɛ̃ːnkə/,,,,,*/pˌabɾatˈĩːmb/,,,,,,,,,,*/bˌɛrd͡zˈãːnə/,,,,,,,,,,,,,,,,,,,,,,,,*/blˈãːnə/,,,,,*/brˈãːnə/,,,,,,,,,,,,,,*/vˌɛlˈɛ̃ːnt͡sə/,,,,,,,,,,,,,,,*/mˌarˈɛ̃ːnə/,,,,,,,*/mˌɛrʃˈĩːnə/,,,,,,*/mˌɛlˈĩːnkə/,,,,,,,,*/mˌaɾavˈĩːnə/,,,,,,*/ˌɛ̃mpˈaːriː/,,
R172,,,,,,,,,,,,,,,,,,,,,,,,,,,,,,,,,,,,,,,,,,,,,,,,,,,,,,,,,,,,,,,,,*/kˌapɾˈɪː̃skə/,,,,,,,,,,,,,,,,,,,,,,,,,,,,,,,,,,,,,,,,,,,,,,,,,,,,,,,*/ɡˌastˈɪː̃skə/,,,,,,,,,,,,,,,,,,,,,,,,,,,,,,,,,,,,,,,,,,,,,,,,,,,,,,,,,,,,,,,,,,,,,,,,,,,,,,,,*/ʃtˌapˈãː?2̬ə/,,,,,,,,,,,,,,,,,,,,,*/tˌũt͡sjˈãːn/,,,,,,,,,,,,,,,,,,,,,,,,,,,,,,,,,,,,,,,,,,,,,,,,,,,,,,,,,,,,,,,,,,,,,,,,,,,,,,*/nˌɛrˈãːt͡sə/,,,,,,,,,,,,,,,,,,,,,,,,,,,,,,,,,,,,,,,,,,,,,,,,,,,,*/rˈũːt͡s/,,,,,,,,,,,,,,,,,,,,,,,,,,,,,,,,,,,,,,,,,,,,,,,,,,,,,,,,,,,,,,,,,,,,,,,,,,,,,,,,,,,,,,,,,,,,,,,,,,,,,,,,,,,,,,,,,*/vˌɛlˈɛ̃ːt͡sə/,,,,,,,,,,,,,,,,,,,,,,,,,,,,,,,,,,,,,,,,*/mˌʊʒˈɪː̃skə/,,,,
R173,,,,,,,,,,,,,,,,,,,,,,,,,,,,,,,,,,,,,,,,,,,,,,*/kˌar?2ˈũː/,,,,,,,,,,,,,,,,,,,,,,,,,,,,,,,,,,,,,,,,,,,,,,,,,,,,,,,,,,,,,,,,,,,,,,,,,,,,,,,,,,,,,,,,,,,,,,,,,,,,,,,,,,,,,,,,,,,,,,,,,,,,,,,,,,,,,,,,,,,,,,,,,,,,,,,,,,,,*/ʃtˌapˈãː/,,,,,,,,,,,,,,,,,,,*/tˌũt͡sjˈãː/,,*/tˈũː/,,,,,,,,,,,,,,,,,,,,,,,,,,,,,,,,,,,,,,,,,,,,,,,,,,,,,,,,,,,,,,,,,,,,,,,,,,,,,,,,,,,,,,,,,,,,,,,,,,,,,,,,,,,,,,,,,,,,,,,,,,,,,,,,,,,,,,,,,,,,,,,,,,,,,,,,*/pˌɛlˈĩː/,,,,,,,,*/pˌaʎˈãː/,,,,,,,,,,,,,,,,,,,,,,,,,,,,,,,,,,,,,,,,,,,,,,,,,,,,,,,,,,,,,,,,,,,,,,,,,,,,,,,,,,,,,,,,,,,,,,,,,,,,,,,,,,,,,,,,,,,,,,,,,,,,,
R174,*/hˌarɡˈaːvə/,*/hˌarkˈitə/,*/hˌardɛ̃nˈiːt͡sə/,*/hˌavˈit/,,,,,,,,,*/hˈɛːz/,,*/hˈɛːzɛr/,,,,*/hˈiːvə/,*/hˌabkˈitə/,*/hˌaɡrˈa?1ə/,*/hˌatˈaːvə/,*/hˌarãdˈɪj/,*/hˌabrˈak/,*/hˌabpˈɪː̃nkə/,*/hˌabvˈaːr/,*/hˌablˈãk/,*/hˈɔjiʃt/,,,,,,,,,,,,,,,,,,,,,,,,,,,,,,,,,,,,,,,,,,,,,,,,,,,,,,,,,,,,,,,,,,,,,,,,,,,,,,,,,,,,,,,,,,,,,,,,,,,,,,,,,,,,,,,,,,,,,,*/hˌukrˈaː/,*/hˌudˈab/,,*/hˌulˈiːʃt͡ʃ/,*/hˌurˈak/,,,,,,,,,,,,,,,,,,,,,,,,,,,,,,,,,,,,,,,,,,,,,,,,,,,,,,,,,,,,,,,,,,,,,,,,,,,,,,,,,,,,,,,,,,,,,,,,,,,,,,,,,,,,,,,,,,,,,,,,,,,,,,,,,,,,,,,,,,,,,,,,,,,,,,,,,,,,,*/hˌalkãmˈɪj/,,,,*/hˈaːlkə/,,,,,,,,,,,,,,,,,,,,,,,,,,,,,,,,,,,,,,,,,,,,,,,*/hˈaːrvɛʃ/,,,,,,,,,,,,,,,,,,,,,,,,,,,,,,,,,,,,,,,,,,,,,,,,,,,,,,,,,,,,,,,,,,,,,,,,*/hˌabwˈɪːrtk/,,,,,,,,,,,,,,,,,,,,,,,,,,,,,,,,,,,,,,,,*/hˈakal/,,*/hˈabaɡ/,,,,*/hˌawrˈaɡə/,,,,,,,,,,,,,,,,,,,,,,,,,,,,,,*/hˌɛ̃mpˈaːriː/,,
R175,,,,,,,,,,,,,,,,,,,,,,,,,,,,,,,,,,,,,,,,,,,,,,,,,,,,,,,,,,,,,,,,,,,,,,,,,,,,,,,,,,,,,,,,,,,,,,,,,,,,,,,,,,,,,,,,,,,,,,,,,,,,,,,,,,,,,,,,,,,,,,,,,,,,,,,,,,,,,,,,,,,,,,,,,,,,,,,,,,,,,,,,,,,,,,,,,,,,,,,,,,,,,,,,,,,,,,,,,,,,,,,,,,,,,,,,,,,,,,,,,,,,,,,,,,,,,,,,,,,,,,,,,,,,,,,,,,,,,,,,,,,,,,,,,,,,,,,,,,,,,,,,,,,,,,,,,,,,,,,,,,,,,,,,,,,,,,,,,,,,,,,,,,,,,,,,,,,,,,,,,,,,,,,,,,,,,,,,,,,,,,,,,,,,,,,,,,,,,,,,,,,,,,,,,,,,,,,,,,,,,,,,,,,,,,,,,,,,,,,,,,,,,,,,,,,,,,,,,,,,,,,,,,,,,,,,,,,,,,,,,,,,,,,,,,,,,,,,,,,,,,,,,,,,
R176,,,,,,,,,,,,,,,,,,,,,,,,,,,,,,,,,,,,,,,,,,,,,,,,,,,,,,,,,,,,,,,,,,,,,,,,,,,,,,,,,,,,,,,,,,,,,,,,,,,,,,,,,,,,,,,,,,,,,,,,,,,,,,,,,,,,,,,,,,,,,,,,,,,,,,,,,,,,,,,,,,,,,,,,,,,,,,,,,,,,,,,,,,,,,,,,,,,,,,,,,,,,,,,,,,,,,,,,,,,,,,,,,,,,,,,,,,,,,,,,,,,,,,,,,,,,,,,,,,,,,,,,,,,,,,,,,,,,,,,,,,,,,,,,,,,,,,,,,,,,,,,,,,,,,,,,,,,,,,,,,,,,,,,,,,,,,,,,,,,,,,,,,,,,,,,,,,,,,,,,,,,,,,,,,,,,,,,,,,,,,,,,,,,,,,,,,,,,,,,,,,,,,,,,,,,,,,,,,,,,,,,,,,,,,,,,,,,,,,,,,,,,,,,,,,,,,,,,,,,,,,,,,,,,,,,,,,,,,,,,,,,,,,,,,,,,,,,,,,,,,,,,,,,,
R177,,,,,,,,,,,,,,,,,,,,,,,,,,,,,,,,,,,,,,,,,,,,,,,,,,,,,,,,,,,,,,,,,,,,,,,,,,,,,,,,,,,,,,,,,,,,,,,,,,,,,,,,,,,,,,,,,,,,,,,,,,,,,,,,,,,,,,,,,,,,,,,,,,,,,,,,,,,,,,,,,,,,,,,,,,,,,,,,,,,,,,,,,,,,,,,,,,,,,*/ʒlˈatə/,,,,,,,,,,,,,,,,,,,,,,,,,,,,,,,,,*/dˌɛʒnˈiːt͡sə/,,,,,,,,,,,,,,,,,,,,,,,,,,,,,,,,,,,,,,,,,,,,,,,,,,,,,,,,,,,,,,,,,,,,,,,,,,,,,,,,,,,,,,,,*/lˌɛʒnˈiːt͡sə/,,,,*/lˈɛːʒɲə/,,,,,,,,,,,,,,,,,,,,,,,,,,,,,,,,,,,,,,,,,,,,*/pˌaʒnˈik/,,,,,,,,,,,,,,,,,,,,,,,,,,,,,,,,,,,,,,,,,,,,,,,,,,,,,,,,,,,,,,,,,*/bˌɛʒnˈiːt͡sə/,,,,,,,,,,,,,,,,,,,,,,,,,,,,,,,,,,,,*/vˈiːʒɲə/,,,,,,,,,,,,,,,,,,,,,,,,,,,,,,,,,,,,,,,,,
R178,,,,,,,,,,,,,,,,,,,,,,,,,,,,,,,,,,,,,,,,,,,,,,,,,,*/kˈɔːʷʎk/,,,,,,,,,,,,,,,,,,,,,,,,,,,,,,,,,,,,,,,,,,,,,,,,,,,,,,,,,,,,,,,,,,,,,,,,,,,,,,,,,,,,,,,,,,,,,,,,,,,,,,,,,,,,,,,,,,,,,,,,,,,,,,,,,,,,,,,,,,,,,,,,,,,,,,,,,,,,,,,,,,,,,,,,,,,,,,,,,,,,,,,,,,,,,,,,,,,,,,,,,,,,,,,,,,,,,,,,,,,,,*/sˌavˈadʎkə/,,,,,,,,,,,,,,,,,,,,,,,,,,,,,,,,,,,,*/hˌaʎkãmˈɪj/,,,,*/hˈaːʎkə/,,,,,,,,,,,,,,,,,,,,,,,,,,,,,,,,,,,,,,,,,,,,,,,,,,,,,,,,,,,,,,,,,,,,,,,,,,,,,,,,,,,,,,,,,,,,,,,,,,,,,,,,,,,,,,,,,,,,*/bˈɛːʎkə/,,,,,,,,,,,,,,,,,,,,,,,,,,,,,*/wˌaʎkˈaw/,,,,,,,,,,,,,,,,,*/wˌʊʎkadlˈak/,,,,,,,,,,,,,,,,,,,,,,,,,,,,,,,,,,,
R179,,,,,,,,,,,,,,,,,,,,,,,,,,,,,,,,,,,,,,,,,,,,,,,,,,,,,,,,,,,,,,,,,,,,,,,,,,,,,,,,,,,,,,,,,,,,,,,,,,,,,,,,,,,,,,,,,,,,,,,,,,,,,,,,,,,,,,,,,,,,,,,,,,,,,,,,,*/kʎˌɛpˈadlə/,*/kʎˈɛp/,,*/ɡʎˌavnˈiːt͡sə/,*/ɡʎˌãbat͡ʃˈaːɾ/,,*/ɡʎˌãbat͡ʃˈaːr/,*/ɡʎˈabə/,,,,,,,,,,,,,,,,,,,,,,,,,,,,,,,,,,,,,,,,,,,,,,,,,,,,,,,,,,,,,,,,,,,,,,,,,,,,,,,,,,,,,,,,,,,,,,,,,,,,,,,,,,,,,,,,,,,,,,,,,,,,,,,,,,,,,,,,,,,,,,,,,,,,,,,,,,,,,,,,,,,,,,,,,,,,,,,,,,,,,,,,,,,,,,,,,,,,*/rˈakʎə/,,,,,,,,,,,,,,,,,,,,,,,,,,,,,,,,,,,,,,,,,,,,,,,,,,,,,,,,,,,,,,,,,,,,,,,,,,,,,,,,,,,,,,,,,,,,,,,,,,,,,,,,,,,,,,,,,,,,,,,,,,,,,,,,,,,,,,,,,,,,,,,,,,,,,,,,
~Proto-Tosk-SGheg,null*/hˌarɡˈaːvə/,null*/hˌarkˈitə/,null*/hˌardɛ̃nˈiːt͡sə/,null*/hˌavˈit/,null*/xˌarbˈɪːl/,null*/xˌabˈit/,null*/xˌitˈat/,null*/xˌaɾmˈaːvə/,null*/xˈɔːrə/,null*/xˌukˈat/,null*/jˌarˈĩːnə/,null*/jˌarˈaw/,null*/hˈɛːz/,null*/jˈaːr/,null*/hˈɛːzɛr/,null*/jˈuɡ/,null*/jˈud/,null*/jˈɪːskrə/,null*/hˈiːvə/,null*/hˌabkˈitə/,null*/hˌaɡrˈa?1ə/,null*/hˌatˈaːvə/,null*/hˌarãdˈɪj/,null*/hˌabrˈak/,null*/hˌabpˈɪː̃nkə/,null*/hˌabvˈaːr/,null*/hˌablˈãk/,null*/hˈɔjiʃt/,null*/kˌat͡ʃurˈɛːl/,null*/kˌat͡ʃˈuːl/,null*/kˌat͡ʃˈubə/,null*/kˌat͡ʃˈubɛl/,null*/kˌadˈit/,null*/kˌastravˈɪːt͡s/,null*/kˌasnˈɪːt͡s/,null*/kˌalibˈab/,null*/kˌalˈibə/,null*/kˌarvˈaːʎə/,null*/kˌarˈɪːt͡sə/,null*/kˌarˈutə/,null*/kˌarˈup/,null*/kˌapˈit/,null*/kˌãmɛ̃nˈiːt͡sə/,null*/tkˈaːt͡ʃ/,null*/krˌi?2ˈat/,null*/kˌar?2ˈũː/,null*/kˌʊrbˈaːt͡ʃ/,null*/kˌapˈuːʎə/,null*/kˌãmˈiːʃt/,null*/kˈɔːʷʎk/,null*/kˈãt/,null*/kˈɔːʷr?2/,null*/kˈɔːʷrpə/,null*/kˌasˈit/,null*/kˌasˈaːr/,null*/kvˌaðrˈãːnt/,null*/kˌãkˈaːl/,null*/kˌalˈɛːʃkə/,null*/kˌalˈibə/,null*/kˌarˈit/,null*/kˌarˈitə/,null*/kˌarˈubə/,null*/kˌapˈiːt͡sə/,null*/kˌapˈiːl/,null*/kˌapɾˈɪː̃skə/,null*/kˌavˈaːt͡ʃ/,null*/kˈaːl/,null*/kˈaːʃ/,null*/kˈaːst/,null*/kˈaːzlt͡sə/,null*/kˈatt͡sə/,null*/kvˈa/,null*/kˈaːsə/,null*/kˈaːstrə/,null*/kˈaːrə/,null*/kˈaːrt͡sɛ/,null*/kˈaːrdə/,null*/kˈapr/,null*/kˈab/,null*/kˌalpˈit/,null*/kˈaːlpə/,null*/kˌalt͡ʃˈit/,null*/kˌukˈat/,null*/kˌuʃˈawə/,null*/kˌalˈaːt͡ʃ/,null*/kˌupɛlnˈik/,null*/kˈukə/,null*/kˈuːt͡ʃ/,null*/kˈut/,null*/kˈuːlə/,null*/kˈɔːʷlbə/,null*/kˈuːrvə/,null*/kˈu/,null*/kˈũːmə/,null*/krˌaxˈit/,null*/krˌaxˈĩːnə/,null*/ɡˌatˈawɔ̃ɲ/,null*/ɡˌalˈĩːnə/,null*/ɡˌãmˈit/,null*/ɡˈaj/,null*/ɡˈaːʎkə/,null*/ɡˈaːlvə/,null*/ɡˈaːʎə/,null*/ɡˌʊltˈit/,null*/kˌʊlbˈaːzə/,null*/kˌʊrxˈat/,null*/ɡrˌəkˈĩːɲə/,null*/kˌərt͡ʃˈak/,null*/ɡˌʊrdˈaːlə/,null*/ɡˌaɾdˈɛːt͡s/,null*/ɡˌʊrdˈit/,null*/ɡˌʊrdˈit/,null*/ɡˌʊrdlˈaː?2/,null*/ɡˌʊɾlˈiːt͡sə/,null*/ɡrˌãmˈadə/,null*/ɡrˈək/,null*/ɡˈɔːʷrt͡ʃ/,null*/ɡˈɔːʷrbə/,null*/ɡˌadˈit/,null*/ɡˌastˈɪː̃skə/,null*/ɡˌastˈit/,null*/ɡˌarnˈiːt͡sə/,null*/ɡˌãmˈiːlə/,null*/ɡˌãbˈɛːl/,null*/ɡvˈaːzdə/,null*/ɡˌalvnˈik/,null*/ɡˌalvˈĩːnə/,null*/ɡrˌaʃˈĩːnə/,null*/ɡrˌadˈĩːnə/,null*/ɡrˌabˈit/,null*/ɡrˈadə/,null*/ɡrˌɛbˈaːʃ/,null*/ɡˈaːrʃ/,null*/ɡrˈaːzdl/,null*/ɡˈɔːʷrʃt/,null*/lˠˌapˈuːʃ/,null*/lˠˌapˈuːʃə/,null*/lˠˈaːʃkə/,null*/lˠˈaːzt͡sə/,null*/lˠˈaːzkə/,null*/lˠˈaːzarə/,null*/lˠˈãɡə/,null*/lˌãmˈit/,null*/lˈaːskə/,null*/lˈukə/,null*/hˌukrˈaː/,null*/hˌudˈab/,null*/jˌũnˈak/,null*/hˌulˈiːʃt͡ʃ/,null*/hˌurˈak/,null*/tjˈɛ̃ːʒnə/,null*/tjɛsˈat/,null*/kʎˌɛpˈadlə/,null*/kʎˈɛp/,null*/kʎˈuːt͡ʃ/,null*/ɡʎˌavnˈiːt͡sə/,null*/ɡʎˌãbat͡ʃˈaːɾ/,null*/ɟˌɛzdˈit/,null*/ɡʎˌãbat͡ʃˈaːr/,null*/ɡʎˈabə/,null*/ɲˌuxˈat/,null*/t͡ʃˈa/,null*/t͡ʃˈapəkə/,null*/t͡ʃˈa/,null*/?2ˌɪrnˈawə/,null*/t͡ʃˌɛtˈĩːnə/,null*/t͡ʃˌɛlˈit/,null*/t͡ʃˌɛlnˈik/,null*/t͡ʃˈɛtə/,null*/t͡ʃˈɛːlə/,null*/?2ˈɛːrdə/,null*/?2ˈɪːrn/,null*/t͡ʃˌarnavˈadə/,null*/t͡ʃˌudˈit/,null*/t͡ʃˈukə/,null*/t͡ʃˈuːlə/,null*/t͡ʃˈudə/,null*/t͡ʃˈubə/,null*/ʃˌatˈɔːʷrɛ/,null*/ʃˈakə/,null*/ʃˈaːrə/,null*/ʃˈap/,null*/ʃ?2ˈɛtkə/,null*/ʃˈaːl?2ə/,null*/ʃˈɛ̃br/,null*/ʃˌitˈawə/,null*/ʃˈibkə/,null*/ʃˈɛː?2/,null*/ʃˈap/,null*/ʃkˌawardˈɪːt͡s/,null*/ʃkˌapˈit/,null*/ʃkrˈap/,null*/ʃˌuʃˈiːt͡sə/,null*/ʃˌupʎˈakə/,null*/ʃˈɔːʷlə/,null*/ʃˈuːl/,null*/ʒlˈatə/,null*/ʃtˌʊrmˈɛ̃ːnn/,null*/ʃtˌapˈãːɲə/,null*/ʃtˌapˈãː?2̬ə/,null*/ʃtˌapãnˈɛːʃə/,null*/ʃtˌapˈãː/,null*/ʃtˈũːɲə/,null*/ʃtrˈaːʒə/,null*/ʒˈɛɡ/,null*/ʒˌãbˈĩːnə/,null*/tˌʊrkˈat/,null*/tˌɪrpˈɛt/,null*/tˈãɡə/,null*/tˈɛk/,null*/tˈi/,null*/tˌajˈĩːnə/,null*/tˈĩːnə/,null*/tˌat͡ʃˈiðlə/,null*/tˌat͡ʃˈit/,null*/tˌarˈiːʃt͡ʃ/,null*/tˌarˈaw/,null*/tˌapˈidl/,null*/tˈakə/,null*/tˈapar/,null*/tˌũt͡sjˈãː/,null*/tˈũːɲə/,null*/tˈũː/,null*/trˈap/,null*/trˈɪːʃ/,null*/tˈɪːrʃ/,null*/trˌãtˈit/,null*/trˈaxə/,null*/dˌarˈaːvə/,null*/dˌɛʒnˈiːt͡sə/,null*/dˌɛlbtˈĩːnə/,null*/dˌixˈat/,null*/dˈiːrə/,null*/dˈɪbrə/,null*/dˈɪbrj/,null*/dˌalˈĩːnə/,null*/dˌabˈit/,null*/dˈajkə/,null*/dˈab/,null*/dˌãbɾˈaj/,null*/dˈãbr/,null*/drˈaɡə/,null*/drˈãɡ/,null*/drˌɛ̃mˈit/,null*/drˌabˈit/,null*/drˈak/,null*/drˈabnit͡sə/,null*/t͡sˌɛlˈik/,null*/t͡sˌarˈĩːnə/,null*/?2ˈaːrə/,null*/?2ˈaːrbə/,null*/?2ˌɪrnˈidl/,null*/?2ˌɪrnˈik/,null*/t͡sˌɛ̃nˈit/,null*/?2ˈɪːrmə/,null*/?2ˈitə/,null*/?2ˈub/,null*/sˈãːɲə/,null*/sˈɛ̃ːnə/,null*/sˈabʎə/,null*/sˈɛːlt͡sə/,null*/sˈɛːrə/,null*/sˈɛ̃br/,null*/sˈiːlə/,null*/sˌɛ̃jˈit/,null*/sˈitə/,null*/sˈitkə/,null*/sˈitkə/,null*/sˌʊtˈĩːnə/,null*/sˌãdˈɔ̃ːɲ/,null*/sˌavˈadʎkə/,null*/skˈaːrə/,null*/skˌaɾlˈupə/,null*/skrˈaːvnə/,null*/slˈaɡ/,null*/sˌãdˈɔ̃ːɲ/,null*/sˈuxə/,null*/sˈukulə/,null*/slˈatə/,null*/slˈuːfuɾ/,null*/strˌɪkˈat/,null*/stˌərvˈit/,null*/stˌɪrvˈĩːnə/,null*/stˈɛːʎə/,null*/stˈɪp/,null*/strˈɛxə/,null*/strˈakə/,null*/strˈʊkə/,null*/strˈũːmb/,null*/sə̃miʎˈat/,null*/zˌabˈɛːl/,null*/zˌabˈɔːj/,null*/zˌãbˈiːʃt/,null*/zˌãblˈak/,null*/zˈãbʃ/,null*/zˈuːʃə/,null*/jˌɪzbavˈit/,null*/zvˌɛrˈiːʃt/,null*/nˌɛrˈãːt͡sə/,null*/nˌɛpˈəːrtəkə/,null*/nˌɛvˌɛrˈit/,null*/nˌɛvˈaːʎə/,null*/nˈɛ/,null*/nˈɛ̃ːmt͡s/,null*/nˌaʒˈikə/,null*/nˈaːvkə/,null*/hˌaʎkãmˈɪj/,null*/lˌɛʃˈawə/,null*/lˌapˈuːʃə/,null*/lˌabˈawə/,null*/hˈaːʎkə/,null*/dlˈatə/,null*/lˈab/,null*/lˌãɡ/,null*/lˌɛ̃dˈĩːnə/,null*/lˈãɡʃkə/,null*/lˌit͡ʃˈit/,null*/lˌɛʒnˈiːt͡sə/,null*/lˌɛbɛtˈit/,null*/lˈɛxə/,null*/lˈɛːʃə/,null*/lˈɛːʒɲə/,null*/lˈɛːsə/,null*/lˈɪːstkr/,null*/lˈɛːʎə/,null*/lˈixə/,null*/lˈipə/,null*/lˌapˈatə/,null*/lˈaɡ/,null*/lˈaːzə/,null*/ʎˌuxˈat/,null*/lˌuʒˈiː/,null*/ʎˈutʃə/,null*/ʎˈutə/,null*/lˈuːspə/,null*/rˌaɡˈaːl/,null*/rˌadˈĩːmə/,null*/wˌarbˈɪːt͡s/,null*/rˈawə/,null*/rˈawkə/,null*/rˈɛːʒkə/,null*/rˈɛ̃d/,null*/rˌajˈit/,null*/rˌaɡawˈɪː?2kə/,null*/rˌatˈaːr/,null*/rˌabatˈit/,null*/rˈaj/,null*/rˈajkə/,null*/rˈaɡə/,null*/rˈab/,null*/rˈũːt͡s/,null*/rˌãɡˈat/,null*/rˌaɡaʒˈĩːnə/,null*/xrˌãnˈiːt͡sə/,null*/xrˌapˈat/,null*/rˈakʎə/,null*/xrˈap/,null*/hˈaːrvɛʃ/,null*/rˌɛkˈajã/,null*/rˌaɡˈaːlə/,null*/rˈɛ̃ːskə/,null*/rˌapˈak/,null*/rˈaɡə/,null*/rˈaːʒk/,null*/rˈũːnə/,null*/pˌaʒnˈik/,null*/pˌadkˈaw/,null*/pˌadˈit/,null*/pˈatə/,null*/pˌaɡˈãːɲ/,null*/pˌaɡˈãːnə/,null*/pˌãdˈaːr/,null*/pˌakrˈawə/,null*/pˌɛlˈɛ̃ːnə/,null*/pˌɛlˈĩː/,null*/pˈɛk/,null*/pˌijavˈiːt͡sə/,null*/pˌixˈat/,null*/pˈiːʃkə/,null*/pˈiːɾj/,null*/pˌaʎˈak/,null*/pˌaʎˈatə/,null*/pˌaʎˈãː/,null*/pˌatˈɛːrɛ/,null*/pˌadkˈaw/,null*/pˌastˈaː/,null*/pˌastˈat/,null*/pˌastrˈɛxə/,null*/pˌãmnˈit/,null*/pˌarˈɛ̃d/,null*/pˌarã?2ˈit/,null*/pˌabrˈit/,null*/pˈatkə/,null*/plˌaʃˈiːt͡sə/,null*/plˈaːz/,null*/plˈaːt͡ʃə/,null*/plˈaːʃkə/,null*/pˈaːlʃkə/,null*/plˈaːskə/,null*/pʎˈuːskə/,null*/pˌasˈɔːʷlə/,null*/pˈuːrj/,null*/pˌalʃtnˈik/,null*/plˌivˈat/,null*/plˌɛvnˈiːt͡sə/,null*/pˌɛlˈɛ̃ːnkə/,null*/pʎˈuːskə/,null*/prˈax/,null*/prˈiːsk/,null*/prˌãdˈit/,null*/pˌabɾatˈĩːmb/,null*/bˌaɡatˈɪj/,null*/bˌatˈit/,null*/bˌarðmˈaːʃ/,null*/bˈa?1̊/,null*/bˈabə/,null*/bˌaɡˈatə/,null*/bˌərt͡ʃˈik/,null*/brˌɛʃtnˈik/,null*/bˌʊrtvˈat/,null*/bˌɛrd͡zˈãːnə/,null*/bˌɪrzˈɛːʃtə/,null*/bˌɛlˈɛːvə/,null*/bˌɛlbˈiːt͡sə/,null*/bˌɛlvˈiːt͡sə/,null*/bˌɛlɡrˈat/,null*/bˈɛːʎkə/,null*/bˈɛːl/,null*/bˈɛːlit͡sə/,null*/hˌabwˈɪːrtk/,null*/bˌɛʒnˈiːt͡sə/,null*/bˌɛsˈɛdə/,null*/bˌistrˈiːt͡sə/,null*/bˈiː?2k/,null*/bˈiːstr/,null*/bˌaɡˈaːvə/,null*/bˌarˈikə/,null*/bˈaːlbə/,null*/bˌuwalˈiːt͡sə/,null*/bˌʊrlˈaɡ/,null*/bˌut͡ʃˈat/,null*/bˌuʃtrˈiːt͡sə/,null*/bˈuwal/,null*/bˈuːʃtr/,null*/blˈãːnə/,null*/bˌɛlˈuːʃ/,null*/bʎˈudə/,null*/blˈʊdə/,null*/brˈaːzdə/,null*/brˈãːnə/,null*/brˈaːvə/,null*/brˈɛɡ/,null*/brˈiː?2k/,null*/brˈiː?2kə/,null*/xˈaːld/,null*/wˌaʎkˈaw/,null*/ʃwˌɪrʃtnˈik/,null*/wˌɪrtˈɛt/,null*/svˌɪrstnˈik/,null*/wˌɪrvˈit/,null*/wˌɪrbnˈik/,null*/vrˈəːt͡ʃvə/,null*/vˈɪːrstə/,null*/vˌɛlˈɛ̃ːt͡sə/,null*/vˈɛdrə/,null*/wˌirˈaw/,null*/vˈiːʒɲə/,null*/vˈidrə/,null*/vˈiːsk/,null*/hˈakal/,null*/wˈaːʎə/,null*/hˈabaɡ/,null*/wˌʊʎkadlˈak/,null*/wˈaːrn/,null*/vˈəːrl/,null*/hˌawrˈaɡə/,null*/mˌaxnˈit/,null*/mˌatˈukə/,null*/mˌarˈɛ̃ːnə/,null*/mˈak/,null*/mˈaːt͡ʃə/,null*/mˈatkə/,null*/mˈaːt͡sə/,null*/mˈaːzə/,null*/mˌaɡˈuːlə/,null*/mˌɛrʃˈĩːnə/,null*/mˌərzˈit/,null*/mˌərmərˈit/,null*/mˌɛtˈadlə/,null*/mˈɛːlə/,null*/mˈɛːrə/,null*/mˌɛlˈĩːnkə/,null*/mˈitə/,null*/mˌatavˈidlə/,null*/mˌaldˈikə/,null*/mˌʊdlˈit/,null*/mˌalˈiːt͡sə/,null*/mˌarˈaːt͡ʃə/,null*/mˌarvˈiːt͡sə/,null*/mˌaɾavˈĩːnə/,null*/mˌarnˈiːt͡sə/,null*/mˈaːl/,null*/mˈaːrə/,null*/mˌʊʒˈɪː̃skə/,null*/mˈɔːʷzɡə/,null*/hˌɛ̃mpˈaːriː/,null*/nbˌuxˈat/,null*/npˈaːrzdn/
R180,,,,,*/hˌarbˈɪːl/,*/hˌabˈit/,*/hˌitˈat/,*/hˌaɾmˈaːvə/,*/hˈɔːrə/,*/hˌukˈat/,,,,,,,,,,,,,,,,,,,,,,,,,,,,,,,,,,,,,,,,,,,,,,,,,,,,,,,,,,,,,,,,,,,,,,,,,,,,,,,,,,,,,*/krˌahˈit/,*/krˌahˈĩːnə/,,,,,,,,,,*/kˌʊrhˈat/,,,,,,,,,,,,,,,,,,,,,,,,,,,,,,,,,,,,,,,,,,,,,,,,,,,,,,,*/ɲˌuhˈat/,,,,,,,,,,,,,,,,,,,,,,,,,,,,,,,,,,,,,,,,,,,,,,,,,,,,,,,,,,,,,,,,,,,*/trˈahə/,,,,*/dˌihˈat/,,,,,,,,,,,,,,,,,,,,,,,,,,,,,,,,,,,,,,,,,,,,,*/sˈuhə/,,,,,,,,,*/strˈɛhə/,,,,,,,,,,,,,,,,,,,,,,,,,,,,,,,,,,*/lˈɛhə/,,,,,,*/lˈihə/,,,,,*/ʎˌuhˈat/,,,,,,,,,,,,,,,,,,,,,,,*/hrˌãnˈiːt͡sə/,*/hrˌapˈat/,,*/hrˈap/,,,,,,,,,,,,,,,,,,,,,*/pˌihˈat/,,,,,,,,,,*/pˌastrˈɛhə/,,,,,,,,,,,,,,,,,,,,*/prˈah/,,,,,,,,,,,,,,,,,,,,,,,,,,,,,,,,,,,,,,,,,,,,,,,*/hˈaːld/,,,,,,,,,,,,,,,,,,,,,,*/mˌahnˈit/,,,,,,,,,,,,,,,,,,,,,,,,,,,,,,*/nbˌuhˈat/,
R181,,,,,,,,,,,,,,,,,,,,,,,,,,,,,,,,,,,,,,,,,,,*/kˌãmbɛ̃nˈiːt͡sə/,,,,,,,,,,,,,,,,,,,,,,,,,,,,,,,,,,,,,,,,,,,,,,,,,,,*/kˈũːmbə/,,,,,,,,,,,,,,,,,,,,,,,,,,,,,,,,,,,,,,,,,,,,,,,,,,,,,,,,,,,,,,,,,,,,,,,,,,,,,,,,,,,,,,,,,,,,,,,,,,,,,,,,,,,,,,,,,,,,,,,,,,,,,,,,,,,,,,,,,,,,,,,,,,,,,,,,,,,,,,,,,*/?2ˈɪːrmbə/,,,,,,,,,,,,,,,,,,,,,,,,,,,,,,,,,,,*/sə̃mbiʎˈat/,,,,,,,,,,,,,,,,,,,,,,,,,,,,,,,,,,,,,,,,,,,,,,,*/rˌadˈĩːmbə/,,,,,,,,,,,,,,,,,,,,,,,,,,,,,,,,,,,,,,,,,,,,,,,,,,,,,,,,,,,,,,,,,,,,,,,,,,,,,,,,,,,,,,,,,,,,,,,,,,,,,,,,,,,,,,,,,,,,,,,,,,,,,,,,,,,,,,,,,,,,,,,,,,,,,,,*/mˌərmbərˈit/,,,,,,,,,,,,,,,,,,,,
R182,,,*/hˌardɛ̃rˈiːt͡sə/,,,,,,,,*/jˌarˈĩːrə/,,,,,,,,,,,,,,,,,,,,,,,,,,,,,,,,*/kˌãmbɛ̃rˈiːt͡sə/,,,,,,,,,,,,,,,,,,,,,,,,,,,,,,,,,,,,,,,,,,,,,,,,,,,,,*/krˌahˈĩːrə/,,*/ɡˌalˈĩːrə/,,,,,,,,,,,,,,,,,,,,,,,,,,,,,*/ɡˌalvˈĩːrə/,*/ɡrˌaʃˈĩːrə/,*/ɡrˌadˈĩːrə/,,,,,,,,,,,,,,,,,,,*/jˌũrˈak/,,,,,,,,,,,,,,,,,,*/t͡ʃˌɛtˈĩːrə/,,,,,,,,,,,,,,,,,,,,,,,,,,,,,,,,,,,*/ʃtˌapãrˈɛːʃə/,,,,,*/ʒˌãbˈĩːrə/,,,,,,*/tˌajˈĩːrə/,*/tˈĩːrə/,,,,,,,,,,,,,,,,,,*/dˌɛlbtˈĩːrə/,,,,,*/dˌalˈĩːrə/,,,,,,,,,,,,,*/t͡sˌarˈĩːrə/,,,,,*/t͡sˌɛ̃rˈit/,,,,,*/sˈɛ̃ːrə/,,,,,,,,,,*/sˌʊtˈĩːrə/,,,,,,,,,,,,,,*/stˌɪrvˈĩːrə/,,,,,,,,,,,,,,,,,,,,,,,,,,,,,,,,*/lˌɛ̃dˈĩːrə/,,,,,,,,,,,,,,,,,,,,,,,,,,,,,,,,,,,,,,*/rˌaɡaʒˈĩːrə/,*/hrˌãrˈiːt͡sə/,,,,,,,,,,,*/rˈũːrə/,,,,,,*/pˌaɡˈãːrə/,,,*/pˌɛlˈɛ̃ːrə/,,,,,,,,,,,,,,,,,,,,,,,,,,,,,,,,,,,,,,,,,,,,,,,*/bˌɛrd͡zˈãːrə/,,,,,,,,,,,,,,,,,,,,,,,,*/blˈãːrə/,,,,,*/brˈãːrə/,,,,,,,,,,,,,,,,,,,,,,,,,,,,,*/mˌarˈɛ̃ːrə/,,,,,,,*/mˌɛrʃˈĩːrə/,,,,,,,,,,,,,,*/mˌaɾavˈĩːrə/,,,,,,,,
R183,,,,,,,,,,,,,,,,,,,,,,,,,,,,,,,,,,,,,,,,,,,,,,,,,,,,,,,,,,,,,,,,,,,,,,,,,,,,,,,,,,,,,,,,,,,,,,,,,,,,,,,,,,,,,,,,,,,,,,,,,,*/ɡˌarːˈiːt͡sə/,,,,,,,,,,,,,,,,,,,,,,,,,,,,,,,,,,,,,,,,,,,*/?2ˌɪrːˈawə/,,,,,,,,*/t͡ʃˌarːavˈadə/,,,,,,,,,,,,,,,,,,,,,,,,,,,,,,,,,,,,,,,,,,,,,,,,,,,,,,,,,,,,,,,,,,,,,,,,,,,,,,,*/?2ˌɪrːˈidl/,*/?2ˌɪrːˈik/,,,,,,,,,,,,,,,,,,,,,,,,,,,,,,,,,,,,,,,,,,,,,,,,,,,,,,,,,,,,,,,,,,,,,,,,,,,,,,,,,,,,,,,,,,,,,,,,,,,,,,,,,,,,,,,,,,,,,,,,,,,,,,,,,,,,,,,,,,,,,,,,,,,,,,,,,,,,,,,,,,,,,,,,,,,,,,,,,,,,,,,,,,,,,,,,,,,,,,,,,,,,,,,,,,,,,,,,,,,,,,,,,,,,,,,,,,,,,,,,,,,,,,,,*/mˌarːˈiːt͡sə/,,,,,,,
R184,,,,,,,,,,,,,,,,,,,,,,,,,,,,,,,,,,,,,,,,,,,,,,,,,,,,,,,,,,,,,,,,,,,,,,,,,,,,,,,,,,,,,,,,,,,,,,,,,,,,,,,,,,,,,,,,,,,,,,,,,,,,,,,,,,,,,,,,,,,,,,,,,,,,,,,,,,,,,,,,,,,,,,,,,,,,,,,,,,,,,,,,,,,,,,,,,,,,,,,,,,,,,,,,,,,,,,,,,,,,,,,,,,,,,,,,,,,,,,,,,,,,,,,,,,,,,,,,,,,,,,,,,,,,,,,,,,,,,,,,,,,,,,,,,,,,,,,,,,,,,,,,,,,,,,,,,,,,,,,,,,,,,,,,,,,,,,,,,,,,,,,,,,,,,,,,,,,,,,,,,,,,,,,,,,,,,,,,,,,,,,,,,,,,,,,,,,,,,,,,,,,,,,,,,,,,,,,,,,,,,,,,,,,,,,,,,,,,,,,,,,,,,,,,,,,,,,,,,,,,,,,,,,,,,,,,,,,,,,,,,,,,,,,,,,,,,,,,,,,,,,,,,,,,
R185,,,,,,,,,,,,,,,,,,,,,,,,,,,,,,,,,,,,,,,,,,,,,,,,,,,,,,,,,,,,,,,,,,,,,,,,,,,,,,,,,,,,,,,,,,,,,,,,,,,,,,,,,,,,,,,,,,,,,,,,,,,,,,,,,,,,,,,,,,,,,,,,,,,,,,,,,,,,,,,,,,,,,,,,,,,,,,,,,,,,,,,,,,,,,,,,,,,,,,,,,,,,,,,,,,,,,,,,,,,,,,,,,,,,,,,,,,,,,,,,,,,,,,,,,,,,,,,,,,,,,,,,,,,,,,,,,,,,,,,,,,,,,,,,,,,,,,,,,,,,,,,,,,,,,,,,,,,,,,,,,,,,,,,,,,,,,,,,,,,,,,,,,,,,,,,,,,,,,,,,,,,,,,,,,,,,,,,,,,,,,,,,,,,,,,,,,,,,,,,,,,,,,,,,,,,,,,,,,,,,,,,,,,,,,,,,,,,,,,,,,,,,,,,,,,,,,,,,,,,,,,,,,,,,,,,,,,,,,,,,,,,,,,,,,,,,,,,,,,,,,,,,,,,,
R186,*/hˌaɾɡˈaːvə/,*/hˌaɾkˈitə/,*/hˌaɾdɛ̃ɾˈiːt͡sə/,,*/hˌaɾbˈɪːl/,,,,*/hˈɔːɾə/,,*/jˌaɾˈĩːɾə/,*/jˌaɾˈaw/,,*/jˈaːɾ/,*/hˈɛːzɛɾ/,,,*/jˈɪːskɾə/,,,*/hˌaɡɾˈa?1ə/,,*/hˌaɾãdˈɪj/,*/hˌabɾˈak/,,*/hˌabvˈaːɾ/,,,*/kˌat͡ʃuɾˈɛːl/,,,,,*/kˌastɾavˈɪːt͡s/,,,,*/kˌaɾvˈaːʎə/,*/kˌaɾˈɪːt͡sə/,*/kˌaɾˈutə/,*/kˌaɾˈup/,,*/kˌãmbɛ̃ɾˈiːt͡sə/,,*/kɾˌi?2ˈat/,*/kˌaɾ?2ˈũː/,*/kˌʊɾbˈaːt͡ʃ/,,,,,*/kˈɔːʷɾ?2/,*/kˈɔːʷɾpə/,,*/kˌasˈaːɾ/,*/kvˌaðɾˈãːnt/,,,,*/kˌaɾˈit/,*/kˌaɾˈitə/,*/kˌaɾˈubə/,,,,,,,,,,,,*/kˈaːstɾə/,*/kˈaːɾə/,*/kˈaːɾt͡sɛ/,*/kˈaːɾdə/,*/kˈapɾ/,,,,,,,,,,,,,,*/kˈuːɾvə/,,,*/kɾˌahˈit/,*/kɾˌahˈĩːɾə/,,*/ɡˌalˈĩːɾə/,,,,,,,,*/kˌʊɾhˈat/,*/ɡɾˌəkˈĩːɲə/,*/kˌəɾt͡ʃˈak/,*/ɡˌʊɾdˈaːlə/,,*/ɡˌʊɾdˈit/,*/ɡˌʊɾdˈit/,*/ɡˌʊɾdlˈaː?2/,,*/ɡɾˌãmˈadə/,*/ɡɾˈək/,*/ɡˈɔːʷɾt͡ʃ/,*/ɡˈɔːʷɾbə/,,,,,,,,,*/ɡˌalvˈĩːɾə/,*/ɡɾˌaʃˈĩːɾə/,*/ɡɾˌadˈĩːɾə/,*/ɡɾˌabˈit/,*/ɡɾˈadə/,*/ɡɾˌɛbˈaːʃ/,*/ɡˈaːɾʃ/,*/ɡɾˈaːzdl/,*/ɡˈɔːʷɾʃt/,,,,,,*/lˠˈaːzaɾə/,,,,,*/hˌukɾˈaː/,,*/jˌũɾˈak/,,*/hˌuɾˈak/,,,,,,,,,*/ɡʎˌãbat͡ʃˈaːɾ/,,,,,,,*/t͡ʃˌɛtˈĩːɾə/,,,,,*/?2ˈɛːɾdə/,*/?2ˈɪːɾn/,,,,,,,*/ʃˌatˈɔːʷɾɛ/,,*/ʃˈaːɾə/,,,,*/ʃˈɛ̃bɾ/,,,,,*/ʃkˌawaɾdˈɪːt͡s/,,*/ʃkɾˈap/,,,,,,*/ʃtˌʊɾmˈɛ̃ːnn/,,,*/ʃtˌapãɾˈɛːʃə/,,,*/ʃtɾˈaːʒə/,,*/ʒˌãbˈĩːɾə/,*/tˌʊɾkˈat/,*/tˌɪɾpˈɛt/,,,,*/tˌajˈĩːɾə/,*/tˈĩːɾə/,,,*/tˌaɾˈiːʃt͡ʃ/,*/tˌaɾˈaw/,,,*/tˈapaɾ/,,,,*/tɾˈap/,*/tɾˈɪːʃ/,*/tˈɪːɾʃ/,*/tɾˌãtˈit/,*/tɾˈahə/,*/dˌaɾˈaːvə/,,*/dˌɛlbtˈĩːɾə/,,*/dˈiːɾə/,*/dˈɪbɾə/,*/dˈɪbɾj/,*/dˌalˈĩːɾə/,,,,,*/dˈãbɾ/,*/dɾˈaɡə/,*/dɾˈãɡ/,*/dɾˌɛ̃mˈit/,*/dɾˌabˈit/,*/dɾˈak/,*/dɾˈabnit͡sə/,,*/t͡sˌaɾˈĩːɾə/,*/?2ˈaːɾə/,*/?2ˈaːɾbə/,,,*/t͡sˌɛ̃ɾˈit/,*/?2ˈɪːɾmbə/,,,,*/sˈɛ̃ːɾə/,,,*/sˈɛːɾə/,*/sˈɛ̃bɾ/,,,,,,*/sˌʊtˈĩːɾə/,,,*/skˈaːɾə/,,*/skɾˈaːvnə/,,,,,,,*/stɾˌɪkˈat/,*/stˌəɾvˈit/,*/stˌɪɾvˈĩːɾə/,,,*/stɾˈɛhə/,*/stɾˈakə/,*/stɾˈʊkə/,*/stɾˈũːmb/,,,,,,,,,*/zvˌɛɾˈiːʃt/,*/nˌɛɾˈãːt͡sə/,*/nˌɛpˈəːɾtəkə/,*/nˌɛvˌɛɾˈit/,,,,,,,,,,,,,,*/lˌɛ̃dˈĩːɾə/,,,,,,,,,*/lˈɪːstkɾ/,,,,,,,,,,,,*/ɾˌaɡˈaːl/,*/ɾˌadˈĩːmbə/,*/wˌaɾbˈɪːt͡s/,*/ɾˈawə/,*/ɾˈawkə/,*/ɾˈɛːʒkə/,*/ɾˈɛ̃d/,*/ɾˌajˈit/,*/ɾˌaɡawˈɪː?2kə/,*/ɾˌatˈaːɾ/,*/ɾˌabatˈit/,*/ɾˈaj/,*/ɾˈajkə/,*/ɾˈaɡə/,*/ɾˈab/,*/ɾˈũːt͡s/,*/ɾˌãɡˈat/,*/ɾˌaɡaʒˈĩːɾə/,*/hɾˌãɾˈiːt͡sə/,*/hɾˌapˈat/,*/ɾˈakʎə/,*/hɾˈap/,*/hˈaːɾvɛʃ/,*/ɾˌɛkˈajã/,*/ɾˌaɡˈaːlə/,*/ɾˈɛ̃ːskə/,*/ɾˌapˈak/,*/ɾˈaɡə/,*/ɾˈaːʒk/,*/ɾˈũːɾə/,,,,,,*/pˌaɡˈãːɾə/,*/pˌãdˈaːɾ/,*/pˌakɾˈawə/,*/pˌɛlˈɛ̃ːɾə/,,,,,,,,,,*/pˌatˈɛːɾɛ/,,,,*/pˌastɾˈɛhə/,,*/pˌaɾˈɛ̃d/,*/pˌaɾã?2ˈit/,*/pˌabɾˈit/,,,,,,,,,,*/pˈuːɾj/,,,,,,*/pɾˈah/,*/pɾˈiːsk/,*/pɾˌãdˈit/,,,,*/bˌaɾðmˈaːʃ/,,,,*/bˌəɾt͡ʃˈik/,*/bɾˌɛʃtnˈik/,*/bˌʊɾtvˈat/,*/bˌɛɾd͡zˈãːɾə/,*/bˌɪɾzˈɛːʃtə/,,,,*/bˌɛlɡɾˈat/,,,,*/hˌabwˈɪːɾtk/,,,*/bˌistɾˈiːt͡sə/,,*/bˈiːstɾ/,,*/bˌaɾˈikə/,,,*/bˌʊɾlˈaɡ/,,*/bˌuʃtɾˈiːt͡sə/,,*/bˈuːʃtɾ/,*/blˈãːɾə/,,,,*/bɾˈaːzdə/,*/bɾˈãːɾə/,*/bɾˈaːvə/,*/bɾˈɛɡ/,*/bɾˈiː?2k/,*/bɾˈiː?2kə/,,,*/ʃwˌɪɾʃtnˈik/,*/wˌɪɾtˈɛt/,*/svˌɪɾstnˈik/,*/wˌɪɾvˈit/,*/wˌɪɾbnˈik/,*/vɾˈəːt͡ʃvə/,*/vˈɪːɾstə/,,*/vˈɛdɾə/,*/wˌiɾˈaw/,,*/vˈidɾə/,,,,,,*/wˈaːɾn/,*/vˈəːɾl/,*/hˌawɾˈaɡə/,,,*/mˌaɾˈɛ̃ːɾə/,,,,,,,*/mˌɛɾʃˈĩːɾə/,*/mˌəɾzˈit/,*/mˌəɾmbəɾˈit/,,,*/mˈɛːɾə/,,,,,,,*/mˌaɾˈaːt͡ʃə/,*/mˌaɾvˈiːt͡sə/,*/mˌaɾavˈĩːɾə/,,,*/mˈaːɾə/,,,*/hˌɛ̃mpˈaːɾiː/,,*/npˈaːɾzdn/
R187,,,,,,,,,,,,,,,,,,,,,,,,,,,,,,,,,,,,,,,,,,,,,,,,,,,,,,,,,,,,,,,,,,,,,,,,,,,,,,,,,,,,,,,,,,,,,,,,,,,,,,,,,,,,,,,,,,,,,,,,,,*/ɡˌarˈiːt͡sə/,,,,,,,,,,,,,,,,,,,,,,,,,,,,,,,,,,,,,,,,,,,*/?2ˌɪrˈawə/,,,,,,,,*/t͡ʃˌaravˈadə/,,,,,,,,,,,,,,,,,,,,,,,,,,,,,,,,,,,,,,,,,,,,,,,,,,,,,,,,,,,,,,,,,,,,,,,,,,,,,,,*/?2ˌɪrˈidl/,*/?2ˌɪrˈik/,,,,,,,,,,,,,,,,,,,,,,,,,,,,,,,,,,,,,,,,,,,,,,,,,,,,,,,,,,,,,,,,,,,,,,,,,,,,,,,,,,,,,,,,,,,,,,,,,,,,,,,,,,,,,,,,,,,,,,,,,,,,,,,,,,,,,,,,,,,,,,,,,,,,,,,,,,,,,,,,,,,,,,,,,,,,,,,,,,,,,,,,,,,,,,,,,,,,,,,,,,,,,,,,,,,,,,,,,,,,,,,,,,,,,,,,,,,,,,,,,,,,,,,,*/mˌarˈiːt͡sə/,,,,,,,
R188,,,,,,,,,,,,,,,,,,,,,,,*/hˌaɾə̃dˈɪj/,,,,*/hˌablˈə̃k/,,,,,,,,,,,,,,,,*/kˌə̃mbɛ̃ɾˈiːt͡sə/,,,,,,*/kˌə̃mˈiːʃt/,,*/kˈə̃t/,,,,,*/kvˌaðɾˈəːnt/,*/kˌə̃kˈaːl/,,,,,,,,,,,,,,,,,,,,,,,,,,,,,,,,,,,,,,,,,,*/ɡˌə̃mˈit/,,,,,,,,,,,,,,,,*/ɡɾˌə̃mˈadə/,,,,,,,,*/ɡˌə̃mˈiːlə/,*/ɡˌə̃bˈɛːl/,,,,,,,,,,,,,,,,,,*/lˠˈə̃ɡə/,*/lˌə̃mˈit/,,,,,,,,,,,,,,*/ɡʎˌə̃bat͡ʃˈaːɾ/,,*/ɡʎˌə̃bat͡ʃˈaːɾ/,,,,,,,,,,,,,,,,,,,,,,,,,,,,,,,,,,,,,,,,*/ʃtˌapˈəːɲə/,*/ʃtˌapˈəː?2̬ə/,*/ʃtˌapə̃ɾˈɛːʃə/,*/ʃtˌapˈəː/,,,,*/ʒˌə̃bˈĩːɾə/,,,*/tˈə̃ɡə/,,,,,,,,,,,,*/tˌũt͡sjˈəː/,,,,,,*/tɾˌə̃tˈit/,,,,,,,,,,,,,*/dˌə̃bɾˈaj/,*/dˈə̃bɾ/,,*/dɾˈə̃ɡ/,,,,,,,,,,,,,,,*/sˈəːɲə/,,,,,,,,,,,,*/sˌə̃dˈɔ̃ːɲ/,,,,,,*/sˌə̃dˈɔ̃ːɲ/,,,,,,,,,,,,,,,,,*/zˌə̃bˈiːʃt/,*/zˌə̃blˈak/,*/zˈə̃bʃ/,,,,*/nˌɛɾˈəːt͡sə/,,,,,,,,*/hˌaʎkə̃mˈɪj/,,,,,,,*/lˌə̃ɡ/,,*/lˈə̃ɡʃkə/,,,,,,,,,,,,,,,,,,,,,,,,,,,,,,,,,,,,*/ɾˌə̃ɡˈat/,,*/hɾˌə̃ɾˈiːt͡sə/,,,,,*/ɾˌɛkˈajə̃/,,,,,,,,,,,*/pˌaɡˈəːɲ/,*/pˌaɡˈəːɾə/,*/pˌə̃dˈaːɾ/,,,,,,,,,,,*/pˌaʎˈəː/,,,,,,*/pˌə̃mnˈit/,,*/pˌaɾə̃?2ˈit/,,,,,,,,,,,,,,,,,,,*/pɾˌə̃dˈit/,,,,,,,,,,,*/bˌɛɾd͡zˈəːɾə/,,,,,,,,,,,,,,,,,,,,,,,,*/blˈəːɾə/,,,,,*/bɾˈəːɾə/,,,,,,,,,,,,,,,,,,,,,,,,,,,,,,,,,,,,,,,,,,,,,,,,,,,,,,,,,,
R189,,,,,,,,,,,,,,,,,,,,,,,,,,,,,,,,,,,,,,,,,,,,,,,,,,,,,,,,,,,,,,,,,,,,,,,,,,,,,,,,,,,,,,,,,,,,,,,,,*/ɡˌatˈawãɲ/,,,,,,,,,,,,,,,,,,,,,,,,,,,,,,,,,,,,,,,,,,,,,,,,,,,,,,,,,,,,,,,,,,,,,,,,,,,,,,,,,,,,,,,,,,,,,,,,,,,,,,,,,,,,,,,,,,,,,,,,,,,,,,,,,,,,,,,,,,,,,,,,,,,,,,,,,,,,,,,,,,,,,,,,,,,,,,,,,,,,,,,,,,,,,,,,,,,,,,,,,,,,,,,,,,,,,,,,,,,,,,,,,,,,,,,,,,,,,,,,,,,,,,,,,,,,,,,,,,,,,,,,,,,,,,,,,,,,,,,,,,,,,,,,,,,,,,,,,,,,,,,,,,,,,,,,,,,,,,,,,,,,,,,,,,,,,,,,,,,,,,,,,,,,,,,,,,,,,,,,,,,,,,,,,,,,,,,,,,,,,,,,,,,,,,,,,,,,,,,,,,,,,,,,,,,
=Proto-Tosk,null*/hˌaɾɡˈaːvə/,null*/hˌaɾkˈitə/,null*/hˌaɾdɛ̃ɾˈiːt͡sə/,null*/hˌavˈit/,null*/hˌaɾbˈɪːl/,null*/hˌabˈit/,null*/hˌitˈat/,null*/hˌaɾmˈaːvə/,null*/hˈɔːɾə/,null*/hˌukˈat/,null*/jˌaɾˈĩːɾə/,null*/jˌaɾˈaw/,null*/hˈɛːz/,null*/jˈaːɾ/,null*/hˈɛːzɛɾ/,null*/jˈuɡ/,null*/jˈud/,null*/jˈɪːskɾə/,null*/hˈiːvə/,null*/hˌabkˈitə/,null*/hˌaɡɾˈa?1ə/,null*/hˌatˈaːvə/,null*/hˌaɾə̃dˈɪj/,null*/hˌabɾˈak/,null*/hˌabpˈɪː̃nkə/,null*/hˌabvˈaːɾ/,null*/hˌablˈə̃k/,null*/hˈɔjiʃt/,null*/kˌat͡ʃuɾˈɛːl/,null*/kˌat͡ʃˈuːl/,null*/kˌat͡ʃˈubə/,null*/kˌat͡ʃˈubɛl/,null*/kˌadˈit/,null*/kˌastɾavˈɪːt͡s/,null*/kˌasnˈɪːt͡s/,null*/kˌalibˈab/,null*/kˌalˈibə/,null*/kˌaɾvˈaːʎə/,null*/kˌaɾˈɪːt͡sə/,null*/kˌaɾˈutə/,null*/kˌaɾˈup/,null*/kˌapˈit/,null*/kˌə̃mbɛ̃ɾˈiːt͡sə/,null*/tkˈaːt͡ʃ/,null*/kɾˌi?2ˈat/,null*/kˌaɾ?2ˈũː/,null*/kˌʊɾbˈaːt͡ʃ/,null*/kˌapˈuːʎə/,null*/kˌə̃mˈiːʃt/,null*/kˈɔːʷʎk/,null*/kˈə̃t/,null*/kˈɔːʷɾ?2/,null*/kˈɔːʷɾpə/,null*/kˌasˈit/,null*/kˌasˈaːɾ/,null*/kvˌaðɾˈəːnt/,null*/kˌə̃kˈaːl/,null*/kˌalˈɛːʃkə/,null*/kˌalˈibə/,null*/kˌaɾˈit/,null*/kˌaɾˈitə/,null*/kˌaɾˈubə/,null*/kˌapˈiːt͡sə/,null*/kˌapˈiːl/,null*/kˌapɾˈɪː̃skə/,null*/kˌavˈaːt͡ʃ/,null*/kˈaːl/,null*/kˈaːʃ/,null*/kˈaːst/,null*/kˈaːzlt͡sə/,null*/kˈatt͡sə/,null*/kvˈa/,null*/kˈaːsə/,null*/kˈaːstɾə/,null*/kˈaːɾə/,null*/kˈaːɾt͡sɛ/,null*/kˈaːɾdə/,null*/kˈapɾ/,null*/kˈab/,null*/kˌalpˈit/,null*/kˈaːlpə/,null*/kˌalt͡ʃˈit/,null*/kˌukˈat/,null*/kˌuʃˈawə/,null*/kˌalˈaːt͡ʃ/,null*/kˌupɛlnˈik/,null*/kˈukə/,null*/kˈuːt͡ʃ/,null*/kˈut/,null*/kˈuːlə/,null*/kˈɔːʷlbə/,null*/kˈuːɾvə/,null*/kˈu/,null*/kˈũːmbə/,null*/kɾˌahˈit/,null*/kɾˌahˈĩːɾə/,null*/ɡˌatˈawãɲ/,null*/ɡˌalˈĩːɾə/,null*/ɡˌə̃mˈit/,null*/ɡˈaj/,null*/ɡˈaːʎkə/,null*/ɡˈaːlvə/,null*/ɡˈaːʎə/,null*/ɡˌʊltˈit/,null*/kˌʊlbˈaːzə/,null*/kˌʊɾhˈat/,null*/ɡɾˌəkˈĩːɲə/,null*/kˌəɾt͡ʃˈak/,null*/ɡˌʊɾdˈaːlə/,null*/ɡˌaɾdˈɛːt͡s/,null*/ɡˌʊɾdˈit/,null*/ɡˌʊɾdˈit/,null*/ɡˌʊɾdlˈaː?2/,null*/ɡˌʊɾlˈiːt͡sə/,null*/ɡɾˌə̃mˈadə/,null*/ɡɾˈək/,null*/ɡˈɔːʷɾt͡ʃ/,null*/ɡˈɔːʷɾbə/,null*/ɡˌadˈit/,null*/ɡˌastˈɪː̃skə/,null*/ɡˌastˈit/,null*/ɡˌarˈiːt͡sə/,null*/ɡˌə̃mˈiːlə/,null*/ɡˌə̃bˈɛːl/,null*/ɡvˈaːzdə/,null*/ɡˌalvnˈik/,null*/ɡˌalvˈĩːɾə/,null*/ɡɾˌaʃˈĩːɾə/,null*/ɡɾˌadˈĩːɾə/,null*/ɡɾˌabˈit/,null*/ɡɾˈadə/,null*/ɡɾˌɛbˈaːʃ/,null*/ɡˈaːɾʃ/,null*/ɡɾˈaːzdl/,null*/ɡˈɔːʷɾʃt/,null*/lˠˌapˈuːʃ/,null*/lˠˌapˈuːʃə/,null*/lˠˈaːʃkə/,null*/lˠˈaːzt͡sə/,null*/lˠˈaːzkə/,null*/lˠˈaːzaɾə/,null*/lˠˈə̃ɡə/,null*/lˌə̃mˈit/,null*/lˈaːskə/,null*/lˈukə/,null*/hˌukɾˈaː/,null*/hˌudˈab/,null*/jˌũɾˈak/,null*/hˌulˈiːʃt͡ʃ/,null*/hˌuɾˈak/,null*/tjˈɛ̃ːʒnə/,null*/tjɛsˈat/,null*/kʎˌɛpˈadlə/,null*/kʎˈɛp/,null*/kʎˈuːt͡ʃ/,null*/ɡʎˌavnˈiːt͡sə/,null*/ɡʎˌə̃bat͡ʃˈaːɾ/,null*/ɟˌɛzdˈit/,null*/ɡʎˌə̃bat͡ʃˈaːɾ/,null*/ɡʎˈabə/,null*/ɲˌuhˈat/,null*/t͡ʃˈa/,null*/t͡ʃˈapəkə/,null*/t͡ʃˈa/,null*/?2ˌɪrˈawə/,null*/t͡ʃˌɛtˈĩːɾə/,null*/t͡ʃˌɛlˈit/,null*/t͡ʃˌɛlnˈik/,null*/t͡ʃˈɛtə/,null*/t͡ʃˈɛːlə/,null*/?2ˈɛːɾdə/,null*/?2ˈɪːɾn/,null*/t͡ʃˌaravˈadə/,null*/t͡ʃˌudˈit/,null*/t͡ʃˈukə/,null*/t͡ʃˈuːlə/,null*/t͡ʃˈudə/,null*/t͡ʃˈubə/,null*/ʃˌatˈɔːʷɾɛ/,null*/ʃˈakə/,null*/ʃˈaːɾə/,null*/ʃˈap/,null*/ʃ?2ˈɛtkə/,null*/ʃˈaːl?2ə/,null*/ʃˈɛ̃bɾ/,null*/ʃˌitˈawə/,null*/ʃˈibkə/,null*/ʃˈɛː?2/,null*/ʃˈap/,null*/ʃkˌawaɾdˈɪːt͡s/,null*/ʃkˌapˈit/,null*/ʃkɾˈap/,null*/ʃˌuʃˈiːt͡sə/,null*/ʃˌupʎˈakə/,null*/ʃˈɔːʷlə/,null*/ʃˈuːl/,null*/ʒlˈatə/,null*/ʃtˌʊɾmˈɛ̃ːnn/,null*/ʃtˌapˈəːɲə/,null*/ʃtˌapˈəː?2̬ə/,null*/ʃtˌapə̃ɾˈɛːʃə/,null*/ʃtˌapˈəː/,null*/ʃtˈũːɲə/,null*/ʃtɾˈaːʒə/,null*/ʒˈɛɡ/,null*/ʒˌə̃bˈĩːɾə/,null*/tˌʊɾkˈat/,null*/tˌɪɾpˈɛt/,null*/tˈə̃ɡə/,null*/tˈɛk/,null*/tˈi/,null*/tˌajˈĩːɾə/,null*/tˈĩːɾə/,null*/tˌat͡ʃˈiðlə/,null*/tˌat͡ʃˈit/,null*/tˌaɾˈiːʃt͡ʃ/,null*/tˌaɾˈaw/,null*/tˌapˈidl/,null*/tˈakə/,null*/tˈapaɾ/,null*/tˌũt͡sjˈəː/,null*/tˈũːɲə/,null*/tˈũː/,null*/tɾˈap/,null*/tɾˈɪːʃ/,null*/tˈɪːɾʃ/,null*/tɾˌə̃tˈit/,null*/tɾˈahə/,null*/dˌaɾˈaːvə/,null*/dˌɛʒnˈiːt͡sə/,null*/dˌɛlbtˈĩːɾə/,null*/dˌihˈat/,null*/dˈiːɾə/,null*/dˈɪbɾə/,null*/dˈɪbɾj/,null*/dˌalˈĩːɾə/,null*/dˌabˈit/,null*/dˈajkə/,null*/dˈab/,null*/dˌə̃bɾˈaj/,null*/dˈə̃bɾ/,null*/dɾˈaɡə/,null*/dɾˈə̃ɡ/,null*/dɾˌɛ̃mˈit/,null*/dɾˌabˈit/,null*/dɾˈak/,null*/dɾˈabnit͡sə/,null*/t͡sˌɛlˈik/,null*/t͡sˌaɾˈĩːɾə/,null*/?2ˈaːɾə/,null*/?2ˈaːɾbə/,null*/?2ˌɪrˈidl/,null*/?2ˌɪrˈik/,null*/t͡sˌɛ̃ɾˈit/,null*/?2ˈɪːɾmbə/,null*/?2ˈitə/,null*/?2ˈub/,null*/sˈəːɲə/,null*/sˈɛ̃ːɾə/,null*/sˈabʎə/,null*/sˈɛːlt͡sə/,null*/sˈɛːɾə/,null*/sˈɛ̃bɾ/,null*/sˈiːlə/,null*/sˌɛ̃jˈit/,null*/sˈitə/,null*/sˈitkə/,null*/sˈitkə/,null*/sˌʊtˈĩːɾə/,null*/sˌə̃dˈɔ̃ːɲ/,null*/sˌavˈadʎkə/,null*/skˈaːɾə/,null*/skˌaɾlˈupə/,null*/skɾˈaːvnə/,null*/slˈaɡ/,null*/sˌə̃dˈɔ̃ːɲ/,null*/sˈuhə/,null*/sˈukulə/,null*/slˈatə/,null*/slˈuːfuɾ/,null*/stɾˌɪkˈat/,null*/stˌəɾvˈit/,null*/stˌɪɾvˈĩːɾə/,null*/stˈɛːʎə/,null*/stˈɪp/,null*/stɾˈɛhə/,null*/stɾˈakə/,null*/stɾˈʊkə/,null*/stɾˈũːmb/,null*/sə̃mbiʎˈat/,null*/zˌabˈɛːl/,null*/zˌabˈɔːj/,null*/zˌə̃bˈiːʃt/,null*/zˌə̃blˈak/,null*/zˈə̃bʃ/,null*/zˈuːʃə/,null*/jˌɪzbavˈit/,null*/zvˌɛɾˈiːʃt/,null*/nˌɛɾˈəːt͡sə/,null*/nˌɛpˈəːɾtəkə/,null*/nˌɛvˌɛɾˈit/,null*/nˌɛvˈaːʎə/,null*/nˈɛ/,null*/nˈɛ̃ːmt͡s/,null*/nˌaʒˈikə/,null*/nˈaːvkə/,null*/hˌaʎkə̃mˈɪj/,null*/lˌɛʃˈawə/,null*/lˌapˈuːʃə/,null*/lˌabˈawə/,null*/hˈaːʎkə/,null*/dlˈatə/,null*/lˈab/,null*/lˌə̃ɡ/,null*/lˌɛ̃dˈĩːɾə/,null*/lˈə̃ɡʃkə/,null*/lˌit͡ʃˈit/,null*/lˌɛʒnˈiːt͡sə/,null*/lˌɛbɛtˈit/,null*/lˈɛhə/,null*/lˈɛːʃə/,null*/lˈɛːʒɲə/,null*/lˈɛːsə/,null*/lˈɪːstkɾ/,null*/lˈɛːʎə/,null*/lˈihə/,null*/lˈipə/,null*/lˌapˈatə/,null*/lˈaɡ/,null*/lˈaːzə/,null*/ʎˌuhˈat/,null*/lˌuʒˈiː/,null*/ʎˈutʃə/,null*/ʎˈutə/,null*/lˈuːspə/,null*/ɾˌaɡˈaːl/,null*/ɾˌadˈĩːmbə/,null*/wˌaɾbˈɪːt͡s/,null*/ɾˈawə/,null*/ɾˈawkə/,null*/ɾˈɛːʒkə/,null*/ɾˈɛ̃d/,null*/ɾˌajˈit/,null*/ɾˌaɡawˈɪː?2kə/,null*/ɾˌatˈaːɾ/,null*/ɾˌabatˈit/,null*/ɾˈaj/,null*/ɾˈajkə/,null*/ɾˈaɡə/,null*/ɾˈab/,null*/ɾˈũːt͡s/,null*/ɾˌə̃ɡˈat/,null*/ɾˌaɡaʒˈĩːɾə/,null*/hɾˌə̃ɾˈiːt͡sə/,null*/hɾˌapˈat/,null*/ɾˈakʎə/,null*/hɾˈap/,null*/hˈaːɾvɛʃ/,null*/ɾˌɛkˈajə̃/,null*/ɾˌaɡˈaːlə/,null*/ɾˈɛ̃ːskə/,null*/ɾˌapˈak/,null*/ɾˈaɡə/,null*/ɾˈaːʒk/,null*/ɾˈũːɾə/,null*/pˌaʒnˈik/,null*/pˌadkˈaw/,null*/pˌadˈit/,null*/pˈatə/,null*/pˌaɡˈəːɲ/,null*/pˌaɡˈəːɾə/,null*/pˌə̃dˈaːɾ/,null*/pˌakɾˈawə/,null*/pˌɛlˈɛ̃ːɾə/,null*/pˌɛlˈĩː/,null*/pˈɛk/,null*/pˌijavˈiːt͡sə/,null*/pˌihˈat/,null*/pˈiːʃkə/,null*/pˈiːɾj/,null*/pˌaʎˈak/,null*/pˌaʎˈatə/,null*/pˌaʎˈəː/,null*/pˌatˈɛːɾɛ/,null*/pˌadkˈaw/,null*/pˌastˈaː/,null*/pˌastˈat/,null*/pˌastɾˈɛhə/,null*/pˌə̃mnˈit/,null*/pˌaɾˈɛ̃d/,null*/pˌaɾə̃?2ˈit/,null*/pˌabɾˈit/,null*/pˈatkə/,null*/plˌaʃˈiːt͡sə/,null*/plˈaːz/,null*/plˈaːt͡ʃə/,null*/plˈaːʃkə/,null*/pˈaːlʃkə/,null*/plˈaːskə/,null*/pʎˈuːskə/,null*/pˌasˈɔːʷlə/,null*/pˈuːɾj/,null*/pˌalʃtnˈik/,null*/plˌivˈat/,null*/plˌɛvnˈiːt͡sə/,null*/pˌɛlˈɛ̃ːnkə/,null*/pʎˈuːskə/,null*/pɾˈah/,null*/pɾˈiːsk/,null*/pɾˌə̃dˈit/,null*/pˌabɾatˈĩːmb/,null*/bˌaɡatˈɪj/,null*/bˌatˈit/,null*/bˌaɾðmˈaːʃ/,null*/bˈa?1̊/,null*/bˈabə/,null*/bˌaɡˈatə/,null*/bˌəɾt͡ʃˈik/,null*/bɾˌɛʃtnˈik/,null*/bˌʊɾtvˈat/,null*/bˌɛɾd͡zˈəːɾə/,null*/bˌɪɾzˈɛːʃtə/,null*/bˌɛlˈɛːvə/,null*/bˌɛlbˈiːt͡sə/,null*/bˌɛlvˈiːt͡sə/,null*/bˌɛlɡɾˈat/,null*/bˈɛːʎkə/,null*/bˈɛːl/,null*/bˈɛːlit͡sə/,null*/hˌabwˈɪːɾtk/,null*/bˌɛʒnˈiːt͡sə/,null*/bˌɛsˈɛdə/,null*/bˌistɾˈiːt͡sə/,null*/bˈiː?2k/,null*/bˈiːstɾ/,null*/bˌaɡˈaːvə/,null*/bˌaɾˈikə/,null*/bˈaːlbə/,null*/bˌuwalˈiːt͡sə/,null*/bˌʊɾlˈaɡ/,null*/bˌut͡ʃˈat/,null*/bˌuʃtɾˈiːt͡sə/,null*/bˈuwal/,null*/bˈuːʃtɾ/,null*/blˈəːɾə/,null*/bˌɛlˈuːʃ/,null*/bʎˈudə/,null*/blˈʊdə/,null*/bɾˈaːzdə/,null*/bɾˈəːɾə/,null*/bɾˈaːvə/,null*/bɾˈɛɡ/,null*/bɾˈiː?2k/,null*/bɾˈiː?2kə/,null*/hˈaːld/,null*/wˌaʎkˈaw/,null*/ʃwˌɪɾʃtnˈik/,null*/wˌɪɾtˈɛt/,null*/svˌɪɾstnˈik/,null*/wˌɪɾvˈit/,null*/wˌɪɾbnˈik/,null*/vɾˈəːt͡ʃvə/,null*/vˈɪːɾstə/,null*/vˌɛlˈɛ̃ːt͡sə/,null*/vˈɛdɾə/,null*/wˌiɾˈaw/,null*/vˈiːʒɲə/,null*/vˈidɾə/,null*/vˈiːsk/,null*/hˈakal/,null*/wˈaːʎə/,null*/hˈabaɡ/,null*/wˌʊʎkadlˈak/,null*/wˈaːɾn/,null*/vˈəːɾl/,null*/hˌawɾˈaɡə/,null*/mˌahnˈit/,null*/mˌatˈukə/,null*/mˌaɾˈɛ̃ːɾə/,null*/mˈak/,null*/mˈaːt͡ʃə/,null*/mˈatkə/,null*/mˈaːt͡sə/,null*/mˈaːzə/,null*/mˌaɡˈuːlə/,null*/mˌɛɾʃˈĩːɾə/,null*/mˌəɾzˈit/,null*/mˌəɾmbəɾˈit/,null*/mˌɛtˈadlə/,null*/mˈɛːlə/,null*/mˈɛːɾə/,null*/mˌɛlˈĩːnkə/,null*/mˈitə/,null*/mˌatavˈidlə/,null*/mˌaldˈikə/,null*/mˌʊdlˈit/,null*/mˌalˈiːt͡sə/,null*/mˌaɾˈaːt͡ʃə/,null*/mˌaɾvˈiːt͡sə/,null*/mˌaɾavˈĩːɾə/,null*/mˌarˈiːt͡sə/,null*/mˈaːl/,null*/mˈaːɾə/,null*/mˌʊʒˈɪː̃skə/,null*/mˈɔːʷzɡə/,null*/hˌɛ̃mpˈaːɾiː/,null*/nbˌuhˈat/,null*/npˈaːɾzdn/
R190,,,*/hˌaɾdɛɾˈiːt͡sə/,,,,,,,,*/jˌaɾˈiːɾə/,,,,,,,,,,,,*/hˌaɾədˈɪj/,,*/hˌabpˈɪːnkə/,,*/hˌablˈək/,,,,,,,,,,,,,,,,*/kˌəmbɛɾˈiːt͡sə/,,,*/kˌaɾ?2ˈuː/,,,*/kˌəmˈiːʃt/,,*/kˈət/,,,,,*/kvˌaðɾˈəːnt/,*/kˌəkˈaːl/,,,,,,,,*/kˌapɾˈɪːskə/,,,,,,,,,,,,,,,,,,,,,,,,,,,,,*/kˈuːmbə/,,*/kɾˌahˈiːɾə/,*/ɡˌatˈawaɲ/,*/ɡˌalˈiːɾə/,*/ɡˌəmˈit/,,,,,,,,*/ɡɾˌəkˈiːɲə/,,,,,,,,*/ɡɾˌəmˈadə/,,,,,*/ɡˌastˈɪːskə/,,,*/ɡˌəmˈiːlə/,*/ɡˌəbˈɛːl/,,,*/ɡˌalvˈiːɾə/,*/ɡɾˌaʃˈiːɾə/,*/ɡɾˌadˈiːɾə/,,,,,,,,,,,,,*/lˠˈəɡə/,*/lˌəmˈit/,,,,,*/jˌuɾˈak/,,,*/tjˈɛːʒnə/,,,,,,*/ɡʎˌəbat͡ʃˈaːɾ/,,*/ɡʎˌəbat͡ʃˈaːɾ/,,,,,,,*/t͡ʃˌɛtˈiːɾə/,,,,,,,,,,,,,,,,,,,*/ʃˈɛbɾ/,,,,,,,,,,,,,*/ʃtˌʊɾmˈɛːnn/,*/ʃtˌapˈəːɲə/,*/ʃtˌapˈəː?2̬ə/,*/ʃtˌapəɾˈɛːʃə/,*/ʃtˌapˈəː/,*/ʃtˈuːɲə/,,,*/ʒˌəbˈiːɾə/,,,*/tˈəɡə/,,,*/tˌajˈiːɾə/,*/tˈiːɾə/,,,,,,,,*/tˌut͡sjˈəː/,*/tˈuːɲə/,*/tˈuː/,,,,*/tɾˌətˈit/,,,,*/dˌɛlbtˈiːɾə/,,,,,*/dˌalˈiːɾə/,,,,*/dˌəbɾˈaj/,*/dˈəbɾ/,,*/dɾˈəɡ/,*/dɾˌɛmˈit/,,,,,*/t͡sˌaɾˈiːɾə/,,,,,*/t͡sˌɛɾˈit/,,,,*/sˈəːɲə/,*/sˈɛːɾə/,,,,*/sˈɛbɾ/,,*/sˌɛjˈit/,,,,*/sˌʊtˈiːɾə/,*/sˌədˈɔːɲ/,,,,,,*/sˌədˈɔːɲ/,,,,,,,*/stˌɪɾvˈiːɾə/,,,,,,*/stɾˈuːmb/,*/səmbiʎˈat/,,,*/zˌəbˈiːʃt/,*/zˌəblˈak/,*/zˈəbʃ/,,,,*/nˌɛɾˈəːt͡sə/,,,,,*/nˈɛːmt͡s/,,,*/hˌaʎkəmˈɪj/,,,,,,,*/lˌəɡ/,*/lˌɛdˈiːɾə/,*/lˈəɡʃkə/,,,,,,,,,,,,,,,,,,,,,*/ɾˌadˈiːmbə/,,,,,*/ɾˈɛd/,,,,,,,,,*/ɾˈuːt͡s/,*/ɾˌəɡˈat/,*/ɾˌaɡaʒˈiːɾə/,*/hɾˌəɾˈiːt͡sə/,,,,,*/ɾˌɛkˈajə/,,*/ɾˈɛːskə/,,,,*/ɾˈuːɾə/,,,,,*/pˌaɡˈəːɲ/,*/pˌaɡˈəːɾə/,*/pˌədˈaːɾ/,,*/pˌɛlˈɛːɾə/,*/pˌɛlˈiː/,,,,,,,,*/pˌaʎˈəː/,,,,,,*/pˌəmnˈit/,*/pˌaɾˈɛd/,*/pˌaɾə?2ˈit/,,,,,,,,,,,,,,,*/pˌɛlˈɛːnkə/,,,,*/pɾˌədˈit/,*/pˌabɾatˈiːmb/,,,,,,,,,,*/bˌɛɾd͡zˈəːɾə/,,,,,,,,,,,,,,,,,,,,,,,,*/blˈəːɾə/,,,,,*/bɾˈəːɾə/,,,,,,,,,,,,,,*/vˌɛlˈɛːt͡sə/,,,,,,,,,,,,,,,*/mˌaɾˈɛːɾə/,,,,,,,*/mˌɛɾʃˈiːɾə/,,,,,,*/mˌɛlˈiːnkə/,,,,,,,,*/mˌaɾavˈiːɾə/,,,,*/mˌʊʒˈɪːskə/,,*/hˌɛmpˈaːɾiː/,,
R191,,,,,,,,,,,,,*/hˈɛːs/,,,,,,,,,,,,,,,,,,,,,,,,,,,,,,,,,,,,,,,,,,,,,,,,,,,,,,,,,,,,,,,,,,,,,,,,,,,,,,,,,,,,,,,,,,,,,,,,,,,,,,,,,,,,,,,,,,,,,,,,,,,,,,,,,,,,,,,,,,,,,,,,,,,,,,,,,,,,,,,,,,,,,,,,,,,,,,,,,,,,,,,,,,,,,,,,,,,,,,,,,,,,,,,,,,,,,,,,,,,,,,,,,,,,,,,,,,,,,,,,,,,,,,,,,,,,,,,,,,,,,,,,,,,,,,,,,,,,,,,,,,,,,,,,,,,,,,,,,,,,,,,,,,,,,,,,,,,,,,,,,,,,,,,,,,,,,,,,,,,,,,,,,,,,,,,,,,,,,,,,,,,,,,,,,,,,,,,,,,,,,,*/plˈaːs/,,,,,,,,,,,,,,,,,,,,,,,,,,,,,,,,,,,,,,,,,,,,,,,,,,,,,,,,,,,,,,,,,,,,,,,,,,,,,,,,,,,,,,,,,,,,,,,,,,,,,,,,,,,,,,,,,
R192,,,,,,,,,,,,,,,,,,,,,,,,,,,,,,,,,,,,,,*/kˌaɾvˈaːjə/,,,,,,,,,,*/kˌapˈuːjə/,,*/kˈɔːʷjk/,,,,,,,,,,,,,,,,,,,,,,,,,,,,,,,,,,,,,,,,,,,,,,,,,,,*/ɡˈaːjkə/,,*/ɡˈaːjə/,,,,,,,,,,,,,,,,,,,,,,,,,,,,,,,,,,,,,,,,,,,,,,,,,,*/kjˌɛpˈadlə/,*/kjˈɛp/,*/kjˈuːt͡ʃ/,*/ɡjˌavnˈiːt͡sə/,*/ɡjˌəbat͡ʃˈaːɾ/,,*/ɡjˌəbat͡ʃˈaːɾ/,*/ɡjˈabə/,,,,,,,,,,,,,,,,,,,,,,,,,,,,,,,,,,*/ʃˌupjˈakə/,,,,,,,,,,,,,,,,,,,,,,,,,,,,,,,,,,,,,,,,,,,,,,,,,,,,,,,,,,,,,,,,,,*/sˈabjə/,,,,,,,,,,,*/sˌavˈadjkə/,,,,,,,,,,,,,*/stˈɛːjə/,,,,,,*/səmbijˈat/,,,,,,,,,,,,*/nˌɛvˈaːjə/,,,,,*/hˌajkəmˈɪj/,,,,*/hˈaːjkə/,,,,,,,,,,,,,,*/lˈɛːjə/,,,,,,*/jˌuhˈat/,,*/jˈutʃə/,*/jˈutə/,,,,,,,,,,,,,,,,,,,,,,*/ɾˈakjə/,,,,,,,,,,,,,,,,,,,,,,,,,*/pˌajˈak/,*/pˌajˈatə/,*/pˌajˈəː/,,,,,,,,,,,,,,,,,*/pjˈuːskə/,,,,,,,*/pjˈuːskə/,,,,,,,,,,,,,,,,,,,,*/bˈɛːjkə/,,,,,,,,,,,,,,,,,,,,*/bjˈudə/,,,,,,,,,*/wˌajkˈaw/,,,,,,,,,,,,,,,*/wˈaːjə/,,*/wˌʊjkadlˈak/,,,,,,,,,,,,,,,,,,,,,,,,,,,,,,,,,,,
R193,,,,,,,,,,,,,,,,,,,,,,,,,,,,,,,,,,,,,,,,,,,,,,,,,,,,,,,,,,,,,,,,,,,,,,,,,,,,,,,,,,,,,,,,,,,,,,,,,,,,,,,,,,,,,,,,,,,,,,,,,,,,,,,,,,,,,,,,,,,,,,,,,,,,,,,,,*/cˌɛpˈadlə/,*/cˈɛp/,*/cˈuːt͡ʃ/,*/ɟˌavnˈiːt͡sə/,*/ɟˌəbat͡ʃˈaːɾ/,,*/ɟˌəbat͡ʃˈaːɾ/,*/ɟˈabə/,,,,,,,,,,,,,,,,,,,,,,,,,,,,,,,,,,,,,,,,,,,,,,,,,,,,,,,,,,,,,,,,,,,,,,,,,,,,,,,,,,,,,,,,,,,,,,,,,,,,,,,,,,,,,,,,,,,,,,,,,,,,,,,,,,,,,,,,,,,,,,,,,,,,,,,,,,,,,,,,,,,,,,,,,,,,,,,,,,,,,,,,,,,,,,,,,,,,*/ɾˈacə/,,,,,,,,,,,,,,,,,,,,,,,,,,,,,,,,,,,,,,,,,,,,,,,,,,,,,,,,,,,,,,,,,,,,,,,,,,,,,,,,,,,,,,,,,,,,,,,,,,,,,,,,,,,,,,,,,,,,,,,,,,,,,,,,,,,,,,,,,,,,,,,,,,,,,,,,
R194,,,,,,,,,,,,,,,,,,,,,,,,,,,,,,,,,,,,,,,,,,,,,,,,,,,,,,,,,,,,,,,,,,,,,,,,,,,,,,,,,,,,,,,,,,,,,,,,,,,,,,,,,,,,,,,,,,,,,,,,,,,,,,,,,,,,,,,,,,,,,,,,,,,,,,,,,,,,,,,,,,,,,,,,,,,,,,,,,,,,,,,,,,,,,,,,,,,,,,,,,,,,,,,,,,,,,,,,,,,,,,,,,,,,,,,,,,,,,,,,,,,,,,,,,,,,,,,,,,,,,,,,,,,,,,,,,,,,,,,,,,,,,,,,,,,,,,,,,,,,,,,,,,,,,,,,,,,,,,,,,,,,,,,,,,,,,,,,,,,,,,,,,,,,,,,,,,,,,,,,,,,,,,,,,,,,,,,,,,,,,,,,,,,,,,,,,,,,,,,,,,,,,,,,,,,,,,,,,,,,,,,,,,,,,,,,,,,,,,,,,,,,,,,,,,,,,,,,,,,,,,,,,,,,,,,,,,,,,,,,,,,,,,,,,,,,,,,,,,,,,,,,,,,,
R195,,,,,,,,,,,,,,,,,,,,,,,,,,,,,,,,,,,,,,,,,,,,,,,,,,,,,,,,,,,,,,,,,,,,,,,,,,,,,,,,,,,,,,,,,,,,,,,,,,,,,,,,,,,,,,,,,,,,,,,,,,,,,,,,,,,,,,,,,,,,,,,,,,,,,,,,,,,,,,,,,,,,,,,,,,,,,,,,,,,,,,,,,,,,,,,,,,,,,,,,,,,,,,,,,,,,,,,,,,,,,,,,,,,,,,,,,,,,,,,,,,,,,,,,,,,,,,,,,,,,,,,,,,,,,,,,,,,,,,,,,,,,,,,,,,,,,,,,,,,,,,,,,,,,,,,,,,,,,,,,,,,,,,,,,,,,,,,,,,,,,,,,,,,,,,,,,,,,,,,,,,,,,,,,,,,,,,,,,,,,,,,,,,,,,,,,,,,,,,,,,,,,,,,,,,,,,,,,,,,,,,,,,,,,,,,,,,,,,,,,,,,,,,,,,,,,,,,,,,,,,,,,,,,,,,,,,,,,,,,,,,,,,,,,,,,,,,,,,,,,,,,,,,,,
R196,*/həɾɡˈaːvə/,*/həɾkˈitə/,*/hˌaɾdəɾˈiːt͡sə/,*/həvˈit/,*/həɾbˈɪːl/,*/həbˈit/,*/hətˈat/,*/həɾmˈaːvə/,,*/həkˈat/,*/jəɾˈiːɾə/,*/jəɾˈaw/,,,,,,,,*/həbkˈitə/,*/həɡɾˈa?1ə/,*/hətˈaːvə/,,*/həbɾˈak/,*/həbpˈɪːnkə/,*/həbvˈaːɾ/,*/həblˈək/,,*/kˌat͡ʃəɾˈɛːl/,*/kət͡ʃˈuːl/,*/kət͡ʃˈubə/,*/kət͡ʃˈubɛl/,*/kədˈit/,*/kˌastɾəvˈɪːt͡s/,*/kəsnˈɪːt͡s/,*/kˌaləbˈab/,*/kəlˈibə/,*/kəɾvˈaːjə/,*/kəɾˈɪːt͡sə/,*/kəɾˈutə/,*/kəɾˈup/,*/kəpˈit/,*/kˌəmbəɾˈiːt͡sə/,,*/kɾə?2ˈat/,*/kəɾ?2ˈuː/,*/kəɾbˈaːt͡ʃ/,*/kəpˈuːjə/,*/kəmˈiːʃt/,,,,,*/kəsˈit/,*/kəsˈaːɾ/,*/kvəðɾˈəːnt/,*/kəkˈaːl/,*/kəlˈɛːʃkə/,*/kəlˈibə/,*/kəɾˈit/,*/kəɾˈitə/,*/kəɾˈubə/,*/kəpˈiːt͡sə/,*/kəpˈiːl/,*/kəpɾˈɪːskə/,*/kəvˈaːt͡ʃ/,,,,,,,,,,,,,,*/kəlpˈit/,,*/kəlt͡ʃˈit/,*/kəkˈat/,*/kəʃˈawə/,*/kəlˈaːt͡ʃ/,*/kˌupəlnˈik/,,,,,,,,,*/kɾəhˈit/,*/kɾəhˈiːɾə/,*/ɡətˈawaɲ/,*/ɡəlˈiːɾə/,*/ɡəmˈit/,,,,,*/ɡəltˈit/,*/kəlbˈaːzə/,*/kəɾhˈat/,*/ɡɾəkˈiːɲə/,*/kəɾt͡ʃˈak/,*/ɡəɾdˈaːlə/,*/ɡəɾdˈɛːt͡s/,*/ɡəɾdˈit/,*/ɡəɾdˈit/,*/ɡəɾdlˈaː?2/,*/ɡəɾlˈiːt͡sə/,*/ɡɾəmˈadə/,,,,*/ɡədˈit/,*/ɡəstˈɪːskə/,*/ɡəstˈit/,*/ɡərˈiːt͡sə/,*/ɡəmˈiːlə/,*/ɡəbˈɛːl/,,*/ɡəlvnˈik/,*/ɡəlvˈiːɾə/,*/ɡɾəʃˈiːɾə/,*/ɡɾədˈiːɾə/,*/ɡɾəbˈit/,,*/ɡɾəbˈaːʃ/,,,,*/lˠəpˈuːʃ/,*/lˠəpˈuːʃə/,,,,,,*/ləmˈit/,,,*/həkɾˈaː/,*/hədˈab/,*/jəɾˈak/,*/həlˈiːʃt͡ʃ/,*/həɾˈak/,,*/tjəsˈat/,*/cəpˈadlə/,,,*/ɟəvnˈiːt͡sə/,*/ɟˌəbət͡ʃˈaːɾ/,*/ɟəzdˈit/,*/ɟˌəbət͡ʃˈaːɾ/,,*/ɲəhˈat/,,,,*/?2ərˈawə/,*/t͡ʃətˈiːɾə/,*/t͡ʃəlˈit/,*/t͡ʃəlnˈik/,,,,,*/t͡ʃˌarəvˈadə/,*/t͡ʃədˈit/,,,,,*/ʃətˈɔːʷɾɛ/,,,,,,,*/ʃətˈawə/,,,,*/ʃkˌawəɾdˈɪːt͡s/,*/ʃkəpˈit/,,*/ʃəʃˈiːt͡sə/,*/ʃəpjˈakə/,,,,*/ʃtəɾmˈɛːnn/,*/ʃtəpˈəːɲə/,*/ʃtəpˈəː?2̬ə/,,*/ʃtəpˈəː/,,,,*/ʒəbˈiːɾə/,*/təɾkˈat/,*/təɾpˈɛt/,,,,*/təjˈiːɾə/,,*/tət͡ʃˈiðlə/,*/tət͡ʃˈit/,*/təɾˈiːʃt͡ʃ/,*/təɾˈaw/,*/təpˈidl/,,,*/tət͡sjˈəː/,,,,,,*/tɾətˈit/,,*/dəɾˈaːvə/,*/dəʒnˈiːt͡sə/,*/dəlbtˈiːɾə/,*/dəhˈat/,,,,*/dəlˈiːɾə/,*/dəbˈit/,,,*/dəbɾˈaj/,,,,*/dɾəmˈit/,*/dɾəbˈit/,,,*/t͡səlˈik/,*/t͡səɾˈiːɾə/,,,*/?2ərˈidl/,*/?2ərˈik/,*/t͡səɾˈit/,,,,,,,,,,,*/səjˈit/,,,,*/sətˈiːɾə/,*/sədˈɔːɲ/,*/səvˈadjkə/,,*/skəɾlˈupə/,,,*/sədˈɔːɲ/,,,,,*/stɾəkˈat/,*/stəɾvˈit/,*/stəɾvˈiːɾə/,,,,,,,*/səmbəjˈat/,*/zəbˈɛːl/,*/zəbˈɔːj/,*/zəbˈiːʃt/,*/zəblˈak/,,,*/jˌɪzbəvˈit/,*/zvəɾˈiːʃt/,*/nəɾˈəːt͡sə/,*/nəpˈəːɾtəkə/,*/nˌɛvəɾˈit/,*/nəvˈaːjə/,,,*/nəʒˈikə/,,,*/ləʃˈawə/,*/ləpˈuːʃə/,*/ləbˈawə/,,,,,*/lədˈiːɾə/,,*/lət͡ʃˈit/,*/ləʒnˈiːt͡sə/,*/lˌɛbətˈit/,,,,,,,,,*/ləpˈatə/,,,*/jəhˈat/,*/ləʒˈiː/,,,,*/ɾəɡˈaːl/,*/ɾədˈiːmbə/,*/wəɾbˈɪːt͡s/,,,,,*/ɾəjˈit/,*/ɾˌaɡəwˈɪː?2kə/,*/ɾətˈaːɾ/,*/ɾˌabətˈit/,,,,,,*/ɾəɡˈat/,*/ɾˌaɡəʒˈiːɾə/,*/hɾəɾˈiːt͡sə/,*/hɾəpˈat/,,,,*/ɾəkˈajə/,*/ɾəɡˈaːlə/,,*/ɾəpˈak/,,,,*/pəʒnˈik/,*/pədkˈaw/,*/pədˈit/,,*/pəɡˈəːɲ/,*/pəɡˈəːɾə/,*/pədˈaːɾ/,*/pəkɾˈawə/,*/pəlˈɛːɾə/,*/pəlˈiː/,,*/pˌijəvˈiːt͡sə/,*/pəhˈat/,,,*/pəjˈak/,*/pəjˈatə/,*/pəjˈəː/,*/pətˈɛːɾɛ/,*/pədkˈaw/,*/pəstˈaː/,*/pəstˈat/,*/pəstɾˈɛhə/,*/pəmnˈit/,*/pəɾˈɛd/,,*/pəbɾˈit/,,*/pləʃˈiːt͡sə/,,,,,,,*/pəsˈɔːʷlə/,,*/pəlʃtnˈik/,*/pləvˈat/,*/pləvnˈiːt͡sə/,*/pəlˈɛːnkə/,,,,*/pɾədˈit/,*/pˌabɾətˈiːmb/,*/bˌaɡətˈɪj/,*/bətˈit/,*/bəɾðmˈaːʃ/,,,*/bəɡˈatə/,*/bəɾt͡ʃˈik/,*/bɾəʃtnˈik/,*/bəɾtvˈat/,*/bəɾd͡zˈəːɾə/,*/bəɾzˈɛːʃtə/,*/bəlˈɛːvə/,*/bəlbˈiːt͡sə/,*/bəlvˈiːt͡sə/,*/bəlɡɾˈat/,,,,*/həbwˈɪːɾtk/,*/bəʒnˈiːt͡sə/,*/bəsˈɛdə/,*/bəstɾˈiːt͡sə/,,,*/bəɡˈaːvə/,*/bəɾˈikə/,,*/bˌuwəlˈiːt͡sə/,*/bəɾlˈaɡ/,*/bət͡ʃˈat/,*/bəʃtɾˈiːt͡sə/,,,,*/bəlˈuːʃ/,,,,,,,,,,*/wəjkˈaw/,*/ʃwəɾʃtnˈik/,*/wəɾtˈɛt/,*/svəɾstnˈik/,*/wəɾvˈit/,*/wəɾbnˈik/,,,*/vəlˈɛːt͡sə/,,*/wəɾˈaw/,,,,,,,*/wˌʊjkədlˈak/,,,*/həwɾˈaɡə/,*/məhnˈit/,*/mətˈukə/,*/məɾˈɛːɾə/,,,,,,*/məɡˈuːlə/,*/məɾʃˈiːɾə/,*/məɾzˈit/,,*/mətˈadlə/,,,*/məlˈiːnkə/,,*/mˌatəvˈidlə/,*/məldˈikə/,*/mədlˈit/,*/məlˈiːt͡sə/,*/məɾˈaːt͡ʃə/,*/məɾvˈiːt͡sə/,*/mˌaɾəvˈiːɾə/,*/mərˈiːt͡sə/,,,*/məʒˈɪːskə/,,*/həmpˈaːɾiː/,*/nbəhˈat/,
R197,,,,,,,,,,,,,,,,,,,,,,,,,,,,,,,,,,,,,,,,,,,,,,,,,,,,,,,,,,,,,,,,,,,,,,,,,,,,,,,,,,,,,,,,,,,,,,,,,,,,,,,,,,,,,,,,,,,,,,,,,,,,,,,,,,,,,,,,,,,,,,,,,,,,,,,,,,,,,,,,,,,,,,,,,,,,,,,,,,,,,,,,,,,,,,,,,,,,,,,,,,,,,,,,,,,,,,,,,,,,,,,,,,,,,,,,,,,,,,,,,,,,,,,,,,,,,,,,,,,,,,,,,,,,,,,,,,,,,,,,,,,,,,,,,,,,,,,,,,,*/nɾˈəːt͡sə/,*/npˈəːɾtəkə/,,,,,,,,,,,,,,,,,,,,,,,,,,,,,,,,,,,,,,,,,,,,,,,,,,,,,,,,,,,,,,,,,,,,,,,,,,,,,,,,,,,,,,,,,,,,,,,,,,,,,,,,,,,,,,,,,,,,,,,,,,,,,,,,,,,,,,,,,,,,,,,,,,,,,,,,,,,,,,,,,,,,,,,,,,,,,,,,,,,,,,,,,,,,,,,,,,,,,,,,,,,,,,,,
R198,,,,,,,,,,,,,,,,,,,,,,,,,,,,,,,,,,,,,,,,,,,,,,,,,,,,,,,,,,,,,,,,,,,,,,,,,,,,,,,,,,,,,,,,,,,,,,,,,,,,,,,,,,,,,,,,,,,,,,,,,,,,,,,,,,,,,,,,,,,,,,,,,,,,,,,,,,,,,,,,,,,,,,,,,,,,,,,,,,,,,,,,,,,,,,,,,,,,,,,,,,,,,,,,,,,,,,,,,,,,,,,,,,,,,,,,,,,,,,,,,,,,,,,,,,,,,,,,,,,,,,,,,,,,,,,,,,,,,,,,,,,,,,,,,,,,,,,,,,,,,,,,,,,,,,,,,,,,,,,,,,,,,,,,,,,,,,,,,,,,,,,,,,,,,,,,,,,,,,,,,,,,,,,,,,,,,,,,,,,,,,,,,,,,,,,,,,,,,,,,,,,,,,,,,,,,,,,,,,,,,,,,,,,,,,,,,,,,,,,,,,,,,,,,,,,,,,,,,,,,,,,,,,,,,,,,,,,,,,,,,,,,,,,,,,,,,,,,,,,,,,,,,,,,
R199,*/həɾɡˈavə/,,*/hˌaɾdəɾˈit͡sə/,,*/həɾbˈɪl/,,,*/həɾmˈavə/,*/hˈɔɾə/,,*/jəɾˈiɾə/,,*/hˈɛs/,*/jˈaɾ/,*/hˈɛzɛɾ/,,,*/jˈɪskɾə/,*/hˈivə/,,,*/hətˈavə/,,,*/həbpˈɪnkə/,*/həbvˈaɾ/,,,*/kˌat͡ʃəɾˈɛl/,*/kət͡ʃˈul/,,,,*/kˌastɾəvˈɪt͡s/,*/kəsnˈɪt͡s/,,,*/kəɾvˈajə/,*/kəɾˈɪt͡sə/,,,,*/kˌəmbəɾˈit͡sə/,*/tkˈat͡ʃ/,,*/kəɾ?2ˈu/,*/kəɾbˈat͡ʃ/,*/kəpˈujə/,*/kəmˈiʃt/,*/kˈʊjk/,,*/kˈʊɾ?2/,*/kˈʊɾpə/,,*/kəsˈaɾ/,*/kvəðɾˈənt/,*/kəkˈal/,*/kəlˈɛʃkə/,,,,,*/kəpˈit͡sə/,*/kəpˈil/,*/kəpɾˈɪskə/,*/kəvˈat͡ʃ/,*/kˈal/,*/kˈaʃ/,*/kˈast/,*/kˈazlt͡sə/,,,*/kˈasə/,*/kˈastɾə/,*/kˈaɾə/,*/kˈaɾt͡sɛ/,*/kˈaɾdə/,,,,*/kˈalpə/,,,,*/kəlˈat͡ʃ/,,,*/kˈut͡ʃ/,,*/kˈulə/,*/kˈʊlbə/,*/kˈuɾvə/,,*/kˈumbə/,,*/kɾəhˈiɾə/,,*/ɡəlˈiɾə/,,,*/ɡˈajkə/,*/ɡˈalvə/,*/ɡˈajə/,,*/kəlbˈazə/,,*/ɡɾəkˈiɲə/,,*/ɡəɾdˈalə/,*/ɡəɾdˈɛt͡s/,,,*/ɡəɾdlˈa?2/,*/ɡəɾlˈit͡sə/,,,*/ɡˈʊɾt͡ʃ/,*/ɡˈʊɾbə/,,*/ɡəstˈɪskə/,,*/ɡərˈit͡sə/,*/ɡəmˈilə/,*/ɡəbˈɛl/,*/ɡvˈazdə/,,*/ɡəlvˈiɾə/,*/ɡɾəʃˈiɾə/,*/ɡɾədˈiɾə/,,,*/ɡɾəbˈaʃ/,*/ɡˈaɾʃ/,*/ɡɾˈazdl/,*/ɡˈʊɾʃt/,*/lˠəpˈuʃ/,*/lˠəpˈuʃə/,*/lˠˈaʃkə/,*/lˠˈazt͡sə/,*/lˠˈazkə/,*/lˠˈazaɾə/,,,*/lˈaskə/,,*/həkɾˈa/,,,*/həlˈiʃt͡ʃ/,,*/tjˈɛʒnə/,,,,*/cˈut͡ʃ/,*/ɟəvnˈit͡sə/,*/ɟˌəbət͡ʃˈaɾ/,,*/ɟˌəbət͡ʃˈaɾ/,,,,,,,*/t͡ʃətˈiɾə/,,,,*/t͡ʃˈɛlə/,*/?2ˈɛɾdə/,*/?2ˈɪɾn/,,,,*/t͡ʃˈulə/,,,*/ʃətˈʊɾɛ/,,*/ʃˈaɾə/,,,*/ʃˈal?2ə/,,,,*/ʃˈɛ?2/,,*/ʃkˌawəɾdˈɪt͡s/,,,*/ʃəʃˈit͡sə/,,*/ʃˈʊlə/,*/ʃˈul/,,*/ʃtəɾmˈɛnn/,*/ʃtəpˈəɲə/,*/ʃtəpˈə?2̬ə/,*/ʃtˌapəɾˈɛʃə/,*/ʃtəpˈə/,*/ʃtˈuɲə/,*/ʃtɾˈaʒə/,,*/ʒəbˈiɾə/,,,,,,*/təjˈiɾə/,*/tˈiɾə/,,,*/təɾˈiʃt͡ʃ/,,,,,*/tət͡sjˈə/,*/tˈuɲə/,*/tˈu/,,*/tɾˈɪʃ/,*/tˈɪɾʃ/,,,*/dəɾˈavə/,*/dəʒnˈit͡sə/,*/dəlbtˈiɾə/,,*/dˈiɾə/,,,*/dəlˈiɾə/,,,,,,,,,,,,,*/t͡səɾˈiɾə/,*/?2ˈaɾə/,*/?2ˈaɾbə/,,,,*/?2ˈɪɾmbə/,,,*/sˈəɲə/,*/sˈɛɾə/,,*/sˈɛlt͡sə/,*/sˈɛɾə/,,*/sˈilə/,,,,,*/sətˈiɾə/,*/sədˈɔɲ/,,*/skˈaɾə/,,*/skɾˈavnə/,,*/sədˈɔɲ/,,,,*/slˈufuɾ/,,,*/stəɾvˈiɾə/,*/stˈɛjə/,,,,,*/stɾˈumb/,,*/zəbˈɛl/,*/zəbˈɔj/,*/zəbˈiʃt/,,,*/zˈuʃə/,,*/zvəɾˈiʃt/,*/nɾˈət͡sə/,*/npˈəɾtəkə/,,*/nəvˈajə/,,*/nˈɛmt͡s/,,*/nˈavkə/,,,*/ləpˈuʃə/,,*/hˈajkə/,,,,*/lədˈiɾə/,,,*/ləʒnˈit͡sə/,,,*/lˈɛʃə/,*/lˈɛʒɲə/,*/lˈɛsə/,*/lˈɪstkɾ/,*/lˈɛjə/,,,,,*/lˈazə/,,*/ləʒˈi/,,,*/lˈuspə/,*/ɾəɡˈal/,*/ɾədˈimbə/,*/wəɾbˈɪt͡s/,,,*/ɾˈɛʒkə/,,,*/ɾˌaɡəwˈɪ?2kə/,*/ɾətˈaɾ/,,,,,,*/ɾˈut͡s/,,*/ɾˌaɡəʒˈiɾə/,*/hɾəɾˈit͡sə/,,,,*/hˈaɾvɛʃ/,,*/ɾəɡˈalə/,*/ɾˈɛskə/,,,*/ɾˈaʒk/,*/ɾˈuɾə/,,,,,*/pəɡˈəɲ/,*/pəɡˈəɾə/,*/pədˈaɾ/,,*/pəlˈɛɾə/,*/pəlˈi/,,*/pˌijəvˈit͡sə/,,*/pˈiʃkə/,*/pˈiɾj/,,,*/pəjˈə/,*/pətˈɛɾɛ/,,*/pəstˈa/,,,,,,,,*/pləʃˈit͡sə/,*/plˈas/,*/plˈat͡ʃə/,*/plˈaʃkə/,*/pˈalʃkə/,*/plˈaskə/,*/pjˈuskə/,*/pəsˈʊlə/,*/pˈuɾj/,,,*/pləvnˈit͡sə/,*/pəlˈɛnkə/,*/pjˈuskə/,,*/pɾˈisk/,,*/pˌabɾətˈimb/,,,*/bəɾðmˈaʃ/,,,,,,,*/bəɾd͡zˈəɾə/,*/bəɾzˈɛʃtə/,*/bəlˈɛvə/,*/bəlbˈit͡sə/,*/bəlvˈit͡sə/,,*/bˈɛjkə/,*/bˈɛl/,*/bˈɛlit͡sə/,*/həbwˈɪɾtk/,*/bəʒnˈit͡sə/,,*/bəstɾˈit͡sə/,*/bˈi?2k/,*/bˈistɾ/,*/bəɡˈavə/,,*/bˈalbə/,*/bˌuwəlˈit͡sə/,,,*/bəʃtɾˈit͡sə/,,*/bˈuʃtɾ/,*/blˈəɾə/,*/bəlˈuʃ/,,,*/bɾˈazdə/,*/bɾˈəɾə/,*/bɾˈavə/,,*/bɾˈi?2k/,*/bɾˈi?2kə/,*/hˈald/,,,,,,,*/vɾˈət͡ʃvə/,*/vˈɪɾstə/,*/vəlˈɛt͡sə/,,,*/vˈiʒɲə/,,*/vˈisk/,,*/wˈajə/,,,*/wˈaɾn/,*/vˈəɾl/,,,,*/məɾˈɛɾə/,,*/mˈat͡ʃə/,,*/mˈat͡sə/,*/mˈazə/,*/məɡˈulə/,*/məɾʃˈiɾə/,,,,*/mˈɛlə/,*/mˈɛɾə/,*/məlˈinkə/,,,,,*/məlˈit͡sə/,*/məɾˈat͡ʃə/,*/məɾvˈit͡sə/,*/mˌaɾəvˈiɾə/,*/mərˈit͡sə/,*/mˈal/,*/mˈaɾə/,*/məʒˈɪskə/,*/mˈʊzɡə/,*/həmpˈaɾi/,,*/npˈaɾzdn/
=Old North Tosk,null*/həɾɡˈavə/,null*/həɾkˈitə/,null*/hˌaɾdəɾˈit͡sə/,null*/həvˈit/,null*/həɾbˈɪl/,null*/həbˈit/,null*/hətˈat/,null*/həɾmˈavə/,null*/hˈɔɾə/,null*/həkˈat/,null*/jəɾˈiɾə/,null*/jəɾˈaw/,null*/hˈɛs/,null*/jˈaɾ/,null*/hˈɛzɛɾ/,null*/jˈuɡ/,null*/jˈud/,null*/jˈɪskɾə/,null*/hˈivə/,null*/həbkˈitə/,null*/həɡɾˈa?1ə/,null*/hətˈavə/,null*/hˌaɾədˈɪj/,null*/həbɾˈak/,null*/həbpˈɪnkə/,null*/həbvˈaɾ/,null*/həblˈək/,null*/hˈɔjiʃt/,null*/kˌat͡ʃəɾˈɛl/,null*/kət͡ʃˈul/,null*/kət͡ʃˈubə/,null*/kət͡ʃˈubɛl/,null*/kədˈit/,null*/kˌastɾəvˈɪt͡s/,null*/kəsnˈɪt͡s/,null*/kˌaləbˈab/,null*/kəlˈibə/,null*/kəɾvˈajə/,null*/kəɾˈɪt͡sə/,null*/kəɾˈutə/,null*/kəɾˈup/,null*/kəpˈit/,null*/kˌəmbəɾˈit͡sə/,null*/tkˈat͡ʃ/,null*/kɾə?2ˈat/,null*/kəɾ?2ˈu/,null*/kəɾbˈat͡ʃ/,null*/kəpˈujə/,null*/kəmˈiʃt/,null*/kˈʊjk/,null*/kˈət/,null*/kˈʊɾ?2/,null*/kˈʊɾpə/,null*/kəsˈit/,null*/kəsˈaɾ/,null*/kvəðɾˈənt/,null*/kəkˈal/,null*/kəlˈɛʃkə/,null*/kəlˈibə/,null*/kəɾˈit/,null*/kəɾˈitə/,null*/kəɾˈubə/,null*/kəpˈit͡sə/,null*/kəpˈil/,null*/kəpɾˈɪskə/,null*/kəvˈat͡ʃ/,null*/kˈal/,null*/kˈaʃ/,null*/kˈast/,null*/kˈazlt͡sə/,null*/kˈatt͡sə/,null*/kvˈa/,null*/kˈasə/,null*/kˈastɾə/,null*/kˈaɾə/,null*/kˈaɾt͡sɛ/,null*/kˈaɾdə/,null*/kˈapɾ/,null*/kˈab/,null*/kəlpˈit/,null*/kˈalpə/,null*/kəlt͡ʃˈit/,null*/kəkˈat/,null*/kəʃˈawə/,null*/kəlˈat͡ʃ/,null*/kˌupəlnˈik/,null*/kˈukə/,null*/kˈut͡ʃ/,null*/kˈut/,null*/kˈulə/,null*/kˈʊlbə/,null*/kˈuɾvə/,null*/kˈu/,null*/kˈumbə/,null*/kɾəhˈit/,null*/kɾəhˈiɾə/,null*/ɡətˈawaɲ/,null*/ɡəlˈiɾə/,null*/ɡəmˈit/,null*/ɡˈaj/,null*/ɡˈajkə/,null*/ɡˈalvə/,null*/ɡˈajə/,null*/ɡəltˈit/,null*/kəlbˈazə/,null*/kəɾhˈat/,null*/ɡɾəkˈiɲə/,null*/kəɾt͡ʃˈak/,null*/ɡəɾdˈalə/,null*/ɡəɾdˈɛt͡s/,null*/ɡəɾdˈit/,null*/ɡəɾdˈit/,null*/ɡəɾdlˈa?2/,null*/ɡəɾlˈit͡sə/,null*/ɡɾəmˈadə/,null*/ɡɾˈək/,null*/ɡˈʊɾt͡ʃ/,null*/ɡˈʊɾbə/,null*/ɡədˈit/,null*/ɡəstˈɪskə/,null*/ɡəstˈit/,null*/ɡərˈit͡sə/,null*/ɡəmˈilə/,null*/ɡəbˈɛl/,null*/ɡvˈazdə/,null*/ɡəlvnˈik/,null*/ɡəlvˈiɾə/,null*/ɡɾəʃˈiɾə/,null*/ɡɾədˈiɾə/,null*/ɡɾəbˈit/,null*/ɡɾˈadə/,null*/ɡɾəbˈaʃ/,null*/ɡˈaɾʃ/,null*/ɡɾˈazdl/,null*/ɡˈʊɾʃt/,null*/lˠəpˈuʃ/,null*/lˠəpˈuʃə/,null*/lˠˈaʃkə/,null*/lˠˈazt͡sə/,null*/lˠˈazkə/,null*/lˠˈazaɾə/,null*/lˠˈəɡə/,null*/ləmˈit/,null*/lˈaskə/,null*/lˈukə/,null*/həkɾˈa/,null*/hədˈab/,null*/jəɾˈak/,null*/həlˈiʃt͡ʃ/,null*/həɾˈak/,null*/tjˈɛʒnə/,null*/tjəsˈat/,null*/cəpˈadlə/,null*/cˈɛp/,null*/cˈut͡ʃ/,null*/ɟəvnˈit͡sə/,null*/ɟˌəbət͡ʃˈaɾ/,null*/ɟəzdˈit/,null*/ɟˌəbət͡ʃˈaɾ/,null*/ɟˈabə/,null*/ɲəhˈat/,null*/t͡ʃˈa/,null*/t͡ʃˈapəkə/,null*/t͡ʃˈa/,null*/?2ərˈawə/,null*/t͡ʃətˈiɾə/,null*/t͡ʃəlˈit/,null*/t͡ʃəlnˈik/,null*/t͡ʃˈɛtə/,null*/t͡ʃˈɛlə/,null*/?2ˈɛɾdə/,null*/?2ˈɪɾn/,null*/t͡ʃˌarəvˈadə/,null*/t͡ʃədˈit/,null*/t͡ʃˈukə/,null*/t͡ʃˈulə/,null*/t͡ʃˈudə/,null*/t͡ʃˈubə/,null*/ʃətˈʊɾɛ/,null*/ʃˈakə/,null*/ʃˈaɾə/,null*/ʃˈap/,null*/ʃ?2ˈɛtkə/,null*/ʃˈal?2ə/,null*/ʃˈɛbɾ/,null*/ʃətˈawə/,null*/ʃˈibkə/,null*/ʃˈɛ?2/,null*/ʃˈap/,null*/ʃkˌawəɾdˈɪt͡s/,null*/ʃkəpˈit/,null*/ʃkɾˈap/,null*/ʃəʃˈit͡sə/,null*/ʃəpjˈakə/,null*/ʃˈʊlə/,null*/ʃˈul/,null*/ʒlˈatə/,null*/ʃtəɾmˈɛnn/,null*/ʃtəpˈəɲə/,null*/ʃtəpˈə?2̬ə/,null*/ʃtˌapəɾˈɛʃə/,null*/ʃtəpˈə/,null*/ʃtˈuɲə/,null*/ʃtɾˈaʒə/,null*/ʒˈɛɡ/,null*/ʒəbˈiɾə/,null*/təɾkˈat/,null*/təɾpˈɛt/,null*/tˈəɡə/,null*/tˈɛk/,null*/tˈi/,null*/təjˈiɾə/,null*/tˈiɾə/,null*/tət͡ʃˈiðlə/,null*/tət͡ʃˈit/,null*/təɾˈiʃt͡ʃ/,null*/təɾˈaw/,null*/təpˈidl/,null*/tˈakə/,null*/tˈapaɾ/,null*/tət͡sjˈə/,null*/tˈuɲə/,null*/tˈu/,null*/tɾˈap/,null*/tɾˈɪʃ/,null*/tˈɪɾʃ/,null*/tɾətˈit/,null*/tɾˈahə/,null*/dəɾˈavə/,null*/dəʒnˈit͡sə/,null*/dəlbtˈiɾə/,null*/dəhˈat/,null*/dˈiɾə/,null*/dˈɪbɾə/,null*/dˈɪbɾj/,null*/dəlˈiɾə/,null*/dəbˈit/,null*/dˈajkə/,null*/dˈab/,null*/dəbɾˈaj/,null*/dˈəbɾ/,null*/dɾˈaɡə/,null*/dɾˈəɡ/,null*/dɾəmˈit/,null*/dɾəbˈit/,null*/dɾˈak/,null*/dɾˈabnit͡sə/,null*/t͡səlˈik/,null*/t͡səɾˈiɾə/,null*/?2ˈaɾə/,null*/?2ˈaɾbə/,null*/?2ərˈidl/,null*/?2ərˈik/,null*/t͡səɾˈit/,null*/?2ˈɪɾmbə/,null*/?2ˈitə/,null*/?2ˈub/,null*/sˈəɲə/,null*/sˈɛɾə/,null*/sˈabjə/,null*/sˈɛlt͡sə/,null*/sˈɛɾə/,null*/sˈɛbɾ/,null*/sˈilə/,null*/səjˈit/,null*/sˈitə/,null*/sˈitkə/,null*/sˈitkə/,null*/sətˈiɾə/,null*/sədˈɔɲ/,null*/səvˈadjkə/,null*/skˈaɾə/,null*/skəɾlˈupə/,null*/skɾˈavnə/,null*/slˈaɡ/,null*/sədˈɔɲ/,null*/sˈuhə/,null*/sˈukulə/,null*/slˈatə/,null*/slˈufuɾ/,null*/stɾəkˈat/,null*/stəɾvˈit/,null*/stəɾvˈiɾə/,null*/stˈɛjə/,null*/stˈɪp/,null*/stɾˈɛhə/,null*/stɾˈakə/,null*/stɾˈʊkə/,null*/stɾˈumb/,null*/səmbəjˈat/,null*/zəbˈɛl/,null*/zəbˈɔj/,null*/zəbˈiʃt/,null*/zəblˈak/,null*/zˈəbʃ/,null*/zˈuʃə/,null*/jˌɪzbəvˈit/,null*/zvəɾˈiʃt/,null*/nɾˈət͡sə/,null*/npˈəɾtəkə/,null*/nˌɛvəɾˈit/,null*/nəvˈajə/,null*/nˈɛ/,null*/nˈɛmt͡s/,null*/nəʒˈikə/,null*/nˈavkə/,null*/hˌajkəmˈɪj/,null*/ləʃˈawə/,null*/ləpˈuʃə/,null*/ləbˈawə/,null*/hˈajkə/,null*/dlˈatə/,null*/lˈab/,null*/lˌəɡ/,null*/lədˈiɾə/,null*/lˈəɡʃkə/,null*/lət͡ʃˈit/,null*/ləʒnˈit͡sə/,null*/lˌɛbətˈit/,null*/lˈɛhə/,null*/lˈɛʃə/,null*/lˈɛʒɲə/,null*/lˈɛsə/,null*/lˈɪstkɾ/,null*/lˈɛjə/,null*/lˈihə/,null*/lˈipə/,null*/ləpˈatə/,null*/lˈaɡ/,null*/lˈazə/,null*/jəhˈat/,null*/ləʒˈi/,null*/jˈutʃə/,null*/jˈutə/,null*/lˈuspə/,null*/ɾəɡˈal/,null*/ɾədˈimbə/,null*/wəɾbˈɪt͡s/,null*/ɾˈawə/,null*/ɾˈawkə/,null*/ɾˈɛʒkə/,null*/ɾˈɛd/,null*/ɾəjˈit/,null*/ɾˌaɡəwˈɪ?2kə/,null*/ɾətˈaɾ/,null*/ɾˌabətˈit/,null*/ɾˈaj/,null*/ɾˈajkə/,null*/ɾˈaɡə/,null*/ɾˈab/,null*/ɾˈut͡s/,null*/ɾəɡˈat/,null*/ɾˌaɡəʒˈiɾə/,null*/hɾəɾˈit͡sə/,null*/hɾəpˈat/,null*/ɾˈacə/,null*/hɾˈap/,null*/hˈaɾvɛʃ/,null*/ɾəkˈajə/,null*/ɾəɡˈalə/,null*/ɾˈɛskə/,null*/ɾəpˈak/,null*/ɾˈaɡə/,null*/ɾˈaʒk/,null*/ɾˈuɾə/,null*/pəʒnˈik/,null*/pədkˈaw/,null*/pədˈit/,null*/pˈatə/,null*/pəɡˈəɲ/,null*/pəɡˈəɾə/,null*/pədˈaɾ/,null*/pəkɾˈawə/,null*/pəlˈɛɾə/,null*/pəlˈi/,null*/pˈɛk/,null*/pˌijəvˈit͡sə/,null*/pəhˈat/,null*/pˈiʃkə/,null*/pˈiɾj/,null*/pəjˈak/,null*/pəjˈatə/,null*/pəjˈə/,null*/pətˈɛɾɛ/,null*/pədkˈaw/,null*/pəstˈa/,null*/pəstˈat/,null*/pəstɾˈɛhə/,null*/pəmnˈit/,null*/pəɾˈɛd/,null*/pˌaɾə?2ˈit/,null*/pəbɾˈit/,null*/pˈatkə/,null*/pləʃˈit͡sə/,null*/plˈas/,null*/plˈat͡ʃə/,null*/plˈaʃkə/,null*/pˈalʃkə/,null*/plˈaskə/,null*/pjˈuskə/,null*/pəsˈʊlə/,null*/pˈuɾj/,null*/pəlʃtnˈik/,null*/pləvˈat/,null*/pləvnˈit͡sə/,null*/pəlˈɛnkə/,null*/pjˈuskə/,null*/pɾˈah/,null*/pɾˈisk/,null*/pɾədˈit/,null*/pˌabɾətˈimb/,null*/bˌaɡətˈɪj/,null*/bətˈit/,null*/bəɾðmˈaʃ/,null*/bˈa?1̊/,null*/bˈabə/,null*/bəɡˈatə/,null*/bəɾt͡ʃˈik/,null*/bɾəʃtnˈik/,null*/bəɾtvˈat/,null*/bəɾd͡zˈəɾə/,null*/bəɾzˈɛʃtə/,null*/bəlˈɛvə/,null*/bəlbˈit͡sə/,null*/bəlvˈit͡sə/,null*/bəlɡɾˈat/,null*/bˈɛjkə/,null*/bˈɛl/,null*/bˈɛlit͡sə/,null*/həbwˈɪɾtk/,null*/bəʒnˈit͡sə/,null*/bəsˈɛdə/,null*/bəstɾˈit͡sə/,null*/bˈi?2k/,null*/bˈistɾ/,null*/bəɡˈavə/,null*/bəɾˈikə/,null*/bˈalbə/,null*/bˌuwəlˈit͡sə/,null*/bəɾlˈaɡ/,null*/bət͡ʃˈat/,null*/bəʃtɾˈit͡sə/,null*/bˈuwal/,null*/bˈuʃtɾ/,null*/blˈəɾə/,null*/bəlˈuʃ/,null*/bjˈudə/,null*/blˈʊdə/,null*/bɾˈazdə/,null*/bɾˈəɾə/,null*/bɾˈavə/,null*/bɾˈɛɡ/,null*/bɾˈi?2k/,null*/bɾˈi?2kə/,null*/hˈald/,null*/wəjkˈaw/,null*/ʃwəɾʃtnˈik/,null*/wəɾtˈɛt/,null*/svəɾstnˈik/,null*/wəɾvˈit/,null*/wəɾbnˈik/,null*/vɾˈət͡ʃvə/,null*/vˈɪɾstə/,null*/vəlˈɛt͡sə/,null*/vˈɛdɾə/,null*/wəɾˈaw/,null*/vˈiʒɲə/,null*/vˈidɾə/,null*/vˈisk/,null*/hˈakal/,null*/wˈajə/,null*/hˈabaɡ/,null*/wˌʊjkədlˈak/,null*/wˈaɾn/,null*/vˈəɾl/,null*/həwɾˈaɡə/,null*/məhnˈit/,null*/mətˈukə/,null*/məɾˈɛɾə/,null*/mˈak/,null*/mˈat͡ʃə/,null*/mˈatkə/,null*/mˈat͡sə/,null*/mˈazə/,null*/məɡˈulə/,null*/məɾʃˈiɾə/,null*/məɾzˈit/,null*/mˌəɾmbəɾˈit/,null*/mətˈadlə/,null*/mˈɛlə/,null*/mˈɛɾə/,null*/məlˈinkə/,null*/mˈitə/,null*/mˌatəvˈidlə/,null*/məldˈikə/,null*/mədlˈit/,null*/məlˈit͡sə/,null*/məɾˈat͡ʃə/,null*/məɾvˈit͡sə/,null*/mˌaɾəvˈiɾə/,null*/mərˈit͡sə/,null*/mˈal/,null*/mˈaɾə/,null*/məʒˈɪskə/,null*/mˈʊzɡə/,null*/həmpˈaɾi/,null*/nbəhˈat/,null*/npˈaɾzdn/
R200,,*/həɾcˈitə/,,,,,,,,,,,,,,,,,,*/həbcˈitə/,,,,,,,,,,,,,,,,,,,,,,,,,,,,,,,,,,,,,,,,,,,,,,,,,,,,,,,,,,,,,,,,,,,,,,,,,,,,,,,,,,,,,,,*/ɡɾəcˈiɲə/,,,,,,,,,,,,,,,,,,,,,,,,,,,,,,,,,,,,,,,,,,,,,,,,,,,,,,,,,,,,,,,,,,,,,,,,,,,,,,,,,,,,,,,,,,,,,,,,,,,,,,,,,,,,,,,,,,,,,,,,,,,,,,,,,,,,,,,,,,,,,,,,,,,,,,,,,,,,,,,,,,,,,,,,,,,,,,,,,,,,,,,,,,,,,,,,,,,,,,,,,,,,,,,,,,,,,,,,,,,,,,,,,,,,,,,,,,,,,,,,,,,,,,,,,,,,,,,,,,,,,,,,,,,,,,,,,,,,,,,,,,,,,,,,,,,,,,,,,,,,,,,,,,,,,,,,,,,,,,,,,,,,,,,,,,,,,,,,,,,,,,,,,,,,,,,,,,,,,,,,,,,,,,,,,,,,,,,,,,,,,,,,,,,,,,,,,,,,,,,,,
R201,,,,,,,,,,,,,,,,,,,,,,,,,,,,,,,,,,,,,,,,,,,,,,,,,,,,,,,,,,,,,,,,,,,,,,,,,,,,,,,,,,,,,,,,,,,,,,,,,,,,,,,,,,,,,,,,,,,,,,,,,,,,,,,,,,,,,,,,,,,,,,,,,,,,,,,,,,,,,,,,,,,,,,,,,,,,,,,,,,,,,,,,,,,,,,,,,,,,,,,,,,,,,,,,,,,,,,,,,,,,,,,,,,,,,,,,,,,,,,,,,,,,,,,,,,,,,,,,,,,,,,,,,,,,,,,,,,,,,,,,,,,,,,,,,,,,,,,,,,,,,,,,,,,,,,,,,,,,,,,,,,,,,,,,,,,,,,,,,,,,,,,,,,,,,,,,,,,,,,,,,,,,,,,,,,,,,,,,,,,,,,,,,,,,,,,,,,,,,,,,,,,,,,,,,,,,,,,,,,,,,,,,,,,,,,,,,,,,,,,,,,,,,,,,,,,,,,,,,,,,,,,,,,,,,,,,,,,,,,,,,,,,,,,,,,,,,,,,,,,,,,,,,,,,
R202,,,,,,,,,,,,,,,,,,,,,,,,,,,,*/hˈɔjit͡ʃt/,,,,,,,,,,,,,,,,,,,,,*/kəmˈit͡ʃt/,,,,,,,,,*/kəlˈɛt͡ʃkə/,,,,,,,,,,,,,,,,,,,,,,,,,,,,,,,,,,,,,,,,,,,,,,,,,,,,,,,,,,,,,,,,,,,,,,,,,,,,,*/ɡˈʊɾt͡ʃt/,,,*/lˠˈat͡ʃkə/,,,,,,,,,,,*/həlˈit͡ʃt͡ʃ/,,,,,,,,,,,,,,,,,,,,,,,,,,,,,,,,,,*/t͡ʃ?2ˈɛtkə/,,,,,,,*/t͡ʃkˌawəɾdˈɪt͡s/,*/t͡ʃkəpˈit/,*/t͡ʃkɾˈap/,,,,,,*/t͡ʃtəɾmˈɛnn/,*/t͡ʃtəpˈəɲə/,*/t͡ʃtəpˈə?2̬ə/,*/t͡ʃtˌapəɾˈɛʃə/,*/t͡ʃtəpˈə/,*/t͡ʃtˈuɲə/,*/t͡ʃtɾˈaʒə/,,,,,,,,,,,,*/təɾˈit͡ʃt͡ʃ/,,,,,,,,,,,,,,,,,,,,,,,,,,,,,,,,,,,,,,,,,,,,,,,,,,,,,,,,,,,,,,,,,,,,,,,,,,,,,*/zəbˈit͡ʃt/,,,,,*/zvəɾˈit͡ʃt/,,,,,,,,,,,,,,,,,,*/lˈəɡt͡ʃkə/,,,,,,,,,,,,,,,,,,,,,,,,,,,,,,,,,,,,,,,,,,,,,,,,,,,,,,,,,,,,,,,*/pˈit͡ʃkə/,,,,,,,,,,,,,,,,,,*/plˈat͡ʃkə/,*/pˈalt͡ʃkə/,,,,,*/pəlt͡ʃtnˈik/,,,,,,,,,,,,,,,,*/bɾət͡ʃtnˈik/,,,*/bəɾzˈɛt͡ʃtə/,,,,,,,,,,,,,,,,,,,,*/bət͡ʃtɾˈit͡sə/,,*/bˈut͡ʃtɾ/,,,,,,,,,,,,,*/ʃwəɾt͡ʃtnˈik/,,,,,,,,,,,,,,,,,,,,,,,,,,,,,,,,,,,,,,,,,,,,,,,,,,,
R203,,,,,,,,,,,,,,,,,,,,,,,,,,,,,,,,,,,,,,,,,,,,,,,,,,,,,,,,,,,,,,,,,,,,,,,,,,,,,,,,,,,,,,,,,,,,,,,,,,,,,,,,,,,,,,,,,,,,,,,,,,,,,,,,,,,,,,,,,,,,,,,,,,,,,,,,,,,,,,,,,,,,,,,,,,,,,,,,,,,,,,,,,,,,,,,,,,,,,,,,,,,,,,,,,,,,,,,,,,,,,,,,,,,,,,,,,,,,,,,,,,,,,,,,,,,,,,,,,,,,,,,,,,,,,,,,,,,,,,,,,,,,,,,,,,,,,,,,,,,,,,,,,,,,,,,,,,,,,,,,,,,,,,,,,,,,,,,,,,,,,,,,,,,,,,,,,,,,,,,,,,,,,,,,,,,,,,,,,,,,,,,,,,,,,,,,,,,,,,,,,,,,,,,,,,,,,,,,,,,,,,,,,,,,,,,,,,,,,,,,,,,,,,,,,,,,,,,,,,,,,,,,,,,,,,,,,,,,,,,,,,,,,,,,,,,,,,,,,,,,,,,,,,,,
R204,,,*/haɾdəɾˈit͡sə/,,,,,,,,,,,,,,,,,,,,*/haɾədˈɪj/,,,,,,*/kat͡ʃəɾˈɛl/,,,,,*/kastɾəvˈɪt͡s/,,*/kaləbˈab/,,,,,,,*/kəmbəɾˈit͡sə/,,,,,,,,,,,,,,,,,,,,,,,,,,,,,,,,,,,,,,,,,,,*/kupəlnˈik/,,,,,,,,,,,,,,,,,,,,,,,,,,,,,,,,,,,,,,,,,,,,,,,,,,,,,,,,,,,,,,,,,,,,,,,*/ɟəbət͡ʃˈaɾ/,,*/ɟəbət͡ʃˈaɾ/,,,,,,,,,,,,,,*/t͡ʃarəvˈadə/,,,,,,,,,,,,,,,,,*/t͡ʃkawəɾdˈɪt͡s/,,,,,,,,,,,*/t͡ʃtapəɾˈɛʃə/,,,,,,,,,,,,,,,,,,,,,,,,,,,,,,,,,,,,,,,,,,,,,,,,,,,,,,,,,,,,,,,,,,,,,,,,,,,,,,,,,,,,,,,,,,,,,,,,*/jɪzbəvˈit/,,,,*/nɛvəɾˈit/,,,,,,*/hajkəmˈɪj/,,,,,,,*/ləɡ/,,,,,*/lɛbətˈit/,,,,,,,,,,,,,,,,,,,,,,,,,*/ɾaɡəwˈɪ?2kə/,,*/ɾabətˈit/,,,,,,,*/ɾaɡəʒˈiɾə/,,,,,,,,,,,,,,,,,,,,,,,,*/pijəvˈit͡sə/,,,,,,,,,,,,,,*/paɾə?2ˈit/,,,,,,,,,,,,,,,,,,,,*/pabɾətˈimb/,*/baɡətˈɪj/,,,,,,,,,,,,,,,,,,,,,,,,,,,*/buwəlˈit͡sə/,,,,,,,,,,,,,,,,,,,,,,,,,,,,,,,,,,*/wʊjkədlˈak/,,,,,,,,,,,,,,,*/məɾmbəɾˈit/,,,,,,*/matəvˈidlə/,,,,,,*/maɾəvˈiɾə/,,,,,,,,
=Standard Albanian,null*/həɾɡˈavə/,null*/həɾcˈitə/,null*/haɾdəɾˈit͡sə/,null*/həvˈit/,null*/həɾbˈɪl/,null*/həbˈit/,null*/hətˈat/,null*/həɾmˈavə/,null*/hˈɔɾə/,null*/həkˈat/,null*/jəɾˈiɾə/,null*/jəɾˈaw/,null*/hˈɛs/,null*/jˈaɾ/,null*/hˈɛzɛɾ/,null*/jˈuɡ/,null*/jˈud/,null*/jˈɪskɾə/,null*/hˈivə/,null*/həbcˈitə/,null*/həɡɾˈa?1ə/,null*/hətˈavə/,null*/haɾədˈɪj/,null*/həbɾˈak/,null*/həbpˈɪnkə/,null*/həbvˈaɾ/,null*/həblˈək/,null*/hˈɔjit͡ʃt/,null*/kat͡ʃəɾˈɛl/,null*/kət͡ʃˈul/,null*/kət͡ʃˈubə/,null*/kət͡ʃˈubɛl/,null*/kədˈit/,null*/kastɾəvˈɪt͡s/,null*/kəsnˈɪt͡s/,null*/kaləbˈab/,null*/kəlˈibə/,null*/kəɾvˈajə/,null*/kəɾˈɪt͡sə/,null*/kəɾˈutə/,null*/kəɾˈup/,null*/kəpˈit/,null*/kəmbəɾˈit͡sə/,null*/tkˈat͡ʃ/,null*/kɾə?2ˈat/,null*/kəɾ?2ˈu/,null*/kəɾbˈat͡ʃ/,null*/kəpˈujə/,null*/kəmˈit͡ʃt/,null*/kˈʊjk/,null*/kˈət/,null*/kˈʊɾ?2/,null*/kˈʊɾpə/,null*/kəsˈit/,null*/kəsˈaɾ/,null*/kvəðɾˈənt/,null*/kəkˈal/,null*/kəlˈɛt͡ʃkə/,null*/kəlˈibə/,null*/kəɾˈit/,null*/kəɾˈitə/,null*/kəɾˈubə/,null*/kəpˈit͡sə/,null*/kəpˈil/,null*/kəpɾˈɪskə/,null*/kəvˈat͡ʃ/,null*/kˈal/,null*/kˈaʃ/,null*/kˈast/,null*/kˈazlt͡sə/,null*/kˈatt͡sə/,null*/kvˈa/,null*/kˈasə/,null*/kˈastɾə/,null*/kˈaɾə/,null*/kˈaɾt͡sɛ/,null*/kˈaɾdə/,null*/kˈapɾ/,null*/kˈab/,null*/kəlpˈit/,null*/kˈalpə/,null*/kəlt͡ʃˈit/,null*/kəkˈat/,null*/kəʃˈawə/,null*/kəlˈat͡ʃ/,null*/kupəlnˈik/,null*/kˈukə/,null*/kˈut͡ʃ/,null*/kˈut/,null*/kˈulə/,null*/kˈʊlbə/,null*/kˈuɾvə/,null*/kˈu/,null*/kˈumbə/,null*/kɾəhˈit/,null*/kɾəhˈiɾə/,null*/ɡətˈawaɲ/,null*/ɡəlˈiɾə/,null*/ɡəmˈit/,null*/ɡˈaj/,null*/ɡˈajkə/,null*/ɡˈalvə/,null*/ɡˈajə/,null*/ɡəltˈit/,null*/kəlbˈazə/,null*/kəɾhˈat/,null*/ɡɾəcˈiɲə/,null*/kəɾt͡ʃˈak/,null*/ɡəɾdˈalə/,null*/ɡəɾdˈɛt͡s/,null*/ɡəɾdˈit/,null*/ɡəɾdˈit/,null*/ɡəɾdlˈa?2/,null*/ɡəɾlˈit͡sə/,null*/ɡɾəmˈadə/,null*/ɡɾˈək/,null*/ɡˈʊɾt͡ʃ/,null*/ɡˈʊɾbə/,null*/ɡədˈit/,null*/ɡəstˈɪskə/,null*/ɡəstˈit/,null*/ɡərˈit͡sə/,null*/ɡəmˈilə/,null*/ɡəbˈɛl/,null*/ɡvˈazdə/,null*/ɡəlvnˈik/,null*/ɡəlvˈiɾə/,null*/ɡɾəʃˈiɾə/,null*/ɡɾədˈiɾə/,null*/ɡɾəbˈit/,null*/ɡɾˈadə/,null*/ɡɾəbˈaʃ/,null*/ɡˈaɾʃ/,null*/ɡɾˈazdl/,null*/ɡˈʊɾt͡ʃt/,null*/lˠəpˈuʃ/,null*/lˠəpˈuʃə/,null*/lˠˈat͡ʃkə/,null*/lˠˈazt͡sə/,null*/lˠˈazkə/,null*/lˠˈazaɾə/,null*/lˠˈəɡə/,null*/ləmˈit/,null*/lˈaskə/,null*/lˈukə/,null*/həkɾˈa/,null*/hədˈab/,null*/jəɾˈak/,null*/həlˈit͡ʃt͡ʃ/,null*/həɾˈak/,null*/tjˈɛʒnə/,null*/tjəsˈat/,null*/cəpˈadlə/,null*/cˈɛp/,null*/cˈut͡ʃ/,null*/ɟəvnˈit͡sə/,null*/ɟəbət͡ʃˈaɾ/,null*/ɟəzdˈit/,null*/ɟəbət͡ʃˈaɾ/,null*/ɟˈabə/,null*/ɲəhˈat/,null*/t͡ʃˈa/,null*/t͡ʃˈapəkə/,null*/t͡ʃˈa/,null*/?2ərˈawə/,null*/t͡ʃətˈiɾə/,null*/t͡ʃəlˈit/,null*/t͡ʃəlnˈik/,null*/t͡ʃˈɛtə/,null*/t͡ʃˈɛlə/,null*/?2ˈɛɾdə/,null*/?2ˈɪɾn/,null*/t͡ʃarəvˈadə/,null*/t͡ʃədˈit/,null*/t͡ʃˈukə/,null*/t͡ʃˈulə/,null*/t͡ʃˈudə/,null*/t͡ʃˈubə/,null*/ʃətˈʊɾɛ/,null*/ʃˈakə/,null*/ʃˈaɾə/,null*/ʃˈap/,null*/t͡ʃ?2ˈɛtkə/,null*/ʃˈal?2ə/,null*/ʃˈɛbɾ/,null*/ʃətˈawə/,null*/ʃˈibkə/,null*/ʃˈɛ?2/,null*/ʃˈap/,null*/t͡ʃkawəɾdˈɪt͡s/,null*/t͡ʃkəpˈit/,null*/t͡ʃkɾˈap/,null*/ʃəʃˈit͡sə/,null*/ʃəpjˈakə/,null*/ʃˈʊlə/,null*/ʃˈul/,null*/ʒlˈatə/,null*/t͡ʃtəɾmˈɛnn/,null*/t͡ʃtəpˈəɲə/,null*/t͡ʃtəpˈə?2̬ə/,null*/t͡ʃtapəɾˈɛʃə/,null*/t͡ʃtəpˈə/,null*/t͡ʃtˈuɲə/,null*/t͡ʃtɾˈaʒə/,null*/ʒˈɛɡ/,null*/ʒəbˈiɾə/,null*/təɾkˈat/,null*/təɾpˈɛt/,null*/tˈəɡə/,null*/tˈɛk/,null*/tˈi/,null*/təjˈiɾə/,null*/tˈiɾə/,null*/tət͡ʃˈiðlə/,null*/tət͡ʃˈit/,null*/təɾˈit͡ʃt͡ʃ/,null*/təɾˈaw/,null*/təpˈidl/,null*/tˈakə/,null*/tˈapaɾ/,null*/tət͡sjˈə/,null*/tˈuɲə/,null*/tˈu/,null*/tɾˈap/,null*/tɾˈɪʃ/,null*/tˈɪɾʃ/,null*/tɾətˈit/,null*/tɾˈahə/,null*/dəɾˈavə/,null*/dəʒnˈit͡sə/,null*/dəlbtˈiɾə/,null*/dəhˈat/,null*/dˈiɾə/,null*/dˈɪbɾə/,null*/dˈɪbɾj/,null*/dəlˈiɾə/,null*/dəbˈit/,null*/dˈajkə/,null*/dˈab/,null*/dəbɾˈaj/,null*/dˈəbɾ/,null*/dɾˈaɡə/,null*/dɾˈəɡ/,null*/dɾəmˈit/,null*/dɾəbˈit/,null*/dɾˈak/,null*/dɾˈabnit͡sə/,null*/t͡səlˈik/,null*/t͡səɾˈiɾə/,null*/?2ˈaɾə/,null*/?2ˈaɾbə/,null*/?2ərˈidl/,null*/?2ərˈik/,null*/t͡səɾˈit/,null*/?2ˈɪɾmbə/,null*/?2ˈitə/,null*/?2ˈub/,null*/sˈəɲə/,null*/sˈɛɾə/,null*/sˈabjə/,null*/sˈɛlt͡sə/,null*/sˈɛɾə/,null*/sˈɛbɾ/,null*/sˈilə/,null*/səjˈit/,null*/sˈitə/,null*/sˈitkə/,null*/sˈitkə/,null*/sətˈiɾə/,null*/sədˈɔɲ/,null*/səvˈadjkə/,null*/skˈaɾə/,null*/skəɾlˈupə/,null*/skɾˈavnə/,null*/slˈaɡ/,null*/sədˈɔɲ/,null*/sˈuhə/,null*/sˈukulə/,null*/slˈatə/,null*/slˈufuɾ/,null*/stɾəkˈat/,null*/stəɾvˈit/,null*/stəɾvˈiɾə/,null*/stˈɛjə/,null*/stˈɪp/,null*/stɾˈɛhə/,null*/stɾˈakə/,null*/stɾˈʊkə/,null*/stɾˈumb/,null*/səmbəjˈat/,null*/zəbˈɛl/,null*/zəbˈɔj/,null*/zəbˈit͡ʃt/,null*/zəblˈak/,null*/zˈəbʃ/,null*/zˈuʃə/,null*/jɪzbəvˈit/,null*/zvəɾˈit͡ʃt/,null*/nɾˈət͡sə/,null*/npˈəɾtəkə/,null*/nɛvəɾˈit/,null*/nəvˈajə/,null*/nˈɛ/,null*/nˈɛmt͡s/,null*/nəʒˈikə/,null*/nˈavkə/,null*/hajkəmˈɪj/,null*/ləʃˈawə/,null*/ləpˈuʃə/,null*/ləbˈawə/,null*/hˈajkə/,null*/dlˈatə/,null*/lˈab/,null*/ləɡ/,null*/lədˈiɾə/,null*/lˈəɡt͡ʃkə/,null*/lət͡ʃˈit/,null*/ləʒnˈit͡sə/,null*/lɛbətˈit/,null*/lˈɛhə/,null*/lˈɛʃə/,null*/lˈɛʒɲə/,null*/lˈɛsə/,null*/lˈɪstkɾ/,null*/lˈɛjə/,null*/lˈihə/,null*/lˈipə/,null*/ləpˈatə/,null*/lˈaɡ/,null*/lˈazə/,null*/jəhˈat/,null*/ləʒˈi/,null*/jˈutʃə/,null*/jˈutə/,null*/lˈuspə/,null*/ɾəɡˈal/,null*/ɾədˈimbə/,null*/wəɾbˈɪt͡s/,null*/ɾˈawə/,null*/ɾˈawkə/,null*/ɾˈɛʒkə/,null*/ɾˈɛd/,null*/ɾəjˈit/,null*/ɾaɡəwˈɪ?2kə/,null*/ɾətˈaɾ/,null*/ɾabətˈit/,null*/ɾˈaj/,null*/ɾˈajkə/,null*/ɾˈaɡə/,null*/ɾˈab/,null*/ɾˈut͡s/,null*/ɾəɡˈat/,null*/ɾaɡəʒˈiɾə/,null*/hɾəɾˈit͡sə/,null*/hɾəpˈat/,null*/ɾˈacə/,null*/hɾˈap/,null*/hˈaɾvɛʃ/,null*/ɾəkˈajə/,null*/ɾəɡˈalə/,null*/ɾˈɛskə/,null*/ɾəpˈak/,null*/ɾˈaɡə/,null*/ɾˈaʒk/,null*/ɾˈuɾə/,null*/pəʒnˈik/,null*/pədkˈaw/,null*/pədˈit/,null*/pˈatə/,null*/pəɡˈəɲ/,null*/pəɡˈəɾə/,null*/pədˈaɾ/,null*/pəkɾˈawə/,null*/pəlˈɛɾə/,null*/pəlˈi/,null*/pˈɛk/,null*/pijəvˈit͡sə/,null*/pəhˈat/,null*/pˈit͡ʃkə/,null*/pˈiɾj/,null*/pəjˈak/,null*/pəjˈatə/,null*/pəjˈə/,null*/pətˈɛɾɛ/,null*/pədkˈaw/,null*/pəstˈa/,null*/pəstˈat/,null*/pəstɾˈɛhə/,null*/pəmnˈit/,null*/pəɾˈɛd/,null*/paɾə?2ˈit/,null*/pəbɾˈit/,null*/pˈatkə/,null*/pləʃˈit͡sə/,null*/plˈas/,null*/plˈat͡ʃə/,null*/plˈat͡ʃkə/,null*/pˈalt͡ʃkə/,null*/plˈaskə/,null*/pjˈuskə/,null*/pəsˈʊlə/,null*/pˈuɾj/,null*/pəlt͡ʃtnˈik/,null*/pləvˈat/,null*/pləvnˈit͡sə/,null*/pəlˈɛnkə/,null*/pjˈuskə/,null*/pɾˈah/,null*/pɾˈisk/,null*/pɾədˈit/,null*/pabɾətˈimb/,null*/baɡətˈɪj/,null*/bətˈit/,null*/bəɾðmˈaʃ/,null*/bˈa?1̊/,null*/bˈabə/,null*/bəɡˈatə/,null*/bəɾt͡ʃˈik/,null*/bɾət͡ʃtnˈik/,null*/bəɾtvˈat/,null*/bəɾd͡zˈəɾə/,null*/bəɾzˈɛt͡ʃtə/,null*/bəlˈɛvə/,null*/bəlbˈit͡sə/,null*/bəlvˈit͡sə/,null*/bəlɡɾˈat/,null*/bˈɛjkə/,null*/bˈɛl/,null*/bˈɛlit͡sə/,null*/həbwˈɪɾtk/,null*/bəʒnˈit͡sə/,null*/bəsˈɛdə/,null*/bəstɾˈit͡sə/,null*/bˈi?2k/,null*/bˈistɾ/,null*/bəɡˈavə/,null*/bəɾˈikə/,null*/bˈalbə/,null*/buwəlˈit͡sə/,null*/bəɾlˈaɡ/,null*/bət͡ʃˈat/,null*/bət͡ʃtɾˈit͡sə/,null*/bˈuwal/,null*/bˈut͡ʃtɾ/,null*/blˈəɾə/,null*/bəlˈuʃ/,null*/bjˈudə/,null*/blˈʊdə/,null*/bɾˈazdə/,null*/bɾˈəɾə/,null*/bɾˈavə/,null*/bɾˈɛɡ/,null*/bɾˈi?2k/,null*/bɾˈi?2kə/,null*/hˈald/,null*/wəjkˈaw/,null*/ʃwəɾt͡ʃtnˈik/,null*/wəɾtˈɛt/,null*/svəɾstnˈik/,null*/wəɾvˈit/,null*/wəɾbnˈik/,null*/vɾˈət͡ʃvə/,null*/vˈɪɾstə/,null*/vəlˈɛt͡sə/,null*/vˈɛdɾə/,null*/wəɾˈaw/,null*/vˈiʒɲə/,null*/vˈidɾə/,null*/vˈisk/,null*/hˈakal/,null*/wˈajə/,null*/hˈabaɡ/,null*/wʊjkədlˈak/,null*/wˈaɾn/,null*/vˈəɾl/,null*/həwɾˈaɡə/,null*/məhnˈit/,null*/mətˈukə/,null*/məɾˈɛɾə/,null*/mˈak/,null*/mˈat͡ʃə/,null*/mˈatkə/,null*/mˈat͡sə/,null*/mˈazə/,null*/məɡˈulə/,null*/məɾʃˈiɾə/,null*/məɾzˈit/,null*/məɾmbəɾˈit/,null*/mətˈadlə/,null*/mˈɛlə/,null*/mˈɛɾə/,null*/məlˈinkə/,null*/mˈitə/,null*/matəvˈidlə/,null*/məldˈikə/,null*/mədlˈit/,null*/məlˈit͡sə/,null*/məɾˈat͡ʃə/,null*/məɾvˈit͡sə/,null*/maɾəvˈiɾə/,null*/mərˈit͡sə/,null*/mˈal/,null*/mˈaɾə/,null*/məʒˈɪskə/,null*/mˈʊzɡə/,null*/həmpˈaɾi/,null*/nbəhˈat/,null*/npˈaɾzdn/
R205,,*/həɾt͡ʃˈitə/,,,,,,,,,,,,,,,,,,*/həbt͡ʃˈitə/,,,,,,,,,,,,,,,,,,,,,,,,,,,,,,,,,,,,,,,,,,,,,,,,,,,,,,,,,,,,,,,,,,,,,,,,,,,,,,,,,,,,,,,*/ɡɾət͡ʃˈiɲə/,,,,,,,,,,,,,,,,,,,,,,,,,,,,,,,,,,,,,,,,,,,,,,*/t͡ʃəpˈadlə/,*/t͡ʃˈɛp/,*/t͡ʃˈut͡ʃ/,,,,,,,,,,,,,,,,,,,,,,,,,,,,,,,,,,,,,,,,,,,,,,,,,,,,,,,,,,,,,,,,,,,,,,,,,,,,,,,,,,,,,,,,,,,,,,,,,,,,,,,,,,,,,,,,,,,,,,,,,,,,,,,,,,,,,,,,,,,,,,,,,,,,,,,,,,,,,,,,,,,,,,,,,,,,,,,,,,,,,,,,,,,,,,,,,,,,,,,,,*/ɾˈat͡ʃə/,,,,,,,,,,,,,,,,,,,,,,,,,,,,,,,,,,,,,,,,,,,,,,,,,,,,,,,,,,,,,,,,,,,,,,,,,,,,,,,,,,,,,,,,,,,,,,,,,,,,,,,,,,,,,,,,,,,,,,,,,,,,,,,,,,,,,,,,,,,,,,,,,,,,,,,,
R206,,,,,,,,,,,,,,,,,,,,,,,,,,,,,,,,,,,,,,,,,,,,,,,,,,,,,,,,,,,,,,,,,,,,,,,,,,,,,,,,,,,,,,,,,,,,,,,,,,,,,,,,,,,,,,,,,,,,,,,,,,,,,,,,,,,,,,,,,,,,,,,,,,,,,,,,,,,,,,,,,,,,,,,,,,,,,,,,,,,,,,,,,,,,,,,,,,,,,,,,,,,,,,,,,,,,,,,,,,,,,,,,,,,,,,,,,,,,,,,,,,,,,,,,,,,,,,,,,,,,,,,,,,,,,,,,,,,,,,,,,,,,,,,,,,,,,,,,,,,,,,,,,,,,,,,,,,,,,,,,,,,,,,,,,,,,,,,,,,,,,,,,,,,,,,,,,,,,,,,,,,,,,,,,,,,,,,,,,,,,,,,,,,,,,,,,,,,,,,,,,,,,,,,,,,,,,,,,,,,,,,,,,,,,,,,,,,,,,,,,,,,,,,,,,,,,,,,,,,,,,,,,,,,,,,,,,,,,,,,,,,,,,,,,,,,,,,,,,,,,,,,,,,,,
