etID  | Classical Proto-Albanian | Middle Proto-Albanian I | Middle Proto-Albanian II | Late Proto-Albanian I | Late Proto-Albanian II | Late Proto-Albanian III | Proto-Tosk-SGheg {GOLD} | Proto-Tosk {GOLD} | Old North Tosk {GOLD} | Output {GOLD}
0      | #ˌɑbˌerrˈɑːnioː# | *#ˌɑβˌɛrrˈɒːnju# | *#ˌɑvˌɛrrˈoɲu# | *#hˌavˌɛrrˈoɲu# | *#hˌavɪɾɾˈɔ̃ɲu# | *#hˌavərːˈɔ̃ɲə# | *#hˌavərˈɔ̃ɲ# {GOLD: >*} | *#hˌavərˈɔ̃ɲ# {GOLD: >*} | *#havərˈɔɲ# {GOLD: >*} | *#havərˈɔj# {GOLD: #harˈɔj#}
1      | #ˌɑbiˈeːɡnum# | *#ˌɑbjˈeːŋnʊ# | *#ˌɑbjˈeŋnu# | *#bˈeŋnu# | *#bˈẽŋnu# | *#bˈɛ̃ŋə# | *#bˈɛ̃ŋɡ# {GOLD: #vɟˈɛ̃ː#} | *#bˈɛ̃ɲ̈ɡ# {GOLD: >*} | *#bˈɛɲ̈ɡ# {GOLD: >*} | *#bˈɛŋɡ# {GOLD: #vɟˈɛ#}
2      | #ˌɑbiˈeːɡneɑ# | *#ˌɑbjˈeːŋnjɑ# | *#ˌɑbjˈeŋɲɑ# | *#bˈeŋɲa# | *#bˈẽŋɲa# | *#bˈɛ̃ɲːa# | *#bˈɛ̃ɲːə# {GOLD: >*} | *#bˈɛ̃ɲə# {GOLD: >*} | *#bˈɛɲə# {GOLD: >*} | *#bˈɛɲə# {GOLD: #vɟˈɛɲə#}
3      | ... | ... | #ˌɑblˈɛwoɲɔ# | *#blˈɛwoɲɔ# | *#blˈɛ̃ːɲɔ# | *#blˈĩe̯ɲə# | *#blˈɛɲ# {GOLD: >*} | *#blˈɛɲ# {GOLD: >*} | *#blˈɛɲ# {GOLD: >*} | *#blˈɛj# {GOLD: #blˈɛj#}
4      | ... | ... | #ˌavlˈɔna# | *#vlˈɔna# | *#vlˈɔ̃ɾ̃a# | *#vlˈɔ̃ɾ̃a# | *#vlˈɔ̃ɾ̃ə# {GOLD: #vlˈɔ̃ɾ̃ə#} | *#vlˈɔ̃ɾ̃ə# {GOLD: #vlˈɔ̃ɾ̃ə#} | *#vlˈɔɾə# {GOLD: >*} | *#vlˈɔɾə# {GOLD: #vlˈɔɾə#}
5      | ... | ... | #ˌavlˌɔɲˈatɔn# | *#vlˌɔɲˈatɔn# | *#vlˌɔ̃ɲˈatɔ̃n# | *#vlˌɔ̃ɲˈatə# | *#vlˌɔ̃ɲˈat# {GOLD: #vlˌɔ̃ɲˈat#} | *#vlˌɔ̃ɲˈat# {GOLD: >*} | *#vlɔɲˈat# {GOLD: >*} | *#vlɔɲˈat# {GOLD: #vlɔɲˈat#}
6      | #ˌɑdˌoːrˈɑːnioː# | *#ˌɑdˌurˈɒːnju# | *#ˌɑdˌurˈoɲu# | *#ˌaːðˌurˈoɲu# | *#ˌaðˌuɾˈɔ̃ɲu# | *#ˌaðˌuɾˈɔ̃ɲə# | *#ˌaðˌuɾˈɔ̃ɲ# {GOLD: >*} | *#ˌaðˌuɾˈɔ̃ɲ# {GOLD: >*} | *#aðuɾˈɔɲ# {GOLD: #aðuɾˈɔɲ#} | *#aðuɾˈɔj# {GOLD: #aðuɾˈɔj#}
7      | ... | ... | #ˌɑdorˈɔɲɔ# | *#ˌaːðorˈɔɲɔ# | *#ˌaðəɾˈɔ̃ɲɔ# | *#ˌaðəɾˈɔ̃ɲə# | *#ˌaðəɾˈɔ̃ɲ# {GOLD: >*} | *#ˌaðəɾˈɔ̃ɲ# {GOLD: >*} | *#aðəɾˈɔɲ# {GOLD: #aðəɾˈɔɲ#} | *#aðəɾˈɔj# {GOLD: #aðəɾˈɔj#}
8      | #ˈɑːeːr# | *#ˈɑːeːr# | *#ˈɑer# | *#ˈaer# | *#ˈajɾ# | *#ˈajɾ# | *#ˈajɾ̩# {GOLD: >*} | *#ˈajɾ̩# {GOLD: >*} | *#ˈajɾ̩# {GOLD: >*} | *#ˈajəɾ# {GOLD: #ˈajəɾ#}
9      | #ˌae̯rˈɑːmen# | *#ˌɛrˈɑːmɛ# | *#ˌɛrˈemɛ# | *#rːˈemɪ# | *#rːˈẽmɪ# | *#rːˈɛ̃mə# | *#rˈɛ̃m# {GOLD: >*} | *#rˈɛ̃m# {GOLD: #rˈɛ̃mb#} | *#rˈɛm# {GOLD: >*} | *#rˈɛm# {GOLD: #rˈɛmb#}
10     | #ˌae̯stimˈɑːnioː# | *#ˌɛstɪmˈɒːnju# | *#ˌɛstemˈoɲu# | *#stɪmˈoɲu# | *#ʃtɪ̃mˈɔ̃ɲu# | *#ʃtə̃mˈɔ̃ɲə# | *#ʃmˈɔ̃ɲ# {GOLD: >*} | *#ʃmˈɔ̃ɲ# {GOLD: >*} | *#ʃmˈɔɲ# {GOLD: #ʃmˈɔɲ#} | *#t͡ʃmˈɔj# {GOLD: #t͡ʃmˈɔj#}
11     | #ˈae̯tɑːtɑ# | *#ˈɛtɑːtɑ# | *#ˈɛttɑ# | *#ˈɛtta# | *#ˈɛːta# | *#ˈie̯ta# | *#jˈɛtə# {GOLD: >*} | *#jˈɛtə# {GOLD: >*} | *#jˈɛtə# {GOLD: >*} | *#jˈɛtə# {GOLD: #jˈɛtə#}
12     | #ˈae̯wa# | *#ˈɛwa# | *#ˈɛwa# | *#ˈɛwa# | *#ˈɛːva# | *#ˈie̯va# | *#jˈɛvə# {GOLD: >*} | *#jˈɛvə# {GOLD: >*} | *#jˈɛvə# {GOLD: >*} | *#jˈɛvə# {GOLD: #jˈavə#}
13     | #ˌɑːkˈinɡem# | *#ˌɑːkˈiŋɡɛ# | *#ˌɑkˈiŋɡɛ# | *#cˈiŋɟɪ# | *#cˈĩŋɟɪ# | *#cˈĩŋɟə# | *#cˈĩɲɟ# {GOLD: >*} | *#cˈĩɲɟ# {GOLD: #cˈĩɲɟ#} | *#cˈiɲɟ# {GOLD: >*} | *#cˈiɲɟ# {GOLD: #cˈiɲɟ#}
14     | #ˌɑkkˈipitum# | *#ˌɑkkˈipɪtʊ# | *#ˌɑkkˈiptu# | *#kcˈiptu# | *#cˈiptu# | *#cˈiːftə# | *#cˈiːft# {GOLD: >*} | *#cˈiːft# {GOLD: >*} | *#cˈift# {GOLD: >*} | *#cˈift# {GOLD: #cˈift#}
15     | #ˌɑkkˈipitrem# | *#ˌɑkkˈipɪtrɛ# | *#ˌɑkkˈiptrɛ# | *#kcˈiptrɪ# | *#cˈiptɾɪ# | *#cˈiːftɾə# | *#cˈiːftɾ̩# {GOLD: >*} | *#cˈiːftɾ̩# {GOLD: >*} | *#cˈiftɾ̩# {GOLD: >*} | *#cˈiftəɾ# {GOLD: #cˈiftəɾ#}
16     | #ˌɑksˈunɡiɑ# | *#ˌʊsˈʊɲjɑ# | *#ˌusˈuɲɑ# | *#ˌuːsˈuɲa# | *#ˌuʃˈũɲa# | *#ˌuʃˈũɲa# | *#ˌuʃˈũɲə# {GOLD: #aʃˈũɲə#} | *#ˌuʃˈũɲə# {GOLD: #uʃˈũɲə#} | *#uʃˈuɲə# {GOLD: #uʃˈuɲə#} | *#uʃˈuɲə# {GOLD: #uʃˈuɲə#}
17     | #ˈɑlbɑnum# | *#ˈɑlbɑnʊ# | *#ˈɑlbɑnu# | *#ˈalbɑ̃ɾ̃u# | *#ˈalbɐɾ̃u# | *#ˈaːlbɐɾ̃ə# | *#ˈaːɾbəɾ̃# {GOLD: #ˈaɾbə̃ɾ̃ə#} | *#ˈaːɾbəɾ̃# {GOLD: >*} | *#ˈaɾbəɾ# {GOLD: >*} | *#ˈaɾbəɾ# {GOLD: #ˈaɾbəɾ#}
18     | #ˌɑlbɑːnˈensum# | *#ˌɑlbɑːnˈɛnsʊ# | *#ˌɑlbɑnˈɛsu# | *#əlbɑ̃ɾ̃ˈɛsu# | *#əlbə̃ɾ̃ˈɛʃu# | *#əlbə̃ɾ̃ˈɛːʃə# | *#əɾbə̃ɾ̃ˈɛːʃ# {GOLD: #aɾbəɾ̃ˈɛʃ#} | *#əɾbə̃ɾ̃ˈɛːʃ# {GOLD: >*} | *#əɾbɾˈɛʃ# {GOLD: >*} | *#əɾbɾˈɛʃ# {GOLD: #aɾbəɾˈɛʃ#}
19     | #ˈɑlium# | *#ˈɑʎʊ# | *#ˈɑʎu# | *#ˈaʎu# | *#ˈaʎu# | *#ˈaːʎə# | *#ˈaːʎ# {GOLD: #ˈaʎ#} | *#ˈaːʎ# {GOLD: >*} | *#ˈaj# {GOLD: >*} | *#ˈaj# {GOLD: #ˈaj#}
20     | ... | ... | #ˌɑlleɡɔrˈiɑ# | *#ˌaːllɪɡˈorˈia# | *#ˌallɪɡˈɔɾˈia# | *#ˌalːəɡˈɔːɾˈia# | *#ˌaɾəɡˈɔːɾˈiː# {GOLD: #ləɡɔɾˈi#} | *#ˌaɾɡˈɔːɾˈiː# {GOLD: >*} | *#aɾɡˈɔɾi# {GOLD: >*} | *#aɾɡˈɔɾi# {GOLD: #lɔɡɔɾˈi#}
21     | ... | #ˌɑltˈɑːre# | *#ˌɑltˈɑre# | *#əltˈerɪ# | *#əltˈeɾɪ# | *#əltˈɛːɾə# | *#əltˈɛːɾ# {GOLD: #l̩tˈɛːɾ#} | *#əltˈɛːɾ# {GOLD: >*} | *#əltˈɛɾ# {GOLD: #əltˈɛɾ#} | *#əltˈɛɾ# {GOLD: #əltˈɛɾ#}
22     | #ˌɑmbipˌɑtˈiːnum# | *#ˌɑmbʊpˌɑtˈinʊ# | *#ˌɑmbupˌɑtˈinu# | *#əmbupˌatˈinu# | *#ə̃mbpətˈĩnu# | *#ə̃mpː̬ətˈĩːnə# | *#ə̃mpː̬ətˈĩː# {GOLD: #mpətˈĩː#} | *#ə̃mpː̬ətˈĩː# {GOLD: >*} | *#mbətˈi# {GOLD: >*} | *#mbətˈi# {GOLD: #mtˈi#}
23     | #ˌɑmbulˈɑːnioː# | *#ˌɑmbʊlˈɒːnju# | *#ˌɑmbulˈoɲu# | *#əmbulˈoɲu# | *#ə̃mbulˈɔ̃ɲu# | *#ə̃mbulˠˈɔ̃ɲə# | *#ə̃mbulˠˈɔ̃ɲ# {GOLD: #m̩bəlˠˈɔ̃ɲ#} | *#ə̃mbulˠˈɔ̃ɲ# {GOLD: >*} | *#mbulˠˈɔɲ# {GOLD: >*} | *#mbulˠˈɔj# {GOLD: #mbalˠˈɔj#}
24     | #ˌɑmˈyndolɑ# | *#ˌɑmˈɪndʊlɑ# | *#ˌɑmˈendulɑ# | *#mˈendula# | *#mˈẽndula# | *#mˈɛ̃ndulˠə# | *#mˈɛ̃ndulˠ# {GOLD: >*} | *#mˈɛ̃ndulˠ# {GOLD: >*} | *#mˈɛndulˠ# {GOLD: >*} | *#mˈɛndulˠ# {GOLD: #mˈɛndulˠ#}
25     | #ˌɑmˈiːkum# | *#ˌɑmˈikʊ# | *#ˌɑmˈiku# | *#mˈiku# | *#mˈiku# | *#mˈikə# | *#mˈik# {GOLD: >*} | *#mˈik# {GOLD: >*} | *#mˈik# {GOLD: >*} | *#mˈik# {GOLD: #mˈik#}
26     | #ˈɑmitɑm# | *#ˈɑmɪtɑ# | *#ˈɑmetɑ# | *#ˈemɪta# | *#ˈẽmɪta# | *#ˈɛ̃mta# | *#ˈɛ̃mtə# {GOLD: #ˈæ̃mətə#} | *#ˈɛ̃mtə# {GOLD: >*} | *#ˈɛmtə# {GOLD: >*} | *#ˈɛmtə# {GOLD: #ˈɛmtə#}
27     | #ˌɑmˈurɡɑ# | *#ˌɑmˈʊrɡɑ# | *#ˌɑmˈurɡɑ# | *#mˈurɡa# | *#mˈuɾɡa# | *#mˈuːɾɡa# | *#mˈuːɾɡə# {GOLD: #mˈuɾɡə#} | *#mˈuːɾɡə# {GOLD: >*} | *#mˈuɾɡə# {GOLD: >*} | *#mˈuɾɡə# {GOLD: #mˈuɾɡə#}
28     | ... | ... | ... | #ˈɑnɡɛlu# | *#ˈɑ̃nɟɛlu# | *#ˈɑ̃nɟəlˠə# | *#ˈʌ̃ɲɟ?0# {GOLD: >*} | *#ˈə̃ɲɟ?0# {GOLD: >*} | *#ˈəɲɟ?0# {GOLD: >*} | *#ˈəɲɟəlˠ# {GOLD: #ˈəɲɟəlˠ#}
29     | ... | #ˈɑnɡɛlu# | *#ˈɑnɡɛlu# | *#ˈenɟɪlu# | *#ˈẽnɟɪlu# | *#ˈɛ̃nɟəlˠə# | *#ˈɛ̃ɲɟ?0# {GOLD: >*} | *#ˈɛ̃ɲɟ?0# {GOLD: >*} | *#ˈɛɲɟ?0# {GOLD: >*} | *#ˈɛɲɟəlˠ# {GOLD: #ˈɛɲɟəlˠ#}
30     | #ˌɑnɡʷˈiːllɑm# | *#ˌɑɲˈillɑ# | *#ˌɑɲˈilːɑ# | *#ɲˈilːa# | *#ɲˈilːa# | *#ɲˈiːlːa# | *#ɲˈiːlːə# {GOLD: >*} | *#ɲˈiːlːə# {GOLD: >*} | *#ɲˈilə# {GOLD: >*} | *#ɲˈilə# {GOLD: #ɲˈilə#}
31     | #ˌɑnɡˈustum# | *#ˌɑŋɡˈʊstʊ# | *#ˌɑŋɡˈustu# | *#əŋɡˈustu# | *#ə̃ŋɡˈuʃtu# | *#ə̃ŋɡˈuːʃtə# | *#ə̃ŋɡˈuːʃt# {GOLD: #n̩ɡˈuʃt#} | *#ə̃ɲ̈ɡˈuːʃt# {GOLD: >*} | *#ɲ̈ɡˈuʃt# {GOLD: #əŋɡˈuʃt#} | *#ŋɡˈuʃt# {GOLD: #ŋɡˈuʃt#}
32     | #ˌɑnɡustˈɑːnioː# | *#ˌɑŋɡʊstˈɒːnju# | *#ˌɑŋɡustˈoɲu# | *#əŋɡustˈoɲu# | *#ə̃ŋɡuːʃtˈɔ̃ɲu# | *#ə̃ŋɡuːʃtˈɔ̃ɲə# | *#ə̃ŋɡuːʃtˈɔ̃ɲ# {GOLD: >*} | *#ə̃ɲ̈ɡuːʃtˈɔ̃ɲ# {GOLD: >*} | *#ɲ̈ɡuʃtˈɔɲ# {GOLD: >*} | *#ŋɡuʃtˈɔj# {GOLD: #ŋɡuʃtˈɔj#}
33     | #ˌɑntˈoːnium# | *#ˌɑntˈɒːnjʊ# | *#ˌɑntˈoɲu# | *#əntˈoɲu# | *#ə̃ntˈɔ̃ɲu# | *#ə̃ndˈɔ̃ɲə# | *#ə̃ndˈɔ̃ɲ# {GOLD: #n̩dˈuo̯#} | *#ə̃ndˈɔ̃ɲ# {GOLD: ...} | ... {GOLD: ...} | ... {GOLD: ...}
34     | #ˌɑnˈullɑm# | *#ˌɑnˈʊllɑ# | *#ˌɑnˈulːɑ# | *#nˈulːa# | *#nˈulːa# | *#nˈuːlːa# | *#nˈuːlːə# {GOLD: >*} | *#nˈuːlːə# {GOLD: >*} | *#nˈulə# {GOLD: >*} | *#nˈulə# {GOLD: #nˈulə#}
35     | #ˌɑppˌɑrɑmˈentum# | *#ˌɑppˌɑrɑmˈɛntʊ# | *#ˌɑppˌɑrɑmˈɛntu# | *#ppˌaramˈɛntu# | *#pˌaɾə̃mˈɛ̃ntu# | *#pˌaɾə̃mˈɛ̃ndə# | *#pˌaɾə̃mˈɛ̃nd# {GOLD: #paɾmˈɛ̃nd#} | *#pˌaɾmˈɛ̃nd# {GOLD: >*} | *#paɾmˈɛnd# {GOLD: >*} | *#paɾmˈɛnd# {GOLD: #paɾmˈɛnd#}
36     | #ˌɑprˈiːlem# | *#ˌɑprˈilɛ# | *#ˌɑprˈilɛ# | *#prˈilɪ# | *#pɾˈilɪ# | *#pɾˈiːlə# | *#pɾˈiːl# {GOLD: >*} | *#pɾˈiːl# {GOLD: >*} | *#pɾˈil# {GOLD: >*} | *#pɾˈil# {GOLD: #pɾˈilˠ#}
37     | #ˈɑptum# | *#ˈɑptʊ# | *#ˈɑptu# | *#ˈaptu# | *#ˈaptu# | *#ˈaːftə# | *#ˈaːft# {GOLD: >*} | *#ˈaːft# {GOLD: >*} | *#ˈaft# {GOLD: >*} | *#ˈaft# {GOLD: #ˈaft#}
38     | #ˌɑrˈeːnɑm# | *#ˌɑrˈeːnɑ# | *#ˌɑrˈenɑ# | *#ɔːʷrˈana# | *#ʊɾˈãɾ̃a# | *#ʊɾˈãɾ̃a# | *#ɾˈʌ̃ɾ̃ə# {GOLD: #ɾˈɑ̃ɾ̃ə#} | *#ɾˈə̃ɾ̃ə# {GOLD: >*} | *#ɾˈəɾə# {GOLD: >*} | *#ɾˈəɾə# {GOLD: #ɾˈəɾə#}
39     | #ˌɑrɡˈentum# | *#ˌɑrɡˈɛntʊ# | *#ˌɑrɡˈɛntu# | *#ərɟˈɛntu# | *#əɾɟˈɛ̃ntu# | *#əɾɟˈɛ̃ndə# | *#əɾɟˈɛ̃nd# {GOLD: #ɾ̩ɟˈẽnt#} | *#əɾɟˈɛ̃nd# {GOLD: >*} | *#əɾɟˈɛnd# {GOLD: #əɾɟˈɛnd#} | *#əɾɟˈɛnd# {GOLD: #əɾɟˈɛnd#}
40     | #ˈɑrmɑ# | *#ˈɑrmɑ# | *#ˈɑrmɑ# | *#ˈarma# | *#ˈaɾma# | *#ˈaːɾma# | *#ˈaːɾmə# {GOLD: >*} | *#ˈaːɾmə# {GOLD: >*} | *#ˈaɾmə# {GOLD: >*} | *#ˈaɾmə# {GOLD: #ˈaɾmə#}
41     | #ˌɑrmˈɑːnioː# | *#ˌɑrmˈɒːnju# | *#ˌɑrmˈoɲu# | *#ərmˈoɲu# | *#əɾmˈɔ̃ɲu# | *#əɾmˈɔ̃ɲə# | *#əɾmˈɔ̃ɲ# {GOLD: #aɾmˈɔ̃ɲ#} | *#əɾmˈɔ̃ɲ# {GOLD: ...} | ... {GOLD: ...} | ... {GOLD: ...}
42     | #ˌɑrmˈɑːtɑ# | *#ˌɑrmˈɑːtɑ# | *#ˌɑrmˈɑtɑ# | *#ərmˈata# | *#əɾmˈata# | *#əɾmˈata# | *#əɾmˈatə# {GOLD: #r̩mˈatə#} | *#əɾmˈatə# {GOLD: >*} | *#əɾmˈatə# {GOLD: >*} | *#əɾmˈatə# {GOLD: #rəmˈatə#}
43     | #ˌɑrmˌissˈɑːrium# | *#ˌɑrmˌɪssˈɒːrjʊ# | *#ˌɑrmˌessˈorju# | *#hˌarmɪssˈoru# | *#hˌaɾmɪʃˈɔɾu# | *#hˌaɾməʃˈuo̯ɾə# | *#hˌaɾməʃˈuo̯ɾ# {GOLD: #haɾməʃˈuo̯ɾ#} | *#hˌaɾməʃˈua̯ɾ# {GOLD: >*} | *#haɾməʃˈua̯ɾ# {GOLD: #haɾməʃˈua̯ɾ#} | *#haɾməʃˈɔɾ# {GOLD: #hamʃˈɔɾ#}
44     | #ˌɑrrˌiːwˈɑːnioː# | *#ˌɑrrˈiwɒːnju# | *#ˌɑrrˈiwoɲu# | *#ˌaːrrˈiwoɲu# | *#ˌaɾɾˈĩːɲu# | *#ˌarːˈĩːɲə# | *#ˌarˈĩːɲ# {GOLD: #ɦarˈĩːɲ#} | *#ˌarˈĩːɲ# {GOLD: >*} | *#arˈiɲ# {GOLD: >*} | *#arˈij# {GOLD: #arˈij#}
45     | #ˈɑrkum# | *#ˈɑrkʊ# | *#ˈɑrku# | *#ˈarku# | *#ˈaɾku# | *#ˈaːɾkə# | *#ˈaːɾk# {GOLD: #ɦˈaɾk#} | *#ˈaːɾk# {GOLD: >*} | *#ˈaɾk# {GOLD: >*} | *#ˈaɾk# {GOLD: #ˈaɾk#}
46     | #ˈɑrkɑm# | *#ˈɑrkɑ# | *#ˈɑrkɑ# | *#ˈarka# | *#ˈaɾka# | *#ˈaːɾka# | *#ˈaːɾkə# {GOLD: >*} | *#ˈaːɾkə# {GOLD: >*} | *#ˈaɾkə# {GOLD: >*} | *#ˈaɾkə# {GOLD: #ˈaɾkə#}
47     | #ˈɑskulɑ# | *#ˈɑskʊlɑ# | *#ˈɑskulɑ# | *#ˈaskula# | *#ˈaʃkula# | *#ˈaːʃkəlːə# | *#ˈaːʃkl̩ː# {GOLD: #ˈaʃkl̩#} | *#ˈaːʃkl̩ː# {GOLD: >*} | *#ˈaʃkl̩# {GOLD: #ˈaʃklə#} | *#ˈaʃkəl# {GOLD: #ˈaʃkəl#}
48     | #ˌɑspˈɑrɑɡum# | *#ˌɑspˈɑrɑɡʊ# | *#ˌɑspˈɑrɑɡu# | *#spˈaraɡu# | *#ʃpˈaɾɐɡu# | *#ʃpˈaːɾɐɡə# | *#ʃpˈaːɾəɡ# {GOLD: >*} | *#ʃpˈaːɾəɡ# {GOLD: >*} | *#ʃpˈaɾəɡ# {GOLD: >*} | *#ʃpˈaɾɡ# {GOLD: #ʃpˈaɾɡ#}
49     | #ˈɑsper# | *#ˈɑspɛr# | *#ˈɑspɛr# | *#ˈaspɪr# | *#ˈaʃpɪɾ# | *#ˈaːʃpəɾ# | *#ˈaːʃpɾ̩# {GOLD: >*} | *#ˈaːʃpɾ̩# {GOLD: >*} | *#ˈaʃpɾ̩# {GOLD: >*} | *#ˈaʃpəɾ# {GOLD: #ˈaʃpəɾ#}
50     | #ˌɑːwˈentum# | *#ˌɑːwˈɛntʊ# | *#ˌɑvˈɛntu# | *#vˈɛntu# | *#vˈɛ̃ntu# | *#vˈɛ̃ndə# | *#vˈɛ̃nd# {GOLD: #vˈɛ̃nt#} | *#vˈɛ̃nd# {GOLD: >*} | *#vˈɛnd# {GOLD: >*} | *#vˈɛnd# {GOLD: #vˈɛnd#}
51     | ... | ... | ... | #ˌaβlamˈentu# | *#ˌaβlə̃mˈẽntu# | *#ˌavlə̃mˈɛ̃ndə# | *#ˌavlə̃mˈɛ̃nd# {GOLD: >*} | *#ˌavlə̃mˈɛ̃nd# {GOLD: >*} | *#avləmˈɛnd# {GOLD: >*} | *#avləmˈɛnd# {GOLD: #avləmˈɛnd#}
52     | #ˌɑwɡˈustum# | *#ˌɑwɡˈʊstʊ# | *#ˌɑwɡˈustu# | *#ɡˈustu# | *#ɡˈuʃtu# | *#ɡˈuːʃtə# | *#ɡˈuːʃt# {GOLD: >*} | *#ɡˈuːʃt# {GOLD: >*} | *#ɡˈuʃt# {GOLD: >*} | *#ɡˈuʃt# {GOLD: #ɡˈuʃt#}
53     | #ˌɑwreˈolum# | *#ˌɑwrjˈɒlʊ# | *#ˌɑwrjˈolu# | *#rːˈølu# | *#rːˈœlu# | *#rːˈye̯lˠə# | *#rˈye̯lˠ# {GOLD: >*} | *#rˈye̯lˠ# {GOLD: >*} | *#rˈye̯lˠ# {GOLD: >*} | *#rˈye̯lˠ# {GOLD: #rˈye̯lˠ#}
54     | #ˈɑwrum# | *#ˈɑwrʊ# | *#ˈɑwru# | *#ˈawru# | *#ˈaːɾu# | *#ˈaːɾə# | *#ˈaːɾ# {GOLD: #ˈaːɾ#} | *#ˈaːɾ# {GOLD: #ˈaːɾ#} | *#ˈaɾ# {GOLD: >*} | *#ˈaɾ# {GOLD: #ˈaɾ#}
55     | #ˌɑwˈunkulum# | *#ˌɑwˈʊnkʊlʊ# | *#ˌɑwˈunkulu# | *#wˈunkulu# | *#wˈũnkulu# | *#wˈũnɡəlːə# | *#ˈũŋɡl̩ː# {GOLD: #ˈũŋkl̩#} | *#ˈũɲ̈ɡl̩ː# {GOLD: >*} | *#ˈuɲ̈ɟ# {GOLD: >*} | *#ˈuɲɟ# {GOLD: #ˈuɲɟ#}
56     | #bˈɑlsɑmum# | *#bˈɑlsɑmʊ# | *#bˈɑlsɑmu# | *#bˈalsamu# | *#bˈalʃɐmu# | *#bˈaːlʃɐmə# | *#bˈaːlʃm̩# {GOLD: #bˈalʃm̩#} | *#bˈaːlʃm̩# {GOLD: >*} | *#bˈalt͡ʃm̩# {GOLD: >*} | *#bˈalt͡ʃəm# {GOLD: #bˈalt͡ʃəm#}
57     | #bˈɑlneɑ# | *#bˈɑlnjɑ# | *#bˈɑlɲɑ# | *#bˈalɲa# | *#bˈalɲa# | *#bˈaɲa# | *#bˈaɲə# {GOLD: >*} | *#bˈaɲə# {GOLD: >*} | *#bˈaɲə# {GOLD: >*} | *#bˈaɲə# {GOLD: #bˈaɲə#}
58     | #bˌɑrˈɑtʰrum# | *#bˌɑrˈɑtʰrʊ# | *#bˌɑrˈɑtru# | *#bˌarˈatru# | *#bˌaɾˈatɾu# | *#bˌaɾˈatɾə# | *#bˌaɾˈatɾ̩# {GOLD: >*} | *#bˌaɾˈatɾ̩# {GOLD: >*} | *#baɾˈatɾ̩# {GOLD: >*} | *#baɾˈatəɾ# {GOLD: #balˈadəɾ#}
59     | #bˈɑrkɑm# | *#bˈɑrkɑ# | *#bˈɑrkɑ# | *#bˈarka# | *#bˈaɾka# | *#bˈaːɾka# | *#bˈaːɾkə# {GOLD: >*} | *#bˈaːɾkə# {GOLD: >*} | *#bˈaɾkə# {GOLD: >*} | *#bˈaɾkə# {GOLD: #bˈaɾkə#}
60     | #bˌɑrˈoːnem# | *#bˌɑrˈɒːnɛ# | *#bˌɑrˈonɛ# | *#bˌarˈonɪ# | *#bˌaɾˈɔ̃ɾ̃ɪ# | *#bˌaɾˈũo̯ɾ̃ə# | *#bˌaɾˈũo̯# {GOLD: #bəɾˈuo̯#} | *#bˌaɾˈũa̯# {GOLD: ...} | ... {GOLD: ...} | ... {GOLD: ...}
61     | #bˌɑttuˈɑːliɑm# | *#bˌɑttwˈɑːʎɑ# | *#bˌɑttwˈɑʎɑ# | *#bˌattˈaʎa# | *#bˌatˈaʎa# | *#bˌatˈaːʎa# | *#bˌatˈaːʎə# {GOLD: >*} | *#bˌatˈaːʎə# {GOLD: >*} | *#batˈajə# {GOLD: >*} | *#batˈajə# {GOLD: #bɛtˈɛjə#}
62     | #bˌɑttuˈɑːliɑm# | *#bˌɑttwˈɑːʎɑ# | *#bˌɑttwˈɑʎɑ# | *#bˌattˈaʎa# | *#bˌatˈaʎa# | *#bˌatˈaːʎa# | *#bˌatˈaːʎə# {GOLD: #bətˈaʎə#} | *#bˌatˈaːʎə# {GOLD: >*} | *#batˈajə# {GOLD: >*} | *#batˈajə# {GOLD: #bətˈajə#}
63     | #bˌenediːkˈonioː# | *#bˌɛnɛdikˈɒnju# | *#bˌɛndikˈoɲu# | *#bˌɛndkˈoɲu# | *#bˌɛ̃ndkˈɔ̃ɲu# | *#bˌɛ̃ndkˈɔ̃ɲə# | *#bˌɛ̃nkˈɔ̃ɲ# {GOLD: #b̩ndəkˈɔ̃ɲ#} | *#bˌɛ̃nkˈɔ̃ɲ# {GOLD: #bˌn̩kˈɔ̃ɲ#} | *#bɛnkˈɔɲ# {GOLD: >*} | *#bɛnkˈɔj# {GOLD: #bənkˈɔj#}
64     | #bˈeːstiɑm# | *#bˈeːst͡ʃjɑ# | *#bˈest͡ʃjɑ# | *#bˈist͡ʃa# | *#bˈiʃa# | *#bˈiːʃa# | *#bˈiːʃə# {GOLD: >*} | *#bˈiːʃə# {GOLD: >*} | *#bˈiʃə# {GOLD: >*} | *#bˈiʃə# {GOLD: #bˈiʃə#}
65     | #bˌiːnˈɑːrium# | *#bˌinjˈɒːrjʊ# | *#bˌiɲˈorju# | *#bˌiɲˈoru# | *#bˌĩːɲˈɔɾu# | *#bˌĩːɲˈaːɾə# | *#bˌĩːɲˈaːɾ# {GOLD: >*} | *#bˌĩːɲˈaːɾ# {GOLD: >*} | *#biɲˈaɾ# {GOLD: >*} | *#biɲˈaɾ# {GOLD: #biɲˈaɾ#}
66     | #bˈolɑ# | *#bˈɒlɑ# | *#bˈolɑ# | *#bˈola# | *#bˈɔla# | *#bˈɔːlˠa# | *#bˈɔːlˠə# {GOLD: >*} | *#bˈɔːlˠə# {GOLD: >*} | *#bˈɔlˠə# {GOLD: >*} | *#bˈɔlˠə# {GOLD: #bˈɔlˠə#}
67     | #brˈɑːkae̯# | *#brˈɑːkɛ# | *#brˈɑkɛ# | *#brˈecɪ# | *#bɾˈecɪ# | *#bɾˈɛcə# | *#bɾˈɛc# {GOLD: >*} | *#bɾˈɛc# {GOLD: >*} | *#bɾˈɛc# {GOLD: >*} | *#bɾˈɛc# {GOLD: #bɾˈɛkə#}
68     | #brˈokkɑ# | *#brˈɒkkɑ# | *#brˈokkɑ# | *#brˈokka# | *#bɾˈɔka# | *#bɾˈɔka# | *#bɾˈɔkə# {GOLD: >*} | *#bɾˈɔkə# {GOLD: >*} | *#bɾˈɔkə# {GOLD: >*} | *#bɾˈɔkə# {GOLD: #pɾˈɔkə#}
69     | #brˈoːtɑskɑm# | *#brˈoːtɑskɑ# | *#brˈøskɑ# | *#brˈøska# | *#bɾˈœʃka# | *#bɾˈɛːʃka# | *#bɾˈɛːʃkə# {GOLD: >*} | *#bɾˈɛːʃkə# {GOLD: >*} | *#bɾˈɛʃkə# {GOLD: >*} | *#bɾˈɛʃkə# {GOLD: #bɾˈɛʃkə#}
70     | #brˈoːskɑm# | *#brˈoːskɑ# | *#brˈøskɑ# | *#brˈøska# | *#bɾˈœʃka# | *#bɾˈɛːʃka# | *#bɾˈɛːʃkə# {GOLD: >*} | *#bɾˈɛːʃkə# {GOLD: >*} | *#bɾˈɛʃkə# {GOLD: >*} | *#bɾˈɛʃkə# {GOLD: #bɾˈɛʃkə#}
71     | #brˈuːmɑm# | *#brˈuːmɑ# | *#brˈymɑ# | *#brˈyma# | *#bɾˈỹma# | *#bɾˈỹma# | *#bɾˈỹmə# {GOLD: >*} | *#bɾˈỹmə# {GOLD: >*} | *#bɾˈymə# {GOLD: >*} | *#bɾˈymə# {GOLD: #bɾˈymə#}
72     | #bˌubulkˈeːnsum# | *#bˌʊβʊlkˈeːnsʊ# | *#bˌuβulkˈesu# | *#bˌuulcˈesu# | *#bˌulcˈeʃu# | *#bˌulcˈɛːʃə# | *#bˌult͡ʃˈɛːʃ# {GOLD: >*} | *#bˌult͡ʃˈɛːʃ# {GOLD: >*} | *#bult͡ʃˈɛʃ# {GOLD: >*} | *#bult͡ʃˈɛʃ# {GOLD: #bult͡ʃˈɛʃ#}
73     | #bˌubˈulkum# | *#bˌʊβˈʊlkʊ# | *#bˌuβˈulku# | *#bˌuˈulku# | *#bəˈuːlku# | *#bəˈuːlkə# | *#bˈuːʎk# {GOLD: >*} | *#bˈuːʎk# {GOLD: #bˈuʎk#} | *#bˈujk# {GOLD: >*} | *#bˈujk# {GOLD: #bˈujk#}
74     | #bˌubˈulkiː# | *#bˌʊβˈʊlki# | *#bˌuβˈulki# | *#bˌuˈulcɪ# | *#bəˈuːlcɪ# | *#bəˈuːlcə# | *#bˈuːlc# {GOLD: >*} | *#bˈuːlc# {GOLD: >*} | *#bˈulc# {GOLD: >*} | *#bˈulc# {GOLD: #bˈulc#}
75     | #bˈuːfum# | *#bˈufʊ# | *#bˈufu# | *#bˈufu# | *#bˈufu# | *#bˈuːfə# | *#bˈuːf# {GOLD: >*} | *#bˈuːf# {GOLD: >*} | *#bˈuf# {GOLD: >*} | *#bˈuf# {GOLD: #bˈuf#}
76     | #bˈullɑm# | *#bˈʊllɑ# | *#bˈulːɑ# | *#bˈulːa# | *#bˈulːa# | *#bˈuːlːa# | *#bˈuːlːə# {GOLD: >*} | *#bˈuːlːə# {GOLD: >*} | *#bˈulə# {GOLD: >*} | *#bˈulə# {GOLD: #bˈulə#}
77     | #bˈukkɑm# | *#bˈʊkkɑ# | *#bˈukkɑ# | *#bˈukka# | *#bˈuka# | *#bˈuka# | *#bˈukə# {GOLD: #bˈukə#} | *#bˈukə# {GOLD: >*} | *#bˈukə# {GOLD: >*} | *#bˈukə# {GOLD: #bˈukə#}
78     | #bˈuksum# | *#bˈʊksʊ# | *#bˈuksu# | *#bˈuksu# | *#bˈukʃu# | *#bˈuːʃə# | *#bˈuːʃ# {GOLD: >*} | *#bˈuːʃ# {GOLD: >*} | *#bˈuʃ# {GOLD: >*} | *#bˈuʃ# {GOLD: #bˈuʃ#}
79     | #bˈurɡum# | *#bˈʊrɡʊ# | *#bˈurɡu# | *#bˈurɡu# | *#bˈuɾɡu# | *#bˈuːɾɡə# | *#bˈuːɾɡ# {GOLD: >*} | *#bˈuːɾɡ# {GOLD: >*} | *#bˈuɾɡ# {GOLD: >*} | *#bˈuɾɡ# {GOLD: #bˈuɾɡ#}
80     | #bˈuttem# | *#bˈʊttɛ# | *#bˈuttɛ# | *#bˈuttɪ# | *#bˈutɪ# | *#bˈutə# | *#bˈut# {GOLD: >*} | *#bˈut# {GOLD: >*} | *#bˈut# {GOLD: >*} | *#bˈut# {GOLD: #bˈut#}
81     | #dˈae̯monem# | *#dˈɛmʊnɛ# | *#dˈɛmunɛ# | *#dˈɛmɑ̃ɾ̃ɪ# | *#dˈɛ̃mɐɾ̃ɪ# | *#dˈɛ̃mɐɾ̃ə# | *#dˈɛ̃məɾ̃# {GOLD: #djˈɛ̃mə̃ɾ̃ə#} | *#dˈɛ̃məɾ̃# {GOLD: >*} | *#dˈɛməɾ# {GOLD: >*} | *#dˈɛməɾ# {GOLD: #djˈɛməɾ#}
82     | #dˌɑmnˈɑːnioː# | *#dˌɑmnˈɒːnju# | *#dˌɑmnˈoɲu# | *#dˌamnˈoɲu# | *#dˌãmnˈɔ̃ɲu# | *#dˌãnːˈɔ̃ɲə# | *#dˌʌ̃nːˈɔ̃ɲ# {GOLD: #dəmnˈɔ̃ɲ#} | *#dˌə̃nˈɔ̃ɲ# {GOLD: >*} | *#dənˈɔɲ# {GOLD: >*} | *#dənˈɔj# {GOLD: #dənˈɔj#}
83     | #dˈɑmnum# | *#dˈɑmnʊ# | *#dˈɑmnu# | *#dˈamnu# | *#dˈãmnu# | *#dˈãmə# | *#dˈʌ̃m# {GOLD: #dˈɑ̃m#} | *#dˈə̃m# {GOLD: >*} | *#dˈəm# {GOLD: >*} | *#dˈəm# {GOLD: #dˈəm#}
84     | #dˌeːbitˈɑːnioː# | *#dˌeːβʊtˈɒːnju# | *#dˌeβutˈoɲu# | *#dˌewutˈoɲu# | *#dˌeːtˈɔ̃ɲu# | *#dˌɛːtˈɔ̃ɲə# | *#dˌɛːtˈɔ̃ɲ# {GOLD: >*} | *#dˌɛːtˈɔ̃ɲ# {GOLD: #dɛtˈɔ̃ɲ#} | *#dɛtˈɔɲ# {GOLD: >*} | *#dɛtˈɔj# {GOLD: #dɛtˈɔj#}
85     | #dˌeːbitˈoːrem# | *#dˌeːβʊtˈɒrɛ# | *#dˌeβutˈorɛ# | *#dˌewutˈorɪ# | *#dˌeːtˈɔɾɪ# | *#dˌɛːtˈuo̯ɾə# | *#dˌɛːtˈuo̯ɾ# {GOLD: #dɛtˈuo̯ɾ#} | *#dˌɛːtˈua̯ɾ# {GOLD: >*} | *#dɛtˈua̯ɾ# {GOLD: #dɛtˈua̯ɾ#} | *#dɛtˈua̯ɾ# {GOLD: #dɛtˈua̯ɾ#}
86     | #dˌeːbitˌoːrˈitium# | *#dˌeːβʊtˈɒrɪt͡ʃjʊ# | *#dˌeβutˈoret͡ʃju# | *#dˌewutˈorɪt͡ʃu# | *#dˌeːtˈɔɾɪsu# | *#dˌɛːtˈɔːɾəsə# | *#dˌɛːtˈɔːɾəs# {GOLD: >*} | *#dˌɛːtˈɔːɾəs# {GOLD: >*} | *#dɛtˈɔɾəs# {GOLD: #dətˈɔɾəs#} | *#dɛtˈɔɾəs# {GOLD: #dɛtˈɔɾəs#}
87     | #dˌeːbitˈuːrɑm# | *#dˌeːβʊtˈuːrɑ# | *#dˌeβutˈyrɑ# | *#dˌewutˈyra# | *#dˌeːtˈyɾa# | *#dˌɛːtˈyːɾa# | *#dˌɛːtˈyːɾə# {GOLD: >*} | *#dˌɛːtˈyːɾə# {GOLD: >*} | *#dɛtˈyɾə# {GOLD: >*} | *#dɛtˈyɾə# {GOLD: #dɛtˈyɾə#}
88     | #dˌeːlˌiːberˈɑːnioː# | *#dˌeːlˌiβɛrˈɒːnju# | *#dˌelˌiβɛrˈoɲu# | *#dˌelˌiwɪrˈoɲu# | *#dɪlˌiːɾˈɔ̃ɲu# | *#dəlˌiːɾˈɔ̃ɲə# | *#dəlˌiːɾˈɔ̃ɲ# {GOLD: >*} | *#dəlˌiːɾˈɔ̃ɲ# {GOLD: >*} | *#dəliɾˈɔɲ# {GOLD: >*} | *#dəliɾˈɔj# {GOLD: #dəliɾˈɔj#}
89     | #dˌeːkˌɑptˈɑːnioː# | *#dˌeːkˌɑptˈɒːnju# | *#dˌekˌɑptˈoɲu# | *#dˌekˌaptˈoɲu# | *#dɪkˌaptˈɔ̃ɲu# | *#dəkˌatˈɔ̃ɲə# | *#dəkˌatˈɔ̃ɲ# {GOLD: >*} | *#dəkˌatˈɔ̃ɲ# {GOLD: >*} | *#dəkatˈɔɲ# {GOLD: #dikətˈɔɲ#} | *#dəkatˈɔj# {GOLD: #diktˈɔj#}
90     | #dˌeːpˌenetrˈɑːnioː# | *#dˌeːpˌɛnɛtrˈɒːnju# | *#dˌepˌɛnɛtrˈoɲu# | *#dˌepˌɑ̃ɾ̃ɪtrˈoɲu# | *#dɪpˌɑ̃ɾ̃ɪtɾˈɔ̃ɲu# | *#dəpˌɑ̃ɾtˈɔ̃ɲə# | *#dəpɾ̩tˈɔ̃ɲ# {GOLD: >*} | *#dəpɾ̩tˈɔ̃ɲ# {GOLD: >*} | *#dəpɾ̩tˈɔɲ# {GOLD: >*} | *#dəpəɾtˈɔj# {GOLD: #dɛpəɾtˈɔj#}
91     | #dˌeːpˌositˈɑːnioː# | *#dˌeːpˌʊsɪtˈɒːnju# | *#dˌepˌustˈoɲu# | *#dˌepˌustˈoɲu# | *#dɪpəʃtˈɔ̃ɲu# | *#dəpəʃtˈɔ̃ɲə# | *#dəʃtˈɔ̃ɲ# {GOLD: >*} | *#dəʃtˈɔ̃ɲ# {GOLD: >*} | *#dəʃtˈɔɲ# {GOLD: >*} | *#dəʃtˈɔj# {GOLD: #dəʃtˈɔj#}
92     | #dˌeːrˌɑːmˈɑːnioː# | *#dˌeːrˌɑːmˈɒːnju# | *#dˌerˌɑmˈoɲu# | *#dˌerˌamˈoɲu# | *#dɪɾə̃mˈɔ̃ɲu# | *#dəɾə̃mˈɔ̃ɲə# | *#dɾ̩mˈɔ̃ɲ# {GOLD: >*} | *#dɾ̩mˈɔ̃ɲ# {GOLD: >*} | *#dɾ̩mˈɔɲ# {GOLD: >*} | *#dəɾmˈɔj# {GOLD: #dəɾmˈɔj#}
93     | #dˌeːsˌiːderˈɑːnioː# | *#dˌeːsˌidɛrˈɒːnju# | *#dˌesˌidɛrˈoɲu# | *#dˌesˌiðɪrˈoɲu# | *#dɪʃˌiːɾˈɔ̃ɲu# | *#dəʃˌiːɾˈɔ̃ɲə# | *#dəʃˌiːɾˈɔ̃ɲ# {GOLD: >*} | *#dəʃˌiːɾˈɔ̃ɲ# {GOLD: >*} | *#dəʃiɾˈɔɲ# {GOLD: >*} | *#dəʃiɾˈɔj# {GOLD: #dəʃiɾˈɔj#}
94     | #dˌeːsˌiːdˈeriɑm# | *#dˌeːsˌidˈɛrjɑ# | *#dˌesˌidˈɛrjɑ# | *#dˌesˌiðˈira# | *#dɪʃəˈiːɾa# | *#dəʃəˈiːɾa# | *#dəʃˈiːɾə# {GOLD: >*} | *#dəʃˈiːɾə# {GOLD: >*} | *#dəʃˈiɾə# {GOLD: >*} | *#dəʃˈiɾə# {GOLD: #dəʃˈiɾə#}
95     | ... | ... | #dˌiˈɑβolu# | *#dˌiˈawolu# | *#djˈaːlu# | *#djˈaːlˠə# | *#djˈaːlˠ# {GOLD: #djˈaːlˠ#} | *#djˈaːlˠ# {GOLD: #djˈaːlˠ#} | *#djˈalˠ# {GOLD: >*} | *#djˈalˠ# {GOLD: #djˈalˠ#}
96     | #diˈɑːnɑ# | *#d͡ʒjˈɑːnɑ# | *#d͡ʒjˈɑnɑ# | *#d͡ʒˈana# | *#zˈãɾ̃a# | *#zˈãɾ̃a# | *#zˈʌ̃ɾ̃ə# {GOLD: #zˈɑ̃ɾ̃ə#} | *#zˈə̃ɾ̃ə# {GOLD: >*} | *#zˈəɾə# {GOLD: >*} | *#zˈəɾə# {GOLD: #zˈəɾə#}
97     | #dˌiɡitˈɑːnioː# | *#dˌɪɡɪtˈɒːnju# | *#dˌeɡtˈoɲu# | *#dˌeɡtˈoɲu# | *#dɪɡtˈɔ̃ɲu# | *#dəftˈɔ̃ɲə# | *#dəftˈɔ̃ɲ# {GOLD: #dˌɪftˈɔ̃ɲ#} | *#dəftˈɔ̃ɲ# {GOLD: >*} | *#dəftˈɔɲ# {GOLD: >*} | *#dəftˈɔj# {GOLD: #dəftˈɔj#}
98     | #dˈiɡniɑ# | *#dˈɪɲjɑ# | *#dˈeɲɑ# | *#dˈeɲa# | *#dˈẽɲa# | *#dˈɛ̃ɲa# | *#dˈɛ̃ɲə# {GOLD: >*} | *#dˈɛ̃ɲə# {GOLD: >*} | *#dˈɛɲə# {GOLD: >*} | *#dˈɛɲə# {GOLD: #dˈɛɲə#}
99     | #dˌiːriɡˈɑːnioː# | *#dˌirɪɡˈɒːnju# | *#dˌirɡˈoɲu# | *#dˌirɡˈoɲu# | *#dəɾɡˈɔ̃ɲu# | *#dəɾɡˈɔ̃ɲə# | *#dɾ̩ɡˈɔ̃ɲ# {GOLD: >*} | *#dɾ̩ɡˈɔ̃ɲ# {GOLD: >*} | *#dɾ̩ɡˈɔɲ# {GOLD: >*} | *#dəɾɡˈɔj# {GOLD: #dəɾɡˈɔj#}
100    | #dˌiːrˈeːktum# | *#dˌirˈeːktʊ# | *#dˌirˈeçtu# | *#dˌirˈejtu# | *#dɪɾˈejtu# | *#dəɾˈɛjtə# | *#dəɾˈɛjt# {GOLD: #dəɾˈɛjt#} | *#dəɾˈɛjt# {GOLD: >*} | *#dɾˈɛjt# {GOLD: >*} | *#dɾˈɛjt# {GOLD: #dɾˈɛjt#}
101    | #dis# | *#dɪ# | *#dɪ# | *#dɪ# | *#dɪ# | *#də# | *#də# {GOLD: >*} | *#də# {GOLD: >*} | *#də# {GOLD: >*} | *#də# {GOLD: #z#}
102    | #dˌiskˌɑbɑllikˈɑːnioː# | *#dˌɪskˌɑβɑllɪkˈɒːnju# | *#dˌiskˌɑβɑlːekˈoɲu# | *#dˌiskˌawalːɪkˈoɲu# | *#dɪʃkəˌaːlːɪkˈɔ̃ɲu# | *#dəʃkəˌaːlːəkˈɔ̃ɲə# | *#ʃkˌalːəkˈɔ̃ɲ# {GOLD: >*} | *#ʃkˌalːkˈɔ̃ɲ# {GOLD: >*} | *#ʃkalkˈɔɲ# {GOLD: >*} | *#ʃkalkˈɔj# {GOLD: #ʃkalkˈɔj#}
103    | #dˌiskˌɑrrikˈɑːnioː# | *#dˌɪskˌɑrrɪkˈɒːnju# | *#dˌiskˌɑrrkˈoɲu# | *#dˌiskˌarkˈoɲu# | *#dɪʃkˌaɾkˈɔ̃ɲu# | *#dəʃkˌaɾkˈɔ̃ɲə# | *#ʃkˌaɾkˈɔ̃ɲ# {GOLD: >*} | *#ʃkˌaɾkˈɔ̃ɲ# {GOLD: >*} | *#ʃkaɾkˈɔɲ# {GOLD: >*} | *#ʃkaɾkˈɔj# {GOLD: #ʃkaɾkˈɔj#}
104    | #dˈiskɑ# | *#dˈɪskɑ# | *#dˈiskɑ# | *#dˈiska# | *#dˈiʃka# | *#dˈiːʃka# | *#dˈiːʃkə# {GOLD: >*} | *#dˈiːʃkə# {GOLD: >*} | *#dˈiʃkə# {GOLD: >*} | *#dˈiʃkə# {GOLD: #dˈiʃkə#}
105    | #dˌiskʷˌiritˈɑːnioː# | *#dˌɪskʷˌɪrɪtˈɒːnju# | *#dˌiskʷˌyrtˈoɲu# | *#dˌiskˌyrtˈoɲu# | *#dɪʃcˌyːɾtˈɔ̃ɲu# | *#dəʃcˌyːɾtˈɔ̃ɲə# | *#ʃcˌyːɾtˈɔ̃ɲ# {GOLD: #t͡ʃcyɾətˈɔ̃ɲ#} | *#ʃcˌyːɾtˈɔ̃ɲ# {GOLD: >*} | *#ʃcyɾtˈɔɲ# {GOLD: >*} | *#ʃcyɾtˈɔj# {GOLD: #ʃcyɾtˈɔj#}
106    | #dˌiswˌeːlˈɑːnioː# | *#dˌɪswˌeːlˈɒːnju# | *#dˌiswˌelˈoɲu# | *#dˌizbˌulːˈoɲu# | *#dɪzbˌulːˈɔ̃ɲu# | *#dəzbˌulːˈɔ̃ɲə# | *#zbˌulːˈɔ̃ɲ# {GOLD: >*} | *#zbˌulːˈɔ̃ɲ# {GOLD: >*} | *#zbulˈɔɲ# {GOLD: >*} | *#zbulˈɔj# {GOLD: #zbulˈɔj#}
107    | #mˌodestikˈɑːnioː# | *#mˌʊdɛstɪkˈɒːnju# | *#mˌudɛstekˈoɲu# | *#mˌuðɪstɪkˈoɲu# | *#mˌuðʃtɪkˈɔ̃ɲu# | *#mˌuːʃtəkˈɔ̃ɲə# | *#mˌuːʃtəkˈɔ̃ɲ# {GOLD: >*} | *#mˌuːʃtəkˈɔ̃ɲ# {GOLD: >*} | *#muʃtəkˈɔɲ# {GOLD: >*} | *#muʃtəkˈɔj# {GOLD: #muʃtəkˈɔj#}
108    | #dˌolˈoːrem# | *#dˌʊlˈoːrɛ# | *#dˌulˈørɛ# | *#dˌulˈørɪ# | *#dˌulˈœɾɪ# | *#dˌulˠˈye̯ɾə# | *#dˌulˠˈye̯# {GOLD: #dulˠˈyø̯#} | *#dˌulˠˈye̯# {GOLD: >*} | *#dulˠˈye̯# {GOLD: #dulˠˈye̯#} | *#dulˠˈye̯# {GOLD: #dulˠˈye̯#}
109    | #edˌoːnˈɑːnioː# | *#ɛdˌunˈɒːnju# | *#ɛdˌuɾˈoɲu# | *#ðˌuɾˈoɲu# | *#ðˌuɾˈɔ̃ɲu# | *#ðˌuɾˈɔ̃ɲə# | *#ðˌuɾˈɔ̃ɲ# {GOLD: >*} | *#ðˌuɾˈɔ̃ɲ# {GOLD: >*} | *#ðuɾˈɔɲ# {GOLD: >*} | *#ðuɾˈɔj# {GOLD: #ðuɾˈɔj#}
110    | #drˈɑkiː# | *#drˈɑki# | *#drˈɑki# | *#drˈecɪ# | *#dɾˈecɪ# | *#dɾˈɛcə# | *#dɾˈɛc# {GOLD: >*} | *#dɾˈɛc# {GOLD: >*} | *#dɾˈɛc# {GOLD: >*} | *#dɾˈɛc# {GOLD: #dɾˈɛc#}
111    | #drˌɑnkˈoːnem# | *#drˌɑnkˈɒːnɛ# | *#drˌɑnkˈonɛ# | *#drˌankˈonɪ# | *#dɾə̃nkˈɔ̃ɾ̃ɪ# | *#dɾə̃nɡˈũo̯ɾ̃ə# | *#dɾə̃ŋɡˈũo̯# {GOLD: #dɾˌãnkˈuo̯#} | *#dɾə̃ɲ̈ɡˈũa̯# {GOLD: >*} | *#dɾəɲ̈ɡˈua̯# {GOLD: >*} | *#dɾəŋɡˈua̯# {GOLD: #dɾaɡˈua̯#}
112    | #drˈiːnum# | *#drˈinʊ# | *#drˈinu# | *#drˈinu# | *#dɾˈĩnu# | *#dɾˈĩːnə# | *#dɾˈĩː# {GOLD: #dɾˈĩːɾ̃#} | *#dɾˈĩː# {GOLD: ...} | ... {GOLD: ...} | ... {GOLD: ...}
113    | #drˌiwˈɑstum# | *#drˈiwɑstʊ# | *#drˈiwɑstu# | *#drˈiwastu# | *#dɾˈiːʃtu# | *#dɾˈiːʃtə# | *#dɾˈiːʃt# {GOLD: #dɾˈiʃt#} | *#dɾˈiːʃt# {GOLD: >*} | *#dɾˈiʃt# {GOLD: >*} | *#dɾˈiʃt# {GOLD: #dɾˈiʃt#}
114    | #dˈukem# | *#dˈʊkɛ# | *#dˈukɛ# | *#dˈucɪ# | *#dˈucɪ# | *#dˈucə# | *#dˈuc# {GOLD: >*} | *#dˈuc# {GOLD: >*} | *#dˈuc# {GOLD: >*} | *#dˈuc# {GOLD: #dˈuc#}
115    | #dˌuplikˈɑːnioː# | *#dˌʊplɪkˈɒːnju# | *#dˌuplekˈoɲu# | *#dˌuplɪkˈoɲu# | *#dˌuplɪkˈɔ̃ɲu# | *#dˌulpəkˈɔ̃ɲə# | *#dˌulpəkˈɔ̃ɲ# {GOLD: #dˌulpəkˈɔ̃ɲ#} | *#dˌulpəkˈɔ̃ɲ# {GOLD: >*} | *#dulpəkˈɔɲ# {GOLD: >*} | *#dulpəkˈɔj# {GOLD: #dulpəkˈɔj#}
116    | ... | ... | #dˌurˈɒɲɔ# | *#dˌurˈɒɲɔ# | *#dˌuɾˈɒ̃ɲɔ# | *#dˌuɾˈɒ̃ɲə# | *#dˌuɾˈɔ̃ɲ# {GOLD: >*} | *#dˌuɾˈɔ̃ɲ# {GOLD: >*} | *#duɾˈɔɲ# {GOLD: >*} | *#duɾˈɔj# {GOLD: #duɾˈɔj#}
117    | #ˌeːdˌiktˈɑːnioː# | *#ˌeːdˌɪktˈɒːnju# | *#ˌedˌektˈoɲu# | *#hˌeðˌektˈoɲu# | *#hˌeðɪktˈɔ̃ɲu# | *#hˌɛːtˈɔ̃ɲə# | *#hˌɛːtˈɔ̃ɲ# {GOLD: >*} | *#hˌɛːtˈɔ̃ɲ# {GOLD: >*} | *#hɛtˈɔɲ# {GOLD: >*} | *#hɛtˈɔj# {GOLD: #hɛtˈɔj#}
118    | ... | #ˌɛkklˈeːsjɑ# | *#ˌɛkklˈesjɑ# | *#kklˈisa# | *#klˈiʃa# | *#klˈiːʃa# | *#kʎˈiːʃə# {GOLD: #kʎˈiʃə#} | *#kʎˈiːʃə# {GOLD: >*} | *#kˈiʃə# {GOLD: >*} | *#cˈiʃə# {GOLD: #kˈiʃə#}
119    | #ˌekkum# | *#ˌɛkkʊ# | *#ˌɛkku# | *#kku# | *#ku# | *#kə# | *#kə# {GOLD: >*} | *#kə# {GOLD: >*} | *#kə# {GOLD: >*} | *#kə# {GOLD: #kə#}
120    | #ˌeksˈɑːminɑ# | *#ˌɛsˈɑːmɪnɑ# | *#ˌɛsˈemenɑ# | *#sˈemɑ̃ɾ̃a# | *#ʃˈẽmɐɾ̃a# | *#ʃˈɛ̃mɐɾ̃a# | *#ʃˈɛ̃məɾ̃ə# {GOLD: >*} | *#ʃˈɛ̃məɾ̃# {GOLD: >*} | *#ʃˈɛməɾ# {GOLD: >*} | *#ʃˈɛməɾ# {GOLD: #ʃˈɛmə#}
121    | #ˌeksˌɑmputˈɑːnioː# | *#ˌɛsˌɑmpʊtˈɒːnju# | *#ˌɛsˌɑmptˈoɲu# | *#sˌamtˈoɲu# | *#ʃˌãmtˈɔ̃ɲu# | *#ʃˌãmtˈɔ̃ɲə# | *#ʃˌʌ̃mtˈɔ̃ɲ# {GOLD: >*} | *#ʃˌə̃mtˈɔ̃ɲ# {GOLD: >*} | *#ʃəmtˈɔɲ# {GOLD: >*} | *#ʃəmtˈɔj# {GOLD: #ʃəmtˈɔj#}
122    | #ˌeksˌɑnimˈɑːnioː# | *#ˌɛsˌɑnɪmˈɒːnju# | *#ˌɛsˌɑnemˈoɲu# | *#sˌɑ̃ɾ̃ɪmˈoɲu# | *#ʃˌɑ̃ɾ̃ɪ̃mˈɔ̃ɲu# | *#ʃˌɑ̃mːˈɔ̃ɲə# | *#ʃˌʌ̃mːˈɔ̃ɲ# {GOLD: >*} | *#ʃˌə̃mˈɔ̃ɲ# {GOLD: >*} | *#ʃəmˈɔɲ# {GOLD: >*} | *#ʃəmˈɔj# {GOLD: #ʃəmˈɔj#}
123    | #ˌeksˈemplum# | *#ˌɛsˈɛmplʊ# | *#ˌɛsˈɛmplu# | *#sˈɛmplu# | *#ʃˈɛ̃mplu# | *#ʃˈɛ̃mblə# | *#ʃˈɛ̃mbulˠ# {GOLD: >*} | *#ʃˈɛ̃mbulˠ# {GOLD: >*} | *#ʃˈɛmbulˠ# {GOLD: >*} | *#ʃˈɛmbulˠ# {GOLD: #ʃˈɛmbulˠ#}
124    | #ˌekshonorˈɑːnioː# | *#ˌɛsʊnʊrˈɒːnju# | *#ˌɛsunurˈoɲu# | *#sɑ̃ɾ̃urˈoɲu# | *#ʃə̃ɾ̃əɾˈɔ̃ɲu# | *#ʃə̃ndəɾˈɔ̃ɲə# | *#ʃndəɾˈɔ̃ɲ# {GOLD: >*} | *#ʃndəɾˈɔ̃ɲ# {GOLD: >*} | *#ʃndɾˈɔɲ# {GOLD: >*} | *#t͡ʃndɾˈɔj# {GOLD: #t͡ʃndɾˈɔj#}
125    | #ˌeksˈiɡnioː# | *#ˌɛsˈɪɲju# | *#ˌɛsˈeɲu# | *#sˈeɲu# | *#ʃˈẽɲu# | *#ʃˈɛ̃ɲə# | *#ʃˈɛ̃ɲ# {GOLD: #ʃˈĩj#} | *#ʃˈɛ̃ɲ# {GOLD: >*} | *#ʃˈɛɲ# {GOLD: >*} | *#ʃˈɛj# {GOLD: #ʃˈij#}
126    | #ˌekskˌɑbɑllikˈɑːnioː# | *#ˌɛskˌɑβɑllɪkˈɒːnju# | *#ˌɛskˌɑβɑlːekˈoɲu# | *#skˌawalːɪkˈoɲu# | *#ʃkəˌaːlːɪkˈɔ̃ɲu# | *#ʃkəˌaːlːəkˈɔ̃ɲə# | *#ʃkˌalːəkˈɔ̃ɲ# {GOLD: >*} | *#ʃkˌalːkˈɔ̃ɲ# {GOLD: >*} | *#ʃkalkˈɔɲ# {GOLD: >*} | *#ʃkalkˈɔj# {GOLD: #ʃkalkˈɔj#}
127    | #ˌekskˌɑlˈɑːnioː# | *#ˌɛskˌɑlˈɒːnju# | *#ˌɛskˌɑlˈoɲu# | *#skˌalˈoɲu# | *#ʃkˌalˠˈɔ̃ɲu# | *#ʃkˌalˠˈɔ̃ɲə# | *#ʃkˌalˠˈɔ̃ɲ# {GOLD: >*} | *#ʃkˌalˠˈɔ̃ɲ# {GOLD: >*} | *#ʃkalˠˈɔɲ# {GOLD: >*} | *#ʃkalˠˈɔj# {GOLD: #ʃkalˠˈɔj#}
128    | #ˌekskˌɑmbiˈɑːnioː# | *#ˌɛskˌɑmbjˈɒːnju# | *#ˌɛskˌɑmbˈojɲu# | *#skˌambˈojɲu# | *#ʃkˌãmbˈɔj̃ɲu# | *#ʃkˌãmbˈɛ̃ɲə# | *#ʃkˌʌ̃mbˈɛ̃ɲ# {GOLD: >*} | *#ʃkˌə̃mbˈɛ̃ɲ# {GOLD: >*} | *#ʃkəmbˈɛɲ# {GOLD: >*} | *#ʃkəmbˈɛj# {GOLD: #ʃkəmbˈɛj#}
129    | #ˌekskˌɑndˈeːnioː# | *#ˌɛskˌɑndˈeːnju# | *#ˌɛskˌɑndˈeɲu# | *#skˌandˈeɲu# | *#ʃkˌãndˈẽɲu# | *#ʃkˌãndˈɛ̃ɲə# | *#ʃkˌʌ̃ndˈɛ̃ɲ# {GOLD: >*} | *#ʃkˌə̃ndˈɛ̃ɲ# {GOLD: >*} | *#ʃkəndˈɛɲ# {GOLD: >*} | *#ʃkəndˈɛj# {GOLD: #ʃkəndˈɛj#}
130    | #ˌekskˌɑrdiˈɑːnioː# | *#ˌɛskˌɑrd͡ʒjˈɒːnju# | *#ˌɛskˌɑrd͡ʒjˈoɲu# | *#skˌard͡ʒˈøɲu# | *#ʃkˌaɾzˈœ̃ɲu# | *#ʃkˌaɾzˈɛ̃ɲə# | *#ʃkˌaɾzˈɛ̃ɲ# {GOLD: >*} | *#ʃkˌaɾzˈɛ̃ɲ# {GOLD: >*} | *#ʃkaɾzˈɛɲ# {GOLD: >*} | *#ʃkaɾzˈɛj# {GOLD: #ʃkaɾzˈɛj#}
131    | #ˌekskˌɑrptˈɑːnioː# | *#ˌɛskˌɑrptˈɒːnju# | *#ˌɛskˌɑrptˈoɲu# | *#skˌartˈoɲu# | *#ʃkˌaɾtˈɔ̃ɲu# | *#ʃkˌaɾtˈɔ̃ɲə# | *#ʃkˌaɾtˈɔ̃ɲ# {GOLD: >*} | *#ʃkˌaɾtˈɔ̃ɲ# {GOLD: >*} | *#ʃkaɾtˈɔɲ# {GOLD: >*} | *#ʃkaɾtˈɔj# {GOLD: #ʃkaɾtˈɔj#}
132    | #ˌekskˌɑtʰedrˈɑːnioː# | *#ˌɛskˌɑtʰɛdrˈɒːnju# | *#ˌɛskˌɑtɛdrˈoɲu# | *#skˌatɪrrˈoɲu# | *#ʃkˌatɪɾɾˈɔ̃ɲu# | *#ʃkˌatərːˈɔ̃ɲə# | *#ʃkˌatərˈɔ̃ɲ# {GOLD: >*} | *#ʃkˌatərˈɔ̃ɲ# {GOLD: >*} | *#ʃkatərˈɔɲ# {GOLD: >*} | *#ʃkatərˈɔj# {GOLD: #ʃkatərˈɔj#}
133    | #ˌekskˌɑwdikˈɑːnioː# | *#ˌɛskˌɑwdɪkˈɒːnju# | *#ˌɛskˌɑwdekˈoɲu# | *#skˌawðɪkˈoɲu# | *#ʃkˌaːðɪkˈɔ̃ɲu# | *#ʃkˌaːɡˈɔ̃ɲə# | *#ʃkˌaːɡˈɔ̃ɲ# {GOLD: >*} | *#ʃkˌaːɡˈɔ̃ɲ# {GOLD: >*} | *#ʃkaɡˈɔɲ# {GOLD: >*} | *#ʃkaɡˈɔj# {GOLD: #ʃkaɡˈɔj#}
134    | #ˌekskˈipiː# | *#ˌɛskˈipi# | *#ˌɛskˈipi# | *#scˈipɪ# | *#ʃcˈipɪ# | *#ʃcˈipə# | *#ʃcˈip# {GOLD: >*} | *#ʃcˈip# {GOLD: >*} | *#ʃcˈip# {GOLD: >*} | *#ʃcˈip# {GOLD: #ʃcˈip#}
135    | #ˌekskˈubuloː# | *#ˌɛskˈʊβʊlu# | *#ˌɛskˈuβulu# | *#skˈuulu# | *#ʃkˈulu# | *#ʃkˈuːlˠə# | *#ʃkˈuːlˠ# {GOLD: >*} | *#ʃkˈuːlˠ# {GOLD: #ʃkˈuːl#} | *#ʃkˈulˠ# {GOLD: >*} | *#ʃkˈulˠ# {GOLD: #ʃkˈul#}
136    | #ˌekskˌurtˈɑːnioː# | *#ˌɛskˌʊrtˈɒːnju# | *#ˌɛskˌurtˈoɲu# | *#skˌurtˈoɲu# | *#ʃkˌuːɾtˈɔ̃ɲu# | *#ʃkˌuːɾtˈɔ̃ɲə# | *#ʃkˌuːɾtˈɔ̃ɲ# {GOLD: >*} | *#ʃkˌuːɾtˈɔ̃ɲ# {GOLD: >*} | *#ʃkuɾtˈɔɲ# {GOLD: >*} | *#ʃkuɾtˈɔj# {GOLD: #ʃkuɾtˈɔj#}
137    | #ˌekskˈurtum# | *#ˌɛskˈʊrtʊ# | *#ˌɛskˈurtu# | *#skˈurtu# | *#ʃkˈuɾtu# | *#ʃkˈuːɾtə# | *#ʃkˈuːɾt# {GOLD: >*} | *#ʃkˈuːɾt# {GOLD: >*} | *#ʃkˈuɾt# {GOLD: >*} | *#ʃkˈuɾt# {GOLD: #ʃkˈuɾt#}
138    | ... | #ˌɛsmˈʊʎɑ# | *#ˌɛsmˈuʎɑ# | *#zmˈuʎa# | *#zmˈuʎa# | *#zmˈɔjlɛ# | *#zmˈɔjlɛ# {GOLD: >*} | *#zmˈɔjlɛ# {GOLD: >*} | *#zmˈɔjlɛ# {GOLD: >*} | *#zmˈɔjlɛ# {GOLD: #zmˈɔjlɛ#}
139    | #ˌeksˈossum# | *#ˌɛsˈʊssʊ# | *#ˌɛsˈussu# | *#sˈussu# | *#ʃˈuʃu# | *#ʃˈuːʃə# | *#ʃˈuːʃ# {GOLD: >*} | *#ʃˈuːʃ# {GOLD: >*} | *#ʃˈuʃ# {GOLD: >*} | *#ʃˈuʃ# {GOLD: #ʃˈuʃ#}
140    | #ˌekspˌediːtˈɑːnioː# | *#ˌɛspˌɛditˈɒːnju# | *#ˌɛspˌɛditˈoɲu# | *#spɪðɪtˈoɲu# | *#ʃpɪðɪtˈɔ̃ɲu# | *#ʃpətˈɔ̃ɲə# | *#ʃpətˈɔ̃ɲ# {GOLD: #ʃpətˈɔ̃ɲ#} | *#ʃpətˈɔ̃ɲ# {GOLD: >*} | *#ʃpətˈɔɲ# {GOLD: >*} | *#ʃpətˈɔj# {GOLD: #ʃpətˈɔj#}
141    | #ˌekspˌedˈiːtum# | *#ˌɛspˈɛditʊ# | *#ˌɛspˈɛditu# | *#spˈɛðɪtu# | *#ʃpˈɛjtu# | *#ʃpˈɛjtə# | *#ʃpˈɛjt# {GOLD: >*} | *#ʃpˈɛjt# {GOLD: >*} | *#ʃpˈɛjt# {GOLD: >*} | *#ʃpˈɛjt# {GOLD: #ʃpˈɛjt#}
142    | #ˌekspˌellɑwˈɑːnioː# | *#ˌɛspˌɛllˈɑwɒːnju# | *#ˌɛspˌɛlːˈɑwoɲu# | *#spˌɛlːˈawoɲu# | *#ʃpɪlːˈãːɲu# | *#ʃpəlːˈãːɲə# | *#ʃpəlːˈãːɲ# {GOLD: #ʃpəlˈãːɲ#} | *#ʃpəlːˈãːɲ# {GOLD: >*} | *#ʃpəlˈaɲ# {GOLD: >*} | *#ʃpəlˈaj# {GOLD: #ʃpəlˈaj#}
143    | #ˌekspˌerlɑwˈɑːnioː# | *#ˌɛspˌɛrlˈɑwɒːnju# | *#ˌɛspˌɛrlˈɑwoɲu# | *#spˌɛrlˈawoɲu# | *#ʃpɪɾlˈãːɲu# | *#ʃpəɾlˈãːɲə# | *#ʃpɾ̩lˈãːɲ# {GOLD: #ʃpɾ̩lˈãːɲ#} | *#ʃpɾ̩lˈãːɲ# {GOLD: >*} | *#ʃpɾ̩lˈaɲ# {GOLD: >*} | *#ʃpəɾlˈaj# {GOLD: #ʃpəɾlˈaj#}
144    | #ˌeksrˌiːmˈɑːnioː# | *#ˌɛsrˌimˈɒːnju# | *#ˌɛsrˌimˈoɲu# | *#hˌɛrˌimˈoɲu# | *#hˌɛɾə̃mˈɔ̃ɲu# | *#hˌɛɾə̃mˈɔ̃ɲə# | *#hˌɛɾə̃mˈɔ̃ɲ# {GOLD: >*} | *#hˌɛɾmˈɔ̃ɲ# {GOLD: >*} | *#hɛɾmˈɔɲ# {GOLD: >*} | *#hɛɾmˈɔj# {GOLD: #hɛɾmˈɔj#}
145    | #ˌekstˌenuˈɑːnioː# | *#ˌɛstˌɛnwˈɒːnju# | *#ˌɛstˌɛnwˈoɲu# | *#stˌɛnˈoɲu# | *#ʃtɪ̃ɾ̃ˈɔ̃ɲu# | *#ʃtə̃ɾ̃ˈɔ̃ɲə# | *#ʃtə̃ɾ̃ˈɔ̃ɲ# {GOLD: >*} | *#ʃtə̃ɾ̃ˈɔ̃ɲ# {GOLD: >*} | *#ʃtəɾˈɔɲ# {GOLD: >*} | *#ʃtəɾˈɔj# {GOLD: #ʃtəɾˈɔj#}
146    | #ˌekstrˈuːdoː# | *#ˌɛstrˈuːdu# | *#ˌɛstrˈydu# | *#strˈyðu# | *#ʃtɾˈyðu# | *#ʃtɾˈyðə# | *#ʃtɾˈyð# {GOLD: >*} | *#ʃtɾˈyð# {GOLD: >*} | *#ʃtɾˈyð# {GOLD: >*} | *#ʃtɾˈyð# {GOLD: #ʃtɾˈyð#}
147    | #ˌeksˌunɡulˈɑːnioː# | *#ˌɛsˌʊŋɡʊlˈɒːnju# | *#ˌɛsˌuŋɡulˈoɲu# | *#sˌuŋɡulˈoɲu# | *#ʃˌũŋɡulˈɔ̃ɲu# | *#ʃˌũŋɡulˠˈɔ̃ɲə# | *#ʃˌũŋɡulˠˈɔ̃ɲ# {GOLD: >*} | *#ʃˌũɲ̈ɡulˠˈɔ̃ɲ# {GOLD: >*} | *#ʃuɲ̈ɡulˠˈɔɲ# {GOLD: >*} | *#ʃuŋɡulˠˈɔj# {GOLD: #ʃuŋɡulˠˈɔj#}
148    | #ˌekswˌiɡilˈɑːnioː# | *#ˌɛswˌɪɡɪlˈɒːnju# | *#ˌɛsweɡelˈoɲu# | *#zbeɟɪlˈoɲu# | *#zbɪɟɪlˈɔ̃ɲu# | *#zbɟəlˠˈɔ̃ɲə# | *#zɟəlˠˈɔ̃ɲ# {GOLD: >*} | *#zɟəlˠˈɔ̃ɲ# {GOLD: >*} | *#zɟəlˠˈɔɲ# {GOLD: >*} | *#zɟəlˠˈɔj# {GOLD: #zɟˈɔj#}
149    | ... | #ˌɛlˈɛɡiːɑ# | *#ˌɛlˈɛɡijɑ# | *#lˈiɟia# | *#lˈiɟja# | *#lˈiɟja# | *#lˈiɟɛ# {GOLD: >*} | *#lˈiɟɛ# {GOLD: >*} | *#lˈiɟɛ# {GOLD: >*} | *#lˈiɟɛ# {GOLD: #lˈiɟɛ#}
150    | ... | ... | #ˌɛpˌeskˈɔpu# | *#pˌeskˈɔpu# | *#pˌɛːʃkˈɔpu# | *#pˌɛːʃkˈɔpə# | *#pˌɛːʃkˈɔp# {GOLD: >*} | *#pˌɛːʃkˈɔp# {GOLD: >*} | *#pɛʃkˈɔp# {GOLD: >*} | *#pɛʃkˈɔp# {GOLD: #pɛʃkˈɔp#}
151    | ... | #ˌɛpˈɪskopu# | *#ˌɛpˈeskopu# | *#pˈeskopu# | *#pˈeʃkɔpu# | *#pˈɛːʃkəpə# | *#pˈɛːʃkəp# {GOLD: >*} | *#pˈɛːʃkəp# {GOLD: >*} | *#pˈɛʃkəp# {GOLD: >*} | *#pˈɛʃkəp# {GOLD: #pˈɛʃkəp#}
152    | ... | ... | ... | #wˌʊpˈeskʊpʊ# | *#wˌʊpˈeʃkpə# | *#wˌʊpˈɛːʃkpə# | *#ˌupˈɛːʃp# {GOLD: >*} | *#ˌupˈɛːʃp# {GOLD: >*} | *#upˈɛʃp# {GOLD: >*} | *#upˈɛʃp# {GOLD: #upˈɛʃk#}
153    | ... | #ˌɛpˌɪskopˈiːɑ# | *#ˌɛpˌeskopˈijɑ# | *#pˌeskopˈia# | *#pɪʃkəpˈia# | *#pəʃkəpˈia# | *#pəʃkəpˈiː# {GOLD: >*} | *#pəʃkəpˈiː# {GOLD: >*} | *#pəʃkəpˈi# {GOLD: >*} | *#pəʃkəpˈi# {GOLD: #pɛʃkəpˈi#}
154    | #ˌeːrˌɑːdikˈɑːnioː# | *#ˌeːrˌɑːdɪkˈɒːnju# | *#ˌerˌɑdekˈoɲu# | *#rːˌaðɪkˈoɲu# | *#rːˌaðɪkˈɔ̃ɲu# | *#rːˌaɡˈɔ̃ɲə# | *#rəɡˈɔ̃ɲ# {GOLD: >*} | *#rəɡˈɔ̃ɲ# {GOLD: >*} | *#riɡˈɔɲ# {GOLD: >*} | *#riɡˈɔj# {GOLD: #rəɟˈɔj#}
155    | ... | #ˌɛremˈitu# | *#ˌɛremˈitu# | *#rːɪmˈitu# | *#rːə̃mˈitu# | *#rːə̃mˈitə# | *#rə̃mˈit# {GOLD: #rˌɛ̃mˈit#} | *#rə̃mˈit# {GOLD: >*} | *#rəmˈit# {GOLD: >*} | *#rəmˈit# {GOLD: #rəmˈit#}
156    | #ˌeːrˈiːkium# | *#ˈeːrikjʊ# | *#ˈerikju# | *#ˈirɪcju# | *#ˈiɾɪcju# | *#ˈiːɾicjə# | *#ˈiːɾic# {GOLD: >*} | *#ˈiːɾic# {GOLD: >*} | *#ˈiɾic# {GOLD: >*} | *#ˈiɾic# {GOLD: #ˈiɾic#}
157    | #rˌewˈiliɑ# | *#rˌɛwˈiʎɑ# | *#rɛˈyːjlɑ# | *#rːɪˈyːla# | *#rːɪˈyːla# | *#rːəˈyːlˠa# | *#rˈyːlˠə# {GOLD: >*} | *#rˈyːlˠə# {GOLD: >*} | *#rˈylˠə# {GOLD: >*} | *#rˈylˠə# {GOLD: #rˈylˠə#}
158    | #ˈeːskɑm# | *#ˈeːskɑ# | *#ˈeskɑ# | *#ˈeska# | *#ˈeʃka# | *#ˈɛːʃka# | *#ˈɛːʃkə# {GOLD: >*} | *#ˈɛːʃkə# {GOLD: >*} | *#ˈɛʃkə# {GOLD: >*} | *#ˈɛʃkə# {GOLD: #ˈɛʃkə#}
159    | ... | #ˌeːwɑnɡˈɛʎu# | *#ˌewɑnɡˈɛjlu# | *#wanɟˈilu# | *#wə̃nɟˈilu# | *#wə̃nɟˈiːlˠə# | *#ũɲɟˈiːlˠ# {GOLD: >*} | *#ũɲɟˈiːlˠ# {GOLD: >*} | *#uɲɟˈilˠ# {GOLD: >*} | *#uɲɟˈilˠ# {GOLD: #uɲɟˈilˠ#}
160    | ... | #ˌeːwɪʎˈɒːɲu# | *#ˌyːˈoe̯jɲu# | *#ˌyːˈoe̯jɲu# | *#əˈœːj̃ɲu# | *#əˈye̯j̃ɲə# | *#ˈyːe̯j̃ɲ# {GOLD: >*} | *#ˈyːe̯j̃ɲ# {GOLD: >*} | *#ˈye̯jɲ# {GOLD: >*} | *#ˈye̯j# {GOLD: #ˈye̯j#}
161    | #fˈɑbrikɑ# | *#fˈɑβrɪkɑ# | *#fˈɑːrkɑ# | *#fˈaːrka# | *#fˈaːɾka# | *#fˈaːɾka# | *#fˈaːɾkə# {GOLD: #fˈaːɾkə#} | *#fˈaːɾkə# {GOLD: #fˈaːɾkə#} | *#fˈaɾkə# {GOLD: >*} | *#fˈaɾkə# {GOLD: #fˈaɾkə#}
162    | #fˌɑbrikˈɑːnioː# | *#fˌɑβrɪkˈɒːnju# | *#fˌɑːrkˈoɲu# | *#fˌaːrkˈoɲu# | *#fˌaːɾkˈɔ̃ɲu# | *#fˌaːɾkˈɔ̃ɲə# | *#fˌaːɾkˈɔ̃ɲ# {GOLD: >*} | *#fˌaːɾkˈɔ̃ɲ# {GOLD: >*} | *#faɾkˈɔɲ# {GOLD: >*} | *#faɾkˈɔj# {GOLD: #faɾkˈɔj#}
163    | #fˈɑːɡum# | *#fˈɑːɡʊ# | *#fˈɑɡu# | *#fˈaɡu# | *#fˈaɡu# | *#fˈaɡə# | *#fˈaɡ# {GOLD: >*} | *#fˈaɡ# {GOLD: >*} | *#fˈaɡ# {GOLD: >*} | *#fˈaɡ# {GOLD: #fˈaɡ#}
164    | #fˌɑlliˈeːnioː# | *#fˌɑʎˈeːnju# | *#fˌɑʎˈeɲu# | *#fˌaʎˈeɲu# | *#fˌɐʎˈẽɲu# | *#fˌɐʎˈɛ̃ɲə# | *#fˌəʎˈɛ̃ɲ# {GOLD: >*} | *#fˌəʎˈɛ̃ɲ# {GOLD: #fəʎˈɛ̃ɲ#} | *#fjˈɛɲ# {GOLD: #fəjˈɛɲ#} | *#fjˈɛj# {GOLD: #fjˈɛj#}
165    | #fˌɑllˈeːnioː# | *#fˌɑllˈeːnju# | *#fˌɑlːˈeɲu# | *#fˌalːˈeɲu# | *#fəlːˈẽɲu# | *#fəlːˈɛ̃ɲə# | *#fəlːˈɛ̃ɲ# {GOLD: >*} | *#fəlːˈɛ̃ɲ# {GOLD: #fəlˈɛ̃ɲ#} | *#flˈɛɲ# {GOLD: >*} | *#flˈɛj# {GOLD: #flˈɛj#}
166    | #fˈɑllium# | *#fˈɑʎʊ# | *#fˈɑʎu# | *#fˈaʎu# | *#fˈaʎu# | *#fˈaːʎə# | *#fˈaːʎ# {GOLD: >*} | *#fˈaːʎ# {GOLD: >*} | *#fˈaj# {GOLD: >*} | *#fˈaj# {GOLD: #fˈaj#}
167    | ... | #fˌɑʎˈɒːɲu# | *#fˌɑˈoe̯ɲu# | *#fˌaˈoe̯ɲu# | *#fəˈœ̃ːɲu# | *#fəˈỹe̯ɲə# | *#fˈỹːe̯ɲ# {GOLD: >*} | *#fˈỹːe̯ɲ# {GOLD: >*} | *#fˈye̯ɲ# {GOLD: >*} | *#fˈye̯j# {GOLD: #fˈye̯j#}
168    | #fˌɑlkˈiːneɑ# | *#fˌɑlkˈinjɑ# | *#fˌɑlkˈiɲɑ# | *#fˌalcˈiɲa# | *#fəlcˈĩɲa# | *#fəlcˈĩɲa# | *#fl̩cˈĩɲə# {GOLD: #fəʎcˈĩɲə#} | *#fl̩cˈĩɲə# {GOLD: >*} | *#fl̩cˈiɲə# {GOLD: >*} | *#fəlcˈiɲə# {GOLD: #fəlcˈiɲə#}
169    | #fˌɑlkˈoːnem# | *#fˌɑlkˈɒːnɛ# | *#fˌɑlkˈonɛ# | *#fˌalkˈonɪ# | *#fˌaːlkˈɔ̃ɾ̃ɪ# | *#fˌaːlkˈũo̯ɾ̃ə# | *#fˌaːʎkˈũo̯# {GOLD: #faʎkˈuo̯#} | *#fˌaːʎkˈũa̯# {GOLD: >*} | *#fajkˈua̯# {GOLD: >*} | *#fajkˈua̯# {GOLD: #fajkˈua̯#}
170    | #fˈɑkieːs# | *#fˈɑkjeː# | *#fˈɑkje# | *#fˈacje# | *#fˈacje# | *#fˈacjɛ# | *#fˈacɛ# {GOLD: >*} | *#fˈacɛ# {GOLD: >*} | *#fˈacɛ# {GOLD: >*} | *#fˈacɛ# {GOLD: #fˈacɛ#}
171    | #fˌɑktˈuːrɑm# | *#fˌɑktˈuːrɑ# | *#fˌɑçtˈyrɑ# | *#fˌajtˈyra# | *#fˌajtˈyɾa# | *#fˌajtˈyːɾa# | *#fˌajtˈyːɾə# {GOLD: #fətˈyɾə#} | *#fˌajtˈyːɾə# {GOLD: >*} | *#fajtˈyɾə# {GOLD: >*} | *#fajtˈyɾə# {GOLD: #fytˈyɾə#}
172    | #fˈɑːmɑ# | *#fˈɑːmɑ# | *#fˈɑmɑ# | *#fˈama# | *#fˈãma# | *#fˈama# | *#fˈamə# {GOLD: >*} | *#fˈamə# {GOLD: >*} | *#fˈamə# {GOLD: >*} | *#fˈamə# {GOLD: #fˈamə#}
173    | #fˌɑmˈiliɑm# | *#fˌɑmˈiʎɑ# | *#fˌɑmˈiʎɑ# | *#fˌamˈiʎa# | *#fˌãmˈiʎa# | *#fˌãmˈiːʎa# | *#fˌʌ̃mˈiːʎə# {GOLD: #fəmˈiʎə#} | *#fˌə̃mˈiːʎə# {GOLD: >*} | *#fəmˈijə# {GOLD: >*} | *#fəmˈijə# {GOLD: #fəmˈijə#}
174    | #fˈɑmulum# | *#fˈɑmʊlʊ# | *#fˈɑmulu# | *#fˈamulu# | *#fˈãmulu# | *#fˈamulˠə# | *#fˈamulˠ# {GOLD: >*} | *#fˈamulˠ# {GOLD: >*} | *#fˈamulˠ# {GOLD: >*} | *#fˈamulˠ# {GOLD: #fˈamulˠ#}
175    | ... | ... | #fˈɑnɡo# | *#fˈanɡo# | *#fˈãnɡɔ# | *#fˈãnɡə# | *#fˈʌ̃ŋɡ# {GOLD: #fˈãnɡ#} | *#fˈə̃ɲ̈ɡ# {GOLD: >*} | *#fˈəɲ̈ɡ# {GOLD: >*} | *#fˈəŋɡ# {GOLD: #fˈəŋɡ#}
176    | #fˌɑːrinˈɑːnioː# | *#fˌɑːrɪnˈɒːnju# | *#fˌɑrenˈoɲu# | *#fˌarɑ̃ɾ̃ˈoɲu# | *#fəɾə̃ɾ̃ˈɔ̃ɲu# | *#fərːˈɔ̃ɲə# | *#fərˈɔ̃ɲ# {GOLD: >*} | *#fərˈɔ̃ɲ# {GOLD: >*} | *#fərˈɔɲ# {GOLD: >*} | *#fərˈɔj# {GOLD: #fərˈɔj#}
177    | #fˌɑːrinˈɑːtɑ# | *#fˌɑːrɪnˈɑːtɑ# | *#fˌɑrenˈɑtɑ# | *#fˌarɑ̃ɾ̃ˈata# | *#fəɾə̃ɾ̃ˈata# | *#fərːˈata# | *#fərˈatə# {GOLD: >*} | *#fərˈatə# {GOLD: >*} | *#fərˈatə# {GOLD: >*} | *#fərˈatə# {GOLD: #fərˈatə#}
178    | #fˈɑrmɑkum# | *#fˈɑrmɑkʊ# | *#fˈɑrmɑku# | *#fˈarmaku# | *#fˈaɾmɐku# | *#fˈaːɾmɐkə# | *#fˈaːɾmək# {GOLD: #fˈaɾmək#} | *#fˈaːɾmək# {GOLD: >*} | *#fˈaɾmək# {GOLD: #fˈaɾmək#} | *#fˈaɾmək# {GOLD: #fˈaɾmək#}
179    | #fˈɑskiɑm# | *#fˈɑskjɑ# | *#fˈɑskjɑ# | *#fˈasca# | *#fˈaʃca# | *#fˈaːʃca# | *#fˈaːʃcə# {GOLD: >*} | *#fˈaːʃcə# {GOLD: >*} | *#fˈaʃcə# {GOLD: >*} | *#fˈaʃcə# {GOLD: #fˈaʃcə#}
180    | #fˌiːleːˈolɑm# | *#fˌiʎˈɒlɑ# | *#fˌiʎˈolɑ# | *#fˌiðjˈola# | *#fɪʎˈɔla# | *#fəʎˈɔːlˠa# | *#fəʎˈɔːlˠə# {GOLD: >*} | *#fəʎˈɔːlˠə# {GOLD: >*} | *#fjˈɔlˠə# {GOLD: >*} | *#fjˈɔlˠə# {GOLD: #fjˈɔlˠə#}
181    | #fˈɑːtum# | *#fˈɑːtʊ# | *#fˈɑtu# | *#fˈatu# | *#fˈatu# | *#fˈatə# | *#fˈat# {GOLD: >*} | *#fˈat# {GOLD: >*} | *#fˈat# {GOLD: >*} | *#fˈat# {GOLD: #fˈat#}
182    | #fˌɑwˈɑliɑm# | *#fˈɑwɑʎɑ# | *#fˈɑwɑʎɑ# | *#fˈawaʎa# | *#fˈaːɐʎa# | *#fˈaːɐʎa# | *#fˈɛːlːə# {GOLD: >*} | *#fˈɛːlːə# {GOLD: >*} | *#fˈɛlə# {GOLD: >*} | *#fˈɛlə# {GOLD: #fˈɛlə#}
183    | #fˌebrˈɑːrium# | *#fˌɛβrˈɒːrjʊ# | *#fˌɛβrˈorju# | *#fˌɛwrˈoru# | *#fˌɛːɾˈɔɾu# | *#fˌɛːɾˈuo̯ɾə# | *#fˌɛːɾˈuo̯ɾ# {GOLD: #fəɾˈuo̯ɾ#} | *#fˌɛːɾˈua̯ɾ# {GOLD: ...} | ... {GOLD: ...} | ... {GOLD: ...}
184    | #fˈeːminɑm# | *#fˈeːmɪnɑ# | *#fˈemenɑ# | *#fˈemɑ̃ɾ̃a# | *#fˈẽmɐɾ̃a# | *#fˈɛ̃mɐɾ̃a# | *#fˈɛ̃məɾ̃ə# {GOLD: #fˈɛ̃məɾ̃ə#} | *#fˈɛ̃məɾ̃# {GOLD: >*} | *#fˈɛməɾ# {GOLD: >*} | *#fˈɛməɾ# {GOLD: #fˈɛməɾ#}
185    | #fˌenˈestrɑm# | *#fˌɛnˈɛstrɑ# | *#fˌɛnˈɛstrɑ# | *#fˌɛnˈɛstra# | *#fɪ̃ɾ̃ˈɛːʃtɾa# | *#fə̃ɾ̃ˈie̯ʃtɾa# | *#fə̃ɲˈɛʃtɾ̩# {GOLD: >*} | *#fə̃ɲˈɛʃtɾ̩# {GOLD: >*} | *#fəɲˈɛʃtɾ̩# {GOLD: >*} | *#fəɲˈɛʃtəɾ# {GOLD: #fəɲˈɛʃtəɾ#}
186    | #fˌerrˈuskɑm# | *#fˌɛrrˈʊskɑ# | *#fˌɛrrˈuskɑ# | *#fˌɛrrˈuska# | *#fɪɾɾˈuʃka# | *#fərːˈuːʃka# | *#fɾˈuːʃkə# {GOLD: >*} | *#fɾˈuːʃkə# {GOLD: >*} | *#fɾˈuʃkə# {GOLD: >*} | *#fɾˈuʃkə# {GOLD: #fɾˈuʃkə#}
187    | ... | ... | ... | ... | ... | ... | ... {GOLD: ...} | #fˈɛː# {GOLD: #fˈɛː#} | *#fˈɛ# {GOLD: >*} | *#fˈɛ# {GOLD: #fˈɛ#}
188    | #fˌidˈɑːnioː# | *#fˌɪdˈɒːnju# | *#fˌedˈoɲu# | *#fɪðˈoɲu# | *#fjˈɔ̃ɲu# | *#fjˈɔ̃ɲə# | *#fjˈɔ̃ɲ# {GOLD: >*} | *#fjˈɔ̃ɲ# {GOLD: >*} | *#fjˈɔɲ# {GOLD: >*} | *#fjˈɔj# {GOLD: #fɛjˈɔj#}
189    | #fˈiːkum# | *#fˈikʊ# | *#fˈiku# | *#fˈiku# | *#fˈiku# | *#fˈikə# | *#fˈik# {GOLD: >*} | *#fˈik# {GOLD: >*} | *#fˈik# {GOLD: >*} | *#fˈik# {GOLD: #fˈik#}
190    | #fˌiːliˈɑːnum# | *#fˌiʎˈɑːnʊ# | *#fˌiʎˈɑnu# | *#fˌiʎˈanu# | *#fɪʎˈãɾ̃u# | *#fəʎˈanːə# | *#fəʎˈanː# {GOLD: #fˌiʎˈɑ̃ɾ̃#} | *#fəʎˈan# {GOLD: ...} | ... {GOLD: ...} | ... {GOLD: ...}
191    | #fˈilikɑm# | *#fˈɪlɪkɑ# | *#fˈelekɑ# | *#fˈelɪka# | *#fˈelɪka# | *#fˈɛːlka# | *#fˈɛːʎkə# {GOLD: >*} | *#fˈɛːʎkə# {GOLD: >*} | *#fˈɛjkə# {GOLD: >*} | *#fˈɛjkə# {GOLD: #fˈɛjkə#}
192    | #fˌiliˈɑster# | *#fˌɪʎˈɑstɛr# | *#fˌeʎˈɑstɛr# | *#fˌeʎˈestɪr# | *#fɪʎˈeʃtɪɾ# | *#fəʎˈɛːʃtəɾ# | *#fəʎˈɛːʃtɾ̩# {GOLD: >*} | *#fəʎˈɛːʃtɾ̩# {GOLD: #fjˈɛʃtɾ̩#} | *#fjˈɛʃtɾ̩# {GOLD: >*} | *#fjˈɛʃtəɾ# {GOLD: #fjˈɛʃtəɾ#}
193    | #fˌilikˈeːtum# | *#fˌɪlɪkˈeːtʊ# | *#fˌelekˈetu# | *#fˌulːɪcˈetu# | *#fˌulːɪcˈetu# | *#fˌulːəcˈɛtə# | *#fˌulːəcˈɛt# {GOLD: >*} | *#fˌulːcˈɛt# {GOLD: >*} | *#fulcˈɛt# {GOLD: >*} | *#fulcˈɛt# {GOLD: #fulcˈɛt#}
194    | #fˈiːlum# | *#fˈilʊ# | *#fˈilu# | *#fˈilu# | *#fˈilu# | *#fˈiːlˠə# | *#fˈiːlˠ# {GOLD: >*} | *#fˈiːlˠ# {GOLD: >*} | *#fˈilˠ# {GOLD: >*} | *#fˈilˠ# {GOLD: #fˈilˠ#}
195    | #fˌiriɡilˈiːnum# | *#fˌɪrɪɡɪlˈinʊ# | *#fˌirɡelˈinu# | *#fˌirɡlˈinu# | *#fəɾɡlˈĩnu# | *#fəɾɡlˈĩːnə# | *#fəlˈĩː# {GOLD: #fɾ̩lˈĩː#} | *#fəlˈĩː# {GOLD: >*} | *#flˈi# {GOLD: >*} | *#flˈi# {GOLD: #flˈi#}
196    | #fˌissˈikulɑ# | *#fˌɪssˈikʊlɑ# | *#fˌessˈikulɑ# | *#fɪssˈikula# | *#fɪʃˈikula# | *#fʃˈikulˠə# | *#fʃˈikulˠ# {GOLD: >*} | *#fʃˈikulˠ# {GOLD: >*} | *#fʃˈikulˠ# {GOLD: >*} | *#fʃˈikulˠ# {GOLD: #fʃˈikulˠ#}
197    | #fˌistulˈɑːnioː# | *#fˌɪstʊlˈɒːnju# | *#fˌestulˈoɲu# | *#fɪstulˈoɲu# | *#fˌiːʃtulˈɔ̃ɲu# | *#fˌiːʃtulˠˈɔ̃ɲə# | *#fˌiːʃtəlˠˈɔ̃ɲ# {GOLD: >*} | *#fˌiːʃtəlˠˈɔ̃ɲ# {GOLD: >*} | *#fiʃtəlˠˈɔɲ# {GOLD: >*} | *#fiʃtəlˠˈɔj# {GOLD: #fiʃkəlˠˈɔj#}
198    | #flˈɑkulɑ# | *#flˈɑkʊlɑ# | *#flˈɑkulɑ# | *#flˈakula# | *#flˈakula# | *#flˈakulˠə# | *#flˈakulˠ# {GOLD: >*} | *#flˈakulˠ# {GOLD: >*} | *#flˈakulˠ# {GOLD: >*} | *#flˈakulˠ# {GOLD: #flˈakə#}
199    | #flˈɑkulɑ# | *#flˈɑkʊlɑ# | *#flˈɑkulɑ# | *#flˈakula# | *#flˈakula# | *#flˈakulˠə# | *#flˈakulˠ# {GOLD: #flˈakəɾ̃a#} | *#flˈakulˠ# {GOLD: >*} | *#flˈakulˠ# {GOLD: >*} | *#flˈakulˠ# {GOLD: #flˈakəɾa#}
200    | #flˈɑːminɑ# | *#flˈɑːmɪnjɑ# | *#flˈɑmeɲɑ# | *#flˈamɪɲa# | *#flˈãmɲa# | *#flˈamːa# | *#flˈamːə# {GOLD: >*} | *#flˈamə# {GOLD: >*} | *#flˈamə# {GOLD: >*} | *#flˈamə# {GOLD: #flˈamə#}
201    | ... | #flˈɑskɑ# | *#flˈɑskɑ# | *#flˈaska# | *#flˈaʃka# | *#flˈaːʃka# | *#flˈaːʃkə# {GOLD: >*} | *#flˈaːʃkə# {GOLD: >*} | *#flˈaʃkə# {GOLD: >*} | *#flˈaʃkə# {GOLD: #flˈaʃkə#}
202    | #flˈokkum# | *#flˈɒkkʊ# | *#flˈokku# | *#flˈokku# | *#flˈɔku# | *#flˈɔkə# | *#flˈɔk# {GOLD: >*} | *#flˈɔk# {GOLD: >*} | *#flˈɔk# {GOLD: >*} | *#flˈɔk# {GOLD: #flˈɔk#}
203    | #flˌorˈiːnum# | *#flˌɒrˈinʊ# | *#flˌorˈinu# | *#flˌorˈinu# | *#flˌɔɾˈĩnu# | *#flˌɔɾˈĩːnə# | *#flˌɔɾˈĩː# {GOLD: #flɔɾˈĩː#} | *#flˌɔɾˈĩː# {GOLD: >*} | *#flɔɾˈi# {GOLD: >*} | *#flɔɾˈi# {GOLD: #flɔɾˈi#}
204    | #flˌuktulˈɑːnioː# | *#flˌʊktʊlˈɒːnju# | *#flˌuktulˈoɲu# | *#flˌuktulˈoɲu# | *#flˌuktulˈɔ̃ɲu# | *#flˌutulˠˈɔ̃ɲə# | *#flˌutulˠˈɔ̃ɲ# {GOLD: >*} | *#flˌutulˠˈɔ̃ɲ# {GOLD: >*} | *#flutulˠˈɔɲ# {GOLD: >*} | *#flutulˠˈɔj# {GOLD: #flutuɾˈɔj#}
205    | #fˌoliˈɑːtɑm# | *#fˌʊʎˈɑːtɑ# | *#fˌuʎˈɑtɑ# | *#fˌuʎˈata# | *#fˌuʎˈata# | *#fˌɔjlˈɛta# | *#fˌɔjlˈɛtə# {GOLD: >*} | *#fˌɔjlˈɛtə# {GOLD: >*} | *#fɔjlˈɛtə# {GOLD: >*} | *#fɔjlˈɛtə# {GOLD: #fɔjlˈɛtə#}
206    | #fˌoːrmˈellɑm# | *#fˌurmˈɛllɑ# | *#fˌurmˈɛlːɑ# | *#fˌurmˈɛlːa# | *#fˌuɾmˈɛlːa# | *#fˌuɾmˈɛːlːa# | *#fˌuɾmˈɛːlːə# {GOLD: >*} | *#fˌuɾmˈɛːlːə# {GOLD: >*} | *#fuɾmˈɛlə# {GOLD: >*} | *#fuɾmˈɛlə# {GOLD: #fˈɔɾbəl#}
207    | #fˈornikem# | *#fˈʊrnɪkɛ# | *#fˈurnekɛ# | *#fˈurnɪcɪ# | *#fˈuɾnɪcɪ# | *#fˈuːrːicə# | *#fˈuːric# {GOLD: #fˈuric#} | *#fˈuːric# {GOLD: >*} | *#fˈuric# {GOLD: >*} | *#fˈuric# {GOLD: #fˈuric#}
208    | #fˌornikˈiːɑ# | *#fˌʊrnɪkˈiɑ# | *#fˌurnekˈijɑ# | *#fˌurnɪcˈija# | *#fˌuɾnɪcˈija# | *#fˌurːicˈija# | *#fˌuricˈiː# {GOLD: #fˌurəcˈiː#} | *#fˌuricˈiː# {GOLD: ...} | ... {GOLD: ...} | ... {GOLD: ...}
209    | #fˈortem# | *#fˈɒrtɛ# | *#fˈortɛ# | *#fˈortɪ# | *#fˈɔɾtɪ# | *#fˈɔːɾtə# | *#fˈɔːɾt# {GOLD: >*} | *#fˈɔːɾt# {GOLD: >*} | *#fˈɔɾt# {GOLD: >*} | *#fˈɔɾt# {GOLD: #fˈɔɾt#}
210    | #fˌortˈuːnɑm# | *#fˌʊrtˈuːnɑ# | *#fˌurtˈynɑ# | *#fˌurtˈuna# | *#fˌuɾtˈũna# | *#fˌuɾtˈũna# | *#fˌuɾtˈũnə# {GOLD: >*} | *#fˌuɾtˈũnə# {GOLD: >*} | *#fuɾtˈunə# {GOLD: >*} | *#fuɾtˈunə# {GOLD: #fuɾtˈunə#}
211    | #fˈossɑ# | *#fˈʊssɑ# | *#fˈussɑ# | *#fˈussa# | *#fˈuʃa# | *#fˈuːʃa# | *#fˈuːʃə# {GOLD: >*} | *#fˈuːʃə# {GOLD: >*} | *#fˈuʃə# {GOLD: >*} | *#fˈuʃə# {GOLD: #fˈuʃə#}
212    | #fˌossˈɑːtum# | *#fˌʊssˈɑːtʊ# | *#fˌussˈɑtu# | *#fˌussˈatu# | *#fˌuʃˈatu# | *#fʃˈatə# | *#fʃˈat# {GOLD: >*} | *#fʃˈat# {GOLD: >*} | *#fʃˈat# {GOLD: >*} | *#fʃˈat# {GOLD: #fʃˈat#}
213    | #frˈɑksinum# | *#frˈɑksɪnʊ# | *#frˈɑksenu# | *#frˈaksɑ̃ɾ̃u# | *#fɾˈakʃɐɾ̃u# | *#fɾˈaːʃɐɾ̃ə# | *#fɾˈaːʃəɾ̃# {GOLD: >*} | *#fɾˈaːʃəɾ̃# {GOLD: >*} | *#fɾˈaʃəɾ# {GOLD: >*} | *#fɾˈaʃəɾ# {GOLD: #fɾˈaʃəɾ#}
214    | ... | ... | ... | #frˈɑnku# | *#fɾˈɑ̃nku# | *#fɾˈɑ̃nɡə# | *#fɾˈʌ̃ŋɡ# {GOLD: >*} | *#fɾˈə̃ɲ̈ɡ# {GOLD: >*} | *#fɾˈəɲ̈ɡ# {GOLD: >*} | *#fɾˈəŋɡ# {GOLD: #fɾˈəŋɡ#}
215    | ... | ... | ... | #frˌɑnkˈiɑ# | *#fɾˌɑ̃ncˈiɑ# | *#fɾˌɑ̃ncˈiɑ# | *#fɾˌʌ̃ɲɟˈiː# {GOLD: >*} | *#fɾˌə̃ɲɟˈiː# {GOLD: >*} | *#fɾəɲɟˈi# {GOLD: >*} | *#fɾəɲɟˈi# {GOLD: #fɾəɲɟˈi#}
216    | #frˈeːnɑ# | *#frˈeːnɑ# | *#frˈenɑ# | *#frˈena# | *#fɾˈẽɾ̃a# | *#fɾˈɛ̃ɾ̃a# | *#fɾˈɛ̃ɾ̃ə# {GOLD: #fɾˈɛ̃ɾə#} | *#fɾˈɛ̃ɾ̃ə# {GOLD: >*} | *#fɾˈɛɾə# {GOLD: >*} | *#fɾˈɛɾə# {GOLD: #fɾˈɛɾə#}
217    | #frˈeːnum# | *#frˈeːnʊ# | *#frˈenu# | *#frˈenu# | *#fɾˈẽɾ̃u# | *#fɾˈɛ̃ːɾ̃ə# | *#fɾˈɛ̃ː# {GOLD: #fɾˈɛ̃ː#} | *#fɾˈɛ̃ː# {GOLD: >*} | *#fɾˈɛ# {GOLD: >*} | *#fɾˈɛ# {GOLD: #fɾˈɛ#}
218    | #frˌiːɡˈonioː# | *#frˌiɡˈɒnju# | *#frˌiɡˈoɲu# | *#frˌiɡˈoɲu# | *#fɾˌiɡˈɔ̃ɲu# | *#fɾˌiɡˈɔ̃ɲə# | *#fɾ̩ɡˈɔ̃ɲ# {GOLD: >*} | *#fɾ̩ɡˈɔ̃ɲ# {GOLD: >*} | *#fɾ̩ɡˈɔɲ# {GOLD: >*} | *#fəɾɡˈɔj# {GOLD: #fəɾɡˈɔj#}
219    | #frˌiːɡulˈɑːnioː# | *#frˌiɡʊlˈɒːnju# | *#frˌiɡulˈoɲu# | *#frˌiɡulˈoɲu# | *#fɾˌiɡulˈɔ̃ɲu# | *#fɾˌiɡulˠˈɔ̃ɲə# | *#fɾ̩ɡəlˠˈɔ̃ɲ# {GOLD: >*} | *#fɾ̩ɡəlˠˈɔ̃ɲ# {GOLD: >*} | *#fɾ̩ɡəlˠˈɔɲ# {GOLD: >*} | *#fəɾɡəlˠˈɔj# {GOLD: #fəɾɡəlˠˈɔj#}
220    | #frˌikˈɑːnioː# | *#frˌɪkˈɒːnju# | *#frˌikˈoɲu# | *#frˌikˈoɲu# | *#fɾˌikˈɔ̃ɲu# | *#fɾˌikˈɔ̃ɲə# | *#fɾ̩kˈɔ̃ɲ# {GOLD: >*} | *#fɾ̩kˈɔ̃ɲ# {GOLD: >*} | *#fɾ̩kˈɔɲ# {GOLD: >*} | *#fəɾkˈɔj# {GOLD: #fəɾkˈɔj#}
221    | #flˌiktˈɑːriɑm# | *#flˌɪktˈɑːrjɑ# | *#flˌektˈɑrjɑ# | *#flˌektˈerja# | *#flˌektˈeɾja# | *#flˠˌɛtˈɛːɾja# | *#flˠˌɛtˈɛːɾɛ# {GOLD: #fɾ̩tˈɛɾɛ#} | *#flˠˌɛtˈɛːɾɛ# {GOLD: >*} | *#flˠɛtˈɛɾɛ# {GOLD: >*} | *#flˠɛtˈɛɾɛ# {GOLD: #fultˈɛɾɛ#}
222    | #frˈuːktum# | *#frˈuːktʊ# | *#frˈyçtu# | *#frˈytu# | *#fɾˈytu# | *#fɾˈytə# | *#fɾˈyt# {GOLD: >*} | *#fɾˈyt# {GOLD: >*} | *#fɾˈyt# {GOLD: >*} | *#fɾˈyt# {GOLD: #fɾˈyt#}
223    | #fˌulkˈiːɑ# | *#fˌʊlkˈiɑ# | *#fˌulkˈijɑ# | *#fˌulcˈija# | *#fˌulcˈija# | *#fˌulcˈija# | *#fˌult͡ʃˈiː# {GOLD: >*} | *#fˌult͡ʃˈiː# {GOLD: >*} | *#fult͡ʃˈi# {GOLD: >*} | *#fult͡ʃˈi# {GOLD: #fucˈi#}
224    | ... | #fˌonnˈɑːrju# | *#fˌonːˈɑrju# | *#fˌonːˈeru# | *#fˌɔ̃nːˈeɾu# | *#fˌɔ̃nːˈɛːɾə# | *#fˌɔ̃nːˈɛːɾ# {GOLD: >*} | *#fˌɔ̃nˈɛːɾ# {GOLD: >*} | *#fɔnˈɛɾ# {GOLD: >*} | *#fɔnˈɛɾ# {GOLD: #fənˈɛɾ#}
225    | #fˈundum# | *#fˈʊndʊ# | *#fˈundu# | *#fˈundu# | *#fˈũndu# | *#fˈũndə# | *#fˈũnd# {GOLD: >*} | *#fˈũnd# {GOLD: #fˈũnd#} | *#fˈund# {GOLD: >*} | *#fˈund# {GOLD: #fˈund#}
226    | #fˈurkɑm# | *#fˈʊrkɑ# | *#fˈurkɑ# | *#fˈurka# | *#fˈuɾka# | *#fˈuːɾka# | *#fˈuːɾkə# {GOLD: >*} | *#fˈuːɾkə# {GOLD: >*} | *#fˈuɾkə# {GOLD: >*} | *#fˈuɾkə# {GOLD: #fˈuɾkə#}
227    | #fˈurnum# | *#fˈʊrnʊ# | *#fˈurnu# | *#fˈurnu# | *#fˈuɾnu# | *#fˈuːrːə# | *#fˈuːr# {GOLD: >*} | *#fˈuːr# {GOLD: >*} | *#fˈur# {GOLD: >*} | *#fˈur# {GOLD: #fˈur#}
228    | #fˈuskinɑm# | *#fˈʊskɪnjɑ# | *#fˈuskeɲɑ# | *#fˈuscɪɲa# | *#fˈuʃcɲa# | *#fˈuːʃcɲa# | *#fˈuːʒɲə# {GOLD: #fˈuʃcĩɲə#} | *#fˈuːʒɲə# {GOLD: >*} | *#fˈuʒɲə# {GOLD: >*} | *#fˈuʒɲə# {GOLD: #fˈuʒɲə#}
229    | #fˌuskinˈɑːrium# | *#fˌʊskɪnjˈɒːrjʊ# | *#fˌuskeɲˈorju# | *#fˌuscɪɲˈoru# | *#fˌuʃcɲˈɔɾu# | *#fˌuʃcɲˈaːɾə# | *#fˌuʒɲˈaːɾ# {GOLD: >*} | *#fˌuʒɲˈaːɾ# {GOLD: >*} | *#fuʒɲˈaɾ# {GOLD: >*} | *#fuʒɲˈaɾ# {GOLD: #fuʒɲˈaɾ#}
230    | #fˈustulum# | *#fˈʊstʊlʊ# | *#fˈustulu# | *#fˈustulu# | *#fˈuʃtulu# | *#fˈuːʃtulˠə# | *#fˈuːʃtulˠ# {GOLD: >*} | *#fˈuːʃtulˠ# {GOLD: >*} | *#fˈuʃtulˠ# {GOLD: >*} | *#fˈuʃtulˠ# {GOLD: #fˈuʃtulˠ#}
231    | #fˈutuoː# | *#fˈʊtwu# | *#fˈutwu# | *#fˈutu# | *#fˈutu# | *#fˈutə# | *#fˈut# {GOLD: >*} | *#fˈut# {GOLD: >*} | *#fˈut# {GOLD: >*} | *#fˈut# {GOLD: #fˈut#}
232    | #ɡˈɑlbinum# | *#ɡˈɑlbɪnʊ# | *#ɡˈɑlbenu# | *#ɡˈelbɑ̃ɾ̃u# | *#ɟˈelbɐɾ̃u# | *#ɟˈɛːlbɐɾ̃ə# | *#ɟˈɛːlbəɾ̃# {GOLD: #ɟˈɛlbə̃ɾ̃ə#} | *#ɟˈɛːlbəɾ̃# {GOLD: >*} | *#ɟˈɛlbəɾ# {GOLD: >*} | *#ɟˈɛlbəɾ# {GOLD: #ɟˈɛlbəɾ#}
233    | #ɡˈɑlɡulum# | *#ɡˈɑlɡʊlʊ# | *#ɡˈɑlɡulu# | *#ɡˈalɡulu# | *#ɡˈalɡulu# | *#ɡˈaːlɡulˠə# | *#ɡˈaːɾɡulˠ# {GOLD: >*} | *#ɡˈaːɾɡulˠ# {GOLD: >*} | *#ɡˈaɾɡulˠ# {GOLD: >*} | *#ɡˈaɾɡulˠ# {GOLD: #ɡˈaɾɡulˠ#}
234    | #ɡˌɑllinˈɑːtiɑ# | *#ɡˌɑllɪnˈɑːt͡ʃjɑ# | *#ɡˌɑlːenˈɑt͡ʃjɑ# | *#ɡˌalːɪnˈat͡ʃa# | *#ɡəlːnˈasa# | *#ɡəlːnˈaːsa# | *#ɡəlːˈaːsə# {GOLD: >*} | *#ɡəlːˈaːsə# {GOLD: >*} | *#ɡəlˈasə# {GOLD: #ɡəlˈasə#} | *#ɡlˈasə# {GOLD: #ɡlˈasə#}
235    | #ɡˈɑlliː# | *#ɡˈɑlli# | *#ɡˈɑlːi# | *#ɡˈelːɪ# | *#ɟˈelːɪ# | *#ɟˈɛːlːə# | *#ɟˈɛːlː# {GOLD: #ɟˈɛl#} | *#ɟˈɛːlː# {GOLD: >*} | *#ɟˈɛl# {GOLD: >*} | *#ɟˈɛl# {GOLD: #ɟˈɛl#}
236    | #ɡˈɑttɑ# | *#ɡˈɑttɑ# | *#ɡˈɑttɑ# | *#ɡˈatta# | *#ɡˈata# | *#ɡˈata# | *#ɡˈatə# {GOLD: >*} | *#ɡˈatə# {GOLD: >*} | *#ɡˈatə# {GOLD: >*} | *#ɡˈatə# {GOLD: #ɡˈatə#}
237    | #ɡˈɑttum# | *#ɡˈɑttʊ# | *#ɡˈɑttu# | *#ɡˈattu# | *#ɡˈatu# | *#ɡˈatə# | *#ɡˈat# {GOLD: >*} | *#ɡˈat# {GOLD: >*} | *#ɡˈat# {GOLD: >*} | *#ɡˈat# {GOLD: #ɡˈat#}
238    | #ɡˈɑwdium# | *#ɡˈɑwd͡ʒjʊ# | *#ɡˈɑwd͡ʒju# | *#ɡˈawd͡ʒu# | *#ɡˈaːzu# | *#ɡˈaːzə# | *#ɡˈaːz# {GOLD: >*} | *#ɡˈaːz# {GOLD: >*} | *#ɡˈaz# {GOLD: >*} | *#ɡˈaz# {GOLD: #ɡˈaz#}
239    | #ɡˌɑwdiumˈentum# | *#ɡˌɑwd͡ʒjʊmˈɛntʊ# | *#ɡˌɑwd͡ʒjumˈɛntu# | *#ɡˌawd͡ʒumˈɛntu# | *#ɡˌaːzmˈɛ̃ntu# | *#ɡˌaːzmˈɛ̃ndə# | *#ɡˌaːzmˈɛ̃nd# {GOLD: >*} | *#ɡˌaːzmˈɛ̃nd# {GOLD: #ɡazɪmˈɛnd#} | *#ɡazmˈɛnd# {GOLD: >*} | *#ɡazmˈɛnd# {GOLD: #ɡazmˈɛnd#}
240    | #ɡˌemˈonioː# | *#ɡˌɛmˈɒnju# | *#ɡˌɛmˈoɲu# | *#ɡˌɛmˈoɲu# | *#ɟə̃mˈɔ̃ɲu# | *#ɟə̃mˈɔ̃ɲə# | *#ɟə̃mˈɔ̃ɲ# {GOLD: #ɟə̃mˈɔ̃ɲ#} | *#ɟə̃mˈɔ̃ɲ# {GOLD: >*} | *#ɟəmˈɔɲ# {GOLD: >*} | *#ɟəmˈɔj# {GOLD: #ɟəmˈɔj#}
241    | ... | #ɡˌenˈiɑ# | *#ɡˌenˈijɑ# | *#ɡˌenˈija# | *#ɟə̃ɾ̃ˈija# | *#ɟə̃ɾ̃ˈija# | *#ɟə̃ɾ̃ˈiː# {GOLD: #ɟˌiɾˈiː#} | *#ɟə̃ɾ̃ˈiː# {GOLD: #ɟˌiɾˈiː#} | *#ɟəɾˈi# {GOLD: >*} | *#ɟəɾˈi# {GOLD: #ɟəɾˈi#}
242    | #ɡˈenistrɑm# | *#ɡˈɛnɪstrɑ# | *#ɡˈɛstrɑ# | *#ɡˈɛstra# | *#ɟˈɛːʃtɾa# | *#ɟˈie̯ʃtɾa# | *#ɟˈɛʃtɾ̩# {GOLD: >*} | *#ɟˈɛʃtɾ̩# {GOLD: >*} | *#ɟˈɛʃtɾ̩# {GOLD: >*} | *#ɟˈɛʃtəɾ# {GOLD: #ɟˈɛʃtəɾ#}
243    | #ɡˈentem# | *#ɡˈɛntɛ# | *#ɡˈɛntɛ# | *#ɡˈintɪ# | *#ɟˈĩntɪ# | *#ɟˈĩndə# | *#ɟˈĩnd# {GOLD: >*} | *#ɟˈĩnd# {GOLD: >*} | *#ɟˈind# {GOLD: >*} | *#ɟˈind# {GOLD: #ɟˈind#}
244    | ... | #ɡeˈɔːrɡiu# | *#ɡeˈørɡiu# | *#ɡɪˈørɟɪu# | *#ɟjˈœɾɟju# | *#ɟjˈɛːɾɟjə# | *#ɟˈɛːɾɟ# {GOLD: >*} | *#ɟˈɛːɾɟ# {GOLD: >*} | *#ɟˈɛɾɟ# {GOLD: >*} | *#ɟˈɛɾɟ# {GOLD: #ɟˈɛɾɟ#}
245    | ... | ... | ... | ... | ... | ... | #ɡʎˈɑ̃ndəɾə# {GOLD: #ɡʎˈɑ̃ndəɾə#} | *#ɡʎˈə̃ndəɾ# {GOLD: >*} | *#ɟˈəndəɾ# {GOLD: >*} | *#ɟˈəndəɾ# {GOLD: #ɟˈəndəɾ#}
246    | #ɡlˈemum# | *#ɡlˈɛmʊ# | *#ɡlˈɛmu# | *#ɡlˈɛmu# | *#ɡlˈɛ̃mu# | *#ɡlˈɛ̃mə# | *#ɡʎˈɛ̃m# {GOLD: >*} | *#ɡʎˈɛ̃m# {GOLD: >*} | *#ɟˈɛm# {GOLD: >*} | *#ɟˈɛm# {GOLD: #lˈəm#}
247    | #lˈiːrem# | *#lˈirɛ# | *#lˈirɛ# | *#lˈirɪ# | *#lˈiɾɪ# | *#lˈiːɾə# | *#lˈiːɾ# {GOLD: >*} | *#lˈiːɾ# {GOLD: >*} | *#lˈiɾ# {GOLD: >*} | *#lˈiɾ# {GOLD: #lˈiɾ#}
248    | #ɡlˌomerˈɑːtɑ# | *#ɡlˌɛmːɛrˈɑːtɑ# | *#ɡlˌemːɛrˈɑtɑ# | *#ɡləmːɪrˈata# | *#ɡlə̃mːəɾˈata# | *#ɡlə̃mːəɾˈata# | *#ɡɾə̃mːəɾˈatə# {GOLD: >*} | *#ɡɾə̃məɾˈatə# {GOLD: >*} | *#ɡɾəməɾˈatə# {GOLD: >*} | *#ɡɾəməɾˈatə# {GOLD: #ɡɾəməɾˈatə#}
249    | #ɡrˈae̯kum# | *#ɡrˈɛkʊ# | *#ɡrˈɛku# | *#ɡrˈɛku# | *#ɡɾˈɛku# | *#ɡɾˈɛkə# | *#ɡɾˈɛk# {GOLD: >*} | *#ɡɾˈɛk# {GOLD: >*} | *#ɡɾˈɛk# {GOLD: >*} | *#ɡɾˈɛk# {GOLD: #ɡɾˈɛk#}
250    | ... | ... | ... | ... | ... | ... | ... {GOLD: ...} | #ɡɾˈam# {GOLD: #ɡɾˈam#} | *#ɡɾˈam# {GOLD: >*} | *#ɡɾˈam# {GOLD: #ɡɾˈam#}
251    | #ɡrˈɑːtum# | *#ɡrˈɑːtʊ# | *#ɡrˈɑtu# | *#ɡrˈatu# | *#ɡɾˈatu# | *#ɡɾˈatə# | *#ɡɾˈat# {GOLD: >*} | *#ɡɾˈat# {GOLD: >*} | *#ɡɾˈat# {GOLD: >*} | *#ɡɾˈat# {GOLD: #ɡɾˈat#}
252    | #ɡrˈeɡem# | *#ɡrˈɛɡɛ# | *#ɡrˈɛɡɛ# | *#ɡrˈiɟɪ# | *#ɡɾˈiɟɪ# | *#ɡɾˈiɟə# | *#ɡɾˈiɟ# {GOLD: >*} | *#ɡɾˈiɟ# {GOLD: >*} | *#ɡɾˈiɟ# {GOLD: >*} | *#ɡɾˈiɟ# {GOLD: #ɡɾˈiɟ#}
253    | #ɡrˈemium# | *#ɡrˈɛmjʊ# | *#ɡrˈɛmju# | *#ɡrˈimu# | *#ɡɾˈĩmu# | *#ɡɾˈĩmə# | *#ɡɾˈĩm# {GOLD: >*} | *#ɡɾˈĩm# {GOLD: >*} | *#ɡɾˈim# {GOLD: >*} | *#ɡɾˈim# {GOLD: #ɡɾˈɛmb#}
254    | #ɡrˌuˈillɑm# | *#ɡrˌʊˈɪllɑ# | *#ɡrˌuˈilːɑ# | *#ɡrˌuˈilːa# | *#ɡɾəˈiːlːa# | *#ɡɾəˈiːlːa# | *#ɡɾˈiːlːə# {GOLD: >*} | *#ɡɾˈiːlːə# {GOLD: >*} | *#ɡɾˈilə# {GOLD: >*} | *#ɡɾˈilə# {GOLD: #kɔjɾˈilə#}
255    | #ɡrˌuːmulˈɑːnio# | *#ɡrˌumʊlˈɒːnjʊ# | *#ɡrˌumulˈoɲu# | *#ɡrˌumulˈoɲu# | *#ɡɾˌũmulˈɔ̃ɲu# | *#ɡɾˌũmbulˠˈɔ̃ɲə# | *#ɡɾˌũmbulˠˈɔ̃ɲ# {GOLD: >*} | *#ɡɾˌũmbulˠˈɔ̃ɲ# {GOLD: >*} | *#ɡɾumbulˠˈɔɲ# {GOLD: >*} | *#ɡɾumbulˠˈɔj# {GOLD: #ɡɾumbulˠˈɔj#}
256    | #ɡrˈuːmulum# | *#ɡrˈumʊlʊ# | *#ɡrˈumulu# | *#ɡrˈumulu# | *#ɡɾˈũmulu# | *#ɡɾˈũmulˠə# | *#ɡɾˈũmulˠ# {GOLD: >*} | *#ɡɾˈũmulˠ# {GOLD: >*} | *#ɡɾˈumulˠ# {GOLD: >*} | *#ɡɾˈumulˠ# {GOLD: #ɡɾˈumbulˠ#}
257    | #ɡrˈyːpsam# | *#ɡrˈipsa# | *#ɡrˈipsa# | *#ɡrˈipsa# | *#ɡɾˈipʃa# | *#ɡɾˈiːfʃa# | *#ɡɾˈiːfʃə# {GOLD: >*} | *#ɡɾˈiːfʃə# {GOLD: >*} | *#ɡɾˈifʃə# {GOLD: >*} | *#ɡɾˈifʃə# {GOLD: #ɡɾˈifʃə#}
258    | #ɡˈulɑm# | *#ɡˈʊlɑ# | *#ɡˈulɑ# | *#ɡˈula# | *#ɡˈula# | *#ɡˈuːlˠa# | *#ɡˈuːlˠə# {GOLD: #ɡˈɔʎə#} | *#ɡˈuːlˠə# {GOLD: #ɡˈɔʎə#} | *#ɡˈulˠə# {GOLD: >*} | *#ɡˈulˠə# {GOLD: #ɡˈɔjə#}
259    | #ɡˈummɑ# | *#ɡˈʊmmɑ# | *#ɡˈummɑ# | *#ɡˈumma# | *#ɡˈũmma# | *#ɡˈũmːa# | *#ɡˈũmːə# {GOLD: >*} | *#ɡˈũmə# {GOLD: >*} | *#ɡˈumə# {GOLD: >*} | *#ɡˈumə# {GOLD: #ɡˈɔmə#}
260    | #ɡˈunnɑm# | *#ɡˈʊnnɑ# | *#ɡˈunːɑ# | *#ɡˈunːa# | *#ɡˈũnːa# | *#ɡˈũnːa# | *#ɡˈũnːə# {GOLD: >*} | *#ɡˈũnə# {GOLD: >*} | *#ɡˈunə# {GOLD: >*} | *#ɡˈunə# {GOLD: #ɡˈunə#}
261    | #ɡˈuttɑm# | *#ɡˈʊttɑ# | *#ɡˈuttɑ# | *#ɡˈutta# | *#ɡˈuta# | *#ɡˈuta# | *#ɡˈutə# {GOLD: >*} | *#ɡˈutə# {GOLD: >*} | *#ɡˈutə# {GOLD: >*} | *#ɡˈutə# {GOLD: #ɡˈutə#}
262    | #ɡˈyːrum# | *#ɡˈirʊ# | *#ɡˈiru# | *#ɡˈiru# | *#ɟˈiɾu# | *#ɟˈiːɾə# | *#ɟˈiːɾ# {GOLD: >*} | *#ɟˈiːɾ# {GOLD: >*} | *#ɟˈiɾ# {GOLD: #ɟˈiɾ#} | *#ɟˈiɾ# {GOLD: #ɟˈiɾ#}
263    | #hˌɑstˈiːliɑ# | *#hˌɑstˈiʎɑ# | *#hˌɑstˈiʎɑ# | *#stˈiʎa# | *#ʃtˈiʎa# | *#ʃtˈiːʎa# | *#ʃtˈiːʎə# {GOLD: >*} | *#ʃtˈiːʎə# {GOLD: >*} | *#ʃtˈijə# {GOLD: >*} | *#ʃtˈijə# {GOLD: #ʃtˈijə#}
264    | #hˌibernˈiːnum# | *#hˌɪβɛrnˈinʊ# | *#hˌevɛrnˈinu# | *#vɪrnˈinu# | *#vɪɾnˈĩnu# | *#vərːˈĩːnə# | *#vərˈĩː# {GOLD: #vərˈĩː#} | *#vərˈĩː# {GOLD: >*} | *#vərˈi# {GOLD: >*} | *#vərˈi# {GOLD: #vərˈi#}
265    | #hˌibˌernˈiːdiɑ# | *#hˌɪβˌɛrnˈid͡ʒjɑ# | *#hˌevˌɛrnˈid͡ʒjɑ# | *#vˌɛrnˈid͡ʒa# | *#vɪɾnˈiza# | *#vərːˈiːza# | *#vərˈiːzə# {GOLD: #vərˈizə#} | *#vərˈiːzə# {GOLD: >*} | *#vərˈizə# {GOLD: >*} | *#vərˈizə# {GOLD: #vərˈizə#}
266    | #hˌinnˈikulɑ# | *#hˈɪnnikʊlɑ# | *#hˈenːikulɑ# | *#hˈinːɪkula# | *#hˈĩnːɪkula# | *#hˈĩnːɡəlːə# | *#hˈĩŋɡl̩ː# {GOLD: >*} | *#hˈĩɲ̈ɡl̩ː# {GOLD: >*} | *#hˈiɲ̈ɡl̩# {GOLD: >*} | *#hˈiŋɡəl# {GOLD: #hˈiŋɡəl#}
267    | #hˌinnikulˈɑːnioː# | *#hˌɪnnɪkʊlˈɒːnju# | *#hˌenːekulˈoɲu# | *#nːɪkulˈoɲu# | *#nːɪkulˈɔ̃ɲu# | *#nːɡulˠˈɔ̃ɲə# | *#ŋɡulˠˈɔ̃ɲ# {GOLD: >*} | *#ɲ̈ɡulˠˈɔ̃ɲ# {GOLD: >*} | *#ɲ̈ɡulˠˈɔɲ# {GOLD: >*} | *#ŋɡulˠˈɔj# {GOLD: #hiŋɡəlˠˈɔj#}
268    | #hˌernidzˈɑːnioː# | *#hˌɛrnɪdzˈɒːnju# | *#hˌɛrnedzˈoɲu# | *#ərndzˈoɲu# | *#əɾndzˈɔ̃ɲu# | *#əɾənd͡zˈɔ̃ɲə# | *#əɾənd͡zˈɔ̃ɲ# {GOLD: >*} | *#əɾənd͡zˈɔ̃ɲ# {GOLD: >*} | *#ɾənd͡zˈɔɲ# {GOLD: >*} | *#ɾənd͡zˈɔj# {GOLD: #ɾənd͡zˈɔj#}
269    | #hˈoːrɑm# | *#hˈoːrɑ# | *#hˈørɑ# | *#hˈøra# | *#hˈœɾa# | *#hˈɛːɾa# | *#hˈɛːɾə# {GOLD: #hˈɛɾə#} | *#hˈɛːɾə# {GOLD: >*} | *#hˈɛɾə# {GOLD: >*} | *#hˈɛɾə# {GOLD: #hˈɛɾə#}
270    | #hˌorrˈeːnioː# | *#hˌʊrrˈeːnju# | *#hˌurrˈeɲu# | *#ˌuːrrˈeɲu# | *#ˌuɾɾˈẽɲu# | *#ˌurːˈɛ̃ɲə# | *#ˌurˈɛ̃ɲ# {GOLD: >*} | *#ˌurˈɛ̃ɲ# {GOLD: >*} | *#urˈɛɲ# {GOLD: >*} | *#urˈɛj# {GOLD: #urˈɛj#}
271    | #iˈɑːnuum# | *#ɟˈɒːnwʊ# | *#ɟˈonwu# | *#ɟˈonu# | *#ɟˈɔ̃ɾ̃u# | *#ɟˈũo̯nːə# | *#ɟˈũo̯nː# {GOLD: #ɟˈuo̯#} | *#ɟˈũa̯n# {GOLD: >*} | *#ɟˈua̯n# {GOLD: >*} | *#ɟˈua̯n# {GOLD: #ɟˈua̯#}
272    | ... | ... | #jˌɑːnnwˈɑrju# | *#jˌaːnnˈeru# | *#jˌãːnnˈeɾu# | *#jˌãːnːˈɛːɾə# | *#jˌãːnːˈɛːɾ# {GOLD: >*} | *#jˌãːnˈɛːɾ# {GOLD: >*} | *#janˈɛɾ# {GOLD: >*} | *#janˈɛɾ# {GOLD: #janˈaɾ#}
273    | #iˌeiuːnˈɑːnioː# | *#ɟˌɛjuːnˈɒːnju# | *#ɟˌɛjynˈoɲu# | *#ɟˌiɑ̃ɾ̃ˈoɲu# | *#ɟjə̃ɾ̃ˈɔ̃ɲu# | *#ɟjə̃ɾ̃ˈɔ̃ɲə# | *#ɟə̃ɾ̃ˈɔ̃ɲ# {GOLD: #ɟˌỹɾ̃ˈɔ̃ɲ#} | *#ɟə̃ɾ̃ˈɔ̃ɲ# {GOLD: >*} | *#ɟəɾˈɔɲ# {GOLD: >*} | *#ɟəɾˈɔj# {GOLD: #ɟəɾˈɔj#}
274    | ... | ... | #ˌikˈɔnɑ# | *#kˈɔna# | *#kˈɔ̃ɾ̃a# | *#kˈɔ̃ɾ̃a# | *#kˈɔ̃ɾ̃ə# {GOLD: >*} | *#kˈɔ̃ɾ̃ə# {GOLD: >*} | *#kˈɔɾə# {GOLD: >*} | *#kˈɔɾə# {GOLD: #kˈɔɾə#}
275    | #ˈiːliɑ# | *#ˈiʎɑ# | *#ˈiʎɑ# | *#ˈiʎa# | *#ˈiʎa# | *#ˈiːʎa# | *#ˈiːʎə# {GOLD: >*} | *#ˈiːʎə# {GOLD: >*} | *#ˈijə# {GOLD: >*} | *#ˈijə# {GOLD: #ˈijə#}
276    | #ˈiːlikem# | *#ˈilɪkɛ# | *#ˈilekɛ# | *#ˈilɪcɪ# | *#ˈilɪcɪ# | *#ˈiːlcə# | *#ˈiːlc# {GOLD: >*} | *#ˈiːlc# {GOLD: >*} | *#ˈilc# {GOLD: >*} | *#ˈilc# {GOLD: #ˈilc#}
277    | ... | ... | ... | #ˈilɪcˈetu# | *#ˈilɪcˈetu# | *#ˈiːlcˈɛtə# | *#ˈiːlcˈɛt# {GOLD: >*} | *#ˈiːlcˈɛt# {GOLD: >*} | *#ˈilcɛt# {GOLD: >*} | *#ˈilcɛt# {GOLD: #ilcˈɛt#}
278    | #ˌimpɑrˈɑːnioː# | *#ˌɪmpɑrˈɒːnju# | *#ˌempɑrˈoɲu# | *#əmparˈoɲu# | *#ə̃mpəɾˈɔ̃ɲu# | *#ə̃mbəɾˈɔ̃ɲə# | *#ə̃mbəɾˈɔ̃ɲ# {GOLD: >*} | *#ə̃mbəɾˈɔ̃ɲ# {GOLD: >*} | *#mbɾˈɔɲ# {GOLD: >*} | *#mbɾˈɔj# {GOLD: #mbɾˈɔj#}
279    | #ˌimpˌerɑːtˈissɑm# | *#ˌɪmpˌɛrɑːtˈɪssɑ# | *#ˌempˌɛrɑtˈessɑ# | *#əmpˌɛratˈessa# | *#ə̃mpɪɾətˈeʃa# | *#ə̃mbəɾtˈɛːʃa# | *#ə̃mbɾ̩tˈɛːʃə# {GOLD: >*} | *#ə̃mbɾ̩tˈɛːʃə# {GOLD: >*} | *#mbɾ̩tˈɛʃə# {GOLD: >*} | *#mbəɾtˈɛʃə# {GOLD: #pɛɾəndˈɛʃə#}
280    | #pˌerɑːntˈissɑm# | *#pˌɛrɑːntˈɪssɑ# | *#pˌɛrɑntˈessɑ# | *#pˌɛrantˈessa# | *#pɪɾə̃ntˈeʃa# | *#pəɾəndˈɛːʃa# | *#pɾ̩ndˈɛːʃə# {GOLD: >*} | *#pɾ̩ndˈɛːʃə# {GOLD: >*} | *#pɾ̩ndˈɛʃə# {GOLD: >*} | *#pəɾnˈɛʃə# {GOLD: #pɛɾəndˈɛʃə#}
281    | #ˌimpˌerˌɑːtˈoːrem# | *#ˌɪmpˌɛrˌɑːtˈɒrɛ# | *#ˌempˌɛrˌɑtˈorɛ# | *#əmpˌɛrˌatˈorɪ# | *#ə̃mpɪɾˌætˈɔɾɪ# | *#ə̃mbəɾˌætˈuo̯ɾə# | *#ə̃mbəɾˌɛtˈuo̯ɾ# {GOLD: >*} | *#ə̃mbəɾˌɛtˈua̯ɾ# {GOLD: >*} | *#mbɾɛtˈua̯ɾ# {GOLD: >*} | *#mbɾɛtˈua̯ɾ# {GOLD: #pɛɾəndˈua̯ɾ#}
282    | #pˌerɑːntˈoːrem# | *#pˌɛrɑːntˈɒrɛ# | *#pˌɛrɑntˈorɛ# | *#pˌɛrantˈorɪ# | *#pɪɾə̃ntˈɔɾɪ# | *#pəɾəndˈuo̯ɾə# | *#pɾ̩ndˈuo̯ɾ# {GOLD: >*} | *#pɾ̩ndˈua̯ɾ# {GOLD: >*} | *#pɾ̩ndˈua̯ɾ# {GOLD: >*} | *#pəɾnˈɔɾ# {GOLD: #pɛɾəndˈua̯ɾ#}
283    | #ˌimperˌɑːtoːrˈissɑm# | *#ˌɪmpɛrˌɑːtʊrˈɪssɑ# | *#ˌempɛrˌɑturˈessɑ# | *#əmpɪrˌaturˈessa# | *#ə̃mpɪɾˌætuɾˈeʃa# | *#ə̃mbəɾˌætuɾˈɛːʃa# | *#ə̃mbəɾˌɛtuɾˈɛːʃə# {GOLD: >*} | *#ə̃mbəɾˌɛtuɾˈɛːʃə# {GOLD: >*} | *#mbɾɛtɾˈɛʃə# {GOLD: >*} | *#mbɾɛtɾˈɛʃə# {GOLD: #mbɾɛtəɾˈɛʃə#}
284    | #ˌimperˈɑːtum# | *#ˌɪmpɛrˈɑːtʊ# | *#ˌempɛrˈɑjtu# | *#əmpɪrˈetu# | *#ə̃mpɪɾˈetu# | *#ə̃mbəɾˈɛtə# | *#ə̃mbəɾˈɛt# {GOLD: #m̩pəɾˈɛt#} | *#ə̃mbəɾˈɛt# {GOLD: >*} | *#mbɾˈɛt# {GOLD: >*} | *#mbɾˈɛt# {GOLD: #mbɾˈɛt#}
285    | ... | #ˌimperˈɑːtor# | *#ˌimperˈɑjtor# | *#əmpɪrˈetor# | *#ə̃mpɪɾˈetɔɾ# | *#ə̃mbəɾˈɛtɔɾ# | *#ə̃mbəɾˈɛtɾ̩# {GOLD: >*} | *#ə̃mbəɾˈɛtɾ̩# {GOLD: >*} | *#mbɾˈɛtɾ̩# {GOLD: >*} | *#mbɾˈɛtəɾ# {GOLD: #mbɾˈɛtəɾ#}
286    | #ˌimplˌɑntˈɑːnioː# | *#ˌɪmplˌɑntˈɒːnju# | *#ˌemplˌɑntˈoɲu# | *#əmpləntˈoɲu# | *#ə̃mplə̃ntˈɔ̃ɲu# | *#ə̃mblə̃ndˈɔ̃ɲə# | *#ə̃mblə̃ndˈɔ̃ɲ# {GOLD: >*} | *#ə̃mblə̃ndˈɔ̃ɲ# {GOLD: >*} | *#mbləndˈɔɲ# {GOLD: >*} | *#mbləndˈɔj# {GOLD: #mbəltˈɔj#}
287    | #ˌimplˈeːnioː# | *#ˌɪmplˈɒːnju# | *#ˌemplˈoɲu# | *#əmplˈoɲu# | *#ə̃mplˈɔ̃ɲu# | *#ə̃mblˈɔ̃ɲə# | *#ə̃mblˈɔ̃ɲ# {GOLD: >*} | *#ə̃mblˈɔ̃ɲ# {GOLD: >*} | *#mblˈɔɲ# {GOLD: >*} | *#mblˈɔj# {GOLD: #mblˈɔj#}
288    | #ˌimmˈuːne# | *#ˌɪmmˈuːnɛ# | *#ˌemmˈynɛ# | *#əmmˈunɪ# | *#ə̃mmˈũnɪ# | *#ə̃mːˈũːnə# | *#ə̃mːˈũː# {GOLD: #mˈũː#} | *#ə̃mˈũː# {GOLD: >*} | *#mˈu# {GOLD: >*} | *#mˈu# {GOLD: #mˈu#}
289    | #ˌinˈɑltɑ# | *#ˌɪnˈɑltɑ# | *#ˌenˈɑltɑ# | *#nˈalta# | *#nˈalta# | *#nˈaːlta# | *#nˈaːltə# {GOLD: #nˈaltə#} | *#nˈaːltə# {GOLD: >*} | *#nˈaltə# {GOLD: #nˈaltə#} | *#nˈaltə# {GOLD: #nˈaltə#}
290    | #ˌinˌɑltiˈɑːnioː# | *#ˌɪnˌɑlt͡ʃjˈɒːnju# | *#ˌenˌɑlt͡ʃjˈoɲu# | *#nˌalt͡ʃˈoɲu# | *#nˌalsˈɔ̃ɲu# | *#nˌalsˈɔ̃ɲə# | *#nˌalsˈɔ̃ɲ# {GOLD: >*} | *#nˌalsˈɔ̃ɲ# {GOLD: >*} | *#nalt͡sˈɔɲ# {GOLD: #nalt͡sˈɔɲ#} | *#nalt͡sˈɔj# {GOLD: #nalt͡sˈɔj#}
291    | #ˌinˈɑltum# | *#ˌɪnˈɑltʊ# | *#ˌenˈɑltu# | *#nˈaltu# | *#nˈaltu# | *#nˈaːltə# | *#nˈaːlt# {GOLD: #nˈalt#} | *#nˈaːlt# {GOLD: >*} | *#nˈalt# {GOLD: >*} | *#nˈalt# {GOLD: #nˈalt#}
292    | #ˌinˌɑwritˈɑːnioː# | *#ˌɪnˌɑwrɪtˈɒːnju# | *#ˌenˌɑwrtˈoɲu# | *#nˌawrtˈoɲu# | *#nˌaːɾtˈɔ̃ɲu# | *#nˌaːɾtˈɔ̃ɲə# | *#nˌaːɾtˈɔ̃ɲ# {GOLD: >*} | *#nˌaːɾtˈɔ̃ɲ# {GOLD: >*} | *#naɾtˈɔɲ# {GOLD: >*} | *#naɾtˈɔj# {GOLD: #naɾtˈɔj#}
293    | #inbˌoreˈɑːnum# | *#ɪnbˌʊrjˈɑːnʊ# | *#enbˌurjˈɑnu# | *#ənbˌurːˈanu# | *#ə̃nbˌurːˈãɾ̃u# | *#ə̃nbˌurːˈãɾ̃ə# | *#ə̃mbˌurˈʌ̃# {GOLD: #murˈɑ̃#} | *#ə̃mbˌurˈə̃# {GOLD: >*} | *#mˈurə# {GOLD: >*} | *#mˈurə# {GOLD: #mˈurə#}
294    | #ˌindˌeːspikˈɑːnioː# | *#ˌɪndˌeːspɪkˈɒːnju# | *#ˌendˌespekˈoɲu# | *#əndˌespkˈoɲu# | *#ə̃ndɪʃpkˈɔ̃ɲu# | *#ə̃ndəʃpkˈɔ̃ɲə# | *#ə̃ndəʃkˈɔ̃ɲ# {GOLD: #n̩diʃkˈɔ̃ɲ#} | *#ə̃ndəʃkˈɔ̃ɲ# {GOLD: >*} | *#dəʃkˈɔɲ# {GOLD: >*} | *#dəʃkˈɔj# {GOLD: #ndəʃkˈɔj#}
295    | ... | ... | ... | #ˌɪndˌiːkˈɔɲu# | *#ˌɪ̃ndˌiːkˈɔ̃ɲu# | *#ˌãndˌiːkˈɔ̃ɲə# | *#ˌʌ̃ndˌiːkˈɔ̃ɲ# {GOLD: >*} | *#ˌə̃ndˌiːkˈɔ̃ɲ# {GOLD: >*} | *#ndikˈɔɲ# {GOLD: >*} | *#ndikˈɔj# {GOLD: #ndikˈɔj#}
296    | #ˌindˌikˈonioː# | *#ˌɪndˌɪkˈɒnju# | *#ˌendˌikˈoɲu# | *#əndˌikˈoɲu# | *#ə̃ndɪkˈɔ̃ɲu# | *#ə̃ndəkˈɔ̃ɲə# | *#ə̃ndəkˈɔ̃ɲ# {GOLD: >*} | *#ə̃ndəkˈɔ̃ɲ# {GOLD: >*} | *#dəkˈɔɲ# {GOLD: >*} | *#dəkˈɔj# {GOLD: #dəkˈɔj#}
297    | #ˌindˌiktˈɑːnioː# | *#ˌɪndˌɪktˈɒːnju# | *#ˌendˌektˈoɲu# | *#əndˌektˈoɲu# | *#ə̃ndɪktˈɔ̃ɲu# | *#ə̃ndəftˈɔ̃ɲə# | *#ə̃ndəftˈɔ̃ɲ# {GOLD: >*} | *#ə̃ndəftˈɔ̃ɲ# {GOLD: >*} | *#dəftˈɔɲ# {GOLD: >*} | *#dəftˈɔj# {GOLD: #dəftˈɔj#}
298    | #ˌindˌireːktˈɑːnioː# | *#ˌɪndˌɪreːktˈɒːnju# | *#ˌendˌereçtˈoɲu# | *#əndˌeritˈoɲu# | *#ə̃ndɪɾɪtˈɔ̃ɲu# | *#ə̃ndəɾtˈɔ̃ɲə# | *#ə̃ndɾ̩tˈɔ̃ɲ# {GOLD: >*} | *#ə̃ndɾ̩tˈɔ̃ɲ# {GOLD: >*} | *#ndɾ̩tˈɔɲ# {GOLD: >*} | *#ndəɾtˈɔj# {GOLD: #ndəɾtˈɔj#}
299    | #ˌindˌirˈeːktioː# | *#ˌɪndˌɪrˈeːkt͡ʃju# | *#ˌendˌerˈeçt͡ʃju# | *#əndˌerˈejt͡ʃu# | *#ə̃ndɪɾˈecu# | *#ə̃ndəɾˈɛcə# | *#ə̃ndəɾˈɛc# {GOLD: #n̩dəɾˈɛc#} | *#ə̃ndəɾˈɛc# {GOLD: >*} | *#ndɾˈɛc# {GOLD: >*} | *#ndɾˈɛc# {GOLD: #ndɾˈɛc#}
300    | ... | #ˌɪndˌoʎˈeːɲu# | *#ˌendˌoʎˈeɲu# | *#əndˌoʎˈeɲu# | *#ə̃ndəʎˈẽɲu# | *#ə̃ndəʎˈɛ̃ɲə# | *#ə̃ndəʎˈɛ̃ɲ# {GOLD: #n̩dəʎˈɛ̃ɲ#} | *#ə̃ndəʎˈɛ̃ɲ# {GOLD: >*} | *#ndəjˈɛɲ# {GOLD: #ndəʎˈɛɲ#} | *#ndəjˈɛj# {GOLD: #ndjˈɛj#}
301    | #ˌinfˌɑskiˈɑːnioː# | *#ˌɪnfˌɑskjˈɒːnju# | *#ˌefˌɑskjˈoɲu# | *#fˌascˈoɲu# | *#fˌaʃcˈɔ̃ɲu# | *#fɐʃcˈɔ̃ɲə# | *#fəʃcˈɔ̃ɲ# {GOLD: >*} | *#fəʃcˈɔ̃ɲ# {GOLD: >*} | *#fəʃcˈɔɲ# {GOLD: >*} | *#fəʃcˈɔj# {GOLD: #faʃcˈɔj#}
302    | #ˌiːnfˈernum# | *#ˌinfˈɛrnʊ# | *#ˌifˈɛrnu# | *#fˈɛrnu# | *#fˈɛɾnu# | *#fˈɛːrːə# | *#fˈɛːr# {GOLD: >*} | *#fˈɛːr# {GOLD: >*} | *#fˈɛr# {GOLD: >*} | *#fˈɛr# {GOLD: #fˈɛr#}
303    | #ˌinɡɑnniˈeːnioː# | *#ˌɪŋɡɑnnjˈeːnju# | *#ˌeŋɡɑnɲˈeɲu# | *#əŋɡanɲˈeɲu# | *#ə̃ŋɡə̃nɲˈẽɲu# | *#ə̃ŋɡə̃ɲˈɛ̃ɲə# | *#ə̃ŋɡə̃ɲˈɛ̃ɲ# {GOLD: >*} | *#ə̃ɲ̈ɡə̃ɲˈɛ̃ɲ# {GOLD: >*} | *#ɲ̈ɡəɲˈɛɲ# {GOLD: >*} | *#ŋɡəɲˈɛj# {GOLD: #ŋɡəɲˈɛj#}
304    | #ˌinɡrˈɑːtɑm# | *#ˌɪŋɡrˈɑːtɑ# | *#ˌeŋɡrˈɑtɑ# | *#əŋɡrˈata# | *#ə̃ŋɡɾˈata# | *#ə̃ŋɡɾˈata# | *#ə̃ŋɡɾˈatə# {GOLD: >*} | *#ə̃ɲ̈ɡɾˈatə# {GOLD: >*} | *#ɲ̈ɡɾˈatə# {GOLD: >*} | *#ŋɡɾˈatə# {GOLD: #ŋɡɾˈatə#}
305    | #ˌinimˈiːkum# | *#ˌɪnɪmˈikʊ# | *#ˌenemˈiku# | *#ˌɑ̃ːɾ̃ɪmˈiku# | *#ˌɑ̃ːɾ̃ɪ̃mˈiku# | *#ˌɑ̃ːɾ̃ə̃mˈikə# | *#ˌãːɾ̃ə̃mˈik# {GOLD: #ˌãɾ̃əmˈik#} | *#ˌãːɾ̃mˈik# {GOLD: >*} | *#aɾmˈik# {GOLD: >*} | *#aɾmˈik# {GOLD: #aɾmˈik#}
306    | #ˌinkˌɑbɑllikˈɑːnioː# | *#ˌɪnkˌɑβɑllɪkˈɒːnju# | *#ˌenkˌɑβɑlːekˈoɲu# | *#ənkˌawalːɪkˈoɲu# | *#ə̃nkəˌaːlːɪkˈɔ̃ɲu# | *#ə̃nɡəˌaːlːəkˈɔ̃ɲə# | *#ə̃ŋɡˌalːəkˈɔ̃ɲ# {GOLD: #n̩kalːəkˈɔ̃ɲ#} | *#ə̃ɲ̈ɡˌalːkˈɔ̃ɲ# {GOLD: >*} | *#ɲ̈ɡalkˈɔɲ# {GOLD: #əŋɡalkˈɔɲ#} | *#ŋɡalkˈɔj# {GOLD: #ŋɡalkˈɔj#}
307    | #ˌinkˌɑrrikˈɑːnioː# | *#ˌɪnkˌɑrrɪkˈɒːnju# | *#ˌenkˌɑrrkˈoɲu# | *#ənkˌarkˈoɲu# | *#ə̃nkˌaɾkˈɔ̃ɲu# | *#ə̃nɡˌaɾkˈɔ̃ɲə# | *#ə̃ŋɡˌaɾkˈɔ̃ɲ# {GOLD: #n̩karːəkˈɔ̃ɲ#} | *#ə̃ɲ̈ɡˌaɾkˈɔ̃ɲ# {GOLD: >*} | *#ɲ̈ɡaɾkˈɔɲ# {GOLD: >*} | *#ŋɡaɾkˈɔj# {GOLD: #ŋɡaɾkˈɔj#}
308    | #ˌinkˌɑwsinˈɑːnioː# | *#ˌɪnkˌɑwsɪnˈɒːnju# | *#ˌenkˌɑwsenˈojɲu# | *#ənkˌawsɑ̃ɾ̃ˈojɲu# | *#ə̃nkˌaːʃə̃ɾ̃ˈɔj̃ɲu# | *#ə̃nɡˌaːʃə̃ɾ̃ˈɛ̃ɲə# | *#ə̃ŋɡˌaːʃə̃ɾ̃ˈɛ̃ɲ# {GOLD: >*} | *#ə̃ɲ̈ɡˌaːʃə̃ɾ̃ˈɛ̃ɲ# {GOLD: >*} | *#ɲ̈ɡaʃəɾˈɛɲ# {GOLD: >*} | *#ŋɡaʃəɾˈɛj# {GOLD: #ŋɡaʃəɾˈɛj#}
309    | #ˌinkonɡˌyːrˈɑːnioː# | *#ˌɪnkʊɲˌirˈɒːnju# | *#ˌenkuɲˌirˈoɲu# | *#ənkuɲˌirˈoɲu# | *#ə̃nkɲɪɾˈɔ̃ɲu# | *#ə̃nɡɲəɾˈɔ̃ɲə# | *#ə̃ɲɟəɾˈɔ̃ɲ# {GOLD: >*} | *#ə̃ɲɟəɾˈɔ̃ɲ# {GOLD: >*} | *#ɲɟəɾˈɔɲ# {GOLD: >*} | *#ɲɟəɾˈɔj# {GOLD: #ɲɟəɾˈɔj#}
310    | #ˌinkˌonsoːlˈɑːnioː# | *#ˌɪnkˌʊnsulˈɒːnju# | *#ˌenkˌusulˈoɲu# | *#ənkˌusulˈoɲu# | *#ə̃nkˌuːʃəlˈɔ̃ɲu# | *#ə̃nɡˌuːʃəlˠˈɔ̃ɲə# | *#ə̃ŋɡˌuːʃəlˠˈɔ̃ɲ# {GOLD: >*} | *#ə̃ɲ̈ɡˌuːʃəlˠˈɔ̃ɲ# {GOLD: >*} | *#ɲ̈ɡuʃəlˠˈɔɲ# {GOLD: #əŋɡuʃəlˠˈɔɲ#} | *#ŋɡuʃəlˠˈɔj# {GOLD: #ŋɡuʃulˠˈɔj#}
311    | #ˌinkʰˈordoː# | *#ˌɪnkʰˈɒrdu# | *#ˌenkˈordu# | *#ənkˈorðu# | *#ə̃nkˈɔɾðu# | *#ə̃nɡˈɔːɾðə# | *#ə̃ŋɡˈɔːɾð# {GOLD: #n̩kˈɔɾð#} | *#ə̃ɲ̈ɡˈɔːɾð# {GOLD: >*} | *#ɲ̈ɡˈɔɾð# {GOLD: >*} | *#ŋɡˈɔɾð# {GOLD: #ŋɡˈɔɾð#}
312    | #kˈudem# | *#kˈʊdɛ# | *#kˈudɛ# | *#kˈuðɪ# | *#kˈuðɪ# | *#kˈuðə# | *#kˈuð# {GOLD: >*} | *#kˈuð# {GOLD: >*} | *#kˈuð# {GOLD: >*} | *#kˈuð# {GOLD: #kˈuð#}
313    | #kˈudinem# | *#kˈʊdɪnɛ# | *#kˈudenɛ# | *#kˈuðɑ̃ɾ̃ɪ# | *#kˈuðɐɾ̃ɪ# | *#kˈuðɐɾ̃ə# | *#kˈuðəɾ̃# {GOLD: >*} | *#kˈuðəɾ̃# {GOLD: >*} | *#kˈuðəɾ# {GOLD: >*} | *#kˈuðəɾ# {GOLD: #kˈuðəɾ#}
314    | #ˌinkˌuneˈɑːnioː# | *#ˌɪnkˌʊnjˈɒːnju# | *#ˌenkˌuɲˈoɲu# | *#ənkˌuɲˈoɲu# | *#ə̃nkˌũːɲˈɔ̃ɲu# | *#ə̃nɡˌũːɲˈɔ̃ɲə# | *#ə̃ŋɡˌũːɲˈɔ̃ɲ# {GOLD: >*} | *#ə̃ɲ̈ɡˌũːɲˈɔ̃ɲ# {GOLD: >*} | *#ɲ̈ɡuɲˈɔɲ# {GOLD: >*} | *#ŋɡuɲˈɔj# {GOLD: #ŋɡujˈɔj#}
315    | #ˌinnˈokʷum# | *#ˌɪnnˈɒkʷʊ# | *#ˌenːˈokʷu# | *#nːˈoku# | *#nːˈɔku# | *#nːˈɔkə# | *#nːˈɔk# {GOLD: >*} | *#nˈɔk# {GOLD: >*} | *#nˈɔk# {GOLD: >*} | *#nˈɔk# {GOLD: #nˈɔk#}
316    | #ˌinˈoffulɑm# | *#ˌɪnˈɒffʊlɑ# | *#ˌenˈoffulɑ# | *#nˈoffula# | *#nˈɔfula# | *#nˈɔːfulˠə# | *#nˈɔːfulˠ# {GOLD: >*} | *#nˈɔːfulˠ# {GOLD: >*} | *#nˈɔfulˠ# {GOLD: >*} | *#nˈɔfulˠ# {GOLD: #nˈɔfulˠ#}
317    | ... | #inpˌekkˈɑːtu# | *#inpˌekkˈɑtu# | *#ənpˌekkˈatu# | *#ə̃npɪkˈatu# | *#ə̃npəkˈatə# | *#ə̃mbəkˈat# {GOLD: #m̩pəkˈat#} | *#ə̃mbəkˈat# {GOLD: >*} | *#məkˈat# {GOLD: >*} | *#məkˈat# {GOLD: #məkˈat#}
318    | #inpˌensˈɑːnioː# | *#ɪnpˌɛnsˈɒːnju# | *#enpˌɛsˈoɲu# | *#ənpɪsˈoɲu# | *#ə̃npɪʃˈɔ̃ɲu# | *#ə̃npəʃˈɔ̃ɲə# | *#ə̃mbəʃˈɔ̃ɲ# {GOLD: #m̩pəʃˈɔ̃ɲ#} | *#ə̃mbəʃˈɔ̃ɲ# {GOLD: #mbəʃˈɔ̃ɲ#} | *#məʃˈɔɲ# {GOLD: >*} | *#məʃˈɔj# {GOLD: #məʃˈɔj#}
319    | #ˌinsˈiɡniɑm# | *#ˌɪnsˈɪɲjɑ# | *#ˌesˈeɲɑ# | *#sˈeɲa# | *#ʃˈẽɲa# | *#ʃˈɛ̃ɲa# | *#ʃˈɛ̃ɲə# {GOLD: >*} | *#ʃˈɛ̃ɲə# {GOLD: >*} | *#ʃˈɛɲə# {GOLD: >*} | *#ʃˈɛɲə# {GOLD: #ʃˈɛɲə#}
320    | #ˈiːnsulɑm# | *#ˈinsʊlɑ# | *#ˈisulɑ# | *#ˈisula# | *#ˈiʃula# | *#ˈiːʃulˠə# | *#ˈiːʃulˠ# {GOLD: >*} | *#ˈiːʃulˠ# {GOLD: >*} | *#ˈiʃulˠ# {GOLD: >*} | *#ˈiʃulˠ# {GOLD: #ˈiʃulˠ#}
321    | #ˌintˌelliɡˈonioː# | *#ˌɪntˌɛllɪɡˈɒnju# | *#ˌentˌɛlːeɡˈoɲu# | *#əntˌɛlːɪɡˈoɲu# | *#ə̃ntɪlːɪɡˈɔ̃ɲu# | *#ə̃ndəlːəɡˈɔ̃ɲə# | *#ə̃ndl̩ːɡˈɔ̃ɲ# {GOLD: #n̩tɪlɪɡˈɔ̃ɲ#} | *#ə̃ndl̩ːɡˈɔ̃ɲ# {GOLD: >*} | *#ndl̩ɡˈɔɲ# {GOLD: >*} | *#ndəlɡˈɔj# {GOLD: #dəɟˈɔj#}
322    | #ˌintˌeɡrˈɑːnio# | *#ˌɪntˌɛɡrˈɒːnjʊ# | *#ˌentɛɡrˈoɲu# | *#əntɪɡrˈoɲu# | *#ə̃ntɪɾɡˈɔ̃ɲu# | *#ə̃ndəɾɡˈɔ̃ɲə# | *#ə̃ndɾ̩ɡˈɔ̃ɲ# {GOLD: >*} | *#ə̃ndɾ̩ɡˈɔ̃ɲ# {GOLD: >*} | *#ndɾ̩ɡˈɔɲ# {GOLD: >*} | *#ndəɾɡˈɔj# {GOLD: #ndəɾɡˈɔj#}
323    | #ˌinter# | *#ˌɪntɛr# | *#ˌentɛr# | *#əntɪr# | *#ə̃ntɪɾ# | *#ə̃ndəɾ# | *#ə̃ndɾ̩# {GOLD: >*} | *#ə̃ndɾ̩# {GOLD: >*} | *#ndɾ̩# {GOLD: >*} | *#ndəɾ# {GOLD: #ndəɾ#}
324    | #ˌintinɡiˈonioː# | *#ˌɪntɪɲjˈɒnju# | *#ˌenteɲˈoɲu# | *#əntɪɲˈoɲu# | *#ə̃ntɲˈɔ̃ɲu# | *#ə̃ndɲˈỹe̯ɲə# | *#ə̃ɲɟˈỹe̯ɲ# {GOLD: >*} | *#ə̃ɲɟˈỹe̯ɲ# {GOLD: >*} | *#ɲɟˈye̯ɲ# {GOLD: >*} | *#ɲɟˈye̯j# {GOLD: #ɲɟˈye̯j#}
325    | #ˌinwˌernˈɑːliɑ# | *#ˌɪnwˌɛrnˈɑːʎɑ# | *#ˌemˌɛrnˈɑʎɑ# | *#mˌɛrnˈaʎa# | *#məɾnˈaʎa# | *#mərːˈaːʎa# | *#mərˈaːʎə# {GOLD: #mˌɛrˈaʎə#} | *#mərˈaːʎə# {GOLD: >*} | *#mərˈajə# {GOLD: >*} | *#mərˈajə# {GOLD: #mərˈajə#}
326    | #ˌinwˈernum# | *#ˌɪnwˈɛrnʊ# | *#ˌevˈɛrnu# | *#vˈɛrnu# | *#vˈɛɾnu# | *#vˈɛːrːə# | *#vˈɛːr# {GOLD: >*} | *#vˈɛːr# {GOLD: >*} | *#vˈɛr# {GOLD: >*} | *#vˈɛr# {GOLD: #vˈɛr#}
327    | #ˌinwˌidiˈɑːnioː# | *#ˌɪnwˌɪd͡ʒjˈɒːnju# | *#ˌemˌed͡ʒjˈoɲu# | *#mɪd͡ʒˈoɲu# | *#mɪzˈɔ̃ɲu# | *#məzˈɔ̃ɲə# | *#məzˈɔ̃ɲ# {GOLD: #mizˈɔ̃ɲ#} | *#məzˈɔ̃ɲ# {GOLD: >*} | *#md͡zˈɔɲ# {GOLD: >*} | *#md͡zˈɔj# {GOLD: #md͡zˈɔj#}
328    | #wˌiːtˈɑːnioː# | *#wˌitˈɒːnju# | *#wˌitˈoɲu# | *#βɪtˈoɲu# | *#βɪtˈɔ̃ɲu# | *#ftˈɔ̃ɲə# | *#ftˈɔ̃ɲ# {GOLD: >*} | *#ftˈɔ̃ɲ# {GOLD: >*} | *#ftˈɔɲ# {GOLD: >*} | *#ftˈɔj# {GOLD: #ftˈɔj#}
329    | #ˌinwˌitiˈɑːnioː# | *#ˌɪnwˌɪt͡ʃjˈɒːnju# | *#ˌemˌet͡ʃjˈoɲu# | *#mɪt͡ʃˈoɲu# | *#mɪsˈɔ̃ɲu# | *#məsˈɔ̃ɲə# | *#məsˈɔ̃ɲ# {GOLD: >*} | *#məsˈɔ̃ɲ# {GOLD: >*} | *#məsˈɔɲ# {GOLD: >*} | *#məsˈɔj# {GOLD: #məsˈɔj#}
330    | ... | #ɟˌowˈɑnnɛ# | *#ɟˈowɑnːɛ# | *#ɟˈoanːɪ# | *#ɟˈɔɐnːɪ# | *#ɟˈɔɐnːə# | *#ɟˈɔːnː# {GOLD: >*} | *#ɟˈɔːn# {GOLD: >*} | *#ɟˈɔn# {GOLD: >*} | *#ɟˈɔn# {GOLD: #ɟˈɔn#}
331    | ... | ... | ... | #jˈɔkʊ# | *#jˈɔkə# | *#jˈɔkə# | *#jˈɔk# {GOLD: >*} | *#jˈɔk# {GOLD: >*} | *#jˈɔk# {GOLD: >*} | *#jˈɔk# {GOLD: #hˈɔkə#}
332    | #ˈiːrɑ# | *#ˈirɑ# | *#ˈirɑ# | *#ˈira# | *#ˈiɾa# | *#ˈiːɾa# | *#ˈiːɾə# {GOLD: >*} | *#ˈiːɾə# {GOLD: >*} | *#ˈiɾə# {GOLD: >*} | *#ˈiɾə# {GOLD: #ˈiɾə#}
333    | #iˌuːdikˈɑːnioː# | *#ɟˌuːdɪkˈɒːnju# | *#ɟˌydekˈoɲu# | *#ɟˌyðɪkˈoɲu# | *#ɟˌyðɪkˈɔ̃ɲu# | *#ɟˌyːkˈɔ̃ɲə# | *#ɟˌyːkˈɔ̃ɲ# {GOLD: >*} | *#ɟˌyːkˈɔ̃ɲ# {GOLD: >*} | *#ɟykˈɔɲ# {GOLD: >*} | *#ɟykˈɔj# {GOLD: #ɟykˈɔj#}
334    | #iˌuːdikˈɑːtɑm# | *#ɟˌuːdɪkˈɑːtɑ# | *#ɟˌydekˈɑtɑ# | *#ɟˌyðɪkˈata# | *#ɟˌyðɪkˈata# | *#ɟˌyːɡˈata# | *#ɟˌyːɡˈatə# {GOLD: >*} | *#ɟˌyːɡˈatə# {GOLD: >*} | *#ɟyɡˈatə# {GOLD: >*} | *#ɟyɡˈatə# {GOLD: #ɟykˈatə#}
335    | #iˌuːdˈikium# | *#ɟˈuːdikjʊ# | *#ɟˈydikju# | *#ɟˈyðɪcju# | *#ɟˈyðɪcju# | *#ɟˈyːcjə# | *#ɟˈyːc# {GOLD: >*} | *#ɟˈyːc# {GOLD: #ɟˈyːc#} | *#ɟˈyc# {GOLD: >*} | *#ɟˈyc# {GOLD: #ɟˈyc#}
336    | #iˌuːnktˈuːrɑm# | *#ɟˌuːnktˈuːrɑ# | *#ɟˌynktˈyrɑ# | *#ɟˌyntˈyra# | *#ɟˌỹːntˈyɾa# | *#ɟˌỹːndˈyːɾa# | *#ɟˌỹːndˈyːɾə# {GOLD: >*} | *#ɟˌỹːndˈyːɾə# {GOLD: >*} | *#ɟyndˈyɾə# {GOLD: >*} | *#ɟyndˈyɾə# {GOLD: #ɟymtˈyɾə#}
337    | #iˈuːnktum# | *#ɟˈuːnktʊ# | *#ɟˈynktu# | *#ɟˈyntu# | *#ɟˈỹntu# | *#ɟˈỹndə# | *#ɟˈỹnd# {GOLD: >*} | *#ɟˈỹnd# {GOLD: >*} | *#ɟˈynd# {GOLD: >*} | *#ɟˈynd# {GOLD: #ɟˈymt#}
338    | #iˌuːrˈɑːnioː# | *#ɟˌuːrˈɒːnju# | *#ɟˌyrˈoɲu# | *#ɟˌyrˈoɲu# | *#ɟəɾˈɔ̃ɲu# | *#ɟəɾˈɔ̃ɲə# | *#ɟəɾˈɔ̃ɲ# {GOLD: >*} | *#ɟəɾˈɔ̃ɲ# {GOLD: >*} | *#ɟəɾˈɔɲ# {GOLD: >*} | *#ɟəɾˈɔj# {GOLD: #ɟəɾˈɔj#}
339    | #iˌuwˈenkɑm# | *#ɟˌʊwˈɛnkɑ# | *#ɟˌuvˈɛnkɑ# | *#ɟˌuvˈɛnka# | *#ɟˌuːvˈɛ̃nka# | *#ɟˌuːvˈɛ̃nɡa# | *#ɟˌuːvˈɛ̃ŋɡə# {GOLD: >*} | *#ɟˌuːvˈɛ̃ɲ̈ɡə# {GOLD: >*} | *#ɟuvˈɛɲ̈ɡə# {GOLD: >*} | *#ɟuvˈɛŋɡə# {GOLD: #ɟuvˈɛŋɡə#}
340    | #kˈae̯kɑ# | *#kˈɛkɑ# | *#kˈɛkɑ# | *#kˈɛka# | *#cˈɛka# | *#cˈɛka# | *#cˈɛkə# {GOLD: >*} | *#cˈɛkə# {GOLD: >*} | *#cˈɛkə# {GOLD: >*} | *#cˈɛkə# {GOLD: #cˈɛkə#}
341    | #kˈae̯lum# | *#kˈɛlʊ# | *#kˈɛlu# | *#kˈɛlu# | *#cˈɛlu# | *#cˈie̯lˠə# | *#cˈie̯lˠ# {GOLD: #cˈie̯lˠ#} | *#cˈie̯lˠ# {GOLD: >*} | *#cˈie̯lˠ# {GOLD: >*} | *#cˈie̯lˠ# {GOLD: #cˈie̯lˠ#}
342    | #kˌɑlɑmˈeːtum# | *#kˌɑlɑmˈeːtʊ# | *#kˌɑlɑmˈetu# | *#kˌalamˈetu# | *#kˌalə̃mˈetu# | *#kˌalˠə̃mˈɛtə# | *#kˌalˠə̃mˈɛt# {GOLD: >*} | *#kˌalˠmˈɛt# {GOLD: >*} | *#kalˠmˈɛt# {GOLD: >*} | *#kalˠmˈɛt# {GOLD: #kalˠmˈɛt#}
343    | #kˈɑlɑmum# | *#kˈɑlɑmʊ# | *#kˈɑlɑmu# | *#kˈalamu# | *#kˈalɐmu# | *#kˈaːlˠɐmə# | *#kˈaːlˠəm# {GOLD: >*} | *#kˈaːlˠəm# {GOLD: >*} | *#kˈalˠm# {GOLD: #kˈalˠəm#} | *#kˈalˠm# {GOLD: #kˈalˠm#}
344    | ... | #kˌɑlˈɑndɑ# | *#kˌɑlˈɑndɑ# | *#kˌalˈanda# | *#kəlˈãnda# | *#kəlˠˈanda# | *#kəlˠˈandə# {GOLD: #kəlˠˈandə#} | *#kəlˠˈandə# {GOLD: >*} | *#kəlˠˈandə# {GOLD: >*} | *#klˠˈandə# {GOLD: #klˠˈandə#}
345    | #kˌɑlendˈɑːrium# | *#kˌɑlɛndˈɒːrjʊ# | *#kˌɑlɛndˈorju# | *#kˌalɪndˈoru# | *#kˌalə̃ndˈɔɾu# | *#kˌalˠə̃ndˈuo̯ɾə# | *#kˌalˠə̃ndˈuo̯ɾ# {GOLD: #kˌalˠəndˈuo̯ɾ#} | *#kˌalˠə̃ndˈua̯ɾ# {GOLD: #kˌalˠn̩dˈuo̯ɾ#} | *#kalˠndˈua̯ɾ# {GOLD: #kˌalˠəndˈua̯ɾ#} | *#kalˠnˈɔɾ# {GOLD: #kalˠnˈɔɾ#}
346    | #kˈɑlikem# | *#kˈɑlɪkɛ# | *#kˈɑlekɛ# | *#kˈelɪcɪ# | *#cˈelɪcɪ# | *#cˈɛːlcə# | *#cˈɛːlc# {GOLD: >*} | *#cˈɛːlc# {GOLD: >*} | *#cˈɛlc# {GOLD: >*} | *#cˈɛlc# {GOLD: #cˈɛlc#}
347    | #kˌɑlkˈɑːriɑm# | *#kˌɑlkˈɑːrjɑ# | *#kˌɑlkˈɑrjɑ# | *#kˌalcˈerja# | *#kəlcˈeɾja# | *#kəlcˈɛːɾja# | *#kl̩cˈɛːɾɛ# {GOLD: #kl̩cɛɾɛ#} | *#ɡl̩cˈɛːɾɛ# {GOLD: >*} | *#ɡl̩cˈɛɾɛ# {GOLD: >*} | *#ɡəlcˈɛɾɛ# {GOLD: #ɡəlcˈɛɾɛ#}
348    | #kˈɑlliː# | *#kˈɑlli# | *#kˈɑlːi# | *#kˈelːɪ# | *#cˈelːɪ# | *#cˈɛːlːə# | *#cˈɛːlː# {GOLD: >*} | *#cˈɛːlː# {GOLD: >*} | *#cˈɛl# {GOLD: >*} | *#cˈɛl# {GOLD: #cˈɛl#}
349    | #kˈɑmbɑ# | *#kˈɑmbɑ# | *#kˈɑmbɑ# | *#kˈamba# | *#kˈãmba# | *#kˈãmba# | *#kˈʌ̃mbə# {GOLD: #kˈɑ̃mbə#} | *#kˈə̃mbə# {GOLD: >*} | *#kˈəmbə# {GOLD: >*} | *#kˈəmbə# {GOLD: #kˈəmbə#}
350    | #kˌɑmbiˈɑːnioː# | *#kˌɑmbjˈɒːnju# | *#kˌɑmbˈojɲu# | *#kˌambˈojɲu# | *#kˌãmbˈɔj̃ɲu# | *#kˌãmbˈɛ̃ɲə# | *#kˌʌ̃mbˈɛ̃ɲ# {GOLD: >*} | *#kˌə̃mbˈɛ̃ɲ# {GOLD: >*} | *#kəmbˈɛɲ# {GOLD: >*} | *#kəmbˈɛj# {GOLD: #kəmbˈɛj#}
351    | #kˈɑmerɑ# | *#kˈɑmɛrɑ# | *#kˈemɛrɑ# | *#kˈemɪra# | *#cˈẽmɪɾa# | *#cˈɛ̃məɾa# | *#cˈɛ̃məɾə# {GOLD: >*} | *#cˈɛ̃məɾ# {GOLD: >*} | *#cˈɛməɾ# {GOLD: >*} | *#cˈɛməɾ# {GOLD: #cˈɛməɾ#}
352    | #kˌɑmpˈɑːnɑ# | *#kˌɑmpˈɑːnɑ# | *#kˌɑmpˈɑnɑ# | *#kˌampˈana# | *#kˌãmpˈãɾ̃a# | *#kˌãmbˈãɾ̃a# | *#kˌʌ̃mbˈʌ̃ɾ̃ə# {GOLD: #km̩bˈɑ̃ɾ̃ə#} | *#kˌə̃mbˈə̃ɾ̃ə# {GOLD: ...} | ... {GOLD: ...} | ... {GOLD: ...}
353    | ... | ... | #kˌɑmpˈonɑ# | *#kˌampˈona# | *#kˌãmpˈɔ̃ɾ̃a# | *#kˌãmbˈɔ̃ɾ̃a# | *#kˌʌ̃mbˈɔ̃ɾ̃ə# {GOLD: #km̩bˈɔ̃ɾ̃ə#} | *#kˌə̃mbˈɔ̃ɾ̃ə# {GOLD: >*} | *#kəmbˈɔɾə# {GOLD: >*} | *#kəmbˈɔɾə# {GOLD: #kəmbˈɔɾə#}
354    | #kˌɑmˈisiɑm# | *#kˌɑmˈɪsjɑ# | *#kˌɑmˈesjɑ# | *#kˌamˈisa# | *#kə̃mˈiʃa# | *#kə̃mˈiːʃa# | *#kə̃mˈiːʃə# {GOLD: >*} | *#kə̃mˈiːʃə# {GOLD: >*} | *#kəmˈiʃə# {GOLD: >*} | *#kəmˈiʃə# {GOLD: #kəmˈiʃə#}
355    | #kˈɑnɑpem# | *#kˈɑnɑpɛ# | *#kˈɑnɑpɛ# | *#kˈanapɪ# | *#kˈãɾ̃ɐpɪ# | *#kˈãɾ̃ɐpə# | *#kˈʌ̃ɾ̃əp# {GOLD: #kˈɑ̃ɾ̃əp#} | *#kˈə̃ɾ̃əp# {GOLD: >*} | *#kˈəɾəp# {GOLD: #kˈəɾəp#} | *#kˈəɾp# {GOLD: #kˈəɾp#}
356    | #kˌɑndˈeːlɑm# | *#kˌɑndˈeːlɑ# | *#kˌɑndˈelɑ# | *#kˌandˈela# | *#kə̃ndˈela# | *#kə̃ndˈɛːlˠa# | *#kə̃ndˈɛːlˠə# {GOLD: >*} | *#kə̃ndˈɛːlˠə# {GOLD: >*} | *#kəndˈɛlˠə# {GOLD: >*} | *#kəndˈɛlˠə# {GOLD: #kəndˈɛlˠə#}
357    | #kˈɑnem# | *#kˈɑnɛ# | *#kˈɑnɛ# | *#kˈenɪ# | *#cˈẽɾ̃ɪ# | *#cˈɛ̃ːnːə# | *#cˈɛ̃ːnː# {GOLD: #cjˈæ̃n#} | *#cˈɛ̃ːn# {GOLD: >*} | *#cˈɛn# {GOLD: >*} | *#cˈɛn# {GOLD: #cˈɛn#}
358    | #kˈɑnnɑ# | *#kˈɑnnɑ# | *#kˈɑnːɑ# | *#kˈanːa# | *#kˈãnːa# | *#kˈanːa# | *#kˈanːə# {GOLD: >*} | *#kˈanə# {GOLD: >*} | *#kˈanə# {GOLD: >*} | *#kˈanə# {GOLD: #kˈanə#}
359    | #kˌɑnnˈɑːtɑm# | *#kˌɑnnˈɑːtɑ# | *#kˌɑnːˈɑtɑ# | *#kˌanːˈata# | *#kə̃nːˈata# | *#kə̃nːˈata# | *#kə̃nːˈatə# {GOLD: >*} | *#kə̃nˈatə# {GOLD: >*} | *#kənˈatə# {GOLD: >*} | *#kənˈatə# {GOLD: #kənˈatə#}
360    | #kˌɑnnˈeːtum# | *#kˌɑnnˈeːtʊ# | *#kˌɑnːˈetu# | *#kˌanːˈetu# | *#kə̃nːˈetu# | *#kə̃nːˈɛtə# | *#kə̃nːˈɛt# {GOLD: >*} | *#kə̃nˈɛt# {GOLD: >*} | *#kənˈɛt# {GOLD: >*} | *#kənˈɛt# {GOLD: #kənˈɛt#}
361    | #kˌɑntˈɑːnioː# | *#kˌɑntˈɒːnju# | *#kˌɑntˈoɲu# | *#kˌantˈoɲu# | *#kə̃ntˈɔ̃ɲu# | *#kə̃ndˈɔ̃ɲə# | *#kə̃ndˈɔ̃ɲ# {GOLD: >*} | *#kə̃ndˈɔ̃ɲ# {GOLD: >*} | *#kəndˈɔɲ# {GOLD: >*} | *#kəndˈɔj# {GOLD: #kəndˈɔj#}
362    | #kˈɑntʰɑrum# | *#kˈɑntʰɑrʊ# | *#kˈɑntɑru# | *#kˈantaru# | *#kˈãntɐɾu# | *#kˈandɐɾə# | *#kˈandɾ̩# {GOLD: >*} | *#kˈandɾ̩# {GOLD: >*} | *#kˈandɾ̩# {GOLD: >*} | *#kˈandəɾ# {GOLD: #kˈandəɾ#}
363    | #kˈɑntikɑm# | *#kˈɑntɪkɑ# | *#kˈɑntkɑ# | *#kˈanka# | *#kˈãnka# | *#kˈãnɡa# | *#kˈʌ̃ŋɡə# {GOLD: #kˈɑ̃ntkə#} | *#kˈə̃ɲ̈ɡə# {GOLD: >*} | *#kˈəɲ̈ɡə# {GOLD: >*} | *#kˈəŋɡə# {GOLD: #kˈəŋɡə#}
364    | #kˌɑntikˈellum# | *#kˌɑntɪkˈɛllʊ# | *#kˌɑntkˈɛlːu# | *#kˌancˈɛlːu# | *#kˌãncˈɛlːu# | *#kˌãncˈɛːlːə# | *#kˌʌ̃ɲɟˈɛːlː# {GOLD: #kˌãntcˈɛl#} | *#kˌə̃ɲɟˈɛːlː# {GOLD: >*} | *#kəɲɟˈɛl# {GOLD: >*} | *#kəɲɟˈɛl# {GOLD: #kəɲɟˈɛl#}
365    | #kˌɑppˈellɑ# | *#kˌɑppˈɛllɑ# | *#kˌɑppˈɛlːɑ# | *#kˌappˈɛlːa# | *#kˌapˈɛlːa# | *#kˌapˈɛːlːa# | *#kˌapˈɛːlːə# {GOLD: >*} | *#kˌapˈɛːlːə# {GOLD: >*} | *#kapˈɛlə# {GOLD: >*} | *#kapˈɛlə# {GOLD: #kapˈɛlə#}
366    | #kˌɑpreˈolum# | *#kˌɑprjˈɒlʊ# | *#kˌɑprjˈolu# | *#kˌaprˈolu# | *#kˌapɾˈɔlu# | *#kˌapɾˈuo̯lˠə# | *#kˌapɾˈuo̯lˠ# {GOLD: #kapɾˈuo̯lˠ#} | *#kˌapɾˈua̯lˠ# {GOLD: >*} | *#kapɾˈua̯lˠ# {GOLD: >*} | *#kapɾˈua̯lˠ# {GOLD: #kapɾˈua̯lˠ#}
367    | #kˌɑpissˈɑːtɑm# | *#kˌɑpɪssˈɑːtɑ# | *#kˌɑpssˈɑtɑ# | *#kˌapsˈata# | *#kˌapʃˈata# | *#kˌafʃˈata# | *#kˌafʃˈatə# {GOLD: >*} | *#kˌafʃˈatə# {GOLD: >*} | *#kafʃˈatə# {GOLD: >*} | *#kafʃˈatə# {GOLD: #kafʃˈatə#}
368    | #kˌɑpissˈonioː# | *#kˌɑpɪssˈɒnju# | *#kˌɑpssˈoɲu# | *#kˌapsˈoɲu# | *#kˌapʃˈɔ̃ɲu# | *#kˌafʃˈɔ̃ɲə# | *#kˌafʃˈɔ̃ɲ# {GOLD: >*} | *#kˌafʃˈɔ̃ɲ# {GOLD: >*} | *#kafʃˈɔɲ# {GOLD: >*} | *#kafʃˈɔj# {GOLD: #kafʃˈɔj#}
369    | #kˌɑpˈistrum# | *#kˌɑpˈɪstrʊ# | *#kˌɑpˈestru# | *#kˌapˈestru# | *#kˌapˈeʃtɾu# | *#kˌapɾˈɛːʃtə# | *#kˌapɾˈɛːʃt# {GOLD: #kapɾˈɛʃtə#} | *#kˌapɾˈɛːʃt# {GOLD: #kəpɾˈɛʃə#} | *#kapɾˈɛʃt# {GOLD: >*} | *#kapɾˈɛʃt# {GOLD: #kəpɾˈɛʃ#}
370    | #kˌɑpitˈiːnɑ# | *#kˌɑpɪtˈinɑ# | *#kˌɑptˈinɑ# | *#kˌaptˈina# | *#kˌaptˈĩna# | *#kɐftˈĩna# | *#kəftˈĩnə# {GOLD: >*} | *#kəftˈĩnə# {GOLD: >*} | *#kəftˈinə# {GOLD: >*} | *#kəftˈinə# {GOLD: #kaptˈinə#}
371    | #kˌɑːpˈoːnem# | *#kˌɑːpˈɒːnɛ# | *#kˌɑpˈonɛ# | *#kˌapˈonɪ# | *#kˌapˈɔ̃ɾ̃ɪ# | *#kˌapˈũo̯ɾ̃ə# | *#kˌapˈũo̯# {GOLD: #kapˈuo̯#} | *#kˌapˈũa̯# {GOLD: >*} | *#kapˈua̯# {GOLD: >*} | *#kapˈua̯# {GOLD: #kapˈua̯#}
372    | #kˈɑpreum# | *#kˈɑprjʊ# | *#kˈɑprju# | *#kˈepru# | *#cˈepɾu# | *#cˈɛpɾə# | *#cˈɛpɾ̩# {GOLD: >*} | *#cˈɛpɾ̩# {GOLD: >*} | *#cˈɛpɾ̩# {GOLD: >*} | *#cˈɛpəɾ# {GOLD: #cˈɛpəɾ#}
373    | #kˈɑptiː# | *#kˈɑpti# | *#kˈɑpti# | *#kˈaptɪ# | *#kˈaptɪ# | *#kˈaːftə# | *#kˈaːft# {GOLD: >*} | *#kˈaːft# {GOLD: >*} | *#kˈaft# {GOLD: >*} | *#kˈaft# {GOLD: #cˈɛft#}
374    | #kˈɑriem# | *#kˈɑrjɛ# | *#kˈɑrjɛ# | *#kˈerːjɛ# | *#cˈerːjɛ# | *#cˈɛːrːjɛ# | *#cˈɛːrɛ# {GOLD: >*} | *#cˈɛːrɛ# {GOLD: >*} | *#cˈɛrɛ# {GOLD: >*} | *#cˈɛrɛ# {GOLD: #cˈɛrɛ#}
375    | #kˌɑrpˈutioː# | *#kˌɑrpˈʊt͡ʃju# | *#kˌɑrpˈut͡ʃju# | *#kˌarpˈut͡ʃu# | *#kəɾpˈusu# | *#kəɾpˈuːsə# | *#kɾ̩pˈuːs# {GOLD: >*} | *#kɾ̩pˈuːs# {GOLD: >*} | *#kɾ̩pˈus# {GOLD: >*} | *#kəɾpˈus# {GOLD: #kəɾpˈus#}
376    | ... | ... | ... | #kˌɑrrjˈozʊ# | *#kˌɑɾɾjˈɔzə# | *#kˌɑrːjˈɔːzə# | *#kˌarjˈɔːz# {GOLD: >*} | *#kˌarjˈɔːz# {GOLD: >*} | *#karjˈɔz# {GOLD: >*} | *#karjˈɔz# {GOLD: #cəɾˈɔz#}
377    | #kˌɑrminˈɑːnioː# | *#kˌɑrmɪnjˈɒːnju# | *#kˌermeɲˈoɲu# | *#kˌermɲˈoɲu# | *#cˌeɾmɲˈɔ̃ɲu# | *#cˌɛɾɲːˈɔ̃ɲə# | *#cɾ̩ɲːˈɔ̃ɲ# {GOLD: >*} | *#cɾ̩ɲˈɔ̃ɲ# {GOLD: >*} | *#cɾ̩ɲˈɔɲ# {GOLD: >*} | *#cəɾɲˈɔj# {GOLD: #kɛɾɲˈɔj#}
378    | #kˈɑrrɑ# | *#kˈɑrrɑ# | *#kˈɑrrɑ# | *#kˈarra# | *#kˈaɾɾa# | *#kˈaːrːa# | *#kˈaːrə# {GOLD: >*} | *#kˈaːrə# {GOLD: >*} | *#kˈarə# {GOLD: >*} | *#kˈarə# {GOLD: #kˈarə#}
379    | #kˈɑrriː# | *#kˈɑrri# | *#kˈɑrri# | *#kˈerrɪ# | *#cˈeɾɾɪ# | *#cˈɛːrːə# | *#cˈɛːr# {GOLD: >*} | *#cˈɛːr# {GOLD: >*} | *#cˈɛr# {GOLD: >*} | *#cˈɛr# {GOLD: #cˈɛr#}
380    | #kˌɑrrˌiːkulˈɑːnioː# | *#kˌɑrrˌikʊlˈɒːnju# | *#kˌɑrrˌikulˈoɲu# | *#kˌarrˌikulˈoɲu# | *#kˌaɾɾˌiːkulˈɔ̃ɲu# | *#kˌarːˌiːkulˠˈɔ̃ɲə# | *#kˌarˌiːkəlˠˈɔ̃ɲ# {GOLD: >*} | *#kˌarˌiːkəlˠˈɔ̃ɲ# {GOLD: >*} | *#kariklˠˈɔɲ# {GOLD: >*} | *#kariklˠˈɔj# {GOLD: #kriklˠˈɔj#}
381    | #kˌɑrsˈɑːnɑm# | *#kˌɑrsˈɑːnɑ# | *#kˌɑrsˈɑnɑ# | *#kˌarsˈana# | *#kəɾʃˈãɾ̃a# | *#kəɾʃˈãɾ̃a# | *#kɾ̩ʃˈʌ̃ɾ̃ə# {GOLD: #kɾ̩ʃˈɑ̃ɾ̃ə#} | *#ɡɾ̩ʃˈə̃ɾ̃ə# {GOLD: >*} | *#ɡɾ̩ʃˈəɾə# {GOLD: >*} | *#ɡəɾʃˈəɾə# {GOLD: #ɡəɾʃˈəɾə#}
382    | #kʰˈɑrtɑm# | *#kʰˈɑrtɑ# | *#kˈɑrtɑ# | *#kˈarta# | *#kˈaɾta# | *#kˈaːɾta# | *#kˈaːɾtə# {GOLD: >*} | *#kˈaːɾtə# {GOLD: >*} | *#kˈaɾtə# {GOLD: >*} | *#kˈaɾtə# {GOLD: #kˈaɾtə#}
383    | #kˈɑsinɑ# | *#kˈɑsɪnɑ# | *#kˈɑsenɑ# | *#kˈesɑ̃ɾ̃a# | *#cˈeʃɐɾ̃a# | *#cˈɛːʃɐɾ̃a# | *#cˈɛːʃəɾ̃ə# {GOLD: >*} | *#cˈɛːʃəɾ̃# {GOLD: >*} | *#kˈɛʃəɾ# {GOLD: >*} | *#cˈɛʃəɾ# {GOLD: #cˈɛʃəɾ#}
384    | #kˌɑstˈɑneɑm# | *#kˌɑstˈɑnjɑ# | *#kˌɑstˈɑɲɑ# | *#kˌastˈaɲa# | *#kˌaʃtˈãɲa# | *#kɐʃtˈɛ̃ɲa# | *#kəʃtˈɛ̃ɲə# {GOLD: #kəʃtˈɛ̃ɲə#} | *#kəʃtˈɛ̃ɲə# {GOLD: >*} | *#kəʃtˈɛɲə# {GOLD: >*} | *#kəʃtˈɛɲə# {GOLD: #ɡəʃtˈɛɲə#}
385    | #kˌɑstɑnˈettum# | *#kˌɑstɑnˈɛttʊ# | *#kˌɑstɑnˈɛttu# | *#kˌastɑ̃ɾ̃ˈɛttu# | *#kˌaʃtə̃ɾ̃ˈɛːtu# | *#kˌaʃtə̃ɾ̃ˈie̯tə# | *#kˌaʃɲˈɛt# {GOLD: >*} | *#kˌaʃɲˈɛt# {GOLD: >*} | *#kaʃɲˈɛt# {GOLD: >*} | *#kaʃɲˈɛt# {GOLD: #kaʃɲˈɛt#}
386    | #kˌɑstˈellɑm# | *#kˌɑstˈɛllɑ# | *#kˌɑstˈɛlːɑ# | *#kˌastˈɛlːa# | *#kˌaʃtˈɛːlːa# | *#kɐʃtˈie̯lːa# | *#kəʃcˈɛlːə# {GOLD: >*} | *#kəʃcˈɛlːə# {GOLD: >*} | *#kəʃcˈɛlə# {GOLD: >*} | *#kəʃcˈɛlə# {GOLD: #kəʃtjˈɛlˠə#}
387    | #kˌɑstˈellum# | *#kˌɑstˈɛllʊ# | *#kˌɑstˈɛlːu# | *#kˌastˈɛlːu# | *#kˌaʃtˈɛːlːu# | *#kɐʃtˈie̯lːə# | *#kəʃcˈɛlː# {GOLD: >*} | *#kəʃcˈɛlː# {GOLD: >*} | *#kəʃcˈɛl# {GOLD: #kəʃtjˈɛl#} | *#kəʃcˈɛl# {GOLD: ...}
388    | ... | ... | ... | #kˈaβka# | *#kˈaβka# | *#kˈaːfka# | *#kˈaːfkə# {GOLD: >*} | *#kˈaːfkə# {GOLD: >*} | *#kˈafkə# {GOLD: >*} | *#kˈafkə# {GOLD: #kˈafkə#}
389    | ... | ... | ... | #kˈaβsa# | *#kˈaβʃa# | *#kˈaːfʃa# | *#kˈaːfʃə# {GOLD: >*} | *#kˈaːfʃə# {GOLD: >*} | *#kˈafʃə# {GOLD: >*} | *#kˈafʃə# {GOLD: #kˈafʃə#}
390    | ... | ... | #kˈɛllɑ# | *#kˈɛlla# | *#cˈɛlla# | *#cˈɛːlːa# | *#cˈɛːlːə# {GOLD: >*} | *#cˈɛːlːə# {GOLD: >*} | *#cˈɛlə# {GOLD: >*} | *#cˈɛlə# {GOLD: #cˈɛlə#}
391    | #kˈentiː# | *#kˈɛnti# | *#kˈɛnti# | *#kˈintɪ# | *#cˈĩntɪ# | *#cˈĩndə# | *#cˈĩnd# {GOLD: >*} | *#cˈĩnd# {GOLD: >*} | *#cˈind# {GOLD: >*} | *#cˈind# {GOLD: #cˈind#}
392    | #kˈentrum# | *#kˈɛntrʊ# | *#kˈɛntru# | *#kˈɛntru# | *#cˈɛ̃ntɾu# | *#cˈɛ̃ndɾə# | *#cˈɛ̃ndɾ̩# {GOLD: #cˈɛ̃ntɾ̩#} | *#cˈɛ̃ndɾ̩# {GOLD: >*} | *#cˈɛndɾ̩# {GOLD: >*} | *#cˈɛndəɾ# {GOLD: #cˈɛndəɾ#}
393    | #kˌentrˈɑːnioː# | *#kˌɛntrˈɒːnju# | *#kˌɛntrˈoɲu# | *#kˌɛntrˈoɲu# | *#cˌɛ̃ntɾˈɔ̃ɲu# | *#cˌɛ̃ndɾˈɔ̃ɲə# | *#cˌɛ̃ndɾˈɔ̃ɲ# {GOLD: >*} | *#cˌɛ̃ndɾˈɔ̃ɲ# {GOLD: >*} | *#cɛndɾˈɔɲ# {GOLD: >*} | *#cɛndɾˈɔj# {GOLD: #cɛndɾˈɔj#}
394    | #kˈeːpɑ# | *#kˈeːpɑ# | *#kˈepɑ# | *#kˈepa# | *#cˈepa# | *#cˈɛpa# | *#cˈɛpə# {GOLD: #cˈɛpə#} | *#cˈɛpə# {GOLD: >*} | *#cˈɛpə# {GOLD: >*} | *#cˈɛpə# {GOLD: #cˈɛpə#}
395    | #kˌeːpˈullɑ# | *#kˌeːpˈʊllɑ# | *#kˌepˈulːɑ# | *#kˌepˈulːa# | *#cˌepˈulːa# | *#cˌɛpˈuːlːa# | *#cˌɛpˈuːlːə# {GOLD: >*} | *#cˌɛpˈuːlːə# {GOLD: >*} | *#cɛpˈulə# {GOLD: >*} | *#cɛpˈulə# {GOLD: #cɛpˈulə#}
396    | #kˌerɑsiˈɑːrium# | *#kˌɛrɑsjˈɒːrjʊ# | *#kˌɛrɑsjˈorju# | *#kˌɛrasˈoru# | *#cˌɛɾəʃˈɔɾu# | *#cˌɛɾəʃˈuo̯ɾə# | *#cˌɛɾəʃˈuo̯ɾ# {GOLD: >*} | *#cˌɛɾʃˈua̯ɾ# {GOLD: >*} | *#cɛɾʃˈua̯ɾ# {GOLD: #cɛɾʃˈua̯ɾ#} | *#cɛɾʃˈɔɾ# {GOLD: #cɛɾʃˈɔɾ#}
397    | #kˌerebˈellum# | *#kˌɛrɛβˈɛllʊ# | *#kˌɛrˈøːɛlːu# | *#kərˈøːɛlːu# | *#kəɾˈœːlːu# | *#kəɾˈye̯lːə# | *#kəɾˈɛlː# {GOLD: >*} | *#kəɾˈɛlː# {GOLD: >*} | *#kɾˈɛl# {GOLD: >*} | *#kɾˈɛl# {GOLD: #kɾˈɛl#}
398    | #kˌerˈebrum# | *#kˌɛrˈɛβrʊ# | *#kˌɛrˈøːru# | *#kərˈøːru# | *#kəɾˈœːɾu# | *#kəɾˈye̯ɾə# | *#kəɾˈye̯# {GOLD: >*} | *#kəɾˈye̯# {GOLD: >*} | *#kɾˈye̯# {GOLD: >*} | *#kɾˈye̯# {GOLD: #kɾˈye̯#}
399    | #kˈerrum# | *#kˈɛrrʊ# | *#kjˈarru# | *#cˈarru# | *#cˈaɾɾu# | *#cˈaːrːə# | *#cˈaːr# {GOLD: >*} | *#cˈaːr# {GOLD: >*} | *#cˈar# {GOLD: >*} | *#cˈar# {GOLD: #cˈar#}
400    | #kʰˌersˈydrɑ# | *#kʰˌɛrsˈɪdrɑ# | *#kˌɛrsˈedrɑ# | *#kˌɛrsˈedra# | *#kəɾʃˈedɾa# | *#kəɾʃˈɛdɾa# | *#kɾ̩ʃˈɛdɾ̩# {GOLD: >*} | *#ɡɾ̩ʃˈɛdɾ̩# {GOLD: >*} | *#ɡɾ̩ʃˈɛdɾ̩# {GOLD: >*} | *#ɡəɾʃˈɛdəɾ# {GOLD: #kulʃˈɛdəɾ#}
401    | #kˌertˈɑːnioː# | *#kˌɛrtˈɒːnju# | *#kˌɛrtˈoɲu# | *#kˌɛrtˈoɲu# | *#cəɾtˈɔ̃ɲu# | *#cəɾtˈɔ̃ɲə# | *#cɾ̩tˈɔ̃ɲ# {GOLD: >*} | *#cɾ̩tˈɔ̃ɲ# {GOLD: >*} | *#cɾ̩tˈɔɲ# {GOLD: >*} | *#cəɾtˈɔj# {GOLD: #cəɾtˈɔj#}
402    | #kiˈeːnioː# | *#kjˈɒːnju# | *#kjˈoɲu# | *#cˈoɲu# | *#cˈɔ̃ɲu# | *#cˈɔ̃ɲə# | *#cˈɔ̃ɲ# {GOLD: >*} | *#cˈɔ̃ɲ# {GOLD: >*} | *#cˈɔɲ# {GOLD: >*} | *#cˈɔj# {GOLD: #cˈɔj#}
403    | #inkˌiːkˈɑːlɑ# | *#ɪnkˌikˈɑːlɑ# | *#enkkˈɑlɑ# | *#ənkˈala# | *#ə̃nkˈala# | *#ə̃nɡˈaːlˠa# | *#ə̃ŋɡˈaːlˠə# {GOLD: >*} | *#ə̃ɲ̈ɡˈaːlˠə# {GOLD: >*} | *#ɲ̈ɡˈalˠə# {GOLD: >*} | *#ŋɡˈalˠə# {GOLD: #ɟinkˈalˠə#}
404    | #kˈikerem# | *#kˈikɛrɛ# | *#kˈikɛrɛ# | *#kˈicɪrɪ# | *#cˈicɪɾɪ# | *#cˈicəɾə# | *#cˈicɾ̩# {GOLD: >*} | *#cˈicɾ̩# {GOLD: >*} | *#cˈicɾ̩# {GOLD: >*} | *#cˈicəɾ# {GOLD: #cˈicəɾ#}
405    | #kˌikʰˈoreːɑ# | *#kˌɪkʰˈɒrjɑ# | *#kkˈorjɑ# | *#kkˈorja# | *#kˈɔɾja# | *#kˈɔːɾja# | *#kˈɔːɾɛ# {GOLD: >*} | *#kˈɔːɾɛ# {GOLD: >*} | *#kˈɔɾɛ# {GOLD: >*} | *#kˈɔɾɛ# {GOLD: #kˈɔɾɛ#}
406    | #kˈiːmikɑm# | *#kˈimɪkɑ# | *#kˈimekɑ# | *#kˈimɪka# | *#cˈĩmɪka# | *#cˈĩmka# | *#cˈĩmkə# {GOLD: >*} | *#cˈĩmkə# {GOLD: >*} | *#cˈimkə# {GOLD: >*} | *#cˈimkə# {GOLD: #cˈimkə#}
407    | #kˌiːmˈussɑm# | *#kˌimˈʊssɑ# | *#kˌimˈussɑ# | *#kˌimˈussa# | *#cˌĩːmˈuʃa# | *#cˌĩːmˈuːʃa# | *#cˌĩːmˈuːʃə# {GOLD: >*} | *#cˌĩːmˈuːʃə# {GOLD: >*} | *#cimˈuʃə# {GOLD: >*} | *#cimˈuʃə# {GOLD: #cimˈuʃə#}
408    | #kˈiŋɡulɑ# | *#kˈiŋɡʊlɑ# | *#kˈiŋɡulɑ# | *#kˈiŋɡula# | *#cˈĩŋɡula# | *#cˈĩŋɡəlːə# | *#cˈĩŋɡl̩ː# {GOLD: >*} | *#cˈĩɲ̈ɡl̩ː# {GOLD: >*} | *#cˈiɲ̈ɡl̩# {GOLD: >*} | *#cˈiŋɡəl# {GOLD: #cˈiŋɡəl#}
409    | #kˌirkˈɑːnioː# | *#kˌɪrkˈɒːnju# | *#kˌerkˈoɲu# | *#kˌerkˈoɲu# | *#kəɾkˈɔ̃ɲu# | *#kəɾkˈɔ̃ɲə# | *#kɾ̩kˈɔ̃ɲ# {GOLD: >*} | *#kɾ̩kˈɔ̃ɲ# {GOLD: >*} | *#kɾ̩kˈɔɲ# {GOLD: >*} | *#kəɾkˈɔj# {GOLD: #kəɾkˈɔj#}
410    | #kˌirkˈellɑ# | *#kˌɪrkˈɛllɑ# | *#kˌerkˈɛlːɑ# | *#kˌercˈɛlːa# | *#kəɾcˈɛlːa# | *#kəɾcˈɛːlːa# | *#kɾ̩cˈɛːlːə# {GOLD: >*} | *#kɾ̩cˈɛːlːə# {GOLD: >*} | *#kɾ̩cˈɛlə# {GOLD: >*} | *#kəɾcˈɛlə# {GOLD: #kəɾcˈɛlə#}
411    | #kˈirkulum# | *#kˈɪrkʊlʊ# | *#kjˈarkulu# | *#cˈarkulu# | *#cˈaɾkulu# | *#cˈaːɾkulˠə# | *#cˈaːɾkulˠ# {GOLD: >*} | *#cˈaːɾkulˠ# {GOLD: >*} | *#cˈaɾkulˠ# {GOLD: >*} | *#cˈaɾkulˠ# {GOLD: #cˈaɾkulˠ#}
412    | #kˈirkum# | *#kˈɪrkʊ# | *#kjˈarku# | *#cˈarku# | *#cˈaɾku# | *#cˈaːɾkə# | *#cˈaːɾk# {GOLD: >*} | *#cˈaːɾk# {GOLD: >*} | *#cˈaɾk# {GOLD: >*} | *#cˈaɾk# {GOLD: #cˈaɾk#}
413    | ... | ... | #kˈitru# | *#kˈitru# | *#cˈitɾu# | *#cˈitɾə# | *#cˈitɾ̩# {GOLD: >*} | *#cˈitɾ̩# {GOLD: >*} | *#cˈitɾ̩# {GOLD: >*} | *#cˈitəɾ# {GOLD: #cˈitəɾ#}
414    | #kˌiːwitˈɑːtem# | *#kˌiwɪtˈɑːtɛ# | *#kˌyːtˈɑtɛ# | *#kˌyːtˈetɪ# | *#cˌyːtˈetɪ# | *#cˌyːtˈɛtə# | *#cˌyːtˈɛt# {GOLD: #cˌytˈæt#} | *#cˌyːtˈɛt# {GOLD: >*} | *#cytˈɛt# {GOLD: >*} | *#cytˈɛt# {GOLD: #cytˈɛt#}
415    | #klˌɑːmˈɑːnioː# | *#klˌɑːmˈɒːnju# | *#klˌɑmˈoɲu# | *#kləmˈoɲu# | *#klə̃mˈɔ̃ɲu# | *#klə̃mˈɔ̃ɲə# | *#kʎə̃mˈɔ̃ɲ# {GOLD: >*} | *#kʎə̃mˈɔ̃ɲ# {GOLD: #ɡʎəmˈɔ̃ɲ#} | *#cəmˈɔɲ# {GOLD: >*} | *#cəmˈɔj# {GOLD: #ɟəmˈɔj#}
416    | #klˌɑːrˈɑːnioː# | *#klˌɑːrˈɒːnju# | *#klˌɑrˈoɲu# | *#klˌarˈoɲu# | *#kləɾˈɔ̃ɲu# | *#kləɾˈɔ̃ɲə# | *#kl̩ɾˈɔ̃ɲ# {GOLD: >*} | *#kl̩ɾˈɔ̃ɲ# {GOLD: >*} | *#kl̩ɾˈɔɲ# {GOLD: #cəɾˈɔɲ#} | *#kəlɾˈɔj# {GOLD: #cəɾˈɔj#}
417    | #klˈɑːrtɑ# | *#klˈɑːrtɑ# | *#klˈɑrtɑ# | *#klˈarta# | *#klˈaɾta# | *#klˈaːɾta# | *#kʎˈaːɾtə# {GOLD: >*} | *#kʎˈaːɾtə# {GOLD: >*} | *#cˈaɾtə# {GOLD: >*} | *#cˈaɾtə# {GOLD: #cˈaɾtə#}
418    | #klˈɑːwɑnum# | *#klˈɑːwɑnʊ# | *#klˈɑwɑnu# | *#klˈawɑ̃ɾ̃u# | *#klˈaːɐɾ̃u# | *#klˈaːɐɾ̃ə# | *#kʎˈaːɾ̃# {GOLD: #kʎˈɑ̃ɾ̃#} | *#kʎˈaːɾ̃# {GOLD: >*} | *#cˈaɾ# {GOLD: >*} | *#cˈaɾ# {GOLD: #cˈə#}
419    | #klˌɑwsitˈuːrɑm# | *#klˌɑwɪtˈuːrɑ# | *#klˌyːtˈyrɑ# | *#klˌyːtˈyra# | *#klˌyːtˈyɾa# | *#klˌyːtˈyːɾa# | *#kʎˌyːtˈyːɾə# {GOLD: >*} | *#kʎˌyːtˈyːɾə# {GOLD: >*} | *#cytˈyɾə# {GOLD: >*} | *#cytˈyɾə# {GOLD: #klytˈyɾə#}
420    | #klˌɑwrˈuːlɑ# | *#klˌɑwrˈuːlɑ# | *#klˌɑwrˈylɑ# | *#klˌawrˈyla# | *#klˌaːɾˈyla# | *#klˌaːɾˈyːlˠa# | *#kʎˌaːɾˈyːlˠə# {GOLD: #kʎˈyːɾlə#} | *#kʎˌaːɾˈyːlˠə# {GOLD: ...} | ... {GOLD: ...} | ... {GOLD: ...}
421    | #kˌɑwsˈuːrɑ# | *#kˌɑwsˈuːrɑ# | *#kˌɑwsˈyrɑ# | *#kəsˈyra# | *#kəʃˈyɾa# | *#kəʃˈyːɾa# | *#kəʃˈyːɾə# {GOLD: >*} | *#kəʃˈyːɾə# {GOLD: >*} | *#kəʃˈyɾə# {GOLD: >*} | *#kəʃˈyɾə# {GOLD: #kəʃˈyɾə#}
422    | #klˌɑwsˈuːrɑ# | *#klˌɑwsˈuːrɑ# | *#klˌɑwsˈyrɑ# | *#kləsˈyra# | *#kləʃˈyɾa# | *#kləʃˈyːɾa# | *#kl̩ʃˈyːɾə# {GOLD: #kl̩t͡ʃˈyɾə#} | *#kl̩ʃˈyːɾə# {GOLD: >*} | *#kl̩t͡ʃˈyɾə# {GOLD: >*} | *#kəlt͡ʃˈyɾə# {GOLD: #kəlt͡ʃˈyɾə#}
423    | #klˌeːmˈeːntem# | *#klˌeːmˈeːntɛ# | *#klˌemˈentɛ# | *#kləmˈentɪ# | *#klə̃mˈẽntɪ# | *#klə̃mˈɛ̃ndə# | *#kʎə̃mˈɛ̃nd# {GOLD: #kl̩mˈɛ̃nt#} | *#kʎə̃mˈɛ̃nd# {GOLD: >*} | *#cəmˈɛnd# {GOLD: >*} | *#cəmˈɛnd# {GOLD: #kɛlmˈɛnd#}
424    | #klˌomˈostum# | *#klˌɛmːˈʊstʊ# | *#klˌɛmːˈustu# | *#kləmːˈustu# | *#klə̃mːˈuʃtu# | *#klə̃mːˈuːʃtə# | *#kʎə̃mːˈuːʃt# {GOLD: #kʎˈuməʃtə#} | *#kʎə̃mˈuːʃt# {GOLD: #kʎˈuməʃtə#} | *#cəmˈuʃt# {GOLD: >*} | *#cəmˈuʃt# {GOLD: #cˈuməʃt#}
425    | #kˌoˌeːmptˈɑːnioː# | *#kˌʊˌeːmptˈɒːnju# | *#kˌuˌemptˈoɲu# | *#kˌuˌemtˈoɲu# | *#kˌuːj̃mtˈɔ̃ɲu# | *#kˌuːj̃mtˈɔ̃ɲə# | *#kˌuːmtˈɔ̃ɲ# {GOLD: >*} | *#kˌuːmtˈɔ̃ɲ# {GOLD: >*} | *#kumtˈɔɲ# {GOLD: >*} | *#kumtˈɔj# {GOLD: #cəmtˈɔj#}
426    | #kˌoːɡitˈɑːnioː# | *#kˌuɡɪtˈɒːnju# | *#kˌuʎetˈoɲu# | *#kˌuʎɪtˈoɲu# | *#kˌuʎɪtˈɔ̃ɲu# | *#kˌuʎtˈɔ̃ɲə# | *#kˌuʎtˈɔ̃ɲ# {GOLD: #kˌuʎtˈɔ̃ɲ#} | *#kˌuʎtˈɔ̃ɲ# {GOLD: >*} | *#kujtˈɔɲ# {GOLD: #kuʎtˈɔɲ#} | *#kujtˈɔj# {GOLD: #kujtˈɔj#}
427    | #kˌoɡnˈɑːtum# | *#kˌʊŋnˈɑːtʊ# | *#kˌuŋnˈɑtu# | *#kˌuŋnˈatu# | *#kˌũːŋnˈatu# | *#kˌũːnːˈatə# | *#kˌũːnːˈat# {GOLD: >*} | *#kˌũːnˈat# {GOLD: >*} | *#kunˈat# {GOLD: >*} | *#kunˈat# {GOLD: #kunˈat#}
428    | #kˌohˌeːrˈeːdem# | *#kˌʊˌeːrˈeːdɛ# | *#kˌuˌerˈedɛ# | *#kˌuˌerˈiðɪ# | *#kˌuːjɾˈi# | *#kˌuːjɾˈi# | *#kˌuːjɾˈi# {GOLD: >*} | *#kˌuːjɾˈi# {GOLD: >*} | *#kujɾˈi# {GOLD: >*} | *#kujɾˈi# {GOLD: #kujɾˈi#}
429    | #kˌoˈiːnioː# | *#kˌʊˈinju# | *#kˌuˈiɲu# | *#kˌuˈiɲu# | *#kəˈĩːɲu# | *#kəˈĩːɲə# | *#kˈĩːɲ# {GOLD: >*} | *#kˈĩːɲ# {GOLD: >*} | *#kˈiɲ# {GOLD: >*} | *#cˈij# {GOLD: #cˈij#}
430    | #kˌolˈɑːnioː# | *#kˌʊlˈɒːnju# | *#kˌulˈoɲu# | *#kˌulˈoɲu# | *#kˌulˈɔ̃ɲu# | *#kˌulˠˈɔ̃ɲə# | *#kˌulˠˈɔ̃ɲ# {GOLD: >*} | *#kˌulˠˈɔ̃ɲ# {GOLD: >*} | *#kulˠˈɔɲ# {GOLD: >*} | *#kulˠˈɔj# {GOLD: #kulˠˈɔj#}
431    | #kˌollˈɑːre# | *#kˌʊllˈɑːrɛ# | *#kˌulːˈɑrɛ# | *#kˌulːˈarɪ# | *#kˌulːˈaɾɪ# | *#kˌulːˈaːɾə# | *#kˌulːˈaːɾ# {GOLD: >*} | *#kˌulːˈaːɾ# {GOLD: >*} | *#kulˈaɾ# {GOLD: >*} | *#kulˈaɾ# {GOLD: #kulˈaɾ#}
432    | #kˌollˌuktiˈɑːnioː# | *#kˌʊllˌʊkt͡ʃjˈɒːnju# | *#kˌulːˌukt͡ʃjˈoɲu# | *#kˌulːˌukt͡ʃˈoɲu# | *#kˌulːəcˈɔ̃ɲu# | *#kˌulːəcˈɔ̃ɲə# | *#kˌulːəcˈɔ̃ɲ# {GOLD: >*} | *#ɡˌulːcˈɔ̃ɲ# {GOLD: >*} | *#ɡulcˈɔɲ# {GOLD: >*} | *#ɡulcˈɔj# {GOLD: #ɡult͡ʃˈɔj#}
433    | #kˌollˌuːktˈɑːnioː# | *#kˌʊllˌuːktˈɒːnju# | *#kˌulːˌyktˈoɲu# | *#kˌulːˌyktˈoɲu# | *#kˌulːɪktˈɔ̃ɲu# | *#kˌulːətˈɔ̃ɲə# | *#kˌulːətˈɔ̃ɲ# {GOLD: >*} | *#ɡˌulːtˈɔ̃ɲ# {GOLD: >*} | *#ɡultˈɔɲ# {GOLD: >*} | *#ɡultˈɔj# {GOLD: #ɡultˈɔj#}
434    | #kˌollˌiːmitˈɑːnioː# | *#kˌʊllˌimɪtˈɒːnju# | *#kˌulːˌimetˈoɲu# | *#kˌulːˌimɪtˈoɲu# | *#kˌulːə̃mɪtˈɔ̃ɲu# | *#kˌulːə̃mtˈɔ̃ɲə# | *#kˌulːə̃mtˈɔ̃ɲ# {GOLD: >*} | *#ɡˌulːə̃mtˈɔ̃ɲ# {GOLD: >*} | *#ɡulmtˈɔɲ# {GOLD: >*} | *#ɡulmtˈɔj# {GOLD: #ɟəmtˈɔj#}
435    | #kˌolˈostrum# | *#kˌʊlˈɒstrʊ# | *#kˌulˈostru# | *#kˌulˈostru# | *#kˌulˈɔʃtɾu# | *#kˌulˠˈɔːʃtɾə# | *#kˌulˠˈɔːʃtɾ̩# {GOLD: >*} | *#kˌulˠˈɔːʃtɾ̩# {GOLD: >*} | *#kulˠˈɔʃtɾ̩# {GOLD: >*} | *#kulˠˈɔʃtəɾ# {GOLD: #kulˠˈɔʃtəɾ#}
436    | #kˌolumbˈiːnɑ# | *#kˌʊlʊmbɪnˈiɑ# | *#kˌulumbenˈijɑ# | *#kˌulumbɑ̃ɾ̃ˈija# | *#kˌulə̃mbə̃ɾ̃ˈija# | *#kˌulˠũmbə̃ɾ̃ˈija# | *#kˌulˠũmbə̃ɾ̃ˈiː# {GOLD: #kulˠumbɾ̃ˈiː#} | *#kˌulˠũmbə̃ɾ̃ˈiː# {GOLD: >*} | *#kulˠumbɾˈi# {GOLD: >*} | *#kulˠumbɾˈi# {GOLD: #kulˠumbɾˈi#}
437    | #kˌolumnˈɑːtiɑ# | *#kˌʊlʊmnˈɑːt͡ʃjɑ# | *#kˌulumnˈɑt͡ʃjɑ# | *#kˌulumnˈet͡ʃa# | *#kˌulə̃mnˈesa# | *#kˌulˠũmːˈɛːsa# | *#kˌulˠũmːˈɛːsə# {GOLD: >*} | *#kˌulˠũmˈɛːsə# {GOLD: >*} | *#kulˠumˈɛsə# {GOLD: >*} | *#kulˠumˈɛsə# {GOLD: #kulˠumˈɛsə#}
438    | #kˈonkʰɑm# | *#kˈʊnkʰɑ# | *#kˈunkɑ# | *#kˈunka# | *#kˈũnka# | *#kˈũnɡa# | *#kˈũŋɡə# {GOLD: #kˈũnkə#} | *#kˈũɲ̈ɡə# {GOLD: >*} | *#kˈuɲ̈ɡə# {GOLD: >*} | *#kˈuŋɡə# {GOLD: #kˈuŋɡə#}
439    | #kˈokkɑm# | *#kˈɒkkɑ# | *#kˈokkɑ# | *#kˈokka# | *#kˈɔka# | *#kˈɔka# | *#kˈɔkə# {GOLD: >*} | *#kˈɔkə# {GOLD: >*} | *#kˈɔkə# {GOLD: >*} | *#kˈɔkə# {GOLD: #kˈɔkə#}
440    | #kˈokkeum# | *#kˈɒkkjʊ# | *#kˈokkju# | *#kˈokcju# | *#kˈɔcju# | *#kˈɔcjə# | *#kˈɔc# {GOLD: >*} | *#kˈɔc# {GOLD: >*} | *#kˈɔc# {GOLD: >*} | *#kˈɔc# {GOLD: #kˈuc#}
441    | #kˈokʷum# | *#kˈɒkʷʊ# | *#kˈokʷu# | *#kˈoku# | *#kˈɔku# | *#kˈɔkə# | *#kˈɔk# {GOLD: >*} | *#kˈɔk# {GOLD: >*} | *#kˈɔk# {GOLD: >*} | *#kˈɔk# {GOLD: #kˈɔk#}
442    | #kˈoksɑm# | *#kˈɒksɑ# | *#kˈoksɑ# | *#kˈoksa# | *#kˈɔkʃa# | *#kˈɔːfʃa# | *#kˈɔːfʃə# {GOLD: >*} | *#kˈɔːfʃə# {GOLD: >*} | *#kˈɔfʃə# {GOLD: >*} | *#kˈɔfʃə# {GOLD: #kˈɔfʃə#}
443    | ... | #kˌoktˈorju# | *#kˌoktˈorju# | *#kˌoktˈoru# | *#kˌɔːktˈɔɾu# | *#kˌɔːftˈuo̯ɾə# | *#kˌɔːftˈuo̯ɾ# {GOLD: #kɔftˈuo̯ɾ#} | *#kˌɔːftˈua̯ɾ# {GOLD: >*} | *#kɔftˈua̯ɾ# {GOLD: >*} | *#kɔftˈua̯ɾ# {GOLD: #kɔftˈɔɾ#}
444    | #kˈomɑ# | *#kˈɒmɑ# | *#kˈomɑ# | *#kˈoma# | *#kˈɔ̃ma# | *#kˈɔ̃ma# | *#kˈɔ̃mə# {GOLD: >*} | *#kˈɔ̃mə# {GOLD: >*} | *#kˈɔmə# {GOLD: >*} | *#kˈɔmə# {GOLD: #kˈɔmə#}
445    | #kˌommˈerkium# | *#kˌʊmmˈɛrkjʊ# | *#kˌummˈɛrkju# | *#kˌummˈɛrcju# | *#kˌũːmmˈɛɾcju# | *#kˌũːmːˈɛːɾcjə# | *#kˌũːmːˈɛːɾc# {GOLD: >*} | *#kˌũːmˈɛːɾc# {GOLD: >*} | *#kumˈɛɾc# {GOLD: >*} | *#kumˈɛɾc# {GOLD: #kumˈɛɾc#}
446    | #kˌommuniːkˈɑːnioː# | *#kˌʊmmʊnikˈɒːnju# | *#kˌummunikˈoɲu# | *#kˌummɑ̃ɾ̃ɪkˈoɲu# | *#kˌũːmmə̃ɾ̃ɪkˈɔ̃ɲu# | *#kˌũːmːɾ̃ɡˈɔ̃ɲə# | *#kˌũːŋːɡˈɔ̃ɲ# {GOLD: >*} | *#kˌũːŋɡˈɔ̃ɲ# {GOLD: >*} | *#kuŋɡˈɔɲ# {GOLD: >*} | *#kuŋɡˈɔj# {GOLD: #kuŋɡˈɔj#}
447    | #kˈompɑter# | *#kˈʊmpɑtɛr# | *#kˈumptɛr# | *#kˈumtɪr# | *#kˈũmtɪɾ# | *#kˈũmtəɾ# | *#kˈũmtɾ̩# {GOLD: >*} | *#kˈũmtɾ̩# {GOLD: #kˈũmətɾ̩#} | *#kˈumtɾ̩# {GOLD: >*} | *#kˈumtəɾ# {GOLD: #kˈumtəɾ#}
448    | #kˌompˌutˈɑːnioː# | *#kˌʊmpˌʊtˈɒːnju# | *#kˌupˌutˈoɲu# | *#kˌupˌutˈoɲu# | *#kˌuːpətˈɔ̃ɲu# | *#kˌuːpətˈɔ̃ɲə# | *#kˌuːpətˈɔ̃ɲ# {GOLD: >*} | *#kˌuːpətˈɔ̃ɲ# {GOLD: >*} | *#kupətˈɔɲ# {GOLD: >*} | *#kuptˈɔj# {GOLD: #kuptˈɔj#}
449    | #kˌompˌutˈɑːnioː# | *#kˌʊmpˌʊtˈɒːnju# | *#kˌupˌutˈoɲu# | *#kˌupˌutˈoɲu# | *#kˌuːpətˈɔ̃ɲu# | *#kˌuːpətˈɔ̃ɲə# | *#kˌuːpətˈɔ̃ɲ# {GOLD: >*} | *#kˌuːpətˈɔ̃ɲ# {GOLD: >*} | *#kupətˈɔɲ# {GOLD: >*} | *#kuptˈɔj# {GOLD: #kumtˈɔj#}
450    | #kˈomputum# | *#kˈʊmpʊtʊ# | *#kˈumptu# | *#kˈumtu# | *#kˈũmtu# | *#kˈũmtə# | *#kˈũmt# {GOLD: >*} | *#kˈũmt# {GOLD: >*} | *#kˈumt# {GOLD: >*} | *#kˈumt# {GOLD: #kˈumt#}
451    | #kˌoːnfˈiːnium# | *#kˌʊnfˈinjʊ# | *#kˌufˈiɲu# | *#kˌufˈiɲu# | *#kˌuːfˈĩɲu# | *#kˌuːfˈĩɲə# | *#kˌuːfˈĩɲ# {GOLD: #kˌufˈĩɲ#} | *#kˌuːfˈĩɲ# {GOLD: >*} | *#kufˈiɲ# {GOLD: >*} | *#kufˈij# {GOLD: #kufˈij#}
452    | #kˌoːnsˈilium# | *#kˌʊnsˈiʎʊ# | *#kˌusˈilːu# | *#kˌusˈilːu# | *#kˌuːʃˈilːu# | *#kˌuːʃˈiːlːə# | *#kˌuːʃˈiːlː# {GOLD: >*} | *#kˌuːʃˈiːlː# {GOLD: >*} | *#kuʃˈil# {GOLD: >*} | *#kuʃˈil# {GOLD: #kəʃˈilˠ#}
453    | #kˌonskrˌiptˈɑːnioː# | *#kˌʊnskrˌɪptˈɒːnju# | *#kˌuskrˌeptˈoɲu# | *#kˌuskrˌeptˈoɲu# | *#kˌuːʃkɾɪptˈɔ̃ɲu# | *#kˌuːʃkɾətˈɔ̃ɲə# | *#kˌuːʃɾ̩tˈɔ̃ɲ# {GOLD: >*} | *#ɡˌuːʃɾ̩tˈɔ̃ɲ# {GOLD: >*} | *#ɡuʃɾ̩tˈɔɲ# {GOLD: >*} | *#ɡuʃəɾtˈɔj# {GOLD: #kuʃtɾˈɔj#}
454    | #kˌonsˌobrˈiːnum# | *#kˌʊnsˌʊβrˈinʊ# | *#kˌusˌuβrˈinu# | *#kˌusˌurˈinu# | *#kˌuːʃəɾˈĩnu# | *#kˌuːʃəɾˈĩːnə# | *#kˌuːʃəɾˈĩː# {GOLD: #kuʃəɾˈĩː#} | *#kˌuːʃəɾˈĩː# {GOLD: >*} | *#kuʃəɾˈi# {GOLD: >*} | *#kuʃəɾˈi# {GOLD: #kuʃəɾˈi#}
455    | #kˌonstˈɑːnioː# | *#kˌʊnstˈɒːnju# | *#kˌustˈoɲu# | *#kˌustˈoɲu# | *#kˌuːʃtˈɔ̃ɲu# | *#kˌuːʃtˈɔ̃ɲə# | *#kˌuːʃtˈɔ̃ɲ# {GOLD: >*} | *#kˌuːʃtˈɔ̃ɲ# {GOLD: >*} | *#kuʃtˈɔɲ# {GOLD: >*} | *#kuʃtˈɔj# {GOLD: #kuʃtˈɔj#}
456    | #kˈonsulem# | *#kˈʊnsʊlɛ# | *#kˈusulɛ# | *#kˈusulɪ# | *#kˈuʃulɪ# | *#kˈuːʃulˠə# | *#kˈuːʃulˠ# {GOLD: >*} | *#kˈuːʃulˠ# {GOLD: >*} | *#kˈuʃulˠ# {GOLD: >*} | *#kˈuʃulˠ# {GOLD: #kˈuʃulˠ#}
457    | #kˌontˌentˈɑːnioː# | *#kˌʊntˌɛntˈɒːnju# | *#kˌutˌɛntˈoɲu# | *#kˌutˌɛntˈoɲu# | *#kˌuːtɪ̃ntˈɔ̃ɲu# | *#kˌuːtə̃ndˈɔ̃ɲə# | *#kˌuːtə̃ndˈɔ̃ɲ# {GOLD: >*} | *#kˌuːtə̃ndˈɔ̃ɲ# {GOLD: >*} | *#kutəndˈɔɲ# {GOLD: >*} | *#kutəndˈɔj# {GOLD: #kutəndˈɔj#}
458    | #kˈontrɑː# | *#kˈʊntrɑː# | *#kˈuntrɑ# | *#kˈuntra# | *#kˈũntɾa# | *#kˈũndɾa# | *#kˈũndɾ̩# {GOLD: >*} | *#kˈũndɾ̩# {GOLD: >*} | *#kˈundɾ̩# {GOLD: >*} | *#kˈundəɾ# {GOLD: #kˈundəɾ#}
459    | #kˌontrˈɑːrium# | *#kˌʊntrˈɒːrjʊ# | *#kˌuntrˈorju# | *#kˌuntrˈolu# | *#kˌũːntɾˈɔlu# | *#kˌũːndɾˈuo̯lˠə# | *#kˌũːndɾˈuo̯lˠ# {GOLD: >*} | *#kˌũːndɾˈua̯lˠ# {GOLD: >*} | *#kundɾˈua̯lˠ# {GOLD: >*} | *#kundɾˈua̯lˠ# {GOLD: #kundɾˈua̯lˠ#}
460    | #kˌontrɑːstˈɑːrium# | *#kˌʊntrɑːstˈɒːrjʊ# | *#kˌuntrɑstˈorju# | *#kˌuntrastˈoru# | *#kˌũːntɾəʃtˈɔɾu# | *#kˌũːndɾəʃtˈaːɾə# | *#kˌũːndɾ̩ʃtˈaːɾ# {GOLD: >*} | *#kˌũːndɾ̩ʃtˈaːɾ# {GOLD: >*} | *#kundɾ̩ʃtˈaɾ# {GOLD: >*} | *#kundəɾʃtˈaɾ# {GOLD: #kundəɾʃtˈaɾ#}
461    | #kˌonˈukulɑm# | *#kˌʊnˈʊkʊlɑ# | *#kˌunˈukulɑ# | *#kˌunˈukula# | *#kˌũːnˈukula# | *#kˌũːnˈuːlkəa# | *#kˌũːnˈuːʎkə# {GOLD: >*} | *#kˌũːnˈuːʎkə# {GOLD: >*} | *#kunˈujkə# {GOLD: >*} | *#kunˈujkə# {GOLD: #kɔnˈuɾkə#}
462    | #kˌonwˌentˈɑːnioː# | *#kˌʊnwˌɛntˈɒːnju# | *#kˌuvˌɛntˈoɲu# | *#kˌuvˌɛntˈoɲu# | *#kˌuːvɪ̃ntˈɔ̃ɲu# | *#kˌuːvə̃ndˈɔ̃ɲə# | *#kˌuːvə̃ndˈɔ̃ɲ# {GOLD: >*} | *#kˌuːvə̃ndˈɔ̃ɲ# {GOLD: >*} | *#kuvəndˈɔɲ# {GOLD: >*} | *#kuvəndˈɔj# {GOLD: #kuvɛndˈɔj#}
463    | #kˌonwˈentum# | *#kˌʊnwˈɛntʊ# | *#kˌuvˈɛntu# | *#kˌuvˈɛntu# | *#kˌuːvˈɛ̃ntu# | *#kˌuːvˈɛ̃ndə# | *#kˌuːvˈɛ̃nd# {GOLD: #kuvˈɛ̃nt#} | *#kˌuːvˈɛ̃nd# {GOLD: >*} | *#kuvˈɛnd# {GOLD: >*} | *#kuvˈɛnd# {GOLD: #kuvˈɛnd#}
464    | #kˌoːpertˈuːrɑ# | *#kˌupɛrtˈuːrɑ# | *#kˌupɛrtˈyrɑ# | *#kˌupɪrtˈyra# | *#kˌuːpɪɾtˈyɾa# | *#kˌuːpəɾtˈyːɾa# | *#kˌuːɾtˈyːɾə# {GOLD: >*} | *#kˌuːɾtˈyːɾə# {GOLD: >*} | *#kuɾtˈyɾə# {GOLD: >*} | *#kuɾtˈyɾə# {GOLD: #kyptˈyɾə#}
465    | #kˈorbulɑm# | *#kˈɒrbʊlɑ# | *#kˈorbulɑ# | *#kˈorbula# | *#kˈɔɾbula# | *#kˈɔːɾbulˠə# | *#kˈɔːɾbulˠ# {GOLD: >*} | *#kˈɔːɾbulˠ# {GOLD: >*} | *#kˈɔɾbulˠ# {GOLD: >*} | *#kˈɔɾbulˠ# {GOLD: #kˈɔɾbulˠ#}
466    | #kʰˈordɑ# | *#kʰˈɒrdɑ# | *#kˈordɑ# | *#kˈorða# | *#kˈɔɾða# | *#kˈɔːɾða# | *#kˈɔːɾðə# {GOLD: #kˈɔɾðə#} | *#kˈɔːɾðə# {GOLD: #kˈɔɾðə#} | *#kˈɔɾðə# {GOLD: #kˈɔɾðə#} | *#kˈɔɾðə# {GOLD: #kˈɔɾðə#}
467    | #kˈorium# | *#kˈɒrjʊ# | *#kˈorju# | *#kˈorːju# | *#kˈɔrːju# | *#kˈɔːrːjə# | *#kˈɔːrj# {GOLD: >*} | *#kˈɔːrj# {GOLD: >*} | *#kˈɔrj# {GOLD: >*} | *#kˈɔrj# {GOLD: #kˈua̯#}
468    | #kˌornˈikulum# | *#kˌʊrnˈikʊlʊ# | *#kˌurnˈikulu# | *#kˌurnˈikulu# | *#kˌuːɾnˈikulu# | *#kˌuːrːˈiːlkəː# | *#kˌuːrˈiːʎk# {GOLD: >*} | *#kˌuːrˈiːʎk# {GOLD: >*} | *#kurˈijk# {GOLD: >*} | *#kurˈik# {GOLD: #kɾɔɲɟˈilˠ#}
469    | ... | ... | #kˌɔrnˈutɑ# | *#kˌɔrnˈuta# | *#kˌɔːɾnˈuta# | *#kˌɔːrːˈuta# | *#kˌɔːrˈutə# {GOLD: >*} | *#kˌɔːrˈutə# {GOLD: >*} | *#kɔrˈutə# {GOLD: >*} | *#kɔrˈutə# {GOLD: #kərˈutə#}
470    | #kˌorˈoːnɑm# | *#kˌʊrˈɒːnɑ# | *#kˌurˈonɑ# | *#kˌurˈona# | *#kˌuːɾˈɔ̃ɾ̃a# | *#kˌuːɾˈɔ̃ɾ̃a# | *#kˌuːɾˈɔ̃ɾ̃ə# {GOLD: >*} | *#kˌuːɾˈɔ̃ɾ̃ə# {GOLD: >*} | *#kuɾˈɔɾə# {GOLD: >*} | *#kuɾˈɔɾə# {GOLD: #kuɾˈɔɾə#}
471    | #kˈorpus# | *#kˈɒrpʊ# | *#kˈorpu# | *#kˈorpu# | *#kˈɔɾpu# | *#kˈɔːɾpə# | *#kˈɔːɾp# {GOLD: #kˈɔɾp#} | *#kˈɔːɾp# {GOLD: >*} | *#kˈɔɾp# {GOLD: >*} | *#kˈɔɾp# {GOLD: #kˈɔɾp#}
472    | ... | ... | ... | ... | ... | ... | ... {GOLD: ...} | #kˈuɾt# {GOLD: #kˈuɾt#} | *#kˈuɾt# {GOLD: >*} | *#kˈuɾt# {GOLD: #kˈuɾt#}
473    | #kˌortˈiːnɑm# | *#kˌʊrtˈinɑ# | *#kˌurtˈinɑ# | *#kˌurtˈina# | *#kˌuːɾtˈĩna# | *#kˌuːɾtˈĩna# | *#kˌuːɾtˈĩnə# {GOLD: >*} | *#kˌuːɾtˈĩnə# {GOLD: >*} | *#kuɾtˈinə# {GOLD: >*} | *#kuɾtˈinə# {GOLD: #kuɾtˈinə#}
474    | #kʰˈorum# | *#kʰˈɒrʊ# | *#kˈoru# | *#kˈoru# | *#kˈɔɾu# | *#kˈuo̯ɾə# | *#kˈuo̯ɾ# {GOLD: #kˈuo̯ɾ#} | *#kˈua̯ɾ# {GOLD: >*} | *#kˈua̯ɾ# {GOLD: >*} | *#kˈua̯ɾ# {GOLD: #kˈua̯ɾ#}
475    | #kˌorwˈiːnum# | *#kˌʊrwˈinʊ# | *#kˌurwˈinu# | *#kˌurbˈinu# | *#kˌuːɾbˈĩnu# | *#kˌuːɾbˈĩːnːə# | *#kˌuːɾbˈĩːnː# {GOLD: #kuɾbˈĩɾ̃#} | *#kˌuːɾbˈĩːn# {GOLD: >*} | *#kuɾbˈin# {GOLD: >*} | *#kuɾbˈin# {GOLD: #kuɾbˈin#}
476    | #kˈorwum# | *#kˈɒrwʊ# | *#kˈorwu# | *#kˈorbu# | *#kˈɔɾbu# | *#kˈɔːɾbə# | *#kˈɔːɾb# {GOLD: >*} | *#kˈɔːɾb# {GOLD: >*} | *#kˈɔɾb# {GOLD: >*} | *#kˈɔɾb# {GOLD: #kˈɔɾb#}
477    | #kˈossum# | *#kˈɒssʊ# | *#kˈossu# | *#kˈossu# | *#kˈɔʃu# | *#kˈɔːʃə# | *#kˈɔːʃ# {GOLD: >*} | *#kˈɔːʃ# {GOLD: >*} | *#kˈɔʃ# {GOLD: >*} | *#kˈɔʃ# {GOLD: #kˈɔʃ#}
478    | #kˌotˈoːneum# | *#kˌʊtˈɒːnjʊ# | *#ktˈoɲu# | *#ktˈoɲu# | *#ktˈɔ̃ɲu# | *#ftˈɔ̃ɲə# | *#ftˈɔ̃ɲ# {GOLD: #ftˈɔ̃ɲ#} | *#ftˈɔ̃ɲ# {GOLD: >*} | *#ftˈɔɲ# {GOLD: >*} | *#ftˈɔj# {GOLD: #ftˈɔj#}
479    | #kˌottidzˈɑːnioː# | *#kˌʊttɪdzˈɒːnju# | *#kˌuttedzˈoɲu# | *#kˌuttɪdzˈoɲu# | *#kˌuːtɪdzˈɔ̃ɲu# | *#kˌuːtəd͡zˈɔ̃ɲə# | *#kˌuːtəd͡zˈɔ̃ɲ# {GOLD: >*} | *#ɡˌuːd͡zˈɔ̃ɲ# {GOLD: >*} | *#ɡud͡zˈɔɲ# {GOLD: >*} | *#ɡud͡zˈɔj# {GOLD: #ɡud͡zˈɔj#}
480    | #krˈɑːpulum# | *#krˈɑːpʊlʊ# | *#krˈɑpulu# | *#krˈapulu# | *#kɾˈapulu# | *#kɾˈapulˠə# | *#kɾˈapulˠ# {GOLD: >*} | *#kɾˈapulˠ# {GOLD: >*} | *#kɾˈapulˠ# {GOLD: >*} | *#kɾˈapulˠ# {GOLD: #kɾˈɛpulˠ#}
481    | #krˌeˈɑːnioː# | *#krˌɛˈɒːnju# | *#krˌɛjˈoɲu# | *#krˌiˈoɲu# | *#kɾˌiːjˈɔ̃ɲu# | *#kɾˌiːjˈɔ̃ɲə# | *#kɾˌiːjˈɔ̃ɲ# {GOLD: >*} | *#kɾˌiːjˈɔ̃ɲ# {GOLD: >*} | *#kɾijˈɔɲ# {GOLD: >*} | *#kɾijˈɔj# {GOLD: #kɾijˈɔj#}
482    | #krˌeˈɑːntiɑ# | *#krˌɛˈɑːnt͡ʃjɑ# | *#krˌɛjˈɑt͡ʃjɑ# | *#krˌiˈet͡ʃa# | *#kɾˌiːjˈesa# | *#kɾˌiːjˈɛːsa# | *#kɾˌiːjˈɛːsə# {GOLD: >*} | *#kɾˌiːjˈɛːsə# {GOLD: >*} | *#kɾijˈɛsə# {GOLD: >*} | *#kɾijˈɛsə# {GOLD: #kɾijˈɛsə#}
483    | #krˌeɑːtˈuːrɑm# | *#krˌɛɑːtˈuːrɑ# | *#krˌɛjɑtˈyrɑ# | *#krˌiatˈyra# | *#kɾˌiːjətˈyɾa# | *#kɾˌiːjətˈyːɾa# | *#kɾˌiːjətˈyːɾə# {GOLD: #kɾijətˈyːɾə#} | *#kɾˌiːjtˈyːɾə# {GOLD: #kɾijətˈyːɾə#} | *#kɾijtˈyɾə# {GOLD: >*} | *#kɾijtˈyɾə# {GOLD: #kɾijtˈyɾə#}
484    | #krˈeːtikum# | *#krˈeːtɪkʊ# | *#krˈetku# | *#krˈetku# | *#kɾˈetku# | *#kɾˈɛtkə# | *#kɾˈɛtk# {GOLD: >*} | *#kɾˈɛtk# {GOLD: >*} | *#kɾˈɛtk# {GOLD: >*} | *#kɾˈɛtk# {GOLD: #kɾˈɛkə#}
485    | ... | #krˈɪsmɑ# | *#krˈesmɑ# | *#krˈezma# | *#kɾˈezma# | *#kɾˈɛːzma# | *#kɾˈɛːzm̩# {GOLD: >*} | *#kɾˈɛːzm̩# {GOLD: >*} | *#kɾˈɛzm̩# {GOLD: >*} | *#kɾˈɛzəm# {GOLD: #kɾˈɛzəm#}
486    | ... | #krˌɪsmˈɒːɲu# | *#krˌesmˈoɲu# | *#krˌezmˈoɲu# | *#kɾˌezmˈɔ̃ɲu# | *#kɾˌɛzmˈɔ̃ɲə# | *#kɾˌɛzmˈɔ̃ɲ# {GOLD: >*} | *#kɾˌɛzmˈɔ̃ɲ# {GOLD: >*} | *#kɾɛzmˈɔɲ# {GOLD: >*} | *#kɾɛzmˈɔj# {GOLD: #kɾɛzmˈɔj#}
487    | #krˈispɑ# | *#krˈɪspɑ# | *#krˈespɑ# | *#krˈespa# | *#kɾˈeʃpa# | *#kɾˈɛːʃpa# | *#kɾˈɛːʃpə# {GOLD: >*} | *#kɾˈɛːʃpə# {GOLD: >*} | *#kɾˈɛʃpə# {GOLD: >*} | *#kɾˈɛʃpə# {GOLD: #kɾˈɛʃpə#}
488    | #krˈistɑm# | *#krˈɪstɑ# | *#krˈestɑ# | *#krˈesta# | *#kɾˈeʃta# | *#kɾˈɛːʃta# | *#kɾˈɛːʃtə# {GOLD: >*} | *#kɾˈɛːʃtə# {GOLD: >*} | *#kɾˈɛʃtə# {GOLD: >*} | *#kɾˈɛʃtə# {GOLD: #kɾˈɛʃtə#}
489    | ... | #kʰrˌeːstiˈɑːnɑ# | *#krˌestijˈɑnɑ# | *#krɪstˈena# | *#kɾɪʃtˈẽɾ̃a# | *#kɾəʃtˈɛ̃ɾ̃a# | *#kɾ̩ʃtˈɛ̃ɾ̃ə# {GOLD: #kɾ̩ʃtˈɛ̃ɾ̃ə#} | *#kɾ̩ʃtˈɛ̃ɾ̃ə# {GOLD: >*} | *#kɾ̩ʃtˈɛɾə# {GOLD: >*} | *#kəɾʃtˈɛɾə# {GOLD: #kəɾʃtˈɛɾə#}
490    | ... | #kʰrˌeːstiːnˌɑːtˈɑːle# | *#krˌestintˈɑle# | *#krɪstntˈelɪ# | *#kɾɪʃtntˈelɪ# | *#kɾəʃtəndˈɛːlə# | *#kɾ̩ʃn̩dˈɛːl# {GOLD: >*} | *#kɾ̩ʃn̩dˈɛːl# {GOLD: >*} | *#kɾ̩ʃn̩dˈɛl# {GOLD: >*} | *#kəɾʃəndˈɛl# {GOLD: #kəɾʃəndˈɛl#}
491    | ... | #kʰrˈiːstu# | *#krˈistu# | *#krˈistu# | *#kɾˈiʃtu# | *#kɾˈiːʃtə# | *#kɾˈiːʃt# {GOLD: >*} | *#kɾˈiːʃt# {GOLD: >*} | *#kɾˈiʃt# {GOLD: >*} | *#kɾˈiʃt# {GOLD: #kɾˈiʃt#}
492    | #krˈokulum# | *#krˈɒkʊlʊ# | *#krˈokulu# | *#krˈokulu# | *#kɾˈɔkulu# | *#kɾˈɔkulˠə# | *#kɾˈɔkulˠ# {GOLD: >*} | *#kɾˈɔkulˠ# {GOLD: >*} | *#kɾˈɔkulˠ# {GOLD: >*} | *#kɾˈɔkulˠ# {GOLD: #kɾˈɔkulˠ#}
493    | #krˈonsokum# | *#krˈʊnsʊkʊ# | *#krˈusku# | *#krˈusku# | *#kɾˈuʃku# | *#kɾˈuːʃkə# | *#kɾˈuːʃk# {GOLD: >*} | *#kɾˈuːʃk# {GOLD: >*} | *#kɾˈuʃk# {GOLD: >*} | *#kɾˈuʃk# {GOLD: #kɾˈuʃk#}
494    | ... | #krˈuke# | *#krˈuke# | *#krˈucɪ# | *#kɾˈucɪ# | *#kɾˈucə# | *#kɾˈuc# {GOLD: >*} | *#kɾˈuc# {GOLD: >*} | *#kɾˈuc# {GOLD: >*} | *#kɾˈuc# {GOLD: #kɾˈyc#}
495    | ... | #krˈuptɑ# | *#krˈuptɑ# | *#krˈupta# | *#kɾˈuðta# | *#kɾˈuta# | *#kɾˈutə# {GOLD: >*} | *#kɾˈutə# {GOLD: >*} | *#kɾˈutə# {GOLD: >*} | *#kɾˈutə# {GOLD: #ɡɾˈɔftə#}
496    | #kˈubitum# | *#kˈʊβʊtʊ# | *#kˈuβutu# | *#kˈuutu# | *#kˈutu# | *#kˈutə# | *#kˈut# {GOLD: >*} | *#kˈut# {GOLD: #kˈuːt#} | *#kˈut# {GOLD: >*} | *#kˈut# {GOLD: #kˈut#}
497    | #kˌukˈurbitɑ# | *#kˌʊkˈʊrbʊtɑ# | *#kkˈurbutɑ# | *#kkˈurbuta# | *#kˈuɾbuta# | *#kˈuːɾbəta# | *#kˈuːɾtə# {GOLD: >*} | *#kˈuːɾtə# {GOLD: >*} | *#kˈuɾtə# {GOLD: >*} | *#kˈuɾtə# {GOLD: #kˈultə#}
498    | #kˈukurum# | *#kˈʊkʊrʊ# | *#kˈukuru# | *#kˈukuru# | *#kˈukuɾu# | *#kˈukuɾə# | *#kˈukuɾ# {GOLD: >*} | *#kˈukuɾ# {GOLD: >*} | *#kˈukuɾ# {GOLD: >*} | *#kˈukuɾ# {GOLD: #kˈukuɾ#}
499    | ... | ... | #kˌukˈuːtɑ# | *#kˌukˈuːta# | *#kˌuːkˈuːta# | *#kˌuːkˈuːta# | *#kˌuːkˈuːtə# {GOLD: >*} | *#kˌuːkˈuːtə# {GOLD: >*} | *#kukˈutə# {GOLD: >*} | *#kukˈutə# {GOLD: #kukˈutə#}
500    | #kˈulkitrɑ# | *#kˈʊlkɪtrɑ# | *#kˈulktrɑ# | *#kˈultra# | *#kˈultɾa# | *#kˈuːltɾa# | *#kˈuːltɾ̩# {GOLD: >*} | *#kˈuːltɾ̩# {GOLD: >*} | *#kˈultɾ̩# {GOLD: >*} | *#kˈultəɾ# {GOLD: #kˈultəɾ#}
501    | #kˈulmen# | *#kˈʊlmɛ# | *#kˈulmɛ# | *#kˈulmɪ# | *#kˈulmɪ# | *#kˈuːlmə# | *#kˈuːlm# {GOLD: >*} | *#kˈuːlm# {GOLD: >*} | *#kˈulm# {GOLD: >*} | *#kˈulm# {GOLD: #kˈulm#}
502    | #kˈumulum# | *#kˈʊmʊlʊ# | *#kˈumulu# | *#kˈumulu# | *#kˈũmulu# | *#kˈũmulˠə# | *#kˈũmulˠ# {GOLD: >*} | *#kˈũmulˠ# {GOLD: >*} | *#kˈumulˠ# {GOLD: >*} | *#kˈumulˠ# {GOLD: #kˈumulˠ#}
503    | #kˈulumum# | *#kˈʊlʊmʊ# | *#kˈulumu# | *#kˈulumu# | *#kˈulmu# | *#kˈuːlˠmə# | *#kˈuːlˠm# {GOLD: >*} | *#kˈuːlˠm# {GOLD: >*} | *#kˈulˠm# {GOLD: >*} | *#kˈulˠm# {GOLD: #kˈulˠm#}
504    | #kˈuneum# | *#kˈʊnjʊ# | *#kˈuɲu# | *#kˈuɲu# | *#kˈũɲu# | *#kˈũɲə# | *#kˈũɲ# {GOLD: >*} | *#kˈũɲ# {GOLD: >*} | *#kˈuɲ# {GOLD: >*} | *#kˈuɲ# {GOLD: #kˈuɲ#}
505    | #kˌuneˈɑːnioː# | *#kˌʊnjˈɒːnju# | *#kˌuɲˈoɲu# | *#kˌuɲˈoɲu# | *#kˌũːɲˈɔ̃ɲu# | *#kˌũːɲˈɔ̃ɲə# | *#kˌũːɲˈɔ̃ɲ# {GOLD: >*} | *#kˌũːɲˈɔ̃ɲ# {GOLD: >*} | *#kuɲˈɔɲ# {GOLD: >*} | *#kuɲˈɔj# {GOLD: #kuɲˈɔj#}
506    | #kˌunktˈɑːnioː# | *#kˌʊnktˈɒːnju# | *#kˌunktˈoɲu# | *#kˌuntˈoɲu# | *#kˌũːntˈɔ̃ɲu# | *#kˌũːndˈɔ̃ɲə# | *#kˌũːndˈɔ̃ɲ# {GOLD: >*} | *#kˌũːndˈɔ̃ɲ# {GOLD: >*} | *#kundˈɔɲ# {GOLD: >*} | *#kundˈɔj# {GOLD: #kundˈɔj#}
507    | #kˈuppum# | *#kˈʊppʊ# | *#kˈuppu# | *#kˈuppu# | *#kˈupu# | *#kˈupə# | *#kˈup# {GOLD: >*} | *#kˈup# {GOLD: >*} | *#kˈup# {GOLD: >*} | *#kˈup# {GOLD: #kˈup#}
508    | #kˈuppɑm# | *#kˈʊppɑ# | *#kˈuppɑ# | *#kˈuppa# | *#kˈupa# | *#kˈupa# | *#kˈupə# {GOLD: >*} | *#kˈupə# {GOLD: >*} | *#kˈupə# {GOLD: >*} | *#kˈupə# {GOLD: #kˈupə#}
509    | #kˌuːrˈɑːnioː# | *#kˌuːrˈɒːnju# | *#kˌyrˈoɲu# | *#kˌyrˈoɲu# | *#cəɾˈɔ̃ɲu# | *#cəɾˈɔ̃ɲə# | *#cəɾˈɔ̃ɲ# {GOLD: #ciɾˈɔ̃ɲ#} | *#cəɾˈɔ̃ɲ# {GOLD: >*} | *#cəɾˈɔɲ# {GOLD: >*} | *#cəɾˈɔj# {GOLD: #cəɾˈɔj#}
510    | #kˌurtiˈɑːnioː# | *#kˌʊrt͡ʃjˈɒːnju# | *#kˌurt͡ʃjˈoɲu# | *#kˌurt͡ʃˈøɲu# | *#kˌuːɾsˈœ̃ɲu# | *#kˌuːɾsˈɛ̃ɲə# | *#kˌuːɾsˈɛ̃ɲ# {GOLD: >*} | *#kˌuːɾsˈɛ̃ɲ# {GOLD: >*} | *#kuɾsˈɛɲ# {GOLD: >*} | *#kuɾsˈɛj# {GOLD: #kuɾsˈɛj#}
511    | #kʷˌɑdrˈiːɡɑ# | *#kʷˌɑdrˈiɡɑ# | *#kʷˌɑdrˈiɡɑ# | *#kˌarrˈiɡa# | *#kəɾɾˈiɡa# | *#kərːˈiɡa# | *#kɾˈiɡə# {GOLD: >*} | *#kɾˈiɡə# {GOLD: >*} | *#kɾˈiɡə# {GOLD: >*} | *#kɾˈiɡə# {GOLD: #karˈiɡə#}
512    | ... | #kʷˌɑdrˈeːsimɑ# | *#kʷˌɑdrˈesimɑ# | *#kˌarrˈesɪma# | *#kəɾɾˈeʃma# | *#kərːˈɛːʃma# | *#kərˈɛːʒm̩# {GOLD: #kərˈɛʃəmə#} | *#kərˈɛːʒm̩# {GOLD: >*} | *#kərˈɛʒm̩# {GOLD: >*} | *#kərˈɛʒəm# {GOLD: #kɾˈɛʒəm#}
513    | #kʷˈɑdrum# | *#kʷˈɑdrʊ# | *#kʷˈodru# | *#kˈodru# | *#kˈɔdɾu# | *#kˈɔdɾə# | *#kˈɔdɾ̩# {GOLD: #kˈɔdɾ̩#} | *#kˈɔdɾ̩# {GOLD: >*} | *#kˈɔdɾ̩# {GOLD: >*} | *#kˈɔdəɾ# {GOLD: #kˈɔdəɾ#}
514    | #kʷˌae̯rˈonioː# | *#kʷˌɛrˈɒnju# | *#kʷˌɛrˈoɲu# | *#kˌɛrˈoɲu# | *#cəɾˈɔ̃ɲu# | *#cəɾˈɔ̃ɲə# | *#cəɾˈɔ̃ɲ# {GOLD: >*} | *#cəɾˈɔ̃ɲ# {GOLD: >*} | *#cəɾˈɔɲ# {GOLD: >*} | *#cəɾˈɔj# {GOLD: #cəɾˈɔj#}
515    | #kʷˈɑːrtɑ# | *#kʷˈɑːrtɑ# | *#kʷˈɑrtɑ# | *#kˈarta# | *#kˈaɾta# | *#kˈaːɾta# | *#kˈaːɾtə# {GOLD: >*} | *#kˈaːɾtə# {GOLD: >*} | *#kˈaɾtə# {GOLD: >*} | *#kˈaɾtə# {GOLD: #kˈaɾtə#}
516    | #kʷˈɑrtɑ# | *#kʷˈɑrtɑ# | *#kʷˈortɑ# | *#kˈorta# | *#kˈɔɾta# | *#kˈɔːɾta# | *#kˈɔːɾtə# {GOLD: >*} | *#kˈɔːɾtə# {GOLD: >*} | *#kˈɔɾtə# {GOLD: >*} | *#kˈɔɾtə# {GOLD: #kˈɔɾtə#}
517    | #kʷˈɑrtum# | *#kʷˈɑrtʊ# | *#kʷˈortu# | *#kˈortu# | *#kˈɔɾtu# | *#kˈɔːɾtə# | *#kˈɔːɾt# {GOLD: >*} | *#kˈɔːɾt# {GOLD: >*} | *#kˈɔɾt# {GOLD: >*} | *#kˈɔɾt# {GOLD: #kˈɔɾt#}
518    | #kʷˌɑsˈillum# | *#kʷˌɑsˈɪllʊ# | *#kʷˌɑsˈilːu# | *#kˌasˈilːu# | *#kˌaʃˈilːu# | *#kˌaʃˈiːlːə# | *#kˌaʃˈiːlː# {GOLD: >*} | *#kˌaʃˈiːlː# {GOLD: >*} | *#kaʃˈil# {GOLD: >*} | *#kaʃˈil# {GOLD: #kaʃˈil#}
519    | #kʷˌiː# | *#kʷˌi# | *#kʷˌy# | *#kˌy# | *#cˌy# | *#cˌy# | *#cˌy# {GOLD: #ci#} | *#cˌy# {GOLD: >*} | *#cy# {GOLD: >*} | *#cy# {GOLD: #cə#}
520    | #kʷiˈeːtum# | *#kʷjˈeːtʊ# | *#kʷjˈetu# | *#kˈetu# | *#cˈetu# | *#cˈɛtə# | *#cˈɛt# {GOLD: >*} | *#cˈɛt# {GOLD: >*} | *#cˈɛt# {GOLD: >*} | *#cˈɛt# {GOLD: #cˈɛt#}
521    | #kʷˈiːs# | *#kʷˈis# | *#kʷˈys# | *#kˈys# | *#cˈyʃ# | *#cˈyːʃ# | *#cˈyːʃ# {GOLD: >*} | *#cˈyːʃ# {GOLD: >*} | *#kˈyʃ# {GOLD: >*} | *#cˈyʃ# {GOLD: #cˈyʃ#}
522    | #kˈyːmɑ# | *#kˈimɑ# | *#kˈimɑ# | *#kˈima# | *#cˈĩma# | *#cˈĩma# | *#cˈĩmə# {GOLD: >*} | *#cˈĩmə# {GOLD: >*} | *#cˈimə# {GOLD: >*} | *#cˈimə# {GOLD: #cˈimə#}
523    | #kˈypreum# | *#kˈɪprjʊ# | *#kˈeprju# | *#kˈipru# | *#cˈipɾu# | *#cˈipɾə# | *#cˈipɾ̩# {GOLD: >*} | *#cˈipɾ̩# {GOLD: >*} | *#cˈipɾ̩# {GOLD: #cˈipəɾ#} | *#cˈipəɾ# {GOLD: #cˈipəɾ#}
524    | ... | #lˌɑboːrˈɒːɲu# | *#lˌɑvørˈoɲu# | *#lɪvʏrˈoɲu# | *#lɪvɪɾˈɔ̃ɲu# | *#ləvəɾˈɔ̃ɲə# | *#ləvɾˈɔ̃ɲ# {GOLD: >*} | *#ləvɾˈɔ̃ɲ# {GOLD: >*} | *#ləvɾˈɔɲ# {GOLD: >*} | *#ləvɾˈɔj# {GOLD: #ləvɾˈɔj#}
525    | #lˌɑːbrˈuskɑ# | *#lˌɑːβrˈʊskɑ# | *#lˌɑβrˈuskɑ# | *#lˌawrˈuska# | *#lˌaːɾˈuʃka# | *#lˌaːɾˈuːʃka# | *#lˌaːɾˈuːʃkə# {GOLD: >*} | *#lˌaːɾˈuːʃkə# {GOLD: >*} | *#laɾˈuʃkə# {GOLD: >*} | *#laɾˈuʃkə# {GOLD: #laɾˈuʃkə#}
526    | #lˌɑkˈoːnem# | *#lˌɑkˈɒːnɛ# | *#lˌɑkˈonɛ# | *#lˌakˈonɪ# | *#ləkˈɔ̃ɾ̃ɪ# | *#ləkˈũo̯ɾ̃ə# | *#ləkˈũo̯# {GOLD: #ləkˈuo̯#} | *#ləkˈũa̯# {GOLD: >*} | *#ləkˈua̯# {GOLD: >*} | *#ləkˈua̯# {GOLD: #ləkˈua̯#}
527    | #lˈɑksɑm# | *#lˈɑksɑ# | *#lˈɑksɑ# | *#lˈaksa# | *#lˈakʃa# | *#lˈaːfʃa# | *#lˈaːfʃə# {GOLD: >*} | *#lˈaːfʃə# {GOLD: >*} | *#lˈafʃə# {GOLD: >*} | *#lˈafʃə# {GOLD: #lˈafʃə#}
528    | #lˌɑksˈɑːnioː# | *#lˌɑsˈɒːnju# | *#lˌɑsˈoɲu# | *#lɪsˈoɲu# | *#lɪʃˈɔ̃ɲu# | *#ləʃˈɔ̃ɲə# | *#ləʃˈɔ̃ɲ# {GOLD: >*} | *#ləʃˈɔ̃ɲ# {GOLD: >*} | *#ləʃˈɔɲ# {GOLD: >*} | *#ləʃˈɔj# {GOLD: #ləʃˈɔj#}
529    | #lˈɑkʷeum# | *#lˈɑkʷjʊ# | *#lˈɑkʷju# | *#lˈaku# | *#lˈaku# | *#lˈakə# | *#lˈak# {GOLD: >*} | *#lˈak# {GOLD: >*} | *#lˈak# {GOLD: >*} | *#lˈak# {GOLD: #lˈak#}
530    | #lˌɑnɡʷˈeːnioː# | *#lˌɑŋɡʷˈɒːnju# | *#lˌɑŋɡʷˈoɲu# | *#lˌaŋɡˈoɲu# | *#lə̃ŋɡˈɔ̃ɲu# | *#lə̃ŋɡˈɔ̃ɲə# | *#lə̃ŋɡˈɔ̃ɲ# {GOLD: >*} | *#lə̃ɲ̈ɡˈɔ̃ɲ# {GOLD: >*} | *#ləɲ̈ɡˈɔɲ# {GOLD: >*} | *#ləŋɡˈɔj# {GOLD: #ləŋɡˈɔj#}
531    | #lˌɑnɡʷˈoːriɑ# | *#lˌɑŋɡʷˈoːrjɑ# | *#lˌɑŋɡʷˈørjɑ# | *#lˌaŋɡˈyra# | *#lə̃ŋɟˈyɾa# | *#lə̃ŋɟˈyːɾa# | *#lə̃ɲɟˈyːɾə# {GOLD: >*} | *#lə̃ɲɟˈyːɾə# {GOLD: >*} | *#ləɲɟˈyɾə# {GOLD: >*} | *#ləɲɟˈyɾə# {GOLD: #ləɲɟˈyɾə#}
532    | #lˌɑnɡʷˈoːrem# | *#lˌɑŋɡʷˈoːrɛ# | *#lˌɑŋɡʷˈørɛ# | *#lˌaŋɡˈørɪ# | *#lə̃ŋɟˈœɾɪ# | *#lə̃ŋɟˈye̯ɾə# | *#lə̃ɲɟˈye̯ɾ# {GOLD: >*} | *#lə̃ɲɟˈye̯ɾ# {GOLD: >*} | *#ləɲɟˈye̯ɾ# {GOLD: >*} | *#ləɲɟˈye̯ɾ# {GOLD: #ləɲɟˈye̯ɾ#}
533    | #lˌɑnkiˈɑːriɑm# | *#lˌɑnkjˈɑːrjɑ# | *#lˌɑnkjˈɑrjɑ# | *#lˌancjˈerja# | *#lə̃ncjˈeɾja# | *#lə̃ncjˈɛːɾja# | *#lə̃ɲɟˈɛːɾɛ# {GOLD: >*} | *#lə̃ɲɟˈɛːɾɛ# {GOLD: >*} | *#ləɲɟˈɛɾɛ# {GOLD: >*} | *#ləɲɟˈɛɾɛ# {GOLD: #ləɲɟˈɛɾɛ#}
534    | #lˌɑpˈɑtʰiɑ# | *#lˌɑpˈɑtʰjɑ# | *#lˌɑpˈɑtjɑ# | *#lˌapˈatja# | *#ləpˈatja# | *#ləpˈatja# | *#ləpˈatɛ# {GOLD: >*} | *#ləpˈatɛ# {GOLD: >*} | *#ləpˈatɛ# {GOLD: >*} | *#ləpˈatɛ# {GOLD: #ləpjˈɛtə#}
535    | #lˈɑːrɡum# | *#lˈɑːrɡʊ# | *#lˈɑrɡu# | *#lˈarɡu# | *#lˈaɾɡu# | *#lˈaːɾɡə# | *#lˈaːɾɡ# {GOLD: >*} | *#lˈaːɾɡ# {GOLD: >*} | *#lˈaɾɡ# {GOLD: >*} | *#lˈaɾɡ# {GOLD: #lˈaɾɡ#}
536    | #lˈɑːridum# | *#lˈɑːrɪdʊ# | *#lˈɑrdu# | *#lˈarðu# | *#lˈaɾðu# | *#lˈaːɾðə# | *#lˈaːɾð# {GOLD: >*} | *#lˈaːɾð# {GOLD: >*} | *#lˈaɾð# {GOLD: >*} | *#lˈaɾð# {GOLD: #lˈaɾð#}
537    | #lˈɑssum# | *#lˈɑssʊ# | *#lˈɑssu# | *#lˈassu# | *#lˈaʃu# | *#lˈaːʃə# | *#lˈaːʃ# {GOLD: >*} | *#lˈaːʃ# {GOLD: >*} | *#lˈaʃ# {GOLD: >*} | *#lˈaʃ# {GOLD: #lˈaʃ#}
538    | #lˌɑtˈiːnum# | *#lˌɑtˈinʊ# | *#lˌɑtˈinu# | *#lˌatˈinu# | *#lətˈĩnu# | *#lətˈĩːnə# | *#lətˈĩː# {GOLD: #lətˈĩː#} | *#lətˈĩː# {GOLD: >*} | *#lətˈi# {GOLD: >*} | *#lətˈi# {GOLD: #lətˈi#}
539    | #lˌɑwˈɑːnioː# | *#lˈɑwɒːnju# | *#lˈɑwoɲu# | *#lˈawoɲu# | *#lˈãːɲu# | *#lˈãːɲə# | *#lˈãːɲ# {GOLD: #lˈãːɲ#} | *#lˈãːɲ# {GOLD: >*} | *#lˈaɲ# {GOLD: >*} | *#lˈaj# {GOLD: #lˈaj#}
540    | #lˌɑwɑːtˈuːrɑ# | *#lˌɑwɑːtˈuːrɑ# | *#lˌɑwɑtˈyrɑ# | *#lˌawatˈyra# | *#ləˌaːtˈyɾa# | *#ləˌaːtˈyːɾa# | *#lˌatˈyːɾə# {GOLD: >*} | *#lˌatˈyːɾə# {GOLD: >*} | *#latˈyɾə# {GOLD: >*} | *#latˈyɾə# {GOLD: #latˈyɾə#}
541    | ... | ... | ... | #lˌaβdˈɔɲɔ# | *#lˌaβdˈɔ̃ɲɔ# | *#lɐvdˈɔ̃ɲə# | *#ləvdˈɔ̃ɲ# {GOLD: #ləβdˈɔ̃ɲ#} | *#ləvdˈɔ̃ɲ# {GOLD: >*} | *#ləvdˈɔɲ# {GOLD: >*} | *#ləvdˈɔj# {GOLD: #ləvdˈɔj#}
542    | ... | ... | ... | #lˈaβdɛ# | *#lˈaβdɛ# | *#lˈavdə# | *#lˈavd# {GOLD: >*} | *#lˈavd# {GOLD: >*} | *#lˈavd# {GOLD: >*} | *#lˈavd# {GOLD: #lˈavd#}
543    | ... | #lˌɑvekˈɑru# | *#lˌɑvekˈɑjru# | *#lɪvɪkˈeru# | *#lɪvɪcˈeɾu# | *#ləfcˈɛːɾə# | *#ləfcˈɛːɾ# {GOLD: >*} | *#ləfcˈɛːɾ# {GOLD: >*} | *#lifcˈɛɾ# {GOLD: >*} | *#lifcˈɛɾ# {GOLD: #lifcˈɛɾ#}
544    | #lˈɑwrum# | *#lˈɑwrʊ# | *#lˈɑwru# | *#lˈawru# | *#lˈaːɾu# | *#lˈaːɾə# | *#lˈaːɾ# {GOLD: >*} | *#lˈaːɾ# {GOLD: >*} | *#lˈaɾ# {GOLD: >*} | *#lˈaɾ# {GOLD: #lˈaɾ#}
545    | #lˈeːɡem# | *#lˈeːɡɛ# | *#lˈeɡɛ# | *#lˈiɟɪ# | *#lˈiɟɪ# | *#lˈiɟə# | *#lˈiɟ# {GOLD: >*} | *#lˈiɟ# {GOLD: >*} | *#lˈiɟ# {GOLD: >*} | *#lˈiɟ# {GOLD: #lˈiɟ#}
546    | #lˌentˈɑːnioː# | *#lˌɛntˈɒːnju# | *#lˌɛntˈoɲu# | *#lˌɛntˈoɲu# | *#lə̃ntˈɔ̃ɲu# | *#lə̃ndˈɔ̃ɲə# | *#lə̃ndˈɔ̃ɲ# {GOLD: >*} | *#lə̃ndˈɔ̃ɲ# {GOLD: >*} | *#ləndˈɔɲ# {GOLD: >*} | *#ləndˈɔj# {GOLD: #ləndˈɔj#}
547    | #leˈoːnem# | *#ʎˈɒːnɛ# | *#ʎˈonɛ# | *#ʎˈonɪ# | *#ʎˈɔ̃ɾ̃ɪ# | *#lˈũo̯nːə# | *#lˈũo̯nː# {GOLD: #lˈũã̯ɾ̃#} | *#lˈũa̯n# {GOLD: >*} | *#lˈua̯n# {GOLD: >*} | *#lˈua̯n# {GOLD: #lˈua̯n#}
548    | #lˈeporem# | *#lˈɛpʊrɛ# | *#lˈɛpurɛ# | *#lˈɛpurɪ# | *#lˈɛpuɾɪ# | *#lˈɛpuɾə# | *#lˈɛpuɾ# {GOLD: >*} | *#lˈɛpuɾ# {GOLD: >*} | *#lˈɛpuɾ# {GOLD: >*} | *#lˈɛpuɾ# {GOLD: #lˈɛpuɾ#}
549    | #lˈeporjeːs# | *#lˈɛpʊʎeː# | *#lˈɛpuʎe# | *#lˈɛpuʎɪ# | *#lˈɛpuʎɪ# | *#lˈɛpuʎə# | *#lˈɛpuʎ# {GOLD: >*} | *#lˈɛpuʎ# {GOLD: >*} | *#lˈɛpuj# {GOLD: >*} | *#lˈɛpuj# {GOLD: #lˈɛpuj#}
550    | #lˈeprɑ# | *#lˈɛprɑ# | *#lˈɛprɑ# | *#lˈɛpra# | *#lˈɛpɾa# | *#lˈɛpɾa# | *#lˈɛpɾ̩# {GOLD: >*} | *#lˈɛpɾ̩# {GOLD: >*} | *#lˈɛpɾ̩# {GOLD: >*} | *#lˈɛpəɾ# {GOLD: #lˈɛpəɾ#}
551    | #lˈiːberum# | *#lˈiβɛrʊ# | *#lˈiβɛru# | *#lˈiwɪru# | *#lˈiːɾu# | *#lˈiːɾə# | *#lˈiːɾ# {GOLD: >*} | *#lˈiːɾ# {GOLD: #lˈiːɾ#} | *#lˈiɾ# {GOLD: >*} | *#lˈiɾ# {GOLD: #lˈiɾ#}
552    | ... | ... | ... | #lˈibɛru# | *#lˈibɛɾu# | *#lˈibəɾə# | *#lˈibɾ̩# {GOLD: >*} | *#lˈibɾ̩# {GOLD: >*} | *#lˈibɾ̩# {GOLD: >*} | *#lˈibəɾ# {GOLD: #lˈibəɾ#}
553    | #lˌiːberˈɑːnioː# | *#lˌiβɛrˈɒːnju# | *#lˌiβɛrˈoɲu# | *#lˌiwɪrˈoɲu# | *#lˌiːɾˈɔ̃ɲu# | *#lˌiːɾˈɔ̃ɲə# | *#lˌiːɾˈɔ̃ɲ# {GOLD: >*} | *#lˌiːɾˈɔ̃ɲ# {GOLD: >*} | *#liɾˈɔɲ# {GOLD: >*} | *#liɾˈɔj# {GOLD: #liɾˈɔj#}
554    | #lˌiɡɑːtˈuːrɑ# | *#lˌɪɡɑːtˈuːrɑ# | *#lˌiɡɑtˈyrɑ# | *#lˌiɡatˈyra# | *#lˌiɡətˈyɾa# | *#lˌiɡətˈyːɾa# | *#lˌiɡətˈyːɾə# {GOLD: >*} | *#lˌiɡətˈyːɾə# {GOLD: >*} | *#liɡətˈyɾə# {GOLD: >*} | *#liktˈyɾə# {GOLD: #liktˈyɾə#}
555    | #lˈiːlium# | *#lˈiʎʊ# | *#lˈilːu# | *#lˈilːu# | *#lˈilːu# | *#lˈiːlːə# | *#lˈiːlː# {GOLD: >*} | *#lˈiːlː# {GOLD: >*} | *#lˈil# {GOLD: >*} | *#lˈil# {GOLD: #lˈil#}
556    | #lˈiːkium# | *#lˈikjʊ# | *#lˈikju# | *#lˈicju# | *#lˈicju# | *#lˈicjə# | *#lˈic# {GOLD: >*} | *#lˈic# {GOLD: >*} | *#lˈic# {GOLD: >*} | *#lˈic# {GOLD: #lˈic#}
557    | #lˈiːmɑ# | *#lˈimɑ# | *#lˈimɑ# | *#lˈima# | *#lˈĩma# | *#lˈĩma# | *#lˈĩmə# {GOLD: >*} | *#lˈĩmə# {GOLD: >*} | *#lˈimə# {GOLD: >*} | *#lˈimə# {GOLD: #lˈimə#}
558    | #lˌiːmˈɑːnioː# | *#lˌimˈɒːnju# | *#lˌimˈoɲu# | *#lˌimˈoɲu# | *#lə̃mˈɔ̃ɲu# | *#lə̃mˈɔ̃ɲə# | *#lə̃mˈɔ̃ɲ# {GOLD: >*} | *#lə̃mˈɔ̃ɲ# {GOLD: >*} | *#ləmˈɔɲ# {GOLD: >*} | *#ləmˈɔj# {GOLD: #ləmˈɔj#}
559    | #lˈiːnum# | *#lˈinʊ# | *#lˈinu# | *#lˈinu# | *#lˈĩnu# | *#lˈĩːnə# | *#lˈĩː# {GOLD: #lˈĩː#} | *#lˈĩː# {GOLD: >*} | *#lˈi# {GOLD: >*} | *#lˈi# {GOLD: #lˈi#}
560    | #lˈiːneɑ# | *#lˈinjɑ# | *#lˈiɲɑ# | *#lˈiɲa# | *#lˈĩɲa# | *#lˈĩɲa# | *#lˈĩɲə# {GOLD: >*} | *#lˈĩɲə# {GOLD: >*} | *#lˈiɲə# {GOLD: >*} | *#lˈiɲə# {GOLD: #lˈiɲə#}
561    | #lˌippitˈuːrɑ# | *#lˌɪppɪtˈuːrɑ# | *#lˌeppetˈyrɑ# | *#lˌeppɪtˈyra# | *#lˌepɪtˈyɾa# | *#lˌɛpətˈyːɾa# | *#lˌɛpətˈyːɾə# {GOLD: >*} | *#lˌɛpətˈyːɾə# {GOLD: >*} | *#lɛpətˈyɾə# {GOLD: >*} | *#lɛptˈyɾə# {GOLD: #lɛptˈyɾə#}
562    | #lˈissum# | *#lˈɪssʊ# | *#lˈessu# | *#lˈessu# | *#lˈeʃu# | *#lˈɛːʃə# | *#lˈɛːʃ# {GOLD: >*} | *#lˈɛːʃ# {GOLD: >*} | *#lˈɛʃ# {GOLD: >*} | *#lˈɛʃ# {GOLD: #lˈɛʃ#}
563    | #lˈitterɑm# | *#lˈɪttɛrɑ# | *#lˈettɛrɑ# | *#lˈettɪra# | *#lˈetɪɾa# | *#lˈɛtəɾa# | *#lˈɛtəɾə# {GOLD: >*} | *#lˈɛtəɾ# {GOLD: >*} | *#lˈɛtəɾ# {GOLD: >*} | *#lˈɛtəɾ# {GOLD: #lˈɛtəɾ#}
564    | #lˌuːdˈonioː# | *#lˌuːdˈɒnju# | *#lˌydˈoɲu# | *#lˌyðˈoɲu# | *#ləˈɔ̃ːɲu# | *#ləˈũo̯ɲə# | *#lˈũːo̯ɲ# {GOLD: #lˈuo̯j#} | *#lˈũːa̯ɲ# {GOLD: >*} | *#lˈua̯ɲ# {GOLD: >*} | *#lˈua̯j# {GOLD: #lˈua̯j#}
565    | #lˌukˈernɑm# | *#lˌʊkˈɛrnɑ# | *#lˌukˈɛrnɑ# | *#lˌucˈɛrna# | *#lˌucˈɛɾna# | *#lˌucˈɛːrːa# | *#lˌucˈɛːrə# {GOLD: >*} | *#lˌucˈɛːrə# {GOLD: >*} | *#lucˈɛrə# {GOLD: >*} | *#lucˈɛrə# {GOLD: #lucˈɛrə#}
566    | #lˈukrum# | *#lˈʊkrʊ# | *#lˈukru# | *#lˈukru# | *#lˈukɾu# | *#lˈukɾə# | *#lˈukɾ̩# {GOLD: >*} | *#lˈukɾ̩# {GOLD: >*} | *#lˈukɾ̩# {GOLD: >*} | *#lˈukəɾ# {GOLD: #lˈukəɾ#}
567    | #lˈuktɑm# | *#lˈʊktɑ# | *#lˈuktɑ# | *#lˈukta# | *#lˈukta# | *#lˈuːfta# | *#lˈuːftə# {GOLD: >*} | *#lˈuːftə# {GOLD: >*} | *#lˈuftə# {GOLD: >*} | *#lˈuftə# {GOLD: #lˈuftə#}
568    | #lˌuktˈɑːnioː# | *#lˌʊktˈɒːnju# | *#lˌuktˈoɲu# | *#lˌuktˈoɲu# | *#lˌuktˈɔ̃ɲu# | *#lˌuftˈɔ̃ɲə# | *#lˌuftˈɔ̃ɲ# {GOLD: >*} | *#lˌuftˈɔ̃ɲ# {GOLD: >*} | *#luftˈɔɲ# {GOLD: >*} | *#luftˈɔj# {GOLD: #luftˈɔj#}
569    | #lˌuktɑtˈoːrem# | *#lˌʊktɑtˈɒrɛ# | *#lˌuktɑtˈorɛ# | *#lˌuktatˈorɪ# | *#lˌukttˈɔɾɪ# | *#lˌuftːˈaːɾə# | *#lˌuftːˈaːɾ# {GOLD: >*} | *#lˌuftːˈaːɾ# {GOLD: #lˌuftˈaɾ#} | *#luftˈaɾ# {GOLD: >*} | *#luftˈaɾ# {GOLD: #luftˈaɾ#}
570    | #lˈuntrem# | *#lˈʊntrɛ# | *#lˈuntrɛ# | *#lˈuntrɪ# | *#lˈũntɾɪ# | *#lˈũndɾə# | *#lˈũndɾ̩# {GOLD: >*} | *#lˈũndɾ̩# {GOLD: >*} | *#lˈundɾ̩# {GOLD: >*} | *#lˈundəɾ# {GOLD: #lˈundəɾ#}
571    | #lˌupekkˈɑːtum# | *#lˌʊpɛkkˈɑːtʊ# | *#lˌupkkˈɑtu# | *#lˌupkˈatu# | *#lˌuðkˈatu# | *#lˌuɡˈatə# | *#lˌuɡˈat# {GOLD: >*} | *#lˌuɡˈat# {GOLD: >*} | *#luɡˈat# {GOLD: #luvɡˈat#} | *#luɡˈat# {GOLD: #luɡˈat#}
572    | #lˌupukˈerwulum# | *#lˌʊpʊkˈɛrwʊlʊ# | *#lˌupkˈɛrwulu# | *#lˌupcˈɛrbulu# | *#lˌuðcˈɛːɾbulu# | *#lˌucˈie̯ɾbulˠə# | *#lˌucˈɛɾbulˠ# {GOLD: >*} | *#lˌucˈɛɾbulˠ# {GOLD: >*} | *#lucˈɛɾbulˠ# {GOLD: >*} | *#lucˈɛɾbulˠ# {GOLD: #lucˈɛɾbulˠ#}
573    | #lˈuːstrum# | *#lˈuːstrʊ# | *#lˈystru# | *#lˈystru# | *#lˈyʃtɾu# | *#lˈyːʃtɾə# | *#lˈyːʃtɾ̩# {GOLD: >*} | *#lˈyːʃtɾ̩# {GOLD: >*} | *#lˈyʃtɾ̩# {GOLD: >*} | *#lˈyʃtəɾ# {GOLD: #lˈyʃtəɾ#}
574    | #mˈae̯strum# | *#mˈɛstrʊ# | *#mˈɛstru# | *#mˈɛstru# | *#mˈɛːʃtɾu# | *#mˈie̯ʃtɾə# | *#mjˈɛʃtɾ̩# {GOLD: >*} | *#mjˈɛʃtɾ̩# {GOLD: >*} | *#mjˈɛʃtɾ̩# {GOLD: >*} | *#mjˈɛʃtəɾ# {GOLD: #mjˈɛʃtəɾ#}
575    | #mˌɑɡˈiːɑ# | *#mˌɑɡˈiɑ# | *#mˌɑɡˈijɑ# | *#mˌẽɟˈija# | *#mə̃nɟˈija# | *#mə̃nɟˈija# | *#mə̃ɲɟˈiː# {GOLD: #mˌãɲɟˈiː#} | *#mə̃ɲɟˈiː# {GOLD: >*} | *#məɲɟˈi# {GOLD: >*} | *#məɲɟˈi# {GOLD: #məɲɟˈi#}
576    | #mˌɑɡisterˈɑːnioː# | *#mˌɑɡɪstɛrˈɒːnju# | *#mˌɑːstɛrˈoɲu# | *#mˌaːstɪrˈoɲu# | *#mˌaːʃtɪɾˈɔ̃ɲu# | *#mˌaːʃtəɾˈɔ̃ɲə# | *#mˌaːʃtəɾˈɔ̃ɲ# {GOLD: >*} | *#mˌaːʃtəɾˈɔ̃ɲ# {GOLD: >*} | *#maʃtɾˈɔɲ# {GOLD: >*} | *#maʃtɾˈɔj# {GOLD: #maʃtɾˈɔj#}
577    | #mˌɑɡistˈerikum# | *#mˌɑɡɪstˈɛrɪkʊ# | *#mˌɑːstˈɛrku# | *#mˌaːstˈɛrku# | *#mˌaːʃtˈɛɾku# | *#mˌaːʃtˈɛːɾkə# | *#mˌaːʃtˈɛːɾk# {GOLD: >*} | *#mˌaːʃtˈɛːɾk# {GOLD: >*} | *#maʃtˈɛɾk# {GOLD: >*} | *#maʃtˈɛɾk# {GOLD: #maʃtˈɛɾk#}
578    | #mˌɑiˈɑːriɑ# | *#mˌɑjˈɑːrjɑ# | *#mˌɑjˈɑrjɑ# | *#mˌajˈerja# | *#mˌajˈeɾja# | *#mˌajˈɛːɾja# | *#mˌajˈɛːɾɛ# {GOLD: >*} | *#mˌajˈɛːɾɛ# {GOLD: >*} | *#majˈɛɾɛ# {GOLD: >*} | *#majˈɛɾɛ# {GOLD: #majˈɛɾɛ#}
579    | #mˈɑːium# | *#mˈɑːjʊ# | *#mˈɑju# | *#mˈaju# | *#mˈaju# | *#mˈajə# | *#mˈaj# {GOLD: >*} | *#mˈaj# {GOLD: >*} | *#mˈaj# {GOLD: >*} | *#mˈaj# {GOLD: #mˈaj#}
580    | #mˌɑludiːkˈonioː# | *#mˌɑlʊdikˈɒnju# | *#mˌɑludikˈoɲu# | *#mˌaluðɪkˈoɲu# | *#mˌaːləðɪkˈɔ̃ɲu# | *#mˌaːlˠəkˈɔ̃ɲə# | *#mˌaːlˠəkˈɔ̃ɲ# {GOLD: >*} | *#mˌaːlˠkˈɔ̃ɲ# {GOLD: >*} | *#malˠkˈɔɲ# {GOLD: #malˠəkˈɔɲ#} | *#malˠkˈɔj# {GOLD: #malˠkˈɔj#}
581    | #mˌɑlletiˈolɑ# | *#mˌɑllɛt͡ʃjˈɒlɑ# | *#mˌɑlːɛt͡ʃjˈolɑ# | *#mˌalːɪt͡ʃˈola# | *#mˌaːlːɪsˈɔla# | *#mˌaːlːəsˈɔːlˠa# | *#mˌaːlːsˈɔːlˠə# {GOLD: >*} | *#mˌaːlːsˈɔːlˠə# {GOLD: >*} | *#malt͡sˈɔlˠə# {GOLD: >*} | *#malt͡sˈɔlˠə# {GOLD: #mat͡sˈɔlˠə#}
582    | #mˌɑlleˈolɑ# | *#mˌɑʎˈɒlɑ# | *#mˌɑʎˈolɑ# | *#mˌẽðjˈola# | *#mə̃nʎˈɔla# | *#mə̃ɲˈɔːlˠa# | *#mə̃ɲˈɔːlˠə# {GOLD: >*} | *#mə̃ɲˈɔːlˠə# {GOLD: >*} | *#məɲˈɔlˠə# {GOLD: >*} | *#məɲˈɔlˠə# {GOLD: #məɲˈɔlˠə#}
583    | #mˌɑlˈeːtum# | *#mˌɑlˈeːtʊ# | *#mˌɑlˈetu# | *#mˌalˈetu# | *#mˌɐlˈetu# | *#mˌɐlˠˈɛtə# | *#mˌəlˠˈɛt# {GOLD: >*} | *#mˌəlˠˈɛt# {GOLD: >*} | *#məlˠˈɛt# {GOLD: >*} | *#məlˠˈɛt# {GOLD: #məlˠˈɛt#}
584    | #mˈɑlleum# | *#mˈɑʎʊ# | *#mˈɑʎu# | *#mˈaʎu# | *#mˈaʎu# | *#mˈaːʎə# | *#mˈaːʎ# {GOLD: >*} | *#mˈaːʎ# {GOLD: >*} | *#mˈaj# {GOLD: >*} | *#mˈaj# {GOLD: #mˈaj#}
585    | #mˌɑlitiˈɑːnioː# | *#mˌɑlɪt͡ʃjˈɒːnju# | *#mˌɑlet͡ʃjˈoɲu# | *#mˌalɪt͡ʃˈoɲu# | *#mˌaːlɪsˈɔ̃ɲu# | *#mˌaːləsˈɔ̃ɲə# | *#mˌaːlsˈɔ̃ɲ# {GOLD: >*} | *#mˌaːlsˈɔ̃ɲ# {GOLD: >*} | *#malt͡sˈɔɲ# {GOLD: >*} | *#malt͡sˈɔj# {GOLD: #malt͡sˈɔj#}
586    | #mˌɑlˌɑnɡˈenioː# | *#mˌɑlˌɑŋɡˈɛnju# | *#mˌɑlˌɑŋɡˈɛɲu# | *#mˌalˌaŋɟˈɛɲu# | *#mˌaːlə̃ŋɟˈɛ̃ɲu# | *#mˌaːlˠə̃ŋɟˈɛ̃ɲə# | *#mˌaːlˠə̃ɲɟˈɛ̃ɲ# {GOLD: >*} | *#mˌaːlˠə̃ɲɟˈɛ̃ɲ# {GOLD: >*} | *#malˠəɲɟˈɛɲ# {GOLD: >*} | *#malˠəɲɟˈɛj# {GOLD: #malˠəɲɟˈɛj#}
587    | #mˈɑlum# | *#mˈɑlʊ# | *#mˈɑlu# | *#mˈalu# | *#mˈalu# | *#mˈaːlˠə# | *#mˈaːlˠ# {GOLD: >*} | *#mˈaːlˠ# {GOLD: >*} | *#mˈalˠ# {GOLD: >*} | *#mˈalˠ# {GOLD: #mˈalˠ#}
588    | ... | ... | #mˌɨnˈɔɲɔ# | *#mˌɨnˈɔɲɔ# | *#mˌɨ̃nˈɔ̃ɲɔ# | *#mˌĩnˈɔ̃ɲə# | *#mˌĩnˈɔ̃ɲ# {GOLD: >*} | *#mˌĩnˈɔ̃ɲ# {GOLD: >*} | *#minˈɔɲ# {GOLD: >*} | *#minˈɔj# {GOLD: #mənˈɔj#}
589    | #mˈɑnikɑm# | *#mˈɑnɪkɑ# | *#mˈɑnkɑ# | *#mˈanka# | *#mˈãnka# | *#mˈãnɡa# | *#mˈʌ̃ŋɡə# {GOLD: >*} | *#mˈə̃ɲ̈ɡə# {GOLD: >*} | *#mˈəɲ̈ɡə# {GOLD: >*} | *#mˈəŋɡə# {GOLD: #mˈəŋɡə#}
590    | #mˌɑnikˈɑːnioː# | *#mˌɑnɪkˈɒːnju# | *#mˌɑnkˈoɲu# | *#mˌankˈoɲu# | *#mə̃nkˈɔ̃ɲu# | *#mə̃nɡˈɔ̃ɲə# | *#mə̃ŋɡˈɔ̃ɲ# {GOLD: >*} | *#mə̃ɲ̈ɡˈɔ̃ɲ# {GOLD: >*} | *#məɲ̈ɡˈɔɲ# {GOLD: >*} | *#məŋɡˈɔj# {GOLD: #məŋɡˈɔj#}
591    | #mˌɑnipulˈɑːnioː# | *#mˌɑnɪpʊlˈɒːnju# | *#mˌɑnpulˈoɲu# | *#mˌanpulˈoɲu# | *#mə̃npulˈɔ̃ɲu# | *#mə̃npulˠˈɔ̃ɲə# | *#mə̃mbulˠˈɔ̃ɲ# {GOLD: >*} | *#mbulˠˈɔ̃ɲ# {GOLD: >*} | *#mbulˠˈɔɲ# {GOLD: >*} | *#mbulˠˈɔj# {GOLD: #mbulˈɔj#}
592    | #mˈɑnniɑ# | *#mˈɑnnjɑ# | *#mˈɑnɲɑ# | *#mˈanɲa# | *#mˈãnɲa# | *#mˈãɲa# | *#mˈʌ̃ɲə# {GOLD: >*} | *#mˈə̃ɲə# {GOLD: >*} | *#mˈəɲə# {GOLD: >*} | *#mˈəɲə# {GOLD: #mˈəɲə#}
593    | #mˈɑnkum# | *#mˈɑnkʊ# | *#mˈɑnku# | *#mˈanku# | *#mˈãnku# | *#mˈãnɡə# | *#mˈʌ̃ŋɡ# {GOLD: >*} | *#mˈə̃ɲ̈ɡ# {GOLD: #mˈənk#} | *#mˈəɲ̈ɡ# {GOLD: ...} | ... {GOLD: ...}
594    | #mˈɑnkɑ# | *#mˈɑnkɑ# | *#mˈɑnkɑ# | *#mˈanka# | *#mˈãnka# | *#mˈãnɡa# | *#mˈʌ̃ŋɡə# {GOLD: >*} | *#mˈə̃ɲ̈ɡə# {GOLD: >*} | *#mˈəɲ̈ɡə# {GOLD: #mˈəŋɡə#} | *#mˈəŋɡə# {GOLD: ...}
595    | #mˌɑnkˈɑːnioː# | *#mˌɑnkˈɒːnju# | *#mˌɑnkˈoɲu# | *#mˌankˈoɲu# | *#mə̃nkˈɔ̃ɲu# | *#mə̃nɡˈɔ̃ɲə# | *#mə̃ŋɡˈɔ̃ɲ# {GOLD: #mn̩ɡˈɔ̃ɲ#} | *#mə̃ɲ̈ɡˈɔ̃ɲ# {GOLD: >*} | *#məɲ̈ɡˈɔɲ# {GOLD: >*} | *#məŋɡˈɔj# {GOLD: #muŋɡˈɔj#}
596    | #mˈɑnkinum# | *#mˈɑnkɪnʊ# | *#mˈɑnkenu# | *#mˈancɑ̃ɾ̃u# | *#mˈãncɐɾ̃u# | *#mˈãncɐɾ̃ə# | *#mˈʌ̃ɲɟəɾ̃# {GOLD: >*} | *#mˈə̃ɲɟəɾ̃# {GOLD: >*} | *#mˈəɲɟəɾ# {GOLD: >*} | *#mˈəɲɟəɾ# {GOLD: #mˈəɲɟəɾ#}
597    | #mˈɑnktum# | *#mˈɑnktʊ# | *#mˈɑɲtu# | *#mˈaɲtu# | *#mˈãɲtu# | *#mˈãːjtə# | *#mˈãːjt# {GOLD: #mˈaːjtə#} | *#mˈãːjt# {GOLD: >*} | *#mˈajt# {GOLD: >*} | *#mˈajt# {GOLD: #mˈajt#}
598    | #mˈɑrɡinem# | *#mˈɑrɡɪnɛ# | *#mˈɑrɡenɛ# | *#mˈarɟɑ̃ɾ̃ɪ# | *#mˈaɾɟɐɾ̃ɪ# | *#mˈaːɾɟɐɾ̃ə# | *#mˈaːɾɟəɾ̃# {GOLD: #mˈaɾɟəɾ̃ə#} | *#mˈaːɾɟəɾ̃# {GOLD: ...} | ... {GOLD: ...} | ... {GOLD: ...}
599    | ... | #mˌɑrˈiːɑ# | *#mˌɑrˈijɑ# | *#mˌarˈija# | *#məɾˈija# | *#məɾˈija# | *#məɾˈiː# {GOLD: >*} | *#məɾˈiː# {GOLD: #məɾˈiː#} | *#məɾˈi# {GOLD: >*} | *#məɾˈi# {GOLD: #məɾˈi#}
600    | ... | ... | #mˌarikˈɔsu# | *#mˌarɪkˈɔsu# | *#məɾɪkˈɔʃu# | *#məɾkˈɔːʃə# | *#mɾ̩kˈɔːʃ# {GOLD: >*} | *#mɾ̩kˈɔːʃ# {GOLD: >*} | *#mɾ̩kˈɔʃ# {GOLD: >*} | *#məɾkˈɔʃ# {GOLD: #məɾkˈɔʃ#}
601    | #mˌɑrelˈuːkium# | *#mˌɑrɛlˈuːkjʊ# | *#mˌɑrɛlˈykju# | *#mˌarɪlˈycju# | *#məɾəlˈycju# | *#məɾəlˈycjə# | *#məlˈyc# {GOLD: >*} | *#məlˈyc# {GOLD: >*} | *#mlˈyc# {GOLD: #məlˈyʃ#} | *#mlˈyc# {GOLD: #mlˈyʃ#}
602    | #mˌɑːriːtˈɑːnioː# | *#mˌɑːritˈɒːnju# | *#mˌɑrtˈoɲu# | *#mˌartˈoɲu# | *#məɾtˈɔ̃ɲu# | *#məɾtˈɔ̃ɲə# | *#mɾ̩tˈɔ̃ɲ# {GOLD: >*} | *#mɾ̩tˈɔ̃ɲ# {GOLD: >*} | *#mɾ̩tˈɔɲ# {GOLD: >*} | *#məɾtˈɔj# {GOLD: #maɾtˈɔj#}
603    | #mˌɑːriːtˈɑːnioː# | *#mˌɑːritˈɒːnju# | *#mˌɑrtˈoɲu# | *#mˌartˈoɲu# | *#məɾtˈɔ̃ɲu# | *#məɾtˈɔ̃ɲə# | *#mɾ̩tˈɔ̃ɲ# {GOLD: >*} | *#mɾ̩tˈɔ̃ɲ# {GOLD: >*} | *#mɾ̩tˈɔɲ# {GOLD: >*} | *#məɾtˈɔj# {GOLD: #məltˈɔj#}
604    | #mˌɑːriːtˈɑːtiɑ# | *#mˌɑːritˈɑːt͡ʃjɑ# | *#mˌɑrtˈɑt͡ʃjɑ# | *#mˌartˈet͡ʃa# | *#məɾtˈesa# | *#məɾtˈɛːsa# | *#mɾ̩tˈɛːsə# {GOLD: >*} | *#mɾ̩tˈɛːsə# {GOLD: >*} | *#mɾ̩tˈɛsə# {GOLD: >*} | *#məɾtˈɛsə# {GOLD: #maɾtˈɛsə#}
605    | #mˈɑrkum# | *#mˈɑrkʊ# | *#mˈɑrku# | *#mˈarku# | *#mˈaɾku# | *#mˈaːɾkə# | *#mˈaːɾk# {GOLD: >*} | *#mˈaːɾk# {GOLD: >*} | *#mˈaɾk# {GOLD: >*} | *#mˈaɾk# {GOLD: #mˈaɾk#}
606    | #mˈɑrmurem# | *#mˈɑrmʊrɛ# | *#mˈɑrmurɛ# | *#mˈarmurɪ# | *#mˈaɾmuɾɪ# | *#mˈaːɾmuɾə# | *#mˈaːɾmuɾ# {GOLD: >*} | *#mˈaːɾmuɾ# {GOLD: >*} | *#mˈaɾmuɾ# {GOLD: >*} | *#mˈaɾmuɾ# {GOLD: #mˈaɾmuɾ#}
607    | #mˌɑrruːkˌiːnˈeːtum# | *#mˌɑrruːkˌinˈeːtʊ# | *#mˌɑrrkˌinˈetu# | *#mˌarcˌinˈetu# | *#məɾcˌĩːnˈetu# | *#məɾcˌĩːnˈɛtə# | *#mɾ̩cˌĩːnˈɛt# {GOLD: #mˌaɾciɾ̃ˈɛt#} | *#mɾ̩cˌĩːnˈɛt# {GOLD: ...} | ... {GOLD: ...} | ... {GOLD: ...}
608    | #mˈɑːrtem# | *#mˈɑːrtɛ# | *#mˈɑrtɛ# | *#mˈartɪ# | *#mˈaɾtɪ# | *#mˈaːɾtə# | *#mˈaːɾt# {GOLD: >*} | *#mˈaːɾt# {GOLD: >*} | *#mˈaɾt# {GOLD: >*} | *#mˈaɾt# {GOLD: #mˈaɾt#}
609    | #mˌɑːrtˈiːnum# | *#mˌɑːrtˈinʊ# | *#mˌɑrtˈinu# | *#mˌartˈinu# | *#məɾtˈĩnu# | *#məɾtˈĩːnə# | *#mɾ̩tˈĩː# {GOLD: #məɾtˈĩː#} | *#mɾ̩tˈĩː# {GOLD: >*} | *#mɾ̩tˈi# {GOLD: >*} | *#məɾtˈi# {GOLD: #məɾtˈi#}
610    | #mˈɑːrtius# | *#mˈɑːrt͡ʃjʊ# | *#mˈɑrt͡ʃju# | *#mˈart͡ʃu# | *#mˈaɾsu# | *#mˈaːɾsə# | *#mˈaːɾs# {GOLD: >*} | *#mˈaːɾs# {GOLD: >*} | *#mˈaɾs# {GOLD: >*} | *#mˈaɾs# {GOLD: #mˈaɾs#}
611    | #mˈɑrum# | *#mˈɑrʊ# | *#mˈɑru# | *#mˈaru# | *#mˈaɾu# | *#mˈaːɾə# | *#mˈaːɾ# {GOLD: >*} | *#mˈaːɾ# {GOLD: >*} | *#mˈaɾ# {GOLD: >*} | *#mˈaɾ# {GOLD: #mˈaɾ#}
612    | #mˌɑrˈuːnum# | *#mˌɑrˈuːnʊ# | *#mˌɑrˈynu# | *#mˌarˈunu# | *#məɾˈũnu# | *#məɾˈũːnə# | *#məɾˈũː# {GOLD: #məɾˈũː#} | *#məɾˈũː# {GOLD: >*} | *#məɾˈu# {GOLD: >*} | *#məɾˈu# {GOLD: #məɾˈu#}
613    | #mˈɑskulum# | *#mˈɑskʊlʊ# | *#mˈɑskulu# | *#mˈaskulu# | *#mˈaʃkulu# | *#mˈaːʃkulˠə# | *#mˈaːʃkulˠ# {GOLD: >*} | *#mˈaːʃkulˠ# {GOLD: >*} | *#mˈaʃkulˠ# {GOLD: >*} | *#mˈaʃkulˠ# {GOLD: #mˈaʃkulˠ#}
614    | #mˈɑssɑ# | *#mˈɑssɑ# | *#mˈɑssɑ# | *#mˈassa# | *#mˈaʃa# | *#mˈaːʃa# | *#mˈaːʃə# {GOLD: >*} | *#mˈaːʃə# {GOLD: >*} | *#mˈaʃə# {GOLD: >*} | *#mˈaʃə# {GOLD: #mˈaʃə#}
615    | #mˌɑstikˈɑːnioː# | *#mˌɑstɪkˈɒːnju# | *#mˌɑstekˈoɲu# | *#mɪstɪkˈoɲu# | *#mɪʃtɪkˈɔ̃ɲu# | *#məʃtəkˈɔ̃ɲə# | *#məʃtəkˈɔ̃ɲ# {GOLD: >*} | *#məʃtəkˈɔ̃ɲ# {GOLD: >*} | *#məʃtəkˈɔɲ# {GOLD: >*} | *#məʃtəkˈɔj# {GOLD: #məʃtɛkˈɔj#}
616    | #mˌɑtˈɑksum# | *#mˌɑtˈɑksʊ# | *#mˌɑtˈɑksu# | *#mˌẽtˈaksu# | *#mə̃ntˈakʃu# | *#mə̃ndˈaːfʃə# | *#mə̃ndˈaːfʃ# {GOLD: >*} | *#mə̃ndˈaːfʃ# {GOLD: >*} | *#məndˈafʃ# {GOLD: >*} | *#məndˈafʃ# {GOLD: #məndˈafʃ#}
617    | ... | ... | ... | #mˌɐtrˈikʊ# | *#mˌɑːtɾˈikə# | *#mˌɑːtɾˈikə# | *#mˌaːtɾˈik# {GOLD: >*} | *#mˌaːtɾˈik# {GOLD: >*} | *#matɾˈik# {GOLD: >*} | *#matɾˈik# {GOLD: #mətɾˈik#}
618    | #mˌɑːtrˈiːkulɑm# | *#mˌɑːtrˈikʊlɑ# | *#mˌɑtrˈikulɑ# | *#mˌẽtrˈikula# | *#mə̃ntɾˈikula# | *#mə̃ndɾˈikulˠə# | *#mə̃ndɾˈikulˠ# {GOLD: #ˌn̩tɾˈikulˠ#} | *#mə̃ndɾˈikulˠ# {GOLD: >*} | *#məndɾˈikulˠ# {GOLD: >*} | *#məndɾˈikulˠ# {GOLD: #ndɾˈikulˠ#}
619    | #mˌɑtteˈukkum# | *#mˌɑtt͡ʃjˈʊkkʊ# | *#mˌɑtt͡ʃjˈukku# | *#mˌẽtt͡ʃˈukku# | *#mə̃nsˈuku# | *#mə̃sˈukə# | *#mə̃sˈuk# {GOLD: >*} | *#mə̃sˈuk# {GOLD: #mˌəsˈuk#} | *#məsˈuk# {GOLD: >*} | *#məsˈuk# {GOLD: #məsˈuk#}
620    | #mˌedikˈɑːnioː# | *#mˌɛdɪkˈɒːnju# | *#mˌɛdekˈoɲu# | *#mɪðɪkˈoɲu# | *#mɪðɪkˈɔ̃ɲu# | *#məkˈɔ̃ɲə# | *#məkˈɔ̃ɲ# {GOLD: >*} | *#məkˈɔ̃ɲ# {GOLD: >*} | *#məkˈɔɲ# {GOLD: >*} | *#məkˈɔj# {GOLD: #məkˈɔj#}
621    | #mˌedikˈɑstrum# | *#mˌɛdɪkˈɑstrʊ# | *#mˌɛdekˈɑstru# | *#mɪðɪkˈastru# | *#mɪðɪkˈaʃtɾu# | *#məɡˈaːʃtɾə# | *#məɡˈaːʃtɾ̩# {GOLD: >*} | *#məɡˈaːʃtɾ̩# {GOLD: >*} | *#məɡˈaʃtɾ̩# {GOLD: >*} | *#məɡˈaʃtəɾ# {GOLD: #məɡˈaʃtəɾ#}
622    | #mˈedikum# | *#mˈɛdɪkʊ# | *#mˈɛdeku# | *#mˈɛðɪku# | *#mˈɛːðɪku# | *#mjˈɛːkə# | *#mjˈɛːk# {GOLD: #mjˈɛːk#} | *#mjˈɛːk# {GOLD: #mjˈɛːk#} | *#mjˈɛk# {GOLD: >*} | *#mjˈɛk# {GOLD: #mjˈɛk#}
623    | #mˌeditˈɑːnioː# | *#mˌɛdɪtˈɒːnju# | *#mˌɛdetˈoɲu# | *#mɪðɪtˈoɲu# | *#mɪðɪtˈɔ̃ɲu# | *#mətˈɔ̃ɲə# | *#mətˈɔ̃ɲ# {GOLD: >*} | *#mətˈɔ̃ɲ# {GOLD: >*} | *#mtˈɔɲ# {GOLD: >*} | *#mtˈɔj# {GOLD: #mɛjtˈɔj#}
624    | #mˈedium# | *#mˈɛd͡ʒjʊ# | *#mˈɛd͡ʒju# | *#mˈɛd͡ʒu# | *#mˈɛːzu# | *#mˈie̯zə# | *#mjˈɛz# {GOLD: >*} | *#mjˈɛz# {GOLD: >*} | *#mjˈɛz# {GOLD: >*} | *#mjˈɛz# {GOLD: #mjˈɛz#}
625    | #mˌensˈoːrɑ# | *#mˌɛnsˈoːrɑ# | *#mˌɛsˈørɑ# | *#mɪsˈøra# | *#mɪʃˈœɾa# | *#məʃˈɛːɾa# | *#məʃˈɛːɾə# {GOLD: >*} | *#məʃˈɛːɾə# {GOLD: >*} | *#məʃˈɛɾə# {GOLD: >*} | *#məʃˈɛɾə# {GOLD: #məʃˈɛɾə#}
626    | #mˈentɑ# | *#mˈɛntɑ# | *#mˈɛntɑ# | *#mˈɛnta# | *#mˈɛ̃nta# | *#mˈɛ̃nda# | *#mˈɛ̃ndə# {GOLD: >*} | *#mˈɛ̃ndə# {GOLD: >*} | *#mˈɛndə# {GOLD: >*} | *#mˈɛndə# {GOLD: #mˈɛndə#}
627    | #mˈentem# | *#mˈɛntɛ# | *#mˈɛntɛ# | *#mˈɛntɪ# | *#mˈɛ̃ntɪ# | *#mˈɛ̃ndə# | *#mˈɛ̃nd# {GOLD: >*} | *#mˈɛ̃nd# {GOLD: >*} | *#mˈɛnd# {GOLD: >*} | *#mˈɛnd# {GOLD: #mˈɛnd#}
628    | #mˌeriːdiˈɑːnioː# | *#mˌɛrid͡ʒjˈɒːnju# | *#mˌɛrid͡ʒjˈoɲu# | *#mˌɛrɪd͡ʒˈøɲu# | *#məɾɪzˈœ̃ɲu# | *#məɾəzˈɛ̃ɲə# | *#mɾ̩zˈɛ̃ɲ# {GOLD: >*} | *#mɾ̩zˈɛ̃ɲ# {GOLD: >*} | *#mɾ̩zˈɛɲ# {GOLD: >*} | *#məɾzˈɛj# {GOLD: #məɾzˈɛj#}
629    | #mˌerˈiːdiem# | *#mˌɛrˈid͡ʒjɛ# | *#mˌɛrˈid͡ʒjɛ# | *#mˌɛrˈid͡ʒɛ# | *#məɾˈizɛ# | *#məɾˈiːzə# | *#məɾˈiːz# {GOLD: >*} | *#məɾˈiːz# {GOLD: >*} | *#məɾˈiz# {GOLD: >*} | *#məɾˈiz# {GOLD: #məɾˈiz#}
630    | #mˌerɡˈonioː# | *#mˌɛrɡˈɒnju# | *#mˌɛrɡˈoɲu# | *#mˌɛrɡˈoɲu# | *#məɾɡˈɔ̃ɲu# | *#məɾɡˈɔ̃ɲə# | *#mɾ̩ɡˈɔ̃ɲ# {GOLD: >*} | *#mɾ̩ɡˈɔ̃ɲ# {GOLD: >*} | *#mɾ̩ɡˈɔɲ# {GOLD: >*} | *#məɾɡˈɔj# {GOLD: #məɾɡˈɔj#}
631    | ... | #mˌɛrkˈɑːrju# | *#mˌɛrkˈɑrju# | *#mˌɛrcˈeru# | *#məɾcˈeɾu# | *#məɾcˈɛːɾə# | *#mɾ̩cˈɛːɾ# {GOLD: >*} | *#mɾ̩cˈɛːɾ# {GOLD: >*} | *#mɾ̩cˈɛɾ# {GOLD: >*} | *#məɾcˈɛɾ# {GOLD: #məɾcˈɛɾ#}
632    | #mˌerkˈurɑ# | *#mˌɛrkˈʊrɑ# | *#mˌɛrkˈurɑ# | *#mˌɛrkˈura# | *#məɾkˈuɾa# | *#məɾkˈuːɾa# | *#mɾ̩kˈuːɾə# {GOLD: >*} | *#mɾ̩kˈuːɾə# {GOLD: >*} | *#mɾ̩kˈuɾə# {GOLD: >*} | *#məɾkˈuɾə# {GOLD: #məɾkˈuɾə#}
633    | #mˌerulˈɑːneɑ# | *#mˌɛrʊlˈɑːnjɑ# | *#mˌɛrulˈɑɲɑ# | *#mˌɛrulˈaɲa# | *#məɾəlˈãɲa# | *#məɾəlˠˈɛ̃ɲa# | *#məlˠˈɛ̃ɲə# {GOLD: >*} | *#məlˠˈɛ̃ɲə# {GOLD: >*} | *#məlˠˈɛɲə# {GOLD: >*} | *#məlˠˈɛɲə# {GOLD: #məlˠˈɛɲə#}
634    | #mˈetulɑ# | *#mˈɛtʊlɑ# | *#mˈɛtulɑ# | *#mˈɛtula# | *#mˈɛːtula# | *#mˈie̯tulˠə# | *#mjˈɛtulˠ# {GOLD: >*} | *#mjˈɛtulˠ# {GOLD: >*} | *#mjˈɛtulˠ# {GOLD: >*} | *#mjˈɛtulˠ# {GOLD: #nˈɛtulˠ#}
635    | #mˌiɡrˈɑːnioː# | *#mˌɪɡrˈɒːnju# | *#mˌeɡrˈoɲu# | *#mˌeɡrˈoɲu# | *#mˌeːɾɡˈɔ̃ɲu# | *#mˌɛːɾɡˈɔ̃ɲə# | *#mɾ̩ɡˈɔ̃ɲ# {GOLD: >*} | *#mɾ̩ɡˈɔ̃ɲ# {GOLD: >*} | *#mɾ̩ɡˈɔɲ# {GOLD: >*} | *#məɾɡˈɔj# {GOLD: #məɾɡˈɔj#}
636    | #mˈiːliɑm# | *#mˈiʎɑ# | *#mˈiʎɑ# | *#mˈiʎa# | *#mˈiʎa# | *#mˈiːʎa# | *#mˈiːʎə# {GOLD: >*} | *#mˈiːʎə# {GOLD: >*} | *#mˈijə# {GOLD: >*} | *#mˈijə# {GOLD: #mˈijə#}
637    | #mˌinistrˈɑːnioː# | *#mˌɪnɪstrˈɒːnju# | *#mˌenestrˈoɲu# | *#mˌɑ̃ɾ̃ɪstrˈoɲu# | *#mˌɑ̃ːɾ̃ɪʃtɾˈɔ̃ɲu# | *#mˌɑ̃ːɾəʃtˈɔ̃ɲə# | *#mˌãːɾʃtˈɔ̃ɲ# {GOLD: >*} | *#mˌãːɾʃtˈɔ̃ɲ# {GOLD: >*} | *#maɾʃtˈɔɲ# {GOLD: #maɾʃtˈɔj#} | *#maɾʃtˈɔj# {GOLD: #maɾʃtˈɔj#}
638    | ... | #mˌiːrˈɑːkulu# | *#mˌirˈɑjkulu# | *#mˌirˈekulu# | *#məɾˈekulu# | *#məɾˈɛkulˠə# | *#məɾˈɛkulˠ# {GOLD: #məɾˈɛkulˠ#} | *#məɾˈɛkulˠ# {GOLD: >*} | *#mɾˈɛkulˠ# {GOLD: >*} | *#mɾˈɛkulˠ# {GOLD: #mɾˈɛkulˠ#}
639    | ... | #mˌiːrˌɑːkulˈɒːɲu# | *#mˌirˌɑkulˈoɲu# | *#mˌirˌakulˈoɲu# | *#məɾˌækulˈɔ̃ɲu# | *#məɾˌækulˠˈɔ̃ɲə# | *#məɾˌɛkəlˠˈɔ̃ɲ# {GOLD: #məɾakulˠˈɔ̃ɲ#} | *#məɾˌɛkəlˠˈɔ̃ɲ# {GOLD: >*} | *#mɾɛklˠˈɔɲ# {GOLD: #mɾakulˠˈɔj#} | *#mɾɛklˠˈɔj# {GOLD: ...}
640    | #mˌiːrˈɑːnioː# | *#mˌirˈɒːnju# | *#mˌirˈojɲu# | *#mˌirˈojɲu# | *#məɾˈɔj̃ɲu# | *#məɾˈɛ̃ɲə# | *#məɾˈɛ̃ɲ# {GOLD: >*} | *#məɾˈɛ̃ɲ# {GOLD: >*} | *#mɾˈɛɲ# {GOLD: >*} | *#mɾˈɛj# {GOLD: #məɾˈɛj#}
641    | ... | #mˈessɑ# | *#mˈessɑ# | *#mˈessa# | *#mˈeʃa# | *#mˈɛːʃa# | *#mˈɛːʃə# {GOLD: >*} | *#mˈɛːʃə# {GOLD: >*} | *#mˈɛʃə# {GOLD: >*} | *#mˈɛʃə# {GOLD: #mˈɛʃə#}
642    | #mˌiserˈɑːriː# | *#mˌɪsɛrˈɑːri# | *#mˌesɛrˈɑri# | *#mɪsɪrˈerɪ# | *#mɪʃɪɾˈeɾɪ# | *#məʃəɾˈɛːɾə# | *#məʃɾˈɛːɾ# {GOLD: #miʃəɾˈie̯ɾ#} | *#məʃɾˈɛːɾ# {GOLD: #məʃəɾˈie̯ɾ#} | *#məʃɾˈɛɾ# {GOLD: ...} | ... {GOLD: ...}
643    | #mˌisˈeriɑ# | *#mˌɪsˈɛrjɑ# | *#mˌesˈɛrjɑ# | *#mɪsˈira# | *#mɪʃˈiɾa# | *#məʃˈiːɾa# | *#məʃˈiːɾə# {GOLD: >*} | *#məʃˈiːɾə# {GOLD: >*} | *#məʃˈiɾə# {GOLD: >*} | *#məʃˈiɾə# {GOLD: #məʃˈiɾə#}
644    | #mˈodium# | *#mˈʊd͡ʒjʊ# | *#mˈud͡ʒju# | *#mˈud͡ʒu# | *#mˈuzu# | *#mˈuːzə# | *#mˈuːz# {GOLD: #mˈuz#} | *#mˈuːz# {GOLD: >*} | *#mˈuz# {GOLD: >*} | *#mˈuz# {GOLD: #mˈuz#}
645    | #mˈodum# | *#mˈɒdʊ# | *#mˈodu# | *#mˈoðu# | *#mˈɔðu# | *#mˈɔðə# | *#mˈɔð# {GOLD: >*} | *#mˈɔð# {GOLD: >*} | *#mˈɔð# {GOLD: >*} | *#mˈɔð# {GOLD: #mˈɔð#}
646    | #mˌolˈɑːrem# | *#mˌʊlˈɑːrɛ# | *#mˌulˈɑrɛ# | *#mˌulˈarɪ# | *#mˌulˈaɾɪ# | *#mˌulˠˈaːɾə# | *#mˌulˠˈaːɾ# {GOLD: #mulˠˈaːɾ#} | *#mˌulˠˈaːɾ# {GOLD: >*} | *#mulˠˈaɾ# {GOLD: >*} | *#mulˠˈaɾ# {GOLD: #mulˠˈaɾ#}
647    | #mˌolˈiːnum# | *#mˌʊlˈinʊ# | *#mˌulˈinu# | *#mˌulˈinu# | *#mˌulˈĩnu# | *#mˌulˠˈĩːnə# | *#mˌulˠˈĩː# {GOLD: #mulˠˈĩː#} | *#mˌulˠˈĩː# {GOLD: >*} | *#mulˠˈi# {GOLD: >*} | *#mulˠˈi# {GOLD: #mulˠˈi#}
648    | #mˌoːmˈentum# | *#mˌeːmːˈɛntʊ# | *#mˌemːˈɛntu# | *#mˌemːˈɛntu# | *#mmːˈɛ̃ntu# | *#mːˈɛ̃ndə# | *#mːˈɛ̃nd# {GOLD: >*} | *#mˈɛ̃nd# {GOLD: >*} | *#mˈɛnd# {GOLD: >*} | *#mˈɛnd# {GOLD: #mˈɛnd#}
649    | #mˈonɑkʰum# | *#mˈʊnɑkʰʊ# | *#mˈunɑku# | *#mˈunaku# | *#mˈũnɐku# | *#mˈũnɐkə# | *#mˈũnək# {GOLD: #mˈũɾ̃ək#} | *#mˈũnək# {GOLD: #mˈũɾɡ#} | *#mˈunək# {GOLD: >*} | *#mˈunk# {GOLD: #mˈuɾɡ#}
650    | ... | ... | #mˈɔstru# | *#mˈɔstru# | *#mˈɔʃtɾu# | *#mˈɔːʃtɾə# | *#mˈɔːʃtɾ̩# {GOLD: #mˈɔʃtɾ̩#} | *#mˈɔːʃtɾ̩# {GOLD: ...} | ... {GOLD: ...} | ... {GOLD: ...}
651    | #mˌortˈɑːliɑ# | *#mˌʊrtˈɑːʎɑ# | *#mˌurtˈɑʎɑ# | *#mˌurtˈaʎa# | *#mˌuɾtˈaʎa# | *#mˌuɾtˈaːʎa# | *#mˌuɾtˈaːʎə# {GOLD: >*} | *#mˌuɾtˈaːʎə# {GOLD: >*} | *#muɾtˈajə# {GOLD: >*} | *#muɾtˈajə# {GOLD: #muɾtˈajə#}
652    | #mˈortem# | *#mˈɒrtɛ# | *#mˈortɛ# | *#mˈortɪ# | *#mˈɔɾtɪ# | *#mˈɔːɾtə# | *#mˈɔːɾt# {GOLD: >*} | *#mˈɔːɾt# {GOLD: >*} | *#mˈɔɾt# {GOLD: >*} | *#mˈɔɾt# {GOLD: #mˈɔɾt#}
653    | #mˈuːkum# | *#mˈuːkʊ# | *#mˈyku# | *#mˈyku# | *#mˈyku# | *#mˈykə# | *#mˈyk# {GOLD: >*} | *#mˈyk# {GOLD: >*} | *#mˈyk# {GOLD: >*} | *#mˈyk# {GOLD: #mˈyk#}
654    | #mˈulɑ# | *#mˈʊlɑ# | *#mˈulɑ# | *#mˈula# | *#mˈula# | *#mˈuːlˠa# | *#mˈuːlˠə# {GOLD: >*} | *#mˈuːlˠə# {GOLD: >*} | *#mˈulˠə# {GOLD: >*} | *#mˈulˠə# {GOLD: #mˈulˠə#}
655    | #mˌulkˈeːnioː# | *#mˌʊlkˈɒːnju# | *#mˌulkˈoɲu# | *#mˌulkˈoɲu# | *#mˌulkˈɔ̃ɲu# | *#mˌulkˈɔ̃ɲə# | *#mˌuʎkˈɔ̃ɲ# {GOLD: >*} | *#mˌuʎkˈɔ̃ɲ# {GOLD: >*} | *#mujkˈɔɲ# {GOLD: >*} | *#mujkˈɔj# {GOLD: #məlkˈɔj#}
656    | #mˈuːlum# | *#mˈuːlʊ# | *#mˈylu# | *#mˈylu# | *#mˈylu# | *#mˈyːlˠə# | *#mˈyːlˠ# {GOLD: >*} | *#mˈyːlˠ# {GOLD: >*} | *#mˈylˠ# {GOLD: >*} | *#mˈylˠ# {GOLD: #mˈylˠ#}
657    | #mˌurmurˈɑːnioː# | *#mˌʊrmʊrˈɒːnju# | *#mˌurmurˈoɲu# | *#mˌurmurˈoɲu# | *#mˌuɾmuɾˈɔ̃ɲu# | *#mˌuɾmuɾˈɔ̃ɲə# | *#mˌuɾmuɾˈɔ̃ɲ# {GOLD: >*} | *#mˌuɾmuɾˈɔ̃ɲ# {GOLD: >*} | *#muɾmuɾˈɔɲ# {GOLD: >*} | *#muɾmuɾˈɔj# {GOLD: #muɾmuɾˈɔj#}
658    | #mˈuːrum# | *#mˈuːrʊ# | *#mˈyru# | *#mˈyru# | *#mˈyɾu# | *#mˈyːɾə# | *#mˈyːɾ# {GOLD: >*} | *#mˈyːɾ# {GOLD: >*} | *#mˈyɾ# {GOLD: >*} | *#mˈyɾ# {GOLD: #mˈuɾ#}
659    | #mˌuskelˈɑːrium# | *#mˌʊskɛlˈɒːrjʊ# | *#mˌuskɛlˈorju# | *#mˌuscɪlˈoru# | *#mˌuʃcɪlˈɔɾu# | *#mˌuʃcəlˠˈuo̯ɾə# | *#mˌuʃcəlˠˈuo̯ɾ# {GOLD: >*} | *#mˌuʃcəlˠˈua̯ɾ# {GOLD: >*} | *#muʃcəlˠˈua̯ɾ# {GOLD: >*} | *#muʃcəlˠˈua̯ɾ# {GOLD: #muʃkəlˠˈye̯ɾ#}
660    | #mˌuskˈoneɑ# | *#mˌʊskˈɒnjɑ# | *#mˌuskˈoɲɑ# | *#mˌuskˈoɲa# | *#mˌuʃkˈɔ̃ɲa# | *#mˌuʃkˈɔ̃ɲa# | *#mˌuʃkˈɔ̃ɲə# {GOLD: >*} | *#mˌuʃkˈɔ̃ɲə# {GOLD: >*} | *#muʃkˈɔɲə# {GOLD: >*} | *#muʃkˈɔɲə# {GOLD: #muʃkˈɔɲə#}
661    | #mˈuskulum# | *#mˈʊskʊlʊ# | *#mˈuskulu# | *#mˈuskulu# | *#mˈuʃkulu# | *#mˈuːʃkulˠə# | *#mˈuːʃkulˠ# {GOLD: >*} | *#mˈuːʃkulˠ# {GOLD: >*} | *#mˈuʃkulˠ# {GOLD: >*} | *#mˈuʃkulˠ# {GOLD: #mˈuʃkulˠ#}
662    | #mˈuːskum# | *#mˈuːskʊ# | *#mˈysku# | *#mˈysku# | *#mˈyʃku# | *#mˈyːʃkə# | *#mˈyːʃk# {GOLD: >*} | *#mˈyːʃk# {GOLD: >*} | *#mˈyʃk# {GOLD: >*} | *#mˈyʃk# {GOLD: #mˈyʃk#}
663    | #mˈustum# | *#mˈʊstʊ# | *#mˈustu# | *#mˈustu# | *#mˈuʃtu# | *#mˈuːʃtə# | *#mˈuːʃt# {GOLD: >*} | *#mˈuːʃt# {GOLD: >*} | *#mˈuʃt# {GOLD: >*} | *#mˈuʃt# {GOLD: #mˈuʃt#}
664    | #mˌyriːkˈiːniɑ# | *#mˌɪrikˈinjɑ# | *#mˌirkˈiɲɑ# | *#mˌircˈiɲa# | *#məɾcˈĩɲa# | *#məɾcˈĩɲa# | *#mɾ̩cˈĩɲə# {GOLD: >*} | *#mɾ̩cˈĩɲə# {GOLD: >*} | *#mɾ̩cˈiɲə# {GOLD: >*} | *#məɾcˈiɲə# {GOLD: #məɾcˈiɲə#}
665    | #mˈyrrhɑ# | *#mˈɪrrɑ# | *#mˈerrɑ# | *#mˈerra# | *#mˈeɾɾa# | *#mˈɛːrːa# | *#mˈɛːrə# {GOLD: >*} | *#mˈɛːrə# {GOLD: >*} | *#mˈɛrə# {GOLD: >*} | *#mˈɛrə# {GOLD: #mˈɛrə#}
666    | #nˈɑppɑ# | *#nˈɑppɑ# | *#nˈɑppɑ# | *#nˈappa# | *#nˈapa# | *#nˈapa# | *#nˈapə# {GOLD: >*} | *#nˈapə# {GOLD: >*} | *#nˈapə# {GOLD: >*} | *#nˈapə# {GOLD: #nˈapə#}
667    | #nˌɑːtˈuːrɑm# | *#nˌɑːtˈuːrɑ# | *#nˌɑtˈyrɑ# | *#nˌatˈyra# | *#nˌaːtˈyɾa# | *#nˌaːtˈyːɾa# | *#nˌaːtˈyːɾə# {GOLD: >*} | *#nˌaːtˈyːɾə# {GOLD: >*} | *#natˈyɾə# {GOLD: >*} | *#natˈyɾə# {GOLD: #natˈyɾə#}
668    | #mˈeɡulɑm# | *#mˈɛɡʊlɑ# | *#mˈɛɡulɑ# | *#mˈɛɡula# | *#mˈɛːɡula# | *#mˈie̯ɡulˠə# | *#mjˈɛɡulˠ# {GOLD: #njˈɛɡulˠ#} | *#mjˈɛɡulˠ# {GOLD: >*} | *#mjˈɛɡulˠ# {GOLD: >*} | *#mjˈɛɡulˠ# {GOLD: #mjˈɛɡulˠ#}
669    | #nˈinnɑ# | *#nˈɪnnɑ# | *#nˈinːɑ# | *#nˈinːa# | *#nˈĩnːa# | *#nˈĩnːa# | *#nˈĩnːə# {GOLD: >*} | *#nˈĩnə# {GOLD: >*} | *#nˈinə# {GOLD: >*} | *#nˈinə# {GOLD: #nˈinə#}
670    | #nkˌɑrdˌullˈiːkiɑ# | *#nkˌɑrdˌʊllˈikjɑ# | *#nkˌɑrdˌulːˈikjɑ# | *#ənkˌarðˌulːˈicja# | *#ə̃nkˌaɾðˌulːˈicja# | *#ə̃nɡˌaɾðˌulːˈicja# | *#ə̃ŋɡˌaɾðˌulːˈicɛ# {GOLD: >*} | *#ə̃ɲ̈ɡˌaɾðˌulːˈicɛ# {GOLD: >*} | *#ɲ̈ɡaɾðulˈicɛ# {GOLD: >*} | *#ŋɡaɾðulˈicɛ# {GOLD: #ŋɡaɾðulˈicɛ#}
671    | #nˈoːdum# | *#nˈoːdʊ# | *#nˈødu# | *#nˈøðu# | *#nˈœðu# | *#nˈɛðə# | *#nˈɛð# {GOLD: #nˈyø̯#} | *#nˈɛð# {GOLD: >*} | *#nˈɛð# {GOLD: >*} | *#nˈɛð# {GOLD: #nˈye̯#}
672    | #nˈoːdulum# | *#nˈoːdʊlʊ# | *#nˈødulu# | *#nˈøðulu# | *#nˈœðlu# | *#nˈye̯lˠə# | *#nˈye̯lˠ# {GOLD: >*} | *#nˈye̯lˠ# {GOLD: >*} | *#nˈye̯lˠ# {GOLD: >*} | *#nˈye̯lˠ# {GOLD: #nˈye̯lˠ#}
673    | #nˌominˈɑːnioː# | *#nˌɛmːɪnˈɒːnju# | *#nˌemːenˈoɲu# | *#nˌemːɑ̃ɾ̃ˈoɲu# | *#nˌẽmːə̃ɾ̃ˈɔ̃ɲu# | *#nˌə̃mːə̃ɾ̃ˈɔ̃ɲə# | *#nˌə̃mːə̃ɾ̃ˈɔ̃ɲ# {GOLD: >*} | *#nˌə̃mɾ̃ˈɔ̃ɲ# {GOLD: >*} | *#nəmɾˈɔɲ# {GOLD: >*} | *#nəmɾˈɔj# {GOLD: #nəməɾˈɔj#}
674    | #nˈonnum# | *#nˈɒnnʊ# | *#nˈonːu# | *#nˈonːu# | *#nˈɔ̃nːu# | *#nˈɔ̃nːə# | *#nˈɔ̃nː# {GOLD: >*} | *#nˈɔ̃n# {GOLD: >*} | *#nˈɔn# {GOLD: >*} | *#nˈɔn# {GOLD: #nˈun#}
675    | #nˌotˈɑːnioː# | *#nˌɒtˈɒːnju# | *#nˌotˈoɲu# | *#nˌotˈoɲu# | *#nˌɔːtˈɔ̃ɲu# | *#nˌɔːtˈɔ̃ɲə# | *#nˌɔːtˈɔ̃ɲ# {GOLD: >*} | *#nˌɔːtˈɔ̃ɲ# {GOLD: >*} | *#nɔtˈɔɲ# {GOLD: >*} | *#nɔtˈɔj# {GOLD: #nɔtˈɔj#}
676    | #nˌowˈɑstrum# | *#nˈɒwɑstrʊ# | *#nˈowɑstru# | *#nˈoastru# | *#nˈɔɐʃtɾu# | *#nˈɔɐʃtɾə# | *#nˈɔːʃtɾ̩# {GOLD: >*} | *#nˈɔːʃtɾ̩# {GOLD: >*} | *#nˈɔʃtɾ̩# {GOLD: >*} | *#nˈɔʃtəɾ# {GOLD: #nˈɔʃtəɾ#}
677    | #nˌowˈerkɑm# | *#nˌɒwˈɛrkɑ# | *#nˌowˈɛrkɑ# | *#nˌoˈɛrka# | *#nəˈɛːɾka# | *#nəˈie̯ɾka# | *#ɲˈɛɾkə# {GOLD: >*} | *#ɲˈɛɾkə# {GOLD: >*} | *#ɲˈɛɾkə# {GOLD: >*} | *#ɲˈɛɾkə# {GOLD: #ɲˈɛɾkə#}
678    | #nˌumerˈɑːnioː# | *#nˌʊmɛrˈɒːnju# | *#nˌumɛrˈoɲu# | *#nˌumɪrˈoɲu# | *#nˌũməɾˈɔ̃ɲu# | *#nˌũmbəɾˈɔ̃ɲə# | *#nˌũmbəɾˈɔ̃ɲ# {GOLD: >*} | *#nˌũmbəɾˈɔ̃ɲ# {GOLD: >*} | *#numbɾˈɔɲ# {GOLD: >*} | *#numbɾˈɔj# {GOLD: #numəɾˈɔj#}
679    | #nˈumerum# | *#nˈʊmɛrʊ# | *#nˈumɛru# | *#nˈumɪru# | *#nˈũmɪɾu# | *#nˈũməɾə# | *#nˈũmɾ̩# {GOLD: >*} | *#nˈũmɾ̩# {GOLD: >*} | *#nˈumɾ̩# {GOLD: >*} | *#nˈuməɾ# {GOLD: #nˈuməɾ#}
680    | #nˈuptiɑm# | *#nˈʊpt͡ʃjɑ# | *#nˈupt͡ʃjɑ# | *#nˈupt͡ʃa# | *#nˈuðsa# | *#nˈuːsa# | *#nˈuːsə# {GOLD: >*} | *#nˈuːsə# {GOLD: >*} | *#nˈusə# {GOLD: >*} | *#nˈusə# {GOLD: #nˈusɛ#}
681    | ... | ... | #ɔblˈɑtɑ# | *#blˈata# | *#blˈata# | *#blˈata# | *#blˈatə# {GOLD: >*} | *#blˈatə# {GOLD: >*} | *#blˈatə# {GOLD: >*} | *#blˈatə# {GOLD: #blˈatə#}
682    | #ˌofˈellɑm# | *#ˌʊfˈɛllɑ# | *#ˌufˈɛlːɑ# | *#fˈɛlːa# | *#fˈɛlːa# | *#fˈɛːlːa# | *#fˈɛːlːə# {GOLD: >*} | *#fˈɛːlːə# {GOLD: >*} | *#fˈɛlə# {GOLD: >*} | *#fˈɛlə# {GOLD: #fˈɛlə#}
683    | #ˌoleˈɑstrum# | *#ˌʊʎˈɑstrʊ# | *#ˌuʎˈɑstru# | *#ˌuːʎˈastru# | *#ˌuʎˈaʃtɾu# | *#ˌulˠˈaːʃtɾə# | *#ˌulˠˈaːʃtɾ̩# {GOLD: >*} | *#ˌulˠˈaːʃtɾ̩# {GOLD: >*} | *#ulˠˈaʃtɾ̩# {GOLD: >*} | *#ulˠˈaʃtəɾ# {GOLD: #ulˠˈaʃtəɾ#}
684    | #ˈoleɑstrum# | *#ˈɒʎɑstrʊ# | *#ˈostru# | *#ˈostru# | *#ˈɔːʃtɾu# | *#ˈuo̯ʃtɾə# | *#wˈɔʃtɾ̩# {GOLD: #wˈɔʃtɾ̩#} | *#vˈaʃtɾ̩# {GOLD: >*} | *#vˈaʃtɾ̩# {GOLD: >*} | *#vˈaʃtəɾ# {GOLD: #vˈaʃtəɾ#}
685    | #ˈoleum# | *#ˈɒʎʊ# | *#ˈoʎu# | *#ˈoʎu# | *#ˈɔːʎu# | *#ˈuo̯ʎə# | *#wˈɔʎ# {GOLD: #wˈɔʎ#} | *#vˈaʎ# {GOLD: >*} | *#vˈaj# {GOLD: >*} | *#vˈaj# {GOLD: #vˈaj#}
686    | #ˌoliːwˈɑːnum# | *#ˌʊlˈiwɑːnʊ# | *#ˌulˈiwɑnu# | *#ˌuːlˈiwɑ̃ɾ̃u# | *#ˌulˈĩːɾ̃u# | *#ˌulˠˈĩːɾ̃ə# | *#ˌulˠˈĩː# {GOLD: #ˌulˠˈĩː#} | *#ˌulˠˈĩː# {GOLD: >*} | *#ulˠˈi# {GOLD: >*} | *#ulˠˈi# {GOLD: #ulˠˈi#}
687    | #ˈoperɑ# | *#ˈɒpɛrɑ# | *#ˈopɛrɑ# | *#ˈøpɪra# | *#ˈœːpɪɾa# | *#ˈye̯pəɾa# | *#wˈɛpəɾə# {GOLD: >*} | *#vˈɛpəɾ# {GOLD: >*} | *#vˈɛpəɾ# {GOLD: #vˈɛpəɾ#} | *#vˈɛpəɾ# {GOLD: #vˈɛpəɾ#}
688    | #ˌoːrˈɑːnioː# | *#ˌurˈɒːnju# | *#ˌurˈoɲu# | *#ˌuːrˈoɲu# | *#ˌuɾˈɔ̃ɲu# | *#ˌuɾˈɔ̃ɲə# | *#ˌuɾˈɔ̃ɲ# {GOLD: >*} | *#ˌuɾˈɔ̃ɲ# {GOLD: >*} | *#uɾˈɔɲ# {GOLD: >*} | *#uɾˈɔj# {GOLD: #uɾˈɔj#}
689    | #ˈoːrbum# | *#ˈoːrbʊ# | *#ˈørbu# | *#ˈørbu# | *#ˈœːɾbu# | *#ˈye̯ɾbə# | *#wˈɛɾb# {GOLD: #vˈɛɾb#} | *#vˈɛɾb# {GOLD: >*} | *#vˈɛɾb# {GOLD: >*} | *#vˈɛɾb# {GOLD: #vˈɛɾb#}
690    | #ˌordinˈɑːnioː# | *#ˌʊrdɪnˈɒːnju# | *#ˌurdenˈoɲu# | *#ˌuːrðɑ̃ɾ̃ˈoɲu# | *#ˌuɾðə̃ɾ̃ˈɔ̃ɲu# | *#ˌuɾðə̃ɾ̃ˈɔ̃ɲə# | *#ˌuɾðə̃ɾ̃ˈɔ̃ɲ# {GOLD: #ˌuɾðə̃ɾ̃ˈɔ̃ɲ#} | *#ˌuɾðə̃ɾ̃ˈɔ̃ɲ# {GOLD: >*} | *#uɾðəɾˈɔɲ# {GOLD: #ˌuɾðəɾˈɔɲ#} | *#uɾðəɾˈɔj# {GOLD: #uɾðəɾˈɔj#}
691    | #ˌordinˈɑːtɑm# | *#ˌʊrdɪnˈɑːtɑ# | *#ˌurdenˈɑtɑ# | *#ˌuːrðɑ̃ɾ̃ˈata# | *#ˌuɾðə̃ɾ̃ˈata# | *#ˌuɾðə̃ɾ̃ˈata# | *#ˌuɾðə̃ɾ̃ˈatə# {GOLD: >*} | *#ˌuɾðə̃ɾ̃ˈatə# {GOLD: >*} | *#uɾðəɾˈatə# {GOLD: #uɾðəɾˈatə#} | *#uɾðəɾˈatə# {GOLD: #uɾðəɾˈatə#}
692    | #ˈordinem# | *#ˈɒrdɪnɛ# | *#ˈordenɛ# | *#ˈørðɑ̃ɾ̃ɪ# | *#ˈœːɾðɐɾ̃ɪ# | *#ˈye̯ɾðɐɾ̃ə# | *#ˈuɾðəɾ̃# {GOLD: #ˈuɾðə̃ɾ̃ə#} | *#ˈuɾðəɾ̃# {GOLD: >*} | *#ˈuɾðəɾ# {GOLD: >*} | *#ˈuɾðəɾ# {GOLD: #ˈuɾðəɾ#}
693    | #ˈornum# | *#ˈɒrnʊ# | *#ˈornu# | *#ˈornu# | *#ˈɔːɾnu# | *#ˈuo̯rːə# | *#wˈɔr# {GOLD: #wˈɔr#} | *#vˈar# {GOLD: >*} | *#vˈar# {GOLD: >*} | *#vˈar# {GOLD: #vˈar#}
694    | #ˈorfɑnum# | *#ˈɒrfɑnʊ# | *#ˈorfɑnu# | *#ˈorfɑ̃ɾ̃u# | *#ˈɔːɾfɐɾ̃u# | *#ˈuo̯ɾfɐɾ̃ə# | *#wˈɔɾfəɾ̃# {GOLD: #wˈɔɾfəɾ̃ə#} | *#vˈaɾfəɾ̃# {GOLD: >*} | *#vˈaɾfəɾ# {GOLD: >*} | *#vˈaɾfəɾ# {GOLD: #vˈaɾfəɾ#}
695    | #ˌoːskitˈɑːnioː# | *#ˌuskɪtˈɒːnju# | *#ˌusktˈoɲu# | *#ˌuːstˈoɲu# | *#ˌuʃtˈɔ̃ɲu# | *#ˌuʃtˈɔ̃ɲə# | *#ˌuʃtˈɔ̃ɲ# {GOLD: >*} | *#ˌuʃtˈɔ̃ɲ# {GOLD: >*} | *#uʃtˈɔɲ# {GOLD: >*} | *#uʃtˈɔj# {GOLD: #uʃtˈɔj#}
696    | #ˈoːtum# | *#ˈoːtʊ# | *#ˈøtu# | *#ˈøtu# | *#ˈœːtu# | *#ˈye̯tə# | *#ˈut# {GOLD: #ɦˈut#} | *#ˈut# {GOLD: >*} | *#ˈut# {GOLD: >*} | *#ˈut# {GOLD: #ˈut#}
697    | #ˌoːwˈɑːtiɑ# | *#ˈoːwɑːt͡ʃjɑ# | *#ˈøwɑt͡ʃjɑ# | *#ˈøat͡ʃa# | *#ˈœːɐsa# | *#ˈye̯e̯sa# | *#wˈɛe̯sə# {GOLD: #wˈɔɛsə#} | *#vˈɛːsə# {GOLD: #vˈɔe̯sə#} | *#vˈɛsə# {GOLD: #vˈae̯sə#} | *#vˈɛsə# {GOLD: #vˈɛsə#}
698    | #ˈoːwɑ# | *#ˈoːwɑ# | *#ˈøwɑ# | *#ˈøa# | *#ˈœːa# | *#ˈye̯e̯# | *#wˈɛe̯# {GOLD: #wˈɔe̯#} | *#vˈɛː# {GOLD: #vˈɔe̯#} | *#vˈɛ# {GOLD: #vˈae̯#} | *#vˈɛ# {GOLD: #vˈɛ#}
699    | #pˌɑːbulˈɑːnioː# | *#pˌɑːβʊlˈɒːnju# | *#pˌɑβulˈoɲu# | *#pˌawulˈoɲu# | *#pˌaːlˈɔ̃ɲu# | *#pˌaːlˠˈɔ̃ɲə# | *#pˌaːlˠˈɔ̃ɲ# {GOLD: >*} | *#pˌaːlˠˈɔ̃ɲ# {GOLD: >*} | *#palˠˈɔɲ# {GOLD: >*} | *#palˠˈɔj# {GOLD: #palˠˈɔj#}
700    | #pˌɑdˈuːlem# | *#pˌɑdˈuːlɛ# | *#pˌɑdˈylɛ# | *#pˌaðˈylɪ# | *#pəˈyːlɪ# | *#pəˈyːlˠə# | *#pˈyːlˠ# {GOLD: >*} | *#pˈyːlˠ# {GOLD: >*} | *#pˈylˠ# {GOLD: >*} | *#pˈylˠ# {GOLD: #pˈylˠ#}
701    | #pˌae̯nitˈeːnioː# | *#pˌɛnɪtˈeːnju# | *#pˌɛntˈeɲu# | *#pˌɛntˈeɲu# | *#pˌɛ̃ntˈẽɲu# | *#pˌɛ̃ndˈɛ̃ɲə# | *#pˌɛ̃ndˈɛ̃ɲ# {GOLD: >*} | *#pˌɛ̃ndˈɛ̃ɲ# {GOLD: #pˌɛ̃ːndˈɔ̃ɲ#} | *#pɛndˈɛɲ# {GOLD: >*} | *#pɛndˈɛj# {GOLD: #pɛndˈɔj#}
702    | #pˌae̯nitˈentiɑm# | *#pˌɛnɪtˈɛnt͡ʃjɑ# | *#pˌɛntˈɛt͡ʃjɑ# | *#pˌɛntˈit͡ʃa# | *#pˌɛ̃ntˈɛsa# | *#pˌɛ̃ndˈɛːsa# | *#pˌɛ̃ndˈɛːsə# {GOLD: >*} | *#pˌɛ̃ndˈɛːsə# {GOLD: >*} | *#pɛndˈɛsə# {GOLD: >*} | *#pɛndˈɛsə# {GOLD: #pɛndˈɛsə#}
703    | #pˌɑɡˈɑːnɑ# | *#pˌɑɡˈɑːnɑ# | *#pˌɑɡˈɑnɑ# | *#pˌaɡˈana# | *#pˌɐɡˈãɾ̃a# | *#pˌɐɡˈãɾ̃a# | *#pˌəɡˈʌ̃ɾ̃ə# {GOLD: #pəɡˈɑ̃ɾ̃ə#} | *#pˌəɡˈə̃ɾ̃ə# {GOLD: >*} | *#pəɡˈəɾə# {GOLD: >*} | *#pəɡˈəɾə# {GOLD: #pəɡˈəɾə#}
704    | #pˌɑɡɑːtˈuːrɑm# | *#pˌɑɡɑːtˈuːrɑ# | *#pˌɑɡɑtˈyrɑ# | *#pˌaɡatˈyra# | *#pˌaɡətˈyɾa# | *#pˌaɡətˈyːɾa# | *#pˌaɡətˈyːɾə# {GOLD: >*} | *#pˌaɡətˈyːɾə# {GOLD: >*} | *#paɡətˈyɾə# {GOLD: >*} | *#paktˈyɾə# {GOLD: #paɡətˈyɾə#}
705    | ... | ... | ... | #pˌaɡˈɒwɔɲɔ# | *#pˌaɡˈɔə̯̃ɲɔ# | *#pˌaɡˈuõ̯ɲə# | *#pˌaɡˈuõ̯ɲ# {GOLD: >*} | *#pˌaɡˈuã̯ɲ# {GOLD: >*} | *#paɡˈua̯ɲ# {GOLD: >*} | *#paɡˈua̯j# {GOLD: #paɡˈua̯j#}
706    | #pˈɑːlɑ# | *#pˈɑːlɑ# | *#pˈɑlɑ# | *#pˈala# | *#pˈala# | *#pˈaːlˠa# | *#pˈaːlˠə# {GOLD: >*} | *#pˈaːlˠə# {GOLD: >*} | *#pˈalˠə# {GOLD: >*} | *#pˈalˠə# {GOLD: #pˈalˠə#}
707    | #pˈɑlliɑ# | *#pˈɑʎɑ# | *#pˈɑʎɑ# | *#pˈaʎa# | *#pˈaʎa# | *#pˈaːʎa# | *#pˈaːʎə# {GOLD: #pˈaʎə#} | *#pˈaːʎə# {GOLD: >*} | *#pˈajə# {GOLD: >*} | *#pˈajə# {GOLD: #pˈajə#}
708    | #pˌɑlˈumbum# | *#pˌɑlˈʊmbʊ# | *#pˌɑlˈumbu# | *#pˌalˈumbu# | *#pəlˈũmbu# | *#pəlˠˈũmbə# | *#pəlˠˈũmb# {GOLD: >*} | *#pəlˠˈũmb# {GOLD: >*} | *#pəlˠˈumb# {GOLD: >*} | *#pəlˠˈumb# {GOLD: #pəlˠˈumb#}
709    | #pˈɑːkem# | *#pˈɑːkɛ# | *#pˈɑkɛ# | *#pˈacɪ# | *#pˈacɪ# | *#pˈacə# | *#pˈac# {GOLD: >*} | *#pˈac# {GOLD: >*} | *#pˈac# {GOLD: >*} | *#pˈac# {GOLD: #pˈac#}
710    | #pˌɑːktˈɑːnioː# | *#pˌɑːktˈɒːnju# | *#pˌɑçtˈoɲu# | *#pˌajtˈoɲu# | *#pˌajtˈɔ̃ɲu# | *#pˌajtˈɔ̃ɲə# | *#pˌajtˈɔ̃ɲ# {GOLD: >*} | *#pˌajtˈɔ̃ɲ# {GOLD: >*} | *#pajtˈɔɲ# {GOLD: >*} | *#pajtˈɔj# {GOLD: #pajtˈɔj#}
711    | #pˈɑktoː# | *#pˈɑktu# | *#pˈɑçtu# | *#pˈajtu# | *#pˈajtu# | *#pˈajtə# | *#pˈajt# {GOLD: >*} | *#pˈajt# {GOLD: >*} | *#pˈajt# {GOLD: >*} | *#pˈajt# {GOLD: #pˈajt#}
712    | #pˌɑlˈɑːtium# | *#pˌɑlˈɑːt͡ʃjʊ# | *#pˌɑlˈɑt͡ʃju# | *#pˌalˈat͡ʃu# | *#pəlˈasu# | *#pəlˠˈaːsə# | *#pəlˠˈaːs# {GOLD: >*} | *#pəlˠˈaːs# {GOLD: >*} | *#pəlˠˈas# {GOLD: >*} | *#pəlˠˈas# {GOLD: #pəlˠˈas#}
713    | #pˈɑːr# | *#pˈɑːr# | *#pˈɑr# | *#pˈar# | *#pˈaɾ# | *#pˈaːɾ# | *#pˈaːɾ# {GOLD: >*} | *#pˈaːɾ# {GOLD: >*} | *#pˈaɾ# {GOLD: >*} | *#pˈaɾ# {GOLD: #pˈaɾ#}
714    | #pˌɑrˈɑbolɑ# | *#pˌɑrˈɑβʊlɑ# | *#pˌɑrˈɑβulɑ# | *#pərˈawula# | *#pəɾˈaːla# | *#pəɾˈaːlˠa# | *#pəɾˈaːlˠə# {GOLD: >*} | *#pəɾˈaːlˠə# {GOLD: >*} | *#pɾˈalˠə# {GOLD: >*} | *#pɾˈalˠə# {GOLD: #pərˈalˠə#}
715    | ... | ... | #pˌɑrɑdˈiːzu# | *#pˌaraðˈiːzu# | *#pˌaɾəˈiːzu# | *#pˌaɾəˈiːzə# | *#pˌaɾˈiːz# {GOLD: >*} | *#pˌaɾˈiːz# {GOLD: >*} | *#paɾˈiz# {GOLD: >*} | *#paɾˈiz# {GOLD: #parˈiz#}
716    | #pˌɑrˈɑːnioː# | *#pˌɑrˈɒːnju# | *#pˌɑrˈoɲu# | *#pərˈoɲu# | *#pəɾˈɔ̃ɲu# | *#pəɾˈɔ̃ɲə# | *#pəɾˈɔ̃ɲ# {GOLD: >*} | *#pəɾˈɔ̃ɲ# {GOLD: >*} | *#pɾˈɔɲ# {GOLD: >*} | *#pɾˈɔj# {GOLD: #pɾˈɔj#}
717    | #pˌɑrˈɑːnioː# | *#pˌɑrˈɒːnju# | *#pˌɑrˈoɲu# | *#pərˈoɲu# | *#pəɾˈɔ̃ɲu# | *#pəɾˈɔ̃ɲə# | *#pəɾˈɔ̃ɲ# {GOLD: >*} | *#pəɾˈɔ̃ɲ# {GOLD: >*} | *#pɾˈɔɲ# {GOLD: >*} | *#pɾˈɔj# {GOLD: #puɾˈɔj#}
718    | #pˌɑrentˈɑːnioː# | *#pˌɑrɛntˈɒːnju# | *#pˌɑrɛntˈoɲu# | *#pˌarɪntˈoɲu# | *#pˌaɾə̃ntˈɔ̃ɲu# | *#pˌaɾəndˈɔ̃ɲə# | *#pˌaɾəndˈɔ̃ɲ# {GOLD: >*} | *#pˌaɾəndˈɔ̃ɲ# {GOLD: >*} | *#paɾəndˈɔɲ# {GOLD: >*} | *#paɾəndˈɔj# {GOLD: #pɛɾəndˈɔj#}
719    | #pˌɑrˈentem# | *#pˌɑrˈɛntɛ# | *#pˌɑrˈɛntɛ# | *#pərˈintɪ# | *#pəɾˈĩntɪ# | *#pəɾˈĩndə# | *#pəɾˈĩnd# {GOLD: >*} | *#pəɾˈĩnd# {GOLD: >*} | *#pɾˈind# {GOLD: >*} | *#pɾˈind# {GOLD: #pɾˈind#}
720    | #frˌɑseˈolum# | *#frˌɑsjˈɒlʊ# | *#frˌɑsjˈolu# | *#frˌasˈolu# | *#fɾˌaʃˈɔlu# | *#fɾˌaʃˈuo̯lˠə# | *#fɾˌaʃˈuo̯lˠ# {GOLD: #fɾaʃˈuo̯lˠ#} | *#fɾˌaʃˈua̯lˠ# {GOLD: >*} | *#fɾaʃˈua̯lˠ# {GOLD: >*} | *#fɾaʃˈua̯lˠ# {GOLD: #fɾaʃˈua̯lˠ#}
721    | #fˌɑseˈolum# | *#fˌɑsjˈɒlʊ# | *#fˌɑsjˈolu# | *#fˌasˈolu# | *#fˌaʃˈɔlu# | *#fˌaʃˈuo̯lˠə# | *#fˌaʃˈuo̯lˠ# {GOLD: #faʃˈuo̯lˠ#} | *#fˌaʃˈua̯lˠ# {GOLD: >*} | *#faʃˈua̯lˠ# {GOLD: >*} | *#faʃˈua̯lˠ# {GOLD: #faʃˈua̯lˠ#}
722    | ... | #pˈɑskʰɑ# | *#pˈɑskɑ# | *#pˈaska# | *#pˈaʃka# | *#pˈaːʃka# | *#pˈaːʃkə# {GOLD: >*} | *#pˈaːʃkə# {GOLD: >*} | *#pˈaʃkə# {GOLD: >*} | *#pˈaʃkə# {GOLD: #pˈaʃkə#}
723    | #pˈɑssum# | *#pˈɑssʊ# | *#pˈɑssu# | *#pˈassu# | *#pˈaʃu# | *#pˈaːʃə# | *#pˈaːʃ# {GOLD: >*} | *#pˈaːʃ# {GOLD: >*} | *#pˈaʃ# {GOLD: >*} | *#pˈaʃ# {GOLD: #pˈaʃ#}
724    | #pˌɑstuːrˈɑːkum# | *#pˌɑstuːrˈɑːkʊ# | *#pˌɑstyrˈɑku# | *#pˌastʏrˈaku# | *#pˌaʃtɪɾˈaku# | *#pˌaʃtəɾˈakə# | *#pˌaʃtəɾˈak# {GOLD: >*} | *#pˌaʃtəɾˈak# {GOLD: >*} | *#paʃtɾˈak# {GOLD: >*} | *#paʃtɾˈak# {GOLD: #paʃtɾˈak#}
725    | #pˌɑtiˈɑːnioː# | *#pˌɑt͡ʃjˈɒːnju# | *#pˌɑt͡ʃjˈoɲu# | *#pˌat͡ʃˈoɲu# | *#pəsˈɔ̃ɲu# | *#pəsˈɔ̃ɲə# | *#pəsˈɔ̃ɲ# {GOLD: >*} | *#pəsˈɔ̃ɲ# {GOLD: >*} | *#pəsˈɔɲ# {GOLD: >*} | *#pəsˈɔj# {GOLD: #pəsˈɔj#}
726    | #pˌɑwˈiːkulɑ# | *#pˌɑwˈikʊlɑ# | *#pɑˈyːkulɑ# | *#paˈyːkula# | *#pəˈyːkula# | *#pəˈyːlkəa# | *#pˈyːʎkə# {GOLD: >*} | *#pˈyːʎkə# {GOLD: #pˈyʎkə#} | *#pˈyjkə# {GOLD: #pˈyjkə#} | *#pˈykə# {GOLD: #pˈykə#}
727    | #pˈɑwkum# | *#pˈɑwkʊ# | *#pˈɑwku# | *#pˈawku# | *#pˈaːku# | *#pˈaːkə# | *#pˈaːk# {GOLD: #pˈak#} | *#pˈaːk# {GOLD: >*} | *#pˈak# {GOLD: >*} | *#pˈak# {GOLD: #pˈak#}
728    | ... | #pˈɑwlu# | *#pˈɑwlu# | *#pˈawlu# | *#pˈaːlu# | *#pˈaːlˠə# | *#pˈaːlˠ# {GOLD: >*} | *#pˈaːlˠ# {GOLD: #pˈaːl#} | *#pˈalˠ# {GOLD: >*} | *#pˈalˠ# {GOLD: #pˈal#}
729    | #pˌɑwlˈonioː# | *#pˌɑwlˈɒnju# | *#pˌɑwlˈoɲu# | *#pˌawlˈoɲu# | *#pˌaːlˈɔ̃ɲu# | *#pˌaːlˠˈɔ̃ɲə# | *#pˌaːlˠˈɔ̃ɲ# {GOLD: >*} | *#pˌaːlˠˈɔ̃ɲ# {GOLD: >*} | *#palˠˈɔɲ# {GOLD: >*} | *#palˠˈɔj# {GOLD: #palˠˈɔj#}
730    | #pˌɑːwulˈoːnem# | *#pˌɑːwʊlˈɒːnɛ# | *#pˌɑwulˈonɛ# | *#pˌawulˈonɪ# | *#pˌaːlˈɔ̃ɾ̃ɪ# | *#pˌaːlˠˈũo̯ɾ̃ə# | *#pˌaːlˠˈũo̯# {GOLD: >*} | *#pˌaːlˠˈũa̯# {GOLD: >*} | *#palˠˈua̯# {GOLD: >*} | *#palˠˈua̯# {GOLD: #palˠˈua̯#}
731    | #pˈedikɑ# | *#pˈɛdɪkɑ# | *#pˈɛdekɑ# | *#pˈɛðɪka# | *#pˈɛːðɪka# | *#pjˈɛːka# | *#pjˈɛːkə# {GOLD: >*} | *#pjˈɛːkə# {GOLD: >*} | *#pjˈɛkə# {GOLD: >*} | *#pjˈɛkə# {GOLD: #pjˈɛkə#}
732    | #pˈendikɑ# | *#pˈɛndɪkɑ# | *#pˈɛndekɑ# | *#pˈɛndɪka# | *#pˈɛ̃ndɪka# | *#pˈɛ̃ndəka# | *#pˈɛ̃ŋɡə# {GOLD: >*} | *#pˈɛ̃ɲ̈ɡə# {GOLD: #pˈɛːŋɡə#} | *#pˈɛɲ̈ɡə# {GOLD: >*} | *#pˈɛŋɡə# {GOLD: #pˈɛŋɡə#}
733    | #ˌimpˈedikɑm# | *#ˌɪmpˈɛdɪkɑ# | *#ˌempˈɛdekɑ# | *#əmpˈɛðɪka# | *#ə̃mpˈɛːðɪka# | *#ə̃mbjˈɛːka# | *#ə̃mbjˈɛːkə# {GOLD: >*} | *#ə̃mbjˈɛːkə# {GOLD: #pˈɛːŋɡə#} | *#mbjˈɛkə# {GOLD: >*} | *#mbjˈɛkə# {GOLD: #pˈɛŋɡə#}
734    | #pˌekˈulium# | *#pˌɛkˈʊʎʊ# | *#pˌɛkˈulːu# | *#pˌɛkˈulːu# | *#pˌɛːkˈulːu# | *#pˌɛːkˈuːlːə# | *#pˌɛːkˈuːlː# {GOLD: >*} | *#pˌɛːkˈuːlː# {GOLD: >*} | *#pɛkˈul# {GOLD: >*} | *#pɛkˈul# {GOLD: #pɛkˈul#}
735    | #pˈeːnsɑm# | *#pˈeːnsɑ# | *#pˈesɑ# | *#pˈesa# | *#pˈeʃa# | *#pˈɛːʃa# | *#pˈɛːʃə# {GOLD: >*} | *#pˈɛːʃə# {GOLD: >*} | *#pˈɛʃə# {GOLD: >*} | *#pˈɛʃə# {GOLD: #pˈɛʃə#}
736    | #pˌeːnsˈɑːnioː# | *#pˌeːnsˈɒːnju# | *#pˌesˈoɲu# | *#pɪsˈoɲu# | *#pɪʃˈɔ̃ɲu# | *#pəʃˈɔ̃ɲə# | *#pəʃˈɔ̃ɲ# {GOLD: >*} | *#pəʃˈɔ̃ɲ# {GOLD: >*} | *#pəʃˈɔɲ# {GOLD: >*} | *#pəʃˈɔj# {GOLD: #pɛʃˈɔj#}
737    | #pˈepinem# | *#pˈɛpɪnɛ# | *#pˈɛpenɛ# | *#pˈɛpɑ̃ɾ̃ɪ# | *#pˈɛːpɐɾ̃ɪ# | *#pˈie̯pɐɾ̃ə# | *#pjˈɛpəɾ̃# {GOLD: #pjˈɛpəɾ̃ə#} | *#pjˈɛpəɾ̃# {GOLD: >*} | *#pjˈɛpəɾ# {GOLD: >*} | *#pjˈɛpəɾ# {GOLD: #pjˈɛpəɾ#}
738    | #pˌer# | *#pˌɛr# | *#pˌɛr# | *#pˌɛr# | *#pˌɛɾ# | *#pəɾ# | *#pɾ̩# {GOLD: >*} | *#pɾ̩# {GOLD: >*} | *#pɾ̩# {GOLD: >*} | *#pəɾ# {GOLD: #pəɾ#}
739    | #pˈerɡulɑm# | *#pˈɛrɡʊlɑ# | *#pˈɛrɡulɑ# | *#pˈɛrɡula# | *#pˈɛːɾɡula# | *#pˈie̯ɾɡulˠə# | *#pjˈɛɾɡulˠ# {GOLD: #pjˈɛɾɡulˠə#} | *#pjˈɛɾɡulˠ# {GOLD: >*} | *#pjˈɛɾɡulˠ# {GOLD: >*} | *#pjˈɛɾɡulˠ# {GOLD: #pjˈɛɾɡulˠ#}
740    | ... | #pˌerhˈoːrɑ# | *#pˌerhˈørɑ# | *#pˌerhˈøra# | *#pəɾhˈœɾa# | *#pəɾhˈɛːɾa# | *#pəɾhˈɛːɾə# {GOLD: >*} | *#pəɾhˈɛːɾə# {GOLD: >*} | *#pəɾhˈɛɾə# {GOLD: >*} | *#pəɾhˈɛɾə# {GOLD: #pəɾhˈɛɾə#}
741    | #pˌerˌindulˈeːnioː# | *#pˌɛrˌɪndʊlˈeːnju# | *#pˌɛrˌendulˈeɲu# | *#pˌɛrˌendulˈeɲu# | *#pɪɾə̃ndulˈẽɲu# | *#pərːdulˠˈɛ̃ɲə# | *#pɾ̩dəlˠˈɛ̃ɲ# {GOLD: >*} | *#pɾ̩dəlˠˈɛ̃ɲ# {GOLD: >*} | *#pɾ̩dəlˠˈɛɲ# {GOLD: >*} | *#pəɾdəlˠˈɛj# {GOLD: #pəɾdəlˠˈɛj#}
742    | #ˌindˌulˈeːnioː# | *#ˌɪndˌʊlˈeːnju# | *#ˌendˌulˈeɲu# | *#əndˌulˈeɲu# | *#ə̃ndˌulˈẽɲu# | *#ə̃ndˌulˠˈɛ̃ɲə# | *#ə̃ndˌəlˠˈɛ̃ɲ# {GOLD: >*} | *#ə̃ndˌəlˠˈɛ̃ɲ# {GOLD: >*} | *#ndəlˠˈɛɲ# {GOLD: >*} | *#ndəlˠˈɛj# {GOLD: #ndəlˠˈɛj#}
743    | #pˌerpˌɑrˈɑːnioː# | *#pˌɛrpˌɑrˈɒːnju# | *#pˌɛrpˌɑrˈoɲu# | *#pˌɛrpˌarˈoɲu# | *#pəɾpˌaɾˈɔ̃ɲu# | *#pəɾpˌaɾˈɔ̃ɲə# | *#pɾ̩pˌaɾˈɔ̃ɲ# {GOLD: >*} | *#pɾ̩pˌaɾˈɔ̃ɲ# {GOLD: >*} | *#pɾ̩paɾˈɔɲ# {GOLD: >*} | *#pəɾpaɾˈɔj# {GOLD: #puprˈɔj#}
744    | #pˌerpˌɑrˈɑːnioː# | *#pˌɛrpˌɑrˈɒːnju# | *#pˌɛrpˌɑrˈoɲu# | *#pˌɛrpˌarˈoɲu# | *#pəɾpˌaɾˈɔ̃ɲu# | *#pəɾpˌaɾˈɔ̃ɲə# | *#pɾ̩pˌaɾˈɔ̃ɲ# {GOLD: >*} | *#pɾ̩pˌaɾˈɔ̃ɲ# {GOLD: >*} | *#pɾ̩paɾˈɔɲ# {GOLD: >*} | *#pəɾpaɾˈɔj# {GOLD: #pəɾpaɾˈɔj#}
745    | #pˌerwˌiɡilˈɑːnioː# | *#pˌɛrwˌɪɡɪlˈɒːnju# | *#pˌɛrweɡelˈoɲu# | *#pˌɛrbeɟɪlˈoɲu# | *#pəɾbɪɟɪlˈɔ̃ɲu# | *#pəɾbɟəlˠˈɔ̃ɲə# | *#pɾ̩ɟəlˠˈɔ̃ɲ# {GOLD: >*} | *#pɾ̩ɟəlˠˈɔ̃ɲ# {GOLD: >*} | *#pɾ̩ɟəlˠˈɔɲ# {GOLD: >*} | *#pəɾɟəlˠˈɔj# {GOLD: #pəɾɟˈɔj#}
746    | #pˌessikˈɑːnioː# | *#pˌɛssɪkˈɒːnju# | *#pˌɛssekˈoɲu# | *#pɪssɪkˈoɲu# | *#pɪʃɪkˈɔ̃ɲu# | *#pəʃəkˈɔ̃ɲə# | *#pəʃkˈɔ̃ɲ# {GOLD: >*} | *#pəʃkˈɔ̃ɲ# {GOLD: >*} | *#pəʃkˈɔɲ# {GOLD: >*} | *#pəʃkˈɔj# {GOLD: #pəʃkˈɔj#}
747    | #pˈessikɑm# | *#pˈɛssɪkɑ# | *#pˈɛssekɑ# | *#pˈɛssɪka# | *#pˈɛːʃɪka# | *#pˈie̯ʃəka# | *#pjˈɛʃkə# {GOLD: >*} | *#pjˈɛʃkə# {GOLD: >*} | *#pjˈɛʃkə# {GOLD: >*} | *#pjˈɛʃkə# {GOLD: #pjˈɛʃkə#}
748    | ... | ... | ... | #pˌɛtrˈesu# | *#pˌɛːtɾˈeʃu# | *#pˌɛːtɾˈɛːʃə# | *#pˌɛːtɾˈɛːʃ# {GOLD: >*} | *#pˌɛːtɾˈɛːʃ# {GOLD: >*} | *#pɛtɾˈɛʃ# {GOLD: >*} | *#pɛtɾˈɛʃ# {GOLD: #pɛtɾˈɛʃ#}
749    | ... | #pˈɛtru# | *#pˈɛtru# | *#pˈɛtru# | *#pˈɛːtɾu# | *#pˈie̯tɾə# | *#pjˈɛtɾ̩# {GOLD: >*} | *#pjˈɛtɾ̩# {GOLD: >*} | *#pjˈɛtɾ̩# {GOLD: >*} | *#pjˈɛtəɾ# {GOLD: #pjˈɛtəɾ#}
750    | #pˈettiɑm# | *#pˈɛtt͡ʃjɑ# | *#pˈɛtt͡ʃjɑ# | *#pˈɛtt͡ʃa# | *#pˈɛsa# | *#pˈɛːsa# | *#pˈɛːsə# {GOLD: >*} | *#pˈɛːsə# {GOLD: >*} | *#pˈɛsə# {GOLD: >*} | *#pˈɛsə# {GOLD: #pjˈɛsə#}
751    | #pˈiɡnum# | *#pˈɪŋnʊ# | *#pˈeŋnu# | *#pˈeŋnu# | *#pˈẽŋnu# | *#pˈɛ̃ŋə# | *#pˈɛ̃ŋɡ# {GOLD: >*} | *#pˈɛ̃ɲ̈ɡ# {GOLD: >*} | *#pˈɛɲ̈ɡ# {GOLD: >*} | *#pˈɛŋɡ# {GOLD: #pˈɛŋɡ#}
752    | #pˌiɡritˈɑːnioː# | *#pˌɪɡrɪtˈɒːnju# | *#pˌeːrtˈoɲu# | *#pˌeːrtˈoɲu# | *#pˌeːɾtˈɔ̃ɲu# | *#pˌɛːɾtˈɔ̃ɲə# | *#pɾ̩tˈɔ̃ɲ# {GOLD: #pɾitˈɔ̃ɲ#} | *#pɾ̩tˈɔ̃ɲ# {GOLD: >*} | *#pɾ̩tˈɔɲ# {GOLD: >*} | *#pəɾtˈɔj# {GOLD: #pəɾtˈɔj#}
753    | #pˈiktɑ# | *#pˈiktɑ# | *#pˈiçtɑ# | *#pˈijta# | *#pˈita# | *#pˈita# | *#pˈitə# {GOLD: >*} | *#pˈitə# {GOLD: >*} | *#pˈitə# {GOLD: >*} | *#pˈitə# {GOLD: #pˈitə#}
754    | #pˈiːlɑ# | *#pˈilɑ# | *#pˈilɑ# | *#pˈila# | *#pˈila# | *#pˈiːlˠa# | *#pˈiːlˠə# {GOLD: >*} | *#pˈiːlˠə# {GOLD: >*} | *#pˈilˠə# {GOLD: >*} | *#pˈilˠə# {GOLD: #pˈilˠə#}
755    | #pˈiːlɑ# | *#pˈilɑ# | *#pˈilɑ# | *#pˈila# | *#pˈila# | *#pˈiːlˠa# | *#pˈiːlˠə# {GOLD: >*} | *#pˈiːlˠə# {GOLD: >*} | *#pˈilˠə# {GOLD: >*} | *#pˈilˠə# {GOLD: #pˈilˠə#}
756    | #pˈilɑ# | *#pˈɪlɑ# | *#pˈilɑ# | *#pˈila# | *#pˈila# | *#pˈiːlˠa# | *#pˈiːlˠə# {GOLD: >*} | *#pˈiːlˠə# {GOLD: >*} | *#pˈilˠə# {GOLD: >*} | *#pˈilˠə# {GOLD: #pˈilˠə#}
757    | #pˈilleum# | *#pˈiʎʊ# | *#pˈilːu# | *#pˈilːu# | *#pˈilːu# | *#pˈiːlːə# | *#pˈiːlː# {GOLD: >*} | *#pˈiːlː# {GOLD: >*} | *#pˈil# {GOLD: >*} | *#pˈil# {GOLD: #pˈil#}
758    | #pˈinnɑ# | *#pˈɪnnɑ# | *#pˈenːɑ# | *#pˈenːa# | *#pˈẽnːa# | *#pˈɛ̃nːa# | *#pˈɛ̃nːə# {GOLD: #pˈɛ̃nːə#} | *#pˈɛ̃nə# {GOLD: >*} | *#pˈɛnə# {GOLD: >*} | *#pˈɛnə# {GOLD: #pˈɛnə#}
759    | #pˈiːpɑm# | *#pˈipɑ# | *#pˈipɑ# | *#pˈipa# | *#pˈipa# | *#pˈipa# | *#pˈipə# {GOLD: >*} | *#pˈipə# {GOLD: >*} | *#pˈipə# {GOLD: >*} | *#pˈipə# {GOLD: #pˈipə#}
760    | #pˈiskem# | *#pˈɪskɛ# | *#pˈeskɛ# | *#pˈescɪ# | *#pˈeʃcɪ# | *#pˈɛːʃcə# | *#pˈɛːʃc# {GOLD: >*} | *#pˈɛːʃc# {GOLD: >*} | *#pˈɛʃc# {GOLD: >*} | *#pˈɛʃc# {GOLD: #pˈɛʃc#}
761    | #pˌiskɑtˈoːrem# | *#pˌɪskɑtˈɒrɛ# | *#pˌeskɑtˈorɛ# | *#pˌeskatˈorɪ# | *#pɪʃkətˈɔɾɪ# | *#pəʃkətˈaːɾə# | *#pəʃkətˈaːɾ# {GOLD: >*} | *#pəʃkətˈaːɾ# {GOLD: >*} | *#pəʃkətˈaɾ# {GOLD: >*} | *#pəʃkətˈaɾ# {GOLD: #pɛʃkətˈaɾ#}
762    | #bˌistˈɑːliɑ# | *#bˌɪstˈɑːʎɑ# | *#bˌestˈɑʎɑ# | *#bɪstˈaʎa# | *#bˌiːʃtˈaʎa# | *#bˌiːʃtˈaːʎa# | *#bˌiːʃtˈaːʎə# {GOLD: >*} | *#bˌiːʃtˈaːʎə# {GOLD: >*} | *#biʃtˈajə# {GOLD: >*} | *#biʃtˈajə# {GOLD: #biʃtˈajə#}
763    | #pˌistˈɑːriɑ# | *#pˌɪstˈɑːrjɑ# | *#pˌestˈɑrjɑ# | *#pɪstˈerja# | *#pɪʃtˈeɾja# | *#pəʃtˈɛːɾja# | *#pəʃtˈɛːɾɛ# {GOLD: >*} | *#pəʃtˈɛːɾɛ# {GOLD: >*} | *#pəʃtˈɛɾɛ# {GOLD: >*} | *#pəʃtˈɛɾɛ# {GOLD: #ʃtˈɛɾə#}
764    | #pˈittɑm# | *#pˈɪttɑ# | *#pˈettɑ# | *#pˈetta# | *#pˈeta# | *#pˈɛta# | *#pˈɛtə# {GOLD: >*} | *#pˈɛtə# {GOLD: >*} | *#pˈɛtə# {GOLD: >*} | *#pˈɛtə# {GOLD: #pˈɛtə#}
765    | #pˈittikum# | *#pˈɪttɪkʊ# | *#pˈetteku# | *#pˈettɪku# | *#pˈetɪku# | *#pˈɛtəkə# | *#pˈɛtək# {GOLD: >*} | *#pˈɛtək# {GOLD: >*} | *#pˈɛtək# {GOLD: #pˈɛtək#} | *#pˈɛtk# {GOLD: #pˈɛtk#}
766    | #pˈittulɑm# | *#pˈɪttʊlɑ# | *#pˈettulɑ# | *#pˈettula# | *#pˈetula# | *#pˈɛtulˠə# | *#pˈɛtulˠ# {GOLD: >*} | *#pˈɛtulˠ# {GOLD: >*} | *#pˈɛtulˠ# {GOLD: >*} | *#pˈɛtulˠ# {GOLD: #pˈɛtulˠ#}
767    | #plˈɑːɡɑ# | *#plˈɑːɡɑ# | *#plˈɑɡɑ# | *#plˈaɡa# | *#plˈaɡa# | *#plˈaɡa# | *#plˈaɡə# {GOLD: >*} | *#plˈaɡə# {GOLD: >*} | *#plˈaɡə# {GOLD: >*} | *#plˈaɡə# {GOLD: #plˈaɡə#}
768    | #plˌɑkˈenioː# | *#plˌɑkˈɛnju# | *#plˌɑkˈɛɲu# | *#pləcˈɛɲu# | *#pləcˈɛ̃ɲu# | *#pləcˈɛ̃ɲə# | *#pl̩cˈɛ̃ɲ# {GOLD: >*} | *#pl̩cˈɛ̃ɲ# {GOLD: >*} | *#pl̩cˈɛɲ# {GOLD: >*} | *#pəlcˈɛj# {GOLD: #pəlcˈɛj#}
769    | #plˈɑnkum# | *#plˈɑnkʊ# | *#plˈɑnku# | *#plˈanku# | *#plˈãnku# | *#plˈanɡə# | *#plˈaŋɡ# {GOLD: >*} | *#plˈaɲ̈ɡ# {GOLD: >*} | *#plˈaɲ̈ɡ# {GOLD: >*} | *#plˈaŋɡ# {GOLD: #plˈaŋɡ#}
770    | #plˈɑntikum# | *#plˈɑntɪkʊ# | *#plˈɑntku# | *#plˈanku# | *#plˈãnku# | *#plˈanɡə# | *#plˈaŋɡ# {GOLD: >*} | *#plˈaɲ̈ɡ# {GOLD: >*} | *#plˈaɲ̈ɡ# {GOLD: >*} | *#plˈaŋɡ# {GOLD: #plˈaŋɡ#}
771    | ... | #pˈɑltiɲɑ# | *#pˈɑltiɲɑ# | *#pˈaltɪɲa# | *#pˈaltɲa# | *#pˈaːltɲa# | *#pˈaːlɲə# {GOLD: >*} | *#pˈaːlɲə# {GOLD: >*} | *#pˈalɲə# {GOLD: >*} | *#pˈalɲə# {GOLD: #pˈalɲə#}
772    | #plˌikˈiːnum# | *#plˌɪkˈinʊ# | *#plˌikˈinu# | *#pləcˈinu# | *#pləcˈĩnu# | *#pləcˈĩːnə# | *#pl̩cˈĩː# {GOLD: #pl̩cˈĩː#} | *#pl̩cˈĩː# {GOLD: >*} | *#pl̩cˈi# {GOLD: >*} | *#pəlcˈi# {GOLD: #pəcˈi#}
773    | #plˈiktium# | *#plˈikt͡ʃjʊ# | *#plˈiçt͡ʃju# | *#plˈijt͡ʃu# | *#plˈicu# | *#plˈicə# | *#plˈic# {GOLD: >*} | *#plˈic# {GOLD: >*} | *#plˈic# {GOLD: >*} | *#plˈic# {GOLD: #plˈic#}
774    | #plˈoːpum# | *#plˈoːpʊ# | *#plˈøpu# | *#plˈøpu# | *#plˈœpu# | *#plˈɛpə# | *#plˈɛp# {GOLD: >*} | *#plˈɛp# {GOLD: >*} | *#plˈɛp# {GOLD: >*} | *#plˈɛp# {GOLD: #plˈɛp#}
775    | #plˈumbum# | *#plˈʊmbʊ# | *#plˈumbu# | *#plˈumbu# | *#plˈũmbu# | *#plˈũmbə# | *#plˈũmb# {GOLD: #plˈũmb#} | *#plˈũmb# {GOLD: >*} | *#plˈumb# {GOLD: >*} | *#plˈumb# {GOLD: #plˈumb#}
776    | #pˌolˈentɑ# | *#pˌʊlˈɛntɑ# | *#pˌulˈɛntɑ# | *#pˌʊlˈanta# | *#pˌʊlˈãnta# | *#pˌʊlˠˈãnda# | *#pˌulˠˈʌ̃ndə# {GOLD: #pulˠˈɛ̃ntə#} | *#pˌulˠˈə̃ndə# {GOLD: >*} | *#pulˠˈəndə# {GOLD: >*} | *#pulˠˈəndə# {GOLD: #pulˠˈəndə#}
777    | #pˌollikˈɑːrium# | *#pˌʊllɪkˈɒːrjʊ# | *#pˌulːekˈoe̯rju# | *#pˌulːɪkˈoe̯ru# | *#pˌulːɪkˈœːɾu# | *#pˌulːəkˈye̯ɾə# | *#pˌulːəkˈye̯ɾ# {GOLD: >*} | *#pˌulːkˈye̯ɾ# {GOLD: >*} | *#pulkˈye̯ɾ# {GOLD: >*} | *#pulcˈye̯ɾ# {GOLD: #pulcˈye̯ɾ#}
778    | #pˌollikˈɑːrem# | *#pˌʊllɪkˈɑːrɛ# | *#pˌulːekˈɑjrɛ# | *#pˌulːɪkˈerɪ# | *#pˌulːɪcˈeɾɪ# | *#pˌulːəcˈɛːɾə# | *#pˌulːəcˈɛːɾ# {GOLD: >*} | *#pˌulːcˈɛːɾ# {GOLD: >*} | *#pulcˈɛɾ# {GOLD: >*} | *#pulcˈɛɾ# {GOLD: #pulcˈɛɾ#}
779    | #pˈoːmɑ# | *#pˈeːmːɑ# | *#pˈemːɑ# | *#pˈemːa# | *#pˈẽmːa# | *#pˈɛ̃mːa# | *#pˈɛ̃mːə# {GOLD: >*} | *#pˈɛ̃mə# {GOLD: >*} | *#pˈɛmə# {GOLD: >*} | *#pˈɛmə# {GOLD: #pˈɛmə#}
780    | #pˈorro# | *#pˈɒrrʊ# | *#pˈorru# | *#pˈorru# | *#pˈɔɾɾu# | *#pˈɔːrːə# | *#pˈɔːr# {GOLD: >*} | *#pˈɔːr# {GOLD: >*} | *#pˈɔr# {GOLD: >*} | *#pˈɔr# {GOLD: #pˈɔɾ#}
781    | #pˈorrum# | *#pˈɒrrʊ# | *#pˈorru# | *#pˈorru# | *#pˈɔɾɾu# | *#pˈɔːrːə# | *#pˈɔːr# {GOLD: >*} | *#pˈɔːr# {GOLD: >*} | *#pˈɔr# {GOLD: >*} | *#pˈɔr# {GOLD: #pˈɔr#}
782    | #pˈopulum# | *#pˈɒpʊlʊ# | *#pˈopulu# | *#pˈopulu# | *#pˈɔpulu# | *#pˈɔpulˠə# | *#pˈɔpulˠ# {GOLD: >*} | *#pˈɔpulˠ# {GOLD: >*} | *#pˈɔpulˠ# {GOLD: >*} | *#pˈɔpulˠ# {GOLD: #pˈɔpulˠ#}
783    | #pˌorrˈikium# | *#pˈɒrrikjʊ# | *#pˈorrikju# | *#pˈorrɪcju# | *#pˈɔɾɾɪcju# | *#pˈɔːrːicjə# | *#pˈɔːric# {GOLD: >*} | *#pˈɔːric# {GOLD: >*} | *#pˈɔric# {GOLD: >*} | *#pˈɔric# {GOLD: #pˈɔric#}
784    | #pˌorrˈiːnɑ# | *#pˌʊrrɪnˈiɑ# | *#pˌurrenˈijɑ# | *#pˌurrɑ̃ɾ̃ˈija# | *#pˌuɾɾə̃ɾ̃ˈija# | *#pˌurːˈija# | *#pˌurˈiː# {GOLD: #purˈĩɲə#} | *#pˌurˈiː# {GOLD: >*} | *#purˈi# {GOLD: >*} | *#purˈi# {GOLD: #pɾˈijə#}
785    | #pˌorrˈiːnum# | *#pˌʊrrˈinʊ# | *#pˌurrˈinu# | *#pˌurrˈinu# | *#pˌuɾɾˈĩnu# | *#pˌurːˈĩːnə# | *#pˌurˈĩː# {GOLD: #purˈĩː#} | *#pˌurˈĩː# {GOLD: >*} | *#purˈi# {GOLD: >*} | *#purˈi# {GOLD: #purˈi#}
786    | #pˈortɑ# | *#pˈɒrtɑ# | *#pˈortɑ# | *#pˈorta# | *#pˈɔɾta# | *#pˈɔːɾta# | *#pˈɔːɾtə# {GOLD: >*} | *#pˈɔːɾtə# {GOLD: >*} | *#pˈɔɾtə# {GOLD: >*} | *#pˈɔɾtə# {GOLD: #pˈɔɾtə#}
787    | #pˌosˈɑːnioː# | *#pˌʊsˈɒːnju# | *#pˌusˈoɲu# | *#pˌusˈoɲu# | *#pˌuʃˈɔ̃ɲu# | *#pˌuʃˈɔ̃ɲə# | *#pˌuʃˈɔ̃ɲ# {GOLD: >*} | *#pˌuʃˈɔ̃ɲ# {GOLD: >*} | *#puʃˈɔɲ# {GOLD: >*} | *#puʃˈɔj# {GOLD: #puʃˈɔj#}
788    | ... | ... | #pˈoste# | *#pˈostɪ# | *#pˈɔʃtɪ# | *#pˈɔːʃtə# | *#pˈɔːʃt# {GOLD: >*} | *#pˈɔːʃt# {GOLD: >*} | *#pˈɔʃt# {GOLD: >*} | *#pˈɔʃt# {GOLD: #pˈɔʃt#}
789    | ... | ... | #pˈostero# | *#pˈostɪro# | *#pˈɔʃtɪɾɔ# | *#pˈɔːʃtəɾə# | *#pˈɔːʃtɾ̩# {GOLD: #pˈɔʃtɾ̩#} | *#pˈɔːʃtɾ̩# {GOLD: >*} | *#pˈɔʃtɾ̩# {GOLD: >*} | *#pˈɔʃtəɾ# {GOLD: #pˈɔʃtəɾ#}
790    | #pˌotestˈɑːnioː# | *#pˌʊtɛstˈɒːnju# | *#pˌustˈoɲu# | *#pˌustˈoɲu# | *#pˌuʃtˈɔ̃ɲu# | *#pˌuʃtˈɔ̃ɲə# | *#pˌuʃtˈɔ̃ɲ# {GOLD: >*} | *#pˌuʃtˈɔ̃ɲ# {GOLD: >*} | *#puʃtˈɔɲ# {GOLD: >*} | *#puʃtˈɔj# {GOLD: #puʃtˈɔj#}
791    | #pˌotestˈɑːtem# | *#pˌʊtɛstˈɑːtɛ# | *#pˌustˈɑtɛ# | *#pˌustˈetɪ# | *#pˌuʃtˈetɪ# | *#pˌuʃtˈɛtə# | *#pˌuʃtˈɛt# {GOLD: >*} | *#pˌuʃtˈɛt# {GOLD: >*} | *#puʃtˈɛt# {GOLD: >*} | *#puʃtˈɛt# {GOLD: #puʃtˈɛt#}
792    | #pˈottum# | *#pˈɒttʊ# | *#pˈottu# | *#pˈottu# | *#pˈɔtu# | *#pˈɔtə# | *#pˈɔt# {GOLD: >*} | *#pˈɔt# {GOLD: >*} | *#pˈɔt# {GOLD: >*} | *#pˈɔt# {GOLD: #pˈɔt#}
793    | #prˈae̯dɑ# | *#prˈɛdɑ# | ... | ... | ... | ... | ... {GOLD: ...} | ... {GOLD: #pɾˈɛː#} | *#pɾˈɛ# {GOLD: >*} | *#pɾˈɛ# {GOLD: #pɾˈɛ#}
794    | #prˈae̯dɑ# | *#prˈɛdɑ# | *#prˈɛdɑ# | *#prˈɛða# | *#pɾˈɛða# | *#pɾˈɛða# | *#pɾˈɛðə# {GOLD: >*} | *#pɾˈɛðə# {GOLD: >*} | *#pɾˈɛðə# {GOLD: >*} | *#pɾˈɛðə# {GOLD: #pɾˈɛðə#}
795    | #prˌae̯dˈɑːnioː# | *#prˌɛdˈɒːnju# | *#prˌɛdˈoɲu# | *#prˌɛðˈoɲu# | *#pɾəˈɔ̃ːɲu# | *#pɾəˈũo̯ɲə# | *#pɾˈũːo̯ɲ# {GOLD: #pɾˈuo̯j#} | *#pɾˈũːa̯ɲ# {GOLD: >*} | *#pɾˈua̯ɲ# {GOLD: >*} | *#pɾˈua̯j# {GOLD: #pɾˈua̯j#}
796    | #prˌae̯ˈiːnioː# | *#prˌɛˈinju# | *#prˌɛˈiɲu# | *#prˌɛˈiɲu# | *#pɾəˈĩːɲu# | *#pɾəˈĩːɲə# | *#pɾˈĩːɲ# {GOLD: >*} | *#pɾˈĩːɲ# {GOLD: >*} | *#pɾˈiɲ# {GOLD: >*} | *#pɾˈij# {GOLD: #pɾˈij#}
797    | ... | #prˈɛvitɛr# | *#prˈevitɛr# | *#prˈevɪtɪr# | *#pɾˈevɪtɪɾ# | *#pɾˈɛtəɾ# | *#pɾˈɛtɾ̩# {GOLD: >*} | *#pɾˈɛtɾ̩# {GOLD: >*} | *#pɾˈɛtɾ̩# {GOLD: >*} | *#pɾˈɛtəɾ# {GOLD: #pɾˈiftəɾ#}
798    | #prˌiːmɑwˈeːrɑm# | *#prˌimɑwˈeːrɑ# | *#prˌimɑvˈerɑ# | *#prˌimavˈera# | *#pɾə̃məvˈeɾa# | *#pɾə̃məvˈɛːɾa# | *#pɾə̃məvˈɛːɾə# {GOLD: #pɾˌãmvˈɛɾə#} | *#pɾə̃mvˈɛːɾə# {GOLD: >*} | *#pɾəmvˈɛɾə# {GOLD: >*} | *#pɾəmvˈɛɾə# {GOLD: #pɾəmvˈɛɾə#}
799    | #prˈiːnkes# | *#prˈinkɛ# | *#prˈinkɛ# | *#prˈincɪ# | *#pɾˈĩncɪ# | *#pɾˈĩncə# | *#pɾˈĩɲɟ# {GOLD: >*} | *#pɾˈĩɲɟ# {GOLD: >*} | *#pɾˈiɲɟ# {GOLD: >*} | *#pɾˈiɲɟ# {GOLD: #pɾˈiɲɟ#}
800    | ... | ... | ... | #prˌiβˈoɲɔ# | *#pɾˌiβˈɔ̃ɲɔ# | *#pɾˌivˈɔ̃ɲə# | *#pɾˌivˈɔ̃ɲ# {GOLD: >*} | *#pɾˌivˈɔ̃ɲ# {GOLD: >*} | *#pɾivˈɔɲ# {GOLD: >*} | *#pɾivˈɔj# {GOLD: #pɾivˈɔj#}
801    | ... | ... | ... | #prˌodˈoɲu# | *#pɾˌɔðˈɔ̃ɲu# | *#pɾˌɔðˈɔ̃ɲə# | *#pɾˌɔðˈɔ̃ɲ# {GOLD: >*} | *#pɾˌɔðˈɔ̃ɲ# {GOLD: >*} | *#pɾɔðˈɔɲ# {GOLD: >*} | *#pɾɔðˈɔj# {GOLD: #pɾɔðˈɔj#}
802    | #prˌoːhˌibˈeːnioː# | *#prˌɒːˈiβɒːnju# | *#prˌoˈiβoɲu# | *#prˌoˈiwoɲu# | *#pɾəˈuːə̯̃ɲu# | *#pɾəˈuːõ̯ɲə# | *#pɾˈuːõ̯ɲ# {GOLD: #pɾˈuo̯j#} | *#pɾˈuːã̯ɲ# {GOLD: >*} | *#pɾˈua̯ɲ# {GOLD: >*} | *#pɾˈua̯j# {GOLD: #pɾˈua̯j#}
803    | #prˈoksimum# | *#prˈɒksɪmʊ# | *#prˈoksemu# | *#prˈoksɪmu# | *#pɾˈɔkʃmu# | *#pɾˈɔːʃmə# | *#pɾˈɔːʒm̩# {GOLD: #pɾˈɔʃəmə#} | *#pɾˈɔːʒm̩# {GOLD: #pɾˈɔʃm̩#} | *#pɾˈɔʒm̩# {GOLD: >*} | *#pɾˈɔʒəm# {GOLD: #pɾˈɔʒəm#}
804    | #prˌoksimˈɑːnioː# | *#prˌɒsɪmˈɒːnju# | *#prˌosemˈoɲu# | *#prˌosɪmˈoɲu# | *#pɾˌɔʃmˈɔ̃ɲu# | *#pɾˌɔʃmˈɔ̃ɲə# | *#pɾˌɔʒmˈɔ̃ɲ# {GOLD: #pɾˌɔʃəmˈɔ̃ɲ#} | *#pɾˌɔʒmˈɔ̃ɲ# {GOLD: >*} | *#pɾɔʒmˈɔɲ# {GOLD: >*} | *#pɾɔʒmˈɔj# {GOLD: #pɾɔʒmˈɔj#}
805    | #prˌoːmˌittˈonioː# | *#prˌeːmːˌɪttˈɒnju# | *#prˌemːˌettˈoɲu# | *#prˌemːˌettˈoɲu# | *#pɾə̃mːˌeːtˈɔ̃ɲu# | *#pɾə̃mːˌɛːtˈɔ̃ɲə# | *#pɾə̃mːˌɛːtˈɔ̃ɲ# {GOLD: >*} | *#pɾə̃mˌɛːtˈɔ̃ɲ# {GOLD: >*} | *#pɾəmɛtˈɔɲ# {GOLD: >*} | *#pɾəmɛtˈɔj# {GOLD: #pɾɛmtˈɔj#}
806    | #pˈuːblikɑ# | *#pˈuβlɪkɑ# | *#pˈuβlekɑ# | *#pˈulɪka# | *#pˈulɪka# | *#pˈuka# | *#pˈukə# {GOLD: #pˈuːkə#} | *#pˈukə# {GOLD: >*} | *#pˈukə# {GOLD: >*} | *#pˈukə# {GOLD: #pˈukə#}
807    | #pˈuːblikum# | *#pˈuβlɪkʊ# | *#pˈuβleku# | *#pˈulɪku# | *#pˈulɪku# | *#pˈukə# | *#pˈuk# {GOLD: #pˈuːk#} | *#pˈuk# {GOLD: >*} | *#pˈuk# {GOLD: >*} | *#pˈuk# {GOLD: #pˈuk#}
808    | #pˈullɑm# | *#pˈʊllɑ# | *#pˈulːɑ# | *#pˈulːa# | *#pˈulːa# | *#pˈuːlːa# | *#pˈuːlːə# {GOLD: >*} | *#pˈuːlːə# {GOLD: >*} | *#pˈulə# {GOLD: >*} | *#pˈulə# {GOLD: #pˈulə#}
809    | #pˈullum# | *#pˈʊllʊ# | *#pˈulːu# | *#pˈulːu# | *#pˈulːu# | *#pˈuːlːə# | *#pˈuːlː# {GOLD: >*} | *#pˈuːlː# {GOLD: >*} | *#pˈul# {GOLD: >*} | *#pˈul# {GOLD: #pˈul#}
810    | #pˈulpɑm# | *#pˈʊlpɑ# | *#pˈulpɑ# | *#pˈulpa# | *#pˈulpa# | *#pˈuːlpa# | *#pˈuːlpə# {GOLD: >*} | *#pˈuːlpə# {GOLD: >*} | *#pˈulpə# {GOLD: >*} | *#pˈulpə# {GOLD: #pˈulpə#}
811    | #pˈulwerem# | *#pˈʊlwɛrɛ# | *#pˈulwɛrɛ# | *#pˈulbɛrɪ# | *#pˈulbɛɾɪ# | *#pˈuːlbəɾə# | *#pˈuːlbɾ̩# {GOLD: >*} | *#pˈuːlbɾ̩# {GOLD: >*} | *#pˈulbɾ̩# {GOLD: >*} | *#pˈulbəɾ# {GOLD: #bˈulbəɾ#}
812    | #pˈunɡɑm# | *#pˈʊŋɡɑ# | *#pˈuŋɡɑ# | *#pˈuŋɡa# | *#pˈũŋɡa# | *#pˈũŋɡa# | *#pˈũŋɡə# {GOLD: >*} | *#pˈũɲ̈ɡə# {GOLD: >*} | *#pˈuɲ̈ɡə# {GOLD: >*} | *#pˈuŋɡə# {GOLD: #pˈuŋɡə#}
813    | #pˈunktɑ# | *#pˈʊnktɑ# | *#pˈuɲtɑ# | *#pˈuɲta# | *#pˈũɲta# | *#pˈũɲta# | *#pˈũɲtə# {GOLD: >*} | *#pˈũɲtə# {GOLD: >*} | *#pˈuɲtə# {GOLD: >*} | *#pˈuɲtə# {GOLD: #pˈuftə#}
814    | #pˈuppɑ# | *#pˈʊppɑ# | *#pˈuppɑ# | *#pˈuppa# | *#pˈupa# | *#pˈupa# | *#pˈupə# {GOLD: >*} | *#pˈupə# {GOLD: >*} | *#pˈupə# {GOLD: >*} | *#pˈupə# {GOLD: #pˈupə#}
815    | #pˈuteum# | *#pˈʊt͡ʃjʊ# | *#pˈut͡ʃju# | *#pˈut͡ʃu# | *#pˈusu# | *#pˈuːsə# | *#pˈuːs# {GOLD: >*} | *#pˈuːs# {GOLD: >*} | *#pˈus# {GOLD: >*} | *#pˈus# {GOLD: #pˈus#}
816    | #pˌuttˈɑːnɑ# | *#pˌʊttˈɑːnɑ# | *#pˌuttˈɑnɑ# | *#pˌuttˈana# | *#pˌutˈãɾ̃a# | *#pˌutˈãɾ̃a# | *#pˌutˈʌ̃ɾ̃ə# {GOLD: #putˈɑ̃ɾ̃ə#} | *#pˌutˈə̃ɾ̃ə# {GOLD: >*} | *#putˈəɾə# {GOLD: >*} | *#putˈəɾə# {GOLD: #putˈəɾə#}
817    | #fˈɑrum# | *#fˈɑrʊ# | *#fˈɑru# | *#fˈaru# | *#fˈaɾu# | *#fˈaːɾə# | *#fˈaːɾ# {GOLD: >*} | *#fˈaːɾ# {GOLD: >*} | *#fˈaɾ# {GOLD: >*} | *#fˈaɾ# {GOLD: #fˈaɾ#}
818    | #rˌɑdˈɑːnioː# | *#rˌɑdˈɒːnju# | *#rˌɑdˈoɲu# | *#rːˌaðˈoɲu# | *#rːəˈɔ̃ːɲu# | *#rːəˈũo̯ɲə# | *#rˈũːo̯ɲ# {GOLD: #rˈuo̯j#} | *#rˈũːa̯ɲ# {GOLD: >*} | *#rˈua̯ɲ# {GOLD: >*} | *#rˈua̯j# {GOLD: #rˈua̯j#}
819    | #rˈɑdiɑ# | *#rˈɑd͡ʒjɑ# | *#rˈɑd͡ʒjɑ# | *#rːˈed͡ʒa# | *#rːˈeza# | *#rːˈɛːza# | *#rˈɛːzə# {GOLD: #rˈɛzə#} | *#rˈɛːzə# {GOLD: >*} | *#rˈɛzə# {GOLD: >*} | *#rˈɛzə# {GOLD: #rˈɛzə#}
820    | #rˌɑːdˈiːkɑ# | *#rˌɑːdˈikɑ# | *#rˌɑdˈikɑ# | *#rːˌaðˈika# | *#rːəˈiːka# | *#rːəˈiːka# | *#rˈiːkə# {GOLD: >*} | *#rˈiːkə# {GOLD: >*} | *#rˈikə# {GOLD: >*} | *#rˈikə# {GOLD: #rˈikə#}
821    | #rˌɑːdˈiːkulɑ# | *#rˌɑːdˈikʊlɑ# | *#rˌɑdˈikulɑ# | *#rːˌaðˈikula# | *#rːəˈiːkula# | *#rːəˈiːlkəa# | *#rˈiːʎkə# {GOLD: #rˈiʎkə#} | *#rˈiːʎkə# {GOLD: >*} | *#rˈijkə# {GOLD: #rˈijkə#} | *#rˈikə# {GOLD: #rˈikə#}
822    | #rˈɑːmiː# | *#rˈɑːmi# | *#rˈemi# | *#rːˈemɪ# | *#rːˈẽmɪ# | *#rːˈɛ̃mə# | *#rˈɛ̃m# {GOLD: >*} | *#rˈɛ̃m# {GOLD: >*} | *#rˈɛm# {GOLD: >*} | *#rˈɛm# {GOLD: #rˈɛmb#}
823    | #rˈɑːpɑ# | *#rˈɑːpɑ# | *#rˈɑpɑ# | *#rːˈapa# | *#rːˈapa# | *#rːˈapa# | *#rˈapə# {GOLD: >*} | *#rˈapə# {GOLD: >*} | *#rˈapə# {GOLD: >*} | *#rˈapə# {GOLD: #rˈapə#}
824    | #rˈɑːpiː# | *#rˈɑːpi# | *#rˈepi# | *#rːˈepɪ# | *#rːˈepɪ# | *#rːˈɛpə# | *#rˈɛp# {GOLD: >*} | *#rˈɛp# {GOLD: >*} | *#rˈɛp# {GOLD: >*} | *#rˈɛp# {GOLD: #rˈɛp#}
825    | #rˈɑːpum# | *#rˈɑːpʊ# | *#rˈɑpu# | *#rːˈapu# | *#rːˈapu# | *#rːˈapə# | *#rˈap# {GOLD: >*} | *#rˈap# {GOLD: >*} | *#rˈap# {GOLD: #rˈap#} | *#rˈap# {GOLD: ...}
826    | #rˈɑːrum# | *#rˈɑːrʊ# | *#rˈɑru# | *#rːˈalu# | *#rːˈalu# | *#rːˈaːlˠə# | *#rˈaːlˠ# {GOLD: >*} | *#rˈaːlˠ# {GOLD: >*} | *#rˈalˠ# {GOLD: >*} | *#rˈalˠ# {GOLD: #rˈalˠ#}
827    | ... | ... | ... | #rˈɑsɑ# | *#ɾˈɑʃɑ# | *#ɾˈɑːʃɑ# | *#ɾˈaːʃə# {GOLD: >*} | *#ɾˈaːʃə# {GOLD: >*} | *#ɾˈaʃə# {GOLD: >*} | *#ɾˈaʃə# {GOLD: #ɾˈaʃə#}
828    | #rˌɑːstˈellum# | *#rˌɑːstˈɛllʊ# | *#rˌɑstˈɛlːu# | *#rːˌastˈɛlːu# | *#rːˌaʃtˈɛːlːu# | *#rːˌaʃtˈie̯lːə# | *#rˌaʃcˈɛlː# {GOLD: #raʃtjˈɛl#} | *#rˌaʃcˈɛlː# {GOLD: >*} | *#raʃcˈɛl# {GOLD: >*} | *#raʃcˈɛl# {GOLD: #raʃcˈɛl#}
829    | #ˌɑdrˌɑːtiˈoːnem# | *#ˌɑdrˌɑːt͡ʃjˈɒːnɛ# | *#ˌɑdrˌɑt͡ʃjˈonɛ# | *#ˌaːrrˌat͡ʃˈønɪ# | *#ˌaɾɾəsˈœ̃ɾ̃ɪ# | *#ˌarːəsˈỹe̯ɾ̃ə# | *#ˌaɾsˈỹe̯# {GOLD: #arəsˈyø̯#} | *#ˌaɾsˈỹe̯# {GOLD: >*} | *#aɾsˈye̯# {GOLD: >*} | *#aɾsˈye̯# {GOLD: #aɾsˈye̯#}
830    | #rˈeːbɑ# | *#rˈeːβɑ# | *#rˈeβɑ# | *#rːˈewa# | *#rːˈeva# | *#rːˈɛːva# | *#rˈɛːvə# {GOLD: >*} | *#rˈɛːvə# {GOLD: >*} | *#rˈɛvə# {GOLD: >*} | *#rˈɛvə# {GOLD: #rˈɛvə#}
831    | #rˌefˈernioː# | *#rˌɛfˈɛrnju# | *#rˌɛfˈɛrɲu# | *#rːɪfˈɛrɲu# | *#rːɪfˈɛɾɲu# | *#rːəfˈɛɲə# | *#rəfˈɛɲ# {GOLD: #rəfˈyø̯j#} | *#rəfˈɛɲ# {GOLD: >*} | *#rəfˈɛɲ# {GOLD: >*} | *#rəfˈɛj# {GOLD: #rəfˈɛj#}
832    | ... | ... | ... | #rˈeɡɛ# | *#ɾˈeɟɛ# | *#ɾˈɛɟə# | *#ɾˈɛɟ# {GOLD: #ɾˈɛɟ#} | *#ɾˈɛɟ# {GOLD: >*} | *#ɾˈɛɟ# {GOLD: >*} | *#ɾˈɛɟ# {GOLD: #ɾˈɛɟ#}
833    | #rˈeːɡulum# | *#rˈeːɡʊlʊ# | *#rˈeɡulu# | *#rːˈeɡulu# | *#rːˈeɡulu# | *#rːˈɛɡulˠə# | *#rˈɛɡulˠ# {GOLD: >*} | *#rˈɛɡulˠ# {GOLD: >*} | *#rˈɛɡulˠ# {GOLD: >*} | *#rˈɛɡulˠ# {GOLD: #rˈɛɡulˠ#}
834    | #kˈɑːseus# | *#kˈɒːsjʊ# | *#kˈosju# | *#kˈosu# | *#kˈɔʃu# | *#kˈɔːʃə# | *#kˈɔːʃ# {GOLD: >*} | *#kˈɔːʃ# {GOLD: >*} | *#kˈɔʃ# {GOLD: >*} | *#kˈɔʃ# {GOLD: #kˈɔʃ#}
835    | #rˈeːmum# | *#rˈeːmʊ# | *#rˈemu# | *#rːˈemu# | *#rːˈẽmu# | *#rːˈɛ̃mə# | *#rˈɛ̃m# {GOLD: >*} | *#rˈɛ̃m# {GOLD: >*} | *#rˈɛm# {GOLD: >*} | *#rˈɛm# {GOLD: #rˈɛm#}
836    | #rˌeniːdˈeːnioː# | *#rˌɛnidˈeːnju# | *#rˌɛndˈeɲu# | *#rːˌɛndˈeɲu# | *#rːə̃ndˈẽɲu# | *#rːə̃ndˈɛ̃ɲə# | *#rə̃ndˈɛ̃ɲ# {GOLD: >*} | *#rə̃ndˈɛ̃ɲ# {GOLD: >*} | *#rəndˈɛɲ# {GOLD: >*} | *#rəndˈɛj# {GOLD: #rəɲɟˈɛj#}
837    | #rˌeːsˈiːnɑ# | *#rˌeːsˈinɑ# | *#rˌesˈinɑ# | *#rːɪsˈina# | *#rːɪʃˈĩna# | *#rːəʃˈĩna# | *#rəʃˈĩnə# {GOLD: #rəʃˈĩːɾ̃ə#} | *#rəʃˈĩnə# {GOLD: >*} | *#rəʃˈinə# {GOLD: >*} | *#rəʃˈinə# {GOLD: #rəʃˈiɾə#}
838    | #rˌesˌurɡˈonioː# | *#rˌɛsˌʊrɡˈɒnju# | *#rˌɛsˌurɡˈoɲu# | *#rːɪsˌurɡˈoɲu# | *#rːɪʃəɾɡˈɔ̃ɲu# | *#rːəʃəɾɡˈɔ̃ɲə# | *#rəʒɡˈɔ̃ɲ# {GOLD: >*} | *#rəʒɡˈɔ̃ɲ# {GOLD: >*} | *#riʒɡˈɔɲ# {GOLD: #riʃɡˈɔj#} | *#riʒɡˈɔj# {GOLD: #riʒɡˈɔj#}
839    | #rˈeːte# | *#rˈeːtɛ# | *#rˈetɛ# | *#rːˈetɪ# | *#rːˈetɪ# | *#rːˈɛtə# | *#rˈɛt# {GOLD: >*} | *#rˈɛt# {GOLD: >*} | *#rˈɛt# {GOLD: >*} | *#rˈɛt# {GOLD: #rjˈɛt#}
840    | #rˈeːstem# | *#rˈeːstɛ# | *#rˈestɛ# | *#rːˈestɪ# | *#rːˈeʃtɪ# | *#rːˈɛːʃtə# | *#rˈɛːʃt# {GOLD: >*} | *#rˈɛːʃt# {GOLD: >*} | *#rˈɛʃt# {GOLD: >*} | *#rˈɛʃt# {GOLD: #rjˈɛʃt#}
841    | #rˈeːtinɑ# | *#rˈeːtɪnɑ# | *#rˈetenɑ# | *#rːˈetɑ̃ɾ̃a# | *#rːˈetɐɾ̃a# | *#rːˈɛtɐɾ̃a# | *#rˈɛtəɾ̃ə# {GOLD: #rˈɛtəɾ̃ə#} | *#rˈɛtəɾ̃# {GOLD: >*} | *#rˈɛtəɾ# {GOLD: >*} | *#rˈɛtəɾ# {GOLD: #rˈɛtəɾ#}
842    | #rˌiɡˈɑːnioː# | *#rˌɪɡˈɒːnju# | *#rˌiɡˈoɲu# | *#rːˌiɡˈoɲu# | *#rːˌiɡˈɔ̃ɲu# | *#ɾˌiɡˈɔ̃ɲə# | *#ɾˌiɡˈɔ̃ɲ# {GOLD: >*} | *#ɾˌiɡˈɔ̃ɲ# {GOLD: >*} | *#ɾiɡˈɔɲ# {GOLD: >*} | *#ɾiɡˈɔj# {GOLD: #ɾiɡˈɔj#}
843    | #rˈikinum# | *#rˈikɪnʊ# | *#rˈikenu# | *#rːˈicɑ̃ɾ̃u# | *#rːˈicɐɾ̃u# | *#rːˈicɐɾ̃ə# | *#rˈicəɾ̃# {GOLD: #rˈicəɾ̃ə#} | *#rˈicəɾ̃# {GOLD: >*} | *#rˈicəɾ# {GOLD: >*} | *#rˈicəɾ# {GOLD: #rˈicəɾ#}
844    | #rˌiːmˈɑːnioː# | *#rˌimˈɒːnju# | *#rˌimˈoɲu# | *#rːˌimˈoɲu# | *#rːə̃mˈɔ̃ɲu# | *#ɾə̃mˈɔ̃ɲə# | *#ɾə̃mˈɔ̃ɲ# {GOLD: >*} | *#ɾə̃mˈɔ̃ɲ# {GOLD: >*} | *#ɾəmˈɔɲ# {GOLD: >*} | *#ɾəmˈɔj# {GOLD: #ɾəmˈɔj#}
845    | #rˈiːpɑ# | *#rˈipɑ# | *#rˈipɑ# | *#rːˈipa# | *#rːˈipa# | *#rːˈipa# | *#rˈipə# {GOLD: >*} | *#rˈipə# {GOLD: >*} | *#rˈipə# {GOLD: >*} | *#rˈipə# {GOLD: #rˈipə#}
846    | ... | ... | ... | #rˈobur# | *#rːˈɔbuɾ# | *#rːˈɔbuɾ# | *#rˈɔbuɾ# {GOLD: >*} | *#rˈɔbuɾ# {GOLD: >*} | *#rˈɔbuɾ# {GOLD: >*} | *#rˈɔbuɾ# {GOLD: #rˈɔbulˠ#}
847    | #rˈokkɑ# | *#rˈɒkkɑ# | *#rˈokkɑ# | *#rːˈokka# | *#rːˈɔka# | *#rːˈɔka# | *#rˈɔkə# {GOLD: >*} | *#rˈɔkə# {GOLD: >*} | *#rˈɔkə# {GOLD: >*} | *#rˈɔkə# {GOLD: #rˈɔkə#}
848    | #rˌoːmˈɑːnum# | *#rˌeːmːˈɑːnʊ# | *#rˌemːˈɑnu# | *#rːˌemːˈanu# | *#rːə̃mːˈãɾ̃u# | *#ɾə̃mːˈãɾ̃ə# | *#ɾə̃mːˈʌ̃ɾ̃# {GOLD: #ɾˌə̃mˈɑ̃ɾ̃#} | *#ɾə̃mˈə̃ɾ̃# {GOLD: #ɾˈə̃məɾ#} | *#ɾˈəməɾ# {GOLD: >*} | *#ɾˈəməɾ# {GOLD: #ɾˈəməɾ#}
849    | #rˈombum# | *#rˈʊmbʊ# | *#rˈumbu# | *#rːˈumbu# | *#rːˈũmbu# | *#rːˈũmbə# | *#rˈũmb# {GOLD: >*} | *#rˈũmb# {GOLD: >*} | *#rˈumb# {GOLD: >*} | *#rˈumb# {GOLD: #rˈumb#}
850    | #rˈombulum# | *#rˈʊmbʊlʊ# | *#rˈumbulu# | *#rːˈumbulu# | *#rːˈũmbulu# | *#rːˈũmbulˠə# | *#rˈũmbulˠ# {GOLD: >*} | *#rˈũmbulˠ# {GOLD: >*} | *#rˈumbulˠ# {GOLD: >*} | *#rˈumbulˠ# {GOLD: #rˈumbulˠ#}
851    | #rˌomfˈae̯ɑ# | *#rˌʊmfˈɛɑ# | *#rˌufˈɛjɑ# | *#rːˌufˈɛa# | *#rːˌufˈɛa# | *#rːˌufˈɛa# | *#rˌufˈɛː# {GOLD: >*} | *#rˌufˈɛː# {GOLD: >*} | *#rufˈɛ# {GOLD: >*} | *#rufˈɛ# {GOLD: #rufˈɛ#}
852    | ... | #rˌoːsˈɑːʎɑ# | *#rˌøsˈɑʎɑ# | *#rːɪsˈaʎa# | *#rːɪʃˈaʎa# | *#rːəʃˈaːʎa# | *#rəʃˈaːʎə# {GOLD: #r̩ʃˈajə#} | *#rəʃˈaːʎə# {GOLD: >*} | *#rəʃˈajə# {GOLD: >*} | *#rəʃˈajə# {GOLD: #rəʃˈajə#}
853    | #rˌoːsupˈoːneɑ# | *#rˌɒːsʊpˈɒːnjɑ# | *#rˌospˈoɲɑ# | *#rːˌospˈoɲa# | *#rːˌɔʃpˈɔ̃ɲa# | *#rːˌɔʃpˈɔ̃ɲa# | *#rˌɔʃpˈɔ̃ɲə# {GOLD: >*} | *#rˌɔʃpˈɔ̃ɲə# {GOLD: >*} | *#rɔʃpˈɔɲə# {GOLD: >*} | *#rɔʃpˈɔɲə# {GOLD: #ɾɔʃpˈɔɲə#}
854    | #rˈotɑ# | *#rˈɒtɑ# | *#rˈotɑ# | *#rːˈota# | *#rːˈɔta# | *#rːˈɔta# | *#rˈɔtə# {GOLD: >*} | *#rˈɔtə# {GOLD: >*} | *#rˈɔtə# {GOLD: >*} | *#rˈɔtə# {GOLD: #rˈɔtə#}
855    | #rˈotulum# | *#rˈɒtʊlʊ# | *#rˈotulu# | *#rːˈotulu# | *#rːˈɔtulu# | *#rːˈɔtulˠə# | *#rˈɔtulˠ# {GOLD: >*} | *#rˈɔtulˠ# {GOLD: >*} | *#rˈɔtulˠ# {GOLD: >*} | *#rˈɔtulˠ# {GOLD: #rˈɔtulˠ#}
856    | #rˌotˈundɑ# | *#rˌɒtˈʊndɑ# | *#rˌotˈundɑ# | *#rːˌotˈunda# | *#rːˌɔtˈũnda# | *#rːˌɔtˈũnda# | *#rˌɔtˈũndə# {GOLD: #ˌɾ̩tˈundə#} | *#rˌɔtˈũndə# {GOLD: >*} | *#rɔtˈundə# {GOLD: >*} | *#rɔtˈundə# {GOLD: #uɾtˈundə#}
857    | ... | #rˌyːnˈɒːɲu# | *#rˌynˈoɲu# | *#rːˌynˈoɲu# | *#rːə̃nˈɔ̃ɲu# | *#rːə̃nˈɔ̃ɲə# | *#rə̃nˈɔ̃ɲ# {GOLD: #rənˈɔ̃ɲ#} | *#rə̃nˈɔ̃ɲ# {GOLD: >*} | *#rənˈɔɲ# {GOLD: >*} | *#rənˈɔj# {GOLD: #rənˈɔj#}
858    | #rˌunkˈɑːnioː# | *#rˌʊnkˈɒːnju# | *#rˌunkˈoɲu# | *#rːˌunkˈoɲu# | *#rːˌũnkˈɔ̃ɲu# | *#rːˌũnɡˈɔ̃ɲə# | *#rˌũŋɡˈɔ̃ɲ# {GOLD: >*} | *#rˌũɲ̈ɡˈɔ̃ɲ# {GOLD: >*} | *#ruɲ̈ɡˈɔɲ# {GOLD: >*} | *#ruŋɡˈɔj# {GOLD: #ɾuŋɡˈɔj#}
859    | #rˈude# | *#rˈʊdɛ# | *#rˈudɛ# | *#rːˈuðɪ# | *#rːˈuðɪ# | *#rːˈuðə# | *#rˈuð# {GOLD: >*} | *#rˈuð# {GOLD: >*} | *#rˈuð# {GOLD: >*} | *#rˈuð# {GOLD: #rˈuð#}
860    | ... | ... | #rˈuɡɑ# | *#rːˈuɡa# | *#rːˈuɡa# | *#rːˈuɡa# | *#rˈuɡə# {GOLD: >*} | *#rˈuɡə# {GOLD: >*} | *#rˈuɡə# {GOLD: >*} | *#rˈuɡə# {GOLD: #rˈuɡə#}
861    | #rˌumpˈenioː# | *#rˌʊmpˈɛnju# | *#rˌumpˈɛɲu# | *#rːˌumpˈɛɲu# | *#rːˌũmpˈɛ̃ɲu# | *#rːˌũmbˈɛ̃ɲə# | *#rˌũmbˈɛ̃ɲ# {GOLD: #rˌumpˈɛ̃ɲ#} | *#rˌũmbˈɛ̃ɲ# {GOLD: #rˌumbˈɛ̃ɲ#} | *#rumbˈɛɲ# {GOLD: >*} | *#rumbˈɛj# {GOLD: #rəmbˈɛj#}
862    | ... | ... | #rˈuskulu# | *#rːˈuskulu# | *#rːˈuʃkulu# | *#rːˈuːʃkulˠə# | *#rˈuːʃkulˠ# {GOLD: >*} | *#rˈuːʃkulˠ# {GOLD: >*} | *#rˈuʃkulˠ# {GOLD: >*} | *#rˈuʃkulˠ# {GOLD: #rˈuʃkulˠ#}
863    | #rˈuːtɑ# | *#rˈuːtɑ# | *#rˈytɑ# | *#rːˈyta# | *#rːˈyta# | *#rːˈyta# | *#rˈytə# {GOLD: >*} | *#rˈytə# {GOLD: >*} | *#rˈytə# {GOLD: >*} | *#rˈytə# {GOLD: #ɾˈytə#}
864    | #sˌɑbˈurrum# | *#sˌɑβˈʊrrʊ# | *#sˌɑβˈurru# | *#sˌawˈurru# | *#ʃəˈuːɾɾu# | *#ʃəˈuːrːə# | *#ʃˈuːr# {GOLD: >*} | *#ʃˈuːr# {GOLD: >*} | *#ʃˈur# {GOLD: >*} | *#ʃˈur# {GOLD: #ʒˈuɾ#}
865    | #sˈae̯kulum# | *#sˈɛkʊlʊ# | *#sˈɛkulu# | *#sˈɛkulu# | *#ʃˈɛkulu# | *#ʃˈɛkulˠə# | *#ʃˈɛkulˠ# {GOLD: >*} | *#ʃˈɛkulˠ# {GOLD: >*} | *#ʃˈɛkulˠ# {GOLD: >*} | *#ʃˈɛkulˠ# {GOLD: #ʃˈɛkulˠ#}
866    | #sˌɑɡˈittɑm# | *#sˌɑɡˈɪttɑ# | *#sˌɑɡˈettɑ# | *#sˌaɟˈetta# | *#ʃˌɐɟˈeta# | *#ʃˌɐɟˈɛta# | *#ʃˌəɟˈɛtə# {GOLD: #ʃəɟˈɛtə#} | *#ʃˌəɟˈɛtə# {GOLD: >*} | *#ʃiɟˈɛtə# {GOLD: >*} | *#ʃiɟˈɛtə# {GOLD: #ʃiɟˈɛtə#}
867    | #sˌae̯ttˈɑːnioː# | *#sˌɛttˈɒːnju# | *#sˌɛttˈoɲu# | *#sˌɛttˈoɲu# | *#ʃɪtˈɔ̃ɲu# | *#ʃətˈɔ̃ɲə# | *#ʃətˈɔ̃ɲ# {GOLD: >*} | *#ʃətˈɔ̃ɲ# {GOLD: >*} | *#ʃətˈɔɲ# {GOLD: >*} | *#ʃətˈɔj# {GOLD: #ʃitˈɔj#}
868    | #sˌɑɡittˈɑːnioː# | *#sˌɑɡɪttˈɒːnju# | *#sˌɑʎettˈoɲu# | *#sˌaʎɪttˈoɲu# | *#ʃˌaːʎɪtˈɔ̃ɲu# | *#ʃˌaːʎtˈɔ̃ɲə# | *#ʃˌaːʎtˈɔ̃ɲ# {GOLD: >*} | *#ʃˌaːʎtˈɔ̃ɲ# {GOLD: >*} | *#ʃajtˈɔɲ# {GOLD: >*} | *#ʃajtˈɔj# {GOLD: #ʃajtˈɔj#}
869    | #sˈɑɡum# | *#sˈɑɡʊ# | *#sˈɑɡu# | *#sˈaɡu# | *#ʃˈaɡu# | *#ʃˈaɡə# | *#ʃˈaɡ# {GOLD: >*} | *#ʃˈaɡ# {GOLD: >*} | *#ʃˈaɡ# {GOLD: >*} | *#ʃˈaɡ# {GOLD: #ʃˈaɡ#}
870    | #sˈɑkkulum# | *#sˈɑkkʊlʊ# | *#sˈɑkkulu# | *#sˈakkulu# | *#ʃˈakulu# | *#ʃˈakulˠə# | *#ʃˈakulˠ# {GOLD: >*} | *#ʃˈakulˠ# {GOLD: >*} | *#ʃˈakulˠ# {GOLD: >*} | *#ʃˈakulˠ# {GOLD: #ʃˈakulˠ#}
871    | #sˌɑkrˈɑːnioː# | *#sˌɑkrˈɒːnju# | *#sˌɑkrˈoɲu# | *#sˌakrˈoɲu# | *#ʃəkɾˈɔ̃ɲu# | *#ʃkɾˈɔ̃ɲə# | *#ʃkɾˈɔ̃ɲ# {GOLD: #ʃəkɾˈɔ̃ɲ#} | *#ʃkɾˈɔ̃ɲ# {GOLD: >*} | *#ʃkɾˈɔɲ# {GOLD: >*} | *#ʃkɾˈɔj# {GOLD: #ʃəkɾˈɔj#}
872    | #sˈɑlikiae̯# | *#sˈɑlɪkjɛ# | *#sˈɑlekjɛ# | *#sˈelɪcjɛ# | *#ʃˈelɪcjɛ# | *#ʃˈɛːlcjɛ# | *#ʃˈɛːlcɛ# {GOLD: >*} | *#ʃˈɛːlcɛ# {GOLD: >*} | *#ʃˈɛlcɛ# {GOLD: >*} | *#ʃˈɛlcɛ# {GOLD: #ʃˈɛlcɛ#}
873    | #sˈɑlikɑ# | *#sˈɑlɪkɑ# | *#sˈɑlekɑ# | *#sˈelɪka# | *#ʃˈelɪka# | *#ʃˈɛːlka# | *#ʃˈɛːʎkə# {GOLD: >*} | *#ʃˈɛːʎkə# {GOLD: >*} | *#ʃˈɛjkə# {GOLD: >*} | *#ʃˈɛjkə# {GOLD: #ʃˈɛlkə#}
874    | ... | #sˈɑlinkiɛ# | *#sˈɑlinkiɛ# | *#sˈelɪncɪɛ# | *#ʃˈelɪ̃ncjɛ# | *#ʃˈɛːlə̃ncjɛ# | *#ʃˈɛːlə̃ɲɟɛ# {GOLD: >*} | *#ʃˈɛːlə̃ɲɟɛ# {GOLD: >*} | *#ʃˈɛləɲɟɛ# {GOLD: >*} | *#ʃˈɛləɲɟɛ# {GOLD: #ʃˈɛlɟɛ#}
875    | #sˌɑlikˈeːtum# | *#sˌɑlɪkˈeːtʊ# | *#sˌɑlekˈetu# | *#sˌelɪcˈetu# | *#ʃˌeːlɪcˈetu# | *#ʃˌɛːlcˈɛtə# | *#ʃˌɛːlcˈɛt# {GOLD: >*} | *#ʃˌɛːlcˈɛt# {GOLD: >*} | *#ʃɛlcˈɛt# {GOLD: >*} | *#ʃɛlcˈɛt# {GOLD: #ʃɛlcˈɛt#}
876    | #sˌɑlˈiːnɑ# | *#sˌɑlˈinɑ# | *#sˌɑlˈinɑ# | *#sˌelˈina# | *#ʃɪlˈĩna# | *#ʃəlˠˈĩna# | *#ʃəlˠˈĩnə# {GOLD: #ʃəlˠˈĩːɾ̃ə#} | *#ʃəlˠˈĩnə# {GOLD: >*} | *#ʃəlˠˈinə# {GOLD: >*} | *#ʃəlˠˈinə# {GOLD: #ʃəlˠˈiɾə#}
877    | #sˌɑlˈiːnioː# | *#sˌɑlˈinju# | *#sˌɑlˈiɲu# | *#sˌelˈiɲu# | *#ʃɪlˈĩɲu# | *#ʃəlˠˈĩɲə# | *#ʃəlˠˈĩɲ# {GOLD: >*} | *#ʃəlˠˈĩɲ# {GOLD: >*} | *#ʃəlˠˈiɲ# {GOLD: >*} | *#ʃəlˠˈij# {GOLD: #ʃəlˠˈij#}
878    | #sˌɑlwˈɑːnioː# | *#sˌɑlwˈɒːnju# | *#sˌɑlwˈoɲu# | *#sˌalbˈoɲu# | *#ʃəlbˈɔ̃ɲu# | *#ʃəlbˈɔ̃ɲə# | *#ʃl̩bˈɔ̃ɲ# {GOLD: >*} | *#ʃl̩bˈɔ̃ɲ# {GOLD: >*} | *#ʃl̩bˈɔɲ# {GOLD: >*} | *#ʃəlbˈɔj# {GOLD: #ʃəlbˈɔj#}
879    | #sˌɑlwˈɑːntiɑ# | *#sˌɑlwˈɑːnt͡ʃjɑ# | *#sˌɑlwˈɑt͡ʃjɑ# | *#sˌelbˈat͡ʃa# | *#ʃˌeːlbˈasa# | *#ʃˌɛːlbˈaːsa# | *#ʃˌɛːlbˈaːsə# {GOLD: >*} | *#ʃˌɛːlbˈaːsə# {GOLD: >*} | *#ʃɛlbˈasə# {GOLD: >*} | *#ʃɛlbˈasə# {GOLD: #ʃəlbˈɛsə#}
880    | #sˌɑlwiˈellɑ# | *#sˌɑlwjˈɛllɑ# | *#sˌɑlwjˈɛlːɑ# | *#sˌelbˈɛlːa# | *#ʃˌeːlbˈɛlːa# | *#ʃˌɛːlbˈɛːlːa# | *#ʃɾ̩bˈɛːlːə# {GOLD: >*} | *#ʃɾ̩bˈɛːlːə# {GOLD: >*} | *#ʃɾ̩bˈɛlə# {GOLD: >*} | *#ʃəɾbˈɛlə# {GOLD: #ʃɛɾbˈɛlə#}
881    | #sˌɑːnˈɑːnioː# | *#sˌɑːnˈɒːnju# | *#sɐɾˈoɲu# | *#sɐɾˈoɲu# | *#ʃəɾˈɔ̃ɲu# | *#ʃəɾˈɔ̃ɲə# | *#ʃəɾˈɔ̃ɲ# {GOLD: >*} | *#ʃəɾˈɔ̃ɲ# {GOLD: >*} | *#ʃəɾˈɔɲ# {GOLD: >*} | *#ʃəɾˈɔj# {GOLD: #ʃəɾˈɔj#}
882    | #sˌɑːnitˈɑːtem# | *#sˌɑːnɪtˈɑːtɛ# | *#sˌɑntˈɑtɛ# | *#sˌantˈetɪ# | *#ʃˌãntˈetɪ# | *#ʃˌãndˈɛtə# | *#ʃˌʌ̃ndˈɛt# {GOLD: >*} | *#ʃˌə̃ndˈɛt# {GOLD: >*} | *#ʃəndˈɛt# {GOLD: >*} | *#ʃəndˈɛt# {GOLD: #ʃəndˈɛt#}
883    | ... | ... | #sˌɑnitˈɔsu# | *#sˌɑ̃ɾ̃ɪtˈɔsu# | *#ʃˌɑ̃ɾ̃ɪtˈɔʃu# | *#ʃˌɑ̃ɾ̃dˈɔːʃə# | *#ʃˌʌ̃ndˈɔːʃ# {GOLD: #ʃəntˈɔʃ#} | *#ʃˌə̃ndˈɔːʃ# {GOLD: >*} | *#ʃəndˈɔʃ# {GOLD: >*} | *#ʃəndˈɔʃ# {GOLD: #ʃəndˈɔʃ#}
884    | #sˌɑnɡʷuniˈɑːtɑ# | *#sˌɑŋɡʷʊnjˈɑːtɑ# | *#sˌɑŋɡʷuɲˈɑtɑ# | *#sˌaŋɡuɲˈata# | *#ʃˌãŋɡɲˈata# | *#ʃˌãŋɡɲˈata# | *#ʃˌʌ̃ɲɟˈatə# {GOLD: >*} | *#ʃˌə̃ɲɟˈatə# {GOLD: >*} | *#ʃəɲɟˈatə# {GOLD: >*} | *#ʃəɲɟˈatə# {GOLD: #ʃəɲɟˈɛtə#}
885    | #sˌɑnɡʷisˈunɡiɑ# | *#sˌʊɲɪsˈʊɲjɑ# | *#sˌuɲsˈuɲɑ# | *#sˌuɲsˈuɲa# | *#ʃˌũɲʃˈũɲa# | *#ʃˌũʃˈũɲa# | *#ʃˌũʃˈũɲə# {GOLD: #ʃn̩ʃˈũɲə#} | *#ʃˌũʃˈũɲə# {GOLD: >*} | *#ʃuʃˈuɲə# {GOLD: >*} | *#ʃuʃˈuɲə# {GOLD: #ʃuʃˈuɲə#}
886    | ... | ... | #sˌɑntrinˌitˈɑte# | *#sˌantrɪnˌitˈetɪ# | *#ʃˌãntɾnˌiːtˈetɪ# | *#ʃˌãndrːˌiːtˈɛtə# | *#ʃˌʌ̃ndɾˌiːtˈɛt# {GOLD: #ʃˌɛntətəɾˌitˈæt#} | *#ʃˌə̃ndɾˌiːtˈɛt# {GOLD: >*} | *#ʃəndɾitˈɛt# {GOLD: >*} | *#ʃəndɾitˈɛt# {GOLD: #ʃəndɾitˈɛt#}
887    | #sˈɑːnktum# | *#sˈɑːnktʊ# | *#sˈɑɲtu# | *#sˈaɲtu# | *#ʃˈãɲtu# | *#ʃˈɛ̃ɲtə# | *#ʃˈɛ̃ɲt# {GOLD: #ʃˈɛ̃ɲt#} | *#ʃˈɛ̃ɲt# {GOLD: >*} | *#ʃˈɛɲt# {GOLD: >*} | *#ʃˈɛɲt# {GOLD: #ʃˈɛɲt#}
888    | ... | #sˌɑnktumˌixɑˈiːlo# | *#sˌɑɲtumˌixɑˈilo# | *#sˌaɲtumˌixaˈilo# | *#ʃˌãɲtmɪxəˈilɔ# | *#ʃˌãɲtməxəˈiːlˠə# | *#ʃˌʌ̃mːəxˈiːlˠ# {GOLD: >*} | *#ʃˌə̃məhˈiːlˠ# {GOLD: >*} | *#ʃəməhˈilˠ# {GOLD: >*} | *#ʃəməhˈilˠ# {GOLD: #ʃəməhˈilˠ#}
889    | ... | ... | #sˌɑnktuˌɑndrˈeːjɑː# | *#sˌantuˌandrˈeːjaː# | *#ʃˌãntəˌãndɾˈeːjaː# | *#ʃˌãndəˌãndɾˈɛːjaː# | *#ʃˌʌ̃ndˌʌ̃ndɾˈɛː# {GOLD: >*} | *#ʃˌə̃ndˌə̃ndɾˈɛː# {GOLD: >*} | *#ʃəndəndɾˈɛ# {GOLD: >*} | *#ʃəndəndɾˈɛ# {GOLD: #ʃənəndɾˈɛ#}
890    | ... | #sˌɑnktuˌɑndrˈeːɑː# | *#sˌɑɲtuˌɑndrˈejɑ# | *#sˌaɲtuˌandrˈeja# | *#ʃˌãɲtəˌãndɾˈeja# | *#ʃˌãɲtəˌãndɾˈɛja# | *#ʃˌʌ̃nːdɾˈɛː# {GOLD: >*} | *#ʃˌə̃ndɾˈɛː# {GOLD: >*} | *#ʃəndɾˈɛ# {GOLD: >*} | *#ʃəndɾˈɛ# {GOLD: #ʃəndɾˈɛ#}
891    | ... | #sˌɑnjˈɑkoβɔ# | *#sˌɑɲˈɑkoβo# | *#sˌaɲˈakoo# | *#ʃˌãɲˈakɔ# | *#ʃˌãɲˈakə# | *#ʃˌʌ̃ɲˈak# {GOLD: >*} | *#ʃˌə̃ɲˈak# {GOLD: >*} | *#ʃəɲˈak# {GOLD: >*} | *#ʃəɲˈak# {GOLD: #ʃijˈak#}
892    | #kˌɑlikesˈɑːnktum# | *#kˌɑlɪkɛsˈɑːnktʊ# | *#kˌɑleksˈɑɲtu# | *#kˌalɪksˈaɲtu# | *#kˌalɪkʃˈãɲtu# | *#kˌaləʃˈɛ̃ɲtə# | *#kˌalʃˈɛ̃ɲt# {GOLD: #kl̩ʃˈɛ̃ɲt#} | *#kˌalʃˈɛ̃ɲt# {GOLD: ...} | ... {GOLD: ...} | ... {GOLD: ...}
893    | ... | #sˌɑnktudˌiːmˈiːtriu# | *#sˌɑɲtudˌimˈitriu# | *#sˌaɲtuðˌimˈitrɪu# | *#ʃˌãɲtəðɪ̃mˈitɾɪ# | *#ʃˌãɲtəmˈitɾə# | *#ʃˌʌ̃mːˈitɾ̩# {GOLD: >*} | *#ʃˌə̃mˈitɾ̩# {GOLD: >*} | *#ʃəmˈitɾ̩# {GOLD: >*} | *#ʃəmˈitəɾ# {GOLD: #ʃəmˈitəɾ#}
894    | ... | #sˌɑnktunˌikˈolɑːo# | *#sˌɑɲtunˌikˈolɑo# | *#sˌaɲtunˌikˈolao# | *#ʃˌãɲtnɪkˈɔla# | *#ʃˌãɲtnɡˈɔːlˠa# | *#ʃˌʌ̃ŋːɡˈɔːlˠə# {GOLD: >*} | *#ʃˌə̃ŋɡˈɔːlˠə# {GOLD: >*} | *#ʃəŋɡˈɔlˠə# {GOLD: >*} | *#ʃəŋɡˈɔlˠə# {GOLD: #ʃənkˈɔlˠə#}
895    | #sˌɑppˈɑːnioː# | *#sˌɑppˈɒːnju# | *#sˌɑppˈoɲu# | *#sˌappˈoɲu# | *#ʃˌapˈɔ̃ɲu# | *#ʃˌapˈɔ̃ɲə# | *#ʃˌapˈɔ̃ɲ# {GOLD: >*} | *#ʃˌapˈɔ̃ɲ# {GOLD: >*} | *#ʃapˈɔɲ# {GOLD: >*} | *#ʃapˈɔj# {GOLD: #ʃapˈɔj#}
896    | #sˈɑpum# | *#sˈɑpʊ# | *#sˈɑpu# | *#sˈapu# | *#ʃˈapu# | *#ʃˈapə# | *#ʃˈap# {GOLD: >*} | *#ʃˈap# {GOLD: >*} | *#ʃˈap# {GOLD: >*} | *#ʃˈap# {GOLD: #ʃˈap#}
897    | #sˈɑrikɑm# | *#sˈɑrɪkɑ# | *#sˈɑrkɑ# | *#sˈarka# | *#ʃˈaɾka# | *#ʃˈaːɾka# | *#ʃˈaːɾkə# {GOLD: >*} | *#ʃˈaːɾkə# {GOLD: >*} | *#ʃˈaɾkə# {GOLD: >*} | *#ʃˈaɾkə# {GOLD: #ʃˈaɾkə#}
898    | #sˌɑlikinˈɑːrium# | *#sˌɑlɪkɪnˈɒːrjʊ# | *#sˌɑlekenˈorju# | *#sˌelɪcɑ̃ɾ̃ˈoru# | *#ʃˌeːlɪcə̃ɾ̃ˈɔɾu# | *#ʃˌɛːlcə̃ɾ̃ˈuo̯ɾə# | *#ʃˌɛːlcə̃ɾ̃ˈuo̯ɾ# {GOLD: #ʃɛlcəɾ̃ˈuo̯ɾ#} | *#ʃˌɛːlcə̃ɾ̃ˈua̯ɾ# {GOLD: >*} | *#ʃɛlcəɾˈua̯ɾ# {GOLD: #ʃˌɛlcəɾˈua̯ɾ#} | *#ʃɛlcəɾˈɔɾ# {GOLD: #ʃɛlcəɾˈɔɾ#}
899    | #sˌɑrmˈentum# | *#sˌɑrmˈɛntʊ# | *#sˌɑrmˈɛntu# | *#sˌermˈɛntu# | *#ʃɪɾmˈɛ̃ntu# | *#ʃəɾmˈɛ̃ndə# | *#ʃɾ̩mˈɛ̃nd# {GOLD: #ʃəɾmˈɛ̃nt#} | *#ʃɾ̩mˈɛ̃nd# {GOLD: >*} | *#ʃɾ̩mˈɛnd# {GOLD: >*} | *#ʃəɾmˈɛnd# {GOLD: #ʃəɾmˈɛnd#}
900    | #sˌɑtˈunitɑ# | *#sˌɑtˈʊnɪtɑ# | *#sˌɑtˈuntɑ# | *#sˌatˈunta# | *#ʃətˈũnta# | *#ʃətˈũnda# | *#ʃətˈũndə# {GOLD: #ʃətˈũntə#} | *#ʃətˈũndə# {GOLD: #ʃətˈũndə#} | *#ʃətˈundə# {GOLD: >*} | *#ʃətˈundə# {GOLD: #ʃtˈunə#}
901    | #sˌekrˈeːtum# | *#sˌɛkrˈeːtʊ# | *#sˌɛkrˈetu# | *#sˌɛkrˈetu# | *#ʃɪkɾˈetu# | *#ʃkɾˈɛtə# | *#ʃkɾˈɛt# {GOLD: >*} | *#ʃkɾˈɛt# {GOLD: >*} | *#ʃkɾˈɛt# {GOLD: >*} | *#ʃkɾˈɛt# {GOLD: #ʃkɾˈɛt#}
902    | #sˌekʷˈɑːnioː# | *#sˌɛkʷˈɒːnju# | *#sˌɛkʷˈoɲu# | *#sˌɛkˈoɲu# | *#ʃɪkˈɔ̃ɲu# | *#ʃəkˈɔ̃ɲə# | *#ʃəkˈɔ̃ɲ# {GOLD: >*} | *#ʃəkˈɔ̃ɲ# {GOLD: >*} | *#ʃikˈɔɲ# {GOLD: >*} | *#ʃikˈɔj# {GOLD: #ʃikˈɔj#}
903    | #sˈellɑ# | *#sˈɛllɑ# | *#sjˈalːɑ# | *#sˈalːa# | *#ʃˈalːa# | *#ʃˈaːlːa# | *#ʃˈaːlːə# {GOLD: >*} | *#ʃˈaːlːə# {GOLD: >*} | *#ʃˈalə# {GOLD: >*} | *#ʃˈalə# {GOLD: #ʃˈalə#}
904    | #sˈentiɑ# | *#sˈɛnt͡ʃjɑ# | *#sˈɛt͡ʃjɑ# | *#sˈit͡ʃa# | *#ʃˈisa# | *#ʃˈiːsa# | *#ʃˈiːsə# {GOLD: >*} | *#ʃˈiːsə# {GOLD: >*} | *#ʃˈisə# {GOLD: >*} | *#ʃˈisə# {GOLD: #ʃˈisə#}
905    | ... | #sˈɛrɡiu# | *#sˈɛrɡiu# | *#sˈirɟɪu# | *#ʃˈiɾɟju# | *#ʃˈiːɾɟjə# | *#ʃˈiːɾɟ# {GOLD: >*} | *#ʃˈiːɾɟ# {GOLD: >*} | *#ʃˈiɾɟ# {GOLD: >*} | *#ʃˈiɾɟ# {GOLD: #ʃˈiɾɟ#}
906    | #sˈerrɑ# | *#sˈɛrrɑ# | *#sjˈarrɑ# | *#sˈarra# | *#ʃˈaɾɾa# | *#ʃˈaːrːa# | *#ʃˈaːrə# {GOLD: >*} | *#ʃˈaːrə# {GOLD: >*} | *#ʃˈarə# {GOLD: >*} | *#ʃˈarə# {GOLD: #ʃˈarə#}
907    | #sˌertˈɑːnioː# | *#sˌɛrtˈɒːnju# | *#sˌɛrtˈoɲu# | *#sˌɛrtˈoɲu# | *#ʃɪɾtˈɔ̃ɲu# | *#ʃəɾtˈɔ̃ɲə# | *#ʃɾ̩tˈɔ̃ɲ# {GOLD: >*} | *#ʃɾ̩tˈɔ̃ɲ# {GOLD: >*} | *#ʃɾ̩tˈɔɲ# {GOLD: >*} | *#ʃəɾtˈɔj# {GOLD: #ʃaɾtˈɔj#}
908    | #sˌerwˈinioː# | *#sˌɛrwˈɪnju# | *#sˌɛrwˈeɲu# | *#sˌɛrbˈeɲu# | *#ʃəɾbˈẽɲu# | *#ʃəɾbˈɛ̃ɲə# | *#ʃɾ̩bˈɛ̃ɲ# {GOLD: #ʃr̩bˈɛj#} | *#ʃɾ̩bˈɛ̃ɲ# {GOLD: >*} | *#ʃɾ̩bˈɛɲ# {GOLD: >*} | *#ʃəɾbˈɛj# {GOLD: #ʃəɾbˈɛj#}
909    | #sˌerwˈitium# | *#sˌɛrwˈɪt͡ʃjʊ# | *#sˌɛrwˈet͡ʃju# | *#sˌɛrbˈet͡ʃu# | *#ʃəɾbˈesu# | *#ʃəɾbˈɛːsə# | *#ʃɾ̩bˈɛːs# {GOLD: #ʃɾ̩bˈɛs#} | *#ʃɾ̩bˈɛːs# {GOLD: >*} | *#ʃɾ̩bˈɛs# {GOLD: >*} | *#ʃəɾbˈɛs# {GOLD: #ʃəɾbˈɛs#}
910    | #sˌerwiːtˈoːrem# | *#sˌɛrwitˈɒrɛ# | *#sˌirwitˈorɛ# | *#sˌirbɪtˈorɪ# | *#ʃəɾbɪtˈɔɾɪ# | *#ʃəɾbətˈuo̯ɾə# | *#ʃɾ̩bətˈuo̯ɾ# {GOLD: #ʃɛɾbətˈuo̯ɾ#} | *#ʃɾ̩bətˈua̯ɾ# {GOLD: >*} | *#ʃɾ̩bətˈua̯ɾ# {GOLD: >*} | *#ʃəɾbətˈɔɾ# {GOLD: #ʃəɾbətˈɔɾ#}
911    | #sˌerwiːtˈuːrɑm# | *#sˌɛrwitˈuːrɑ# | *#sˌirwitˈyrɑ# | *#sˌirbɪtˈyra# | *#ʃəɾbɪtˈyɾa# | *#ʃəɾbətˈyːɾa# | *#ʃɾ̩bətˈyːɾə# {GOLD: #ʃɾ̩bətˈyɾə#} | *#ʃɾ̩bətˈyːɾə# {GOLD: >*} | *#ʃɾ̩bətˈyɾə# {GOLD: >*} | *#ʃəɾbətˈyɾə# {GOLD: #ʃəɾbətˈyɾə#}
912    | #sˈessum# | *#sˈɛssʊ# | *#sˈɛssu# | *#sˈɛssu# | *#ʃˈɛːʃu# | *#ʃˈie̯ʃə# | *#ʃˈɛʃ# {GOLD: >*} | *#ʃˈɛʃ# {GOLD: >*} | *#ʃˈɛʃ# {GOLD: >*} | *#ʃˈɛʃ# {GOLD: #ʃˈɛʃ#}
913    | #sˌiɡnˈɑːnioː# | *#sˌɪŋnˈɒːnju# | *#sˌeŋnˈoɲu# | *#sˌeŋnˈoɲu# | *#ʃɪ̃ŋnˈɔ̃ɲu# | *#ʃə̃nːˈɔ̃ɲə# | *#ʃə̃nːˈɔ̃ɲ# {GOLD: >*} | *#ʃə̃nˈɔ̃ɲ# {GOLD: >*} | *#ʃənˈɔɲ# {GOLD: >*} | *#ʃənˈɔj# {GOLD: #ʃənˈɔj#}
914    | #sˈiɡnum# | *#sˈɪŋnʊ# | *#sˈeŋnu# | *#sˈeŋnu# | *#ʃˈẽŋnu# | *#ʃˈɛ̃ŋə# | *#ʃˈɛ̃ŋɡ# {GOLD: >*} | *#ʃˈɛ̃ɲ̈ɡ# {GOLD: >*} | *#ʃˈɛɲ̈ɡ# {GOLD: >*} | *#ʃˈɛŋɡ# {GOLD: #ʃˈɛŋɡ#}
915    | #sˈiːk# | *#sˈik# | *#sˈiː# | *#sˈiː# | *#ʃˈiː# | *#ʃˈiː# | *#ʃˈiː# {GOLD: >*} | *#ʃˈiː# {GOLD: >*} | *#ʃˈi# {GOLD: >*} | *#ʃˈi# {GOLD: #ʃˈi#}
916    | ... | #sˈɪklɑ# | *#sˈeklɑ# | *#sˈekla# | *#ʃˈekla# | *#ʃˈɛkla# | *#ʃˈɛkʎɛ# {GOLD: #ʃˈɛkʎɛ#} | *#ʃˈɛkʎɛ# {GOLD: >*} | *#ʃˈɛcɛ# {GOLD: >*} | *#ʃˈɛcɛ# {GOLD: #ʃˈɛcɛ#}
917    | #sˈikulɑ# | *#sˈikʊlɑ# | *#sˈikulɑ# | *#sˈikula# | *#ʃˈikula# | *#ʃˈikulˠə# | *#ʃˈikulˠ# {GOLD: >*} | *#ʃˈikulˠ# {GOLD: >*} | *#ʃˈikulˠ# {GOLD: >*} | *#ʃˈikulˠ# {GOLD: #ʃˈikəlˠ#}
918    | ... | #sˌɪmɪlˈɒːɲu# | *#sˌemelˈojɲu# | *#sˌemɪlˈojɲu# | *#ʃɪ̃məlˈɔj̃ɲu# | *#ʃə̃mbəlˠˈɛ̃ɲə# | *#ʃə̃mbəlˠˈɛ̃ɲ# {GOLD: >*} | *#ʃə̃mbəlˠˈɛ̃ɲ# {GOLD: >*} | *#ʃəmbəlˠˈɛɲ# {GOLD: >*} | *#ʃəmbəlˠˈɛj# {GOLD: #ʃəmbəlˠˈɛj#}
919    | ... | #sˌɪmɪlɑtˈuːrɑ# | *#sˌemelɑtˈyrɑ# | *#sˌemɪlatˈyra# | *#ʃɪ̃mələtˈyɾa# | *#ʃə̃mbəlˠətˈyːɾa# | *#ʃə̃mb?0tˈyːɾə# {GOLD: >*} | *#ʃə̃mb?0tˈyːɾə# {GOLD: >*} | *#ʃəmb?0tˈyɾə# {GOLD: >*} | *#ʃəmbəlˠtˈyɾə# {GOLD: #ʃəmbəlˠtˈyɾə#}
920    | #sˈiːnum# | *#sˈinʊ# | *#sˈinu# | *#sˈinu# | *#ʃˈĩnu# | *#ʃˈĩːnə# | *#ʃˈĩː# {GOLD: #ʃˈĩː#} | *#ʃˈĩː# {GOLD: >*} | *#ʃˈi# {GOLD: >*} | *#ʃˈi# {GOLD: #ʃˈi#}
921    | #sˈirpum# | *#sˈɪrpʊ# | *#sˈerpu# | *#sˈerpu# | *#ʃˈeɾpu# | *#ʃˈɛːɾpə# | *#ʃˈɛːɾp# {GOLD: >*} | *#ʃˈɛːɾp# {GOLD: >*} | *#ʃˈɛɾp# {GOLD: >*} | *#ʃˈɛɾp# {GOLD: #ʃˈɛɾp#}
922    | #sˈitɑ# | *#sˈɪtɑ# | *#sˈitɑ# | *#sˈita# | *#ʃˈita# | *#ʃˈita# | *#ʃˈitə# {GOLD: >*} | *#ʃˈitə# {GOLD: >*} | *#ʃˈitə# {GOLD: >*} | *#ʃˈitə# {GOLD: #ʃˈitə#}
923    | #skˈɑbiem# | *#skˈɑbjɛ# | *#skˈɑbjɛ# | *#zɟˈebjɛ# | *#zɟˈebjɛ# | *#zɟˈɛbjɛ# | *#zɟˈɛbɛ# {GOLD: >*} | *#zɟˈɛbɛ# {GOLD: >*} | *#zɟˈɛbɛ# {GOLD: >*} | *#zɟˈɛbɛ# {GOLD: #zɟˈɛbɛ#}
924    | #skˈɑːlɑː# | *#skˈɑːlɑː# | *#skˈɑlɑ# | *#skˈala# | *#ʃkˈala# | *#ʃkˈaːlˠa# | *#ʃkˈaːlˠə# {GOLD: >*} | *#ʃkˈaːlˠə# {GOLD: >*} | *#ʃkˈalˠə# {GOLD: >*} | *#ʃkˈalˠə# {GOLD: #ʃkˈalˠə#}
925    | #skˈɑmnum# | *#skˈɑmnʊ# | *#skˈɑmnu# | *#skˈamnu# | *#ʃkˈãmnu# | *#ʃkˈamə# | *#ʃkˈam# {GOLD: #ʃkˈɑ̃mn#} | *#ʃkˈam# {GOLD: >*} | *#ʃkˈam# {GOLD: >*} | *#ʃkˈam# {GOLD: #ʃkˈam#}
926    | #skˈɑmni# | *#skˈɑmnɪ# | *#skˈemnɪ# | *#scˈemnɪ# | *#ʃcˈẽmnɪ# | *#ʃcˈɛ̃mːə# | *#ʃcˈɛ̃mː# {GOLD: #ʃcˈẽmn#} | *#ʃcˈɛ̃m# {GOLD: >*} | *#ʃcˈɛm# {GOLD: >*} | *#ʃcˈɛm# {GOLD: #ʃcˈɛm#}
927    | #skˈɑndulum# | *#skˈɑndʊlʊ# | *#skˈɑndulu# | *#skˈandulu# | *#ʃkˈãndulu# | *#ʃkˈandulˠə# | *#ʃkˈandulˠ# {GOLD: >*} | *#ʃkˈandulˠ# {GOLD: >*} | *#ʃkˈandulˠ# {GOLD: >*} | *#ʃkˈandulˠ# {GOLD: #ʃkˈandulˠ#}
928    | ... | ... | ... | #skiˈɛntt͡sa# | *#ʃcjˈɛ̃nt͡sa# | *#ʃcjˈɛ̃nd͡za# | *#ʃcˈɛ̃nd͡zə# {GOLD: >*} | *#ʃcˈɛ̃nd͡zə# {GOLD: >*} | *#ʃcˈɛnd͡zə# {GOLD: >*} | *#ʃcˈɛnd͡zə# {GOLD: #ʃkˈɛnt͡sə#}
929    | #skˌintˈiliɑ# | *#skˌɪntˈiʎɑ# | *#skˌentˈiʎɑ# | *#scˌentˈiʎa# | *#ʃcˌẽntˈiʎa# | *#ʃcˌə̃ndˈiːʎa# | *#ʃcˌə̃ndˈiːʎə# {GOLD: #ʃkn̩dˈiʎə#} | *#ʃcˌə̃ndˈiːʎə# {GOLD: >*} | *#ʃcəndˈijə# {GOLD: >*} | *#ʃcəndˈijə# {GOLD: #ʃkəndˈijə#}
930    | ... | #slˈɑwu# | *#slˈɑwu# | *#slˈawu# | *#ʃlˈaː# | *#ʃlˈaː# | *#ʃkʎˈaː# {GOLD: #ʃkʎˈaː#} | *#ʃkʎˈaː# {GOLD: >*} | *#ʃcˈa# {GOLD: >*} | *#ʃcˈa# {GOLD: #ʃcˈa#}
931    | #ˌeksklˈoːppum# | *#ˌɛsklˈoːppʊ# | *#ˌɛsklˈøppu# | *#sklˈøppu# | *#ʃklˈœpu# | *#ʃklˈɛpə# | *#ʃkʎˈɛp# {GOLD: >*} | *#ʃkʎˈɛp# {GOLD: >*} | *#ʃcˈɛp# {GOLD: >*} | *#ʃcˈɛp# {GOLD: #ʃcˈɛp#}
932    | #skˈodrɑ# | *#skˈɒdrɑ# | *#skˈodrɑ# | *#skˈodra# | *#ʃkˈɔdɾa# | *#ʃkˈɔdɾa# | *#ʃkˈɔdɾ̩# {GOLD: #ʃkˈɔdɾ̩#} | *#ʃkˈɔdɾ̩# {GOLD: >*} | *#ʃkˈɔdɾ̩# {GOLD: >*} | *#ʃkˈɔdəɾ# {GOLD: #ʃkˈɔdəɾ#}
933    | #skʰˈolɑ# | *#skʰˈɒlɑ# | *#skˈolɑ# | *#skˈola# | *#ʃkˈɔla# | *#ʃkˈɔːlˠa# | *#ʃkˈɔːlˠə# {GOLD: >*} | *#ʃkˈɔːlˠə# {GOLD: #ʃkˈɔlˠə#} | *#ʃkˈɔlˠə# {GOLD: >*} | *#ʃkˈɔlˠə# {GOLD: #ʃkˈɔlˠə#}
934    | #skˈoːpɑ# | *#skˈoːpɑ# | *#skˈøpɑ# | *#scˈøpa# | *#ʃcˈœpa# | *#ʃcˈɔpa# | *#ʃcˈɔpə# {GOLD: >*} | *#ʃcˈɔpə# {GOLD: >*} | *#ʃcˈɔpə# {GOLD: >*} | *#ʃcˈɔpə# {GOLD: #ʃcˈɔpə#}
935    | ... | ... | #skˌɔpˈetu# | *#skˌɔpˈetu# | *#ʃkˌɔːpˈetu# | *#ʃkˌɔːpˈɛtə# | *#ʃkˌɔːpˈɛt# {GOLD: >*} | *#ʃkˌɔːpˈɛt# {GOLD: >*} | *#ʃkɔpˈɛt# {GOLD: >*} | *#ʃkɔpˈɛt# {GOLD: #ʃkɔpˈɛt#}
936    | #skˈoːriɑ# | *#skˈoːrjɑ# | *#skˈørjɑ# | *#zɟˈyra# | *#zɟˈyɾa# | *#zɟˈyːɾa# | *#zɟˈyːɾə# {GOLD: >*} | *#zɟˈyːɾə# {GOLD: >*} | *#zɟˈyɾə# {GOLD: >*} | *#zɟˈyɾə# {GOLD: #zɟˈyɾə#}
937    | #skˈorteɑ# | *#skˈɒrt͡ʃjɑ# | *#skˈort͡ʃjɑ# | *#skˈort͡ʃa# | *#ʃkˈɔɾsa# | *#ʃkˈɔːɾsa# | *#ʃkˈɔːɾsə# {GOLD: >*} | *#ʃkˈɔːɾsə# {GOLD: >*} | *#ʃkˈɔɾsə# {GOLD: >*} | *#ʃkˈɔɾsə# {GOLD: #ʃkˈɔɾsə#}
938    | #skrˌiːbˈonioː# | *#skrˌiβˈɒnju# | *#skrˈiβoɲu# | *#skrˈiwoɲu# | *#ʃkɾˈuə̯̃ɲu# | *#ʃkɾˈuõ̯ɲə# | *#ʃkɾˈuõ̯ɲ# {GOLD: #ʃkɾˈuo̯j#} | *#ʃkɾˈuã̯ɲ# {GOLD: >*} | *#ʃkɾˈua̯ɲ# {GOLD: >*} | *#ʃkɾˈua̯j# {GOLD: #ʃkɾˈua̯j#}
939    | #skˈulkɑm# | *#skˈʊlkɑ# | *#skˈulkɑ# | *#skˈulka# | *#ʃkˈulka# | *#ʃkˈuːlka# | *#ʃkˈuːlkə# {GOLD: #ʃkˈuʎkə#} | *#ʃkˈuːlkə# {GOLD: >*} | *#ʃkˈulkə# {GOLD: >*} | *#ʃkˈulkə# {GOLD: #ʃkˈulkə#}
940    | #skˈumɑ# | *#skˈʊmɑ# | *#skˈumɑ# | *#skˈuma# | *#ʃkˈũma# | *#ʃkˈũma# | *#ʃkˈũmə# {GOLD: >*} | *#ʃkˈũmə# {GOLD: >*} | *#ʃkˈumə# {GOLD: >*} | *#ʃkˈumə# {GOLD: #ʃkˈumə#}
941    | #skˈuːtum# | *#skˈuːtʊ# | *#skˈytu# | *#scˈytu# | *#ʃcˈytu# | *#ʃcˈytə# | *#ʃcˈyt# {GOLD: >*} | *#ʃcˈyt# {GOLD: >*} | *#ʃcˈyt# {GOLD: #ʃcˈyt#} | *#scˈyt# {GOLD: #scˈyt#}
942    | #skʷˈɑːtum# | *#skʷˈɑːtʊ# | *#skʷˈɑtu# | *#skˈatu# | *#ʃkˈatu# | *#ʃkˈatə# | *#ʃkˈat# {GOLD: >*} | *#ʃkˈat# {GOLD: >*} | *#ʃkˈat# {GOLD: >*} | *#ʃkˈat# {GOLD: #ʃkˈat#}
943    | #sˈulkum# | *#sˈʊlkʊ# | *#sˈulku# | *#sˈulku# | *#ʃˈulku# | *#ʃˈuːlkə# | *#ʃˈuːʎk# {GOLD: >*} | *#ʃˈuːʎk# {GOLD: >*} | *#ʃˈujk# {GOLD: >*} | *#ʃˈujk# {GOLD: #ʃlˈuk#}
944    | #sˈokɑ# | *#sˈɒkɑ# | *#sˈokɑ# | *#sˈoka# | *#ʃˈɔka# | *#ʃˈɔka# | *#ʃˈɔkə# {GOLD: >*} | *#ʃˈɔkə# {GOLD: >*} | *#ʃˈɔkə# {GOLD: >*} | *#ʃˈɔkə# {GOLD: #ʃˈɔkə#}
945    | #sˈokiɑ# | *#sˈɒkjɑ# | *#sˈokjɑ# | *#sˈocja# | *#ʃˈɔcja# | *#ʃˈɔcja# | *#ʃˈɔcɛ# {GOLD: >*} | *#ʃˈɔcɛ# {GOLD: >*} | *#ʃˈɔcɛ# {GOLD: >*} | *#ʃˈɔcɛ# {GOLD: #ʃˈɔcɛ#}
946    | #sˈokium# | *#sˈɒkjʊ# | *#sˈokju# | *#sˈocju# | *#ʃˈɔcju# | *#ʃˈɔcjə# | *#ʃˈɔc# {GOLD: >*} | *#ʃˈɔc# {GOLD: >*} | *#ʃˈɔc# {GOLD: >*} | *#ʃˈɔc# {GOLD: #ʃˈɔc#}
947    | #sˈolɑ# | *#sˈɒlɑ# | *#sˈolɑ# | *#sˈola# | *#ʃˈɔla# | *#ʃˈɔːlˠa# | *#ʃˈɔːlˠə# {GOLD: >*} | *#ʃˈɔːlˠə# {GOLD: >*} | *#ʃˈɔlˠə# {GOLD: >*} | *#ʃˈɔlˠə# {GOLD: #ʃˈɔlˠə#}
948    | #sˌoːlˈɑːnum# | *#sˌulˈɑːnʊ# | *#sˌulˈɑnu# | *#sˌulˈanu# | *#ʃˌulˈãɾ̃u# | *#ʃˌulˠˈãɾ̃ə# | *#ʃˌulˠˈʌ̃# {GOLD: #ʃulˠˈɑ̃#} | *#ʃˌulˠˈə̃# {GOLD: >*} | *#ʃˈulˠə# {GOLD: >*} | *#ʃˈulˠə# {GOLD: #ʃˈulˠə#}
949    | #sˈolum# | *#sˈɒlʊ# | *#sˈolu# | *#sˈolu# | *#ʃˈɔlu# | *#ʃˈuo̯lˠə# | *#ʃˈuo̯lˠ# {GOLD: >*} | *#ʃˈua̯lˠ# {GOLD: >*} | *#ʃˈua̯lˠ# {GOLD: >*} | *#ʃˈua̯lˠ# {GOLD: #ʃˈua̯lˠ#}
950    | #sˈorbɑ# | *#sˈɒrbɑ# | *#sˈorbɑ# | *#sˈorba# | *#ʃˈɔɾba# | *#ʃˈɔːɾba# | *#ʃˈɔːɾbə# {GOLD: >*} | *#ʃˈɔːɾbə# {GOLD: #ʃˈuɾbə#} | *#ʃˈɔɾbə# {GOLD: >*} | *#ʃˈɔɾbə# {GOLD: #ʃˈuɾbə#}
951    | #sˈortem# | *#sˈɒrtɛ# | *#sˈortɛ# | *#sˈortɪ# | *#ʃˈɔɾtɪ# | *#ʃˈɔːɾtə# | *#ʃˈɔːɾt# {GOLD: >*} | *#ʃˈɔːɾt# {GOLD: >*} | *#ʃˈɔɾt# {GOLD: >*} | *#ʃˈɔɾt# {GOLD: #ʃˈɔɾt#}
952    | #sˌortˈiːkɑ# | *#sˌʊrtˈikɑ# | *#sˌurtˈikɑ# | *#sˌurtˈika# | *#ʃˌuɾtˈika# | *#ʃˌuɾtˈika# | *#ʃˌuɾtˈikə# {GOLD: >*} | *#ʃˌuɾtˈikə# {GOLD: >*} | *#ʃuɾtˈikə# {GOLD: >*} | *#ʃuɾtˈikə# {GOLD: #ʃɔɾtˈɛkə#}
953    | #sˌortileɡˈiːɑ# | *#sˌʊrtɪlɛɡˈiɑ# | *#sˌurtelɛɡˈijɑ# | *#sˌurtɪlɪɟˈija# | *#ʃˌuɾtɪlɪɟˈija# | *#ʃˌuɾtəlɟˈija# | *#ʃˌuɾtl̩ɟˈiː# {GOLD: #ʃɛrɛɟˈi#} | *#ʃˌuɾtl̩ɟˈiː# {GOLD: >*} | *#ʃuɾtl̩ɟˈi# {GOLD: >*} | *#ʃuɾtəlɟˈi# {GOLD: #ʃɛrəɟi#}
954    | #spˈɑtʰɑm# | *#spˈɑtʰɑ# | *#spˈɑtɑ# | *#spˈata# | *#ʃpˈata# | *#ʃpˈata# | *#ʃpˈatə# {GOLD: >*} | *#ʃpˈatə# {GOLD: >*} | *#ʃpˈatə# {GOLD: #ʃpˈatə#} | *#ʃpˈatə# {GOLD: #ʃpˈatə#}
955    | #spˈɑtʰulɑ# | *#spˈɑtʰʊlɑ# | *#spˈɑtulɑ# | *#spˈatula# | *#ʃpˈatula# | *#ʃpˈatulˠə# | *#ʃpˈatulˠ# {GOLD: >*} | *#ʃpˈatulˠ# {GOLD: >*} | *#ʃpˈatulˠ# {GOLD: >*} | *#ʃpˈatulˠ# {GOLD: #ʃpˈatulˠ#}
956    | #spˌerˈɑntiɑ# | *#spˌɛrˈɑnt͡ʃjɑ# | *#spˌɛrˈɑjt͡ʃjɑ# | *#spərˈet͡ʃa# | *#ʃpəɾˈesa# | *#ʃpəɾˈɛːsa# | *#ʃpəɾˈɛːsə# {GOLD: #ʃpəɾˈɛsə#} | *#ʃpəɾˈɛːsə# {GOLD: >*} | *#ʃpɾˈɛsə# {GOLD: >*} | *#ʃpɾˈɛsə# {GOLD: #ʃpɾˈɛsə#}
957    | #spˌeːrˈɑːnioː# | *#spˌeːrˈɒːnju# | *#spˌerˈojɲu# | *#spərˈojɲu# | *#ʃpəɾˈɔj̃ɲu# | *#ʃpəɾˈɛ̃ɲə# | *#ʃpəɾˈɛ̃ɲ# {GOLD: #ʃpərˈɛ̃ɲ#} | *#ʃpəɾˈɛ̃ɲ# {GOLD: >*} | *#ʃpɾˈɛɲ# {GOLD: >*} | *#ʃpɾˈɛj# {GOLD: #ʃpɾˈɛj#}
958    | #spˈiːnɑ# | *#spˈinɑ# | *#spˈinɑ# | *#spˈina# | *#ʃpˈĩna# | *#ʃpˈĩnːa# | *#ʃpˈĩnːə# {GOLD: >*} | *#ʃpˈĩnə# {GOLD: >*} | *#ʃpˈinə# {GOLD: >*} | *#ʃpˈinə# {GOLD: #ʃpˈinə#}
959    | #spˈiːritum# | *#spˈirɪtʊ# | *#spˈirtu# | *#spˈirtu# | *#ʃpˈiɾtu# | *#ʃpˈiːɾtə# | *#ʃpˈiːɾt# {GOLD: >*} | *#ʃpˈiːɾt# {GOLD: #ʃpˈiːɾt#} | *#ʃpˈiɾt# {GOLD: >*} | *#ʃpˈiɾt# {GOLD: #ʃpˈiɾt#}
960    | #spˈissum# | *#spˈɪssʊ# | *#spˈessu# | *#spˈessu# | *#ʃpˈeʃu# | *#ʃpˈɛːʃə# | *#ʃpˈɛːʃ# {GOLD: >*} | *#ʃpˈɛːʃ# {GOLD: >*} | *#ʃpˈɛʃ# {GOLD: >*} | *#ʃpˈɛʃ# {GOLD: #ʃpˈɛʃ#}
961    | #splˌenˈetikɑ# | *#splˌɛnˈɛtɪkɑ# | *#splˌɛnˈɛtkɑ# | *#splənˈɛtka# | *#ʃplə̃ɾ̃ˈɛtka# | *#ʃplə̃ɾ̃ˈɛtka# | *#ʃpɾə̃ɾ̃ˈɛtkə# {GOLD: #ʃpəɾ̃ˈɛtkə#} | *#ʃpɾə̃ɾ̃ˈɛtkə# {GOLD: >*} | *#ʃpɾəɾˈɛtkə# {GOLD: >*} | *#ʃpɾəɾˈɛtkə# {GOLD: #ʃpɾˈɛtkə#}
962    | #spˈodiɑ# | *#spˈʊd͡ʒjɑ# | *#spˈud͡ʒjɑ# | *#spˈud͡ʒa# | *#ʃpˈuza# | *#ʃpˈuːza# | *#ʃpˈuːzə# {GOLD: >*} | *#ʃpˈuːzə# {GOLD: >*} | *#ʃpˈuzə# {GOLD: >*} | *#ʃpˈuzə# {GOLD: #ʃpˈuzə#}
963    | #spˈortɑ# | *#spˈɒrtɑ# | *#spˈortɑ# | *#spˈorta# | *#ʃpˈɔɾta# | *#ʃpˈɔːɾta# | *#ʃpˈɔːɾtə# {GOLD: >*} | *#ʃpˈɔːɾtə# {GOLD: >*} | *#ʃpˈɔɾtə# {GOLD: >*} | *#ʃpˈɔɾtə# {GOLD: #ʃpˈɔɾtə#}
964    | #stˈɑbulɑ# | *#stˈɑβʊlɑ# | *#stˈɑβulɑ# | *#stˈawula# | *#ʃtˈaːla# | *#ʃtˈaːlˠa# | *#ʃtˈaːlˠə# {GOLD: >*} | *#ʃtˈaːlˠə# {GOLD: #ʃtˈaːlˠə#} | *#ʃtˈalˠə# {GOLD: >*} | *#ʃtˈalˠə# {GOLD: #ʃtˈalˠə#}
965    | #stˈɑmnum# | *#stˈɑmnʊ# | *#stˈɑmnu# | *#stˈamnu# | *#ʃtˈãmnu# | *#ʃtˈãmə# | *#ʃtˈʌ̃m# {GOLD: #ʃtˈɑ̃m#} | *#ʃtˈə̃m# {GOLD: >*} | *#ʃtˈəm# {GOLD: >*} | *#ʃtˈəm# {GOLD: #ʃtˈəm#}
966    | #stˈɑnkum# | *#stˈɑnkʊ# | *#stˈɑnku# | *#stˈanku# | *#ʃtˈãnku# | *#ʃtˈãnɡə# | *#ʃtˈʌ̃ŋɡ# {GOLD: >*} | *#ʃtˈə̃ɲ̈ɡ# {GOLD: >*} | *#ʃtˈəɲ̈ɡ# {GOLD: >*} | *#ʃtˈəŋɡ# {GOLD: #ʃtˈəŋɡ#}
967    | #stˈɑːtiː# | *#stˈɑːti# | *#stˈɑti# | *#stˈetɪ# | *#ʃtˈetɪ# | *#ʃtˈɛtə# | *#ʃtˈɛt# {GOLD: >*} | *#ʃtˈɛt# {GOLD: >*} | *#ʃtˈɛt# {GOLD: >*} | *#ʃtˈɛt# {GOLD: #ʃtˈɛt#}
968    | #stˈɑːtum# | *#stˈɑːtʊ# | *#stˈɑtu# | *#stˈatu# | *#ʃtˈatu# | *#ʃtˈatə# | *#ʃtˈat# {GOLD: >*} | *#ʃtˈat# {GOLD: >*} | *#ʃtˈat# {GOLD: >*} | *#ʃtˈat# {GOLD: #ʃtˈat#}
969    | #stˌernˈɑːkum# | *#stˌɛrnˈɑːkʊ# | *#stˌɛrnˈɑku# | *#stˌɛrnˈaku# | *#ʃtɪɾnˈaku# | *#ʃtərːˈakə# | *#ʃtɾˈak# {GOLD: >*} | *#ʃtɾˈak# {GOLD: >*} | *#ʃtɾˈak# {GOLD: >*} | *#ʃtɾˈak# {GOLD: #ʃtrˈak#}
970    | #strˈɑmbum# | *#strˈɑmbʊ# | *#strˈɑmbu# | *#strˈambu# | *#ʃtɾˈãmbu# | *#ʃtɾˈãmbə# | *#ʃtɾˈʌ̃mb# {GOLD: #ʃtɾˈɑ̃mb#} | *#ʃtɾˈə̃mb# {GOLD: >*} | *#ʃtɾˈəmb# {GOLD: #ʃtɾˈəmb#} | *#ʃtɾˈəmb# {GOLD: ...}
971    | #strˈɑmbinu# | *#strˈɑmbɪnʊ# | *#strˈembenu# | *#strˈembɑ̃ɾ̃u# | *#ʃtɾˈẽmbɐɾ̃u# | *#ʃtɾˈɛ̃mbɐɾ̃ə# | *#ʃtɾˈɛ̃mbəɾ̃# {GOLD: #ʃtɾˈɑ̃mbə̃ɾ̃ə#} | *#ʃtɾˈɛ̃mbəɾ̃# {GOLD: >*} | *#ʃtɾˈɛmbəɾ# {GOLD: >*} | *#ʃtɾˈɛmbəɾ# {GOLD: #ʃtɾˈɛmbəɾ#}
972    | #strˈɑːtum# | *#strˈɑːtʊ# | *#strˈɑtu# | *#strˈatu# | *#ʃtɾˈatu# | *#ʃtɾˈatə# | *#ʃtɾˈat# {GOLD: >*} | *#ʃtɾˈat# {GOLD: >*} | *#ʃtɾˈat# {GOLD: >*} | *#ʃtɾˈat# {GOLD: #ʃtɾˈat#}
973    | #strˈiːɡɑm# | *#strˈiɡɑ# | *#strˈiɡɑ# | *#strˈiɡa# | *#ʃtɾˈiɡa# | *#ʃtɾˈiɡa# | *#ʃtɾˈiɡə# {GOLD: >*} | *#ʃtɾˈiɡə# {GOLD: >*} | *#ʃtɾˈiɡə# {GOLD: >*} | *#ʃtɾˈiɡə# {GOLD: #ʃtɾˈiɡə#}
974    | #strˈinktum# | *#strˈɪnktʊ# | *#strˈeɲtu# | *#strˈeɲtu# | *#ʃtɾˈẽɲtu# | *#ʃtɾˈɛ̃ɲtə# | *#ʃtɾˈɛ̃ɲt# {GOLD: #ʃtɾˈɛ̃ɲt#} | *#ʃtɾˈɛ̃ɲt# {GOLD: >*} | *#ʃtɾˈɛɲt# {GOLD: >*} | *#ʃtɾˈɛɲt# {GOLD: #ʃtɾˈɛɲt#}
975    | #strˌinɡˈonioː# | *#strˌɪŋɡˈɒnju# | *#strˌeŋɡˈoɲu# | *#strˌeŋɡˈoɲu# | *#ʃtɾə̃ŋɡˈɔ̃ɲu# | *#ʃtɾə̃ŋɡˈɔ̃ɲə# | *#ʃtɾə̃ŋɡˈɔ̃ɲ# {GOLD: >*} | *#ʃtɾə̃ɲ̈ɡˈɔ̃ɲ# {GOLD: >*} | *#ʃtɾəɲ̈ɡˈɔɲ# {GOLD: >*} | *#ʃtɾəŋɡˈɔj# {GOLD: #ʃtɾəŋɡˈɔj#}
976    | #stˈuppɑ# | *#stˈʊppɑ# | *#stˈuppɑ# | *#stˈuppa# | *#ʃtˈupa# | *#ʃtˈupa# | *#ʃtˈupə# {GOLD: >*} | *#ʃtˈupə# {GOLD: >*} | *#ʃtˈupə# {GOLD: >*} | *#ʃtˈupə# {GOLD: #ʃtˈupə#}
977    | #stˌuppˈɑːnioː# | *#stˌʊppˈɒːnju# | *#stˌuppˈoɲu# | *#stˌuppˈoɲu# | *#ʃtˌupˈɔ̃ɲu# | *#ʃtˌupˈɔ̃ɲə# | *#ʃtˌupˈɔ̃ɲ# {GOLD: >*} | *#ʃtˌupˈɔ̃ɲ# {GOLD: >*} | *#ʃtupˈɔɲ# {GOLD: >*} | *#ʃtupˈɔj# {GOLD: #ʃtupˈɔj#}
978    | #stˈurnum# | *#stˈʊrnʊ# | *#stˈurnu# | *#stˈurnu# | *#ʃtˈuɾnu# | *#ʃtˈuːrːɐ# | *#ʃtˈuːrə# {GOLD: >*} | *#ʃtˈuːrə# {GOLD: >*} | *#ʃtˈurə# {GOLD: >*} | *#ʃtˈurə# {GOLD: #ʃtˈuɾə#}
979    | #suˌɑːwˈiliɑ# | *#swˌɑːwˈiʎɑ# | *#swˌɑwˈiʎɑ# | *#sˌawˈiʎa# | *#ʃəˈiːʎa# | *#ʃəˈiːʎa# | *#ʃˈiːʎə# {GOLD: >*} | *#ʃˈiːʎə# {GOLD: >*} | *#ʃˈijə# {GOLD: >*} | *#ʃˈijə# {GOLD: #ʃˈijə#}
980    | #sˌeːdˈɑːnioː# | *#sˌeːdˈɒːnju# | *#sˌedˈoɲu# | *#sˌeðˈoɲu# | *#ʃəˈɔ̃ːɲu# | *#ʃəˈũo̯ɲə# | *#ʃˈũːo̯ɲ# {GOLD: #ʃˈuo̯j#} | *#ʃˈũːa̯ɲ# {GOLD: >*} | *#ʃˈua̯ɲ# {GOLD: >*} | *#ʃˈua̯j# {GOLD: #ʃˈua̯j#}
981    | #sˌublˈɑːtɑ# | *#sˌʊβlˈɑːtɑ# | *#sˌuβlˈɑtɑ# | *#sˌulˈata# | *#ʃˌulˈata# | *#ʃˌulˠˈata# | *#ʃˌulˠˈatə# {GOLD: >*} | *#ʃˌulˠˈatə# {GOLD: >*} | *#ʃulˠˈatə# {GOLD: >*} | *#ʃulˠˈatə# {GOLD: #ʃulˠˈatə#}
982    | #sˌubmˌɑrˈiːtikɑ# | *#sˌʊβmˌɑrˈitɪkɑ# | *#sˌuβmˌɑrˈitkɑ# | *#sˌumˌarˈitka# | *#ʃˌũməɾˈitka# | *#ʃˌũmbəɾˈitka# | *#ʃˌũmbəɾˈitkə# {GOLD: >*} | *#ʃˌũmbəɾˈitkə# {GOLD: >*} | *#ʃumbɾˈitkə# {GOLD: >*} | *#ʃumbɾˈitkə# {GOLD: #ʃɛmˈəɾkə#}
983    | #sˌubrˌɑwkˈɑːnioː# | *#sˌʊβrˌɑwkˈɒːnju# | *#sˌuβrˌɑwkˈoɲu# | *#sˌurˌawkˈoɲu# | *#ʃˌuɾˌaːkˈɔ̃ɲu# | *#ʃˌuɾˌuːkˈɔ̃ɲə# | *#ʃˌuɾˌuːkˈɔ̃ɲ# {GOLD: >*} | *#ʃˌuɾˌuːkˈɔ̃ɲ# {GOLD: >*} | *#ʃuɾukˈɔɲ# {GOLD: >*} | *#ʃuɾukˈɔj# {GOLD: #ʃuɾukˈɔj#}
984    | #sˌubterrˌɑːnˈiːɑ# | *#sˌʊbtɛrrˌɑːnˈiɑ# | *#sˌubtɛrrˌɑnˈijɑ# | *#sˌubtɪrrˌanˈija# | *#ʃˌuðtɪɾɾə̃ɾ̃ˈija# | *#ʃˌuːtərːˈija# | *#ʃˌuːtərˈiː# {GOLD: >*} | *#ʃˌuːtərˈiː# {GOLD: >*} | *#ʃutərˈi# {GOLD: >*} | *#ʃutərˈi# {GOLD: #ʃutərˈi#}
985    | #sˌufferˈinioː# | *#sˌʊffɛrˈɪnju# | *#sˌuffɛrˈeɲu# | *#sˌuffɪrˈeɲu# | *#ʃˌufɪɾˈẽɲu# | *#ʃˌufəɾˈɛ̃ɲə# | *#ʃˌufəɾˈɛ̃ɲ# {GOLD: >*} | *#ʃˌufəɾˈɛ̃ɲ# {GOLD: #ʃufɾˈɛ̃ɲ#} | *#ʃufəɾˈɛɲ# {GOLD: >*} | *#ʃufəɾˈɛj# {GOLD: #ʃfɾˈɛj#}
986    | #sˈuktɑ# | *#sˈʊktɑ# | *#sˈuçtɑ# | *#sˈujta# | *#ʃˈujta# | *#ʃˈujta# | *#ʃˈujtə# {GOLD: >*} | *#ʃˈujtə# {GOLD: >*} | *#ʃˈujtə# {GOLD: >*} | *#ʃˈujtə# {GOLD: #ʃˈujtə#}
987    | #sˌuktˈɑːnioː# | *#sˌʊktˈɒːnju# | *#sˌuçtˈoɲu# | *#sˌujtˈoɲu# | *#ʃˌujtˈɔ̃ɲu# | *#ʃˌujtˈɔ̃ɲə# | *#ʃˌujtˈɔ̃ɲ# {GOLD: >*} | *#ʃˌujtˈɔ̃ɲ# {GOLD: >*} | *#ʃujtˈɔɲ# {GOLD: >*} | *#ʃujtˈɔj# {GOLD: #ʃujtˈɔj#}
988    | #sˈummɑm# | *#sˈʊmmɑ# | *#sˈummɑ# | *#sˈumma# | *#ʃˈũmma# | *#ʃˈũmːa# | *#ʃˈũmːə# {GOLD: #ʃˈũmə#} | *#ʃˈũmə# {GOLD: >*} | *#ʃˈumə# {GOLD: >*} | *#ʃˈumə# {GOLD: #ʃˈumə#}
989    | #sˌuperkˌɑdˈɑːlem# | *#sˌʊpɛrkˌɑdˈɑːlɛ# | *#sˌupɛrkˌɑdˈɑlɛ# | *#sˌupɪrkˌaðˈelɪ# | *#ʃˌupɪɾkəˈeːlɪ# | *#ʃˌupəɾkəˈɛːlə# | *#ʃˌuɾkˈɛːl# {GOLD: >*} | *#ʃˌuɾkˈɛːl# {GOLD: >*} | *#ʃuɾkˈɛl# {GOLD: >*} | *#ʃuɾcˈɛl# {GOLD: #ʃuɾcˈɛl#}
990    | ... | ... | ... | #sˌuspˈirju# | *#ʃˌuʃpˈiɾju# | *#ʃˌuʃpˈiːɾjɐ# | *#ʃˌuʃpˈiːrə# {GOLD: >*} | *#ʃˌuʃpˈiːrə# {GOLD: >*} | *#ʃuʃpˈirə# {GOLD: >*} | *#ʃuʃpˈirə# {GOLD: #ʃpˈirə#}
991    | #sˈurdum# | *#sˈʊrdʊ# | *#sˈurdu# | *#sˈurðu# | *#ʃˈuɾðu# | *#ʃˈuːɾðə# | *#ʃˈuːɾð# {GOLD: >*} | *#ʃˈuːɾð# {GOLD: >*} | *#ʃˈuɾð# {GOLD: >*} | *#ʃˈuɾð# {GOLD: #ʃˈuɾð#}
992    | ... | ... | #sˌirˈinɡɑ# | *#sˌirˈinɡa# | *#ʃˌiːɾˈĩnɡa# | *#ʃˌiːɾˈĩnɡa# | *#ʃˌiːɾˈĩŋɡə# {GOLD: >*} | *#ʃˌiːɾˈĩɲ̈ɡə# {GOLD: >*} | *#ʃiɾˈiɲ̈ɡə# {GOLD: >*} | *#ʃiɾˈiŋɡə# {GOLD: #ʃiɾˈiŋɡə#}
993    | ... | ... | #tˌɑbˈɛllɑ# | *#tˌabˈɛlla# | *#tˌabˈɛlla# | *#tˌabˈɛːlːa# | *#tˌabˈɛːlːə# {GOLD: >*} | *#tˌabˈɛːlːə# {GOLD: >*} | *#tabˈɛlə# {GOLD: >*} | *#tabˈɛlə# {GOLD: #tabˈɛlə#}
994    | #tˈɑːktum# | *#tˈɑːktʊ# | *#tˈɑktu# | *#tˈaktu# | *#tˈaktu# | *#tˈaːftə# | *#tˈaːft# {GOLD: >*} | *#tˈaːft# {GOLD: >*} | *#tˈaft# {GOLD: >*} | *#tˈaft# {GOLD: #tˈaft#}
995    | #tˌɑksitˈɑːnioː# | *#tˌɑɪtˈɒːnju# | *#tˌɑetˈoɲu# | *#tˌaetˈoɲu# | *#tˌatˈɔ̃ɲu# | *#tˌatˈɔ̃ɲə# | *#tˌatˈɔ̃ɲ# {GOLD: >*} | *#tˌatˈɔ̃ɲ# {GOLD: >*} | *#tatˈɔɲ# {GOLD: >*} | *#tatˈɔj# {GOLD: #tatˈɔj#}
996    | #tˈɑːleɑ# | *#tˈɑːʎɑ# | *#tˈɑʎɑ# | *#tˈaʎa# | *#tˈaʎa# | *#tˈaːʎa# | *#tˈaːʎə# {GOLD: #tˈaʎə#} | *#tˈaːʎə# {GOLD: >*} | *#tˈajə# {GOLD: >*} | *#tˈajə# {GOLD: #tˈajə#}
997    | #tˈɑliɑ# | *#tˈɑʎɑ# | *#tˈɑʎɑ# | *#tˈaʎa# | *#tˈaʎa# | *#tˈaːʎa# | *#tˈaːʎə# {GOLD: >*} | *#tˈaːʎə# {GOLD: #tˈaʎə#} | *#tˈajə# {GOLD: >*} | *#tˈajə# {GOLD: #tˈalə#}
998    | #tˈɑppɑ# | *#tˈɑppɑ# | *#tˈɑppɑ# | *#tˈappa# | *#tˈapa# | *#tˈapa# | *#tˈapə# {GOLD: >*} | *#tˈapə# {GOLD: >*} | *#tˈapə# {GOLD: >*} | *#tˈapə# {GOLD: #tˈapə#}
999    | #tˌɑwˈernɑm# | *#tˌɑwˈɛrnɑ# | *#tˌɑvˈɛrnɑ# | *#tˌavˈɛrna# | *#tˌavˈɛɾna# | *#tˌavˈɛːrːa# | *#tˌavˈɛːrə# {GOLD: >*} | *#tˌavˈɛːrə# {GOLD: >*} | *#tavˈɛrə# {GOLD: >*} | *#tavˈɛrə# {GOLD: #tavˈɛrə#}
1000   | #tˈɑwɾiː# | *#tˈɑwɾi# | *#tˈewɾi# | *#tˈewɾɪ# | *#tˈeːɾɪ# | *#tˈɛːɾə# | *#tˈɛːɾ# {GOLD: #tˈæːɾ#} | *#tˈɛːɾ# {GOLD: >*} | *#tˈɛɾ# {GOLD: >*} | *#tˈɛɾ# {GOLD: #tˈɛɾ#}
1001   | #tˈɑwɾum# | *#tˈɑwɾʊ# | *#tˈɑwɾu# | *#tˈawɾu# | *#tˈaːɾu# | *#tˈaːɾə# | *#tˈaːɾ# {GOLD: #tˈaːɾ#} | *#tˈaːɾ# {GOLD: >*} | *#tˈaɾ# {GOLD: >*} | *#tˈaɾ# {GOLD: #tˈaɾ#}
1002   | #tˈeɡminem# | *#tˈɛɡmɪnɛ# | *#tˈɛɡmenɛ# | *#tˈiɡmɑ̃ɾ̃ɪ# | *#tˈiɡmɐɾ̃ɪ# | *#tˈiɡmɐɾ̃ə# | *#tˈiməɾ̃# {GOLD: #tˈĩːmɑ̃ɾ̃ə#} | *#tˈiməɾ̃# {GOLD: >*} | *#tˈiməɾ# {GOLD: >*} | *#tˈiməɾ# {GOLD: #tˈiməɾ#}
1003   | #tˈeːɡulɑ# | *#tˈeːɡʊlɑ# | *#tˈeɡulɑ# | *#tˈeɡula# | *#tˈɛːɡula# | *#tˈie̯ɡulˠə# | *#tjˈɛɡulˠ# {GOLD: >*} | *#tjˈɛɡulˠ# {GOLD: >*} | *#tjˈɛɡulˠ# {GOLD: >*} | *#tjˈɛɡulˠ# {GOLD: #tjˈɛɡulˠ#}
1004   | ... | ... | ... | ... | ... | ... | #tˈɛmpl̩ˠ# {GOLD: #tˈɛmpl̩ˠ#} | *#tˈɛmpl̩ˠ# {GOLD: >*} | *#tˈɛmpl̩ˠ# {GOLD: >*} | *#tˈɛmpəɫ# {GOLD: #tˈɛmpulˠ#}
1005   | ... | ... | ... | ... | ... | ... | #tm̩plˈa# {GOLD: #tm̩plˈa#} | *#tm̩plˈa# {GOLD: >*} | *#tm̩plˈa# {GOLD: >*} | *#təmplˈa# {GOLD: #təmplˈa#}
1006   | #tˈendɑ# | *#tˈɛndɑ# | *#tˈɛndɑ# | *#tˈɛnda# | *#tˈɛ̃nda# | *#tˈɛ̃nda# | *#tˈɛ̃ndə# {GOLD: #tˈɛ̃ndə#} | *#tˈɛ̃ndə# {GOLD: >*} | *#tˈɛndə# {GOLD: >*} | *#tˈɛndə# {GOLD: #tˈɛndə#}
1007   | #tˌerebˈellɑ# | *#tˌɛrɛβˈɛllɑ# | *#tˌɛrˈøːɛlːɑ# | *#tərˈøːɛlːa# | *#təɾˈœːlːa# | *#təɾˈye̯lːa# | *#təɾˈye̯lːə# {GOLD: >*} | *#təɾˈye̯lːə# {GOLD: >*} | *#tɾˈye̯lə# {GOLD: >*} | *#tɾˈye̯lə# {GOLD: #tuɾjˈɛlə#}
1008   | #tˌerebˈellɑ# | *#tˌɛrɛβˈɛllɑ# | *#tˌɛrˈøːɛlːɑ# | *#tərˈøːɛlːa# | *#təɾˈœːlːa# | *#təɾˈye̯lːa# | *#təɾˈye̯lːə# {GOLD: >*} | *#təɾˈye̯lːə# {GOLD: >*} | *#tɾˈye̯lə# {GOLD: >*} | *#tɾˈye̯lə# {GOLD: #tɾˈye̯lə#}
1009   | #tˌerrae̯mˈoːtum# | *#tˌɛrrɛmˈoːtʊ# | *#tˌɛrrɛmˈøtu# | *#tˌɛrrɪmˈøtu# | *#tɪɾɾmˈœtu# | *#tərːmˈɛtə# | *#tɾ̩mˈɛt# {GOLD: >*} | *#tɾ̩mˈɛt# {GOLD: >*} | *#tɾ̩mˈɛt# {GOLD: >*} | *#təɾmˈɛt# {GOLD: #təɾmˈɛt#}
1010   | #tˌerrˈɑːtikum# | *#tˌɛrrˈɑːtɪkʊ# | *#tˌɛrrˈɑtku# | *#tˌɛrrˈatku# | *#tɪɾɾˈatku# | *#tərːˈatkə# | *#tɾˈatk# {GOLD: >*} | *#tɾˈatk# {GOLD: >*} | *#tɾˈatk# {GOLD: >*} | *#tɾˈatk# {GOLD: #tɾˈatk#}
1011   | #tˈestiɑm# | *#tˈɛst͡ʃjɑ# | *#tˈɛst͡ʃjɑ# | *#tˈist͡ʃa# | *#tˈɛʃa# | *#tˈɛːʃa# | *#tˈɛːʃə# {GOLD: >*} | *#tˈɛːʃə# {GOLD: >*} | *#tˈɛʃə# {GOLD: >*} | *#tˈɛʃə# {GOLD: #tˈɛʃə#}
1012   | #ˌintˌestimˈɑːnioː# | *#ˌɪntˌɛstɪmˈɒːnju# | *#ˌentˌɛstemˈoɲu# | *#əntˌɛstmˈoɲu# | *#ə̃ntɪʃtmˈɔ̃ɲu# | *#ə̃ndəʃtmˈɔ̃ɲə# | *#ə̃ndəʃmˈɔ̃ɲ# {GOLD: >*} | *#ə̃ndəʃmˈɔ̃ɲ# {GOLD: >*} | *#dəʃmˈɔɲ# {GOLD: >*} | *#dəʃmˈɔj# {GOLD: #dəʃmˈɔj#}
1013   | #tˌiːmˈoːnem# | *#tˌimˈɒːnɛ# | *#tˌimˈonɛ# | *#tˌimˈonɪ# | *#tɪ̃mˈɔ̃ɾ̃ɪ# | *#tə̃mˈũo̯ɾ̃ə# | *#tmˈũo̯# {GOLD: #tˌĩmˈuo̯#} | *#tmˈũa̯# {GOLD: ...} | ... {GOLD: ...} | ... {GOLD: ...}
1014   | #tˌimˈoːrem# | *#tˌɪmˈoːrɛ# | *#tˌemˈørɛ# | *#tˌemˈørɪ# | *#tɪ̃mˈœɾɪ# | *#tə̃mˈye̯ɾə# | *#tmˈye̯ɾ# {GOLD: >*} | *#tmˈye̯ɾ# {GOLD: >*} | *#tmˈye̯ɾ# {GOLD: >*} | *#tmˈye̯ɾ# {GOLD: #tmˈɛr#}
1015   | #tˈiːnɑ# | *#tˈinɑ# | *#tˈinɑ# | *#tˈina# | *#tˈĩna# | *#tˈĩna# | *#tˈĩnə# {GOLD: >*} | *#tˈĩnə# {GOLD: >*} | *#tˈinə# {GOLD: >*} | *#tˈinə# {GOLD: #tˈinə#}
1016   | #tˈineɑ# | *#tˈɪnjɑ# | *#tˈeɲɑ# | *#tˈeɲa# | *#tˈẽɲa# | *#tˈɛ̃ɲa# | *#tˈɛ̃ɲə# {GOLD: >*} | *#tˈɛ̃ɲə# {GOLD: >*} | *#tˈɛɲə# {GOLD: >*} | *#tˈɛɲə# {GOLD: #tˈɛɲə#}
1017   | #tˈinkɑ# | *#tˈinkɑ# | *#tˈinkɑ# | *#tˈinka# | *#tˈĩnka# | *#tˈĩnɡa# | *#tˈĩŋɡə# {GOLD: >*} | *#tˈĩɲ̈ɡə# {GOLD: >*} | *#tˈiɲ̈ɡə# {GOLD: >*} | *#tˈiŋɡə# {GOLD: #tˈiŋɡə#}
1018   | #tˌinnˈunkulum# | *#tˈɪnnʊnkʊlʊ# | *#tˈinːunkulu# | *#tˈinːunkulu# | *#tˈĩnːnkulu# | *#tˈĩnːɡulˠə# | *#tˈĩŋɡulˠ# {GOLD: >*} | *#tˈĩɲ̈ɡulˠ# {GOLD: >*} | *#tˈiɲ̈ɡulˠ# {GOLD: >*} | *#tˈiŋɡulˠ# {GOLD: #tˈiŋɡulˠ#}
1019   | #tˈitulum# | *#tˈɪtʊlʊ# | *#tˈitulu# | *#tˈitulu# | *#tˈitulu# | *#tˈitulˠə# | *#tˈitulˠ# {GOLD: >*} | *#tˈitulˠ# {GOLD: >*} | *#tˈitulˠ# {GOLD: >*} | *#tˈitulˠ# {GOLD: #tˈitulˠ#}
1020   | #tˌokkˈɑːnioː# | *#tˌʊkkˈɒːnju# | *#tˌukkˈoɲu# | *#tˌukkˈoɲu# | *#tˌukˈɔ̃ɲu# | *#tˌukˈɔ̃ɲə# | *#tˌukˈɔ̃ɲ# {GOLD: >*} | *#tˌukˈɔ̃ɲ# {GOLD: >*} | *#tukˈɔɲ# {GOLD: >*} | *#tukˈɔj# {GOLD: #takˈɔj#}
1021   | #tˈorkulum# | *#tˈɒrkʊlʊ# | *#tˈorkulu# | *#tˈorkulu# | *#tˈɔɾkulu# | *#tˈɔːɾkulˠə# | *#tˈɔːɾkulˠ# {GOLD: >*} | *#tˈɔːɾkulˠ# {GOLD: >*} | *#tˈɔɾkulˠ# {GOLD: >*} | *#tˈɔɾkulˠ# {GOLD: #tˈɔɾkulˠ#}
1022   | #tˈornum# | *#tˈɒrnʊ# | *#tˈornu# | *#tˈornu# | *#tˈɔɾnu# | *#tˈɔːrːɐ# | *#tˈɔːrə# {GOLD: >*} | *#tˈɔːrə# {GOLD: >*} | *#tˈɔrə# {GOLD: >*} | *#tˈɔrə# {GOLD: #tˈɔrə#}
1023   | #tˈortɑ# | *#tˈɒrtɑ# | *#tˈortɑ# | *#tˈorta# | *#tˈɔɾta# | *#tˈɔːɾta# | *#tˈɔːɾtə# {GOLD: >*} | *#tˈɔːɾtə# {GOLD: >*} | *#tˈɔɾtə# {GOLD: >*} | *#tˈɔɾtə# {GOLD: #tˈɔɾtə#}
1024   | #trˈɑbezɑ# | *#trˈɑβɛzɑ# | *#trˈøːɛzɑ# | *#trˈøːɛza# | *#tɾˈœːza# | *#tɾˈye̯za# | *#tɾˈye̯zə# {GOLD: >*} | *#tɾˈye̯zə# {GOLD: >*} | *#tɾˈye̯zə# {GOLD: >*} | *#tɾˈye̯zə# {GOLD: #tɾˈye̯zə#}
1025   | #trˈɑbum# | *#trˈɑβʊ# | *#trˈɑβu# | *#trˈawu# | *#tɾˈaː# | *#tɾˈaː# | *#tɾˈaː# {GOLD: >*} | *#tɾˈaː# {GOLD: >*} | *#tɾˈa# {GOLD: >*} | *#tɾˈa# {GOLD: #tɾˈa#}
1026   | #trˌɑːdˈonioː# | *#trˌɑːdˈɒnju# | *#trˌɑdˈoɲu# | *#trˌaðˈoɲu# | *#tɾəˈɔ̃ːɲu# | *#tɾəˈũo̯ɲə# | *#tɾˈũːo̯ɲ# {GOLD: >*} | *#tɾˈũːa̯ɲ# {GOLD: >*} | *#tɾˈua̯ɲ# {GOLD: >*} | *#tɾˈua̯j# {GOLD: #tɾˈua̯j#}
1027   | #trˌɑiˌektˈorium# | *#trˌɑjˌɛktˈɒrjʊ# | *#trˌɑjˌɛktˈorju# | *#trˌajˌɛktˈoru# | *#tɾˌajɪktˈɔɾu# | *#tɾɐftˈaːɾə# | *#təftˈaːɾ# {GOLD: >*} | *#təftˈaːɾ# {GOLD: >*} | *#təftˈaɾ# {GOLD: >*} | *#təftˈaɾ# {GOLD: #taftˈaɾ#}
1028   | #trˌɑktˈɑːnioː# | *#trˌɑktˈɒːnju# | *#trˌɑçtˈoɲu# | *#trˌajtˈoɲu# | *#tɾˌajtˈɔ̃ɲu# | *#tɾˌajtˈɔ̃ɲə# | *#tɾˌajtˈɔ̃ɲ# {GOLD: >*} | *#tɾˌajtˈɔ̃ɲ# {GOLD: >*} | *#tɾajtˈɔɲ# {GOLD: >*} | *#tɾajtˈɔj# {GOLD: #tɾajtˈɔj#}
1029   | #trˈɑktɑ# | *#trˈɑktɑ# | *#trˈɑçtɑ# | *#trˈajta# | *#tɾˈajta# | *#tɾˈajta# | *#tɾˈajtə# {GOLD: >*} | *#tɾˈajtə# {GOLD: >*} | *#tɾˈajtə# {GOLD: >*} | *#tɾˈajtə# {GOLD: #tɾˈajtə#}
1030   | #trˌɑːnsflˈɑːnioː# | *#trˌɑːnsflˈɒːnju# | *#trˌɑsflˈoɲu# | *#trˌasflˈoɲu# | *#tɾˌaʃflˈɔ̃ɲu# | *#tɾˌaʃflˈɔ̃ɲə# | *#tɾˌaʃflˈɔ̃ɲ# {GOLD: >*} | *#tɾˌaʃflˈɔ̃ɲ# {GOLD: >*} | *#tɾaʃflˈɔɲ# {GOLD: >*} | *#tɾaʃflˈɔj# {GOLD: #tuɾfulˠˈɔj#}
1031   | #trˌɑːnsˌiɡˈonioː# | *#trˌɑːnsˌɪɡˈɒnju# | *#trˌɑseɡˈoɲu# | *#trˌasɪɡˈoɲu# | *#tɾˌaʃɪɡˈɔ̃ɲu# | *#tɾˌaʃəɡˈɔ̃ɲə# | *#tɾˌaʃəɡˈɔ̃ɲ# {GOLD: >*} | *#tɾˌaʃəɡˈɔ̃ɲ# {GOLD: >*} | *#tɾaʃəɡˈɔɲ# {GOLD: >*} | *#tɾaʃəɡˈɔj# {GOLD: #tɾaʃəɡˈɔj#}
1032   | #trˈiːbulum# | *#trˈiβʊlʊ# | *#trˈiβulu# | *#trˈiwulu# | *#tɾˈuə̯lu# | *#tɾˈuo̯lˠə# | *#tɾˈuo̯lˠ# {GOLD: #tɾˈuo̯lˠ#} | *#tɾˈua̯lˠ# {GOLD: >*} | *#tɾˈua̯lˠ# {GOLD: >*} | *#tɾˈua̯lˠ# {GOLD: #tɾˈua̯lˠ#}
1033   | #trˌɑːnsmˌediˈɑːnioː# | *#trˌɑːnsmˌɛd͡ʒjˈɒːnju# | *#trˌɑsmˌɛd͡ʒjˈoɲu# | *#trˌazmˌɛd͡ʒˈoɲu# | *#tɾˌazmɪzˈɔ̃ɲu# | *#tɾˌazməzˈɔ̃ɲə# | *#tɾˌazməzˈɔ̃ɲ# {GOLD: >*} | *#tɾˌazməzˈɔ̃ɲ# {GOLD: >*} | *#tɾazməzˈɔɲ# {GOLD: >*} | *#tɾazməzˈɔj# {GOLD: #tɾaməzˈɔj#}
1034   | #trˌifˈoliɑ# | *#trˌɪfˈɒʎɑ# | *#trˌefˈoʎɑ# | *#trɪfˈoʎa# | *#tɾɪfˈɔʎa# | *#tɾəfˈɔːʎa# | *#tɾ̩fˈɔːʎə# {GOLD: >*} | *#tɾ̩fˈɔːʎə# {GOLD: >*} | *#tɾ̩fˈɔjə# {GOLD: >*} | *#təɾfˈɔjə# {GOLD: #təɾfˈɔjə#}
1035   | #trˌifˈilium# | *#trˌɪfˈiʎʊ# | *#trˌefˈilːu# | *#trɪfˈilːu# | *#tɾɪfˈilːu# | *#tɾəfˈiːlːə# | *#tɾ̩fˈiːlː# {GOLD: >*} | *#tɾ̩fˈiːlː# {GOLD: >*} | *#tɾ̩fˈil# {GOLD: >*} | *#təɾfˈil# {GOLD: #təɾfˈil#}
1036   | #trˌifˈurkum# | *#trˌɪfˈʊrkʊ# | *#trˌefˈurku# | *#trɪfˈurku# | *#tɾɪfˈuɾku# | *#tɾəfˈuːɾkə# | *#tɾ̩fˈuːɾk# {GOLD: >*} | *#tɾ̩fˈuːɾk# {GOLD: >*} | *#tɾ̩fˈuɾk# {GOLD: >*} | *#təɾfˈuɾk# {GOLD: #təɾfˈuɾk#}
1037   | #trˌiːmeːnsˈɑːnɑm# | *#trˌimeːnsˈɑːnɑ# | *#trˌimesˈɑnɑ# | *#trˌimɪsˈana# | *#tɾə̃mɪʃˈãɾ̃a# | *#tɾə̃məʃˈãɾ̃a# | *#tɾə̃məʃˈʌ̃ɾ̃ə# {GOLD: #tɾˌiʃˈɑ̃ɾ̃ə#} | *#tɾə̃mʃˈə̃ɾ̃ə# {GOLD: >*} | *#tɾəmt͡ʃˈəɾə# {GOLD: >*} | *#tɾəmt͡ʃˈəɾə# {GOLD: #təɾʃˈəɾə#}
1038   | #trˈiːnɑ# | *#trˈinɑ# | *#trˈinɑ# | *#trˈina# | *#tɾˈĩna# | *#tɾˈĩna# | *#tɾˈĩnə# {GOLD: #tɾˈĩnə#} | *#tɾˈĩnə# {GOLD: >*} | *#tɾˈinə# {GOLD: >*} | *#tɾˈinə# {GOLD: #tɾˈinə#}
1039   | #trˈiːstem# | *#trˈistɛ# | *#trˈistɛ# | *#trˈistɪ# | *#tɾˈiʃtɪ# | *#tɾˈiːʃtə# | *#tɾˈiːʃt# {GOLD: >*} | *#tɾˈiːʃt# {GOLD: >*} | *#tɾˈiʃt# {GOLD: >*} | *#tɾˈiʃt# {GOLD: #tɾˈiʃt#}
1040   | #trˌuːdikulˈiːnioː# | *#trˌuːdɪkʊlˈinju# | *#trˌydekulˈiɲu# | *#trˌyðɪkulˈiɲu# | *#tɾˌyðɪkulˈĩɲu# | *#tɾˌykulˠˈĩɲə# | *#tɾ̩kulˠˈĩɲ# {GOLD: #tɾakulˠˈĩɲ#} | *#tɾ̩kulˠˈĩɲ# {GOLD: >*} | *#tɾ̩kulˠˈiɲ# {GOLD: >*} | *#təɾkulˠˈij# {GOLD: #tɾakulˠˈij#}
1041   | ... | ... | #trˈoktɑ# | *#trˈokta# | *#tɾˈɔkta# | *#tɾˈɔːfta# | *#tɾˈɔːftə# {GOLD: >*} | *#tɾˈɔːftə# {GOLD: >*} | *#tɾˈɔftə# {GOLD: >*} | *#tɾˈɔftə# {GOLD: #tɾˈɔftə#}
1042   | #trˈumbɑ# | *#trˈʊmbɑ# | *#trˈumbɑ# | *#trˈumba# | *#tɾˈũmba# | *#tɾˈũmba# | *#tɾˈũmbə# {GOLD: >*} | *#tɾˈũmbə# {GOLD: >*} | *#tɾˈumbə# {GOLD: >*} | *#tɾˈumbə# {GOLD: #tɾˈumbə#}
1043   | ... | #trˌumpiskˈɒːɲu# | *#trˌuskˈoe̯ɲu# | *#trˌuskˈoe̯ɲu# | *#tɾˌuʃkˈœ̃ːɲu# | *#tɾˌuʃkˈỹe̯ɲə# | *#tɾˌuʃkˈỹe̯ɲ# {GOLD: #tɾˌuʃkˈyø̯̃ɲ#} | *#tɾˌuʃkˈỹe̯ɲ# {GOLD: #tɾuʃkˈye̯ɲ#} | *#tɾuʃkˈye̯ɲ# {GOLD: >*} | *#tɾuʃcˈye̯j# {GOLD: #tɾuʃcˈye̯j#}
1044   | #trˈunkum# | *#trˈʊnkʊ# | *#trˈunku# | *#trˈunku# | *#tɾˈũnku# | *#tɾˈũnɡə# | *#tɾˈũŋɡ# {GOLD: >*} | *#tɾˈũɲ̈ɡ# {GOLD: >*} | *#tɾˈuɲ̈ɡ# {GOLD: >*} | *#tɾˈuŋɡ# {GOLD: #tɾˈuŋɡ#}
1045   | #tˌortiˈɑːnioː# | *#tˌʊrt͡ʃjˈɒːnju# | *#tˌurt͡ʃjˈoɲu# | *#tˌurt͡ʃˈøɲu# | *#tˌuɾsˈœ̃ɲu# | *#tˌuɾsˈɛ̃ɲə# | *#tˌuɾsˈɛ̃ɲ# {GOLD: >*} | *#tˌuɾsˈɛ̃ɲ# {GOLD: >*} | *#tuɾsˈɛɲ# {GOLD: >*} | *#tuɾsˈɛj# {GOLD: #tuɾʃˈɛj#}
1046   | #tˈubulɑ# | *#tˈʊβʊlɑ# | *#tˈuβulɑ# | *#tˈuula# | *#tˈula# | *#tˈuːlˠa# | *#tˈuːlˠə# {GOLD: >*} | *#tˈuːlˠə# {GOLD: #tˈuːlˠə#} | *#tˈulˠə# {GOLD: >*} | *#tˈulˠə# {GOLD: #tˈulˠə#}
1047   | #tˈufɑm# | *#tˈʊfɑ# | *#tˈufɑ# | *#tˈufa# | *#tˈufa# | *#tˈuːfa# | *#tˈuːfə# {GOLD: >*} | *#tˈuːfə# {GOLD: >*} | *#tˈufə# {GOLD: >*} | *#tˈufə# {GOLD: #tˈufə#}
1048   | #tˈumbɑ# | *#tˈʊmbɑ# | *#tˈumbɑ# | *#tˈumba# | *#tˈũmba# | *#tˈũmba# | *#tˈũmbə# {GOLD: >*} | *#tˈũmbə# {GOLD: >*} | *#tˈumbə# {GOLD: >*} | *#tˈumbə# {GOLD: #tˈumbə#}
1049   | #tˈumulum# | *#tˈʊmʊlʊ# | *#tˈumulu# | *#tˈumulu# | *#tˈũmulu# | *#tˈũmulˠə# | *#tˈũmulˠ# {GOLD: >*} | *#tˈũmulˠ# {GOLD: >*} | *#tˈumulˠ# {GOLD: >*} | *#tˈumulˠ# {GOLD: #tˈumulˠ#}
1050   | #tˈundoː# | *#tˈʊndu# | *#tˈundu# | *#tˈundu# | *#tˈũndu# | *#tˈũndə# | *#tˈũnd# {GOLD: >*} | *#tˈũnd# {GOLD: >*} | *#tˈund# {GOLD: >*} | *#tˈund# {GOLD: #tˈund#}
1051   | #tˈurbɑ# | *#tˈʊrbɑ# | *#tˈurbɑ# | *#tˈurba# | *#tˈuɾba# | *#tˈuːɾba# | *#tˈuːɾbə# {GOLD: >*} | *#tˈuːɾbə# {GOLD: >*} | *#tˈuɾbə# {GOLD: >*} | *#tˈuɾbə# {GOLD: #tˈuɾbə#}
1052   | #tˌurbˈɑːnioː# | *#tˌʊrbˈɒːnju# | *#tˌurbˈoɲu# | *#tˌurbˈoɲu# | *#tˌuɾbˈɔ̃ɲu# | *#tˌuɾbˈɔ̃ɲə# | *#tˌuɾbˈɔ̃ɲ# {GOLD: >*} | *#tˌuɾbˈɔ̃ɲ# {GOLD: #tˌuɾbˈɔ̃ɲ#} | *#tuɾbˈɔɲ# {GOLD: >*} | *#tuɾbˈɔj# {GOLD: #təɾbˈɔj#}
1053   | #tˌurbulˈɑːnioː# | *#tˌʊrbʊlˈɒːnju# | *#tˌurbulˈoɲu# | *#tˌurbulˈoɲu# | *#tˌuɾbulˈɔ̃ɲu# | *#tˌuɾbulˠˈɔ̃ɲə# | *#tˌuɾbulˠˈɔ̃ɲ# {GOLD: >*} | *#tˌuɾbulˠˈɔ̃ɲ# {GOLD: >*} | *#tuɾbulˠˈɔɲ# {GOLD: >*} | *#tuɾbulˠˈɔj# {GOLD: #tɾubulˠˈɔj#}
1054   | #tˈurbulum# | *#tˈʊrbʊlʊ# | *#tˈurbulu# | *#tˈurbulu# | *#tˈuɾbulu# | *#tˈuːɾbulˠə# | *#tˈuːɾbulˠ# {GOLD: >*} | *#tˈuːɾbulˠ# {GOLD: >*} | *#tˈuɾbulˠ# {GOLD: >*} | *#tˈuɾbulˠ# {GOLD: #tɾˈubulˠ#}
1055   | #tˈurmɑm# | *#tˈʊrmɑ# | *#tˈurmɑ# | *#tˈurma# | *#tˈuɾma# | *#tˈuːɾma# | *#tˈuːɾmə# {GOLD: >*} | *#tˈuːɾmə# {GOLD: >*} | *#tˈuɾmə# {GOLD: >*} | *#tˈuɾmə# {GOLD: #tˈuɾmə#}
1056   | ... | ... | ... | #tˈurpɛ# | *#tˈuɾpɛ# | *#tˈuːɾpə# | *#tˈuːɾp# {GOLD: >*} | *#tˈuːɾp# {GOLD: >*} | *#tˈuɾp# {GOLD: >*} | *#tˈuɾp# {GOLD: #tˈuɾp#}
1057   | #tˈurrem# | *#tˈʊrrɛ# | *#tˈurrɛ# | *#tˈurrɪ# | *#tˈuɾɾɪ# | *#tˈuːrːɐ# | *#tˈuːrə# {GOLD: >*} | *#tˈuːrə# {GOLD: >*} | *#tˈurə# {GOLD: >*} | *#tˈurə# {GOLD: #tˈurə#}
1058   | #tˈurturem# | *#tˈʊrtʊrɛ# | *#tˈurturɛ# | *#tˈurturɪ# | *#tˈuɾtuɾɪ# | *#tˈuːɾtuɾə# | *#tˈuːɾtuɾ# {GOLD: >*} | *#tˈuːɾtuɾ# {GOLD: >*} | *#tˈuɾtuɾ# {GOLD: >*} | *#tˈuɾtuɾ# {GOLD: #tˈuɾtulˠ#}
1059   | #t͡sˈikɑm# | *#t͡sˈikɑ# | *#θˈikɑ# | *#θˈika# | *#θˈika# | *#θˈika# | *#θˈikə# {GOLD: >*} | *#θˈikə# {GOLD: >*} | *#θˈikə# {GOLD: >*} | *#θˈikə# {GOLD: #θˈikə#}
1060   | #ˌunkˈɑːnioː# | *#ˌʊnkˈɒːnju# | *#ˌunkˈoɲu# | *#ˌuːnkˈoɲu# | *#ˌũnkˈɔ̃ɲu# | *#ˌũnɡˈɔ̃ɲə# | *#ˌũŋɡˈɔ̃ɲ# {GOLD: >*} | *#ˌũɲ̈ɡˈɔ̃ɲ# {GOLD: >*} | *#uɲ̈ɡˈɔɲ# {GOLD: >*} | *#uŋɡˈɔj# {GOLD: #uŋɡɾˈɔj#}
1061   | #ˌuːnktˈuːrɑ# | *#ˌuːnktˈuːrɑ# | *#ˌynktˈyrɑ# | *#ˌyːntˈyra# | *#ˌỹntˈyɾa# | *#ˌỹndˈyːɾa# | *#ˌỹndˈyːɾə# {GOLD: >*} | *#ˌỹndˈyːɾə# {GOLD: >*} | *#yndˈyɾə# {GOLD: >*} | *#yndˈyɾə# {GOLD: #yndˈyɾə#}
1062   | #upˈupɑ# | *#ʊpˈʊpɑ# | *#upˈupɑ# | *#pˈupa# | *#pˈupa# | *#pˈupa# | *#pˈupə# {GOLD: >*} | *#pˈupə# {GOLD: >*} | *#pˈupə# {GOLD: >*} | *#pˈupə# {GOLD: #pˈupə#}
1063   | #ˌurulˈiːnioː# | *#ˌʊrʊlˈinju# | *#ˌurulˈiɲu# | *#ˌuːrulˈiɲu# | *#ˌuɾəlˈĩɲu# | *#ˌuɾəlˈĩɲə# | *#ˌuɾəlˈĩɲ# {GOLD: >*} | *#ˌuɾəlˈĩɲ# {GOLD: >*} | *#uɾəlˈiɲ# {GOLD: >*} | *#uɾəlˈij# {GOLD: #uləɾˈij#}
1064   | #ˌutrˈiːnum# | *#ˌʊtrˈinʊ# | *#ˌutrˈinu# | *#ˌuːtrˈinu# | *#ˌutɾˈĩnu# | *#ˌutɾˈĩːnə# | *#ˌutɾˈĩː# {GOLD: #tuɾˈĩː#} | *#ˌutɾˈĩː# {GOLD: >*} | *#utɾˈi# {GOLD: >*} | *#utɾˈi# {GOLD: #tuɾˈi#}
1065   | #wˌɑɡˈɑːnioː# | *#wˌɑɡˈɒːnju# | *#wˌɑɡˈoɲu# | *#βˌaɡˈoɲu# | *#βˌɐɡˈɔ̃ɲu# | *#vˌɐɡˈɔ̃ɲə# | *#vˌəɡˈɔ̃ɲ# {GOLD: >*} | *#vˌəɡˈɔ̃ɲ# {GOLD: >*} | *#vəɡˈɔɲ# {GOLD: >*} | *#vəɡˈɔj# {GOLD: #vɛɡˈɔj#}
1066   | #wˈɑkum# | *#wˈɑkʊ# | *#wˈɑku# | *#βˈaku# | *#βˈaku# | *#vˈakə# | *#vˈak# {GOLD: >*} | *#vˈak# {GOLD: >*} | *#vˈak# {GOLD: >*} | *#vˈak# {GOLD: #vˈak#}
1067   | #wˌɑlˈenioː# | *#wˌɑlˈɛnju# | *#wˌɑlˈɛɲu# | *#βˌalˈɛɲu# | *#βlˈɛ̃ɲu# | *#vlˈɛ̃ɲə# | *#vlˈɛ̃ɲ# {GOLD: >*} | *#vlˈɛ̃ɲ# {GOLD: #vəlˈɛ̃ɲ#} | *#vlˈɛɲ# {GOLD: #vəlˈɛɲ#} | *#vlˈɛj# {GOLD: #vlˈɛj#}
1068   | ... | #wˌɑʎˈeːɲu# | *#wˌɑʎˈeɲu# | *#βˌaʎˈeɲu# | *#βˌɐʎˈẽɲu# | *#vˌɐʎˈɛ̃ɲə# | *#vˌəʎˈɛ̃ɲ# {GOLD: #vœʎˈɛ̃ɲ#} | *#vˌəʎˈɛ̃ɲ# {GOLD: >*} | *#vjˈɛɲ# {GOLD: #vəjˈɛɲ#} | *#vjˈɛj# {GOLD: #vjˈɛj#}
1069   | ... | #wˌɑʎˈɒːɲu# | *#wˌɑˈoe̯ɲu# | *#βˌaˈoe̯ɲu# | *#βəˈœ̃ːɲu# | *#vəˈỹe̯ɲə# | *#vˈỹːe̯ɲ# {GOLD: >*} | *#vˈỹːe̯ɲ# {GOLD: >*} | *#vˈye̯ɲ# {GOLD: >*} | *#vˈye̯j# {GOLD: #vˈye̯j#}
1070   | #wˈɑllem# | *#wˈɑllɛ# | *#wˈɑlːɛ# | *#βˈalːɪ# | *#βˈalːɪ# | *#vˈaːlːə# | *#vˈaːlː# {GOLD: >*} | *#vˈaːlː# {GOLD: >*} | *#vˈal# {GOLD: >*} | *#vˈal# {GOLD: #vˈal#}
1071   | #wˌɑlˈoːrɑ# | *#wˌɑlˈoːrɑ# | *#wˌɑlˈørɑ# | *#βˌalˈøra# | *#βlˈœɾa# | *#vlˈɛːɾa# | *#vlˈɛːɾə# {GOLD: >*} | *#vlˈɛːɾə# {GOLD: >*} | *#vlˈɛɾə# {GOLD: >*} | *#vlˈɛɾə# {GOLD: #vlˈɛɾə#}
1072   | #wˈɑpɑ# | *#wˈɑpɑ# | *#wˈɑpɑ# | *#βˈapa# | *#βˈapa# | *#vˈapa# | *#vˈapə# {GOLD: >*} | *#vˈapə# {GOLD: >*} | *#vˈapə# {GOLD: >*} | *#vˈapə# {GOLD: #vˈapə#}
1073   | #wˌeːlˈɑːtiɑ# | *#wˌeːlˈɑːt͡ʃjɑ# | *#wˌelˈɑt͡ʃjɑ# | *#βˌelˈet͡ʃa# | *#βlˈesa# | *#vlˈɛːsa# | *#vlˈɛːsə# {GOLD: >*} | *#vlˈɛːsə# {GOLD: >*} | *#vlˈɛsə# {GOLD: >*} | *#vlˈɛsə# {GOLD: #vlˈɛsə#}
1074   | #wˈeːlum# | *#wˈeːlʊ# | *#wˈelu# | *#βˈelu# | *#βˈelu# | *#vˈɛːlˠə# | *#vˈɛːlˠ# {GOLD: >*} | *#vˈɛːlˠ# {GOLD: >*} | *#vˈɛlˠ# {GOLD: >*} | *#vˈɛlˠ# {GOLD: #vˈɛl#}
1075   | #wˌenˈeːnɑm# | *#wˌɛnˈeːnɑ# | *#wˌɛnˈenɑ# | *#βˌɛnˈena# | *#βɪ̃ɾ̃ˈẽɾ̃a# | *#və̃ɾ̃ˈɛ̃ɾ̃a# | *#və̃ɾ̃ˈɛ̃ɾ̃ə# {GOLD: #vəɾ̃ˈɛ̃ɾ̃ə#} | *#və̃ɾ̃ˈɛ̃ɾ̃ə# {GOLD: >*} | *#vɾˈɛɾə# {GOLD: >*} | *#vɾˈɛɾə# {GOLD: #vɾˈɛɾə#}
1076   | #wˌenˈeːnum# | *#wˌɛnˈeːnʊ# | *#wˌɛnˈenu# | *#βˌɛnˈenu# | *#βɪ̃ɾ̃ˈẽɾ̃u# | *#və̃ɾ̃ˈɛ̃ːɾ̃ə# | *#və̃ɾ̃ˈɛ̃ːɾ̃# {GOLD: #vəɾ̃ˈɛ̃ɾ̃#} | *#və̃ɾ̃ˈɛ̃ːɾ̃# {GOLD: >*} | *#vɾˈɛɾ# {GOLD: #vəɾˈɛɾ#} | *#vɾˈɛɾ# {GOLD: #vɾˈɛɾ#}
1077   | #wˈenioː# | *#wˈɛnju# | *#wˈɛɲu# | *#βˈɛɲu# | *#βˈɛ̃ɲu# | *#vˈɛ̃ɲə# | *#vˈɛ̃ɲ# {GOLD: >*} | *#vˈɛ̃ɲ# {GOLD: >*} | *#vˈɛɲ# {GOLD: >*} | *#vˈɛj# {GOLD: #vˈij#}
1078   | #wˌentˌilˈɑːnioː# | *#wˌɛntˌɪlˈɒːnju# | *#wˌɛtˌilˈoɲu# | *#βɪtˌilˈoɲu# | *#βɪtɪlˈɔ̃ɲu# | *#ftəlˠˈɔ̃ɲə# | *#ftəlˠˈɔ̃ɲ# {GOLD: >*} | *#ftəlˠˈɔ̃ɲ# {GOLD: >*} | *#ftilˠˈɔɲ# {GOLD: >*} | *#ftilˠˈɔj# {GOLD: #ftilˠˈɔj#}
1079   | #wˈeːrɑ# | *#wˈeːrɑ# | *#wˈerɑ# | *#βˈera# | *#βˈeɾa# | *#vˈɛːɾa# | *#vˈɛːɾə# {GOLD: >*} | *#vˈɛːɾə# {GOLD: >*} | *#vˈɛɾə# {GOLD: >*} | *#vˈɛɾə# {GOLD: #vˈɛɾə#}
1080   | #wˌeːritˈɑːtem# | *#wˌeːrɪtˈɑːtɛ# | *#wˌertˈɑtɛ# | *#βˌertˈetɪ# | *#βɪɾtˈetɪ# | *#vəɾtˈɛtə# | *#vɾ̩tˈɛt# {GOLD: #vɾ̩tˈæt#} | *#vɾ̩tˈɛt# {GOLD: >*} | *#vɾ̩tˈɛt# {GOLD: >*} | *#vəɾtˈɛt# {GOLD: #vəɾtˈɛt#}
1081   | #wˌerrˈikulum# | *#wˌɛrrˈikʊlʊ# | *#wˌɛrrˈikulu# | *#βˌɛrrˈikulu# | *#βɪɾɾˈikulu# | *#vərːˈiɡulˠə# | *#vɾˈiɡulˠ# {GOLD: >*} | *#vɾˈiɡulˠ# {GOLD: >*} | *#vɾˈiɡulˠ# {GOLD: >*} | *#vɾˈiɡulˠ# {GOLD: #vɾˈiɡulˠ#}
1082   | #wˈersɑm# | *#wˈɛrsɑ# | *#wˈɛrsɑ# | *#βˈɛrsa# | *#βˈɛːɾʃa# | *#vˈie̯ɾʃa# | *#vjˈɛɾʃə# {GOLD: >*} | *#vjˈɛɾʃə# {GOLD: >*} | *#vjˈɛɾʃə# {GOLD: >*} | *#vjˈɛɾʃə# {GOLD: #vjˈɛɾʃə#}
1083   | #wˌersˈɑːnioː# | *#wˌɛrsˈɒːnju# | *#wˌɛrsˈoɲu# | *#βˌɛrsˈoɲu# | *#βəɾʃˈɔ̃ɲu# | *#vəɾʃˈɔ̃ɲə# | *#vɾ̩ʃˈɔ̃ɲ# {GOLD: >*} | *#vɾ̩ʃˈɔ̃ɲ# {GOLD: >*} | *#vɾ̩ʃˈɔɲ# {GOLD: >*} | *#vəɾʃˈɔj# {GOLD: #vəɾʃˈɔj#}
1084   | #wˌeskˈonioː# | *#wˌɛskˈɒnju# | *#wˌɛskˈojɲu# | *#βˌɛskˈojɲu# | *#βɪʃkˈɔj̃ɲu# | *#vəʃkˈɛ̃ɲə# | *#vəʃkˈɛ̃ɲ# {GOLD: >*} | *#vəʃkˈɛ̃ɲ# {GOLD: >*} | *#vəʃkˈɛɲ# {GOLD: >*} | *#vəʃcˈɛj# {GOLD: #uʃcˈɛj#}
1085   | #wˈeːskum# | *#wˈeːskʊ# | *#wˈesku# | *#βˈesku# | *#βˈeʃku# | *#vˈɛːʃkə# | *#vˈɛːʃk# {GOLD: >*} | *#vˈɛːʃk# {GOLD: >*} | *#vˈɛʃk# {GOLD: >*} | *#vˈɛʃk# {GOLD: #vˈɛʃk#}
1086   | #wˌeːssˈiːkɑm# | *#wˌeːssˈikɑ# | *#wˌessˈikɑ# | *#βɪssˈika# | *#βɪʃˈika# | *#fʃˈika# | *#fʃˈikə# {GOLD: >*} | *#fʃˈikə# {GOLD: >*} | *#fʃˈikə# {GOLD: >*} | *#fʃˈikə# {GOLD: #fʃˈikə#}
1087   | #ˌinwˌeːssˈiːkɑm# | *#ˌɪnwˌeːssˈikɑ# | *#ˌemˌessˈikɑ# | *#mɪssˈika# | *#mɪʃˈika# | *#məʃˈika# | *#məʃˈikə# {GOLD: >*} | *#məʃˈikə# {GOLD: >*} | *#məʃˈikə# {GOLD: >*} | *#məʃˈikə# {GOLD: #məʃˈikə#}
1088   | #wˌestiɡˈɑːnioː# | *#wˌɛstɪɡˈɒːnju# | *#wˌɛsteɡˈoɲu# | *#βˌɛstɡˈoɲu# | *#βɪʃtɡˈɔ̃ɲu# | *#vəʃtɡˈɔ̃ɲə# | *#vəʒɡˈɔ̃ɲ# {GOLD: >*} | *#vəʒɡˈɔ̃ɲ# {GOLD: >*} | *#vəʒɡˈɔɲ# {GOLD: #vəʃɡˈɔj#} | *#vəʒɡˈɔj# {GOLD: #vəʒɡˈɔj#}
1089   | #wˈestioː# | *#wˈɛst͡ʃju# | *#wˈɛst͡ʃju# | *#βˈɛst͡ʃu# | *#βˈɛʃu# | *#vˈɛːʃə# | *#vˈɛːʃ# {GOLD: >*} | *#vˈɛːʃ# {GOLD: >*} | *#vˈɛʃ# {GOLD: >*} | *#vˈɛʃ# {GOLD: #vˈɛʃ#}
1090   | #wˈeterem# | *#wˈɛtɛrɛ# | *#wˈɛtɛrɛ# | *#βˈɛtɪrɪ# | *#βˈɛːtɪɾɪ# | *#vˈie̯təɾə# | *#vjˈɛtɾ̩# {GOLD: #vjˈɛtɾ̩#} | *#vjˈɛtɾ̩# {GOLD: >*} | *#vjˈɛtɾ̩# {GOLD: >*} | *#vjˈɛtəɾ# {GOLD: #vjˈɛtəɾ#}
1091   | #wˈiɑ# | *#wˈɪɑ# | *#wˈijɑ# | *#βˈija# | *#βˈija# | *#vˈija# | *#vˈijə# {GOLD: >*} | *#vˈijə# {GOLD: >*} | *#vˈijə# {GOLD: >*} | *#vˈijə# {GOLD: #vˈijə#}
1092   | #wˌiɡˈiliɑj# | *#wˌɪɡˈiʎɑj# | *#wˌiɡˈijlɑj# | *#βˌiɟˈijlaj# | *#βɪɟˈilaj# | *#vəɟˈiːlˠaj# | *#vəɟˈiːlˠɛː# {GOLD: >*} | *#vəɟˈiːlˠɛː# {GOLD: >*} | *#vəɟˈilˠɛ# {GOLD: >*} | *#vəɟˈilˠɛ# {GOLD: #vəɟˈilˠɛ#}
1093   | #inwˌiɡˈiliɑj# | *#ɪnwˌɪɡˈiʎɑj# | *#emeɡˈijlɑj# | *#mɪ̃ɟˈijlaj# | *#mə̃nɟˈilaj# | *#mə̃nɟˈiːlˠaj# | *#mə̃ɲɟˈiːlˠɛː# {GOLD: #mn̩ɟˈilˠɛ#} | *#mə̃ɲɟˈiːlˠɛː# {GOLD: >*} | *#məɲɟˈilˠɛ# {GOLD: >*} | *#məɲɟˈilˠɛ# {GOLD: #məɲɟˈilˠɛ#}
1094   | #wˈikiɑ# | *#wˈikjɑ# | *#wˈikjɑ# | *#βˈicja# | *#βˈicja# | *#vˈicja# | *#vˈicɛ# {GOLD: >*} | *#vˈicɛ# {GOLD: >*} | *#vˈicɛ# {GOLD: >*} | *#vˈicɛ# {GOLD: #vˈicə#}
1095   | #wˌiːkˈiːnum# | *#wˌikˈinʊ# | *#wˌikˈinu# | *#βˌicˈinu# | *#βɪcˈĩnu# | *#fcˈĩːnə# | *#fcˈĩː# {GOLD: #fcˈĩɲ#} | *#fcˈĩː# {GOLD: >*} | *#fcˈi# {GOLD: >*} | *#fcˈi# {GOLD: #fcˈi#}
1096   | #wˌiktˈoriɑ# | *#wˌɪktˈɒrjɑ# | *#wˌeçtˈorjɑ# | *#βˌejtˈorja# | *#βˌiːtˈɔɾja# | *#vˌiːtˈɔːɾja# | *#vˌiːtˈɔːɾɛ# {GOLD: >*} | *#vˌiːtˈɔːɾɛ# {GOLD: >*} | *#vitˈɔɾɛ# {GOLD: >*} | *#vitˈɔɾɛ# {GOLD: #vitˈɔɾɛ#}
1097   | #wˈiktuɑːliɑ# | *#wˈiktwɑːʎɑ# | *#wˈiçtwɑʎɑ# | *#βˈijtaʎa# | *#βˈitɐʎa# | *#vˈitɐʎa# | *#vˈitəʎə# {GOLD: >*} | *#vˈitəʎ# {GOLD: >*} | *#vˈitəj# {GOLD: >*} | *#vˈitəj# {GOLD: #viɟˈɛ#}
1098   | #wˈiːllɑ# | *#wˈillɑ# | *#wˈilːɑ# | *#βˈilːa# | *#βˈilːa# | *#vˈiːlːa# | *#vˈiːlːə# {GOLD: #vˈilə#} | *#vˈiːlːə# {GOLD: >*} | *#vˈilə# {GOLD: >*} | *#vˈilə# {GOLD: #vˈilə#}
1099   | #wˌiːneˈɑːlum# | *#wˌinjˈɑːlʊ# | *#wˌiɲˈɑlu# | *#βˌiɲˈalu# | *#βˌĩːɲˈalu# | *#vˌĩːɲˈaːlˠə# | *#vˌĩːɲˈaːlˠ# {GOLD: >*} | *#vˌĩːɲˈaːlˠ# {GOLD: >*} | *#viɲˈalˠ# {GOLD: >*} | *#viɲˈalˠ# {GOLD: #viɲˈalˠ#}
1100   | #ˌinwˌiɡˈilium# | *#ˌɪnwˌɪɡˈiʎʊ# | *#ˌemeɡˈijlu# | *#mɪ̃ɟˈijlu# | *#mə̃nɟˈilu# | *#mə̃nɟˈiːlˠə# | *#mə̃ɲɟˈiːlˠ# {GOLD: #mn̩ɟˈilˠ#} | *#mə̃ɲɟˈiːlˠ# {GOLD: >*} | *#məɲɟˈilˠ# {GOLD: >*} | *#məɲɟˈilˠ# {GOLD: #məɲɟˈilˠ#}
1101   | #wˈirɡinem# | *#wˈɪrɡɪnɛ# | *#wˈirɡenɛ# | *#βˈirɟɑ̃ɾ̃ɪ# | *#βˈiɾɟɐɾ̃ɪ# | *#vˈiːɾɟɐɾ̃ə# | *#vˈiːɾɟəɾ̃# {GOLD: #vˈiɾɟə̃ɾ̃ə#} | *#vˈiːɾɟəɾ̃# {GOLD: >*} | *#vˈiɾɟəɾ# {GOLD: #vˈəɾɟəɾə#} | *#vˈiɾɟəɾ# {GOLD: #vˈiɾɟəɾ#}
1102   | #wˌirɡˈɑːnum# | *#wˌɪrɡˈɑːnʊ# | *#wˌirɡˈɑnu# | *#βˌirɡˈanu# | *#βəɾɡˈãɾ̃u# | *#vəɾɡˈãɾ̃ə# | *#vɾ̩ɡˈʌ̃ɾ̃# {GOLD: #vˌɾ̩ɡˈɑ̃ɾ̃#} | *#vɾ̩ɡˈə̃ɾ̃# {GOLD: >*} | *#vˈɾ̩ɡəɾ# {GOLD: #vˈəɾɡəɾə#} | *#vˈəɾɡəɾ# {GOLD: #vˈaɾɡəɾ#}
1103   | #wˈiridɑm# | *#wˈɪrɪdɑ# | *#wˈerdɑ# | *#βˈerða# | *#βˈeɾða# | *#vˈɛːɾða# | *#vˈɛːɾðə# {GOLD: >*} | *#vˈɛːɾðə# {GOLD: >*} | *#vˈɛɾðə# {GOLD: >*} | *#vˈɛɾðə# {GOLD: #vjˈɛɾðə#}
1104   | #wˈiridem# | *#wˈɪrɪdɛ# | *#wˈerdɛ# | *#βˈerðɪ# | *#βˈeɾðɪ# | *#vˈɛːɾðə# | *#vˈɛːɾð# {GOLD: #vˈɛɾð#} | *#vˈɛːɾð# {GOLD: >*} | *#vˈɛɾð# {GOLD: >*} | *#vˈɛɾð# {GOLD: #vˈɛɾð#}
1105   | #wˌirtˈuːtem# | *#wˌɪrtˈuːtɛ# | *#wˌertˈytɛ# | *#βˌertˈytɪ# | *#βɪɾtˈytɪ# | *#vəɾtˈytə# | *#vɾ̩tˈyt# {GOLD: #vˌɾ̩tˈyt#} | *#vɾ̩tˈyt# {GOLD: >*} | *#vɾ̩tˈyt# {GOLD: >*} | *#vəɾtˈyt# {GOLD: #vəɾtˈyt#}
1106   | #wˌisitˈɑːnioː# | *#wˌɪsɪtˈɒːnju# | *#wˌestˈoɲu# | *#βɪstˈoɲu# | *#βɪʃtˈɔ̃ɲu# | *#vəʃtˈɔ̃ɲə# | *#vəʃtˈɔ̃ɲ# {GOLD: >*} | *#vəʃtˈɔ̃ɲ# {GOLD: >*} | *#vəʃtˈɔɲ# {GOLD: >*} | *#vəʃtˈɔj# {GOLD: #vəʃtˈɔj#}
1107   | #wˈistulum# | *#wˈɪstʊlʊ# | *#wˈestulu# | *#βˈestulu# | *#βˈeʃtulu# | *#vˈɛːʃtulˠə# | *#vˈɛːʃtulˠ# {GOLD: >*} | *#vˈɛːʃtulˠ# {GOLD: >*} | *#vˈɛʃtulˠ# {GOLD: >*} | *#vˈɛʃtulˠ# {GOLD: #vˈɛʃtulˠ#}
1108   | #wˈiskum# | *#wˈɪskʊ# | *#wˈesku# | *#βˈesku# | *#βˈeʃku# | *#vˈɛːʃkə# | *#vˈɛːʃk# {GOLD: >*} | *#vˈɛːʃk# {GOLD: >*} | *#vˈɛʃk# {GOLD: >*} | *#vˈɛʃk# {GOLD: #vˈɛʃk#}
1109   | #wˈitium# | *#wˈɪt͡ʃjʊ# | *#wˈet͡ʃju# | *#βˈet͡ʃu# | *#βˈesu# | *#vˈɛːsə# | *#vˈɛːs# {GOLD: >*} | *#vˈɛːs# {GOLD: >*} | *#vˈɛs# {GOLD: >*} | *#vˈɛs# {GOLD: #vˈɛs#}
1110   | #wˌitˈuleɑ# | *#wˌɪtˈʊʎɑ# | *#wˌetˈuʎɑ# | *#βɪtˈuʎa# | *#βɪtˈuʎa# | *#ftˈuːʎa# | *#ftˈuːʎə# {GOLD: >*} | *#ftˈuːʎə# {GOLD: #fətˈuʎə#} | *#ftˈujə# {GOLD: >*} | *#ftˈujə# {GOLD: #ftˈujə#}
1111   | ... | ... | #βˈitreku# | *#βˈitrɪku# | *#βˈitɾɪku# | *#vˈitɾəkə# | *#vˈitɾ̩k# {GOLD: >*} | *#vˈitɾ̩k# {GOLD: #vˈitɾuk#} | *#vˈitɾ̩k# {GOLD: >*} | *#vˈitəɾk# {GOLD: #vˈitəɾk#}
1112   | #wˌittˈulɑ# | *#wˌɪttˈʊlɑ# | *#wˌettˈulɑ# | *#βˌettˈula# | *#βˌɛːtˈula# | *#vˌɛːtˈuːlˠa# | *#vˌɛːtˈuːlˠə# {GOLD: >*} | *#vˌɛːtˈuːlˠə# {GOLD: >*} | *#vɛtˈulˠə# {GOLD: >*} | *#vɛtˈulˠə# {GOLD: #vɛtˈulˠə#}
1113   | #wˌiːwˈonioː# | *#wˌiwˈɒnju# | *#wˈiwoɲu# | *#βˈiwoɲu# | *#βˈuə̯̃ɲu# | *#vˈuõ̯ɲə# | *#vˈuõ̯ɲ# {GOLD: #wˈuo̯j#} | *#vˈuã̯ɲ# {GOLD: >*} | *#vˈua̯ɲ# {GOLD: >*} | *#vˈua̯j# {GOLD: #vˈua̯j#}
1114   | #wˈolɑ# | *#wˈɒlɑ# | *#wˈolɑ# | *#βˈola# | *#βˈɔla# | *#vˈɔːlˠa# | *#vˈɔːlˠə# {GOLD: #wˈɔlˠə#} | *#vˈɔːlˠə# {GOLD: >*} | *#vˈɔlˠə# {GOLD: >*} | *#vˈɔlˠə# {GOLD: #vˈalˠə#}
1115   | #wˈolpulum# | *#wˈɒlpʊlʊ# | *#wˈolpulu# | *#βˈolpulu# | *#βˈɔlpulu# | *#vˈɔːlpulˠə# | *#vˈɔːlˠpulˠ# {GOLD: #wˈɔlpulˠ#} | *#vˈɔːlˠpulˠ# {GOLD: ...} | ... {GOLD: ...} | ... {GOLD: ...}
1116   | #wˌoluntˈɑːtem# | *#wˌʊlʊntˈɑːtɛ# | *#wˌuluntˈɑtɛ# | *#βˌuluntˈetɪ# | *#βˌulə̃ntˈetɪ# | *#vˌulˠə̃ndˈɛtə# | *#vˌulˠə̃ndˈɛt# {GOLD: #vˌulˠn̩tˈæt#} | *#vˌulˠə̃ndˈɛt# {GOLD: #vulˠəndˈɛt#} | *#vulˠndˈɛt# {GOLD: >*} | *#vulˠnˈɛt# {GOLD: #vulˠnˈɛt#}
1117   | #wˈoːmis# | *#wˈɒmɪ# | *#wˈomɪ# | *#βˈomɪ# | *#βˈɔ̃mɪ# | *#vˈɔ̃mə# | *#vˈɔ̃m# {GOLD: >*} | *#vˈɔ̃m# {GOLD: >*} | *#vˈɔm# {GOLD: >*} | *#vˈɔm# {GOLD: #ˈumb#}
1118   | #wˌulnerˈɑːtɑ# | *#wˌʊlnɛrˈɑːtɑ# | *#wˌulːɛrˈɑtɑ# | *#βˌulːɪrˈata# | *#βˌulːəɾˈata# | *#vˌulːəɾˈata# | *#vˌuɾəɾˈatə# {GOLD: >*} | *#vˌuɾˈatə# {GOLD: >*} | *#vuɾˈatə# {GOLD: >*} | *#vuɾˈatə# {GOLD: #vurˈatə#}