INPUT,/ˌɑbˌerrˈɑːnioː/,/ˌɑbiˈeːɡnum/,/ˌɑbiˈeːɡneɑ/,{ABSENT},{ABSENT},{ABSENT},/ˌɑdˌoːrˈɑːnioː/,{ABSENT},/ˈɑːeːr/,/ˌae̯rˈɑːmen/,/ˌae̯stimˈɑːnioː/,/ˈae̯tɑːtɑ/,/ˈae̯wa/,/ˌɑːkˈinɡem/,/ˌɑkkˈipitum/,/ˌɑkkˈipitrem/,/ˌɑksˈunɡiɑ/,/ˈɑlbɑnum/,/ˌɑlbɑːnˈensum/,/ˈɑlium/,{ABSENT},{ABSENT},/ˌɑmbipˌɑtˈiːnum/,/ˌɑmbulˈɑːnioː/,/ˌɑmˈyndolɑ/,/ˌɑmˈiːkum/,/ˈɑmitɑm/,/ˌɑmˈurɡɑ/,{ABSENT},{ABSENT},/ˌɑnɡʷˈiːllɑm/,/ˌɑnɡˈustum/,/ˌɑnɡustˈɑːnioː/,/ˌɑntˈoːnium/,/ˌɑnˈullɑm/,/ˌɑppˌɑrɑmˈentum/,/ˌɑprˈiːlem/,/ˈɑptum/,/ˌɑrˈeːnɑm/,/ˌɑrɡˈentum/,/ˈɑrmɑ/,/ˌɑrmˈɑːnioː/,/ˌɑrmˈɑːtɑ/,/ˌɑrmˌissˈɑːrium/,/ˌɑrrˌiːwˈɑːnioː/,/ˈɑrkum/,/ˈɑrkɑm/,/ˈɑskulɑ/,/ˌɑspˈɑrɑɡum/,/ˈɑsper/,/ˌɑːwˈentum/,{ABSENT},/ˌɑwɡˈustum/,/ˌɑwreˈolum/,/ˈɑwrum/,/ˌɑwˈunkulum/,/bˈɑlsɑmum/,/bˈɑlneɑ/,/bˌɑrˈɑtʰrum/,/bˈɑrkɑm/,/bˌɑrˈoːnem/,/bˌɑttuˈɑːliɑm/,/bˌɑttuˈɑːliɑm/,/bˌenediːkˈonioː/,/bˈeːstiɑm/,/bˌiːnˈɑːrium/,/bˈolɑ/,/brˈɑːkae̯/,/brˈokkɑ/,/brˈoːtɑskɑm/,/brˈoːskɑm/,/brˈuːmɑm/,/bˌubulkˈeːnsum/,/bˌubˈulkum/,/bˌubˈulkiː/,/bˈuːfum/,/bˈullɑm/,/bˈukkɑm/,/bˈuksum/,/bˈurɡum/,/bˈuttem/,/dˈae̯monem/,/dˌɑmnˈɑːnioː/,/dˈɑmnum/,/dˌeːbitˈɑːnioː/,/dˌeːbitˈoːrem/,/dˌeːbitˌoːrˈitium/,/dˌeːbitˈuːrɑm/,/dˌeːlˌiːberˈɑːnioː/,/dˌeːkˌɑptˈɑːnioː/,/dˌeːpˌenetrˈɑːnioː/,/dˌeːpˌositˈɑːnioː/,/dˌeːrˌɑːmˈɑːnioː/,/dˌeːsˌiːderˈɑːnioː/,/dˌeːsˌiːdˈeriɑm/,{ABSENT},/diˈɑːnɑ/,/dˌiɡitˈɑːnioː/,/dˈiɡniɑ/,/dˌiːriɡˈɑːnioː/,/dˌiːrˈeːktum/,/dis/,/dˌiskˌɑbɑllikˈɑːnioː/,/dˌiskˌɑrrikˈɑːnioː/,/dˈiskɑ/,/dˌiskʷˌiritˈɑːnioː/,/dˌiswˌeːlˈɑːnioː/,/mˌodestikˈɑːnioː/,/dˌolˈoːrem/,/edˌoːnˈɑːnioː/,/drˈɑkiː/,/drˌɑnkˈoːnem/,/drˈiːnum/,/drˌiwˈɑstum/,/dˈukem/,/dˌuplikˈɑːnioː/,{ABSENT},/ˌeːdˌiktˈɑːnioː/,{ABSENT},/ˌekkum/,/ˌeksˈɑːminɑ/,/ˌeksˌɑmputˈɑːnioː/,/ˌeksˌɑnimˈɑːnioː/,/ˌeksˈemplum/,/ˌekshonorˈɑːnioː/,/ˌeksˈiɡnioː/,/ˌekskˌɑbɑllikˈɑːnioː/,/ˌekskˌɑlˈɑːnioː/,/ˌekskˌɑmbiˈɑːnioː/,/ˌekskˌɑndˈeːnioː/,/ˌekskˌɑrdiˈɑːnioː/,/ˌekskˌɑrptˈɑːnioː/,/ˌekskˌɑtʰedrˈɑːnioː/,/ˌekskˌɑwdikˈɑːnioː/,/ˌekskˈipiː/,/ˌekskˈubuloː/,/ˌekskˌurtˈɑːnioː/,/ˌekskˈurtum/,{ABSENT},/ˌeksˈossum/,/ˌekspˌediːtˈɑːnioː/,/ˌekspˌedˈiːtum/,/ˌekspˌellɑwˈɑːnioː/,/ˌekspˌerlɑwˈɑːnioː/,/ˌeksrˌiːmˈɑːnioː/,/ˌekstˌenuˈɑːnioː/,/ˌekstrˈuːdoː/,/ˌeksˌunɡulˈɑːnioː/,/ˌekswˌiɡilˈɑːnioː/,{ABSENT},{ABSENT},{ABSENT},{ABSENT},{ABSENT},/ˌeːrˌɑːdikˈɑːnioː/,{ABSENT},/ˌeːrˈiːkium/,/rˌewˈiliɑ/,/ˈeːskɑm/,{ABSENT},{ABSENT},/fˈɑbrikɑ/,/fˌɑbrikˈɑːnioː/,/fˈɑːɡum/,/fˌɑlliˈeːnioː/,/fˌɑllˈeːnioː/,/fˈɑllium/,{ABSENT},/fˌɑlkˈiːneɑ/,/fˌɑlkˈoːnem/,/fˈɑkieːs/,/fˌɑktˈuːrɑm/,/fˈɑːmɑ/,/fˌɑmˈiliɑm/,/fˈɑmulum/,{ABSENT},/fˌɑːrinˈɑːnioː/,/fˌɑːrinˈɑːtɑ/,/fˈɑrmɑkum/,/fˈɑskiɑm/,/fˌiːleːˈolɑm/,/fˈɑːtum/,/fˌɑwˈɑliɑm/,/fˌebrˈɑːrium/,/fˈeːminɑm/,/fˌenˈestrɑm/,/fˌerrˈuskɑm/,{ABSENT},/fˌidˈɑːnioː/,/fˈiːkum/,/fˌiːliˈɑːnum/,/fˈilikɑm/,/fˌiliˈɑster/,/fˌilikˈeːtum/,/fˈiːlum/,/fˌiriɡilˈiːnum/,/fˌissˈikulɑ/,/fˌistulˈɑːnioː/,/flˈɑkulɑ/,/flˈɑkulɑ/,/flˈɑːminɑ/,{ABSENT},/flˈokkum/,/flˌorˈiːnum/,/flˌuktulˈɑːnioː/,/fˌoliˈɑːtɑm/,/fˌoːrmˈellɑm/,/fˈornikem/,/fˌornikˈiːɑ/,/fˈortem/,/fˌortˈuːnɑm/,/fˈossɑ/,/fˌossˈɑːtum/,/frˈɑksinum/,{ABSENT},{ABSENT},/frˈeːnɑ/,/frˈeːnum/,/frˌiːɡˈonioː/,/frˌiːɡulˈɑːnioː/,/frˌikˈɑːnioː/,/flˌiktˈɑːriɑm/,/frˈuːktum/,/fˌulkˈiːɑ/,{ABSENT},/fˈundum/,/fˈurkɑm/,/fˈurnum/,/fˈuskinɑm/,/fˌuskinˈɑːrium/,/fˈustulum/,/fˈutuoː/,/ɡˈɑlbinum/,/ɡˈɑlɡulum/,/ɡˌɑllinˈɑːtiɑ/,/ɡˈɑlliː/,/ɡˈɑttɑ/,/ɡˈɑttum/,/ɡˈɑwdium/,/ɡˌɑwdiumˈentum/,/ɡˌemˈonioː/,{ABSENT},/ɡˈenistrɑm/,/ɡˈentem/,{ABSENT},{ABSENT},/ɡlˈemum/,/lˈiːrem/,/ɡlˌomerˈɑːtɑ/,/ɡrˈae̯kum/,{ABSENT},/ɡrˈɑːtum/,/ɡrˈeɡem/,/ɡrˈemium/,/ɡrˌuˈillɑm/,/ɡrˌuːmulˈɑːnio/,/ɡrˈuːmulum/,/ɡrˈyːpsam/,/ɡˈulɑm/,/ɡˈummɑ/,/ɡˈunnɑm/,/ɡˈuttɑm/,/ɡˈyːrum/,/hˌɑstˈiːliɑ/,/hˌibernˈiːnum/,/hˌibˌernˈiːdiɑ/,/hˌinnˈikulɑ/,/hˌinnikulˈɑːnioː/,/hˌernidzˈɑːnioː/,/hˈoːrɑm/,/hˌorrˈeːnioː/,/iˈɑːnuum/,{ABSENT},/iˌeiuːnˈɑːnioː/,{ABSENT},/ˈiːliɑ/,/ˈiːlikem/,{ABSENT},/ˌimpɑrˈɑːnioː/,/ˌimpˌerɑːtˈissɑm/,/pˌerɑːntˈissɑm/,/ˌimpˌerˌɑːtˈoːrem/,/pˌerɑːntˈoːrem/,/ˌimperˌɑːtoːrˈissɑm/,/ˌimperˈɑːtum/,{ABSENT},/ˌimplˌɑntˈɑːnioː/,/ˌimplˈeːnioː/,/ˌimmˈuːne/,/ˌinˈɑltɑ/,/ˌinˌɑltiˈɑːnioː/,/ˌinˈɑltum/,/ˌinˌɑwritˈɑːnioː/,/inbˌoreˈɑːnum/,/ˌindˌeːspikˈɑːnioː/,{ABSENT},/ˌindˌikˈonioː/,/ˌindˌiktˈɑːnioː/,/ˌindˌireːktˈɑːnioː/,/ˌindˌirˈeːktioː/,{ABSENT},/ˌinfˌɑskiˈɑːnioː/,/ˌiːnfˈernum/,/ˌinɡɑnniˈeːnioː/,/ˌinɡrˈɑːtɑm/,/ˌinimˈiːkum/,/ˌinkˌɑbɑllikˈɑːnioː/,/ˌinkˌɑrrikˈɑːnioː/,/ˌinkˌɑwsinˈɑːnioː/,/ˌinkonɡˌyːrˈɑːnioː/,/ˌinkˌonsoːlˈɑːnioː/,/ˌinkʰˈordoː/,/kˈudem/,/kˈudinem/,/ˌinkˌuneˈɑːnioː/,/ˌinnˈokʷum/,/ˌinˈoffulɑm/,{ABSENT},/inpˌensˈɑːnioː/,/ˌinsˈiɡniɑm/,/ˈiːnsulɑm/,/ˌintˌelliɡˈonioː/,/ˌintˌeɡrˈɑːnio/,/ˌinter/,/ˌintinɡiˈonioː/,/ˌinwˌernˈɑːliɑ/,/ˌinwˈernum/,/ˌinwˌidiˈɑːnioː/,/wˌiːtˈɑːnioː/,/ˌinwˌitiˈɑːnioː/,{ABSENT},{ABSENT},/ˈiːrɑ/,/iˌuːdikˈɑːnioː/,/iˌuːdikˈɑːtɑm/,/iˌuːdˈikium/,/iˌuːnktˈuːrɑm/,/iˈuːnktum/,/iˌuːrˈɑːnioː/,/iˌuwˈenkɑm/,/kˈae̯kɑ/,/kˈae̯lum/,/kˌɑlɑmˈeːtum/,/kˈɑlɑmum/,{ABSENT},/kˌɑlendˈɑːrium/,/kˈɑlikem/,/kˌɑlkˈɑːriɑm/,/kˈɑlliː/,/kˈɑmbɑ/,/kˌɑmbiˈɑːnioː/,/kˈɑmerɑ/,/kˌɑmpˈɑːnɑ/,{ABSENT},/kˌɑmˈisiɑm/,/kˈɑnɑpem/,/kˌɑndˈeːlɑm/,/kˈɑnem/,/kˈɑnnɑ/,/kˌɑnnˈɑːtɑm/,/kˌɑnnˈeːtum/,/kˌɑntˈɑːnioː/,/kˈɑntʰɑrum/,/kˈɑntikɑm/,/kˌɑntikˈellum/,/kˌɑppˈellɑ/,/kˌɑpreˈolum/,/kˌɑpissˈɑːtɑm/,/kˌɑpissˈonioː/,/kˌɑpˈistrum/,/kˌɑpitˈiːnɑ/,/kˌɑːpˈoːnem/,/kˈɑpreum/,/kˈɑptiː/,/kˈɑriem/,/kˌɑrpˈutioː/,{ABSENT},/kˌɑrminˈɑːnioː/,/kˈɑrrɑ/,/kˈɑrriː/,/kˌɑrrˌiːkulˈɑːnioː/,/kˌɑrsˈɑːnɑm/,/kʰˈɑrtɑm/,/kˈɑsinɑ/,/kˌɑstˈɑneɑm/,/kˌɑstɑnˈettum/,/kˌɑstˈellɑm/,/kˌɑstˈellum/,{ABSENT},{ABSENT},{ABSENT},/kˈentiː/,/kˈentrum/,/kˌentrˈɑːnioː/,/kˈeːpɑ/,/kˌeːpˈullɑ/,/kˌerɑsiˈɑːrium/,/kˌerebˈellum/,/kˌerˈebrum/,/kˈerrum/,/kʰˌersˈydrɑ/,/kˌertˈɑːnioː/,/kiˈeːnioː/,/inkˌiːkˈɑːlɑ/,/kˈikerem/,/kˌikʰˈoreːɑ/,/kˈiːmikɑm/,/kˌiːmˈussɑm/,/kˈiŋɡulɑ/,/kˌirkˈɑːnioː/,/kˌirkˈellɑ/,/kˈirkulum/,/kˈirkum/,{ABSENT},/kˌiːwitˈɑːtem/,/klˌɑːmˈɑːnioː/,/klˌɑːrˈɑːnioː/,/klˈɑːrtɑ/,/klˈɑːwɑnum/,/klˌɑwsitˈuːrɑm/,/klˌɑwrˈuːlɑ/,/kˌɑwsˈuːrɑ/,/klˌɑwsˈuːrɑ/,/klˌeːmˈeːntem/,/klˌomˈostum/,/kˌoˌeːmptˈɑːnioː/,/kˌoːɡitˈɑːnioː/,/kˌoɡnˈɑːtum/,/kˌohˌeːrˈeːdem/,/kˌoˈiːnioː/,/kˌolˈɑːnioː/,/kˌollˈɑːre/,/kˌollˌuktiˈɑːnioː/,/kˌollˌuːktˈɑːnioː/,/kˌollˌiːmitˈɑːnioː/,/kˌolˈostrum/,/kˌolumbˈiːnɑ/,/kˌolumnˈɑːtiɑ/,/kˈonkʰɑm/,/kˈokkɑm/,/kˈokkeum/,/kˈokʷum/,/kˈoksɑm/,{ABSENT},/kˈomɑ/,/kˌommˈerkium/,/kˌommuniːkˈɑːnioː/,/kˈompɑter/,/kˌompˌutˈɑːnioː/,/kˌompˌutˈɑːnioː/,/kˈomputum/,/kˌoːnfˈiːnium/,/kˌoːnsˈilium/,/kˌonskrˌiptˈɑːnioː/,/kˌonsˌobrˈiːnum/,/kˌonstˈɑːnioː/,/kˈonsulem/,/kˌontˌentˈɑːnioː/,/kˈontrɑː/,/kˌontrˈɑːrium/,/kˌontrɑːstˈɑːrium/,/kˌonˈukulɑm/,/kˌonwˌentˈɑːnioː/,/kˌonwˈentum/,/kˌoːpertˈuːrɑ/,/kˈorbulɑm/,/kʰˈordɑ/,/kˈorium/,/kˌornˈikulum/,{ABSENT},/kˌorˈoːnɑm/,/kˈorpus/,{ABSENT},/kˌortˈiːnɑm/,/kʰˈorum/,/kˌorwˈiːnum/,/kˈorwum/,/kˈossum/,/kˌotˈoːneum/,/kˌottidzˈɑːnioː/,/krˈɑːpulum/,/krˌeˈɑːnioː/,/krˌeˈɑːntiɑ/,/krˌeɑːtˈuːrɑm/,/krˈeːtikum/,{ABSENT},{ABSENT},/krˈispɑ/,/krˈistɑm/,{ABSENT},{ABSENT},{ABSENT},/krˈokulum/,/krˈonsokum/,{ABSENT},{ABSENT},/kˈubitum/,/kˌukˈurbitɑ/,/kˈukurum/,{ABSENT},/kˈulkitrɑ/,/kˈulmen/,/kˈumulum/,/kˈulumum/,/kˈuneum/,/kˌuneˈɑːnioː/,/kˌunktˈɑːnioː/,/kˈuppum/,/kˈuppɑm/,/kˌuːrˈɑːnioː/,/kˌurtiˈɑːnioː/,/kʷˌɑdrˈiːɡɑ/,{ABSENT},/kʷˈɑdrum/,/kʷˌae̯rˈonioː/,/kʷˈɑːrtɑ/,/kʷˈɑrtɑ/,/kʷˈɑrtum/,/kʷˌɑsˈillum/,/kʷˌiː/,/kʷiˈeːtum/,/kʷˈiːs/,/kˈyːmɑ/,/kˈypreum/,{ABSENT},/lˌɑːbrˈuskɑ/,/lˌɑkˈoːnem/,/lˈɑksɑm/,/lˌɑksˈɑːnioː/,/lˈɑkʷeum/,/lˌɑnɡʷˈeːnioː/,/lˌɑnɡʷˈoːriɑ/,/lˌɑnɡʷˈoːrem/,/lˌɑnkiˈɑːriɑm/,/lˌɑpˈɑtʰiɑ/,/lˈɑːrɡum/,/lˈɑːridum/,/lˈɑssum/,/lˌɑtˈiːnum/,/lˌɑwˈɑːnioː/,/lˌɑwɑːtˈuːrɑ/,{ABSENT},{ABSENT},{ABSENT},/lˈɑwrum/,/lˈeːɡem/,/lˌentˈɑːnioː/,/leˈoːnem/,/lˈeporem/,/lˈeporjeːs/,/lˈeprɑ/,/lˈiːberum/,{ABSENT},/lˌiːberˈɑːnioː/,/lˌiɡɑːtˈuːrɑ/,/lˈiːlium/,/lˈiːkium/,/lˈiːmɑ/,/lˌiːmˈɑːnioː/,/lˈiːnum/,/lˈiːneɑ/,/lˌippitˈuːrɑ/,/lˈissum/,/lˈitterɑm/,/lˌuːdˈonioː/,/lˌukˈernɑm/,/lˈukrum/,/lˈuktɑm/,/lˌuktˈɑːnioː/,/lˌuktɑtˈoːrem/,/lˈuntrem/,/lˌupekkˈɑːtum/,/lˌupukˈerwulum/,/lˈuːstrum/,/mˈae̯strum/,/mˌɑɡˈiːɑ/,/mˌɑɡisterˈɑːnioː/,/mˌɑɡistˈerikum/,/mˌɑiˈɑːriɑ/,/mˈɑːium/,/mˌɑludiːkˈonioː/,/mˌɑlletiˈolɑ/,/mˌɑlleˈolɑ/,/mˌɑlˈeːtum/,/mˈɑlleum/,/mˌɑlitiˈɑːnioː/,/mˌɑlˌɑnɡˈenioː/,/mˈɑlum/,{ABSENT},/mˈɑnikɑm/,/mˌɑnikˈɑːnioː/,/mˌɑnipulˈɑːnioː/,/mˈɑnniɑ/,/mˈɑnkum/,/mˈɑnkɑ/,/mˌɑnkˈɑːnioː/,/mˈɑnkinum/,/mˈɑnktum/,/mˈɑrɡinem/,{ABSENT},{ABSENT},/mˌɑrelˈuːkium/,/mˌɑːriːtˈɑːnioː/,/mˌɑːriːtˈɑːnioː/,/mˌɑːriːtˈɑːtiɑ/,/mˈɑrkum/,/mˈɑrmurem/,/mˌɑrruːkˌiːnˈeːtum/,/mˈɑːrtem/,/mˌɑːrtˈiːnum/,/mˈɑːrtius/,/mˈɑrum/,/mˌɑrˈuːnum/,/mˈɑskulum/,/mˈɑssɑ/,/mˌɑstikˈɑːnioː/,/mˌɑtˈɑksum/,{ABSENT},/mˌɑːtrˈiːkulɑm/,/mˌɑtteˈukkum/,/mˌedikˈɑːnioː/,/mˌedikˈɑstrum/,/mˈedikum/,/mˌeditˈɑːnioː/,/mˈedium/,/mˌensˈoːrɑ/,/mˈentɑ/,/mˈentem/,/mˌeriːdiˈɑːnioː/,/mˌerˈiːdiem/,/mˌerɡˈonioː/,{ABSENT},/mˌerkˈurɑ/,/mˌerulˈɑːneɑ/,/mˈetulɑ/,/mˌiɡrˈɑːnioː/,/mˈiːliɑm/,/mˌinistrˈɑːnioː/,{ABSENT},{ABSENT},/mˌiːrˈɑːnioː/,{ABSENT},/mˌiserˈɑːriː/,/mˌisˈeriɑ/,/mˈodium/,/mˈodum/,/mˌolˈɑːrem/,/mˌolˈiːnum/,/mˌoːmˈentum/,/mˈonɑkʰum/,{ABSENT},/mˌortˈɑːliɑ/,/mˈortem/,/mˈuːkum/,/mˈulɑ/,/mˌulkˈeːnioː/,/mˈuːlum/,/mˌurmurˈɑːnioː/,/mˈuːrum/,/mˌuskelˈɑːrium/,/mˌuskˈoneɑ/,/mˈuskulum/,/mˈuːskum/,/mˈustum/,/mˌyriːkˈiːniɑ/,/mˈyrrhɑ/,/nˈɑppɑ/,/nˌɑːtˈuːrɑm/,/mˈeɡulɑm/,/nˈinnɑ/,/nkˌɑrdˌullˈiːkiɑ/,/nˈoːdum/,/nˈoːdulum/,/nˌominˈɑːnioː/,/nˈonnum/,/nˌotˈɑːnioː/,/nˌowˈɑstrum/,/nˌowˈerkɑm/,/nˌumerˈɑːnioː/,/nˈumerum/,/nˈuptiɑm/,{ABSENT},/ˌofˈellɑm/,/ˌoleˈɑstrum/,/ˈoleɑstrum/,/ˈoleum/,/ˌoliːwˈɑːnum/,/ˈoperɑ/,/ˌoːrˈɑːnioː/,/ˈoːrbum/,/ˌordinˈɑːnioː/,/ˌordinˈɑːtɑm/,/ˈordinem/,/ˈornum/,/ˈorfɑnum/,/ˌoːskitˈɑːnioː/,/ˈoːtum/,/ˌoːwˈɑːtiɑ/,/ˈoːwɑ/,/pˌɑːbulˈɑːnioː/,/pˌɑdˈuːlem/,/pˌae̯nitˈeːnioː/,/pˌae̯nitˈentiɑm/,/pˌɑɡˈɑːnɑ/,/pˌɑɡɑːtˈuːrɑm/,{ABSENT},/pˈɑːlɑ/,/pˈɑlliɑ/,/pˌɑlˈumbum/,/pˈɑːkem/,/pˌɑːktˈɑːnioː/,/pˈɑktoː/,/pˌɑlˈɑːtium/,/pˈɑːr/,/pˌɑrˈɑbolɑ/,{ABSENT},/pˌɑrˈɑːnioː/,/pˌɑrˈɑːnioː/,/pˌɑrentˈɑːnioː/,/pˌɑrˈentem/,/frˌɑseˈolum/,/fˌɑseˈolum/,{ABSENT},/pˈɑssum/,/pˌɑstuːrˈɑːkum/,/pˌɑtiˈɑːnioː/,/pˌɑwˈiːkulɑ/,/pˈɑwkum/,{ABSENT},/pˌɑwlˈonioː/,/pˌɑːwulˈoːnem/,/pˈedikɑ/,/pˈendikɑ/,/ˌimpˈedikɑm/,/pˌekˈulium/,/pˈeːnsɑm/,/pˌeːnsˈɑːnioː/,/pˈepinem/,/pˌer/,/pˈerɡulɑm/,{ABSENT},/pˌerˌindulˈeːnioː/,/ˌindˌulˈeːnioː/,/pˌerpˌɑrˈɑːnioː/,/pˌerpˌɑrˈɑːnioː/,/pˌerwˌiɡilˈɑːnioː/,/pˌessikˈɑːnioː/,/pˈessikɑm/,{ABSENT},{ABSENT},/pˈettiɑm/,/pˈiɡnum/,/pˌiɡritˈɑːnioː/,/pˈiktɑ/,/pˈiːlɑ/,/pˈiːlɑ/,/pˈilɑ/,/pˈilleum/,/pˈinnɑ/,/pˈiːpɑm/,/pˈiskem/,/pˌiskɑtˈoːrem/,/bˌistˈɑːliɑ/,/pˌistˈɑːriɑ/,/pˈittɑm/,/pˈittikum/,/pˈittulɑm/,/plˈɑːɡɑ/,/plˌɑkˈenioː/,/plˈɑnkum/,/plˈɑntikum/,{ABSENT},/plˌikˈiːnum/,/plˈiktium/,/plˈoːpum/,/plˈumbum/,/pˌolˈentɑ/,/pˌollikˈɑːrium/,/pˌollikˈɑːrem/,/pˈoːmɑ/,/pˈorro/,/pˈorrum/,/pˈopulum/,/pˌorrˈikium/,/pˌorrˈiːnɑ/,/pˌorrˈiːnum/,/pˈortɑ/,/pˌosˈɑːnioː/,{ABSENT},{ABSENT},/pˌotestˈɑːnioː/,/pˌotestˈɑːtem/,/pˈottum/,/prˈae̯dɑ/,/prˈae̯dɑ/,/prˌae̯dˈɑːnioː/,/prˌae̯ˈiːnioː/,{ABSENT},/prˌiːmɑwˈeːrɑm/,/prˈiːnkes/,{ABSENT},{ABSENT},/prˌoːhˌibˈeːnioː/,/prˈoksimum/,/prˌoksimˈɑːnioː/,/prˌoːmˌittˈonioː/,/pˈuːblikɑ/,/pˈuːblikum/,/pˈullɑm/,/pˈullum/,/pˈulpɑm/,/pˈulwerem/,/pˈunɡɑm/,/pˈunktɑ/,/pˈuppɑ/,/pˈuteum/,/pˌuttˈɑːnɑ/,/fˈɑrum/,/rˌɑdˈɑːnioː/,/rˈɑdiɑ/,/rˌɑːdˈiːkɑ/,/rˌɑːdˈiːkulɑ/,/rˈɑːmiː/,/rˈɑːpɑ/,/rˈɑːpiː/,/rˈɑːpum/,/rˈɑːrum/,{ABSENT},/rˌɑːstˈellum/,/ˌɑdrˌɑːtiˈoːnem/,/rˈeːbɑ/,/rˌefˈernioː/,{ABSENT},/rˈeːɡulum/,/kˈɑːseus/,/rˈeːmum/,/rˌeniːdˈeːnioː/,/rˌeːsˈiːnɑ/,/rˌesˌurɡˈonioː/,/rˈeːte/,/rˈeːstem/,/rˈeːtinɑ/,/rˌiɡˈɑːnioː/,/rˈikinum/,/rˌiːmˈɑːnioː/,/rˈiːpɑ/,{ABSENT},/rˈokkɑ/,/rˌoːmˈɑːnum/,/rˈombum/,/rˈombulum/,/rˌomfˈae̯ɑ/,{ABSENT},/rˌoːsupˈoːneɑ/,/rˈotɑ/,/rˈotulum/,/rˌotˈundɑ/,{ABSENT},/rˌunkˈɑːnioː/,/rˈude/,{ABSENT},/rˌumpˈenioː/,{ABSENT},/rˈuːtɑ/,/sˌɑbˈurrum/,/sˈae̯kulum/,/sˌɑɡˈittɑm/,/sˌae̯ttˈɑːnioː/,/sˌɑɡittˈɑːnioː/,/sˈɑɡum/,/sˈɑkkulum/,/sˌɑkrˈɑːnioː/,/sˈɑlikiae̯/,/sˈɑlikɑ/,{ABSENT},/sˌɑlikˈeːtum/,/sˌɑlˈiːnɑ/,/sˌɑlˈiːnioː/,/sˌɑlwˈɑːnioː/,/sˌɑlwˈɑːntiɑ/,/sˌɑlwiˈellɑ/,/sˌɑːnˈɑːnioː/,/sˌɑːnitˈɑːtem/,{ABSENT},/sˌɑnɡʷuniˈɑːtɑ/,/sˌɑnɡʷisˈunɡiɑ/,{ABSENT},/sˈɑːnktum/,{ABSENT},{ABSENT},{ABSENT},{ABSENT},/kˌɑlikesˈɑːnktum/,{ABSENT},{ABSENT},/sˌɑppˈɑːnioː/,/sˈɑpum/,/sˈɑrikɑm/,/sˌɑlikinˈɑːrium/,/sˌɑrmˈentum/,/sˌɑtˈunitɑ/,/sˌekrˈeːtum/,/sˌekʷˈɑːnioː/,/sˈellɑ/,/sˈentiɑ/,{ABSENT},/sˈerrɑ/,/sˌertˈɑːnioː/,/sˌerwˈinioː/,/sˌerwˈitium/,/sˌerwiːtˈoːrem/,/sˌerwiːtˈuːrɑm/,/sˈessum/,/sˌiɡnˈɑːnioː/,/sˈiɡnum/,/sˈiːk/,{ABSENT},/sˈikulɑ/,{ABSENT},{ABSENT},/sˈiːnum/,/sˈirpum/,/sˈitɑ/,/skˈɑbiem/,/skˈɑːlɑː/,/skˈɑmnum/,/skˈɑmni/,/skˈɑndulum/,{ABSENT},/skˌintˈiliɑ/,{ABSENT},/ˌeksklˈoːppum/,/skˈodrɑ/,/skʰˈolɑ/,/skˈoːpɑ/,{ABSENT},/skˈoːriɑ/,/skˈorteɑ/,/skrˌiːbˈonioː/,/skˈulkɑm/,/skˈumɑ/,/skˈuːtum/,/skʷˈɑːtum/,/sˈulkum/,/sˈokɑ/,/sˈokiɑ/,/sˈokium/,/sˈolɑ/,/sˌoːlˈɑːnum/,/sˈolum/,/sˈorbɑ/,/sˈortem/,/sˌortˈiːkɑ/,/sˌortileɡˈiːɑ/,/spˈɑtʰɑm/,/spˈɑtʰulɑ/,/spˌerˈɑntiɑ/,/spˌeːrˈɑːnioː/,/spˈiːnɑ/,/spˈiːritum/,/spˈissum/,/splˌenˈetikɑ/,/spˈodiɑ/,/spˈortɑ/,/stˈɑbulɑ/,/stˈɑmnum/,/stˈɑnkum/,/stˈɑːtiː/,/stˈɑːtum/,/stˌernˈɑːkum/,/strˈɑmbum/,/strˈɑmbinu/,/strˈɑːtum/,/strˈiːɡɑm/,/strˈinktum/,/strˌinɡˈonioː/,/stˈuppɑ/,/stˌuppˈɑːnioː/,/stˈurnum/,/suˌɑːwˈiliɑ/,/sˌeːdˈɑːnioː/,/sˌublˈɑːtɑ/,/sˌubmˌɑrˈiːtikɑ/,/sˌubrˌɑwkˈɑːnioː/,/sˌubterrˌɑːnˈiːɑ/,/sˌufferˈinioː/,/sˈuktɑ/,/sˌuktˈɑːnioː/,/sˈummɑm/,/sˌuperkˌɑdˈɑːlem/,{ABSENT},/sˈurdum/,{ABSENT},{ABSENT},/tˈɑːktum/,/tˌɑksitˈɑːnioː/,/tˈɑːleɑ/,/tˈɑliɑ/,/tˈɑppɑ/,/tˌɑwˈernɑm/,/tˈɑwɾiː/,/tˈɑwɾum/,/tˈeɡminem/,/tˈeːɡulɑ/,{ABSENT},{ABSENT},/tˈendɑ/,/tˌerebˈellɑ/,/tˌerebˈellɑ/,/tˌerrae̯mˈoːtum/,/tˌerrˈɑːtikum/,/tˈestiɑm/,/ˌintˌestimˈɑːnioː/,/tˌiːmˈoːnem/,/tˌimˈoːrem/,/tˈiːnɑ/,/tˈineɑ/,/tˈinkɑ/,/tˌinnˈunkulum/,/tˈitulum/,/tˌokkˈɑːnioː/,/tˈorkulum/,/tˈornum/,/tˈortɑ/,/trˈɑbezɑ/,/trˈɑbum/,/trˌɑːdˈonioː/,/trˌɑiˌektˈorium/,/trˌɑktˈɑːnioː/,/trˈɑktɑ/,/trˌɑːnsflˈɑːnioː/,/trˌɑːnsˌiɡˈonioː/,/trˈiːbulum/,/trˌɑːnsmˌediˈɑːnioː/,/trˌifˈoliɑ/,/trˌifˈilium/,/trˌifˈurkum/,/trˌiːmeːnsˈɑːnɑm/,/trˈiːnɑ/,/trˈiːstem/,/trˌuːdikulˈiːnioː/,{ABSENT},/trˈumbɑ/,{ABSENT},/trˈunkum/,/tˌortiˈɑːnioː/,/tˈubulɑ/,/tˈufɑm/,/tˈumbɑ/,/tˈumulum/,/tˈundoː/,/tˈurbɑ/,/tˌurbˈɑːnioː/,/tˌurbulˈɑːnioː/,/tˈurbulum/,/tˈurmɑm/,{ABSENT},/tˈurrem/,/tˈurturem/,/t͡sˈikɑm/,/ˌunkˈɑːnioː/,/ˌuːnktˈuːrɑ/,/upˈupɑ/,/ˌurulˈiːnioː/,/ˌutrˈiːnum/,/wˌɑɡˈɑːnioː/,/wˈɑkum/,/wˌɑlˈenioː/,{ABSENT},{ABSENT},/wˈɑllem/,/wˌɑlˈoːrɑ/,/wˈɑpɑ/,/wˌeːlˈɑːtiɑ/,/wˈeːlum/,/wˌenˈeːnɑm/,/wˌenˈeːnum/,/wˈenioː/,/wˌentˌilˈɑːnioː/,/wˈeːrɑ/,/wˌeːritˈɑːtem/,/wˌerrˈikulum/,/wˈersɑm/,/wˌersˈɑːnioː/,/wˌeskˈonioː/,/wˈeːskum/,/wˌeːssˈiːkɑm/,/ˌinwˌeːssˈiːkɑm/,/wˌestiɡˈɑːnioː/,/wˈestioː/,/wˈeterem/,/wˈiɑ/,/wˌiɡˈiliɑj/,/inwˌiɡˈiliɑj/,/wˈikiɑ/,/wˌiːkˈiːnum/,/wˌiktˈoriɑ/,/wˈiktuɑːliɑ/,/wˈiːllɑ/,/wˌiːneˈɑːlum/,/ˌinwˌiɡˈilium/,/wˈirɡinem/,/wˌirɡˈɑːnum/,/wˈiridɑm/,/wˈiridem/,/wˌirtˈuːtem/,/wˌisitˈɑːnioː/,/wˈistulum/,/wˈiskum/,/wˈitium/,/wˌitˈuleɑ/,{ABSENT},/wˌittˈulɑ/,/wˌiːwˈonioː/,/wˈolɑ/,/wˈolpulum/,/wˌoluntˈɑːtem/,/wˈoːmis/,/wˌulnerˈɑːtɑ/
R0,,*/ˌɑbiˈeːŋnum/,*/ˌɑbiˈeːŋneɑ/,,,,,,,,,,,*/ˌɑːkˈiŋɡem/,,,*/ˌɑksˈuŋɡiɑ/,,,,,,,,,,,,,,*/ˌɑŋɡʷˈiːllɑm/,*/ˌɑŋɡˈustum/,*/ˌɑŋɡustˈɑːnioː/,,,,,,,,,,,,,,,,,,,,,,,,,,,,,,,,,,,,,,,,,,,,,,,,,,,,,,,,,,,,,,,,,,*/dˈiŋniɑ/,,,,,,,,,,,,,,,,,,,,,,,,,,,*/ˌeksˈiŋnioː/,,,,,,,,,,,,,,,,,,,,,,*/ˌeksˌuŋɡulˈɑːnioː/,,,,,,,,,,,,,,,,,,,,,,,,,,,,,,,,,,,,,,,,,,,,,,,,,,,,,,,,,,,,,,,,,,,,,,,,,,,,,,,,,,,,,,,,,,,,,,,,,,,,,,,,,,,,,,,,,,,,,,,,,,,,,,,,,,,,,,,,,,,,,,,,,,,,,,,,,,,,*/ˌiŋɡɑnniˈeːnioː/,*/ˌiŋɡrˈɑːtɑm/,,,,,*/ˌinkoŋɡˌyːrˈɑːnioː/,,,,,,,,,,*/ˌinsˈiŋniɑm/,,,,,*/ˌintiŋɡiˈonioː/,,,,,,,,,,,,,,,,,,,,,,,,,,,,,,,,,,,,,,,,,,,,,,,,,,,,,,,,,,,,,,,,,,,,,,,,,,,,,,,,,,,,,,,,,,,,,,,,,,,,,,,*/kˌoŋnˈɑːtum/,,,,,,,,,,,,,,,,,,,,,,,,,,,,,,,,,,,,,,,,,,,,,,,,,,,,,,,,,,,,,,,,,,,,,,,,,,,,,,,,,,,,,,,,,,,,,,,,,,,,,,,*/lˌɑŋɡʷˈeːnioː/,*/lˌɑŋɡʷˈoːriɑ/,*/lˌɑŋɡʷˈoːrem/,,,,,,,,,,,,,,,,,,,,,,,,,,,,,,,,,,,,,,,,,,,,,,,,,,,,,,*/mˌɑlˌɑŋɡˈenioː/,,,,,,,,,,,,,,,,,,,,,,,,,,,,,,,,,,,,,,,,,,,,,,,,,,,,,,,,,,,,,,,,,,,,,,,,,,,,,,,,,,,,,,,,,,,,,,,,,,,,,,,,,,,,,,,,,,,,,,,,,,,,,,,,,,,,,,,,,,,,,,,,,,,,,,,,,,,,,,,,,,,,,*/pˈiŋnum/,,,,,,,,,,,,,,,,,,,,,,,,,,,,,,,,,,,,,,,,,,,,,,,,,,,,,,,,,,,,,*/pˈuŋɡɑm/,,,,,,,,,,,,,,,,,,,,,,,,,,,,,,,,,,,,,,,,,,,,,,,,,,,,,,,,,,,,,,,,,,,,,,,,*/sˌɑŋɡʷuniˈɑːtɑ/,*/sˌɑŋɡʷisˈuŋɡiɑ/,,,,,,,,,,,,,,,,,,,,,,,,,,,,*/sˌiŋnˈɑːnioː/,*/sˈiŋnum/,,,,,,,,,,,,,,,,,,,,,,,,,,,,,,,,,,,,,,,,,,,,,,,,,,,,,,,,,,,,,*/strˌiŋɡˈonioː/,,,,,,,,,,,,,,,,,,,,,,,,,,,,,,,,,,,,,,,,,,,,,,,,,,,,,,,,,,,,,,,,,,,,,,,,,,,,,,,,,,,,,,,,,,,,,,,,,,,,,,,,,,,,,,,,,,,,,,,,,,,,,,,,,,,,,,,,,,,,,,,
R1,,,,,,,,,,,,,,,,,*/ˌɑksˈuɲiɑ/,,,,,,,,,,,,,,*/ˌɑɲˈiːllɑm/,,,,,,,,,,,,,,,,,,,,,,,,,,,,,,,,,,,,,,,,,,,,,,,,,,,,,,,,,,,,,,,,,,,,,,,,,,,,,,,,,,,,,,,,,,,,,,,,,,,,,,,,,,,,,,,,,,,,,,,,,,,,,,,,,,,,,,,,,,,,,,,,,,,,,,,,,,,,,,,,,,,,,,,,,,,,,,,,,,,,,,,,,,,,,,,,,,,,,,,,,,,,,,,,,,,,,,,,,,,,,,,,,,,,,,,,,,,,,,,,,,,,,,,,,,,,,,,,,,,,,,,,,,,,,,,,,,,,,,,*/ˌinkoɲˌyːrˈɑːnioː/,,,,,,,,,,,,,,,*/ˌintiɲiˈonioː/,,,,,,,,,,,,,,,,,,,,,,,,,,,,,,,,,,,,,,,,,,,,,,,,,,,,,,,,,,,,,,,,,,,,,,,,,,,,,,,,,,,,,,,,,,,,,,,,,,,,,,,,,,,,,,,,,,,,,,,,,,,,,,,,,,,,,,,,,,,,,,,,,,,,,,,,,,,,,,,,,,,,,,,,,,,,,,,,,,,,,,,,,,,,,,,,,,,,,,,,,,,,,,,,,,,,,,,,,,,,,,,,,,,,,,,,,,,,,,,,,,,,,,,,,,,,,,,,,,,,,,,,,,,,,,,,,,,,,,,,,,,,,,,,,,,,,,,,,,,,,,,,,,,,,,,,,,,,,,,,,,,,,,,,,,,,,,,,,,,,,,,,,,,,,,,,,,,,,,,,,,,,,,,,,,,,,,,,,,,,,,,,,,,,,,,,,,,,,,,,,,,,,,,,,,,,,,,,,,,,,,,,,,,,,,,,,,,,,,,,,,,,,,,,,,,,,,,,,,,,,,,,,,,,,,,,,,,,,,,,,,,,,,,,,,,,,,,,,,,,,,,,,,,,,,,,,,,,,,,,,,,,,,,,,,,,,,,,,,,,,,,,,,,,,,,,,,,,,,,,,*/sˌɑɲisˈuɲiɑ/,,,,,,,,,,,,,,,,,,,,,,,,,,,,,,,,,,,,,,,,,,,,,,,,,,,,,,,,,,,,,,,,,,,,,,,,,,,,,,,,,,,,,,,,,,,,,,,,,,,,,,,,,,,,,,,,,,,,,,,,,,,,,,,,,,,,,,,,,,,,,,,,,,,,,,,,,,,,,,,,,,,,,,,,,,,,,,,,,,,,,,,,,,,,,,,,,,,,,,,,,,,,,,,,,,,,,,,,,,,,,,,,,,,,,,,,,
R2,,,,,,,,,,,,,,,,,,,,,,,,,,,,,,,,,,,,,,,,,,,,,,,,,,,,,,,,,,,,,,,,,,,,,,,,,,,,,,,,,,,,,,,,,,,,,,,,,,,*/dˈiɲiɑ/,,,,,,,,,,,,,,,,,,,,,,,,,,,*/ˌeksˈiɲioː/,,,,,,,,,,,,,,,,,,,,,,,,,,,,,,,,,,,,,,,,,,,,,,,,,,,,,,,,,,,,,,,,,,,,,,,,,,,,,,,,,,,,,,,,,,,,,,,,,,,,,,,,,,,,,,,,,,,,,,,,,,,,,,,,,,,,,,,,,,,,,,,,,,,,,,,,,,,,,,,,,,,,,,,,,,,,,,,,,,,,,,,,,,,,,,,,,,*/ˌinsˈiɲiɑm/,,,,,,,,,,,,,,,,,,,,,,,,,,,,,,,,,,,,,,,,,,,,,,,,,,,,,,,,,,,,,,,,,,,,,,,,,,,,,,,,,,,,,,,,,,,,,,,,,,,,,,,,,,,,,,,,,,,,,,,,,,,,,,,,,,,,,,,,,,,,,,,,,,,,,,,,,,,,,,,,,,,,,,,,,,,,,,,,,,,,,,,,,,,,,,,,,,,,,,,,,,,,,,,,,,,,,,,,,,,,,,,,,,,,,,,,,,,,,,,,,,,,,,,,,,,,,,,,,,,,,,,,,,,,,,,,,,,,,,,,,,,,,,,,,,,,,,,,,,,,,,,,,,,,,,,,,,,,,,,,,,,,,,,,,,,,,,,,,,,,,,,,,,,,,,,,,,,,,,,,,,,,,,,,,,,,,,,,,,,,,,,,,,,,,,,,,,,,,,,,,,,,,,,,,,,,,,,,,,,,,,,,,,,,,,,,,,,,,,,,,,,,,,,,,,,,,,,,,,,,,,,,,,,,,,,,,,,,,,,,,,,,,,,,,,,,,,,,,,,,,,,,,,,,,,,,,,,,,,,,,,,,,,,,,,,,,,,,,,,,,,,,,,,,,,,,,,,,,,,,,,,,,,,,,,,,,,,,,,,,,,,,,,,,,,,,,,,,,,,,,,,,,,,,,,,,,,,,,,,,,,,,,,,,,,,,,,,,,,,,,,,,,,,,,,,,,,,,,,,,,,,,,,,,,,,,,,,,,,,,,,,,,,,,,,,,,,,,,,,,,,,,,,,,,,,,,,,,,,,,,,,,,,,,,,,,,,,,,,,,,,,,,,,,,,,,,,,,,,,,,,,,,,,,,,,,,,,,,,,,,,,,,,,,,,,,,,,,,,,
R3,,,,,,,,,,,,,,,,,,,,,,,,,,,,,,,,,,,,,,,,,,,,,,,,,,,,,,,,,,,,,,,,,,,,,,,,,,,,,,,,,,,,,,,,,,,,,,,,,,,,,,,,,,,,,,,,,,,,,,,,,,,,,,,,,,,,,,,,,,,,,,,,,,,,,,,,,,,,,,,,,,,,,,,,,,,,,,,,,,,,,,,,,,,,,,,,,,,,,,,,,,,,,,,,,,,,,,,,,,,,,,,,,,,,,,,,,,,,,,,,,,,,,,,,,,,,,,,,,,,,,,,,,,,,,,,,,,,,,,,,,,,,,,,,,,,,,,,,,,,,,,,,,,,,,,,,,,,,,,,,,,,,,,,,,,,,,,,,,,,,,,,,,,,,,,,,,,,,,,,,,,,,,,,,,,,,,,,,,,,,,,,,,,,,,,,,,,,,,,,,,,,,,,,,,,,,,,,,,,,,,,,,,,,,,,,,,,,,,,,,,,,,,,,,,,,,,,,,,,,,,,,,,,,,,,,,,,,,,,,,,,,,,,,,,,,,,,,,,,,,,,,,,,,,,,,,,,,,,,,,,,,,,,,,,,,,,,,,,,,,,,,,,,,,,,,,,,,,,,,,,,,,,,,,,,,,,,,,,,,,,,,,,,,,,,,,,,,,,,,,,,,,,,,,,,,,,,,,,,,,,,,,,,,,,,,,,,,,,,,,,,,,,,,,,,,,,,,,,,,,,,,,,,,,,,,,,,,,,,,,,,,,,,,,,,,,,,,,,,,,,,,,,,,,,,,,,,,,,,,,,,,,,,,,,,,,,,,,,,,,,,,,,,,,,,,,,,,,,,,,,,,,,,,,,,,,,,,,,,,,,,,,,,,,,,,,,,,,,,,,,,,,,,,,,,,,,,,,,,,,,,,,,,,,,,,,,,,,,,,,,,,,,,,,,,,,,,,,,,,,,,,,,,,,,,,,,,,,,,,,,,,,,,,,,,,,,,,,,,,,,,,,,,,,,,,,,,,,,,,,,,,,,,,,,,,,,,,,,,,,,,,,,,,,,,,,,,,,,,,,,,,,,,,,,,,,,,,,,,,,,,,,,,,,,,,,,,,,,,,,,,,,,,,,,,,,,,,,,,,,,,,,,,,,,,,,,,,,,,,,,,,,,,,,,,,,,,,,,,,,,,,,,,,,,,,,,,,,,,,,,,,,,,,,,,,,,,,,,,,,,,,,,,,,,,,,,,,,,,,
R4,,,,,,,,,,,,,,,,,,,,,,,,,,,,,,,,,,,,,,,,,,,,,,,,,,,,,,,,,,,,,,,,,,,,,,,,,,,,,,,,,,,,,,,,,,,,,,,,,,,,,,,,,,,,,,,,,,,,,,,,,,,,,,,,,,,,,,,,,,,,,,,,,,,,,,,,,,,,,,,,,,,,,,,,,,,,,,,,,,,,,,,,,,,,,,,,,,,,,,,,,,,,,,,,,,,,,,,,,,,,,,,,,,,,,,,,,,,,,,,,,,,,,,,,,,,,,,,,,,,,,,,,,,,,,,,,,,,,,,,,,,,,,,,,,,,,,,,,,,,,,,,,,,,,,,,,,,,,,,,,,,,,,,,,,,,,,,,,,,,,,,,,,,,,,,,,,,,,,,,,,,,,,,,,,,,,,,,,,,,,,,,,,,,,,,,,,,,,,,,,,,,,,,,,,,,,,,,,,,,,,,,,,,,,,,,,,,,,,,,,,,,,,,,,,,,,,,,,,,,,,,,,,,,,,,,,,,,,,,,,,,,,,,,,,,,,,,,,,,,,,,,,,,,,,,,,,,,,,,,,,,,,,,,,,,,,,,,,,,,,,,,,,,,,,,,,,,,,,,,,,,,,,,,,,,,,,,,,,,,,,,,,,,,,,,,,,,,,,,,,,,,,,,,,,,,,,,,,,,,,,,,,,,,,,,,,,,,,,,,,,,,,,,,,,,,,,,,,,,,,,,,,,,,,,,,,,,,,,,,,,,,,,,,,,,,,,,,,,,,,,,,,,,,,,,,,,,,,,,,,,,,,,,,,,,,,,,,,,,,,,,,,,,,,,,,,,,,,,,,,,,,,,,,,,,,,,,,,,,,,,,,,,,,,,,,,,,,,,,,,,,,,,,,,,,,,,,,,,,,,,,,,,,,,,,,,,,,,,,,,,,,,,,,,,,,,,,,,,,,,,,,,,,,,,,,,,,,,,,,,,,,,,,,,,,,,,,,,,,,,,,,,,,,,,,,,,,,,,,,,,,,,,,,,,,,,,,,,,,,,,,,,,,,,,,,,,,,,,,,,,,,,,,,,,,,,,,,,,,,,,,,,,,,,,,,,,,,,,,,,,,,,,,,,,,,,,,,,,,,,,,,,,,,,,,,,,,,,,,,,,,,,,,,,,,,,,,,,,,,,,,,,,,,,,,,,,,,,,,,,,,,,,,,,,,,,,,,,,,,,,,,,,,,,,,,,,,,,,,,
R5,,,,,,,,,,,,,,,,,*/ˌɑsˈuɲiɑ/,,,,,,,,,,,,,,,,,,,,,,,,,,,,,,,,,,,,,,,,,,,,,,,,,,,,,,,,,,,,,,,,,,,,,,,,,,,,,,,,,,,,,,,,,,,,,,,,,,,,,,,,*/ˌesˈɑːminɑ/,*/ˌesˌɑmputˈɑːnioː/,*/ˌesˌɑnimˈɑːnioː/,*/ˌesˈemplum/,*/ˌeshonorˈɑːnioː/,*/ˌesˈiɲioː/,*/ˌeskˌɑbɑllikˈɑːnioː/,*/ˌeskˌɑlˈɑːnioː/,*/ˌeskˌɑmbiˈɑːnioː/,*/ˌeskˌɑndˈeːnioː/,*/ˌeskˌɑrdiˈɑːnioː/,*/ˌeskˌɑrptˈɑːnioː/,*/ˌeskˌɑtʰedrˈɑːnioː/,*/ˌeskˌɑwdikˈɑːnioː/,*/ˌeskˈipiː/,*/ˌeskˈubuloː/,*/ˌeskˌurtˈɑːnioː/,*/ˌeskˈurtum/,,*/ˌesˈossum/,*/ˌespˌediːtˈɑːnioː/,*/ˌespˌedˈiːtum/,*/ˌespˌellɑwˈɑːnioː/,*/ˌespˌerlɑwˈɑːnioː/,*/ˌesrˌiːmˈɑːnioː/,*/ˌestˌenuˈɑːnioː/,*/ˌestrˈuːdoː/,*/ˌesˌuŋɡulˈɑːnioː/,*/ˌeswˌiɡilˈɑːnioː/,,,,,,,,,,,,,,,,,,,,,,,,,,,,,,,,,,,,,,,,,,,,,,,,,,,,,,,,,,,,,,,,,,,,,,,,,,,,,,,,,,,,,,,,,,,,,,,,,,,,,,,,,,,,,,,,,,,,,,,,,,,,,,,,,,,,,,,,,,,,,,,,,,,,,,,,,,,,,,,,,,,,,,,,,,,,,,,,,,,,,,,,,,,,,,,,,,,,,,,,,,,,,,,,,,,,,,,,,,,,,,,,,,,,,,,,,,,,,,,,,,,,,,,,,,,,,,,,,,,,,,,,,,,,,,,,,,,,,,,,,,,,,,,,,,,,,,,,,,,,,,,,,,,,,,,,,,,,,,,,,,,,,,,,,,,,,,,,,,,,,,,,,,,,,,,,,,,,,,,,,,,,,,,,,,,,,,,,,,,,*/lˌɑsˈɑːnioː/,,,,,,,,,,,,,,,,,,,,,,,,,,,,,,,,,,,,,,,,,,,,,,,,,,,,,,,,,,,,,,,,,,,,,,,,,,,,,,,,,,,,,,,,,,,,,,,,,,,,,,,,,,,,,,,,,,,,,,,,,,,,,,,,,,,,,,,,,,,,,,,,,,,,,,,,,,,,,,,,,,,,,,,,,,,,,,,,,,,,,,,,,,,,,,,,,,,,,,,,,,,,,,,,,,,,,,,,,,,,,,,,,,,,,,,,,,,,,,,,,,,,,,,,,,,,,,,,,,,,,,,,,,,,,,,,,,,,*/prˌosimˈɑːnioː/,,,,,,,,,,,,,,,,,,,,,,,,,,,,,,,,,,,,,,,,,,,,,,,,,,,,,,,,,,,,,,,,,,,,,,,,,,,,,,,,,,,,,,,,,,,,,,,,,,,,,,,,,,,,,,,,,,,,,,,,,,,,,,,*/ˌesklˈoːppum/,,,,,,,,,,,,,,,,,,,,,,,,,,,,,,,,,,,,,,,,,,,,,,,,,,,,,,,,,,,,,,,,*/tˌɑsitˈɑːnioː/,,,,,,,,,,,,,,,,,,,,,,,,,,,,,,,,,,,,,,,,,,,,,,,,,,,,,,,,,,,,,,,,,,,,,,,,,,,,,,,,,,,,,,,,,,,,,,,,,,,,,,,,,,,,,,,,,,,,,,,,,,,
R6,,,,,,,,,,*/ˌɛrˈɑːmen/,*/ˌɛstimˈɑːnioː/,*/ˈɛtɑːtɑ/,*/ˈɛwa/,,,,,,,,,,,,,,,,,,,,,,,,,,,,,,,,,,,,,,,,,,,,,,,,,,,,,,,*/brˈɑːkɛ/,,,,,,,,,,,,,,*/dˈɛmonem/,,,,,,,,,,,,,,,,,,,,,,,,,,,,,,,,,,,,,,,,,,,,,,,,,,,,,,,,,,,,,,,,,,,,,,,,,,,,,,,,,,,,,,,,,,,,,,,,,,,,,,,,,,,,,,,,,,,,,,,,,,,,,,,,,,,,,,,,,,,,,,,,,,,,,,,,,,,,,,,,,,,,,,,,*/ɡrˈɛkum/,,,,,,,,,,,,,,,,,,,,,,,,,,,,,,,,,,,,,,,,,,,,,,,,,,,,,,,,,,,,,,,,,,,,,,,,,,,,,,,,,,,,,,,,,,,*/kˈɛkɑ/,*/kˈɛlum/,,,,,,,,,,,,,,,,,,,,,,,,,,,,,,,,,,,,,,,,,,,,,,,,,,,,,,,,,,,,,,,,,,,,,,,,,,,,,,,,,,,,,,,,,,,,,,,,,,,,,,,,,,,,,,,,,,,,,,,,,,,,,,,,,,,,,,,,,,,,,,,,,,,,,,,,,,,,,,,,,,,,,,,,,,,,,*/kʷˌɛrˈonioː/,,,,,,,,,,,,,,,,,,,,,,,,,,,,,,,,,,,,,,,,,,,,,,,,,,,,,,,,,,,,*/mˈɛstrum/,,,,,,,,,,,,,,,,,,,,,,,,,,,,,,,,,,,,,,,,,,,,,,,,,,,,,,,,,,,,,,,,,,,,,,,,,,,,,,,,,,,,,,,,,,,,,,,,,,,,,,,,,,,,,,,,,,,,,,,,,,,,,,,*/pˌɛnitˈeːnioː/,*/pˌɛnitˈentiɑm/,,,,,,,,,,,,,,,,,,,,,,,,,,,,,,,,,,,,,,,,,,,,,,,,,,,,,,,,,,,,,,,,,,,,,,,,,,,,,,,,,,,,,,,,,,,*/prˈɛdɑ/,*/prˈɛdɑ/,*/prˌɛdˈɑːnioː/,*/prˌɛˈiːnioː/,,,,,,,,,,,,,,,,,,,,,,,,,,,,,,,,,,,,,,,,,,,,,,,,,,,,,,,*/rˌomfˈɛɑ/,,,,,,,,,,,,,,*/sˈɛkulum/,,*/sˌɛttˈɑːnioː/,,,,,*/sˈɑlikiɛ/,,,,,,,,,,,,,,,,,,,,,,,,,,,,,,,,,,,,,,,,,,,,,,,,,,,,,,,,,,,,,,,,,,,,,,,,,,,,,,,,,,,,,,,,,,,,,,,,,,,,,,,,,,,,,,,,,,,,,,,,,,,,,,,,,,,,,,,,,*/tˌerrɛmˈoːtum/,,,,,,,,,,,,,,,,,,,,,,,,,,,,,,,,,,,,,,,,,,,,,,,,,,,,,,,,,,,,,,,,,,,,,,,,,,,,,,,,,,,,,,,,,,,,,,,,,,,,,,,,,,,,,
R7,,,,,,,,,,,,,,,,,,,,,,,,,,,,,,,,,,,,,,,,,,,,,,,,,,,,,,,,,,,,,,,,,,,,,,,,,,,,,,,,,,,,,,,,,,,,,,,,,,,,,,*/di/,,,,,,,,,,,,,,,,,,,,,,,,,,,,,,,,,,,,,,,,,,,,,,,,,,,,,,,,,,,,,,,,,,,,,*/fˈɑkieː/,,,,,,,,,,,,,,,,,,,,,,,,,,,,,,,,,,,,,,,,,,,,,,,,,,,,,,,,,,,,,,,,,,,,,,,,,,,,,,,,,,,,,,,,,,,,,,,,,,,,,,,,,,,,,,,,,,,,,,,,,,,,,,,,,,,,,,,,,,,,,,,,,,,,,,,,,,,,,,,,,,,,,,,,,,,,,,,,,,,,,,,,,,,,,,,,,,,,,,,,,,,,,,,,,,,,,,,,,,,,,,,,,,,,,,,,,,,,,,,,,,,,,,,,,,,,,,,,,,,,,,,,,,,,,,,,,,,,,,,,,,,,,,,,,,,,,,,,,,,,,*/kˈorpu/,,,,,,,,,,,,,,,,,,,,,,,,,,,,,,,,,,,,,,,,,,,,,,,,,,,,,,,,,,,,,,,,,,,,,,,,,,,,,,*/lˈeporjeː/,,,,,,,,,,,,,,,,,,,,,,,,,,,,,,,,,,,,,,,,,,,,,,,,,,,,,,,,,,,,,*/mˈɑːrtiu/,,,,,,,,,,,,,,,,,,,,,,,,,,,,,,,,,,,,,,,,,,,,,,,,,,,,,,,,,,,,,,,,,,,,,,,,,,,,,,,,,,,,,,,,,,,,,,,,,,,,,,,,,,,,,,,,,,,,,,,,,,,,,,,,,,,,,,,,,,,,,,,,,,,,,,,,,,,,,,,,,,,,,,,,,,,,,,,,,,,,,,,,,,,,,*/prˈiːnke/,,,,,,,,,,,,,,,,,,,,,,,,,,,,,,,,,,,*/kˈɑːseu/,,,,,,,,,,,,,,,,,,,,,,,,,,,,,,,,,,,,,,,,,,,,,,,,,,,,,,,,,,,,,,,,,,,,,,,,,,,,,,,,,,,,,,,,,,,,,,,,,,,,,,,,,,,,,,,,,,,,,,,,,,,,,,,,,,,,,,,,,,,,,,,,,,,,,,,,,,,,,,,,,,,,,,,,,,,,,,,,,,,,,,,,,,,,,,,,,,,,,,,,,,,,,,,,,,,,,,,,,,,,,,,,,,,,,,,,,,,,,,,,,,,,,,,,,,,,,,,,,,,,,,,,,,,,,,,,,,,,,,,,,,,*/wˈoːmi/,
R8,,*/ˌɑbiˈeːŋnu/,,,,,,,,*/ˌɛrˈɑːme/,,,,*/ˌɑːkˈiŋɡe/,*/ˌɑkkˈipitu/,*/ˌɑkkˈipitre/,,*/ˈɑlbɑnu/,*/ˌɑlbɑːnˈensu/,*/ˈɑliu/,,,*/ˌɑmbipˌɑtˈiːnu/,,,*/ˌɑmˈiːku/,*/ˈɑmitɑ/,,,,*/ˌɑɲˈiːllɑ/,*/ˌɑŋɡˈustu/,,*/ˌɑntˈoːniu/,*/ˌɑnˈullɑ/,*/ˌɑppˌɑrɑmˈentu/,*/ˌɑprˈiːle/,*/ˈɑptu/,*/ˌɑrˈeːnɑ/,*/ˌɑrɡˈentu/,,,,*/ˌɑrmˌissˈɑːriu/,,*/ˈɑrku/,*/ˈɑrkɑ/,,*/ˌɑspˈɑrɑɡu/,,*/ˌɑːwˈentu/,,*/ˌɑwɡˈustu/,*/ˌɑwreˈolu/,*/ˈɑwru/,*/ˌɑwˈunkulu/,*/bˈɑlsɑmu/,,*/bˌɑrˈɑtʰru/,*/bˈɑrkɑ/,*/bˌɑrˈoːne/,*/bˌɑttuˈɑːliɑ/,*/bˌɑttuˈɑːliɑ/,,*/bˈeːstiɑ/,*/bˌiːnˈɑːriu/,,,,*/brˈoːtɑskɑ/,*/brˈoːskɑ/,*/brˈuːmɑ/,*/bˌubulkˈeːnsu/,*/bˌubˈulku/,,*/bˈuːfu/,*/bˈullɑ/,*/bˈukkɑ/,*/bˈuksu/,*/bˈurɡu/,*/bˈutte/,*/dˈɛmone/,,*/dˈɑmnu/,,*/dˌeːbitˈoːre/,*/dˌeːbitˌoːrˈitiu/,*/dˌeːbitˈuːrɑ/,,,,,,,*/dˌeːsˌiːdˈeriɑ/,,,,,,*/dˌiːrˈeːktu/,,,,,,,,*/dˌolˈoːre/,,,*/drˌɑnkˈoːne/,*/drˈiːnu/,*/drˌiwˈɑstu/,*/dˈuke/,,,,,*/ˌekku/,,,,*/ˌesˈemplu/,,,,,,,,,,,,,,*/ˌeskˈurtu/,,*/ˌesˈossu/,,*/ˌespˌedˈiːtu/,,,,,,,,,,,,,,,*/ˌeːrˈiːkiu/,,*/ˈeːskɑ/,,,,,*/fˈɑːɡu/,,,*/fˈɑlliu/,,,*/fˌɑlkˈoːne/,,*/fˌɑktˈuːrɑ/,,*/fˌɑmˈiliɑ/,*/fˈɑmulu/,,,,*/fˈɑrmɑku/,*/fˈɑskiɑ/,*/fˌiːleːˈolɑ/,*/fˈɑːtu/,*/fˌɑwˈɑliɑ/,*/fˌebrˈɑːriu/,*/fˈeːminɑ/,*/fˌenˈestrɑ/,*/fˌerrˈuskɑ/,,,*/fˈiːku/,*/fˌiːliˈɑːnu/,*/fˈilikɑ/,,*/fˌilikˈeːtu/,*/fˈiːlu/,*/fˌiriɡilˈiːnu/,,,,,,,*/flˈokku/,*/flˌorˈiːnu/,,*/fˌoliˈɑːtɑ/,*/fˌoːrmˈellɑ/,*/fˈornike/,,*/fˈorte/,*/fˌortˈuːnɑ/,,*/fˌossˈɑːtu/,*/frˈɑksinu/,,,,*/frˈeːnu/,,,,*/flˌiktˈɑːriɑ/,*/frˈuːktu/,,,*/fˈundu/,*/fˈurkɑ/,*/fˈurnu/,*/fˈuskinɑ/,*/fˌuskinˈɑːriu/,*/fˈustulu/,,*/ɡˈɑlbinu/,*/ɡˈɑlɡulu/,,,,*/ɡˈɑttu/,*/ɡˈɑwdiu/,*/ɡˌɑwdiumˈentu/,,,*/ɡˈenistrɑ/,*/ɡˈente/,,,*/ɡlˈemu/,*/lˈiːre/,,*/ɡrˈɛku/,,*/ɡrˈɑːtu/,*/ɡrˈeɡe/,*/ɡrˈemiu/,*/ɡrˌuˈillɑ/,,*/ɡrˈuːmulu/,*/ɡrˈyːpsa/,*/ɡˈulɑ/,,*/ɡˈunnɑ/,*/ɡˈuttɑ/,*/ɡˈyːru/,,*/hˌibernˈiːnu/,,,,,*/hˈoːrɑ/,,*/iˈɑːnuu/,,,,,*/ˈiːlike/,,,*/ˌimpˌerɑːtˈissɑ/,*/pˌerɑːntˈissɑ/,*/ˌimpˌerˌɑːtˈoːre/,*/pˌerɑːntˈoːre/,*/ˌimperˌɑːtoːrˈissɑ/,*/ˌimperˈɑːtu/,,,,,,,*/ˌinˈɑltu/,,*/inbˌoreˈɑːnu/,,,,,,,,,*/ˌiːnfˈernu/,,*/ˌiŋɡrˈɑːtɑ/,*/ˌinimˈiːku/,,,,,,,*/kˈude/,*/kˈudine/,,*/ˌinnˈokʷu/,*/ˌinˈoffulɑ/,,,*/ˌinsˈiɲiɑ/,*/ˈiːnsulɑ/,,,,,,*/ˌinwˈernu/,,,,,,,,*/iˌuːdikˈɑːtɑ/,*/iˌuːdˈikiu/,*/iˌuːnktˈuːrɑ/,*/iˈuːnktu/,,*/iˌuwˈenkɑ/,,*/kˈɛlu/,*/kˌɑlɑmˈeːtu/,*/kˈɑlɑmu/,,*/kˌɑlendˈɑːriu/,*/kˈɑlike/,*/kˌɑlkˈɑːriɑ/,,,,,,,*/kˌɑmˈisiɑ/,*/kˈɑnɑpe/,*/kˌɑndˈeːlɑ/,*/kˈɑne/,,*/kˌɑnnˈɑːtɑ/,*/kˌɑnnˈeːtu/,,*/kˈɑntʰɑru/,*/kˈɑntikɑ/,*/kˌɑntikˈellu/,,*/kˌɑpreˈolu/,*/kˌɑpissˈɑːtɑ/,,*/kˌɑpˈistru/,,*/kˌɑːpˈoːne/,*/kˈɑpreu/,,*/kˈɑrie/,,,,,,,*/kˌɑrsˈɑːnɑ/,*/kʰˈɑrtɑ/,,*/kˌɑstˈɑneɑ/,*/kˌɑstɑnˈettu/,*/kˌɑstˈellɑ/,*/kˌɑstˈellu/,,,,,*/kˈentru/,,,,*/kˌerɑsiˈɑːriu/,*/kˌerebˈellu/,*/kˌerˈebru/,*/kˈerru/,,,,,*/kˈikere/,,*/kˈiːmikɑ/,*/kˌiːmˈussɑ/,,,,*/kˈirkulu/,*/kˈirku/,,*/kˌiːwitˈɑːte/,,,,*/klˈɑːwɑnu/,*/klˌɑwsitˈuːrɑ/,,,,*/klˌeːmˈeːnte/,*/klˌomˈostu/,,,*/kˌoŋnˈɑːtu/,*/kˌohˌeːrˈeːde/,,,,,,,*/kˌolˈostru/,,,*/kˈonkʰɑ/,*/kˈokkɑ/,*/kˈokkeu/,*/kˈokʷu/,*/kˈoksɑ/,,,*/kˌommˈerkiu/,,,,,*/kˈomputu/,*/kˌoːnfˈiːniu/,*/kˌoːnsˈiliu/,,*/kˌonsˌobrˈiːnu/,,*/kˈonsule/,,,*/kˌontrˈɑːriu/,*/kˌontrɑːstˈɑːriu/,*/kˌonˈukulɑ/,,*/kˌonwˈentu/,,*/kˈorbulɑ/,,*/kˈoriu/,*/kˌornˈikulu/,,*/kˌorˈoːnɑ/,,,*/kˌortˈiːnɑ/,*/kʰˈoru/,*/kˌorwˈiːnu/,*/kˈorwu/,*/kˈossu/,*/kˌotˈoːneu/,,*/krˈɑːpulu/,,,*/krˌeɑːtˈuːrɑ/,*/krˈeːtiku/,,,,*/krˈistɑ/,,,,*/krˈokulu/,*/krˈonsoku/,,,*/kˈubitu/,,*/kˈukuru/,,,*/kˈulme/,*/kˈumulu/,*/kˈulumu/,*/kˈuneu/,,,*/kˈuppu/,*/kˈuppɑ/,,,,,*/kʷˈɑdru/,,,,*/kʷˈɑrtu/,*/kʷˌɑsˈillu/,,*/kʷiˈeːtu/,,,*/kˈypreu/,,,*/lˌɑkˈoːne/,*/lˈɑksɑ/,,*/lˈɑkʷeu/,,,*/lˌɑŋɡʷˈoːre/,*/lˌɑnkiˈɑːriɑ/,,*/lˈɑːrɡu/,*/lˈɑːridu/,*/lˈɑssu/,*/lˌɑtˈiːnu/,,,,,,*/lˈɑwru/,*/lˈeːɡe/,,*/leˈoːne/,*/lˈepore/,,,*/lˈiːberu/,,,,*/lˈiːliu/,*/lˈiːkiu/,,,*/lˈiːnu/,,,*/lˈissu/,*/lˈitterɑ/,,*/lˌukˈernɑ/,*/lˈukru/,*/lˈuktɑ/,,*/lˌuktɑtˈoːre/,*/lˈuntre/,*/lˌupekkˈɑːtu/,*/lˌupukˈerwulu/,*/lˈuːstru/,*/mˈɛstru/,,,*/mˌɑɡistˈeriku/,,*/mˈɑːiu/,,,,*/mˌɑlˈeːtu/,*/mˈɑlleu/,,,*/mˈɑlu/,,*/mˈɑnikɑ/,,,,*/mˈɑnku/,,,*/mˈɑnkinu/,*/mˈɑnktu/,*/mˈɑrɡine/,,,*/mˌɑrelˈuːkiu/,,,,*/mˈɑrku/,*/mˈɑrmure/,*/mˌɑrruːkˌiːnˈeːtu/,*/mˈɑːrte/,*/mˌɑːrtˈiːnu/,,*/mˈɑru/,*/mˌɑrˈuːnu/,*/mˈɑskulu/,,,*/mˌɑtˈɑksu/,,*/mˌɑːtrˈiːkulɑ/,*/mˌɑtteˈukku/,,*/mˌedikˈɑstru/,*/mˈediku/,,*/mˈediu/,,,*/mˈente/,,*/mˌerˈiːdie/,,,,,,,*/mˈiːliɑ/,,,,,,,,*/mˈodiu/,*/mˈodu/,*/mˌolˈɑːre/,*/mˌolˈiːnu/,*/mˌoːmˈentu/,*/mˈonɑkʰu/,,,*/mˈorte/,*/mˈuːku/,,,*/mˈuːlu/,,*/mˈuːru/,*/mˌuskelˈɑːriu/,,*/mˈuskulu/,*/mˈuːsku/,*/mˈustu/,,,,*/nˌɑːtˈuːrɑ/,*/mˈeɡulɑ/,,,*/nˈoːdu/,*/nˈoːdulu/,,*/nˈonnu/,,*/nˌowˈɑstru/,*/nˌowˈerkɑ/,,*/nˈumeru/,*/nˈuptiɑ/,,*/ˌofˈellɑ/,*/ˌoleˈɑstru/,*/ˈoleɑstru/,*/ˈoleu/,*/ˌoliːwˈɑːnu/,,,*/ˈoːrbu/,,*/ˌordinˈɑːtɑ/,*/ˈordine/,*/ˈornu/,*/ˈorfɑnu/,,*/ˈoːtu/,,,,*/pˌɑdˈuːle/,,*/pˌɛnitˈentiɑ/,,*/pˌɑɡɑːtˈuːrɑ/,,,,*/pˌɑlˈumbu/,*/pˈɑːke/,,,*/pˌɑlˈɑːtiu/,,,,,,,*/pˌɑrˈente/,*/frˌɑseˈolu/,*/fˌɑseˈolu/,,*/pˈɑssu/,*/pˌɑstuːrˈɑːku/,,,*/pˈɑwku/,,,*/pˌɑːwulˈoːne/,,,*/ˌimpˈedikɑ/,*/pˌekˈuliu/,*/pˈeːnsɑ/,,*/pˈepine/,,*/pˈerɡulɑ/,,,,,,,,*/pˈessikɑ/,,,*/pˈettiɑ/,*/pˈiŋnu/,,,,,,*/pˈilleu/,,*/pˈiːpɑ/,*/pˈiske/,*/pˌiskɑtˈoːre/,,,*/pˈittɑ/,*/pˈittiku/,*/pˈittulɑ/,,,*/plˈɑnku/,*/plˈɑntiku/,,*/plˌikˈiːnu/,*/plˈiktiu/,*/plˈoːpu/,*/plˈumbu/,,*/pˌollikˈɑːriu/,*/pˌollikˈɑːre/,,,*/pˈorru/,*/pˈopulu/,*/pˌorrˈikiu/,,*/pˌorrˈiːnu/,,,,,,*/pˌotestˈɑːte/,*/pˈottu/,,,,,,*/prˌiːmɑwˈeːrɑ/,,,,,*/prˈoksimu/,,,,*/pˈuːbliku/,*/pˈullɑ/,*/pˈullu/,*/pˈulpɑ/,*/pˈulwere/,*/pˈuŋɡɑ/,,,*/pˈuteu/,,*/fˈɑru/,,,,,,,,*/rˈɑːpu/,*/rˈɑːru/,,*/rˌɑːstˈellu/,*/ˌɑdrˌɑːtiˈoːne/,,,,*/rˈeːɡulu/,,*/rˈeːmu/,,,,,*/rˈeːste/,,,*/rˈikinu/,,,,,*/rˌoːmˈɑːnu/,*/rˈombu/,*/rˈombulu/,,,,,*/rˈotulu/,,,,,,,,,*/sˌɑbˈurru/,*/sˈɛkulu/,*/sˌɑɡˈittɑ/,,,*/sˈɑɡu/,*/sˈɑkkulu/,,,,,*/sˌɑlikˈeːtu/,,,,,,,*/sˌɑːnitˈɑːte/,,,,,*/sˈɑːnktu/,,,,,*/kˌɑlikesˈɑːnktu/,,,,*/sˈɑpu/,*/sˈɑrikɑ/,*/sˌɑlikinˈɑːriu/,*/sˌɑrmˈentu/,,*/sˌekrˈeːtu/,,,,,,,,*/sˌerwˈitiu/,*/sˌerwiːtˈoːre/,*/sˌerwiːtˈuːrɑ/,*/sˈessu/,,*/sˈiŋnu/,,,,,,*/sˈiːnu/,*/sˈirpu/,,*/skˈɑbie/,,*/skˈɑmnu/,,*/skˈɑndulu/,,,,*/ˌesklˈoːppu/,,,,,,,,*/skˈulkɑ/,,*/skˈuːtu/,*/skʷˈɑːtu/,*/sˈulku/,,,*/sˈokiu/,,*/sˌoːlˈɑːnu/,*/sˈolu/,,*/sˈorte/,,,*/spˈɑtʰɑ/,,,,,*/spˈiːritu/,*/spˈissu/,,,,,*/stˈɑmnu/,*/stˈɑnku/,,*/stˈɑːtu/,*/stˌernˈɑːku/,*/strˈɑmbu/,,*/strˈɑːtu/,*/strˈiːɡɑ/,*/strˈinktu/,,,,*/stˈurnu/,,,,,,,,,,*/sˈummɑ/,*/sˌuperkˌɑdˈɑːle/,,*/sˈurdu/,,,*/tˈɑːktu/,,,,,*/tˌɑwˈernɑ/,,*/tˈɑwɾu/,*/tˈeɡmine/,,,,,,,*/tˌerrɛmˈoːtu/,*/tˌerrˈɑːtiku/,*/tˈestiɑ/,,*/tˌiːmˈoːne/,*/tˌimˈoːre/,,,,*/tˌinnˈunkulu/,*/tˈitulu/,,*/tˈorkulu/,*/tˈornu/,,,*/trˈɑbu/,,*/trˌɑiˌektˈoriu/,,,,,*/trˈiːbulu/,,,*/trˌifˈiliu/,*/trˌifˈurku/,*/trˌiːmeːnsˈɑːnɑ/,,*/trˈiːste/,,,,,*/trˈunku/,,,*/tˈufɑ/,,*/tˈumulu/,,,,,*/tˈurbulu/,*/tˈurmɑ/,,*/tˈurre/,*/tˈurture/,*/t͡sˈikɑ/,,,,,*/ˌutrˈiːnu/,,*/wˈɑku/,,,,*/wˈɑlle/,,,,*/wˈeːlu/,*/wˌenˈeːnɑ/,*/wˌenˈeːnu/,,,,*/wˌeːritˈɑːte/,*/wˌerrˈikulu/,*/wˈersɑ/,,,*/wˈeːsku/,*/wˌeːssˈiːkɑ/,*/ˌinwˌeːssˈiːkɑ/,,,*/wˈetere/,,,,,*/wˌiːkˈiːnu/,,,,*/wˌiːneˈɑːlu/,*/ˌinwˌiɡˈiliu/,*/wˈirɡine/,*/wˌirɡˈɑːnu/,*/wˈiridɑ/,*/wˈiride/,*/wˌirtˈuːte/,,*/wˈistulu/,*/wˈisku/,*/wˈitiu/,,,,,,*/wˈolpulu/,*/wˌoluntˈɑːte/,,
R9,,,,,,,,,,,,,,,,,,,,,,,,,,,,,,,,,,,,,,,,,,,,,,,,,,,,,,,,,,,,,,,,,,,,,,,,,,,,,,,,,,,,,,,,,,,,,,,,,,,,,,,,,,,,,,,,,,,,,,,,,,,,,,,,,,,,,,,,,,,,,,,,,,,,,,,,,,,,,,,,,,,,,,,,,,,,,,,,,,,,,,,,,,,,,,,,,,,,,,,,,,,,,,,,*/fˈurnike/,*/fˌurnikˈiːɑ/,,,,,,,,,,,,,,,,,,,,,,,,,,,,,,,,,,,,,,,,,,,,,,,,,,,,,,,,,,,,,,,,,,,,,,,,,,,,,,,,,,,,,,,,,,,,,,,,,,,,,,*/ˌinkˌunsoːlˈɑːnioː/,,,,,,,,,,,,,,,,,,,,,,,,,,,,,,,,,,,,,,,,,,,,,,,,,,,,,,,,,,,,,,,,,,,,,,,,,,,,,,,,,,,,,,,,,,,,,,,,,,,,,,,,,,,,,,,,,,,,,,,,,,,,,,,,*/kˈunkʰɑ/,,,,,,,,,*/kˈumpɑter/,*/kˌumpˌutˈɑːnioː/,*/kˌumpˌutˈɑːnioː/,*/kˈumputu/,*/kˌunfˈiːniu/,*/kˌunsˈiliu/,*/kˌunskrˌiptˈɑːnioː/,*/kˌunsˌobrˈiːnu/,*/kˌunstˈɑːnioː/,*/kˈunsule/,*/kˌuntˌentˈɑːnioː/,*/kˈuntrɑː/,*/kˌuntrˈɑːriu/,*/kˌuntrɑːstˈɑːriu/,,,,,,,,,,,,,,,,,,,,,,,,,,,,,,,,,*/krˈunsoku/,,,,,,,,,,,,,,,,,,,,,,,,,,,,,,,,,,,,,,,,,,,,,,,,,,,,,,,,,,,,,,,,,,,,,,,,,,,,,,,,,,,,,,,,,,,,,,,,,,,,,,,,,,,,,,,,,,,,,,,,,,,,,,,,,,,,,,,,,,,,,,,,,,,,,,,,,,,,*/mˈunɑkʰu/,,,,,,,,,,,,,,,,,,,,,,,,,,,,,,,,,,,,,,,,,,,,,,,,,,,,,,,,,,,,,,,,,,,,,,,,,,,,,,,,,,,,,,,,,,,,,,,,,,,,,,,,,,,,,,,,,,,,,,,,,,,,,,,,,,,,,,,,,,,,,,,,,,,,,,,,,,,,,,,,,,,,,,,,,,,,,,,,,,,,,,,,,,,,,,,,,,,,,,,,*/rˈumbu/,*/rˈumbulu/,*/rˌumfˈɛɑ/,,,,,,,,,,,,,,,,,,,,,,,,,,,,,,,,,,,,,,,,,,,,,,,,,,,,,,,,,,,,,,,,,,,,,,,,,,,,,,,,,,,,,,,,,,,,,,,,,,,,,,,,,,,,,,,,,,,,,,,,,,,,,,,,,,,,,,,,,,,,,,,,,,,,,,,,,,,,,,,,,,,,,,,,,,,,,,,,,,,,,,,,,,,,,,,,,,,,,,,,,,,,,,,,,,,,,,,,,,,,,,,,,,,,,,,,,,,,,,,,,,,,,,,,,,,,,,,,,,,,,,,,,,,
R10,,,,,,,,,,,,,,,,,,,,,,,,,,,,,,,,,,,,,,,,,,,,,,,,,,,,,,,,,,,,,,,,,,,,,,,,,,,,,,,,,,,,,,,,,,,,,,,,,,,,,,,,,,,,,,,,,,,,,,,,,,,,,,,,,,,,,,,,,,,,,,,,,,,,,,,,,,,,,,,,,,,,,,,,,,,,,,,,,,,,,,,,,,,,,,,,,,,,,,,,,,,,,,,,,,,,,,,,,,,,,,,,,,,,,,,,,,,,,,,,,,,,,,,,,*/ɡlˌemːerˈɑːtɑ/,,,,,,,,,,,,,,,,,,,,,,,,,,,,,,,,,,,,,,,,,,,,,,,,,,,,,,,,,,,,,,,,,,,,,,,,,,,,,,,,,,,,,,,,,,,,,,,,,,,,,,,,,,,,,,,,,,,,,,,,,,,,,,,,,,,,,,,,,,,,,,,,,,,,,,,,,,,,,,,,,,,,,,,,,,,,,,,,*/klˌemːˈostu/,,,,,,,,,,,,,,,,,,,,,,,,,,,,,,,,,,,,,,,,,,,,,,,,,,,,,,,,,,,,,,,,,,,,,,,,,,,,,,,,,,,,,,,,,,,,,,,,,,,,,,,,,,,,,,,,,,,,,,,,,,,,,,,,,,,,,,,,,,,,,,,,,,,,,,,,,,,,,,,,,,,,,,,,,,,,,,,,,,,,,,,,,,,,,,,,,,,,,,,,,,,,,,,,,,,,,,,,,,,,,,,,*/mˌeːmːˈentu/,,,,,,,,,,,,,,,,,,,,,,,,,*/nˌemːinˈɑːnioː/,,,,,,,,,,,,,,,,,,,,,,,,,,,,,,,,,,,,,,,,,,,,,,,,,,,,,,,,,,,,,,,,,,,,,,,,,,,,,,,,,,,,,,,,,,,,,,,,,,,,,,,,,,*/pˈeːmːɑ/,,,,,,,,,,,,,,,,,,,,,,,,,,*/prˌeːmːˌittˈonioː/,,,,,,,,,,,,,,,,,,,,,,,,,,,,,,,,,,,,,,,,,,,*/rˌeːmːˈɑːnu/,,,,,,,,,,,,,,,,,,,,,,,,,,,,,,,,,,,,,,,,,,,,,,,,,,,,,,,,,,,,,,,,,,,,,,,,,,,,,,,,,,,,,,,,,,,,,,,,,,,,,,,,,,,,,,,,,,,,,,,,,,,,,,,,,,,,,,,,,,,,,,,,,,,,,,,,,,,,,,,,,,,,,,,,,,,,,,,,,,,,,,,,,,,,,,,,,,,,,,,,,,,,,,,,,,,,,,,,,,,,,,,,,,,,,,,,,,,,,,,,,,,,,,,,,,,,,,,,,,,,,,,,,,,,,,
R11,,,,,,,,,,,,,,,,,,,,,,,,,,,,,,,,,,,,,,,,,,,,,,,,,,,,,,,,,,,,,,,,,,,,,,,,,,,,,,,,,,,,,,,,,,,,,,,,,,,,,,,,,,,,,,,,,,,,,,,,,,,,,,,,,,,,,,,,,,,,,,,,,,,,,,,,,,,,,,,,,,,,,,,,,,,,,,,,,,,,,,,,,,,,,,,,,,,,,,,,,,,,,,,,,,,,,,,,,,,,,,,,,,,,,,,,,,,,,,,,,,,,,,,,,,,,,,,,,,,,,,,,,,,,,,,,,,,,,,,,,,,,,,,,,,,,,,,,,,,,,,,,,,,,,,,,,,,,,,,,,,,,,,,,,,,,,,,,,,,,,,,,,,,,,,,,,,,,,,,,,,,,,,,,,,,,,,,,,,,,,,,,,,,,,,,,,,,,,,,,,,,,,,,,,,,,,,,,,,,,,,,,,,,,,,,,,,,,,,,,,,,,,,,,,,,,,,,,,,,,,,,,,,,,,,,,,,,,,,,,,,,,,,,,,,,,,,,,,,,,,,,,,,,,,,,,,,,,,,,,,,,,,,,,,,,,,,,,,,,,,,,,,,,,,,*/lˈepoʎeː/,,,,,,,,,,,,,,,,,,,,,,,,,,,,,,,,,,,,,,,,,,,,,,,,,,,,,,,,,,,,,,,,,,,,,,,,,,,,,,,,,,,,,,,,,,,,,,,,,,,,,,,,,,,,,,,,,,,,,,,,,,,,,,,,,,,,,,,,,,,,,,,,,,,,,,,,,,,,,,,,,,,,,,,,,,,,,,,,,,,,,,,,,,,,,,,,,,,,,,,,,,,,,,,,,,,,,,,,,,,,,,,,,,,,,,,,,,,,,,,,,,,,,,,,,,,,,,,,,,,,,,,,,,,,,,,,,,,,,,,,,,,,,,,,,,,,,,,,,,,,,,,,,,,,,,,,,,,,,,,,,,,,,,,,,,,,,,,,,,,,,,,,,,,,,,,,,,,,,,,,,,,,,,,,,,,,,,,,,,,,,,,,,,,,,,,,,,,,,,,,,,,,,,,,,,,,,,,,,,,,,,,,,,,,,,,,,,,,,,,,,,,,,,,,,,,,,,,,,,,,,,,,,,,,,,,,,,,,,,,,,,,,,,,,,,,,,,,,,,,,,,,,,,,,,,,,,,,,,,,,,,,,,,,,,,,,,,,,,,,,,,,,,,,,,,,,,,,,,,,,,,,,,,,,,
R12,,,,,,,,,,,,,,,,,,,,,,,,,,,,,,,,,,,,,,,,,,,,,,,,,,,,,,,,,,,,,,,,,,*/bˌiːniˈɑːriu/,,,,,,,,,,,,,,,,,,,,,,,,,,,,,,,,,,,,,,,,,,,,,,,,,,,,,,,,,,,,,,,,,,,,,,,,,,,,,,,,,,,,,,,,,,,,,,,,,,,,,,,,,,,,,,,,,,,,,,,,,,,,,,,,,,,,,,,*/flˈɑːminiɑ/,,,,,,,,,,,,,,,,,,,,,,,,,,,,*/fˈuskiniɑ/,*/fˌuskiniˈɑːriu/,,,,,,,,,,,,,,,,,,,,,,,,,,,,,,,,,,,,,,,,,,,,,,,,,,,,,,,,,,,,,,,,,,,,,,,,,,,,,,,,,,,,,,,,,,,,,,,,,,,,,,,,,,,,,,,,,,,,,,,,,,,,,,,,,,,,,,,,,,,,,,,,,,,,*/kˌɑrminiˈɑːnioː/,,,,,,,,,,,,,,,,,,,,,,,,,,,,,,,,,,,,,,,,,,,,,,,,,,,,,,,,,,,*/kˌolumbinˈiːɑ/,,,,,,,,,,,,,,,,,,,,,,,,,,,,,,,,,,,,,,,,,,,,,,,,,,,,,,,,,,,,,,,,,,,,,,,,,,,,,,,,,,,,,,,,,,,,,,,,,,,,,,,,,,,,,,,,,,,,,,,,,,,,,,,,,,,,,,,,,,,,,,,,,,,,,,,,,,,,,,,,,,,,,,,,,,,,,,,,,,,,,,,,,,,,,,,,,,,,,,,,,,,,,,,,,,,,,,,,,,,,,,,,,,,,,,,,,,,,,,,,,,,,,,,,,,,,,,,,,,,,,,,,,,,,,,,,,,,,,,,,,,,,,,,,,,,,,,,,,,,,,,,,,,,,,,,,,,,,,,,,,,,,,,,,,,,,,,,,,,,,,,,,,,,,*/pˌorrinˈiːɑ/,,,,,,,,,,,,,,,,,,,,,,,,,,,,,,,,,,,,,,,,,,,,,,,,,,,,,,,,,,,,,,,,,,,,,,,,,,,,,,,,,,,,,,,,,,,,,,,,,,,,,,,,,,,,,,,,,,,,,,,,,,,,,,,,,,,,,,,,,,,,,,,,,,,,,,,,,,,,,,,,,,,,,,,,,,,,,,,,,,,,,,,,,,,,,,,,,,,,,,,,,,,,,,,,,,,,,,,,,,,,,,,,,,,,,,,,,,,,,,,,,,,,,,,,,,,,,,,,,,,,,,,,,,,,,,,,,,,,,,,,,,,,,,,,,,,,,,,,,,,,,,,,,,,,,,,,,,,,,,,,,,,,,,,,,,,,,,
R13,*/ˌɑbˌerrˈɑːnjoː/,*/ˌɑbjˈeːŋnu/,*/ˌɑbjˈeːŋnjɑ/,,,,*/ˌɑdˌoːrˈɑːnjoː/,,,,*/ˌɛstimˈɑːnjoː/,,,,,,*/ˌɑsˈuɲjɑ/,,,*/ˈɑlju/,,,,*/ˌɑmbulˈɑːnjoː/,,,,,,,,,*/ˌɑŋɡustˈɑːnjoː/,*/ˌɑntˈoːnju/,,,,,,,,*/ˌɑrmˈɑːnjoː/,,*/ˌɑrmˌissˈɑːrju/,*/ˌɑrrˌiːwˈɑːnjoː/,,,,,,,,,*/ˌɑwrjˈolu/,,,,*/bˈɑlnjɑ/,,,,*/bˌɑttwˈɑːljɑ/,*/bˌɑttwˈɑːljɑ/,*/bˌenediːkˈonjoː/,*/bˈeːstjɑ/,*/bˌiːnjˈɑːrju/,,,,,,,,,,,,,,,,,*/dˌɑmnˈɑːnjoː/,,*/dˌeːbitˈɑːnjoː/,,*/dˌeːbitˌoːrˈitju/,,*/dˌeːlˌiːberˈɑːnjoː/,*/dˌeːkˌɑptˈɑːnjoː/,*/dˌeːpˌenetrˈɑːnjoː/,*/dˌeːpˌositˈɑːnjoː/,*/dˌeːrˌɑːmˈɑːnjoː/,*/dˌeːsˌiːderˈɑːnjoː/,*/dˌeːsˌiːdˈerjɑ/,,*/djˈɑːnɑ/,*/dˌiɡitˈɑːnjoː/,*/dˈiɲjɑ/,*/dˌiːriɡˈɑːnjoː/,,,*/dˌiskˌɑbɑllikˈɑːnjoː/,*/dˌiskˌɑrrikˈɑːnjoː/,,*/dˌiskʷˌiritˈɑːnjoː/,*/dˌiswˌeːlˈɑːnjoː/,*/mˌodestikˈɑːnjoː/,,*/edˌoːnˈɑːnjoː/,,,,,,*/dˌuplikˈɑːnjoː/,,*/ˌeːdˌiktˈɑːnjoː/,,,,*/ˌesˌɑmputˈɑːnjoː/,*/ˌesˌɑnimˈɑːnjoː/,,*/ˌeshonorˈɑːnjoː/,*/ˌesˈiɲjoː/,*/ˌeskˌɑbɑllikˈɑːnjoː/,*/ˌeskˌɑlˈɑːnjoː/,*/ˌeskˌɑmbjˈɑːnjoː/,*/ˌeskˌɑndˈeːnjoː/,*/ˌeskˌɑrdjˈɑːnjoː/,*/ˌeskˌɑrptˈɑːnjoː/,*/ˌeskˌɑtʰedrˈɑːnjoː/,*/ˌeskˌɑwdikˈɑːnjoː/,,,*/ˌeskˌurtˈɑːnjoː/,,,,*/ˌespˌediːtˈɑːnjoː/,,*/ˌespˌellɑwˈɑːnjoː/,*/ˌespˌerlɑwˈɑːnjoː/,*/ˌesrˌiːmˈɑːnjoː/,*/ˌestˌenwˈɑːnjoː/,,*/ˌesˌuŋɡulˈɑːnjoː/,*/ˌeswˌiɡilˈɑːnjoː/,,,,,,*/ˌeːrˌɑːdikˈɑːnjoː/,,*/ˌeːrˈiːkju/,*/rˌewˈiljɑ/,,,,,*/fˌɑbrikˈɑːnjoː/,,*/fˌɑlljˈeːnjoː/,*/fˌɑllˈeːnjoː/,*/fˈɑllju/,,*/fˌɑlkˈiːnjɑ/,,*/fˈɑkjeː/,,,*/fˌɑmˈiljɑ/,,,*/fˌɑːrinˈɑːnjoː/,,,*/fˈɑskjɑ/,*/fˌiːljˈolɑ/,,*/fˌɑwˈɑljɑ/,*/fˌebrˈɑːrju/,,,,,*/fˌidˈɑːnjoː/,,*/fˌiːljˈɑːnu/,,*/fˌiljˈɑster/,,,,,*/fˌistulˈɑːnjoː/,,,*/flˈɑːminjɑ/,,,,*/flˌuktulˈɑːnjoː/,*/fˌoljˈɑːtɑ/,,,,,,,,,,,,,*/frˌiːɡˈonjoː/,*/frˌiːɡulˈɑːnjoː/,*/frˌikˈɑːnjoː/,*/flˌiktˈɑːrjɑ/,,,,,,,*/fˈuskinjɑ/,*/fˌuskinjˈɑːrju/,,*/fˈutwoː/,,,*/ɡˌɑllinˈɑːtjɑ/,,,,*/ɡˈɑwdju/,*/ɡˌɑwdjumˈentu/,*/ɡˌemˈonjoː/,,,,,,,,,,,,,*/ɡrˈemju/,,*/ɡrˌuːmulˈɑːnjo/,,,,,,,,*/hˌɑstˈiːljɑ/,,*/hˌibˌernˈiːdjɑ/,,*/hˌinnikulˈɑːnjoː/,*/hˌernidzˈɑːnjoː/,,*/hˌorrˈeːnjoː/,*/jˈɑːnwu/,,*/jˌejuːnˈɑːnjoː/,,*/ˈiːljɑ/,,,*/ˌimpɑrˈɑːnjoː/,,,,,,,,*/ˌimplˌɑntˈɑːnjoː/,*/ˌimplˈeːnjoː/,,,*/ˌinˌɑltjˈɑːnjoː/,,*/ˌinˌɑwritˈɑːnjoː/,*/inbˌorjˈɑːnu/,*/ˌindˌeːspikˈɑːnjoː/,,*/ˌindˌikˈonjoː/,*/ˌindˌiktˈɑːnjoː/,*/ˌindˌireːktˈɑːnjoː/,*/ˌindˌirˈeːktjoː/,,*/ˌinfˌɑskjˈɑːnjoː/,,*/ˌiŋɡɑnnjˈeːnjoː/,,,*/ˌinkˌɑbɑllikˈɑːnjoː/,*/ˌinkˌɑrrikˈɑːnjoː/,*/ˌinkˌɑwsinˈɑːnjoː/,*/ˌinkoɲˌyːrˈɑːnjoː/,*/ˌinkˌunsoːlˈɑːnjoː/,,,,*/ˌinkˌunjˈɑːnjoː/,,,,*/inpˌensˈɑːnjoː/,*/ˌinsˈiɲjɑ/,,*/ˌintˌelliɡˈonjoː/,*/ˌintˌeɡrˈɑːnjo/,,*/ˌintiɲjˈonjoː/,*/ˌinwˌernˈɑːljɑ/,,*/ˌinwˌidjˈɑːnjoː/,*/wˌiːtˈɑːnjoː/,*/ˌinwˌitjˈɑːnjoː/,,,,*/jˌuːdikˈɑːnjoː/,*/jˌuːdikˈɑːtɑ/,*/jˌuːdˈikju/,*/jˌuːnktˈuːrɑ/,*/jˈuːnktu/,*/jˌuːrˈɑːnjoː/,*/jˌuwˈenkɑ/,,,,,,*/kˌɑlendˈɑːrju/,,*/kˌɑlkˈɑːrjɑ/,,,*/kˌɑmbjˈɑːnjoː/,,,,*/kˌɑmˈisjɑ/,,,,,,,*/kˌɑntˈɑːnjoː/,,,,,*/kˌɑprjˈolu/,,*/kˌɑpissˈonjoː/,,,,*/kˈɑprju/,,*/kˈɑrje/,*/kˌɑrpˈutjoː/,,*/kˌɑrminjˈɑːnjoː/,,,*/kˌɑrrˌiːkulˈɑːnjoː/,,,,*/kˌɑstˈɑnjɑ/,,,,,,,,,*/kˌentrˈɑːnjoː/,,,*/kˌerɑsjˈɑːrju/,,,,,*/kˌertˈɑːnjoː/,*/kjˈeːnjoː/,,,*/kˌikʰˈorjɑ/,,,,*/kˌirkˈɑːnjoː/,,,,,,*/klˌɑːmˈɑːnjoː/,*/klˌɑːrˈɑːnjoː/,,,,,,,,,*/kˌoˌeːmptˈɑːnjoː/,*/kˌoːɡitˈɑːnjoː/,,,*/kˌoˈiːnjoː/,*/kˌolˈɑːnjoː/,,*/kˌollˌuktjˈɑːnjoː/,*/kˌollˌuːktˈɑːnjoː/,*/kˌollˌiːmitˈɑːnjoː/,,,*/kˌolumnˈɑːtjɑ/,,,*/kˈokkju/,,,,,*/kˌommˈerkju/,*/kˌommuniːkˈɑːnjoː/,,*/kˌumpˌutˈɑːnjoː/,*/kˌumpˌutˈɑːnjoː/,,*/kˌunfˈiːnju/,*/kˌunsˈilju/,*/kˌunskrˌiptˈɑːnjoː/,,*/kˌunstˈɑːnjoː/,,*/kˌuntˌentˈɑːnjoː/,,*/kˌuntrˈɑːrju/,*/kˌuntrɑːstˈɑːrju/,,*/kˌonwˌentˈɑːnjoː/,,,,,*/kˈorju/,,,,,,,,,,,*/kˌotˈoːnju/,*/kˌottidzˈɑːnjoː/,,*/krˌeˈɑːnjoː/,*/krˌeˈɑːntjɑ/,,,,,,,,,,,,,,,,,,,,,,*/kˈunju/,*/kˌunjˈɑːnjoː/,*/kˌunktˈɑːnjoː/,,,*/kˌuːrˈɑːnjoː/,*/kˌurtjˈɑːnjoː/,,,,*/kʷˌɛrˈonjoː/,,,,,,*/kʷjˈeːtu/,,,*/kˈyprju/,,,,,*/lˌɑsˈɑːnjoː/,*/lˈɑkʷju/,*/lˌɑŋɡʷˈeːnjoː/,*/lˌɑŋɡʷˈoːrjɑ/,,*/lˌɑnkjˈɑːrjɑ/,*/lˌɑpˈɑtʰjɑ/,,,,,*/lˌɑwˈɑːnjoː/,,,,,,,*/lˌentˈɑːnjoː/,*/ljˈoːne/,,,,,,*/lˌiːberˈɑːnjoː/,,*/lˈiːlju/,*/lˈiːkju/,,*/lˌiːmˈɑːnjoː/,,*/lˈiːnjɑ/,,,,*/lˌuːdˈonjoː/,,,,*/lˌuktˈɑːnjoː/,,,,,,,,*/mˌɑɡisterˈɑːnjoː/,,*/mˌɑjˈɑːrjɑ/,*/mˈɑːju/,*/mˌɑludiːkˈonjoː/,*/mˌɑlletjˈolɑ/,*/mˌɑlljˈolɑ/,,*/mˈɑllju/,*/mˌɑlitjˈɑːnjoː/,*/mˌɑlˌɑŋɡˈenjoː/,,,,*/mˌɑnikˈɑːnjoː/,*/mˌɑnipulˈɑːnjoː/,*/mˈɑnnjɑ/,,,*/mˌɑnkˈɑːnjoː/,,,,,,*/mˌɑrelˈuːkju/,*/mˌɑːriːtˈɑːnjoː/,*/mˌɑːriːtˈɑːnjoː/,*/mˌɑːriːtˈɑːtjɑ/,,,,,,*/mˈɑːrtju/,,,,,*/mˌɑstikˈɑːnjoː/,,,,*/mˌɑttjˈukku/,*/mˌedikˈɑːnjoː/,,,*/mˌeditˈɑːnjoː/,*/mˈedju/,,,,*/mˌeriːdjˈɑːnjoː/,*/mˌerˈiːdje/,*/mˌerɡˈonjoː/,,,*/mˌerulˈɑːnjɑ/,,*/mˌiɡrˈɑːnjoː/,*/mˈiːljɑ/,*/mˌinistrˈɑːnjoː/,,,*/mˌiːrˈɑːnjoː/,,,*/mˌisˈerjɑ/,*/mˈodju/,,,,,,,*/mˌortˈɑːljɑ/,,,,*/mˌulkˈeːnjoː/,,*/mˌurmurˈɑːnjoː/,,*/mˌuskelˈɑːrju/,*/mˌuskˈonjɑ/,,,,*/mˌyriːkˈiːnjɑ/,,,,,,*/nkˌɑrdˌullˈiːkjɑ/,,,*/nˌemːinˈɑːnjoː/,,*/nˌotˈɑːnjoː/,,,*/nˌumerˈɑːnjoː/,,*/nˈuptjɑ/,,,*/ˌoljˈɑstru/,*/ˈoljɑstru/,*/ˈolju/,,,*/ˌoːrˈɑːnjoː/,,*/ˌordinˈɑːnjoː/,,,,,*/ˌoːskitˈɑːnjoː/,,*/ˌoːwˈɑːtjɑ/,,*/pˌɑːbulˈɑːnjoː/,,*/pˌɛnitˈeːnjoː/,*/pˌɛnitˈentjɑ/,,,,,*/pˈɑlljɑ/,,,*/pˌɑːktˈɑːnjoː/,,*/pˌɑlˈɑːtju/,,,,*/pˌɑrˈɑːnjoː/,*/pˌɑrˈɑːnjoː/,*/pˌɑrentˈɑːnjoː/,,*/frˌɑsjˈolu/,*/fˌɑsjˈolu/,,,,*/pˌɑtjˈɑːnjoː/,,,,*/pˌɑwlˈonjoː/,,,,,*/pˌekˈulju/,,*/pˌeːnsˈɑːnjoː/,,,,,*/pˌerˌindulˈeːnjoː/,*/ˌindˌulˈeːnjoː/,*/pˌerpˌɑrˈɑːnjoː/,*/pˌerpˌɑrˈɑːnjoː/,*/pˌerwˌiɡilˈɑːnjoː/,*/pˌessikˈɑːnjoː/,,,,*/pˈettjɑ/,,*/pˌiɡritˈɑːnjoː/,,,,,*/pˈillju/,,,,,*/bˌistˈɑːljɑ/,*/pˌistˈɑːrjɑ/,,,,,*/plˌɑkˈenjoː/,,,,,*/plˈiktju/,,,,*/pˌollikˈɑːrju/,,,,,,*/pˌorrˈikju/,,,,*/pˌosˈɑːnjoː/,,,*/pˌotestˈɑːnjoː/,,,,,*/prˌɛdˈɑːnjoː/,*/prˌɛˈiːnjoː/,,,,,,*/prˌoːhˌibˈeːnjoː/,,*/prˌosimˈɑːnjoː/,*/prˌeːmːˌittˈonjoː/,,,,,,,,,,*/pˈutju/,,,*/rˌɑdˈɑːnjoː/,*/rˈɑdjɑ/,,,,,,,,,,*/ˌɑdrˌɑːtjˈoːne/,,*/rˌefˈernjoː/,,,*/kˈɑːsju/,,*/rˌeniːdˈeːnjoː/,,*/rˌesˌurɡˈonjoː/,,,,*/rˌiɡˈɑːnjoː/,,*/rˌiːmˈɑːnjoː/,,,,,,,,,*/rˌoːsupˈoːnjɑ/,,,,,*/rˌunkˈɑːnjoː/,,,*/rˌumpˈenjoː/,,,,,,*/sˌɛttˈɑːnjoː/,*/sˌɑɡittˈɑːnjoː/,,,*/sˌɑkrˈɑːnjoː/,*/sˈɑlikjɛ/,,,,,*/sˌɑlˈiːnjoː/,*/sˌɑlwˈɑːnjoː/,*/sˌɑlwˈɑːntjɑ/,*/sˌɑlwjˈellɑ/,*/sˌɑːnˈɑːnjoː/,,,*/sˌɑŋɡʷunjˈɑːtɑ/,*/sˌɑɲisˈuɲjɑ/,,,,,,,,,,*/sˌɑppˈɑːnjoː/,,,*/sˌɑlikinˈɑːrju/,,,,*/sˌekʷˈɑːnjoː/,,*/sˈentjɑ/,,,*/sˌertˈɑːnjoː/,*/sˌerwˈinjoː/,*/sˌerwˈitju/,,,,*/sˌiŋnˈɑːnjoː/,,,,,,,,,,*/skˈɑbje/,,,,,,*/skˌintˈiljɑ/,,,,,,,*/skˈoːrjɑ/,*/skˈortjɑ/,*/skrˌiːbˈonjoː/,,,,,,,*/sˈokjɑ/,*/sˈokju/,,,,,,,,,,*/spˌerˈɑntjɑ/,*/spˌeːrˈɑːnjoː/,,,,,*/spˈodjɑ/,,,,,,,,,,,,,*/strˌiŋɡˈonjoː/,,*/stˌuppˈɑːnjoː/,,*/swˌɑːwˈiljɑ/,*/sˌeːdˈɑːnjoː/,,,*/sˌubrˌɑwkˈɑːnjoː/,,*/sˌufferˈinjoː/,,*/sˌuktˈɑːnjoː/,,,,,,,,*/tˌɑsitˈɑːnjoː/,*/tˈɑːljɑ/,*/tˈɑljɑ/,,,,,,,,,,,,,,*/tˈestjɑ/,*/ˌintˌestimˈɑːnjoː/,,,,*/tˈinjɑ/,,,,*/tˌokkˈɑːnjoː/,,,,,,*/trˌɑːdˈonjoː/,*/trˌɑjˌektˈorju/,*/trˌɑktˈɑːnjoː/,,*/trˌɑːnsflˈɑːnjoː/,*/trˌɑːnsˌiɡˈonjoː/,,*/trˌɑːnsmˌedjˈɑːnjoː/,*/trˌifˈoljɑ/,*/trˌifˈilju/,,,,,*/trˌuːdikulˈiːnjoː/,,,,,*/tˌortjˈɑːnjoː/,,,,,,,*/tˌurbˈɑːnjoː/,*/tˌurbulˈɑːnjoː/,,,,,,,*/ˌunkˈɑːnjoː/,,,*/ˌurulˈiːnjoː/,,*/wˌɑɡˈɑːnjoː/,,*/wˌɑlˈenjoː/,,,,,,*/wˌeːlˈɑːtjɑ/,,,,*/wˈenjoː/,*/wˌentˌilˈɑːnjoː/,,,,,*/wˌersˈɑːnjoː/,*/wˌeskˈonjoː/,,,,*/wˌestiɡˈɑːnjoː/,*/wˈestjoː/,,,*/wˌiɡˈiljɑj/,*/inwˌiɡˈiljɑj/,*/wˈikjɑ/,,*/wˌiktˈorjɑ/,*/wˈiktwɑːljɑ/,,*/wˌiːnjˈɑːlu/,*/ˌinwˌiɡˈilju/,,,,,,*/wˌisitˈɑːnjoː/,,,*/wˈitju/,*/wˌitˈuljɑ/,,,*/wˌiːwˈonjoː/,,,,,
R14,,,,,,,,,,,,,,,,,,,,,,,,,,,,,,,,,,,,,,,,,,,,,,,,,,,,,,,,,,,,,,,,,,,,,,,,,,,,,,,,,,,,,,,,,,,,,,,,,,,,,,,,,,,,,,,,,,,,,,,,,,,,,,,,,,,,,,,,,,,,,,,,,,,,,,,,,,,,,,,,,,,,,,,,,,,,,,,,,,,,,,,,,,,,,,,,,,,,,,,,,,,,,,,,,,,,,,,,,,,,,,,,,,,,,,,,,,,,,,,,,,,,,,,,,,,,,,,,,,,,,,,,,,,,,,,,,,,,,,,,,,,,,,,,,,,,,,,,,,,,,,,,,,,,,,,,,,,,,,,,,,,,,,,,,,,,,,,,,,,,,,,,,,,,,,,,,,,,,,,,,,,,,,,,,,,,,,,,,,,,,,,,,,,,,,,,,,,,,,,,,,,,,,,,,,,,,,,,,,,,,,,,,,,,,,,,,,,,,,,,,,,,,,,,,,,,,,,,,,,,,,,,,,,,,,,,,,,,,,,,,,,,,,,,,,,,,,,,,,,,,,,,,,,,,,,,,,,,,,,,,,,,,,,,,,,,,,,,,,,,,,,,,,,,,,,,,,,,,,,,,,,,,,,,,,,,,,,,,,,,,,,,,,,,,,,,,,,,,,,,,,,,,,,,,,,,,,,,,,,,,,,,,,,,,,,,,,,,,,,,,,,,,,,,,,,,,,,,,,,,,,,,,,,,,,,,,,,,,,,,,,,,,,,,,,,,,,,,,,,,,,,,,,,,,,,,,,,,,,,,,,,,,,,,,,,,,,,,,,,,,,,,,,,,,,,,,,,,,,,,,,,,,,,,,,,,,,,,,,,,,,,,,,,,,,,,,,,,,,,,,,,,,,,,,,,,,,,,,,,,,,,,,,,,,,,,,,,,,,,,,,,,,,,,,,,,,,,,,,,,,,,,,,,,,,,,,,,,,,,,,,,,,,,,,,,,,,,,,,,,,,,,,,,,,,,,,,,,,,,,,,,,,,,,,,,,,,,,,,,,,,,,,,,,,,,,,,,,,,,,,,,,,,,,,,,,,,,,,,,,,,,,,,,,,,,,,,,,,,,,,,,,,,,,,,,,,,,,,,,,,,,,,,,,,,,,,,,,,,,,,,,,,,,,,,,,,,,,,,,,,,,,,,,,,,,,,,,,,,,,,,,,,,,,,,,,,,,,,,,,,,,,,,,,,,,,,,,,,,,
R15,,,,,,,,,,,,,,,,,,,,*/ˈɑʎu/,,,,,,,,,,,,,,,,,,,,,,,,,,,,,,,,,,,,,,,,,,*/bˌɑttwˈɑːʎɑ/,*/bˌɑttwˈɑːʎɑ/,,,,,,,,,,,,,,,,,,,,,,,,,,,,,,,,,,,,,,,,,,,,,,,,,,,,,,,,,,,,,,,,,,,,,,,,,,,,,,,,,,,,,,,,,,,,,,,*/rˌewˈiʎɑ/,,,,,,,*/fˌɑʎˈeːnjoː/,,*/fˈɑʎu/,,,,,,,*/fˌɑmˈiʎɑ/,,,,,,,*/fˌiːʎˈolɑ/,,*/fˌɑwˈɑʎɑ/,,,,,,,,*/fˌiːʎˈɑːnu/,,*/fˌiʎˈɑster/,,,,,,,,,,,,,*/fˌoʎˈɑːtɑ/,,,,,,,,,,,,,,,,,,,,,,,,,,,,,,,,,,,,,,,,,,,,,,,,,,,,,,,,,,*/hˌɑstˈiːʎɑ/,,,,,,,,,,,,*/ˈiːʎɑ/,,,,,,,,,,,,,,,,,,,,,,,,,,,,,,,,,,,,,,,,,,,,,,,,,,*/ˌinwˌernˈɑːʎɑ/,,,,,,,,,,,,,,,,,,,,,,,,,,,,,,,,,,,,,,,,,,,,,,,,,,,,,,,,,,,,,,,,,,,,,,,,,,,,,,,,,,,,,,,,,,,,,,,,,,,,,,,,,,,,,,,,,,,,,,,,,,,,,,,*/kˌunsˈiʎu/,,,,,,,,,,,,,,,,,,,,,,,,,,,,,,,,,,,,,,,,,,,,,,,,,,,,,,,,,,,,,,,,,,,,,,,,,,,,,,,,,,,,,,,,,,,,,,,*/ʎˈoːne/,,,,,,,,*/lˈiːʎu/,,,,,,,,,,,,,,,,,,,,,,,,,,,*/mˌɑʎˈolɑ/,,*/mˈɑʎu/,,,,,,,,,,,,,,,,,,,,,,,,,,,,,,,,,,,,,,,,,,,,,,,,,,,,*/mˈiːʎɑ/,,,,,,,,,,,,,,,*/mˌortˈɑːʎɑ/,,,,,,,,,,,,,,,,,,,,,,,,,,,,,,,,*/ˌoʎˈɑstru/,*/ˈoʎɑstru/,*/ˈoʎu/,,,,,,,,,,,,,,,,,,,,,,*/pˈɑʎɑ/,,,,,,,,,,,,,,,,,,,,,,,,,,,*/pˌekˈuʎu/,,,,,,,,,,,,,,,,,,,,,,,*/pˈiʎu/,,,,,*/bˌistˈɑːʎɑ/,,,,,,,,,,,,,,,,,,,,,,,,,,,,,,,,,,,,,,,,,,,,,,,,,,,,,,,,,,,,,,,,,,,,,,,,,,,,,,,,,,,,,,,,,,,,,,,,,,,,,,,,,,,,,,,,,,,,,,,,,,,,,,,,,,,,,,,,,,,,,,,,,,,,,,,,,,,,,,,,,,,,,,,*/skˌintˈiʎɑ/,,,,,,,,,,,,,,,,,,,,,,,,,,,,,,,,,,,,,,,,,,,,,,,,,,*/swˌɑːwˈiʎɑ/,,,,,,,,,,,,,,,,,*/tˈɑːʎɑ/,*/tˈɑʎɑ/,,,,,,,,,,,,,,,,,,,,,,,,,,,,,,,,,,,,,*/trˌifˈoʎɑ/,*/trˌifˈiʎu/,,,,,,,,,,,,,,,,,,,,,,,,,,,,,,,,,,,,,,,,,,,,,,,,,,,,,,,,,*/wˌiɡˈiʎɑj/,*/inwˌiɡˈiʎɑj/,,,,*/wˈiktwɑːʎɑ/,,,*/ˌinwˌiɡˈiʎu/,,,,,,,,,,*/wˌitˈuʎɑ/,,,,,,,,
R16,,,,,,,,,,,,,,,,,,,,,,,,,,,,,,,,,,,,,,,,,,,,,,,,,,,,,,,,,,,,,,,,,*/bˈeːst͡ʃjɑ/,,,,,,,,,,,,,,,,,,,,,,*/dˌeːbitˌoːrˈit͡ʃju/,,,,,,,,,,*/d͡ʒjˈɑːnɑ/,,,,,,,,,,,,,,,,,,,,,,,,,,,,,,,,,,*/ˌeskˌɑrd͡ʒjˈɑːnjoː/,,,,,,,,,,,,,,,,,,,,,,,,,,,,,,,,,,,,,,,,,,,,,,,,,,,,,,,,,,,,,,,,,,,,,,,,,,,,,,,,,,,,,,,,,,,,,,,,,,,,,,,,*/ɡˌɑllinˈɑːt͡ʃjɑ/,,,,*/ɡˈɑwd͡ʒju/,*/ɡˌɑwd͡ʒjumˈentu/,,,,,,,,,,,,,,,,,,,,,,,,,,*/hˌibˌernˈiːd͡ʒjɑ/,,,,,,,,,,,,,,,,,,,,,,,,,*/ˌinˌɑlt͡ʃjˈɑːnjoː/,,,,,,,,,*/ˌindˌirˈeːkt͡ʃjoː/,,,,,,,,,,,,,,,,,,,,,,,,,,,,*/ˌinwˌid͡ʒjˈɑːnjoː/,,*/ˌinwˌit͡ʃjˈɑːnjoː/,,,,,,,,,,,,,,,,,,,,,,,,,,,,,,,,,,,,,,,,,,,,,,*/kˌɑrpˈut͡ʃjoː/,,,,,,,,,,,,,,,,,,,,,,,,,,,,,,,,,,,,,,,,,,,,,,,,,,,,,,,,,*/kˌollˌukt͡ʃjˈɑːnjoː/,,,,,*/kˌolumnˈɑːt͡ʃjɑ/,,,,,,,,,,,,,,,,,,,,,,,,,,,,,,,,,,,,,,,,,,,,,*/krˌeˈɑːnt͡ʃjɑ/,,,,,,,,,,,,,,,,,,,,,,,,,,,,*/kˌurt͡ʃjˈɑːnjoː/,,,,,,,,,,,,,,,,,,,,,,,,,,,,,,,,,,,,,,,,,,,,,,,,,,,,,,,,,,,,,,,,,,,,,,,*/mˌɑllet͡ʃjˈolɑ/,,,,*/mˌɑlit͡ʃjˈɑːnjoː/,,,,,,,,,,,,,,,,,,,*/mˌɑːriːtˈɑːt͡ʃjɑ/,,,,,,*/mˈɑːrt͡ʃju/,,,,,,,,,*/mˌɑtt͡ʃjˈukku/,,,,,*/mˈed͡ʒju/,,,,*/mˌeriːd͡ʒjˈɑːnjoː/,*/mˌerˈiːd͡ʒje/,,,,,,,,,,,,,,,*/mˈod͡ʒju/,,,,,,,,,,,,,,,,,,,,,,,,,,,,,,,,,,,,*/nˈupt͡ʃjɑ/,,,,,,,,,,,,,,,,,*/ˌoːwˈɑːt͡ʃjɑ/,,,,,*/pˌɛnitˈent͡ʃjɑ/,,,,,,,,,,*/pˌɑlˈɑːt͡ʃju/,,,,,,,,,,,,,*/pˌɑt͡ʃjˈɑːnjoː/,,,,,,,,,,,,,,,,,,,,,,,,,*/pˈett͡ʃjɑ/,,,,,,,,,,,,,,,,,,,,,,,*/plˈikt͡ʃju/,,,,,,,,,,,,,,,,,,,,,,,,,,,,,,,,,,,,,,,,,,*/pˈut͡ʃju/,,,,*/rˈɑd͡ʒjɑ/,,,,,,,,,,*/ˌɑdrˌɑːt͡ʃjˈoːne/,,,,,,,,,,,,,,,,,,,,,,,,,,,,,,,,,,,,,,,,,,,,,,,,,,*/sˌɑlwˈɑːnt͡ʃjɑ/,,,,,,,,,,,,,,,,,,,,,,,,,*/sˈent͡ʃjɑ/,,,,,*/sˌerwˈit͡ʃju/,,,,,,,,,,,,,,,,,,,,,,,,,,,,*/skˈort͡ʃjɑ/,,,,,,,,,,,,,,,,,,,*/spˌerˈɑnt͡ʃjɑ/,,,,,,*/spˈod͡ʒjɑ/,,,,,,,,,,,,,,,,,,,,,,,,,,,,,,,,,,,,,,,,,,,,,,,,,*/tˈest͡ʃjɑ/,,,,,,,,,,,,,,,,,,,,,,*/trˌɑːnsmˌed͡ʒjˈɑːnjoː/,,,,,,,,,,,,*/tˌort͡ʃjˈɑːnjoː/,,,,,,,,,,,,,,,,,,,,,,,,,,,,*/wˌeːlˈɑːt͡ʃjɑ/,,,,,,,,,,,,,,,,*/wˈest͡ʃjoː/,,,,,,,,,,,,,,,,,,,,*/wˈit͡ʃju/,,,,,,,,,
R17,,,,,,,,,,,,,,,,,*/ˌosˈuɲjɑ/,,,,,,,,,,,,,,,,,,,,,,,,,,,,,,,,,,,,,,,,,,,,,,,,,,,,,,,,,,,,,,,,,,,,,,,,,,,,,,,,,,,,,,,,,,,,,,,,,,,,,,,,,,,,,,,,,,,,,,,,,,,,,,,,,,,,,,,,,,,,,,,,,,,,,,,,,,,,,,,,,,,,,,,,,,,,,,,,,,,,,,,,,,,,,,,,,,,,,,,,,,,,,,,,,,,,,,,,,,,,,,,,,,,,,,,,,,,,,,,,,,,,,,,,,,,,,,,,,,,,,,,,,,,,,,,,,,,,,,,,,,,,,,,,,,,,,,,,,,,,,,,,,,,,,,,,,,,,,,,,,,,,,,,,,,,,,,,,,,,,,,,,,,,,,,,,,,,,,,,,,,,,,,,,,,,,,,,,,,,,,,,,,,,,,,,,,,,,,,,,,,,,,,,,,,,,,,,,,,,,,,,,,,,,,,,,,,,,,,,,,,,,,,,,,,,,,,,,,,,,,,,,,,,,,,,,,,,,,,,,,,,,,,,,,,,,,,,,,,,,,,,,,,,,,,,,,,,,,,,,,,,,,,,,,,,,,,,,,,,,,,,,,,,,,,,,,,,,,,,,,,,,,,,,,,,,,,,,,,,,,,,,,,,,,,,,,,,,,,,,,,,,,,,,,,,,,,,,,,,,,,,,,,,,,,,,,,,,,,,,,,,,,,,,,,,,,,,,,,,,,,,,,,,,,,,,,,,,,,,,,,,,,,,,,,,,,,,,,,,,,,,,,,,,,,,,,,,,,,,,,,,,,,,,,,,,,,,,,,,,,,,,,,,,,,,,,,,,,,,,,,,,,,,,,,,,,,,,,,,,,,,,,,,,,,,,,,,,,,,,,,,,,,,,,,,,,,,,,,,,,,,,,,,,,,,,,,,,,,,,,,,,,,,,,,,,,,,,,,,,,,,,,,,,,*/sˌoɲisˈuɲjɑ/,,,,,,,,,,,,,,,,,,,,,,,,,,,,,,,,,,,,,,,,,,,,,,,,,,,,,,,,,,,,,,,,,,,,,,,,,,,,,,,,,,,,,,,,,,,,,,,,,,,,,,,,,,,,,,,,,,,,,,,,,,,,,,,,,,,,,,,,,,,,,,,,,,,,,,,,,,,,,,,,,,,,,,,,,,,,,,,,,,,,,,,,,,,,,,,,,,,,,,,,,,,,,,,,,,,,,,,,,,,,,,,,,,,,,,,,,
R18,*/ˌɑbˌerrˈɒːnjoː/,,,,,,*/ˌɑdˌoːrˈɒːnjoː/,,,,*/ˌɛstimˈɒːnjoː/,,,,,,,,,,,,,*/ˌɑmbulˈɒːnjoː/,,,,,,,,,*/ˌɑŋɡustˈɒːnjoː/,,,,,,,,,*/ˌɑrmˈɒːnjoː/,,*/ˌɑrmˌissˈɒːrju/,*/ˌɑrrˌiːwˈɒːnjoː/,,,,,,,,,,,,,,,,,,,,,*/bˌiːnjˈɒːrju/,,,,,,,,,,,,,,,,,*/dˌɑmnˈɒːnjoː/,,*/dˌeːbitˈɒːnjoː/,,,,*/dˌeːlˌiːberˈɒːnjoː/,*/dˌeːkˌɑptˈɒːnjoː/,*/dˌeːpˌenetrˈɒːnjoː/,*/dˌeːpˌositˈɒːnjoː/,*/dˌeːrˌɑːmˈɒːnjoː/,*/dˌeːsˌiːderˈɒːnjoː/,,,,*/dˌiɡitˈɒːnjoː/,,*/dˌiːriɡˈɒːnjoː/,,,*/dˌiskˌɑbɑllikˈɒːnjoː/,*/dˌiskˌɑrrikˈɒːnjoː/,,*/dˌiskʷˌiritˈɒːnjoː/,*/dˌiswˌeːlˈɒːnjoː/,*/mˌodestikˈɒːnjoː/,,*/edˌoːnˈɒːnjoː/,,,,,,*/dˌuplikˈɒːnjoː/,,*/ˌeːdˌiktˈɒːnjoː/,,,,*/ˌesˌɑmputˈɒːnjoː/,*/ˌesˌɑnimˈɒːnjoː/,,*/ˌeshonorˈɒːnjoː/,,*/ˌeskˌɑbɑllikˈɒːnjoː/,*/ˌeskˌɑlˈɒːnjoː/,*/ˌeskˌɑmbjˈɒːnjoː/,*/ˌeskˌɑndˈøːnjoː/,*/ˌeskˌɑrd͡ʒjˈɒːnjoː/,*/ˌeskˌɑrptˈɒːnjoː/,*/ˌeskˌɑtʰedrˈɒːnjoː/,*/ˌeskˌɑwdikˈɒːnjoː/,,,*/ˌeskˌurtˈɒːnjoː/,,,,*/ˌespˌediːtˈɒːnjoː/,,*/ˌespˌellɑwˈɒːnjoː/,*/ˌespˌerlɑwˈɒːnjoː/,*/ˌesrˌiːmˈɒːnjoː/,*/ˌestˌenwˈɒːnjoː/,,*/ˌesˌuŋɡulˈɒːnjoː/,*/ˌeswˌiɡilˈɒːnjoː/,,,,,,*/ˌeːrˌɑːdikˈɒːnjoː/,,,,,,,,*/fˌɑbrikˈɒːnjoː/,,*/fˌɑʎˈøːnjoː/,*/fˌɑllˈøːnjoː/,,,,,,,,,,,*/fˌɑːrinˈɒːnjoː/,,,,,,,*/fˌebrˈɒːrju/,,,,,*/fˌidˈɒːnjoː/,,,,,,,,,*/fˌistulˈɒːnjoː/,,,,,,,*/flˌuktulˈɒːnjoː/,,,,,,,,,,,,,,,*/frˌiːɡulˈɒːnjoː/,*/frˌikˈɒːnjoː/,,,,,,,,,*/fˌuskinjˈɒːrju/,,,,,,,,,,,,,,,,,,,,,,,,,,*/ɡrˌuːmulˈɒːnjo/,,,,,,,,,,,,*/hˌinnikulˈɒːnjoː/,*/hˌernidzˈɒːnjoː/,,*/hˌorrˈøːnjoː/,,,*/jˌejuːnˈɒːnjoː/,,,,,*/ˌimpɑrˈɒːnjoː/,,,,,,,,*/ˌimplˌɑntˈɒːnjoː/,*/ˌimplˈøːnjoː/,,,*/ˌinˌɑlt͡ʃjˈɒːnjoː/,,*/ˌinˌɑwritˈɒːnjoː/,,*/ˌindˌeːspikˈɒːnjoː/,,,*/ˌindˌiktˈɒːnjoː/,*/ˌindˌireːktˈɒːnjoː/,,,*/ˌinfˌɑskjˈɒːnjoː/,,*/ˌiŋɡɑnnjˈøːnjoː/,,,*/ˌinkˌɑbɑllikˈɒːnjoː/,*/ˌinkˌɑrrikˈɒːnjoː/,*/ˌinkˌɑwsinˈɒːnjoː/,*/ˌinkoɲˌyːrˈɒːnjoː/,*/ˌinkˌunsoːlˈɒːnjoː/,,,,*/ˌinkˌunjˈɒːnjoː/,,,,*/inpˌensˈɒːnjoː/,,,,*/ˌintˌeɡrˈɒːnjo/,,,,,*/ˌinwˌid͡ʒjˈɒːnjoː/,*/wˌiːtˈɒːnjoː/,*/ˌinwˌit͡ʃjˈɒːnjoː/,,,,*/jˌuːdikˈɒːnjoː/,,,,,*/jˌuːrˈɒːnjoː/,,,,,,,*/kˌɑlendˈɒːrju/,,,,,*/kˌɑmbjˈɒːnjoː/,,,,,,,,,,,*/kˌɑntˈɒːnjoː/,,,,,,,,,,,,,,,,*/kˌɑrminjˈɒːnjoː/,,,*/kˌɑrrˌiːkulˈɒːnjoː/,,,,,,,,,,,,,*/kˌentrˈɒːnjoː/,,,*/kˌerɑsjˈɒːrju/,,,,,*/kˌertˈɒːnjoː/,*/kjˈøːnjoː/,,,,,,,*/kˌirkˈɒːnjoː/,,,,,,*/klˌɑːmˈɒːnjoː/,*/klˌɑːrˈɒːnjoː/,,,,,,,,,*/kˌoˌeːmptˈɒːnjoː/,*/kˌoːɡitˈɒːnjoː/,,,,*/kˌolˈɒːnjoː/,,*/kˌollˌukt͡ʃjˈɒːnjoː/,*/kˌollˌuːktˈɒːnjoː/,*/kˌollˌiːmitˈɒːnjoː/,,,,,,,,,,,,*/kˌommuniːkˈɒːnjoː/,,*/kˌumpˌutˈɒːnjoː/,*/kˌumpˌutˈɒːnjoː/,,,,*/kˌunskrˌiptˈɒːnjoː/,,*/kˌunstˈɒːnjoː/,,*/kˌuntˌentˈɒːnjoː/,,*/kˌuntrˈɒːrju/,*/kˌuntrɑːstˈɒːrju/,,*/kˌonwˌentˈɒːnjoː/,,,,,,,,,,,,,,,,,*/kˌottidzˈɒːnjoː/,,*/krˌeˈɒːnjoː/,,,,,,,,,,,,,,,,,,,,,,,,*/kˌunjˈɒːnjoː/,*/kˌunktˈɒːnjoː/,,,*/kˌuːrˈɒːnjoː/,*/kˌurt͡ʃjˈɒːnjoː/,,,,,,,,,,,,,,,,,,*/lˌɑsˈɒːnjoː/,,*/lˌɑŋɡʷˈøːnjoː/,,,,,,,,,*/lˌɑwˈɒːnjoː/,,,,,,,*/lˌentˈɒːnjoː/,,,,,,,*/lˌiːberˈɒːnjoː/,,,,,*/lˌiːmˈɒːnjoː/,,,,,,,,,,*/lˌuktˈɒːnjoː/,,,,,,,,*/mˌɑɡisterˈɒːnjoː/,,,,,,,,,*/mˌɑlit͡ʃjˈɒːnjoː/,,,,,*/mˌɑnikˈɒːnjoː/,*/mˌɑnipulˈɒːnjoː/,,,,*/mˌɑnkˈɒːnjoː/,,,,,,,*/mˌɑːriːtˈɒːnjoː/,*/mˌɑːriːtˈɒːnjoː/,,,,,,,,,,,,*/mˌɑstikˈɒːnjoː/,,,,,*/mˌedikˈɒːnjoː/,,,*/mˌeditˈɒːnjoː/,,,,,*/mˌeriːd͡ʒjˈɒːnjoː/,,,,,,,*/mˌiɡrˈɒːnjoː/,,*/mˌinistrˈɒːnjoː/,,,*/mˌiːrˈɒːnjoː/,,,,,,,,,,,,,,,*/mˌulkˈøːnjoː/,,*/mˌurmurˈɒːnjoː/,,*/mˌuskelˈɒːrju/,,,,,,,,,,,,,,*/nˌemːinˈɒːnjoː/,,*/nˌotˈɒːnjoː/,,,*/nˌumerˈɒːnjoː/,,,,,,,,,,*/ˌoːrˈɒːnjoː/,,*/ˌordinˈɒːnjoː/,,,,,*/ˌoːskitˈɒːnjoː/,,,,*/pˌɑːbulˈɒːnjoː/,,*/pˌɛnitˈøːnjoː/,,,,,,,,,*/pˌɑːktˈɒːnjoː/,,,,,,*/pˌɑrˈɒːnjoː/,*/pˌɑrˈɒːnjoː/,*/pˌɑrentˈɒːnjoː/,,,,,,,*/pˌɑt͡ʃjˈɒːnjoː/,,,,,,,,,,,*/pˌeːnsˈɒːnjoː/,,,,,*/pˌerˌindulˈøːnjoː/,*/ˌindˌulˈøːnjoː/,*/pˌerpˌɑrˈɒːnjoː/,*/pˌerpˌɑrˈɒːnjoː/,*/pˌerwˌiɡilˈɒːnjoː/,*/pˌessikˈɒːnjoː/,,,,,,*/pˌiɡritˈɒːnjoː/,,,,,,,,,,,,,,,,,,,,,,,,,*/pˌollikˈɒːrju/,,,,,,,,,,*/pˌosˈɒːnjoː/,,,*/pˌotestˈɒːnjoː/,,,,,*/prˌɛdˈɒːnjoː/,,,,,,,*/prˌoːhˌibˈøːnjoː/,,*/prˌosimˈɒːnjoː/,,,,,,,,,,,,,,*/rˌɑdˈɒːnjoː/,,,,,,,,,,,,,,,,*/kˈɒːsju/,,*/rˌeniːdˈøːnjoː/,,,,,,*/rˌiɡˈɒːnjoː/,,*/rˌiːmˈɒːnjoː/,,,,,,,,,,,,,,*/rˌunkˈɒːnjoː/,,,,,,,,,*/sˌɛttˈɒːnjoː/,*/sˌɑɡittˈɒːnjoː/,,,*/sˌɑkrˈɒːnjoː/,,,,,,,*/sˌɑlwˈɒːnjoː/,,,*/sˌɑːnˈɒːnjoː/,,,,,,,,,,,,,,*/sˌɑppˈɒːnjoː/,,,*/sˌɑlikinˈɒːrju/,,,,*/sˌekʷˈɒːnjoː/,,,,,*/sˌertˈɒːnjoː/,,,,,,*/sˌiŋnˈɒːnjoː/,,,,,,,,,,,,,,,,,,,,,,,,,,,,,,,,,,,,,,,,,,,,*/spˌeːrˈɒːnjoː/,,,,,,,,,,,,,,,,,,,,*/stˌuppˈɒːnjoː/,,,*/sˌeːdˈɒːnjoː/,,,*/sˌubrˌɑwkˈɒːnjoː/,,,,*/sˌuktˈɒːnjoː/,,,,,,,,*/tˌɑsitˈɒːnjoː/,,,,,,,,,,,,,,,,,*/ˌintˌestimˈɒːnjoː/,,,,,,,,*/tˌokkˈɒːnjoː/,,,,,,,,*/trˌɑktˈɒːnjoː/,,*/trˌɑːnsflˈɒːnjoː/,,,*/trˌɑːnsmˌed͡ʒjˈɒːnjoː/,,,,,,,,,,,,*/tˌort͡ʃjˈɒːnjoː/,,,,,,,*/tˌurbˈɒːnjoː/,*/tˌurbulˈɒːnjoː/,,,,,,,*/ˌunkˈɒːnjoː/,,,,,*/wˌɑɡˈɒːnjoː/,,,,,,,,,,,,,*/wˌentˌilˈɒːnjoː/,,,,,*/wˌersˈɒːnjoː/,,,,,*/wˌestiɡˈɒːnjoː/,,,,,,,,,,,,,,,,,,*/wˌisitˈɒːnjoː/,,,,,,,,,,,,
R19,,,,,,,,,,,,,,,,,,,,,,,,,,,,,,,,,,,,,,,,,,,,,,,,,,,,,,,,,,,,,,,,,,,,,,,,,,,,,,,,,,,,,,,,,,,,,,,,,,,,,,,,,,,,,,,,,,,,,,,,,,,,,,,,,,,,,,,,,,,,,,,,,,,,,,,,,,,,,,,,,,,,,,,,,,,,,,,,,,,,,,,,,,,,,,,,,,,,,,,,,,,,,,,,,,,,,,,,,,,,,,,,,,,,,,,,,,,,,,,,,,,,,,,,,,,,,,,,,,,,,,,,,,,,,,,,*/jˈɒːnwu/,,,,,,,,,,,,,,,,,,,,,,,,,,,,,,,,,,,,,,,,,,,,,,,,,,,,,,,,,,,,,,,,,,,,,,,,,,,,,,,,,,,,,,,,,,,,,,,,,,,,,,,,,,,,,,,,,,,,,,,,,,,,,,,,,,,,,,,,,,,,,,,,,,,,,,,,,,,,,,,,,,,,,,,,,,,,,,,,,,,,,,,,,,,,,,,,,,,,,,,,,,,,,,,,,,,,,,,,,,,,,,,,,,,,,,,,,,,,,,,,,,,,,,,,,,,,,,,,,,,,,,,,,,,,,,,,,,,,,,,,,,,,,,,,,,,,,,,,,,,,,,,,,,,,,,,,,,,,,,,,,,,,,,,,,,,,,,,,,,,,,,,,,,,,,,,,,,,,,,,,,,,,,,,,,,,,,,,,,,,,,,,,,,,,,,,,,,,,,,,,,,,,,,,,,,,,,,,,,,,,,,,,,,,,,,,,,,,,,,,,,,,,,,,,,,,,,,,,,,,,,,,,,,,,,,,,,,,,,,,,,,,,,,,,,,,,,,,,,,,,,,,,,,,,,,,,,,,,,,,,,,,,,,,,,,,,,,,,,,,,,,,,,,,,,,,,,,,,,,,,,,,,,,,,,,,,,,,,,,,,,,,,,,,,,,,,,,,,,,,,,,,,,,,,,,,,,,,,,,,,,,,,,,,,,,,,,,,,,,,,,,,,,,,,,,,,,,,,,,,,,,,,,,,,,,,,,,,,,,,,,,,,,,,,,,,,,,,,,,,,,,,,,,,,,,,,,,,,,,,,,,,,,,,,,,,,,,,,,,,,,,,,,,,,,,,,,,,,,,,,,,,,,,,,,,,,,,,,,,,,,,,,,,,,,,,,,,,,,,,,,,,,,,,,,,,,,,,,,,,,,,,,,,,,,,,,,,,,,,,,,,,,,,,
R20,,,,,,,,,,,,,,,,,,,,,,,,,,,,,,,,,,,,,,,,,,,,,,,,,,,,,,,,,,,,,,,,,,,,,,,,,,,,,,,,,,,,,,,,,,,,,,,,,,,,,,,,,,,,,,,,,,,,,,,,,,,,,,,,,,,,,,,,,,,,,,,,,,,,,,,,,,,,,,,,,,,,,,,,,,,,,,,,,,,,,,,,,,,,,,,,,,,,,,,,,,,,,,,,,,,,,,,,,,,,,,,,,,,,,,,,,,,,,,,,,,,,,,,,,,,,,,,,,,,,,,,,,,,,,,,,,,,,,,,,,,,,,,,,*/ˌimplˈɒːnjoː/,,,,,,,,,,,,,,,,,,,,,,,,,,,,,,,,,,,,,,,,,,,,,,,,,,,,,,,,,,,,,,,,,,,,,,,,,,,,,,,,,,,,,,,,,,,,,,,,,,,,,,,,,,,,,,,,,,,*/kjˈɒːnjoː/,,,,,,,,,,,,,,,,,,,,,,,,,,,,,,,,,,,,,,,,,,,,,,,,,,,,,,,,,,,,,,,,,,,,,,,,,,,,,,,,,,,,,,,,,,,,,,,,,,,,,,,,,,,,,,,,,,,,,,,,,,,,,,,,*/lˌɑŋɡʷˈɒːnjoː/,,,,,,,,,,,,,,,,,,,,,,,,,,,,,,,,,,,,,,,,,,,,,,,,,,,,,,,,,,,,,,,,,,,,,,,,,,,,,,,,,,,,,,,,,,,,,,,,,,,,,,,,,,,,,,,,,,,,,,,,,,,,,*/mˌulkˈɒːnjoː/,,,,,,,,,,,,,,,,,,,,,,,,,,,,,,,,,,,,,,,,,,,,,,,,,,,,,,,,,,,,,,,,,,,,,,,,,,,,,,,,,,,,,,,,,,,,,,,,,,,,,,,,,,,,,,,,,,,,,,,,,,,,,,,,,,,,,,,,,,,,,,,,,,,*/prˌoːhˌibˈɒːnjoː/,,,,,,,,,,,,,,,,,,,,,,,,,,,,,,,,,,,,,,,,,,,,,,,,,,,,,,,,,,,,,,,,,,,,,,,,,,,,,,,,,,,,,,,,,,,,,,,,,,,,,,,,,,,,,,,,,,,,,,,,,,,,,,,,,,,,,,,,,,,,,,,,,,,,,,,,,,,,,,,,,,,,,,,,,,,,,,,,,,,,,,,,,,,,,,,,,,,,,,,,,,,,,,,,,,,,,,,,,,,,,,,,,,,,,,,,,,,,,,,,,,,,,,,,,,,,,,,,,,,,,,,,,,,,,,,,,,,,,,,,,,,,,,,,,,,,,,,,,,,,,,,,,,,,,,,,,,,,
R21,,,,,,,,,,,,,,,,,,,,,,,,,,,,,,,,,,,,,,,,,,,,,*/ˌɑrrˈiːwɒːnjoː/,,,,,,,,,,,,,,,,,,,,,,,,,,,,,,,,,,,,,,,,,,,,,,,,,,,,,,,,,,,,,,,,,,,,,*/drˈiwɑstu/,,,,,,,,,,,,,,,,,,,,,,,,,,,,,*/ˌespˌellˈɑwɒːnjoː/,*/ˌespˌerlˈɑwɒːnjoː/,,,,,,,,,,,,,,,,,,,,,,,,,,,,,,,,,,,,,,,*/fˈɑwɑʎɑ/,,,,,,,,,,,,,,,,,,,,,,,,,,,,,,,,,,,,,,,,,,,,,,,,,,,,,,,,,,,,,,,,,,,,,,,,,,,,,,,,,,,,,,,,,,,,,,,,,,,,,,,,,,,,,,,,,,,,,,,,,,,,,,,,,,,,,,,,,,,,,,,,,,,,,,,,,,,,,,,,,,,,,,,,,,,,,,,,,,,,,,,,,,,,,,,,,,,,,,,,,,,,,,,,,,,,,,,,,,,,,,,,,,,,,,,,,,,,,,,,,,,,,,,,,,,,,,,,,,,,,,,,,,,,,,,,,,,,,,,,,,,,,,,,,,,,,,,,,,,,,,,,,,,,,,,,,,,,,,,,,,,,,,,,,,,,,,,,,,,,,,,,,,,,,,,,,,,,,*/lˈɑwɒːnjoː/,,,,,,,,,,,,,,,,,,,,,,,,,,,,,,,,,,,,,,,,,,,,,,,,,,,,,,,,,,,,,,,,,,,,,,,,,,,,,,,,,,,,,,,,,,,,,,,,,,,,,,,,,,,,,,,,,,,,,,,,,,,,,,,,,,,,,,,,,*/nˈowɑstru/,,,,,,,,,,*/ˌolˈiːwɑːnu/,,,,,,,,,,,*/ˈoːwɑːt͡ʃjɑ/,,,,,,,,,,,,,,,,,,,,,,,,,,,,,,,,,,,,,,,,,,,,,,,,,,,,,,,,,,,,,,,,,,,,,,,,,,,,,,,,,,,,,,,,,,,,,,,,,,,,,,,,,*/prˌoːhˈibɒːnjoː/,,,,,,,,,,,,,,,,,,,,,,,,,,,,,,,,,,,,,,,,,,,,,,,,,,,,,,,,,,,,,,,,,,,,,,,,,,,,,,,,,,,,,,,,,,,,,,,,,,,,,,,,,,,,,,,,,,,,,,,,,,,,,,,,,,,,,,,,,,,,,,,,,,,,,,,,,,,,,,,,,,,,,,,,,,,,,,,,,,,,,,,,,,,,,,,,,,,,,,,,,,,,,,,,,,,,,,,,,,,,,,,,,,,,,,,,,,,,,,,,,,,,,,,,,,,,,,,,,,,,,,,,,,,,,,,,,,,,,,,,,,,,,,,,,,,,,,,,,,,,,,,,,,,,,,,,,,,,
R22,,,,,,,,,,,,,,,,,,,,,,,,,,,,,,,,,,,,,,,,,,,,,,,,,,,,,,,,,,,,,,,,,,,,,,,,,,,,,,,,,,,,,,,,,,,,,,,,,,,,,,,,,,,,,,,,,,,,,,,,,,,,,,,,,,,,,,,,,,,,,,,,,,,,,,,,,,,,,,,,,,,,,,,,,,,,,,,,,,,,,,,,,,,,,,,,,,,,,,,,,,,,,,,,,,,,,,,,,,,,,,,,,,,,,,,,,,,,,,,,,,,,,,,,,,,,,,,,,,,,,,,,,,,,,,,,,,,,,,,,,,,,,,,,,,,,,,,,,,,,,,,,,,,,,,,,,,,,,,,,,,,,,,,,,,,,,,,,,,,,,,,,,,,,,,,,,,,,,,,,,,,,,,,,,,,,,,,,,,,,,,,,,,,,,,,,,,,,,,,,,,,,,,,,,,,,,,,,,,,,*/klˌɑwhitˈuːrɑ/,,,,,,,,,,,,,,,,,,,,,,,,,,,,,,,,,,,,,,,,,,,,,,,,,,,,,,,,,,,,,,,,,,,,,,,,,,,,,,,,,,,,,,,,,,,,,,,,,,,,,,,,,,,,,,,,,,,,,,,,,,,,,,,,,,,,,,,,,,,,,,,,,,,,,,,,,,,,,,,,,,,,,,,,,,,,,,,,,,,,,,,,,,,,,,,,,,,,,,,,,,,,,,,,,,,,,,,,,,,,,,,,,,,,,,,,,,,,,,,,,,,,,,,,,,,,,,,,,,,,,,,,,,,,,,,,,,,,,,,,,,,,,,,,,,,,,,,,,,,,,,,,,,,,,,,,,,,,,,,,,,,,,,,,,,,,,,,,,,,,,,,,,,,,,,,,,,,,,,,,,,,,,,,,,,,,,,,,,,,,,,,,,,,,,,,,,,,,,,,,,,,,,,,,,,,,,,,,,,,,,,,,,,,,,,,,,,,,,,,,,,,,,,,,,,,,,,,,,,,,,,,,,,,,,,,,,,,,,,,,,,,,,,,,,,,,,,,,,,,,,,,,,,,,,,,,,,,,,,,,,,,,,,,,,,,,,,,,,,,,,,,,,,,,,,,,,,,,,,,,,,,,,,,,,,,,,,,,*/tˌɑhitˈɒːnjoː/,,,,,,,,,,,,,,,,,,,,,,,,,,,,,,,,,,,,,,,,,,,,,,,,,,,,,,,,,,,,,,,,,,,,,,,,,,,,,,,,,,,,,,,,,,,,,,,,,,,,,,,,,,,,,,,,,,,,,,,,,,,
R23,,,,,,,,,,,,,,,,,,,,,,,,,,,,,,,,,,,,,,,,,,,,,,,,,,,,,,,,,,,,,,,,,,,,,,,,,,,,,,,,,,,,,,,,,,,,,,,,,,,,,,,,,,,,,,,,,,,,,,,,,,,,,*/ˌesonorˈɒːnjoː/,,,,,,,,,,,,,,,,,,,,,,,,,,,,,,,,,,,,,,,,,,,,,,,,,,,,,,,,,,,,,,,,,,,,,,,,,,,,,,,,,,,,,,,,,,,,,,,,,,,,,,,,,,,,,,,,,,,,,,,,,,,,,,,,,,,,,,,,,,,,,,,,,,,,,,,,,,,,,,,,,,,,,,,,,,,,,,,,,,,,,,,,,,,,,,,,,,,,,,,,,,,,,,,,,,,,,,,,,,,,,,,,,,,,,,,,,,,,,,,,,,,,,,,,,,,,,,,,,,,,,,,,,,,,,,,,,,,,,,,,,,,,,,,,,,,,,,,*/klˌɑwitˈuːrɑ/,,,,,,,,,*/kˌoˌeːrˈeːde/,,,,,,,,,,,,,,,,,,,,,,,,,,,,,,,,,,,,,,,,,,,,,,,,,,,,,,,,,,,,,,,,,,,,,,,,,,,,,,,,,,,,,,,,,,,,,,,,,,,,,,,,,,,,,,,,,,,,,,,,,,,,,,,,,,,,,,,,,,,,,,,,,,,,,,,,,,,,,,,,,,,,,,,,,,,,,,,,,,,,,,,,,,,,,,,,,,,,,,,,,,,,,,,,,,,,,,,,,,,,,,,,,,,,,,,,,,,,,*/mˈyrrɑ/,,,,,,,,,,,,,,,,,,,,,,,,,,,,,,,,,,,,,,,,,,,,,,,,,,,,,,,,,,,,,,,,,,,,,,,,,,,,,,,,,,,,,,,,,,,,,,,,,,,,,,,,,,,,,,,,,,,,,,,,,,,,,,,,,,,,,,,,,*/prˌoːˈibɒːnjoː/,,,,,,,,,,,,,,,,,,,,,,,,,,,,,,,,,,,,,,,,,,,,,,,,,,,,,,,,,,,,,,,,,,,,,,,,,,,,,,,,,,,,,,,,,,,,,,,,,,,,,,,,,,,,,,,,,,,,,,,,,,,,,,,,,,,,,,,,,,,,,,,,,,,,,,,,,,,,,,,,,,,,,,,,,,,,,,,,,,,,,,,,,,,,,,,,,*/tˌɑitˈɒːnjoː/,,,,,,,,,,,,,,,,,,,,,,,,,,,,,,,,,,,,,,,,,,,,,,,,,,,,,,,,,,,,,,,,,,,,,,,,,,,,,,,,,,,,,,,,,,,,,,,,,,,,,,,,,,,,,,,,,,,,,,,,,,,
R24,,,,,,,,,,,,,,,*/ˌɑkkˈiːpitu/,*/ˌɑkkˈiːpitre/,,,,,,,,,,,,,,,,,,,,,,,,,,,,,,,,,,,,,,,,,,,,,,,,,,,,,,,,,,,,,,,,,,,,,,,,,,,,,,,,,,,,,,,,,,,,,,,,,,*/drˈiːwɑstu/,,,,,,,,,,,,,,,,,,,,,*/ˌeskˈiːpiː/,,,,,,,,,,,,,,,,,,,,,,,*/rˌewˈiːʎɑ/,,,,,,,,,,,,,,,,*/fˌɑmˈiːʎɑ/,,,,,,,,,,,,,,,,,,,,,,,*/fˌissˈiːkulɑ/,,,,,,,,,,,,,,,,,,,,,,,,,,,,,,,,,,,,,,,,,,,,,,,,,,,,,,,,,,,,,,,,,,,,,,*/hˌinnˈiːkulɑ/,,,,,,,,,,,,,,,,,,,,,,,,,,,,,,,,,,,,,,,,,,,,,,,,,,,,,,,,,,,,,,,,,,,,,*/jˌuːdˈiːkju/,,,,,,,,,,,,,,,,,,,,,,,,,,,,,,,,,,,,,,,,,,,,,,,,,,,,,,,,,,,,,,,,,,,,,*/kˈiːkere/,,,,,,,,,,,,,,,,,,,,,,,,,,,,,,,,,,,,,,,,,,,,,,,,*/kˌunsˈiːʎu/,,,,,,,,,,,,,,,,*/kˌornˈiːkulu/,,,,,,,,,,,,,,,,,,,,,,,,,,,,,,,,,,,,,,,,,,,,,,,,,,,,,,,,,,,,,,,,,,,,,,,,,,,,,,,,,,,,,,,,,,,,,,,,,,,,,,,,,,,,,,,,,,,,,,,,,,,,,,,,,,,,,,,,,,,,,,,,,,,,,,,,,,,,,,,,,,,,,,,,,,,,,,,,,,,,,,,,,,,,,,,,,,,,,,,,,,,,,,,,,,,,,,,,,,,,,,,,,,,,,,,,,,,,,,,,,,,,,,,,,,,,,,,,,,,,,,,,,,,,,,,,,,,,,,,,,,,,,*/pˈiːktɑ/,,,,*/pˈiːʎu/,,,,,,,,,,,,,,,,*/plˈiːkt͡ʃju/,,,,,,,,,,*/pˌorrˈiːkju/,,,,,,,,,,,,,,,,,,,*/prˌoːˈiːbɒːnjoː/,,,,,,,,,,,,,,,,,,,,,,,,,,,,,,,,,,,,,,,,,*/rˈiːkinu/,,,,,,,,,,,,,,,,,,,,,,,,,,,,,,,,,,,,,,,,,,,,,,,,,,,,,,,,,,,,,,,,,,,,,,,,,,*/sˈiːkulɑ/,,,,,,,,,,,,*/skˌintˈiːʎɑ/,,,,,,,,,,,,,,,,,,,,,,,,,,,,,,,,,,,,,,,,,,,,,,,,,,*/swˌɑːwˈiːʎɑ/,,,,,,,,,,,,,,,,,,,,,,,,,,,,,,,,,,,,,,,,,,,,,,,,,,,,,,,,*/trˌifˈiːʎu/,,,,,,,,,,,,,,,,,,,,,,,,*/t͡sˈiːkɑ/,,,,,,,,,,,,,,,,,,,,,,*/wˌerrˈiːkulu/,,,,,,,,,,,*/wˌiɡˈiːʎɑj/,*/inwˌiɡˈiːʎɑj/,*/wˈiːkjɑ/,,,*/wˈiːktwɑːʎɑ/,,,*/ˌinwˌiɡˈiːʎu/,,,,,,,,,,,,,,,,,,
R25,,,,,,,,,,,,,,*/ˌɑːkˈiːŋɡe/,,,,,,,,,,,,,,,,,,,,,,,,,,,,,,,,,,,,,,,,,,,,,,,,,,,,,,,,,,,,,,,,,,,,,,,,,,,,,,,,,,,,,,,,,,,,,,,,,,,,,,,,,,,,,,,,,,,,,,,,,,,,,,,,,,,,,,,,,,,,,,,,,,,,,,,,,,,,,,,,,,,,,,,,,,,,,,,,,,,,,,,,,,,,,,,,,,,,,,,,,,,,,,,,,,,,,,,,,,,,,,,,,,,,,,,,,,,,,,,,,,,,,,,,,,,,,,,,,,,,,,,,,,,,,,,,,,,,,,,,,,,,,,,,,,,,,,,,,,,,,,,,,,,,,,,,,,,,,,,,,,,,,,,,,,,,,,,,,,,,,,,,,,,,,,,,,,,,,,,,,,,,,,,,,,,,,,,,,,,,,,,,,,,,,,,,,,,*/kˈiːŋɡulɑ/,,,,,,,,,,,,,,,,,,,,,,,,,,,,,,,,,,,,,,,,,,,,,,,,,,,,,,,,,,,,,,,,,,,,,,,,,,,,,,,,,,,,,,,,,,,,,,,,,,,,,,,,,,,,,,,,,,,,,,,,,,,,,,,,,,,,,,,,,,,,,,,,,,,,,,,,,,,,,,,,,,,,,,,,,,,,,,,,,,,,,,,,,,,,,,,,,,,,,,,,,,,,,,,,,,,,,,,,,,,,,,,,,,,,,,,,,,,,,,,,,,,,,,,,,,,,,,,,,,,,,,,,,,,,,,,,,,,,,,,,,,,,,,,,,,,,,,,,,,,,,,,,,,,,,,,,,,,,,,,,,,,,,,,,,,,,,,,,,,,,,,,,,,,,,,,,,,,,,,,,,,,,,,,,,,,,,,,,,,,,,,,,,,,,,,,,,,,,,,,,,,,,,,,,,,,,,,,,,,,,,,,,,,,,,,,,,,,,,,,,,,,,,,,,,,,,,,,,,,,,,,,,,,,,,,,,,,,,,,,,,,,,,,,,,,,,,,,,,,,,,,,,,,,,,,,,,,,,,,,,,,,,,,,,,,,,,,,,,,,,,,,,,,,,,,,,,,,,,,,,,,,,,,,,,,,,,,,,,,,,,,,,,,,,,,,,,,,,,,,,,,,,,,,,,*/tˈiːnkɑ/,,,,,,,,,,,,,,,,,,,,,,,,,,,,,,,,,,,,,,,,,,,,,,,,,,,,,,,,,,,,,,,,,,,,,,,,,,,,,,,,,,,,,,,,,,,,,,,,,,,,,
R26,,,,,,,,,,,,,,,,,,,,,,,,,,,,,,,,,,,,,,,,,,,,,,,,,,,,,,,,,,,,,,,,,,,,,,,,,,,,,,,,,,,,,,,,,,,,,,,,,,,,,,,,,,,,,,,,,,,,,,,,,,,,,,,,,,,,,,,,,,,,,,,,,,,,,,,,,,,,,,,,,,,,,,,,,,,,,,,,,,,,,,,,,,,,,,,,,,,,,,,,,,,,,,,,,,,,,,,,,,,,,,,,,,,,,,,,,,,,,,,,,,,,,,,,,,,,,,,,,,,,,,,,,,,,,,,,,,,,,,,,,,,,,,,,,,,,,,,,,,,,,,,,,,,,,,,,,,,,,,,,,,,,,,,,,,,,,,,,,,,,,,,,,,,,,,,,,,,,,,,,,,,,,,,,,,,,,,,,,,,,,,,,,,,,,,,,,,,,,,,,,,,,,,,,,,,,,,,,,,,,,,,,,,,,,,,,,,,,,,,,,,,,,,,,,,,,,,,,,,,,,,,,,,,,,,,,,,,,,,,,,,,,,,,,,,,,,,,,,,,,,,,,,,,,,,,,,,,,,,,,,,,,,,,,,,,,,,,,,,,,,,,,,,,,,,,,,,,,,,,,,,,,,,,,,,,,,,,,,,,,,,,,,,,,,,,,,,,,,,,,,,,,,,,,,,,,,,,,,,,,,,,,,,,,,,,,,,,,,,,,,,,,,,,,,,,,,,,,,,,,,,,,,,,,,,,,,,,,,,,,,,,,,,,,,,,,,,,,,,,,,,,,,,,,,,,,,,,,,,,,,,,,,,,,,,,,,,,,,,,,,,,,,,,,,,,,,,,,,,,,,,,,,,,,,,,,,,,,,,,,,,,,,,,,,,,,,,,,,,,,,,,,,,,,,,,,,,,,,,,,,,,,,,,,,,,,,,,,,,,,,,,,,,,,,,,,,,,,,,,,,,,,,,,,,,,,,,,,,,,,,,,,,,,,,,,,,,,,,,,,,,,,,,,,,,,,,,,,,,,,,,,,,,,,,,,,,,,,,,,,,,,,,,,,,,,,,,,,,,,,,,,,,,,,,,,,,,,,,,,,,,,,,,,,,,,,,,,,,,,,,,,,,,,,,,,,,,,,,,,,,,,,,,,,,,,,,,,,,,,,,,,,,,,,,,,,,,,,,,,,,,,,,,,,,,,,,,,,,,,,,,,,,,,,,,,,,,,,,,,,,,,,,,,,,,,,,,,,,,,
R27,,,,,,,,,,,,,,,,,,,,,,,,,,,,,,,,,,,,,,,,,,,,,,,,,,,,,,,,,,,,,,,,,,,,,,,,,,,,,,,,,,,,,,,,,,,,,,,,,,,,,,,,,,,,,,,,,,,,,,,,,,,,,,,,,,,,,,,,,,,,,,,,,,,,,,,,,,,,,,,,,,,,,,,,,,,,,,,,,,,,,,,,,,,,,,,,,,,,,,,,,,,,,,,,,,,,,,,,,,,,,,,,,,,,,,,,,,,,,,,,,,,,,,,,,,,,,,,,,,,,,,,,,,,,,,,,,,,,,,,,,,,,,,,,,,,,,,,,,,,,,,,,,,,,,,,,,,,,,,,,,,,,,,,,,,,,,,,,,,,,,,,,,,,,,,,,,,,,,,,,,,,,,,,,,,,,,,,,,,,,,,,,,,,,,,,,,,,,,,,,,,,,,,,,,,,,,,,,,,,,,,,,,,,,,,,,,,,,,,,,,,,,,,,,,,,,,,,,,,,,,,,,,,,,,,,,,,,,,,,,,,,,,,,,,,,,,,,,,,,,,,,,,,,,,,,,,,,,,,,,,,,,,,,,,,,,,,,,,,,,,,,,,,,,,,,,,,,,,,,,,,,,,,,,,,,,,,,,,,,,,,,,,,,,,,,,,,,,,,,,,,,,,,,,,,,,,,,,,,,,,,,,,,,,,,,,,,,,,,,,,,,,,,,,,,,,,,,,,,,,,,,,,,,,,,,,,,,,,,,,,,,,,,,,,,,,,,,,,,,,,,,,,,,,,,,,,,,,,,,,,,,,,,,,,,,,,,,,,,,,,,,,,,,,,,,,,,,,,,,,,,,,,,,,,,,,,,,,,,,,,,,,,,,,,,,,,,,,,,,,,,,,,,,,,,,,,,,,,,,,,,,,,,,,,,,,,,,,,,,,,,,,,,,,,,,,,,,,,,,,,,,,,,,,,,,,,,,,,,,,,,,,,,,,,,,,,,,,,,,,,,,,,,,,,,,,,,,,,,,,,,,,,,,,,,,,,,,,,,,,,,,,,,,,,,,,,,,,,,,,,,,,,,,,,,,,,,,,,,,,,,,,,,,,,,,,,,,,,,,,,,,,,,,,,,,,,,,,,,,,,,,,,,,,,,,,,,,,,,,,,,,,,,,,,,,,,,,,,,,,,,,,,,,,,,,,,,,,,,,,,,,,,,,,,,,,,,,,,,,,,,,,,,,,,,,,,,,,,,,
R28,,,,,,,,,,,,,,,,,,,,,,,,,,,,,,,,,,*/ˌɑntˈɒːnju/,,,,,,,,,,,,,,,,,,,,*/ˌɑwrjˈɒlu/,,,,,,,*/bˌɑrˈɒːne/,,,*/bˌenediːkˈɒnjoː/,,,*/bˈɒlɑ/,,,,,,,,,,,,,,,,,,,,,,,,,,,,,,,,,,,,,,,,,,,,,*/drˌɑnkˈɒːne/,,,,,,,,,,,,,,,,,,,,,,,,,,,,,,,,,,,,,,,,,,,,,,,,,,,,,,,,,,*/fˌɑlkˈɒːne/,,,,,,,,,,,*/fˌiːʎˈɒlɑ/,,,,,,,,,,,,,,,,,,,,,,,,,,,,,,,,,,,,,,*/frˌiːɡˈɒnjoː/,,,,,,,,,,,,,,,,,,,,,,*/ɡˌemˈɒnjoː/,,,,,,,,,,,,,,,,,,,,,,,,,,,,,,,,,,,,,,,,,,,,,,,,,,,,,,,,*/ˌindˌikˈɒnjoː/,,,,,,,,,,,,,,,,,,,,,,,,,*/ˌintˌelliɡˈɒnjoː/,,,*/ˌintiɲjˈɒnjoː/,,,,,,,,,,,,,,,,,,,,,,,,,,,,,,,,,,,,,,,,,,*/kˌɑprjˈɒlu/,,*/kˌɑpissˈɒnjoː/,,,*/kˌɑːpˈɒːne/,,,,,,,,,,,,,,,,,,,,,,,,,,,,,,,,,,,,,,,,,,,,,,,,,,,,,,,,,,,,,,,,,,,,,,,,,*/kˈɒmɑ/,,,,,,,,,,,,,,,,,,,,,,,,,,*/kˌorˈɒːnɑ/,,,,,,,,*/kˌotˈɒːnju/,,,,,,,,,,,,,,,,,,,,,,,,,,,,,,,,,,,,*/kʷˌɛrˈɒnjoː/,,,,,,,,,,,,*/lˌɑkˈɒːne/,,,,,,,,,,,,,,,,,,,,,*/ʎˈɒːne/,,,,,,,,,,,,,,,,,*/lˌuːdˈɒnjoː/,,,,,,,,,,,,,,,,*/mˌɑludiːkˈɒnjoː/,*/mˌɑllet͡ʃjˈɒlɑ/,*/mˌɑʎˈɒlɑ/,,,,,,,,,,,,,,,,,,,,,,,,,,,,,,,,,,,,,,,,,,,,,,,,*/mˌerɡˈɒnjoː/,,,,,,,,,,,,,,,,,,,,,,,,,,,,,,*/mˌuskˈɒnjɑ/,,,,,,,,,,,,,,,,,,,,,,,,*/ˈɒʎɑstru/,*/ˈɒʎu/,,,,,,,,,,,,,,,,,,,,,,,,,,,,,,,,,,,*/frˌɑsjˈɒlu/,*/fˌɑsjˈɒlu/,,,,,,,,*/pˌɑwlˈɒnjoː/,*/pˌɑːwulˈɒːne/,,,,,,,,,,,,,,,,,,,,,,,,,,,,,,,,,,,,,,,,,,,,,,,,,,,,,,,,,,,,,,,,,,,,,,,,,,,*/prˌeːmːˌittˈɒnjoː/,,,,,,,,,,,,,,,,,,,,,,,,*/ˌɑdrˌɑːt͡ʃjˈɒːne/,,,,,,,,,*/rˌesˌurɡˈɒnjoː/,,,,,,,,,,,,,,,*/rˌoːsupˈɒːnjɑ/,,,,,,,,,,,,,,,,,,,,,,,,,,,,,,,,,,,,,,,,,,,,,,,,,,,,,,,,,,,,,,,,,,,,,,,,,,,,,,,,*/skʰˈɒlɑ/,,,,,*/skrˌiːbˈɒnjoː/,,,,,,,,,*/sˈɒlɑ/,,*/sˈɒlu/,,,,,,,,,,,,,,,,,,,,,,,,,,*/strˌiŋɡˈɒnjoː/,,,,,,,,,,,,,,,,,,,,,,,,,,,,,,,,,,,,,,*/tˌiːmˈɒːne/,,,,,,,,,,,,,*/trˌɑːdˈɒnjoː/,,,,,*/trˌɑːnsˌiɡˈɒnjoː/,,,*/trˌifˈɒʎɑ/,,,,,,,,,,,,,,,,,,,,,,,,,,,,,,,,,,,,,,,,,,,,,,,,,,*/wˌeskˈɒnjoː/,,,,,,,,,,,,,,,,,,,,,,,,,,,,,*/wˌiːwˈɒnjoː/,*/wˈɒlɑ/,,,*/wˈɒːmi/,
R29,,,,,,,,,,,,,,,,,,,,,,,,,,,,,,,,,,,,,,,,,,,,,,,,,,,,,,,,,,,,,,,,,,,,,,,,,,,,,,,,,,,,,,,,,,,,,,,,,,,,,,,,,,,,,,,,,,,,,,,,,,,,,,,,,,,,,,,,,,,,,,,,,,,,,,,,,,,,,,,,,,,,,,,,,,,,,,,,,,,,,,,,,,,,,,,,,,,,,,,,,,,,*/flˌɒrˈiːnu/,,,,,,,,,,,,,,,,,,,,,,,,,,,,,,,,,,,,,,,,,,,,,,,,,,,,,,,,,,,,,,,,,,,,,,,,,,,,,,,,,,,,,,,,,,,,,,,,,,,,,,,,,,,,,,,,,,,,,,,,,,,,,,,,,,,,,,,,,,,,,,,,,,,,,,,,,,,,,,,,,,,,,,,,,,,,,,,,,,,,,,,,,,,,,,,,,,,,,,,,,,,,,,,,,,,,,,,,,,,,,,,,,,,,,,,,,,,,,,,,,,,,,,,,,,,,,,,,,,,,,,,,,,,,,,,,,,,,,,,,,,,,,,,,,,,,,,,,,,,,,,,,,,,,,,,,,,,,,,,,,,,,,,,,,,,,,,,,,,,,,,,,,,,,,,,,,,,,,,,,,,,,,,,,,,,,,,,,,,,,,,,,,,,,,,,,,,,,,,,,,,,,,,,,,,,,,,,,,,,,,,,,,,,,,,,,,,,,,,,,,,,,,,,,,,,,,,,,,,,,,,,,,,,,,,,,*/nˌɒtˈɒːnjoː/,,*/nˌɒwˈerkɑ/,,,,,,,,,,,,,,,,,,,,,,,,,,,,,,,,,,,,,,,,,,,,,,,,,,,,,,,,,,,,,,,,,,,,,,,,,,,,,,,,,,,,,,,,,,,,,,,,,,,,,,,,,,,,,,,,,,,,,,,,,,,,,*/prˌɒːˈiːbɒːnjoː/,,*/prˌɒsimˈɒːnjoː/,,,,,,,,,,,,,,,,,,,,,,,,,,,,,,,,,,,,,,,,,,,,,,,,,*/rˌɒːsupˈɒːnjɑ/,,,*/rˌɒtˈundɑ/,,,,,,,,,,,,,,,,,,,,,,,,,,,,,,,,,,,,,,,,,,,,,,,,,,,,,,,,,,,,,,,,,,,,,,,,,,,,,,,,,,,,,,,,,,,,,,,,,,,,,,,,,,,,,,,,,,,,,,,,,,,,,,,,,,,,,,,,,,,,,,,,,,,,,,,,,,,,,,,,,,,,,,,,,,,,,,,,,,,,,,,,,,,,,,,,,,,,,,,,,,,,,,,,,,,,,,,,,,,,,,,,,,,,,,,,,,,,,,,,,,,,,,,,,,,,,,,,,,,,,,
R30,,,,,,,,,,,,,,,,,,,,,,,,,,,,,,,,,,,,,,,,,,,,,,,,,,,,,,,,,,,,,,,,,,,,,,,,,,,,,,,,,,,,,,*/dˌeːbitˈore/,*/dˌeːbitˌorˈit͡ʃju/,,,,,,,,,,,,,,,,,,,,,,,,,,,,,,,,,,,,,,,,,,,,,,,,,,,,,,,,,,,,,,,,,,,,,,,,,,,,,,,,,,,,,,,,,,,,,,,,,,,,,,,,,,,,,,,,,,,,,,,,,,,,,,,,,,,,,,,,,,,,,,,,,,,,,,,,,,,,,,,,,,,,,,,,,,,,,,,,,,,,,,,,,,,,,,,,,,,*/ˌimpˌerˌɑːtˈore/,*/pˌerɑːntˈore/,*/ˌimperˌɑːtorˈissɑ/,,,,,,,,,,,,,,,,,,,,,,,,,,,,,,,,,,,,,,,,,,,,,,,,,,,,,,,,,,,,,,,,,,,,,,,,,,,,,,,,,,,,,,,,,,,,,,,,,,,,,,,,,,,,,,,,,,,,,,,,,,,,,,,,,,,,,,,,,,,,,,,,,,,,,,,,,,,,,,,,,,,,,,,,,,,,,,,,,,,,,,,,,,,,,,,,,,,,,,,,,,,,,,,,,,,,,,,,,,,,,,,,,,,,,,,,,,,,,,,,,,,,,,,,,,,,,,,,,,,,,,,,,,,,,,,,,,,,,,,,,,,,,,*/lˌuktɑtˈore/,,,,,,,,,,,,,,,,,,,,,,,,,,,,,,,,,,,,,,,,,,,,,,,,,,,,,,,,,,,,,,,,,,,,,,,,,,,,,,,,,,,,,,,,,,,,,,,,,,,,,,,,,,,,,,,,,,,,,,,,,,,,,,,,,,,,,,,,,,,,,,,,,,,,,,,,,,,,,,,,,,,,,,,,,,,,,,,,,,,,,,,,,,,,,,,,*/pˌiskɑtˈore/,,,,,,,,,,,,,,,,,,,,,,,,,,,,,,,,,,,,,,,,,,,,,,,,,,,,,,,,,,,,,,,,,,,,,,,,,,,,,,,,,,,,,,,,,,,,,,,,,,,,,,,,,,,,,,,,,,,,,,,,,,,,,,,,,,,,,,,,,,,,,,,,,,,,,*/sˌerwiːtˈore/,,,,,,,,,,,,,,,,,,,,,,,,,,,,,,,,,,,,,,,,,,,,,,,,,,,,,,,,,,,,,,,,,,,,,,,,,,,,,,,,,,,,,,,,,,,,,,,,,,,,,,,,,,,,,,,,,,,,,,,,,,,,,,,,,,,,,,,,,,,,,,,,,,,,,,,,,,,,,,,,,,,,,,,,,,,,,,,,,,,,,,,,,,,,,,,,,,,,,,,,,,,,,,,,
R31,,,,,,,,,,,,,,,,,,,,,,,,,,,,,,,,,,,,,,,,,,,,,,,,,,,,,,,,,,,,,,,,,,,,,,,,,,,,,,,,,,,,,,,,,,,,,,,,,,,,,,,,,,,,,,,,,,,,,,,,,,,,,,,,,,,,,,,,,,,,,,,,,,,,,,,,,,,,,,,,,,,,,,,,,,,,,,,,,,,,,,,,,,,,,,,,,,,,,,,,,,,,,,,,,,,,*/fˈussɑ/,*/fˌussˈɑːtu/,,,,,,,,,,,,,,,,,,,,,,,,,,,,,,,,,,,,,,,,,,,,,,,,,,,,,,,,,,,,,,,,,,,,,,,,,,,,,,,,,,,,,,,,,,,,,,,,,,,,,,,,,,,,,,,,,,,,,,,,,,,,,,,,,,,,,,,,,,,,,,,,,,,,,,,,,,,,,,,,,,,,,,,,,,,,,,,,,,,,,,,,,,,,,,,,,,,,,,,,,,,,,,,,,,,,,,,,,,,,,,,,,,,,,,,,,,,,,,,,,,,,,,,,,,,,,,,,,,,,,,,,,,,,,,,,,,,,,,,,,,,,,,,,,,,,,,,,,,,,,,,,,,,,,,,,,,,,,,,,,,,,,,,,,,,,,,,,,,,,,,,,,,,,,,,,,,,,,,,,,,,,,,,,,,,,,,,,,,,,,,,,,,,,,,,,,,,,,,,,,,,,,,,,,,,,,,,,,,,,,,,,,,,,,,,,,,,,,,,,,,,,,,,,,,,,,,,,,,,,,,,,,,,,,,,,,,,,,,,,,,,,,,,,,,,,,,,,,,,,,,,,,,,,,,,,,,,,,,,,,,,,,,,,,,,,,,,,,,,,,,,,,,,,,,,,,,,,,,,,,,,,,,,,,,,,,,,,,,,,,,,,,,,,,,,,,,,,,,,,,,,,,,,,,,,,,,,,,,,,,,,,,,,,,,,,,,,,,,,,,,,,,,,,,,,,,,,,,,,,,,,,,,,,,,,,,,,,,,,,,,,,,,,,,,,,,,,,,,,,,,,,,,,,,,,,,,,,,,,,,,,,,,,,,,,,,,,,,,,,,,,,,,,,,,,,,,,,,,,,,,,,,,,,,,,,,,,,,,,,,,,,,,,,,,,,,,,,,,,,,,,,,,,,,,,,,,,,,,,,,,,,,,,,,,,,,,,,,,,,,,,,,,,,,,,,,,,,,,,,,,,,,,,,,,,,,,,,,,,,,,,,,,,,,,,,,,,,,,,,,,,,,,
R32,,,,,,,,,,,,,,,,,,,,,,,,,,,,,,,,,,,,,,,,,,,,,,,,,,,,,,,,,,,,,,,,,,,,,,,,,,,,,,,,,,,,,,,,,,,,*/dˌeːpˌusitˈɒːnjoː/,,,,,,,,,,,,,,,,,,,,,,,,,,,,,,,,,,,,,,,,,,,,,,,,*/ˌesˈussu/,,,,,,,,,,,,,,,,,,,,,,,,,,,,,,,,,,,,,,,,,,,,,,,,,,,,,,,,,,,,,,,,,,,,,,,,,,,,,,,,,,,,,,,,,,,,,,,,,,,,,,,,,,,,,,,,,,,,,,,,,,,,,,,,,,,,,,,,,,,,,,,,,,,,,,,,,,,,,,,,,,,,,,,,,,,,,,,,,,,,,,,,,,,,,,,,,,,,,,,,,,,,,,,,,,,,,,,,,,,,,,,,,,,,,,,,,,,,,,,,,,,,,,,,,,,,,,,,,,,,,,,,,,,,,,,,,,,,,,,,,,,,,*/klˌemːˈustu/,,,,,,,,,,,,,,,,,,,,,,,,,,,,,,,,,,,,,,,,,,,,,,,,,,,,,,,,,,,,,,,,,,,,,,,,,,,,,,,,,,,,,,,,,,,,,,,,,,,,,,,,,,,,,,,,,,,,,,,,,,,,,,,,,,,,,,,,,,,,,,,,,,,,,,,,,,,,,,,,,,,,,,,,,,,,,,,,,,,,,,,,,,,,,,,,,,,,,,,,,,,,,,,,,,,,,,,,,,,,*/mˈud͡ʒju/,,,,,,,,,,,,,,,,,,,,,,,,,,,,,,,,,,,,,,,,,,,,,,,,,,,,,,,,,,,,,,,,,,,,,,,,,,,,,,,,,,,,,,,,,,,,,,,,,,,,,,,,,,,,,,,,,,,,,,,,,,,,,,,,,,,,,,,,,,,,,,,*/pˌusˈɒːnjoː/,,,,,,,,,,,,,,,,,,,,,,,,,,,,,,,,,,,,,,,,,,,,,,,,,,,,,,,,,,,,,,,,,,,,,,,,,,,,,,,,,,,,,,,,,,,,,,,,,,,,,,,,,,,,,,,,,,,,,,,,,,,,,,,,,,,,,,,,,,,,,,,,,,,,,,,,,,,,,,,,,,,,,,,,,,,,,,,*/spˈud͡ʒjɑ/,,,,,,,,,,,,,,,,,,,,,,,,,,,,,,,,,,,,,,,,,,,,,,,,,,,,,,,,,,,,,,,,,,,,,,,,,,,,,,,,,,,,,,,,,,,,,,,,,,,,,,,,,,,,,,,,,,,,,,,,,,,,,,,,,,,,,,,,,,,,,,,,,,,,,,,,,,,,
R33,*/ˌɑbˌɛrrˈɒːnjoː/,*/ˌɑbjˈeːŋnʊ/,,,,,,,,*/ˌɛrˈɑːmɛ/,*/ˌɛstɪmˈɒːnjoː/,,,*/ˌɑːkˈiːŋɡɛ/,*/ˌɑkkˈiːpɪtʊ/,*/ˌɑkkˈiːpɪtrɛ/,*/ˌɔsˈʊɲjɑ/,*/ˈɑlbɑnʊ/,*/ˌɑlbɑːnˈɛnsʊ/,*/ˈɑʎʊ/,,,*/ˌɑmbɪpˌɑtˈiːnʊ/,*/ˌɑmbʊlˈɒːnjoː/,*/ˌɑmˈʏndɔlɑ/,*/ˌɑmˈiːkʊ/,*/ˈɑmɪtɑ/,*/ˌɑmˈʊrɡɑ/,,,,*/ˌɑŋɡˈʊstʊ/,*/ˌɑŋɡʊstˈɒːnjoː/,*/ˌɑntˈɒːnjʊ/,*/ˌɑnˈʊllɑ/,*/ˌɑppˌɑrɑmˈɛntʊ/,*/ˌɑprˈiːlɛ/,*/ˈɑptʊ/,,*/ˌɑrɡˈɛntʊ/,,,,*/ˌɑrmˌɪssˈɒːrjʊ/,,*/ˈɑrkʊ/,,*/ˈɑskʊlɑ/,*/ˌɑspˈɑrɑɡʊ/,*/ˈɑspɛr/,*/ˌɑːwˈɛntʊ/,,*/ˌɑwɡˈʊstʊ/,*/ˌɑwrjˈɒlʊ/,*/ˈɑwrʊ/,*/ˌɑwˈʊnkʊlʊ/,*/bˈɑlsɑmʊ/,,*/bˌɑrˈɑtʰrʊ/,,*/bˌɑrˈɒːnɛ/,,,*/bˌɛnɛdiːkˈɒnjoː/,,*/bˌiːnjˈɒːrjʊ/,,,*/brˈɔkkɑ/,,,,*/bˌʊbʊlkˈeːnsʊ/,*/bˌʊbˈʊlkʊ/,*/bˌʊbˈʊlkiː/,*/bˈuːfʊ/,*/bˈʊllɑ/,*/bˈʊkkɑ/,*/bˈʊksʊ/,*/bˈʊrɡʊ/,*/bˈʊttɛ/,*/dˈɛmɔnɛ/,,*/dˈɑmnʊ/,*/dˌeːbɪtˈɒːnjoː/,*/dˌeːbɪtˈɔrɛ/,*/dˌeːbɪtˌɔrˈɪt͡ʃjʊ/,*/dˌeːbɪtˈuːrɑ/,*/dˌeːlˌiːbɛrˈɒːnjoː/,,*/dˌeːpˌɛnɛtrˈɒːnjoː/,*/dˌeːpˌʊsɪtˈɒːnjoː/,,*/dˌeːsˌiːdɛrˈɒːnjoː/,*/dˌeːsˌiːdˈɛrjɑ/,,,*/dˌɪɡɪtˈɒːnjoː/,*/dˈɪɲjɑ/,*/dˌiːrɪɡˈɒːnjoː/,*/dˌiːrˈeːktʊ/,*/dɪ/,*/dˌɪskˌɑbɑllɪkˈɒːnjoː/,*/dˌɪskˌɑrrɪkˈɒːnjoː/,*/dˈɪskɑ/,*/dˌɪskʷˌɪrɪtˈɒːnjoː/,*/dˌɪswˌeːlˈɒːnjoː/,*/mˌɔdɛstɪkˈɒːnjoː/,*/dˌɔlˈoːrɛ/,*/ɛdˌoːnˈɒːnjoː/,,*/drˌɑnkˈɒːnɛ/,*/drˈiːnʊ/,*/drˈiːwɑstʊ/,*/dˈʊkɛ/,*/dˌʊplɪkˈɒːnjoː/,,*/ˌeːdˌɪktˈɒːnjoː/,,*/ˌɛkkʊ/,*/ˌɛsˈɑːmɪnɑ/,*/ˌɛsˌɑmpʊtˈɒːnjoː/,*/ˌɛsˌɑnɪmˈɒːnjoː/,*/ˌɛsˈɛmplʊ/,*/ˌɛsɔnɔrˈɒːnjoː/,*/ˌɛsˈɪɲjoː/,*/ˌɛskˌɑbɑllɪkˈɒːnjoː/,*/ˌɛskˌɑlˈɒːnjoː/,*/ˌɛskˌɑmbjˈɒːnjoː/,*/ˌɛskˌɑndˈøːnjoː/,*/ˌɛskˌɑrd͡ʒjˈɒːnjoː/,*/ˌɛskˌɑrptˈɒːnjoː/,*/ˌɛskˌɑtʰɛdrˈɒːnjoː/,*/ˌɛskˌɑwdɪkˈɒːnjoː/,*/ˌɛskˈiːpiː/,*/ˌɛskˈʊbʊloː/,*/ˌɛskˌʊrtˈɒːnjoː/,*/ˌɛskˈʊrtʊ/,,*/ˌɛsˈʊssʊ/,*/ˌɛspˌɛdiːtˈɒːnjoː/,*/ˌɛspˌɛdˈiːtʊ/,*/ˌɛspˌɛllˈɑwɒːnjoː/,*/ˌɛspˌɛrlˈɑwɒːnjoː/,*/ˌɛsrˌiːmˈɒːnjoː/,*/ˌɛstˌɛnwˈɒːnjoː/,*/ˌɛstrˈuːdoː/,*/ˌɛsˌʊŋɡʊlˈɒːnjoː/,*/ˌɛswˌɪɡɪlˈɒːnjoː/,,,,,,*/ˌeːrˌɑːdɪkˈɒːnjoː/,,*/ˌeːrˈiːkjʊ/,*/rˌɛwˈiːʎɑ/,,,,*/fˈɑbrɪkɑ/,*/fˌɑbrɪkˈɒːnjoː/,*/fˈɑːɡʊ/,,,*/fˈɑʎʊ/,,,*/fˌɑlkˈɒːnɛ/,,,,,*/fˈɑmʊlʊ/,,*/fˌɑːrɪnˈɒːnjoː/,*/fˌɑːrɪnˈɑːtɑ/,*/fˈɑrmɑkʊ/,,,*/fˈɑːtʊ/,,*/fˌɛbrˈɒːrjʊ/,*/fˈeːmɪnɑ/,*/fˌɛnˈɛstrɑ/,*/fˌɛrrˈʊskɑ/,,*/fˌɪdˈɒːnjoː/,*/fˈiːkʊ/,*/fˌiːʎˈɑːnʊ/,*/fˈɪlɪkɑ/,*/fˌɪʎˈɑstɛr/,*/fˌɪlɪkˈeːtʊ/,*/fˈiːlʊ/,*/fˌɪrɪɡɪlˈiːnʊ/,*/fˌɪssˈiːkʊlɑ/,*/fˌɪstʊlˈɒːnjoː/,*/flˈɑkʊlɑ/,*/flˈɑkʊlɑ/,*/flˈɑːmɪnjɑ/,,*/flˈɔkkʊ/,*/flˌɒrˈiːnʊ/,*/flˌʊktʊlˈɒːnjoː/,*/fˌɔʎˈɑːtɑ/,*/fˌoːrmˈɛllɑ/,*/fˈʊrnɪkɛ/,*/fˌʊrnɪkˈiːɑ/,*/fˈɔrtɛ/,*/fˌɔrtˈuːnɑ/,*/fˈʊssɑ/,*/fˌʊssˈɑːtʊ/,*/frˈɑksɪnʊ/,,,,*/frˈeːnʊ/,,*/frˌiːɡʊlˈɒːnjoː/,*/frˌɪkˈɒːnjoː/,*/flˌɪktˈɑːrjɑ/,*/frˈuːktʊ/,*/fˌʊlkˈiːɑ/,,*/fˈʊndʊ/,*/fˈʊrkɑ/,*/fˈʊrnʊ/,*/fˈʊskɪnjɑ/,*/fˌʊskɪnjˈɒːrjʊ/,*/fˈʊstʊlʊ/,*/fˈʊtwoː/,*/ɡˈɑlbɪnʊ/,*/ɡˈɑlɡʊlʊ/,*/ɡˌɑllɪnˈɑːt͡ʃjɑ/,,,*/ɡˈɑttʊ/,*/ɡˈɑwd͡ʒjʊ/,*/ɡˌɑwd͡ʒjʊmˈɛntʊ/,*/ɡˌɛmˈɒnjoː/,,*/ɡˈɛnɪstrɑ/,*/ɡˈɛntɛ/,,,*/ɡlˈɛmʊ/,*/lˈiːrɛ/,*/ɡlˌɛmːɛrˈɑːtɑ/,*/ɡrˈɛkʊ/,,*/ɡrˈɑːtʊ/,*/ɡrˈɛɡɛ/,*/ɡrˈɛmjʊ/,*/ɡrˌʊˈɪllɑ/,*/ɡrˌuːmʊlˈɒːnjɔ/,*/ɡrˈuːmʊlʊ/,,*/ɡˈʊlɑ/,*/ɡˈʊmmɑ/,*/ɡˈʊnnɑ/,*/ɡˈʊttɑ/,*/ɡˈyːrʊ/,,*/hˌɪbɛrnˈiːnʊ/,*/hˌɪbˌɛrnˈiːd͡ʒjɑ/,*/hˌɪnnˈiːkʊlɑ/,*/hˌɪnnɪkʊlˈɒːnjoː/,*/hˌɛrnɪdzˈɒːnjoː/,,*/hˌɔrrˈøːnjoː/,*/jˈɒːnwʊ/,,*/jˌɛjuːnˈɒːnjoː/,,,*/ˈiːlɪkɛ/,,*/ˌɪmpɑrˈɒːnjoː/,*/ˌɪmpˌɛrɑːtˈɪssɑ/,*/pˌɛrɑːntˈɪssɑ/,*/ˌɪmpˌɛrˌɑːtˈɔrɛ/,*/pˌɛrɑːntˈɔrɛ/,*/ˌɪmpɛrˌɑːtɔrˈɪssɑ/,*/ˌɪmpɛrˈɑːtʊ/,,*/ˌɪmplˌɑntˈɒːnjoː/,*/ˌɪmplˈɒːnjoː/,*/ˌɪmmˈuːnɛ/,*/ˌɪnˈɑltɑ/,*/ˌɪnˌɑlt͡ʃjˈɒːnjoː/,*/ˌɪnˈɑltʊ/,*/ˌɪnˌɑwrɪtˈɒːnjoː/,*/ɪnbˌɔrjˈɑːnʊ/,*/ˌɪndˌeːspɪkˈɒːnjoː/,,*/ˌɪndˌɪkˈɒnjoː/,*/ˌɪndˌɪktˈɒːnjoː/,*/ˌɪndˌɪreːktˈɒːnjoː/,*/ˌɪndˌɪrˈeːkt͡ʃjoː/,,*/ˌɪnfˌɑskjˈɒːnjoː/,*/ˌiːnfˈɛrnʊ/,*/ˌɪŋɡɑnnjˈøːnjoː/,*/ˌɪŋɡrˈɑːtɑ/,*/ˌɪnɪmˈiːkʊ/,*/ˌɪnkˌɑbɑllɪkˈɒːnjoː/,*/ˌɪnkˌɑrrɪkˈɒːnjoː/,*/ˌɪnkˌɑwsɪnˈɒːnjoː/,*/ˌɪnkɔɲˌyːrˈɒːnjoː/,*/ˌɪnkˌʊnsoːlˈɒːnjoː/,*/ˌɪnkʰˈɔrdoː/,*/kˈʊdɛ/,*/kˈʊdɪnɛ/,*/ˌɪnkˌʊnjˈɒːnjoː/,*/ˌɪnnˈɔkʷʊ/,*/ˌɪnˈɔffʊlɑ/,,*/ɪnpˌɛnsˈɒːnjoː/,*/ˌɪnsˈɪɲjɑ/,*/ˈiːnsʊlɑ/,*/ˌɪntˌɛllɪɡˈɒnjoː/,*/ˌɪntˌɛɡrˈɒːnjɔ/,*/ˌɪntɛr/,*/ˌɪntɪɲjˈɒnjoː/,*/ˌɪnwˌɛrnˈɑːʎɑ/,*/ˌɪnwˈɛrnʊ/,*/ˌɪnwˌɪd͡ʒjˈɒːnjoː/,,*/ˌɪnwˌɪt͡ʃjˈɒːnjoː/,,,,*/jˌuːdɪkˈɒːnjoː/,*/jˌuːdɪkˈɑːtɑ/,*/jˌuːdˈiːkjʊ/,,*/jˈuːnktʊ/,,*/jˌʊwˈɛnkɑ/,,*/kˈɛlʊ/,*/kˌɑlɑmˈeːtʊ/,*/kˈɑlɑmʊ/,,*/kˌɑlɛndˈɒːrjʊ/,*/kˈɑlɪkɛ/,,,,,*/kˈɑmɛrɑ/,,,*/kˌɑmˈɪsjɑ/,*/kˈɑnɑpɛ/,,*/kˈɑnɛ/,,,*/kˌɑnnˈeːtʊ/,,*/kˈɑntʰɑrʊ/,*/kˈɑntɪkɑ/,*/kˌɑntɪkˈɛllʊ/,*/kˌɑppˈɛllɑ/,*/kˌɑprjˈɒlʊ/,*/kˌɑpɪssˈɑːtɑ/,*/kˌɑpɪssˈɒnjoː/,*/kˌɑpˈɪstrʊ/,*/kˌɑpɪtˈiːnɑ/,*/kˌɑːpˈɒːnɛ/,*/kˈɑprjʊ/,,*/kˈɑrjɛ/,*/kˌɑrpˈʊt͡ʃjoː/,,*/kˌɑrmɪnjˈɒːnjoː/,,,*/kˌɑrrˌiːkʊlˈɒːnjoː/,,,*/kˈɑsɪnɑ/,,*/kˌɑstɑnˈɛttʊ/,*/kˌɑstˈɛllɑ/,*/kˌɑstˈɛllʊ/,,,,*/kˈɛntiː/,*/kˈɛntrʊ/,*/kˌɛntrˈɒːnjoː/,,*/kˌeːpˈʊllɑ/,*/kˌɛrɑsjˈɒːrjʊ/,*/kˌɛrɛbˈɛllʊ/,*/kˌɛrˈɛbrʊ/,*/kˈɛrrʊ/,*/kʰˌɛrsˈʏdrɑ/,*/kˌɛrtˈɒːnjoː/,,*/ɪnkˌiːkˈɑːlɑ/,*/kˈiːkɛrɛ/,*/kˌɪkʰˈɔrjɑ/,*/kˈiːmɪkɑ/,*/kˌiːmˈʊssɑ/,*/kˈiːŋɡʊlɑ/,*/kˌɪrkˈɒːnjoː/,*/kˌɪrkˈɛllɑ/,*/kˈɪrkʊlʊ/,*/kˈɪrkʊ/,,*/kˌiːwɪtˈɑːtɛ/,,,,*/klˈɑːwɑnʊ/,*/klˌɑwɪtˈuːrɑ/,,,,*/klˌeːmˈeːntɛ/,*/klˌɛmːˈʊstʊ/,*/kˌɔˌeːmptˈɒːnjoː/,*/kˌoːɡɪtˈɒːnjoː/,*/kˌɔŋnˈɑːtʊ/,*/kˌɔˌeːrˈeːdɛ/,*/kˌɔˈiːnjoː/,*/kˌɔlˈɒːnjoː/,*/kˌɔllˈɑːrɛ/,*/kˌɔllˌʊkt͡ʃjˈɒːnjoː/,*/kˌɔllˌuːktˈɒːnjoː/,*/kˌɔllˌiːmɪtˈɒːnjoː/,*/kˌɔlˈɔstrʊ/,*/kˌɔlʊmbɪnˈiːɑ/,*/kˌɔlʊmnˈɑːt͡ʃjɑ/,*/kˈʊnkʰɑ/,*/kˈɔkkɑ/,*/kˈɔkkjʊ/,*/kˈɔkʷʊ/,*/kˈɔksɑ/,,,*/kˌɔmmˈɛrkjʊ/,*/kˌɔmmʊniːkˈɒːnjoː/,*/kˈʊmpɑtɛr/,*/kˌʊmpˌʊtˈɒːnjoː/,*/kˌʊmpˌʊtˈɒːnjoː/,*/kˈʊmpʊtʊ/,*/kˌʊnfˈiːnjʊ/,*/kˌʊnsˈiːʎʊ/,*/kˌʊnskrˌɪptˈɒːnjoː/,*/kˌʊnsˌɔbrˈiːnʊ/,*/kˌʊnstˈɒːnjoː/,*/kˈʊnsʊlɛ/,*/kˌʊntˌɛntˈɒːnjoː/,*/kˈʊntrɑː/,*/kˌʊntrˈɒːrjʊ/,*/kˌʊntrɑːstˈɒːrjʊ/,*/kˌɔnˈʊkʊlɑ/,*/kˌɔnwˌɛntˈɒːnjoː/,*/kˌɔnwˈɛntʊ/,*/kˌoːpɛrtˈuːrɑ/,*/kˈɔrbʊlɑ/,*/kʰˈɔrdɑ/,*/kˈɔrjʊ/,*/kˌɔrnˈiːkʊlʊ/,,*/kˌɔrˈɒːnɑ/,*/kˈɔrpʊ/,,*/kˌɔrtˈiːnɑ/,*/kʰˈɔrʊ/,*/kˌɔrwˈiːnʊ/,*/kˈɔrwʊ/,*/kˈɔssʊ/,*/kˌɔtˈɒːnjʊ/,*/kˌɔttɪdzˈɒːnjoː/,*/krˈɑːpʊlʊ/,*/krˌɛˈɒːnjoː/,*/krˌɛˈɑːnt͡ʃjɑ/,*/krˌɛɑːtˈuːrɑ/,*/krˈeːtɪkʊ/,,,*/krˈɪspɑ/,*/krˈɪstɑ/,,,,*/krˈɔkʊlʊ/,*/krˈʊnsɔkʊ/,,,*/kˈʊbɪtʊ/,*/kˌʊkˈʊrbɪtɑ/,*/kˈʊkʊrʊ/,,*/kˈʊlkɪtrɑ/,*/kˈʊlmɛ/,*/kˈʊmʊlʊ/,*/kˈʊlʊmʊ/,*/kˈʊnjʊ/,*/kˌʊnjˈɒːnjoː/,*/kˌʊnktˈɒːnjoː/,*/kˈʊppʊ/,*/kˈʊppɑ/,,*/kˌʊrt͡ʃjˈɒːnjoː/,,,*/kʷˈɑdrʊ/,,,,*/kʷˈɑrtʊ/,*/kʷˌɑsˈɪllʊ/,,*/kʷjˈeːtʊ/,,,*/kˈʏprjʊ/,,*/lˌɑːbrˈʊskɑ/,*/lˌɑkˈɒːnɛ/,,,*/lˈɑkʷjʊ/,,,*/lˌɑŋɡʷˈoːrɛ/,,,*/lˈɑːrɡʊ/,*/lˈɑːrɪdʊ/,*/lˈɑssʊ/,*/lˌɑtˈiːnʊ/,,,,,,*/lˈɑwrʊ/,*/lˈeːɡɛ/,*/lˌɛntˈɒːnjoː/,*/ʎˈɒːnɛ/,*/lˈɛpɔrɛ/,*/lˈɛpɔʎeː/,*/lˈɛprɑ/,*/lˈiːbɛrʊ/,,*/lˌiːbɛrˈɒːnjoː/,*/lˌɪɡɑːtˈuːrɑ/,*/lˈiːʎʊ/,*/lˈiːkjʊ/,,,*/lˈiːnʊ/,,*/lˌɪppɪtˈuːrɑ/,*/lˈɪssʊ/,*/lˈɪttɛrɑ/,,*/lˌʊkˈɛrnɑ/,*/lˈʊkrʊ/,*/lˈʊktɑ/,*/lˌʊktˈɒːnjoː/,*/lˌʊktɑtˈɔrɛ/,*/lˈʊntrɛ/,*/lˌʊpɛkkˈɑːtʊ/,*/lˌʊpʊkˈɛrwʊlʊ/,*/lˈuːstrʊ/,*/mˈɛstrʊ/,,*/mˌɑɡɪstɛrˈɒːnjoː/,*/mˌɑɡɪstˈɛrɪkʊ/,,*/mˈɑːjʊ/,*/mˌɑlʊdiːkˈɒnjoː/,*/mˌɑllɛt͡ʃjˈɒlɑ/,,*/mˌɑlˈeːtʊ/,*/mˈɑʎʊ/,*/mˌɑlɪt͡ʃjˈɒːnjoː/,*/mˌɑlˌɑŋɡˈɛnjoː/,*/mˈɑlʊ/,,*/mˈɑnɪkɑ/,*/mˌɑnɪkˈɒːnjoː/,*/mˌɑnɪpʊlˈɒːnjoː/,,*/mˈɑnkʊ/,,,*/mˈɑnkɪnʊ/,*/mˈɑnktʊ/,*/mˈɑrɡɪnɛ/,,,*/mˌɑrɛlˈuːkjʊ/,,,,*/mˈɑrkʊ/,*/mˈɑrmʊrɛ/,*/mˌɑrruːkˌiːnˈeːtʊ/,*/mˈɑːrtɛ/,*/mˌɑːrtˈiːnʊ/,*/mˈɑːrt͡ʃjʊ/,*/mˈɑrʊ/,*/mˌɑrˈuːnʊ/,*/mˈɑskʊlʊ/,,*/mˌɑstɪkˈɒːnjoː/,*/mˌɑtˈɑksʊ/,,*/mˌɑːtrˈiːkʊlɑ/,*/mˌɑtt͡ʃjˈʊkkʊ/,*/mˌɛdɪkˈɒːnjoː/,*/mˌɛdɪkˈɑstrʊ/,*/mˈɛdɪkʊ/,*/mˌɛdɪtˈɒːnjoː/,*/mˈɛd͡ʒjʊ/,*/mˌɛnsˈoːrɑ/,*/mˈɛntɑ/,*/mˈɛntɛ/,*/mˌɛriːd͡ʒjˈɒːnjoː/,*/mˌɛrˈiːd͡ʒjɛ/,*/mˌɛrɡˈɒnjoː/,,*/mˌɛrkˈʊrɑ/,*/mˌɛrʊlˈɑːnjɑ/,*/mˈɛtʊlɑ/,*/mˌɪɡrˈɒːnjoː/,,*/mˌɪnɪstrˈɒːnjoː/,,,,,*/mˌɪsɛrˈɑːriː/,*/mˌɪsˈɛrjɑ/,*/mˈʊd͡ʒjʊ/,*/mˈɔdʊ/,*/mˌɔlˈɑːrɛ/,*/mˌɔlˈiːnʊ/,*/mˌeːmːˈɛntʊ/,*/mˈʊnɑkʰʊ/,,*/mˌɔrtˈɑːʎɑ/,*/mˈɔrtɛ/,*/mˈuːkʊ/,*/mˈʊlɑ/,*/mˌʊlkˈɒːnjoː/,*/mˈuːlʊ/,*/mˌʊrmʊrˈɒːnjoː/,*/mˈuːrʊ/,*/mˌʊskɛlˈɒːrjʊ/,*/mˌʊskˈɒnjɑ/,*/mˈʊskʊlʊ/,*/mˈuːskʊ/,*/mˈʊstʊ/,*/mˌʏriːkˈiːnjɑ/,*/mˈʏrrɑ/,,,*/mˈɛɡʊlɑ/,*/nˈɪnnɑ/,*/nkˌɑrdˌʊllˈiːkjɑ/,*/nˈoːdʊ/,*/nˈoːdʊlʊ/,*/nˌɛmːɪnˈɒːnjoː/,*/nˈɔnnʊ/,,*/nˈɔwɑstrʊ/,*/nˌɒwˈɛrkɑ/,*/nˌʊmɛrˈɒːnjoː/,*/nˈʊmɛrʊ/,*/nˈʊpt͡ʃjɑ/,,*/ˌɔfˈɛllɑ/,*/ˌɔʎˈɑstrʊ/,*/ˈɒʎɑstrʊ/,*/ˈɒʎʊ/,*/ˌɔlˈiːwɑːnʊ/,*/ˈɔpɛrɑ/,,*/ˈoːrbʊ/,*/ˌɔrdɪnˈɒːnjoː/,*/ˌɔrdɪnˈɑːtɑ/,*/ˈɔrdɪnɛ/,*/ˈɔrnʊ/,*/ˈɔrfɑnʊ/,*/ˌoːskɪtˈɒːnjoː/,*/ˈoːtʊ/,,,*/pˌɑːbʊlˈɒːnjoː/,*/pˌɑdˈuːlɛ/,*/pˌɛnɪtˈøːnjoː/,*/pˌɛnɪtˈɛnt͡ʃjɑ/,,,,,,*/pˌɑlˈʊmbʊ/,*/pˈɑːkɛ/,,,*/pˌɑlˈɑːt͡ʃjʊ/,,*/pˌɑrˈɑbɔlɑ/,,,,*/pˌɑrɛntˈɒːnjoː/,*/pˌɑrˈɛntɛ/,*/frˌɑsjˈɒlʊ/,*/fˌɑsjˈɒlʊ/,,*/pˈɑssʊ/,*/pˌɑstuːrˈɑːkʊ/,,*/pˌɑwˈiːkʊlɑ/,*/pˈɑwkʊ/,,,*/pˌɑːwʊlˈɒːnɛ/,*/pˈɛdɪkɑ/,*/pˈɛndɪkɑ/,*/ˌɪmpˈɛdɪkɑ/,*/pˌɛkˈʊʎʊ/,,,*/pˈɛpɪnɛ/,*/pˌɛr/,*/pˈɛrɡʊlɑ/,,*/pˌɛrˌɪndʊlˈøːnjoː/,*/ˌɪndˌʊlˈøːnjoː/,*/pˌɛrpˌɑrˈɒːnjoː/,*/pˌɛrpˌɑrˈɒːnjoː/,*/pˌɛrwˌɪɡɪlˈɒːnjoː/,*/pˌɛssɪkˈɒːnjoː/,*/pˈɛssɪkɑ/,,,*/pˈɛtt͡ʃjɑ/,*/pˈɪŋnʊ/,*/pˌɪɡrɪtˈɒːnjoː/,,,,*/pˈɪlɑ/,*/pˈiːʎʊ/,*/pˈɪnnɑ/,,*/pˈɪskɛ/,*/pˌɪskɑtˈɔrɛ/,*/bˌɪstˈɑːʎɑ/,*/pˌɪstˈɑːrjɑ/,*/pˈɪttɑ/,*/pˈɪttɪkʊ/,*/pˈɪttʊlɑ/,,*/plˌɑkˈɛnjoː/,*/plˈɑnkʊ/,*/plˈɑntɪkʊ/,,*/plˌɪkˈiːnʊ/,*/plˈiːkt͡ʃjʊ/,*/plˈoːpʊ/,*/plˈʊmbʊ/,*/pˌɔlˈɛntɑ/,*/pˌɔllɪkˈɒːrjʊ/,*/pˌɔllɪkˈɑːrɛ/,,*/pˈɔrrɔ/,*/pˈɔrrʊ/,*/pˈɔpʊlʊ/,*/pˌɔrrˈiːkjʊ/,*/pˌɔrrɪnˈiːɑ/,*/pˌɔrrˈiːnʊ/,*/pˈɔrtɑ/,*/pˌʊsˈɒːnjoː/,,,*/pˌɔtɛstˈɒːnjoː/,*/pˌɔtɛstˈɑːtɛ/,*/pˈɔttʊ/,,,,,,,*/prˈiːnkɛ/,,,,*/prˈɔksɪmʊ/,*/prˌɒsɪmˈɒːnjoː/,*/prˌeːmːˌɪttˈɒnjoː/,*/pˈuːblɪkɑ/,*/pˈuːblɪkʊ/,*/pˈʊllɑ/,*/pˈʊllʊ/,*/pˈʊlpɑ/,*/pˈʊlwɛrɛ/,*/pˈʊŋɡɑ/,*/pˈʊnktɑ/,*/pˈʊppɑ/,*/pˈʊt͡ʃjʊ/,*/pˌʊttˈɑːnɑ/,*/fˈɑrʊ/,,,,*/rˌɑːdˈiːkʊlɑ/,,,,*/rˈɑːpʊ/,*/rˈɑːrʊ/,,*/rˌɑːstˈɛllʊ/,*/ˌɑdrˌɑːt͡ʃjˈɒːnɛ/,,*/rˌɛfˈɛrnjoː/,,*/rˈeːɡʊlʊ/,*/kˈɒːsjʊ/,*/rˈeːmʊ/,*/rˌɛniːdˈøːnjoː/,,*/rˌɛsˌʊrɡˈɒnjoː/,*/rˈeːtɛ/,*/rˈeːstɛ/,*/rˈeːtɪnɑ/,*/rˌɪɡˈɒːnjoː/,*/rˈiːkɪnʊ/,,,,*/rˈɔkkɑ/,*/rˌeːmːˈɑːnʊ/,*/rˈʊmbʊ/,*/rˈʊmbʊlʊ/,*/rˌʊmfˈɛɑ/,,*/rˌɒːsʊpˈɒːnjɑ/,*/rˈɔtɑ/,*/rˈɔtʊlʊ/,*/rˌɒtˈʊndɑ/,,*/rˌʊnkˈɒːnjoː/,*/rˈʊdɛ/,,*/rˌʊmpˈɛnjoː/,,,*/sˌɑbˈʊrrʊ/,*/sˈɛkʊlʊ/,*/sˌɑɡˈɪttɑ/,,*/sˌɑɡɪttˈɒːnjoː/,*/sˈɑɡʊ/,*/sˈɑkkʊlʊ/,,*/sˈɑlɪkjɛ/,*/sˈɑlɪkɑ/,,*/sˌɑlɪkˈeːtʊ/,,,,,*/sˌɑlwjˈɛllɑ/,,*/sˌɑːnɪtˈɑːtɛ/,,*/sˌɑŋɡʷʊnjˈɑːtɑ/,*/sˌɔɲɪsˈʊɲjɑ/,,*/sˈɑːnktʊ/,,,,,*/kˌɑlɪkɛsˈɑːnktʊ/,,,,*/sˈɑpʊ/,*/sˈɑrɪkɑ/,*/sˌɑlɪkɪnˈɒːrjʊ/,*/sˌɑrmˈɛntʊ/,*/sˌɑtˈʊnɪtɑ/,*/sˌɛkrˈeːtʊ/,*/sˌɛkʷˈɒːnjoː/,*/sˈɛllɑ/,*/sˈɛnt͡ʃjɑ/,,*/sˈɛrrɑ/,*/sˌɛrtˈɒːnjoː/,*/sˌɛrwˈɪnjoː/,*/sˌɛrwˈɪt͡ʃjʊ/,*/sˌɛrwiːtˈɔrɛ/,*/sˌɛrwiːtˈuːrɑ/,*/sˈɛssʊ/,*/sˌɪŋnˈɒːnjoː/,*/sˈɪŋnʊ/,,,*/sˈiːkʊlɑ/,,,*/sˈiːnʊ/,*/sˈɪrpʊ/,*/sˈɪtɑ/,*/skˈɑbjɛ/,,*/skˈɑmnʊ/,*/skˈɑmnɪ/,*/skˈɑndʊlʊ/,,*/skˌɪntˈiːʎɑ/,,*/ˌɛsklˈoːppʊ/,*/skˈɔdrɑ/,,,,,*/skˈɔrt͡ʃjɑ/,,*/skˈʊlkɑ/,*/skˈʊmɑ/,*/skˈuːtʊ/,*/skʷˈɑːtʊ/,*/sˈʊlkʊ/,*/sˈɔkɑ/,*/sˈɔkjɑ/,*/sˈɔkjʊ/,,*/sˌoːlˈɑːnʊ/,*/sˈɒlʊ/,*/sˈɔrbɑ/,*/sˈɔrtɛ/,*/sˌɔrtˈiːkɑ/,*/sˌɔrtɪlɛɡˈiːɑ/,,*/spˈɑtʰʊlɑ/,*/spˌɛrˈɑnt͡ʃjɑ/,,,*/spˈiːrɪtʊ/,*/spˈɪssʊ/,*/splˌɛnˈɛtɪkɑ/,*/spˈʊd͡ʒjɑ/,*/spˈɔrtɑ/,*/stˈɑbʊlɑ/,*/stˈɑmnʊ/,*/stˈɑnkʊ/,,*/stˈɑːtʊ/,*/stˌɛrnˈɑːkʊ/,*/strˈɑmbʊ/,*/strˈɑmbɪnʊ/,*/strˈɑːtʊ/,,*/strˈɪnktʊ/,*/strˌɪŋɡˈɒnjoː/,*/stˈʊppɑ/,*/stˌʊppˈɒːnjoː/,*/stˈʊrnʊ/,,,*/sˌʊblˈɑːtɑ/,*/sˌʊbmˌɑrˈiːtɪkɑ/,*/sˌʊbrˌɑwkˈɒːnjoː/,*/sˌʊbtɛrrˌɑːnˈiːɑ/,*/sˌʊffɛrˈɪnjoː/,*/sˈʊktɑ/,*/sˌʊktˈɒːnjoː/,*/sˈʊmmɑ/,*/sˌʊpɛrkˌɑdˈɑːlɛ/,,*/sˈʊrdʊ/,,,*/tˈɑːktʊ/,*/tˌɑɪtˈɒːnjoː/,,,,*/tˌɑwˈɛrnɑ/,,*/tˈɑwɾʊ/,*/tˈɛɡmɪnɛ/,*/tˈeːɡʊlɑ/,,,*/tˈɛndɑ/,*/tˌɛrɛbˈɛllɑ/,*/tˌɛrɛbˈɛllɑ/,*/tˌɛrrɛmˈoːtʊ/,*/tˌɛrrˈɑːtɪkʊ/,*/tˈɛst͡ʃjɑ/,*/ˌɪntˌɛstɪmˈɒːnjoː/,*/tˌiːmˈɒːnɛ/,*/tˌɪmˈoːrɛ/,,*/tˈɪnjɑ/,,*/tˌɪnnˈʊnkʊlʊ/,*/tˈɪtʊlʊ/,*/tˌɔkkˈɒːnjoː/,*/tˈɔrkʊlʊ/,*/tˈɔrnʊ/,*/tˈɔrtɑ/,*/trˈɑbɛzɑ/,*/trˈɑbʊ/,,*/trˌɑjˌɛktˈɔrjʊ/,,,,*/trˌɑːnsˌɪɡˈɒnjoː/,*/trˈiːbʊlʊ/,*/trˌɑːnsmˌɛd͡ʒjˈɒːnjoː/,*/trˌɪfˈɒʎɑ/,*/trˌɪfˈiːʎʊ/,*/trˌɪfˈʊrkʊ/,,,*/trˈiːstɛ/,*/trˌuːdɪkʊlˈiːnjoː/,,*/trˈʊmbɑ/,,*/trˈʊnkʊ/,*/tˌɔrt͡ʃjˈɒːnjoː/,*/tˈʊbʊlɑ/,*/tˈʊfɑ/,*/tˈʊmbɑ/,*/tˈʊmʊlʊ/,*/tˈʊndoː/,*/tˈʊrbɑ/,*/tˌʊrbˈɒːnjoː/,*/tˌʊrbʊlˈɒːnjoː/,*/tˈʊrbʊlʊ/,*/tˈʊrmɑ/,,*/tˈʊrrɛ/,*/tˈʊrtʊrɛ/,,*/ˌʊnkˈɒːnjoː/,,*/ʊpˈʊpɑ/,*/ˌʊrʊlˈiːnjoː/,*/ˌʊtrˈiːnʊ/,,*/wˈɑkʊ/,*/wˌɑlˈɛnjoː/,,,*/wˈɑllɛ/,,,,*/wˈeːlʊ/,*/wˌɛnˈeːnɑ/,*/wˌɛnˈeːnʊ/,*/wˈɛnjoː/,*/wˌɛntˌɪlˈɒːnjoː/,,*/wˌeːrɪtˈɑːtɛ/,*/wˌɛrrˈiːkʊlʊ/,*/wˈɛrsɑ/,*/wˌɛrsˈɒːnjoː/,*/wˌɛskˈɒnjoː/,*/wˈeːskʊ/,,*/ˌɪnwˌeːssˈiːkɑ/,*/wˌɛstɪɡˈɒːnjoː/,*/wˈɛst͡ʃjoː/,*/wˈɛtɛrɛ/,*/wˈɪɑ/,*/wˌɪɡˈiːʎɑj/,*/ɪnwˌɪɡˈiːʎɑj/,,*/wˌiːkˈiːnʊ/,*/wˌɪktˈɔrjɑ/,,,*/wˌiːnjˈɑːlʊ/,*/ˌɪnwˌɪɡˈiːʎʊ/,*/wˈɪrɡɪnɛ/,*/wˌɪrɡˈɑːnʊ/,*/wˈɪrɪdɑ/,*/wˈɪrɪdɛ/,*/wˌɪrtˈuːtɛ/,*/wˌɪsɪtˈɒːnjoː/,*/wˈɪstʊlʊ/,*/wˈɪskʊ/,*/wˈɪt͡ʃjʊ/,*/wˌɪtˈʊʎɑ/,,*/wˌɪttˈʊlɑ/,,,*/wˈɔlpʊlʊ/,*/wˌɔlʊntˈɑːtɛ/,*/wˈɒːmɪ/,*/wˌʊlnɛrˈɑːtɑ/
R34,,,,,,,,,,,,,,*/ˌɑːkˈiŋɡɛ/,*/ˌɑkkˈipɪtʊ/,*/ˌɑkkˈipɪtrɛ/,,,,,,,*/ˌɑmbɪpˌɑtˈinʊ/,,,*/ˌɑmˈikʊ/,,,,,*/ˌɑɲˈillɑ/,,,,,,*/ˌɑprˈilɛ/,,,,,,,,*/ˌɑrrˈiwɒːnjoː/,,,,,,,,,,,,,,,,,,,*/bˌɛnɛdikˈɒnjoː/,,*/bˌinjˈɒːrjʊ/,,,,,,,,,*/bˌʊbˈʊlki/,,,,,,,,,,,,,,*/dˌeːlˌibɛrˈɒːnjoː/,,,,,*/dˌeːsˌidɛrˈɒːnjoː/,*/dˌeːsˌidˈɛrjɑ/,,,,,*/dˌirɪɡˈɒːnjoː/,*/dˌirˈeːktʊ/,,,,,,,,,,*/drˈɑki/,,*/drˈinʊ/,*/drˈiwɑstʊ/,,,,,,,,,,,,,,,,,,,,,*/ˌɛskˈipi/,,,,,,*/ˌɛspˌɛditˈɒːnjoː/,*/ˌɛspˌɛdˈitʊ/,,,*/ˌɛsrˌimˈɒːnjoː/,,,,,,,,,,,,*/ˌeːrˈikjʊ/,*/rˌɛwˈiʎɑ/,,,,,,,,,,,*/fˌɑlkˈinjɑ/,,,,,*/fˌɑmˈiʎɑ/,,,,,,,*/fˌiʎˈɒlɑ/,,,,,,,,,*/fˈikʊ/,*/fˌiʎˈɑːnʊ/,,,,*/fˈilʊ/,*/fˌɪrɪɡɪlˈinʊ/,*/fˌɪssˈikʊlɑ/,,,,,,,*/flˌɒrˈinʊ/,,,,,*/fˌʊrnɪkˈiɑ/,,,,,,,,,,*/frˌiɡˈɒnjoː/,*/frˌiɡʊlˈɒːnjoː/,,,,*/fˌʊlkˈiɑ/,,,,,,,,,,,,*/ɡˈɑlli/,,,,,,,,,,,,*/lˈirɛ/,,,,,,,,,,*/ɡrˈypsa/,,,,,*/ɡˈyrʊ/,*/hˌɑstˈiʎɑ/,*/hˌɪbɛrnˈinʊ/,*/hˌɪbˌɛrnˈid͡ʒjɑ/,*/hˌɪnnˈikʊlɑ/,,,,,,,,,*/ˈiʎɑ/,*/ˈilɪkɛ/,,,,,,,,,,,,,,,,,,,,,,,,,,*/ˌinfˈɛrnʊ/,,,*/ˌɪnɪmˈikʊ/,,,,*/ˌɪnkɔɲˌyrˈɒːnjoː/,,,,,,,,,,,*/ˈinsʊlɑ/,,,,,,,,*/wˌitˈɒːnjoː/,,,,*/ˈirɑ/,,,*/jˌuːdˈikjʊ/,,,,,,,,,,,,,*/kˈɑlli/,,,,,,,,,,,,,,,,,,,,,,*/kˌɑpɪtˈinɑ/,,,*/kˈɑpti/,,,,,,*/kˈɑrri/,*/kˌɑrrˌikʊlˈɒːnjoː/,,,,,,,,,,,*/kˈɛnti/,,,,,,,,,,,,*/ɪnkˌikˈɑːlɑ/,*/kˈikɛrɛ/,,*/kˈimɪkɑ/,*/kˌimˈʊssɑ/,*/kˈiŋɡʊlɑ/,,,,,,*/kˌiwɪtˈɑːtɛ/,,,,,,,,,,,,,,,*/kˌɔˈinjoː/,,,,,*/kˌɔllˌimɪtˈɒːnjoː/,,*/kˌɔlʊmbɪnˈiɑ/,,,,,,,,,,*/kˌɔmmʊnikˈɒːnjoː/,,,,,*/kˌʊnfˈinjʊ/,*/kˌʊnsˈiʎʊ/,,*/kˌʊnsˌɔbrˈinʊ/,,,,,,,,,,,,,,*/kˌɔrnˈikʊlʊ/,,,,,*/kˌɔrtˈinɑ/,,*/kˌɔrwˈinʊ/,,,,,,,,,,,,,,,,,,,,,,,,,,,,,,,,,,,,*/kʷˌɑdrˈiɡɑ/,,,,,,,,*/kʷˌi/,,*/kʷˈis/,*/kˈymɑ/,,,,,,,,,,,,,,,,*/lˌɑtˈinʊ/,,,,,,,,,,,,,*/lˈibɛrʊ/,,*/lˌibɛrˈɒːnjoː/,,*/lˈiʎʊ/,*/lˈikjʊ/,*/lˈimɑ/,*/lˌimˈɒːnjoː/,*/lˈinʊ/,*/lˈinjɑ/,,,,,,,,,,,,,,,*/mˌɑɡˈiɑ/,,,,,*/mˌɑlʊdikˈɒnjoː/,,,,,,,,,,,,,,,,,,,,,,*/mˌɑːritˈɒːnjoː/,*/mˌɑːritˈɒːnjoː/,*/mˌɑːritˈɑːt͡ʃjɑ/,,,*/mˌɑrruːkˌinˈeːtʊ/,,*/mˌɑːrtˈinʊ/,,,,,,,,,*/mˌɑːtrˈikʊlɑ/,,,,,,,,,,*/mˌɛrid͡ʒjˈɒːnjoː/,*/mˌɛrˈid͡ʒjɛ/,,,,,,,*/mˈiʎɑ/,,,,*/mˌirˈɒːnjoː/,,*/mˌɪsɛrˈɑːri/,,,,,*/mˌɔlˈinʊ/,,,,,,,,,,,,,,,,,*/mˌʏrikˈinjɑ/,,,,,,*/nkˌɑrdˌʊllˈikjɑ/,,,,,,,,,,,,,,,,*/ˌɔlˈiwɑːnʊ/,,,,,,,,,,,,,,,,,,,,,,,,,,,,,,,,,,,,,,,,*/pˌɑwˈikʊlɑ/,,,,,,,,,,,,,,,,,,,,,,,,,,,*/pˈiktɑ/,*/pˈilɑ/,*/pˈilɑ/,,*/pˈiʎʊ/,,*/pˈipɑ/,,,,,,,,,,,,,*/plˌɪkˈinʊ/,*/plˈikt͡ʃjʊ/,,,,,,,,,,*/pˌɔrrˈikjʊ/,*/pˌɔrrɪnˈiɑ/,*/pˌɔrrˈinʊ/,,,,,,,,,,,*/prˌɛˈinjoː/,,*/prˌimɑwˈeːrɑ/,*/prˈinkɛ/,,,*/prˌɒːˈibɒːnjoː/,,,,,,,,,,,,,,,,,,*/rˌɑːdˈikɑ/,*/rˌɑːdˈikʊlɑ/,*/rˈɑːmi/,,*/rˈɑːpi/,,,,,,,,,,,,*/rˌɛnidˈøːnjoː/,*/rˌeːsˈinɑ/,,,,,,*/rˈikɪnʊ/,*/rˌimˈɒːnjoː/,*/rˈipɑ/,,,,,,,,,,,,,,,,,,,,,,,,,,,,,,,*/sˌɑlˈinɑ/,*/sˌɑlˈinjoː/,,,,,,,,,,,,,,,,,,,,,,,,,,,,,,,,,*/sˌɛrwitˈɔrɛ/,*/sˌɛrwitˈuːrɑ/,,,,*/sˈik/,,*/sˈikʊlɑ/,,,*/sˈinʊ/,,,,,,,,,*/skˌɪntˈiʎɑ/,,,,,,,,,*/skrˌibˈɒnjoː/,,,,,,,,,,,,,,*/sˌɔrtˈikɑ/,*/sˌɔrtɪlɛɡˈiɑ/,,,,,*/spˈinɑ/,*/spˈirɪtʊ/,,,,,,,,*/stˈɑːti/,,,,,,*/strˈiɡɑ/,,,,,,*/swˌɑːwˈiʎɑ/,,,*/sˌʊbmˌɑrˈitɪkɑ/,,*/sˌʊbtɛrrˌɑːnˈiɑ/,,,,,,,,,,,,,,,,*/tˈɑwɾi/,,,,,,,,,,,,,*/tˌimˈɒːnɛ/,,*/tˈinɑ/,,*/tˈinkɑ/,,,,,,,,,,,,,,,*/trˈibʊlʊ/,,,*/trˌɪfˈiʎʊ/,,*/trˌimeːnsˈɑːnɑ/,*/trˈinɑ/,*/trˈistɛ/,*/trˌuːdɪkʊlˈinjoː/,,,,,,,,,,,,,,,,,,,*/t͡sˈikɑ/,,,,*/ˌʊrʊlˈinjoː/,*/ˌʊtrˈinʊ/,,,,,,,,,,,,,,,,,*/wˌɛrrˈikʊlʊ/,,,,,*/wˌeːssˈikɑ/,*/ˌɪnwˌeːssˈikɑ/,,,,,*/wˌɪɡˈiʎɑj/,*/ɪnwˌɪɡˈiʎɑj/,*/wˈikjɑ/,*/wˌikˈinʊ/,,*/wˈiktwɑːʎɑ/,*/wˈillɑ/,*/wˌinjˈɑːlʊ/,*/ˌɪnwˌɪɡˈiʎʊ/,,,,,,,,,,,,,*/wˌiwˈɒnjoː/,,,,,
R35,,,,,,,,,,,,,,,,,,,,,,,,,,,,,,,,,,,,,,,,,,,,,,,,,,,,,,,,,,,,,,,,,,,,,,,,,,,,,,,,,,,,,,,*/dˌeːbɪtˈɔrˈɪt͡ʃjʊ/,,,,,,,,,,,,,,,,,,,,,,,,,,,,,,,,,,,,,,,,,,,,,,,,,,,,,,,*/ˌɛspˈɛdˈitʊ/,,,,,,,,,,,,,,,*/ˈeːrˈikjʊ/,,,,,,,,,,,,,,,,,,,,,,,,,,,,,,,,,,,,,,,,,,,,,,,,,,,,,,,,,,,,,,,,,,,,,,,,,,,,,,,,,,,,,,,,,,,,,,,,,,,,,,,,,,,,,,,,,,,,,,,,,,,,,,,,,,,,,,,,,,,,,,,,,,,,,,,,,,,,,,,,,,,,,,,,,,,,,,,,,,,*/jˈuːdˈikjʊ/,,,,,,,,,,,,,,,,,,,,,,,,,,,,,,,,,,,,,,,,,,,,,,,,,,,,,,,,,,,,,,,,,,,,,,,,,,,,,,,,,,,,,,,,,,,,,,,,,,,,,,,,,,,,,,,,,,,,,,,,,,,,,,,,,,,,,,,,,,,,,,,,,,,,,,,,,,,,,,,,,,,,,,,,,,,,,,,,,,,,,,,,,,,,,,,,,,,,,,,,,,,,,,,,,,,,,,,,,,,,,,,,,,,,,,,,,,,,,,,,,,,,,,,,,,,,,,,,,,,,,,,,,,,,,,,,,,,,,,,,,,,,,,,,,,,,,,,,,,,,,,,,,,,,,,,,,,,,,,,,,,,,,,,,,,,,,,,,,,,,,,,,,,,,,,,,,,,,,,,,,,,,,,,,,,,,,,,,,,,,,,,,,,,,,,,,,,,,,,,,,,,,,,,,,,,,,,,,,,,,,,,,,,,,,,,,,,,,,,,,,,,,,,,,*/pˈɔrrˈikjʊ/,,,,,,,,,,,,,,,,,,,,,,,,,,,,,,,,,,,,,,,,,,,,,,,,,,,,,,,,,,,,,,,,,,,,,,,,,,,,,,,,,,,,,,,,,,,,,,,,,,,,,,,,,,,,,,,,,,,,,,,,,,,,,,,,,,,,,,,,,,,,,,,,,,,,,,,,,,,,,,,,,,,,,,,,,,,,,,,,,,,,,,,,,,,,,,,,,,,,,,,,,,,,,,,,,,,,,,,,,,,,,,,,,,,,,,,,,,,,,,,,,,,,,,,,,,,,,,,,,,,,,,,,,,,,,,,,,,,,,,,,,,,,,,,,,,,,,,,,,,,,,,,,,,,,,,,,,,,,,,,,,,,,,,,,,,,,,,,
R36,,,,,,,,,,,,,,,,,,,,,,,,,,,,,,,,,,,,,,,,,,,,,,,,,,,,,,,,,,,,,,,,,,,,,,,,,,,,,,,,,,,,,,,*/dˌeːbɪtˈɔrɪt͡ʃjʊ/,,,,,,,,,,,,,,,,,,,,,,,,,,,,,,,,,,,,,,,,,,,,,,,,,,,,,,,*/ˌɛspˈɛditʊ/,,,,,,,,,,,,,,,*/ˈeːrikjʊ/,,,,,,,,,,,,,,,,,,,,,,,,,,,,,,,,,,,,,,,,,,,,,,,,,,,,,,,,,,,,,,,,,,,,,,,,,,,,,,,,,,,,,,,,,,,,,,,,,,,,,,,,,,,,,,,,,,,,,,,,,,,,,,,,,,,,,,,,,,,,,,,,,,,,,,,,,,,,,,,,,,,,,,,,,,,,,,,,,,,*/jˈuːdikjʊ/,,,,,,,,,,,,,,,,,,,,,,,,,,,,,,,,,,,,,,,,,,,,,,,,,,,,,,,,,,,,,,,,,,,,,,,,,,,,,,,,,,,,,,,,,,,,,,,,,,,,,,,,,,,,,,,,,,,,,,,,,,,,,,,,,,,,,,,,,,,,,,,,,,,,,,,,,,,,,,,,,,,,,,,,,,,,,,,,,,,,,,,,,,,,,,,,,,,,,,,,,,,,,,,,,,,,,,,,,,,,,,,,,,,,,,,,,,,,,,,,,,,,,,,,,,,,,,,,,,,,,,,,,,,,,,,,,,,,,,,,,,,,,,,,,,,,,,,,,,,,,,,,,,,,,,,,,,,,,,,,,,,,,,,,,,,,,,,,,,,,,,,,,,,,,,,,,,,,,,,,,,,,,,,,,,,,,,,,,,,,,,,,,,,,,,,,,,,,,,,,,,,,,,,,,,,,,,,,,,,,,,,,,,,,,,,,,,,,,,,,,,,,,,,,*/pˈɔrrikjʊ/,,,,,,,,,,,,,,,,,,,,,,,,,,,,,,,,,,,,,,,,,,,,,,,,,,,,,,,,,,,,,,,,,,,,,,,,,,,,,,,,,,,,,,,,,,,,,,,,,,,,,,,,,,,,,,,,,,,,,,,,,,,,,,,,,,,,,,,,,,,,,,,,,,,,,,,,,,,,,,,,,,,,,,,,,,,,,,,,,,,,,,,,,,,,,,,,,,,,,,,,,,,,,,,,,,,,,,,,,,,,,,,,,,,,,,,,,,,,,,,,,,,,,,,,,,,,,,,,,,,,,,,,,,,,,,,,,,,,,,,,,,,,,,,,,,,,,,,,,,,,,,,,,,,,,,,,,,,,,,,,,,,,,,,,,,,,,,,
R37,,,,,,,,,,,,,,,,,,,,,,,,,,,,,,,,,,,,,,,,,,,,,,,,,,,,,,,,,,,,,,,,,,,,,,,,,,,,,,,,,,,,,,,,,,,,,,,,,,,,,,,,,,,,,,,,,,,,,,,,,,,,,,,,,,,,,,,,,,,,,,,,,,,,,,,,,,,,,,,,,,,,,,,,,,,,,,,,,,,,,,,,,,,,,,,,,,,,,,,,,,,,,,,,,,,,,,,,,,,,,,,,,,,,,,,,,,,,,,,,,,,,,,,,,,,,,,,,,,,,,,,,,,,*/hˈɪnnikʊlɑ/,,,,,,,,,,,,,,,,,,,,,,,,,,,,,,,,,,,,,,,,,,,,,,,,,,,,,,,,,,,,,,,,,,,,,,,,,,,,,,,,,,,,,,,,,,,,,,,,,,,,,,,,,,,,,,,,,,,,,,,,,,,,,,,,,,,,,,,,,,,,,,,,,,,,,,,,,,,,,,,,,,,,,,,,,,,,,,,,,,,,,,,,,,,,,,,,,,,,,,,,,,,,,,,,,,,,,,,,,,,,,,,,,,,,,,,,,,,,,,,,,,,,,,,,,,,,,,,,,,,,,,,,,,,,,,,,,,,,,,,,,,,,,,,,,,,,,,,,,,,,,,,,,,,,,,,,,,,,,,,,,,,,,,,,,,,,,,,,,,,,,,,,,,,,,,,,,,,,,,,,,,,,,,,,,,,,,,,,,,,,,,,,,,,,,,,,,,,,,,,,,,,,,,,,,,,,,,,,,,,,,,,,,,,,,,,,,,,,,,,,,,,,,,,,,,,,,,,,,,,,,,,,,,,,,,,,,,,,,,,,,,,,,,,,,,,,,,,,,,,,,,,,,,,,,,,,,,,,,,,,,,,,,,,,,,,,,,,,,,,,,,,,,,,,,,,,,,,,,,,,,,,,,,,,,,,,,,,,,,,,,,,,,,,,,,,,,,,,,,,,,,,,,,,,,,,,,,,,,,,,,,,,,,,,,,,,,,,,,,,,,,,,,,,,,,,,,,,,,,,,,,,,,,,,,,,,,,,,,,,,,,,,,,,,,,,,,,,,,,,,,,,,,,,,,,,,,,,,,,,,,,,,,,,,,,,,,,,,,,,,,,,,,,,,,,,,*/tˈɪnnʊnkʊlʊ/,,,,,,,,,,,,,,,,,,,,,,,,,,,,,,,,,,,,,,,,,,,,,,,,,,,,,,,,,,,,,,,,,,,,,,,,,,,,,,,,,,,,,,,,,,,,,,,,,,,,
R38,*/ˌɑbˌɛrrˈɒːnju/,,,,,,*/ˌɑdˌurˈɒːnju/,,,,*/ˌɛstɪmˈɒːnju/,,,,,,*/ˌʊsˈʊɲjɑ/,,,,,,,*/ˌɑmbʊlˈɒːnju/,*/ˌɑmˈʏndʊlɑ/,,,,,,,,*/ˌɑŋɡʊstˈɒːnju/,,,,,,,,,*/ˌɑrmˈɒːnju/,,,*/ˌɑrrˈiwɒːnju/,,,,,,,,,,,,,,,,,,,*/bˌɛnɛdikˈɒnju/,,,,,,,,,,,,,,,,,,*/dˈɛmʊnɛ/,*/dˌɑmnˈɒːnju/,,*/dˌeːbɪtˈɒːnju/,,,,*/dˌeːlˌibɛrˈɒːnju/,*/dˌeːkˌɑptˈɒːnju/,*/dˌeːpˌɛnɛtrˈɒːnju/,*/dˌeːpˌʊsɪtˈɒːnju/,*/dˌeːrˌɑːmˈɒːnju/,*/dˌeːsˌidɛrˈɒːnju/,,,,*/dˌɪɡɪtˈɒːnju/,,*/dˌirɪɡˈɒːnju/,,,*/dˌɪskˌɑbɑllɪkˈɒːnju/,*/dˌɪskˌɑrrɪkˈɒːnju/,,*/dˌɪskʷˌɪrɪtˈɒːnju/,*/dˌɪswˌeːlˈɒːnju/,*/mˌʊdɛstɪkˈɒːnju/,*/dˌʊlˈoːrɛ/,*/ɛdˌunˈɒːnju/,,,,,,*/dˌʊplɪkˈɒːnju/,,*/ˌeːdˌɪktˈɒːnju/,,,,*/ˌɛsˌɑmpʊtˈɒːnju/,*/ˌɛsˌɑnɪmˈɒːnju/,,*/ˌɛsʊnʊrˈɒːnju/,*/ˌɛsˈɪɲju/,*/ˌɛskˌɑbɑllɪkˈɒːnju/,*/ˌɛskˌɑlˈɒːnju/,*/ˌɛskˌɑmbjˈɒːnju/,*/ˌɛskˌɑndˈøːnju/,*/ˌɛskˌɑrd͡ʒjˈɒːnju/,*/ˌɛskˌɑrptˈɒːnju/,*/ˌɛskˌɑtʰɛdrˈɒːnju/,*/ˌɛskˌɑwdɪkˈɒːnju/,,*/ˌɛskˈʊbʊlu/,*/ˌɛskˌʊrtˈɒːnju/,,,,*/ˌɛspˌɛditˈɒːnju/,,*/ˌɛspˌɛllˈɑwɒːnju/,*/ˌɛspˌɛrlˈɑwɒːnju/,*/ˌɛsrˌimˈɒːnju/,*/ˌɛstˌɛnwˈɒːnju/,*/ˌɛstrˈuːdu/,*/ˌɛsˌʊŋɡʊlˈɒːnju/,*/ˌɛswˌɪɡɪlˈɒːnju/,,,,,,*/ˌeːrˌɑːdɪkˈɒːnju/,,,,,,,,*/fˌɑbrɪkˈɒːnju/,,*/fˌɑʎˈøːnju/,*/fˌɑllˈøːnju/,,,,,,,,,,,*/fˌɑːrɪnˈɒːnju/,,,,,,,,,,,,*/fˌɪdˈɒːnju/,,,,,,,,,*/fˌɪstʊlˈɒːnju/,,,,,,,*/flˌʊktʊlˈɒːnju/,*/fˌʊʎˈɑːtɑ/,*/fˌurmˈɛllɑ/,,,,*/fˌʊrtˈuːnɑ/,,,,,,,,*/frˌiɡˈɒnju/,*/frˌiɡʊlˈɒːnju/,*/frˌɪkˈɒːnju/,,,,,,,,,,,*/fˈʊtwu/,,,,,,,,,*/ɡˌɛmˈɒnju/,,,,,,,,,,,,,,,*/ɡrˌuːmʊlˈɒːnjʊ/,,,,,,,,,,,,*/hˌɪnnɪkʊlˈɒːnju/,*/hˌɛrnɪdzˈɒːnju/,,*/hˌʊrrˈøːnju/,,,*/jˌɛjuːnˈɒːnju/,,,,,*/ˌɪmpɑrˈɒːnju/,,,,,*/ˌɪmpɛrˌɑːtʊrˈɪssɑ/,,,*/ˌɪmplˌɑntˈɒːnju/,*/ˌɪmplˈɒːnju/,,,*/ˌɪnˌɑlt͡ʃjˈɒːnju/,,*/ˌɪnˌɑwrɪtˈɒːnju/,*/ɪnbˌʊrjˈɑːnʊ/,*/ˌɪndˌeːspɪkˈɒːnju/,,*/ˌɪndˌɪkˈɒnju/,*/ˌɪndˌɪktˈɒːnju/,*/ˌɪndˌɪreːktˈɒːnju/,*/ˌɪndˌɪrˈeːkt͡ʃju/,,*/ˌɪnfˌɑskjˈɒːnju/,,*/ˌɪŋɡɑnnjˈøːnju/,,,*/ˌɪnkˌɑbɑllɪkˈɒːnju/,*/ˌɪnkˌɑrrɪkˈɒːnju/,*/ˌɪnkˌɑwsɪnˈɒːnju/,*/ˌɪnkʊɲˌyrˈɒːnju/,*/ˌɪnkˌʊnsulˈɒːnju/,*/ˌɪnkʰˈɔrdu/,,,*/ˌɪnkˌʊnjˈɒːnju/,,,,*/ɪnpˌɛnsˈɒːnju/,,,*/ˌɪntˌɛllɪɡˈɒnju/,*/ˌɪntˌɛɡrˈɒːnjʊ/,,*/ˌɪntɪɲjˈɒnju/,,,*/ˌɪnwˌɪd͡ʒjˈɒːnju/,*/wˌitˈɒːnju/,*/ˌɪnwˌɪt͡ʃjˈɒːnju/,,,,*/jˌuːdɪkˈɒːnju/,,,,,*/jˌuːrˈɒːnju/,,,,,,,,,,,,*/kˌɑmbjˈɒːnju/,,,,,,,,,,,*/kˌɑntˈɒːnju/,,,,,,,*/kˌɑpɪssˈɒnju/,,,,,,,*/kˌɑrpˈʊt͡ʃju/,,*/kˌɑrmɪnjˈɒːnju/,,,*/kˌɑrrˌikʊlˈɒːnju/,,,,,,,,,,,,,*/kˌɛntrˈɒːnju/,,,,,,,,*/kˌɛrtˈɒːnju/,*/kjˈɒːnju/,,,,,,,*/kˌɪrkˈɒːnju/,,,,,,*/klˌɑːmˈɒːnju/,*/klˌɑːrˈɒːnju/,,,,,,,,,*/kˌʊˌeːmptˈɒːnju/,*/kˌuɡɪtˈɒːnju/,*/kˌʊŋnˈɑːtʊ/,*/kˌʊˌeːrˈeːdɛ/,*/kˌʊˈinju/,*/kˌʊlˈɒːnju/,*/kˌʊllˈɑːrɛ/,*/kˌʊllˌʊkt͡ʃjˈɒːnju/,*/kˌʊllˌuːktˈɒːnju/,*/kˌʊllˌimɪtˈɒːnju/,*/kˌʊlˈɔstrʊ/,*/kˌʊlʊmbɪnˈiɑ/,*/kˌʊlʊmnˈɑːt͡ʃjɑ/,,,,,,,,*/kˌʊmmˈɛrkjʊ/,*/kˌʊmmʊnikˈɒːnju/,,*/kˌʊmpˌʊtˈɒːnju/,*/kˌʊmpˌʊtˈɒːnju/,,,,*/kˌʊnskrˌɪptˈɒːnju/,*/kˌʊnsˌʊbrˈinʊ/,*/kˌʊnstˈɒːnju/,,*/kˌʊntˌɛntˈɒːnju/,,,,*/kˌʊnˈʊkʊlɑ/,*/kˌʊnwˌɛntˈɒːnju/,*/kˌʊnwˈɛntʊ/,*/kˌupɛrtˈuːrɑ/,,,,*/kˌʊrnˈikʊlʊ/,,*/kˌʊrˈɒːnɑ/,,,*/kˌʊrtˈinɑ/,,*/kˌʊrwˈinʊ/,,,*/kˌʊtˈɒːnjʊ/,*/kˌʊttɪdzˈɒːnju/,,*/krˌɛˈɒːnju/,,,,,,,,,,,,*/krˈʊnsʊkʊ/,,,,,,,,,,,,*/kˌʊnjˈɒːnju/,*/kˌʊnktˈɒːnju/,,,*/kˌuːrˈɒːnju/,*/kˌʊrt͡ʃjˈɒːnju/,,,,*/kʷˌɛrˈɒnju/,,,,,,,,,,,,,,*/lˌɑsˈɒːnju/,,*/lˌɑŋɡʷˈɒːnju/,,,,,,,,,*/lˈɑwɒːnju/,,,,,,,*/lˌɛntˈɒːnju/,,*/lˈɛpʊrɛ/,*/lˈɛpʊʎeː/,,,,*/lˌibɛrˈɒːnju/,,,,,*/lˌimˈɒːnju/,,,,,,*/lˌuːdˈɒnju/,,,,*/lˌʊktˈɒːnju/,,,,,,,,*/mˌɑɡɪstɛrˈɒːnju/,,,,*/mˌɑlʊdikˈɒnju/,,,,,*/mˌɑlɪt͡ʃjˈɒːnju/,*/mˌɑlˌɑŋɡˈɛnju/,,,,*/mˌɑnɪkˈɒːnju/,*/mˌɑnɪpʊlˈɒːnju/,,,,*/mˌɑnkˈɒːnju/,,,,,,,*/mˌɑːritˈɒːnju/,*/mˌɑːritˈɒːnju/,,,,,,,,,,,,*/mˌɑstɪkˈɒːnju/,,,,,*/mˌɛdɪkˈɒːnju/,,,*/mˌɛdɪtˈɒːnju/,,,,,*/mˌɛrid͡ʒjˈɒːnju/,,*/mˌɛrɡˈɒnju/,,,,,*/mˌɪɡrˈɒːnju/,,*/mˌɪnɪstrˈɒːnju/,,,*/mˌirˈɒːnju/,,,,,,*/mˌʊlˈɑːrɛ/,*/mˌʊlˈinʊ/,,,,*/mˌʊrtˈɑːʎɑ/,,,,*/mˌʊlkˈɒːnju/,,*/mˌʊrmʊrˈɒːnju/,,,,,,,,,,,,,,,,*/nˌɛmːɪnˈɒːnju/,,*/nˌɒtˈɒːnju/,,,*/nˌʊmɛrˈɒːnju/,,,,*/ˌʊfˈɛllɑ/,*/ˌʊʎˈɑstrʊ/,,,*/ˌʊlˈiwɑːnʊ/,,*/ˌurˈɒːnju/,,*/ˌʊrdɪnˈɒːnju/,*/ˌʊrdɪnˈɑːtɑ/,,,,*/ˌuskɪtˈɒːnju/,,,,*/pˌɑːbʊlˈɒːnju/,,*/pˌɛnɪtˈøːnju/,,,,,,,,,*/pˌɑːktˈɒːnju/,*/pˈɑktu/,,,*/pˌɑrˈɑbʊlɑ/,,*/pˌɑrˈɒːnju/,*/pˌɑrˈɒːnju/,*/pˌɑrɛntˈɒːnju/,,,,,,,*/pˌɑt͡ʃjˈɒːnju/,,,,*/pˌɑwlˈɒnju/,,,,,,,*/pˌeːnsˈɒːnju/,,,,,*/pˌɛrˌɪndʊlˈøːnju/,*/ˌɪndˌʊlˈøːnju/,*/pˌɛrpˌɑrˈɒːnju/,*/pˌɛrpˌɑrˈɒːnju/,*/pˌɛrwˌɪɡɪlˈɒːnju/,*/pˌɛssɪkˈɒːnju/,,,,,,*/pˌɪɡrɪtˈɒːnju/,,,,,,,,,,,,,,,,*/plˌɑkˈɛnju/,,,,,,,,*/pˌʊlˈɛntɑ/,*/pˌʊllɪkˈɒːrjʊ/,*/pˌʊllɪkˈɑːrɛ/,,*/pˈɔrrʊ/,,,,*/pˌʊrrɪnˈiɑ/,*/pˌʊrrˈinʊ/,,*/pˌʊsˈɒːnju/,,,*/pˌʊtɛstˈɒːnju/,*/pˌʊtɛstˈɑːtɛ/,,,,*/prˌɛdˈɒːnju/,*/prˌɛˈinju/,,,,,,*/prˌɒːˈibɒːnju/,,*/prˌɒsɪmˈɒːnju/,*/prˌeːmːˌɪttˈɒnju/,,,,,,,,,,,,,*/rˌɑdˈɒːnju/,,,,,,,,,,,,,*/rˌɛfˈɛrnju/,,,,,*/rˌɛnidˈøːnju/,,*/rˌɛsˌʊrɡˈɒnju/,,,,*/rˌɪɡˈɒːnju/,,*/rˌimˈɒːnju/,,,,,,,,,,,,,,*/rˌʊnkˈɒːnju/,,,*/rˌʊmpˈɛnju/,,,,,,*/sˌɛttˈɒːnju/,*/sˌɑɡɪttˈɒːnju/,,,*/sˌɑkrˈɒːnju/,,,,,,*/sˌɑlˈinju/,*/sˌɑlwˈɒːnju/,,,*/sˌɑːnˈɒːnju/,,,,*/sˌʊɲɪsˈʊɲjɑ/,,,,,,,,,,*/sˌɑppˈɒːnju/,,,,,,,*/sˌɛkʷˈɒːnju/,,,,,*/sˌɛrtˈɒːnju/,*/sˌɛrwˈɪnju/,,,,,*/sˌɪŋnˈɒːnju/,,,,,,,,,,,,,,,,,,,,,,,,,*/skrˌibˈɒnju/,,,,,,,,,,*/sˌulˈɑːnʊ/,,,,*/sˌʊrtˈikɑ/,*/sˌʊrtɪlɛɡˈiɑ/,,,,*/spˌeːrˈɒːnju/,,,,,,,,,,,,,,,,,,*/strˌɪŋɡˈɒnju/,,*/stˌʊppˈɒːnju/,,,*/sˌeːdˈɒːnju/,,,*/sˌʊbrˌɑwkˈɒːnju/,,*/sˌʊffɛrˈɪnju/,,*/sˌʊktˈɒːnju/,,,,,,,,*/tˌɑɪtˈɒːnju/,,,,,,,,,,,,,,,,,*/ˌɪntˌɛstɪmˈɒːnju/,,,,,,,,*/tˌʊkkˈɒːnju/,,,,,,*/trˌɑːdˈɒnju/,,*/trˌɑktˈɒːnju/,,*/trˌɑːnsflˈɒːnju/,*/trˌɑːnsˌɪɡˈɒnju/,,*/trˌɑːnsmˌɛd͡ʒjˈɒːnju/,,,,,,,*/trˌuːdɪkʊlˈinju/,,,,,*/tˌʊrt͡ʃjˈɒːnju/,,,,,*/tˈʊndu/,,*/tˌʊrbˈɒːnju/,*/tˌʊrbʊlˈɒːnju/,,,,,,,*/ˌʊnkˈɒːnju/,,,*/ˌʊrʊlˈinju/,,*/wˌɑɡˈɒːnju/,,*/wˌɑlˈɛnju/,,,,,,,,,,*/wˈɛnju/,*/wˌɛntˌɪlˈɒːnju/,,,,,*/wˌɛrsˈɒːnju/,*/wˌɛskˈɒnju/,,,,*/wˌɛstɪɡˈɒːnju/,*/wˈɛst͡ʃju/,,,,,,,,,,,,,,,,,*/wˌɪsɪtˈɒːnju/,,,,,,,*/wˌiwˈɒnju/,,,*/wˌʊlʊntˈɑːtɛ/,,
R39,,,,,,,,,,,,,,,,,,,,,,,,,,,,,,,,,,,,,,,,,,,,,,,,,,,,,,,,,,,,,,,,,,,,,*/brˈɒkkɑ/,,,,,,,,,,,,,,,,,*/dˌeːbɪtˈɒrɛ/,*/dˌeːbɪtˈɒrɪt͡ʃjʊ/,,,,,,,,,,,,,,,,,,,,,,,,,,,,,,,,,,,,,,,,,,,,,,,,,,,,,,,,,,,,,,,,,,,,,,,,,,,,,,,,,,,,,,,,,,,,,,,,,,,,,,,,,,,,,,,,,,,,*/flˈɒkkʊ/,,,,,,,*/fˈɒrtɛ/,,,,,,,,,,,,,,,,,,,,,,,,,,,,,,,,,,,,,,,,,,,,,,,,,,,,,,,,,,,,,,,,,,,,,,,,*/ˌɪmpˌɛrˌɑːtˈɒrɛ/,*/pˌɛrɑːntˈɒrɛ/,,,,,,,,,,,,,,,,,,,,,,,,,,,,,*/ˌɪnkʰˈɒrdu/,,,,*/ˌɪnnˈɒkʷʊ/,*/ˌɪnˈɒffʊlɑ/,,,,,,,,,,,,,,,,,,,,,,,,,,,,,,,,,,,,,,,,,,,,,,,,,,,,,,,,,,,,,,,,,,,,,,,,,,,,,,,,,,,,,,,,,*/kˌɪkʰˈɒrjɑ/,,,,,,,,,,,,,,,,,,,,,,,,,,,,,,*/kˌʊlˈɒstrʊ/,,,,*/kˈɒkkɑ/,*/kˈɒkkjʊ/,*/kˈɒkʷʊ/,*/kˈɒksɑ/,,,,,,,,,,,,,,,,,,,,,,,*/kˈɒrbʊlɑ/,*/kʰˈɒrdɑ/,*/kˈɒrjʊ/,,,,*/kˈɒrpʊ/,,,*/kʰˈɒrʊ/,,*/kˈɒrwʊ/,*/kˈɒssʊ/,,,,,,,,,,,,,,,*/krˈɒkʊlʊ/,,,,,,,,,,,,,,,,,,,,,,,,,,,,,,,,,,,,,,,,,,,,,,,,,,,,,,,,,,,,,,,,,,,,,,,,,,,,,*/lˌʊktɑtˈɒrɛ/,,,,,,,,,,,,,,,,,,,,,,,,,,,,,,,,,,,,,,,,,,,,,,,,,,,,,,,,,,,,,,,,,,,,,,,,,,,,*/mˈɒdʊ/,,,,,,,*/mˈɒrtɛ/,,,,,,,,,,,,,,,,,,,,,,*/nˈɒnnʊ/,,*/nˈɒwɑstrʊ/,,,,,,,,,,,*/ˈɒpɛrɑ/,,,,,*/ˈɒrdɪnɛ/,*/ˈɒrnʊ/,*/ˈɒrfɑnʊ/,,,,,,,,,,,,,,,,,,,,,,,,,,,,,,,,,,,,,,,,,,,,,,,,,,,,,,,,,,,,,,,,,,,*/pˌɪskɑtˈɒrɛ/,,,,,,,,,,,,,,,,,,,*/pˈɒrrʊ/,*/pˈɒrrʊ/,*/pˈɒpʊlʊ/,*/pˈɒrrikjʊ/,,,*/pˈɒrtɑ/,,,,,,*/pˈɒttʊ/,,,,,,,,,,,*/prˈɒksɪmʊ/,,,,,,,,,,,,,,,,,,,,,,,,,,,,,,,,,,,,,,,,,,,,*/rˈɒkkɑ/,,,,,,,*/rˈɒtɑ/,*/rˈɒtʊlʊ/,,,,,,,,,,,,,,,,,,,,,,,,,,,,,,,,,,,,,,,,,,,,,,,,,,,,,,,*/sˌɛrwitˈɒrɛ/,,,,,,,,,,,,,,,,,,,,,,*/skˈɒdrɑ/,,,,,*/skˈɒrt͡ʃjɑ/,,,,,,,*/sˈɒkɑ/,*/sˈɒkjɑ/,*/sˈɒkjʊ/,,,,*/sˈɒrbɑ/,*/sˈɒrtɛ/,,,,,,,,,,,,*/spˈɒrtɑ/,,,,,,,,,,,,,,,,,,,,,,,,,,,,,,,,,,,,,,,,,,,,,,,,,,,,,,,,,,*/tˈɒrkʊlʊ/,*/tˈɒrnʊ/,*/tˈɒrtɑ/,,,,*/trˌɑjˌɛktˈɒrjʊ/,,,,,,,,,,,,,,,,,,,,,,,,,,,,,,,,,,,,,,,,,,,,,,,,,,,,,,,,,,,,,,,,,,,,,*/wˌɪktˈɒrjɑ/,,,,,,,,,,,,,,,,,,,*/wˈɒlpʊlʊ/,,,
R40,,,,,,,,,,,,,,,,,,,,,,,,,*/ˌɑmˈɪndʊlɑ/,,,,,,,,,,,,,,,,,,,,,,,,,,,,,,,,,,,,,,,,,,,,,,,,,,,,,,,,,,,,,,,,,,,,,,,,,,,,,,,,,,,,,,,,,,,,,,,,,,,,,,,,,*/ˌɛskˌɑndˈeːnju/,,,,,,,,,,,,,,,,,,,,,,,,,,,,,,,,,,,*/fˌɑʎˈeːnju/,*/fˌɑllˈeːnju/,,,,,,,,,,,,,,,,,,,,,,,,,,,,,,,,,,,,,,,,,,,,,,,,,,,,,,,,,,,,,,,,,,,,,,,,,,,,,,,,,,,,,,,,,,,,*/ɡrˈipsa/,,,,,*/ɡˈirʊ/,,,,,,,,*/hˌʊrrˈeːnju/,,,,,,,,,,,,,,,,,,,,,,,,,,,,,,,,,*/ˌɪŋɡɑnnjˈeːnju/,,,,,,*/ˌɪnkʊɲˌirˈɒːnju/,,,,,,,,,,,,,,,,,,,,,,,,,,,,,,,,,,,,,,,,,,,,,,,,,,,,,,,,,,,,,,,,,,,,,,,,,,,,,,,,,,,,,,,,,,,*/kʰˌɛrsˈɪdrɑ/,,,,,,,,,,,,,,,,,,,,,,,,,,,,,,,,,,,,,,,,,,,,,,,,,,,,,,,,,,,,,,,,,,,,,,,,,,,,,,,,,,,,,,,,,,,,,,,,,,,,,,,,,,,,,,,,,,,,,,,,,,*/kˈimɑ/,*/kˈɪprjʊ/,,,,,,,,,,,,,,,,,,,,,,,,,,,,,,,,,,,,,,,,,,,,,,,,,,,,,,,,,,,,,,,,,,,,,,,,,,,,,,,,,,,,,,,,,,,,,,,,,,,,,,,,,,,,,,,,,,,,,,,,,,,,,,,,,,,,,,,,,,,,,*/mˌɪrikˈinjɑ/,*/mˈɪrrɑ/,,,,,,,,,,,,,,,,,,,,,,,,,,,,,,,,,,,,*/pˌɛnɪtˈeːnju/,,,,,,,,,,,,,,,,,,,,,,,,,,,,,,,,,,,,,,,,*/pˌɛrˌɪndʊlˈeːnju/,*/ˌɪndˌʊlˈeːnju/,,,,,,,,,,,,,,,,,,,,,,,,,,,,,,,,,,,,,,,,,,,,,,,,,,,,,,,,,,,,,,,,,,,,,,,,,,,,,,,,,,,,,,,,,,,,,,*/rˌɛnidˈeːnju/,,,,,,,,,,,,,,,,,,,,,,,,,,,,,,,,,,,,,,,,,,,,,,,,,,,,,,,,,,,,,,,,,,,,,,,,,,,,,,,,,,,,,,,,,,,,,,,,,,,,,,,,,,,,,,,,,,,,,,,,,,,,,,,,,,,,,,,,,,,,,,,,,,,,,,,,,,,,,,,,,,,,,,,,,,,,,,,,,,,,,,,,,,,,,,,,,,,,,,,,,,,,,,,,,,,,,,,,,,,,,,,,,,,,,,,,,,,,,,,,,,,,,,,,,,,,,,,,,,,,,,,,,,,,,,,,,,,,,,,,,,
R41,,,,,,,,,,,,,,,,,,,,,,,,,,,,,,,,,,,,,,,,,,,,,,,,,,,,,,,,,,,,,,,,,,,,,,,,,,,,,,,,,,,,,,,,,,,,,,,,,,,,,,,,,,,,,,,,,,,,,,,,,,,,,,,,,,,,,,,,,,,,,,,,,,,,,,,,,,,,,,,,,,,,,,,,,,,,,,,,,,,,,,,,,,,,,,,,,,,,,,,,,,,,,,,,,,,,,,,,,,,,,,,,,,,,,,,,,,,,,,,,,,,,,,,,,,,,,,,,,,,,,,,,,,,,,,,,*/ɟˈɒːnwʊ/,,*/ɟˌɛjuːnˈɒːnju/,,,,,,,,,,,,,,,,,,,,,,,,,,,,,,,,,,,,,,,,,,,,,,,,,,,,,,,,,,,,*/ɟˌuːdɪkˈɒːnju/,*/ɟˌuːdɪkˈɑːtɑ/,*/ɟˈuːdikjʊ/,*/ɟˌuːnktˈuːrɑ/,*/ɟˈuːnktʊ/,*/ɟˌuːrˈɒːnju/,*/ɟˌʊwˈɛnkɑ/,,,,,,,,,,,,,,,,,,,,,,,,,,,,,,,,,,,,,,,,,,,,,,,,,,,,,,,,,,,,,,,,,,,,,,,,,,,,,,,,,,,,,,,,,,,,,,,,,,,,,,,,,,,,,,,,,,,,,,,,,,,,,,,,,,,,,,,,,,,,,,,,,,,,,,,,,,,,,,,,,,,,,,,,,,,,,,,,,,,,,,,,,,,,,,,,,,,,,,,,,,,,,,,,,,,,,,,,,,,,,,,,,,,,,,,,,,,,,,,,,,,,,,,,,,,,,,,,,,,,,,,,,,,,,,,,,,,,,,,,,,,,,,,,,,,,,,,,,,,,,,,,,,,,,,,,,,,,,,,,,,,,,,,,,,,,,,,,,,,,,,,,,,,,,,,,,,,,,,,,,,,,,,,,,,,,,,,,,,,,,,,,,,,,,,,,,,,,,,,,,,,,,,,,,,,,,,,,,,,,,,,,,,,,,,,,,,,,,,,,,,,,,,,,,,,,,,,,,,,,,,,,,,,,,,,,,,,,,,,,,,,,,,,,,,,,,,,,,,,,,,,,,,,,,,,,,,,,,,,,,,,,,,,,,,,,,,,,,,,,,,,,,,,,,,,,,,,,,,,,,,,,,,,,,,,,,,,,,,,,,,,,,,,,,,,,,,,,,,,,,,,,,,,,,,,,,,,,,,,,,,,,,,,,,,,,,,,,,,,,,,,,,,,,,,,,,,,,,,,,,,,,,,,,,,,,,,,,,,,,,,,,,,,,,,,,,,,,,,,,,,,,,,,,,,,,,,,,,,,,,,,,,,,,,,,,,,,,,,,,,,,,,,,,,,,,,,,,,,,,,,,,,,,,,,,,,,,,,,,
R42,,,,,,,,,,,,,,,,,,,,,,,*/ˌɑmbʊpˌɑtˈinʊ/,,,,,,,,,,,,,,,,,,,,,,,,,,,,,,,,,,,,,,,,,,,,,,,,,,,,,,,,,,,,,,*/dˌeːbʊtˈɒːnju/,*/dˌeːbʊtˈɒrɛ/,*/dˌeːbʊtˈɒrɪt͡ʃjʊ/,*/dˌeːbʊtˈuːrɑ/,,,,,,,,,,,,,,,,,,,,,,,,,,,,,,,,,,,,,,,,,,,,,,,,,,,,,,,,,,,,,,,,,,,,,,,,,,,,,,,,,,,,,,,,,,,,,,,,,,,,,,,,,,,,,,,,,,,,,,,,,,,,,,,,,,,,,,,,,,,,,,,,,,,,,,,,,,,,,,,,,,,,,,,,,,,,,,,,,,,,,,,,,,,,,,,,,,,,,,,,,,,,,,,,,,,,,,,,,,,,,,,,,,,,,,,,,,,,,,,,,,,,,,,,,,,,,,,,,,,,,,,,,,,,,,,,,,,,,,,,,,,,,,,,,,,,,,,,,,,,,,,,,,,,,,,,,,,,,,,,,,,,,,,,,,,,,,,,,,,,,,,,,,,,,,,,,,,,,,,,,,,,,,,,,,,,,,,,,,,,,,,,,,,,,,,,,,,,,,,,,,,,,,,,,*/kˈʊbʊtʊ/,*/kˌʊkˈʊrbʊtɑ/,,,,,,,,,,,,,,,,,,,,,,,,,,,,,,,,,,,,,,,,,,,,,,,,,,,,,,,,,,,,,,,,,,,,,,,,,,,,,,,,,,,,,,,,,,,,,,,,,,,,,,,,,,,,,,,,,,,,,,,,,,,,,,,,,,,,,,,,,,,,,,,,,,,,,,,,,,,,,,,,,,,,,,,,,,,,,,,,,,,,,,,,,,,,,,,,,,,,,,,,,,,,,,,,,,,,,,,,,,,,,,,,,,,,,,,,,,,,,,,,,,,,,,,,,,,,,,,,,,,,,,,,,,,,,,,,,,,,,,,,,,,,,,,,,,,,,,,,,,,,,,,,,,,,,,,,,,,,,,,,,,,,,,,,,,,,,,,,,,,,,,,,,,,,,,,,,,,,,,,,,,,,,,,,,,,,,,,,,,,,,,,,,,,,,,,,,,,,,,,,,,,,,,,,,,,,,,,,,,,,,,,,,,,,,,,,,,,,,,,,,,,,,,,,,,,,,,,,,,,,,,,,,,,,,,,,,,,,,,,,,,,,,,,,,,,,,,,,,,,,,,,,,,,,,,,,,,,,,,,,,,,,,,,,,,,,,,,,,,,,,,,,,,,,,,,,,,,,,,,,,,,,,,,,,,,,,,,,,,,,,,,,,,,,,,,,,,,,,,,,,,,,,,,,,,,,,,,,,,,,,
R43,*/ˌɑβˌɛrrˈɒːnju/,,,,,,,,,,,,,,,,,,,,,,,,,,,,,,,,,,,,,,,,,,,,,,,,,,,,,,,,,,,,,,,,,,,,,,,,*/bˌʊβʊlkˈeːnsʊ/,*/bˌʊβˈʊlkʊ/,*/bˌʊβˈʊlki/,,,,,,,,,,*/dˌeːβʊtˈɒːnju/,*/dˌeːβʊtˈɒrɛ/,*/dˌeːβʊtˈɒrɪt͡ʃjʊ/,*/dˌeːβʊtˈuːrɑ/,*/dˌeːlˌiβɛrˈɒːnju/,,,,,,,,,,,,,,*/dˌɪskˌɑβɑllɪkˈɒːnju/,,,,,,,,,,,,,,,,,,,,,,,,*/ˌɛskˌɑβɑllɪkˈɒːnju/,,,,,,,,,*/ˌɛskˈʊβʊlu/,,,,,,,,,,,,,,,,,,,,,,,,,,*/fˈɑβrɪkɑ/,*/fˌɑβrɪkˈɒːnju/,,,,,,,,,,,,,,,,,,,,,*/fˌɛβrˈɒːrjʊ/,,,,,,,,,,,,,,,,,,,,,,,,,,,,,,,,,,,,,,,,,,,,,,,,,,,,,,,,,,,,,,,,,,,,,,,,,,,,,,,,,*/hˌɪβɛrnˈinʊ/,*/hˌɪβˌɛrnˈid͡ʒjɑ/,,,,,,,,,,,,,,,,,,,,,,,,,,,,,,,,,,,,,,,,,*/ˌɪnkˌɑβɑllɪkˈɒːnju/,,,,,,,,,,,,,,,,,,,,,,,,,,,,,,,,,,,,,,,,,,,,,,,,,,,,,,,,,,,,,,,,,,,,,,,,,,,,,,,,,,,,,,,,,,,*/kˌɛrɛβˈɛllʊ/,*/kˌɛrˈɛβrʊ/,,,,,,,,,,,,,,,,,,,,,,,,,,,,,,,,,,,,,,,,,,,,,,,,,,,,,,,,*/kˌʊnsˌʊβrˈinʊ/,,,,,,,,,,,,,,,,,,,,,,,,,,,,,,,,,,,,,,,,,,*/kˈʊβʊtʊ/,,,,,,,,,,,,,,,,,,,,,,,,,,,,,*/lˌɑːβrˈʊskɑ/,,,,,,,,,,,,,,,,,,,,,,,,,,*/lˈiβɛrʊ/,,*/lˌiβɛrˈɒːnju/,,,,,,,,,,,,,,,,,,,,,,,,,,,,,,,,,,,,,,,,,,,,,,,,,,,,,,,,,,,,,,,,,,,,,,,,,,,,,,,,,,,,,,,,,,,,,,,,,,,,,,,,,,,,,,,,,,,,,,,,,,,,,,,,,,,,,,,,,,,,,,,,,,*/pˌɑːβʊlˈɒːnju/,,,,,,,,,,,,,,,*/pˌɑrˈɑβʊlɑ/,,,,,,,,,,,,,,,,,,,,,,,,,,,,,,,,,,,,,,,,,,,,,,,,,,,,,,,,,,,,,,,,,,,,,,,,,,,,,,,,,,,,,,,,*/prˌɒːˈiβɒːnju/,,,,*/pˈuːβlɪkɑ/,*/pˈuːβlɪkʊ/,,,,,,,,,,,,,,,,,,,,,,,*/rˈeːβɑ/,,,,,,,,,,,,,,,,,,,,,,,,,,,,,,,,,,*/sˌɑβˈʊrrʊ/,,,,,,,,,,,,,,,,,,,,,,,,,,,,,,,,,,,,,,,,,,,,,,,,,,,,,,,,,,,,,,,,,,,,,,,,,,*/skrˌiβˈɒnju/,,,,,,,,,,,,,,,,,,,,,,,,,,*/stˈɑβʊlɑ/,,,,,,,,,,,,,,,,,*/sˌʊβlˈɑːtɑ/,*/sˌʊβmˌɑrˈitɪkɑ/,*/sˌʊβrˌɑwkˈɒːnju/,,,,,,,,,,,,,,,,,,,,,,,,*/tˌɛrɛβˈɛllɑ/,*/tˌɛrɛβˈɛllɑ/,,,,,,,,,,,,,,,,*/trˈɑβɛzɑ/,*/trˈɑβʊ/,,,,,,,*/trˈiβʊlʊ/,,,,,,,,,,,,,,*/tˈʊβʊlɑ/,,,,,,,,,,,,,,,,,,,,,,,,,,,,,,,,,,,,,,,,,,,,,,,,,,,,,,,,,,,,,,,,,,,,,,,,
R44,,,,,,,,,,,,,,,,,,,,,,,,,,,,,,,,,,,,,,,,,,,,,,,,,,,,,,,,,,,,,,,,,,,,,,,,,,,,*/bˈufʊ/,,,,,,,,,,,,,,,,,,,,,,,,,,,,,,,,,,,,,,,,,,,,,,,,,,,,,,,,,,,,,,,,,,,,,,,,,,,,,,,,,,,,,,,,,,,,,,,,,,,,,,,,,,,,,,,,,,,,,,,,,,,,,,,,,,,,,,,,,,,,,,,,,,,,,,,,,,,,,,,,,,,,,,,,,,,,,,,,,,,,*/ɡrˌumʊlˈɒːnjʊ/,*/ɡrˈumʊlʊ/,,,,,,,,,,,,,,,,,,,,,,,,,,,,,,,,,,,,,,,,,,,,,,,,,,,,,,,,,,,,,,,,,,,,,,,,,,,,,,,,,,,,,,,,,,,,,,,,,,,,,,,,,,,,,,,,,,,,,,,,,,,,,,,,,,,,,,,,,,,,,,,,,,,,,,,,,,,,,,,,,,,,,,,,,,,,,,,,,,,,,,,,,,,,,,,,,,,,,,,,,,,,,,,,,,,,,,,,,,,,,,,,,,,,,,,,,,,,,,,,,,,,,,,,,,,,,,,,,,,,,,,,,,,,,,,,,,,,,,,,,,,,,,,,,,,,,,,,,,,,,,,,,,,,,,,,,,,,,,,,,,,,,,,,,,,,,,,,,,,,,,,,,,,,,,,,,,,,,,,,,,,,,,,,,,,,,,,,,,,,,,,,,,,,,,,,,,,,,,,,,,,,,,,,,,,,,,,,,,,,,,,,,,,,,,,,,,,,,,,,,,,,,,,,,,,,,,,,,,,,,,,,,,,,,,,,,,,,,,,,,,,,,,,,,,,,,,,,,,,,,,,,,,,,,,,,,,,,,,,,,,,,,,,,,,,,,,,,,,,,,,,,,,,,,,*/pˈuβlɪkɑ/,*/pˈuβlɪkʊ/,,,,,,,,,,,,,,,,,,,,,,,,,,,,,,,,,,,,,,,,,,,,,,,,,,,,,,,,,,,,,,,,,,,,,,,,,,,,,,,,,,,,,,,,,,,,,,,,,,,,,,,,,,,,,,,,,,,,,,,,,,,,,,,,,,,,,,,,,,,,,,,,,,,,,,,,,,,,,,,,,,,,,,,,,,,,,,,,,,,,,,,,,,,,,,,,,,,,,,,,,,,,,,,,,,,,,,,,,,,,,,,,,,,,,,,,,,,,,,,,,,,,,,,,,,,,,,,,,,,,,,,,,,,,,,,,,,,,,,,,,,,,,,,,,,,,,,,,,,,,,,,,,,,,,,*/wˈɒmɪ/,
=Middle Proto-Albanian I,null*/ˌɑβˌɛrrˈɒːnju/,null*/ˌɑbjˈeːŋnʊ/,null*/ˌɑbjˈeːŋnjɑ/,null{ABSENT},null{ABSENT},null{ABSENT},null*/ˌɑdˌurˈɒːnju/,null{ABSENT},null*/ˈɑːeːr/,null*/ˌɛrˈɑːmɛ/,null*/ˌɛstɪmˈɒːnju/,null*/ˈɛtɑːtɑ/,null*/ˈɛwa/,null*/ˌɑːkˈiŋɡɛ/,null*/ˌɑkkˈipɪtʊ/,null*/ˌɑkkˈipɪtrɛ/,null*/ˌʊsˈʊɲjɑ/,null*/ˈɑlbɑnʊ/,null*/ˌɑlbɑːnˈɛnsʊ/,null*/ˈɑʎʊ/,null{ABSENT},null{ABSENT},null*/ˌɑmbʊpˌɑtˈinʊ/,null*/ˌɑmbʊlˈɒːnju/,null*/ˌɑmˈɪndʊlɑ/,null*/ˌɑmˈikʊ/,null*/ˈɑmɪtɑ/,null*/ˌɑmˈʊrɡɑ/,null{ABSENT},null{ABSENT},null*/ˌɑɲˈillɑ/,null*/ˌɑŋɡˈʊstʊ/,null*/ˌɑŋɡʊstˈɒːnju/,null*/ˌɑntˈɒːnjʊ/,null*/ˌɑnˈʊllɑ/,null*/ˌɑppˌɑrɑmˈɛntʊ/,null*/ˌɑprˈilɛ/,null*/ˈɑptʊ/,null*/ˌɑrˈeːnɑ/,null*/ˌɑrɡˈɛntʊ/,null*/ˈɑrmɑ/,null*/ˌɑrmˈɒːnju/,null*/ˌɑrmˈɑːtɑ/,null*/ˌɑrmˌɪssˈɒːrjʊ/,null*/ˌɑrrˈiwɒːnju/,null*/ˈɑrkʊ/,null*/ˈɑrkɑ/,null*/ˈɑskʊlɑ/,null*/ˌɑspˈɑrɑɡʊ/,null*/ˈɑspɛr/,null*/ˌɑːwˈɛntʊ/,null{ABSENT},null*/ˌɑwɡˈʊstʊ/,null*/ˌɑwrjˈɒlʊ/,null*/ˈɑwrʊ/,null*/ˌɑwˈʊnkʊlʊ/,null*/bˈɑlsɑmʊ/,null*/bˈɑlnjɑ/,null*/bˌɑrˈɑtʰrʊ/,null*/bˈɑrkɑ/,null*/bˌɑrˈɒːnɛ/,null*/bˌɑttwˈɑːʎɑ/,null*/bˌɑttwˈɑːʎɑ/,null*/bˌɛnɛdikˈɒnju/,null*/bˈeːst͡ʃjɑ/,null*/bˌinjˈɒːrjʊ/,null*/bˈɒlɑ/,null*/brˈɑːkɛ/,null*/brˈɒkkɑ/,null*/brˈoːtɑskɑ/,null*/brˈoːskɑ/,null*/brˈuːmɑ/,null*/bˌʊβʊlkˈeːnsʊ/,null*/bˌʊβˈʊlkʊ/,null*/bˌʊβˈʊlki/,null*/bˈufʊ/,null*/bˈʊllɑ/,null*/bˈʊkkɑ/,null*/bˈʊksʊ/,null*/bˈʊrɡʊ/,null*/bˈʊttɛ/,null*/dˈɛmʊnɛ/,null*/dˌɑmnˈɒːnju/,null*/dˈɑmnʊ/,null*/dˌeːβʊtˈɒːnju/,null*/dˌeːβʊtˈɒrɛ/,null*/dˌeːβʊtˈɒrɪt͡ʃjʊ/,null*/dˌeːβʊtˈuːrɑ/,null*/dˌeːlˌiβɛrˈɒːnju/,null*/dˌeːkˌɑptˈɒːnju/,null*/dˌeːpˌɛnɛtrˈɒːnju/,null*/dˌeːpˌʊsɪtˈɒːnju/,null*/dˌeːrˌɑːmˈɒːnju/,null*/dˌeːsˌidɛrˈɒːnju/,null*/dˌeːsˌidˈɛrjɑ/,null{ABSENT},null*/d͡ʒjˈɑːnɑ/,null*/dˌɪɡɪtˈɒːnju/,null*/dˈɪɲjɑ/,null*/dˌirɪɡˈɒːnju/,null*/dˌirˈeːktʊ/,null*/dɪ/,null*/dˌɪskˌɑβɑllɪkˈɒːnju/,null*/dˌɪskˌɑrrɪkˈɒːnju/,null*/dˈɪskɑ/,null*/dˌɪskʷˌɪrɪtˈɒːnju/,null*/dˌɪswˌeːlˈɒːnju/,null*/mˌʊdɛstɪkˈɒːnju/,null*/dˌʊlˈoːrɛ/,null*/ɛdˌunˈɒːnju/,null*/drˈɑki/,null*/drˌɑnkˈɒːnɛ/,null*/drˈinʊ/,null*/drˈiwɑstʊ/,null*/dˈʊkɛ/,null*/dˌʊplɪkˈɒːnju/,null{ABSENT},null*/ˌeːdˌɪktˈɒːnju/,null{ABSENT},null*/ˌɛkkʊ/,null*/ˌɛsˈɑːmɪnɑ/,null*/ˌɛsˌɑmpʊtˈɒːnju/,null*/ˌɛsˌɑnɪmˈɒːnju/,null*/ˌɛsˈɛmplʊ/,null*/ˌɛsʊnʊrˈɒːnju/,null*/ˌɛsˈɪɲju/,null*/ˌɛskˌɑβɑllɪkˈɒːnju/,null*/ˌɛskˌɑlˈɒːnju/,null*/ˌɛskˌɑmbjˈɒːnju/,null*/ˌɛskˌɑndˈeːnju/,null*/ˌɛskˌɑrd͡ʒjˈɒːnju/,null*/ˌɛskˌɑrptˈɒːnju/,null*/ˌɛskˌɑtʰɛdrˈɒːnju/,null*/ˌɛskˌɑwdɪkˈɒːnju/,null*/ˌɛskˈipi/,null*/ˌɛskˈʊβʊlu/,null*/ˌɛskˌʊrtˈɒːnju/,null*/ˌɛskˈʊrtʊ/,null{ABSENT},null*/ˌɛsˈʊssʊ/,null*/ˌɛspˌɛditˈɒːnju/,null*/ˌɛspˈɛditʊ/,null*/ˌɛspˌɛllˈɑwɒːnju/,null*/ˌɛspˌɛrlˈɑwɒːnju/,null*/ˌɛsrˌimˈɒːnju/,null*/ˌɛstˌɛnwˈɒːnju/,null*/ˌɛstrˈuːdu/,null*/ˌɛsˌʊŋɡʊlˈɒːnju/,null*/ˌɛswˌɪɡɪlˈɒːnju/,null{ABSENT},null{ABSENT},null{ABSENT},null{ABSENT},null{ABSENT},null*/ˌeːrˌɑːdɪkˈɒːnju/,null{ABSENT},null*/ˈeːrikjʊ/,null*/rˌɛwˈiʎɑ/,null*/ˈeːskɑ/,null{ABSENT},null{ABSENT},null*/fˈɑβrɪkɑ/,null*/fˌɑβrɪkˈɒːnju/,null*/fˈɑːɡʊ/,null*/fˌɑʎˈeːnju/,null*/fˌɑllˈeːnju/,null*/fˈɑʎʊ/,null{ABSENT},null*/fˌɑlkˈinjɑ/,null*/fˌɑlkˈɒːnɛ/,null*/fˈɑkjeː/,null*/fˌɑktˈuːrɑ/,null*/fˈɑːmɑ/,null*/fˌɑmˈiʎɑ/,null*/fˈɑmʊlʊ/,null{ABSENT},null*/fˌɑːrɪnˈɒːnju/,null*/fˌɑːrɪnˈɑːtɑ/,null*/fˈɑrmɑkʊ/,null*/fˈɑskjɑ/,null*/fˌiʎˈɒlɑ/,null*/fˈɑːtʊ/,null*/fˈɑwɑʎɑ/,null*/fˌɛβrˈɒːrjʊ/,null*/fˈeːmɪnɑ/,null*/fˌɛnˈɛstrɑ/,null*/fˌɛrrˈʊskɑ/,null{ABSENT},null*/fˌɪdˈɒːnju/,null*/fˈikʊ/,null*/fˌiʎˈɑːnʊ/,null*/fˈɪlɪkɑ/,null*/fˌɪʎˈɑstɛr/,null*/fˌɪlɪkˈeːtʊ/,null*/fˈilʊ/,null*/fˌɪrɪɡɪlˈinʊ/,null*/fˌɪssˈikʊlɑ/,null*/fˌɪstʊlˈɒːnju/,null*/flˈɑkʊlɑ/,null*/flˈɑkʊlɑ/,null*/flˈɑːmɪnjɑ/,null{ABSENT},null*/flˈɒkkʊ/,null*/flˌɒrˈinʊ/,null*/flˌʊktʊlˈɒːnju/,null*/fˌʊʎˈɑːtɑ/,null*/fˌurmˈɛllɑ/,null*/fˈʊrnɪkɛ/,null*/fˌʊrnɪkˈiɑ/,null*/fˈɒrtɛ/,null*/fˌʊrtˈuːnɑ/,null*/fˈʊssɑ/,null*/fˌʊssˈɑːtʊ/,null*/frˈɑksɪnʊ/,null{ABSENT},null{ABSENT},null*/frˈeːnɑ/,null*/frˈeːnʊ/,null*/frˌiɡˈɒnju/,null*/frˌiɡʊlˈɒːnju/,null*/frˌɪkˈɒːnju/,null*/flˌɪktˈɑːrjɑ/,null*/frˈuːktʊ/,null*/fˌʊlkˈiɑ/,null{ABSENT},null*/fˈʊndʊ/,null*/fˈʊrkɑ/,null*/fˈʊrnʊ/,null*/fˈʊskɪnjɑ/,null*/fˌʊskɪnjˈɒːrjʊ/,null*/fˈʊstʊlʊ/,null*/fˈʊtwu/,null*/ɡˈɑlbɪnʊ/,null*/ɡˈɑlɡʊlʊ/,null*/ɡˌɑllɪnˈɑːt͡ʃjɑ/,null*/ɡˈɑlli/,null*/ɡˈɑttɑ/,null*/ɡˈɑttʊ/,null*/ɡˈɑwd͡ʒjʊ/,null*/ɡˌɑwd͡ʒjʊmˈɛntʊ/,null*/ɡˌɛmˈɒnju/,null{ABSENT},null*/ɡˈɛnɪstrɑ/,null*/ɡˈɛntɛ/,null{ABSENT},null{ABSENT},null*/ɡlˈɛmʊ/,null*/lˈirɛ/,null*/ɡlˌɛmːɛrˈɑːtɑ/,null*/ɡrˈɛkʊ/,null{ABSENT},null*/ɡrˈɑːtʊ/,null*/ɡrˈɛɡɛ/,null*/ɡrˈɛmjʊ/,null*/ɡrˌʊˈɪllɑ/,null*/ɡrˌumʊlˈɒːnjʊ/,null*/ɡrˈumʊlʊ/,null*/ɡrˈipsa/,null*/ɡˈʊlɑ/,null*/ɡˈʊmmɑ/,null*/ɡˈʊnnɑ/,null*/ɡˈʊttɑ/,null*/ɡˈirʊ/,null*/hˌɑstˈiʎɑ/,null*/hˌɪβɛrnˈinʊ/,null*/hˌɪβˌɛrnˈid͡ʒjɑ/,null*/hˈɪnnikʊlɑ/,null*/hˌɪnnɪkʊlˈɒːnju/,null*/hˌɛrnɪdzˈɒːnju/,null*/hˈoːrɑ/,null*/hˌʊrrˈeːnju/,null*/ɟˈɒːnwʊ/,null{ABSENT},null*/ɟˌɛjuːnˈɒːnju/,null{ABSENT},null*/ˈiʎɑ/,null*/ˈilɪkɛ/,null{ABSENT},null*/ˌɪmpɑrˈɒːnju/,null*/ˌɪmpˌɛrɑːtˈɪssɑ/,null*/pˌɛrɑːntˈɪssɑ/,null*/ˌɪmpˌɛrˌɑːtˈɒrɛ/,null*/pˌɛrɑːntˈɒrɛ/,null*/ˌɪmpɛrˌɑːtʊrˈɪssɑ/,null*/ˌɪmpɛrˈɑːtʊ/,null{ABSENT},null*/ˌɪmplˌɑntˈɒːnju/,null*/ˌɪmplˈɒːnju/,null*/ˌɪmmˈuːnɛ/,null*/ˌɪnˈɑltɑ/,null*/ˌɪnˌɑlt͡ʃjˈɒːnju/,null*/ˌɪnˈɑltʊ/,null*/ˌɪnˌɑwrɪtˈɒːnju/,null*/ɪnbˌʊrjˈɑːnʊ/,null*/ˌɪndˌeːspɪkˈɒːnju/,null{ABSENT},null*/ˌɪndˌɪkˈɒnju/,null*/ˌɪndˌɪktˈɒːnju/,null*/ˌɪndˌɪreːktˈɒːnju/,null*/ˌɪndˌɪrˈeːkt͡ʃju/,null{ABSENT},null*/ˌɪnfˌɑskjˈɒːnju/,null*/ˌinfˈɛrnʊ/,null*/ˌɪŋɡɑnnjˈeːnju/,null*/ˌɪŋɡrˈɑːtɑ/,null*/ˌɪnɪmˈikʊ/,null*/ˌɪnkˌɑβɑllɪkˈɒːnju/,null*/ˌɪnkˌɑrrɪkˈɒːnju/,null*/ˌɪnkˌɑwsɪnˈɒːnju/,null*/ˌɪnkʊɲˌirˈɒːnju/,null*/ˌɪnkˌʊnsulˈɒːnju/,null*/ˌɪnkʰˈɒrdu/,null*/kˈʊdɛ/,null*/kˈʊdɪnɛ/,null*/ˌɪnkˌʊnjˈɒːnju/,null*/ˌɪnnˈɒkʷʊ/,null*/ˌɪnˈɒffʊlɑ/,null{ABSENT},null*/ɪnpˌɛnsˈɒːnju/,null*/ˌɪnsˈɪɲjɑ/,null*/ˈinsʊlɑ/,null*/ˌɪntˌɛllɪɡˈɒnju/,null*/ˌɪntˌɛɡrˈɒːnjʊ/,null*/ˌɪntɛr/,null*/ˌɪntɪɲjˈɒnju/,null*/ˌɪnwˌɛrnˈɑːʎɑ/,null*/ˌɪnwˈɛrnʊ/,null*/ˌɪnwˌɪd͡ʒjˈɒːnju/,null*/wˌitˈɒːnju/,null*/ˌɪnwˌɪt͡ʃjˈɒːnju/,null{ABSENT},null{ABSENT},null*/ˈirɑ/,null*/ɟˌuːdɪkˈɒːnju/,null*/ɟˌuːdɪkˈɑːtɑ/,null*/ɟˈuːdikjʊ/,null*/ɟˌuːnktˈuːrɑ/,null*/ɟˈuːnktʊ/,null*/ɟˌuːrˈɒːnju/,null*/ɟˌʊwˈɛnkɑ/,null*/kˈɛkɑ/,null*/kˈɛlʊ/,null*/kˌɑlɑmˈeːtʊ/,null*/kˈɑlɑmʊ/,null{ABSENT},null*/kˌɑlɛndˈɒːrjʊ/,null*/kˈɑlɪkɛ/,null*/kˌɑlkˈɑːrjɑ/,null*/kˈɑlli/,null*/kˈɑmbɑ/,null*/kˌɑmbjˈɒːnju/,null*/kˈɑmɛrɑ/,null*/kˌɑmpˈɑːnɑ/,null{ABSENT},null*/kˌɑmˈɪsjɑ/,null*/kˈɑnɑpɛ/,null*/kˌɑndˈeːlɑ/,null*/kˈɑnɛ/,null*/kˈɑnnɑ/,null*/kˌɑnnˈɑːtɑ/,null*/kˌɑnnˈeːtʊ/,null*/kˌɑntˈɒːnju/,null*/kˈɑntʰɑrʊ/,null*/kˈɑntɪkɑ/,null*/kˌɑntɪkˈɛllʊ/,null*/kˌɑppˈɛllɑ/,null*/kˌɑprjˈɒlʊ/,null*/kˌɑpɪssˈɑːtɑ/,null*/kˌɑpɪssˈɒnju/,null*/kˌɑpˈɪstrʊ/,null*/kˌɑpɪtˈinɑ/,null*/kˌɑːpˈɒːnɛ/,null*/kˈɑprjʊ/,null*/kˈɑpti/,null*/kˈɑrjɛ/,null*/kˌɑrpˈʊt͡ʃju/,null{ABSENT},null*/kˌɑrmɪnjˈɒːnju/,null*/kˈɑrrɑ/,null*/kˈɑrri/,null*/kˌɑrrˌikʊlˈɒːnju/,null*/kˌɑrsˈɑːnɑ/,null*/kʰˈɑrtɑ/,null*/kˈɑsɪnɑ/,null*/kˌɑstˈɑnjɑ/,null*/kˌɑstɑnˈɛttʊ/,null*/kˌɑstˈɛllɑ/,null*/kˌɑstˈɛllʊ/,null{ABSENT},null{ABSENT},null{ABSENT},null*/kˈɛnti/,null*/kˈɛntrʊ/,null*/kˌɛntrˈɒːnju/,null*/kˈeːpɑ/,null*/kˌeːpˈʊllɑ/,null*/kˌɛrɑsjˈɒːrjʊ/,null*/kˌɛrɛβˈɛllʊ/,null*/kˌɛrˈɛβrʊ/,null*/kˈɛrrʊ/,null*/kʰˌɛrsˈɪdrɑ/,null*/kˌɛrtˈɒːnju/,null*/kjˈɒːnju/,null*/ɪnkˌikˈɑːlɑ/,null*/kˈikɛrɛ/,null*/kˌɪkʰˈɒrjɑ/,null*/kˈimɪkɑ/,null*/kˌimˈʊssɑ/,null*/kˈiŋɡʊlɑ/,null*/kˌɪrkˈɒːnju/,null*/kˌɪrkˈɛllɑ/,null*/kˈɪrkʊlʊ/,null*/kˈɪrkʊ/,null{ABSENT},null*/kˌiwɪtˈɑːtɛ/,null*/klˌɑːmˈɒːnju/,null*/klˌɑːrˈɒːnju/,null*/klˈɑːrtɑ/,null*/klˈɑːwɑnʊ/,null*/klˌɑwɪtˈuːrɑ/,null*/klˌɑwrˈuːlɑ/,null*/kˌɑwsˈuːrɑ/,null*/klˌɑwsˈuːrɑ/,null*/klˌeːmˈeːntɛ/,null*/klˌɛmːˈʊstʊ/,null*/kˌʊˌeːmptˈɒːnju/,null*/kˌuɡɪtˈɒːnju/,null*/kˌʊŋnˈɑːtʊ/,null*/kˌʊˌeːrˈeːdɛ/,null*/kˌʊˈinju/,null*/kˌʊlˈɒːnju/,null*/kˌʊllˈɑːrɛ/,null*/kˌʊllˌʊkt͡ʃjˈɒːnju/,null*/kˌʊllˌuːktˈɒːnju/,null*/kˌʊllˌimɪtˈɒːnju/,null*/kˌʊlˈɒstrʊ/,null*/kˌʊlʊmbɪnˈiɑ/,null*/kˌʊlʊmnˈɑːt͡ʃjɑ/,null*/kˈʊnkʰɑ/,null*/kˈɒkkɑ/,null*/kˈɒkkjʊ/,null*/kˈɒkʷʊ/,null*/kˈɒksɑ/,null{ABSENT},null*/kˈɒmɑ/,null*/kˌʊmmˈɛrkjʊ/,null*/kˌʊmmʊnikˈɒːnju/,null*/kˈʊmpɑtɛr/,null*/kˌʊmpˌʊtˈɒːnju/,null*/kˌʊmpˌʊtˈɒːnju/,null*/kˈʊmpʊtʊ/,null*/kˌʊnfˈinjʊ/,null*/kˌʊnsˈiʎʊ/,null*/kˌʊnskrˌɪptˈɒːnju/,null*/kˌʊnsˌʊβrˈinʊ/,null*/kˌʊnstˈɒːnju/,null*/kˈʊnsʊlɛ/,null*/kˌʊntˌɛntˈɒːnju/,null*/kˈʊntrɑː/,null*/kˌʊntrˈɒːrjʊ/,null*/kˌʊntrɑːstˈɒːrjʊ/,null*/kˌʊnˈʊkʊlɑ/,null*/kˌʊnwˌɛntˈɒːnju/,null*/kˌʊnwˈɛntʊ/,null*/kˌupɛrtˈuːrɑ/,null*/kˈɒrbʊlɑ/,null*/kʰˈɒrdɑ/,null*/kˈɒrjʊ/,null*/kˌʊrnˈikʊlʊ/,null{ABSENT},null*/kˌʊrˈɒːnɑ/,null*/kˈɒrpʊ/,null{ABSENT},null*/kˌʊrtˈinɑ/,null*/kʰˈɒrʊ/,null*/kˌʊrwˈinʊ/,null*/kˈɒrwʊ/,null*/kˈɒssʊ/,null*/kˌʊtˈɒːnjʊ/,null*/kˌʊttɪdzˈɒːnju/,null*/krˈɑːpʊlʊ/,null*/krˌɛˈɒːnju/,null*/krˌɛˈɑːnt͡ʃjɑ/,null*/krˌɛɑːtˈuːrɑ/,null*/krˈeːtɪkʊ/,null{ABSENT},null{ABSENT},null*/krˈɪspɑ/,null*/krˈɪstɑ/,null{ABSENT},null{ABSENT},null{ABSENT},null*/krˈɒkʊlʊ/,null*/krˈʊnsʊkʊ/,null{ABSENT},null{ABSENT},null*/kˈʊβʊtʊ/,null*/kˌʊkˈʊrbʊtɑ/,null*/kˈʊkʊrʊ/,null{ABSENT},null*/kˈʊlkɪtrɑ/,null*/kˈʊlmɛ/,null*/kˈʊmʊlʊ/,null*/kˈʊlʊmʊ/,null*/kˈʊnjʊ/,null*/kˌʊnjˈɒːnju/,null*/kˌʊnktˈɒːnju/,null*/kˈʊppʊ/,null*/kˈʊppɑ/,null*/kˌuːrˈɒːnju/,null*/kˌʊrt͡ʃjˈɒːnju/,null*/kʷˌɑdrˈiɡɑ/,null{ABSENT},null*/kʷˈɑdrʊ/,null*/kʷˌɛrˈɒnju/,null*/kʷˈɑːrtɑ/,null*/kʷˈɑrtɑ/,null*/kʷˈɑrtʊ/,null*/kʷˌɑsˈɪllʊ/,null*/kʷˌi/,null*/kʷjˈeːtʊ/,null*/kʷˈis/,null*/kˈimɑ/,null*/kˈɪprjʊ/,null{ABSENT},null*/lˌɑːβrˈʊskɑ/,null*/lˌɑkˈɒːnɛ/,null*/lˈɑksɑ/,null*/lˌɑsˈɒːnju/,null*/lˈɑkʷjʊ/,null*/lˌɑŋɡʷˈɒːnju/,null*/lˌɑŋɡʷˈoːrjɑ/,null*/lˌɑŋɡʷˈoːrɛ/,null*/lˌɑnkjˈɑːrjɑ/,null*/lˌɑpˈɑtʰjɑ/,null*/lˈɑːrɡʊ/,null*/lˈɑːrɪdʊ/,null*/lˈɑssʊ/,null*/lˌɑtˈinʊ/,null*/lˈɑwɒːnju/,null*/lˌɑwɑːtˈuːrɑ/,null{ABSENT},null{ABSENT},null{ABSENT},null*/lˈɑwrʊ/,null*/lˈeːɡɛ/,null*/lˌɛntˈɒːnju/,null*/ʎˈɒːnɛ/,null*/lˈɛpʊrɛ/,null*/lˈɛpʊʎeː/,null*/lˈɛprɑ/,null*/lˈiβɛrʊ/,null{ABSENT},null*/lˌiβɛrˈɒːnju/,null*/lˌɪɡɑːtˈuːrɑ/,null*/lˈiʎʊ/,null*/lˈikjʊ/,null*/lˈimɑ/,null*/lˌimˈɒːnju/,null*/lˈinʊ/,null*/lˈinjɑ/,null*/lˌɪppɪtˈuːrɑ/,null*/lˈɪssʊ/,null*/lˈɪttɛrɑ/,null*/lˌuːdˈɒnju/,null*/lˌʊkˈɛrnɑ/,null*/lˈʊkrʊ/,null*/lˈʊktɑ/,null*/lˌʊktˈɒːnju/,null*/lˌʊktɑtˈɒrɛ/,null*/lˈʊntrɛ/,null*/lˌʊpɛkkˈɑːtʊ/,null*/lˌʊpʊkˈɛrwʊlʊ/,null*/lˈuːstrʊ/,null*/mˈɛstrʊ/,null*/mˌɑɡˈiɑ/,null*/mˌɑɡɪstɛrˈɒːnju/,null*/mˌɑɡɪstˈɛrɪkʊ/,null*/mˌɑjˈɑːrjɑ/,null*/mˈɑːjʊ/,null*/mˌɑlʊdikˈɒnju/,null*/mˌɑllɛt͡ʃjˈɒlɑ/,null*/mˌɑʎˈɒlɑ/,null*/mˌɑlˈeːtʊ/,null*/mˈɑʎʊ/,null*/mˌɑlɪt͡ʃjˈɒːnju/,null*/mˌɑlˌɑŋɡˈɛnju/,null*/mˈɑlʊ/,null{ABSENT},null*/mˈɑnɪkɑ/,null*/mˌɑnɪkˈɒːnju/,null*/mˌɑnɪpʊlˈɒːnju/,null*/mˈɑnnjɑ/,null*/mˈɑnkʊ/,null*/mˈɑnkɑ/,null*/mˌɑnkˈɒːnju/,null*/mˈɑnkɪnʊ/,null*/mˈɑnktʊ/,null*/mˈɑrɡɪnɛ/,null{ABSENT},null{ABSENT},null*/mˌɑrɛlˈuːkjʊ/,null*/mˌɑːritˈɒːnju/,null*/mˌɑːritˈɒːnju/,null*/mˌɑːritˈɑːt͡ʃjɑ/,null*/mˈɑrkʊ/,null*/mˈɑrmʊrɛ/,null*/mˌɑrruːkˌinˈeːtʊ/,null*/mˈɑːrtɛ/,null*/mˌɑːrtˈinʊ/,null*/mˈɑːrt͡ʃjʊ/,null*/mˈɑrʊ/,null*/mˌɑrˈuːnʊ/,null*/mˈɑskʊlʊ/,null*/mˈɑssɑ/,null*/mˌɑstɪkˈɒːnju/,null*/mˌɑtˈɑksʊ/,null{ABSENT},null*/mˌɑːtrˈikʊlɑ/,null*/mˌɑtt͡ʃjˈʊkkʊ/,null*/mˌɛdɪkˈɒːnju/,null*/mˌɛdɪkˈɑstrʊ/,null*/mˈɛdɪkʊ/,null*/mˌɛdɪtˈɒːnju/,null*/mˈɛd͡ʒjʊ/,null*/mˌɛnsˈoːrɑ/,null*/mˈɛntɑ/,null*/mˈɛntɛ/,null*/mˌɛrid͡ʒjˈɒːnju/,null*/mˌɛrˈid͡ʒjɛ/,null*/mˌɛrɡˈɒnju/,null{ABSENT},null*/mˌɛrkˈʊrɑ/,null*/mˌɛrʊlˈɑːnjɑ/,null*/mˈɛtʊlɑ/,null*/mˌɪɡrˈɒːnju/,null*/mˈiʎɑ/,null*/mˌɪnɪstrˈɒːnju/,null{ABSENT},null{ABSENT},null*/mˌirˈɒːnju/,null{ABSENT},null*/mˌɪsɛrˈɑːri/,null*/mˌɪsˈɛrjɑ/,null*/mˈʊd͡ʒjʊ/,null*/mˈɒdʊ/,null*/mˌʊlˈɑːrɛ/,null*/mˌʊlˈinʊ/,null*/mˌeːmːˈɛntʊ/,null*/mˈʊnɑkʰʊ/,null{ABSENT},null*/mˌʊrtˈɑːʎɑ/,null*/mˈɒrtɛ/,null*/mˈuːkʊ/,null*/mˈʊlɑ/,null*/mˌʊlkˈɒːnju/,null*/mˈuːlʊ/,null*/mˌʊrmʊrˈɒːnju/,null*/mˈuːrʊ/,null*/mˌʊskɛlˈɒːrjʊ/,null*/mˌʊskˈɒnjɑ/,null*/mˈʊskʊlʊ/,null*/mˈuːskʊ/,null*/mˈʊstʊ/,null*/mˌɪrikˈinjɑ/,null*/mˈɪrrɑ/,null*/nˈɑppɑ/,null*/nˌɑːtˈuːrɑ/,null*/mˈɛɡʊlɑ/,null*/nˈɪnnɑ/,null*/nkˌɑrdˌʊllˈikjɑ/,null*/nˈoːdʊ/,null*/nˈoːdʊlʊ/,null*/nˌɛmːɪnˈɒːnju/,null*/nˈɒnnʊ/,null*/nˌɒtˈɒːnju/,null*/nˈɒwɑstrʊ/,null*/nˌɒwˈɛrkɑ/,null*/nˌʊmɛrˈɒːnju/,null*/nˈʊmɛrʊ/,null*/nˈʊpt͡ʃjɑ/,null{ABSENT},null*/ˌʊfˈɛllɑ/,null*/ˌʊʎˈɑstrʊ/,null*/ˈɒʎɑstrʊ/,null*/ˈɒʎʊ/,null*/ˌʊlˈiwɑːnʊ/,null*/ˈɒpɛrɑ/,null*/ˌurˈɒːnju/,null*/ˈoːrbʊ/,null*/ˌʊrdɪnˈɒːnju/,null*/ˌʊrdɪnˈɑːtɑ/,null*/ˈɒrdɪnɛ/,null*/ˈɒrnʊ/,null*/ˈɒrfɑnʊ/,null*/ˌuskɪtˈɒːnju/,null*/ˈoːtʊ/,null*/ˈoːwɑːt͡ʃjɑ/,null*/ˈoːwɑ/,null*/pˌɑːβʊlˈɒːnju/,null*/pˌɑdˈuːlɛ/,null*/pˌɛnɪtˈeːnju/,null*/pˌɛnɪtˈɛnt͡ʃjɑ/,null*/pˌɑɡˈɑːnɑ/,null*/pˌɑɡɑːtˈuːrɑ/,null{ABSENT},null*/pˈɑːlɑ/,null*/pˈɑʎɑ/,null*/pˌɑlˈʊmbʊ/,null*/pˈɑːkɛ/,null*/pˌɑːktˈɒːnju/,null*/pˈɑktu/,null*/pˌɑlˈɑːt͡ʃjʊ/,null*/pˈɑːr/,null*/pˌɑrˈɑβʊlɑ/,null{ABSENT},null*/pˌɑrˈɒːnju/,null*/pˌɑrˈɒːnju/,null*/pˌɑrɛntˈɒːnju/,null*/pˌɑrˈɛntɛ/,null*/frˌɑsjˈɒlʊ/,null*/fˌɑsjˈɒlʊ/,null{ABSENT},null*/pˈɑssʊ/,null*/pˌɑstuːrˈɑːkʊ/,null*/pˌɑt͡ʃjˈɒːnju/,null*/pˌɑwˈikʊlɑ/,null*/pˈɑwkʊ/,null{ABSENT},null*/pˌɑwlˈɒnju/,null*/pˌɑːwʊlˈɒːnɛ/,null*/pˈɛdɪkɑ/,null*/pˈɛndɪkɑ/,null*/ˌɪmpˈɛdɪkɑ/,null*/pˌɛkˈʊʎʊ/,null*/pˈeːnsɑ/,null*/pˌeːnsˈɒːnju/,null*/pˈɛpɪnɛ/,null*/pˌɛr/,null*/pˈɛrɡʊlɑ/,null{ABSENT},null*/pˌɛrˌɪndʊlˈeːnju/,null*/ˌɪndˌʊlˈeːnju/,null*/pˌɛrpˌɑrˈɒːnju/,null*/pˌɛrpˌɑrˈɒːnju/,null*/pˌɛrwˌɪɡɪlˈɒːnju/,null*/pˌɛssɪkˈɒːnju/,null*/pˈɛssɪkɑ/,null{ABSENT},null{ABSENT},null*/pˈɛtt͡ʃjɑ/,null*/pˈɪŋnʊ/,null*/pˌɪɡrɪtˈɒːnju/,null*/pˈiktɑ/,null*/pˈilɑ/,null*/pˈilɑ/,null*/pˈɪlɑ/,null*/pˈiʎʊ/,null*/pˈɪnnɑ/,null*/pˈipɑ/,null*/pˈɪskɛ/,null*/pˌɪskɑtˈɒrɛ/,null*/bˌɪstˈɑːʎɑ/,null*/pˌɪstˈɑːrjɑ/,null*/pˈɪttɑ/,null*/pˈɪttɪkʊ/,null*/pˈɪttʊlɑ/,null*/plˈɑːɡɑ/,null*/plˌɑkˈɛnju/,null*/plˈɑnkʊ/,null*/plˈɑntɪkʊ/,null{ABSENT},null*/plˌɪkˈinʊ/,null*/plˈikt͡ʃjʊ/,null*/plˈoːpʊ/,null*/plˈʊmbʊ/,null*/pˌʊlˈɛntɑ/,null*/pˌʊllɪkˈɒːrjʊ/,null*/pˌʊllɪkˈɑːrɛ/,null*/pˈeːmːɑ/,null*/pˈɒrrʊ/,null*/pˈɒrrʊ/,null*/pˈɒpʊlʊ/,null*/pˈɒrrikjʊ/,null*/pˌʊrrɪnˈiɑ/,null*/pˌʊrrˈinʊ/,null*/pˈɒrtɑ/,null*/pˌʊsˈɒːnju/,null{ABSENT},null{ABSENT},null*/pˌʊtɛstˈɒːnju/,null*/pˌʊtɛstˈɑːtɛ/,null*/pˈɒttʊ/,null*/prˈɛdɑ/,null*/prˈɛdɑ/,null*/prˌɛdˈɒːnju/,null*/prˌɛˈinju/,null{ABSENT},null*/prˌimɑwˈeːrɑ/,null*/prˈinkɛ/,null{ABSENT},null{ABSENT},null*/prˌɒːˈiβɒːnju/,null*/prˈɒksɪmʊ/,null*/prˌɒsɪmˈɒːnju/,null*/prˌeːmːˌɪttˈɒnju/,null*/pˈuβlɪkɑ/,null*/pˈuβlɪkʊ/,null*/pˈʊllɑ/,null*/pˈʊllʊ/,null*/pˈʊlpɑ/,null*/pˈʊlwɛrɛ/,null*/pˈʊŋɡɑ/,null*/pˈʊnktɑ/,null*/pˈʊppɑ/,null*/pˈʊt͡ʃjʊ/,null*/pˌʊttˈɑːnɑ/,null*/fˈɑrʊ/,null*/rˌɑdˈɒːnju/,null*/rˈɑd͡ʒjɑ/,null*/rˌɑːdˈikɑ/,null*/rˌɑːdˈikʊlɑ/,null*/rˈɑːmi/,null*/rˈɑːpɑ/,null*/rˈɑːpi/,null*/rˈɑːpʊ/,null*/rˈɑːrʊ/,null{ABSENT},null*/rˌɑːstˈɛllʊ/,null*/ˌɑdrˌɑːt͡ʃjˈɒːnɛ/,null*/rˈeːβɑ/,null*/rˌɛfˈɛrnju/,null{ABSENT},null*/rˈeːɡʊlʊ/,null*/kˈɒːsjʊ/,null*/rˈeːmʊ/,null*/rˌɛnidˈeːnju/,null*/rˌeːsˈinɑ/,null*/rˌɛsˌʊrɡˈɒnju/,null*/rˈeːtɛ/,null*/rˈeːstɛ/,null*/rˈeːtɪnɑ/,null*/rˌɪɡˈɒːnju/,null*/rˈikɪnʊ/,null*/rˌimˈɒːnju/,null*/rˈipɑ/,null{ABSENT},null*/rˈɒkkɑ/,null*/rˌeːmːˈɑːnʊ/,null*/rˈʊmbʊ/,null*/rˈʊmbʊlʊ/,null*/rˌʊmfˈɛɑ/,null{ABSENT},null*/rˌɒːsʊpˈɒːnjɑ/,null*/rˈɒtɑ/,null*/rˈɒtʊlʊ/,null*/rˌɒtˈʊndɑ/,null{ABSENT},null*/rˌʊnkˈɒːnju/,null*/rˈʊdɛ/,null{ABSENT},null*/rˌʊmpˈɛnju/,null{ABSENT},null*/rˈuːtɑ/,null*/sˌɑβˈʊrrʊ/,null*/sˈɛkʊlʊ/,null*/sˌɑɡˈɪttɑ/,null*/sˌɛttˈɒːnju/,null*/sˌɑɡɪttˈɒːnju/,null*/sˈɑɡʊ/,null*/sˈɑkkʊlʊ/,null*/sˌɑkrˈɒːnju/,null*/sˈɑlɪkjɛ/,null*/sˈɑlɪkɑ/,null{ABSENT},null*/sˌɑlɪkˈeːtʊ/,null*/sˌɑlˈinɑ/,null*/sˌɑlˈinju/,null*/sˌɑlwˈɒːnju/,null*/sˌɑlwˈɑːnt͡ʃjɑ/,null*/sˌɑlwjˈɛllɑ/,null*/sˌɑːnˈɒːnju/,null*/sˌɑːnɪtˈɑːtɛ/,null{ABSENT},null*/sˌɑŋɡʷʊnjˈɑːtɑ/,null*/sˌʊɲɪsˈʊɲjɑ/,null{ABSENT},null*/sˈɑːnktʊ/,null{ABSENT},null{ABSENT},null{ABSENT},null{ABSENT},null*/kˌɑlɪkɛsˈɑːnktʊ/,null{ABSENT},null{ABSENT},null*/sˌɑppˈɒːnju/,null*/sˈɑpʊ/,null*/sˈɑrɪkɑ/,null*/sˌɑlɪkɪnˈɒːrjʊ/,null*/sˌɑrmˈɛntʊ/,null*/sˌɑtˈʊnɪtɑ/,null*/sˌɛkrˈeːtʊ/,null*/sˌɛkʷˈɒːnju/,null*/sˈɛllɑ/,null*/sˈɛnt͡ʃjɑ/,null{ABSENT},null*/sˈɛrrɑ/,null*/sˌɛrtˈɒːnju/,null*/sˌɛrwˈɪnju/,null*/sˌɛrwˈɪt͡ʃjʊ/,null*/sˌɛrwitˈɒrɛ/,null*/sˌɛrwitˈuːrɑ/,null*/sˈɛssʊ/,null*/sˌɪŋnˈɒːnju/,null*/sˈɪŋnʊ/,null*/sˈik/,null{ABSENT},null*/sˈikʊlɑ/,null{ABSENT},null{ABSENT},null*/sˈinʊ/,null*/sˈɪrpʊ/,null*/sˈɪtɑ/,null*/skˈɑbjɛ/,null*/skˈɑːlɑː/,null*/skˈɑmnʊ/,null*/skˈɑmnɪ/,null*/skˈɑndʊlʊ/,null{ABSENT},null*/skˌɪntˈiʎɑ/,null{ABSENT},null*/ˌɛsklˈoːppʊ/,null*/skˈɒdrɑ/,null*/skʰˈɒlɑ/,null*/skˈoːpɑ/,null{ABSENT},null*/skˈoːrjɑ/,null*/skˈɒrt͡ʃjɑ/,null*/skrˌiβˈɒnju/,null*/skˈʊlkɑ/,null*/skˈʊmɑ/,null*/skˈuːtʊ/,null*/skʷˈɑːtʊ/,null*/sˈʊlkʊ/,null*/sˈɒkɑ/,null*/sˈɒkjɑ/,null*/sˈɒkjʊ/,null*/sˈɒlɑ/,null*/sˌulˈɑːnʊ/,null*/sˈɒlʊ/,null*/sˈɒrbɑ/,null*/sˈɒrtɛ/,null*/sˌʊrtˈikɑ/,null*/sˌʊrtɪlɛɡˈiɑ/,null*/spˈɑtʰɑ/,null*/spˈɑtʰʊlɑ/,null*/spˌɛrˈɑnt͡ʃjɑ/,null*/spˌeːrˈɒːnju/,null*/spˈinɑ/,null*/spˈirɪtʊ/,null*/spˈɪssʊ/,null*/splˌɛnˈɛtɪkɑ/,null*/spˈʊd͡ʒjɑ/,null*/spˈɒrtɑ/,null*/stˈɑβʊlɑ/,null*/stˈɑmnʊ/,null*/stˈɑnkʊ/,null*/stˈɑːti/,null*/stˈɑːtʊ/,null*/stˌɛrnˈɑːkʊ/,null*/strˈɑmbʊ/,null*/strˈɑmbɪnʊ/,null*/strˈɑːtʊ/,null*/strˈiɡɑ/,null*/strˈɪnktʊ/,null*/strˌɪŋɡˈɒnju/,null*/stˈʊppɑ/,null*/stˌʊppˈɒːnju/,null*/stˈʊrnʊ/,null*/swˌɑːwˈiʎɑ/,null*/sˌeːdˈɒːnju/,null*/sˌʊβlˈɑːtɑ/,null*/sˌʊβmˌɑrˈitɪkɑ/,null*/sˌʊβrˌɑwkˈɒːnju/,null*/sˌʊbtɛrrˌɑːnˈiɑ/,null*/sˌʊffɛrˈɪnju/,null*/sˈʊktɑ/,null*/sˌʊktˈɒːnju/,null*/sˈʊmmɑ/,null*/sˌʊpɛrkˌɑdˈɑːlɛ/,null{ABSENT},null*/sˈʊrdʊ/,null{ABSENT},null{ABSENT},null*/tˈɑːktʊ/,null*/tˌɑɪtˈɒːnju/,null*/tˈɑːʎɑ/,null*/tˈɑʎɑ/,null*/tˈɑppɑ/,null*/tˌɑwˈɛrnɑ/,null*/tˈɑwɾi/,null*/tˈɑwɾʊ/,null*/tˈɛɡmɪnɛ/,null*/tˈeːɡʊlɑ/,null{ABSENT},null{ABSENT},null*/tˈɛndɑ/,null*/tˌɛrɛβˈɛllɑ/,null*/tˌɛrɛβˈɛllɑ/,null*/tˌɛrrɛmˈoːtʊ/,null*/tˌɛrrˈɑːtɪkʊ/,null*/tˈɛst͡ʃjɑ/,null*/ˌɪntˌɛstɪmˈɒːnju/,null*/tˌimˈɒːnɛ/,null*/tˌɪmˈoːrɛ/,null*/tˈinɑ/,null*/tˈɪnjɑ/,null*/tˈinkɑ/,null*/tˈɪnnʊnkʊlʊ/,null*/tˈɪtʊlʊ/,null*/tˌʊkkˈɒːnju/,null*/tˈɒrkʊlʊ/,null*/tˈɒrnʊ/,null*/tˈɒrtɑ/,null*/trˈɑβɛzɑ/,null*/trˈɑβʊ/,null*/trˌɑːdˈɒnju/,null*/trˌɑjˌɛktˈɒrjʊ/,null*/trˌɑktˈɒːnju/,null*/trˈɑktɑ/,null*/trˌɑːnsflˈɒːnju/,null*/trˌɑːnsˌɪɡˈɒnju/,null*/trˈiβʊlʊ/,null*/trˌɑːnsmˌɛd͡ʒjˈɒːnju/,null*/trˌɪfˈɒʎɑ/,null*/trˌɪfˈiʎʊ/,null*/trˌɪfˈʊrkʊ/,null*/trˌimeːnsˈɑːnɑ/,null*/trˈinɑ/,null*/trˈistɛ/,null*/trˌuːdɪkʊlˈinju/,null{ABSENT},null*/trˈʊmbɑ/,null{ABSENT},null*/trˈʊnkʊ/,null*/tˌʊrt͡ʃjˈɒːnju/,null*/tˈʊβʊlɑ/,null*/tˈʊfɑ/,null*/tˈʊmbɑ/,null*/tˈʊmʊlʊ/,null*/tˈʊndu/,null*/tˈʊrbɑ/,null*/tˌʊrbˈɒːnju/,null*/tˌʊrbʊlˈɒːnju/,null*/tˈʊrbʊlʊ/,null*/tˈʊrmɑ/,null{ABSENT},null*/tˈʊrrɛ/,null*/tˈʊrtʊrɛ/,null*/t͡sˈikɑ/,null*/ˌʊnkˈɒːnju/,null*/ˌuːnktˈuːrɑ/,null*/ʊpˈʊpɑ/,null*/ˌʊrʊlˈinju/,null*/ˌʊtrˈinʊ/,null*/wˌɑɡˈɒːnju/,null*/wˈɑkʊ/,null*/wˌɑlˈɛnju/,null{ABSENT},null{ABSENT},null*/wˈɑllɛ/,null*/wˌɑlˈoːrɑ/,null*/wˈɑpɑ/,null*/wˌeːlˈɑːt͡ʃjɑ/,null*/wˈeːlʊ/,null*/wˌɛnˈeːnɑ/,null*/wˌɛnˈeːnʊ/,null*/wˈɛnju/,null*/wˌɛntˌɪlˈɒːnju/,null*/wˈeːrɑ/,null*/wˌeːrɪtˈɑːtɛ/,null*/wˌɛrrˈikʊlʊ/,null*/wˈɛrsɑ/,null*/wˌɛrsˈɒːnju/,null*/wˌɛskˈɒnju/,null*/wˈeːskʊ/,null*/wˌeːssˈikɑ/,null*/ˌɪnwˌeːssˈikɑ/,null*/wˌɛstɪɡˈɒːnju/,null*/wˈɛst͡ʃju/,null*/wˈɛtɛrɛ/,null*/wˈɪɑ/,null*/wˌɪɡˈiʎɑj/,null*/ɪnwˌɪɡˈiʎɑj/,null*/wˈikjɑ/,null*/wˌikˈinʊ/,null*/wˌɪktˈɒrjɑ/,null*/wˈiktwɑːʎɑ/,null*/wˈillɑ/,null*/wˌinjˈɑːlʊ/,null*/ˌɪnwˌɪɡˈiʎʊ/,null*/wˈɪrɡɪnɛ/,null*/wˌɪrɡˈɑːnʊ/,null*/wˈɪrɪdɑ/,null*/wˈɪrɪdɛ/,null*/wˌɪrtˈuːtɛ/,null*/wˌɪsɪtˈɒːnju/,null*/wˈɪstʊlʊ/,null*/wˈɪskʊ/,null*/wˈɪt͡ʃjʊ/,null*/wˌɪtˈʊʎɑ/,null{ABSENT},null*/wˌɪttˈʊlɑ/,null*/wˌiwˈɒnju/,null*/wˈɒlɑ/,null*/wˈɒlpʊlʊ/,null*/wˌʊlʊntˈɑːtɛ/,null*/wˈɒmɪ/,null*/wˌʊlnɛrˈɑːtɑ/
R45,,,,,,,,,,,,,,,,,,,,,,,,,,,,,,,,,,,,,,,,,,,,,,,,,,,,,,,,,,,,,,,,,,,,,,*/brˈøːtɑskɑ/,*/brˈøːskɑ/,*/brˈyːmɑ/,,,,,,,,,,,,,,,,*/dˌeːβʊtˈyːrɑ/,,,,,,,,,,,,,,,,,,,,,*/dˌʊlˈøːrɛ/,,,,,,,,,,,,,,,,,,,,,,,,,,,,,,,,,,,,,,*/ˌɛstrˈyːdu/,,,,,,,,,,,,,,,,,,,,,,,,,*/fˌɑktˈyːrɑ/,,,,,,,,,,,,,,,,,,,,,,,,,,,,,,,,,,,,,,,*/fˌʊrtˈyːnɑ/,,,,,,,,,,,,*/frˈyːktʊ/,,,,,,,,,,,,,,,,,,,,,,*/ɡeˈœːrɡiu/,,,,,,,,,,,,,,,,,,,,,,,,,*/hˈøːrɑ/,,,,*/ɟˌɛjyːnˈɒːnju/,,,,,,,,,,,,,,,*/ˌɪmmˈyːnɛ/,,,,,,,,,,,,,,,,,,,,,,,,,,,,,,,,,,,,,,,,,,,,,*/ɟˌyːdɪkˈɒːnju/,*/ɟˌyːdɪkˈɑːtɑ/,*/ɟˈyːdikjʊ/,*/ɟˌyːnktˈyːrɑ/,*/ɟˈyːnktʊ/,*/ɟˌyːrˈɒːnju/,,,,,,,,,,,,,,,,,,,,,,,,,,,,,,,,,,,,,,,,,,,,,,,,,,,,,,,,,,,,,,,,,,,,,,,,,,,,,,,,,*/klˌɑwɪtˈyːrɑ/,*/klˌɑwrˈyːlɑ/,*/kˌɑwsˈyːrɑ/,*/klˌɑwsˈyːrɑ/,,,,,,,,,,,*/kˌʊllˌyːktˈɒːnju/,,,,,,,,,,,,,,,,,,,,,,,,,,,,,,,*/kˌupɛrtˈyːrɑ/,,,,,,,,,,,,,,,,,,,*/krˌɛɑːtˈyːrɑ/,,,,,,,,,,,,,,,,,,,,,,,,,,*/kˌyːrˈɒːnju/,,,,,,,,,,,,,,,*/lˌɑbøːrˈɒːɲu/,,,,,,,*/lˌɑŋɡʷˈøːrjɑ/,*/lˌɑŋɡʷˈøːrɛ/,,,,,,,,*/lˌɑwɑːtˈyːrɑ/,,,,,,,,,,,,,,*/lˌɪɡɑːtˈyːrɑ/,,,,,,,*/lˌɪppɪtˈyːrɑ/,,,*/lˌyːdˈɒnju/,,,,,,,,,*/lˈyːstrʊ/,,,,,,,,,,,,,,,,,,,,,,,,,,,,*/mˌɑrɛlˈyːkjʊ/,,,,,,*/mˌɑrryːkˌinˈeːtʊ/,,,,,*/mˌɑrˈyːnʊ/,,,,,,,,,,,,,*/mˌɛnsˈøːrɑ/,,,,,,,,,,,,,,,,,,,,,,,,,,,,*/mˈyːkʊ/,,,*/mˈyːlʊ/,,*/mˈyːrʊ/,,,,*/mˈyːskʊ/,,,,,*/nˌɑːtˈyːrɑ/,,,,*/nˈøːdʊ/,*/nˈøːdʊlʊ/,,,,,,,,,,,,,,,,,*/ˈøːrbʊ/,,,,,,,*/ˈøːtʊ/,*/ˈøːwɑːt͡ʃjɑ/,*/ˈøːwɑ/,,*/pˌɑdˈyːlɛ/,,,,*/pˌɑɡɑːtˈyːrɑ/,,,,,,,,,,,,,,,,,,,,*/pˌɑstyːrˈɑːkʊ/,,,,,,,,,,,,,,,,*/pˌerhˈøːrɑ/,,,,,,,,,,,,,,,,,,,,,,,,,,,,,,,,,,*/plˈøːpʊ/,,,,,,,,,,,,,,,,,,,,,,,,,,,,,,,,,,,,,,,,,,,,,,,,,,,,,,,,,,,,,,,,,,,,,,,,,,,,,,*/rˌøːsˈɑːʎɑ/,,,,,,,,,,,*/rˈyːtɑ/,,,,,,,,,,,,,,,,,,,,,,,,,,,,,,,,,,,,,,,,,,,,,,,,*/sˌɛrwitˈyːrɑ/,,,,,,,,*/sˌɪmɪlɑtˈyːrɑ/,,,,,,,,,,,,*/ˌɛsklˈøːppʊ/,,,*/skˈøːpɑ/,,*/skˈøːrjɑ/,,,,,*/skˈyːtʊ/,,,,,,,,,,,,,,,,,,,,,,,,,,,,,,,,,,,,,,,,,,,,,,,,,,,,,,,,,,,,,,,,,,,,*/tˌɛrrɛmˈøːtʊ/,,,,,*/tˌɪmˈøːrɛ/,,,,,,,,,,,,,,,,,,,,,,,,,,*/trˌyːdɪkʊlˈinju/,,,,,,,,,,,,,,,,,,,,,*/ˌyːnktˈyːrɑ/,,,,,,,,,,*/wˌɑlˈøːrɑ/,,,,,,,,,,,,,,,,,,,,,,,,,,,,,,,,,,*/wˌɪrtˈyːtɛ/,,,,,,,,,,,,,
R46,,,,,,,,,,,,,,,,,,,,,,,,,,,,,,,,,,,,,,,,,,,,,,,,,,,,,,,,,,,,,,,,,,,,,,,,,,,,,,,,,,,,,,,,,,,,,,,,,,,,,,,,,,*/dˌɪskʷˌʏrɪtˈɒːnju/,,,,,,,,,,,,,,,,,,,,,,,,,,,,,,,,,,,,,,,,,,,,,,,,,,,,,,,,,,,,,,,,,,,,,,,,,,,,,,,,,,,,,,,,,,,,,,,,,,,,,,,,,,,,,,,,,,,,,,,,,,,,,,,,,,,,,,,,,,,,,,,,,,,,,,,,,,,,,,,,,,,,,,,,,,,,,,,,,,,,,,,,,,,,,,,,,,,,,,,,,,,,,,,,,,,,,,,,,,,,,,,,,,,,,,,,,,,,,,,,,,,,,,,,,,,,,,,,,,,,,,,,,,,,,,,,,,,,,,,,,,,,,,,,,,,,,,,,,,,,,,,,,,,,,,,,,,,,,,,,,,,,,,,,,,,,,,,,,,,,,,,,,,,,,,,,,,,,,,,,,,,,,,,,,,,,,,,,,,,,,,,,,,,,,,,,,,,,,,,,,,,,,,,,*/kʷˈɒdrʊ/,,,*/kʷˈɒrtɑ/,*/kʷˈɒrtʊ/,,*/kʷˌy/,,*/kʷˈys/,,,,,,,,,,,,,,,,,,,,,,,,,,,,,,,,,,,,,,,,,,,,,,,,,,,,,,,,,,,,,,,,,,,,,,,,,,,,,,,,,,,,,,,,,,,,,,,,,,,,,,,,,,,,,,,,,,,,,,,,,,,,,,,,,,,,,,,,,,,,,,,,,,,,,,,,,,,,,,,,,,,,,,,,,,,,,,,,,,,,,,,,,,,,,,,,,,,,,,,,,,,,,,,,,,,,,,,,,,,,,,,,,,,,,,,,,,,,,,,,,,,,,,,,,,,,,,,,,,,,,,,,,,,,,,,,,,,,,,,,,,,,,,,,,,,,,,,,,,,,,,,,,,,,,,,,,,,,,,,,,,,,,,,,,,,,,,,,,,,,,,,,,,,,,,,,,,,,,,,,,,,,,,,,,,,,,,,,,,,,,,,,,,,,,,,,,,,,,,,,,,,,,,,,,,,,,,,,,,,,,,,,,,,,,,,,,,,,,,,,,,,,,,,,,,,,,,,,,,,,,,,,,,,,,,,,,,,,,,,,,,,,,,,,,,,,,,,,,,,,,,,,,,,,,,,,,,,,,,,,,,,,,,,,,,,,,,,,,,,,,,,,,,,,,,,,,,,,,,,,,,,,,,,,,,,,,,,,,,,,,,,,,,,,,,,,,,,,,
R47,,,,,,,,,,,,,,,,,,,,,,,,,,,,,,,,,,,,,,,,,,,,,,,,,,,,,,,,,,,,,,,,,,,,,,,,,,,,,,,,,,,,,,,,,,,,,,,,,,,,,,,,,,,,,,,,,,,,,,,,,,,,,,,,,*/ˌɛskˌɑmbˈɒːjnju/,,,,,,,,,,,,,,,,,,,,,,,,,,,,,,,,*/ˌeːwɪˈɒːjɲu/,,,,,,,*/fˌɑˈɒːjɲu/,,,,,,,,,,,,,,,,,,,,,,,,,,,,,,,,,,,,,,,,,,,,,,,,,,,,,,,,,,,,,,,,,,,,,,,,,,,,,,,,,,,,,,,,,,,,,,,,,,,,,,,,,,,,,,,,,,,,,,,,,,,,,,,,,,,,,,,,,,,,,,,,,,,,,,,,,,,,,,,,,,,,,,,,,,,,,,,,,,,,,,,*/kˌɑmbˈɒːjnju/,,,,,,,,,,,,,,,,,,,,,,,,,,,,,,,,,,,,,,,,,,,,,,,,,,,,,,,,,,,,,,,,,,,,,,,,,,,,,,,,,,,,,,,,,,,,,,,,,,,,,,,,,,,,,,,,,,,,,,,,,,,,,,,,,,,,,,,,,,,,,,,,,,,,,,,,,,,,,,,,,,,,,,,,,,,,,,,,,,,,,,,,,,,,,,,,,,,,,,,,,,,,,,,,,,,,,,,,,,,,,,,,,,,,,,,,,,,,,,,,,,,,,,,,,,,,,,,,,,,,,,,,,,,,,,,,,,,,,,,,,,,,,,,,,,,,,,,,,,,,,,,,,,,,,,,,,,,,,,,,,,,,,,,,,,,,,,,,,,,,,,,,,,,,,,,,,,,,,,,,,,,,,,,,,,,,,,,,,,,,,,,,,,,,,,,,,,,,,,,,,,,,,,,,,,,,,,,,,,,,,,,,,,,,,,,,,,,,,,,,,,,,,,,,,,,,,,,,,,,,,,,,,,,,,,,,,,,,,,,,,,,,,,,,,,,,,,,,,,,,,,,,,,,,,,,,,,,,,,,,,,,,,,,,,,,,,,,,,,,,,,,,,,,,,,,,,,,,,,,,,,,,,,,,,,,,,,,,,,,,,,,,,,,,,,,,,,,,,,,,,,,,,,,,,,,,,,,,,,,,,,,,,,,,,,,,,,,,,,,,,,,,,,,,,,,,,,,,,,,,,,,,,,,,,,,,,,,,,,,,,,,,,,,,,,,,,,,,,,,,,,,,,,,,,,,,,,,,,,,*/wˌɑˈɒːjɲu/,,,,,,,,,,,,,,,,,,,,,,,,,,,,,,,,,,,,,,,,,,,,,,,,,
R48,,,,,,,,,,,,,,,,,,,,,,,,,,,,,,,,,,,,,,,,,,,,,,,,,,,,,,,,,,,*/bˌɑrˈɑtrʊ/,,,,,,,,,,,,,,,,,,,,,,,,,,,,,,,,,,,,,,,,,,,,,,,,,,,,,,,,,,,,,,,,,,,,,,,,,,*/ˌɛskˌɑtɛdrˈɒːnju/,,,,,,,,,,,,,,,,,,,,,,,,,,,,,,,,,,,,,,,,,,,,,,,,,,,,,,,,,,,,,,,,,,,,,,,,,,,,,,,,,,,,,,,,,,,,,,,,,,,,,,,,,,,,,,,,,,,,,,,,,,,,,,,,,,,,,,,,,,,,,,,,,,,,,,,,,,,,,,,,,,,,,,,,,,,,,,,,,,,*/ˌɪnkˈɒrdu/,,,,,,,,,,,,,,,,,,,,,,,,,,,,,,,,,,,,,,,,,,,,,,,,,,,*/kˈɑntɑrʊ/,,,,,,,,,,,,,,,,,,,,*/kˈɑrtɑ/,,,,,,,,,,,,,,,,,,*/kˌɛrsˈɪdrɑ/,,,,,*/kˌɪkˈɒrjɑ/,,,,,,,,,,,,,,,,,,,,,,,,,,,,,,,,,*/kˈʊnkɑ/,,,,,,,,,,,,,,,,,,,,,,,,,,,,*/kˈɒrdɑ/,,,,,,,,*/kˈɒrʊ/,,,,,,,,,,,,,,,*/krˌeːstiˈɑːnɑ/,*/krˌeːstiːnˌɑːtˈɑːle/,*/krˈiːstu/,,,,,,,,,,,,,,,,,,,,,,,,,,,,,,,,,,,,,,,,,,,*/lˌɑpˈɑtjɑ/,,,,,,,,,,,,,,,,,,,,,,,,,,,,,,,,,,,,,,,,,,,,,,,,,,,,,,,,,,,,,,,,,,,,,,,,,,,,,,,,,,,,,,,,,,,,,,,,,,,,,,,,,,,,,,,,,,,*/mˈʊnɑkʊ/,,,,,,,,,,,,,,,,,,,,,,,,,,,,,,,,,,,,,,,,,,,,,,,,,,,,,,,,,,,,,,,,,,,,,,,,,*/pˈɑskɑ/,,,,,,,,,,,,,,,,,,,,,,,,,,,,,,,,,,,,,,,,,,,,,,,,,,,,,,,,,,,,,,,,,,,,,,,,,,,,,,,,,,,,,,,,,,,,,,,,,,,,,,,,,,,,,,,,,,,,,,,,,,,,,,,,,,,,,,,,,,,,,,,,,,,,,,,,,,,,,,,,,,,,,,,,,,,,,,,,,,,,,,,,,,,,,,,,,,,,,,,,,,,,,,,,,,,*/skˈɒlɑ/,,,,,,,,,,,,,,,,,,,,,*/spˈɑtɑ/,*/spˈɑtʊlɑ/,,,,,,,,,,,,,,,,,,,,,,,,,,,,,,,,,,,,,,,,,,,,,,,,,,,,,,,,,,,,,,,,,,,,,,,,,,,,,,,,,,,,,,,,,,,,,,,,,,,,,,,,,,,,,,,,,,,,,,,,,,,,,,,,,,,,,,,,,,,,,,,,,,,,,,,,,,,,,,,,,,,
R49,,,,,,,,,,,,,,,,,,,,,,,,,,,,,,,,,,,,,,,,,,,,,,,,,,,,,,,,,,,,,,,,,,,,,,,,,,,,,,,,,,,,,,,,,,,,,,,,,,,,,,,,,,,,,,,,,,,,,,,,,,,,,,,,,,,,,,,,,,,,,,,,,,,,,*/ˌɛswɪɡɪlˈɒːnju/,,,,,,,,,,,,,,,,,,,,,,,,,,,,,,,,,,,,,,,,,,,,,,,,,,,,,,,,,,,,,,,,,,,,,,,,,,,,,,,,,,,,,,,,,,,,,,,,,,,,,,,,,,,,,,,,,,,,,,,,,,,,,,,,,,,,,,,,,,,,,,,,,,,,,,,,,,,,,,,,,,,,,,,,,,,,,,*/ˌɪntɛɡrˈɒːnjʊ/,,,,,,,,,,,,,,,,,,,,,,,,,,,,,,,,,,,,,,,,,,,,,,,,,,,,,,,,,,,,,,,,,,,,,,,,,,,,,,,,,,,,,,,,,,,,,,,,,,,,,,,,,,,,,,,,,,,,,,,,,,,,,,,,,,,,,,,,,,,,,,,,,,,,,,,,,,,,,,,,,,,,,,,,,,,,,,,,,,,,,,,,,,,,,,,,,,,,,,,,,,,,,,,,,,,,,,,,,,,,,,,,,,,,,,,,,,,,,,,,,,,,,,,,,,,,,,,,,,,,,,,,,,,,,,,,,,,,,,,,,,,,,,,,,,,,,,,,,,,,,,,,,,,,,,,,,,,,,,,,,,,,,,,,,,,,,,,,,,,,,,,,,,,,,,,,,,,,,,,,,,,,,,,,,,,,,,,,,,,,,,,,,,,,,,,,,,,,,,,,,,,,,,,,,,,,,,,,,,,,,,,*/pˌɛrwɪɡɪlˈɒːnju/,,,,,,,,,,,,,,,,,,,,,,,,,,,,,,,,,,,,,,,,,,,,,,,,,,,,,,,,,,,,,,,,,,,,,,,,,,,,,,,,,,,,,,,,,,,,,,,,,,,,,,,,,,,,,,,,,,,,,,,,,,,,,,,,,,,,,,,,,,,,,,,,,,,,,,,,,,,,,,,,,,,,,,,,,,,,,,,,,,,,,,,,,,,,,,,,,,,,,,,,,,,,,,,,,,,,,,,,,,,,,,,,,,,,,,,,,,,,,,,,,,,,,,,,,,,,,,,,,,,,,,,,,,,,,,,,,,,,,,,,,,,,,,*/trˌɑːnsɪɡˈɒnju/,,,,,,,,,,,,,,,,,,,,,,,,,,,,,,,,,,,,,,,,,,,,,,,,,,,,,,,,,,,,,,*/ɪnwɪɡˈiʎɑj/,,,,,,,*/ˌɪnwɪɡˈiʎʊ/,,,,,,,,,,,,,,,,,,
R50,,,,,,,,,,,,,,,,,,,,,,,,,,,,,,,,,,,,,,,,,,,,,,,,,,,,,,,,,,,,,,,,,,,,,,,,,,,,,,,,,,,,,,,,,,,,,,,,,,,,,,,,,,,,,,,,,,,,,,,,,,,,,,,,,,,,,,,,,,,,,,,,,,,,,,,,,,,,,,*/rˌɛwˈijlɑ/,,*/ˌeːwɑnɡˈɛjlu/,,,,,,,,,,,,,,,,,,,,,,,,,,,,,,,,,,,,,,,,,,,,,,,,,,,,,,,,,,,,,,,,,,,,,,,,,,,,,,,,,,,,,,,,,,,,,,,,,,,,,,,,,,,,,,,,,,,,,,,,,,,,,,,,,,,,,,,,,,,,,,,,,,,,,,,,,,,,,,,,,,,,,,,,,,,,,,,,,,,,,,,,,,,,,,,,,,,,,,,,,,,,,,,,,,,,,,,,,,,,,,,,,,,,,,,,,,,,,,,,,,,,,,,,,,,,,,,,,,,,,,,,,,,,,,,,,,,,,,,,,,,,,,,,,,,,,,,,,,,,,,,,,,,,,,,,,,,,,,,,,,,,,,,,,,,,,,,,,,,,,,,,,,,,,,,,,,,,,,,,,,,,,,,,,,,,,,,,,,,,,,,,,,,,,,,,,,,,,,,,,,,,,,,,,,,,,,,,,,,,,,,,,,,,,,,,,,,,,,,,,,,,,,,,,,,,,,,,,,,,,,,,,,,,,,,,,,,,,,,,,,,,,,,,,,,,,,,,,,,,,,,,,,,,,,,,,,,,,,,,,,,,,,,,,,,,,,,,,,,,,,,,,,,,,,,,,,,,,,,,,,,,,,,,,,,,,,,,,,,,,,,,,,,,,,,,,,,,,,,,,,,,,,,,,,,,,,,,,,,,,,,,,,,,,,,,,,,,,,,,,,,,,,,,,,,,,,,,,,,,,,,,,,,,,,,,,,,,,,,,,,,,,,,,,,,,,,,,,,,,,,,,,,,,,,,,,,,,,,,,,,,,,,,,,,,,,,,,,,,,,,,,,,,,,,,,,,,,,,,,,,,,,,,,,,,,,,,,,,,,,,,,,,,,,,,,,,,,,,,,,,,,,,,,,,,,,,,,,,,,,,,,,,,,,,,,,,,,,,,,,,,,,,,,,,,,,,,,,,,,,,,,,,,,,,,,,,,,,,,,,,,,,,,,,,,,,,,,,,,,,,,,,,,,,,,,,,,,,,,,,,,,,,,,,,,,,*/wˌɪɡˈijlɑj/,*/ɪnwɪɡˈijlɑj/,,,,,,,*/ˌɪnwɪɡˈijlʊ/,,,,,,,,,,,,,,,,,,
R51,,,,,,,,,,,,,,,,,,,,,,,,,,,,,,,,,,,,,,,,,,,,,,,,,,,,,,,,,,,,,,,,,,,,,,,,,,,,,,,,,,,,,,,,,,,,,,,,,,,,,,,,,,,,,,,,,,,,,,,,,,,,,,,,,,,,,,,,,,,,,,,,,,,,,,,,,,,,,,,,,,,,,,,,,,,,,,,,,,,,,,,,,,,,,,,,,,,,,,,,,,,,,,,,,,,,,,,,,,,,,,,,,,,,,,,,,,,,,,,,,,,,,,,,,,,,,,,,,,,,,,,,,,,,,,,,,,,,,,,,,,,,,,,,,,,,,,,,,,,,,,,,,,,,,,,,,,,,,,,,,,,,,,,,,,,,,,,,,,,,,,,,,,,,,,,,,,,,,,,,,,,,,,,,,,,,,,,,,,,,,,,,,,,,,,,,,,,,,,,,,,,,,,,,,,,,,,,,,,,,,,,,,,,,,,,,,,,,,,,,,,,,,,,,,,,,,*/kˌʊnsˈilːʊ/,,,,,,,,,,,,,,,,,,,,,,,,,,,,,,,,,,,,,,,,,,,,,,,,,,,,,,,,,,,,,,,,,,,,,,,,,,,,,,,,,,,,,,,,,,,,,,,,,,,,,,,*/lˈilːʊ/,,,,,,,,,,,,,,,,,,,,,,,,,,,,,,,,,,,,,,,,,,,,,,,,,,,,,,,,,,,,,,,,,,,,,,,,,,,,,,,,,,,,,,,,,,,,,,,,,,,,,,,,,,,,,,,,,,,,,,,,,,,,,,,,,,,,,,,,,,,,,,,,,,,,,,,,,,,,,,,,,,,,,,,,,,,,,,,,,,,*/pˌɛkˈʊlːʊ/,,,,,,,,,,,,,,,,,,,,,,,*/pˈilːʊ/,,,,,,,,,,,,,,,,,,,,,,,,,,,,,,,,,,,,,,,,,,,,,,,,,,,,,,,,,,,,,,,,,,,,,,,,,,,,,,,,,,,,,,,,,,,,,,,,,,,,,,,,,,,,,,,,,,,,,,,,,,,,,,,,,,,,,,,,,,,,,,,,,,,,,,,,,,,,,,,,,,,,,,,,,,,,,,,,,,,,,,,,,,,,,,,,,,,,,,,,,,,,,,,,,,,,,,,,,,,,,,,,,,,,,,,,,,,,,,,,,,,,,,,,,,,,,,,,,,,,,,,,,,,,,,,,,,,,,,*/trˌɪfˈilːʊ/,,,,,,,,,,,,,,,,,,,,,,,,,,,,,,,,,,,,,,,,,,,,,,,,,,,,,,,,,,,,,,,,,,,,,,,,,,,,,,,,,,,
R52,,,,,,,,,,,,,,,,,,,,,,,,,,,,,,,,,,,,,,,,,,,,,,,,,,,,,,,,,,,,,,,,,,,,,,,,,,,,,,,,,,,,,,,,,,,,,,,,,,,,,,,,,,,,,,,,,,,,,,,,,,,,,,,,,,,,,,,,,,,,,,,,,,,,,,,,,,,,,,,,,,,,,,,,,,,,,,,,,,,,,,,,,,,,,,,,,,,,,,,,,,,,,,,,,,,,,,,,,,,,,,,,,,,,,,,,,,,,,,,,,,,,,,,,,,,,,,,,,,,,,,,,,,,,,,,,,,,,,,,,,,,,,,,,,,,,,,,,,,,,,,,,,,,,,,,,,,,,,,,,,,,,,,,,,,,,,,,,,,,,,,,,,,,,,,,,,,,,,,,,,,,,,,,,,,,,,,,,,,,,,,,,,,,,,,,,,,,,,,,,,,,,,,,,,,,,,,,,,,,,,,,,,,,*/kˌuʎɪtˈɒːnju/,,,,,,,,,,,,,,,,,,,,,,,,,,,,,,,,,,,,,,,,,,,,,,,,,,,,,,,,,,,,,,,,,,,,,,,,,,,,,,,,,,,,,,,,,,,,,,,,,,,,,,,,,,,,,,,,,,,,,,,,,,,,,,,,,,,,,,,,,,,,,,,,,,,,,,,,,,,,,,,,,,,,,,,,,,,,,,,,,,,,,,,,,,,,,,,,,,,,,,,,,,,,,,,,,,,,,,,,,,,,,,,,,,,,,,,,,,,,,,,,,,,,,,,,,,,,,,,,,,,,,,,,,,,,,,,,,,,,,,,,,,,,,,,,,,,,,,,,,,,,,,,,,,,,,,,,,,,,,,,,,,,,,,,,,,,,,,,,,,,,,,,,,,,,,,,,,,,,,,,,,,,,,,,,,,,,,,,,,,,,,,,,,,,,,,,,,,,,,,,,,,,,,,,,,,,,,,,,,,,,,,,,,,,,,,,,,,,,,,,,,,*/sˌɑʎɪttˈɒːnju/,,,,,,,,,,,,,,,,,,,,,,,,,,,,,,,,,,,,,,,,,,,,,,,,,,,,,,,,,,,,,,,,,,,,,,,,,,,,,,,,,,,,,,,,,,,,,,,,,,,,,,,,,,,,,,,,,,,,,,,,,,,,,,,,,,,,,,,,,,,,,,,,,,,,,,,,,,,,,,,,,,,,,,,,,,,,,,,,,,,,,,,,,,,,,,,,,,,,,,,,,,,,,,,,,,,,,,,,,,,,,,,,,,,,,,,,,,,,,,,,,,,,,,,,,,
R53,,,,,,,,,,,,,,,,,,,,,,,,,,,,,,,,,,,,,,,,,,,,,,,,,,,,,,,,,,,,,,,,,,,,,,,,,,,,,,,,,,,,,,,,,,,,,,,,,,,,,,,,,,,,,,,,,,,,,,,,,,,,,,,,,,,,,,,,,,,,,,,,,,,,,,,,,,,,,,,,,,,,,,,,,,,,,,,,,,,,,,,,,,,,,,,,,,,,,,,,,,,,,,,,,,,,,,,,,,,,,,,,,,,,,,,,,,,,,,,,,,,,,,,,,,,,,,,,,,,,,,,,,,,,,,,,,,,,,,,,,,,,,,,,,,,,,,,,,,,,,,,,,,,,,,,,,,,,,,,,,,,,,,,,,,,,,,,,,,,,,,,,,,,,,,,,,,,,,,,,,,,,,,,,,,,,,,,,,,,,,,,,,,,,,,,,,,,,,,,,,,,,,,,,,,,,,,,,,,,,,,,,,,,,,,,,,,,,,,,,,,,,,,,,,,,,,,,,,,,,,,,,,,,,,,,,,,,,,,,,,,,,,,,,,,,,,,,,,,,,,,,,,,,,,,,,,,,,,,,,,,,,,,,,,,,,,,,,,,,,,,,,,,,,,,,,,,,,,,,,,,,,,,,,,,,,,,,,,,,,,,,,,,,,,,,,,,,,,,,,,,,,,,,,,,,,,,,,,,,,,,,,,,,,,,,,,,,,,,,,,,,,,,,,,,,,,,,,,,,,,,,,,,,,,,,,,,,,,,,,,,,,,,,,,,,,,,,,,,,,,,,,,,,,,,,*/pˌɑːçtˈɒːnju/,*/pˈɑçtu/,,,,,,,,,,,,,,,,,,,,,,,,,,,,,,,,,,,,,,,,,,*/pˈiçtɑ/,,,,,,,,,,,,,,,,,,,,*/plˈiçt͡ʃjʊ/,,,,,,,,,,,,,,,,,,,,,,,,,,,,,,,,,,,,,,,,*/pˈʊnçtɑ/,,,,,,,,,,,,,,,,,,,,,,,,,,,,,,,,,,,,,,,,,,,,,,,,,,,,,,,,,,,,,,,,,,,,,,,,,,,,,,,,,,,,,,,,,,,,,,,,,,,,,,,,,,,,,,,,,,,,,,,,,,,,,,,,,,,,,,,,,,,,,,,,,,,,,,,,,,,,,,,,,,,,,,,,,,,,,,,,,,,,,,,,,,,,,,,,,,,,,,,,,,,,,,,,,,,,,,,,,,,,,,,,,,,,,,,,,,,,,,,,,,,,,,,,,,,,,,,,,,,,,,,,,,,,,,,,,,,,,,,,,,,,,,,,,,,,,,,,,,,,,,,,,
R54,,,,,,,,,,,,,,,,,,,,,,,,,,,,,,,,,,,,,,,,,,,,,,,,,,,,,,,,,,,,,,,,,,,,,,,,,,,,,,,,,,,,,,,,,,,,,,,,,,,,,*/dˌirˈeːçtʊ/,,,,,,,,,,,,,,,,,,,,,,,,,,,,,,,,,,,,,,,,,,,,,,,,,,,,,,,,,,,,,,,,,,,,,,,*/fˌɑçtˈyːrɑ/,,,,,,,,,,,,,,,,,,,,,,,,,,,,,,,,,,,,,,,,,,,,,,,,,,,*/frˈyːçtʊ/,,,,,,,,,,,,,,,,,,,,,,,,,,,,,,,,,,,,,,,,,,,,,,,,,,,,,,,,,,,,,,,,,,,,,,,,,,,,*/ˌɪndˌɪreːçtˈɒːnju/,*/ˌɪndˌɪrˈeːçt͡ʃju/,,,,,,,,,,,,,,,,,,,,,,,,,,,,,,,,,,,,,,,,,,,,,,,,,,,,,,,,,,,,,,,,,,,,,,,,,,,,,,,,,,,,,,,,,,,,,,,,,,,,,,,,,,,,,,,,,,,,,,,,,,,,,,,,,,,,,,,,,,,,,,,,,,,,,,,,,,,,,,,,,,,,,,,,,,,,,,,,,,,,,,,,,,,,,,,,,,,,,,,,,,,,,,,,,,,,,,,,,,,,,,,,,,,,,,,,,,,,,,,,,,,,,,,,,,,,,,,,,,,,,,,,,,,,,,,,,,,,,,,,,,,,,,,,,,,,,,,,,,*/mˈɑnçtʊ/,,,,,,,,,,,,,,,,,,,,,,,,,,,,,,,,,,,,,,,,,,,,,,,,,,,,,,,,,,,,,,,,,,,,,,,,,,,,,,,,,,,,,,,,,,,,,,,,,,,,,,,,,,,,,,,,,,,,,,,,,,,,,,,,,,,,,,,,,,,,,,,,,,,,,,,,,,,,,,,,,,,,,,,,,,,,,,,,,,,,,,,,,,,,,,,,,,,,,,,,,,,,,,,,,,,,,,,,,,,,,,,,,,,,,,,,,,,,,,,,,,,,,,,,,,,,,,,,,,,,,,,,,,,,,,,,,,,,,,,,,,,,,,,,,,*/sˈɑːnçtʊ/,*/sˌɑnçtumˌixɑˈiːlo/,,*/sˌɑnçtuˌɑndrˈeːɑː/,,*/kˌɑlɪkɛsˈɑːnçtʊ/,*/sˌɑnçtudˌiːmˈiːtriu/,*/sˌɑnçtunˌikˈolɑːo/,,,,,,,,,,,,,,,,,,,,,,,,,,,,,,,,,,,,,,,,,,,,,,,,,,,,,,,,,,,,,,,,,,,,,,,,,,,,,,,,*/strˈɪnçtʊ/,,,,,,,,,,,,*/sˈʊçtɑ/,*/sˌʊçtˈɒːnju/,,,,,,,,,,,,,,,,,,,,,,,,,,,,,,,,,,,,,,,,,*/trˌɑçtˈɒːnju/,*/trˈɑçtɑ/,,,,,,,,,,,,,,,,,,,,,,,,,,,,,,,,,,,,,,,,,,,,,,,,,,,,,,,,,,,,,,,,,,,*/wˌɪçtˈɒrjɑ/,*/wˈiçtwɑːʎɑ/,,,,,,,,,,,,,,,,,,,,,
R55,*/ˌɑβˌɛrrˈɒːɲu/,,*/ˌɑbjˈeːŋɲɑ/,,,,*/ˌɑdˌurˈɒːɲu/,,,,*/ˌɛstɪmˈɒːɲu/,,,,,,*/ˌʊsˈʊɲɑ/,,,,,,,*/ˌɑmbʊlˈɒːɲu/,,,,,,,,,*/ˌɑŋɡʊstˈɒːɲu/,*/ˌɑntˈɒːɲʊ/,,,,,,,,*/ˌɑrmˈɒːɲu/,,,*/ˌɑrrˈiwɒːɲu/,,,,,,,,,,,,,*/bˈɑlɲɑ/,,,,,,*/bˌɛnɛdikˈɒɲu/,,*/bˌiɲˈɒːrjʊ/,,,,,,,,,,,,,,,,,*/dˌɑmnˈɒːɲu/,,*/dˌeːβʊtˈɒːɲu/,,,,*/dˌeːlˌiβɛrˈɒːɲu/,*/dˌeːkˌɑptˈɒːɲu/,*/dˌeːpˌɛnɛtrˈɒːɲu/,*/dˌeːpˌʊsɪtˈɒːɲu/,*/dˌeːrˌɑːmˈɒːɲu/,*/dˌeːsˌidɛrˈɒːɲu/,,,,*/dˌɪɡɪtˈɒːɲu/,*/dˈɪɲɑ/,*/dˌirɪɡˈɒːɲu/,,,*/dˌɪskˌɑβɑllɪkˈɒːɲu/,*/dˌɪskˌɑrrɪkˈɒːɲu/,,*/dˌɪskʷˌʏrɪtˈɒːɲu/,*/dˌɪswˌeːlˈɒːɲu/,*/mˌʊdɛstɪkˈɒːɲu/,,*/ɛdˌunˈɒːɲu/,,,,,,*/dˌʊplɪkˈɒːɲu/,,*/ˌeːdˌɪktˈɒːɲu/,,,,*/ˌɛsˌɑmpʊtˈɒːɲu/,*/ˌɛsˌɑnɪmˈɒːɲu/,,*/ˌɛsʊnʊrˈɒːɲu/,*/ˌɛsˈɪɲu/,*/ˌɛskˌɑβɑllɪkˈɒːɲu/,*/ˌɛskˌɑlˈɒːɲu/,*/ˌɛskˌɑmbˈɒːjɲu/,*/ˌɛskˌɑndˈeːɲu/,*/ˌɛskˌɑrd͡ʒjˈɒːɲu/,*/ˌɛskˌɑrptˈɒːɲu/,*/ˌɛskˌɑtɛdrˈɒːɲu/,*/ˌɛskˌɑwdɪkˈɒːɲu/,,,*/ˌɛskˌʊrtˈɒːɲu/,,,,*/ˌɛspˌɛditˈɒːɲu/,,*/ˌɛspˌɛllˈɑwɒːɲu/,*/ˌɛspˌɛrlˈɑwɒːɲu/,*/ˌɛsrˌimˈɒːɲu/,*/ˌɛstˌɛnwˈɒːɲu/,,*/ˌɛsˌʊŋɡʊlˈɒːɲu/,*/ˌɛswɪɡɪlˈɒːɲu/,,,,,,*/ˌeːrˌɑːdɪkˈɒːɲu/,,,,,,,,*/fˌɑβrɪkˈɒːɲu/,,*/fˌɑʎˈeːɲu/,*/fˌɑllˈeːɲu/,,,*/fˌɑlkˈiɲɑ/,,,,,,,,*/fˌɑːrɪnˈɒːɲu/,,,,,,,,,,,,*/fˌɪdˈɒːɲu/,,,,,,,,,*/fˌɪstʊlˈɒːɲu/,,,*/flˈɑːmɪɲɑ/,,,,*/flˌʊktʊlˈɒːɲu/,,,,,,,,,,,,,,*/frˌiɡˈɒɲu/,*/frˌiɡʊlˈɒːɲu/,*/frˌɪkˈɒːɲu/,,,,,,,,*/fˈʊskɪɲɑ/,*/fˌʊskɪɲˈɒːrjʊ/,,,,,,,,,,,*/ɡˌɛmˈɒɲu/,,,,,,,,,,,,,,,*/ɡrˌumʊlˈɒːɲʊ/,,,,,,,,,,,,*/hˌɪnnɪkʊlˈɒːɲu/,*/hˌɛrnɪdzˈɒːɲu/,,*/hˌʊrrˈeːɲu/,,,*/ɟˌɛjyːnˈɒːɲu/,,,,,*/ˌɪmpɑrˈɒːɲu/,,,,,,,,*/ˌɪmplˌɑntˈɒːɲu/,*/ˌɪmplˈɒːɲu/,,,*/ˌɪnˌɑlt͡ʃjˈɒːɲu/,,*/ˌɪnˌɑwrɪtˈɒːɲu/,,*/ˌɪndˌeːspɪkˈɒːɲu/,,*/ˌɪndˌɪkˈɒɲu/,*/ˌɪndˌɪktˈɒːɲu/,*/ˌɪndˌɪreːçtˈɒːɲu/,,,*/ˌɪnfˌɑskjˈɒːɲu/,,*/ˌɪŋɡɑnɲˈeːɲu/,,,*/ˌɪnkˌɑβɑllɪkˈɒːɲu/,*/ˌɪnkˌɑrrɪkˈɒːɲu/,*/ˌɪnkˌɑwsɪnˈɒːɲu/,*/ˌɪnkʊɲˌirˈɒːɲu/,*/ˌɪnkˌʊnsulˈɒːɲu/,,,,*/ˌɪnkˌʊɲˈɒːɲu/,,,,*/ɪnpˌɛnsˈɒːɲu/,*/ˌɪnsˈɪɲɑ/,,*/ˌɪntˌɛllɪɡˈɒɲu/,*/ˌɪntɛɡrˈɒːɲʊ/,,*/ˌɪntɪɲˈɒɲu/,,,*/ˌɪnwˌɪd͡ʒjˈɒːɲu/,*/wˌitˈɒːɲu/,*/ˌɪnwˌɪt͡ʃjˈɒːɲu/,,,,*/ɟˌyːdɪkˈɒːɲu/,,,,,*/ɟˌyːrˈɒːɲu/,,,,,,,,,,,,*/kˌɑmbˈɒːjɲu/,,,,,,,,,,,*/kˌɑntˈɒːɲu/,,,,,,,*/kˌɑpɪssˈɒɲu/,,,,,,,,,*/kˌɑrmɪɲˈɒːɲu/,,,*/kˌɑrrˌikʊlˈɒːɲu/,,,,*/kˌɑstˈɑɲɑ/,,,,,,,,,*/kˌɛntrˈɒːɲu/,,,,,,,,*/kˌɛrtˈɒːɲu/,*/kjˈɒːɲu/,,,,,,,*/kˌɪrkˈɒːɲu/,,,,,,*/klˌɑːmˈɒːɲu/,*/klˌɑːrˈɒːɲu/,,,,,,,,,*/kˌʊˌeːmptˈɒːɲu/,*/kˌuʎɪtˈɒːɲu/,,,*/kˌʊˈiɲu/,*/kˌʊlˈɒːɲu/,,*/kˌʊllˌʊkt͡ʃjˈɒːɲu/,*/kˌʊllˌyːktˈɒːɲu/,*/kˌʊllˌimɪtˈɒːɲu/,,,,,,,,,,,,*/kˌʊmmʊnikˈɒːɲu/,,*/kˌʊmpˌʊtˈɒːɲu/,*/kˌʊmpˌʊtˈɒːɲu/,,*/kˌʊnfˈiɲʊ/,,*/kˌʊnskrˌɪptˈɒːɲu/,,*/kˌʊnstˈɒːɲu/,,*/kˌʊntˌɛntˈɒːɲu/,,,,,*/kˌʊnwˌɛntˈɒːɲu/,,,,,,,,,,,,,,,,*/kˌʊtˈɒːɲʊ/,*/kˌʊttɪdzˈɒːɲu/,,*/krˌɛˈɒːɲu/,,,,,,,,,,,,,,,,,,,,,,,*/kˈʊɲʊ/,*/kˌʊɲˈɒːɲu/,*/kˌʊnktˈɒːɲu/,,,*/kˌyːrˈɒːɲu/,*/kˌʊrt͡ʃjˈɒːɲu/,,,,*/kʷˌɛrˈɒɲu/,,,,,,,,,,,,,,*/lˌɑsˈɒːɲu/,,*/lˌɑŋɡʷˈɒːɲu/,,,,,,,,,*/lˈɑwɒːɲu/,,,,,,,*/lˌɛntˈɒːɲu/,,,,,,,*/lˌiβɛrˈɒːɲu/,,,,,*/lˌimˈɒːɲu/,,*/lˈiɲɑ/,,,,*/lˌyːdˈɒɲu/,,,,*/lˌʊktˈɒːɲu/,,,,,,,,*/mˌɑɡɪstɛrˈɒːɲu/,,,,*/mˌɑlʊdikˈɒɲu/,,,,,*/mˌɑlɪt͡ʃjˈɒːɲu/,*/mˌɑlˌɑŋɡˈɛɲu/,,,,*/mˌɑnɪkˈɒːɲu/,*/mˌɑnɪpʊlˈɒːɲu/,*/mˈɑnɲɑ/,,,*/mˌɑnkˈɒːɲu/,,*/mˈɑɲtʊ/,,,,,*/mˌɑːritˈɒːɲu/,*/mˌɑːritˈɒːɲu/,,,,,,,,,,,,*/mˌɑstɪkˈɒːɲu/,,,,,*/mˌɛdɪkˈɒːɲu/,,,*/mˌɛdɪtˈɒːɲu/,,,,,*/mˌɛrid͡ʒjˈɒːɲu/,,*/mˌɛrɡˈɒɲu/,,,*/mˌɛrʊlˈɑːɲɑ/,,*/mˌɪɡrˈɒːɲu/,,*/mˌɪnɪstrˈɒːɲu/,,,*/mˌirˈɒːɲu/,,,,,,,,,,,,,,,*/mˌʊlkˈɒːɲu/,,*/mˌʊrmʊrˈɒːɲu/,,,*/mˌʊskˈɒɲɑ/,,,,*/mˌɪrikˈiɲɑ/,,,,,,,,,*/nˌɛmːɪnˈɒːɲu/,,*/nˌɒtˈɒːɲu/,,,*/nˌʊmɛrˈɒːɲu/,,,,,,,,,,*/ˌurˈɒːɲu/,,*/ˌʊrdɪnˈɒːɲu/,,,,,*/ˌuskɪtˈɒːɲu/,,,,*/pˌɑːβʊlˈɒːɲu/,,*/pˌɛnɪtˈeːɲu/,,,,,,,,,*/pˌɑːçtˈɒːɲu/,,,,,,*/pˌɑrˈɒːɲu/,*/pˌɑrˈɒːɲu/,*/pˌɑrɛntˈɒːɲu/,,,,,,,*/pˌɑt͡ʃjˈɒːɲu/,,,,*/pˌɑwlˈɒɲu/,,,,,,,*/pˌeːnsˈɒːɲu/,,,,,*/pˌɛrˌɪndʊlˈeːɲu/,*/ˌɪndˌʊlˈeːɲu/,*/pˌɛrpˌɑrˈɒːɲu/,*/pˌɛrpˌɑrˈɒːɲu/,*/pˌɛrwɪɡɪlˈɒːɲu/,*/pˌɛssɪkˈɒːɲu/,,,,,,*/pˌɪɡrɪtˈɒːɲu/,,,,,,,,,,,,,,,,*/plˌɑkˈɛɲu/,,,,,,,,,,,,,,,,,,,*/pˌʊsˈɒːɲu/,,,*/pˌʊtɛstˈɒːɲu/,,,,,*/prˌɛdˈɒːɲu/,*/prˌɛˈiɲu/,,,,,,*/prˌɒːˈiβɒːɲu/,,*/prˌɒsɪmˈɒːɲu/,*/prˌeːmːˌɪttˈɒɲu/,,,,,,,,*/pˈʊɲtɑ/,,,,,*/rˌɑdˈɒːɲu/,,,,,,,,,,,,,*/rˌɛfˈɛrɲu/,,,,,*/rˌɛnidˈeːɲu/,,*/rˌɛsˌʊrɡˈɒɲu/,,,,*/rˌɪɡˈɒːɲu/,,*/rˌimˈɒːɲu/,,,,,,,,,*/rˌɒːsʊpˈɒːɲɑ/,,,,,*/rˌʊnkˈɒːɲu/,,,*/rˌʊmpˈɛɲu/,,,,,,*/sˌɛttˈɒːɲu/,*/sˌɑʎɪttˈɒːɲu/,,,*/sˌɑkrˈɒːɲu/,,,,,,*/sˌɑlˈiɲu/,*/sˌɑlwˈɒːɲu/,,,*/sˌɑːnˈɒːɲu/,,,*/sˌɑŋɡʷʊɲˈɑːtɑ/,*/sˌʊɲɪsˈʊɲɑ/,,*/sˈɑːɲtʊ/,*/sˌɑɲtumˌixɑˈiːlo/,,*/sˌɑɲtuˌɑndrˈeːɑː/,*/sˌɑɲˈɑkoβɔ/,*/kˌɑlɪkɛsˈɑːɲtʊ/,*/sˌɑɲtudˌiːmˈiːtriu/,*/sˌɑɲtunˌikˈolɑːo/,*/sˌɑppˈɒːɲu/,,,,,,,*/sˌɛkʷˈɒːɲu/,,,,,*/sˌɛrtˈɒːɲu/,*/sˌɛrwˈɪɲu/,,,,,*/sˌɪŋnˈɒːɲu/,,,,,,,,,,,,,,,,,,,,,,,,,*/skrˌiβˈɒɲu/,,,,,,,,,,,,,,,,,,,*/spˌeːrˈɒːɲu/,,,,,,,,,,,,,,,,,*/strˈɪɲtʊ/,*/strˌɪŋɡˈɒɲu/,,*/stˌʊppˈɒːɲu/,,,*/sˌeːdˈɒːɲu/,,,*/sˌʊβrˌɑwkˈɒːɲu/,,*/sˌʊffɛrˈɪɲu/,,*/sˌʊçtˈɒːɲu/,,,,,,,,*/tˌɑɪtˈɒːɲu/,,,,,,,,,,,,,,,,,*/ˌɪntˌɛstɪmˈɒːɲu/,,,,*/tˈɪɲɑ/,,,,*/tˌʊkkˈɒːɲu/,,,,,,*/trˌɑːdˈɒɲu/,,*/trˌɑçtˈɒːɲu/,,*/trˌɑːnsflˈɒːɲu/,*/trˌɑːnsɪɡˈɒɲu/,,*/trˌɑːnsmˌɛd͡ʒjˈɒːɲu/,,,,,,,*/trˌyːdɪkʊlˈiɲu/,,,,,*/tˌʊrt͡ʃjˈɒːɲu/,,,,,,,*/tˌʊrbˈɒːɲu/,*/tˌʊrbʊlˈɒːɲu/,,,,,,,*/ˌʊnkˈɒːɲu/,,,*/ˌʊrʊlˈiɲu/,,*/wˌɑɡˈɒːɲu/,,*/wˌɑlˈɛɲu/,,,,,,,,,,*/wˈɛɲu/,*/wˌɛntˌɪlˈɒːɲu/,,,,,*/wˌɛrsˈɒːɲu/,*/wˌɛskˈɒɲu/,,,,*/wˌɛstɪɡˈɒːɲu/,,,,,,,,,,,*/wˌiɲˈɑːlʊ/,,,,,,,*/wˌɪsɪtˈɒːɲu/,,,,,,,*/wˌiwˈɒɲu/,,,,,
R56,,,,,,,,,,,,,,,,,,,,,,,,,,,,,,,,,,,,,,,,,,,,,,,,,,,,,,,,,,,,,,,,,,,,,,,,,,,,,,,,,,,,,,,,,,,,,,,,,,,,,,,,,,,,,,,,,,,,,,,,,,,,,,,,,,,,,,,,,,,,,,,,,,,,,,,,,,,,,,,,,,,,,,,,,,,,,,,,,,,,,,,,,,,,,,,,,,,,,,,,,,,,,,,,,,,,,,,,,,,,,,,,,,,,,,,,,,,,,,,,,,,,,,,,,,,,,,,,,,,,,,,,,,,,,,,,,,,,,,,,,,,,,,,,,,,,,,,,,,,,,,,,,,,,,,,,,,,,,,,,,,,,,,,,,,,,,,,,,,,,,,,,,,,,,,,,,,,,,,,,,,,,,,,,,,,,,,,,,,,,,,,,,,,,,,,,,,,,,,,,*/kjˈærrʊ/,,,,,,,,,,,,*/kjˈærkʊlʊ/,*/kjˈærkʊ/,,,,,,,,,,,,,,,,,,,,,,,,,,,,,,,,,,,,,,,,,,,,,,,,,,,,,,,,,,,,,,,,,,,,,,,,,,,,,,,,,,,,,,,,,,,,,,,,,,,,,,,,,,,,,,,,,,,,,,,,,,,,,,,,,,,,,,,,,,,,,,,,,,,,,,,,,,,,,,,,,,,,,,,,,,,,,,,,,,,,,,,,,,,,,,,,,,,,,,,,,,,,,,,,,,,,,,,,,,,,,,,,,,,,,,,,,,,,,,,,,,,,,,,,,,,,,,,,,,,,,,,,,,,,,,,,,,,,,,,,,,,,,,,,,,,,,,,,,,,,,,,,,,,,,,,,,,,,,,,,,,,,,,,,,,,,,,,,,,,,,,,,,,,,,,,,,,,,,,,,,,,,,,,,,,,,,,,,,,,,,,,,,,,,,,,,,,,,,,,,,,,,,,,,,,,,,,,,,,,,,,,,,,,,,,,,,,,,,,,,,,,,,,,,,,,,,,,,,,,,,,,,,,,,,,,,,,,,,,,,,,,,,,,,,,,*/sjˈællɑ/,,,*/sjˈærrɑ/,,,,,,,,,,,,,,,,,,,,,,,,,,,,,,,,,,,,,,,,,,,,,,,,,,,,,,,,,,,,,,,,,,,,,,,,,,,,,,,,,,,,,,,,,,,,,,,,,,,,,,,,,,,,,,,,,,,,,,,,,,,,,,,,,,,,,,,,,,,,,,,,,,,,,,,,,,,,,,,,,,,,,,,,,,,,,,,,,,,,,,,,,,,,,,,,,,,,,,,,,,,,,,,,,,,,
R57,,,,,,,,,,,,,,,,,,,,,,,,,,,,,,,,,,,,,,,,,,,,,,,,,,,,,,,,,,,,,,,,,,,,,,,,,,,,,,,,,,,,,,,,,,,,,,,,,,,,,,,,,,,,,,,,,,,,,,,,,,,,,,,,,,,,,,,,,,,,,,,,,,,,,,,,,,,,,,,,,,,,,,,,,,,,,,,,,,,,,,,,,,,,,,,,,,,,,,,,,,,,,,,,,,,,,,,,,,,,,,,,,,,,,,,,,,,,,,,,,,,,,,,,,,,,,,,,,,,,,,,,,,,,,,,,,,,,,,,,,,,,,,,,,,,,,,,,,,,,,,,,,,,,,,,,,,,,,,,,,,,,,,,,,,,,,,,,,,,,,,,,,,,,,,,,,,,,,,,,,,,,,,,,,,,,,,,,,,,,,,,,,,,,,,,,,,,,,,,,*/kjˈarrʊ/,,,,,,,,,,,,*/kjˈarkʊlʊ/,*/kjˈarkʊ/,,,,,,,,,,,,,,,,,,,,,,,,,,,,,,,,,,,,,,,,,,,,,,,,,,,,,,,,,,,,,,,,,,,,,,,,,,,,,,,,,,,,,,,,,,,,,,,,,,,,,,,,,,,,,,,,,,,,,,,,,,,,,,,,,,,,,,,,,,,,,,,,,,,,,,,,,,,,,,,,,,,,,,,,,,,,,,,,,,,,,,,,,,,,,,,,,,,,,,,,,,,,,,,,,,,,,,,,,,,,,,,,,,,,,,,,,,,,,,,,,,,,,,,,,,,,,,,,,,,,,,,,,,,,,,,,,,,,,,,,,,,,,,,,,,,,,,,,,,,,,,,,,,,,,,,,,,,,,,,,,,,,,,,,,,,,,,,,,,,,,,,,,,,,,,,,,,,,,,,,,,,,,,,,,,,,,,,,,,,,,,,,,,,,,,,,,,,,,,,,,,,,,,,,,,,,,,,,,,,,,,,,,,,,,,,,,,,,,,,,,,,,,,,,,,,,,,,,,,,,,,,,,,,,,,,,,,,,,,,,,,,,,,,,,,,*/sjˈallɑ/,,,*/sjˈarrɑ/,,,,,,,,,,,,,,,,,,,,,,,,,,,,,,,,,,,,,,,,,,,,,,,,,,,,,,,,,,,,,,,,,,,,,,,,,,,,,,,,,,,,,,,,,,,,,,,,,,,,,,,,,,,,,,,,,,,,,,,,,,,,,,,,,,,,,,,,,,,,,,,,,,,,,,,,,,,,,,,,,,,,,,,,,,,,,,,,,,,,,,,,,,,,,,,,,,,,,,,,,,,,,,,,,,,,
R58,,,,,,,,,,,,,,,,,,,,,,,,,,,,,,,*/ˌɑɲˈilːɑ/,,,,*/ˌɑnˈʊlːɑ/,,,,,,,,,,,,,,,,,,,,,,,,,,,,,,,,,,,,,,,,,,*/bˈʊlːɑ/,,,,,,,,,,,,,,,,,,,,,,,,,,*/dˌɪskˌɑβɑlːɪkˈɒːɲu/,,,,,,,,,,,,,,,,,,,,,,,,*/ˌɛskˌɑβɑlːɪkˈɒːɲu/,,,,,,,,,,,,,,,,*/ˌɛspˌɛlːˈɑwɒːɲu/,,,,,,,,,,,,,,,,,,,,,,,*/fˌɑlːˈeːɲu/,,,,,,,,,,,,,,,,,,,,,,,,,,,,,,,,,,,,,,,,,*/fˌurmˈɛlːɑ/,,,,,,,,,,,,,,,,,,*/fˌonːˈɑːrju/,,,,,,,,,,*/ɡˌɑlːɪnˈɑːt͡ʃjɑ/,*/ɡˈɑlːi/,,,,,,,,,,,,,,,,,,,*/ɡrˌʊˈɪlːɑ/,,,,,,*/ɡˈʊnːɑ/,,,,,,*/hˈɪnːikʊlɑ/,*/hˌɪnːɪkʊlˈɒːɲu/,,,,,,,,,,,,,,,,,,,,,,,,,,,,,,,,,,,,,,,*/ˌɪnkˌɑβɑlːɪkˈɒːɲu/,,,,,,,,,*/ˌɪnːˈɒkʷʊ/,,,,,,*/ˌɪntˌɛlːɪɡˈɒɲu/,,,,,,,,,*/ɟˌowˈɑnːɛ/,,,,,,,,,,,,,,,,,,*/kˈɑlːi/,,,,,,,,,,*/kˈɑnːɑ/,*/kˌɑnːˈɑːtɑ/,*/kˌɑnːˈeːtʊ/,,,,*/kˌɑntɪkˈɛlːʊ/,*/kˌɑppˈɛlːɑ/,,,,,,,,,,,,,,,,,,,,,*/kˌɑstˈɛlːɑ/,*/kˌɑstˈɛlːʊ/,,,,,,,,*/kˌeːpˈʊlːɑ/,,*/kˌɛrɛβˈɛlːʊ/,,,,,,,,,,,,,*/kˌɪrkˈɛlːɑ/,,,,,,,,,,,,,,,,,,,,,*/kˌʊlːˈɑːrɛ/,*/kˌʊlːˌʊkt͡ʃjˈɒːɲu/,*/kˌʊlːˌyːktˈɒːɲu/,*/kˌʊlːˌimɪtˈɒːɲu/,,,,,,,,,,,,,,,,,,,,,,,,,,,,,,,,,,,,,,,,,,,,,,,,,,,,,,,,,,,,,,,,,,,,,,,,,,,,,,,,,,,,*/kʷˌɑsˈɪlːʊ/,,,,,,,,,,,,,,,,,,,,,,,,,,,,,,,,,,,,,,,,,,,,,,,,,,,,,,,,,,,,,,,*/mˌɑlːɛt͡ʃjˈɒlɑ/,,,,,,,,,,,,,,,,,,,,,,,,,,,,,,,,,,,,,,,,,,,,,,,,,,,,,,,,,,,,,,,,,,,,,,,,,,,,,,,,,,,,,,,,*/nˈɪnːɑ/,*/nkˌɑrdˌʊlːˈikjɑ/,,,,*/nˈɒnːʊ/,,,,,,,,*/ˌʊfˈɛlːɑ/,,,,,,,,,,,,,,,,,,,,,,,,,,,,,,,,,,,,,,,,,,,,,,,,,,,,,,,,,,,,,,,,,,,,,,,,,,,,*/pˈɪnːɑ/,,,,,,,,,,,,,,,,,,,*/pˌʊlːɪkˈɒːrjʊ/,*/pˌʊlːɪkˈɑːrɛ/,,,,,,,,,,,,,,,,,,,,,,,,,,,,,,*/pˈʊlːɑ/,*/pˈʊlːʊ/,,,,,,,,,,,,,,,,,,,*/rˌɑːstˈɛlːʊ/,,,,,,,,,,,,,,,,,,,,,,,,,,,,,,,,,,,,,,,,,,,,,,,,,,,,*/sˌɑlwjˈɛlːɑ/,,,,,,,,,,,,,,,,,,,,,,,*/sjˈalːɑ/,,,,,,,,,,,,,,,,,,,,,,,,,,,,,,,,,,,,,,,,,,,,,,,,,,,,,,,,,,,,,,,,,,,,,,,,,,,,,,,,,,,,,,,,,,,,,,,,,,,,,,,,*/tˌɛrɛβˈɛlːɑ/,*/tˌɛrɛβˈɛlːɑ/,,,,,,,,,,*/tˈɪnːʊnkʊlʊ/,,,,,,,,,,,,,,,,,,,,,,,,,,,,,,,,,,,,,,,,,,,,,,,,,,,,*/wˈɑlːɛ/,,,,,,,,,,,,,,,,,,,,,,,,,,,,*/wˈilːɑ/,,,,,,,,,,,,,,,,,,,,*/wˌʊlːɛrˈɑːtɑ/
R59,,,,,,,,,,,,,,,,,,,,,,,,,,,,,,,,,,,,,,,,,,,,,,,,,,,,,,,,,,,,,,,,,,,,,,,,,,,,,,,,,,,,,,,,,,,,,,,,,,,,,,,,,,,,,,,,,,,,,,,,,,,,,,,,,,,,,,,,,,,,,,,,,,,,,,,,,,,,,,,,,*/ˌeːwɪ̊ˈɒːjɲu/,,,,,,,,,,,,,,,,,,,,,,,,,,,,,,,,,,,,,,,,,,,,,,,,,,,,,,,,,,,,,,,,,,,,,,,,,,,,,,,,,,,,,,,,,,,,,,,,,,,,,,,,,,,,,,,,,,,,,,,,,,,,,,,,,,,,,,,,,,,,,,,,,,,,,,,,,,,,,,,,,,,,,,,,,,,,,,,,,,,,,,,,,,,,,,,,,,,,,,,,,,,,,,,,,,,,,,,,,,,,,,,,,,,,,,,,,,,,,,,,,,,,,,,,,,,,,,,,,,,,,,,,,,,,,,,,,,,,,,,,,,,,,,,,,,,,,,,,,,,,,,,,,,,,,,,,,,,,,,,,,,,,,,,,,,,,,,,,,,,,,,,,,,,,,,,,,,,,,,,,,,,,,,,,,,,,,,,,,,,,,,,*/lˌɑve̊kˈɑru/,,,,,,,,,,,,,,,,,,,,,,,,,,,,,,,,,,,,,,,,,,,,,,,,,,,,,,,,,,,,,,,,,,,,,,,,,,,,,,,,,,,,,,,,,,,,,,,,,,,,,,,,,,,,,,,,,,,,,,,,,,,,,,,,,,,,,,,,,,,,,,,,,,,,,,,,,,,,,,,,,,,,,,,,,,,,,,,,,,,,,,,,,,,,,,,,,,,,,,,,,,,,,,,,,,,,,,,,,,,,,,,,,,,,,,,,,,*/pˌʊlːɪ̊kˈɒːrjʊ/,*/pˌʊlːɪ̊kˈɑːrɛ/,,,,,,,,,,,,,,,,,,,,,,,,,,,,,,,,,,,,,,,,,,,,,,,,,,,,,,,,,,,,,,,,,,,,,,,,,,,,,,,,,,,,,,,,,,,,,,,,,,,,,,,,,,,,,,,,,,,,,,,,,,,,,,,,,,,,,,,,,,,,,,,,,,,,,,,,,,,,,,,,,,,,,,,,,,,,,,,,,,,,,,,,,,,,,,,,,,,,,,,,,,,,,,,,,,,,,,,,,,,,,,,,,,,,,,,,,,,,,,,,,,,,,,,,,,,,,,,,,,,,,,,,,*/trˌumpi̊skˈɒːɲu/,,,,,,,,,,,,,,,,,,,,,,,,,,,,,,,,,,,,,,,,,*/wˌɛ̊skˈɒɲu/,,,,,,,,,,,,,,,,,,,,,,,,,,,,,,,,,,
R60,,,,,,,,,,,,,,,,,,,,,,,,,,,,,,,,,,,,,,,,,,,,,,,,,,,,,,,,,,,,,,,,,,,,,,,,,,,,,,,,,,,,,,,,,,,,,,,,,,,,,,,,,,,,,,,,,,,,,,,,,,,,,,,,,,,,,,,,,,,,,,,,,,,,,,,,,,,,,,,,,,,,,,,,,,,,,,,,,,,,,,,,,,,,,,,,,,,,,,,,,,,,,,,,,,,,,,,,,,,,,,,,,,,,,,,,,,,,,,,,,,,,,,,,,,,,,,,,,,,,,,,,,,,,,,,,,,,,,,,,,,,,,*/ˌɪmpɛ̊rˈɑːtʊ/,*/ˌimpe̊rˈɑːtor/,,,,,,,,,,,,,,,,,,,,,,,*/ˌɪnkˌɑwsɪ̊nˈɒːɲu/,,,,,,,,,,,,,,,,,,,,,,,,,,,,,,,,,,,,,,,,,,,,,,,,,,,,,,,,,,,,,,,,,,,,,,,,,,,,,,,,,,,,,,,,,,,,,,,,,,,,,,,,,,,,,,,,,,,,,,,,,,,,,,,,,,,,,,,,,,,,,,,,,,,,,,,,,,,,,,,,,,,,,,,,,,,,,,,,,,,,,,,,,,,,,,,,,,,,,,,,,,,,,,,,,,,,,,,,,,,,,,,,,,,,,,,,,,,,,,,,,,,,,,,,,,,,,,,,,,,,,,,,,,,,,,,,,,,,,,,,,,,,,,,,,,,,,,,,,,,,,,,,,,,,,,,,,,,,,,,,,,,,,,,,,,*/mˌiː̊rˈɑːkulu/,,*/mˌi̊rˈɒːɲu/,,,,,,,,,,,,,,,,,,,,,,,,,,,,,,,,,,,,,,,,,,,,,,,,,,,,,,,,,,,,,,,,,,,,,,,,,,,,,,,,,,,,,,,,,,,,,,,,,,,,,,,,,,,,,,,,,,,,,,,,,,,,,,,,,,,,,,,,,,,,,,,,,,,,,,,,,,,,,,,,,,,,,,,,,,,,,,,,,,,,,,,,,,,,,,,,,,,,,,,,,,,,,,,,,,,,,,,,,,,,,,,,,,,,,,,,,,,,,,,,,,,,,,,,,,,,,,,,,,,,,,,,,,,,,,,,,,,,,,*/sˌɪmɪ̊lˈɒːɲu/,,,,,,,,,,,,,,,,,,,,,,,,,,,,,,,,,,,,,,*/spˌɛ̊rˈɑnt͡ʃjɑ/,*/spˌeː̊rˈɒːɲu/,,,,,,,,,,,,,,,,,,,,,,,,,,,,,,,,,,,,,,,,,,,,,,,,,,,,,,,,,,,,,,,,,,,,,,,,,,,,,,,,,,,,,,,,,,,,,,,,,,,,,,,,,,,,,,,,,,,,,,,,,,,,,,,,,,,,,,,,,,,,,,,,,,,,,,,,,,,,,,,,,
R61,,,,,,,,,,,,,,,,,,,,,,,,,,,,,,,,,,,,,,,,,,,,,,,,,,,,,,,,,,,,,,,,,,,,,,,,,,,,,,,,,,,,,,,,,,,,,,,,,,,,,,,,,,,,,,,,,,,,,,,,,,,,,,,,,,,,,,,,,,,,,,,,,,,,,,,,,,,,,,,,,*/ˌeːwɪ̊ˈɒːjjɲu/,,,,,,,,,,,,,,,,,,,,,,,,,,,,,,,,,,,,,,,,,,,,,,,,,,,,,,,,,,,,,,,,,,,,,,,,,,,,,,,,,,,,,,,,,,,,,,,,,,,,,,,,,,,,,,,,,,,,,,,,,,,,*/ˌɪmpɛ̊rˈɑːjtʊ/,*/ˌimpe̊rˈɑːjtor/,,,,,,,,,,,,,,,,,,,,,,,*/ˌɪnkˌɑwsɪ̊nˈɒːjɲu/,,,,,,,,,,,,,,,,,,,,,,,,,,,,,,,,,,,,,,,,,,,,,,,,,,,,,,,,,,,,,,,,,,,,,,,,,,,,,,,,,,,,,,,,,,,,,,,,,,,,,,,,,,,,,,,,,,,,,,,,,,,,,,,,,,,,,,,,,,,,,,,,,,,,,,,,,,,,,,,,,,,,,,,,,,,,,,,,,,,,,,,,,,,,,,,,,,,,,,,,,,,,,,,,,,,,,,,,,,,,,,,,,,,,,,,,,,,*/lˌɑve̊kˈɑjru/,,,,,,,,,,,,,,,,,,,,,,,,,,,,,,,,,,,,,,,,,,,,,,,,,,,,,,,,,,,,,,,,,,,,,,,,,,,,,,,,,,,,,,,,,,,,,,,*/mˌiː̊rˈɑːjkulu/,,*/mˌi̊rˈɒːjɲu/,,,,,,,,,,,,,,,,,,,,,,,,,,,,,,,,,,,,,,,,,,,,,,,,,,,,,,,,,,,,,,,,,,,,,,,,,,,,,,,,,,,,,,,,,,,,,,,,,,,,,,,,,,,,,,,,,,,,,,,,,,,,,,,,,,,,,,,,,*/pˌʊlːɪ̊kˈɒːjrjʊ/,*/pˌʊlːɪ̊kˈɑːjrɛ/,,,,,,,,,,,,,,,,,,,,,,,,,,,,,,,,,,,,,,,,,,,,,,,,,,,,,,,,,,,,,,,,,,,,,,,,,,,,,,,,,,,,,,,,,,,,,,,,,,,,,,,,,,,,,,,,,,,,,,,,,,,,,,,,,,,,,,,,,,,,*/sˌɪmɪ̊lˈɒːjɲu/,,,,,,,,,,,,,,,,,,,,,,,,,,,,,,,,,,,,,,*/spˌɛ̊rˈɑjnt͡ʃjɑ/,*/spˌeː̊rˈɒːjɲu/,,,,,,,,,,,,,,,,,,,,,,,,,,,,,,,,,,,,,,,,,,,,,,,,,,,,,,,,,,,,,,,,,,,,,,,,,,,,,,,,,,,,,,*/trˌumpi̊skˈɒːjɲu/,,,,,,,,,,,,,,,,,,,,,,,,,,,,,,,,,,,,,,,,,*/wˌɛ̊skˈɒjɲu/,,,,,,,,,,,,,,,,,,,,,,,,,,,,,,,,,,
R62,,,,,,,,,,,,,,,,,,,,,,,,,,,,,,,,,,,,,,,,,,,,,,,,,,,,,,,,,,,,,,,,,,,,,,,,,,,,,,,,,,,,,,,,,,,,,,,,,,,,,,,,,,,,,,,,,,,,,,,,,,,,,,,,,*/ˌɛskˌɑmbˈɔjɲu/,,,,,,,,,,,,,,,,,,,,,,,,,,,,,,,,,,,,,,,,,,,,,,,,,,,,,,,,,,,,,,,,,,,,,,,,,,,,,,,,,,,,,,,,,,,,,,,,,,,,,,,,,,,,,,,,,,,,,,,,,,,,,,,,,,,,,,,,,,,,,,,,,,,,,,,,,,,,,,,,,,,,,,,,,,,,,,,,,,,,*/ˌɪnkˌɑwsɪ̊nˈɔjɲu/,,,,,,,,,,,,,,,,,,,,,,,,,,,,,,,,,,,,,,,,,,*/kˌɑmbˈɔjɲu/,,,,,,,,,,,,,,,,,,,,,,,,,,,,,,,,,,,,,,,,,,,,,,,,,,,,,,,,,,,,,,,,,,,,,,,,,,,,,,,,,,,,,,,,,,,,,,,,,,,,,,,,,,,,,,,,,,,,,,,,,,,,,,,,,,,,,,,,,,,,,,,,,,,,,,,,,,,,,,,,,,,,,,,,,,,,,,,,,,,,,,,,,,,,,,,,,,,,,,,,,,,,,,,,,,,,,,,,,,,,,,,,,,,,,,,,,,,,,,,,,,,,,,,,,,,,,,,,,,,,,,,,,,,,,,,,,,,,,,,,,,,,,,,,,,*/mˌi̊rˈɔjɲu/,,,,,,,,,,,,,,,,,,,,,,,,,,,,,,,,,,,,,,,,,,,,,,,,,,,,,,,,,,,,,,,,,,,,,,,,,,,,,,,,,,,,,,,,,,,,,,,,,,,,,,,,,,,,,,,,,,,,,,,,,,,,,,,,,,,,,,,,,,,,,,,,,,,,,,,,,,,,,,,,,,,,,,,,,,,,,,,,,,,,,,,,,,,,,,,,,,,,,,,,,,,,,,,,,,,,,,,,,,,,,,,,,,,,,,,,,,,,,,,,,,,,,,,,,,,,,,,,,,,,,,,,,,,,,,,,,,,,,,*/sˌɪmɪ̊lˈɔjɲu/,,,,,,,,,,,,,,,,,,,,,,,,,,,,,,,,,,,,,,,*/spˌeː̊rˈɔjɲu/,,,,,,,,,,,,,,,,,,,,,,,,,,,,,,,,,,,,,,,,,,,,,,,,,,,,,,,,,,,,,,,,,,,,,,,,,,,,,,,,,,,,,,,,,,,,,,,,,,,,,,,,,,,,,,,,,,,,,,,,,,,,,,,,,,,,,,,,,,,,,,,,,,,,,,,,,,,,,,,,,
R63,,,,,,,,,,,,,,,,,,,,,,,,,,,,,,,,,,,,,,,,,,,,,,,,,,,,,,,,,,,,,,,,,,,,,,,,,,,,,,,,,,,,,,,,,,,,,,,,,,,,,,,,,,,,,,,,,,,,,,,,,,,,,,,,,,,,,,,,,,,,,,,,,,,,,,,,,,,,,,,,,*/ˌeːwɪ̊ˈoe̯jɲu/,,,,,,,*/fˌɑˈoe̯ɲu/,,,,,,,,,,,,,,,,,,,,,,,,,,,,,,,,,,,,,,,,,,,,,,,,,,,,,,,,,,,,,,,,,,,,,,,,,,,,,,,,,,,,,,,,,,,,,,,,,,,,,,,,,,,,,,,,,,,,,,,,,,,,,,,,,,,,,,,,,,,,,,,,,,,,,,,,,,,,,,,,,,,,,,,,,,,,,,,,,,,,,,,,,,,,,,,,,,,,,,,,,,,,,,,,,,,,,,,,,,,,,,,,,,,,,,,,,,,,,,,,,,,,,,,,,,,,,,,,,,,,,,,,,,,,,,,,,,,,,,,,,,,,,,,,,,,,,,,,,,,,,,,,,,,,,,,,,,,,,,,,,,,,,,,,,,,,,,,,,,,,,,,,,,,,,,,,,,,,,,,,,,,,,,,,,,,,,,,,,,,,,,,,,,,,,,,,,,,,,,,,,,,,,,,,,,,,,,,,,,,,,,,,,,,,,,,,,,,,,,,,,,,,,,,,,,,,,,,,,,,,,,,,,,,,,,,,,,,,,,,,,,,,,,,,,,,,,,,,,,,,,,,,,,,,,,,,,,,,,,,,,,,,,,,,,,,,,,,,,,,,,,,,,,,,,,,,,,,,,,,,,,,,,,,,,,,,,,,,,,,,,,,,,,,,,,,,,,,,,,,,,,,,,,,,,,*/pˌʊlːɪ̊kˈoe̯rjʊ/,,,,,,,,,,,,,,,,,,,,,,,,,,,,,,,,,,,,,,,,,,,,,,,,,,,,,,,,,,,,,,,,,,,,,,,,,,,,,,,,,,,,,,,,,,,,,,,,,,,,,,,,,,,,,,,,,,,,,,,,,,,,,,,,,,,,,,,,,,,,,,,,,,,,,,,,,,,,,,,,,,,,,,,,,,,,,,,,,,,,,,,,,,,,,,,,,,,,,,,,,,,,,,,,,,,,,,,,,,,,,,,,,,,,,,,,,,,,,,,,,,,,,,,,,,,,,,,,,,,,,,,,,,*/trˌumpi̊skˈoe̯ɲu/,,,,,,,,,,,,,,,,,,,,,,,,,,*/wˌɑˈoe̯ɲu/,,,,,,,,,,,,,,,,,,,,,,,,,,,,,,,,,,,,,,,,,,,,,,,,,
R64,*/ˌɑβˌɛrrˈɒɲu/,*/ˌɑbjˈeŋnʊ/,*/ˌɑbjˈeŋɲɑ/,,,,*/ˌɑdˌurˈɒɲu/,,*/ˈɑer/,*/ˌɛrˈɑmɛ/,*/ˌɛstɪmˈɒɲu/,*/ˈɛtɑtɑ/,,*/ˌɑkˈiŋɡɛ/,,,,,*/ˌɑlbɑnˈɛnsʊ/,,,*/ˌɑltˈɑre/,,*/ˌɑmbʊlˈɒɲu/,,,,,,,,,*/ˌɑŋɡʊstˈɒɲu/,*/ˌɑntˈɒɲʊ/,,,,,*/ˌɑrˈenɑ/,,,*/ˌɑrmˈɒɲu/,*/ˌɑrmˈɑtɑ/,*/ˌɑrmˌɪssˈɒrjʊ/,*/ˌɑrrˈiwɒɲu/,,,,,,*/ˌɑwˈɛntʊ/,,,,,,,,,,*/bˌɑrˈɒnɛ/,*/bˌɑttwˈɑʎɑ/,*/bˌɑttwˈɑʎɑ/,,*/bˈest͡ʃjɑ/,*/bˌiɲˈɒrjʊ/,,*/brˈɑkɛ/,,*/brˈøtɑskɑ/,*/brˈøskɑ/,*/brˈymɑ/,*/bˌʊβʊlkˈensʊ/,,,,,,,,,,*/dˌɑmnˈɒɲu/,,*/dˌeβʊtˈɒɲu/,*/dˌeβʊtˈɒrɛ/,*/dˌeβʊtˈɒrɪt͡ʃjʊ/,*/dˌeβʊtˈyrɑ/,*/dˌelˌiβɛrˈɒɲu/,*/dˌekˌɑptˈɒɲu/,*/dˌepˌɛnɛtrˈɒɲu/,*/dˌepˌʊsɪtˈɒɲu/,*/dˌerˌɑmˈɒɲu/,*/dˌesˌidɛrˈɒɲu/,*/dˌesˌidˈɛrjɑ/,,*/d͡ʒjˈɑnɑ/,*/dˌɪɡɪtˈɒɲu/,,*/dˌirɪɡˈɒɲu/,*/dˌirˈeçtʊ/,,*/dˌɪskˌɑβɑlːɪkˈɒɲu/,*/dˌɪskˌɑrrɪkˈɒɲu/,,*/dˌɪskʷˌʏrɪtˈɒɲu/,*/dˌɪswˌelˈɒɲu/,*/mˌʊdɛstɪkˈɒɲu/,*/dˌʊlˈørɛ/,*/ɛdˌunˈɒɲu/,,*/drˌɑnkˈɒnɛ/,,,,*/dˌʊplɪkˈɒɲu/,,*/ˌedˌɪktˈɒɲu/,*/ˌɛkklˈesjɑ/,,*/ˌɛsˈɑmɪnɑ/,*/ˌɛsˌɑmpʊtˈɒɲu/,*/ˌɛsˌɑnɪmˈɒɲu/,,*/ˌɛsʊnʊrˈɒɲu/,,*/ˌɛskˌɑβɑlːɪkˈɒɲu/,*/ˌɛskˌɑlˈɒɲu/,,*/ˌɛskˌɑndˈeɲu/,*/ˌɛskˌɑrd͡ʒjˈɒɲu/,*/ˌɛskˌɑrptˈɒɲu/,*/ˌɛskˌɑtɛdrˈɒɲu/,*/ˌɛskˌɑwdɪkˈɒɲu/,,,*/ˌɛskˌʊrtˈɒɲu/,,,,*/ˌɛspˌɛditˈɒɲu/,,*/ˌɛspˌɛlːˈɑwɒɲu/,*/ˌɛspˌɛrlˈɑwɒɲu/,*/ˌɛsrˌimˈɒɲu/,*/ˌɛstˌɛnwˈɒɲu/,*/ˌɛstrˈydu/,*/ˌɛsˌʊŋɡʊlˈɒɲu/,*/ˌɛswɪɡɪlˈɒɲu/,*/ˌɛlˈɛɡiɑ/,,,,*/ˌɛpˌɪskopˈiɑ/,*/ˌerˌɑdɪkˈɒɲu/,,*/ˈerikjʊ/,,*/ˈeskɑ/,*/ˌewɑnɡˈɛjlu/,*/ˌewɪ̊ˈoe̯jɲu/,,*/fˌɑβrɪkˈɒɲu/,*/fˈɑɡʊ/,*/fˌɑʎˈeɲu/,*/fˌɑlːˈeɲu/,,,,*/fˌɑlkˈɒnɛ/,*/fˈɑkje/,*/fˌɑçtˈyrɑ/,*/fˈɑmɑ/,,,,*/fˌɑrɪnˈɒɲu/,*/fˌɑrɪnˈɑtɑ/,,,,*/fˈɑtʊ/,,*/fˌɛβrˈɒrjʊ/,*/fˈemɪnɑ/,,,,*/fˌɪdˈɒɲu/,,*/fˌiʎˈɑnʊ/,,,*/fˌɪlɪkˈetʊ/,,,,*/fˌɪstʊlˈɒɲu/,,,*/flˈɑmɪɲɑ/,,,,*/flˌʊktʊlˈɒɲu/,*/fˌʊʎˈɑtɑ/,,,,,*/fˌʊrtˈynɑ/,,*/fˌʊssˈɑtʊ/,,,,*/frˈenɑ/,*/frˈenʊ/,,*/frˌiɡʊlˈɒɲu/,*/frˌɪkˈɒɲu/,*/flˌɪktˈɑrjɑ/,*/frˈyçtʊ/,,*/fˌonːˈɑrju/,,,,,*/fˌʊskɪɲˈɒrjʊ/,,,,,*/ɡˌɑlːɪnˈɑt͡ʃjɑ/,,,,,,,,,,*/ɡeˈœrɡiu/,,,,*/ɡlˌɛmːɛrˈɑtɑ/,,,*/ɡrˈɑtʊ/,,,,*/ɡrˌumʊlˈɒɲʊ/,,,,,,,,,,,,*/hˌɪnːɪkʊlˈɒɲu/,*/hˌɛrnɪdzˈɒɲu/,*/hˈørɑ/,*/hˌʊrrˈeɲu/,*/ɟˈɒnwʊ/,,*/ɟˌɛjynˈɒɲu/,,,,,*/ˌɪmpɑrˈɒɲu/,*/ˌɪmpˌɛrɑtˈɪssɑ/,*/pˌɛrɑntˈɪssɑ/,*/ˌɪmpˌɛrˌɑtˈɒrɛ/,*/pˌɛrɑntˈɒrɛ/,*/ˌɪmpɛrˌɑtʊrˈɪssɑ/,*/ˌɪmpɛ̊rˈɑjtʊ/,*/ˌimpe̊rˈɑjtor/,*/ˌɪmplˌɑntˈɒɲu/,*/ˌɪmplˈɒɲu/,*/ˌɪmmˈynɛ/,,*/ˌɪnˌɑlt͡ʃjˈɒɲu/,,*/ˌɪnˌɑwrɪtˈɒɲu/,*/ɪnbˌʊrjˈɑnʊ/,*/ˌɪndˌespɪkˈɒɲu/,,,*/ˌɪndˌɪktˈɒɲu/,*/ˌɪndˌɪreçtˈɒɲu/,*/ˌɪndˌɪrˈeçt͡ʃju/,*/ˌɪndˌoʎˈeɲu/,*/ˌɪnfˌɑskjˈɒɲu/,,*/ˌɪŋɡɑnɲˈeɲu/,*/ˌɪŋɡrˈɑtɑ/,,*/ˌɪnkˌɑβɑlːɪkˈɒɲu/,*/ˌɪnkˌɑrrɪkˈɒɲu/,,*/ˌɪnkʊɲˌirˈɒɲu/,*/ˌɪnkˌʊnsulˈɒɲu/,,,,*/ˌɪnkˌʊɲˈɒɲu/,,,*/inpˌekkˈɑtu/,*/ɪnpˌɛnsˈɒɲu/,,,,*/ˌɪntɛɡrˈɒɲʊ/,,,*/ˌɪnwˌɛrnˈɑʎɑ/,,*/ˌɪnwˌɪd͡ʒjˈɒɲu/,*/wˌitˈɒɲu/,*/ˌɪnwˌɪt͡ʃjˈɒɲu/,,,,*/ɟˌydɪkˈɒɲu/,*/ɟˌydɪkˈɑtɑ/,*/ɟˈydikjʊ/,*/ɟˌynktˈyrɑ/,*/ɟˈynktʊ/,*/ɟˌyrˈɒɲu/,,,,*/kˌɑlɑmˈetʊ/,,,*/kˌɑlɛndˈɒrjʊ/,,*/kˌɑlkˈɑrjɑ/,,,,,*/kˌɑmpˈɑnɑ/,,,,*/kˌɑndˈelɑ/,,,*/kˌɑnːˈɑtɑ/,*/kˌɑnːˈetʊ/,*/kˌɑntˈɒɲu/,,,,,,*/kˌɑpɪssˈɑtɑ/,,,,*/kˌɑpˈɒnɛ/,,,,,,*/kˌɑrmɪɲˈɒɲu/,,,*/kˌɑrrˌikʊlˈɒɲu/,*/kˌɑrsˈɑnɑ/,,,,,,,,,,,,*/kˌɛntrˈɒɲu/,*/kˈepɑ/,*/kˌepˈʊlːɑ/,*/kˌɛrɑsjˈɒrjʊ/,,,,,*/kˌɛrtˈɒɲu/,*/kjˈɒɲu/,*/ɪnkˌikˈɑlɑ/,,,,,,*/kˌɪrkˈɒɲu/,,,,,*/kˌiwɪtˈɑtɛ/,*/klˌɑmˈɒɲu/,*/klˌɑrˈɒɲu/,*/klˈɑrtɑ/,*/klˈɑwɑnʊ/,*/klˌɑwɪtˈyrɑ/,*/klˌɑwrˈylɑ/,*/kˌɑwsˈyrɑ/,*/klˌɑwsˈyrɑ/,*/klˌemˈentɛ/,,*/kˌʊˌemptˈɒɲu/,*/kˌuʎɪtˈɒɲu/,*/kˌʊŋnˈɑtʊ/,*/kˌʊˌerˈedɛ/,,*/kˌʊlˈɒɲu/,*/kˌʊlːˈɑrɛ/,*/kˌʊlːˌʊkt͡ʃjˈɒɲu/,*/kˌʊlːˌyktˈɒɲu/,*/kˌʊlːˌimɪtˈɒɲu/,,,*/kˌʊlʊmnˈɑt͡ʃjɑ/,,,,,,,,,*/kˌʊmmʊnikˈɒɲu/,,*/kˌʊmpˌʊtˈɒɲu/,*/kˌʊmpˌʊtˈɒɲu/,,,,*/kˌʊnskrˌɪptˈɒɲu/,,*/kˌʊnstˈɒɲu/,,*/kˌʊntˌɛntˈɒɲu/,*/kˈʊntrɑ/,*/kˌʊntrˈɒrjʊ/,*/kˌʊntrɑstˈɒrjʊ/,,*/kˌʊnwˌɛntˈɒɲu/,,*/kˌupɛrtˈyrɑ/,,,,,,*/kˌʊrˈɒnɑ/,,,,,,,,*/kˌʊtˈɒɲʊ/,*/kˌʊttɪdzˈɒɲu/,*/krˈɑpʊlʊ/,*/krˌɛˈɒɲu/,*/krˌɛˈɑnt͡ʃjɑ/,*/krˌɛɑtˈyrɑ/,*/krˈetɪkʊ/,,*/krˌɪsmˈɒɲu/,,,*/krˌestiˈɑnɑ/,*/krˌestinˌɑtˈɑle/,*/krˈistu/,,,,,,,,,,,,,,*/kˌʊɲˈɒɲu/,*/kˌʊnktˈɒɲu/,,,*/kˌyrˈɒɲu/,*/kˌʊrt͡ʃjˈɒɲu/,,*/kʷˌɑdrˈesimɑ/,,,*/kʷˈɑrtɑ/,,,,,*/kʷjˈetʊ/,,,,*/lˌɑbørˈɒɲu/,*/lˌɑβrˈʊskɑ/,*/lˌɑkˈɒnɛ/,,*/lˌɑsˈɒɲu/,,*/lˌɑŋɡʷˈɒɲu/,*/lˌɑŋɡʷˈørjɑ/,*/lˌɑŋɡʷˈørɛ/,*/lˌɑnkjˈɑrjɑ/,,*/lˈɑrɡʊ/,*/lˈɑrɪdʊ/,,,*/lˈɑwɒɲu/,*/lˌɑwɑtˈyrɑ/,,,,,*/lˈeɡɛ/,*/lˌɛntˈɒɲu/,*/ʎˈɒnɛ/,,*/lˈɛpʊʎe/,,,,*/lˌiβɛrˈɒɲu/,*/lˌɪɡɑtˈyrɑ/,,,,*/lˌimˈɒɲu/,,,*/lˌɪppɪtˈyrɑ/,,,*/lˌydˈɒɲu/,,,,*/lˌʊktˈɒɲu/,,,*/lˌʊpɛkkˈɑtʊ/,,*/lˈystrʊ/,,,*/mˌɑɡɪstɛrˈɒɲu/,,*/mˌɑjˈɑrjɑ/,*/mˈɑjʊ/,,,,*/mˌɑlˈetʊ/,,*/mˌɑlɪt͡ʃjˈɒɲu/,,,,,*/mˌɑnɪkˈɒɲu/,*/mˌɑnɪpʊlˈɒɲu/,,,,*/mˌɑnkˈɒɲu/,,,,*/mˌɑrˈiɑ/,,*/mˌɑrɛlˈykjʊ/,*/mˌɑritˈɒɲu/,*/mˌɑritˈɒɲu/,*/mˌɑritˈɑt͡ʃjɑ/,,,*/mˌɑrrykˌinˈetʊ/,*/mˈɑrtɛ/,*/mˌɑrtˈinʊ/,*/mˈɑrt͡ʃjʊ/,,*/mˌɑrˈynʊ/,,,*/mˌɑstɪkˈɒɲu/,,,*/mˌɑtrˈikʊlɑ/,,*/mˌɛdɪkˈɒɲu/,,,*/mˌɛdɪtˈɒɲu/,,*/mˌɛnsˈørɑ/,,,*/mˌɛrid͡ʒjˈɒɲu/,,,*/mˌɛrkˈɑrju/,,*/mˌɛrʊlˈɑɲɑ/,,*/mˌɪɡrˈɒɲu/,,*/mˌɪnɪstrˈɒɲu/,*/mˌi̊rˈɑjkulu/,*/mˌirˌɑkulˈɒɲu/,,,*/mˌɪsɛrˈɑri/,,,,*/mˌʊlˈɑrɛ/,,*/mˌemːˈɛntʊ/,,,*/mˌʊrtˈɑʎɑ/,,*/mˈykʊ/,,*/mˌʊlkˈɒɲu/,*/mˈylʊ/,*/mˌʊrmʊrˈɒɲu/,*/mˈyrʊ/,*/mˌʊskɛlˈɒrjʊ/,,,*/mˈyskʊ/,,,,,*/nˌɑtˈyrɑ/,,,,*/nˈødʊ/,*/nˈødʊlʊ/,*/nˌɛmːɪnˈɒɲu/,,*/nˌɒtˈɒɲu/,,,*/nˌʊmɛrˈɒɲu/,,,,,,,,*/ˌʊlˈiwɑnʊ/,,*/ˌurˈɒɲu/,*/ˈørbʊ/,*/ˌʊrdɪnˈɒɲu/,*/ˌʊrdɪnˈɑtɑ/,,,,*/ˌuskɪtˈɒɲu/,*/ˈøtʊ/,*/ˈøwɑt͡ʃjɑ/,*/ˈøwɑ/,*/pˌɑβʊlˈɒɲu/,*/pˌɑdˈylɛ/,*/pˌɛnɪtˈeɲu/,,*/pˌɑɡˈɑnɑ/,*/pˌɑɡɑtˈyrɑ/,,*/pˈɑlɑ/,,,*/pˈɑkɛ/,*/pˌɑçtˈɒɲu/,,*/pˌɑlˈɑt͡ʃjʊ/,*/pˈɑr/,,,*/pˌɑrˈɒɲu/,*/pˌɑrˈɒɲu/,*/pˌɑrɛntˈɒɲu/,,,,,,*/pˌɑstyrˈɑkʊ/,*/pˌɑt͡ʃjˈɒɲu/,,,,,*/pˌɑwʊlˈɒnɛ/,,,,,*/pˈensɑ/,*/pˌensˈɒɲu/,,,,*/pˌerhˈørɑ/,*/pˌɛrˌɪndʊlˈeɲu/,*/ˌɪndˌʊlˈeɲu/,*/pˌɛrpˌɑrˈɒɲu/,*/pˌɛrpˌɑrˈɒɲu/,*/pˌɛrwɪɡɪlˈɒɲu/,*/pˌɛssɪkˈɒɲu/,,,,,,*/pˌɪɡrɪtˈɒɲu/,,,,,,,,,,*/bˌɪstˈɑʎɑ/,*/pˌɪstˈɑrjɑ/,,,,*/plˈɑɡɑ/,,,,,,,*/plˈøpʊ/,,,,*/pˌʊlːɪ̊kˈɑjrɛ/,*/pˈemːɑ/,,,,,,,,*/pˌʊsˈɒɲu/,,,*/pˌʊtɛstˈɒɲu/,*/pˌʊtɛstˈɑtɛ/,,,,*/prˌɛdˈɒɲu/,,,*/prˌimɑwˈerɑ/,,,,*/prˌɒˈiβɒɲu/,,*/prˌɒsɪmˈɒɲu/,*/prˌemːˌɪttˈɒɲu/,,,,,,,,,,,*/pˌʊttˈɑnɑ/,,*/rˌɑdˈɒɲu/,,*/rˌɑdˈikɑ/,*/rˌɑdˈikʊlɑ/,*/rˈɑmi/,*/rˈɑpɑ/,*/rˈɑpi/,*/rˈɑpʊ/,*/rˈɑrʊ/,,*/rˌɑstˈɛlːʊ/,*/ˌɑdrˌɑt͡ʃjˈɒnɛ/,*/rˈeβɑ/,,,*/rˈeɡʊlʊ/,*/kˈɒsjʊ/,*/rˈemʊ/,*/rˌɛnidˈeɲu/,*/rˌesˈinɑ/,,*/rˈetɛ/,*/rˈestɛ/,*/rˈetɪnɑ/,*/rˌɪɡˈɒɲu/,,*/rˌimˈɒɲu/,,,,*/rˌemːˈɑnʊ/,,,,*/rˌøsˈɑʎɑ/,*/rˌɒsʊpˈɒɲɑ/,,,,*/rˌynˈɒɲu/,*/rˌʊnkˈɒɲu/,,,,,*/rˈytɑ/,,,,*/sˌɛttˈɒɲu/,*/sˌɑʎɪttˈɒɲu/,,,*/sˌɑkrˈɒɲu/,,,,*/sˌɑlɪkˈetʊ/,,,*/sˌɑlwˈɒɲu/,*/sˌɑlwˈɑnt͡ʃjɑ/,,*/sˌɑnˈɒɲu/,*/sˌɑnɪtˈɑtɛ/,,*/sˌɑŋɡʷʊɲˈɑtɑ/,,,*/sˈɑɲtʊ/,*/sˌɑɲtumˌixɑˈilo/,,*/sˌɑɲtuˌɑndrˈeɑ/,,*/kˌɑlɪkɛsˈɑɲtʊ/,*/sˌɑɲtudˌimˈitriu/,*/sˌɑɲtunˌikˈolɑo/,*/sˌɑppˈɒɲu/,,,*/sˌɑlɪkɪnˈɒrjʊ/,,,*/sˌɛkrˈetʊ/,*/sˌɛkʷˈɒɲu/,,,,,*/sˌɛrtˈɒɲu/,,,,*/sˌɛrwitˈyrɑ/,,*/sˌɪŋnˈɒɲu/,,,,,,*/sˌɪmɪlɑtˈyrɑ/,,,,,*/skˈɑlɑ/,,,,,,,*/ˌɛsklˈøppʊ/,,,*/skˈøpɑ/,,*/skˈørjɑ/,,,,,*/skˈytʊ/,*/skʷˈɑtʊ/,,,,,,*/sˌulˈɑnʊ/,,,,,,,,,*/spˌe̊rˈɔjɲu/,,,,,,,,,,*/stˈɑti/,*/stˈɑtʊ/,*/stˌɛrnˈɑkʊ/,,,*/strˈɑtʊ/,,,,,*/stˌʊppˈɒɲu/,,*/swˌɑwˈiʎɑ/,*/sˌedˈɒɲu/,*/sˌʊβlˈɑtɑ/,,*/sˌʊβrˌɑwkˈɒɲu/,*/sˌʊbtɛrrˌɑnˈiɑ/,,,*/sˌʊçtˈɒɲu/,,*/sˌʊpɛrkˌɑdˈɑlɛ/,,,,,*/tˈɑktʊ/,*/tˌɑɪtˈɒɲu/,*/tˈɑʎɑ/,,,,,,,*/tˈeɡʊlɑ/,,,,,,*/tˌɛrrɛmˈøtʊ/,*/tˌɛrrˈɑtɪkʊ/,,*/ˌɪntˌɛstɪmˈɒɲu/,*/tˌimˈɒnɛ/,*/tˌɪmˈørɛ/,,,,,,*/tˌʊkkˈɒɲu/,,,,,,*/trˌɑdˈɒɲu/,,*/trˌɑçtˈɒɲu/,,*/trˌɑnsflˈɒɲu/,*/trˌɑnsɪɡˈɒɲu/,,*/trˌɑnsmˌɛd͡ʒjˈɒɲu/,,,,*/trˌimensˈɑnɑ/,,,*/trˌydɪkʊlˈiɲu/,,,,,*/tˌʊrt͡ʃjˈɒɲu/,,,,,,,*/tˌʊrbˈɒɲu/,*/tˌʊrbʊlˈɒɲu/,,,,,,,*/ˌʊnkˈɒɲu/,*/ˌynktˈyrɑ/,,,,*/wˌɑɡˈɒɲu/,,,*/wˌɑʎˈeɲu/,,,*/wˌɑlˈørɑ/,,*/wˌelˈɑt͡ʃjɑ/,*/wˈelʊ/,*/wˌɛnˈenɑ/,*/wˌɛnˈenʊ/,,*/wˌɛntˌɪlˈɒɲu/,*/wˈerɑ/,*/wˌerɪtˈɑtɛ/,,,*/wˌɛrsˈɒɲu/,,*/wˈeskʊ/,*/wˌessˈikɑ/,*/ˌɪnwˌessˈikɑ/,*/wˌɛstɪɡˈɒɲu/,,,,,,,,,*/wˈiçtwɑʎɑ/,,*/wˌiɲˈɑlʊ/,,,*/wˌɪrɡˈɑnʊ/,,,*/wˌɪrtˈytɛ/,*/wˌɪsɪtˈɒɲu/,,,,,,,,,,*/wˌʊlʊntˈɑtɛ/,,*/wˌʊlːɛrˈɑtɑ/
R65,,,,,,,,,,,,,,,,,,,,,,,,,,,,,,,,,,,,,,,,,,,,,,,,,,,,,,,,,,,,,,,,,,,,,,,,,,,,,,,,,,,,,,,,,,,,,,,,,,,,,,,,,,,,,,,,,,,,,,,,,,,,,,,,,,,,,,,,,,,,,,,,,,,,,,,,,,,,,,,,,*/ˌewɪˈoe̯jɲu/,,,,,,,,,,,,,,,,,,,,,,,,,,,,,,,,,,,,,,,,,,,,,,,,,,,,,,,,,,,,,,,,,,,,,,,,,,,,,,,,,,,,,,,,,,,,,,,,,,,,,,,,,,,,,,,,,,,,,,,,,,,,*/ˌɪmpɛrˈɑjtʊ/,*/ˌimperˈɑjtor/,,,,,,,,,,,,,,,,,,,,,,,*/ˌɪnkˌɑwsɪnˈɔjɲu/,,,,,,,,,,,,,,,,,,,,,,,,,,,,,,,,,,,,,,,,,,,,,,,,,,,,,,,,,,,,,,,,,,,,,,,,,,,,,,,,,,,,,,,,,,,,,,,,,,,,,,,,,,,,,,,,,,,,,,,,,,,,,,,,,,,,,,,,,,,,,,,,,,,,,,,,,,,,,,,,,,,,,,,,,,,,,,,,,,,,,,,,,,,,,,,,,,,,,,,,,,,,,,,,,,,,,,,,,,,,,,,,,,,,,,,,,,,*/lˌɑvekˈɑjru/,,,,,,,,,,,,,,,,,,,,,,,,,,,,,,,,,,,,,,,,,,,,,,,,,,,,,,,,,,,,,,,,,,,,,,,,,,,,,,,,,,,,,,,,,,,,,,,*/mˌirˈɑjkulu/,,*/mˌirˈɔjɲu/,,,,,,,,,,,,,,,,,,,,,,,,,,,,,,,,,,,,,,,,,,,,,,,,,,,,,,,,,,,,,,,,,,,,,,,,,,,,,,,,,,,,,,,,,,,,,,,,,,,,,,,,,,,,,,,,,,,,,,,,,,,,,,,,,,,,,,,,,*/pˌʊlːɪkˈoe̯rjʊ/,*/pˌʊlːɪkˈɑjrɛ/,,,,,,,,,,,,,,,,,,,,,,,,,,,,,,,,,,,,,,,,,,,,,,,,,,,,,,,,,,,,,,,,,,,,,,,,,,,,,,,,,,,,,,,,,,,,,,,,,,,,,,,,,,,,,,,,,,,,,,,,,,,,,,,,,,,,,,,,,,,,*/sˌɪmɪlˈɔjɲu/,,,,,,,,,,,,,,,,,,,,,,,,,,,,,,,,,,,,,,*/spˌɛrˈɑjnt͡ʃjɑ/,*/spˌerˈɔjɲu/,,,,,,,,,,,,,,,,,,,,,,,,,,,,,,,,,,,,,,,,,,,,,,,,,,,,,,,,,,,,,,,,,,,,,,,,,,,,,,,,,,,,,,*/trˌumpiskˈoe̯ɲu/,,,,,,,,,,,,,,,,,,,,,,,,,,,,,,,,,,,,,,,,,*/wˌɛskˈɒjɲu/,,,,,,,,,,,,,,,,,,,,,,,,,,,,,,,,,,
R66,,,,,,,,,,,,*/ˈɛttɑ/,,,*/ˌɑkkˈiptʊ/,*/ˌɑkkˈiptrɛ/,,,,,,,,,,,,,,,,,,,,,,,,,,,,,,,,,,,,,,,,,,,,,,,,,,,,,,*/brˈøtskɑ/,,,,,,,,,,,,,,,,,,,,,,*/dˌepˌʊstˈɒɲu/,,,,,,,,,,,,,,,,,,,,,,,,,,,,,,*/ˌɛsˌɑmptˈɒɲu/,,,,,,,,,,,,,,,,,,,,,,,,,,,,,,,,,,,,,,,,,,,,,,,,,,,,,,,,,,,,,,,,,,,,,,,,,,,,,,,,,,,,,,,,,,,,,,,,,,,,,,,,,,,,,,,,,,,,,,,,,,,,,,,,,,,,,,,,,,,,,,,,,,,,,,,,,,,,,,,,,,,,,,,,,,,,,,,,,,,,,,,,,,,,,,,,,,,,,,,,,,,,,,,,,,,,,,,,,,,,,,,,,,,,,,,,,,,,,,,,,,*/kˈɑntkɑ/,*/kˌɑntkˈɛlːʊ/,,,*/kˌɑpssˈɑtɑ/,*/kˌɑpssˈɒɲu/,,*/kˌɑptˈinɑ/,,,,,,,,,,,,,,,,,,,,,,,,,,,,,,,,,,,,,,,,,,,,,,,,,,,,,,,,,,,,,,,,,,,,,,,,,,,,,*/kˈʊmptɛr/,,,*/kˈʊmptʊ/,,,,,,,,,,,,,,,,,,,,,,,,,,,,,,,,,,*/krˈetkʊ/,,,,,,,,,*/krˈʊnskʊ/,,,,,,,*/kˈʊlktrɑ/,,,,,,,,,,,,,,,,,,,,,,,,,,,,,,,,,,,,,,,,,,,,,,,,,,,,,,,,,,,,,,,,,,,,,,,*/lˌʊpkkˈɑtʊ/,*/lˌʊpkˈɛrwʊlʊ/,,,,,,,,,,,,,,,,,,,,,,,,,,,,,,,,,,,,,,,,,,,,,,,,,,,,,,,,,,,,,,,,,,,,,,,,,,,,,,,,,,,,,,,,,,,,,,,,,,,,,,,,,,,,,,,,,,,,,,,,,,,,,,,,,,,,,,,,,,,,,,,,,,,,,,,,,,,,,,,,,,,,,,,,,,,,,,,,,,,,,,,,,,,,,,,,,,,,,,*/plˈɑntkʊ/,,,,,,,,,,,,,,,,,,,,*/pˌʊtstˈɒɲu/,*/pˌʊtstˈɑtɛ/,,,,,,,,,,,,,,,,,,,,,,,,,,,,,,,,,,,,,,,,,,,,,,,,,,,,,,,,,,,,,,*/rˌɒspˈɒɲɑ/,,,,,,,,,,,,,,,,,,,,,,,,,,,,,,,,,,,,,,,*/kˌɑlɪksˈɑɲtʊ/,,,,,,,,,,,,,,,,,,,,,,,,,,,,,,,,,,,,,,,,,,,,,,,,,,,,,,,,,,,,,,,,,,,,,*/splˌɛnˈɛtkɑ/,,,,,,,,,,,,,,,,,,,,,*/sˌʊβmˌɑrˈitkɑ/,,,,,,,,,,,,,,,,,,,,,,,,,,,,*/tˌɛrrˈɑtkʊ/,,,,,,,,,,,,,,,,,,,,,,,,,,,,,,,,,*/trˌumpskˈoe̯ɲu/,,,,,,,,,,,,,,,,,,,,,,,,,,,,,,,,,,,,,,,,,,,,,,,,,,,,,,,,,,,,,,,*/wˌɪstˈɒɲu/,,,,,,,,,,,,
R67,,,,,,,,,,,,,,,,,,,,,,,,,,,,,,,,,,,,,,,,,,,,,,,,,,,,,,,,,,,,,,,,,,,,,,,,,,,,,,,,,,,,,,,,,,,,,,,,,,,,*/dˌirɡˈɒɲu/,,,,*/dˌɪskˌɑrrkˈɒɲu/,,*/dˌɪskʷˌʏrtˈɒɲu/,,,,,,,,,,,,,,,,,,,,,,,,,,,,,,,,,,,,,,,,,,,,,,,,,,,,,,,,*/fˈɑβrkɑ/,*/fˌɑβrkˈɒɲu/,,,,,,,,,,,,,,,,,,,,,,,,,,,,,,,,,*/fˌɪrɡɪlˈinʊ/,,,,,,,,,,,,,,,,,,,,,,,,,,,,,,,,,,,,,,,,,,,,,,,,,,,,,,,,,,,,,,,,,,,,,,,,,,,,,,,,,,,,,,,,,,,,,,,,,*/ˌɪnˌɑwrtˈɒɲu/,,,,,,,,,,,,,,,*/ˌɪnkˌɑrrkˈɒɲu/,,,,,,,,,,,,,,,,,,,,,,,,,,,,,,,,,,,,,,,,,,,,,,,,,,,,,,,,,,,,,,,,,,,,,,,,,,,,,,,,,,,,,,,,,,,,,,,,,,,,,,,,,,,,,,,,,,,,,,,,,,,,,,,,,,,,,,,,,,,,,,,,,,,,,,,,,,,,,,,,,,,,,,,,,,,,,,,,,,,,,,,,,,,,,,,,,,,,,,,,,,,,,,,,,,,,,,,,,,,,,,,,,,,,,*/lˈɑrdʊ/,,,,,,,,,,,,,,,,,,,,,,,,,,,,,,,,,,,,,,,,,*/mˌɑɡɪstˈɛrkʊ/,,,,,,,,,,,,,,,,,,,,,,,,,*/mˌɑrtˈɒɲu/,*/mˌɑrtˈɒɲu/,*/mˌɑrtˈɑt͡ʃjɑ/,,,*/mˌɑrrkˌinˈetʊ/,,,,,,,,,,,,,,,,,,,,,,,,,,,,,,,,,,,,,,,,,,,,,,,,,,,,,,,,,*/mˌɪrkˈiɲɑ/,,,,,,,,,,,,,,,,,,,,,,,,,,,,,,,,,,,,,,,,,,,,,,,,,,,,,,,,,,,,,,,,,,,,,,,,,,,,,,,,,,,,,,,,*/pˌɪɡrtˈɒɲu/,,,,,,,,,,,,,,,,,,,,,,,,,,,,,,,,,,,,,,,,,,,,,,,,,,,,,,,,,,,,,,,,,,,,,,,,,,,,,,,,,,,,,,,,,,,,,,,,,,,,,,,,,,,,,,,,,,,,,,,,,,,,,,,,,,,,,,,,,,,,,,,,,*/sˈɑrkɑ/,,,,,,,,,,,,,,,,,,,,,,,,,,,,,,,,,,,,,,,,,,,,,,,,,,,,,,,,,,,,,,*/spˈirtʊ/,,,,,,,,,,,,,,,,,,,,,,,,,,,,,,,,,,,,,,,,,,,,,,,,,,,,,,,,,,,,,,,,,,,,,,,,,,,,,,,,,,,,,,,,,,,,,,,,,,,,,,,,,,,,,,,,,,,,,,,,,*/wˌertˈɑtɛ/,,,,,,,,,,,,,,,,,,,,,,,*/wˈɪrdɑ/,*/wˈɪrdɛ/,,,,,,,,,,,,,,
R68,,,,,,,,,,,,,,,,,,,,,,,,,,,,,,,,,,,,,,,,,,,,,,,,,,,,,,,,,,,,,,,,,,,,,,,,,,,,,,,,,,,,,,,,,,,,,,,,,,*/dˌɪɡtˈɒɲu/,,,,,,,,,,,,,,,,,,,,,,,,,,,,,,,,,,,,,,,,,,,,,,,,,,,,,,,,,,,,,,,,,,,,,,,,,,,,,,,,,,,,,,,,,,,,,,,,,,,,,,,,,,,,,,,,,,,,,,,,,,,,,,,,,,,,,,,,,,,,,,,,,,,,,,,,,,,,,,,,,,,,,,,,,,,,,,,,,,,,,,,,,,,,,,,,,,,,,,,,,,,,,,,,,,,,,,,,,,,,,,,,,,,,,,,,,,,,,,,,,,,,,,,,,,,,,,,,,,,,,,,,,,,,,,,,,,,,,,,,,,,,,,,,,,,,,,,,,,,,,,,,,,*/ɪnkkˈɑlɑ/,,*/kkˈɒrjɑ/,,,,,,,,,,,,,,,,,,,,,,,,,,,,,,,,,,,,,,,,,,,,,,,,,,,,,,,,,,,,,,,,,,,,,,,,,*/ktˈɒɲʊ/,,,,,,,,,,,,,,,,,,,*/kkˈʊrbʊtɑ/,,,,,,,,,,,,,,,,,,,,,,,,,,,,,,,,,,,,,,,,,,,,,,,,,,,,,,,,,,,,,,,,,,,,,,,,,,,,,,,,,,,,,,,,,,,,,,,,,,,,,,,,,,,,,,,,,,,,,,,,,,,,,,,,,,,,,,,,,,,,,,,,,,,,,,,,,,,,,,,,,,,,,,,,,,,,,,,,,,,,,,,,,,,,,,,,,,,,,,*/ˌusktˈɒɲu/,,,,,,,,,,,,,,,,,,,,,,,,,,,,,,,,,,,,,,,,,,,,,,,,,,,,,,,,,,,,,,,,,,,,,,,,,,,,,,,,,,,,,,,,,,,,,,,,,,,,,,,,,,,,,,,,,,,,,,,,,,,,,,,,,,,,,,,,,,,,,,,,,,,,,,,,,,,,,,,,,,,,,,,,,,,,,,,,,,,,,,,,,,,,,,,,,,,,,,,,,,,,,,,,,,,,,,,,,,,,,,,,,,,,,,,,,,,,,,,,,,,,,,,,,,,,,,,,,,,,,,,,,,,,,,,,,,,,,,,,,,,,,,,,,,,,,,,,,,,,,,,,,,,,,,,,,,,,,,,,,,,,,,,,,,,,,,,,,,,,,,,,,,,,,,,,,,,,,,,,,,,,,,,,,,,,,,,,,,,,,,,,,,,,,,,,,,,,,,,,,,,,,,,,,,,,,,,,,,,,,,,
R69,,,,,,,,,,,,,,,,,,,,,,,,,,,,,,,,,,,,,,,,,,,,,,,,,,,,,,,,,,,,,,,,,,,,,,,,,,,,,,,,,,,,,,,,,,,,,,,,,,,,,,,,,,,,,,,,,,,,,,,,,,,,,,,,,,,,,,,,,,,,,,,,,,,,,,,,,,,,,,,,,,,,,,,,,,,,,,,,,,,,,,,,,,,,,,,,,,,,,,,,,,,,,,,,,,,,,,,,,,,,,,,,,,,,,,,,,,,,,,,,,,,,,,,,,,,,,,,,,,,,,,,,,,,,,,,,,,,,,,,,,,,,,,,,,,,,,,,,,,,,,,,,,,,,,,,,,,,,,,,,,,,,,,,,,,,,,,,,,,,,,,,,,,,,,,,,,,,,,,,,,,,,,,,,,,,,,,,,,,,,,,,,,,,,,,,,,,,,,,,,,,,,,,,,,,,,,,,,,,,,,,,,,,,,,,,,,,,,,,,,,,,,,,,,,,,,,,,,,,,,,,,,,,,,,,,,,,,,,,,,,,,,,,,,,,,,,,,,,,,,,,,,,,,,,,,,,,,,,,,,,,,,,,,,,,,,,,,,,,,,,,,,,,,,,,,,,,,,,,,,,,,,,,,,,,,,,,,,,*/mˌɑɡstɛrˈɒɲu/,*/mˌɑɡstˈɛrkʊ/,,,,,,,,,,,,,,,,,,,,,,,,,,,,,,,,,,,,,,,,,,,,,,,,,,,,,,,,,,,,,,,,,,,,,,,,,,,,,,,,,,,,,,,,,,,,,,,,,,,,,,,,,,,,,,,,,,,,,,,,,,,,,,,,,,,,,,,,,,,,,,,,,,,,,,,,,,,,,,,,,,,,,,,,,,,,,,,,,,,,,,,,,,,,,,,,,,,,,,,,,,,,,,,,,,,,,,,,,,,,,,,,,,,,,,,,,,,,,,,,,,,,,,,,,,,,,,,,,,,,,,,,,,,,,,,,,,,,,,,,,,,,,,,,,,,,,,,,,,,,,,,,,,,,,,,,,,,,,,,,,,,,,,,,,,,,,,,,,,,,,,,,,,,,,,,,,,,,,,,,,,,,,,,,,,,,,,,,,,,,,,,,,,,,,,,,,,,,,,,,,,,,,,,,,,,,,,,,,,,,,,,,,,,,,,,,,,,,,,,,,,,,,,,,,,,,,,,,,,,,,,,,,,,,,,,,,,,,,,,,,,,,,,,,,,,,,,,,,,,,,,,,,,,,,,,,,,,,,,,,,,,,,,,,,,,,,,,,,,,,,
R70,,,,,,,,,,,,,,,,,,,,,,,,,,,,,,,,,,,,,,,,,,,,,,,,,,,,,,,,,,,,,,,,*/bˌɛndikˈɒɲu/,,,,,,,,,,,,,,,,,,,,,,,,,,,,,,,,,,,,,,,,,,,,,,,,,,,,,,,,,,,,,,,,,,,,,,,,,,,,,,,,,,,,,,,,,,,,,,,,,,,,,,,,,,,,,,,,,,,,,,,,,,,,,,,,,,,,,,,,,,,,,,,,,,,,,,,,,,,,,,,,,,,,,,,,,,,,,,,,,,,,,,,,,,,,,,,,,,,,,,,,,,,,,,,,,,,,,,,,,,,,,,,,,,,,,,,,,,,,,,,,,,,,,,,,,,,,,,,,,,,,,,,,,,,,,,,,,,,,,,,,,,,,,,,,,,,,,,,,,,,,,,,,,,,,,,,,,,,,,,,,,,,,,,,,,,,,,,,,,,,,,,,,,,,,,,,,,,,,,,,,,,,,,,,,,,,,,,,,,,,,,,,,,,,,,,,,,,,,,,,,,,,,,,,,,,,,,,,,,,,,,,,,,,,*/krˌestintˈɑle/,,,,,,,,,,,,,,,,,,,,,,,,,,,,,,,,,,,,,,,,,,,,,,,,,,,,,,,,,,,,,,,,,,,,,,,,,,,,,,,,,,,,,,,,,,,,,,,,,,,,,,,,,,,,,,,,,,,,,,,,,,,,,,,,,,,,,,,,,,,,,,,,,,,,,,,,,,,,,,,,,,,,,,,,,,,,,,,,,,,,,,,,,,,,,,,,,,,,,,,,,,,,,,,,,,,*/pˌɛntˈeɲu/,*/pˌɛntˈɛnt͡ʃjɑ/,,,,,,,,,,,,,,,,,,,,,,,,,,,,,,,,,,,,,,,,,,,,,,,,,,,,,,,,,,,,,,,,,,,,,,,,,,,,,,,,,,,,,,,,,,,,,,,,,,,,,,,,,,,,,,,,,,,,,,,,,,,,,,,,,,,,,,*/rˌɛndˈeɲu/,,,,,,,,,,,,,,,,,,,,,,,,,,,,,,,,,,,,,,,,,,,,,,*/sˌɑntˈɑtɛ/,,,,,,,,,,,,,,,,,,*/sˌɑtˈʊntɑ/,,,,,,,,,,,,,,,,,,,,,,,,,,,,,,,,,,,,,,,,,,,,,,,,,,,,,,,,,,,,,,,,,,,,,,,,,,,,,,,,,,,,,,,,,,,,,,,,,,,,,,,,,,,,,,,,,,,,,,,,,,,,,,,,,,,,,,,,,,,,,,,,,,,,,,,,,,,,,,,,,,,,,,,,,,,,,,,,,,,,,,,,,,,,,,,,,,,,,,,,,,,,,,,,,,,,,,,,,,
R71,,,,,,,,,,,,,,,,,,,,,,,,,,,,,,,,,,,,,,,,,,,,,,,,,,,,,,,,,,,,,,,,,,,,,,,,,,,,,,,,,,,,,,,,,,,,,,,,,,,,,,,,,,,,,,,,,,,,,,,,,,,,,,,,,,,,,,,,,,,,,,,,,,,,,,,,,,,,,,,,,,,,,,,,,,,,,,,,,,,,,,,,,,,,,,,,,,,,,,,,,,,,,,,,,,,,,,,,,,,,,,,,,,,,,,,,,,,,,,,,,,,,,,,,,,,,,,,,,,,,,,,,,,,,,,,,,,,,,,,,,,,,,,,,,,,,,,,,,,,,,,,,,,,,,,,,,,,,,,,,,,,,,,,,,,,,,,,,,,,,,,,,,,,,,,,,,,,,,,,,,,,,,,,,,,,,,,,,,,,,,,,,,,,,,,,,,,,,,,,,,,,,,,,,,,,,,,,,,,,,,,,,,,,,,,,,,,,,,,,,,,,,,,,,,,,,,,,,,,,,,,,,,,,,,,,,,,,,,,,,,,,,,,,,,,,,,,,,,,,,,,,,,,,,,,,,,,,,,,,,,,,,,,,,,,,,,,,,,,,,,,,,,,,,,,,,,,,,,,,,,,,,,,,,,,,,,,,,,,,,,,,,,,,,,,*/mˈɑnkɑ/,*/mˌɑnkˈɒɲu/,*/mˌɑnpʊlˈɒɲu/,,,,,,,,,,,,,,,,,,,,,,,,,,,,,,,,,,,,,,,,,,,,,,,,,,,,,,,,,,,,,,,,,,,,,,,,,,,,,,,,,,,,,,,,,,,,,,,,,,,,,,,,,,,,,,,,,,,,,,,,,,,,,,,,,,,,,,,,,,,,,,,,,,,,,,,,,,,,,,,,,,,,,,,,,,,,,,,,,,,,,,,,,,,,,,,,,,,,,,,,,,,,,,,,,,,,,,,,,,,,,,,,,,,,,,,,,,,,,,,,,,,,,,,,,,,,,,,,,,,,,,,,,,,,,,,,,,,,,,,,,,,,,,,,,,,,,,,,,,,,,,,,,,,,,,,,,,,,,,,,,,,,,,,,,,,,,,,,,,,,,,,,,,,,,,,,,,,,,,,,,,,,,,,,,,,,,,,,,,,,,,,,,,,,,,,,,,,,,,,,,,,,,,,,,,,,,,,,,,,,,,,,,,,,,,,,,,,,,,,,,,,,,,,,,,,,,,,,,,,,,,,,,,,,,,,,,,,,,,,,,,,,,,,,,,,,,,,,,,,,,,,,,,,,,,,,,,,,,,,,,,,,,,,
R72,,,,,,,,,,*/ˌɛrˈemɛ/,,,,,,,,,,,,,,,,,,,,,,,,,,,,,,,,,,,,,,,,,,,,,,,,,,,,,,,,,,,,,,,,,,,,,,,,,,,,,,,,,,,,,,,,,,,,,,,,,,,,,,,,,,,,,,,*/ˌɛsˈemɪnɑ/,,,,,,,,,,,,,,,,,,,,,,,,,,,,,,,,,,,,,,,,,,,,,,,,,,,,,,,,,,,,,,,,,,,,,,,,,,,,,,,,,,,,,,,,,,,,,,,,,,,,,,,,,,,,,,,,,,,,,,,,,,,,,,,,*/ɡlˌɪmːɛrˈɑtɑ/,,,,,,,,,,,,,,,,,,,,,,,,,,,,,,,,,,,,,,,,,,,,,,,,,,,,,,,,,,,,,,,,,,,,,,,,,,,,,,,,,,,,,,,,,,,,,,,,,,,,,,,*/kˈemɛrɑ/,,,,,,,,,,,,,,,,,,,,,,,,,,*/kˌermɪɲˈɒɲu/,,,,,,,,,,,,,,,,,,,,,,,,,,,,,,,,,,,,,,,,,,*/klˌewɪtˈyrɑ/,,,,,,,,,,,,,,,,,,,,,,,,,,,,,,,,,,,,,,,,,,,,,,,,,,,,,,,,,,,,,,,,,,,,,,,,,,,,,,,,,,,,,,,,,,,,,,,,,,,,,,,,,,,,,,,,,,,,,,,,,,,,,,,,,,,,,,,,,,,,,,,,,,,,,,,,,,,,,,,,,,,,,,,,,,,,,,,,,,,,,,,,,,,,,,,,,,,,,,,,,,,,,,,,,,,,,,,,,,,,,,,,,,,,,,,,,,,,,,,,,,,,,,,,,,,,,,*/nˌɪmːɪnˈɒɲu/,,,,,,,,,,,,,,,,,,,,,,,,,,,,,,,,,,,,,,,,,,,,,,,,,,,,,,,,,,,,,,,,,,,,,,,,,,,,,,,,,,,,,,,,,,,,,,,,,,,,,,,,,,,,,,,,,,,,,,,,,,,,*/prˈɪvitɛr/,,,,,,,,,,,,,,,,,,,,,,,,,*/rˈemi/,,*/rˈepi/,,,,,,,,,,,,,,,,,,,,,,,,,,,,,,,,,,,,,,,,,,,,,,,,,,,,,,,,,,,,,,,,,,,,,,,,,,,,,,,,,,,,,,*/sˌɪrwitˈɒrɛ/,*/sˌɪrwitˈyrɑ/,,,,,,,,,,,,,,,*/skˈemnɪ/,,,,,,,,,,,,,,,,,,,,,,,,,,,,,,,,,,,,,,,,,,,,,*/strˈembɪnʊ/,,,,,,,,,,,,,,,,,,,,,,,,,,,,,*/tˈewɾi/,,,,,,,,,,,,,,,,,,,,,,,,*/trˈeβɛzɑ/,,,,,,,,,,,,,,,,,,,,,,,,,,,,,,,,,,,,,,,,,,,,,,,,,,,,,,,,,,,,,,,,,,,,,,,,,,,,,,,,,,,,,,,,,,,,,,
R73,,,,,,,,,,,,,,,,,,,,,,,,,,,,,,,,,,,,,,,,,,,,,,,,,,,,,,,,,,,,,,,,,,,,,,,,,,,,,,,,,,,,,,,,,,,,,,,,,,,,,,,,,,,,,,,,,,,,,,,,,,,,,,,,,,,,,,,,,,,,,,,,,,,,,,*/ˌɛlˈɛɡijɑ/,,,,*/ˌɛpˌɪskopˈijɑ/,,,,,,,,,,,,,,,,,,,,,,,,,,,,,,,,,,,,,,,,,,,,,,,,,,,,,,,*/fˌʊrnɪkˈijɑ/,,,,,,,,,,,,,,,*/fˌʊlkˈijɑ/,,,,,,,,,,,,,,,,,,*/ɡˌenˈijɑ/,,,,,,,,,,,,,,,,,,,,,,,,,,,,,,,,,,,,,,,,,,,,,,,,,,,,,,,,,,,,,,,,,,,,,,,,,,,,,,,,,,,,,,,,,,,,,,,,,,,,,,,,,,,,,,,,,,,,,,,,,,,,,,,,,,,,,,,,,,,,,,,,,,,,,,,,,,,,,,,,,,,,,,,,,,,,,,,,,,,,,,,,,,,,,,,,,,,*/kˌʊlʊmbɪnˈijɑ/,,,,,,,,,,,,,,,,,,,,,,,,,,,,,,,,,,,,,,,,,,,,,*/krˌɛjˈɒɲu/,*/krˌɛjˈɑnt͡ʃjɑ/,*/krˌɛjɑtˈyrɑ/,,,,,,*/krˌestijˈɑnɑ/,,,,,,,,,,,,,,,,,,,,,,,,,,,,,,,,,,,,,,,,,,,,,,,,,,,,,,,,,,,,,,,,,,,,,,,,,,,,,,,,,,,,,,*/mˌɑɡˈijɑ/,,,,,,,,,,,,,,,,,,,,,,,,*/mˌɑrˈijɑ/,,,,,,,,,,,,,,,,,,,,,,,,,,,,,,,,,,,,,,,,,,,,,,,,,,,,,,,,,,,,,,,,,,,,,,,,,,,,,,,,,,,,,,,,,,,,,,,,,,,,,,,,,,,,,,,,,,,,,,,,,,,,,,,,,,,,,,,,,,,,,,,,,,,,,,,,,,,,,,,,,,,,,,,,,,,,,,,,,,,,,,,,,*/pˌʊrrɪnˈijɑ/,,,,,,,,,,,,,,,,,,,,,,,,,,,,,,,,,,,,,,,,,,,,,,,,,,,,,,,,,,,,,,,,,,,*/rˌʊmfˈɛjɑ/,,,,,,,,,,,,,,,,,,,,,,,,,,,,,,,,,,,,,,,*/sˌɑɲtuˌɑndrˈejɑ/,,,,,,,,,,,,,,,,,,,,,,,,,,,,,,,,,,,,,,,,,,,,,,,,,,,,,,,,,,,,,,,*/sˌʊrtɪlɛɡˈijɑ/,,,,,,,,,,,,,,,,,,,,,,,,,,,,,,,*/sˌʊbtɛrrˌɑnˈijɑ/,,,,,,,,,,,,,,,,,,,,,,,,,,,,,,,,,,,,,,,,,,,,,,,,,,,,,,,,,,,,,,,,,,,,,,,,,,,,,,,,,,,,,,,,,,,,,,,,,,,,,,,,,,,*/wˈɪjɑ/,,,,,,,,,,,,,,,,,,,,,,,,,,,
R74,,,,,,,,,,,,,,,,,,,,,,,,,,,,,,,,,,,,,,,,,,,,,,,,,,,,,,,,,,,,,,,,,,,,,,,,,,,,,,,,,,,,,,,,,,,,,,,,,,,,,,,,,,,,,,,,,,,,,,,,,,,,,,,,,,,,,,,,,,,,,,,,,,,,,,,,,,,,,,,,,,,,,,,,,,,,,,,,,,,,,,,,,,,,,,,,,,,,,,,,,,,,,,,,,,,,,,,,,,,,,,,,,,,,,,,,,,,,,,,,,,,,,,,,,,,,,,,,,,,,,,,,,,,,,,,,,,,,,,,,,,,,,,,,,,,,,,,,,,,,,,,,,,,,,,,,,,,,,,,,,,,,,,,,,,,,,,,,,,,,,,,,,,,,,,,,,,,,,,,,,,,,,,,,,,,,,,,,,,,,,,,,,,,,,,,,,,,,,,,,,,,,,,,,,,,,,,,,,,,,,,,,,,,,,,,,,,,,,,,,,,,,,,,,,*/kˌʊpˌʊtˈɒɲu/,*/kˌʊpˌʊtˈɒɲu/,,,,,,,,*/kˌʊtˌɛntˈɒɲu/,,,,,*/kˌʊwˌɛntˈɒɲu/,,,,,,,,,,,,,,,,,,,,,,,,,,,,,,,,,,,,,,,,,,,,,,,,,,,,,,,,,,,,,,,,,,,,,,,,,,,,,,,,,,,,,,,,,,,,,,,,,,,,,,,,,,,,,,,,,,,,,,,,,,,,,,,,,,,,,,,,,,,,,,,,,,,,,,,,,,,,,,,,,,,,,,,,,,,,,,,,,,,,,,,,,,,,,,,,,,,,,,,,,,,,,,,,,,,,,,,,,,,,,,,,,,,,,,,,,,,,,,,,,,,,,,,,,,,,,,,,,,,,,,,,,,,,,,,,,,,,,,,,,,,,,,,,,,,,,,,,,,,,,,,,,,,,,,,,,,,,,,,,,,,,,,,,,,,,,,,,,,,,,,,,,,,,,,,,,,,,,,,,,,,,,,,,,,,,,,,,,,,,,,,,,,,,,,,,,,,,,,,,,,,,,,,,,,,,,,,,,,,,,,,,,,,,,,,,,,,,,,,,,,,,,,,,,,,,,,,,,,,,,,,,,,,,,,,,,,,,,,,,,,,,,,,,,,,,,,,,,,,,,,,,,,,,,,,,,,,,,,,,,,,,,,,,,,,,,,,,,,,,,,,,,,,,,,,,,,,,,,,,,,,,,,,,,,,,,,,,,,,,,,,,,,,,,,,,,,,,,,,,,,,,,,,,,,,,,,,,*/wˌɛtˌɪlˈɒɲu/,,,,,,,,,,,,,,,,,,,,,,,,,,,,,,,,,,,,,,,,
R75,,,,,,,,,,,,,,,,,,,,,,,,,,,,,,,,,,,,,,,,,,,,,,,,,,,,,,,,,,,,,,,,,,,,,,,,,,,,,,,,,,,,,,,,,,,,,,,,,,,,,,,,,,,,,,*/ɛdˌuɾˈɒɲu/,,,,,,,,,,,,,,,,,,,,,,,,,,,,,,,,,,,,,,,,,,,,,,,,,,,,,,,,,,,,,,,,,,,,,,,,,,,,,,,,,,,,,,,,,,,,,,,,,,,,,,,,,,,,,,,,,,,,,,,,,,,,,,,,,,,,,,,,,,,,,,,,,,,,,,,,,,,,,,,,,,,,,,,,,,,,,,,,,,,,,,,,,,,,,,,,,,,,,,,,,,,,,,,,,,,,,,,,,,,,,,,,,,,,,,,,,,,,,,,,,,,,,,,,,,,,,,,,,,,,,,,,,,,,,,,,,,,,,,,,,,,,,,,,,,,,,,,,,,,,,,,,,,,,,,,,,,,,,,,,,,,,,,,,,,,,,,,,,,,,,,,,,,,,,,,,,,,,,,,,,,,,,,,,,,,,,,,,,,,,,,,,,,,,,,,,,,,,,,,,,,,,,,,,,,,,,,,,,,,,,,,,,,,,,,,,,,,,,,,,,,,,,,,,,,,,,,,,,,,,,,,,,,,,,,,,,,,,,,,,,,,,,,,,,,,,,,,,,,,,,,,,,,,,,,,,,,,,,,,,,,,,,,,,,,,,,,,,,,,,,,,,,,,,,,,,,,,,,,,,,,,,,,,,,,,,,,,,,,,,,,,,,,,,,,,,,,,,,,,,,,,,,,,,,,,,,,,,,,,,,,,,,,,,,,,,,,,,,,,,,,,,,,,,,,,,,,,,,,,,,,,,,,,,,,,,,,,,,,,,,,,,,,,,,,,,,,,,,,,,,,,,,,,,,,,,,,,,,,,,,,,,,,,,,,,,,,,,,,,,,,,,,,,,,,,,,,,,,,,,,,,,,,,,,,,,*/sɐɾˈɒɲu/,,,,,,,,,,,,,,,,,,,,,,,,,,,,,,,,,,,,,,,,,,,,,,,,,,,,,,,,,,,,,,,,,,,,,,,,,,,,,,,,,,,,,,,,,,,,,,,,,,,,,,,,,,,,,,,,,,,,,,,,,,,,,,,,,,,,,,,,,,,,,,,,,,,,,,,,,,,,,,,,,,,,,,,,,,,,,,,,,,,,,,,,,,,,,,,,,,,,,,,,,,,,,,,,,,,,,,,,,,,,,,,,,,,,,,,,,,,,,
R76,*/ˌɑβˌɛrrˈɔɲu/,,,,,,*/ˌɑdˌurˈɔɲu/,,,,*/ˌɛstɪmˈɔɲu/,,,,,,,,,,,,,*/ˌɑmbʊlˈɔɲu/,,,,,,,,,*/ˌɑŋɡʊstˈɔɲu/,*/ˌɑntˈɔɲʊ/,,,,,,,,*/ˌɑrmˈɔɲu/,,*/ˌɑrmˌɪssˈɔrjʊ/,*/ˌɑrrˈiwɔɲu/,,,,,,,,,*/ˌɑwrjˈɔlʊ/,,,,,,,*/bˌɑrˈɔnɛ/,,,*/bˌɛndikˈɔɲu/,,*/bˌiɲˈɔrjʊ/,*/bˈɔlɑ/,,*/brˈɔkkɑ/,,,,,,,,,,,,,,*/dˌɑmnˈɔɲu/,,*/dˌeβʊtˈɔɲu/,*/dˌeβʊtˈɔrɛ/,*/dˌeβʊtˈɔrɪt͡ʃjʊ/,,*/dˌelˌiβɛrˈɔɲu/,*/dˌekˌɑptˈɔɲu/,*/dˌepˌɛnɛtrˈɔɲu/,*/dˌepˌʊstˈɔɲu/,*/dˌerˌɑmˈɔɲu/,*/dˌesˌidɛrˈɔɲu/,,,,*/dˌɪɡtˈɔɲu/,,*/dˌirɡˈɔɲu/,,,*/dˌɪskˌɑβɑlːɪkˈɔɲu/,*/dˌɪskˌɑrrkˈɔɲu/,,*/dˌɪskʷˌʏrtˈɔɲu/,*/dˌɪswˌelˈɔɲu/,*/mˌʊdɛstɪkˈɔɲu/,,*/ɛdˌuɾˈɔɲu/,,*/drˌɑnkˈɔnɛ/,,,,*/dˌʊplɪkˈɔɲu/,,*/ˌedˌɪktˈɔɲu/,,,,*/ˌɛsˌɑmptˈɔɲu/,*/ˌɛsˌɑnɪmˈɔɲu/,,*/ˌɛsʊnʊrˈɔɲu/,,*/ˌɛskˌɑβɑlːɪkˈɔɲu/,*/ˌɛskˌɑlˈɔɲu/,,,*/ˌɛskˌɑrd͡ʒjˈɔɲu/,*/ˌɛskˌɑrptˈɔɲu/,*/ˌɛskˌɑtɛdrˈɔɲu/,*/ˌɛskˌɑwdɪkˈɔɲu/,,,*/ˌɛskˌʊrtˈɔɲu/,,,,*/ˌɛspˌɛditˈɔɲu/,,*/ˌɛspˌɛlːˈɑwɔɲu/,*/ˌɛspˌɛrlˈɑwɔɲu/,*/ˌɛsrˌimˈɔɲu/,*/ˌɛstˌɛnwˈɔɲu/,,*/ˌɛsˌʊŋɡʊlˈɔɲu/,*/ˌɛswɪɡɪlˈɔɲu/,,,,,,*/ˌerˌɑdɪkˈɔɲu/,,,,,,,,*/fˌɑβrkˈɔɲu/,,,,,,,*/fˌɑlkˈɔnɛ/,,,,,,,*/fˌɑrɪnˈɔɲu/,,,,*/fˌiʎˈɔlɑ/,,,*/fˌɛβrˈɔrjʊ/,,,,,*/fˌɪdˈɔɲu/,,,,,,,,,*/fˌɪstʊlˈɔɲu/,,,,,*/flˈɔkkʊ/,*/flˌɔrˈinʊ/,*/flˌʊktʊlˈɔɲu/,,,,,*/fˈɔrtɛ/,,,,,,,,,*/frˌiɡˈɔɲu/,*/frˌiɡʊlˈɔɲu/,*/frˌɪkˈɔɲu/,,,,,,,,,*/fˌʊskɪɲˈɔrjʊ/,,,,,,,,,,,*/ɡˌɛmˈɔɲu/,,,,,,,,,,,,,,,*/ɡrˌumʊlˈɔɲʊ/,,,,,,,,,,,,*/hˌɪnːɪkʊlˈɔɲu/,*/hˌɛrnɪdzˈɔɲu/,,,*/ɟˈɔnwʊ/,,*/ɟˌɛjynˈɔɲu/,,,,,*/ˌɪmpɑrˈɔɲu/,,,*/ˌɪmpˌɛrˌɑtˈɔrɛ/,*/pˌɛrɑntˈɔrɛ/,,,,*/ˌɪmplˌɑntˈɔɲu/,*/ˌɪmplˈɔɲu/,,,*/ˌɪnˌɑlt͡ʃjˈɔɲu/,,*/ˌɪnˌɑwrtˈɔɲu/,,*/ˌɪndˌespɪkˈɔɲu/,,*/ˌɪndˌɪkˈɔɲu/,*/ˌɪndˌɪktˈɔɲu/,*/ˌɪndˌɪreçtˈɔɲu/,,,*/ˌɪnfˌɑskjˈɔɲu/,,,,,*/ˌɪnkˌɑβɑlːɪkˈɔɲu/,*/ˌɪnkˌɑrrkˈɔɲu/,,*/ˌɪnkʊɲˌirˈɔɲu/,*/ˌɪnkˌʊnsulˈɔɲu/,*/ˌɪnkˈɔrdu/,,,*/ˌɪnkˌʊɲˈɔɲu/,*/ˌɪnːˈɔkʷʊ/,*/ˌɪnˈɔffʊlɑ/,,*/ɪnpˌɛnsˈɔɲu/,,,*/ˌɪntˌɛlːɪɡˈɔɲu/,*/ˌɪntɛɡrˈɔɲʊ/,,*/ˌɪntɪɲˈɔɲu/,,,*/ˌɪnwˌɪd͡ʒjˈɔɲu/,*/wˌitˈɔɲu/,*/ˌɪnwˌɪt͡ʃjˈɔɲu/,,,,*/ɟˌydɪkˈɔɲu/,,,,,*/ɟˌyrˈɔɲu/,,,,,,,*/kˌɑlɛndˈɔrjʊ/,,,,,,,,,,,,,,,,*/kˌɑntˈɔɲu/,,,,,*/kˌɑprjˈɔlʊ/,,*/kˌɑpssˈɔɲu/,,,*/kˌɑpˈɔnɛ/,,,,,,*/kˌermɪɲˈɔɲu/,,,*/kˌɑrrˌikʊlˈɔɲu/,,,,,,,,,,,,,*/kˌɛntrˈɔɲu/,,,*/kˌɛrɑsjˈɔrjʊ/,,,,,*/kˌɛrtˈɔɲu/,*/kjˈɔɲu/,,,*/kkˈɔrjɑ/,,,,*/kˌɪrkˈɔɲu/,,,,,,*/klˌɑmˈɔɲu/,*/klˌɑrˈɔɲu/,,,,,,,,,*/kˌʊˌemptˈɔɲu/,*/kˌuʎɪtˈɔɲu/,,,,*/kˌʊlˈɔɲu/,,*/kˌʊlːˌʊkt͡ʃjˈɔɲu/,*/kˌʊlːˌyktˈɔɲu/,*/kˌʊlːˌimɪtˈɔɲu/,*/kˌʊlˈɔstrʊ/,,,,*/kˈɔkkɑ/,*/kˈɔkkjʊ/,*/kˈɔkʷʊ/,*/kˈɔksɑ/,,*/kˈɔmɑ/,,*/kˌʊmmʊnikˈɔɲu/,,*/kˌʊpˌʊtˈɔɲu/,*/kˌʊpˌʊtˈɔɲu/,,,,*/kˌʊnskrˌɪptˈɔɲu/,,*/kˌʊnstˈɔɲu/,,*/kˌʊtˌɛntˈɔɲu/,,*/kˌʊntrˈɔrjʊ/,*/kˌʊntrɑstˈɔrjʊ/,,*/kˌʊwˌɛntˈɔɲu/,,,*/kˈɔrbʊlɑ/,*/kˈɔrdɑ/,*/kˈɔrjʊ/,,,*/kˌʊrˈɔnɑ/,*/kˈɔrpʊ/,,,*/kˈɔrʊ/,,*/kˈɔrwʊ/,*/kˈɔssʊ/,*/ktˈɔɲʊ/,*/kˌʊttɪdzˈɔɲu/,,*/krˌɛjˈɔɲu/,,,,,*/krˌɪsmˈɔɲu/,,,,,,*/krˈɔkʊlʊ/,,,,,,,,,,,,,*/kˌʊɲˈɔɲu/,*/kˌʊnktˈɔɲu/,,,*/kˌyrˈɔɲu/,*/kˌʊrt͡ʃjˈɔɲu/,,,*/kʷˈɔdrʊ/,*/kʷˌɛrˈɔɲu/,,*/kʷˈɔrtɑ/,*/kʷˈɔrtʊ/,,,,,,,*/lˌɑbørˈɔɲu/,,*/lˌɑkˈɔnɛ/,,*/lˌɑsˈɔɲu/,,*/lˌɑŋɡʷˈɔɲu/,,,,,,,,,*/lˈɑwɔɲu/,,,,,,,*/lˌɛntˈɔɲu/,*/ʎˈɔnɛ/,,,,,,*/lˌiβɛrˈɔɲu/,,,,,*/lˌimˈɔɲu/,,,,,,*/lˌydˈɔɲu/,,,,*/lˌʊktˈɔɲu/,*/lˌʊktɑtˈɔrɛ/,,,,,,,*/mˌɑɡstɛrˈɔɲu/,,,,*/mˌɑlʊdikˈɔɲu/,*/mˌɑlːɛt͡ʃjˈɔlɑ/,*/mˌɑʎˈɔlɑ/,,,*/mˌɑlɪt͡ʃjˈɔɲu/,,,,,*/mˌɑnkˈɔɲu/,*/mˌɑnpʊlˈɔɲu/,,,,*/mˌɑnkˈɔɲu/,,,,,,,*/mˌɑrtˈɔɲu/,*/mˌɑrtˈɔɲu/,,,,,,,,,,,,*/mˌɑstɪkˈɔɲu/,,,,,*/mˌɛdɪkˈɔɲu/,,,*/mˌɛdɪtˈɔɲu/,,,,,*/mˌɛrid͡ʒjˈɔɲu/,,*/mˌɛrɡˈɔɲu/,,,,,*/mˌɪɡrˈɔɲu/,,*/mˌɪnɪstrˈɔɲu/,,*/mˌirˌɑkulˈɔɲu/,,,,,,*/mˈɔdʊ/,,,,,,,*/mˈɔrtɛ/,,,*/mˌʊlkˈɔɲu/,,*/mˌʊrmʊrˈɔɲu/,,*/mˌʊskɛlˈɔrjʊ/,*/mˌʊskˈɔɲɑ/,,,,,,,,,,,,,*/nˌɪmːɪnˈɔɲu/,*/nˈɔnːʊ/,*/nˌɔtˈɔɲu/,*/nˈɔwɑstrʊ/,*/nˌɔwˈɛrkɑ/,*/nˌʊmɛrˈɔɲu/,,,,,,*/ˈɔʎɑstrʊ/,*/ˈɔʎʊ/,,*/ˈɔpɛrɑ/,*/ˌurˈɔɲu/,,*/ˌʊrdɪnˈɔɲu/,,*/ˈɔrdɪnɛ/,*/ˈɔrnʊ/,*/ˈɔrfɑnʊ/,*/ˌusktˈɔɲu/,,,,*/pˌɑβʊlˈɔɲu/,,,,,,,,,,,*/pˌɑçtˈɔɲu/,,,,,,*/pˌɑrˈɔɲu/,*/pˌɑrˈɔɲu/,*/pˌɑrɛntˈɔɲu/,,*/frˌɑsjˈɔlʊ/,*/fˌɑsjˈɔlʊ/,,,,*/pˌɑt͡ʃjˈɔɲu/,,,,*/pˌɑwlˈɔɲu/,*/pˌɑwʊlˈɔnɛ/,,,,,,*/pˌensˈɔɲu/,,,,,,,*/pˌɛrpˌɑrˈɔɲu/,*/pˌɛrpˌɑrˈɔɲu/,*/pˌɛrwɪɡɪlˈɔɲu/,*/pˌɛssɪkˈɔɲu/,,,,,,*/pˌɪɡrtˈɔɲu/,,,,,,,,,*/pˌɪskɑtˈɔrɛ/,,,,,,,,,,,,,,,,,,,*/pˈɔrrʊ/,*/pˈɔrrʊ/,*/pˈɔpʊlʊ/,*/pˈɔrrikjʊ/,,,*/pˈɔrtɑ/,*/pˌʊsˈɔɲu/,,,*/pˌʊtstˈɔɲu/,,*/pˈɔttʊ/,,,*/prˌɛdˈɔɲu/,,,,,,,*/prˌɔˈiβɔɲu/,*/prˈɔksɪmʊ/,*/prˌɔsɪmˈɔɲu/,*/prˌemːˌɪttˈɔɲu/,,,,,,,,,,,,,*/rˌɑdˈɔɲu/,,,,,,,,,,,*/ˌɑdrˌɑt͡ʃjˈɔnɛ/,,,,,*/kˈɔsjʊ/,,,,*/rˌɛsˌʊrɡˈɔɲu/,,,,*/rˌɪɡˈɔɲu/,,*/rˌimˈɔɲu/,,,*/rˈɔkkɑ/,,,,,,*/rˌɔspˈɔɲɑ/,*/rˈɔtɑ/,*/rˈɔtʊlʊ/,*/rˌɔtˈʊndɑ/,*/rˌynˈɔɲu/,*/rˌʊnkˈɔɲu/,,,,,,,,,*/sˌɛttˈɔɲu/,*/sˌɑʎɪttˈɔɲu/,,,*/sˌɑkrˈɔɲu/,,,,,,,*/sˌɑlwˈɔɲu/,,,*/sɐɾˈɔɲu/,,,,,,,,,,,,,,*/sˌɑppˈɔɲu/,,,*/sˌɑlɪkɪnˈɔrjʊ/,,,,*/sˌɛkʷˈɔɲu/,,,,,*/sˌɛrtˈɔɲu/,,,*/sˌɪrwitˈɔrɛ/,,,*/sˌɪŋnˈɔɲu/,,,,,,,,,,,,,,,,,,,*/skˈɔdrɑ/,*/skˈɔlɑ/,,,,*/skˈɔrt͡ʃjɑ/,*/skrˌiβˈɔɲu/,,,,,,*/sˈɔkɑ/,*/sˈɔkjɑ/,*/sˈɔkjʊ/,*/sˈɔlɑ/,,*/sˈɔlʊ/,*/sˈɔrbɑ/,*/sˈɔrtɛ/,,,,,,,,,,,,*/spˈɔrtɑ/,,,,,,,,,,,,*/strˌɪŋɡˈɔɲu/,,*/stˌʊppˈɔɲu/,,,*/sˌedˈɔɲu/,,,*/sˌʊβrˌɑwkˈɔɲu/,,,,*/sˌʊçtˈɔɲu/,,,,,,,,*/tˌɑɪtˈɔɲu/,,,,,,,,,,,,,,,,,*/ˌɪntˌɛstɪmˈɔɲu/,*/tˌimˈɔnɛ/,,,,,,,*/tˌʊkkˈɔɲu/,*/tˈɔrkʊlʊ/,*/tˈɔrnʊ/,*/tˈɔrtɑ/,,,*/trˌɑdˈɔɲu/,*/trˌɑjˌɛktˈɔrjʊ/,*/trˌɑçtˈɔɲu/,,*/trˌɑnsflˈɔɲu/,*/trˌɑnsɪɡˈɔɲu/,,*/trˌɑnsmˌɛd͡ʒjˈɔɲu/,*/trˌɪfˈɔʎɑ/,,,,,,,,,,,*/tˌʊrt͡ʃjˈɔɲu/,,,,,,,*/tˌʊrbˈɔɲu/,*/tˌʊrbʊlˈɔɲu/,,,,,,,*/ˌʊnkˈɔɲu/,,,,,*/wˌɑɡˈɔɲu/,,,,,,,,,,,,,*/wˌɛtˌɪlˈɔɲu/,,,,,*/wˌɛrsˈɔɲu/,*/wˌɛskˈɔjɲu/,,,,*/wˌɛstɪɡˈɔɲu/,,,,,,,,*/wˌɪçtˈɔrjɑ/,,,,,,,,,,*/wˌɪstˈɔɲu/,,,,,,,*/wˌiwˈɔɲu/,*/wˈɔlɑ/,*/wˈɔlpʊlʊ/,,*/wˈɔmɪ/,
R77,*/ˌɑvˌɛrrˈɔɲu/,,,,,,,,,,,,,,,,,,,,,,,,,,,,,,,,,,,,,,,,,,,,,,,,,,*/ˌɑvˈɛntʊ/,,,,,,,,,,,,,,,,,,,,,,,,,,,,,,,,,,,,,,,,,,,,,,,,,,,,,,,,,,,,,,,,,,,,,,,,,,,,,,,,,,,,,,,,,,,,,,,,,,,,,,,,,,,,,,,,,,,,,,,,,,,,,,,,,,,,,,,,,,,,,,,,,,,,,,,,,,,,,,,,,,,,,,,,,,,,,,,,,,,,,,,,,,,,,,,,,,,,,,,,,,,,,,,,,,,,,,*/hˌɪvɛrnˈinʊ/,*/hˌɪvˌɛrnˈid͡ʒjɑ/,,,,,,,,,,,,,,,,,,,,,,,,,,,,,,,,,,,,,,,,,,,,,,,,,,,,,,,,,,,,*/ˌɪnvˌɛrnˈɑʎɑ/,*/ˌɪnvˈɛrnʊ/,,,,,,,,,,,,,*/ɟˌʊvˈɛnkɑ/,,,,,,,,,,,,,,,,,,,,,,,,,,,,,,,,,,,,,,,,,,,,,,,,,,,,,,,,,,,,,,,,,,,,,,,,,,,,,,,,,,,,,,,,,,,,,,,,,,,,,,,,,,,,,,,,,,,,,,,,,,,*/kˌʊvˌɛntˈɔɲu/,*/kˌʊnvˈɛntʊ/,,,,,,,,,,,,,,,,,,,,,,,,,,,,,,,,,,,,,,,,,,,,,,,,,,,,,,,,,,,,,*/lˌɑvørˈɔɲu/,,,,,,,,,,,,,,,,,,,,,,,,,,,,,,,,,,,,,,,,,,,,,,,,,,,,,,,,,,,,,,,,,,,,,,,,,,,,,,,,,,,,,,,,,,,,,,,,,,,,,,,,,,,,,,,,,,,,,,,,,,,,,,,,,,,,,,,,,,,,,,,,,,,,,,,,,,,,,,,,,,,,,,,,,,,,,,,,,,,,,,,,,,,,,,,,,,,,,,,,,,,,,,,,,,,,,,,,,,,,,,,,,,,,,,,,,,,,,,,,,,,,,,,,,,,,,,,,,,,,,,,,,,,,,,,,,,*/prˌimɑvˈerɑ/,,,,,,,,,,,,,,,,,,,,,,,,,,,,,,,,,,,,,,,,,,,,,,,,,,,,,,,,,,,,,,,,,,,,,,,,,,,,,,,,,,,,,,,,,,,,,,,,,,,,,,,,,,,,,,,,,,,,,,,,,,,,,,,,,,,,,,,,,,,,,,,,,,,,,,,,,,,,,,,,,,,,,,,,,,,,,,,,,,,,,,,,,,,,,,,,,,,,,,,,,*/tˌɑvˈɛrnɑ/,,,,,,,,,,,,,,,,,,,,,,,,,,,,,,,,,,,,,,,,,,,,,,,,,,,,,,,,,,,,,,,,,,,,,,,,,,,,,,,,,,,,,,,,*/ˌɪnvˌessˈikɑ/,,,,,,,,,,,,,,,,,,,,,,,,,,,,,,,
R78,,,,,,,,,,,,,,,,,,,,,,,,,,,,,,,,,,,,,,,,,,,,,,,,,,,,,,,,,,,,,,,,,,,,,,,,,,,,,,,,,,,,,,,,,,,,,,,,,,,,,,,,,,,,,,,,,,,,,,,,,,,,,,,,,,,,,,,,,,,,,,,,,,,,,,,,,,,,,,,,,,,,,,,,,,,,,,,,,,,,,,,,,,,,,,,,,,,,,,,,,,,,,,,,,,,,,,,,,,,,,,,,,,,,,,,,,,,,,,,,,,,,,,,,,,,,,,,,,,,,,,,,,,,,,,,,,,,,,,,,,,,,,,,,,,,,,,,,,,,,,,,,,,,,,,,,,,,,,,,,,,,,,,,,,,,*/ɟˈowɑnːɛ/,,,,,,,,,,,,,,,,,,,,,,,,,,,,,,,,,,,,,,,,,,,,,,,,,,,,,,,,,,,,,,,,,,,*/kˌɛrˈɛβɛlːʊ/,,,,,,,,,,,,,,,,,,,,,,,,,,,,,,,,,,,,,,,,,,,,,,,,,,,,,,,,,,,,,,,,,,,,,,,,,,,,,,,,,,,,,,,,,,,,,,,,,,,,,,,,,,,,,,,,,,,,,,,,,,,,,,,,,,,,,,,,,,,,,,,,,,,,,,,,,,,,,,,,,,,,,,,,,,,,,,,,,,,,,,,,,,,,,,,,,,,,,,,,,,,,,,,,,,,,,,,,,,,,,,,,,,,,,,,,,,,,,,,,,,,,,,,,,,,,,,,,,,,,,,,,,,,,,,,,,,,,,,,,,,,,,,,,,,,,,,,,,,,,,,,,,,,,,,,,,,,,,,,,,,,,,,,,,,,,,,,,,,,,,,,,,,,,,,,,,,,,,,,,,,,,,,,,,,,,,,,,,,,,,,,,,,,,,,,,,,,,,,,,,,,,,,,,,,,,,,,,,,,,,,,,,,,,,,,,,,,,,,,,,,,,,,,,,,,,,,,,,,,,,,,,,,,,,,,,,,,,,,,,,,,,,,,,,,,,,,,,,,,,,,,,,,,,,,,,,,,,,,,,,,,,,,,,,,,,,,,,,,,,,*/skrˈiβɔɲu/,,,,,,,,,,,,,,,,,,,,,,,,,,,,,,,,,,,,,,,,,,,,,,,,,,,,,,,,,,,,,,,,,,,,,*/tˌɛrˈɛβɛlːɑ/,*/tˌɛrˈɛβɛlːɑ/,,,,,,,,,,,,,,,,,,,,,,,,,,,,,,,,,,,,,,,,,,,,,,,,,,,,,,,,,,,,,,,,,,,,,,,,,,,,,,,,,,,,,,,,,,,,,,,,,,,,,,,,,*/wˈiwɔɲu/,,,,,
R79,,,,,,,,,,,,,,,,,,,,,,,,,,,,,,,,,,,,,,,,,,,,,,,,,,,,,,,,,,,,,,,,,,,,,,,,,,,,,,,,,,,,,,,,,,,,,,,,,,,,,,,,,,,,,,,,,,,,,,,,,,,,,,,,,,,,,,,,,,,,,,,,,,,,,,,,,,,,,,,,,,*/fˈɑːβrkɑ/,*/fˌɑːβrkˈɔɲu/,,,,,,,,,,,,,,,,,,,,,,,,,,,,,,,,,,,,,,,,,,,,,,,,,,,,,,,,,,,,,,,,,,,,,,,,,,,,,,,,,,,,,,,,,,,,,,,,,,,,,,,,,,,,,,,,,,,,,,,,,,,,,,,,,,,,,,,,,,,,,,,,,,,,,,,,,,,,,,,,,,,,,,,,,,,,,,,,,,,,,,,,,,,,,,,,,,,,,,,,,,,,,,,,,,,,,,,,,,,,,,,,,,,,,,,,,,,,,,,,,,,,,,,,,,,,,,,,,,,,,,,,,,,,,,,,,,,,,,,,,,,,,,,,,,,,,,,,,,,,,,,,,,,,,,,,,,,,,,,,,,,,,,,,,,,,,,,,,,,,,,,,,,,,,,,,,,,,,,,,,,,,,,,,,,,,,,,,,,,,,,,,,,,,,,,,,,,,,,,,,,,,,,,,,,,,,,*/mˌɑːɡstɛrˈɔɲu/,*/mˌɑːɡstˈɛrkʊ/,,,,,,,,,,,,,,,,,,,,,,,,,,,,,,,,,,,,,,,,,,,,,,,,,,,,,,,,,,,,,,,,,,,,,,,,,,,,,,,,,,,,,,,,,,,,,,,,,,,,,,,,,,,,,,,,,,,,,,,,,,,,,,,,,,,,,,,,,,,,,,,,,,,,,,,,,,,,,,,,,,,,,,,,,,,,,,,*/pˌɪːɡrtˈɔɲu/,,,,,,,,,,,,,,,,,,,,,,,,,,,,,,,,,,,,,,,,,,,,,,,,,,,,,,,,,,,,,,,,,,,,,,,,,,,,,,,,,,,,,,,,,,,,,,,,,,,,,,,,,,,,,,,,,,,,,,,,,,,,,,,,,,,,,,,,,,,,,,,,,,,,,,,,,,,,,,,,,,,*/sˈiːk/,,,,,,,,,,,,,,,,,,,,,,,,,,,,,,,,,,,,,,,,,,,,,,,,,,,,,,,,,,,,,,,,,,,,,,,,,,,,,,,,,,,,,,,,,,,,,,,,,,,,,,,,,,,,,,,,,,,,,,,,,,,,,,,,,,,,,,,,,,,,,,,,,,,,,,,,,,,,,,,,,,,,,,,,,,,,,,,,,,,,,,,,,,,,,,,,,,,,,,,,,,,
R80,,,,,,,,,,,,,,,,,,,,,,,,,,,,,,,,,,,,,,,,,,,,,,,,,,,,,,,,,,,,,,,,,,,,,,*/brˈøskɑ/,,,,,,,,,,,,,,,,,,,,,,,,,,,,,,,,,,,,,,,,,,,,,,,,,,,,,,,,,,,,,,,,,,,,,,,,,,,,,,,,,,,,,,,,,,,,*/fˈɑːrkɑ/,*/fˌɑːrkˈɔɲu/,,,,,,,,,,,,,,,,,,,,,,,,,,,,,,,,,,,,,,,,,,,,,,,,,,,,,,,,,,,,,,,,,,,,,,,,,,,,,,,,,,,,,,,,,,,,,,,,,,,,,,,,,,,,,,,,,,,,,,,,,,,,,,,,,,,,,,,,,,,,,,,,,,,,,,,,,,,,,,,,,,,,,,,,,,,,,,,,,,,,,,,,,,,,,,,,,,,,,,,,,,,,,,,,,,,,,,,,,,,,,,,,,,,,,,,,,,,,,,,,,,,,,,,,,,,,,,,,,,,,,,,,,,,,,,,,,,,,,,,,,,,,,,,,,,,,,,,,,,,,,,,,,,,,,,,,,,,,,,,,,,,,,,,,,,,,,,,,,,,,,,,,,,,,,,,,,,,,,,,,,,,,,,,,,,,,,,,,,,,,,,,,,,,,,,,,,,,,,,,,,,,,,,,,,,,,,,*/mˌɑːstɛrˈɔɲu/,*/mˌɑːstˈɛrkʊ/,,,,,,,,,,,,,,,,,,,,,,,,,,,,,,,,,,,,,,,,,,,,,,,,,,,,,,,,,,,,,,,,,,,,,,,,,,,,,,,,,,,,,,,,,,,,,,,,,,,,,,,,,,,,,,,,,,,,,,,,,,,,,,,,,,,,,,,,,,,,,,,,,,,,,,,,,,,,,,,,,,,,,,,,,,,,,,,*/pˌɪːrtˈɔɲu/,,,,,,,,,,,,,,,,,,,,,,,,,,,,,,,,,,,,,,*/pˌʊstˈɔɲu/,*/pˌʊstˈɑtɛ/,,,,,,,,,,,,,,,,,,,,,,,,,,,,,,,,,,,,,,,,,,,,,,,,,,,,,,,,,,,,,,,,,,,,,,,,,,,,,,,,,,,,,,,,,,,,,,,,,,,,,,,,,,,,,,,,,,,,,,,,,,,,*/sˈiː/,,,,,,,,,,,,,,,,,,,,,,,,,,,,,,,,,,,,,,,,,,,,,,,,,,,,,,,,,,,,,,,,,,,,,,,,,,,,,,,,,,,,,,,,,,,,,,,,,,,,,,,,,,,,,,,,,,,,,,,,,,,,,,,,*/trˌumskˈoe̯ɲu/,,,,,,,,,,,,,,,,,,,,,,,,,,,,,,,,,,,,,,,,,,,,,,,,,,,,,,,,,,,,,,,,,,,,,,,,,,,
R81,,,,,,,,,,,,,,,,,,,,,,,,,,,,,,,,,,,,,,,,,,,,,,,,,,,,,,,,,,,,,,,,,,,,,,,,,,,,,,,,,,,,,,,,,,,,,,,,,,,,,,,,,,,,,,,,,,,,,,,,,,,,,,,,,,,,,,,,,,,,,,,,,,,,,,,,,,,,,,,,,,,,,,,,,,,,,,,,,,,,,,,,,,,,,,,,,,,,,,,,,,,,,,,,,,,,,,,,,,,,,,,,,,,,,,,,,,,,,,,,,,,,,,,,,,,,,,,,,,,,,,,,,,,,,,,,,,,,,,,,,,,,,,,,,,,,,,,,,,,,,,,,,,,,,,,,,,,,,,,,,,,,,,,,,,,,,,,,,,,,,,,,,,,,,,,,,,,,,,,,,,,,,,,,,,,,,,,,,,,,,,,,,,,,,,,,,,,,,,,,,,,,,,,,,,,,,,,,,,,,,,,,,,,,,,,,,,,,,,,,,,,,,,,,,,,,,,,,,,,,,,,,,,,,,,,,,,,,,,,,,,,,,,,,,,,,,,,,,,,,,,,,,,,,,,,,,,,,,,,,,,,,,,,,,,,,,,,,,,,,,,,,,,,,,,,,,,,,,,,,,,,,,,,,,,,,,,,,,,,,,,,,,,,,,,,,,,,,,,,,,,,,,,,,,,,,,,,,,,,,,,,,,,,,,,,,,,,,,,,,,,,,,,,,,,,,,,,,,,,,,,,,,,,,,,,,,,,,,,,,,,,,,,,,,,,,,,,,,,,,,,,,,,,,,,,,,,,,,,,,,,,,,,,,,,,,,,,,,,,,,,,,,,,,,,,,,,,,,,,,,,,,,,,,,,,,,,,,,,,,,,,,,,,,,,,,,,,,,,,,,,,,,,,,,,,,,,,,,,,,,,,,,,,,,,,,,,,,,,,,,,,,,,,,,,,,,,,,,,,,,,,,,,,,,,,,,,,,,,,,,,,,,,,,,,,,,,,,,,,,,,,,,,,,,,,,,,,,,,,,,,,,,,,,,,,,,,,,,,,,,,,,,,,,,,,,,,,,,,,,,,,,,,,,,,,,,,,,,,,,,,,,,,,,,,,,,,,,,,,,,,,,,,,,,,,,,,,,,,,,,,,,,,,,,,,,,,,,,,,,,,,,,,,,,,,,,,,,,,,,,,,,,,,,,,,,,,,,,,,,,,,,,,,,,,,,,,,,,,,,,,,,,,,,,,,,,,,,,,,
R82,,,,,,,,,,,,,,,,,,,,,,,,,,,,,,,,,,,,,,,,,,,,,,,,,,,,,,,,,,,,,,,,,,,,,,,,,,,,,,,,,,,,,,,,,,,,,,,,,,,,,,,,,,,,,,,,,,,,,,,,,,,,,,,,,,,,,,,,,,,,,,,,,,,,,,,,,,,,,,*/rɛˈyːjlɑ/,,,,,,,,,,,,,,,,,,,,,,,,,,,,,,,,,,,,,,,,,,,,,,,,,,,,,,,,,,,,,,,,,,,,,,,,,,,,,,,,,,,,,,,,,,,,,,,,,,,,,,,,,,,,,,,,,,,,,,,,,,,,,,,,,,,,,,,,,,,,,,,,,,,,,,,,,,,,,,,,,,,,,,,,,,,,,,,,,,,,,,,,,,,,,,,,,,,,,,,,,,,,,,,,,,,,,,,,,,,,,,,,,,,,,,,,,,,,,,,,,,,,,,,,,,,,,,,,,,,,,,,,,,,,,,,,,,,,,,,,,,,,,,,,,,,,,,,,,,,,,,,,,,,,,,,,,,,,,,,,,,,,,,,,,,,,,,,,,,,,,,,,,,,,,,,,,,,,,,,,,,,,,,,,,,,,,,,,,,,,,,,,,,,,,,,,,,,,,,,,,,,,,,,,,,,,,,,,,,,,,,,,,,,,,,,,,,,,,,,,,,,,,,,,,,,,,,,,,,,,,,,,,,,,,,,,,,,,,,,,,,,,,,,,,,,,,,,,,,,,,,,,,,,,,,,,,,,,,,,,,,,,,,,,,,,,,,,,,,,,,,,,,,,,,,,,,,,,,,,,,,,,,,,,,*/pɑˈyːkʊlɑ/,,,,,,,,,,,,,,,,,,,,,,,,,,,,,,,,,,,,,,,,,,,,,,,,,,,,,,,,,,,,,,,,,,,,,,,,,,,,,,,,,,,,,,,,,,,,,,,,,,,,,,,,,,,,,,,,,,,,,,,,,,,,,,,,,,,,,,,,,,,,,,,,,,,,,,,,,,,,,,,,,,,,,,,,,,,,,,,,,,,,,,,,,,,,,,,,,,,,,,,,,,,,,,,,,,,,,,,,,,,,,,,,,,,,,,,,,,,,,,,,,,,,,,,,,,,,,,,,,,,,,,,,,,,,,,,,,,,,,,,,,,,,,,,,,,,,,,,,,,,,,,,,,,,,,,,,,,,,,,,,,,,,,,,,,,,,,,,,,,,,,,,,,,,,,,,,,,,,,,,,,,,,,,,,,,,,,,,,,,,,,,,,,,,,,,,,
R83,,,,,,,,,,,,,,,,,,,,,,,,,,,,,,,,,,,,,,,,,,,,,,,,,,,,,,,,,,,,,,,,,,,,,,,,,,,,,,,,,,,,,,,,,,,,,,,,,,,,,,,,,,,,,,,,,,,,,,,,,,,,,,,,,,,,,,,,,,,,,,,,,,,,,,,,,,,,,,,,,,,,,,,,,,,,,,,,,,,,,,,,,,,,,,,,,,,,,,,,,,,,,,,,,,,,,,,,,,,,,,,,,,,,,,,,,,,,,,,,,,,,,,,,,,,,,,,,,,,,,,,,,,,,,,,,,,,,,,,,,,,,,,,,,,,,,,,,,,,,,,,,,,,,,,,,,,,,,,,,,,,,,,,,,,,,,,,,,,,,,,,,,,,,,,,,,,,,,,,,,,,,,,,,,,,,,,,,,,,,,,,,,,,,,,,,,,,,,,,,,,,,,,,,,,,,,,,,,,,,,,,,,,,,,,,,,,,,,,,,,,,,,,,,,,,,,,,,,,,,,,,,,,,,,,,,,,,,,,,,,,,,,,,,,,,,,,,,,,,,,,,,,,,,,,,,,,,,,,,,,,,,,,,,,,,,,,,,,,,,,,,,,,,,,,,,,,,,,,,,,,,,,,,,,,,,,,,,,,,,,,,,,,,,,,,,,,,,,,,,,,,,,,,,,,,,,,,,,,,,,,,,,,,,,,,,,,,,,,,,,,,,,,,,,,,,,,,,,,,,,,,,,,,,,,,,,,,,,,,,,,,,,,,,,,,,,,,,,,,,,,,,,,,,,,,,,,,,,,,,,,,,,,,,,,,,,,,,,,,,,,,,,,,,,,,,,,,,,,,,,,,,,,,,,,,,,,,,,,,,,,,,,,,,,,,,,,,,,,,,,,,,,,,,,,,,,,,,,,,,,,,,,,,,,,,,,,,,,,,,,,,,,,,,,,,,,,,,,,,,,,,,,,,,,,,,,,,,,,,,,,,,,,,,,,,,,,,,,,,,,,,,,,,,,,,,,,,,,,,,,,,,,,,,,,,,,,,,,,,,,,,,,,,,,,,,,,,,,,,,,,,,,,,,,,,,,,,,,,,,,,,,,,,,,,,,,,,,,,,,,,,,,,,,,,,,,,,,,,,,,,,,,,,,,,,,,,,,,,,,,,,,,,,,,,,,,,,,,,,,,,,,,,,,,,,,,,,,,,,,,,,,,,,,,,,,,,,,,,,,,,,,,,,,,,,,,,,,,,,
R84,,,,,,,,,,,,,,,,,,,,,,,,,,,,,,,,,,,,,,,,,,,,,,,,,,,,,,,,,,,,,,,,,,,,,,,,,,,,,,,,,,,,,,,,,,,,,,,,,,,,,,,,,,,,,,,,,,,,,,,,,,,,,,,,,,,,,,,,,,,,,,,,,,,,,,,,,,,,,,,,,*/ˌyːˈoe̯jɲu/,,,,,,,,,,,,,,,,,,,,,,,,,,,,,,,,,,,,,,,,,,,,,,,,,,,,,,,,,,,,,,,,,,,,,,,,,,,,,,,,,,,,,,,,,,,,,,,,,,,,,,,,,,,,,,,,,,,,,,,,,,,,,,,,,,,,,,,,,,,,,,,,,,,,,,,,,,,,,,,,,,,,,,,,,,,,,,,,,,,,,,,,,,,,,,,,,,,,,,,,,,,,,,,,,,,,,,,,,,,,,,,,,,,,,,,,,,,,,,,,,,,,,,,,,,,,,,*/kˌyːtˈɑtɛ/,,,,,*/klˌyːtˈyrɑ/,,,,,,,,,,,,,,,,,,,,,,,,,,,,,,,,,,,,,,,,,,,,,,,,,,,,,,,,,,,,,,,,,,,,,,,,,,,,,,,,,,,,,,,,,,,,,,,,,,,,,,,,,,,,,,,,,,,,,,,,,,,,,,,,,,,,,,,,,,,,,,,,,,,,,,,,,,,,,,,,,,,,,,,,,,,,,,,,,,,,,,,,,,,,,,,,,,,,,,,,,,,,,,,,,,,,,,,,,,,,,,,,,,,,,,,,,,,,,,,,,,,,,,,,,,,,,,,,,,,,,,,,,,,,,,,,,,,,,,,,,,,,,,,,,,,,,,,,,,,,,,,,,,,,,,,,,,,,,,,,,,,,,,,,,,,,,,,,,,,,,,,,,,,,,,,,,,,,,,,,,,,,,,,,,,,,,,,,,,,,,,,,,,,,,,,,,,,,,,,,,,,,,,,,,,,,,,,,,,,,,,,,,,,,,,,,,,,,,,,,,,,,,,,,,,,,,,,,,,,,,,,,,,,,,,,,,,,,,,,,,,,,,,,,,,,,,,,,,,,,,,,,,,,,,,,,,,,,,,,,,,,,,,,,,,,,,,,,,,,,,,,,,,,,,,,,,,,,,,,,,,,,,,,,,,,,,,,,,,,,,,,,,,,,,,,,,,,,,,,,,,,,,,,,,,,,,,,,,,,,,,,,,,,,,,,,,,,,,,,,,,,,,,,,,,,,,,,,,,,,,,,,,,,,,,,,,,,,,,,,,,,,,,,,,,,,,,,,,,,
R85,,,,,,,,,,,,,,,,,,,,,,,,,,,,,,,,,,,,,,,,,,,,,,,,,,,,,,,,,,,,,,,,,,,,,,,,,,,,,,,,,,,,,,,,,,,,,,,,,,,,,,,,,,,,,,,,,,,,,,,,,,,,,,,,,,,,,,,,,,,,,,,,,,,,,,,,,,,,,,,,,,,,,,,,,,,,,,,,,,,,,,,,,,,,,,,,,,,,,,,,,,,,,,,,,,,,,,,,,,,,,,,,,,,,,,,,,,,,,,,,,,,,,,,,,,,,,,,,,,,,,,,,,,,,,,,,,,,,,,,,,,,,,,,,,,,,,,,,,,,,,,,,,,,,,,,,,,,,,,,,,,,,,,,,,,,,,,,,,,,,,,,,,,,,,,,,,,,,,,,,,,,,,,,,,,,,,,,,,,,,,,,,,,,,,,,,,,,,,,*/kˌɛrˈœːɛlːʊ/,*/kˌɛrˈœːrʊ/,,,,,,,,,,,,,,,,,,,,,,,,,,,,,,,,,,,,,,,,,,,,,,,,,,,,,,,,,,,,,,,,,,,,,,,,,,,,,,,,,,,,,,,,,,,,,,,,,,,,,,,,,,,,,,,,,,,,,,,,,,,,,,,,,,,,,,,,,,,,,,,,,,,,,,,,,,,,,,,,,,,,,,,,,,,,,,,,,,,,,,,,,,,,,,,,,,,,,,,,,,,,,,,,,,,,,,,,,,,,,,,,,,,,,,,,,,,,,,,,,,,,,,,,,,,,,,,,,,,,,,,,,,,,,,,,,,,,,,,,,,,,,,,,,,,,,,,,,,,,,,,,,,,,,,,,,,,,,,,,,,,,,,,,,,,,,,,,,,,,,,,,,,,,,,,,,,,,,,,,,,,,,,,,,,,,,,,,,,,,,,,,,,,,,,,,,,,,,,,,,,,,,,,,,,,,,,,,,,,,,,,,,,,,,,,,,,,,,,,,,,,,,,,,,,,,,,,,,,,,,,,,,,,,,,,,,,,,,,,,,,,,,,,,,,,,,,,,,,,,,,,,,,,,,,,,,,,,,,,,,,,,,,,,,,,,,,,,,,,,,,,,,,,,,,,,,,,,,,,,,,,,,,,,,,,,,,,,,,,,,,,,,,,,,,,,,,,,,,,,,,,,,,,,,*/tˌɛrˈœːɛlːɑ/,*/tˌɛrˈœːɛlːɑ/,,,,,,,,,,,,,,,,*/trˈœːɛzɑ/,,,,,,,,,,,,,,,,,,,,,,,,,,,,,,,,,,,,,,,,,,,,,,,,,,,,,,,,,,,,,,,,,,,,,,,,,,,,,,,,,,,,,,,,,,,,,,
R86,,,,,,,,,,,,,,,,,,,,,,,,,,,,,,,,,,,,,,,,,,,,,,,,,,,,,,,,,,,,,,,,,,,,,,,,,,,,,,,,,,,,,,,,,,,,,,,,,,,,,,,,,,,,,,,,,,,,,,,,,,,,,,,,,,,,,,,,,,,,,,,,,,,,,,,,,,,,,,,,,,,,,,,,,,,,,,,,,,,,,,,,,,,,,,,,,,,,,,,,,,,,,,,,,,,,,,,,,,,,,,,,,,,,,,,,,,,,,,,,,,,,,,,,,,,,,,,,,,,,,,,,,,,,,,,,,,,,,,,,,,,,,,,,,,,,,,,,,,,,,,,,,,,,,,,,,,,,,,,,,,,,,,,,,,,,,,,,,,,,,,,,,,,,,,,,,,,,,,,,,,,,,,,,,,,,,,,,,,,,,,,,,,,,,,,,,,,,,,,,,,,,,,,,,,,,,,,,,,,,,,,,,,,,,,,,,,,,,,,,,,,,,,,,,,,,,,,,,,,,,,,,,,,,,,,,,,,,,,,,,,,,,,,,,,,,,,,,,,,,,,,,,,,,,,,,,,,,,,,,,,,,,,,,,,,,,,,,,,,,,,,,,,,,,,,,,,,,,,,,,,,,,,,,,,,,,,,,,,,,,,,,,,,,,,,,,,,,,,,,,,,,,,,,,,,,,,,,,,,,,,,,,,,,,,,,,,,,,,,,,,,,,,,,,,,,,,,,,,,,,,,,,,,,,,,,,,,,,,,,,,,,,,,,,,,,,,,,,,,,,,,,,,,,,,,,,,,,,,,,,,,,,,,,,,,,,,,,,,,,,,,,,,,,,,,,,,,,,,,,,,,,,,,,,,,,,,,,,,,,,,,,,,,,,,,,,,,,,,,,,,,,,,,,,,,,,,,,,,,,,,,,,,,,,,,,,,,,,,,,,,,,,,,,,,,,,,,,,,,,,,,,,,,,,,,,,,,,,,,,,,,,,,,,,,,,,,,,,,,,,,,,,,,,,,,,,,,,,,,,,,,,,,,,,,,,,,,,,,,,,,,,,,,,,,,,,,,,,,,,,,,,,,,,,,,,,,,,,,,,,,,,,,,,,,,,,,,,,,,,,,,,,,,,,,,,,,,,,,,,,,,,,,,,,,,,,,,,,,,,,,,,,,,,,,,,,,,,,,,,*/θˈikɑ/,,,,,,,,,,,,,,,,,,,,,,,,,,,,,,,,,,,,,,,,,,,,,,,,,,,,,,,,,,,
R87,*/ˌɑvˌɛrrˈoɲu/,*/ˌɑbjˈeŋnu/,,,,,*/ˌɑdˌurˈoɲu/,,,,*/ˌɛstɪmˈoɲu/,,,,*/ˌɑkkˈiptu/,,*/ˌusˈuɲɑ/,*/ˈɑlbɑnu/,*/ˌɑlbɑnˈɛnsu/,*/ˈɑʎu/,,,*/ˌɑmbupˌɑtˈinu/,*/ˌɑmbulˈoɲu/,*/ˌɑmˈɪndulɑ/,*/ˌɑmˈiku/,,*/ˌɑmˈurɡɑ/,,,,*/ˌɑŋɡˈustu/,*/ˌɑŋɡustˈoɲu/,*/ˌɑntˈoɲu/,*/ˌɑnˈulːɑ/,*/ˌɑppˌɑrɑmˈɛntu/,,*/ˈɑptu/,,*/ˌɑrɡˈɛntu/,,*/ˌɑrmˈoɲu/,,*/ˌɑrmˌɪssˈorju/,*/ˌɑrrˈiwoɲu/,*/ˈɑrku/,,*/ˈɑskulɑ/,*/ˌɑspˈɑrɑɡu/,,*/ˌɑvˈɛntu/,,*/ˌɑwɡˈustu/,*/ˌɑwrjˈolu/,*/ˈɑwru/,*/ˌɑwˈunkulu/,*/bˈɑlsɑmu/,,*/bˌɑrˈɑtru/,,*/bˌɑrˈonɛ/,,,*/bˌɛndikˈoɲu/,,*/bˌiɲˈorju/,*/bˈolɑ/,,*/brˈokkɑ/,,,,*/bˌuβulkˈensu/,*/bˌuβˈulku/,*/bˌuβˈulki/,*/bˈufu/,*/bˈulːɑ/,*/bˈukkɑ/,*/bˈuksu/,*/bˈurɡu/,*/bˈuttɛ/,*/dˈɛmunɛ/,*/dˌɑmnˈoɲu/,*/dˈɑmnu/,*/dˌeβutˈoɲu/,*/dˌeβutˈorɛ/,*/dˌeβutˈorɪt͡ʃju/,*/dˌeβutˈyrɑ/,*/dˌelˌiβɛrˈoɲu/,*/dˌekˌɑptˈoɲu/,*/dˌepˌɛnɛtrˈoɲu/,*/dˌepˌustˈoɲu/,*/dˌerˌɑmˈoɲu/,*/dˌesˌidɛrˈoɲu/,,,,*/dˌɪɡtˈoɲu/,,*/dˌirɡˈoɲu/,*/dˌirˈeçtu/,,*/dˌɪskˌɑβɑlːɪkˈoɲu/,*/dˌɪskˌɑrrkˈoɲu/,,*/dˌɪskʷˌyrtˈoɲu/,*/dˌɪswˌelˈoɲu/,*/mˌudɛstɪkˈoɲu/,*/dˌulˈørɛ/,*/ɛdˌuɾˈoɲu/,,*/drˌɑnkˈonɛ/,*/drˈinu/,*/drˈiwɑstu/,*/dˈukɛ/,*/dˌuplɪkˈoɲu/,,*/ˌedˌɪktˈoɲu/,,*/ˌɛkku/,,*/ˌɛsˌɑmptˈoɲu/,*/ˌɛsˌɑnɪmˈoɲu/,*/ˌɛsˈɛmplu/,*/ˌɛsunurˈoɲu/,,*/ˌɛskˌɑβɑlːɪkˈoɲu/,*/ˌɛskˌɑlˈoɲu/,*/ˌɛskˌɑmbˈojɲu/,,*/ˌɛskˌɑrd͡ʒjˈoɲu/,*/ˌɛskˌɑrptˈoɲu/,*/ˌɛskˌɑtɛdrˈoɲu/,*/ˌɛskˌɑwdɪkˈoɲu/,,*/ˌɛskˈuβulu/,*/ˌɛskˌurtˈoɲu/,*/ˌɛskˈurtu/,*/ˌɛsmˈuʎɑ/,*/ˌɛsˈussu/,*/ˌɛspˌɛditˈoɲu/,*/ˌɛspˈɛditu/,*/ˌɛspˌɛlːˈɑwoɲu/,*/ˌɛspˌɛrlˈɑwoɲu/,*/ˌɛsrˌimˈoɲu/,*/ˌɛstˌɛnwˈoɲu/,,*/ˌɛsˌuŋɡulˈoɲu/,*/ˌɛswɪɡɪlˈoɲu/,,,,,,*/ˌerˌɑdɪkˈoɲu/,,*/ˈerikju/,,,,,,*/fˌɑːrkˈoɲu/,*/fˈɑɡu/,,,*/fˈɑʎu/,,,*/fˌɑlkˈonɛ/,,,,,*/fˈɑmulu/,,*/fˌɑrɪnˈoɲu/,,*/fˈɑrmɑku/,,*/fˌiʎˈolɑ/,*/fˈɑtu/,,*/fˌɛβrˈorju/,,,*/fˌɛrrˈuskɑ/,,*/fˌɪdˈoɲu/,*/fˈiku/,*/fˌiʎˈɑnu/,,,*/fˌɪlɪkˈetu/,*/fˈilu/,*/fˌɪrɡɪlˈinu/,*/fˌɪssˈikulɑ/,*/fˌɪstulˈoɲu/,*/flˈɑkulɑ/,*/flˈɑkulɑ/,,,*/flˈokku/,*/flˌorˈinu/,*/flˌuktulˈoɲu/,*/fˌuʎˈɑtɑ/,,*/fˈurnɪkɛ/,*/fˌurnɪkˈijɑ/,*/fˈortɛ/,*/fˌurtˈynɑ/,*/fˈussɑ/,*/fˌussˈɑtu/,*/frˈɑksɪnu/,,,,*/frˈenu/,*/frˌiɡˈoɲu/,*/frˌiɡulˈoɲu/,*/frˌɪkˈoɲu/,,*/frˈyçtu/,*/fˌulkˈijɑ/,,*/fˈundu/,*/fˈurkɑ/,*/fˈurnu/,*/fˈuskɪɲɑ/,*/fˌuskɪɲˈorju/,*/fˈustulu/,*/fˈutwu/,*/ɡˈɑlbɪnu/,*/ɡˈɑlɡulu/,,,,*/ɡˈɑttu/,*/ɡˈɑwd͡ʒju/,*/ɡˌɑwd͡ʒjumˈɛntu/,*/ɡˌɛmˈoɲu/,,,,*/ɡeˈørɡiu/,,*/ɡlˈɛmu/,,,*/ɡrˈɛku/,,*/ɡrˈɑtu/,,*/ɡrˈɛmju/,*/ɡrˌuˈɪlːɑ/,*/ɡrˌumulˈoɲu/,*/ɡrˈumulu/,,*/ɡˈulɑ/,*/ɡˈummɑ/,*/ɡˈunːɑ/,*/ɡˈuttɑ/,*/ɡˈiru/,,*/hˌɪvɛrnˈinu/,,*/hˈɪnːikulɑ/,*/hˌɪnːɪkulˈoɲu/,*/hˌɛrnɪdzˈoɲu/,,*/hˌurrˈeɲu/,*/ɟˈonwu/,,*/ɟˌɛjynˈoɲu/,,,,,*/ˌɪmpɑrˈoɲu/,,,*/ˌɪmpˌɛrˌɑtˈorɛ/,*/pˌɛrɑntˈorɛ/,*/ˌɪmpɛrˌɑturˈɪssɑ/,*/ˌɪmpɛrˈɑjtu/,,*/ˌɪmplˌɑntˈoɲu/,*/ˌɪmplˈoɲu/,,,*/ˌɪnˌɑlt͡ʃjˈoɲu/,*/ˌɪnˈɑltu/,*/ˌɪnˌɑwrtˈoɲu/,*/ɪnbˌurjˈɑnu/,*/ˌɪndˌespɪkˈoɲu/,,*/ˌɪndˌɪkˈoɲu/,*/ˌɪndˌɪktˈoɲu/,*/ˌɪndˌɪreçtˈoɲu/,,,*/ˌɪnfˌɑskjˈoɲu/,*/ˌinfˈɛrnu/,,,*/ˌɪnɪmˈiku/,*/ˌɪnkˌɑβɑlːɪkˈoɲu/,*/ˌɪnkˌɑrrkˈoɲu/,*/ˌɪnkˌɑwsɪnˈojɲu/,*/ˌɪnkuɲˌirˈoɲu/,*/ˌɪnkˌunsulˈoɲu/,*/ˌɪnkˈordu/,*/kˈudɛ/,*/kˈudɪnɛ/,*/ˌɪnkˌuɲˈoɲu/,*/ˌɪnːˈokʷu/,*/ˌɪnˈoffulɑ/,,*/ɪnpˌɛnsˈoɲu/,,*/ˈinsulɑ/,*/ˌɪntˌɛlːɪɡˈoɲu/,*/ˌɪntɛɡrˈoɲu/,,*/ˌɪntɪɲˈoɲu/,,*/ˌɪnvˈɛrnu/,*/ˌɪnwˌɪd͡ʒjˈoɲu/,*/wˌitˈoɲu/,*/ˌɪnwˌɪt͡ʃjˈoɲu/,,,,*/ɟˌydɪkˈoɲu/,,*/ɟˈydikju/,,*/ɟˈynktu/,*/ɟˌyrˈoɲu/,*/ɟˌuvˈɛnkɑ/,,*/kˈɛlu/,*/kˌɑlɑmˈetu/,*/kˈɑlɑmu/,,*/kˌɑlɛndˈorju/,,,,,*/kˌɑmbˈojɲu/,,,,,,,,,,*/kˌɑnːˈetu/,*/kˌɑntˈoɲu/,*/kˈɑntɑru/,,*/kˌɑntkˈɛlːu/,,*/kˌɑprjˈolu/,,*/kˌɑpssˈoɲu/,*/kˌɑpˈɪstru/,,*/kˌɑpˈonɛ/,*/kˈɑprju/,,,*/kˌɑrpˈut͡ʃju/,,*/kˌermɪɲˈoɲu/,,,*/kˌɑrrˌikulˈoɲu/,,,,,*/kˌɑstɑnˈɛttu/,,*/kˌɑstˈɛlːu/,,,,,*/kˈɛntru/,*/kˌɛntrˈoɲu/,,*/kˌepˈulːɑ/,*/kˌɛrɑsjˈorju/,*/kˌɛrˈøːɛlːu/,*/kˌɛrˈøːru/,*/kjˈarru/,,*/kˌɛrtˈoɲu/,*/kjˈoɲu/,,,*/kkˈorjɑ/,,*/kˌimˈussɑ/,*/kˈiŋɡulɑ/,*/kˌɪrkˈoɲu/,,*/kjˈarkulu/,*/kjˈarku/,,,*/klˌɑmˈoɲu/,*/klˌɑrˈoɲu/,,*/klˈɑwɑnu/,,,,,,*/klˌɛmːˈustu/,*/kˌuˌemptˈoɲu/,*/kˌuʎɪtˈoɲu/,*/kˌuŋnˈɑtu/,*/kˌuˌerˈedɛ/,*/kˌuˈiɲu/,*/kˌulˈoɲu/,*/kˌulːˈɑrɛ/,*/kˌulːˌukt͡ʃjˈoɲu/,*/kˌulːˌyktˈoɲu/,*/kˌulːˌimɪtˈoɲu/,*/kˌulˈostru/,*/kˌulumbɪnˈijɑ/,*/kˌulumnˈɑt͡ʃjɑ/,*/kˈunkɑ/,*/kˈokkɑ/,*/kˈokkju/,*/kˈokʷu/,*/kˈoksɑ/,,*/kˈomɑ/,*/kˌummˈɛrkju/,*/kˌummunikˈoɲu/,*/kˈumptɛr/,*/kˌupˌutˈoɲu/,*/kˌupˌutˈoɲu/,*/kˈumptu/,*/kˌunfˈiɲu/,*/kˌunsˈilːu/,*/kˌunskrˌɪptˈoɲu/,*/kˌunsˌuβrˈinu/,*/kˌunstˈoɲu/,*/kˈunsulɛ/,*/kˌutˌɛntˈoɲu/,*/kˈuntrɑ/,*/kˌuntrˈorju/,*/kˌuntrɑstˈorju/,*/kˌunˈukulɑ/,*/kˌuvˌɛntˈoɲu/,*/kˌunvˈɛntu/,,*/kˈorbulɑ/,*/kˈordɑ/,*/kˈorju/,*/kˌurnˈikulu/,,*/kˌurˈonɑ/,*/kˈorpu/,,*/kˌurtˈinɑ/,*/kˈoru/,*/kˌurwˈinu/,*/kˈorwu/,*/kˈossu/,*/ktˈoɲu/,*/kˌuttɪdzˈoɲu/,*/krˈɑpulu/,*/krˌɛjˈoɲu/,,,*/krˈetku/,,*/krˌɪsmˈoɲu/,,,,,,*/krˈokulu/,*/krˈunsku/,,,*/kˈuβutu/,*/kkˈurbutɑ/,*/kˈukuru/,,*/kˈulktrɑ/,*/kˈulmɛ/,*/kˈumulu/,*/kˈulumu/,*/kˈuɲu/,*/kˌuɲˈoɲu/,*/kˌunktˈoɲu/,*/kˈuppu/,*/kˈuppɑ/,*/kˌyrˈoɲu/,*/kˌurt͡ʃjˈoɲu/,,,*/kʷˈodru/,*/kʷˌɛrˈoɲu/,,*/kʷˈortɑ/,*/kʷˈortu/,*/kʷˌɑsˈɪlːu/,,*/kʷjˈetu/,,,*/kˈɪprju/,*/lˌɑvørˈoɲu/,*/lˌɑβrˈuskɑ/,*/lˌɑkˈonɛ/,,*/lˌɑsˈoɲu/,*/lˈɑkʷju/,*/lˌɑŋɡʷˈoɲu/,,,,,*/lˈɑrɡu/,*/lˈɑrdu/,*/lˈɑssu/,*/lˌɑtˈinu/,*/lˈɑwoɲu/,,,,,*/lˈɑwru/,,*/lˌɛntˈoɲu/,*/ʎˈonɛ/,*/lˈɛpurɛ/,*/lˈɛpuʎe/,,*/lˈiβɛru/,,*/lˌiβɛrˈoɲu/,,*/lˈilːu/,*/lˈikju/,,*/lˌimˈoɲu/,*/lˈinu/,,,*/lˈɪssu/,,*/lˌydˈoɲu/,*/lˌukˈɛrnɑ/,*/lˈukru/,*/lˈuktɑ/,*/lˌuktˈoɲu/,*/lˌuktɑtˈorɛ/,*/lˈuntrɛ/,*/lˌupkkˈɑtu/,*/lˌupkˈɛrwulu/,*/lˈystru/,*/mˈɛstru/,,*/mˌɑːstɛrˈoɲu/,*/mˌɑːstˈɛrku/,,*/mˈɑju/,*/mˌɑludikˈoɲu/,*/mˌɑlːɛt͡ʃjˈolɑ/,*/mˌɑʎˈolɑ/,*/mˌɑlˈetu/,*/mˈɑʎu/,*/mˌɑlɪt͡ʃjˈoɲu/,,*/mˈɑlu/,,,*/mˌɑnkˈoɲu/,*/mˌɑnpulˈoɲu/,,*/mˈɑnku/,,*/mˌɑnkˈoɲu/,*/mˈɑnkɪnu/,*/mˈɑɲtu/,,,,*/mˌɑrɛlˈykju/,*/mˌɑrtˈoɲu/,*/mˌɑrtˈoɲu/,,*/mˈɑrku/,*/mˈɑrmurɛ/,*/mˌɑrrkˌinˈetu/,,*/mˌɑrtˈinu/,*/mˈɑrt͡ʃju/,*/mˈɑru/,*/mˌɑrˈynu/,*/mˈɑskulu/,,*/mˌɑstɪkˈoɲu/,*/mˌɑtˈɑksu/,,*/mˌɑtrˈikulɑ/,*/mˌɑtt͡ʃjˈukku/,*/mˌɛdɪkˈoɲu/,*/mˌɛdɪkˈɑstru/,*/mˈɛdɪku/,*/mˌɛdɪtˈoɲu/,*/mˈɛd͡ʒju/,,,,*/mˌɛrid͡ʒjˈoɲu/,,*/mˌɛrɡˈoɲu/,,*/mˌɛrkˈurɑ/,*/mˌɛrulˈɑɲɑ/,*/mˈɛtulɑ/,*/mˌɪɡrˈoɲu/,,*/mˌɪnɪstrˈoɲu/,,*/mˌirˌɑkulˈoɲu/,*/mˌirˈojɲu/,,,,*/mˈud͡ʒju/,*/mˈodu/,*/mˌulˈɑrɛ/,*/mˌulˈinu/,*/mˌemːˈɛntu/,*/mˈunɑku/,,*/mˌurtˈɑʎɑ/,*/mˈortɛ/,*/mˈyku/,*/mˈulɑ/,*/mˌulkˈoɲu/,*/mˈylu/,*/mˌurmurˈoɲu/,*/mˈyru/,*/mˌuskɛlˈorju/,*/mˌuskˈoɲɑ/,*/mˈuskulu/,*/mˈysku/,*/mˈustu/,,,,,*/mˈɛɡulɑ/,,*/nkˌɑrdˌulːˈikjɑ/,*/nˈødu/,*/nˈødulu/,*/nˌɪmːɪnˈoɲu/,*/nˈonːu/,*/nˌotˈoɲu/,*/nˈowɑstru/,*/nˌowˈɛrkɑ/,*/nˌumɛrˈoɲu/,*/nˈumɛru/,*/nˈupt͡ʃjɑ/,,*/ˌufˈɛlːɑ/,*/ˌuʎˈɑstru/,*/ˈoʎɑstru/,*/ˈoʎu/,*/ˌulˈiwɑnu/,*/ˈopɛrɑ/,*/ˌurˈoɲu/,*/ˈørbu/,*/ˌurdɪnˈoɲu/,*/ˌurdɪnˈɑtɑ/,*/ˈordɪnɛ/,*/ˈornu/,*/ˈorfɑnu/,*/ˌusktˈoɲu/,*/ˈøtu/,,,*/pˌɑβulˈoɲu/,,,,,,,,,*/pˌɑlˈumbu/,,*/pˌɑçtˈoɲu/,,*/pˌɑlˈɑt͡ʃju/,,*/pˌɑrˈɑβulɑ/,,*/pˌɑrˈoɲu/,*/pˌɑrˈoɲu/,*/pˌɑrɛntˈoɲu/,,*/frˌɑsjˈolu/,*/fˌɑsjˈolu/,,*/pˈɑssu/,*/pˌɑstyrˈɑku/,*/pˌɑt͡ʃjˈoɲu/,*/pɑˈyːkulɑ/,*/pˈɑwku/,,*/pˌɑwlˈoɲu/,*/pˌɑwulˈonɛ/,,,,*/pˌɛkˈulːu/,,*/pˌensˈoɲu/,,,*/pˈɛrɡulɑ/,,*/pˌɛrˌɪndulˈeɲu/,*/ˌɪndˌulˈeɲu/,*/pˌɛrpˌɑrˈoɲu/,*/pˌɛrpˌɑrˈoɲu/,*/pˌɛrwɪɡɪlˈoɲu/,*/pˌɛssɪkˈoɲu/,,,,,*/pˈɪŋnu/,*/pˌɪːrtˈoɲu/,,,,,*/pˈilːu/,,,,*/pˌɪskɑtˈorɛ/,,,,*/pˈɪttɪku/,*/pˈɪttulɑ/,,,*/plˈɑnku/,*/plˈɑntku/,,*/plˌɪkˈinu/,*/plˈiçt͡ʃju/,*/plˈøpu/,*/plˈumbu/,*/pˌulˈɛntɑ/,*/pˌulːɪkˈoe̯rju/,*/pˌulːɪkˈɑjrɛ/,,*/pˈorru/,*/pˈorru/,*/pˈopulu/,*/pˈorrikju/,*/pˌurrɪnˈijɑ/,*/pˌurrˈinu/,*/pˈortɑ/,*/pˌusˈoɲu/,,,*/pˌustˈoɲu/,*/pˌustˈɑtɛ/,*/pˈottu/,,,*/prˌɛdˈoɲu/,,,,,,,*/prˌoˈiβoɲu/,*/prˈoksɪmu/,*/prˌosɪmˈoɲu/,*/prˌemːˌɪttˈoɲu/,,*/pˈuβlɪku/,*/pˈulːɑ/,*/pˈulːu/,*/pˈulpɑ/,*/pˈulwɛrɛ/,*/pˈuŋɡɑ/,*/pˈuɲtɑ/,*/pˈuppɑ/,*/pˈut͡ʃju/,*/pˌuttˈɑnɑ/,*/fˈɑru/,*/rˌɑdˈoɲu/,,,*/rˌɑdˈikulɑ/,,,,*/rˈɑpu/,*/rˈɑru/,,*/rˌɑstˈɛlːu/,*/ˌɑdrˌɑt͡ʃjˈonɛ/,,,,*/rˈeɡulu/,*/kˈosju/,*/rˈemu/,,,*/rˌɛsˌurɡˈoɲu/,,,,*/rˌɪɡˈoɲu/,*/rˈikɪnu/,*/rˌimˈoɲu/,,,*/rˈokkɑ/,*/rˌemːˈɑnu/,*/rˈumbu/,*/rˈumbulu/,*/rˌumfˈɛjɑ/,,*/rˌospˈoɲɑ/,*/rˈotɑ/,*/rˈotulu/,*/rˌotˈundɑ/,*/rˌynˈoɲu/,*/rˌunkˈoɲu/,*/rˈudɛ/,,*/rˌumpˈɛɲu/,,,*/sˌɑβˈurru/,*/sˈɛkulu/,,*/sˌɛttˈoɲu/,*/sˌɑʎɪttˈoɲu/,*/sˈɑɡu/,*/sˈɑkkulu/,*/sˌɑkrˈoɲu/,,,,*/sˌɑlɪkˈetu/,,,*/sˌɑlwˈoɲu/,,,*/sɐɾˈoɲu/,,,*/sˌɑŋɡʷuɲˈɑtɑ/,*/sˌuɲɪsˈuɲɑ/,,*/sˈɑɲtu/,,,,*/sˌɑɲˈɑkoβo/,*/kˌɑlɪksˈɑɲtu/,,,*/sˌɑppˈoɲu/,*/sˈɑpu/,,*/sˌɑlɪkɪnˈorju/,*/sˌɑrmˈɛntu/,*/sˌɑtˈuntɑ/,*/sˌɛkrˈetu/,*/sˌɛkʷˈoɲu/,,,,,*/sˌɛrtˈoɲu/,,*/sˌɛrwˈɪt͡ʃju/,*/sˌɪrwitˈorɛ/,,*/sˈɛssu/,*/sˌɪŋnˈoɲu/,*/sˈɪŋnu/,,,*/sˈikulɑ/,*/sˌɪmɪlˈojɲu/,,*/sˈinu/,*/sˈɪrpu/,,,,*/skˈɑmnu/,,*/skˈɑndulu/,,,,*/ˌɛsklˈøppu/,*/skˈodrɑ/,*/skˈolɑ/,,,,*/skˈort͡ʃjɑ/,*/skrˈiβoɲu/,*/skˈulkɑ/,*/skˈumɑ/,*/skˈytu/,*/skʷˈɑtu/,*/sˈulku/,*/sˈokɑ/,*/sˈokjɑ/,*/sˈokju/,*/sˈolɑ/,*/sˌulˈɑnu/,*/sˈolu/,*/sˈorbɑ/,*/sˈortɛ/,*/sˌurtˈikɑ/,*/sˌurtɪlɛɡˈijɑ/,,*/spˈɑtulɑ/,,*/spˌerˈojɲu/,,*/spˈirtu/,*/spˈɪssu/,,*/spˈud͡ʒjɑ/,*/spˈortɑ/,*/stˈɑβulɑ/,*/stˈɑmnu/,*/stˈɑnku/,,*/stˈɑtu/,*/stˌɛrnˈɑku/,*/strˈɑmbu/,*/strˈembɪnu/,*/strˈɑtu/,,*/strˈɪɲtu/,*/strˌɪŋɡˈoɲu/,*/stˈuppɑ/,*/stˌuppˈoɲu/,*/stˈurnu/,,*/sˌedˈoɲu/,*/sˌuβlˈɑtɑ/,*/sˌuβmˌɑrˈitkɑ/,*/sˌuβrˌɑwkˈoɲu/,*/sˌubtɛrrˌɑnˈijɑ/,*/sˌuffɛrˈɪɲu/,*/sˈuçtɑ/,*/sˌuçtˈoɲu/,*/sˈummɑ/,*/sˌupɛrkˌɑdˈɑlɛ/,,*/sˈurdu/,,,*/tˈɑktu/,*/tˌɑɪtˈoɲu/,,,,,,*/tˈɑwɾu/,,*/tˈeɡulɑ/,,,,*/tˌɛrˈøːɛlːɑ/,*/tˌɛrˈøːɛlːɑ/,*/tˌɛrrɛmˈøtu/,*/tˌɛrrˈɑtku/,,*/ˌɪntˌɛstɪmˈoɲu/,*/tˌimˈonɛ/,,,,,*/tˈɪnːunkulu/,*/tˈɪtulu/,*/tˌukkˈoɲu/,*/tˈorkulu/,*/tˈornu/,*/tˈortɑ/,*/trˈøːɛzɑ/,*/trˈɑβu/,*/trˌɑdˈoɲu/,*/trˌɑjˌɛktˈorju/,*/trˌɑçtˈoɲu/,,*/trˌɑnsflˈoɲu/,*/trˌɑnsɪɡˈoɲu/,*/trˈiβulu/,*/trˌɑnsmˌɛd͡ʒjˈoɲu/,*/trˌɪfˈoʎɑ/,*/trˌɪfˈilːu/,*/trˌɪfˈurku/,,,,*/trˌydɪkulˈiɲu/,,*/trˈumbɑ/,,*/trˈunku/,*/tˌurt͡ʃjˈoɲu/,*/tˈuβulɑ/,*/tˈufɑ/,*/tˈumbɑ/,*/tˈumulu/,*/tˈundu/,*/tˈurbɑ/,*/tˌurbˈoɲu/,*/tˌurbulˈoɲu/,*/tˈurbulu/,*/tˈurmɑ/,,*/tˈurrɛ/,*/tˈurturɛ/,,*/ˌunkˈoɲu/,,*/upˈupɑ/,*/ˌurulˈiɲu/,*/ˌutrˈinu/,*/wˌɑɡˈoɲu/,*/wˈɑku/,,,,,,,,*/wˈelu/,,*/wˌɛnˈenu/,,*/wˌɛtˌɪlˈoɲu/,,,*/wˌɛrrˈikulu/,,*/wˌɛrsˈoɲu/,*/wˌɛskˈojɲu/,*/wˈesku/,,,*/wˌɛstɪɡˈoɲu/,,,,,,,*/wˌikˈinu/,*/wˌɪçtˈorjɑ/,,,*/wˌiɲˈɑlu/,*/ˌɪnwɪɡˈijlu/,,*/wˌɪrɡˈɑnu/,,,,*/wˌɪstˈoɲu/,*/wˈɪstulu/,*/wˈɪsku/,*/wˈɪt͡ʃju/,*/wˌɪtˈuʎɑ/,,*/wˌɪttˈulɑ/,*/wˈiwoɲu/,*/wˈolɑ/,*/wˈolpulu/,*/wˌuluntˈɑtɛ/,*/wˈomɪ/,*/wˌulːɛrˈɑtɑ/
R88,,,,,,,,,,,,,,,,,,,,,,,,,,,,,,,,,,,,,,,,,,,,,,,,,,,,,,,,,,,,,,,,,,,,,,,,,,,,,,,,,,,,,,,,,,,,,,,,,,,,,,,,,,,,,,,,,,,,,,,,,,,,,,,,,,,,,,,,,,,,,,,,,,,,,,,,,,,,,,,,,,,,,,,,,,,,,,,,,,,,,,,,,,,,,,,,,,,,,,,,,,,,,,,,,,,,,,,,,,,,,,,,,,,,,,,,,,,,,,,,,,,,,,,,,,,,,,,,,,,,,,,,,,,,,,,,,,,,,,,,,,,,,,,,,,,,,,,,,,,,,,,,,,,,,,,,,,,,,,,,,,,,,,,,,,,,,,,,,,,,,,,,,,,,,,,,,,,,,,,,,,,,,,,,,,,,,,,,,,,,,,,,,,,,,,,,,,,,,,,,,,,,,,,,,,,,,,,,,,,,,,,,,,,,,,,,,,,,,,,,,,,,,,,,,,,,,,,,,,,,,,,,,,,,,,,,,,,,,,,,,,,,,,,,,,,,,,,,,,,,,,,,,,,,,,,,,,,,,,,,,,,,,,,,,,,,,,,,,,,,,,,,,,,,,,,,,,,,,,,,,,,,,,,,,,,,,,,,,,,,,,,,,,,,,,,,,,,,,,,,,,,,,,,,,,,,,,,,,,,,,,,,,,,,,,,,,,,,,,,,,,,,,,,,,,,,,,,,,,,,,,,,,,,,,,,,,,,,,,,,,,,,,,,,,,,,,,,,,,,,,,,,,,,,,,,,,,,,,,,,,,,,,,,,,,,,,,,,,,,,,,,,,,,,,,,,,,,,,,,,,,,,,,,,,,,,,,,,,,,,,,,,,,,,,,,,,,,,,,,,,,,,,,,,,,,,,,,,,,,,,,,,,,,,,,,,,,,,,,,,,,,,,,,,,,,,,,,,,,,,,,,,,,,,,,,,,,,,,,,,,,,,,,,,,,,,,,,,,,,,,,,,,,,,,,,,,,,,,,,,,,,,,,,,,,,,,,,,,,,,,,,,,,,,,,,,,,,,,,,,,,,,,,,,,,,,,,,,,,,,,,,,,,,,,,,,,,,,,,,,,,,,,,,,,,,,,,,,,,,,,,,,,,,,,,,,,,,,,,,,,,,,,,,,,,,,,,,,,,,,,,,,,,,,,,,,,,,,,,,,,,,,,,,,,,,,,,,,,,,,,,,,,,,,,,,,,,,,,,,
R89,,,,,,,,,,,,,,,,,,,,,,,,,,,,,,,,,,,,,,,,,,,,,,,,,,,,,,,,,,,,,,,,,,,,,,,,,,,,,,,,,,,,,,,,,,,,,,,,,,,,,,,,,,,,,,,,,,,,,,,,,,,,,,,,,,,,,,,,,,,,,,,,,,,,,,,,,,,,,,,,,,,,,,,,,,,,,,,,,,,,,,,,,,,,,,,,,,,,*/fˌirɡɪlˈinu/,,,,,,,,,,,,,,,,,,,,,,,,,*/frˌikˈoɲu/,,,,,,,,,,,,,,,,,,,,,,,,,,,,,,,,,,*/ɡrˌuˈilːɑ/,,,,,,,,,,,,,,,,,,,,,,,,,,,,,,,,,,,,,,,,,,*/ˌɪndˌikˈoɲu/,,,,,,,,,,,,,,,,,,,,,,,,,,,,,,,,,,,,,,,,,,,,,,,,,,,,,,,,,,,,,,,,,,,,,,,,,,,,,,,,,,,,,,,,,,,,,,,,,,,,,,,,,,,,,,,,,,,,,,,,,,,,,,,,,,,,,,,,,,,,,,,,,,,,,,,,,,,,,,,,,,,,,,,,,,,,,,,,,,,,,,,,,,,,,,,,,,,,,,,,,,,,,,,,,,,,,,,,,,,,,,*/kʷˌɑsˈilːu/,,,,,,,,,,,,,,,,,,,,,,,,,,,,,,,,,,,,*/lˌiɡɑtˈyrɑ/,,,,,,,,,,,,,,,,,,,,,,,,,,,,,,,,,,,,,,,,,,,,,,,,,,,,,,,,,,,,,,,,,,,,,,,,,,,,,,,,,,,,,,,,,,,,,,,,,,,,,,,,,,,,,,*/mˌirkˈiɲɑ/,,,,,,,,,,,,,,,,,,,,,,,,,,,,,,,,,,,,,,,,,,,,,,,,,,,,,,,,,,,,,,,,,,,,,,,,,,,,,,,,,,,,,,,,,,,,*/pˈilɑ/,,,,,,,,,,,,,,,,*/plˌikˈinu/,,,,,,,,,,,,,,,,,,,,,,,,,,,,,,,,,,,,,,,,,,,,,,,,,,,,,,,,,,,,,,,,,,,,,,*/rˌiɡˈoɲu/,,,,,,,,,,,,,,,,,,,,,,,,,,,,,,,,,,,,,,,,,,,,,,,,,,,,,,,,,,,,,,,,,,,,*/sˌirwitˈorɛ/,*/sˌirwitˈyrɑ/,,,,,,,,,,,,,,,,,,,,,,,,,,,,,,,,,,,,,,,,,,,,,,,,,,,,,,,,,,,,,,,,,,,,,,,,,,,,,,,,,,,,,,,,,,,,,,,,,,,,,,,,,,,,,,,,,,,,,,,,,,,,,,,,,,,,,,,,,,,,,,,,,,,,,,,,,,,,,,,,,,,,,,,,,,,,,,,,,,,,*/wˈijɑ/,*/wˌiɡˈijlɑj/,,,,,,,,,*/wˈirɡɪnɛ/,*/wˌirɡˈɑnu/,,,,,,,,,,,,,,,,
R90,,,,,,,,,,,,,,,,,,,,,,,,,,,,,,,,,,,,,,,,,,,,,,,,,,,,,,,,,,,,,,,,,,,,,,,,,,,,,,,,,,,,,,,,,,,,,,,,,,,,,,,*/dˌiskˌɑβɑlːɪkˈoɲu/,*/dˌiskˌɑrrkˈoɲu/,*/dˈiskɑ/,*/dˌiskʷˌyrtˈoɲu/,*/dˌiswˌelˈoɲu/,,,,,,,,,,,,,,,,,,,,,,,,,,,,,,,,,,,,,,,,,,,,,,,,,,,,,,,,,,,,,,,,,,,,,,,,,,,,,,,,,,,,,,,,,,,,,,,,,,,,,,,,,,,,,,,,,,,,,,,,,,,,,,,,,,,,,,,,,,,,,,,,,,,,,,,,,,,,,,,,,,,,,,,,,,,,,,,,,,,,,,,,,,,,,,,,,,,,,,,,,,,,,,,,,,,,,,,,,,,,,,,,,,,,,,,,,,,,,,,,,,,,,,,,,,,,,,,,,,,,,,,,,,,,,,,,,,,,,,,,,,,,,,,,,,,,,,,,,,,,,,,,,,,,,,,,,,,,,,,,,,,,,,,,,,,,,,,,,,,,,,,,,,,,,,,,,,,,,,,,,,,,,,,,,,,,,,,,,,,,,,,,,,,,,,,,,,,,,,,,,,,,,,,,,,,,,,,,,,,,,,,,,,,,,,,,,,,,,,,,,,,,,,,,,,,,,,,,,,,,,,,,,,,,,,,,,,,,,,,,,,,,,,,,,,,,,,,,,,,,,,,,,,,,,,,,,,,,,,,,,,,,,,,,,,,,,,,,,,,,,,,,,,,,,,,,,,,,,,,,,,,*/nˈinːɑ/,,,,,,,,,,,,,,,,,,,,,,,,,,,,,,,,,,,,,,,,,,,,,,,,,,,,,,,,,,,,,,,,,,,,,,,,,,,,,,,,,,,,,,,,,,,,,,,,,,,,,,,,,,,,,,,,,,,,,,,,,,,,,,,,,,,,,,,,,,,,,,,,,,,,,,,,,,,,,,,,,,,,,,,,,,,,,,,,,,,,,,,,,,,,,,,,,,,,,,,,,,,,,,,,,,,,,,,,,,,,,,,,,,,,,,,,,,,,,,,,,,,,,,,,,,,,,*/sˈitɑ/,,,,,,,,,,,,,,,,,,,,,,,,,,,,,,,,,,,,,,,,,,,,,,,,,,,,,,,,,,,,,,,,,,,,,,,,,,,,,,,,,,,,,,,,,,,,,,,,*/tˈinːunkulu/,*/tˈitulu/,,,,,,,,,,,,,,,,,,,,,,,,,,,,,,,,,,,,,,,,,,,,,,,,,,,,,,,,,,,*/wˌɛtˌilˈoɲu/,,,,,,,,,,,,,,,,,,,,,,,,,,,,,,,,,,,,,,,,
R91,,,,,,,,,,,*/ˌɛstemˈoɲu/,,,,,,,,,,,,,,*/ˌɑmˈendulɑ/,,*/ˈɑmetɑ/,,,,,,,,,,,,,,,,,*/ˌɑrmˌessˈorju/,,,,,,,,,,,,,,,,,,,,,,,,,,,,,,,,,,,,,,,,,,,*/dˌeβutˈoret͡ʃju/,,,,,,,,,,,*/dˌeɡtˈoɲu/,*/dˈeɲɑ/,,,,*/dˌiskˌɑβɑlːekˈoɲu/,,,,,*/mˌudɛstekˈoɲu/,,,,,,,,*/dˌuplekˈoɲu/,,*/ˌedˌektˈoɲu/,,,*/ˌɛsˈemenɑ/,,*/ˌɛsˌɑnemˈoɲu/,,,*/ˌɛsˈeɲu/,*/ˌɛskˌɑβɑlːekˈoɲu/,,,,,,,*/ˌɛskˌɑwdekˈoɲu/,,,,,,,,,,,,,,,*/ˌɛsweɡelˈoɲu/,,,*/ˌɛpˈeskopu/,,*/ˌɛpˌeskopˈijɑ/,*/ˌerˌɑdekˈoɲu/,,,,,,,,,,,,,,,,,,,,,,*/fˌɑrenˈoɲu/,*/fˌɑrenˈɑtɑ/,,,,,,,*/fˈemenɑ/,,,,*/fˌedˈoɲu/,,,*/fˈelekɑ/,*/fˌeʎˈɑstɛr/,*/fˌelekˈetu/,,*/fˌirɡelˈinu/,*/fˌessˈikulɑ/,*/fˌestulˈoɲu/,,,*/flˈɑmeɲɑ/,,,,,,,*/fˈurnekɛ/,*/fˌurnekˈijɑ/,,,,,*/frˈɑksenu/,,,,,,,,*/flˌektˈɑrjɑ/,,,,,,,*/fˈuskeɲɑ/,*/fˌuskeɲˈorju/,,,*/ɡˈɑlbenu/,,*/ɡˌɑlːenˈɑt͡ʃjɑ/,,,,,,,,*/ɡˈɛnestrɑ/,,,,,,*/ɡlˌemːɛrˈɑtɑ/,,,,,,,,,,,,,,,,*/hˌevɛrnˈinu/,*/hˌevˌɛrnˈid͡ʒjɑ/,*/hˈenːikulɑ/,*/hˌenːekulˈoɲu/,*/hˌɛrnedzˈoɲu/,,,,,,,,*/ˈilekɛ/,,*/ˌempɑrˈoɲu/,*/ˌempˌɛrɑtˈessɑ/,*/pˌɛrɑntˈessɑ/,*/ˌempˌɛrˌɑtˈorɛ/,,*/ˌempɛrˌɑturˈessɑ/,*/ˌempɛrˈɑjtu/,,*/ˌemplˌɑntˈoɲu/,*/ˌemplˈoɲu/,*/ˌemmˈynɛ/,*/ˌenˈɑltɑ/,*/ˌenˌɑlt͡ʃjˈoɲu/,*/ˌenˈɑltu/,*/ˌenˌɑwrtˈoɲu/,*/enbˌurjˈɑnu/,*/ˌendˌespekˈoɲu/,,*/ˌendˌikˈoɲu/,*/ˌendˌektˈoɲu/,*/ˌendˌereçtˈoɲu/,*/ˌendˌerˈeçt͡ʃju/,*/ˌendˌoʎˈeɲu/,*/ˌenfˌɑskjˈoɲu/,,*/ˌeŋɡɑnɲˈeɲu/,*/ˌeŋɡrˈɑtɑ/,*/ˌenemˈiku/,*/ˌenkˌɑβɑlːekˈoɲu/,*/ˌenkˌɑrrkˈoɲu/,*/ˌenkˌɑwsenˈojɲu/,*/ˌenkuɲˌirˈoɲu/,*/ˌenkˌunsulˈoɲu/,*/ˌenkˈordu/,,*/kˈudenɛ/,*/ˌenkˌuɲˈoɲu/,*/ˌenːˈokʷu/,*/ˌenˈoffulɑ/,,*/enpˌɛnsˈoɲu/,*/ˌensˈeɲɑ/,,*/ˌentˌɛlːeɡˈoɲu/,*/ˌentɛɡrˈoɲu/,*/ˌentɛr/,*/ˌenteɲˈoɲu/,*/ˌenvˌɛrnˈɑʎɑ/,*/ˌenvˈɛrnu/,*/ˌenwˌed͡ʒjˈoɲu/,,*/ˌenwˌet͡ʃjˈoɲu/,,,,*/ɟˌydekˈoɲu/,*/ɟˌydekˈɑtɑ/,,,,,,,,,,,,*/kˈɑlekɛ/,,,,,,,,*/kˌɑmˈesjɑ/,,,,,,,,,,,,,,,*/kˌɑpˈestru/,,,,,,,,*/kˌermeɲˈoɲu/,,,,,,*/kˈɑsenɑ/,,,,,,,,,,,,,,,,,*/kˌɛrsˈedrɑ/,,,*/enkkˈɑlɑ/,,,*/kˈimekɑ/,,,*/kˌerkˈoɲu/,*/kˌerkˈɛlːɑ/,,,,,,,,,,,,,,,,*/kˌuʎetˈoɲu/,,,,,,,,*/kˌulːˌimetˈoɲu/,,*/kˌulumbenˈijɑ/,,,,,,,,,,,,,,,,,*/kˌunskrˌeptˈoɲu/,,,,,,,,,,,,,,,,,,,,,,,,,,*/kˌuttedzˈoɲu/,,,,,,*/krˈesmɑ/,*/krˌesmˈoɲu/,*/krˈespɑ/,*/krˈestɑ/,,,,,,,,,,,,,,,,,,,,,,,,,,,,,,,,,,,*/kˈeprju/,,,,,,,,,,,,,,,,,,,,,,,,,,,,,,,,,,,,,,*/lˌeppetˈyrɑ/,*/lˈessu/,*/lˈettɛrɑ/,,,,,,,,,,,,,,,,,,,,,,*/mˌɑlet͡ʃjˈoɲu/,,,,,,,,,,,*/mˈɑnkenu/,,*/mˈɑrɡenɛ/,,,,,,,,,,,,,,,,,*/mˌɑstekˈoɲu/,,,,,*/mˌɛdekˈoɲu/,*/mˌɛdekˈɑstru/,*/mˈɛdeku/,*/mˌɛdetˈoɲu/,,,,,,,,,,,,*/mˌeɡrˈoɲu/,,*/mˌenestrˈoɲu/,,,,,*/mˌesɛrˈɑri/,*/mˌesˈɛrjɑ/,,,,,,,,,,,,,,,,,,,,,,*/mˈerrɑ/,,,,,,,,*/nˌemːenˈoɲu/,,,,,,,,,,,,,,,,,*/ˌurdenˈoɲu/,*/ˌurdenˈɑtɑ/,*/ˈordenɛ/,,,,,,,,,,,,,,,,,,,,,,,,,,,,,,,,,,,,,,,*/pˈɛdekɑ/,*/pˈɛndekɑ/,*/ˌempˈɛdekɑ/,,,,*/pˈɛpenɛ/,,,,*/pˌɛrˌendulˈeɲu/,*/ˌendˌulˈeɲu/,,,*/pˌɛrweɡelˈoɲu/,*/pˌɛssekˈoɲu/,*/pˈɛssekɑ/,,,,*/pˈeŋnu/,*/pˌeːrtˈoɲu/,,,,,,*/pˈenːɑ/,,*/pˈeskɛ/,*/pˌeskɑtˈorɛ/,*/bˌestˈɑʎɑ/,*/pˌestˈɑrjɑ/,*/pˈettɑ/,*/pˈetteku/,*/pˈettulɑ/,,,,,,,,,,,*/pˌulːekˈoe̯rju/,*/pˌulːekˈɑjrɛ/,,,,,,*/pˌurrenˈijɑ/,,,,,,,,,,,,,*/prˈevitɛr/,,,,,,*/prˈoksemu/,*/prˌosemˈoɲu/,*/prˌemːˌettˈoɲu/,*/pˈuβlekɑ/,*/pˈuβleku/,,,,,,,,,,,,,,,,,,,,,,,,,,,,,,,,,,*/rˈetenɑ/,,*/rˈikenu/,,,,,,,,,,,,,,,,,,,,,,,*/sˌɑɡˈettɑ/,,*/sˌɑʎettˈoɲu/,,,,*/sˈɑlekjɛ/,*/sˈɑlekɑ/,,*/sˌɑlekˈetu/,,,,,,,,,,*/sˌuɲesˈuɲɑ/,,,,,,,*/kˌɑleksˈɑɲtu/,,,,,,*/sˌɑlekenˈorju/,,,,,,,,,,*/sˌɛrwˈeɲu/,*/sˌɛrwˈet͡ʃju/,,,,*/sˌeŋnˈoɲu/,*/sˈeŋnu/,,*/sˈeklɑ/,,*/sˌemelˈojɲu/,*/sˌemelɑtˈyrɑ/,,*/sˈerpu/,,,,,,,,*/skˌentˈiʎɑ/,,,,,,,,,,,,,,,,,,,,,,,,*/sˌurtelɛɡˈijɑ/,,,,,,,*/spˈessu/,,,,,,,,,,,*/strˈembenu/,,,*/strˈeɲtu/,*/strˌeŋɡˈoɲu/,,,,,,,,,,*/sˌuffɛrˈeɲu/,,,,,,,,,,*/tˌɑetˈoɲu/,,,,,,,*/tˈɛɡmenɛ/,,,,,,,,,,*/ˌentˌɛstemˈoɲu/,,*/tˌemˈørɛ/,,*/tˈeɲɑ/,,,,,,,,,,,,,,,*/trˌɑnseɡˈoɲu/,,,*/trˌefˈoʎɑ/,*/trˌefˈilːu/,*/trˌefˈurku/,,,,*/trˌydekulˈiɲu/,,,,,,,,,,,,,,,,,,,,,,,,,,,,,,,,,,,,,,,,,,,,,,,*/ˌenvˌessˈikɑ/,*/wˌɛsteɡˈoɲu/,,,,,*/enweɡˈijlɑj/,,,*/wˌeçtˈorjɑ/,,,,*/ˌenweɡˈijlu/,*/wˈirɡenɛ/,,*/wˈerdɑ/,*/wˈerdɛ/,*/wˌertˈytɛ/,*/wˌestˈoɲu/,*/wˈestulu/,*/wˈesku/,*/wˈet͡ʃju/,*/wˌetˈuʎɑ/,,*/wˌettˈulɑ/,,,,,,
R92,,,,,,,,,,,,,,,,,,,,,,,,,,,,,,,,,,,,,,,,,,,,,,,,,,,,,,,,,,,,,,,,,,,,,,,,,,,,,,,,,,,,,,,,,,,,,,,,,,,,,,,,,,,,,,,,,,,,,,,,,,,,,,,,,,,,,,,,,,,,,,,,,,,,,,,,,,,,,,,,,,,,,,,,,,,,,,,,,,,,,,,,,,,,,,,,,,,,,,,,,,,,,,,,,,,,,,,,,,,,,,,,,,,,,,,,,,,,,,,,,,,,,,,,,,,,,,,,,,,,,,,,,,,,,,,,,,,,,,,,,,,,,,,,,,,,,,,,,,,,,,,,,,,,,,,,,,,,,,,,,,,,,,*/ˌemˌɛrnˈɑʎɑ/,,*/ˌemˌed͡ʒjˈoɲu/,,*/ˌemˌet͡ʃjˈoɲu/,,,,,,,,,,,,,,,,,,,,,,,,,,,,,,,,,,,,,,,,,,,,,,,,,,,,,,,,,,,,,,,,,,,,,,,,,,,,,,,,,,,,,,,,,,,,,,,,,,,,,,,,,,,,,,,,,,,,,,,,,,,,,,,,,,,,,,,,,,,,,,,,,,,,,,,,,,,,,,,,,,,,,,,,,,,,,,,,,,,,,,,,,,,,,,,,,,,,,,,,,,,,,,,,,,,,,,,,,,,,,,,,,,,,,,,,,,,,,,,,,,,,,,,,,,,,,,,,,,,,,,,,,,,,,,,,,,,,,,,,,,,,,,,,,,,,,,,,,,,,,,,,,,,,,,,,,,,,,,,,,,,,,,,,,,,,,,,,,,,,,,,,,,,,,,,,,,,,,,,,,,,,,,,,,,,,,,,,,,,,,,,,,,,,,,,,,,,,,,,,,,,,,,,,,,,,,,,,,,,,,,,,,,,,,,,,,,,,,,,,,,,,,,,,,,,,,,,,,,,,,,,,,,,,,,,,,,,,,,,,,,,,,,,,,,,,,,,,,,,,,,,,,,,,,,,,,,,,,,,,,,,,,,,,,,,,,,,,,,,,,,,,,,,,,,,,,,,,,,,,,,,,,,,,,,,,,,,,,,,,,,,,,,,,,,,,,,,,,,,,,,,,,,,,,,,,,,,,,,,,,,,,,,,,,,,,,,,,,,,,,,,,,,,,,,,,,,,,,,,,,,,,,,,,,,,,,,,,,,,,,,,,,,,,,,,,,,,,,,,,,,,,,,,,,,,,,,,,,,,,,,,,,,,,,,,,,,,,,,,,,,,,,,,,,,,,,,,,,,*/ˌemˌessˈikɑ/,,,,,,*/emeɡˈijlɑj/,,,,,,,*/ˌemeɡˈijlu/,,,,,,,,,,,,,,,,,,
R93,,,,,,,,,,,,,,,,,,,,,,,,,,,,,,,,,,,,,,,,,,,,,,,,,,,,,,,,,,,,,,,,,,,,,,,,,,,,,,,,,,,,,,,,,,,,,,,,,,,,,,,,,,,,,,,,,,,,,,,,,,,,,,,,,,,,,,,,,,,,,,,,,,,,,,,,,,,,,,,,,,,,,,,,,,,,,,,,,,,,,,,,,,,,,,,,,,,,,,,,,,,,,,,,,,,,,,,,,,,,,,,,,,,,,,,,,,,,,,,,,,,*/ɡˈɛnstrɑ/,,,,,,,,,,,,,,,,,,,,,,,,,,,,,,,,,,,,,,,,,,,,,,,,,,,,,,,,,,,,,,,,,,,,,,,,,,,,,,,,,,,,,,,,,,,,,,,,,,,,,,,,,,,,,,,,,,,,,,,,,,,,,,,,,,,,,,,,,,,,,,,,,,,,,,,,,,,,,,,,,,,,,,,,,,,,,,,,,,,,,,,,,,,,,,,,,,,,,,,,,,,,,,,,,,,,,,,,,,,,,,,,,,,,,,,,,,,,,,,,,,,,,,,,,,,,,,,,,,,,,,,,,,,,,,,,,,,,,,,,,,,,,,,,,,,,,,,,,,,,,,,,,,,,,,,,,,,,,,,,,,,,,,,,,,,,,,,,,,,,,,,,,,,,,,,,,,,,,,,,,,,,,,,,,,,,,,,,,,,,,,,,,,,,,,,,,,,,,,,,,,,,,,,,,,,,,,,,,,,,,,,,,,,,,,,,,,,,,,,,,,*/ˈoʎstru/,,,,,,,,,,,,,,,,,,,,,,,,,,,,,,,,,,,,,,,,,,,,,,,,,,,,,,,,,,,,,,,,,,,,,,,,,,,,,,,,,,,,,,,,,,,,,,,,,,,,,,,,,,,,,,,,,,,,,,,,,,,,,,,,,,,,,,,,,,,,,,,,,,,,,,,,,,,,,,,,,,,,,,,,,,,,,,,,,,,,,,,,,,,,,,,,,,,,,,,,,*/sˌuɲsˈuɲɑ/,,,,,,,,,,,,,,,,,,,,,,,,,,,,,,,,,,,,,,,,,,,,,,,,,,,,,,,,,,,,,,,,,,,,,,,,,,,,,,,,,,,,,,,,,,,,,,,,,,,,,,,,,,,,,,,,,,,,,,,,,,,,,,,,,,,,,,,,,,,,,,,,,,,,,,,,,,,,,,,,,,,,,,,,,,,,,,,,,,,,,,,,,,,,,,,,,,,,,,,,,,,,,,,,,,,,,,,,,,,,,,,,,,,,,,,,,
R94,,,,,,,,,,,,,,,,,,,*/ˌɑlbɑnˈɛsu/,,,,,,,,,,,,,,,,,,,,,,,,,,,,,,,,,,,,,,,,,,,,,,,,,,,,,,*/bˌuβulkˈesu/,,,,,,,,,,,,,,,,,,,,,,,,,,,,,,,,,,,,,,,,,,,,,,,,,,,,,,,,,,,,,,,,,,,,,,,,,,,,,,,,,,,,,,,,,,,,,,,,,,,,,,,,,,,,,,,,,,,,,,,,,,,,,,,,,,,,,,,,,,,,,,,,,,,,,,,,,,,,,,,,,,,,,,,,,,*/ɡˈɛstrɑ/,,,,,,,,,,,,,,,,,,,,,,,,,,,,,,,,,,,,,,,,,,,,,,,,,,,,,,,,,,,*/ˌefˌɑskjˈoɲu/,*/ˌifˈɛrnu/,,,,,,,,*/ˌenkˌusulˈoɲu/,,,,,,,,*/enpˌɛsˈoɲu/,*/ˌesˈeɲɑ/,*/ˈisulɑ/,,,,,,*/ˌevˈɛrnu/,,,,,,,,,,,,,,,,,,,,,,,,,,,,,,,,,,,,,,,,,,,,,,,,,,,,,,,,,,,,,,,,,,,,,,,,,,,,,,,,,,,,,,,,,,,,,,,,,,,,,,,,,,,,,,,,,,,,,,,,,,,,,*/kˌufˈiɲu/,*/kˌusˈilːu/,*/kˌuskrˌeptˈoɲu/,*/kˌusˌuβrˈinu/,*/kˌustˈoɲu/,*/kˈusulɛ/,,,,,,,*/kˌuvˈɛntu/,,,,,,,,,,,,,,,,,,,*/krˌɛjˈɑt͡ʃjɑ/,,,,,,,,,,,*/krˈusku/,,,,,,,,,,,,,,,,,,,,,,,,,,,,,,,,,,,,,,,,,,,,,,,,,,,,,,,,,,,,,,,,,,,,,,,,,,,,,,,,,,,,,,,,,,,,,,,,,,,,,,,,,,,,,,,,,,,,,,,,,,,,,,,,,,,,*/mˌɛsˈørɑ/,,,,,,,,,,,,,,,,,,,,,,,,,,,,,,,,,,,,,,,,,,,,,,,,,,,,,,,,,,,*/ˈostru/,,,,,,,,,,,,,,,,,,*/pˌɛntˈɛt͡ʃjɑ/,,,,,,,,,,,,,,,,,,,,,,,,,,,,,,,,,*/pˈesɑ/,*/pˌesˈoɲu/,,,,,,,,,,,,,,,,,,,,,,,,,,,,,,,,,,,,,,,,,,,,,,,,,,,,,,,,,,,,,,,,,,,,,,,,,,,,,,,,,,,,,,,,,,,,,,,,,,,,,,,,,,,,,,,,,,,*/rˌufˈɛjɑ/,,,,,,,,,,,,,,,,,,,,,,,,,,,,*/sˌɑlwˈɑt͡ʃjɑ/,,,,,,,,,,,,,,,,,,,,,,,,,*/sˈɛt͡ʃjɑ/,,,,,,,,,,,,,,,,,,,,,,,,,,,,,,,,,,,,,,,,,,,,,,,,,,,,*/spˌɛrˈɑjt͡ʃjɑ/,,,,,,,,,,,,,,,,,,,,,,,,,,,,,,,,,,,,,,,,,,,,,,,,,,,,,,,,,,,,,,,,,,,,,,,,,,*/trˌɑsflˈoɲu/,*/trˌɑseɡˈoɲu/,,*/trˌɑsmˌɛd͡ʒjˈoɲu/,,,,*/trˌimesˈɑnɑ/,,,,,,*/trˌuskˈoe̯ɲu/,,,,,,,,,,,,,,,,,,,,,,,,,,,,,,,,,,,,,,,,,,,,,,,,,,,,,,,,,,,,,,,,,,,,,,,,,,,
=Middle Proto-Albanian II,null*/ˌɑvˌɛrrˈoɲu/,null*/ˌɑbjˈeŋnu/,null*/ˌɑbjˈeŋɲɑ/,null{ABSENT},null{ABSENT},null{ABSENT},null*/ˌɑdˌurˈoɲu/,null{ABSENT},null*/ˈɑer/,null*/ˌɛrˈemɛ/,null*/ˌɛstemˈoɲu/,null*/ˈɛttɑ/,null*/ˈɛwa/,null*/ˌɑkˈiŋɡɛ/,null*/ˌɑkkˈiptu/,null*/ˌɑkkˈiptrɛ/,null*/ˌusˈuɲɑ/,null*/ˈɑlbɑnu/,null*/ˌɑlbɑnˈɛsu/,null*/ˈɑʎu/,null{ABSENT},null*/ˌɑltˈɑre/,null*/ˌɑmbupˌɑtˈinu/,null*/ˌɑmbulˈoɲu/,null*/ˌɑmˈendulɑ/,null*/ˌɑmˈiku/,null*/ˈɑmetɑ/,null*/ˌɑmˈurɡɑ/,null{ABSENT},null*/ˈɑnɡɛlu/,null*/ˌɑɲˈilːɑ/,null*/ˌɑŋɡˈustu/,null*/ˌɑŋɡustˈoɲu/,null*/ˌɑntˈoɲu/,null*/ˌɑnˈulːɑ/,null*/ˌɑppˌɑrɑmˈɛntu/,null*/ˌɑprˈilɛ/,null*/ˈɑptu/,null*/ˌɑrˈenɑ/,null*/ˌɑrɡˈɛntu/,null*/ˈɑrmɑ/,null*/ˌɑrmˈoɲu/,null*/ˌɑrmˈɑtɑ/,null*/ˌɑrmˌessˈorju/,null*/ˌɑrrˈiwoɲu/,null*/ˈɑrku/,null*/ˈɑrkɑ/,null*/ˈɑskulɑ/,null*/ˌɑspˈɑrɑɡu/,null*/ˈɑspɛr/,null*/ˌɑvˈɛntu/,null{ABSENT},null*/ˌɑwɡˈustu/,null*/ˌɑwrjˈolu/,null*/ˈɑwru/,null*/ˌɑwˈunkulu/,null*/bˈɑlsɑmu/,null*/bˈɑlɲɑ/,null*/bˌɑrˈɑtru/,null*/bˈɑrkɑ/,null*/bˌɑrˈonɛ/,null*/bˌɑttwˈɑʎɑ/,null*/bˌɑttwˈɑʎɑ/,null*/bˌɛndikˈoɲu/,null*/bˈest͡ʃjɑ/,null*/bˌiɲˈorju/,null*/bˈolɑ/,null*/brˈɑkɛ/,null*/brˈokkɑ/,null*/brˈøskɑ/,null*/brˈøskɑ/,null*/brˈymɑ/,null*/bˌuβulkˈesu/,null*/bˌuβˈulku/,null*/bˌuβˈulki/,null*/bˈufu/,null*/bˈulːɑ/,null*/bˈukkɑ/,null*/bˈuksu/,null*/bˈurɡu/,null*/bˈuttɛ/,null*/dˈɛmunɛ/,null*/dˌɑmnˈoɲu/,null*/dˈɑmnu/,null*/dˌeβutˈoɲu/,null*/dˌeβutˈorɛ/,null*/dˌeβutˈoret͡ʃju/,null*/dˌeβutˈyrɑ/,null*/dˌelˌiβɛrˈoɲu/,null*/dˌekˌɑptˈoɲu/,null*/dˌepˌɛnɛtrˈoɲu/,null*/dˌepˌustˈoɲu/,null*/dˌerˌɑmˈoɲu/,null*/dˌesˌidɛrˈoɲu/,null*/dˌesˌidˈɛrjɑ/,null{ABSENT},null*/d͡ʒjˈɑnɑ/,null*/dˌeɡtˈoɲu/,null*/dˈeɲɑ/,null*/dˌirɡˈoɲu/,null*/dˌirˈeçtu/,null*/dɪ/,null*/dˌiskˌɑβɑlːekˈoɲu/,null*/dˌiskˌɑrrkˈoɲu/,null*/dˈiskɑ/,null*/dˌiskʷˌyrtˈoɲu/,null*/dˌiswˌelˈoɲu/,null*/mˌudɛstekˈoɲu/,null*/dˌulˈørɛ/,null*/ɛdˌuɾˈoɲu/,null*/drˈɑki/,null*/drˌɑnkˈonɛ/,null*/drˈinu/,null*/drˈiwɑstu/,null*/dˈukɛ/,null*/dˌuplekˈoɲu/,null{ABSENT},null*/ˌedˌektˈoɲu/,null*/ˌɛkklˈesjɑ/,null*/ˌɛkku/,null*/ˌɛsˈemenɑ/,null*/ˌɛsˌɑmptˈoɲu/,null*/ˌɛsˌɑnemˈoɲu/,null*/ˌɛsˈɛmplu/,null*/ˌɛsunurˈoɲu/,null*/ˌɛsˈeɲu/,null*/ˌɛskˌɑβɑlːekˈoɲu/,null*/ˌɛskˌɑlˈoɲu/,null*/ˌɛskˌɑmbˈojɲu/,null*/ˌɛskˌɑndˈeɲu/,null*/ˌɛskˌɑrd͡ʒjˈoɲu/,null*/ˌɛskˌɑrptˈoɲu/,null*/ˌɛskˌɑtɛdrˈoɲu/,null*/ˌɛskˌɑwdekˈoɲu/,null*/ˌɛskˈipi/,null*/ˌɛskˈuβulu/,null*/ˌɛskˌurtˈoɲu/,null*/ˌɛskˈurtu/,null*/ˌɛsmˈuʎɑ/,null*/ˌɛsˈussu/,null*/ˌɛspˌɛditˈoɲu/,null*/ˌɛspˈɛditu/,null*/ˌɛspˌɛlːˈɑwoɲu/,null*/ˌɛspˌɛrlˈɑwoɲu/,null*/ˌɛsrˌimˈoɲu/,null*/ˌɛstˌɛnwˈoɲu/,null*/ˌɛstrˈydu/,null*/ˌɛsˌuŋɡulˈoɲu/,null*/ˌɛsweɡelˈoɲu/,null*/ˌɛlˈɛɡijɑ/,null{ABSENT},null*/ˌɛpˈeskopu/,null{ABSENT},null*/ˌɛpˌeskopˈijɑ/,null*/ˌerˌɑdekˈoɲu/,null*/ˌɛremˈitu/,null*/ˈerikju/,null*/rɛˈyːjlɑ/,null*/ˈeskɑ/,null*/ˌewɑnɡˈɛjlu/,null*/ˌyːˈoe̯jɲu/,null*/fˈɑːrkɑ/,null*/fˌɑːrkˈoɲu/,null*/fˈɑɡu/,null*/fˌɑʎˈeɲu/,null*/fˌɑlːˈeɲu/,null*/fˈɑʎu/,null*/fˌɑˈoe̯ɲu/,null*/fˌɑlkˈiɲɑ/,null*/fˌɑlkˈonɛ/,null*/fˈɑkje/,null*/fˌɑçtˈyrɑ/,null*/fˈɑmɑ/,null*/fˌɑmˈiʎɑ/,null*/fˈɑmulu/,null{ABSENT},null*/fˌɑrenˈoɲu/,null*/fˌɑrenˈɑtɑ/,null*/fˈɑrmɑku/,null*/fˈɑskjɑ/,null*/fˌiʎˈolɑ/,null*/fˈɑtu/,null*/fˈɑwɑʎɑ/,null*/fˌɛβrˈorju/,null*/fˈemenɑ/,null*/fˌɛnˈɛstrɑ/,null*/fˌɛrrˈuskɑ/,null{ABSENT},null*/fˌedˈoɲu/,null*/fˈiku/,null*/fˌiʎˈɑnu/,null*/fˈelekɑ/,null*/fˌeʎˈɑstɛr/,null*/fˌelekˈetu/,null*/fˈilu/,null*/fˌirɡelˈinu/,null*/fˌessˈikulɑ/,null*/fˌestulˈoɲu/,null*/flˈɑkulɑ/,null*/flˈɑkulɑ/,null*/flˈɑmeɲɑ/,null*/flˈɑskɑ/,null*/flˈokku/,null*/flˌorˈinu/,null*/flˌuktulˈoɲu/,null*/fˌuʎˈɑtɑ/,null*/fˌurmˈɛlːɑ/,null*/fˈurnekɛ/,null*/fˌurnekˈijɑ/,null*/fˈortɛ/,null*/fˌurtˈynɑ/,null*/fˈussɑ/,null*/fˌussˈɑtu/,null*/frˈɑksenu/,null{ABSENT},null{ABSENT},null*/frˈenɑ/,null*/frˈenu/,null*/frˌiɡˈoɲu/,null*/frˌiɡulˈoɲu/,null*/frˌikˈoɲu/,null*/flˌektˈɑrjɑ/,null*/frˈyçtu/,null*/fˌulkˈijɑ/,null*/fˌonːˈɑrju/,null*/fˈundu/,null*/fˈurkɑ/,null*/fˈurnu/,null*/fˈuskeɲɑ/,null*/fˌuskeɲˈorju/,null*/fˈustulu/,null*/fˈutwu/,null*/ɡˈɑlbenu/,null*/ɡˈɑlɡulu/,null*/ɡˌɑlːenˈɑt͡ʃjɑ/,null*/ɡˈɑlːi/,null*/ɡˈɑttɑ/,null*/ɡˈɑttu/,null*/ɡˈɑwd͡ʒju/,null*/ɡˌɑwd͡ʒjumˈɛntu/,null*/ɡˌɛmˈoɲu/,null*/ɡˌenˈijɑ/,null*/ɡˈɛstrɑ/,null*/ɡˈɛntɛ/,null*/ɡeˈørɡiu/,null{ABSENT},null*/ɡlˈɛmu/,null*/lˈirɛ/,null*/ɡlˌemːɛrˈɑtɑ/,null*/ɡrˈɛku/,null{ABSENT},null*/ɡrˈɑtu/,null*/ɡrˈɛɡɛ/,null*/ɡrˈɛmju/,null*/ɡrˌuˈilːɑ/,null*/ɡrˌumulˈoɲu/,null*/ɡrˈumulu/,null*/ɡrˈipsa/,null*/ɡˈulɑ/,null*/ɡˈummɑ/,null*/ɡˈunːɑ/,null*/ɡˈuttɑ/,null*/ɡˈiru/,null*/hˌɑstˈiʎɑ/,null*/hˌevɛrnˈinu/,null*/hˌevˌɛrnˈid͡ʒjɑ/,null*/hˈenːikulɑ/,null*/hˌenːekulˈoɲu/,null*/hˌɛrnedzˈoɲu/,null*/hˈørɑ/,null*/hˌurrˈeɲu/,null*/ɟˈonwu/,null{ABSENT},null*/ɟˌɛjynˈoɲu/,null{ABSENT},null*/ˈiʎɑ/,null*/ˈilekɛ/,null{ABSENT},null*/ˌempɑrˈoɲu/,null*/ˌempˌɛrɑtˈessɑ/,null*/pˌɛrɑntˈessɑ/,null*/ˌempˌɛrˌɑtˈorɛ/,null*/pˌɛrɑntˈorɛ/,null*/ˌempɛrˌɑturˈessɑ/,null*/ˌempɛrˈɑjtu/,null*/ˌimperˈɑjtor/,null*/ˌemplˌɑntˈoɲu/,null*/ˌemplˈoɲu/,null*/ˌemmˈynɛ/,null*/ˌenˈɑltɑ/,null*/ˌenˌɑlt͡ʃjˈoɲu/,null*/ˌenˈɑltu/,null*/ˌenˌɑwrtˈoɲu/,null*/enbˌurjˈɑnu/,null*/ˌendˌespekˈoɲu/,null{ABSENT},null*/ˌendˌikˈoɲu/,null*/ˌendˌektˈoɲu/,null*/ˌendˌereçtˈoɲu/,null*/ˌendˌerˈeçt͡ʃju/,null*/ˌendˌoʎˈeɲu/,null*/ˌefˌɑskjˈoɲu/,null*/ˌifˈɛrnu/,null*/ˌeŋɡɑnɲˈeɲu/,null*/ˌeŋɡrˈɑtɑ/,null*/ˌenemˈiku/,null*/ˌenkˌɑβɑlːekˈoɲu/,null*/ˌenkˌɑrrkˈoɲu/,null*/ˌenkˌɑwsenˈojɲu/,null*/ˌenkuɲˌirˈoɲu/,null*/ˌenkˌusulˈoɲu/,null*/ˌenkˈordu/,null*/kˈudɛ/,null*/kˈudenɛ/,null*/ˌenkˌuɲˈoɲu/,null*/ˌenːˈokʷu/,null*/ˌenˈoffulɑ/,null*/inpˌekkˈɑtu/,null*/enpˌɛsˈoɲu/,null*/ˌesˈeɲɑ/,null*/ˈisulɑ/,null*/ˌentˌɛlːeɡˈoɲu/,null*/ˌentɛɡrˈoɲu/,null*/ˌentɛr/,null*/ˌenteɲˈoɲu/,null*/ˌemˌɛrnˈɑʎɑ/,null*/ˌevˈɛrnu/,null*/ˌemˌed͡ʒjˈoɲu/,null*/wˌitˈoɲu/,null*/ˌemˌet͡ʃjˈoɲu/,null*/ɟˈowɑnːɛ/,null{ABSENT},null*/ˈirɑ/,null*/ɟˌydekˈoɲu/,null*/ɟˌydekˈɑtɑ/,null*/ɟˈydikju/,null*/ɟˌynktˈyrɑ/,null*/ɟˈynktu/,null*/ɟˌyrˈoɲu/,null*/ɟˌuvˈɛnkɑ/,null*/kˈɛkɑ/,null*/kˈɛlu/,null*/kˌɑlɑmˈetu/,null*/kˈɑlɑmu/,null*/kˌɑlˈɑndɑ/,null*/kˌɑlɛndˈorju/,null*/kˈɑlekɛ/,null*/kˌɑlkˈɑrjɑ/,null*/kˈɑlːi/,null*/kˈɑmbɑ/,null*/kˌɑmbˈojɲu/,null*/kˈemɛrɑ/,null*/kˌɑmpˈɑnɑ/,null{ABSENT},null*/kˌɑmˈesjɑ/,null*/kˈɑnɑpɛ/,null*/kˌɑndˈelɑ/,null*/kˈɑnɛ/,null*/kˈɑnːɑ/,null*/kˌɑnːˈɑtɑ/,null*/kˌɑnːˈetu/,null*/kˌɑntˈoɲu/,null*/kˈɑntɑru/,null*/kˈɑntkɑ/,null*/kˌɑntkˈɛlːu/,null*/kˌɑppˈɛlːɑ/,null*/kˌɑprjˈolu/,null*/kˌɑpssˈɑtɑ/,null*/kˌɑpssˈoɲu/,null*/kˌɑpˈestru/,null*/kˌɑptˈinɑ/,null*/kˌɑpˈonɛ/,null*/kˈɑprju/,null*/kˈɑpti/,null*/kˈɑrjɛ/,null*/kˌɑrpˈut͡ʃju/,null{ABSENT},null*/kˌermeɲˈoɲu/,null*/kˈɑrrɑ/,null*/kˈɑrri/,null*/kˌɑrrˌikulˈoɲu/,null*/kˌɑrsˈɑnɑ/,null*/kˈɑrtɑ/,null*/kˈɑsenɑ/,null*/kˌɑstˈɑɲɑ/,null*/kˌɑstɑnˈɛttu/,null*/kˌɑstˈɛlːɑ/,null*/kˌɑstˈɛlːu/,null{ABSENT},null{ABSENT},null{ABSENT},null*/kˈɛnti/,null*/kˈɛntru/,null*/kˌɛntrˈoɲu/,null*/kˈepɑ/,null*/kˌepˈulːɑ/,null*/kˌɛrɑsjˈorju/,null*/kˌɛrˈøːɛlːu/,null*/kˌɛrˈøːru/,null*/kjˈarru/,null*/kˌɛrsˈedrɑ/,null*/kˌɛrtˈoɲu/,null*/kjˈoɲu/,null*/enkkˈɑlɑ/,null*/kˈikɛrɛ/,null*/kkˈorjɑ/,null*/kˈimekɑ/,null*/kˌimˈussɑ/,null*/kˈiŋɡulɑ/,null*/kˌerkˈoɲu/,null*/kˌerkˈɛlːɑ/,null*/kjˈarkulu/,null*/kjˈarku/,null{ABSENT},null*/kˌyːtˈɑtɛ/,null*/klˌɑmˈoɲu/,null*/klˌɑrˈoɲu/,null*/klˈɑrtɑ/,null*/klˈɑwɑnu/,null*/klˌyːtˈyrɑ/,null*/klˌɑwrˈylɑ/,null*/kˌɑwsˈyrɑ/,null*/klˌɑwsˈyrɑ/,null*/klˌemˈentɛ/,null*/klˌɛmːˈustu/,null*/kˌuˌemptˈoɲu/,null*/kˌuʎetˈoɲu/,null*/kˌuŋnˈɑtu/,null*/kˌuˌerˈedɛ/,null*/kˌuˈiɲu/,null*/kˌulˈoɲu/,null*/kˌulːˈɑrɛ/,null*/kˌulːˌukt͡ʃjˈoɲu/,null*/kˌulːˌyktˈoɲu/,null*/kˌulːˌimetˈoɲu/,null*/kˌulˈostru/,null*/kˌulumbenˈijɑ/,null*/kˌulumnˈɑt͡ʃjɑ/,null*/kˈunkɑ/,null*/kˈokkɑ/,null*/kˈokkju/,null*/kˈokʷu/,null*/kˈoksɑ/,null*/kˌoktˈorju/,null*/kˈomɑ/,null*/kˌummˈɛrkju/,null*/kˌummunikˈoɲu/,null*/kˈumptɛr/,null*/kˌupˌutˈoɲu/,null*/kˌupˌutˈoɲu/,null*/kˈumptu/,null*/kˌufˈiɲu/,null*/kˌusˈilːu/,null*/kˌuskrˌeptˈoɲu/,null*/kˌusˌuβrˈinu/,null*/kˌustˈoɲu/,null*/kˈusulɛ/,null*/kˌutˌɛntˈoɲu/,null*/kˈuntrɑ/,null*/kˌuntrˈorju/,null*/kˌuntrɑstˈorju/,null*/kˌunˈukulɑ/,null*/kˌuvˌɛntˈoɲu/,null*/kˌuvˈɛntu/,null*/kˌupɛrtˈyrɑ/,null*/kˈorbulɑ/,null*/kˈordɑ/,null*/kˈorju/,null*/kˌurnˈikulu/,null{ABSENT},null*/kˌurˈonɑ/,null*/kˈorpu/,null{ABSENT},null*/kˌurtˈinɑ/,null*/kˈoru/,null*/kˌurwˈinu/,null*/kˈorwu/,null*/kˈossu/,null*/ktˈoɲu/,null*/kˌuttedzˈoɲu/,null*/krˈɑpulu/,null*/krˌɛjˈoɲu/,null*/krˌɛjˈɑt͡ʃjɑ/,null*/krˌɛjɑtˈyrɑ/,null*/krˈetku/,null*/krˈesmɑ/,null*/krˌesmˈoɲu/,null*/krˈespɑ/,null*/krˈestɑ/,null*/krˌestijˈɑnɑ/,null*/krˌestintˈɑle/,null*/krˈistu/,null*/krˈokulu/,null*/krˈusku/,null*/krˈuke/,null*/krˈuptɑ/,null*/kˈuβutu/,null*/kkˈurbutɑ/,null*/kˈukuru/,null{ABSENT},null*/kˈulktrɑ/,null*/kˈulmɛ/,null*/kˈumulu/,null*/kˈulumu/,null*/kˈuɲu/,null*/kˌuɲˈoɲu/,null*/kˌunktˈoɲu/,null*/kˈuppu/,null*/kˈuppɑ/,null*/kˌyrˈoɲu/,null*/kˌurt͡ʃjˈoɲu/,null*/kʷˌɑdrˈiɡɑ/,null*/kʷˌɑdrˈesimɑ/,null*/kʷˈodru/,null*/kʷˌɛrˈoɲu/,null*/kʷˈɑrtɑ/,null*/kʷˈortɑ/,null*/kʷˈortu/,null*/kʷˌɑsˈilːu/,null*/kʷˌy/,null*/kʷjˈetu/,null*/kʷˈys/,null*/kˈimɑ/,null*/kˈeprju/,null*/lˌɑvørˈoɲu/,null*/lˌɑβrˈuskɑ/,null*/lˌɑkˈonɛ/,null*/lˈɑksɑ/,null*/lˌɑsˈoɲu/,null*/lˈɑkʷju/,null*/lˌɑŋɡʷˈoɲu/,null*/lˌɑŋɡʷˈørjɑ/,null*/lˌɑŋɡʷˈørɛ/,null*/lˌɑnkjˈɑrjɑ/,null*/lˌɑpˈɑtjɑ/,null*/lˈɑrɡu/,null*/lˈɑrdu/,null*/lˈɑssu/,null*/lˌɑtˈinu/,null*/lˈɑwoɲu/,null*/lˌɑwɑtˈyrɑ/,null{ABSENT},null{ABSENT},null*/lˌɑvekˈɑjru/,null*/lˈɑwru/,null*/lˈeɡɛ/,null*/lˌɛntˈoɲu/,null*/ʎˈonɛ/,null*/lˈɛpurɛ/,null*/lˈɛpuʎe/,null*/lˈɛprɑ/,null*/lˈiβɛru/,null{ABSENT},null*/lˌiβɛrˈoɲu/,null*/lˌiɡɑtˈyrɑ/,null*/lˈilːu/,null*/lˈikju/,null*/lˈimɑ/,null*/lˌimˈoɲu/,null*/lˈinu/,null*/lˈiɲɑ/,null*/lˌeppetˈyrɑ/,null*/lˈessu/,null*/lˈettɛrɑ/,null*/lˌydˈoɲu/,null*/lˌukˈɛrnɑ/,null*/lˈukru/,null*/lˈuktɑ/,null*/lˌuktˈoɲu/,null*/lˌuktɑtˈorɛ/,null*/lˈuntrɛ/,null*/lˌupkkˈɑtu/,null*/lˌupkˈɛrwulu/,null*/lˈystru/,null*/mˈɛstru/,null*/mˌɑɡˈijɑ/,null*/mˌɑːstɛrˈoɲu/,null*/mˌɑːstˈɛrku/,null*/mˌɑjˈɑrjɑ/,null*/mˈɑju/,null*/mˌɑludikˈoɲu/,null*/mˌɑlːɛt͡ʃjˈolɑ/,null*/mˌɑʎˈolɑ/,null*/mˌɑlˈetu/,null*/mˈɑʎu/,null*/mˌɑlet͡ʃjˈoɲu/,null*/mˌɑlˌɑŋɡˈɛɲu/,null*/mˈɑlu/,null{ABSENT},null*/mˈɑnkɑ/,null*/mˌɑnkˈoɲu/,null*/mˌɑnpulˈoɲu/,null*/mˈɑnɲɑ/,null*/mˈɑnku/,null*/mˈɑnkɑ/,null*/mˌɑnkˈoɲu/,null*/mˈɑnkenu/,null*/mˈɑɲtu/,null*/mˈɑrɡenɛ/,null*/mˌɑrˈijɑ/,null{ABSENT},null*/mˌɑrɛlˈykju/,null*/mˌɑrtˈoɲu/,null*/mˌɑrtˈoɲu/,null*/mˌɑrtˈɑt͡ʃjɑ/,null*/mˈɑrku/,null*/mˈɑrmurɛ/,null*/mˌɑrrkˌinˈetu/,null*/mˈɑrtɛ/,null*/mˌɑrtˈinu/,null*/mˈɑrt͡ʃju/,null*/mˈɑru/,null*/mˌɑrˈynu/,null*/mˈɑskulu/,null*/mˈɑssɑ/,null*/mˌɑstekˈoɲu/,null*/mˌɑtˈɑksu/,null{ABSENT},null*/mˌɑtrˈikulɑ/,null*/mˌɑtt͡ʃjˈukku/,null*/mˌɛdekˈoɲu/,null*/mˌɛdekˈɑstru/,null*/mˈɛdeku/,null*/mˌɛdetˈoɲu/,null*/mˈɛd͡ʒju/,null*/mˌɛsˈørɑ/,null*/mˈɛntɑ/,null*/mˈɛntɛ/,null*/mˌɛrid͡ʒjˈoɲu/,null*/mˌɛrˈid͡ʒjɛ/,null*/mˌɛrɡˈoɲu/,null*/mˌɛrkˈɑrju/,null*/mˌɛrkˈurɑ/,null*/mˌɛrulˈɑɲɑ/,null*/mˈɛtulɑ/,null*/mˌeɡrˈoɲu/,null*/mˈiʎɑ/,null*/mˌenestrˈoɲu/,null*/mˌirˈɑjkulu/,null*/mˌirˌɑkulˈoɲu/,null*/mˌirˈojɲu/,null*/mˈessɑ/,null*/mˌesɛrˈɑri/,null*/mˌesˈɛrjɑ/,null*/mˈud͡ʒju/,null*/mˈodu/,null*/mˌulˈɑrɛ/,null*/mˌulˈinu/,null*/mˌemːˈɛntu/,null*/mˈunɑku/,null{ABSENT},null*/mˌurtˈɑʎɑ/,null*/mˈortɛ/,null*/mˈyku/,null*/mˈulɑ/,null*/mˌulkˈoɲu/,null*/mˈylu/,null*/mˌurmurˈoɲu/,null*/mˈyru/,null*/mˌuskɛlˈorju/,null*/mˌuskˈoɲɑ/,null*/mˈuskulu/,null*/mˈysku/,null*/mˈustu/,null*/mˌirkˈiɲɑ/,null*/mˈerrɑ/,null*/nˈɑppɑ/,null*/nˌɑtˈyrɑ/,null*/mˈɛɡulɑ/,null*/nˈinːɑ/,null*/nkˌɑrdˌulːˈikjɑ/,null*/nˈødu/,null*/nˈødulu/,null*/nˌemːenˈoɲu/,null*/nˈonːu/,null*/nˌotˈoɲu/,null*/nˈowɑstru/,null*/nˌowˈɛrkɑ/,null*/nˌumɛrˈoɲu/,null*/nˈumɛru/,null*/nˈupt͡ʃjɑ/,null{ABSENT},null*/ˌufˈɛlːɑ/,null*/ˌuʎˈɑstru/,null*/ˈostru/,null*/ˈoʎu/,null*/ˌulˈiwɑnu/,null*/ˈopɛrɑ/,null*/ˌurˈoɲu/,null*/ˈørbu/,null*/ˌurdenˈoɲu/,null*/ˌurdenˈɑtɑ/,null*/ˈordenɛ/,null*/ˈornu/,null*/ˈorfɑnu/,null*/ˌusktˈoɲu/,null*/ˈøtu/,null*/ˈøwɑt͡ʃjɑ/,null*/ˈøwɑ/,null*/pˌɑβulˈoɲu/,null*/pˌɑdˈylɛ/,null*/pˌɛntˈeɲu/,null*/pˌɛntˈɛt͡ʃjɑ/,null*/pˌɑɡˈɑnɑ/,null*/pˌɑɡɑtˈyrɑ/,null{ABSENT},null*/pˈɑlɑ/,null*/pˈɑʎɑ/,null*/pˌɑlˈumbu/,null*/pˈɑkɛ/,null*/pˌɑçtˈoɲu/,null*/pˈɑçtu/,null*/pˌɑlˈɑt͡ʃju/,null*/pˈɑr/,null*/pˌɑrˈɑβulɑ/,null{ABSENT},null*/pˌɑrˈoɲu/,null*/pˌɑrˈoɲu/,null*/pˌɑrɛntˈoɲu/,null*/pˌɑrˈɛntɛ/,null*/frˌɑsjˈolu/,null*/fˌɑsjˈolu/,null*/pˈɑskɑ/,null*/pˈɑssu/,null*/pˌɑstyrˈɑku/,null*/pˌɑt͡ʃjˈoɲu/,null*/pɑˈyːkulɑ/,null*/pˈɑwku/,null*/pˈɑwlu/,null*/pˌɑwlˈoɲu/,null*/pˌɑwulˈonɛ/,null*/pˈɛdekɑ/,null*/pˈɛndekɑ/,null*/ˌempˈɛdekɑ/,null*/pˌɛkˈulːu/,null*/pˈesɑ/,null*/pˌesˈoɲu/,null*/pˈɛpenɛ/,null*/pˌɛr/,null*/pˈɛrɡulɑ/,null*/pˌerhˈørɑ/,null*/pˌɛrˌendulˈeɲu/,null*/ˌendˌulˈeɲu/,null*/pˌɛrpˌɑrˈoɲu/,null*/pˌɛrpˌɑrˈoɲu/,null*/pˌɛrweɡelˈoɲu/,null*/pˌɛssekˈoɲu/,null*/pˈɛssekɑ/,null{ABSENT},null*/pˈɛtru/,null*/pˈɛtt͡ʃjɑ/,null*/pˈeŋnu/,null*/pˌeːrtˈoɲu/,null*/pˈiçtɑ/,null*/pˈilɑ/,null*/pˈilɑ/,null*/pˈilɑ/,null*/pˈilːu/,null*/pˈenːɑ/,null*/pˈipɑ/,null*/pˈeskɛ/,null*/pˌeskɑtˈorɛ/,null*/bˌestˈɑʎɑ/,null*/pˌestˈɑrjɑ/,null*/pˈettɑ/,null*/pˈetteku/,null*/pˈettulɑ/,null*/plˈɑɡɑ/,null*/plˌɑkˈɛɲu/,null*/plˈɑnku/,null*/plˈɑntku/,null*/pˈɑltiɲɑ/,null*/plˌikˈinu/,null*/plˈiçt͡ʃju/,null*/plˈøpu/,null*/plˈumbu/,null*/pˌulˈɛntɑ/,null*/pˌulːekˈoe̯rju/,null*/pˌulːekˈɑjrɛ/,null*/pˈemːɑ/,null*/pˈorru/,null*/pˈorru/,null*/pˈopulu/,null*/pˈorrikju/,null*/pˌurrenˈijɑ/,null*/pˌurrˈinu/,null*/pˈortɑ/,null*/pˌusˈoɲu/,null{ABSENT},null{ABSENT},null*/pˌustˈoɲu/,null*/pˌustˈɑtɛ/,null*/pˈottu/,null{ABSENT},null*/prˈɛdɑ/,null*/prˌɛdˈoɲu/,null*/prˌɛˈiɲu/,null*/prˈevitɛr/,null*/prˌimɑvˈerɑ/,null*/prˈinkɛ/,null{ABSENT},null{ABSENT},null*/prˌoˈiβoɲu/,null*/prˈoksemu/,null*/prˌosemˈoɲu/,null*/prˌemːˌettˈoɲu/,null*/pˈuβlekɑ/,null*/pˈuβleku/,null*/pˈulːɑ/,null*/pˈulːu/,null*/pˈulpɑ/,null*/pˈulwɛrɛ/,null*/pˈuŋɡɑ/,null*/pˈuɲtɑ/,null*/pˈuppɑ/,null*/pˈut͡ʃju/,null*/pˌuttˈɑnɑ/,null*/fˈɑru/,null*/rˌɑdˈoɲu/,null*/rˈɑd͡ʒjɑ/,null*/rˌɑdˈikɑ/,null*/rˌɑdˈikulɑ/,null*/rˈemi/,null*/rˈɑpɑ/,null*/rˈepi/,null*/rˈɑpu/,null*/rˈɑru/,null{ABSENT},null*/rˌɑstˈɛlːu/,null*/ˌɑdrˌɑt͡ʃjˈonɛ/,null*/rˈeβɑ/,null*/rˌɛfˈɛrɲu/,null{ABSENT},null*/rˈeɡulu/,null*/kˈosju/,null*/rˈemu/,null*/rˌɛndˈeɲu/,null*/rˌesˈinɑ/,null*/rˌɛsˌurɡˈoɲu/,null*/rˈetɛ/,null*/rˈestɛ/,null*/rˈetenɑ/,null*/rˌiɡˈoɲu/,null*/rˈikenu/,null*/rˌimˈoɲu/,null*/rˈipɑ/,null{ABSENT},null*/rˈokkɑ/,null*/rˌemːˈɑnu/,null*/rˈumbu/,null*/rˈumbulu/,null*/rˌufˈɛjɑ/,null*/rˌøsˈɑʎɑ/,null*/rˌospˈoɲɑ/,null*/rˈotɑ/,null*/rˈotulu/,null*/rˌotˈundɑ/,null*/rˌynˈoɲu/,null*/rˌunkˈoɲu/,null*/rˈudɛ/,null{ABSENT},null*/rˌumpˈɛɲu/,null{ABSENT},null*/rˈytɑ/,null*/sˌɑβˈurru/,null*/sˈɛkulu/,null*/sˌɑɡˈettɑ/,null*/sˌɛttˈoɲu/,null*/sˌɑʎettˈoɲu/,null*/sˈɑɡu/,null*/sˈɑkkulu/,null*/sˌɑkrˈoɲu/,null*/sˈɑlekjɛ/,null*/sˈɑlekɑ/,null*/sˈɑlinkiɛ/,null*/sˌɑlekˈetu/,null*/sˌɑlˈinɑ/,null*/sˌɑlˈiɲu/,null*/sˌɑlwˈoɲu/,null*/sˌɑlwˈɑt͡ʃjɑ/,null*/sˌɑlwjˈɛlːɑ/,null*/sɐɾˈoɲu/,null*/sˌɑntˈɑtɛ/,null{ABSENT},null*/sˌɑŋɡʷuɲˈɑtɑ/,null*/sˌuɲsˈuɲɑ/,null{ABSENT},null*/sˈɑɲtu/,null*/sˌɑɲtumˌixɑˈilo/,null{ABSENT},null*/sˌɑɲtuˌɑndrˈejɑ/,null*/sˌɑɲˈɑkoβo/,null*/kˌɑleksˈɑɲtu/,null*/sˌɑɲtudˌimˈitriu/,null*/sˌɑɲtunˌikˈolɑo/,null*/sˌɑppˈoɲu/,null*/sˈɑpu/,null*/sˈɑrkɑ/,null*/sˌɑlekenˈorju/,null*/sˌɑrmˈɛntu/,null*/sˌɑtˈuntɑ/,null*/sˌɛkrˈetu/,null*/sˌɛkʷˈoɲu/,null*/sjˈalːɑ/,null*/sˈɛt͡ʃjɑ/,null*/sˈɛrɡiu/,null*/sjˈarrɑ/,null*/sˌɛrtˈoɲu/,null*/sˌɛrwˈeɲu/,null*/sˌɛrwˈet͡ʃju/,null*/sˌirwitˈorɛ/,null*/sˌirwitˈyrɑ/,null*/sˈɛssu/,null*/sˌeŋnˈoɲu/,null*/sˈeŋnu/,null*/sˈiː/,null*/sˈeklɑ/,null*/sˈikulɑ/,null*/sˌemelˈojɲu/,null*/sˌemelɑtˈyrɑ/,null*/sˈinu/,null*/sˈerpu/,null*/sˈitɑ/,null*/skˈɑbjɛ/,null*/skˈɑlɑ/,null*/skˈɑmnu/,null*/skˈemnɪ/,null*/skˈɑndulu/,null{ABSENT},null*/skˌentˈiʎɑ/,null*/slˈɑwu/,null*/ˌɛsklˈøppu/,null*/skˈodrɑ/,null*/skˈolɑ/,null*/skˈøpɑ/,null{ABSENT},null*/skˈørjɑ/,null*/skˈort͡ʃjɑ/,null*/skrˈiβoɲu/,null*/skˈulkɑ/,null*/skˈumɑ/,null*/skˈytu/,null*/skʷˈɑtu/,null*/sˈulku/,null*/sˈokɑ/,null*/sˈokjɑ/,null*/sˈokju/,null*/sˈolɑ/,null*/sˌulˈɑnu/,null*/sˈolu/,null*/sˈorbɑ/,null*/sˈortɛ/,null*/sˌurtˈikɑ/,null*/sˌurtelɛɡˈijɑ/,null*/spˈɑtɑ/,null*/spˈɑtulɑ/,null*/spˌɛrˈɑjt͡ʃjɑ/,null*/spˌerˈojɲu/,null*/spˈinɑ/,null*/spˈirtu/,null*/spˈessu/,null*/splˌɛnˈɛtkɑ/,null*/spˈud͡ʒjɑ/,null*/spˈortɑ/,null*/stˈɑβulɑ/,null*/stˈɑmnu/,null*/stˈɑnku/,null*/stˈɑti/,null*/stˈɑtu/,null*/stˌɛrnˈɑku/,null*/strˈɑmbu/,null*/strˈembenu/,null*/strˈɑtu/,null*/strˈiɡɑ/,null*/strˈeɲtu/,null*/strˌeŋɡˈoɲu/,null*/stˈuppɑ/,null*/stˌuppˈoɲu/,null*/stˈurnu/,null*/swˌɑwˈiʎɑ/,null*/sˌedˈoɲu/,null*/sˌuβlˈɑtɑ/,null*/sˌuβmˌɑrˈitkɑ/,null*/sˌuβrˌɑwkˈoɲu/,null*/sˌubtɛrrˌɑnˈijɑ/,null*/sˌuffɛrˈeɲu/,null*/sˈuçtɑ/,null*/sˌuçtˈoɲu/,null*/sˈummɑ/,null*/sˌupɛrkˌɑdˈɑlɛ/,null{ABSENT},null*/sˈurdu/,null{ABSENT},null{ABSENT},null*/tˈɑktu/,null*/tˌɑetˈoɲu/,null*/tˈɑʎɑ/,null*/tˈɑʎɑ/,null*/tˈɑppɑ/,null*/tˌɑvˈɛrnɑ/,null*/tˈewɾi/,null*/tˈɑwɾu/,null*/tˈɛɡmenɛ/,null*/tˈeɡulɑ/,null{ABSENT},null{ABSENT},null*/tˈɛndɑ/,null*/tˌɛrˈøːɛlːɑ/,null*/tˌɛrˈøːɛlːɑ/,null*/tˌɛrrɛmˈøtu/,null*/tˌɛrrˈɑtku/,null*/tˈɛst͡ʃjɑ/,null*/ˌentˌɛstemˈoɲu/,null*/tˌimˈonɛ/,null*/tˌemˈørɛ/,null*/tˈinɑ/,null*/tˈeɲɑ/,null*/tˈinkɑ/,null*/tˈinːunkulu/,null*/tˈitulu/,null*/tˌukkˈoɲu/,null*/tˈorkulu/,null*/tˈornu/,null*/tˈortɑ/,null*/trˈøːɛzɑ/,null*/trˈɑβu/,null*/trˌɑdˈoɲu/,null*/trˌɑjˌɛktˈorju/,null*/trˌɑçtˈoɲu/,null*/trˈɑçtɑ/,null*/trˌɑsflˈoɲu/,null*/trˌɑseɡˈoɲu/,null*/trˈiβulu/,null*/trˌɑsmˌɛd͡ʒjˈoɲu/,null*/trˌefˈoʎɑ/,null*/trˌefˈilːu/,null*/trˌefˈurku/,null*/trˌimesˈɑnɑ/,null*/trˈinɑ/,null*/trˈistɛ/,null*/trˌydekulˈiɲu/,null{ABSENT},null*/trˈumbɑ/,null*/trˌuskˈoe̯ɲu/,null*/trˈunku/,null*/tˌurt͡ʃjˈoɲu/,null*/tˈuβulɑ/,null*/tˈufɑ/,null*/tˈumbɑ/,null*/tˈumulu/,null*/tˈundu/,null*/tˈurbɑ/,null*/tˌurbˈoɲu/,null*/tˌurbulˈoɲu/,null*/tˈurbulu/,null*/tˈurmɑ/,null{ABSENT},null*/tˈurrɛ/,null*/tˈurturɛ/,null*/θˈikɑ/,null*/ˌunkˈoɲu/,null*/ˌynktˈyrɑ/,null*/upˈupɑ/,null*/ˌurulˈiɲu/,null*/ˌutrˈinu/,null*/wˌɑɡˈoɲu/,null*/wˈɑku/,null*/wˌɑlˈɛɲu/,null*/wˌɑʎˈeɲu/,null*/wˌɑˈoe̯ɲu/,null*/wˈɑlːɛ/,null*/wˌɑlˈørɑ/,null*/wˈɑpɑ/,null*/wˌelˈɑt͡ʃjɑ/,null*/wˈelu/,null*/wˌɛnˈenɑ/,null*/wˌɛnˈenu/,null*/wˈɛɲu/,null*/wˌɛtˌilˈoɲu/,null*/wˈerɑ/,null*/wˌertˈɑtɛ/,null*/wˌɛrrˈikulu/,null*/wˈɛrsɑ/,null*/wˌɛrsˈoɲu/,null*/wˌɛskˈojɲu/,null*/wˈesku/,null*/wˌessˈikɑ/,null*/ˌemˌessˈikɑ/,null*/wˌɛsteɡˈoɲu/,null*/wˈɛst͡ʃju/,null*/wˈɛtɛrɛ/,null*/wˈijɑ/,null*/wˌiɡˈijlɑj/,null*/emeɡˈijlɑj/,null*/wˈikjɑ/,null*/wˌikˈinu/,null*/wˌeçtˈorjɑ/,null*/wˈiçtwɑʎɑ/,null*/wˈilːɑ/,null*/wˌiɲˈɑlu/,null*/ˌemeɡˈijlu/,null*/wˈirɡenɛ/,null*/wˌirɡˈɑnu/,null*/wˈerdɑ/,null*/wˈerdɛ/,null*/wˌertˈytɛ/,null*/wˌestˈoɲu/,null*/wˈestulu/,null*/wˈesku/,null*/wˈet͡ʃju/,null*/wˌetˈuʎɑ/,null{ABSENT},null*/wˌettˈulɑ/,null*/wˈiwoɲu/,null*/wˈolɑ/,null*/wˈolpulu/,null*/wˌuluntˈɑtɛ/,null*/wˈomɪ/,null*/wˌulːɛrˈɑtɑ/
R95,,,,,,,,,,,,,,,,,,,,,,,,,,,,,,,,,,,,,,,,,,,,,,,,,,,,,,,,,,,,,,,,,,,,,,,,,,,,,,,,,,,,,,,,,,,,,,,,,,,,,,,,*/dˌiskˌɑrkˈoɲu/,,,,,,,,,,,,,,,,,,*/ˌɛsˌɑmtˈoɲu/,,,,,,,,,,*/ˌɛskˌɑrtˈoɲu/,,,,,,,,,,,,,,,,,,,,,,,,,,,,,,,,,,,,,,,,,,,,,,,,,,,,,,,,,,,,,,,,,,,,,,,,,,,,,,,,,,,,,,,,,,,,,,,,,,,,,,,,,,,,,,,,,,,,,,,,,,,,,,,,,,,,,,,,,,,,,,,,,,,,,,,,,,,,,,,,,,,,,,,,,,,,,,,,*/ˌenkˌɑrkˈoɲu/,,,,,,,,,,,,,,,,,,,,,,,,,,,,,*/ɟˌyntˈyrɑ/,*/ɟˈyntu/,,,,,,,,,,,,,,,,,,,,,,,,,,*/kˈɑnkɑ/,*/kˌɑnkˈɛlːu/,,,*/kˌɑpsˈɑtɑ/,*/kˌɑpsˈoɲu/,,,,,,,,,,,,,,,,,,,,,,,,,,,,,,,,,,,*/enkˈɑlɑ/,,,,,,,,,,,,,,,,,,,,,,*/kˌuˌemtˈoɲu/,,,,,,,,,,,,,,,,,,,,,,*/kˈumtɛr/,,,*/kˈumtu/,,,,,,,,,,,,,,,,,,,,,,,,,,,,,,,,,,,,,,,,,,,,,,,,,,*/kˈultrɑ/,,,,,,*/kˌuntˈoɲu/,,,,,,,,,,,,,,,,,,,,,,,,,,,,,,,,,,,,,,,,,,,,,,,,,,,,,,,,,,,,,,,,,*/lˌupkˈɑtu/,,,,,,,,,,,,,,,,,,,,,,,,,,,,,,,,,,,,*/mˌɑrkˌinˈetu/,,,,,,,,,,,,,,,,,,,,,,,,,,,,,,,,,,,,,,,,,,,,,,,,,,,,,,,,,,,,,,,,,,,,,,,,,,,,,,,,,,,,,,,,*/ˌustˈoɲu/,,,,,,,,,,,,,,,,,,,,,,,,,,,,,,,,,,,,,,,,,,,,,,,,,,,,,,,,,,,,,,,,,,,,,,,,,,,*/plˈɑnku/,,,,,,,,,,,,,,,,,,,,,,,,,,,,,,,,,,,,,,,,,,,,,,,,,,,,,,,,,,,,,,,,,,,,,,,,,,,,,,,,,,,,,,,,,,,,,,,,,,,,,,,,,,,,,,,,,,,,,,,*/sˌɑntuˌɑndrˈeːjɑː/,,,,,,,,,,,,,,,,,,,,,,,,,,,,,,,,,,,,,,,,,,,,,,,,,,,,,,,,,,,,,,,,,,,,,,,,,,,,,,,,,,,,,,,,,,,,,,,,,,,,,,,,,,,,,,,,,,,,,,,,,,,,,,,,,,,,,,,,,,,,,,,,,,,,,,,,,,,,,,,,,,,,,,,,,,,,*/ˌyntˈyrɑ/,,,,,,,,,,,,,,,,,,,,,,,,,,,,,,,,,,,,,,,,,,,,,,,,,,,,,,,,,
R96,,,,,,,,,,,,,,,,,,,,,*/ˌɑlleɡˈorˈiɑ/,,,,,,,,,,,,,,,,,,,,,,,,,,,,,,,,,,,,,,,,,,,,,,,,,,,,,,,,,,,,,,,,,,,,,,,,,,,,,,,,,,,,,,,,,,,,,,,,,,,,,,,,,,,,,,,,,,,,,,,,,,,,,,,,,,,,,,,,,,,,,,,,,,,,,,,,,,,,,,,,,,,,,,,,,,,,,,,,,,,,,,,,,,,,,,,,,,,,,,,,,,,,,,,,,,,,,,,,,,,,,,,,,,,,,,,,,,,,,,,,,,,,,,,,,,,,,,,,,,,,,,,,,,,,,,,,,,,,,,,,,,,,,,,,,,,,,,,,,,,,,,,,,,,,,,,,,,,,,,,,,,,,,,,,,,,,,,,,,,,,,,,,,,,,,,,,,,,,,,,,,,,,,,,,,,,,,,,,,,,,,,,,,,,,,,,,,,,,,,,,,,,,,,,,,,,,,,,,,,,,,,,,,,,,,,,,,,,,,,,,,,,,,,,,,,,,,,,,,,,,,,,,,,,,,,,,,,,,,,,,,,,,,,,,,,,,,,,,,,,,,,,,,,,,,,,,,,,,,,,,,,,,,,,,,,,,,,,,,,,,,,,,,,,,,,,,,,,,,,,,,,,,,,,,,,,,,,,,,,,,,,,,,,,,,,,,,,,,,,,,,,,,,,,,,,,,,,,,,,,,,,,,,,,,,,,,,,,,,,,,,,,,,,,,,,,,,,,,,,,,,,,,,,,,,,,,,,,,,,,,,,,,,,,,,,,,,,,,,,,,,,,,,,,,,,,,,,,,,,,,,,,,,,,,,,,,,,,,,,,,,,,,,,,,,,,,,,,,,,,,,,,,,,,,,,,,,,,,,,,,,,,,,,,,,,,,,,,,,,,,,,,,,,,,,,,,,,,,,,,,,,,,,,,,,,,,,,,,,,,,,,,,,,,,,,,,,,,,,,,,,,,,,,,,,,,,,,,,,,,,,,,,,,,,,,,,,,,,,,,,,,,,,,,,,,,,,,,,,,,,,,,,,,,,,,,,,,,,,,,,,,,,,,,,,,,,,,,,,,,,,,,,,,,,,,,,,,,,,,,,,,,,,,,,,,,,,,,,,,,,,,,,,,,,,,,,,,,,,,,,,,,,,,,,,,,,,,,,,,,,,,,,,,,,,,,,,,,,,,,,,,,,,,,,,,,,,,,,,,,,,,,,,,,,,,,,,,,,,,
R97,,,,,,,,,,,,,,,,,,,,,,,,,,,,,,,,,,,,,,,,,,,,,,,,,,,,,,,,,,,,,,,,,,,,,,,,,,,,,,,,,,,,,,,,,,,,,,,,,,,,,,,,,,,,,,,,,,,,,,,,,,,,,,,,,,,,,,,,,,,,,,,,,,,,,,,,,,,,,,,,,,,,,,,,,,,,,,,,,,,,,,,,,,,,,,,,,,,,,,,,,,,,,,,,,,,,,,,,,,,,,,,,,,,,,,,,,,,,,,,,,,,,,,,,,,,,,,,,,,,,,,,,,,,,,,,,,,,,,,,,,,,,,,,,,,,,,,,,,,,,,,,,,,,,,,,,,,,,,,,,,,,,,,,,,,,,,,,,,,,,,,,,,,,,,,,,,,,,,,,,,,,,,,,,,,,,,,,,,,,,,,,,,,,,,,,,,,,,,,,,,,,,,,,,,,,,,,,,,,,,,,,,,,,,,,,,,,,,,,,,,,,,,,,,,,,,,,,,,,,,,,,,,,,,,,,,,,,,,,,,,,,,,,,,,,,,,,,,,,,,,,,,,,,,,,,,,,,,,,,,,,,,,,,,,,,,,,,,,,,,,,,,,,,,,,,,,,,,,,,,,,,,,,,,,,,,,,,,,,,,,,,,,,,,,,,,,,,,,,,,,,,,,,,,,,,,,,,,,,,,,,,,,,,,,,,,,,,,,,,,,,,,,,,,,,,,,,,,,,,,,,,,,,,,,,,,,,,,,,,,,,,,,,,,,,,,,,,,,,,,,,,,,,,,,,,,,,,,,,,,,,,,,,,,,,,,,,,,,,,,,,,,,,,,,,,,,,,,,,,,,,,,,,,,,,,,,,,,,,,,,,,,,,,,,,,,,,,,,,,,,,,,,,,,,,,,,,,,,,,,,,,,,,,,,,,,,,,,,,,,,,,,,,,,,,,,,,,,,,,,,,,,,,,,,,,,,,,,,,,,,,,,,,,,,,,,,,,,,,,,,,,,,,,,,,,,,,,,,,,,,,,,,,,,,,,,,,,,,,,,,,,,,,,,,,,,,,,,,,,,,,,,,,,,,,,,,,,,,,,,,,,,,,,,,,,,,,,,,,,,,,,,,,,,,,,,,,,,,,,,,,,,,,,,,,,,,,,,,,,,,,,,,,,,,,,,,,,,,,,,,,,,,,,,,,,,,,,,,,,,,,,,,,,,,,,,,,,,,,,,,,,,,,,,,,,,,,,,,,,
R98,,,,,,,,,,,,,,,,,,,,,,,,,,,,,,,,,,,,,,,,,,,,,,,,,,,,,,,,,,,,,,,,,,,,,,,,,,,,,,,,,,,,,,,,,,,,,,,,,,,,,,,,,,,,,,,,,,,,,,,,,,,,,,,,,,,,,,,,,,,,,,,,,,,,,,,,,,,,,,,,,,,,,,,,,,,,,,,,,,,,,,,,,,,,,,,,,,,,,,,,,,,,,,,,,,,,,,,,,,,,,,,,,,,,,,,,,,,,,,,,,,,,,,,,,,,,,,,,,,,,,,,,,,,,,,,,,,,,,,,,,,,,,,,,,,,,,,,,,,,,,,,,,,,,,,,,,,,,,,,,,,,,,,,,,,,,,,,,,,,,,,,,,,,,,,,,,,,,,,,,,,,,,,,,,,,,,,,,,,,,,,,,,,,,,,,,,,,,,,*/kərˈøːɛlːu/,*/kərˈøːru/,,,,,,,,,,,,,,,,,,,,,,,,,,,,,,,,,,,,,,,,,,,,,,,,,,,,,,,,,,,,,,,,,,,,,,,,,,,,,,,,,,,,,,,,,,,,,,,,,,,,,,,,,,,,,,,,,,,,,,,,,,,,,,,,,,,,,,,,,,,,,,,,,,,,,,,,,,,,,,,,,,,,,,,,,,,,,,,,,,,,,,,,,,,,,,,,,,,,,,,,,,,,,,,,,,,,,,,,,,,,,,,,,,,,,,,,,,,,,,,,,,,,,,,,,,,,,,,,,,,,,,,,,,,,,,,,,,,,,,,,,,,,,,,,,,,,,,,,,,,,,,,,,,,,,,,,,,,,*/pərˈɑβulɑ/,,*/pərˈoɲu/,*/pərˈoɲu/,,*/pərˈɛntɛ/,,,,,,,,,,,,,,,,,,,,,,,,,,,,,,,,,,,,,,,,,,,,,,,,,,,,,,,,,,,,,,,,,,,,,,,,,,,,,,,,,,,,,,,,,,,,,,,,,,,,,,,,,,,,,,,,,,,,,,,,,,,,,,,,,,,,,,,,,,,,,,,,,,,,,,,,,,,,,,,,,,,,,,,,,,,,,,,,,,,,,,,,,,,,,,,,,,,,,,,,,,,,,,,,,,,,,,,,,,,,,,,,,,,,,,,,,,,,,*/spərˈɑjt͡ʃjɑ/,*/spərˈojɲu/,,,,,,,,,,,,,,,,,,,,,,,,,,,,,,,,,,,,,,,,,,,,,,,,,,*/tərˈøːɛlːɑ/,*/tərˈøːɛlːɑ/,,,,,,,,,,,,,,,,,,,,,,,,,,,,,,,,,,,,,,,,,,,,,,,,,,,,,,,,,,,,,,,,,,,,,,,,,,,,,,,,,,,,,,,,,,,,,,,,,,,,,,,,,,,,,,
R99,,,,,,,,,,,,,,,,,,,,,,,,,,,,,,,,,,,,,,,*/ˌʊrˈanɑ/,,,,,,,,,,,,,,,,,,,,,,,,,,,,,,,,,,,,,,,,,,,,,,,,,,,,,,,,,,,,,,,,,,,,,,,,,,,,,,,,,,,,,,,,,,,,,,,,,,,,,,,,,,,,,,,,,,,,,,,,,,,,,,,,,,,,,,,,,,,,,,,,,,,,,,,,,,,,,,,,,,,,,,,,,,,,,,,,,,,,,,,,,,,,,,,,,,,,,,,,,,,,,,,,,,,,,,,,,,,,,,,,,,,,,,,,,,,,,,,,,,,,,,,,,,,,,,,,,,,,,,,,,,,,,,,,,,,,,,,,,,,,,,,,,,,,,,,,,,,,,,,,,,,,,,,,,,,,,,,,,,,,,,,,,,,,,,,,,,,,,,,,,,,,,,,,,,,,,,,,,,,,,,,,,,,,,,,,,,,,,,,,,,,,,,,,,,,,,,,,,,,,,,,,,,,,,,,,,,,,,,,,,,,,,,,,,,,,,,,,,,,,,,,,,,,,,,,,,,,,,,,,,,,,,,,,,,,,,,,,,,,,,,,,,,,,,,,,,,,,,,,,,,,,,,,,,,,,,,,,,,,,,,,,,,,,,,,,,,,,,,,,,,,,,,,,,,,,,,,,,,,,,,,,,,,,,,,,,,,,,,,,,,,,,,,,,,,,,,,,,,,,,,,,,,,,,,,,,,,,,,,,,,,,,,,,,,,,,,,,,,,,,,,,,,,,,,,,,,,,,,,,,,,,,,,,,,,,,,,,,,,,,,,,,,,,,,,,,,,,,,,,,,,,,,,,,,,,,,,,,,,,,,,,,,,,,,,,,,*/pˌʊlˈantɑ/,,,,,,,,,,,,,,,,,,,,,,,,,,,,,,,,,,,,,,,,,,,,,,,,,,,,,,,,,,,,,,,,,,,,,,,,,,,,,,,,,,,,,,,,,,,,,,,,,,,,,,,,,,,,,,,,,,,,,,,,,,,,,,,,,,,,,,,,,,,,,,,,,,,,,,,,,,,,,,,,,,,,,,,,,,,,,,,,,,,,,,,,,,,,,,,,,,,,,,,,,,,,,,,,,,,,,,,,,,,,,,,,,,,,,,,,,,,,,,,,,,,,,,,,,,,,,,,,,,,,,,,,,,,,,,,,,,,,,,,,,,,,,,,,,,,,,,,,,,,,,,,,,,,,,,,,,,,,,,,,,,,,,,,,,,,,,,,,,,,,,,
R100,,,,,,,,,,,,,,,,,,,,,,,,,,,,,,,,,,,,,,,*/ʊrˈanɑ/,,,,,,,,,,,,,,,,,,,,,,,,,,,,,,,,,,,,,,,,,,,,,,,,,,,,,,,,,,,,,,,,,,,,,,,,,,,,,,,,,,,,,,,,,,,,,,,,,,,,,,,,,,,,,,,,,,,,,,,,,,,,,,,,,,,,,,,,,,,,,,,,,,,,,,,,,,,,,,,,,,,,,,,,,,,,,,,,,,,,,,,,,,,,,,,,,,,,,,,,,,,,,,,,,,,,,,,,,,,,,,,,,,,,,,,,,,,,,,,,,,,,,,,,,,,,,,,,,,,,,,,,,,,,,,,,,,,,,,,,,,,,,,,,,,,,,,,,,,,,,,,,,,,,,,,,,,,,,,,,,,,,,,,,,,,,,,,,,,,,,,,,,,,,,,,,,,,,,,,,,,,,,,,,,,,,,,,,,,,,,,,,,,,,,,,,,,,,,,,,,,,,,,,,,,,,,,,,,,,,,,,,,,,,,,,,,,,,,,,,,,,,,,,,,,,,,,,,,,,,,,,,,,,,,,,,,,,,,,,,,,,,,,,,,,,,,,,,,,,,,,,,,,,,,,,,,,,,,,,,,,,,,,,,,,,,,,,,,,,,,,,,,,,,,,,,,,,,,,,,,,,,,,,,,,,,,,,,,,,,,,,,,,,,,,,,,,,,,,,,,,,,,,,,,,,,,,,,,,,,,,,,,,,,,,,,,,,,,,,,,,,,,,,,,,,,,,,,,,,,,,,,,,,,,,,,,,,,,,,,,,,,,,,,,,,,,,,,,,,,,,,,,,,,,,,,,,,,,,,,,,,,,,,,,,,,,,,,,,,,,,,,,,,,,,,,,,,,,,,,,,,,,,,,,,,,,,,,,,,,,,,,,,,,,,,,,,,,,,,,,,,,,,,,,,,,,,,,,,,,,,,,,,,,,,,,,,,,,,,,,,,,,,,,,,,,,,,,,,,,,,,,,,,,,,,,,,,,,,,,,,,,,,,,,,,,,,,,,,,,,,,,,,,,,,,,,,,,,,,,,,,,,,,,,,,,,,,,,,,,,,,,,,,,,,,,,,,,,,,,,,,,,,,,,,,,,,,,,,,,,,,,,,,,,,,,,,,,,,,,,,,,,,,,,,,,,,,,,,,,,,,,,,,,,,,,,,,,,,,,,,,,,,,,,,,,,,,,,,,,,,,,,,,,,,,,,,,,,,,,
R101,,,,,,,,,,*/ˌɛrˈemɪ/,*/ˌɛstɪmˈoɲu/,,,*/ˌɑkˈiŋɡɪ/,,*/ˌɑkkˈiptrɪ/,,,,,*/ˌɑllɪɡˈorˈiɑ/,*/ˌɑltˈɑrɪ/,,,,,*/ˈɑmɪtɑ/,,,*/ˈɑnɡɪlu/,,,,,,,*/ˌɑprˈilɪ/,,,,,,,,,,,,,*/ˈɑspɪr/,,,,,,,,,,,*/bˌɑrˈonɪ/,,,*/bˌɛndɪkˈoɲu/,,,,*/brˈɑkɪ/,,,,,,,*/bˌuβˈulkɪ/,,,,,,*/bˈuttɪ/,*/dˈɛmunɪ/,,,,*/dˌeβutˈorɪ/,*/dˌeβutˈorɪt͡ʃju/,,*/dˌelˌiβɪrˈoɲu/,,*/dˌepˌɛnɪtrˈoɲu/,,,*/dˌesˌidɪrˈoɲu/,,,,,,,,,*/dˌiskˌɑβɑlːɪkˈoɲu/,,,,,*/mˌudɪstɪkˈoɲu/,*/dˌulˈørɪ/,,*/drˈɑkɪ/,*/drˌɑnkˈonɪ/,,,*/dˈukɪ/,*/dˌuplɪkˈoɲu/,,,,,*/ˌɛsˈemɪnɑ/,,*/ˌɛsˌɑnɪmˈoɲu/,,,,*/ˌɛskˌɑβɑlːɪkˈoɲu/,,,,,,*/ˌɛskˌɑtɪdrˈoɲu/,*/ˌɛskˌɑwdɪkˈoɲu/,*/ˌɛskˈipɪ/,,,,,,*/ˌɛspˌɛdɪtˈoɲu/,*/ˌɛspˈɛdɪtu/,,,,,,,*/ˌɛsweɡɪlˈoɲu/,*/ˌɛlˈɛɡɪjɑ/,,,,,*/ˌerˌɑdɪkˈoɲu/,*/ˌɛrɪmˈitu/,*/ˈerɪkju/,*/rɪˈyːjlɑ/,,,,,,,,,,,,*/fˌɑlkˈonɪ/,,,,,,,*/fˌɑrɪnˈoɲu/,*/fˌɑrɪnˈɑtɑ/,,,,,,,*/fˈemɪnɑ/,,,,,,,*/fˈelɪkɑ/,*/fˌeʎˈɑstɪr/,*/fˌelɪkˈetu/,,*/fˌirɡɪlˈinu/,,,,,*/flˈɑmɪɲɑ/,,,,,,,*/fˈurnɪkɪ/,*/fˌurnɪkˈijɑ/,*/fˈortɪ/,,,,*/frˈɑksɪnu/,,,,,,,,,,,,,,,*/fˈuskɪɲɑ/,*/fˌuskɪɲˈorju/,,,*/ɡˈɑlbɪnu/,,*/ɡˌɑlːɪnˈɑt͡ʃjɑ/,*/ɡˈɑlːɪ/,,,,,,,,*/ɡˈɛntɪ/,*/ɡɪˈørɡɪu/,,,*/lˈirɪ/,*/ɡlˌemːɪrˈɑtɑ/,,,,*/ɡrˈɛɡɪ/,,,,,,,,,,,,*/hˌevɪrnˈinu/,,*/hˈenːɪkulɑ/,*/hˌenːɪkulˈoɲu/,*/hˌɛrnɪdzˈoɲu/,,,,,,,,*/ˈilɪkɪ/,,,,,*/ˌempˌɛrˌɑtˈorɪ/,*/pˌɛrɑntˈorɪ/,*/ˌempɪrˌɑturˈessɑ/,*/ˌempɪrˈɑjtu/,*/ˌimpɪrˈɑjtor/,,,*/ˌemmˈynɪ/,,,,,,*/ˌendˌespɪkˈoɲu/,,,,*/ˌendˌerɪçtˈoɲu/,,,,,,,*/ˌenɪmˈiku/,*/ˌenkˌɑβɑlːɪkˈoɲu/,,*/ˌenkˌɑwsɪnˈojɲu/,,,,*/kˈudɪ/,*/kˈudɪnɪ/,,,,,,,,*/ˌentˌɛlːɪɡˈoɲu/,*/ˌentɪɡrˈoɲu/,*/ˌentɪr/,*/ˌentɪɲˈoɲu/,,,,,,*/ɟˈowɑnːɪ/,,,*/ɟˌydɪkˈoɲu/,*/ɟˌydɪkˈɑtɑ/,*/ɟˈydɪkju/,,,,,,,,,,*/kˌɑlɪndˈorju/,*/kˈɑlɪkɪ/,,*/kˈɑlːɪ/,,,*/kˈemɪrɑ/,,,,*/kˈɑnɑpɪ/,,*/kˈɑnɪ/,,,,,,,,,,,,,,*/kˌɑpˈonɪ/,,*/kˈɑptɪ/,,,,*/kˌermɪɲˈoɲu/,,*/kˈɑrrɪ/,,,,*/kˈɑsɪnɑ/,,,,,,,,*/kˈɛntɪ/,,,,,,,,,,,,,*/kˈikɪrɪ/,,*/kˈimɪkɑ/,,,,,,,,*/kˌyːtˈɑtɪ/,,,,,,,,,*/klˌemˈentɪ/,,,*/kˌuʎɪtˈoɲu/,,*/kˌuˌerˈedɪ/,,,*/kˌulːˈɑrɪ/,,,*/kˌulːˌimɪtˈoɲu/,,*/kˌulumbɪnˈijɑ/,,,,,,,,,,*/kˌummunɪkˈoɲu/,*/kˈumtɪr/,,,,,,,,,*/kˈusulɪ/,,,,,,,,*/kˌupɪrtˈyrɑ/,,,,,,,,,,,,,,,*/kˌuttɪdzˈoɲu/,,,,,,,,,,*/krˌestɪjˈɑnɑ/,*/krˌestɪntˈɑlɪ/,,,,*/krˈukɪ/,,,,,,,*/kˈulmɪ/,,,,,,,,,,,*/kʷˌɑdrˈesɪmɑ/,,,,,,,,,,,,*/lˌɑvʏrˈoɲu/,,*/lˌɑkˈonɪ/,,,,,,*/lˌɑŋɡʷˈørɪ/,,,,,,,,,,,*/lˌɑvɪkˈɑjru/,,*/lˈeɡɪ/,,*/ʎˈonɪ/,*/lˈɛpurɪ/,*/lˈɛpuʎɪ/,,*/lˈiβɪru/,,*/lˌiβɪrˈoɲu/,,,,,,,,*/lˌeppɪtˈyrɑ/,,*/lˈettɪrɑ/,,,,,,*/lˌuktɑtˈorɪ/,*/lˈuntrɪ/,,,,,,*/mˌɑːstɪrˈoɲu/,,,,*/mˌɑludɪkˈoɲu/,*/mˌɑlːɪt͡ʃjˈolɑ/,,,,*/mˌɑlɪt͡ʃjˈoɲu/,,,,,,,,,,,*/mˈɑnkɪnu/,,*/mˈɑrɡɪnɪ/,,*/mˌarɪkˈɔsu/,*/mˌɑrɪlˈykju/,,,,,*/mˈɑrmurɪ/,,*/mˈɑrtɪ/,,,,,,,*/mˌɑstɪkˈoɲu/,,,,,*/mˌɛdɪkˈoɲu/,*/mˌɛdɪkˈɑstru/,*/mˈɛdɪku/,*/mˌɛdɪtˈoɲu/,,,,*/mˈɛntɪ/,*/mˌɛrɪd͡ʒjˈoɲu/,,,,,,,,,*/mˌenɪstrˈoɲu/,,,,,*/mˌesɪrˈɑrɪ/,,,,*/mˌulˈɑrɪ/,,,,,,*/mˈortɪ/,,,,,,,*/mˌuskɪlˈorju/,,,,,,,,,,,,,,*/nˌemːɪnˈoɲu/,,,,,*/nˌumɪrˈoɲu/,*/nˈumɪru/,,,,,,,,*/ˈopɪrɑ/,,,*/ˌurdɪnˈoɲu/,*/ˌurdɪnˈɑtɑ/,*/ˈordɪnɪ/,,,,,,,,*/pˌɑdˈylɪ/,,,,,,,,,*/pˈɑkɪ/,,,,,,,,,*/pˌɑrɪntˈoɲu/,*/pərˈɛntɪ/,,,,,*/pˌɑstʏrˈɑku/,,,,,,*/pˌɑwulˈonɪ/,*/pˈɛdɪkɑ/,*/pˈɛndɪkɑ/,*/ˌempˈɛdɪkɑ/,,,,*/pˈɛpɪnɪ/,,,,,,,,*/pˌɛrweɡɪlˈoɲu/,*/pˌɛssɪkˈoɲu/,*/pˈɛssɪkɑ/,,,,,,,,,,,,,*/pˈeskɪ/,*/pˌeskɑtˈorɪ/,,,,*/pˈettɪku/,,,,,,*/pˈɑltɪɲɑ/,,,,,,*/pˌulːɪkˈoe̯rju/,*/pˌulːɪkˈɑjrɪ/,,,,,*/pˈorrɪkju/,*/pˌurrɪnˈijɑ/,,,,*/pˈostɪ/,*/pˈostɪro/,,*/pˌustˈɑtɪ/,,,,,,*/prˈevɪtɪr/,,*/prˈinkɪ/,,,,*/prˈoksɪmu/,*/prˌosɪmˈoɲu/,,*/pˈuβlɪkɑ/,*/pˈuβlɪku/,,,,*/pˈulwɛrɪ/,,,,,,,,,,,*/rˈemɪ/,,*/rˈepɪ/,,,,,*/ˌɑdrˌɑt͡ʃjˈonɪ/,,,,,,,,,,*/rˈetɪ/,*/rˈestɪ/,*/rˈetɪnɑ/,,*/rˈikɪnu/,,,,,,,,,,,,,,,,*/rˈudɪ/,,,,,,,,,*/sˌɑʎɪttˈoɲu/,,,,*/sˈɑlɪkjɛ/,*/sˈɑlɪkɑ/,*/sˈɑlɪnkɪɛ/,*/sˌɑlɪkˈetu/,,,,,,,*/sˌɑntˈɑtɪ/,*/sˌɑnɪtˈɔsu/,,,*/sˌɑntrɪnˌitˈɑtɪ/,,,,,,*/kˌɑlɪksˈɑɲtu/,*/sˌɑɲtudˌimˈitrɪu/,,,,,*/sˌɑlɪkɪnˈorju/,,,,,,,*/sˈɛrɡɪu/,,,,,*/sˌirwitˈorɪ/,,,,,,,,*/sˌemɪlˈojɲu/,*/sˌemɪlɑtˈyrɑ/,,,,,,,,,,,,,,,,,,,,,,,,,,,,,,,,*/sˈortɪ/,,*/sˌurtɪlɪɡˈijɑ/,,,,,,,,,,,,,,*/stˈɑtɪ/,,,,*/strˈembɪnu/,,,,,,,,,,,,,*/sˌubtɪrrˌɑnˈijɑ/,*/sˌuffɪrˈeɲu/,,,,*/sˌupɪrkˌɑdˈɑlɪ/,,,,,,,,,,,*/tˈewɾɪ/,,*/tˈɛɡmɪnɪ/,,,,,,,*/tˌɛrrɪmˈøtu/,,,*/ˌentˌɛstɪmˈoɲu/,*/tˌimˈonɪ/,*/tˌemˈørɪ/,,,,,,,,,,,,,,,,,*/trˌɑsɪɡˈoɲu/,,,,,,*/trˌimɪsˈɑnɑ/,,*/trˈistɪ/,*/trˌydɪkulˈiɲu/,,,,,,,,,,,,,,,,,*/tˈurrɪ/,*/tˈurturɪ/,,,,,,,,,,,,*/wˈɑlːɪ/,,,,,,,,,,*/wˌertˈɑtɪ/,,,,,,,,*/wˌɛstɪɡˈoɲu/,,*/wˈɛtɪrɪ/,,,*/emɪɡˈijlɑj/,,,,,,,*/ˌemɪɡˈijlu/,*/wˈirɡɪnɪ/,,,*/wˈerdɪ/,*/wˌertˈytɪ/,,,,,,*/βˈitrɪku/,,,,,*/wˌuluntˈɑtɪ/,,*/wˌulːɪrˈɑtɑ/
R102,,,,,,,,,,,,,,,,,,,,,,,,,,,,,,,,,,,,,,,,,,,,,,,,,,,,,,,,,,,,,,,,,,,,,,,,,,,,,,,,,,,,,,,,,,,,,,,,,,,,,,,,,,,,,,,,,,,,,,,,,,,,,,,,,,,,,,,,,,,,,,,,,,*/ˌɛstˌɛnˈoɲu/,,,,,,,,,,,,,,,,,,,,,,,,,,,,,,,,,,,,,,,,,,,,,,,,,,,,,,,,,,,,,,,,,,,,,,,,,,,,,,,,,,,,,,,,,,,,,,,,,,,,,,,,,,,,,,,,,,,,,,,,,,,,,,*/ɟˈonu/,*/jˌɑːnnˈɑrju/,,,,,,,,,,,,,,,,,,,,,,,,,,,,,,,,,,,,,,,,,,,,,,,,,,,,,,,,,,,,,,,,,,,,,,,,,,,,,,,,,,,,,,,,,,,,,,,,,,,,,,,,,,,,,,,,,,,,,,,,,,,,,,,,,,,,,,,,,,,,,,,,,,,,,,,,,,,,,,,,,,,,,,,,,,,,,,,,,,,,,,,,,,,,,,,,,,,,,,,,,,,,,,,,,,,,,,,,,,,,,,,,,,,,,,,,,,,,,,,,,,,,,,,,,,,,,,,,,,,,,,,,,,,,,,,,,,,,,,,,,,,,,,,,,,,,,,,,,,,,,,,,,,,,,,,,,,,,,,,,,,,,,,,,,,,,,,,,,,,,,,,,,,,,,,,,,,,,,,,,,,,,,,,,,,,,,,,,,,,,,,,,,,,,,,,,,,,,,,,,,,,,,,,,,,,,,,,,,,,,,,,,,,,,,,,,,,,,,,,,,,,,,,,,,,,,,,,,,,,,,,,,,,,,,,,,,,,,,,,,,,,,,,,,,,,,,,,,,,,,,,,,,,,,,,,,,,,,,,,,,,,,,,,,,,,,,,,,,,,,,,,,,,,,,,,,,,,,,,,,,,,,,,,,,,,,,,,,,,,,,,,,,,,,,,,,,,,,,,,,,,,,,,,,,,,,,,,,,,,,,,,,,,,,,,,,,,,,,,,,,,,,,,,,,,,,,,,,,,,,,,,,,,,,,,,,,,,,,,,,,,,,,,,,,,,,,,,,,,,,,,,,,,,,,,,,,,,,,,,,,,,,,,,,,,,,,,,,,,,,,,,,,,,,,,,,,,,,,,,,,,,,,,,,,,,,,,,,,,,,,,,,,,,,,,,,,,,,,,,,,,,,,,,,,,,,,,,,,,,,,,,,,,,,,,,,,,,,,,,,,,,,,,
R103,,,,,,,,,,,,,,,,,,,,,,,,,,,,,,,,,,,,,,,,,,,,,,,,,,,,,,,,,,,,,,,,*/bˌɛndkˈoɲu/,,,,,,,,,,,,,,,,,,,,,,,,,,,,,,,,,,,,,,,,,,,,,,,,,,,,,,,,,,,,,,,,,,,,,,,,,,,,,,,,,,,,,,,,,,,,,,,,,,,,,,,,,,,,,,,,,,,,,,,,,,,,,,,,,,,,*/fˌirɡlˈinu/,,,,,,,,,,,,,,,,,,,,,,,,,,,,,,,,,,,,,,,,,,,,,,,,,,,,,,,,,,,,,,,,,,,,,,,,,*/hˌɛrndzˈoɲu/,,,,,,,,,,,,,,,,,,,,,,,,,,*/ˌendˌespkˈoɲu/,,,,,,,,,,,,,,,,,,,,,,,,,,,,,,,,,,,,,,,,,,,,,,,,,,,,,,,,,,,,,,,,,,,,,,,,,,,,,,,,,,,*/kˌermɲˈoɲu/,,,,,,,,,,,,,,,,,,,,,,,,,,,,,,,,,,,,,,,,,,,,,,,,,,,,,,,,,,,,,,,,,,,,,,,,,,,,,,,,,,,,,,,,,,,,,,,,,,,,,,,,,,,,,,,,*/krˌestjˈɑnɑ/,*/krˌestntˈɑlɪ/,,,,,,,,,,,,,,,,,,,,,,,,,,,,,,,,,,,,,,,,,,,,,,,,,,,,,,,,,,,,,,,,,,,,,,,,,,,,,,,,,,,,,,,,,,,,,,,,,,,,,,,,,,,,,,,,,,,,,,,,,,,,,,,,,,,,,,,,,,,,,,,,,,,,,,,,,,,,,,,,,,,,,,,,,,,,,,,,,,,,,,,,,,,,,,,,,,,,,,,,,,,,,,,,,,,,,,,,,,,,,,,,,,,,,,,,,,,,,,,,,,,,,,,,,,,,,,,,,,,,,,,,,,,,,,,,,,,,,,,,,,,,,,,,,,,,,,,,,,,,,,,,,,,,,,,,,,,,,,,,,,,,,,,,,,,,,,,,,,,,,,,,,,,,,,,,,,,,,,,,,,,,,,,,,,,,,,,,,,,,,,,,,,,,,,,,,,,,,,,,,,,,,,,,,,,,,,,,,,,,,,,,,,,,,,,,,,,,,,,,,,,,,,,,,,,,,,,,,,,,,,,,,,,,,,,,,,,,,,,,,,,,,,,,,,,,,,,,,,,,,,,,,,,,,,,,,,,,,,,,,,*/ˌentˌɛstmˈoɲu/,,,,,,,,,,,,,,,,,,,,,,,,,,,,,,,,,,,,,,,,,,,,,,,,,,,,,,,,,,,,,,,,,,,,,,,,,,,,*/wˌɛstɡˈoɲu/,,,,,,,,,,,,,,,,,,,,,,,,,,,,,,
R104,,,,,,,,,,,,,,,,,,,,,,,,,,,,,,,,,,,,,,,,,,,,,,,,,,,,,,,,,,,,,,,,,,,,,,,,,,,,,,,,,,,,,,,,,,,,,,,,,,,,,,,,,,,*/dˌisbˌelˈoɲu/,,,,,,,,,,,,,,,,,,,,,,,,,,,,,,,,,,,,,,,,,,*/ˌɛsbeɡɪlˈoɲu/,,,,,,,,,,,,,,,,,,,,,,,,,,,,,,,,,,,,,,,,,,,,,,,,,,,,,,,,,,,,,,,,,,,,,,,,,,,,,,,,,,,,,,,,,,,,,,,,,,,,,,,,,,,,,,,,,,,,,,,,,,,,,,,,,,,,,,,,,,,,,,,,,,,,,,,,,,,,,,,,,,,,,,,,,,,,,,,,,,,,,,,,,,,,,,,,,,,,,,,,,,,,,,,,,,,,,,,,,,,,,,,,,,,,,,,,,,,,,,,,,,,,,,,,,,,,,,,,,,,,,,,,,,,,,,,,,,,,,,,,,,,,,,,,,,,,,,,,,,,,,,,,,,,,,,,,,,,,,,,,,,,,,,,*/kˌurbˈinu/,*/kˈorbu/,,,,,,,,,,,,,,,,,,,,,,,,,,,,,,,,,,,,,,,,,,,,,,,,,,,,,,,,,,,,,,,,,,,,,,,,,,,,,,,,,,,,,,,,,,,,,,,,*/lˌupkˈɛrbulu/,,,,,,,,,,,,,,,,,,,,,,,,,,,,,,,,,,,,,,,,,,,,,,,,,,,,,,,,,,,,,,,,,,,,,,,,,,,,,,,,,,,,,,,,,,,,,,,,,,,,,,,,,,,,,,,,,,,,,,,,,,,,,,,,,,,,,,,,,,,,,,,,,,,,,,,,,,,,,,,,,,,,,,,,,,,,,*/pˌɛrbeɡɪlˈoɲu/,,,,,,,,,,,,,,,,,,,,,,,,,,,,,,,,,,,,,,,,,,,,,,,,,,,,,,,,,,,,,,,,,,*/pˈulbɛrɪ/,,,,,,,,,,,,,,,,,,,,,,,,,,,,,,,,,,,,,,,,,,,,,,,,,,,,,,,,,,,,,,,,,,,*/sˌɑlbˈoɲu/,*/sˌɑlbˈɑt͡ʃjɑ/,*/sˌɑlbjˈɛlːɑ/,,,,,,,,,,,,,,,,,,,,,,,,,,,,*/sˌɛrbˈeɲu/,*/sˌɛrbˈet͡ʃju/,*/sˌirbitˈorɪ/,*/sˌirbitˈyrɑ/,,,,,,,,,,,,,,,,,,,,,,,,,,,,,,,,,,,,,,,,,,,,,,,,,,,,,,,,,,,,,,,,,,,,,,,,,,,,,,,,,,,,,,,,,,,,,,,,,,,,,,,,,,,,,,,,,,,,,,,,,,,,,,,,,,,,,,,,,,,,,,,,,,,,,,,,,,,,,,,,,,,,,,,,,,,,,,,,,,,,,,,,,,,,,,,,,,,,,,,,,,,,,,,
R105,,,,,,,,,,,,,,,,,,,,,,,,,,,,,,,,,,,,,,,,,,,,,,,,,,,,,,,,,,,,,,,,,,,,,,,,,,,,,,,,,,,,,,,,,,,,,,,,,,,,,,,,,,,*/dˌisbˌulːˈoɲu/,,,,,,,,,,,,,,,,,,,,,,,,,,,,,,,,,,,,,,,,,,,,,,,,,,,,,,,,,,,,,,,,,,,,,,,,,,,,,,,,,,,,,,,*/fˌulːɪkˈetu/,,,,,,,,,,,,,,,,,,,,,,,,,,,,,,,,,,,,,,,,,,,,,,,,,,,,,,,,,,,,,,,,,,,,,,,,,,,,,,,,,,,,,,,,,,,,,,,,,,,,,,,,,,,,,,,,,,,,,,,,,,,,,,,,,,,,,,,,,,,,,,,,,,,,,,,,,,,,,,,,,,,,,,,,,,,,,,,,,,,,,,,,,,,,,,,,,,,,,,,,,,,,,,,,,,,,,,,,,,,,,,,,,,,,,,,,,,,,,,,,,,,,,,,,,,,,,,,,,,,,,,,,,,,,,,,,,,,,,,,,,,,,,,,,,,,,,,,,,,,,,,,,,,,,,,,,,,,,,,,,,,,,,,,,,,,,,,,,,,,,,,,,,,,,,,,,,,,,,,,,,,,,,,,,,,,,,,,,,,,,,,,,,,,,,,,,,,,,,,,,,,,,,,,,,,,,,,,,,,,,,,,,,,,,,,,,,,,,,,,,,,,,,,,,,,,,,,,,,,,,,,,,,,,,,,,,,,,,,,,,,,,,,,,,,,,,,,,,,,,,,,,,,,,,,,,,,,,,,,,,,,,,,,,,,,,,,,,,,,,,,,,,,,,,,,,,,,,,,,,,,,,,,,,,,,,,,,,,,,,,,,,,,,,,,,,,,,,,,,,,,,,,,,,,,,,,,,,,,,,,,,,,,,,,,,,,,,,,,,,,,,,,,,,,,,,,,,,,,,,,,,,,,,,,,,,,,,,,,,,,,,,,,,,,,,,,,,,,,,,,,,,,,,,,,,,,,,,,,,,,,,,,,,,,,,,,,,,,,,,,,,,,,,,,,,,,,,,,,,,,,,,,,,,,,,,,,,,,,,,,,,,,,,,,,,,,,,,,,,,,,,,,,,,,,,,,,,,,,,,,,,,,,,,,,,,,,,,,,,,,,,,,,,,,,,,,,,,,,,,,,,,,,,,,,,,,,,,,,,,,,,,,,,,,,,,,,,,,,,,,,,,,,,,,,,,,,,,,,,,,,,,,,
R106,,,,,,,*/ˌɑðˌurˈoɲu/,*/ˌɑðorˈɔɲɔ/,,,,,,,,,,,,,,,,,,,,,,,,,,,,,,,,,,,,,,,,,,,,,,,,,,,,,,,,,,,,,,,,,,,,,,,,,,,,,,,,,,,,,,*/dˌesˌiðɪrˈoɲu/,*/dˌesˌiðˈɛrjɑ/,,,,,,,,,,,,,*/mˌuðɪstɪkˈoɲu/,,*/ɛðˌuɾˈoɲu/,,,,,,,,*/ˌeðˌektˈoɲu/,,,,,,,,,,,,,,,,*/ˌɛskˌɑwðɪkˈoɲu/,,,,,,,*/ˌɛspˌɛðɪtˈoɲu/,*/ˌɛspˈɛðɪtu/,,,,,*/ˌɛstrˈyðu/,,,,,,,,*/ˌerˌɑðɪkˈoɲu/,,,,,,,,,,,,,,,,,,,,,,,,,,,,,,,,,,*/fˌeðˈoɲu/,,,,,,,,,,,,,,,,,,,,,,,,,,,,,,,,,,,,,,,,,,,,,,,,,,,,,,,,,,,,,,,,,,,,,,,,,,,,,,,,,,,,,,,,,,,,,,,,,,,,,,,,,,,,,,,,,,,,,,,,,,,*/ˌenkˈorðu/,*/kˈuðɪ/,*/kˈuðɪnɪ/,,,,,,,,,,,,,,,,,,,,*/ɟˌyðɪkˈoɲu/,*/ɟˌyðɪkˈɑtɑ/,*/ɟˈyðɪkju/,,,,,,,,,,,,,,,,,,,,,,,,,,,,,,,,,,,,,,,,,,,,,,,,,,,,,,,,,,,,,,,,,,,,,,,,,,,,,,,,,,,,,,,,,,,,,*/kˌuˌerˈeðɪ/,,,,,,,,,,,,,,,,,,,,,,,,,,,,,,,,,,,,,,*/kˈorðɑ/,,,,,,,,,,,,,,,,,,,,,,,,,,,,,,,,,,,,,,,,,,,,,,,,,,,,,,,,,,,,,,,,,,,,,,*/lˈɑrðu/,,,,,,,,,,,,,,,,,,,,,,,,,,,,*/lˌyðˈoɲu/,,,,,,,,,,,,,,,,*/mˌɑluðɪkˈoɲu/,,,,,,,,,,,,,,,,,,,,,,,,,,,,,,,,,,,,,,,,*/mˌɛðɪkˈoɲu/,*/mˌɛðɪkˈɑstru/,*/mˈɛðɪku/,*/mˌɛðɪtˈoɲu/,,,,,,,,,,,,,,,,,,,,,,*/mˈoðu/,,,,,,,,,,,,,,,,,,,,,,,,,*/nkˌɑrðˌulːˈikjɑ/,*/nˈøðu/,*/nˈøðulu/,,,,,,,,,,,,,,,,,,*/ˌurðɪnˈoɲu/,*/ˌurðɪnˈɑtɑ/,*/ˈorðɪnɪ/,,,,,,,,*/pˌɑðˈylɪ/,,,,,,,,,,,,,,,*/pˌɑrɑðˈiːzu/,,,,,,,,,,,,,,,,*/pˈɛðɪkɑ/,,*/ˌempˈɛðɪkɑ/,,,,,,,,,,,,,,,,,,,,,,,,,,,,,,,,,,,,,,,,,,,,,,,,,,,,,,,,,,,,,*/prˈɛðɑ/,*/prˌɛðˈoɲu/,,,,,,,,,,,,,,,,,,,,,,,*/rˌɑðˈoɲu/,,*/rˌɑðˈikɑ/,*/rˌɑðˈikulɑ/,,,,,,,,,,,,,,,,,,,,,,,,,,,,,,,,,,,,,,*/rˈuðɪ/,,,,,,,,,,,,,,,,,,,,,,,,,,,,,,,,,,*/sˌɑɲtuðˌimˈitrɪu/,,,,,,,,,,,,,,,,,,,,,,,,,,,,,,,,,,,,,,,,,,,,,,,,,,,,,,,,,,,,,,,,,,,,,,,,,,,,,,,,,,,,,,,*/sˌeðˈoɲu/,,,,,,,,,*/sˌupɪrkˌɑðˈɑlɪ/,,*/sˈurðu/,,,,,,,,,,,,,,,,,,,,,,,,,,,,,,,,,,,*/trˌɑðˈoɲu/,,,,,,,,,,,,,,*/trˌyðɪkulˈiɲu/,,,,,,,,,,,,,,,,,,,,,,,,,,,,,,,,,,,,,,,,,,,,,,,,,,,,,,,,,,,,,,,*/wˈerðɑ/,*/wˈerðɪ/,,,,,,,,,,,,,,
R107,,,,,,,,,,,,,,,,,,,,,,,,,,,,,,,,,,,,,,,,,,,,,,,,,,,,,,,,,,,,,,,,,,,,,,,,,,,,,,,,,,,,,,,,,,,,,,,,,,,,,,,,,,,,,,,,,,,,,,,,,,,,,,,,,,,,,*/ˌɛskˌɑtɪrrˈoɲu/,,,,,,,,,,,,,,,,,,,,,,,,,,,,,,,,,,,,,,,,,,,,,,,,,,,,,,,,,,,,,,,,,,,,,,,,,,,,,,,,,,,,,,,,,,,,,,,,,,,,,,,,,,,,,,,,,,,,,,,,,,,,,,,,,,,,,,,,,,,,,,,,,,,,,,,,,,,,,,,,,,,,,,,,,,,,,,,,,,,,,,,,,,,,,,,,,,,,,,,,,,,,,,,,,,,,,,,,,,,,,,,,,,,,,,,,,,,,,,,,,,,,,,,,,,,,,,,,,,,,,,,,,,,,,,,,,,,,,,,,,,,,,,,,,,,,,,,,,,,,,,,,,,,,,,,,,,,,,,,,,,,,,,,,,,,,,,,,,,,,,,,,,,,,,,,,,,,,,,,,,,,,,,,,,,,,,,,,,,,*/kʷˌɑrrˈiɡɑ/,*/kʷˌɑrrˈesɪmɑ/,,,,,,,,,,,,,,,,,,,,,,,,,,,,,,,,,,,,,,,,,,,,,,,,,,,,,,,,,,,,,,,,,,,,,,,,,,,,,,,,,,,,,,,,,,,,,,,,,,,,,,,,,,,,,,,,,,,,,,,,,,,,,,,,,,,,,,,,,,,,,,,,,,,,,,,,,,,,,,,,,,,,,,,,,,,,,,,,,,,,,,,,,,,,,,,,,,,,,,,,,,,,,,,,,,,,,,,,,,,,,,,,,,,,,,,,,,,,,,,,,,,,,,,,,,,,,,,,,,,,,,,,,,,,,,,,,,,,,,,,,,,,,,,,,,,,,,,,,,,,,,,,,,,,,,,,,,,,,*/ˌɑrrˌɑt͡ʃjˈonɪ/,,,,,,,,,,,,,,,,,,,,,,,,,,,,,,,,,,,,,,,,,,,,,,,,,,,,,,,,,,,,,,,,,,,,,,,,,,,,,,,,,,,,,,,,,,,,,,,,,,,,,,,,,,,,,,,,,,,,,,,,,,,,,,,,,,,,,,,,,,,,,,,,,,,,,,,,,,,,,,,,,,,,,,,,,,,,,,,,,,,,,,,,,,,,,,,,,,,,,,,,,,,,,,,,,,,,,,,,,,,,,,,,,,,,,,,,,,,,,,,,,,,,,,,,,,,,,,,,,,,,,,,,,,,,,,,,,,,,,,,,,,,,,,,,,
R108,,,,,,,,,,,,,,,,,,,,,,,,,,,,,,,,,,,,,,,,,,,,,,,,,,,,,,,,,,,,,,,,,,,,,,,,,,,,,,,,,,,,,,,,,,,,,,,,,,,,,,,,,,,,,,,,,,,,,,,,,,,,,,,,,,,,,,,,,,,,,,,,,*/ˌɛrˌimˈoɲu/,,,,,,,,,,,,,,,,,,,,,,,,,,,,,,,,,,,,,,,,,,,,,,,,,,,,,,,,,,,,,,,,,,,,,,,,,,,,,,,,,,,,,,,,,,,,,,,,,,,,,,,,,,,,,,,,,,,,,,,,,,,,,,,,,,,,,,,,,,,,,,,,,,,,,,,,,,,,,,,,,,,,,,,,,,,,,,,,,,,,,,,,,,,,,,,,,,,,,,,,,,,,,,,,,,,,,,,,,,,,,,,,,,,,,,,,,,,,,,,,,,,,,,,,,,,,,,,,,,,,,,,,,,,,,,,,,,,,,,,,,,,,,,,,,,,,,,,,,,,,,,,,,,,,,,,,,,,,,,,,,,,,,,,,,,,,,,,,,,,,,,,,,,,,,,,,,,,,,,,,,,,,,,,,,,,,,,,,,,,,,,,,,,,,,,,,,,,,,,,,,,,,,,,,,,,,,,,,,,,,,,,,,,,,,,,,,,,,,,,,,,,,,,,,,,,,,,,,,,,,,,,,,,,,,,,,,,,,,,,,,,,,,,,,,,,,,,,,,,,,,,,,,,,,,,,,,,,,,,,,,,,,,,,,,,,,,,,,,,,,,,,,,,,,,,,,,,,,,,,,,,,,,,,,,,,,,,,,,,,,,,,,,,,,,,,,,,,,,,,,,,,,,,,,,,,,,,,,,,,,,,,,,,,,,,,,,,,,,,,,,,,,,,,,,,,,,,,,,,,,,,,,,,,,,,,,,,,,,,,,,,,,,,,,,,,,,,,,,,,,,,,,,,,,,,,,,,,,,,,,,,,,,,,,,,,,,,,,,,,,,,,,,,,,,,,,,,,,,,,,,,,,,,,,,,,,,,,,,,,,,,,,,,,,,,,,,,,,,,,,,,,,,,,,,,,,,,,,,,,,,,,,,,,,,,,,,,,,,,,,,,,,,,,,,,,,,,,,,,,,,,,,,,,,,,,,,,,,,,,,,,,,,,,,,,,,,,,,,,,,,,,,,,,,,,,,,,,,,,,,,,,,,,,,,,,,,,,,,,,,,,,,,,,,,,,,,,,,,,,,,,,,,,,,,,,,,,
R109,,,,,,,,,,,,,,,,,,,,,,,,,,,,,,,,,,,,,,,,,,,,,,,,,,,,,,,,,,,,,,,,,,,,,,,,,,,,,,,,,,,,,,,,,,,,,,,,,,,,,,,,,,,,,,,,,,,,,,,,,,,,,,,,,,,,,,,,,,,,,,,,,,,,,,,,,,,,,,,,,,,,,,,,,,,,,,,,,,,,,,,,,,,,,,,,,,,,,,,,,,,,,,,,,,,*/fˌurtˈunɑ/,,,,,,,,,,,,,,,,,,,,,,,,,,,,,,,,,,,,,,,,,,,,,,,,,,,,,,,,,,,,,,,,,,,,,,,,,,,,,,*/ˌemmˈunɪ/,,,,,,,,,,,,,,,,,,,,,,,,,,,,,,,,,,,,,,,,,,,,,,,,,,,,,,,,,,,,,,,,,,,,,,,,,,,,,,,,,,,,,,,,,,,,,,,,,,,,,,,,,,,,,,,,,,,,,,,,,,,,,,,,,,,,,,,,,,,,,,,,,,,,,,,,,,,,,,,,,,,,,,,,,,,,,,,,,,,,,,,,,,,,,,,,,,,,,,,,,,,,,,,,,,,,,,,,,,,,,,,,,,,,,,,,,,,,,,,,,,,,,,,,,,,,,,,,,,,,,,,,,,,,,,,,,,,,,,,,,,,,,,,,,,,,,,,,,,,,,,,,,,,,,,,,,,,,,,,,,,,,*/mˌɑrˈunu/,,,,,,,,,,,,,,,,,,,,,,,,,,,,,,,,,,,,,,,,,,,,,,,,,,,,,,,,,,,,,,,,,,,,,,,,,,,,,,,,,,,,,,,,,,,,,,,,,,,,,,,,,,,,,,,,,,,,,,,,,,,,,,,,,,,,,,,,,,,,,,,,,,,,,,,,,,,,,,,,,,,,,,,,,,,,,,,,,,,,,,,,,,,,,,,,,,,,,,,,,,,,,,,,,,,,,,,,,,,,,,,,,,,,,,,,,,,,,,,,,,,,,,,,,,,,,,,,,,,,,,,,,,,,,,,,,,,,,,,,,,,,,,,,,,,,,,,,,,,,,,,,,,,,,,,,,,,,,,,,,,,,,,,,,,,,,,,,,,,,,,,,,,,,,,,,,,,,,,,,,,,,,,,,,,,,,,,,,,,,,,,,,,,,,,,,,,,,,,,,,,,,,,,,,,,,,,,,,,,,,,,,,,,,,,,,,,,,,,,,,,,,,,,,,,,,,,,,,,,,,,,,,,,,,,,,,,,,,,,,,,,,,,,,,,,,,,,,,,,,,,,,,,
R110,,,,*/ˌɑblˈɛβoɲɔ/,,,,,,,,,*/ˈɛβa/,,,,,,,,,,,,,,,,,,,,,,,,,,,,,,,,*/ˌɑrrˈiβoɲu/,,,,,,,,*/ˌɑβɡˈustu/,*/ˌɑβrjˈolu/,*/ˈɑβru/,*/ˌɑβˈunkulu/,,,,,,*/bˌɑttβˈɑʎɑ/,*/bˌɑttβˈɑʎɑ/,,,,,,,,,,,,,,,,,,,,,,,,,,,,,,,,,,,,,,,,,,,,,,,,,,,*/drˈiβɑstu/,,,,,,,,,,,,,,,,,,,,*/ˌɛskˌɑβðɪkˈoɲu/,,,,,,,,,*/ˌɛspˌɛlːˈɑβoɲu/,*/ˌɛspˌɛrlˈɑβoɲu/,,,,,,,,,,,,,,,,*/ˌeβɑnɡˈɛjlu/,,,,,,,,,,,,,,,,,,,,,,,*/fˈɑβɑʎɑ/,,,,,,,,,,,,,,,,,,,,,,,,,,,,,,,,,,,,,,,,,,,,,,,,,*/fˈutβu/,,,,,,,*/ɡˈɑβd͡ʒju/,*/ɡˌɑβd͡ʒjumˈɛntu/,,,,,,,,,,,,,,,,,,,,,,,,,,,,,,,,,,,,,,,,,,,,,,,,,,,,,*/ˌenˌɑβrtˈoɲu/,,,,,,,,,,,,,,,,*/ˌenkˌɑβsɪnˈojɲu/,,,,,,,,,,,,,,,,,,,,*/βˌitˈoɲu/,,*/ɟˈoβɑnːɪ/,,,,,,,,,,,,,,,,,,,,,,,,,,,,,,,,,,,,,,,,,,,,,,,,,,,,,,,,,,,,,,,,,,,,,,,,,,,,,,,,,,,,,,,,*/klˈɑβɑnu/,,*/klˌɑβrˈylɑ/,*/kˌɑβsˈyrɑ/,*/klˌɑβsˈyrɑ/,,,,,,,,,,,,,,,,,,,,,,,,,,,,,,,,,,,,,,,,,,,,,,,,,,,,,,,,,,,,,,,,,,,,,,,,,,,,,,,,,,,,,,,,,,,,,,,,,,,,,,,,,,,,,,,,,,,,,*/lˈɑβoɲu/,*/lˌɑβɑtˈyrɑ/,,,,*/lˈɑβru/,,,,,,,,,,,,,,,,,,,,,,,,,,,,,,,,,,,,,,,,,,,,,,,,,,,,,,,,,,,,,,,,,,,,,,,,,,,,,,,,,,,,,,,,,,,,,,,,,,,,,,,,,,,,,,,,,,,,,,,,,,,,,,,,,,,,*/nˈoβɑstru/,*/nˌoβˈɛrkɑ/,,,,,,,,,*/ˌulˈiβɑnu/,,,,,,,,,,,*/ˈøβɑt͡ʃjɑ/,*/ˈøβɑ/,,,,,,,,,,,,,,,,,,,,,,,,,,,,,*/pˈɑβku/,*/pˈɑβlu/,*/pˌɑβlˈoɲu/,*/pˌɑβulˈonɪ/,,,,,,,,,,,,,,,,,,,,,,,,,,,,,,,,,,,,,,,,,,,,,,,,,,,,,,,,,,,,,,,,,,,,,,,,,,,,,,,,,,,,,,,,,,,,,,,,,,,,,,,,,,,,,,,,,,,,,,,,,,,,,,,,,,,,,,,,,,,,,,,,,,,,,,,,,,,,,,,,,,,,,,,,,,,,,,,,,,,,,,,,,,,,,,,,,,,,,,,,*/slˈɑβu/,,,,,,,,,,,,,,,,,,,,,,,,,,,,,,,,,,,,,,,,,,,,,,,,,*/sβˌɑβˈiʎɑ/,,,,*/sˌuβrˌɑβkˈoɲu/,,,,,,,,,,,,,,,,,*/tˈeβɾɪ/,*/tˈɑβɾu/,,,,,,,,,,,,,,,,,,,,,,,,,,,,,,,,,,,,,,,,,,,,,,,,,,,,,,,,,,,,,,,,*/βˌɑɡˈoɲu/,*/βˈɑku/,*/βˌɑlˈɛɲu/,*/βˌɑʎˈeɲu/,*/βˌɑˈoe̯ɲu/,*/βˈɑlːɪ/,*/βˌɑlˈørɑ/,*/βˈɑpɑ/,*/βˌelˈɑt͡ʃjɑ/,*/βˈelu/,*/βˌɛnˈenɑ/,*/βˌɛnˈenu/,*/βˈɛɲu/,*/βˌɛtˌilˈoɲu/,*/βˈerɑ/,*/βˌertˈɑtɪ/,*/βˌɛrrˈikulu/,*/βˈɛrsɑ/,*/βˌɛrsˈoɲu/,*/βˌɛskˈojɲu/,*/βˈesku/,*/βˌessˈikɑ/,,*/βˌɛstɡˈoɲu/,*/βˈɛst͡ʃju/,*/βˈɛtɪrɪ/,*/βˈijɑ/,*/βˌiɡˈijlɑj/,,*/βˈikjɑ/,*/βˌikˈinu/,*/βˌeçtˈorjɑ/,*/βˈiçtβɑʎɑ/,*/βˈilːɑ/,*/βˌiɲˈɑlu/,,*/βˈirɡɪnɪ/,*/βˌirɡˈɑnu/,*/βˈerðɑ/,*/βˈerðɪ/,*/βˌertˈytɪ/,*/βˌestˈoɲu/,*/βˈestulu/,*/βˈesku/,*/βˈet͡ʃju/,*/βˌetˈuʎɑ/,,*/βˌettˈulɑ/,*/βˈiβoɲu/,*/βˈolɑ/,*/βˈolpulu/,*/βˌuluntˈɑtɪ/,*/βˈomɪ/,*/βˌulːɪrˈɑtɑ/
R111,,,,,,,,,,,,,,,,,,,,,,,,,,,,,,,,,,,,,,,,,,,,,,,,,,,,,,,,,,,,,,,,,,,,,,,,,,,,,,,,,,,,,,,,,,,,,,,,,,,,,,,,,,,,,,,,,,,,,,,,,,,,,,,,,,,,,,,,,,,,,,,,,,,,,,,,,,,,,,,,,,,,,,,,,,,,,,,,,,,,,,,,,,,,,,,,,,,,,,,,,,,,,,,,,,,,,,,,,,,,,,,,,,,,,,,,,,,,,,,,,,,,,,,,,,,,,,,,,,,,,,,,*/ˌɑstˈiʎɑ/,*/ˌevɪrnˈinu/,*/ˌevˌɛrnˈid͡ʒjɑ/,,*/ˌenːɪkulˈoɲu/,*/ˌɛrndzˈoɲu/,,*/ˌurrˈeɲu/,,,,,,,,,,,,,,,,,,,,,,,,,,,,,,,,,,,,,,,,,,,,,,,,,,,,,,,,,,,,,,,,,,,,,,,,,,,,,,,,,,,,,,,,,,,,,,,,,,,,,,,,,,,,,,,,,,,,,,,,,,,,,,,,,,,,,,,,,,,,,,,,,,,,,,,,,,,,,,,,,,,,,,,,,,,,,,,,,,,,,,,,,,,,,,,,,,,,,,,,,,,,,,,,,,,,,,,,,,,,,,,,,,,,,,,,,,,,,,,,,,,,,,,,,,,,,,,,,,,,,,,,,,,,,,,,,,,,,,,,,,,,,,,,,,,,,,,,,,,,,,,,,,,,,,,,,,,,,,,,,,,,,,,,,,,,,,,,,,,,,,,,,,,,,,,,,,,,,,,,,,,,,,,,,,,,,,,,,,,,,,,,,,,,,,,,,,,,,,,,,,,,,,,,,,,,,,,,,,,,,,,,,,,,,,,,,,,,,,,,,,,,,,,,,,,,,,,,,,,,,,,,,,,,,,,,,,,,,,,,,,,,,,,,,,,,,,,,,,,,,,,,,,,,,,,,,,,,,,,,,,,,,,,,,,,,,,,,,,,,,,,,,,,,,,,,,,,,,,,,,,,,,,,,,,,,,,,,,,,,,,,,,,,,,,,,,,,,,,,,,,,,,,,,,,,,,,,,,,,,,,,,,,,,,,,,,,,,,,,,,,,,,,,,,,,,,,,,,,,,,,,,,,,,,,,,,,,,,,,,,,,,,,,,,,,,,,,,,,,,,,,,,,,,,,,,,,,,,,,,,,,,,,,,,,,,,,,,,,,,,,,,,,,,,,,,,,,,,,,,,,,,,,,,,,,,,,,,,,,,,,,,,,,,,,,,,,,,,,,,,,,,,,,,,,,,,,,,,,,,,,,,,,,,,,,,,,,,,,,,,,,,,,,,
R112,,,,,,,,,,,,,,,,,,,,,,,,,,,,,,,,,,,,,,,,,,,,*/ˌɑrmɪssˈorju/,,,,,,,,,,,,,,,,,,,,,,,,,,,,,,,,,,,,,,,,,,,,,,,,,,,,,,,,,,,,,,,,,,,,,,,,,,,,,,,,,,,,,,,,,,,,,,,,,*/ˌɛspɪðɪtˈoɲu/,,,,,,,,,,,,,,,,,,,,,,,,,,,,,,,,,,,,,,,,,,,,,,,,*/fɪðˈoɲu/,,,,,,,,*/fɪssˈikulɑ/,*/fɪstulˈoɲu/,,,,,,,,,,,,,,,,,,,,,,,,,,,,,,,,,,,,,,,,,,,,,,,,,,,,,,,,,,,,,,,,,,,,,,,,,,,,,,,,,,,,,,,,,,,,,,,,,,,,,,,,,,,,,,,,,,,,,,,,,*/enpɪsˈoɲu/,,,,,,,,,,*/βɪtˈoɲu/,,,,,,,,,,,,,,,,,,,,,,,,,,,,,,,,,,,,,,,,,,,,,,,,,,,,,,,,,,,,,,,,,,,,,,,,,,,,,,,,,,,,,,,,,,,,,,,,,,,,,,,,,,,,,,,,,,,,,,,,,,,,,,,,,,,,,,,,,,,,,,,,,,,,,,,,,,,,,,,,,,,,,,,,,,,,,,,,,,,,,,,,,,,,,,,,,,,,,,,,,,,,,,,,,,,,,,,,,,,,,,,,,,,,,,,,,,,,,,,,,,,,,,,,,,,,,,,,,,,,,,,,,,,,,,,,,,,,,,,,,,,,,,,,,,,,*/mɪðɪkˈoɲu/,*/mɪðɪkˈɑstru/,,*/mɪðɪtˈoɲu/,,*/mɪsˈørɑ/,,,,,,,,,,,,,,,,,*/mɪsɪrˈɑrɪ/,*/mɪsˈɛrjɑ/,,,,,,,,,,,,,,,,,,,,,,,,,,,,,,,,,,,,,,,,,,,,,,,,,,,,,,,,,,,,,,,,,,,,,,,,,,,,,,,,,,,,,,,,,,,,,*/pɪsˈoɲu/,,,,,,,,,,*/pɪssɪkˈoɲu/,,,,,,,,,,,,,,,,*/bɪstˈɑʎɑ/,*/pɪstˈɑrjɑ/,,,,,,,,,,,,,,,,,,,,,,,,,,,,,,,,,,,,,,,,,,,,,,,,,,,,,,,,,,,,,,,,,,,,,,,,,,,,,,,,,,,,,,,,,,,,,,,,,,,,,,,,,,,,,,,,,,,,,,,,,,,,,,,,,,,,,,,,,,,,,,,,,,,*/sˌirbɪtˈorɪ/,*/sˌirbɪtˈyrɑ/,,,,,,,,,,,,,,,,,,,,,,,,,,,,,,,,,,,,,,,,,,,,,,,,,,,,,,,,,,,,,,,,,,,,,,,,,,,,,,,,,,,,,,,,,,,,,,,,,,,,,,,,,,,,,,,,,,,,,,,,,,,,,,,,,,,,,,,,,,,,,,,,,,,,,,,,,,,,,,,,,,,,,,,*/βɪtˌilˈoɲu/,,,,,,,,*/βɪssˈikɑ/,*/ˌemɪssˈikɑ/,,,,,,,,,,,,,,,,,,,*/βɪstˈoɲu/,,,,*/βɪtˈuʎɑ/,,,,,,,,
R113,,,,*/ˌɑblˈɛwoɲɔ/,,,,,,,,,*/ˈɛwa/,,,,,,,,,,,,,,,,,,,,,,,,,,,,,,,,*/ˌɑrrˈiwoɲu/,,,,,,,,*/ˌɑwɡˈustu/,*/ˌɑwrjˈolu/,*/ˈɑwru/,*/ˌɑwˈunkulu/,,,,,,,,,,,,,,,,,*/bˌuwulkˈesu/,*/bˌuwˈulku/,*/bˌuwˈulkɪ/,,,,,,,,,,*/dˌewutˈoɲu/,*/dˌewutˈorɪ/,*/dˌewutˈorɪt͡ʃju/,*/dˌewutˈyrɑ/,*/dˌelˌiwɪrˈoɲu/,,,,,,,*/dˌiˈɑwolu/,,,,,,,*/dˌiskˌɑwɑlːɪkˈoɲu/,,,,,,,,,,,*/drˈiwɑstu/,,,,,,,,,,,,,*/ˌɛskˌɑwɑlːɪkˈoɲu/,,,,,,,*/ˌɛskˌɑwðɪkˈoɲu/,,*/ˌɛskˈuwulu/,,,,,,,*/ˌɛspˌɛlːˈɑwoɲu/,*/ˌɛspˌɛrlˈɑwoɲu/,,,,,,,,,,,,,,,,*/ˌewɑnɡˈɛjlu/,,,,,,,,,,,,,,,,,,,,,,,*/fˈɑwɑʎɑ/,*/fˌɛwrˈorju/,,,,,,,,,,,,,,,,,,,,,,,,,,,,,,,,,,,,,,,,,,,,,,,,,,,,,,,*/ɡˈɑwd͡ʒju/,*/ɡˌɑwd͡ʒjumˈɛntu/,,,,,,,,,,,,,,,,,,,,,,,,,,,,,,,,,,,,,,,,,,,,,,,,,,,,,*/ˌenˌɑwrtˈoɲu/,,,,,,,,,,,,,,*/ˌenkˌɑwɑlːɪkˈoɲu/,,*/ˌenkˌɑwsɪnˈojɲu/,,,,,,,,,,,,,,,,,,,,,,*/ɟˈowɑnːɪ/,,,,,,,,,,,,,,,,,,,,,,,,,,,,,,,,,,,,,,,,,,,,,,,,,,,,,,,,,,,,,,,,,,,,,,,,,,,,,,,,,,,,,,,,*/klˈɑwɑnu/,,*/klˌɑwrˈylɑ/,*/kˌɑwsˈyrɑ/,*/klˌɑwsˈyrɑ/,,,,,,,,,,,,,,,,,,,,,,,,,,,,,,,,*/kˌusˌuwrˈinu/,,,,,,,,,,,,,,,,,,,,,,,,,,,,,,,,,,,,,,,,,,*/kˈuwutu/,,,,,,,,,,,,,,,,,,,,,,,,,,,,,*/lˌɑwrˈuskɑ/,,,,,,,,,,,,,,*/lˈɑwoɲu/,*/lˌɑwɑtˈyrɑ/,,,,*/lˈɑwru/,,,,,,,*/lˈiwɪru/,,*/lˌiwɪrˈoɲu/,,,,,,,,,,,,,,,,,,,,,,,,,,,,,,,,,,,,,,,,,,,,,,,,,,,,,,,,,,,,,,,,,,,,,,,,,,,,,,,,,,,,,,,,,,,,,,,,,,,,,,,,,,,,,,,,,,,,,,,,,,,*/nˈowɑstru/,*/nˌowˈɛrkɑ/,,,,,,,,,*/ˌulˈiwɑnu/,,,,,,,,,,,*/ˈøwɑt͡ʃjɑ/,*/ˈøwɑ/,*/pˌɑwulˈoɲu/,,,,,,,,,,,,,,,*/pərˈɑwulɑ/,,,,,,,,,,,,,*/pˈɑwku/,*/pˈɑwlu/,*/pˌɑwlˈoɲu/,*/pˌɑwulˈonɪ/,,,,,,,,,,,,,,,,,,,,,,,,,,,,,,,,,,,,,,,,,,,,,,,,,,,,,,,,,,,,,,,,,,,,,,,,*/prˌoˈiwoɲu/,,,,*/pˈuwlɪkɑ/,*/pˈuwlɪku/,,,,,,,,,,,,,,,,,,,,,,,*/rˈewɑ/,,,,,,,,,,,,,,,,,,,,,,,,,,,,,,,,,,*/sˌɑwˈurru/,,,,,,,,,,,,,,,,,,,,,,,,,,,*/sˌɑɲˈɑkowo/,,,,,,,,,,,,,,,,,,,,,,,,,,,,,,,,,,,,,,,*/slˈɑwu/,,,,,,,,*/skrˈiwoɲu/,,,,,,,,,,,,,,,,,,,,,,,,,,*/stˈɑwulɑ/,,,,,,,,,,,,,,,*/sβˌɑwˈiʎɑ/,,*/sˌuwlˈɑtɑ/,*/sˌuwmˌɑrˈitkɑ/,*/sˌuwrˌɑwkˈoɲu/,,,,,,,,,,,,,,,,,*/tˈewɾɪ/,*/tˈɑwɾu/,,,,,,,,,,,,,,,,,,,,,,,,*/trˈɑwu/,,,,,,,*/trˈiwulu/,,,,,,,,,,,,,,*/tˈuwulɑ/,,,,,,,,,,,,,,,,,,,,,,,,,,,,,,,,,,,,,,,,,,,,,,,,,,,,,,,,,,,,,,,,,,,*/βˈiwoɲu/,,,,,
R114,,,,,,,,,,,,,,,,,,,,,,,,,,,,,,,,,,,,,,,,,,,,,,,,,,,,,,,,,,,,,,,,,,,,,,,,,*/bˌuulkˈesu/,*/bˌuˈulku/,*/bˌuˈulkɪ/,,,,,,,,,,,,,,,,,,,,,,,,,,,,,,,,,,,,,,,,,,,,,,,,,,,,,,,,,,,,,*/ˌɛskˈuulu/,,,,,,,,,,,,,,,,,,,,,,,,,,,,,,,,,,,,,,,,,,,,,,,,,,,,,,,,,,,,,,,,,,,,,,,,,,,,,,,,,,,,,,,,,,,,,,,,,,,,,,,,,,,,,,,,,,,,,,,,,,,,,,,,,,,,,,,,,,,,,,,,,,,,,,,,,,,,,,,,,,,,,,,,,,,,,,,,,,,,,,,,,,,,,,,,,,,*/ɟˈoɑnːɪ/,,,,,,,,,,,,,,,,,,,,,,,,,,,,,,,,,,,,,,,,,,,,,,,,,,,,,,,,,,,,,,,,,,,,,,,,,,,,,,,,,,,,,,,,,,,,,,,,,,,,,,,,,,,,,,,,,,,,,,,,,,,,*/kˌusˌurˈinu/,,,,,,,,,,,,,,,,,,,,,,,,,,,,,,,,,,,,,,,,,,*/kˈuutu/,,,,,,,,,,,,,,,,,,,,,,,,,,,,,,,,,,,,,,,,,,,,,,,,,,,,,,,,,,,,,,,,,,,,,,,,,,,,,,,,,,,,,,,,,,,,,,,,,,,,,,,,,,,,,,,,,,,,,,,,,,,,,,,,,,,,,,,,,,,,,,,,,,,,,,,,,,,,,,,,,,,,,,,,,,,,,,,,,,,,*/nˈoɑstru/,*/nˌoˈɛrkɑ/,,,,,,,,,,,,,,,,,,,,*/ˈøɑt͡ʃjɑ/,*/ˈøɑ/,,,,,,,,,,,,,,,,,,,,,,,,,,,,,,,,,,,,,,,,,,,,,,,,,,,,,,,,,,,,,,,,,,,,,,,,,,,,,,,,,,,,,,,,,,,,,,,,,,,,,,,,,,,,*/pˈulɪkɑ/,*/pˈulɪku/,,,,,,,,,,,,,,,,,,,,,,,,,,,,,,,,,,,,,,,,,,,,,,,,,,,,,,,,,,,,,,,,,,,,,,,,,,,,,,,,,,,,*/sˌɑɲˈɑkoo/,,,,,,,,,,,,,,,,,,,,,,,,,,,,,,,,,,,,,,,,,,,,,,,,,,,,,,,,,,,,,,,,,,,,,,,,,,,,,,,,,,,,,,,,,,*/sˌulˈɑtɑ/,*/sˌumˌɑrˈitkɑ/,*/sˌurˌɑwkˈoɲu/,,,,,,,,,,,,,,,,,,,,,,,,,,,,,,,,,,,,,,,,,,,,,,,,,,,,,,,,,,,,,,,*/tˈuulɑ/,,,,,,,,,,,,,,,,,,,,,,,,,,,,,,,,,,,,,,,,,,,,,,,,,,,,,,,,,,,,,,,,,,,,,,,,
R115,,,,,,,,,,,,,,,,,,,,,,,,,,,,,,,,,,,,,,,,,,,,,,,,,,,,,,,,,,,,,,,,,*/bˈist͡ʃjɑ/,,,,,,,,,,,,,,,,,,,,,,,,,,,,,,,,,,,,,,,,,,,,,,,,,,,,,,*/ˌɛkklˈisjɑ/,,,,,,,,,,,,,,,,,,,,,,,,,,,,,,,,,,,,,,,,,,,,,,,,,,,,,,,,,,,,,,,,,,,,,,,,,,,,,,,,,,,,,,,,,,,,,,,,,,,,,,,,,,,,,,,,,,,,,,,,,,,,,,,,,,,,,,,,,,,,,,,,,,,,,,,,,,,,,,,,,,,,,,,,,,,,,,,,,,,,,,,,,,,,,,,,,,,,,,,,,,,,,,,,,,,,,,,,,,,,,,,,,,,,,,,,,,,,*/kˌɑmˈisjɑ/,,,,,,,,,,,,,,,,,,,,,,,,,,,,,,,,,,,,,,,,,,,,,,,,,,,,,,,,,,,,,,,,,,,,,,,,,,,,,,,,,,,,,,,,,,,,,,,,,,,,,,,,,,,,,,,,,,,,,,,,,,,,,,,,,,,,,,,,,,,,,,,,,,,,,,,,,,,,,,,,,,,,,,,,,,,,,,,,,,,,,,,,,,,,,,,,,,,,,,,,,,,,,,,,,,,,,,,,,,,,,,,,,,,,,,,,,,,,,,,,,,,,,,,,,,,,,,,,,,,,,,,,,,,,,,,,,,,,,,,,,,,,,,,,,,,,,,,,,,,,,,,,,,,,,,,,,,,,,,,,,,,,,,,,,,,,,,,,,,,,,,,,,,,,,,,,,,,,,,,,,,,,,,,,,,,,,,,,,,,,,,,,,,,,,,,,,,,,,,,,,,,,,,,,,,,,,,,,,,,,,,,,,,,,,,,,,,,,,,,,,,,,,,,,,,,,,,,,,,,,,,,,,,,,,,,,,,,,,,,,,,,,,,,,,,,,,,,,,,,,,,,,,,,,,,,,,,,,,,,,,,,,,,,,,,,,,,,,,,,,,,,,,,,,,,,,,,,,,,,,,,,,,,,,,,,,,,,,,,,,,,,,,,,,,,,,,,,,,,,,,,,,,,,,,,,,,,,,,,,,,,,,,,,,,,,,,,,,,,,,,,,,,,,,,,,,,,,,,,,,,,,,,,,,,,,,,,,,,,,,,,,,,,,,,,,,,,,,,,,,,,,,,,,,,,,,,,,,,,,,,,,,,,,,,,,,,,,,,,,,,,,,,,,,,,,,,,,,,,,,,,,,
R116,,,,,,,,,,,,,,,,,,,,,,,,,,,,,,,,,,,,,,,,,,,,,,,,,,,,,,,,,,,,,,,,,,,,,,,,,,,,,,,,,,,,,,,,,,,,,,,,,,,,,,,,,,,,,,,,,,,,,,,*/ˌɛkklˈisɑ/,,,,,,,,,,,,,,,,,,,,,,,,,,,,,,,,,,,,,,,,,,,,,,,,,,,,,,,,,,,,,*/fˈɑscɑ/,,,,,,,,,,,,,,,,,,,,,,,,,,,,,,,,,,,,,,,,,,,,,,,,,,,,,,,,,,,,,,,,,,,,,,,,,,,,,,,,,,,,,,,,,,,,,,,,,,,,,,,,,,,,,,,,,,,,,,,,,,*/ˌefˌɑscˈoɲu/,,,,,,,,,,,,,,,,,,,,,,,,,,,,,,,,,,,,,,,,,,,,,,,,,,,,,*/kˌɑmˈisɑ/,,,,,,,,,,,,,,,,,,,,,,,,,,,,,,,,,,,,,,,,,,*/kˌɛrɑsˈorju/,,,*/cˈarru/,,,*/cˈoɲu/,,,,,,,,,*/cˈarkulu/,*/cˈarku/,,,,,,,,,,,,,,,,,,,,,,,,,,,,,,,,,,,,,,,,,,,,,,,,,,,,,,,,,,,,,,,,,,,,,,,,,,,,,,,,,,,,,,,,,,,,,,,,,,,,,,,,,,,,,,,,,,,,,,,,,,,,,,,,,,,,,,,,,,,,,,,,,,,,,,,,,,,,,,,,,,,,,,,,,,,,,,,,,,,,,,,,,,,,,,,,,,,,,,,,,,,,,,,,,,,,,,,,,,,,,,,,,,,,,,,,,,,,,,,,,,,,,,,,,,,,,,,,,,,,,,,,,,,,,,,,,,,,,,,,,,,,,,,,,,,,,,,,,,,,,,,,,,,,*/frˌɑsˈolu/,*/fˌɑsˈolu/,,,,,,,,,,,,,,,,,,,,,,,,,,,,,,,,,,,,,,,,,,,,,,,,,,,,,,,,,,,,,,,,,,,,,,,,,,,,,,,,,,,,,,,,,,,,,,,,,,,,,,,,,,,,,,,,,*/kˈosu/,,,,,,,,,,,,,,,,,,,,,,,,,,,,,,,,,,,,,,,,,,,,,,,,,,,,,,,,,,,,,,,,,,,,,*/sˈalːɑ/,,,*/sˈarrɑ/,,,,,,,,,,,,,,,,,,,,,,,,,,,,,,,,,,,,,,,,,,,,,,,,,,,,,,,,,,,,,,,,,,,,,,,,,,,,,,,,,,,,,,,,,,,,,,,,,,,,,,,,,,,,,,,,,,,,,,,,,,,,,,,,,,,,,,,,,,,,,,,,,,,,,,,,,,,,,,,,,,,,,,,,,,,,,,,,,,,,,,,,,,,,,,,,,,,,,,,,,,,,,,,,,,,,
R117,,,,,,,,,,,,,,,,,,,,,,,,,,,,,,,,,,,,,,,,,,,,,,,,,,,,,,,,,,,,,,,,,,,,,,,,,,,,,,,,,,,,,,,,,,,,,,,*/dˌesˌiðɪ̯ˈɛrɑ/,,,,,,,,,,,,,,,,,,,,,,,,,,,,,,,,,,,,,,,,,,,,,,,,,,,,,,,,,,,,,,,,,,,,,,,,,,,,,,,,,,,,,,,,,,,,,,,,,,,,,,,,,,,,,,,,,,,,,,,,,,,,,,,,,,,,,,,,,,,,,,,,,,,,,,,,,,,,,,,,,,,,,,,,,,,,,,,,,,,,,,,,,,,,,,,,,,,,,,,,,,,,,,,,,,,,,,,,,,,,,,,,,,,,,,,,,,,,,,,,,,,,,,,,,,,,,,,,,,,,,,,,,,,,,,,,,,,,,,,,,,,,,,,,,,,,,,,,,,,,,,,,,,,,,,,,,,,,,,,,,,,,,,,,,,,,,,,,,,,,,,,,,,,,,,,,,,,,,,,,,,,,,,,,,,,,,,,,,,,,,,,,,,,,,,,,,,,,,,,,,,,,,,,,,,,,,,,,,,,,,,,,,,,,,,,,,,,,,*/lˌɑŋɡʷɪ̯ˈørɑ/,,,,,,,,,,,,,,,,,,,,,,,,,,,,,,,,,,,,,,,,,,,,,,,,,,,,,,,,,,,,,,,,,,,,,,,,,,,,,,,,,,,,,,,,,,,,,,,,,,,,,,,,,,,,,,,,*/mɪsɪ̯ˈɛrɑ/,,,,,,,,,,,,,,,,,,,,,,,,,,,,,,,,,,,,,,,,,,,,,,,,,,,,,,,,,,,,,,,,,,,,,,,,,,,,,,,,,,,,,,,,,,,,,,,,,,,,,,,,,,,,,,,,,,,,,,,,,,,,,,,,,,,,,,,,,,,,,,,,,,,,,,,,,,,,,,,,,,,,,,,,,,,,,,,,,,,,,,,,,,,,,,,,,,,,,,,,,,,,,,,,,,,,,,,,,,,,,,,,,,,,,,,,,,,,,,,,,,,,,,,,,,,,,,,,,,,,,,,,,,,,,,,,,,,,,,,,,,,,,,,,,,,,,*/skɪ̯ˈørɑ/,,,,,,,,,,,,,,,,,,,,,,,,,,,,,,,,,,,,,,,,,,,,,,,,,,,,,,,,,,,,,,,,,,,,,,,,,,,,,,,,,,,,,,,,,,,,,,,,,,,,,,,,,,,,,,,,,,,,,,,,,,,,,,,,,,,,,,,,,,,,,,,,,,,,,,,,,,,,,,,,,,,,,,,,,,,,,,,,,,,,,,
R118,,,,,,,,,,,,,,,,,,,,,,*/ˌɑltɪ̯ˈɑrɪ/,,,,,,,,,,,,,,,,,,,,,,,,,,,,,,,,,,,,,,,,,,,,,,*/brɪ̯ˈɑkɪ/,,,,,,,,,,,,,,,,,,,,,,,,,,,,,,,,,,,,,,,,,,,*/drɪ̯ˈɑkɪ/,,,,,,,,,,,,,,,,,,,,,,,,,,,,,,,*/ˌɛspɪ̯ˈɛðɪtu/,,,,,,,,*/ˌɛlɪ̯ˈɛɡɪjɑ/,,,,,,,,,,,,,,,,,,,,,*/fɪ̯ˈɑkje/,,,,,,,,,,,,,,,,,,,,,*/fɪ̯ˈelɪkɑ/,*/fˌeʎɪ̯ˈɑstɪr/,,,,,,,,,,,,,,,,,,,,,*/frɪ̯ˈɑksɪnu/,,,,,,,,*/flˌektɪ̯ˈɑrjɑ/,,,*/fˌonːɪ̯ˈɑrju/,,,,,,,,*/ɡɪ̯ˈɑlbɪnu/,,*/ɡˌɑlːɪnɪ̯ˈɑt͡ʃjɑ/,*/ɡɪ̯ˈɑlːɪ/,,,,,,,,*/ɡɪ̯ˈɛntɪ/,,,,,,,,,*/ɡrɪ̯ˈɛɡɪ/,,,,,,,,,,,,,,*/hɪ̯ˈenːɪkulɑ/,,,,,,*/jˌɑːnnɪ̯ˈɑrju/,,,,,,,,,,,,,,,,,,,,,,,,,,,*/ˌendˌerɪ̯ˈeçt͡ʃju/,,,,,,,,,,,,,,,,,,,,,,,,,,,,,,,,,,,,,,,,,,,,,,,*/kɪ̯ˈɑlɪkɪ/,*/kˌɑlkɪ̯ˈɑrjɑ/,*/kɪ̯ˈɑlːɪ/,,,,,,,,,*/kɪ̯ˈɑnɪ/,,,,,,,,,,,,,,,,,*/kɪ̯ˈɑrjɛ/,,,,,*/kɪ̯ˈɑrrɪ/,,,,*/kɪ̯ˈɑsɪnɑ/,,,,,,,,*/kɪ̯ˈɛntɪ/,,,,,,,,,,,,,,,,,,,,,,,*/kˌyːtɪ̯ˈɑtɪ/,,,,,,,,,*/klˌemɪ̯ˈentɪ/,,,,,*/kˌuˌerɪ̯ˈeðɪ/,,,*/kˌulːɪ̯ˈɑrɪ/,,,,,,*/kˌulumnɪ̯ˈɑt͡ʃjɑ/,,,,,,,,*/kˌummɪ̯ˈɛrkju/,,,,,,,,,,,,,,,,,,,,,,,,,,,,,,,,,,,,,*/krˌɛjɪ̯ˈɑt͡ʃjɑ/,,,,,,,,*/krˌestntɪ̯ˈɑlɪ/,,,,,,,,,,,,,,,,,,,,,,*/kʷˌɑrrɪ̯ˈesɪmɑ/,,,,,,,,,,,,,,,,,,,,,*/lˌɑnkjɪ̯ˈɑrjɑ/,*/lˌɑpɪ̯ˈɑtjɑ/,,,,,,,,,,,*/lɪ̯ˈeɡɪ/,,,,,,,,,,,,,,,,,,*/lɪ̯ˈettɪrɑ/,,,,,,,,,,,,,,,*/mˌɑjɪ̯ˈɑrjɑ/,,,,,,,,,,,,,,,,,,*/mɪ̯ˈɑnkɪnu/,,*/mɪ̯ˈɑrɡɪnɪ/,,,,,,*/mˌɑrtɪ̯ˈɑt͡ʃjɑ/,,,,*/mɪ̯ˈɑrtɪ/,,*/mɪ̯ˈɑrt͡ʃju/,,,,,,,,,,,,*/mɪ̯ˈɛðɪku/,,*/mɪ̯ˈɛd͡ʒju/,,,*/mɪ̯ˈɛntɪ/,,,,*/mˌɛrkɪ̯ˈɑrju/,,,,,,,,,,,*/mɪsɪrɪ̯ˈɑrɪ/,,,,*/mˌulɪ̯ˈɑrɪ/,,,,,,,,,,,,,,,,,,,,,,,,,,,,,,,,,,,,,,,,,,,,,,,,,,,,,,,,*/pˌɛntɪ̯ˈɛt͡ʃjɑ/,,,,,,,*/pɪ̯ˈɑkɪ/,,,*/pˌɑlɪ̯ˈɑt͡ʃju/,,,,,,,*/pərɪ̯ˈɛntɪ/,,,,,,,,,,,,*/pɪ̯ˈɛðɪkɑ/,*/pɪ̯ˈɛndɪkɑ/,*/ˌempɪ̯ˈɛðɪkɑ/,,,,,,,,,,,,,,*/pɪ̯ˈɛssɪkɑ/,,,*/pɪ̯ˈɛtt͡ʃjɑ/,,,,,,,,,,*/pɪ̯ˈeskɪ/,,,*/pɪstɪ̯ˈɑrjɑ/,,*/pɪ̯ˈettɪku/,,,,,,*/pɪ̯ˈɑltɪɲɑ/,,,,,,,,,,,,,,,,,,,,*/pˌustɪ̯ˈɑtɪ/,,,,,,,,,,,,,,,,,,,,,,,,,,,,*/rɪ̯ˈɑd͡ʒjɑ/,,,,,,,,,,,,,,,,,,,,*/rɪ̯ˈetɪ/,*/rɪ̯ˈestɪ/,*/rɪ̯ˈetɪnɑ/,,,,,,,,,,,,,,,,,,,,,,,,,,,,,,,*/sɪ̯ˈɑlɪkjɛ/,*/sɪ̯ˈɑlɪkɑ/,*/sɪ̯ˈɑlɪnkɪɛ/,,,,,*/sˌɑlbɪ̯ˈɑt͡ʃjɑ/,,,*/sˌɑntɪ̯ˈɑtɪ/,,,,*/sˌɑntrɪnˌitɪ̯ˈɑtɪ/,,,,,,,,,,,,,,,,,,*/sɪ̯ˈɛt͡ʃjɑ/,*/sɪ̯ˈɛrɡɪu/,,,,*/sˌɛrbɪ̯ˈet͡ʃju/,,,,,,,,,,,,,,,,,,,,,,,,,,,,,,,,,,,,,,,,,,,,,,,,,,,,,,,,,,*/stɪ̯ˈɑtɪ/,,,,,,,,,,,,,,,,,,,,,,*/sˌupɪrkˌɑðɪ̯ˈɑlɪ/,,,,,,,,,,,,,*/tɪ̯ˈɛɡmɪnɪ/,,,,,,,,,*/tɪ̯ˈɛst͡ʃjɑ/,,,,,,,,,,,,,,,,,,,,,,,,,,,,,,,,,,,,,,,,,,,,,,,,,,,,,,,,,,,*/βɪ̯ˈɑlːɪ/,,,*/βˌelɪ̯ˈɑt͡ʃjɑ/,,,,,,,*/βˌertɪ̯ˈɑtɪ/,,,,,,,,,*/βɪ̯ˈɛst͡ʃju/,*/βɪ̯ˈɛtɪrɪ/,,,,,,,,,,,,,,*/βɪ̯ˈerðɪ/,,,,,*/βɪ̯ˈet͡ʃju/,,,,,,,*/βˌuluntɪ̯ˈɑtɪ/,,
R119,,,,,,,,,,,,,,,,,,,,,,,,,,,,,,,,,,,,,,,,,,,,,,,,,,,,,,,,,,,,,,,,,,,,,,,,,,,,,,,,,,,,,,,,,,,,,,,,,,,,,,,,,,,,,,,,,,,,,,,,,,,,,,,,,,,,,,,,,,,,,,,,,,,,,,,,,,,,,,,,,,,,,,,,,,,,,,,,,,,,,,,,,,,,,,,,,,,,,,,,,,,,,,,,,,,,,,,,,,,,,,,,,,,,,,,,,,,,,,,,,,,,,,,,,,,,,,*/ɡrɪ̯ˈɛmju/,,,,,,,,,,,,,,,,,,,,,,,,,,,,,,,,,,,,,,,,,,,,,,,,,,,,,,,,,,,,,,,,,,,,,,,,,,,,,,,,,,,,,,,,,,,,,,,,,,,,,,,,,,,,,,,,,,,,,,,*/kɪ̯ˈɑprju/,,,,,,,,,,,,,,,,,,,,,,,,,,,,,,,,,,,,,,,,,,,,,,,,,,,,,,,,,,,,,,,,,,,,,,,,,,,,,,,,,,,,,,,,,,,,,,,,,,,,,,,,,,,,,,,,,,,,,,,,,,,,,,,,,,,,,,,,,,,,,,,,,,,,,,,*/kɪ̯ˈeprju/,,,,,,*/lɪ̯ˈɑkʷju/,,,,,,,,,,,,,,,,,,,,,,,,,,,,,,,,,,,,,,,,,,,,,,,,,,,,,,,,,,,,,,,,,,,,,,,,,,,,,,,,,,,,,,,,,,,,,,,,,,,,,,,,,,,,,,,,,,,,,,,,,,,,,,,,,,,,,,,,,,,,,,,,,,,,,,,,,,,,,,,,,,,,,,,,,,,,,,,,,,,,,,,,,,,,,,,,,,,,,,,,,,,,,,,,,,,,,,,,,,,,,,,,,,,,,,,,,,,,,,,,,,,,,,,,,,,,,,,,,,,,,,,,,,,,,,,,,,,,,,,,,,,,,,,,,,,,,,,,,,,,,,,,,,,,,,,,,,,,,,,,,,,,,,,,,,,,,,,,,,,,,,,,,,,,,,,,,,,,,,,,,,,,,,,,,,,,,,,,,,,,,,,,,,,,,,,,,,*/skɪ̯ˈɑbjɛ/,,,,,,,,,,,,,,,,,,,,,,,,,,,,,,,,,,,,,,,,,,,,,,,,,,,,,,,,,,,,,,,,,,,,,,,,,,,,,,,,,,,,,,,,,,,,,,,,,,,,,,,,,,,,,,,,,,,,,,,,,,,,,,,,,,,,,,,,,,,,,,,,,,,,,,,,,,,,,,,,,,,,,,,,,,,,,,,,,,,,,,,,,,,,,,,,,,,
R120,,,,,,,,,,,,,,,,,,,,,,,,,,,*/ɪ̯ˈɑmɪtɑ/,,,*/ɪ̯ˈɑnɡɪlu/,,,,,,,,,,,,,,,,,,,,,,,,,,,,,,,,,,,,,,,,,,,,,,,,,,,,,,,,,,,,,,,,,,,,,,,,,,,,,,,,,,,,,,,,,,,,,,,,,,,,,,,,,,,,,,,,,,,,,,,,,,,,,,,*/ɪ̯ˈerɪkju/,,,,,,,,,,,,,,,,,,,,,,,,,,,,,,,,,,,,,,,,,,,,,,,,,,,,,,,,,,,,,,,,,,,,,,,,,,,,,,,,,,,,,,,,,,,,,,,,,,,,,,,,,,,,,,,,,,,,,,,,,,,,,,,,,,,,,,,,,,,,,,,,,,,,,,,,,,,,,,,,,,,,,,,,,,,,,,,,,,,,,,,,,,,,,,,,,,,,,,,,,,,,,,,,,,,,,,,,,,,,,,,,,,,,,,,,,,,,,,,,,,,,,,,,,,,,,,,,,,,,,,,,,,,,,,,,,,,,,,,,,,,,,,,,,,,,,,,,,,,,,,,,,,,,,,,,,,,,,,,,,,,,,,,,,,,,,,,,,,,,,,,,,,,,,,,,,,,,,,,,,,,,,,,,,,,,,,,,,,,,,,,,,,,,,,,,,,,,,,,,,,,,,,,,,,,,,,,,,,,,,,,,,,,,,,,,,,,,,,,,,,,,,,,,,,,,,,,,,,,,,,,,,,,,,,,,,,,,,,,,,,,,,,,,,,,,,,,,,,,,,,,,,,,,,,,,,,,,,,,,,,,,,,,,,,,*/ɪ̯ˈopɪrɑ/,,,,,*/ɪ̯ˈorðɪnɪ/,,,,,,,,,,,,,,,,,,,,,,,,,,,,,,,,,,,,,,,,,,,,,,,,,,,,,,,,,,,,,,,,,,,,,,,,,,,,,,,,,,,,,,,,,,,,,,,,,,,,,,,,,,,,,,,,,,,,,,,,,,,,,,,,,,,,,,,,,,,,,,,,,,,,,,,,,,,,,,,,,,,,,,,,,,,,,,,,,,,,,,,,,,,,,,,,,,,,,,,,,,,,,,,,,,,,,,,,,,,,,,,,,,,,,,,,,,,,,,,,,,,,,,,,,,,,,,,,,,,,,,,,,,,,,,,,,,,,,,,,,,,,,,,,,,,,,,,,,,,,,,,,,,,,,,,,,,,,,,,,,,,,,,,,,,,,,,,,,,,,,,,,,,,,,,,,,,,,,,,,,,,,,,,,,,,,,,,,,,,,,,,,,,,,,,,,,,,,,,,,,,,,,,,,,,,,,,,,,,,,,,,,,,
R121,,,,,,,,,,,,,,,,,,,,,,,,,,,,,,,,,,,,,,,,,,,,,,,,,,,,,,,,,,,,,,,,,,,,,,,,,,,,,,,,,,,,,,,,,,,,,,,,,,,,,,,,,,,,,,,,,,,,,,,,,,,,,,,,,,,,,,,,,,,,,,,,,,,,,,,,,,,,,,,,,,,,,,,,,,,,,,,,,,,,,,,,,,,,,,,,,,,,,,,,,,,,,,,,,,,,,,,,,,,,,,,,,,,,,,,,,,,,,,,,,,,,,,,,,,,,,,,,,,,,,,,,,,,,,,,,,,,,,,,,,,,,,,,,,,,,,,,,,,,,,,,,,,,,,,,,,,,,,,,,,,,,,,,,,,,,,,,,,,,,,,,,,,,,,,,,,,,,,,,,,,,,,,,,,,,,,,,,,,,,,,,,,,,,,,,,,,,,,,,,,,,,,,,,,,,,,,,,,,,,,,,,,,,,,,,,,,,,,,,,,,,,,,,,,,,,,,,,,,,,,,,,,,,,,,,,,,,,,,,,,,,,,,,,,,,,,,,,,,,,,,,,,,,,,,,,,,,,,,,,,,,,,,,,,,,,,,,,,,,,,,,,,,,,,,,,,,,,,,,,,,,,,,,,,,,,,,,,,,,,,,,,,,,,,,,,,,,,,,,,,,,,,,,,,,,,,,,,,,,,,,,,,,,,,,,,,,,,,,,,,,,,,,,,,,,,,,,,,,,,,,,,,,,,,,,,,,,,,,,,,,,,,,,,,,,,,,,,,,,,,,,,,,,,,,,,,,,,,,,,,,,,,,,,,,,,,,,,,,,,,,,,,,,,,,,,,,,,,,,,,,,,,,,,,,,,,,,,,,,,,,,,,,,,,,,,,,,,,,,,,,,,,,,,,,,,,,,,,,,,,,,,,,,,,,,,,,,,,,,,,,,,,,,,,,,,,,,,,,,,,,,,,,,,,,,,,,,,*/sɪ̯ˌɑlɪkˈetu/,*/sɪ̯ˌɑlˈinɑ/,*/sɪ̯ˌɑlˈiɲu/,,*/sɪ̯ˌɑlbɪ̯ˈɑt͡ʃjɑ/,*/sɪ̯ˌɑlbjˈɛlːɑ/,,,,,,,,,,,,,,,,,,*/sɪ̯ˌɑlɪkɪnˈorju/,*/sɪ̯ˌɑrmˈɛntu/,,,,,,,,,,,,,,,,,,,,,,,,,,,,,,,,,,,,,,,,,,,,,,,,,,,,,,,,,,,,,,,,,,,,,,,,,,,,,,,,,,,,,,,,,,,,,,,,,,,,,,,,,,,,,,,,,,,,,,,,,,,,,,,,,,,,,,,,,,,,,,,,,,,,,,,,,,,,,,,,,,,,,,,,,,,,,,,,,,,,,,,,,,,,,,,,,,,,,,,,,,,,,,,,,,,,,,,,,,,
R122,,,,,,,,,,,,,,,,,,,,,,,,,,,,,,,,,,,,,,,,,,,,,,,,,,,,,,,,,,,,,,,,,,,,,,,,,,,,,,,,,,,,,,,,,,,,,,,,,,,,,,,,,,,,,,,,,,,,,,,,,,,,,,,,,,,,,,,,,,,,,,,,,,,,,,,,,,,,,,,,,,,,,,,,,,,,,,,,,,,,,,,,,,,,,,,,,,,,,,,,,,,,,,,,,,,,,,,,,,,,,,,,,,,,,,,,,,,,,,,,,,,,,,,,,,,,,,,,,,,,,,,,,,,,,,,,,,,,,,,,,,,,,,,,,,,,,,,,,,,,,,,,,,,,,,,,,,,,,,,,,,,,,,,,,,,,,,,,,,,,,,,,,,,,,,,,,,,,,,,,,,,,,,,,,,,,,,,,,,,,,,,,,,,,,,,,,,,,,,,,,,,,,,,,,,,,,,,,,,,,,,,,,,,,,,,,,,,,,,,,,,,,,,,,,,,,,,,,,,,,,,,,,,,,,,,,,,,,,,,,,,,,,,,,,,,,,,,,,,,,,,,,,,,,,,,,,,,,,,,,,,,,,,,,,,,,,,,,,,,,,,,,,,,,,,,,,,,,,,,,,,,,,,,,,,,,,,,,,,,,,,,,,,,,,,,,,,,,,,,,,,,,,,,,,,,,,,,,,,,,,,,,,,,,,,,,,,,,,,,,,,,,,,,,,,,,,,,,,,,,,,,,,,,,,,,,,,,,,,,,,,,,,,,,,,,,,,,,,,,,,,,,,,,,,,,,,,,,,,,,,,,,,,,,,,,,,,,,,,,,,,,,,,,,,,,,,,,,,,,,,,,,,,,,,,,,,,,,,,,,,,,,,,,,,,,,,,,,,,,,,,,,,,,,,,,,,,,,,,,,,,,,,,,,,,,,,,,,,,,,,,,,,,,,,,,,,,,,,,,,,,,,,,,,,,,,,,,,,,,,,,,,,,,,,,,,,,,,,,,,,,,,,,,,,,,,,,,,,,,,,,,,*/sɡɪ̯ˈɑbjɛ/,,,,,,,,,,,,,*/sɡɪ̯ˈørɑ/,,,,,,,,,,,,,,,,,,,,,,,,,,,,,,,,,,,,,,,,,,,,,,,,,,,,,,,,,,,,,,,,,,,,,,,,,,,,,,,,,,,,,,,,,,,,,,,,,,,,,,,,,,,,,,,,,,,,,,,,,,,,,,,,,,,,,,,,,,,,,,,,,,,,,,,,,,,,,,,,,,,,,,,,,,,,,,,,,,,,,,
R123,,,,,,,,,,,,,,,,,,,,,,,,,,,,,,,,,,,,,,,,,,,,,,,,,,,,,,,,,,,,,,,,,*/bˈist͡ʃɑ/,,,,,,,,,,,,,,,,,,,,,,*/dˌewutˈorɪt͡ʃu/,,,,,,,,,,*/d͡ʒˈɑnɑ/,,,,,,,,,,,,,,,,,,,,,,,,,,,,,,,,,,*/ˌɛskˌɑrd͡ʒˈoɲu/,,,,,,,,,,,,,,,,,,,,,,,,,,,,,,,,,,,,,,,,,,,,,,,,,,,,,,,,,,,,,,,,,,,,,,,,,,,,,,,,,,,,,,,,,,,,,,,,,,,,,,,,*/ɡˌɑlːɪnɪ̯ˈɑt͡ʃɑ/,,,,*/ɡˈɑwd͡ʒu/,*/ɡˌɑwd͡ʒumˈɛntu/,,,,,,,,,,,,,,,,,,,,,,,,,,*/ˌevˌɛrnˈid͡ʒɑ/,,,,,,,,,,,,,,,,,,,,,,,,,*/ˌenˌɑlt͡ʃˈoɲu/,,,,,,,,,*/ˌendˌerɪ̯ˈeçt͡ʃu/,,,,,,,,,,,,,,,,,,,,,,,,,,,,*/ˌemˌed͡ʒˈoɲu/,,*/ˌemˌet͡ʃˈoɲu/,,,,,,,,,,,,,,,,,,,,,,,,,,,,,,,,,,,,,,,,,,,,,,*/kˌɑrpˈut͡ʃu/,,,,,,,,,,,,,,,,,,,,,,,,,,,,,,,,,,,,,,,,,,,,,,,,,,,,,,,,,*/kˌulːˌukt͡ʃˈoɲu/,,,,,*/kˌulumnɪ̯ˈɑt͡ʃɑ/,,,,,,,,,,,,,,,,,,,,,,,,,,,,,,,,,,,,,,,,,,,,,*/krˌɛjɪ̯ˈɑt͡ʃɑ/,,,,,,,,,,,,,,,,,,,,,,,,,,,,*/kˌurt͡ʃˈoɲu/,,,,,,,,,,,,,,,,,,,,,,,,,,,,,,,,,,,,,,,,,,,,,,,,,,,,,,,,,,,,,,,,,,,,,,,*/mˌɑlːɪt͡ʃˈolɑ/,,,,*/mˌɑlɪt͡ʃˈoɲu/,,,,,,,,,,,,,,,,,,,*/mˌɑrtɪ̯ˈɑt͡ʃɑ/,,,,,,*/mɪ̯ˈɑrt͡ʃu/,,,,,,,,,*/mˌɑtt͡ʃˈukku/,,,,,*/mɪ̯ˈɛd͡ʒu/,,,,*/mˌɛrɪd͡ʒˈoɲu/,*/mˌɛrˈid͡ʒɛ/,,,,,,,,,,,,,,,*/mˈud͡ʒu/,,,,,,,,,,,,,,,,,,,,,,,,,,,,,,,,,,,,*/nˈupt͡ʃɑ/,,,,,,,,,,,,,,,,,*/ˈøɑt͡ʃɑ/,,,,,*/pˌɛntɪ̯ˈɛt͡ʃɑ/,,,,,,,,,,*/pˌɑlɪ̯ˈɑt͡ʃu/,,,,,,,,,,,,,*/pˌɑt͡ʃˈoɲu/,,,,,,,,,,,,,,,,,,,,,,,,,*/pɪ̯ˈɛtt͡ʃɑ/,,,,,,,,,,,,,,,,,,,,,,,*/plˈiçt͡ʃu/,,,,,,,,,,,,,,,,,,,,,,,,,,,,,,,,,,,,,,,,,,*/pˈut͡ʃu/,,,,*/rɪ̯ˈɑd͡ʒɑ/,,,,,,,,,,*/ˌɑrrˌɑt͡ʃˈonɪ/,,,,,,,,,,,,,,,,,,,,,,,,,,,,,,,,,,,,,,,,,,,,,,,,,,*/sɪ̯ˌɑlbɪ̯ˈɑt͡ʃɑ/,,,,,,,,,,,,,,,,,,,,,,,,,*/sɪ̯ˈɛt͡ʃɑ/,,,,,*/sˌɛrbɪ̯ˈet͡ʃu/,,,,,,,,,,,,,,,,,,,,,,,,,,,,*/skˈort͡ʃɑ/,,,,,,,,,,,,,,,,,,,*/spərˈɑjt͡ʃɑ/,,,,,,*/spˈud͡ʒɑ/,,,,,,,,,,,,,,,,,,,,,,,,,,,,,,,,,,,,,,,,,,,,,,,,,*/tɪ̯ˈɛst͡ʃɑ/,,,,,,,,,,,,,,,,,,,,,,*/trˌɑsmˌɛd͡ʒˈoɲu/,,,,,,,,,,,,*/tˌurt͡ʃˈoɲu/,,,,,,,,,,,,,,,,,,,,,,,,,,,,*/βˌelɪ̯ˈɑt͡ʃɑ/,,,,,,,,,,,,,,,,*/βɪ̯ˈɛst͡ʃu/,,,,,,,,,,,,,,,,,,,,*/βɪ̯ˈet͡ʃu/,,,,,,,,,
R124,,,,,,,,,,,,,,,,,,,,,,,,,,,,,,,,,,,,,,,,,,,,,,,,,,,,,,,,,,,,,,,,,,,,,,,,,,,,,,,,,,,,,,,,,,,,,,,,,,,,,,,,,,,,,,,,,,,,,,,,,,,,,,,,,,,*/ˌɛskˌɑrd͡ʒjˈoɲu/,,,,,,,,,,,,,,,,,,,,,,,,,,,,,,,,,,,,,,,,,,,,,,,,,,,,,,,,,,,,,,,,,,,,,,,,,,,,,,,,,,,,,,,,,,,,,,,,,,,,,,,,,,,,,,,,,,,,,,,,,,,,,,,,,,,,,,,,,,,,,,,,,,,,,,,,,,,,,,,,,,,,,,,,,,,,,,,,,,,,,,,,,,,,,,,,,,,,,,,,,,,,,,,,,,,,,,,,,,,,,,,,,,,,,,,,,,,,,,,,,,,,,,,,,,,,,,,,,,,,,,,,,,,,,,,,,,,,,,,,,,,,,,,,,,,,,,,,,,,,,,,,,,,,,,,,,,,,,,,,,,,,,,,,,,,,,,,,,,,,,,,,,,,,,,,,,,,,,,,,,,,,,,,,,,,,,,,,,,,,*/kˌurt͡ʃjˈoɲu/,,,,,,,,,,,,,,,,,,,,,,,,,,,,,,,,,,,,,,,,,,,,,,,,,,,,,,,,,,,,,,,,,,,,,,,,,,,,,,,,,,,,,,,,,,,,,,,,,,,,,,,,,,,,,,,,,,,,,,*/mˌɛrɪd͡ʒjˈoɲu/,,,,,,,,,,,,,,,,,,,,,,,,,,,,,,,,,,,,,,,,,,,,,,,,,,,,,,,,,,,,,,,,,,,,,,,,,,,,,,,,,,,,,,,,,,,,,,,,,,,,,,,,,,,,,,,,,,,,,,,,,,,,,,,,,,,,,,,,,,,,,,,,,,,,,,,,,,,,,,,,,,,,,,,,,,,,,,,,,,,,,,,,,,,,,,,,,,,,,,,,,*/ˌɑrrˌɑt͡ʃjˈonɪ/,,,,,,,,,,,,,,,,,,,,,,,,,,,,,,,,,,,,,,,,,,,,,,,,,,,,,,,,,,,,,,,,,,,,,,,,,,,,,,,,,,,,,,,,,,,,,,,,,,,,,,,,,,,,,,,,,,,,,,,,,,,,,,,,,,,,,,,,,,,,,,,,,,,,,,,,,,,,,,,,,,,,,,,,,,,,,,,,,,,,,,,,,,,,,,,,,,,,,,,,,,,,,,,,,,,,,,,,*/tˌurt͡ʃjˈoɲu/,,,,,,,,,,,,,,,,,,,,,,,,,,,,,,,,,,,,,,,,,,,,,,,,,,,,,,,,,,,,,,,,,,,,,,,,,
R125,,,,,,,,,,,,,,,,,,,,,,,,,,,,,,,,,,,,,,,,,,,,,,,,,,,,,,,,,,,,,,,,,,,,,,,,,,,,,,,,,,,,,,,,,,,,,,,,,,,,,,,,,,,,,,,,,,,,,,,,,,,,,,,,,,,,,,,,,,,,,,,,,,,,,,,,,,,,,,,,,,,,,,,,,,,,,,,,,,,,,,,,,,,,,,,,,,,,,,,,,,,,,,,,,,,,,,,,,,,,,,,,,,,,,,,,,,,*/ɡˌɑlːɪnˈɑt͡ʃɑ/,,,,,,,,,,,,,,,,,,,,,,,,,,,,,,,,,,,,,,,,,,,,,,,,,,,,,,,,,,,,,,,,,*/ˌendˌerˈeçt͡ʃu/,,,,,,,,,,,,,,,,,,,,,,,,,,,,,,,,,,,,,,,,,,,,,,,,,,,,,,,,,,,,,,,,,,,,,,,,,,,,,,,,,,,,,,,,,,,,,,,,,,,,,,,,,,,,,,,,,,,,,,,,,,,,,,,,,,,,,,,,,,,,,,,,,,,,,,,,,,,,,,,,,,,,,,,,,,,,,,,,,,,,,,,,,,,,,,,,,,,,,,,,,,,,,,,,,,,,,,,,,,,,,,,,,,,,,,,,,,,,,,,,,,,,,,,,,,,,,,,,,,,,,,,,,,,,,,,,,,,,,,,,,,,,,,,,,,,,,,,,,,,,,,,,,,,,,,,,,,,,,,,,,,,,,,,,,,,,,,,,,,,,,,,,,,,,,,,,,,,,,,,,,,,,,,,,,,,,,,,,,,,,,,,,,,,,,,,,,,,,,,,,,,,,,,,,,,,,,,,,,,,,,,,,,,,,,,,,,,,,,,,,,,,,,,,,,,,,,,,,,,,,,,,,,,,,,,,,,,,,,,,,,,,,,,,,,,,,,,,,,,,,,,,,,,,,,,,,,,,,,,,,,,,,,,,,,,,,,,,,,,,,,,,,,,,,,,,,,,,,,,,,,,,,,,,,,,,,,,,,,,,,,,,,,,,,,,,,,,,,,,,,,,,,,,,,,,,,,,,,,,,,,,,,,,,,,,,,,,,,,,,,,,,,,,,,,,,,,,,,,,,,,,,,,,,,,,,,,,,,,,,,,,,,,,,,,,,,,,,,,,,,,,,,,,,,,,,,,,,,,,,,,,,,,,,,,,,,,,,,,,,,,,,,,,,,,,,,,,,,,,,,,,,,,,,,,,,,,,,,,,,,,,,,,,,,,,,,,,,,,,,,,,,,,,,,,,,,,,,,,,,
R126,,,,,,,,,,,,,,,,,,,,,,,,,,,,,,,,,,,,,,,,,,,,,,,,,,,,,,,,,,,,,,,,,,,,,,,,,,,,,,,,,,,,,,,,,,,,,,,,,,,,,,,,,,,,,,,,,,,,,,,,,,,,,,,,,,,,,,,,,,,,,,,,,,,,,,*/ˌɛlɪ̯ˈɛɡɪɪ̯ɑ/,,,,*/ˌɛpˌeskopˈiɪ̯ɑ/,,,,,,,,,,,,,,,,,,,,,,,,,,,,,,,,,,,,,,,,,,,,,,,,,,,,,,,*/fˌurnɪkˈiɪ̯ɑ/,,,,,,,,,,,,,*/flˌektɪ̯ˈɑrɪ̯ɑ/,,*/fˌulkˈiɪ̯ɑ/,,,,,,,,,,,,,,,,,,*/ɡˌenˈiɪ̯ɑ/,,,,,,,,,,,,,,,,,,,,,,,,,,,,,,,,,,,,,,,,,,,,,,,,,,,,,,,,,,,,,,,,,,,,,,,,,,,,,,,,,,,,,,,,,,,,,,,,,,,,,,,,,,*/kˌɑlkɪ̯ˈɑrɪ̯ɑ/,,,,,,,,,,,,,,,,,,,,,,,,,,,,,,,,,,,,,,,,,,,,,,,,,,,,,,,,,,*/kkˈorɪ̯ɑ/,,,,,,,,,,,,,,,,,,,,,,,,,,,,,,,*/kˌulumbɪnˈiɪ̯ɑ/,,,,,,,,,,,,,,,,,,,,,,,,,,,,,,,,,,,,,,,,,,,,,,,*/krˌɛɪ̯ɑtˈyrɑ/,,,,,,,,,,,,,,,,,,,,,,,,,,,,,,,,,,,,,,,,,,,,,,,,,,*/lˌɑnkjɪ̯ˈɑrɪ̯ɑ/,*/lˌɑpɪ̯ˈɑtɪ̯ɑ/,,,,,,,,,,,,,,,,,,,,,,,,,,,,,,,,,,,,,,,,,*/mˌɑɡˈiɪ̯ɑ/,,,*/mˌɑjɪ̯ˈɑrɪ̯ɑ/,,,,,,,,,,,,,,,,,,,,,*/mˌɑrˈiɪ̯ɑ/,,,,,,,,,,,,,,,,,,,,,,,,,,,,,,,,,,,,,,,,,,,,,,,,,,,,,,,,,,,,,,,,,,,,,,,*/nkˌɑrðˌulːˈikɪ̯ɑ/,,,,,,,,,,,,,,,,,,,,,,,,,,,,,,,,,,,,,,,,,,,,,,,,,,,,,,,,,,,,,,,,,,,,,,,,,,,,,,,,,,,,,,,,,,,,,*/pɪstɪ̯ˈɑrɪ̯ɑ/,,,,,,,,,,,,,,,,,,,,,*/pˌurrɪnˈiɪ̯ɑ/,,,,,,,,,,,,,,,,,,,,,,,,,,,,,,,,,,,,,,,,,,,,,,,,,,,,,,,,,,,,,,,,,,,*/rˌufˈɛɪ̯ɑ/,,,,,,,,,,,,,,,,,,,,,,,,,,,,,,,,,,,,,,,*/sˌɑɲtuˌɑndrˈeɪ̯ɑ/,,,,,,,,,,,,,,,,,,,,,,,,,,,,,,,,,,,,,,,,,,,,,,,,,,,,,,,*/sˈokɪ̯ɑ/,,,,,,,,*/sˌurtɪlɪɡˈiɪ̯ɑ/,,,,,,,,,,,,,,,,,,,,,,,,,,,,,,,*/sˌubtɪrrˌɑnˈiɪ̯ɑ/,,,,,,,,,,,,,,,,,,,,,,,,,,,,,,,,,,,,,,,,,,,,,,,,,,,,,,,,,,,,,,,,,,,,,,,,,,,,,,,,,,,,,,,,,,,,,,,,,,,,,,,,,,,*/βˈiɪ̯ɑ/,,,*/βˈikɪ̯ɑ/,,*/βˌeçtˈorɪ̯ɑ/,,,,,,,,,,,,,,,,,,,,,,
R127,,,,,,,,,,,,,,,,,,,,,,,,,,,,,,,,,,,,,,,,,,,,*/ˌɑrmɪssˈoru/,,,,,,,,,,,,,,,,,,,,,,*/bˌiɲˈoru/,,,,,,,,,,,,,,,,,,,,,,,,,,,,,,,,,,,,,,,,,,,,,,,,,,,,,,,,,,,,,,,,,,,,,,,,,,,,,,,,,,,,,,,,,,,,,,,,,,,,,,,,,,,,,,,,,,,,,,*/fˌɛwrˈoru/,,,,,,,,,,,,,,,,,,,,,,,,,,,,,,,,,,,,,,,,,*/fˌonːɪ̯ˈɑru/,,,,,*/fˌuskɪɲˈoru/,,,,,,,,,,,,,,,,,,,,,,,,,,,,,,,,,,,,,,,,,,,*/jˌɑːnnɪ̯ˈɑru/,,,,,,,,,,,,,,,,,,,,,,,,,,,,,,,,,,,,,,,,,,,,,,,,,,,,,,,,,,,,,,,,,,,,,,,,,*/kˌɑlɪndˈoru/,,,,,,,,,,,,,,,,,,,,,,,,,,,,,,,,,,,,,,,,,,,,,,,,,,,*/kˌɛrɑsˈoru/,,,,,,,,,,,,,,,,,,,,,,,,,,,,,,,,,,,,,,,,,,,,,,,*/kˌoktˈoru/,,,,,,,,,,,,,,,,*/kˌuntrˈoru/,*/kˌuntrɑstˈoru/,,,,,,,,,,,,,,,,,,,,,,,,,,,,,,,,,,,,,,,,,,,,,,,,,,,,,,,,,,,,,,,,,,,,,,,,,,,,,,,,,,,,,,,,,,,,,,,,,,,,,,,,,,,,,,,,,,,,,,,,,,,,,,,,,,,,,,,,,,,,,,,,,,,,,,,,,,,,,,,,,,,,,,,,,,,*/mˌɛrkɪ̯ˈɑru/,,,,,,,,,,,,,,,,,,,,,,,,,,,,*/mˌuskɪlˈoru/,,,,,,,,,,,,,,,,,,,,,,,,,,,,,,,,,,,,,,,,,,,,,,,,,,,,,,,,,,,,,,,,,,,,,,,,,,,,,,,,,,,,,,,,,,,,,,,,,,,,,,,,,,,,,,,,,,,,,,*/pˌulːɪkˈoe̯ru/,,,,,,,,,,,,,,,,,,,,,,,,,,,,,,,,,,,,,,,,,,,,,,,,,,,,,,,,,,,,,,,,,,,,,,,,,,,,,,,,,,,,,,,,,,,,,,,,,,,,,,,,,,,,,,,,,,,,,,,,,*/sɪ̯ˌɑlɪkɪnˈoru/,,,,,,,,,,,,,,,,,,,,,,,,,,,,,,,,,,,,,,,,,,,,,,,,,,,,,,,,,,,,,,,,,,,,,,,,,,,,,,,,,,,,,,,,,,,,,,,,,,,,,,,,,,,,,,,,,,,,,,,,,,,,,,,,,*/trˌɑjˌɛktˈoru/,,,,,,,,,,,,,,,,,,,,,,,,,,,,,,,,,,,,,,,,,,,,,,,,,,,,,,,,,,,,,,,,,,,,,,,,,,,,,,,,,,,,,,,,,,,
R128,,,,,,,,,,,,,,,,,,,,,,,,,,,,,,,,,,,,,,,,,,,,,,,,,,,,,,*/ˌɑwrːjˈolu/,,,,,,,,,,,,,,,,,,,,,,,,,,,,,,,,,,,,,,,,,,,,,,,,,,,,,,,,,,,,,,,,,,,,,,,,,,,,,,,,,,,,,,,,,,,,,,,,,,,,,,,,,,,,,,,,,,,,,,,,,,,,,,,,,,,,,,,,,,,,,,,,,,,,,,,,,,,,,,,,,,,,,,,,,,,,,,,,,,,,,,,,,,,,,,,,,,,,,,,,,,,,,,,,,,,,,,,,,,,,,,,,,,,,,,,,,,,,,,,,*/enbˌurːjˈɑnu/,,,,,,,,,,,,,,,,,,,,,,,,,,,,,,,,,,,,,,,,,,,,,,,,,,,,,,,,,,,,,,,,,,,,,,,,,,,,,,,,,*/kɪ̯ˈɑrːjɛ/,,,,,,,,,,,,,,,,,,,,,,,,,,,,,,,,,,,,,,,,,,,,,,,,,,,,,,,,,,,,,,,,,,,,,,,,,,,,,,,,,,,,,,,,,,,,,*/kˈorːju/,,,,,,,,,,,,,,,,,,,,,,,,,,,,,,,,,,,,,,,,,,,,,,,,,,,,,,,,,,,,,,,,,,,,,,,,,,,,,,,,,,,,,,,,,,,,,,,,,,,,,,,,,,,,,,,,,,,,,,,,,,,,,,,,,,,,,,,,,,,,,,,,,,,,,,,,,,,,,,,,,,,,,,,,,,,,,,,,,,,,,,,,,,,,,,,,,,,,,,,,,,,,,,,,,,,,,,,,,,,,,,,,,,,,,,,,,,,,,,,,,,,,,,,,,,,,,,,,,,,,,,,,,,,,,,,,,,,,,,,,,,,,,,,,,,,,,,,,,,,,,,,,,,,,,,,,,,,,,,,,,,,,,,,,,,,,,,,,,,,,,,,,,,,,,,,,,,,,,,,,,,,,,,,,,,,,,,,,,,,,,,,,,,,,,,,,,,,,,,,,,,,,,,,,,,,,,,,,,,,,,,,,,,,,,,,,,,,,,,,,,,,,,,,,,,,,,,,,,,,,,,,,,,,,,,,,,,,,,,,,,,,,,,,,,,,,,,,,,,,,,,,,,,,,,,,,,,,,,,,,,,,,,,,,,,,,,,,,,,,,,,,,,,,,,,,,,,,,,,,,,,,,,,,,,,,,,,,,,,,,,,,,,,,,,,,,,,,,,,,,,,,,,,,,,,,,,,,,,,,,,,,,,,,,,,,,,,,,,,,,,,,,,,,,,,,
R129,,*/ˌɑbˈeŋnu/,*/ˌɑbˈeŋɲɑ/,,,,,,,,,,,,,,,,,,,,,,,,,,,,,,,,,,,,,,,,,,,,,,,,,,,,,,,,,,,,,,,,,,,,,,,,,,,,,,,,,,,,,,,,,,,,,,,,,,,,,,,,,,,,,,,,,,,,,,,,,,,,,,,,,,,,,,,,,,,*/ˌɛspˈɛðɪtu/,,,,,,,,,,,,,,,,,,,,,,,,,,,,,*/fˈɑkje/,,,,,,,,,,,,,,,,,,,,,*/fˈelɪkɑ/,,,,,,,,,,,,,,,,,,,,,,,,,,,,,,,,,,,,,,,,,,,,,,,,,,,,,,,,,,,,,,*/ɡrɪ̯ˈɛmu/,,,,,,,,,,,,,,,,,,,,,,,,,,,,,,,,,,,,,,,,,,,,,,,,,,,,,,,,,,,,,,,,,,,,,,,,,,,,,,,,,,,,,,,,,,,,,,,,,,,,,,,,,,,,,,,,,,,,,,,,,,,,,,,,,,,,,,,,,,,,,,,,,,,,,,,,,,,,,,,,,,,,,,,,,,*/klˌemˈentɪ/,,,,,,,,,,,,,,,,,,,,,,*/kˌummˈɛrkju/,,,,,,,,,,,,,,,,,,,,,,,,,,,,,,,,,,,,,,,,,,,,,,,,,,,,,,,,,,,,,,,,,,,,,,,,,,,*/kʷˈetu/,,,,,,,,,*/lɪ̯ˈɑkʷu/,,,,,*/lˌɑpˈɑtɪ̯ɑ/,,,,,,,,,,,,,,,,,,,,,,,,,,,,,,,,,,,,,,,,,,,,,,,,,,,,,,,,,,,,,,*/mˈɑnkɪnu/,,*/mˈɑrɡɪnɪ/,,,,,,,,,,*/mˈɑrtɪ/,,*/mˈɑrt͡ʃu/,,,,,,,,,,,,*/mˈɛðɪku/,,*/mˈɛd͡ʒu/,,,*/mˈɛntɪ/,,,,,,,,,,,,,,,,,,,,,,,,,,,,,,,,,,,,,,,,,,,,,,,,,,,,,,,,,,,,,,,,,,,,,,,,,,,,,,,,,,*/pˈɑkɪ/,,,,,,,,,,,,,,,,,,,,,,*/pˈɛðɪkɑ/,*/pˈɛndɪkɑ/,*/ˌempˈɛðɪkɑ/,,,,,,,,,,,,,,*/pˈɛssɪkɑ/,,,*/pˈɛtt͡ʃɑ/,,,,,,,,,,*/pˈeskɪ/,,,,,*/pˈettɪku/,,,,,,*/pˈɑltɪɲɑ/,,,,,,,,,,,,,,,,,,,,,,,,,,,,,,,,,,,,,,,,,,,,,,,,,,,,,,,,,,,,,,,,,,,,,,,,,,,,,,,,,,,,,,,,,,,,,,,,,,,,,,,,,,,,*/sɪ̯ˌɑlbˈɑt͡ʃɑ/,*/sɪ̯ˌɑlbˈɛlːɑ/,,,,,,,,,,,,,,,,,,,,,,,,,,,,,*/sˌɛrbˈet͡ʃu/,,,,,,,,,,,,,,,,,,,,,,,,,,,,,,,,,,,,,,,,,,,,,,,,,,,,,,,,,,,,,,,,,,,,,,,,,,,,,,,,,,,,,,,,,,,,,,,,,,,,,,,,,,,,,,,,,,,,,,,,,,,,,,,,,,,,,,,,,,,,,,,,,,,,,,,,,,,,,,,,,*/βˈɑlːɪ/,,,,,,,,,,,,,,,,,,,*/βˈɛst͡ʃu/,*/βˈɛtɪrɪ/,,,,,,,,,,,,,,*/βˈerðɪ/,,,,,*/βˈet͡ʃu/,,,,,,,,,
R130,,,,,,,,,,,,,,,,,,,,,,,,,,,,,,,,,,,,,,,,,,,,,,,,,,,,,,,,,,,,,,,,,,,,,,,,,,,,,,,,,,,,,,,,,,,,,,,,,,,,,,,,,,,,,,,,,,,,,,,,,,,,,,,,,,,,,,,,,,,,,,,,,,,,,,,,,,*/ˌɛpˌeskopˈiɑ/,,,,,,,,,,,,,,,,,,,,,,,,,,,,,,,,,,,,,,,,,,,,,,,,,,,,,,,,,,,,*/frˈɑksɪnu/,,,,,,,,,,,,,,,,,,,,,,,,,,,,,,,,,,,,,,,,,,,,,,,,,,,,,,,,,,,,,,,,,,,,,,,,,,,,,,,,,,,,,,,,,,,,,,,,,,,,,,,,,,,,,,,,,,,,,,,,,,,,,,,,,,,,,,,,,,,,,,,,,,,,,,,,,*/kˌɑprˈolu/,,,,,,*/kɪ̯ˈɑpru/,,,,,,,,,,,,,,,,,,,,,,,,,,,,,,,,,,,,,,,,,,,,,,,,,,,,,,,,,,,,,,,,,,,,,,,,,,,,,,,,,,,,,,,,,,,,,,,,,,,,,,,,,,,,,,,,,,,,,,,,,,,,,,,,,,,,,,,,,,,,,,,,,,,,,,,*/kɪ̯ˈepru/,,,,,,,,,,,,,,,,,,,,,,,,,,,,,,,,,,,,,,,,,,,,,,,,,,,,,,,,,,,,,,,,,,,,,,,,,,,,,,,,,,,,,,,,,,,,,,,,,,,,,,,,,,,,,,,,,,,,,,,,,,,,,,,,,,,,,,,,,,,,,,,,,,,,,,,,,,,,,,,,,,,,,,,,,,,,,,,,,,,,,,,,,,,,,,,,,,,,,,,,,,,,,,,,,,,,,,,,,,,,,,,,,,,,,,,,,,,,,,,,,,,,,,,,,,,,,,,,,,,,,,,,,,,,,,,,,,,,,,,,,,,,,,,,,,,,,,,,,,,,,,,,,,,,,,,,,,,,,,,,,,,,,,,,*/rˌufˈɛɑ/,,,,,,,,,,,,,,,,,,,,,,,,,,,,,,,,,,,,,,,,,,,,,,,,,,,,,,,,,,,,,,,,,,,,,,,,,,,,,,,,,,,,,,,,,,,,,,,,,,,,,,,,,,,,,,,,,,,,,,,,,,,,,,,,,,,,,,,,,,,,,,,,,,,,,,,,,,,,,,,,,,,,,,,,,,,,,,,,,,,,,,,,,,,,,,,,,,,,,,,,,,,,,,,,,,,,,,,,,,,,,,,,,,,,,,,,,,,,,,,,,,,,,,,,,,,,,,,,,,,,,,,,,,,
R131,,,,,,,,,,,,,,,,,,,,,,,,,,,,,,,,,,,,,,,,,,,,,,,,,,,,,,,,,,,,,,,,,,,,,,,,,,,,,,,,,,,,,,,,,,,,,,,,,,,,,,,,,,,,,,,,,,,,,,,,,,,,,,,,,,,,,,,,,,,,,,,,,,,,,,,,,,,,,,,,,,,,,,,,,,,,,,,,,,,,,,,,,,,,,,,,,,,,,,,,,,,,,,,,,,,,,,,,,,,,,,,,,,,,,,,,,,,,,,,,,,,,,,,,,,,,,,,,,,,,,,,,,,,,,,,,,,,,,,,,,,,,,,,,,,,,,,*/enbˌurːˈɑnu/,,,,,,,,,,,,,,,,,,,,,,,,,,,,,,,,,,,,,,,,,,,,,,,,,,,,,,,,,,,,,,,,,,,,,,,,,,,,,,,,,,,,,,,,,,,,,,,,,,,,,,,,,,,,,,,,,,,,,,,,,,,,,,,,,,,,,,,,,,*/kˌulːˈɑrɪ/,,,,,,,,,,,,,,,,,,,,,,,,,,,,,,,,,,,,,,,,,,,,,,,,,,,,,,,,,,,,,,,,,,,,,,,,,,,,,,,,,,,,,,,,,,,,,,,,,,,,,,,,,,,,,,,,,,,,,,,,,,,,,,,,,,,,,,,,,,,,,,,,,,,,,,,,,,,,,,,,,,,,,,,,,,,,,,,,,,,,,,,,,,,,,,,,,,,,,,,,,,,,,,,,,,,,,,,*/mˌulˈɑrɪ/,,,,,,,,,,,,,,,,,,,,,,,,,,,,,,,,,,,,,,,,,,,,,,,,,,,,,,,,,,,,,,,,,,*/pˌɑlˈɑt͡ʃu/,,,,,,,,,,,,,,,,,,,,,,,,,,,,,,,,,,,,,,,,,,,,,,,,,,,,,,,,,,,,,,,,,,,,,,,,,,,,,,,,,,,,,,,,,,,,,,,,,,,,,,,,,,,,,,,,,,,,,,,,,,,,,,,,,,,,,,,,,,,,,,,,,,,,,,,,,,,,,,,,,,,,,,,,,,,,,,,,,,,,,,,,,,,,,,,,,,,,,,,,,,,,,,,,,,,,,,,,,,,,,,,,,,,,,,,,,,,,,,,,,,,,,,,,,,,,,,,,,,,,,,,,,,,,,,,,,,,,,,,,,,,,,,,,,,,,,,,,,,,,,,,,,,,,,,,,,,,,,,,,,,,,,,,,,,,,,,,,,,,,,,,,,,,,,,,,,,,,,,,,,,,,,,,,,,,,,,,,,,,,,,,,,,,,,,,,,,,,,,,,,,,,,,
R132,,,,,,,,,,,,,,*/ˌɑcˈiŋɟɪ/,*/ˌɑkcˈiptu/,*/ˌɑkcˈiptrɪ/,,,,,,,,,,,,,,*/ɪ̯ˈɑnɟɪlu/,,,,,,,,,,*/ˌɑrɟˈɛntu/,,,,,,,,,,,,,,,,,,,,,,,,,,,,*/brɪ̯ˈɑcɪ/,,,,,*/bˌuulcˈesu/,,*/bˌuˈulcɪ/,,,,,,,,,,,,,,,,,,,,,,,,,,,,,,,,,,,,*/drɪ̯ˈɑcɪ/,,,,*/dˈucɪ/,,,,,,,,,,,,,,,,,,,,*/ˌɛscˈipɪ/,,,,,,,,,,,,,,*/ˌɛsbeɟɪlˈoɲu/,*/ˌɛlɪ̯ˈɛɟɪɪ̯ɑ/,,,,,,,*/ɪ̯ˈerɪcju/,,,*/ˌewɑnɟˈɛjlu/,,,,,,,,,*/fˌɑlcˈiɲɑ/,,*/fˈɑcje/,,,,,,,,,,,,,,,,,,,,,,,*/fˌulːɪcˈetu/,,,,,,,,,,,,,,*/fˈurnɪcɪ/,*/fˌurnɪcˈiɪ̯ɑ/,,,,,,,,,,,,,,,*/fˌulcˈiɪ̯ɑ/,,,,,*/fˈuscɪɲɑ/,*/fˌuscɪɲˈoru/,,,,,,,,,,,,,,,*/ɡɪˈørɟɪu/,,,,,,,,*/ɡrɪ̯ˈɛɟɪ/,,,,,,,,,,,,,,,,,,,,,,,,*/ˈilɪcɪ/,,,,,,,,,,,,,,,,,,,,,,,,,,,,,,,,,,,,,,,,,,,,,,,,,,,,,,,,,,,*/ɟˈyðɪcju/,,,,,,,,,,,*/kɪ̯ˈɑlɪcɪ/,*/kˌɑlcɪ̯ˈɑrɪ̯ɑ/,,,,,,,,,,,,,,,,,*/kˌɑncˈɛlːu/,,,,,,,,,,,,,,,,,,,,,,,,,,,,,,,,,,,,,,,,*/kˈicɪrɪ/,,,,,,*/kˌercˈɛlːɑ/,,,,,,,,,,,,,,,,,,,,,,,,,,,,,,*/kˈokcju/,,,,,*/kˌummˈɛrcju/,,,,,,,,,,,,,,,,,,,,,,,,,,,,,,,,,,,,,,,,,,,,,,,,,*/krˈucɪ/,,,,,,,,,,,,,,,,,,,,,,,,,,,,,,,,,,,,,,,*/lˌɑncjɪ̯ˈɑrɪ̯ɑ/,,,,,,,,,,,,*/lɪ̯ˈeɟɪ/,,,,,,,,,,,*/lˈicju/,,,,,,,,,*/lˌucˈɛrnɑ/,,,,,,,*/lˌupcˈɛrbulu/,,,*/mˌɑɟˈiɪ̯ɑ/,,,,,,,,,,,*/mˌɑlˌɑŋɟˈɛɲu/,,,,,,,,,,*/mˈɑncɪnu/,,*/mˈɑrɟɪnɪ/,,,*/mˌɑrɪlˈycju/,,,,,,*/mˌɑrcˌinˈetu/,,,,,,,,,,,,,,,,,,,,,,,,*/mˌɛrcɪ̯ˈɑru/,,,,,,,,,,,,,,,,,,,,,,,,,,,,*/mˌuscɪlˈoru/,,,,,*/mˌircˈiɲɑ/,,,,,,*/nkˌɑrðˌulːˈicɪ̯ɑ/,,,,,,,,,,,,,,,,,,,,,,,,,,,,,,,,,,,,,,,*/pˈɑcɪ/,,,,,,,,,,,,,,,,,,,,,,,,,,,,,,,,,,,,*/pˌɛrbeɟɪlˈoɲu/,,,,,,,,,,,,,,,*/pˈescɪ/,,,,,,,,*/plˌɑcˈɛɲu/,,,,*/plˌicˈinu/,,,,,,,,,,,*/pˈorrɪcju/,,,,,,,,,,,,,,,,*/prˈincɪ/,,,,,,,,,,,,,,,,,,,,,,,,,,,,,,,,,,,,,,,,,,,,*/rˈicɪnu/,,,,,,,,,,,,,,,,,,,,,,,*/sˌɑɟˈettɑ/,,,,,,*/sɪ̯ˈɑlɪcjɛ/,,*/sɪ̯ˈɑlɪncɪɛ/,*/sɪ̯ˌɑlɪcˈetu/,,,,,,,,,,,,,,,,,,,,,,,*/sɪ̯ˌɑlɪcɪnˈoru/,,,,,,,*/sɪ̯ˈɛrɟɪu/,,,,,,,,,,,,,,,,,,*/sɟɪ̯ˈɑbjɛ/,,,*/scˈemnɪ/,,,*/scˌentˈiʎɑ/,,,,,*/scˈøpɑ/,,*/sɟɪ̯ˈørɑ/,,,,,*/scˈytu/,,,,*/sˈocɪ̯ɑ/,*/sˈocju/,,,,,,,*/sˌurtɪlɪɟˈiɪ̯ɑ/,,,,,,,,,,,,,,,,,,,,,,,,,,,,,,,,,,,,,,,,,,,,,,,,,,,,,,,,,,,,,,,,,,,,,,,,,,,,,,,,,,,,,,,,,,,,,,,,,,,,,,,,,,,,,,,,,,,,,,,,,,,,,,,,,,,,,,,,,,,*/βˌiɟˈijlɑj/,*/emɪɟˈijlɑj/,*/βˈicɪ̯ɑ/,*/βˌicˈinu/,,,,,*/ˌemɪɟˈijlu/,*/βˈirɟɪnɪ/,,,,,,,,,,,,,,,,,
R133,,,,,,,,,,,,,,,,,,,,,,,,,,,,,,,,,,,,,,,,,,,,,,,,,,,,,,,,,,,,,,,,,,,,,,,,,,,,,,,,,,,,,,,,,,,,,,,,,,,,,,,,,,,,,,,,,,,,,,,,,,,,,,,,,,,,,,,,,,,,,,,,,,,,,,,,,,,,,,,,,,,,,,,,,,,,,,,,,,,,,,,,,,,,,,,,,,,,,,,,,,,,,,,,,,,,,,,,,,,,,,,,,,,,,,,,,,,,,,,,,,,,,,,,,,,,,,,,,,,,,,,,,,,,,,,,,,,,,,,,,,,,,,,,,,,,,,,,,,,,,,,,,,,,,,,,,,,,,,,,,,,,,,,,,,,,,,,,,,,,,,,,,,,,,,,,,,,,,,,,,,,,,,,,,,,,,,,,,,,,,,,,,,,,,,,,,,,,,,,,,,,,,,,,,,,,,,,,,,,,,,,,,,,,,,,,,,,,,,,,,,,,,,,,,,,,,,,,,,,,,,,,,,,,,,,,,,,,,,,,,,,,,,,,,,,,,,,,,,,,,,,,,,,,,,,,,*/kʷˌɑrrˈesɪmɑ/,,,,,,,,,,,,,,,,,*/lˈɑkʷu/,,,,,,,,,,,,,,,,,,,,,,,,,,,,,,,,,,*/lˈettɪrɑ/,,,,,,,,,,,,,,,,,,,,,,,,,,,,,,,,,,,,,,,,,,,,,,,,,,,,,,,,,,,,,,,,,,,,,,,,,,,,,,,,,,,,,,,,,,,,,,,,,,,,,,,,,,,,,,,,,,,,,,,,,,,,,,,,,,,,,,,,,,,,,,,,,,,,,,,,,,,,,,,,,,,,,,,,,,,,,,,,,,,,,,,,,,,,,,,,,,,,,,,,,,,,,,,,,,,,,,,,,,,,,,,,,,,,,,,,,,,,,,,,,,,,,,,,,,,,,,,,,,,,,,,,,,,,,,,,,,,,*/rˈetɪ/,*/rˈestɪ/,*/rˈetɪnɑ/,,,,,,,,,,,,,,,,,,,,,,,,,,,,,,,,,,,,,,,,,,,,,,,,,,,,,,,,,,,,,,,,,,,,,,,,,,,,,,,,,,,,,,,,,,,,,,,,,,,,,,,,,,,,,,,,,,,,,,,,,,,,,,,,,,,,,,,,,,,,,,,,,,,,,,,,,,,,,,,,,,,,,,,,,,,,,,,,,,,,,,,,,,,,,,,,,,,,,,,,,,,,,,,,,,,,,,,,,,,,,,,,,,,,,,,,,,,,,,,,,,,,,,,,,,,,,,,,,,,,,,,,,,,,,,,,,,,,,
R134,,,,,,,,,,,,,,,,,,,,,,,,,,,,,,,,,,,,,,,,,,,,,,,,,,,,,,,,,,,,,,,,,,,,,,,,,,,,,,,,,,,,,,,,,,,,,,,,,,,,,,,,,,*/dˌiskˌyrtˈoɲu/,,,,,,,,,,,,,,,,,,,,,,,,,,,,,,,,,,,,,,,,,,,,,,,,,,,,,,,,,,,,,,,,,,,,,,,,,,,,,,,,,,,,,,,,,,,,,,,,,,,,,,,,,,,,,,,,,,,,,,,,,,,,,,,,,,,,,,,,,,,,,,,,,,,,,,,,,,,,,,,,,,,,,,,,,,,,,,,,,,,,,,,,,,,,,,,,,,,,,,,,,,,,,,,,,,*/ˌenːˈoku/,,,,,,,,,,,,,,,,,,,,,,,,,,,,,,,,,,,,,,,,,,,,,,,,,,,,,,,,,,,,,,,,,,,,,,,,,,,,,,,,,,,,,,,,,,,,,,,,,,,,,,,,,,,,,,,,,,,,,,,,,,,,,,*/kˈoku/,,,,,,,,,,,,,,,,,,,,,,,,,,,,,,,,,,,,,,,,,,,,,,,,,,,,,,,,,,,,,,,,,,,,,,*/kˌɑrrˈiɡɑ/,*/kˌɑrrˈesɪmɑ/,*/kˈodru/,*/kˌɛrˈoɲu/,*/kˈɑrtɑ/,*/kˈortɑ/,*/kˈortu/,*/kˌɑsˈilːu/,*/kˌy/,*/kˈetu/,*/kˈys/,,,,,,,,*/lˈɑku/,*/lˌɑŋɡˈoɲu/,*/lˌɑŋɡɪ̯ˈørɑ/,*/lˌɑŋɡˈørɪ/,,,,,,,,,,,,,,,,,,,,,,,,,,,,,,,,,,,,,,,,,,,,,,,,,,,,,,,,,,,,,,,,,,,,,,,,,,,,,,,,,,,,,,,,,,,,,,,,,,,,,,,,,,,,,,,,,,,,,,,,,,,,,,,,,,,,,,,,,,,,,,,,,,,,,,,,,,,,,,,,,,,,,,,,,,,,,,,,,,,,,,,,,,,,,,,,,,,,,,,,,,,,,,,,,,,,,,,,,,,,,,,,,,,,,,,,,,,,,,,,,,,,,,,,,,,,,,,,,,,,,,,,,,,,,,,,,,,,,,,,,,,,,,,,,,,,,,,,,,,,,,,,,,,,,,,,,,,,,,,,,,,,,,,,,,,,,,,,,,,,,,,,,,,,,,,,*/sˌɑŋɡuɲˈɑtɑ/,,,,,,,,,,,,,,,,,,*/sˌɛkˈoɲu/,,,,,,,,,,,,,,,,,,,,,,,,,,,,,,,,,,,,,,,,*/skˈɑtu/,,,,,,,,,,,,,,,,,,,,,,,,,,,,,,,,,,,,,,,,,,,,,,,,,,,,,,,,,,,,,,,,,,,,,,,,,,,,,,,,,,,,,,,,,,,,,,,,,,,,,,,,,,,,,,,,,,,,,,,,,,,,,,,,,,,,,,,,,,,,,,,,,,,,,,,,,,,,,,,,,,,,,,,,,,,,,,,,
R135,,,,,,,,,,,,,,,,,,,,,,,,,,,,,,,,,,,,,,,,,,,,,,,,,,,,,,*/ˌɑwrːɪ̯ˈolu/,,,,,,,,,,,,,,,,,,,,,,,,,,,,,,,,,,,,,,,,,,,,,,,,,,,,,,,,,,,,,,,,,,,,,,,,,,,,,*/ˌɛskˌɑrd͡ʒɪ̯ˈoɲu/,,,,,,,,,,,,,,,,,,,,,,,,,,,,,,,,,,,,,,,,,,,,,,,,,,,,,,,,,,,,,,,,,,,,,,,,,,,,,,,,,,,,,,,,,,,,,,,,,,,,,,,,,,,,,,,,,,,,,,,,,,,,,,,,,,,,,,,,,,,,,,,,,,,,,,,,,,,,,,,,,,,,,,,,,,,,,,,,,,,,,,,,,,,,,,,,,,,,,,,,,,,,,,,,,,,,,,,,,,,,,,,,,,,,,,,,,,,,,,,,,,,,,,,,,,,,,,,,,,,,,,,,,,,,,,,,,,,,,,,,,,,,,,,,,,,,,,,,,,,,,,,,,,,,,,,,,,,,,,,,,,,,,,,,,,,,,,,,,,,,,,,,,,,,,,,,,,,,,,,*/krˌestɪ̯ˈɑnɑ/,,,,,,,,,,,,,,,,,,,,,*/kˌurt͡ʃɪ̯ˈoɲu/,,,,,,,,,,,,,,,,,,,,,,,,,,,,,,,,,,,,,,,,,,,,,,,,,,,,,,,,,,,,,,,,,,,,,,,,,,,,,,,,,,,,,,,,,,,,,,,,,,,,,,,,,,,,,,,,,,,,,,*/mˌɛrɪd͡ʒɪ̯ˈoɲu/,,,,,,,,,,,,,,,,,,,,,,,,,,,,,,,,,,,,,,,,,,,,,,,,,,,,,,,,,,,,,,,,,,,,,,,,,,,,,,,,,,,,,,,,,,,,,,,,,,,,,,,,,,,,,,,,,,,,,,,,,,,,,,,,,,,,,,,,,,,,,,,,,,,,,,,,,,,,,,,,,,,,,,,,,,,,,,,,,,,,,,,,,,,,,,,,,,,,,,,,,*/ˌɑrrˌɑt͡ʃɪ̯ˈonɪ/,,,,,,,,,,,,,,,,,,,,,,,,,,,,,,,,,,,,,,,,,,,,,,,,,,,,,,,,,,,,,,,,,,,,,,,,,,,,,,,,,,,,,,,,,,,,,,,,,,,,,,,,,,,,,,,,,,,,,,,,,,,,,,,,,,,,,,,,,,,,,,,,,,,,,,,,,,,,,,,,,,,,,,,,,,,,,,,,,,,,,,,,,,,,,,,,,,,,,,,,,,,,,,,,,,,,,,,,*/tˌurt͡ʃɪ̯ˈoɲu/,,,,,,,,,,,,,,,,,,,,,,,,,,,,,,,,,,,,,,,,,,,,,,,,,,,,,,,,,,,,,,,,,,,,,,,,,
R136,,,,,,,,,,,,,,,,,,,,,,,,,,,,,,,,,,,,,,,,,,,,,,,,,,,,,,,,,,,,,,,,,,,,,,,,,,,,,,,,,,,,,,,,,,,,,,,,,,,,,,,,,,,,,,,,,,,,,,,,,,,,,,,,,,,,,,,,,,,,,,,,,,,,,,,,,,,,,,,,*/ˌewɑnɟɪ̯ˈɛlu/,,,,,,,,,,,,,,,,,,,,,,,,,,,,,,,,,,,,,,,,,,,,,,,,,,,,,,,,,,,,,,,,,,,,,,,,,,,,,,,,,,,,,,,,,,,,,,,,,,,,,,,,,,,,,,,,,,,,,,,,,,,,,*/ˌempɪrɪ̯ˈɑtu/,*/ˌimpɪrɪ̯ˈɑtor/,,,,,,,,,,,,,,,,,,,,,,,,,,,,,,,,,,,,,,,,,,,,,,,,,,,,,,,,,,,,,,,,,,,,,,,,,,,,,,,,,,,,,,,,,,,,,,,,,,,,,,,,,,,,,,,,,,,,,,,,,,,,,,,,,,,,,,,,,,,,,,,,,,,,,,,,,,,,,,,,,,,,,,,,,,,,,,,,,,,,,,,,,,,,,,,,,,,,,,,,,,,,,,,,,,,,,,,,,,,,,,,,,,,,,,,,,,,,,,,,,,,,,,,,,,,,,,,,,,*/lˌɑvɪkɪ̯ˈɑru/,,,,,,,,,,,,,,,,,,,,,,,,,,,,,,,,,,,,,,,,,,,,,,,,,,,,,,,,,,,,,,,,,,,,,,,,,,,,,,,,,,,,,,,,,,,,,,,*/mˌirɪ̯ˈɑkulu/,,,,,,,,,,,,,,,,,,,,,,,,,,,,,,,,,,,,,,,,,,,,,,,,,,,,,,,,,,,,,,,,,,,,,,,,,,,,,,,,,,,,,,,,,,,,,,,,,,,,,,,,,,,,,,,,,,,,,,,,,,,,,,,,,,,,,,,,,,,,*/pˌulːɪkɪ̯ˈɑrɪ/,,,,,,,,,,,,,,,,,,,,,,,,,,,,,,,,,,,,,,,,,,,,,,,,,,,,,,,,,,,,,,,,,,,,,,,,,,,,,,,,,,,,,,,,,,,,,,,,,,,,,,,,,,,,,,,,,,,,,,,,,,,,,,,,,,,,,,,,,,,,,,,,,,,,,,,,,,,,,,,,,,,,,,,,,,,,,,,,,,*/spərɪ̯ˈɑt͡ʃɑ/,,,,,,,,,,,,,,,,,,,,,,,,,,,,,,,,,,,,,,,,,,,,,,,,,,,,,,,,,,,,,,,,,,,,,,,,,,,,,,,,,,,,,,,,,,,,,,,,,,,,,,,,,,,,,,,,,,,,,,,,,,,,,,,,,,,,,,,,,,,,,,,,,,,,,,,,,,,,,,,,,,
R137,,,,,,,,,,,,,,,,,,,,,,,,,,,,,,,,,,,,,,,,,,,,,,,,,,,,,,,,,,,,,,,,,,,,,,,,,,,,,,,,,,,,,,,,,,,,,,,,,,,,,,,,,,,,,,,,,,,,,,,,,,,,,,,,,,,,,,,,,,,,,,,,,,,,,,,,,,,,,,,,,,,,,,,,,,,,,,,,,,,,,,,,,,,,,,,,,,,,,,,,,,,,,,,,,,,,,,,,,,,,,,,,,,,,,,,,,,,,,,,,,,,,,,,,,,,,,,,,,,,,,,,,,,,,,,,,,,,,,,,,,,,,,,,,,,,,,,,,,,,,,,,,,,,,,,,,,,,,,,,,,,,,,,,,,,,,,,,,,,,,,,,,,,,,,,,,,,,,,,,,,,,,,,,,,,,,,,,,,,,,,,,,,,,,,,,,,,,,,,,,,,,,,,,,,,,,,,,,,,,,,,,,,,,,,,,,,,,,,,,,,,,,,,,,,,,,,,,,,,,,,,,,,,,,,,,,,,,,,,,,,,,,,,,,,,,,,,,,,,,,,,,,,,,,,,,,,,,,,,,,,,,,,,,,,,,,,,,,,,,,,,,,,,,,,,,,,,,,,,,,,,,,,,,,,,,,,,,,,,,,,,,,,,,,,,,,,,,,,,,,,,,,,,,,,,,,,,,,,,,,,,,,,,,,,,,,,,,,,,,,,,,,,,,,,,,,,,,,,,,,,,,,,,,,,,,,,,,,,,,,,,,,,,,,,,,,,,,,,,,,,,,,,,,,,,,,,,,,,,,,,,,,,,,,,,,,,,,,,,,,,,,,,,,,,,,,,,,,,,,,,,,,,,,,,,,,,,,,,,,,,,,,,,,,,,,,,,,,,,,,,,,,,,,,,,,,,,,,,,,,,,,,,,,,,,,,,,,,,,,,,,,,,,,,,,,,,,,,,,,,,,,,,,,,,,,,,,,,,,,,,,,,,,,,,,,,,,,,,,,,,,,,,,,,,,,,,,,,,,,,,,,,,,,,,,,,,,,,,,,,,,,,,,,,,,,,,,,,,,,,,,,,,,,,,,,,,,,,,,,,,,,,,,,,,,,,,,,,,,,,,,,,,,,,,,,,,,,,,,,,,,,,,,,,,,,,,,,,,,,,,,,,,,,,,,,,,,,,,,,,,,,,,,,,,,,,,,,,,,,,,,,,,,,,,,,,,,,,,,,,,,,,,,,,,,,,,,,,,,,
R138,,,,,,,,,,,,,,,,,,,,,,*/ˌɑltˈerɪ/,,,,,*/ˈemɪtɑ/,,,*/ˈenɟɪlu/,,,,,,,,,,,,,,,,,,,,,,,,*/ˌɑwrːˈølu/,,,,,,,,,,,,,,*/brˈecɪ/,,,,,,,,,,,,,,,,,,,,,,,,,,,*/dˌesˌiðˈirɑ/,,,,,,,,,,,,,,,,*/drˈecɪ/,,,,,,,,,,,,,,,,,,,,*/ˌɛskˌɑrd͡ʒˈøɲu/,,,,,,,,,,,,,,,,,,,*/ˌɛlˈiɟɪɪ̯ɑ/,,,,,,,*/ˈirɪcju/,,,*/ˌewɑnɟˈilu/,,,,,,,,,,,,,,,,,,,,,,,,,,,,,,,,,*/fˌeʎˈestɪr/,,,,,,,,,,,,,,,,,,,,,,,,,,,,,*/flˌektˈerɪ̯ɑ/,,,*/fˌonːˈeru/,,,,,,,,*/ɡˈelbɪnu/,,,*/ɡˈelːɪ/,,,,,,,,*/ɡˈintɪ/,,,,,,,,,*/ɡrˈiɟɪ/,*/ɡrˈimu/,,,,,,,,,,,,,*/hˈinːɪkulɑ/,,,,,,*/jˌɑːnnˈeru/,,,,,,,,,,,,*/ˌempɪrˈetu/,*/ˌimpɪrˈetor/,,,,,,,,,,,,,,,,,,,,,,,,,,,,,,,,,,,,,,,,,,,,,,,,,,,,,,,,,,,,,*/kˈelɪcɪ/,*/kˌɑlcˈerɪ̯ɑ/,*/kˈelːɪ/,,,,,,,,,*/kˈenɪ/,,,,,,,,,,,,,,,*/kˈepru/,,*/kˈerːjɛ/,,,,,*/kˈerrɪ/,,,,*/kˈesɪnɑ/,,,,,,,,*/kˈintɪ/,,,,,,,,,,,,,,,,,,,,,,,*/kˌyːtˈetɪ/,,,,,,,,,,,,,,*/kˌuˌerˈiðɪ/,,,,,,,,,*/kˌulumnˈet͡ʃɑ/,,,,,,,,,,,,,,,,,,,,,,,,,,,,,,,,,,,,,,,,,,,,,*/krˌɛjˈet͡ʃɑ/,,,,,,,*/krˌestˈenɑ/,*/krˌestntˈelɪ/,,,,,,,,,,,,,,,,,,,,*/kˌurt͡ʃˈøɲu/,,,,,,,,,,,,,*/kˈipru/,,,,,,,,*/lˌɑŋɡˈyrɑ/,,*/lˌɑncjˈerɪ̯ɑ/,,,,,,,,,,*/lˌɑvɪkˈeru/,,*/lˈiɟɪ/,,,,,,,,,,,,,,,,,,,,,,,,,,,,,,,,,*/mˌɑjˈerɪ̯ɑ/,,,,,,,,,,,,,,,,,,,,,,,,,,*/mˌɑrtˈet͡ʃɑ/,,,,,,,,,,,,,,,,,,,,,,,,*/mˌɛrɪd͡ʒˈøɲu/,,,*/mˌɛrcˈeru/,,,,,,,*/mˌirˈekulu/,,,,*/mɪsɪrˈerɪ/,*/mɪsˈirɑ/,,,,,,,,,,,,,,,,,,,,,,,,,,,,,,,,,,,,,,,,,,,,*/ˈøpɪrɑ/,,,,,*/ˈørðɪnɪ/,,,,,,,,,,*/pˌɛntˈit͡ʃɑ/,,,,,,,,,,,,,,,,,*/pərˈintɪ/,,,,,,,,,,,,,,,,,,,,,,,,,,,,,,,,,,,,,,,,,,,,*/pɪstˈerɪ̯ɑ/,,,,,,,,,,,,,,,*/pˌulːɪkˈerɪ/,,,,,,,,,,,,,*/pˌustˈetɪ/,,,,,,,,,,,,,,,,,,,,,,,,,,,,*/rˈed͡ʒɑ/,,,,,,,,,,*/ˌɑrrˌɑt͡ʃˈønɪ/,,,,,,,,,,,,,,,,,,,,,,,,,,,,,,,,,,,,,,,,,,,*/sˈelɪcjɛ/,*/sˈelɪkɑ/,*/sˈelɪncɪɛ/,*/sˌelɪcˈetu/,*/sˌelˈinɑ/,*/sˌelˈiɲu/,,*/sˌelbˈɑt͡ʃɑ/,*/sˌelbˈɛlːɑ/,,*/sˌɑntˈetɪ/,,,,*/sˌɑntrɪnˌitˈetɪ/,,,,,,,,,,,,*/sˌelɪcɪnˈoru/,*/sˌermˈɛntu/,,,,,*/sˈit͡ʃɑ/,*/sˈirɟɪu/,,,,,,,,,,,,,,,,,,*/sɟˈebjɛ/,,,,,,,,,,,,,*/sɟˈyrɑ/,,,,,,,,,,,,,,,,,,,,*/spərˈet͡ʃɑ/,,,,,,,,,,,*/stˈetɪ/,,,,,,,,,,,,,,,,,,,,,,*/sˌupɪrkˌɑðˈelɪ/,,,,,,,,,,,,,*/tˈiɡmɪnɪ/,,,,,,,,,*/tˈist͡ʃɑ/,,,,,,,,,,,,,,,,,,,,,,,,,,,,,,,,,,*/tˌurt͡ʃˈøɲu/,,,,,,,,,,,,,,,,,,,,,,,,,,,,*/βˌelˈet͡ʃɑ/,,,,,,,*/βˌertˈetɪ/,,,,,,,,,,,,,,,,,,,,,,,,,,,,,,,,,,,,*/βˌuluntˈetɪ/,,
R139,,,,,,,,,,,,,,,,,,,,,,,,,,,,,,,,,,,,,,,,,,,,,,,,,,,,,,,,,,,,,,,,,,,,,,,,,,,,,,,,,,,,,,,,,,,,,,,,,,,,,,,,,,,,,,,,,,,,,,,,,,,,,,,,,,,,,,,,,,,,,,,,,,,,,,*/ˌɛlˈiɟɪjɑ/,,,,,,,,,,,,,,,,,,,,,,,,,,,,,,,,,,,,,,,,,,,,,,,,,,,,,,,,,,,*/fˌurnɪcˈijɑ/,,,,,,,,,,,,,*/flˌektˈerjɑ/,,*/fˌulcˈijɑ/,,,,,,,,,,,,,,,,,,*/ɡˌenˈijɑ/,,,,,,,,,,,,,,,,,,,,,,,,,,,,,,,,,,,,,,,,,,,,,,,,,,,,,,,,,,,,,,,,,,,,,,,,,,,,,,,,,,,,,,,,,,,,,,,,,,,,,,,,,,*/kˌɑlcˈerjɑ/,,,,,,,,,,,,,,,,,,,,,,,,,,,,,,,,,,,,,,,,,,,,,,,,,,,,,,,,,,*/kkˈorjɑ/,,,,,,,,,,,,,,,,,,,,,,,,,,,,,,,*/kˌulumbɪnˈijɑ/,,,,,,,,,,,,,,,,,,,,,,,,,,,,,,,,,,,,,,,,,,,,,,,*/krˌɛjɑtˈyrɑ/,,,,,,,,,,,,,,,,,,,,,,,,,,,,,,,,,,,,,,,,,,,,,,,,,,*/lˌɑncjˈerjɑ/,*/lˌɑpˈɑtjɑ/,,,,,,,,,,,,,,,,,,,,,,,,,,,,,,,,,,,,,,,,,*/mˌɑɟˈijɑ/,,,*/mˌɑjˈerjɑ/,,,,,,,,,,,,,,,,,,,,,*/mˌɑrˈijɑ/,,,,,,,,,,,,,,,,,,,,,,,,,,,,,,,,,,,,,,,,,,,,,,,,,,,,,,,,,,,,,,,,,,,,,,,*/nkˌɑrðˌulːˈicjɑ/,,,,,,,,,,,,,,,,,,,,,,,,,,,,,,,,,,,,,,,,,,,,,,,,,,,,,,,,,,,,,,,,,,,,,,,,,,,,,,,,,,,,,,,,,,,,,*/pɪstˈerjɑ/,,,,,,,,,,,,,,,,,,,,,*/pˌurrɪnˈijɑ/,,,,,,,,,,,,,,,,,,,,,,,,,,,,,,,,,,,,,,,,,,,,,,,,,,,,,,,,,,,,,,,,,,,,,,,,,,,,,,,,,,,,,,,,,,,,,,,,,,,,,,,,,,*/sˌɑɲtuˌɑndrˈejɑ/,,,,,,,,,,,,,,,,,,,,,,,,,,,,,,,,,,,,,,,,,,,,,,,,,,,,,,,*/sˈocjɑ/,,,,,,,,*/sˌurtɪlɪɟˈijɑ/,,,,,,,,,,,,,,,,,,,,,,,,,,,,,,,*/sˌubtɪrrˌɑnˈijɑ/,,,,,,,,,,,,,,,,,,,,,,,,,,,,,,,,,,,,,,,,,,,,,,,,,,,,,,,,,,,,,,,,,,,,,,,,,,,,,,,,,,,,,,,,,,,,,,,,,,,,,,,,,,,*/βˈijɑ/,,,*/βˈicjɑ/,,*/βˌeçtˈorjɑ/,,,,,,,,,,,,,,,,,,,,,,
R140,,,,,,,,,,,,,,,,,,,,,,,,,,,,,,,,,,,,,,,,,,,,,,,,,,,,,,,,,,,,,,,,,,,,,,,,,,,,,,,,,,,,,,,,,,,,,,,,,,,,,,,,,,,*/dˌizbˌulːˈoɲu/,,,,,,,,,,,,,,,,,,,,,,,,,,,,,,,,*/ˌɛzmˈuʎɑ/,,,,,,,,,,*/ˌɛzbeɟɪlˈoɲu/,,,,,,,,,,,,,,,,,,,,,,,,,,,,,,,,,,,,,,,,,,,,,,,,,,,,,,,,,,,,,,,,,,,,,,,,,,,,,,,,,,,,,,,,,,,,,,,,,,,,,,,,,,,,,,,,,,,,,,,,,,,,,,,,,,,,,,,,,,,,,,,,,,,,,,,,,,,,,,,,,,,,,,,,,,,,,,,,,,,,,,,,,,,,,,,,,,,,,,,,,,,,,,,,,,,,,,,,,,,,,,,,,,,,,,,,,,,,,,,,,,,,,,,,,,,,,,,,,,,,,,,,,,,,,,,,,,,,,,,,,,,,,,,,,,,,,,,,,,,,,,,,,,,,,,,,,,,,,,,,,,,,,,,,,,,,,,,,,*/krˈezmɑ/,*/krˌezmˈoɲu/,,,,,,,,,,,,,,,,,,,,,,,,,,,,,,,,,,,,,,,,,,,,,,,,,,,,,,,,,,,,,,,,,,,,,,,,,,,,,,,,,,,,,,,,,,,,,,,,,,,,,,,,,,,,,,,,,,,,,,,,,,,,,,,,,,,,,,,,,,,,,,,,,,,,,,,,,,,,,,,,,,,,,,,,,,,,,,,,,,,,,,,,,,,,,,,,,,,,,,,,,,,,,,,,,,,,,,,,,,,,,,,,,,,,,,,,,,,,,,,,,,,,,,,,,,,,,,,,,,,,,,,,,,,,,,,,,,,,,,,,,,,,,,,,,,,,,,,,,,,,,,,,,,,,,,,,,,,,,,,,,,,,,,,,,,,,,,,,,,,,,,,,,,,,,,,,,,,,,,,,,,,,,,,,,,,,,,,,,,,,,,,,,,,,,,,,,,,,,,,,,,,,,,,,,,,,,,,,,,,,,,,,,,,,,,,,,,,,,,,,,,,,,,,,,,,,,,,,,,,,,,,,,,,,,,,,,,,,,,,,,,,,,,,,,,,,,,,,,,,,,,,,,,,,,,,,,,,,,,,,,,,,,,,,,,,,,,,,,,,,,,,,,,,*/trˌɑzmˌɛd͡ʒˈoɲu/,,,,,,,,,,,,,,,,,,,,,,,,,,,,,,,,,,,,,,,,,,,,,,,,,,,,,,,,,,,,,,,,,,,,,,,,,,,,,,,,,,,,,
R141,,,,,,,,,,,,,,,,,,,,,,,,,,,,,,,,,,,,,,,,,,,,,,,,,,,,,,,,,,,,,,,,,,,,,,,,,,,,,,,,,,,,,,,,,,,,,,,,,,,,,,,,,,,,,,,,,,,,,,,,,,,,,,,,,,,,,,,,,,,,,,,,,,,,,,,,,,,,,,,,,,,,,,,,,,,,,,,,,,,,,,,,,,,,,,,,,,,,,,,,,,,,,,,,,,,,,,,,,,,,,,,,,,,,,,,,,,,,,,,,,,,,,,,,,,,,,,,,,,,,,,,,,,,,,,,,,,,,,,,,,,,,,,,,,,,,,,,,,,,,,,,,,,,,,,,,,,,,,,,,,,,,,,,,,,,,,,,,,,,,,,,,,,,,,,,,,,,,,,,,,,,,,,,,,,,,,,,,,,,,,,,,,,,,,,,,,,,,,,,,,,,,,,,,,,,,,,,,,,,,,,,,,,,,,,,,,,,,,,,,,,,,,,,,,,,,,,,,,,,,,,,,,,,,,,,,,,,,,,,,,,,,,,,,,,,,,,,,,,,,,,,,,,,,,,,,,,,,,,,,,,,,,,,,,,,,,,,,,,,,,,,,,,,,,,,,,,,,,,,,,,,,,,,,,,,,,,,,,,,,,,,,,,,,,,,,,,,,,,,,,,,,,,,,,,,,,,,,,,,,,,,,,,,,,,,,,,,,,,,,,,,,,,,,,,,,,,,,,,,,,,,,,,,,,,,,,,,,,,,,,,,,,,,,,,,,,,,,,,,,,,,,,,,,,,,,,,,,,,,,,,,,,,,,,,,,,,,,,,,,,,,,,,,,,,,,,,,,,,,,,,,,,,,,,,,,,,,,,,,,,,,,,,,,,,,,,,,,,,,,,,,,,,,,,,,,,,,,,,,,,,,,,,,,,,,,,,,,,,,,,,,,,,,,,,,,,,,,,,,,,,,,,,,,,,,,,,,,,,,,,,,,,,,,,,,,,,,,,,,,,,,,,,,,,,,,,,,,,,,,,,,,*/zɟˈebjɛ/,,,,,,,,,,,,,*/zɟˈyrɑ/,,,,,,,,,,,,,,,,,,,,,,,,,,,,,,,,,,,,,,,,,,,,,,,,,,,,,,,,,,,,,,,,,,,,,,,,,,,,,,,,,,,,,,,,,,,,,,,,,,,,,,,,,,,,,,,,,,,,,,,,,,,,,,,,,,,,,,,,,,,,,,,,,,,,,,,,,,,,,,,,,,,,,,,,,,,,,,,,,,,,,,
R142,,,,,,,,,,,,,,,,,,,,,,,,,,,,,,,,,,,,,,,,,,,,,,,,,,,,,,,,,,,,,,*/bˌɑttˈɑʎɑ/,*/bˌɑttˈɑʎɑ/,,,,,,,,,,,,,,,,,,,,,,,,,,,,,,,,,,,,,,,,,,,,,,,,,,,,,,,,,,,,,,,,,,,,,,,,,,,,,,,,,,,,,,,,,,,,,,,,,,,,,,,,,,,,,,,,,,,,,,,,,,,,,,,,,,,,,,,,,,,,,,,,,,,,,,,,,,,,,,,,,,,,,,,,,*/fˈutu/,,,,,,,,,,,,,,,,,,,,,,,,,,,,,,,,,,,,,,,,,,,,,,,,,,,,,,,,,,,,,,,,,,,,,,,,,,,,,,,,,,,,,,,,,,,,,,,,,,,,,,,,,,,,,,,,,,,,,,,,,,,,,,,,,,,,,,,,,,,,,,,,,,,,,,,,,,,,,,,,,,,,,,,,,,,,,,,,,,,,,,,,,,,,,,,,,,,,,,,,,,,,,,,,,,,,,,,,,,,,,,,,,,,,,,,,,,,,,,,,,,,,,,,,,,,,,,,,,,,,,,,,,,,,,,,,,,,,,,,,,,,,,,,,,,,,,,,,,,,,,,,,,,,,,,,,,,,,,,,,,,,,,,,,,,,,,,,,,,,,,,,,,,,,,,,,,,,,,,,,,,,,,,,,,,,,,,,,,,,,,,,,,,,,,,,,,,,,,,,,,,,,,,,,,,,,,,,,,,,,,,,,,,,,,,,,,,,,,,,,,,,,,,,,,,,,,,,,,,,,,,,,,,,,,,,,,,,,,,,,,,,,,,,,,,,,,,,,,,,,,,,,,,,,,,,,,,,,,,,,,,,,,,,,,,,,,,,,,,,,,,,,,,,,,,,,,,,,,,,,,,,,,,,,,,,,,,,,,,,,,,,,,,,,,,,,,,,,,,,,,,,,,,,,,,,,,,,,,,,,,,,,,,,,,,,,,,,,,,,,,,,,,,,,,,,,,,,,,,,,,,,,,,,,,,,,,,,,,,,,,,,,,,,,,,,,,,,,,,,,,,,,,,,,,,,,,,,,,,,,,,,,,,,,,,,,,,,,,,,,,,,,,,,,*/sˌɑwˈiʎɑ/,,,,,,,,,,,,,,,,,,,,,,,,,,,,,,,,,,,,,,,,,,,,,,,,,,,,,,,,,,,,,,,,,,,,,,,,,,,,,,,,,,,,,,,,,,,,,,,,,,,,,,,,,,,,,,,,,,,,,,*/βˈiçtɑʎɑ/,,,,,,,,,,,,,,,,,,,,,
R143,,,,,,,,,,,,,,,,,,,,,,,,,,,,,,,,,,,,,,,,,,,,,,,,,,,,,,,,,,,,,,,,,,,,,,,,,,,,,,,,,,,,,,,,,,,,,,,,,,,,,,,,,,,,,,,,,,,,,,,,,,,,,,,,,,,,,,,,,,,,,,,,,,,,,,,,,,,,,,,,,,,,,,,,,,,,,,,,,,,,,*/fˌiðjˈolɑ/,,,,,,,,,,,,,,,,,,,,,,,,,,,,,,,,,,,,,,,,,,,,,,,,,,,,,,,,,,,,,,,,,,,,,,,,,,,,,,,,,,,,,,,,,,,,,,,,,,,,,,,,,,,,,,,,,,,,,,,,,,,,,,,,,,,,,,,,,,,,,,,,,,,,,,,,,,,,,,,,,,,,,,,,,,,,,,,,,,,,,,,,,,,,,,,,,,,,,,,,,,,,,,,,,,,,,,,,,,,,,,,,,,,,,,,,,,,,,,,,,,,,,,,,,,,,,,,,,,,,,,,,,,,,,,,,,,,,,,,,,,,,,,,,,,,,,,,,,,,,,,,,,,,,,,,,,,,,,,,,,,,,,,,,,,,,,,,,,,,,,,,,,,,,,,,,,,,,,,,,,,,,,,,,,,,,,,,,,,,,,,,,,,,,,,,,,,,,,,,,,,*/mˌɑðjˈolɑ/,,,,,,,,,,,,,,,,,,,,,,,,,,,,,,,,,,,,,,,,,,,,,,,,,,,,,,,,,,,,,,,,,,,,,,,,,,,,,,,,,,,,,,,,,,,,,,,,,,,,,,,,,,,,,,,,,,,,,,,,,,,,,,,,,,,,,,,,,,,,,,,,,,,,,,,,,,,,,,,,,,,,,,,,,,,,,,,,,,,,,,,,,,,,,,,,,,,,,,,,,,,,,,,,,,,,,,,,,,,,,,,,,,,,,,,,,,,,,,,,,,,,,,,,,,,,,,,,,,,,,,,,,,,,,,,,,,,,,,,,,,,,,,,,,,,,,,,,,,,,,,,,,,,,,,,,,,,,,,,,,,,,,,,,,,,,,,,,,,,,,,,,,,,,,,,,,,,,,,,,,,,,,,,,,,,,,,,,,,,,,,,,,,,,,,,,,,,,,,,,,,,,,,,,,,,,,,,,,,,,,,,,,,,,,,,,,,,,,,,,,,,,,,,,,,,,,,,,,,,,,,,,,,,,,,,,,,,,,,,,,,,,,,,,,,,,,,,,,,,,,,,,,,,,,,,,,,,,,,,,,,,,,,,,,,,,,,,,
R144,*/hˌɑvˌɛrrˈoɲu/,,,,,,,,,,,,,,,,,,,,,,,,,,,,,,,,,,,,,,,,,,,*/hˌɑrmɪssˈoru/,,,,,,,,,,,,,,,,,,,,,,,,,,,,,,,,,,,,,,,,,,,,,,,,,,,,,,,,,,,,,,,,,,,,,,,,,,*/hˌeðˌektˈoɲu/,,,,,,,,,,,,,,,,,,,,,,,,,,,*/hˌɛrˌimˈoɲu/,,,,,,,,,,,,,,,,,,,,,,,,,,,,,,,,,,,,,,,,,,,,,,,,,,,,,,,,,,,,,,,,,,,,,,,,,,,,,,,,,,,,,,,,,,,,,,,,,,,,,,,,,,,,,,,,,,,,,,,,,,,,,,,,,,,,,,,,,,,,,,,,,,,,,,,,,,,,,,,,,,,,,,,,,,,,,,,,,,,,,,,,,,,,,,,,,,,,,,,,,,,,,,,,,,,,,,,,,,,,,,,,,,,,,,,,,,,,,,,,,,,,,,,,,,,,,,,,,,,,,,,,,,,,,,,,,,,,,,,,,,,,,,,,,,,,,,,,,,,,,,,,,,,,,,,,,,,,,,,,,,,,,,,,,,,,,,,,,,,,,,,,,,,,,,,,,,,,,,,,,,,,,,,,,,,,,,,,,,,,,,,,,,,,,,,,,,,,,,,,,,,,,,,,,,,,,,,,,,,,,,,,,,,,,,,,,,,,,,,,,,,,,,,,,,,,,,,,,,,,,,,,,,,,,,,,,,,,,,,,,,,,,,,,,,,,,,,,,,,,,,,,,,,,,,,,,,,,,,,,,,,,,,,,,,,,,,,,,,,,,,,,,,,,,,,,,,,,,,,,,,,,,,,,,,,,,,,,,,,,,,,,,,,,,,,,,,,,,,,,,,,,,,,,,,,,,,,,,,,,,,,,,,,,,,,,,,,,,,,,,,,,,,,,,,,,,,,,,,,,,,,,,,,,,,,,,,,,,,,,,,,,,,,,,,,,,,,,,,,,,,,,,,,,,,,,,,,,,,,,,,,,,,,,,,,,,,,,,,,,,,,,,,,,,,,,,,,,,,,,,,,,,,,,,,,,,,,,,,,,,,,,,,,,,,,,,,,,,,,,,,,,,,,,,,,,,,,,,,,,,,,,,,,,,,,,,,,,,,,,,,,,,,,,,,,,,,,,,,,,,,,,,,,,,,,,,,,,,,,,,,,,,,,,,,,,,,,,,,,,,,,,,,,,,,,,,,,,,,,,,,,,,,,,,,,,,,,,,,,,,,,,,,,,,,,,,,,,,,,,,,,,,,,,,,,,,,
R145,,,,,,,,,,,,,,,,,,*/ˈɑlbɑ̃ɾ̃u/,,,,,,,,,,,,,,,,,,,,,,,,,,,,,,,,,,,,,,,,,,,,,,,,,,,,,,,,,,,,,,,,*/dˈɛmɑ̃ɾ̃ɪ/,,,,,,,,,*/dˌepˌɑ̃ɾ̃ɪtrˈoɲu/,,,,,,,,,,,,,,,,,,,,,,,,,,,,,,*/ˌɛsˈemɑ̃ɾ̃ɑ/,,*/ˌɛsˌɑ̃ɾ̃ɪmˈoɲu/,,*/ˌɛsɑ̃ɾ̃urˈoɲu/,,,,,,,,,,,,,,,,,,,,,,,,,,,,,,,,,,,,,,,,,,,,,,,,,,,,,,,,,,,,*/fˈemɑ̃ɾ̃ɑ/,,,,,,,,,,,,,,,,,,,,,,,,,,,,,*/frˈɑksɑ̃ɾ̃u/,,,,,,,,,,,,,,,,,,,*/ɡˈelbɑ̃ɾ̃u/,,,,,,,,,,,,,,,,,,,,,,,,,,,,,,,,,,,,,,,,,,,,,,,,,,,,,,,,,,,,,,,,,,,,,,,,,*/ˌɑ̃ɾ̃ɪmˈiku/,,,,,,,,*/kˈuðɑ̃ɾ̃ɪ/,,,,,,,,,,,,,,,,,,,,,,,,,,,,,,,,,,,,,,,,,,,,,,,,,,,,,,,,,,,,,,,,,,,,,,*/kˈesɑ̃ɾ̃ɑ/,,,,,,,,,,,,,,,,,,,,,,,,,,,,,,,,,,,*/klˈɑwɑ̃ɾ̃u/,,,,,,,,,,,,,,,,,,,,,,,,,,,,*/kˌummɑ̃ɾ̃ɪkˈoɲu/,,,,,,,,,,,,,,,,,,,,,,,,,,,,,,,,,,,,,,,,,,,,,,,,,,,,,,,,,,,,,,,,,,,,,,,,,,,,,,,,,,,,,,,,,,,,,,,,,,,,,,,,,,,,,,,,,,,,,,,,,,,,,,,,,,,,,,,,,,,,,,,,,,,,,,*/mˈɑncɑ̃ɾ̃u/,,*/mˈɑrɟɑ̃ɾ̃ɪ/,,,,,,,,,,,,,,,,,,,,,,,,,,,,,,,,,,,,,,,*/mˌɑ̃ɾ̃ɪstrˈoɲu/,,,,,,,,,,,,,,,,,,,,,,,,,,,,,,,,,,,,,,,,,,,,,,,,,*/ˌulˈiwɑ̃ɾ̃u/,,,,,,*/ˈørðɑ̃ɾ̃ɪ/,,*/ˈorfɑ̃ɾ̃u/,,,,,,,,,,,,,,,,,,,,,,,,,,,,,,,,,,,,,,,,,,,*/pˈɛpɑ̃ɾ̃ɪ/,,,,,,,,,,,,,,,,,,,,,,,,,,,,,,,,,,,,,,,,,,,,,,,,,,,,,,,,,,,,,,,,,,,,,,,,,,,,,,,,,,,,,,,,,,,,,,,,,,,,,,,,*/rˈetɑ̃ɾ̃ɑ/,,*/rˈicɑ̃ɾ̃u/,,,,,,,,,,,,,,,,,,,,,,,,,,,,,,,,,,,,,,,,*/sˌɑ̃ɾ̃ɪtˈɔsu/,,,,,,,,,,,,,,,,,,,,,,,,,,,,,,,,,,,,,,,,,,,,,,,,,,,,,,,,,,,,,,,,,,,,,,,,,,,,,,,,,,,,,,,,*/strˈembɑ̃ɾ̃u/,,,,,,,,,,,,,,,,,,,,,,,,,,,,,,,*/tˈiɡmɑ̃ɾ̃ɪ/,,,,,,,,,,,,,,,,,,,,,,,,,,,,,,,,,,,,,,,,,,,,,,,,,,,,,,,,,,,,,,,,,,,,,,,,,,,,,,,,,,,,,,,,,,,,,,,,,,,*/βˈirɟɑ̃ɾ̃ɪ/,,,,,,,,,,,,,,,,,
R146,,,,,,,,,,,,,,,,,,,*/ˌɑlbɑ̃ɾ̃ˈɛsu/,,,,,,,,,,,,,,,,,,,,,,,,,,,,,,,,,,,,,,,,,,,,,,,,,,,,,,,,,,,,,,,,,,,,,,,,,,,,,,,,,,,,,,,,,,,,,,,,,,,,,,,,,,,,,,,,,,,,,,,,,,,,,,,,,,,,,,,,,,,,,,,,,,,,,,,,,,,,,,*/fˌɑrɑ̃ɾ̃ˈoɲu/,*/fˌɑrɑ̃ɾ̃ˈɑtɑ/,,,,,,,,,,,,,,,,,,,,,,,,,,,,,,,,,,,,,,,,,,,,,,,,,,,,,,,,,,,,,,,,,,,,,,,,,,,,,,,,,,,,,,,,,,,,,,,,*/ɟˌɛjɑ̃ɾ̃ˈoɲu/,,,,,,,,,,,,,,,,,,,,,,,,,,,,,,,,,,,*/ˌenkˌɑwsɑ̃ɾ̃ˈojɲu/,,,,,,,,,,,,,,,,,,,,,,,,,,,,,,,,,,,,,,,,,,,,,,,,,,,,,,,,,,,,,,,,,,,,,,,,,,,,,*/kˌɑstɑ̃ɾ̃ˈɛttu/,,,,,,,,,,,,,,,,,,,,,,,,,,,,,,,,,,,,,,,,,,,,,,,,,,,*/kˌulumbɑ̃ɾ̃ˈijɑ/,,,,,,,,,,,,,,,,,,,,,,,,,,,,,,,,,,,,,,,,,,,,,,,,,,,,,,,,,,,,,,,,,,,,,,,,,,,,,,,,,,,,,,,,,,,,,,,,,,,,,,,,,,,,,,,,,,,,,,,,,,,,,,,,,,,,,,,,,,,,,,,,,,,,,,,,,,,,,,,,,,,,,,,,,,,,,,,,,,,,,,,,,,,,,,,,,,,,,,,,,,,,,,,,,,,,,,,,,,,,,,,,,,,,,,,,,,,,,*/nˌemːɑ̃ɾ̃ˈoɲu/,,,,,,,,,,,,,,,,,*/ˌurðɑ̃ɾ̃ˈoɲu/,*/ˌurðɑ̃ɾ̃ˈɑtɑ/,,,,,,,,,,,,,,,,,,,,,,,,,,,,,,,,,,,,,,,,,,,,,,,,,,,,,,,,,,,,,,,,,,,,,,,,,,,,,,,,,,,,,,,,,,,,,*/pˌurrɑ̃ɾ̃ˈijɑ/,,,,,,,,,,,,,,,,,,,,,,,,,,,,,,,,,,,,,,,,,,,,,,,,,,,,,,,,,,,,,,,,,,,,,,,,,,,,,,,,,,,,,,,,,,,,,,,,,,,,,,,,,,,,,,,,,,*/sˌelɪcɑ̃ɾ̃ˈoru/,,,,,,,,,,,,,,,,,,,,,,,,,,,,,,,,,,,,,,,,,,,,,,,,,,,,,,,,,,,,,,,,,,,,,,,,,,,,,,,,,,,,,,,,,,,,,,,,,,,,,,,,,,,,,,,,,,,,,,,,,,,,,,,,,,,,,,,,,,,,,,,,,,,,,,,,,,,,,,,,,,,,,,,,,,,,,,,,,,,,,,,,,,,,,,,,,,,,,,,,,,,,,,,,,,,,,,,,,,,,
R147,,,,,,,,,,,,,,,,,*/ˌuːsˈuɲɑ/,,,,,,,,,,,,,,,,,,,,,,*/ɔːʷrˈanɑ/,,,,,,,,,,,,,,,,,,,,,,,,,,,,,,,,,,,,,,,,,,,,,,,,,,,,,,,,,,,,,,,,,,,,,,,,,,,,,,,,,,,,,,,,,,,,,,,,,,,,,,,,,,,,,,,,,,,,,,,,,,,,,,,,,,,,,,,,,,,,,,,,,,,,,,,,,,,,,,,,,,,,,,,,,,,,,,,,,,,,,,,,,,,,,,,,,,,,,,,,,,,,,,,,,,,,,,,,,,,,,,,,,,,,,,,,*/ˌuːrrˈeɲu/,,,,,,,,,,,,,,,,,,,,,,,,,,,,,,,,,,,,,,,,,,,,,,,,,,,,,,,,,,,,,,,,,,,,,,,,,,,,,,,,,,,,,,,,,,,,,,,,,,,,,,,,,,,,,,,,,,,,,,,,,,,,,,,,,,,,,,,,,,,,,,,,,,,,,,,,,,,,,,,,,,,,,,,,,,,,,,,,,,,,,,,,,,,,,,,,,,,,,,,,,,,,,,,,,,,,,,,,,,,,,,,,,,,,,,,,,,,,,,,,,,,,,,,,,,,,,,,,,,,,,,,,,,,,,,,,,,,,,,,,,,,,,,,,,,,,,,,,,,,,,,,,,,,,,,,,,,,,,,,,,,,,,,,,,,,,,,,,,,,,,,,,,,,,,,,,,,,,,,,,,,,,,,,,,,,,,,,,,,,,,,,,,,,,,,,,,,,,,,,,,,,,,,,,,,,,,*/ˌuːʎˈɑstru/,,,*/ˌuːlˈiwɑ̃ɾ̃u/,,*/ˌuːrˈoɲu/,,*/ˌuːrðɑ̃ɾ̃ˈoɲu/,*/ˌuːrðɑ̃ɾ̃ˈɑtɑ/,,,,*/ˌuːstˈoɲu/,,,,,,,,,,,,,,,,,,,,,,,,,,,,,,,,,,,,,,,,,,,,,,,,,,,,,,,,,,,,,,,,,,,,,,,,,,,,,,,,,,,,,,,,,,,,,,,,,,,,,,,,,,,,,,,,,,,,,,,,,,,,,,,,,,,,,,,,,,,,,,,,,,,,,,,,,,,,,,,,,,,,,,,,,,,,,,,,,,,,,,,,,,,,,,,,,,,,,,,,,,,,,,,,,,,,,,,,,,,,,,,,,,,,,,,,,,,,,,,,,,,,,,,,,,,,,,,,,,,,,,,,,,,,,,,,,,,,,,,,,,,,,,,,,,,,,,,,,,,,,,,,,,,,,,,,,,,,,,,,,,,,,,,,,,,,,,,,,,,,,,,,,,,,,,,,,,,,,,,,,,,,,*/ˌuːnkˈoɲu/,*/ˌyːntˈyrɑ/,,*/ˌuːrulˈiɲu/,*/ˌuːtrˈinu/,,,,,,,,,,,,,,,,,,,,,,,,,,,,,,,,,,,,,,,,,,,,,,,,,,,,,,
R148,,,,,,,*/ˌɑːðˌurˈoɲu/,*/ˌɑːðorˈɔɲɔ/,,,,,,,,,,,,,*/ˌɑːllɪɡˈorˈiɑ/,,,,,,,,,,,,,,,,,,,,,,,,*/ˌɑːrrˈiwoɲu/,,,,,,,,,,,,,,,,,,,,,,,,,,,,,,,,,,,,,,,,,,,,,,,,,,,,,,,,,,,,,,,,,,,,,,,,,,,,,,,,,,,,,,,,,,,,,,,,,,,,,,,,,,,,,,,,,,,,,,,,,,,,,,,,,,,,,,,,,,,,,,,,,,,,,,,,,,,,,,,,,,,,,,,,,,,,,,,,,,,,,,,,,,,,,,,,,,,,,,,,,,,,,,,,,,,,,,,,,,,,,,,,,,,,,,,,,,,,,,,,,,,,,,,,,,,,,,,,,,,,,*/ˌɑ̃ːɾ̃ɪmˈiku/,,,,,,,,,,,,,,,,,,,,,,,,,,,,,,,,,,,,,,,,,,,,,,,,,,,,,,,,,,,,,,,,,,,,,,,,,,,,,,,,,,,,,,,,,,,,,,,,,,,,,,,,,,,,,,,,,,,,,,,,,,,,,,,,,,,,,,,,,,,,,,,,,,,,,,,,,,,,,,,,,,,,,,,,,,,,,,,,,,,,,,,,,,,,,,,,,,,,,,,,,,,,,,,,,,,,,,,,,,,,,,,,,,,,,,,,,,,,,,,,,,,,,,,,,,,,,,,,,,,,,,,,,,,,,,,,,,,,,,,,,,,,,,,,,,,,,,,,,,,,,,,,,,,,,,,,,,,,,,,,,,,,,,,,,,,,,,,,,,,,,,,,,,,,,,,,,,,,,,,,,,,,,,,,,,,,,,,,,,,,,,,,,,,,,,,,,,,,,,,,,,,,,,,,,,,,,,,,,,,,,,,,,,,,,,,,,,,,,,,,,,,,,,,,,,,,,,,,,,,,,,,,,,,,,,,,,,,,,,,,,,,,,,,,,,,,,,,,,,,,,,,,,,,,,,,,,,,,,,,,,,,,*/ˌɑːrrˌɑt͡ʃˈønɪ/,,,,,,,,,,,,,,,,,,,,,,,,,,,,,,,,,,,,,,,,,,,,,,,,,,,,,,,,,,,,,,,,,,,,,,,,,,,,,,,,,,,,,,,,,,,,,,,,,,,,,,,,,,,,,,,,,,,,,,,,,,,,,,,,,,,,,,,,,,,,,,,,,,,,,,,,,,,,,,,,,,,,,,,,,,,,,,,,,,,,,,,,,,,,,,,,,,,,,,,,,,,,,,,,,,,,,,,,,,,,,,,,,,,,,,,,,,,,,,,,,,,,,,,,,,,,,,,,,,,,,,,,,,,,,,,,,,,,,,,,,,,,,,,,,
R149,,*/bˈeŋnu/,*/bˈeŋɲɑ/,*/blˈɛwoɲɔ/,*/vlˈɔna/,*/vlˌɔɲˈatɔn/,,,,*/rˈemɪ/,*/stɪmˈoɲu/,,,*/cˈiŋɟɪ/,*/kcˈiptu/,*/kcˈiptrɪ/,,,*/lbɑ̃ɾ̃ˈɛsu/,,,*/ltˈerɪ/,*/mbupˌɑtˈinu/,*/mbulˈoɲu/,*/mˈendulɑ/,*/mˈiku/,,*/mˈurɡɑ/,,,*/ɲˈilːɑ/,*/ŋɡˈustu/,*/ŋɡustˈoɲu/,*/ntˈoɲu/,*/nˈulːɑ/,*/ppˌɑrɑmˈɛntu/,*/prˈilɪ/,,,*/rɟˈɛntu/,,*/rmˈoɲu/,*/rmˈɑtɑ/,,,,,,*/spˈɑrɑɡu/,,*/vˈɛntu/,,*/wɡˈustu/,*/wrːˈølu/,,*/wˈunkulu/,,,,,,,,,,,,,,,,,,,,,,,,,,,,,,,,,,,,,,,,,,,,,,,,,,,,,,*/ðˌuɾˈoɲu/,,,,,,,,,*/kklˈisɑ/,*/kku/,*/sˈemɑ̃ɾ̃ɑ/,*/sˌɑmtˈoɲu/,*/sˌɑ̃ɾ̃ɪmˈoɲu/,*/sˈɛmplu/,*/sɑ̃ɾ̃urˈoɲu/,*/sˈeɲu/,*/skˌɑwɑlːɪkˈoɲu/,*/skˌɑlˈoɲu/,*/skˌɑmbˈojɲu/,*/skˌɑndˈeɲu/,*/skˌɑrd͡ʒˈøɲu/,*/skˌɑrtˈoɲu/,*/skˌɑtɪrrˈoɲu/,*/skˌɑwðɪkˈoɲu/,*/scˈipɪ/,*/skˈuulu/,*/skˌurtˈoɲu/,*/skˈurtu/,*/zmˈuʎɑ/,*/sˈussu/,*/spɪðɪtˈoɲu/,*/spˈɛðɪtu/,*/spˌɛlːˈɑwoɲu/,*/spˌɛrlˈɑwoɲu/,,*/stˌɛnˈoɲu/,*/strˈyðu/,*/sˌuŋɡulˈoɲu/,*/zbeɟɪlˈoɲu/,*/lˈiɟɪjɑ/,*/pˌeskˈɔpu/,*/pˈeskopu/,,*/pˌeskopˈiɑ/,*/rˌɑðɪkˈoɲu/,*/rɪmˈitu/,,,,*/wɑnɟˈilu/,,,,,,,,,,,,,,,,,,,,,,,,,,,,,,,,,,,,,,,,,,,,,,,,,,,,,,,,,,,,,,,,,,,,,,,,,,,,,,,,,,,,,,,,,,,,,,,,,,,,,,,,*/stˈiʎɑ/,*/vɪrnˈinu/,*/vˌɛrnˈid͡ʒɑ/,,*/nːɪkulˈoɲu/,*/rndzˈoɲu/,,,,,,*/kˈɔnɑ/,,,,*/mpɑrˈoɲu/,*/mpˌɛrɑtˈessɑ/,,*/mpˌɛrˌɑtˈorɪ/,,*/mpɪrˌɑturˈessɑ/,*/mpɪrˈetu/,*/mpɪrˈetor/,*/mplˌɑntˈoɲu/,*/mplˈoɲu/,*/mmˈunɪ/,*/nˈɑltɑ/,*/nˌɑlt͡ʃˈoɲu/,*/nˈɑltu/,*/nˌɑwrtˈoɲu/,*/nbˌurːˈɑnu/,*/ndˌespkˈoɲu/,,*/ndˌikˈoɲu/,*/ndˌektˈoɲu/,*/ndˌerɪçtˈoɲu/,*/ndˌerˈeçt͡ʃu/,*/ndˌoʎˈeɲu/,*/fˌɑscˈoɲu/,*/fˈɛrnu/,*/ŋɡɑnɲˈeɲu/,*/ŋɡrˈɑtɑ/,,*/nkˌɑwɑlːɪkˈoɲu/,*/nkˌɑrkˈoɲu/,*/nkˌɑwsɑ̃ɾ̃ˈojɲu/,*/nkuɲˌirˈoɲu/,*/nkˌusulˈoɲu/,*/nkˈorðu/,,,*/nkˌuɲˈoɲu/,*/nːˈoku/,*/nˈoffulɑ/,*/npˌekkˈɑtu/,*/npɪsˈoɲu/,*/sˈeɲɑ/,,*/ntˌɛlːɪɡˈoɲu/,*/ntɪɡrˈoɲu/,*/ntɪr/,*/ntɪɲˈoɲu/,*/mˌɛrnˈɑʎɑ/,*/vˈɛrnu/,*/mˌed͡ʒˈoɲu/,,*/mˌet͡ʃˈoɲu/,,,,,,,,,,,,,,,,,,,,,,,,,,,,,,,,,,,,,,,,,,,,,,,,,,,,,,,,,,,,,,,,,,,,,,,,,,*/nkˈɑlɑ/,,,,,,,,,,,,,,,,,,,,,,,,,,,,,,,,,,,,,,,,,,,,,,,,,,,,,,,,,,,,,,,,,,,,,,,,,,,,,,,,,,,,,,,,,,,,,,,,,,,,,,,,,,,,,,,,,,,,,,,,,,,,,,,,,,,,,,,,,,,,,,,,,,,,,,,,,,,,,,,,,,,,,,,,,,,,,,,,,,,,,,,,,,,,,,,,,,,,,,,,,,,,,,,,,,,,,,,,,,,,,,,,,,,,,,,,,,,,,,,,,,,,,,,,,,,,,,,,,,,,,,,,,,,,,,,,,,,,,,*/blˈɑtɑ/,*/fˈɛlːɑ/,,,,,,,,,,,,,,,,,,,,,,,,,,,,,,,,,,,,,,,,,,,,,,,,,,,*/mpˈɛðɪkɑ/,,,,,,,,,*/ndˌulˈeɲu/,,,,,,,,,,,,,,,,,,,,,,,,,,,,,,,,,,,,,,,,,,,,,,,,,,,,,,,,,,,,,,,,,,,,,,,,,,,,,,,,,,,,,,,,,,,,,,,,,,,,,,,,,,,,,,,,,,,,,,,,,,,,,,,,,,,,,,,,,,,,,,,,,,,,,,,,,,,,,,,,,,,,,,,,,,,,,,,,,,,,,,,,,,,,,*/sklˈøppu/,,,,,,,,,,,,,,,,,,,,,,,,,,,,,,,,,,,,,,,,,,,,,,,,,,,,,,,,,,,,,,,,,,,,,,,,,,,,,,,,,*/ntˌɛstmˈoɲu/,,,,,,,,,,,,,,,,,,,,,,,,,,,,,,,,,,,,,,,,,,,,,,,,,,*/pˈupɑ/,,,,,,,,,,,,,,,,,,,,,,,,,*/mɪssˈikɑ/,,,,,,*/mɪɟˈijlɑj/,,,,,,,*/mɪɟˈijlu/,,,,,,,,,,,,,,,,,,
R150,,,,,,,,,,,,,,,,,,,,,,,,,,,,,,,,,,,,,,,,,,,,,,,,,,,,,*/ɡˈustu/,*/rːˈølu/,,,,,,,,,,,,,,,,,,,,,,,,,,,,,,,,,,,,,,,,,,,,,,,,,,,,,,,,,,,,,,,,,,,,,,,,,,,,,,,,,,,,,,,,,,,,,,,,,,,,,,,,,,,,,,,,,,,,,,,,,,,,,,,,,,,,,,,,,,,,,,,,,,,,,,,,,,,,,,,,,,,,,,,,,,,,,,,,,,,,,,,,,,,,,,,,,,,,,,,,,,,,,,,,,,,,,,,,,,,,,,,,,,,,,,,,,,,,,,,,,,,,,,,,,,,,,,,,,,,,,,,,,,,,,,,,,,,,,,,,,,,,,,,,,,,,,,,,,,,,,,,,,,,,,,,,,,,,,,,,,,,,,,,,,,,,,,,,,,,,,,,,,,,,,,,,,,,,,,,,,,,,,,,,,,,,,,,,,,,,,,,,,,,,,,,,,,,,,,,,,,,,,,,,,,,,,,,,,,,,,,,,,,,,,,,,,,,,,,,,,,,,,,,,,,,,,,,,,,,,,,,,,,,,,,,,,,,,,,,,,,,,,,,,,,,,,,,,,,,,,,,,,,,,,,,,,,,,,,,,,,,,,,,,,,,,,,,,,,,,,,,,,,,,,,,,,,,,,,,,,,,,,,,,,,,,,,,,,,,,,,,,,,,,,,,,,,,,,,,,,,,,,,,,,,,,,,,,,,,,,,,,,,,,,,,,,,,,,,,,,,,,,,,,,,,,,,,,,,,,,,,,,,,,,,,,,,,,,,,,,,,,,,,,,,,,,,,,,,,,,,,,,,,,,,,,,,,,,,,,,,,,,,,,,,,,,,,,,,,,,,,,,,,,,,,,,,,,,,,,,,,,,,,,,,,,,,,,,,,,,,,,,,,,,,,,,,,,,,,,,,,,,,,,,,,,,,,,,,,,,,,,,,,,,,,,,,,,,,,,,,,,,,,,,,,,,,,,,,,,,,,,,,,,,,,,,,,,,,,,,,,,,,,,,,,,,,,,,,,,,,,,,,,,,,,,,,,,,,,,,,,,,,,,,,,,,,,,,,,,,,,,,,,,,,,,,,,,,,,,,,,,,,,,,,,,,,,,,,,,,,,,,,,,,,,,,,,,,,,,,,,,,,,,,,,,,,,,,,,,,,,,,,,,,,,,,,,,,,,,,,,,,,,,,,,,,,,,,,,,,,,,,
R151,,,,,,,,,,,,,,,,,,,*/əlbɑ̃ɾ̃ˈɛsu/,,,*/əltˈerɪ/,*/əmbupˌɑtˈinu/,*/əmbulˈoɲu/,,,,,,,,*/əŋɡˈustu/,*/əŋɡustˈoɲu/,*/əntˈoɲu/,,,,,,*/ərɟˈɛntu/,,*/ərmˈoɲu/,*/ərmˈɑtɑ/,,,,,,,,,,,,,,,,,,,,,,,,,,,,,,,,,,,,,,,,,,,,,,,,,,,,,,,,,,,,,,,,,,,,,,,,,,,,,,,,,,,,,,,,,,,,,,,,,,,,,,,,,,,,,,,,,,,,,,,,,,,,,,,,,,,,,,,,,,,,,,,,,,,,,,,,,,,,,,,,,,,,,,,,,,,,,,,,,,,,,,,,,,,,,,,,,,,,,,,,,,,,,,,,,,,,,,,,,,,,,,,,,,*/ərndzˈoɲu/,,,,,,,,,,*/əmpɑrˈoɲu/,*/əmpˌɛrɑtˈessɑ/,,*/əmpˌɛrˌɑtˈorɪ/,,*/əmpɪrˌɑturˈessɑ/,*/əmpɪrˈetu/,*/əmpɪrˈetor/,*/əmplˌɑntˈoɲu/,*/əmplˈoɲu/,*/əmmˈunɪ/,,,,,*/ənbˌurːˈɑnu/,*/əndˌespkˈoɲu/,,*/əndˌikˈoɲu/,*/əndˌektˈoɲu/,*/əndˌerɪçtˈoɲu/,*/əndˌerˈeçt͡ʃu/,*/əndˌoʎˈeɲu/,,,*/əŋɡɑnɲˈeɲu/,*/əŋɡrˈɑtɑ/,,*/ənkˌɑwɑlːɪkˈoɲu/,*/ənkˌɑrkˈoɲu/,*/ənkˌɑwsɑ̃ɾ̃ˈojɲu/,*/ənkuɲˌirˈoɲu/,*/ənkˌusulˈoɲu/,*/ənkˈorðu/,,,*/ənkˌuɲˈoɲu/,,,*/ənpˌekkˈɑtu/,*/ənpɪsˈoɲu/,,,*/əntˌɛlːɪɡˈoɲu/,*/əntɪɡrˈoɲu/,*/əntɪr/,*/əntɪɲˈoɲu/,,,,,,,,,,,,,,,,,,,,,,,,,,,,,,,,,,,,,,,,,,,,,,,,,,,,,,,,,,,,,,,,,,,,,,,,,,,,,,,*/ənkˈɑlɑ/,,,,,,,,,,,,,,,,,,,,,,,,,,,,,,,,,,,,,,,,,,,,,,,,,,,,,,,,,,,,,,,,,,,,,,,,,,,,,,,,,,,,,,,,,,,,,,,,,,,,,,,,,,,,,,,,,,,,,,,,,,,,,,,,,,,,,,,,,,,,,,,,,,,,,,,,,,,,,,,,,,,,,,,,,,,,,,,,,,,,,,,,,,,,,,,,,,,,,,,,,,,,,,,,,,,,,,,,,,,,,,,,,,,,,,,,,,,,,,,,,,,,,,,,,,,,,,,,,,,,,,,,,,,*/ənkˌɑrðˌulːˈicjɑ/,,,,,,,,,,,,,,,,,,,,,,,,,,,,,,,,,,,,,,,,,,,,,,,,,,,,,,,,,,,,,,,*/əmpˈɛðɪkɑ/,,,,,,,,,*/əndˌulˈeɲu/,,,,,,,,,,,,,,,,,,,,,,,,,,,,,,,,,,,,,,,,,,,,,,,,,,,,,,,,,,,,,,,,,,,,,,,,,,,,,,,,,,,,,,,,,,,,,,,,,,,,,,,,,,,,,,,,,,,,,,,,,,,,,,,,,,,,,,,,,,,,,,,,,,,,,,,,,,,,,,,,,,,,,,,,,,,,,,,,,,,,,,,,,,,,,,,,,,,,,,,,,,,,,,,,,,,,,,,,,,,,,,,,,,,,,,,,,,,,,,,,,,,,,,,,,,,,,,,,,,,,,,,,,,,,,,*/əntˌɛstmˈoɲu/,,,,,,,,,,,,,,,,,,,,,,,,,,,,,,,,,,,,,,,,,,,,,,,,,,,,,,,,,,,,,,,,,,,,,,,,,,,,,,,,,,,,,,,,,,,,,,,,,,,,,,,,,,
R152,,,,,,,,,,,,,,,,,,,,,,,,,,,,,,,,,,,,,,,,,,,,,,,,,,,,,,,,,,,,,,,,,,,,,,,,,,,,,,,,,,,,,,,,,,,,,,,,,,,,,,,,,,,,,,,,,,,,,,,,,,,,,,,,,,,,,,,,,,,,,,,,,,,,,,,,,,,,,,,,,,,,,,,,,,,,,,,,,,,,,,,,,,,,,,,,,,,,,,,,,,,,,,,,,,,,,,,,,,,,,,,,,,,,,,,,,,,,,,,,,,,,,,,,,,,,,,,,,,,,,,,,,,,,,,,,,,,,,,,,,,,,,,,,,,,,,,,,,,,,,,,,,,,,,,,,,,,,,,,,,,,,,,,,,,,,,,,,,,,,,,,,,,,,,,,,,,,,,,,,,,,,,,,,,,,,,,,,,,,,,,,,,,,,,,,,,,,,,,,,,,,,,,,,,,,,,,,,,,,,,,,,,,,,,,,,,,,,,,,,,,,,,,,,,,,,,,,,,,,,*/kˌuntrˈolu/,,,,,,,,,,,,,,,,,,,,,,,,,,,,,,,,,,,,,,,,,,,,,,,,,,,,,,,,,,,,,,,,,,,,,,,,,,,,,,,,,,,,,,,,,,,,,,,,,,,,,,,,,,,,,,,,,,,,,,,,,,,,,,,,,,,,,,,,,,,,,,,,,,,,,,,,,,,,,,,,,,,,,,,,,,,,,,,,,,,,,,,,,,,,,,,,,,,,,,,,,,,,,,,,,,,,,,,,,,,,,,,,,,,,,,,,,,,,,,,,,,,,,,,,,,,,,,,,,,,,,,,,,,,,,,,,,,,,,,,,,,,,,,,,,,,,,,,,,,,,,,,,,,,,,,,,,,,,,,,,,,,,,,,,,,,,,,,,,,,,,,,,,,,,,,,,,,,,,,,,,,,,,,,*/rˈɑlu/,,,,,,,,,,,,,,,,,,,,,,,,,,,,,,,,,,,,,,,,,,,,,,,,,,,,,,,,,,,,,,,,,,,,,,,,,,,,,,,,,,,,,,,,,,,,,,,,,,,,,,,,,,,,,,,,,,,,,,,,,,,,,,,,,,,,,,,,,,,,,,,,,,,,,,,,,,,,,,,,,,,,,,,,,,,,,,,,,,,,,,,,,,,,,,,,,,,,,,,,,,,,,,,,,,,,,,,,,,,,,,,,,,,,,,,,,,,,,,,,,,,,,,,,,,,,,,,,,,,,,,,,,,,,,,,,,,,,,,,,,,,,,,,,,,,,
R153,,,,,,,,,,*/rːˈemɪ/,,,,,,,,,,,,,,,,,,,,,,,,,,,,,,,,,,,,,,,,,,,,,,,,,,,,,,,,,,,,,,,,,,,,,,,,,,,,,,,,,,,,,,,,,,,,,,,,,,,,,,,,,,,,,,,,,,,,,,,,,,,,,,,,,,,,,,,,,,,,,,,,,*/rːˌɑðɪkˈoɲu/,*/rːɪmˈitu/,,*/rːɪˈyːjlɑ/,,,,,,,,,,,,,,,,,,,,,,,,,,,,,,,,,,,,,,,,,,,,,,,,,,,,,,,,,,,,,,,,,,,,,,,,,,,,,,,,,,,,,,,,,,,,,,,,,,,,,,,,,,,,,,,,,,,,,,,,,,,,,,,,,,,,,,,,,,,,,,,,,,,,,,,,,,,,,,,,,,,,,,,,,,,,,,,,,,,,,,,,,,,,,,,,,,,,,,,,,,,,,,,,,,,,,,,,,,,,,,,,,,,,,,,,,,,,,,,,,,,,,,,,,,,,,,,,,,,,,,,,,,,,,,,,,,,,,,,,,,,,,,,,,,,,,,,,,,,,,,,,,,,,,,,,,,,,,,,,,,,,,,,,,,,,,,,,,,,,,,,,,,,,,,,,,,,,,,,,,,,,,,,,,,,,,,,,,,,,,,,,,,,,,,,,,,,,,,,,,,,,,,,,,,,,,,,,,,,,,,,,,,,,,,,,,,,,,,,,,,,,,,,,,,,,,,,,,,,,,,,,,,,,,,,,,,,,,,,,,,,,,,,,,,,,,,,,,,,,,,,,,,,,,,,,,,,,,,,,,,,,,,,,,,,,,,,,,,,,,,,,,,,,,,,,,,,,,,,,,,,,,,,,,,,,,,,,,,,,,,,,,,,,,,,,,,,,,,,,,,,,,,,,,,,,,,,,,,,,,,,,,,,,,,,,,,,,,,,,,,,,,,,,,,,,,,,,,,,,,*/rːˌɑðˈoɲu/,*/rːˈed͡ʒɑ/,*/rːˌɑðˈikɑ/,*/rːˌɑðˈikulɑ/,*/rːˈemɪ/,*/rːˈɑpɑ/,*/rːˈepɪ/,*/rːˈɑpu/,*/rːˈɑlu/,,*/rːˌɑstˈɛlːu/,,*/rːˈewɑ/,*/rːˌɛfˈɛrɲu/,,*/rːˈeɡulu/,,*/rːˈemu/,*/rːˌɛndˈeɲu/,*/rːˌesˈinɑ/,*/rːˌɛsˌurɡˈoɲu/,*/rːˈetɪ/,*/rːˈestɪ/,*/rːˈetɑ̃ɾ̃ɑ/,*/rːˌiɡˈoɲu/,*/rːˈicɑ̃ɾ̃u/,*/rːˌimˈoɲu/,*/rːˈipɑ/,,*/rːˈokkɑ/,*/rːˌemːˈɑnu/,*/rːˈumbu/,*/rːˈumbulu/,*/rːˌufˈɛɑ/,*/rːˌøsˈɑʎɑ/,*/rːˌospˈoɲɑ/,*/rːˈotɑ/,*/rːˈotulu/,*/rːˌotˈundɑ/,*/rːˌynˈoɲu/,*/rːˌunkˈoɲu/,*/rːˈuðɪ/,*/rːˈuɡɑ/,*/rːˌumpˈɛɲu/,*/rːˈuskulu/,*/rːˈytɑ/,,,,,,,,,,,,,,,,,,,,,,,,,,,,,,,,,,,,,,,,,,,,,,,,,,,,,,,,,,,,,,,,,,,,,,,,,,,,,,,,,,,,,,,,,,,,,,,,,,,,,,,,,,,,,,,,,,,,,,,,,,,,,,,,,,,,,,,,,,,,,,,,,,,,,,,,,,,,,,,,,,,,,,,,,,,,,,,,,,,,,,,,,,,,,,,,,,,,,,,,,,,,,,,,,,,,,,,,,,,,,,,,,,,,,,,,,,,,,,,,,,,,,,,,,,,,,,,
R154,,,,,,,,,,,,,,,,,,,,,,,,,,,,,,,,,,,,,,,,,,,,,,,,,,,,,,,,,,,,,,,,,,,,,,,,,,,,,,,,,,,,,,,,,,,,,,,,,,,,,*/dˌirˈejtu/,,,,,,,,,,,,,,,,,,,,,,,,,,,,,,,,,,,,,,,,,,,,,,,,,,,,,,,,,,,,,,,,,,,,,,,*/fˌɑjtˈyrɑ/,,,,,,,,,,,,,,,,,,,,,,,,,,,,,,,,,,,,,,,,,,,,,,,,,,,*/frˈyjtu/,,,,,,,,,,,,,,,,,,,,,,,,,,,,,,,,,,,,,,,,,,,,,,,,,,,,,,,,,,,,,,,,,,,,,,,,,,,,*/əndˌerɪjtˈoɲu/,*/əndˌerˈejt͡ʃu/,,,,,,,,,,,,,,,,,,,,,,,,,,,,,,,,,,,,,,,,,,,,,,,,,,,,,,,,,,,,,,,,,,,,,,,,,,,,,,,,,,,,,,,,,,,,,,,,,,,,,,,,,,,,,,,,,,,,,,,,,,,,,,,,,,,,,,,,,,,,,,,,,,,,,,,,,,,,,,,,,,,,,,,,,,,,,,,,,,,,,,,,,,,,,,,,,,,,,,,,,,,,,,,,,,,,,,,,,,,,,,,,,,,,,,,,,,,,,,,,,,,,,,,,,,,,,,,,,,,,,,,,,,,,,,,,,,,,,,,,,,,,,,,,,,,,,,,,,,,,,,,,,,,,,,,,,,,,,,,,,,,,,,,,,,,,,,,,,,,,,,,,,,,,,,,,,,,,,,,,,,,,,,,,,,,,,,,,,,,,,,,,,,,,,,,,,,,,,,,,,,,,,,,,,,,*/pˌɑjtˈoɲu/,*/pˈɑjtu/,,,,,,,,,,,,,,,,,,,,,,,,,,,,,,,,,,,,,,,,,,*/pˈijtɑ/,,,,,,,,,,,,,,,,,,,,*/plˈijt͡ʃu/,,,,,,,,,,,,,,,,,,,,,,,,,,,,,,,,,,,,,,,,,,,,,,,,,,,,,,,,,,,,,,,,,,,,,,,,,,,,,,,,,,,,,,,,,,,,,,,,,,,,,,,,,,,,,,,,,,,,,,,,,,,,,,,,,,,,,,,,,,,,,,,,,,,,,,,,,,,,,,,,,,,,,,,,,,,,,,,,,,,,,,,,,,,,,,,,,,,,,,,,,,,,,,,,,,,,,*/sˈujtɑ/,*/sˌujtˈoɲu/,,,,,,,,,,,,,,,,,,,,,,,,,,,,,,,,,,,,,,,,,*/trˌɑjtˈoɲu/,*/trˈɑjtɑ/,,,,,,,,,,,,,,,,,,,,,,,,,,,,,,,,,,,,,,,,,,,,,,,,,,,,,,,,,,,,,,,,,,,*/βˌejtˈorjɑ/,*/βˈijtɑʎɑ/,,,,,,,,,,,,,,,,,,,,,
R155,,,,,,,,,,,,,,,,,,,,,,,,,,,,,,,,,,,,,,,,,,,,,,,,,,,,,,,,,,,,,,,,,,,,,,,,,,,,,,,,,,,,,,,,,,,,,,,,,,,,,,,,,,,,,,,,,,,,,,,,,,,,,,,,,,,,,,,,,,,,,,,,,,,,,,*/lˈiɟiɑ/,,,,,,,,*/rːɪˈyːlɑ/,,,,,,,,,,,,,,,,,,,,,,,,,,,,,,,,,,,,,,,,,,,,,,,,,,,,,,,,,,,,,,,,,*/frˈytu/,,,,,,,,,,,,,,,,,,,,,,,,,,,,,,,,,,,,,,,,,,,,,,,,,,,*/ɟˌiɑ̃ɾ̃ˈoɲu/,,,,,,,,,,,,,,,,,,,,,,,,,*/əndˌeritˈoɲu/,,,,,,,,,,,,,,,,,,,,,,,,,,,,,,,,,,,,,,,,,,,,,,,,,,,,,,,,,,,,,,,,,,,,,,,,,,,,,,,,,,,,,,,,,,,,,,,,,,,,,,,,,,,,,,,,,,,,,,,,,,,,,,,,,,,,,,,,,,,,,,,,,,,,,,,,,,,,,,,,,,,,,,,,,,,,,,,,,,,,,,,*/krˌiˈoɲu/,*/krˌiˈet͡ʃɑ/,*/krˌiɑtˈyrɑ/,,,,,,,,,,,,,,,,,,,,,,,,,,,,,,,,,,,,,,,,,,,,,,,,,,,,,,,,,,,,,,,,,,,,,,,,,,,,,,,,,,,,,,,,,,,,,,,,,,,,,,,,,,,,,,,,,,,,,,,,,,,,,,,,,,,,,,,,,,,,,,,,,,,,,,,,,,,,,,,,,,,,,,,,,,,,,,,,,,,,,,,,,,,,,,,,,,,,,,,,,,,,,,,,,,,,,,,,,,,,,,,,,,,,,,,,,,,,,,,,,,,,,,,,,,,,,,,,,,,,,,,,,,,,,,,,,,,,,,,,,,,,,,,,,,,,,,,,,,,,,,,,,,,,,,,,,,,,,,,,,,,,,,,,,,,,,,,,,,,,,,,,,,,,,,,,,,,,,,,,,,,,,,,,,,,,,,,,,,,,,,,,,,,,,,,,,,,,,,,,,,,,,,,,,,,,,,,,,,,,,,,,,,,,,,,,,,,,,,,,,,,,,,,,,,,,,,,,,,,,,,,,,,,,,,,,,,,,,,,,,,,,,,,,,,,,,,,,,,,,,,,,,,,,,,,,,,,,,,,,,,,,,,,,,,,,,,,,,,,,,,,,,,,,,,,,,,,,,,,,,,,,,,,,,,,,,,,,,,,,,,,,,,,,,,,,,,,,,,,,,,,,,,,,,,,,,,,,,,,,,,,,,,,,,,,,,,,
R156,,,,,,,,,,,,,,,,,,,,,,,,,,,,,,,,,,,,,,,,,,,,,,,,,,,,,,,,,,,,,,,,,,,,,,,,,,,,,,,,,,,,,,,,,,,,,,,,,,,,,,,,,,,,,,,,,,,,,,,,,,,,,,,,,,,,,,,,,,,,,,,,,,,,,,,,,,,,,,,,,,,,,,,,,,,,,,,,,,,,,,,,,,,,,,,,,,,,,,,,,,,,,,,,,,,,,,,,,,,,,,,,,,,,,,,,,,,,,,,,,,,,,,,,,,,,,,,,,,,,,,,,,,,,,,,,,,,,,,,,,,,,,,,,,,,,,,,,,,,,,,,,,,,,,,,,,,,,,,,,,,,,,,,,,,,,,,,,,,,,,,,,,,,,,,,,,,,,,,,,,,,,,,,,,,,,,,,,,,,,,,,,,,,,,,,,,,,,,,,,,,,,,,,,,,,,,,,,,,,,,,,,,,,,,,,,,,,,,,,,,,,,,,,,,,,,,,,,,,,,,,,,,,,,,,,,,,,,,,,,,,,,,,,,,,,,,,,,,,,,,,,,,,,,,,,,,,,,,,,,,,,,,,,,,,,,,,,,,,,,,,,,,,,,,,,,,,,,,,,,,,,,,,,,,,,,,,,,*/mˌẽɟˈijɑ/,,,,,,,*/mˌẽðjˈolɑ/,,,,,,,,,,,,,,,,,,,,,,,,,,,,,,,,,,*/mˌẽtˈɑksu/,,*/mˌẽtrˈikulɑ/,*/mˌẽtt͡ʃˈukku/,,,,,,,,,,,,,,,,,,,,,,,,,,,,,,,,,,,,,,,,,,,,,,,,,,,,,,,,,,,,,,,,,,,,,,,,,,,,,,,,,,,,,,,,,,,,,,,,,,,,,,,,,,,,,,,,,,,,,,,,,,,,,,,,,,,,,,,,,,,,,,,,,,,,,,,,,,,,,,,,,,,,,,,,,,,,,,,,,,,,,,,,,,,,,,,,,,,,,,,,,,,,,,,,,,,,,,,,,,,,,,,,,,,,,,,,,,,,,,,,,,,,,,,,,,,,,,,,,,,,,,,,,,,,,,,,,,,,,,,,,,,,,,,,,,,,,,,,,,,,,,,,,,,,,,,,,,,,,,,,,,,,,,,,,,,,,,,,,,,,,,,,,,,,,,,,,,,,,,,,,,,,,,,,,,,,,,,,,,,,,,,,,,,,,,,,,,,,,,,,,,,,,,,,,,,,,,,,,,,,,,,,,,,,,,,,,,,,,,,,,,,,,,,,,,,,,,,,,,,,,,,,,,,,,,,,,,*/mɪ̃ɟˈijlɑj/,,,,,,,*/mɪ̃ɟˈijlu/,,,,,,,,,,,,,,,,,,
R157,,,,,,,,,,,,,,,,,,,,,,,,,,,,,,,,,,,,,,,,,,,,,,,,,,,,,,,,,,,,,,,,,,,,,,,,,,,,,,,,,,,,,,,,,,,,,,,,,,,,,,,,,,,,,,,,,,,,,,,,,,,,,,,,,,,,,,,,,,,,,,,,,,,,,,,,,,,,,,,,,,,,,,,,,,,,,,,,,,,,,,,,,,,,,,,,,,,,,,,,,,,,,,,,,,,,,,,,,,,,,,,,,,,,,,,,,,,,,,,,,,,,,,,,,,,,,,,,,,,,,,,,,,,,,,,,,,,,,,,,,,,,,,,,,,,,,,,,,,,,,,,,,,,,,,,,,,,,,,,,,,,,,,,,,,,,,,,,,,,,,,,,,,,,,,,,,,,,,,,,,,,,,,,,,,,,,,,,,,,,,,,,,,,,,,,,,,,,,,,,,,,,,,,,,,,,,,,,,,,,,,,,,,,,,,,,,,,,,,,,,,,,,,,,,,,,,,,,,,,,,,,,,,,,,,,,,,,,,,,,,,,,,,,,,,*/krɪstˈenɑ/,*/krɪstntˈelɪ/,,,,,,,,,,,,,,,,,,,,,,,,,,,,,,,,,,,,,,,,,,,,,,,,,,,,,,,,,,,,,,,,,,,,,,,,,,,,,,,,,,,,,,,,,,,,,,,,,,,,,,,,,,,,,,,,,,,,,,,,,,,,,,,,,,,,,,,,,,,,,,,,,,,,,,,,,,,,,,,,,,,,,,,,,,,,,,,,,,,,,,,,,,,,,,,,,,,,,,,,,,,,,,,,,,,,,,,,,,,,,,,,,,,,,,,,,,,,,,,,,,,,,,,,,,,,,,,,,,,,,,,,,,,,,,,,,,,,,,,,,,,,,,,,,,,,,,,,,,,,,,,,,,,,,,,,,,,,,,,,,,,,,,,,,,,,,,,,,,,,,*/rːɪfˈɛrɲu/,,,,,,*/rːɪsˈinɑ/,*/rːɪsˌurɡˈoɲu/,,,,,,,,,,,,,,*/rːɪsˈɑʎɑ/,,,,,,,,,,,,,,,,,,,,,,,,,,,,,,,,,,,,,,,,,,,,,,,,,,,,,,,,,,,,,,,,,,,,,,,,,,,,,,,,,,,,,,,,,,,,,,,,,,,,,,,,,,,,,,,,,,,,,,,,,,,,,,,,,,,,,,,,,,,,,,,,,,,,,,,,,,,,,,,,,,,,,,,,,,,,,,,,,,,,,,*/trɪfˈoʎɑ/,*/trɪfˈilːu/,*/trɪfˈurku/,,,,,,,,,,,,,,,,,,,,,,,,,,,,,,,,,,,,,,,,,,,,,,,,,,,,,,,,,,,,,,,,,,,,,,,,,,,,,,,,,,
R158,*/hˌavˌɛrrˈoɲu/,,*/bˈeŋɲa/,,,,*/ˌaːðˌurˈoɲu/,*/ˌaːðorˈɔɲɔ/,*/ˈaer/,,,*/ˈɛtta/,,,,,*/ˌuːsˈuɲa/,*/ˈalbɑ̃ɾ̃u/,,*/ˈaʎu/,*/ˌaːllɪɡˈorˈia/,,*/əmbupˌatˈinu/,,*/mˈendula/,,*/ˈemɪta/,*/mˈurɡa/,,,*/ɲˈilːa/,,,,*/nˈulːa/,*/ppˌaramˈɛntu/,,*/ˈaptu/,*/ɔːʷrˈana/,,*/ˈarma/,,*/ərmˈata/,*/hˌarmɪssˈoru/,*/ˌaːrrˈiwoɲu/,*/ˈarku/,*/ˈarka/,*/ˈaskula/,*/spˈaraɡu/,*/ˈaspɪr/,,,,,*/ˈawru/,,*/bˈalsamu/,*/bˈalɲa/,*/bˌarˈatru/,*/bˈarka/,*/bˌarˈonɪ/,*/bˌattˈaʎa/,*/bˌattˈaʎa/,,*/bˈist͡ʃa/,,*/bˈola/,,*/brˈokka/,*/brˈøska/,*/brˈøska/,*/brˈyma/,,,,,*/bˈulːa/,*/bˈukka/,,,,,*/dˌamnˈoɲu/,*/dˈamnu/,,,,*/dˌewutˈyra/,,*/dˌekˌaptˈoɲu/,,,*/dˌerˌamˈoɲu/,,*/dˌesˌiðˈira/,*/dˌiˈawolu/,*/d͡ʒˈana/,,*/dˈeɲa/,,,,*/dˌiskˌawalːɪkˈoɲu/,*/dˌiskˌarkˈoɲu/,*/dˈiska/,,,,,,,*/drˌankˈonɪ/,,*/drˈiwastu/,,,,,*/kklˈisa/,,*/sˈemɑ̃ɾ̃a/,*/sˌamtˈoɲu/,,,,,*/skˌawalːɪkˈoɲu/,*/skˌalˈoɲu/,*/skˌambˈojɲu/,*/skˌandˈeɲu/,*/skˌard͡ʒˈøɲu/,*/skˌartˈoɲu/,*/skˌatɪrrˈoɲu/,*/skˌawðɪkˈoɲu/,,,,,*/zmˈuʎa/,,,,*/spˌɛlːˈawoɲu/,*/spˌɛrlˈawoɲu/,,,,,,*/lˈiɟia/,,,,*/pˌeskopˈia/,*/rːˌaðɪkˈoɲu/,,,*/rːɪˈyːla/,*/ˈeska/,*/wanɟˈilu/,,*/fˈaːrka/,*/fˌaːrkˈoɲu/,*/fˈaɡu/,*/fˌaʎˈeɲu/,*/fˌalːˈeɲu/,*/fˈaʎu/,*/fˌaˈoe̯ɲu/,*/fˌalcˈiɲa/,*/fˌalkˈonɪ/,*/fˈacje/,*/fˌajtˈyra/,*/fˈama/,*/fˌamˈiʎa/,*/fˈamulu/,*/fˈanɡo/,*/fˌarɑ̃ɾ̃ˈoɲu/,*/fˌarɑ̃ɾ̃ˈata/,*/fˈarmaku/,*/fˈasca/,*/fˌiðjˈola/,*/fˈatu/,*/fˈawaʎa/,,*/fˈemɑ̃ɾ̃a/,*/fˌɛnˈɛstra/,*/fˌɛrrˈuska/,,,,*/fˌiʎˈanu/,*/fˈelɪka/,,,,,*/fɪssˈikula/,,*/flˈakula/,*/flˈakula/,*/flˈamɪɲa/,*/flˈaska/,,,,*/fˌuʎˈata/,*/fˌurmˈɛlːa/,,*/fˌurnɪcˈija/,,*/fˌurtˈuna/,*/fˈussa/,*/fˌussˈatu/,*/frˈaksɑ̃ɾ̃u/,,,*/frˈena/,,,,,*/flˌektˈerja/,,*/fˌulcˈija/,,,*/fˈurka/,,*/fˈuscɪɲa/,,,,,*/ɡˈalɡulu/,*/ɡˌalːɪnˈat͡ʃa/,,*/ɡˈatta/,*/ɡˈattu/,*/ɡˈawd͡ʒu/,*/ɡˌawd͡ʒumˈɛntu/,,*/ɡˌenˈija/,*/ɡˈɛstra/,,,,,,*/ɡlˌemːɪrˈata/,,,*/ɡrˈatu/,,,*/ɡrˌuˈilːa/,,,,*/ɡˈula/,*/ɡˈumma/,*/ɡˈunːa/,*/ɡˈutta/,,*/stˈiʎa/,,*/vˌɛrnˈid͡ʒa/,*/hˈinːɪkula/,,,*/hˈøra/,,,*/jˌaːnnˈeru/,,*/kˈɔna/,*/ˈiʎa/,,,*/əmparˈoɲu/,*/əmpˌɛratˈessa/,*/pˌɛrantˈessa/,*/əmpˌɛrˌatˈorɪ/,*/pˌɛrantˈorɪ/,*/əmpɪrˌaturˈessa/,,,*/əmplˌantˈoɲu/,,,*/nˈalta/,*/nˌalt͡ʃˈoɲu/,*/nˈaltu/,*/nˌawrtˈoɲu/,*/ənbˌurːˈanu/,,,,,,,,*/fˌascˈoɲu/,,*/əŋɡanɲˈeɲu/,*/əŋɡrˈata/,,*/ənkˌawalːɪkˈoɲu/,*/ənkˌarkˈoɲu/,*/ənkˌawsɑ̃ɾ̃ˈojɲu/,,,,,,,,*/nˈoffula/,*/ənpˌekkˈatu/,,*/sˈeɲa/,*/ˈisula/,,,,,*/mˌɛrnˈaʎa/,,,,,*/ɟˈoanːɪ/,,*/ˈira/,,*/ɟˌyðɪkˈata/,,*/ɟˌyntˈyra/,,,*/ɟˌuvˈɛnka/,*/kˈɛka/,,*/kˌalamˈetu/,*/kˈalamu/,*/kˌalˈanda/,*/kˌalɪndˈoru/,,*/kˌalcˈerja/,,*/kˈamba/,*/kˌambˈojɲu/,*/kˈemɪra/,*/kˌampˈana/,*/kˌampˈona/,*/kˌamˈisa/,*/kˈanapɪ/,*/kˌandˈela/,,*/kˈanːa/,*/kˌanːˈata/,*/kˌanːˈetu/,*/kˌantˈoɲu/,*/kˈantaru/,*/kˈanka/,*/kˌancˈɛlːu/,*/kˌappˈɛlːa/,*/kˌaprˈolu/,*/kˌapsˈata/,*/kˌapsˈoɲu/,*/kˌapˈestru/,*/kˌaptˈina/,*/kˌapˈonɪ/,,*/kˈaptɪ/,,*/kˌarpˈut͡ʃu/,,,*/kˈarra/,,*/kˌarrˌikulˈoɲu/,*/kˌarsˈana/,*/kˈarta/,*/kˈesɑ̃ɾ̃a/,*/kˌastˈaɲa/,*/kˌastɑ̃ɾ̃ˈɛttu/,*/kˌastˈɛlːa/,*/kˌastˈɛlːu/,,,*/kˈɛlla/,,,,*/kˈepa/,*/kˌepˈulːa/,*/kˌɛrasˈoru/,,,,*/kˌɛrsˈedra/,,,*/ənkˈala/,,*/kkˈorja/,*/kˈimɪka/,*/kˌimˈussa/,*/kˈiŋɡula/,,*/kˌercˈɛlːa/,,,,,*/klˌamˈoɲu/,*/klˌarˈoɲu/,*/klˈarta/,*/klˈawɑ̃ɾ̃u/,*/klˌyːtˈyra/,*/klˌawrˈyla/,*/kˌawsˈyra/,*/klˌawsˈyra/,,,,,*/kˌuŋnˈatu/,,,,*/kˌulːˈarɪ/,,,,,*/kˌulumbɑ̃ɾ̃ˈija/,*/kˌulumnˈet͡ʃa/,*/kˈunka/,*/kˈokka/,,,*/kˈoksa/,,*/kˈoma/,,,,,,,,,,,,,,*/kˈuntra/,,*/kˌuntrastˈoru/,*/kˌunˈukula/,,,*/kˌupɪrtˈyra/,*/kˈorbula/,*/kˈorða/,,,*/kˌɔrnˈuta/,*/kˌurˈona/,,,*/kˌurtˈina/,,,,,,,*/krˈapulu/,,*/krˌiˈet͡ʃa/,*/krˌiatˈyra/,,*/krˈezma/,,*/krˈespa/,*/krˈesta/,*/krɪstˈena/,,,,,,*/krˈupta/,,*/kkˈurbuta/,,*/kˌukˈuːta/,*/kˈultra/,,,,,,,,*/kˈuppa/,,,*/kˌarrˈiɡa/,*/kˌarrˈesɪma/,,,*/kˈarta/,*/kˈorta/,,*/kˌasˈilːu/,,,,*/kˈima/,,*/lˌavʏrˈoɲu/,*/lˌawrˈuska/,*/lˌakˈonɪ/,*/lˈaksa/,*/lˌasˈoɲu/,*/lˈaku/,*/lˌaŋɡˈoɲu/,*/lˌaŋɡˈyra/,*/lˌaŋɡˈørɪ/,*/lˌancjˈerja/,*/lˌapˈatja/,*/lˈarɡu/,*/lˈarðu/,*/lˈassu/,*/lˌatˈinu/,*/lˈawoɲu/,*/lˌawatˈyra/,,,*/lˌavɪkˈeru/,*/lˈawru/,,,,,,*/lˈɛpra/,,,,*/lˌiɡatˈyra/,,,*/lˈima/,,,*/lˈiɲa/,*/lˌeppɪtˈyra/,,*/lˈettɪra/,,*/lˌucˈɛrna/,,*/lˈukta/,,*/lˌuktatˈorɪ/,,*/lˌupkˈatu/,,,,*/mˌẽɟˈija/,*/mˌaːstɪrˈoɲu/,*/mˌaːstˈɛrku/,*/mˌajˈerja/,*/mˈaju/,*/mˌaluðɪkˈoɲu/,*/mˌalːɪt͡ʃˈola/,*/mˌẽðjˈola/,*/mˌalˈetu/,*/mˈaʎu/,*/mˌalɪt͡ʃˈoɲu/,*/mˌalˌaŋɟˈɛɲu/,*/mˈalu/,,*/mˈanka/,*/mˌankˈoɲu/,*/mˌanpulˈoɲu/,*/mˈanɲa/,*/mˈanku/,*/mˈanka/,*/mˌankˈoɲu/,*/mˈancɑ̃ɾ̃u/,*/mˈaɲtu/,*/mˈarɟɑ̃ɾ̃ɪ/,*/mˌarˈija/,,*/mˌarɪlˈycju/,*/mˌartˈoɲu/,*/mˌartˈoɲu/,*/mˌartˈet͡ʃa/,*/mˈarku/,*/mˈarmurɪ/,*/mˌarcˌinˈetu/,*/mˈartɪ/,*/mˌartˈinu/,*/mˈart͡ʃu/,*/mˈaru/,*/mˌarˈunu/,*/mˈaskulu/,*/mˈassa/,*/mˌastɪkˈoɲu/,*/mˌẽtˈaksu/,,*/mˌẽtrˈikula/,,,*/mɪðɪkˈastru/,,,,*/mɪsˈøra/,*/mˈɛnta/,,,,,,*/mˌɛrkˈura/,*/mˌɛrulˈaɲa/,*/mˈɛtula/,,*/mˈiʎa/,,,*/mˌirˌakulˈoɲu/,,*/mˈessa/,,*/mɪsˈira/,,,*/mˌulˈarɪ/,,,*/mˈunaku/,,*/mˌurtˈaʎa/,,,*/mˈula/,,,,,,*/mˌuskˈoɲa/,,,,*/mˌircˈiɲa/,*/mˈerra/,*/nˈappa/,*/nˌatˈyra/,*/mˈɛɡula/,*/nˈinːa/,*/ənkˌarðˌulːˈicja/,,,,,,*/nˈoastru/,*/nˌoˈɛrka/,,,*/nˈupt͡ʃa/,*/blˈata/,*/fˈɛlːa/,*/ˌuːʎˈastru/,,,,*/ˈøpɪra/,,,,*/ˌuːrðɑ̃ɾ̃ˈata/,,,,,,*/ˈøat͡ʃa/,*/ˈøa/,*/pˌawulˈoɲu/,*/pˌaðˈylɪ/,,*/pˌɛntˈit͡ʃa/,*/pˌaɡˈana/,*/pˌaɡatˈyra/,,*/pˈala/,*/pˈaʎa/,*/pˌalˈumbu/,*/pˈacɪ/,*/pˌajtˈoɲu/,*/pˈajtu/,*/pˌalˈat͡ʃu/,*/pˈar/,*/pərˈawula/,*/pˌaraðˈiːzu/,,,*/pˌarɪntˈoɲu/,,*/frˌasˈolu/,*/fˌasˈolu/,*/pˈaska/,*/pˈassu/,*/pˌastʏrˈaku/,*/pˌat͡ʃˈoɲu/,*/paˈyːkula/,*/pˈawku/,*/pˈawlu/,*/pˌawlˈoɲu/,*/pˌawulˈonɪ/,*/pˈɛðɪka/,*/pˈɛndɪka/,*/əmpˈɛðɪka/,,*/pˈesa/,,,,*/pˈɛrɡula/,*/pˌerhˈøra/,,,*/pˌɛrpˌarˈoɲu/,*/pˌɛrpˌarˈoɲu/,,,*/pˈɛssɪka/,,,*/pˈɛtt͡ʃa/,,,*/pˈijta/,*/pˈila/,*/pˈila/,*/pˈila/,,*/pˈenːa/,*/pˈipa/,,*/pˌeskatˈorɪ/,*/bɪstˈaʎa/,*/pɪstˈerja/,*/pˈetta/,,*/pˈettula/,*/plˈaɡa/,*/plˌacˈɛɲu/,*/plˈanku/,*/plˈanku/,*/pˈaltɪɲa/,,,,,*/pˌʊlˈanta/,,,*/pˈemːa/,,,,,*/pˌurrɑ̃ɾ̃ˈija/,,*/pˈorta/,,,,,,,,*/prˈɛða/,,,,*/prˌimavˈera/,,,,,,,,*/pˈulɪka/,,*/pˈulːa/,,*/pˈulpa/,,*/pˈuŋɡa/,*/pˈuɲta/,*/pˈuppa/,,*/pˌuttˈana/,*/fˈaru/,*/rːˌaðˈoɲu/,*/rːˈed͡ʒa/,*/rːˌaðˈika/,*/rːˌaðˈikula/,,*/rːˈapa/,,*/rːˈapu/,*/rːˈalu/,,*/rːˌastˈɛlːu/,*/ˌaːrrˌat͡ʃˈønɪ/,*/rːˈewa/,,,,,,,*/rːɪsˈina/,,,,*/rːˈetɑ̃ɾ̃a/,,,,*/rːˈipa/,,*/rːˈokka/,*/rːˌemːˈanu/,,,*/rːˌufˈɛa/,*/rːɪsˈaʎa/,*/rːˌospˈoɲa/,*/rːˈota/,,*/rːˌotˈunda/,,,,*/rːˈuɡa/,,,*/rːˈyta/,*/sˌawˈurru/,,*/sˌaɟˈetta/,,*/sˌaʎɪttˈoɲu/,*/sˈaɡu/,*/sˈakkulu/,*/sˌakrˈoɲu/,,*/sˈelɪka/,,,*/sˌelˈina/,,*/sˌalbˈoɲu/,*/sˌelbˈat͡ʃa/,*/sˌelbˈɛlːa/,,*/sˌantˈetɪ/,,*/sˌaŋɡuɲˈata/,*/sˌuɲsˈuɲa/,*/sˌantrɪnˌitˈetɪ/,*/sˈaɲtu/,*/sˌaɲtumˌixaˈilo/,*/sˌantuˌandrˈeːjaː/,*/sˌaɲtuˌandrˈeja/,*/sˌaɲˈakoo/,*/kˌalɪksˈaɲtu/,*/sˌaɲtuðˌimˈitrɪu/,*/sˌaɲtunˌikˈolao/,*/sˌappˈoɲu/,*/sˈapu/,*/sˈarka/,,,*/sˌatˈunta/,,,*/sˈalːa/,*/sˈit͡ʃa/,,*/sˈarra/,,,,,*/sˌirbɪtˈyra/,,,,,*/sˈekla/,*/sˈikula/,,*/sˌemɪlatˈyra/,,,*/sˈita/,,*/skˈala/,*/skˈamnu/,,*/skˈandulu/,,*/scˌentˈiʎa/,*/slˈawu/,,*/skˈodra/,*/skˈola/,*/scˈøpa/,,*/zɟˈyra/,*/skˈort͡ʃa/,,*/skˈulka/,*/skˈuma/,,*/skˈatu/,,*/sˈoka/,*/sˈocja/,,*/sˈola/,*/sˌulˈanu/,,*/sˈorba/,,*/sˌurtˈika/,*/sˌurtɪlɪɟˈija/,*/spˈata/,*/spˈatula/,*/spərˈet͡ʃa/,,*/spˈina/,,,*/splˌɛnˈɛtka/,*/spˈud͡ʒa/,*/spˈorta/,*/stˈawula/,*/stˈamnu/,*/stˈanku/,,*/stˈatu/,*/stˌɛrnˈaku/,*/strˈambu/,,*/strˈatu/,*/strˈiɡa/,,,*/stˈuppa/,,,*/sˌawˈiʎa/,,*/sˌulˈata/,*/sˌumˌarˈitka/,*/sˌurˌawkˈoɲu/,*/sˌubtɪrrˌanˈija/,,*/sˈujta/,,*/sˈumma/,*/sˌupɪrkˌaðˈelɪ/,,,*/sˌirˈinɡa/,*/tˌabˈɛlla/,*/tˈaktu/,*/tˌaetˈoɲu/,*/tˈaʎa/,*/tˈaʎa/,*/tˈappa/,*/tˌavˈɛrna/,,*/tˈawɾu/,,*/tˈeɡula/,,,*/tˈɛnda/,*/tərˈøːɛlːa/,*/tərˈøːɛlːa/,,*/tˌɛrrˈatku/,*/tˈist͡ʃa/,,,,*/tˈina/,*/tˈeɲa/,*/tˈinka/,,,,,,*/tˈorta/,*/trˈøːɛza/,*/trˈawu/,*/trˌaðˈoɲu/,*/trˌajˌɛktˈoru/,*/trˌajtˈoɲu/,*/trˈajta/,*/trˌasflˈoɲu/,*/trˌasɪɡˈoɲu/,,*/trˌazmˌɛd͡ʒˈoɲu/,*/trɪfˈoʎa/,,,*/trˌimɪsˈana/,*/trˈina/,,,*/trˈokta/,*/trˈumba/,,,,*/tˈuula/,*/tˈufa/,*/tˈumba/,,,*/tˈurba/,,,,*/tˈurma/,,,,*/θˈika/,,*/ˌyːntˈyra/,*/pˈupa/,,,*/βˌaɡˈoɲu/,*/βˈaku/,*/βˌalˈɛɲu/,*/βˌaʎˈeɲu/,*/βˌaˈoe̯ɲu/,*/βˈalːɪ/,*/βˌalˈøra/,*/βˈapa/,*/βˌelˈet͡ʃa/,,*/βˌɛnˈena/,,,,*/βˈera/,,,*/βˈɛrsa/,,,,*/βɪssˈika/,*/mɪssˈika/,,,,*/βˈija/,*/βˌiɟˈijlaj/,*/mɪ̃ɟˈijlaj/,*/βˈicja/,,*/βˌejtˈorja/,*/βˈijtaʎa/,*/βˈilːa/,*/βˌiɲˈalu/,,,*/βˌirɡˈanu/,*/βˈerða/,,,,,,,*/βɪtˈuʎa/,,*/βˌettˈula/,,*/βˈola/,,,,*/βˌulːɪrˈata/
R159,,,,,,,,,,,,,,,,,,,,,,,,,,,,,,,,,,,,,,,,,,,,,,,,,,,,,,,,,,,,,,,,,,,,,,,,,,,,,,,,,,,,,,,,,,,,,,,,,,,,,,,,,,,,,,,,,,,,,,,,,,,,,,,,,,,,,,,,,,,,,,,,,,,,,,,,,,,,,,,,,,,,,,,,,,,,,,,,,,,,,,,,,,,,,,,,,,,,,,,,,,,,,,,,,,,,,,,,,,,,,,,,,,,,,,,,,,,,,,,,,,,,,,,,,,,,,,,,,,,,,,,,,,,,,,,,,,,,,,,,,,,,,,,,,,,,,,,,,,,,,,,,,,,,,,,,,,,,,,,,,,,,,,,,*/mɪd͡ʒˈoɲu/,,*/mɪt͡ʃˈoɲu/,,,,,,,,,,,,,,,,,,,,,,,,,,,,,,,,,,,,,,,,,,,,,,,,,,,,,,,,,,,,,,,,,,,,,,,,,,,,,,,,,,,,,,,,,,,,,,,,,,,,,,,,,,,,,,,,,,,,,,,,,,,,,,,,,,,,,,,,,,,,,,,,,,,,,,,,,,,,,,,,,,,,,,,,,,,,,,,,,,,,,,,,,,,,,,,,,,,*/lɪvʏrˈoɲu/,,,,*/lɪsˈoɲu/,,,,,,,,,,,,,,,*/lɪvɪkˈeru/,,,,,,,,,,,,,,,,,,,,,,,,,,,,,,,,,,,,,,,,,,,,,,,,,,,,,,,,,,,,,,,,,,,,,,,,*/mɪstɪkˈoɲu/,,,,,,,,,,,,,,,,,,,,,,,,,,,,,,,,,,,,,,,,,,,,,,,,,,,,,,,,,,,,,,,,,,,,,,,,,,,,,,,,,,,,,,,,,,,,,,,,,,,,,,,,,,,,,,,,,,,,,,,,,,,,,,,,,,,,,,,,,,,,,,,,,,,,,,,,,,,,,,,,,,,,,,,,,,,,,,,,,,,,,,,,,,,,,,,,,,,,,,,,,,,,,,,,,,,,,,,,,,,,,,,,,,,,,,,,,,,,,,,,,,,,,,,,,,,,,,,,,,,,,,,,,,,,,,,,,,,,,,,,,,,,,,,,,,,,,,,,,,,,,,,,,,,,,,,,,,,,,,,,,,,,,,,,,,,,,,,,,,,,,,,,,,,,,,,,,,,,,,,,,,,,,,,,,,,,,,,,,,,,,,,,,,,,,,,,,,,,,,,,,,,,,,,,,,,,,,,,,,,,,,,,,,,,,,,,,,,,,,,,,,,,,,,,,,,,,,,,,,,,,,,,,,,,,,,,,,,,,,,,,,,,,,,,,,,,,,,,,,,,,,,
R160,,,,,,,,,,,,,,,,,,,,,,,,,,,,,,,,,,,,,,,,,,,,,,,,,,,,,,,,,,,,,,,,,,,,,,,,,,,,,,,,,,,,,,,,,,,,,,,,,,,,,,,,,,,,,,,,,,,,,,,,,,,,,,,,,,,,,,,,,,,,,,,,,,,,,,,,,,,,,,,,,,,,,,,,,,,,,,,,,,,,,,,,,,,,,,,,,,,,,,,,,,,,,,,,,,,,,,,,,,,,,,,,,,,,,,,,,,,,,,,,,,,,,,,,,,,,,,,,,,,,,,,,,,,,,,,,,,,,,,,,,,,,,,,,,,,,,,,,,,,,,,,,,,,,,,,,,,,,,,,,,,,,,,,,,,,,,,,,,,,,,,,,,,,,,,,,,,,,,,,,,,,,,,,,,,,,,,,,,,,,,,,,,,,,,,,,,,,,,,,,,,,,,,,,,,,,,,,,,,,,,,*/kəsˈyra/,*/kləsˈyra/,,,,,,,,,,,,,,,,,,,,,,,,,,,,,,,,,,,,,,,,,,,,,,,,,,,,,,,,,,,,,,,,,,,,,,,,,,,,,,,,,,,,,,,,,,,,,,,,,,,,,,,,,,,,,,,,,,,,,,,,,,,,,,,,,,,,,,,,,,,,,,,,,,,,,,,,,,,,,,,,,,,,,,,,,,,,,,,,,,,,,,,,,,,,,,,,,,,,,,,,,,,,,,,,,,,,,,,,,,,,,,,,,,,,,,,,,,,,,,,,,,,,,,,,,,,,,,,,,,,,,,,,,,,,,,,,,,,,,,,,,,,,,,,,,,,,,,,,,,,,,,,,,,,,,,,,,,,,,,,,,,,,,,,,,,,,,,,,,,,,,,,,,,,,,,,,,,,,,,,,,,,,,,,,,,,,,,,,,,,,,,,,,,,,,,,,,,,,,,,,,,,,,,,,,,,,,,,,,,,,,,,,,,,,,,,,,,,,,,,,,,,,,,,,,,,,,,,,,,,,,,,,,,,,,,,,,,,,,,,,,,,,,,,,,,,,,,,,,,,,,,,,,,,,,,,,,,,,,,,,,,,,,,,,,,,,,,,,,,,,,,,,,,,,,,,,,,,,,,,,,,,,,,,,,,,,,,,,,,,,,,,,,,,,,,,,,,,,,,,,,,,,,,,,,,,,,,,,,,,,,,,,,,,,,,,,,,,,,,,,,,,,,,,,,,,,,,,,,,,,,,,,,,,,,,,,,,,,,,,,,,,,,,,,,,,,,,,,
R161,,,,,,,,,,,,,,,,,,,,,,,,,,,,,,,,,,,,,,,,,,,,,,,,,,,,,,,,,,,,,,,,,,,,,,,,,,,,,,,,,,,,,,,,,,,,,,,,,,,,,,,,,,,,,,,,,,,,,,,,,,,,,,,,,,,,,,,,,,,,,,,,,,,,,,,,,,,,,,,,,,,,,,,,,,,,,,,,,,,,,,,,,,,,,,,,,,,,,,,,,,,,,,,,,,,,,,,,,,,,,,,,,,,,,,,,,,,,,,,,,,,,,,,,,*/ɡləmːɪrˈata/,,,,,,,,,,,,,,,,,,,,,,,,,,,,,,,,,,,,,,*/əmpləntˈoɲu/,,,,,,,,,,,,,,,,,,,,,,,,,,,,,,,,,,,,,,,,,,,,,,,,,,,,,,,,,,,,,,,,,,,,,,,,,,,,,,,,,,,,,,,,,,,,,,,,,,,,,,,,,,,,,,,,,,,,,,,,,,,,,,,,,*/kləmˈoɲu/,,,,,,,,*/kləmˈentɪ/,*/kləmːˈustu/,,,,,,,,,,,,,,,,,,,,,,,,,,,,,,,,,,,,,,,,,,,,,,,,,,,,,,,,,,,,,,,,,,,,,,,,,,,,,,,,,,,,,,,,,,,,,,,,,,,,,,,,,,,,,,,,,,,,,,,,,,,,,,,,,,,,,,,,,,,,,,,,,,,,,,,,,,,,,,,,,,,,,,,,,,,,,,,,,,,,,,,,,,,,,,,,,,,,,,,,,,,,,,,,,,,,,,,,,,,,,,,,,,,,,,,,,,,,,,,,,,,,,,,,,,,,,,,,,,,,,,,,,,,,,,,,,,,,,,,,,,,,,,,,,,,,,,,,,,,,,,,,,,,,,,,,,,,,,,,,,,,,,,,,,,,,,,,,,,,,,,,,*/pləcˈɛɲu/,,,,*/pləcˈinu/,,,,,,,,,,,,,,,,,,,,,,,,,,,,,,,,,,,,,,,,,,,,,,,,,,,,,,,,,,,,,,,,,,,,,,,,,,,,,,,,,,,,,,,,,,,,,,,,,,,,,,,,,,,,,,,,,,,,,,,,,,,,,,,,,,,,,,,,,,,,,,,,,,,,,,,,,,,,,,,,,,,,,,,,,,,,,,,,,,,,,,,,,,,,,*/splənˈɛtka/,,,,,,,,,,,,,,,,,,,,,,,,,,,,,,,,,,,,,,,,,,,,,,,,,,,,,,,,,,,,,,,,,,,,,,,,,,,,,,,,,,,,,,,,,,,,,,,,,,,,,,,,,,,,,,,,,,,,,,,,,,,,,,,,,,,,,,,,,,,,,,,,,,,,,,,,,,,,,
=Late Proto-Albanian I,null*/hˌavˌɛrrˈoɲu/,null*/bˈeŋnu/,null*/bˈeŋɲa/,null*/blˈɛwoɲɔ/,null*/vlˈɔna/,null*/vlˌɔɲˈatɔn/,null*/ˌaːðˌurˈoɲu/,null*/ˌaːðorˈɔɲɔ/,null*/ˈaer/,null*/rːˈemɪ/,null*/stɪmˈoɲu/,null*/ˈɛtta/,null*/ˈɛwa/,null*/cˈiŋɟɪ/,null*/kcˈiptu/,null*/kcˈiptrɪ/,null*/ˌuːsˈuɲa/,null*/ˈalbɑ̃ɾ̃u/,null*/əlbɑ̃ɾ̃ˈɛsu/,null*/ˈaʎu/,null*/ˌaːllɪɡˈorˈia/,null*/əltˈerɪ/,null*/əmbupˌatˈinu/,null*/əmbulˈoɲu/,null*/mˈendula/,null*/mˈiku/,null*/ˈemɪta/,null*/mˈurɡa/,null{ABSENT},null*/ˈenɟɪlu/,null*/ɲˈilːa/,null*/əŋɡˈustu/,null*/əŋɡustˈoɲu/,null*/əntˈoɲu/,null*/nˈulːa/,null*/ppˌaramˈɛntu/,null*/prˈilɪ/,null*/ˈaptu/,null*/ɔːʷrˈana/,null*/ərɟˈɛntu/,null*/ˈarma/,null*/ərmˈoɲu/,null*/ərmˈata/,null*/hˌarmɪssˈoru/,null*/ˌaːrrˈiwoɲu/,null*/ˈarku/,null*/ˈarka/,null*/ˈaskula/,null*/spˈaraɡu/,null*/ˈaspɪr/,null*/vˈɛntu/,null{ABSENT},null*/ɡˈustu/,null*/rːˈølu/,null*/ˈawru/,null*/wˈunkulu/,null*/bˈalsamu/,null*/bˈalɲa/,null*/bˌarˈatru/,null*/bˈarka/,null*/bˌarˈonɪ/,null*/bˌattˈaʎa/,null*/bˌattˈaʎa/,null*/bˌɛndkˈoɲu/,null*/bˈist͡ʃa/,null*/bˌiɲˈoru/,null*/bˈola/,null*/brˈecɪ/,null*/brˈokka/,null*/brˈøska/,null*/brˈøska/,null*/brˈyma/,null*/bˌuulcˈesu/,null*/bˌuˈulku/,null*/bˌuˈulcɪ/,null*/bˈufu/,null*/bˈulːa/,null*/bˈukka/,null*/bˈuksu/,null*/bˈurɡu/,null*/bˈuttɪ/,null*/dˈɛmɑ̃ɾ̃ɪ/,null*/dˌamnˈoɲu/,null*/dˈamnu/,null*/dˌewutˈoɲu/,null*/dˌewutˈorɪ/,null*/dˌewutˈorɪt͡ʃu/,null*/dˌewutˈyra/,null*/dˌelˌiwɪrˈoɲu/,null*/dˌekˌaptˈoɲu/,null*/dˌepˌɑ̃ɾ̃ɪtrˈoɲu/,null*/dˌepˌustˈoɲu/,null*/dˌerˌamˈoɲu/,null*/dˌesˌiðɪrˈoɲu/,null*/dˌesˌiðˈira/,null*/dˌiˈawolu/,null*/d͡ʒˈana/,null*/dˌeɡtˈoɲu/,null*/dˈeɲa/,null*/dˌirɡˈoɲu/,null*/dˌirˈejtu/,null*/dɪ/,null*/dˌiskˌawalːɪkˈoɲu/,null*/dˌiskˌarkˈoɲu/,null*/dˈiska/,null*/dˌiskˌyrtˈoɲu/,null*/dˌizbˌulːˈoɲu/,null*/mˌuðɪstɪkˈoɲu/,null*/dˌulˈørɪ/,null*/ðˌuɾˈoɲu/,null*/drˈecɪ/,null*/drˌankˈonɪ/,null*/drˈinu/,null*/drˈiwastu/,null*/dˈucɪ/,null*/dˌuplɪkˈoɲu/,null*/dˌurˈɒɲɔ/,null*/hˌeðˌektˈoɲu/,null*/kklˈisa/,null*/kku/,null*/sˈemɑ̃ɾ̃a/,null*/sˌamtˈoɲu/,null*/sˌɑ̃ɾ̃ɪmˈoɲu/,null*/sˈɛmplu/,null*/sɑ̃ɾ̃urˈoɲu/,null*/sˈeɲu/,null*/skˌawalːɪkˈoɲu/,null*/skˌalˈoɲu/,null*/skˌambˈojɲu/,null*/skˌandˈeɲu/,null*/skˌard͡ʒˈøɲu/,null*/skˌartˈoɲu/,null*/skˌatɪrrˈoɲu/,null*/skˌawðɪkˈoɲu/,null*/scˈipɪ/,null*/skˈuulu/,null*/skˌurtˈoɲu/,null*/skˈurtu/,null*/zmˈuʎa/,null*/sˈussu/,null*/spɪðɪtˈoɲu/,null*/spˈɛðɪtu/,null*/spˌɛlːˈawoɲu/,null*/spˌɛrlˈawoɲu/,null*/hˌɛrˌimˈoɲu/,null*/stˌɛnˈoɲu/,null*/strˈyðu/,null*/sˌuŋɡulˈoɲu/,null*/zbeɟɪlˈoɲu/,null*/lˈiɟia/,null*/pˌeskˈɔpu/,null*/pˈeskopu/,null{ABSENT},null*/pˌeskopˈia/,null*/rːˌaðɪkˈoɲu/,null*/rːɪmˈitu/,null*/ˈirɪcju/,null*/rːɪˈyːla/,null*/ˈeska/,null*/wanɟˈilu/,null*/ˌyːˈoe̯jɲu/,null*/fˈaːrka/,null*/fˌaːrkˈoɲu/,null*/fˈaɡu/,null*/fˌaʎˈeɲu/,null*/fˌalːˈeɲu/,null*/fˈaʎu/,null*/fˌaˈoe̯ɲu/,null*/fˌalcˈiɲa/,null*/fˌalkˈonɪ/,null*/fˈacje/,null*/fˌajtˈyra/,null*/fˈama/,null*/fˌamˈiʎa/,null*/fˈamulu/,null*/fˈanɡo/,null*/fˌarɑ̃ɾ̃ˈoɲu/,null*/fˌarɑ̃ɾ̃ˈata/,null*/fˈarmaku/,null*/fˈasca/,null*/fˌiðjˈola/,null*/fˈatu/,null*/fˈawaʎa/,null*/fˌɛwrˈoru/,null*/fˈemɑ̃ɾ̃a/,null*/fˌɛnˈɛstra/,null*/fˌɛrrˈuska/,null{ABSENT},null*/fɪðˈoɲu/,null*/fˈiku/,null*/fˌiʎˈanu/,null*/fˈelɪka/,null*/fˌeʎˈestɪr/,null*/fˌulːɪcˈetu/,null*/fˈilu/,null*/fˌirɡlˈinu/,null*/fɪssˈikula/,null*/fɪstulˈoɲu/,null*/flˈakula/,null*/flˈakula/,null*/flˈamɪɲa/,null*/flˈaska/,null*/flˈokku/,null*/flˌorˈinu/,null*/flˌuktulˈoɲu/,null*/fˌuʎˈata/,null*/fˌurmˈɛlːa/,null*/fˈurnɪcɪ/,null*/fˌurnɪcˈija/,null*/fˈortɪ/,null*/fˌurtˈuna/,null*/fˈussa/,null*/fˌussˈatu/,null*/frˈaksɑ̃ɾ̃u/,null{ABSENT},null{ABSENT},null*/frˈena/,null*/frˈenu/,null*/frˌiɡˈoɲu/,null*/frˌiɡulˈoɲu/,null*/frˌikˈoɲu/,null*/flˌektˈerja/,null*/frˈytu/,null*/fˌulcˈija/,null*/fˌonːˈeru/,null*/fˈundu/,null*/fˈurka/,null*/fˈurnu/,null*/fˈuscɪɲa/,null*/fˌuscɪɲˈoru/,null*/fˈustulu/,null*/fˈutu/,null*/ɡˈelbɑ̃ɾ̃u/,null*/ɡˈalɡulu/,null*/ɡˌalːɪnˈat͡ʃa/,null*/ɡˈelːɪ/,null*/ɡˈatta/,null*/ɡˈattu/,null*/ɡˈawd͡ʒu/,null*/ɡˌawd͡ʒumˈɛntu/,null*/ɡˌɛmˈoɲu/,null*/ɡˌenˈija/,null*/ɡˈɛstra/,null*/ɡˈintɪ/,null*/ɡɪˈørɟɪu/,null{ABSENT},null*/ɡlˈɛmu/,null*/lˈirɪ/,null*/ɡləmːɪrˈata/,null*/ɡrˈɛku/,null{ABSENT},null*/ɡrˈatu/,null*/ɡrˈiɟɪ/,null*/ɡrˈimu/,null*/ɡrˌuˈilːa/,null*/ɡrˌumulˈoɲu/,null*/ɡrˈumulu/,null*/ɡrˈipsa/,null*/ɡˈula/,null*/ɡˈumma/,null*/ɡˈunːa/,null*/ɡˈutta/,null*/ɡˈiru/,null*/stˈiʎa/,null*/vɪrnˈinu/,null*/vˌɛrnˈid͡ʒa/,null*/hˈinːɪkula/,null*/nːɪkulˈoɲu/,null*/ərndzˈoɲu/,null*/hˈøra/,null*/ˌuːrrˈeɲu/,null*/ɟˈonu/,null*/jˌaːnnˈeru/,null*/ɟˌiɑ̃ɾ̃ˈoɲu/,null*/kˈɔna/,null*/ˈiʎa/,null*/ˈilɪcɪ/,null{ABSENT},null*/əmparˈoɲu/,null*/əmpˌɛratˈessa/,null*/pˌɛrantˈessa/,null*/əmpˌɛrˌatˈorɪ/,null*/pˌɛrantˈorɪ/,null*/əmpɪrˌaturˈessa/,null*/əmpɪrˈetu/,null*/əmpɪrˈetor/,null*/əmpləntˈoɲu/,null*/əmplˈoɲu/,null*/əmmˈunɪ/,null*/nˈalta/,null*/nˌalt͡ʃˈoɲu/,null*/nˈaltu/,null*/nˌawrtˈoɲu/,null*/ənbˌurːˈanu/,null*/əndˌespkˈoɲu/,null{ABSENT},null*/əndˌikˈoɲu/,null*/əndˌektˈoɲu/,null*/əndˌeritˈoɲu/,null*/əndˌerˈejt͡ʃu/,null*/əndˌoʎˈeɲu/,null*/fˌascˈoɲu/,null*/fˈɛrnu/,null*/əŋɡanɲˈeɲu/,null*/əŋɡrˈata/,null*/ˌɑ̃ːɾ̃ɪmˈiku/,null*/ənkˌawalːɪkˈoɲu/,null*/ənkˌarkˈoɲu/,null*/ənkˌawsɑ̃ɾ̃ˈojɲu/,null*/ənkuɲˌirˈoɲu/,null*/ənkˌusulˈoɲu/,null*/ənkˈorðu/,null*/kˈuðɪ/,null*/kˈuðɑ̃ɾ̃ɪ/,null*/ənkˌuɲˈoɲu/,null*/nːˈoku/,null*/nˈoffula/,null*/ənpˌekkˈatu/,null*/ənpɪsˈoɲu/,null*/sˈeɲa/,null*/ˈisula/,null*/əntˌɛlːɪɡˈoɲu/,null*/əntɪɡrˈoɲu/,null*/əntɪr/,null*/əntɪɲˈoɲu/,null*/mˌɛrnˈaʎa/,null*/vˈɛrnu/,null*/mɪd͡ʒˈoɲu/,null*/βɪtˈoɲu/,null*/mɪt͡ʃˈoɲu/,null*/ɟˈoanːɪ/,null{ABSENT},null*/ˈira/,null*/ɟˌyðɪkˈoɲu/,null*/ɟˌyðɪkˈata/,null*/ɟˈyðɪcju/,null*/ɟˌyntˈyra/,null*/ɟˈyntu/,null*/ɟˌyrˈoɲu/,null*/ɟˌuvˈɛnka/,null*/kˈɛka/,null*/kˈɛlu/,null*/kˌalamˈetu/,null*/kˈalamu/,null*/kˌalˈanda/,null*/kˌalɪndˈoru/,null*/kˈelɪcɪ/,null*/kˌalcˈerja/,null*/kˈelːɪ/,null*/kˈamba/,null*/kˌambˈojɲu/,null*/kˈemɪra/,null*/kˌampˈana/,null*/kˌampˈona/,null*/kˌamˈisa/,null*/kˈanapɪ/,null*/kˌandˈela/,null*/kˈenɪ/,null*/kˈanːa/,null*/kˌanːˈata/,null*/kˌanːˈetu/,null*/kˌantˈoɲu/,null*/kˈantaru/,null*/kˈanka/,null*/kˌancˈɛlːu/,null*/kˌappˈɛlːa/,null*/kˌaprˈolu/,null*/kˌapsˈata/,null*/kˌapsˈoɲu/,null*/kˌapˈestru/,null*/kˌaptˈina/,null*/kˌapˈonɪ/,null*/kˈepru/,null*/kˈaptɪ/,null*/kˈerːjɛ/,null*/kˌarpˈut͡ʃu/,null{ABSENT},null*/kˌermɲˈoɲu/,null*/kˈarra/,null*/kˈerrɪ/,null*/kˌarrˌikulˈoɲu/,null*/kˌarsˈana/,null*/kˈarta/,null*/kˈesɑ̃ɾ̃a/,null*/kˌastˈaɲa/,null*/kˌastɑ̃ɾ̃ˈɛttu/,null*/kˌastˈɛlːa/,null*/kˌastˈɛlːu/,null{ABSENT},null{ABSENT},null*/kˈɛlla/,null*/kˈintɪ/,null*/kˈɛntru/,null*/kˌɛntrˈoɲu/,null*/kˈepa/,null*/kˌepˈulːa/,null*/kˌɛrasˈoru/,null*/kərˈøːɛlːu/,null*/kərˈøːru/,null*/cˈarru/,null*/kˌɛrsˈedra/,null*/kˌɛrtˈoɲu/,null*/cˈoɲu/,null*/ənkˈala/,null*/kˈicɪrɪ/,null*/kkˈorja/,null*/kˈimɪka/,null*/kˌimˈussa/,null*/kˈiŋɡula/,null*/kˌerkˈoɲu/,null*/kˌercˈɛlːa/,null*/cˈarkulu/,null*/cˈarku/,null*/kˈitru/,null*/kˌyːtˈetɪ/,null*/kləmˈoɲu/,null*/klˌarˈoɲu/,null*/klˈarta/,null*/klˈawɑ̃ɾ̃u/,null*/klˌyːtˈyra/,null*/klˌawrˈyla/,null*/kəsˈyra/,null*/kləsˈyra/,null*/kləmˈentɪ/,null*/kləmːˈustu/,null*/kˌuˌemtˈoɲu/,null*/kˌuʎɪtˈoɲu/,null*/kˌuŋnˈatu/,null*/kˌuˌerˈiðɪ/,null*/kˌuˈiɲu/,null*/kˌulˈoɲu/,null*/kˌulːˈarɪ/,null*/kˌulːˌukt͡ʃˈoɲu/,null*/kˌulːˌyktˈoɲu/,null*/kˌulːˌimɪtˈoɲu/,null*/kˌulˈostru/,null*/kˌulumbɑ̃ɾ̃ˈija/,null*/kˌulumnˈet͡ʃa/,null*/kˈunka/,null*/kˈokka/,null*/kˈokcju/,null*/kˈoku/,null*/kˈoksa/,null*/kˌoktˈoru/,null*/kˈoma/,null*/kˌummˈɛrcju/,null*/kˌummɑ̃ɾ̃ɪkˈoɲu/,null*/kˈumtɪr/,null*/kˌupˌutˈoɲu/,null*/kˌupˌutˈoɲu/,null*/kˈumtu/,null*/kˌufˈiɲu/,null*/kˌusˈilːu/,null*/kˌuskrˌeptˈoɲu/,null*/kˌusˌurˈinu/,null*/kˌustˈoɲu/,null*/kˈusulɪ/,null*/kˌutˌɛntˈoɲu/,null*/kˈuntra/,null*/kˌuntrˈolu/,null*/kˌuntrastˈoru/,null*/kˌunˈukula/,null*/kˌuvˌɛntˈoɲu/,null*/kˌuvˈɛntu/,null*/kˌupɪrtˈyra/,null*/kˈorbula/,null*/kˈorða/,null*/kˈorːju/,null*/kˌurnˈikulu/,null*/kˌɔrnˈuta/,null*/kˌurˈona/,null*/kˈorpu/,null{ABSENT},null*/kˌurtˈina/,null*/kˈoru/,null*/kˌurbˈinu/,null*/kˈorbu/,null*/kˈossu/,null*/ktˈoɲu/,null*/kˌuttɪdzˈoɲu/,null*/krˈapulu/,null*/krˌiˈoɲu/,null*/krˌiˈet͡ʃa/,null*/krˌiatˈyra/,null*/krˈetku/,null*/krˈezma/,null*/krˌezmˈoɲu/,null*/krˈespa/,null*/krˈesta/,null*/krɪstˈena/,null*/krɪstntˈelɪ/,null*/krˈistu/,null*/krˈokulu/,null*/krˈusku/,null*/krˈucɪ/,null*/krˈupta/,null*/kˈuutu/,null*/kkˈurbuta/,null*/kˈukuru/,null*/kˌukˈuːta/,null*/kˈultra/,null*/kˈulmɪ/,null*/kˈumulu/,null*/kˈulumu/,null*/kˈuɲu/,null*/kˌuɲˈoɲu/,null*/kˌuntˈoɲu/,null*/kˈuppu/,null*/kˈuppa/,null*/kˌyrˈoɲu/,null*/kˌurt͡ʃˈøɲu/,null*/kˌarrˈiɡa/,null*/kˌarrˈesɪma/,null*/kˈodru/,null*/kˌɛrˈoɲu/,null*/kˈarta/,null*/kˈorta/,null*/kˈortu/,null*/kˌasˈilːu/,null*/kˌy/,null*/kˈetu/,null*/kˈys/,null*/kˈima/,null*/kˈipru/,null*/lɪvʏrˈoɲu/,null*/lˌawrˈuska/,null*/lˌakˈonɪ/,null*/lˈaksa/,null*/lɪsˈoɲu/,null*/lˈaku/,null*/lˌaŋɡˈoɲu/,null*/lˌaŋɡˈyra/,null*/lˌaŋɡˈørɪ/,null*/lˌancjˈerja/,null*/lˌapˈatja/,null*/lˈarɡu/,null*/lˈarðu/,null*/lˈassu/,null*/lˌatˈinu/,null*/lˈawoɲu/,null*/lˌawatˈyra/,null{ABSENT},null{ABSENT},null*/lɪvɪkˈeru/,null*/lˈawru/,null*/lˈiɟɪ/,null*/lˌɛntˈoɲu/,null*/ʎˈonɪ/,null*/lˈɛpurɪ/,null*/lˈɛpuʎɪ/,null*/lˈɛpra/,null*/lˈiwɪru/,null{ABSENT},null*/lˌiwɪrˈoɲu/,null*/lˌiɡatˈyra/,null*/lˈilːu/,null*/lˈicju/,null*/lˈima/,null*/lˌimˈoɲu/,null*/lˈinu/,null*/lˈiɲa/,null*/lˌeppɪtˈyra/,null*/lˈessu/,null*/lˈettɪra/,null*/lˌyðˈoɲu/,null*/lˌucˈɛrna/,null*/lˈukru/,null*/lˈukta/,null*/lˌuktˈoɲu/,null*/lˌuktatˈorɪ/,null*/lˈuntrɪ/,null*/lˌupkˈatu/,null*/lˌupcˈɛrbulu/,null*/lˈystru/,null*/mˈɛstru/,null*/mˌẽɟˈija/,null*/mˌaːstɪrˈoɲu/,null*/mˌaːstˈɛrku/,null*/mˌajˈerja/,null*/mˈaju/,null*/mˌaluðɪkˈoɲu/,null*/mˌalːɪt͡ʃˈola/,null*/mˌẽðjˈola/,null*/mˌalˈetu/,null*/mˈaʎu/,null*/mˌalɪt͡ʃˈoɲu/,null*/mˌalˌaŋɟˈɛɲu/,null*/mˈalu/,null*/mˌɨnˈɔɲɔ/,null*/mˈanka/,null*/mˌankˈoɲu/,null*/mˌanpulˈoɲu/,null*/mˈanɲa/,null*/mˈanku/,null*/mˈanka/,null*/mˌankˈoɲu/,null*/mˈancɑ̃ɾ̃u/,null*/mˈaɲtu/,null*/mˈarɟɑ̃ɾ̃ɪ/,null*/mˌarˈija/,null*/mˌarɪkˈɔsu/,null*/mˌarɪlˈycju/,null*/mˌartˈoɲu/,null*/mˌartˈoɲu/,null*/mˌartˈet͡ʃa/,null*/mˈarku/,null*/mˈarmurɪ/,null*/mˌarcˌinˈetu/,null*/mˈartɪ/,null*/mˌartˈinu/,null*/mˈart͡ʃu/,null*/mˈaru/,null*/mˌarˈunu/,null*/mˈaskulu/,null*/mˈassa/,null*/mɪstɪkˈoɲu/,null*/mˌẽtˈaksu/,null{ABSENT},null*/mˌẽtrˈikula/,null*/mˌẽtt͡ʃˈukku/,null*/mɪðɪkˈoɲu/,null*/mɪðɪkˈastru/,null*/mˈɛðɪku/,null*/mɪðɪtˈoɲu/,null*/mˈɛd͡ʒu/,null*/mɪsˈøra/,null*/mˈɛnta/,null*/mˈɛntɪ/,null*/mˌɛrɪd͡ʒˈøɲu/,null*/mˌɛrˈid͡ʒɛ/,null*/mˌɛrɡˈoɲu/,null*/mˌɛrcˈeru/,null*/mˌɛrkˈura/,null*/mˌɛrulˈaɲa/,null*/mˈɛtula/,null*/mˌeɡrˈoɲu/,null*/mˈiʎa/,null*/mˌɑ̃ɾ̃ɪstrˈoɲu/,null*/mˌirˈekulu/,null*/mˌirˌakulˈoɲu/,null*/mˌirˈojɲu/,null*/mˈessa/,null*/mɪsɪrˈerɪ/,null*/mɪsˈira/,null*/mˈud͡ʒu/,null*/mˈoðu/,null*/mˌulˈarɪ/,null*/mˌulˈinu/,null*/mˌemːˈɛntu/,null*/mˈunaku/,null*/mˈɔstru/,null*/mˌurtˈaʎa/,null*/mˈortɪ/,null*/mˈyku/,null*/mˈula/,null*/mˌulkˈoɲu/,null*/mˈylu/,null*/mˌurmurˈoɲu/,null*/mˈyru/,null*/mˌuscɪlˈoru/,null*/mˌuskˈoɲa/,null*/mˈuskulu/,null*/mˈysku/,null*/mˈustu/,null*/mˌircˈiɲa/,null*/mˈerra/,null*/nˈappa/,null*/nˌatˈyra/,null*/mˈɛɡula/,null*/nˈinːa/,null*/ənkˌarðˌulːˈicja/,null*/nˈøðu/,null*/nˈøðulu/,null*/nˌemːɑ̃ɾ̃ˈoɲu/,null*/nˈonːu/,null*/nˌotˈoɲu/,null*/nˈoastru/,null*/nˌoˈɛrka/,null*/nˌumɪrˈoɲu/,null*/nˈumɪru/,null*/nˈupt͡ʃa/,null*/blˈata/,null*/fˈɛlːa/,null*/ˌuːʎˈastru/,null*/ˈostru/,null*/ˈoʎu/,null*/ˌuːlˈiwɑ̃ɾ̃u/,null*/ˈøpɪra/,null*/ˌuːrˈoɲu/,null*/ˈørbu/,null*/ˌuːrðɑ̃ɾ̃ˈoɲu/,null*/ˌuːrðɑ̃ɾ̃ˈata/,null*/ˈørðɑ̃ɾ̃ɪ/,null*/ˈornu/,null*/ˈorfɑ̃ɾ̃u/,null*/ˌuːstˈoɲu/,null*/ˈøtu/,null*/ˈøat͡ʃa/,null*/ˈøa/,null*/pˌawulˈoɲu/,null*/pˌaðˈylɪ/,null*/pˌɛntˈeɲu/,null*/pˌɛntˈit͡ʃa/,null*/pˌaɡˈana/,null*/pˌaɡatˈyra/,null{ABSENT},null*/pˈala/,null*/pˈaʎa/,null*/pˌalˈumbu/,null*/pˈacɪ/,null*/pˌajtˈoɲu/,null*/pˈajtu/,null*/pˌalˈat͡ʃu/,null*/pˈar/,null*/pərˈawula/,null*/pˌaraðˈiːzu/,null*/pərˈoɲu/,null*/pərˈoɲu/,null*/pˌarɪntˈoɲu/,null*/pərˈintɪ/,null*/frˌasˈolu/,null*/fˌasˈolu/,null*/pˈaska/,null*/pˈassu/,null*/pˌastʏrˈaku/,null*/pˌat͡ʃˈoɲu/,null*/paˈyːkula/,null*/pˈawku/,null*/pˈawlu/,null*/pˌawlˈoɲu/,null*/pˌawulˈonɪ/,null*/pˈɛðɪka/,null*/pˈɛndɪka/,null*/əmpˈɛðɪka/,null*/pˌɛkˈulːu/,null*/pˈesa/,null*/pɪsˈoɲu/,null*/pˈɛpɑ̃ɾ̃ɪ/,null*/pˌɛr/,null*/pˈɛrɡula/,null*/pˌerhˈøra/,null*/pˌɛrˌendulˈeɲu/,null*/əndˌulˈeɲu/,null*/pˌɛrpˌarˈoɲu/,null*/pˌɛrpˌarˈoɲu/,null*/pˌɛrbeɟɪlˈoɲu/,null*/pɪssɪkˈoɲu/,null*/pˈɛssɪka/,null{ABSENT},null*/pˈɛtru/,null*/pˈɛtt͡ʃa/,null*/pˈeŋnu/,null*/pˌeːrtˈoɲu/,null*/pˈijta/,null*/pˈila/,null*/pˈila/,null*/pˈila/,null*/pˈilːu/,null*/pˈenːa/,null*/pˈipa/,null*/pˈescɪ/,null*/pˌeskatˈorɪ/,null*/bɪstˈaʎa/,null*/pɪstˈerja/,null*/pˈetta/,null*/pˈettɪku/,null*/pˈettula/,null*/plˈaɡa/,null*/pləcˈɛɲu/,null*/plˈanku/,null*/plˈanku/,null*/pˈaltɪɲa/,null*/pləcˈinu/,null*/plˈijt͡ʃu/,null*/plˈøpu/,null*/plˈumbu/,null*/pˌʊlˈanta/,null*/pˌulːɪkˈoe̯ru/,null*/pˌulːɪkˈerɪ/,null*/pˈemːa/,null*/pˈorru/,null*/pˈorru/,null*/pˈopulu/,null*/pˈorrɪcju/,null*/pˌurrɑ̃ɾ̃ˈija/,null*/pˌurrˈinu/,null*/pˈorta/,null*/pˌusˈoɲu/,null*/pˈostɪ/,null*/pˈostɪro/,null*/pˌustˈoɲu/,null*/pˌustˈetɪ/,null*/pˈottu/,null{ABSENT},null*/prˈɛða/,null*/prˌɛðˈoɲu/,null*/prˌɛˈiɲu/,null*/prˈevɪtɪr/,null*/prˌimavˈera/,null*/prˈincɪ/,null{ABSENT},null{ABSENT},null*/prˌoˈiwoɲu/,null*/prˈoksɪmu/,null*/prˌosɪmˈoɲu/,null*/prˌemːˌettˈoɲu/,null*/pˈulɪka/,null*/pˈulɪku/,null*/pˈulːa/,null*/pˈulːu/,null*/pˈulpa/,null*/pˈulbɛrɪ/,null*/pˈuŋɡa/,null*/pˈuɲta/,null*/pˈuppa/,null*/pˈut͡ʃu/,null*/pˌuttˈana/,null*/fˈaru/,null*/rːˌaðˈoɲu/,null*/rːˈed͡ʒa/,null*/rːˌaðˈika/,null*/rːˌaðˈikula/,null*/rːˈemɪ/,null*/rːˈapa/,null*/rːˈepɪ/,null*/rːˈapu/,null*/rːˈalu/,null{ABSENT},null*/rːˌastˈɛlːu/,null*/ˌaːrrˌat͡ʃˈønɪ/,null*/rːˈewa/,null*/rːɪfˈɛrɲu/,null{ABSENT},null*/rːˈeɡulu/,null*/kˈosu/,null*/rːˈemu/,null*/rːˌɛndˈeɲu/,null*/rːɪsˈina/,null*/rːɪsˌurɡˈoɲu/,null*/rːˈetɪ/,null*/rːˈestɪ/,null*/rːˈetɑ̃ɾ̃a/,null*/rːˌiɡˈoɲu/,null*/rːˈicɑ̃ɾ̃u/,null*/rːˌimˈoɲu/,null*/rːˈipa/,null{ABSENT},null*/rːˈokka/,null*/rːˌemːˈanu/,null*/rːˈumbu/,null*/rːˈumbulu/,null*/rːˌufˈɛa/,null*/rːɪsˈaʎa/,null*/rːˌospˈoɲa/,null*/rːˈota/,null*/rːˈotulu/,null*/rːˌotˈunda/,null*/rːˌynˈoɲu/,null*/rːˌunkˈoɲu/,null*/rːˈuðɪ/,null*/rːˈuɡa/,null*/rːˌumpˈɛɲu/,null*/rːˈuskulu/,null*/rːˈyta/,null*/sˌawˈurru/,null*/sˈɛkulu/,null*/sˌaɟˈetta/,null*/sˌɛttˈoɲu/,null*/sˌaʎɪttˈoɲu/,null*/sˈaɡu/,null*/sˈakkulu/,null*/sˌakrˈoɲu/,null*/sˈelɪcjɛ/,null*/sˈelɪka/,null*/sˈelɪncɪɛ/,null*/sˌelɪcˈetu/,null*/sˌelˈina/,null*/sˌelˈiɲu/,null*/sˌalbˈoɲu/,null*/sˌelbˈat͡ʃa/,null*/sˌelbˈɛlːa/,null*/sɐɾˈoɲu/,null*/sˌantˈetɪ/,null*/sˌɑ̃ɾ̃ɪtˈɔsu/,null*/sˌaŋɡuɲˈata/,null*/sˌuɲsˈuɲa/,null*/sˌantrɪnˌitˈetɪ/,null*/sˈaɲtu/,null*/sˌaɲtumˌixaˈilo/,null*/sˌantuˌandrˈeːjaː/,null*/sˌaɲtuˌandrˈeja/,null*/sˌaɲˈakoo/,null*/kˌalɪksˈaɲtu/,null*/sˌaɲtuðˌimˈitrɪu/,null*/sˌaɲtunˌikˈolao/,null*/sˌappˈoɲu/,null*/sˈapu/,null*/sˈarka/,null*/sˌelɪcɑ̃ɾ̃ˈoru/,null*/sˌermˈɛntu/,null*/sˌatˈunta/,null*/sˌɛkrˈetu/,null*/sˌɛkˈoɲu/,null*/sˈalːa/,null*/sˈit͡ʃa/,null*/sˈirɟɪu/,null*/sˈarra/,null*/sˌɛrtˈoɲu/,null*/sˌɛrbˈeɲu/,null*/sˌɛrbˈet͡ʃu/,null*/sˌirbɪtˈorɪ/,null*/sˌirbɪtˈyra/,null*/sˈɛssu/,null*/sˌeŋnˈoɲu/,null*/sˈeŋnu/,null*/sˈiː/,null*/sˈekla/,null*/sˈikula/,null*/sˌemɪlˈojɲu/,null*/sˌemɪlatˈyra/,null*/sˈinu/,null*/sˈerpu/,null*/sˈita/,null*/zɟˈebjɛ/,null*/skˈala/,null*/skˈamnu/,null*/scˈemnɪ/,null*/skˈandulu/,null{ABSENT},null*/scˌentˈiʎa/,null*/slˈawu/,null*/sklˈøppu/,null*/skˈodra/,null*/skˈola/,null*/scˈøpa/,null*/skˌɔpˈetu/,null*/zɟˈyra/,null*/skˈort͡ʃa/,null*/skrˈiwoɲu/,null*/skˈulka/,null*/skˈuma/,null*/scˈytu/,null*/skˈatu/,null*/sˈulku/,null*/sˈoka/,null*/sˈocja/,null*/sˈocju/,null*/sˈola/,null*/sˌulˈanu/,null*/sˈolu/,null*/sˈorba/,null*/sˈortɪ/,null*/sˌurtˈika/,null*/sˌurtɪlɪɟˈija/,null*/spˈata/,null*/spˈatula/,null*/spərˈet͡ʃa/,null*/spərˈojɲu/,null*/spˈina/,null*/spˈirtu/,null*/spˈessu/,null*/splənˈɛtka/,null*/spˈud͡ʒa/,null*/spˈorta/,null*/stˈawula/,null*/stˈamnu/,null*/stˈanku/,null*/stˈetɪ/,null*/stˈatu/,null*/stˌɛrnˈaku/,null*/strˈambu/,null*/strˈembɑ̃ɾ̃u/,null*/strˈatu/,null*/strˈiɡa/,null*/strˈeɲtu/,null*/strˌeŋɡˈoɲu/,null*/stˈuppa/,null*/stˌuppˈoɲu/,null*/stˈurnu/,null*/sˌawˈiʎa/,null*/sˌeðˈoɲu/,null*/sˌulˈata/,null*/sˌumˌarˈitka/,null*/sˌurˌawkˈoɲu/,null*/sˌubtɪrrˌanˈija/,null*/sˌuffɪrˈeɲu/,null*/sˈujta/,null*/sˌujtˈoɲu/,null*/sˈumma/,null*/sˌupɪrkˌaðˈelɪ/,null{ABSENT},null*/sˈurðu/,null*/sˌirˈinɡa/,null*/tˌabˈɛlla/,null*/tˈaktu/,null*/tˌaetˈoɲu/,null*/tˈaʎa/,null*/tˈaʎa/,null*/tˈappa/,null*/tˌavˈɛrna/,null*/tˈewɾɪ/,null*/tˈawɾu/,null*/tˈiɡmɑ̃ɾ̃ɪ/,null*/tˈeɡula/,null{ABSENT},null{ABSENT},null*/tˈɛnda/,null*/tərˈøːɛlːa/,null*/tərˈøːɛlːa/,null*/tˌɛrrɪmˈøtu/,null*/tˌɛrrˈatku/,null*/tˈist͡ʃa/,null*/əntˌɛstmˈoɲu/,null*/tˌimˈonɪ/,null*/tˌemˈørɪ/,null*/tˈina/,null*/tˈeɲa/,null*/tˈinka/,null*/tˈinːunkulu/,null*/tˈitulu/,null*/tˌukkˈoɲu/,null*/tˈorkulu/,null*/tˈornu/,null*/tˈorta/,null*/trˈøːɛza/,null*/trˈawu/,null*/trˌaðˈoɲu/,null*/trˌajˌɛktˈoru/,null*/trˌajtˈoɲu/,null*/trˈajta/,null*/trˌasflˈoɲu/,null*/trˌasɪɡˈoɲu/,null*/trˈiwulu/,null*/trˌazmˌɛd͡ʒˈoɲu/,null*/trɪfˈoʎa/,null*/trɪfˈilːu/,null*/trɪfˈurku/,null*/trˌimɪsˈana/,null*/trˈina/,null*/trˈistɪ/,null*/trˌyðɪkulˈiɲu/,null*/trˈokta/,null*/trˈumba/,null*/trˌuskˈoe̯ɲu/,null*/trˈunku/,null*/tˌurt͡ʃˈøɲu/,null*/tˈuula/,null*/tˈufa/,null*/tˈumba/,null*/tˈumulu/,null*/tˈundu/,null*/tˈurba/,null*/tˌurbˈoɲu/,null*/tˌurbulˈoɲu/,null*/tˈurbulu/,null*/tˈurma/,null{ABSENT},null*/tˈurrɪ/,null*/tˈurturɪ/,null*/θˈika/,null*/ˌuːnkˈoɲu/,null*/ˌyːntˈyra/,null*/pˈupa/,null*/ˌuːrulˈiɲu/,null*/ˌuːtrˈinu/,null*/βˌaɡˈoɲu/,null*/βˈaku/,null*/βˌalˈɛɲu/,null*/βˌaʎˈeɲu/,null*/βˌaˈoe̯ɲu/,null*/βˈalːɪ/,null*/βˌalˈøra/,null*/βˈapa/,null*/βˌelˈet͡ʃa/,null*/βˈelu/,null*/βˌɛnˈena/,null*/βˌɛnˈenu/,null*/βˈɛɲu/,null*/βɪtˌilˈoɲu/,null*/βˈera/,null*/βˌertˈetɪ/,null*/βˌɛrrˈikulu/,null*/βˈɛrsa/,null*/βˌɛrsˈoɲu/,null*/βˌɛskˈojɲu/,null*/βˈesku/,null*/βɪssˈika/,null*/mɪssˈika/,null*/βˌɛstɡˈoɲu/,null*/βˈɛst͡ʃu/,null*/βˈɛtɪrɪ/,null*/βˈija/,null*/βˌiɟˈijlaj/,null*/mɪ̃ɟˈijlaj/,null*/βˈicja/,null*/βˌicˈinu/,null*/βˌejtˈorja/,null*/βˈijtaʎa/,null*/βˈilːa/,null*/βˌiɲˈalu/,null*/mɪ̃ɟˈijlu/,null*/βˈirɟɑ̃ɾ̃ɪ/,null*/βˌirɡˈanu/,null*/βˈerða/,null*/βˈerðɪ/,null*/βˌertˈytɪ/,null*/βɪstˈoɲu/,null*/βˈestulu/,null*/βˈesku/,null*/βˈet͡ʃu/,null*/βɪtˈuʎa/,null*/βˈitrɪku/,null*/βˌettˈula/,null*/βˈiwoɲu/,null*/βˈola/,null*/βˈolpulu/,null*/βˌuluntˈetɪ/,null*/βˈomɪ/,null*/βˌulːɪrˈata/
R162,,,,,,,,,,,,,,,,,,,,,,,,,,,,,,,,,,,,,,,,,,,,,,,,,,,,,,,,,,,,,,,,,,,,,,,,,,,,,,,,,,,,,,,,,,,,,,,,,,,,,,,,,,,,,,,,,,,,,,,,,,,,,,,,,,,,,,,,,,,,,,,,,,,,,,,,,,,,,,,,,,,,,,,,,,,,,,,,,,,,,,,,,,,,,,,,,,,,,,,,,,,,,,,,,,,,,,,,,,,,,,,,,,,,,,,,,,,,,,,,,,,,,,,,,,,,,,,,,,,,,,,,,,,,,,,,,,,,,,,,,,,,,,,,,,,,,,,,,,,,,,,,,,,,,,,,,,,,,,,,,,,,,,,,,,,,,,,,,,,,,,,,,,,,,,,,,,,,,,,,,,,,,,,,,,,,,,,,,,,,,,,,,,,,,,,,,,,,,,,,,,,,,,,,,,,,,,,,,,,,,,,,,,,,,,,,,,,,,,,,,,,,,,,,,,,,,,,,,,,,,,,,,,,,,,,,,,,,,,,,,,,,,,,,,,,,,,,,,,,,,,,,,,,,,,,,,,,,,,,,,,,,,,,,,,,,,,,,,,,,,,,,,,,,,,,,,,,,,,,,,,,,,,,,,,,,,,,,,,,,,,,,,,,,,,,,,,,,,,,,,,,,,,,,,,,,,,,,,,,,,,,,,,,,,,,,,,,,,,,,,,,,,,,,,,,,,,,,,,,,,,,,,,,,,,,,,,,,,,,,,,,,,,,,,,,,,,,,,,,,,,,,,,,,,,,,,,,,,,,,,,,,,,,,,,,,,,,,,,,,,,,,,,,,,,,,,,,,,,,,,,,,,,,,,,,,,,,,,,,,,,,,,,,,,,,,,,,,,,,,,,,,,,,,,,,,,,,,,,,,,,,,,,,,,,,,,,,,,,,,,,,,,,,,,,,,,,,,,,,,,,,,,,,,,,,,,,,,,,,,,,,,,,,,,,,,,,,,,,,,,,,,,,,,,,,,,,,,,,,,,,,,,,,,,,,,,,,,,,,,,,,,,,,,,,,,,,,,,,,,,,,,,,,,,,,,,,,,,,,,,,,,,,,,,,,,,,,,,,,,,,,,,,,,,,,,,,,,,,,,,,,,,,,,,,,,,,,,,,,,,,,,,,,,,,,,,,,,,,,,,,,,,,,,,,,,,,,,,,,,,,,,,,,,,,,,,,,,,,,,,,,,,,,,,,,,,,,,,,,
R163,,,,,,,,,,,,,,,,,,,,,,,,,,,,,,,,,,,,,,,,,,,,,,,,,,,,,,,,,,,,,,,,,,,,,,,,,,,,,,,,,,,,,,,,,,,,,,,,,,,,,,,,,,,,,,,,,,,,,,,,,,,,,,,,,,,,,,,,,,,,,,,,,,,,,,,,,,,,,,,,,,,,,,,,,,,,,,,,,,,,,,,,,,,,,,,,,,,,,,,,,,,,,,,,,,,,,,,,,,,,,,,,,,,,,,,,,,,,,,,,,,,,,,,,,,,,,,,,,,,,,,,,,,,,,,,,,,,,,,,,,,,,,,,,,,,,,,,,,,,,,,,,,,,,,,,,,,,,,,,,,,,,,,,,,,,,,,,,,,,,,,,,,,,,,,,,,,,,,,,,,,,,,,,,,,,,,,,,,,,,,,,,,,,,,,,,,,,,,,,,,,,,,,,,,,,,,,,,,,,,,,,,,,,,,,,,,,,,,,,,,,,,,,,,,,,,,,,,,,,,,,,,,,,,,,,,,,,,,,,,,,,,,,,,,,,,,,,,,,,,,,,,,,,,,,,,,,,,,,,,,,,,,,,,,,,,,,,,,,,,,,,,,,,,,,,,,,,,,,,,,,,,,,,,,,,,,,,,,,,,,,,,,,,,,,,,,,,,,,,,,,,,,,,,,,,,,,,,,,,,,,,,,,,,,,,,,,,,,,,,,,,,,,,,,,,,,,,,,,,,,,,,,,,,,,,,,,,,,,,,,,,,,,,,,,,,,,,,,,,,,,,,,,,,,,,,,,,,,,,,,,,,,,,,,,,,,,,,,,,,,,,,,,,,,,,,,,,,,,,,,,,,,,,,,,,,,,,,,,,,,,,,,,,,,,,,,,,,,,,,,,,,,,,,,,,,,,,,,,,,,,,,,,,,,,,,,,,,,,,,,,,,,,,,,,,,,,,,,,,,,,,,,,,,,,,,,,,,,,,,,,,,,,,,,,,,,,,,,,,,,,,,,,,,,,,,,,,,,,,,,,,,,,,,,,,,,,,,,,,,,,,,,,,,,,,,,,,,,,,,,,,,,,,,,,,,,,,,,,,,,,,,,,,,,,,,,,,,,,,,,,,,,,,,,,,,,,,,,,,,,,,,,,,,,,,,,,,,,,,,,,,,,,,,,,,,,,,,,,,,,,,,,,,,,,,,,,,,,,,,,,,,,,,,,,,,,,,,,,,,,,,,,,,,,,,,,,,,,,,
R164,,,,,,,,,,,,,,,,,,,,,,,,,,,,,,,,,,,,,,,,,,,,,,,,,,,,,,,,,,,,,,,,,,,,,,,,,,,,,,,,,,,,,,,,,,,,,,,,,,,,,,,,,,,,,,,,,,,,,,,,,,,,,,,,,,,,,,,,,,,,,,,,,,,,,,,,,*/wˌʊpˈeskpʊ/,,,,,,,,,,,,,,,,,,,,,,,,,,,,,,,,,,,,,,,,,,,,,,,,,,,,,,,,,,,,,,,,,,,,,,,,,,,,,,,,,,,,,,,,,,,,,,,,,,,,,,,,,,,,,,,,,,,,,,,,,,,,,,,,,,,,,,,,,,,,,,,,,,,,,,,,,,,,,,,,,,,,,,,,,,,,,,,,,,,,,,,,,,,,,,,,,,,,,,,,,,,,,,,,,,,,,,,,,,,,,,,,,,,,,,,,,,,,,,,,,,,,,,,,,,,,,,,,,,,,,,,,,,,,,,,,,,,,,,,,,,,,,,,,,,,,,,,,,,,,,,,,,,,,,,,,,,,,,,,,,,,,,,,,,,,,,,,,,,,,,,,,,,,,,,,,,,,,,,,,,,,,,,,,,,,,,,,,,,,,,,,,,,,,,,,,,,,,,,,,,,,,,,,,,,,,,,,,,,,,,,,,,,,,,,,,,,,,,,,,,,,,,,,,,,,,,,,,,,,,,,,,,,,,,,,,,,,,,,,,,,,,,,,,,,,,,,,,,,,,,,,,,,,,,,,,,,,,,,,,,,,,,,,,,,,,,,,,,,,,,,,,,,,,,,,,,,,,,,,,,,,,,,,,,,,,,,,,,,,,,,,,,,,,,,,,,,,,,,,,,,,,,,,,,,,,,,,,,,,,,,,,,,,,,,,,,,,,,,,,,,,,,,,,,,,,,,,,,,,,,,,,,,,,,,,,,,,,,,,,,,,,,,,,,,,,,,,,,,,,,,,,,,,,,,,,,,,,,,,,,,,,,,,,,,,,,,,,,,,,,,,,,,,,,,,,,,,,,,,,,,,,,,,,,,,,,,,,,,,,,,,,,,,,,,,,,,,,,,,,,,,,,,,,,,,,,,,,,,,,,,,,,,,,,,,,,,,,,,,,,,,,,,,,,,,,,,,,,,,,,,,,,,,,,,,,,,,,,,,,,,,,,,,,,,,,,,,,,,,,,,,,,,,,,,,,,,,,,,,,,,,,,,,,,,,,,,,,,,,,,,,,,,,,,,,,,,,,,,,,,,,,,,
R165,,,,,,,,,,,,,,,,,,,,,,,,,,,,,,,,,,,,,,,,,,,,,,,,,,,,,,,,,,,,,,,,,,,,,,,,,,,,,,,,,,,,,,,,,,,,,,,,,,,,,,,,,,,,,,,,,,,,,,,,,,,,,,,,,,,,,,,,,,,,,,,,,,,,,,,,,,,,,,,,,,,,,,,,,,,,,,,,,,,,,,,,,,,,,,,,,,,,,,,,,,,,,,,,,,,,,,,,,,,,,,,,,,,,,,,,,,,,,,,,,,,,,,,,,,,,,,,,,,,,,,,,,,,,,,,,,,,,,,,,,,,,,,,,,,,,,,,,,,,,,,,,,,,,,,,,,,,,,,,,,,,,,,,,,,,,,,,,,,,,,,,,,,,,,,,,,,,,,,,,,,,,,,,,,,,,,,,,,,,,,,,,,,,,,,,,,,,,,,,,,,,,,,,,,,,,,,,,,,,,,,,,,,,,,,,,,,,,,,,,,,,,,,,,,,,,,,,,,,,,,,,,,,,,,,,,,,,,,,,,,,,,,,,,,,,,,,,,,,,,,,,,,,,,,,,,,,,,,,,,,,,,,,,,,,,,,,,,,,,,,,,,,,,,,,,,,,,,,,,,,,,,,,,,,,,,,,,,,,,,,,,,,,,,,,,,,,,,,,,,,,,,,,,,,,,,,,,,,,,,,,,,,,,,,,,,,,,,,,,,,,,,,,,,,,,,,,,,,,,,,,,,,,,,,,,,,,,,,,,,,,,,,,,,,,,,,,,,,,,,,,,,,,,,,,,,,,,,,,,,,,,,,,,,,,,,,,,,,,,,,,,,,,,,,,,,,,,,,,,,,,,,,,,,,,,,,,,,,,,,,,,,,,,,,,,,,,,,,,,,,,,,,,,,,,,,,,,,,,,,,,,,,,,,,,,,,,,,,,,,,,,,,,,,,,,,,,,,,,,,,,,,,,,,,,,,,,,,,,,,,,,,,,,,,,,,,,,,,,,,,,,,,,,,,,,,,,,,,,,,,,,,,,,,,,,,,,,,,,,,,,,,,,,,,,,,,,,,,,,,,,,,,,,,,,,,,,,,,,,,,,,,,,,,,,,,,,,,,,,,,,,,,,,,,,,,,,,,,,,,,,,,,,,,,,,,,,,,,,,,,,,,,,,,,,,,,,,,,,,,,,,,,,,,,,,,,,,,,,,,,,,,,,,,,,,,,,,,,,,,,,,,,,,,,,,,,,,,,,,
R166,,,,,,,,,,,,,,,,,,,,,,,,,,,,,,,,,,,,,,,,,,,,,,,,,,,,,,,,,,,,,,,,,,,,,,,,,,,,,,,,,,,,,,,,,,,,,,,,,,,,,,,,,,,,,,,,,,,,,,,,,,,,,,,,,,,,,,,,,,,,,,,,,,,,,,,,,,,,,,,,,,,,,,,,,,,,,,,,,,,,,,,,,,,,,,,,,,,,,,,,,,,,,,,,,,,,,,,,,,,,,,,,,,,,,,,,,,,,,,,,,,,,,,,,,,,,,,,,,,,,,,,,,,,,,,,,,,,,,,,,,,,,,,,,,,,,,,,,,,,,,,,,,,,,,,,,,,,,,,,,,,,,,,,,,,,,,,,,,,,,,,,,,,,,,,,,,,,,,,,,,,,,,,,,,,,,,,,,,,,,,,,,,,,,,,,,,,,,,,,,,,,,,,,,,,,,,,,,,,,,,,,,,,,,,,,,,,,,,,,,,,,,,,,,,,,,,,,,,,,,,,,,,,,,,,,,,,,,,,,,,,,,,,,,,,,,,,,,,,,,,,,,,,,,,,,,,,,,,,,,,,,,,,,,,,,,,,,,,,,,,,,,,,,,,,,,,,,,,,,,,,,,,,,,,,,,,,,,,,,,,,,,,,,,,,,,,,,,,,,,,,,,,,,,,,,,,,,,,,,,,,,,,,,,,,,,,,,,,,,,,,,,,,,,,,,,,,,,,,,,,,,,,,,,,,,,,,,,,,,,,,,,,,,,,,,,,,,,,,,,,,,,,,,,,,,,,,,,,,,,,,,,,,,,,,,,,,,,,,,,,,,,,,,,,,,,,,,,,,,,,,,,,,,,,,,,,,,,,,,,,,,,,,,,,,,,,,,,,,,,,,,,,,,,,,,,,,,,,,,,,,,,,,,,,,,,,,,,,,,,,,,,,,,,,,,,,,,,,,,,,,,,,,,,,,,,,,,,,,,,,,,,,,,,,,,,,,,,,,,,,,,,,,,,,,,,,,,,,,,,,,,,,,,,,,,,,,,,,,,,,,,,,,,,,,,,,,,,,,,,,,,,,,,,,,,,,,,,,,,,,,,,,,,,,,,,,,,,,,,,,,,,,,,,,,,,,,,,,,,,,,,,,,,,,,,,,,,,,,,,,,,,,,,,,,,,,,,,,,,,,,,,,,,,,,,,,,,,,,,,,,,,,,,,,,,,,,,,,,,,,,,,,,,,,,,,,,,,,,,
R167,,,,,,,,,,,,,,,,,,,,,,,,,,,,,,,,,,,,,,,,,,,,,,,,,,,,,,,,,,,,,,,,,,,,,,,,,,,,,,,,,,,,,,,,,,,,,,,,,,,,,,,,,,,,,,,,,,,,,,,,,,,,,,,,*/skˌalˠˈoɲu/,,,,,,,,,,,,,,,,,,,,,,,,,,,,,,,,,,,,,,,,,,,,,,,,,,,,,,,,,,,,,,,,,,,,,,,,,,,,,,,,,,,,,,,,,,,,,,,,,,,,,,,,,,,,,,,,,,,,,,,,,,,,,,,,,,,,,,,,,,,,,,,,,,,,,,,,,,,,,,,,,,,,,,,,,,,,,,,,,,,,,,,,,,,,,,,,,,,,,,,,,,,,,,,,,,,,,,,,,,,,,,,,,,,,,,,,,,,,,,,,,,,,,,,,,,,,,,,,,,,,,,,,,,,,,,,,,,,,,,,,,,,,,,,,,,,,,,,,,,,,,,,,,,,,,,,,,,,,,,,,,,,,,,,,,,,,,,,,,,,,,,,,,,,,,,,,,,,,,,,,,,,,,,,,,,,,,,,,,,,,,,,,,,,,,,,,,,,,,,,,,,,,,,,,,,,,,,,,,,,,,,,,,,,,,,,,,,,,,,,,,,,,,,,,,,,,,,,,,,,,,,,,,,,,,,,,,,,,,,,,,,,,,,,,,,,,,,,,,,,,,,,,,,,,,,,,,,,,,,,,,,,,,,,,,,,,,,,,,,,,,,,,,,,,,,,,,,,,,,,,,,,,,,,,,,,,,,,,,,,,,,,,,,,,,,,,,,,,,,,,,,,,,,,,,,,,,,,,,,,,,,,,,,,,,,,,,,,,,,,,,,,,,,,,,,,,,,,,,,,,,,,,,,,,,,,,,,,,,,,,,,,,,,,,,,,,,,,,,,,,,,,,,,,,,,,,,,,,,,,,,,,,,,,,,,,,,,,,,,,,,,,,,,,,,,,,,,,,,,,,,,,,,,,,,,,,,,,,,,,,,,,,,,,,,,,,,,,,,,,,,,,,,,,,,,,,,,,,,,,,,,,,,,,,,,,,,,,,,,,,,,,,,,,,,,,,,,,,,,,,,,,,,,,,,,,,,,,,,,,,,,,,,,,,,,,,,,,,,,,,,,,,,,,,,,,,,,,,,,,,,,,,,,,,,,,,,,,,,,,,,,,,,,,,,,,,,,,,,,,,,,,,,,,,,,,,,,,,,,,,,,,,,,,,,,,
R168,,,,,,,,,,,,,,,,,,,,,,,,,,,,,,,,,,,,,,,,,,,,,,,,,,,,,,,,,,,,,,,,,,,,,,,,,,,,,,,,,,,,,,,,,,,,,,,,,,,,,,,,,,,,,,,,,,,,,,,,,,,,,,,,,,,,,,,,,,,,,,,,,,,,,,,,,,,,,,,,,,,,,,,,,,,,,,,,,,,,,,,,,,,,,,,,,,,,,,,,,,,,,,,,,,,,,,,,,,,,,,,,,,,,,,,,,,,,,,,,,,,,,,,,,,,,,,,,,,,,,,,,,,,,,,,,,,,,,,,,,,,,,,,,,,,,,,,,,,,,,,,,,,,,,,,,,,,,,,,,,,,,,,,,,,,,,,,,,,,,,,,,,,,,,,,,,,,,,,,,,,,,,,,,,,,,,,,,,,,,,,,,,,,,,,,,,,,,,,,,,,,,,,,,,,,,,,,,,,,,,,,,,,,,,,,,,,,,,,,,,,,,,,,,,,,,,,,,,,,,,,,,,,,,,,,,,,,,,,,,,,,,,,,,,,,,,,,,,,,,,,,,,,,,,,,,,,,,,,,,,,,,,,,,,,,,,,,,,,,,,,,,,,,,,,,,,,,,,,,,,,,,,,,,,,,,,,,,,,,,,,,,,,,,,,,,,,,,,,,,,,,,,,,,,,,,,,,,,,,,,,,,,,,,,,,,,,,,,,,,,,,,,,,,,,,,,,,,,,,,,,,,,,,,,,,,,,,,,,,,,,,,,,,,,,,,,,,,,,,,,,,,,,,,,,,,,,,,,,,,,,,,,,,,,,,,,,,,,,,,,,,,,,,,,,,,,,,,,,,,,,,,,,,,,,,,,,,,,,,,,,,,,,,,,,,,,,,,,,,,,,,,,,,,,,,,,,,,,,,,,,,,,,,,,,,,,,,,,,,,,,,,,,,,,,,,,,,,,,,,,,,,,,,,,,,,,,,,,,,,,,,,,,,,,,,,,,,,,,,,,,,,,,,,,,,,,,,,,,,,,,,,,,,,,,,,,,,,,,,,,,,,,,,,,,,,,,,,,,,,,,,,,,,,,,,,,,,,,,,,,,,,,,,,,,,,,,,,,,,,,,,,,,,,,,,,,,,,,,,,,,,,,,,,,,,,,,,,,,,,,,,,,,,,,,,,,,,,,,,,,,,,,,,,,,,,,,,,,,,,,,,,,,,,,,,,,,,,,,,,,,,,,,,,,,,,,,,,,,,
R169,,,,,,,,,,,,,,,,,,,,,,,,,,,,,,,,,,,,,,,,,,,,,,,,,,,,,,,,,,,,,,,,,,,,,,,,,,,,,,,,,,,,,,,,,,,,,,,,,,,,,,,,,,,,,,,,,,,,,,,,,,,,,,,,,,,,,,,,,,,,,,,,,,,,,,,,,,,,,,,,,,,,,,,,,,,,,,,,,,,,,,,,,,,,,,,,,,,,,,,,,,,,,,,,,,,,,,,,,,,,,,,,,,,,,,,,,,,,,,,,,,,,,,,,,,,,,,,,,,,,,,,,,,,,,,,,,,,,,,,,,,,,,,,,,,,,,,,,,,,,,,,,,,,,,,,,,,,,,,,,,,,,,,,,,,,,,,,,,,,,,,,,,,,,,,,,,,,,,,,,,,,,,,,,,,,,,,,,,,,,,,,,,,,,,,,,,,,,,,,,,,,,,,,,,,,,,,,,,,,,,,,,,,,,,,,,,,,,,,,,,,,,,,,,,,,,,,,,,,,,,,,,,,,,,,,,,,,,,,,,,,,,,,,,,,,,,,,,,,,,,,,,,,,,,,,,,,,,,,,,,,,,,,,,,,,,,,,,,,,,,,,,,,,,,,,,,,,,,,,,,,,,,,,,,,,,,,,,,,,,,,,,,,,,,,,,,,,,,,,,,,,,,,,,,,,,,,,,,,,,,,,,,,,,,,,,,,,,,,,,,,,,,,,,,,,,,,,,,,,,,,,,,,,,,,,,,,,,,,,,,,,,,,,,,,,,,,,,,,,,,,,,,,,,,,,,,,,,,,,,,,,,,,,,,,,,,,,,,,,,,,,,,,,,,,,,,,,,,,,,,,,,,,,,,,,,,,,,,,,,,,,,,,,,,,,,,,,,,,,,,,,,,,,,,,,,,,,,,,,,,,,,,,,,,,,,,,,,,,,,,,,,,,,,,,,,,,,,,,,,,,,,,,,,,,,,,,,,,,,,,,,,,,,,,,,,,,,,,,,,,,,,,,,,,,,,,,,,,,,,,,,,,,,,,,,,,,,,,,,,,,,,,,,,,,,,,,,,,,,,,,,,,,,,,,,,,,,,,,,,,,,,,,,,,,,,,,,,,,,,,,,,,,,,,,,,,,,,,,,,,,,,,,,,,,,,,,,,,,,,,,,,,,,,,,,,,,,,,,,,,,,,,,,,,,,,,,,,,,,,,,,,,,,,,,,,,,,,,,,,,,,,,,,,,,,,,,,,,,,
R170,,,,,,,,,,,,,,,,,,,,,,,,,,,,,,,,,,,,,,,,,,,,,,,,,,,,,,,,,,,,,,,,,,,,,,,,,,,,,,,,,,,,,,,,,,,,,,,,,,,,,,,,,,,,,,,,,,,,,,,,,,,,,,,,,,,,,,,,,,,,,,,,,,,,,,,,,,,,,,,,,,,,,,,,,,,,,,,,,,,,,,,,,,,,,,,,,,,,,,,,,,,,,,,,,,,,,,,,,,,,,,,,,,,,,,,,,,,,,,,,,,,,,,,,,,,,,,,,,,,,,,,,,,,,,,,,,,,,,,,,,,,,,,,,,,,,,,,,,,,,,,,,,,,,,,,,,,,,,,,,,,,,,,,,,,,,,,,,,,,,,,,,,,,,,,,,,,,,,,,,,,,,,,,,,,,,,,,,,,,,,,,,,,,,,,,,,,,,,,,,,,,,,,,,,,,,,,,,,,,,,,,,,,,,,,,,,,,,,,,,,,,,,,,,,,,,,,,,,,,,,,,,,,,,,,,,,,,,,,,,,,,,,,,,,,,,,,,,,,,,,,,,,,,,,,,,,,,,,,,,,,,,,,,,,,,,,,,,,,,,,,,,,,,,,,,,,,,,,,,,,,,,,,,,,,,,,,,,*/mˌenɟˈija/,,,,,,,*/mˌenðjˈola/,,,,,,,,,,,,,,,,,,,,,,,,,,,,,,,,,,*/mˌentˈaksu/,,*/mˌentrˈikula/,*/mˌentt͡ʃˈukku/,,,,,,,,,,,,,,,,,,,,,,,,,,,,,,,,,,,,,,,,,,,,,,,,,,,,,,,,,,,,,,,,,,,,,,,,,,,,,,,,,,,,,,,,,,,,,,,,,,,,,,,,,,,,,,,,,,,,,,,,,,,,,,,,,,,,,,,,,,,,,,,,,,,,,,,,,,,,,,,,,,,,,,,,,,,,,,,,,,,,,,,,,,,,,,,,,,,,,,,,,,,,,,,,,,,,,,,,,,,,,,,,,,,,,,,,,,,,,,,,,,,,,,,,,,,,,,,,,,,,,,,,,,,,,,,,,,,,,,,,,,,,,,,,,,,,,,,,,,,,,,,,,,,,,,,,,,,,,,,,,,,,,,,,,,,,,,,,,,,,,,,,,,,,,,,,,,,,,,,,,,,,,,,,,,,,,,,,,,,,,,,,,,,,,,,,,,,,,,,,,,,,,,,,,,,,,,,,,,,,,,,,,,,,,,,,,,,,,,,,,,,,,,,,,,,,,,,,,,,,,,,,,,,,,,,,,,*/minɟˈijlaj/,,,,,,,*/minɟˈijlu/,,,,,,,,,,,,,,,,,,
R171,,,,,,,,,,,,,,,,,,,,,,,,,,,,,,,,,,,,,,,,,,,,,,,,,,,,,,,,,,,,,,,,,,,,,,,,,,,,,,,,,,,,,,,,,,,,,,,,,,,,,,,,,,,,,,,,,,,,,,,,,,,,,,,,,,,,,,,,,,,,,,,,,,,,,,,,,,,,,,,,,,,,,,,,,,,,,,,,,,,,,,,,,,,,,,,,,,,,,,,,,,,,,,,,,,,,,,,,,,,,,,,,,,,,,,,,,,,,,,,,,,,,,,,,,,,,,,,,,,,,,,,,,,,,,,,,,,,,,,,,,,,,,,,,,,,,,,,,,,,,,,,,,,,,,,,,,,,,,,,,,,,,,,,,,,,,,,,,,,,,,,,,,,,,,,,,,,,,,,,,,,,,,,,,,,,,,,,,,,,,,,,,,,,,,,,,,,,,,,,,,,,,,,,,,,,,,,,,,,,,,,,,,,,,,,,,,,,,,,,,,,,,,,,,,,,,,,,,,,,,,,,,,,,,,,,,,,,,,,,,,,,,,,,,,,,,,,,,,,,,,,,,,,,,,,,,,,,,,,,,,,,,,,,,,,,,,,,,,,,,,,,,,,,,,,,,,,,,,,,,,,,,,,,,,,,,,,,,,,,,,,,,,,,,,,,,,,,,,,,,,,,,,,,,,,,,,,,,,,,,,,,,,,,,,,,,,,,,,,,,,,,,,,,,,,,,,,,,,,,,,,,,,,,,,,,,,,,,,,,,,,,,,,,,,,,,,,,,,,,,,,,,,,,,,,,,,,,,,,,,,,,,,,,,,,,,,,,,,,,,,,,,,,,,,,,,,,,,,,,,,,,,,,,,,,,,,,,,,,,,,,,,,,,,,,,,,,,,,,,,,,,,,,,,,,,,,,,,,,,,,,,,,,,,,,,,,,,,,,,,,,,,,,,,,,,,,,,,,,,,,,,,,,,,,,,,,,,,,,,,,,,,,,,,,,,,,,,,,,,,,,,,,,,,,,,,,,,,,,,,,,,,,,,,,,,,,,,,,,,,,,,,,,,,,,,,,,,,,,,,,,,,,,,,,,,,,,,,,,,,,,,,,,,,,,,,,,,,,,,,,,,,,,,,,,,,,,,,,,,,,,,,,,,,,,,,,,,,,,,,,,,,,,,,,,,,,,,,,,,,,,,,,,,,,,,,,,,,,,,,,,,,,,,,,,,,,,,,,,,,,,,,,,,,,,,,,,,,,,,
R172,,,,,,,,,,,,,,,,,,,,,,,,,,,,,,,,,,,,,,,,,,,,,,,,,,,,,,,,,,,,,,,,,,,,,,,,,,,,,,,,,,,,,,,,,,,,,,,,,,,,,,,,,,,,,,,,,,,,,,,,,,,,,,,,,,,,,,,,,,,,,,,,,,,,,,,,,,,,,,,,,,,,,,,,,,,,,,,,,,,,,,,,,,,,,,,,,,,,,,,,,,,,,,,,,,,,,,,,,,,,,,,,,,,,,,,,,,,,,,,,,,,,,,,,,,,,,,,,,,,,,,,,,,,,,,,,,,,,,,,,,,,,,,,,,,,,,,,,,,,,,,,,,,,,,,,,,,,,,,,,,,,*/əntɪɾɡˈoɲu/,,,,,,,,,,,,,,,,,,,,,,,,,,,,,,,,,,,,,,,,,,,,,,,,,,,,,,,,,,,,,,,,,,,,,,,,,,,,,,,,,,,,,,,,,,,,,,,,,,,,,,,,,,,,,,,,,,,,,,,,,,,,,,,,,,,,,,,,,,,,,,,,,,,,,,,,,,,,,,,,,,,,,,,,,,,,,,,,,,,,,,,,,,,,,,,,,,,,,,,,,,,,,,,,,,,,,,,,,,,,,,,,,,,,,,,,,,,,,,,,,,,,,,,,,,,,,,,,,,,,,,,,,,,,,,,,,,,,,,,,,,,,,,,,,,,,,,,,,,,,,,,,,,,,,,,,,*/mˌeɾɡˈoɲu/,,,,,,,,,,,,,,,,,,,,,,,,,,,,,,,,,,,,,,,,,,,,,,,,,,,,,,,,,,,,,,,,,,,,,,,,,,,,,,,,,,,,,,,,,,,,,,,,,,,,,,,,,,,,,,,,,,,,,,,,,,,,,,,,,,,,,,,,,,,,,,,,,,,,,,,,,,,,,,,,,,,,,,,,,,,,,,,,,,,,,,,,,,,,,,,,,,,,,,,,,,,,,,,,,,,,,,,,,,,,,,,,,,,,,,,,,,,,,,,,,,,,,,,,,,,,,,,,,,,,,,,,,,,,,,,,,,,,,,,,,,,,,,,,,,,,,,,,,,,,,,,,,,,,,,,,,,,,,,,,,,,,,,,,,,,,,,,,,,,,,,,,,,,,,,,,,,,,,,,,,,,,,,,,,,,,,,,,,,,,,,,,,,,,,,,,,,,,,,,,,,,,,,,,,,,,,,,,,,,,,,,,,,,,,,,,,,,,,,,,,,,,,,,,,,,,,,,,,,,,,,,,,,,,,,,,,,,,,,,,,,,
R173,,,,,,,,,,,,,,,,,,,,,,,,,,,,,,,,,,,,,,,,,,,,,,,,,,,,,,,,,,,,,,,,,,,,,,,,,,,,,,,,,,,,,,,,,,,,,,,,,,,,,,,,,,,,,,,,,,,,,,,,,,,,,,,,,,,,,,,,,,,,,,,,,,,,,,,,,*/wˌʊpˈeskpə/,,,,,,,,,,,,,,,,,,,,,,,,,,,,,,,,,,,,,,,,,,,,,,,,,,,,,,,,,,,,,,,,,,,,,,,,,,,,,,,,,,,,,,,,,,,,,,,,,,,,,,,,,,,,,,,,,,,,,,,,,,,,,,,,,,,,,,,,,,,,,,,,,,,,,,,,,,,,,,,,,,,,,,,,,,,,,,,,,,,*/jˈɔkə/,,,,,,,,,,,,,,,,,,,,,,,,,,,,,,,,,,,,,,,,,,,,,*/kˌɑrrjˈozə/,,,,,,,,,,,,,,,,,,,,,,,,,,,,,,,,,,,,,,,,,,,,,,,,,,,,,,,,,,,,,,,,,,,,,,,,,,,,,,,,,,,,,,,,,,,,,,,,,,,,,,,,,,,,,,,,,,,,,,,,,,,,,,,,,,,,,,,,,,,,,,,,,,,,,,,,,,,,,,,,,,,,,,,,,,,,,,,,,,,,,,,,,,,,,,,,,,,,,,,,,,,,,,,,,,,,,,,,,,,,,,,,,,,,,,,,,,,,,,,,,*/mˌɐtrˈikə/,,,,,,,,,,,,,,,,,,,,,,,,,,,,,,,,,,,,,,,,,,,,,,,,,,,,,,,,,,,,,,,,,,,,,,,,,,,,,,,,,,,,,,,,,,,,,,,,,,,,,,,,,,,,,,,,,,,,,,,,,,,,,,,,,,,,,,,,,,,,,,,,,,,,,,,,,,,,,,,,,,,,,,,,,,,,,,,,,,,,,,,,,,,,,,,,,,,,,,,,,,,,,,,,,,,,,,,,,,,,,,,,,,,,,,,,,,,,,,,,,,,,,,,,,,,,,,,,,,,,,,,,,,,,,,,,,,,,,,,,,,,,,,,,,,,,,,,,,,,,,,,,,,,,,,,,,,,,,,,,,,,,,,,,,,,,,,,,,,,,,,,,,,,,,,,,,,,,,,,,,,,,,,,,,,,,,,,,,,,,,,,,,,,,,,,,,,,,,,,,,,,,,,,,,,,,,,,,,,,,,,,,,,,,,,,,,,,,,,,,,,,,,,,,,,,,,,,,,,,,,,,,,,,,,,,,,,,,,,,,,,,,,,,,,,,,,,,,,,,,,
R174,,,,,,,,,,,,,,,,,,,,,,,,,,,,,,,,,,,,,,,,,,,,,,,,,,,,,,,,,,,,,,,,,,,,,,,,,,,,,,,,,,,,,,,,,,,,,,,,,,,,,,,,,,,,,,,,,,,,,,,,,,,,,,,,,,,,,,,,,,,,,,,,,,,,,,,,,,,,,,,,,,,,,,,,,,,,,,,,,,,,,,,,,,,,,,,,,,,,,,,,,,,,,,,,,,,,,,,,,,,,,,,,,,,,,,,,,,,,,,,,,,,,,,,,,,,,,,,,,,,,,,,,,,,,,,,,,,,,,,,,,,,,,,,,,,,,,,,,,,,,,,,,,,,,,,,,,,,,,,,,,,,,,,,,,,,,,,,,,,,,,,,,,,,,,,,,,,,,,,,,,,,,,,,,,,,,,,,,,,,,,,,,,,,,,,,,,,,,,,,,,,,,,,,,,,,,,,,,,,,,,,,,,,,,,,,,,,,,,,,,,,,,,,,,,,,,,,,,,,,,,,,,,,,,,,,,,,,,,,,,,,,,,,,,,,,,,,,,,,,,,,,,,,,,,,,,,,,,,,,,,,,,,,,,,,,,,,,,,,,,,,,,,,,,,,,,,,,,,,,,,,,,,,,,,,,,,,,,,,,,,,,,,,,,,,,,,,,,,,,,,,,,,,,,,,,,,,,,,,,,,,,,,,,,,,,,,,,,,,,,,,,,,,,,,,,,,,,,,,,,,,,,,,,,,,,,,,,,,,,,,,,,,,,,,,,,,,,,,,,,,,,,,,,,,,,,,,,,,,,,,,,,,,,,,,,,,,,,,,,,,,,,,,,,,,,,,,,,,,,,,,,,,,,,,,,,,,,,,,,,,,,,,,,,,,,,,,,,,,,,,,,,,,,,,,,,,,,,,,,,,,,,,,,,,,,,,,,,,,,,,,,,,,,,,,,,,,,,,,,,,,,,,,,,,,,,,,,,,,,,,,,,,,,,,,,,,,,,,,,,,,,,,,,,,,,,,,,,,,,,,,,,,,,,,,,,,,,,,,,,,,,,,,,,,,,,,,,,,,,,,,,,,,,,,,,,,,,,,,,,,,,,,,,,,,,,,,,,,,,,,,,,,,,,,,,,,,,,,,,,,,,,,,,,,,,,,,,,,,,,,,,,,,,,,,,,,,,,,,,,,,,,,,,,,,,,,,,,,,,,,,,,,,,,,,,,,,,,,,,,,,,,,,,,,,,,,,,,,,,
R175,,,,,,,,,,,,,,,,,,,,,,,,,,,,,,,,,,,,,,,,,,,,,*/ˌaːrrˈiwɪɲu/,,,,,,,,,,,,,,,,,,,,,,,,,,,,,,,,,,,,,,,,,,,,,,,,,,,,,,,,,,,,,,,,,,,,,*/drˈiwɪstu/,,,,,,,,,,,,,,,,,,,,,,,,,,,,,,,,,,,,,,,,,,,,,,,,,,,,,,,,,,,,,,,,,,,,,,,,,,,,,,,,,,,,,,,,,,,,,,,,,,,,,,,,,,,,,,,,,,,,,,,,,,,,,,,,,,,,,,,,,,,,,,,,,,,,,,,,,,,,,,,,,,,,,,,,,,,,,,,,,,,,,,,,,,,,,,,,,,,,,,,,,,,,,,,,,,,,,,,,,,,,,,,,,,,,,,,,,,,,,,,,,,,,,,,,,,,,,,,,,,,,,,,,,,,,,,,,,,,,,,,,,,,,,,,,,,,,,,,,,,,,,,,,,,,,,,,,,,,,,,,,,,,,,,,,,,,,,,,,,,,,,,,,,,,,,,,,,,,,,,,,,,,,,,,,,,,,,,,,,,,,,,,,,,,,,,,,,,,,,,,,,,,,,,,,,,,,,,,,,,,,,,,,,,,,,,,,,,,,,,,,,,,,,,,,,,,,,,,,,,,,,,,,,,,,,,,,,,,,,,,,,,,,,,,,,,,,,,,,,,,,,,,,,,,,,,,,,,,,,,,,,,,,,,,,,,,,,,,,,,,,,,,,,,,,,,,,,,,,,,,,,,,,,,,,,,,,,*/ˌuːlˈiwɪɾ̃u/,,,,,,,,,,,,,,,,,,,,,,,,,,,,,,,,,,,,,,,,,,,,,,,,,,,,,,,,,,,,,,,,,,,,,,,,,,,,,,,,,,,,,,,,,,,,,,,,,,,,,,,,,,,,,,,,,,,,,,,,,,,,,,,,,,,,,,,,,,,,,,,,,,,,,,,,,,,,,,,,,,,,,,,,,,,,,,,,,,,,,,,,,,,,,,,,,,,,,,,,,,,,,,,,,,,,,,,,,,,,,,,,,,,,,,,,,,,,,,,,,,,,,,,,,,,,,,,,,,,,,,,,,,,,,,,,,,,,,,,,,,,,,,,,,,,,,,,,,,,,,,,,,,,,,,,,,,,,,,,,,,,,,,,,,,,,,,,,,,,,,,,,,,,,,,,,,,,,,,,,,,,,,,,,,,,,,,,,,,,,,,,,,,,,,,,,,,,,,,,,,,,,,,,,,,,,,,,,,,,,,,,,,,,,,,,,
R176,,,,,,,,,,,,,,,,,,,,,,,,,,,,,,,,,,,,,,,,,,,,,*/ˌaːrrˈiwɲu/,,,,,,,,,,,,,,,,,,,,,,,,,,,,,,,,,,,,,,,,,,,,*/dˌelˌiwrˈoɲu/,,,,,,,,,,,,,,,,,,,,,,,,,*/drˈiwstu/,,,,,,,,,,,,,,,,,,,,,,,,,,,,,,,,,,,,,,,,,,,,,,,,,,,,,,,,,,,,,,,,,,,,,,,,,,,,,,,,,,,,,,,,,,,,,,,,,,,,,,,,,,,,,,,,,,,,,,,,,,,,,,,,,,,,,,,,,,,,,,,,,,,,,,,,,,,,,,,,,,,,,,,,,,,,,,,,,,,,,,,,,,,,,,,,,,,,,,,,,,,,,,,,,,,,,,,,,,,,,,,,,,,,,,,,,,,,,,,,,,,,,,,,,,,,,,,,,,,,,,,,,,,,,,,,,,,,,,,,,,,,,,,,,,,,,,,,,,,,,,,,,,,,,,,,,,,,,,,,,,,,,,,,,,,,,,,,,,,,,,,,,,,,,,,,,,,,,,,,,,,,,,,,,,,,,,,,,,,,,,,,,,,,,,,,,,,,,,,,,,,,,,,,,,,,,,,,,,,,,,,,,,,,,,,,,,,,,,*/lˈiwru/,,*/lˌiwrˈoɲu/,,,,,,,,,,,,,,,,,,,,,,,,,,,,,,,,,,,,,,,,,,,,,,,,,,,,,,,,,,,,,,,,,,,,,,,,,,,,,,,,,,,,,,,,,,,,,,,,,,,,,,,,,,,,,,,,,,,,,,,,,,,,,,,,,,,,,*/ˌuːlˈiwɾ̃u/,,,,,,,,,,,,,,,,,,,,,,,,,,,,,,,,,,,,,,,,,,,,,,,,,,,,,,,,,,,,,,,,,,,,,,,,,,,,,,,,,,,,,,,,,,,,,,,,,,,,,,,,,,,,,,,,,,,,,,,,,,,,,,,,,,,,,,,,,,,,,,,,,,,,,,,,,,,,,,,,,,,,,,,,,,,,,,,,,,,,,,,,,,,,,,,,,,,,,,,,,,,,,,,,,,,,,,,,,,,,,,,,,,,,,,,,,,,,,,,,,,,,,,,,,,,,,,,,,,,,,,,,,,,,,,,,,,,,,,,,,,,,,,,,,,,,,,,,,,,,,,,,,,,,,,,,,,,,,,,,,,,,,,,,,,,,,,,,,,,,,,,,,,,,,,,,,,,,,,,,,,,,,,,,,,,,,,,,,,,,,,,,,,,,,,,,,,,,,,,,,,,,,,,,,,,,,,,,,,,,,,,,,,,,,,,,
R177,,,,,,,,,,,,,*/ˈɛva/,,,,,,,,,,,,,,,,,,,,,,,,,,,,,,,,,,,,,,,,,,,,,,,,,,,,,,,,,,,,,,,,,,,,,,,,,,,,,,,,,,,,,,,,,,,,,,,,,,,,,,,,,,,,,,,,,,,,,,,,,,,,,,,,,,,,,,,,,,,,,,,,,,,,,,,,,,,,,,,,,,,,,,,,,,,,,,,,,,,,,,,,,,,,,,,,,,,,,,,,,,,,,,,,,,,,,,,,,,,,,,,,,,,,,,,,,,,,,,,,,,,,,,,,,,,,,,,,,,,,,,,,,,,,,,,,,,,,,,,,,,,,,,,,,,,,,,,,,,,,,,,,,,,,,,,,,,,,,,,,,,,,,,,,,,,,,,,,,,,,,,,,,,,,,,,,,,,,,,,,,,,,,,,,,,,,,,,,,,,,,,,,,,,,,,,,,,,,,,,,,,,,,,,,,,,,,,,,,,,,,,,,,,,,,,,,,,,,,,,,,,,,,,,,,,,,,,,,,,,,,,,,,,,,,,,,,,,,,,,,,,,,,,,,,,,,,,,,,,,,,,,,,,,,,,,,,,,,,,,,,,,,,,,,,,,,,,,,,,,,,,,,,,,,,,,,,,,,,,,,,,,,,,,,,,,,,,,,,,,,,,,,,,,,,,,,,,,,,,,,,,,,,,,,,,,,,,,,,,,,,,,,,,,,,,,,,,,,,,,,,,,,,,,,,,,,,,,,,,,,,,,,,,,,,,,,,,,,,,,,,,,,,,,,,,,,,,,,,,,,,,,,,,,,,,,,,,,,,,,,,,,,,,,,,,,,,,,,,,,,,,,,,,,,,,,,,,,,,,,,,,,,,,,,,,,,,,,,,,,,,,,,,,,,,,,,,,,,,,,,,,,,,,,,,,,,,,,,,,*/rːˈeva/,,,,,,,,,,,,,,,,,,,,,,,,,,,,,,,,,,,,,,,,,,,,,,,,,,,,,,,,,,,,,,,,,,,,,,,,,,,,,,,,,,,,,,,,,,,,,,,,,,,,,,,,,,,,,,,,,,,,,,,,,,,,,,,,,,,,,,,,,,,,,,,,,,,,,,,,,,,,,,,,,,,,,,,,,,,,,,,,,,,,,,,,,,,,,,,,,,,,,,,,,,,,,,,,,,,,,,,,,,,,,,,,,,,,,,,,,,,,,,,,,,,,,,,,,,,,,,,,,,,,,,,,,,,,,,,,,,,,,,,,,,,,,,,,
R178,,,,,,,,,,,,,,,,,,,,,,,,,,,,,,,,,,,,,,,,,,,,,,,,,,,,,,,,,,,,,,,,,,,,,,,,,,,,,,,,,,,,,,,,,,,,,,,,,,,,,,,,,,,,,,,,,,,,,,,,,,,,,,,,,,,,,,,,,,,,,,,,,,,,,,,,,,,,,,,,,,,,,,,,,,,,,,,,,,,,,,,,,,,,,,,,,,,,,,,,,,,,,,,,,,,,,,,,,,,,,,,,,,,,,,,,,,,,,,,,,,,,,,,,,,,,,,,,,,,,,,,,,,,,,,,,,,,,,,,,,,,,,,,,,,,,,,,,,,,,,,,,,,,,,,,,,,,,,,,,,,,,,,,,,,,,,,,,,,,,,,,,,,,,,,,,,,,,,,,,,,,,,,,,,,,,,,,,,,,,,,,,,,,,,,,,,,,,,,,,,,,,,,,,,,,,,,,,,,,,,,,,,,,,,,,,,,,,,,,,,,,,,,,,,,,,,,,,,,,,,,,,,,,,,,,,,,,,,,,,,,,,,,,,,,,,,,,,,,,,,,,,,,,,,,,,,,,,,,,,,,,,,,,,,,,,,,,,,,,,,,,,,,,,,,,,,,,,,,,,,,,,,,,,,,,,,,,,,,,,,,,,,,,,,,,,,,,,,,,,,,,,,,,,,,,,,,,,,,,,,,,,,,,,,,,,,,,,,,,,,,,,,,,,,,,,,,,,,,,,,,,,,,,,,,,,,,,,,,,,,,,,,,,,,,,,,,,,,,,,,,,,,,,,,,,,,,,,,,,,,,,,,,,,,,,,,,,,,,,,,,,,,,,,,,,,,,,,,,,,,,,,,,,,,,,,,,,,,,,,,,,,,,,,,,,,,,,,,,,,,,,,,,,,,,,,,,,,,,,,,,,,,,,,,,,,,,,,,,,,,,,,,,,,,,,,,,,,,,,,,,,,,,,,,,,,,,,,,,,,,,,,,,,,,,,,,,,,,,,,,,,,,,,,,,,,,,,,,,,,,,,,,,,,,,,,,,,,,,,,,,,,,,,,,,,,,,,,,,,,,,,,,,,,,,,,,,,,,,,,,,,,,,,,,,,,,,,,,,,,,,,,,,,,,,,,,,,,,,,,,,,,,,,,,,,,,,,,,,,,,,,,,,,,,,,,,,,,,,,,,,,,,,,,,,,,,,,,,,,,,,,,,,,,,,,,,,,,,,,,,,,,,,,,,,,,,,,,,,,
R179,,,,,,,,,,,,,,,,,,,,,,,,,,,,,,,,,,,,,,,,,,,,,,,,,,,,,,,,,,,,,,,,,,,,,,,,,,,,,,,,,,,,,,,,,,,,,,,,,,,,,,,,,,,,,,,,,,,,,,,,,,,,,,,,,,,,,,,,,,,,,,,,,,,,,,,,,,,,,,,,,,,,,,,,,,,,,,,,,,,,,,,,,,,,,,,,,,,,,,,,,,,,,,,,,,,,,,,,,,,,,,,,,,,,,,,,,,,,,,,,,,,,,,,,,,,,,,,,,,,,,,,,,,,,,,,,,,,,,,,,,,,,,,,,,,,,,,,,,,,,,,,,,,,,,,,,,,,,,,,,,,,,,,,,,,,,,,,,,,,,,,,,,,,,,,,,,,,,,,,,,,,,,,,,,,,,,,,,,,,,,,,,,,,,,,,,,,,,,,,,,,,,,,,,,,,,,,,,,,,,,,,,,,,,,,,,,,,,,,,,,,,,,,,,,,,,,,,,,,,,,,,,,,,,,,,,,,,,,,,,,,,,,,,,,,,,,,,,,,,,,,,,,,,,,,,,,,,,,,,,,,,,,,,,,,,,,,,,,,,,,,,,,,,,,,,,,,,,,,,,,,,,,,,,,,,,,,,,,,,,,,,,,,,,,,,,,,,,,,,,,,,,,,,,,,,,,,,,,,,,,,,,,,,,,,,,,,,,,,,,,,,,,,,,,,,,,,,,,,,,,,,,,,,,,,,,,,,,,,,,,,,,,,,,,,,,,,,,,,,,,,,,,,,,,,,,,,,,,,,,,,,,,,,,,,,,,,,,,,,,,,,,,,,,,,,,,,,,,,,,,,,,,,,,,,,,,,,,,,,,,,,,,,,,,,,,,,,,,,,,,,,,,,,,,,,,,,,,,,,,,,,,,,,,,,,,,,,,,,,,,,,,,,,,,,,,,,,,,,,,,,,,,,,,,,,,,,,,,,,,,,,,,,,,,,,,,,,,,,,,,,,,,,,,,,,,,,,,,,,,,,,,,,,,,,,,,,,,,,,,,,,,,,,,,,,,,,,,,,,,,,,,,,,,,,,,,,,,,,,,,,,,,,,,,,,,,,,,,,,,,,,,,,,,,,,,,,,,,,,,,,,,,,,,,,,,,,,,,,,,,,,,,,,,,,,,,,,,,,,,,,,,,,,,,,,,,,,,,,,,,,,,,,,,,,,,,,,,,,,,,,,,,,,,,,,,,,,,,,,
R180,,,,,,,,,,,,,,,,,,,,,,,,,,,,,,,,,,,,,,,,,,,,,,,,,,,,,,,,,,,,,,,,,,,,,,,,,,,,,,,,,,,,,,,,,,,,,,,,,,,,,,,,,,,,,,,,,,,,,,,,,,,,,,,,,,,,,,,,,,,,,,,,,,,,,,,,,,,,,,,,,,,,,,,,,,,,,,,,,,,,,,,,,,,,,,,,,,,,,,,,,,,,,,,,,,,,,,,,,,,,,,,,,,,,,,,,,,,,,,,,,,,,,,,,,,,,,,,,,,,,,,,,,,,,,,,,,,,,,,,,,,,,,,,,,,,,,,,,,,,,,,,,,,,,,,,,,,,,,,,,,,,,,,,,,,,,,,,,,,,,,,,,,,,,,,,,,,,,,,,,,,,,,,,,,,,,,,,,,,,,,,,,,,,,,,,,,,,,,,,,,,,,,,,,,,,,,,,,,,,,,,,,,,,,,,,,,,,,,,,,,,,,,,,,,,,,,,,,,,,,,,,,,,,,,,,,,,,,,,,,,,,,,,,,,,,,,,,,,,,,,,,,,,,,,,,,,,,,,,,,,,,,,,,,,,,,,,,,,,,,,,,,,,,,,,,,,,,,,,,,,,,,,,,,,,,,,,,,,,,,,,,,,,,,,,,,,,,,,,,,,,,,,,,,,,,,,,,,,,,,,,,,,,,,,,,,,,,,,,,,,,,,,,,,,,,,,,,,,,,,,,,,,,,,,,,,,,,,,,,,,,,,,,,,,,,,,,,,,,,,,,,,,,*/pˌaɡˈɔə̯ɲɔ/,,,,,,,,,,,,,,,,,,,,,,,,,,,,,,,,,,,,,,,,,,,,,,,,,,,,,,,,,,,,,,,,,,,,,,,,,,,,,,,,,,,,,,,,,,,,,,,,,*/prˌoˈuə̯ɲu/,,,,,,,,,,,,,,,,,,,,,,,,,,,,,,,,,,,,,,,,,,,,,,,,,,,,,,,,,,,,,,,,,,,,,,,,,,,,,,,,,,,,,,,,,,,,,,,,,,,,,,,,,,,,,,,,,,,,,,,,,,,,,,,,,,,,,,,,*/skrˈuə̯ɲu/,,,,,,,,,,,,,,,,,,,,,,,,,,,,,,,,,,,,,,,,,,,,,,,,,,,,,,,,,,,,,,,,,,,,,,,,,,,,,,,,,,,,,,,,,,,,,,*/trˈuə̯lu/,,,,,,,,,,,,,,,,,,,,,,,,,,,,,,,,,,,,,,,,,,,,,,,,,,,,,,,,,,,,,,,,,,,,,,,,,,,,,,,,,*/βˈuə̯ɲu/,,,,,
R181,,,,*/blˈɛːoɲɔ/,,,,,,,,,,,,,,,,,,,,,,,,,,,,,,,,,,,,,,,,,*/ˌaːrrˈiːɲu/,,,,,,,,,,*/ˈaːru/,,,,,,,,,,,,,,,,,,,,,,,,,,,,,,*/dˌeːutˈoɲu/,*/dˌeːutˈorɪ/,*/dˌeːutˈorɪt͡ʃu/,*/dˌeːutˈyra/,*/dˌelˌiːrˈoɲu/,,,,,,,*/dˌiˈaːolu/,,,,,,,*/dˌiskˌaːalːɪkˈoɲu/,,,,,,,,,,,*/drˈiːstu/,,,,,,,,,,,,,*/skˌaːalːɪkˈoɲu/,,,,,,,*/skˌaːðɪkˈoɲu/,,,,,,,,,*/spˌɛlːˈaːoɲu/,*/spˌɛrlˈaːoɲu/,,,,,,,,,,,,,,,,,,,,,,,,,,,,,,,,,,,,,,,*/fˈaːaʎa/,*/fˌɛːrˈoru/,,,,,,,,,,,,,,,,,,,,,,,,,,,,,,,,,,,,,,,,,,,,,,,,,,,,,,,*/ɡˈaːd͡ʒu/,*/ɡˌaːd͡ʒumˈɛntu/,,,,,,,,,,,,,,,,,,,,,,,,,,,,,,,,,,,,,,,,,,,,,,,,,,,,,*/nˌaːrtˈoɲu/,,,,,,,,,,,,,,*/ənkˌaːalːɪkˈoɲu/,,*/ənkˌaːsɑ̃ɾ̃ˈojɲu/,,,,,,,,,,,,,,,,,,,,,,,,,,,,,,,,,,,,,,,,,,,,,,,,,,,,,,,,,,,,,,,,,,,,,,,,,,,,,,,,,,,,,,,,,,,,,,,,,,,,,,,,,,,,,,*/klˈaːɑ̃ɾ̃u/,,*/klˌaːrˈyla/,,,,,,,,,,,,,,,,,,,,,,,,,,,,,,,,,,,,,,,,,,,,,,,,,,,,,,,,,,,,,,,,,,,,,,,,,,,,,,,,,,,,,,,,,,,,,,,,,,,,,,,,,*/lˌaːrˈuska/,,,,,,,,,,,,,,*/lˈaːoɲu/,*/lˌaːatˈyra/,,,,*/lˈaːru/,,,,,,,*/lˈiːru/,,*/lˌiːrˈoɲu/,,,,,,,,,,,,,,,,,,,,,,,,,,,,,,,,,,,,,,,,,,,,,,,,,,,,,,,,,,,,,,,,,,,,,,,,,,,,,,,,,,,,,,,,,,,,,,,,,,,,,,,,,,,,,,,,,,,,,,,,,,,,,,,,,,,,,*/ˌuːlˈiːɾ̃u/,,,,,,,,,,,,,*/pˌaːulˈoɲu/,,,,,,,,,,,,,,,*/pərˈaːula/,,,,,,,,,,,,,*/pˈaːku/,*/pˈaːlu/,*/pˌaːlˈoɲu/,*/pˌaːulˈonɪ/,,,,,,,,,,,,,,,,,,,,,,,,,,,,,,,,,,,,,,,,,,,,,,,,,,,,,,,,,,,,,,,,,,,,,,,,,,,,,,,,,,,,,,,,,,,,,,,,,,,,,,,,,,,,,,,,,,,,,,,,,,,,,,,,,,,,,,*/sˌaːˈurru/,,,,,,,,,,,,,,,,,,,,,,,,,,,,,,,,,,,,,,,,,,,,,,,,,,,,,,,,,,,,,,,,,,*/slˈaːu/,,,,,,,,,,,,,,,,,,,,,,,,,,,,,,,,,,*/stˈaːula/,,,,,,,,,,,,,,,*/sˌaːˈiʎa/,,,,*/sˌurˌaːkˈoɲu/,,,,,,,,,,,,,,,,,*/tˈeːɾɪ/,*/tˈaːɾu/,,,,,,,,,,,,,,,,,,,,,,,,*/trˈaːu/,,,,,,,,,,,,,,,,,,,,,,,,,,,,,,,,,,,,,,,,,,,,,,,,,,,,,,,,,,,,,,,,,,,,,,,,,,,,,,,,,,,,,,,,,,,,,
R182,,,,,,,,,*/ˈajr/,,,,,,,,,,,,,,,,,,,,,,,,,,,,,,,,,,,,,,,,,,,,,,,,,,,,,,,,,,,,,,,,,,,,,,,,,,,,,,,,,,,,,,,,,,,,,,,,,,,,,,,,,,,,,,,,,,,,,,,,,,,,,,,,,,,,,,,,,,,,,*/lˈiɟja/,,,,,,,,,,,,,,,,,,,,,,,,,,,,,,,,,,,,,,,,,,,,,,,,,,,,,,,,,,,,,,,,,,,,,,,,,,,,,,,,,,,,,,,,,,,,,,,*/ɡjˈørɟju/,,,,,,,,,,,,,,,,,,,,,,,,,,,,,*/ɟjɑ̃ɾ̃ˈoɲu/,,,,,,,,,,,,,,,,,,,,,,,,,,,,,,,,,,,,,,,,,,,,,,,,,,,,,,,,,,,,,,,,,,,,,,,,,,,,,,,,,,,,,,,,,,,,,,,,,,,,,,,,,,,,,,,,,,,,,,,,,,,,,,,,,,,,,,,,,,,,,,,,,,,,,,,,*/kˌujmtˈoɲu/,,,*/kˌujrˈiðɪ/,,,,,,,,,,,,,,,,,,,,,,,,,,,,,,,,,,,,,,,,,,,,,,,,,,,,,,,,,,,,,,,,,,,,,,,,,,,,,,,,,,,,,,,,,,,,,,,,,,,,,,,,,,,,,,,,,,,,,,,,,,,,,,,,,,,,,,,,,,,,,,,,,,,,,,,,,,,,,,,,,,,,,,,,,,,,,,,,,,,,,,,,,,,,,,,,,,,,,,,,,,,,,,,,,,,,,,,,,,,,,,,,,,,,,,,,,,,,,,,,,,,,,,,,,,,,,,,,,,,,,,,,,,,,,,,,,,,,,,,,,,,,,,,,,,,,,,,,,,,,,,,,,,,,,,,,,,,,,,,,,,,,,,,,,,,,,,,,,,,,,,,,,,,,,,,,,,,,,,,,,,,,,,,,,,,,,,,,,,,,,,,,,,,,,,,,,,,,,,,,,,,,,,,,,,,,,,,,,,,,,,,,,,,,,,,,,,,,,,,,,,,,,,*/sˈelɪncjɛ/,,,,,,,,,,,,,,,,,,,,,,,,,,,,,,,*/sˈirɟju/,,,,,,,,,,,,,,,,,,,,,,,*/skjˈɛntt͡sa/,,,,,,,,,,,,,,,,,,,,,,,,,,,,,,,,,,,,,,,,,,,,,,,,,,,,,,,,,,,,,,,,,,,,,,,,,,,,,,,,,,,,,,,,,,,,,,,,,,,,,,,,,,,,,,,,,,,,,,,,,,,,,,,,,,,,,,,,,,,,,,,,,,,,,,,,,,,,,,,,,,,,,,,,,,,,,,,,,,,,,,,,,,,,,,
R183,,,,,,,,,,,,,,,,,,,,,,,,,,,,,,,,,,,,,,,,,,,,,,,,,,,,,,,,,,,,,,,,,,,,,,,,,,,,,,,,,,,,,,,,,,,,,,,,,,,,,,,,,,,,,,,,,,,,,,,,,,,,,,,,,,,,,,,,,,,,,,,,,,,,,,,,,,,,,,,,,,,,,,,,,,,,,,,,,,,,,,,,,,,,,,,,,,,,,,,,,,,,,,,,,,,,,,,,,,,,,,,,,,,,,,,,,,,,,,,,,,,,,,,,,,,,,,,,,,,,,,,,,,,,,,,,,,,,,,,,,,,,,,,,,,,,,,,,,,,,,,,,,,,,,,,,,,,,,,,,,,,,,,,,,,,,,,,,,,,,,,,,,,,,,,,,,,,,,,,,,,,,,,,,,,,,,,,,,,,,,,,,,,,,,,,,,,,,,,,,,,,,,,,,,,,,,,,,,,,,,,,,,,,,,,,,,,,,,,,,,,,,,,,,,,,,,,,,,,,,,,,,,,,,,,,,,,,,,,,,,,,,,,,,,,,,,,,,,,,,,,,,,,,,,,,,,,,,,,,,,,,,,,,,,,,,,,,,,,,,,,,,,,,,,,,,,,,,,,,,,,,,,,,,,,,,,,,,,,,,,,,,,,,,,,,,,,,,,,,,,,,,,,,,,,,,,,,,,,,,,,,,,,,,,,,,,,,,,,,,,,,,,,,,,,,,,,,,,,,,,,,,,,,,,,,,,,,,,,,,,,,,,,,,,,,,,,,,,,,,,,,,,,,,,,,,,,,,,,,,,,,,,,,,,,,,,,,,,,,,,,,,,,,,,,,,,,,,,,,,,,,,,,,,,,,,,,,,,,,,,,,,,,,,,,,,,,,,,,,,,,,,,,,,,,,,,,,,,,,,,,,,,,,,,,,,,,,,,,,,,,,,,,,,,,,,,,,,,,,,,,,,,,,,,,,,,,,,,,,,,,,,,,,,,,,,,,,,,,,,,,,,,,,,,,,,,,,,,,,,,,,,,,,,,,,,,,,,,,,,,,,,,,,,,,,,,,,,,,,,,,,,,,,,,,,,,,,,,,,,,,,,,,,,,,,,,,,,,,,,,,,,,,,,,,,,,,,,,,,,,,,,,,,,,,,,,,,,,,,,,,,,,,,,,,,,,,,,,,,,,,,,,,,,,,,,,,,,,,,,,,,,,,,,,,,,,,,,,,,,,,,,,,,,,,,,,,,,,,,
R184,,,,,,,,,,,,,,,,,,,,,,,,,,,,,,,,,,,,,,,,,,,,,,,,,,,,,,,,,,,,,,,,,,,,,,,,,,,,,,,,,,,,,,,,,,,,,,,,,,,,,,,,,,,,,,,,,,,,,,,,,,,,,,,,,,,,,,,,,,,,,,,,,,,,,,,,,,,,,,,,,,,,,,,,,,,,,,,,,,,,,,,,,,,,,,,,,,,,,,,,,,,,,,,,,,,,,,,,,,,,,,,,,,,,,,,,,,,,,,,,,,,,,,,,,,,,,,,,,,,,,,,,,,,,,,,,,,,,,,,,,,,,,,,,,,,,,,,,,,,,,,,,,,,,,,,,,,,,,,,,,,,,,,,,,,,,,,,,,,,,,,,,,,,,,,,,,,,,,,,,,,,,,,,,,,,,,,,,,,,,,,,,,,,,,,,,,,,,,,,,,,,,,,,,,,,,,,,,,,,,,,,,,,,,,,,,,,,,,,,,,,,,,,,,,,,,,,,,,,,,,,,,,,,,,,,,,,,,,,,,,,,,,,,,,,,,,,,,,,,,,,,,,,,,,,,,,,,,,,,,,,,,,,,,,,,,,,,,,,,,,,,,,,,,,,,,,,,,,,,,,,,,,,,,,,,,,,,,,,,,,,,,,,,,,,,,,,,,,,,,,,,,,,,,,,,,,,,,,,,,,,,,,,,,,,,,,,,,,,,,,,,,,,,,,,,,,,,,,,,,,,,,,,,,,,,,,,,,,,,,,,,,,,,,,,,,,,,,,,,,,,,,,,,,,,,,,,,,,,,,,,,,,,,,,,,,,,,,,,,,,,,,,,,,,,,,,,,,,,,,,,,,,,,,,,,,,,,,,,,,,,,,,,,,,,,,,,,,,,,,,,,,,,,,,,,,,,,,,,,,,,,,,,,,,,,,,,,,,,,,,,,,,,,,,,,,,,,,,,,,,,,,,,,,,,,,,,,,,,,,,,,,,,,,,,,,,,,,,,,,,,,,,,,,,,,,,,,,,,,,,,,,,,,,,,,,,,,,,,,,,,,,,,,,,,,,,,,,,,,,,,,,,,,,,,,,,,,,,,,,,,,,,,,,,,,,,,,,,,,,,,,,,,,,,,,,,,,,,,,,,,,,,,,,,,,,,,,,,,,,,,,,,,,,,,,,,,,,,,,,,,,,,,,,,,,,,,,,,,,,,,,,,,,,,,,,,,,,,,,,,,,,,,,,,,,,,,,,,,,
R185,,,,,,,,,,,,,,,,,,,,,,,,,,,,,,,,,,,,,,,,,,,,,,,,,,,,,,,,,,,,,,,,,,,,,,,,,,,,,,,,,,,,,,,,,,,,,,,,,,,,,,,,,,,,,,,,,,,,,,,,,,,,,,,,,,,,,,,,,,,,,,,,,,,,,,,,,,,,,,,,,,,,,,,,,,,,,,,,,,,,,,,,,,,,,,,,,,,,,,,,,,,,,,,,,,,,,,,,,,,,,,,,,,,,,,,,,,,,,,,,,,,,,,,,,,,,,,,,,,,,,,,,,,,,,,,,,,,,,,,,,,,,,,,,,,,,,,,,,,,,,,,,,,,,,,,,,,,,,,,,,,,,,,,,,,,,,,,,,,,,,,,,,,,,,,,,,,,,,,,,,,,,,,,,,,,,,,,,,,,,,,,,,,,,,,,,,,,,,,,,,,,,,,,,,,,,,,,,,,,,,,,,,,,,,,,,,,,,,,,,,,,,,,,,,,,,,,,,,,,,,,,,,,,,,,,,,,,,,,,,,,,,,,,,,,,,,,,,,,,,,,,,,,,,,,,,,,,,,,,,,,,,,,,,,,,,,,,,,,,,,,,,,,,,,,,,,,,,,,,,,,,,,,,,,,,,,,,,,,,,,,,,,,,,,,,,,,,,,,,,,,,,,,,,,,,,,,,,,,,,,,,,,,,,,,,,,,,,,,,,,,,,,,,,,,,,,,,,,,,,,,,,,,,,,,,,,,,,,,,,,,,,,,,,,,,,,,,,,,,,,,,,,,,,,,,,,,,,,,,,,,,,,,,,,,,,,,,,,,,,,,,,,,,,,,,,,,,,,,,,,,,,,,,,,,,,,,,,,,,,,,,,,,,,,,,,,,,,,,,,,,,,,,,,,,,,,,,,,,,,,,,,,,,,,,,,,,,,,,,,,,,,,,,,,,,,,,,,,,,,,,,,,,,,,,,,,,,,,,,,,,,,,,,,,,,,,,,,,,,,,,,,,,,,,,,,,,,,,,,,,,,,,,,,,,,,,,,,,,,,,,,,,,,,,,,,,,,,,,,,,,,,,,,,,,,,,,,,,,,,,,,,,,,,,,,,,,,,,,,,,,,,,,,,,,,,,,,,,,,,,,,,,,,,,,,,,,,,,,,,,,,,,,,,,,,,,,,,,,,,,,,,,,,,,,,,,,,,,,,,,,,,,,,,,,,,,,,,,,,,,,,,,,,,,,,,,,,,,,,
R186,,,,,,,,,,,,,,,,,,,,,,,,,,,,,,,,,,,,,,,,,,,,,,,,,,,,,,,,,,,,,,,,,,,,,,,,,,,,,,,,,,,,,,,,,,,,,,,,,,,,,,,,,,,,,,,,,,,,,,,,,,,,,,,,,,,,,,,,,,,,,,,,,,,,,,,,,,,,,,,,,,,,,,,,,,,,,,,,,,,,,,,,,,,,,,,,,,,,,,,,,,,,,,,,,,,,,,,,,,,,,,,,,,,,,,,,,,,,,,,,,,,,,,,,,,,,,,,,,,,,,,,,,,,,,,,,,,,,,,,,,,,,,,,,,,,,,,,,,,,,,,,,,,,,,,,,,,,,,,,,,,,,,,,,,,,,,,,,,,,,,,,,,,,,,,,,,,,,,,,,,,,,,,,,,,,,,,,,,,,,,,,,,,,,,,,,,,,,,,,,,,,,,,,,,,,,,,,,,,,,,,,,,,,,,,,,,,,,,,,,,,,,,,,,,,,,,,,,,,,,,,,,,,,,,,,,,,,,,,,,,,,,,,,,,,,,,,,,,,,,,,,,,,,,,,,,,,,,,,,,,,,,,,,,,,,,,,,,,,,,,,,,,,,,,,,,,,,,,,,,,,,,,,,,,,,,,,,,,,,,,,,,,,,,,,,,,,,,,,,,,,,,,,,,,,,,,,,,,,,,,,,,,,,,,,,,,,,,,,,,,,,,,,,,,,,,,,,,,,,,,,,,,,,,,,,,,,,,,,,,,,,,,,,,,,,,,,,,,,,,,,,,,,,,,,,,,,,,,,,,,,,,,,,,,,,,,,,,,,,,,,,,,,,,,,,,,,,,,,,,,,,,,,,,,,,,,,,,,,,,,,,,,,,,,,,,,,,,,,,,,,,,,,,,,,,,,,,,,,,,,,,,,,,,,,,,,,,,,,,,,,,,,,,,,,,,,,,,,,,,,,,,,,,,,,,,,,,,,,,,,,,,,,,,,,,,,,,,,,,,,,,,,,,,,,,,,,,,,,,,,,,,,,,,,,,,,,,,,,,,,,,,,,,,,,,,,,,,,,,,,,,,,,,,,,,,,,,,,,,,,,,,,,,,,,,,,,,,,,,,,,,,,,,,,,,,,,,,,,,,,,,,,,,,,,,,,,,,,,,,,,,,,,,,,,,,,,,,,,,,,,,,,,,,,,,,,,,,,,,,,,,,,,,,,,,,,,,,,,,,,,,,,,,,,,,,,,,,,,,
R187,,,,,,,,,,,,,,,,,,,,,,,,,,,,,,,,,,,,,,,,,,,,,,,,,,,,,,,,,,,,,,,,,,,,,,,,,,,,,,,,,,,,,,,,,,,,,,,,,,,,,,,,,,,,,,,,,,,,,,,,,,,,,,,,,,,,,,,,,,,,,,,,,,,,,,,,,,,,,,,,,,,,,,,,,,,,,,,,,,,,,,,,,,,,,,,,,,,,,,,,,,,,,,,,,,,,,,,,,,,,,,,,,,,,,,,,,,,,,,,,,,,,,,,,,,,,,,,,,,,,,,,,,,,,,,,,,,,,,,,,,,,,,,,,,,,,,,,,,,,,,,,,,,,,,,,,,,,,,,,,,,,,,,,,,,,,,,,,,,,,,,,,,,,,,,,,,,,,,,,,,,,,,,,,,,,,,,,,,,,,,,,,,,,,,,,,,,,,,,,,,,,,,,,,,,,,,,,,,,,,,,,,,,,,,,,,,,,,,,,,,,,,,,,,,,,,,,,,,,,,,,,,,,,,,,,,,,,,,,,,,,,,,,,,,,,,,,,,,,,,,,,,,,,,,,,,,,,,,,,,,,,,,,,,,,,,,,,,,,,,,,,,,,,,,,,,,,,,,,,,,,,,,,,,,,,,,,,,,,,,,,,,,,,,,,,,,,,,,,,,,,,,,,,,,,,,,,,,,,,,,,,,,,,,,,,,,,,,,,,,,,,,,,,,,,,,,,,,,,,,,,,,,,,,,,,,,,,,,,,,,,,,,,,,,,,,,,,,,,,,,,,,,,,,,,,,,,,,,,,,,,,,,,,,,,,,,,,,,,,,,,,,,,,,,,,,,,,,,,,,,,,,,,,,,,,,,,,,,,,,,,,,,,,,,,,,,,,,,,,,,,,,,,,,,,,,,,,,,,,,,,,,,,,,,,,,,,,,,,,,,,,,,,,,,,,,,,,,,,,,,,,,,,,,,,,,,,,,,,,,,,,,,,,,,,,,,,,,,,,,,,,,,,,,,,,,,,,,,,,,,,,,,,,,,,,,,,,,,,,,,,,,,,,,,,,,,,,,,,,,,,,,,,,,,,,,,,,,,,,,,,,,,,,,,,,,,,,,,,,,,,,,,,,,,,,,,,,,,,,,,,,,,,,,,,,,,,,,,,,,,,,,,,,,,,,,,,,,,,,,,,,,,,,,,,,,,,,,,,,,,,,,,,,,,,,,,,,,,,,,,,,,,,,,,,,,,,,,,,,
R188,,,,,,,,,,,,,,,,,,,,,,,,,,,,,,,,,,,,,,,,,,,,,,,,,,,,,,,,,,,,,,,,,,,,,,,,,,,,,,,,,,,,,,,,,,,,,,,,,,,,,,,,,,,,,,,,,,,,,,,,,,,,,,,,,,,,,,,,,,,,,,,,,,,,,,,,,,,,,,,,,,,,,,,,,,,,,,,,,,,,,,,,,,,,,,,,,,,,,,,,,,,,,,,,,,,,,,,,,,,,,,,,,,,,,,,,,,,,,,,,,,,,,,,,,,,,,,,,,,,,,,,,,,,,,,,,,,,,,,,,,,,,,,,,,,,,,,,,,,,,,,,,,,,,,,,,,,,,,,,,,,,,,,,,,,,,,,,,,,,,,,,,,,,,,,,,,,,,,,,,,,,,,,,,,,,,,,,,,,,,,,,,,,,,,,,,,,,,,,,,,,,,,,,,,,,,,,,,,,,,,,,,,,,,,,,,,,,,,,,,,,,,,,,,,,,,,,,,,,,,,,,,,,,,,,,,,,,,,,,,,,,,,,,,,,,,,,,,,,,,,,,,,,,,,,,,,,,,,,,,,,,,,,,,,,,,,,,,,,,,,,,,,,,,,,,,,,,,,,,,,,,,,,,,,,,,,,,,,,,,,,,,,,,,,,,,,,,,,,,,,,,,,,,,,,,,,,,,,,,,,,,,,,,,,,,,,,,,,,,,,,,,,,,,,,,,,,,,,,,,,,,,,,,,,,,,,,,,,,,,,,,,,,,,,,,,,,,,,,,,,,,,,,,,,,,,,,,,,,,,,,,,,,,,,,,,,,,,,,,,,,,,,,,,,,,,,,,,,,,,,,,,,,,,,,,,,,,,,,,,,,,,,,,,,,,,,,,,,,,,,,,,,,,,,,,,,,,,,,,,,,,,,,,,,,,,,,,,,,,,,,,,,,,,,,,,,,,,,,,,,,,,,,,,,,,,,,,,,,,,,,,,,,,,,,,,,,,,,,,,,,,,,,,,,,,,,,,,,,,,,,,,,,,,,,,,,,,,,,,,,,,,,,,,,,,,,,,,,,,,,,,,,,,,,,,,,,,,,,,,,,,,,,,,,,,,,,,,,,,,,,,,,,,,,,,,,,,,,,,,,,,,,,,,,,,,,,,,,,,,,,,,,,,,,,,,,,,,,,,,,,,,,,,,,,,,,,,,,,,,,,,,,,,,,,,,,,,,,,,,,,,,,,,,,,,,,,,,,,,
R189,,,,,,,,,,,*/ʃtɪmˈoɲu/,,,,,,*/ˌuːʃˈuɲa/,,*/əlbɑ̃ɾ̃ˈɛʃu/,,,,,,,,,,,,,*/əŋɡˈuʃtu/,*/əŋɡuʃtˈoɲu/,,,,,,,,,,,*/hˌarmɪʃʃˈoru/,,,,*/ˈaʃkula/,*/ʃpˈaraɡu/,*/ˈaʃpɪr/,,,*/ɡˈuʃtu/,,,,*/bˈalʃamu/,,,,,,,,*/bˈiʃt͡ʃa/,,,,,*/brˈøʃka/,*/brˈøʃka/,,*/bˌuulcˈeʃu/,,,,,,*/bˈukʃu/,,,,,,,,,,,,,*/dˌepˌuʃtˈoɲu/,,*/dˌeʃˌiðɪrˈoɲu/,*/dˌeʃˌiðˈira/,,,,,,,,*/dˌiʃkˌaːalːɪkˈoɲu/,*/dˌiʃkˌarkˈoɲu/,*/dˈiʃka/,*/dˌiʃkˌyrtˈoɲu/,,*/mˌuðɪʃtɪkˈoɲu/,,,,,,*/drˈiːʃtu/,,,,,*/kklˈiʃa/,,*/ʃˈemɑ̃ɾ̃a/,*/ʃˌamtˈoɲu/,*/ʃˌɑ̃ɾ̃ɪmˈoɲu/,*/ʃˈɛmplu/,*/ʃɑ̃ɾ̃urˈoɲu/,*/ʃˈeɲu/,*/ʃkˌaːalːɪkˈoɲu/,*/ʃkˌalˠˈoɲu/,*/ʃkˌambˈojɲu/,*/ʃkˌandˈeɲu/,*/ʃkˌard͡ʒˈøɲu/,*/ʃkˌartˈoɲu/,*/ʃkˌatɪrrˈoɲu/,*/ʃkˌaːðɪkˈoɲu/,*/ʃcˈipɪ/,*/ʃkˈuulu/,*/ʃkˌurtˈoɲu/,*/ʃkˈurtu/,,*/ʃˈuʃʃu/,*/ʃpɪðɪtˈoɲu/,*/ʃpˈɛðɪtu/,*/ʃpˌɛlːˈaːoɲu/,*/ʃpˌɛrlˈaːoɲu/,,*/ʃtˌɛnˈoɲu/,*/ʃtrˈyðu/,*/ʃˌuŋɡulˈoɲu/,,,*/pˌeʃkˈɔpu/,*/pˈeʃkopu/,*/wˌʊpˈeʃkpə/,*/pˌeʃkopˈia/,,,,,*/ˈeʃka/,,,,,,,,,,,,,,,,,,,,,*/fˈaʃca/,,,,,,*/fˌɛnˈɛʃtra/,*/fˌɛrrˈuʃka/,,,,,,*/fˌeʎˈeʃtɪr/,,,,*/fɪʃʃˈikula/,*/fɪʃtulˈoɲu/,,,,*/flˈaʃka/,,,,,,,,,,*/fˈuʃʃa/,*/fˌuʃʃˈatu/,*/frˈakʃɑ̃ɾ̃u/,,,,,,,,,,,,,,,*/fˈuʃcɪɲa/,*/fˌuʃcɪɲˈoru/,*/fˈuʃtulu/,,,,,,,,,,,,*/ɡˈɛʃtra/,,,,,,,,,,,,,,,*/ɡrˈipʃa/,,,,,,*/ʃtˈiʎa/,,,,,,,,,,,,,,,,*/əmpˌɛratˈeʃʃa/,*/pˌɛrantˈeʃʃa/,,,*/əmpɪrˌaturˈeʃʃa/,,,,,,,,,,,*/əndˌeʃpkˈoɲu/,,,,,,,*/fˌaʃcˈoɲu/,,,,,,,*/ənkˌaːʃɑ̃ɾ̃ˈojɲu/,,*/ənkˌuʃulˈoɲu/,,,,,,,,*/ənpɪʃˈoɲu/,*/ʃˈeɲa/,*/ˈiʃula/,,,,,,,,,,,,,,,,,,,,,,,,,,,,,,,,,,*/kˌamˈiʃa/,,,,,,,,,,,,,*/kˌapʃˈata/,*/kˌapʃˈoɲu/,*/kˌapˈeʃtru/,,,,,,,,,,,,*/kˌarʃˈana/,,*/kˈeʃɑ̃ɾ̃a/,*/kˌaʃtˈaɲa/,*/kˌaʃtɑ̃ɾ̃ˈɛttu/,*/kˌaʃtˈɛlːa/,*/kˌaʃtˈɛlːu/,,*/kˈaβʃa/,,,,,,,*/kˌɛraʃˈoru/,,,,*/kˌɛrʃˈedra/,,,,,,,*/kˌimˈuʃʃa/,,,,,,,,,,,,,,*/kəʃˈyra/,*/kləʃˈyra/,,*/kləmːˈuʃtu/,,,,,,,,,,,*/kˌulˈoʃtru/,,,,,,,*/kˈokʃa/,,,,,,,,,,*/kˌuʃˈilːu/,*/kˌuʃkrˌeptˈoɲu/,*/kˌuʃˌurˈinu/,*/kˌuʃtˈoɲu/,*/kˈuʃulɪ/,,,,*/kˌuntraʃtˈoru/,,,,,,,,,,,,,,,,,*/kˈoʃʃu/,,,,,,,,,,*/krˈeʃpa/,*/krˈeʃta/,*/krɪʃtˈena/,*/krɪʃtntˈelɪ/,*/krˈiʃtu/,,*/krˈuʃku/,,,,,,,,,,,,,,,,,,,*/kˌarrˈeʃɪma/,,,,,,*/kˌaʃˈilːu/,,,*/kˈyʃ/,,,,*/lˌaːrˈuʃka/,,*/lˈakʃa/,*/lɪʃˈoɲu/,,,,,,,,,*/lˈaʃʃu/,,,,,,,,,,,,,,,,,,,,,,,,,*/lˈeʃʃu/,,,,,,,,,,,*/lˈyʃtru/,*/mˈɛʃtru/,,*/mˌaːʃtɪrˈoɲu/,*/mˌaːʃtˈɛrku/,,,,,,,,,,,,,,,,,,,,,,,*/mˌarɪkˈɔʃu/,,,,,,,,,,,,,*/mˈaʃkulu/,*/mˈaʃʃa/,*/mɪʃtɪkˈoɲu/,*/mˌentˈakʃu/,,,,,*/mɪðɪkˈaʃtru/,,,,*/mɪʃˈøra/,,,,,,,,,,,,*/mˌɑ̃ɾ̃ɪʃtrˈoɲu/,,,,*/mˈeʃʃa/,*/mɪʃɪrˈerɪ/,*/mɪʃˈira/,,,,,,,*/mˈɔʃtru/,,,,,,,,,*/mˌuʃcɪlˈoru/,*/mˌuʃkˈoɲa/,*/mˈuʃkulu/,*/mˈyʃku/,*/mˈuʃtu/,,,,,,,,,,,,,*/nˈoaʃtru/,,,,,,,*/ˌuːʎˈaʃtru/,*/ˈoʃtru/,,,,,,,,,,,*/ˌuːʃtˈoɲu/,,,,,,,,,,,,,,,,,,,,,,,,,*/frˌaʃˈolu/,*/fˌaʃˈolu/,*/pˈaʃka/,*/pˈaʃʃu/,*/pˌaʃtʏrˈaku/,,,,,,,,,,,*/pˈeʃa/,*/pɪʃˈoɲu/,,,,,,,,,,*/pɪʃʃɪkˈoɲu/,*/pˈɛʃʃɪka/,*/pˌɛtrˈeʃu/,,,,,,,,,,,,*/pˈeʃcɪ/,*/pˌeʃkatˈorɪ/,*/bɪʃtˈaʎa/,*/pɪʃtˈerja/,,,,,,,,,,,,,,,,,,,,,,,,*/pˌuʃˈoɲu/,*/pˈoʃtɪ/,*/pˈoʃtɪro/,*/pˌuʃtˈoɲu/,*/pˌuʃtˈetɪ/,,,,,,,,,,,,*/prˈokʃɪmu/,*/prˌoʃɪmˈoɲu/,,,,,,,,,,,,,,,,,,,,,,,*/rˈɑʃɑ/,*/rːˌaʃtˈɛlːu/,,,,,,*/kˈoʃu/,,,*/rːɪʃˈina/,*/rːɪʃˌurɡˈoɲu/,,*/rːˈeʃtɪ/,,,,,,,,,,,,*/rːɪʃˈaʎa/,*/rːˌoʃpˈoɲa/,,,,,,,,,*/rːˈuʃkulu/,,*/ʃˌaːˈurru/,*/ʃˈɛkulu/,*/ʃˌaɟˈetta/,*/ʃˌɛttˈoɲu/,*/ʃˌaʎɪttˈoɲu/,*/ʃˈaɡu/,*/ʃˈakkulu/,*/ʃˌakrˈoɲu/,*/ʃˈelɪcjɛ/,*/ʃˈelɪka/,*/ʃˈelɪncjɛ/,*/ʃˌelɪcˈetu/,*/ʃˌelˈina/,*/ʃˌelˈiɲu/,*/ʃˌalbˈoɲu/,*/ʃˌelbˈat͡ʃa/,*/ʃˌelbˈɛlːa/,*/ʃɐɾˈoɲu/,*/ʃˌantˈetɪ/,*/ʃˌɑ̃ɾ̃ɪtˈɔʃu/,*/ʃˌaŋɡuɲˈata/,*/ʃˌuɲʃˈuɲa/,*/ʃˌantrɪnˌitˈetɪ/,*/ʃˈaɲtu/,*/ʃˌaɲtumˌixaˈilo/,*/ʃˌantuˌandrˈeːjaː/,*/ʃˌaɲtuˌandrˈeja/,*/ʃˌaɲˈakoo/,*/kˌalɪkʃˈaɲtu/,*/ʃˌaɲtuðˌimˈitrɪu/,*/ʃˌaɲtunˌikˈolao/,*/ʃˌappˈoɲu/,*/ʃˈapu/,*/ʃˈarka/,*/ʃˌelɪcɑ̃ɾ̃ˈoru/,*/ʃˌermˈɛntu/,*/ʃˌatˈunta/,*/ʃˌɛkrˈetu/,*/ʃˌɛkˈoɲu/,*/ʃˈalːa/,*/ʃˈit͡ʃa/,*/ʃˈirɟju/,*/ʃˈarra/,*/ʃˌɛrtˈoɲu/,*/ʃˌɛrbˈeɲu/,*/ʃˌɛrbˈet͡ʃu/,*/ʃˌirbɪtˈorɪ/,*/ʃˌirbɪtˈyra/,*/ʃˈɛʃʃu/,*/ʃˌeŋnˈoɲu/,*/ʃˈeŋnu/,*/ʃˈiː/,*/ʃˈekla/,*/ʃˈikula/,*/ʃˌemɪlˈojɲu/,*/ʃˌemɪlatˈyra/,*/ʃˈinu/,*/ʃˈerpu/,*/ʃˈita/,,*/ʃkˈala/,*/ʃkˈamnu/,*/ʃcˈemnɪ/,*/ʃkˈandulu/,*/ʃkjˈɛntt͡sa/,*/ʃcˌentˈiʎa/,*/ʃlˈaːu/,*/ʃklˈøppu/,*/ʃkˈodra/,*/ʃkˈola/,*/ʃcˈøpa/,*/ʃkˌɔpˈetu/,,*/ʃkˈort͡ʃa/,*/ʃkrˈuə̯ɲu/,*/ʃkˈulka/,*/ʃkˈuma/,*/ʃcˈytu/,*/ʃkˈatu/,*/ʃˈulku/,*/ʃˈoka/,*/ʃˈocja/,*/ʃˈocju/,*/ʃˈola/,*/ʃˌulˈanu/,*/ʃˈolu/,*/ʃˈorba/,*/ʃˈortɪ/,*/ʃˌurtˈika/,*/ʃˌurtɪlɪɟˈija/,*/ʃpˈata/,*/ʃpˈatula/,*/ʃpərˈet͡ʃa/,*/ʃpərˈojɲu/,*/ʃpˈina/,*/ʃpˈirtu/,*/ʃpˈeʃʃu/,*/ʃplənˈɛtka/,*/ʃpˈud͡ʒa/,*/ʃpˈorta/,*/ʃtˈaːula/,*/ʃtˈamnu/,*/ʃtˈanku/,*/ʃtˈetɪ/,*/ʃtˈatu/,*/ʃtˌɛrnˈaku/,*/ʃtrˈambu/,*/ʃtrˈembɑ̃ɾ̃u/,*/ʃtrˈatu/,*/ʃtrˈiɡa/,*/ʃtrˈeɲtu/,*/ʃtrˌeŋɡˈoɲu/,*/ʃtˈuppa/,*/ʃtˌuppˈoɲu/,*/ʃtˈurnu/,*/ʃˌaːˈiʎa/,*/ʃˌeðˈoɲu/,*/ʃˌulˈata/,*/ʃˌumˌarˈitka/,*/ʃˌurˌaːkˈoɲu/,*/ʃˌubtɪrrˌanˈija/,*/ʃˌuffɪrˈeɲu/,*/ʃˈujta/,*/ʃˌujtˈoɲu/,*/ʃˈumma/,*/ʃˌupɪrkˌaðˈelɪ/,*/ʃˌuʃpˈirju/,*/ʃˈurðu/,*/ʃˌirˈinɡa/,,,,,,,,,,,,,,,,,,,*/tˈiʃt͡ʃa/,*/əntˌɛʃtmˈoɲu/,,,,,,,,,,,,,,,,,,*/trˌaʃflˈoɲu/,*/trˌaʃɪɡˈoɲu/,,,,,,*/trˌimɪʃˈana/,,*/trˈiʃtɪ/,,,,*/trˌuʃkˈoe̯ɲu/,,,,,,,,,,,,,,,,,,,,,,,,,,,,,,,,,,,,,,,*/βˈɛrʃa/,*/βˌɛrʃˈoɲu/,*/βˌɛʃkˈojɲu/,*/βˈeʃku/,*/βɪʃʃˈika/,*/mɪʃʃˈika/,*/βˌɛʃtɡˈoɲu/,*/βˈɛʃt͡ʃu/,,,,,,,,,,,,,,,,,*/βɪʃtˈoɲu/,*/βˈeʃtulu/,*/βˈeʃku/,,,,,,,,,,
R190,,,,,,,,,,,,,,,,,,,,,,,,,,,,,,,,,,,,,,,,,,,,,,,,,,,,,,,,,,,,,,,,,,,,,,,,,,,,,,,,,,,,,,,,,,,,,,,,,,,,,,,,,,,,,,,,,,,,,,,,,,,,,,,,,,,,,,,,,,,,,,,,,,,,,,,,,,,,,,,,,,,,,,,,,,,,,,,,,,,,,,,,,,,,,,,,,,,,,,,,,,,,,,,,,,,,,,,,,,,,,,,,,,,,,,,,,,,,,,,,,,,,,,,,,,,,,,,,,,,,,,,,,,,,,,,,,,,,,,,,,,,,,,,,,,,,,,,,,,,,,,,,,,,,,,,,,,,,,,,,,,,,,,,,,,,,,,,,,,,,,,,,,,,,,,,,,,,,,,,,,,,,,,,,,,,,,,,,,,,,,,,,,,,,,,,,,,,,,,,,,,,,,,,,,,,,,,,,,,,,,,,,,,,,,,,,,,,,,,,,,,,,,,,,,,,,,,,,,,,,,,,,,,,,,,,,,,,,,,,,,,,,,,,,,,,,,,,,,,,,,,,,,,,,,,,,,,,,,,,,,,,,,,,,,,,,,,,,,,,,,,,,,,,,,,,,,,,,,,,,,,,,,,,,,,,,,,,,,,,,,,,,,,,,,,,,,,,,,,,,,,,,,,,,,,,,,,,,,,,,,,,,,,,,,,,,,,,,,,,,,,,,,,,,,,,,,,,,,,,,,,,,,,,,,,,,,,,,,,,,,,,,,,,,,,,,,,,,,,,,,,,,,,,,,,,,,,,,,,,,,,,,,,,,,,,,,,,,,,,,,,,,,,,,,,,,,,,,,,,,,,,,,,,,,,,,,,,,,,,,,,,,,,,,,,,,,,,,,,,,,,,,,,,,,,,,,,,,,,,,,,,,,,,,,,,,,,,,,,,,,,,,,,,,,,,,,,,,,,,,,,,,,,,,,,,,,,,,,,,,,,,,,,,,,,,,,,,,,,,,,,,,,,,,,,,,,,,,,,,,,,,,,,,,,,,,,,,,,,,,,,,,,,,,,,,,,,,,,,,,,,,,,,,,,,,,,,,,,,,,,,,,,,,,,,,,,,,,,,,,,,,,,,,,,,,,,,,,,,,,,,,,,,,,,,,,,,,,,,,,,,,,,,,,,,,,,,,,,,,,,,,,,,,,,,,,,,,,,,,,,,,,,,,,,,,,,,,,,,,,,,,,,,,,,,,,,,,,,,,
R191,,,,,,,,,,,,,,,,,,,,,,,,,,,,,,,,,,,,,,,,,,,,,,,,,,,,,,,,,,,,,,,,,,,,,,,,,,,,,,,,,,,,,,,,,,,,,,,,,,,,,,,,,,,,,,,,,,,,,,,,,,,,,,,,,,,,,,,,,,,,,,,,,,,,,,,,,,,,,,,,,,,,,,,,,,,,,,,,,,,,,,,,,,,,,,,,,,,,,,,,,,,,,,,,,,,,,,,,,,,,,,,,,,,,,,,,,,,,,,,,,,,,,,,,,,,,,,,,,,,,,,,,,,,,,,,,,,,,,,,,,,,,,,,,,,,,,,,,,,,,,,,,,,,,,,,,,,,,,,,,,,,,,,,,,,,,,,,,,,,,,,,,,,,,,,,,,,,,,,,,,,,,,,,,,,,,,,,,,,,,,,,,,,,,,,,,,,,,,,,,,,,,,,,,,,,,,,,,,,,,,,,,,,,,,,,,,,,,,,,,,,,,,,,,,,,,,,,,,,,,,,,,,,,,,,,,,,,,,,,,,,,,,,,,,,,,,,,,,,,,,,,,,,,,,,,,,,,,,,,,,,,,,,,,,,,,,,,,,,,,,,,,,,,,,,,,,,,,,,,,,,,,,,,,,,,,,,,,,,,,,,,,,,,,,,,,,,,,,,,,,,,,,,,,,,,,,,,,,,*/mˌɑtrˈikə/,,,,,,,,,,,,,,,,,,,,,,,,,,,,,,,,,,,,,,,,,,,,,,,,,,,,,,,,,,,,,,,,,,,,,,,,,,,,,,,,,,,,,,,,,,,,,,,,,,,,,,,,,,,,,,,,,,,,,,,,,,,,,,,,,,,,,,,,,,,,,,,,,,,,,,,,,,,,,,,,,,,,,,,,,,,,,,,,,,,,,,,,,,,,,,,,,,,,,,,,,,,,,,,,,,,,,,,,,,,,,,,,,,,,,,,,,,,,,,,,,,,,,,,,,,,,,,,,,,,,,,,,*/ʃɑɾˈoɲu/,,,,,,,,,,,,,,,,,,,,,,,,,,,,,,,,,,,,,,,,,,,,,,,,,,,,,,,,,,,,,,,,,,,,,,,,,,,,,,,,,,,,,,,,,,,,,,,,,,,,,,,,,,,,,,,,,,,,,,,,,,,,,,,,,,,,,,,,,,,,,,,,,,,,,,,,,,,,,,,,,,,,,,,,,,,,,,,,,,,,,,,,,,,,,,,,,,,,,,,,,,,,,,,,,,,,,,,,,,,,,,,,,,,,,,,,,,,,,
R192,,,,,,,,,,,,,,,,,,,,,,,,,,,,,,,,,,,,,,,,,,,,,,,,,,,,,,,,,,,,,,,,,,,,,,,,,,,,,,,,,,,,,,,,,,,,,,,,,,,,,,,,,,,,,,,,,,,,,,,,,,,,,,,,,,,,,,,,,,,,,,,,,,,,,,,,,,,,,,,,,,,,,*/fˌɐʎˈeɲu/,*/fˌɐlːˈeɲu/,,*/fˌɐˈoe̯ɲu/,*/fˌɐlcˈiɲa/,,,,,,,,,,,,,,,,,,,,,,,,,,,,,,,,,,,,,,,,,,,,,,,,,,,,,,,,,,,,,,,,,,,,,,,,,,,,,,,,,,,,,,,,,,,,,,,,,,,,,,,,,,,,,,,,,,,,,,,,,,,,,,,,,,,,,,,,,,,,,,,,,,,,,,,,,,,,,,,,,,,,,,,,,,,,,,,,,,,,,,,,,,,,,,,,,,,,,,,,,,,,,,,,,,,,,,,,,,,,,,,,,,,,,,,,,,,,,,,,,,,,,,,,,,,,,,,,,,,,,,,,,,,,,,,,,,,,,,,,,,,,,,,,,,,,,,,,,,,,,,,,,,,,,,,,,,,,,,,,,,,,,,,,,,,,,,,,,,,,,,,,,,,,,,,,,,,,,,,,,,,,,,,,,,,,,,,,,,,,,,,,,,,,,,,,,,,,,,,,,,,,,,,,,,,,,,,*/mˌɐlˈetu/,,,,,,,,,,,,,,,,,,,,,,,,,,,,,,,,,,,,,,,,,,,,,,,,,,,,,,,,,,,,,,,,,,,,,,,,,,,,,,,,,,,,,,,,,,,,,,,,,,,,,,,,,,,,,,,,,,,,,,,,*/pˌɐɡˈana/,,,,,*/pˌɐlˈumbu/,,,,*/pˌɐlˈat͡ʃu/,,,,,,,,,,,,,*/pˌɐt͡ʃˈoɲu/,,,,,,,,,,,,,,,,,,,,,,,,,,,,,,,,,,,,,,,,,,,,,,,,,,,,,,,,,,,,,,,,,,,,,,,,,,,,,,,,,,,,,,,,,,,,,,,,,,,,,,,,,,,,,,,,,,,,,,,,,,,,,,,,,,,,,,,,,,,,,*/ʃˌɐɟˈetta/,,,,,*/ʃˌɐkrˈoɲu/,,,,,,,*/ʃˌɐlbˈoɲu/,,,,,,,,,,,,,,,,,,,,,,,,,,,,,,,,,,,,,,,,,,,,,,,,,,,,,,,,,,,,,,,,,,,,,,,,,,,,,,,,,,,,,,,,,,,,,,,,,,,,,,,,,,,,,,,,,,,,,,,,,,,,,,,,,,,,,,,,,,,,,,,,,,,,,,,,,,,,,,,,,,,,,,,,,,,,,,,,,,,,,,,,,,,*/βˌɐɡˈoɲu/,,,*/βˌɐʎˈeɲu/,*/βˌɐˈoe̯ɲu/,,*/βˌɐlˈøra/,,,,,,,,,,,,,,,,,,,,,,,,,,,,,,,,,,,,,,,,,,,,,,,
R193,,,,,,,,,,,,,,,,,,,,,,,,,,,,,,,,,,,,,,,,,,,,,,,,,,,,,,,,,,,,,,,,,,,,,,,,,,,,,,,,,,,,,,,,,,,,,,,,,,,,,,,,,,,,,,,,,,,,,,,,,,,,,,,,,,,,,,,,,,,,,,,,,,,,,,,,,,,,,,,,,,,,,,,,,,,,,,,,,,,,,,,,,,,,,,,,,,,,,,,,,,,,,,,,,,,,,,,,,,,,,,,,,,,,,,,,,,,,,,,,,,,,,,,,,,,,,,,,,,,,,,,,,,,,,,,,,,,,,,,,,,,,,,,,,,,,,,,,,,,,,,,,,,,,,,,,,,,,,,,,,,,,,,,,,,,,,,,,,,,,,,,,,,,,,,,,,,,,,,,,,,,,,,,,,,,,,,,,,,,,,,,,,,,,,,,,,,,,,,,,,,,,,,,,,,,,,,,,,,,,,,,,,,,,,,,,,,,,,,,,,,,,,,,,,,,,,,,,,,,,,,,,,,,,,,,,,,,,,,,,,,,,,,,,,,,,,,,,,,,,,,,,,,,,,,,,,,,,,,,,,,,,,,,,,,,,,,,,,,,,,,,,,,,,,,,,,,,,,,,,,,,,,,,,,,,,,,,,,,,,,*/mˌaːluðɪkˈoɲu/,*/mˌaːlːɪt͡ʃˈola/,,,,*/mˌaːlɪt͡ʃˈoɲu/,*/mˌaːlˌaŋɟˈɛɲu/,,,,,,,,,,,,,,,,,,,,,,,,,,,,,,,,,,,,,,,,,,,,,,,,,,,,,,,,,,,,,,,,,,,,,,,,,,,,,,,,,,,,,,,,,,,,,,,,,,,,,,,,,,,,,,,,,,,,,,,,,,,,,,,,,,,,,,,,,,,,,,,,,,,,,,,,,,,,,,,,,,,,,,,,,,,,,,,,,,,,,,,,,,,,,,,,,,,,,,,,,,,,,,,,,,,,,,,,,,,,,,,,,,,,,,,,,,,,,,,,,,,,,,,,,,,,,,,,,,,,,,,,,,,,,,,,,,,,,,,,,,*/ʃˌaːʎɪttˈoɲu/,,,,,,,*/ʃˌeːlɪcˈetu/,,,,,,,,,,,,,,,,,,,,,,,*/ʃˌeːlɪcɑ̃ɾ̃ˈoru/,,,,,,,,,,,,,,,,,,,,,,,,,,,,,,,,,,,,,,,,,,,,,,,,,,,,,,,,,,,,,,,,,,,,,,,,,,,,,,,,,,,,,,,,,,,,,,,,,,,,,,,,,,,,,,,,,,,,,,,,,,,,,,,,,,,,,,,,,,,,,,,,,,,,,,,,,,,,,,,,,,,,,,,,,,,,,,,,,,,,,,,,,,,,,,,,,,,,,,,,,,,,,,,,,,,,,,,,,,,,
R194,,,,,,,,,,,,,,,,,,,,,,,,,,,,,,,,,,,,,,,,,,,,,,,,,,,,,,,,,,,,,,,,,,,,,,,,,,,,,,,,,,,,,,,,,,,,,,,,,,,,,,,,,,,,,,,,,,,,,,,,,,,,,,,,,,,,,,,,,,,,,,,,,,,,,,,,,,,,,,,,,,,,,,,,,,*/fˌaːlkˈonɪ/,,,,,,,,,,,,,,,,,,,,,,,,,,,,,,,,,,,,,,,,,,,,,,,,,,,,,,,,,,,,,,,,,,,,,,,,,,,,,,,,,,,,,,,,,,,,,,,,,,,,,,,,,,,,,,,,,,,,,,,,,,,,,,,,,,,,,,,,,,,,,,,,,,,,,,,,,,,,,,,,,,,,,,,,,,,,,,,,,,,,,,,,,,,,,,,,,,,,,,,,,,,,,,,,,,,,,,,,,,,,,,,,,,,,,,,,,,,,,,,,,,,,,,,,,,,,,,,,,,,,,,,,,,,,,,,,,,,,,,,,,,,,,,,,,,,,,,,,,,,,,,,,,,,,,,,,,,,,,,,,,,,,,,,,,,,,,,,,,,,,,,,,,,,,,,,,,,,,,,,,,,,,,,,,,,,,,,,,,,,,,,,,,,,,,,,,,,,,,,,,,,,,,,,,,,,,,,,,,,,,,,,,,,,,,,,,,,,,,,,,,,,,,,,,,,,,,,,,,,,,,,,,,,,,,,,,,,,,,,,,,,,,,,,,,,,,,,,,,,,,,,,,,,,,,,,,,,,,,,,,,,,,,,,,,,,,,,,,,,,,,,,,,,,,,,,,,,,,,,,,,,,,,,,,,,,,,,,,,,,,,,,,,,,,,,,,,,,,,,,,,,,,,,,,,,,,,,,,,,,,,,,,,,,,,,,,,,,,,,,,,,,,,,,,,,,,,,,,,,,,,,,,,,,,,,,,,,,,,,,,,,,,,,,,,,,,,,,,,,,,,,,,,,,,,,*/ʃˌeːlbˈat͡ʃa/,*/ʃˌeːlbˈɛlːa/,,,,,,,,,,,,,,,,,,,,,,,,,,,,,,,,,,,,,,,,,,,,,,,,,,,,,,,,,,,,,,,,,,,,,,,,,,,,,,,,,,,,,,,,,,,,,,,,,,,,,,,,,,,,,,,,,,,,,,,,,,,,,,,,,,,,,,,,,,,,,,,,,,,,,,,,,,,,,,,,,,,,,,,,,,,,,,,,,,,,,,,,,,,,,,,,,,,,,,,,,,,,,,,,,,,,,,,,,,,,,,,,,,,,,,,,,,,,,,
R195,,,,,,,,,,,,,,,,,,,,,,,,,,,,,,,,,,,,,,,,,,,,,,,,,,,,,,,,,,,,,,,,,,,,,,,,,,,,,,,,,,,,,,,,,,,,,,,,,,,,*/dərɡˈoɲu/,,,,,,,,,,,,,,,,,,,,,,,,,,,,,,,,,,,,,,,,,,,,,,,,,,,,,,,,,,,,,,,,,,,,,*/fəlcˈiɲa/,,,,,,,,,,,,,,,,,,,,,,,,,,,*/fərɡlˈinu/,,,,,,,,,,,,,,,,,,,,,,,,,,,,,,,,,,,,,,,,,,,,,,,,,,,,,,,,,,,,,,,,,,,,,,,,,,,,,,,,,,,,,,,,,,,,,,,,,,,,,,,,,,,,,,,,,,,,,,,,,,,,,,,,,,,,,,,,,,,,,,,,,,,,,,,,*/kəlcˈerja/,,,,,,,,,,,,,,,,,,,,,,,,,,,,*/kərpˈut͡ʃu/,,,,,,*/kərʃˈana/,,,,,,,,,,,,,,,,,,,*/kərʃˈedra/,,,,,,,,,*/kərkˈoɲu/,*/kərcˈɛlːa/,,,,,,,,,,,,,,,,,,,,,,,,,,,,,,,,,,,,,,,,,,,,,,,,,,,,,,,,,,,,,,,,,,,,,,,,,,,,,,,,,,,,,,,,,,,,,,,,,,,,,,,,,,,,,,,,,,,,,,,,,,,,,,,,,,,,,,,,,,,,,,,,,,,,,,,,,,,,,,,,,,,,,,,,,,,,,,,,,,,,,,,,,,,,,,,,,,,,,,,,,,,,,,,,,,,,,,,,,,,,,,,,,,,,,,,,,,,,,,,,,,,,,,,,,,,,,,,,,,,,,,,,,,,,,,,,,,,,,,,,,,,,,,,,,,,,,,,,,,,,,,,,,,,,,,,,,,,,,,,,,,,,,,,,,,*/pərhˈøra/,,,*/pərpˌarˈoɲu/,*/pərpˌarˈoɲu/,*/pərbeɟɪlˈoɲu/,,,,,,,,,,,,,,,,,,,,,,,,,,,,,,,,,,,,,,,,,,,,,,,,,,,,,,,,,,,,,,,,,,,,,,,,,,,,,,,,,,,,,,,,,,,,,,,,,,,,,,,,,,,,,,,,,,,,,,,,,,,,,,,,,,,,,*/ʃəlbˈoɲu/,,,,,,,,,,,,,,,,,,,,,,,,,,,,,,*/ʃərbˈeɲu/,*/ʃərbˈet͡ʃu/,*/ʃərbɪtˈorɪ/,*/ʃərbɪtˈyra/,,,,,,,,,,,,,,,,,,,,,,,,,,,,,,,,,,,,,,,,,,,,,,,,,,,,,,,,,,,,,,,,,,,,,,,,,,,,,,,,,,,,,,,,,,,,,,,,,,,,,,,,,,,,,,,,,,,,,,,,,,,,,,,,,,,,,,,,,,,,,,,,,,,,,,,,,,,,,,,,,,,,,,,,,,,,*/βərʃˈoɲu/,,,,,,,,,,,,,,,,,,,*/βərɡˈanu/,,,,,,,,,,,,,,,,
R196,*/hˌavˌɛrrˈɔɲu/,,,*/blˈɛːɔɲɔ/,,,*/ˌaːðˌurˈɔɲu/,*/ˌaːðɔrˈɔɲɔ/,,,*/ʃtɪmˈɔɲu/,,,,,,,,,,*/ˌaːllɪɡˈɔrˈia/,,,*/əmbulˈɔɲu/,,,,,,,,,*/əŋɡuʃtˈɔɲu/,*/əntˈɔɲu/,,,,,,,,*/ərmˈɔɲu/,,*/hˌarmɪʃʃˈɔru/,,,,,,,,,,*/rːˈœlu/,,,,,,,*/bˌarˈɔnɪ/,,,*/bˌɛndkˈɔɲu/,,*/bˌiɲˈɔru/,*/bˈɔla/,,*/brˈɔkka/,*/brˈœʃka/,*/brˈœʃka/,,,,,,,,,,,,*/dˌamnˈɔɲu/,,*/dˌeːutˈɔɲu/,*/dˌeːutˈɔrɪ/,*/dˌeːutˈɔrɪt͡ʃu/,,*/dˌelˌiːrˈɔɲu/,*/dˌekˌaptˈɔɲu/,*/dˌepˌɑ̃ɾ̃ɪtrˈɔɲu/,*/dˌepˌuʃtˈɔɲu/,*/dˌerˌamˈɔɲu/,*/dˌeʃˌiðɪrˈɔɲu/,,*/dˌiˈaːɔlu/,,*/dˌeɡtˈɔɲu/,,*/dərɡˈɔɲu/,,,*/dˌiʃkˌaːalːɪkˈɔɲu/,*/dˌiʃkˌarkˈɔɲu/,,*/dˌiʃkˌyrtˈɔɲu/,*/dˌizbˌulːˈɔɲu/,*/mˌuðɪʃtɪkˈɔɲu/,*/dˌulˈœrɪ/,*/ðˌuɾˈɔɲu/,,*/drˌankˈɔnɪ/,,,,*/dˌuplɪkˈɔɲu/,,*/hˌeðˌektˈɔɲu/,,,,*/ʃˌamtˈɔɲu/,*/ʃˌɑ̃ɾ̃ɪmˈɔɲu/,,*/ʃɑ̃ɾ̃urˈɔɲu/,,*/ʃkˌaːalːɪkˈɔɲu/,*/ʃkˌalˠˈɔɲu/,*/ʃkˌambˈɔjɲu/,,*/ʃkˌard͡ʒˈœɲu/,*/ʃkˌartˈɔɲu/,*/ʃkˌatɪrrˈɔɲu/,*/ʃkˌaːðɪkˈɔɲu/,,,*/ʃkˌurtˈɔɲu/,,,,*/ʃpɪðɪtˈɔɲu/,,*/ʃpˌɛlːˈaːɔɲu/,*/ʃpˌɛrlˈaːɔɲu/,*/hˌɛrˌimˈɔɲu/,*/ʃtˌɛnˈɔɲu/,,*/ʃˌuŋɡulˈɔɲu/,*/zbeɟɪlˈɔɲu/,,,*/pˈeʃkɔpu/,,*/pˌeʃkɔpˈia/,*/rːˌaðɪkˈɔɲu/,,,,,,*/ˌyːˈɔe̯jɲu/,,*/fˌaːrkˈɔɲu/,,,,,*/fˌɐˈɔe̯ɲu/,,*/fˌaːlkˈɔnɪ/,,,,,,*/fˈanɡɔ/,*/fˌarɑ̃ɾ̃ˈɔɲu/,,,,*/fˌiðjˈɔla/,,,*/fˌɛːrˈɔru/,,,,,*/fɪðˈɔɲu/,,,,,,,,,*/fɪʃtulˈɔɲu/,,,,,*/flˈɔkku/,*/flˌɔrˈinu/,*/flˌuktulˈɔɲu/,,,,,*/fˈɔrtɪ/,,,,,,,,,*/frˌiɡˈɔɲu/,*/frˌiɡulˈɔɲu/,*/frˌikˈɔɲu/,,,,*/fˌɔnːˈeru/,,,,,*/fˌuʃcɪɲˈɔru/,,,,,,,,,,,*/ɡˌɛmˈɔɲu/,,,,*/ɡjˈœrɟju/,,,,,,,,,,,*/ɡrˌumulˈɔɲu/,,,,,,,,,,,,*/nːɪkulˈɔɲu/,*/ərndzˈɔɲu/,*/hˈœra/,,*/ɟˈɔnu/,,*/ɟjɑ̃ɾ̃ˈɔɲu/,,,,,*/əmparˈɔɲu/,,,*/əmpˌɛrˌatˈɔrɪ/,*/pˌɛrantˈɔrɪ/,,,*/əmpɪrˈetɔr/,*/əmpləntˈɔɲu/,*/əmplˈɔɲu/,,,*/nˌalt͡ʃˈɔɲu/,,*/nˌaːrtˈɔɲu/,,*/əndˌeʃpkˈɔɲu/,,*/əndˌikˈɔɲu/,*/əndˌektˈɔɲu/,*/əndˌeritˈɔɲu/,,*/əndˌɔʎˈeɲu/,*/fˌaʃcˈɔɲu/,,,,,*/ənkˌaːalːɪkˈɔɲu/,*/ənkˌarkˈɔɲu/,*/ənkˌaːʃɑ̃ɾ̃ˈɔjɲu/,*/ənkuɲˌirˈɔɲu/,*/ənkˌuʃulˈɔɲu/,*/ənkˈɔrðu/,,,*/ənkˌuɲˈɔɲu/,*/nːˈɔku/,*/nˈɔffula/,,*/ənpɪʃˈɔɲu/,,,*/əntˌɛlːɪɡˈɔɲu/,*/əntɪɾɡˈɔɲu/,,*/əntɪɲˈɔɲu/,,,*/mɪd͡ʒˈɔɲu/,*/βɪtˈɔɲu/,*/mɪt͡ʃˈɔɲu/,*/ɟˈɔanːɪ/,,,*/ɟˌyðɪkˈɔɲu/,,,,,*/ɟˌyrˈɔɲu/,,,,,,,*/kˌalɪndˈɔru/,,,,,*/kˌambˈɔjɲu/,,,*/kˌampˈɔna/,,,,,,,,*/kˌantˈɔɲu/,,,,,*/kˌaprˈɔlu/,,*/kˌapʃˈɔɲu/,,,*/kˌapˈɔnɪ/,,,,,*/kˌɑrrjˈɔzə/,*/kˌermɲˈɔɲu/,,,*/kˌarrˌikulˈɔɲu/,,,,,,,,,,,,,*/kˌɛntrˈɔɲu/,,,*/kˌɛraʃˈɔru/,*/kərˈœːɛlːu/,*/kərˈœːru/,,,*/kˌɛrtˈɔɲu/,*/cˈɔɲu/,,,*/kkˈɔrja/,,,,*/kərkˈɔɲu/,,,,,,*/kləmˈɔɲu/,*/klˌarˈɔɲu/,,,,,,,,,*/kˌujmtˈɔɲu/,*/kˌuʎɪtˈɔɲu/,,,,*/kˌulˈɔɲu/,,*/kˌulːˌukt͡ʃˈɔɲu/,*/kˌulːˌyktˈɔɲu/,*/kˌulːˌimɪtˈɔɲu/,*/kˌulˈɔʃtru/,,,,*/kˈɔkka/,*/kˈɔkcju/,*/kˈɔku/,*/kˈɔkʃa/,*/kˌɔktˈɔru/,*/kˈɔma/,,*/kˌummɑ̃ɾ̃ɪkˈɔɲu/,,*/kˌupˌutˈɔɲu/,*/kˌupˌutˈɔɲu/,,,,*/kˌuʃkrˌeptˈɔɲu/,,*/kˌuʃtˈɔɲu/,,*/kˌutˌɛntˈɔɲu/,,*/kˌuntrˈɔlu/,*/kˌuntraʃtˈɔru/,,*/kˌuvˌɛntˈɔɲu/,,,*/kˈɔrbula/,*/kˈɔrða/,*/kˈɔrːju/,,,*/kˌurˈɔna/,*/kˈɔrpu/,,,*/kˈɔru/,,*/kˈɔrbu/,*/kˈɔʃʃu/,*/ktˈɔɲu/,*/kˌuttɪdzˈɔɲu/,,*/krˌiˈɔɲu/,,,,,*/krˌezmˈɔɲu/,,,,,,*/krˈɔkulu/,,,,,,,,,,,,,*/kˌuɲˈɔɲu/,*/kˌuntˈɔɲu/,,,*/kˌyrˈɔɲu/,*/kˌurt͡ʃˈœɲu/,,,*/kˈɔdru/,*/kˌɛrˈɔɲu/,,*/kˈɔrta/,*/kˈɔrtu/,,,,,,,*/lɪvʏrˈɔɲu/,,*/lˌakˈɔnɪ/,,*/lɪʃˈɔɲu/,,*/lˌaŋɡˈɔɲu/,,*/lˌaŋɡˈœrɪ/,,,,,,,*/lˈaːɔɲu/,,,,,,,*/lˌɛntˈɔɲu/,*/ʎˈɔnɪ/,,,,,,*/lˌiːrˈɔɲu/,,,,,*/lˌimˈɔɲu/,,,,,,*/lˌyðˈɔɲu/,,,,*/lˌuktˈɔɲu/,*/lˌuktatˈɔrɪ/,,,,,,,*/mˌaːʃtɪrˈɔɲu/,,,,*/mˌaːluðɪkˈɔɲu/,*/mˌaːlːɪt͡ʃˈɔla/,*/mˌenðjˈɔla/,,,*/mˌaːlɪt͡ʃˈɔɲu/,,,,,*/mˌankˈɔɲu/,*/mˌanpulˈɔɲu/,,,,*/mˌankˈɔɲu/,,,,,,,*/mˌartˈɔɲu/,*/mˌartˈɔɲu/,,,,,,,,,,,,*/mɪʃtɪkˈɔɲu/,,,,,*/mɪðɪkˈɔɲu/,,,*/mɪðɪtˈɔɲu/,,*/mɪʃˈœra/,,,*/mˌɛrɪd͡ʒˈœɲu/,,*/mˌɛrɡˈɔɲu/,,,,,*/mˌeɾɡˈɔɲu/,,*/mˌɑ̃ɾ̃ɪʃtrˈɔɲu/,,*/mˌirˌakulˈɔɲu/,*/mˌirˈɔjɲu/,,,,,*/mˈɔðu/,,,,,,,*/mˈɔrtɪ/,,,*/mˌulkˈɔɲu/,,*/mˌurmurˈɔɲu/,,*/mˌuʃcɪlˈɔru/,*/mˌuʃkˈɔɲa/,,,,,,,,,,,*/nˈœðu/,*/nˈœðulu/,*/nˌemːɑ̃ɾ̃ˈɔɲu/,*/nˈɔnːu/,*/nˌɔtˈɔɲu/,*/nˈɔaʃtru/,*/nˌɔˈɛrka/,*/nˌumɪrˈɔɲu/,,,,,,*/ˈɔʃtru/,*/ˈɔʎu/,,*/ˈœpɪra/,*/ˌuːrˈɔɲu/,*/ˈœrbu/,*/ˌuːrðɑ̃ɾ̃ˈɔɲu/,,*/ˈœrðɑ̃ɾ̃ɪ/,*/ˈɔrnu/,*/ˈɔrfɑ̃ɾ̃u/,*/ˌuːʃtˈɔɲu/,*/ˈœtu/,*/ˈœat͡ʃa/,*/ˈœa/,*/pˌaːulˈɔɲu/,,,,,,,,,,,*/pˌajtˈɔɲu/,,,,,,*/pərˈɔɲu/,*/pərˈɔɲu/,*/pˌarɪntˈɔɲu/,,*/frˌaʃˈɔlu/,*/fˌaʃˈɔlu/,,,,*/pˌɐt͡ʃˈɔɲu/,,,,*/pˌaːlˈɔɲu/,*/pˌaːulˈɔnɪ/,,,,,,*/pɪʃˈɔɲu/,,,,*/pərhˈœra/,,,*/pərpˌarˈɔɲu/,*/pərpˌarˈɔɲu/,*/pərbeɟɪlˈɔɲu/,*/pɪʃʃɪkˈɔɲu/,,,,,,*/pˌeːrtˈɔɲu/,,,,,,,,,*/pˌeʃkatˈɔrɪ/,,,,,,,,,,,,,*/plˈœpu/,,,*/pˌulːɪkˈɔe̯ru/,,,*/pˈɔrru/,*/pˈɔrru/,*/pˈɔpulu/,*/pˈɔrrɪcju/,,,*/pˈɔrta/,*/pˌuʃˈɔɲu/,*/pˈɔʃtɪ/,*/pˈɔʃtɪrɔ/,*/pˌuʃtˈɔɲu/,,*/pˈɔttu/,,,*/prˌɛðˈɔɲu/,,,,,*/prˌiβˈɔɲɔ/,*/prˌɔdˈɔɲu/,*/prˌɔˈuə̯ɲu/,*/prˈɔkʃɪmu/,*/prˌɔʃɪmˈɔɲu/,*/prˌemːˌettˈɔɲu/,,,,,,,,,,,,,*/rːˌaðˈɔɲu/,,,,,,,,,,,*/ˌaːrrˌat͡ʃˈœnɪ/,,,,,*/kˈɔʃu/,,,,*/rːɪʃˌurɡˈɔɲu/,,,,*/rːˌiɡˈɔɲu/,,*/rːˌimˈɔɲu/,,*/rˈɔbur/,*/rːˈɔkka/,,,,,,*/rːˌɔʃpˈɔɲa/,*/rːˈɔta/,*/rːˈɔtulu/,*/rːˌɔtˈunda/,*/rːˌynˈɔɲu/,*/rːˌunkˈɔɲu/,,,,,,,,,*/ʃˌɛttˈɔɲu/,*/ʃˌaːʎɪttˈɔɲu/,,,*/ʃˌɐkrˈɔɲu/,,,,,,,*/ʃəlbˈɔɲu/,,,*/ʃɑɾˈɔɲu/,,,,,,,*/ʃˌaɲtumˌixaˈilɔ/,,,*/ʃˌaɲˈakɔɔ/,,,*/ʃˌaɲtunˌikˈɔlaɔ/,*/ʃˌappˈɔɲu/,,,*/ʃˌeːlɪcɑ̃ɾ̃ˈɔru/,,,,*/ʃˌɛkˈɔɲu/,,,,,*/ʃˌɛrtˈɔɲu/,,,*/ʃərbɪtˈɔrɪ/,,,*/ʃˌeŋnˈɔɲu/,,,,,*/ʃˌemɪlˈɔjɲu/,,,,,,,,,,,,,*/ʃklˈœppu/,*/ʃkˈɔdra/,*/ʃkˈɔla/,*/ʃcˈœpa/,,,*/ʃkˈɔrt͡ʃa/,,,,,,,*/ʃˈɔka/,*/ʃˈɔcja/,*/ʃˈɔcju/,*/ʃˈɔla/,,*/ʃˈɔlu/,*/ʃˈɔrba/,*/ʃˈɔrtɪ/,,,,,,*/ʃpərˈɔjɲu/,,,,,,*/ʃpˈɔrta/,,,,,,,,,,,,*/ʃtrˌeŋɡˈɔɲu/,,*/ʃtˌuppˈɔɲu/,,,*/ʃˌeðˈɔɲu/,,,*/ʃˌurˌaːkˈɔɲu/,,,,*/ʃˌujtˈɔɲu/,,,,,,,,*/tˌaetˈɔɲu/,,,,,,,,,,,,*/tərˈœːɛlːa/,*/tərˈœːɛlːa/,*/tˌɛrrɪmˈœtu/,,,*/əntˌɛʃtmˈɔɲu/,*/tˌimˈɔnɪ/,*/tˌemˈœrɪ/,,,,,,*/tˌukkˈɔɲu/,*/tˈɔrkulu/,*/tˈɔrnu/,*/tˈɔrta/,*/trˈœːɛza/,,*/trˌaðˈɔɲu/,*/trˌajˌɛktˈɔru/,*/trˌajtˈɔɲu/,,*/trˌaʃflˈɔɲu/,*/trˌaʃɪɡˈɔɲu/,,*/trˌazmˌɛd͡ʒˈɔɲu/,*/trɪfˈɔʎa/,,,,,,,*/trˈɔkta/,,*/trˌuʃkˈɔe̯ɲu/,,*/tˌurt͡ʃˈœɲu/,,,,,,,*/tˌurbˈɔɲu/,*/tˌurbulˈɔɲu/,,,,,,,*/ˌuːnkˈɔɲu/,,,,,*/βˌɐɡˈɔɲu/,,,,*/βˌɐˈɔe̯ɲu/,,*/βˌɐlˈœra/,,,,,,,*/βɪtˌilˈɔɲu/,,,,,*/βərʃˈɔɲu/,*/βˌɛʃkˈɔjɲu/,,,,*/βˌɛʃtɡˈɔɲu/,,,,,,,,*/βˌejtˈɔrja/,,,,,,,,,,*/βɪʃtˈɔɲu/,,,,,,,,*/βˈɔla/,*/βˈɔlpulu/,,*/βˈɔmɪ/,
R197,,,,,,,,,,,,*/ˈɛːtta/,*/ˈɛːva/,,,,,,,,,,,,,,,,,,,,,,,,,,,,,,,,,,,,,,,,,,,,,,,,,,,,,,,,,,,,,,,,,,,,,,,,,,,,,,,,,,,,,,,,,,,,,,,,,,,,,,,,,,,,,,,,,,,,,,,,,,,,,,,,,,,,,,,,,,,,,,,,,,,,,,,,,,,,,,,,,,,,,,,,,,,,,,,,,,,,,,,,,,,,,,,,,,,,,,,,,,,,,,,,,,,,,,,,,,,,,,,,,,,,,,,,,,,,,,,,,,,,,,,,,,,,,,,,,,,,,,,,,,,,,,,,,,,,,,,,,,,,,,,,,,,,,,,,,,,,,,,,,,,,,,,,,,,,,,,,,,,,,,,,,,,,,,,,,,,,,,,,,,,,,,,,,,,,,,,,,,,,,,,,,,,,,,,,,,,,,,,,,,,,,,,,,,,,,,,,,,,,,,,,,,,,,,,,,,,,,,,,,,,,,,,,,,,,,,,,,,,,,,,,,,,,,,,,,,,,,,,,,,,,,,,,,,,,,,,,,,,,,,,,,,,,,,,,,,,,,,,,,,,,,,,,,,,,,,,,,,,,,,,,,,,,,,,,,,,,,,,,,,,,,,,,,,,,,,,,,,,,,,,,,,,,,,,,,,,,,,,,,,,,,,,,,,,,,,,,,,,,,,,,,,,,,,,,,,,,,,,,,,,,,,,,,,,,,,,,,,,,,,,,,,,,,,,,,,,,,,,,,,,,,,,,*/ˈɔːʃtru/,*/ˈɔːʎu/,,*/ˈœːpɪra/,,*/ˈœːrbu/,,,*/ˈœːrðɑ̃ɾ̃ɪ/,*/ˈɔːrnu/,*/ˈɔːrfɑ̃ɾ̃u/,,*/ˈœːtu/,*/ˈœːat͡ʃa/,*/ˈœːa/,,,,,,,,,,,,,,,,,,,,,,,,,,,,,,,,,,,,,,,,,,,,,,,,,,,,,,,,,,,,,,,,,,,,,,,,,,,,,,,,,,,,,,,,,,,,,,,,,,,,,,,,,,,,,,,,,,,,,,,,,,,,,,,,,,,,,,,,,,,,,,,,,,,,,,,,,,,,,,,,,,,,,,,,,,,,,,,,,,,,,,,,,,,,,,,,,,,,,,,,,,,,,,,,,,,,,,,,,,,,,,,,,,,,,,,,,,,,,,,,,,,,,,,,,,,,,,,,,,,,,,,,,,,,,,,,,,,,,,,,,,,,,,,,,,,,,,,,,,,,,,,,,,,,,,,,,,,,,,,,,,,,,,,,,,,,,,,,,,,,,,,,,,,,,,,,,,,,,,,,,,,,,,,,,,,,,,,,,,,,,,,,,,,,,,,,,,,,,,,,,,,,,,,,,,,,,,,,,,,,
R198,,,,,,,,,,,,,,,,,,,,,,,,,,,,,,,,,,,,,,,,,,,,,,,,,,,,,,,,,,,,,,,,,,,,,,,,,,,,,,,,,,,,,,,,,,,,,,,,,,,,,,,,,,,,,,,,,,,,,,,,,,,,,,,,,,,,,,,,,,,,,,,,,,,,,,,,,,,,,,,,,,,,,,,,,,,,,,,,,,,,,,,,,,,,,,,,,,,,,,,,,,,,,,,,,,,,,,,,,,,,,,,,,,,,,,,,,,,,,,,,,,,,,,,,,,,,,,,,,,,,,,,,,,,,,,,,,,,,,,,,,,,,,,,,,,,,,,,,,,,,,,,,,,,,,,,,,,,,,,,,,,,,,,,,,,,,,,,,,,,,,,,,,,,,,,,,,,,,,,,,,,,,,,,,,,,,,,,,,,,,,,,,,,,*/kˌaʃtˈɛːlːa/,*/kˌaʃtˈɛːlːu/,,,,,,,,,,,,,,,,,,,,,,,,,,,,,,,,,,,,,,,,,,,,,,,,,,,,,,,,,,,,,,,,,,,,,,,,,,,,,,,,,,,,,,,,,,,,,,,,,,,,,,,,,,,,,,,,,,,,,,,,,,,,,,,,,,,,,,,,,,,,,,,,,,,,,,,,,,,,,,,,,,,,,,,,,,,,,,,,,,,,,,,,,,,,,,,,,,,,,,,,,,,,,,,,,,,,,,,,,,,,,,,,,,,,,,,,,,,,,,,,,,,,,,,,,,,,,,,,,,,,,,,,,,,,,,,,,,,,,,,,,,,,,,,,,,,,,,,,,,,,,,,,,,,,,,,,,,,,,,,,,,,,,,,,,,,,,,,,,,,,,,,,,,,,,,,,,,,,,,,,,,,,,,,,,,,,,,,,,,,,,,,,,,,,,,,,,,,,,,,,,,,,,,,,,,,,,,,,,,,,,,,,,,,,,,,,,,,,,,,,,*/rːˌaʃtˈɛːlːu/,,,,,,,,,,,,,,,,,,,,,,,,,,,,,,,,,,,,,,,,,,,,,,,,,,,,,,,,,,,,,,,,,,,,,,,,,,,,,,,,,,,,,,,,,,,,,,,,,,,,,,,,,,,,,,,,,,,,,,,,,,,,,,,,,,,,,,,,,,,,,,,,,,,,,,,,,,,,,,,,,,,,,,,,,,,,,,,,,,,,,,,,,,,,,,,,,,,,,,,,,,,,,,,,,,,,,,,,,,,,,,,,,,,,,,,,,,,,,,,,,,,,,,,,,,,,,,,,,,,,,,,,,,,,,,,,,,,,,,,,,,,,,,,,,,
R199,,,,,,,,,,,,,,,,,,,,,,,,,,,,,,,,,,,,,,,,,,,,,,,,,,,,,,,,,,,,,,,,,,,,,,,,,,,,,,,,,,,,,,,,,,,,,,,,,,,,,,,,,,,,,,,,,,,,,,,,,,,,,,,,,,,,,,,,,,,,,,,,,,,,,,,,,,,,,,,,,,,,,,,,,,,,,,,,,,,,,,,,,,,,,,,,,,,,,,,,,,,,,,,,,,,,,,,,,,,,,,,,,,,,,,,,,,,,,,,,,,,,,,,,,,,,,,,,,,,,,,,,,,,,,,,,,,,,,,,,,,,,,,,,,,,,,,,,,,,,,,,,,,,,,,,,,,,,,,,,,,,,,,,,,,,,,,,,,,,,,,,,,,,,,,,,,,,,,,,,,,,,,,,,,,,,,,,,,,,,,,,,,,,,,,,,,,,,,,,,,,,,,,,,,,,,,,,,,,,,,,,,,,,,,,,,,,,,,,,,,,,,,,,,,,,,,,,,,,,,,,,,,,,,,,,,,,,,,,,,,,,,,,,,,,,,,,,,,,,,,,,,,,,,,,,,,,,,,,,,,,,,,,,,,,,,,,,,,,,,,,,,,,,,,,,,,,,,,,,,,,,,,,,,,,,,,,,,,,,,,,,,,,,,,,,,,,,,,,,,,,,,,,,,,,,,,,,,,,,,,,,,,,,,,,,,,,,,,,,,,,,,,,,,,,,,,,,,,,,,,,,,,,,,,,,,,,,,,,,,,,,,,,,,,,,,,,,,,,,,,,,,,,,,,,,,,,,,,,,,,,,,,,,,,,,,,,,,,,,,,,,,,,,,*/pˈɛːʃʃɪka/,,,,,,,,,,,,,,,,,,,,,,,,,,,,,,,,,,,,,,,,,,,,,,,,,,,,,,,,,,,,,,,,,,,,,,,,,,,,,,,,,,,,,,,,,,,,,,,,,,,,,,,,,,,,,,,,,,,,,,,,,,,,,,,,,,,,,,,,,,,,,,,,,,,,,,,,,,,,,,,,,,,,,*/ʃˈɛːʃʃu/,,,,,,,,,,,,,,,,,,,,,,,,,,,,,,,,,,,,,,,,,,,,,,,,,,,,,,,,,,,,,,,,,,,,,,,,,,,,,,,,,,,,,,,,,,,,,,,,,,,,,,,,,,,,,,,,,,,,,,,,,,,,,,,,,,,,,,,,,,,,,,,,,,,,,,,,,,,,,,,,,,,,,,,,,,*/βˈɛːrʃa/,,,,,,,,,,,,,,,,,,,,,,,,,,,,,,,,,,,,
R200,,,,,,,,,,,,,,,,,,,,,,,,,,,,,,,,,,,,,,,,,,,,,,,,,,,,,,,,,,,,,,,,,,,,,,,,,,,,,,,,,,,,,,,,,,,,,,,,,,,,,,,,,,,,,,,,,,,,,,,,,,,,,,,,,,,,,,,,,,,,,,,,,,,,,,,,,,,,,,,,,,,,,,,,,,,,,,,,,,,,,,,,,,*/fˌɛnˈɛːʃtra/,,,,,,,,,,,,,,,,,,,,,,,,,,,,,,,,,,,,,,,,,,,,,,,,,,,,,,,,,*/ɡˈɛːʃtra/,,,,,,,,,,,,,,,,,,,,,,,,,,,,,,,,,,,,,,,,,,,,,,,,,,,,,,,,,,,,,,,,,,,,,,,,,,,,,,,,,,,,,,,,,,,,,,,,,,,,,,,,,,,,,,,,,,,,,,,,,,,,,,,,,,,,,,,,,,,,,,,*/kˌaʃtɑ̃ɾ̃ˈɛːttu/,,,,,,,,,,,,,,,,,,,,,,,,,,,,,,,,,,,,,,,,,,,,,,,,,,,,,,,,,,,,,,,,,,,,,,,,,,,,,,,,,,,,,,,,,,,,,,,,,,,,,,,,,,,,,,,,,,,,,,,,,,,,,,,,,,,,,,,,,,,,,,,,,,,,,,,,,,,,,,,,,,,,,,,,,,,,,,,,,,,,,,,,,,,,,*/mˈɛːʃtru/,,,,,,,,,,,,,,,,,,,,,,,,,,,,,,,,,,,,,,,,,,,,,,,,,,,,,,,,,,,,*/mˈɛːtula/,,,,,,,,,,,,,,,,,,,,,,,,,,,,,,,,,,,,,,,,,,,,,,,,,,,,,,,,,,,,,,,,,,,,,,,,,,,,,,,,,,,,,,,,,,,,,,,,,,,,,,,*/pˈɛːpɑ̃ɾ̃ɪ/,,,,,,,,,,,,*/pˈɛːtru/,,,,,,,,,,,,,,,,,,,,,,,,,,,,,,,,,,,,,,,,,,,,,,,,,,,,,,,,,,,,,,,,,,,,,,,,,,,,,,,,,,,,,,,,,,,,,,,,,,,,,,,,,,,,,,,,,,,,,,,,,,,,,,,,,,,,,,,,,,,,,,,,,,,,,,,,,,,,,,,,,,,,,,,,,,,,,,,,,,,,,,,,,,,,,,,,,,,,,,,,,,,,,,,,,,,,,,,,,,,,,,,,,,,,,,,,,,,,,,,,,,,,,,,,,,,,,,,,,,,,,,,,,,,,,,,,,,,,,,,,,,,,,,,,,,,,,,,,,,,,,,,,,,,,,,,,,,,,,,,,,,,,,,,,,,,,,,,,,,,,,*/βˈɛːtɪrɪ/,,,,,,,,,,,,,,,,,,,,,,,,,,,,
R201,,,,,,,,,,,,,,,,,,,,,,,,,,,,,,,,,,,,,,,,,,,,,,,,,,,,,,,,,,,,,,,,,,,,,,,,,,,,,,,,,,,,,,,,,,,,,,,,,,,,,,,,,,,,,,,,,,,,,,,,,,,,,,,,,,,,,,,,,,,,,,,,,,,,,,,,,,,,,,,,,,,,,,,,,,,,,,,,,,,,,,,,,,,,,,,,,,,,,,,,,,,,,,,,,,,,,,,,,,,,,,,,,,,,,,,,,,,,,,,,,,,,,,,,,,,,,,,,,,,,,,,,,,,,,,,,,,,,,,,,,,,,,,,,,,,,,,,,,,,,,,,,,,,,,,,,,,,,,,,,,,,,,,,,,,,,,,,,,,,,,,,,,,,,,,,,,,,,,,,,,,,,,,,,,,,,,,,,,,,,,,,,,,,,,,,,,,,,,,,,,,,,,,,,,,,,,,,,,,,,,,,,,,,,,,,,,,,,,,,,,,,,,,,,,,,,,,,,,,,,,,,,,,,,,,,,,,,,,,,,,,,,,,,,,,,,,,,,,,,,,,,,,,,,,,,,,,,,,,,,,,,,,,,,,,,,,,,,,,,,,,,,,,,,,,,,,,,,,,,,,,,,,,,,,,,,,*/lˌupcˈɛːrbulu/,,,,,,,,,,,,,,,,,,,,,,,,,,,,,,,,,,,,,,,,,,,,,,,,,,*/mˈɛːðɪku/,,*/mˈɛːd͡ʒu/,,,,,,,,,,,,,,,,,,,,,,,,,,,,,,,,,,,,,,,,,,,,*/mˈɛːɡula/,,,,,,,,,,,,,,,,,,,,,,,,,,,,,,,,,,,,,,,,,,,,,,,,,,,,,,,,,,,,,,,*/pˈɛːðɪka/,,*/əmpˈɛːðɪka/,,,,,,*/pˈɛːrɡula/,,,,,,,,,,,,,,,,,,,,,,,,,,,,,,,,,,,,,,,,,,,,,,,,,,,,,,,,,,,,,,,,,,,,,,,,,,,,,,,,,,,,,,,,,,,,,,,,,,,,,,,,,,,,,,,,,,,,,,,,,,,,,,,,,,,,,,,,,,,,,,,,,,,,,,,,,,,,,,,,,,,,,,,,,,,,,,,,,,,,,,,,,,,,,,,,,,,,,,,,,,,,,,,,,,,,,,,,,,,,,,,,,,,,,,,,,,,,,,,,,,,,,,,,,,,,,,,,,,,,,,,,*/tˈɛːɡula/,,,,,,,,,,,,,,,,,,,,,,,,,,,,,,,,,,,,,,,,,,,,,,,,,,,,,,,,,,,,,,,,,,,,,,,,,,,,,,,,,,,,,,,,,,,,,,,,,,,,,,,,,,,,,,,,,,,
R202,,,,,,,*/ˌaðˌurˈɔɲu/,*/ˌaðɔrˈɔɲɔ/,,,,,,,,,*/ˌuʃˈuɲa/,,,,*/ˌallɪɡˈɔrˈia/,,,,,,,,,,,,,,,,,,*/ʊrˈana/,,,,,,*/ˌarrˈiːɲu/,,,,,,,,,,,,,,,,,,,,,,,,,,,,,,,,,,,,,,,,,,,,,,,,,,,,,,,,,,,,,,,,,,,,,,,,,,,,,,,,,,,,,,,,,,,,,,,,,,,,,,,,,,,,,,,,,,,,*/ˌyˈɔe̯jɲu/,,,,,,,,,,,,,,,,,,,,,,,,,,,,,,,,,,,,,,,,,,,,,,,,,,,,,,,,,,,,,,,,,,,,,,,,,,,,,,,,,,,,,,,,,,,,,,,,,,,,,,,,,,,,,,*/ˌurrˈeɲu/,,,,,,,,,,,,,,,,,,,,,,,,,,,,,,,,,,,,,,,,,,,,,,,,,,,,,,,,,,,,,,,,,,,,,,,,,,,,,,,,,,,,,,,,,,,,,,,,,,,,,,,,,,,,,,,,,,,,,,,,,,,,,,,,,,,,,,,,,,,,,,,,,,,,,,,,,,,,,,,,,,,,,,,,,,,,,,,,,,,,,,,,,,,,,,,,,,,,,,,,,,,,,,,,,,,,,,,,,,,,,,,,,,,,,,,,,,,,,,,,,,,,,,,,,,,,,,,,,,,,,,,,,,,,,,,,,,,,,,,,,,,,,,,,,,,,,,,,,,,,,,,,,,,,,,,,,,,,,,,,,,,,,,,,,,,,,,,,,,,,,,,,,,,,,,,,,,,,,,,,,,,,,,,,,,,,,,,,,,,,,,,,,,,,,,,,,,,,,,,,,,,,,,,,,,,,,*/ˌuʎˈaʃtru/,,,*/ˌulˈiːɾ̃u/,,*/ˌurˈɔɲu/,,*/ˌurðɑ̃ɾ̃ˈɔɲu/,*/ˌurðɑ̃ɾ̃ˈata/,,,,*/ˌuʃtˈɔɲu/,,,,,,,,,,,,,,,,,,,,,,,,,,,,,,,,,,,,,,,,,,,,,,,,,,,,,,,,,,,,,,,,,,,,,,,,,,,,,,,,,,,,,,,,,,,,,,,,,,,,,,,,,,,,,,,,,,,,,,,,,,,,,,,,,,,,,,*/ˌarrˌat͡ʃˈœnɪ/,,,,,,,,,,,,,,,,,,,,,,,,,,,,,,,,,,,,,,,,,,,,,,,,,,,,,,,,,,,,,,,,,,,,,,,,,,,,,,,,,,,,,,,,,,,,,,,,,,,,,,,,,,,,,,,,,,,,,,,,,,,,,,,,,,,,,,,,,,,,,,,,,,,,,,,,,,,,,,,,,,,,,,,,,,,,,,,,,,,,,,,,,,,,,,,,,,,,,,,,,,,,,,,,,,,,,,,,,,,,,,,,,,,,,,,*/ˌunkˈɔɲu/,*/ˌyntˈyra/,,*/ˌurulˈiɲu/,*/ˌutrˈinu/,,,,,,,,,,,,,,,,,,,,,,,,,,,,,,,,,,,,,,,,,,,,,,,,,,,,,,
R203,,,,,,,,,,,,,,,,,,,,,,,,,,,,,,,,,,,,,,,,,,,,,,,,,,,,,,,,,,,,,,,,,,,,,,,,,,,,,,,,,,,,,,,,,,,,,,,,,,,,,,,,,,,,,,,,,,,,,,,,,,,,,,,,,,,,,,,,,,,,,,,,,,,,,,,,,,,,,,,,,,,,,,,,,,,,,,,,,,,,,,,,,,,,,,,,,,,,,,,,,,,,,,,,,,,,,,,,,,,,,,,,,,,,,,,,,,,,,,,,,,,,,,,,,,,,,,,,,,,,,,,,,,,,,,,,,,,,,,,,,,,,,,,,,,,,,,,,,,,,,,,,,,,,,,,,,,,,,,,,,,,,,,,,,,,,,,,,,,,,,,,,,,,,,,,,,,,,,,,,,,,,,,,,,,,,,,,,,,,,,,,,,,,,,,,,,,,,,,,,,,,,,,,,,,,,,,,,,,,,,,,,,,,,,,,,,,,,,,,,,,,,,,,,,,,,,,,,,,,,,,,,,,,,,,,,,,,,,,,,,,,,,,,,,,,,,,,,,,,,,,,,,,,,,,,,,,,,,,,,,,,,,,,,,,,,,,,,,,,,,,,,,,,,,,,,,,,,,,,,,,,,,,,,,,,,,,,,,,,,,,,,,,,,,,,,,,,,,,,,,,,,,,,,,,,,,,,,,,*/mˌɑːtrˈikə/,,,,,,,,,,,,,,,,,,*/mˌeːɾɡˈɔɲu/,,*/mˌɑ̃ːɾ̃ɪʃtrˈɔɲu/,,,,,,,,,,,,,,,,,,,,,,,,,,,,,,*/nˌaːtˈyra/,,,,,,,,*/nˌɔːtˈɔɲu/,,,,,,,,,,,,,,,,,,,,,,,,,,,,,,,,,,,,,,,,,,,,,,,,,,,,,,,,,,,,,,,,,,,,,,,,,,,,,,,,,,,,,,,,,,,,,,,,,,,,,,,,,,,,,,,,,,,,,,,,,,,,,,,,,,*/prˌemːˌeːttˈɔɲu/,,,,,,,,,,,,,,,,,,,,,,,,,,,,,,,,,,,,,,,,,,,,,,,,,,,,,,,,,,,,,,,,,,,,,,,,,,,,,,,,,*/ʃˌantrɪnˌiːtˈetɪ/,,,,,,,,,,,,,,,,,,,,,,,,,,,,,,,,,,,,,,,,,,,,,,,,,,,,,,,,,,,,,,,,,,,,,,,,,,,,,,,,,,,,,,,,,,,,,,,,,,,,,,,,,,,,,,,,,,,,,,,,,,,,,,,,,,,,,,,,,,,,,,,,,,,,,,,,,,,,,,,,,,,,,,,,,,,,,,,,,,,,,,,,,,,,,,,,,,,,,,,,,,,,,,,,,,,,,,,,,,,,,,,,,,,,,,,,
R204,,,,,,,,,,,,,,,,,,,,,,,*/əmbupɐtˈinu/,,,,,,,,,,,,,,,,,,,,,,,,,,,,,,,,,,,,,,,,,,,,,,,,,,,,,,,,,,,,,,,,,,,,,,,,,,,,,,,,,,,,,,,,,,,,,,,,,,,,,,,,,,,,,,,,,,,,,,,,,,,,,,,,,,,,,,,,,,,,,,,,,,,,,,,,,,,,,,,,,,,,,,,,,,,,,,,,,,,,,,,,,,,,,,,,,,,,,,,,,,,,,,,,,,,,,,,,,,,,,,,,,,,,,,,,,,,,,,,,,,,,,,,,,,,,,,,,,,,*/əmpˌɛrɐtˈɔrɪ/,,*/əmpɪrɐturˈeʃʃa/,,,,,,,,,,,,,,,,,,,,,,,,,,,,,,,,,,,,,,,,,,,,,,,,,,,,,,,,,,,,,,,,,,,,,,,,,,,,,,,,,,,,,,,,,,,,,,,,,,,,,,,,,,,,,,,,,,,,,,,,,,,,,,,,,,,,,,,,,,,,,,,,,,,,,,,,,,,,,,,,,,,,,,,,,,,,,,,,,,,,,,,,,,,,,,,,,,,,,,,,,,,,,,,,,,,,,,,,,,,,,,,,,,,,,,,,,,,,,,,,,,,*/lɐkˈɔnɪ/,,,,,,,,*/lɐpˈatja/,,,,*/lɐtˈinu/,,,,,,,,,,,,,,,,,,,,,,,,,,,,,,,,,,,,,,,,,,,,,,,,,,,,,,,,,,,,,,,,,,,,,,,,,,,,,,,,,,,,,,,,,,,,,,,,,,,,,*/mˌirɐkulˈɔɲu/,,,,,,,,,,,,,,,,,,,,,,,,,,,,,,,,,,,,,,,,,,,,,,,,,,,,,,,,,,,,,,,,,,,,,,,,,,,,,,,,,,,,,,*/pɐt͡ʃˈɔɲu/,,,,,,,,,,,,,,,,,,,,,,,,,,,,,,,,,,,,,,,,,,,,,,,,,,,,,,,,,,,,,,,,,,,,,,,,,,,,,,,,,,,,,,,,,,,,,,,,,,,,,,,,*/ˌarrɐt͡ʃˈœnɪ/,,,,,,,,,,,,,,,,,,,,,,,,,,,,,,,,,,,,,,,,,,*/ʃɐkrˈɔɲu/,,,,,,,,,,,,,,,,,,,,,,,,,,,,,*/ʃɐtˈunta/,,,,,,,,,,,,,,,,,,,,,,,,,,,,,,,,,,,,,,,,,,,,,,,,,,,,,,,,,,,,,,,,,,,,,,,,,,,,,,,,,,,,,,,,,,,,,,,,,,,,,,,,,,,,,,,,,,,,,,,,,,,,,,,,,,,,,,,,,,,,,,,,,,,,,,,,,,,,,,,,,,,,,,,,,,,,,,,,,,,,,,,,,,,,,,,,,,,,,,,,,,,,,,,,,,,,,,,,,,
R205,,,,,,,,,,,,*/ˈɛːta/,,,*/cˈiptu/,*/cˈiptrɪ/,,,,,,,,,,,,,,,,,,,,*/pˌaramˈɛntu/,,,,,,,,*/hˌarmɪʃˈɔru/,,,,,,,,,,,,,,,,,,*/bˌatˈaʎa/,*/bˌatˈaʎa/,,,,,,*/brˈɔka/,,,,,,,,,*/bˈuka/,,,*/bˈutɪ/,,,,,,,,,,,,,,,,,,,,,,,,,,,,,,,,,,,,,,*/klˈiʃa/,*/ku/,,,,,,,,,,,,,,,,,,,,*/ʃˈuʃu/,,,,,,,,,,,,,,,,,,,,,,,,,,,,,,,,,,,,,,,,,,,,,,,,,,,,,,,,,*/fɪʃˈikula/,,,,,,*/flˈɔku/,,,,,,,,,*/fˈuʃa/,*/fˌuʃˈatu/,,,,,,,,,,,,,,,,,,,,,,,,*/ɡˈata/,*/ɡˈatu/,,,,,,,,,,,,,,,,,,,,,,,,*/ɡˈuta/,,,,,,,,,,,,,,,,,,*/əmpˌɛratˈeʃa/,*/pˌɛrantˈeʃa/,,,*/əmpɪrɐturˈeʃa/,,,,,,,,,,,,,,,,,,,,,,,,,,,,,,,,,*/nˈɔfula/,*/ənpˌekˈatu/,,,,,,,,,,,,,,,,,,,,,,,,,,,,,,,,,,,,,,,,,,,,,,,,*/kˌapˈɛlːa/,,,,,,,,,,,,,,,,,,,,*/kˌaʃtɑ̃ɾ̃ˈɛːtu/,,,,,,,,,,,,,,,,,,,,*/kˈɔrja/,,*/kˌimˈuʃa/,,,,,,,,,,,,,,,,,,,,,,,,,,,,,,,,*/kˈɔka/,*/kˈɔcju/,,,,,,,,,,,,,,,,,,,,,,,,,,,,,,,,,,,,,*/kˈɔʃu/,,*/kˌutɪdzˈɔɲu/,,,,,,,,,,,,,,,,,,*/kˈurbuta/,,,,,,,,,,*/kˈupu/,*/kˈupa/,,,,,,,,,,,,,,,,,,,,,,,,,,,,,*/lˈaʃu/,,,,,,,,,,,,,,,,,,,,,,,,*/lˌepɪtˈyra/,*/lˈeʃu/,*/lˈetɪra/,,,,,,,,,,,,,,,,,,,,,,,,,,,,,,,,,,,,,,,,,,,,,,,,,,,*/mˈaʃa/,,,,,*/mˌent͡ʃˈuku/,,,,,,,,,,,,,,,,,,,,,,*/mˈeʃa/,,,,,,,,,,,,,,,,,,,,,,,,,*/nˈapa/,,,,,,,,,,,,,,,,,,,,,,,,,,,,,,,,,,,,,,,,,,,,,,,,,,,,,,,,,*/pˈaʃu/,,,,,,,,,,,,,,,,,,,,,,,*/pɪʃɪkˈɔɲu/,*/pˈɛːʃɪka/,,,*/pˈɛt͡ʃa/,,,,,,,,,,,,,,*/pˈeta/,*/pˈetɪku/,*/pˈetula/,,,,,,,,,,,,,,,,,,,,,,,,,,*/pˈɔtu/,,,,,,,,,,,,,*/prˌemːˌeːtˈɔɲu/,,,,,,,,,*/pˈupa/,,*/pˌutˈana/,,,,,,,,,,,,,,,,,,,,,,,,,,,,,,,*/rːˈɔka/,,,,,,,,,,,,,,,,,,,*/ʃˌɐɟˈeta/,*/ʃˌɛtˈɔɲu/,*/ʃˌaːʎɪtˈɔɲu/,,*/ʃˈakulu/,,,,,,,,,,,,,,,,,,,,,,,,,*/ʃˌapˈɔɲu/,,,,,,,,,,,,,,,,,*/ʃˈɛːʃu/,,,,,,,,,,,,,,,,*/ʃkjˈɛnt͡sa/,,,*/ʃklˈœpu/,,,,,,,,,,,,,,,,,,,,,,,,,,,,,*/ʃpˈeʃu/,,,,,,,,,,,,,,,,*/ʃtˈupa/,*/ʃtˌupˈɔɲu/,,,,,,,,*/ʃˌufɪrˈeɲu/,,,,,,,,,,,,,*/tˈapa/,,,,,,,,,,,,,,,,,,,,,,*/tˌukˈɔɲu/,,,,,,,,,,,,,,,,,,,,,,,,,,,,,,,,,,,,,,,,,,,,,,,,,,,,,,,,,,,,,,,,,,*/βɪʃˈika/,*/mɪʃˈika/,,,,,,,,,,,,,,,,,,,,,,,,,*/βˌetˈula/,,,,,,
R206,,,,,,,,,,,,,,,,,,,,,,,,,,,,,,,,,,,,,,,,,,,,,,,,,,,,,,,,,,,,,,,,,,,,,,,,,,,,,,,,,,,,,,,,,,,,,,,,,,,,,,,,,,,,,,,,,,,,,,,,,,,,,,,,,,,,,,,,,,,,,,,,,,,,,,,,,,,,,,,,,,,,,,,,,,,,,,,,,,,,,,,,,,,,,,,,,,,,,,,,,,,,,,,,,,,,,,,,,,,,,,,,,,,,,,,,,,,,,,,,,,,,,,,,,,,,,,,,,,,,,,,,,,,,,,,,,,,,,,,,,,,,,,,,,,,,,,,,,,,,,,,,,,,,,,,,,,,,,,,,,,,,,,,,,,,,,,,,,,,,,,,,,,,,,,,,,,,,,,,,,,,,,,,,,,,,,,,,,,,,,,,,,,,,,,,,,,,,,,,,,,,,,,,,,,,,,,,,,,,,,,,,,,,,,,,,,,,,,,,,,,,,,,,,,,,,,,,,,,,,,,,,,,,,,,,,,,,,,,,,,,,,,,,,,,,,,,,,,,,,,,,,,,,,,,,,,,,,,,,,,,,,,,,,,,,,,,,,,,,,,,,,,,,,,,,,,,,,,,,,,,,,,,,,,,,,,,,,,,,,,,,,,,,,,,,,,,,,,,,,,,,,,,,,,,,,,,,,,,,,,,,,,,,,,,,,,,,,,,,,,,,,,,,,,,,,,,,,,,,,,,,,,,,,,,,,,,,,,,,,,,,,,,,,,,,,,,,,,,,,,,,,,,,,,,,,,,,,,,,,,,,,,,,,,,,,,,,,,,,,,,,,,,,,,,,,,,,,,,,,,,,,,,,,,,,,,,,,,,,,,,,,,,,,,,,,,,,,,,,,,,,,,,,,,,,,,,,,,,,,,,,,,,,,,,,,,,,,,,,,,,,,,,,,,,,,,,,,,,,,,,,,,,,,,,,,,,,,,,,,,,,,,,,,,,,,,,,,,,,,,,,,,,,,,,,,,,,,,,,,,,,,,,,,,,,,,,,,,,,,,,,,,,,,,,,,,,,,,,,,,,,,,,,,,,,,,,,,,,,,,,,,,,,,,,,,,,,,,,,,,,,,,,,,,,,,,,,,,,,,,,,,,,,,,,,,,,,,,,,,,,,,,,,,,,,,,,,,,,,,,,,,,,,,,,,,,,,,,,,,,,,,,,,,,,,,,,,,,,,,,,,,,,,,,,,,,,,,,,,
R207,,,,,,,,,,,,,,,,,,,,,,,,,,,,,,,,,,,,,,,,,,,,,,,,,,,,,,,,,,,,,,,,,,,,,,,,,,,,,,,,,,,,,,,,,,,,,,,,,,,,,,,,,,,,,,,,,,,,,,,,,,,,,,,,,,,,,,,,,,,,,,,,,,,,,,,,,,,,,,,,,,,,,,,,,,,,,,,,,,,,,,,,,,,,,,,,,,,,,,,,,,,,,,,,,,,,,,,,,,,,,,,,,,,,,,,,,,,,,,,,,,,,,,,,,,,,,,,,,,,,,,,,,,,,,,,,,,,,,,,,,,,,,,,,,,,,,,,,,,,,,,,,,,,,,,,,,,,,,,,,,,,,,,,,,,,,,,,,,,,,,,,,,,,,,,,,,,,,,,,,,,,,,,,,,,,,,,,,,,,,,,,,,,,,,,,,,,,,,,,,,,,,,,,,,,,,,,,,,,,,,,,,,,,,,,,,,,,,,,,,,,,,,,,,,,,,,,,,,,,,,,,,,,,,,,,,,,,,,,,,,,,,,,,,,,,,,,,,,,,,,,,,,,,,,,,,,,,,,,,,,,,,,,,,,,,,,,,,,,,,,,,,,,,,,,,,,,,,,,,,,,,,,,,,,,,,,,,,,,,,,,,,,,,,,,,,,,,,,,,,,,,,,,,,,,,,,,,,,,,,,,,,,,,,,,,,,,,,,,,,,,,,,,,,,,,,,,,,,,,,,,,,,,,,,,,,,,,,,,,,,,,,,,,,,,,,,,,,,,,,,,,,,,,,,,,,,,,,,,,,,,,,,,,,,,,,,,,,,,,,,,,,,,,,,,,,,,,,,,,,,,,,,,,,,,,,,,,,,,,,,,,,,,,,,,,,,,,,,,,,,,,,,,,,,,,,,,,,,,,,,,,,,,,,,,,,,,,,,,,,,,,,,,,*/rːˈɔbur/,,,,,,,,,,,,,,,,,,,,,,,,,,,,,,,,,,,,,,,,,,,,,,,,,,,,,,,,,,,,,,,,,,,,,,,,,,,,,,,,,,,,,,,,,,,,,,,,,,,,,,,,,,,,,,,,,,,,,,,,,,,,,,,,,,,,,,,,,,,,,,,,,,,,,,,,,,,,,,,,,,,,,,,,,,,,,,,,,,,,,,,,,,,,,,,,,,,,,,,,,,,,,,,,,,,,,,,,,,,,,,,,,,,,,,,,,,,,,,,,,,,,,,,,,,,,,,,,,,,,,,,,,,,,,,,,
R208,*/hˌavˌɛɾɾˈɔɲu/,,,,,,*/ˌaðˌuɾˈɔɲu/,*/ˌaðɔɾˈɔɲɔ/,*/ˈajɾ/,,,,,,,*/cˈiptɾɪ/,,,,,*/ˌallɪɡˈɔɾˈia/,*/əltˈeɾɪ/,,,,,,*/mˈuɾɡa/,,,,,,,,*/pˌaɾamˈɛntu/,*/pɾˈilɪ/,,*/ʊɾˈana/,*/əɾɟˈɛntu/,*/ˈaɾma/,*/əɾmˈɔɲu/,*/əɾmˈata/,*/hˌaɾmɪʃˈɔɾu/,*/ˌaɾɾˈiːɲu/,*/ˈaɾku/,*/ˈaɾka/,,*/ʃpˈaɾaɡu/,*/ˈaʃpɪɾ/,,,,,*/ˈaːɾu/,,,,*/bˌaɾˈatɾu/,*/bˈaɾka/,*/bˌaɾˈɔnɪ/,,,,,*/bˌiɲˈɔɾu/,,*/bɾˈecɪ/,*/bɾˈɔka/,*/bɾˈœʃka/,*/bɾˈœʃka/,*/bɾˈyma/,,,,,,,,*/bˈuɾɡu/,,,,,,*/dˌeːutˈɔɾɪ/,*/dˌeːutˈɔɾɪt͡ʃu/,*/dˌeːutˈyɾa/,*/dˌelˌiːɾˈɔɲu/,,*/dˌepˌɑ̃ɾ̃ɪtɾˈɔɲu/,,*/dˌeɾˌamˈɔɲu/,*/dˌeʃˌiðɪɾˈɔɲu/,*/dˌeʃˌiðˈiɾa/,,,,,*/dəɾɡˈɔɲu/,*/dˌiɾˈejtu/,,,*/dˌiʃkˌaɾkˈɔɲu/,,*/dˌiʃkˌyɾtˈɔɲu/,,,*/dˌulˈœɾɪ/,,*/dɾˈecɪ/,*/dɾˌankˈɔnɪ/,*/dɾˈinu/,*/dɾˈiːʃtu/,,,*/dˌuɾˈɒɲɔ/,,,,,,,,*/ʃɑ̃ɾ̃uɾˈɔɲu/,,,,,,*/ʃkˌaɾd͡ʒˈœɲu/,*/ʃkˌaɾtˈɔɲu/,*/ʃkˌatɪɾɾˈɔɲu/,,,,*/ʃkˌuɾtˈɔɲu/,*/ʃkˈuɾtu/,,,,,,*/ʃpˌɛɾlˈaːɔɲu/,*/hˌɛɾˌimˈɔɲu/,,*/ʃtɾˈyðu/,,,,,,,,,,*/ˈiɾɪcju/,,,,,*/fˈaːɾka/,*/fˌaːɾkˈɔɲu/,,,,,,,,,*/fˌajtˈyɾa/,,,,,*/fˌaɾɑ̃ɾ̃ˈɔɲu/,*/fˌaɾɑ̃ɾ̃ˈata/,*/fˈaɾmaku/,,,,,*/fˌɛːɾˈɔɾu/,,*/fˌɛnˈɛːʃtɾa/,*/fˌɛɾɾˈuʃka/,,,,,,*/fˌeʎˈeʃtɪɾ/,,,*/fəɾɡlˈinu/,,,,,,,,*/flˌɔɾˈinu/,,,*/fˌuɾmˈɛlːa/,*/fˈuɾnɪcɪ/,*/fˌuɾnɪcˈija/,*/fˈɔɾtɪ/,*/fˌuɾtˈuna/,,,*/fɾˈakʃɑ̃ɾ̃u/,*/fɾˈɑnku/,*/fɾˌɑnkˈiɑ/,*/fɾˈena/,*/fɾˈenu/,*/fɾˌiɡˈɔɲu/,*/fɾˌiɡulˈɔɲu/,*/fɾˌikˈɔɲu/,*/flˌektˈeɾja/,*/fɾˈytu/,,*/fˌɔnːˈeɾu/,,*/fˈuɾka/,*/fˈuɾnu/,,*/fˌuʃcɪɲˈɔɾu/,,,,,,,,,,,,,*/ɡˈɛːʃtɾa/,,*/ɡjˈœɾɟju/,,,*/lˈiɾɪ/,*/ɡləmːɪɾˈata/,*/ɡɾˈɛku/,,*/ɡɾˈatu/,*/ɡɾˈiɟɪ/,*/ɡɾˈimu/,*/ɡɾˌuˈilːa/,*/ɡɾˌumulˈɔɲu/,*/ɡɾˈumulu/,*/ɡɾˈipʃa/,,,,,*/ɡˈiɾu/,,*/vɪɾnˈinu/,*/vˌɛɾnˈid͡ʒa/,,,*/əɾndzˈɔɲu/,*/hˈœɾa/,*/ˌuɾɾˈeɲu/,,*/jˌaːnnˈeɾu/,,,,,,*/əmpaɾˈɔɲu/,*/əmpˌɛɾatˈeʃa/,*/pˌɛɾantˈeʃa/,*/əmpˌɛɾɐtˈɔɾɪ/,*/pˌɛɾantˈɔɾɪ/,*/əmpɪɾɐtuɾˈeʃa/,*/əmpɪɾˈetu/,*/əmpɪɾˈetɔɾ/,,,,,,,*/nˌaːɾtˈɔɲu/,,,,,,*/əndˌeɾitˈɔɲu/,*/əndˌeɾˈejt͡ʃu/,,,*/fˈɛɾnu/,,*/əŋɡɾˈata/,,,*/ənkˌaɾkˈɔɲu/,,*/ənkuɲˌiɾˈɔɲu/,,*/ənkˈɔɾðu/,,,,,,,,,,,,*/əntɪɾ/,,*/mˌɛɾnˈaʎa/,*/vˈɛɾnu/,,,,,,*/ˈiɾa/,,,,*/ɟˌyntˈyɾa/,,*/ɟˌyɾˈɔɲu/,,,,,,,*/kˌalɪndˈɔɾu/,,*/kəlcˈeɾja/,,,,*/kˈemɪɾa/,,,,,,,,,,,*/kˈantaɾu/,,,,*/kˌapɾˈɔlu/,,,*/kˌapˈeʃtɾu/,,,*/kˈepɾu/,,,*/kəɾpˈut͡ʃu/,*/kˌɑɾɾjˈɔzə/,*/kˌeɾmɲˈɔɲu/,*/kˈaɾɾa/,*/kˈeɾɾɪ/,*/kˌaɾɾˌikulˈɔɲu/,*/kəɾʃˈana/,*/kˈaɾta/,,,,,,,,,,*/kˈɛntɾu/,*/kˌɛntɾˈɔɲu/,,,*/kˌɛɾaʃˈɔɾu/,*/kəɾˈœːɛlːu/,*/kəɾˈœːɾu/,*/cˈaɾɾu/,*/kəɾʃˈedɾa/,*/kˌɛɾtˈɔɲu/,,,*/kˈicɪɾɪ/,*/kˈɔɾja/,,,,*/kəɾkˈɔɲu/,*/kəɾcˈɛlːa/,*/cˈaɾkulu/,*/cˈaɾku/,*/kˈitɾu/,,,*/klˌaɾˈɔɲu/,*/klˈaɾta/,,*/klˌyːtˈyɾa/,*/klˌaːɾˈyla/,*/kəʃˈyɾa/,*/kləʃˈyɾa/,,,,,,*/kˌujɾˈiðɪ/,,,*/kˌulːˈaɾɪ/,,,,*/kˌulˈɔʃtɾu/,,,,,,,,*/kˌɔktˈɔɾu/,,*/kˌummˈɛɾcju/,,*/kˈumtɪɾ/,,,,,,*/kˌuʃkɾˌeptˈɔɲu/,*/kˌuʃˌuɾˈinu/,,,,*/kˈuntɾa/,*/kˌuntɾˈɔlu/,*/kˌuntɾaʃtˈɔɾu/,,,,*/kˌupɪɾtˈyɾa/,*/kˈɔɾbula/,*/kˈɔɾða/,,*/kˌuɾnˈikulu/,*/kˌɔɾnˈuta/,*/kˌuɾˈɔna/,*/kˈɔɾpu/,,*/kˌuɾtˈina/,*/kˈɔɾu/,*/kˌuɾbˈinu/,*/kˈɔɾbu/,,,,*/kɾˈapulu/,*/kɾˌiˈɔɲu/,*/kɾˌiˈet͡ʃa/,*/kɾˌiatˈyɾa/,*/kɾˈetku/,*/kɾˈezma/,*/kɾˌezmˈɔɲu/,*/kɾˈeʃpa/,*/kɾˈeʃta/,*/kɾɪʃtˈena/,*/kɾɪʃtntˈelɪ/,*/kɾˈiʃtu/,*/kɾˈɔkulu/,*/kɾˈuʃku/,*/kɾˈucɪ/,*/kɾˈupta/,,*/kˈuɾbuta/,*/kˈukuɾu/,,*/kˈultɾa/,,,,,,,,,*/kˌyɾˈɔɲu/,*/kˌuɾt͡ʃˈœɲu/,*/kˌaɾɾˈiɡa/,*/kˌaɾɾˈeʃɪma/,*/kˈɔdɾu/,*/kˌɛɾˈɔɲu/,*/kˈaɾta/,*/kˈɔɾta/,*/kˈɔɾtu/,,,,,,*/kˈipɾu/,*/lɪvʏɾˈɔɲu/,*/lˌaːɾˈuʃka/,,,,,,*/lˌaŋɡˈyɾa/,*/lˌaŋɡˈœɾɪ/,*/lˌancjˈeɾja/,,*/lˈaɾɡu/,*/lˈaɾðu/,,,,*/lˌaːatˈyɾa/,,,*/lɪvɪkˈeɾu/,*/lˈaːɾu/,,,,*/lˈɛpuɾɪ/,,*/lˈɛpɾa/,*/lˈiːɾu/,*/lˈibɛɾu/,*/lˌiːɾˈɔɲu/,*/lˌiɡatˈyɾa/,,,,,,,*/lˌepɪtˈyɾa/,,*/lˈetɪɾa/,,*/lˌucˈɛɾna/,*/lˈukɾu/,,,*/lˌuktatˈɔɾɪ/,*/lˈuntɾɪ/,,*/lˌupcˈɛːɾbulu/,*/lˈyʃtɾu/,*/mˈɛːʃtɾu/,,*/mˌaːʃtɪɾˈɔɲu/,*/mˌaːʃtˈɛɾku/,*/mˌajˈeɾja/,,,,,,,,,,,,,,,,,,,,*/mˈaɾɟɑ̃ɾ̃ɪ/,*/mˌaɾˈija/,*/mˌaɾɪkˈɔʃu/,*/mˌaɾɪlˈycju/,*/mˌaɾtˈɔɲu/,*/mˌaɾtˈɔɲu/,*/mˌaɾtˈet͡ʃa/,*/mˈaɾku/,*/mˈaɾmuɾɪ/,*/mˌaɾcˌinˈetu/,*/mˈaɾtɪ/,*/mˌaɾtˈinu/,*/mˈaɾt͡ʃu/,*/mˈaɾu/,*/mˌaɾˈunu/,,,,,*/mˌɑːtɾˈikə/,*/mˌentɾˈikula/,,,*/mɪðɪkˈaʃtɾu/,,,,*/mɪʃˈœɾa/,,,*/mˌɛɾɪd͡ʒˈœɲu/,*/mˌɛɾˈid͡ʒɛ/,*/mˌɛɾɡˈɔɲu/,*/mˌɛɾcˈeɾu/,*/mˌɛɾkˈuɾa/,*/mˌɛɾulˈaɲa/,,,,*/mˌɑ̃ːɾ̃ɪʃtɾˈɔɲu/,*/mˌiɾˈekulu/,*/mˌiɾɐkulˈɔɲu/,*/mˌiɾˈɔjɲu/,,*/mɪʃɪɾˈeɾɪ/,*/mɪʃˈiɾa/,,,*/mˌulˈaɾɪ/,,,,*/mˈɔʃtɾu/,*/mˌuɾtˈaʎa/,*/mˈɔɾtɪ/,,,,,*/mˌuɾmuɾˈɔɲu/,*/mˈyɾu/,*/mˌuʃcɪlˈɔɾu/,,,,,*/mˌiɾcˈiɲa/,*/mˈeɾɾa/,,*/nˌaːtˈyɾa/,,,*/ənkˌaɾðˌulːˈicja/,,,,,,*/nˈɔaʃtɾu/,*/nˌɔˈɛɾka/,*/nˌumɪɾˈɔɲu/,*/nˈumɪɾu/,,,,*/ˌuʎˈaʃtɾu/,*/ˈɔːʃtɾu/,,,*/ˈœːpɪɾa/,*/ˌuɾˈɔɲu/,*/ˈœːɾbu/,*/ˌuɾðɑ̃ɾ̃ˈɔɲu/,*/ˌuɾðɑ̃ɾ̃ˈata/,*/ˈœːɾðɑ̃ɾ̃ɪ/,*/ˈɔːɾnu/,*/ˈɔːɾfɑ̃ɾ̃u/,,,,,,,,,,*/pˌaɡatˈyɾa/,,,,,,,,,*/pˈaɾ/,*/pəɾˈaːula/,*/pˌaɾaðˈiːzu/,*/pəɾˈɔɲu/,*/pəɾˈɔɲu/,*/pˌaɾɪntˈɔɲu/,*/pəɾˈintɪ/,*/fɾˌaʃˈɔlu/,,,,*/pˌaʃtʏɾˈaku/,,,,,,,,,,,,,,*/pˌɛɾ/,*/pˈɛːɾɡula/,*/pəɾhˈœɾa/,*/pˌɛɾˌendulˈeɲu/,,*/pəɾpˌaɾˈɔɲu/,*/pəɾpˌaɾˈɔɲu/,*/pəɾbeɟɪlˈɔɲu/,,,*/pˌɛtɾˈeʃu/,*/pˈɛːtɾu/,,,*/pˌeːɾtˈɔɲu/,,,,,,,,,*/pˌeʃkatˈɔɾɪ/,,*/pɪʃtˈeɾja/,,,,,,,,,,,,,,*/pˌulːɪkˈɔe̯ɾu/,*/pˌulːɪkˈeɾɪ/,,*/pˈɔɾɾu/,*/pˈɔɾɾu/,,*/pˈɔɾɾɪcju/,*/pˌuɾɾɑ̃ɾ̃ˈija/,*/pˌuɾɾˈinu/,*/pˈɔɾta/,,,*/pˈɔʃtɪɾɔ/,,,,,*/pɾˈɛða/,*/pɾˌɛðˈɔɲu/,*/pɾˌɛˈiɲu/,*/pɾˈevɪtɪɾ/,*/pɾˌimavˈeɾa/,*/pɾˈincɪ/,*/pɾˌiβˈɔɲɔ/,*/pɾˌɔdˈɔɲu/,*/pɾˌɔˈuə̯ɲu/,*/pɾˈɔkʃɪmu/,*/pɾˌɔʃɪmˈɔɲu/,*/pɾˌemːˌeːtˈɔɲu/,,,,,,*/pˈulbɛɾɪ/,,,,,,*/fˈaɾu/,,,,,,,,,,*/ɾˈɑʃɑ/,,*/ˌaɾɾɐt͡ʃˈœnɪ/,,*/rːɪfˈɛɾɲu/,*/ɾˈeɡɛ/,,,,,,*/rːɪʃˌuɾɡˈɔɲu/,,,,,,,,*/rːˈɔbuɾ/,,,,,,,,,,,,,,,,,,*/ʃˌaːˈuɾɾu/,,,,,,,*/ʃɐkɾˈɔɲu/,,,,,,,,,,,,,,,*/ʃˌantɾɪnˌiːtˈetɪ/,,,*/ʃˌantuˌandɾˈeːjaː/,*/ʃˌaɲtuˌandɾˈeja/,,,*/ʃˌaɲtuðˌimˈitɾɪu/,,,,*/ʃˈaɾka/,*/ʃˌeːlɪcɑ̃ɾ̃ˈɔɾu/,*/ʃˌeɾmˈɛntu/,,*/ʃˌɛkɾˈetu/,,,,*/ʃˈiɾɟju/,*/ʃˈaɾɾa/,*/ʃˌɛɾtˈɔɲu/,*/ʃəɾbˈeɲu/,*/ʃəɾbˈet͡ʃu/,*/ʃəɾbɪtˈɔɾɪ/,*/ʃəɾbɪtˈyɾa/,,,,,,,,*/ʃˌemɪlatˈyɾa/,,*/ʃˈeɾpu/,,,,,,,,,,,*/ʃkˈɔdɾa/,,,,*/zɟˈyɾa/,*/ʃkˈɔɾt͡ʃa/,*/ʃkɾˈuə̯ɲu/,,,,,,,,,,,,*/ʃˈɔɾba/,*/ʃˈɔɾtɪ/,*/ʃˌuɾtˈika/,*/ʃˌuɾtɪlɪɟˈija/,,,*/ʃpəɾˈet͡ʃa/,*/ʃpəɾˈɔjɲu/,,*/ʃpˈiɾtu/,,,,*/ʃpˈɔɾta/,,,,,,*/ʃtˌɛɾnˈaku/,*/ʃtɾˈambu/,*/ʃtɾˈembɑ̃ɾ̃u/,*/ʃtɾˈatu/,*/ʃtɾˈiɡa/,*/ʃtɾˈeɲtu/,*/ʃtɾˌeŋɡˈɔɲu/,,,*/ʃtˈuɾnu/,,,,*/ʃˌumˌaɾˈitka/,*/ʃˌuɾˌaːkˈɔɲu/,*/ʃˌubtɪɾɾˌanˈija/,*/ʃˌufɪɾˈeɲu/,,,,*/ʃˌupɪɾkˌaðˈelɪ/,*/ʃˌuʃpˈiɾju/,*/ʃˈuɾðu/,*/ʃˌiɾˈinɡa/,,,,,,,*/tˌavˈɛɾna/,,,,,,,,*/təɾˈœːɛlːa/,*/təɾˈœːɛlːa/,*/tˌɛɾɾɪmˈœtu/,*/tˌɛɾɾˈatku/,,,,*/tˌemˈœɾɪ/,,,,,,,*/tˈɔɾkulu/,*/tˈɔɾnu/,*/tˈɔɾta/,*/tɾˈœːɛza/,*/tɾˈaːu/,*/tɾˌaðˈɔɲu/,*/tɾˌajˌɛktˈɔɾu/,*/tɾˌajtˈɔɲu/,*/tɾˈajta/,*/tɾˌaʃflˈɔɲu/,*/tɾˌaʃɪɡˈɔɲu/,*/tɾˈuə̯lu/,*/tɾˌazmˌɛd͡ʒˈɔɲu/,*/tɾɪfˈɔʎa/,*/tɾɪfˈilːu/,*/tɾɪfˈuɾku/,*/tɾˌimɪʃˈana/,*/tɾˈina/,*/tɾˈiʃtɪ/,*/tɾˌyðɪkulˈiɲu/,*/tɾˈɔkta/,*/tɾˈumba/,*/tɾˌuʃkˈɔe̯ɲu/,*/tɾˈunku/,*/tˌuɾt͡ʃˈœɲu/,,,,,,*/tˈuɾba/,*/tˌuɾbˈɔɲu/,*/tˌuɾbulˈɔɲu/,*/tˈuɾbulu/,*/tˈuɾma/,*/tˈuɾpɛ/,*/tˈuɾɾɪ/,*/tˈuɾtuɾɪ/,,,*/ˌyntˈyɾa/,,*/ˌuɾulˈiɲu/,*/ˌutɾˈinu/,,,,,,,*/βˌɐlˈœɾa/,,,,,,,,*/βˈeɾa/,*/βˌeɾtˈetɪ/,*/βˌɛɾɾˈikulu/,*/βˈɛːɾʃa/,*/βəɾʃˈɔɲu/,,,,,,,*/βˈɛːtɪɾɪ/,,,,,,*/βˌejtˈɔɾja/,,,,,*/βˈiɾɟɑ̃ɾ̃ɪ/,*/βəɾɡˈanu/,*/βˈeɾða/,*/βˈeɾðɪ/,*/βˌeɾtˈytɪ/,,,,,,*/βˈitɾɪku/,,,,,,,*/βˌulːɪɾˈata/
R209,,,,,,,,,,,,,,,,,,,,,,,,,,,,,,,,,,,,,,,,,,,,,,,,,,,,,,,,,,,,,,,,,,,,,,,,,,,,,,,,,,,,,,,,,,,*/dˌepˌɑ̃ɾ̃ˌɪtɾˈɔɲu/,,,,,,,,,,,,,,,,,,,,,,,,,,,,,,,,*/ʃˌɑ̃ɾ̃ˌɪmˈɔɲu/,,,,,,,,,,,,,,,,,,,,,,,,,,,,,,,,,,,,,,,,,,,,,,,,,,,,,,,,,,,,,,,,,,,,,,,,,,,,,,,,,,,,,,,,,,,,,,,,,,,,,,,,,,,,,,,,,,,,,,,,,,,,,,,,,,,,,,,,,,,,,,,,,,,,,,,,,,,,,,,,,,,,,,,,,,,,,,,,,,,,,,,*/ˌɑ̃ːɾ̃ˌɪmˈiku/,,,,,,,,,,,,,,,,,,,,,,,,,,,,,,,,,,,,,,,,,,,,,,,,,,,,,,,,,,,,,,,,,,,,,,,,,,,,,,,,,,,,,,,,,,,,,,,,,,,,,,,,,,,,,,,,,,,,,,,,,,,,,,,,,,,,,,,,,,,,,,,,,,,,,,,,,,,,,,,,,,,,,,,,,,,,,,,,,,,,,,,,,,,,,,,,,,,,,,,,,,,,,,,,,,,,,,,,,,,,,,,,,,,,,,,,,,,,,,,,,,,,,,,,,,,,,,,,,,,,,,,,,,,,,,,,,,,,,,,,,,,,,,,,,,,,,,,,,,,,,,,,,,,,,,,,,,,,,,,,,,,,,,,,,,,,*/mˌɑ̃ːɾ̃ˌɪʃtɾˈɔɲu/,,,,,,,,,,,,,,,,,,,,,,,,,,,,,,,,,,,,,,,,,,,,,,,,,,,,,,,,,,,,,,,,,,,,,,,,,,,,,,,,,,,,,,,,,,,,,,,,,,,,,,,,,,,,,,,,,,,,,,,,,,,,,,,,,,,,,,,,,,,,,,,,,,,,,,,,,,,,,,,,,,,,,,,,,,,,,,,,,,,,,,,,,,,,,,,,,,,,,,,,,,,,,,,,,,,,,,,,,,,,,,,,,,,,,,,,,,,,,,,,,,,,,,*/ʃˌɑ̃ɾ̃ˌɪtˈɔʃu/,,,,,,,,,,,,,,,,,,,,,,,,,,,,,,,,,,,,,,,,,,,,,,,,,,,,,,,,,,,,,,,,,,,,,,,,,,,,,,,,,,,,,,,,,,,,,,,,,,,,,,,,,,,,,,,,,,,,,,,,,,,,,,,,,,,,,,,,,,,,,,,,,,,,,,,,,,,,,,,,,,,,,,,,,,,,,,,,,,,,,,,,,,,,,,,,,,,,,,,,,,,,,,,,,,,,,,,,,,,,,,,,,,,,,,,,,,,
R210,,,,*/blˈɛːɲɔ/,,,,,,,,,,,,,,,,,,,,,,,,,,,,,,,,,,,,,,,,,,,,,,,,,,,,,,,,,,,,,,,,,,,,,,,,,,,,,,,,,,,,,,,,,,,,,,,,,,,,,,,,,,,,,,,,,,,,,,,,,,,,,,,,,,,,,,,,,,,*/ʃpˌɛlːˈaːɲu/,*/ʃpˌɛɾlˈaːɲu/,,,,,,,,,,,,,,,,,,,,,,,,,,,,,,,,,,,,,,,,,,,,,,,,,,,,,,,,,*/flˈamɲa/,,,,,,,,,,,,,,,,,,,,,,,,,,,,*/fˈuʃcɲa/,*/fˌuʃcɲˈɔɾu/,,,,,*/ɡˌalːnˈat͡ʃa/,,,,,*/ɡˌaːd͡ʒmˈɛntu/,,,,,,,,,,,,,,,,,,,,,,,,,,,,,,,,,,,,,,,,,,,,,,,,,,,,,,,,,,,,,,,,,,,,,,*/ənkɲˌiɾˈɔɲu/,,,,,,,,,,,,,,,*/əntɲˈɔɲu/,,,,,,,,,,,,,,,,,,,,,,,,,,,,,,,,,,,,,,,,,,,,,,,,,,,,,,,,,,,,,,,,,,,,,,,,,,,,,,,,,,,,,,,,,,,,,,,,,,,,,,,,,,,,,,,,,,,,,,,,,,,,,,,,,,,,,,,,,,,,,,,,,,,,,,,,,,,,,,,,,,,,,,,,,,,,,,,,,,,*/kˈulmu/,,,,,,,,,*/kˌaɾɾˈeʃma/,,,,,,,,,,,,,,,,,,,,,,,,,,,*/lˈaːɲu/,,,,,,,,,,,,,,,,,,,,,,,,,,,,,,,,,,,,,,,,,,,,,,,,,,,,,,,,,,,,,,,,,,,,,,,,,,,,,,,,,,,,,,,,,,,,,,,,,,,,,,,,,,,,,,,,,,,,,,,,,,,,,,,,,,,,,,,,,,,,,,,,,,,,,,,,,,,,,,,,,,,,,,,,,,,,,,,,,,,,,,,,,,,,,,,,,,,,,,,,,,,,,,,,,,,,,,,,,,,,,,,,,,,,,,,,*/pˈaltɲa/,,,,,,,,,,,,,,,,,,,,,,,,,,,,,,,,*/pɾˈɔkʃmu/,*/pɾˌɔʃmˈɔɲu/,,,,,,,,,,,,,,,,,,,,,,,,,,,,,,,,,,,,,,,,,,,,,,,,,,,,,,,,,,,,,,,,,,,,,,,,,,,,,,,,*/ʃˌaŋɡɲˈata/,,*/ʃˌantɾnˌiːtˈetɪ/,,*/ʃˌaɲtmˌixaˈilɔ/,,,,,,*/ʃˌaɲtnˌikˈɔlaɔ/,,,,,,,,,,,,,,,,,,,,,,,,,,,,,,,,,,,,,,,,,,,,,,,,,,,,,,,,,,,,,,,,,,,,,,,,,,,,,,,,,,,,,,,,,,,,,,,,,,,,,,,,,,,,,,,,,,,*/tˌɛɾɾmˈœtu/,,,,,,,,,,,,,,,,,,,,,,,,,,,,,,,,,,,,,,,,,,,,,,,,,,,,,,,,,,,,,,,,,,,,,,,,,,,,,,,,,,,,,,,,,,,,,,,,,,,,,,,,,,,,,
R211,,,,,,,,,,,,,,,,,,,,,,,,,,,,,*/ˈɑnɟɛlu/,,,,,,,,,,,,,,,,,,,,,,,,,,,,,,,,,,,,,,,,,,,,,,,,,,,,,,,,,,,,,,,,,,,,,,,,,,,,,*/dˌiʃcˌyɾtˈɔɲu/,,,,,,,,,,,,,,,,,,,,,,,,,,,,,,,,,,,,,,,,,,,,,,,,,,,,,,,,,,,,,,,,,,,,,,,,,,,,,,,,,,,,,,,,,,,,,,,,,,,,,,,,,,,,,,*/fɾˌɑncˈiɑ/,,,,,,,,,,,,,,,,,*/ɟˈelbɑ̃ɾ̃u/,,,*/ɟˈelːɪ/,,,,,*/ɟˌɛmˈɔɲu/,*/ɟˌenˈija/,*/ɟˈɛːʃtɾa/,*/ɟˈintɪ/,*/ɟjˈœɾɟju/,,,,,,,,,,,,,,,,,,*/ɟˈiɾu/,,,,,,,,,,,,,,,,,,,,,,,,,,,,,,,,,,,,,,,,,,,,,,,,,,,,,,,,,,,,,,,,,,,,,,,,,,,,,,*/cˈɛka/,*/cˈɛlu/,,,,,*/cˈelɪcɪ/,,*/cˈelːɪ/,,,*/cˈemɪɾa/,,,,,,*/cˈenɪ/,,,,,,,,,,,,,,,*/cˈepɾu/,,*/cˈerːjɛ/,,,*/cˌeɾmɲˈɔɲu/,,*/cˈeɾɾɪ/,,,,*/cˈeʃɑ̃ɾ̃a/,,,,,,,*/cˈɛlla/,*/cˈintɪ/,*/cˈɛntɾu/,*/cˌɛntɾˈɔɲu/,*/cˈepa/,*/cˌepˈulːa/,*/cˌɛɾaʃˈɔɾu/,,,,,*/cˌɛɾtˈɔɲu/,,,*/cˈicɪɾɪ/,,*/cˈimɪka/,*/cˌimˈuʃa/,*/cˈiŋɡula/,,,,,*/cˈitɾu/,*/cˌyːtˈetɪ/,,,,,,,,,,,,,,,,,,,,,,,,,,,,,,,,,,,,,,,,,,,,,,,,,,,,,,,,,,,,,,,,,,,,,,,,,,,,,,,,,,,,,,,,,,,,,,,*/cˌyɾˈɔɲu/,,,,,*/cˌɛɾˈɔɲu/,,,,,*/cˌy/,*/cˈetu/,*/cˈyʃ/,*/cˈima/,*/cˈipɾu/,,,,,,,,*/lˌaŋɟˈyɾa/,*/lˌaŋɟˈœɾɪ/,,,,,,,,,,,*/lɪvɪcˈeɾu/,,,,,,,,,,,,,,,,,,,,,,,,,,,,,,,,,,,,,,,,,,,,,,,,,,,,,,,,,,,,,,,,,,,,,,,,,,,,,,,,,,,,,,,,,,,,,,,,,,,,,,,,,,,,,,,,,,,,,,,,,,,,,,,,,,,,,,,,,,,,,,,,,,,,,,,,,,,,,,,,,,,,,,,,,,,,,,,,,,,,,,,,,,,,,,,,,,,,,,,,,,,,,,,,,,,,,,,,,,,,,,,,,,,,,,,,,,,*/pˌulːɪcˈeɾɪ/,,,,,,,,,,,,,,,,,,,,,,,,,,,,,,,,,,,,,,,,,,,,,,,,,,,,,,*/ɾˈeɟɛ/,,,,,,,,,,,,,,,,,,,,,,,,,,,,,,,,,,,,,,,,,,,,,,,,,,,,,,,,,,,,,,,,,,,,,,,,,,,,,,,,,,,,,,,,,,,,,,,,*/ʃcjˈɛnt͡sa/,,,,,,,,,,,,,,,,,,,,,,,,,,,,,,,,,,,,,,,,,,,,,,,,,,,,,,,,,,,,,,,,,,,,,,,,,,,,,,,,,,,,,,,,,,,,,,,,,,,,,,,,,,,,,,,,,,,,,,,,,,,,,,,,,,,,,,,,,,,,,,,,,,,,,,,,,,,,,,,,,,,,,,,,,,,,,,,,,,,,,,,,,,,,,,
R212,,,,,,,,,,,,,,,,,,,,,,,,,,,,,,,,,,,,,,,,,,,,,,,,,,,,,,,,,,,,,,,,,,,,,,,,,,,,,,,,,,,,,,,,,,,,,,,,,,,,,,,,,,,,,,,,,,,,,,,,,,,,,,,,,,,,,,,,,,,,,,,,,,,,,,,,,,,,,,,,,,,,,,,,,,,,,,,,,,,,,,,,,,,,,,,,,,,,,,,,,,,,,,,,,,,,,,,,,,,,,,,,,,,,,,,,,,,,,,,,,,,,,,,,,,,,,,,,,,,,,,,,,,,,,,,,,,,,,,,,,,,,,,,,,,,,,,,,,,,,,,,,,,,,,,,,,,,,,,,,,,,,,,,,,,,,,,,,,,,,,,,,,,,,,,,,,,,,,,,,,,,,,,,,,,,,,,,,,,,,,,,,,,,,,,,,,,,,,,,,,,,,,,,,,,,,,,,,,,,,,,,,,,,,,,,,,,,,,,,,,,,,,,,,,,,,,,,,,,,,,,,,,,,,,,,,,,,,,,,,,,,,,,,,,,,,,,,,,,,,,,,,,,,,,,,,,,,,,,,,,,,,,,,,,,,,,,,,,,,,,,,,,,,,,,,,,,,,,,,,,,,,,,,,,,,,,,,,,,,,,,,,,,,,,,,,,,,,,,,,,,,,,,,,,,,,,,,,,,,,,,,,,,,,,,,,,,,,,,,,,,,,,,,,,,,,,,,,,,,,,,,,,,,,,,,,,,,,,,,,,,,,,,,,,,,,,,,,,,,,,,,,,,,,,,,,,,,,,,,,,,,,,,,,,,,,,,,,,,,,,,,,,,,,,,,,,,,,,,,,,,,,,,,,,,,,,,,,,,,,,,,,,,,,,,,,,,,,,,,,,,,,,,,,,,,,,,,,,,,,,,,,,,,,,,,,,,,,,,,,,,,,,,,,,,,,,,,,,,,,,,,,,,,,,,,,,,,,,,,,,,,,,,,,,,,,,,,,,,,,,,,,,,,,,,,,,,,,,,,,,,,,,,,,,,,,,,,,,,,,,,,,,,,,,,,,,,,,,,,,,,,,,,,,,,,,,,,,,,,,,,,,,,,,,,,,,,,,,,,,,,,,,,,,,,,,,,,,,,,,,,,,,,,,,,,,,,,,,,,,,,,,,,,,,,,,,,,,,,,,,,,,,,,,,,,,,,,,,,,,,,,,,,,,,,,,,,,,,,,,,,,,,,,,,,,,,,,,,,,
R213,,,,,,,,,,,,,,,,,,,,,,,,,,,,,,,,,,,,,,,,,,,,,,,,,,,,,,,,,,,,,,,,,,,,,,,,,,,,,,,,,,,,,,,,,,,,,,,*/dˌeʃˌiˈiɾa/,,,,,,,,,,,,,,,,,,,,,,,,,,,,,,,,,,,,,,,,,,,,,,,,,,,,,,,,,,,,,,,,,,,,,,,,,,,,,,,,,,,,,,,,,,,,,,*/fɪˈɔɲu/,,,,,,,,,,,,,,,,,,,,,,,,,,,,,,,,,,,,,,,,,,,,,,,,,,,,,,,,,,,,,,,,,,,,,,,,,,,,,,,,,,,,,,,,,,,,,,,,,,,,,,,,,,,,,,,,,,,,,,,,,,,,,,,,,,,,,,,,,,,,,,,,,,,,,,,,,,,,,,,,,,,,,,,,,,,,,,,,,,,,,,,,,,,,,,,,,,,,,,,,,,,,,,,,,,,,,,,,,,,,,,,,,,,,,,,,,,,,,,,,,,,,,,,,,,,,,,,,,,,,,,,,,,,,,,,,,,,,,,,,,,,,,,,,,,,,,,,,,,,,,,,,,,,,,,,,,,,,,,,,,,,,,,,,,,,,,,,,,,,,,,,,,,,,,,,,,,,,,,,,,,,,,,,,,,,,,,,,*/lˌyˈɔɲu/,,,,,,,,,,,,,,,,,,,,,,,,,,,,,,,,,,,,,,,,,,,,,,,,,,,,,,,,,,,,,,,,,,,,,,,,,,,,,,,,,,,,,,,,,,,,,,,,,,,,,,,,,,,,,,,,,,,,,,,,,,,,,,,,,,,,,,,,*/pˌaˈylɪ/,,,,,,,,,,,,,,,*/pˌaɾaˈiːzu/,,,,,,,,,,,,,,,,,,,,,,,,,,,,,,,,,,,,,,,,,,,,,,,,,,,,,,,,,,,,,,,,,,,,,,,,,,,,,,,,*/pɾˌɛˈɔɲu/,,,,,,,,,,,,,,,,,,,,,,,*/rːˌaˈɔɲu/,,*/rːˌaˈika/,*/rːˌaˈikula/,,,,,,,,,,,,,,,,,,,,,,,,,,,,,,,,,,,,,,,,,,,,,,,,,,,,,,,,,,,,,,,,,,,,,,,,,,,,,,,,,,,,,,,,,,,,,,,,,,,,,,,,,,,,,,,,,,,,,,,,,,,,,,,,,,,,,,,,,,,,,,,,,,,,,,,,,,,,,,,*/ʃˌeˈɔɲu/,,,,,,,,,*/ʃˌupɪɾkˌaˈelɪ/,,,,,,,,,,,,,,,,,,,,,,,,,,,,,,,,,,,,,*/tɾˌaˈɔɲu/,,,,,,,,,,,,,,,,,,,,,,,,,,,,,,,,,,,,,,,,,,,,,,,,,,,,,,,,,,,,,,,,,,,,,,,,,,,,,,,,,,,,,,,,,,,,
R214,,,,,,,,,,,,,,,,,,,,,,,,,,,,,,,,,,,,,,,,,,,,,,,,,,,,,,,,,,,,,,,,,,,,,,,,,,,,,,,,,,,,,,,,,,,,,,,,*/dˌijˈaːɔlu/,,,,,,,,,,,,,,,,,,,,,,,,,,,,,,,,,,,,,,,,,,,,,,,,,,,,,,,,,,,,,,,,,,,,,,,,,,,,,,,,,,,,,,,,,,,,,*/fɪjˈɔɲu/,,,,,,,,,,,,,,,,,,,,,,,,,,,,,,,,,,,,,,,,,,,,,,,,,,,,,,,,,,,,,,,,,,,,,,,,,,,,,,,,,,,,,,,,,,,,,,,,,,,,,,,,,,,,,,,,,,,,,,,,,,,,,,,,,,,,,,,,,,,,,,,,,,,,,,,,,,,,,,,,,,,,,,,,,,,,,,,,,,,,,,,,,,,,,,,,,,,,,,,,,,,,,,,,,,,,,,,,,,,,,,,,,,,,,,,,,,,,,,,,,,,,,,,,,,,,,,,,,,,,,,,,,,,,,,,,,,,,,,,,,,,,,,,,,,,,,*/kɾˌijˈɔɲu/,*/kɾˌijˈet͡ʃa/,*/kɾˌijatˈyɾa/,,,,,,,,,,,,,,,,,,,,,,,,,,,,,,,,,,,,,,,,,,,,,,,,,,,,,,,,,,,,,,,,,,,,,,,,,,,,,,,,,,,,,,,,,,,,,,,,,,,,,,,,,,,,,,,,,,,,,,,,,,,,,,,,,,,,,,,,,,,,,,,,,,,,,,,,,,,,,,,,,,,,,,,,,,,,,,,,,,,,,,,,,,,,,,,,,,,,,,,,,,,,,,,,,,,,,,,,,,,,,,,,,,,,,,,,,,,,,,,,,,,,,,,,,,,,,,,,,,,,,,,,,,,,,,,,,,,,,,,,,,,,,,,,,,,,,,,,,,,,,,,,,,,,,,,,,,,,,,,,,,,,,,,,,,,,,,,,,,,,,,,,,,,,,,,,,,,,,,,,,,,,,,,,,,,,,,,,,,,,,,,,,,,,,,,,,,,,,,,,,,,,,,,,,,,,,,,,,,,,,,,,,,,,,,,,,,,,,,,,,,,,,,,,,,,,,,,,,,,,,,,,,,,,,,,,,,,,,,,,,,,,,,,,,,,,,,,,,,,,,,,,,,,,,,,,,,,,,,,,,,,,,,,,,,,,,,,,,,,,,,,,,,,,,,,,,,,,,,,,,,,,,,,,,,,,,,,,,,,,,,,,,,,,,,,,,,,,,,,,,,,,,,,,,,,,,,,,,,,,,,,,,,,,,,,,,,,
R215,,,,,,,,,,,,,,,,,,,,,,,,,,,,,,,,,,,,,,,,,,,,,,,,,,,,,,,,,,,,,,,,,,,,,,,,,*/bˌulcˈeʃu/,,,,,,,,,,,,*/dˌeːtˈɔɲu/,*/dˌeːtˈɔɾɪ/,*/dˌeːtˈɔɾɪt͡ʃu/,*/dˌeːtˈyɾa/,,,,,,,,*/dˌijˈaːlu/,,,,,,,,,,,,,,,,,,,,,,,,,,,,,,,,,,,,,,,,*/ʃkˈulu/,,,,,,,,,,,,,,,,,,,,,,,,,,,,,,,,,,,,,,,,,,,,,,,,,,,,,,,,,,,,,,,,,,,,,,,,,,,,,,,,,,,,,,,,,,,,,,,,,,,,,,,,,,,,,,,,,,,,,,,,,,,,,,,,,,,,,,,,,,,,,,,,,,,,,,,,,,,,,,,,,,,,,,,,,,,,,,,,,,,,,,,,,,,,,,,,,,,,,,,,,,,,,,,,,,,,,,,,,,,,,,,,,,,,,,,,,,,,,,,,,,,,,,,,,,,,,,,,,,,,,,*/kəɾˈœːlːu/,,,,,,,,,,,,,,,,,,,,,,,,,,,,,,,,,,,,,,,,,,,,,,,,,,,,,,,,,,,,,,,,,,,,,,,,,,,,,,,,,,,,,,,,,,,,,,,,,,,*/kˈutu/,,,,,,,,,,,,,,,,,,,,,,,,,,,,,,,,,,,,,,,,,,,,,,,,,,,,,,,,,,,,,,,,,,,,,,,,,,,,,,,,,,,,,,,,,,,,,,,,,,,,,,,,,,,,,,,,,,,,,,,,,,,,,,,,,,,,,,,,,,,,,,,,,,,,,,,,,,,,,,,,,,,,,,,,,,,,,,,,,,,,,,,,,,,,,,,,,,,,,,,,,,,*/pˌaːlˈɔɲu/,,,,,,,,,,,,,,,*/pəɾˈaːla/,,,,,,,,,,,,,,,,*/pˌaːlˈɔnɪ/,,,,,,,,,,,,,,,,,,,,,,,,,,,,,,,,,,,,,,,,,,,,,,,,,,,,,,,,,,,,,,,,,,,,,,,,,,,,,,,,,,,,,,,,,,,,,,,,,,,,,,,,,,,,,,,,,,,,,,,,,,,,,,,,,,,,,,,,,,,,,,,,,,,,,,,,,,,,,,,,,*/ʃˌaɲˈakɔ/,,*/ʃˌaɲtuðˌimˈitɾɪ/,*/ʃˌaɲtnˌikˈɔla/,,,,,,,,,,,,,,,,,,,,,,,,,,,,,,,,,,,,*/ʃlˈaː/,,,,,,,,,,,,,,,,,,,,,,,,,,,,,,,,,,*/ʃtˈaːla/,,,,,,,,,,,,,,,,,,,,,,,,,,,,,,,*/tˌatˈɔɲu/,,,,,,,,,,,,*/təɾˈœːlːa/,*/təɾˈœːlːa/,,,,,,,,,,,,,,,,*/tɾˈœːza/,*/tɾˈaː/,,,,,,,,,,,,,,,,,,,,,*/tˈula/,,,,,,,,,,,,,,,,,,,,,,,,,,,,,,,,,,,,,,,,,,,,,,,,,,,,,,,,,,,,,,,,,,,,,,,,
R216,,,,,,,,,,,,,,,,,,,,,,,,,,,,,,,,,,,,,,,,,,,,,,,,,,,,,,,,,,,,,,,,,,,,,,,,,,,,,,,,,,,,,,,,,,,,,,,,,,,,,,,*/dˌiʃkˌaalːɪkˈɔɲu/,,,,,,,,,,,,,,,,,,,,,,,,*/ʃkˌaalːɪkˈɔɲu/,,,,,,,,,,,,,,,,,,,,,,,,,,,,,,,,,,,,,,,,,,,,,,,,,,,,,,,,,,,,,,,,,,,,,,,,,,,,,,,,,,,,,,,,,,,,,,,,,,,,,,,,,,,,,,,,,,,,,,,,,,,,,,,,,,,,,,,,,,,,,,,,,,,,,,,,,,,,,,,,,,,,,,,,,,,,,,,,,,,,*/ənkˌaalːɪkˈɔɲu/,,,,,,,,,,,,,,,,,,,,,,,,,,,,,,,,,,,,,,,,,,,,,,,,,,,,,,,,,,,,,,,,,,,,,,,,,,,,,,,,,,,,,,,,,,,,,,,,,,,,,,,,,,,,,,,,,,,,,,,,,,,,,,,,,,,,,,,,,,,,,,,,,,,,,,,,,,,,,,,,,,,,,,,,,,,,,,,,,,,,,,,,,,,,,,,,,,,,,,,,,,,,,,,,,,,,,,,,,,,,,,,,,,,,,,,,,,*/lˌaatˈyɾa/,,,,,,,,,,,,,,,,,,,,,,,,,,,,,,,,,,,,,,,,,,,,,,,,,,,,,,,,,,,,,,,,,,,,,,,,,,,,,,,,,,,,,,,,,,,,,,,,,,,,,,,,,,,,,,,,,,,,,,,,,,,,,,,,,,,,,,,,,,,,,,,,,,,,,,,,,,,,,,,,,,,,,,,,,,,,,,,,,,,,,,,,,,,,,,,,,,,,,,,,,,,,,,,,,,,,,,,,,,,,,,,,,,,,,,,,,,,,,,,,,,,,,,,,,,,,,,,,,,,,,,,,,,,,,,,,,,,,,,,,,,,,,,,,,,,,,,,,,,,,,,,,,,,,,,,,,,,,,,,,,,,,*/ʃˌaˈuɾɾu/,,,,,,,,,,,,,,,,,,,,,,,,,,,,,,,,,,,,,,,,,,,,,,,,,,,,,,,,,,,,,,,,,,,,,,,,,,,,,,,,,,,,,,,,,,,,,,,,,,,,,,,,,,,,,,,,,,,*/ʃˌaˈiʎa/,,,,,,,,,,,,,,,,,,,,,,,,,,,,,,,,,,,,,,,,,,,,,,,,,,,,,,,,,,,,,,,,,,,,,,,,,,,,,,,,,,,,,,,,,,,,,,,,,,,,,,,,,,,,,,,,,,,,,,,,,,,,,,,,,,,,,,,,,,,
R217,,,,,,,,,,,,,,,,,,,,,,,,,,,,,,,,,,,,,,,,,,,,,,,,,,,,,,,,,,,,,,,,,,,,,,,,,,*/bəˈuːlku/,*/bəˈuːlcɪ/,,,,,,,,,,,,,,,,,,,,*/dˌeʃəˈiːɾa/,,,,,,,,*/dˌiʃkəˌaːlːɪkˈɔɲu/,,,,,,,,,,,,,,,,,,,,,,,,*/ʃkəˌaːlːɪkˈɔɲu/,,,,,,,,,,,,,,,,,,,,,,,,,,,,,,,,,,*/əˈɔːe̯jɲu/,,,,,,,*/fəˈɔːe̯ɲu/,,,,,,,,,,,,,,,,,,,,,,,,,,,,,,,,,,,,,,,,,,,,,,,,,,,,,,,,,,,,,,,,,,,,,,,,,,,,,,,,,,,,,,,*/ɡɾəˈiːlːa/,,,,,,,,,,,,,,,,,,,,,,,,,,,,,,,,,,,,,,,,,,,,,,,,,,,,*/ənkəˌaːlːɪkˈɔɲu/,,,,,,,,,,,,,,,,,,,,,,,,,,,,,,,,,,,,,,,,,,,,,,,,,,,,,,,,,,,,,,,,,,,,,,,,,,,,,,,,,,,,,,,,,,,,,,,,,,,,,,,,,,,,,,,,,,,,,,,,,,,*/kəˈiːɲu/,,,,,,,,,,,,,,,,,,,,,,,,,,,,,,,,,,,,,,,,,,,,,,,,,,,,,,,,,,,,,,,,,,,,,,,,,,,,,,,,,,,,,,,,,,,,,,,,,,,,,,,,,,,,,,,*/ləˌaːtˈyɾa/,,,,,,,,,,,,,,,,,,,,,,,,*/ləˈɔːɲu/,,,,,,,,,,,,,,,,,,,,,,,,,,,,,,,,,,,,,,,,,,,,,,,,,,,,,,,,,,,,,,,,,,,,,,,,,,,,,,,,,,,,,,,,,,,,,,,,,,,,,,,,,,,,,,,,,*/nəˈɛːɾka/,,,,,,,,,,,,,,,,,,,,,,,*/pəˈyːlɪ/,,,,,,,,,,,,,,,,,,,,,,,,,,,,,,,,,,,,,,,,,,,,,,,,,,,,,,,,,,,,,,,,,,,,,,,,,,,,,,,,,,,,,,,,,,,,,,,*/pɾəˈɔːɲu/,*/pɾəˈiːɲu/,,,,,,*/pɾəˈuːə̯ɲu/,,,,,,,,,,,,,,,,*/rːəˈɔːɲu/,,*/rːəˈiːka/,*/rːəˈiːkula/,,,,,,,,,,,,,,,,,,,,,,,,,,,,,,,,,,,,,,,,,,,*/ʃəˈuːɾɾu/,,,,,,,,,,,,,,,,,,,,,,,,,,,,,,,,,,,,,,,,,,,,,,,,,,,,,,,,,,,,,,,,,,,,,,,,,,,,,,,,,,,,,,,,,,,,,,,,,,,,,,,,,,,,,,,,,,,*/ʃəˈiːʎa/,*/ʃəˈɔːɲu/,,,,,,,,,*/ʃˌupɪɾkəˈeːlɪ/,,,,,,,,,,,,,,,,,,,,,,,,,,,,,,,,,,,,,*/tɾəˈɔːɲu/,,,,,,,,,,,,,,,,,,,,,,,,,,,,,,,,,,,,,,,,,,,*/βəˈɔːe̯ɲu/,,,,,,,,,,,,,,,,,,,,,,,,,,,,,,,,,,,,,,,,,,,,,,,,,
R218,,,,,,,,,,,,,,,,,,,,,,,,,,,,,,,,,,,,,,,,,,,,,,,,,,,,,,,,,,,,,,,,,,,,,,,,,,,,,,,,,,,,,,,,,,,,,,,,,,,,,,,,,,,,,,,,,,,,,,,,,,,,,,,,,,,,,,,,,,,,,,,,,,,,,,,,,,,,,,,,,,,,,,,,,,,,,,,,,,,,,,,,,,,,,,,,,,,,,,,,,,,,,,,,,,,,,,,,,,,,,,,,,,,,,,,,,,,,,,,,,,,,,,,,,,,,,,,,,,,,,,,,,,,,,,,,,,,,,,,,,,,,,,,,,,,,,,,,,,,,,,,,,,,,,,,,,,,,,,,,,,,,,,,,,,,,,,,,,*/ɟˌyːntˈyɾa/,,,,,,,,,,,,,,,,,,,,,,,,,,,,,,,,,,,,,,,,,,,,*/kˌaɾɾˌiːkulˈɔɲu/,,,,,,,,,,,,,,,,,,,,,,,,,,,*/cˌiːmˈuʃa/,,,,,,,,,,,,,,,,,,,,,,,,,,,,,,,,,,,,,,,,,,,,,,,,,,,,,,,,,,,,,,,,,,,,,,,,,,*/kɾˌiːjˈɔɲu/,*/kɾˌiːjˈet͡ʃa/,*/kɾˌiːjatˈyɾa/,,,,,,,,,,,,,,,,,,,,,,,,,,,,,,,,,,,,,,,,,,,,,,,,,,,,,,,,,,,,,,,,,,,,,,,,,,,,,,,,,,,,,,,,,,,,,,,,,,,,,,,,,,,,,,,,,,,,,,,,,,,,*/mˌaɾcˌiːnˈetu/,,,,,,,,,,,,,,,,,,,,,,,,,,,,,,,,,,,,,,,,,,,,,,,,,,,,,,,,,,,,,,,,,,,,,,,,,,,,,,,,,,,,,,,,,,,,,,,,,,,,,,,,,,,,,,,,,,,,,,,,,,,,,,,,,,,,,,,,,,,,,,,,,,,,,,,,,,,,,,,,,,,,,,,,,,,,,,,,,,,,,,,,,,,,,,,,,,,,,,,,,,,,,,,,,,,,,,,,,,,,,,,,,,,,,,,,,,,,,,,,,,,,,,,,,,,,,,,,,,,,,,,,,,,,,,,,,,,,,,,,,,,,,,,,,,,,,,,,,,,,,,,,,,,,,,,,,,,,,,,,,,,,,,,,,,,,,,,,,,,,,,,,,,,,,,,,,,,,,,,,,,,,,,,,,,,,,,,,,,,,,,,,,,,,,,,,,,,,,,,,,,,,,,,,,,,,,,,,,,,,,,,,,,,,,,,,,,,,,,,,,,,,,,,,,,,,,,,,,,,,,,,,,,,,,,,,,,,,,,,,,,,,,,,,,,,,,,,,,,,,,,,,,,,,,,,
R219,,,,,,,,,,,,,,,,,,,,,,,,,,,,,,,,,,,,,,,,,,,,,,,,,,,,,,,,,,,,,,,,,,,,,,,,,,,,,,,,,,,,,,,,,,,,,,*/dˌeʃˌiːðɪɾˈɔɲu/,,,,,,,,,,,,*/dˌiʃcˌyːɾtˈɔɲu/,,,,,,,,,,,,,,,,,,,,,,,,,,,,,,,,,,,,,,,,,,,,,,,,,,,,,,,,,,,,,,,,,,,,,,,,,,,,,,,,,,,,,,,,,,,,,,,,,,,,,,,,,,,,,,,,,,,,,,,,,,,,,,,,,,,,,,,,,,,,,,,,,,,,,,,,,,,,,,,,,,,,,,,,,,,,,,,,,,,,,,,,,,,,,,,,,,,,,,,,,,,,,,,,,,,,,,,,,,,,,,,,,,,,,,,,,,,,,,,,,,,,,,,,,,,,,,,,,,,,,,,,,,,,,,,,,,,,,,,,,,,,,,,,,,,,,,,,,,,,,,,,,,,,,,,,,,,,,,,,,,,,,,,,,,,,,,,,,,,,,,,,,,,,,,,,,,,,,,,,,,,,,,,,,,,,,,,,,,,,,,,,,,,,,,,,,,,,,,,,,,,,,,,,,,,,,,,,,,,,,,,,,,,,,,,,,,,,,,,,,,,,,,,,,,,,,,,,,,,,,,,,,,,,,,,,,,,,,,,,,,,,,,,,,,,,,,,,,,,,,,,,,,,,,,,,,,,,,,,,,,,,,,,,,,,,,,,,,,,,,,,,,,,,,,,,,,,,,,,,,,,,,,,,,,,,,,,,,,,,,,,,,,,,,,,,,,,,,,,,,,,,,,,,,,,,,,,,,,,,,,,,,,,,,,,,,,,,,,,,,,,,,,,,,,,,,,,,,,,,,,,,,,,,,,,,,,,,,,,,,,,,,,,,,,,,,,,,,,,,,,,,,,,,,,,,,,,,,,,,,,,,,,,,,,,,,,,,,,,,,,,,,,,,,,,,,,,,,,,,,,,,,,,,,,,,,,,,,,,,,,,,,,,,,,,,,,,,,,,,,,,,,,,,,,,,,,,,,,,,,,,,,,,,,,,,,,,,,,,,,,,,,,,,,,,,,,,,,,,,,,,,,,,,,,,,,,,,,,,,,,,,,,,*/ʃˌiːɾˈinɡa/,,,,,,,,,,,,,,,,,,,,,,,,,,,,,,,,,,,,,,,,,,,,,,,,,,,,,,,,,,,,,,,,,,,,,,,,,,,,,,,,,,,,,,,,,,,,,,,,,,,,,,,,,,,,,,,,,,,,,,,,,,,,,,
R220,,,,,,,,,,,,,,,,,,,,,,,,,,,,,,,,,,,,,,,,,,,,,,,,,,,,,,,,,,,,,,,,,,*/bˌiːɲˈɔɾu/,,,,,,,,,,,,,,,,,,,,,,,,,,,,,,,,,,,,,,,,,,,,,,,,,,,,,,,,,,,,,,,,,,,,,,,,,,,,,,,,,,,,,,,,,,,,,,,,,,,,,,,,,,,,,,,,,,,,,,,,,,,,,,,,,,,,*/fˌiːʃtulˈɔɲu/,,,,,,,,,,,,,,,,,,,,,,,,,,,,,,,,,,,,,,,,,,,,,,,,,,,,,,,,,,,,,,,,,,,,,,,,,,,,,,,,,,,,,,,,,,,,,,,,,,,,,,,,,,,,,,,,,,,,,,,,,,,,,,,,,,,,,,,,,,,,,,,,,,,,,,,,,,,,,,,,,,,,,,,,,,,,,,,,,,,,,,,,,,,,,,,,,,,,,,,,,,,,,,,,,,,,,,,,,,,,,,,,,,,,,,,,,,,,,,,,,,,,,,,,,,,,,,,,,,,,,,,,,,,,,,,,,,,,,,,,,,,,,,,,,,,,,,,,,,,,,,,,,,,,,,,,,,,,,,,,,,,,,,,,,,,,,,,,,,,,,,,,,,,,,,,,,,,,,,,,,,,,,,,,,,,,,,,,,,,,,,,,,,,,,,,,,,,,,,,,,,,,,,,,,,,,,,,,,,,,,,,,,,,,,,,,,,,,,,,,,,,,,,,,,,,,,,,,,,,,,,,,,,,,,,,,,,,,,,,,,,,,,,,,,,,,,,,,,,,,,,,,,,,,,,,,,,,,,,,,,,,,,,,,,,,,,,,,,,,,,,,,,,,,,,,,,,,,,,,,,,,,,*/bˌiːʃtˈaʎa/,,,,,,,,,,,,,,,,,,,,,,,,,,,,,,,,,,,,,,,,,,,,,,,,,,,,,,,,,,,,,,,,,,,,,,,,,,,,,,,,,,,,,,,,,,,,,,,,,,,,,,,,,,,,,,,,,,,,,,,,,,,,,,,,,,,,,,,,,,,,,,,,,,,,,,,,,,,,,,,,,,,,,,,,,,,,,,,,,,,,,,,,,,,,,,,,,,,,,,,,,,,,,,,,,,,,,,,,,,,,,,,,,,,,,,,,,,,,,,,,,,,,,,,,,,,,,,,,,,,,,,,,,,,,,,,,,,,,,,,,,,,,,,,,,,,,,,,,,,,,,,,,,,,,,,,,,,,,,,,,,,,,,,,,,,,,,,*/βˌiːjtˈɔɾja/,,,*/βˌiːɲˈalu/,,,,,,,,,,,,,,,,,,,
R221,,,,,,,,,,,,,,,,,,,,,,,,,,,,,,,,,,,,,,,,,,,,,,,,,,,,,,,,,,,,,,,,,,,,,,,,,,,,,,,,,,,,,,,,,,,,,,,,*/djˈaːlu/,,,,,,,,,,,,,,,,,,,,,,,,,,,,,,,,,,,,,,,,,,,,,,,,,,,,,,,,,,,,,,,,,,,,,,,,,,,,,,,,,,,,,,,,,,,,,*/fjˈɔɲu/,,,,,,,,,,,,,,,,,,,,,,,,,,,,,,,,,,,,,,,,,,,,,,,,,,,,,,,,,,,,,,,,,,,,,,,,,,,,,,,,,,,,,,,,,,,,,,,,,,,,,,,,,,,,,,,,,,,,,,,,,,,,,,,,,,,,,,,,,,,,,,,,,,,,,,,,,,,,,,,,,,,,,,,,,,,,,,,,,,,,,,,,,,,,,,,,,,,,,,,,,,,,,,,,,,,,,,,,,,,,,,,,,,,,,,,,,,,,,,,,,,,,,,,,,,,,,,,,,,,,,,,,,,,,,,,,,,,,,,,,,,,,,,,,,,,,,,,,,,,,,,,,,,,,,,,,,,,,,,,,,,,,,,,,,,,,,,,,,,,,,,,,,,,,,,,,,,,,,,,,,,,,,,,,,,,,,,,,,,,,,,,,,,,,,,,,,,,,,,,,,,,,,,,,,,,,,,,,,,,,,,,,,,,,,,,,,,,,,,,,,,,,,,,,,,,,,,,,,,,,,,,,,,,,,,,,,,,,,,,,,,,,,,,,,,,,,,,,,,,,,,,,,,,,,,,,,,,,,,,,,,,,,,,,,,,,,,,,,,,,,,,,,,,,,,,,,,,,,,,,,,,,,,,,,,,,,,,,,,,,,,,,,,,,,,,,,,,,,,,,,,,,,,,,,,,,,,,,,,,,,,,,,,,,,,,,,,,,,,,,,,,,,,,,,,,,,,,,,,,,,,,,,,,,,,,,,,,,,,,,,,,,,,,,,,,,,,,,,,,,,,,,,,,,,,,,,,,,,,,,,,,,,,,,,,,,,,,,,,,,,,,,,,,,,,,,,,,,,,,,,,,,,,,,,,,,,,,,,,,,,,,,,,,,,,,,,,,,,,,,,,,,,,,,,,,,,,,,,,,,,,,,,,,,,,,,,,,,,,,,,,,,,,,,,,,,,,,,,,,,,,,,,,,,,,,,,,,,,,,,,,,,,,,,,,,,,,,,,,,,,,,,,,,,,,,,,,,,,,,,,,,,,,,,,,
R222,,,,,,,,,,,,,,,,,,,,,,,,,,,,,,,,,,,,,,,,,,,,,,,,,,,,,,,,,,,,,,,,,,,,,,,,,,,,,,,,,,,,,,,,,,,,,,,,,,,,,,,,,,,,,,,,,,,,,,,,,,,,,,,,,,,,,,,,,,,,,,,,,,,,,,,,,,,,,,,,,,,,,,,,,,,,,,,,,,,,,,,,,,,,,,,,,,,,,,,,,,,,,,,,,,,,,,,,,,,,,,,,,,,,,,,,,,,,,,,,,,,,,,,,,,,,,,,,,,,,,,,,,,,,,,,,,,,,,,,,,,,,,,,,,,,,,,,,,,,,*/əndˌeɾˈecu/,,,,,,,,,,,,,,,,,,,,,,,,,,,,,,,,,,,,,,,,,,,,,,,,,,,,,,,,,,,,,,,,,,,,,,,,,,,,,,,,,,,,,,,,,,,,,,,,,,,,,,,,,,,,,,,,,,,,,,,,,,,,,,,,,,,,,*/kˌulːˌucˈɔɲu/,,,,,,,,,,,,,,,,,,,,,,,,,,,,,,,,,,,,,,,,,,,,,,,,,,,,,,,,,,,,,,,,,,,,,,,,,,,,,,,,,,,,,,,,,,,,,,,,,,,,,,,,,,,,,,,,,,,,,,,,,,,,,,,,,,,,,,,,,,,,,,,,,,,,,,,,,,,,,,,,,,,,,,,,,,,,,,,,,,,,,,,,,,,,,,,,,,,,,,,,,,,,,,,,,,,,,,,,,,,,,,,,,,,,,,,,,,,,,,,,,,,,,,,,,,,,,,,,,,,,,,,,,,,,,,,,,,,,,,,,,,,,,,,,,,,,,,,,,,,,,,,,,,,,,,,,,,,,,,,,,,,,,,,,,,,,,,,,,,,,,*/plˈicu/,,,,,,,,,,,,,,,,,,,,,,,,,,,,,,,,,,,,,,,,,,,,,,,,,,,,,,,,,,,,,,,,,,,,,,,,,,,,,,,,,,,,,,,,,,,,,,,,,,,,,,,,,,,,,,,,,,,,,,,,,,,,,,,,,,,,,,,,,,,,,,,,,,,,,,,,,,,,,,,,,,,,,,,,,,,,,,,,,,,,,,,,,,,,,,,,,,,,,,,,,,,,,,,,,,,,,,,,,,,,,,,,,,,,,,,,,,,,,,,,,,,,,,,,,,,,,,,,,,,,,,,,,,,,,,,,,,,,,,,,,,,,,,,,,,,,,,,,,,,,,,,,,,,,,,,,,,,,,,,,,,,,,,,,,,,,,,,,,,,,,,,,,
R223,,,,,,,,,,,,,,,,,,,,,,,,,,,,,,,,,,,,,,,,,,,,,,,,,,,,,,,,,,,,,,,,,,,,,,,,,,,,,,,,,,,,,,,,,,,,,,,,,,,,,,,,,,,,,,,,,,,,,,,,,,,,,,,,,,,,,,,,,,,,,,,,,,,,,,,,,,,,,,,,,,,,,,,,,,,,,,,,,,,,,,,,,,,,,,,,,,,,,,,,,,,,,,,,,,,,,,,,,,,,,,,,,,,,,,,,,,,,,,,,,,,,,,,,,,,,,,,,,,,,,,,,,,,,,,,,,,,,,,,,,,,,,,,,,,,,,,,,,,,,,,,,,,,,,,,,,,,,,,,,,,,,,,,,,,,,,,,,,,,,,,,,,,,,,,,,,,,,,,,,,,,,,,,,,,,,,,,,,,,,,,,,,,,,,,,,,,,,,,,,,,,,,,,,,,,,,,,,,,,,,,,,,,,,,,,,,,,,,,,,,,,,,,,,,,,,,,,,,,,,,,,,,,,,,,,,,,,,,,,,,,,,,,,,,,,,,,,,,,,,,,,,,,,,,,,,,,,,,,,,,,,,,,,,,,,,,,,,,,,,,,,,,,,,,,,,,,,,,,,,,,,,,,,,,,,,,,,,,,,,,,,,,,,,,,,,,,,,,,,,,,,,,,,,,,,,,,,,,,,,,,,,,,,,,,,,,,,,,,,,,,,,,,,,,,,,,,,,,,,,,,,,,,,,,,,,,,,,,,,,,,,,,,,,,,,,,,,,,,,,,,,,,,,,,,,,,,,,,,,,,,,,,,,,,,,,,,,,,,,,,,,,,,,,,,,,,,,,,,,,,,,,,,,,,,,,,,,,,,,,,,,,,,,,,,,,,,,,,,,,,,*/pɾˌɔðˈɔɲu/,,,,,,,,,,,,,,,,,,,,,,,,,,,,,,,,,,,,,,,,,,,,,,,,,,,,,,,,,,,,,,,,,,,,,,,,,,,,,,,,,,,,,,,,,,,,,,,,,,,,,,,,,,,,,,,,,,,,,,,,,,,,,,,,,,,,,,,,,,,,,,,,,,,,,,,,,,,,,,,,,,,,,,,,,,,,,,,,,,,,,,,,,,,,,,,,,,,,,,,,,,,,,,,,,,,,,,,,,,,,,,,,,,,,,,,,,,,,,,,,,,,,,,,,,,,,,,,,,,,,,,,,,,,,,,,,,,,,,,,,,,,,,,,,,,,,,,,,,,,,,,,,,,,,,,,,,,,,,
R224,,,,,,,,,,,,,,,,,,,,,,,,,,,,,,,,,,,,,,,,,,,,,,,,,,,,,,,,,,,,,,,,,,,,,,,,,,,,,,,,,,,,,,,,,,,,,,,,,,,,,,,,,,,,,,,,,,,,,,,,,,,,,,,,,,,,,,,,,,,,,,,,,,,,,,,,,,,,,,,,,,,,,,,,,,,,,,,,,,,,,,,,,,,,,,,,,,,,,,,,,,,,,,,,,,,,,,,,,,,,,,,,,,,,,,,,,,,,,,,,,,,,,,,,,,,,,,,,,,,,,,,,,,,,,,,,,,,,,,,,,,*/əmpˌɛɾˌætˈɔɾɪ/,,*/əmpɪɾˌætuɾˈeʃa/,,,,,,,,,,,,,,,,,,,,,,,,,,,,,,,,,,,,,,,,,,,,,,,,,,,,,,,,,,,,,,,,,,,,,,,,,,,,,,,,,,,,,,,,,,,,,,,,,,,,,,,,,,,,,,,,,,,,,,,,,,,,,,,,,,,,,,,,,,,,,,,,,,,,,,,,,,,,,,,,,,,,,,,,,,,,,,,,,,,,,,,,,,,,,,,,,,,,,,,,,,,,,,,,,,,,,,,,,,,,,,,,,,,,,,,,,,,,,,,,,,,,,,,,,,,,,,,,,,,,,,,,,,,,,,,,,,,,,,,,,,,,,,,,,,,,,,,,,,,,,,,,,,,,,,,,,,,,,,,,,,,,,,,,,,,,,,,,,,,,,,,,,,,,,,,,,,,,*/mˌiɾˌækulˈɔɲu/,,,,,,,,,,,,,,,,,,,,,,,,,,,,,,,,,,,,,,,,,,,,,,,,,,,,,,,,,,,,,,,,,,,,,,,,,,,,,,,,,,,,,,,,,,,,,,,,,,,,,,,,,,,,,,,,,,,,,,,,,,,,,,,,,,,,,,,,,,,,,,,,,,,,,,,,,,,,,,,,,,,,,,,,,,,,,,,,,,,,,,,,,,,,,,,,,,,,,,,,,,,,,,,,,,,,,,,,,,,,,,,,,,,,,,,,,,,,,,,,,,,,,,,,,,,,,,,,,,,,,,,,,,,,,,,,,,,,,,,,,,,,,,,,,,,,,,,,,,,,,,,,,,,,,,,,,,,,,,,,,,,,,,,,,,,,,,,,,,,,,,,,,,,,,,,,,,,,,,,,,,,,,,,,,,,,,,,,,,,,,,,,,,,,,,,,,,,,,,,,,,,,,,,,,,,,,,,,,,,,,,,,,,,,,,,,,,,,,,,,,,,,,,,,,,,,,,,,,,,,,,,,,,,,,,,,,,,,,,,
R225,,,,,,,,,,,,,,,,,,,,,,,,,,,,,,,,,,,,,,,,,,,,,,,,,,,,,,,,,,,,,,,,,,,,,,,,,,,,,,,,,,,,,,,,,,,,,,,,,,,,,,,,,,,,,,,,,,,,,,,,,,,,,,,,,,,,,,,,,,,,,,,,,,,,,,,,,,*/pˌeʃkɐpˈia/,,,,,,,,,,,,,,,,,,,,,,,,,,,,,,,,,,,,,,,,,,,,,,,,,,,,,,,,,,,,,,,,,,,,,,,,,,,,,,,,,,,,,,,,,,,,,,,,,,,,,,,,,,,,,,,,,,,,,,,,,,,,,,,,,,,,,,,,,,,,,,,,,,,,,,,,,,,,,,,,,,,,,,,,,,,,,,,,,,,,,,,,,,,,,,,,,,,,,,,,,,,,,,,,,,,,,,,,,,,,,,,,,,,,,,,,,,,,,,,,,,,,,,,,,,,,,,,,,,,,,,,,,,,,,,,,,,,,,,,,,,,,,,,,,,,,,,,,,,,,,,,,,,,,,,,,,,,,,,,,,,,,,,,,,,,,,,,,,,,,,,,,,,,,,,,,,,,,,,,,,,,,,,,,,,,,,,,,,,,,,,,,,,,,,,,,,,,,,,,,,,,,,,,,,,,,,,,,,,,,,,,,,,,,,,,,,,,,,,,,,,,,,,,,,,,,,,,,,,,,,,,,,,,,,,,,,,,,,,,,,,,,,,,,,,,,,,,,,,,,,,,,,,,,,,,,,,,,,,,,,,,,,,,,,,,,,,,,,,,,,,,,,,,,,,,,,,,,,,,,,,,,,,,,,,,,,,,,,,,,,,,,,,,,,,,,,,,,,,,,,,,,,,,,,,,,,,,,,,,,,,,,,,,,,,,,,,,,,,,,,,,,,,,,,,,,,,,,,,,,,,,,,,,,,,,,,,,,,,,,,,,,,,,,,,,,,,,,,,,,,,,,,,,,,,,,,,,,,,,,,,,,,,,,,,,,,,,,,,,,,,,,,,,,,,,,,,,,,,,,,,,,,,,,,,,,,,,,,,,,,,,,,,,,,,,,,,,,,,,,,,,,,,,,,,,,,,,,,,,,,,,,,,,,,,,,,,,,,,,,,,,,,,,,,,,,,,,,,,,,,,,,,,,,,,,,,,,,,,,,,,,,,,,,,,,,,,,,,,,,,,,,,,,,,,,,,,,,,,,,,,,,,,,,,,,,,,,,,,,,,,,,,,,,,,,,,,,,,,,,,,,,,
R226,,,,,,,,,,,,,,,,,,,,,,,,,,,,,,,,,,,,,,,,,,,,,,,,,,,,,,,,,,,,,,,,,,,,,,,,,,,,,,,,,,,,,,,,,,,,,,,,,,,,,,,,,,,,,,,,,,,,,,,,,,,,,,,,,,,,,,,,,,,,,,,,,,,,,,,,,,,,,,,,,*/əˈœːjɲu/,,,,,,,*/fəˈœːɲu/,,,,,,,,,,,,,,,,,,,,,,,,,,,,,,,,,,,,,,,,,,,,,,,,,,,,,,,,,,,,,,,,,,,,,,,,,,,,,,,,,,,,,,,,,,,,,,,,,,,,,,,,,,,,,,,,,,,,,,,,,,,,,,,,,,,,,,,,,,,,,,,,,,,,,,,,,,,,,,,,,,,,,,,,,,,,,,,,,,,,,,,,,,,,,,,,,,,,,,,,,,,,,,,,,,,,,,,,,,,,,,,,,,,,,,,,,,,,,,,,,,,,,,,,,,,,,,,,,,,,,,,,,,,,,,,,,,,,,,,,,,,,,,,,,,,,,,,,,,,,,,,,,,,,,,,,,,,,,,,,,,,,,,,,,,,,,,,,,,,,,,,,,,,,,,,,,,,,,,,,,,,,,,,,,,,,,,,,,,,,,,,,,,,,,,,,,,,,,,,,,,,,,,,,,,,,,,,,,,,,,,,,,,,,,,,,,,,,,,,,,,,,,,,,,,,,,,,,,,,,,,,,,,,,,,,,,,,,,,,,,,,,,,,,,,,,,,,,,,,,,,,,,,,,,,,,,,,,,,,,,,,,,,,,,,,,,,,,,,,,,,,,,,,,,,,,,,,,,,,,,,,,,,,,,,,,,,,,,,,,,,,,,,,,,,,,,,,,,,,,,,,,,,,,,,*/pˌulːɪkˈœːɾu/,,,,,,,,,,,,,,,,,,,,,,,,,,,,,,,,,,,,,,,,,,,,,,,,,,,,,,,,,,,,,,,,,,,,,,,,,,,,,,,,,,,,,,,,,,,,,,,,,,,,,,,,,,,,,,,,,,,,,,,,,,,,,,,,,,,,,,,,,,,,,,,,,,,,,,,,,,,,,,,,,,,,,,,,,,,,,,,,,,,,,,,,,,,,,,,,,,,,,,,,,,,,,,,,,,,,,,,,,,,,,,,,,,,,,,,,,,,,,,,,,,,,,,,,,,,,,,,,,,,,,,,,,,*/tɾˌuʃkˈœːɲu/,,,,,,,,,,,,,,,,,,,,,,,,,,*/βəˈœːɲu/,,,,,,,,,,,,,,,,,,,,,,,,,,,,,,,,,,,,,,,,,,,,,,,,,
R227,,,,,,,,,,,,,,,,,,,,,,,,,,,,,,,,,,,,,,,,,,,,,,,,,,,,,,,,,,,,,,,,,,,,,,,,,,,,,,,,,,,,,,,,,,,,,,*/dˌeʃˌiːjɾˈɔɲu/,,,,,,,,,,,,,,,,,,,,,,,,,,,,,,,,,,,,,,,,,,,,,,,,*/ʃpˈɛjtu/,,,,,,,,,,,,,,,,,,,,,,,,,,,,,,,,,,,,,,,,,,,,,,,,,,,,,,,,,,,,,,,,,,,,,,,,,,,,,,,,,,,,,,,,,,,,,,,,,,,,,,,,,,,,,,,,,,,,,,,,,,,,,,,,,,,,,,,,,,,,,,,,,,,,,,,,,,,,,,,,,,,,,,,,,,,,,,,,,,,,,,,,,,,,,,,,,,,,,,,,,,,,,,,,,,,,,,,,,,,,,,,,,,,,,,,,,,,,,,,,,,,,,,,,,,,,,,,,,,,,,,,,,,,,,,,,,,,,,,,,,,,,,,,*/kˌujɾˈij/,,,,,,,,,,,,,,,,,,,,,,,,,,,,,,,,,,,,,,,,,,,,,,,,,,,,,,,,,,,,,,,,,,,,,,,,,,,,,,,,,,,,,,,,,,,,,,,,,,,,,,,,,,,,,,,,,,,,,,,,,,,,,,,,,,,,,,,,,,,,,,,,,,,,,,,,,,,,,,,,,,,,,,,,,,,,,,,,,,,,,,,,,,,,,,,,,,,,,,,,,,,,,,,,,,,,,,,,,,,,,,,,,,,,,,,,,,,,,,,,,,,,,,,,,,,,,,,,,,,,,,,,,,,,,,,,,,,,,,,,,,,,,,,,,,,,,,,,,,,,,,,,,,,,,,,,,,,,,,,,,,,,,,,,,,,,,,,,,,,,,,,,,,,,,,,,,,,,,,,,,,,,,,,,,,,,,,,,,,,,,,,,,,,,,,,,,,,,,,,,,,,,,,,,,,,,,,,,,,,,,,,,,,,,,,,,,,,,,,,,,,,,,,,,,,,,,,,,,,,,,,,,,,,,,,,,,,,,,,,,,,,,,,,,,,,,,,,,,,,,,,,,,,,,,,,,,,,,,,,,,,,,,,,,,,,,,,,,,,,,,,,,,,,,,,,,,,,,,,,,,,,,,,,,,,,,,,,,,,,,,,,,,,,,,,,,,,,,,,,,,,,,,,,,,,,,,,,,,,,,,,,,,,,,,,,,,,,,,,,,,,,,,,,,,,,,,,,,,,,,,,,,,,,,,,,,,,,,,,,,,,,,,,,,,,
R228,,,,,,,,,,,,,,,,,,,,,,,,,,,,,,,,,,,,,,,,,,,,,,,,,,,,,,,,,,,,,,,,,,,,,,,,,,,,,,,,,,,,,,,,,,,,,,*/dˌeʃˌiːɾˈɔɲu/,,,,,,,,,,,,,,,,,,,,,,,,,,,,,,,,,,,,,,,,,,,,,,,,,,,,,,,,,,,,,,,,,,,,,,,,,,,,,,,,,,,,,,,,,,,,,,,,,,,,,,,,,,,,,,,,,,,,,,,,,,,,,,,,,,,,,,,,,,,,,,,,,,,,,,,,,,,,,,,,,,,,,,,,,,,,,,,,,,,,,,,,,,,,,,,,,,,,,,,,,,,,,,,,,,,,,,,,,,,,,,,,,,,,,,,,,,,,,,,,,,,,,,,,,,,,,,,,,,,,,,,,,,,,,,,,,,,,,,,,,,,,,,,,,,,,,,,,,,,,,,,,,,,,,,,,,,,,,,,,,,,,,,,,,,,,,,,*/kˌujɾˈi/,,,,,,,,,,,,,,,,,,,,,,,,,,,,,,,,,,,,,,,,,,,,,,,,,,,,,,,,,,,,,,,,,,,,,,,,,,,,,,,,,,,,,,,,,,,,,,,,,,,,,,,,,,,,,,,,,,,,,,,,,,,,,,,,,,,,,,,,,,,,,,,,,,,,,,,,,,,,,,,,,,,,,,,,,,,,,,,,,,,,,,,,,,,,,,,,,,,,,,,,,,,,,,,,,,,,,,,,,,,,,,,,,,,,,,,,,,,,,,,,,,,,,,,,,,,,,,,,,,,,,,,,,,,,,,,,,,,,,,,,,,,,,,,,,,,,,,,,,,,,,,,,,,,,,,,,,,,,,,,,,,,,,*/pˈita/,,,,,,,,,,,,,,,,,,,,,,,,,,,,,,,,,,,,,,,,,,,,,,,,,,,,,,,,,,,,,,,,,,,,,,,,,,,,,,,,,,,,,,,,,,,,,,,,,,,,,,,,,,,,,,,,,,,,,,,,,,,,,,,,,,,,,,,,,,,,,,,,,,,,,,,,,,,,,,,,,,,,,,,,,,,,,,,,,,,,,,,,,,,,,,,,,,,,,,,,,,,,,,,,,,,,,,,,,,,,,,,,,,,,,,,,,,,,,,,,,,,,,,,,,,,,,,,,,,,,,,,,,,,,,,,,,,,,,,,,,,,,,,,,,,,,,,,,,,,,,,,,,,,,,,,,,,,,,,,,,,,,,,,,,,,,,,,,,,,*/βˌiɟˈilaj/,*/minɟˈilaj/,,,*/βˌiːtˈɔɾja/,*/βˈitaʎa/,,,*/minɟˈilu/,,,,,,,,,,,,,,,,,,
R229,,,,,*/vlˈɔɾ̃a/,,,,,,,,,,,,,,,,,,,,,,,,,,,,,,,,,,*/ʊɾˈaɾ̃a/,,,,,,,,,,,,,,,,,,,,,,*/bˌaɾˈɔɾ̃ɪ/,,,,,,,,,,,,,,,,,,,,,,,,,,,,,,,,,,,,*/d͡ʒˈaɾ̃a/,,,,,,,,,,,,,,,*/dɾˌankˈɔɾ̃ɪ/,,,,,,,,,,,,,,,,,,,,,,,,,,,,,,,,,,*/ʃtˌɛɾ̃ˈɔɲu/,,,,,,,,,,,,,,,,,,,,,,,,*/fˌaːlkˈɔɾ̃ɪ/,,,,,,,,,,,,,,,,*/fˌɛɾ̃ˈɛːʃtɾa/,,,,,*/fˌiʎˈaɾ̃u/,,,,,,,,,,,,,,,,,,,,,,,,,,*/fɾˈeɾ̃a/,*/fɾˈeɾ̃u/,,,,,,,,,,,,,,,,,,,,,,,,*/ɟˌeɾ̃ˈija/,,,,,,,,,,,,,,,,,,,,,,,,,,,,,,*/ɟˈɔɾ̃u/,,,*/kˈɔɾ̃a/,,,,,,,,,,,,,,,,,,,*/ənbˌurːˈaɾ̃u/,,,,,,,,,,,,,,,,,,,,,,,,,,,,,,,,,,,,,,,,,,,,,,,,,,,,,,,,,,,*/kˌampˈaɾ̃a/,*/kˌampˈɔɾ̃a/,,*/kˈaɾ̃apɪ/,,*/cˈeɾ̃ɪ/,,,,,,,,,,,,,,*/kˌapˈɔɾ̃ɪ/,,,,,,,,,,*/kəɾʃˈaɾ̃a/,,,,,,,,,,,,,,,,,,,,,,,,,,,,,,,,,,,,,,,,,,,,,,,,,,,,,,,,,,,,,,,,,,,,,,,,,,,,,,,,,,,,,,,,,*/kˌuɾˈɔɾ̃a/,,,,,,,,,,,,,,,,,,,*/kɾɪʃtˈeɾ̃a/,,,,,,,,,,,,,,,,,,,,,,,,,,,,,,,,,,,,,*/lɐkˈɔɾ̃ɪ/,,,,,,,,,,,,,,,,,,,,,*/ʎˈɔɾ̃ɪ/,,,,,,,,,,,,,,,,,,,,,,,,,,,,,,,,,,,,,,,,,,,,,,,,,,,,,,,,,,,,,,,,,,,,,,,,,,,,,,,,,,,,,,,,,,,,,,,,,,,,,,,,,,,,,,,,,,,,,,,,,,,,,,,,,,,,,,,,,,,,,,,,,,,,,,,,,,,,*/pˌɐɡˈaɾ̃a/,,,,,,,,,,,,,,,,,,,,,,,,,,,*/pˌaːlˈɔɾ̃ɪ/,,,,,,,,,,,,,,,,,,,,,,,,,,,,,,,,,,,,,,,,,,,,,,,,,,,,,,,,,,,,,,,,,,,,,,,,,,,,,,,,,,,,,,*/pˌutˈaɾ̃a/,,,,,,,,,,,,,*/ˌaɾɾɐt͡ʃˈœɾ̃ɪ/,,,,,,,,,,,,,,,,,,,*/rːˌemːˈaɾ̃u/,,,,,,,,,,,,,,,,,,,,,,,,,,,,,,,,,,,,,,,,,,,,,,,,,,,,,,,,,,,,,,,,,,,,,,,,,,,,,,,,,,,,,,,,,,,,,,,,,,,,*/ʃˌulˈaɾ̃u/,,,,,,,,,,,,,*/ʃpləɾ̃ˈɛtka/,,,,,,,,,,,,,,,,,,,,,,,*/ʃˌubtɪɾɾˌaɾ̃ˈija/,,,,,,,,,,,,,,,,,,,,,,,,,,,,,*/tˌimˈɔɾ̃ɪ/,,,,,,,,,,,,,,,,,,,,,,,,*/tɾˌimɪʃˈaɾ̃a/,,,,,,,,,,,,,,,,,,,,,,,,,,,,,,,,,,,,,,*/βˌɛɾ̃ˈeɾ̃a/,*/βˌɛɾ̃ˈeɾ̃u/,,,,,,,,,,,,,,,,,,,,,,,,,,*/βəɾɡˈaɾ̃u/,,,,,,,,,,,,,,,,
R230,,,,,,,,,,,,,,,,,,,,,,,,,,,,,,,,,*/əŋɡuːʃtˈɔɲu/,,,,,,,,,,,,,,,,,,,,,,,,,,,,,,,,,,,,,,,,,,,,,,,,,,,,,,,,,,,,,,,,,,,,,,,,,,,,,,,,,,,,,,,,,,,,,,,,,,,,,,,,*/ʃkˌuːɾtˈɔɲu/,,,,,,,,,,,,,,,,,,,,,,,,,,,,,,,,,,,,,,,,,,,,,,,,,,,,,,,,,,,,,,,,,,,,,,,,,,,,,,,,,,,,,,,,,,,,,,,,,,,,,,,,,,,,,,,,,,,,,,,,,,,,,,,,,,,,,,,,,,,,,,,,,,,,,,,,,,,,,,,,,,,,,,,,,,,,,,*/ənkˌuːʃulˈɔɲu/,,,,*/ənkˌuːɲˈɔɲu/,,,,,,,,,,,,,,,,,,,,,,,,,*/ɟˌuːvˈɛnka/,,,,,,,,,,,,,,,,,,,,,,,,,,,,,,,,,,,,,,,,,,,,,,,,,,,,,,,,,,,,,,,,,,,,,,,,,,,,,,,,,,,,,,*/kˌuːjmtˈɔɲu/,,*/kˌuːŋnˈatu/,*/kˌuːjɾˈi/,,,,,,,,,,,,,,,*/kˌɔːktˈɔɾu/,,*/kˌuːmmˈɛɾcju/,*/kˌuːmmɑ̃ɾ̃ɪkˈɔɲu/,,*/kˌuːpˌutˈɔɲu/,*/kˌuːpˌutˈɔɲu/,,*/kˌuːfˈiɲu/,*/kˌuːʃˈilːu/,*/kˌuːʃkɾˌeptˈɔɲu/,*/kˌuːʃˌuɾˈinu/,*/kˌuːʃtˈɔɲu/,,*/kˌuːtˌɛntˈɔɲu/,,*/kˌuːntɾˈɔlu/,*/kˌuːntɾaʃtˈɔɾu/,*/kˌuːnˈukula/,*/kˌuːvˌɛntˈɔɲu/,*/kˌuːvˈɛntu/,*/kˌuːpɪɾtˈyɾa/,,,,*/kˌuːɾnˈikulu/,*/kˌɔːɾnˈuta/,*/kˌuːɾˈɔɾ̃a/,,,*/kˌuːɾtˈina/,,*/kˌuːɾbˈinu/,,,,*/kˌuːtɪdzˈɔɲu/,,,,,,,,,,,,,,,,,,,,*/kˌuːkˈuːta/,,,,,,*/kˌuːɲˈɔɲu/,*/kˌuːntˈɔɲu/,,,,*/kˌuːɾt͡ʃˈœɲu/,,,,,,,,,,,,,,,,,,,,,,,,,,,,,,,,,,,,,,,,,,,,,,,,,,,,,,,,,,,,,,,,,,,,,,,,,,,,,,,,,,,,,,,,,,,,,,,,,,,,,,,,,,,,,,,,,,,,,,,,,,,,,,,,,,,,,,,,,,,,,,,,,,,,,,,,,,,,,,,,,,,,,,,,,,,,,,,,,,,,,,,,,,,,,,,,,,,,,,,,,,,,,,,,,,,,,,,,,,,,,,,,,,,,,,,,,,,,,,,,,,,,,,,,,,,,,,,,,,,,,,,,,,,,,,,,,,,,,,,,,,,,,,,,,,,,,,,,,,,,,,,,,,,,,,,,,,,,,,,,,,,,,,,,,,,,,,,,,,,,,,,,,,,,,,,,,,,,,,,,,,,,,,,,,,,,,,,,,,,,,,,,,,,,,,,,,,,,,,,,,,,,,,,,,,,,,,,,,,,,,,,,,*/ʃkˌɔːpˈetu/,,,,,,,,,,,,,,,,,,,,,,,,,,,,,,,,,,,,,,,,,,,,,,,,,,,,,,,,,,,,,,,,,,,,,,,,,,,,,,,,,,,,,,,,,,,,,,,,,,,,,,,,,,,,,,,,,,,,,,,,,,,,,,,,,,,,,,,,,,,,,,,,,,,,,,,,,,,,,,,,,,,,,,,,,,,,,,,,,,,,,,,
R231,*/hˌavɪɾɾˈɔɲu/,,,,,,,,,,,,,,,,,,,,,,,,,,,,,,,,,,,,,,,,,,,,,,,,,,,,,,,,,,,,,,,,,,,,,,,,,,,,,,,,,,,,,,,,,,*/dˌepˌɑ̃ɾ̃ɪtɾˈɔɲu/,,,,,,,,,,,,,,,,,,,,,,,,,,,*/hˌeðɪktˈɔɲu/,,,,,*/ʃˌɑ̃ɾ̃ɪmˈɔɲu/,,,,,,,,,,,,,,,,,,,,,,*/hˌɛɾɪmˈɔɲu/,,,,,,,,,,,,,,,,,,,,,,,,,,,,,,,,,,,,,,,,,,,,,,,,,,,,,,,,,,,,,,,,,,,,,,,,,,,,,,,,,,,,,,,,,,,,,,,,,,,,,,,,,,,,,,,,,,,,,,,,,,,,,,,,,,,,,,,*/əmpɪɾatˈeʃa/,,*/əmpɪɾˌætˈɔɾɪ/,,,,,,,,,,,,,*/əndɪʃpkˈɔɲu/,,*/əndɪkˈɔɲu/,*/əndɪktˈɔɲu/,*/əndɪɾɪtˈɔɲu/,*/əndɪɾˈecu/,,,,,,*/ˌɑ̃ːɾ̃ɪmˈiku/,,,,*/ənkɲɪɾˈɔɲu/,,,,,,,,*/ənpɪkˈatu/,,,,*/əntɪlːɪɡˈɔɲu/,,,,,,,,,,,,,,,,,,,,,,,,,,,,,,,,,,,,,,,,,,,,,,,,,,,,,,,,,,,,,,,,,,,,,,,,,,,,,,,,,,,,,,,,,,,,,,,,,,,,,,,,,,,,,,,,*/kˌulːɪktˈɔɲu/,*/kˌulːɪmɪtˈɔɲu/,,,,,,,,,,,,,,,,,,,*/kˌuːʃkɾɪptˈɔɲu/,,,,*/kˌuːtɪntˈɔɲu/,,,,,*/kˌuːvɪntˈɔɲu/,,,,,,,,,,,,,,,,,,,,,,,,,,,,,,,,,,,,,,,,,,,,,,,,,,,,,,,,,,,,,,*/lɪvɪɾˈɔɲu/,,,,,,,,,,,,,,,,,,,,,,,,,,,,,,,,,,,,,,,,,,,,,,,,,,,,,,,,,,,,,,,,,,,,,,,,,,,,,,,,,,,,,,,,,,,,,,,,,,,,,,,,,,,,,,,,,*/mˌɑ̃ːɾ̃ɪʃtɾˈɔɲu/,,,,,,,,,,,,,,,,,,,,,,,,,,,,,,,,,,,,,,,,,,,,,,,,,,,,,,,,,,,,,,,,,,,,,,,,,,,,,,,,,,,,,,,*/pˌaʃtɪɾˈaku/,,,,,,,,,,,,,,,,,*/pˌɛɾɪndulˈeɲu/,,,,*/pəɾbɪɟɪlˈɔɲu/,,,,,,,,,,,,,,,,,,,,,,,,,,,,,,,,,,,,,,,,,,,,,,,,,,,,,,,,,,,,,,,,,,,,,,,,,,,,,,,,,,,,,,,,,,,,,,,,,,,,,,,,,,,,,,,,,,,,,,,,,,,,,,,,,,,,,,,,,,*/ʃˌɑ̃ɾ̃ɪtˈɔʃu/,,,,,*/ʃˌaɲtmɪxaˈilɔ/,,,,,*/ʃˌaɲtuðɪmˈitɾɪ/,*/ʃˌaɲtnɪkˈɔla/,,,,,,,,,,,,,,,,,,,,,,,,,,,,,,,,,,,,,,,,,,,,,,,,,,,,,,,,,,,,,,,,,,,,,,,,,,,,,,,,,,,,,,,,,,,,,,,,,,,,,,,,,,,,,,,,,,,,,,*/əntɪʃtmˈɔɲu/,,,,,,,,,,,,,,,*/tɾˌajɪktˈɔɾu/,,,,,,*/tɾˌazmɪd͡ʒˈɔɲu/,,,,,,,,,,,,,,,,,,,,,,,,,,,,,,,,,,,,,,,,,,,,,*/βɪtɪlˈɔɲu/,,,,,,,,,,,,,,,,,,,,,,,,,,,,,,,,,,,,,,,,
R232,,,,,,,,*/ˌaðəɾˈɔɲɔ/,,,,,,,,,,,,,,,,,,,,,,,,,,,,,,,,,,,,,,,,,,,,,,,,,,,,,,,,,,,,,,,,,,,,,,,,,,,,,,,,,,,,,,,,,,,,,,,,,,,,,,,,,,,,,,,,,,,,,,,,,,,,,,,,,,,,,,,,,,,,,,,,,,,,,,,,,,,,,,,,,,,,,,,,,,,,,,,,,,,,,,,,,,,,,,,,,,,,,,,,,,,,,,,,,,,,,,,,,,,,,,,,,,,,,,,,,,,,,,,,,,,,,,,,,,,,,,,,,,,,,,,,,,,,,,,,,,,,,,,,,,,,,,,,,,,,,*/əndəʎˈeɲu/,,,,,,,,,,,,,,,,,,,,,,,,,,,,,,,,,,,,,,,,,,,,,,,,,,,,,,,,,,,,,,,,,,,,,,,,,,,,,,,,,,,,,,,,,,,,,,,,,,,,,,,,,,,,,,,,,,,,,,,,,,,,,,,,,,,,,,,,,,,,,,,,,,,,,,,,,,,,,,,,,,,,,,,,,,,,,,,,,,,,,,,,,,,,,,,,,,,,,,,,,,,,,,,,,,,,,,,,,,,,,,,,,,,,,,,,,,,,,,,,,,,,,,,,,,,,,,,,,,,,,,,,,,,,,,,,,,,,,,,,,,,,,,,,,,,,,,,,,,,,,,,,,,,,,,,,,,,,,,,,,,,,,,,,,,,,,,,,,,,,,,,,,,,,,,,,,,,,,,,,,,,,,,,,,,,,,,,,,,,,,,,,,,,,,,,,,,,,,,,,,,,,,,,,,,,,,,,,,,,,,,,,,,,,,,,,,,,,,,,,,,,,,,,,,,,,,,,,,,,,,,,,,,,,,,,,,,,,,,,,,,,,,,,,,,,,,,,,,,,,,,,,,,,,,,,,,,,,,,,,,,,,,,,,,,,,,,,,,,,,,,,,,,,,,,,,,,,,,,,,,,,,,,,,,,,,,,,,,,,,,,,,,,,,,,,,,,,,,,,,,,,,,,,,,,,,,,,,,,,,,,,,,,,,,,,,,,,,,,,,,,,,,,,,,,,,,,,,,,,,,,,,,,,,,,,,,,,,,,,,,,,,,,,,,,,,,,,,,,,,,,,,,,,,,,,,,,,,,,,,,,,,,,,,,,,,,,,,,,,,,,,,,,,,,,,,,,,,,,,,,,,,,,,,,,,,,,,,,,,,,,,,,,,,,,,,,,,,,,,,,,,,,,,,,,,,,,,,,,
R233,,,,,,,,,,,,,,,,,,,,,,,,,,,,,,,,,,,,,,,,,,,,,,,,,,,,,,,,,,,,,,,,,,,,,,,,,,,,,,,,,,,,,,,,,,,,,,,,,,,,,,,,,,,,,,,,,,,,,,,,,,,,,*/ʃɑ̃ɾ̃əɾˈɔɲu/,,,,,,,,,,,,,,,,,,,,,,,,,,,,,,,,,,,,,,,,,,,,,,,,,,,,,,,,,,,,,,,,,,,,,,,,,,,,,,,,,,,,,,,,,,,,,,,,,,,,,,,,,,,,,,,,,,,,,,,,,,,,,,,,,,,,,,,,,,,,,,,,,,,,,,,,,,,,,,,,,,,,,,,,,,,,,,,,,,,,,,,,,,*/ənkˌuːʃəlˈɔɲu/,,,,,,,,,,,,,,,,,,,,,,,,,,,,,,,,,,,,,,,,,,,,,,,,,,,,,,,,,,,,,,,,,,,,,,,,,,,,,,,,,,,,,,,,,,,,,,,,,,,,,,,,,,,,,,,,,,,,,,,,,,*/kˌulːəcˈɔɲu/,,,,*/kˌuləmbɑ̃ɾ̃ˈija/,*/kˌuləmnˈet͡ʃa/,,,,,,,,,,,,,,,,,*/kˌuːʃəɾˈinu/,,,,,,,,,,,,,,,,,,,,,,,,,,,,,,,,,,,,,,,,,,,,,,,,,,,,,,,,,,,,,,,,,,,,,,,,,,,,,,,,,,,,,,,,,,,,,,,,,,,,,,,,,,,,,,,,,,,,,,,,,,,,,,*/mˌaːləðɪkˈɔɲu/,,,,,,,,,,,,,,,,,,,,,,,,,,,,,,,,,,,,,,,,,,,,,,,,,,,,,*/mˌɛɾəlˈaɲa/,,,,,,,,,,,,,,,,,,,,,,,,,,,,,,,,,,,,,,,,,,,,,,,,,,,,,,,,,,,,,,,,,,,,,,,,,,,,,,,,,,,,,,,,,,,,,,,,,,,,,,,,,,,,,,,,,,,,,,,,,,,,,,,,,,,,,,,,,,,,,,,,,,,,,,,,,,,,,,,,,,,,,,,,,,,,,,,,,,,,,,,,,,,,,,,,,,,,,,,,,,,,,*/rːɪʃəɾɡˈɔɲu/,,,,,,,,,,,,,,,,,,,,,,,,,,,,,,,,,,,,,,,,,,,,,,,,,,,,,,,,,,,,,,,,,,,,,,,,,,,,,,,,,,,,,,,,,,,,,,,,,,,,,,,,,,,,,,,,,,,,,,,,,,,,,,,,,,,,,,,,,,,,,,,,,,,,,,,,,,,,,,,,,,,,,,,,,,,,,,,,,,,,,,,,,,,,,,,,,,,,,,,,,,,,,,,,,,,,,,,,,,,,,,,,,*/ˌuɾəlˈiɲu/,,,,,,,,,,,,,,,,,,,,,,,,,,,,,,,,,,,,,,,,,,,,,,,,,,,,,*/βˌuləntˈetɪ/,,
R234,,,,,,,,,,,,,,,,,,,,,,,*/əmbəpɐtˈinu/,,,,,,,,,,,,,,,,,,,,,,,,,,,,,,,,,,,,,,,,,,,,,,,,,,,,,,,,,,,,,,,,,,,,,*/dˌepəʃtˈɔɲu/,,,,,,,,,,,,,,,,,,,,,,,,,,,,,,,,,,,,,,,,,,,,,,,,,,,,,,,,,,,,,,,,,,,,,,,,,,,,,,,,,,,,,,,,,,,,,,,,,,,,,,,,,,,,,,,,,,,,,,,,,,,,,,,,,,,,,,,,,,,,,,,,,,,,,,,,,,,,,,,,,,,,,,,,,,,,,,,,,,,,,,,,,,,,,,,,,,,,,,,,,,,,,,,,,,,,,,,,,,,,,,,,,,,,,,,,,,,,,,,,,,,,,,,,,,,,,,,,,,,,,,,,,,,,,,,,,,,,,,,,,,,,,,,,,,,,,,,,,,,,,,,,,,,,,,,,,,,,,,,,,,,,,,,,,,,,,,,,,,,,,,,,,,,,,,,,,,,,,*/kˌuːpətˈɔɲu/,*/kˌuːpətˈɔɲu/,,,,,,,,,,,,,,,,,,,,,,,,,,,,,,,,,,,,,,,,,,,,,,,,,,,,,,,,,,,,,,,,,,,,,,,,,,,,,,,,,,,,,,,,,,,,,,,,,,,,,,,,,,,,,,,,,,,,,,,,,,,,,,,,,,,,,,,,,,,,,,,,,,,,,,,,,,,,,,,,,,,,,,,,,,,,,,,,,,,,,,,,,,,,,,,,,,,,,,,,,,,,,,,,,,,,,,,,,,,,,,,,,,,,,,,,,,,,,,,,,,,,,,,,,,,,,,,,,,,,,,,,,,,,,,,,,,,,,,,,,,,,,,,,,,,,,,,,,,,,,,,,,,,,,,,,,,,,,,,,,,,,,,,,,,,,,,,,,,,,,,,,,,,,,,,,,,,,,,,,,,,,,,,,,,,,,,,,,,,,,,,,,,,,,,,,,,,,,,,,,,,,,,,,,,,,,,,,,,,,,,,,,,,,,,,,,,,,,,,,*/ʃˌantəˌandɾˈeːjaː/,*/ʃˌaɲtəˌandɾˈeja/,,,*/ʃˌaɲtəðɪmˈitɾɪ/,,,,,,,,,,,,,,,,,,,,,,,,,,,,,,,,,,,,,,,,,,,,,,,,,,,,,,,,,,,,,,,,,,,,,,,,,,,,,,,,,,,,,,,,,,,,,,,,,,,,,,,,,,,,,,,,,,,,,,,,,,,,,,,,,,,,,,,,,,,,,,,,,,,,,,,,,,,,,,,,,,,,,,,,,,,,,,,,,,,,,,,,,,,,,,,,,,,,,,,,,,,,,,,,,,,,,,,,,,,,,,,,,
R235,,,,,,,,,,,,,,,,,,,*/əlbəɾ̃ˈɛʃu/,,,,*/əmbəpətˈinu/,,,,,,,,,,,,,*/pˌaɾəmˈɛntu/,,,,,,,,,,,,,,,,*/ˌaβləmˈentu/,,,,,,,,,,,,,,,,,,,,,,,,,,,,,,,,,,,,,,,,,,,,,,,,,,,,,,,,,,,,,,,,,,,,,,,,,*/ʃəɾ̃əɾˈɔɲu/,,,,,,,,,,,,,,,,,,,,,,,,,,,,,*/pˌeʃkəpˈia/,,,,,,*/wənɟˈilu/,,,,,,,,,,,,,,,,,*/fˌaɾəɾ̃ˈɔɲu/,*/fˌaɾəɾ̃ˈata/,,,,,,,,,,,,,,,,,,,,,,,,,,,,,,,,,,,,,,,,,,,,,,,,,,,,,,,,,,,,,,,,,,,,,,,,,,,,,,,,,,,,,,,,,,,,,,,,*/ɟjəɾ̃ˈɔɲu/,,,,,*/əmpəɾˈɔɲu/,*/əmpɪɾətˈeʃa/,*/pˌɛɾəntˈeʃa/,,*/pˌɛɾəntˈɔɾɪ/,,,,,,,,,,,,,,,,,,,,,*/əŋɡənɲˈeɲu/,,,,,*/ənkˌaːʃəɾ̃ˈɔjɲu/,,,,,,,,,,,,,,,,,,,,,,,,,,,,,,,,,,*/kˌaləmˈetu/,,,,,,,,,,,,,,,,,,,,,,,,,,,,,,,,,,,,,,,,,,,*/kˌaʃtəɾ̃ˈɛːtu/,,,,,,,,,,,*/cˌɛɾəʃˈɔɾu/,,,,,,,,,,,,,,,,,,,,,,,,,,,,,,,,,,,,,,,,*/kˌuləmbəɾ̃ˈija/,,,,,,,,,,*/kˌuːmməɾ̃ɪkˈɔɲu/,,,,,,,,,,,,,,*/kˌuːntɾəʃtˈɔɾu/,,,,,,,,,,,,,,,,,,,,,,,*/kɾˌiːjətˈyɾa/,,,,,,,,,,,,,,,,,,,,,,,,,,,,,,,,,,,,,,,,,,,*/ləkˈɔɾ̃ɪ/,,,,,,,,*/ləpˈatja/,,,,*/lətˈinu/,,,,,,,,,,,,,,,,*/lˌiɡətˈyɾa/,,,,,,,,,,,,,,,*/lˌuktətˈɔɾɪ/,,,,,,,,,,,,,,,,,,,,,,,,,,,,,,,,,,,,,,,,,,,,,,,,,,,,,,,,,,,,,,,,,,,,,,,,,,,,,,,,,,,,,,,,,,,,,,,,,,,,,,,,*/nˌemːəɾ̃ˈɔɲu/,,,,,,,,,,,,,,,,,*/ˌuɾðəɾ̃ˈɔɲu/,*/ˌuɾðəɾ̃ˈata/,,,,,,,,,,,,,*/pˌaɡətˈyɾa/,,,,,,,,,,,*/pˌaɾəˈiːzu/,,,,,,,,,,*/pət͡ʃˈɔɲu/,*/pəˈyːkula/,,,,,,,,,,,,,,,,,,,,,,,,,,,,,,,,,,,*/pˌeʃkətˈɔɾɪ/,,,,,,,,,,,,,,,,,,,,,,,*/pˌuɾɾəɾ̃ˈija/,,,,,,,,,,,,,,*/pɾˌiməvˈeɾa/,,,,,,,,,,,,,,,,,,,,,,,,,,,,,,,*/ˌaɾɾət͡ʃˈœɾ̃ɪ/,,,,,,,,,,,,,,,,,,,,,,,,,,,,,,,,,,,,,,,,,,*/ʃəkɾˈɔɲu/,,,,,,,,,,*/ʃəɾˈɔɲu/,,,,,,,*/ʃˌaɲtmɪxəˈilɔ/,,,,,,,,,,*/ʃˌeːlɪcəɾ̃ˈɔɾu/,,*/ʃətˈunta/,,,,,,,,,,,,,,,,,,,*/ʃˌemɪlətˈyɾa/,,,,,,,,,,,,,,,,,,,,,,,,,,,,,,,,,,,,,,,,,,,,,,,,,,,,,,,,,,,,,,,,,,,,,,,,,,,,,,,,,,,,,,,,,,,,,,,,,,,,,,,,,,,,,,,,,,,,,,,,,,,,,,,,,,,,,,,,,,,,,,,,,,,,,,,,,,,,,,,,,,,,,,,,,,,,,,,,,,,,,,,,,,,,,,,,,,,,,,,
R236,,,,,,,,,,,,,,,,,,,,,,,,,,,,,,,,,,,,,,,,,,,,,,,,,,,,,,,,,,,,,,,,,,,,,,,,,,,,,,,,,,,,,,,,,,,,,*/dˌeɾəmˈɔɲu/,,,,,,,,,,,,,,,,,,,*/dɾənkˈɔɾ̃ɪ/,,,,,,,,,,,,,,,,,,,,,,,,,,,,,,,,,*/hˌɛɾəmˈɔɲu/,,,,,,,,,,,*/rːəmˈitu/,,,,,,,,,,,,,,,,,,,,,,,,,,,,,,,,,,,,,,,,,,,,,,,,,,,,,,,,,,,,,,,,,,,,,,,,,,,,,,,,,,,,,,,,,,,,,*/ɡləmːəɾˈata/,,,,,,,,,,,,,,,,,,,,,,,,,,,,,,,,,,,,,,,,,,,,,,,,,,,,,,,,,,,,,,,,,,,,,,,,,,,,,*/məɾnˈaʎa/,,,,,,,,,,,,,,,,,,,,*/kˌaləndˈɔɾu/,,,,,,,,,,,,,,,,,,,,,,,,,,,,,,,,,,,,,,,,,,,,,,,,,,,,,,,,,,,,,,,,,,,,,,,*/kləɾˈɔɲu/,,,,,,,,,,,,,,,,,,*/kˌulːəmɪtˈɔɲu/,,,,,,,,,,,,,,,,,,,,,,,,,,,,,,,,,,,,,,,,,,,,,,,,,,,,,,,,,,,,,,,,,,,,,,,,,,,,,,,,,,,,,,,,,,,,,,,,*/ləŋɡˈɔɲu/,*/ləŋɟˈyɾa/,*/ləŋɟˈœɾɪ/,*/ləncjˈeɾja/,,,,,,,,,,,,,*/ləntˈɔɲu/,,,,,,,,,,,,*/ləmˈɔɲu/,,,,,,,,,,,,,,,,,*/mənɟˈija/,,,,,,,*/mənðjˈɔla/,,,,*/mˌaːləŋɟˈɛɲu/,,,,*/mənkˈɔɲu/,*/mənpulˈɔɲu/,,,,*/mənkˈɔɲu/,,,,*/məɾˈija/,*/məɾɪkˈɔʃu/,*/məɾəlˈycju/,*/məɾtˈɔɲu/,*/məɾtˈɔɲu/,*/məɾtˈet͡ʃa/,,,*/məɾcˌiːnˈetu/,,*/məɾtˈinu/,,,*/məɾˈunu/,,,,*/məntˈakʃu/,,*/məntɾˈikula/,*/mənt͡ʃˈuku/,,,,,,,,,*/məɾɪd͡ʒˈœɲu/,*/məɾˈid͡ʒɛ/,*/məɾɡˈɔɲu/,*/məɾcˈeɾu/,*/məɾkˈuɾa/,*/məɾəlˈaɲa/,,,,,*/məɾˈekulu/,*/məɾˌækulˈɔɲu/,*/məɾˈɔjɲu/,,,,,,,,*/məmːˈɛntu/,,,,,,,,,,,,,,,,*/məɾcˈiɲa/,,,,,,,,,,,,,,*/nˌuməɾˈɔɲu/,,,,,,,,,,,,,,,,,,,,,,,,,,,,,,,,,,,,,,,,*/pˌaɾəntˈɔɲu/,,,,,,,,,,,,,,,,,,,,,,,*/pˌɛɾəndulˈeɲu/,,,,,,,,,,,,,,,,,,,,,,,,,,,,,,,,,,,,,,,,,,,,,,,,,,,,,,,,,*/pɾəməvˈeɾa/,,,,,,,*/pɾəmːˌeːtˈɔɲu/,,,,,,,,,,,,,,,,,,,,,,,,,,,,,,,*/rːəndˈeɲu/,,,,,,,,*/rːəmˈɔɲu/,,,,*/rːəmːˈaɾ̃u/,,,,,,,,,*/rːənˈɔɲu/,,,,,,,,,,,,,,,,,,,,,,,,,,,,,,,,,,,,,,,,,,,,,,,,,,,,,,,,,,,,,*/ʃˌeməlˈɔjɲu/,*/ʃˌemələtˈyɾa/,,,,,,,,,,,,,,,,,,,,,,,,,,,,,,,,,,,,,,,,,,,,,,,,,,,,,,,,*/ʃtɾəŋɡˈɔɲu/,,,,,,,*/ʃˌuməɾˈitka/,,*/ʃˌubtɪɾɾəɾ̃ˈija/,,,,,,,,,,,,,,,,,,,,,,,,,,,,,,,,,,,,,,,,,,,,,,,,,,,,,*/tɾəmɪʃˈaɾ̃a/,,,,,,,,,,,,,,,,,,,,,,,,,,,,,,,,,,,,,,,,,,,,,,,,,,,,,,,,*/mənɟˈilaj/,,,,,,,*/mənɟˈilu/,,,,,,,,,,,,,,,,,,*/βˌulːəɾˈata/
R237,,,,,,,,,,,,,,,,,,,,,,,,,,,,,,,,,,,,,,,,,,,,,,,,,,,,,,,,,,,,,,,,,,,,,,,,,,,,,,,,,,,,,,,,,,,,,,,,,,,,,,,,,,,,,,,,,,,,,,,,,,,,,,,,,,,,,,,,,,,,,,,,,,,,,,,,,,,,,,,,,,,,,,,,,,,,,,,,,,,,,,,,,,,,,,,,,,,,,,,,,,,,,,,,,,,,,,,,,,,,,,,,,,,,,,,,,,,,,,,,,,,,,,,,,,,,,,,,,,,,,,,,,,,,,,,,,,,,,,,,,,,,,,,,,,,,,,,,,,,,,,,,,,,,,,,,,,,,,,,,,,,,,,,,,,,,,,,,,,,,,,,,,,,,,,,,,,,,,,,,,,,,,,,,,,,,,,,,,,,,,,,,,,,,,,,,,,,,,,,,,,,,,,,,,,,,,,,,,,,,,,,,,,,,,,,,,,,,,,,,,,,,,,,,,,,,,,,,,,,,,,,,,,,,,,,,,,,,,,,,,,,,,,,,,,,,,,,,,,,,,,,,,,,,,,,,,,,,,,,,,,,,,,,,,,,,,,,,,,,,,,,,,,,,,,,,,,,,,,,,,,,,,,,,,,,,,,,,,,,,,,,,,,,,,,,,,,,,,,,,,,,,,,,,,,,,,,,,,,,,,,,,,,,,,,,,,,,,,,,,,,,,,,,,,,,,,,,,,,,,,,,,,,,,,,,,,,,,,,,,,,,,,,,,,,,,,,,,,,,,,,,,,,,,,,,,,,,,,,,,,,,,,,,,,,,,,,,,,,,,,,,,,,,,,,,,,,,,,,,,,,,,,,,,,,,,,,,,,,,,,,,,,,,,,,,,,,,,,,,,,,,,,,,,,,,,,,,,,,,,,,,,,,,,,,,,,,,,,,,,,,,,,,,,,,,,,,,,,,,,,,,,,,,,,,,,,,,,,,,,,,,,,,,,,,,,,,,,,,,,,,,,,,,,,,,,,,,,,,,,,,,,,,,,,,,,,,,,,,,,,,,,,,,,,,,,,,,,,,,,,,,,,,,,,,,,,,,,,,,,,,,,,,,,,,,,,,,,,,,,,,,,,,,,,,,,,,,,,,,,,,,,,,,,,,,,,,,,,,,,,,,,,,,,,,,,,,,,,,,,,,,,,,,,,,,,,,,,,,,,,,,,,,,,,,,,,,,,,,,,,,,,,,,,,,,,,*/βˌɛːtˈula/,,,,,,
R238,,,,,,,,,,,,,,,,,,,,,,,,,,,,,,,,,,,,,,,,,,,,,,,,,,,,,,,,,,,,,,,,,,,,,,,,,,,,,,,,,,,,,,,,,,,,,,,,,,,,,,,,,,,,,,,,,,,,,,,,,,,,,,,,,,,,,,,,,,,,,,,,,,,,,,,*/pˌɛːʃkˈɔpu/,,,,,,,,,,,,,,,,,,,,,,,,,,,,,,,,,,,,,,,,,,,,,,,,,,,,,,,,,,,,,,,,,,,,,,,,,,,,,,,,,,,,,,,,,,,,,,,,,,,,,,,,,,,,,,,,,,,,,,,,,,,,,,,,,,,,,,,,,,,,,,,,,,,,,,,,,,,,,,,,,,,,,,,,,,,,,,,,,,,,,,,,,,,,,,,,,,,,,,,,,,,,,,,,,,,,,,,,,,,,,,,,,,,,,,,,,,,,,,,,,,,,,,,,,,,,,,,,,,,,,,,,,,,,,,,,,,,,,,,,,,,,,,,,,,,,,,,,,,,,,,,,,,,,,,,,,,,,,,,,,,,,,,,,,,,,,,,,,,,,,,,,,,,,,,,,,,,,,,,,,,,,,,,,,,,,,,,,,,,,,,,,,,,,,,,,,,,,,,,,,,,,,,,,,,,,,,,,,,,,,,,,,,,,,,,,,,,,,,,,,,,,,,,,,,,,,,,,,,,,,,,,,,,,,,,,,,,,,,,,,,,,,,,,,,,,,,,,,,,,,,,,,,,,,,,,,,,,,,,,,,,,,,,,,,,,,,,,,,,,,,,,,,,,,,,,,,,,,,,,,,,,,,,,,,,,,,,,,,,,,,,,*/pˌɛːkˈulːu/,,,,,,,,,,,,,,*/pˌɛːtɾˈeʃu/,,,,,,,,,,,,,,,,,,,,,,,,,,,,,,,,,,,,,,,,,,,,,,,,,,,,,,,,,,,,,,,,,,,,,,,,,,,,,,,,,,,,,,,,,,,,,,,,,,,,,,,,,,,,,,,,,,,,,,,,,,,,,,,,,,,,,,,,,,,,,,,,,,,,,,,,,,,,,,,,,,,,,,,,,,,,,,,,,,,,,,,,,,,,,,,,,,,,,,,,,,,,,,,,,,,,,,,,,,,,,,,,,,,,,,,,,,,,,,,,,,,,,,,,,,,,,,,,,,,,,,,,,,,,,,,,,,,,,,,,,,,,,,,,,,,,,,,,,,,,,,,,,,,,,,,,,,,,,,,,,,,,,,,,,,,,,,,,,,,,,,,,,,,,,,,,,,,,,,,,,,,,,,,,,,
R239,,,,,,,,,,,,,,,,,,,,,,,,,,,,,,,,,,,,,,,,,,,,,,,,,,,,,,,,,,,,,,,,,,,,,,,,,,,,,,,,,,,,,,,,,,,,,,,,,,,,,,,,,,,,,,,,,,,,,,,,,,,,,,,,,,,,,,,,,,,,,,,,,,,,,,,,,,,,,,,,,,,,,,,,,,,,,,,,,,,,,*/fˌiʎˈɔla/,,,,,,,,,,,,,,,,,,,,,,,,,,,,,,,,,,,,,,,,,,,,,,,,,,,,,,,,,,,,,,,,,,,,,,,,,,,,,,,,,,,,,,,,,,,,,,,,,,,,,,,,,,,,,,,,,,,,,,,,,,,,,,,,,,,,,,,,,,,,,,,,,,,,,,,,,,,,,,,,,,,,,,,,,,,,,,,,,,,,,,,,,,,,,,,,,,,,,,,,,,,,,,,,,,,,,,,,,,,,,,,,,,,,,,,,,,,,,,,,,,,,,,,,,,,,,,,,,,,,,,,,,,,,,,,,,,,,,,,,,,,,,,,,,,,,,,,,,,,,,,,,,,,,,,,,,,,,,,,,,,,,,,,,,,,,,,,,,,,,,,,,,,,,,,,,,,,,,,,,,,,,,,,,,,,,,,,,,,,,,,,,,,,,,,,,,,,,,,,,,,*/mənʎˈɔla/,,,,,,,,,,,,,,,,,,,,,,,,,,,,,,,,,,,,,,,,,,,,,,,,,,,,,,,,,,,,,,,,,,,,,,,,,,,,,,,,,,,,,,,,,,,,,,,,,,,,,,,,,,,,,,,,,,,,,,,,,,,,,,,,,,,,,,,,,,,,,,,,,,,,,,,,,,,,,,,,,,,,,,,,,,,,,,,,,,,,,,,,,,,,,,,,,,,,,,,,,,,,,,,,,,,,,,,,,,,,,,,,,,,,,,,,,,,,,,,,,,,,,,,,,,,,,,,,,,,,,,,,,,,,,,,,,,,,,,,,,,,,,,,,,,,,,,,,,,,,,,,,,,,,,,,,,,,,,,,,,,,,,,,,,,,,,,,,,,,,,,,,,,,,,,,,,,,,,,,,,,,,,,,,,,,,,,,,,,,,,,,,,,,,,,,,,,,,,,,,,,,,,,,,,,,,,,,,,,,,,,,,,,,,,,,,,,,,,,,,,,,,,,,,,,,,,,,,,,,,,,,,,,,,,,,,,,,,,,,,,,,,,,,,,,,,,,,,,,,,,,,,,,,,,,,,,,,,,,,,,,,,,,,,,,,,,,,,
R240,,,,,,,,,,,,,,,,,,,,,,,,,,,,,,,,,,,,,,,,,,,,,,,,,,,,,,,,,,,,,,,,,,,,,,,,,,,,,,,,,,,,,,,,,*/dɪlˌiːɾˈɔɲu/,*/dɪkˌaptˈɔɲu/,*/dɪpˌɑ̃ɾ̃ɪtɾˈɔɲu/,*/dɪpəʃtˈɔɲu/,*/dɪɾəmˈɔɲu/,*/dɪʃˌiːɾˈɔɲu/,*/dɪʃəˈiːɾa/,,,*/dɪɡtˈɔɲu/,,,*/dɪɾˈejtu/,,*/dɪʃkəˌaːlːɪkˈɔɲu/,*/dɪʃkˌaɾkˈɔɲu/,,*/dɪʃcˌyːɾtˈɔɲu/,*/dɪzbˌulːˈɔɲu/,,,,,,,,,,,,,,,,,,,,,,,,,,,,,,,,,,,,*/ʃpɪlːˈaːɲu/,*/ʃpɪɾlˈaːɲu/,,,,,*/zbɪɟɪlˈɔɲu/,,,,,*/pɪʃkəpˈia/,,,,,,,,,,,,,,,,,,,,,,,,,,,*/fɪʎˈɔla/,,,,,,*/fɪɾɾˈuʃka/,,,,*/fɪʎˈaɾ̃u/,,*/fɪʎˈeʃtɪɾ/,,,,,,,,,,,,,,,,,,,,,,,,,,,,,,,,,,,,,,,,,,,,,,,,,,,,,,,,,,,,,,,,,,,,,,,,,*/vɪɾnˈid͡ʒa/,,,,,,,,,,,,,,,*/pɪɾəntˈeʃa/,,*/pɪɾəntˈɔɾɪ/,,,,,,,,,,,,,,,,,,,,,,,,,,,,,,,,,,,,,,,,,,,,,,,,,,,,,,,,,,,,,,,,,,,,,,,,,,,,,,,,,,,,,,,,,,,,,,,,,,,,,,,,,,,,,,,,,,,,,,,,,,,,,,,,,,,,,,,,,,,,,,,,,,,,,,,,,,,,,,,,,,,,,,,,,,,,,,,,,,,,,,,,,,,,,,,,,,,,,,,,,,,,,,,,,,,,,,,,,,,,,,,,,,,,,,,,,,,,,,,,,,,,,,,,,,,,,,,,,,,,,,,,,,,,,,,,,,,,,,,,,,,,,,,,,,,,,,,,,,,,,,,,,,,,,,,,,,,,,,,,,,,,,,,,,,,,,,,,,,,,,,,,,,,,,,,,,,,,,,,,,,,,,,,,,,,,,,,,,,,,,,,,,,,,,,,,,,,,,,,,,,,,,,,,,,,,,,,,,,,,,,,,,,,,,,,,,,,,,,,,,,,,,,,,,,,,,,,,,,,*/pɪɾəndulˈeɲu/,,,,,,,,,,,,,,,,,,,,*/pɪʃkətˈɔɾɪ/,,,,,,,,,,,,,,,,,,,,,,,,,,,,,,,,,,,,,,,,,,,,,,,,,,,,,,,,,,,,,,,,,,,,,,,,,,,,,,,,,,,,,,,,,,,,,,,,,,,,,,,,,,*/ʃɪtˈɔɲu/,,,,,,,,,*/ʃɪlˈina/,*/ʃɪlˈiɲu/,,,,,,,,,,,,,,,,,,,,,,*/ʃɪɾmˈɛntu/,,*/ʃɪkɾˈetu/,*/ʃɪkˈɔɲu/,,,,,*/ʃɪɾtˈɔɲu/,,,,,,,,,,,,,,,,,,,,,,,,,,,,,,,,,,,,,,,,,,,,,,,,,,,,,,,,,,,,,,*/ʃtɪɾnˈaku/,,,,,,,,,,,,,,,,,,,,,,,,,,,,,,,,,,,,,,,,*/tɪɾɾmˈœtu/,*/tɪɾɾˈatku/,,,,,,,,,,,,,,,,,,,,,,,,,,,,,,,,,,,,,,,,,,,,,,,,,,,,,,,,,,,,,,,*/βɪlˈet͡ʃa/,,,,,,,*/βɪɾtˈetɪ/,*/βɪɾɾˈikulu/,,,*/βɪʃkˈɔjɲu/,,,,*/βɪʃtɡˈɔɲu/,,,,*/βɪɟˈilaj/,,,*/βɪcˈinu/,,,,,,,,,,*/βɪɾtˈytɪ/,,,,,,,,,,,,,
R241,,,,,,,,,,,,,,,,,,,,,,,,,,,,,,,,,,,,,,,,,,,,,,,,,,,,,,,,,,,,,,,,,,,,,,,,,,,,,,,,,,,,,,,,,,,,,,,,,,,,,,,,,,,,,,,,,,,,,,,,,,,,,,,,,,,,,,,,,,,,,,,,,,*/ʃtɪɾ̃ˈɔɲu/,,,,,,,,,,,,,,,,,,,,,,,,,,,,,,,,,,,,,,,,*/fɪɾ̃ˈɛːʃtɾa/,,,,,,,,,,,,,,,,,,,,,,,,,,,,,,,,,,,,,,,,,,,,,,,,,,,,,,,,,,,,,,,,,,,,,,,,,,,,,,,,,,,,,,,,,,,,,,,,,,,,,,,,,,,,,,,,,,,,,,,,,,,,,,,,,,,,,,,,,,,,,,,,,,,,,,,,,,,,,,,,,,,,,,,,,,,,,,,,,,,,,,,,,,,,,,,,,,,,,,,,,,,,,,,,,,,,,,,,,,,,,,,,,,,,,,,,,,,,,,,,,,,,,,,,,,,,,,,,,,,,,,,,,,,,,,,,,,,,,,,,,,,,,,,,,,,,,,,,,,,,,,,,,,,,,,,,,,,,,,,,,,,,,,,,,,,,,,,,,,,,,,,,,,,,,,,,,,,,,,,,,,,,,,,,,,,,,,,,,,,,,,,,,,,,,,,,,,,,,,,,,,,,,,,,,,,,,,,,,,,,,,,,,,,,,,,,,,,,,,,,,,,,,,,,,,,,,,,,,,,,,,,,,,,,,,,,,,,,,,,,,,,,,,,,,,,,,,,,,,,,,,,,,,,,,,,,,,,,,,,,,,,,,,,,,,,,,,,,,,,,,,,,,,,,,,,,,,,,,,,,,,,,,,,,,,,,,,,,,,,,,,,,,,,,,,,,,,,,,,,,,,,,,,,,,,,,,,,,,,,,,,,,,,,,,,,,,,,,,,,,,,,,,,,,,,,,,,,,,,,,,,,,,,,,,,,,,,,,,,,,,,,,,,,,,,,,,,,,,,,,,,,,,,,,,,,,,,,,,,,,,,,,,,,,*/ʃɪŋnˈɔɲu/,,,,,*/ʃɪməlˈɔjɲu/,*/ʃɪmələtˈyɾa/,,,,,,,,,,,,,,,,,,,,,,,,,,,,,,,,,,,,,,,,,,,,,,,,,,,,,,,,,,,,,,,,,,,,,,,,,,,,,,,,,,,,,,,,,,,,,,*/tɪmˈɔɾ̃ɪ/,*/tɪmˈœɾɪ/,,,,,,,,,,,,,,,,,,,,,,,,,,,,,,,,,,,,,,,,,,,,,,,,,,,,,,,,,,,,,*/βɪɾ̃ˈeɾ̃a/,*/βɪɾ̃ˈeɾ̃u/,,,,,,,,,,,,,,,,,,,,,,,,,,,,,,,,,,,,,,,,,,
R242,,,,,,,,,,,,,,,,,,,,,,,,,,,,,,,,,,,,,,,,,,,,,,,,,,,,,,,,,,,,,,,,,,,,,,,,,,,,,,,,,,,,,,,,,,,,,,,,,,,,,,,,,,,,,,,,,,,,,,,,,,,,,,,,,,,,,,,,,,,,,,,,,,,,,,,,,,,,,,,,,,,,,,*/fəlːˈeɲu/,,,,,,,,,,,*/fəɾəɾ̃ˈɔɲu/,*/fəɾəɾ̃ˈata/,,,,,,,,,,,,,,,,,,,,,,,,,,,,,,,,,,,,,,,,,,,,,,,,,,,,,,,,,,,,,,,,,,,,,,,,,,,,,,,,,,,,,,,,,,,,,,,,,,,,,,,,,,,,,,,,,,,,,,,,,,,,,,,,,,,,,,,,,,,,,,,,,,,,,,,,,,,,,,,,,,,,,,,,,,,,,,,,,,,,,,,,,,,,,,,,,,,,,,,,,,,,,,,,,,,,,,,,,,,,,,,,,,,,,,,,,,,,,,,,,,,,,,,,,,,,,,,,,,,,,,,,,,,,,,,,,,,,,,,,,,,,,,,,,,,,,,,,,,,,,,,,,,,,,,,,,,,,,,,,,,,,,,,,,,,,,,,,,,,,,,,,,,,,,,,,,,,,,,,,,,,,,,,,,,,,,,,,,,,,,,,,,,,,,,,,,,,,,,,,,,,,,,,,,,,,,,,,,,,,,,,,,,,,,,,,,,,,,,,,,,,,,,,,,,,,,,,,,,,,,,,,,,,,,,,,,,,,,,,,,,,,,,,,,,,,,,,,,,,,,,,,,,,,,,,,,,,,,,,,,,,,,,,,,,,,,,,,,,,,,,,,,,,,,,,,,,,,,,,,,,,,,,,,,,,,,,,,,,,,,,,,,,,,,,,,,,,,,,,,,,,,,,,,,,,,,,,,,,,,,,,,,,,,,,,,,,,,,,,,,,,,,,,,,,,,,,,,,,,,,,,,,,,,,,,,,,,,,,,,,,,,,,,,,,,,,,,,,,,,,,,,,,,,,,,,,,,,,,,,,,,,,,,,,,,,,,,,,,,,,,,,,,,,,,,,,,,,,,,,,,,,,,,,,,,,,,,,,,,,,,,,,,,,,,,,,,,,,,,,,,,,,,,,,,,,,,,,,,,,,,,,,,,,,,,,,,,,,,,,,,,,,,,,,,,,,,,,,,,,,,,,,,,,,,,,,,,,,,,,,,,,,,,,,,*/βəlˈɛɲu/,,,,*/βəlˈœɾa/,,,,,,,,,,,,,,,,,,,,,,,,,,,,,,,,,,,,,,,,,,,,,,,
R243,,,,,,,,,,,,,,,,,,,,,,,,,,,,,,,,,,,,,,,,,,,,,,,,,,,,,,,,,,,,,,,,,,,,,,,,,,,,,,,,,,,,,,,,,,,,,,,,,,,,,,,,,,,,,,,,,,,,,,,,,,,,,,,,,,,,,,,,,,,,,,,,,,,,,,,,,,,,,,,,,,,,,,,,,,,,,,,,,,,,,,,,,,,,,,,,,,,,,,,,,,,,,,,,,,,,,,,,,,,,,,,,,,,,,,,,,,,,,,,,,,,,,,,,,,,,,,,,,,,,,,,,,,,,,,,,,,,,,,,,,,,,,,,,,,,,,,,,,,,,,,,,,,,,,,,,,,,,,,,,,,,,,,,,,,,,,,,,,,,,,,,,,,,,,,,,,,,,,,,,,,,,,,,,,,,,,,,,,,,,,,,,,,,,,,,,,,,,,,,,,,,,,,,,,,,,,,,,,,,,,,,,,,,,,,,,,,,,,,,,,,,,,,,,,,,,,,,,,,,,,,,,,,,,,,,,,,,,,,,,,,,,,,,,,,,,,,,,,,,,,,,,,,,,,,,,,,,,,,,,,,,,,,,,,,,,,,,,,,,,,,,,,,,,,,,,,,,,,,,,,,,,,,,,,,,,,,,,,,,,,,,,,,,,,,,,,,,,,,,,,,,,,,,,,,,,,,,,,,,,,,,,,,,,,,,,,,,,,,,,,,,,,,,,,,,,,,,,,,,,,,,,,,,,,,,,,,,,,,,,,,,,,,,,,,,,,,,,,,,,,,,,,,,,,*/pəlˈumbu/,,,,*/pəlˈat͡ʃu/,,,,,,,,,,,,,,,,,,,,,,,,,,,,,,,,,,,,,,,,,,,,,,,,,,,,,,,,,,,,,,,,,,,,,,,,,,,,,,,,,,,,,,,,,,,,,,,,,,,,,,,,,,,,,,,,,,,,,,,,,,,,,,,,,,,,,,,,,,,,,,,,,,,,,,,,,,,,,,,,,,,,,,,,,,,,,,,,,,,,,,,,,,,,,,,,,,,,,,,,,,,,,,,,,,,,,,,,,,,,,,,,,,,,,,,,,,,,,,,,,,,,,,,,,,,,,,,,,,,,,,,,,,,,,,,,,,,,,,,,,,,,,,,,,,,,,,,,,,,,,,,,,,,,,,,,,,,,,,,,,,,,,,,,,,,,,,,,,,,,,,,,,,,,,,,,,,,,,,,,,,,,,,,,,,,,,,,,,,,,,,,,,,,,,,,,,,,,,,,,,,,,,,
R244,,,,,,,,,,,,,,,,,,,,,,,,,,,,,,,,,,,,,,,,,,,,,,,,,,,,,,,,,,,,,,,,,,,,,,,,,,,,,,,,,,,,,,,,,,,,,,,,,,,,,,,,,,,,,,,,,,,,,,,,,,,,,,,,,,,,,,,,,,,,,,,,,,,,,,,,,,,,,,,,,,,,,,,,,,,,,,,,,,,,,,,,,,,,,,,,,,,,,,,,,,,,,,,,,,,,,,,,,,,,,,,,,,,,,,,,,,,*/ɡəlːnˈat͡ʃa/,,,,,,*/ɟəmˈɔɲu/,*/ɟəɾ̃ˈija/,,,,,,,,,,,,,,,,,,,,,,,,,,,,,,,,,,,,,,,,,,,,,,,,,,,,,,,,,,,,,,,,,,,,,,,,,,,,,,,,,,,,,,,,,,,,,,,,,*/ɟəɾˈɔɲu/,,,,,,*/kəlˈanda/,,,,,,,,,,*/kəmˈiʃa/,,*/kəndˈela/,,,*/kənːˈata/,*/kənːˈetu/,*/kəntˈɔɲu/,,,,,,,,,,,,,,,,,,,,,,,,,,,,,,,,,,,,,,,,*/cəɾtˈɔɲu/,,,,,,,,,,,,,,,,,,,,,,,,,,,,,,,,,,,,,,,,,,,,,,,,,,,,,,,,,,,,,,,,,,,,,,,,,,,,,,,,,,,,,,,,,,,,,,,,,,,,,,,,,,,,*/cəɾˈɔɲu/,,*/kəɾɾˈiɡa/,*/kəɾɾˈeʃma/,,*/cəɾˈɔɲu/,,,,,,,,,,,,,,,,,,,,,,,,,,,,,,,,,,,,,,,,,,,,,,,,,,,,,,,,,,,,,,,,,,,,,,,,,,,,,,,,,,,,,,,,,,,,,,,,,,,,,,,,,,,,,,,,,,,,,,,,,,,,,,,,,,,,,,,,,,,,,,,,,,,,,,,,,,,,,,,,,,,,,,,,,,,,,,,,,,,,,,,,,,,,,,,,,,,,,,,,,,,,,,,,,,,,,,,,,,,,,,,,,,,,,,,,,,,,,,,,,,,,,,,,,,,,,,,,,,,,,,,,,,,,,,,,,,,,,,,,,,,,,,,,,,,,,,,,,,,,,,,,,,,,,,,,,,,,,,,,,,,,,,,,,,,,,,,,,,,,,,,,,,,,,,,,,,,,,,,,,,,,,,,,,,,,,,,,,,,,,,,,,,,,,,,,,,,,,,,,,,,,,,,,,,,,,,,,,,,,,,,,,,,,,,,,,,,,,,,,,,,,,,,,,,,,,,,,,,,,,,,,,,,,,,,,,,,,,,,,,,,,,,,,,,,,,,,,,,,,,,,,,,,,,,,,,,,,,,,,,,,,,,,,,,,,,,,,,,,,,,,,,,,,,,,,,,,,,,,,,,,,,,,,,,,,,,,,,,,,,,,,,,,,,,,,,,,,,,,,,,,,
R245,,,,,,,,,,,,,,,,,,,,,,,,,,,,,,,,,,,,,,,,,,,,,,,,,,,,,,,,,,,,,,,,,*/bˈiʃa/,,,,,,,,,,,,,,,,,,,,,,,,,,,,,,,,,,,,,,,,,,,,,,,,,,,,,,,,,,,,,,,,,,,,,,,,,,,,,,,,,,,,,,,,,,,,,,,,,,,,,,,,,,,,,,,,,,,,,,,,,,,,,,,,,,,,,,,,,,,,,,,,,,,,,,,,,,,,,,,,,,,,,,,,,,,,,,,,,,,,,,,,,,,,,,,,,,,,,,,,,,,,,,,,,,,,,,,,,,,,,,,,,,,,,,,,,,,,,,,,,,,,,,,,,,,,,,,,,,,,,,,,,,,,,,,,,,,,,,,,,,,,,,,,,,,,,,,,,,,,,,,,,,,,,,,,,,,,,,,,,,,,,,,,,,,,,,,,,,,,,,,,,,,,,,,,,,,,,,,,,,,,,,,,,,,,,,,,,,,,,,,,,,,,,,,,,,,,,,,,,,,,,,,,,,,,,,,,,,,,,,,,,,,,,,,,,,,,,,,,,,,,,,,,,,,,,,,,,,,,,,,,,,,,,,,,,,,,,,,,,,,,,,,,,,,,,,,,,,,,,,,,,,,,,,,,,,,,,,,,,,,,,,,,,,,,,,,,,,,,,,,,,,,,,,,,,,,,,,,,,,,,,,,,,,,,,,,,,,,,,,,,,,,,,,,,,,,,,,,,,,,,,,,,,,,,,,,,,,,,,,,,,,,,,,,,,,,,,,,,,,,,,,,,,,,,,,,,,,,,,,,,,,,,,,,,,,,,,,,,,,,,,,,,,,,,,,,,,,,,,,,,,,,,,,,,,,,,,,,,,,,,,,,,,,,,,,,,,,,,,,,,,,,,,,,,,,,,,,,,,,,,,,,,,,,,,,,,,,,,,,,,,,,,,,,,,,,,,,,,,,,,,,,,,,,,,,,,,,,,,,,,,,,,,,,,,,,,,,,,,,,,,,,,,,,,,,,,,,,,,,,,,,,,,,,,,,,,,,,,,,,,,,,,,,,,,,,,,,,,,,,,,,,,,,,,,,,,,,,,,,,,,,,,,,,,,,,,,,,,,,,,,,,*/tˈiʃa/,,,,,,,,,,,,,,,,,,,,,,,,,,,,,,,,,,,,,,,,,,,,,,,,,,,,,,,,,,,,,,,,,,,,,,,,,,,,,,*/βˈɛʃu/,,,,,,,,,,,,,,,,,,,,,,,,,,,,,
R246,,,,,,,,,,,,,,,,,,,,,,,,,,,,,,,,,,,,,,,,,,,,,,,,,,,,,,,,,,,,,,,,,,,,,,,,,,,,,,,,,,,,,,,,,,,,,,,,,,,,,,,,,,,,,,,,,,,,,,,,,,,,,,,,,,,,,,,,,,,,,,,,,,,,,,,,,,,,,,,,,,,,,,,,,,,,,,,,,,,,,,,,,,,,,,,,,,,,,,,,,,,,,,,,,,,,,,,,,,,,,,,,,,,,,,,,,,,,,,,,,,,,,,,,,,,,,,,,,,,,,,,,,,,,,,,,,,,,,,,,,,,,,,,,,,,,,,,,,,,,,,,,,,,,,,,,,,,,,,,,,,,,,,,,,,,,,,,,,,,,,,,,,,,,,,,,,,,,,,,,,,,,,,,,,,,,,,,,,,,,,,,,,,,,,,,,,,,,,,,,,,,,,,,,,,,,,,,,,,,,,,,,,,,,,,,,,,,,,,,,,,,,,,,,,,,,,,,,,,,,,,,,,,,,,,,,,,,,,,,,,,,,,,,,,,,,,,,,,,,,,,,,,,,,,,,,,,,,,,,,,,,,,,,,,,,,,,,,,,,,,,,,,,,,,,,,,,,,,,,,,,,,,,,,,,,,,,,,,,,,,,,,,,,,,,,,,,,,,,,,,,,,,,,,,,,,,,,,,,,,,,,,,,,,,,,,,,,,,,,,,,,,,,,,,,,,,,,,,,,,,,,,,,,,,,,,,,,,,,,,,,,,,,,,,,,,,,,,,,,,,,,*/pˌɛntˈɛt͡ʃa/,,,,,,,,,,,,,,,,,,,,,,,,,,,,,,,,,,,,,,,,,,,,,,,,,,,,,,,,,,,,,,,,,,,,,,,,,,,,,,,,,,,,,,,,,,,,,,,,,,,,,,,,,,,,,,,,,,,,,,,,,,,,,,,,,,,,,,,,,,,,,,,,,,,,,,,,,,,,,,,,,,,,,,,,,,,,,,,,,,,,,,,,,,,,,,,,,,,,,,,,,,,,,,,,,,,,,,,,,,,,,,,,,,,,,,,,,,,,,,,,,,,,,,,,,,,,,,,,,,,,,,,,,,,,,,,,,,,,,,,,,,,,,,,,,,,,,,,,,,,,,,,,,,,,,*/tˈɛʃa/,,,,,,,,,,,,,,,,,,,,,,,,,,,,,,,,,,,,,,,,,,,,,,,,,,,,,,,,,,,,,,,,,,,,,,,,,,,,,,,,,,,,,,,,,,,,,,,,,,,,,,,,,,,
R247,,,,,,,,,,,,,,,,,,,,,,,,,,,,,,,,,,,,,,,,,,,,,,,,,,,,,,,,,,,,,,,,,,,,,,,,,,,,,,,,,,,,,,,,,,,,,,,,,,,,,,,,,,,*/dɪd͡ʒbˌulːˈɔɲu/,,,,,,,,,,,,,,,,,,,,,,,,,,,,,,,,*/d͡ʒmˈuʎa/,,,,,,,,,,*/d͡ʒbɪɟɪlˈɔɲu/,,,,,,,,,,,,,,,,,,,,,,,,,,,,,,,,,,,,,,,,,,,,,,,,,,,,,,,,,,,,,,,,,,,,,,,,,,,,,,,,,,,,,,,,,,,,,,,,,,,,,,,,,,,,,,,,,,,,,,,,*/əɾndd͡ʒˈɔɲu/,,,,,,,,,,,,,,,,,,,,,,,,,,,,,,,,,,,,,,,,,,,,,,,,,,,,,,,,,,,,,,,,,,,,,,,,,,,,,,,,,,,,,,,,,,,,,,,,,,,,,,,,,,,,*/kˌɑɾɾjˈɔd͡ʒə/,,,,,,,,,,,,,,,,,,,,,,,,,,,,,,,,,,,,,,,,,,,,,,,,,,,,,,,,,,,,,,,,,,,,,,,,,,,,,,,,,,,,,,,,,,,,,,,,,,,,,,,*/kˌuːtɪdd͡ʒˈɔɲu/,,,,,,*/kɾˈed͡ʒma/,*/kɾˌed͡ʒmˈɔɲu/,,,,,,,,,,,,,,,,,,,,,,,,,,,,,,,,,,,,,,,,,,,,,,,,,,,,,,,,,,,,,,,,,,,,,,,,,,,,,,,,,,,,,,,,,,,,,,,,,,,,,,,,,,,,,,,,,,,,,,,,,,,,,,,,,,,,,,,,,,,,,,,,,,,,,,,,,,,,,,,,,,,,,,,,,,,,,,,,,,,,,,,,,,,,,,,,,,,,,,,,,,,,,,,,,,,,,,,,,,,,,,,,,,,,,*/pˌaɾəˈiːd͡ʒu/,,,,,,,,,,,,,,,,,,,,,,,,,,,,,,,,,,,,,,,,,,,,,,,,,,,,,,,,,,,,,,,,,,,,,,,,,,,,,,,,,,,,,,,,,,,,,,,,,,,,,,,,,,,,,,,,,,,,,,,,,,,,,,,,,,,,,,,,,,,,,,,,,,,,,,,,,,,,,,,,,,,,,,,,,,,,,,,,,,,,,,,,,,,,,,,,,,,,,,,,,,,,,,,,*/d͡ʒɟˈebjɛ/,,,,,,,,,,,,,*/d͡ʒɟˈyɾa/,,,,,,,,,,,,,,,,,,,,,,,,,,,,,,,,,,,,,,,,,,,,,,,,,,,,,,,,,,,,,,,,,,,,,,,,,,,,,,,,,,,,,,,,*/tɾˈœːd͡ʒa/,,,,,,,,,*/tɾˌad͡ʒmɪd͡ʒˈɔɲu/,,,,,,,,,,,,,,,,,,,,,,,,,,,,,,,,,,,,,,,,,,,,,,,,,,,,,,,,,,,,,,,,,,,,,,,,,,,,,,,,,,,,,
R248,,,,,,,,,,,,,,,,,,,,,,,,,,,,,,,,,,,,,,,,,,,,,,,,,,,,,,,,,,,,,,,,,,,,,,,,,,,,,,,,,,,,,,,,,,,,,,,,,,,,,,,,,,,,,,,,,,,,,,,,,,,,,,,,,,,,,,,,,,,,,,,,,,,,,,,,,,,,,,,,,,,,,,,,,,,,,,,,,,,,,,,,,,,,,,,,,,,,,,,,,,,,,,,,,,,,,,,,,,,,,,,,,,,,,,,,,,,,,,,,,,,,,,,,,,,,,,,,,,,,,,,,,,,,,,,,,,,,,,,,,,,,,,,,,,,,,,,,,,,,,,,,,,,,,,,,,,,,,,,,,,,,,,,,,,,,,,,,,,,,,,,,,,,,,,,,,,,,,,,,,,,,,,,,,,,,,,,,,,,,,,,,,,,,,,,,,,,,,,,,,,,,,,,,,,,,,,,,,,,,,,,,,,,,,,,,,,,,,,,,,,,,,,,,,,,,,,,,,,,,,,,,,,,,,,,,,,,,,,,,,,,,,,,,,,,,,,,,*/kɾˈuðta/,,,,,,,,,,,,,,,,,,,,,,,,,,,,,,,,,,,,,,,,,,,,,,,,,,,,,,,,,,,,,,,,,,,,,,,,,,,,*/lˌuðkˈatu/,*/lˌuðcˈɛːɾbulu/,,,,,,,,,,,,,,,,,,,,,,,,,,,,,,,,,,,,,,,,,,,,,,,,,,,,,,,,,,,,,,,,,,,,,,,,,,,,,,,,,,,,,,,,,,,,,,,,,,,,,,,,,,,,*/nˈuðt͡ʃa/,,,,,,,,,,,,,,,,,,,,,,,,,,,,,,,,,,,,,,,,,,,,,,,,,,,,,,,,,,,,,,,,,,,,,,,,,,,,,,,,,,,,,,,,,,,,,,,,,,,,,,,,,,,,,,,,,,,,,,,,,,,,,,,,,,,,,,,,,,,,,,,,,,,,,,,,,,,,,,,,,,,,,,,,,,,,,,,,,,,,,,,,,,,,,,,,,,,,,,,,,,,,,,,,,,,,,,,,,,,,,,,,,,,,,,,,,,,,,,,,,,,,,,,,,,,,,,,,,,,,,,,,,,,,,,,,,,,,,,,,,,,,,,,,,,,,,,,,,,,,,,,,*/ʃˌuðtɪɾɾəɾ̃ˈija/,,,,,,,,,,,,,,,,,,,,,,,,,,,,,,,,,,,,,,,,,,,,,,,,,,,,,,,,,,,,,,,,,,,,,,,,,,,,,,,,,,,,,,,,,,,,,,,,,,,,,,,,,,,,,,,,,,,,,,,,,,,,,,,,,,,,,,
R249,,,,,,,,,,,,,,,,,,,,,,,,,,,,,,,,,,,,,,,,,,,,,,,,,,,,,,,,,,,,,,,,,,,,,,,,,,,,,,,,,,,,,,,*/dˌeːtˈɔɾɪsu/,,,,,,,,,,*/zˈaɾ̃a/,,,,,,,,,,*/dɪzbˌulːˈɔɲu/,,,,,,,,,,,,,,,,,,,,,,,,*/ʃkˌaɾzˈœɲu/,,,,,,,,*/zmˈuʎa/,,,,,,,,,,*/zbɪɟɪlˈɔɲu/,,,,,,,,,,,,,,,,,,,,,,,,,,,,,,,,,,,,,,,,,,,,,,,,,,,,,,,,,,,,,,,,,,,,,,,,,,,,,,,,,,,,,,*/ɡəlːnˈasa/,,,,*/ɡˈaːzu/,*/ɡˌaːzmˈɛntu/,,,,,,,,,,,,,,,,,,,,,,,,,,*/vɪɾnˈiza/,,,*/əɾndzˈɔɲu/,,,,,,,,,,,,,,,,,,,,,,*/nˌalsˈɔɲu/,,,,,,,,,,,,,,,,,,,,,,,,,,,,,,,,,,,,,*/mɪzˈɔɲu/,,*/mɪsˈɔɲu/,,,,,,,,,,,,,,,,,,,,,,,,,,,,,,,,,,,,,,,,,,,,,,*/kəɾpˈusu/,*/kˌɑɾɾjˈɔzə/,,,,,,,,,,,,,,,,,,,,,,,,,,,,,,,,,,,,,,,,,,,,,,,,,,,,,,,,,,,,,*/kˌuləmnˈesa/,,,,,,,,,,,,,,,,,,,,,,,,,,,,,,,,,,,,,,,,,,*/kˌuːtɪdzˈɔɲu/,,,*/kɾˌiːjˈesa/,,,*/kɾˈezma/,*/kɾˌezmˈɔɲu/,,,,,,,,,,,,,,,,,,,,,,,,*/kˌuːɾsˈœɲu/,,,,,,,,,,,,,,,,,,,,,,,,,,,,,,,,,,,,,,,,,,,,,,,,,,,,,,,,,,,,,,,,,,,,,,,*/mˌaːlːɪsˈɔla/,,,,*/mˌaːlɪsˈɔɲu/,,,,,,,,,,,,,,,,,,,*/məɾtˈesa/,,,,,,*/mˈaɾsu/,,,,,,,,,*/mənsˈuku/,,,,,*/mˈɛːzu/,,,,*/məɾɪzˈœɲu/,*/məɾˈizɛ/,,,,,,,,,,,,,,,*/mˈuzu/,,,,,,,,,,,,,,,,,,,,,,,,,,,,,,,,,,,,*/nˈuðsa/,,,,,,,,,,,,,,,,,*/ˈœːasa/,,,,,*/pˌɛntˈɛsa/,,,,,,,,,,*/pəlˈasu/,,,*/pˌaɾəˈiːzu/,,,,,,,,,,*/pəsˈɔɲu/,,,,,,,,,,,,,,,,,,,,,,,,,*/pˈɛsa/,,,,,,,,,,,,,,,,,,,,,,,,,,,,,,,,,,,,,,,,,,,,,,,,,,,,,,,,,,,,,,,,,*/pˈusu/,,,,*/rːˈeza/,,,,,,,,,,*/ˌaɾɾəsˈœɾ̃ɪ/,,,,,,,,,,,,,,,,,,,,,,,,,,,,,,,,,,,,,,,,,,,,,,,,,,*/ʃˌeːlbˈasa/,,,,,,,,,,,,,,,,,,,,,,,,,*/ʃˈisa/,,,,,*/ʃəɾbˈesu/,,,,,,,,,,,,,,*/zɟˈebjɛ/,,,,,,,,,,,,,*/zɟˈyɾa/,*/ʃkˈɔɾsa/,,,,,,,,,,,,,,,,,,,*/ʃpəɾˈesa/,,,,,,*/ʃpˈuza/,,,,,,,,,,,,,,,,,,,,,,,,,,,,,,,,,,,,,,,,,,,,,,,,,,,,,,,,,,,,,,*/tɾˈœːza/,,,,,,,,,*/tɾˌazmɪzˈɔɲu/,,,,,,,,,,,,*/tˌuɾsˈœɲu/,,,,,,,,,,,,,,,,,,,,,,,,,,,,*/βɪlˈesa/,,,,,,,,,,,,,,,,,,,,,,,,,,,,,,,,,,,,*/βˈesu/,,,,,,,,,
R250,,,,,,,,,,,,,,,,,,,,,,,,,,,,,,,,,,,,,,,,,,,,,,,,,,,,,,,,,,,,,,,,,,,,,,,,,,,,,,,,,,,,,,,,,,,,,,,,,,,,,,,,,,,,,,,,,,,,,,,,,,,,,,,,,,,,,,,,,,,,,,,,,,,,,,,,,,,,,,,,,,,,,,,,,,,,,,,,,,,,,,,,,,,,,,,,,,,,,,,,,,,,,,,,,,,,,,,,,,,,,,,,,,,,,,,,,,,,,,,,,,,,,,,,,,,,,,,,,,,,,,,,,,,,,,,,,,,,,,,,,,,,,,,,,,,,,,,,,,,,,,,,,,,,,,,,,,,,,,,,,,,,,,,,,,,,,,,,,,,,,,,,,,,,,,,,,,,,,,,,,,,,,,,,,,,,,,,,,,,,,,,,,,,,,,,,,,,,,,,,,,,,,,,,,,,,,,,,,,,,,,,,,,,,,,,,,,,,,,,,,,,,,,,,,,,,,,,,,,,,,,,,,,,,,,,,,,,,,,,,,,,,,,,,,,,,,,,,,,,,,,,,,,,,,,,,,,,,,,,,,,,,,,,,,,,,,,,,,,,,,,,,,,,,,,,,,,,,,,,,,,,,,,,,,,,,,,,,,,,,,,,,,,,,,,,,,,,,,,,,,,,,,,,,,,,,,,,,,,,,,,,,,,,,,,,,,,,,,,,,,,,,,,,,,,,,,,,,,,,,,,,,,,,,,,,,,,,,,,,,,,,,,,,,,,,,,,,,,,,,,,,,,,,,,,,,,,,,,,,,,,,,,,,,,,,,,,,,,,,,,,,,,,,,,,,,,,,,,,,,,,,,,,,,,,,,,,,,,,,,,,,,,,,,,,,,,,,,,,,,,,,,,,,,,,,,,,,,,,,,,,,,,,,,,,,,,,,,,,,,,,,,,,,,,,,,,,,,,,,,,,,,,,,,,,,,,,,,,,,,,,,,,,,,,,,,,,,,,,,,,,,,,,,,,,,,,,,,,,,,,,,,,,,,,,,,,,,,,,,,,,,,,,,,,,,,,,,,,,,,,,,,,,,,,,,,,,,,,,,,,,,,,,,,,,,,,,,,,,,,,,,,,,,,,,,,,,,,,,,,,,,,,,,,,,,,,,,,,,,,,,,,,,,,,,,,,,,,,,,,,,,,,,,,,,,,,,,,,,,,,,,,,,,,,,,,,,,,,,,,,,,,,,,,,,,,,,,,,,,
R251,,,,,,,,,,,,,,,,,,,,,,,*/əmbpətˈinu/,,,,,,,,,,,,,,,,,,,,,,,,,,,,,,,,,,,,,,,,,,,,,,,,,,,,,,,,,,,,,,,,,,,,,,,,,,,,,,,,,,,,,*/mˌuðʃtɪkˈɔɲu/,,,,,,,,,,,,,,,,,,,,,,,,,,,,,,,,,,,,,,,,,,,,,,,,,,,,,,,,,,,,,,,,,,,,,,,,,,,,,,,,,,,,,,,,,,,,,,,,,,,,,,,,,,,,,,,,,,,,,,,,,,,,,,,,,,,,,,,,,,,,,,,,,,,,,,,,,,,,,,,,,,,,,,,,,,,,,,,,,,,,,,,,,,,,,,,,,,,,,,,,,,,,,,,,,,,,,,,,,,,,,,,,,,,,,,,,,,,,,,,,,,,,,,,,,,,,,,,,,,,,,,,,,,,,,,,,,,,,,,,,,,,,,,,,,,,,,,,,,,,,,,,,,,,,,,,,,,,,,,,,,,,,,,,,,,,,,,,,,,,,,,,,,,,,,,,,,,,,,,,,,,,,,,,,,,,,,,,,,,,,,,,,,,,,,,,,,,,,,,,,,,,,,,,,,,,,,,,,,,,,,,,,,,,,,,,,,,,,,,,,,,,,,,,,,,,,,,,,,,,,,,*/lˌukttˈɔɾɪ/,,,,,,,,,,,,,,,,,,,,,,,,,,,,,,,,,,,,,,,,,,,,,,,,,,,,,,,,,,,,,,,,,,,,,,,,,,,,,,,*/mmːˈɛntu/,,,,,,,,,,,,,,,,,,,,,,,,,,,,,,,,,,,,,,,,,,,,,,,,,,,,,,,,,,,,,,,,,,,,,,,,,,,,,,,,,,,,,,,,,,,,,,,,,,,,,,,,,,,,,,,,,,,,,,,,,,,,,,,,,,,,,,,,,,,,,,,,,,,,,,,,,,,,,,,,,,,,,,,,,,,,,,,,,,,,,,,,,,,,,,,,,,,,,,,,,,,,,,,,,,,,,,,,,,,,,,,,,,,,,,,,,,,,,,,,,,,,,,,,,,,,,,,,,,,,,,,,,,,,,,,,,,,,,,,,,,,,,,,,,,,,,,,,,,,,,,,,,,,,,,,,,,,,,,,,,,,,,,,,,,,,,,,,,,,,,,,,,,,,,,,,,,,,,,,,,,,,,,,,,,*/tˈinːnkulu/,,,,,,,,,,,,,,,,,,,,,,,,,,,,,,,,,,,,,,,,,,,,,,,,,,,,,,,,,,,,,,,,,,,,,,,,,,,,,,,,,,,,,,,,,,,,,,,,,,,,
R252,*/hˌavɪɾɾˈɔ̃ɲu/,*/bˈẽŋnu/,*/bˈẽŋɲa/,*/blˈɛ̃ːɲɔ/,*/vlˈɔ̃ɾ̃a/,*/vlˌɔ̃ɲˈatɔ̃n/,*/ˌaðˌuɾˈɔ̃ɲu/,*/ˌaðəɾˈɔ̃ɲɔ/,,*/rːˈẽmɪ/,*/ʃtɪ̃mˈɔ̃ɲu/,,,*/cˈĩŋɟɪ/,,,*/ˌuʃˈũɲa/,,*/əlbə̃ɾ̃ˈɛʃu/,,,,*/ə̃mbpətˈĩnu/,*/ə̃mbulˈɔ̃ɲu/,*/mˈẽndula/,,*/ˈẽmɪta/,,*/ˈɑ̃nɟɛlu/,*/ˈẽnɟɪlu/,,*/ə̃ŋɡˈuʃtu/,*/ə̃ŋɡuːʃtˈɔ̃ɲu/,*/ə̃ntˈɔ̃ɲu/,,*/pˌaɾə̃mˈɛ̃ntu/,,,*/ʊɾˈãɾ̃a/,*/əɾɟˈɛ̃ntu/,,*/əɾmˈɔ̃ɲu/,,,*/ˌaɾɾˈĩːɲu/,,,,,,*/vˈɛ̃ntu/,*/ˌaβlə̃mˈẽntu/,,,,*/wˈũnkulu/,*/bˈalʃãmu/,,,,*/bˌaɾˈɔ̃ɾ̃ɪ/,,,*/bˌɛ̃ndkˈɔ̃ɲu/,,*/bˌĩːɲˈɔɾu/,,,,,,*/bɾˈỹma/,,,,,,,,,,*/dˈɛ̃mɑ̃ɾ̃ɪ/,*/dˌãmnˈɔ̃ɲu/,*/dˈãmnu/,*/dˌeːtˈɔ̃ɲu/,,,,*/dɪlˌiːɾˈɔ̃ɲu/,*/dɪkˌaptˈɔ̃ɲu/,*/dɪpˌɑ̃ɾ̃ɪtɾˈɔ̃ɲu/,*/dɪpəʃtˈɔ̃ɲu/,*/dɪɾə̃mˈɔ̃ɲu/,*/dɪʃˌiːɾˈɔ̃ɲu/,,,*/zˈãɾ̃a/,*/dɪɡtˈɔ̃ɲu/,*/dˈẽɲa/,*/dəɾɡˈɔ̃ɲu/,,,*/dɪʃkəˌaːlːɪkˈɔ̃ɲu/,*/dɪʃkˌaɾkˈɔ̃ɲu/,,*/dɪʃcˌyːɾtˈɔ̃ɲu/,*/dɪzbˌulːˈɔ̃ɲu/,*/mˌuðʃtɪkˈɔ̃ɲu/,,*/ðˌuɾˈɔ̃ɲu/,,*/dɾə̃nkˈɔ̃ɾ̃ɪ/,*/dɾˈĩnu/,,,*/dˌuplɪkˈɔ̃ɲu/,*/dˌuɾˈɒ̃ɲɔ/,*/hˌeðɪktˈɔ̃ɲu/,,,*/ʃˈẽmɑ̃ɾ̃a/,*/ʃˌãmtˈɔ̃ɲu/,*/ʃˌɑ̃ɾ̃ɪ̃mˈɔ̃ɲu/,*/ʃˈɛ̃mplu/,*/ʃə̃ɾ̃əɾˈɔ̃ɲu/,*/ʃˈẽɲu/,*/ʃkəˌaːlːɪkˈɔ̃ɲu/,*/ʃkˌalˠˈɔ̃ɲu/,*/ʃkˌãmbˈɔj̃ɲu/,*/ʃkˌãndˈẽɲu/,*/ʃkˌaɾzˈœ̃ɲu/,*/ʃkˌaɾtˈɔ̃ɲu/,*/ʃkˌatɪɾɾˈɔ̃ɲu/,*/ʃkˌaːðɪkˈɔ̃ɲu/,,,*/ʃkˌuːɾtˈɔ̃ɲu/,,,,*/ʃpɪðɪtˈɔ̃ɲu/,,*/ʃpɪlːˈãːɲu/,*/ʃpɪɾlˈãːɲu/,*/hˌɛɾə̃mˈɔ̃ɲu/,*/ʃtɪ̃ɾ̃ˈɔ̃ɲu/,,*/ʃˌũŋɡulˈɔ̃ɲu/,*/zbɪɟɪlˈɔ̃ɲu/,,,,,,*/rːˌaðɪkˈɔ̃ɲu/,*/rːə̃mˈitu/,,,,*/wə̃nɟˈilu/,*/əˈœːj̃ɲu/,,*/fˌaːɾkˈɔ̃ɲu/,,*/fˌɐʎˈẽɲu/,*/fəlːˈẽɲu/,,*/fəˈœ̃ːɲu/,*/fəlcˈĩɲa/,*/fˌaːlkˈɔ̃ɾ̃ɪ/,,,*/fˈãma/,*/fˌãmˈiʎa/,*/fˈãmulu/,*/fˈãnɡɔ/,*/fəɾə̃ɾ̃ˈɔ̃ɲu/,*/fəɾə̃ɾ̃ˈata/,,,,,,,*/fˈẽmɑ̃ɾ̃a/,*/fɪ̃ɾ̃ˈɛːʃtɾa/,,,*/fjˈɔ̃ɲu/,,*/fɪʎˈãɾ̃u/,,,,,*/fəɾɡlˈĩnu/,,*/fˌiːʃtulˈɔ̃ɲu/,,,*/flˈãmɲa/,,,*/flˌɔɾˈĩnu/,*/flˌuktulˈɔ̃ɲu/,,,,,,*/fˌuɾtˈũna/,,,,*/fɾˈɑ̃nku/,*/fɾˌɑ̃ncˈiɑ/,*/fɾˈẽɾ̃a/,*/fɾˈẽɾ̃u/,*/fɾˌiɡˈɔ̃ɲu/,*/fɾˌiɡulˈɔ̃ɲu/,*/fɾˌikˈɔ̃ɲu/,,,,*/fˌɔ̃nːˈeɾu/,*/fˈũndu/,,,,,,,,,,,,,,*/ɡˌaːzmˈɛ̃ntu/,*/ɟə̃mˈɔ̃ɲu/,*/ɟə̃ɾ̃ˈija/,,*/ɟˈĩntɪ/,,,*/ɡlˈɛ̃mu/,,*/ɡlə̃mːəɾˈata/,,,,,*/ɡɾˈĩmu/,,*/ɡɾˌũmulˈɔ̃ɲu/,*/ɡɾˈũmulu/,,,*/ɡˈũmma/,*/ɡˈũnːa/,,,,*/vɪɾnˈĩnu/,,*/hˈĩnːɪkula/,*/nːɪkulˈɔ̃ɲu/,*/əɾndzˈɔ̃ɲu/,,*/ˌuɾɾˈẽɲu/,*/ɟˈɔ̃ɾ̃u/,*/jˌãːnnˈeɾu/,*/ɟjə̃ɾ̃ˈɔ̃ɲu/,*/kˈɔ̃ɾ̃a/,,,,*/ə̃mpəɾˈɔ̃ɲu/,*/ə̃mpɪɾətˈeʃa/,*/pɪɾə̃ntˈeʃa/,*/ə̃mpɪɾˌætˈɔɾɪ/,*/pɪɾə̃ntˈɔɾɪ/,*/ə̃mpɪɾˌætuɾˈeʃa/,*/ə̃mpɪɾˈetu/,*/ə̃mpɪɾˈetɔɾ/,*/ə̃mplə̃ntˈɔ̃ɲu/,*/ə̃mplˈɔ̃ɲu/,*/ə̃mmˈũnɪ/,,*/nˌalsˈɔ̃ɲu/,,*/nˌaːɾtˈɔ̃ɲu/,*/ə̃nbˌurːˈãɾ̃u/,*/ə̃ndɪʃpkˈɔ̃ɲu/,*/ˌɪ̃ndˌiːkˈɔ̃ɲu/,*/ə̃ndɪkˈɔ̃ɲu/,*/ə̃ndɪktˈɔ̃ɲu/,*/ə̃ndɪɾɪtˈɔ̃ɲu/,*/ə̃ndɪɾˈecu/,*/ə̃ndəʎˈẽɲu/,*/fˌaʃcˈɔ̃ɲu/,,*/ə̃ŋɡə̃nɲˈẽɲu/,*/ə̃ŋɡɾˈata/,*/ˌɑ̃ːɾ̃ɪ̃mˈiku/,*/ə̃nkəˌaːlːɪkˈɔ̃ɲu/,*/ə̃nkˌaɾkˈɔ̃ɲu/,*/ə̃nkˌaːʃə̃ɾ̃ˈɔj̃ɲu/,*/ə̃nkɲɪɾˈɔ̃ɲu/,*/ə̃nkˌuːʃəlˈɔ̃ɲu/,*/ə̃nkˈɔɾðu/,,,*/ə̃nkˌũːɲˈɔ̃ɲu/,,,*/ə̃npɪkˈatu/,*/ə̃npɪʃˈɔ̃ɲu/,*/ʃˈẽɲa/,,*/ə̃ntɪlːɪɡˈɔ̃ɲu/,*/ə̃ntɪɾɡˈɔ̃ɲu/,*/ə̃ntɪɾ/,*/ə̃ntɲˈɔ̃ɲu/,,,*/mɪzˈɔ̃ɲu/,*/βɪtˈɔ̃ɲu/,*/mɪsˈɔ̃ɲu/,*/ɟˈɔãnːɪ/,,,*/ɟˌyðɪkˈɔ̃ɲu/,,,*/ɟˌỹːntˈyɾa/,*/ɟˈỹntu/,*/ɟəɾˈɔ̃ɲu/,*/ɟˌuːvˈɛ̃nka/,,,*/kˌalə̃mˈetu/,*/kˈalãmu/,*/kəlˈãnda/,*/kˌalə̃ndˈɔɾu/,,,,*/kˈãmba/,*/kˌãmbˈɔj̃ɲu/,*/cˈẽmɪɾa/,*/kˌãmpˈãɾ̃a/,*/kˌãmpˈɔ̃ɾ̃a/,*/kə̃mˈiʃa/,*/kˈãɾ̃apɪ/,*/kə̃ndˈela/,*/cˈẽɾ̃ɪ/,*/kˈãnːa/,*/kə̃nːˈata/,*/kə̃nːˈetu/,*/kə̃ntˈɔ̃ɲu/,*/kˈãntaɾu/,*/kˈãnka/,*/kˌãncˈɛlːu/,,,,*/kˌapʃˈɔ̃ɲu/,,*/kˌaptˈĩna/,*/kˌapˈɔ̃ɾ̃ɪ/,,,,,,*/cˌeɾmɲˈɔ̃ɲu/,,,*/kˌaɾɾˌiːkulˈɔ̃ɲu/,*/kəɾʃˈãɾ̃a/,,,*/kˌaʃtˈãɲa/,*/kˌaʃtə̃ɾ̃ˈɛːtu/,,,,,,*/cˈĩntɪ/,*/cˈɛ̃ntɾu/,*/cˌɛ̃ntɾˈɔ̃ɲu/,,,,,,,,*/cəɾtˈɔ̃ɲu/,*/cˈɔ̃ɲu/,*/ə̃nkˈala/,,,*/cˈĩmɪka/,*/cˌĩːmˈuʃa/,*/cˈĩŋɡula/,*/kəɾkˈɔ̃ɲu/,,,,,,*/klə̃mˈɔ̃ɲu/,*/kləɾˈɔ̃ɲu/,,,,,,,*/klə̃mˈẽntɪ/,*/klə̃mːˈuʃtu/,*/kˌuːj̃mtˈɔ̃ɲu/,*/kˌuʎɪtˈɔ̃ɲu/,*/kˌũːŋnˈatu/,,*/kəˈĩːɲu/,*/kˌulˈɔ̃ɲu/,,*/kˌulːəcˈɔ̃ɲu/,*/kˌulːɪktˈɔ̃ɲu/,*/kˌulːə̃mɪtˈɔ̃ɲu/,,*/kˌulə̃mbə̃ɾ̃ˈija/,*/kˌulə̃mnˈesa/,*/kˈũnka/,,,,,,*/kˈɔ̃ma/,*/kˌũːmmˈɛɾcju/,*/kˌũːmmə̃ɾ̃ɪkˈɔ̃ɲu/,*/kˈũmtɪɾ/,*/kˌuːpətˈɔ̃ɲu/,*/kˌuːpətˈɔ̃ɲu/,*/kˈũmtu/,*/kˌuːfˈĩɲu/,,*/kˌuːʃkɾɪptˈɔ̃ɲu/,*/kˌuːʃəɾˈĩnu/,*/kˌuːʃtˈɔ̃ɲu/,,*/kˌuːtɪ̃ntˈɔ̃ɲu/,*/kˈũntɾa/,*/kˌũːntɾˈɔlu/,*/kˌũːntɾəʃtˈɔɾu/,*/kˌũːnˈukula/,*/kˌuːvɪ̃ntˈɔ̃ɲu/,*/kˌuːvˈɛ̃ntu/,,,,,,,*/kˌuːɾˈɔ̃ɾ̃a/,,,*/kˌuːɾtˈĩna/,,*/kˌuːɾbˈĩnu/,,,*/ktˈɔ̃ɲu/,*/kˌuːtɪdzˈɔ̃ɲu/,,*/kɾˌiːjˈɔ̃ɲu/,,,,,*/kɾˌezmˈɔ̃ɲu/,,,*/kɾɪʃtˈẽɾ̃a/,,,,,,,,,,,,,*/kˈũmulu/,,*/kˈũɲu/,*/kˌũːɲˈɔ̃ɲu/,*/kˌũːntˈɔ̃ɲu/,,,*/cəɾˈɔ̃ɲu/,*/kˌuːɾsˈœ̃ɲu/,,,,*/cəɾˈɔ̃ɲu/,,,,,,,,*/cˈĩma/,,*/lɪvɪɾˈɔ̃ɲu/,,*/ləkˈɔ̃ɾ̃ɪ/,,*/lɪʃˈɔ̃ɲu/,,*/lə̃ŋɡˈɔ̃ɲu/,*/lə̃ŋɟˈyɾa/,*/lə̃ŋɟˈœɾɪ/,*/lə̃ncjˈeɾja/,,,,,*/lətˈĩnu/,*/lˈãːɲu/,,*/lˌaβdˈɔ̃ɲɔ/,,,,,*/lə̃ntˈɔ̃ɲu/,*/ʎˈɔ̃ɾ̃ɪ/,,,,,,*/lˌiːɾˈɔ̃ɲu/,,,,*/lˈĩma/,*/lə̃mˈɔ̃ɲu/,*/lˈĩnu/,*/lˈĩɲa/,,,,*/ləˈɔ̃ːɲu/,,,,*/lˌuktˈɔ̃ɲu/,,*/lˈũntɾɪ/,,,,,*/mə̃nɟˈija/,*/mˌaːʃtɪɾˈɔ̃ɲu/,,,,*/mˌaːləðɪkˈɔ̃ɲu/,,*/mə̃nʎˈɔla/,,,*/mˌaːlɪsˈɔ̃ɲu/,*/mˌaːlə̃ŋɟˈɛ̃ɲu/,,*/mˌɨ̃nˈɔ̃ɲɔ/,*/mˈãnka/,*/mə̃nkˈɔ̃ɲu/,*/mə̃npulˈɔ̃ɲu/,*/mˈãnɲa/,*/mˈãnku/,*/mˈãnka/,*/mə̃nkˈɔ̃ɲu/,*/mˈãncɑ̃ɾ̃u/,*/mˈãɲtu/,,,,,*/məɾtˈɔ̃ɲu/,*/məɾtˈɔ̃ɲu/,,,,*/məɾcˌĩːnˈetu/,,*/məɾtˈĩnu/,,,*/məɾˈũnu/,,,*/mɪʃtɪkˈɔ̃ɲu/,*/mə̃ntˈakʃu/,,*/mə̃ntɾˈikula/,*/mə̃nsˈuku/,*/mɪðɪkˈɔ̃ɲu/,,,*/mɪðɪtˈɔ̃ɲu/,,,*/mˈɛ̃nta/,*/mˈɛ̃ntɪ/,*/məɾɪzˈœ̃ɲu/,,*/məɾɡˈɔ̃ɲu/,,,*/məɾəlˈãɲa/,,*/mˌeːɾɡˈɔ̃ɲu/,,*/mˌɑ̃ːɾ̃ɪʃtɾˈɔ̃ɲu/,,*/məɾˌækulˈɔ̃ɲu/,*/məɾˈɔj̃ɲu/,,,,,,,*/mˌulˈĩnu/,*/mmːˈɛ̃ntu/,*/mˈũnaku/,,,,,,*/mˌulkˈɔ̃ɲu/,,*/mˌuɾmuɾˈɔ̃ɲu/,,,*/mˌuʃkˈɔ̃ɲa/,,,,*/məɾcˈĩɲa/,,,,,*/nˈĩnːa/,*/ə̃nkˌaɾðˌulːˈicja/,,,*/nˌẽmːə̃ɾ̃ˈɔ̃ɲu/,*/nˈɔ̃nːu/,*/nˌɔːtˈɔ̃ɲu/,,,*/nˌũməɾˈɔ̃ɲu/,*/nˈũmɪɾu/,,,,,,,*/ˌulˈĩːɾ̃u/,,*/ˌuɾˈɔ̃ɲu/,,*/ˌuɾðə̃ɾ̃ˈɔ̃ɲu/,*/ˌuɾðə̃ɾ̃ˈata/,,,,*/ˌuʃtˈɔ̃ɲu/,,,,*/pˌaːlˈɔ̃ɲu/,,*/pˌɛ̃ntˈẽɲu/,*/pˌɛ̃ntˈɛsa/,*/pˌɐɡˈãɾ̃a/,,*/pˌaɡˈɔə̯̃ɲɔ/,,,*/pəlˈũmbu/,,*/pˌajtˈɔ̃ɲu/,,,,,,*/pəɾˈɔ̃ɲu/,*/pəɾˈɔ̃ɲu/,*/pˌaɾə̃ntˈɔ̃ɲu/,*/pəɾˈĩntɪ/,,,,,,*/pəsˈɔ̃ɲu/,,,,*/pˌaːlˈɔ̃ɲu/,*/pˌaːlˈɔ̃ɾ̃ɪ/,,*/pˈɛ̃ndɪka/,*/ə̃mpˈɛːðɪka/,,,*/pɪʃˈɔ̃ɲu/,,,,,*/pɪɾə̃ndulˈẽɲu/,*/ə̃ndˌulˈẽɲu/,*/pəɾpˌaɾˈɔ̃ɲu/,*/pəɾpˌaɾˈɔ̃ɲu/,*/pəɾbɪɟɪlˈɔ̃ɲu/,*/pɪʃɪkˈɔ̃ɲu/,,,,,*/pˈẽŋnu/,*/pˌeːɾtˈɔ̃ɲu/,,,,,,*/pˈẽnːa/,,,,,,,,,,*/pləcˈɛ̃ɲu/,*/plˈãnku/,*/plˈãnku/,,*/pləcˈĩnu/,,,*/plˈũmbu/,*/pˌʊlˈãnta/,,,*/pˈẽmːa/,,,,,*/pˌuɾɾə̃ɾ̃ˈija/,*/pˌuɾɾˈĩnu/,,*/pˌuʃˈɔ̃ɲu/,,,*/pˌuʃtˈɔ̃ɲu/,,,,,*/pɾəˈɔ̃ːɲu/,*/pɾəˈĩːɲu/,,*/pɾə̃məvˈeɾa/,*/pɾˈĩncɪ/,*/pɾˌiβˈɔ̃ɲɔ/,*/pɾˌɔðˈɔ̃ɲu/,*/pɾəˈuːə̯̃ɲu/,,*/pɾˌɔʃmˈɔ̃ɲu/,*/pɾə̃mːˌeːtˈɔ̃ɲu/,,,,,,,*/pˈũŋɡa/,*/pˈũɲta/,,,*/pˌutˈãɾ̃a/,,*/rːəˈɔ̃ːɲu/,,,,*/rːˈẽmɪ/,,,,,,,*/ˌaɾɾəsˈœ̃ɾ̃ɪ/,,,,,,*/rːˈẽmu/,*/rːə̃ndˈẽɲu/,*/rːɪʃˈĩna/,*/rːɪʃəɾɡˈɔ̃ɲu/,,,,*/rːˌiɡˈɔ̃ɲu/,,*/rːə̃mˈɔ̃ɲu/,,,,*/rːə̃mːˈãɾ̃u/,*/rːˈũmbu/,*/rːˈũmbulu/,,,*/rːˌɔʃpˈɔ̃ɲa/,,,*/rːˌɔtˈũnda/,*/rːə̃nˈɔ̃ɲu/,*/rːˌũnkˈɔ̃ɲu/,,,*/rːˌũmpˈɛ̃ɲu/,,,,,,*/ʃɪtˈɔ̃ɲu/,*/ʃˌaːʎɪtˈɔ̃ɲu/,,,*/ʃəkɾˈɔ̃ɲu/,,,*/ʃˈelɪ̃ncjɛ/,,*/ʃɪlˈĩna/,*/ʃɪlˈĩɲu/,*/ʃəlbˈɔ̃ɲu/,,,*/ʃəɾˈɔ̃ɲu/,*/ʃˌãntˈetɪ/,,*/ʃˌãŋɡɲˈata/,*/ʃˌũɲʃˈũɲa/,*/ʃˌãntɾnˌiːtˈetɪ/,*/ʃˈãɲtu/,*/ʃˌãɲtmɪxəˈilɔ/,*/ʃˌãntəˌãndɾˈeːjaː/,*/ʃˌãɲtəˌãndɾˈeja/,*/ʃˌãɲˈakɔ/,*/kˌalɪkʃˈãɲtu/,*/ʃˌãɲtəðɪ̃mˈitɾɪ/,*/ʃˌãɲtnɪkˈɔla/,*/ʃˌapˈɔ̃ɲu/,,,*/ʃˌeːlɪcə̃ɾ̃ˈɔɾu/,*/ʃɪɾmˈɛ̃ntu/,*/ʃətˈũnta/,,*/ʃɪkˈɔ̃ɲu/,,,,,*/ʃɪɾtˈɔ̃ɲu/,*/ʃəɾbˈẽɲu/,,,,,*/ʃɪ̃ŋnˈɔ̃ɲu/,*/ʃˈẽŋnu/,,,,*/ʃɪ̃məlˈɔj̃ɲu/,*/ʃɪ̃mələtˈyɾa/,*/ʃˈĩnu/,,,,,*/ʃkˈãmnu/,*/ʃcˈẽmnɪ/,*/ʃkˈãndulu/,*/ʃcjˈɛ̃nt͡sa/,*/ʃcˌẽntˈiʎa/,,,,,,,,,*/ʃkɾˈuə̯̃ɲu/,,*/ʃkˈũma/,,,,,,,,*/ʃˌulˈãɾ̃u/,,,,,,,,,*/ʃpəɾˈɔj̃ɲu/,*/ʃpˈĩna/,,,*/ʃplə̃ɾ̃ˈɛtka/,,,,*/ʃtˈãmnu/,*/ʃtˈãnku/,,,,*/ʃtɾˈãmbu/,*/ʃtɾˈẽmbɑ̃ɾ̃u/,,,*/ʃtɾˈẽɲtu/,*/ʃtɾə̃ŋɡˈɔ̃ɲu/,,*/ʃtˌupˈɔ̃ɲu/,,,*/ʃəˈɔ̃ːɲu/,,*/ʃˌũməɾˈitka/,*/ʃˌuɾˌaːkˈɔ̃ɲu/,*/ʃˌuðtɪɾɾə̃ɾ̃ˈija/,*/ʃˌufɪɾˈẽɲu/,,*/ʃˌujtˈɔ̃ɲu/,*/ʃˈũmma/,,,,*/ʃˌiːɾˈĩnɡa/,,,*/tˌatˈɔ̃ɲu/,,,,,,,,,,,*/tˈɛ̃nda/,,,,,,*/ə̃ntɪʃtmˈɔ̃ɲu/,*/tɪ̃mˈɔ̃ɾ̃ɪ/,*/tɪ̃mˈœɾɪ/,*/tˈĩna/,*/tˈẽɲa/,*/tˈĩnka/,*/tˈĩnːnkulu/,,*/tˌukˈɔ̃ɲu/,,,,,,*/tɾəˈɔ̃ːɲu/,,*/tɾˌajtˈɔ̃ɲu/,,*/tɾˌaʃflˈɔ̃ɲu/,*/tɾˌaʃɪɡˈɔ̃ɲu/,,*/tɾˌazmɪzˈɔ̃ɲu/,,,,*/tɾə̃mɪʃˈãɾ̃a/,*/tɾˈĩna/,,*/tɾˌyðɪkulˈĩɲu/,,*/tɾˈũmba/,*/tɾˌuʃkˈœ̃ːɲu/,*/tɾˈũnku/,*/tˌuɾsˈœ̃ɲu/,,,*/tˈũmba/,*/tˈũmulu/,*/tˈũndu/,,*/tˌuɾbˈɔ̃ɲu/,*/tˌuɾbulˈɔ̃ɲu/,,,,,,,*/ˌũnkˈɔ̃ɲu/,*/ˌỹntˈyɾa/,,*/ˌuɾəlˈĩɲu/,*/ˌutɾˈĩnu/,*/βˌɐɡˈɔ̃ɲu/,,*/βəlˈɛ̃ɲu/,*/βˌɐʎˈẽɲu/,*/βəˈœ̃ːɲu/,,,,,,*/βɪ̃ɾ̃ˈẽɾ̃a/,*/βɪ̃ɾ̃ˈẽɾ̃u/,*/βˈɛ̃ɲu/,*/βɪtɪlˈɔ̃ɲu/,,,,,*/βəɾʃˈɔ̃ɲu/,*/βɪʃkˈɔj̃ɲu/,,,,*/βɪʃtɡˈɔ̃ɲu/,,,,,*/mə̃nɟˈilaj/,,*/βɪcˈĩnu/,,,,*/βˌĩːɲˈalu/,*/mə̃nɟˈilu/,,*/βəɾɡˈãɾ̃u/,,,,*/βɪʃtˈɔ̃ɲu/,,,,,,,*/βˈuə̯̃ɲu/,,,*/βˌulə̃ntˈetɪ/,*/βˈɔ̃mɪ/,
R253,,,,,,,,,,,,,,,,,,*/ˈalbɐɾ̃u/,,,,,,,,,,,,,,,,,,,,,,,,,,,,,,,*/ʃpˈaɾɐɡu/,,,,,,,,*/bˈalʃɐmu/,,,,,,,,,,,,,,,,,,,,,,,,,*/dˈɛ̃mɐɾ̃ɪ/,,,,,,,,,,,,,,,,,,,,,,,,,,,,,,,,,,,,,,,*/ʃˈẽmɐɾ̃a/,,,,,,,,,,,,,,,,,,,,,,,,,,,,,,,,,,,,,,,,,,,,,,,,,,,,,,,,,,*/fˈaɾmɐku/,,,,*/fˈaːɐʎa/,,*/fˈẽmɐɾ̃a/,,,,,,,,,,,,,,,,,,,,,,,,,,,,,*/fɾˈakʃɐɾ̃u/,,,,,,,,,,,,,,,,,,,*/ɟˈelbɐɾ̃u/,,,,,,,,,,,,,,,,,,,,,,,,,,,,,,,,,,,,,,,,,,,,,,,,,,,,,,,,,,,,,,,,,,,,,,,,,,,,,,,,,*/kˈuðɐɾ̃ɪ/,,,,,,,,,,,,,,,,,*/ɟˈɔɐnːɪ/,,,,,,,,,,,,,*/kˈalɐmu/,,,,,,,,,,,,*/kˈãɾ̃ɐpɪ/,,,,,,,*/kˈãntɐɾu/,,,,,,,,,,,,,,,,,,,,,*/cˈeʃɐɾ̃a/,,,,,,,,,,,,,,,,,,,,,,,,,,,,,,,,,,,*/klˈaːɐɾ̃u/,,,,,,,,,,,,,,,,,,,,,,,,,,,,,,,,,,,,,,,,,,,,,,,,,,,,,,,,,,,,,,,,,,,,,,,,,,,,,,,,,,,,,,,,,,,,,,,,,,,,,,,,,,,,,,,,,,,,,,,,,,,,,,,,,,,,,,,,,,,,,,,,,,,,,,,,,,,,,,,,,,,,,,,,,,,,,,,,,,*/mˈãncɐɾ̃u/,,*/mˈaɾɟɐɾ̃ɪ/,,,,,,,,,,,,,,,,,,,,,,,,,,,,,,,,,,,,,,,,,,,,,,,,,,,*/mˈũnɐku/,,,,,,,,,,,,,,,,,,,,,,,,,,,*/nˈɔɐʃtɾu/,,,,,,,,,,,,,,,,*/ˈœːɾðɐɾ̃ɪ/,,*/ˈɔːɾfɐɾ̃u/,,,*/ˈœːɐsa/,,,,,,,,,,,,,,,,,,,,,,,,,,,,,,,,,,,,,,,,*/pˈɛːpɐɾ̃ɪ/,,,,,,,,,,,,,,,,,,,,,,,,,,,,,,,,,,,,,,,,,,,,,,,,,,,,,,,,,,,,,,,,,,,,,,,,,,,,,,,,,,,,,,,,,,,,,,,,,,,,,,,,*/rːˈetɐɾ̃a/,,*/rːˈicɐɾ̃u/,,,,,,,,,,,,,,,,,,,,,,,,,,,,,,,,,,,,,,,,,,,,,,,,,,,,,,,,,,,,,,,,,,,,,,,,,,,,,,,,,,,,,,,,,,,,,,,,,,,,,,,,,,,,,,,,,,,,,,,,,,,,,,,,*/ʃtɾˈẽmbɐɾ̃u/,,,,,,,,,,,,,,,,,,,,,,,,,,,,,,,*/tˈiɡmɐɾ̃ɪ/,,,,,,,,,,,,,,,,,,,,,,,,,,,,,,,,,,,,,,,,,,,,,,,,,,,,,,,,,,,,,,,,,,,,,,,,,,,,,,,,,,,,,,,,,,,,,,,*/βˈitɐʎa/,,,,*/βˈiɾɟɐɾ̃ɪ/,,,,,,,,,,,,,,,,,
R254,,,,,,,,,,,,,,,,,,,,,,,,,,,,,,,,,,,,,,,,,,,,,,,,,,,,,,,,,,,,,,,,,,,,,,,,,,,,,,,,,,,,,,,,,,,,,,,,,,,,,,,,,,,,,,,,,,,,,,,,,,,,,,,,,,,,,,,,,,,,,,,,,,,,,,,,,,,,,,,,,,,,,,,,,,,,,,,,,,,,,,,,,,,,,,,,,,,,,,,,,,,,,,,,,,,,,,,,,,,,,,,,,,,,,,,,,,,,,,,,,,,,,,,,,,,,,,,,,,,,,,,,,,,,,,,,,,,,,,,,,,,,,,,,,,,,,,,,,,,,,,,,,,,,,,,,,,,,,,,,,,,,,,,,,,,,,,,,,,,,,,,,,,,,,,,,,,,,,,,,,,,,,,,,,,,,,,,,,,,,,,,,,,,,,,,,,,,,,,,,,,,,,,,,,,,,,,,,,,,,,,,,,,,,,,,,,,,,,,,,,,,,,,,,,,,,,,,,,,,,,,,,,,,,,,,,,,,,,,,,,,,,,,,,,,,,,,,,,,,,,,,,,,,,,,,,,,,,,,,,,,,,,,,,,,,,,,,,,,,,,,,,,,,,,,,,,,,,,,,,,,,,,,,,,,,,,,,,,,,,,,,,,,,,,,,,,,,,,,,,,,,,,,,,,,,,,,,,,,,,,,,,,,,,,,,,,,,,,,,,,,,,,,,,,,,,,,,,,,,,,,,,,,,,,,,,,*/nˈœðlu/,,,,,,,,,,,,,,,,,,,,,,,,,,,,,,,,,,,,,,,,,,,,,,,,,,,,,,,,,,,,,,,,,,,,,,,,,,,,,,,,,,,,,,,,,,,,,,,,,,,,,,,,,,,,,,,,,,,,,,,,,,,,,,,,,,,,,,,,,,,,,,,,,,,,,,,,,,,,,,,,,,,,,,,,,,,,,,,,,,,,,,,,,,,,,,,,,,,,,,,,,,,,,,,,,,,,,,,,,,,,,,,,,,,,,,,,,,,,,,,,,,,,,,,,,,,,,,,,,,,,,,,,,,,,,,,,,,,,,,,,,,,,,,,,,,,,,,,,,,,,,,,,,,,,,,,,,,,,,,,,,,,,,,,,,,,,,,,,,,,,,,,,,,,,,,,,,,,,,,,,,,,,,,,,,,,,,,,,,,,,,,,,,,,,,,,,,,,*/βlˈɛ̃ɲu/,,,,*/βlˈœɾa/,,*/βlˈesa/,,,,,,,,,,,,,,,,,,,,,,,,,,,,,,,,,,,,,,,,,,,,,
=Late Proto-Albanian II,null*/hˌavɪɾɾˈɔ̃ɲu/,null*/bˈẽŋnu/,null*/bˈẽŋɲa/,null*/blˈɛ̃ːɲɔ/,null*/vlˈɔ̃ɾ̃a/,null*/vlˌɔ̃ɲˈatɔ̃n/,null*/ˌaðˌuɾˈɔ̃ɲu/,null*/ˌaðəɾˈɔ̃ɲɔ/,null*/ˈajɾ/,null*/rːˈẽmɪ/,null*/ʃtɪ̃mˈɔ̃ɲu/,null*/ˈɛːta/,null*/ˈɛːva/,null*/cˈĩŋɟɪ/,null*/cˈiptu/,null*/cˈiptɾɪ/,null*/ˌuʃˈũɲa/,null*/ˈalbɐɾ̃u/,null*/əlbə̃ɾ̃ˈɛʃu/,null*/ˈaʎu/,null*/ˌallɪɡˈɔɾˈia/,null*/əltˈeɾɪ/,null*/ə̃mbpətˈĩnu/,null*/ə̃mbulˈɔ̃ɲu/,null*/mˈẽndula/,null*/mˈiku/,null*/ˈẽmɪta/,null*/mˈuɾɡa/,null*/ˈɑ̃nɟɛlu/,null*/ˈẽnɟɪlu/,null*/ɲˈilːa/,null*/ə̃ŋɡˈuʃtu/,null*/ə̃ŋɡuːʃtˈɔ̃ɲu/,null*/ə̃ntˈɔ̃ɲu/,null*/nˈulːa/,null*/pˌaɾə̃mˈɛ̃ntu/,null*/pɾˈilɪ/,null*/ˈaptu/,null*/ʊɾˈãɾ̃a/,null*/əɾɟˈɛ̃ntu/,null*/ˈaɾma/,null*/əɾmˈɔ̃ɲu/,null*/əɾmˈata/,null*/hˌaɾmɪʃˈɔɾu/,null*/ˌaɾɾˈĩːɲu/,null*/ˈaɾku/,null*/ˈaɾka/,null*/ˈaʃkula/,null*/ʃpˈaɾɐɡu/,null*/ˈaʃpɪɾ/,null*/vˈɛ̃ntu/,null*/ˌaβlə̃mˈẽntu/,null*/ɡˈuʃtu/,null*/rːˈœlu/,null*/ˈaːɾu/,null*/wˈũnkulu/,null*/bˈalʃɐmu/,null*/bˈalɲa/,null*/bˌaɾˈatɾu/,null*/bˈaɾka/,null*/bˌaɾˈɔ̃ɾ̃ɪ/,null*/bˌatˈaʎa/,null*/bˌatˈaʎa/,null*/bˌɛ̃ndkˈɔ̃ɲu/,null*/bˈiʃa/,null*/bˌĩːɲˈɔɾu/,null*/bˈɔla/,null*/bɾˈecɪ/,null*/bɾˈɔka/,null*/bɾˈœʃka/,null*/bɾˈœʃka/,null*/bɾˈỹma/,null*/bˌulcˈeʃu/,null*/bəˈuːlku/,null*/bəˈuːlcɪ/,null*/bˈufu/,null*/bˈulːa/,null*/bˈuka/,null*/bˈukʃu/,null*/bˈuɾɡu/,null*/bˈutɪ/,null*/dˈɛ̃mɐɾ̃ɪ/,null*/dˌãmnˈɔ̃ɲu/,null*/dˈãmnu/,null*/dˌeːtˈɔ̃ɲu/,null*/dˌeːtˈɔɾɪ/,null*/dˌeːtˈɔɾɪsu/,null*/dˌeːtˈyɾa/,null*/dɪlˌiːɾˈɔ̃ɲu/,null*/dɪkˌaptˈɔ̃ɲu/,null*/dɪpˌɑ̃ɾ̃ɪtɾˈɔ̃ɲu/,null*/dɪpəʃtˈɔ̃ɲu/,null*/dɪɾə̃mˈɔ̃ɲu/,null*/dɪʃˌiːɾˈɔ̃ɲu/,null*/dɪʃəˈiːɾa/,null*/djˈaːlu/,null*/zˈãɾ̃a/,null*/dɪɡtˈɔ̃ɲu/,null*/dˈẽɲa/,null*/dəɾɡˈɔ̃ɲu/,null*/dɪɾˈejtu/,null*/dɪ/,null*/dɪʃkəˌaːlːɪkˈɔ̃ɲu/,null*/dɪʃkˌaɾkˈɔ̃ɲu/,null*/dˈiʃka/,null*/dɪʃcˌyːɾtˈɔ̃ɲu/,null*/dɪzbˌulːˈɔ̃ɲu/,null*/mˌuðʃtɪkˈɔ̃ɲu/,null*/dˌulˈœɾɪ/,null*/ðˌuɾˈɔ̃ɲu/,null*/dɾˈecɪ/,null*/dɾə̃nkˈɔ̃ɾ̃ɪ/,null*/dɾˈĩnu/,null*/dɾˈiːʃtu/,null*/dˈucɪ/,null*/dˌuplɪkˈɔ̃ɲu/,null*/dˌuɾˈɒ̃ɲɔ/,null*/hˌeðɪktˈɔ̃ɲu/,null*/klˈiʃa/,null*/ku/,null*/ʃˈẽmɐɾ̃a/,null*/ʃˌãmtˈɔ̃ɲu/,null*/ʃˌɑ̃ɾ̃ɪ̃mˈɔ̃ɲu/,null*/ʃˈɛ̃mplu/,null*/ʃə̃ɾ̃əɾˈɔ̃ɲu/,null*/ʃˈẽɲu/,null*/ʃkəˌaːlːɪkˈɔ̃ɲu/,null*/ʃkˌalˠˈɔ̃ɲu/,null*/ʃkˌãmbˈɔj̃ɲu/,null*/ʃkˌãndˈẽɲu/,null*/ʃkˌaɾzˈœ̃ɲu/,null*/ʃkˌaɾtˈɔ̃ɲu/,null*/ʃkˌatɪɾɾˈɔ̃ɲu/,null*/ʃkˌaːðɪkˈɔ̃ɲu/,null*/ʃcˈipɪ/,null*/ʃkˈulu/,null*/ʃkˌuːɾtˈɔ̃ɲu/,null*/ʃkˈuɾtu/,null*/zmˈuʎa/,null*/ʃˈuʃu/,null*/ʃpɪðɪtˈɔ̃ɲu/,null*/ʃpˈɛjtu/,null*/ʃpɪlːˈãːɲu/,null*/ʃpɪɾlˈãːɲu/,null*/hˌɛɾə̃mˈɔ̃ɲu/,null*/ʃtɪ̃ɾ̃ˈɔ̃ɲu/,null*/ʃtɾˈyðu/,null*/ʃˌũŋɡulˈɔ̃ɲu/,null*/zbɪɟɪlˈɔ̃ɲu/,null*/lˈiɟja/,null*/pˌɛːʃkˈɔpu/,null*/pˈeʃkɔpu/,null*/wˌʊpˈeʃkpə/,null*/pɪʃkəpˈia/,null*/rːˌaðɪkˈɔ̃ɲu/,null*/rːə̃mˈitu/,null*/ˈiɾɪcju/,null*/rːɪˈyːla/,null*/ˈeʃka/,null*/wə̃nɟˈilu/,null*/əˈœːj̃ɲu/,null*/fˈaːɾka/,null*/fˌaːɾkˈɔ̃ɲu/,null*/fˈaɡu/,null*/fˌɐʎˈẽɲu/,null*/fəlːˈẽɲu/,null*/fˈaʎu/,null*/fəˈœ̃ːɲu/,null*/fəlcˈĩɲa/,null*/fˌaːlkˈɔ̃ɾ̃ɪ/,null*/fˈacje/,null*/fˌajtˈyɾa/,null*/fˈãma/,null*/fˌãmˈiʎa/,null*/fˈãmulu/,null*/fˈãnɡɔ/,null*/fəɾə̃ɾ̃ˈɔ̃ɲu/,null*/fəɾə̃ɾ̃ˈata/,null*/fˈaɾmɐku/,null*/fˈaʃca/,null*/fɪʎˈɔla/,null*/fˈatu/,null*/fˈaːɐʎa/,null*/fˌɛːɾˈɔɾu/,null*/fˈẽmɐɾ̃a/,null*/fɪ̃ɾ̃ˈɛːʃtɾa/,null*/fɪɾɾˈuʃka/,null{ABSENT},null*/fjˈɔ̃ɲu/,null*/fˈiku/,null*/fɪʎˈãɾ̃u/,null*/fˈelɪka/,null*/fɪʎˈeʃtɪɾ/,null*/fˌulːɪcˈetu/,null*/fˈilu/,null*/fəɾɡlˈĩnu/,null*/fɪʃˈikula/,null*/fˌiːʃtulˈɔ̃ɲu/,null*/flˈakula/,null*/flˈakula/,null*/flˈãmɲa/,null*/flˈaʃka/,null*/flˈɔku/,null*/flˌɔɾˈĩnu/,null*/flˌuktulˈɔ̃ɲu/,null*/fˌuʎˈata/,null*/fˌuɾmˈɛlːa/,null*/fˈuɾnɪcɪ/,null*/fˌuɾnɪcˈija/,null*/fˈɔɾtɪ/,null*/fˌuɾtˈũna/,null*/fˈuʃa/,null*/fˌuʃˈatu/,null*/fɾˈakʃɐɾ̃u/,null*/fɾˈɑ̃nku/,null*/fɾˌɑ̃ncˈiɑ/,null*/fɾˈẽɾ̃a/,null*/fɾˈẽɾ̃u/,null*/fɾˌiɡˈɔ̃ɲu/,null*/fɾˌiɡulˈɔ̃ɲu/,null*/fɾˌikˈɔ̃ɲu/,null*/flˌektˈeɾja/,null*/fɾˈytu/,null*/fˌulcˈija/,null*/fˌɔ̃nːˈeɾu/,null*/fˈũndu/,null*/fˈuɾka/,null*/fˈuɾnu/,null*/fˈuʃcɲa/,null*/fˌuʃcɲˈɔɾu/,null*/fˈuʃtulu/,null*/fˈutu/,null*/ɟˈelbɐɾ̃u/,null*/ɡˈalɡulu/,null*/ɡəlːnˈasa/,null*/ɟˈelːɪ/,null*/ɡˈata/,null*/ɡˈatu/,null*/ɡˈaːzu/,null*/ɡˌaːzmˈɛ̃ntu/,null*/ɟə̃mˈɔ̃ɲu/,null*/ɟə̃ɾ̃ˈija/,null*/ɟˈɛːʃtɾa/,null*/ɟˈĩntɪ/,null*/ɟjˈœɾɟju/,null{ABSENT},null*/ɡlˈɛ̃mu/,null*/lˈiɾɪ/,null*/ɡlə̃mːəɾˈata/,null*/ɡɾˈɛku/,null{ABSENT},null*/ɡɾˈatu/,null*/ɡɾˈiɟɪ/,null*/ɡɾˈĩmu/,null*/ɡɾəˈiːlːa/,null*/ɡɾˌũmulˈɔ̃ɲu/,null*/ɡɾˈũmulu/,null*/ɡɾˈipʃa/,null*/ɡˈula/,null*/ɡˈũmma/,null*/ɡˈũnːa/,null*/ɡˈuta/,null*/ɟˈiɾu/,null*/ʃtˈiʎa/,null*/vɪɾnˈĩnu/,null*/vɪɾnˈiza/,null*/hˈĩnːɪkula/,null*/nːɪkulˈɔ̃ɲu/,null*/əɾndzˈɔ̃ɲu/,null*/hˈœɾa/,null*/ˌuɾɾˈẽɲu/,null*/ɟˈɔ̃ɾ̃u/,null*/jˌãːnnˈeɾu/,null*/ɟjə̃ɾ̃ˈɔ̃ɲu/,null*/kˈɔ̃ɾ̃a/,null*/ˈiʎa/,null*/ˈilɪcɪ/,null*/ˈilɪcˈetu/,null*/ə̃mpəɾˈɔ̃ɲu/,null*/ə̃mpɪɾətˈeʃa/,null*/pɪɾə̃ntˈeʃa/,null*/ə̃mpɪɾˌætˈɔɾɪ/,null*/pɪɾə̃ntˈɔɾɪ/,null*/ə̃mpɪɾˌætuɾˈeʃa/,null*/ə̃mpɪɾˈetu/,null*/ə̃mpɪɾˈetɔɾ/,null*/ə̃mplə̃ntˈɔ̃ɲu/,null*/ə̃mplˈɔ̃ɲu/,null*/ə̃mmˈũnɪ/,null*/nˈalta/,null*/nˌalsˈɔ̃ɲu/,null*/nˈaltu/,null*/nˌaːɾtˈɔ̃ɲu/,null*/ə̃nbˌurːˈãɾ̃u/,null*/ə̃ndɪʃpkˈɔ̃ɲu/,null*/ˌɪ̃ndˌiːkˈɔ̃ɲu/,null*/ə̃ndɪkˈɔ̃ɲu/,null*/ə̃ndɪktˈɔ̃ɲu/,null*/ə̃ndɪɾɪtˈɔ̃ɲu/,null*/ə̃ndɪɾˈecu/,null*/ə̃ndəʎˈẽɲu/,null*/fˌaʃcˈɔ̃ɲu/,null*/fˈɛɾnu/,null*/ə̃ŋɡə̃nɲˈẽɲu/,null*/ə̃ŋɡɾˈata/,null*/ˌɑ̃ːɾ̃ɪ̃mˈiku/,null*/ə̃nkəˌaːlːɪkˈɔ̃ɲu/,null*/ə̃nkˌaɾkˈɔ̃ɲu/,null*/ə̃nkˌaːʃə̃ɾ̃ˈɔj̃ɲu/,null*/ə̃nkɲɪɾˈɔ̃ɲu/,null*/ə̃nkˌuːʃəlˈɔ̃ɲu/,null*/ə̃nkˈɔɾðu/,null*/kˈuðɪ/,null*/kˈuðɐɾ̃ɪ/,null*/ə̃nkˌũːɲˈɔ̃ɲu/,null*/nːˈɔku/,null*/nˈɔfula/,null*/ə̃npɪkˈatu/,null*/ə̃npɪʃˈɔ̃ɲu/,null*/ʃˈẽɲa/,null*/ˈiʃula/,null*/ə̃ntɪlːɪɡˈɔ̃ɲu/,null*/ə̃ntɪɾɡˈɔ̃ɲu/,null*/ə̃ntɪɾ/,null*/ə̃ntɲˈɔ̃ɲu/,null*/məɾnˈaʎa/,null*/vˈɛɾnu/,null*/mɪzˈɔ̃ɲu/,null*/βɪtˈɔ̃ɲu/,null*/mɪsˈɔ̃ɲu/,null*/ɟˈɔɐnːɪ/,null*/jˈɔkə/,null*/ˈiɾa/,null*/ɟˌyðɪkˈɔ̃ɲu/,null*/ɟˌyðɪkˈata/,null*/ɟˈyðɪcju/,null*/ɟˌỹːntˈyɾa/,null*/ɟˈỹntu/,null*/ɟəɾˈɔ̃ɲu/,null*/ɟˌuːvˈɛ̃nka/,null*/cˈɛka/,null*/cˈɛlu/,null*/kˌalə̃mˈetu/,null*/kˈalɐmu/,null*/kəlˈãnda/,null*/kˌalə̃ndˈɔɾu/,null*/cˈelɪcɪ/,null*/kəlcˈeɾja/,null*/cˈelːɪ/,null*/kˈãmba/,null*/kˌãmbˈɔj̃ɲu/,null*/cˈẽmɪɾa/,null*/kˌãmpˈãɾ̃a/,null*/kˌãmpˈɔ̃ɾ̃a/,null*/kə̃mˈiʃa/,null*/kˈãɾ̃ɐpɪ/,null*/kə̃ndˈela/,null*/cˈẽɾ̃ɪ/,null*/kˈãnːa/,null*/kə̃nːˈata/,null*/kə̃nːˈetu/,null*/kə̃ntˈɔ̃ɲu/,null*/kˈãntɐɾu/,null*/kˈãnka/,null*/kˌãncˈɛlːu/,null*/kˌapˈɛlːa/,null*/kˌapɾˈɔlu/,null*/kˌapʃˈata/,null*/kˌapʃˈɔ̃ɲu/,null*/kˌapˈeʃtɾu/,null*/kˌaptˈĩna/,null*/kˌapˈɔ̃ɾ̃ɪ/,null*/cˈepɾu/,null*/kˈaptɪ/,null*/cˈerːjɛ/,null*/kəɾpˈusu/,null*/kˌɑɾɾjˈɔzə/,null*/cˌeɾmɲˈɔ̃ɲu/,null*/kˈaɾɾa/,null*/cˈeɾɾɪ/,null*/kˌaɾɾˌiːkulˈɔ̃ɲu/,null*/kəɾʃˈãɾ̃a/,null*/kˈaɾta/,null*/cˈeʃɐɾ̃a/,null*/kˌaʃtˈãɲa/,null*/kˌaʃtə̃ɾ̃ˈɛːtu/,null*/kˌaʃtˈɛːlːa/,null*/kˌaʃtˈɛːlːu/,null*/kˈaβka/,null*/kˈaβʃa/,null*/cˈɛlla/,null*/cˈĩntɪ/,null*/cˈɛ̃ntɾu/,null*/cˌɛ̃ntɾˈɔ̃ɲu/,null*/cˈepa/,null*/cˌepˈulːa/,null*/cˌɛɾəʃˈɔɾu/,null*/kəɾˈœːlːu/,null*/kəɾˈœːɾu/,null*/cˈaɾɾu/,null*/kəɾʃˈedɾa/,null*/cəɾtˈɔ̃ɲu/,null*/cˈɔ̃ɲu/,null*/ə̃nkˈala/,null*/cˈicɪɾɪ/,null*/kˈɔɾja/,null*/cˈĩmɪka/,null*/cˌĩːmˈuʃa/,null*/cˈĩŋɡula/,null*/kəɾkˈɔ̃ɲu/,null*/kəɾcˈɛlːa/,null*/cˈaɾkulu/,null*/cˈaɾku/,null*/cˈitɾu/,null*/cˌyːtˈetɪ/,null*/klə̃mˈɔ̃ɲu/,null*/kləɾˈɔ̃ɲu/,null*/klˈaɾta/,null*/klˈaːɐɾ̃u/,null*/klˌyːtˈyɾa/,null*/klˌaːɾˈyla/,null*/kəʃˈyɾa/,null*/kləʃˈyɾa/,null*/klə̃mˈẽntɪ/,null*/klə̃mːˈuʃtu/,null*/kˌuːj̃mtˈɔ̃ɲu/,null*/kˌuʎɪtˈɔ̃ɲu/,null*/kˌũːŋnˈatu/,null*/kˌuːjɾˈi/,null*/kəˈĩːɲu/,null*/kˌulˈɔ̃ɲu/,null*/kˌulːˈaɾɪ/,null*/kˌulːəcˈɔ̃ɲu/,null*/kˌulːɪktˈɔ̃ɲu/,null*/kˌulːə̃mɪtˈɔ̃ɲu/,null*/kˌulˈɔʃtɾu/,null*/kˌulə̃mbə̃ɾ̃ˈija/,null*/kˌulə̃mnˈesa/,null*/kˈũnka/,null*/kˈɔka/,null*/kˈɔcju/,null*/kˈɔku/,null*/kˈɔkʃa/,null*/kˌɔːktˈɔɾu/,null*/kˈɔ̃ma/,null*/kˌũːmmˈɛɾcju/,null*/kˌũːmmə̃ɾ̃ɪkˈɔ̃ɲu/,null*/kˈũmtɪɾ/,null*/kˌuːpətˈɔ̃ɲu/,null*/kˌuːpətˈɔ̃ɲu/,null*/kˈũmtu/,null*/kˌuːfˈĩɲu/,null*/kˌuːʃˈilːu/,null*/kˌuːʃkɾɪptˈɔ̃ɲu/,null*/kˌuːʃəɾˈĩnu/,null*/kˌuːʃtˈɔ̃ɲu/,null*/kˈuʃulɪ/,null*/kˌuːtɪ̃ntˈɔ̃ɲu/,null*/kˈũntɾa/,null*/kˌũːntɾˈɔlu/,null*/kˌũːntɾəʃtˈɔɾu/,null*/kˌũːnˈukula/,null*/kˌuːvɪ̃ntˈɔ̃ɲu/,null*/kˌuːvˈɛ̃ntu/,null*/kˌuːpɪɾtˈyɾa/,null*/kˈɔɾbula/,null*/kˈɔɾða/,null*/kˈɔrːju/,null*/kˌuːɾnˈikulu/,null*/kˌɔːɾnˈuta/,null*/kˌuːɾˈɔ̃ɾ̃a/,null*/kˈɔɾpu/,null{ABSENT},null*/kˌuːɾtˈĩna/,null*/kˈɔɾu/,null*/kˌuːɾbˈĩnu/,null*/kˈɔɾbu/,null*/kˈɔʃu/,null*/ktˈɔ̃ɲu/,null*/kˌuːtɪdzˈɔ̃ɲu/,null*/kɾˈapulu/,null*/kɾˌiːjˈɔ̃ɲu/,null*/kɾˌiːjˈesa/,null*/kɾˌiːjətˈyɾa/,null*/kɾˈetku/,null*/kɾˈezma/,null*/kɾˌezmˈɔ̃ɲu/,null*/kɾˈeʃpa/,null*/kɾˈeʃta/,null*/kɾɪʃtˈẽɾ̃a/,null*/kɾɪʃtntˈelɪ/,null*/kɾˈiʃtu/,null*/kɾˈɔkulu/,null*/kɾˈuʃku/,null*/kɾˈucɪ/,null*/kɾˈuðta/,null*/kˈutu/,null*/kˈuɾbuta/,null*/kˈukuɾu/,null*/kˌuːkˈuːta/,null*/kˈultɾa/,null*/kˈulmɪ/,null*/kˈũmulu/,null*/kˈulmu/,null*/kˈũɲu/,null*/kˌũːɲˈɔ̃ɲu/,null*/kˌũːntˈɔ̃ɲu/,null*/kˈupu/,null*/kˈupa/,null*/cəɾˈɔ̃ɲu/,null*/kˌuːɾsˈœ̃ɲu/,null*/kəɾɾˈiɡa/,null*/kəɾɾˈeʃma/,null*/kˈɔdɾu/,null*/cəɾˈɔ̃ɲu/,null*/kˈaɾta/,null*/kˈɔɾta/,null*/kˈɔɾtu/,null*/kˌaʃˈilːu/,null*/cˌy/,null*/cˈetu/,null*/cˈyʃ/,null*/cˈĩma/,null*/cˈipɾu/,null*/lɪvɪɾˈɔ̃ɲu/,null*/lˌaːɾˈuʃka/,null*/ləkˈɔ̃ɾ̃ɪ/,null*/lˈakʃa/,null*/lɪʃˈɔ̃ɲu/,null*/lˈaku/,null*/lə̃ŋɡˈɔ̃ɲu/,null*/lə̃ŋɟˈyɾa/,null*/lə̃ŋɟˈœɾɪ/,null*/lə̃ncjˈeɾja/,null*/ləpˈatja/,null*/lˈaɾɡu/,null*/lˈaɾðu/,null*/lˈaʃu/,null*/lətˈĩnu/,null*/lˈãːɲu/,null*/ləˌaːtˈyɾa/,null*/lˌaβdˈɔ̃ɲɔ/,null*/lˈaβdɛ/,null*/lɪvɪcˈeɾu/,null*/lˈaːɾu/,null*/lˈiɟɪ/,null*/lə̃ntˈɔ̃ɲu/,null*/ʎˈɔ̃ɾ̃ɪ/,null*/lˈɛpuɾɪ/,null*/lˈɛpuʎɪ/,null*/lˈɛpɾa/,null*/lˈiːɾu/,null*/lˈibɛɾu/,null*/lˌiːɾˈɔ̃ɲu/,null*/lˌiɡətˈyɾa/,null*/lˈilːu/,null*/lˈicju/,null*/lˈĩma/,null*/lə̃mˈɔ̃ɲu/,null*/lˈĩnu/,null*/lˈĩɲa/,null*/lˌepɪtˈyɾa/,null*/lˈeʃu/,null*/lˈetɪɾa/,null*/ləˈɔ̃ːɲu/,null*/lˌucˈɛɾna/,null*/lˈukɾu/,null*/lˈukta/,null*/lˌuktˈɔ̃ɲu/,null*/lˌukttˈɔɾɪ/,null*/lˈũntɾɪ/,null*/lˌuðkˈatu/,null*/lˌuðcˈɛːɾbulu/,null*/lˈyʃtɾu/,null*/mˈɛːʃtɾu/,null*/mə̃nɟˈija/,null*/mˌaːʃtɪɾˈɔ̃ɲu/,null*/mˌaːʃtˈɛɾku/,null*/mˌajˈeɾja/,null*/mˈaju/,null*/mˌaːləðɪkˈɔ̃ɲu/,null*/mˌaːlːɪsˈɔla/,null*/mə̃nʎˈɔla/,null*/mˌɐlˈetu/,null*/mˈaʎu/,null*/mˌaːlɪsˈɔ̃ɲu/,null*/mˌaːlə̃ŋɟˈɛ̃ɲu/,null*/mˈalu/,null*/mˌɨ̃nˈɔ̃ɲɔ/,null*/mˈãnka/,null*/mə̃nkˈɔ̃ɲu/,null*/mə̃npulˈɔ̃ɲu/,null*/mˈãnɲa/,null*/mˈãnku/,null*/mˈãnka/,null*/mə̃nkˈɔ̃ɲu/,null*/mˈãncɐɾ̃u/,null*/mˈãɲtu/,null*/mˈaɾɟɐɾ̃ɪ/,null*/məɾˈija/,null*/məɾɪkˈɔʃu/,null*/məɾəlˈycju/,null*/məɾtˈɔ̃ɲu/,null*/məɾtˈɔ̃ɲu/,null*/məɾtˈesa/,null*/mˈaɾku/,null*/mˈaɾmuɾɪ/,null*/məɾcˌĩːnˈetu/,null*/mˈaɾtɪ/,null*/məɾtˈĩnu/,null*/mˈaɾsu/,null*/mˈaɾu/,null*/məɾˈũnu/,null*/mˈaʃkulu/,null*/mˈaʃa/,null*/mɪʃtɪkˈɔ̃ɲu/,null*/mə̃ntˈakʃu/,null*/mˌɑːtɾˈikə/,null*/mə̃ntɾˈikula/,null*/mə̃nsˈuku/,null*/mɪðɪkˈɔ̃ɲu/,null*/mɪðɪkˈaʃtɾu/,null*/mˈɛːðɪku/,null*/mɪðɪtˈɔ̃ɲu/,null*/mˈɛːzu/,null*/mɪʃˈœɾa/,null*/mˈɛ̃nta/,null*/mˈɛ̃ntɪ/,null*/məɾɪzˈœ̃ɲu/,null*/məɾˈizɛ/,null*/məɾɡˈɔ̃ɲu/,null*/məɾcˈeɾu/,null*/məɾkˈuɾa/,null*/məɾəlˈãɲa/,null*/mˈɛːtula/,null*/mˌeːɾɡˈɔ̃ɲu/,null*/mˈiʎa/,null*/mˌɑ̃ːɾ̃ɪʃtɾˈɔ̃ɲu/,null*/məɾˈekulu/,null*/məɾˌækulˈɔ̃ɲu/,null*/məɾˈɔj̃ɲu/,null*/mˈeʃa/,null*/mɪʃɪɾˈeɾɪ/,null*/mɪʃˈiɾa/,null*/mˈuzu/,null*/mˈɔðu/,null*/mˌulˈaɾɪ/,null*/mˌulˈĩnu/,null*/mmːˈɛ̃ntu/,null*/mˈũnɐku/,null*/mˈɔʃtɾu/,null*/mˌuɾtˈaʎa/,null*/mˈɔɾtɪ/,null*/mˈyku/,null*/mˈula/,null*/mˌulkˈɔ̃ɲu/,null*/mˈylu/,null*/mˌuɾmuɾˈɔ̃ɲu/,null*/mˈyɾu/,null*/mˌuʃcɪlˈɔɾu/,null*/mˌuʃkˈɔ̃ɲa/,null*/mˈuʃkulu/,null*/mˈyʃku/,null*/mˈuʃtu/,null*/məɾcˈĩɲa/,null*/mˈeɾɾa/,null*/nˈapa/,null*/nˌaːtˈyɾa/,null*/mˈɛːɡula/,null*/nˈĩnːa/,null*/ə̃nkˌaɾðˌulːˈicja/,null*/nˈœðu/,null*/nˈœðlu/,null*/nˌẽmːə̃ɾ̃ˈɔ̃ɲu/,null*/nˈɔ̃nːu/,null*/nˌɔːtˈɔ̃ɲu/,null*/nˈɔɐʃtɾu/,null*/nəˈɛːɾka/,null*/nˌũməɾˈɔ̃ɲu/,null*/nˈũmɪɾu/,null*/nˈuðsa/,null*/blˈata/,null*/fˈɛlːa/,null*/ˌuʎˈaʃtɾu/,null*/ˈɔːʃtɾu/,null*/ˈɔːʎu/,null*/ˌulˈĩːɾ̃u/,null*/ˈœːpɪɾa/,null*/ˌuɾˈɔ̃ɲu/,null*/ˈœːɾbu/,null*/ˌuɾðə̃ɾ̃ˈɔ̃ɲu/,null*/ˌuɾðə̃ɾ̃ˈata/,null*/ˈœːɾðɐɾ̃ɪ/,null*/ˈɔːɾnu/,null*/ˈɔːɾfɐɾ̃u/,null*/ˌuʃtˈɔ̃ɲu/,null*/ˈœːtu/,null*/ˈœːɐsa/,null*/ˈœːa/,null*/pˌaːlˈɔ̃ɲu/,null*/pəˈyːlɪ/,null*/pˌɛ̃ntˈẽɲu/,null*/pˌɛ̃ntˈɛsa/,null*/pˌɐɡˈãɾ̃a/,null*/pˌaɡətˈyɾa/,null*/pˌaɡˈɔə̯̃ɲɔ/,null*/pˈala/,null*/pˈaʎa/,null*/pəlˈũmbu/,null*/pˈacɪ/,null*/pˌajtˈɔ̃ɲu/,null*/pˈajtu/,null*/pəlˈasu/,null*/pˈaɾ/,null*/pəɾˈaːla/,null*/pˌaɾəˈiːzu/,null*/pəɾˈɔ̃ɲu/,null*/pəɾˈɔ̃ɲu/,null*/pˌaɾə̃ntˈɔ̃ɲu/,null*/pəɾˈĩntɪ/,null*/fɾˌaʃˈɔlu/,null*/fˌaʃˈɔlu/,null*/pˈaʃka/,null*/pˈaʃu/,null*/pˌaʃtɪɾˈaku/,null*/pəsˈɔ̃ɲu/,null*/pəˈyːkula/,null*/pˈaːku/,null*/pˈaːlu/,null*/pˌaːlˈɔ̃ɲu/,null*/pˌaːlˈɔ̃ɾ̃ɪ/,null*/pˈɛːðɪka/,null*/pˈɛ̃ndɪka/,null*/ə̃mpˈɛːðɪka/,null*/pˌɛːkˈulːu/,null*/pˈeʃa/,null*/pɪʃˈɔ̃ɲu/,null*/pˈɛːpɐɾ̃ɪ/,null*/pˌɛɾ/,null*/pˈɛːɾɡula/,null*/pəɾhˈœɾa/,null*/pɪɾə̃ndulˈẽɲu/,null*/ə̃ndˌulˈẽɲu/,null*/pəɾpˌaɾˈɔ̃ɲu/,null*/pəɾpˌaɾˈɔ̃ɲu/,null*/pəɾbɪɟɪlˈɔ̃ɲu/,null*/pɪʃɪkˈɔ̃ɲu/,null*/pˈɛːʃɪka/,null*/pˌɛːtɾˈeʃu/,null*/pˈɛːtɾu/,null*/pˈɛsa/,null*/pˈẽŋnu/,null*/pˌeːɾtˈɔ̃ɲu/,null*/pˈita/,null*/pˈila/,null*/pˈila/,null*/pˈila/,null*/pˈilːu/,null*/pˈẽnːa/,null*/pˈipa/,null*/pˈeʃcɪ/,null*/pɪʃkətˈɔɾɪ/,null*/bˌiːʃtˈaʎa/,null*/pɪʃtˈeɾja/,null*/pˈeta/,null*/pˈetɪku/,null*/pˈetula/,null*/plˈaɡa/,null*/pləcˈɛ̃ɲu/,null*/plˈãnku/,null*/plˈãnku/,null*/pˈaltɲa/,null*/pləcˈĩnu/,null*/plˈicu/,null*/plˈœpu/,null*/plˈũmbu/,null*/pˌʊlˈãnta/,null*/pˌulːɪkˈœːɾu/,null*/pˌulːɪcˈeɾɪ/,null*/pˈẽmːa/,null*/pˈɔɾɾu/,null*/pˈɔɾɾu/,null*/pˈɔpulu/,null*/pˈɔɾɾɪcju/,null*/pˌuɾɾə̃ɾ̃ˈija/,null*/pˌuɾɾˈĩnu/,null*/pˈɔɾta/,null*/pˌuʃˈɔ̃ɲu/,null*/pˈɔʃtɪ/,null*/pˈɔʃtɪɾɔ/,null*/pˌuʃtˈɔ̃ɲu/,null*/pˌuʃtˈetɪ/,null*/pˈɔtu/,null{ABSENT},null*/pɾˈɛða/,null*/pɾəˈɔ̃ːɲu/,null*/pɾəˈĩːɲu/,null*/pɾˈevɪtɪɾ/,null*/pɾə̃məvˈeɾa/,null*/pɾˈĩncɪ/,null*/pɾˌiβˈɔ̃ɲɔ/,null*/pɾˌɔðˈɔ̃ɲu/,null*/pɾəˈuːə̯̃ɲu/,null*/pɾˈɔkʃmu/,null*/pɾˌɔʃmˈɔ̃ɲu/,null*/pɾə̃mːˌeːtˈɔ̃ɲu/,null*/pˈulɪka/,null*/pˈulɪku/,null*/pˈulːa/,null*/pˈulːu/,null*/pˈulpa/,null*/pˈulbɛɾɪ/,null*/pˈũŋɡa/,null*/pˈũɲta/,null*/pˈupa/,null*/pˈusu/,null*/pˌutˈãɾ̃a/,null*/fˈaɾu/,null*/rːəˈɔ̃ːɲu/,null*/rːˈeza/,null*/rːəˈiːka/,null*/rːəˈiːkula/,null*/rːˈẽmɪ/,null*/rːˈapa/,null*/rːˈepɪ/,null*/rːˈapu/,null*/rːˈalu/,null*/ɾˈɑʃɑ/,null*/rːˌaʃtˈɛːlːu/,null*/ˌaɾɾəsˈœ̃ɾ̃ɪ/,null*/rːˈeva/,null*/rːɪfˈɛɾɲu/,null*/ɾˈeɟɛ/,null*/rːˈeɡulu/,null*/kˈɔʃu/,null*/rːˈẽmu/,null*/rːə̃ndˈẽɲu/,null*/rːɪʃˈĩna/,null*/rːɪʃəɾɡˈɔ̃ɲu/,null*/rːˈetɪ/,null*/rːˈeʃtɪ/,null*/rːˈetɐɾ̃a/,null*/rːˌiɡˈɔ̃ɲu/,null*/rːˈicɐɾ̃u/,null*/rːə̃mˈɔ̃ɲu/,null*/rːˈipa/,null*/rːˈɔbuɾ/,null*/rːˈɔka/,null*/rːə̃mːˈãɾ̃u/,null*/rːˈũmbu/,null*/rːˈũmbulu/,null*/rːˌufˈɛa/,null*/rːɪʃˈaʎa/,null*/rːˌɔʃpˈɔ̃ɲa/,null*/rːˈɔta/,null*/rːˈɔtulu/,null*/rːˌɔtˈũnda/,null*/rːə̃nˈɔ̃ɲu/,null*/rːˌũnkˈɔ̃ɲu/,null*/rːˈuðɪ/,null*/rːˈuɡa/,null*/rːˌũmpˈɛ̃ɲu/,null*/rːˈuʃkulu/,null*/rːˈyta/,null*/ʃəˈuːɾɾu/,null*/ʃˈɛkulu/,null*/ʃˌɐɟˈeta/,null*/ʃɪtˈɔ̃ɲu/,null*/ʃˌaːʎɪtˈɔ̃ɲu/,null*/ʃˈaɡu/,null*/ʃˈakulu/,null*/ʃəkɾˈɔ̃ɲu/,null*/ʃˈelɪcjɛ/,null*/ʃˈelɪka/,null*/ʃˈelɪ̃ncjɛ/,null*/ʃˌeːlɪcˈetu/,null*/ʃɪlˈĩna/,null*/ʃɪlˈĩɲu/,null*/ʃəlbˈɔ̃ɲu/,null*/ʃˌeːlbˈasa/,null*/ʃˌeːlbˈɛlːa/,null*/ʃəɾˈɔ̃ɲu/,null*/ʃˌãntˈetɪ/,null*/ʃˌɑ̃ɾ̃ɪtˈɔʃu/,null*/ʃˌãŋɡɲˈata/,null*/ʃˌũɲʃˈũɲa/,null*/ʃˌãntɾnˌiːtˈetɪ/,null*/ʃˈãɲtu/,null*/ʃˌãɲtmɪxəˈilɔ/,null*/ʃˌãntəˌãndɾˈeːjaː/,null*/ʃˌãɲtəˌãndɾˈeja/,null*/ʃˌãɲˈakɔ/,null*/kˌalɪkʃˈãɲtu/,null*/ʃˌãɲtəðɪ̃mˈitɾɪ/,null*/ʃˌãɲtnɪkˈɔla/,null*/ʃˌapˈɔ̃ɲu/,null*/ʃˈapu/,null*/ʃˈaɾka/,null*/ʃˌeːlɪcə̃ɾ̃ˈɔɾu/,null*/ʃɪɾmˈɛ̃ntu/,null*/ʃətˈũnta/,null*/ʃɪkɾˈetu/,null*/ʃɪkˈɔ̃ɲu/,null*/ʃˈalːa/,null*/ʃˈisa/,null*/ʃˈiɾɟju/,null*/ʃˈaɾɾa/,null*/ʃɪɾtˈɔ̃ɲu/,null*/ʃəɾbˈẽɲu/,null*/ʃəɾbˈesu/,null*/ʃəɾbɪtˈɔɾɪ/,null*/ʃəɾbɪtˈyɾa/,null*/ʃˈɛːʃu/,null*/ʃɪ̃ŋnˈɔ̃ɲu/,null*/ʃˈẽŋnu/,null*/ʃˈiː/,null*/ʃˈekla/,null*/ʃˈikula/,null*/ʃɪ̃məlˈɔj̃ɲu/,null*/ʃɪ̃mələtˈyɾa/,null*/ʃˈĩnu/,null*/ʃˈeɾpu/,null*/ʃˈita/,null*/zɟˈebjɛ/,null*/ʃkˈala/,null*/ʃkˈãmnu/,null*/ʃcˈẽmnɪ/,null*/ʃkˈãndulu/,null*/ʃcjˈɛ̃nt͡sa/,null*/ʃcˌẽntˈiʎa/,null*/ʃlˈaː/,null*/ʃklˈœpu/,null*/ʃkˈɔdɾa/,null*/ʃkˈɔla/,null*/ʃcˈœpa/,null*/ʃkˌɔːpˈetu/,null*/zɟˈyɾa/,null*/ʃkˈɔɾsa/,null*/ʃkɾˈuə̯̃ɲu/,null*/ʃkˈulka/,null*/ʃkˈũma/,null*/ʃcˈytu/,null*/ʃkˈatu/,null*/ʃˈulku/,null*/ʃˈɔka/,null*/ʃˈɔcja/,null*/ʃˈɔcju/,null*/ʃˈɔla/,null*/ʃˌulˈãɾ̃u/,null*/ʃˈɔlu/,null*/ʃˈɔɾba/,null*/ʃˈɔɾtɪ/,null*/ʃˌuɾtˈika/,null*/ʃˌuɾtɪlɪɟˈija/,null*/ʃpˈata/,null*/ʃpˈatula/,null*/ʃpəɾˈesa/,null*/ʃpəɾˈɔj̃ɲu/,null*/ʃpˈĩna/,null*/ʃpˈiɾtu/,null*/ʃpˈeʃu/,null*/ʃplə̃ɾ̃ˈɛtka/,null*/ʃpˈuza/,null*/ʃpˈɔɾta/,null*/ʃtˈaːla/,null*/ʃtˈãmnu/,null*/ʃtˈãnku/,null*/ʃtˈetɪ/,null*/ʃtˈatu/,null*/ʃtɪɾnˈaku/,null*/ʃtɾˈãmbu/,null*/ʃtɾˈẽmbɐɾ̃u/,null*/ʃtɾˈatu/,null*/ʃtɾˈiɡa/,null*/ʃtɾˈẽɲtu/,null*/ʃtɾə̃ŋɡˈɔ̃ɲu/,null*/ʃtˈupa/,null*/ʃtˌupˈɔ̃ɲu/,null*/ʃtˈuɾnu/,null*/ʃəˈiːʎa/,null*/ʃəˈɔ̃ːɲu/,null*/ʃˌulˈata/,null*/ʃˌũməɾˈitka/,null*/ʃˌuɾˌaːkˈɔ̃ɲu/,null*/ʃˌuðtɪɾɾə̃ɾ̃ˈija/,null*/ʃˌufɪɾˈẽɲu/,null*/ʃˈujta/,null*/ʃˌujtˈɔ̃ɲu/,null*/ʃˈũmma/,null*/ʃˌupɪɾkəˈeːlɪ/,null*/ʃˌuʃpˈiɾju/,null*/ʃˈuɾðu/,null*/ʃˌiːɾˈĩnɡa/,null*/tˌabˈɛlla/,null*/tˈaktu/,null*/tˌatˈɔ̃ɲu/,null*/tˈaʎa/,null*/tˈaʎa/,null*/tˈapa/,null*/tˌavˈɛɾna/,null*/tˈeːɾɪ/,null*/tˈaːɾu/,null*/tˈiɡmɐɾ̃ɪ/,null*/tˈɛːɡula/,null{ABSENT},null{ABSENT},null*/tˈɛ̃nda/,null*/təɾˈœːlːa/,null*/təɾˈœːlːa/,null*/tɪɾɾmˈœtu/,null*/tɪɾɾˈatku/,null*/tˈɛʃa/,null*/ə̃ntɪʃtmˈɔ̃ɲu/,null*/tɪ̃mˈɔ̃ɾ̃ɪ/,null*/tɪ̃mˈœɾɪ/,null*/tˈĩna/,null*/tˈẽɲa/,null*/tˈĩnka/,null*/tˈĩnːnkulu/,null*/tˈitulu/,null*/tˌukˈɔ̃ɲu/,null*/tˈɔɾkulu/,null*/tˈɔɾnu/,null*/tˈɔɾta/,null*/tɾˈœːza/,null*/tɾˈaː/,null*/tɾəˈɔ̃ːɲu/,null*/tɾˌajɪktˈɔɾu/,null*/tɾˌajtˈɔ̃ɲu/,null*/tɾˈajta/,null*/tɾˌaʃflˈɔ̃ɲu/,null*/tɾˌaʃɪɡˈɔ̃ɲu/,null*/tɾˈuə̯lu/,null*/tɾˌazmɪzˈɔ̃ɲu/,null*/tɾɪfˈɔʎa/,null*/tɾɪfˈilːu/,null*/tɾɪfˈuɾku/,null*/tɾə̃mɪʃˈãɾ̃a/,null*/tɾˈĩna/,null*/tɾˈiʃtɪ/,null*/tɾˌyðɪkulˈĩɲu/,null*/tɾˈɔkta/,null*/tɾˈũmba/,null*/tɾˌuʃkˈœ̃ːɲu/,null*/tɾˈũnku/,null*/tˌuɾsˈœ̃ɲu/,null*/tˈula/,null*/tˈufa/,null*/tˈũmba/,null*/tˈũmulu/,null*/tˈũndu/,null*/tˈuɾba/,null*/tˌuɾbˈɔ̃ɲu/,null*/tˌuɾbulˈɔ̃ɲu/,null*/tˈuɾbulu/,null*/tˈuɾma/,null*/tˈuɾpɛ/,null*/tˈuɾɾɪ/,null*/tˈuɾtuɾɪ/,null*/θˈika/,null*/ˌũnkˈɔ̃ɲu/,null*/ˌỹntˈyɾa/,null*/pˈupa/,null*/ˌuɾəlˈĩɲu/,null*/ˌutɾˈĩnu/,null*/βˌɐɡˈɔ̃ɲu/,null*/βˈaku/,null*/βlˈɛ̃ɲu/,null*/βˌɐʎˈẽɲu/,null*/βəˈœ̃ːɲu/,null*/βˈalːɪ/,null*/βlˈœɾa/,null*/βˈapa/,null*/βlˈesa/,null*/βˈelu/,null*/βɪ̃ɾ̃ˈẽɾ̃a/,null*/βɪ̃ɾ̃ˈẽɾ̃u/,null*/βˈɛ̃ɲu/,null*/βɪtɪlˈɔ̃ɲu/,null*/βˈeɾa/,null*/βɪɾtˈetɪ/,null*/βɪɾɾˈikulu/,null*/βˈɛːɾʃa/,null*/βəɾʃˈɔ̃ɲu/,null*/βɪʃkˈɔj̃ɲu/,null*/βˈeʃku/,null*/βɪʃˈika/,null*/mɪʃˈika/,null*/βɪʃtɡˈɔ̃ɲu/,null*/βˈɛʃu/,null*/βˈɛːtɪɾɪ/,null*/βˈija/,null*/βɪɟˈilaj/,null*/mə̃nɟˈilaj/,null*/βˈicja/,null*/βɪcˈĩnu/,null*/βˌiːtˈɔɾja/,null*/βˈitɐʎa/,null*/βˈilːa/,null*/βˌĩːɲˈalu/,null*/mə̃nɟˈilu/,null*/βˈiɾɟɐɾ̃ɪ/,null*/βəɾɡˈãɾ̃u/,null*/βˈeɾða/,null*/βˈeɾðɪ/,null*/βɪɾtˈytɪ/,null*/βɪʃtˈɔ̃ɲu/,null*/βˈeʃtulu/,null*/βˈeʃku/,null*/βˈesu/,null*/βɪtˈuʎa/,null*/βˈitɾɪku/,null*/βˌɛːtˈula/,null*/βˈuə̯̃ɲu/,null*/βˈɔla/,null*/βˈɔlpulu/,null*/βˌulə̃ntˈetɪ/,null*/βˈɔ̃mɪ/,null*/βˌulːəɾˈata/
R255,,,,,,,,,,,,,,,,,,,,,,,,,,,,,,,,,,,,,,,,,,,,,,,,,,,,,,,,,,,,,,,,,,,,,,,,,,,,,,,,,,,,,,,,,,,,,,,,,,,,,,,,,,,,,,,,,,,,,,,,,,,,,,,,,,,,,,,,,,,,,,,,,,,,,,,,,,,,,,,,,,,,,,,,,,,,,,,,,,,,,,,,,,,,,,,,,,,,,,,,,,,,,,,,,,,,,,,,,,,,,,,,,,,,,,,,,,,,,,,,,,,,,,,,,,,,,,,,,,,,,,,,,,,,,,,,,,,,,,,,,,,,,,,,,,,,,,,,,,,,,,,,,,,,,,,,,,,,,,,,,,,,,,,,,,,,,,,,,,,,,,,,,,,,,,,,,,,,,,,,,,,,,,,,,,,,,,,,,,,,,,,,,,,,,,,,,,,,,,,,,,,,,,,,,,,,,,,,,,,,,,,,,,,,,,,,,,,,,,,,,,,,,,,,,,,,,,,,,,,,,,,,,,,,,,,,,,,,,,,,,,,,,,,,,,,,,,,,,,,,,,,,,,,,,,,,,,,,,,,,,,,,,,,,,,,,,,,,,,,,,,,,,,,,,,,,,,,,,,,,,,,,,,,,,,,,,,,,,,,,,,,,,,,,,,,,,,,,,,,,,,,,,,,,,,,,,,,,,,,,,,,,,,,,,,,,,,,,,,,,,,,,,,,,,,,,,,,,,,,,,,,,,,,,,,,,,,,,,,,,,,,,,,,,,,,,,,,,,,,,,,,,,,,,,,,,,,,,,,,,,,,,,,,,,,,,,,,,,,,,,,,,,,,,,,,,,,,,,,,,,,,,,,,,,,,,,,,,,,,,,,,,,,,,,,,,,,,,,,,,,,,,,,,,,,,,,,,,,,,,,,,,,,,,,,,,,,,,,,,,,,,*/ɾˌiɡˈɔ̃ɲu/,,*/ɾə̃mˈɔ̃ɲu/,,,,*/ɾə̃mːˈãɾ̃u/,,,,,,,,,,,,,,,,,,,,,,,,,,,,,,,,,,,,,,,,,,,,,,,,,,,,,,,,,,,,,,,,,,,,,,,,,,,,,,,,,,,,,,,,,,,,,,,,,,,,,,,,,,,,,,,,,,,,,,,,,,,,,,,,,,,,,,,,,,,,,,,,,,,,,,,,,,,,,,,,,,,,,,,,,,,,,,,,,,,,,,,,,,,,,,,,,,,,,,,,,,,,,,,,,,,,,,,,,,,,,,,,,,,,,,,,,,,,,,,,,,,,,,,,,,,,,,,,,,,,,,,,,,,,,,
R256,,,,,,,,,,,,,,,,,,,,,,,,,,,,,,,,,,,,,,,,,,,,,,,,,,,,,,,,,,,,,,,,,,,,,,,,,,,,,,,,,,,,,,,,,,,,,,,,,,,,,,,,,,,,,,,,,,,,,,,,,,,,,,,,,,,,,,,,,,,,,,,,,,,,,,,,,,,,,,,,,,,,,,,,,,,,,,,,,,,,,,,,,,,,,,,,,,,,,,,,,,,,,,,,,,,,,,,,,,,,,,,,,,,,,,,,,,,,,,,,,,,,,,,,,,,,,,,,,,,,,,,,,,,,,,,,,,,,,,,,,,,,,,,,,,,,,,,,,,,,,,,,,,,,,,,,,,,,,,,,,,,,,,,,,,,,,,,,,,,,,,,,,,,,,,,,,,,,,,,,,,,,,,,,,,,,,,,,,,,,,,,,,,,,,,,,,,,,,,,,,,,,,,,,,,,,,,,,,,,,,,,,,,,,,,,,,,,,,,,,,,,,,,,,,,,,,,,,,,,,,,,,,,,,,,,,,,,,,,,,,,,,,,,,,,,,,,,,,,,,,,,,,,,,,,,,,,,,,,,,,,,,,,,,,,,,,,,,,,,,,,,,,,,,,,,,,,,,,,,,,,,,,,,,,,,,,,,,,,,,,,,,,,,,,,,,,,,,,,,,,,,,,,,,,,,,,,,,,,,,,,,,,,,,,,,,,,,,,,,,,,,,,,,,,,,,,,,,,,,,,,,,,,,,,,,,,,,,,,,,,,,,,,,,,,,,,,,,,,,,,,,,,,,,,,,,,,,,,,,,,,,,,,,,,,,,,,,,,,,,,,,,,,,,,,,,,,,,,,,,,,,,,,,,,,,,,,,,,,,,,,,,,,,,,,,,,,,,,,,,,,,,,,,,,,,,,,,,,,,,,,,,,,,,,,,,,,,,,,,,,,,,,,,,,,,,,,,,,,,,,,,,,,,,,,,,,,,,,,,,,,,,,,,,,,,,,,,,,,,,,,,,,,,,,,,,,,,,,,,,,,,,,,,,,,,,,,,,,,,,,,,,,,,,,,,,,,,,,,,,,,,,,,,,,,,,,,,,,,,,,,,,,,,,,,,,,,,,,,,,,,,,,,,,,,,,,,,,,,,,,,,,,,,,,,,,,,,,,,,,,,,,,,,,,,,,,,,,,,,,,,,,,,,,,,,,,,,,,,,,,,,,,,,,,,,,,,,,,,,,,,,,,,,,,,,,,,,,,,,
R257,,,,,,,,,,,,,,,,,,,,,,,,,,,,,,,,,,,,,,,,,,,,,,,,,,,,,,,,,,,,,,,,,,,,,,,,,,,,,,,,,,,,,,,,,,,,,,,,,,,,,,,,,,,,,,,,,,,,,,,,,,,,,,,,,,,,,,,,,,,,,,,,,,,,,,,,,,,,,,,,,,,,,,,,,,,,,,,,,,,,,,,,,,,,,,,,,,,,,,,,,,,,,,,,,,,,,,,,,,,,,,,,,,,,,,,,,,,,,,,,,,,,,,,,,,,,,,,,,,,,,,,,,,,,,,,,,,,,,,,,,,,,,,,,,,,,,,,,,,,,,,,,,,,,,,,,,,,,,,,,,,,,,*/ə̃ntɲˈœ̃ːɲu/,,,,,,,,,,,,,,,,,,,,,,,,,,,,,,,,,,,,,,,,,,,,,,,,,,,,,,,,,,,,,,,,,,,,,,,,,,,,,,,,,,,,,,,,,,,,,,,,,,,,,,,,,,,,,,,,,,,,,,,,,,,,,,,,,,,,,,,,,,,,,,,,,,,,,,,,,,,,,,,,,,,,,,,,,,,,,,,,,,,,,,,,,,,,,,,,,,,,,,,,,,,,,,,,,,,,,,,,,,,,,,,,,,,,,,,,,,,,,,,,,,,,,,,,,,,,,,,,,,,,,,,,,,,,,,,,,,,,,,,,,,,,,,,,,,,,,,,,,,,,,,,,,,,,,,,,,,,,,,,,,,,,,,,,,,,,,,,,,,,,,,,,,,,,,,,,,,,,,,,,,,,,,,,,,,,,,,,,,,,,,,,,,,,,,,,,,,,,,,,,,,,,,,,,,,,,,,,,,,,,,,,,,,,,,,,,,,,,,,,,,,,,,,,,,,,,,,,,,,,,,,,,,,,,,,,,,,,,,,,,,,,,,,,,,,,,,,,,,,,,,,,,,,,,,,,,,,,,,,,,,,,,,,,,,,,,,,,,,,,,,,,,,,,,,,,,,,,,,,,,,,,,,,,,,,,,,,,,,,,,,,,,,,,,,,,,,,,,,,,,,,,,,,,,,,,,,,,,,,,,,,,,,,,,,,,,,,,,,,,,,,,,,,,,,,,,,,,,,,,,,,,,,,,,,,,,,,,,,,,,,,,,,,,,,,,,,,,,,,,,,,,,,,,,,,,,,,,,,,,,,,,,,,,,,,,,,,,,,,,,,,,,,,,,,,,,,,,,,,,,,,,,,,,,,,,,,,,,,,,,,,,,,,,,,,,,,,
R258,,,,,,,,,,,,,,,,,,,,,,,,,,,,,,,,,,,,,,,,,,,,,,,,,,,,,,,,,,,,,,,,,,,,,,,,,,,,,,,,,,,,,,,,,,,,,,,,,,,,,,,,,,,,,,,,,,,,,,,,,,,,,,,,,,,,,,,,,,,,,,,,,,,,,,,,,,,,,,,,,,,,,,,,,,,,,,,,,,,,,,,,,,,,,,,,,,,,,,,,,,,,,,,,,,,,,,,,,,,,,,,,,,,,,,,,,,,,,,,,,,,,,,,,,,,,,,,,,,,,,,,,,,,,,,,,,,,,,,,,,,,,,,,,,,,,,,,,,,,,,,,,,,,,,,,,,,,,,,,,,,,,,,,,,,,,,,,,,,,,,,,,,,,,,,,,,,,,,,,,,,,,,,,,,,,,,,,,,,,,,,,,,,,,,,,,,,,,,,,,,,,,,,,,,,,,,,,,,,,,,,,,,,,,,,,,,,,,,,,,,,,,,,,,,,,,,,,,,,,,,,,,,,,,,,,,,,,,,,,,,,,,,,,,,,,,,,,,,,,,,,,,,,,,,,,,,,,,,,,,,,,,,,,,,,,,,,,,,,,,,,,,,,,,,,,,,,,,,,,,,,,,,,,,,,,,,,,,,,,,,,,,,,,,,,,,,,,,,,,,,,,,,,,,,,,,,,,,,,,,,,,,,,,,,,,,,,,,,,,,,,,,,,,,,,,,,,,,,,,,,,,,,,,,,,,,,,,,,,,,,,,,,,,,,,,,,,,,,,,,,,,,,,,,,,,,,,,,,,,,,,,,,,,,,,,,,,,,,,,,,,,,,,,,,,,,,,,,,,,,,,,,,,,,,,,,,,,,,,,,,,,,,,,,,,,,,,,,,,,,,,,,,,,,,,,,,,,,,,,,,,,,,,,,,,,,,,,,,,,,,,,,,,,,,,,,,,,,,,,,,,,,,,,,,,,,,,,,,,,,,,,,,,,,,,,,,,,,,,,,,,,,,,,,,,,,,,,,,,,,,,,,,,,,,,,,,,,,,,,,,,,,,,,,,,,,,,,,,,,,,,,,,,,,,,,,,,,,,,,*/ʃtˈuɾnɐ/,,,,,,,,,,,,*/ʃˌuʃpˈiɾjɐ/,,,,,,,,,,,,,,,,,,,,,,,,,,,,,,,,*/tˈɔɾnɐ/,,,,,,,,,,,,,,,,,,,,,,,,,,,,,,,,,,,*/tˈuɾɾɐ/,,,,,,,,,,,,,,,,,,,,,,,,,,,,,,,,,,,,,,,,,,,,,,,,,,,,,,,,,,,,,
R259,,,,,,,,,,,,,,,,,,,,,,,,,,,,,,,,,,,,,,,,,,,,,,,,,,,,,,,,,,,,,,,,,,,,,,,,,,,,,,,,,,,,,,,,,,,,,,,,,,,,,,,,,,,,,,,,,,,,,,,,,,,,,,,,,,,,,,,,,,,,,,,,,,,,,,,,,,,,,,,,,,,,,,,,,,,,,,,,,,,,,,,,,,,,,,,,,,,,,,,,,,,,,,,,,,,,,,,,,,,,,,,,,,,,,,,,,,,,,,,,,,,,,,,,,,,,,,,,,,,,,,,,,,,,,,,,,,,,,,,,,,,,,,,,,,,,,,,,,,,,,,,,,,,,,,,,,,,,,,,,,,,,,,,,,,,,,,,,,,,,,,,,,,,,,,,,,,,,,,,,,,,,,,,,,,,,,,,,,,,,,,,,,,,,,,,,,,,,,,,,,,,,,,,,,,,,,,,,,,,,,,,,,,,,,,,,,,,,,,,,,,,,,,,,,,,,,,,,,,,,,,,,,,,,,,,,,,,,,,,,,,,,,,,,,,,,,,,,,,,,,,,,,,,,,,,,,,,,,,,,,,,,,,,,,,,,,,,,,,,,,,,,,,,,,,,,,,,,,,,,,,,,,,,,,,,,,,,,,,,,,,,,,,,,,*/mˌĩnˈɔ̃ɲɔ/,,,,,,,,,,,,,,,,,,,,,,,,,,,,,,,,,,,,,,,,,,,,,,,,,,,,,,,,,,,,,,,,,,,,,,,,,,,,,,,,,,,,,,,,,,,,,,,,,,,,,,,,,,,,,,,,,,,,,,,,,,,,,,,,,,,,,,,,,,,,,,,,,,,,,,,,,,,,,,,,,,,,,,,,,,,,,,,,,,,,,,,,,,,,,,,,,,,,,,,,,,,,,,,,,,,,,,,,,,,,,,,,,,,,,,,,,,,,,,,,,,,,,,,,,,,,,,,,,,,,,,,,,,,,,,,,,,,,,,,,,,,,,,,,,,,,,,,,,,,,,,,,,,,,,,,,,,,,,,,,,,,,,,,,,,,,,,,,,,,,,,,,,,,,,,,,,,,,,,,,,,,,,,,,,,,,,,,,,,,,,,,,,,,,,,,,,,,,,,,,,,,,,,,,,,,,,,,,,,,,,,,,,,,,,,,,,,,,,,,,,,,,,,,,,,,,,,,,,,,,,,,,,,,,,,,,,,,,,,,,,,,,,,,,,,,,,,,,,,,,,,,,,,,,,,,,,,,,,,,,,,,,,,,,,,
R260,,,,,,,,,,,,,,,,,,,,,,,,*/ə̃mbulˠˈɔ̃ɲu/,,,,,*/ˈɑ̃nɟɛlˠu/,*/ˈẽnɟɪlˠu/,,,,,,,,,,,,,,,,,,,,,,,,*/rːˈœlˠu/,,*/wˈũnkulˠu/,,,,,,,,,,,,,,,,,,,,,,,,,,,,,,,,,,,,,,,,*/djˈaːlˠu/,,,,,,,,,,,,,,,,,,,,,,,,,,,,,,,,,,,,,,,,*/ʃkˈulˠu/,,,,,,,,,,,,*/ʃˌũŋɡulˠˈɔ̃ɲu/,*/zbɪɟɪlˠˈɔ̃ɲu/,,,,,,,,,,,*/wə̃nɟˈilˠu/,,,,,,,,,,,,,,,*/fˈãmulˠu/,,,,,,,,,,,,,,,,,,,,*/fˈilˠu/,,,*/fˌiːʃtulˠˈɔ̃ɲu/,,,,,,,*/flˌuktulˠˈɔ̃ɲu/,,,,,,,,,,,,,,,*/fɾˌiɡulˠˈɔ̃ɲu/,,,,,,,,,,,*/fˈuʃtulˠu/,,,*/ɡˈalɡulˠu/,,,,,,,,,,,,,,,,,,,,,,*/ɡɾˌũmulˠˈɔ̃ɲu/,*/ɡɾˈũmulˠu/,,,,,,,,,,,*/nːɪkulˠˈɔ̃ɲu/,,,,,,,,,,,,,,,,,,,,,,,,,,,,,,,,,,,,,,,,,,,*/ə̃nkˌuːʃəlˠˈɔ̃ɲu/,,,,,,,,,,,,,,,,,,,,,,,,,,,,,,,*/cˈɛlˠu/,*/kˌalˠə̃mˈetu/,*/kˈalˠɐmu/,,*/kˌalˠə̃ndˈɔɾu/,,,,,,,,,,,,,,,,,,,,,*/kˌapɾˈɔlˠu/,,,,,,,,,,,,,,*/kˌaɾɾˌiːkulˠˈɔ̃ɲu/,,,,,,,,,,,,,,,,,,,,,,,,,,,,,,,*/cˈaɾkulˠu/,,,,,,,,,,,,,,,,,,,*/kˌulˠˈɔ̃ɲu/,,,,,*/kˌulˠˈɔʃtɾu/,*/kˌulˠə̃mbə̃ɾ̃ˈija/,*/kˌulˠə̃mnˈesa/,,,,,,,,,,,,,,,,,,,,,,*/kˌũːntɾˈɔlˠu/,,,,,,,,,*/kˌuːɾnˈikulˠu/,,,,,,,,,,,,*/kɾˈapulˠu/,,,,,,,,,,,,*/kɾˈɔkulˠu/,,,,,,,,,,*/kˈũmulˠu/,*/kˈulˠmu/,,,,,,,,,,,,,,,,,,,,,,,,,,,,,,,,,,,,,,,,,,,,,,,,,,,,,,,,,,,,,,,,,,,,,*/lˌuðcˈɛːɾbulˠu/,,,,,,,,*/mˌaːlˠəðɪkˈɔ̃ɲu/,,,,,,*/mˌaːlˠə̃ŋɟˈɛ̃ɲu/,*/mˈalˠu/,,,,*/mə̃npulˠˈɔ̃ɲu/,,,,,,,,,,,,,,,,,,,,,,*/mˈaʃkulˠu/,,,,,,,,,,,,,,,,,,,,,,,,,*/məɾˈekulˠu/,*/məɾˌækulˠˈɔ̃ɲu/,,,,,,,,,,,,,,,,,*/mˈylˠu/,,,*/mˌuʃcɪlˠˈɔɾu/,,*/mˈuʃkulˠu/,,,,,,,,,,,*/nˈœðlˠu/,,,,,,,,,,,,,,,,,,,,,,,,,,,*/pˌaːlˠˈɔ̃ɲu/,,,,,,,,,*/pəlˠˈũmbu/,,,,,,,,,,,,*/fɾˌaʃˈɔlˠu/,*/fˌaʃˈɔlˠu/,,,,,,,*/pˈaːlˠu/,*/pˌaːlˠˈɔ̃ɲu/,*/pˌaːlˠˈɔ̃ɾ̃ɪ/,,,,,,,,,,,,,,,*/pəɾbɪɟɪlˠˈɔ̃ɲu/,,,,,,,,,,,,,,,,,,,,,,,,,,,,,,,,,,,,,*/pˈɔpulˠu/,,,,,,,,,,,,,,,,,,,,,,,,,,,,,,,,,,,,,,,,,,,,*/rːˈalˠu/,,,,,,,*/rːˈeɡulˠu/,,,,,,,,,,,,,,,,,*/rːˈũmbulˠu/,,,,,*/rːˈɔtulˠu/,,,,,,,*/rːˈuʃkulˠu/,,,*/ʃˈɛkulˠu/,,,,,*/ʃˈakulˠu/,,,,,,,,,,,,,,,,,,*/ʃˌãɲtmɪxəˈilˠɔ/,,,,,,,,,,,,,,,,,,,,,,,,,,,,,,*/ʃɪ̃məlˠˈɔj̃ɲu/,*/ʃɪ̃məlˠətˈyɾa/,,,,,,,,*/ʃkˈãndulˠu/,,,,,,,,,,,,,,,,,,,,,,*/ʃˈɔlˠu/,,,,,,,,,,,,,,,,,,,,,,,,,,,,,,,,,,,,,,,,,,,,,,,,,,,,,,,,,,,,,,,,,,,,,*/tˈĩnːnkulˠu/,*/tˈitulˠu/,,*/tˈɔɾkulˠu/,,,,,,,,,,,*/tɾˈuə̯lˠu/,,,,,,,,,,,,,,,,,*/tˈũmulˠu/,,,,*/tˌuɾbulˠˈɔ̃ɲu/,*/tˈuɾbulˠu/,,,,,,,,,,,,,,,,,,,,*/βˈelˠu/,,,,*/βɪtɪlˠˈɔ̃ɲu/,,,*/βɪɾɾˈikulˠu/,,,,,,,,,,,,,,,,,,*/βˌĩːɲˈalˠu/,*/mə̃nɟˈilˠu/,,,,,,,*/βˈeʃtulˠu/,,,,,,,,*/βˈɔlpulˠu/,*/βˌulˠə̃ntˈetɪ/,,
R261,,,,,,,,,,,,,,,,,,,,,,*/əltˈeːɾɪ/,*/ə̃mbpətˈĩːnu/,,,,,,,,,,,,,,,,,,,,,*/hˌaɾmɪʃˈɔːɾu/,,,,,,,,,,*/rːˈœːlˠu/,,,,,,,*/bˌaɾˈɔ̃ːɾ̃ɪ/,,,,,*/bˌĩːɲˈɔːɾu/,,,,,,,,,,,,,,,,,,,,*/dˌeːtˈɔːɾɪ/,,,,,,,,,,,,,,,,,,,,,,,*/dˌulˈœːɾɪ/,,,*/dɾə̃nkˈɔ̃ːɾ̃ɪ/,*/dɾˈĩːnu/,,,,,,,,,,,,,,,,,,,,,,,*/ʃkˈuːlˠu/,,,,,,,,,,,,,,,,,,,,,,,,*/wə̃nɟˈiːlˠu/,,,,,,,,,,*/fˌaːlkˈɔ̃ːɾ̃ɪ/,,,,,,,,,,,,,,*/fˌɛːɾˈɔːɾu/,,,,,,,,,,,*/fˈiːlˠu/,*/fəɾɡlˈĩːnu/,,,,,,,,*/flˌɔɾˈĩːnu/,,,,,,,,,,,,,,*/fɾˈẽːɾ̃u/,,,,,,,*/fˌɔ̃nːˈeːɾu/,,,,,*/fˌuʃcɲˈɔːɾu/,,,,,,,,,,,,,,,,,,*/lˈiːɾɪ/,,,,,,,,,,,,,,,*/ɟˈiːɾu/,,*/vɪɾnˈĩːnu/,,,,,,,*/ɟˈɔ̃ːɾ̃u/,*/jˌãːnnˈeːɾu/,,,,,,,,,*/ə̃mpɪɾˌætˈɔːɾɪ/,*/pɪɾə̃ntˈɔːɾɪ/,,,,,,*/ə̃mmˈũːnɪ/,,,,,,,,,,,,,,,,,,,,,,,,,,,,,,,,,,,,,,,,,,,,,,,,,,,,,*/cˈɛːlˠu/,,,,*/kˌalˠə̃ndˈɔːɾu/,,,,,,,,,,,,*/cˈẽːɾ̃ɪ/,,,,,,,,,*/kˌapɾˈɔːlˠu/,,,,,*/kˌapˈɔ̃ːɾ̃ɪ/,,,,,,,,,,,,,,,,,,,,,,,,,*/cˌɛɾəʃˈɔːɾu/,,,,,,,,,,,,,,,,,,,,,,,,,,,,,,,,,,,,,,,,,,,,,,,*/kˌɔːktˈɔːɾu/,,,,,,,,,,,*/kˌuːʃəɾˈĩːnu/,,,,,*/kˌũːntɾˈɔːlˠu/,*/kˌũːntɾəʃtˈɔːɾu/,,,,,,,,,,,,,,*/kˈɔːɾu/,*/kˌuːɾbˈĩːnu/,,,,,,,,,,,,,,,,,,,,,,,,,,,,,,,,,,,,,,,,,,,,,,,,,,,*/ləkˈɔ̃ːɾ̃ɪ/,,,,,,*/lə̃ŋɟˈœːɾɪ/,,,,,,*/lətˈĩːnu/,,,,,*/lɪvɪcˈeːɾu/,,,,*/ʎˈɔ̃ːɾ̃ɪ/,,,,,,,,,,,,*/lˈĩːnu/,,,,,,,,,,*/lˌukttˈɔːɾɪ/,,,,,,,,,,,,,,,,,,,,,,,,,,,,,,,,,,,,,,,,*/məɾtˈĩːnu/,,,*/məɾˈũːnu/,,,,,,,,,,,,,,,,,,,*/məɾcˈeːɾu/,,,,,,,,,,,*/mɪʃɪɾˈeːɾɪ/,,,,,*/mˌulˈĩːnu/,,,,,,,,,*/mˈyːlˠu/,,*/mˈyːɾu/,*/mˌuʃcɪlˠˈɔːɾu/,,,,,,,,,,,,,,,,,,,,,,,,,,,,,,,,,,,,,,,,,,,,,,,,,,,,,,,,,,,,,*/fɾˌaʃˈɔːlˠu/,*/fˌaʃˈɔːlˠu/,,,,,,,,,*/pˌaːlˠˈɔ̃ːɾ̃ɪ/,,,,,,,,,,,,,,,,,,,,,,,,,,,,,,,*/pɪʃkətˈɔːɾɪ/,,,,,,,,,,,*/pləcˈĩːnu/,,,,,,*/pˌulːɪcˈeːɾɪ/,,,,,,,*/pˌuɾɾˈĩːnu/,,,,,,,,,,,,,,,,,,,,,,,,,,,,,,,,,,,,,,,,,,,,*/ˌaɾɾəsˈœ̃ːɾ̃ɪ/,,,,,,,,,,,,,,,,,,,,,,,,,,,,,,,,,,,,,,,,,,,,,,,,,,,,,,,,,,,*/ʃˌãɲtmɪxəˈiːlˠɔ/,,,,,,,,,,*/ʃˌeːlɪcə̃ɾ̃ˈɔːɾu/,,,,,,,,,,,,*/ʃəɾbɪtˈɔːɾɪ/,,,,,,,,,,*/ʃˈĩːnu/,,,,,,,,,,,,,,,,,,,,,,,,,,,,,*/ʃˈɔːlˠu/,,,,,,,,,,,,,,,,,,,,,,,,,,,,,,,,,,,,,,,,,,,,,,,,,,,,,,,,,,,,,,,,*/tɪ̃mˈɔ̃ːɾ̃ɪ/,*/tɪ̃mˈœːɾɪ/,,,,,,,,,,,,,*/tɾˌajɪktˈɔːɾu/,,,,,,,,,,,,,,,,,,,,,,,,,,,,,,,,,,,,,*/ˌutɾˈĩːnu/,,,,,,,,,,*/βˈeːlˠu/,,*/βɪ̃ɾ̃ˈẽːɾ̃u/,,,,,,,,,,,,,,,,,,,*/βɪcˈĩːnu/,,,,,*/mə̃nɟˈiːlˠu/,,,,,,,,,,,,,,,,,,
R262,,,,,,,,,,,,,,,,,,,,,,,,,,,,,,,,,,,,,,,,,,,,,,,,,,,,,,,,,,,,,,,,,,,,,,,,,,,,,,,,,,,,,,,,,,,,,,,,,,,,,,,,,,,,,,,,,,,,,,,,,,,,,,,,,,,,,,,,,,,,,,,,,,,,,,,,,,,,,,,,,,,,,,,,,,,,,,,,,,,,,,,,,,,,,,,*/fɪʎˈãnːu/,,,,,,,,,,,,,,,,,,,,,,,,,,,,,,,,,,,,,,,,,,,,,,,,,,,,,,,,,,,,,,,,,,,,,,,,,,,,,,,,,*/ɟˈɔ̃ːnːu/,,,,,,,,,,,,,,,,,,,,,,,,,,,,,,,,,,,,,,,,,,,,,,,,,,,,,,,,,,,,,,,,,,,,,,,,,,,,,,,,,,,,,,*/cˈẽːnːɪ/,,,,,,,,,,,,,,,,,,,,,,,,,,,,,,,,,,,,,,,,,,,,,,,,,,,,,,,,,,,,,,,,,,,,,,,,,,,,,,,,,,,,,,,,,,,,,,,,,,,,,,,,,,,,,,,,,,,,,,*/kˌuːɾbˈĩːnːu/,,,,,,,,,,,,,,,,,,,,,,,,,,,,,,,,,,,,,,,,,,,,,,,,,,,,,,,,,,,,,,,,,,,,,,,,*/ʎˈɔ̃ːnːɪ/,,,,,,,,,,,,,,,,,,,,,,,,,,,,,,,,,,,,,,,,,,,,,,,,,,,,,,,,,,,,,,,,,,,,,,,,,,,,,,,,,,,,,,,,,,,,,,,,,,,,,,,,,,,,,,,,,,,,,,,,,,,,,,,,,,,,,,,,,,,,,,,,,,,,,,,,,,,,,,,,,,,,,,,,,,,,,,,,,,,,,,,,,,,,,,,,,,,,,,,,,,,,,,,,,,,,,,,,,,,,,,,,,,,,,,,,,,,,,,,,,,,,,,,,,,,,,,,,,,,,,,,,,,,,,,,,,,,,,,,,,,,,,,,,,,,,,,,,,,,,,,,,,,,,,,,,,,,,,,,,,,,,,,,,,,,,,,,,,,,,,,,,,,,,,,,,,,,,,,,,,,,,,,,,,,,,,,,,,,,,,,,,,,,,,,,,,,,,,,,,,,,,,,,,,,,*/ʃpˈĩnːa/,,,,,,,,,,,,,,,,,,,,,,,,,,,,,,,,,,,,,,,,,,,,,,,,,,,,,,,,,,,,,,,,,,,,,,,,,,,,,,,,,,,,,,,,,,,,,,,,,,,,,,,,,,,,,,,,,,,,,,,,,,,,,,,,,,,,,,,,,,,,,,,,,,,,,,,,,,,,,,,,
R263,,,,,,,,,,,,,,,,,,,,,,,,,,,,,,,,,,,,,,,,,,,,,,,,,,,,,,,,,,,,,,,,,,,,,,,,,,,,,,,,,,,,,,,,,,,,,,,,,,,,,,,,,,,,,,,,,,,,,,,,,,,,,,,,,,,,,,,,,,,,,,,,,,,,,,,,,,,,,,,,,,,,,,,,,,,,,,,,,,,,,,,,,,,,,,,,,,,,,,,,,,,,,,,,,,,,,,,,,,,,,,,,,,,,,,,,,,,,,,,,,,,,,,,,,,,,,,,,,,,,,,,,,,,,,,,,,,,,,,,,,,,,,,,,,,,,,,,,,,,,,,,,,,,,,,,,,,,,,,,,,,,,,,,,,,,,,,,,,,,,,,,,,,,,,,,,,,,,,,,,,,,,,,,,,,,,,,,,,,,,,,,,,,,,,,,,,,,,,,,,,,,,,,,,,,,,,,,,,,,,,,,,,,,,,,,,,,,,,,,,,,,,,,,,,,,,,,,,,,,,,,,,,,,,,,,,,,,,,,,,,,,,,,,,,,,,,,,,,,,,,,,,,,,,,,,,,,,,,,,,,,,,,,,,,,,,,,,,,,,,,,,,,,,,*/lˈɔ̃ːnːɪ/,,,,,,,,,,,,,,,,,,,,,,,,,,,,,,,,,,,,,,,,,,,,,,,,,,,,,,,,,,,,,,,,,,,,,,,,,,,,,,,,,,,,,,,,,,,,,,,,,,,,,,,,,,,,,,,,,,,,,,,,,,,,,,,,,,,,,,,,*/ˌulˈaʃtɾu/,,,,,,,,,,,,,,,,,,,,,,,,,,,,,,,,,,,,,,,,,,,,,,,,,,,,,,,,,,,,,,,,,,,,,,,,,,,,,,,,,,,,,,,,,,,,,,,,,,,,,,,,,,,,,,,,,,,,,,,,,,,,,,,,,,,,,,,,,,,,,,,,,,,,,,,,,,,,,,,,,,,,,,,,,,,,,,,,,,,,,,,,,,,,,,,,,,,,,,,,,,,,,,,,,,,,,,,,,,,,,,,,,,,,,,,,,,,,,,,,,,,,,,,,,,,,,,,,,,,,,,,,,,,,,,,,,,,,,,,,,,,,,,,,,,,,,,,,,,,,,,,,,,,,,,,,,,,,,,,,,,,,,,,,,,,,,,,,,,,,,,,,,,,,,,,,,,,,,,,,,,,,,,,,,,,,,,,,,,,,,,,,,,,,,,,,,,,,,,,,,,,,,,,,,,,,,,,,,,,,,,,,,,,,,,,,,,,
R264,,,,,,,,,,,,,,,,,,,,,,,,,*/mˈẽndulˠa/,,,,,,,,,,,,,,,,,,,,,,,*/ˈaʃkulˠa/,,,,,,,,,,,,,,,,,,,*/bˈɔlˠa/,,,,,,,,,,,,,,,,,,,,,,,,,,,,,,,,,,,,,,,,,,,,,,,,,,,,,,,,,,,,,,,,,,,,,,,,,,,,,,,,,,,,,,,,,,,*/rːɪˈyːlˠa/,,,,,,,,,,,,,,,,,,,,,,,*/fɪʎˈɔlˠa/,,,,,,,,,,,,,,,,*/fɪʃˈikulˠa/,,*/flˈakulˠa/,*/flˈakulˠa/,,,,,,,,,,,,,,,,,,,,,,,,,,,,,,,,,,,,,,,,,,,,,,,,,,,,,,,,,,,*/ɡˈulˠa/,,,,,,,,*/hˈĩnːɪkulˠa/,,,,,,,,,,,,,,,,,,,,,,,,,,,,,,,,,,,,,,,,,,,,,,,,,,*/nˈɔfulˠa/,,,,*/ˈiʃulˠa/,,,,,,,,,,,,,,,,,,,,,,,,*/kəlˠˈãnda/,,,,,,,,,,,,*/kə̃ndˈelˠa/,,,,,,,,,,,,,,,,,,,,,,,,,,,,,,,,,,,,,,,,,,,,,,,*/ə̃nkˈalˠa/,,,,,*/cˈĩŋɡulˠa/,,,,,,,,,,,,*/klˌaːɾˈylˠa/,,,,,,,,,,,,,,,,,,,,,,,,,,,,,,,,,,,,,,,,,*/kˌũːnˈukulˠa/,,,,*/kˈɔɾbulˠa/,,,,,,,,,,,,,,,,,,,,,,,,,,,,,,,,,,,,,,,,,,,,,,,,,,,,,,,,,,,,,,,,,,,,,,,,,,,,,,,,,,,,,,,,,,,,,,,,,,,,,,,,,,,,,,,,,,,,*/mˌaːlːɪsˈɔlˠa/,*/mə̃nʎˈɔlˠa/,,,,,,,,,,,,,,,,,,,,,,,,,,,,,,,,,,,,*/mə̃ntɾˈikulˠa/,,,,,,,,,,,,,,,*/məɾəlˠˈãɲa/,*/mˈɛːtulˠa/,,,,,,,,,,,,*/mˌulˠˈaɾɪ/,,,,,,,,*/mˈulˠa/,,,,,,,,,,,,,,*/mˈɛːɡulˠa/,,,,,,,,,,,,,,,*/ˌulˠˈaʃtɾu/,,,,,,,,,,,,,,,,,,,,,,,*/pˈalˠa/,,,,,,*/pəlˠˈasu/,,*/pəɾˈaːlˠa/,,,,,,,,,,,,*/pəˈyːkulˠa/,,,,,,,,,,,,,*/pˈɛːɾɡulˠa/,,,,,,,,,,,,,,,*/pˈilˠa/,*/pˈilˠa/,*/pˈilˠa/,,,,,,,,,,*/pˈetulˠa/,,,,,,,,,,*/pˌʊlˠˈãnta/,,,,,,,,,,,,,,,,,,,,,,,,,,,,,,,,,,,,,,,,,,,,,*/rːəˈiːkulˠa/,,,,,,,,,,,,,,,,,,,,,,,,,,,,,,,,,,,,,,,,,,,,,,,,,,,,,,,,,,,,,,,,,,,,,,,,,*/ʃˌãɲtnɪkˈɔlˠa/,,,,,,,,,,,,,,,,,,,,,,,*/ʃˈikulˠa/,,,,,,,*/ʃkˈalˠa/,,,,,,,,,*/ʃkˈɔlˠa/,,,,,,,,,,,,,,*/ʃˈɔlˠa/,*/ʃˌulˠˈãɾ̃u/,,,,,,,*/ʃpˈatulˠa/,,,,,,,,,*/ʃtˈaːlˠa/,,,,,,,,,,,,,,,,,*/ʃˌulˠˈata/,,,,,,,,,,,,,,,,,,,,,,*/tˈɛːɡulˠa/,,,,,,,,,,,,,,,,,,,,,,,,,,,,,,,,,,,,,,,,,,,*/tˈulˠa/,,,,,,,,,,,,,,,,,,,,,,,,,,,,,,,,,,,,,,,,,,,,,,*/βɪɟˈilˠaj/,*/mə̃nɟˈilˠaj/,,,,,,,,,,,,,,,,,,,*/βˌɛːtˈulˠa/,,*/βˈɔlˠa/,,,,
R265,,,,,,,,,,,,,,,,,,,,,,,,,,,,,,,,,,,,,,,,,,,,,,,,,,,,,,,,,,,,,,,,,,,,,,,,,,,,,,,,,,,,,,,,,,,,,,,,,,,,,,,,,,,,,,,,,,,,,,,,,,,,,,,,,,,,,,,,,,,,,,,,,,,,,,,,,,,,,,,,,,,,,,,,,,,,,,,,,,,,,,,,,,,,,,,,,,,,,,,,,,,,,,,,,,,,,,,,,,,,,,,,,,,,,,,,,,,,,,,,,,,,,,,,,,,,,,,,,,,,,,,,,,,,,,,,,,,,,,,,,,,,,,,,,,,,,,,,,,,,,,,,,,,,,,,,,,,,,,,,,,,,,,,,,,,,,,,,,,,,,,,,,,,,,,,,,,,,,,,,,,,,,,,,,,,,,,,,,,,,,,,,,,,,,,,,,,,,,,,,,,,,,,,,,,,,,,,,,,,,,,,,,,,,,,,,,,,,,,,,,,,,,,,,,,,,,,,,,,,,,,,,,,,,,,,,,,,,,,,,,,,,,,,,,,,,,,,,,,,,,,,,,,,,,,,,,,,,,,,,,,,,,,,,,,,,,,,,,,,,,,,,,,,,,,,,,,,,,,,,,,,,,,,,,,,,,,,,,,,,,,,,,,,,,,,,,,,,,,,,,,,,,,,,,,,,,,,,,,,,,,,,,,,,,,,,,,,,,,,,,,,,,,,,,,,,,,,,,,,,,,,,,,,,,,,,,,,,,,,,,,,,,,,,,,,,,,,,,,,,,,,,,,,,,,,,,,,,,,,,,,,,,,,,,,,,,,,,,,,,,,,,,,,,,,,,,,,,,,,,,,,,,,,,,,,,,,,,,,,,,,,,,,,,,,,,,,,,,,,,,,,,,,,,,,,,,,,,,,,,,,,,,,,,,,,,,,,,,,,,,,,,,,,,,,,,,,,,,,,,,,,,,,,,,,,,,,,,,,,,,,,,,,,,,,,,,,,,,,,,,,,,,,,,,,,,,,,,,,,,,,,,,,,,,,,,,,,,,,,,,,,,,,,,,,,,,,,,,,,,,,,,,,,,,,,,,,,,,,,,,,,,,,,,,,,,,,,,,,,,,,,,,,,,,,,,,,,,,,,,,,,,,,,,,,,,,,,,,,,,,,,,,,,,,,,,,,,,,,,,,,,,,,,,,,,,,,,,,,,,,,,,,,,,,,,,,,,,,,,,,,,,,,,,,,,,,,,,,,,
R266,,,,,,,,,,,,,,,,,,,,,,,,,,,,,,,,,,,,,,,,,,,,,,,,,,,,,,,,,,,,,,,,,,,,,,,,,,,,,,,,,,,,,,,,,,,,,,,,,,,,,,,,,,,,,,,,,,,,,,,,,,,,,,,,,,,,,,,,,,,,,,,,,,,,,,,,,,,,,,,,,,,,,,,,,,,,,,,,,,,,,,,,,,,,,,,,,,,,,,,,,,,,,,,,,,,,,,,,,,,,,,,,,,,,,,,,,,,,,,,,,,,,,,,,,,,,,,,,,,,,,,,,,,,,,,,,,,,,,,,,,,,,,,,,,,,,,,,,,,,,,,,,,,,,,,,,,,,,,,,,,,,,,,,,,,,,,,,,,,,,,,,,,,,,,,,,,,,,,,,,,,,,,,,,,,,,,,,,,,,,,,,,,*/kˌaʃtˈɛ̃ɲa/,,,,,,,,,,,,,,,,,,,,,,,,,,,,,,,,,,,,,,,,,,,,,,,,,,,,,,,,,,,,,,,,,,,,,,,,,,,,,,,,,,,,,,,,,,,,,,,,,,,,,,,,,,,,,,,,,,,,,,,,,,,,,,,,,,,,,,,,,,,,,,,,,,,,,,,,,,,,,,,,,,,,,,,,,,,,,,,,,,,,,,,,,,,,,,,,,,,,,,,,,,,,,,,,,,,,,,,,,,,,,,,,,,,,,,,,,,,,,,,,,,,,,,,,,*/məɾəlˠˈɛ̃ɲa/,,,,,,,,,,,,,,,,,,,,,,,,,,,,,,,,,,,,,,,,,,,,,,,,,,,,,,,,,,,,,,,,,,,,,,,,,,,,,,,,,,,,,,,,,,,,,,,,,,,,,,,,,,,,,,,,,,,,,,,,,,,,,,,,,,,,,,,,,,,,,,,,,,,,,,,,,,,,,,,,,,,,,,,,,,,,,,,,,,,,,,,,,,,,,,,,,,,,,,,,,,,,,,,,,,,,,,,,,,,,,,,,,,,,,,,,,,,,,,,,,,,,,,,,,,,,,,*/ʃˈɛ̃ɲtu/,,,,,*/kˌalɪkʃˈɛ̃ɲtu/,,,,,,,,,,,,,,,,,,,,,,,,,,,,,,,,,,,,,,,,,,,,,,,,,,,,,,,,,,,,,,,,,,,,,,,,,,,,,,,,,,,,,,,,,,,,,,,,,,,,,,,,,,,,,,,,,,,,,,,,,,,,,,,,,,,,,,,,,,,,,,,,,,,,,,,,,,,,,,,,,,,,,,,,,,,,,,,,,,,,,,,,,,,,,,,,,,,,,,,,,,,,,,,,,,,,,,,,,,,,,,,,,,
R267,,,,,,,,,,,,,,,,,,,,,,,,,,,,,,,,,,,,,,,,,,,,,,,,,,,,,,,,,,,,,,,,,,,,,,,,,,,,,,,,,,,,,,,,,,,,,,,,,,,,,,,,,,,,,,,,,,,,,,,,,,,,,,,,,,,,,,,,,,,,,,,,,,,,,,,,,,,,,,,,,,,,,,,,,,,,,,,,,,,,,,,,,,,,,,,,,,,,,,,,,,,,,,,,,,,,,,,,,,,,,,,,,,,,,,,,,,,,,,,,,,,,,,,,,,,,,,,,,,,,,,,,,,,,,,,,,,,,,,,,,,,,,,,,,,,,,,,,,,,,,,,,,,,,,,,,,,,,,,,,,,,,,,,,,,,,,,,,,,,,,,,,,,,,,,,,,,,,,,,,,,,,,,,,,,,,,,,,,,,,,,,,,,,,,,,,,,,,,,,,,,,,,,,,,,,,,,,,,,,,,,,,,,,,,,,,,,,,,,,,,,,,,,,,,,,,,,,,,,,,,,,,,,,,,,,,,,,,,,,,,,,,,,,,,,,,,,,,,,,,,,,,,,,,,,,,,,,,,,,,,,,,,,,,,,,,,,,,,,,,,,,,,,,,,,,,,,,,,,,,,,,,,,,,,,,,,,,,,,,,,,,,,,,,,,,,,,,,,,*/mˈãːjtu/,,,,,,,,,,,,,,,,,,,,,,,,,,,,,,,,,,,,,,,,,,,,,,,,,,,,,,,,,,,,,,,,,,,,,,,,,,,,,,,,,,,,,,,,,,,,,,,,,,,,,,,,,,,,,,,,,,,,,,,,,,,,,,,,,,,,,,,,,,,,,,,,,,,,,,,,,,,,,,,,,,,,,,,,,,,,,,,,,,,,,,,,,,,,,,,,,,,,,,,,,,,,,,,,,,,,,,,,,,,,,,,,,,,,,,,,,,,,,,,,,,,,,,,,,,,,,,,,,,,,,,,,,,,,,,,,,,,,,,,,,,,,,,,,,,,,,,,,,,,,,,,,,,,,,,,,,,,,,,,,,,,,,,,,,,,,,,,,,,,,,,,,,,,,,,,,,,,,,,,,,,,,,,,,,,,,,,,,,,,,,,,,,,,,,,,,,,,,,,,,,,,,,,,,,,,,,,,,,,,,,,,,,,,,,,,,,,,,,,,,,,,,,,,,,,,,,,,,,,,,,,,,,,,,,,,,,,,,,,,,,,,,,,,,,,,,,,,,,,,,,,,,,,,,,,,,,,,,,,,,,
R268,,,,,,,,,,,,,,,,,,,,,,,,,,,,,,,,,,,,,,,,,,,,,,,,,,,,,,,,,,,,,,,,,,,,,,,,,,,,,,,,,,,,,,,,,,,,,,,,,,,,,,,,,,,,,,,,,,,,,,,,,,,,,,,,,,,,,,,,,,,,,,,,,,,,,,,,,,,,,,,,,,,,,,,,,,,,,,,,,,,,,,,,,,,,,,,,,,,,,,,,,,,,,,,,,,,,,,,,,,,,,,,,,,,,,,,,,,,,,,,,,,,,,,,,,,,,,,,,,,,,,,,,,,,,,,,,,,,,,,,,,,,,,,,,,,,,,,,,,,,,,,,,,,,,,,,,,,,,,,,,,,,,,,,,,,,,,,,,,,,,,,,,,,,,,,,,,,,,,,,,,,,,,,,,,,,,,,,,,,,,,,,,,,,,,,,,,,,,,,,,,,,,,,,,,,,,,,,,,,,,,,,,,,,,,,,,,,,,,,,,,,,,,,,,,,,,,,,,,,,,,,,,,,,,,,,,,,,,,,,,,,,,,,,,,,,,,,,,,,,,,,,,,,,,,,,,,,,,,,,,,,,,,,,,,,,,,,,,,,,,,,,,,,,,,,,,,,,,,,,,,,,,,,,,,,,,,,,,,,,,,,,,,,,,,,,,,,,,,,,,,,,,,,,,,,,,,,,,,,,,,,,,,,,,,,,,,,,,,,,,,,,,,,,,,,,,,,,,,,,,,,,,,,,,,,,,,,,,,,,,,,,,,,,,,,,,,,,,,,,,,,,,,,,,,,,,,,,,,,,,,,,,,,,,,,,,,,,,,,,,,,,,,,,,,,,,,,,,,,,,,,,,,,,,,,,,,,,,,,,,,,,,,,,,,,,,,,,,,,,,,,,,,,,,,,,,,,,,,,,,,,,,,,,,,,,,,,,,,,,,,,,,,,,,,,,,,,,,,,,,,,,,,,,,,,,,,,,,,,,,,,,,,,,,,,,,,,,,,,,,,,,,,,,,,,,,,,,,,,,,,,,,,,,,,,,,,,,,,,,,,,,,,,,,,,,,,,,,,,,,,,,,,,,,,,,,,,,,,,,,,,,,,,,,,,,,,,,,,,,,,,,,,,,,,,,,,,,,,,,,,,,,,,,,,,,,,,,,,,,,,,,,,,,,,,,,,,,,,,,,,,,,,,,,,,,,,,,,,,,,,,,,,,,,,,,,,,,,,,,,,,,,,,,,,,,,,,,,,,,
R269,,,,,,,,,,,,,,,,,,,,,,,,,,,,,,,,,,,,,,,,,,,,,,,,,,,,,,,,,,*/bˈaɲa/,,,,,,,,,,,,,,,,,,,,,,,,,,,,,,,,,,,,,,,,,,,,,,,,,,,,,,,,,,,,,,,,,,,,,,,,,,,,,,,,,,,,,,,,,,,,,,,,,,,,,,,,,,,,,,,,,,,,,,,,,,,,,,,,,,,,,,,,,,,,,,,,,,,,,,,,,,,,,,,,,,,,,,,,,,,,,,,,,,,,,,,,,,,,,,,,,,,,,,,,,,,,,,,,,,,,,,,,,,,,,,,,,,,,,,,,,,,,,,,,,,,,,,,,,,,,,,,,,,,,,,,,,,,,,,,,,,,,,,,,,,,,,,,,,,,,,,,,,,,,,,,,,,,,,,,,,,,,,,,,,,,,,,,,,,,,,,,,,,,,,,,,,,,,,,,,,,,,,,,,,,,,,,,,,,,,,,,,,,,,,,,,,,,,,,,,,,,,,,,,,,,,,,,,,,,,,,,,,,,,,,,,,,,,,,,,,,,,,,,,,,,,,,,,,,,,,,,,,,,,,,,,,,,,,,,,,,,,,,,,,,,,,,,,,,,,,,,,,,,,,,,,,,,,,,,,,,,,,,,,,,,,,,,,,,,,,,,,,,,,,,,,,,,,,,,,,,,,,,,,,,,,,,,,,,,,,,,,,,,,,,,,,,,,,,,,,,,,,,,,,,,,,,,,,,,,,,,,,,,,,,,,,,,,,,,,,,,,,,,,,,,,,,,,,,,,,,,,,,,,,,,,,,,,,,,,,,,,,,,,,,,,,,,,,,,,,,,,,,,,,,,,,,,,,,,,,,,,,,,,,,,,,,,,,,,,,,,,,,,,,,,,,,,,,,,,,,,,,,,,,,,,,,,,,,,,,,*/rːɪfˈɛɲu/,,,,,,,,,,,,,,,,,,,,,,,,,,,,,,,,,,,,,,,,,,,,,,,,,,,,,,,,,,,,,,,,,,,,,,,,,,,,,,,,,,,,,,,,,,,,,,,,,,,,,,,,,,,,,,,,,,,,,,,,,,,,,,,,,,,,,,,,,,,,,,,,,,,,,,,,,,,,,,,,,,,,,,,,,,,,,,,,,,,,,,,,,,,,,,,,,,,,,,,,,,,,,,,,,,,,,,,,,,,,,,,,,,,,,,,,,,,,,,,,,,,,,,,,,,,,,,,,,,,,,,,,,,,,,,,,,,,,,,,,,,,,,,,
R270,,,,,,,,,,,,,,,,,,,,,,,,,,,,,,,,,,,,,,,,,,,,,,,,,,,,,,,,,,,,,,,,,,,,,,,,,,,,,,,,,,,,,,,,,,,,,,,,,,,,,,,,,,,,,,,,,,,,,,,,,,,,,,,,,,,,,,,,,,,,,,,,,,,,,,,,,,,,,,,,,,,,,,,,,,,,,,,,,,,,,,,,,,,,,,,,,,,,,,,,,,,,,,,,,,,,,,,,,,,,,,,,,,,,,,,,,,,,,,,,,,,,,,,,,,,,,,,,,,,,,,,,,,,,,,,,,,,,,,,,,,,,,,,,,,,,,,,,,,,,,,,,*/ə̃ŋɡə̃ɲˈẽɲu/,,,,,,,,,,,,,,,,,,,,,,,,,,,,,,,,,,,,,,,,,,,,,,,,,,,,,,,,,,,,,,,,,,,,,,,,,,,,,,,,,,,,,,,,,,,,,,,,,,,,,,,,,,,,,,,,,,,,,,,,,,,,,,,,,,,,,,,,,,,,,,,,,,,,,,,,,,,,,,,,,,,,,,,,,,,,,,,,,,,,,,,,,,,,,,,,,,,,,,,,,,,,,,,,,,,,,,,,,,,,,,,,,,,,,,,,,,,,,,,,,,,,,,,,,,,,,,,,,,,,,,,,,,,,,,,,,,,,,,,*/mə̃ɲˈɔlˠa/,,,,,,,,,,*/mˈãɲa/,,,,,,,,,,,,,,,,,,,,,,,,,,,,,,,,,,,,,,,,,,,,,,,,,,,,,,,,,,,,,,,,,,,,,,,,,,,,,,,,,,,,,,,,,,,,,,,,,,,,,,,,,,,,,,,,,,,,,,,,,,,,,,,,,,,,,,,,,,,,,,,,,,,,,,,,,,,,,,,,,,,,,,,,,,,,,,,,,,,,,,,,,,,,,,,,,,,,,,,,,,,,,,,,,,,,,,,,,,,,,,,,,,,,,,,,,,,,,,,,,,,,,,,,,,,,,,,,,,,,,,,,,,,,,,,,,,,,,,,,,,,,,,,,,,,,,,,,,,,,,,,,,,,,,,,,,,,,,,,,,,,,,,,,,,,,,,,,,,,,,,,,,,,,,,,,,,,,,,,,,,,,,,,,,,,,,,,,,,,,,,,,,,,,,,,,,,,,,,,,,,,,,,,,,,,,,,,,,,,,,,,,,,,,,,,,,,,,,,,,,,,,,,,,,,,,,,,,,,,,,,,,,,,,,,,,,,,,,,,,,,,,,,,,,,,,,,,,,,,,,,,,,,,,,,,,,,,,,,,,,,,,,,
R271,,,,,,,,,,,,,,,,,,,,,,,,,,,,,,,,,,,,,,,,,,,,,,,,,,,,,,,,,,,,,,,,,,,,,,,,,,,,,,,,,,,,,,,,,,,,,,,,,,,,,,,,,,,,,,,,,,,,,,,,,,,,,,,,,,,,,,,,,,,,,,,,,,,,,,,,,,,,,,,,,,,,,,,,,,,,,,,,,,,,,,,,,,,,,,,,,,,,,,,,,,,,,,,,,,,,,,,,,,,,,,,,,,,,,,,,,,,,,,,,,,,,,,,,,,,,,,,,,,,,,,,,,,,,,,,,,,,,,,,,,,,,,,,,,,,,,,,,,,,,,,,,,,,,,,,,,,,,,,,,,,,,,,,,,,,,,,,,,,,,,,,,,,,,,,,,,,,,,,,,,,,,,,,,,,,,,,,,,,,,,,,,,,,,,,,,,,,,,,,,,,,,,,,,,,,,,,,,,,,,,,,,,,,,,,,,,,,,,,,,,,,,,,,,,,,,,,,,,,,,,,,,,,,,,,,,,,,,,,,,,,,,,,,,,,,,,,,,,,,,,,,,,,,,,,,,,,,,,,,,,,,,,,,,,,,,,,,,,,,,,,,,,,,,,,,,,,,,,,,,,,,,,,,,,,,,,,,,,,,,,,,,,,,,,,,,,,,,,,,,,,,,,,,,,,,,,,,,,,,,,,,,,,,,,,,,,,,,,,,,,,,,,,,,,,,,,,,,,,,,,,,,,,,,,,,,,,,,,,,,,,,,,,,,,,,,,,,,,,,,,,,,,,,,,,,,,,,,,,,,,,,,,,,,,,,,,,,,,,,,,,,,,,,,,,,,,,,,,,,,,,,,,,,,,,,,,,,,,,,,,,,,,,,,,,,,,,,,,,,,,,,,,,,,,,,,,,,,,,,,,,,,,,,,,,,,,,,,,,,,,,,,,,,,,,,,,,,,,,,,,,,,,,,,,,,,,,,,,,,,,,,,,,,,,,,,,,,,,,,,,,,,,,,,,,,,,,,,,,,,,,,,,,,,,,,,,,,,,,,,,,,,,,,,,,,,,,,,,,,,,,,,,,,,,,,,,,,,,,,,,,,,,,,,,,,,,,,,,,,,,,,,,,,,,,,,,,,,,,,,,,,,,,,,,,,,,,,,,,,,,,,,,,,,,,,,,,,,,,,,,,,,,,,,,,,,,,,,,,,,,,,,,,,,,,,,,,,,,,,,,,,,,,,,,,,,,,,,,,,
R272,,,,,,,,,,,,,,,,,,,,,,,,,,,,,*/ˈɑ̃nɟəlˠu/,,,,,,,,,,,,,,,,,,,,,,,,,,,,,,,,,,,,,,,,,,,,,,,,,,,,,,,,,,,,,,,,,,,,,,,,,,,,,,,,,,,,,,,,,,,,,,,,,,,,,,,,,,,,,,,,,,,,,,,,,,,,,,,,,,,,,,,,,,,,,,,,,,,,,,,,,,,,,,,,,,,,,,,,,,,,,,,,,,,,,,,,,,,,,,,,,,,,,,,,,,,,,,,,,,,,,,,,,,,,,,,,,,,,,,,,,,,,,,,,,,,,,,,,,,,,,,,,,,,,,,,,,,,,,,,,,,,,,,,,,,,,,,,,,,,,,,,,,,,,,,,,,,,,,,,,,,,,,,,,,,,,,,,,,,,,,,,,,,,,,,,,,,,,,,,,,,,,,,,,,,,,,,,,,,,,,,,,,,,,,,,,,,,,,,,,,,,,,,,,,,,,,,,,,,,,,,,,,,,,,,,,,,,,,,,,,,,,,,,,,,,,,,,,,,,,,,,,,,,,,,,,,,,,,,,,,,,,,,,,,,,,,,,,,,,,,,,,,,,,,,,,,,,,,,,,,,*/lˈaβdə/,,,,,,,,,,*/lˈibəɾu/,,,,,,,,,,,,,,,,,,,,,,,,,,,,,,,,,,,,,,,,,,,,,,,,,,,,,,,,,,,,,,,,,,,,,,,,,,,,,*/məɾˈizə/,,,,,,,,,,,,,,,,,,,,,,,,,,,,,,,,,,,,,,,,,,,,,,,,,,,,,,,,,,,,,,,,,,,,,,,,,,,,,,,,,,,,,,,,,,,,,,,,,,,,,,,,,,,,,,,,,,,,,,,,,,,,,,,,,,,,,,,,,,,,,,,,,,,,,,,,,,,,,,,,,,,,,,,,,,,,,,,,,,,,,,*/pˈulbəɾɪ/,,,,,,,,,,,,,,,,,,,,,*/ɾˈeɟə/,,,,,,,,,,,,,,,,,,,,,,,,,,,,,,,,,,,,,,,,,,,,,,,,,,,,,,,,,,,,,,,,,,,,,,,,,,,,,,,,,,,,,,,,,,,,,,,,,,,,,,,,,,,,,,,,,,,,,,,,,,,,,,,,,,,,,,,,,,,,,,,,,,,,,,,,,,,,,,,,,,,,,,,,,,,,,,,,,,,,,,,,,,,,,,,,,,,,,,,,,,,,,,,,,,,,,,,,,,,,,,,,*/tˈuɾpə/,,,,,,,,,,,,,,,,,,,,,,,,,,,,,,,,,,,,,,,,,,,,,,,,,,,,,,,,,,,,,,
R273,,,,,,,,,,,,,,,,,,,,,,,,,,,,,,,,,,,,,,,,,,,,,,,,,,,,,,,,,,,,,,,,,,,,,,,,,,,,,,,,,,,,,,,,,,,,,,,,,,,,,,,,,,,,,,,,,,,,,,,,,,,,,,,,,,,,,,,,,,,,,,,,,,,,,,,,,,,,,,,,,,,,,,,,,,,,,,,,,,,,,,,,,,,,,,,,,,,,,,,,,,,,,,,,,,,,,,,,,,,,,,,,,,,,,,,,,,,,,,,,,,,,,,,,,,,,,,,,,,,,,,,,,,,,,,,,,,,,,,,,,,,,,,,,,,,,,,,,,,,,,,,,,,,,,,,,,,,,,,,,,,,,,,,,,,,,,,,,,,,,,,,,,,,,,,,,,,,,,,,,,,,,,,,,,,,,,,,,,,,,,,,,,,,,,,,,,,,,,,,,,,,,,,,,,,,,,,,,,,,,,,,,,,,,,,,,,,,,,,,,,,,,,,,,,,,,,,,,,,,,,,,,,,,,,,,,,,,,,,,,,,,,,,,,,,,,,,,,,,,,,,,,,,,,,,,,,,,,,,,,,,,,,,,,,,,,,,,,,,,,,,,,,,,,,,,,,,,,,,,,,,,,,,,,,,,,,,,,,,,,,,,,,,,,,,,,,,,,,,,,,,,,,,,,,,,,,,,,,,,,,,,,,,,,,,,,,,,,,,,,,,,,,,,,,,,,,,,,,,,,,,,,,,,,,,,,,,,,,,,,,,,,,,,,,,,,,,,,,,,,,,,,,,,,,,,,,,,,,,,,,,,,,,,,,,,,,,,,,,,,,,,,,,,,,,,,,,,,,,,,,,,,,,,,,,,,,,,,,,,,,,,,,,,,,,,,,,,,,,,,,,,,,,,,,,,,,,,,,,,,,,,,,,,,,,,,,,,,,,,,,,,,,,,,,,,,,,,,,,,,,,,,,,,,,,,,,,,,,,,,,,,,,,,,,,,,,,,,,,,,,,,,,,,,,,,,,,,,,,,,,,,,,,,,,,,,,,,,,,,,,,,,,,,,,,,,,,,,,,,,,,,,,,,,,,,,,,,,,,,,,,,,,,,,,,,,,,,,,,,,,,,,,,,,,,,,,,,,,,,,,,,,,,,,,,,,,,,,,,,,,,,,,,,,,,,,,,,,,,,,,,,,,,,,,,,,,,,,,,,,,,,,,,,,,,,,,,,,,,,,,,,,,,,,,,,,,,,,,,,
R274,,,,,,,,,,,,,,,,,,,,,,,,,,,,,,,,,,,,,,,,,,,,,,,,,,,,,,,,,,,,,,,,,,,,,,,,,,,,,,,,,,,,,,,,,,,,,,,,,,,,,,,,,,,,,,,,,,,,,,,,,,,,,,,,,,,,,,,,,,,,,,,,,,,,,,,,,,,,,,,,,,,,,,,,,,,,,,,,,,,,,,,,,,,,,,,,,,,,,,,,,,,,,,,,,,,,,,,,,,,,,,,,,,,,,,,,,,,,,,,,,,,,,,,,,,,,,,,,,,,,,,,,,,,,,,,,,,,,,,,,,,,,,,,,,,,,,,,,,,,,,,,,,,,,,,,,,,,,,,,,,,,,,,,,,,,,,,,,,,,,,,,,,,,,,,,,,,,,,,,,,,,,,,,,,,,,,,,,,,,,,,,,,,,,,,,,,,,,,,,,,,,,,,,,,,,,,,,,,,,,,,,,,,,,,,,,,,,,,,,,,,,,,,,,,,,,,,,,,,,,,,,,,,,,,,,,,,,,,,,,,,,,,,,,,,,,,,,,,,,,,,,,,,,,,,,,,,,,,,,,,,,,,,,,,,,,,,,,,,,,,,,,,,,,,,,,,,,,,,,,,,,,,,,,,,,,,,,,,,,,,,,,,,,,,,,,,,,,,,,,,,,,,,,,,,,,,,,,,,,,,,,,,,,,,,,,,,,,,,,,,,,,,,,,,,,,,,,,,,,,,,,,,,,,,,,,,,,,,,,,,,,,,,,,,,,,,,,,,,,,,,,,,,,,,,,,,,,,,,,,,,,,,,,,,,,,,,,,,,,,,,,,,,,,,,,,,,,,,,,,,,,,,,,,,,,,,,,,,,,,,,,,,,,,,,,,,,,,,,,,,,,,,,,,,,,,,,,,,,,,,,,,,,,,,,,,,,,,,,,,,,,,,,,,,,,,,,,,,,,,,,,,,,,,,,,,,,,,,,,,,,,,,,,,,,,,,,,,,,,,,,,,,,,,,,,,,,,,,,,,,,,,,,,,,,,,,,,,,,,,,,,,,,,,,,,,,,,,,,,,,,,,,,,,,,,,,,,,,,,,,,,,,,,,,,,,,,,,,,,,,,,,,,,,,,,,,,,,,,,,,,,,,,,,,,,,,,,,,,,,,,,,,,,,,,,,,,,,,,,,,,,,,,,,,,,,,,,,,,,,,,,,,,,,,,,,,,,,,,,,,,,,,,,,,,,,,,,,,,,
R275,,,,,,,,,,,,,,,,,,,,,,,,,,,,,,,,,,,,,,,,,,,,,,,,,,,,,,,,,,,,,,,,,,,,,,,,,,,,,,,,,,,,,,,,,,,,,,,,,,,,,,,,,,,,,,,,,,,,,,,,,,,,,,,,,,,,,,,,,,,,,,,,,,,,,,,,,,,,,,,,,,,,,,,,,,,,,,,,,*/fəɾɾ̃ˈɔ̃ɲu/,*/fəɾɾ̃ˈata/,,,,,,,,,,,,,,,,,,,,,,,,,,,,,,,,,,,,,,,,,,,,,,,,,,,,,,,,,,,,,,,,,,,,,,,,,,,,,,,,,,,,,,,,,,,,,,,,,,,,,,,*/pɪɾntˈeʃa/,,*/pɪɾntˈɔːɾɪ/,,,,,,,,,,,,,,,,,,,,,,,,,,,,,,,,,,,,,,,,,,,,,,,,,,,,,,,,,,,,,,,,,,,,,,,,,,,,,,,,,,,,,,,,,,,,,,,,,,,,,,,,,,,,,,,,,,,,,,,,,,,,,,,,,,,,,,,,,,,,,,,,,,,,,,,,,,,,,,,,,,,,,,,,,,,,,,,,,,,,,,,,,,,,,,,,,,,,,,,,,,,,,,,,,,,,,,,,,,,,,,,,,,,,,,,,,,,,,,,,,,,,,,,,,,,,,,,,,,,,,,,,,,,,,,,,,,,,,,,,,,,,,,,,,,,,,,,,,,,,,,,,,,,,,,,,,,,,,,,,,,,,,,,,,,,,,,,,,,,,,,,,,,,,,,,,,,,,,,,,,,,,,,,,,,,,,,,,,,,,,,,,,,,,,,,,,,,,,,,,,,,,,,,,,,,,,,,,,,,,,,,,,,,,,,,,,,,,*/pˌaɾntˈɔ̃ɲu/,,,,,,,,,,,,,,,,,,,,,,,*/pɪɾndulˈẽɲu/,,,,,,,,,,,,,,,,,,,,,,,,,,,,,,,,,,,,,,,,,,,*/pˌuɾɾɾ̃ˈija/,,,,,,,,,,,,,,,,,,,,,,,,,,,,,,,,,,,,,,,,,,,,,,,,,,,,,,,,,,,,,,,,,,,,,,,,,,,,,,,,,,,,,,,,,,,,,,,,,,,,,,,,,,,,,,,,,,,,,,,,,,,,,,,,,,,,,,,,,,,,,,,,,,,,,,,,,,,,,,,,,,,,,,,,,,,,,,,,,,,,,,,,,,,,,,,,,,,,,,,,*/ʃˌuðtɪɾɾɾ̃ˈija/,,,,,,,,,,,,,,,,,,,,,,,,,,,,,,,,,,,,,,,,,,,,,,,,,,,,,,,,,,,,,,,,,,,,,,,,,,,,,,,,,,,,,,,,,,,,,,,,,,,,,,,,,,,,,,,,,,,,,,,,,,,,,,,,,,,,,,
R276,,,,,,,,,,,,,,,,,,,,,,,,,,,,,,,,,,,,,,,,,,,,,,,,,,,,,,,,,,,,,,,,,,,,,,,,,,,,,,,,,,,,,,,,,,,,,,,,,,,,,,,,,,,,,,,,,,,,,,,,,,,,,,,,,,,,,,,,,,,,,,,,,,,,,,,,,,,,,,,,,,,,,,,,,,,,,,,,,,,,,,,,,,,,,,,,,,,,,,,,,,,,,,,,,,,,,,,,,,,,,,,,,,,,,,,,,,,,,,,,,,,,,,,,,,,,,,,,,,,,,,,,,,,,,*/əɾəndzˈɔ̃ɲu/,,,,,,,,,,,,*/pɪɾəntˈeʃa/,,*/pɪɾəntˈɔːɾɪ/,,,,,,,,,,,,,,,,,,,,,,,,,,,,,,,,,,,,,,,,,,,,,,,,,,,,,,,,,,,,,,,,,,,,,,,,,,,,,,,,,,,,,,,,,,,,,,,,,,,,,,,,,,,,,,,,,,,,,,,,,,,,,,,,,,,,,,,,,,,,,,,,,,,,,,,,,,,,,,,,,,,,,,,,,,,,,,,,,,,,,,,,,,,,,,,,,,,,,,,,,,,,,,,,*/kɾɪʃtəntˈelɪ/,,,,,,,,,,,,,,,,,,,,,,,,,,,,,,,,,,,,,,,,,,,,,,,,,,,,,,,,,,,,,,,,,,,,,,,,,,,,,,,,,,,,,,,,,,,,,,,,,,,,,,,,,,,,,,,,,,,,,,,,,,,,,,,,,,,,,,,,,,,,,,,,,,,,,,,,,,,,,,,,,,,,,,,,,,,,,,,,,,,,,,,,,,,,,,,,,,,,,,,,,,,,,,,,,,,,,,,,,,,,,,,,,,,,*/pˌaɾəntˈɔ̃ɲu/,,,,,,,,,,,,,,,,,,,,,,,,,,,,,,,,,,,,,,,,,,,,,,,,,,,,,,,,,,,,,,,,,,,,,,,,,,,,,,,,,,,,,,,,,,,,,,,,,,,,,,,,,,,,,,,,,,,,,,,,,,,,,,,,,,,,,,,,,,,,,,,,,,,,,,,,,,,,,,,,,,,,,,,,,,,,,,,,,,,,,,,,,,,,,,,,,,,,,,,,,,,,,,,,,,,,,,,,,,,,,,,,,,,,,,,,,,,,,,,,,,,,,,,,,,,,,,,,,,,,,,,,,,,,,,,,,,,,,,,,,,,,,,,,,,,,,,,,,,,,,,,,,,,,,,,,,,,,,,,,,,,,,,,,,,,,,,,,,,,,,,,,,,,,,,,,,,,,,,,,,,,,,,,,,,,,,,,,,,,,,,,,,,,,,,,,,,,,,,,,
R277,,,,,,,,,,,,,,,,,,,,,,,,,,,,,,,,,,,,,,,,,,,,,,,,,,,,,,,,,,,,,,,,,,,,,,,,,,,,,,,,,,,,,,,,,,,,,,,,,,,,,,,,,,,,,,,,,,,,,,,,,,,,,,,,,,,,,,,,,,,,,,,,,,,,,,,,,,,,,,,,,,,,,,,,,,,,,,,,,*/fərːˈɔ̃ɲu/,*/fərːˈata/,,,,,,,,,,,,,,,,,,,,,,,,,,,,,,*/fˈurːɪcɪ/,*/fˌurːɪcˈija/,,,,,,,,,,,,,,,,,,,*/fˈurːu/,,,,,,,,,,,,,,,,,,,,,,,,,,,,,,,,,,,,,*/vɪrːˈĩːnu/,*/vɪrːˈiza/,,,,,,,,,,,,,,,,,,,,,,,,,,,,,,,,,,,,,*/fˈɛrːu/,,,,,,,,,,,,,,,,,,,,,,,*/mərːˈaʎa/,*/vˈɛrːu/,,,,,,,,,,,,,,,,,,,,,,,,,,,,,,,,,,,,,,,,,,,,,,,,,,,,,,,,,,,,,,,,,,,,,,,,,,,,,,,,,,,,,,,,,,,,,,,,,,,,,,,,,,,,,,,,,,,,,,,,,,,,,,,,,,,,,,,,,,,,,,*/kˌuːrːˈikulˠu/,*/kˌɔːrːˈuta/,,,,,,,,,,,,,,,,,,,,,,,,,,,,,,,,,,,,,,,,,,,,,,,,,,,,,,,,,,,,,,,,,,,,,,,,,,,,,,,,,,,,,,,,,,,,,,,,*/lˌucˈɛrːa/,,,,,,,,,,,,,,,,,,,,,,,,,,,,,,,,,,,,,,,,,,,,,,,,,,,,,,,,,,,,,,,,,,,,,,,,,,,,,,,,,,,,,,,,,,,,,,,,,,,,,,,,,,,,,,,,,,,,,,,,,,,,,,,,*/ˈɔːrːu/,,,,,,,,,,,,,,,,,,,,,,,,,,,,,,,,,,,,,,,,,,,,,,,,*/pɪrːdulˈẽɲu/,,,,,,,,,,,,,,,,,,,,,,,,,,,,,,,,,,,,,,,,,,,*/pˌuɾrːˈija/,,,,,,,,,,,,,,,,,,,,,,,,,,,,,,,,,,,,,,,,,,,,,,,,,,,,,,,,,,,,,,,,,,,,,,,,,,,,,,,,,,,,,,,,,,,,,,,,,,,,,,*/ʃˌãntrːˌiːtˈetɪ/,,,,,,,,,,,,,,,,,,,,,,,,,,,,,,,,,,,,,,,,,,,,,,,,,,,,,,,,,,,,,,,,,,,,,,,,,,,,,,,,,,,*/ʃtɪrːˈaku/,,,,,,,,,*/ʃtˈurːɐ/,,,,,,*/ʃˌuðtɪɾrːˈija/,,,,,,,,,,,,,,,*/tˌavˈɛrːa/,,,,,,,,,,,,,,,,,,,,,,,*/tˈɔrːɐ/,,,,,,,,,,,,,,,,,,,,,,,,,,,,,,,,,,,,,,,,,,,,,,,,,,,,,,,,,,,,,,,,,,,,,,,,,,,,,,,,,,,,,,,,,,,,,,,,
R278,*/hˌavɪrːˈɔ̃ɲu/,,,,,,,,,,,,,,,,,,,,,,,,,,,,,,,,,,,,,,,,,,,,*/ˌarːˈĩːɲu/,,,,,,,,,,,,,,,,,,,,,,,,,,,,,,,,,,,,,,,,,,,,,,,,,,,,,,,,,,,,,,,,,,,,,,,,,,,,,,,,,,,,,,,,*/ʃkˌatɪrːˈɔ̃ɲu/,,,,,,,,,,,,,,,,,,,,,,,,,,,,,,,,,,,,,,,,,,,,,,,,,,,,,,*/fɪrːˈuʃka/,,,,,,,,,,,,,,,,,,,,,,,,,,,,,,,,,,,,,,,,,,,,,,,,,,,,,,,,,,,,,,,,,,,,,,,,,,,,,,,,,,,,*/ˌurːˈẽɲu/,,,,,,,,,,,,,,,,,,,,,,,,,,,,,,,,,,,,,,,,,,,,,,,,,,,,,,,,,,,,,,,,,,,,,,,,,,,,,,,,,,,,,,,,,,,,,,,,,,,,,,,,,,*/kˌɑrːjˈɔzə/,,*/kˈarːa/,*/cˈerːɪ/,*/kˌarːˌiːkulˠˈɔ̃ɲu/,,,,,,,,,,,,,,,,,,,*/cˈarːu/,,,,,,,,,,,,,,,,,,,,,,,,,,,,,,,,,,,,,,,,,,,,,,,,,,,,,,,,,,,,,,,,,,,,,,,,,,,,,,,,,,,,,,,,,,,,,,,,,,,,,,,,,,,,,,,,*/kərːˈiɡa/,*/kərːˈeʃma/,,,,,,,,,,,,,,,,,,,,,,,,,,,,,,,,,,,,,,,,,,,,,,,,,,,,,,,,,,,,,,,,,,,,,,,,,,,,,,,,,,,,,,,,,,,,,,,,,,,,,,,,,,,,,,,,,,,,,,,,,,,,,,,,,,,,,,,,,,,,,,,,,,,,,,,,,*/mˈerːa/,,,,,,,,,,,,,,,,,,,,,,,,,,,,,,,,,,,,,,,,,,,,,,,,,,,,,,,,,,,,,,,,,,,,,,,,,,,,,,,,,,,,,,,,,,,,,,,,,,,,,,,,,,,,,,,,,,,*/pˈɔrːu/,*/pˈɔrːu/,,*/pˈɔrːɪcju/,*/pˌurːˈija/,*/pˌurːˈĩːnu/,,,,,,,,,,,,,,,,,,,,,,,,,,,,,,,,,,,,,,,,,,,,*/ˌarːəsˈœ̃ːɾ̃ɪ/,,,,,,,,,,,,,,,,,,,,,,,,,,,,,,,,,,,*/ʃəˈuːrːu/,,,,,,,,,,,,,,,,,,,,,,,,,,,,,,,,,,,,,,,,,,*/ʃˈarːa/,,,,,,,,,,,,,,,,,,,,,,,,,,,,,,,,,,,,,,,,,,,,,,,,,,,,,,,,,,,,,,,,,,,,,,,,,,,,,,*/ʃˌuðtɪrːˈija/,,,,,,,,,,,,,,,,,,,,,,,,,*/tɪrːmˈœtu/,*/tɪrːˈatku/,,,,,,,,,,,,,,,,,,,,,,,,,,,,,,,,,,,,,,,,,,,,,,,*/tˈurːɐ/,,,,,,,,,,,,,,,,,,,,,,,,*/βɪrːˈikulˠu/,,,,,,,,,,,,,,,,,,,,,,,,,,,,,,,,,,,,,
R279,,,,,,,,,,,,,,,,,,,,,,,,,,,,,,,,,,,,,,,,,,,,,,,,,,,,,,,,,,,,,,,,,,,,,,,,,,,,,,,,,,,,,,,,,,,,,,,,,,,,,,,,,,,,,,,,,,,,,,,,,,,,,,,,,,,,,,,,,,,,,,,,,,,,,,,,,,,,,*/ˈiɾicju/,,,,,,,,,,,,,,,,,,,,,,,,,,,,,,,,,,,,,,,,,,,,,,,,,,,*/fˈurːicɪ/,*/fˌurːicˈija/,,,,,,,,,,,,,,,,,,,,,,,,,,,,,,,,,,,,,,,,,,,,,,,,,,,,,,,,,,,,,,,,,,,,,,,,,,,,,,,,,,,,,,,,,,,,,,,,,,,,,,,,,,,,,,,,,,,,,,,,,,,,,,,,,,,,,,,,,,,,,,,,,,,,,,,,,,,,,,,,,,,,,,,,,,,,,,,,,,,,,,,,,,,,,,,,,,,,,,,,,,,,,,,,,,,,,,,,,,,,,,,,,,,,,,,,,,,,,,,,,,,,,,,,,,,,,,,,,,,,,,,,,,,,,,,,,,,,,,,,,,,,,,,,,,,,,,,,,,,,,,,,,,,,,,,,,,,,,,,,,,,,,,,,,,,,,,,,,,,,,,,,,,,,,,,,,,,,,,,,,,,,,,,,,,,,,,,,,,,,,,,,,,,,,,,,,,,,,,,,,,,,,,,,,,,,,,,,,,,,,,,,,,,,,,,,,,,,,,,,,,,,,,,,,,,,,,,,,,,,,,,,,,,,,,,,,,,,,,,,,,,,,,,,,,,,,,,,,,,,,,,,,,,,,,,,,,,,,,,,,,,,,,,,,,,,,,,,,,,,,,,,,,,,,,,,,,,,,,,,,,,,,,,,,,,,,,,*/pˈɔrːicju/,,,,,,,,,,,,,,,,,,,,,,,,,,,,,,,,,,,,,,,,,,,,,,,,,,,,,,,,,,,,,,,,,,,,,,,,,,,,,,,,,,,,,,,,,,,,,,,,,,,,,,,,,,,,,,,,,,,,,,,,,,,,,,,,,,,,,,,,,,,,,,,,,,,,,,,,,,,,,,,,,,,,,,,,,,,,,,,,,,,,,,,,,,,,,,,,,,,,,,,,,,,,,,,,,,,,,,,,,,,,,,,,,,,,,,,,,,,,,,,,,,,,,,,,,,,,,,,,,,,,,,,,,,,,,,,,,,,,,,,,,,,,,,,,,,,,,,,,,,,,,,,,,,,,,,,,,,,,,,,,,,,,,,,,,,,,,,,
R280,,,,,,,,,,,,,,,,,,,,,,,,,,,,,,,,,,,,,,,,,,,,,,,,,,,,,,,,,,,,,,,,,,,,,,,,,,,,,,,,,,,,,,,,,,,,,,,,,,,,,,,,,,,,,,,,,,,,,,,,,,,,,,,,,,,,,,,,,,,,,,,,,,,,,,,,,,,,,,,,,,,,,,,,,,,,,,,,,,,,,,,,,,,,,,,,,,,,,,,,,,,,,,,,,,,,,,,,,,,,,,,,,,,,,,,,,,,,,,,,,,,,,,,,,,,,,,,,,,,,,,,,,,,,,,,,,,,,,,,,,,,,,,,,,,,,,,,,,,,,,,,,,,,,,,,,,,,,,,,,,,,,,,,,,,,,,,,,,,,,,,,,,,,,,,,,,,,,,,,,,,,,,,,,,,,,,,,,,,,,,,,,,,,,,,,,,,,,,,,,,,,,,,,,,,,,,,,,,,,,,,,,,,,,,,,,,,,,,,,,,,,,,,,,,,,,,,,,,,,,,,,,,,,,,,,,,,,,,,,,,,,,,,,,,,,,,,,,,,,,,,,,,,,,,,,,,,,,,,,,,,,,,,,,,,,,,,,,,,,,,,,,,,,,,,,,,,,,,,,,,,,,,,,,,,,,,,,,,,,,,,,,,,,,,,,,,,,,,,,,,,,,,,,,,,,,,,,,,,,,,,,,,,,,,,,,,,,,,,,,,,,,,,,,,,,,,,,,,,,,,,,,,,,,,,,,,,,,,,,,,,,,,,,,,,,,,,,,,,,,,,,,,,,,,,,,,,,,,,,,,,,,,,,,,,,,,,,,,,,,,,,,,,,,,,,,,,,,,,,,,,,,,,,,,,,,,,,,,,,,,,,,,,,,,,,,,,,,,,,,,,,,,,,,,,,,,,,,,,,,,,,,,,,,,,,,,,,,,,,,,,,,,,,,,,,,,,,,,,,,,,,,,,,,,,,,,,,,,,,,,,,,,,,,,,,,,,,,,,,,,,,,,,,,,,,,,,,,,,,,,,,,,,,,,,,,,,,,,,,,,,,,,,,,,,,,,,,,,,,,,,,,,,,,,,,,,,,,,,,,,,,,,,,,,,,,,,,,,,,,,,,,,,,,,,,,,,,,,,,,,,,,,,,,,,,,,,,,,,,,,,,,,,,,,,,,,,,,,,,,,,,,,,,,,,,,,,,,,,,,,,,,,,,,,,,,,,,,,,,,,,,,,,,,,,,,,,,,,,,
R281,,,,,,,,,,,,,,,,,,,,,,,,,,,,,,,,,,,,,,,,,,,,,,,,,,,,,,,,,,,,,,,,,,,,,,,,,,,,,,,,,,,,,,,,,,,,,,,,,,,,,,,,,,,,,,,,,,,,,,,,,,,,,,,,,,,,,,,,,,,,,,,,,,,,,,,,,,,,,,,,,,,,,,,,,,,,,,,,,,,,,,,,,,,,,,,,,,,,,,,,,,,,,,,,,,,,,,,,,,,,,,,,,,,,,,,,,,,,,,,,,,,,,,,,,,,,,,,,,,,,,,,,,,,,,,,,,,,,,,,,,,,,,,,,,,,,,,,,,,,,,,,,,,,,,,,,,,,,,,,,,,,,,,,,,,,,,,,,,,,,,,,,,,,,,,,,,,,,,,,,,,,,,,,,,,,,,,,,,,,,,,,,,,,,,,,,,,,,,,,,,,,,,,,,,,,,,,,,,,,,,,,,,,,,,,,,,,,,,,,,,,,,,,,,,,,,,,,,,,,,,,,,,,,,,,,,,,,,,,,,,,,,,,,,,,,,,,,,,,,,,,,,,,,,,,,,,,,,,,,,,,,,,,,,,,,,,,,,,,,,,,,,,,,,,,,,,,,,,,,,,,,,,,,,,,,,,,,,,,,,,,,,,,,,,,,,,,,,,,,,,,,,,,,,,,,,,,,,,,,,,,,,,,,,,,,,,,,,,,,,,,,,,,,,,,,,,,,,,,,,,,,,,,,,,,,,,,,,,,,,,,,,,,,,,,,,,,,,,,,,,,,,,,,,,,,,,,,,,,,,,,,,,,,,,,,,,,,,,,,,,,,,,,,,,,,,,,,,,,,,,,,,,,,,,,,,,,,,,,,,,,,,,,,,,,,,,,,,,,,,,,,,,,,,,,,,,,,,,,,,,,,,,,,,,,,,,,,,,,,,,,,,,,,,,,,,,,,,,,,,,,,,,,,,,,,,,,,,,,,,,,,,,,,,,,,,,,,,,,,,,,,,,,,,,,,,,,,,,,,,,,,,,,,,,,,,,,,,,,,,,,,,,,,,,,,,,,,,,,,,,,,,,,,,,,,,,,,,,,,,,,,,,,,,,,,,,,,,,,,,,,,,,,,,,,,,,,,,,,,,,,,,,,,,*/tɾˌaɪktˈɔːɾu/,,,,,,,,,,,,,,,,,,,,,,,,,,,,,,,,,,,,,,,,,,,,,,,,,,,,,,,,,,,,,,,,,,,,,,,,,,,,,,,,,,,,,,,,,,,
R282,,,,,,,,,,,,,,,,,,,,,,,,,,,,,,,,,,,,,,,,,,,,,,,,,,,,,,,,,,,,,,,,,,,,,,,,,,,,,,,,,,,,,,,,,,,,,,,,,,,,,,,,,,,,,,,,,,,,,,,,,,,,,,,,,*/ʃkˌãmbˈɛ̃ɲu/,,,,,,,,,,,,,,,,,,,,,,,,,,,,,,,,,,,,,,,,,,,,,,,,,,,,,,,,,,,,,,,,,,,,,,,,,,,,,,,,,,,,,,,,,,,,,,,,,,,,,,,,,,,,,,,,,,,,,,,,,,,,,,,,,,,,,,,,,,,,,,,,,,,,,,,,,,,,,,,,,,,,,,,,,,,,,,,,,,,,*/ə̃nkˌaːʃə̃ɾ̃ˈɛ̃ɲu/,,,,,,,,,,,,,,,,,,,,,,,,,,,,,,,,,,,,,,,,,,*/kˌãmbˈɛ̃ɲu/,,,,,,,,,,,,,,,,,,,,,,,,,,,,,,,,,,,,,,,,,,,,,,,,,,,,,,,,,,,,,,,,,,,,,,,,,,,,,,,,,,,,,,,,,,,,,,,,,,,,,,,,,,,,,,,,,,,,,,,,,,,,,,,,,,,,,,,,,,,,,,,,,,,,,,,,,,,,,,,,,,,,,,,,,,,,,,,,,,,,,,,,,,,,,,,,,,,,,,,,,,,,,,,,,,,,,,,,,,,,,,,,,,,,,,,,,,,,,,,,,,,,,,,,,,,,,,,,,,,,,,,,,,,,,,,,,,,,,,,,,,,,,,,,,,*/məɾˈɛ̃ɲu/,,,,,,,,,,,,,,,,,,,,,,,,,,,,,,,,,,,,,,,,,,,,,,,,,,,,,,,,,,,,,,,,,,,,,,,,,,,,,,,,,,,,,,,,,,,,,,,,,,,,,,,,,,,,,,,,,,,,,,,,,,,,,,,,,,,,,,,,,,,,,,,,,,,,,,,,,,,,,,,,,,,,,,,,,,,,,,,,,,,,,,,,,,,,,,,,,,,,,,,,,,,,,,,,,,,,,,,,,,,,,,,,,,,,,,,,,,,,,,,,,,,,,,,,,,,,,,,,,,,,,,,,,,,,,,,,,,,,,,*/ʃɪ̃məlˠˈɛ̃ɲu/,,,,,,,,,,,,,,,,,,,,,,,,,,,,,,,,,,,,,,,*/ʃpəɾˈɛ̃ɲu/,,,,,,,,,,,,,,,,,,,,,,,,,,,,,,,,,,,,,,,,,,,,,,,,,,,,,,,,,,,,,,,,,,,,,,,,,,,,,,,,,,,,,,,,,,,,,,,,,,,,,,,,,,,,,,,,,,,,,,,,,,,,,,,*/βɪʃkˈɛ̃ɲu/,,,,,,,,,,,,,,,,,,,,,,,,,,,,,,,,,,
R283,,,,,,,,,,,,,,,,,,,,,,,,,,,,,,,,,,,,,,,,,,,,,,,,,,,,,,,,,,,,,,,,,,,,,,,,,,,,,,,,,,,,,,,,,,,,,,,,,,,,,,,,,,,,,,,,,,,,,,,,,,,,,,,,,,,,,,,,,,,*/zmˈɔjlɛ/,,,,,,,,,,,,,,,,,,,,,,,,,,,,,,,,,,,,,,,,,,,,,,,,,,,,,,,,,,,,,,,,,,,*/fˌɔjlˈɛta/,,,,,,,,,,,,,,,,,,,,,,,,,,,,,,,,,,,,,,,,,,,,,,,,,,,,,,,,,,,,,,,,,,,,,,,,,,,,,,,,,,,,,,,,,,,,,,,,,,,,,,,,,,,,,,,,,,,,,,,,,,,,,,,,,,,,,,,,,,,,,,,,,,,,,,,,,,,,,,,,,,,,,,,,,,,,,,,,,,,,,,,,,,,,,,,,,,,,,,,,,,,,,,,,,,,,,,,,,,,,,,,,,,,,,,,,,,,,,,,,,,,,,,,,,,,,,,,,,,,,,,,,,,,,,,,,,,,,,,,,,,,,,,,,,,,,,,,,,,,,,,,,,,,,,,,,,,,,,,,,,,,,,,,,,,,,,,,,,,,,,,,,,,,,,,,,,,,,,,,,,,,,,,,,,,,,,,,,,,,,,,,,,,,,,,,,,,,,,,,,,,,,,,,,,,,,,,,,,,,,,,,,,,,,,,,,,,,,,,,,,,,,,,,,,,,,,,,,,,,,,,,,,,,,,,,,,,,,,,,,,,,,,,,,,,,,,,,,,,,,,,,,,,,,,,,,,,,,,,,,,,,,,,,,,,,,,,,,,,,,,,,,,,,,,,,,,,,,,,,,,,,,,,,,,,,,,,,,,,,,,,,,,,,,,,,,,,,,,,,,,,,,,,,,,,,,,,,,,,,,,,,,,,,,,,,,,,,,,,,,,,,,,,,,,,,,,,,,,,,,,,,,,,,,,,,,,,,,,,,,,,,,,,,,,,,,,,,,,,,,,,,,,,,,,,,,,,,,,,,,,,,,,,,,,,,,,,,,,,,,,,,,,,,,,,,,,,,,,,,,,,,,,,,,,,,,,,,,,,,,,,,,,,,,,,,,,,,,,,,,,,,,,,,,,,,,,,,,,,,,,,,,,,,,,,,,,,,,,,,,,,,,,,,,,,,,,,,,,,,,,,,,,,,,,,,,,,,,,,,,,,,,,,,,,,,,,,,,,,,,,,,,,,,,,,,,,
R284,,,,,,,,,,,,,,,,,,,,,,,,,,,,,,,,,,,,,,,,,,,,,,,,,,,,,,,,,,,,,,,,,,,,,,,,,,,,,,,,,,,,,,,,,,,,,,,,,,,,,,,,,,,,,,,,,,,,,,,,,,,,,,,,,,,,,,,,,,,,,,,,,,,,,,,,,,,,,,,,,,,,,,,,,,,,,,,,,,,,,,,,,,,,,,,,,,,,,,,,,,,,,,,,,,,,,,,,,,,,,,,,,,,,,,,,,,,,,,,,,,,,,,,,,,,,,,,,,,,,,,,,,,,,,*/əɾənd͡zˈɔ̃ɲu/,,,,,,,,,,,,,,,,,,,,,,,,,,,,,,,,,,,,,,,,,,,,,,,,,,,,,,,,,,,,,,,,,,,,,,,,,,,,,,,,,,,,,,,,,,,,,,,,,,,,,,,,,,,,,,,,,,,,,,,,,,,,,,,,,,,,,,,,,,,,,,,,,,,,,,,,,,,,,,,,,,,,,,,,,,,,,,,,,,,,,,,,,,,,,,,,,,,,,,,,,,,,,,,,,,,*/kˌuːtɪd͡zˈɔ̃ɲu/,,,,,,,,,,,,,,,,,,,,,,,,,,,,,,,,,,,,,,,,,,,,,,,,,,,,,,,,,,,,,,,,,,,,,,,,,,,,,,,,,,,,,,,,,,,,,,,,,,,,,,,,,,,,,,,,,,,,,,,,,,,,,,,,,,,,,,,,,,,,,,,,,,,,,,,,,,,,,,,,,,,,,,,,,,,,,,,,,,,,,,,,,,,,,,,,,,,,,,,,,,,,,,,,,,,,,,,,,,,,,,,,,,,,,,,,,,,,,,,,,,,,,,,,,,,,,,,,,,,,,,,,,,,,,,,,,,,,,,,,,,,,,,,,,,,,,,,,,,,,,,,,,,,,,,,,,,,,,,,,,,,,,,,,,,,,,,,,,,,,,,,,,,,,,,,,,,,,,,,,,,,,,,,,,,,,,,,,,,,,,,,,,,,,,,,,,,,,,,,,,,,,,,,,,,,,,,,,,,,,,,,,,,,,,,,,,,,,,,,,,,,,,,,,,,,,,,,,,,,,,,,,,,,,,,,,,,,,,,,,,,,,,,,,,,,,,,,,,,,,,,,,,,,,,,,,,,,,,,,,,,,,,,,,,,,,,,,,,,,,,,,,,,,,,,,,,,,,,,,,,,,,,,,,,,,,,,,,,,,,,,,,,,,,,,,,,,,,,,,,,,,,,,,,,,,,,,,,,,,,,,,,,,,,,,,,,,,,,,,
R285,,,,,,,,,,,,,,,,,,,,,,,,,,,,,,,,,,,,,,,,,,,,,,,,,,,,,,,,,,,,,,,,,,,,,,,,,,,,,,,,,,,,,,,,,,*/dɪkˌatˈɔ̃ɲu/,,,,,,,,,,,,,,,,,,,,,,,,,,,,*/hˌeðɪtˈɔ̃ɲu/,,,,,,,,,,,,,,,,,,,,,,,,,,,,,,,,,,,,,,,,,,,,,,,,,,,,,,,,,,,,,,,,,,,,,,,,,,,,,,,,,,,,,,,,,,,,,,,,,,,,,,,,,,,,,,,,,,,,,,,,,,,,,,,,,,,,,,,,,,,,,,,,,,,,,,,,,,,,,,,,,,,,,,,,,,,,,,,,,,,,,,,,,,,,,,,,,,,,,,,,,,,,,,,,,,,,,,,,,,,,,,,,,,,,,,,,,,,,,,,,,,,,,,,,,,,,,,,,,,,,,,,,,,,,,,,,,,,,,,,,,,,,,,,,,,,,,,,,,,,,,,,,,,,,,,,,,,,,*/kˌulːɪtˈɔ̃ɲu/,,,,,,,,,,,,,,,,,,,,*/kˌuːʃkɾɪtˈɔ̃ɲu/,,,,,,,,,,,,,,,,,,,,,,,,,,,,,,,,,,,,,,,,,,,,,,,,,,,,,,,,,,,,,,,,,,,,,,,,,,,,,,,,,,,,,,,,,,,,,,,,,,,,,,,,,,,,,,,,,,,,,,,,,,,,,,,,,,,,,,,,,,,,,,,,,,,,,,,,,,,,,,,,,,,,,,,,,,,,,,,,,,,,,,,,,,,,,,,,,,,,,,,,,,,,,,,,,,,,,,,,,,,,,,,,,,,,,,,,,,,,,,,,,,,,,,,,,,,,,,,,,,,,,,,,,,,,,,,,,,,,,,,,,,,,,,,,,,,,,,,,,,,,,,,,,,,,,,,,,,,,,,,,,,,,,,,,,,,,,,,,,,,,,,,,,,,,,,,,,,,,,,,,,,,,,,,,,,,,,,,,,,,,,,,,,,,,,,,,,,,,,,,,,,,,,,,,,,,,,,,,,,,,,,,,,,,,,,,,,,,,,,,*/kˌalɪʃˈɛ̃ɲtu/,,,,,,,,,,,,,,,,,,,,,,,,,,,,,,,,,,,,,,,,,,,,,,,,,,,,,,,,,,,,,,,,,,,,,,,,,,,,,,,,,,,,,,,,,,,,,,,,,,,,,,,,,,,,,,,,,,,,,,,,,,,,,,,,,,,,,,,,,,,,,,,,,,,,,,,,,,,,,,,,,,,,,,,,,,,,,,,,,,,,,,,,,,,,,,,,,,,,,,,,,,,,,,,,,,,,,,,,,,,,,,,,,,
R286,,,,,,,,,,,,,,,,,,,,,,,,,,,,,,,,,,,,,,,,,,,,,,,,,,,,,,,,,,,,,,,,,,,,,,,,,,,,,,,,,,,,,,,,,,,,,,,,,,,,,,,,,,,,,,,,,,,,,,,,,,,,,,,,,,,,,,,,,,,,,,,,,,,,,,,,,,,,,,,,,,,,,,,,,,,,,,,,,,,,,,,,,,,,,,,,,,,,,,,,,,,,,,,,,,,,,,,,,,,,,,,,,,,,,,,,,,,,,,,,,,,,,,,,,,,,,,,,,,,,,,,,,,,,,,,,,,,,,,,,,,,,,,,,,,,,,,,,,,,,,,,,,,,,,,,,,,,,,,,,,,,,,,,,,,,,,,,,,,,,,,,,,,,,,,,,,,,,,,,,,,,,,,,,,,,,,,,,,,,,,,,,,,,,,,,,,,,,,,,,,,,,,,,,,,,,,,,,,,,,,,,,,,,,,,,,,,,,,,,,,,,,,,,,,,,,,,,,,,,,,,,,,,,,,,,,,,,,,,,,,,,,,,,,,,,,,,,,,,,,,,,,,,,,,,,,,,,,,,,,,,,,,,,,,,,,,,,,,,,,,,,,,,,,,,,,,,,,,,,,,,,,,,,,,,,,,,,,,,,,,,,,,,,,,,,,,,,,,,,,,,,,,,,,,,,,,,,,,,,,,,,,,,,,,,,,,,,,,,,,,,,,,,,,,,,,,,,,,,,,,,,,,,,,,,,,,,,,,,,,,,,,,,,,,,,,,,,,,,,,,,,,,,,,,,,,,,,,,,,,,,,,,,,,,,,,,,,,,,,,,,,,,,,,,,,,,,,,,,,,,,,,,,,,,,,,,,,,,,,,,,,,,,,,,,,,,,,,,,,,,,,,,,,,,,,,,,,,,,,,,,,,,,,,,,,,,,,,,,,,,,,,,,,,,,,,,,,,,,,,,,,,,,,,,,,,*/ʃkɾˈɔ̃ɲu/,,,,,,,,,,,,,,,,,,,,,,,,,,,,,,*/ʃkɾˈetu/,,,,,,,,,,,,,,,,,,,,,,,,,,,,,,,,,,,,,,,,,,,,,,,,,,,,,,,,,,,,,,,,,,,,,,,,,,,,,,,,,,,,,,,,,,,,,,,,,,,,,,,,,,,,,,,,,,,,,,,,,,,,,,,,,,,,,,,,,,,,,,,,,,,,,,,,,,,,,,,,,,,,,,,,,,,,,,,,,,,,,,,,,,,,,,,,,,,,,,,,,,,,,,,,,,,,,,,,,
R287,,,,,,,,,,,,,,,,,,,,,,,,,,,,,,,,,,,,,,,,,,,,,,,,,,,,,,,,,,,,,,,,,,,,,,,,,,,,,,,,,,,,,,,,,,,,,,,,,,,,,,,,,,,,,,,,,,,,,,*/hˌeðtˈɔ̃ɲu/,,,,,,,,,,,,,,,,*/ʃkˌaːðkˈɔ̃ɲu/,,,,,,,*/ʃpɪðtˈɔ̃ɲu/,,,,,,,,,,,,,,*/rːˌaðkˈɔ̃ɲu/,,,,,,,,,,,,,,,,,,,,,,,,,,,,,,,,,,,,,,,,,,*/fʃˈikulˠa/,,,,,,,,,,,,,,,,*/fʃˈatu/,,,,,,,,,,,,,,,,,,,,,,,,,,,,,,,,,,,,,,,,,,,,,,,,,,,,,,,,,,,,,,,,,,,,,,,,,,,,,,,,,,,,,,,,,,,,,,,,,,,,,,,,,,,,,,,,,,,,*/βtˈɔ̃ɲu/,,,,,*/ɟˌyðkˈɔ̃ɲu/,*/ɟˌyðkˈata/,*/ɟˈyðcju/,,,,,,,,,,,,,,,,,,,,,,,,,,,,,,,,,,,,,,,,,,,,,,,,,,,,,,,,,,,,,,,,,,,,,,,,,,,,,,,,,,,,,,,,,,,,,,,,,,,,,,,,,,,,,,,,,,,,,,,,,,,,,,,,,,,,,,,,,,,,,,,,,,,,,,,,,,,,,,,,,,,,,,,,,,,,,,,,,,,,,,,,,,,,,,,,,,,,,,,,,,,,,,,,*/lɪvcˈeːɾu/,,,,,,,,,,,,,,,,,,,,,,,,,,,,,,,,,,,,,*/mˌaːlˠəðkˈɔ̃ɲu/,,,,,,,,,,,,,,,,,,,,,,,,,,,,,,,,,,,,,,,,*/mɪðkˈɔ̃ɲu/,*/mɪðkˈaʃtɾu/,*/mˈɛːðku/,*/mɪðtˈɔ̃ɲu/,,,,,,,,,,,,,,,,,,,,,,,,,,,,,,,,,,,,,,,,,,,,,,,,,,,,,,,,,,,,,,,,,,,,,,,,,,,,,,,,,,,,,,,,,,,,,,,,,,,,,,,,,,,,*/pˈɛːðka/,,*/ə̃mpˈɛːðka/,,,,,,,,,,,,,,,,,,,,,,,,,,,,,,,,,,,,,,,,,,,,,,,,,,,,,,,,,,,,,,,,*/pɾˈevtɪɾ/,,,,,,,,,,,,,,,,,,,,,,,,,,,,,,,,,,,,,,,,,,,,,,,,,,,,,,,,,,,,,,,,,,,,,,,,,,,,,,,,,,,,,,,,,,,,,,,,,,,,,,,,,,,,,,,,,,,,,,,,,,,,,,,,,,,,,,,,,,,,,,,,,,,,,,,,,,,,,,,,,,,,,,,,,,,,,,,,,,,,,,,,,,,,,,,,,,,,,,,,,,,,,,,,,,,,,,,,,,,,,,,,,,,,,,,,,,,,,,,,,,,*/tɾˌyðkulˈĩɲu/,,,,,,,,,,,,,,,,,,,,,,,,,,,,,,,,,,,,,,*/βtɪlˠˈɔ̃ɲu/,,,,,,,,*/βʃˈika/,,,,,,,,,*/βcˈĩːnu/,,,,,,,,,,,,,,,*/βtˈuʎa/,,,,,,,,
R288,,,,,,,,,,,,,,,,,,,,,,,,,,,,,,,,,,,,,,,,,,,,,,,,,,,,,,,,,,,,,,,,,,,,,,,,,,,,,,,,,,,,,,,,,,,,,,,,,,,,,,,,,,,,*/mˌuːðʃtɪkˈɔ̃ɲu/,,,,,,,,,,*/hˌeːðtˈɔ̃ɲu/,,,,,,,,,,,,,,,,,,,,,,,,,,,,,,,,,,,,,,,,,,,,,,,,,,,,,,,,,,,,,,,,,,,,,,,,,,,,,,,,,,,,,,,,,,,,,,,,,,,,,,,,,,,,,,,,,,,,,,,,,,,,,,,,,,,,,,,,,,,,,,,,,,,,,,,,,,,,,,,,,,,,,,,,,,,,,,,,,,,,,,,,,,,,,,,,,,,,,,,,,,,,,,,,,,,,,,,,*/ɟˌyːðkˈɔ̃ɲu/,*/ɟˌyːðkˈata/,*/ɟˈyːðcju/,,,,,,,,,,,,,,,,,,,,,,,,,,,,,,,,,,,,,,,,,,,,,,,,,,,,,,,,,,,,,,,,,,,,,,,,,,,,,,,,,,,,,,,,,,,,,,,,,,,,,,,,,,,,,,,,,,,,,,,,,,,,,,,,,,,,,,,,,,,,,,,,,,,,,,,,,,,,,,,,,,,,,,,,,,,,,,,,,,,,,,,,,,,,,,,,,,,,,,,,,,,,,,,,,,,,,,,,,,,,,,,,,,,,,,,,,,,,,,,,,,,,,,,,,,,,,,,,,,,,,,,,,,,,,,,,,,,,,,,,,,,,,,,,,,,,,,,,,,,,,,,,,,,,,,,,,,,,,,,,,,,,,,,,,,,,,,,,,*/nˈœːðlˠu/,,,,,,,,*/nˈuːðsa/,,,,,,,,,,,,,,,,,,,,,,,,,,,,,,,,,,,,,,,,,,,,,,,,,,,,,,,,,,,,,,,,,,,,,,,,,,,,,,,,,,,,,,,,,,,,,,,,,,,,,,,,,,,,,,,,,,,,,,,,,,,,,,,,,,,,,,,,,,,,,,,,,,,,,,,,,,,,,,,,,,,,,,,,,,,,,,,,,,,,,,,,,,,,,,,,,,,,,,,,,,,,,,,,,,,,,,,,,,,,,,,,,,,,,,,,,,,,,,,,,,,,,,,,,,,,,,,,,,,,,,,,,,,,,,,,,,,,,,,,,,,,,,,,,,,,,,,,,,,,,,,,*/ʃˌuːðtɪrːˈija/,,,,,,,,,,,,,,,,,,,,,,,,,,,,,,,,,,,,,,,,,,,,,,,,,,,,,,,,,,,,,,,,,,,,,,,,,,,,,,,,,,,,,,,,,,,,,,,,,,,,,,,,,,,,,,,,,,,,,,,,,,,,,,,,,,,,,,
R289,,,,*/blˈĩəɲɔ/,,,,,,,,*/ˈiəta/,*/ˈiəva/,,,,,,,,,,,,,,,,,,,,,,,,,,,,,,,*/hˌaɾmɪʃˈuəɾu/,,,,,,,,,,*/rːˈyəlˠu/,,,,,,,*/bˌaɾˈũəɾ̃ɪ/,,,,,*/bˌĩːɲˈuəɾu/,,,,,,,,,,,,,,,,,,,,*/dˌeːtˈuəɾɪ/,,,,,,,,,,,,,,,,,,,,,,,*/dˌulˈyəɾɪ/,,,*/dɾə̃nkˈũəɾ̃ɪ/,,,,,,,,,,,,,,,,,,,,,,,,,,,,,,,,,,,,,,,,,,,,,,,,,*/əˈyəj̃ɲu/,,,,,,,*/fəˈỹəɲu/,,*/fˌaːlkˈũəɾ̃ɪ/,,,,,,,,,,,,,,*/fˌɛːɾˈuəɾu/,,*/fɪ̃ɾ̃ˈiəʃtɾa/,,,,,,,,,,,,,,,,,,,,,,,,,,,,,,,,,,,,,,,,,,,,*/fˌuʃcɲˈuəɾu/,,,,,,,,,,,,,*/ɟˈiəʃtɾa/,,,,,,,,,,,,,,,,,,,,,,,,,,,,,*/ɟˈũənːu/,,,,,,,,,,*/ə̃mpɪɾˌætˈuəɾɪ/,*/pɪɾəntˈuəɾɪ/,,,,,,,,,,,,,,,,,,,,,,,,,,,,,,,,,,,,,,,,,,*/ə̃ntɲˈỹəɲu/,,,,,,,,,,,,,,,,,*/cˈiəlˠu/,,,,*/kˌalˠə̃ndˈuəɾu/,,,,,,,,,,,,,,,,,,,,,*/kˌapɾˈuəlˠu/,,,,,*/kˌapˈũəɾ̃ɪ/,,,,,,,,,,,,,,*/kˌaʃtə̃ɾ̃ˈiətu/,*/kˌaʃtˈiəlːa/,*/kˌaʃtˈiəlːu/,,,,,,,,,*/cˌɛɾəʃˈuəɾu/,*/kəɾˈyəlːu/,*/kəɾˈyəɾu/,,,,,,,,,,,,,,,,,,,,,,,,,,,,,,,,,,,,,,,,,,,,,*/kˌɔːktˈuəɾu/,,,,,,,,,,,,,,,,*/kˌũːntɾˈuəlˠu/,*/kˌũːntɾəʃtˈuəɾu/,,,,,,,,,,,,,,*/kˈuəɾu/,,,,,,,,,,,,,,,,,,,,,,,,,,,,,,,,,,,,,,,,,,,,,,,,,,,,*/ləkˈũəɾ̃ɪ/,,,,,,*/lə̃ŋɟˈyəɾɪ/,,,,,,,,,,,,,,,*/lˈũənːɪ/,,,,,,,,,,,,,,,,,*/ləˈũəɲu/,,,,,*/lˌukttˈuəɾɪ/,,,*/lˌuðcˈiəɾbulˠu/,,*/mˈiəʃtɾu/,,,,,,,,,,,,,,,,,,,,,,,,,,,,,,,,,,,,,,,,,,,,,,,,*/mˈiəðku/,,*/mˈiəzu/,,,,,,,,,,*/mˈiətulˠa/,,,,,,,,,,,,,,,,,,,,,,,,,*/mˌuʃcɪlˠˈuəɾu/,,,,,,,,,*/mˈiəɡulˠa/,,,,*/nˈyəðlˠu/,,,,,*/nəˈiəɾka/,,,,,,,*/ˈuəʃtɾu/,*/ˈuəʎu/,,*/ˈyəpɪɾa/,,*/ˈyəɾbu/,,,*/ˈyəɾðɐɾ̃ɪ/,*/ˈuərːu/,*/ˈuəɾfɐɾ̃u/,,*/ˈyətu/,*/ˈyəɐsa/,*/ˈyəa/,,,,,,,,,,,,,,,,,,,,,,*/fɾˌaʃˈuəlˠu/,*/fˌaʃˈuəlˠu/,,,,,,,,,*/pˌaːlˠˈũəɾ̃ɪ/,*/pˈiəðka/,,*/ə̃mpˈiəðka/,,,,*/pˈiəpɐɾ̃ɪ/,,*/pˈiəɾɡulˠa/,,,,,,,,*/pˈiəʃɪka/,,*/pˈiətɾu/,,,,,,,,,,,,*/pɪʃkətˈuəɾɪ/,,,,,,,,,,,,,,,,*/pˌulːɪkˈyəɾu/,,,,,,,,,,,,,,,,,,*/pɾəˈũəɲu/,,,,,,,,,,,,,,,,,,,,,,,*/rːəˈũəɲu/,,,,,,,,,,*/rːˌaʃtˈiəlːu/,*/ˌarːəsˈỹəɾ̃ɪ/,,,,,,,,,,,,,,,,,,,,,,,,,,,,,,,,,,,,,,,,,,,,,,,,,,,,,,,,,,,,,,,,,,,,,*/ʃˌeːlɪcə̃ɾ̃ˈuəɾu/,,,,,,,,,,,,*/ʃəɾbɪtˈuəɾɪ/,,*/ʃˈiəʃu/,,,,,,,,,,,,,,,,,,,,,,,,,,,,,,,,,,,,,*/ʃˈuəlˠu/,,,,,,,,,,,,,,,,,,,,,,,,,,,,,,,*/ʃəˈũəɲu/,,,,,,,,,,,,,,,,,,,,,,,*/tˈiəɡulˠa/,,,,*/təɾˈyəlːa/,*/təɾˈyəlːa/,,,,,*/tɪ̃mˈũəɾ̃ɪ/,*/tɪ̃mˈyəɾɪ/,,,,,,,,,,*/tɾˈyəza/,,*/tɾəˈũəɲu/,*/tɾˌaɪktˈuəɾu/,,,,,,,,,,,,,,,,*/tɾˌuʃkˈỹəɲu/,,,,,,,,,,,,,,,,,,,,,,,,,,*/βəˈỹəɲu/,,,,,,,,,,,,,*/βˈiəɾʃa/,,,,,,,,*/βˈiətɪɾɪ/,,,,,,,,,,,,,,,,,,,,,,,,,,,,
R290,,,,,,,,,,,,,,,,,,,,,,,,,,,,,,,,,,,,,,,,,,,,,,,,,,,,,,,,,,,,,,,,,,,,,,,,,,,,,,,,,,,,,,,,,,,,,,,,,,,,,,,,,,,,,,,,,,,,,,,,,,,,,,,,,,,,,,*/ʃkˌaːðɡˈɔ̃ɲu/,,,,,,,,,,,,,,,,,,,,,*/rːˌaðɡˈɔ̃ɲu/,,,,,,,,,,,,,,,,,,,,,,,,,,,,,,,,,,,,,,,,,,,,,,,,,,,,,,,,,,,,,,,,,,,,,,,,,,,,,,,,,,,,,,,,,,,,,,,,,,,,,,,,,,,,,,,,,,,,,,,,,,,,,,,,,,,,,,,,,,,,,,,,,,,,,,,,,,,,,,,,,,,,,,,,,,,,,,,,,,,,*/ɟˌyːðɡˈata/,,,,,,,,,,,,,,,,,,,,,,,,,,,,,,,,,,,,,,,,,,,,,,,,,,,,,,,,,,,,,,,,,,,,,,,,,,,,,,,,,,,,,,,,,,,,,,,,,,,,,,,,,,,,,,,,,,,,,,,,,,,,,,,,,,,,,,,,,,,,,,,,,,,,,,,,,,,,,,,,,,,,,,,,,,,,,,,,,,,,,,,,,,,,,,,,,,,,,,,,,,,,,,,,,,,,,,,,,,,,,,,,,,,,,,,,,,,,,*/lˌuðɡˈatu/,,,,,,,,,,,,,,,,,,,,,,,,,,,,,,,,,,,,,,,,,,,,,,,,,,*/mɪðɡˈaʃtɾu/,,,,,,,,,,,,,,,,,,,,,,,,,,,,,,,,,,,,,,,,,,,,,,,,,,,,,,,,,,,,,,,,,,,,,,,,,,,,,,,,,,,,,,,,,,,,,,,,,,,,,,,,,,,,,,,,,,,,,,,,,,,,,,,,,,,,,,,,,,,,,,,,,,,,,,,,,,,,,,,,,,,,,,,,,,,,,,,,,,,,,,,,,,,,,,,,,,,,,,,,,,,,,,,,,,,,,,,,,,,,,,,,,,,,,,,,,,,,,,,,,,,,,,,,,,,,,,,,,,,,,,,,,,,,,,,,,,,,,,,,,,,,,,,,,,,,,,,,,,,,,,,,,,,,,,,,,,,,,,,,,,,,,,,,,,,,,,,,,,,,,,,,,,,,,,,,,,,,,,,,,,,,,,,,,,,,,,,,,,,,,,,,,,,,,,,,,,,,,,,,,,,,,,,,,,,,,,,,,,,,,,,,,,,,,,,,,,,,,,,,,,,,,,,,,,,,,,,,,,,,,,,,,,,,,,,,,,,,,,,,,,,,,,,,,,,,,,,,,
R291,,,,,,,,,,,,,,,,,,,,,,,,,,,,,,,,,,,,,,,,,,,,,,,,,,,,,,,,,,,,,,,,,,,,,,,,,,,,,,,,,,,,,,,,,,,,,,,,,,,,,,,,,,,,,,,,,,,,,,,,,,,,,,,,,,,,,,,,,,,,,,,,,,,,,,,,,,,,,,,,,,,,,,,,,,,,,,,,,,,,,,,,,,,,,,,,,,,,,,,,,,,,,,,,,,,,,,,,,,,,,,,,,,,,,,,,,,,,,,,,,,,,,,,,,,,,,,,,,,,,,,,,,,,,,,,,,,,,,,,,,,,,,,,,,,,,,,,,,,,,,,,,,,,,,,,,,,,,,,,,,,,,,,,,,,,,,,,,,,,,,,,,,,,,,,,,,,,,,,,,,,,,,,,,,,,,,,,,,,,,,,,,,,,,,,,,,,,,,,,,,,,,,,,,,,,,,,,,,,,,,,,,,,,,,,,,,,,,,,,,,,,,,,,,,,,,,,,,,,,,,,,,,,,,,,,,,,,,,,,,,,,,,,,,,,,,,,,,,,,,,,,,,,,,,,,,,,,,,,,,,,,,,,,,,,,,,,,,,,,,,,,,,,,,,,,,,,,,,,,,,,,,,,,,,,,,,,,,,,,,,,,,,,,,,,,,,,,,,,,,,,,,,,,,,,,,,,,,,,,,,,,,,,,,,,,,,,,,,,,,,,,,,,,,,,,,,,,,,,,,,,,,,,,,,,,,,,,,,,,,,,,,,,,,,,,,,,,,,,,,,,,,,,,,,,,,,,,,,,,,,,,,,,,,,,,,,,,,,,,,,,,,,,,,,,,,,,,,,,,,,,,,,,,,,,,,,,,,,,,,,,,,,,,,,,,,,,,,,,,,,,,,,,,,,,,,,,,,,,,,,,,,,,,,,,,,,,,,,,,,,,,,,,,,,,,,,,,,,,,,,,,,,,,,,,,,,,,,,,,,,,,,,,,,,,,,,,,,,,,,,,,,,,,,,,,,,,,,,,,,,,,,,,,,,,,,,,,,,,,,,,,,,,,,,,,,,,,,,,,,,,,,,,,,,,,,,,,,,,,,,,,,,,,,,,,,,,,,,,,,,,,,,,,,,,,,,,,,,,,,,,,,,,,,*/tɾˌaktˈuəɾu/,,,,,,,,,,,,,,,,,,,,,,,,,,,,,,,,,,,,,,,,,,,,,,,,,,,,,,,,,,,,,,,,,,,,,,,,,,,,,,,,,,,,,,,,,,,
R292,,,,*/blˈĩe̯ɲɔ/,,,,,,,,*/ˈie̯ta/,*/ˈie̯va/,,,,,,,,,,,,,,,,,,,,,,,,,,,,,,,*/hˌaɾmɪʃˈuo̯ɾu/,,,,,,,,,,*/rːˈyø̯lˠu/,,,,,,,*/bˌaɾˈũo̯ɾ̃ɪ/,,,,,*/bˌĩːɲˈuo̯ɾu/,,,,,,,,,,,,,,,,,,,,*/dˌeːtˈuo̯ɾɪ/,,,,,,,,,,,,,,,,,,,,,,,*/dˌulˈyø̯ɾɪ/,,,*/dɾə̃nkˈũo̯ɾ̃ɪ/,,,,,,,,,,,,,,,,,,,,,,,,,,,,,,,,,,,,,,,,,,,,,,,,,*/əˈyø̯j̃ɲu/,,,,,,,*/fəˈỹø̯ɲu/,,*/fˌaːlkˈũo̯ɾ̃ɪ/,,,,,,,,,,,,,,*/fˌɛːɾˈuo̯ɾu/,,*/fɪ̃ɾ̃ˈie̯ʃtɾa/,,,,,,,,,,,,,,,,,,,,,,,,,,,,,,,,,,,,,,,,,,,,*/fˌuʃcɲˈuo̯ɾu/,,,,,,,,,,,,,*/ɟˈie̯ʃtɾa/,,,,,,,,,,,,,,,,,,,,,,,,,,,,,*/ɟˈũo̯nːu/,,,,,,,,,,*/ə̃mpɪɾˌætˈuo̯ɾɪ/,*/pɪɾəntˈuo̯ɾɪ/,,,,,,,,,,,,,,,,,,,,,,,,,,,,,,,,,,,,,,,,,,*/ə̃ntɲˈỹø̯ɲu/,,,,,,,,,,,,,,,,,*/cˈie̯lˠu/,,,,*/kˌalˠə̃ndˈuo̯ɾu/,,,,,,,,,,,,,,,,,,,,,*/kˌapɾˈuo̯lˠu/,,,,,*/kˌapˈũo̯ɾ̃ɪ/,,,,,,,,,,,,,,*/kˌaʃtə̃ɾ̃ˈie̯tu/,*/kˌaʃtˈie̯lːa/,*/kˌaʃtˈie̯lːu/,,,,,,,,,*/cˌɛɾəʃˈuo̯ɾu/,*/kəɾˈyø̯lːu/,*/kəɾˈyø̯ɾu/,,,,,,,,,,,,,,,,,,,,,,,,,,,,,,,,,,,,,,,,,,,,,*/kˌɔːktˈuo̯ɾu/,,,,,,,,,,,,,,,,*/kˌũːntɾˈuo̯lˠu/,*/kˌũːntɾəʃtˈuo̯ɾu/,,,,,,,,,,,,,,*/kˈuo̯ɾu/,,,,,,,,,,,,,,,,,,,,,,,,,,,,,,,,,,,,,,,,,,,,,,,,,,,,*/ləkˈũo̯ɾ̃ɪ/,,,,,,*/lə̃ŋɟˈyø̯ɾɪ/,,,,,,,,,,,,,,,*/lˈũo̯nːɪ/,,,,,,,,,,,,,,,,,*/ləˈũo̯ɲu/,,,,,*/lˌukttˈuo̯ɾɪ/,,,*/lˌuðcˈie̯ɾbulˠu/,,*/mˈie̯ʃtɾu/,,,,,,,,,,,,,,,,,,,,,,,,,,,,,,,,,,,,,,,,,,,,,,,,*/mˈie̯ðku/,,*/mˈie̯zu/,,,,,,,,,,*/mˈie̯tulˠa/,,,,,,,,,,,,,,,,,,,,,,,,,*/mˌuʃcɪlˠˈuo̯ɾu/,,,,,,,,,*/mˈie̯ɡulˠa/,,,,*/nˈyø̯ðlˠu/,,,,,*/nəˈie̯ɾka/,,,,,,,*/ˈuo̯ʃtɾu/,*/ˈuo̯ʎu/,,*/ˈyø̯pɪɾa/,,*/ˈyø̯ɾbu/,,,*/ˈyø̯ɾðɐɾ̃ɪ/,*/ˈuo̯rːu/,*/ˈuo̯ɾfɐɾ̃u/,,*/ˈyø̯tu/,*/ˈyø̯ɐsa/,*/ˈyø̯a/,,,,,,,*/pˌaɡˈuõ̯ɲɔ/,,,,,,,,,,,,,,,*/fɾˌaʃˈuo̯lˠu/,*/fˌaʃˈuo̯lˠu/,,,,,,,,,*/pˌaːlˠˈũo̯ɾ̃ɪ/,*/pˈie̯ðka/,,*/ə̃mpˈie̯ðka/,,,,*/pˈie̯pɐɾ̃ɪ/,,*/pˈie̯ɾɡulˠa/,,,,,,,,*/pˈie̯ʃɪka/,,*/pˈie̯tɾu/,,,,,,,,,,,,*/pɪʃkətˈuo̯ɾɪ/,,,,,,,,,,,,,,,,*/pˌulːɪkˈyø̯ɾu/,,,,,,,,,,,,,,,,,,*/pɾəˈũo̯ɲu/,,,,,,,*/pɾəˈuːõ̯ɲu/,,,,,,,,,,,,,,,,*/rːəˈũo̯ɲu/,,,,,,,,,,*/rːˌaʃtˈie̯lːu/,*/ˌarːəsˈỹø̯ɾ̃ɪ/,,,,,,,,,,,,,,,,,,,,,,,,,,,,,,,,,,,,,,,,,,,,,,,,,,,,,,,,,,,,,,,,,,,,,*/ʃˌeːlɪcə̃ɾ̃ˈuo̯ɾu/,,,,,,,,,,,,*/ʃəɾbɪtˈuo̯ɾɪ/,,*/ʃˈie̯ʃu/,,,,,,,,,,,,,,,,,,,,,,,,,,*/ʃkɾˈuõ̯ɲu/,,,,,,,,,,,*/ʃˈuo̯lˠu/,,,,,,,,,,,,,,,,,,,,,,,,,,,,,,,*/ʃəˈũo̯ɲu/,,,,,,,,,,,,,,,,,,,,,,,*/tˈie̯ɡulˠa/,,,,*/təɾˈyø̯lːa/,*/təɾˈyø̯lːa/,,,,,*/tɪ̃mˈũo̯ɾ̃ɪ/,*/tɪ̃mˈyø̯ɾɪ/,,,,,,,,,,*/tɾˈyø̯za/,,*/tɾəˈũo̯ɲu/,*/tɾˌaktˈuo̯ɾu/,,,,,*/tɾˈuo̯lˠu/,,,,,,,,,,,*/tɾˌuʃkˈỹø̯ɲu/,,,,,,,,,,,,,,,,,,,,,,,,,,*/βəˈỹø̯ɲu/,,,,,,,,,,,,,*/βˈie̯ɾʃa/,,,,,,,,*/βˈie̯tɪɾɪ/,,,,,,,,,,,,,,,,,,,,,,,*/βˈuõ̯ɲu/,,,,,
R293,,,,,,,,,,,,,,,,,,,,,,,,,,,,,,,,,,,,,,,,,,,,,,,,,,,,,,,,,,,,,,,,,,,,,,,,,,,,,,,,,,,,,,,,,,,,,,,,,,,,,,,,,,,,,*/dˌulˠˈyø̯ɾɪ/,,,,,,,,,,,,,,,,,,,,,,,,,,,,,,,,,,,,,,,,,,,,,,,,,,,,,,,,,,,,,,,,,,,,,,,,,,,,,,,,,,,,,,,,,,,,,,,,,,,,,,,,,,,,,,,,,*/flˠˌektˈeɾja/,,,,,,,,,,,,,,,,,,,,,,,,,,,,,,,,,,,,,,,,,,,,,,,,,,,,,,,,,,,,,,,,,,,,,,,,,,,,,,,,,,,,,,,,,,,,,,,,,,,,,,,,,,,,,,,,,,,,,,,,,,,,,,,,,,,,,,,,,,,,,,,,,,,,,,,,,,,,,,,,,,,,,,,,,,,,,,,,,,,,,,,,,,,,,,,,,,,,,,,,,,,,,,,,,,,,,,,,,,,,,,,,,,,,,,,,,,,*/kˈuʃulˠɪ/,,,,,,,,,,,,,,,,,,,,,,,,,,,,,,,,,,,,,,,,,,,,,,,,,,,,,,,,,,,,,,,,,,,,,,,,,,,,,,,,,,,,,,,,,,,,,,,,,,,,,,,,,,,,,,,,,,,,,,,,,,,,,,,*/mˌɐlˠˈetu/,,,,,,,,,,,,,,,,,,,,,,,,,,,,,,,,,,,,,,,,,,,,,,,,,,,,,,,,,,,,,,,,*/mˌulˠˈĩːnu/,,,,,,,,,,,,,,,,,,,,,,,,,,,,,,,,,,,,,,,*/ˌulˠˈĩːɾ̃u/,,,,,,,,,,,,,,*/pəˈyːlˠɪ/,,,,,,,,,,,,,,,,,,,,,,,,,,,,,,,,,,,,,,,,,*/pɪrːdulˠˈẽɲu/,*/ə̃ndˌulˠˈẽɲu/,,,,,,,,,,,,,,,,,,,,,,,,,,,,,,,,,,,,,,,,,,,,,,,,,,,,,,,,,,,,,,,,*/pˈulˠɪka/,*/pˈulˠɪku/,,,,,,,,,,,,,,,,,,,,,,,,,,,,,,,,,,,,,,,,,,,,,,,,,,,,,,,,,,,,,,,,,,,,,*/ʃɪlˠˈĩna/,*/ʃɪlˠˈĩɲu/,,,,,,,,,,,,,,,,,,,,,,,,,,,,,,,,,,,,,,,,,,,,,,,,,,,,,,,,,,,,,,,,,,,,,,,,,,,,,,,,,,,,,,,,,,,,,,,,,,,,,,,,,,,,,,,,,,,,,,,,,,,,,,,,,,,,,,,,,,,,,,,,,,,,,,,,,,,,,,,,,,,*/tɾˌyðkulˠˈĩɲu/,,,,,,,,,,,,,,,,,,,,,,,,,,,,,,,,,,,,,,,,,,,,,,,,,,,,,,,,,,,,,,,,,,,,,,,,,,,,,,
R294,,,,,,,,,,,,,,,,,,,,,,,,,,,,,,,,,,,,,,,,,,,,,,,,,,,,,,,,,,,,,,,,,,,,,,,,,,,,,,,,,,,,,,,,,,,,,,,,,,,,,,,,,,,,,,,,,,,,,,,,,,,,,,,,,,,,,,,,,,,,,,,,,,,,,,,,,,,,,,,,,,,,,,,,,,,,,,,,,,,,,,,,,,,,,,,,,,,,,,,,,,,,,,,,,,,,,,,,,,,,,,,,,,,,,,,,,,,,,,,,,,,,,,,,,,,,,,,,,,,,,,,,,,,,,,,,,,,,,,,,,,,,,,,,,,,,,,,,,,,,,,,,,,,,,,,,,,,,,,,,,,,,,,,,,,,,,,,,,,,,,,,,,,,,,,,,,,,,,,,,,,,,,,,,,,,,,,,,,,,,,,,,,,,,,,,,,,,,,,,,,,,,,,,,,,,,,,,,,,,,,,,,,,,,,,,,,,,,,,,,,,,,,,,,,,,,,,,,,,,,,,,,,,,,,,,,,,,,,,,,,,,,,,,,,,,,,,,,,,,,,,,,,,,,,,,,,,,,,,,,,,,,,,,,,,,,,,,,,,,,,,,,,,,,,,,,,,,,,,,,,,,,,,,,,,,,,,,,,,,,,,,,,,,,,,,,,,,,,,,,,,,,,,,,,,,,,,,,,,,,,,,,,,,,,,,,,,,,,,,,,,,,,,,,,,,,,,,,,,,,,,,,,,,,,,,,,,,,,,,,,,,,,,,,,,,,,,,,,,,,,,,,,,,,,,,,,,,,,,,,,,,,,,,,,,,,,,,,,,,,,,,,,,,,,,,,,,,,,,,,,,,,,,,,,,,,,,,,,,,,,,,,,,,,,,,,,,,,,,,,,,,,,,,,,,,,,,,,,,,,,,,,,,,,,,,,,,,,,,,,,,,,,,,,,,,,,,,,,,,,,,,,,,,,,,,,,,,,,,,,,,,,,,,,,,,,,,,,,,,,,,,,,,,,,,,,,,,,,,,,,,,,,,,,,,,,,,,,,,,,,,,,,,,,,,,,,,,,,,,,,,,,,,,,,,,,,,,,,,,,,,,,,,,,,,,,,,,,,,,,,,,,,,,,,,,,,,,,,,,,,,,,,,,,,,,,,,,,,,,,,,,,,,,,,,,,,,,,,,,,,,,,,,,,,,,,,,,,,,,,,,*/βɪrːˈiɡulˠu/,,,,,,,,,,,,,,,,,,,,,,,,,,,,,,,,,,,,,
R295,*/hˌavərːˈɔ̃ɲu/,,,,,,,,,*/rːˈẽmə/,*/ʃtə̃mˈɔ̃ɲu/,,,*/cˈĩŋɟə/,,*/cˈiptɾə/,,,,,*/ˌalləɡˈɔɾˈia/,*/əltˈeːɾə/,,,,,*/ˈẽməta/,,,*/ˈẽnɟəlˠu/,,,,,,,*/pɾˈilə/,,,,,,,*/hˌaɾməʃˈuo̯ɾu/,,,,,,*/ˈaʃpəɾ/,,,,,,,,,,,*/bˌaɾˈũo̯ɾ̃ə/,,,,,,,*/bɾˈecə/,,,,,,,*/bəˈuːlcə/,,,,,,*/bˈutə/,*/dˈɛ̃mɐɾ̃ə/,,,,*/dˌeːtˈuo̯ɾə/,*/dˌeːtˈɔɾəsu/,,*/dəlˌiːɾˈɔ̃ɲu/,*/dəkˌatˈɔ̃ɲu/,*/dəpˌɑ̃ɾ̃ətɾˈɔ̃ɲu/,*/dəpəʃtˈɔ̃ɲu/,*/dəɾə̃mˈɔ̃ɲu/,*/dəʃˌiːɾˈɔ̃ɲu/,*/dəʃəˈiːɾa/,,,*/dəɡtˈɔ̃ɲu/,,,*/dəɾˈejtu/,*/də/,*/dəʃkəˌaːlːəkˈɔ̃ɲu/,*/dəʃkˌaɾkˈɔ̃ɲu/,,*/dəʃcˌyːɾtˈɔ̃ɲu/,*/dəzbˌulːˈɔ̃ɲu/,*/mˌuːðʃtəkˈɔ̃ɲu/,*/dˌulˠˈyø̯ɾə/,,*/dɾˈecə/,*/dɾə̃nkˈũo̯ɾ̃ə/,,,*/dˈucə/,*/dˌupləkˈɔ̃ɲu/,,,,,,,*/ʃˌɑ̃ɾ̃ə̃mˈɔ̃ɲu/,,,,*/ʃkəˌaːlːəkˈɔ̃ɲu/,,,,,,*/ʃkˌatərːˈɔ̃ɲu/,,*/ʃcˈipə/,,,,,,*/ʃpəðtˈɔ̃ɲu/,,*/ʃpəlːˈãːɲu/,*/ʃpəɾlˈãːɲu/,,*/ʃtə̃ɾ̃ˈɔ̃ɲu/,,,*/zbəɟəlˠˈɔ̃ɲu/,,,,,*/pəʃkəpˈia/,,,,*/rːəˈyːlˠa/,,,,,,,,,,,,*/fˌaːlkˈũo̯ɾ̃ə/,,,,,,,,,,,*/fəʎˈɔlˠa/,,,,,*/fə̃ɾ̃ˈie̯ʃtɾa/,*/fərːˈuʃka/,,,,*/fəʎˈãnːu/,*/fˈeləka/,*/fəʎˈeʃtəɾ/,*/fˌulːəcˈetu/,,,,,,,,,,,,,,*/fˈurːicə/,,*/fˈɔɾtə/,,,,,,,,,,,,,,,,,,,,,,,,,,*/ɟˈelːə/,,,,,,,,*/ɟˈĩntə/,,,,*/lˈiːɾə/,,,,,*/ɡɾˈiɟə/,,,,,,,,,,,,*/vərːˈĩːnu/,*/vərːˈiza/,*/hˈĩnːəkulˠa/,*/nːəkulˠˈɔ̃ɲu/,,,,,,,,,*/ˈiləcə/,*/ˈiləcˈetu/,,*/ə̃mpəɾətˈeʃa/,*/pəɾəntˈeʃa/,*/ə̃mpəɾˌætˈuo̯ɾə/,*/pəɾəntˈuo̯ɾə/,*/ə̃mpəɾˌætuɾˈeʃa/,*/ə̃mpəɾˈetu/,*/ə̃mpəɾˈetɔɾ/,,,*/ə̃mmˈũːnə/,,,,,,*/ə̃ndəʃpkˈɔ̃ɲu/,,*/ə̃ndəkˈɔ̃ɲu/,*/ə̃ndəktˈɔ̃ɲu/,*/ə̃ndəɾətˈɔ̃ɲu/,*/ə̃ndəɾˈecu/,,,,,,*/ˌɑ̃ːɾ̃ə̃mˈiku/,*/ə̃nkəˌaːlːəkˈɔ̃ɲu/,,,*/ə̃nkɲəɾˈɔ̃ɲu/,,,*/kˈuðə/,*/kˈuðɐɾ̃ə/,,,,*/ə̃npəkˈatu/,*/ə̃npəʃˈɔ̃ɲu/,,,*/ə̃ntəlːəɡˈɔ̃ɲu/,*/ə̃ntəɾɡˈɔ̃ɲu/,*/ə̃ntəɾ/,,,,*/məzˈɔ̃ɲu/,,*/məsˈɔ̃ɲu/,*/ɟˈɔɐnːə/,,,,,,,,,,,,,,,,*/cˈeləcə/,,*/cˈelːə/,,,*/cˈẽməɾa/,,,,*/kˈãɾ̃ɐpə/,,*/cˈẽːnːə/,,,,,,,,,,,,,,*/kˌapˈũo̯ɾ̃ə/,,*/kˈaptə/,,,,,,*/cˈerːə/,,,,,,,,,,,,*/cˈĩntə/,,,,,,,,,,,,,*/cˈicəɾə/,,*/cˈĩməka/,,,,,,,,*/cˌyːtˈetə/,,,,,,,,,*/klə̃mˈẽntə/,,,*/kˌuʎətˈɔ̃ɲu/,,,,,*/kˌulːˈaɾə/,,*/kˌulːətˈɔ̃ɲu/,*/kˌulːə̃mətˈɔ̃ɲu/,,,,,,,,,,,,*/kˌũːmmə̃ɾ̃əkˈɔ̃ɲu/,*/kˈũmtəɾ/,,,,,,*/kˌuːʃkɾətˈɔ̃ɲu/,,,*/kˈuʃulˠə/,*/kˌuːtə̃ntˈɔ̃ɲu/,,,,,*/kˌuːvə̃ntˈɔ̃ɲu/,,*/kˌuːpəɾtˈyɾa/,,,,,,,,,,,,,,,*/kˌuːtəd͡zˈɔ̃ɲu/,,,,,,,,,,*/kɾəʃtˈẽɾ̃a/,*/kɾəʃtəntˈelə/,,,,*/kɾˈucə/,,,,,,,*/kˈulmə/,,,,,,,,,,,,,,,,,,,,,,,*/ləvəɾˈɔ̃ɲu/,,*/ləkˈũo̯ɾ̃ə/,,*/ləʃˈɔ̃ɲu/,,,,*/lə̃ŋɟˈyø̯ɾə/,,,,,,,,,,,*/ləvcˈeːɾu/,,*/lˈiɟə/,,*/lˈũo̯nːə/,*/lˈɛpuɾə/,*/lˈɛpuʎə/,,,,,,,,,,,,*/lˌepətˈyɾa/,,*/lˈetəɾa/,,,,,,*/lˌukttˈuo̯ɾə/,*/lˈũntɾə/,,,,,,*/mˌaːʃtəɾˈɔ̃ɲu/,,,,,*/mˌaːlːəsˈɔlˠa/,,,,*/mˌaːləsˈɔ̃ɲu/,,,,,,,,,,,,,*/mˈaɾɟɐɾ̃ə/,,*/məɾəkˈɔʃu/,,,,,,*/mˈaɾmuɾə/,,*/mˈaɾtə/,,,,,,,*/məʃtəkˈɔ̃ɲu/,,,,,*/məðkˈɔ̃ɲu/,*/məðɡˈaʃtɾu/,,*/məðtˈɔ̃ɲu/,,*/məʃˈœɾa/,,*/mˈɛ̃ntə/,*/məɾəzˈœ̃ɲu/,,,,,,,,,*/mˌɑ̃ːɾ̃əʃtɾˈɔ̃ɲu/,,,,,*/məʃəɾˈeːɾə/,*/məʃˈiɾa/,,,*/mˌulˠˈaɾə/,,,,,,*/mˈɔɾtə/,,,,,,,*/mˌuʃcəlˠˈuo̯ɾu/,,,,,,,,,,,,,,,,,,,,*/nˈũməɾu/,,,,,,,,*/ˈyø̯pəɾa/,,,,,*/ˈyø̯ɾðɐɾ̃ə/,,,,,,,,*/pəˈyːlˠə/,,,,,,,,,*/pˈacə/,,,,,,,,,,*/pəɾˈĩntə/,,,,,*/pˌaʃtəɾˈaku/,,,,,,*/pˌaːlˠˈũo̯ɾ̃ə/,,*/pˈɛ̃ndəka/,,,,*/pəʃˈɔ̃ɲu/,*/pˈie̯pɐɾ̃ə/,,,,*/pərːdulˠˈẽɲu/,,,,*/pəɾbəɟəlˠˈɔ̃ɲu/,*/pəʃəkˈɔ̃ɲu/,*/pˈie̯ʃəka/,,,,,,,,,,,,,*/pˈeʃcə/,*/pəʃkətˈuo̯ɾə/,,*/pəʃtˈeɾja/,,*/pˈetəku/,,,,,,,,,,,,*/pˌulːəkˈyø̯ɾu/,*/pˌulːəcˈeːɾə/,,,,,,,,,,*/pˈɔʃtə/,*/pˈɔʃtəɾɔ/,,*/pˌuʃtˈetə/,,,,,,*/pɾˈevtəɾ/,,*/pɾˈĩncə/,,,,,,,*/pˈulˠəka/,*/pˈulˠəku/,,,,*/pˈulbəɾə/,,,,,,,,,,,*/rːˈẽmə/,,*/rːˈepə/,,,,,*/ˌarːəsˈỹø̯ɾ̃ə/,,*/rːəfˈɛɲu/,,,,,,*/rːəʃˈĩna/,*/rːəʃəɾɡˈɔ̃ɲu/,*/rːˈetə/,*/rːˈeʃtə/,,,,,,,,,,,,*/rːəʃˈaʎa/,,,,,,,*/rːˈuðə/,,,,,,,,*/ʃətˈɔ̃ɲu/,*/ʃˌaːʎətˈɔ̃ɲu/,,,,*/ʃˈeləcjɛ/,*/ʃˈeləka/,*/ʃˈelə̃ncjɛ/,*/ʃˌeːləcˈetu/,*/ʃəlˠˈĩna/,*/ʃəlˠˈĩɲu/,,,,,*/ʃˌãntˈetə/,*/ʃˌɑ̃ɾ̃ətˈɔʃu/,,,*/ʃˌãntrːˌiːtˈetə/,,*/ʃˌãɲtməxəˈiːlˠɔ/,,,,*/kˌaləʃˈɛ̃ɲtu/,*/ʃˌãɲtəðə̃mˈitɾə/,*/ʃˌãɲtnəkˈɔlˠa/,,,,*/ʃˌeːləcə̃ɾ̃ˈuo̯ɾu/,*/ʃəɾmˈɛ̃ntu/,,,*/ʃəkˈɔ̃ɲu/,,,,,*/ʃəɾtˈɔ̃ɲu/,,,*/ʃəɾbətˈuo̯ɾə/,*/ʃəɾbətˈyɾa/,,*/ʃə̃ŋnˈɔ̃ɲu/,,,,,*/ʃə̃məlˠˈɛ̃ɲu/,*/ʃə̃məlˠətˈyɾa/,,,,,,,*/ʃcˈẽmnə/,,,,,,,,,,,,,,,,,,,,,,,,,*/ʃˈɔɾtə/,,*/ʃˌuɾtələɟˈija/,,,,,,,,,,,,,,*/ʃtˈetə/,,*/ʃtərːˈaku/,,,,,,,,,,,,,,,*/ʃˌuːðtərːˈija/,*/ʃˌufəɾˈẽɲu/,,,,*/ʃˌupəɾkəˈeːlə/,,,,,,,,,,,*/tˈeːɾə/,,*/tˈiɡmɐɾ̃ə/,,,,,,,*/tərːmˈœtu/,*/tərːˈatku/,,*/ə̃ntəʃtmˈɔ̃ɲu/,*/tə̃mˈũo̯ɾ̃ə/,*/tə̃mˈyø̯ɾə/,,,,,,,,,,,,,,,,,*/tɾˌaʃəɡˈɔ̃ɲu/,,*/tɾˌazməzˈɔ̃ɲu/,*/tɾəfˈɔʎa/,*/tɾəfˈilːu/,*/tɾəfˈuɾku/,*/tɾə̃məʃˈãɾ̃a/,,*/tɾˈiʃtə/,,,,,,,,,,,,,,,,,,,*/tˈuɾtuɾə/,,,,,,,,,,,,*/βˈalːə/,,,,,*/βə̃ɾ̃ˈẽɾ̃a/,*/βə̃ɾ̃ˈẽːɾ̃u/,,*/βtəlˠˈɔ̃ɲu/,,*/βəɾtˈetə/,*/βərːˈiɡulˠu/,,,*/βəʃkˈɛ̃ɲu/,,,*/məʃˈika/,*/βəʃtɡˈɔ̃ɲu/,,*/βˈie̯təɾə/,,*/βəɟˈilˠaj/,,,,,,,,,*/βˈiɾɟɐɾ̃ə/,,,*/βˈeɾðə/,*/βəɾtˈytə/,*/βəʃtˈɔ̃ɲu/,,,,,*/βˈitɾəku/,,,,,*/βˌulˠə̃ntˈetə/,*/βˈɔ̃mə/,
R296,,,,,,,,,,,,,,,,,,,,,,,,,,,,,,,,,,,,,,,,,,,,,,,,,,,,,,,,,,,,,,,,,,,,,,,,,,,,,,,,,,,,,,,,,,,,,,,,,,,,,,,,,,,,,,,,,,,,,,,,,,,,,,,,,,,,,,,,,,,,,,,,,,,,,,,,,,,,,,,,,,,,,,,,,,,,,,,,,,,,,,,,,,,,,,,,,,,,,,,,,,,,,,,,,,,,,,,,,,,,,,,,,,,,,,,,,,,,,,,,,,,,,,,,,,,,,,,,,,,,,,,,,,,,,,,,,,,,,,,,,,,,,,,,,,,,,,,,,,,,,,,,,,,,,,,,,,,,,,,,,,,,,,,,,,,,,,,,,,,,,,,,,,,,,,,,,,,,,,,,,,,,,,,,,,,,,,,,,,,,,,,,,,,,,,,,,,,,,,,,,,,,,,,,,,,,,,,,,,,,,,,,,,,,,,,,,,,,,,,,,,,,,,,,,,,,,,,,,,,,,,,,,,,,,,,,,,,,,,,,,,,,,,,,,,,,,,,,,,,,,,,,,,,,,,,,,,,,,,,,,,,,,,,,,,,,,,,,,,,,,,,,,,,,,,,,,,,,,,,,,,,,,,,,,,,,,,,,,,,,,,,,,,,,,,,,,,,,,,,,,,,,,,,,,,,,,,,,,,,,,,,,,,,,,,,,,,,,,,,,,,,,,,,,,,,,,,,,,,,,,,,,,,,,,,,,,,,,,,,,,,,,,,,,,,,,,,,,,,,,,,,,,,,,,,,,,,,,,,,,,,,,,,,,,,,,,,,,,,,,,,,,,,,,,,,,,,,,,,,,,,,,,,,,,,,,,,,,,,,,,,,,,,,,,,,,,,,,,,,,,,,,,,,,,,,,,,,,,,,,,,,,,,,,,,,,,,,,,,,,,,,,,,,,,,,,,,,,,,,,,,,,,,,,,,,,,,,,,,,,,,,,,,,,,,,,,,,,,,,,,,,,,,,,,,,,,,,,,,,,,,,,,,,,,,,,,,,,,,,,,,,,,,,,,,,,,,,,,,,,,,,,,,,,,,,,,,,,,,,,,,,,,,,,,,,,,,,,,,,,,,,,,,,,,,,,,,,,,,,,,,,,,,,,,,,,,,,,,,,,,,,,,,,,,,,,,,,,,,,,,,,,,,,,,,,,,,,,,,,,,,,,,,,,,,,,,,,,,,,,,,,,,,,,,,,,,,,,,,,
R297,,,,,,,,,,,,,,,,,,,,,,,,,,,,,,,,,,,,,,,,,,,,,,,,,,,,,,,,,,,,,,,,,,,,,,,,,,,,,,,,,,,,,,,,,,,,,,,,,,,,,,,,,,,,,,,,,,,,,,,,,,,,,,,,,,,,,,,,,,,,,,,,,,,,,,,,,,,,,,,,,,,,,,,,,,,,,,,,,,,,,,,,,,,,,,,,,,,,,,,,,,,,,,,,,,,,,,,,,,,,,,,,,,,,,,,,,,,,,,,,,,,,,,,,,,,,,,,,,,,,,,,,,,,,,,,,,,,,,,,,,,,,,,,,,,,,,,,,,,,,,,,,,,,,,,,,,,,,,,,,,,,,,,,,,,,,,,,,,,,,,,,,,,,,,,,,,,,,,,,,,,,,,,,,,,,,,,,,,,,,,,,,,,,,,,,,,,,,,,,,,,,,,,,,,,,,,,,,,,,,,,,,,,,,,,,,,,,,,,,,,,,,,,,,,,,,,,,,,,,,,,,,,,,,,,,,,,,,,,,,,,,,,,,,,,,,,,,,,,,,,,,,,,,,,,,,,,,,,,,,,,,,,,,,,,,,,,,,,,,,,,,,,,,,,,,,,,,,,,,,,,,,,,,,,,,,,,,,,,,,,,,,,,,,,,,,,,,,,,,,,,,,,,,,,,,,,,,,,,,,,,,,,,,,,,,,,,,,,,,,,,,,,,,,,,,,,,,,,,,,,,,,,,,,,,,,,,*/nˌə̃mːə̃ɾ̃ˈɔ̃ɲu/,,,,,,,,,,,,,,,,,,,,,,,,,,,,,,,,,,,,,,,,,,,,,,,,,,,,,,,,,,,,,,,,,,,,,,,,,,,,,,,,,,,,,,,,,,,,,,,,,,,,,,,,,,,,,,,,,,,,,,,,,,,,,,,,,,,,,,,,,,,,,,,,,,,,,,,,,,,,,,,,,,,,,,,,,,,,,,,,,,,,,,,,,,,,,,,,,,,,,,,,,,,,,,,,,,,,,,,,,,,,,,,,,,,,,,,,,,,,,,,,,,,,,,,,,,,,,,,,*/ʃcˌə̃ntˈiʎa/,,,,,,,,,,,,,,,,,,,,,,,,,,,,,,,,,,,,,,,,,,,,,,,,,,,,,,,,,,,,,,,,,,,,,,,,,,,,,,,,,,,,,,,,,,,,,,,,,,,,,,,,,,,,,,,,,,,,,,,,,,,,,,,,,,,,,,,,,,,,,,,,,,,,,,,,,,,,,,,,,,,,,,,,,,,,,,,,,,,,,,,,,,,,,
R298,,*/bˈɛ̃ŋnu/,*/bˈɛ̃ŋɲa/,,,,,,,*/rːˈɛ̃mə/,,,,,,,,,,,,*/əltˈɛːɾə/,,,*/mˈɛ̃ndulˠa/,,*/ˈɛ̃məta/,,,*/ˈɛ̃nɟəlˠu/,,,,,,,,,,,,,,,,,,,,,,*/ˌaβlə̃mˈɛ̃ntu/,,,,,,,,,,,,,,,,*/bɾˈɛcə/,,,,,*/bˌulcˈɛʃu/,,,,,,,,,,,,*/dˌɛːtˈɔ̃ɲu/,*/dˌɛːtˈuo̯ɾə/,*/dˌɛːtˈɔɾəsu/,*/dˌɛːtˈyɾa/,,,,,,,,,,,*/dˈɛ̃ɲa/,,*/dəɾˈɛjtu/,,,,,,,,,,*/dɾˈɛcə/,,,,,,,*/hˌɛːðtˈɔ̃ɲu/,,,*/ʃˈɛ̃mɐɾ̃a/,,,,,*/ʃˈɛ̃ɲu/,,,,*/ʃkˌãndˈɛ̃ɲu/,,,,,,,,,,,,,,,,,,,,,,*/pˈɛʃkɔpu/,*/wˌʊpˈɛʃkpə/,,,,,,*/ˈɛʃka/,,,,,,*/fˌɐʎˈɛ̃ɲu/,*/fəlːˈɛ̃ɲu/,,,,,*/fˈacjɛ/,,,,,,,,,,,,,,*/fˈɛ̃mɐɾ̃a/,,,,,,,*/fˈɛləka/,*/fəʎˈɛʃtəɾ/,*/fˌulːəcˈɛtu/,,,,,,,,,,,,,,,,,,,,,,,*/fɾˈɛ̃ɾ̃a/,*/fɾˈɛ̃ːɾ̃u/,,,,*/flˠˌɛktˈɛɾja/,,,*/fˌɔ̃nːˈɛːɾu/,,,,,,,,*/ɟˈɛlbɐɾ̃u/,,,*/ɟˈɛlːə/,,,,,,,,,,,,,,,,,,,,,,,,,,,,,,,,,,,*/ˌurːˈɛ̃ɲu/,,*/jˌãːnnˈɛːɾu/,,,,,*/ˈiləcˈɛtu/,,*/ə̃mpəɾətˈɛʃa/,*/pəɾəntˈɛʃa/,,,*/ə̃mpəɾˌætuɾˈɛʃa/,*/ə̃mpəɾˈɛtu/,*/ə̃mpəɾˈɛtɔɾ/,,,,,,,,,,,,,,*/ə̃ndəɾˈɛcu/,*/ə̃ndəʎˈɛ̃ɲu/,,,*/ə̃ŋɡə̃ɲˈɛ̃ɲu/,,,,,,,,,,,,,,,,*/ʃˈɛ̃ɲa/,,,,,,,,,,,,,,,,,,,,,,,*/kˌalˠə̃mˈɛtu/,,,,*/cˈɛləcə/,*/kəlcˈɛɾja/,*/cˈɛlːə/,,,*/cˈɛ̃məɾa/,,,,,*/kə̃ndˈɛlˠa/,*/cˈɛ̃ːnːə/,,,*/kə̃nːˈɛtu/,,,,,,,,,*/kˌapˈɛʃtɾu/,,,*/cˈɛpɾu/,,*/cˈɛrːjɛ/,,,*/cˌɛɾmɲˈɔ̃ɲu/,,*/cˈɛrːə/,,,,*/cˈɛʃɐɾ̃a/,,,,,,,,,,,*/cˈɛpa/,*/cˌɛpˈulːa/,,,,,*/kəɾʃˈɛdɾa/,,,,,,,,,,,,,,*/cˌyːtˈɛtə/,,,,,,,,,*/klə̃mˈɛ̃ntə/,,,,,,,,,,,,,,*/kˌulˠə̃mnˈɛsa/,,,,,,,,,,,,,,,,,,,,,,,,,,,,,,,,,,,,,,,,,,,,,*/kɾˌiːjˈɛsa/,,*/kɾˈɛtku/,*/kɾˈɛzma/,*/kɾˌɛzmˈɔ̃ɲu/,*/kɾˈɛʃpa/,*/kɾˈɛʃta/,*/kɾəʃtˈɛ̃ɾ̃a/,*/kɾəʃtəntˈɛlə/,,,,,,,,,,,,,,,,,,,,,,*/kərːˈɛʃma/,,,,,,,,*/cˈɛtu/,,,,,,,,,,,,,*/lə̃ncjˈɛɾja/,,,,,,,,,,*/ləvcˈɛːɾu/,,,,,,,,,,,,,,,,,,*/lˌɛpətˈyɾa/,*/lˈɛʃu/,*/lˈɛtəɾa/,,,,,,,,,,,,,,,*/mˌajˈɛɾja/,,,,,*/mˌɐlˠˈɛtu/,,,,,,,,,,,,,,,,,,,,,*/məɾtˈɛsa/,,,*/məɾcˌĩːnˈɛtu/,,,,,,,,,,,,,,,,,,,,,,,,*/məɾcˈɛːɾu/,,,,*/mˌɛːɾɡˈɔ̃ɲu/,,,*/məɾˈɛkulˠu/,,,*/mˈɛʃa/,*/məʃəɾˈɛːɾə/,,,,,,,,,,,,,,,,,,,,,,,*/mˈɛrːa/,,,,,,,,,,,,,,,,,,,,,,,,,,,,,,,,,,,,*/pˌɛ̃ntˈɛ̃ɲu/,,,,,,,,,,,,,,,,,,,,,,,,,,,,,,,,,,*/pˈɛʃa/,,,,,,*/pərːdulˠˈɛ̃ɲu/,*/ə̃ndˌulˠˈɛ̃ɲu/,,,,,,*/pˌɛːtɾˈɛʃu/,,,*/pˈɛ̃ŋnu/,*/pˌɛːɾtˈɔ̃ɲu/,,,,,,*/pˈɛ̃nːa/,,*/pˈɛʃcə/,,,*/pəʃtˈɛɾja/,*/pˈɛta/,*/pˈɛtəku/,*/pˈɛtulˠa/,,,,,,,,,,,,*/pˌulːəcˈɛːɾə/,*/pˈɛ̃mːa/,,,,,,,,,,,,*/pˌuʃtˈɛtə/,,,,,,*/pɾˈɛvtəɾ/,*/pɾə̃məvˈɛɾa/,,,,,,,*/pɾə̃mːˌɛːtˈɔ̃ɲu/,,,,,,,,,,,,,,*/rːˈɛza/,,,*/rːˈɛ̃mə/,,*/rːˈɛpə/,,,,,,*/rːˈɛva/,,*/ɾˈɛɟə/,*/rːˈɛɡulˠu/,,*/rːˈɛ̃mu/,*/rːə̃ndˈɛ̃ɲu/,,,*/rːˈɛtə/,*/rːˈɛʃtə/,*/rːˈɛtɐɾ̃a/,,,,,,,,,,,,,,,,,,,,,,,,,*/ʃˌɐɟˈɛta/,,,,,,*/ʃˈɛləcjɛ/,*/ʃˈɛləka/,*/ʃˈɛlə̃ncjɛ/,*/ʃˌɛːləcˈɛtu/,,,,*/ʃˌɛːlbˈasa/,*/ʃˌɛːlbˈɛlːa/,,*/ʃˌãntˈɛtə/,,,,*/ʃˌãntrːˌiːtˈɛtə/,,,*/ʃˌãntəˌãndɾˈɛːjaː/,*/ʃˌãɲtəˌãndɾˈɛja/,,,,,,,,*/ʃˌɛːləcə̃ɾ̃ˈuo̯ɾu/,,,*/ʃkɾˈɛtu/,,,,,,,*/ʃəɾbˈɛ̃ɲu/,*/ʃəɾbˈɛsu/,,,,,*/ʃˈɛ̃ŋnu/,,*/ʃˈɛkla/,,,,,*/ʃˈɛɾpu/,,*/zɟˈɛbjɛ/,,,*/ʃcˈɛ̃mnə/,,,,,,,,,*/ʃkˌɔːpˈɛtu/,,,,,,,,,,,,,,,,,,,,,*/ʃpəɾˈɛsa/,,,,*/ʃpˈɛʃu/,,,,,,,*/ʃtˈɛtə/,,,,*/ʃtɾˈɛ̃mbɐɾ̃u/,,,*/ʃtɾˈɛ̃ɲtu/,,,,,,,,,,,*/ʃˌufəɾˈɛ̃ɲu/,,,,*/ʃˌupəɾkəˈɛːlə/,,,,,,,,,,,*/tˈɛːɾə/,,,,,,,,,,,,,,,,*/tˈɛ̃ɲa/,,,,,,,,,,,,,,,,,,,,,,,,,,,,,,,,,,,,,,,,,,,,,,,,,,,,*/βˌɐʎˈɛ̃ɲu/,,,,,*/βlˈɛsa/,*/βˈɛːlˠu/,*/βə̃ɾ̃ˈɛ̃ɾ̃a/,*/βə̃ɾ̃ˈɛ̃ːɾ̃u/,,,*/βˈɛɾa/,*/βəɾtˈɛtə/,,,,,*/βˈɛʃku/,,,,,,,,,,,,,,,,,,*/βˈɛɾða/,*/βˈɛɾðə/,,,*/βˈɛʃtulˠu/,*/βˈɛʃku/,*/βˈɛsu/,,,,,,,*/βˌulˠə̃ntˈɛtə/,,
R299,,,,,,,,,,,,,,,,,,,,,,,,,,,,,,,,,,,,,,,,,,,,,,,,,,,,,,,,,,,,,,,,,,,,,,,,,,,,,,,,,,,,,,,,,,,,,,,,,,,,,,,,,,,,,,,,,,,,,,,,,,,,,,,,,,,,,,,,,,,,,,,,,,,,,,,,,,,,,,,,,,,,,,,,,,,,,,,,,,,,,,,,,,,,,,,,,,,,,,,,,,,,,,,,,,,,,,,,,,,,,,,,,,,,,,,,,,,,,,,,,,,,,,,,,,,,,,,,,,,,,,,,,,,,,,,,,,,,,,,,,,,,,,,,,,,,,,,,,,,,,,,,,,,,,,,,,,,,,,,,,,,,,,,,,,,,,,,,,,,,,,,,,,,,,,,,,,,,,,,,,,,,,,,,,,,,,,,,,,,,,,,,,,,,,,,,,,,,,,,,,,,,,,,,,,,,,,,,,,,,,,,,,,,,,,,,,,,,,,,,,,,,,,,,,,,,,,,,,,,,,,,,,,,,,,,,,,,,,,,,,,,,,,,,,,,,,,,,,,,,,,,,,,,,,,,,,,,,,,,,,,,,,,,,,,,,,,,,,,,,,,,,,,,,,,,,,,,,,,,,,,,,,,,,,,,,,,,,,,,,,,,,,,,,,,,,,,,,,,,,,,,,,,,,,,,,,,,,,,,,,,,*/mjˈɛːðku/,,,,,,,,,,,,,,,,,,,,,,,,,,,,,,,,,,,,,,,,,,,,,,,,,,,,,,,,,,,,,,,,,,,,,,,,,,,,,,,,,,,,,,,,,,,,,,,,,,,,,,,,,,,,,*/pjˈɛːðka/,,*/ə̃mpjˈɛːðka/,,,,,,,,,,,,,,,,,,,,,,,,,,,,,,,,,,,,,,,,,,,,,,,,,,,,,,,,,,,,,,,,,,,,,,,,,,,,,,,,,,,,,,,,,,,,,,,,,,,,,,,,,,,,,,,,,,,,,,,,,,,,,,,,,,,,,,,,,,,,,,,,,,,,,,,,,,,,,,,,,,,,,,,,,,,,,,,,,,,,,,,,,,,,,,,,,,,,,,,,,,,,,,,,,,,,,,,,,,,,,,,,,,,,,,,,,,,,,,,,,,,,,,,,,,,,,,,,,,,,,,,,,,,,,,,,,,,,,,,,,,,,,,,,,,,,,,,,,,,,,,,,,,,,,,,,,,,,,,,,,,,,,,,,,,,,,,,,,,,,,,,,,,,,,,,,,,,,,,,,,,,,,,,,,,,,,,,,,,,,,,,,,
R300,,,,,,,,,,,,,,,,,,,,,,,,,,,,,,,,,,,,,,,,,,,,,,,,,,,,,,,,,,,,,,,,,,,,,,,,,,,,,,,,,,,,,,,,,,,,,,,,,,,,,,,,,,,,,,,,,,,,,,,,,,,,,,,,,,,,,,,,,,,,,,,,,,,,,,,,,,,,,,,,,,,,,,,,,,,,,,,,,,,,,,,,,,,,,,,,,,,,,,,,,,,,,,,,,,,,,,,,,,,,,,,,,,,,,,,,,,,,,,,,,,,,,,,,,,,,,,,,,,,,,,,,,,,,,,,,,,,,,,,,,,,,,,,,,,,,,,,,,,,,,,,,,,,,,,,,,,,,,,,,,,,,,,,,,,,,,,,,,,,,,,,,,,,,,,,,,,,,,,,,,,,,,,,,,,,,,,,,,,,,,,,,,,,,,,,,,,,,,,,,,,,,,,,,,,,,,,,,,,,,,,,,,,,,,,,,,,,,,,,,,,,,,,,,,,,,,,,,,,,,,,,,,,,,,,,,,,,,,,,,,,,,,,,,,,,,,,,,,,,,,,,,,,,,,,,,,,,,,,,,,,,,,,,,,,,,,,,,,,,,,,,,,,,,,,,,,,,,,,,,,,,,,,,,,,,,,,,,,,,,,,,,,,,,,,,,,,,,,,,,,,,,,,,,,,,,,,,,,,,,,,,,,,,,,,,,,,,,,,,,,,,,,,,,,,,,,,,,,,,,,,,,,,,,,,,,,,,,,,,,,,,,,,,,,,,,,,,,,,,,,,,,,,,,,,,,,,,,,,,,,,,,,,,,,,,,,,,,,,,,,,,,,,,,,,,,,,,,,,,,,,,,,,,,,,,,,,,,,,,,,,,,,,,,,,,,,,,,,,,,,,,,,,,,,,,,,,,,,,,,,,,,,,,,,,,,,,,,,,,,,,,,,,,,,,,,,,,,,,,,,,,,,,,,,,,,,,,,,,,,,,,,,,,,,,,,,,,,,,,,,,,,,,,,,,,,,,,,,,,,,,,,,,,,,,,,,,,*/ʃcˈɔpa/,,,,,,,,,,,,,,,,,,,,,,,,,,,,,,,,,,,,,,,,,,,,,,,,,,,,,,,,,,,,,,,,,,,,,,,,,,,,,,,,,,,,,,,,,,,,,,,,,,,,,,,,,,,,,,,,,,,,,,,,,,,,,,,,,,,,,,,,,,,,,,,,,,,,,,,,,,,,,,,,,,,,,,,,,,,,,,,,,,,,,,,,
R301,,,,,,,,,,,,,,,,,,,,,,,,,,,,,,,,,,,,,,,,,,,,,,,,,,,,,,,,,,,,,,,,,,,,,,,,,,,,,,,,,,,,,,,,,,,,,,,,,,,,,,,,,,,,,,,,,,,,,,,,,,,,,,,,,,,,,,,,,,,,,,,,,,,,,*/zbɟəlˠˈɔ̃ɲu/,,,,,,,,,,,,,,,,,,,,,,,,,,,,,,,,,,,,,,,,,,,,,,,,,,,,,,,,,,,,,,,,,,,,,,,,,,,,,,,,,,,,,,,,,,,,,,,,,,,,,,,,,,,,,,,,,,,,,,,,,,,,,,,,,,,,,,,,,,,,,,,,,,,,,,,,,,,,,,,,,,,,,,,,,,,,,,,,,,,,,,,,,,,,,,,,,,,,,,,,,,,,,,,,,,,,,,,,,,,,,,,,,,,,,,,,,,,,,,,,,,,,,,,,,,,,,,,,,,,,,,,,,,,,,,,,,,,,,,,,,,,,,,,,,,,,,,,,,,,,,,,,,,,,,,,,,,,,,,,,,,,,,,,,,,,,,,,,,,,,,,,,,,,,,,,,,,,,,,,,,,,,,,,,,,,,,,,,,,,,,,,,,,,,,,,,,,,,,,,,,,,,,,,,,,,,,,,,,,,,,,,,,,,,,,,,,,,,,,,,,,,,,,,,,,,,,,,,,,,,,,,,,,,,,,,,,,,,,,,,,,,,,,,,,,,,,,,,,,,,,,,,,,,,,,,,,,,,,,,,,,,,,,,,,,,,,,,,,,,,,,,,,,,,,,,,,,,,,,,,,,,,,,,,,,,,,,,,,,,,,,,,,,,,,,,,,,,,,*/pəɾbɟəlˠˈɔ̃ɲu/,,,,,,,,,,,,,,,,,,,,,,,,,,,,,,,,,,,,,,,,,,,,,,,,,,,,,,,,,,,,,*/pˈulˠka/,*/pˈulˠku/,,,,,,,,,,,,,,,,,,,,,,,,,,,,,,,,,,,,,,,,,,,,,,,,,,,,,,,,,,,,,,,,,,,,,,,,,,,,,,,,,,,,,,,,,,,,,,,,,,,,,,,,,,,,,,,,,,,,,,,,,,,,,,,,,,,,,,,,,,,,,,,,,,,,,,,,,,,,,,,,,,,,,,,,,,,,,,,,,,,,,,,,,,,,,,,,,,,,,,,,,,,,,,,,,,,,,,,,,,,,,,,,,,,,,,,,,,,,,,,,,,,,,,,,,,,,,,,,,,,,,,,,,,,,,,,,,,,,,,,,,,,,,,,,,,,,,,,,,,,,,,,,,,,,,,,
R302,,,,,,,,,,,,,,,,,,,,,,,,,,,,,,,,,,,,,,,,,,,,,,,,,,,,,,,,,,,,,,,,,,,,,,,,,,,,,,,,,,,,,,,,,,,,,,,,,,,,,,,,,,,,,,,,,,,,,,,,,,,,,,,,,,,,,,,,,,,,,,,,,,,,,,,,,,,,,,,,,,,,,,,,,,,,,,,,,,,,,,,,,,,,,,,,,,,,,,,,,,,,,,,,,,,,,,,,,,,,,,,,,,,,,,,,,,,,,,,,,,,,,,,,,,,,,,,,,,,,,,,,,,,,,,,,,,,,,,,,,,,,,,,,,,,,,,,,,,,,,,,,,,,,,,,,,,,,,,,,,,,,,,,,,,,,,,,,,,,,,,,,,,,,,,,,,,,,,,,,,,,,,,,,,,,,,,,,,,,,,,,,,,,,,,,,,,,,,,,,,,,,,,,,,,,,,,,,,,,,,,,,,,,,,,,,,,,,,,,,,,,,,,,,,,,,,,,,,,,,,,,,,,,,,,,,,,,,,,,,,,,,,,,,,,,,,,,,,,,,,,,,,,,,,,,,,,,,,,,,,,,,,,,,,,,,,,,,,,,,,,,,,,,,,,,,,,,,,,,,,,,,,,,,,,,,,,,,,,,,,,,,,,,,,,,,,,,,,,,,,,,,,,,,,,,,,,,,,,,,,,,,,,,,,,,,,,,,,,,,,,,,,,,,,,,,,,,,,,,,,,,,,,,,,,,,,,,,,,,,,,,,,,,,,,,,,,,,,,,,,,,,,,,,,,,,,,,,,,,,,,,,,,,,,,,,,,,,,,,,,,,,,,,,,,,,,,,,,,,,,,,,,,,,,,,,,,,,,,,,,,,,,,,,,,,,,,,,,,,,,,,,,,,,,,,,,,,,,,,,,,,,,,,,,,,,,,,,,,,,,,,,,,,,,,,,,,,,,,,,,,,,,,,,,,,,,,,,,,,,,,,,,,,,,,,,,,*/ʃˌãɲtəðmˈitɾə/,,,,,,,,,,,,,,,,,,,,,,,,,,,,,,,,,,,,,,,,,,,,,,,,,,,,,,,,,,,,,,,,,,,,,,,,,,,,,,,,,,,,,,,,,,,,,,,,,,,,,,,,,,,,,,,,,,,,,,,,,,,,,,,,,,,,,,,,,,,,,,,,,,,,,,,,,,,,,,,,,,,,,,,,,,,,,,,,,,,,,,,,,,,,,,,,,,,,,,,,,,,,,,,,,,,,,,,,,,,,,,,,,
R303,,,,,,,,,,,,,,,,,,,,,,,,,,,,,,,,,,,,,,,,,,,,,,,,,,,,,,,,,,,,,,,,,,,,,,,,,,,,,,,,,,,,,,,,,,,,,,,,,,,,,,,,,,,,*/mˌuːʃtəkˈɔ̃ɲu/,,,,,,,,,,*/hˌɛːtˈɔ̃ɲu/,,,,,,,,,,,,,,,,*/ʃkˌaːɡˈɔ̃ɲu/,,,,,,,*/ʃpətˈɔ̃ɲu/,,,,,,,,,,,,,,*/rːˌaɡˈɔ̃ɲu/,,,,,,,,,,,,,,,,,,,,,,,,,,,,,,,,,,,,,,,,,,,,,,,,,,,,,,,,,,,,,,,,,,,,,,,,,,,,,,,,,,,,,,,,,,,,,,,,,,,,,,,,,,,,,,,,,,,,,,,,,,,,,,,,,,,,,,,,,,,,,,,,,,,,,,,,,,,,,,,,,,,,,,,,,,,,,,,,,,,*/ɟˌyːkˈɔ̃ɲu/,*/ɟˌyːɡˈata/,*/ɟˈyːcju/,,,,,,,,,,,,,,,,,,,,,,,,,,,,,,,,,,,,,,,,,,,,,,,,,,,,,,,,,,,,,,,,,,,,,,,,,,,,,,,,,,,,,,,,,,,,,,,,,,,,,,,,,,,,,,,,,,,,,,,,,,,,,,,,,,,,,,,,,,,,,,,,,,,,,,,,,,,,,,,,*/kɾˈuta/,,,,,,,,,,,,,,,,,,,,,,,,,,,,,,,,,,,,,,,,,,,,,,,,,,,,,,,,,,,,,,,,,,,,,,,,,,,,*/lˌuɡˈatu/,*/lˌucˈie̯ɾbulˠu/,,,,,,,,*/mˌaːlˠəkˈɔ̃ɲu/,,,,,,,,,,,,,,,,,,,,,,,,,,,,,,,,,,,,,,,,*/məkˈɔ̃ɲu/,*/məɡˈaʃtɾu/,*/mjˈɛːku/,*/mətˈɔ̃ɲu/,,,,,,,,,,,,,,,,,,,,,,,,,,,,,,,,,,,,,,,,,,,,,,,,,*/nˈyø̯lˠu/,,,,,,,,*/nˈuːsa/,,,,,,,,,,,,,,,,,,,,,,,,,,,,,,,,,,,,,,,,,,,,,,,,,,,*/pjˈɛːka/,,*/ə̃mpjˈɛːka/,,,,,,,,,,,,,,,,,,,,,,,,,,,,,,,,,,,,,,,,,,,,,,,,,,,,,,,,,,,,,,,,,,,,,,,,,,,,,,,,,,,,,,,,,,,,,,,,,,,,,,,,,,,,,,,,,,,,,,,,,,,,,,,,,,,,,,,,,,,,,,,,,,,,,,,,,,,,,,,,*/ʃˌãɲtəmˈitɾə/,,,,,,,,,,,,,,,,,,,,,,,,,,,,,,,,,,,,,,,,,,,,,,,,,,,,,,,,,,,,,,,,,,,,,,,,,,,,,,,,,,,,,,,,,,,*/ʃˌuːtərːˈija/,,,,,,,,,,,,,,,,,,,,,,,,,,,,,,,,,,,,,,,,,,,,,,,,,,,,,,,,*/tɾˌykulˠˈĩɲu/,,,,,,,,,,,,,,,,,,,,,,,,,,,,,,,,,,,,,,,,,,,,,,,,,,,,,,,,,,,,,,,,,,,,,,,,,,,,,,
R304,,,,,,,,,,,,,,,,,,,,,,,,,,,,,,,,,,,,,,,,,,,,,,,,,,,,,,*/rːˈye̯lˠu/,,,,,,,,,,,,,,,,*/bɾˈɛʃka/,*/bɾˈɛʃka/,,,,,,,,,,,,,,,,,,,,,,,,,,,,,,,,,,,,,,*/dˌulˠˈye̯ɾə/,,,,,,,,,,,,,,,,,,,,,,*/ʃkˌaɾzˈɛ̃ɲu/,,,,,,,,,,,,,,,,,,,,,,,,,,,,,,*/əˈye̯j̃ɲu/,,,,,,,*/fəˈỹe̯ɲu/,,,,,,,,,,,,,,,,,,,,,,,,,,,,,,,,,,,,,,,,,,,,,,,,,,,,,,,,,,,,,,,,,,,,,,,,,,,,,*/ɟjˈɛɾɟju/,,,,,,,,,,,,,,,,,,,,,,,,,*/hˈɛɾa/,,,,,,,,,,,,,,,,,,,,,,,,,,,,,,,,,,,,,,,,,,,,,,,,,,,,,,,*/ə̃ntɲˈỹe̯ɲu/,,,,,,,,,,,,,,,,,,,,,,,,,,,,,,,,,,,,,,,,,,,,,,,,,,,,,,,,,,,,,,,,,,,,,,,,,*/kəɾˈye̯lːu/,*/kəɾˈye̯ɾu/,,,,,,,,,,,,,,,,,,,,,,,,,,,,,,,,,,,,,,,,,,,,,,,,,,,,,,,,,,,,,,,,,,,,,,,,,,,,,,,,,,,,,,,,,,,,,,,,,,,,,,,,,,,,,,,,*/kˌuːɾsˈɛ̃ɲu/,,,,,,,,,,,,,,,,,,,,,,*/lə̃ŋɟˈye̯ɾə/,,,,,,,,,,,,,,,,,,,,,,,,,,,,,,,,,,,,,,,,,,,,,,,,,,,,,,,,,,,,,,,,,,,,,,,,,,,,,,,,,,,,,,,,,,,,,*/məʃˈɛɾa/,,,*/məɾəzˈɛ̃ɲu/,,,,,,,,,,,,,,,,,,,,,,,,,,,,,,,,,,,,,,,,,,,*/nˈɛðu/,*/nˈye̯lˠu/,,,,,,,,,,,,,,,*/ˈye̯pəɾa/,,*/ˈye̯ɾbu/,,,*/ˈye̯ɾðɐɾ̃ə/,,,,*/ˈye̯tu/,*/ˈye̯ɐsa/,*/ˈye̯a/,,,,,,,,,,,,,,,,,,,,,,,,,,,,,,,,,,,,,,,,,,*/pəɾhˈɛɾa/,,,,,,,,,,,,,,,,,,,,,,,,,,,,,,,,,,*/plˈɛpu/,,,*/pˌulːəkˈye̯ɾu/,,,,,,,,,,,,,,,,,,,,,,,,,,,,,,,,,,,,,,,,,,,,,,,,,,,,*/ˌarːəsˈỹe̯ɾ̃ə/,,,,,,,,,,,,,,,,,,,,,,,,,,,,,,,,,,,,,,,,,,,,,,,,,,,,,,,,,,,,,,,,,,,,,,,,,,,,,,,,,,,,,,,,,,,,,,,,,,,,,,*/ʃklˈɛpu/,,,,,,,,,,,,,,,,,,,,,,,,,,,,,,,,,,,,,,,,,,,,,,,,,,,,,,,,,,,,,,,,,,,,,,,,,,,,*/təɾˈye̯lːa/,*/təɾˈye̯lːa/,*/tərːmˈɛtu/,,,,,*/tə̃mˈye̯ɾə/,,,,,,,,,,*/tɾˈye̯za/,,,,,,,,,,,,,,,,,,,*/tɾˌuʃkˈỹe̯ɲu/,,*/tˌuɾsˈɛ̃ɲu/,,,,,,,,,,,,,,,,,,,,,,,,*/βəˈỹe̯ɲu/,,*/βlˈɛɾa/,,,,,,,,,,,,,,,,,,,,,,,,,,,,,,,,,,,,,,,,,,,,,,,
R305,,,,,,,,,,,,,,,,,,,,,,,,,,,,,,,,,,,,,,,,,,,,,,,,,,,,,,,,,,,,,,,,,,,,,,,,,,,,,,,,,,,,,,,,,,,,,,,,,,,,,,,,,,,,,,,,,,,,,,,,,,,,,*/ʃə̃ndəɾˈɔ̃ɲu/,,,,,,,,,,,,,,,,,,,,,,,,,,,,,,,,,,,,,,,,,,,,,,,,,,,,,,,,,,,,,,,,,,,,,,,,,,,,,,,,,,,,,,,,,,,,,,,,,,,,,,,,,,,,,,,,,,,,,,,,,,,,,,,,,,,*/ɡɾˌũmbulˠˈɔ̃ɲu/,,,,,,,,,,,,,,,,,,,,,,,,,,,,,,,,,,,,,,,,,,,,,,,,,,,,,,,,,,,,,,,,,,,,,,,,,,,,,,,,,,,,,,,,,,,,,,,,,,,,,,,,,,,,,,,,,,,,,,,,,,,,,,,,,,,,,,,,,,,,,,,,,,,,,,,,,,,,,,,,,,,,,,,,,,,,,,,,,,,,,,,,,,,,,,,,,,,,,,,,,,,,,,,,,,,,,,,,,,,,,,,,,,,,,,,,,,,,,,,,,,,,,,,,,,,,,,,,,,,,,,,,,,,,,,,,,,,,,,,,,,,,,,,,,,,,,,,,,,,,,,,,,,,,,,,,,,,,,,,,,,,,,,,,,,,,,,,,,,,,,,,,,,,,,,,,,,,,,,,,,,,,,,,,,,,,,,,,,,,,,,,,,,,,,,,,,,,,,,,,,,,,,,,,,,,,,,,,,,,,,,,*/nˌũmbəɾˈɔ̃ɲu/,,,,,,,,,,,,,,,,,,,,,,,,,,,,,,,,,,,,,,,,,,,,,,,,,,,,,,,,,,,,,,,,,,,,,,,,,,,,,,,,,,,,,,,,,,,,,,,,,,,,,,,,,,,,,,,,,,,,,,,,,,,,,,,,,,,,,,,,,,,,,,,,,,,,,,,,,,,,,,,,,,,,,,,,,,,,,,,,,,,,,,,,,,,,,,,,,,,,,,,,,,,,,,,,,,,,,,,,,,,,,,,,,,,,,,,,,,,,,,,,*/ʃə̃mbəlˠˈɛ̃ɲu/,*/ʃə̃mbəlˠətˈyɾa/,,,,,,,,,,,,,,,,,,,,,,,,,,,,,,,,,,,,,,,,,,,,,,,,,,,,,,,,,,,,,,,*/ʃˌũmbəɾˈitka/,,,,,,,,,,,,,,,,,,,,,,,,,,,,,,,,,,,,,,,,,,,,,,,,,,,,,,,,,,,,,,,,,,,,,,,,,,,,,,,,,,,,,,,,,,,,,,,,,,,,,,,,,,,,,,,,,,,,,,,,,,,,,,,,,,,,,,,,
R306,,,,,,,,,,,,,,,,,,,,,,,,,,,,,,,,,,,,,,,,,,,,,,,,,,,,,,,,,,,,,,,,,,,,,,,,,,,,,,,,,,,,,,,,,,,,,,,,,,,,,,,,,,,,,,,,,,,,,,,,,,,,,,,,,,,,,,,,,,,,,,,,,,,,,,,,,,,,,,,,,,,,,,,,,,,,,,,,,,,,,,,,,,,,,,,,,,,,,,,,,,,,,,,,,,,,,,,,,,,,,,,,,,,,,,,,,,,,,,,,,,,,,,,,,,,,,,,,,,,,,,,,,,,,,,,,,,,,,,,,,,,,,,,,,,,,,,,,,,,,,,,,,,,,,,,,,,,,,,,,,,,,,,,,,,,,,,,,,,,,,,,,,,,,,,,,,,,,,,,,,,,,,,,,,,,,,,,,,,,,,,,,,,,,,,,,,,,,,,,,,,,,,,,,,,,,,,,,,,,,,,,,,,,,,,,,,,,,,,,,,,,,,,,,,,,,,,,,,,,,,,,,,,,,,,,,,,,,,,,,,,,,,,,,,,,,,,,,,,,,,,,,,,,,,,,,,,,,,,,,,,,,,,,,,,,,,,,,,,,,,,,,,,,,,,,,,,,,,,,,,,,,,,,,,,,,,,,,,,,,,,,,,,,,,,,,,,,,,,,,,,,,,,,,,,,,,,,,,,,,,,,,,,,,,,,,,,,,,,,,,,,,,,,,,,,,,,,,,,,,,,,,,,,,,,,,,,,,,,,,,,,,,,,,,,,,,,,,,,,,,,,,,,,,,,,,,,,,,,,,,,,,,,,,,,,,,,,,,,,,,,,,,,,,,,,,,,,,,,,,,,,,,,,,,,,,,,,,,,,,,,,,,,,,,,,,,,,,,,,,,,,,,,,*/pˈuka/,*/pˈuku/,,,,,,,,,,,,,,,,,,,,,,,,,,,,,,,,,,,,,,,,,,,,,,,,,,,,,,,,,,,,,,,,,,,,,,,,,,,,,,,,,,,,,,,,,,,,,,,,,,,,,,,,,,,,,,,,,,,,,,,,,,,,,,,,,,,,,,,,,,,,,,,,,,,,,,,,,,,,,,,,,,,,,,,,,,,,,,,,,,,,,,,,,,,,,,,,,,,,,,,,,,,,,,,,,,,,,,,,,,,,,,,,,,,,,,,,,,,,,,,,,,,,,,,,,,,,,,,,,,,,,,,,,,,,,,,,,,,,,,,,,,,,,,,,,,,,,,,,,,,,,,,,,,,,,,,
R307,,,,,,,,,,,,,,,,,,,,,,,,,,,,,,,,,,,,,,,,,,,,,,,,,,,,,,,,,,,,,,,,,,,,,,,,,,,,,,,,,,,,,,,,,,,,,,,,,,,,,,,,,,,,,,,,,,,,,,,,,,,,,,,,,,,,,,,,,,,,,,,,,,,,,,,,,,,,,,,,,,,,,,,,,,,,,,,,,,,,,,,,,,,,,,,,,,,,,,,,,,,,,,,,,,,,,,,,,,,,,,,,,,,,,,,,,,,,,,,,,,,,,,,,,,,,,,,,,,,,,,,,,,,,,,,,,,,,,,,,,,,,,,,,,,,,,,,,,,,,,,,,,,,,,,,,,,,,,,,,,,,,,,,,,,,,,,,,,,,,,,,,,,,,,,,,,,,,,,,,,,,,,,,,,,,,,,,,,,,,,,,,,,,,,,,,,,,,,,,,,,,,,,,,,,,,,,,,,,,,,,,,,,,,,,,,,,,,,,,,,,,,,,,,,,,,,,,,,,,,,,*/kˌũːnˈukləa/,,,,,,,*/kˌuːrːˈikləu/,,,,,,,,,,,,,,,,,,,,,,,,,,,,,,,,,,,,,,,,,,,,,,,,,,,,,,,,,,,,,,,,,,,,,,,,,,,,,,,,,,,,,,,,,,,,,,,,,,,,,,,,,,,,,,,,,,,,,,,,,,,,,,,,,,,,,,,,,,,,,,,,,,,,,,,,,,,,,,,,,,,,,,,,,,,,,,,,,,,,,,,,,,,,,,,,,,,,,,,,,,,,,,,,,,,,,,,,,,,,,,,,,,,,,,,,,,,,,,,,,,,,,,,,,,,,,,,,,,*/pəˈyːkləa/,,,,,,,,,,,,,,,,,,,,,,,,,,,,,,,,,,,,,,,,,,,,,,,,,,,,,,,,,,,,,,,,,,,,,,,,,,,,,,,,,,,,,,,,,,,,,,,*/rːəˈiːkləa/,,,,,,,,,,,,,,,,,,,,,,,,,,,,,,,,,,,,,,,,,,,,,,,,,,,,,,,,,,,,,,,,,,,,,,,,,,,,,,,,,,,,,,,,,,,,,,,,,,,,,,,,,,,,,,,,,,,,,,,,,,,,,,,,,,,,,,,,,,,,,,,,,,,,,,,,,,,,,,,,,,,,,,,,,,,,,,,,,,,,,,,,,,,,,,,,,,,,,,,,,,,,,,,,,,,,,,,,,,,,,,,,,,,,,,,,,,,,,,,,,,,,,,,,,,,,,,,,,,,,,,,,,,,,,,,,,,,,,,,,,,,,,,,,,,,,,,,,,
R308,,,,,,,,,,,,,,,,,,,,,,,,,,,,,,,,,,,,,,,,,,,,,,,,,,,,,,,,,,,,,,,,,,,,,,,,,,,,,,,,,,,,,,,,,,,,,,,,,,,,,,,,,,,,,,,,,,,,*/dˌuləpəkˈɔ̃ɲu/,,,,,,,,,,,,,,,,,,,,,,,,,,,,,,,,,,,,,,,,,,,,,,,,,,,,,,,,,,,,,,,,,,,,,,,,,,,,,,,,,,,,,,,,,,,,,,,,,,,,,,,,,,,,,,,,,,,,,,,,,,,,,,,,,,,,,,,,,,,,,,,,,,,,,,,,,,,,,,,,,,,,,,,,,,,,,,,,,,,,,,,,,,,,,,,,,,,,,,,,,,,,,,,,,,,,,,,,,,,,,,,,,,,,,,,,,,,,,,,,,,,,,,,,,,,,,,,,,,,,,,,,,,,,,,,,,,,,,,,,,,,,,,,,,,,,,,,,,,,,,,,,,,,,,,,,,,,,,,,,,,,,,,,,,,,,,,,,,,,,,,,,,,*/kˌũːnˈuləkəa/,,,,,,,*/kˌuːrːˈiləkəu/,,,,,,,,,,,,,,,,,,,,,,,,,,,,,,,,,,,,,,,,,,,,,,,,,,,,,,,,,,,,,,,,,,,,,,,,,,,,,,,,,,,,,,,,,,,,,,,,,,,,,,,,,,,,,,,,,,,,,,,,,,,,,,,,,,,,,,,,,,,,,,,,,,,,,,,,,,,,,,,,,,,,,,,,,,,,,,,,,,,,,,,,,,,,,,,,,,,,,,,,,,,,,,,,,,,,,,,,,,,,,,,,,,,,,,,,,,,,,,,,,,,,,,,,,,,,,,,,,,*/pəˈyːləkəa/,,,,,,,,,,,,,,,,,,,,,,,,,,,,,,,,,,,,,,,,,,,,,,,,,,,,,,,,,,,,,,,,,,,,,,,,,,,,,,,,,,,,,,,,,,,,,,,*/rːəˈiːləkəa/,,,,,,,,,,,,,,,,,,,,,,,,,,,,,,,,,,,,,,,,,,,,,,,,,,,,,,,,,,,,,,,,,,,,,,,,,,,,,,,,,,,,,,,,,,,,,,,,,,,,,,,,,,,,,,,,,,,,,,,,,,,,,,,,,,,,,,,,,,,,,,,,,,,,,,,,,,,,,,,,,,,,,,,,,,,,,,,,,,,,,,,,,,,,,,,,,,,,,,,,,,,,,,,,,,,,,,,,,,,,,,,,,,,,,,,,,,,,,,,,,,,,,,,,,,,,,,,,,,,,,,,,,,,,,,,,,,,,,,,,,,,,,,,,,,,,,,,,,
R309,,,,,,,,,,,,,,,,,,,,,,,,,*/mˈɛ̃ndulˠu/,,,,,,,,,,,,,,,,,,,,,,,*/ˈaʃkulˠu/,,,,,,,,,,,,,,,,,,,,,,,,,,,,,,,,,,,,,,,,,,,,,,,,,,,,,,,,,,,,,,,,,,,,*/dˌulupəkˈɔ̃ɲu/,,,,,,,,,,,,,,,,,,,,,,,,,,,,,,,,,,,,,,,,,,,,,,,,,,,,,,,,,,,,,,,,,,,,,,,,,,,,,,,,,*/fʃˈikulˠu/,,*/flˈakulˠu/,*/flˈakulˠu/,,,,,,,,,,,,,,,,,,,,,,,,,,,,,,,,,,,,,,,,,,,,,,,,,,,,,,,,,,,,,,,,,,,*/hˈĩnːəkulˠu/,,,,,,,,,,,,,,,,,,,,,,,,,,,,,,,,,,,,,,,,,,,,,,,,,,*/nˈɔfulˠu/,,,,*/ˈiʃulˠu/,,,,,,,,,,,,,,,,,,,,,,,,,,,,,,,,,,,,,,,,,,,,,,,,,,,,,,,,,,,,,,,,,,,,,,,,,,,,,,,,,,,,,,,,*/cˈĩŋɡulˠu/,,,,,,,,,,,,,,,,,,*/kˌuʎutˈɔ̃ɲu/,,,,,,,,,,*/kˌulˠũmbə̃ɾ̃ˈija/,*/kˌulˠũmnˈɛsa/,,,,,,,,,,,,,,,,,,,*/kˈuʃulˠu/,,,,,,,,,*/kˈɔɾbulˠu/,,,,,,,,,,,,,,,,,,,,,,,,,,,,,,,,,,,,,,,,,,,,,,,,,,,,,,,,,,,,,,,,,,,,,,,,,,,,,,,,,,,,*/lˈɛpuʎu/,,,,,,,,,,,,,,,,,,,,,,,,,,,,,,,,,,,,,,,,,,,,,,,,,,,,,,,,,,,,,,,,,,,,,*/mə̃ntɾˈikulˠu/,,,,,,,,,,,,,,,,*/mˈie̯tulˠu/,,,,,,,,,,,,,,,,,,,,,,,,,,,,,,,,,,*/mˈie̯ɡulˠu/,,,,,,,,,,,,,,,,,,,,,,,,,,,,,,,,,,,,,,,,,,,,,,,,,,,,,,,,,,,,,,,,,,,,,,,*/pˈie̯ɾɡulˠu/,,,,,,,,,,,,,,,,,,,,,,,,,,,*/pˈɛtulˠu/,,,,,,,,,,,,,,,,,,,,,,,,,,,,,,,,,,,,,,,,,,,,,,,,,,,,,,,,,,,,,,,,,,,,,,,,,,,,,,,,,,,,,,,,,,,,,,,,,,,,,,,,,,,,,,,,,,,,,,,,,,,,,,,,,,,,,,,,,,,,,,,,,,,,,,,*/ʃˈikulˠu/,,,,,,,,,,,,,,,,,,,,,,,,,,,,,,,,,,,,,,*/ʃpˈatulˠu/,,,,,,,,,,,,,,,,,,,,,,,,,,,,,,,,,,,,,,,,,,,,,,,,*/tˈie̯ɡulˠu/,,,,,,,,,,,,,,,,,,,,,,,,,,,,,,,,,,,,,,,,,,,,,,,,,,,,,,,,,,,,,,,,,,,,,,,,,,,,,,,,,,,,,,,,,,,,,,,,,,,,,,,,,,,,,,,,,*/βˌulˠũntˈɛtə/,,
R310,,,,,,,,,,,,,,,,,,,,,,,,,,,,,,,,,,,,,,,,,,,,,,,,,,,,,,,,,,,,,,,,,,,,,,,,,,,,,,,,,,,,,,,,,,,,,,,,,,,,,,,,,,,,,,,,,,,,,,,,,,,,,,,,,,,,,,,,,,,,,,,,,,,,,,,,,,,,,,,,,,,,,,,,,,,,,,,,,,,,,,,,,,,,,,,,,,,,,,,,,,,,,,,,,,,,,,,,,,,,,,,,,,,,,,,,,,,,,,,,,,,,,,,,,,,,,,,,,,,,,,,,,,,,,,,,,,,,,,,,,,,,,,,,,,,,,,,,,,,,,,,,,,,,,,,,,,,,,,,,,,,,,,,,,,,,,,,,,,,,,,,,,,,,,,,,,,,,,,,,,,,,,,,,,,,,,,,,,,,,,,,,,,,,,,,,,,,,,,,,,,,,,,,,,,,,,,,,,,,,,,,,,,,,,,,,,,,,,,,,,,,,,,,,,,,,,,,,,,,,,,,,,,,,,,,,,,,,,,,,,,,,,,,,,,,,,,,,,,,,,,,,,,,,,,,,,,,,,,,,,,,,,,,,,,,,,,,,,,,,,,,,,,,,,*/lˈɛpuɾu/,,,,,,,,,,,,,,,,,,,,,,,,,,,,,,,,,,,,,,,,,,,,,,,,,,,,,,,,,,*/mˈaɾmuɾu/,,,,,,,,,,,,,,,,,,,,,,,,,,,,,,,,,,,,,,,,,,,,,,,,,,,,,,,,,,,,,,,,,,,,,,,,,,,,,,,,,,,,,,,,,,,,,,,,,,,,,,,,,,,,,,,,,,,,,,,,,,,,,,,,,,,,,,,,,,,,,,,,,,,,,,,,,,,,,,,,,,,,,,,,,,,,,,,,,,,,,,,,,,,,,,,,,,,,,,,,,,,,,,,,,,,,,,,,,,,,,,,,,,,,,,,,,,,,,,,,,,,,,,,,,,,,,,,,,,,,,,,,,,,,,,,,,,,,,,,,,,,,,,,,,,,,,,,,,,,,,,,,,,,,,,,,,,,,,,,,,,,,,,,,,,,,,,,,,,,,,,,,,,,,,,,,,,,,,,,,,,,,,,,,,,,,,,,,,*/ʃˌuɾˌuːkˈɔ̃ɲu/,,,,,,,,,,,,,,,,,,,,,,,,,,,,,,,,,,,,,,,,,,,,,,,,,,,,,,,,,,,,,,,,,,,,,,,,,,,*/tˈuɾtuɾu/,,,,,,,,,,,,,,,,,,,,,,,,,,,,,,,,,,,,,,,,,,,,,,,,,,,,,,,,,,,,
R311,,,,,,,,,,,,,,,,,,,,,,,,,,,,,,,,,,,,,,,,,,,,,,,,,,,,,,,,,,,,,,,,,,,,,,,,,,,,,,,,,,,,,,,,,,,,,,,,,,,,,,,,,,,,,,,,,,,,*/dˌuləpəkˈɔ̃ɲu/,,,,,,,,,,,,,,,,,,,,,,,,,,,,,,,,,,,,*/pˈɛʃkəpu/,,,,,,,,,,,,,,,,,,,,,,,,,,,,,,,,,,,,,,,,,,,,,,,,,,,,,,,,,,,,,,,,,,,,,,,,,,,,,,,,,,,,,,,,,,,,,,,,,,,,,,,,,,,,,,,,,,,,,,,,,,,,,,,,,,,,,,,,,,,,,,,,,,,,,,,,,,,,,,,,,,,,,,,,,,,,,,,,,,,,,,,,,,,,,,,,,,,,,,,,,,,,,,,,,,,,,,,,,,,,,,,,,,,,,,,,,,,,,,,,,,,,,,,,,,,,,,,,,,,,,,,,,,,,,,,,,,,*/kˌuʎətˈɔ̃ɲu/,,,,,,,,,,,,,,,,,,,,,,,,,,,,,,,,,,,,,,,,,,,,,,,,,,,,,,,,,,,,,,,,,,,,,,,*/kˈuɾbəta/,,,,,,,,,,,,,,,,,,,,,,,,,,,,,,,,,,,,,,,,,,,,,,,,,,,,,,,,,,,,,,,,,,,,,,,,,,,,,,,,,,,,,,,,,,,,,,,,,,,,,,,,,,,,,,,,,,,,,,,,,,,,,,,,,,,,,,,,,,,,,,,,,,,,,,,,,,,,,,,,,,,,,,,,,,,,,,,,,,,,,,,,,,,,,,,,,,,,,,,,,,,,,,,,,,,,,,,,,,,,,,,,,,,,,,,,,,,,,,,,,,,,,,,,,,,,,,,,,,,,,,,,,,,,,,,,,,,,,,,,,,,,,,,,,,,,,,,,,,,,,,,,,,,,,,,,,,,,,,,,,,,,,,,,,,,,,,,,,,,,,,,,,,,,,,,,,,,,,,,,,,,,,,,,,,,,,,,,,,,,,,,,,,,,,,,,,,,,,,,,,,,,,,,,,,,,,,,,,,,,,,,,,,,,,,,,,,,,,,,,,,,,,,,,,,,,,,,,,,,,,,,,,,,,,,,,,,,,,,,,,,,,,,,,,,,,,,,,,,,,,,,,,,,,,,,,,,,,,,,,,,,,,,,,,,,,,,,,,,,,,,,,,,,,,,,,,,,,,,,,,,,,,,,,,,,,,,,,,,,,,,,,,,,,,,,,,,,,,,,,,,,,,,,,,,,,,,,,,,,*/βˌulˠə̃ntˈɛtə/,,
R312,,,,,,,,,,,,,,,,,,,,,,,,,,,,,,,,,,,,,,,,,,,,,,,,,,,,,,,,,,,,,,,,,,,,,,,,,,,,,,,,,,,,,,,,,,,*/dəpˌɑ̃ɾ̃ətɾ̥ˈɔ̃ɲu/,,,,,,,,,,,,,,,,,,,,,,,,,,,,,,,,,,,,,,,,,,,,,,,,,,,,,,,,,,,,,,,,,,,,,,,,,,,,,,,,,,,,,,,,,,,,,,,,,,,,,,,,,,,,,,,,,,,,,,,,,,,,,,,,,,,,,,,,,,,,,,,,,,,,,,,,,,,,,,,,,,,,,,,,,,,,,,,,,,,,,,,,,,,,,,,,,,,,,,,,,,,,,,,,,,,,,,,,,,,,,,,,,,,,,,,,,,,,,,,,,,,,,,,,,,,,,,,,,,,,,,,,,,,,,,,,,,,,,,,,,,,,,,,,,,,,,,,,,,,,,,,,,,,,,,,,,,,,,,,,,,,,,,,,,,,,,,,,,,,,,,,,,,,,,,,,,,,,,,,,,,,,,,,,,,,,,,,,,,,,,,,,,,,,,,,,,,,,,,,,,,,,,,,,,,,,,,,,,,,,,,,,,,,,,,,,,,,,,,,,,,,,,,,,,,,,,,,,,,,,,,,,,,,,,,,,,,,,,,,,,,,,,,,,,,,,,,,,,,,,,,,,,,,,,,,,,,,,,,,,,,,,,,,,,,,,,,,,,,,,,,,,,,,*/mˌɑ̃ːɾ̃əʃtɾ̥ˈɔ̃ɲu/,,,,,,,,,,,,,,,,,,,,,,,,,,,,,,,,,,,,,,,,,,,,,,,,,,,,,,,,,,,,,,,,,,,,,,,,,,,,,,,,,,,,,,,,,,,,,,,,,,,,,,,,,,,,,,,,,,,,,,,,,,,,,,,,,,,,,,,,,,,,,,,,,,,,,,,,,,,,,,,,,,,,,,,,,,,,,,,,,,,,,,,,,,,,,,,,,,,,,,,,,,,,,,,,,,,,,,,,,,,,,,,,,,,,,,,,,,,,,,,,,,,,,,,,,,,,,,,,,,,,,,,,,,,,,,,,,,,,,,,,,,,,,,,,,,,,,,,,,,,,,,,,,,,,,,,,,,,,,,,,,,,,,,,,,,,,,,,,,,,,,,,,,,,,,,,,,,,,,,,,,,,,,,,,,,,,,,,,,,,,,,,,,,,,,,,,,,,,,,,,,,,,,,,,,,,,,,,,,,,,,,,,,,,,,,,,,,,,,,,,,,,,,,,,,,,,,,,,,,,,,,,,,,,,,,,,,,,,,,,,,
R313,,,,,,,,,,,,,,,,,,,,,,,,,,,,,,,,,,,,,,,,,,,,,,,,,,,,,,,,,,,,,,,,,,,,,,,,,,,,,,,,,,,,,,,,,,,,,,,,,,,,,,,,,,,,,,,,,,,,,,,,,,,,,,,,,,,,,,,,,,,,,,,,,,,,,,,,,,,,,,,,,,,,,,,,,,,,,,,,,,,,,,,,,,,,,,,,,,,,,,,,,,,,,,,,,,,,,,,,,,,,,,,,,,,,,,,,,,,,,,,,,,,,,,,,,,,,,,,,,,,,,,,,,,,,,,,,,,,,,,,,,,,,,,,,,,,,,,,,,,,,,,,,,,,,,,,,,,,,,,,,,,,,,,,,,,,,,,,,,,,,,,,,,,,,,,,,,,,,,,,,,,,,,,,,,,*/kˌapˈɛʃtɾ̥u/,,,,,,,,,,,,,,,,,,,,,,,,,,,,,,,,,,,,,,,,,,,,,,,,,,,,,,,,,,,,,,,,,,,,,,,,,,,,,,,,,,,,,,,,,,,,,,,,,,,,,,,,,,,,,,,,,,,,,,,,,,,,,,,,,,,,,,,,,,,,,,,,,,,,,,,,,,,,,,,,,,,,,,,,,,,,,,,,,,,,,,,,,,,,,,,,,,,,,,,,,,,,,,,,,,,,,,,,,,,,,,,,,,,,,,,,,,,,,,,,,,,,,,,,,,,,,,,,,,,,,,,,,,,,,,,,,,,,,,,,,,,,,,,,,,,,,,,,,,,,,,,,,,,,,,,,,,,,,,,,,,,,,,,,,,,,,,,,,,,,,,,,,,,,,,,,,,,,,,,,,,,,,,,,,,,,,,,,,,,,,,,,,,,,,,,,,,,,,,,,,,,,,,,,,,,,,,,,,,,,,,,,,,,,,,,,,,,,,,,,,,,,,,,,,,,,,,,,,,,,,,,,,,,,,,,,,,,,,,,,,,,,,,,,,,,,,,,,,,,,,,,,,,,,,,,,,,,,,,,,,,,,,,,,,,,,,,,,,,,,,,,,,,,,,,,,,,,,,,,,,,,,,,,,,,,,,,,,,,,,,,,,,,,,,,,,,,,,,,,,,,,,,,,,,,,,,,,,,,,,,,,,,,,,,,,,,,,,,,,,,,,,,,,,,,,,,,,,,,,,,,,,,,,,,,,,,,,,,,,,,,,,,,,,,,,,,,,,,,,,,,,,,,,,,,,,,,,,,,,,,,,,,,,,,,,,,,,,,,,,,,,,,,,,,
R314,,,,,,,,,,,,,,,,,,,,,,,,,,,,,,,,,,,,,,,,,,,,,,,,,,,,,,,,,,,,,,,,,,,,,,,,,,,,,,,,,,,,,,,,,,,*/dəpˌɑ̃ɾətɾ̥ˈɔ̃ɲu/,,,,,,,,,,,,,,,,,,,,,,,,,,,,,,,,,,,,,,,,,,,,,,,,,,,,,,,,,,,,,,,,,,,,,,,,,,,,,,,,,,,,,,,,,,,,,,,,,,,,,,,,,,,,,,,,,,,,,,,,,,,,,,,,,,,,,,,,,,,,,,,,,,,,,,,,,,,,,,,,,,,,,,,,,,,,,,,,,,,,,,,,,,,,,,,,,,,,,,,,,,,,,,,,,,,,,,,,,,,,,,,,,,,,,,,,,,,,,,,,,,,,,,,,,,,,,,,,,,,,,,,,,,,,,,,,,,,,,,,*/kˌapɾˈɛʃtɾ̥u/,,,,,,,,,,,,,,,,,,,,,,,,,,,,,,,,,,,,,,,,,,,,,,,,,,,,,,,,,,,,,,,,,,,,,,,,,,,,,,,,,,,,,,,,,,,,,,,,,,,,,,,,,,,,,,,,,,,,,,,,,,,,,,,,,,,,,,,,,,,,,,,,,,,,,,,,,,,,,,,,,,,,,,,,,,,,,,,,,,,,,,,,,,,,,,,,,,,,,,,,,,,,,,,,,,,,,,,,,,,,,,,,,,,,,,,,,,,,,,,,,,,,,,,,,,,,,,,,,,,,,,,,,,,,*/mˌɑ̃ːɾəʃtɾ̥ˈɔ̃ɲu/,,,,,,,,,,,,,,,,,,,,,,,,,,,,,,,,,,,,,,,,,,,,,,,,,,,,,,,,,,,,,,,,,,,,,,,,,,,,,,,,,,,,,,,,,,,,,,,,,,,,,,,,,,,,,,,,,,,,,,,,,,,,,,,,,,,,,,,,,,,,,,,,,,,,,,,,,,,,,,,,,,,,,,,,,,,,,,,,,,,,,,,,,,,,,,,,,,,,,,,,,,,,,,,,,,,,,,,,,,,,,,,,,,,,,,,,,,,,,,,,,,,,,,,,,,,,,,,,,,,,,,,,,,,,,,,,,,,,,,,,,,,,,,,,,,,,,,,,,,,,,,,,,,,,,,,,,,,,,,,,,,,,,,,,,,,,,,,,,,,,,,,,,,,,,,,,,,,,,,,,,,,,,,,,,,,,,,,,,,,,,,,,,,,,,,,,,,,,,,,,,,,,,,,,,,,,,,,,,,,,,,,,,,,,,,,,,,,,,,,,,,,,,,,,,,,,,,,,,,,,,,,,,,,,,,,,,,,,,,,,,
R315,,,,,,,,,,,,,,,,,,,,,,,,,,,,,,,,,,,,,,,,,,,,,,,,,,,,,,,,,,,,,,,,,,,,,,,,,,,,,,,,,,,,,,,,,,,*/dəpˌɑ̃ɾətˈɔ̃ɲu/,,,,,,,,,,,,,,,,,,,,,,,,,,,,,,,,,,,,,,,,,,,,,,,,,,,,,,,,,,,,,,,,,,,,,,,,,,,,,,,,,,,,,,,,,,,,,,,,,,,,,,,,,,,,,,,,,,,,,,,,,,,,,,,,,,,,,,,,,,,,,,,,,,,,,,,,,,,,,,,,,,,,,,,,,,,,,,,,,,,,,,,,,,,,,,,,,,,,,,,,,,,,,,,,,,,,,,,,,,,,,,,,,,,,,,,,,,,,,,,,,,,,,,,,,,,,,,,,,,,,,,,,,,,,,,,,,,,,,,,*/kˌapɾˈɛʃtu/,,,,,,,,,,,,,,,,,,,,,,,,,,,,,,,,,,,,,,,,,,,,,,,,,,,,,,,,,,,,,,,,,,,,,,,,,,,,,,,,,,,,,,,,,,,,,,,,,,,,,,,,,,,,,,,,,,,,,,,,,,,,,,,,,,,,,,,,,,,,,,,,,,,,,,,,,,,,,,,,,,,,,,,,,,,,,,,,,,,,,,,,,,,,,,,,,,,,,,,,,,,,,,,,,,,,,,,,,,,,,,,,,,,,,,,,,,,,,,,,,,,,,,,,,,,,,,,,,,,,,,,,,,,,*/mˌɑ̃ːɾəʃtˈɔ̃ɲu/,,,,,,,,,,,,,,,,,,,,,,,,,,,,,,,,,,,,,,,,,,,,,,,,,,,,,,,,,,,,,,,,,,,,,,,,,,,,,,,,,,,,,,,,,,,,,,,,,,,,,,,,,,,,,,,,,,,,,,,,,,,,,,,,,,,,,,,,,,,,,,,,,,,,,,,,,,,,,,,,,,,,,,,,,,,,,,,,,,,,,,,,,,,,,,,,,,,,,,,,,,,,,,,,,,,,,,,,,,,,,,,,,,,,,,,,,,,,,,,,,,,,,,,,,,,,,,,,,,,,,,,,,,,,,,,,,,,,,,,,,,,,,,,,,,,,,,,,,,,,,,,,,,,,,,,,,,,,,,,,,,,,,,,,,,,,,,,,,,,,,,,,,,,,,,,,,,,,,,,,,,,,,,,,,,,,,,,,,,,,,,,,,,,,,,,,,,,,,,,,,,,,,,,,,,,,,,,,,,,,,,,,,,,,,,,,,,,,,,,,,,,,,,,,,,,,,,,,,,,,,,,,,,,,,,,,,,,,,,,,,
R316,,,,,,,,,,,,,,,,,,,,,,,,,,,*/ˈɛ̃mta/,,,,,,,,,,,,,,,,,,,,,,,,,,,,,,,,,,,,,,,,,,,,,,,,,,,,,,,,,,,,,,,,,,,,,,,,,,,,,,,,,,,,,,,,,,,,,,,,,,,,,,,,,,,,,,,,,,,,,,,,,,,,,,,,,,,,,,,,,,,,,,,,,,,,,,,,,,,,,,,,,,,,,,,,,,,,,,,,,,,,,,,,,,,,,,,,,,,,,,,,,,,,,,,,,,,,,,,,,,,,,,,,,,,,,,,,,,,,,,,,,,,,,,,,,,,,,,,,,,,,,,,,,,,,,,,,,,,,,,,,,,,,,,,,,,,,,,,,,,,,,,,,,,,,,,,,,,,,,,,,,,,,,,,,,,,,,,,,,,,,,,,,,,,,,,,,,,,,,,,,,,,,,,,,,,,,,,,,,,,,*/cˈĩmka/,,,,,,,,,,,,,,,,,,,,,,,,,,,,*/kˌulːə̃mtˈɔ̃ɲu/,,,,,,,,,,,,,,,,,,,,,,,,,,,,,,,,,,,,,,,,,,,,,,,,,,,,,,,,,,,,,,,,,,,,,,,,,,,,,,,,,,,,,,,,,,,,,,,,,,,,,,,,,,,,,,,,,,,,,,,,,,,,,,,,,,,,,,,,,,,,,,,,,,,,,,,,,,,,,,,,,,,,,,,,,,,,,,,,,,,,,,,,,,,,,,,,,,,,,,,,,,,,,,,,,,,,,,,,,,,,,,,,,,,,,,,,,,,,,,,,,,,,,,,,,,,,,,,,,,,,,,,,,,,,,,,,,,,,,,,,,,,,,,,,,,,,,,,,,,,,,,,,,,,,,,,,,,,,,,,,,,,,,,,,,,,,,,,,,,,,,,,,,,,,,,,,,,,,,,,,,,,,,,,,,,,,,,,,,,,,,,,,,,,,,,,,,,,,,,,,,,,,,,,,,,,,,,,,,,,,,,,,,,,,,,,,,,,,,,,,,,,,,,,,,,,,,,,,,,,,,,,,,,,,,,,,,,,,,,,,,,,,,,,,,,,,,,,,,,,,,,,,,,,,,,,,,,,,,,,,,,,,,,,,,,,,,,,,,,,,,,,,,,,,,,,,,,,,,,,,,,,,,,,,,,,,,,,,,,,,,,,,,,,,,,,,,,,,,,,,,,,,,,,,,,,,,,,,,,,,,,,,,,,,,,,,,,,,,,,,,,,,,,,,,,,,,,,,,,,,,,,,,,,,,,,,,,,,,,,,,,,,
R317,,,,,,,,,,,,,,,,,,,,,,,,,,,,,,,,,,,,,,,,,,,,,,,,,,,,,,,,,,,,,,,,,,,,,,,,,,,,,,,,,,,,,,,,,,,,,,,,,,,,,,,,,,,,,,,,,,,,,,,,,,,,,,,,,,,,,,,,,,,,,,,,,,,,,,,,,,,,,,,,,,,,,,,,,,,,,,,,,,,,,,,,,,,,,,,,,,,,,,,,,,,,,,,,,,,,,,,,,,,,,,,,,,,,,,,,,,,,,,,,,,,,,,,,,,,,,,,,,,,,,,,,,,,*/hˈĩnːkulˠu/,*/nːkulˠˈɔ̃ɲu/,,,,,,,,,,,,,,,,,,,,,,,,,,,,,,,,,,,,,,,,,,,,,,,,,,,,,,,,,,,,,,,,,,,,,,,,,,,,,,,,,,,,,,,,,,,,,,,,,,,,,,,,,,,,,,,,,,,,,,,,,,,,,,,,,,,,,,,,,,,,,,,,,,,,,,,,,,,,,,,,,,,,,,,,,,,,,,,,,,,*/kˌũːmmə̃ɾ̃kˈɔ̃ɲu/,,,,,,,,,,,,,,,,,,,,,,,,,,,,,,,,,,,,,,,,,,,,,,,,,,,,,,,,,,,,,,,,,,,,,,,,,,,,,,,,,,,,,,,,,,,,,,,,,,,,,,,,,,,,,,,,,,,,,,,,,,,,,,,,,,,,,,,,,,,,,,,,,,,,,,,,,,,,,,,,,,,,,,,,,,,,,,,,,,,,,,,,,,,,,,,,,,,,,,,,,,,,,,,,,,,,,,,,,,,,,,,,,,,,,,,,,,,,,,,,,,,,,,,,,,,,,,,,,,,,,,,,,,,,,,,,,,,,,,,,,,,,,,,,,,,,,,,,,,,,,,,,,,,,,,,,,,,,,,,,,,,,,,,,,,,,,,,,,,,,,,,,,,,,,,,,,,,,,,,,,,,,,,,,,,,,,,,,,,,,,,,,,,,,,,,,,,,,,,,,,,,,,,,,,,,,,,,,,,,,,,,,,,,,,,,,,,,,,*/ʃˌɑ̃ɾ̃tˈɔʃu/,,,,,,,,,,,*/ʃˌãɲtnkˈɔlˠa/,,,,,,,,,,,,,,,,,,,,,,,,,,,,,,,,,,,,,,,,,,,,,,,,,,,,,,,,,,,,,,,,,,,,,,,,,,,,,,,,,,,,,,,,,,,,,,,,,,,,,,,,,,,,,,,,,,,,,,,,,,,,,,,,,,,,,,,,,,,,,,,,,,,,,,,,,,,,,,,,,,,,,,,,,,,,,,,,,,,,,,,,,,,,,,,,,,,,,,,,,,,,,,,,,,,,,,,,,,,,,,,,
R318,,,,,,,,,,,,,,,,,,,,,,,,,,,,,,,,,,,,,,,,,,,,,,,,,,,,,,,,,,,,,,,,,,,,,,,,,,,,,,,,,,,,,,,,,,,,,,,,,,,,,,,,,,,,,,,,,,,,,,,,,,,*/ʃˌɑ̃ɾ̃mˈɔ̃ɲu/,,,,,,,,,,,,,,,,,,,,,,,,,,,,,,,,,,,,,,,,,,,,,,,,,,,,,,,,,,,,,,,,,,,,,,,,,,,,,,,,,,,,,,,,,,,,,,,,,,,,,,,,,,,,,,,,,,,,,,,,,,,,,,,,,,,,,,,,,,,,,,,,,,,,,,,,,,,,,,,,,,,,,,,,,,,,,,,,,,,,,,,,,,,,,,,,,,,,,,,,,,,,,,,,,,,,,,,,,,,,,,,,,,,,,,,,,,,,,,,,,,,,,,,,,,,,,,,,,,,,,,,,,,,,,,,,,,,,,,,,,,,,,,,,,,,,,,,,,,,,,,,,,,,,,,,,,,,,,,,,,,,,*/kˌũːmmɾ̃kˈɔ̃ɲu/,,,,,,,,,,,,,,,,,,,,,,,,,,,,,,,,,,,,,,,,,,,,,,,,,,,,,,,,,,,,,,,,,,,,,,,,,,,,,,,,,,,,,,,,,,,,,,,,,,,,,,,,,,,,,,,,,,,,,,,,,,,,,,,,,,,,,,,,,,,,,,,,,,,,,,,,,,,,,,,,,,,,,,,,,,,,,,,,,,,,,,,,,,,,,,,,,,,,,,,,,,,,,,,,,,,,,,,,,,,,,,,,,,,,,,,,,,,,,,,,,,,,,,,,,,,,,,,,,,,,,,,,,,,,,,,,,,,,,,,,,,,,,,,,,,,,,,,,,,,,,,,,,,,,,,,,,,,,,,,,,,,,,,,,,,,,,,,,,,,,,,,,,,,,,,,,,,,,,,,,,,,,,,,,,,,,,,,,,,,,,,,,,,,,,,,,,,,,,,,,,,,,,,,,,,,,,,,,,,,,,,,,,,,,,,,,,,,,,,,,,,,,,,,,,,,,,,,,,,,,,,,,,,,,,,,,,,,,,,,,,,,,,,,,,,,,,,,,,,,,,,,,,,,,,,,,,,,,,,,,,,,,,,,,,,,,,,,,,,,,,,,,,,,,,,,,,,,,,,,,,,,,,,,,,,,,,,,,,,,,,,,,,,,,,,,,,,,,,,,,,,,,,,,,,,,,,,,,,,,,,,,,,,,,,,,,,,,,,,,,,,,,,,,,,,,,,,,,,,,,,,,,,,,,,,,,
R319,,,,,,,,,,,,,,,,,,,,,,,,,,,,,,,,,,,,,,,,,,,,,,,,,,,,,,,,,,,,,,,,,,,,,,,,,,,,,,,,,,,,,,,,,,,,,,,,,,,,,,,,,,,,,,,,,,,,,,,,,,,,,,,,,,,,,,,,,,,,,,,,,,,,,,,,,,,,,,,,,,,,,,,,,,,,,,,,,,,,,,,,,,,,,,,,,,,,,,,,,*/flˈãmːa/,,,,,,,,,,,,,,,,,,,,,,,,,,,,,,,,,,,,,,,,,,,,,,,,,,,,,,,,,,,*/ɡˈũmːa/,,,,,,,,,,,,,,,,,,,,,,,,,,,,,,,,,,,,,,,,,,,,,,,,,,,,,,,,,,,,,,,,,,,,,,,,,,,,,,,,,,,,,,,,,,,,,,,,,,,,,,,,,,,,,,,,,,,,,,,,,,,,,,,,,,,,,,,,,,,,,,,,,,,,,,,,,,,,,,,,,,,,,,,,,,,,,,,,,,*/kˌulˠũmːˈɛsa/,,,,,,,,*/kˌũːmːˈɛɾcju/,*/kˌũːmːɾ̃kˈɔ̃ɲu/,,,,,,,,,,,,,,,,,,,,,,,,,,,,,,,,,,,,,,,,,,,,,,,,,,,,,,,,,,,,,,,,,,,,,,,,,,,,,,,,,,,,,,,,,,,,,,,,,,,,,,,,,,,,,,,,,,,,,,,,,,,,,,,,,,,,,,,,,,,,,,,,,,,,,,,,,,,,,,,,,,,,,,,,,,,,,,,,,,,,,,,,,,,,,,,,,,,,,,,,,,*/mːˈɛ̃ntu/,,,,,,,,,,,,,,,,,,,,,,,,,,,,,,,,,,,,,,,,,,,,,,,,,,,,,,,,,,,,,,,,,,,,,,,,,,,,,,,,,,,,,,,,,,,,,,,,,,,,,,,,,,,,,,,,,,,,,,,,,,,,,,,,,,,,,,,,,,,,,,,,,,,,,,,,,,,,,,,,,,,,,,,,,,,,,,,,,,,,,,,,,,,,,,,,,,,,,,,,,,,,,,,,,,,,,,,,,,,,,,,,,,,,,,,,,,,,,,,,,,,,,,,,,,,,,,,,,,,,,,,,,,,,,,,,,,,,,,*/ʃcˈɛ̃mːə/,,,,,,,,,,,,,,,,,,,,,,,,,,,,,,,,,,,,,,,,,,,,,,,,,,,,,,,,,,,,,,*/ʃˈũmːa/,,,,,,,,,,,,,,,,,,,,,,,,,,,,,,,,,,,,,,,,,,,,,,,,,,,,,,,,,,,,,,,,,,,,,,,,,,,,,,,,,,,,,,,,,,,,,,,,,,,,,,,,,,,,,,,,,,,,,,,,,,,,,,,,,,
R320,,,,,,,,,,,,,,,,,,,,,,,,,,,,,,,,,,,,,,,,,,,,,,,,,,,,,,,,,,,,,,,,,,,,,,,,,,,,,,,,,,,,,,,,,,,,,,,,,,,,,,,,,,,,,,,,,,,,,,,,,,,,,,,,,,,,,,,,,,,,,,,,,,,,,,,,,,,,,,,,,,,,,,,,,,,,,,,,,,,,,,,,,,,,,,,,,,,,,,,,,,,,,,,,,,,,,,,,,,,,,,,,,,,,,,,,,,,,,,,,,,,,,,,,,,,,,,,,,,,,,,,,,,,,,,,,,,,,,,,,,,,,,,,,,,,,,,,,,,,,,,,,,,,,,,,,,,,,,,,,,,,,,,,,,,,,,,,,,,,,,,,,,,,,,,,,,,,,,,,,,,,,,,,,,,,,,,,,,,,,,,,,,,,,,,,,,,,,,,,,,,,,,,,,,,,,,,,,,,,,,,,,,,,,,,,,,,,,,,,,,,,,,,,,,,,,,,,,,,,,,,,,,,,,,,,,,,,,,,,,,,,,,,,,,,,,,,,,,,,,,,,,,,,,,,,,,,,,,,,,,,,,,,,,,,,,,,,,,,,,,,,,,,,,,,,,,,,,,,,,,,,,,,,,,,,,,,,,,,,,,,,,,,,,,,,,,,,,,,,,,,,,,,,,,,,,,,,,,,,,,,,,,,,,,,,,,,,,,,,,,,,,,,,,,,,,,,,,,,,,,,,,,,,,,,,,,,,,,,,,,,,,,,,,,,,,,,,,,,,,,,,,,,,,,,,,,,,,,,,,,,,,,,,,,,,,,,,,,,,,,,,,,,,,,,,,,,,,,,,,,,,,,,,,,,*/plˈanku/,*/plˈanku/,,,,,,,,,,,,,,,,,,,,,,,,,,,,,,,,,,,,,,,,,,,,,,,,,,,,,,,,,,,,,,,,,,,,,,,,,,,,,,,,,,,,,,,,,,,,,,,,,,,,,,,,,,,,,,,,,,,,,,,,,,,,,,,,,,,,,,,,,,,,,,,,,,,,,,,,,,,,,,,,,,,,,,,,,,,,,,,,,,,,,,,,,,,,,,,,,,,,,,,,,,,,,,,,,,,,,,,,,,,,,,,,,,,,,,,,,,,,,,,,,,,,,,,,,,,,,,,,,,,,,,,,,,,,,,,,,,,,,,,,,,,,,,,,,,,,,,,,,,,,,,,,,,,,,,,,,,,,,,,,,,,,,,,,,,,,,,,,,,,,,,,,,,,,
R321,,,,,,,,,,,,,,,,,,,,,,,,,,,,,,,,,,,,,,,,,,,,,,,,,,,,,,,,,,,,,,,,,,,,,,,,,,,,,,,,,,,,,,,,,,,,,,,,,,,,,,,,,,,,,,,,,,,,,,,,,,,,,,,,,,,,,,,,,,,,,,,,,,,,,,,,,,,,,,,,,,,,,,,,,,,,,*/fˈama/,,*/fˈamulˠu/,,,,,,,,,,,,,,,,*/fəʎˈanːu/,,,,,,,,,,*/flˈamːa/,,,,,,,,,,,,,,,,,,,,,,,,,,,,,,,,,,,,,,,,,,,,,,,,,,,,,,,,,,,,,,,,,,,,,,,,,,,,,,,,,,,,,,,,,,,,,,,,,,,,,,,,,,,,,,,,,,,,,,,,,,,,,,,,,,,,,,,,,,,,,,,,*/kəlˠˈanda/,,,,,,,,,,,,,,*/kˈanːa/,,,,*/kˈantɐɾu/,,,,,,,,,,,,,,,,,,,,,,,,,,,,,,,,,,,,,,,,,,,,,,,,,,,,,,,,,,,,,,,,,,,,,,,,,,,,,,,,,,,,,,,,,,,,,,,,,,,,,,,,,,,,,,,,,,,,,,,,,,,,,,,,,,,,,,,,,,,,,,,,,,,,,,,,,,,,,,,,,,,,,,,,,,,,,,,,,,,,,,,,,,,,,,,,,,,,,,,,,,,,,,,,,,,,,,,,,,,,,,,,,,,,,,,,,,,,,,,,,,,,,,,,,,,,,,,,,,,,,,,,,,,,,,,,,,,,,,,,,,,,,,,,,,,,,,,,,,,,,,,,,,,,,,,,,,,,,,,,,,,,,,,,,,,,,,,,,,,,,,,,,,,,,,,,,,,,,,,,,,,,,,,,,,,,,,,,,,,,,,,,,,,,,,,,,,,,,,,,,,,,,,,,,,,,,,,,,,,,,,,,,,,,,,,,,,,,,,,,,,,,,,,,,,,,,,,,,,,,,,,,,,,,,,,,,,,,,,,,,,,,,,,,,,,,,,,,,,,,,,,,,,,,,,,,,,,,,,,,,,,,,,,,,,,,,,,,,,,,,,,,,,,,,,,,,,,,,,,,,,,*/ʃkˈamnu/,,*/ʃkˈandulˠu/,,,,,,,,,,,,,,,,,,,,,,,,,,,,,,,,,,,,,,,,,,,,,,,,,,,,,,,,,,,,,,,,,,,,,,,,,,,,,,,,,,,,,,,,,,,,,,,,,,,,,,,,,,,,,,,,,,,,,,,,,,,,,,,,,,,,,,,,,,,,,,,,,,,,,,,,,,,,,,,,,,,,,,,,,,,,,,,,,,,,,,,,,,,,,,,
R322,,*/bˈɛ̃ŋu/,,,,,,,,,,,,,,,,,,,,,,,,,,,,,,,,,,,,,,,,,,,,,,,,,,,,,,,,,,,,,,,,,,,,,,,,,,,,,,,,,,*/dˈãmu/,,,,,,,,,,,,,,,,,,,,,,,,,,,,,,,,,,,,,,,,,,,,,,,,,,,,,,,,,,,,,,,,,,,,,,,,,,,,,,,,,,,,,,,,,,,,,,,,,,,,,,,,,,,,,,,,,,,,,,,,,,,,,,,,,,,,,,,,,,,,,,,,,,,,,,,,,,,,,,,,,,,,,,,,,,,,,,,,,,,,,,,,,,,,,,,,,,,,,,,,,,,,,,,,,,,,,,,,,,,,,,,,,,,,,,,,,,,,,,,,,,,,,,,,,,,,,,,,,,,,,,,,,,,,,,,,,,,,,,,,,,,,,,,,,,,,,,,,,,,,,,,,,,,,,,,,,,,,,,,,,,,,,,,,,,,,,,,,,,,,,,,,,,,,,,,,,,,,,,,,,,,,,,,,,,,,,,,,,,,,,,,,,,,,,,,,,,,,,,,,,,,,,,,,,,,,,,,,,,,,,,,,,,,,,,,,,,,,,,,,,,,,,,,,,,,,,,,,,,,,,,,,,,,,,,,,,,,,,,,,,,,,,,,,,,,,,,,,,,,,,,,,,,,,,,,,,,,,,,,,,,,,,,,,,,,,,,,,,,,,,,,,,,,,,,,,,,,,,,,,,,,,,,,,,,,,,,,,,,,,,,,,,,,,,,,,,,,,,,,,,,,,,,,,,,,,,,,,,,,,,,,,,,,,,,,,,,,,,,,,,,,,,,,,,,,,,,,,,,,,,,,,,,,,*/pˈɛ̃ŋu/,,,,,,,,,,,,,,,,,,,,,,,,,,,,,,,,,,,,,,,,,,,,,,,,,,,,,,,,,,,,,,,,,,,,,,,,,,,,,,,,,,,,,,,,,,,,,,,,,,,,,,,,,,,,,,,,,,,,,,,,,,,,,,,,,,,,,,,,,,,,,,,,,,,,,,,,,,,,,,,,,,,*/ʃˈɛ̃ŋu/,,,,,,,,,,,*/ʃkˈamu/,,,,,,,,,,,,,,,,,,,,,,,,,,,,,,,,,,,,,,,,*/ʃtˈãmu/,,,,,,,,,,,,,,,,,,,,,,,,,,,,,,,,,,,,,,,,,,,,,,,,,,,,,,,,,,,,,,,,,,,,,,,,,,,,,,,,,,,,,,,,,,,,,,,,,,,,,,,,,,,,,,,,,,,,,,,,,,,,,,,,,,,,,,,,,,,,,,,,,,,,,,,,,
R323,,,,,,,,,,,,,,,,,,,,,,,,,,,,,,,,,,,,,,,,,,,,,,,,,,,,,,,,,,,,,,,,,,*/bˌĩːɲˈaɾu/,,,,,,,,,,,,,,,,,,,,,,,,,,,,,,,,,,,,,,,,,,,,,,,,,,,,,,,,,,,,,,,,,,,,,,,,,,,,,,,,,,,,,,,,,,,,,,,,,,,,,,,,,,,,,,,,,,,,,,,,,,,,,,,,,,,,,,,,,,,,,,,,,,,,,,,,,,,,,,,,,,,,*/fˌuʃcɲˈaɾu/,,,,,,,,,,,,,,,,,,,,,,,,,,,,,,,,,,,,,,,,,,,,,,,,,,,,,,,,,,,,,,,,,,,,,,,,,,,,,,,,,,,,,,,,,,,,,,,,,,,,,,,,,,,,,,,,,,,,,,,,,,,,,,,,,,,,,,,,,,,,,,,,,,,,,,,,,,,,,,,,,,,,,,,,,,,,,,,,,,,,,,,,,,,,,,,,,,,,,,,,,,,,,,,,,,,,,,,,,,,,,,,,,,,,,,,,,,,,,,,,,,,,,,,,,,,,,,,,,,,,,,,,,,,,,,,,,,,,,,,,,,,,,,,,,,,,,,,,,,,,,,,,,,,,,,,,,,,,,,,,,,,,,,,,,,,,,,,,,,,,,,,,,,,,,,,,,,,,,,,,,,,,,,,,,,,,,,,,,,,,,,,,,,,,,,,,,,,,,,,,,,,,,,,,,,,,,,,,,,,,,,,,,,,,,,,,,,,,,,,,,,,,,,,,,,,,,,,,,,,,,,,,,,,,,,,,,,,,,,,,,,,,,,,,,,,,,,,,,,,,,,,,,,,,,,,,,,,,,,,,,,,,,,,,,,,,,,,,,,,,,,,,,,,,,,,,,,,,,,,,,,,,,,,,,,,,,,,,,,,,,,,,,,,,,,,,,,,,,,,,,,,,,,,,,,,,,,,,,,,,,,,,,,,,,,,,,,,,,,,,,,,,,,,,,,,,,,,,,,,,,,,,,,,,,,,,,,,,,,,,,,,,,,,,,,,,,,,,,,,,,,,,,,,,,,,,,,,,,,,,,,,,,,,,,,,,,,,,,,,,,,,,,,,,,,,,,,,,,,,,,,,,,,,,,,,,,,,,,,,,,,,,,,,,,,,,,,,,,,,,,,,,,,,,,,,,,,,,,,,,,,,,,,,,,,,,,,,,,,,,,,,,,,,,,,,,,,,,,,,,,,,,,,,,,,,,,,,,,,,,,,,,,,,,,
R324,,,,,,,,,,,,,,,,,,,,,,,,,,,,,,,,,,,,,,,,,,,,,,,,,,,,,,,,,,,,,,,,,,,,,,,,,,,,,,,,,,,,,,,,,,,,,,,,,,,,,,,,,,,,,,,,,,,,,,,,,,,,,,,,,,,,,,,,,,,,,,,,,,,,,,,,,,,,,,,,,,,,,,,,,,,,,,,,,,,,,,,,,,,,,,,,,,,,,,,,,,,,,,,,,,,,,,,,,,,,,,,,,,,,,,,,,,,,,,,,,,,,,,,,,,,,,,,,,,,,,,,,,,,,,,,,,,,,,,,,,,,,,,,,,,,,,,,,,,,,,,,,,,,,,,,,,,,,,,,,,,,,,,,,,,,,,,,,,,,,,,,,,,,,,,,,,,,,,,,,,,,,,,,,,,,,,,,,,,,,,,,,,,,,,,,,,,,,,,,,,,,,,,,,,,,,,,,,,,,,,,,,,,,,,,,,,,,,,,,,,,,,,,,,,,,,,,,,,,,,,*/kˌũːntɾəʃtˈaɾu/,,,,,,,,,,,,,,,,,,,,,,,,,,,,,,,,,,,,,,,,,,,,,,,,,,,,,,,,,,,,,,,,,,,,,,,,,,,,,,,,,,,,,,,,,,,,,,,,,,,,,,,,,,,,,*/lˌukttˈaɾə/,,,,,,,,,,,,,,,,,,,,,,,,,,,,,,,,,,,,,,,,,,,,,,,,,,,,,,,,,,,,,,,,,,,,,,,,,,,,,,,,,,,,,,,,,,,,,,,,,,,,,,,,,,,,,,,,,,,,,,,,,,,,,,,,,,,,,,,,,,,,,,,,,,,,,,,,,,,,,,,,,,,,,,,,,,,,,,,,,,,,,,,,,,,,,,,,*/pəʃkətˈaɾə/,,,,,,,,,,,,,,,,,,,,,,,,,,,,,,,,,,,,,,,,,,,,,,,,,,,,,,,,,,,,,,,,,,,,,,,,,,,,,,,,,,,,,,,,,,,,,,,,,,,,,,,,,,,,,,,,,,,,,,,,,,,,,,,,,,,,,,,,,,,,,,,,,,,,,,,,,,,,,,,,,,,,,,,,,,,,,,,,,,,,,,,,,,,,,,,,,,,,,,,,,,,,,,,,,,,,,,,,,,,,,,,,,,,,,,,,,,,,,,,,,,,,,,,,,,,,,,,,,,,,,,,,,,*/tɾˌaktˈaɾu/,,,,,,,,,,,,,,,,,,,,,,,,,,,,,,,,,,,,,,,,,,,,,,,,,,,,,,,,,,,,,,,,,,,,,,,,,,,,,,,,,,,,,,,,,,,
R325,,,*/bˈɛ̃ɲːa/,,,,,,,,,,,,,,,,,,*/ˌalːəɡˈɔɾˈia/,,*/ə̃mpːətˈĩːnu/,,,,,,,,,,,,,,,,,,,,,,,,,,,,,,,,,,,,,,,,,,,,,,,,,,,,,,,,,,,,,,,,,,,,,,,,,,,,,,,,,,,,,,,,,,,,,,,,,,,,,,,,,,,,,,,,,,,,,,,,,,,,,,,,,,,,,,,,,,,,,,,,,,,,,,,,,,,,,,,,,,,,,,,,,,,,,,,,,,,,,,,,,,,,,,,,,,,,,,,,,,,,,,,,,,,,,,,,,,,,,,,,,,,,,,,,,,,,,,,,,,,,,,,,,,*/jˌãːnːˈɛːɾu/,,,,,,,,,,,,,,,,*/ə̃mːˈũːnə/,,,,,,,,,,,,,,,,,,,,,,,,,,,,,,,,,,,,,,,,,,,,,,,,,,,,,,,,,,,,,,,,,,,,,,,,,,,,,,,,,,,,,,,,,,,,,,,,,,,,,,*/cˈɛlːa/,,,,,,,,,,,,,,,,,,,,,,,,,,,,,,,,,,,,,,,,,,,,,,,,,,,,,,,,,,,,,,,,,,,,,,,,,,,,,,,,,,,,,,,,,,,,,,,,,,,,,,,,,,,,,,,,,,,,,,,,,,,,,,,,,,,,,,,,,,,,,,,,,,,,,,,,,,,,,,,,,,,,,,,,,,,,,,,,,,,*/lˌuktːˈaɾə/,,,,,,,,,,,,,,,,,,,,,,,,,,,,,,,,,,,,,,,,,,,,,,,,,,,,,,,,,,,,,,,,,,,,,,,,,,,,,,,,,,,,,,,,,,,,,,,,,,,,,,,,,,,,,,,,,,,,,,,,,,,,,,,,,,,,,,,,,,,,,,,,,,,,,,,,,,,,,,,,,,,,,,,,,,,,,,,,,,,,,,,,,,,,,,,,,,,,,,,,,,,,,,,,,,,,,,,,,,,,,,,,,,,,,,,,,,,,,,,,,,,,,,,,,,,,,,,,,,,,,,,,,,,,,,,,,,,,,,,,,,,,,,,,,,,,,,,,,,,,,,,,,,,,,,,,,,,,,,,,,,,,,,,,,,,,,,,,,,,,,,,,,,,,,,,,,,,,,,,,,,,,,,,,,,,,,,,,,,,,,,,,,,,,,,,,,,,,,,,,,,,,,,,,,,,,,,,,,,,,,,,,*/tˌabˈɛlːa/,,,,,,,,,,,,,,,,,,,,,,,,,*/tˈĩnːkulˠu/,,,,,,,,,,,,,,,,,,,,,,,,,,,,,,,,,,,,,,,,,,,,,,,,,,,,,,,,,,,,,,,,,,,,,,,,,,,,,,,,,,,,,,,,,,,,,,,,,,,,
R326,,,,,,,,,,,,,,,,,,,,,,,,,,,,,,,,,,,,,,,,,,,,,,,,,,,,,,,,,,,,,,,,,,,,,,,,,,,,,,,,,,,*/dˌãnːˈɔ̃ɲu/,,,,,,,,,,,,,,,,,,,,,,,,,,,,,,,,,,,,,,,,*/ʃˌɑ̃mːˈɔ̃ɲu/,,,,,,,,,,,,,,,,,,,,,,,,,,,,,,,,,,,,,,,,,,,,,,,,,,,,,,,,,,,,,,,,,,,,,,,,,,,,,,,,,,,,,,,,,,,,,,,,,,,,,,,,,,,,,,,,,,,,,,,,,,,,,,,,,,,,,,,,,,,,,,,,,,,,,,,,,,,,,,,,,,,,,,,,,,,,,,,,,,,,,,,,,,,,,,,,,,,,,,,,,,,,,,,,,,,,,,,,,,,,,,,,,,,,,,,,,,,,,,,,,,,,,,,,,,,,,,,*/cˌɛɾɲːˈɔ̃ɲu/,,,,,,,,,,,,,,,,,,,,,,,,,,,,,,,,,,,,,,,,,,,,,,,,,,*/kˌũːnːˈatu/,,,,,,,,,,,,,,,,,,,,,,,,,,,,,,,,,,,,,,,,,,,,,,,,,,,,,,,,,,,,,,,,,,,,,,,,,,,,,,,,,,,,,,,,,,,,,,,,,,,,,,,,,,,,,,,,,,,,,,,,,,,,,,,,,,,,,,,,,,,,,,,,,,,,,,,,,,,,,,,,,,,,,,,,,,,,,,,,,,,,,,,,,,,,,,,,,,,,,,,,,,,,,,,,,,,,,,,,,,,,,,,,,,,,,,,,,,,,,,,,,,,,,,,,,,,,,,,,,,,,,,,,,,,,,,,,,,,,,,,,,,,,,,,,,,,,,,,,,,,,,,,,,,,,,,,,,,,,,,,,,,,,,,,,,,,,,,,,,,,,,,,,,,,,,,,,,,,,,,,,,,,,,,,,,,,,,,,,,,,,,,,,,,,,,,,,,,,,,,,,,,,,,,,,,,,,,,,,,,,,,,,,,,,,,,,,,,,,,,,,,,,,,,,,,,,,,,,,,,,,,,,,,,,,,,,,,,,,,,,,,,,,,,*/ʃə̃nːˈɔ̃ɲu/,,,,,,,,,,,,,,,,,,,,,,,,,,,,,,,,,,,,,,,,,,,,,,,,,,,,,,,,,,,,,,,,,,,,,,,,,,,,,,,,,,,,,,,,,,,,,,,,,,,,,,,,,,,,,,,,,,,,,,,,,,,,,,,,,,,,,,,,,,,,,,,,,,,,,,,,,,,,,,,,,,,,,,,,,,,,,,,,,,,,,,,,,,,,,,,,,,,,,,,,,,,,,
R327,,,,,,,,,,,,,,,,,,,,,,,,,,,,,,,,,,,,,,,,,,,,,,,,*/ˈaʃkəlːu/,,,,,,,,*/wˈũnkəlːu/,,,,,,,,,,,,,,,,,,,,,,,,,,,,,,,,,,,,,,,,,,,,,,,,,,,,,,,,,,,,,,,,,,,,,,,,,,,,,,,,,,,,,,,,,,,,,,,,,,,,,,,,,,,,,,,,,,,,,,,,,,,,,,,,,,,,,,,,,,,,,,,,,,,,,,,,,,,,,,,,,,,,,,,,,,,,,,,,,,,,,,,,,,,,,,,,,,,,,,,,,,,,,,,,,,,*/hˈĩnːkəlːu/,,,,,,,,,,,,,,,,,,,,,,,,,,,,,,,,,,,,,,,,,,,,,,,,,,,,,,,,,,,,,,,,,,,,,,,,,,,,,,,,,,,,,,,,,,,,,,,,,,,,,,,,,,,,,,,,,,,,,,,,,,,,,,,,,,,,,,,,,,,,,,*/cˈĩŋɡəlːu/,,,,,,,,,,,,,,,,,,,,,,,,,,,,,,,,,,,,,,,,,,,,,,,,,,,,,,,,,,,,,,,,,,,,,,,,,,,,,,,,,,,,,,,,,,,,,,,,,,,,,,,,,,,,,,,,,,,,,,,,,,,,,,,,,,,,,,,,,,,,,,,,,,,,,,,,,,,,,,,,,,,,,,,,,,,,,,,,,,,,,,,,,,,,,,,,,,,,,,,,,,,,,,,,,,,,,,,,,,,,,,,,,,,,,,,,,,,,,,,,,,,,,,,,,,,,,,,,,,,,,,,,,,,,,,,,,,,,,,,,,,,,,,,,,,,,,,,,,,,,,,,,,,,,,,,,,,,,,,,,,,,,,,,,,,,,,,,,,,,,,,,,,,,,,,,,,,,,,,,,,,,,,,,,,,,,,,,,,,,,,,,,,,,,,,,,,,,,,,,,,,,,,,,,,,,,,,,,,,,,,,,,,,,,,,,,,,,,,,,,,,,,,,,,,,,,,,,,,,,,,,,,,,,,,,,,,,,,,,,,,,,,,,,,,,,,,,,,,,,,,,,,,,,,,,,,,,,,,,,,,,,,,,,,,,,,,,,,,,,,,,,,,,,,,,,,,,,,,,,,,,,,,,,,,,,,,,,,,,,,,,,,,,,,,,,,,,,,,,,,,,,,,,,,,,,,,,,,,,,,,,,,,,,,,,,,,,,,,,,,,,,,,,,,,,,,,,,,,,,,,,,,,,,,,,,,,,,,,,,,,,,,,,,,,,,,,,,,,,,,,,,,,,,,,,
R328,,,,,,,,,,,,,,,,,,,,,,,,,,,,,,,,,,,,,,,,,,,,,,,,,,,,,,,,,,,,,,,,*/bˌɛ̃ntkˈɔ̃ɲu/,,,,,,,,,,,,,,,,,,,,,,,,,,,,,,,,,,*/dəktˈɔ̃ɲu/,,,,,,,,,,,,,,,,,,,,,,,,,,,,,,,,,,,,,,,,,,,,,,,,,,,,,,,,,,,,,,,,,,,,,,,,,,,,,,,,,,,,,,,,,,,,,,,,,,,,,,,,,,,,,,,,,,,,,,,,,,,,,,,,,,,,,,,,,,,,,,,,,,,,,,,,,,,,,,,,,,,,,,,,,,,,,,,,,,,,,,,,,,,,,,,,,,,,,,,,,,,,,,,,,,,,,,,,,,,,,,,,,,,,,,,*/ɸtˈɔ̃ɲu/,,,,,,,,,,,,,,,,,,,,,,,,,,,,,,,,,,,,,,,,,,,,,,,,,,,,,,,,,,,,*/kˈaɸka/,*/kˈaɸʃa/,,,,,,,,,,,,,,,,,,,,,,,,,,,,,,,,,,,,,,,,,,,,,,,,,,,,,,,,,,,,,,,,,,,,,,,,,,,,,,,,,,,,,,,,,,,,,,,,,,,,,,,,,,,,,,,,,,,,,,,,,,,,,,,,,,,,,,,,,,,,,,,,,,,,,,,,,,*/ləfcˈɛːɾu/,,,,,,,,,,,,,,,,,,,,,,,,,,,,,,,,,,,,,,,,,,,,,,,,,,,,,,,,,,,,,,,,,,,,,,,,,,,,,,,,,,,,,,,,,,,,,,,,,,,,,,,,,,,,,,,,,,,,,,,,,,,,,,,,,,,,,,,,,,,,,,,,,,,,,,,,,,,,,,,,,,,,,,,,,,,,,,,,,,,,,,,,,,,,,,,,,,,,,,,,,,,,,,,,,,,,,,,,,,,,,,,,,,,,,,,,,,,,,,,,,,,,,,,,,,,,,,*/pɾˈɛftəɾ/,,,,,,,,,,,,,,,,,,,,,,,,,,,,,,,,,,,,,,,,,,,,,,,,,,,,,,,,,,,,,,,,,,,,,,,,,,,,,,,,,,,,,,,,,,,,,,,,,,,,,,,,,,,,,,,,,,,,,,,,,,,,,,,,,,,,,,,,,,,,,,,,,,,,,,,,,,,,,,,,,,,,,,,,,,,,,,,,,,,,,,,,,,,,,,,,,,,,,,,,,,,,,,,,,,,,,,,,,,,,,,,,,,,,,,,,,,,,,,,,,,,,,,,,,,,,,,,,,,,,,,,,,,,,,,,,,,,,,,,,,*/ɸtəlˠˈɔ̃ɲu/,,,,,,,,*/ɸʃˈika/,,,,,,,,,*/ɸcˈĩːnu/,,,,,,,,,,,,,,,*/ɸtˈuʎa/,,,,,,,,
R329,,,,,,,,,,,,,,,*/cˈiftu/,*/cˈiftɾə/,,,,,,,,,,,,,,,,,,,,,,*/ˈaftu/,,,,,,,,,,,,,,,,,,,,,,,,,,,,,,,,,,,,,,,,,*/bˈufʃu/,,,,,,,,,,,,,,,,,,,*/dəftˈɔ̃ɲu/,,,,,,,,,,,,,,,,,,,,,,,,,,,,,,,,,,,,,,,,,,,,,,,,,,,,,,,,,,,,,,,,,,,,,,,,,,,,,,,,,,,,,,,,,,,,,,,,,,,,,,,,,,,*/flˌuftulˠˈɔ̃ɲu/,,,,,,,,,*/fɾˈafʃɐɾ̃u/,,,,,,,,*/flˠˌɛftˈɛɾja/,,,,,,,,,,,,,,,,,,,,,,,,,,,,,,,,,,,,*/ɡɾˈifʃa/,,,,,,,,,,,,,,,,,,,,,,,,,,,,,,,,,,,,,,,,*/ə̃ndəftˈɔ̃ɲu/,,,,,,,,,,,,,,,,,,,,,,,,,,,,,,,*/ftˈɔ̃ɲu/,,,,,,,,,,,,,,,,,,,,,,,,,,,,,,,,,,,,,,,*/kˌafʃˈata/,*/kˌafʃˈɔ̃ɲu/,,*/kˌaftˈĩna/,,,*/kˈaftə/,,,,,,,,,,,,,,,*/kˈafka/,*/kˈafʃa/,,,,,,,,,,,,,,,,,,,,,,,,,,,,,,,,,,,,,,,,,,,,,,,,,,,,,*/kˈɔfʃa/,*/kˌɔːftˈuo̯ɾu/,,,,,,,,,,,,,,,,,,,,,,,,,,,,,,,,,,,*/ftˈɔ̃ɲu/,,,,,,,,,,,,,,,,,,,,,,,,,,,,,,,,,,,,,,,,,,,,,,,,,*/lˈafʃa/,,,,,,,,,,,,,,,,,,,,,,,,,,,,,,,,,,,,,,,,*/lˈufta/,*/lˌuftˈɔ̃ɲu/,*/lˌuftːˈaɾə/,,,,,,,,,,,,,,,,,,,,,,,,,,,,,,,,,,,,,,,,,,,,,,,*/mə̃ntˈafʃu/,,,,,,,,,,,,,,,,,,,,,,,,,,,,,,,,,,,,,,,,,,,,,,,,,,,,,,,,,,,,,,,,,,,,,,,,,,,,,,,,,,,,,,,,,,,,,,,,,,,,,,,,,,,,,,,,,,,,,,,,,,,,,,,,,,,,,,,,,,,,,,,,,,,,,,,,,,,,,,,,,,,,,,,,,,,,,,,,,,,,,,,,,,,*/pɾˈɔfʃmu/,,,,,,,,,,,,,,,,,,,,,,,,,,,,,,,,,,,,,,,,,,,,,,,,,,,,,,,,,,,,,,,,,,,,,,,,,,,,,,,,,,,,,,,,,,,,,,,,,,,,,,,,,,,,,,,,,,,,,,,,,,,,,,,,,,,,,,,,,,,,,,,,,,,,,,,,,,,,,,,,,,,,,,,,,,,,,,,,,,,,,,,,,,,,,,,*/tˈaftu/,,,,,,,,,,,,,,,,,,,,,,,,,,,,,,,,,*/tɾˌaftˈaɾu/,,,,,,,,,,,,,,*/tɾˈɔfta/,,,,,,,,,,,,,,,,,,,,,,,,,,,,,,,,,,,,,*/ftəlˠˈɔ̃ɲu/,,,,,,,,*/fʃˈika/,,,,,,,,,*/fcˈĩːnu/,,,,,,,,,,,,,,,*/ftˈuʎa/,,,,,,,,
R330,,,,,,,,,,,,,,,,,,,,,,,,,,,,,,,,,,,,,,,,,,,,,,,,,,,,,,,,,,,,,,,,,,,,,,,,,,,,,,,,,,,,,,,,,,,,,,,,,,,,,,,,,,,,,,,,,,,,,,,,,,,,,,,,,,,,,,,,,,,,,,,,,,,,,,,,,,,,,,,,,,,,,,,,,,,,,,,,,,,,,,,,,,,,,,,,,,,,,,,,,,,,,,,,,,,,,,,,,,,,,,,,,,,,,,,,,,,,,,,,,,,,,,,,,,,,,,,,,,,,,,,,,,,,,,,,,,,,,,,,,,,,,,,,,,,,,,,,,,,,,,*/fɐʃcˈɔ̃ɲu/,,,,,,,,,,,,,,,,,,,,,,,,,,,,,,,,,,,,,,,,,,,,,,,,,,,,,,,,,,,,,,,,,,,,,*/kɐftˈĩna/,,,,,,,,,,,,,,*/kɐʃtˈɛ̃ɲa/,,*/kɐʃtˈie̯lːa/,*/kɐʃtˈie̯lːu/,,,,,,,,,,,,,,,,,,,,,,,,,,,,,,,,,,,,,,,,,,,,,,,,,,,,,,,,,,,,,,,,,,,,,,,,,,,,,,,,,,,,,,,,,,,,,,,,,,,,,,,,,,,,,,,,,,,,,,,,,,,,,,,,,,,,,,,,,,,,,,,,,,,,,,,,,,*/lɐβdˈɔ̃ɲɔ/,,,,,,,,,,,,,,,,,,,,,,,,,,,,,,,,,,,,,,,,,,,,,,,,,,,,,,,,,,,,,,,,,,,,,,,,,,,,,,,,,,,,,,,,,,,,,,,,,,,,,,,,,,,,,,,,,,,,,,,,,,,,,,,,,,,,,,,,,,,,,,,,,,,,,,,,,,,,,,,,,,,,,,,,,,,,,,,,,,,,,,,,,,,,,,,,,,,,,,,,,,,,,,,,,,,,,,,,,,,,,,,,,,,,,,,,,,,,,,,,,,,,,,,,,,,,,,,,,,,,,,,,,,,,,,,,,,,,,,,,,,,,,,,,,,,,,,,,,,,,,,,,,,,,,,,,,,,,,,,,,,,,,,,,,,,,,,,,,,,,,,,,,,,,,,,,,,,,,,,,,,,,,,,,,,,,,,,,,,,,,,,,,,,,,,,,,,,,,,,,,,,,,,,,,,,,,,,,,,,,,,,,,,,,,,,,,,,,,,,,,,,,,,,,,,,,,,,,,,,,,,,,,,,,,,,,,,,,,,,,,,,,,,*/tɾɐftˈaɾu/,,,,,,,,,,,,,,,,,,,,,,,,,,,,,,,,,,,,,,,,,,,,,,,,,,,,,,,,,,,,,,,,,,,,,,,,,,,,,,,,,,,,,,,,,,,
R331,,,,,,,,,,,,,,,,,,,,,,,,,,,,,,,,,,,,,,,,,,,,,,,,,,,,,,,,,,,,,,,,,,,,,,,,,,,,,,,,,,,,,,,,,,,,,,,,,,,,,,,,,,,,,,,,,,,,,,,,,,,,,,,,,,,,,,,,,,,,,,,,,,,,,,,,,,,,,,,,,,,,,,,,,,,,,,,,,,,,,,,,,,,,,,,,,,,,,,,,,,,,,,,,,,,,,,,,,,,,,,,,,,,,,,,,,,,,,,,,,,,,,,,,,,,,,,,,,,,,,,,,,,,,,,,,,,,,,,,,,,,,,,,,,,,,,,,,,,,,,,,,,,,,,,,,,,,,,,,,,,,,,,,,,,,,,,,,,,,,,,,,,,,,,,,,,,,,,,,,,,,,,,,,,,,,,,,,,,,,,,,,,,,,,,,,,,,,,,,,,,,,,,,,,,,,,,,,,,,,,,,,,,,,,,,,,,,,,,,,,,,,,,,,,,,,,,,,,,,,,,,,,,,,,,,,,,,,,,,,,,,,,,,,,,,,,,,,,,,,,,,,,,,,,,,,,,,,,,,,,,,,,,,,,,,,,,,,,,,,,,,,,,,,,,,,,,,,,,,,,,,,,,,,,,,,,,,,,,,,,,,,,,,,,,,,,,,,,,,,,,,,,,,,,,,,,,,,,,,,,,,,,,,,,,,,,,,,,,,,,,,,,,,,,,,,,,,,,,,,,,,,,,,,,,,,,,,,,,,,,,,,,,,,,,,,,,,,,,,,,,,,,,,,,,,,,,,,,,,,,,,,,,,,,,,,,,,,,,,,,,,,,,,,,,,,,,,,,,,,,,,,,,,,,,,,,,,,,,,,,,,,,,,,,,,,,,,,,,,,,,,,,,,,,,,,,,,,,,,,,,,,,,,,,,,,,,,,,,,,,,,,,,,,,,,,,,,,,,,,,,,,,,,,,,,,,,,,,,,,,,,,,,,,,,,,,,,,,,,,,,,,,,,,,,,,,,,,,,,,,,,,,,,,,,,,,,,,,,,,,,,,,,,,,,,,,,,,,,,,,,,,,,,,,,,,,,,,,,,,,,,,,,,,,,,,,,,,,,,,,,,,,,,,,,,,,,,,,,,,,,,,,,,,,,,,,,,,,,,,,,,,,,,,,,,,,,,,,,,,,,,,,,,,,,,,,,,,,,,,,,,,,,,,,,,,,,,,,,,,,,,,,,,,,,,,,,,,,,,
R332,,,,,,,,,,,,,,,,,,,,,,,,,,,,,,,,,,,,,,,,,,,,,,,,,,,,,,,,,,,,,,,,,,,,,,,,,,,,,,,*/bˈuʃu/,,,,,,,,,,,,,,,,,,,,,,,,,,,,,,,,,,,,,,,,,,,,,,,,,,,,,,,,,,,,,,,,,,,,,,,,,,,,,,,,,,,,,,,,,,,,,,,,,,,,,,,,,,,,,,,,,,,,,,,,,,,,,,*/flˌutulˠˈɔ̃ɲu/,,,,,,,,,*/fɾˈaʃɐɾ̃u/,,,,,,,,*/flˠˌɛtˈɛɾja/,,,,,,,,,,,,,,,,,,,,,,,,,,,,,,,,,,,,,,,,,,,,,,,,,,,,,,,,,,,,,,,,,,,,,,,,,,,,,,,,,,,,,,,,,,,,,,,,,,,,,,,,,,,,,,,,,,,,,,,,,,,,,,,,,,,,,,,,,,,,,,,,,,,,,,,,,,,,,,,,,,,,,,,,,,,,,,,,,,,,,,,,,,,,,,,,,,,,,,,,,,,,,,,,,,,,,,,,,,,,,,,,,,,,,,,,,,,,,,,,,,,,,,,,,,,,,,,,,,,,,,,,,,,,,,,,,,,,,,,,,,,,,,,,,,,,,,,,,,,,,,,,,,,,,,,,,,,,,,,,,,,,,,,,,,,,,,,,,,,,,,,,,,,,,,,,,,,,,,,,,,,,,,,,,,,,,,,,,,,,,,,,,,,,,,,,,,,,,,,,,,,,,,,,,,,,,,,,,,,,,,,,,,,,,,,,,,,,,,,,,,,,,,,,,,,,,,,,,,,,,,,,,,,,,,,,,,,,,,,,,,,,,,,,,,,,,,,,,,,,,,,,,,,,,,,,,,,,,,,,,,,,,,,,,,,,,,,,,,,,,,,,,,,,,,,,,,,,,,,,,,,,,,,,,,,,,,,,*/pɾˈɛtəɾ/,,,,,,*/pɾˈɔʃmu/,,,,,,,,,,,,,,,,,,,,,,,,,,,,,,,,,,,,,,,,,,,,,,,,,,,,,,,,,,,,,,,,,,,,,,,,,,,,,,,,,,,,,,,,,,,,,,,,,,,,,,,,,,,,,,,,,,,,,,,,,,,,,,,,,,,,,,,,,,,,,,,,,,,,,,,,,,,,,,,,,,,,,,,,,,,,,,,,,,,,,,,,,,,,,,,,,,,,,,,,,,,,,,,,,,,,,,,,,,,,,,,,,,,,,,,,,,,,,,,,,,,,,,,,,,,,,,,,,,,,,,,,,,,,,,,,,,,,,,,,,,,,,,,,,,,,,,,,,,,,,,,,,,,,,,,,,,,
R333,,,,,,,,,,,,,,,,,,,,,,,,,,,,,,,,,,,,,,,,,,,,,,,,,,,,,,,,,,,,,,,,,,,,,,,,,,,,,,,,,,,,,,,,,,,,,,,,,,,,,,,,,,,,,,,,,,,,,,,,,,,,,,,,,,,,,,,,,,,,,,,,,,,,,,,,,,,,,,,,,,,,,,,,,,,,,,,,,,,,,,,,,,,,,,,,*/fˈɛːləka/,,,,,,,,,,,,,,,,,,,,,,,,,,,,,,,,,,,,,,,,,,,,,,,,,,,,,,,,,,,,,,,,,,,,,,,,,,,,,,,,,,,,,*/ˈiːləcə/,*/ˈiːləcˈɛtu/,,,,,,,,,,,,,,,,,,,,,,,,,,,,,,,,,,,,,,,,,,,,,,,,,,,,,,,,,,,,,,,,,,,,,*/cˈɛːləcə/,,,,,,,,,,,,,,,,,,,,,,,,,,,,,,,,,,,,,,,,,,,,,,,,,,,,,,,,,,,,,,,,,,,,,,,,,,,,,,,,,,,,,,,,,,,,,,,,,,,,,,,,,,,,,,,,,,,*/kˌũːnˈuːləkəa/,,,,,,,*/kˌuːrːˈiːləkəu/,,,,,,,,,,,,,,,,,,,,,,,,,,,,,,,,,,,,,,,,,,,,,,,,,,,,,,,,,,,,,,,,,,,,,,,,,,,,,,,,,,,,,,,,,,,,,,,,,,,,,,,,,,,,,,,,,,,,,,,,,,,,,,,,,,,,,,,,,,,,,,,,,,,,,,,,,,,,,,,,,,,,,,,,,,,,,,,,,,,,,,,,,,,,,,,,,,,,,,,,,,,,,,,,,,,,,,,,,,,,,,,,,,,,,,,,,,,,,,,,,,,,,,,,,,,,,,,,,,,,,,,,,,,,,,,,,,,,,,,,,,,,,,,,,,,,,,,,,,,,,,,,,,,,,,,,,,,,,,,,,,,,,,,,,,,,,,,,,,,,,,,,,,,,,,,,,,,,,,,,,,,,,,,,,,,,,,,,,,,,,,,,,,,,,,,,,,,,,,,,,,,,*/ʃˈɛːləcjɛ/,*/ʃˈɛːləka/,,,,,,,,,,,,,,,,,,,,,,,,,,,,,,,,,,,,,,,,,,,,,,,,,,,,,,,,,,,,,,,,,,,,,,,,,,,,,,,,,,,,,,,,,,,,,,,,,,,,,,,,,,,,,,,,,,,,,,,,,,,,,,,,,,,,,,,,,,,,,,,,,,,,,,,,,,,,,,,,,,,,,,,,,,,,,,,,,,,,,,,,,,,,,,,,,,,,,,,,,,,,,,,,,,,,,,,,,,,,,,,,,,,,,,,,,,,,,,,,,,,,,
R334,,,,,,,,,,,,,,,,,,,,,,,,,,,,,,,,,,,,,,,,,,,,,,,,,,,,,,,,,,,,,,,,,,,,,,,,,,,,,,,,,,,,,,,,,,,*/dəpˌɑ̃ɾtˈɔ̃ɲu/,,,,,,,,,,,,,,,,,,,,,,,,,*/dˌulpəkˈɔ̃ɲu/,,,,,,,,,,,,,,,,,,,,,,,,,,,,,,,,,,,,,,,,,,,,,,,,,,,,,,,,,,,,,,,,,,,,,,,,,,,,*/fˈɛːlka/,,,,,,,,,,,,,,,,,,,,,,,,,,,,,,,,,,,,,,,,,,,,,,,,,,,,,,,,,,,,,,,,,,,,,,,,,,,,,,,,,,,,,*/ˈiːlcə/,*/ˈiːlcˈɛtu/,,*/ə̃mpəɾtˈɛʃa/,,,,,,,,,,,,,,,,,,,*/ə̃ndəɾtˈɔ̃ɲu/,,,,,,,,,,,,,,,,,,,,,,,,,,,,,,,,,,,,,,,,,,,,,,,,*/cˈɛːlcə/,,,,,,,,,,,,,,,,,,,,,,,,,,,,,,,,,,,,,,,,,,,,,,,,,,,,,,,,,,,,,,,,,,,,,,,,,,,,,,,,*/kˌuʎtˈɔ̃ɲu/,,,,,,,,,,,,,,,,,,,,,,,,,,,,,,,,,,,*/kˌũːnˈuːlkəa/,,,,,,,*/kˌuːrːˈiːlkəu/,,,,,,,,,,,,,,,,,,,,,,,,,,,,,,,,,,,,,,,,,,,,,,,,,,,,,,,,,,,,,,,,,,,,,,,,,,,,,,,,,,,,,,,,,,,,,,,,,,,,,,,,,,,,,,,,,,,,,,,,,,,,,,,,,,,,*/məɾkˈɔʃu/,,,,,,,,,,,,,,,,,,,,,,,,,,,,,,,,,,,,,,,,,,,,,,,,,,,,,,,,,,,,,,,,,,,,,,,,,,,,,,,,,,,,,,,,,,,,,,,,,,,,,,,,,,,,,,,,,,,,,,,,,,,,,,*/pəˈyːlkəa/,,,,,,,,,,,,,,,,,,,,,,,,,,,,,,,,,,,,,,,,,,,,,,,,,,,,,,,,,,,,,,,,,,,,,,,,,,,,,,,,,,,,,,,,,,,,,,,*/rːəˈiːlkəa/,,,,,,,,,,,,,,,,,,,,,,,,,,,,,,,,,,,,,,,,,,,,,,,*/ʃˌaːʎtˈɔ̃ɲu/,,,,*/ʃˈɛːlcjɛ/,*/ʃˈɛːlka/,,*/ʃˌɛːlcˈɛtu/,,,,,,,,,,,,,,,,,,,,,,,*/ʃˌɛːlcə̃ɾ̃ˈuo̯ɾu/,,,,,,,,,,,,,,,,,,,,,,,,,,,,,,,,,,,,,,,,,,,,,,,,,,,,,,,*/ʃˌuɾtəlɟˈija/,,,,,,,,,,,,,,,,,,,,,,,,,,,,,,,,,,,,,,,,,,,,,,,,,,,,,,,,,,,,,,,,,,,,,,,,,,,,,,,,,,,,,,,,,,,,,,,,,,,,,,,,,,,,,,,,,,,,,,,,,,,,,,,,,,,,,,,,,,,,,,,,,,,,,,,,,,,,,,,,,,,,,
R335,,,,,,,,,,,,,,,,,,*/ˈaːlbɐɾ̃u/,,*/ˈaːʎu/,*/ˌalːəɡˈɔːɾˈia/,,,,,,,*/mˈuːɾɡa/,,,*/ɲˈiːlːa/,,,,*/nˈuːlːa/,,*/pɾˈiːlə/,,,,*/ˈaːɾma/,,,,,*/ˈaːɾku/,*/ˈaːɾka/,,*/ʃpˈaːɾɐɡu/,,,,,,,,*/bˈaːlʃɐmu/,,,*/bˈaːɾka/,,*/bˌatˈaːʎa/,*/bˌatˈaːʎa/,,,*/bˌĩːɲˈaːɾu/,*/bˈɔːlˠa/,,,,,,,,,,*/bˈuːlːa/,,,*/bˈuːɾɡu/,,,,,,,*/dˌɛːtˈɔːɾəsu/,*/dˌɛːtˈyːɾa/,,,,,,,,,,,,,,,,,,,,,,,,,,,,,,,,,,,,,,,,,,,,,,,,,,*/ʃkˈuːɾtu/,,,,,,,,,,,,,,,,,,,*/ˈiːɾicju/,,,,,,,,,,*/fˈaːʎu/,,,,,*/fˌajtˈyːɾa/,,*/fˌãmˈiːʎa/,,,,,*/fˈaːɾmɐku/,,*/fəʎˈɔːlˠa/,,,,,,,,,,,,,,,,,,,,,,,,,,*/fˌuɾmˈɛːlːa/,*/fˈuːrːicə/,,*/fˈɔːɾtə/,,,,,,,,,,,,*/flˠˌɛtˈɛːɾja/,,,,,*/fˈuːɾka/,*/fˈuːrːu/,,*/fˌuʃcɲˈaːɾu/,,,*/ɟˈɛːlbɐɾ̃u/,*/ɡˈaːlɡulˠu/,,*/ɟˈɛːlːə/,,,,,,,,,*/ɟjˈɛːɾɟju/,,,,,,,,,,,,,,*/ɡˈuːlˠa/,,,,,*/ʃtˈiːʎa/,,,,,,*/hˈɛːɾa/,,,,,,*/ˈiːʎa/,,,,,,,,,,,,,,*/nˈaːlta/,,*/nˈaːltu/,,,,,,,,,,,*/fˈɛːrːu/,,,,,,,,,*/ə̃nkˈɔːɾðu/,,,,,,,,,,,,,,*/mərːˈaːʎa/,*/vˈɛːrːu/,,,,,,*/ˈiːɾa/,,,,*/ɟˌỹːntˈyːɾa/,,,,,,,*/kˈaːlˠɐmu/,,,,*/kəlcˈɛːɾja/,*/cˈɛːlːə/,,,,,,,,*/kə̃ndˈɛːlˠa/,,,,,,,,*/kˌãncˈɛːlːu/,*/kˌapˈɛːlːa/,,,,,,,,,*/cˈɛːrːjɛ/,,,,*/kˈaːrːa/,*/cˈɛːrːə/,,,*/kˈaːɾta/,,,,,,,,*/cˈɛːlːa/,,,,,*/cˌɛpˈuːlːa/,,,,*/cˈaːrːu/,,,,*/ə̃nkˈaːlˠa/,,*/kˈɔːɾja/,,,,,*/kəɾcˈɛːlːa/,*/cˈaːɾkulˠu/,*/cˈaːɾku/,,,,,*/klˈaːɾta/,,*/klˌyːtˈyːɾa/,*/klˌaːɾˈyːlˠa/,*/kəʃˈyːɾa/,*/kləʃˈyːɾa/,,,,,,,,,*/kˌulːˈaːɾə/,,,,,,,,,,,,,,*/kˌũːmːˈɛːɾcju/,,,,,,,*/kˌuːʃˈiːlːu/,,,,,,,,*/kˌũːntɾəʃtˈaːɾu/,,,,*/kˌuːpəɾtˈyːɾa/,*/kˈɔːɾbulˠu/,*/kˈɔːɾða/,*/kˈɔːrːju/,,,,*/kˈɔːɾpu/,,,,,*/kˈɔːɾbu/,,,,,,,*/kɾˌiːjətˈyːɾa/,,,,,,,*/kɾəʃtəntˈɛːlə/,,,,,,,*/kˈuːɾbəta/,,,*/kˈuːltɾa/,*/kˈuːlmə/,,*/kˈuːlˠmu/,,,,,,,,,,,,*/kˈaːɾta/,*/kˈɔːɾta/,*/kˈɔːɾtu/,*/kˌaʃˈiːlːu/,,,,,,,,,,,,,*/lə̃ŋɟˈyːɾa/,,*/lə̃ncjˈɛːɾja/,,*/lˈaːɾɡu/,*/lˈaːɾðu/,,,,*/ləˌaːtˈyːɾa/,,,,,,,,,,,,,,*/lˌiɡətˈyːɾa/,*/lˈiːlːu/,,,,,,*/lˌɛpətˈyːɾa/,,,,*/lˌucˈɛːrːa/,,,,*/lˌuftːˈaːɾə/,,,,,,,,*/mˌaːʃtˈɛːɾku/,*/mˌajˈɛːɾja/,,,*/mˌaːlːəsˈɔːlˠa/,*/mə̃ɲˈɔːlˠa/,,*/mˈaːʎu/,,,*/mˈaːlˠu/,,,,,,,,,,,*/mˈaːɾɟɐɾ̃ə/,,,,,,,*/mˈaːɾku/,*/mˈaːɾmuɾu/,,*/mˈaːɾtə/,,*/mˈaːɾsu/,*/mˈaːɾu/,,,,,,,,,,,,,,*/məʃˈɛːɾa/,,,,,,,*/məɾkˈuːɾa/,,,,*/mˈiːʎa/,,,,,,,*/məʃˈiːɾa/,,,*/mˌulˠˈaːɾə/,,,,,*/mˌuɾtˈaːʎa/,*/mˈɔːɾtə/,,*/mˈuːlˠa/,,,,,,,,,,,*/mˈɛːrːa/,,*/nˌaːtˈyːɾa/,,,,,,,,,,,,,,,*/fˈɛːlːa/,,,,,,,,,,,,,,,,,,,,,,*/pˌaɡətˈyːɾa/,,*/pˈaːlˠa/,*/pˈaːʎa/,,,,,,*/pˈaːɾ/,,,,,,,,,,,,,,,,,,,,,*/pˌɛːkˈuːlːu/,,,,,,*/pəɾhˈɛːɾa/,,,,,,,,,,,,,,*/pˈiːlˠa/,*/pˈiːlˠa/,*/pˈiːlˠa/,*/pˈiːlːu/,,,,*/pəʃkətˈaːɾə/,*/bˌiːʃtˈaːʎa/,*/pəʃtˈɛːɾja/,,,,,,,,*/pˈaːltɲa/,,,,,,,,,*/pˈɔːrːu/,*/pˈɔːrːu/,,*/pˈɔːrːicju/,,,*/pˈɔːɾta/,,,,,,,,,,,,*/pɾə̃məvˈɛːɾa/,,,,,,,,,,*/pˈuːlːa/,*/pˈuːlːu/,*/pˈuːlpa/,*/pˈuːlbəɾə/,,,,,,*/fˈaːɾu/,,,,,,,,,*/rːˈaːlˠu/,,,,,,,,,,,,,,,,,,,,,,,,,,*/rːəʃˈaːʎa/,,,,,,,,,,,,,,,,,,,,,,*/ʃˈɛːlə̃ncjɛ/,,,,,,*/ʃˌɛːlbˈɛːlːa/,,,,,,,,,,,,,,*/ʃˌãɲtnkˈɔːlˠa/,,,*/ʃˈaːɾka/,,,,,,*/ʃˈaːlːa/,,*/ʃˈiːɾɟju/,*/ʃˈaːrːa/,,,,,*/ʃəɾbətˈyːɾa/,,,,,,,,*/ʃə̃mbəlˠətˈyːɾa/,,*/ʃˈɛːɾpu/,,,*/ʃkˈaːlˠa/,,,,,*/ʃcˌə̃ntˈiːʎa/,,,,*/ʃkˈɔːlˠa/,,,*/zɟˈyːɾa/,*/ʃkˈɔːɾsa/,,*/ʃkˈuːlka/,,,,*/ʃˈuːlku/,,,,*/ʃˈɔːlˠa/,,,*/ʃˈɔːɾba/,*/ʃˈɔːɾtə/,,,,,,,,*/ʃpˈiːɾtu/,,,,*/ʃpˈɔːɾta/,,,,,,,,,,,,,,,*/ʃtˈuːrːɐ/,,,,,,,,,,,,*/ʃˌuʃpˈiːɾjɐ/,*/ʃˈuːɾðu/,,*/tˌabˈɛːlːa/,,,*/tˈaːʎa/,*/tˈaːʎa/,,*/tˌavˈɛːrːa/,,,,,,,,,,,,,,,,,,,,,,*/tˈɔːɾkulˠu/,*/tˈɔːrːɐ/,*/tˈɔːɾta/,,,,*/tɾɐftˈaːɾu/,,,,,,,*/tɾəfˈɔːʎa/,*/tɾəfˈiːlːu/,*/tɾəfˈuːɾku/,,,,,,,,,,*/tˈuːlˠa/,,,,,*/tˈuːɾba/,,,*/tˈuːɾbulˠu/,*/tˈuːɾma/,*/tˈuːɾpə/,*/tˈuːrːɐ/,*/tˈuːɾtuɾu/,,,*/ˌỹntˈyːɾa/,,,,,,,,,*/βˈaːlːə/,*/βlˈɛːɾa/,,,,,,,,*/βˈɛːɾa/,,,,,,,,,,,,,*/βəɟˈiːlˠaj/,*/mə̃nɟˈiːlˠaj/,,,*/βˌiːtˈɔːɾja/,,*/βˈiːlːa/,*/βˌĩːɲˈaːlˠu/,,*/βˈiːɾɟɐɾ̃ə/,,*/βˈɛːɾða/,*/βˈɛːɾðə/,,,,,,*/ftˈuːʎa/,,*/βˌɛːtˈuːlˠa/,,*/βˈɔːlˠa/,*/βˈɔːlpulˠu/,,,
R336,,,,,,,,,,,,,,,*/cˈiːftu/,*/cˈiːftɾə/,,,*/əlbə̃ɾ̃ˈɛːʃu/,,,,,,,,,,,,,*/ə̃ŋɡˈuːʃtu/,,,,,,*/ˈaːftu/,,,,,,,,,,*/ˈaːʃkəlːu/,,*/ˈaːʃpəɾ/,,,*/ɡˈuːʃtu/,,,,,,,,,,,,*/bˈiːʃa/,,,,,*/bɾˈɛːʃka/,*/bɾˈɛːʃka/,,*/bˌulcˈɛːʃu/,,,*/bˈuːfu/,,,*/bˈuːʃu/,,,,,,,,,,,,,,,,,,,,,,,,,,*/dˈiːʃka/,,,,,,,,,,,,,,*/klˈiːʃa/,,,,,,,,,,,,,,,,,,,,,*/ʃˈuːʃu/,,,,,,,,,,,,*/pˈɛːʃkəpu/,*/wˌʊpˈɛːʃkpə/,,,,,,*/ˈɛːʃka/,,,,,,,,,,,,,,,,,,,,,*/fˈaːʃca/,,,,,,,*/fərːˈuːʃka/,,,,,,*/fəʎˈɛːʃtəɾ/,,,,,,,,,*/flˈaːʃka/,,,,,,,,,,*/fˈuːʃa/,,*/fɾˈaːʃɐɾ̃u/,,,,,,,,,,,,,,,*/fˈuːʃcɲa/,,*/fˈuːʃtulˠu/,,,,*/ɡəlːnˈaːsa/,,,,,,,,,,,,,,,,,,,,,,,*/ɡɾˈiːfʃa/,,,,,,,,*/vərːˈiːza/,,,,,,,,,,,,,,*/ə̃mpəɾtˈɛːʃa/,*/pəɾəntˈɛːʃa/,,,*/ə̃mpəɾˌætuɾˈɛːʃa/,,,,,,,,,,,,,,,,,,,,,,,,,,,,,,,,,*/nˈɔːfulˠu/,,,,*/ˈiːʃulˠu/,,,,,,,,,,,,,,,,,,,,,,,,,,,,,,,,,,*/kə̃mˈiːʃa/,,,,,,,,,,,,,,,*/kˌapɾˈɛːʃtu/,,,,*/kˈaːftə/,,*/kəɾpˈuːsu/,*/kˌɑrːjˈɔːzə/,,,,,,,*/cˈɛːʃɐɾ̃a/,,,,,*/kˈaːfka/,*/kˈaːfʃa/,,,,,,,,,,,,,,,,,,*/cˌĩːmˈuːʃa/,,,,,,,,,,,,,,,,,*/klə̃mːˈuːʃtu/,,,,,,,,,,,*/kˌulˠˈɔːʃtɾu/,,*/kˌulˠũmːˈɛːsa/,,,,,*/kˈɔːfʃa/,,,,,,,,,,,,,,*/kˈuːʃulˠu/,,,,,,,,,,,,,,,,,,,,,*/kˈɔːʃu/,,,,,*/kɾˌiːjˈɛːsa/,,,*/kɾˈɛːzma/,,*/kɾˈɛːʃpa/,*/kɾˈɛːʃta/,,,*/kɾˈiːʃtu/,,*/kɾˈuːʃku/,,,,,,,,,,,,,,,,,,,*/kərːˈɛːʃma/,,,,,,,,,*/cˈyːʃ/,,,,*/lˌaːɾˈuːʃka/,,*/lˈaːfʃa/,,,,,,,,,,*/lˈaːʃu/,,,,,,,,,,,,,,,,,,,,,,,,,*/lˈɛːʃu/,,,,,*/lˈuːfta/,,,,,,*/lˈyːʃtɾu/,,,,,,,,,,,,,,,,,,,,,,,,,,,*/məɾkˈɔːʃu/,,,,*/məɾtˈɛːsa/,,,,,,,,,*/mˈaːʃkulˠu/,*/mˈaːʃa/,,*/mə̃ntˈaːfʃu/,,,,,*/məɡˈaːʃtɾu/,,,,,,,,*/məɾˈiːzə/,,,,,,,,,,,,*/mˈɛːʃa/,,,*/mˈuːzu/,,,,,,*/mˈɔːʃtɾu/,,,,,,,,,,,*/mˈuːʃkulˠu/,*/mˈyːʃku/,*/mˈuːʃtu/,,,,,,,,,,,,,,,,,,,,*/ˌulˠˈaːʃtɾu/,,,,,,,,,,,,,,,,,,,*/pˌɛ̃ntˈɛːsa/,,,,,,,,,,*/pəlˠˈaːsu/,,,,,,,,,,*/pˈaːʃka/,*/pˈaːʃu/,,,,,,,,,,,,*/pˈɛːʃa/,,,,,,,,,,,,,*/pˌɛːtɾˈɛːʃu/,,*/pˈɛːsa/,,,,,,,,,,*/pˈɛːʃcə/,,,,,,,,,,,,,,,,,,,,,,,,,,,,*/pˈɔːʃtə/,*/pˈɔːʃtəɾɔ/,,,,,,,,,,,,,,*/pɾˈɔːʃmu/,,,,,,,,,,,,*/pˈuːsu/,,,,*/rːˈɛːza/,,,,,,,,*/ɾˈɑːʃɑ/,,,*/rːˈɛːva/,,,,*/kˈɔːʃu/,,,,,,*/rːˈɛːʃtə/,,,,,,,,,,,,,,,,,,,,,,*/rːˈuːʃkulˠu/,,,,,,,,,,,,,,,,,*/ʃˌɛːlbˈaːsa/,,,,*/ʃˌɑ̃ɾ̃tˈɔːʃu/,,,,,,,,,,,,,,,,,,,,,*/ʃˈiːsa/,,,,,*/ʃəɾbˈɛːsu/,,,,,,,,,,,,,,,,,,,,,,,,,,,,,,,,,,,,,,,,,,,,,,,*/ʃpəɾˈɛːsa/,,,,*/ʃpˈɛːʃu/,,*/ʃpˈuːza/,,,,,,,,,,,,,,,,,,,,,,,,,,,,,,,,*/tˈaːftu/,,,,,,,,,,,,,,,,,*/tˈɛːʃa/,,,,,,,,,,,,,,,,,,,,,,,,,,,,*/tɾˈiːʃtə/,,*/tɾˈɔːfta/,,,,,,*/tˈuːfa/,,,,,,,,,,,,,,,,,,,,,,,,,,*/βlˈɛːsa/,,,,,,,,,,,,*/βˈɛːʃku/,,,,*/βˈɛːʃu/,,,,,,,,,,,,,,,,,,*/βˈɛːʃtulˠu/,*/βˈɛːʃku/,*/βˈɛːsu/,,,,,,,,,
R337,,,,,,*/vlˌɔ̃ɲˈatɔ̃/,,,,,,,,,,,,,,,,,,,,,,,,,,,,,,,,,,,,,,,,,,,,,,,,,,,,,,,,,,,,,,,,,,,,,,,,,,,,,,,,,,,,,,,,,,,,,,,,,,,,,,,,,,,,,,,,,,,,,,,,,,,,,,,,,,,,,,,,,,,,,,,,,,,,,,,,,,,,,,,,,,,,,,,,,,,,,,,,,,,,,,,,,,,,,,,,,,,,,,,,,,,,,,,,,,,,,,,,,,,,,,,,,,,,,,,,,,,,,,,,,,,,,,,,,,,,,,,,,,,,,,,,,,,,,,,,,,,,,,,,,,,,,,,,,,,,,,,,,,,,,,,,,,,,,,,,,,,,,,,,,,,,,,,,,,,,,,,,,,,,,,,,,,,,,,,,,,,,,,,,,,,,,,,,,,,,,,,,,,,,,,,,,,,,,,,,,,,,,,,,,,,,,,,,,,,,,,,,,,,,,,,,,,,,,,,,,,,,,,,,,,,,,,,,,,,,,,,,,,,,,,,,,,,,,,,,,,,,,,,,,,,,,,,,,,,,,,,,,,,,,,,,,,,,,,,,,,,,,,,,,,,,,,,,,,,,,,,,,,,,,,,,,,,,,,,,,,,,,,,,,,,,,,,,,,,,,,,,,,,,,,,,,,,,,,,,,,,,,,,,,,,,,,,,,,,,,,,,,,,,,,,,,,,,,,,,,,,,,,,,,,,,,,,,,,,,,,,,,,,,,,,,,,,,,,,,,,,,,,,,,,,,,,,,,,,,,,,,,,,,,,,,,,,,,,,,,,,,,,,,,,,,,,,,,,,,,,,,,,,,,,,,,,,,,,,,,,,,,,,,,,,,,,,,,,,,,,,,,,,,,,,,,,,,,,,,,,,,,,,,,,,,,,,,,,,,,,,,,,,,,,,,,,,,,,,,,,,,,,,,,,,,,,,,,,,,,,,,,,,,,,,,,,,,,,,,,,,,,,,,,,,,,,,,,,,,,,,,,,,,,,,,,,,,,,,,,,,,,,,,,,,,,,,,,,,,,,,,,,,,,,,,,,,,,,,,,,,,,,,,,,,,,,,,,,,,,,,,,,,,,,,,,,,,,,,,,,,,,,,,,,,,,,,,,,,,,,,,,,,,,,,,,,,,,,,,,,,,,,,,,,,,,,,,,,,,,,,,,,,,,,,,,,,,,,,,,,,,,,,,,,,,,,,,,,,,,,,,,,,,,,,,,,,,,,,,,
R338,*/hˌavərːˈɔ̃ɲə/,*/bˈɛ̃ŋə/,,*/blˈĩe̯ɲə/,,*/vlˌɔ̃ɲˈatə/,*/ˌaðˌuɾˈɔ̃ɲə/,*/ˌaðəɾˈɔ̃ɲə/,,,*/ʃtə̃mˈɔ̃ɲə/,,,,*/cˈiːftə/,,,*/ˈaːlbɐɾ̃ə/,*/əlbə̃ɾ̃ˈɛːʃə/,*/ˈaːʎə/,,,*/ə̃mpːətˈĩːnə/,*/ə̃mbulˠˈɔ̃ɲə/,*/mˈɛ̃ndulˠə/,*/mˈikə/,,,*/ˈɑ̃nɟəlˠə/,*/ˈɛ̃nɟəlˠə/,,*/ə̃ŋɡˈuːʃtə/,*/ə̃ŋɡuːʃtˈɔ̃ɲə/,*/ə̃ntˈɔ̃ɲə/,,*/pˌaɾə̃mˈɛ̃ntə/,,*/ˈaːftə/,,*/əɾɟˈɛ̃ntə/,,*/əɾmˈɔ̃ɲə/,,*/hˌaɾməʃˈuo̯ɾə/,*/ˌarːˈĩːɲə/,*/ˈaːɾkə/,,*/ˈaːʃkəlːə/,*/ʃpˈaːɾɐɡə/,,*/vˈɛ̃ntə/,*/ˌaβlə̃mˈɛ̃ntə/,*/ɡˈuːʃtə/,*/rːˈye̯lˠə/,*/ˈaːɾə/,*/wˈũnkəlːə/,*/bˈaːlʃɐmə/,,*/bˌaɾˈatɾə/,,,,,*/bˌɛ̃ntkˈɔ̃ɲə/,,*/bˌĩːɲˈaːɾə/,,,,,,,*/bˌulcˈɛːʃə/,*/bəˈuːlkə/,,*/bˈuːfə/,,,*/bˈuːʃə/,*/bˈuːɾɡə/,,,*/dˌãnːˈɔ̃ɲə/,*/dˈãmə/,*/dˌɛːtˈɔ̃ɲə/,,*/dˌɛːtˈɔːɾəsə/,,*/dəlˌiːɾˈɔ̃ɲə/,*/dəkˌatˈɔ̃ɲə/,*/dəpˌɑ̃ɾtˈɔ̃ɲə/,*/dəpəʃtˈɔ̃ɲə/,*/dəɾə̃mˈɔ̃ɲə/,*/dəʃˌiːɾˈɔ̃ɲə/,,*/djˈaːlˠə/,,*/dəftˈɔ̃ɲə/,,*/dəɾɡˈɔ̃ɲə/,*/dəɾˈɛjtə/,,*/dəʃkəˌaːlːəkˈɔ̃ɲə/,*/dəʃkˌaɾkˈɔ̃ɲə/,,*/dəʃcˌyːɾtˈɔ̃ɲə/,*/dəzbˌulːˈɔ̃ɲə/,*/mˌuːʃtəkˈɔ̃ɲə/,,*/ðˌuɾˈɔ̃ɲə/,,,*/dɾˈĩːnə/,*/dɾˈiːʃtə/,,*/dˌulpəkˈɔ̃ɲə/,*/dˌuɾˈɒ̃ɲə/,*/hˌɛːtˈɔ̃ɲə/,,*/kə/,,*/ʃˌãmtˈɔ̃ɲə/,*/ʃˌɑ̃mːˈɔ̃ɲə/,*/ʃˈɛ̃mplə/,*/ʃə̃ndəɾˈɔ̃ɲə/,*/ʃˈɛ̃ɲə/,*/ʃkəˌaːlːəkˈɔ̃ɲə/,*/ʃkˌalˠˈɔ̃ɲə/,*/ʃkˌãmbˈɛ̃ɲə/,*/ʃkˌãndˈɛ̃ɲə/,*/ʃkˌaɾzˈɛ̃ɲə/,*/ʃkˌaɾtˈɔ̃ɲə/,*/ʃkˌatərːˈɔ̃ɲə/,*/ʃkˌaːɡˈɔ̃ɲə/,,*/ʃkˈuːlˠə/,*/ʃkˌuːɾtˈɔ̃ɲə/,*/ʃkˈuːɾtə/,,*/ʃˈuːʃə/,*/ʃpətˈɔ̃ɲə/,*/ʃpˈɛjtə/,*/ʃpəlːˈãːɲə/,*/ʃpəɾlˈãːɲə/,*/hˌɛɾə̃mˈɔ̃ɲə/,*/ʃtə̃ɾ̃ˈɔ̃ɲə/,*/ʃtɾˈyðə/,*/ʃˌũŋɡulˠˈɔ̃ɲə/,*/zbɟəlˠˈɔ̃ɲə/,,*/pˌɛːʃkˈɔpə/,*/pˈɛːʃkəpə/,,,*/rːˌaɡˈɔ̃ɲə/,*/rːə̃mˈitə/,*/ˈiːɾicjə/,,,*/wə̃nɟˈiːlˠə/,*/əˈye̯j̃ɲə/,,*/fˌaːɾkˈɔ̃ɲə/,*/fˈaɡə/,*/fˌɐʎˈɛ̃ɲə/,*/fəlːˈɛ̃ɲə/,*/fˈaːʎə/,*/fəˈỹe̯ɲə/,,,,,,,*/fˈamulˠə/,*/fˈãnɡə/,*/fərːˈɔ̃ɲə/,,*/fˈaːɾmɐkə/,,,*/fˈatə/,,*/fˌɛːɾˈuo̯ɾə/,,,,,*/fjˈɔ̃ɲə/,*/fˈikə/,*/fəʎˈanːə/,,,*/fˌulːəcˈɛtə/,*/fˈiːlˠə/,*/fəɾɡlˈĩːnə/,*/fʃˈikulˠə/,*/fˌiːʃtulˠˈɔ̃ɲə/,*/flˈakulˠə/,*/flˈakulˠə/,,,*/flˈɔkə/,*/flˌɔɾˈĩːnə/,*/flˌutulˠˈɔ̃ɲə/,,,,,,,,*/fʃˈatə/,*/fɾˈaːʃɐɾ̃ə/,*/fɾˈɑ̃nkə/,,,*/fɾˈɛ̃ːɾ̃ə/,*/fɾˌiɡˈɔ̃ɲə/,*/fɾˌiɡulˠˈɔ̃ɲə/,*/fɾˌikˈɔ̃ɲə/,,*/fɾˈytə/,,*/fˌɔ̃nːˈɛːɾə/,*/fˈũndə/,,*/fˈuːrːə/,,*/fˌuʃcɲˈaːɾə/,*/fˈuːʃtulˠə/,*/fˈutə/,*/ɟˈɛːlbɐɾ̃ə/,*/ɡˈaːlɡulˠə/,,,,*/ɡˈatə/,*/ɡˈaːzə/,*/ɡˌaːzmˈɛ̃ntə/,*/ɟə̃mˈɔ̃ɲə/,,,,*/ɟjˈɛːɾɟjə/,,*/ɡlˈɛ̃mə/,,,*/ɡɾˈɛkə/,,*/ɡɾˈatə/,,*/ɡɾˈĩmə/,,*/ɡɾˌũmbulˠˈɔ̃ɲə/,*/ɡɾˈũmulˠə/,,,,,,*/ɟˈiːɾə/,,*/vərːˈĩːnə/,,*/hˈĩnːkəlːə/,*/nːkulˠˈɔ̃ɲə/,*/əɾənd͡zˈɔ̃ɲə/,,*/ˌurːˈɛ̃ɲə/,*/ɟˈũo̯nːə/,*/jˌãːnːˈɛːɾə/,*/ɟjə̃ɾ̃ˈɔ̃ɲə/,,,,*/ˈiːlcˈɛtə/,*/ə̃mpəɾˈɔ̃ɲə/,,,,,,*/ə̃mpəɾˈɛtə/,,*/ə̃mplə̃ntˈɔ̃ɲə/,*/ə̃mplˈɔ̃ɲə/,,,*/nˌalsˈɔ̃ɲə/,*/nˈaːltə/,*/nˌaːɾtˈɔ̃ɲə/,*/ə̃nbˌurːˈãɾ̃ə/,*/ə̃ndəʃpkˈɔ̃ɲə/,*/ˌɪ̃ndˌiːkˈɔ̃ɲə/,*/ə̃ndəkˈɔ̃ɲə/,*/ə̃ndəftˈɔ̃ɲə/,*/ə̃ndəɾtˈɔ̃ɲə/,*/ə̃ndəɾˈɛcə/,*/ə̃ndəʎˈɛ̃ɲə/,*/fɐʃcˈɔ̃ɲə/,*/fˈɛːrːə/,*/ə̃ŋɡə̃ɲˈɛ̃ɲə/,,*/ˌɑ̃ːɾ̃ə̃mˈikə/,*/ə̃nkəˌaːlːəkˈɔ̃ɲə/,*/ə̃nkˌaɾkˈɔ̃ɲə/,*/ə̃nkˌaːʃə̃ɾ̃ˈɛ̃ɲə/,*/ə̃nkɲəɾˈɔ̃ɲə/,*/ə̃nkˌuːʃəlˠˈɔ̃ɲə/,*/ə̃nkˈɔːɾðə/,,,*/ə̃nkˌũːɲˈɔ̃ɲə/,*/nːˈɔkə/,*/nˈɔːfulˠə/,*/ə̃npəkˈatə/,*/ə̃npəʃˈɔ̃ɲə/,,*/ˈiːʃulˠə/,*/ə̃ntəlːəɡˈɔ̃ɲə/,*/ə̃ntəɾɡˈɔ̃ɲə/,,*/ə̃ntɲˈỹe̯ɲə/,,*/vˈɛːrːə/,*/məzˈɔ̃ɲə/,*/ftˈɔ̃ɲə/,*/məsˈɔ̃ɲə/,,,,*/ɟˌyːkˈɔ̃ɲə/,,*/ɟˈyːcjə/,,*/ɟˈỹntə/,*/ɟəɾˈɔ̃ɲə/,,,*/cˈie̯lˠə/,*/kˌalˠə̃mˈɛtə/,*/kˈaːlˠɐmə/,,*/kˌalˠə̃ndˈuo̯ɾə/,,,,,*/kˌãmbˈɛ̃ɲə/,,,,,,,,,,*/kə̃nːˈɛtə/,*/kə̃ntˈɔ̃ɲə/,*/kˈantɐɾə/,,*/kˌãncˈɛːlːə/,,*/kˌapɾˈuo̯lˠə/,,*/kˌafʃˈɔ̃ɲə/,*/kˌapɾˈɛːʃtə/,,,*/cˈɛpɾə/,,,*/kəɾpˈuːsə/,,*/cˌɛɾɲːˈɔ̃ɲə/,,,*/kˌarːˌiːkulˠˈɔ̃ɲə/,,,,,*/kˌaʃtə̃ɾ̃ˈie̯tə/,,*/kɐʃtˈie̯lːə/,,,,,*/cˈɛ̃ntɾə/,*/cˌɛ̃ntɾˈɔ̃ɲə/,,,*/cˌɛɾəʃˈuo̯ɾə/,*/kəɾˈye̯lːə/,*/kəɾˈye̯ɾə/,*/cˈaːrːə/,,*/cəɾtˈɔ̃ɲə/,*/cˈɔ̃ɲə/,,,,,,*/cˈĩŋɡəlːə/,*/kəɾkˈɔ̃ɲə/,,*/cˈaːɾkulˠə/,*/cˈaːɾkə/,*/cˈitɾə/,,*/klə̃mˈɔ̃ɲə/,*/kləɾˈɔ̃ɲə/,,*/klˈaːɐɾ̃ə/,,,,,,*/klə̃mːˈuːʃtə/,*/kˌuːj̃mtˈɔ̃ɲə/,*/kˌuʎtˈɔ̃ɲə/,*/kˌũːnːˈatə/,,*/kəˈĩːɲə/,*/kˌulˠˈɔ̃ɲə/,,*/kˌulːəcˈɔ̃ɲə/,*/kˌulːətˈɔ̃ɲə/,*/kˌulːə̃mtˈɔ̃ɲə/,*/kˌulˠˈɔːʃtɾə/,,,,,*/kˈɔcjə/,*/kˈɔkə/,,*/kˌɔːftˈuo̯ɾə/,,*/kˌũːmːˈɛːɾcjə/,*/kˌũːmːɾ̃kˈɔ̃ɲə/,,*/kˌuːpətˈɔ̃ɲə/,*/kˌuːpətˈɔ̃ɲə/,*/kˈũmtə/,*/kˌuːfˈĩɲə/,*/kˌuːʃˈiːlːə/,*/kˌuːʃkɾətˈɔ̃ɲə/,*/kˌuːʃəɾˈĩːnə/,*/kˌuːʃtˈɔ̃ɲə/,*/kˈuːʃulˠə/,*/kˌuːtə̃ntˈɔ̃ɲə/,,*/kˌũːntɾˈuo̯lˠə/,*/kˌũːntɾəʃtˈaːɾə/,,*/kˌuːvə̃ntˈɔ̃ɲə/,*/kˌuːvˈɛ̃ntə/,,*/kˈɔːɾbulˠə/,,*/kˈɔːrːjə/,*/kˌuːrːˈiːlkəə/,,,*/kˈɔːɾpə/,,,*/kˈuo̯ɾə/,*/kˌuːɾbˈĩːnːə/,*/kˈɔːɾbə/,*/kˈɔːʃə/,*/ftˈɔ̃ɲə/,*/kˌuːtəd͡zˈɔ̃ɲə/,*/kɾˈapulˠə/,*/kɾˌiːjˈɔ̃ɲə/,,,*/kɾˈɛtkə/,,*/kɾˌɛzmˈɔ̃ɲə/,,,,,*/kɾˈiːʃtə/,*/kɾˈɔkulˠə/,*/kɾˈuːʃkə/,,,*/kˈutə/,,*/kˈukuɾə/,,,,*/kˈũmulˠə/,*/kˈuːlˠmə/,*/kˈũɲə/,*/kˌũːɲˈɔ̃ɲə/,*/kˌũːntˈɔ̃ɲə/,*/kˈupə/,,*/cəɾˈɔ̃ɲə/,*/kˌuːɾsˈɛ̃ɲə/,,,*/kˈɔdɾə/,*/cəɾˈɔ̃ɲə/,,,*/kˈɔːɾtə/,*/kˌaʃˈiːlːə/,,*/cˈɛtə/,,,*/cˈipɾə/,*/ləvəɾˈɔ̃ɲə/,,,,*/ləʃˈɔ̃ɲə/,*/lˈakə/,*/lə̃ŋɡˈɔ̃ɲə/,,,,,*/lˈaːɾɡə/,*/lˈaːɾðə/,*/lˈaːʃə/,*/lətˈĩːnə/,*/lˈãːɲə/,,*/lɐβdˈɔ̃ɲə/,,*/ləfcˈɛːɾə/,*/lˈaːɾə/,,*/lə̃ntˈɔ̃ɲə/,,*/lˈɛpuɾə/,*/lˈɛpuʎə/,,*/lˈiːɾə/,*/lˈibəɾə/,*/lˌiːɾˈɔ̃ɲə/,,*/lˈiːlːə/,*/lˈicjə/,,*/lə̃mˈɔ̃ɲə/,*/lˈĩːnə/,,,*/lˈɛːʃə/,,*/ləˈũo̯ɲə/,,*/lˈukɾə/,,*/lˌuftˈɔ̃ɲə/,,,*/lˌuɡˈatə/,*/lˌucˈie̯ɾbulˠə/,*/lˈyːʃtɾə/,*/mˈie̯ʃtɾə/,,*/mˌaːʃtəɾˈɔ̃ɲə/,*/mˌaːʃtˈɛːɾkə/,,*/mˈajə/,*/mˌaːlˠəkˈɔ̃ɲə/,,,*/mˌɐlˠˈɛtə/,*/mˈaːʎə/,*/mˌaːləsˈɔ̃ɲə/,*/mˌaːlˠə̃ŋɟˈɛ̃ɲə/,*/mˈaːlˠə/,*/mˌĩnˈɔ̃ɲə/,,*/mə̃nkˈɔ̃ɲə/,*/mə̃npulˠˈɔ̃ɲə/,,*/mˈãnkə/,,*/mə̃nkˈɔ̃ɲə/,*/mˈãncɐɾ̃ə/,*/mˈãːjtə/,,,*/məɾkˈɔːʃə/,*/məɾəlˈycjə/,*/məɾtˈɔ̃ɲə/,*/məɾtˈɔ̃ɲə/,,*/mˈaːɾkə/,*/mˈaːɾmuɾə/,*/məɾcˌĩːnˈɛtə/,,*/məɾtˈĩːnə/,*/mˈaːɾsə/,*/mˈaːɾə/,*/məɾˈũːnə/,*/mˈaːʃkulˠə/,,*/məʃtəkˈɔ̃ɲə/,*/mə̃ntˈaːfʃə/,,*/mə̃ntɾˈikulˠə/,*/mə̃nsˈukə/,*/məkˈɔ̃ɲə/,*/məɡˈaːʃtɾə/,*/mjˈɛːkə/,*/mətˈɔ̃ɲə/,*/mˈie̯zə/,,,,*/məɾəzˈɛ̃ɲə/,,*/məɾɡˈɔ̃ɲə/,*/məɾcˈɛːɾə/,,,*/mˈie̯tulˠə/,*/mˌɛːɾɡˈɔ̃ɲə/,,*/mˌɑ̃ːɾəʃtˈɔ̃ɲə/,*/məɾˈɛkulˠə/,*/məɾˌækulˠˈɔ̃ɲə/,*/məɾˈɛ̃ɲə/,,,,*/mˈuːzə/,*/mˈɔðə/,,*/mˌulˠˈĩːnə/,*/mːˈɛ̃ntə/,*/mˈũnɐkə/,*/mˈɔːʃtɾə/,,,*/mˈykə/,,*/mˌulkˈɔ̃ɲə/,*/mˈyːlˠə/,*/mˌuɾmuɾˈɔ̃ɲə/,*/mˈyːɾə/,*/mˌuʃcəlˠˈuo̯ɾə/,,*/mˈuːʃkulˠə/,*/mˈyːʃkə/,*/mˈuːʃtə/,,,,,*/mˈie̯ɡulˠə/,,,*/nˈɛðə/,*/nˈye̯lˠə/,*/nˌə̃mːə̃ɾ̃ˈɔ̃ɲə/,*/nˈɔ̃nːə/,*/nˌɔːtˈɔ̃ɲə/,*/nˈɔɐʃtɾə/,,*/nˌũmbəɾˈɔ̃ɲə/,*/nˈũməɾə/,,,,*/ˌulˠˈaːʃtɾə/,*/ˈuo̯ʃtɾə/,*/ˈuo̯ʎə/,*/ˌulˠˈĩːɾ̃ə/,,*/ˌuɾˈɔ̃ɲə/,*/ˈye̯ɾbə/,*/ˌuɾðə̃ɾ̃ˈɔ̃ɲə/,,,*/ˈuo̯rːə/,*/ˈuo̯ɾfɐɾ̃ə/,*/ˌuʃtˈɔ̃ɲə/,*/ˈye̯tə/,,,*/pˌaːlˠˈɔ̃ɲə/,,*/pˌɛ̃ntˈɛ̃ɲə/,,,,*/pˌaɡˈuõ̯ɲə/,,,*/pəlˠˈũmbə/,,*/pˌajtˈɔ̃ɲə/,*/pˈajtə/,*/pəlˠˈaːsə/,,,*/pˌaɾəˈiːzə/,*/pəɾˈɔ̃ɲə/,*/pəɾˈɔ̃ɲə/,*/pˌaɾəntˈɔ̃ɲə/,,*/fɾˌaʃˈuo̯lˠə/,*/fˌaʃˈuo̯lˠə/,,*/pˈaːʃə/,*/pˌaʃtəɾˈakə/,*/pəsˈɔ̃ɲə/,,*/pˈaːkə/,*/pˈaːlˠə/,*/pˌaːlˠˈɔ̃ɲə/,,,,,*/pˌɛːkˈuːlːə/,,*/pəʃˈɔ̃ɲə/,,,*/pˈie̯ɾɡulˠə/,,*/pərːdulˠˈɛ̃ɲə/,*/ə̃ndˌulˠˈɛ̃ɲə/,*/pəɾpˌaɾˈɔ̃ɲə/,*/pəɾpˌaɾˈɔ̃ɲə/,*/pəɾbɟəlˠˈɔ̃ɲə/,*/pəʃəkˈɔ̃ɲə/,,*/pˌɛːtɾˈɛːʃə/,*/pˈie̯tɾə/,,*/pˈɛ̃ŋə/,*/pˌɛːɾtˈɔ̃ɲə/,,,,,*/pˈiːlːə/,,,,,,,,*/pˈɛtəkə/,*/pˈɛtulˠə/,,*/pləcˈɛ̃ɲə/,*/plˈankə/,*/plˈankə/,,*/pləcˈĩːnə/,*/plˈicə/,*/plˈɛpə/,*/plˈũmbə/,,*/pˌulːəkˈye̯ɾə/,,,*/pˈɔːrːə/,*/pˈɔːrːə/,*/pˈɔpulˠə/,*/pˈɔːrːicjə/,,*/pˌurːˈĩːnə/,,*/pˌuʃˈɔ̃ɲə/,,*/pˈɔːʃtəɾə/,*/pˌuʃtˈɔ̃ɲə/,,*/pˈɔtə/,,,*/pɾəˈũo̯ɲə/,*/pɾəˈĩːɲə/,,,,*/pɾˌiβˈɔ̃ɲə/,*/pɾˌɔðˈɔ̃ɲə/,*/pɾəˈuːõ̯ɲə/,*/pɾˈɔːʃmə/,*/pɾˌɔʃmˈɔ̃ɲə/,*/pɾə̃mːˌɛːtˈɔ̃ɲə/,,*/pˈukə/,,*/pˈuːlːə/,,,,,,*/pˈuːsə/,,*/fˈaːɾə/,*/rːəˈũo̯ɲə/,,,,,,,*/rːˈapə/,*/rːˈaːlˠə/,,*/rːˌaʃtˈie̯lːə/,,,*/rːəfˈɛɲə/,,*/rːˈɛɡulˠə/,*/kˈɔːʃə/,*/rːˈɛ̃mə/,*/rːə̃ndˈɛ̃ɲə/,,*/rːəʃəɾɡˈɔ̃ɲə/,,,,*/ɾˌiɡˈɔ̃ɲə/,*/rːˈicɐɾ̃ə/,*/ɾə̃mˈɔ̃ɲə/,,,,*/ɾə̃mːˈãɾ̃ə/,*/rːˈũmbə/,*/rːˈũmbulˠə/,,,,,*/rːˈɔtulˠə/,,*/rːə̃nˈɔ̃ɲə/,*/rːˌũnkˈɔ̃ɲə/,,,*/rːˌũmpˈɛ̃ɲə/,*/rːˈuːʃkulˠə/,,*/ʃəˈuːrːə/,*/ʃˈɛkulˠə/,,*/ʃətˈɔ̃ɲə/,*/ʃˌaːʎtˈɔ̃ɲə/,*/ʃˈaɡə/,*/ʃˈakulˠə/,*/ʃkɾˈɔ̃ɲə/,,,,*/ʃˌɛːlcˈɛtə/,,*/ʃəlˠˈĩɲə/,*/ʃəlbˈɔ̃ɲə/,,,*/ʃəɾˈɔ̃ɲə/,,*/ʃˌɑ̃ɾ̃tˈɔːʃə/,,,,*/ʃˈɛ̃ɲtə/,*/ʃˌãɲtməxəˈiːlˠə/,,,*/ʃˌãɲˈakə/,*/kˌaləʃˈɛ̃ɲtə/,,,*/ʃˌapˈɔ̃ɲə/,*/ʃˈapə/,,*/ʃˌɛːlcə̃ɾ̃ˈuo̯ɾə/,*/ʃəɾmˈɛ̃ntə/,,*/ʃkɾˈɛtə/,*/ʃəkˈɔ̃ɲə/,,,*/ʃˈiːɾɟjə/,,*/ʃəɾtˈɔ̃ɲə/,*/ʃəɾbˈɛ̃ɲə/,*/ʃəɾbˈɛːsə/,,,*/ʃˈie̯ʃə/,*/ʃə̃nːˈɔ̃ɲə/,*/ʃˈɛ̃ŋə/,,,*/ʃˈikulˠə/,*/ʃə̃mbəlˠˈɛ̃ɲə/,,*/ʃˈĩːnə/,*/ʃˈɛːɾpə/,,,,*/ʃkˈamə/,,*/ʃkˈandulˠə/,,,,*/ʃklˈɛpə/,,,,*/ʃkˌɔːpˈɛtə/,,,*/ʃkɾˈuõ̯ɲə/,,,*/ʃcˈytə/,*/ʃkˈatə/,*/ʃˈuːlkə/,,,*/ʃˈɔcjə/,,*/ʃˌulˠˈãɾ̃ə/,*/ʃˈuo̯lˠə/,,,,,,*/ʃpˈatulˠə/,,*/ʃpəɾˈɛ̃ɲə/,,*/ʃpˈiːɾtə/,*/ʃpˈɛːʃə/,,,,,*/ʃtˈãmə/,*/ʃtˈãnkə/,,*/ʃtˈatə/,*/ʃtərːˈakə/,*/ʃtɾˈãmbə/,*/ʃtɾˈɛ̃mbɐɾ̃ə/,*/ʃtɾˈatə/,,*/ʃtɾˈɛ̃ɲtə/,*/ʃtɾə̃ŋɡˈɔ̃ɲə/,,*/ʃtˌupˈɔ̃ɲə/,,,*/ʃəˈũo̯ɲə/,,,*/ʃˌuɾˌuːkˈɔ̃ɲə/,,*/ʃˌufəɾˈɛ̃ɲə/,,*/ʃˌujtˈɔ̃ɲə/,,,,*/ʃˈuːɾðə/,,,*/tˈaːftə/,*/tˌatˈɔ̃ɲə/,,,,,,*/tˈaːɾə/,,*/tˈie̯ɡulˠə/,,,,,,*/tərːmˈɛtə/,*/tərːˈatkə/,,*/ə̃ntəʃtmˈɔ̃ɲə/,,,,,,*/tˈĩnːkulˠə/,*/tˈitulˠə/,*/tˌukˈɔ̃ɲə/,*/tˈɔːɾkulˠə/,,,,,*/tɾəˈũo̯ɲə/,*/tɾɐftˈaːɾə/,*/tɾˌajtˈɔ̃ɲə/,,*/tɾˌaʃflˈɔ̃ɲə/,*/tɾˌaʃəɡˈɔ̃ɲə/,*/tɾˈuo̯lˠə/,*/tɾˌazməzˈɔ̃ɲə/,,*/tɾəfˈiːlːə/,*/tɾəfˈuːɾkə/,,,,*/tɾˌykulˠˈĩɲə/,,,*/tɾˌuʃkˈỹe̯ɲə/,*/tɾˈũnkə/,*/tˌuɾsˈɛ̃ɲə/,,,,*/tˈũmulˠə/,*/tˈũndə/,,*/tˌuɾbˈɔ̃ɲə/,*/tˌuɾbulˠˈɔ̃ɲə/,*/tˈuːɾbulˠə/,,,,*/tˈuːɾtuɾə/,,*/ˌũnkˈɔ̃ɲə/,,,*/ˌuɾəlˈĩɲə/,*/ˌutɾˈĩːnə/,*/βˌɐɡˈɔ̃ɲə/,*/βˈakə/,*/βlˈɛ̃ɲə/,*/βˌɐʎˈɛ̃ɲə/,*/βəˈỹe̯ɲə/,,,,,*/βˈɛːlˠə/,,*/βə̃ɾ̃ˈɛ̃ːɾ̃ə/,*/βˈɛ̃ɲə/,*/ftəlˠˈɔ̃ɲə/,,,*/βərːˈiɡulˠə/,,*/βəɾʃˈɔ̃ɲə/,*/βəʃkˈɛ̃ɲə/,*/βˈɛːʃkə/,,,*/βəʃtɡˈɔ̃ɲə/,*/βˈɛːʃə/,,,,,,*/fcˈĩːnə/,,,,*/βˌĩːɲˈaːlˠə/,*/mə̃nɟˈiːlˠə/,,*/βəɾɡˈãɾ̃ə/,,,,*/βəʃtˈɔ̃ɲə/,*/βˈɛːʃtulˠə/,*/βˈɛːʃkə/,*/βˈɛːsə/,,*/βˈitɾəkə/,,*/βˈuõ̯ɲə/,,*/βˈɔːlpulˠə/,,,
R339,,,,,,,,,,,,,,,,,,,,,,,,,,,,,,,,,,,,,,,,,,,,,,,,,,,,,,,,,,,,,,,,,,,,,,,,,,,,,,,,,,,,,,,,,,,,,,,,,,,,,,,,,,,,,,,,,,,,,,,,,,,,,,,,,,,,,,,,,,,,,,,,,,,,,,,,,,,,,,,,,,,,,,,,,,,,,,,,,,,,,,,,,,,,,,,,,,,,,,,,,,,,,,,,,,,,,,,,,,,,,,,,,,,,,,,,,,,,,,,,,,,,,,,,,,,,,,,,,,,,,,,,,,,,,,,,,,,,,,,,,,,,,,,,,,,,,,,,,,,,,,,,,,,,,,,,,,,,,,,,,,,,,,,,,,,,,,,,,,,,,,,,,,,,,,,,,,,,,,,,,,,,,,,,,,,,,,,,,,,,,,,,,,,,,,,,,,,,,,,,,,,,,,,,,,,,,,,,,,,,,,,,,,,,,,,,,,,,,,,,,,,,,,,,,,,,,,,,,,,,,,,,,,,,,,,,,,,,,,,,,,,,,,,,,,,,,,,,,,,,,,,,,,,,,,,,,,,,,,,,,,,,,,,,,,,,,,,,,,,,,,,,,,,,,,,,,,,,,,,,,,,,,,,,,,,,,,,,,,,,,,,,,,,,,,,,,,,,,,,,,,,,,,,,,,,,,,,,,,,,,,,,,,,,,,,,,,,,,,,,,,,,,,,,,,,,,,,,,,,,,,,,,,,,,,,,,,,,,,,,,,,,,,,,,,,,,,,,,,,,,,,,,,,,,,,,,,,,,,,,,,,,,,,,,,,,,,,,,,,,,,,,,,,,,,,,,,,,,,,,,,,,,,,,,,,,,,,,,,,,,,,,,,,,,,,,,,,,,,,,,,,,,,,,,,,,,,,,,,,,,,,,,,,,,,,,,,,,,,,,,,,,,,,,,,,,,,,,,,,,,,,,,,,,,,,,,,,,,,,,,,,,,,,,,,,,,,,,,,,,,,,,,,,,,,,,,,,,,,,,,,,,,,,,,,,,,,,,,,,,,,,,,,,,,,,,,,,,,,,,,,,,,,,,,,,,,,,,,,,,,,,,,,,,,,,,,,,,,,,,,,,,,,,,,,,,,,,,,,,,,,,,,,,,,,,,,,,,,,,,,,,,,,,,,,,,,,,,,,,,,,,,,,,,,,,,,,,,,,,,,,,,,,,,,,,,,,,,,,,,,,,,,,,,,,,,,,,,,,,
R340,,,,,,,,,,,,,,,,,,,,,,,,,,,,,,,,,,,,,,,,,,,,,,,,,,,,,,,,,,,,,,,,,,,,,,,,,,,,,,,,,,,,,,,,,,,,,,,,,,,,,,,,,,,,,,,,,,,,,,,,,,,,,,,,,,,,,,,,,,,,,,,,,,,,,,,,,,,,,,,,,,,,,,,,,,,,,,,,,,,,,,,,,,,,,,,,,,,,,,,,,,,,,,,,,,,,,,,,,,,,,,,,,,,,,,,,,,,,,,,,,,,,,,,,,,,,,,,,,,,,,,,,,,,,,,,,,,,,,,,,,,,,,,,,,,,,,,,,,,,,,,,,,,,,,,,,,,,,,,,,,,,,,,,,,,,,,,,,,,,,,,,,,,,,,,,,,,,,,,,,,,,,,,,,,,,,,,,,,,,,,,,,,,,,,,,,,,,,,,,,,,,,,,,,,,,,,,,,,,,,,,,,,,,,,,,,,,,,,,,,,,,,,,,,,,,,,,,,,,,,,,,,,,,,,,,,,,,,,,,,,,,,,,,,,,,,,,,,,,,,,,,,,,,,,,,,,,,,,,,,,,,,,,,,,,,,,,,,,,,,,,,,,,,,,,,,,,,,,,,,,,,,,,,,,,,,,,,,,,,,,,,,,,,,,,,,,,,,,,,,,,,,,,,,,,,,,,,,,,,,,,,,,,,,,,,,,,,,,,,,,,,,,,,,,,,,,,,,,,,,,,,,,,,,,,,,,,,,,,,,,,,,,,,,,,,,,,,,,,*/ˈye̯e̯sa/,*/ˈye̯e̯/,,,,,,,,,,,,,,,,,,,,,,,,,,,,,,,,,,,,,,,,,,,,,,,,,,,,,,,,,,,,,,,,,,,,,,,,,,,,,,,,,,,,,,,,,,,,,,,,,,,,,,,,,,,,,,,,,,,,,,,,,,,,,,,,,,,,,,,,,,,,,,,,,,,,,,,,,,,,,,,,,,,,,,,,,,,,,,,,,,,,,,,,,,,,,,,,,,,,,,,,,,,,,,,,,,,,,,,,,,,,,,,,,,,,,,,,,,,,,,,,,,,,,,,,,,,,,,,,,,,,,,,,,,,,,,,,,,,,,,,,,,,,,,,,,,,,,,,,,,,,,,,,,,,,,,,,,,,,,,,,,,,,,,,,,,,,,,,,,,,,,,,,,,,,,,,,,,,,,,,,,,,,,,,,,,,,,,,,,,,,,,,,,,,,,,,,,,,,,,,,,,,,,,,,,,,,,,,,,,,,
R341,,,,,,,,,,,,,,,,,,,,,,,,,,,,,,,,,,,,,,,,,,,,,,,,,,,,,,,,,,,,,,,,,,,,,,,,,,,,,,,,,,,,,,,,,,,,,,,,,,,,,,,,,,,,,,,,,,,,,,,,,,,,,,,,,,,,,,,,,,,,,,,,,,,,,,,,,,,,,,,,,,,,,,,,,,,,,,,,,,,,,,,,,,,,,,,,,,,,,,,,,,,,,,,,,,,,,,,,,,,,,,,,,,,,,,,,,,,,,,,,,,,,,,,,,,,,,,,,,,,,,,,,,,,,,,,,,,,,,,,,,,,,,,,,,,,,,,,,,,,,,,,,,,,,,,,,,,,,,,,,,,,,,,,,,,,,,,,,,,,,,,,,,,,,,,,,,,,,,,,,,,,,,,,,,,,,,,,,,,,,,,,,,,,,,,,,,,,,,,,,,,,,,,,,,,,,,,,,,,,,,,,,,,,,,,,,,,,,,,,,,,,,,,,,,,,,,,,,,,,,,,,,,,,,,,,,,,,,,,,,,,,,,,,,,,,,,,,,,,,,,,,,,,,,,,,,,,,,,,,,,,,,,,,,,,,,,,,,,,,,,,,,,,,,,,,,,,,,,,,,,,,,,,,,,,,,,,,,,,,,,,,,,,,,,,,,,,,,,,,,,,,,,,,,,,,,,,,,,,,,*/mə̃sˈukə/,,,,,,,,,,,,,,,,,,,,,,,,,,,,,,,,,,,,,,,,,,,,,,,,,,,,,,,,,,,,,,,,,,,,,,,,,,,,,,,,,,,,,,,,,,,,,,,,,,,,,,,,,,,,,,,,,,,,,,,,,,,,,,,,,,,,,,,,,,,,,,,,,,,,,,,,,,,,,,,,,,,,,,,,,,,,,,,,,,,,,,,,,,,,,,,,,,,,,,,,,,,,,,,,,,,,,,,,,,,,,,,,,,,,,,,,,,,,,,,,,,,,,,,,,,,,,,,,,,,,,,,,,,*/ʃˌũʃˈũɲa/,,,,,,,,,,,,,,,,,,,,,,,,,,,,,,,,,,,,,,,,,,,,,,,,,,,,,,,,,,,,,,,,,,,,,,,,,,,,,,,,,,,,,,,,,,,,,,,,,,,,,,,,,,,,,,,,,,,,,,,,,,,,,,,,,,,,,,,,,,,,,,,,,,,,,,,,,,,,,,,,,,,,,,,,,,,,,,,,,,,,,,,,,,,,,,,,,,,,,,,,,,,,,,,,,,,,,,,,,,,,,,,,,,,,,,,,,
R342,,,,,,,,,,,,,,,,,,,,,,,,,,,,,,,,,,,,,,,,,,,,,,,,,,,,,,,,,,,,,,,,,,,,,,,,,,,,,,,,,,,,,,,,,,,,,,,,,,,,,,,,,,,,,,,,,,,,,,,,,,,,,,,,,,,,,,,,,,,,,,,,,,,,,,,,,,,,,,,,,,,,,,,,,,,,,,,,,,,,,,,,,,,,,,,,,,,,,,,,,,,,,,,,,,,,,,,,,,,,,,,,,,,,,,,,,,,,,,,,,,,,,,,,,,,,,,,,,,,,,,,,,,,,,,,,,,,,,,,,,,,,,,,,,,,,,,,,,,,,,,,,,,,,,,,,,,,,,,,,,,,,,,,,,,,,,,,,,,,,,,,,,,,,,,,,,,,,,,,,,,,,,,,,,,,,,,,,,,,,,,,,,,,,,,,,,,,,,,,,,,,,,,,,,,,,,,,,,,,,,,,,,,,,,,,,,,,,,,,,,,,,,,,,,,,,,,,,,,,,,,,,,,,,,*/kˌuːrːˈiːlkəː/,,,,,,,,,,,,,,,,,,,,,,,,,,,,,,,,,,,,,,,,,,,,,,,,,,,,,,,,,,,,,,,,,,,,,,,,,,,,,,,,,,,,,,,,,,,,,,,,,,,,,,,,,,,,,,,,,,,,,,,,,,,,,,,,,,,,,,,,,,,,,,,,,,,,,,,,,,,,,,,,,,,,,,,,,,,,,,,,,,,,,,,,,,,,,,,,,,,,,,,,,,,,,,,,,,,,,,,,,,,,,,,,,,,,,,,,,,,,,,,,,,,,,,,,,,,,,,,,,,,,,,,,,,,,,,,,,,,,,,,,,,,,,,,,,,,,,,,,,,,,,,,,,,,,,,,,,,,,,,,,,,,,,,,,,,,,,,,,,,,,,,,,,,,,,,,,,,,,,,,,,,,,,,,,,,,,,,,,,,,,,,,,,,,,,,,,,,,,,,,,,,,,,,,,,,,,,,,,,,,,,,,,,,,,,,,,,,,,,,,,,,,,,,,,,,,,,,,,,,,,,,,,,,,,,,,,,,,,,,,,,,,,,,,,,,,,,,,,,,,,,,,,,,,,,,,,,,,,,,,,,,,,,,,,,,,,,,,,,,,,,,,,,,,,,,,,,,,,,,,,,,,,,,,,,,,,,,,,,,,,,,,,,,,,,,,,,,,,,,,,,,,,,,,,,,,,,,,,,,,,,,,,,,,,,,,,,,,,,,,,,,,,,,,,,,
R343,,,,,,,,,,,,,,,,,,,,,,,,,,,,,,,,,,,,,,,,,,,,,,,,,,,,*/ˌavlə̃mˈɛ̃ntə/,,,,,,,,,,,,,,,,,,,,,,,,,,,,,,,,,,,,,,,,,,,,,,,,,,,,,,,,,,,,,,,,,,,,,,,,,,,,,,,,,,,,,,,,,,,,,,,,,,,,,,,,,,,,,,,,,,,,,,,,,,,,,,,,,,,,,,,,,,,,,,,,,,,,,,,,,,,,,,,,,,,,,,,,,,,,,,,,,,,,,,,,,,,,,,,,,,,,,,,,,,,,,,,,,,,,,,,,,,,,,,,,,,,,,,,,,,,,,,,,,,,,,,,,,,,,,,,,,,,,,,,,,,,,,,,,,,,,,,,,,,,,,,,,,,,,,,,,,,,,,,,,,,,,,,,,,,,,,,,,,,,,,,,,,,,,,,,,,,,,,,,,,,,,,,,,,,,,,,,,,,,,,,,,,,,,,,,,,,,,,,,,,,,,,,,,,,,,,,,,,,,,,,,,,,,,,,,,,,,,,,,,,,,,,,,,,,,,,,,,,,,,,,,,,,,,,,,,,,,,,,,,,,,,,,,,,,,,,,,,,,,,,,,,,,*/lɐvdˈɔ̃ɲə/,*/lˈavdə/,,,,,,,,,,,,,,,,,,,,,,,,,,,,,,,,,,,,,,,,,,,,,,,,,,,,,,,,,,,,,,,,,,,,,,,,,,,,,,,,,,,,,,,,,,,,,,,,,,,,,,,,,,,,,,,,,,,,,,,,,,,,,,,,,,,,,,,,,,,,,,,,,,,,,,,,,,,,,,,,,,,,,,,,,,,,,,,,,,,,,,,,,,,,,,,,,,,,,,,,,,,,,,,,,,,,,,,,,,,,,,,,,,,,,,,,,,,,,,,,,,,,,,,,,,,,,,,,,,*/pɾˌivˈɔ̃ɲə/,,,,,,,,,,,,,,,,,,,,,,,,,,,,,,,,,,,,,,,,,,,,,,,,,,,,,,,,,,,,,,,,,,,,,,,,,,,,,,,,,,,,,,,,,,,,,,,,,,,,,,,,,,,,,,,,,,,,,,,,,,,,,,,,,,,,,,,,,,,,,,,,,,,,,,,,,,,,,,,,,,,,,,,,,,,,,,,,,,,,,,,,,,,,,,,,,,,,,,,,,,,,,,,,,,,,,,,,,,,,,,,,,,,,,,,,,,,,,,,,,,,,,,,,,,,,,,,,,,,,,,,,,*/vˌɐɡˈɔ̃ɲə/,*/vˈakə/,*/vlˈɛ̃ɲə/,*/vˌɐʎˈɛ̃ɲə/,*/vəˈỹe̯ɲə/,*/vˈaːlːə/,*/vlˈɛːɾa/,*/vˈapa/,*/vlˈɛːsa/,*/vˈɛːlˠə/,*/və̃ɾ̃ˈɛ̃ɾ̃a/,*/və̃ɾ̃ˈɛ̃ːɾ̃ə/,*/vˈɛ̃ɲə/,,*/vˈɛːɾa/,*/vəɾtˈɛtə/,*/vərːˈiɡulˠə/,*/vˈie̯ɾʃa/,*/vəɾʃˈɔ̃ɲə/,*/vəʃkˈɛ̃ɲə/,*/vˈɛːʃkə/,,,*/vəʃtɡˈɔ̃ɲə/,*/vˈɛːʃə/,*/vˈie̯təɾə/,*/vˈija/,*/vəɟˈiːlˠaj/,,*/vˈicja/,,*/vˌiːtˈɔːɾja/,*/vˈitɐʎa/,*/vˈiːlːa/,*/vˌĩːɲˈaːlˠə/,,*/vˈiːɾɟɐɾ̃ə/,*/vəɾɡˈãɾ̃ə/,*/vˈɛːɾða/,*/vˈɛːɾðə/,*/vəɾtˈytə/,*/vəʃtˈɔ̃ɲə/,*/vˈɛːʃtulˠə/,*/vˈɛːʃkə/,*/vˈɛːsə/,,*/vˈitɾəkə/,*/vˌɛːtˈuːlˠa/,*/vˈuõ̯ɲə/,*/vˈɔːlˠa/,*/vˈɔːlpulˠə/,*/vˌulˠə̃ntˈɛtə/,*/vˈɔ̃mə/,*/vˌulːəɾˈata/
R344,,,,,,,,,,,,,,,,,,,,,,,*/ə̃mpː̬ətˈĩːnə/,,,,,,,,,,,*/ə̃ndˈɔ̃ɲə/,,*/pˌaɾə̃mˈɛ̃ndə/,,,,*/əɾɟˈɛ̃ndə/,,,,,,,,,,,*/vˈɛ̃ndə/,*/ˌavlə̃mˈɛ̃ndə/,,,,*/wˈũnɡəlːə/,,,,,,,,*/bˌɛ̃ndkˈɔ̃ɲə/,,,,,,,,,,,,,,,,,,,,,,,,,,,,,,,,,,,,,,,,,,,,,,,,*/dɾə̃nɡˈũo̯ɾ̃ə/,,,,,,,,,,,,*/ʃˈɛ̃mblə/,,,,,,,,,,,,,,,,,,,,,,,,,,,,,,,,,,,,,,,,,,,,,,,,,,,,,,,,,,,,,,,,,,,,,,,,,,,,,,,,,,,,,,,,,,,*/fɾˈɑ̃nɡə/,,,,,,,,,,,,,,,,,,,,,,,,,*/ɡˌaːzmˈɛ̃ndə/,,,,*/ɟˈĩndə/,,,,,,,,,,,,,,,,,,,,,,,*/hˈĩnːɡəlːə/,*/nːɡulˠˈɔ̃ɲə/,,,,,,,,,,,*/ə̃mbəɾˈɔ̃ɲə/,*/ə̃mbəɾtˈɛːʃa/,*/pəɾəndˈɛːʃa/,*/ə̃mbəɾˌætˈuo̯ɾə/,*/pəɾəndˈuo̯ɾə/,*/ə̃mbəɾˌætuɾˈɛːʃa/,*/ə̃mbəɾˈɛtə/,*/ə̃mbəɾˈɛtɔɾ/,*/ə̃mblə̃ndˈɔ̃ɲə/,*/ə̃mblˈɔ̃ɲə/,,,,,,,,,,,,,,,,,,,*/ə̃nɡəˌaːlːəkˈɔ̃ɲə/,*/ə̃nɡˌaɾkˈɔ̃ɲə/,*/ə̃nɡˌaːʃə̃ɾ̃ˈɛ̃ɲə/,*/ə̃nɡɲəɾˈɔ̃ɲə/,*/ə̃nɡˌuːʃəlˠˈɔ̃ɲə/,*/ə̃nɡˈɔːɾðə/,,,*/ə̃nɡˌũːɲˈɔ̃ɲə/,,,,,,,*/ə̃ndəlːəɡˈɔ̃ɲə/,*/ə̃ndəɾɡˈɔ̃ɲə/,*/ə̃ndəɾ/,*/ə̃ndɲˈỹe̯ɲə/,,,,,,,,,,,,*/ɟˌỹːndˈyːɾa/,*/ɟˈỹndə/,,*/ɟˌuːvˈɛ̃nɡa/,,,,,,,,,,,,,*/kˌãmbˈãɾ̃a/,*/kˌãmbˈɔ̃ɾ̃a/,,,,,,,,*/kə̃ndˈɔ̃ɲə/,*/kˈandɐɾə/,*/kˈãnɡa/,,,,,,,,,,,,,,,,,,,,,,,,,,,,*/cˈĩndə/,*/cˈɛ̃ndɾə/,*/cˌɛ̃ndɾˈɔ̃ɲə/,,,,,,,,,,*/ə̃nɡˈaːlˠa/,,,,,,,,,,,,,,,,,,,,*/klə̃mˈɛ̃ndə/,,,,,,,,,,,,,,,*/kˈũnɡa/,,,,,,,,*/kˌũːmːɾ̃ɡˈɔ̃ɲə/,,,,,,,,,,,*/kˌuːtə̃ndˈɔ̃ɲə/,*/kˈũndɾa/,*/kˌũːndɾˈuo̯lˠə/,*/kˌũːndɾəʃtˈaːɾə/,,*/kˌuːvə̃ndˈɔ̃ɲə/,*/kˌuːvˈɛ̃ndə/,,,,,,,,,,,,,,,,,,,,,,,,,,,*/kɾəʃtəndˈɛːlə/,,,,,,,,,,,,,,,,*/kˌũːndˈɔ̃ɲə/,,,,,,,,,,,,,,,,,,,,,,,,,,,,,,,,,,,,,,,,*/lə̃ndˈɔ̃ɲə/,,,,,,,,,,,,,,,,,,,,,,,,*/lˈũndɾə/,,,,,,,,,,,,,,,,,,,*/mˈãnɡa/,*/mə̃nɡˈɔ̃ɲə/,,,*/mˈãnɡə/,*/mˈãnɡa/,*/mə̃nɡˈɔ̃ɲə/,,,,,,,,,,,,,,,,,,,,,*/mə̃ndˈaːfʃə/,,*/mə̃ndɾˈikulˠə/,,,,,,,,*/mˈɛ̃nda/,*/mˈɛ̃ndə/,,,,,,,,,,,,,,,,,,,,,*/mːˈɛ̃ndə/,,,,,,,,,,,,,,,,,,,,,,*/ə̃nɡˌaɾðˌulːˈicja/,,,,,,,,,,,,,,,,,,,,,,,,,,,,,,,*/pˌɛ̃ndˈɛ̃ɲə/,*/pˌɛ̃ndˈɛːsa/,,,,,,,,,,,,,,,,*/pˌaɾəndˈɔ̃ɲə/,*/pəɾˈĩndə/,,,,,,,,,,,,,,*/ə̃mbjˈɛːka/,,,,,,,,,,,,,,,,,,,,,,,,,,,,,,,,,,,,*/plˈanɡə/,*/plˈanɡə/,,,,,,*/pˌʊlˠˈãnda/,,,,,,,,,,,,,,,,,,,,,,,,,,,,,,,,,,,,,,,,,,,,,,,,,,,,,,,,,,,,,,,,,,,,,,,,,,,,,,,,,,*/rːˌũnɡˈɔ̃ɲə/,,,*/rːˌũmbˈɛ̃ɲə/,,,,,,,,,,,,,,,,,,,,,*/ʃˌãndˈɛtə/,*/ʃˌɑ̃ɾ̃dˈɔːʃə/,,,*/ʃˌãndrːˌiːtˈɛtə/,,,*/ʃˌãndəˌãndɾˈɛːjaː/,,,,,*/ʃˌãɲtnɡˈɔːlˠa/,,,,,*/ʃəɾmˈɛ̃ndə/,*/ʃətˈũnda/,,,,,,,,,,,,,,,,,,,,,,,,,,,,*/ʃcjˈɛ̃nd͡za/,*/ʃcˌə̃ndˈiːʎa/,,,,,,,,,,,,,,,,,,,,,,,,,,,,,,,,,,,,,*/ʃtˈãnɡə/,,,,,,,,,,,,,,,,,,,,,,,,,,,,,,,,,,,,,,,,,,,,,,*/ə̃ndəʃtmˈɔ̃ɲə/,,,,,*/tˈĩnɡa/,*/tˈĩnːɡulˠə/,,,,,,,,,,,,,,,,,,,,,,,,,,*/tɾˈũnɡə/,,,,,,,,,,,,,,,,*/ˌũnɡˈɔ̃ɲə/,*/ˌỹndˈyːɾa/,,,,,,,,,,,,,,,,,,,,,,,,,,,,,,,,,,,,,,,,,,,,,,,,,,,,,,,*/vˌulˠə̃ndˈɛtə/,,
R345,,,,,,,,,,,,,,,,,,,,,,,,,,,,,,,,,,,,,,,,,,,,,,,,,,,,,,,,,,,,,,,,,,,,,,,,,,,,,,,,,,,,,,,,,,,,,,,,,,,,,,,,,,,,,,,,,,,,,,,,,,,,,,,,,,,,,,,,,,,,,,,,,,,,,,,,,,,,,,,,,,,,,,,,,,,,,,,,,,,,,,,,,,,,,,,,,,,,,,,,,,,,,,,,,,,,,,,,,,,,,,,,,,,,,,,,,,,,,,,,,,,,,,,,,,,,,,,,,,,,,,,,,,,,,,,,,,,,,,,,,,,,,,,,,,,,,,,,,,,,,,,,,,,,,,,,,,,,,,,,,,,,,,,,,,,,,,,,,,,,,,,,,,,,,,,,,,,,,,,,,,,,,,,,,,,,,,,,,,,,,,,,,,,,,,,,,,,,,,,,,,,,,,,,,,,,,,,,,,,,,,,,,,,,,,,,,,,,,,,,,,,,,,,,,,,,,,,,,,,,,,,,,,,,,,,,,,,,,,,,,,,,,,,,,,,,,,,,,,,,,,,,,,,,,,,,,,,,,,,,,,,,,,,,,,,,,,,,,,,,,,,,,,,,,,,,,,,,,,,,,,,,,,,,,,,,,,,,,,,,,,,,,,,,,,,,,,,,,,,,,,,,,,,,,,,,,,,,,,,,,,,,,,,,,,,,,,,,,,,,,,,,,,,,,,,,,,,,,,,,,,,,,,,,,,,,,,,,,,,,,,,,,,,,,,,,,,,,,,,,,,,,,,,,,,,,,,,,,,,,,,,,,,,,,,,,,,,,,,,*/pəɾ/,,,,,,,,,,,,,,,,,,,,,,,,,,,,,,,,,,,,,,,,,,,,,,,,,,,,,,,,,,,,,,,,,,,,,,,,,,,,,,,,,,,,,,,,,,,,,,,,,,,,,,,,,,,,,,,,,,,,,,,,,,,,,,,,,,,,,,,,,,,,,,,,,,,,,,,,,,,,,,,,,,,,,,,,,,,,,,,,,,,,,,,,,,,,,,,,,,,,,,,,,,,,,,,,,,,,,,,,,,,,,,,,,,,,,,,,,,,,,,,,,,,,,,,,,,,,,,,,,,,,,,,,,,,,,,,,,,,,,,,,,,,,,,,,,,,,,,,,,,,,,,,,,,,,,,,,,,,,,,,,,,,,,,,,,,,,,,,,,,,,,,,,,,,,,,,,,,,,,,,,,,,,,,,,,,,,,,,,,,,,
R346,,,,,,,,,,,,,,,,,,,,,,,,,,,,,,,,,,,,,,,,,,,,,,,,,,,,,,,,,,,,,,,,,,,,,,,,,,,,,,,,,,,,,,,,,,,,,,,,,,,,,,,,,,,,,,,,,,,,,,,,,,,,,,,,,,,,,,,,,,,,,,,,,,,,,,,,,,,,,,,,,,,,,,,,,,,,,,,,,,,,,,,,,,,,,,,,,,,,,,,,,,,,,,,,,,,,,,,,,,,,,,,,,,,,,,,,,,,,,,,,,,,,,,,,,,,,,,,,,,,,,,,,,,,,,,,,,,,,,,,,,,,,,,,,,,,,,,,,*/ˌãndˌiːkˈɔ̃ɲə/,,,,,,,,,,,,,,,,,,,,,,,,,,,,,,,,,,,,,,,,,,,,,,,,,,,,,,,,,,,,,,,,,,,,,,,,,,,,,,,,,,,,,,,,,,,,,,,,,,,,,,,,,,,,,,,,,,,,,,,,,,,,,,,,,,,,,,,,,,,,,,,,,,,,,,,,,,,,,,,,,,,,,,,,,,,,,,,,,,,,,,,,,,,,,,,,,,,,,,,,,,,,,,,,,,,,,,,,,,,,,,,,,,,,,,,,,,,,,,,,,,,,,,,,,,,,,,,,,,,,,,,,,,,,,,,,,,,,,,,,,,,,,,,,,,,,,,,,,,,,,,,,,,,,,,,,,,,,,,,,,,,,,,,,,,,,,,,,,,,,,,,,,,,,,,,,,,,,,,,,,,,,,,,,,,,,,,,,,,,,,,,,,,,,,,,,,,,,,,,,,,,,,,,,,,,,,,,,,,,,,,,,,,,,,,,,,,,,,,,,,,,,,,,,,,,,,,,,,,,,,,,,,,,,,,,,,,,,,,,,,,,,,,,,,,,,,,,,,,,,,,,,,,,,,,,,,,,,,,,,,,,,,,,,,,,,,,,,,,,,,,,,,,,,,,,,,,,,,,,,,,,,,,,,,,,,,,,,,,,,,,,,,,,,,,,,,,,,,,,,,,,,,,,,,,,,,,,,,,,,,,,,,,,,,,,,,,,,,,,,,,,,,,,,,,,,,,,,,,,,,,,,,,,,,,,,,,,,,,,,,,,,,,,,,,,,,,,,,,,,,,,,,,,,,,,,,,,,,,,,,,,,,,,,,,,,,,,,,,,,,,,,,,,,,,,,,,,,,,,,,,,,,,,,,,,,,,,,,,,,,,,,,,,,,,,,,,,,,,,,,,,,,,,,,,,,,,,,,,,,,,,
=Late Proto-Albanian III,null*/hˌavərːˈɔ̃ɲə/,null*/bˈɛ̃ŋə/,null*/bˈɛ̃ɲːa/,null*/blˈĩe̯ɲə/,null*/vlˈɔ̃ɾ̃a/,null*/vlˌɔ̃ɲˈatə/,null*/ˌaðˌuɾˈɔ̃ɲə/,null*/ˌaðəɾˈɔ̃ɲə/,null*/ˈajɾ/,null*/rːˈɛ̃mə/,null*/ʃtə̃mˈɔ̃ɲə/,null*/ˈie̯ta/,null*/ˈie̯va/,null*/cˈĩŋɟə/,null*/cˈiːftə/,null*/cˈiːftɾə/,null*/ˌuʃˈũɲa/,null*/ˈaːlbɐɾ̃ə/,null*/əlbə̃ɾ̃ˈɛːʃə/,null*/ˈaːʎə/,null*/ˌalːəɡˈɔːɾˈia/,null*/əltˈɛːɾə/,null*/ə̃mpː̬ətˈĩːnə/,null*/ə̃mbulˠˈɔ̃ɲə/,null*/mˈɛ̃ndulˠə/,null*/mˈikə/,null*/ˈɛ̃mta/,null*/mˈuːɾɡa/,null*/ˈɑ̃nɟəlˠə/,null*/ˈɛ̃nɟəlˠə/,null*/ɲˈiːlːa/,null*/ə̃ŋɡˈuːʃtə/,null*/ə̃ŋɡuːʃtˈɔ̃ɲə/,null*/ə̃ndˈɔ̃ɲə/,null*/nˈuːlːa/,null*/pˌaɾə̃mˈɛ̃ndə/,null*/pɾˈiːlə/,null*/ˈaːftə/,null*/ʊɾˈãɾ̃a/,null*/əɾɟˈɛ̃ndə/,null*/ˈaːɾma/,null*/əɾmˈɔ̃ɲə/,null*/əɾmˈata/,null*/hˌaɾməʃˈuo̯ɾə/,null*/ˌarːˈĩːɲə/,null*/ˈaːɾkə/,null*/ˈaːɾka/,null*/ˈaːʃkəlːə/,null*/ʃpˈaːɾɐɡə/,null*/ˈaːʃpəɾ/,null*/vˈɛ̃ndə/,null*/ˌavlə̃mˈɛ̃ndə/,null*/ɡˈuːʃtə/,null*/rːˈye̯lˠə/,null*/ˈaːɾə/,null*/wˈũnɡəlːə/,null*/bˈaːlʃɐmə/,null*/bˈaɲa/,null*/bˌaɾˈatɾə/,null*/bˈaːɾka/,null*/bˌaɾˈũo̯ɾ̃ə/,null*/bˌatˈaːʎa/,null*/bˌatˈaːʎa/,null*/bˌɛ̃ndkˈɔ̃ɲə/,null*/bˈiːʃa/,null*/bˌĩːɲˈaːɾə/,null*/bˈɔːlˠa/,null*/bɾˈɛcə/,null*/bɾˈɔka/,null*/bɾˈɛːʃka/,null*/bɾˈɛːʃka/,null*/bɾˈỹma/,null*/bˌulcˈɛːʃə/,null*/bəˈuːlkə/,null*/bəˈuːlcə/,null*/bˈuːfə/,null*/bˈuːlːa/,null*/bˈuka/,null*/bˈuːʃə/,null*/bˈuːɾɡə/,null*/bˈutə/,null*/dˈɛ̃mɐɾ̃ə/,null*/dˌãnːˈɔ̃ɲə/,null*/dˈãmə/,null*/dˌɛːtˈɔ̃ɲə/,null*/dˌɛːtˈuo̯ɾə/,null*/dˌɛːtˈɔːɾəsə/,null*/dˌɛːtˈyːɾa/,null*/dəlˌiːɾˈɔ̃ɲə/,null*/dəkˌatˈɔ̃ɲə/,null*/dəpˌɑ̃ɾtˈɔ̃ɲə/,null*/dəpəʃtˈɔ̃ɲə/,null*/dəɾə̃mˈɔ̃ɲə/,null*/dəʃˌiːɾˈɔ̃ɲə/,null*/dəʃəˈiːɾa/,null*/djˈaːlˠə/,null*/zˈãɾ̃a/,null*/dəftˈɔ̃ɲə/,null*/dˈɛ̃ɲa/,null*/dəɾɡˈɔ̃ɲə/,null*/dəɾˈɛjtə/,null*/də/,null*/dəʃkəˌaːlːəkˈɔ̃ɲə/,null*/dəʃkˌaɾkˈɔ̃ɲə/,null*/dˈiːʃka/,null*/dəʃcˌyːɾtˈɔ̃ɲə/,null*/dəzbˌulːˈɔ̃ɲə/,null*/mˌuːʃtəkˈɔ̃ɲə/,null*/dˌulˠˈye̯ɾə/,null*/ðˌuɾˈɔ̃ɲə/,null*/dɾˈɛcə/,null*/dɾə̃nɡˈũo̯ɾ̃ə/,null*/dɾˈĩːnə/,null*/dɾˈiːʃtə/,null*/dˈucə/,null*/dˌulpəkˈɔ̃ɲə/,null*/dˌuɾˈɒ̃ɲə/,null*/hˌɛːtˈɔ̃ɲə/,null*/klˈiːʃa/,null*/kə/,null*/ʃˈɛ̃mɐɾ̃a/,null*/ʃˌãmtˈɔ̃ɲə/,null*/ʃˌɑ̃mːˈɔ̃ɲə/,null*/ʃˈɛ̃mblə/,null*/ʃə̃ndəɾˈɔ̃ɲə/,null*/ʃˈɛ̃ɲə/,null*/ʃkəˌaːlːəkˈɔ̃ɲə/,null*/ʃkˌalˠˈɔ̃ɲə/,null*/ʃkˌãmbˈɛ̃ɲə/,null*/ʃkˌãndˈɛ̃ɲə/,null*/ʃkˌaɾzˈɛ̃ɲə/,null*/ʃkˌaɾtˈɔ̃ɲə/,null*/ʃkˌatərːˈɔ̃ɲə/,null*/ʃkˌaːɡˈɔ̃ɲə/,null*/ʃcˈipə/,null*/ʃkˈuːlˠə/,null*/ʃkˌuːɾtˈɔ̃ɲə/,null*/ʃkˈuːɾtə/,null*/zmˈɔjlɛ/,null*/ʃˈuːʃə/,null*/ʃpətˈɔ̃ɲə/,null*/ʃpˈɛjtə/,null*/ʃpəlːˈãːɲə/,null*/ʃpəɾlˈãːɲə/,null*/hˌɛɾə̃mˈɔ̃ɲə/,null*/ʃtə̃ɾ̃ˈɔ̃ɲə/,null*/ʃtɾˈyðə/,null*/ʃˌũŋɡulˠˈɔ̃ɲə/,null*/zbɟəlˠˈɔ̃ɲə/,null*/lˈiɟja/,null*/pˌɛːʃkˈɔpə/,null*/pˈɛːʃkəpə/,null*/wˌʊpˈɛːʃkpə/,null*/pəʃkəpˈia/,null*/rːˌaɡˈɔ̃ɲə/,null*/rːə̃mˈitə/,null*/ˈiːɾicjə/,null*/rːəˈyːlˠa/,null*/ˈɛːʃka/,null*/wə̃nɟˈiːlˠə/,null*/əˈye̯j̃ɲə/,null*/fˈaːɾka/,null*/fˌaːɾkˈɔ̃ɲə/,null*/fˈaɡə/,null*/fˌɐʎˈɛ̃ɲə/,null*/fəlːˈɛ̃ɲə/,null*/fˈaːʎə/,null*/fəˈỹe̯ɲə/,null*/fəlcˈĩɲa/,null*/fˌaːlkˈũo̯ɾ̃ə/,null*/fˈacjɛ/,null*/fˌajtˈyːɾa/,null*/fˈama/,null*/fˌãmˈiːʎa/,null*/fˈamulˠə/,null*/fˈãnɡə/,null*/fərːˈɔ̃ɲə/,null*/fərːˈata/,null*/fˈaːɾmɐkə/,null*/fˈaːʃca/,null*/fəʎˈɔːlˠa/,null*/fˈatə/,null*/fˈaːɐʎa/,null*/fˌɛːɾˈuo̯ɾə/,null*/fˈɛ̃mɐɾ̃a/,null*/fə̃ɾ̃ˈie̯ʃtɾa/,null*/fərːˈuːʃka/,null{ABSENT},null*/fjˈɔ̃ɲə/,null*/fˈikə/,null*/fəʎˈanːə/,null*/fˈɛːlka/,null*/fəʎˈɛːʃtəɾ/,null*/fˌulːəcˈɛtə/,null*/fˈiːlˠə/,null*/fəɾɡlˈĩːnə/,null*/fʃˈikulˠə/,null*/fˌiːʃtulˠˈɔ̃ɲə/,null*/flˈakulˠə/,null*/flˈakulˠə/,null*/flˈamːa/,null*/flˈaːʃka/,null*/flˈɔkə/,null*/flˌɔɾˈĩːnə/,null*/flˌutulˠˈɔ̃ɲə/,null*/fˌɔjlˈɛta/,null*/fˌuɾmˈɛːlːa/,null*/fˈuːrːicə/,null*/fˌurːicˈija/,null*/fˈɔːɾtə/,null*/fˌuɾtˈũna/,null*/fˈuːʃa/,null*/fʃˈatə/,null*/fɾˈaːʃɐɾ̃ə/,null*/fɾˈɑ̃nɡə/,null*/fɾˌɑ̃ncˈiɑ/,null*/fɾˈɛ̃ɾ̃a/,null*/fɾˈɛ̃ːɾ̃ə/,null*/fɾˌiɡˈɔ̃ɲə/,null*/fɾˌiɡulˠˈɔ̃ɲə/,null*/fɾˌikˈɔ̃ɲə/,null*/flˠˌɛtˈɛːɾja/,null*/fɾˈytə/,null*/fˌulcˈija/,null*/fˌɔ̃nːˈɛːɾə/,null*/fˈũndə/,null*/fˈuːɾka/,null*/fˈuːrːə/,null*/fˈuːʃcɲa/,null*/fˌuʃcɲˈaːɾə/,null*/fˈuːʃtulˠə/,null*/fˈutə/,null*/ɟˈɛːlbɐɾ̃ə/,null*/ɡˈaːlɡulˠə/,null*/ɡəlːnˈaːsa/,null*/ɟˈɛːlːə/,null*/ɡˈata/,null*/ɡˈatə/,null*/ɡˈaːzə/,null*/ɡˌaːzmˈɛ̃ndə/,null*/ɟə̃mˈɔ̃ɲə/,null*/ɟə̃ɾ̃ˈija/,null*/ɟˈie̯ʃtɾa/,null*/ɟˈĩndə/,null*/ɟjˈɛːɾɟjə/,null{ABSENT},null*/ɡlˈɛ̃mə/,null*/lˈiːɾə/,null*/ɡlə̃mːəɾˈata/,null*/ɡɾˈɛkə/,null{ABSENT},null*/ɡɾˈatə/,null*/ɡɾˈiɟə/,null*/ɡɾˈĩmə/,null*/ɡɾəˈiːlːa/,null*/ɡɾˌũmbulˠˈɔ̃ɲə/,null*/ɡɾˈũmulˠə/,null*/ɡɾˈiːfʃa/,null*/ɡˈuːlˠa/,null*/ɡˈũmːa/,null*/ɡˈũnːa/,null*/ɡˈuta/,null*/ɟˈiːɾə/,null*/ʃtˈiːʎa/,null*/vərːˈĩːnə/,null*/vərːˈiːza/,null*/hˈĩnːɡəlːə/,null*/nːɡulˠˈɔ̃ɲə/,null*/əɾənd͡zˈɔ̃ɲə/,null*/hˈɛːɾa/,null*/ˌurːˈɛ̃ɲə/,null*/ɟˈũo̯nːə/,null*/jˌãːnːˈɛːɾə/,null*/ɟjə̃ɾ̃ˈɔ̃ɲə/,null*/kˈɔ̃ɾ̃a/,null*/ˈiːʎa/,null*/ˈiːlcə/,null*/ˈiːlcˈɛtə/,null*/ə̃mbəɾˈɔ̃ɲə/,null*/ə̃mbəɾtˈɛːʃa/,null*/pəɾəndˈɛːʃa/,null*/ə̃mbəɾˌætˈuo̯ɾə/,null*/pəɾəndˈuo̯ɾə/,null*/ə̃mbəɾˌætuɾˈɛːʃa/,null*/ə̃mbəɾˈɛtə/,null*/ə̃mbəɾˈɛtɔɾ/,null*/ə̃mblə̃ndˈɔ̃ɲə/,null*/ə̃mblˈɔ̃ɲə/,null*/ə̃mːˈũːnə/,null*/nˈaːlta/,null*/nˌalsˈɔ̃ɲə/,null*/nˈaːltə/,null*/nˌaːɾtˈɔ̃ɲə/,null*/ə̃nbˌurːˈãɾ̃ə/,null*/ə̃ndəʃpkˈɔ̃ɲə/,null*/ˌãndˌiːkˈɔ̃ɲə/,null*/ə̃ndəkˈɔ̃ɲə/,null*/ə̃ndəftˈɔ̃ɲə/,null*/ə̃ndəɾtˈɔ̃ɲə/,null*/ə̃ndəɾˈɛcə/,null*/ə̃ndəʎˈɛ̃ɲə/,null*/fɐʃcˈɔ̃ɲə/,null*/fˈɛːrːə/,null*/ə̃ŋɡə̃ɲˈɛ̃ɲə/,null*/ə̃ŋɡɾˈata/,null*/ˌɑ̃ːɾ̃ə̃mˈikə/,null*/ə̃nɡəˌaːlːəkˈɔ̃ɲə/,null*/ə̃nɡˌaɾkˈɔ̃ɲə/,null*/ə̃nɡˌaːʃə̃ɾ̃ˈɛ̃ɲə/,null*/ə̃nɡɲəɾˈɔ̃ɲə/,null*/ə̃nɡˌuːʃəlˠˈɔ̃ɲə/,null*/ə̃nɡˈɔːɾðə/,null*/kˈuðə/,null*/kˈuðɐɾ̃ə/,null*/ə̃nɡˌũːɲˈɔ̃ɲə/,null*/nːˈɔkə/,null*/nˈɔːfulˠə/,null*/ə̃npəkˈatə/,null*/ə̃npəʃˈɔ̃ɲə/,null*/ʃˈɛ̃ɲa/,null*/ˈiːʃulˠə/,null*/ə̃ndəlːəɡˈɔ̃ɲə/,null*/ə̃ndəɾɡˈɔ̃ɲə/,null*/ə̃ndəɾ/,null*/ə̃ndɲˈỹe̯ɲə/,null*/mərːˈaːʎa/,null*/vˈɛːrːə/,null*/məzˈɔ̃ɲə/,null*/ftˈɔ̃ɲə/,null*/məsˈɔ̃ɲə/,null*/ɟˈɔɐnːə/,null*/jˈɔkə/,null*/ˈiːɾa/,null*/ɟˌyːkˈɔ̃ɲə/,null*/ɟˌyːɡˈata/,null*/ɟˈyːcjə/,null*/ɟˌỹːndˈyːɾa/,null*/ɟˈỹndə/,null*/ɟəɾˈɔ̃ɲə/,null*/ɟˌuːvˈɛ̃nɡa/,null*/cˈɛka/,null*/cˈie̯lˠə/,null*/kˌalˠə̃mˈɛtə/,null*/kˈaːlˠɐmə/,null*/kəlˠˈanda/,null*/kˌalˠə̃ndˈuo̯ɾə/,null*/cˈɛːlcə/,null*/kəlcˈɛːɾja/,null*/cˈɛːlːə/,null*/kˈãmba/,null*/kˌãmbˈɛ̃ɲə/,null*/cˈɛ̃məɾa/,null*/kˌãmbˈãɾ̃a/,null*/kˌãmbˈɔ̃ɾ̃a/,null*/kə̃mˈiːʃa/,null*/kˈãɾ̃ɐpə/,null*/kə̃ndˈɛːlˠa/,null*/cˈɛ̃ːnːə/,null*/kˈanːa/,null*/kə̃nːˈata/,null*/kə̃nːˈɛtə/,null*/kə̃ndˈɔ̃ɲə/,null*/kˈandɐɾə/,null*/kˈãnɡa/,null*/kˌãncˈɛːlːə/,null*/kˌapˈɛːlːa/,null*/kˌapɾˈuo̯lˠə/,null*/kˌafʃˈata/,null*/kˌafʃˈɔ̃ɲə/,null*/kˌapɾˈɛːʃtə/,null*/kɐftˈĩna/,null*/kˌapˈũo̯ɾ̃ə/,null*/cˈɛpɾə/,null*/kˈaːftə/,null*/cˈɛːrːjɛ/,null*/kəɾpˈuːsə/,null*/kˌɑrːjˈɔːzə/,null*/cˌɛɾɲːˈɔ̃ɲə/,null*/kˈaːrːa/,null*/cˈɛːrːə/,null*/kˌarːˌiːkulˠˈɔ̃ɲə/,null*/kəɾʃˈãɾ̃a/,null*/kˈaːɾta/,null*/cˈɛːʃɐɾ̃a/,null*/kɐʃtˈɛ̃ɲa/,null*/kˌaʃtə̃ɾ̃ˈie̯tə/,null*/kɐʃtˈie̯lːa/,null*/kɐʃtˈie̯lːə/,null*/kˈaːfka/,null*/kˈaːfʃa/,null*/cˈɛːlːa/,null*/cˈĩndə/,null*/cˈɛ̃ndɾə/,null*/cˌɛ̃ndɾˈɔ̃ɲə/,null*/cˈɛpa/,null*/cˌɛpˈuːlːa/,null*/cˌɛɾəʃˈuo̯ɾə/,null*/kəɾˈye̯lːə/,null*/kəɾˈye̯ɾə/,null*/cˈaːrːə/,null*/kəɾʃˈɛdɾa/,null*/cəɾtˈɔ̃ɲə/,null*/cˈɔ̃ɲə/,null*/ə̃nɡˈaːlˠa/,null*/cˈicəɾə/,null*/kˈɔːɾja/,null*/cˈĩmka/,null*/cˌĩːmˈuːʃa/,null*/cˈĩŋɡəlːə/,null*/kəɾkˈɔ̃ɲə/,null*/kəɾcˈɛːlːa/,null*/cˈaːɾkulˠə/,null*/cˈaːɾkə/,null*/cˈitɾə/,null*/cˌyːtˈɛtə/,null*/klə̃mˈɔ̃ɲə/,null*/kləɾˈɔ̃ɲə/,null*/klˈaːɾta/,null*/klˈaːɐɾ̃ə/,null*/klˌyːtˈyːɾa/,null*/klˌaːɾˈyːlˠa/,null*/kəʃˈyːɾa/,null*/kləʃˈyːɾa/,null*/klə̃mˈɛ̃ndə/,null*/klə̃mːˈuːʃtə/,null*/kˌuːj̃mtˈɔ̃ɲə/,null*/kˌuʎtˈɔ̃ɲə/,null*/kˌũːnːˈatə/,null*/kˌuːjɾˈi/,null*/kəˈĩːɲə/,null*/kˌulˠˈɔ̃ɲə/,null*/kˌulːˈaːɾə/,null*/kˌulːəcˈɔ̃ɲə/,null*/kˌulːətˈɔ̃ɲə/,null*/kˌulːə̃mtˈɔ̃ɲə/,null*/kˌulˠˈɔːʃtɾə/,null*/kˌulˠũmbə̃ɾ̃ˈija/,null*/kˌulˠũmːˈɛːsa/,null*/kˈũnɡa/,null*/kˈɔka/,null*/kˈɔcjə/,null*/kˈɔkə/,null*/kˈɔːfʃa/,null*/kˌɔːftˈuo̯ɾə/,null*/kˈɔ̃ma/,null*/kˌũːmːˈɛːɾcjə/,null*/kˌũːmːɾ̃ɡˈɔ̃ɲə/,null*/kˈũmtəɾ/,null*/kˌuːpətˈɔ̃ɲə/,null*/kˌuːpətˈɔ̃ɲə/,null*/kˈũmtə/,null*/kˌuːfˈĩɲə/,null*/kˌuːʃˈiːlːə/,null*/kˌuːʃkɾətˈɔ̃ɲə/,null*/kˌuːʃəɾˈĩːnə/,null*/kˌuːʃtˈɔ̃ɲə/,null*/kˈuːʃulˠə/,null*/kˌuːtə̃ndˈɔ̃ɲə/,null*/kˈũndɾa/,null*/kˌũːndɾˈuo̯lˠə/,null*/kˌũːndɾəʃtˈaːɾə/,null*/kˌũːnˈuːlkəa/,null*/kˌuːvə̃ndˈɔ̃ɲə/,null*/kˌuːvˈɛ̃ndə/,null*/kˌuːpəɾtˈyːɾa/,null*/kˈɔːɾbulˠə/,null*/kˈɔːɾða/,null*/kˈɔːrːjə/,null*/kˌuːrːˈiːlkəː/,null*/kˌɔːrːˈuta/,null*/kˌuːɾˈɔ̃ɾ̃a/,null*/kˈɔːɾpə/,null{ABSENT},null*/kˌuːɾtˈĩna/,null*/kˈuo̯ɾə/,null*/kˌuːɾbˈĩːnːə/,null*/kˈɔːɾbə/,null*/kˈɔːʃə/,null*/ftˈɔ̃ɲə/,null*/kˌuːtəd͡zˈɔ̃ɲə/,null*/kɾˈapulˠə/,null*/kɾˌiːjˈɔ̃ɲə/,null*/kɾˌiːjˈɛːsa/,null*/kɾˌiːjətˈyːɾa/,null*/kɾˈɛtkə/,null*/kɾˈɛːzma/,null*/kɾˌɛzmˈɔ̃ɲə/,null*/kɾˈɛːʃpa/,null*/kɾˈɛːʃta/,null*/kɾəʃtˈɛ̃ɾ̃a/,null*/kɾəʃtəndˈɛːlə/,null*/kɾˈiːʃtə/,null*/kɾˈɔkulˠə/,null*/kɾˈuːʃkə/,null*/kɾˈucə/,null*/kɾˈuta/,null*/kˈutə/,null*/kˈuːɾbəta/,null*/kˈukuɾə/,null*/kˌuːkˈuːta/,null*/kˈuːltɾa/,null*/kˈuːlmə/,null*/kˈũmulˠə/,null*/kˈuːlˠmə/,null*/kˈũɲə/,null*/kˌũːɲˈɔ̃ɲə/,null*/kˌũːndˈɔ̃ɲə/,null*/kˈupə/,null*/kˈupa/,null*/cəɾˈɔ̃ɲə/,null*/kˌuːɾsˈɛ̃ɲə/,null*/kərːˈiɡa/,null*/kərːˈɛːʃma/,null*/kˈɔdɾə/,null*/cəɾˈɔ̃ɲə/,null*/kˈaːɾta/,null*/kˈɔːɾta/,null*/kˈɔːɾtə/,null*/kˌaʃˈiːlːə/,null*/cˌy/,null*/cˈɛtə/,null*/cˈyːʃ/,null*/cˈĩma/,null*/cˈipɾə/,null*/ləvəɾˈɔ̃ɲə/,null*/lˌaːɾˈuːʃka/,null*/ləkˈũo̯ɾ̃ə/,null*/lˈaːfʃa/,null*/ləʃˈɔ̃ɲə/,null*/lˈakə/,null*/lə̃ŋɡˈɔ̃ɲə/,null*/lə̃ŋɟˈyːɾa/,null*/lə̃ŋɟˈye̯ɾə/,null*/lə̃ncjˈɛːɾja/,null*/ləpˈatja/,null*/lˈaːɾɡə/,null*/lˈaːɾðə/,null*/lˈaːʃə/,null*/lətˈĩːnə/,null*/lˈãːɲə/,null*/ləˌaːtˈyːɾa/,null*/lɐvdˈɔ̃ɲə/,null*/lˈavdə/,null*/ləfcˈɛːɾə/,null*/lˈaːɾə/,null*/lˈiɟə/,null*/lə̃ndˈɔ̃ɲə/,null*/lˈũo̯nːə/,null*/lˈɛpuɾə/,null*/lˈɛpuʎə/,null*/lˈɛpɾa/,null*/lˈiːɾə/,null*/lˈibəɾə/,null*/lˌiːɾˈɔ̃ɲə/,null*/lˌiɡətˈyːɾa/,null*/lˈiːlːə/,null*/lˈicjə/,null*/lˈĩma/,null*/lə̃mˈɔ̃ɲə/,null*/lˈĩːnə/,null*/lˈĩɲa/,null*/lˌɛpətˈyːɾa/,null*/lˈɛːʃə/,null*/lˈɛtəɾa/,null*/ləˈũo̯ɲə/,null*/lˌucˈɛːrːa/,null*/lˈukɾə/,null*/lˈuːfta/,null*/lˌuftˈɔ̃ɲə/,null*/lˌuftːˈaːɾə/,null*/lˈũndɾə/,null*/lˌuɡˈatə/,null*/lˌucˈie̯ɾbulˠə/,null*/lˈyːʃtɾə/,null*/mˈie̯ʃtɾə/,null*/mə̃nɟˈija/,null*/mˌaːʃtəɾˈɔ̃ɲə/,null*/mˌaːʃtˈɛːɾkə/,null*/mˌajˈɛːɾja/,null*/mˈajə/,null*/mˌaːlˠəkˈɔ̃ɲə/,null*/mˌaːlːəsˈɔːlˠa/,null*/mə̃ɲˈɔːlˠa/,null*/mˌɐlˠˈɛtə/,null*/mˈaːʎə/,null*/mˌaːləsˈɔ̃ɲə/,null*/mˌaːlˠə̃ŋɟˈɛ̃ɲə/,null*/mˈaːlˠə/,null*/mˌĩnˈɔ̃ɲə/,null*/mˈãnɡa/,null*/mə̃nɡˈɔ̃ɲə/,null*/mə̃npulˠˈɔ̃ɲə/,null*/mˈãɲa/,null*/mˈãnɡə/,null*/mˈãnɡa/,null*/mə̃nɡˈɔ̃ɲə/,null*/mˈãncɐɾ̃ə/,null*/mˈãːjtə/,null*/mˈaːɾɟɐɾ̃ə/,null*/məɾˈija/,null*/məɾkˈɔːʃə/,null*/məɾəlˈycjə/,null*/məɾtˈɔ̃ɲə/,null*/məɾtˈɔ̃ɲə/,null*/məɾtˈɛːsa/,null*/mˈaːɾkə/,null*/mˈaːɾmuɾə/,null*/məɾcˌĩːnˈɛtə/,null*/mˈaːɾtə/,null*/məɾtˈĩːnə/,null*/mˈaːɾsə/,null*/mˈaːɾə/,null*/məɾˈũːnə/,null*/mˈaːʃkulˠə/,null*/mˈaːʃa/,null*/məʃtəkˈɔ̃ɲə/,null*/mə̃ndˈaːfʃə/,null*/mˌɑːtɾˈikə/,null*/mə̃ndɾˈikulˠə/,null*/mə̃sˈukə/,null*/məkˈɔ̃ɲə/,null*/məɡˈaːʃtɾə/,null*/mjˈɛːkə/,null*/mətˈɔ̃ɲə/,null*/mˈie̯zə/,null*/məʃˈɛːɾa/,null*/mˈɛ̃nda/,null*/mˈɛ̃ndə/,null*/məɾəzˈɛ̃ɲə/,null*/məɾˈiːzə/,null*/məɾɡˈɔ̃ɲə/,null*/məɾcˈɛːɾə/,null*/məɾkˈuːɾa/,null*/məɾəlˠˈɛ̃ɲa/,null*/mˈie̯tulˠə/,null*/mˌɛːɾɡˈɔ̃ɲə/,null*/mˈiːʎa/,null*/mˌɑ̃ːɾəʃtˈɔ̃ɲə/,null*/məɾˈɛkulˠə/,null*/məɾˌækulˠˈɔ̃ɲə/,null*/məɾˈɛ̃ɲə/,null*/mˈɛːʃa/,null*/məʃəɾˈɛːɾə/,null*/məʃˈiːɾa/,null*/mˈuːzə/,null*/mˈɔðə/,null*/mˌulˠˈaːɾə/,null*/mˌulˠˈĩːnə/,null*/mːˈɛ̃ndə/,null*/mˈũnɐkə/,null*/mˈɔːʃtɾə/,null*/mˌuɾtˈaːʎa/,null*/mˈɔːɾtə/,null*/mˈykə/,null*/mˈuːlˠa/,null*/mˌulkˈɔ̃ɲə/,null*/mˈyːlˠə/,null*/mˌuɾmuɾˈɔ̃ɲə/,null*/mˈyːɾə/,null*/mˌuʃcəlˠˈuo̯ɾə/,null*/mˌuʃkˈɔ̃ɲa/,null*/mˈuːʃkulˠə/,null*/mˈyːʃkə/,null*/mˈuːʃtə/,null*/məɾcˈĩɲa/,null*/mˈɛːrːa/,null*/nˈapa/,null*/nˌaːtˈyːɾa/,null*/mˈie̯ɡulˠə/,null*/nˈĩnːa/,null*/ə̃nɡˌaɾðˌulːˈicja/,null*/nˈɛðə/,null*/nˈye̯lˠə/,null*/nˌə̃mːə̃ɾ̃ˈɔ̃ɲə/,null*/nˈɔ̃nːə/,null*/nˌɔːtˈɔ̃ɲə/,null*/nˈɔɐʃtɾə/,null*/nəˈie̯ɾka/,null*/nˌũmbəɾˈɔ̃ɲə/,null*/nˈũməɾə/,null*/nˈuːsa/,null*/blˈata/,null*/fˈɛːlːa/,null*/ˌulˠˈaːʃtɾə/,null*/ˈuo̯ʃtɾə/,null*/ˈuo̯ʎə/,null*/ˌulˠˈĩːɾ̃ə/,null*/ˈye̯pəɾa/,null*/ˌuɾˈɔ̃ɲə/,null*/ˈye̯ɾbə/,null*/ˌuɾðə̃ɾ̃ˈɔ̃ɲə/,null*/ˌuɾðə̃ɾ̃ˈata/,null*/ˈye̯ɾðɐɾ̃ə/,null*/ˈuo̯rːə/,null*/ˈuo̯ɾfɐɾ̃ə/,null*/ˌuʃtˈɔ̃ɲə/,null*/ˈye̯tə/,null*/ˈye̯e̯sa/,null*/ˈye̯e̯/,null*/pˌaːlˠˈɔ̃ɲə/,null*/pəˈyːlˠə/,null*/pˌɛ̃ndˈɛ̃ɲə/,null*/pˌɛ̃ndˈɛːsa/,null*/pˌɐɡˈãɾ̃a/,null*/pˌaɡətˈyːɾa/,null*/pˌaɡˈuõ̯ɲə/,null*/pˈaːlˠa/,null*/pˈaːʎa/,null*/pəlˠˈũmbə/,null*/pˈacə/,null*/pˌajtˈɔ̃ɲə/,null*/pˈajtə/,null*/pəlˠˈaːsə/,null*/pˈaːɾ/,null*/pəɾˈaːlˠa/,null*/pˌaɾəˈiːzə/,null*/pəɾˈɔ̃ɲə/,null*/pəɾˈɔ̃ɲə/,null*/pˌaɾəndˈɔ̃ɲə/,null*/pəɾˈĩndə/,null*/fɾˌaʃˈuo̯lˠə/,null*/fˌaʃˈuo̯lˠə/,null*/pˈaːʃka/,null*/pˈaːʃə/,null*/pˌaʃtəɾˈakə/,null*/pəsˈɔ̃ɲə/,null*/pəˈyːlkəa/,null*/pˈaːkə/,null*/pˈaːlˠə/,null*/pˌaːlˠˈɔ̃ɲə/,null*/pˌaːlˠˈũo̯ɾ̃ə/,null*/pjˈɛːka/,null*/pˈɛ̃ndəka/,null*/ə̃mbjˈɛːka/,null*/pˌɛːkˈuːlːə/,null*/pˈɛːʃa/,null*/pəʃˈɔ̃ɲə/,null*/pˈie̯pɐɾ̃ə/,null*/pəɾ/,null*/pˈie̯ɾɡulˠə/,null*/pəɾhˈɛːɾa/,null*/pərːdulˠˈɛ̃ɲə/,null*/ə̃ndˌulˠˈɛ̃ɲə/,null*/pəɾpˌaɾˈɔ̃ɲə/,null*/pəɾpˌaɾˈɔ̃ɲə/,null*/pəɾbɟəlˠˈɔ̃ɲə/,null*/pəʃəkˈɔ̃ɲə/,null*/pˈie̯ʃəka/,null*/pˌɛːtɾˈɛːʃə/,null*/pˈie̯tɾə/,null*/pˈɛːsa/,null*/pˈɛ̃ŋə/,null*/pˌɛːɾtˈɔ̃ɲə/,null*/pˈita/,null*/pˈiːlˠa/,null*/pˈiːlˠa/,null*/pˈiːlˠa/,null*/pˈiːlːə/,null*/pˈɛ̃nːa/,null*/pˈipa/,null*/pˈɛːʃcə/,null*/pəʃkətˈaːɾə/,null*/bˌiːʃtˈaːʎa/,null*/pəʃtˈɛːɾja/,null*/pˈɛta/,null*/pˈɛtəkə/,null*/pˈɛtulˠə/,null*/plˈaɡa/,null*/pləcˈɛ̃ɲə/,null*/plˈanɡə/,null*/plˈanɡə/,null*/pˈaːltɲa/,null*/pləcˈĩːnə/,null*/plˈicə/,null*/plˈɛpə/,null*/plˈũmbə/,null*/pˌʊlˠˈãnda/,null*/pˌulːəkˈye̯ɾə/,null*/pˌulːəcˈɛːɾə/,null*/pˈɛ̃mːa/,null*/pˈɔːrːə/,null*/pˈɔːrːə/,null*/pˈɔpulˠə/,null*/pˈɔːrːicjə/,null*/pˌurːˈija/,null*/pˌurːˈĩːnə/,null*/pˈɔːɾta/,null*/pˌuʃˈɔ̃ɲə/,null*/pˈɔːʃtə/,null*/pˈɔːʃtəɾə/,null*/pˌuʃtˈɔ̃ɲə/,null*/pˌuʃtˈɛtə/,null*/pˈɔtə/,null{ABSENT},null*/pɾˈɛða/,null*/pɾəˈũo̯ɲə/,null*/pɾəˈĩːɲə/,null*/pɾˈɛtəɾ/,null*/pɾə̃məvˈɛːɾa/,null*/pɾˈĩncə/,null*/pɾˌivˈɔ̃ɲə/,null*/pɾˌɔðˈɔ̃ɲə/,null*/pɾəˈuːõ̯ɲə/,null*/pɾˈɔːʃmə/,null*/pɾˌɔʃmˈɔ̃ɲə/,null*/pɾə̃mːˌɛːtˈɔ̃ɲə/,null*/pˈuka/,null*/pˈukə/,null*/pˈuːlːa/,null*/pˈuːlːə/,null*/pˈuːlpa/,null*/pˈuːlbəɾə/,null*/pˈũŋɡa/,null*/pˈũɲta/,null*/pˈupa/,null*/pˈuːsə/,null*/pˌutˈãɾ̃a/,null*/fˈaːɾə/,null*/rːəˈũo̯ɲə/,null*/rːˈɛːza/,null*/rːəˈiːka/,null*/rːəˈiːlkəa/,null*/rːˈɛ̃mə/,null*/rːˈapa/,null*/rːˈɛpə/,null*/rːˈapə/,null*/rːˈaːlˠə/,null*/ɾˈɑːʃɑ/,null*/rːˌaʃtˈie̯lːə/,null*/ˌarːəsˈỹe̯ɾ̃ə/,null*/rːˈɛːva/,null*/rːəfˈɛɲə/,null*/ɾˈɛɟə/,null*/rːˈɛɡulˠə/,null*/kˈɔːʃə/,null*/rːˈɛ̃mə/,null*/rːə̃ndˈɛ̃ɲə/,null*/rːəʃˈĩna/,null*/rːəʃəɾɡˈɔ̃ɲə/,null*/rːˈɛtə/,null*/rːˈɛːʃtə/,null*/rːˈɛtɐɾ̃a/,null*/ɾˌiɡˈɔ̃ɲə/,null*/rːˈicɐɾ̃ə/,null*/ɾə̃mˈɔ̃ɲə/,null*/rːˈipa/,null*/rːˈɔbuɾ/,null*/rːˈɔka/,null*/ɾə̃mːˈãɾ̃ə/,null*/rːˈũmbə/,null*/rːˈũmbulˠə/,null*/rːˌufˈɛa/,null*/rːəʃˈaːʎa/,null*/rːˌɔʃpˈɔ̃ɲa/,null*/rːˈɔta/,null*/rːˈɔtulˠə/,null*/rːˌɔtˈũnda/,null*/rːə̃nˈɔ̃ɲə/,null*/rːˌũnɡˈɔ̃ɲə/,null*/rːˈuðə/,null*/rːˈuɡa/,null*/rːˌũmbˈɛ̃ɲə/,null*/rːˈuːʃkulˠə/,null*/rːˈyta/,null*/ʃəˈuːrːə/,null*/ʃˈɛkulˠə/,null*/ʃˌɐɟˈɛta/,null*/ʃətˈɔ̃ɲə/,null*/ʃˌaːʎtˈɔ̃ɲə/,null*/ʃˈaɡə/,null*/ʃˈakulˠə/,null*/ʃkɾˈɔ̃ɲə/,null*/ʃˈɛːlcjɛ/,null*/ʃˈɛːlka/,null*/ʃˈɛːlə̃ncjɛ/,null*/ʃˌɛːlcˈɛtə/,null*/ʃəlˠˈĩna/,null*/ʃəlˠˈĩɲə/,null*/ʃəlbˈɔ̃ɲə/,null*/ʃˌɛːlbˈaːsa/,null*/ʃˌɛːlbˈɛːlːa/,null*/ʃəɾˈɔ̃ɲə/,null*/ʃˌãndˈɛtə/,null*/ʃˌɑ̃ɾ̃dˈɔːʃə/,null*/ʃˌãŋɡɲˈata/,null*/ʃˌũʃˈũɲa/,null*/ʃˌãndrːˌiːtˈɛtə/,null*/ʃˈɛ̃ɲtə/,null*/ʃˌãɲtməxəˈiːlˠə/,null*/ʃˌãndəˌãndɾˈɛːjaː/,null*/ʃˌãɲtəˌãndɾˈɛja/,null*/ʃˌãɲˈakə/,null*/kˌaləʃˈɛ̃ɲtə/,null*/ʃˌãɲtəmˈitɾə/,null*/ʃˌãɲtnɡˈɔːlˠa/,null*/ʃˌapˈɔ̃ɲə/,null*/ʃˈapə/,null*/ʃˈaːɾka/,null*/ʃˌɛːlcə̃ɾ̃ˈuo̯ɾə/,null*/ʃəɾmˈɛ̃ndə/,null*/ʃətˈũnda/,null*/ʃkɾˈɛtə/,null*/ʃəkˈɔ̃ɲə/,null*/ʃˈaːlːa/,null*/ʃˈiːsa/,null*/ʃˈiːɾɟjə/,null*/ʃˈaːrːa/,null*/ʃəɾtˈɔ̃ɲə/,null*/ʃəɾbˈɛ̃ɲə/,null*/ʃəɾbˈɛːsə/,null*/ʃəɾbətˈuo̯ɾə/,null*/ʃəɾbətˈyːɾa/,null*/ʃˈie̯ʃə/,null*/ʃə̃nːˈɔ̃ɲə/,null*/ʃˈɛ̃ŋə/,null*/ʃˈiː/,null*/ʃˈɛkla/,null*/ʃˈikulˠə/,null*/ʃə̃mbəlˠˈɛ̃ɲə/,null*/ʃə̃mbəlˠətˈyːɾa/,null*/ʃˈĩːnə/,null*/ʃˈɛːɾpə/,null*/ʃˈita/,null*/zɟˈɛbjɛ/,null*/ʃkˈaːlˠa/,null*/ʃkˈamə/,null*/ʃcˈɛ̃mːə/,null*/ʃkˈandulˠə/,null*/ʃcjˈɛ̃nd͡za/,null*/ʃcˌə̃ndˈiːʎa/,null*/ʃlˈaː/,null*/ʃklˈɛpə/,null*/ʃkˈɔdɾa/,null*/ʃkˈɔːlˠa/,null*/ʃcˈɔpa/,null*/ʃkˌɔːpˈɛtə/,null*/zɟˈyːɾa/,null*/ʃkˈɔːɾsa/,null*/ʃkɾˈuõ̯ɲə/,null*/ʃkˈuːlka/,null*/ʃkˈũma/,null*/ʃcˈytə/,null*/ʃkˈatə/,null*/ʃˈuːlkə/,null*/ʃˈɔka/,null*/ʃˈɔcja/,null*/ʃˈɔcjə/,null*/ʃˈɔːlˠa/,null*/ʃˌulˠˈãɾ̃ə/,null*/ʃˈuo̯lˠə/,null*/ʃˈɔːɾba/,null*/ʃˈɔːɾtə/,null*/ʃˌuɾtˈika/,null*/ʃˌuɾtəlɟˈija/,null*/ʃpˈata/,null*/ʃpˈatulˠə/,null*/ʃpəɾˈɛːsa/,null*/ʃpəɾˈɛ̃ɲə/,null*/ʃpˈĩnːa/,null*/ʃpˈiːɾtə/,null*/ʃpˈɛːʃə/,null*/ʃplə̃ɾ̃ˈɛtka/,null*/ʃpˈuːza/,null*/ʃpˈɔːɾta/,null*/ʃtˈaːlˠa/,null*/ʃtˈãmə/,null*/ʃtˈãnɡə/,null*/ʃtˈɛtə/,null*/ʃtˈatə/,null*/ʃtərːˈakə/,null*/ʃtɾˈãmbə/,null*/ʃtɾˈɛ̃mbɐɾ̃ə/,null*/ʃtɾˈatə/,null*/ʃtɾˈiɡa/,null*/ʃtɾˈɛ̃ɲtə/,null*/ʃtɾə̃ŋɡˈɔ̃ɲə/,null*/ʃtˈupa/,null*/ʃtˌupˈɔ̃ɲə/,null*/ʃtˈuːrːɐ/,null*/ʃəˈiːʎa/,null*/ʃəˈũo̯ɲə/,null*/ʃˌulˠˈata/,null*/ʃˌũmbəɾˈitka/,null*/ʃˌuɾˌuːkˈɔ̃ɲə/,null*/ʃˌuːtərːˈija/,null*/ʃˌufəɾˈɛ̃ɲə/,null*/ʃˈujta/,null*/ʃˌujtˈɔ̃ɲə/,null*/ʃˈũmːa/,null*/ʃˌupəɾkəˈɛːlə/,null*/ʃˌuʃpˈiːɾjɐ/,null*/ʃˈuːɾðə/,null*/ʃˌiːɾˈĩnɡa/,null*/tˌabˈɛːlːa/,null*/tˈaːftə/,null*/tˌatˈɔ̃ɲə/,null*/tˈaːʎa/,null*/tˈaːʎa/,null*/tˈapa/,null*/tˌavˈɛːrːa/,null*/tˈɛːɾə/,null*/tˈaːɾə/,null*/tˈiɡmɐɾ̃ə/,null*/tˈie̯ɡulˠə/,null{ABSENT},null{ABSENT},null*/tˈɛ̃nda/,null*/təɾˈye̯lːa/,null*/təɾˈye̯lːa/,null*/tərːmˈɛtə/,null*/tərːˈatkə/,null*/tˈɛːʃa/,null*/ə̃ndəʃtmˈɔ̃ɲə/,null*/tə̃mˈũo̯ɾ̃ə/,null*/tə̃mˈye̯ɾə/,null*/tˈĩna/,null*/tˈɛ̃ɲa/,null*/tˈĩnɡa/,null*/tˈĩnːɡulˠə/,null*/tˈitulˠə/,null*/tˌukˈɔ̃ɲə/,null*/tˈɔːɾkulˠə/,null*/tˈɔːrːɐ/,null*/tˈɔːɾta/,null*/tɾˈye̯za/,null*/tɾˈaː/,null*/tɾəˈũo̯ɲə/,null*/tɾɐftˈaːɾə/,null*/tɾˌajtˈɔ̃ɲə/,null*/tɾˈajta/,null*/tɾˌaʃflˈɔ̃ɲə/,null*/tɾˌaʃəɡˈɔ̃ɲə/,null*/tɾˈuo̯lˠə/,null*/tɾˌazməzˈɔ̃ɲə/,null*/tɾəfˈɔːʎa/,null*/tɾəfˈiːlːə/,null*/tɾəfˈuːɾkə/,null*/tɾə̃məʃˈãɾ̃a/,null*/tɾˈĩna/,null*/tɾˈiːʃtə/,null*/tɾˌykulˠˈĩɲə/,null*/tɾˈɔːfta/,null*/tɾˈũmba/,null*/tɾˌuʃkˈỹe̯ɲə/,null*/tɾˈũnɡə/,null*/tˌuɾsˈɛ̃ɲə/,null*/tˈuːlˠa/,null*/tˈuːfa/,null*/tˈũmba/,null*/tˈũmulˠə/,null*/tˈũndə/,null*/tˈuːɾba/,null*/tˌuɾbˈɔ̃ɲə/,null*/tˌuɾbulˠˈɔ̃ɲə/,null*/tˈuːɾbulˠə/,null*/tˈuːɾma/,null*/tˈuːɾpə/,null*/tˈuːrːɐ/,null*/tˈuːɾtuɾə/,null*/θˈika/,null*/ˌũnɡˈɔ̃ɲə/,null*/ˌỹndˈyːɾa/,null*/pˈupa/,null*/ˌuɾəlˈĩɲə/,null*/ˌutɾˈĩːnə/,null*/vˌɐɡˈɔ̃ɲə/,null*/vˈakə/,null*/vlˈɛ̃ɲə/,null*/vˌɐʎˈɛ̃ɲə/,null*/vəˈỹe̯ɲə/,null*/vˈaːlːə/,null*/vlˈɛːɾa/,null*/vˈapa/,null*/vlˈɛːsa/,null*/vˈɛːlˠə/,null*/və̃ɾ̃ˈɛ̃ɾ̃a/,null*/və̃ɾ̃ˈɛ̃ːɾ̃ə/,null*/vˈɛ̃ɲə/,null*/ftəlˠˈɔ̃ɲə/,null*/vˈɛːɾa/,null*/vəɾtˈɛtə/,null*/vərːˈiɡulˠə/,null*/vˈie̯ɾʃa/,null*/vəɾʃˈɔ̃ɲə/,null*/vəʃkˈɛ̃ɲə/,null*/vˈɛːʃkə/,null*/fʃˈika/,null*/məʃˈika/,null*/vəʃtɡˈɔ̃ɲə/,null*/vˈɛːʃə/,null*/vˈie̯təɾə/,null*/vˈija/,null*/vəɟˈiːlˠaj/,null*/mə̃nɟˈiːlˠaj/,null*/vˈicja/,null*/fcˈĩːnə/,null*/vˌiːtˈɔːɾja/,null*/vˈitɐʎa/,null*/vˈiːlːa/,null*/vˌĩːɲˈaːlˠə/,null*/mə̃nɟˈiːlˠə/,null*/vˈiːɾɟɐɾ̃ə/,null*/vəɾɡˈãɾ̃ə/,null*/vˈɛːɾða/,null*/vˈɛːɾðə/,null*/vəɾtˈytə/,null*/vəʃtˈɔ̃ɲə/,null*/vˈɛːʃtulˠə/,null*/vˈɛːʃkə/,null*/vˈɛːsə/,null*/ftˈuːʎa/,null*/vˈitɾəkə/,null*/vˌɛːtˈuːlˠa/,null*/vˈuõ̯ɲə/,null*/vˈɔːlˠa/,null*/vˈɔːlpulˠə/,null*/vˌulˠə̃ndˈɛtə/,null*/vˈɔ̃mə/,null*/vˌulːəɾˈata/
R347,,,,,,,,,,,,,,,,,,,,,,,,,,,,,,,,,,,,,,,,,,,,,,,,,,,,,,,,,,,,,,,,,,,,,,,,,,,,,,,,,,,,,,,,,,,,,,,,,,,,,,,,,,,,,,,,,,,,,,,,,,,,,,,,,,,,,,,,,,,,,,,,,,,,,,,,,,,,,,,,,,,,,,,,,,,,,,,,,,,,,,,,,,,,,,,,,,,,,,,,,,,,,,,,,,,,,,,,,,,,,,,,,,,,,,,,,,,,,,,,,,,,,,,,,,,,,,,,,,,,,,,,,,,,,,,,,,,,,,,,,,,,,,,,,,,,,,,,,,,,,,,,,,,,,,,,,,,,,,,,,,,,,,,,,,,,,,,,,,,,,,,,,,,,,,,,,,,,,,,,,,,,,,,,,,,,,,,,,,,,,,,,,,,,,,,,,,,,,,,,,,,,,,,,,,,,,,,,,,,,,,,,,,,,,,,,,,,,,,,,,,,,,,,,,,,,,,,,,,,,,,,,,,,,,,,,,,,,,,,,,,,,,,,,,,,,,,,,,,,,,,,,,,,,,,,,,,,,,,,,,,,,,,,,,,,,,,,,,,,,,,,,,,,,,,,,,,,,,,,,,,,,,,,,,,,,,,,,,,,,,,,,,,,,,,,,,,,,,,,,,,,,,,,,,,,,,,,,,,,,,,,,,,,,,,,,,,,,,,,,,,,,,,,,,,,,,,,,,,,,,,,,,,,,,,,,,,,,,,,,,,,,,,,,,,,,,,,,,,,,,,,,,,,,,,,,,,,,,,,,,,,,,,,,,,,,,,,,,,,,,,,,,,,,,,,,,,,,,,,,,,,,,,,,,,,,,,,,,,,,,,,,,,,,,,,,,,,,,,,,,,,,,,,,,,,,,,,,,,,,,,,,,,,,,,,,,,,,,,,,,,,,,,,,,,,,,,,,,,,,,,,,,,,,,,,,,,,,,,,,,,,,,,,,,,,,,,,,,,,,,,,,,,,,,,,,,,,,,,,,,,,,,,,,,,,,,,,,,,,,,,,,,,,,,,,,,,,,,,,,,,,,,,,,,,,,,,,,,,,,,,,,,,,,,,,,,,,,,,,,,,,,,,,,,,,,,,,,,,,,,,,,,,,,,,,,,,,,,,,,,,,,,,,,,,,,,,,,,,,,,,,,,,,,,,,,,,,,,,,,,,,,,,,,,,,,,*/vəɟˈiːlˠɛː/,*/mə̃nɟˈiːlˠɛː/,,,,,,,,,,,,,,,,,,,,,,,,,
R348,*/hˌavərːˈɔ̃ɲ/,*/bˈɛ̃ŋ/,,*/blˈĩe̯ɲ/,,*/vlˌɔ̃ɲˈat/,*/ˌaðˌuɾˈɔ̃ɲ/,*/ˌaðəɾˈɔ̃ɲ/,,*/rːˈɛ̃m/,*/ʃtə̃mˈɔ̃ɲ/,,,*/cˈĩŋɟ/,*/cˈiːft/,*/cˈiːftɾ/,,*/ˈaːlbɐɾ̃/,*/əlbə̃ɾ̃ˈɛːʃ/,*/ˈaːʎ/,,*/əltˈɛːɾ/,*/ə̃mpː̬ətˈĩːn/,*/ə̃mbulˠˈɔ̃ɲ/,*/mˈɛ̃ndulˠ/,*/mˈik/,,,*/ˈɑ̃nɟəlˠ/,*/ˈɛ̃nɟəlˠ/,,*/ə̃ŋɡˈuːʃt/,*/ə̃ŋɡuːʃtˈɔ̃ɲ/,*/ə̃ndˈɔ̃ɲ/,,*/pˌaɾə̃mˈɛ̃nd/,*/pɾˈiːl/,*/ˈaːft/,,*/əɾɟˈɛ̃nd/,,*/əɾmˈɔ̃ɲ/,,*/hˌaɾməʃˈuo̯ɾ/,*/ˌarːˈĩːɲ/,*/ˈaːɾk/,,*/ˈaːʃkəlː/,*/ʃpˈaːɾɐɡ/,,*/vˈɛ̃nd/,*/ˌavlə̃mˈɛ̃nd/,*/ɡˈuːʃt/,*/rːˈye̯lˠ/,*/ˈaːɾ/,*/wˈũnɡəlː/,*/bˈaːlʃɐm/,,*/bˌaɾˈatɾ/,,*/bˌaɾˈũo̯ɾ̃/,,,*/bˌɛ̃ndkˈɔ̃ɲ/,,*/bˌĩːɲˈaːɾ/,,*/bɾˈɛc/,,,,,*/bˌulcˈɛːʃ/,*/bəˈuːlk/,*/bəˈuːlc/,*/bˈuːf/,,,*/bˈuːʃ/,*/bˈuːɾɡ/,*/bˈut/,*/dˈɛ̃mɐɾ̃/,*/dˌãnːˈɔ̃ɲ/,*/dˈãm/,*/dˌɛːtˈɔ̃ɲ/,*/dˌɛːtˈuo̯ɾ/,*/dˌɛːtˈɔːɾəs/,,*/dəlˌiːɾˈɔ̃ɲ/,*/dəkˌatˈɔ̃ɲ/,*/dəpˌɑ̃ɾtˈɔ̃ɲ/,*/dəpəʃtˈɔ̃ɲ/,*/dəɾə̃mˈɔ̃ɲ/,*/dəʃˌiːɾˈɔ̃ɲ/,,*/djˈaːlˠ/,,*/dəftˈɔ̃ɲ/,,*/dəɾɡˈɔ̃ɲ/,*/dəɾˈɛjt/,*/d/,*/dəʃkəˌaːlːəkˈɔ̃ɲ/,*/dəʃkˌaɾkˈɔ̃ɲ/,,*/dəʃcˌyːɾtˈɔ̃ɲ/,*/dəzbˌulːˈɔ̃ɲ/,*/mˌuːʃtəkˈɔ̃ɲ/,*/dˌulˠˈye̯ɾ/,*/ðˌuɾˈɔ̃ɲ/,*/dɾˈɛc/,*/dɾə̃nɡˈũo̯ɾ̃/,*/dɾˈĩːn/,*/dɾˈiːʃt/,*/dˈuc/,*/dˌulpəkˈɔ̃ɲ/,*/dˌuɾˈɒ̃ɲ/,*/hˌɛːtˈɔ̃ɲ/,,*/k/,,*/ʃˌãmtˈɔ̃ɲ/,*/ʃˌɑ̃mːˈɔ̃ɲ/,*/ʃˈɛ̃mbl/,*/ʃə̃ndəɾˈɔ̃ɲ/,*/ʃˈɛ̃ɲ/,*/ʃkəˌaːlːəkˈɔ̃ɲ/,*/ʃkˌalˠˈɔ̃ɲ/,*/ʃkˌãmbˈɛ̃ɲ/,*/ʃkˌãndˈɛ̃ɲ/,*/ʃkˌaɾzˈɛ̃ɲ/,*/ʃkˌaɾtˈɔ̃ɲ/,*/ʃkˌatərːˈɔ̃ɲ/,*/ʃkˌaːɡˈɔ̃ɲ/,*/ʃcˈip/,*/ʃkˈuːlˠ/,*/ʃkˌuːɾtˈɔ̃ɲ/,*/ʃkˈuːɾt/,,*/ʃˈuːʃ/,*/ʃpətˈɔ̃ɲ/,*/ʃpˈɛjt/,*/ʃpəlːˈãːɲ/,*/ʃpəɾlˈãːɲ/,*/hˌɛɾə̃mˈɔ̃ɲ/,*/ʃtə̃ɾ̃ˈɔ̃ɲ/,*/ʃtɾˈyð/,*/ʃˌũŋɡulˠˈɔ̃ɲ/,*/zbɟəlˠˈɔ̃ɲ/,,*/pˌɛːʃkˈɔp/,*/pˈɛːʃkəp/,*/wˌʊpˈɛːʃkp/,,*/rːˌaɡˈɔ̃ɲ/,*/rːə̃mˈit/,*/ˈiːɾicj/,,,*/wə̃nɟˈiːlˠ/,*/əˈye̯j̃ɲ/,,*/fˌaːɾkˈɔ̃ɲ/,*/fˈaɡ/,*/fˌɐʎˈɛ̃ɲ/,*/fəlːˈɛ̃ɲ/,*/fˈaːʎ/,*/fəˈỹe̯ɲ/,,*/fˌaːlkˈũo̯ɾ̃/,,,,,*/fˈamulˠ/,*/fˈãnɡ/,*/fərːˈɔ̃ɲ/,,*/fˈaːɾmɐk/,,,*/fˈat/,,*/fˌɛːɾˈuo̯ɾ/,,,,,*/fjˈɔ̃ɲ/,*/fˈik/,*/fəʎˈanː/,,,*/fˌulːəcˈɛt/,*/fˈiːlˠ/,*/fəɾɡlˈĩːn/,*/fʃˈikulˠ/,*/fˌiːʃtulˠˈɔ̃ɲ/,*/flˈakulˠ/,*/flˈakulˠ/,,,*/flˈɔk/,*/flˌɔɾˈĩːn/,*/flˌutulˠˈɔ̃ɲ/,,,*/fˈuːrːic/,,*/fˈɔːɾt/,,,*/fʃˈat/,*/fɾˈaːʃɐɾ̃/,*/fɾˈɑ̃nɡ/,,,*/fɾˈɛ̃ːɾ̃/,*/fɾˌiɡˈɔ̃ɲ/,*/fɾˌiɡulˠˈɔ̃ɲ/,*/fɾˌikˈɔ̃ɲ/,,*/fɾˈyt/,,*/fˌɔ̃nːˈɛːɾ/,*/fˈũnd/,,*/fˈuːrː/,,*/fˌuʃcɲˈaːɾ/,*/fˈuːʃtulˠ/,*/fˈut/,*/ɟˈɛːlbɐɾ̃/,*/ɡˈaːlɡulˠ/,,*/ɟˈɛːlː/,,*/ɡˈat/,*/ɡˈaːz/,*/ɡˌaːzmˈɛ̃nd/,*/ɟə̃mˈɔ̃ɲ/,,,*/ɟˈĩnd/,*/ɟjˈɛːɾɟj/,,*/ɡlˈɛ̃m/,*/lˈiːɾ/,,*/ɡɾˈɛk/,,*/ɡɾˈat/,*/ɡɾˈiɟ/,*/ɡɾˈĩm/,,*/ɡɾˌũmbulˠˈɔ̃ɲ/,*/ɡɾˈũmulˠ/,,,,,,*/ɟˈiːɾ/,,*/vərːˈĩːn/,,*/hˈĩnːɡəlː/,*/nːɡulˠˈɔ̃ɲ/,*/əɾənd͡zˈɔ̃ɲ/,,*/ˌurːˈɛ̃ɲ/,*/ɟˈũo̯nː/,*/jˌãːnːˈɛːɾ/,*/ɟjə̃ɾ̃ˈɔ̃ɲ/,,,*/ˈiːlc/,*/ˈiːlcˈɛt/,*/ə̃mbəɾˈɔ̃ɲ/,,,*/ə̃mbəɾˌætˈuo̯ɾ/,*/pəɾəndˈuo̯ɾ/,,*/ə̃mbəɾˈɛt/,,*/ə̃mblə̃ndˈɔ̃ɲ/,*/ə̃mblˈɔ̃ɲ/,*/ə̃mːˈũːn/,,*/nˌalsˈɔ̃ɲ/,*/nˈaːlt/,*/nˌaːɾtˈɔ̃ɲ/,*/ə̃nbˌurːˈãɾ̃/,*/ə̃ndəʃpkˈɔ̃ɲ/,*/ˌãndˌiːkˈɔ̃ɲ/,*/ə̃ndəkˈɔ̃ɲ/,*/ə̃ndəftˈɔ̃ɲ/,*/ə̃ndəɾtˈɔ̃ɲ/,*/ə̃ndəɾˈɛc/,*/ə̃ndəʎˈɛ̃ɲ/,*/fɐʃcˈɔ̃ɲ/,*/fˈɛːrː/,*/ə̃ŋɡə̃ɲˈɛ̃ɲ/,,*/ˌɑ̃ːɾ̃ə̃mˈik/,*/ə̃nɡəˌaːlːəkˈɔ̃ɲ/,*/ə̃nɡˌaɾkˈɔ̃ɲ/,*/ə̃nɡˌaːʃə̃ɾ̃ˈɛ̃ɲ/,*/ə̃nɡɲəɾˈɔ̃ɲ/,*/ə̃nɡˌuːʃəlˠˈɔ̃ɲ/,*/ə̃nɡˈɔːɾð/,*/kˈuð/,*/kˈuðɐɾ̃/,*/ə̃nɡˌũːɲˈɔ̃ɲ/,*/nːˈɔk/,*/nˈɔːfulˠ/,*/ə̃npəkˈat/,*/ə̃npəʃˈɔ̃ɲ/,,*/ˈiːʃulˠ/,*/ə̃ndəlːəɡˈɔ̃ɲ/,*/ə̃ndəɾɡˈɔ̃ɲ/,,*/ə̃ndɲˈỹe̯ɲ/,,*/vˈɛːrː/,*/məzˈɔ̃ɲ/,*/ftˈɔ̃ɲ/,*/məsˈɔ̃ɲ/,*/ɟˈɔɐnː/,*/jˈɔk/,,*/ɟˌyːkˈɔ̃ɲ/,,*/ɟˈyːcj/,,*/ɟˈỹnd/,*/ɟəɾˈɔ̃ɲ/,,,*/cˈie̯lˠ/,*/kˌalˠə̃mˈɛt/,*/kˈaːlˠɐm/,,*/kˌalˠə̃ndˈuo̯ɾ/,*/cˈɛːlc/,,*/cˈɛːlː/,,*/kˌãmbˈɛ̃ɲ/,,,,,*/kˈãɾ̃ɐp/,,*/cˈɛ̃ːnː/,,,*/kə̃nːˈɛt/,*/kə̃ndˈɔ̃ɲ/,*/kˈandɐɾ/,,*/kˌãncˈɛːlː/,,*/kˌapɾˈuo̯lˠ/,,*/kˌafʃˈɔ̃ɲ/,*/kˌapɾˈɛːʃt/,,*/kˌapˈũo̯ɾ̃/,*/cˈɛpɾ/,*/kˈaːft/,,*/kəɾpˈuːs/,*/kˌɑrːjˈɔːz/,*/cˌɛɾɲːˈɔ̃ɲ/,,*/cˈɛːrː/,*/kˌarːˌiːkulˠˈɔ̃ɲ/,,,,,*/kˌaʃtə̃ɾ̃ˈie̯t/,,*/kɐʃtˈie̯lː/,,,,*/cˈĩnd/,*/cˈɛ̃ndɾ/,*/cˌɛ̃ndɾˈɔ̃ɲ/,,,*/cˌɛɾəʃˈuo̯ɾ/,*/kəɾˈye̯lː/,*/kəɾˈye̯ɾ/,*/cˈaːrː/,,*/cəɾtˈɔ̃ɲ/,*/cˈɔ̃ɲ/,,*/cˈicəɾ/,,,,*/cˈĩŋɡəlː/,*/kəɾkˈɔ̃ɲ/,,*/cˈaːɾkulˠ/,*/cˈaːɾk/,*/cˈitɾ/,*/cˌyːtˈɛt/,*/klə̃mˈɔ̃ɲ/,*/kləɾˈɔ̃ɲ/,,*/klˈaːɐɾ̃/,,,,,*/klə̃mˈɛ̃nd/,*/klə̃mːˈuːʃt/,*/kˌuːj̃mtˈɔ̃ɲ/,*/kˌuʎtˈɔ̃ɲ/,*/kˌũːnːˈat/,,*/kəˈĩːɲ/,*/kˌulˠˈɔ̃ɲ/,*/kˌulːˈaːɾ/,*/kˌulːəcˈɔ̃ɲ/,*/kˌulːətˈɔ̃ɲ/,*/kˌulːə̃mtˈɔ̃ɲ/,*/kˌulˠˈɔːʃtɾ/,,,,,*/kˈɔcj/,*/kˈɔk/,,*/kˌɔːftˈuo̯ɾ/,,*/kˌũːmːˈɛːɾcj/,*/kˌũːmːɾ̃ɡˈɔ̃ɲ/,,*/kˌuːpətˈɔ̃ɲ/,*/kˌuːpətˈɔ̃ɲ/,*/kˈũmt/,*/kˌuːfˈĩɲ/,*/kˌuːʃˈiːlː/,*/kˌuːʃkɾətˈɔ̃ɲ/,*/kˌuːʃəɾˈĩːn/,*/kˌuːʃtˈɔ̃ɲ/,*/kˈuːʃulˠ/,*/kˌuːtə̃ndˈɔ̃ɲ/,,*/kˌũːndɾˈuo̯lˠ/,*/kˌũːndɾəʃtˈaːɾ/,,*/kˌuːvə̃ndˈɔ̃ɲ/,*/kˌuːvˈɛ̃nd/,,*/kˈɔːɾbulˠ/,,*/kˈɔːrːj/,*/kˌuːrːˈiːlk/,,,*/kˈɔːɾp/,,,*/kˈuo̯ɾ/,*/kˌuːɾbˈĩːnː/,*/kˈɔːɾb/,*/kˈɔːʃ/,*/ftˈɔ̃ɲ/,*/kˌuːtəd͡zˈɔ̃ɲ/,*/kɾˈapulˠ/,*/kɾˌiːjˈɔ̃ɲ/,,,*/kɾˈɛtk/,,*/kɾˌɛzmˈɔ̃ɲ/,,,,*/kɾəʃtəndˈɛːl/,*/kɾˈiːʃt/,*/kɾˈɔkulˠ/,*/kɾˈuːʃk/,*/kɾˈuc/,,*/kˈut/,,*/kˈukuɾ/,,,*/kˈuːlm/,*/kˈũmulˠ/,*/kˈuːlˠm/,*/kˈũɲ/,*/kˌũːɲˈɔ̃ɲ/,*/kˌũːndˈɔ̃ɲ/,*/kˈup/,,*/cəɾˈɔ̃ɲ/,*/kˌuːɾsˈɛ̃ɲ/,,,*/kˈɔdɾ/,*/cəɾˈɔ̃ɲ/,,,*/kˈɔːɾt/,*/kˌaʃˈiːlː/,,*/cˈɛt/,,,*/cˈipɾ/,*/ləvəɾˈɔ̃ɲ/,,*/ləkˈũo̯ɾ̃/,,*/ləʃˈɔ̃ɲ/,*/lˈak/,*/lə̃ŋɡˈɔ̃ɲ/,,*/lə̃ŋɟˈye̯ɾ/,,,*/lˈaːɾɡ/,*/lˈaːɾð/,*/lˈaːʃ/,*/lətˈĩːn/,*/lˈãːɲ/,,*/lɐvdˈɔ̃ɲ/,*/lˈavd/,*/ləfcˈɛːɾ/,*/lˈaːɾ/,*/lˈiɟ/,*/lə̃ndˈɔ̃ɲ/,*/lˈũo̯nː/,*/lˈɛpuɾ/,*/lˈɛpuʎ/,,*/lˈiːɾ/,*/lˈibəɾ/,*/lˌiːɾˈɔ̃ɲ/,,*/lˈiːlː/,*/lˈicj/,,*/lə̃mˈɔ̃ɲ/,*/lˈĩːn/,,,*/lˈɛːʃ/,,*/ləˈũo̯ɲ/,,*/lˈukɾ/,,*/lˌuftˈɔ̃ɲ/,*/lˌuftːˈaːɾ/,*/lˈũndɾ/,*/lˌuɡˈat/,*/lˌucˈie̯ɾbulˠ/,*/lˈyːʃtɾ/,*/mˈie̯ʃtɾ/,,*/mˌaːʃtəɾˈɔ̃ɲ/,*/mˌaːʃtˈɛːɾk/,,*/mˈaj/,*/mˌaːlˠəkˈɔ̃ɲ/,,,*/mˌɐlˠˈɛt/,*/mˈaːʎ/,*/mˌaːləsˈɔ̃ɲ/,*/mˌaːlˠə̃ŋɟˈɛ̃ɲ/,*/mˈaːlˠ/,*/mˌĩnˈɔ̃ɲ/,,*/mə̃nɡˈɔ̃ɲ/,*/mə̃npulˠˈɔ̃ɲ/,,*/mˈãnɡ/,,*/mə̃nɡˈɔ̃ɲ/,*/mˈãncɐɾ̃/,*/mˈãːjt/,*/mˈaːɾɟɐɾ̃/,,*/məɾkˈɔːʃ/,*/məɾəlˈycj/,*/məɾtˈɔ̃ɲ/,*/məɾtˈɔ̃ɲ/,,*/mˈaːɾk/,*/mˈaːɾmuɾ/,*/məɾcˌĩːnˈɛt/,*/mˈaːɾt/,*/məɾtˈĩːn/,*/mˈaːɾs/,*/mˈaːɾ/,*/məɾˈũːn/,*/mˈaːʃkulˠ/,,*/məʃtəkˈɔ̃ɲ/,*/mə̃ndˈaːfʃ/,*/mˌɑːtɾˈik/,*/mə̃ndɾˈikulˠ/,*/mə̃sˈuk/,*/məkˈɔ̃ɲ/,*/məɡˈaːʃtɾ/,*/mjˈɛːk/,*/mətˈɔ̃ɲ/,*/mˈie̯z/,,,*/mˈɛ̃nd/,*/məɾəzˈɛ̃ɲ/,*/məɾˈiːz/,*/məɾɡˈɔ̃ɲ/,*/məɾcˈɛːɾ/,,,*/mˈie̯tulˠ/,*/mˌɛːɾɡˈɔ̃ɲ/,,*/mˌɑ̃ːɾəʃtˈɔ̃ɲ/,*/məɾˈɛkulˠ/,*/məɾˌækulˠˈɔ̃ɲ/,*/məɾˈɛ̃ɲ/,,*/məʃəɾˈɛːɾ/,,*/mˈuːz/,*/mˈɔð/,*/mˌulˠˈaːɾ/,*/mˌulˠˈĩːn/,*/mːˈɛ̃nd/,*/mˈũnɐk/,*/mˈɔːʃtɾ/,,*/mˈɔːɾt/,*/mˈyk/,,*/mˌulkˈɔ̃ɲ/,*/mˈyːlˠ/,*/mˌuɾmuɾˈɔ̃ɲ/,*/mˈyːɾ/,*/mˌuʃcəlˠˈuo̯ɾ/,,*/mˈuːʃkulˠ/,*/mˈyːʃk/,*/mˈuːʃt/,,,,,*/mˈie̯ɡulˠ/,,,*/nˈɛð/,*/nˈye̯lˠ/,*/nˌə̃mːə̃ɾ̃ˈɔ̃ɲ/,*/nˈɔ̃nː/,*/nˌɔːtˈɔ̃ɲ/,*/nˈɔɐʃtɾ/,,*/nˌũmbəɾˈɔ̃ɲ/,*/nˈũməɾ/,,,,*/ˌulˠˈaːʃtɾ/,*/ˈuo̯ʃtɾ/,*/ˈuo̯ʎ/,*/ˌulˠˈĩːɾ̃/,,*/ˌuɾˈɔ̃ɲ/,*/ˈye̯ɾb/,*/ˌuɾðə̃ɾ̃ˈɔ̃ɲ/,,*/ˈye̯ɾðɐɾ̃/,*/ˈuo̯rː/,*/ˈuo̯ɾfɐɾ̃/,*/ˌuʃtˈɔ̃ɲ/,*/ˈye̯t/,,,*/pˌaːlˠˈɔ̃ɲ/,*/pəˈyːlˠ/,*/pˌɛ̃ndˈɛ̃ɲ/,,,,*/pˌaɡˈuõ̯ɲ/,,,*/pəlˠˈũmb/,*/pˈac/,*/pˌajtˈɔ̃ɲ/,*/pˈajt/,*/pəlˠˈaːs/,,,*/pˌaɾəˈiːz/,*/pəɾˈɔ̃ɲ/,*/pəɾˈɔ̃ɲ/,*/pˌaɾəndˈɔ̃ɲ/,*/pəɾˈĩnd/,*/fɾˌaʃˈuo̯lˠ/,*/fˌaʃˈuo̯lˠ/,,*/pˈaːʃ/,*/pˌaʃtəɾˈak/,*/pəsˈɔ̃ɲ/,,*/pˈaːk/,*/pˈaːlˠ/,*/pˌaːlˠˈɔ̃ɲ/,*/pˌaːlˠˈũo̯ɾ̃/,,,,*/pˌɛːkˈuːlː/,,*/pəʃˈɔ̃ɲ/,*/pˈie̯pɐɾ̃/,,*/pˈie̯ɾɡulˠ/,,*/pərːdulˠˈɛ̃ɲ/,*/ə̃ndˌulˠˈɛ̃ɲ/,*/pəɾpˌaɾˈɔ̃ɲ/,*/pəɾpˌaɾˈɔ̃ɲ/,*/pəɾbɟəlˠˈɔ̃ɲ/,*/pəʃəkˈɔ̃ɲ/,,*/pˌɛːtɾˈɛːʃ/,*/pˈie̯tɾ/,,*/pˈɛ̃ŋ/,*/pˌɛːɾtˈɔ̃ɲ/,,,,,*/pˈiːlː/,,,*/pˈɛːʃc/,*/pəʃkətˈaːɾ/,,,,*/pˈɛtək/,*/pˈɛtulˠ/,,*/pləcˈɛ̃ɲ/,*/plˈanɡ/,*/plˈanɡ/,,*/pləcˈĩːn/,*/plˈic/,*/plˈɛp/,*/plˈũmb/,,*/pˌulːəkˈye̯ɾ/,*/pˌulːəcˈɛːɾ/,,*/pˈɔːrː/,*/pˈɔːrː/,*/pˈɔpulˠ/,*/pˈɔːrːicj/,,*/pˌurːˈĩːn/,,*/pˌuʃˈɔ̃ɲ/,*/pˈɔːʃt/,*/pˈɔːʃtəɾ/,*/pˌuʃtˈɔ̃ɲ/,*/pˌuʃtˈɛt/,*/pˈɔt/,,,*/pɾəˈũo̯ɲ/,*/pɾəˈĩːɲ/,,,*/pɾˈĩnc/,*/pɾˌivˈɔ̃ɲ/,*/pɾˌɔðˈɔ̃ɲ/,*/pɾəˈuːõ̯ɲ/,*/pɾˈɔːʃm/,*/pɾˌɔʃmˈɔ̃ɲ/,*/pɾə̃mːˌɛːtˈɔ̃ɲ/,,*/pˈuk/,,*/pˈuːlː/,,*/pˈuːlbəɾ/,,,,*/pˈuːs/,,*/fˈaːɾ/,*/rːəˈũo̯ɲ/,,,,*/rːˈɛ̃m/,,*/rːˈɛp/,*/rːˈap/,*/rːˈaːlˠ/,,*/rːˌaʃtˈie̯lː/,*/ˌarːəsˈỹe̯ɾ̃/,,*/rːəfˈɛɲ/,*/ɾˈɛɟ/,*/rːˈɛɡulˠ/,*/kˈɔːʃ/,*/rːˈɛ̃m/,*/rːə̃ndˈɛ̃ɲ/,,*/rːəʃəɾɡˈɔ̃ɲ/,*/rːˈɛt/,*/rːˈɛːʃt/,,*/ɾˌiɡˈɔ̃ɲ/,*/rːˈicɐɾ̃/,*/ɾə̃mˈɔ̃ɲ/,,,,*/ɾə̃mːˈãɾ̃/,*/rːˈũmb/,*/rːˈũmbulˠ/,,,,,*/rːˈɔtulˠ/,,*/rːə̃nˈɔ̃ɲ/,*/rːˌũnɡˈɔ̃ɲ/,*/rːˈuð/,,*/rːˌũmbˈɛ̃ɲ/,*/rːˈuːʃkulˠ/,,*/ʃəˈuːrː/,*/ʃˈɛkulˠ/,,*/ʃətˈɔ̃ɲ/,*/ʃˌaːʎtˈɔ̃ɲ/,*/ʃˈaɡ/,*/ʃˈakulˠ/,*/ʃkɾˈɔ̃ɲ/,,,,*/ʃˌɛːlcˈɛt/,,*/ʃəlˠˈĩɲ/,*/ʃəlbˈɔ̃ɲ/,,,*/ʃəɾˈɔ̃ɲ/,*/ʃˌãndˈɛt/,*/ʃˌɑ̃ɾ̃dˈɔːʃ/,,,*/ʃˌãndrːˌiːtˈɛt/,*/ʃˈɛ̃ɲt/,*/ʃˌãɲtməxəˈiːlˠ/,,,*/ʃˌãɲˈak/,*/kˌaləʃˈɛ̃ɲt/,*/ʃˌãɲtəmˈitɾ/,,*/ʃˌapˈɔ̃ɲ/,*/ʃˈap/,,*/ʃˌɛːlcə̃ɾ̃ˈuo̯ɾ/,*/ʃəɾmˈɛ̃nd/,,*/ʃkɾˈɛt/,*/ʃəkˈɔ̃ɲ/,,,*/ʃˈiːɾɟj/,,*/ʃəɾtˈɔ̃ɲ/,*/ʃəɾbˈɛ̃ɲ/,*/ʃəɾbˈɛːs/,*/ʃəɾbətˈuo̯ɾ/,,*/ʃˈie̯ʃ/,*/ʃə̃nːˈɔ̃ɲ/,*/ʃˈɛ̃ŋ/,,,*/ʃˈikulˠ/,*/ʃə̃mbəlˠˈɛ̃ɲ/,,*/ʃˈĩːn/,*/ʃˈɛːɾp/,,,,*/ʃkˈam/,*/ʃcˈɛ̃mː/,*/ʃkˈandulˠ/,,,,*/ʃklˈɛp/,,,,*/ʃkˌɔːpˈɛt/,,,*/ʃkɾˈuõ̯ɲ/,,,*/ʃcˈyt/,*/ʃkˈat/,*/ʃˈuːlk/,,,*/ʃˈɔcj/,,*/ʃˌulˠˈãɾ̃/,*/ʃˈuo̯lˠ/,,*/ʃˈɔːɾt/,,,,*/ʃpˈatulˠ/,,*/ʃpəɾˈɛ̃ɲ/,,*/ʃpˈiːɾt/,*/ʃpˈɛːʃ/,,,,,*/ʃtˈãm/,*/ʃtˈãnɡ/,*/ʃtˈɛt/,*/ʃtˈat/,*/ʃtərːˈak/,*/ʃtɾˈãmb/,*/ʃtɾˈɛ̃mbɐɾ̃/,*/ʃtɾˈat/,,*/ʃtɾˈɛ̃ɲt/,*/ʃtɾə̃ŋɡˈɔ̃ɲ/,,*/ʃtˌupˈɔ̃ɲ/,,,*/ʃəˈũo̯ɲ/,,,*/ʃˌuɾˌuːkˈɔ̃ɲ/,,*/ʃˌufəɾˈɛ̃ɲ/,,*/ʃˌujtˈɔ̃ɲ/,,*/ʃˌupəɾkəˈɛːl/,,*/ʃˈuːɾð/,,,*/tˈaːft/,*/tˌatˈɔ̃ɲ/,,,,,*/tˈɛːɾ/,*/tˈaːɾ/,*/tˈiɡmɐɾ̃/,*/tˈie̯ɡulˠ/,,,,,,*/tərːmˈɛt/,*/tərːˈatk/,,*/ə̃ndəʃtmˈɔ̃ɲ/,*/tə̃mˈũo̯ɾ̃/,*/tə̃mˈye̯ɾ/,,,,*/tˈĩnːɡulˠ/,*/tˈitulˠ/,*/tˌukˈɔ̃ɲ/,*/tˈɔːɾkulˠ/,,,,,*/tɾəˈũo̯ɲ/,*/tɾɐftˈaːɾ/,*/tɾˌajtˈɔ̃ɲ/,,*/tɾˌaʃflˈɔ̃ɲ/,*/tɾˌaʃəɡˈɔ̃ɲ/,*/tɾˈuo̯lˠ/,*/tɾˌazməzˈɔ̃ɲ/,,*/tɾəfˈiːlː/,*/tɾəfˈuːɾk/,,,*/tɾˈiːʃt/,*/tɾˌykulˠˈĩɲ/,,,*/tɾˌuʃkˈỹe̯ɲ/,*/tɾˈũnɡ/,*/tˌuɾsˈɛ̃ɲ/,,,,*/tˈũmulˠ/,*/tˈũnd/,,*/tˌuɾbˈɔ̃ɲ/,*/tˌuɾbulˠˈɔ̃ɲ/,*/tˈuːɾbulˠ/,,*/tˈuːɾp/,,*/tˈuːɾtuɾ/,,*/ˌũnɡˈɔ̃ɲ/,,,*/ˌuɾəlˈĩɲ/,*/ˌutɾˈĩːn/,*/vˌɐɡˈɔ̃ɲ/,*/vˈak/,*/vlˈɛ̃ɲ/,*/vˌɐʎˈɛ̃ɲ/,*/vəˈỹe̯ɲ/,*/vˈaːlː/,,,,*/vˈɛːlˠ/,,*/və̃ɾ̃ˈɛ̃ːɾ̃/,*/vˈɛ̃ɲ/,*/ftəlˠˈɔ̃ɲ/,,*/vəɾtˈɛt/,*/vərːˈiɡulˠ/,,*/vəɾʃˈɔ̃ɲ/,*/vəʃkˈɛ̃ɲ/,*/vˈɛːʃk/,,,*/vəʃtɡˈɔ̃ɲ/,*/vˈɛːʃ/,*/vˈie̯təɾ/,,,,,*/fcˈĩːn/,,,,*/vˌĩːɲˈaːlˠ/,*/mə̃nɟˈiːlˠ/,*/vˈiːɾɟɐɾ̃/,*/vəɾɡˈãɾ̃/,,*/vˈɛːɾð/,*/vəɾtˈyt/,*/vəʃtˈɔ̃ɲ/,*/vˈɛːʃtulˠ/,*/vˈɛːʃk/,*/vˈɛːs/,,*/vˈitɾək/,,*/vˈuõ̯ɲ/,,*/vˈɔːlpulˠ/,*/vˌulˠə̃ndˈɛt/,*/vˈɔ̃m/,
R349,,,,,,,,,,,,,,,,,,,,,,,,,,,,,,,,,,,,,,,,,,,,,,,,,,,,,,,,,,,,,,,,,,,,,,,,,,,,,,,,,,,,,,,,,,,,,,,,,,,,,,,,,,,,,*/dˌulˠˈye̯/,,,,,,,,,,,,,,,,,,,,,,,,,,,,,,,,,,,,,,,,,,,,,,,,,,,,,,,,,,,,,,,,,,,,,,,,,,,,,,,,,,,,,,,,,,,,,,,,,,,,,,,,,,,,,,,,,,,,,,,,,,,,,,,,,,,,,,,,,,,,,,,,,,,,,,,,,,,,,,,,,,,,,,,,,,,,,,,,,,,,,,,,,*/ə̃nbˌurːˈã/,,,,,,,,,,,,,,,,,,,,,,,,,,,,,,,,,,,,,,,,,,,,,,,,,,,,,,,,,,,,,,,,,,,,,,,,,,,,,,,,,,,,,,,,,,,,,,,,,,,,,,,,,*/kəɾˈye̯/,,,,,,,,,,,,,,,,,,,,,,,,,,,,,,,,,,,,,,,,,,,,,,,,,,,,,,,,,,,,,,,,,,,,,,,,,,,,,,,,,,,,,,,,,,,,,,,,,,,,,,,,,,,,,,,,,,,,,,,,,,,,,,,,,,,,,,,,,,,,,,,,,,,,,,,,,,,,,,,,,,,,,,,,,,,,,,,,,,,,,,,,,,,,,,,,,,,,,,,,,,,,,,,,,,,,,,,,,,,,,,,,,,,,,,,,,,,,,,,,,,,,,,,,,,,,,,,,,,,,,,,,,,,,,,,,,,,,,,,,,,,,,,,,,,,,,,,,,,,,,,,,,,,,,,,,,,,,,,,,,,,,,,,,,,,,,,,,,,,,,,,,,,,,,,,,,,,,,,,,,,,,,,,,,,,,,,,,,,,,,,,,,,,,,,,,,,,,,,,,,,,,,,,,,,,,,,,,,,,,,,,,,,,,,,,,,,,,,,,,,,,,,,,,,,,,,,,,,,,,,,,,,,,,,,,,,,,,,,,,,,,,,,,,,,,,,,,,,,,,,,,,,,,,,,,,,,,,,,,,,,,,,,,,,,,,,,,,,,,,,,,,,,,,,,*/ʃˌulˠˈã/,,,,,,,,,,,,,,,,,,,,,,,,,,,,,,,,,,,,,,,,,,,,,,,,,,,,,,,,,,,,,,,,,,,,,,,,,,,,,,,,,,,,,,,,,,,,,,,,,,,,,,,,,,,,,,,,,,,,,,,,,,,,,,,,,,,,,,,,,,,,,,,,,,,,,,,,,,,,,,,,,,,,,,,,,,
R350,,,,*/blˈɛɲ/,,,,,,,,,,,,,,,,,,,,,,,,,,,,,,,,,,,,,,,,,,,,,,,,,,,,,,,,,,,,,,,,,,,,,,,,,,,,,,,,,,,,,,,,,,,,,,,,,,,,,,,,,,,,,,,,,,,,,,,,,,,,,,,,,,,,,,,,,,,,,,,,,,,,,,,,,,,,,,,,,,,,,,,,,,,,,,,,,,,,,,,,,,,,,,,,,,,,,,,,,,,,,,,,,,,,,,,,,,,,,,,,,,,,,,,,,,,,,,,,,,,,,,,,,,,,,,,,,,,,,,,,,,,,,,,,,,,,,,,,,,,,,,,,,,,,,,,,,,,,,,,,,,,,,,,,,,,,,,,,,,,,,,,,,,,,,,,,,,,,,,,,,,,,,,,,,,,,,,,,,,,,,,,,,,,,,,,,,,,,,,,,,,,,,,,,,,*/kəɾˈɛlː/,,,,,,,,,,,,,,,,,,,,,,,,,,,,,,,,,,,,,,,,,,,,,,,,,,,,,,,,,,,,,,,,,,,,,,,,,,,,,,,,,,,,,,,,,,,,,,,,,,,,,,,,,,,,,,,,,,,,,,,,,,,,,,,,,,,,,,,,,,,,,,,,,,,,,,,,,,,,,,,,,,,,,,,,,,,,,,,,,,,,,,,,,,,,,,,,,,,,,,,,,,,,,,,,,,,,,,,,,,,,,,,,,,,,,,,,,,,,,,,,,,,,,,,,,,,,,,,,,,,,,,,,,,,,,,,,,,,,,,,,,,,,,,,,,,,,,,,,,,,,,,,,,,,,,,,,,,,,,,,,,,,,,,,,,,,,,,,,,,,,,,,,,,,,,,,,,,,,,,,,,,,,,,,,,,,,,,,,,,,,,,,,,,,,,,,,,,,,,,,,,,,,,,,,,,,,,,,,,,,,,,,,,,,,,,,,,,,,,,,,,,,,,,,,,,,,,,,,,,,,,,,,,,,,,,,,,,,,,,,,,,,,,,,,,,,,,,,,,,,,,,,,,,,,,,,,,,,,,,,,,,,,,,,,,,,,,,,,,,,,,,,,,,,,,,,,,,,,,,,,,,,,,,,,,,,,,,,,,,,,,,,,,,,,,,,,,,,,,,,,,,,,,,,,,,,,,,,,,,,,,,,,,,,,,,,,,,,,,,,,,,,,,,,,,,,,,,,,,,,,,,,,,,,,,,,,,,,,,,,,,,,,,,,,,,,,,,,,,,,,,,,,,,,,,,,,,,,,,,,,,
R351,,,,,,,,,,,,,,,,,,,,,,,,,,,,,,,,,,,,,,,,,,,,,,,,,,,,,,,,,,,,,,,,,,,,,,,,,,,,,,,,,,,,,,,,,,,,,,,,,,,,,,*/də/,,,,,,,,,,,,,,,,,,*/kə/,,,,,,,,,,,,,,,,,,,,,,,,,,,,,,,,,,,,,,,,,,,,,,,,,,,,,,,,,,,,,,,,,,,,,,,,,,,,,,,,,,,,,,,,,,,,,,,,,,,,,,,,,,,,,,,,,,,,,,,,,,,,,,,,,,,,,,,,,,,,,,,,,,,,,,,,,,,,,,,,,,,,,,,,,,,,,,,,,,,,,,,,,,,,,,,,,,,,,,,,,,,,,,,,,,,,,,,,,,,,,,,,,,,,,,,,,,,,,,,,,,,,,,,,,,,,,,,,,,,,,,,,,,,,,,,,,,,,,,,,,,,,,,,,,,,,,,,,,,,,,,,,,,,,,,,,,,,,,,,,,,,,,,,,,,,,,,,,,,,,,,,,,,,,,,,,,,,,,,,,,,,,,,,,,,,,,,,,,,,,,,,,,,,,,,,,,,,,,,,,,,,,,,,,,,,,,,,,,,,,,,,,,,,,,,,,,,,,,,,,,,,,,,,,,,,,,,,,,,,,,,,,,,,,,,,,,,,,,,,,,,,,,,,,,,,,,,,,,,,,,,,,,,,,,,,,,,,,,,,,,,,,,,,,,,,,,,,,,,,,,,,,,,,,,,,,,,,,,,,,,,,,,,,,,,,,,,,,,,,,,,,,,,,,,,,,,,,,,,,,,,,,,,,,,,,,,,,,,,,,,,,,,,,,,,,,,,,,,,,,,,,,,,,,,,,,,,,,,,,,,,,,,,,,,,,,,,,,,,,,,,,,,,,,,,,,,,,,,,,,,,,,,,,,,,,,,,,,,,,,,,,,,,,,,,,,,,,,,,,,,,,,,,,,,,,,,,,,,,,,,,,,,,,,,,,,,,,,,,,,,,,,,,,,,,,,,,,,,,,,,,,,,,,,,,,,,,,,,,,,,,,,,,,,,,,,,,,,,,,,,,,,,,,,,,,,,,,,,,,,,,,,,,,,,,,,,,,,,,,,,,,,,,,,,,,,,,,,,,,,,,,,,,,,,,,,,,,,,,,,,,,,,,,,,,,,,,,,,,,,,,,,,,,,,,,,,,,,,,,,,,,,,,,,,,,,,,,,,,,,,,,,,,,,,,,,,,,,,,,
R352,,,,,,,,,,,,,,,,,,,,,,,,,,,,,,,,,,,,,,,,,,,,,,,,,,,,,,,,,,,,,*/bˌaɾˈũo̯/,,,,,,,,,,,,,,,,,,,,,,,,,,,,,,,,,,,,,,,,,,,,,,,,,,,*/dɾə̃nɡˈũo̯/,,,,,,,,,,,,,,,,,,,,,,,,,,,,,,,,,,,,,,,,,,,,,,,,,,,,,,,,,,*/fˌaːlkˈũo̯/,,,,,,,,,,,,,,,,,,,,,,,,,,,,,,,,,,,,,,,,,,,,,,,,,,,,,,,,,,,,,,,,,,,,,,,,,,,,,,,,,,,,,,,,,,,,,,,,,,,,,,,,,,,,,,,,,,,,,,,*/ə̃mːˈũː/,,,,,,,,,,,,,,,,,,,,,,,,,,,,,,,,,,,,,,,,,,,,,,,,,,,,,,,,,,,,,,,,,,,,,,,,,,,,,,,,,,,*/kˌapˈũo̯/,,,,,,,,,,,,,,,,,,,,,,,,,,,,,,,,,,,,,,,,,,,,,,,,,,,,,,,,,,,,,,,,,,,,,,,,,,,,,,,,,,,,,,,,,,,,,,,,,,,,,,,,,,,,,,,,,,,,,,,,,,,,,,,,,,,,,,,,,,,,,,,,,,,,,,,,,,,*/ləkˈũo̯/,,,,,,,,,,,,,,,,,,,,,,,,,,,,,,,,,,,,,,,,,,,,,,,,,,,,,,,,,,,,,,,,,,,,,,,,,,,,,,,,,,,,,,*/məɾˈũː/,,,,,,,,,,,,,,,,,,,,,,,,,,,,,,,,,,,,,,,,,,,,,,,,,,,,,,,,,,,,,,,,,,,,,,,,,,,,,,,,,,,,,,,,,,,,,,,,,,,,,,,,,,,,,,,,,,,,,,*/pˌaːlˠˈũo̯/,,,,,,,,,,,,,,,,,,,,,,,,,,,,,,,,,,,,,,,,,,,,,,,,,,,,,,,,,,,,,,,,,,,,,,,,,,,,,,,,,,,,,,,,,,,,,,,,,,,*/ˌarːəsˈỹe̯/,,,,,,,,,,,,,,,,,,,,,,,,,,,,,,,,,,,,,,,,,,,,,,,,,,,,,,,,,,,,,,,,,,,,,,,,,,,,,,,,,,,,,,,,,,,,,,,,,,,,,,,,,,,,,,,,,,,,,,,,,,,,,,,,,,,,,,,,,,,,,,,,,,,,,,,,,,,,,,,,,,,,,,,,,,,,,,,,,,,,,,,,*/tə̃mˈũo̯/,,,,,,,,,,,,,,,,,,,,,,,,,,,,,,,,,,,,,,,,,,,,,,,,,,,,,,,,,,,,,,,,,,,,,,,,,,,,,,,,,,,,,,,,,,,,,,,,,,,,,,,,,
R353,,,,,,,,,,,,,,,,,,,,,,,*/ə̃mpː̬ətˈĩː/,,,,,,,,,,,,,,,,,,,,,,,,,,,,,,,,,,,,,,,,,,,,,,,,,,,,,,,,,,,,,,,,,,,,,,,,,,,,,,,,,,,,,,,,,,*/dɾˈĩː/,,,,,,,,,,,,,,,,,,,,,,,,,,,,,,,,,,,,,,,,,,,,,,,,,,,,,,,,,,,,,,,,,,,,,,,,,,,,,,,,,,,*/fəɾɡlˈĩː/,,,,,,,,*/flˌɔɾˈĩː/,,,,,,,,,,,,,,*/fɾˈɛ̃ː/,,,,,,,,,,,,,,,,,,,,,,,,,,,,,,,,,,,,,,,,,,,,,,,*/vərːˈĩː/,,,,,,,,,,,,,,,,,,,,,,,,,,,,,,,,,,,,,,,,,,,,,,,,,,,,,,,,,,,,,,,,,,,,,,,,,,,,,,,,,,,,,,,,,,,,,,,,,,,,,,,,,,,,,,,,,,,,,,,,,,,,,,,,,,,,,,,,,,,,,,,,,,,,,,,,,,,,,,,,,,,,,,,,,,,,,,,,,,,,,,,,,,,,,,*/kˌuːʃəɾˈĩː/,,,,,,,,,,,,,,,,,,,,,,,,,,,,,,,,,,,,,,,,,,,,,,,,,,,,,,,,,,,,,,,,,,,,,,,,,,,,,,,,,,,,*/lətˈĩː/,,,,,,,,,,,,,,,,,,,,,*/lˈĩː/,,,,,,,,,,,,,,,,,,,,,,,,,,,,,,,,,,,,,,,,,,,,,,,,,,*/məɾtˈĩː/,,,,,,,,,,,,,,,,,,,,,,,,,,,,,,,,,,,,,,*/mˌulˠˈĩː/,,,,,,,,,,,,,,,,,,,,,,,,,,,,,,,,,,,,,,,*/ˌulˠˈĩː/,,,,,,,,,,,,,,,,,,,,,,,,,,,,,,,,,,,,,,,,,,,,,,,,,,,,,,,,,,,,,,,,,,,,,,,,,,,,,,,,,,,,,,*/pləcˈĩː/,,,,,,,,,,,,,*/pˌurːˈĩː/,,,,,,,,,,,,,,,,,,,,,,,,,,,,,,,,,,,,,,,,,,,,,,,,,,,,,,,,,,,,,,,,,,,,,,,,,,,,,,,,,,,,,,,,,,,,,,,,,,,,,,,,,,,,,,,,,,,,,,,,,,,,,,,,,,,,,,,*/ʃˈĩː/,,,,,,,,,,,,,,,,,,,,,,,,,,,,,,,,,,,,,,,,,,,,,,,,,,,,,,,,,,,,,,,,,,,,,,,,,,,,,,,,,,,,,,,,,,,,,,,,,,,,,,,,,,,,,,,,,,,,,,,,,,,,,,,,,,,,,,,,,,,,,,,,*/ˌutɾˈĩː/,,,,,,,,,,,,,,,,,,,,,,,,,,,,,,,*/fcˈĩː/,,,,,,,,,,,,,,,,,,,,,,,
R354,,,,,,,,,,,,,,,,,,,,,,,,,,,,,,,,,,,,,,,,,,,,,,,,,,,,,,,,,,,,,,,,,,,,,,,,,,,,,,,,,,,,,,,,,,,,,,,,,,,,,,,,,,,,,,,,,,,,,,,,,,,,,,,,,,,,,,,,,,,,,,,,,,,,,,*/lˈiɟɛ/,,,,,,,,,,,,,,,,,,,,,*/fˈacɛ/,,,,,,,,,,,,,,,,,,,,,,,,,,,,,,,,,,,,,,*/fˌurːicˈiɛ/,,,,,,,,,,,,,*/flˠˌɛtˈɛːɾɛ/,,*/fˌulcˈiɛ/,,,,,,,,,,,,,,,,,,*/ɟə̃ɾ̃ˈiɛ/,,,,,,,,,,,,,,,,,,,,,,,,,,,,,,,,,,,,,,,,,,,,,,,,,,,,,,,,,,,,,,,,,,,,,,,,,,,,,,,,,,,,,,,,,,,,,,,,,,,,,,,,,,*/kəlcˈɛːɾɛ/,,,,,,,,,,,,,,,,,,,,,,,,,,,*/cˈɛːrːɛ/,,,,,,,,,,,,,,,,,,,,,,,,,,,,,,,*/kˈɔːɾɛ/,,,,,,,,,,,,,,,,,,,,,,,,,,,,,,,*/kˌulˠũmbə̃ɾ̃ˈiɛ/,,,,,,,,,,,,,,,,,,,,,,,,,,,,,,,,,,,,,,,,,,,,,,,,,,,,,,,,,,,,,,,,,,,,,,,,,,,,,,,,,,,,,,,,,,,,,,,,,*/lə̃ncjˈɛːɾɛ/,*/ləpˈatɛ/,,,,,,,,,,,,,,,,,,,,,,,,,,,,,,,,,,,,,,,,,*/mə̃nɟˈiɛ/,,,*/mˌajˈɛːɾɛ/,,,,,,,,,,,,,,,,,,,,,*/məɾˈiɛ/,,,,,,,,,,,,,,,,,,,,,,,,,,,,,,,,,,,,,,,,,,,,,,,,,,,,,,,,,,,,,,,,,,,,,,,*/ə̃nɡˌaɾðˌulːˈicɛ/,,,,,,,,,,,,,,,,,,,,,,,,,,,,,,,,,,,,,,,,,,,,,,,,,,,,,,,,,,,,,,,,,,,,,,,,,,,,,,,,,,,,,,,,,,,,,*/pəʃtˈɛːɾɛ/,,,,,,,,,,,,,,,,,,,,,*/pˌurːˈiɛ/,,,,,,,,,,,,,,,,,,,,,,,,,,,,,,,,,,,,,,,,,,,,,,,,,,,,,,,,,,,,,,,,,,,,,,,,,,,,,,,,,,,,,,,,*/ʃˈɛːlcɛ/,,*/ʃˈɛːlə̃ncɛ/,,,,,,,,,,,,,,,*/ʃˌãndəˌãndɾˈɛːɛ/,*/ʃˌãɲtəˌãndɾˈɛɛ/,,,,,,,,,,,,,,,,,,,,,,,,,,,,,,,,,*/zɟˈɛbɛ/,,,,,,,,,,,,,,,,,,,,,,*/ʃˈɔcɛ/,,,,,,,,*/ʃˌuɾtəlɟˈiɛ/,,,,,,,,,,,,,,,,,,,,,,,,,,,,,,,*/ʃˌuːtərːˈiɛ/,,,,,,,,,,,,,,,,,,,,,,,,,,,,,,,,,,,,,,,,,,,,,,,,,,,,,,,,,,,,,,,,,,,,,,,,,,,,,,,,,,,,,,,,,,,,,,,,,,,,,,,,,,,,,,*/vˈicɛ/,,*/vˌiːtˈɔːɾɛ/,,,,,,,,,,,,,,,,,,,,,,
R355,,,,,,,,,,,,,,,,,,,,,,,,,,,,,,,,,,,,,,,,,,,,,,,,,,,,,,,,,,,,,,,,,,,,,,,,,,,,,,,,,,,,,,,,,,,,,,,,,,,,,,,,,,,,,,,,,,,,,,,,,,,,,,,,,,,,,,,,,,,,,,,,,,,,,,,,,,,,,,,,,,,,,,,,,,,,,,,,,,,,,,,,,,,,,,,,,,,,,,,,,,,,,,,,,,,,,,,,,,,,,,,,,,,,,,,,,,,,,,,,,,,,,,,,,,,,,,,,,,,,,,,,,,,,,,,,,,,,,,,,,,,,,,,,,,,,,,,,,,,,,,,,,,,,,,,,,,,,,,,,,,,,,,,,,,,,,,,,,,,,,,,,,,,,,,,,,,,,,,,,,,,,,,,,,,,,,,,,,,,,,,,,,,,,,,,,,,,,,,,,,,,,,,,,,,,,,,,,,,,,,,,,,,,,,,,,,,,,,,,,,,,,,,,,,,,,,,,,,,,,,,,,,,,,,,,,,,,,,,,,,,,,,,,,,,,,,,,,,,,,,,,,,,,,,,,,,,,,,,,,,,,,,,,,,,,,,,,,,,,,,,,,,,,,,,,,,,,,,,,,,,,,,,,,,,,,,,,,,,,,,,,,,,,,,,,,,,,,,,,,,,,,,,,,,,,,,,,,,,,,,,,,,,,,,,,,,,,,,,,,,,,,,,,,,,,,,,,,,,,,,,,,,,,,,,,,,,,,,,,,,,,,,,,,,,,,,,,,,,,,,,,,,,,,,,,,,,,,,,,,,,,,,,,,,,,,,,,,,,,,,,,,,,,,,,,,,,,,,,,,,,,,,,,,,,,,,,,,,,,,,,,,,,,,,,,,,,,,,,,,,,,,,,,,,,,,,,,,,,,,,,,,,,,,,,,,,,,,,,,,,,,,,,,,,,,,,,,,,,,,,,,,,,,,,,,,,,,,,,,,,,,,,,,,,,,,,,,,,,,,,,,,,,,,,,,,,,,,,,,,,,,,,,,,,,,,,,,,,,,,,,,,,,,,,,,,,,,,,,,,,,,,,,,,,,,,,,,,,,,,,,,,,,,,,,,,,,,,,,,,,,,,,,,,,,,,,,,,,,,,,,,,,,,,,,,,,,,,,,,,,,,,,,,,,,,,,,,,,,,,,,,,,,,,,,,,,,,,,,,,,,,,,,,,,,,,,,,,,,,,,,,,,,,,,,,,,,,,,,,
R356,,,,,,,,,,,,,,,,,,,,,,,,,,,,,,,,,,,,,,,,,,,,,,,,,,,,,,,,,,,,,,,,,,,,,,,,,,,,,,,,,,,,,,,,,,,,,,,,,,,,,,,,,,,,,,,,,,,,,,,,,,,,,,,,,,,,,,,,,,,,,,,,,,,,,,,,,,,,,,,,,,,,,,,,,,,,,,,,,,,,,,,,,,,,,,,,,,,,,,*/fˌiːʃtəlˠˈɔ̃ɲ/,,,,,,,,,,,,,,,,,,,,,,*/fɾˌiɡəlˠˈɔ̃ɲ/,,,,,,,,,,,,,,,,,,,,,,,,,,,,,,,,,,,,,,,,,,,,,,,,,,,,,,,,,,,,,,,,,,,,,,,,,,,,,,,,,,,,,,,,,,,,,,,,,,,,,,,,,,,,,,,,,,,,,,,,,,,,,,,,,,,,,,,,,,,,,,,,,,,,,,,,,,,,,,,,,*/kˌarːˌiːkəlˠˈɔ̃ɲ/,,,,,,,,,,,,,,,,,,,,,,,,,,,,,,,,,,,,,,,,,,,,,,,,,,,,,,,,,,,,,,,,,,,,,,,,,,,,,,,,,,,,,,,,,,,,,,,,,,,,,,,,,,,,,,,,,,,,,,,,,,,,,,,,,,,,,,,,,,,,,,,,,,,,,,,,,,,,,,,,,,,,,,,,,,,,,,,,,,,,,,,,,,,,,,,,,,,,,,,,,,,,,,,,,,,,,,,,,,,,,,,,,,,,,,,,,,,,,,,,,,,,,,,,,,,,,,,,,,,*/məɾˌækəlˠˈɔ̃ɲ/,,,,,,,,,,,,,,,,,,,,,,,,,,,,,,,,,,,,,,,,,,,,,,,,,,,,,,,,,,,,,,,,,,,,,,,,,,,,,,,,,,,,,,,,,,,,,,,,,,,,,,*/pərːdəlˠˈɛ̃ɲ/,*/ə̃ndˌəlˠˈɛ̃ɲ/,,,,,,,,,,,,,,,,,,,,,,,,,,,,,,,,,,,,,,,,,,,,,,,,,,,,,,,,,,,,,,,,,,,,,,,,,,,,,,,,,,,,,,,,,,,,,,,,,,,,,,,,,,,,,,,,,,,,,,,,,,,,,,,,,,,,,,,,,,,,,,,,,,,,,,,,,,,,,,,,,,,,,,,,,,,,,,,,,,,,,,,,,,,,,,,,,,,,,,,,,,,,,,,,,,,,,,,,,,,,,,,,,,,,,,,,,,,,,,,,,,,,,,,,,,,,,,,,,,,,,,,,,,,,,,,,,,,,,,,,,,,,,,,,,,,,,,,,,,,,,,,,,,,,,,,,,,,,,,,,,,,,,,,,,,,,,,,,,,,,,,,,,,,,,,,,,,,,,,,,,,,,,,,,,,,,,,,,
R357,,,,,,,,,,,,,,,,,,,,,,,,,,,,,,,,,,,,,,,,,,,,,,,,,,,,,,,,,,,,,,,,,,,,,,,,,,,,,,,,,,,,,,,,,,,,,,,,,,,,,,,,,,,,,,,,,,,,,,,,,,,,,,,,,,,,,,,,,,,,,,,,,,,,,,,,,,,,,,,,,,,,,,,,,,,,,,,,,,,,,,,,,,,,,,,,,,,,,,,,,,,,,,,,,,,,,,,,,,,,,,,,,,,,,,,,,,,,,,,,,,,,,,,,,,,,,,,,,,,,,,,,,,,,,,,,,,,,,,,,,,,,,,,,,,,,,,,,,,,,,,,,,,,,,,,,,,,,,,,,,,,,,,,,,,,,,,,,,,,,,,,,,,,,,,,,,,,,,,,,,,,,,,,,,,,,,,,,,,,,,,,,,,,,,,,,,,,,,,,,,,,,,,,,,,,,,,,,,,,,,,,,,,,,,,,,,,,,,,,,,,,,,,,,,,,,,,,,,,,,,,,,,,,,,,,,,,,,,,,,,,,,,,,,,,,,,,,,,,,,,,,,,,,,,,,,,,,,,,,,,,,,,,,,,,,,,,,,,,,,,,,,,,,,,,,,,,,,,,,,,,,,,,,,,,,,,,,,,,,,,,,,,,,,,,,,,,,,,,,,,,,,,,,,,,,,,,,,,,,,,,,,,,,,,,,,,,,,,,,,,,,,,,,,,,,,,,,,,,,,,,,,,,,,,,,,,,,,,,,,,,,,,,,,,,,,,,,,,,,,,,,,,,,,,,,,,,,,,,,,,,,,,,,,,,,,,,,,,,,,,,,,,,,,,,,,,,,,,,,,,,,,,,,,,,,,,,,,,,,,,,,,,,,,,,,,,,,,,,,,,,,,,,,,,,,,,,,,,,,,,,,,,,,,,,,,,,,,,,,,,,,,,,,,,,,,,,,,,,,,,,,,,,,,,,,,,,,,,,,,,,,,,,,,,,,,,,,,,,,,,,,,,,,,,,,,,,,,,,,,,,,,,,,,,,,,,,,,,,,,,,,,,,,,,,,,,,,,,,,,,,,,,,,,,,,,,,,,,,,,,,,,,,,,,,,,,,,,,,,,,,,,,,,,,,,,,,,,,,,,,,,,,,,,,,,,,,,,,,,,,,,,,,,,,,,,,,,,,,,,,,,,,,,,,,,,,,,,,,,,,,,,,,,,,,,,,,,,,,,,,,,,,,,,,,,,,,,,,,,
R358,,,,,,,,,,,,,,,,,,,,,,,,,,,,,,,,,,,,,,,,,,,,,,,,,,,,,,,,,,,,,,,,,,,,,,,,,,*/bˈuːlk/,*/bˈuːlc/,,,,,,,,,,,,,,,,,,,,*/dəʃˈiːɾa/,,,,,,,,*/dəʃkˌalːəkˈɔ̃ɲ/,,,,,,,,,,,,,,,,,,,,,,,,*/ʃkˌalːəkˈɔ̃ɲ/,,,,,,,,,,,,,,,,,,,,,,,,,,,,,,,*/rːˈyːlˠa/,,,*/ˈyːe̯j̃ɲ/,,,,,,,*/fˈỹːe̯ɲ/,,,,,,,,,,,,,,,,,,,,,,,,,,,,,,,,,,,,,,,,,,,,,,,,,,,,,,,,,,,,,,,,,,,,,,,,,,,,,,,,,,,,,,,*/ɡɾˈiːlːa/,,,,,,,,,,,,,,,,,,,,,,,,,,,,,,,,,,,,,,,,,,,,,,,,,,,,*/ə̃nɡˌalːəkˈɔ̃ɲ/,,,,,,,,,,,,,,,,,,,,,,,,,,,,,,,,,,,,,,,,,,,,,,,,,,,,,,,,,,,,,,,,,,,,,,,,,,,,,,,,,,,,,,,,,,,,,,,,,,,,,,,,,,,,,,,,,,,,,,,,,,,*/kˈĩːɲ/,,,,,,,,,,,,,,,,,,,,,,,,,,,,,,,,*/kˌũːnˈuːlka/,,,,,,,,,,,,,,,,,,,,,,,,,,,,,,,,,,,,,,,,,,,,,,,,,,,,,,,,,,,,,,,,,,,,,,,,,,,,,,,*/lˌatˈyːɾa/,,,,,,,,,,,,,,,,,,,,,,,,*/lˈũːo̯ɲ/,,,,,,,,,,,,,,,,,,,,,,,,,,,,,,,,,,,,,,,,,,,,,,,,,,,,,,,,,,,,,,,,,,,,,,,,,,,,,,,,,,,,,,,,,,,,,,,,,,,,,,,,,,,,,,,,,*/nˈiːe̯ɾka/,,,,,,,,,,,,,,,,,,,,,,,*/pˈyːlˠ/,,,,,,,,,,,,,,,*/pˌaɾˈiːz/,,,,,,,,,,,*/pˈyːlka/,,,,,,,,,,,,,,,,,,,,,,,,,,,,,,,,,,,,,,,,,,,,,,,,,,,,,,,,,,,,,,,,,,,,,*/pɾˈũːo̯ɲ/,*/pɾˈĩːɲ/,,,,,,*/pɾˈuːõ̯ɲ/,,,,,,,,,,,,,,,,*/rːˈũːo̯ɲ/,,*/rːˈiːka/,*/rːˈiːlka/,,,,,,,,,,,,,,,,,,,,,,,,,,,,,,,,,,,,,,,,,,,*/ʃˈuːrː/,,,,,,,,,,,,,,,,,,,,,,,,*/ʃˌãɲtməxˈiːlˠ/,*/ʃˌãndˌãndɾˈɛːɛ/,*/ʃˌãɲtˌãndɾˈɛɛ/,,,,,,,,,,,,,,,,,,,,,,,,,,,,,,,,,,,,,,,,,,,,,,,,,,,,,,,,,,,,,,,,,,,,,,,,,,,,,,,,,,,,,,,,,*/ʃˈiːʎa/,*/ʃˈũːo̯ɲ/,,,,,,,,,*/ʃˌupəɾkˈɛːl/,,,,,,,,,,,,,,,,,,,,,,,,,,,,,,,,,,,,,*/tɾˈũːo̯ɲ/,,,,,,,,,,,,,,,,,,,,,,,,,,,,,,,,,,,,,,,,,,,*/vˈỹːe̯ɲ/,,,,,,,,,,,,,,,,,,,,,,,,,,,,,,,,,,,,,,,,,,,,,,,,,
R359,,,,,,,,,,,,,,,,,,,,,,,,,,,,,,,,,,,,,,,,,,,,,,,,,,,,,,,,,,,,,,,,,,,,,,,,,,,,,,,,,,,,,,,,,,,,,,,,,,,,,,,,,,,,,,,,,,,,,,,,,,,,,,,,,,,,,,,,,,,,,,,,,,,,,,,,,,,,,,,,,,,,,,,,,,,,,,,,,,,,,,,,,,,,,,,,,,,,,,,,,,,,,,,,,,,,,,,,,,,,,,,,,,,,,,,,,,,,,,,,,,,,,,,,,,,,,,,,,,,,,,,,,,,,,,,,,,,,,,,,,,,,,,,,,,,,,,,,,,,,,,,,,,,,,,,,,,,,,,,,,,,,,,,,,,,,,,,,,,,,,,,,,,,,,,,,,,,,,,,,,,,,,,,,,,,,,,,,,,,,,,,,,,,,,,,,,,,,,,,,,,,,,,,,,,,,,,,,,,,,,,,,,,,,,,,,,,,,,,,,,,,,,,,,,,,,,,,,,,,,,,,,,,,,,,,,,,,,,,,,,,,,,,,,,,,,,,,,,,,,,,,,,,,,,,,,,,,,,,,,,,,,,,,,,,,,,,,,,,,,,,,,,,,,,,,,,,,,,,,,,,,,,,,,,,,,,,,,,,,,,,,,,,,,,,,,,,,,,,,,,,,,,,,,,,,,,,,,,,,,,,,,,,,,,,,,,,,,,,,,,,,,,,,,,,,,,,,,,,,,,,,,,,,,,,,,,,,,,,,,,,,,,,,,,,,,,,,,,,,,,,,,,,,,,,,,,,,,,,,,,,,,,,,,,,,,,,,,,,,,,,,,,,,,,,,,,,,,,,,,,,,,,,,,,,,,,,,,,,,,,,,,,,,,,,,,,,,,,,,,,,,,,,,,,,,,,,,,,,,,,,,,,,,,,,,,,,,,,,,,,,,,,,,,,,,,,,,,,,,,,,,,,,,,,,,,,,,,,,,,,,,,,,,,,,,,,,,,,,,,,,,,,,,,,,,,,,,,,,,,,,,,,,,,,,,,,,,,,,,,,,,,,,,,,,,,,,,,,,,,,,,,,,,,,,,,,,,,,,,,,,,,,,,,,,,,,,,,,,,,,,,,,,,,,,,,,,,,,,,,,,,,,,,,,,,,,,,,,,,,,,,,,,,,,,,,,,,,,,,,,,,,,,,,,,,,,,,,,,,,,,,,,,,,,,,,,,,,,,,,,,,,,,,,,,,,,,,,,,,
R360,,,,,,,,,,,,,,,,,,,,,*/ˌalːəɡˈɔːɾˈiː/,,,,,,,,,,,,,,,,,,,,,,,,,,,,,,,,,,,,,,,,,,,,,,,,,,,,,,,,,,,,,,,,,,,,,,,,,,,,,,,,,,,,,,,,,,,,,,,,,,,,,,,,,,,,,,,,,,,,,,,,,,,,,,,,,,,,,*/pəʃkəpˈiː/,,,,,,,,,,,,,,,,,,,,,,,,,,,,,*/fˈaːʎa/,,,,,,,,,,,,,,,,,,,,,,,,,,*/fˌurːicˈiː/,,,,,,,*/fɾˌɑ̃ncˈiː/,,,,,,,,*/fˌulcˈiː/,,,,,,,,,,,,,,,,,,*/ɟə̃ɾ̃ˈiː/,,,,,,,,,,,,,,,,,,,,,,,,,,,,,,,,,,,,,,,,,,,,,,,,,,,,,,,,,,,,,,,,,,,,,,,,,,,,,,,,,,,,,,,,,*/ɟˈɔːnː/,,,,,,,,,,,,,,,,,,,,,,,,,,,,,,,,,,,,,,,,,,,,,,,,,,,,,,,,,,,,,,,,,,,,,,,,,,,,,,,,,,,,,,,,*/klˈaːɾ̃/,,,,,,,,,,,,,,,,,,*/kˌulˠũmbə̃ɾ̃ˈiː/,,,,,,,,,,,,,,,,,,,,,,,,,,,,,,,,,,,,,,,,,,,,,,,,,,,,,,,,,,,,,,,,,,,,,,,,,,,,,,,,,,,,,,,,,,,,,,,,,,,,,,,,,,,,,,,,,,,,,,,,,,,,,,,,,,,,,,,,,,,*/mə̃nɟˈiː/,,,,,,,,,,,,,,,,,,,,,,,,*/məɾˈiː/,,,,,,,,,,,,,,,,,,,,,,,,,,,,,,,,,,,,,,,,,,,,,,,,,,,,,,,,,,,,,,,,,,,,,,,,,,,,,*/nˈɔːʃtɾ/,,,,,,,,,,,,,,,,,,,,,,,,,,,,,,,,,,,,,,,,,,,,,,,,,,,,,,,,,,,,,,,,,,,,,,,,,,,,,,,,,,,,,,,,,,,,,,,,,,,,,,,,,,,,*/pˌurːˈiː/,,,,,,,,,,,,,,,,,,,,,,,,,,,,,,,,,,,,,,,,,,,,,,,,,,,,,,,,,,,,,,,,,,,*/rːˌufˈɛː/,,,,,,,,,,,,,,,,,,,,,,,,,,,,,,,,,,,,,,*/ʃˌãndˌãndɾˈɛː/,*/ʃˌãɲtˌãndɾˈɛː/,,,,,,,,,,,,,,,,,,,,,,,,,,,,,,,,,,,,,,,,,,,,,,,,,,,,,,,,,,,,,,,*/ʃˌuɾtəlɟˈiː/,,,,,,,,,,,,,,,,,,,,,,,,,,,,,,,*/ʃˌuːtərːˈiː/,,,,,,,,,,,,,,,,,,,,,,,,,,,,,,,,,,,,,,,,,,,,,,,,,,,,,,,,,,,,,,,,,,,,,,,,,,,,,,,,,,,,,,,,,,,,,,,,,,,,,,,,,,,,,,,,,,,,,,,,,,,,,,,,,,,,,,
R361,,,,,,,,,,,,,,,,,,,,,,,,,,,,,,,,,,,,,,,,,,,,,,,,,,,,,,,,,,,,,,,,,,,,,,,,,,,,,,,,,,,,,,,,,,,,,,,,,,,,,,,,,,,,,,,,,,,,,,,,,,,,,,,,,,,,,,,,,,,,,,,,,,,,,,,,,,,,,,,,,,,,,,,,,,,,,,,,,,,,,,,,,,,,,,,,,,,,,,,,,,,,,,,,,,,,,,,,,,,,,,,,,,,,,,,,,,,,,,,,,,,,,,,,,,,,,,,,,,,,,,,,,,,,,,,,,,,,,,,,,,,,,,,,,,,,,,,,,,,,,,,,,,,,,,,,,,,,,,,,,,,,,,,,,,,,,,,,,,,,,,,,,,,,,,,,,,,,,,,,,,,,,,,,,,,,,,,,,,,,,,,,,,,,,,,,,,,,,,,,,,,,,,,,,,,,,,,,,,,,,,,,,,,,,,,,,,,,,,,,,,,,,,,,,,,,,,,,,,,,,,,,,,,,,,,,,,,,,,,,,,,,,,,,,,,,,,,,,,,,,,,,,,,,,,,,,,,,,,,,,,,,,,,,,,,,,,,,,,,,,,,,,,,,,,,,,,,,,,,,,,,,,,,,,,,,,,,,,,,,,,,,,,,,,,,,,,,,,,,,,,,,,,,,,,,,,,,,,,,,,,,,,,,,,,,,,,,,,,,,,,,,,,,,,,,,,,,,,,,,,,,,,,,,,,,,,,,,,,,,,,,,,,,,,,,,,,,,,,,,,,,,,,,,,,,,,,,,,,,,,,,,,,,,,,,,,,,,,,,,,,,,,,,,,,,,,,,,,,,,,,,,,,,,,,,,,,,,,,,,,,,,,,,,,,,,,,,,,,,,,,,,,,,,,,,,,,,,,,,,,,,,,,,,,,,,,,,,,,,,,,,,,,,,,,,,,,,,,,,,,,,,,,,,,,,,,,,,,,,,,,,,,,,,,,,,,,,,,,,,,,,,,,,,,,,,,,,,,,,,,,,,,,,,,,,,,,,,,,,,,,,,,,,,,,,,,,,,,,,,,,,,,,,,,,,,,,,,,,,,,,,,,,,,,,,,,,,,,,,,,,,,,,,,,,,,,,,,,,,,,,,,,,,,,,,,,,,,,,,,,,,,,,,,,,,,,,,,,,,,,,,,,,,,,,,,,,,,,,,,,,,,,,,,,,,,,,,,,,,,,,,,,,,,,,,,,,,,,,,
R362,,,,,,,,,,,,,,,,,,,,,,,,,,,,,,,,,,,,,,,,,,,,,,,,,,,,,,,,,,,,,,,,,,,,,,,,,,,,,,,,,,,,,,,,,,,,,,,,,,,,,,,,,,,,,,,,,,,,,,,,,,,,,,,,,,,,,,,,,,,,,,,,,,,,,,,,,,,,,,,,,,,,,,,,,,,,,,,,,,,,,,,,,,,,,,,,,,,,,,,,,,,,,,,,,,,,,,,,,,,,,,,,,,,,,,,,,,,,,,,,,,,,,,,,,,,,,,,,,,,,,,,,,,,,,,,,,,,,,,,,,,,,,,,,,,,,,,,,,,,,,,,,,,,,,,,,,,,,,,,,,,,,,,,,,,,,,,,,,,,,,,,,,,,,,,,,,,,,,,,,,,,,,,,,,,,,,,,,,,,,,,,,,,,,,,,,,,,,,,,,,,,,,,,,,,,,,,,,,,,,,,,,,,,,,,,,,,,,,,,,,,,,,,,,,,,,,,,,,,,,,,,,,,,,,,,,,,,,,,,,,,,,,,,,,,,,,,,,,,,,,,,,,,,,,,,,,,,,,,,,,,,,,,,,,,,,,,,,,,,,,,,,,,,,,,,,,,,,,,,,,,,,,,,,,,,,,,,,,,,,,,,,,,,,,,,,,,,,,,,,,,,,,,,,,,,,,,,,,,,,,,,,,,,,,,,,,,,,,,,,,,,,,,,,,,,,,,,,,,,,,,,,,,,,,,,,,,,,,,,,,,,,,,,,,,,,,,,,,,,,,,,,,,,,,,,,,,,,,,,,,,,,,,,,,,,,,,,,,,,,,,,,,,,,,,,,,,,,,,,,,,,,,,,,,,,,,,,,,,,,,,,,,,,,,,,,,,,,,,,,,,,,,,,,,,,,,,,,,,,,,,,,,,,,,,,,,,,,,,,,,,,,,,,,,,,,,,,,,,,,,,,,,,,,,,,,,,,,,,,,,,,,,,,,,,,,,,,,,,,,,,,,,,,,,,,,,,,,,,,,,,,,,,,,,,,,,,,,,,,,,,,,,,,,,,,,,,,,,,,,,,,,,,,,,,,,,,,,,,,,,,,,,,,,,,,,,,,,,,,,,,,,,,,,,,,,,,,,,,,,,,,,,,,,,,,,,,,,,,,,,,,,,,,,,,,,,,,,,,,,,,,,,,,,,,,,,,,,,,,,,,,,,,,,,,,,,,,,,,,,,,,,,,,,,,,,,,,,,,,
R363,,,,,,,,,,,,,,,,,,,,,,,,,,,,,,,,,,,,,,,,,,,,,,,,,,,,,,,,,,,,,,,,,,,,,,,,,,,,,,,,,,,,,,,,,,,,,,,,,,,,,,,,,,,,,,,,,,,,,,,,,,,,,,,,,,,,,,,,,,,,,,,,,,,,,,,,,,,,,,,,,,,,,,,,,,,,,,,,,,,,,,,,,,,,,,,,,,,,,,,,,,,,,,,,,,,,,,,,,,,,,,,,,,,,,,,,,,,,,,,,,,,,,,,,,,,,,,,,,,,,,,,,,,,,,,,,,,,,,,,,,,,,,,,,,,,,,,,,,,,,,,,,,,,,,,,,,,,,,,,,,,,,,,,,,,,,,,,,,,,,,,,,,,,,,,,,,,,,,,,,,,,,,,,,,,,,,,,,,,,,,,,,,,,,,,,,,,,,,,,,,,,,,,,,,,,,,,,,,,,,,,,,,,,,,,,,,,,,,,,,,,,,,,,,,,,,,,,,,,,,,,,,,,,,,,,,,,,,,,,,,,,,,,,,,,,,,,,,,,,,,,,,,,,,,,,,,,,,,,,,,,,,,,,,,,,,,,,,,,,,,,,,,,,,,,,,,,,,,,,,,,,,,,,,,,,,,,,,,,,,,,,,,,,,,,,,,,,,,,,,,,,,,,,,,,,,,,,,,,,,,,,,,,,,,,,,,,,,,,,,,,,,,,,,,,,,,,,,,,,,,,,,,,,,,,,,,,,,,,,,,,,,,*/wˈɔʃtɾ/,*/wˈɔʎ/,,,,,,,,*/wˈɔrː/,*/wˈɔɾfɐɾ̃/,,,,,,,,,,,,,,,,,,,,,,,,,,,,,,,,,,,,,,,,,,,,,,,,,,,,,,,,,,,,,,,,,,,,,,,,,,,,,,,,,,,,,,,,,,,,,,,,,,,,,,,,,,,,,,,,,,,,,,,,,,,,,,,,,,,,,,,,,,,,,,,,,,,,,,,,,,,,,,,,,,,,,,,,,,,,,,,,,,,,,,,,,,,,,,,,,,,,,,,,,,,,,,,,,,,,,,,,,,,,,,,,,,,,,,,,,,,,,,,,,,,,,,,,,,,,,,,,,,,,,,,,,,,,,,,,,,,,,,,,,,,,,,,,,,,,,,,,,,,,,,,,,,,,,,,,,,,,,,,,,,,,,,,,,,,,,,,,,,,,,,,,,,,,,,,,,,,,,,,,,,,,,,,,,,,,,,,,,,,,,,,,,,,,,,,,,,,,,,,,,,,,,,,,,,,,,,,,,,,,,,,,
R364,,,,,,,,,,,,,,,,,,,,,,,,,,,,,,,,,,,,,,,,,,,,,,,,,,,,,,,,,,,,,,,,,,,,,,,,,,,,,,,,,,,,,,,,,,,,,,,,,,,,,,,,,,,,,,,,,,,,,,,,,,,,,,,,,,,,,,,,,,,,,,,,,,,,,,,,,,,,,,,,,,,,,,,,,,,,,,,,,,,,,,,,,,,,,,,,,,,,,,,,,,,,,,,,,,,,,,,,,,,,,,,,,,,,,,,,,,,,,,,,,,,,,,,,,,,,,,,,,,,,,,,,,,,,,,,,,,,,,,,,,,,,,,,,,,,,,,,,,,,,,,,,,,,,,,,,,,,,,,,,,,,,,,,,,,,,,,,,,,,,,,,,,,,,,,,,,,,,,,,,,,,,,,,,,,,,,,,,,,,,,,,,,,,,,,,,,,,,,,,,,,,,,,,,,,,,,,,,,,,,,,,,,,,,,,,,,,,,,,,,,,,,,,,,,,,,,,,,,,,,,,,,,,,,,,,,,,,,,,,,,,,,,,,,,,,,,,,,,,,,,,,,,,,,,,,,,,,,,,,,,,,,,,,,,,,,,,,,,,,,,,,,,,,,,,,,,,,,,,,,,,,,,,,,,,,,,,,,,,,,,,,,,,,,,,,,,,,,,,,,,,,,,,,,,,,,,,,,,,,,,,,,,,,,,,,,,,,,,,,,,,,,,,,,,,,,,,,,,,,,,,,,,,,,,,,,,,,,,,,,,,,,,,,,*/wˈɛpəɾa/,,*/wˈɛɾb/,,,*/wˈɛɾðɐɾ̃/,,,,*/wˈɛt/,*/wˈɛe̯sa/,*/wˈɛe̯/,,,,,,,,,,,,,,,,,,,,,,,,,,,,,,,,,,,,,,,,,,,,,,,,,,,,,,,,,,,,,,,,,,,,,,,,,,,,,,,,,,,,,,,,,,,,,,,,,,,,,,,,,,,,,,,,,,,,,,,,,,,,,,,,,,,,,,,,,,,,,,,,,,,,,,,,,,,,,,,,,,,,,,,,,,,,,,,,,,,,,,,,,,,,,,,,,,,,,,,,,,,,,,,,,,,,,,,,,,,,,,,,,,,,,,,,,,,,,,,,,,,,,,,,,,,,,,,,,,,,,,,,,,,,,,,,,,,,,,,,,,,,,,,,,,,,,,,,,,,,,,,,,,,,,,,,,,,,,,,,,,,,,,,,,,,,,,,,,,,,,,,,,,,,,,,,,,,,,,,,,,,,,,,,,,,,,,,,,,,,,,,,,,,,,,,,,,,,,,,,,,,,,,,,,,,,,,,,,,,,
R365,,,,,,,,,,,,*/jˈɛta/,*/jˈɛva/,,,,,,,,,,,,,,,,,,,,,,,,,,,,,,,,,,,,,,,,,,,,,,,,,,,,,,,,,,,,,,,,,,,,,,,,,,,,,,,,,,,,,,,,,,,,,,,,,,,,,,,,,,,,,,,,,,,,,,,,,,,,,,,,,,,,,,,,,,,,,,,,,,,,,,,,,,,,,,,,,,,,,,,,,,,,,*/fə̃ɾ̃jˈɛʃtɾa/,,,,,,,,,,,,,,,,,,,,,,,,,,,,,,,,,,,,,,,,,,,,,,,,,,,,,,,,,,,,,,,,,,,,,,,,,,,,,,,,,,,,,,,,,,,,,,,,,,,,,,,,,,,,,,,,,,,,,,,,,,,,,,,,,,,,,,,,,,,,,,,,,,,,,,,,,,,,,,,,,,,,,,,,,,,,,,,,,,,,,,,,,,,,,,,,,,,,,,,,*/kˌaʃtə̃ɾ̃jˈɛt/,*/kɐʃtjˈɛlːa/,*/kɐʃtjˈɛlː/,,,,,,,,,,,,,,,,,,,,,,,,,,,,,,,,,,,,,,,,,,,,,,,,,,,,,,,,,,,,,,,,,,,,,,,,,,,,,,,,,,,,,,,,,,,,,,,,,,,,,,,,,,,,,,,,,,,,,,,,,,,,,,,,,,,,,,,,,,,,,,,,,,,,,,,,,,,,,,,,,,,,,,,,,,,,,,,,,,,,,,,,,*/lˌucjˈɛɾbulˠ/,,,,,,,,,,,,,,,,,,,,,,,,,,,,,,,,,,,,,,,,,,,,,,,,,,,,,,,,,,,,,,,,,,,,,,,,,,,,,,,,,,,,,,,,,,,,,,,,,,,,,,,,,,,,,,,,,,,,,,,,,,,,,,,,,,,,,,,,,,,,,,,,,,,,,,,,,,,,,,,,,,,,,,,,,,,,,,,,,,,,,,,,,,,,,,,,,,,,,,,,,,,,,,,,,,,,,,,,,,,,,,,,,,,,,,,,,,,,,,,,,,,,,,,,,,,,,,,,*/rːˌaʃtjˈɛlː/,,,,,,,,,,,,,,,,,,,,,,,,,,,,,,,,,,,,,,,,,,,,,,,,,,,,,,,,,,,,,,,,,,,,,,,,,,,,,,,,,,,,,,,,,,,,,,,,,,,,,,,,,,,,,,,,,,,,,,,,,,,,,,,,,,,,,,,,,,,,,,,,,,,,,,,,,,,,,,,,,,,,,,,,,,,,,,,,,,,,,,,,,,,,,,,,,,,,,,,,,,,,,,,,,,,,,,,,,,,,,,,,,,,,,,,,,,,,,,,,,,,,,,,,,,,,,,,,,,,,,,,,,,,,,,,,,,,,,,,,,,,,,,,,,,
R366,,,,,,,,,,,,,,,,,,,,,,,,,,,,,,,,,,,,,,,,,,,,,,,,,,,,,,,,,,,,,,,,,,,,,,,,,,,,,,,,,,,,,,,,,,,,,,,,,,,,,,,,,,,,,,,,,,,,,,,,,,,,,,,,,,,,,,,,,,,,,,,,,,,,,,,,,,,,,,,,*/wũnɟˈiːlˠ/,,,,,,,,,,,,,,,,,,,,,,,,,,,,,,,,,,,,,,,,,,,,,,,,,,,,,,,,,,,,,,,,,,,,,,,,,,,,,,,,,,,,,,,,,,,,,,,,,,,,,,,,,,,,,,,,,,,,,,,,,,,,,,,,,,,,,,,,,,,,,,,,,,,,,,,,,,,,,,,,,,,,,,,,,,,,,,,,,,,,,,,,,,,,,,,,,,,,,,,,,,,,,,,,,,,,,,,,,,,,,,,,,,,,,,,,,,,,,,,,,,,,,,,,,,,,,,,,,,,,,,,,,,,,,,,,,,,,,,,,,,,,,,,,,,,,,,,,,,,,,,,,,,,,,,,,,,,,,,,,,,,,,,,,,,,,,,,,,,,,,,,,,,,,,,,,,,,,,,,,,,,,,,,,,,,,,,,,,,,,,,,,,,,,,,,,,,,,,,,,,,,,,,,,,,,,,,,,,,,,,,,,,,,,,,,,,,,,,,,,,,,,,,,,,,,,,,,,,,,,,,,,,,,,,,,,,,,,,,,,,,,,,,,,,,,,,,,,,,,,,,,,,,,,,,,,,,,,,,,,,,,,,,,,,,,,,*/wˈuɾðɐɾ̃/,,,,*/wˈut/,,,,,,,,,,,,,,,,,,,,,,,,,,,,,,,,,,,,,,,,,,,,,,,,,,,,,,,,,,,,,,,,,,,,,,,,,,,,,,,,,,,,,,,,,,,,,,,,,,,,,,,,,,,,,,,,,,,,,,,,,,,,,,,,,,,,,,,,,,,,,,,,,,,,,,,,,,,,,,,,,,,,,,,,,,,,,,,,,,,,,,,,,,,,,,,,,,,,,,,,,,,,,,,,,,,,,,,,,,,,,,,,,,,,,,,,,,,,,,,,,,,,,,,,,,,,,,,,,,,,,,,,,,,,,,,,,,,,,,,,,,,,,,,,,,,,,,,,,,,,,,,,,,,,,,,,,,,,,,,,,,,,,,,,,,,,,,,,,,,,,,,,,,,,,,,,,,,,,,,,,,,,,,,,,,,,,,,,,,,,,,,,,,,,,,,,,,,,,,,,,,,,,,,,,,,,,,,,,,,,,,
R367,,,,,,,,,,,,,,,,,,,,,,,,,,,,,,,,,,,,,,,,,,,,,,,,,,,,,,,,*/ˈũnɡəlː/,,,,,,,,,,,,,,,,,,,,,,,,,,,,,,,,,,,,,,,,,,,,,,,,,,,,,,,,,,,,,,,,,,,,,,,,,,,,,,,,,,,,,,,,,,,,,,,,,*/ˌʊpˈɛːʃkp/,,,,,,,*/ũnɟˈiːlˠ/,,,,,,,,,,,,,,,,,,,,,,,,,,,,,,,,,,,,,,,,,,,,,,,,,,,,,,,,,,,,,,,,,,,,,,,,,,,,,,,,,,,,,,,,,,,,,,,,,,,,,,,,,,,,,,,,,,,,,,,,,,,,,,,,,,,,,,,,,,,,,,,,,,,,,,,,,,,,,,,,,,,,,,,,,,,,,,,,,,,,,,,,,,,,,,,,,,,,,,,,,,,,,,,,,,,,,,,,,,,,,,,,,,,,,,,,,,,,,,,,,,,,,,,,,,,,,,,,,,,,,,,,,,,,,,,,,,,,,,,,,,,,,,,,,,,,,,,,,,,,,,,,,,,,,,,,,,,,,,,,,,,,,,,,,,,,,,,,,,,,,,,,,,,,,,,,,,,,,,,,,,,,,,,,,,,,,,,,,,,,,,,,,,,,,,,,,,,,,,,,,,,,,,,,,,,,,,,,,,,,,,,,,,,,,,,,,,,,,,,,,,,,,,,,,,,,,,,,,,,,,,,,,,,,,,,,,,,,,,,,,,,,,,,,,,,,,,,,,,,,,,,,,,,,,,,,,,,,,,,,,,,,,,,,,,,,,*/ˈuɾðɐɾ̃/,,,,*/ˈut/,,,,,,,,,,,,,,,,,,,,,,,,,,,,,,,,,,,,,,,,,,,,,,,,,,,,,,,,,,,,,,,,,,,,,,,,,,,,,,,,,,,,,,,,,,,,,,,,,,,,,,,,,,,,,,,,,,,,,,,,,,,,,,,,,,,,,,,,,,,,,,,,,,,,,,,,,,,,,,,,,,,,,,,,,,,,,,,,,,,,,,,,,,,,,,,,,,,,,,,,,,,,,,,,,,,,,,,,,,,,,,,,,,,,,,,,,,,,,,,,,,,,,,,,,,,,,,,,,,,,,,,,,,,,,,,,,,,,,,,,,,,,,,,,,,,,,,,,,,,,,,,,,,,,,,,,,,,,,,,,,,,,,,,,,,,,,,,,,,,,,,,,,,,,,,,,,,,,,,,,,,,,,,,,,,,,,,,,,,,,,,,,,,,,,,,,,,,,,,,,,,,,,,,,,,,,,,,,,,,,,,
R368,,,,,,,,,,,,,,,,,,,,,,,,,,,,,,,,,,,,,,,,,,,,,,,,,,,,,,,,,,,,,,,,,,,,,,,,,,,,,,,,,,,,,,,,,,,,,,,,,,,,,,,,,,,,,,,,,,,,,,,,,,,,,,,,,,,,,,,,,,,,,,,,,,,,,,,,,,,,,,,,,,,,,,,,,,,,,,,,,,,,,,,,,,,,,,,,,,,,,,,,,,,,,,,,,,,,,,,,,,,,,,,,,,,,,,,,,,,,,,,,,,,,,,,,,,,,,,,,,,,,,,,,,,,,,,,,,,,,,,,,,,,,,,,,,,,,,,,,,,,,,,,,,,,,,,,,,,,,,,,,,,,,,,,,,,,,,,,,,,,,,,,,,,,,,,,,,,,,,,,,,,,,,,,,,,,,,,,,,,,,,,,,,,,,,,,,,,,,,,,,,,,,,,,,,,,,,,,,,,,,,,,,,,,,,,,,,,,,,,,,,,,,,,,,,,,,,,,,,,,,,,,,,,,,,,,,,,,,,,,,,,,,,,,,,,,,,,,,,,,,,,,,,,,,,,,,,,,,,,,,,,,,,,,,,,,,,,,,,,,,,,,,,,,,,,,,,,,,,,,,,,,,,,,,,,,,,,,,,,,,,,,,,,,,,,,,,,,,,,,,,,,,,,,,,,,,,,,,,,,,,,,,,,,,,,,,,,,,,,,,,,,,,,,,,,,,,,,,,,,,,,,,,,,,,,,,,,,,,,,,,,,,,,,,,,,,,,,,,,,,,,,,,,,,,,,,,,,,,,,,,,,,,,,,,,,,,,,,,,,,,,,,,,,,,,,,,,,,,,,,,,,,,,,,,,,,,,,,,,,,,,,,,,,,,,,,,,,,,,,,,,,,,,,,,,,,,,,,,,,,,,,,,,,,,,,,,,,,,,,,,,,,,,,,,,,,,,,,,,,,,,,,,,,,,,,,,,,,,,,,,,,,,,,,,,,,,,,,,,,,,,,,,,,,,,,,,,,,,,,,,,,,,,,,,,,,,,,,,,,,,,,,,,,,,,,,,,,,,,,,,,,,,,,,,,,,,,,,,,,,,,,,,,,,,,,,,,,,,,,,,,,,,,,,,,,,,,,,,,,,,,,,,,,,,,,,,,,,,,,,,,,,,,,,,,,,,,,,,,,,,,,,,,,,,,,,,,,,,,,,,,,,,,,,,,,,,,,,,,,,,,,,,,,,,,,,,,,,,,,
R369,,,,,,,,,,,,,,,,,,*/ˈaːɾbɐɾ̃/,*/əɾbə̃ɾ̃ˈɛːʃ/,,*/ˌaɾəɡˈɔːɾˈiː/,,,,,,,,,,,,,,,,,,,,,,,,,,,,,,,,,,,,,,,,,,,,,,,,,,,,,,,,,,,,,,,,,,,,,,,,,,,,,,,,,,,,,,,,,,,,,,,,,,,,,,,,,,,,,,,,,,,,,,,,,,,,,,,,,,,,,,,,,,,,,,,,,,,,,,,,,,,,,,,,,,,,,,,,,,,,,,,,,,,,,,,,,,,,,,,,,,,,,,,,,,,,,,,,,,,,,*/ɡˈaːɾɡulˠ/,,,,,,,,,,,,,,,*/ɡɾə̃mːəɾˈata/,,,,,,,,,,,,,,,,,,,,,,,,,,,,,,,,,,,,,,,,,,,,,,,,,,,,,,,,,,,,,,,,,,,,,,,,,,,,,,,,,,,,,,,,,,,,,,,,,,,,,,,,,,,,,,,,,,,,,,,,,,,,,,,,,,,,,,,,,,,,,,,,,,,,,,,,,,,,,,,,,,,,,,,,,,,,,,,,,,,,,,,,,,,,,,,,,,,,,,,,,,,,,,,,,,,,,,,,,,,,,,,,,,,,,,,,,,,,,,,,,,,,,,,,,,,,,,,,,,,,,,,,,,,,,,,,,,,,,,,,,,,,,,,,,,,,,,,,,,,,,,,,,,,,,,,,,,,,,,,,,,,,,,,,,,,,,,,,,,,,,,,,,,,,,,,,,,,,,,,,,,,,,,,,,,,,,,,,,,,,,,,,,,,,,,,,,,,,,,,,,,,,,,,,,,,,,,,,,,,,,,,,,,,,,,,,,,,,,,,,,,,,,,,,,,,,,,,,,,,,,,,,,,,,,,,,,,,,,,,,,,,,,,,,,,,,,,,,,,,,,,,,,,,,,,,,,,,,,,,,,,,,,,,,,,,,,,,,,,,,,,,,,,,,,,,,,,,,,,,,,,,,,,,,,,,,,,,,,,,,,,,,,,,,,,,,,,,,,,,,,,,,,,,,,,,,,,,,,,,,,,,,,,,,,,,,*/ʃˌɛːɾbˈɛːlːa/,,,,,,,,,,,,,,,,,,,,,,,,,,,,,,,,,,,,,,,,,,,,,,,,,,,,,,,,,,,,,,,,,,,,,,,,,,,,,,,,,*/ʃpɾə̃ɾ̃ˈɛtka/,,,,,,,,,,,,,,,,,,,,,,,,,,,,,,,,,,,,,,,,,,,,,,,,,,,,,,,,,,,,,,,,,,,,,,,,,,,,,,,,,,,,,,,,,,,,,,,,,,,,,,,,,,,,,,,,,,,,,,,,,,,,,,,,,,,,,,,,,,,,,,,,,,,,,,,,,,,,,*/vˌuɾəɾˈata/
R370,,,,,,,,,,,,,,,,,,,,,,,,,,,,,,,,,,,,,,,,,,,,,,,,,,,,,,,,,,,,,,,,,,,,,,,,,,,,,,,,,,,,,,,,,,,,,,,,,,,,,,,*/dʃkˌalːəkˈɔ̃ɲ/,*/dʃkˌaɾkˈɔ̃ɲ/,,*/dʃcˌyːɾtˈɔ̃ɲ/,*/dzbˌulːˈɔ̃ɲ/,,,,,,,,,,,,,,,,,,*/ʃndəɾˈɔ̃ɲ/,,,,,,,,,,,,,,,,,,,,,,,,,,,,,,,,,,,,,,,,,,,,,,,,,,,,,,,,,,,,,,,,,,,,,,,,,,,,,,,,,,,,,,,,,,,,,,,,,,,,,,,,,,,,,,,,,,,,,,,,,,,,,,,,,,,,,,,,,,,,,,,,,,,,,,,,,,,,,,,,,,,,,,,,,,,,,,,,,,,,,,,,,,,,,,,,,,,,,,,,,,,,,,,,,,,,,,,,,,,,,,,,,,,,,,,,,,,,,,,,,,,,,,,,,,,,,,,,,,,,,,,,,,,,,,,,,,,,,,,,,,,,,,,,,,,,,,,,,,,,,,,,,,,,,,,,,,,,,,,,,,,,,,,,,,,,,,,,,,,,,,,,,,,,,,,,,,,,,,,,,,,,,,,,,,,,,,,,,,,,,,,,,,,,,,,,,,,,,,,,,,,,,,,,,,,,,,,,,,,,,,,,,,,,,,,,,,,,,,,,,,,,,,,,,,,,,,,,,,,,,,,,,,,,,,,,,,,,,,,,,,,,,,,,,,,,,,,,,,,,,,,,,,,,,,,,,,,,,,,,,,,,,,,,,,,,,,,,,,,,,,,,,,,,,,,,,,,,,,,,,,,,,,,,,,,,,,,,,,,,,,,,,,,,,,,,,,,,,,,,,,,,,,,,,,,,,,,,,,,,,,,,,,,,,,,,,,,,,,,,,,,,,,,,,,,,,,,,,,,,,,,,,,,,,,,,,,,,,,,,,,,,,,,,,,,,,,,,,,,,,,,,,,,,,,,,,,,,,,,,,,,,,,,,,,,,,,,,,,,,,,,,,,,,,,,,,,,,,,,,,,,,,,,,,,,,,,,,,,,,,,,,,,,,,,,,,,,,,,,,,,,,,,,,,,,,,,,,,,,,,,,,,,,,,,,,,,,,,,,,,,,,,,,,,,,,,,,,,,,,,,,,,,,,,,,,,,,,,,,,,,,,,,,,,,,,,,,,,,,,,,,,,,,,,,,,,,,,,,,,,,,,,,,,,,,,,,,,,,,,,,,,,,,,,,,,,,,,,,,,,,,,,,,,,,,,,,,,,,,,,,,,,,,,,,,,,,
R371,,*/bˈɛ̃ŋɡ/,,,,,,,,,,,,,,,,,,,,,,,,,,,,,,,,,,,,,,,,,,,,,,,,,,,,,,,,,,,,,,,,,,,,,,,,,,,,,,,,,,,,,,,,,,,,,,,,,,,,,,,,,,,,,,,,,,,,,,,,,,,,,,,,,,,,,,,,,,,,,,,,,,,,,,,,,,,,,,,,,,,,,,,,,,,,,,,,,,,,,,,,,,,,,,,,,,,,,,,,,,,,,,,,,,,,,,,,,,,,,,,,,,,,,,,,,,,,,,,,,,,,,,,,,,,,,,,,,,,,,,,,,,,,,,,,,,,,,,,,,,,,,,,,,,,,,,,,,,,,,,,,,,,,,,,,,,,,,,,,,,,,,,,,,,,,,,,,,,,,,,,,,,,,,,,,,,,,,,,,,,,,,,,,,,,,,,,,,,,,,,,,,,,,,,,,,,,,,,,,,,,,,,,,,,,,,,,,,,,,,,,,,,,,,,,,,,,,,,,,,,,,,,,,,,,,,,,,,,,,,,,,,,,,,,,,,,,,,,,,,,,,,,,,,,,,,,,,,,,,,,,,,,,,,,,,,,,,,,,,,,,,,,,,,,,,,,,,,,,,,,,,,,,,,,,,,,,,,,,,,,,,,,,,,,,,,,,,,,,,,,,,,,,,,,,,,,,,,,,,,,,,,,,,,,,,,,,,,,,,,,,,,,,,,,,,,,,,,,,,,,,,,,,,,,,,,,,,,,,,,,,,,,,,,,,,,,,,,,,,,,,,,,,,,,,,,,,,,,,,,,,,,,,,,,,,,,,,,,,,,,,,,,,,,,,,,,,,,,,,,,,,,,,,,,*/pˈɛ̃ŋɡ/,,,,,,,,,,,,,,,,,,,,,,,,,,,,,,,,,,,,,,,,,,,,,,,,,,,,,,,,,,,,,,,,,,,,,,,,,,,,,,,,,,,,,,,,,,,,,,,,,,,,,,,,,,,,,,,,,,,,,,,,,,,,,,,,,,,,,,,,,,,,,,,,,,,,,,,,,,,,,,,,,,,*/ʃˈɛ̃ŋɡ/,,,,,,,,,,,,,,,,,,,,,,,,,,,,,,,,,,,,,,,,,,,,,,,,,,,,,,,,,,,,,,,,,,,,,,,,,,,,,,,,,,,,,,,,,,,,,,,,,,,,,,,,,,,,,,,,,,,,,,,,,,,,,,,,,,,,,,,,,,,,,,,,,,,,,,,,,,,,,,,,,,,,,,,,,,,,,,,,,,,,,,,,,,,,,,,,,,,,,,,,,,,,
R372,,,,,,,,,,,,,,,,,,,,,,,,,,,,,,,,,,,,,,,,,,,,,,,,,,,,,,,,,,,,,,,,,,,,,,,,,,,,,,,,,,,,,,,,,,,,,,,,,,,,,,,,,,,,,,,,,,,,,,,,,,,,,,,,,,,,,,,,,,,,,,,,,,,,,,,,,,,,,,,,,,,,,,,,,,,,,,,,,,,,,,,,,,,,,,,,,,,,,,,,,,,,,,,,,,,,,,,,,,,,,,,,,,,,,,,,,,,,,,,,,,,,,,,,,,,,,,,,,,,,,,,,,,,,,,,,,,,,,,,,,,,,,,,,,,,,,,,,,,,,,,,,,,,,,,,,,,,,,,,,,,,,,,,,,,,,,,,,,,,,,,,,,,,,,,,,,,,,,,,,,,,,,,,,,,,,,,,,,,,,,,,,,,,,,,,,,,,,,,,,,,,,,,,,,,,,,,,,,,,,,,,,,,,,,,,,,,,,,,,,,,,,,,,,,,,,,,,,,,,,,,,,,,,,,,,,,,,,,,,,,,,,,,,,,,,,,,,,,,,,,,,,,,,,,,,,,,,,,,,,,,,,,,,,,,,,,,,,,,,,,,,,,,,,,,,,,,,,,,,,,,,,,,,,,,,,,,,,,,,,,,,,,,,,,,,,,,,,,,,,,,,,,,,,,,,,,,,,,,,,,,,,,,,,,,,,,,,,,,,,,,,,,,,,,,,,,,,,,,,,,,,,,,,,,,,,,,,,,,,,,,,,,,,,,,,,,,,,,,,,,,,,,,,,,,,,,,,,,,,,,,,,,,,,,,,,,,,,,,,,,,,,,,,,,,,,,,,,,,,,,,,,,,,,,,,,,,,,,,,,,,,,,,,,,,,,,,,,,,,,,,,,,,,,,,,,,,,,,,,,,,,,,,,,,,,,,,,,,,,,,,,,,,,,,,,,,,,,,,,,,,,,,,,,,,,,,,,,,,,,,,,,,,,,,,,,,,,,,,,,,,,,,,,,,,,,,,,,,,,,,,,,,,,,,,,,,,,,,,,,,,,,,,,,,,,,,,,,,,,,,,,,,,,,,,,,,,,,,,,,,,,,,,,,,,,,,,,,,,,,,,,,,,,,,,,,,,,,,,,,,,,,,,,,,,,,,,,,,,,,,,,,,,,,,,,,,,,,,,,,,,,,,,,,,,,,,,,,,,,,,,,,,,,,,,,,,,,,,,,,,,,,,,,,,,,,,,,,,,,
R373,,,,,,,,,,,,,,,,,,,,,,,,,,,,,,,,,,,,,,,,,,,,,,,,,,,,,,,,,,,,,,,,,,,,,,,,,,,,,,,,,,,,,,,,,,,,,,,,,,,,,,,,,,,,,,,,,,,,,,,,,,,,,,,,,,,,,,,,,,,,,,,,,,,,,,,,,,,,,,,,,,,,,,,,,,,,,,,,,,,,,,,,,,,,,,,,,,,,,,,,,,,,,,,,,,,,,,,,,,,,,,,,,,,,,,,,,,,,,,,,,,,,,,,,,,,,,,,,,,,,,,,,,,,,,,,,,,,,,,,,,,,,,,,,,,,,,,,,,,,,,,,,,,,,,,,,,,,,,,,,,,,,,,,,,,,,,,,,,,,,,,,,,,,,,,,,,,,,,,,,,,,,,,,,,,,,,,,,,,,,,,,,,,,,,,,,,,,,,,,,,,,,,,,,,,,,,,,,,,,,,,,,,,,,,,,,,,,,,,,,,,,,,,,,,,,,,,,,,,,,,,,,,,,,,,,,,,,,,,,,,,,,,,,,,,,,,,,,,,,,,,,,,,,,,,,,,,,,,,,,,,,,,,,,,,,,,,,,,,,,,,,,,,,,,,,,,,,,,,,,,,,,,,,,,,,,,,,,,,,,,,,,,,,,,,,,,,,,,,,,,,,,,,,,,,,,,,,,,,,,,,,,,,,,,,,,,,,,,,,,,,,,,,,,,,,,,,,,,,,,,,,,,,,,,,,,,,,,,,,,,,,,,,,,,,,,,,,,,,,,,,,,,,,,,,,,,,,,,,,,,,,,,,,,,,,,,,,,,,,,,,,,,,,,,,,,,,,,,,,,,,,,,,,,,,,,,,,,,,,,,,,,,,,,,,,,,,,,,,,,,,,,,,,,,,,,,,,,,,,,,,,,,,,,,,,,,,,,,,,,,,,,,,,,,,,,,,,,,,,,,,,,,,,,,,,,,,,,,,,,,,,,,,,,,,,,,,,,,,,,,,,,,,,,,,,,,,,,,,,,,,,,,,,,,,,,,,,,,,,,,,,,,,,,,,,,,,,,,,,,,,,,,,,,,,,,,,,,,,,,,,,,,,,,,,,,,,,,,,,,,,,,,,,,,,,,,,,,,,,,,,,,,,,,,,,,,,,,,,,,,,,,,,,,,,,,,,,,,,,,,,,,,,,,,,,,,,,,,,,,,,,,,,,,,,,,,,,,,,,,,,,,,,,,,,,,,,,,,,,
R374,,,,,,,,,,,,,,,,,,,,,,,,,,,,,,,,,,,,,,,,,,,,,,,,,,,,,,,,,,,,,,,,,,,,,,,,,,,,,,,,,,,,,,,,,,,,,,,,,,,,,,,,,,,,,,,,,,,,,,,,,,,,,,,,,,,,,,,,,,,,,,,,,,,,,,,,,,,,,,,,,,,,,,,,,,,,,,,,,,,,,,,,,,,,,,,,,,,,,,,,,,,,,,,,,,,,,,,,,,,,,,,,,,,,,,,,,,,,,,,,,,,,,,,,,,,,,,,,,,,,,,,,,,,,,,,,,,,,,,,,,,,,,,,,,,,,,,*/ə̃mbˌurːˈã/,,,,,,,,,,,,,,,,,,,,,,,,*/ə̃mpəkˈat/,*/ə̃mpəʃˈɔ̃ɲ/,,,,,,,,,,,,,,,,,,,,,,,,,,,,,,,,,,,,,,,,,,,,,,,,,,,,,,,,,,,,,,,,,,,,,,,,,,,,,,,,,,,,,,,,,,,,,,,,,,,,,,,,,,,,,,,,,,,,,,,,,,,,,,,,,,,,,,,,,,,,,,,,,,,,,,,,,,,,,,,,,,,,,,,,,,,,,,,,,,,,,,,,,,,,,,,,,,,,,,,,,,,,,,,,,,,,,,,,,,,,,,,,,,,,,,,,,,,,,,,,,,,,,,,,,,,,,,,,,,,,,,,,,,,,,,,,,*/mə̃mpulˠˈɔ̃ɲ/,,,,,,,,,,,,,,,,,,,,,,,,,,,,,,,,,,,,,,,,,,,,,,,,,,,,,,,,,,,,,,,,,,,,,,,,,,,,,,,,,,,,,,,,,,,,,,,,,,,,,,,,,,,,,,,,,,,,,,,,,,,,,,,,,,,,,,,,,,,,,,,,,,,,,,,,,,,,,,,,,,,,,,,,,,,,,,,,,,,,,,,,,,,,,,,,,,,,,,,,,,,,,,,,,,,,,,,,,,,,,,,,,,,,,,,,,,,,,,,,,,,,,,,,,,,,,,,,,,,,,,,,,,,,,,,,,,,,,,,,,,,,,,,,,,,,,,,,,,,,,,,,,,,,,,,,,,,,,,,,,,,,,,,,,,,,,,,,,,,,,,,,,,,,,,,,,,,,,,,,,,,,,,,,,,,,,,,,,,,,,,,,,,,,,,,,,,,,,,,,,,,,,,,,,,,,,,,,,,,,,,,,,,,,,,,,,,,,,,,,,,,,,,,,,,,,,,,,,,,,,,,,,,,,,,,,,,,,,,,,,,,,,,,,,,,,,,,,,,,,,,,,,,,,,,,,,,,,,,,,,,,,,,,
R375,,,,,,,,,,,,,,,,,,,,,,,,,,,,,,,,,,,,,,,,,,,,,,,,,,,,,,,,,,,,,,,,,,,,,,,,,,,,,,,,,,,,,,,,,,,,,,,,,,,,,,,,,,,,,,,,,,,,,,,,,,,,,,,,,,,,,,,,,,,,,,,,,,,,,,,,,,,,,,,,,,,,,,,,,,,,,,,,,,,,,,,,,,,,,,,,,,,,,,,,,,,,,,,,,,,,,,,,,,,,,,,,,,,,,,,,,,,,,,,,,,,,,,,,,,,,,,,,,,,,,,,,,,,,,,,,,,,,,,,,,,,,,,,,,,,,,,,,,,,,,,,,,,,,,,,,,,,,,,,,,,,,,,,,,,,,,,,,,,,,,,,,,,,,,,,,,,,,,,,,,,,,,,,,,,,,,,,,,,,,,,,,,,,*/kɐʃcˈɛlːa/,*/kɐʃcˈɛlː/,,,,,,,,,,,,,,,,,,,,,,,,,,,,,,,,,,,,,,,,,,,,,,,,,,,,,,,,,,,,,,,,,,,,,,,,,,,,,,,,,,,,,,,,,,,,,,,,,,,,,,,,,,,,,,,,,,,,,,,,,,,,,,,,,,,,,,,,,,,,,,,,,,,,,,,,,,,,,,,,,,,,,,,,,,,,,,,,,,,,,,,,,,,,,,,,,,,,,,,,,,,,,,,,,,,,,,,,,,,,,,,,,,,,,,,,,,,,,,,,,,,,,,,,,,,,,,,,,,,,,,,,,,,,,,,,,,,,,,,,,,,,,,,,,,,,,,,,,,,,,,,,,,,,,,,,,,,,,,,,,,,,,,,,,,,,,,,,,,,,,,,,,,,,,,,,,,,,,,,,,,,,,,,,,,,,,,,,,,,,,,,,,,,,,,,,,,,,,,,,,,,,,,,,,,,,,,,,,,,,,,,,,,,,,,,,,,,,,,,,,*/rːˌaʃcˈɛlː/,,,,,,,,,,,,,,,,,,,,,,,,,,,,,,,,,,,,,,,,,,,,,,,,,,,,,,,,,,,,,,,,,,,,,,,,,,,,,,,,,,,,,,,,,,,,,,,,,,,,,,,,,,,,,,,,,,,,,,,,,,,,,,,,,,,,,,,,,,,,,,,,,,,,,,,,,,,,,,,,,,,,,,,,,,,,,,,,,,,,,,,,,,,,,,,,,,,,,,,,,,,,,,,,,,,,,,,,,,,,,,,,,,,,,,,,,,,,,,,,,,,,,,,,,,,,,,,,,,,,,,,,,,,,,,,,,,,,,,,,,,,,,,,,,,
R376,,,,,,,,,,,,,,,,,,,,,,,,,,,,,,,,,,,,,,,,,,,,,,,,,,,,,,,,,,,,,,,,,,,,,,,,,,,,,,,,,,,,,,,,,,,,,,,,,,,,,,,,,,,,,,,,,,,,,,,,,,,,,,,,,,,,,,,,,,,,,,,,,,,,,,,,,,,,,,,,,,,,,,,,,,,,,,,,,,,,,,,,,,,,,,,,,,,,,,,,,,,,,,,,,,,,,,,,,,,,,,,,,,,,,,,,,,,,,,,,,,,,,,,,,,,,,,,,,,,,,,,,,,,,,,,,,,,,,,,,,,,,,,,,,,,,,,,,,,,,,,,,,,,,,,,,,,,,,,,,,,,,,,,,,,,,,,,,,,,,,,,,,,,,,,,,,,,,,,,,,,,,,,,,,,,,,,,,,,,,,,,,,,,,,,,,,,,,,,,,,,,,,,,,,,,,,,,,,,,,,,,,,,,,,,,,,,,,,,,,,,,,,,,,,,,,,,,,,,,,,,,,,,,,,,,,,,,,,,,,,,,,,,,,,,,,,,,,,,,,,,,,,,,,,,,,,,,,,,,,,,,,,,,,,,,,,,,,,,,,,,,,,,,,,,,,,,,,,,,,,,,,,,,,,,,,,,,,,,,,,,,,,,,,,,,,,,,,,,,,,,,,,,,,,,,,,,,,,,,,,,,,,,,,,,,,,,,,,,,,,,,,,,,,,,,,,,,,,,,,,,,,,,,,,,,,,,,,,,*/njˈɛɾka/,,,,,,,,,,,,,,,,,,,,,,,,,,,,,,,,,,,,,,,,,,,,,,,,,,,,,,,,,,,,,,*/pjˈɛɾɡulˠ/,,,,,,,,,,,,,,,,,,,,,,,,,,,,,,,,,,,,,,,,,,,,,,,,,,,,,,,,,,,,,,,,,,,,,,,,,,,,,,,,,,,,,,,,,,,,,,,,,,,,,,,,,,,,,,,,,,,,,,,,,,,,,,,,,,,,,,,,,,,,,,,,,,,,,,,,,,,,,,,,,,,,,,,,,,,,,,,,,,,,,,,,,,,,,,,,,,,,,,,,,,,,,,,,,,,,,,,,,,,,,,,,,,,,,,,,,,,,,,,,,,,,,,,,,,,,,,,,,,,,,,,,,,,,,,,,,,,,,,,,,,,,,,,,,,,,,,,,,,,,,,,,,,,,,,,,,,,,,,,,,,,,,,,,,,,,,,,,,,,,,,,*/vjˈɛɾʃa/,,,,,,,,,,,,,,,,,,,,,,,,,,,,,,,,,,,,
R377,,,,,,,,,,,,,,,,,,,,,,,,,,,,,,,,,,,,,,,,,,,,,,,,,,,,,,,,,,,,,,,,,,,,,,,,,,,,,,,,,,,,,,,,,,,,,,,,,,,,,,,,,,,,,,,,,,,,,,,,,,,,,,,,,,,,,,,,,,,,,,,,,,,,,,,,,,,,,,,,,,,,,,,,,,,,,,,,,,,,,,,,,,,,,,,,,,,,,,,,,,,,,,,,,,,,,,,,,,,,,,,,,,,,,,,,,,,,,,,,,,,*/ɟjˈɛʃtɾa/,,,,,,,,,,,,,,,,,,,,,,,,,,,,,,,,,,,,,,,,,,,,,,,,,,,,,,,,,,,,,,,,,,,,,,,,,,,,,,,,,,,,,,,,,,,,,,,,,,,,,,,,,,,,,,,,,,,,,,,,,,,,,,,,,,,,,,,,,,,,,,,,,,,,,,,,,,,,,,,,,,,,,,,,,,,,,,,,,,,,,,,,,,,,,,,,,,,,,,,,,,,,,,,,,,,,,,,,,,,,,,,,,,,,,,,,,,,,,,,,,,,,,,,,,,,,,,,,,,,,,,,,,,,,,,,,,,,,,,,,,,,,,,,,,,,,,,,,,,,,,,,,,,,,,,,,,,,,,,,,,,,,,,,,,,,,*/mjˈɛʃtɾ/,,,,,,,,,,,,,,,,,,,,,,,,,,,,,,,,,,,,,,,,,,,,,,,,,,*/mjˈɛz/,,,,,,,,,,*/mjˈɛtulˠ/,,,,,,,,,,,,,,,,,,,,,,,,,,,,,,,,,,*/mjˈɛɡulˠ/,,,,,,,,,,,,,,,,,,,,,,,,,,,,,,,,,,,,,,,,,,,,,,,,,,,,,,,,,,,,,,,,,,,,,*/pjˈɛpɐɾ̃/,,,,,,,,,,*/pjˈɛʃəka/,,*/pjˈɛtɾ/,,,,,,,,,,,,,,,,,,,,,,,,,,,,,,,,,,,,,,,,,,,,,,,,,,,,,,,,,,,,,,,,,,,,,,,,,,,,,,,,,,,,,,,,,,,,,,,,,,,,,,,,,,,,,,,,,,,,,,,,,,,,,,,,,,,,,,,,,,,,,,,,,,,,,,,,,,,,,,,,,,,*/ʃjˈɛʃ/,,,,,,,,,,,,,,,,,,,,,,,,,,,,,,,,,,,,,,,,,,,,,,,,,,,,,,,,,,,,,,,,,,,,,,,,,,,,,,,,,,,,,,,,,,,*/tjˈɛɡulˠ/,,,,,,,,,,,,,,,,,,,,,,,,,,,,,,,,,,,,,,,,,,,,,,,,,,,,,,,,,,,,,,,,,,,,,,,,,,,,,,,,,,,,,,,*/vjˈɛtəɾ/,,,,,,,,,,,,,,,,,,,,,,,,,,,,
R378,,,,,,,,,,,,,,,,,,,,,,,,,,,,,,,,,,,,,,,,,,,,,,,,,,,,,,,,,,,,,,,,,,,,,,,,,,,,,,,,,,,,,,,,,,,,,,,,,,,,,,,,,,,,,,,,,,,,,,,,,,,,,,,,,,,,,,,,,,,,,,,,,,,,,,,,,,,,,,,,,,,,,,,,,,,,,,,,,,,,,,,,,,,,,,,,,,,,,,,,,,,,,,,,,,,,,,,,,,,,,,,,,,,,,,,,,,,,,,,,,,,,,,,,,,,,,,,,,,,,,,,,,,,,,,,,,,,,,,,,,,,,,,,,,,,,,,,,,,,,,,,,,,,,,,,,,,,,,,,,,,,,,,,,,,,,,,,,,,,,,,,,,,,,,,,,,,,,,,,,,,,,,,,,,,,,,,,,,,,,,,,,,,,,,,,,,,,,,,,,,,,,,,,,,,,,,,,,,,,,,,,,,,,,,,,,,,,,,,,,,,,,,,,,,,,,,,,,,,,,,,,,,,,,,,,,,,,,,,,,,,,,,,,,,,,,,,,,,,,,,,,,,,,,,,,,,,,,,,,,,,,,,,,,,,,,,,,,,,,,,,,,,,,,,,,,,,,,,,,,,,,,,,,,,,,,,,,,,,,,,,,,,,,,,,,,,,,,,,,,,,,,,,,,,,,,,,,,,,,,,,,,,,,,,,,,,,,,,,,,,,,,,,,,,,,,,,,,,,,,,,,,,,,,,,,,,,,,,,,,,,,,,,,,,,,,,,,,,,,,,,,,,,,,,,,,,,,,,,,,,,,,,,,,,,,,,,,,,,,,,,,,,,,,,,,,,,,,,,,,,,,,,,,,,,,,,,,,,,,,,,,,,,,,,,,,,,,,,,,,,,,,,,,,,,,,,,,,,,,,,,,,,,,,,,,,,,,,,,,,,,,,,,,,,,,,,,,,,,,,,,,,,,,,,,,,,,,,,,,,,,,,,,,,,,,,,,,,,,,,,,,,,,,,,,,,,,,,,,,,,,,,,,,,,,,,,,,,,,,,,,,,,,,,,,,,,,,,,,,,,,,,,,,,,,,,,,,,,,,,,,,,,,,,,,,,,,,,,,,,,,,,,,,,,,,,,,,,,,,,,,,,,,,,,,,,,,,,,,,,,,,,,,,,,,,,,,,,,,,,,,,,,,,,,,,,,,,,,,,,,,,,,,,,,,,,,,,,,,,,,,,,,,,,,,,,,,,,,,,
R379,,,,,,,,,,,,,,,,,,,,,,,,,,,,,,,,,,,,,,,,,,,,,,,,,,,,,,,,,,,,,,,,,,,,,,,,,,,,,,,,,,,,,,,,,,,,,,,,,,,,,,,,,,,,,,,,,,,,,,,,,,,,,,,,,,,,,,,,,,,,,,,,,,,,,,,,,,,,,,,,,,,,,,,,,,,,,,,,,,,,,,,,,,,,,,,,,,,,,,,,,,,,,,,,,,,,,,,,,,,,,,,,,,,,,,,,,,,,,,,,,,,,,,,,,,,,,,,,,,,,,,,,,,,,,,,,,,,,,,,,,,,,,,,,,,,,,,,,,,,,,,,,,,,,,,,,,,,,,,,,,,,,,,,,,,,,,,,,,,,,,,,,,,,,,,,,,,,,,,,,,,,,,,,,,,,,,,,,,,,,,,,,,,,,,,,,,,,,,,,,,,,,,,,,,,,,,,,,,,,,,,,,,,,,,,,,,,,,,,,,,,,,,,,,,,,,,,,,,,,,,,,,,,,,,,,,,,,,,,,,,,,,,,,,,,,,,,,,,,,,,,,,,,,,,,,,,,,,,,,,,,,,,,,,,,,,,,,,,,,,,,,,,,,,,,,,,,,,,,,,,,,,,,,,,,,,,,,,,,,,,,,,,,,,,,,,,,,,,,,,,,,,,,,,,,,,,,,,,,,,,,,,,,,,,,,,,,,,,,,,,,,,,,,,,,,,,,,,,,,,,,,,,,,,,,,,,,,,,,,,,,,,,,,,,,,,,,,,,,,,,,,,,,,,,,,,,,,,,,,,,,,,,,,,,,,,,,,,,,,,,,,,,,,,,,,,,,,,,,,,,,,,,,,,,,,,,,,,,,,,,,,,,,,,,,,,,,,,,,,,,,,,,,,,,,,,,,,,,,,,,,,,,,,,,,,,,,,,,,,,,,,,,,,,,,,,,,,,,,,,,,,,,,,,,,,,,,,,,,,,,,,,,,,,,,,,,,,,,,,,,,,,,,,,,,,,,,,,,,,,,,,,,,,,,,,,,,,,,,,,,,,,,,,,,,,,,,,,,,,,,,,,,,,,,,,,,,,,,,,,,,,,,,,,,,,,,,,,,,,,,,,,,,,,,,,,,,,,,,,,,,,,,,,,,,,,,,,,,,,,,,,,,,,,,,,,,,,,,,,,,,,,,,,,,,,,,,,,,,,,,,,,,,,,,,,,,,,,,,,,,,,,,,,,,,,,,,,,,,,
R380,,,,,,,,,,,,,,,,,,,,,,,,,,,,,,,,,,,,,,,,,,,,,,,,,,,,,,,,,,,,,,,,,,,,,,,,,,,,,,,,,,,,,,,,,,,,,,,,,,,,,,,,,,,,,,,,,,,,,,,,,,,,,,,,,,,,,,,,,,,,,,,,,,,,,,,,,,,,,,,,,,,,,,,,,,,,,,,,,,,,,,,,,,,,,,,,,,,,,,,,,,,,,,,,,,,,,,,,,,,,,,,,,,,,,,,,,,,,,,,,,,,,,,,,,,,,,,,,,,,,,,,,,,,,,,,,,,,,,,,,,,,,,,,,,,,,,,,,,,,,,,,,,,,,,,,,,,,,,,,,,,,,,,,,,,,,,,,,,,,,,,,,,,,,,,,,,,,,,,,,,,,,,,,,,,,,,,,,,,,,,,,,,,,,,,,,,,,,,,,,,,,,,,,,,,,,,,,,,,,,,,,,,,,,,,,,,,,,,,,,,,,,,,,,,,,,,,,,,,,,,,,,,,,,,,,,,,,,,,,,,,,,,,,,,,,,,,,,,,,,,,,,,,,,,,,,,,,,,,,,,,,,,,,,,,,,,,,,,,,,,,,,,,,,,,,,,,,,,,,,,,,,,,,,,,,,,,,,,,,,,,,,,,,,,,,,,,,,,,,,,,,,,,,,,,,,,,,,,,,,,,,,,,,,,,,,,,,,,,,,,,,,,,,,,,,,,,,,,,,,,,,,,,,,,,,,,,,,,,,,,,,,,,,,,,,,,,,,,,,,,,,,,,,,,,,,,,,,,,,,,,,,,,,,,,,,,,,,,,,,,,,,,,,,,,,,,,,,,,,,,,,,,,,,,,,,,,,,,,,,,,,,,,,,,,,,,,,,,,,,,,,,,,,,,,,,,,,,,,,,,,,,,,,,,,,,,,,,,,,,,,,,,,,,,,,,,,,,,,,,,,,,,,,,,,,,,,,,,,,,,,,,,,,,,,,,,,,,,,,,,,,,,,,,,,,,,,,,,,,,,,,,,,,,,,,,,,,,,,,,,,,,,,,,,,,,,,,,,,,,,,,,,,,,,,,,,,,,,,,,,,,,,,,,,,,,,,,,,,,,,,,,,,,,,,,,,,,,,,,,,,,,,,,,,,,,,,,,,,,,,,,,,,,,,,,,,,,,,,,,,,,,,,,,,,,,,,,,,,,,,,,,,,,,,,,,,,,,,,,,,,,,,,,,,,,,,,,,,,,
R381,,,,,,,,,,,,,,,,,,,,,,,,,,,,,,,,,,,,,,,,,,,,,,,,,,,,,,,,,,,,,,,,,,,,,,,,,,,,,,,,,,,,,,,,,,,,,,,,,,,,,,,,,,,,,,,,,,,,,,,,,,,,,,,,,,,,,,,,,,,,,,,,,,,,,,,,,,,,,,,,,,,,,,,,,,,,,,,,,,,,,,,,,,,,,,,,,,,,,,,,,,,,,,,,,,,,,,,,,,,,,,,,,,,,,,,,,,,,,,,,,,,,,,,,,,,,,,,,,,,,,,,,,,,,,,,,,,,,,,,,,,,,,,,,,,,,,,,,,,,,,,,,,,,,,,,,,,,,,,,,,,,,,,,,,,,,,,,,,,,,,,,,,,,,,,,,,,,,,,,,,,,,,,,,,,,,,,,,,,,,,,,,,,,,,,,,,,,,,,,,,,,,,,,,,,,,,,,,,,,,,,,,,,,,,,,,,,,,,,,,,,,,,,,,,,,,,,,,,,,,,,,,,,,,,,,,,,,,,,,,,,,,,,,,,,,,,,,,,,,,,,,,,,,,,,,,,,,,,,,,,,,,,,,,,,,,,,,,,,,,,,,,,,,,,,,,,,,,,,,,,,,,,,,,,,,,,,,,,,,,,,,,,,,,,,,,,,,,,,,,,,,,,,,,,,,,,,,,,,,,,,,,,,,,,,,,,,,,,,,,,,,,,,,,,,,,,,,,,,,,,,,,,,,,,,,,,,,,,,,,,,,,,,,,,,,,,,,,,,,,,,,,,,,,,,,,,,,,,,,,,,,,,,,,,,,,,,,,,,,,,,,,,,,,,,,,,,,,,,,,,,,,,,,,,,,,,,,,,,,,,,,,,,,,,,,,,,,,,,,,,,,,,,,,,,,,,,,,,,,,,,,,,,,,,,,,,,,,,,,,,,,,,,,,,,,,,,,,,,,,,,,,,,,,,,,,,,,,,,,,,,,,,,,,,,,,,,,,,,,,,,,,,,,,,,,,,,,,,,,,,,,,,,,,,,,,,,,,,,,,,,,,,,,,,,,,,,,,,,,,,,,,,,,,,,,,,,,,,,,,,,,,,,,,,,,,,,,,,,,,,,,,,,,,,,,,,,,,,,,,,,,,,,,,,,,,,,,,,,,,,,,,,,,,,,,,,,,,,,,,,,,,,,,,,,,,,,,,,,,,,,,,,,,,,,,,,,,,,,,,,,,,,,,,,,,,,,,,,,,
R382,,,,,,,,,,,,,,,,,,,,,,,,,,,,,,,,,,,,,,,,,,,,,,,,,,,,,,,,,,,,,,,,,,,,,,,,,,,,,,,,,,,,,,,,,,,,,,,,,,,,,,,,,,,,,,,,,,,,,,,,,,,,,,,,,,,,,,,,,,,,,,,,,,,,,,,,,,,,,,,,,,,,,,,,,,,,,,,,,,,,,,,,,,,,,,,,,,,,,,,,,,,,,,,,,,,,,,,,,,,,,,,,,,,,,,,,,,,,,,,,,,,,,,,,,,,,,,,,,,,,,,,,,,,,,,,,,,,,,,,,,,,,,,,,,,,,,,,,,,,,,,,,,,,,,,,,,,,,,,,,,,,,,,,,,,,,,,,,,,,,,,,,,,,,,,,,,,,,,,,,,,,,,,,,,,,,,,,,,,,,,,,,,,,,,,,,,,,,,,,,,,,,,,,,,,,,,,,,,,,,,,,,,,,,,,,,,,,,,,,,,,,,,,,,,,,,,,,,,,,,,,,,,,,,,,,,,,,,,,,,,,,,,,,,,,,,,,,,,,,,,,,,,,,,,,,,,,,,,,,,,,,,,,,,,,,,,,,,,,,,,,,,,,,,,,,,,,,,,,,,,,,,,,,,,,,,,,,,,,,,,,,,,,,,,,,,,,,,,,,,,,,,,,,,,,,,,,,,,,,,,,,,,,,,,,,,,,,,,,,,,,,,,,,,,,,,,,,,,,,,,,,,,,,,,,,,,,,,,,,,,,,,,,,,,,,,,,,,,,,,,,,,,,,,,,,,,,,,,,,,,,,,,,,,,,,,,,,,,,,,,,,,,,,,,,,,,,,,,,,,,,,,,,,,,,,,,,,,,,,,,,,,,,,,,,,,,,,,,,,,,,,,,,,,,,,,,,,,,,,,,,,,,,,,,,,,,,,,,,,,,,,,,,,,,,,,,,,,,,,,,,,,,,,,,,,,,,,,,,,,,,,,,,,,,,,,,,,,,,,,,,,,,,,,,,,,,,,,,,,,,,,,,,,,,,,,,,,,,,,,,,,,,,,,,,,,,,,,,,,,,,,,,,,,,,,,,,,,,,,,,,,,,,,,,,,,,,,,,,,,,,,,,,,,,,,,,,,,,,,,,,,,,,,,,,,,,,,,,,,,,,,,,,,,,,,,,,,,,,,,,,,,,,,,,,,,,,,,,,,,,,,,,,,,,,,,,,,,,,,,,,,,,,,,,,,,,,,,,,,
R383,,,,,,,,,,,,,,,,,,,,,,,,,,,,,,,,,,,,,,,,,,,,,,,,,,,,,,,,,,,,,,,,,,,,,,,,,,,,,,,,,,,,,,,,,,,,,,,,,,,,,,,,,,,,,,,,,,,,,,,,,,,,,,,,,,,,,,,,,,,,,,,,,,,,,,,,,,,,,,,,,,,,,,,,,,,,,,,,,,,,,,,,,,,,,,,,,,,,,,,,,,,,,,,,,,,,,,,,,,,,,,,,,,,,,,,,,,,,,,,,,,,,,,,,,,,,,,,,,,,,,,,,,,,,,,,,,,,,,,,,,,,,,,,,,,,,,,,,,,,,,,,,,,,,,,,,,,,,,,,,,,,,,,,,,,,,,,,,,,,,,,,,,,,,,,,,,,,,,,,,,,,,,,,,,,,,,,,,,,,,,,,,,,,,,,,,,,,,,,,,,,,,,,,,,,,,,,,,,,,,,,,,,,,,,,,,,,,,,,,,,,,,,,,,,,,,,,,,,,,,,,,,,,,,,,,,,,,,,,,,,,,,,,,,,,,,,,,,,,,,,,,,,,,,,,,,,,,,,,,,,,,,,,,,,,,,,,,,,,,,,,,,,,,,,,,,,,,,,,,,,,,,,,,,,,,,,,,,,,,,,,,,,,,,,,,,,,,,,,,,,,,,,,,,,,,,,,,,,,,,,,,,,,,,,,,,,,,,,,,,,,,,,,,,,,,,,,,,,,,,,,,,,,,,,,,,,,,,,,,,,,,,,,,,,,,,,,,,,,,,,,,,,,,,,,,,,,,,,,,,,,,,,,,,,,,,,,,,,,,,,,,,,,,,,,,,,,,,,,,,,,,,,,,,,,,,,,,,,,,,,,,,,,,,,,,,,,,,,,,,,,,,,,,,,,,,,,,,,,,,,,,,,,,,,,,,,,,,,,,,,,,,,,,,,,,,,,,,,,,,,,,,,,,,,,,,,,,,,,,,,,,,,,,,,,,,,,,,,,,,,,,,,,,,,,,,,,,,,,,,,,,,,,,,,,,,,,,,,,,,,,,,,,,,,,,,,,,,,,,,,,,,,,,,,,,,,,,,,,,,,,,,,,,,,,,,,,,,,,,,,,,,,,,,,,,,,,,,,,,,,,,,,,,,,,,,,,,,,,,,,,,,,,,,,,,,,,,,,,,,,,,,,,,,,,,,,,,,,,,,,,,,,,,,,,,,,,,,,,,,,,,,,,,,,,,,,,,,,,,
R384,,,,,,,,,,,,,,,,,,,,,,,,,,,,,,,,,,,,,,,,,,,,,,,,,,,,,,,,,,,,,,,,,,,,,,,,,,,,,,,,,,,,,,,,,,,,,,,,,,,,,,,,,,,,,,,,,,,,,,,,,,,,,,,,,,,,,,,,,,,,,,,,,,,,,,,,,,,,,,,,,,,,,,,,,,,,,,,,,,,,,,,,,,,,,,,,,,,,,,,,,,,,,,,,,,,,,,,,,,,,,,,,,,,,,,,,,,,,,,,,,,,,,,,,,,,,,,,,,,,,,,,,,,,,,,,,,,,,,,,,,,,,,,,,,,,,,,,,,,,,,,,,,,,,,,,,,,,,,,,,,,,,,,,,,,,,,,,,,,,,,,,,,,,,,,,,,,,,,,,,,,,,,,,,,,,,,,,,,,,,,,,,,,,,,,,,,,,,,,,,,,,,,,,,,,,,,,,,,,,,,,,,,,,,,,,,,,,,,,,,,,,,,,,,,,,,,,,,,,,,,,,,,,,,,,,,,,,,,,,,,,,,,,,,,,,,,,,,,,,,,,,,,,,,,,,,,,,,,,,,,,,,,,,,,,,,,,,,,,,,,,,,,,,,,,,,,,,,,,,,,,,,,,,,,,,,,,,,,,,,,,,,,,,,,,,,,,,,,,,,,,,,,,,,,,,,,,,,,,,,,,,,,,,,,,,,,,,,,,,,,,,,,,,,,,,,,,,,,,,,,,,,,,,,,,,,,,,,,,,,,,,,,,,,,,,,,,,,,,,,,,,,,,,,,,,,,,,,,,,,,,,,,,,,,,,,,,,,,,,,,,,,,,,,,,,,,,,,,,,,,,,,,,,,,,,,,,,,,,,,,,,,,,,,,,,,,,,,,,,,,,,,,,,,,,,,,,,,,,,,,,,,,,,,,,,,,,,,,,,,,,,,,,,,,,,,,,,,,,,,,,,,,,,,,,,,,,,,,,,,,,,,,,,,,,,,,,,,,,,,,,,,,,,,,,,,,,,,,,,,,,,,,,,,,,,,,,,,,,,,,,,,,,,,,,,,,,,,,,,,,,,,,,,,,,,,,,,,,,,,,,,,,,,,,,,,,,,,,,,,,,,,,,,,,,,,,,,,,,,,,,,,,,,,,,,,,,,,,,,,,,,,,,,,,,,,,,,,,,,,,,,,,,,,,,,,,,,,,,,,,,,,,,,,,,,,,,,,,,,,,,,,,,,,,,,,,,,,,,,
R385,,,,,,,,,,,,,,,,,,,,,,,,,,,,,,,,,,,,,,,,,,,,,,,,,,,,,,,,,,,,,,,,,,,,,,,,,,,,,,,,,,,,,,,,,,,,,,,,,,,,,,,,,,,,,,,,,,,,,,,,,,,,,,,,,,,,,,,,,,,,,,,,,,,,,,,,,,,,,,,,,,,,,,,,,,,,,,,,,,,,,,,,,,,,,,,,,,,,,,,,,,,,,,,,,,,,,,,,,,,,,,,,,,,,,,,,,,,,,,,,,,,,,,,,,,,,,,,,,,,,,,,,,,,,,,,,,,,,,,,,,,,,,,,,,,,,,,,,,,,,,,,,,,,,,,,,,,,,,,,,,,,,,,,,,,,,,,,,,,,,,,,,,,,,,,,,,,,,,,,,,,,,,,,,,,,,,,,,,,,,,,,,,,,,,,,,,,,,,,,,,,,,,,,,,,,,,,,,,,,,,,,,,,,,,,,,,,,,,,,,,,,,,,,,,,,,,,,,,,,,,,,,,,,,,,,,,,,,,,,,,,,,,,,,,,,,,,,,,,,,,,,,,,,,,,,,,,,,,,,,,,,,,,,,,,,,,,,,,,,,,,,,,,,,,,,,,,,,,,,,,,,,,,,,,,,,,,,,,,,,,,,,,,,,,,,,,,,,,,,,,,,,,,,,,,,,,,,,,,,,,,,,,,,,,,,,,,,,,,,,,,,,,,,,,,,,,,,,,,,,,,,,,,,,,,,,,,,,,,,,,,,,,,,,,,,,,,,,,,,,,,,,,,,,,,,,,,,,,,,,,,,,,,,,,,,,,,,,,,,,,,,,,,,,,,,,,,,,,,,,,,,,,,,,,,,,,,,,,,,,,,,,,,,,,,,,,,,,,,,,,,,,,,,,,,,,,,,,,,,,,,,,,,,,,,,,,,,,,,,,,,,,,,,,,,,,,,,,,,,,,,,,,,,,,,,,,,,,,,,,,,,,,,,,,,,,,,,,,,,,,,,,,,,,,,,,,,,,,,,,,,,,,,,,,,,,,,,,,,,,,,,,,,,,,,,,,,,,,,,,,,,,,,,,,,,,,,,,,,,,,,,,,,,,,,,,,,,,,,,,,,,,,,,,,,,,,,,,,,,,,,,,,,,,,,,,,,,,,,,,,,,,,,,,,,,,,,,,,,,,,,,,,,,,,,,,,,,,,,,,,,,,,,,,,,,,,,,,,,,,,,,,,,,,,,,,,,,,,,,
R386,,,,,,,,,,,,,,,,,,,,,,,,,,,,,,,,,,,,,,,,,,,,,,,,,,,,,,,,,,,,,,,,,,,,,,,,,,,,,,,,,,,,,,,,,,,,,,,,,,,,,,,,,,,,,,,,,,,,,,,,,,,,,,,,,,,,,,,,,,,,,,,,,,,,,,,,,,,,,,,,,,,,,,,,,,,,,,,,,,,,,,,,,,,,,,,,,,,,,,,,,,,,,,,,,,,,,,,,,,,,,,,,,,,,,,,,,,,,,,,,,,,,,,,,,,,,,,,,,,,,,,,,,,,,,,,,,,,,,,,,,,,,,,,,,,,,,,,,,,,,,,,,,,,,,,,,,,,,,,,,,,,,,,,,,,,,,,,,,,,,,,,,,,,,,,,,,,,,,,,,,,,,,,,,,,,,,,,,,,,,,,,,,,,,,,,,,,,,,,,,,,,,,,,,,,,,,,,,,,,,,,,,,,,,,,,,,,,,,,,,,,,,,,,,,,,,,,,,,,,,,,,,,,,,,,,,,,,,,,,,,,,,,,,,,,,,,,,,,,,,,,,,,,,,,,,,,,,,,,,,,,,,,,,,,,,,,,,,,,,,,,,,,,,,,,,,,,,,,,,,,,,,,,,,,,,,,,,,,,,,,,,,,,,,,,,,,,,,,,,,,,,,,,,,,,,,,,,,,,,,,,,,,,,,,,,,,,,,,,,,,,,,,,,,,,,,,,,,,,,,,,,,,,,,,,,,,,,,,,,,,,,,,,,,,,,,,,,,,,,,,,,,,,,,,,,,,,,,,,,,,,,,,,,,,,,,,,,,,,,,,,,,,,,,,,,,,,,,,,,,,,,,,,,,,,,,,,,,,,,,,,,,,,,,,,,,,,,,,,,,,,,,,,,,,,,,,,,,,,,,,,,,,,,,,,,,,,,,,,,,,,,,,,,,,,,,,,,,,,,,,,,,,,,,,,,,,,,,,,,,,,,,,,,,,,,,,,,,,,,,,,,,,,,,,,,,,,,,,,,,,,,,,,,,,,,,,,,,,,,,,,,,,,,,,,,,,,,,,,,,,,,,,,,,,,,,,,,,,,,,,,,,,,,,,,,,,,,,,,,,,,,,,,,,,,,,,,,,,,,,,,,,,,,,,,,,,,,,,,,,,,,,,,,,,,,,,,,,,,,,,,,,,,,,,,,,,,,,,,,,,,,,,,,,,,,,,,,,,,,,,,,,,,,,,,,,,,,,,,,
R387,,,,,,,,,,,,,,,,,,,,,,,,,,,,,,,,,,,,,,,,,,,,,,,,,,,,,,,,,,,,,,,,,,,,,,,,,,,,,,,,,,,,,,,,,,,,,,,,,,,,,,,,,,,,,,,,,,,,,,,,,,,,,,,,,,,,,,,,,,,,,,,,,,,,,,,,,,,,,,,,,,,,,,,,,,,,,,,,,,,,,,,,,,,,,,,,,,,,,,,,,,,,,,,,,,,,,,,,,,,,,,,,,,,,,,,,,,,,,,,,,,,,,,,,,,,,,,,,,,,,,,,,,,,,,,,,,,,,,,,,,,,,,,,,,,,,,,,,,,,,,,,,,,,,,,,,,,,,,,,,,,,,,,,,,,,,,,,,,,,,,,,,,,,,,,,,,,,,,,,,,,,,,,,,,,,,,,,,,,,,,,,,,,,,,,,,,,,,,,,,,,,,,,,,,,,,,,,,,,,,,,,,,,,,,,,,,,,,,,,,,,,,,,,,,,,,,,,,,,,,,,,,,,,,,,,,,,,,,,,,,,,,,,,,,,,,,,,,,,,,,,,,,,,,,,,,,,,,,,,,,,,,,,,,,,,,,,,,,,,,,,,,,,,,,,,,,,,,,,,,,,,,,,,,,,,,,,,,,,,,,,,,,,,,,,,,,,,,,,,,,,,,,,,,,,,,,,,,,,,,,,,,,,,,,,,,,,,,,,,,,,,,,,,,,,,,,,,,,,,,,,,,,,,,,,,,,,,,,,,,,,,,,,,,,,,,,,,,,,,,,,,,,,,,,,,,,,,,,,,,,,,,,,,,,,,,,,,,,,,,,,,,,,,,,,,,,,,,,,,,,,,,,,,,,,,,,,,,,,,,,,,,,,,,,,,,,,,,,,,,,,,,,,,,,,,,,,,,,,,,,,,,,,,,,,,,,,,,,,,,,,,,,,,,,,,,,,,,,,,,,,,,,,,,,,,,,,,,,,,,,,,,,,,,,,,,,,,,,,,,,,,,,,,,,,,,,,,,,,,,,,,,,,,,,,,,,,,,,,,,,,,,,,,,,,,,,,,,,,,,,,,,,,,,,,,,,,,,,,,,,,,,,,,,,,,,,,,,,,,,,,,,,,,,,,,,,,,,,,,,,,,,,,,,,,,,,,,,,,,,,,,,,,,,,,,,,,,,,,,,,,,,,,,,,,,,,,,,,,,,,,,,,,,,,,,,,,,,,,,,,,,,,,,,,,,,,,,,,,,
R388,,,,,,,,,,,,,,,,,,,,,,,,,,,,,,,,,,,,,,,,,,,,,,,,,,,,,,,,,,,,,,,,,,,,,,,,,,,,,,,,,,,,,,,,,,,,,,,,,,,,,,,,,,,,,,,,,,,,,,,,,,,,,,,,,,,,,,,,,,,,,,,,,,,,,,,,,,,,,,,,,,,,,,,,,,,,,,,,,,,,,,,,,,,,,,,,,,,,,,,,,,,,,,,,,,,,,,,,,,,,,,,,,,,,,,,,,,,,,,,,,,,,,,,,,,,,,,,,,,,,,,,,,,,,,,,,,,,,,,,,,,,,,,,,,,,,,,,,,,,,,,,,,,,,,,,,,,,,,,,,,,,,,,,,,,,,,,,,,,,,,,,,,,,,,,,,,,,,,,,,,,,,,,,,,,,,,,,,,,,,,,,,,,,,,,,,,,,,,,,,,,,,,,,,,,,,,,,,,,,,,,,,,,,,,,,,,,,,,,,,,,,,,,,,,,,,,,,,,,,,,,,,,,,,,,,,,,,,,,,,,,,,,,,,,,,,,,,,,,,,,,,,,,,,,,,,,,,,,,,,,,,,,,,,,,,,,,,,,,,,,,,,,,,,,,,,,,,,,,,,,,,,,,,,,,,,,,,,,,,,,,,,,,,,,,,,,,,,,,,,,,,,,,,,,,,,,,,,,,,,,,,,,,,,,,,,,,,,,,,,,,,,,,,,,,,,,,,,,,,,,,,,,,,,,,,,,,,,,,,,,,,,,,,,,,,,,,,,,,,,,,,,,,,,,,,,,,,,,,,,,,,,,,,,,,,,,,,,,,,,,,,,,,,,,,,,,,,,,,,,,,,,,,,,,,,,,,,,,,,,,,,,,,,,,,,,,,,,,,,,,,,,,,,,,,,,,,,,,,,,,,,,,,,,,,,,,,,,,,,,,,,,,,,,,,,,,,,,,,,,,,,,,,,,,,,,,,,,,,,,,,,,,,,,,,,,,,,,,,,,,,,,,,,,,,,,,,,,,,,,,,,,,,,,,,,,,,,,,,,,,,,,,,,,,,,,,,,,,,,,,,,,,,,,,,,,,,,,,,,,,,,,,,,,,,,,,,,,,,,,,,,,,,,,,,,,,,,,,,,,,,,,,,,,,,,,,,,,,,,,,,,,,,,,,,,,,,,,,,,,,,,,,,,,,,,,,,,,,,,,,,,,,,,,,,,,,,,,,,,,,,,,,,,,,,,,,,,,,,,
R389,,,,,,,,,,,,,,,,,,,,,,,,,,,,,,,,,,,,,,,,,,,,,,,,,,,,,,,,,,,,,,,,,,,,,,,,,,,,,,,,,,,,,,,,,,,,,,,,,,,,,,,,,,,,,,,,,,,,,,,,,,,,,,,,,,,,,,,,,,,,,,,,,,,,,,,,,,,,,,,,,,,,,,,,,,,,,,,,,,,,,,,,,,,,,,,,,,,,,,,,,,,,,,,,,,,,,,,,,,,,,,,,,,,,,,,,,,,,,,,,,,,,,,,,,,,,,,,,,,,,,,,,,,,,,,,,,,,,,,,,,,,,,,,,,,,,,,,,,,,,,,,,,,,,,,,,,,,,,,,,,,,,,,,,,,,,,,,,,,,,,,,,,,,,,,,,,,,,,,,,,,,,,,,,,,,,,,,,,,,,,,,,,,,,,,,,,,,,,,,,,,,,,,,,,,,,,,,,,,,,,,,,,,,,,,,,,,,,,,,,,,,,,,,,,,,,,,,,,,,,,,,,,,,,,,,,,,,,,,,,,,,,,,,,,,,,,,,,,,,,,,,,,,,,,,,,,,,,,,,,,,,,,,,,,,,,,,,,,,,,,,,,,,,,,,,,,,,,,,,,,,,,,,,,,,,,,,,,,,,,,,,,,,,,,,,,,,,,,,,,,,,,,,,,,,,,,,,,,,,,,,,,,,,,,,,,,,,,,,,,,,,,,,,,,,,,,,,,,,,,,,,,,,,,,,,,,,,,,,,,,,,,,,,,,,,,,,,,,,,,,,,,,,,,,,,,,,,,,,,,,,,,,,,,,,,,,,,,,,,,,,,,,,,,,,,,,,,,,,,,,,,,,,,,,,,,,,,,,,,,,,,,,,,,,,,,,,,,,,,,,,,,,,,,,,,,,,,,,,,,,,,,,,,,,,,,,,,,,,,,,,,,,,,,,,,,,,,,,,,,,,,,,,,,,,,,,,,,,,,,,,,,,,,,,,,,,,,,,,,,,,,,,,,,,,,,,,,,,,,,,,,,,,,,,,,,,,,,,,,,,,,,,,,,,,,,,,,,,,,,,,,,,,,,,,,,,,,,,,,,,,,,,,,,,,,,,,,,,,,,,,,,,,,,,,,,,,,,,,,,,,,,,,,,,,,,,,,,,,,,,,,,,,,,,,,,,,,,,,,,,,,,,,,,,,,,,,,,,,,,,,,,,,,,,,,,,,,,,,,,,,,,,,,,,,,,,,,,,,,
R390,,,,,,,,,,,,,,,,,,,,,,,,,,,,,,,,,,,,,,,,,,,,,,,,,,,,,,,,,,,,,,,,,,,,,,,,,,,,,,,,,,,,,,,,,,,,,,,,,,,,,,,,,,,,,,,,,,,,,*/dˌuɾˈɔ̃ɲ/,,,,,,,,,,,,,,,,,,,,,,,,,,,,,,,,,,,,,,,,,,,,,,,,,,,,,,,,,,,,,,,,,,,,,,,,,,,,,,,,,,,,,,,,,,,,,,,,,,,,,,,,,,,,,,,,,,,,,,,,,,,,,,,,,,,,,,,,,,,,,,,,,,,,,,,,,,,,,,,,,,,,,,,,,,,,,,,,,,,,,,,,,,,,,,,,,,,,,,,,,,,,,,,,,,,,,,,,,,,,,,,,,,,,,,,,,,,,,,,,,,,,,,,,,,,,,,,,,,,,,,,,,,,,,,,,,,,,,,,,,,,,,,,,,,,,,,,,,,,,,,,,,,,,,,,,,,,,,,,,,,,,,,,,,,,,,,,,,,,,,,,,,,,,,,,,,,,,,,,,,,,,,,,,,,,,,,,,,,,,,,,,,,,,,,,,,,,,,,,,,,,,,,,,,,,,,,,,,,,,,,,,,,,,,,,,,,,,,,,,,,,,,,,,,,,,,,,,,,,,,,,,,,,,,,,,,,,,,,,,,,,,,,,,,,,,,,,,,,,,,,,,,,,,,,,,,,,,,,,,,,,,,,,,,,,,,,,,,,,,,,,,,,,,,,,,,,,,,,,,,,,,,,,,,,,,,,,,,,,,,,,,,,,,,,,,,,,,,,,,,,,,,,,,,,,,,,,,,,,,,,,,,,,,,,,,,,,,,,,,,,,,,,,,,,,,,,,,,,,,,,,,,,,,,,,,,,,,,,,,,,,,,,,,,,,,,,,,,,,,,,,,,,,,,,,,,,,,,,,,,,,,,,,,,,,,,,,,,,,,,,,,,,,,,,,,,,,,,,,,,,,,,,,,,,,,,,,,,,,,,,,,,,,,,,,,,,,,,,,,,,,,,,,,,,,,,,,,,,,,,,,,,,,,,,,,,,,,,,,,,,,,,,,,,,,,,,,,,,,,,,,,,,,,,,,,,,,,,,,,,,,,,,,,,,,,,,,,,,,,,,,,,,,,,,,,,,,,,,,,,,,,,,,,,,,,,,,,,,,,,,,,,,,,,,,,,,,,,,,,,,,,,,,,,,,,,,,,,,,,,,,,,,,,,,,,,,,,,,,,,,
R391,,,,,,,,,,,,,,,,,,,,,,,,,,,,,,,,,,,,,,,,,,,,,,,,,,,,,,,,,,,,,,,,,,,,,,,,,,,,,,,,,,,,,,,,,,,,,,,,,,,,,,,,,,,,,,,,,,,,,,,,,,,,,,,,,,,,,,,,,,,,,,,,,,,,,,,,,,,,,,,,,,,,,,,,,,,,,,,,,,,,,,,,,,,,,,,,,,,,,,,,,,,,,,,,,,,,,,,,,,,,,,,,,,,,,,,,,,,,,,,,,,,,,,,,,,,,,,,,,,,,,,,,,,,,,,,,,,,,,,,,,,,,,,,,,,,,,,,,,,,,,,,,,,,,,,,,,,,,,,,,,,,,,,,,,,,,,,,,,,,,,,,,,,,,,,,,,,,,,,,,,,,,,,,,,,,,,,,,,,,,,,,,,,,,,,,,,,,,,,,,,,,,,,,,,,,,,,,,,,,,,,,,,,,,,,,,,,,,,,,,,,,,,,,,,,,,,,,,,,,,,,,,,,,,,,,,,,,,,,,,,,,,,,,,,,,,,,,,,,,,,,,,,,,,,,,,,,,,,,,,,,,,,,,,,,,,,,,,,,,,,,,,,,,,,,,,,,,,,,,,,,,,,,,,,,,,,,,,,,,,,,,,,,,,,,,,,,,,,,,,,,,,,,,,,,,,,,,,,,,,,,,,,,,,,,,,,,,,,,,,,,,,,,,,,,,,,,,,,,,,,,,,,,,,,,,,,,,,,,,,,,,,,,,,,,,,,,,,,,,,,,,,,,,,,,,,,,,,,,,,,,,,,,,,,,,,,,,,,,,,,,,,,,,,,,,,,,,,,,,,,,,,,,,,,,,,,,,,,,,,,,,,,,,,,,,,,,,,,,,,,,,,,,,,,,,,,,,,,,,,,,,,,,,,,,,,,,,,,,,,,,,,,,,,,,,,,,,,,,,,,,,,,,,,,,,,,,,,,,,,,,,,,,,,,,,,,,,,,,,,,,,,,,,,,,,,,,,,,,,,,,,,,,,,,,,,,,,,,,,,,,,,,,,,,,,,,,,,,,,,,,,,,,,,,,,,,,,,,,,,,,,,,,,,,,,,,,,,,,,,,,,,,,,,,,,,,,,,,,,,,,,,,,,,,,,,,,,,,,,,,,,,,,,,,,,,,,,,,,,,,,,,,,,,,,,,,,,,,,,,,,,,,,,,,,,,,,,,,,,,,,,,,,,,,,,,,,,,,,,
R392,,,,,,,,,,,,,,,,,,,,,,,,,,,,,,,,,,,,,,,,,,,,,,,,,,,,,,,,,,,,,,,,,,,,,,,,,,,,,,,,,,,,,,,,,,,,,,,,,,,,,,,,,,,,,,,,,,,,,,,,,,,,,,,,,,,,,,,,,,,,,,,,,,,,,,,,,,,,,,,,,,,,,,,,,,,,,,,,,,,,,,,,,,,,,,,,,,,,,,,,,,,,,,,,,,,,,,,,,,,,,,,,,,,,,,,,,,,,,,,,,,,,,,,,,,,,,,,,,,,,,,,,,,,,,,,,,,,,,,,,,,,,,,,,,,,,,,,,,,,,,,,,,,,,,,,,,,,,,,,,,,,,,,,,,,,,,,,,,,,,,,,,,,,,,,,,,,,,,,,,,,,,,,,,,,,,,,,,,,,,,,,,,,,,,,,,,,,,,,,,,,,,,,,,,,,,,,,,,,,,,,,,,,,,,,,,,,,,,,,,,,,,,,,,,,,,,,,,,,,,,,,,,,,,,,,,,,,,,,,,,,,,,,,,,,,,,,,,,,,,,,,,,,,,,,,,,,,,,,,,,,,,,,,,,,,,,,,,,,,,,,,,,,,,,,,,,,,,,,,,,,,,,,,,,,,,,,,,,,,,,,,,,,,,,,,,,,,,,,,,,,,,,,,,,,,,,,,,,,,,,,,,,,,,,,,,,,,,,,,,,,,,,,,,,,,,,,,,,,,,,,,,,,,,,,,,,,,,,,,,,,,,,,,,,,,,,,,,,,,,,,,,,,,,,,,,,,,,,,,,,,,,,,,,,,,,,,,,,,,,,,,,,,,,,,,,,,,,,,,,,,,,,,,,,,,,,,,,,,,,,,,,,,,,,,,,,,,,,,,,,,,,,,,,,,,,,,,,,,,,,,,,,,,,,,,,,,,,,,,,,,,,,,,,,,,,,,,,,,,,,,,,,,,,,,,,,,,,,,,,,,,,,,,,,,,,,,,,,,,,,,,,,,,,,,,,,,,,,,,,,,,,,,,,,,,,,,,,,,,,,,,,,,,,,,,,,,,,,,,,,,,,,,,,,,,,,,,,,,,,,,,,,,,,,,,,,,,,,,,,,,,,,,,,,,,,,,,,,,,,,,,,,,,,,,,,,,,,,,,,,,,,,,,,,,,,,,,,,,,,,,,,,,,,,,,,,,,,,,,,,,,,,,,,,,,,,,,,,,,,,,,,,,,,,,,,,,,,,,,
R393,,,,,,,,,,,,,,,,,,,,,,,,,,,,,,,,,,,,,,,,,,,,,,,,,,,,,,,,,,,,,,,,,,,,,,,,,,,,,,,,,,,,,,,,,,,,,,,,,,,,,,,,,,,,,,,,,,,,,,,,,,,,,,,,,,,,,,,,,,,,,,,,,,,,,,,,,,,,,,,,,,,,,,,,,,,,,,,,,,,,,,,,,,,,,,,,,,,,,,,,,,,,,,,,,,,,,,,,,,,,,,,,,,,,,,,,,,,,,,,,,,,,,,,,,,,,,,,,,,,,,,,,,,,,,,,,,,,,,,,,,,,,,,,,,,,,,,,,,,,,,,,,,,,,,,,,,,,,,,,,,,,,,,,,,,,,,,,,,,,,,,,,,,,,,,,,,,,,,,,,,,,,,,,,,,,,,,,,,,,,,,,,,,,,,,,,,,,,,,,,,,,,,,,,,,,,,,,,,,,,,,,,,,,,,,,,,,,,,,,,,,,,,,,,,,,,,,,,,,,,,,,,,,,,,,,,,,,,,,,,,,,,,,,,,,,,,,,,,,,,,,,,,,,,,,,,,,,,,,,,,,,,,,,,,,,,,,,,,,,,,,,,,,,,,,,,,,,,,,,,,,,,,,,,,,,,,,,,,,,,,,,,,,,,,,,,,,,,,,,,,,,,,,,,,,,,,,,,,,,,,,,,,,,,,,,,,,,,,,,,,,,,,,,,,,,,,,,,,,,,,,,,,,,,,,,,,,,,,,,,,,,,,,,,,,,,,,,,,,,,,,,,,,,,,,,,,,,,,,,,,,,,,,,,,,,,,,,,,,,,,,,,,,,,,,,,,,,,,,,,,,,,,,,,,,,,,,,,,,,,,,,,,,,,,,,,,,,,,,,,,,,,,,,,,,,,,,,,,,,,,,,,,,,,,,,,,,,,,,,,,,,,,,,,,,,,,,,,,,,,,,,,,,,,,,,,,,,,,,,,,,,,,,,,,,,,,,,,,,,,,,,,,,,,,,,,,,,,,,,,,,,,,,,,,,,,,,,,,,,,,,,,,,,,,,,,,,,,,,,,,,,,,,,,,,,,,,,,,,,,,,,,,,,,,,,,,,,,,,,,,,,,,,,,,,,,,,,,,,,,,,,,,,,,,,,,,,,,,,,,,,,,,,,,,,,,,,,,,,,,,,,,,,,,,,,,,,,,,,,,,,,,,,,,,,,,,,,,,,,,,,,,,,,,,,,,,,,,*/vˈɔːlˠpulˠ/,,,
R394,,,,,,,,,,,,,,,,,,,,,,,,,,,,,,,,,,,,,,,,,,,,,,,,,,,,,,,,,,,,,,,,,,,,,,,,,,,,,,,,,,,,,,,,,,,,,,,,,,,,,,,,,,,,,,,,,,,,,,,,,,,,,,,,,,,,,,,,,,,,,,,,,,,,,,,,,,,,,,,,,,,,,,,,,,,,,,,,,,,,,,,,,,*/fə̃ɲˈɛʃtɾa/,,,,,,,,,,,,,,,,,,,,,,,,,,,,,,,,,,,,,,,,,,,,,,,,,,,,,,,,,,,,,,,,,,,,,,,,,,,,,,,,,,,,,,,,,,,,,,,,,,,,,,,,,,,,,,,,,,,,,,,,,,,,,,,,,,,,,,,,,,,,,,,,,,,,,,,,,,,,,,,,,,,,,,,,,,,,,,,,,,,,,,,,,,,,,,,,,,,,,,,,*/kˌaʃtə̃ɲˈɛt/,,,,,,,,,,,,,,,,,,,,,,,,,,,,,,,,,,,,,,,,,,,,,,,,,,,,,,,,,,,,,,,,,,,,,,,,,,,,,,,,,,,,,,,,,,,,,,,,,,,,,,,,,,,,,,,,,,,,,,,,,,,,,,,,,,,,,,,,,,,,,,,,,,,,,,,,,,,,,,,,,,,,,,,,,,,,,,,,,,,,,,,,,,,,,,,,,,,,,,,,,,,,,,,,,,,,,,,,,,,,,,,,,,,,,,,,,,,,,,,,,,,,,,,,,,,,,,,,,,,,,,,,,,,,,,,,,,,,,,,,,,,,,,,,,,,,*/ɲˈɛɾka/,,,,,,,,,,,,,,,,,,,,,,,,,,,,,,,,,,,,,,,,,,,,,,,,,,,,,,,,,,,,,,,,,,,,,,,,,,,,,,,,,,,,,,,,,,,,,,,,,,,,,,,,,,,,,,,,,,,,,,,,,,,,,,,,,,,,,,,,,,,,,,,,,,,,,,,,,,,,,,,,,,,,,,,,,,,,,,,,,,,,,,,,,,,,,,,,,,,,,,,,,,,,,,,,,,,,,,,,,,,,,,,,,,,,,,,,,,,,,,,,,,,,,,,,,,,,,,,,,,,,,,,,,,,,,,,,,,,,,,,,,,,,,,,,,,,,,,,,,,,,,,,,,,,,,,,,,,,,,,,,,,,,,,,,,,,,,,,,,,,,,,,,,,,,,,,,,,,,,,,,,,,,,,,,,,,,,,,,,,,,,,,,,,,,,,,,,,,,,,,,,,,,,,,,,,,,,,,,,,,,,,,,,,,,,,,,,,,,,,,,,
R395,,,,,,,,,,,,,,,,,,,,,,,,,,,,,,,,,,,,,,,,,,,,,,,,,,,,,,,,,,,,,,,,,,,,,,,,,,,,,,,,,,,,,,,,,,,,,,,,,,,,,,,,,,,,,,,,,,,,,,,,,,,,,,,,,,,,,,,,,,,,,,,,,,,,,,,,,,,,,*/ˈiːɾic/,,,,,,,,,,,,,,,,,,,,,,,,,,,,,,,,,,,,,,,,,,,,,,,,,,,,,,,,,,,,,,,,,,,,,,,,,,,,,,,,,,,,,,*/ɟˈɛʃtɾa/,,*/ɟˈɛːɾɟ/,,,,,,,,,,,,,,,,,,,,,,,,,,,,,*/ɟə̃ɾ̃ˈɔ̃ɲ/,,,,,,,,,,,,,,,,,,,,,,,,,,,,,,,,,,,,,,,,,,,,,,,,,,,,,,,,,,,,,,*/ɟˈyːc/,,,,,,,,,,,,,,,,,,,,,,,,,,,,,,,,,,,,,,,,,,,,,,,,,,,,,,,,,,,,,,,,,,,,,,,,,,,,,,,,,,,,,,,,,,,,,,,,,,,,,,,,,*/kˈɔc/,,,,,*/kˌũːmːˈɛːɾc/,,,,,,,,,,,,,,,,,,,,,,,,,,,,,,,,,,,,,,,,,,,,,,,,,,,,,,,,,,,,,,,,,,,,,,,,,,,,,,,,,,,,,,,,*/lə̃ncˈɛːɾɛ/,,,,,,,,,,,,,,,,,,,,,,,*/lˈic/,,,,,,,,,,,,,,,,*/lˌucˈɛɾbulˠ/,,,,,,,,,,,,,,,,,,,,,,,,,,,,,*/məɾəlˈyc/,,,,,,,,,,,,,,,,,,,,,,,,,,,,,,,,,,,,,,,,,,,,,,,,,,,,,,,,,,,,,,,,,,,,,,,,,,,,,,,,,,,,,,,,,,,,,,,,,,,,,,,,,,,,,,,,,,,,,,,,,,,,,,,,,,,,,,,,,,,,,,,,,,,,,,,,,,,,,,,,,,,,,,,,,,,,,,,,,,,,,,*/pˈɔːrːic/,,,,,,,,,,,,,,,,,,,,,,,,,,,,,,,,,,,,,,,,,,,,,,,,,,,,,,,,,,,,,,,,,,,,,,,,,,,,,,,,,,,,,,,,,,,,,,,,,,,,,,,,,,,,,,,,,,,,,,,,,,*/ʃˈiːɾɟ/,,,,,,,*/ʃˈɛʃ/,,,,,,,,,,,,,,,,*/ʃcˈɛ̃nd͡za/,,,,,,,,,,,,,,,,,,*/ʃˈɔc/,,,,,,,,,,,,,,,,,,,,,,,,,,,,,,,,,,,,,,,,,,,,,,,,,,,,,,,,,,,,,,,,,,,,,,,,,,,,,,,,,,,,,,,,,,,,,,,,,,,,,,,,,,,,,,,,,,,,,,,,,,,,,,,,,,,,,,,,,,,,,,,,,,,,,,,,,,,,,,,,,,,,,,,,,,,,
R396,,,,,,,,,,,,,,,,,,,,,,,,,,,,,,,,,,,,,,,,,,,,,,,,,,,,,,,,,,,,,,,,,,,,,,,,,,,,,,,,,,,,,,,,,,,,,,,,,,,,,,,,,,,,,,,,,,,,,,,,,,,,,,,,,,,,,,,,,,,,,,,,,,,,,,,,,,,,,,,,,,,,,,,,,,,,,,,,,,,,,,,,,,,,,,,,,,,,,,,,,,,,,,,,,,,,,,,,,,,,,,,,,,,,,,,,,,,,,,,,,,,,,,,,,,,,,,,,,,,,,,,,,,,,,,,,,,,,,,,,,,,,,,,,,,,,,,,,,,,,,,,,,,,,,,,,,,,,,,,,,,,,,,,,,,,,,,,,,,,,,,,,,,,,,,,,,,,,,,,,,,,,,,,,,,,,,,,,,,,,,,,,,,,,,,,,,,,,,,,,,,,,,,,,,,,,,,,,,,,,,,,,,,,,,,,,,,,,,,,,,,,,,,,,,,,,,,,,,,,,,,,,,,,,,,,,,,,,,,,,,,,,,,,,,,,,,,,,,,,,,,,,,,,,,,,,,,,,,,,,,,,,,,,,,,,,,,,,,,,,,,,,,,,,,,,,,,,,,,,,,,,,,,,,,,,,,,,,,,,,,,,,,,,,,,,,,,,,,,,,,,,,,,,,,,,,,,,,,,,,,,,,,,,,,,,,,,,,,,,,,,,,,,,,,,,,,,,,,,,,,,,,,,,,,,,,,,,,,,,,,,,,,,,,,,,,,,,,,,,,,,,,,,,,,,,,,,,,,,,,,,,,,,,,,,,,,,,,,,,,,,,,,,,,,,,,,,,,,,,,,,,,,,,,,,,,,,,,,,,,,,,,,,,,,,,,,,,,,,,,,,,,,,,,,,,,,,,,,,,,,,,,,,,,,,,,,,,,,,,,,,,,,,,,,,,,,,,,,,,,,,,,,,,,,,,,,,,,,,,,,,,,,,,,,,,,,,,,,,,,,,,,,,,,,,,,,,,,,,,,,,,,,,,,,,,*/ʃklˈaː/,,,,,,,,,,,,,,,,,,,,,,,,,,,,,,,,,,,,,,,,,,,,,,,,,,,,,,,,,,,,,,,,,,,,,,,,,,,,,,,,,,,,,,,,,,,,,,,,,,,,,,,,,,,,,,,,,,,,,,,,,,,,,,,,,,,,,,,,,,,,,,,,,,,,,,,,,,,,,,,,,,,,,,,,,,,,,,,,,,,,,,,,,,,,
R397,,,,,,,,,,,,,,,,,,,,,,,,,,,,,,,,,,,,,,,,,,,,,,,,,,,,,,,,,,,,,,,,,,,,,,,,,,,,,,,,,,,,,,,,,,,,,,,,,,,,,,,,,,,,,,,,,,,,,,,,,,,,,,,,,,,,,,,,,,,,,,,,,,,,,,,,,,,,,,,,,,,,,,,,,,,,,,,,,,,,,,,,,,,,,,,,,,,,,,,,,,,,,,,,,,,,,,,,,,,,,,,,,,,,,,,,,,,,,,,,,,,,,,,,,,,,,,,,,,,,,,,,,,,,,,,,,,,,,,,,,,,,,,,,,,,,,,,,,,,,,,,,,,,,,,,,,,,,,,,,,,,,,,,,,,,,,,,,,,,,,,,,,,,,,,,,,,,,,,,,,,,,,,,,,,,,,,,,,,,,,,,,,,,,,,,,,,,,,,,,,,,,,,,,,,,,,,,,,,,,,,,,,,,,,,,,,,,,,,,,,,,,,,,,,,,,,,,,,,,,,,,,,,,,,,,,,,,,,,,,,,,,,,,,,,,,,,,,,,,,,,,,,,,,,,,,,,,,,,,,,,,,,,,,,,,,,,,,,,,,,,,,,,,,,,,,,,,,,,,,,,,,,,,,,,,,,,,,,,,,,,,,,,,,,,,,,,,,,,,,,,,,,,,,,,,,,,,,,,,,,,,,,,,,,,,,,,,,,,,,,,,,,,,,,,,,,,,,,,,,,,,,,,,,,,,,,,,,,,,,,,,,,,,,,,,,,,,,,,,,,,,,,,,,,,,,,,,,,,,,,,,,,,,,,,,,,,,,,,,,,,,,,,,,,,,,,,,,,,,,,,,,,,,,,,,,,,,,,,,,,,,,,,,,,,,,,,,,,,,,,,,,,,,,,,,,,,,,,,,,,,,,,,,,,,,,,,,,,,,,,,,,,,,,,,,,,,,,,,,,,,,,,,,,,,,,,,,,,,,,,,,,,,,,,,,,,,,,,,,,,,,,,,,,,,,,,,,,,,,,,,,,,,,,,,,,,,,,,,,,,,,,,,,,,,,,,,,,,,,,,,,,,,,,,,,,,,,,,,,,,,,,,,,,,,,,,,,,,,,,,,,,,,,,,,,,,,,,,,,,,,,,,,,,,,,,,,,,,,,,,,,,,,,,,,,,,,,,,,,,,,,,,,,,,,,,,,,,,,,,,,,,,,,,,,,,,,,,,,,,,,,,,,,,,,,,,,,,,,,
R398,,,,,,,,,,,,,,,,,,,,,,,,,,,,,,,,,,,,,,,,,,,,,,,,,,,,,,,,,,,,,,,,,,,,,,,,,,,,,,,,,,,,,,,,,,,,,,,,,,,,,,,,,,,,,,,,,,,,,,,,,,,,,,,,,,,,,,,,,,,,,,,,,,,,,,,,,,,,,,,,,,,,,,,,,,,,,,,,,,,,,,,,,,,,,,,,,,,,,,,,,,,,,,,,,,,,,,,,,,,,,,,,,,,,,,,,,,,,,,,,,,,,,,,,,,,,,,,,,,,,,,,,,,,,,,,,,,,,,,,,,,,,,,,,,,,,,,,,,,,,,,,,,,,,,,,,,,,,,,,,,,,,,,,,,,,,,,,,,,,,,,,,,,,,,,,,,,,,,,,,,,,,,,,,,,,,,,,,,,,,,,,,,,,,,,,,,,,,,,,,,,,,,,,,,,,,,,,,,,,,,,,,,,,,,,,,,,,,,,,,,,,,,,,,,,,,,,,,,,,,,,,,,,,,,,,,,,,,,,,,,,,,,,,,,,,,,,,,,,,,,,,,,,,,,,,,,,,,,,,,,,,,,,,,,,,,,,,,,,,,,,,,,,,,,,,,,,,,,,,,,,,,,,,,,,,,,,,,,,,,,,,,,,,,,,,,,,,,,,,,,,,,,,,,,,,,,,,,,,,,,,,,,,,,,,,,,,,,,,,,,,,,,,,,,,,,,,,,,,,,,,,,,,,,,,,,,,,,,,,,,,,,,,,,,,,,,,,,,,,,,,,,,,,,,,,,,,,,,,,,,,,,,,,,,,,,,,,,,,,,,,,,,,,,,,,,,,,,,,,,,,,,,,,,,,,,,,,,,,,,,,,,,,,,,,,,,,,,,,,,,,,,,,,,,,,,,,,,,,,,,,,,,,,,,,,,,,,,,,,,,,,,,,,,,,,,,,,,,,,,,,,,,,,,,,,,,,,,,,,,,,,,,,,,,,,,,,,,,,,,,,,,,,,,,,,,,,,,,,,,,,,,,,,,,,,,,,,,,,,,,,,,,,,,,,,,,,,,,,,,,,,,,,,,,,,,,,,,,,,,,,,,,,,,,,,,,,,,,,,,,,,,,,,,,,,,,,,,,,,,,,,,,,,,,,,,,,,,,,,,,,,,,,,,,,,,,,,,,,,,,,,,,,,,,,,,,,,,,,,,,,,,,,,,,,,,,,,,,,,,,,,,,,,,,,,,,,,,,,,
R399,,,,,,,,,,,,,,,,,,,,,,,,,,,,,,,,,,,,,,,,,,,,,,,,,,,,,,,,,,,,,,,,,,,,,,,,,,,,,,,,,,,,,,,,,,,,,,,,,,,,,,,,,,,,,,,,,,,,,,,,,,,,,,,,,,,,,,,,,,,,,,,,,,,,,,,,,,,,,,,,,,,,,,,,,,,,,,,,,,,,,,,,,,,,,,,,,,,,,,,,,,,,,,,,,,,,,,,,,,,,,,,,,,,,,,,,,,,,,,,,,,,,,,,,,,,,,,,,,,,,,,,,,,,,,,,,,,,,,,,,,,,,,,,,,,,,,,,,,,,,,,,,,,,,,,,,,,,,,,,,,,,,,,,,,,,,,,,,,,,,,,,,,,,,,,,,,,,,,,,,,,,,,,,,,,,,,,,,,,,,,,,,,,,,,,,,,,,,,,,,,,,,,,,,,,,,,,,,,,,,,,,,,,,,,,,,,,,,,,,,,,,,,,,,,,,,,,,,,,,,,,,,,,,,,,,,,,,,,,,,,,,,,,,,,,,,,,,,,,,,,,,,,,,,,,,,,,,,,,,,,,,,,,,,,,,,,,,,,,,,,,,,,,,,,,,,,,,,,,,,,,,,,,,,,,,,,,,,,,,,,,*/mˌaːlːsˈɔːlˠa/,,,,*/mˌaːlsˈɔ̃ɲ/,,,,,,,,,,,,,,,,,,,,,,,,,,,,,,,,,,,,,,,,,,,,,,,,,,,,*/mˌɑ̃ːɾʃtˈɔ̃ɲ/,,,,,,,,,,,,,,,,,,,,,,,,,,,,,,,,,,,,,,,,,,,,,,,,,,,,,,,,,,,,,,,,,,,,,,,,,,,,,,,,,,,,,,,,,,,,,,,,,,,,,,,,,,,,,,,,,,,,,,,,,,,,,,,,,,,,,,,,,,,,,,,,,,,,,,,,,,,,,,,,,,,,,,,,,,,,,,,,,,,,,,,,,,,,,,,,*/ˌarːsˈỹe̯/,,,,,,,,,,,,,,,,,,,,,,,,,,,,,,,,,,,,,,,,,,,,,,,,,,,,,,,,,,,,,,,*/kˌalʃˈɛ̃ɲt/,,,,,,,,,,,,,,,,,,,,,,,,,,,,,,,,,,,,,,,,,,,,,,,,,,,,,,,,,,,,,,,,,,,,,,,,,,,,,,,,,,,,,,,,,,,,,,,,,,,,,,,,,,,,,,,,,,,,,,,,,,,,,,,,,,,,,,,,,,,,,,,,,,,,,,,,,,,,,,,,,,,,,,,,,,,,,,,,,,,,,,,,,,,,,,,,,,,,,,,,,,,,,,,,,,,,,,,,,,,,,,,,,,
R400,,,,,,,,,,,,,,,,,,,,,,,,,,,,,*/ˈʌ̃nɟəlˠ/,,,,,,,,,,*/ʊɾˈʌ̃ɾ̃a/,,,,,,,,,,,,,,,,,,,,,,,,,,,,,,,,,,,,,,,,,,,,*/dˌʌ̃nːˈɔ̃ɲ/,*/dˈʌ̃m/,,,,,,,*/dəpˌʌ̃ɾtˈɔ̃ɲ/,,,,,,*/zˈʌ̃ɾ̃a/,,,,,,,,,,,,,,,,,,,,,,,,,*/ʃˌʌ̃mtˈɔ̃ɲ/,*/ʃˌʌ̃mːˈɔ̃ɲ/,,,,,,*/ʃkˌʌ̃mbˈɛ̃ɲ/,*/ʃkˌʌ̃ndˈɛ̃ɲ/,,,,,,,,,,,,,,,,,,,,,,,,,,,,,,,,,,,,,,,,,,,,*/fˌʌ̃mˈiːʎa/,,*/fˈʌ̃nɡ/,,,,,,,,,,,,,,,,,,,,,,,,,,,,,,,,,,,,,,,*/fɾˈʌ̃nɡ/,*/fɾˌʌ̃ncˈiː/,,,,,,,,,,,,,,,,,,,,,,,,,,,,,,,,,,,,,,,,,,,,,,,,,,,,,,,,,,,,,,,,,,,,,,,,,,,,,,*/ə̃mbˌurːˈʌ̃/,,*/ˌʌ̃ndˌiːkˈɔ̃ɲ/,,,,,,,,,,,,,,,,,,,,,,,,,,,,,,,,,,,,,,,,,,,,,,,,,,,,,,*/kˈʌ̃mba/,*/kˌʌ̃mbˈɛ̃ɲ/,,*/kˌʌ̃mbˈʌ̃ɾ̃a/,*/kˌʌ̃mbˈɔ̃ɾ̃a/,,*/kˈʌ̃ɾ̃ɐp/,,,,,,,,*/kˈʌ̃nɡa/,*/kˌʌ̃ncˈɛːlː/,,,,,,,,,,,,,,,,,*/kəɾʃˈʌ̃ɾ̃a/,,,,,,,,,,,,,,,,,,,,,,,,,,,,,,,,,,,,,,,,,,,,,,,,,,,,,,,,,,,,,,,,,,,,,,,,,,,,,,,,,,,,,,,,,,,,,,,,,,,,,,,,,,,,,,,,,,,,,,,,,,,,,,,,,,,,,,,,,,,,,,,,,,,,,,,,,,,,,,,,,,,,,,,,,,,,,,,,,,,,,,,,,,,,,,,,,,,,,,,,,,,,,,,,*/mˈʌ̃nɡa/,,,*/mˈʌ̃ɲa/,*/mˈʌ̃nɡ/,*/mˈʌ̃nɡa/,,*/mˈʌ̃ncɐɾ̃/,,,,,,,,,,,,,,,,,,,,,,,,,,,,,,,,,,,,,,,,,,,,,,,,,,,,,,,,,,,,,,,,,,,,,,,,,,,,,,,,,,,,,,,,,,,,,,,,,,,,,,,,,,,*/pˌɐɡˈʌ̃ɾ̃a/,,,,,,,,,,,,,,,,,,,,,,,,,,,,,,,,,,,,,,,,,,,,,,,,,,,,,,,,,,,,,,,,,,,,,,,,,*/pˌʊlˠˈʌ̃nda/,,,,,,,,,,,,,,,,,,,,,,,,,,,,,,,,,,,,,,,,*/pˌutˈʌ̃ɾ̃a/,,,,,,,,,,,,,,,,,,,,,,,,,,,,,,,,*/ɾə̃mːˈʌ̃ɾ̃/,,,,,,,,,,,,,,,,,,,,,,,,,,,,,,,,,,*/ʃˌʌ̃ndˈɛt/,*/ʃˌʌ̃ɾ̃dˈɔːʃ/,*/ʃˌʌ̃ŋɡɲˈata/,,*/ʃˌʌ̃ndrːˌiːtˈɛt/,,*/ʃˌʌ̃ɲtməxˈiːlˠ/,*/ʃˌʌ̃ndˌʌ̃ndɾˈɛː/,*/ʃˌʌ̃ɲtˌʌ̃ndɾˈɛː/,*/ʃˌʌ̃ɲˈak/,,*/ʃˌʌ̃ɲtəmˈitɾ/,*/ʃˌʌ̃ɲtnɡˈɔːlˠa/,,,,,,,,,,,,,,,,,,,,,,,,,,,,,,,,,,,,,,,,,,,,,,,,,,,,,,*/ʃˌulˠˈʌ̃/,,,,,,,,,,,,,,,,,*/ʃtˈʌ̃m/,*/ʃtˈʌ̃nɡ/,,,,*/ʃtɾˈʌ̃mb/,,,,,,,,,,,,,,,,,,,,,,,,,,,,,,,,,,,,,,,,,,,,,,,,,,,,,,,,,,,,,,,,,,,*/tɾə̃məʃˈʌ̃ɾ̃a/,,,,,,,,,,,,,,,,,,,,,,,,,,,,,,,,,,,,,,,,,,,,,,,,,,,,,,,,,,,,,,,,,*/vəɾɡˈʌ̃ɾ̃/,,,,,,,,,,,,,,,,
R401,,,,,,,,,,,,,,,,,,,,,,,,,,,,,,,,,,,,,,,,,,,,,,,,,,,,,,,,,,,,,,,,,,,,,,,,,,,,,,,,,,,,,,,,,,,,*/dəpʃtˈɔ̃ɲ/,*/dəɾmˈɔ̃ɲ/,,,,,,,,,,,,,,,,,,,,,,,,,,,,,,,,,,,,,,,,,,,,,,,,,,,,,,,,,,,,,,,,,,,,,,,,,,,,,,,,,,,,,,,,,,,,,,,,,,,,,,,,,,,,,,,,,,,,,,,,,,,,,,,,,,,,,,,,,,,,,,,,,,,,,,,,,,,,,,,,,,,,,,,,,,,,,,,,,,,,,,,,,,,,*/pəɾndˈɛːʃa/,,*/pəɾndˈuo̯ɾ/,,,,,,,,,,,,,,,,,,,,,,,,,,,,,,,,,,,,,,,*/ə̃ndəlːɡˈɔ̃ɲ/,,,,,,,,,,,,,,,,,,,,,,,,,,,,,,,,,,,,,,,,,,,,,,,,,,,,,,,,,,,,,,,,,,,,,,,,,,,,,,,,,,,,,,,,,,,,,,,,,,,,,,,,,,,,,,,,,,,,,,,,,,,,,,,,,,,,,,,,,,,,,,,,,,,,,,,,,,,,,,,,,,,,,,,,,,,,,,,,,,,,,,,,,,,,,,,,,,,,,,,,,,,*/ləvɾˈɔ̃ɲ/,,,,,,,,,,,,,,,,,,,,,,,,,,,,,,,,,,,,,,,,,,,,,,,,,,,,,,,,,,,,,,,,,,,,,,,,,,,,,*/məɾlˈyc/,,,,,,,,,,,,,,,,,,,,,,,,,,,*/məɾzˈɛ̃ɲ/,,,,,*/məɾlˠˈɛ̃ɲa/,,,,,,,,,*/məʃɾˈɛːɾ/,,,,,,,,,,,,,,,,,,,,,,,,,,,,,,,,,,,,,,,,,,,,,,,,,,,,,,,,,,,,,,,,,,,,,,,,,,,,,,,,,,,,,,,,,,,,,,,,,,,,,,,,*/pəʃkˈɔ̃ɲ/,,,,,,,,,,,,,,,,,,,,,,,,,,,,,,,,,,,,,,,,,,,,,,,,,,,,,,,,,,,,,,,,,,,,,,,,,,,,,,,,,,,,,,,,,,,,*/rːəʃɾɡˈɔ̃ɲ/,,,,,,,,,,,,,,,,,,,,,,,,,,,,,,,,,,,,,,,,,,,,,,,,,,,,,,,,,,,,,,,,,,,,,,,,,,,,,,,,,*/ʃə̃mbəlˠtˈyːɾa/,,,,,,,,,,,,,,,,,,,,,,,,,,,,,,,,,,,,,,,,,,,,,,,,,,,,,,,,,,,,,,,,,,,,,,,,,,,,,,,,,,,,,,,,,,,,,,,,,,,,,,,,,,,,,,,,,,,,,,,,,,,,,,,,,,,,,,,,,,,,,,,,,,,,,,,,,,,,,,,,,,,,,,,,,,,,,,,,,,,,,,,,,,,,,,,,,,,,,,,
R402,,,,,,,,,,,,,,,,,,,,,,,,,,,,,,,,,,,,,,,,,,,,,,,,,,,,,,,,,,,,,,,,,,,,,,,,,,,,,,,,,,,,,,,,,,,,*/dəʃtˈɔ̃ɲ/,,,,,,,,,,,*/ʃkˌalːəkˈɔ̃ɲ/,*/ʃkˌaɾkˈɔ̃ɲ/,,*/ʃcˌyːɾtˈɔ̃ɲ/,*/zbˌulːˈɔ̃ɲ/,,,,,,,,,,,,,,,,,,,,,,,,,,,,,,,,,,,,,,,,,,,,,,,,,,,,,,,,,,,,,,,,,,,,,,,,,,,,,,,,,,,,,,,,,,,,,,,,,,,,,,,,,,,,,,,,,,,,,,,,,,,,,,,,,,,,,,,,,,,,,,,,,,,,,,,,,,,,,,,,,,,,,,,,,,,,,,,,,,,,,,,,,,,,,,,,,,,,,,,,,,,,,,,,,,,,,,,,,,,,,,,,,,,,,,,,,,,,,,,,,,,,,,,,,,,,,,,,,,,,,,,,,,,,,,,,,,,,,,,,,,,,,,,,,,,,,,,,,,,,,,,,,,,,,,,,,,,,,,,*/kˌuːmtˈɔ̃ɲ/,,,,,,,,,,,,,,,,,,,,,,,,,,,,,,,,,,,,,,,,,,,,,,,,,,,,,,,,,,,,,,,,,,,,,,,,,,,,,,,,,,,,,,,,,,,,,,,,,,,,,,,,,,,,,,,,,,,,,,,,,,,,,,,,,,,,,,,,,,,,,,,,,,,,,,,,,,,,,,,,,,,,,,,,,,,,,,,,,,,,,,,,,,,,,,,,,,,,,,,,,,,,,,,,,,,,,,,,,,,,,,,,,,,,,,,,,,,,,,,,,,,,,,,,,,,,,,,,,,,,,,,,,,,,,,,,,,,,,,,,,,,,,,,,,,,,,,,,,,,,,,,,,,,,,,,,,,,,,,,,,,,,,,,,,,,,,,,,,,,,,,,,,,,,,,,,,,,,,,,,,,,,,,,,,,,,,,,,,,,,,,,,,,,,,,,,,,,,,,,,,,,,,,,,,,,,,,,,,,,,,,,,,,,,,,,,,,,,,,,,,,,,,,,,,,,,,,,,,,,,,,,,,,,,,*/ʃˌʌ̃ɲnɡˈɔːlˠa/,,,,,,,,,,,,,,,,,,,,,,,,,,,,,,,,,,,,,,,,,,,,,,,,,,,,,,,,,,,,,,,,,,,,,,,,,,,,,,,,,,,,,,,,,,,,,,,,,,,,,,,,,,,,,,,,,,,,,,,,,,,,,,,,,,,,,,,,,,,,,,,,,,,,,,,,,,,,,,,,,,,,,,,,,,,,,,,,,,,,,,,,,,,,,,,,,,,,,,,,,,,,,,,,,,,,,,,,,,,,,,,,
R403,,,,,,,,,,,,,,,,,,,,,,,,,,,,,,,,,,,,,,,,,,,,,,,,,,,,,,,,,,,,,,,,,,,,,,,,,,,,,,,,,,,,,,,,,,,,,,,,,,,,,,,,,,,,,,,,,,,,,,,,,,,,,,,,,,,,,,,,,,,,,,,,,,,,,,,,,,,,,,,,,,,,,,,,,,,,,,,,,,,,,,,,,,,,,,,,,,,,,,,,,,,,,,,,,,,,,,,,,,,,,,,,,,,,,,,,,,,,,,,,,,,,,,,,,,,,,,,,,,,,,,,,,,,,,,,,,,,,,,,,,,,,,,,,,,,,,,,,,,,,,,,,,,,,,,,,,,,,,,,,,,,,,,,,,,,,,,,,,,,,,,,,,,,,,,,,,,,,,,,,,,,,,,,,,,,,,,,,,,,,,,,,,,,,,,,,,,,,,,,,,,,,,,,,,,,,,,,,,,,,,,,,,,,,,,,,,,,,,,,,,,,,,,,,,,,,,,,,,,,,,,,,,,,,,,,,,,,,,,,,,,,,,,,,,,,,,,,,,,*/kˈuːɾbta/,,,,,,,,,,,,,,,,,,,,,,,,,,,,,,,,,,,,,,,,,,,,,,,,,,,,,,,,,,,,,,,,,,,,,,,,,,,,,,,,,,,,,,,,,,,,,,,,,,,,,,,,,,,,,,,,,,,,,,,,,,,,,,,,,,,,,,,,,,,,,,,,,,,,,,,,,,,,,,,,,,,,,,,,,,,,,,,,,,,,,,,,,,,,,,,,,,,,,,,,,,,,,,,,,,,,,,,,,,,,,,,,,,,,,,,,,,,*/pˈɛ̃ndka/,,,,,,,,,,,,,,,*/pjˈɛʃka/,,,,,,,,,,,,,,,,,,,,,,,,,,,,,,,,,,,,,,,,,,,,,,,,,,,,,,,,,,,,,,,,,,,,,,,,,,,,,,,,,,,,,,,,,,,,,,,,,,,,,,,,,,,,,,,,,,,,,,,,,,,,,,,,,,,,,,,,,,,,,,,,,,,,,,,,,,,,,,,,,,,,,,,,,,,,,,,,,,,,,,,,,,,,,,,,,,,,,,,,,,,,,,,,,,,,,,,,,,,,,,,,,,,,,,,,,,,,,,,,,,,,,,,,,,,,,,,,,,,,,,,,,,,,,,,,,,,,,,,,,,,,,,,,,,,,,,,,,,,,,,,,,,,,,,,,,,,,,,,,,,,,,,,,,,,,,,,,,,,,,,,,,,,,,,,,,,,,,,,,,,,,,,,,,,,
R404,,,,,,,,,,,,,,,,,,,,,,,,,,,,,,,,,,,,,,,,,,,,,,,,,,,,,,,,,,,,,,,,,,,,,,,,,,,,,,,,,,,,,,,,,,,,,,,,,,,,,,,,,,,,,,,,,,,,,,,,,,,,,,,,,,,,,,,,,,,,,,,,,,,,,,,,,,,,,,,,,,,,,,,,,,,,,,,,,,,,,,,,,,,,,,,,,,,,,,,,,,,,,,,,,,,,,,,,,,,,,,,,,,,,,,,,,,,,,,,,,,,,,,,,,,,,,,,,,,,,,,,,,,,,,,,,,,,,,,,,,,,,,,,,,,,,,,,,,,,,,,,,,,,,,,,,,,,,,,,,,,,,,,,,,,,,,,,,,,,,,,,,,,,,,,,,,,,,,,,,,,,,,,,,,,,,,,,,,,,,,,,,,,,,,,,,,,,,,,,,,,,,,,,,,,,,,,,,,,,,,,,,,,,,,,,,,,,,,,,,,,,,,,,,,,,,,,,,,,,,,,,,,,,,,,,,,,,,,,,,,,,,,,,,,,,,,,,,,,,,,,,,,,,,,,,,,,,,,,,,,,,,,,,,,,,,,,,,,,,,,,,,,,,,,,,,,,,,,,,,,,,,,,,,,,,,,,,,,,,,,,,,,,,,,,,,,,,,,,,,,,,,,,,,,,,,,,,,,,,,,,,,,,,,,,,,,,,,,,,,,,,,,,,,,,,,,,,,,,,,,,,,,,,,,,,,,,,,,,,,,,,,,,,,,,,,,,,,,,,,,,,,,,,,,,,,,,,,,,,,,,,,,,,,,,,,,,,,,,,,,,,,,,,,,,,,,,,,,,,,,,,,,,,,,,,,,,,,,,,,,,,,,,,,,,,,,,,,,,,,,,,,,,,,,,,,,,,,,,,,,,,,,,,,,,,,,,,,,,,,,,,,,,,,,,,,,,,,,,,,,,,,,,,,,,,,,,,,,,,,,,,,,,,,,,,,,,,,,,,,,,,,,,,,,,,,,,,,,,,,,,,,,,,,,,,,,,,,,,,,,,,,,,,,,,,,,,,,,,,,,,,,,,,,,,,,,,,,,,,,,,,,,,,,,,,,,,,,,,,,,,,,,,,,,,,,,,,,,,,,,,,,,,,,,,,,,,,,,,,,,,,,,,,,,,,,,,,,,,,,,,,,,,,,,,,,,,,,,,,,,,,,,,,,,,,,,,,,,,,,,,,,,,,,,,,,,,,,,,,
R405,,,,,,,,,,,,,,,,,,,,,,,,,,,,,,,,,,,,,,,,,,,,,,,,,,,,,,,,,,,,,,,,,,,,,,,,,,,,,,,,,,,,,,,,,,,,,,,,,,,,,,,,,,,,,,,,,,,,,,,,,,,,,,,,,,,,,,,,,,,,,,,,,,,,,,,,,,,,,,,,,,,,,,,,,,,,,,,,,,,,,,,,,,,,,,,,,,,,,,,,,,,,,,,,,,,,,,,,,,,,,,,,,,,,,*/fˈuːʃɲa/,*/fˌuʃɲˈaːɾ/,,,,,,,,,,,,,,,,,,,,,,,,,,,,,,,,,,,,,,,,,,,,,,,,,,,,,,,,,,,,,,,,,,,,,,,,,,,,,,,,*/ə̃nɲəɾˈɔ̃ɲ/,,,,,,,,,,,,,,,,,,,,,,,,,,,,,,,,,,,,,,,,,,,,,,,,,,,,,,,,,,,,,,,,,,,,,,,,,,,,,,,,,,,,,,,,,,,,,,,,,,,,,,,,,,,,,,,,,,,,,,,,,,,,,,,,,,,,,,,,,,,,,,,,,,,,,,,,,,,,,,,,,,,,,,,,,,,,,,,,,,,,,,,,,,,,,,,,,,,,,,,,,,,,,,,,,,,,,,,,,,,,,,,,,,,,,,,,,,,,,,,,,,,,,,,,,,,,,,,,,,,,,,,,,,,,,,,,,,,,,,,,,,,,,,,,,,,,,,,,,,,,,,,,,,,,,,,,,,,,,,,,,,,,,,,,,,,,,,,,,,,,,,,,,,,,,,,,,,,,,,,,,,,,,,,,,,,,,,,,,,,,,,,,,,,,,,,,,,,,,,,,,,,,,,,,,,,,,,,,,,,,,,,,,,,,,,,,,,,,,,,,,,,,,,,,,,,,,,,,,,,,,,,,,,,,,,,,,,,,,,,,,,,,,,,,,,,,,,,,,,,,,,,,,,,,,,,,,,,,,,,,,,,,,,,,,,,,,,,,,,,,,,,,,,,,,,,,,,,,,,,,,,,,,,,,,,,,,,,*/ʃˌʌ̃ŋɲˈata/,,,,,,,,,,,,,,,,,,,,,,,,,,,,,,,,,,,,,,,,,,,,,,,,,,,,,,,,,,,,,,,,,,,,,,,,,,,,,,,,,,,,,,,,,,,,,,,,,,,,,,,,,,,,,,,,,,,,,,*/tˈimɐɾ̃/,,,,,,,,,,,,,,,,,,,,,,,,,,,,,,,,,,,,,,,,,,,,,,,,,,,,,,,,,,,,,,,,,,,,,,,,,,,,,,,,,,,,,,,,,,,,,,,,,,,,,,,,,,,,,,,,,,,,
R406,,,,,,,,,,,,,,,,,,,,,,,,,,,,,,,,,,,,,,,,,,,,,,,,,,,,,,,,,,,,,,,,*/bˌɛ̃nkˈɔ̃ɲ/,,,,,,,,,,,,,,,,,,,,,,,,,,,,,,,,,,,,,,,,,,,,,,,,,,,,,,,,,,,,,,,,,,,,,,,,,,,,,,,,,,,,,*/zɟəlˠˈɔ̃ɲ/,,,,*/ˌʊpˈɛːʃp/,,,,,,,,,,,,,,,,,,,,,,,,,,,,,,,,,,,,,,,,,,,,,,,,,,,,,,,,,,,,,,,,,,,,,,,,,,,,,,,,,,,,,,,,,,,,,,,,,,,,,,,,,,,,,,,,,,,,,,,,,,,,,,,,,,,,,,,,,,,,,,*/ə̃ndəʃkˈɔ̃ɲ/,,,,,,,,,,,,,,,,,,,,,,,,,,,,,,,,,,,,,,,,,,,,,,,,,,,,,,,,,,,,,,,,,,,,,,,,,,,,,,,,,,,,,,,,,,,,,,,,,,,,,,,,,,,,,,,,,,,,,,,,,,,,,,,,,,,,,,,,,,,,,,,,,,,,,,,,,,,,,,,,,,,,,,,,,,,,,,,,,,,,,,,,,,,,,,,,,,,,,,,,,,,*/kˈuːɾta/,,,,,,,,,,,,,,,,,,,,,,,,,,,,,,,,,,,,,,,,,,,,,,,,,,,,,,,,,,,,,,,,,,,,,,,,,,,,,,,,,,,,,,,,,,,,,,,,,,,,,,,,,,,,,,,,,,,,,,,,,,,,,,,,,,,,,,,,,,,,,,,,,,,,,,,,,,,,,,,,,,,,,,,,,,,,,,,,,,,,,,,,,,,,,,,,,,,,,,,,,,,,,,,,,,,,,,,,,,,,,,,,,,,,,,,,,,,*/pˈɛ̃nka/,,,,,,,,,,,,,*/pəɾɟəlˠˈɔ̃ɲ/,,,,,,,,,,,,,,,,,,,,,,,,,,,,,,,,,,,,,,,,,,,,,,,,,,,,,,,,,,,,,,,,,,,,,,,,,,,,,,,,,,,,,,,,,,,,,*/rːəʃɡˈɔ̃ɲ/,,,,,,,,,,,,,,,,,,,,,,,,,,,,,,,,,,,,,,,,,,,,,,,,,,,,,,,,,,,,,,,,,,,,,,,,,,,,,,,,,,,,,,,,,,,,,,,,,,,,,,,,,,,,,,,,,,,,,,,,,,,,,,,,,,,,,,,,,,,,,,,,,,,,,,,,,,,,,,,,,,,,,,,,,,,,,,,,,,,,,,,,,,,,,,,,,,,,,,,,,,,,,,,,,,,,,,,,,,,,,,,,,,,,,,,,,,,,,,,,,,,,,,,,,,*/vəʃɡˈɔ̃ɲ/,,,,,,,,,,,,,,,,,,,,,,,,,,,,,,
R407,,,,,,,,,,,,,,,,,,,,,,,,,,,,,,,,,,,,,,,,,,,,,,,,,,,,,,,,,,,,,,,,,,,,,,,,,,,,,,,,,,,,,,,,,,,,,,,,,,,,,,,,,,,,,,,,,,,,,,,,,,,,,,,,,,,,,,,,,,,,,,,,,,,,,,,,,,,,,,,,,,,,,,,,,,,,,,,,,,,,,,,,,,,,,,,,,,,,,,,,,,,,,,,,,,,,,,,,,,,,,,,,,,,,,,,,,,,,,,,,,,,,,,,,,,,,,,,,,,,,,,,,,,,,,,,,,,,,,,,,,,,,,,,,,,,,,,,,,,,,,,,,,,,,,,,,,,,,,,,,,,,,,,,,,,,,,,,,,,,,,,,,,,,,,,,,,,,,,,,,,,,,,,,,,,,,,,,,,,,,,,,,,,,,,,,,,,,,,,,,,,,,,,,,,,,,,,,,,,,,,,,,,,,,,,,,,,,,,,,,,,,,,,,,,,,,,,,,,,,,,,,,,,,,,,,,,,,,,,,,,,,,,,,,,,,,,,,,,,,,,,,,,,,,,,,,,,,,,,,,,,,,,,,,,,,,,,,,,,,,,,,,,,,,,,,,,,,,,,,,,,,,,,,,,,,,,,,,,,,,,,,,,,,,,,,,,,,,,,,,,,,,,,,,,,,,,,,,,,,,,,,,,,,,,,,,,,,,,,,,,,,,,,,,,,,,,,,,,,,,,,,,,,,,,,,,,,,,,,,,,,,,,,,,,,,,,,,,,,,,,,,,,,,,,,,,,,,,,,,,,,,,,,,,,,,,,*/pˈɛ̃ŋka/,,,,,,,,,,,,,,,,,,,,,,,,,,,,,,,,,,,,,,,,,,,,,,,,,,,,,,,,,,,,,,,,,,,,,,,,,,,,,,,,,,,,,,,,,,,,,,,,,,,,,,,,,,,,,,,,,,,,,,,,,,,,,,,,,,,,,,,,,,,,,,,,,,,,,,,,,,,,,,,,,,,,,,,,,,,,,,,,,,,,,,,,,,,,,,,,,,,,,,,,,,,,,,,,,,,,,,,,,,,,,,,,,,,,,,,,,,,,,,,,,,,,,,,,,,,,,,,,,,,,,,,,,,,,,,,,,,,,,,,,,,,,,,,,,,,,,,,,,,,,,,,,,,,,,,,,,,,,,,,,,,,,,,,,,,,,,,,,,,,,,,,,,,,,,,,,,,,,,,,,,,,,,,,,,,,,,,,,,,,,,,,,,,
R408,,,,,,,,,,,,,,*/cˈĩɲɟ/,,,,,,,,,,,,,,,*/ˈʌ̃ɲɟəlˠ/,*/ˈɛ̃ɲɟəlˠ/,,,,,,,,,,,,,,,,,,,,,,,,,,*/ˈũŋɡəlː/,,,,,,,,,,,,,,,,,,,,,,,,,,,,,,,,,,,,,,,,,,,,,,,,,,,,,,,,*/dɾə̃ŋɡˈũo̯/,,,,,,,,,,,,,,,,,,,,,,,,,,,,,,,,,,,,,,,,,,,,,,,,*/ũɲɟˈiːlˠ/,,,,,,,,,,,,,,,,*/fˈʌ̃ŋɡ/,,,,,,,,,,,,,,,,,,,,,,,,,,,,,,,,,,,,,,,*/fɾˈʌ̃ŋɡ/,*/fɾˌʌ̃ɲɟˈiː/,,,,,,,,,,,,,,,,,,,,,,,,,,,,,,,,,,,,,,,,,,,,,,,,,,,*/hˈĩŋɡəlː/,*/ŋɡulˠˈɔ̃ɲ/,,,,,,,,,,,,,,,,,,,,,,,,,,,,,,,,,,,,,,,*/ə̃ŋɡˌalːəkˈɔ̃ɲ/,*/ə̃ŋɡˌaɾkˈɔ̃ɲ/,*/ə̃ŋɡˌaːʃə̃ɾ̃ˈɛ̃ɲ/,,*/ə̃ŋɡˌuːʃəlˠˈɔ̃ɲ/,*/ə̃ŋɡˈɔːɾð/,,,*/ə̃ŋɡˌũːɲˈɔ̃ɲ/,,,*/ə̃mbəkˈat/,*/ə̃mbəʃˈɔ̃ɲ/,,,,,,,,,,,,,,,,,,,,,*/ɟˌuːvˈɛ̃ŋɡa/,,,,,,,,,,,,,,,,,,,,,,,,*/kˈʌ̃ŋɡa/,*/kˌʌ̃ɲɟˈɛːlː/,,,,,,,,,,,,,,,,,,,,,,,,,,,,,,,,,,,,,,,*/ə̃ŋɡˈaːlˠa/,,,,,,,,,,,,,,,,,,,,,,,,,,,,,,,,,,,*/kˈũŋɡa/,,,,,,,,*/kˌũːmːŋɡˈɔ̃ɲ/,,,,,,,,,,,,,,,,,,,,,,,,,,,,,,,,,,,,,,,,,,,,,,,,,,,,,,,,,,,,,,,,,,,,,,,,,,,,,,,,,,,,,*/lə̃ɲɟˈyːɾa/,*/lə̃ɲɟˈye̯ɾ/,*/lə̃ɲɟˈɛːɾɛ/,,,,,,,,,,,,,,,,,,,,,,,,,,,,,,,,,,,,,,,,,,*/mə̃ɲɟˈiː/,,,,,,,,,,,*/mˌaːlˠə̃ɲɟˈɛ̃ɲ/,,,*/mˈʌ̃ŋɡa/,*/mə̃ŋɡˈɔ̃ɲ/,*/mə̃mbulˠˈɔ̃ɲ/,,*/mˈʌ̃ŋɡ/,*/mˈʌ̃ŋɡa/,*/mə̃ŋɡˈɔ̃ɲ/,*/mˈʌ̃ɲɟɐɾ̃/,,,,,,,,,,,,,,,,,,,,,,,,,,,,,,,,,,,,,,,,,,,,,,,,,,,,,,,,,,,,,,,,,,,,,,,,,,*/ə̃ŋɡˌaɾðˌulːˈicɛ/,,,,,,,,,,,,,,,,,,,,,,,,,,,,,,,,,,,,,,,,,,,,,,,,,,,,,,,,,,,,,,*/pˈɛ̃ŋɡa/,,,,,,,,,,,,,,,,,,,,,,,,,,,,,,,,,,,,,*/plˈaŋɡ/,*/plˈaŋɡ/,,,,,,,,,,,,,,,,,,,,,,,,,,,,,*/pɾˈĩɲɟ/,,,,,,,,,,,,,,,,,,,,,,,,,,,,,,,,,,,,,,,,,,,,,,,,,,,,,,,,,,,*/rːˌũŋɡˈɔ̃ɲ/,,,,,,,,,,,,,,,,*/ʃˈɛːlə̃ɲɟɛ/,,,,,,,,,*/ʃˌʌ̃ndˈɔːʃ/,,,,,,,,,,,*/ʃˌʌ̃ɲŋɡˈɔːlˠa/,,,,,,,,,,,,,,,,,,,,,,,,,,,,,,,,,,,,,,,,,,,,,,,,,,,,,,,,,,,,,,,,,,,,,,,,*/ʃtˈʌ̃ŋɡ/,,,,,,,,,,,,,,,,,,,,,,,,,,*/ʃˌiːɾˈĩŋɡa/,,,,,,,,,,,,,,,,,,,,,,,,,*/tˈĩŋɡa/,*/tˈĩŋɡulˠ/,,,,,,,,,,,,,,,,,,,,,,,,,,*/tɾˈũŋɡ/,,,,,,,,,,,,,,,,*/ˌũŋɡˈɔ̃ɲ/,,,,,,,,,,,,,,,,,,,,,,,,,,,,,,,,,*/mə̃ɲɟˈiːlˠɛː/,,,,,,,*/mə̃ɲɟˈiːlˠ/,,,,,,,,,,,,,,,,,,
R409,,,,,,,,,,,,,,,,,,,,,,,,,,,,,,,,,,,,,,,,,,,,,,,,,,,,,,,,,,,,,,,,,,,,,,,,,,,,,,,,,,,,,,,,,,,,,,,,,,,,,,,,,,,,,,,,,,,,,,,,,,,,,,,,,,,,,,,,,,,,,,,,,,,,,,,,,,,,,,,,,,,,,,,,,,,,,,,,,,,,,,,,,,,,,,,,,,,,,,,,,,,,,,,,,,,,,,,,,,,,,,,,,,,,,*/fˈuːʒɲa/,*/fˌuʒɲˈaːɾ/,,,,,,,,,,,,,,,,,,,,,,,,,,,,,,,,,,,,,,,,,,,,,,,,,,,,,,,,,,,,,,,,,,,,,,,,,,,,,,,,,,,,,,,,,,,,,,,,,,,,,,,,,,,,,,,,,,,,,,,,,,,,,,,,,,,,,,,,,,,,,,,,,,,,,,,,,,,,,,,,,,,,,,,,,,,,,,,,,,,,,,,,,,,,,,,,,,,,,,,,,,,,,,,,,,,,,,,,,,,,,,,,,,,,,,,,,,,,,,,,,,,,,,,,,,,,,,,,,,,,,,,,,,,,,,,,,,,,,,,,,,,*/kərːˈɛːʒma/,,,,,,,,,,,,,,,,,,,,,,,,,,,,,,,,,,,,,,,,,,,,,,,,,,,,,,,,,,,,,,,,,,,,,,,,,,,,,,,,,,,,,,,,,,,,,,,,,,,,,,,,,,,,,,,,,,,,,,,,,,,,,,,,,,,,,,,,,,,,,,,,,,,,,,,,,,,,,,,,,,,,,,,,,,,,,,,,,,,,,,,,,,,,,,,,,,,,,,,,,,,,,,,,,,,,,,,,,,,,,,,,,,,,,,,,,,,,,,,,,,,,,,,,,,,,,,,,,,,,,,,,,,,,,,,,,,,,,,,,,,,,,,,,,,,*/pɾˈɔːʒm/,*/pɾˌɔʒmˈɔ̃ɲ/,,,,,,,,,,,,,,,,,,,,,,,,,,,,,,,,,,*/rːəʒɡˈɔ̃ɲ/,,,,,,,,,,,,,,,,,,,,,,,,,,,,,,,,,,,,,,,,,,,,,,,,,,,,,,,,,,,,,,,,,,,,,,,,,,,,,,,,,,,,,,,,,,,,,,,,,,,,,,,,,,,,,,,,,,,,,,,,,,,,,,,,,,,,,,,,,,,,,,,,,,,,,,,,,,,,,,,,,,,,,,,,,,,,,,,,,,,,,,,,,,,,,,,,,,,,,,,,,,,,,,,,,,,,,,,,,,,,,,,,,,,,,,,,,,,,,,,,,,,,,,,,,,*/vəʒɡˈɔ̃ɲ/,,,,,,,,,,,,,,,,,,,,,,,,,,,,,,
R410,,,,,,,,,,,,,,,,,,,,,,,,,,,,,,,,,,,,,,,,,,,,,,,,,,,,,,,,,,,,,,,,,,,,,,,,,,,,,,,,,,,,,,,,,,,,,,,,,,,,,,,,,,,,,,,,,,,,,,,,,,,,,,,,,,,,,,,,,,,,,,,,,,,,,,,,,,,,,,,,,,,,,,,,,,,,,,,,,,,,,,,,,,,,,,,,,,,,,,,,,,,,,,,,,,,,,,,,,,,,,,,,,,,,,,,,,,,*/ɡəlːˈaːsa/,,,,,,,,,,,,,,,,,,,,,,,,,,,,,,,,,,,,,,,,,,,,,,,,,,,,,,,,,,,,,,,,,,,,,,,,,,,,,,,,,,,,,,,,,,,,,,,,,,,,,,,,,,,,,,,,,,,,,,,,,,,,,,,,,,,,,,,,,,,,,,,,,,,,,,,,,,,,,,,,,,,,,,,,,,,,,,,,,,,,,,,,,,,,,,,,,,,,,,,,,,,,,,,,,,,,,,,,,,,,,,,,,,,,,,,,,,,,,,,,,,,,,,,,,,,,,,,,,,,,,,,,,,,,,,,,,,,,,,,,,,,,,,,,,,,,,,,,,,,,,,,,,,,,,,,,,,,,,,,,,,,,,,,,,,,,,,,,,,,,,,,,,,,,,,,,,,,,,,,,,,,,,,,,,,,,,,,,,,,,,,,,,,,,,,,,,,,,,,,,,,,,,,,,,,,,,,,,,,,,,,,,,,,,,,,,,,,,,,,,,,,,,,,,,,,,,,,,,,,,,,,,,,,,,,,,,,,,,,,,,,,,,,,,,,,,,,,,,,,,,,,,,,,,,,,,,,,,,,,,,,,,,,,,,,,,,,,,,,,,,,,,,,,,,,,,,,,,,,,,,,,,,,,,,,,,,,,,,,,,,,,,,,,,,,,,,,,,,,,,,,,,,,,,,,,,,,,,,,,,,,,,,,,,,,,,,,,,,,,,,,,,,,,,,,,,,,,,,,,,,,,,,,,,,,,,,,,,,,,,,,,,,,,,,,,,,,,,,,,,,,,,,,,,,,,,,,,,,,,,,,,,,,,,,,,,,,,,,,,,,,,,,,,,,,,,,,,,,,,,,,,,,,,,,,,,,,,,,,,,,,,,,,,,,,,,,,,,,,,,,,,,,,,,,,,,,,,,,,,,,,,,,,,,,,,,,,,,,,,,,,,,,,,,,,,,,,,,,,,,,,,,,,,,,,,,,,,,,,,,,,,,
R411,,,,,,,,,,,,,,,,,,,,,,,,,,,,,,,,,,,,,,,*/ɾˈʌ̃ɾ̃a/,,,,,,,,,,,,,,,,,,,,,,,,,,,,,,,,,,,,,,,,,,,,,,,,,,,,,,,,,,,,,,,,,,,,,,,,,,,,,,,,,,,,,,,,,,,,,,,,,,,,,,,,,,,,,,,,,,,,,,,,,,,,,,,,,,,,,,,,,,,,,,,,,,,,,,,,,,,,,,,,,,,,,,,,,,,,,,,,,,,,,,,,,,,,,,,,,,,,,,,,,,,,,,,,,,,,,,,,,,,,,,,,,,,,,,,,,,,,,,,,,,,,,,,,,,,,,,,,,,,,,,,,,,,,,,,,,,,,,,,,,,,,,,,,,,,,,,,,,,,,,,,,,,,,,,,,,,,,,,,,,,,,,,,,,,,,,,,,,,,,,,,,,,,,,,,,,,,,,,,,,,,,,,,,,,,,,,,,,,,,,,,,,,,,,,,,,,,,,,,,,,,,,,,,,,,,,,,,,,,,,,,,,,,,,,,,,,,,,,,,,,,,,,,,,,,,,,,,,,,,,,,,,,,,,,,,,,,,,,,,,,,,,,,,,,,,,,,,,,,,,,,,,,,,,,,,,,,,,,,,,,,,,,,,,,,,,,,,,,,,,,,,,,,,,,,,,,,,,,,,,,,,,,,,,,,,,,,,,,,,,,,,,,,,,,,,,,,,,,,,,,,,,,,,,,,,,,,,,,,,,,,,,,,,,,,,,,,,,,,,,,,,,,,,,,,,,,,,,,,,,,,,,,,,,,,,,,,,,,,,,,,,,,,,,,,,,,,,,,,,,,,,,,,,,,,,,,,,,,,,,,,,,,,,,,,,,,,,,,,,,,,,,,,,,,,,,,,,,,,,,,,,,,,,,,,,,,,,,,,,,,,,,,,,,,,,,,,,,,,,,,,,,,,,,,,,,,,,,,,,,,,,,,,,,,,,,,,,,,,,,,,,,,,,,,,,,,,,,,,,,,,,,,,,,,,,,,,,,,,,,,,,,,,,,,,,,,,,,,,,,,,,,,,,,,,,,,,,,,,,,,,,,,,,,,,,,,,,,,,,,,,,,,,,,,,,,,,,,,,,,,,,,,,,,,,,,,,,,,,,,,,,,,,,,,,,,,,,,,,,,,,,,,,,,,,,,,,,,,,,,,,,,,,,,,,,,,,,,,,,,,,,,,,,,,,,,,,,,,,,,,,,,,,,,,,,,,,,,,,,
R412,,,,,,,,,,,,,,,,,,,,,,,,,,,,,,,,,,,,,,,,,,,,,,,,,,,,,,,,,,,,,,,,,,,,,,,,,,,,,,,,,,,,,,,,,,,,,,,,,,,,,,,,,,,,,,,,,,,,,,,,,,,,,,,,,,,,,,,,,,,,,,,,,,,,,,,,,,,,,,,,,,,,,,,,,,,,,,,,,,,,,,,,,,,,,,,,,,,,,,,,,,,,,,,,,,,,,,,,,,,,,,,,,,,,,,,,,,,,,,,,,,,,,,,,,,,,,,,,,,,,,,,,,,,,,,,,,,,,,,,,,,,,,,,,,,,,,,,,,,,,,,,,,,,,,,,,,,,,,,,,,,,,,,,,,,,,,,,,,,,,,,,,,,,,,,,,,,,,,,,,,,,,,,,,,,,,,,,,,,,,,,,,,,,,,,,,,,,,,,,,,,,,,,,,,,,,,,,,,,,,,,,,,,,,,,,,,,,,,,,,,,,,,,,,,,,,,,,,,,,,,,,,,,,,,,,,,,,,,,,,,,,,,,,,,,,,,,,,,,,,,,,,,,,,,,,,,,,,,,,,,,,,,,,,,,,,,,,,,,,,,,,,,,,,,,,,,,,,,,,,,,,,,,,,,,,,,,,,,,,,,,,,,,,,,,,,,,,,,,,,,,,,,,,,,,,,,,,,,,,,,,,,,,,,,,,,,,,,,,,,,,,,,,,,,,,,,,,,,,,,,,,,,,,,,,,,,,,,,,,,,,,,,,,,,,,,,,,,,,,,,,,,,,,,,,,,,,,,,,,,,,,,,,,,,,,,,,,,,,,,,,,,,,,,,,,,,,,,,,,,,,,,,,,,,,,,,,,,,,,,,,,,,,,,,,,,,,,,,,,,,,,,,,,,,,,,,,,,,,,,,,,,,,,,,,,,,,,,,,,,,,,,,,,,,,,,,,,,,,,,,,,,,,,,,,,,,,,,,,,,,,,,,,,,,,,,,,,,,,,,,,,,,,,,,,,,,,,,,,,,,,,,,,,,,,,,,,,,,,,,,,,,,,,,,,,,,,,,,,,,,,,,,,,,,,,,,,,,,,,,,,,,,,,,,,,,,,,,,,,,,,,,,,,,,,,,,,,,,,,,,,,,,,,,,,,,,,,,,,,,,,,,,,,,,,,,,,,,,,,,,,,,,,,,,,,,,,,,,,,,,,,,,,,,,,,,,,,,,,,,,,,,,,,,,,,,,,,,,,,
R413,,,,,,,,,,,,,,,,,,,,,,,,,,,,,,,,,,,,,,,,,,,,,,,,,,,,,,,,,,,,,,,,,,,,,,,,,,,,,,,,,,,,,,,,,,,,,,,,,,,,,,,,,,,,,,,,,,,,,,,,,,,,,,,,,,,,,,,,,,,,,,,,,,,,,,,,,,,,,,,,,,,,,,,,,,,,,,,,,,,,,,,,,,,,,,,,,,,,,,,,,,,,,,,,,,,,,,,,,,,,,,,,,,,,,,,,,,,,,,,,,,,,,,,,,,,,,,,,,,,,,,,,,,,,,,,,,,,,,,,,,,,,,,,,,,,,,,,,,,,,,,,,,,,,,,,,,,,,,,,,,,,,,,,,,,,,,,,,,,,,,,,,,,,,,,,,,,,,,,,,,,,,,,,,,,,,,,,,,,,,,,,,,,,,,,,,,,,,,,,,,,,,,,,,,,,,,,,,,,,,,,,,,,,,,,,,,,,,,,,,,,,,,,,,,,,,,,,,,,,,,,,,,,,,,,,,,,,,,,,,,,,,,,,,,,,,,,,,,,,,,,,,,,,,,,,,,,,,,,,,,,,,,,,,,,,,,,,,,,,,,,,,,,,,,,,,,,,,,,,,,,,,,,,,,,,,,,,,,,,,,,,,,,,,,,,,,,,,,,,,,,,,,,,,,,,,,,,,,,,,,,,,,,,,,,,,,,,,,,,,,,,,,,,,,,,,,,,,,,,,,,,,,,,,,,,,,,,,,,,,,,,,,,,,,,,,,,,,,,,,,,,,,,,,,,,,,,,,,,,,,,,,,,,,,,,,,,,,,,,,,,,,,,,,,,,,,,,,,,,,,,,,,,,,,,,,,,,,,,,,,,,,,,,,,,,,,,,,,,,,,,,,,,,,,,,,,,,,,,,,,,,,,,,,,,,,,,,,,,,,,,,,,,,,,,,,,,,,,,,,,,,,,,,,,,,,,,,,,,,,,,,,,,,,,,,,,,,,,,,,,,,,,,,,,,,,,,,,,,,,,,,,,,,,,,,,,,,,,,,,,,,,,,,,,,,,,,,,,,,,,,,,,,,,,,,,,,,,,,,,,,,,,,,,,,,,,,,,,,,,,,,,,,,,,,,,,,,,,,,,,,,,,,,,,,,,,,,,,,,,,,,,,,,,,,,,,,,,,,,,,,,,,,,,,,,,,,,,,,,,,,,,,,,,,,,,,,,,,,,,,,,,,,,,,,,,,,,,,,,
R414,,,,,,,,,,,,,,,,,,,,,,,,,,,,,,,,,,,,,,,,,,,,,,,,,,,,,,,,,,,,,,,,,,,,,,,,,,,,,,,,,,,,,,,,,,,,,,,,,,,,,,,,,,,,,,,,,,,,,,,,,,,,,,,,,,,,,,,,,,,,,,,,,,,,,,,,,,,,,,,,,,,,,,,,,,,,,,,,,,,,,,,,,,,,,,,,,,,,,,,,,,,,,,,,,,,,,,,,,,,,,,,,,,,,,,,,,,,,,,,,,,,,,,,,,,,,,,,,,,,,,,,,,,,,,,,,,,,,,,,,,,,,,,,,,,,,,,,,,,,,,,,,,,,,,,,,,,,,,,,,,,,,,,,,,,,,,,,,,,,,,,,,,,,,,,,,,,,,,,,,,,,,,,,,,,,,,,,,,,,,,,,,,,,,,,,,,,,,,,,,,,,,,,,,,,,,,,,,,,,,,,,,,,,,,,,,,,,,,,,,,,,,,,,,,,,,,,,,,,,,,,,,,,,,,,,,,,,,,,,,,,,,,,,,,,,,,,,,,,,,,,,,,,,,,,,,,,,,,,,,,,,,,,,,,,,,,,,,,,,,,,,,,,,,,,,,,,,,,,,,,,,,,,,,,,,,,,,,,,,,,,,,,,,,,,,,,,,,,,,,,,,,,,,,,,,,,,,,,,,,,,,,,,,,,,,,,,,,,,,,,,,,,,,,,,,,,,,,,,,,,,,,,,,,,,,,,,,,,,,,,,,,,,,,,,,,,,,,,,,,,,,,,,,,,,,,,,,,,,,,,,,,,,,,,,,,,,,,,,,,,,,,,,,,,,,,,,,,,,,,,,,,,,,,,,,,,,,,,,,,,,,,,,,,,,,,,,,,,,,,,,,,,,,,,,,,,,,,,,,,,,,,,,,,,,,,,,,,,,,,,,,,,,,,,,,,,,,,,,,,,,,,,,,,,,,,,,,,,,,,,,,,,,,,,,,,,,,,,,,,,,,,,,,,,,,,,,,,,,,,,,,,,,,,,,,,,,,,,,,,,,,,,,,,,,,,,,,,,,,,,,,,,,,,,,,,,,,,,,,,,,,,,,,,,,,,,,,,,,,,,,,,,,,,,,,,,,,,,,,,,,,,,,,,,,,,,,,,,,,,,,,,,,,,,,,,,,,,,,,,,,,,,,,,,,,,,,,,,,,,,,,,,,,,,,,,,,,,,,,,,,,,,,,,,,,,,,,,,,,
R415,,,,,,,,,,,*/ʃtmˈɔ̃ɲ/,,,,,,,,,,,,,,,,,,,,,,,,,,,,,,,,,,,,,,,,,,,,,,,,,,,,,,,,,,,,,,,,,,,,,,,,,,,,,,,,,,,,,,,,,,,,,,,,,,,,,,,,,,,,,,,,,,,,,,,,,,,,,,,,,,,,,,,,,,,,,,,,,,,,,,,,,,,,,,,,,,,,,,,,,,,,,,,,,,,,,,,,,,,,,,,,,,,,,,,,,,,,,,,,,,,,,,,,,,,,,,,,,,,,,,,,,,,,,,,,,,,,,,,,,,,,,,,,,,,,,,,,,,,,,,,,,,,,,,,,,,,,,,,,,,,,,,,,,,,,,,,,,,,,,,,,,,,,,,,,,,,,,,,,,,,,,,,,,,,,,,,,,,,,,,,,,,,,,,,,,,,,,,,,,,,,,,,*/kˌaʃtɲˈɛt/,,,,,,,,,,,,,,,,,,,,,,,,,,,,,,,,,,,,,,,,,,,,,,,,,,,,,,,,,,,,,,,,,,,,,,,,,,,,,,,,,,,,,,,,,,,,,,,,,,,,,,,,,*/kɾəʃtndˈɛːl/,,,,,,,,,,,,,,,,,,,,,,,,,,,,,,,,,,,,,,,,,,,,,,,,,,,,,,,,,,,,,,,,,,,,,,,,,,,,,,,,,,,,,,,,,,,,,,,,,,,,,,,,,,,,,,,,,,,,,,,,,,,,,,,,,,,,,,,,,,,,,,,,,,,,,,,,,,,,,,,,,,,,,,,,,,,,,,,,,,,,,,,,,,,,,,,,,,,,,,,,,,,,,,,,,,,,,,,,,,,,,,,,,,,,,,,,,,,,,,,,,,,,,,,,,,,,,,,,,,,,,,,,,,,,,,,,,,,,,,,,,,,,,,,,,,,,,,,,,,,,,,,,,,,,,,,,,,,,,,,,,,,,,,,,,,,,,,,,,,,,,,,,,,,,,,,,,,,,,,,,,,,,,,,,,,,,,,,,,,,,,,,,,,,,,,,,,,,,,,,,*/ʃˌʌ̃ɲtndɾˈɛː/,,,*/ʃˌʌ̃ɲtmˈitɾ/,,,,,,,,,,,,,,,,,,,,,,,,,,,,,,,,,,,,,,,,,,,,,,,,,,,,,,,,,,,,,,,,,,,,,,,,,,,,,,,,,,,,,,,,,,,,,,,,,,,,,,,,,,,,,,,,,,,,,,,,*/tmˈũo̯/,*/tmˈye̯ɾ/,,,,,,,,,,,,,,,,,,,,,,,,,,,,,,,,,,,,,,,,,,,,,,,,,,,,,,,,,,,,,,,,,,,,,,,,,,,,,,,,,,,,,,,,,,,,,,,,,,,,,,,,
R416,,,,,,,,,,,*/ʃmˈɔ̃ɲ/,,,,,,,,,,,,,,,,,,,,,,,,,,,,,,,,,,,,,,,,,,,,,,,,,,,,,,,,,,,,,,,,,,,,,,,,,,,,,,,,,,,,,,,,,,,,,,,,,,,,,,,,,,,,,,,,,,,,,,,,,,,,,,,,,,,,,,,,,,,,,,,,,,,,,,,,,,,,,,,,,,,,,,,,,,,,,,,,,,,,,,,,,,,,,,,,,,,,,,,,,,,,,,,,,,,,,,,,,,,,,,,,,,,,,,,,,,,,,,,,,,,,,,,,,,,,,,,,,,,,,,,,,,,,,,,,,,,,,,,,,,,,,,,,,,,,,,,,,,,,,,,,,,,,,,,,,,*/ə̃nɲˈỹe̯ɲ/,,,,,,,,,,,,,,,,,,,,,,,,,,,,,,,,,,,,,,,,,,,,,,,,,,,,,,,,,,,,,*/kˌaʃɲˈɛt/,,,,,,,,,,,,,,,,,,,,,,,,,,,,,,,,,,,,,,,,,,,,,,,,,,,,,,,,,,,,,,,,,,,,,,,,,,,,,,,,,,,,,,,,,,,,,,,,,,,,,,,,,*/kɾəʃndˈɛːl/,,,,,,,,,,,,,,,,,,,,,,,,,,,,,,,,,,,,,,,,,,,,,,,,,,,,,,,,,,,,,,,,,,,,,,,,,,,,,,,,,,,,,,,,,,,,,,,,,,,,,,,,,,,,,,,,,,,,,,,,,,,,,,,,,,,,,,,,,,,,,,,,,,,,,,,,,,,,,,,,,,,,,,,,,,,,,,,,,,,,,,,,,,,,,,,,,,,,,,,,,,,,,,,,,,,,,,,,,,,,,,,,,,,,,,,,,,,,,,,,,,,,,,,,,,,,,,,,,,,,,,,,,,,,,,,,,,,,,,,,,*/pˈaːlɲa/,,,,,,,,,,,,,,,,,,,,,,,,,,,,,,,,,,,,,,,,,,,,,,,,,,,,,,,,,,,,,,,,,,,,,,,,,,,,,,,,,,,,,,,,,,,,,,,,,,,,,,,,,,,,,,,,,,,,,*/ʃˌʌ̃ɲməxˈiːlˠ/,,*/ʃˌʌ̃ɲndɾˈɛː/,,,*/ʃˌʌ̃ɲmˈitɾ/,,,,,,,,,,,,,,,,,,,,,,,,,,,,,,,,,,,,,,,,,,,,,,,,,,,,,,,,,,,,,,,,,,,,,,,,,,,,,,,,,,,,,,,,,,,,,,,,,,,,,,,,,,,,,,,,,,,,,,,*/ə̃ndəʃmˈɔ̃ɲ/,,,,,,,,,,,,,,,,,,,,,,,,,,,,,,,,,,,,,,,,,,,,,,,,,,,,,,,,,,,,,,,,,,,,,,,,,,,,,,,,,,,,,,,,,,,,,,,,,,,,,,,,,,
R417,,,,,,,,,,,,,,,,,,,,,,,,,,,,,,,,,,,,,,,,,,,,,,,,,,,,,,,,,,,,,,,,,,,,,,,,,,,,,,,,,,,,,,,,,,,,,,,,,,,,,,,,,,,,,,,,,,,,,,,,,,,,,,,,,,,,,,,,,,,,,,,,,,,,,,,,,,,,,,,,,,,,,,,,,,,,,,,,,,,,,,,,,,,,,,,,,,,,,,,,,,,,,,,,,,,,,,,,,,,,,,,,,,,,,,,,,,,,,,,,,,,,,,,,,,,,,,,,,,,,,,,,,,,,,,,,,,,,,,,,,,,,,,,,,,,,,,,,,,,,,,,,,,,,,,*/ə̃ɲɟəɾˈɔ̃ɲ/,,,,,,,,,,,,,,,*/ə̃ɲɟˈỹe̯ɲ/,,,,,,,,,,,,,,,,,,,,,,,,,,,,,,,,,,,,,,,,,,,,,,,,,,,,,,,,,,,,,,,,,,,,,,,,,,,,,,,,,,,,,,,,,,,,,,,,,,,,,,,,,,,,,,,,,,,,,,,,,,,,,,,,,,,,,,,,,,,,,,,,,,,,,,,,,,,,,,,,,,,,,,,,,,,,,,,,,,,,,,,,,,,,,,,,,,,,,,,,,,,,,,,,,,,,,,,,,,,,,,,,,,,,,,,,,,,,,,,,,,,,,,,,,,,,,,,,,,,,,,,,,,,,,,,,,,,,,,,,,,,,,,,,,,,,,,,,,,,,,,,,,,,,,,,,,,,,,,,,,,,,,,,,,,,,,,,,,,,,,,,,,,,,,,,,,,,,,,,,,,,,,,,,,,,,,,,,,,,,,,,,,,,,,,,,,,,,,,,,,,,,,,,,,,,,,,,,,,,,,,,,,,,,,,,,,,,,,,,,,,,,,,,,,,,,,,,,,,,,,,,,,,,,,,,,,,,,,,,,,,,,,,,,,,,,,,,,,,,,,,,,,,,,,,,,,,,,,,,,,,,,,,,,,,,,,,,,,,,,,,,,,,,,,,,,,,,,,,,,*/ʃˌʌ̃ɲɟˈata/,,,,,,,,,,,,,,,,,,,,,,,,,,,,,,,,,,,,,,,,,,,,,,,,,,,,,,,,,,,,,,,,,,,,,,,,,,,,,,,,,,,,,,,,,,,,,,,,,,,,,,,,,,,,,,,,,,,,,,,,,,,,,,,,,,,,,,,,,,,,,,,,,,,,,,,,,,,,,,,,,,,,,,,,,,,,,,,,,,,,,,,,,,,,,,,,,,,,,,,,,,,,,,,,,,,,,,,,,,,,,,,,,,,,,,,,,,
R418,,,,,,,,,,,,,,,,,,,,,,,,,,,,,,,,,,,,,,,,,,,,,,,,,,,,,,,,,,,,,,,,,,,,,,,,,,,,,,,,,,,,,,,,,,,,,,,,,,,,,,,,,,,,,,,,,,,,,,,,,,,,,,,,,,,,,,,,,,,,,,,,,,,,,,,,,,,,,,,,,,,,,,,,,,,,,,,,,,,,,,,,,,,,,,,,,,,,,,,,,,,,,,,,,,,,,,,,,,,,,,,,,,,,,,,,,,,,,,,,,,,,,,,,,,,,,,,,,,,,,,,,,,,,,,,,,,,,,,,,,,,,,,,,,,,,,,,,,,,,,,,,,,,,,,,,,,,,,,,,,,,,,,,,,,,,,,,,,,,,,,,,,,,,,,,,,,,,,,,,,,,,,,,,,,,,,,,,,,,,,,,,,,,,,,,,,,,,,,,,,,,,,,,,,,,,,,,,,,,,,,,,,,,,,,,,,,,,,,,,,,,,,,,*/kˌũːŋːɡˈɔ̃ɲ/,,,,,,,,,,,,,,,,,,,,,,,,,,,,,,,,,,,,,,,,,,,,,,,,,,,,,,,,,,,,,,,,,,,,,,,,,,,,,,,,,,,,,,,,,,,,,,,,,,,,,,,,,,,,,,,,,,,,,,,,,,,,,,,,,,,,,,,,,,,,,,,,,,,,,,,,,,,,,,,,,,,,,,,,,,,,,,,,,,,,,,,,,,,,,,,,,,,,,,,,,,,,,,,,,,,,,,,,,,,,,,,,,,,,,,,,,,,,,,,,,,,,,,,,,,,,,,,,,,,,,,,,,,,,,,,,,,,,,,,,,,,,,,,,,,,,,,,,,,,,,,,,,,,,,,,,,,,,,,,,,,,,,,,,,,,,,,,,,,,,,,,,,,,,,,,,,,,,,,,,,,,,,,,,,,,,,,,,,,,,,,,,,,,,,,,,,,,,,,,,,,,,,,,,,,,,,,,,,,,,,,,,,,,,,,,,,,,,,,,,,,*/ʃˌʌ̃mːəxˈiːlˠ/,,*/ʃˌʌ̃nːdɾˈɛː/,,,*/ʃˌʌ̃mːˈitɾ/,*/ʃˌʌ̃ŋːɡˈɔːlˠa/,,,,,,,,,,,,,,,,,,,,,,,,,,,,,,,,,,,,,,,,,,,,,,,,,,,,,,,,,,,,,,,,,,,,,,,,,,,,,,,,,,,,,,,,,,,,,,,,,,,,,,,,,,,,,,,,,,,,,,,,,,,,,,,,,,,,,,,,,,,,,,,,,,,,,,,,,,,,,,,,,,,,,,,,,,,,,,,,,,,,,,,,,,,,,,,,,,,,,,,,,,,,,,,,,,,,,,,,,,,,,,,,
R419,,,,,,,,,,,,,,,,,,,,,,,,,,,,,,,,,,,,,,,,,,,,,,,,,,,,,,,,,,,,,,,,,,,,,,,,,,,,,,,,,,,,,,,,,,,,,,,,,,,,,,,,,,,,,,,,,,,,,,,,,,,,,,,,,,,,,,,,,,,,,,,,,,,,,,,,,*/ˌupˈɛːʃp/,,,,,,,,,,,,,,,,,,,,,,,,,,,,,,,,,,,,,,,,,,,,,,,,,,,,,,,,,,,,,,,,,,,,,,,,,,,,,,,,,,,,,,,,,,,,,,,,,,,,,,,,,,,,,,,,,,,,,,,,,,,,,,,,,,,,,,,,,,,,,,,,,,,,,,,,,,,,,,,,,,,,,,,,,,,,,,,,,,,,,,,,,,,,,,,,,,,,,,,,,,,,,,,,,,,,,,,,,,,,,,,,,,,,,,,,,,,,,,,,,,,,,,,,,,,,,,,,,,,,,,,,,,,,,,,,,,,,,,,,,,,,,,,,,,,,,,,,,,,,,,,,,,,,,,,,,,,,,,,,,,,,,,,,,,,,,,,,,,,,,,,,,,,,,,,,,,,,,,,,,,,,,,,,,,,,,,,,,,,,,,,,,,,,,,,,,,,,,,,,,,,,,,,,,,,,,,,,,,,,,,,,,,,,,,,,,,,,,,,,,,,,,,,,,,,,,,,,,,,,,,,,,,,,,,,,,,,,,,,,,,,,,,,,,,,,,,,,,,,,,,,,,,,,,,,,,,,,,,,,,,,,,,,,,,,,,,,,,,,,,,,,,,,,,,,,,,,,,,,,,,,,,,,,,,,,,,,,,,,,,,,,,,,,,,,,,,,,,,,,,,,,,,,,,,,,,,,,,,,,,,,,*/pˌulˠˈʌ̃nda/,,,,,,,,,,,,,,,,,,,,,,,,,,,,,,,,,,,,,,,,,,,,,,,,,,,,,,,,,,,,,,,,,,,,,,,,,,,,,,,,,,,,,,,,,,,,,,,,,,,,,,,,,,,,,,,,,,,,,,,,,,,,,,,,,,,,,,,,,,,,,,,,,,,,,,,,,,,,,,,,,,,,,,,,,,,,,,,,,,,,,,,,,,,,,,,,,,,,,,,,,,,,,,,,,,,,,,,,,,,,,,,,,,,,,,,,,,,,,,,,,,,,,,,,,,,,,,,,,,,,,,,,,,,,,,,,,,,,,,,,,,,,,,,,,,,,,,,,,,,,,,,,,,,,,,,,,,,,,,,,,,,,,,,,,,,,,,,,,,,,,,
R420,,,,,,,,,,,,,,,,,,,,,,,,,,,,,,,,,,,,,,,,,,,,,,,,,,,,,,,,,,,,,,,,,,,,,,,,,,,,,,,,,,,,,,,,,,,,,,,,,,,,,,,,,,,,,,,,,,,,,,,,,,,,,,,,,,,,,,,,,,,,,,,,,,,,,,,,,,,,,,,,,,,,,,,,,,,,,,,,,,,,,,,,,,,,,,,,,,,,,,,,,,,,,,,,,,,,,,,,,,,,,,,,,,,,,,,,,,,,,,,,,,,,,,,,,,,,,,,,,,,,,,,,,,,,,,,,,,,,,,,,,,,,,,,,,,,,,,,,,,,,,,,,,,,,,,,,,,,,,,,,,,,,,,,,,,,,,,,,,,,,,,,,,,,,,,,,,,,,,,,,,,,,,,,,,,,,,,,,,,,,,,,,,,,,,,,,,,,,,,,,,,,,,,,,,,,,,,,,,,,,,,,,,,,,,,,,,,,,,,,,,,,,,,,,,,,,,,,,,,,,,,,,,,,,,,,,,,,,,,,,,,,,,,,,,,,,,,,,,,,,,,,,,,,,,,,,,,,,,,,,,,,,,,,,,,,,,,,,,,,,,,,,,,,,,,,,,,,,,,,,,,,,,,,,,,,,,,,,,,,,,,,,,,,,,,,,,,,,,,,,,,,,,,,,,,,,,,,,,,,,,,,,,,,,,,,,,,,,,,,,,,,,,,,,,,,,,,,,,,,,,,,,,,,,,,,,,,,,,,,,,,,,,,,,,,,,,,,,,,,,,,,,,,,,,,,,,,,,,,,,,,,,,,,,,,,,,,,,,,,,,,,,,,,,,,,,,,,,,,,,,,,,,,,,,,,,,,,,,,,,,,,,,,,,,,,,,,,,,,,,,,,,,,,,,,,,,,,,,,,,,,,,,,,,,,,,,,,,,,,,,,,,,,,,,,,,,,,,,,,,,,,,,,,,,,,,,,,,,,,,,,,,,,,,,,,,,,,,,,,,,,,,,,,,,,,,,,,,,,,,,,,,,,,,,,,,,,,,,,,,,,,,,,,,,,,,,,,,,,,,,,,,,,,,,,,,,,,,,,,,,,,,,,,,,,,,,,,,,,,,,,,,,,,,,,,,,,,,,,,,,,,,,,,,,,,,,,,,,,,,,,,,,,,,,,,,,,,,,,,,,,,,,,,,,,,,,,,,,,,,,,,,,,,,,,,,,,,,,,,,,,,,,,,,,,,,,,,,,,,
R421,,,,,,,,,,,,,,,,,,,,,,,,,,,,,,,,,,,,,,,,,,,,,,,,,,,,,,,,,,,,,,,,,,,,,,,,,,,,,,,,,,,,,,,,,,,,,,,,,,,,,,,,,,,,,,,,,,,,,,,,,,,,,,,,,,,,,,,,,,,,,,,,,,,,,,,,,,,,,,,,,,,,,,,,,,,,,,,,,,,,,,,,,,,,,,,,,,,,,,,,,,,,,,,,,,,,,,,,,,,,,,,,,,,,,,,,,,,,,,,,,,,,,,,,,,,,,,,,,,,,,,,,,,,,,,,,,,,,,,,,,,,,,,,,,,,,,,,,,,,,,,,,,,,,,,,,,,,,,,,,,,,,,,,,,,,,,,,,,,,,,,,,,,,,,,,,,,,,,,,,,,,,,,,,,,,,,,,,,,,,,,,,,,,,,,,,,,,,,,,,,,,,,,,,,,,,,,,,,,,,,,,,,,,,,,,,,,,,,,,,,,,,,,,,,,,,,,,,,,,,,,,,,,,,,,,,,,,,,,,,,,,,,,,,,,,,,,,,,,,,,,,,,,,,,,,,,,,,,,,,,,,,,,,,,,,,,,,,,,,,,,,,,,,,,,,,,,,,,,,,,,,,,,,,,,,,,,,,,,,,,,,,,,,,,,,,,,,,,,,,,,,,,,,,,,,,,,,,,,,,,,,,,,,,,,,,,,,,,,,,,,,,,,,,,,,,,,,,,,,,,,,,,,,,,,,,,,,,,,,,,,,,,,,,,,,,,,,,,,,,,,,,,,,,,,,,,,,,,,,,,,,,,,,,,,,,,,,,,,,,,,,,,,,,,,,,,,,,,,,,,,,,,,,,,,,,,,,,,,,,,,,,,,,,,,,,,,,,,,,,,,,,,,,,,,,,,,,,,,,,,,,,,,,,,,,,,,,,,,,,,,,,,,,,,,,,,,,,,,,,,,,,,,,,,,,,,,,,,,,,,,,,,,,,,,,,,,,,,,,,,,,,,,,,,,,,,,,,,,,,,,,,,,,,,,,,,,,,,,,,,,,,,,,,,,,,,,,,,,,,,,,,,,,,,,,,,,,,,,,,,,,,,,,,,,,,,,,,,,,,,,,,,,,,,,,,,,,,,,,,,,,,,,,,,,,,,,,,,,,,,,,,,,,,,,,,,,,,,,,,,,,,,,,,,,,,,,,,,,,,,,,,,,,,,,,,,,,,,,,,,,,,,,,,,,,,,,,,,,,
R422,,,,,,,,,,,,,,,,,,,,,,,,,,,,,,,,,,,,,,,,,,,,,,,,,,,,,,,,,,,,,,,,,,,,,,,,,,,,,,,,,,,,,,,,,,,,,,,,,,,,,,,,,,,,,,,,,,,,,,,,,,,,,,,,,,,,,,,,,,,,,,,,,,,,,,,,,,,,,,,,,,,,,,,,,,,,,,,,,,,,,,,,,,,,,,,,,,,,,,,,,,,,,,,,,,,,,,,,,,,,,,,,,,,,,,,,,,,,,,,,,,,,,,,,,,,,,,,,,,,,,,,,,,,,,,,,,,,,,,,,,,,,,,,,,,,,,,,,,,,,,,,,,,,,,,,,,,,,,,,,,,,,,,,,,,,,,,,,,,,,,,,,,,,,,,,,,,,,,,,,,,,,,,,,,,,,,,,,,,,,,,,,,,,,,,,,,,,,,,,,,,,,,,,,,,,,,,,,,,,,,,,,,,,,,,,,,,,,,,,,,,,,,,,,,,,,,,,,,,,,,,,,,,,,,,,,,,,,,,,,,,,,,,,,,,,,,,,,,,,,,,,,,,,,,,,,,,,,,,,,,,,,,,,,,,,,,,,,,,,,,,,,,,,,,,,,,,,,,,,,,,,,,,,,,,,,,,,,,,,,,,,,,,,,,,,,,,,,,,,,,,,,,,,,,,,,,,,,,,,,,,,,,,,,,,,,,,,,,,,,,,,,,,,,,,,,,,,,,,,,,,,,,,,,,,,,,,,,,,,,,,,,,,,,,,,,,,,,,,,,,,,,,,,,,,,,,,,,,,,,,,,,,,,,,,,,,,,,,,,,,,,,,,,,,,,,,,,,,,,,,,,,,,,,,,,,,,,,,,,,,,,,,,,,,,,,,,,,,,,,,,,,,,,,,,,,,,,,,,,,,,,,,,,,,,,,,,,,,,,,,,,,,,,,,,,,,,,,,,,,,,,,,,,,,,,,,,,,,,,,,,,,,,,,,,,,,,,,,,,,,,,,,,,,,,,,,,,,,,,,,,,,,,,,,,,,,,,,,,,,,,,,,,,,,,,,,,,,,,,,,,,,,,,,,,*/ʃtrːˈak/,,,,,,,,,,,,,,,,,,,,,,,,,,,,,,,,,,,,,,,,,*/trːˈatk/,,,,,,,,,,,,,,,,,,,,,,,,,,,,,,,,,,,,,,,,,,,,,,,,,,,,,,,,,,,,,,,,,,,,,,,,,,,,,,,,,,,,,,,,,,,,,,,,,,,,,,,,,,,,
R423,,,,,,,,,,,,,,,,,,,,,,,,,,,,,,,,,,,,,,,,,,,,,,,,,,,,,,,,,,,,,,,,,,,,,,,,,,,,,,,,,,,,,,,,,,,,,,,,,,,,,,,,,,,,,,,,,,,,,,,,,,,,,,,,,,,,,,,,,,,,,,,,,,,,,,,,,,,,,,,,,,,,,,,,,,,,,,,,,,,,,,,,,,,*/frːˈuːʃka/,,,,,,,,,,,,,,,,,,,,,,,,,,,,,,,,,,,,,,,,,,,,,,,,,,,,,,,,,,,,,,,,,,,,,,,,,,,,,,,,,,,,,,,,,,,,,,,,,,,,,,,,,,,,,,,,,,,,,,,,,,,,,,,,,,,,,,,,,,,,,,,,,,,,,,,,,,,,,,,,,,,,,,,,,,,,,,,,,,,,,,,,,,,,,,,,,,,,,,,,,,,,,,,,,,,,,,,,,,,,,,,,,,,,,,,,,,,,,,,,,,,,,,,,,,,,,,,,,,,,,,,,,,,,,,,,,,,,,,,,,,,,,,,,,,,,,,,,,,,,,,,,,,,,,,,,,,,,,,,,,,,,,*/krːˈiɡa/,,,,,,,,,,,,,,,,,,,,,,,,,,,,,,,,,,,,,,,,,,,,,,,,,,,,,,,,,,,,,,,,,,,,,,,,,,,,,,,,,,,,,,,,,,,,,,,,,,,,,,,,,,,,,,,,,,,,,,,,,,,,,,,,,,,,,,,,,,,,,,,,,,,,,,,,,,,,,,,,,,,,,,,,,,,,,,,,,,,,,,,,,,,,,,,,,,,,,,,,,,,,,,,,,,,,,,,,,,,,,,,,,,,,,,,,,,,,,,,,,,,,,,,,,,,,,,,,,,,,,,,,,,,,,,,,,,,,,,,,,,,,,,,,,,,,,,,,,,,,,,,,,,,,,,,,,,,,,,,,,,,,,,,,,,,,,,,,,,,,,,,,,,,,,,,,,,,,,,,,,,,,,,,,,,,,,,,,,,,,,,,,,,,,,,,,,,,,,,,,,,,,,,,,,,,,,,,,,,,,,,,,,,,,,,,,,,,,,,,,,,,,,,,,,,,,,,,,,,,,,,,,,,,,,,,,,,,,,,,,,,,,,,,,,,,,,,,,,,,,,,,,,,,,,,,,,,,,,,,,,,,,,,,,,,,,,,,,,,,,,,,,,,,,,,,,,,,,,,,,,,,,,,,,,,*/vrːˈiɡulˠ/,,,,,,,,,,,,,,,,,,,,,,,,,,,,,,,,,,,,,
R424,,,,,,,,,,,,,,,,,,,,,,,,,,,,,,,,,,,,,,,,,,,,,,,,,,,,,,,,,,,,,,,,,,,,,,,,,,,,,,,,,,,,,,,,,,,,,,,,,,,,,,,,,,,,,,,,,,,,,,,,,,,,,,,,,,,,,,,,,,,,,,,,,,,,,,,,,,,*/rːəɡˈɔ̃ɲ/,,,,,,,,,,,,,,,,,,,,,,,,,,,,,,,,,,,,,,,,,,,,,,,,,,,,,,,,,,,,,,,,,,,,,,,,,,,,,,,,,,,,,,,,,,,,,,,,,,,,,,,,,,,,,,,,,,,,,,,,,,,,,,,,,,,,,,,,,,,,,,,,,,,,,,,,,,,,,,,,,,,,,,,,,,,,,,,,,,,,,,,,,,,,,,,,,,,,,,,,,,,,,,,,,,,,,,,,,,,,,,,,,,,,,,,,,,,,,,,,,,,,,,,,,,,,,,,,,,,,,,,,,,,,,,,,,,,,,,,,,,,,,,,,,,,,,,,,,,,,,,,,,,,,,,,,,,,,,,,,,,,,,,,,,,,,,,,,,,,,,,,,,,,,,,,,,,,,,,,,,,,,,,,,,,,,,,,,,,,,,,,,,,,,,,,,,,,,,,,,,,,,,,,,,,,,,,,,,,,,,,,,,,,,,,,,,,,,,,,,,,,,,,,,,,,,,,,,,,,,,,,,,,,,,,,,,,,,,,,,,,,,,,,,,,,,,,,,,,,,,,,,,,,,,,,,,,,,,,,,,,,,,,,,,,,,,,,,,,,,,,,,,,,,,,,,,,,,,,,,,,,,,,,,,,,,,,,,,,,,,,,,,,,,,,,,,,,,,,,,,,,,,,,,,,,,,,,,,,,,,,,,,,,,,,,,,,,,,,,,,,,,,,,,,,,,,,,,,,,,,,,,,,,,,,,,,,,,,,,,,,,,,,,,,,,,,,,,,,,,,,,,,,,,,,,,,,,,,,,,,,,,,,,,,,,,,,,,,,,,,,,,,,,,,,,,,,,,,,,,,,,,,,,,,,,,,,,,,,,,,,,,,,,,,,,,,,,,,,,,,,,,,,,,,,,,,,,,,,,,,,,,,,,,,,,,,,,,,,,,,,,,,,,,,,,,,,,,,,,,,,,,,,,,,,,,,,,,,,,,,,,,,,,,,,,,,,,,,,,,,,,,,,,,,,,,,,,,,,,,,,,,,,,,,,,,,,,,,,,,,,,,,,,,,,,,,,,,,,,,,,,,
R425,,,,,,,,,,,,,,,,,,,,,,,,,,,,,,,,,,,,,,,,,,,,,,,,,,,,,,,,,,,,,,,,,,,,,,,,,,,,,,,,,,,,,,,,,,,,,,,,,,,,,,,,,,,,,,,,,,,,,,,,,,,,,,,,,,,,,,,,,,,,,,,,,,,,,,,,,,,,,,,,,,,,,,,,,,,,,,,,,,,,,,,,,,,*/fɾˈuːʃka/,,,,,,,,,,,,,,,,,,,,,,,,,,,,,,,,,,,,,,,,,,,,,,,,,,,,,,,,,,,,,,,,,,,,,,,,,,,,,,,,,,,,,,,,,,,,,,,,,,,,,,,,,,,,,,,,,,,,,,,,,,,,,,,,,,,,,,,,,,,,,,,,,,,,,,,,,,,,,,,,,,,,,,,,,,,,,,,,,,,,,,,,,,,,,,,,,,,,,,,,,,,,,,,,,,,,,,,,,,,,,,,,,,,,,,,,,,,,,,,,,,,,,,,,,,,,,,,,,,,,,,,,,,,,,,,,,,,,,,,,,,,,,,,,,,,,,,,,,,,,,,,,,,,,,,,,,,,,,,,,,,,,,*/kɾˈiɡa/,,,,,,,,,,,,,,,,,,,,,,,,,,,,,,,,,,,,,,,,,,,,,,,,,,,,,,,,,,,,,,,,,,,,,,,,,,,,,,,,,,,,,,,,,,,,,,,,,,,,,,,,,,,,,,,,,,,,,,,,,,,,,,,,,,,,,,,,,,,,,,,,,,,,,,,,,,,,,,,,,,,,,,,,,,,,,,,,,,,,,,,,,,,,,,,,,,,,,,,,,,,,,,,,,,,,,,,,,,,,,,,,,,,,,,,,,,,,,,,,,,,,,,,,,,,,,,,,,,,,,,,,,,,,,,,,,,,,,,,,,,,,,,,,,,,,,,,,,,,,,,,,,,,,,,,,,,,,,,,,,,,,,,,,,,,,,,,,,,,,,,,,,,,,,,,,,,,,,,,,,,,,,,,,,,,,,,,*/ʃˌʌ̃ndɾˌiːtˈɛt/,,,,,,,,,,,,,,,,,,,,,,,,,,,,,,,,,,,,,,,,,,,,,,,,,,,,,,,,,,,,,,,,,,,,,,,,,,,,,,,,,,,*/ʃtɾˈak/,,,,,,,,,,,,,,,,,,,,,,,,,,,,,,,,,,,,,,,,,*/tɾˈatk/,,,,,,,,,,,,,,,,,,,,,,,,,,,,,,,,,,,,,,,,,,,,,,,,,,,,,,,,,,,,,,,,,,,,,,,*/vɾˈiɡulˠ/,,,,,,,,,,,,,,,,,,,,,,,,,,,,,,,,,,,,,
R426,,,,,,,,,,,,,,,,,,,,,,,,,,,,,,,,,,,,,,,,,,,,,,,,,,,,,,,,,,,,,,,,,,,,,,,,,,,,,,,,,,,,,,,,,,,,,,,,,,,,,,,,,,,,,,,,,,,,,,,,,,,,,,,,,,,,,,,,,,,,,,,,,,,,,,,,,,,,,,,,,,,,,,,,,,,,,,,,,,,,,,,,,,,,,,,,,,,,,,,,,,,,,,,,,,,,,,,,,,,,,,,,,,,,,,,,,,,,,,,,,,,,,,,,,,,,,,,,,,,,,,,,,,,,,,,,,,,,,,,,,,,,,,,,,,,,,,,,,,,,,,,,,,,,,,,,,,,,,,,,,,,,,,,,,,,,,,,,,,,,,,,,,,,,,,,,,,,,,,,,,,,,,,,,,,,,,,,,,,,,,,,,,,,,,,,,,,,,,,,,,,,,,,,,,,,,,,,,,,,,,,,,,,,,,,,,,,,,,,,,,,,,,,,,,,,,,,,,,,,,,,,,,,,,,,,,,,,,,,,,,,,,,,,,,,,,,,,,,,,,,,,,,,,,,,,,,,,,,,,,,,,,,,,,,,,,,,,,,,,,,,,,,,,,,,,,,,,,,,,,,,,,,,,,,,,,,,,,,,,,,,,,,,,,,,,,,,,,,,,,,,,,,,,,,,,,,,,,,,,,,,,,,,,,,,,,,,,,,,,,,,,,,,,,,,,,,,,,,,,,,,,,,,,,,,,,,,,,,,,,,,,,,,,,,,,,,,,,,,,,,,,,,,,,,,,,,,,,,,,,,,,,,,,,,,,,,,,,,,,,,,*/pəɾdəlˠˈɛ̃ɲ/,,,,,,,,,,,,,,,,,,,,,,,,,,,,,,,,,,,,,,,,,,,,,,,,,,,,,,,,,,,,,,,,,,,,,,,,,,,,,,,,,,,,,,,,*/ˌaɾsˈỹe̯/,,,,,,,,,,,,,,,,,,,,,,,,,,,,,,,,,,,,,,,,,,,,,,,,,,,,,,,,,,,,,,,,,,,,,,,,,,,,,,,,,,,,,,,,,,,,,,,,,,,,,,,,,,,,,,,,,,,,,,,,,,,,,,,,,,,,,,,,,,,,,,,,,,,,,,,,,,,,,,,,,,,,,,,,,,,,,,,,,,,,*/təɾmˈɛt/,,,,,,,,,,,,,,,,,,,,,,,,,,,,,,,,,,,,,,,,,,,,,,,,,,,,,,,,,,,,,,,,,,,,,,,,,,,,,,,,,,,,,,,,,,,,,,,,,,,,,,,,,,,,,
R427,,,,,,,,,,,,,,,,,,,,,,,,,,,,,,,,,,,,,,,,,,,,,,,,,,,,,,,,,,,,,,,,,,,,,,,,,,,,,,,,,,,,,,,,,,,,,,,,,,,,,,,,,,,,,,,,,,,,,,,,,,,,,,,,,,,,,,,,,,,,,,,,,,,,,,,,,,,,,,,,,,,,,,,,,,,,,,,,,,,,,,,,,,,,,,,,,,,,,,,,,,,,,,,,,,,,,,,,,,,,,,,,,,,,,,,,,,,,,,,,,,,,,,,,,,,,,,,,,,,,,,,,,,,,,,,,,,,,,,,,,,,,,,,,,,,,,,,,,,,,,,,,,,,,,,,,,,,,,,,,,,,,,,,,,,,,,,,,,,,,,,,,,,,,,,,,,,,,,,,,,,,,,,,,,,,,,,,,,,,,,,,,,,,,,,,,,,,,,,,,,,,,,,,,,,,,,,,,,,,,,,,,,,,,,,,,,,,,,,,,,,,,,,,,,,,,,,,,,,,,,,,,,,,,,,,,,,,,,,,,,,,,,,,,,,,,,,,,,,,,,,,,,,,,,,,,,,,,,,,,,,,,,,,,,,,,,,,,,,,,,,,,,,,,,,,,,,,,,,,,,,,,,,,,,,,,,,,,,,,,,,,,,,,,,,,,,,,,,,,,,,,,,,,,,,,,,,,,,,,,,,,,,,,,,,,,,,,,,,,,,,,,,,,,,,,,,,,,,,,,,,,,,,,,,,,,,,,,,,,,,,,,,,,,,,,,,,,,,,,,,,,,,,,,,,,,,,,,,,,,,,,,,,,,,,,,,,,,,,,,,,,,,,,,,,,,,,,,,,,,,,,,,,,,,,,,,,,,,,,,,,,,,,,,,,,,,,,,,,,,,,,,,,,,,,,,,,,,,,,,,,,,,,,,,,,,,,,,,,,,,,,,,,,,,,,,,,,,,,,,,,,,,,,,,,,,,,,,,,,,,,,,,,,,,,,,,,,,,,,,,,,,,,,,,,,,,,,,,,,,,,,,,,,,,,,,,,,,,,,,,,,,,,,,,,,,,,,,,,,,,,,,,,,,,,,,,,,,,,,,,,,,,,,,,,,,,,,,,,,,,,,,,,,,,,,,,,,,,,,,,,,,,,,,,,,,,,,,,,,,,,,,,,,,,,,,,,,,,,,,,,,,,,,,,,,,,,,,,,,,,,,,,,,,,,,,,,,,,,,,,,,,,,,,,,,,,,,,,,,
R428,,,,,,,,,,,,,,,,,,,,,,,,,,,,,,,,,,,,,,,,,,,,,,,,,,,,,,,,,,,,,,,,,,,,,,,,,,,,,,,,,,,,,,,,,,,,,,,,,,,,,,,,,,,,,,,,,,,,,,,,,,,,,,,,,,,,,,,,,,,,,,,,,,,,,,,,,,,,,,,,,,,,,,,,,,,,,,,,,,,,,,,,,,,,,,,,,,,,,,,,,,,,,,,,,,,,,,,,,,,,,,,,,,,,,,,,,,,,,,,,,,,,,,,,,,,,,,,,,,,,,,,,,,,,,,,,,,,,,,,,,,,,,,,,,,,,,,,,,,,,,,,,,,,,,,,,,,,,,,,,,,,,,,,,,,,,,,,,,,,,,,,,,,,,,,,,,,,,,,,,,,,,,,,,,,,,,,,,,,,,,,,,,,,,,,,,,,,,,,,,,,,,,,,,,,,,,,,,,,,,,,,,,,,,,,,,,,,,,,,,,,,,,,,,,,,,,,,,,,,,,,,,,,,,,,,,,,,,,,,,,,,,,,,,,,,,,,,,,,,,,,,,,,,,,,,,,,,,,,,,,,,,,,,,,,,,,,,,,,,,,,,,,,,,,,,,,,,,,,,,,,,,,,,,,,,,,,,,,,,,,,,,,,,,,,,,,,,,,,,,,,,,,,,,,,,,,,,,,,,,,,,,,,,,,,,,,,,,,,,,,,,,,,,,,,,,,,,,,,,,,,,,,,,,,,,,,,,,,,,,,,,,,,,,,,,,,,,,,,,,,,,,,,,,,,,,,,,,,,,,,,,,,,,,,,,,,,,,,,,,,,,,,,,,,,,,,,,,,,,,,,,,,,,,,,,,,,,,,,,,,,,,,,,,,,,,,,,,,,,,,,,,,,,,,,,,,,,,,,,,,,,,,,,,,,,,,,,,,,,,,,,,,,,,,,,,,,,,,,,,,,,,,,,,,,,,,,,,,,,,,,,,,,,,,,,,,,,,,,,,,,,,,,,,,,,,,,,,,,,,,,,,,,,,,,,,,,,,,,,,,,,,,,,,,,,,,,,,,,,,,,,,,,,,,,,,,,,,,,,,,,,,,,,,,,,,,,,,,,,,,,,,,,,,,,,,,,,,,,,,,,,,,,,,,,,,,,,,,,,,,,,,,,,,,,,,,,,,,,,,,,,,,,,,,,,,,,,,,,,,,,,,,,,,,,,,,,,,,,,,,,,,,,,,,,,,,,,,,,,
R429,,,,,,,,,,,,,,,,,,,,,,,,,,,,,,,,,,,,,,,,,,,,,,,,,,,,,,,,,,,,,,,,,,,,,,,,,,,,,,,,,,,,,,,,,,,,,,,,,,,,,,,,,,,,,,,,,,,,,,,,,,,,,,,,,,,,,,,,,,,,,,,,,,,,,,,,,,,,,,,,,,,,,,,,,,,,,,,,,,,,,,,,,,,,,,,,,,,,,,,,,,,,,,,,,,,,,,,,,,,,,,,,,,,,,,,,,,,,,,,,,,,,,,,,,,,,,,,,,,,,,,,,,,,,,,,,,,,,,,,,,,,,,,,,,,,,,,,,,,,,,,,,,,,,,,,,,,,,,,,,,,,,,,,,,,,,,,,,,,,,,,,,,,,,,,,,,,,,,,,,,,,,,,,,,,,,,,,,,,,,,,,,,,,,,,,,,,,,,,,,,,,,,,,,,,,,,,,,,,,,,,,,,,,,,,,,,,,,,,,,,,,,,,,,,,,,,,,,,,,,,,,,,,,,,,,,,,,,,,,,,,,,,,,,,,,,,,,,,,,,,,,,,,,,,,,,,,,,,,,,,,,,,,,,,,,,,,,,,,,,,,,,,,,,,,,,,,,,,,,,,,,,,,,,,,,,,,,,,,,,,,,,,,,,,,,,,,,,,,,,,,,,,,,,,,,,,,,,,,,,,,,,,,,,,,,,,,,,,,,,,,,,,,,,,,,,,,,,,,,,,,,,,,,,,,,,,,,,,,,,,,,,,,,,,,,,,,,,,,,,,,,,,,,,,,,,,,,,,,,,,,,,,,,,,,,,,,,,,,,,,,,,,,,,,,,,,,,,,,,,,,,,,,,,,,,,,,,,,,,,,,,,,,,,,,,,,,,,,,,,,,,,,,,,,,,,,,,,,,,,,,,,,,,,,,,,,,,,,,,,,,,,,,,,,,,,,,,,,,,,,,,,,,,,,,,,,,,,,,,,,,,,,,,,,,,,,,,,,,,,,,,,,,,,,,,,,,,,,,,,,,,,,,,,,,,,,,,,,,,,,,,,,,,,,,,,,,,,,,,,,,,,,,,,,,,,,,,,,,,,,,,,,,,,,,,*/ʃˌuʃpˈiːrːɐ/,,,,,,,,,,,,,,,,,,,,,,,,,,,,,,,,,,,,,,,,,,,,,,,,,,,,,,,,,,,,,,,,,,,,,,,,,,,,,,,,,,,,,,,,,,,,,,,,,,,,,,,,,,,,,,,,,,,,,,,,,,,,,,,,
R430,,,,,,,,,,,,,,,,,,,,,,,,,,,,,,,,,,,,,,,,,,,,,,,,,,,,,,,,,,,,,,,,,,,,,,,,,,,,,,,,,,,,,,,,,,,,,,,,,,,,,,,,,,,,,,,,,,,,,,,,,,,,,,,,,,,,,,,,,,,,,,,,,,,,,,,,,,,,,,,,,,,,,,,,,,,,,,,,,,,,,,,,,,,,,,,,,,,,,,,,,,,,,,,,,,,,,,,,,,,,,,,,,,,,,,,,,,,,,,,,,,,,,,,,,,,,,,,,,,,,,,,,,,,,,,,,,,,,,,,,,,,,,,,,,,,,,,,,,,,,,,,,,,,,,,,,,,,,,,,,,,,,,,,,,,,,,,,,,,,,,,,,,,,,,,,,,,,,,,,,,,,,,,,,,,,,,,,,,,,,,,,,,,,,,,,,,,,,,,,,,,,,,,,,,,,,,,,,,,,,,,,,,,,,,,,,,,,,,,,,,,,,,,,,,,,,,,,,,,,,,,,,,,,,,,,,,,,,,,,,,,,,,,,,,,,,,,,,,,,,,,,,,,,,,,,,,,,,,,,,,,,,,,,,,,,,,,,,,,,,,,,,,,,,,,,,,,,,,,,,,,,,,,,,,,,,,,,,,,,,,,,,,,,,,,,,,,,,,,,,,,,,,,,,,,,,,,,,,,,,,,,,,,,,,,,,,,,,,,,,,,,,,,,,,,,,,,,,,,,,,,,,,,,,,,,,,,,,,,,,,,,,,,,,,,,,,,,,,,,,,,,,,,,,,,,,,,,,,,,,,,,,,,,,,,,,,,,,,,,,,,,,,,,,,,,,,,,,,,,,,,,,,,,,,,,,,,,,,,,,,,,,,,,,,,,,,,,,,,,,,,,,,,,,,,,,,,,,,,,,,,,,,,,,,,,,,,,,,,,,,,,,,,,,,,,,,,,,,,,,,,,,,,,,,,,,,,,,,,,,,,,,,,,,,,,,,,,,,,,,,,,,,,,,,,,,,,,,,,,,,,,,,,,,,,,,,,,,,,,,,,,,,,,,,,,,,,,,,,,,,,,,,,,,,,,,,,,,,,,,,,,,,,,,,,,,,,,,,,,,,,,,,,,,,,,,,,,,,,,,,,,,,,,,,,,,,,,,,,,,,,,,,,,,,,,,,,,,,,,,,,,,,,,,,,,,,,,,,,,,,,,,,,,,,,,,,,,,,,,,,,,,,,,,,,,,,,,,,,,
R431,,,,,,,,,,,,,,,,,,,,,,,,,,,,,,,,,,,,,,,,,,,,,,,,,,,,,,,,,,,,,,,,,,,,,,,,,,,,,,,,,,,,,,,,,,,,,,,,,,,,,,,,,,,,,,,,,,,,,,,,,,,,,,,,,,,,,,,,,,,,,,,,,,,,,,,,,,,,,,,,,,,,,,,,,,,,,,,,,,,,,,,,,,,,,,,,,,,,,,,,,,,,,,,,,,,,,,,,,,,,,,,,,,,,,,,,,,,,,,,,,,,,,,,,,,,,,,,,,,,,,,,,,,,,,,,,,,,,,,,,,,,,,,,,,,,,,,,,,,,,,,,,,,,,,,,,,,,,,,,,,,,,,,,,,,,,,,,,,,,,,,,,,,,,,,,,,,,,,,,,,,,,,,,,,,,,,,,,,,,,,,,,,,,,,,,,,,,,,,,,,,,,,,,,,,,,,,,,,,,,,,,,,,,,,,,,,,,,,,,,,,,,,,,,,,,,,,,,,,,,,,,,,,,,,,,,,,,,,,,,,,,,,,,,,,,,,,,,,,,,,,,,,,,,,,,,,,,,,,,,,,,,,,,,,,,,,,,,,,,,,,,,,,,,,,,,,,,,,,,,,,,,,,,,,,,,,,,,,,,,,,,,,,,,,,,,,,,,,,,,,,,,,,,,,,,,,,,,,,,,,,,,,,,,,,,,,,,,,,,,,,,,,,,,,,,,,,,,,,,,,,,,,,,,,,,,,,,,,,,,,,,,,,,,,,,,,,,,,,,,,,,,,,,,,,,,,,,,,,,,,,,,,,,,,,,,,,,,,,,,,,,,,,,,,,,,,,,,,,,,,,,,,,,,,,,,,,,,,,,,,,,,,,,,,,,,,,,,,,,,,,,,,,,,,,,,,,,,,,,,,,,,,,,,,,,,,,,,,,,,,,,,,,,,,,,,,,,,,,,,,,,,,,,,,,,,,,,,,,,,,,,,,,,,,,,,,,,,,,,,,,,,,,,,,,,,,,,,,,,,,,,,,,,,,,,,,,,,,,,,,,,,,,,,,,,,,,,,,,,,,,,,,,,,,,,,,,,,,,,,,,,,,,,,,,,,,,,,,,,,,,,,,,,,,,,,,,,,,,,,,,,,,,,,,,,,,,,,,,,,,,,,,,,,,,,,,,,,,,,,,,,,,,,,,,,,,,,,,,,,,,,,,,,,,,,,,,,,,,,,,,,,,,,,,,,,,,,,,,,
R432,,,,,,,,,,,,,,,,,,,,,,,,,,,,,,,,,,,,,,,,,,,,,,,,,,,,,,,,,,,,,,,,,,,,,,,,,,,,,,,,,,,,,,,,,,,,,,,,,,,,,,,,,,,,,,,,,,,,,,,,,,,,,,,,,,,,,,,,,,,,,,,,,,,,,,,,,,,,,,,,,,,,,,,,,,,,,,,,,,,,,,,,,,,,,,,,,,,,,,,,,,,,,,,,,,,,,,,,,,,,,,,,,,,,,,,,,,,,,,,,,,,,,,,,,,,,,,,,,,,,,,,,,,,,,,,,,,,,,,,,,,,,,,,,,,,,,,,,,,,,,,,,,,,,,,,,,,,,,,,,,,,,,,,,,,,,,,,,,,,,,,,,,,,,,,,,,,,,,,,,,,,,,,,,,,,,,,,,,,,,,,,,,,,,,,,,,,,,,,,,,,,,,,,,,,,,,,,,,,,,,,,,,,,,,,,,,,,,,,,,,,,,,,,,,,,,,,,,,,,,,,,,,,,,,,,,,,,,,,,,,,,,,,,,,,,,,,,,,,,,,,,,,,,,,,,,,,,,,,,,,,,,,,,,,,,,,,,,,,,,,,,,,,,,,,,,,,,,,,,,,,,,,,,,,,,,,,,,,,,,,,,,,,,,,,,,,,,,,,,,,,,,,,,,,,,,,,,,,,,,,,,,,,,,,,,,,,,,,,,,,,,,,,,,,,,,,,,,,,,,,,,,,,,,,,,,,,,,,,,,,,,,,,,,,,,,,,,,,,,,,,,,,,,,,,,,,,,,,,,,,,,,,,,,,,,,,,,,,,,,,,,,,,,,,,,,,,,,,,,,,,,,,,,,,,,,,,,,,,,,,,,,,,,,,,,,,,,,,,,,,,,,,,,,,,,,,,,,,,,,,,,,,,,,,,,,,,,,,,,,,,,,,,,,,,,,,,,,,,,,,,,,,,,,,,,,,,,,,,,,,,,,,,,,,,,,,,,,,,,,,,,,,,,,,,,,,,,,,,,,,,,,,,,,,,,,,,,,,,,,,,,,,,,,,,,,,,,,,,,,,,,,,,,,,,,,,,,,,,,,,,,,,,,,,,,,,,,,,,,,,,,,,,,,,,,,,,,,,,,,,,,,,,,,,,,,,,,,,,,,,,,,,,,,,,,,,,,,,,,,,,,,,,,,,,,,,,,,,,,,,,,,,,,,,,,,,,,,,,,,,,,,,,,,,,,,,,,,,,,
R433,*/hˌavərˈɔ̃ɲ/,,,,,,,,,*/rˈɛ̃m/,,,,,,,,,,,,,,,,,,,,,,,,,,,,,,,,,,,*/ˌarˈĩːɲ/,,,,,,,,,*/rˈye̯lˠ/,,,,,,,,,,,,,,,,,,,,,,,,,,,,,,,,,,,,,,,,,,,,,,,,,,,,,,,,,,,,,,,,,,,,,,,,,,,,,,,*/ʃkˌatərˈɔ̃ɲ/,,,,,,,,,,,,,,,,,,,,,,*/rəɡˈɔ̃ɲ/,*/rə̃mˈit/,,*/rˈyːlˠa/,,,,,,,,,,,,,,,,,,,*/fərˈɔ̃ɲ/,*/fərˈata/,,,,,,,,,,,,,,,,,,,,,,,,,,,,,,*/fˈuːric/,*/fˌuricˈiː/,,,,,,,,,,,,,,,,,,,*/fˈuːr/,,,,,,,,,,,,,,,,,,,,,,,,,,,,,,,,,,,,,*/vərˈĩː/,*/vərˈiːza/,,,,,*/ˌurˈɛ̃ɲ/,,,,,,,,,,,,,,,,,,,,,,,*/ə̃mbˌurˈʌ̃/,,,,,,,,,*/fˈɛːr/,,,,,,,,,,,,,,,,,,,,,,,*/mərˈaːʎa/,*/vˈɛːr/,,,,,,,,,,,,,,,,,,,,,,,,,,,,,,,,,,,,,,,,,,,,,,,,*/cˈɛːrɛ/,,*/kˌɑrjˈɔːz/,,*/kˈaːra/,*/cˈɛːr/,*/kˌarˌiːkəlˠˈɔ̃ɲ/,,,,,,,,,,,,,,,,,,,*/cˈaːr/,,,,,,,,,,,,,,,,,,,,,,,,,,,,,,,,,,,,,,,,,,,,,,,,,,,,,,,,,,,,,,,,,,,,*/kˈɔːrj/,*/kˌuːrˈiːlk/,*/kˌɔːrˈuta/,,,,,,,,,,,,,,,,,,,,,,,,,,,,,,,,,,,,,,,,,,,*/kərˈɛːʒma/,,,,,,,,,,,,,,,,,,,,,,,,,,,,,,,,,,,,,,,,,,,,,,,,,,,,,*/lˌucˈɛːra/,,,,,,,,,,,,,,,,,,,,,,,,,,,,,,,,,,,,,,,,,,,,,,,,,,,,,,,,,,,,,,,,,,,,,,,,,,,,,,,,,,,,,,,,,,,,,,,,,,,,*/mˈɛːra/,,,,,,,,,,,,,,,,,,,,,,,,,,,,*/wˈɔr/,,,,,,,,,,,,,,,,,,,,,,,,,,,,,,,,,,,,,,,,,,,,,,,,,,,,,,,,,,,,,,,,,,,,,,,,,,,,,,,,,,,,,,,*/pˈɔːr/,*/pˈɔːr/,,*/pˈɔːric/,*/pˌurˈiː/,*/pˌurˈĩː/,,,,,,,,,,,,,,,,,,,,,,,,,,,,,,,,,*/rˈũːo̯ɲ/,*/rˈɛːza/,*/rˈiːka/,*/rˈiːlka/,*/rˈɛ̃m/,*/rˈapa/,*/rˈɛp/,*/rˈap/,*/rˈaːlˠ/,,*/rˌaʃcˈɛlː/,,*/rˈɛːva/,*/rəfˈɛɲ/,,*/rˈɛɡulˠ/,,*/rˈɛ̃m/,*/rə̃ndˈɛ̃ɲ/,*/rəʃˈĩna/,*/rəʒɡˈɔ̃ɲ/,*/rˈɛt/,*/rˈɛːʃt/,*/rˈɛtɐɾ̃a/,,*/rˈicɐɾ̃/,,*/rˈipa/,*/rˈɔbuɾ/,*/rˈɔka/,,*/rˈũmb/,*/rˈũmbulˠ/,*/rˌufˈɛː/,*/rəʃˈaːʎa/,*/rˌɔʃpˈɔ̃ɲa/,*/rˈɔta/,*/rˈɔtulˠ/,*/rˌɔtˈũnda/,*/rə̃nˈɔ̃ɲ/,*/rˌũŋɡˈɔ̃ɲ/,*/rˈuð/,*/rˈuɡa/,*/rˌũmbˈɛ̃ɲ/,*/rˈuːʃkulˠ/,*/rˈyta/,*/ʃˈuːr/,,,,,,,,,,,,,,,,,,,,,,,,,,,,,,,,,,,,,,,,,,*/ʃˈaːra/,,,,,,,,,,,,,,,,,,,,,,,,,,,,,,,,,,,,,,,,,,,,,,,,,,,,,,,,,,,,,,,,,,,,,,,,*/ʃtˈuːrɐ/,,,,,,*/ʃˌuːtərˈiː/,,,,,,*/ʃˌuʃpˈiːrɐ/,,,,,,,,,*/tˌavˈɛːra/,,,,,,,,,,,,,,,,,,,,,,,*/tˈɔːrɐ/,,,,,,,,,,,,,,,,,,,,,,,,,,,,,,,,,,,*/tˈuːrɐ/,,,,,,,,,,,,,,,,,,,,,,,,,,,,,,,,,,,,,,,,,,,,,,,,,,,,,,,,,,,,,
R434,,,,,,,,,,,,,,,,,,,,,,,,,,,,,,,,,,,,,,,,,,,,,,,,,,,,,,,,,,,,,,,,,,,,,,,,,,,,,,,,,,,,,,,,,,,,,,,,,,,,,,,,,,,,,,,,,,,,,,,,,,,,,,,,,,,,,,,,,,,,,,,,,,,,,,,,,,,,,,,,,,,,,,,,,,,,,,,,,,,,,,,,,,*/fə̃ɲˈɛʃtɾə/,,,,,,,,,,,,,,,,,,,,,,,,,,,,,,,,,,,,,,,,,,,,,,,,,,,,,,,,,*/ɟˈɛʃtɾə/,,,,,,,,,,,,,,,,,,,,,,,,,,,,,,,,,,,,,,,,,,,,,,,,,,,,,,,,,,,,,,,,,,,,,,,,,,,,,,,,,,,,,,,,,,,,,,,,,,,,,,,,,,,,,,,,,,,,,,,,,,,,,,,,,,,,,,,,,,,,,,,,,,,,,,,,,,,,,,*/kəɾʃˈɛdɾə/,,,,,,,,,,,,,,,,,,,,,,,,,,,,,,,,,,,,,,,,,,,,,,,,,,,,,,,,,,*/kˈũndɾə/,,,,,,,,,,,,,,,,,,,,,,,,,,,,,,,,,,,,,,,,,,*/kˈuːltɾə/,,,,,,,,,,,,,,,,,,,,,,,,,,,,,,,,,,,,,,,,,,,,,,,,,,*/lˈɛpɾə/,,,,,,,,,,,,,,,,,,,,,,,,,,,,,,,,,,,,,,,,,,,,,,,,,,,,,,,,,,,,,,,,,,,,,,,,,,,,,,,,,,,,,,,,,,,,,,,,,,,,,,,,,,,,,,,,,,,,,,,,,,,,,,,,,,,,,,,,,,,,,,,,,,,,,,,,,,,,,,,,,,,,,,,,,,,,,,,,,,,,,,,,,,,,,,,,,,,,,,,,,,,,,,,,,,,,,,,,,,,,,,,,,,,,,,,,,,,,,,,,,,,,,,,,,,,,,,,,,,,,,,,,,,,,,,,,,,,,,,,,,,,,,,,,,,,,,,,,,,,,,,,,,,,,,,,,,,,,,,,,,,,,,,,,,,,,,,,,,,,,,,,,,,,,,,,,,,,,,,,,,,,,,,,,,,,,,,,,,,,,,,*/ʃkˈɔdɾə/,,,,,,,,,,,,,,,,,,,,,,,,,,,,,,,,,,,,,,,,,,,,,,,,,,,,,,,,,,,,,,,,,,,,,,,,,,,,,,,,,,,,,,,,,,,,,,,,,,,,,,,,,,,,,,,,,,,,,,,,,,,,,,,,,,,,,,,,,,,,,,,,,,,,,,,,,,,,,,,,,,,,,,,,,,,,,,,,,,,,,,,,,,
R435,,,,,,,,,,,,,,,,,,*/ˈaːɾbəɾ̃/,,,,,,,,,,,,,,,,,,,,,,,,,,,,,,,,,,,,,,,*/bˈaːlʃəm/,,,,,,,,,,,,,,,,,,,,,,,,,,,,,,,,,,,,,,,,,,,,,,,,,,,,,,,,,,,,,,,,,,,,,,,,,,,,,,,,,,,,,,,,,,,,,,,,,,,,,,,,,,,,,,,,,,,,,,,,,,*/fˈaːɾmək/,,,,,,,,,,,,,,,,,,,,,,,,,,,,,,,,,,,,,,,,,,,,,,,,,,,,,,*/ɟˈɛːlbəɾ̃/,,,,,,,,,,,,,,,,,,,,,,,,,,,,,,,,,,,,,,,,,,,,,,,,,,,,,,,,,,,,,,,,,,,,,,,,,,,,,,,,,,,,,,,,,,,,,,,,,,,,,,,,,,,,,,,,,,,,,,,,,,,,,,,,,,*/kˈandəɾ/,,,,,,,,,,,,,,,,,,,,,,,,,,,,,,,,,,,,,,,,,,,,,,,,,,,,,,,,,,,,,,,,,,,,,,,,,,,,,,,,,,,,,,,,,,,,,,,,,,,,,,,,,,,,,,,,,,,,,,,,,,,,,,,,,,,,,,,,,,,,,,,,,,,,,,,,,,,,,,,,,,,,,,,,,,,,,,,,,,,,,,,,,,,,,,,,,,,,,,,,,,,,,,,,,,,,,,,,,,,,,,,,,,,,,,,,,,*/mˈʌ̃ɲɟəɾ̃/,,*/mˈaːɾɟəɾ̃/,,,,,,,,,,,,,,,,,,,,,,,,,,,,,,,,,,,,,,,,,,,,,,,,,,,,,,,,,,,,,,,,,,,,,,,,,,,,,,,,,,,,,,,,,,,,,,*/ˈuɾðəɾ̃/,,*/wˈɔɾfəɾ̃/,,,,,,,,,,,,,,,,,,,,,,,,,,,,,,,,,,,,,,,,,,,,,,,,,,,,,,,,,,,,,,,,,,,,,,,,,,,,,,,,,,,,,,,,,,,,,,,,,,,,,,,,,,,,,,,,,,,,,,,,,,,,,,,,,,,,,,,,,,,,,,,,,,,,,,,,,,,,,,,,,,,,,,,,,,,,,,,,,,,,,,,,,,,,,,,,,,,,,,,,,,,,,,,,,,,,,,,,,,,,,,,,,,,,,,,,,,,,,,,,,,,,,,,,,,,,,,,,,,,,,,,,,,,,,,,,,,,,,*/ʃtɾˈɛ̃mbəɾ̃/,,,,,,,,,,,,,,,,,,,,,,,,,,,,,,,,,,,,,,,,,,,,,,,,,,,,,,,,*/tɾəftˈaːɾ/,,,,,,,,,,,,,,,,,,,,,,,,,,,,,,,,,,,,,,,,,,,,,,,,,,,,,,,,,,,,,,,,,,,,,,,,,,*/vˈiːɾɟəɾ̃/,,,,,,,,,,,,,,,,,
R436,,,,,,,,,,,,,,,,,,,,,,,,,,,,,,,,,,,,,,,,,,,,,,,,,,,,,,,,,,,,,,,,,,,,,,,,,,,,,,,,,,,,,,,,,,,,,,,,,,,,,,,,,,,,,,,,,,,,,,,,,,,,,,,,,,,,,,,,,,,,,,,,,,,,,,,,,,,,,,,,,,,,,,,,,,,,,,,,,,,,,,,,,,*/fə̃ɲˈɛʃtɾ/,,,,,,,,,,,,,,,,,,,,,,,,,,,,,,,,,,,,,,,,,,,,,,,,,,,,,,,,,*/ɟˈɛʃtɾ/,,,,,,,,,,,,,,,,,,,,,,,,,,,,,,,,,,,,,,,,,,,,,,,,,,,,,,,,,,,,,,,,,,,,,,,,,,,,,,,,,,,,,,,,,,,,,,,,,,,,,,,,,,,,,,,,,,,,,,,,,,,,,,,,,,,,,,,,,,,,,,,,,,,,,,,,,,,,,,*/kəɾʃˈɛdɾ/,,,,,,,,,,,,,,,,*/klɾˈɔ̃ɲ/,,,,,,*/klʃˈyːɾa/,,,,,,,,,,,,,,,,,,,,,,,,,,,,,,,*/kˌuːʃkɾtˈɔ̃ɲ/,,,,,*/kˈũndɾ/,,*/kˌũːndɾʃtˈaːɾ/,,,,,,,,,,,,,,,,,,,,,,,,,,,,,*/kɾʃtˈɛ̃ɾ̃a/,*/kɾʃndˈɛːl/,,,,,,,,,,*/kˈuːltɾ/,,,,,,,,,,,,,,,,,,,,,,,,,,,,,,,,,,,,,,,,,,,,,,,,,,*/lˈɛpɾ/,,,,,,,,,,,,,,,,,,,,,,,,,,,,,,,,,,,,,,,,,,,,,,,,,,,,,,,,,,,,,,,,,,,,,,,,,,,,,,,,,,,,,,,,,,,,,,,,,,,,,,,,,,,,,,,,,,,,,,,,,,,,,,,,,,,,,,,,,,,,,,,,,,,,,,,,,,,,,,,,,,,,,,,,,,,,,,,,,,,,,,,,,,,,,,,,,,,,,,,,,,,,,,,,,,,,,,,,,,*/plcˈɛ̃ɲ/,,,,*/plcˈĩː/,,,,,,,,,,,,,,,,,,,,,,,,,,,,,,,,,,,,,,,,,,,,,,,,,,,,,,,,,,,,,,,,,,,,,,,,,,,,,,,,,,,,,,,,,,,,,,,,,,,,,,,,,,,,,,,,,,,,,,,,,,,,,,,,,,,,,,,,,,,,,,,,,,,,,,,,,,,,,,,,*/ʃkˈɔdɾ/,,,,,,,,,,,,,,,,,,,,,,,,,,,,,,,,,,,,,,,,,,,,,,,,,,,,,,,,,,,,,,,,,,,,,,,,,,,,,,,,,,,,,,,,,,,,,,,*/tɾftˈaːɾ/,,,,,,,*/tɾfˈɔːʎa/,*/tɾfˈiːlː/,*/tɾfˈuːɾk/,,,,,,,,,,,,,,,,,,,,,,,,,,,,,,,,,,,,,,,,,,,,,,,,,,,,,,,,,,,,,,,,,,,,,,,,,,,*/vˈitɾk/,,,,,,,
R437,,,,,,,,,,,,,,,,,,,,,,,,,,,,,,,,,,,,,,,,,,,,,,,,,,,,,,,,,,,,,,,,,,,,,,,,,,,,,,,,,,,,,,,,,,,,,,,,,,,,,,,,,,,,,,,,,,,,,,,,,,,,,,,,,,,,,,,,,,,,,,,,,,,,,,,,,,,,,,,,,,,,,,,,,,,,,,,,,,,,,,,,,,,,,,,,,,,,,,,,,,,,,,,,,,,,,,,,,,,,,,,,,,,,,,,,,,,,,,,,,,,,,,,,,,,,,,,,,,,,,,,,,,,,,,,,,,,,,,,,,,,,,,,,,,,,,,,,,,,,,,,,,,,,,,,,,,,,,,,,,,,,,,,,,,,,,,,,,,,,,,,,,,,,,,,,,,,,,,,,,,,,,,,,,,,,,,,,,,,,,,,,,,,,,,,,,,,,,,,,,,,,,,,,,,,,,,,,,,,,,,,,,,,,,,,,,,,,,,,,,,,,,,,,,,,,,,,,,,,,,,,,,,,,,,,,,,,,,,,,,,,,,,,,,,,,,,,,,,,,,,,,,,,,,,,,,,,,,,,,,,,,,,,,,,,,,,,,,,,,,,,,,,,,,,,,,,,,,,,,,,,,,,,,,,,,,,,,,,,,,,,,,,,,,,,,,,,,,,,,,,,,,,,,,,,,,,,,,,,,,,,,,,,,,,,,,,,,,,,,,,,,,,,,,,,,,,,,,,,,,,,,,,,,,,,,,,,,,,,,,,,,,,,,,,,,,,,,,,,,,,,,,,,,,,,,,,,,,,,,,,,,,,,,,,,,,,,,,,,,,,,,,,,,,,,,,,,,,,,,,,,,,,,,,,,,,,,,,,,,,,,,,,,,,,,,,,,,,,,,,,,,,,,,,,,,,,,,,,,,,,,,,,,,,,,,,,,,,,,,,,,,,,,,,,,,,,,,,,,,,,,,,,,,,,,,,,,,,,,,,,,,,,,,,,,,,,,,,,,,,,,,,,,,,,,,,,,,,,,,,,,,,,,,,,,,,,,,,,,,,,,,,,,,,,,,,,,,,,,,,,,,,,,,,,,,,,,,,,,,,,,,,,,,,,,,,,,,,,,,,,,,,,,,,,,,,,,,,,,,,,,,,,,,,,,,,,,,,,,,,,,,,,,,,,,,,,,,,,,,,,,,,,,,,,,,,,,,,,,,,,,,,,,,,,,,,,,,,,,,,,,,,,,,,,,,,,,,,,,
R438,,,,,,,,,,,,,,,,,,,,,,,,,,,,,,,,,,,,,,,,,,,,,,,,,,,,,,,,,,,,,,,,,,,,,,,,,,,,,,,,,,,,,,,,,,,,,,,,,,,,,,,,,,,,,,,,,,,,,,,,,,,,,,,,,,,,,,,,,,,,,,,,,,,,,,,,,,,,,,,,,,,,,,,,,,,,,,,,,,,,,,,,,,,,,,,,,,,,,,,,,,,,,,,,,,,,,,,,,,,*/fɾɡˈɔ̃ɲ/,*/fɾɡəlˠˈɔ̃ɲ/,*/fɾkˈɔ̃ɲ/,,,,,,,,,,,,,,,,,,,,,,,,,,,,,,,,,,,,,,,,,,,,,,,,,,,,,,,,,,,,,,,,,,,,,,,,,,,,,,,,,,,,,,,,,,,,,,,,,,,,,,,,,,,,,,,,,,,,,,,,,,,,,,,,,,,,,,,,,,,,,,,,,,,,,,,,,,,,,,,,,,,,,,,,,,,,,,,,,,,,,,,,,,,,,,,,,,,,,,,,,,,,,,,,,,,,,,,,,,,,,,,,,,,,,,,,,,,,,,,,,,,,,,,,,,,,,,,,,,,,,,,,,,,,,,,,,,,,,,,,,,,,,,,,,,,,,,,,,,,,,,,,,,,,,,,,,,,,,,,,,,,,,,,,,,,,,,,,,,,,,,,,,,,,,,,,,,,,,,,,,,,,,,,,,,,,,,,,,,,,,,,,,,,,,,,,,,,,,,,,,,,,,,,,,,,,,,,,,,,,,,,,,,,,,,,,,,,,,,,,,,,,,,,,,,,,,,,,,,,,,,,,,,,,,,,,,,,,,,,,,,,,,,,,,,,,,,,,,,,,,,,,,,,,,,,,,,,,,,,,,,,,,,,,,,,,,,,,,,,,,,,,,,,,,,,,,,,,,,,,,,,,,,,,,,,,,,,,,,,,,,,,,,,,,,,,,,,,,,,,,,,,,,,,,,,,,,,,,,,,,,,,,,,,,,,,,,,,,,,,,,,,,,,,,,,,,,,,,,,,,,,,,,,,,,,,,,,,,,,,,,,,,,,,,,,,,,,,,,,,,,,,,,,,,,,,,,,,,,,,,,,,,,,,,,,,,,,,,,,,,,,,,,,,,,,,,,,,,,,,,,,,,,,,,,,,,,,,,,,,,,,,,,,,,,,,,,,,,,,,,,,,,,,,,,,,,,,,,,,,*/tɾkulˠˈĩɲ/,,,,,,,,,,,,,,,,,,,,,,,,,,,,,,,,,,,,,,,,,,,,,,,,,,,,,,,,,,,,,,,,,,,,,,,,,,,,,,
R439,,,,,,,,,,,,,,,,,,,,,,,,,,,,,*/ˈʌ̃ɲɟlˠ/,*/ˈɛ̃ɲɟlˠ/,,,,,,,,,,,,,,,,,,*/ˈaːʃklː/,,*/ˈaːʃpɾ/,,,,,,*/ˈũŋɡlː/,,,,,,,,,,,,,,,,,,,,,,,,,,,,,,,,,,,,,*/dɾmˈɔ̃ɲ/,,,,,,,*/dɾɡˈɔ̃ɲ/,,,,,,,,,,,,,,,,,,,,,,,,,,,,,,,,,,,,,,,,,,,,*/ʃpɾlˈãːɲ/,,,,,,,,,,,,,,,,,,,,,,,,,*/flcˈĩɲa/,,,,,,,,,,,,,,,,,,,,,,,,*/fəʎˈɛːʃtɾ/,,,*/fɾɡlˈĩː/,,,,,,,,,,,,,,,,,,,,,,,,,,,,,,,,,,,,,,,,,,,,,,,,,,,,,,,,,,,,,,,,,,,,,,,*/hˈĩŋɡlː/,,,,,,,,,,,,,*/ə̃mbɾtˈɛːʃa/,*/pɾndˈɛːʃa/,,*/pɾndˈuo̯ɾ/,,,*/ə̃mbəɾˈɛtɾ/,,,,,,,,,,,,,*/ə̃ndɾtˈɔ̃ɲ/,,,,,,,,,,,,,,,,,,,,,,,*/ə̃ndlːɡˈɔ̃ɲ/,*/ə̃ndɾɡˈɔ̃ɲ/,*/ə̃ndɾ/,,,,,,,,,,,,,,,,,,,,,,,,*/klcˈɛːɾɛ/,,,,,,,,,,,,,,,*/kˈandɾ/,,,,,,,,,,,,,*/kɾpˈuːs/,,,,,,*/kɾʃˈʌ̃ɾ̃a/,,,,,,,,,,,,,,,,,,,*/kɾʃˈɛdɾ/,*/cɾtˈɔ̃ɲ/,,,*/cˈicɾ/,,,,*/cˈĩŋɡlː/,*/kɾkˈɔ̃ɲ/,*/kɾcˈɛːlːa/,,,,,,,,,,,,,,,,,,,,,,,,,,,,,,,,,,,,,*/kˈũmtɾ/,,,,,,,,,,,,,,,,,*/kˌuːpɾtˈyːɾa/,,,,,,,,,,,,,,,,,,,,,,,,,,,,,,,,,,,,,,,,,,,,,,,,,,,,,,,,,,,,,,,,,,,,,,,,,,,,,,,,,,,,,,,,*/lˈibɾ/,,,,,,,,,,,,,,,,,,,,,,,,,,,,,,,,,,,,,,,,,,,,,,,,*/mɾkˈɔːʃ/,*/mɾlˈyc/,*/mɾtˈɔ̃ɲ/,*/mɾtˈɔ̃ɲ/,*/mɾtˈɛːsa/,,,*/mɾcˌĩːnˈɛt/,,*/mɾtˈĩː/,,,,,,,,,,,,,,,,,,,*/mɾzˈɛ̃ɲ/,,*/mɾɡˈɔ̃ɲ/,*/mɾcˈɛːɾ/,*/mɾkˈuːɾa/,*/mɾlˠˈɛ̃ɲa/,,,,,,,,,,,,,,,,,,,,,,,,,,,,,,,*/mɾcˈĩɲa/,,,,,,,,,,,,,,,*/nˈũmɾ/,,,,,,,,,,,,,,,,,,,,,,,,,,,,,,,,,,,,,,,,,,,,,,,,,,,,,,,,,,,*/pɾ/,,,*/pɾdəlˠˈɛ̃ɲ/,,*/pɾpˌaɾˈɔ̃ɲ/,*/pɾpˌaɾˈɔ̃ɲ/,*/pɾɟəlˠˈɔ̃ɲ/,,,,,,,,,,,,,,,,,,,,,,,,,,,,,,,,,,,,,,,,,,,,*/pˈɔːʃtɾ/,,,,,,,,*/pɾˈɛtɾ/,,,,,,,,,,,,,,*/pˈuːlbɾ/,,,,,,,,,,,,,,,,,,,,,,,,,,,,,,,,,,,,,,,,,,,,,,,,,,,,,,,,,,,,,,,,,,,*/ʃlbˈɔ̃ɲ/,,,,,,,,,,,,,,,,,,,,,*/ʃɾmˈɛ̃nd/,,,,,,,,*/ʃɾtˈɔ̃ɲ/,*/ʃɾbˈɛ̃ɲ/,*/ʃɾbˈɛːs/,*/ʃɾbətˈuo̯ɾ/,*/ʃɾbətˈyːɾa/,,,,,,,,*/ʃə̃mblˠtˈyːɾa/,,,,,,,,,,,,,,,,,,,,,,,,,,,,,,,,,,*/ʃˌuɾtlɟˈiː/,,,,,,,,,,,,,,,,,,,,,,,,,,,,,,,,,,,,*/ʃˌupɾkˈɛːl/,,,,,,,,,,,,,,,,,,,,*/tɾmˈɛt/,,,,,,,,,,,,,,,,,,,,,,,,,,,,,,,,,,,,,,,,,,,,,,,,,,,,,,,,,,,,,,,,,,,,,,,*/vɾtˈɛt/,,,*/vɾʃˈɔ̃ɲ/,,,,,,,*/vjˈɛtɾ/,,,,,,,,,,,,*/vɾɡˈʌ̃ɾ̃/,,,*/vɾtˈyt/,,,,,,,,,,,,,
R440,,,,,,,,,,,,,,,,,,,,,,,,,,,,,,,,,,,,,,,,,,,,,,,,,,,,,,,,,,,,,,,,,,,,,,,,,,,,,,,,,,,,,,,,,,,,,,,,,,,,,,,,,,,,,,,,,,,,,,,,,,,,,,,,,,,,,,,,,,,,,,,,,,,,,,,,,,,,,,,,,,,,,,,,,,,,,,,,,,,,,,,,,,,,,,,,,,,,,,,,,,,,,,,,,,,,,,,,,,,,,,,,,,,,,,,,,,,,,,,,,,,,,,,,,,,,,,,,,,,,,,,,,,,,,,,,,,,,,,,,,,,,,,,,,,,,,,,,,,,,,,,,,,,,,,,,,,,,,,,,,,,,,,,,,,,,,,,,,,,,,,,,,,,,,,,,,,,,,,,,,,,,,,,,,,,,,,,,,,,,,,,,,,,,,,,,,,,,,,,,,,,,,,,,,,,,,,,,,,,,,,,,,,,,,,,,,,,,,,,,,,,,,,,,,,,,,,,,,,,,,,,,,,,,,,,,,,,,,,,,,,,,,,*/kɾˈɛːzm/,,,,,,,,,,,,,,,,,,,,,,,,,,,*/kərˈɛːʒm/,,,,,,,,,,,,,,,,,,,,,,,,,,,,,,,,,,,,,,,,,,,,,,,,,,,,,,,,,,,,,,,,,,,,,,,,,,,,,,,,,,,,,,,,,,,,,,,,,,,,,,,,,,,,,,,,,,,,,,,,,,,,,,,,,,,,,,,,,,,,,,,,,,,,,,,,,,,,,,,,,,,,,,,,,,,,,,,,,,,,,,,,,,,,,,,,,,,,,,,,,,,,,,,,,,,,,,,,,,,,,,,,,,,,,,,,,,,,,,,,,,,,,,,,,,,,,,,,,,,,,,,,,,,,,,,,,,,,,,,,,,,,,,,,,,,,,,,,,,,,,,,,,,,,,,,,,,,,,,,,,,,,,,,,,,,,,,,,,,,,,,,,,,,,,,,,,,,,,,,,,,,,,,,,,,,,,,,,,,,,,,,,,,,,,,,,,,,,,,,,,,,,,,,,,,,,,,,,,,,,,,,,,,,,,,,,,,,,,,,,,,,,,,,,,,,,,,,,,,,,,,,,,,,,,,,,,,,,,,,,,,,,,,,,,,,,,,,,,,,,,,,,,,,,,,,,,,,,,,,,,,,,,,,,,,,,,,,,,,,,,,,,,,,,,,,,,,,,,,,,,,,,,,,,,,,,,,,,,,,,,,,,,,,,,,,,,,,,,,,,,,,,,,
R441,,,,,,,,,,,,,,,,,,,,,,,,,,,,,,,,,,,,,,,,,,,,,,,,,,,,,,,,,*/bˈaːlʃm/,,,,,,,,,,,,,,,,,,,,,,,,,,,,,,,,,,,,,,,,,,,,,,,,,,,,,,,,,,,,,,,,,,,,,,,,,,,,,,,,,,,,,,,,,,,,,,,,,,,,,,,,,,,,,,,,,,,,,,,,,,,,,,,,,,,,,,,,,,,,,,,,,,,,,,,,,,,,,,,,,,,,,,,,,,,,,,,,,,,,,,,,,,,,,,,,,,,,,,,,,,,,,,,,,,,,,,,,,,,,,,,,,,,,,,,,,,,,,,,,,,,,,,,,,,,,,,,,,,,,,,,,,,,,,,,,,,,,,,,,,,,,,,,,,,,,,,,,,,,,,,,,,,,,,,,,,,,,,,,,,,,,,,,,,,,,,,,,,,,,,,,,,,,,,,,,,,,,,,,,,,,,,,,,,,,,,,,,,,,,,,,,,,,,,,,,,,,,,,,,,,,,,,,,,,,,,,,,,,,,,,,,,,,,,,,,,,,,,,,,,,,,,,,,,,,,,,,,,,,,,,,,,,,,,,,,,,,,,,,,,,,,,,,,,,,,,,,,,,,,,,,,,,,,,,,,,,,,,,,,,,,,,,,,,,,,,,,,,,,,,,,,,,,,,,,,,,,,,,,,,,,,,,,,,,,,,,,,,,,,,,,,,,,,,,,,,,,,,,,,,,,,,,,,,,,,,,,,,,,,,,,,,,,,,,,,,,,,,,,,,,,,,,,,,,,,,,,,,,,,,,,,,,,,,,,,,,,,,,,,,,,,,,,,,,,,,,,,,,,,,,,,,,,,,,,,,,,,,,,,,,,,,,,,,,,,,,,,,,,,,,,,,,,,,,,,,,,,,,,,,,,,,,,,,,,,,,,,,,,,,,,,,,,,,,,,,,,,,,,,,,,,,,,,,,,,,,,,,,,,,,,,,,,,,,,,,,,,,,,,,,,,,,,,,,,,,,,,,,,,,,,,,,,,,,,,,,,,,,,,,,,,,,,,,,,,,,,,,,,,,,,,,,,,,,,,,,,,,,,,,,,,,,,,,,,,,,,,,,,,,,,,,,,,,,,,,,,,,,,,,,,,,,,,,,,,,,,,,,,,,,,,,,,,,,,,,,,,,,,,,,,,,,,,,,,,,,,,,,,,,,,,,,,,,,,,,,,,,,,,,,,,,,,,,,,,,,,,,,,,,,
R442,,,,,,,,,,,,,,,,,,,,,,,,,,,,,,,,,,,,,,,,,,,,,,,,,,,,,,,,,,,,,,,,,,,,,,,,,,,,,,,,,,,,,,,,,,,,,,,,,,,,,,,,,,,,,,,,,,,,,,,,,,,,,,,,,,,,,,,,,,,,,,,,,,,,,,,,,,,,,,,,,,,,,,,,,,,,,,,,,,,,,,,,,,,,,,,,,,,,,,,,,,,,,,,,,,,,,,,,,,,,,,,,,,,,,,,,,,,,,,,,,,,,,,,,,,,,,,,,,,,,,,,,,,,,,,,,,,,,,,,,,,,,,,,,,,,,,,,,,,,,,,,,,,,,,,,,,,,,,,,,,,,,,,,,,,,,,,,,,,,,,,,,,,,,,,,,,,,,,,,,,,,,,,,,,,,,,,,,,,,,,,,,,,,,,,,,,,,,,,,,,,,,,,,,,,,,,,,,,,,,,,,,,,,,,,,,,,,,,,,,,,,,,,,,,,,,,,,,,,,,,,,,,,,,,,,,,,,,,,,,,,,,,,,,,,,,,,,,,,,,,,,,,,,,,,,,,,,,,,,,,,,,,,,,,,,,,,,,,,,,,,,,,,,,,,,,,,,,,,,,,,,,,,,,,,,,,,,,,,,,,,,,,,,,,,,,,,,,,,,,,,,,,,,,,,,,,,,,,,,,,,,,,,,,,,,,,,,,,,,,,,,,,,,,,,,,,,,,,,,,,,,,,,,,,,,,,,,,,,,,,,,,,,,,,,,,,,,,,,,,,,,,,,,,,,,,,,,,,,,,,,,,,,,,,,,,,,,,,,,,,,,,,,,,,,,,,,,,,,,,,,,,,,,,,,,,,,,,,,,,,,,,,,,,,,,,,,,,,,,,,,,,,,,,,,,,,,,,,,,,,,,,,,,,,,,,,,,,,,,,,,,,,,,,,,,,,,,,,,,,,,,,,,,,,,,,,,,,,,,,,,,,,,,,,,,,,,,,,,,,,,,,,,,,,,,,,,,,,,,,,,,,,,,,,,,,,,,,,,,,,,,,,,,,,,,,,,,,,,,,,,,,,,,,,,,,,,,,,,,,,,,,,,,,,,,,,,,,,,,,,,,,,,,,,,,,,,,,,,,,,,,,,,,,,,,,,,,,,,,,,,,,,,,,,,,,,,,,,,,,,,,,,,,,,,,,,,,,,,,,,,,,,,,,,,,,,,,,,,,,,,,,,,,,,,,,,,,,,,,
R443,,,,,,,,,,,,,,,,,,,,,,,,,,,,,,,,,,,,,,,,,,,,,,,,,,,,,,,,,,,,,,,,,,,,,,,,,,,,,,,,,,,,,,,,,,,,,,,,,,,,,,,,,,,,,,,,,,,,,,,,,,,,,,,,,,,,,,,,,,,,,,,,,,,,,,,,,,,,,,,,,,,,,,,,,,,,,,,,,,,,,,,,,,,,,,,,,,,,*/fɾlˈĩː/,,,,,,,,,,,,,,,,,,,,,,,,,,,,,,,,,,,,,,,,,,,,,,,,,,,,,,,,,,,,,,,,,,,,,,,,,,,,,,,,,,,,,,,,,,,,,,,,,,,,,,,,,,,,,,,,,,,,,,,,,,,,,,,,,,,,,,,,,,,,,,,,,,,,,,,,,,,,,,,,,,,,,,,,,,,,,,,,,,,,,,,,,,,,,,,,,,,,,,,,,,,,,,,,,,,,,,,,,,,,,,,,,,,,,,,,,,,,,,,,,,,,,,,,,,,,,,,,,,,,,,,,,,,,,,,,,,,,,,,,,,,,,,,,,,,,,,,,,,,,,,,,,,,,,,,,,,,,,,,,,,,,,,,,,,,,,,,,,,,,,,,,,,,,,,,,,,,,,,,,,,,,,,,,,,,,,,,,,,,,,,,,,,,,,,,,,,,,,,,,,,,,,,,,,,,,,,,,,,,,,,,,,,,,,,,,,,,,,,,,,,,,,,,,,,,,,,,,,,,,,,,,,,,,,,,,,,,,,,,,,,,,,,,,,,,,,,,,,,,,,,,,,,,,,,,,,,,,,,,,,,,,,,,,,,,,,,,,,,,,,,,,,,,,,,,,,,,,,,,,,,,,,,,,,,,,,,,,,,,,,,,,,,,,,,,,,,,,,,,,,,,,,,,,,,,,,,,,,,,,,,,,,,,,,,,,,,,,,,,,,,,,,,,,,,,,,,,,,,,,,,,,,,,,,,,,,,,,,,,,,,,,,,,,,,,,,,,,,,,,,,,,,,,,,,,,,,,,,,,,,,,,,,,,,,,,,,,,,,,,,,,,,,,,,,,,,,,,,,,,,,,,,,,,,,,,,,,,,,,,,,,,,,,,,,,,,,,,,,,,,,,,,,,,,,,,,,,,,,,,,,,,,,,,,,,,,,,,,,,,,,,,,,,,,,,,,,,,,,,,,,,,,,,,,,,,,,,,,,,,,,,,,,,,,,,,,,,,,,,,,,,,,,,,,,,,,,,,,,,,,,,
R444,,,,,,,,,,,,,,,,,,,,,,,,,,,,,,,,,,,,,,,,,,,,,,,,,,,,,,,,,,,,,,,,,,,,,,,,,,,,,,,,,,,,,,,,,,,,,,,,,,,,,,,,,,,,,,,,,,,,,,,,,,,,,,,,,,,,,,,,,,,,,,,,,,,,,,,,,,,,,,,,,,,,,,,,,,,,,,,,,,,,,,,,,,,,,,,,,,,,,,,,,,,,,,,,,,,,,,,,,,,,,,,,,,,,,,,,,,,,,,,,,,,,,,,,,,,,,,,,,,,,,,,,,,,,,,,,,,,,,,,,,,,,,,,,,,,,,,,,,,,,,,,,,,,,,,,,,,,,,,,,,,,,,,,,,,,,,,,,,,,,,,,,,,,,,,,,,,,,,,,,,,,,,,,,,,,,,,,,,,,,,,,,,,,,,,,,,,,,,,,,,,,,,,,,,,,,,,,,,,,,,,,,,,,,,,,,,,,,,,,,,,,,,,,,,,,,,,,,,,,,,,,,,,,,,,,,,,,,,,,,,,,,,,,,,,,,,,,,,,,,,,,,,,,,,,,,,,,,,,,,,,,,,,,,,,,,,,,,,,,,,,,,,,,,,,,,,,,,,,,,,,,,,,,,,,,,,,,,,,,,,,,,,,,,,,,,,,,,,,,,,,,,,,,,,,,,,,,,,,,,,,,,,,,,,,,,,,,,,,,,,,,,,,,,,,,,,,,,,,,,,,,,,,,,,,,,,,,,,,,,,,,,,,,,,,,,,,,,,,,,,,,,,,,,,,,,,,,,,,,,,,,,,,,,,,,,,,,,,,,,,,,,,,,,,,,,,,,,,,,,,,,,,,,,,,,,,,,,,,,,,,,,,,,,,,,,,,,,,,,,,,,,,,,,,,,,,,,,,,,,,,,,,,,,,,,,,,,,,,,,,,,,,,,,,,,,,,,,,,,,,,,,,,,,,,,,,,,,,,,,,,,,,,,,,,,,,,,,,,,,,,,,,,,,,,,,,,,,,,,,,,,,,,,,,,,,,,,,,,,,,,,,,,,,,,,,,,,,,,,,,,,,,,,,,,,,,,,,,,,,,,,,,,,,,,,,,,,,,,,,,,,,,,,,,,,,,,,,,,,,,,,,,,,,,,,,,,,,,,,,,,,,,,,,,,,,,,,,,,,,,,,,,,,,,,,,,,,,,,,,,,,,,,,,,,,,,,,,,,,,,,,,,,,,,,,,,,,,,,,
R445,,,,,,,,,,,,,,,,,,,,,,,,,,,,,,,,,,,,,,,,,,,,,,,,,,,,,,,,,,,,,,,,,,,,,,,,,,,,,,,,,,,,,,,,,,,,,,,,,,,,,,,,,,,,,,,,,,,,,,,,,,,,,,,,,,,,,,,,,,,,,,,,,,,,,,,,,,,,,,,,,,,,,,,,,,,,,,,,,,,,,,,,,,,,,,,,,,,,,,,,,,,,,,,,,,,,,,,,,,,,,,,,,,,,,,,,,,,,,,,,,,,,,,,,,,,,,,,,,,,,,,,,,,,,,,,,,,,,,,,,,,,,,,,,,,,,,,,,,,,,,,,,,,,,,,,,,,,,,,,,,,,,,,,,,,,,,,,,,,,,,,,,,,,,,,,,,,,,,,,,,,,,,,,,,,,,,,,,,,,,,,,,,,,,,,,,,,,,,,,,,,,,,,,,,,,,,,,,,,,,,,,,,,,,,,,,,,,,,,,,,,,,,,,,,,,,,,*/kˌuːʃɾtˈɔ̃ɲ/,,,,,,,,,,,*/kˌuːɾtˈyːɾa/,,,,,,,,,,,,,,,,,,,,,,,,,,,,,,,,,,,,,,,,,,,,,,,,,,,,,,,,,,,,,,,,,,,,,,,,,,,,,,,,,,,,,,,,,,,,,,,,,,,,,,,,,,,,,,,,,,,,,,,,,,,,,,,,,,,,,,,,,,,,,,,,,,,,,,,,,,,,,,,,,,,,,,,,,,,,,,,,,,,,,,,,,,,,,,,,,,,,,,,,,,,,,,,,,,,,,,,,,,,,,,,,,,,,,,,,,,,,,,,,,,,,,,,,,,,,,,,,,,,,,,,,,,,,,,,,,,,,,,,,,,,,,,,,,,,,,,,,,,,,,,,,,,,,,,,,,,,,,,,,,,,,,,,,,,,,,,,,,,,,,,,,,,,,,,,,,,,,,,,,,,,,,,,,,,,,,,,,,,,,,,,,,,,,,,,,,,,,,,,,,,,,,,,,,,,,,,,,,,,,,,,,,,,,,,,,,,,,,,,,,,,,,,,,,,,,,,,,,,,,,,,,,,,,,,,,,,,,,,,,,,,,,,,,,,,,,,,,,,,,,,,,,,,,,,,,,,,,,,,,,,,,,*/ʃˌuɾkˈɛːl/,,,,,,,,,,,,,,,,,,,,,,,,,,,,,,,,,,,,,,,,,,,,,,,,,,,,,,,,,,,,,,,,,,,,,,,,,,,,,,,,,,,,,,,,,,,,,,,,,,,,,,,,,,,,,,,,,,,,,,,,,,,,,,,,,
R446,,,,,,,,,*/ˈajɾ̩/,,,,,,,,,,,,,,,,,,,,,,,,,,,,,,,,,,,,,,,,,,,,,,,,,,,,,,,,,,,,,,,,,,,,,,,,,,,,,,,,,,,,,,,,,,,,,,,,,,,,,,,,,,,,,,,,,,,,,,,,,,,,,,,,,,,,,,,,,,,,,,,,,,,,,,,,,,,,,,,,,,,,,,,,,,,,,,,,,,,,,,,,,,,,,,,,,,,,,,,,,,,,,,,,,,,,,,,,,,,,,,,,,,,,,,,,,,,,,,,,,,,,,,,,,,,,,,,,,,,,,,,,,,,,,,,,,,,,,,,,,,,,,,,,,,,,,,,,,,,,,,,,,,,,,,,,,,,,,,,,,,,,,,,,,,,,,,,,,,,,,,,,,,,,,,,,,,,,,,,,,,,,,,,,,,,,,,,,,,,,,,,,,,,,,,,,,,,,,,,,,,,,,,,,,,,,,,,,,,,,,,,,,,,,,,,,,,,,,,,,,,,,,,,,,,,,,,,,,,,,,,,,,,,,,,,,,,,,,,,,,,,,,,,,,,,,,,,,,,,,,,,,,,,,,,,,,,,,,,,,,,,,,,,,,,,,,,,,,,,,,,,,,,,,,,,,,,,,,,,,,,,,,,,,,,,,,,,,,,,,,,,,,,,,,,,,,,,,,,,,,,,,,,,,,,,,,,,,,,,,,,,,,,,,,,,,,,,,,,,,,,,,,,,,,,,,,,,,,,,,,,,,,,,,,,,,,,,,,,,,,,,,,,,,,,,,,,,,,,,,,,,,,,,,,,,,,,,,,,,,,,,,,,,,,,,,,,,,,,,,,,,,,,,,,,,,,,,,,,,,,,,,,,,,,,,,,,,,,,,,,,,,,,,,,,,,,,,,,,,,,,,,,,,,,,,,,,,,,,,,,,,,,,,,,,,,,,,,,,,,,,,,,,,,,,,,,,,,,,,,,,,,,,,,,,,,,,,,,,,,,,,,,,,,,,,,,,,,,,,,,,,,,,,,,,,,,,,,,,,,,,,,,,,,,,,,,,,,,,,,,,,,,,,,,,,,,,,,,,,,,,,,,,,,,,,,,,,,,,,,,,,,,,,,,,,,,,,,,,,,,,,,,,,,,,,,,,,,,,,,,,,,,,,,,,,,,,,,,,,,,,,,,,,,,,,,,,,,,,,,,,,,,,,,,,,,,,,,,,,,,,,,,,,,,,,,,,,,,,,,,,,,,,,,,,
R447,,,,,,,,,,,,,,,,*/cˈiːftɾ̩/,,,,,,,,,,,,,*/ˈʌ̃ɲɟ?0/,*/ˈɛ̃ɲɟ?0/,,,,,,,,,,,,,,,,,,*/ˈaːʃkl̩ː/,,,,,,,,*/ˈũŋɡl̩ː/,,,*/bˌaɾˈatɾ̩/,,,,,,,,,,,,,,,,,,,,,,,,,,,,,,,,,,*/dɾ̩mˈɔ̃ɲ/,,,,,,,*/dɾ̩ɡˈɔ̃ɲ/,,,,,,,,,,,,,,,,,,,,,,,,,,,,,,,,,,,,,,,,,,,,,,,,,,,,,,,,,,,,,,,,,,,,,,,,,,,,,,,,,,,,,,*/fə̃ɲˈɛʃtɾ̩/,,,,,,,*/fəʎˈɛːʃtɾ̩/,,,,,,,,,,,,,,,,,,,,,,,,,,,,,,,,,,,,,,,,,,,,,,,,,,*/ɟˈɛʃtɾ̩/,,,,,,,,,,,,,,,,,,,,,,,,*/hˈĩŋɡl̩ː/,,,,,,,,,,,,,,,,,,,*/ə̃mbəɾˈɛtɾ̩/,,,,,,,,,,,,,*/ə̃ndɾ̩tˈɔ̃ɲ/,,,,,,,,,,,,,,,,,,,,,,,*/ə̃ndl̩ːɡˈɔ̃ɲ/,*/ə̃ndɾ̩ɡˈɔ̃ɲ/,*/ə̃ndɾ̩/,,,,,,,,,,,,,,,,,,,,,,,,*/kl̩cˈɛːɾɛ/,,,,,,,,,,,,,,,*/kˈandɾ̩/,,,,,,,,,,,,,*/kɾ̩pˈuːs/,,,,,,*/kɾ̩ʃˈʌ̃ɾ̃a/,,,,,,,,,,,*/cˈɛ̃ndɾ̩/,,,,,,,,*/kɾ̩ʃˈɛdɾ̩/,*/cɾ̩tˈɔ̃ɲ/,,,*/cˈicɾ̩/,,,,*/cˈĩŋɡl̩ː/,*/kɾ̩kˈɔ̃ɲ/,*/kɾ̩cˈɛːlːa/,,,*/cˈitɾ̩/,,,*/kl̩ɾˈɔ̃ɲ/,,,,,,*/kl̩ʃˈyːɾa/,,,,,,,,,,,,,*/kˌulˠˈɔːʃtɾ̩/,,,,,,,,,,,,*/kˈũmtɾ̩/,,,,,,*/kˌuːʃɾ̩tˈɔ̃ɲ/,,,,,*/kˈũndɾ̩/,,*/kˌũːndɾ̩ʃtˈaːɾ/,,,,,,,,,,,,,,,,,,,,,,,,,,,,,*/kɾ̩ʃtˈɛ̃ɾ̃a/,*/kɾ̩ʃndˈɛːl/,,,,,,,,,,*/kˈuːltɾ̩/,,,,,,,,,,,,,*/kˈɔdɾ̩/,,,,,,,,,,,,,,,,,,,,,,,,,,,,,,,,,,,,,,,,,,,,,,,,,,,,,*/lˈukɾ̩/,,,,*/lˈũndɾ̩/,,,*/lˈyːʃtɾ̩/,*/mjˈɛʃtɾ̩/,,,,,,,,,,,,,,,,,,,,,,,,,,*/mɾ̩kˈɔːʃ/,*/mɾ̩lˈyc/,*/mɾ̩tˈɔ̃ɲ/,*/mɾ̩tˈɔ̃ɲ/,*/mɾ̩tˈɛːsa/,,,*/mɾ̩cˌĩːnˈɛt/,,*/mɾ̩tˈĩː/,,,,,,,,,,,,*/məɡˈaːʃtɾ̩/,,,,,,,*/mɾ̩zˈɛ̃ɲ/,,*/mɾ̩ɡˈɔ̃ɲ/,*/mɾ̩cˈɛːɾ/,*/mɾ̩kˈuːɾa/,*/mɾ̩lˠˈɛ̃ɲa/,,,,,,,,,,,,,,,,,*/mˈɔːʃtɾ̩/,,,,,,,,,,,,,,*/mɾ̩cˈĩɲa/,,,,,,,,,,,,*/nˈɔːʃtɾ̩/,,,*/nˈũmɾ̩/,,,,*/ˌulˠˈaːʃtɾ̩/,*/wˈɔʃtɾ̩/,,,,,,,,,,,,,,,,,,,,,,,,,,,,,,,,,,,,,,,,,,,,,,,,,,,,,,,,,,,,,,,,,*/pjˈɛtɾ̩/,,,,,,,,,,,,,,,,,,,,,,,,,,,,,,,,,,,,,,,,*/pˈɔːʃtɾ̩/,,,,,,,,*/pɾˈɛtɾ̩/,,,,,,,,,,,,,,,,,,,,,,,,,,,,,,,,,,,,,,,,,,,,,,,,,,,,,,,,,,,,,,,,,,,,,,,,,,,,,,,,,*/ʃl̩bˈɔ̃ɲ/,,,,,,,,,,,,,,,*/ʃˌʌ̃mːˈitɾ̩/,,,,,,*/ʃɾ̩mˈɛ̃nd/,,,,,,,,*/ʃɾ̩tˈɔ̃ɲ/,*/ʃɾ̩bˈɛ̃ɲ/,*/ʃɾ̩bˈɛːs/,*/ʃɾ̩bətˈuo̯ɾ/,*/ʃɾ̩bətˈyːɾa/,,,,,,,,,,,,,,,,,,,,,*/ʃkˈɔdɾ̩/,,,,,,,,,,,,,,,,,,,,,*/ʃˌuɾtl̩ɟˈiː/,,,,,,,,,,,,,,,,,,,,,,,,,,,,,,,,,,,,,,,,,,,,,,,,,,,,,,,,*/tɾ̩mˈɛt/,,,,,,,,,,,,,,,,,,*/tɾ̩ftˈaːɾ/,,,,,,,*/tɾ̩fˈɔːʎa/,*/tɾ̩fˈiːlː/,*/tɾ̩fˈuːɾk/,,,,*/tɾ̩kulˠˈĩɲ/,,,,,,,,,,,,,,,,,,,,,,,,,,,,,,,,,,,,,,,,,,,,,,,,,,*/vjˈɛtɾ̩/,,,,,,,,,,,,,,,,,,,,,*/vˈitɾ̩k/,,,,,,,
R448,,,,,,,,,,,,,,,,,,,,,,,,,,,,,,,,,,,,,,,,,,,,,,,,,,*/ˈaːʃpɾ̩/,,,,,,,,,,,,,,,,,,,,,,,,,,,,,,,,,,,,,,,,,,,,,,,,,,,,,,,,,,,,,,,,,,,,,,,,,,*/ʃˈɛ̃mbl̩/,,,,,,,,,,,,,,,,,,,,*/ʃpɾ̩lˈãːɲ/,,,,,,,,,,,,,,,,,,,,,,,,,*/fl̩cˈĩɲa/,,,,,,,,,,,,,,,,,,,,,,,,,,,*/fɾ̩lˈĩː/,,,,,,,,,,,,,,,,,,,,,,,*/fɾ̩ɡˈɔ̃ɲ/,*/fɾ̩ɡəlˠˈɔ̃ɲ/,*/fɾ̩kˈɔ̃ɲ/,,,,,,,,,,,,,,,,,,,,,,,,,,,,,,,,,,,,,,,,,,,,,,,,,,,,,,,,,,,*/ə̃mbɾ̩tˈɛːʃa/,*/pɾ̩ndˈɛːʃa/,,*/pɾ̩ndˈuo̯ɾ/,,,,,,,,,,,,,,,,,,,,,,,,,,,,,,,,,,,,,,,,,,,,,,,,,,,,,,,,,,,,,,,,,,,,,,,,,,,,,,,,,,,,,,,,,,*/cˈɛpɾ̩/,,,,,,,,,,,,,,,,,,,,,,,,,,,,,,,,,,,,,,,,,,,,,,,,,,,,,,,,,,,,,,,,,,,,,,,,,,,,,,,,,,,,,,,,,,,,,,,,,,,,,,,,,,,,,,,,,,,,,,,,,,,,,,,,,,,,,,,,,,,,,,,,,,,,,,,*/cˈipɾ̩/,,,,,,,,,,,,,,,,,,,,,,,,,,,*/lˈɛpɾ̩/,,*/lˈibɾ̩/,,,,,,,,,,,,,,,,,,,,,,,,,,,,,,,,,,,,,,,,,,,,,,,,,,,,,,,,,,,,,,,,,,,,,,,,,,,,,,,,,,,,,,,,,,,,,,,,,,,,,,,,,,,,,,,,,,,,,,,,,,,,,,,,,,,,,,,,,,,,,,,,,,,,,,,,,,,,,,,,,,,,,,,,,,,,,,,,,,,,,,,,,,*/pɾ̩/,,,*/pɾ̩dəlˠˈɛ̃ɲ/,,*/pɾ̩pˌaɾˈɔ̃ɲ/,*/pɾ̩pˌaɾˈɔ̃ɲ/,*/pɾ̩ɟəlˠˈɔ̃ɲ/,,,,,,,,,,,,,,,,,,,,,,,*/pl̩cˈɛ̃ɲ/,,,,*/pl̩cˈĩː/,,,,,,,,,,,,,,,,,,,,,,,,,,,,,,,,,,,,,,,*/pˈuːlbɾ̩/,,,,,,,,,,,,,,,,,,,,,,,,,,,,,,,,,,,,,,,,,,,,,,,,,,,,,,,,,,,,,,,,,,,,,,,,,,,,,,,,,,,,,,,,,,,,,,,,,,,,,,,,,,,,*/ʃə̃mb?0tˈyːɾa/,,,,,,,,,,,,,,,,,,,,,,,,,,,,,,,,,,,,,,,,,,,,,,,,,,,,,,,,,,,,,,,,,,,,,,,,,,,,,,,,,,,,,,,,,,,,,,,,,,,,,,,,,,,,,,,,,,,,,,,,,,,,,,,,,,,,,,,,,,,,,,,,,,,,,,,,,,,,,,,,,*/vɾ̩tˈɛt/,,,*/vɾ̩ʃˈɔ̃ɲ/,,,,,,,,,,,,,,,,,,,*/vɾ̩ɡˈʌ̃ɾ̃/,,,*/vɾ̩tˈyt/,,,,,,,,,,,,,
R449,,,,,,,,,,,,,,,,,,,,,,,,,,,,,,,,,,,,,,,,,,,,,,,,,,,,,,,,,,,,,,,,,,,,,,,,,,,,,,,,,,,,,,,,,,,,,,,,,,,,,,,,,,,,,,,,,,,,,,,,,,,,,,,,,,,,,,,,,,,,,,,,,,,,,,,,,,,,,,,,,,,,,,,,,,,,,,,,,,,,,,,,,,,,,,,,,,,,,,,,,,,,,,,,,,,,,,,,,,,,,,,,,,,,,,,,,,,,,,,,,,,,,,,,,,,,,,,,,,,,,,,,,,,,,,,,,,,,,,,,,,,,,,,,,,,,,,,,,,,,,,,,,,,,,,,,,,,,,,,,,,,,,,,,,,,,,,,,,,,,,,,,,,,,,,,,,,,,,,,,,,,,,,,,,,,,,,,,,,,,,,,,,,,,,,,,,,,,,,,,,,,,,,,,,,,,,,,,,,,,,,,,,,,,,,,,,,,,,,,,,,,,,,,,,,,,,,,,,,,,,,,,,,,,,,,,,,,,,,,,,,,,,,,,,,,*/kɾ̩ʃn̩dˈɛːl/,,,,,,,,,,,,,,,,,,,,,,,,,,,,,,,,,,,,,,,,,,,,,,,,,,,,,,,,,,,,,,,,,,,,,,,,,,,,,,,,,,,,,,,,,,,,,,,,,,,,,,,,,,,,,,,,,,,,,,,,,,,,,,,,,,,,,,,,,,,,,,,,,,,,,,,,,,,,,,,,,,,,,,,,,,,,,,,,,,,,,,,,,,,,,,,,,,,,,,,,,,,,,,,,,,,,,,,,,,,,,,,,,,,,,,,,,,,,,,,,,,,,,,,,,,,,,,,,,,,,,,,,,,,,,,,,,,,,,,,,,,,,,,,,,,,,,,,,,,,,,,,,,,,,,,,,,,,,,,,,,,,,,,,,,,,,,,,,,,,,,,,,,,,,,,,,,,,,,,,,,,,,,,,,,,,,,,,,,,,,,,,,,,,,,,,,,,,,,,,,,,,,,,,,,,,,,,,,,,,,,,,,,,,,,,,,,,,,,,,,,,,,,,,,,,,,,,,,,,,,,,,,,,,,,,,,,,,,,,,,,,,,,,,,,,,,,,,,,,,,,,,,,,,,,,,,,,,,,,,,,,,,,,,,,,,,,,,,,,,,,,,,,,,,,,,,,,,,,,,,,,,,,,,,,,,,,,,,,,,,,,,,,,,,,,,,,,,,,,,,,,,,,,,,,,,,,,,,,,,,,,,,,,,,
R450,,,,,,,,,,,,,,,,,,,,,,,,,,,,,,,,,,,,,,,,,,,,,,,,,,,,,,,,,*/bˈaːlʃm̩/,,,,,,,,,,,,,,,,,,,,,,,,,,,,,,,,,,,,,,,,,,,,,,,,,,,,,,,,,,,,,,,,,,,,,,,,,,,,,,,,,,,,,,,,,,,,,,,,,,,,,,,,,,,,,,,,,,,,,,,,,,,,,,,,,,,,,,,,,,,,,,,,,,,,,,,,,,,,,,,,,,,,,,,,,,,,,,,,,,,,,,,,,,,,,,,,,,,,,,,,,,,,,,,,,,,,,,,,,,,,,,,,,,,,,,,,,,,,,,,,,,,,,,,,,,,,,,,,,,,,,,,,,,,,,,,,,,,,,,,,,,,,,,,,,,,,,,,,,,,,,,,,,,,,,,,,,,,,,,,,,,,,,,,,,,,,,,,,,,,,,,,,,,,,,,,,,,,,,,,,,,,,,,,,,,,,,,,,,,,,,,,,,,,,,,,,,,,,,,,,,,,,,,,,,,,,,,,,,,,,,,,,,,,,,*/kɾˈɛːzm̩/,,,,,,,,,,,,,,,,,,,,,,,,,,,*/kərˈɛːʒm̩/,,,,,,,,,,,,,,,,,,,,,,,,,,,,,,,,,,,,,,,,,,,,,,,,,,,,,,,,,,,,,,,,,,,,,,,,,,,,,,,,,,,,,,,,,,,,,,,,,,,,,,,,,,,,,,,,,,,,,,,,,,,,,,,,,,,,,,,,,,,,,,,,,,,,,,,,,,,,,,,,,,,,,,,,,,,,,,,,,,,,,,,,,,,,,,,,,,,,,,,,,,,,,,,,,,,,,,,,,,,,,,,,,,,,,,,,,,,,,,,,,,,,,,,,,,,,,,,,,,,,,,,,,,,,,,,,,,,,,,,,,,,,,,,,,,,*/pɾˈɔːʒm̩/,,,,,,,,,,,,,,,,,,,,,,,,,,,,,,,,,,,,,,,,,,,,,,,,,,,,,,,,,,,,,,,,,,,,,,,,,,,,,,,,,,,,,,,,,,,,,,,,,,,,,,,,,,,,,,,,,,,,,,,,,,,,,,,,,,,,,,,,,,,,,,,,,,,,,,,,,,,,,,,,,,,,,,,,,,,,,,,,,,,,,,,,,,,,,,,,,,,,,,,,,,,,,,,,,,,,,,,,,,,,,,,,,,,,,,,,,,,,,,,,,,,,,,,,,,,,,,,,,,,,,,,,,,,,,,,,,,,,,,,,,,,,,,,,,,,,,,,,,,,,,,,,,,,,,,,,,,,
R451,,,,,,,,,,,,,,,,,,,,,,,,,,,,,,,,,,,,,,,,,,,,,,,,,,,,,,,,,,,,,,,,,,,,,,,,,,,,,,,,,,,,,,,,,,,*/dəpˌɾ̩tˈɔ̃ɲ/,,,,,,,,,,,,,,,,,,,,,,,,,,,,,,,,,,,,,,,,,,,,,,,,,,,,,,,,,,,,,,,,,,,,,,,,,,,,,,,,,,,,,,,,,,,,,,,,,,,,,,,,,,,,,,,,,,,,,,,,,,,,,,,,,,,,,,,,,,,,,,,,,,,,,,,,,,,,,,,,,,,,,,,,,,,,,,,,,,,,,,,,,,,,,,,,,,,,,,,,,,,,,,,,,,,,,,,,,,,,,,,,,,,,,,,,,,,,,,,,,,,,,,,,,,,,,,,,,,,,,,,,,,,,,,,,,,,,,,,,,,,,,,,*/cˌɾ̩ɲːˈɔ̃ɲ/,,,,,,,,,,,,,,,,,,,,,,,,,,,,,,,,,,,,,,,,,,,,,,,,,,,,,,,,,,,,,,,,,,,,,,,,,,,,,,,,,,,,,,,,,,,,,,,,,,,,,,,,,,,,,,,,,,,,,,,,,,,,,,,,,,,,,,,,,,,,,,,,,,,,,,,,,,,,,,,,,,,,,,,,,,,,,,,,,,,,,,,,,,,,,,,,,,,,,,,,,,,,,,,,,,,,,,,,,,,,,,,,,,,,,,,,,,,,,,,,,,,,,,,,,,,,,,,,,,*/mˌɾ̩ɡˈɔ̃ɲ/,,,,,,,,,,,,,,,,,,,,,,,,,,,,,,,,,,,,,,,,,,,,,,,,,,,,,,,,,,,,,,,,,,,,,,,,,,,,,,,,,,,,,,,,,,,,,,,,,,,,,,,,,,,,,,,,,,,,,*/pˌɾ̩tˈɔ̃ɲ/,,,,,,,,,,,,,,,,,,,,,,,,,,,,,,,,,,,,,,,,,,,,,,,,,,,,,,,,,,,,,,,,,,,,,,,,,,,,,,,,,,,,,,,,,,,,,,,,,,,,,,,,,,,,,,,,,,,,,,,,,,,,,,,,*/ʃˌɾ̩bˈɛːlːa/,,,,,,,,,,,,,,,,,,,,,,,,,,,,,,,,,,,,,,,,,,,,,,,,,,,,,,,,,,,,,,,,,,,,,,,,,,,,,,,,,,,,,,,,,,,,,,,,,,,,,,,,,,,,,,,,,,,,,,,,,,,,,,,,,,,,,,,,,,,,,,,,,,,,,,,,,,,,,,,,,,,,,,,,,,,,,,,,,,,,,,,,,,,,,,,,,,,,,,,,,,,,,,,,,,,,,,,,,,,,,,,,,,,,,,,,,,,,,,
R452,,,,,,,,,,,,,,,,,,,,,,,,,,,,,,,,,,,,,,,,,,,,,,,,,,,,,,,,,,,,,,,,,,,,,,,,,,,,,,,,,,,,,,,,,,,,,,,,,,,,,,,,,,,,,,,,,,,,,,,,,,,,,,,,,,,,,,,,,,,,,,,,,,,,,,,,,,,,,,,,,,,,,,,,,,,,,,,,,,,,,,,,,,,,,,,,,,,,,,,,,,,,,,,,,,,,,,,,,,,,,,,,,,,,,,,,,,,,,,,,,,,,,,,,,,,,,,,,,,,,,,,,,,,,,,,,,,,,,,,,,,,,,,,,,,,,,,,,,,,,,,,,,,,,,,,,,,,,,,,,,,,,,,,,,,,,,,,,,,,,,,,,,,,,,,,,,,,,,,,,,,,,,,,,,,,,,,,,,,,,,,,,,,,,,,,,,,,,,,,,,,,,,,,,,,,,,,,,,,,,,,,,,,,,,,,,,,,,,,,,,,,,,,,,,,,,,,,,,,,,,,,,,,,,,,,,,,,,,,,,,,,,,,,,,,,,,,,,,,,,,,,,,,,,,,,,,,,,,,,,,,,,,,,,,,,,,,,,,,,,,,,,,,,,,,,,,,,,,,,,,,,,,,,,,,,,,,,,,,,,,,,,,,,,,,,,,,,,,,,,,,,,,,,,,,,,,,,,,,,,,,,,,,,,,,,,,,,,,,,,,,,,,,,,,,,,,,,,,,,,,,,,,,,,,,,,,,,,,,,,,,,,,,,,,,,,,,,,,,,,,,,,,,,,,,,,,,,,,,,,,,,,,,,,,,,,,,,,,,,,,,,,,,,,,,,,,,,,,,,,,,,,,,,,,,,,,,,,,,,,,,,,,,,,,,,,,,,,,,,,,,,,,,,,,,,,,,,,,,,,,,,,,,,,,,,,,,,,,,,,,,,,,,,,,,,,,,,,,,,,,,,,,,,,,,,,,,,,,,,,,,,,,,,,,,,,,,,,,,,,,,,,,,,,,,,,,,,,,,,,,,,,,,,,,,,,,,,,,,,,,,,,,,,,,,,,,,,,,,,,,,,,,,,,,,,,,,,,,,,,,,,,,,,,,,,,,,,,,,,,,,,,,,,,,,,,,,,,,,,,,,,,,,,,,,,,,,,,,,,,,,,,,,,,,,,,,,,,,,,,,,,,,,,,,,,,,,,,,,,,,,,,,,,,,,,,,,,,,,,,,,,,,,,,,,,,,,,,,,,
R453,,,,,,,,,,,,,,,,,,,,,,,,,,,,,,,,,,,,,,,,,,,,,,,,,,,,,,,,,,,,,,,,,,,,,,,,,*/bˌult͡ʃˈɛːʃ/,,,,,,,,,,,,,,,,,,,,,,,,,,,,,,,,,,,,,,,,,,,,,,,,,,,,,,,,,,,,,,,,,,,,,,,,,,,,,,,,,,,,,,,,,,,,,,,,,,,,,,,,,,,,,,,,,,,,,,,,,,,,,,,,,,,,,,,,,,,,,,,,,,,,,,,*/fˌult͡ʃˈiː/,,,,,,,,,,,,,,,,,,,,,,,,,,,,,,,,,,,,,,,,,,,,,,,,,,,,,,,,,,,,,,,,,,,,,,,,,,,,,,,,,,,,,,,,,,,,,,,,,,,,,,,,,,,,,,,,,,,,,,,,,,,,,,,,,,,,,,,,,,,,,,,,,,,,,,,,,,,,,,,,,,,,,,,,,,,,,,,,,,,,,,,,,,,,,,,,,,,,,,,,,,,,,,,,,,,,,,,,,,,,,,,,,,,,,,,,,,,,,,,,,,,,,,,,,,,,,,,,,,,,,,,,,,,,,,,,,,,,,,,,,,,,,,,,,,,,,,,,,,,,,,,,,,,,,,,,,,,,,,,,,,,,,,,,,,,,,,,,,,,,,,,,,,,,,,,,,,,,,,,,,,,,,,,,,,,,,,,,,,,,,,,,,,,,,,,,,,,,,,,,,,,,,,,,,,,,,,,,,,,,,,,,,,,,,,,,,,,,,,,,,,,,,,,,,,,,,,,,,,,,,,,,,,,,,,,,,,,,,,,,,,,,,,,,,,,,,,,,,,,,,,,,,,,,,,,,,,,,,,,,,,,,,,,,,,,,,,,,,,,,,,,,,,,,,,,,,,,,,,,,,,,,,,,,,,,,,,,,,,,,,,,,,,,,,,,,,,,,,,,,,,,,,,,,,,,,,,,,,,,,,,,,,,,,,,,,,,,,,,,,,,,,,,,,,,,,,,,,,,,,,,,,,,,,,,,,,,,,,,,,,,,,,,,,,,,,,,,,,,,,,,,,,,,,,,,,,,,,,,,,,,,,,,,,,,,,,,,,,,,,,,,,,,,,,,,,,,,,,,,,,,,,,,,,,,,,,,,,,,,,,,,,,,,,,,,,,,,,,,,,,,,,,,,,,,,,,,,,,,,,,,,,,,,,,,,,,,,,,,,,,,,,,,,,,,,,,,,,,,,,,,,,,,,,,,,,,,,,,,,,,,,,,,,,,,,,,,,
R454,,,,,,,,,,,,,,,,,,,,,,,,,,,,,,,,,,,,,,,,,,,,,,,,,,,,,,,,,,,,,,,,,,,,,,,,,,,,,,,,,,,,,,,,,,,,,,,,,,,,,,,,,,,,,,,,,,,,,,,,,,,,,,,,,,,,,,,,,,,,,,,,,,,,,,,,,,,,,,,,,,,,,,,,,,,,,,,,,,,,,,,,,,,,,,,,,,,,,,,,,,,,,,,,,,,,,,,,,,,,,,,,,,,,,,,,,,,,,,,,,,,,,,,,,,,,,,,,,,,,,,,,,,,,,,,,,,,,,,,,,,,,,,,,,,,,,,,,,,,,,,,,,,,,,,,,,,,,,,,,,,,,,,,,,,,,,,,,,,,,,,,,,,,,,,,,,,,,,,,,,,,,,,,,,,,,,,,,,,,,,,,,,,,,,,,,,,,,,,,,,,,,,,,,,,,,,,,,,,,,,,,,,,,,,,,,,,,,,,,,,,,,,,,,,,,,,,,,,,,,,,,,,,,,,,,,,,,,,,,,,,,,,,,,,,,,,,,,,,,,,,,,,,,,,,,,,,,,,,,,,,,,,,,,,,,,,,,,,,,,,,,,,,,,,,,,,,,,,,,,,,,,,,,,,,,,,,,,,,,,,,,,,,,,,,,,,,,,,,,,,,,,,,,,,,,,,,,,,,,,,,,,,,,,,,,,,,,,,,,,,,,,,,,,,,,,,,,,,,,,,,,,,,,,,,,,,,,,,,,,,,,,,,,,,,,,,,,,,,,,,,,,,,,,,,,,,,,,,,,,,,,,,,,,,,,,,,,,,,,,,,,,,,,,,,,,,,,,,,,,,,,,,,,,,,,,,,,,,,,,,,,,,,,,,,,,,,,,,,,,,,,,,,,,,,,,,,,,,,,,,,,,,,,,,,,,,,,,,,,,,,,,,,,,,,,,,,,,,,,,,,,,,,,,,,,,,,,,,,,,,,,,,,,,,,,,,,,,,,,,,,,,,,,,,,,,,,,,,,,,,,,,,,,,,,,,,,,,,,,,,,,,,,,,,,,,,,,,,,,,,,,,,,,,,,,,,,,,,,,,,,,,,,,,,,,,,,,,,,,,,,,,,,,,,,,,,,,,,,,,,,,,,,,,,,,,,,,,,,,,,,,,,,,,,,,,,,,,,,,,,,,,,,,,,,,,,,,,,,,,,,,,,,,,,,,,,,,,,,,,,,,,,,,,,,,,,,,,,,,
R455,,,,,,,,,,,,,,,,,,,,,,,,,,,,,,,,,,,,,,,,,,,,,,,,,,,,,,,,,,,,,,,,,,,,,,,,,,,,,,,,,,,,,,,,,,,,,,,,,,,,,,,,,,,,,,,,,,,,,,,,,,,,,,,,,,,,,,,,,,,,,,,,,,,,,,,,,,,,,,,,,,,,,,,,,,,,,,,,,,,,,,,,,,,,,,,,,,,,*/fəlˈĩː/,,,,,,,,,,,,,,,,,,,,,,,,,,,,,,,,,,,,,,,,,,,,,,,,,,,,,,,,,,,,,,,,,,,,,,,,,,,,,,,,,,,,,,,,,,,,,,,,,,,,,,,,,,,,,,,,,,,,,,,,,,,,,,,,,,,,,,,,,,,,,,,,,,,,,,,,,,,,,,,,,,,,,,,,,,,,,,,,,,,,,,,,,,,,,,,,,,,,,,,,,,,,,,,,,,,,,,,,,,,,,,,,,,,,,,,,,,,,,,,,,,,,,,,,,,,,,,,,,,,,,,,,,,,,,,,,,,,,,,,,,,,,,,,,,,,,,,,,,,,,,,,,,,,,,,,,,,,,,,,,,,,,,,,,,,,,,,,,,,,,,,,,,,,,,,,,,,,,,,,,,,,,,,,,,,,,,,,,,,,,,,,,,,,,,,,,,,,,,,,,,,,,,,*/məlˈyc/,,,,,,,,,,,,,,,,,,,,,,,,,,,,,,,,*/məlˠˈɛ̃ɲa/,,,,,,,,,,,,,,,,,,,,,,,,,,,,,,,,,,,,,,,,,,,,,,,,,,,,,,,,,,,,,,,,,,,,,,,,,,,,,,,,,,,,,,,,,,,,,,,,,,,,,,,,,,,,,,,,,,,,,,,,,,,,,,,,,,,,,,,,,,,,,,,,,,,,,,,,,,,,,,,,,,,,,,,,,,,,,,,,,,,,,,,,,,,,,,,,,,,,,,,,,,,,,,,,,,,,,,,,,,,,,,,,,,,,,,,,,,,,,,,,,,,,,,,,,,,,,,,,,,,,,,,,,,,,,,,,,,,,,,,,,,,,,,,,,,,,,,,,,,,,,,,,,,,,,,,,,,,,,,,,,,,,,,,,,,,,,,,,,,,,,,,,,,,,,,,,,,,,,,,,,,,,,,,,,,,,,,,,,,,,,,,,,,,,,,,,,,,,,,,,,,,,,,,,,,,,,,,,,,,,,,,,,,,,,,,,,,,,,,,,,,,,,,,,,,,,,,,,,,,,,,,,,,,,,,,,,,,,,,,,,,,,,
R456,,,,,,,,,,,,,,,,,,,,,,,,,,,,,,,,,,,,,,,,,,,,,,,,,,,,,,,,,,,,,,,,,,,,,,,,,,,,,,,,,,,,,,,,,,,,,,,,,,,,,,,,,,,,,,,,,,,,,,,,,,,,,,,,,,,,,,,,,,,,,,,,,,,,,,,,,,,,,,,,,,,,,,,,,,,,,,,,,,,,,,,,,,,,,,,,,,,,,,,,,,,,,,,,,,,,,,,,,,,,,,,,,,,,,,,,,,,,,,,,,,,,,,,,,,,,,,,,,,,,,,,,,,,,,,,,,,,,,,,,,,,,,,,,,,,,,,,,,,,,,,,,,,,,,,,,,,,,,,,,,,,,,,,,,,,,,,,,,,,,,,,,,,,,,,,,,,,,,,,,,,,,,,,,,,,,,,,,,,,,,,,,,,,,,,,,,,,,,,,,,,,,,,,,,,,,,,,,,,,,,,,,,,,,,,,,,,,,,,,,,,,,,,,,,,,,,,,,,,,,,,,,,,,,,,,,,,,,,,,,,,,,,,,,,,,,,,,,,,,,,,,,,,,,,,,,,,,,,,,,,,,,,,,,,,,,,,,,,,,,,,,,,,,,,,,,,,,,,,,,,,,,,,,,,,,,,,,,,,,,,,,,,,,,,,,,,,,,,,,,,,,,,,,,,,,,,,,,,,,,,,,,,,,,,,,,,,,,,,,,,,,,,,,,,,,,,,,,,,,,,,,,,,,,,,,,,,,,,,,,,,,,,,,,,,,,,,,,,,,,,,,,,,,,,,,,,,,,,,,,,,,,,,,,,,,,,,,,,,,,,,,,,,,,,,,,,,,,,,,,,,,,,,,,,,,,,,,,,,,,,,,,,,,,,,,,,,,,,,,,,,,,,,,,,,,,,,,,,,,,,,,,,,,,,,,,,,,,,,,,,,,,,,,,,,,,,,,,,,,,,,,,,,,,,,,,,,,,,,,,,,,,,,,,,,,,,,,,,,,,,,,,,,,,,,,,,,,,,,,,,,,,,,,,,,,,,,,,,,,,,,,,,,,,,,,,,,,,,,,,,,,,,,,,,,,,,,,,,,,,,,,,,,,,,,,,,,,,,,,,,,,,,,,,,,,,,,,,,,,,,,,,,,,,,,,,,,,,,,,,,,,,,,,,,,,,,,,,,,,,,,,,,,,,,,,,,,,,,,,,,,,,,,,,,,,,,,,,,,,,,,,,,,,,,,,,,,,,,,,
R457,,,,,,,,,,,,,,,,,,,,,,,,,,,,,,,,,,,,,,,,,,,,,,,,,,,,,,,,,,,,,,,,,,,,,,,,,,,,,,,,,,,,,,,,,,,,,,,,,,,,,,,,,,,,,,,,,,,,,,,,,,,,,,,,,,,,,,,,,,,,,,,,,,,,,,,,,,,,,,,,,,,,,,,,,,,,,,,,,,,,,,,,,,,,,,,,,,,,,,,,,,,,,,,,,,,,,,,,,,,,,,,,,,,,,,,,,,,,,,,,,,,,,,,,,,,,,,,,,,,,,,,,,,,,,,,,,,,,,,,,,,,,,,,,,,,,,,,,,,,,,,,,,,,,,,,,,,,,,,,,,,,,,,,,,,,,,,,,,,,,,,,,,,,,,,,,,,,,,,,,,,,,,,,,,,,,,,,,,,,,,,,,,,,,,,,,,,,,,,,,,,,,,,,,,,,,,,,,,,,,,,,,,,,,,,,,,,,,,,,,,,,,,,,,,,,,,,,,,,,,,,,,,,,,,,,,,,,,,,,,,,,,,,,,,,,,,,,,,,,,,,,,,,,,,,,,,,,,,,,,,,,,,,,,,,,,,,,,,,,,,,,,,,,,,,,,,,,,,,,,,,,,,,,,,,,,,,,,,,,,,,,,,,,,,,,,,,,,,,,,,,,,,,,,,,,,,,,,,,,,,,,,,,,,,,,,,,,,,,,,,,,,,,,,,,,,,,,,,,,,,,,,,,,,,,,,,,,,,,,,,,,,,,,,,,,,,,,,,,,,,,,,,,,,,,,,,,,,,,,,,,,,,,,,,,,,,,,,,,,,,,,,,,,,,,,,,,,,,,,,,,,,,,,,,,,,,,,,,,,,,,,,,,,,,,,,,,,,,,,,,,,,,,,,,,,,,,,,,,,,,,,,,,,,,,,,,,,,,,,,,,,,,,,,,,,,,,,,,,,,,,,,,,,,,,,,,,,,,,,,,,,,,,,,,,,,,,,,,,,,,,,,,,,,,,,,,,,,,,,,,,,,,,,,,,,,,,,,,,,,,,,,,,,,,,,,,,,,,,,,,,,,,,,,,,,,,,,,,,,,,,,,,,,,,,,,,,,,,,,,,,,,,,,,,,,,,,,,,,,,,,,,,,,,*/təftˈaːɾ/,,,,,,,,,,,,,,,,,,,,,,,,,,,,,,,,,,,,,,,,,,,,,,,,,,,,,,,,,,,,,,,,,,,,,,,,,,,,,,,,,,,,,,,,,,,
R458,,,,,,,,,,,,,,,,,,,,,,,,,,,,,,,,,,,,,,,,,,,,,,,,,,,,,,,,,,,,,,,,,,,,,,,,,,,,,,,,,,,,,,,,,,,*/dəpɾ̩tˈɔ̃ɲ/,,,,,,,,,,,,,,,,,,,,,,,,,,,,,,,,,,,,,,,,,,,,,,,,,,,,,,,,,,,,,,,,,,,,,,,,,,,,,,,,,,,,,,,,,,,,,,,,,,,,,,,,,,,,,,,,,,,,,,,,,,,,,,,,,,,,,,,,,,,,,,,,,,,,,,,,,,,,,,,,,,,,,,,,,,,,,,,,,,,,,,,,,,,,,,,,,,,,,,,,,,,,,,,,,,,,,,,,,,,,,,,,,,,,,,,,,,,,,,,,,,,,,,,,,,,,,,,,,,,,,,,,,,,,,,,,,,,,,,,,,,,,,,,*/cɾ̩ɲːˈɔ̃ɲ/,,,,,,,,,,,,,,,,,,,,,,,,,,,,,,,,,,,,,,,,,,,,,,,,,,,,,,,,,,,,,,,,,,,,,,,,,,,,,,,,,,,,,,,,,,,,,,,,,,,,,,,,,,,,,,,,,,,,,,,,,,,,,,,,,,,,,,,,,,,,,,,,,,,,,,,,,,,,,,,,,,,,,,,,,,,,,,,,,,,,,,,,,,,,,,,,,,,,,,,,,,,,,,,,,,,,,,,,,,,,,,,,,,,,,,,,,,,,,,,,,,,,,,,,,,,,,,,,,,*/mɾ̩ɡˈɔ̃ɲ/,,,,,,,,,,,,,,,,,,,,,,,,,,,,,,,,,,,,,,,,,,,,,,,,,,,,,,,,,,,,,,,,,,,,,,,,,,,,,,,,,,,,,,,,,,,,,,,,,,,,,,,,,,,,,,,,,,,,,*/pɾ̩tˈɔ̃ɲ/,,,,,,,,,,,,,,,,,,,,,,,,,,,,,,,,,,,,,,,,,,,,,,,,,,,,,,,,,,,,,,,,,,,,,,,,,,,,,,,,,,,,,,,,,,,,,,,,,,,,,,,,,,,,,,,,,,,,,,,,,,,,,,,,*/ʃɾ̩bˈɛːlːa/,,,,,,,,,,,,,,,,,,,,,,,,,,,,,,,,,,,,,,,,,,,,,,,,,,,,,,,,,,,,,,,,,,,,,,,,,,,,,,,,,,,,,,,,,,,,,,,,,,,,,,,,,,,,,,,,,,,,,,,,,,,,,,,,,,,,,,,,,,,,,,,,,,,,,,,,,,,,,,,,,,,,,,,,,,,,,,,,,,,,,,,,,,,,,,,,,,,,,,,,,,,,,,,,,,,,,,,,,,,,,,,,,,,,,,,,,,,,,,
R459,,,,,,,,,,,,,,,,,,,,,,,,,,,,,,,,,,,,,,,,,,,,,,,,,,,,,,,,,,,,,,,,,,,,,,,,,,,,,,,,,,,,,,,,,,,,,,,,,,,,,,,,,,,,,,,,,,,,,,,,,,,,*/ʃˈɛ̃mbulˠ/,,,,,,,,,,,,,,,,,,,,,,,,,,,,,,,,,,,,,,,,,,,,,,,,,,,,,,,,,,,,,,,,,,,,,,,,,,,,,,,,,,,,,,,,,,,,,,,,,,,,,,,,,,,,,,,,,,,,,,,,,,,,,,,,,,,,,,,,,,,,,,,,,,,,,,,,,,,,,,,,,,,,,,,,,,,,,,,,,,,,,,,,,,,,,,,,,,,,,,,,,,,,,,,,,,,,,,,,,,,,,,,,,,,,,,,,,,,,,,,,,,,,,,,,,,,,,,,,,,,,,,,,,,,,,,,,,,,,,,,,,,,,,,,,,,,,,,,,,,,,,,,,,,,,,,,,,,,,,,,,,,,,,,,,,,,,,,,,,,,,,,,,,,,,,,,,,,,,,,,,,,,,,,,,,,,,,,,,,,,,,,,,,,,,,,,,,,,,,,,,,,,,,,,,,,,,,,,,,,,,,,,,,,,,,,,,,,,,,,,,,,,,,,,,,,,,,,,,,,,,,,,,,,,,,,,,,,,,,,,,,,,,,,,,,,,,,,,,,,,,,,,,,,,,,,,,,,,,,,,,,,,,,,,,,,,,,,,,,,,,,,,,,,,,,,,,,,,,,,,,,,,,,,,,,,,,,,,,,,,,,,,,,,,,,,,,,,,,,,,,,,,,,,,,,,,,,,,,,,,,,,,,,,,,,,,,,,,,,,,,,,,,,,,,,,,,,,,,,,,,,,,,,,,,,,,,,,,,,,,,,,,,,,,,,,,,,,,,,,,,,,,,,,,,,,,,,,,,,,,,,,,,,,,,,,,,,,,,,,,,,,,,,,,,,,,,,,,,,,,,,,,,,,,,,,,,,,,,,,,,,,,,,,,,,,,,,,,,,,,,,,,,,,,,,,,,,,,,,,,,,,,,,,,,,,,,,,,,,,,,,,,,,,,,,,,,,,,,,,,,,,,,,,,,,,,,,,,,,,,,,,,,,,,,,,,,,,,,,,,,,,,,,,,,,,,,,,,,,,,,,,,,,,,,,,,,,,,,,,,,,,,,,,,,,,,,,,,,,,,,,,,,,,,,,,,,,,,,,,,,,,,,,,,,,,,,,,,
R460,,,,,,,,,,,,,,,,,,,,,,,,,,,,,,,,,,,,,,,,,,,,,,,,,,,,,,,,,,,,,,,,,,,,,,,,,,,,,,,,,,,,,,,,,,,,,,,,,,,,,,,,,,,,,,,,,,,,,,,,,,,,,,,,,,,,,,,,,,,,,,,,,,,,,,,,,,,,,,,,,,,,,,,,,,,,,,,,,,,,,,,*/fˈɛːlːa/,,,,,,,,,,,,,,,,,,,,,,,,,,,,,,,,,,,,,,,,,,,,,,,,,,,,,,,,,,,,,,,,,,,,,,,,,,,,,,,,,,,,,,,,,,,,,,,,,,,,,,,,,,,,,,,,,,,,,,,,,,,,,,,,,,,,,,,,,,,,,,,,,,,,,,,,,,,,,,,,,,,,,,,,,,,,,,,,,,,,,,,,,,,,,,,,,,,,,,,,,,,,,,,,,,,,,,,,,,,,,,,,,,,,,,,,,,,,,,,,,,,,,,,,,,,,,,,,,,,,,,,,,,,,,,,,,,,,,,,,,,,,,,,,,,,,,,,,,,,,,,,,,,,,,,,,,,,,,,,,,,,,,,,,,,,,,,,,,,,,,,,,,,,,,,,,,,,,,,,,,,,,,,,,,,,,,,,,,,,,,,,,,,,,,,,,,,,,,,,,,,,,,,,,,,,,,,,,,,,,,,,,,,,,,,,,,,,,,,,,,,,,,,,,,,,,,,,,,,,,,,,,,,,,,,,,,,,,,,,,,,,,,,,,,,,,,,,,,,,,,,,,,,,,,,,,,,,,,,,,,,,,,,,,,,,,,,,,,,,,,,,,,,,,,,,,,,,,,,,,,,,,,,,,,,,,,,,,,,,,,,,,,,,,,,,,,,,,,,,,,,,,,,,,,,,,,,,,,,,,,,,,,,,,,,,,,,,,,,,,,,,,,,,,,,,,,,,,,,,,,,,,,,,,,,,,,,,,,,,,,,,,,,,,,,,,,,,,,,,,,,,,,,,,,,,,,,,,,,,,,,,,,,,,,,,,,,,,,,,,,,,,,,,,,,,,,,,,,,,,,,,,,,,,,,,,,,,,,,,,,,,,,,,,,,,,,,,,,,,,,,,,,,,,,,,,,,,,,,,,,,,,,,,,,,,,,,,,,,,,,,,,,,,,,,,,,,,,,,,,,,,,,,,,,,,,,,,,,,,,,,,,,,,,,,,,,,,,,,,,,,,,,,,,,,,,,,,,,,,,,,,,,,,,,,,,,,,,
R461,,,,,,,,,,,,,,,,,,,,,,,,,,,,,,,,,,,,,,,,,,,,,,,,,,,,,,,,,,,,,,,,,,,,,,,,,,*/bˈuːʎk/,,,,,,,,,,,,,,,,,,,,,,,,,,,,,,,,,,,,,,,,,,,,,,,,,,,,,,,,,,,,,,,,,,,,,,,,,,,,,,,,,,,,,,,,,,,,,,,,*/fˌaːʎkˈũo̯/,,,,,,,,,,,,,,,,,,,,,,*/fˈɛːʎka/,,,,,,,,,,,,,,,,,,,,,,,,,,,,,,,,,,,,,,,,,,,,,,,,,,,,,,,,,,,,,,,,,,,,,,,,,,,,,,,,,,,,,,,,,,,,,,,,,,,,,,,,,,,,,,,,,,,,,,,,,,,,,,,,,,,,,,,,,,,,,,,,,,,,,,,,,,,,,,,,,,,,,,,,,,,,,,,,,,,,,,,,,,,,,,,,,,,,,,,,,,,,,,,,,,,,,,,,,,,,,,,,,,,,,,,,,,,,,,,,,,,,,,,,,,,,,,,,,,,,,,,,,,,,,,*/kˌũːnˈuːʎka/,,,,,,,*/kˌuːrˈiːʎk/,,,,,,,,,,,,,,,,,,,,,,,,,,,,,,,,,,,,,,,,,,,,,,,,,,,,,,,,,,,,,,,,,,,,,,,,,,,,,,,,,,,,,,,,,,,,,,,,,,,,,,,,,,,,,,,,,,,,,,,,,,,,,,,,,,,,,,,,,,,,,,,,,,,,,,,,,,,,,,,,,,,,,,,,,,,,,,,,,,,,,,,,,,,*/mˌuʎkˈɔ̃ɲ/,,,,,,,,,,,,,,,,,,,,,,,,,,,,,,,,,,,,,,,,,,,,,,,,,,,,,,,,,,,,,,,,,,,,,,,*/pˈyːʎka/,,,,,,,,,,,,,,,,,,,,,,,,,,,,,,,,,,,,,,,,,,,,,,,,,,,,,,,,,,,,,,,,,,,,,,,,,,,,,,,,,,,,,,,,,,,,,,,*/rˈiːʎka/,,,,,,,,,,,,,,,,,,,,,,,,,,,,,,,,,,,,,,,,,,,,,,,,,,,,*/ʃˈɛːʎka/,,,,,,,,,,,,,,,,,,,,,,,,,,,,,,,,,,,,,,,,,,,,,,,,,,,,,,,,,,,,,,,,,,*/ʃkˈuːʎka/,,,,*/ʃˈuːʎk/,,,,,,,,,,,,,,,,,,,,,,,,,,,,,,,,,,,,,,,,,,,,,,,,,,,,,,,,,,,,,,,,,,,,,,,,,,,,,,,,,,,,,,,,,,,,,,,,,,,,,,,,,,,,,,,,,,,,,,,,,,,,,,,,,,,,,,,,,,,,,,,,,,,,,,,,,,,,,,,,,,,,,,,,,,,,,,,
R462,,,,,,,,,,,,,,,,,,,,,,,,,,,,,,,,,,,,,,,,,,,,,,,,,,,,,,,,,,,,,,,,,,,,,,,,,,,,,,,,,,,,,,,,,,,,,,,,,,,,,,,,,,,,,,,,,,,,,,,,,,,,,,,,,,,,,,,,,,,,,,,,,,,,,,,,,,,,,,,,,,,,,,,,,,,,,,,,,,,,,,,,,,,,,,,,,,,,,,,,,,,,,,,,,,,,,,,,,,,,,,,,,,,,,,,,,,,,,,,,,,,,,,,,,,,,,,,,,,,,,,,,,,,,,,,,,,,,,,,,,,,,,,,,,,,,,,,,,,,,,,,,,,,,,,,,,,,,,,,,,,,,,,,,,,,,,,,,,,,,,,,,,,,,,,,,,,,,,,,,,,,,,,,,,,,,,,,,,,,,,,,,,,,,,,,,,,,,,,,,,,,,,,,,,,,,,,,,,,,,,,,,,,,,,,,,,,,,,,,,,,,,,,,,,,,,,,,,,,,,,,,,,,,,,,,,,,,,,,,,,,,,,,,,,,,,,,,,,,,,,,,,,,,,,,,,,,,,,,,,,,,,,,,,,,,,,,,,,,,,,,,,,,,,,,,,,,,,,,,,,,,,,,,,,,,,,,,,,,,,,,,,,,,,,,,,,,,,,,,,,,,,,,,,,,,,,,,,,,,,,,,,,,,,,,,,,,,,,,,,,,,,,,,,,,,,,,,,,,,,,,,,,,,,,,,,,,,,,,,,,,,,,,,,,,,,,,,,,,,,,,,,,,,,,,,,,,,,,,,,,,,,,,,,,,,,,,,,,,,,,,,,,,,,,,,,,,,,,,,,,,,,,,,,,,,,,,,,,,,,,,,,,,,,,,,,,,,,,,,,,,,,,,,,,,,,,,,,,,,,,,,,,,,,,,,,,,,,,,,,,,,,,,,,,,,,,,,,,,,,,,,,,,,,,,,,,,,,,,,,,,,,,,,,,,,,,,,,,,,,,,,,,,,,,,,,,,,,,,,,,,,,,,,,,,,,,,,,,,,,*/ʃkˈuːlka/,,,,,,,,,,,,,,,,,,,,,,,,,,,,,,,,,,,,,,,,,,,,,,,,,,,,,,,,,,,,,,,,,,,,,,,,,,,,,,,,,,,,,,,,,,,,,,,,,,,,,,,,,,,,,,,,,,,,,,,,,,,,,,,,,,,,,,,,,,,,,,,,,,,,,,,,,,,,,,,,,,,,,,,,,,,,,,,,,,,
R463,,,,,,,,,,,,,,,,,,,,,,,,,,,,,,,,,,,,,,,,,,,,,,,,,,,,,,,,,,,,,,,,,,,,,,,,,,,,,,,,,,,,,,,,,,,,,,,,,,,,,,,,,,,,,,,,,,,,,,,*/kʎˈiːʃa/,,,,,,,,,,,,,,,,,,,,,,,,,,,,,,,,,,,,,,,,,,,,,,,,,,,,,,,,,,,,,,,,,,,,,,,,,,,,,,,,,,,,,,,,,,,,,,,,,,,,,,,,,,,,,,,,,,,,,,,,,,,,,,,,*/ɡʎˈɛ̃m/,,,,,,,,,,,,,,,,,,,,,,,,,,,,,,,,,,,,,,,,,,,,,,,,,,,,,,,,,,,,,,,,,,,,,,,,,,,,,,,,,,,,,,,,,,,,,,,,,,,,,,,,,,,,,,,,,,,,,,,,,,,,,,,,,,,,,,,,,,,,,,,,,,,,,,,,,,,,,,,,,,,,,,,,,*/kʎə̃mˈɔ̃ɲ/,,*/kʎˈaːɾta/,*/kʎˈaːɾ̃/,*/kʎˌyːtˈyːɾa/,*/kʎˌaːɾˈyːlˠa/,,,*/kʎə̃mˈɛ̃nd/,*/kʎə̃mːˈuːʃt/,,,,,,,,,,,,,,,,,,,,,,,,,,,,,,,,,,,,,,,,,,,,,,,,,,,,,,,,,,,,,,,,,,,,,,,,,,,,,,,,,,,,,,,,,,,,,,,,,,,,,,,,,,,,,,,,,,,,,,,,,,,,,,,,,,,,,,,,,,,,,,,,,,,,,,,,,,,,,,,,,,,,,,,,,,,,,,,,,,,,,,,,,,,,,,,,,,,,,,,,,,,,,,,,,,,,,,,,,,,,,,,,,,,,,,,,,,,,,,,,,,,,,,,,,,,,,,,,,,,,,,,,,,,,,,,,,,,,,,,,,,,,,,,,,,,,,,,,,,,,,,,,,,,,,,,,,,,,,,,,,,,,,,,,,,,,,,,,,,,,,,,,,,,,,,,,,,,,,,,,,,,,,,,,,,,,,,,,,,,,,,,,,,,,,,,,,,,,,,,,,,,,,,,,,,,,,,,,,,,,,,,,,,,,,,,,,,,,,,,,,,,,,,,,,,,,,,,,,,,,,,,,,,,,,,,,,,,,,,,,,,,,,,,,,,,,*/ʃˈɛkʎa/,,,,,,,,,,,,,,*/ʃkʎˈaː/,*/ʃkʎˈɛp/,,,,,,,,,,,,,,,,,,,,,,,,,,,,,,,,,,,,,,,,,,,,,,,,,,,,,,,,,,,,,,,,,,,,,,,,,,,,,,,,,,,,,,,,,,,,,,,,,,,,,,,,,,,,,,,,,,,,,,,,,,,,,,,,,,,,,,,,,,,,,,,,,,,,,,,,,,,,,,,,,,,,,,,,,,,,,,,,,,,,,,,,,,,
R464,,,,,,,,,,,,,,,,,,,,,,,,,,,,,,,,,,,,,,,,,,,,,,,,,*/ʃpˈaːɾəɡ/,,,,,,,,,,,,,,,,,,,,,,,,,,,,,,,,,*/dˈɛ̃məɾ̃/,,,,,,,,,,,,,,,,,,,,,,,,,,,,,,,,,,,,,,,*/ʃˈɛ̃məɾ̃a/,,,,,,,,,,,,,,,,,,,,,,,,,,,,,,,,,,,,,,,,,,,,*/fˌəʎˈɛ̃ɲ/,,,,,,,,,,,,,,,,,,,,*/fˈɛ̃məɾ̃a/,,,,,,,,,,,,,,,,,,,,,,,,,,,,,*/fɾˈaːʃəɾ̃/,,,,,,,,,,,,,,,,,,,,,,,,,,,,,,,,,,,,,,,,,,,,,,,,,,,,,,,,,,,,,,,,,,,,,,,,,,,,,,,,,,,,,,,,*/fəʃcˈɔ̃ɲ/,,,,,,,,,,,,*/kˈuðəɾ̃/,,,,,,,,,,,,,,,,,,,,,,,,,,,,,,*/kˈaːlˠəm/,,,,,,,,,,,,*/kˈʌ̃ɾ̃əp/,,,,,,,,,,,,,,,*/kəftˈĩna/,,,,,,,,,,,,,*/cˈɛːʃəɾ̃a/,*/kəʃtˈɛ̃ɲa/,,*/kəʃcˈɛlːa/,*/kəʃcˈɛlː/,,,,,,,,,,,,,,,,,,,,,,,,,,,,,,,,,,,,,,,,,,,,,,,,,,,,,,,,,,,,,,,,,,,,,,,,,,,,,,,,,,,,,,,,,,,,,,,,,,,,,,,,,,,,,,,,,,,,,,,,,,,,,,,,,,,,,,,,,,,,,,,,,,,,,,,,,,*/ləvdˈɔ̃ɲ/,,,,,,,,,,,,,,,,,,,,,,,,,,,,,,,,,,,,,,,,,,*/mˌəlˠˈɛt/,,,,,,,,,,,,,,,,,,,,,,,,,,,,,,,,,,,,,,,,,,,,,,,,,,,,,,,,,,,,,,,,,,*/mˈũnək/,,,,,,,,,,,,,,,,,,,,,,,,,,,,,,,,,,,,,,,,,,,,,,,,,,,,,,*/pˌəɡˈʌ̃ɾ̃a/,,,,,,,,,,,,,,,,,,,,,,,,,,,,,,,,,,*/pjˈɛpəɾ̃/,,,,,,,,,,,,,,,,,,,,,,,,,,,,,,,,,,,,,,,,,,,,,,,,,,,,,,,,,,,,,,,,,,,,,,,,,,,,,,,,,,,,,,,,,,,,,,,,,,,,,,,,*/rˈɛtəɾ̃a/,,*/rˈicəɾ̃/,,,,,,,,,,,,,,,,,,,,,,,*/ʃˌəɟˈɛta/,,,,,,,,,,,,,,,,,,,,,,,,,,,,,,,,,,,,,,,,,,,,,,,,,,,,,,,,,,,,,,,,,,,,,,,,,,,,,,,,,,,,,,,,,,,,,,,,,,,,,,,,,,,,,,,,*/ʃtˈuːrə/,,,,,,,,,,,,*/ʃˌuʃpˈiːrə/,,,,,,,,,,,,*/tˈiməɾ̃/,,,,,,,,,,,,,,,,,,,,*/tˈɔːrə/,,,,,,,,,,,,,,,,,,,,,,,,,,,,,,,,,,,*/tˈuːrə/,,,,,,,,*/vˌəɡˈɔ̃ɲ/,,,*/vˌəʎˈɛ̃ɲ/,,,,,,,,,,,,,,,,,,,,,,,,,,,,,*/vˈitəʎa/,,,,,,,,,,,,,,,,,,,,,
R465,,,,,,,,,,,,,,,,,,,,,,,,,,,,,,,,,,,,,,,,,,,,,,,,,,,,,,,,,,,,,,,,,,,,,,,,,,,,,,,,,,,,,,,,,,,,,,,,,,,,,,,,,,,,,,,,,,,,,,,,,,,,,,,,,,,,,,,,,,,,,,,,,,,,,,,,,,,,,,,,,,,,,,,,,,,,,,,,,,,,,,,,,,,,,,,,,,,,,,,,,,,,,,,,,,,,,,,,,,,,,,,,,,,,,,,,,,,,,,,,,,,,,,,,,,,,,,,,,,,,,,,,,,,,,,,,,,,,,,,,,,*/ə̃mbəɾˌɛtˈuo̯ɾ/,,*/ə̃mbəɾˌɛtuɾˈɛːʃa/,,,,,,,,,,,,,,,,,,,,,,,,,,,,,,,,,,,,,,,,,,,,,,,,,,,,,,,,,,,,,,,,,,,,,,,,,,,,,,,,,,,,,,,,,,,,,,,,,,,,,,,,,,,,,,,,,,,,,,,,,,,,,,,,,,,,,,,,,,,,,,,,,,,,,,,,,,,,,,,,,,,,,,,,,,,,,,,,,,,,,,,,,,,,,,,,,,,,,,,,,,,,,,,,,,,,,,,,,,,,,,,,,,,,,,,,,,,,,,,,,,,,,,,,,,,,,,,,,,,,,,,,,,,,,,,,,,,,,,,,,,,,,,,,,,,,,,,,,,,,,,,,,,,,,,,,,,,,,,,,,,,,,,,,,,,,,,,,,,,,,,,,,,,,,,,,,,,,*/məɾˌɛkəlˠˈɔ̃ɲ/,,,,,,,,,,,,,,,,,,,,,,,,,,,,,,,,,,,,,,,,,,,,,,,,,,,,,,,,,,,,,,,,,,,,,,,,,,,,,,,,,,,,,,,,,,,,,,,,,,,,,,,,,,,,,,,,,,,,,,,,,,,,,,,,,,,,,,,,,,,,,,,,,,,,,,,,,,,,,,,,,,,,,,,,,,,,,,,,,,,,,,,,,,,,,,,,,,,,,,,,,,,,,,,,,,,,,,,,,,,,,,,,,,,,,,,,,,,,,,,,,,,,,,,,,,,,,,,,,,,,,,,,,,,,,,,,,,,,,,,,,,,,,,,,,,,,,,,,,,,,,,,,,,,,,,,,,,,,,,,,,,,,,,,,,,,,,,,,,,,,,,,,,,,,,,,,,,,,,,,,,,,,,,,,,,,,,,,,,,,,,,,,,,,,,,,,,,,,,,,,,,,,,,,,,,,,,,,,,,,,,,,,,,,,,,,,,,,,,,,,,,,,,,,,,,,,,,,,,,,,,,,,,,,,,,,,,,,,,,,
R466,,,,,,,,,,,,,,,,,,,,,,,,,,,,,,,,,,,,,,,,,,,,,,,,,,,,,,,,,,,,,,,,,,,,,,,,,,,,,,,,,,,,,,,,,,,,,,,,,,,,,,,,,,,,,,,,,,,,,,,,,,,,,,,,,,,,,,,,,,,,,,,,,,,,,,,,,,,,,,,,,,,,,,,,,,,,,,,,,,,,,,,,,,,,,,,,,,,,,,,,,,,,,,,,,,,,,,,,,,,,,,,,,,,,,,,,,,,,,,,,,,,,,,,,,,,,,,,,,,,,,,,,,,,,,,,,,,,,,,,,,,,,,,,,,,,,,,,,,,,,,,,,,,*/ˌãːɾ̃ə̃mˈik/,,,,,,,,,,,,,,,,,,,,,,,,,,,,,,,,,,,,,,,,,,,,,,,,,,,,,,,,,,,,,,,,,,,,,,,*/kˌarjˈɔːz/,,,,,,,,,,,,,,,,,,,,,,,,,,,,,,,,,,,,,,,,,,,,,,,,,,,,,,,,,,,,,,,,,,,,,,,,,,,,,,,,,,,,,,,,,,,,,,,,,,,,,,,,,,,,,,,,,,,,,,,,,,,,,,,,,,,,,,,,,,,,,,,,,,,,,,,,,,,,,,,,,,,,,,,,,,,,,,,,,,,,,,,,,,,,,,,,,,,,,,,,,,,,,,,,,,,,,,,,,,,,,,,,,,,,,,,,,,,,,,,,,*/mˌaːtɾˈik/,,,,,,,,,,,,,,,,,,,,*/mˌãːɾʃtˈɔ̃ɲ/,,,,,,,,,,,,,,,,,,,,,,,,,,,,,,,,,,,,,,,,,,,,,,,,,,,,,,,,,,,,,,,,,,,,,,,,,,,,,,,,,,,,,,,,,,,,,,,,,,,,,,,,,,,,,,,,,,,,,,,,,,,,,,,,,,,,,,,,,,,,,,,,,,,,,,,,,,,,,,,,,,,,,,,,,,,,,,,,,,,,,,,,,,,,,,*/ɾˈaːʃa/,,,,,,,,,,,,,,,,,,,,,,,,,,,,,,,,,,,,,,,,,,,,,,,,,,,,,,,,,,,,,,,,,,,,,,,,,,,,,,,,,,,,,,,,,,,,,,,,,,,,,,,,,,,,,,,,,,,,,,,,,,,,,,,,,,,,,,,,,,,,,,,,,,,,,,,,,,,,,,,,,,,,,,,,,,,,,,,,,,,,,,,,,,,,,,,,,,,,,,,,,,,,,,,,,,,,,,,,,,,,,,,,,,,,,,,,,,,,,,,,,,,,,,,,,,,,,,,,,,,,,,,,,,,,,,,,,,,,,,,,,,,,,,,,,,,
R467,,,,,,,,,,,,,,,,,,,,,,,,,,,,,,,,,,,,,,,,,,,,,,,,,,,,,,,,,,,,,,,,,,,,,,,,,,,,,,,,,,,,,,,,,,,,,,,,,,,,,,,,,,,,,,,,,,,,,,,,,,,,,,,,,,,,,,,,,,,,,,,,,,,,,,,,,,,,,,,,,,,,,,,,,,,,,,,,,,,,,,,,,,,,,,,,,,,,,,,,,,,,,,,,,,,,,,,,,,,,,,,,,,,,,,,,,,,,,,,,,,,,,,,,,,,,,,,,,,,,,,,,,,,,,,,,,,,,,,,,,,,,,,,,,,,,,,,,,,,,,,,,,,,,,,,,,,,,,,,,,,,,,,,,,,,,,,,,,,,,,,,,,,,,,,,,,,,,,,,,,,,,,,,,,,,,,,,,,,,,,,,,,,,,,,,,,,,,,,,,,,,,,,,,,,,,,,,,,,,,,,,,,,,,,,,,,,,,,,,,,,,,,,,,,,,,,,,,,,,,,,,,,,,,,,,,,,,,,,,,,,,,,,,,,,,,,,,,,,,,,,,,,,,,,,,,,,,,,,,,,,,,,,,,,,,,,,,,,,,,,,,,,,,,,,,,,,,,,,,,,,,,,,,,,,,,,,,,,,,,,,,,,,,,,,,,,,,,,,,,,,,,,,,,,,,,,,,,,,,,,,,,,,,,,,,,,,,,,,,,,,,,,,,,,,,,,,,,,,,,,,,,,,,,,,,,,,,,,,,,,,,,,,,,,,,,,,,,,,,,,,,,,,,,,,,,,,,,,,,,,,,,,,,,,,,,,,,,,,,,,,,,,,,,,,,,,,,,,,,,,,,,,,,,,,,,,,,,,,,,,,,,,,,,,,,,,,,,,,,,,,,,,,,,,,,,,,,,,,,,,,,,,,,,,,,,,,,,,,,,,,,,,,,,,,,,,,,,,,,,,,,,,,,,,,,,,,,,,,,,,,,,,,,,,,,,,,,,,,,,,,,,,,,,,,,,,,,,,*/ʃˈɛkʎɛ/,,,,,,,,,,,,,,,,,,,,,,,,,,,,,,,,,,,,,,,,,,,,,,,,,,,,,,,,,,,,,,,,,,,,,,,,,,,,,,,,,,,,,,,,,,,,,,,,,,,,,,,,,,,,,,,,,,,,,,,,,,,,,,,,,,,,,,,,,,,,,,,,,,,,,,,,,,,,,,,,,,,,,,,,,,,,,,,,,,,,,,,,,,,,,,,,,,,,,,,,,,
R468,,,*/bˈɛ̃ɲːə/,,*/vlˈɔ̃ɾ̃ə/,,,,,,,*/jˈɛtə/,*/jˈɛvə/,,,,*/ˌuʃˈũɲə/,,,,,,,,,,*/ˈɛ̃mtə/,*/mˈuːɾɡə/,,,*/ɲˈiːlːə/,,,,*/nˈuːlːə/,,,,*/ɾˈʌ̃ɾ̃ə/,,*/ˈaːɾmə/,,*/əɾmˈatə/,,,,*/ˈaːɾkə/,,,,,,,,,,,*/bˈaɲə/,,*/bˈaːɾkə/,,*/bˌatˈaːʎə/,*/bˌatˈaːʎə/,,*/bˈiːʃə/,,*/bˈɔːlˠə/,,*/bɾˈɔkə/,*/bɾˈɛːʃkə/,*/bɾˈɛːʃkə/,*/bɾˈỹmə/,,,,,*/bˈuːlːə/,*/bˈukə/,,,,,,,,,,*/dˌɛːtˈyːɾə/,,,,,,,*/dəʃˈiːɾə/,,*/zˈʌ̃ɾ̃ə/,,*/dˈɛ̃ɲə/,,,,,,*/dˈiːʃkə/,,,,,,,,,,,,,,*/kʎˈiːʃə/,,*/ʃˈɛ̃məɾ̃ə/,,,,,,,,,,,,,,,,,,,,,,,,,,,,,,,,,,,,,*/rˈyːlˠə/,*/ˈɛːʃkə/,,,*/fˈaːɾkə/,,,,,,,*/fl̩cˈĩɲə/,,,*/fˌajtˈyːɾə/,*/fˈamə/,*/fˌʌ̃mˈiːʎə/,,,,*/fərˈatə/,,*/fˈaːʃcə/,*/fəʎˈɔːlˠə/,,*/fˈɛːlːə/,,*/fˈɛ̃məɾ̃ə/,,*/fɾˈuːʃkə/,,,,,*/fˈɛːʎkə/,,,,,,,,,*/flˈamːə/,*/flˈaːʃkə/,,,,*/fˌɔjlˈɛtə/,*/fˌuɾmˈɛːlːə/,,,,*/fˌuɾtˈũnə/,*/fˈuːʃə/,,,,,*/fɾˈɛ̃ɾ̃ə/,,,,,,,,,,*/fˈuːɾkə/,,*/fˈuːʒɲə/,,,,,,*/ɡəlːˈaːsə/,,*/ɡˈatə/,,,,,,,,,,,,*/ɡɾə̃mːəɾˈatə/,,,,,,*/ɡɾˈiːlːə/,,,*/ɡɾˈiːfʃə/,*/ɡˈuːlˠə/,*/ɡˈũmːə/,*/ɡˈũnːə/,*/ɡˈutə/,,*/ʃtˈiːʎə/,,*/vərˈiːzə/,,,,*/hˈɛːɾə/,,,,,*/kˈɔ̃ɾ̃ə/,*/ˈiːʎə/,,,,*/ə̃mbɾ̩tˈɛːʃə/,*/pɾ̩ndˈɛːʃə/,,,*/ə̃mbəɾˌɛtuɾˈɛːʃə/,,,,,,*/nˈaːltə/,,,,,,,,,,,,,,,*/ə̃ŋɡɾˈatə/,,,,,,,,,,,,,,,*/ʃˈɛ̃ɲə/,,,,,,*/mərˈaːʎə/,,,,,,,*/ˈiːɾə/,,*/ɟˌyːɡˈatə/,,*/ɟˌỹːndˈyːɾə/,,,*/ɟˌuːvˈɛ̃ŋɡə/,*/cˈɛkə/,,,,*/kəlˠˈandə/,,,,,*/kˈʌ̃mbə/,,*/cˈɛ̃məɾə/,*/kˌʌ̃mbˈʌ̃ɾ̃ə/,*/kˌʌ̃mbˈɔ̃ɾ̃ə/,*/kə̃mˈiːʃə/,,*/kə̃ndˈɛːlˠə/,,*/kˈanːə/,*/kə̃nːˈatə/,,,,*/kˈʌ̃ŋɡə/,,*/kˌapˈɛːlːə/,,*/kˌafʃˈatə/,,,*/kəftˈĩnə/,,,,,,,,*/kˈaːrə/,,,*/kɾ̩ʃˈʌ̃ɾ̃ə/,*/kˈaːɾtə/,*/cˈɛːʃəɾ̃ə/,*/kəʃtˈɛ̃ɲə/,,*/kəʃcˈɛlːə/,,*/kˈaːfkə/,*/kˈaːfʃə/,*/cˈɛːlːə/,,,,*/cˈɛpə/,*/cˌɛpˈuːlːə/,,,,,,,,*/ə̃ŋɡˈaːlˠə/,,,*/cˈĩmkə/,*/cˌĩːmˈuːʃə/,,,*/kɾ̩cˈɛːlːə/,,,,,,,*/kʎˈaːɾtə/,,*/kʎˌyːtˈyːɾə/,*/kʎˌaːɾˈyːlˠə/,*/kəʃˈyːɾə/,*/kl̩ʃˈyːɾə/,,,,,,,,,,,,,,,*/kˌulˠũmːˈɛːsə/,*/kˈũŋɡə/,*/kˈɔkə/,,,*/kˈɔːfʃə/,,*/kˈɔ̃mə/,,,,,,,,,,,,,,,,,*/kˌũːnˈuːʎkə/,,,*/kˌuːɾtˈyːɾə/,,*/kˈɔːɾðə/,,,*/kˌɔːrˈutə/,*/kˌuːɾˈɔ̃ɾ̃ə/,,,*/kˌuːɾtˈĩnə/,,,,,,,,,*/kɾˌiːjˈɛːsə/,*/kɾˌiːjətˈyːɾə/,,,,*/kɾˈɛːʃpə/,*/kɾˈɛːʃtə/,*/kɾ̩ʃtˈɛ̃ɾ̃ə/,,,,,,*/kɾˈutə/,,*/kˈuːɾtə/,,*/kˌuːkˈuːtə/,,,,,,,,,*/kˈupə/,,,*/kɾˈiɡə/,,,,*/kˈaːɾtə/,*/kˈɔːɾtə/,,,,,,*/cˈĩmə/,,,*/lˌaːɾˈuːʃkə/,,*/lˈaːfʃə/,,,,*/lə̃ɲɟˈyːɾə/,,,,,,,,,*/lˌatˈyːɾə/,,,,,,,,,,,,,,*/lˌiɡətˈyːɾə/,,,*/lˈĩmə/,,,*/lˈĩɲə/,*/lˌɛpətˈyːɾə/,,*/lˈɛtəɾə/,,*/lˌucˈɛːrə/,,*/lˈuːftə/,,,,,,,,,,,,,,*/mˌaːlːsˈɔːlˠə/,*/mə̃ɲˈɔːlˠə/,,,,,,,*/mˈʌ̃ŋɡə/,,,*/mˈʌ̃ɲə/,,*/mˈʌ̃ŋɡə/,,,,,,,,,,*/mɾ̩tˈɛːsə/,,,,,,,,,,*/mˈaːʃə/,,,,,,,,,,,*/məʃˈɛːɾə/,*/mˈɛ̃ndə/,,,,,,*/mɾ̩kˈuːɾə/,*/məlˠˈɛ̃ɲə/,,,*/mˈiːʎə/,,,,,*/mˈɛːʃə/,,*/məʃˈiːɾə/,,,,,,,,*/mˌuɾtˈaːʎə/,,,*/mˈuːlˠə/,,,,,,*/mˌuʃkˈɔ̃ɲə/,,,,*/mɾ̩cˈĩɲə/,*/mˈɛːrə/,*/nˈapə/,*/nˌaːtˈyːɾə/,,*/nˈĩnːə/,,,,,,,,*/ɲˈɛɾkə/,,,*/nˈuːsə/,*/blˈatə/,*/fˈɛːlːə/,,,,,*/wˈɛpəɾə/,,,,*/ˌuɾðə̃ɾ̃ˈatə/,,,,,,*/wˈɛe̯sə/,,,,,*/pˌɛ̃ndˈɛːsə/,*/pˌəɡˈʌ̃ɾ̃ə/,*/pˌaɡətˈyːɾə/,,*/pˈaːlˠə/,*/pˈaːʎə/,,,,,,,*/pəɾˈaːlˠə/,,,,,,,,*/pˈaːʃkə/,,,,*/pˈyːʎkə/,,,,,*/pjˈɛːkə/,*/pˈɛ̃ŋɡə/,*/ə̃mbjˈɛːkə/,,*/pˈɛːʃə/,,,,,*/pəɾhˈɛːɾə/,,,,,,,*/pjˈɛʃkə/,,,*/pˈɛːsə/,,,*/pˈitə/,*/pˈiːlˠə/,*/pˈiːlˠə/,*/pˈiːlˠə/,,*/pˈɛ̃nːə/,*/pˈipə/,,,*/bˌiːʃtˈaːʎə/,,*/pˈɛtə/,,,*/plˈaɡə/,,,,*/pˈaːlɲə/,,,,,*/pˌulˠˈʌ̃ndə/,,,*/pˈɛ̃mːə/,,,,,,,*/pˈɔːɾtə/,,,,,,,,*/pɾˈɛðə/,,,,*/pɾə̃məvˈɛːɾə/,,,,,,,,*/pˈukə/,,*/pˈuːlːə/,,*/pˈuːlpə/,,*/pˈũŋɡə/,*/pˈũɲtə/,*/pˈupə/,,*/pˌutˈʌ̃ɾ̃ə/,,,*/rˈɛːzə/,*/rˈiːkə/,*/rˈiːʎkə/,,*/rˈapə/,,,,*/ɾˈaːʃə/,,,*/rˈɛːvə/,,,,,,,*/rəʃˈĩnə/,,,,*/rˈɛtəɾ̃ə/,,,,*/rˈipə/,,*/rˈɔkə/,,,,,*/rəʃˈaːʎə/,*/rˌɔʃpˈɔ̃ɲə/,*/rˈɔtə/,,*/rˌɔtˈũndə/,,,,*/rˈuɡə/,,,*/rˈytə/,,,*/ʃˌəɟˈɛtə/,,,,,,,*/ʃˈɛːʎkə/,,,*/ʃəlˠˈĩnə/,,,*/ʃˌɛːlbˈaːsə/,*/ʃɾ̩bˈɛːlːə/,,,,*/ʃˌʌ̃ɲɟˈatə/,*/ʃˌũʃˈũɲə/,,,,,,,,,*/ʃˌʌ̃ŋːɡˈɔːlˠə/,,,*/ʃˈaːɾkə/,,,*/ʃətˈũndə/,,,*/ʃˈaːlːə/,*/ʃˈiːsə/,,*/ʃˈaːrə/,,,,,*/ʃɾ̩bətˈyːɾə/,,,,,,,,*/ʃə̃mb?0tˈyːɾə/,,,*/ʃˈitə/,,*/ʃkˈaːlˠə/,,,,*/ʃcˈɛ̃nd͡zə/,*/ʃcˌə̃ndˈiːʎə/,,,,*/ʃkˈɔːlˠə/,*/ʃcˈɔpə/,,*/zɟˈyːɾə/,*/ʃkˈɔːɾsə/,,*/ʃkˈuːlkə/,*/ʃkˈũmə/,,,,*/ʃˈɔkə/,,,*/ʃˈɔːlˠə/,,,*/ʃˈɔːɾbə/,,*/ʃˌuɾtˈikə/,,*/ʃpˈatə/,,*/ʃpəɾˈɛːsə/,,*/ʃpˈĩnːə/,,,*/ʃpɾə̃ɾ̃ˈɛtkə/,*/ʃpˈuːzə/,*/ʃpˈɔːɾtə/,*/ʃtˈaːlˠə/,,,,,,,,,*/ʃtɾˈiɡə/,,,*/ʃtˈupə/,,,*/ʃˈiːʎə/,,*/ʃˌulˠˈatə/,*/ʃˌũmbəɾˈitkə/,,,,*/ʃˈujtə/,,*/ʃˈũmːə/,,,,*/ʃˌiːɾˈĩŋɡə/,*/tˌabˈɛːlːə/,,,*/tˈaːʎə/,*/tˈaːʎə/,*/tˈapə/,*/tˌavˈɛːrə/,,,,,,,*/tˈɛ̃ndə/,*/təɾˈye̯lːə/,*/təɾˈye̯lːə/,,,*/tˈɛːʃə/,,,,*/tˈĩnə/,*/tˈɛ̃ɲə/,*/tˈĩŋɡə/,,,,,,*/tˈɔːɾtə/,*/tɾˈye̯zə/,,,,,*/tɾˈajtə/,,,,,*/tɾ̩fˈɔːʎə/,,,*/tɾə̃məʃˈʌ̃ɾ̃ə/,*/tɾˈĩnə/,,,*/tɾˈɔːftə/,*/tɾˈũmbə/,,,,*/tˈuːlˠə/,*/tˈuːfə/,*/tˈũmbə/,,,*/tˈuːɾbə/,,,,*/tˈuːɾmə/,,,,*/θˈikə/,,*/ˌỹndˈyːɾə/,*/pˈupə/,,,,,,,,,*/vlˈɛːɾə/,*/vˈapə/,*/vlˈɛːsə/,,*/və̃ɾ̃ˈɛ̃ɾ̃ə/,,,,*/vˈɛːɾə/,,,*/vjˈɛɾʃə/,,,,*/fʃˈikə/,*/məʃˈikə/,,,,*/vˈijə/,,,,,,*/vˈitəʎə/,*/vˈiːlːə/,,,,,*/vˈɛːɾðə/,,,,,,,*/ftˈuːʎə/,,*/vˌɛːtˈuːlˠə/,,*/vˈɔːlˠə/,,,,*/vˌuɾəɾˈatə/
~Proto-Tosk-SGheg,null*/hˌavərˈɔ̃ɲ/,null*/bˈɛ̃ŋɡ/,null*/bˈɛ̃ɲːə/,null*/blˈɛɲ/,null*/vlˈɔ̃ɾ̃ə/,null*/vlˌɔ̃ɲˈat/,null*/ˌaðˌuɾˈɔ̃ɲ/,null*/ˌaðəɾˈɔ̃ɲ/,null*/ˈajɾ̩/,null*/rˈɛ̃m/,null*/ʃmˈɔ̃ɲ/,null*/jˈɛtə/,null*/jˈɛvə/,null*/cˈĩɲɟ/,null*/cˈiːft/,null*/cˈiːftɾ̩/,null*/ˌuʃˈũɲə/,null*/ˈaːɾbəɾ̃/,null*/əɾbə̃ɾ̃ˈɛːʃ/,null*/ˈaːʎ/,null*/ˌaɾəɡˈɔːɾˈiː/,null*/əltˈɛːɾ/,null*/ə̃mpː̬ətˈĩː/,null*/ə̃mbulˠˈɔ̃ɲ/,null*/mˈɛ̃ndulˠ/,null*/mˈik/,null*/ˈɛ̃mtə/,null*/mˈuːɾɡə/,null*/ˈʌ̃ɲɟ?0/,null*/ˈɛ̃ɲɟ?0/,null*/ɲˈiːlːə/,null*/ə̃ŋɡˈuːʃt/,null*/ə̃ŋɡuːʃtˈɔ̃ɲ/,null*/ə̃ndˈɔ̃ɲ/,null*/nˈuːlːə/,null*/pˌaɾə̃mˈɛ̃nd/,null*/pɾˈiːl/,null*/ˈaːft/,null*/ɾˈʌ̃ɾ̃ə/,null*/əɾɟˈɛ̃nd/,null*/ˈaːɾmə/,null*/əɾmˈɔ̃ɲ/,null*/əɾmˈatə/,null*/hˌaɾməʃˈuo̯ɾ/,null*/ˌarˈĩːɲ/,null*/ˈaːɾk/,null*/ˈaːɾkə/,null*/ˈaːʃkl̩ː/,null*/ʃpˈaːɾəɡ/,null*/ˈaːʃpɾ̩/,null*/vˈɛ̃nd/,null*/ˌavlə̃mˈɛ̃nd/,null*/ɡˈuːʃt/,null*/rˈye̯lˠ/,null*/ˈaːɾ/,null*/ˈũŋɡl̩ː/,null*/bˈaːlʃm̩/,null*/bˈaɲə/,null*/bˌaɾˈatɾ̩/,null*/bˈaːɾkə/,null*/bˌaɾˈũo̯/,null*/bˌatˈaːʎə/,null*/bˌatˈaːʎə/,null*/bˌɛ̃nkˈɔ̃ɲ/,null*/bˈiːʃə/,null*/bˌĩːɲˈaːɾ/,null*/bˈɔːlˠə/,null*/bɾˈɛc/,null*/bɾˈɔkə/,null*/bɾˈɛːʃkə/,null*/bɾˈɛːʃkə/,null*/bɾˈỹmə/,null*/bˌult͡ʃˈɛːʃ/,null*/bˈuːʎk/,null*/bˈuːlc/,null*/bˈuːf/,null*/bˈuːlːə/,null*/bˈukə/,null*/bˈuːʃ/,null*/bˈuːɾɡ/,null*/bˈut/,null*/dˈɛ̃məɾ̃/,null*/dˌʌ̃nːˈɔ̃ɲ/,null*/dˈʌ̃m/,null*/dˌɛːtˈɔ̃ɲ/,null*/dˌɛːtˈuo̯ɾ/,null*/dˌɛːtˈɔːɾəs/,null*/dˌɛːtˈyːɾə/,null*/dəlˌiːɾˈɔ̃ɲ/,null*/dəkˌatˈɔ̃ɲ/,null*/dəpɾ̩tˈɔ̃ɲ/,null*/dəʃtˈɔ̃ɲ/,null*/dɾ̩mˈɔ̃ɲ/,null*/dəʃˌiːɾˈɔ̃ɲ/,null*/dəʃˈiːɾə/,null*/djˈaːlˠ/,null*/zˈʌ̃ɾ̃ə/,null*/dəftˈɔ̃ɲ/,null*/dˈɛ̃ɲə/,null*/dɾ̩ɡˈɔ̃ɲ/,null*/dəɾˈɛjt/,null*/də/,null*/ʃkˌalːəkˈɔ̃ɲ/,null*/ʃkˌaɾkˈɔ̃ɲ/,null*/dˈiːʃkə/,null*/ʃcˌyːɾtˈɔ̃ɲ/,null*/zbˌulːˈɔ̃ɲ/,null*/mˌuːʃtəkˈɔ̃ɲ/,null*/dˌulˠˈye̯/,null*/ðˌuɾˈɔ̃ɲ/,null*/dɾˈɛc/,null*/dɾə̃ŋɡˈũo̯/,null*/dɾˈĩː/,null*/dɾˈiːʃt/,null*/dˈuc/,null*/dˌulpəkˈɔ̃ɲ/,null*/dˌuɾˈɔ̃ɲ/,null*/hˌɛːtˈɔ̃ɲ/,null*/kʎˈiːʃə/,null*/kə/,null*/ʃˈɛ̃məɾ̃ə/,null*/ʃˌʌ̃mtˈɔ̃ɲ/,null*/ʃˌʌ̃mːˈɔ̃ɲ/,null*/ʃˈɛ̃mbulˠ/,null*/ʃndəɾˈɔ̃ɲ/,null*/ʃˈɛ̃ɲ/,null*/ʃkˌalːəkˈɔ̃ɲ/,null*/ʃkˌalˠˈɔ̃ɲ/,null*/ʃkˌʌ̃mbˈɛ̃ɲ/,null*/ʃkˌʌ̃ndˈɛ̃ɲ/,null*/ʃkˌaɾzˈɛ̃ɲ/,null*/ʃkˌaɾtˈɔ̃ɲ/,null*/ʃkˌatərˈɔ̃ɲ/,null*/ʃkˌaːɡˈɔ̃ɲ/,null*/ʃcˈip/,null*/ʃkˈuːlˠ/,null*/ʃkˌuːɾtˈɔ̃ɲ/,null*/ʃkˈuːɾt/,null*/zmˈɔjlɛ/,null*/ʃˈuːʃ/,null*/ʃpətˈɔ̃ɲ/,null*/ʃpˈɛjt/,null*/ʃpəlːˈãːɲ/,null*/ʃpɾ̩lˈãːɲ/,null*/hˌɛɾə̃mˈɔ̃ɲ/,null*/ʃtə̃ɾ̃ˈɔ̃ɲ/,null*/ʃtɾˈyð/,null*/ʃˌũŋɡulˠˈɔ̃ɲ/,null*/zɟəlˠˈɔ̃ɲ/,null*/lˈiɟɛ/,null*/pˌɛːʃkˈɔp/,null*/pˈɛːʃkəp/,null*/ˌupˈɛːʃp/,null*/pəʃkəpˈiː/,null*/rəɡˈɔ̃ɲ/,null*/rə̃mˈit/,null*/ˈiːɾic/,null*/rˈyːlˠə/,null*/ˈɛːʃkə/,null*/ũɲɟˈiːlˠ/,null*/ˈyːe̯j̃ɲ/,null*/fˈaːɾkə/,null*/fˌaːɾkˈɔ̃ɲ/,null*/fˈaɡ/,null*/fˌəʎˈɛ̃ɲ/,null*/fəlːˈɛ̃ɲ/,null*/fˈaːʎ/,null*/fˈỹːe̯ɲ/,null*/fl̩cˈĩɲə/,null*/fˌaːʎkˈũo̯/,null*/fˈacɛ/,null*/fˌajtˈyːɾə/,null*/fˈamə/,null*/fˌʌ̃mˈiːʎə/,null*/fˈamulˠ/,null*/fˈʌ̃ŋɡ/,null*/fərˈɔ̃ɲ/,null*/fərˈatə/,null*/fˈaːɾmək/,null*/fˈaːʃcə/,null*/fəʎˈɔːlˠə/,null*/fˈat/,null*/fˈɛːlːə/,null*/fˌɛːɾˈuo̯ɾ/,null*/fˈɛ̃məɾ̃ə/,null*/fə̃ɲˈɛʃtɾ̩/,null*/fɾˈuːʃkə/,null{ABSENT},null*/fjˈɔ̃ɲ/,null*/fˈik/,null*/fəʎˈanː/,null*/fˈɛːʎkə/,null*/fəʎˈɛːʃtɾ̩/,null*/fˌulːəcˈɛt/,null*/fˈiːlˠ/,null*/fəlˈĩː/,null*/fʃˈikulˠ/,null*/fˌiːʃtəlˠˈɔ̃ɲ/,null*/flˈakulˠ/,null*/flˈakulˠ/,null*/flˈamːə/,null*/flˈaːʃkə/,null*/flˈɔk/,null*/flˌɔɾˈĩː/,null*/flˌutulˠˈɔ̃ɲ/,null*/fˌɔjlˈɛtə/,null*/fˌuɾmˈɛːlːə/,null*/fˈuːric/,null*/fˌuricˈiː/,null*/fˈɔːɾt/,null*/fˌuɾtˈũnə/,null*/fˈuːʃə/,null*/fʃˈat/,null*/fɾˈaːʃəɾ̃/,null*/fɾˈʌ̃ŋɡ/,null*/fɾˌʌ̃ɲɟˈiː/,null*/fɾˈɛ̃ɾ̃ə/,null*/fɾˈɛ̃ː/,null*/fɾ̩ɡˈɔ̃ɲ/,null*/fɾ̩ɡəlˠˈɔ̃ɲ/,null*/fɾ̩kˈɔ̃ɲ/,null*/flˠˌɛtˈɛːɾɛ/,null*/fɾˈyt/,null*/fˌult͡ʃˈiː/,null*/fˌɔ̃nːˈɛːɾ/,null*/fˈũnd/,null*/fˈuːɾkə/,null*/fˈuːr/,null*/fˈuːʒɲə/,null*/fˌuʒɲˈaːɾ/,null*/fˈuːʃtulˠ/,null*/fˈut/,null*/ɟˈɛːlbəɾ̃/,null*/ɡˈaːɾɡulˠ/,null*/ɡəlːˈaːsə/,null*/ɟˈɛːlː/,null*/ɡˈatə/,null*/ɡˈat/,null*/ɡˈaːz/,null*/ɡˌaːzmˈɛ̃nd/,null*/ɟə̃mˈɔ̃ɲ/,null*/ɟə̃ɾ̃ˈiː/,null*/ɟˈɛʃtɾ̩/,null*/ɟˈĩnd/,null*/ɟˈɛːɾɟ/,null{ABSENT},null*/ɡʎˈɛ̃m/,null*/lˈiːɾ/,null*/ɡɾə̃mːəɾˈatə/,null*/ɡɾˈɛk/,null{ABSENT},null*/ɡɾˈat/,null*/ɡɾˈiɟ/,null*/ɡɾˈĩm/,null*/ɡɾˈiːlːə/,null*/ɡɾˌũmbulˠˈɔ̃ɲ/,null*/ɡɾˈũmulˠ/,null*/ɡɾˈiːfʃə/,null*/ɡˈuːlˠə/,null*/ɡˈũmːə/,null*/ɡˈũnːə/,null*/ɡˈutə/,null*/ɟˈiːɾ/,null*/ʃtˈiːʎə/,null*/vərˈĩː/,null*/vərˈiːzə/,null*/hˈĩŋɡl̩ː/,null*/ŋɡulˠˈɔ̃ɲ/,null*/əɾənd͡zˈɔ̃ɲ/,null*/hˈɛːɾə/,null*/ˌurˈɛ̃ɲ/,null*/ɟˈũo̯nː/,null*/jˌãːnːˈɛːɾ/,null*/ɟə̃ɾ̃ˈɔ̃ɲ/,null*/kˈɔ̃ɾ̃ə/,null*/ˈiːʎə/,null*/ˈiːlc/,null*/ˈiːlcˈɛt/,null*/ə̃mbəɾˈɔ̃ɲ/,null*/ə̃mbɾ̩tˈɛːʃə/,null*/pɾ̩ndˈɛːʃə/,null*/ə̃mbəɾˌɛtˈuo̯ɾ/,null*/pɾ̩ndˈuo̯ɾ/,null*/ə̃mbəɾˌɛtuɾˈɛːʃə/,null*/ə̃mbəɾˈɛt/,null*/ə̃mbəɾˈɛtɾ̩/,null*/ə̃mblə̃ndˈɔ̃ɲ/,null*/ə̃mblˈɔ̃ɲ/,null*/ə̃mːˈũː/,null*/nˈaːltə/,null*/nˌalsˈɔ̃ɲ/,null*/nˈaːlt/,null*/nˌaːɾtˈɔ̃ɲ/,null*/ə̃mbˌurˈʌ̃/,null*/ə̃ndəʃkˈɔ̃ɲ/,null*/ˌʌ̃ndˌiːkˈɔ̃ɲ/,null*/ə̃ndəkˈɔ̃ɲ/,null*/ə̃ndəftˈɔ̃ɲ/,null*/ə̃ndɾ̩tˈɔ̃ɲ/,null*/ə̃ndəɾˈɛc/,null*/ə̃ndəʎˈɛ̃ɲ/,null*/fəʃcˈɔ̃ɲ/,null*/fˈɛːr/,null*/ə̃ŋɡə̃ɲˈɛ̃ɲ/,null*/ə̃ŋɡɾˈatə/,null*/ˌãːɾ̃ə̃mˈik/,null*/ə̃ŋɡˌalːəkˈɔ̃ɲ/,null*/ə̃ŋɡˌaɾkˈɔ̃ɲ/,null*/ə̃ŋɡˌaːʃə̃ɾ̃ˈɛ̃ɲ/,null*/ə̃ɲɟəɾˈɔ̃ɲ/,null*/ə̃ŋɡˌuːʃəlˠˈɔ̃ɲ/,null*/ə̃ŋɡˈɔːɾð/,null*/kˈuð/,null*/kˈuðəɾ̃/,null*/ə̃ŋɡˌũːɲˈɔ̃ɲ/,null*/nːˈɔk/,null*/nˈɔːfulˠ/,null*/ə̃mbəkˈat/,null*/ə̃mbəʃˈɔ̃ɲ/,null*/ʃˈɛ̃ɲə/,null*/ˈiːʃulˠ/,null*/ə̃ndl̩ːɡˈɔ̃ɲ/,null*/ə̃ndɾ̩ɡˈɔ̃ɲ/,null*/ə̃ndɾ̩/,null*/ə̃ɲɟˈỹe̯ɲ/,null*/mərˈaːʎə/,null*/vˈɛːr/,null*/məzˈɔ̃ɲ/,null*/ftˈɔ̃ɲ/,null*/məsˈɔ̃ɲ/,null*/ɟˈɔːnː/,null*/jˈɔk/,null*/ˈiːɾə/,null*/ɟˌyːkˈɔ̃ɲ/,null*/ɟˌyːɡˈatə/,null*/ɟˈyːc/,null*/ɟˌỹːndˈyːɾə/,null*/ɟˈỹnd/,null*/ɟəɾˈɔ̃ɲ/,null*/ɟˌuːvˈɛ̃ŋɡə/,null*/cˈɛkə/,null*/cˈie̯lˠ/,null*/kˌalˠə̃mˈɛt/,null*/kˈaːlˠəm/,null*/kəlˠˈandə/,null*/kˌalˠə̃ndˈuo̯ɾ/,null*/cˈɛːlc/,null*/kl̩cˈɛːɾɛ/,null*/cˈɛːlː/,null*/kˈʌ̃mbə/,null*/kˌʌ̃mbˈɛ̃ɲ/,null*/cˈɛ̃məɾə/,null*/kˌʌ̃mbˈʌ̃ɾ̃ə/,null*/kˌʌ̃mbˈɔ̃ɾ̃ə/,null*/kə̃mˈiːʃə/,null*/kˈʌ̃ɾ̃əp/,null*/kə̃ndˈɛːlˠə/,null*/cˈɛ̃ːnː/,null*/kˈanːə/,null*/kə̃nːˈatə/,null*/kə̃nːˈɛt/,null*/kə̃ndˈɔ̃ɲ/,null*/kˈandɾ̩/,null*/kˈʌ̃ŋɡə/,null*/kˌʌ̃ɲɟˈɛːlː/,null*/kˌapˈɛːlːə/,null*/kˌapɾˈuo̯lˠ/,null*/kˌafʃˈatə/,null*/kˌafʃˈɔ̃ɲ/,null*/kˌapɾˈɛːʃt/,null*/kəftˈĩnə/,null*/kˌapˈũo̯/,null*/cˈɛpɾ̩/,null*/kˈaːft/,null*/cˈɛːrɛ/,null*/kɾ̩pˈuːs/,null*/kˌarjˈɔːz/,null*/cɾ̩ɲːˈɔ̃ɲ/,null*/kˈaːrə/,null*/cˈɛːr/,null*/kˌarˌiːkəlˠˈɔ̃ɲ/,null*/kɾ̩ʃˈʌ̃ɾ̃ə/,null*/kˈaːɾtə/,null*/cˈɛːʃəɾ̃ə/,null*/kəʃtˈɛ̃ɲə/,null*/kˌaʃɲˈɛt/,null*/kəʃcˈɛlːə/,null*/kəʃcˈɛlː/,null*/kˈaːfkə/,null*/kˈaːfʃə/,null*/cˈɛːlːə/,null*/cˈĩnd/,null*/cˈɛ̃ndɾ̩/,null*/cˌɛ̃ndɾˈɔ̃ɲ/,null*/cˈɛpə/,null*/cˌɛpˈuːlːə/,null*/cˌɛɾəʃˈuo̯ɾ/,null*/kəɾˈɛlː/,null*/kəɾˈye̯/,null*/cˈaːr/,null*/kɾ̩ʃˈɛdɾ̩/,null*/cɾ̩tˈɔ̃ɲ/,null*/cˈɔ̃ɲ/,null*/ə̃ŋɡˈaːlˠə/,null*/cˈicɾ̩/,null*/kˈɔːɾɛ/,null*/cˈĩmkə/,null*/cˌĩːmˈuːʃə/,null*/cˈĩŋɡl̩ː/,null*/kɾ̩kˈɔ̃ɲ/,null*/kɾ̩cˈɛːlːə/,null*/cˈaːɾkulˠ/,null*/cˈaːɾk/,null*/cˈitɾ̩/,null*/cˌyːtˈɛt/,null*/kʎə̃mˈɔ̃ɲ/,null*/kl̩ɾˈɔ̃ɲ/,null*/kʎˈaːɾtə/,null*/kʎˈaːɾ̃/,null*/kʎˌyːtˈyːɾə/,null*/kʎˌaːɾˈyːlˠə/,null*/kəʃˈyːɾə/,null*/kl̩ʃˈyːɾə/,null*/kʎə̃mˈɛ̃nd/,null*/kʎə̃mːˈuːʃt/,null*/kˌuːmtˈɔ̃ɲ/,null*/kˌuʎtˈɔ̃ɲ/,null*/kˌũːnːˈat/,null*/kˌuːjɾˈi/,null*/kˈĩːɲ/,null*/kˌulˠˈɔ̃ɲ/,null*/kˌulːˈaːɾ/,null*/kˌulːəcˈɔ̃ɲ/,null*/kˌulːətˈɔ̃ɲ/,null*/kˌulːə̃mtˈɔ̃ɲ/,null*/kˌulˠˈɔːʃtɾ̩/,null*/kˌulˠũmbə̃ɾ̃ˈiː/,null*/kˌulˠũmːˈɛːsə/,null*/kˈũŋɡə/,null*/kˈɔkə/,null*/kˈɔc/,null*/kˈɔk/,null*/kˈɔːfʃə/,null*/kˌɔːftˈuo̯ɾ/,null*/kˈɔ̃mə/,null*/kˌũːmːˈɛːɾc/,null*/kˌũːŋːɡˈɔ̃ɲ/,null*/kˈũmtɾ̩/,null*/kˌuːpətˈɔ̃ɲ/,null*/kˌuːpətˈɔ̃ɲ/,null*/kˈũmt/,null*/kˌuːfˈĩɲ/,null*/kˌuːʃˈiːlː/,null*/kˌuːʃɾ̩tˈɔ̃ɲ/,null*/kˌuːʃəɾˈĩː/,null*/kˌuːʃtˈɔ̃ɲ/,null*/kˈuːʃulˠ/,null*/kˌuːtə̃ndˈɔ̃ɲ/,null*/kˈũndɾ̩/,null*/kˌũːndɾˈuo̯lˠ/,null*/kˌũːndɾ̩ʃtˈaːɾ/,null*/kˌũːnˈuːʎkə/,null*/kˌuːvə̃ndˈɔ̃ɲ/,null*/kˌuːvˈɛ̃nd/,null*/kˌuːɾtˈyːɾə/,null*/kˈɔːɾbulˠ/,null*/kˈɔːɾðə/,null*/kˈɔːrj/,null*/kˌuːrˈiːʎk/,null*/kˌɔːrˈutə/,null*/kˌuːɾˈɔ̃ɾ̃ə/,null*/kˈɔːɾp/,null{ABSENT},null*/kˌuːɾtˈĩnə/,null*/kˈuo̯ɾ/,null*/kˌuːɾbˈĩːnː/,null*/kˈɔːɾb/,null*/kˈɔːʃ/,null*/ftˈɔ̃ɲ/,null*/kˌuːtəd͡zˈɔ̃ɲ/,null*/kɾˈapulˠ/,null*/kɾˌiːjˈɔ̃ɲ/,null*/kɾˌiːjˈɛːsə/,null*/kɾˌiːjətˈyːɾə/,null*/kɾˈɛtk/,null*/kɾˈɛːzm̩/,null*/kɾˌɛzmˈɔ̃ɲ/,null*/kɾˈɛːʃpə/,null*/kɾˈɛːʃtə/,null*/kɾ̩ʃtˈɛ̃ɾ̃ə/,null*/kɾ̩ʃn̩dˈɛːl/,null*/kɾˈiːʃt/,null*/kɾˈɔkulˠ/,null*/kɾˈuːʃk/,null*/kɾˈuc/,null*/kɾˈutə/,null*/kˈut/,null*/kˈuːɾtə/,null*/kˈukuɾ/,null*/kˌuːkˈuːtə/,null*/kˈuːltɾ̩/,null*/kˈuːlm/,null*/kˈũmulˠ/,null*/kˈuːlˠm/,null*/kˈũɲ/,null*/kˌũːɲˈɔ̃ɲ/,null*/kˌũːndˈɔ̃ɲ/,null*/kˈup/,null*/kˈupə/,null*/cəɾˈɔ̃ɲ/,null*/kˌuːɾsˈɛ̃ɲ/,null*/kɾˈiɡə/,null*/kərˈɛːʒm̩/,null*/kˈɔdɾ̩/,null*/cəɾˈɔ̃ɲ/,null*/kˈaːɾtə/,null*/kˈɔːɾtə/,null*/kˈɔːɾt/,null*/kˌaʃˈiːlː/,null*/cˌy/,null*/cˈɛt/,null*/cˈyːʃ/,null*/cˈĩmə/,null*/cˈipɾ̩/,null*/ləvɾˈɔ̃ɲ/,null*/lˌaːɾˈuːʃkə/,null*/ləkˈũo̯/,null*/lˈaːfʃə/,null*/ləʃˈɔ̃ɲ/,null*/lˈak/,null*/lə̃ŋɡˈɔ̃ɲ/,null*/lə̃ɲɟˈyːɾə/,null*/lə̃ɲɟˈye̯ɾ/,null*/lə̃ɲɟˈɛːɾɛ/,null*/ləpˈatɛ/,null*/lˈaːɾɡ/,null*/lˈaːɾð/,null*/lˈaːʃ/,null*/lətˈĩː/,null*/lˈãːɲ/,null*/lˌatˈyːɾə/,null*/ləvdˈɔ̃ɲ/,null*/lˈavd/,null*/ləfcˈɛːɾ/,null*/lˈaːɾ/,null*/lˈiɟ/,null*/lə̃ndˈɔ̃ɲ/,null*/lˈũo̯nː/,null*/lˈɛpuɾ/,null*/lˈɛpuʎ/,null*/lˈɛpɾ̩/,null*/lˈiːɾ/,null*/lˈibɾ̩/,null*/lˌiːɾˈɔ̃ɲ/,null*/lˌiɡətˈyːɾə/,null*/lˈiːlː/,null*/lˈic/,null*/lˈĩmə/,null*/lə̃mˈɔ̃ɲ/,null*/lˈĩː/,null*/lˈĩɲə/,null*/lˌɛpətˈyːɾə/,null*/lˈɛːʃ/,null*/lˈɛtəɾə/,null*/lˈũːo̯ɲ/,null*/lˌucˈɛːrə/,null*/lˈukɾ̩/,null*/lˈuːftə/,null*/lˌuftˈɔ̃ɲ/,null*/lˌuftːˈaːɾ/,null*/lˈũndɾ̩/,null*/lˌuɡˈat/,null*/lˌucˈɛɾbulˠ/,null*/lˈyːʃtɾ̩/,null*/mjˈɛʃtɾ̩/,null*/mə̃ɲɟˈiː/,null*/mˌaːʃtəɾˈɔ̃ɲ/,null*/mˌaːʃtˈɛːɾk/,null*/mˌajˈɛːɾɛ/,null*/mˈaj/,null*/mˌaːlˠəkˈɔ̃ɲ/,null*/mˌaːlːsˈɔːlˠə/,null*/mə̃ɲˈɔːlˠə/,null*/mˌəlˠˈɛt/,null*/mˈaːʎ/,null*/mˌaːlsˈɔ̃ɲ/,null*/mˌaːlˠə̃ɲɟˈɛ̃ɲ/,null*/mˈaːlˠ/,null*/mˌĩnˈɔ̃ɲ/,null*/mˈʌ̃ŋɡə/,null*/mə̃ŋɡˈɔ̃ɲ/,null*/mə̃mbulˠˈɔ̃ɲ/,null*/mˈʌ̃ɲə/,null*/mˈʌ̃ŋɡ/,null*/mˈʌ̃ŋɡə/,null*/mə̃ŋɡˈɔ̃ɲ/,null*/mˈʌ̃ɲɟəɾ̃/,null*/mˈãːjt/,null*/mˈaːɾɟəɾ̃/,null*/məɾˈiː/,null*/mɾ̩kˈɔːʃ/,null*/məlˈyc/,null*/mɾ̩tˈɔ̃ɲ/,null*/mɾ̩tˈɔ̃ɲ/,null*/mɾ̩tˈɛːsə/,null*/mˈaːɾk/,null*/mˈaːɾmuɾ/,null*/mɾ̩cˌĩːnˈɛt/,null*/mˈaːɾt/,null*/mɾ̩tˈĩː/,null*/mˈaːɾs/,null*/mˈaːɾ/,null*/məɾˈũː/,null*/mˈaːʃkulˠ/,null*/mˈaːʃə/,null*/məʃtəkˈɔ̃ɲ/,null*/mə̃ndˈaːfʃ/,null*/mˌaːtɾˈik/,null*/mə̃ndɾˈikulˠ/,null*/mə̃sˈuk/,null*/məkˈɔ̃ɲ/,null*/məɡˈaːʃtɾ̩/,null*/mjˈɛːk/,null*/mətˈɔ̃ɲ/,null*/mjˈɛz/,null*/məʃˈɛːɾə/,null*/mˈɛ̃ndə/,null*/mˈɛ̃nd/,null*/mɾ̩zˈɛ̃ɲ/,null*/məɾˈiːz/,null*/mɾ̩ɡˈɔ̃ɲ/,null*/mɾ̩cˈɛːɾ/,null*/mɾ̩kˈuːɾə/,null*/məlˠˈɛ̃ɲə/,null*/mjˈɛtulˠ/,null*/mɾ̩ɡˈɔ̃ɲ/,null*/mˈiːʎə/,null*/mˌãːɾʃtˈɔ̃ɲ/,null*/məɾˈɛkulˠ/,null*/məɾˌɛkəlˠˈɔ̃ɲ/,null*/məɾˈɛ̃ɲ/,null*/mˈɛːʃə/,null*/məʃɾˈɛːɾ/,null*/məʃˈiːɾə/,null*/mˈuːz/,null*/mˈɔð/,null*/mˌulˠˈaːɾ/,null*/mˌulˠˈĩː/,null*/mːˈɛ̃nd/,null*/mˈũnək/,null*/mˈɔːʃtɾ̩/,null*/mˌuɾtˈaːʎə/,null*/mˈɔːɾt/,null*/mˈyk/,null*/mˈuːlˠə/,null*/mˌuʎkˈɔ̃ɲ/,null*/mˈyːlˠ/,null*/mˌuɾmuɾˈɔ̃ɲ/,null*/mˈyːɾ/,null*/mˌuʃcəlˠˈuo̯ɾ/,null*/mˌuʃkˈɔ̃ɲə/,null*/mˈuːʃkulˠ/,null*/mˈyːʃk/,null*/mˈuːʃt/,null*/mɾ̩cˈĩɲə/,null*/mˈɛːrə/,null*/nˈapə/,null*/nˌaːtˈyːɾə/,null*/mjˈɛɡulˠ/,null*/nˈĩnːə/,null*/ə̃ŋɡˌaɾðˌulːˈicɛ/,null*/nˈɛð/,null*/nˈye̯lˠ/,null*/nˌə̃mːə̃ɾ̃ˈɔ̃ɲ/,null*/nˈɔ̃nː/,null*/nˌɔːtˈɔ̃ɲ/,null*/nˈɔːʃtɾ̩/,null*/ɲˈɛɾkə/,null*/nˌũmbəɾˈɔ̃ɲ/,null*/nˈũmɾ̩/,null*/nˈuːsə/,null*/blˈatə/,null*/fˈɛːlːə/,null*/ˌulˠˈaːʃtɾ̩/,null*/wˈɔʃtɾ̩/,null*/wˈɔʎ/,null*/ˌulˠˈĩː/,null*/wˈɛpəɾə/,null*/ˌuɾˈɔ̃ɲ/,null*/wˈɛɾb/,null*/ˌuɾðə̃ɾ̃ˈɔ̃ɲ/,null*/ˌuɾðə̃ɾ̃ˈatə/,null*/ˈuɾðəɾ̃/,null*/wˈɔr/,null*/wˈɔɾfəɾ̃/,null*/ˌuʃtˈɔ̃ɲ/,null*/ˈut/,null*/wˈɛe̯sə/,null*/wˈɛe̯/,null*/pˌaːlˠˈɔ̃ɲ/,null*/pˈyːlˠ/,null*/pˌɛ̃ndˈɛ̃ɲ/,null*/pˌɛ̃ndˈɛːsə/,null*/pˌəɡˈʌ̃ɾ̃ə/,null*/pˌaɡətˈyːɾə/,null*/pˌaɡˈuõ̯ɲ/,null*/pˈaːlˠə/,null*/pˈaːʎə/,null*/pəlˠˈũmb/,null*/pˈac/,null*/pˌajtˈɔ̃ɲ/,null*/pˈajt/,null*/pəlˠˈaːs/,null*/pˈaːɾ/,null*/pəɾˈaːlˠə/,null*/pˌaɾˈiːz/,null*/pəɾˈɔ̃ɲ/,null*/pəɾˈɔ̃ɲ/,null*/pˌaɾəndˈɔ̃ɲ/,null*/pəɾˈĩnd/,null*/fɾˌaʃˈuo̯lˠ/,null*/fˌaʃˈuo̯lˠ/,null*/pˈaːʃkə/,null*/pˈaːʃ/,null*/pˌaʃtəɾˈak/,null*/pəsˈɔ̃ɲ/,null*/pˈyːʎkə/,null*/pˈaːk/,null*/pˈaːlˠ/,null*/pˌaːlˠˈɔ̃ɲ/,null*/pˌaːlˠˈũo̯/,null*/pjˈɛːkə/,null*/pˈɛ̃ŋɡə/,null*/ə̃mbjˈɛːkə/,null*/pˌɛːkˈuːlː/,null*/pˈɛːʃə/,null*/pəʃˈɔ̃ɲ/,null*/pjˈɛpəɾ̃/,null*/pɾ̩/,null*/pjˈɛɾɡulˠ/,null*/pəɾhˈɛːɾə/,null*/pɾ̩dəlˠˈɛ̃ɲ/,null*/ə̃ndˌəlˠˈɛ̃ɲ/,null*/pɾ̩pˌaɾˈɔ̃ɲ/,null*/pɾ̩pˌaɾˈɔ̃ɲ/,null*/pɾ̩ɟəlˠˈɔ̃ɲ/,null*/pəʃkˈɔ̃ɲ/,null*/pjˈɛʃkə/,null*/pˌɛːtɾˈɛːʃ/,null*/pjˈɛtɾ̩/,null*/pˈɛːsə/,null*/pˈɛ̃ŋɡ/,null*/pɾ̩tˈɔ̃ɲ/,null*/pˈitə/,null*/pˈiːlˠə/,null*/pˈiːlˠə/,null*/pˈiːlˠə/,null*/pˈiːlː/,null*/pˈɛ̃nːə/,null*/pˈipə/,null*/pˈɛːʃc/,null*/pəʃkətˈaːɾ/,null*/bˌiːʃtˈaːʎə/,null*/pəʃtˈɛːɾɛ/,null*/pˈɛtə/,null*/pˈɛtək/,null*/pˈɛtulˠ/,null*/plˈaɡə/,null*/pl̩cˈɛ̃ɲ/,null*/plˈaŋɡ/,null*/plˈaŋɡ/,null*/pˈaːlɲə/,null*/pl̩cˈĩː/,null*/plˈic/,null*/plˈɛp/,null*/plˈũmb/,null*/pˌulˠˈʌ̃ndə/,null*/pˌulːəkˈye̯ɾ/,null*/pˌulːəcˈɛːɾ/,null*/pˈɛ̃mːə/,null*/pˈɔːr/,null*/pˈɔːr/,null*/pˈɔpulˠ/,null*/pˈɔːric/,null*/pˌurˈiː/,null*/pˌurˈĩː/,null*/pˈɔːɾtə/,null*/pˌuʃˈɔ̃ɲ/,null*/pˈɔːʃt/,null*/pˈɔːʃtɾ̩/,null*/pˌuʃtˈɔ̃ɲ/,null*/pˌuʃtˈɛt/,null*/pˈɔt/,null{ABSENT},null*/pɾˈɛðə/,null*/pɾˈũːo̯ɲ/,null*/pɾˈĩːɲ/,null*/pɾˈɛtɾ̩/,null*/pɾə̃məvˈɛːɾə/,null*/pɾˈĩɲɟ/,null*/pɾˌivˈɔ̃ɲ/,null*/pɾˌɔðˈɔ̃ɲ/,null*/pɾˈuːõ̯ɲ/,null*/pɾˈɔːʒm̩/,null*/pɾˌɔʒmˈɔ̃ɲ/,null*/pɾə̃mːˌɛːtˈɔ̃ɲ/,null*/pˈukə/,null*/pˈuk/,null*/pˈuːlːə/,null*/pˈuːlː/,null*/pˈuːlpə/,null*/pˈuːlbɾ̩/,null*/pˈũŋɡə/,null*/pˈũɲtə/,null*/pˈupə/,null*/pˈuːs/,null*/pˌutˈʌ̃ɾ̃ə/,null*/fˈaːɾ/,null*/rˈũːo̯ɲ/,null*/rˈɛːzə/,null*/rˈiːkə/,null*/rˈiːʎkə/,null*/rˈɛ̃m/,null*/rˈapə/,null*/rˈɛp/,null*/rˈap/,null*/rˈaːlˠ/,null*/ɾˈaːʃə/,null*/rˌaʃcˈɛlː/,null*/ˌaɾsˈỹe̯/,null*/rˈɛːvə/,null*/rəfˈɛɲ/,null*/ɾˈɛɟ/,null*/rˈɛɡulˠ/,null*/kˈɔːʃ/,null*/rˈɛ̃m/,null*/rə̃ndˈɛ̃ɲ/,null*/rəʃˈĩnə/,null*/rəʒɡˈɔ̃ɲ/,null*/rˈɛt/,null*/rˈɛːʃt/,null*/rˈɛtəɾ̃ə/,null*/ɾˌiɡˈɔ̃ɲ/,null*/rˈicəɾ̃/,null*/ɾə̃mˈɔ̃ɲ/,null*/rˈipə/,null*/rˈɔbuɾ/,null*/rˈɔkə/,null*/ɾə̃mːˈʌ̃ɾ̃/,null*/rˈũmb/,null*/rˈũmbulˠ/,null*/rˌufˈɛː/,null*/rəʃˈaːʎə/,null*/rˌɔʃpˈɔ̃ɲə/,null*/rˈɔtə/,null*/rˈɔtulˠ/,null*/rˌɔtˈũndə/,null*/rə̃nˈɔ̃ɲ/,null*/rˌũŋɡˈɔ̃ɲ/,null*/rˈuð/,null*/rˈuɡə/,null*/rˌũmbˈɛ̃ɲ/,null*/rˈuːʃkulˠ/,null*/rˈytə/,null*/ʃˈuːr/,null*/ʃˈɛkulˠ/,null*/ʃˌəɟˈɛtə/,null*/ʃətˈɔ̃ɲ/,null*/ʃˌaːʎtˈɔ̃ɲ/,null*/ʃˈaɡ/,null*/ʃˈakulˠ/,null*/ʃkɾˈɔ̃ɲ/,null*/ʃˈɛːlcɛ/,null*/ʃˈɛːʎkə/,null*/ʃˈɛːlə̃ɲɟɛ/,null*/ʃˌɛːlcˈɛt/,null*/ʃəlˠˈĩnə/,null*/ʃəlˠˈĩɲ/,null*/ʃl̩bˈɔ̃ɲ/,null*/ʃˌɛːlbˈaːsə/,null*/ʃɾ̩bˈɛːlːə/,null*/ʃəɾˈɔ̃ɲ/,null*/ʃˌʌ̃ndˈɛt/,null*/ʃˌʌ̃ndˈɔːʃ/,null*/ʃˌʌ̃ɲɟˈatə/,null*/ʃˌũʃˈũɲə/,null*/ʃˌʌ̃ndɾˌiːtˈɛt/,null*/ʃˈɛ̃ɲt/,null*/ʃˌʌ̃mːəxˈiːlˠ/,null*/ʃˌʌ̃ndˌʌ̃ndɾˈɛː/,null*/ʃˌʌ̃nːdɾˈɛː/,null*/ʃˌʌ̃ɲˈak/,null*/kˌalʃˈɛ̃ɲt/,null*/ʃˌʌ̃mːˈitɾ̩/,null*/ʃˌʌ̃ŋːɡˈɔːlˠə/,null*/ʃˌapˈɔ̃ɲ/,null*/ʃˈap/,null*/ʃˈaːɾkə/,null*/ʃˌɛːlcə̃ɾ̃ˈuo̯ɾ/,null*/ʃɾ̩mˈɛ̃nd/,null*/ʃətˈũndə/,null*/ʃkɾˈɛt/,null*/ʃəkˈɔ̃ɲ/,null*/ʃˈaːlːə/,null*/ʃˈiːsə/,null*/ʃˈiːɾɟ/,null*/ʃˈaːrə/,null*/ʃɾ̩tˈɔ̃ɲ/,null*/ʃɾ̩bˈɛ̃ɲ/,null*/ʃɾ̩bˈɛːs/,null*/ʃɾ̩bətˈuo̯ɾ/,null*/ʃɾ̩bətˈyːɾə/,null*/ʃˈɛʃ/,null*/ʃə̃nːˈɔ̃ɲ/,null*/ʃˈɛ̃ŋɡ/,null*/ʃˈiː/,null*/ʃˈɛkʎɛ/,null*/ʃˈikulˠ/,null*/ʃə̃mbəlˠˈɛ̃ɲ/,null*/ʃə̃mb?0tˈyːɾə/,null*/ʃˈĩː/,null*/ʃˈɛːɾp/,null*/ʃˈitə/,null*/zɟˈɛbɛ/,null*/ʃkˈaːlˠə/,null*/ʃkˈam/,null*/ʃcˈɛ̃mː/,null*/ʃkˈandulˠ/,null*/ʃcˈɛ̃nd͡zə/,null*/ʃcˌə̃ndˈiːʎə/,null*/ʃkʎˈaː/,null*/ʃkʎˈɛp/,null*/ʃkˈɔdɾ̩/,null*/ʃkˈɔːlˠə/,null*/ʃcˈɔpə/,null*/ʃkˌɔːpˈɛt/,null*/zɟˈyːɾə/,null*/ʃkˈɔːɾsə/,null*/ʃkɾˈuõ̯ɲ/,null*/ʃkˈuːlkə/,null*/ʃkˈũmə/,null*/ʃcˈyt/,null*/ʃkˈat/,null*/ʃˈuːʎk/,null*/ʃˈɔkə/,null*/ʃˈɔcɛ/,null*/ʃˈɔc/,null*/ʃˈɔːlˠə/,null*/ʃˌulˠˈʌ̃/,null*/ʃˈuo̯lˠ/,null*/ʃˈɔːɾbə/,null*/ʃˈɔːɾt/,null*/ʃˌuɾtˈikə/,null*/ʃˌuɾtl̩ɟˈiː/,null*/ʃpˈatə/,null*/ʃpˈatulˠ/,null*/ʃpəɾˈɛːsə/,null*/ʃpəɾˈɛ̃ɲ/,null*/ʃpˈĩnːə/,null*/ʃpˈiːɾt/,null*/ʃpˈɛːʃ/,null*/ʃpɾə̃ɾ̃ˈɛtkə/,null*/ʃpˈuːzə/,null*/ʃpˈɔːɾtə/,null*/ʃtˈaːlˠə/,null*/ʃtˈʌ̃m/,null*/ʃtˈʌ̃ŋɡ/,null*/ʃtˈɛt/,null*/ʃtˈat/,null*/ʃtɾˈak/,null*/ʃtɾˈʌ̃mb/,null*/ʃtɾˈɛ̃mbəɾ̃/,null*/ʃtɾˈat/,null*/ʃtɾˈiɡə/,null*/ʃtɾˈɛ̃ɲt/,null*/ʃtɾə̃ŋɡˈɔ̃ɲ/,null*/ʃtˈupə/,null*/ʃtˌupˈɔ̃ɲ/,null*/ʃtˈuːrə/,null*/ʃˈiːʎə/,null*/ʃˈũːo̯ɲ/,null*/ʃˌulˠˈatə/,null*/ʃˌũmbəɾˈitkə/,null*/ʃˌuɾˌuːkˈɔ̃ɲ/,null*/ʃˌuːtərˈiː/,null*/ʃˌufəɾˈɛ̃ɲ/,null*/ʃˈujtə/,null*/ʃˌujtˈɔ̃ɲ/,null*/ʃˈũmːə/,null*/ʃˌuɾkˈɛːl/,null*/ʃˌuʃpˈiːrə/,null*/ʃˈuːɾð/,null*/ʃˌiːɾˈĩŋɡə/,null*/tˌabˈɛːlːə/,null*/tˈaːft/,null*/tˌatˈɔ̃ɲ/,null*/tˈaːʎə/,null*/tˈaːʎə/,null*/tˈapə/,null*/tˌavˈɛːrə/,null*/tˈɛːɾ/,null*/tˈaːɾ/,null*/tˈiməɾ̃/,null*/tjˈɛɡulˠ/,null{ABSENT},null{ABSENT},null*/tˈɛ̃ndə/,null*/təɾˈye̯lːə/,null*/təɾˈye̯lːə/,null*/tɾ̩mˈɛt/,null*/tɾˈatk/,null*/tˈɛːʃə/,null*/ə̃ndəʃmˈɔ̃ɲ/,null*/tmˈũo̯/,null*/tmˈye̯ɾ/,null*/tˈĩnə/,null*/tˈɛ̃ɲə/,null*/tˈĩŋɡə/,null*/tˈĩŋɡulˠ/,null*/tˈitulˠ/,null*/tˌukˈɔ̃ɲ/,null*/tˈɔːɾkulˠ/,null*/tˈɔːrə/,null*/tˈɔːɾtə/,null*/tɾˈye̯zə/,null*/tɾˈaː/,null*/tɾˈũːo̯ɲ/,null*/təftˈaːɾ/,null*/tɾˌajtˈɔ̃ɲ/,null*/tɾˈajtə/,null*/tɾˌaʃflˈɔ̃ɲ/,null*/tɾˌaʃəɡˈɔ̃ɲ/,null*/tɾˈuo̯lˠ/,null*/tɾˌazməzˈɔ̃ɲ/,null*/tɾ̩fˈɔːʎə/,null*/tɾ̩fˈiːlː/,null*/tɾ̩fˈuːɾk/,null*/tɾə̃məʃˈʌ̃ɾ̃ə/,null*/tɾˈĩnə/,null*/tɾˈiːʃt/,null*/tɾ̩kulˠˈĩɲ/,null*/tɾˈɔːftə/,null*/tɾˈũmbə/,null*/tɾˌuʃkˈỹe̯ɲ/,null*/tɾˈũŋɡ/,null*/tˌuɾsˈɛ̃ɲ/,null*/tˈuːlˠə/,null*/tˈuːfə/,null*/tˈũmbə/,null*/tˈũmulˠ/,null*/tˈũnd/,null*/tˈuːɾbə/,null*/tˌuɾbˈɔ̃ɲ/,null*/tˌuɾbulˠˈɔ̃ɲ/,null*/tˈuːɾbulˠ/,null*/tˈuːɾmə/,null*/tˈuːɾp/,null*/tˈuːrə/,null*/tˈuːɾtuɾ/,null*/θˈikə/,null*/ˌũŋɡˈɔ̃ɲ/,null*/ˌỹndˈyːɾə/,null*/pˈupə/,null*/ˌuɾəlˈĩɲ/,null*/ˌutɾˈĩː/,null*/vˌəɡˈɔ̃ɲ/,null*/vˈak/,null*/vlˈɛ̃ɲ/,null*/vˌəʎˈɛ̃ɲ/,null*/vˈỹːe̯ɲ/,null*/vˈaːlː/,null*/vlˈɛːɾə/,null*/vˈapə/,null*/vlˈɛːsə/,null*/vˈɛːlˠ/,null*/və̃ɾ̃ˈɛ̃ɾ̃ə/,null*/və̃ɾ̃ˈɛ̃ːɾ̃/,null*/vˈɛ̃ɲ/,null*/ftəlˠˈɔ̃ɲ/,null*/vˈɛːɾə/,null*/vɾ̩tˈɛt/,null*/vɾˈiɡulˠ/,null*/vjˈɛɾʃə/,null*/vɾ̩ʃˈɔ̃ɲ/,null*/vəʃkˈɛ̃ɲ/,null*/vˈɛːʃk/,null*/fʃˈikə/,null*/məʃˈikə/,null*/vəʒɡˈɔ̃ɲ/,null*/vˈɛːʃ/,null*/vjˈɛtɾ̩/,null*/vˈijə/,null*/vəɟˈiːlˠɛː/,null*/mə̃ɲɟˈiːlˠɛː/,null*/vˈicɛ/,null*/fcˈĩː/,null*/vˌiːtˈɔːɾɛ/,null*/vˈitəʎə/,null*/vˈiːlːə/,null*/vˌĩːɲˈaːlˠ/,null*/mə̃ɲɟˈiːlˠ/,null*/vˈiːɾɟəɾ̃/,null*/vɾ̩ɡˈʌ̃ɾ̃/,null*/vˈɛːɾðə/,null*/vˈɛːɾð/,null*/vɾ̩tˈyt/,null*/vəʃtˈɔ̃ɲ/,null*/vˈɛːʃtulˠ/,null*/vˈɛːʃk/,null*/vˈɛːs/,null*/ftˈuːʎə/,null*/vˈitɾ̩k/,null*/vˌɛːtˈuːlˠə/,null*/vˈuõ̯ɲ/,null*/vˈɔːlˠə/,null*/vˈɔːlˠpulˠ/,null*/vˌulˠə̃ndˈɛt/,null*/vˈɔ̃m/,null*/vˌuɾəɾˈatə/
R469,,*/bˈɛ̃ɲ̈ɡ/,,,,,,,,,,,,,,,,,,,,,,,,,,,*/ˈə̃ɲɟ?0/,,,*/ə̃ɲ̈ɡˈuːʃt/,*/ə̃ɲ̈ɡuːʃtˈɔ̃ɲ/,,,,,,*/ɾˈə̃ɾ̃ə/,,,,,,,,,,,,,,,,,*/ˈũɲ̈ɡl̩ː/,,,,,,,,,,,,,,,,,,,,,,,,,,,*/dˌə̃nːˈɔ̃ɲ/,*/dˈə̃m/,,,,,,,,,,,,,*/zˈə̃ɾ̃ə/,,,,,,,,,,,,,,,*/dɾə̃ɲ̈ɡˈũo̯/,,,,,,,,,,*/ʃˌə̃mtˈɔ̃ɲ/,*/ʃˌə̃mːˈɔ̃ɲ/,,,,,,*/ʃkˌə̃mbˈɛ̃ɲ/,*/ʃkˌə̃ndˈɛ̃ɲ/,,,,,,,,,,,,,,,,,,*/ʃˌũɲ̈ɡulˠˈɔ̃ɲ/,,,,,,,,,,,,,,,,,,,,,,,,,,*/fˌə̃mˈiːʎə/,,*/fˈə̃ɲ̈ɡ/,,,,,,,,,,,,,,,,,,,,,,,,,,,,,,,,,,,,,,,*/fɾˈə̃ɲ̈ɡ/,*/fɾˌə̃ɲɟˈiː/,,,,,,,,,,,,,,,,,,,,,,,,,,,,,,*/ɡʎˈə̃ndəɾə/,,,,,,,,,,,,,,,,,,,,,*/hˈĩɲ̈ɡl̩ː/,*/ɲ̈ɡulˠˈɔ̃ɲ/,,,,,,,,,,,,,,,,,,,,,,,,,,*/ə̃mbˌurˈə̃/,,*/ˌə̃ndˌiːkˈɔ̃ɲ/,,,,,,,,*/ə̃ɲ̈ɡə̃ɲˈɛ̃ɲ/,*/ə̃ɲ̈ɡɾˈatə/,,*/ə̃ɲ̈ɡˌalːəkˈɔ̃ɲ/,*/ə̃ɲ̈ɡˌaɾkˈɔ̃ɲ/,*/ə̃ɲ̈ɡˌaːʃə̃ɾ̃ˈɛ̃ɲ/,,*/ə̃ɲ̈ɡˌuːʃəlˠˈɔ̃ɲ/,*/ə̃ɲ̈ɡˈɔːɾð/,,,*/ə̃ɲ̈ɡˌũːɲˈɔ̃ɲ/,,,,,,,,,,,,,,,,,,,,,,,,,*/ɟˌuːvˈɛ̃ɲ̈ɡə/,,,,,,,,,,*/kˈə̃mbə/,*/kˌə̃mbˈɛ̃ɲ/,,*/kˌə̃mbˈə̃ɾ̃ə/,*/kˌə̃mbˈɔ̃ɾ̃ə/,,*/kˈə̃ɾ̃əp/,,,,,,,,*/kˈə̃ɲ̈ɡə/,*/kˌə̃ɲɟˈɛːlː/,,,,,,,,,,,,,,,,,*/kɾ̩ʃˈə̃ɾ̃ə/,,,,,,,,,,,,,,,,,,,,,,*/ə̃ɲ̈ɡˈaːlˠə/,,,,,*/cˈĩɲ̈ɡl̩ː/,,,,,,,,,,,,,,,,,,,,,,,,,,,,,,*/kˈũɲ̈ɡə/,,,,,,,,,,,,,,,,,,,,,,,,,,,,,,,,,,,,,,,,,,,,,,,,,,,,,,,,,,,,,,,,,,,,,,,,,,,,,,,,,,,,,,,,,,,,*/lə̃ɲ̈ɡˈɔ̃ɲ/,,,,,,,,,,,,,,,,,,,,,,,,,,,,,,,,,,,,,,,,,,,,,,,,,,,,,,,,,,,*/mˈə̃ɲ̈ɡə/,*/mə̃ɲ̈ɡˈɔ̃ɲ/,,*/mˈə̃ɲə/,*/mˈə̃ɲ̈ɡ/,*/mˈə̃ɲ̈ɡə/,*/mə̃ɲ̈ɡˈɔ̃ɲ/,*/mˈə̃ɲɟəɾ̃/,,,,,,,,,,,,,,,,,,,,,,,,,,,,,,,,,,,,,,,,,,,,,,,,,,,,,,,,,,,,,,,,,,,,,,,,,,*/ə̃ɲ̈ɡˌaɾðˌulːˈicɛ/,,,,,,,,,,,,,,,,,,,,,,,,,,,,,,,,,*/pˌəɡˈə̃ɾ̃ə/,,,,,,,,,,,,,,,,,,,,,,,,,,,,,*/pˈɛ̃ɲ̈ɡə/,,,,,,,,,,,,,,,,,,,*/pˈɛ̃ɲ̈ɡ/,,,,,,,,,,,,,,,,,,*/plˈaɲ̈ɡ/,*/plˈaɲ̈ɡ/,,,,,,*/pˌulˠˈə̃ndə/,,,,,,,,,,,,,,,,,,,,,,,,,,,,,,,,,,,,*/pˈũɲ̈ɡə/,,,,*/pˌutˈə̃ɾ̃ə/,,,,,,,,,,,,,,,,,,,,,,,,,,,,,,,,*/ɾə̃mːˈə̃ɾ̃/,,,,,,,,,,*/rˌũɲ̈ɡˈɔ̃ɲ/,,,,,,,,,,,,,,,,,,,,,,,,*/ʃˌə̃ndˈɛt/,*/ʃˌə̃ndˈɔːʃ/,*/ʃˌə̃ɲɟˈatə/,,*/ʃˌə̃ndɾˌiːtˈɛt/,,*/ʃˌə̃mːəxˈiːlˠ/,*/ʃˌə̃ndˌə̃ndɾˈɛː/,*/ʃˌə̃nːdɾˈɛː/,*/ʃˌə̃ɲˈak/,,*/ʃˌə̃mːˈitɾ̩/,*/ʃˌə̃ŋːɡˈɔːlˠə/,,,,,,,,,,,,,,,,,,,,*/ʃˈɛ̃ɲ̈ɡ/,,,,,,,,,,,,,,,,,,,,,,,,,,,,,,,,,,*/ʃˌulˠˈə̃/,,,,,,,,,,,,,,,,,*/ʃtˈə̃m/,*/ʃtˈə̃ɲ̈ɡ/,,,,*/ʃtɾˈə̃mb/,,,,,*/ʃtɾə̃ɲ̈ɡˈɔ̃ɲ/,,,,,,,,,,,,,,,,,*/ʃˌiːɾˈĩɲ̈ɡə/,,,,,,,,,,,,,,,,,,,,,,,,,*/tˈĩɲ̈ɡə/,*/tˈĩɲ̈ɡulˠ/,,,,,,,,,,,,,,,,,,,*/tɾə̃məʃˈə̃ɾ̃ə/,,,,,,,*/tɾˈũɲ̈ɡ/,,,,,,,,,,,,,,,,*/ˌũɲ̈ɡˈɔ̃ɲ/,,,,,,,,,,,,,,,,,,,,,,,,,,,,,,,,,,,,,,,,,,*/vɾ̩ɡˈə̃ɾ̃/,,,,,,,,,,,,,,,,
R470,,,,,,,,,,,,,,,,,,,,,,,,,,,,,,,,,,,,,,,,,,,,*/hˌaɾməʃˈua̯ɾ/,,,,,,,,,,,,,,,,,*/bˌaɾˈũa̯/,,,,,,,,,,,,,,,,,,,,,,,,,*/dˌɛːtˈua̯ɾ/,,,,,,,,,,,,,,,,,,,,,,,,,,*/dɾə̃ɲ̈ɡˈũa̯/,,,,,,,,,,,,,,,,,,,,,,,,,,,,,,,,,,,,,,,,,,,,,,,,,,,,,,,,,,*/fˌaːʎkˈũa̯/,,,,,,,,,,,,,,*/fˌɛːɾˈua̯ɾ/,,,,,,,,,,,,,,,,,,,,,,,,,,,,,,,,,,,,,,,,,,,,,,,,,,,,,,,,,,,,,,,,,,,,,,,,,,,,,,,,,,,,,,,,*/ɟˈũa̯nː/,,,,,,,,,,*/ə̃mbəɾˌɛtˈua̯ɾ/,*/pɾ̩ndˈua̯ɾ/,,,,,,,,,,,,,,,,,,,,,,,,,,,,,,,,,,,,,,,,,,,,,,,,,,,,,,,,,,,,,,,*/kˌalˠə̃ndˈua̯ɾ/,,,,,,,,,,,,,,,,,,,,,*/kˌapɾˈua̯lˠ/,,,,,*/kˌapˈũa̯/,,,,,,,,,,,,,,,,,,,,,,,,,*/cˌɛɾəʃˈua̯ɾ/,,,,,,,,,,,,,,,,,,,,,,,,,,,,,,,,,,,,,,,,,,,,,,,*/kˌɔːftˈua̯ɾ/,,,,,,,,,,,,,,,,*/kˌũːndɾˈua̯lˠ/,,,,,,,,,,,,,,,*/kˈua̯ɾ/,,,,,,,,,,,,,,,,,,,,,,,,,,,,,,,,,,,,,,,,,,,,,,,,,,,,*/ləkˈũa̯/,,,,,,,,,,,,,,,,,,,,,*/lˈũa̯nː/,,,,,,,,,,,,,,,,,*/lˈũːa̯ɲ/,,,,,,,,,,,,,,,,,,,,,,,,,,,,,,,,,,,,,,,,,,,,,,,,,,,,,,,,,,,,,,,,,,,,,,,,,,,,,,,,,,,,,,,,,,,,,,,*/mˌuʃcəlˠˈua̯ɾ/,,,,,,,,,,,,,,,,,,,,,,,,,*/wˈaʃtɾ̩/,*/wˈaʎ/,,,,,,,,*/wˈar/,*/wˈaɾfəɾ̃/,,,,,,,,,,,*/pˌaɡˈuã̯ɲ/,,,,,,,,,,,,,,,*/fɾˌaʃˈua̯lˠ/,*/fˌaʃˈua̯lˠ/,,,,,,,,,*/pˌaːlˠˈũa̯/,,,,,,,,,,,,,,,,,,,,,,,,,,,,,,,,,,,,,,,,,,,,,,,,,,,,,,,,,,,,,,,,,*/pɾˈũːa̯ɲ/,,,,,,,*/pɾˈuːã̯ɲ/,,,,,,,,,,,,,,,,*/rˈũːa̯ɲ/,,,,,,,,,,,,,,,,,,,,,,,,,,,,,,,,,,,,,,,,,,,,,,,,,,,,,,,,,,,,,,,,,,,,,,,,,,,,,,,,*/ʃˌɛːlcə̃ɾ̃ˈua̯ɾ/,,,,,,,,,,,,*/ʃɾ̩bətˈua̯ɾ/,,,,,,,,,,,,,,,,,,,,,,,,,,,,*/ʃkɾˈuã̯ɲ/,,,,,,,,,,,*/ʃˈua̯lˠ/,,,,,,,,,,,,,,,,,,,,,,,,,,,,,,,*/ʃˈũːa̯ɲ/,,,,,,,,,,,,,,,,,,,,,,,,,,,,,,,,,*/tmˈũa̯/,,,,,,,,,,,,,*/tɾˈũːa̯ɲ/,,,,,,*/tɾˈua̯lˠ/,,,,,,,,,,,,,,,,,,,,,,,,,,,,,,,,,,,,,,,,,,,,,,,,,,,,,,,,,,,,,,,,,,,,,,,,,,,,,,,,,*/vˈuã̯ɲ/,,,,,
R471,,,,,,,,,,,,,,,,,,,,,,,,,,,,,,,,,,,,,,,,,,,,,,,,,,,,,,,,,,,,,,,,,,,,,,,,,,,,,,,,,,,,,,,,,,,,,,,,,,,,,,,,,,,,,,,,,,,,,,,,,,,,,,,,,,,,,,,,,,,,,,,,,,,,,,,,,,,,,,,,,,,,,,,,,,,,,,,,,,,,,,,,,,,,,,,,,,,,,,,,,,,,,,,,,,,,,,,,,,,,,,,,,,,,,,,,,,,,,,,,,,,,,,,,,,,,,,,,,,,,,,,,,,,,,,,,,,,,,,,,,,,,,,,,,,,,,,,,,,,,,,,,,,,,,,,,,,,,,,,,,,,,,,,,,,,,,,,,,,,,,,,,,,,,,,,,,,,,,,,,,,,,,,,,,,,,,,,,,,,,,,,,,,,,,,,,,,,,,,,,,,,,,,,,,,,,,,,,,,,,,,,,,,,,,,,,,,,,,,,,,,,,,,,,,,,,,,,,,,,,,,,,,,,,,,,,,,,,,,,,,,,,,,,,,,,,,,,,,,,,,,,,,,,,,,,,,,,,,,,,,,,,,,,,,,,,,,,,,,,,,,,,,,,,,,,,,,,,,,,,,,,,,,,,,,,,,,,,,,,,,,,,,,,,,,,,,,,,,,,,,,,,,,,,,,,,,,,,,,,,,,,,,,,,,,,,,,,,,,,,,,,,,,,,,,,,,,,,,,,,,,,,,,,,,,,,,,,,,,,,,,,,,,,,,,,,,,,,,,*/wˈɛːsə/,*/wˈɛː/,,,,,,,,,,,,,,,,,,,,,,,,,,,,,,,,,,,,,,,,,,,,,,,,,,,,,,,,,,,,,,,,,,,,,,,,,,,,,,,,,,,,,,,,,,,,,,,,,,,,,,,,,,,,,,,,,,,,,,,,,,,,,,,,,,,,,,,,,,,,,,,,,,,,,,,,,,,,,,,,,,,,,,,,,,,,,,,,,,,,,,,,,,,,,,,,,,,,,,,,,,,,,,,,,,,,,,,,,,,,,,,,,,,,,,,,,,,,,,,,,,,,,,,,,,,,,,,,,,,,,,,,,,,,,,,,,,,,,,,,,,,,,,,,,,,,,,,,,,,,,,,,,,,,,,,,,,,,,,,,,,,,,,,,,,,,,,,,,,,,,,,,,,,,,,,,,,,,,,,,,,,,,,,,,,,,,,,,,,,,,,,,,,,,,,,,,,,,,,,,,,,,,,,,,,,,,,,,,,,,
R472,,,,,,,,,,,,,,,,,,,,,,,,,,,,,,,,,,,,,,,,,,,,,,,,,,,,,,,,,,,,,,,,,,,,,,,,,,,,,,,,,,,,,,,,,,,,,,,,,,,,,,,,,,,,,,,,,,,,,,,,,,,,,,,,,,,,,,,,,,,,,,,,,,,,,,,,,,,,,,,,,,,,,,,,,,,,,,,,,,,,,,,,,,,,,,,,,,,,,,,,,,,,,,,,,,,,,,,,,,,,,,,,,,,,,,,,,,,,,,,,,,,,,,,,,,,,,,,,,,,,,,,,,,,,,,,,,,,,,,,,,,,,,,,,,,,,,,,,,,,,,,,,,,,,,,,,,,,,,,,,,,,,,,,,,,,,,,,,,,,,,,,,,,,,,,,,,,,,,,,,,,,,,,,,,,,,,,,,,,,,,,,,,,,,,,,,,,,,,,,,,,,,,,,,,,,,,,,,,,,,,,,,,,,,,,,,,,,,,,,,,,,,,,,,,,,,,,,,,,,,,,,,,,,,,,,,,,,,,,,,,,,,,,,,,,,,,,,,,,,,,,,,,,,,,,,,,,,,,,,,,,,,,,,,,,,,,,,,,,,,,,,,,,,,,,,,,,,,,,,,,,,,,,,,,,,,,,,,,,,,,,,,,,,,,,,,,,,,,,,,,,,,,,,,,,,,,,,,,,,,,,,,,,,,,,,,,,,,,,,,,,,,,,,,,,,,,,,,,,,,,,,,,,,,,,,,,,,,,,,,,,,,,*/vˈaʃtɾ̩/,*/vˈaʎ/,,*/vˈɛpəɾə/,,*/vˈɛɾb/,,,,*/vˈar/,*/vˈaɾfəɾ̃/,,,*/vˈɛːsə/,*/vˈɛː/,,,,,,,,,,,,,,,,,,,,,,,,,,,,,,,,,,,,,,,,,,,,,,,,,,,,,,,,,,,,,,,,,,,,,,,,,,,,,,,,,,,,,,,,,,,,,,,,,,,,,,,,,,,,,,,,,,,,,,,,,,,,,,,,,,,,,,,,,,,,,,,,,,,,,,,,,,,,,,,,,,,,,,,,,,,,,,,,,,,,,,,,,,,,,,,,,,,,,,,,,,,,,,,,,,,,,,,,,,,,,,,,,,,,,,,,,,,,,,,,,,,,,,,,,,,,,,,,,,,,,,,,,,,,,,,,,,,,,,,,,,,,,,,,,,,,,,,,,,,,,,,,,,,,,,,,,,,,,,,,,,,,,,,,,,,,,,,,,,,,,,,,,,,,,,,,,,,,,,,,,,,,,,,,,,,,,,,,,,,,,,,,,,,,,,,,,,,,,,,,,,,,,,,,,,,,,,,,,,,,
R473,,,,,,,,,,,,,,,,,,,,,,,,,,,,,,,,,,,,,,,,,,,,,,,,,,,,,,,,,,,,,,,,,,,,,,,,,,,,,,,,,,,,,,,,,,,,,,,,,,,,,,,,,,,,,,,,,,,,,,,,,,,,,,,,,,,,,,,,,,,,,,,,,,,,,,,,,,,,,,,,,,,,,,,,,,,,,,,,,,,,,,,,,,,,,,,,,,,,,,,,,,,,,,,,,,,,,,,,,,,,,,,,,,,,,,,,,,,,,,,,,,,,,,,,,,,,,,,,,,,,,,,,,,,,,,,,,,,,,,,,,,,,,,,,,,,,,,,,,,,,,,,,,,,,,,,,,,,,,,,,,,,,,,,,,,,,,,,,,,,,,,,,,,,,,,,,,,,,,,,,,,,,,,,,,,,,,,,,,,,,,,,,,,,,,,,,,,,,,,,,,,,,,,,,,,,,,,,,,,,,,,,,,,,,,,,,,,,,,,,,,,,,,,,,,,,,,,,,,,,,,,,,,,,,,,,,,,,,,,,,,,,,,,,,,,,,,,,,,,,,,,,,,,,,,,,,,,,,,,,,,,,,,,,,,,,,,,,,,,,,,,,,,,,,,,,,,,,,,,,,,,,,,,,,,,,,,,,,,,,,,,,,,,,,,,,,,,,,,,,,,,,,,,,,,,,,,,,,,,,,,,,,,,,,,,,,,,,,,,,,,,,,,,,,,,,,,,,,,,,,,,,,,,,,,,,,,,,,,,,,,,,,,,,,,,,,,,,,,,,,,,,,,,,,,,,,,,,,,,,,,,,,,,,,,,,,,,,,,,,,,,,,,,,,,,,,,,,,,,,,,,,,,,,,,,,,,,,,,,,,,,,,,,,,,,,,,,,,,,,,,,,,,,,,,,,,,,,,,,,,,,,,,,,,,,,,,,,,,,,,,,,,,,,,,,,,,,,,,,,,,,,,,,,,,,,,,,,,,,,,,,,,,,,,,*/ʃˌə̃mːəhˈiːlˠ/,,,,,,,,,,,,,,,,,,,,,,,,,,,,,,,,,,,,,,,,,,,,,,,,,,,,,,,,,,,,,,,,,,,,,,,,,,,,,,,,,,,,,,,,,,,,,,,,,,,,,,,,,,,,,,,,,,,,,,,,,,,,,,,,,,,,,,,,,,,,,,,,,,,,,,,,,,,,,,,,,,,,,,,,,,,,,,,,,,,,,,,,,,,,,,,,,,,,,,,,,,,,,,,,,,,,,,,,,,,,,,,,,,,,,,
R474,,,,,,,,,,,,,,,,,,,,,,,,,,,,,,,,,,,,,,,,,,,,,,,,,,,,,,,,,,,,,,,,,,,,,,,,,,,,,,,,,,,,,,,,,,,,,,,,,,,,,,,,,,,,,,,,,,,,,,,,,*/ʃˈɛ̃məɾ̃/,,,,,,,,,,,,,,,,,,,,,,,,,,,,,,,,,,,,,,,,,,,,,,,,,,,,,,,,,,,,,,,,*/fˈɛ̃məɾ̃/,,,,,,,,,,,,,,,,,,,,,,,,,,,,,,,,,,,,,,,,,,,,,,,,,,,,,,,,,,,,,*/ɡʎˈə̃ndəɾ/,,,,,,,,,,,,,,,,,,,,,,,,,,,,,,,,,,,,,,,,,,,,,,,,,,,,,,,,,,,,,,,,,,,,,,,,,,,,,,,,,,,,,,,,,,,,,,,,,,,,,,,,,,*/cˈɛ̃məɾ/,,,,,,,,,,,,,,,,,,,,,,,,,,,,,,,,*/cˈɛːʃəɾ̃/,,,,,,,,,,,,,,,,,,,,,,,,,,,,,,,,,,,,,,,,,,,,,,,,,,,,,,,,,,,,,,,,,,,,,,,,,,,,,,,,,,,,,,,,,,,,,,,,,,,,,,,,,,,,,,,,,,,,,,,,,,,,,,,,,,,,,,,,,,,,,,,,,,,,,,,,,,,,,,,,,,,,,,,,,,,,,,,,,,,,*/lˈɛtəɾ/,,,,,,,,,,,,,,,,,,,,,,,,,,,,,,,,,,,,,,,,,,,,,,,,,,,,,,,,,,,,,,,,,,,,,,,,,,,,,,,,,,,,,,,,,,,,,,,,,,,,,,,,,,,,,,,,,,,,,,,,,,,,*/vˈɛpəɾ/,,,,,,,,,,,,,,,,,,,,,,,,,,,,,,,,,,,,,,,,,,,,,,,,,,,,,,,,,,,,,,,,,,,,,,,,,,,,,,,,,,,,,,,,,,,,,,,,,,,,,,,,,,,,,,,,,,,,,,,,,,,,,,,,,,,,,,,,,,,,,,,,,,,,,,,,,,*/rˈɛtəɾ̃/,,,,,,,,,,,,,,,,,,,,,,,,,,,,,,,,,,,,,,,,,,,,,,,,,,,,,,,,,,,,,,,,,,,,,,,,,,,,,,,,,,,,,,,,,,,,,,,,,,,,,,,,,,,,,,,,,,,,,,,,,,,,,,,,,,,,,,,,,,,,,,,,,,,,,,,,,,,,,,,,,,,,,,,,,,,,,,,,,,,,,,,,,,,,,,,,,,,,,,,,,,,,,,,,,,,,,,,,,,,,,,,,,,,,,,,,,,,,,,,,,,,,,,,,,,,,,,,,*/vˈitəʎ/,,,,,,,,,,,,,,,,,,,,,
R475,,,,,,,,,,,,,,,,,,,,,*/ˌaɾɡˈɔːɾˈiː/,,,,,,,,,,,,,,,*/pˌaɾmˈɛ̃nd/,,,,,,,,,,,,,,,,,,,,,,,,,,,,,,,,,,,,,,,,,,,,,,,,,,,,,,,,,,,,,,,,,,,*/ʃkˌalːkˈɔ̃ɲ/,,,,,,,,,,,,,,,,,,,,,,,,*/ʃkˌalːkˈɔ̃ɲ/,,,,,,,,,,,,,,,,,,*/hˌɛɾmˈɔ̃ɲ/,,,,,,,,,,,,,,,,,,,,,,,,,,,,,,,,,,,,,,,,,,,,,,,,,*/fˌulːcˈɛt/,,,,,,,,,,,,,,,,,,,,,,,,,,,,,,,,,,,,,,,,,,,,,,,,,,,,,,,,,,,,,,,,,,,,,,,,,,,,,,,,,,,,,,,,,,,,,,,,,,,,,,,,,,,,,,,,*/ˌãːɾ̃mˈik/,*/ə̃ɲ̈ɡˌalːkˈɔ̃ɲ/,,,,,,,,,,,,,,,,,,,,,,,,,,,,,,,,,,,,*/kˌalˠmˈɛt/,,,,,,,,,,,,,,,,,,,,,,,,,,,,,,,,,,,,,,,,,,,,,,,,,,,,,,*/cˌɛɾʃˈua̯ɾ/,,,,,,,,,,,,,,,,,,,,,,,,,,,,,,,,,,,,*/kˌulːcˈɔ̃ɲ/,*/kˌulːtˈɔ̃ɲ/,,,,,,,,,,,,,,,,,,,,,,,,,,,,,,,,,,,,,,,,,,,,,,,,,,*/kɾˌiːjtˈyːɾə/,,,,,,,,,,,,,,,,,,,,,,,,,,,,,,,,,,,,,,,,,,,,,,,,,,,,,,,,,,,,,,,,,,,,,,,,,,,,,,,,,,,,,,,,,,,,,,,,,*/mˌaːlˠkˈɔ̃ɲ/,,,,,,,,,,,,,,,,,,,,,,,,,,,,,,,,,,,,,,,,,,,,,,,,,,,,,,,,,,,,,,,,,,,,,,,,,,,,,,,,,,,,,,,,,,,,,*/nˌə̃mːɾ̃ˈɔ̃ɲ/,,,,,,,,,,,,,,,,,,,,,,,,,,,,,,,,,,,,,,,,,,,,,,,,,,,,,,,,,,,,,,,,,,,,,,,,,,,,,,,,,,,,,,,,,,,,,,,,,,,,,,,,*/pˌulːkˈye̯ɾ/,*/pˌulːcˈɛːɾ/,,,,,,,,,,,,,,,,,,,,*/pɾə̃mvˈɛːɾə/,,,,,,,,,,,,,,,,,,,,,,,,,,,,,,,,,,,,,,,,,,,,,,,,,,,,,,,,,,,,,,,,,,,,,,,,,,,,,,,,,,,,,,,,,,,,,,,,,,,,,,,,,,,,,,,,,,,,,,,,,,,,,,,,,,,,,,,,,,,,,,,,,,,,,,,,,,,,,,,,,,,,,,,,,,,,,,,,,,,,,,,,,,,,,,,,,,,,,,,,,,,,,,,,,,,,,,,,,,,,,,,,,,,,,,,,,,,,,,,*/tɾə̃mʃˈə̃ɾ̃ə/,,,,,,,,,,,,,,,,,,,,,,,,,,,,,,,,,,,,,,,,,,,,,,,,,,,,,,,,,,,,,,,,,,,,,,,,,,,,,,,,,
R476,,,,,,,,,,,,,,,,,,,,,,,,,,,,,,,,,,,,,,,,,,,,,,,,,,,,,,,,,,,,,,,,,,,,,,,,,,,,,,,,,,,,,,,,,,,,,,,,,,,,,,,,,,,,,,,,,,,,,,,,,,,,,,,,,,,,,,,,,,,,,,,,,,,,,,,,,,,,,,,,,,,,,,,,,,,,,,,,,,,,,,,,,,,,,,,,,,,,,,,,,,,,,,,,,,,,,,,,,,,,,,,,,,,,,,,,,,,,,,,,,,,,,,,,,,,,,,,,,,,,,,,,,,,,,,,,,,,,,,,,,,,,,,,,,,,,,,,,,,,,,,,,,,,,,,,,,,,,,,,,,,,,,,,,,,,,,,,,,,,,,,,,,,,,*/ɡl̩cˈɛːɾɛ/,,,,,,,,,,,,,,,,,,,,,,,,,,,,,,,,,,,,,,,,,,,,,,,,,,,,,,,,,,,,,,,,,,,,,,,,,,,,,,,,,,,,,*/ɡˌulːcˈɔ̃ɲ/,*/ɡˌulːtˈɔ̃ɲ/,*/ɡˌulːə̃mtˈɔ̃ɲ/,,,,,,,,,,,,,,,,,,,,,,,,,,,,,,,,,,,,,,,,,,,,,,,,,,,,,,,,,,,,,,,,,,,,,,,,,,,,,,,,,,,,,,,,,,,,,,,,,,,,,,,,,,,,,,,,,,,,,,,,,,,,,,,,,,,,,,,,,,,,,,,,,,,,,,,,,,,,,,,,,,,,,,,,,,,,,,,,,,,,,,,,,,,,,,,,,,,,,,,,,,,,,,,,,,,,,,,,,,,,,,,,,,,,,,,,,,,,,,,,,,,,,,,,,,,,,,,,,,,,,,,,,,,,,,,,,,,,,,,,,,,,,,,,,,,,,,,,,,,,,,,,,,,,,,,,,,,,,,,,,,,,,,,,,,,,,,,,,,,,,,,,,,,,,,,,,,,,,,,,,,,,,,,,,,,,,,,,,,,,,,,,,,,,,,,,,,,,,,,,,,,,,,,,,,,,,,,,,,,,,,,,,,,,,,,,,,,,,,,,,,,,,,,,,,,,,,,,,,,,,,,,,,,,,,,,,,,,,,,,,,,,,,,,,,,,,,,,,,,,,,,,,,,,,,,,,,,,,,,,,,,,,,,,,,,,,,,,,,,,,,,,,,,,,,,,,,,,,,,,,,,,,,,,,,,,,,,,,,,,,,,,,,,,,,,,,,,,,,,,,,,,,,,,,,,,,,,,,,,,,,,,,,,,,,,,,,,,,,,,,,,,,,,,,,,,,,,,,,,,,,,,,,,,,,,,,,,,,,,,,,,,
R477,,,,,,,,,,,,,,,,,,,,,,,,,,,,,,,,,,,,,,,,,,,,,,,,,,,,,,,,,,,,,,,,,,,,,,,,,,,,,,,,,,,,,,,,,,,,,,,,,,,,,,,,,,,,,,,,,,,,,,,,,,,,,,,,,,,,,,,,,,,,,,,,,,,,,,,,,,,,,,,,,,,,,,,,,,,,,,,,,,,,,,,,,,,,,,,,,,,,,,,,,,,,,,,,,,,,,,,,,,,,,,,,,,,,,,,,,,,,,,,,,,,,,,,,,,,,,,,,,,,,,,,,,,,,,,,,,,,,,,,,,,,,,,,,,,,,,,,,,,,,,,,,,,,,,,,,,,,,,,,,,,,,,,,,,,,,,,,,,,,,,,,,,,,,,,,,,,,,,,,,,,,,,,,,,,,,,,,,,,,,,,,,,,,,,,,,,,,,,,,,,,,,,,,,,,,,,,,,,,,,,,,,,,,,,,,,,,,,,,,,,,,,,,,,,,,,,,,,,,,,,,,,,,,,,,,,,,,,,,,,,,,,,,,,,,,,,,,,,,,,,,,,,,,,,,,,,,,,,,,,,,,,,,,,,,,,,,,,,,,,,,,,,,,,,,,,,,,,,,,,,,,,,,,,,,,,,,,,,,,,,,,,,,,,,,,,,,,,,,,,,,,,,,,,,,,,,,,,,,,,,,,,,,,,,,,,,,,,,,,,,,,,,,,,,,,,,,,,,,,,,,,,,,,,,,,,,,,,,,,,,,,,,,,,,,,,,,,,,,,,,,,,,,,,,,,,,,,,,,,,,,,,,,,,,,,,,,,,,,,,,,,,,,,,,,,,,,,,,,,,,,,,,,,,,,,,,,,,,,,,,,,,,,,,,,,,,,,,,,,,,,,,,,,,,,,,,,,,,,,,,,,,,,,,,,,,,,,,,,,,,,,,,,,,,,,,,,,,,,,,,,,,,,,,,,,,,,,,,,,,,,,,,,,,,,,,,,,,,,,,,,,,,,,,,,,,,,,,,,,,,,,,,,,,,,,,,,,,,,,,,,,,,,,,,,,,,,,,,,,,,,,,,,,,,,,,,,,,,,,,,,,,,,,,,,,,,,,,,,,,,,,,,,,,,,,,,,,,,,,,,,,,,,,,,,,,,,,,,,,,,,,,,,,,,,,,,,,,,,,,,,,,,,,,,,,,,,,,,,,,,,,,,,,,,,,,,,,,,,,,,,,,,,,,,,,,,,,,,,,
R478,,,,,,,,,,,,,,,,,,,,,,,,,,,,,,,,,,,,,,,,,,,,,,,,,,,,,,,,,,,,,,,,,,,,,,,,,,,,,,,,,,,,,,,,,,,,,,,,,,,,,,,,,,,,,,,,,,,,,,,,,,,,,,,,,,,,,,,,,,,,,,,,,,,,,,,,,,,,,,,,,,,,,,,,,,,,,,,,,,,,,,,,,,,,,,,,,,,,,,,,,,,,,,,,,,,,,,,,,,,,,,,,,,,,,,,,,,,,,,,,,,,,,,,,,,,,,,,,,,,,,,,,,,,,,,,,,,,,,,,,,,,,,,,,,,,,,,,,,,,,,,,,,,,,,,,,,,,,,,,,,,,,,,,,,,,,,,,,,,,,,,,,,,,,,,,,,,,,,,,,,,,,,,,,,,,,,,,,,,,,,,*/ɡɾ̩ʃˈə̃ɾ̃ə/,,,,,,,,,,,,,,,,,,,*/ɡɾ̩ʃˈɛdɾ̩/,,,,,,,,,,,,,,,,,,,,,,,,,,,,,,,,,,,,,,,,,,,,,,,,,,,,,,,,,,,,,,,,,,,,,,,,,,,,,,,,,,,,,,,,,,,,,,,,,,,,,,,,,,,,,,,,,,,,,,,,,,,,,,,,,,,,,,,,,,,,,,,,,,,,,,,,,,,,,,,,,,,,,,,,,,,,,,,,,,,,,,,,,,,,,,,,,,,,,,,,,,,,,,,,,,,,,,,,,,,,,,,,,,,,,,,,,,,,,,,,,,,,,,,,,,,,,,,,,,,,,,,,,,,,,,,,,,,,,,,,,,,,,,,,,,,,,,,,,,,,,,,,,,,,,,,,,,,,,,,,,,,,,,,,,,,,,,,,,,,,,,,,,,,,,,,,,,,,,,,,,,,,,,,,,,,,,,,,,,,,,,,,,,,,,,,,,,,,,,,,,,,,,,,,,,,,,,,,,,,,,,,,,,,,,,,,,,,,,,,,,,,,,,,,,,,,,,,,,,,,,,,,,,,,,,,,,,,,,,,,,,,,,,,,,,,,,,,,,,,,,,,,,,,,,,,,,,,,,,,,,,,,,,,,,,,,,,,,,,,,,,,,,,,,,,,,,,,,,,,,,,,,,,,,,,,,,,,,,,,,,,,,,,,,,,,,,,,,,,,,,,,,,,,,,,,,,,,,,,,,,,,,,,,,,,,,,,,,,,,,,,,,,,,,,,,,,,,,,,,,,,,,,,,,,,,,,,,,,,,,,,,,,,,,,,,,,,,,,,,,,,,,,,,,,,,,,,,,,,
R479,,,,,,,,,,,,,,,,,,,,,,,,,,,,,,,,,,,,,,,,,,,,,,,,,,,,,,,,,,,,,,,,,,,,,,,,,,,,,,,,,,,,,,,,,,,,,,,,,,,,,,,,,,,,,,,,,,,,,,,,,,,,,,,,,,,,,,,,,,,,,,,,,,,,,,,,,,,,,,,,,,,,,,,,,,,,,,,,,,,,,,,,,,,,,,,,,,,,,,,,,,,,,,,,,,,,,,,,,,,,,,,,,,,,,,,,,,,,,,,,,,,,,,,,,,,,,,,,,,,,,,,,,,,,,,,,,,,,,,,,,,,,,,,,,,,,,,,,,,,,,,,,,,,,,,,,,,,,,,,,,,,,,,,,,,,,,,,,,,,,,,,,,,,,,,,,,,,,,,,,,,,,,,,,,,,,,,,,,,,,,,,,,,,,,,,,,,,,,,,,,,,,,,,,,,,,,,,,,,,,,,,,,,,,,,,,,,,,,,,,,,,,,,,,,,,,,,*/ɡˌuːʃɾ̩tˈɔ̃ɲ/,,,,,,,,,,,,,,,,,,,,,,,,,,*/ɡˌuːtəd͡zˈɔ̃ɲ/,,,,,,,,,,,,,,,,,,,,,,,,,,,,,,,,,,,,,,,,,,,,,,,,,,,,,,,,,,,,,,,,,,,,,,,,,,,,,,,,,,,,,,,,,,,,,,,,,,,,,,,,,,,,,,,,,,,,,,,,,,,,,,,,,,,,,,,,,,,,,,,,,,,,,,,,,,,,,,,,,,,,,,,,,,,,,,,,,,,,,,,,,,,,,,,,,,,,,,,,,,,,,,,,,,,,,,,,,,,,,,,,,,,,,,,,,,,,,,,,,,,,,,,,,,,,,,,,,,,,,,,,,,,,,,,,,,,,,,,,,,,,,,,,,,,,,,,,,,,,,,,,,,,,,,,,,,,,,,,,,,,,,,,,,,,,,,,,,,,,,,,,,,,,,,,,,,,,,,,,,,,,,,,,,,,,,,,,,,,,,,,,,,,,,,,,,,,,,,,,,,,,,,,,,,,,,,,,,,,,,,,,,,,,,,,,,,,,,,,,,,,,,,,,,,,,,,,,,,,,,,,,,,,,,,,,,,,,,,,,,,,,,,,,,,,,,,,,,,,,,,,,,,,,,,,,,,,,,,,,,,,,,,,,,,,,,,,,,,,,,,,,,,,,,,,,,,,,,,,,,,,,,,,,,,,,,,,,,,,,,,,,,,,,,,,,,,,,,,,,,,,,,,,,,,,,,,,,,,,,,,,,,,,,,,,,,,,,,,,
R480,,,,,,,,,,,,,,,,,,,,,,,,,,,,,,,,,,,,,,,,,,,,,,,,,,,,,,,,,,,,,,,,,,,,,,,,,,,,,,,,,,,,,,,,,,,,,,,,,,,,,,,,,,,,,,,,,,,,,,,,,,,,,,,,,,,,,,,,,,,,,,,,,,,,,,,,,,,,,,,,,,,,,,,,,,,,,,,,,,,,,,,,,,,,,,,,,,,,,,,,,,,,,,,,,,,,,,,,,,,,,,,,,,,,,,,,,,,,,,,,,,,,,,,,,,,,,,,,,,,,,,,,,,,,,,,,,,,,,,,,,,,,,,,,,,,,,,,,,,,,,,,,,,,,,,,,,,,,,,,,,,,,,,,,,,,,,,,,,,,,,,,,,,,,,,,,,,,,,,,,,,,,,,,,,,,,,,,,,,,,,,,,,,,,,,,,,,,,,,,,,,,,,,,,,,,,,,,,,,,,,,,,,,,,,,,,,,,,,,,,,,,,,,,,,,,,,,,,,,,,,,,,,,,,,,,,,,,,,,,,*/ɡˌuːtd͡zˈɔ̃ɲ/,,,,,,,,,,,,,,,,,,,,,,,,,,,,,,,,,,,,,,,,,,,,,,,,,,,,,,,,,,,,,,,,,,,,,,,,,,,,,,,,,,,,,,,,,,,,,,,,,,,,,,,,,,,,,,,,*/mmbulˠˈɔ̃ɲ/,,,,,,,,,,,,,,,,,,,,,,,,,,,,,,,,,,,,,,,,,,,,,,,,,,,,,,,,,,,,,,,,,,,,,,,,,,,,,,,,,,,,,,,,,,,,,,,,,,,,,,,,,,,,,,,,,,,,,,,,,,,,,,,,,,,,,,,,,,,,,,,,,,,,,,,,,,,,,,,,,,,,,,,,,,,,,,,,,,,,,,,,,,,,,,,,,,,,,,,,,,,,,,,,,,,,,,,,,,,,,,,,,,,,,,,,,,,,,,,,,,,,,,,,,,,,,,,,,,,,,,,,,,,,,,,,,,,,,,,,,,,,,,,,,,,,,,,,,,,,,,,,,,,,,,,,,,,,,,,,,,,,,,,,,,,,,,,,,,,,,,,,,,,,,,,,,,,,,,,,,,,,,,,,,,,,,,,,,,,,,,,,,,,,,,,,,,,,,,,,,,,,,,,,,,,,,,,,,,,,,,,,,,,,,,,,,,,,,,,,,,,,,,,,,,,,,,,,,,,,,,,,,,,,,,,,,,,,,,,,,,,,,,,,,,,,,,,,,,,,,,,,,,,,,,,,,,,,,,,,,,,,,,,*/vˌuɾɾˈatə/
R481,,,,,,,,,,,,,,,,,,,,,,,,,,,,,,,,,,,,,,,,,,,,,,,,,,,,,,,,,,,,,,,,,,,,,,,,,,,,,,,,,,,,,,,,,,,,,,,,,,,,,,,,,,,,,,,,,,,,,,,,,,,,,,,,,,,,,,,,,,,,,,,,,,,,,,,,,,,,,,,,,,,,,,,,,,,,,,,,,,,,,,,,,,,,,,,,,,,,,,,,,,,,,,,,,,,,,,,,,,,,,,,,,,,,,,,,,,,,,,,,,,,,,,,,,,,,,,,,,,,,,,,,,,,,,,,,,,,,,,,,,,,,,,,,,,,,,,,,,,,,,,,,,,,,,,,,,,,,,,,,,,,,,,,,,,,,,,,,,,,,,,,,,,,,,,,,,,,,,,,,,,,,,,,,,,,,,,,,,,,,,,,,,,,,,,,,,,,,,,,,,,,,,,,,,,,,,,,,,,,,,,,,,,,,,,,,,,,,,,,,,,,,,,,,,,,,,,,,,,,,,,,,,,,,,,,,,,,,,,,,*/ɡˌuːd͡zˈɔ̃ɲ/,,,,,,,,,,,,,,,,,,,,,,,,,,,,,,,,,,,,,,,,,,,,,,,,,,,,,,,,,,,,,,,,,,,,,,,,,,,,,,,,,,,,,,,,,,,,,,,,,,,,,,,,,,,,,,,,*/mbulˠˈɔ̃ɲ/,,,,,,,,,,,,,,,,,,,,,,,,,,,,,,,,,,,,,,,,,,,,,,,,,,,,,,,,,,,,,,,,,,,,,,,,,,,,,,,,,,,,,,,,,,,,,,,,,,,,,,,,,,,,,,,,,,,,,,,,,,,,,,,,,,,,,,,,,,,,,,,,,,,,,,,,,,,,,,,,,,,,,,,,,,,,,,,,,,,,,,,,,,,,,,,,,,,,,,,,,,,,,,,,,,,,,,,,,,,,,,,,,,,,,,,,,,,,,,,,,,,,,,,,,,,,,,,,,,,,,,,,,,,,,,,,,,,,,,,,,,,,,,,,,,,,,,,,,,,,,,,,,,,,,,,,,,,,,,,,,,,,,,,,,,,,,,,,,,,,,,,,,,,,,,,,,,,,,,,,,,,,,,,,,,,,,,,,,,,,,,,,,,,,,,,,,,,,,,,,,,,,,,,,,,,,,,,,,,,,,,,,,,,,,,,,,,,,,,,,,,,,,,,,,,,,,,,,,,,,,,,,,,,,,,,,,,,,,,,,,,,,,,,,,,,,,,,,,,,,,,,,,,,,,,,,,,,,,,,,,,,,,,,*/vˌuɾˈatə/
R482,,,*/bˈɛ̃ɲə/,,,,,,,,,,,,,,,,,,,,,,,,,,,,,,,,,,,,,,,,,,,,,,,,,,,,,,,,,,,,,,,,,,,,,,,,,,,,,,,,*/dˌə̃nˈɔ̃ɲ/,,,,,,,,,,,,,,,,,,,,,,,,,,,,,,,,,,,,,,,,*/ʃˌə̃mˈɔ̃ɲ/,,,,,,,,,,,,,,,,,,,,,,,,,,,,,,,,,,,,,,,,,,,,,,,,,,,,,,,,,,,,,,,,,,,,*/fəʎˈan/,,,,,,,,,,*/flˈamə/,,,,,,,,,,,,,,,,,,,,,,,,*/fˌɔ̃nˈɛːɾ/,,,,,,,,,,,,,,,,,,,,,,,,*/ɡɾə̃məɾˈatə/,,,,,,,,,,,*/ɡˈũmə/,*/ɡˈũnə/,,,,,,,,,,,*/ɟˈũa̯n/,*/jˌãːnˈɛːɾ/,,,,,,,,,,,,,,,,*/ə̃mˈũː/,,,,,,,,,,,,,,,,,,,,,,,,,,,*/nˈɔk/,,,,,,,,,,,,,,,*/ɟˈɔːn/,,,,,,,,,,,,,,,,,,,,,,,,,,,*/cˈɛ̃ːn/,*/kˈanə/,*/kə̃nˈatə/,*/kə̃nˈɛt/,,,,,,,,,,,,,,,,,*/cɾ̩ɲˈɔ̃ɲ/,,,,,,,,,,,,,,,,,,,,,,,,,,,,,,,,,,,,,,,,,,,,,,,*/kʎə̃mˈuːʃt/,,,*/kˌũːnˈat/,,,,,,,,,,*/kˌulˠũmˈɛːsə/,,,,,,,,*/kˌũːmˈɛːɾc/,*/kˌũːŋɡˈɔ̃ɲ/,,,,,,,,,,,,,,,,,,,,,,,,,,,,,*/kˌuːɾbˈĩːn/,,,,,,,,,,,,,,,,,,,,,,,,,,,,,,,,,,,,,,,,,,,,,,,,,,,,,,,,,,,,,,,,,,,,,,,,*/lˈũa̯n/,,,,,,,,,,,,,,,,,,,,,,,,,,,,,,,,,,,,,,,,,,,,,,,,,,,,,,,,,,,,,,,,,,,,,,,,,,,,,,,,,,,,,,,,,,,,,,,,,,,,,*/mˈɛ̃nd/,,,,,,,,,,,,,,,,,,,,,*/nˈĩnə/,,,,*/nˌə̃mɾ̃ˈɔ̃ɲ/,*/nˈɔ̃n/,,,,,,,,,,,,,,,,,,,,,,,,,,,,,,,,,,,,,,,,,,,,,,,,,,,,,,,,,,,,,,,,,,,,,,,,,,,,,,,,,,,,*/pˈɛ̃nə/,,,,,,,,,,,,,,,,,,,,,*/pˈɛ̃mə/,,,,,,,,,,,,,,,,,,,,,,,,,,*/pɾə̃mˌɛːtˈɔ̃ɲ/,,,,,,,,,,,,,,,,,,,,,,,,,,,,,,,,,,,,,,,,,,,*/ɾə̃mˈə̃ɾ̃/,,,,,,,,,,,,,,,,,,,,,,,,,,,,,,,,,,,,,,,,*/ʃˌə̃məhˈiːlˠ/,,*/ʃˌə̃ndɾˈɛː/,,,*/ʃˌə̃mˈitɾ̩/,*/ʃˌə̃ŋɡˈɔːlˠə/,,,,,,,,,,,,,,,,,,,*/ʃə̃nˈɔ̃ɲ/,,,,,,,,,,,,,*/ʃcˈɛ̃m/,,,,,,,,,,,,,,,,,,,,,,,,,,,,,,,,*/ʃpˈĩnə/,,,,,,,,,,,,,,,,,,,,,,,,,,,,,,*/ʃˈũmə/,,,,,,,,,,,,,,,,,,,,,,,,,,,,,,,,,,,,,,,,,,,,,,,,,,,,,,,,,,,,,,,,,,,,,,,,,,,,,,,,,,,,,,,,,,,,,,,,,,,,,,,,,,,,,,,,,,,,,,,,,,,,,,,,,,
~Proto-Tosk,null*/hˌavərˈɔ̃ɲ/,null*/bˈɛ̃ɲ̈ɡ/,null*/bˈɛ̃ɲə/,null*/blˈɛɲ/,null*/vlˈɔ̃ɾ̃ə/,null*/vlˌɔ̃ɲˈat/,null*/ˌaðˌuɾˈɔ̃ɲ/,null*/ˌaðəɾˈɔ̃ɲ/,null*/ˈajɾ̩/,null*/rˈɛ̃m/,null*/ʃmˈɔ̃ɲ/,null*/jˈɛtə/,null*/jˈɛvə/,null*/cˈĩɲɟ/,null*/cˈiːft/,null*/cˈiːftɾ̩/,null*/ˌuʃˈũɲə/,null*/ˈaːɾbəɾ̃/,null*/əɾbə̃ɾ̃ˈɛːʃ/,null*/ˈaːʎ/,null*/ˌaɾɡˈɔːɾˈiː/,null*/əltˈɛːɾ/,null*/ə̃mpː̬ətˈĩː/,null*/ə̃mbulˠˈɔ̃ɲ/,null*/mˈɛ̃ndulˠ/,null*/mˈik/,null*/ˈɛ̃mtə/,null*/mˈuːɾɡə/,null*/ˈə̃ɲɟ?0/,null*/ˈɛ̃ɲɟ?0/,null*/ɲˈiːlːə/,null*/ə̃ɲ̈ɡˈuːʃt/,null*/ə̃ɲ̈ɡuːʃtˈɔ̃ɲ/,null*/ə̃ndˈɔ̃ɲ/,null*/nˈuːlːə/,null*/pˌaɾmˈɛ̃nd/,null*/pɾˈiːl/,null*/ˈaːft/,null*/ɾˈə̃ɾ̃ə/,null*/əɾɟˈɛ̃nd/,null*/ˈaːɾmə/,null*/əɾmˈɔ̃ɲ/,null*/əɾmˈatə/,null*/hˌaɾməʃˈua̯ɾ/,null*/ˌarˈĩːɲ/,null*/ˈaːɾk/,null*/ˈaːɾkə/,null*/ˈaːʃkl̩ː/,null*/ʃpˈaːɾəɡ/,null*/ˈaːʃpɾ̩/,null*/vˈɛ̃nd/,null*/ˌavlə̃mˈɛ̃nd/,null*/ɡˈuːʃt/,null*/rˈye̯lˠ/,null*/ˈaːɾ/,null*/ˈũɲ̈ɡl̩ː/,null*/bˈaːlʃm̩/,null*/bˈaɲə/,null*/bˌaɾˈatɾ̩/,null*/bˈaːɾkə/,null*/bˌaɾˈũa̯/,null*/bˌatˈaːʎə/,null*/bˌatˈaːʎə/,null*/bˌɛ̃nkˈɔ̃ɲ/,null*/bˈiːʃə/,null*/bˌĩːɲˈaːɾ/,null*/bˈɔːlˠə/,null*/bɾˈɛc/,null*/bɾˈɔkə/,null*/bɾˈɛːʃkə/,null*/bɾˈɛːʃkə/,null*/bɾˈỹmə/,null*/bˌult͡ʃˈɛːʃ/,null*/bˈuːʎk/,null*/bˈuːlc/,null*/bˈuːf/,null*/bˈuːlːə/,null*/bˈukə/,null*/bˈuːʃ/,null*/bˈuːɾɡ/,null*/bˈut/,null*/dˈɛ̃məɾ̃/,null*/dˌə̃nˈɔ̃ɲ/,null*/dˈə̃m/,null*/dˌɛːtˈɔ̃ɲ/,null*/dˌɛːtˈua̯ɾ/,null*/dˌɛːtˈɔːɾəs/,null*/dˌɛːtˈyːɾə/,null*/dəlˌiːɾˈɔ̃ɲ/,null*/dəkˌatˈɔ̃ɲ/,null*/dəpɾ̩tˈɔ̃ɲ/,null*/dəʃtˈɔ̃ɲ/,null*/dɾ̩mˈɔ̃ɲ/,null*/dəʃˌiːɾˈɔ̃ɲ/,null*/dəʃˈiːɾə/,null*/djˈaːlˠ/,null*/zˈə̃ɾ̃ə/,null*/dəftˈɔ̃ɲ/,null*/dˈɛ̃ɲə/,null*/dɾ̩ɡˈɔ̃ɲ/,null*/dəɾˈɛjt/,null*/də/,null*/ʃkˌalːkˈɔ̃ɲ/,null*/ʃkˌaɾkˈɔ̃ɲ/,null*/dˈiːʃkə/,null*/ʃcˌyːɾtˈɔ̃ɲ/,null*/zbˌulːˈɔ̃ɲ/,null*/mˌuːʃtəkˈɔ̃ɲ/,null*/dˌulˠˈye̯/,null*/ðˌuɾˈɔ̃ɲ/,null*/dɾˈɛc/,null*/dɾə̃ɲ̈ɡˈũa̯/,null*/dɾˈĩː/,null*/dɾˈiːʃt/,null*/dˈuc/,null*/dˌulpəkˈɔ̃ɲ/,null*/dˌuɾˈɔ̃ɲ/,null*/hˌɛːtˈɔ̃ɲ/,null*/kʎˈiːʃə/,null*/kə/,null*/ʃˈɛ̃məɾ̃/,null*/ʃˌə̃mtˈɔ̃ɲ/,null*/ʃˌə̃mˈɔ̃ɲ/,null*/ʃˈɛ̃mbulˠ/,null*/ʃndəɾˈɔ̃ɲ/,null*/ʃˈɛ̃ɲ/,null*/ʃkˌalːkˈɔ̃ɲ/,null*/ʃkˌalˠˈɔ̃ɲ/,null*/ʃkˌə̃mbˈɛ̃ɲ/,null*/ʃkˌə̃ndˈɛ̃ɲ/,null*/ʃkˌaɾzˈɛ̃ɲ/,null*/ʃkˌaɾtˈɔ̃ɲ/,null*/ʃkˌatərˈɔ̃ɲ/,null*/ʃkˌaːɡˈɔ̃ɲ/,null*/ʃcˈip/,null*/ʃkˈuːlˠ/,null*/ʃkˌuːɾtˈɔ̃ɲ/,null*/ʃkˈuːɾt/,null*/zmˈɔjlɛ/,null*/ʃˈuːʃ/,null*/ʃpətˈɔ̃ɲ/,null*/ʃpˈɛjt/,null*/ʃpəlːˈãːɲ/,null*/ʃpɾ̩lˈãːɲ/,null*/hˌɛɾmˈɔ̃ɲ/,null*/ʃtə̃ɾ̃ˈɔ̃ɲ/,null*/ʃtɾˈyð/,null*/ʃˌũɲ̈ɡulˠˈɔ̃ɲ/,null*/zɟəlˠˈɔ̃ɲ/,null*/lˈiɟɛ/,null*/pˌɛːʃkˈɔp/,null*/pˈɛːʃkəp/,null*/ˌupˈɛːʃp/,null*/pəʃkəpˈiː/,null*/rəɡˈɔ̃ɲ/,null*/rə̃mˈit/,null*/ˈiːɾic/,null*/rˈyːlˠə/,null*/ˈɛːʃkə/,null*/ũɲɟˈiːlˠ/,null*/ˈyːe̯j̃ɲ/,null*/fˈaːɾkə/,null*/fˌaːɾkˈɔ̃ɲ/,null*/fˈaɡ/,null*/fˌəʎˈɛ̃ɲ/,null*/fəlːˈɛ̃ɲ/,null*/fˈaːʎ/,null*/fˈỹːe̯ɲ/,null*/fl̩cˈĩɲə/,null*/fˌaːʎkˈũa̯/,null*/fˈacɛ/,null*/fˌajtˈyːɾə/,null*/fˈamə/,null*/fˌə̃mˈiːʎə/,null*/fˈamulˠ/,null*/fˈə̃ɲ̈ɡ/,null*/fərˈɔ̃ɲ/,null*/fərˈatə/,null*/fˈaːɾmək/,null*/fˈaːʃcə/,null*/fəʎˈɔːlˠə/,null*/fˈat/,null*/fˈɛːlːə/,null*/fˌɛːɾˈua̯ɾ/,null*/fˈɛ̃məɾ̃/,null*/fə̃ɲˈɛʃtɾ̩/,null*/fɾˈuːʃkə/,null{ABSENT},null*/fjˈɔ̃ɲ/,null*/fˈik/,null*/fəʎˈan/,null*/fˈɛːʎkə/,null*/fəʎˈɛːʃtɾ̩/,null*/fˌulːcˈɛt/,null*/fˈiːlˠ/,null*/fəlˈĩː/,null*/fʃˈikulˠ/,null*/fˌiːʃtəlˠˈɔ̃ɲ/,null*/flˈakulˠ/,null*/flˈakulˠ/,null*/flˈamə/,null*/flˈaːʃkə/,null*/flˈɔk/,null*/flˌɔɾˈĩː/,null*/flˌutulˠˈɔ̃ɲ/,null*/fˌɔjlˈɛtə/,null*/fˌuɾmˈɛːlːə/,null*/fˈuːric/,null*/fˌuricˈiː/,null*/fˈɔːɾt/,null*/fˌuɾtˈũnə/,null*/fˈuːʃə/,null*/fʃˈat/,null*/fɾˈaːʃəɾ̃/,null*/fɾˈə̃ɲ̈ɡ/,null*/fɾˌə̃ɲɟˈiː/,null*/fɾˈɛ̃ɾ̃ə/,null*/fɾˈɛ̃ː/,null*/fɾ̩ɡˈɔ̃ɲ/,null*/fɾ̩ɡəlˠˈɔ̃ɲ/,null*/fɾ̩kˈɔ̃ɲ/,null*/flˠˌɛtˈɛːɾɛ/,null*/fɾˈyt/,null*/fˌult͡ʃˈiː/,null*/fˌɔ̃nˈɛːɾ/,null*/fˈũnd/,null*/fˈuːɾkə/,null*/fˈuːr/,null*/fˈuːʒɲə/,null*/fˌuʒɲˈaːɾ/,null*/fˈuːʃtulˠ/,null*/fˈut/,null*/ɟˈɛːlbəɾ̃/,null*/ɡˈaːɾɡulˠ/,null*/ɡəlːˈaːsə/,null*/ɟˈɛːlː/,null*/ɡˈatə/,null*/ɡˈat/,null*/ɡˈaːz/,null*/ɡˌaːzmˈɛ̃nd/,null*/ɟə̃mˈɔ̃ɲ/,null*/ɟə̃ɾ̃ˈiː/,null*/ɟˈɛʃtɾ̩/,null*/ɟˈĩnd/,null*/ɟˈɛːɾɟ/,null*/ɡʎˈə̃ndəɾ/,null*/ɡʎˈɛ̃m/,null*/lˈiːɾ/,null*/ɡɾə̃məɾˈatə/,null*/ɡɾˈɛk/,null{ABSENT},null*/ɡɾˈat/,null*/ɡɾˈiɟ/,null*/ɡɾˈĩm/,null*/ɡɾˈiːlːə/,null*/ɡɾˌũmbulˠˈɔ̃ɲ/,null*/ɡɾˈũmulˠ/,null*/ɡɾˈiːfʃə/,null*/ɡˈuːlˠə/,null*/ɡˈũmə/,null*/ɡˈũnə/,null*/ɡˈutə/,null*/ɟˈiːɾ/,null*/ʃtˈiːʎə/,null*/vərˈĩː/,null*/vərˈiːzə/,null*/hˈĩɲ̈ɡl̩ː/,null*/ɲ̈ɡulˠˈɔ̃ɲ/,null*/əɾənd͡zˈɔ̃ɲ/,null*/hˈɛːɾə/,null*/ˌurˈɛ̃ɲ/,null*/ɟˈũa̯n/,null*/jˌãːnˈɛːɾ/,null*/ɟə̃ɾ̃ˈɔ̃ɲ/,null*/kˈɔ̃ɾ̃ə/,null*/ˈiːʎə/,null*/ˈiːlc/,null*/ˈiːlcˈɛt/,null*/ə̃mbəɾˈɔ̃ɲ/,null*/ə̃mbɾ̩tˈɛːʃə/,null*/pɾ̩ndˈɛːʃə/,null*/ə̃mbəɾˌɛtˈua̯ɾ/,null*/pɾ̩ndˈua̯ɾ/,null*/ə̃mbəɾˌɛtuɾˈɛːʃə/,null*/ə̃mbəɾˈɛt/,null*/ə̃mbəɾˈɛtɾ̩/,null*/ə̃mblə̃ndˈɔ̃ɲ/,null*/ə̃mblˈɔ̃ɲ/,null*/ə̃mˈũː/,null*/nˈaːltə/,null*/nˌalsˈɔ̃ɲ/,null*/nˈaːlt/,null*/nˌaːɾtˈɔ̃ɲ/,null*/ə̃mbˌurˈə̃/,null*/ə̃ndəʃkˈɔ̃ɲ/,null*/ˌə̃ndˌiːkˈɔ̃ɲ/,null*/ə̃ndəkˈɔ̃ɲ/,null*/ə̃ndəftˈɔ̃ɲ/,null*/ə̃ndɾ̩tˈɔ̃ɲ/,null*/ə̃ndəɾˈɛc/,null*/ə̃ndəʎˈɛ̃ɲ/,null*/fəʃcˈɔ̃ɲ/,null*/fˈɛːr/,null*/ə̃ɲ̈ɡə̃ɲˈɛ̃ɲ/,null*/ə̃ɲ̈ɡɾˈatə/,null*/ˌãːɾ̃mˈik/,null*/ə̃ɲ̈ɡˌalːkˈɔ̃ɲ/,null*/ə̃ɲ̈ɡˌaɾkˈɔ̃ɲ/,null*/ə̃ɲ̈ɡˌaːʃə̃ɾ̃ˈɛ̃ɲ/,null*/ə̃ɲɟəɾˈɔ̃ɲ/,null*/ə̃ɲ̈ɡˌuːʃəlˠˈɔ̃ɲ/,null*/ə̃ɲ̈ɡˈɔːɾð/,null*/kˈuð/,null*/kˈuðəɾ̃/,null*/ə̃ɲ̈ɡˌũːɲˈɔ̃ɲ/,null*/nˈɔk/,null*/nˈɔːfulˠ/,null*/ə̃mbəkˈat/,null*/ə̃mbəʃˈɔ̃ɲ/,null*/ʃˈɛ̃ɲə/,null*/ˈiːʃulˠ/,null*/ə̃ndl̩ːɡˈɔ̃ɲ/,null*/ə̃ndɾ̩ɡˈɔ̃ɲ/,null*/ə̃ndɾ̩/,null*/ə̃ɲɟˈỹe̯ɲ/,null*/mərˈaːʎə/,null*/vˈɛːr/,null*/məzˈɔ̃ɲ/,null*/ftˈɔ̃ɲ/,null*/məsˈɔ̃ɲ/,null*/ɟˈɔːn/,null*/jˈɔk/,null*/ˈiːɾə/,null*/ɟˌyːkˈɔ̃ɲ/,null*/ɟˌyːɡˈatə/,null*/ɟˈyːc/,null*/ɟˌỹːndˈyːɾə/,null*/ɟˈỹnd/,null*/ɟəɾˈɔ̃ɲ/,null*/ɟˌuːvˈɛ̃ɲ̈ɡə/,null*/cˈɛkə/,null*/cˈie̯lˠ/,null*/kˌalˠmˈɛt/,null*/kˈaːlˠəm/,null*/kəlˠˈandə/,null*/kˌalˠə̃ndˈua̯ɾ/,null*/cˈɛːlc/,null*/ɡl̩cˈɛːɾɛ/,null*/cˈɛːlː/,null*/kˈə̃mbə/,null*/kˌə̃mbˈɛ̃ɲ/,null*/cˈɛ̃məɾ/,null*/kˌə̃mbˈə̃ɾ̃ə/,null*/kˌə̃mbˈɔ̃ɾ̃ə/,null*/kə̃mˈiːʃə/,null*/kˈə̃ɾ̃əp/,null*/kə̃ndˈɛːlˠə/,null*/cˈɛ̃ːn/,null*/kˈanə/,null*/kə̃nˈatə/,null*/kə̃nˈɛt/,null*/kə̃ndˈɔ̃ɲ/,null*/kˈandɾ̩/,null*/kˈə̃ɲ̈ɡə/,null*/kˌə̃ɲɟˈɛːlː/,null*/kˌapˈɛːlːə/,null*/kˌapɾˈua̯lˠ/,null*/kˌafʃˈatə/,null*/kˌafʃˈɔ̃ɲ/,null*/kˌapɾˈɛːʃt/,null*/kəftˈĩnə/,null*/kˌapˈũa̯/,null*/cˈɛpɾ̩/,null*/kˈaːft/,null*/cˈɛːrɛ/,null*/kɾ̩pˈuːs/,null*/kˌarjˈɔːz/,null*/cɾ̩ɲˈɔ̃ɲ/,null*/kˈaːrə/,null*/cˈɛːr/,null*/kˌarˌiːkəlˠˈɔ̃ɲ/,null*/ɡɾ̩ʃˈə̃ɾ̃ə/,null*/kˈaːɾtə/,null*/cˈɛːʃəɾ̃/,null*/kəʃtˈɛ̃ɲə/,null*/kˌaʃɲˈɛt/,null*/kəʃcˈɛlːə/,null*/kəʃcˈɛlː/,null*/kˈaːfkə/,null*/kˈaːfʃə/,null*/cˈɛːlːə/,null*/cˈĩnd/,null*/cˈɛ̃ndɾ̩/,null*/cˌɛ̃ndɾˈɔ̃ɲ/,null*/cˈɛpə/,null*/cˌɛpˈuːlːə/,null*/cˌɛɾʃˈua̯ɾ/,null*/kəɾˈɛlː/,null*/kəɾˈye̯/,null*/cˈaːr/,null*/ɡɾ̩ʃˈɛdɾ̩/,null*/cɾ̩tˈɔ̃ɲ/,null*/cˈɔ̃ɲ/,null*/ə̃ɲ̈ɡˈaːlˠə/,null*/cˈicɾ̩/,null*/kˈɔːɾɛ/,null*/cˈĩmkə/,null*/cˌĩːmˈuːʃə/,null*/cˈĩɲ̈ɡl̩ː/,null*/kɾ̩kˈɔ̃ɲ/,null*/kɾ̩cˈɛːlːə/,null*/cˈaːɾkulˠ/,null*/cˈaːɾk/,null*/cˈitɾ̩/,null*/cˌyːtˈɛt/,null*/kʎə̃mˈɔ̃ɲ/,null*/kl̩ɾˈɔ̃ɲ/,null*/kʎˈaːɾtə/,null*/kʎˈaːɾ̃/,null*/kʎˌyːtˈyːɾə/,null*/kʎˌaːɾˈyːlˠə/,null*/kəʃˈyːɾə/,null*/kl̩ʃˈyːɾə/,null*/kʎə̃mˈɛ̃nd/,null*/kʎə̃mˈuːʃt/,null*/kˌuːmtˈɔ̃ɲ/,null*/kˌuʎtˈɔ̃ɲ/,null*/kˌũːnˈat/,null*/kˌuːjɾˈi/,null*/kˈĩːɲ/,null*/kˌulˠˈɔ̃ɲ/,null*/kˌulːˈaːɾ/,null*/ɡˌulːcˈɔ̃ɲ/,null*/ɡˌulːtˈɔ̃ɲ/,null*/ɡˌulːə̃mtˈɔ̃ɲ/,null*/kˌulˠˈɔːʃtɾ̩/,null*/kˌulˠũmbə̃ɾ̃ˈiː/,null*/kˌulˠũmˈɛːsə/,null*/kˈũɲ̈ɡə/,null*/kˈɔkə/,null*/kˈɔc/,null*/kˈɔk/,null*/kˈɔːfʃə/,null*/kˌɔːftˈua̯ɾ/,null*/kˈɔ̃mə/,null*/kˌũːmˈɛːɾc/,null*/kˌũːŋɡˈɔ̃ɲ/,null*/kˈũmtɾ̩/,null*/kˌuːpətˈɔ̃ɲ/,null*/kˌuːpətˈɔ̃ɲ/,null*/kˈũmt/,null*/kˌuːfˈĩɲ/,null*/kˌuːʃˈiːlː/,null*/ɡˌuːʃɾ̩tˈɔ̃ɲ/,null*/kˌuːʃəɾˈĩː/,null*/kˌuːʃtˈɔ̃ɲ/,null*/kˈuːʃulˠ/,null*/kˌuːtə̃ndˈɔ̃ɲ/,null*/kˈũndɾ̩/,null*/kˌũːndɾˈua̯lˠ/,null*/kˌũːndɾ̩ʃtˈaːɾ/,null*/kˌũːnˈuːʎkə/,null*/kˌuːvə̃ndˈɔ̃ɲ/,null*/kˌuːvˈɛ̃nd/,null*/kˌuːɾtˈyːɾə/,null*/kˈɔːɾbulˠ/,null*/kˈɔːɾðə/,null*/kˈɔːrj/,null*/kˌuːrˈiːʎk/,null*/kˌɔːrˈutə/,null*/kˌuːɾˈɔ̃ɾ̃ə/,null*/kˈɔːɾp/,null{ABSENT},null*/kˌuːɾtˈĩnə/,null*/kˈua̯ɾ/,null*/kˌuːɾbˈĩːn/,null*/kˈɔːɾb/,null*/kˈɔːʃ/,null*/ftˈɔ̃ɲ/,null*/ɡˌuːd͡zˈɔ̃ɲ/,null*/kɾˈapulˠ/,null*/kɾˌiːjˈɔ̃ɲ/,null*/kɾˌiːjˈɛːsə/,null*/kɾˌiːjtˈyːɾə/,null*/kɾˈɛtk/,null*/kɾˈɛːzm̩/,null*/kɾˌɛzmˈɔ̃ɲ/,null*/kɾˈɛːʃpə/,null*/kɾˈɛːʃtə/,null*/kɾ̩ʃtˈɛ̃ɾ̃ə/,null*/kɾ̩ʃn̩dˈɛːl/,null*/kɾˈiːʃt/,null*/kɾˈɔkulˠ/,null*/kɾˈuːʃk/,null*/kɾˈuc/,null*/kɾˈutə/,null*/kˈut/,null*/kˈuːɾtə/,null*/kˈukuɾ/,null*/kˌuːkˈuːtə/,null*/kˈuːltɾ̩/,null*/kˈuːlm/,null*/kˈũmulˠ/,null*/kˈuːlˠm/,null*/kˈũɲ/,null*/kˌũːɲˈɔ̃ɲ/,null*/kˌũːndˈɔ̃ɲ/,null*/kˈup/,null*/kˈupə/,null*/cəɾˈɔ̃ɲ/,null*/kˌuːɾsˈɛ̃ɲ/,null*/kɾˈiɡə/,null*/kərˈɛːʒm̩/,null*/kˈɔdɾ̩/,null*/cəɾˈɔ̃ɲ/,null*/kˈaːɾtə/,null*/kˈɔːɾtə/,null*/kˈɔːɾt/,null*/kˌaʃˈiːlː/,null*/cˌy/,null*/cˈɛt/,null*/cˈyːʃ/,null*/cˈĩmə/,null*/cˈipɾ̩/,null*/ləvɾˈɔ̃ɲ/,null*/lˌaːɾˈuːʃkə/,null*/ləkˈũa̯/,null*/lˈaːfʃə/,null*/ləʃˈɔ̃ɲ/,null*/lˈak/,null*/lə̃ɲ̈ɡˈɔ̃ɲ/,null*/lə̃ɲɟˈyːɾə/,null*/lə̃ɲɟˈye̯ɾ/,null*/lə̃ɲɟˈɛːɾɛ/,null*/ləpˈatɛ/,null*/lˈaːɾɡ/,null*/lˈaːɾð/,null*/lˈaːʃ/,null*/lətˈĩː/,null*/lˈãːɲ/,null*/lˌatˈyːɾə/,null*/ləvdˈɔ̃ɲ/,null*/lˈavd/,null*/ləfcˈɛːɾ/,null*/lˈaːɾ/,null*/lˈiɟ/,null*/lə̃ndˈɔ̃ɲ/,null*/lˈũa̯n/,null*/lˈɛpuɾ/,null*/lˈɛpuʎ/,null*/lˈɛpɾ̩/,null*/lˈiːɾ/,null*/lˈibɾ̩/,null*/lˌiːɾˈɔ̃ɲ/,null*/lˌiɡətˈyːɾə/,null*/lˈiːlː/,null*/lˈic/,null*/lˈĩmə/,null*/lə̃mˈɔ̃ɲ/,null*/lˈĩː/,null*/lˈĩɲə/,null*/lˌɛpətˈyːɾə/,null*/lˈɛːʃ/,null*/lˈɛtəɾ/,null*/lˈũːa̯ɲ/,null*/lˌucˈɛːrə/,null*/lˈukɾ̩/,null*/lˈuːftə/,null*/lˌuftˈɔ̃ɲ/,null*/lˌuftːˈaːɾ/,null*/lˈũndɾ̩/,null*/lˌuɡˈat/,null*/lˌucˈɛɾbulˠ/,null*/lˈyːʃtɾ̩/,null*/mjˈɛʃtɾ̩/,null*/mə̃ɲɟˈiː/,null*/mˌaːʃtəɾˈɔ̃ɲ/,null*/mˌaːʃtˈɛːɾk/,null*/mˌajˈɛːɾɛ/,null*/mˈaj/,null*/mˌaːlˠkˈɔ̃ɲ/,null*/mˌaːlːsˈɔːlˠə/,null*/mə̃ɲˈɔːlˠə/,null*/mˌəlˠˈɛt/,null*/mˈaːʎ/,null*/mˌaːlsˈɔ̃ɲ/,null*/mˌaːlˠə̃ɲɟˈɛ̃ɲ/,null*/mˈaːlˠ/,null*/mˌĩnˈɔ̃ɲ/,null*/mˈə̃ɲ̈ɡə/,null*/mə̃ɲ̈ɡˈɔ̃ɲ/,null*/mbulˠˈɔ̃ɲ/,null*/mˈə̃ɲə/,null*/mˈə̃ɲ̈ɡ/,null*/mˈə̃ɲ̈ɡə/,null*/mə̃ɲ̈ɡˈɔ̃ɲ/,null*/mˈə̃ɲɟəɾ̃/,null*/mˈãːjt/,null*/mˈaːɾɟəɾ̃/,null*/məɾˈiː/,null*/mɾ̩kˈɔːʃ/,null*/məlˈyc/,null*/mɾ̩tˈɔ̃ɲ/,null*/mɾ̩tˈɔ̃ɲ/,null*/mɾ̩tˈɛːsə/,null*/mˈaːɾk/,null*/mˈaːɾmuɾ/,null*/mɾ̩cˌĩːnˈɛt/,null*/mˈaːɾt/,null*/mɾ̩tˈĩː/,null*/mˈaːɾs/,null*/mˈaːɾ/,null*/məɾˈũː/,null*/mˈaːʃkulˠ/,null*/mˈaːʃə/,null*/məʃtəkˈɔ̃ɲ/,null*/mə̃ndˈaːfʃ/,null*/mˌaːtɾˈik/,null*/mə̃ndɾˈikulˠ/,null*/mə̃sˈuk/,null*/məkˈɔ̃ɲ/,null*/məɡˈaːʃtɾ̩/,null*/mjˈɛːk/,null*/mətˈɔ̃ɲ/,null*/mjˈɛz/,null*/məʃˈɛːɾə/,null*/mˈɛ̃ndə/,null*/mˈɛ̃nd/,null*/mɾ̩zˈɛ̃ɲ/,null*/məɾˈiːz/,null*/mɾ̩ɡˈɔ̃ɲ/,null*/mɾ̩cˈɛːɾ/,null*/mɾ̩kˈuːɾə/,null*/məlˠˈɛ̃ɲə/,null*/mjˈɛtulˠ/,null*/mɾ̩ɡˈɔ̃ɲ/,null*/mˈiːʎə/,null*/mˌãːɾʃtˈɔ̃ɲ/,null*/məɾˈɛkulˠ/,null*/məɾˌɛkəlˠˈɔ̃ɲ/,null*/məɾˈɛ̃ɲ/,null*/mˈɛːʃə/,null*/məʃɾˈɛːɾ/,null*/məʃˈiːɾə/,null*/mˈuːz/,null*/mˈɔð/,null*/mˌulˠˈaːɾ/,null*/mˌulˠˈĩː/,null*/mˈɛ̃nd/,null*/mˈũnək/,null*/mˈɔːʃtɾ̩/,null*/mˌuɾtˈaːʎə/,null*/mˈɔːɾt/,null*/mˈyk/,null*/mˈuːlˠə/,null*/mˌuʎkˈɔ̃ɲ/,null*/mˈyːlˠ/,null*/mˌuɾmuɾˈɔ̃ɲ/,null*/mˈyːɾ/,null*/mˌuʃcəlˠˈua̯ɾ/,null*/mˌuʃkˈɔ̃ɲə/,null*/mˈuːʃkulˠ/,null*/mˈyːʃk/,null*/mˈuːʃt/,null*/mɾ̩cˈĩɲə/,null*/mˈɛːrə/,null*/nˈapə/,null*/nˌaːtˈyːɾə/,null*/mjˈɛɡulˠ/,null*/nˈĩnə/,null*/ə̃ɲ̈ɡˌaɾðˌulːˈicɛ/,null*/nˈɛð/,null*/nˈye̯lˠ/,null*/nˌə̃mɾ̃ˈɔ̃ɲ/,null*/nˈɔ̃n/,null*/nˌɔːtˈɔ̃ɲ/,null*/nˈɔːʃtɾ̩/,null*/ɲˈɛɾkə/,null*/nˌũmbəɾˈɔ̃ɲ/,null*/nˈũmɾ̩/,null*/nˈuːsə/,null*/blˈatə/,null*/fˈɛːlːə/,null*/ˌulˠˈaːʃtɾ̩/,null*/vˈaʃtɾ̩/,null*/vˈaʎ/,null*/ˌulˠˈĩː/,null*/vˈɛpəɾ/,null*/ˌuɾˈɔ̃ɲ/,null*/vˈɛɾb/,null*/ˌuɾðə̃ɾ̃ˈɔ̃ɲ/,null*/ˌuɾðə̃ɾ̃ˈatə/,null*/ˈuɾðəɾ̃/,null*/vˈar/,null*/vˈaɾfəɾ̃/,null*/ˌuʃtˈɔ̃ɲ/,null*/ˈut/,null*/vˈɛːsə/,null*/vˈɛː/,null*/pˌaːlˠˈɔ̃ɲ/,null*/pˈyːlˠ/,null*/pˌɛ̃ndˈɛ̃ɲ/,null*/pˌɛ̃ndˈɛːsə/,null*/pˌəɡˈə̃ɾ̃ə/,null*/pˌaɡətˈyːɾə/,null*/pˌaɡˈuã̯ɲ/,null*/pˈaːlˠə/,null*/pˈaːʎə/,null*/pəlˠˈũmb/,null*/pˈac/,null*/pˌajtˈɔ̃ɲ/,null*/pˈajt/,null*/pəlˠˈaːs/,null*/pˈaːɾ/,null*/pəɾˈaːlˠə/,null*/pˌaɾˈiːz/,null*/pəɾˈɔ̃ɲ/,null*/pəɾˈɔ̃ɲ/,null*/pˌaɾəndˈɔ̃ɲ/,null*/pəɾˈĩnd/,null*/fɾˌaʃˈua̯lˠ/,null*/fˌaʃˈua̯lˠ/,null*/pˈaːʃkə/,null*/pˈaːʃ/,null*/pˌaʃtəɾˈak/,null*/pəsˈɔ̃ɲ/,null*/pˈyːʎkə/,null*/pˈaːk/,null*/pˈaːlˠ/,null*/pˌaːlˠˈɔ̃ɲ/,null*/pˌaːlˠˈũa̯/,null*/pjˈɛːkə/,null*/pˈɛ̃ɲ̈ɡə/,null*/ə̃mbjˈɛːkə/,null*/pˌɛːkˈuːlː/,null*/pˈɛːʃə/,null*/pəʃˈɔ̃ɲ/,null*/pjˈɛpəɾ̃/,null*/pɾ̩/,null*/pjˈɛɾɡulˠ/,null*/pəɾhˈɛːɾə/,null*/pɾ̩dəlˠˈɛ̃ɲ/,null*/ə̃ndˌəlˠˈɛ̃ɲ/,null*/pɾ̩pˌaɾˈɔ̃ɲ/,null*/pɾ̩pˌaɾˈɔ̃ɲ/,null*/pɾ̩ɟəlˠˈɔ̃ɲ/,null*/pəʃkˈɔ̃ɲ/,null*/pjˈɛʃkə/,null*/pˌɛːtɾˈɛːʃ/,null*/pjˈɛtɾ̩/,null*/pˈɛːsə/,null*/pˈɛ̃ɲ̈ɡ/,null*/pɾ̩tˈɔ̃ɲ/,null*/pˈitə/,null*/pˈiːlˠə/,null*/pˈiːlˠə/,null*/pˈiːlˠə/,null*/pˈiːlː/,null*/pˈɛ̃nə/,null*/pˈipə/,null*/pˈɛːʃc/,null*/pəʃkətˈaːɾ/,null*/bˌiːʃtˈaːʎə/,null*/pəʃtˈɛːɾɛ/,null*/pˈɛtə/,null*/pˈɛtək/,null*/pˈɛtulˠ/,null*/plˈaɡə/,null*/pl̩cˈɛ̃ɲ/,null*/plˈaɲ̈ɡ/,null*/plˈaɲ̈ɡ/,null*/pˈaːlɲə/,null*/pl̩cˈĩː/,null*/plˈic/,null*/plˈɛp/,null*/plˈũmb/,null*/pˌulˠˈə̃ndə/,null*/pˌulːkˈye̯ɾ/,null*/pˌulːcˈɛːɾ/,null*/pˈɛ̃mə/,null*/pˈɔːr/,null*/pˈɔːr/,null*/pˈɔpulˠ/,null*/pˈɔːric/,null*/pˌurˈiː/,null*/pˌurˈĩː/,null*/pˈɔːɾtə/,null*/pˌuʃˈɔ̃ɲ/,null*/pˈɔːʃt/,null*/pˈɔːʃtɾ̩/,null*/pˌuʃtˈɔ̃ɲ/,null*/pˌuʃtˈɛt/,null*/pˈɔt/,null{ABSENT},null*/pɾˈɛðə/,null*/pɾˈũːa̯ɲ/,null*/pɾˈĩːɲ/,null*/pɾˈɛtɾ̩/,null*/pɾə̃mvˈɛːɾə/,null*/pɾˈĩɲɟ/,null*/pɾˌivˈɔ̃ɲ/,null*/pɾˌɔðˈɔ̃ɲ/,null*/pɾˈuːã̯ɲ/,null*/pɾˈɔːʒm̩/,null*/pɾˌɔʒmˈɔ̃ɲ/,null*/pɾə̃mˌɛːtˈɔ̃ɲ/,null*/pˈukə/,null*/pˈuk/,null*/pˈuːlːə/,null*/pˈuːlː/,null*/pˈuːlpə/,null*/pˈuːlbɾ̩/,null*/pˈũɲ̈ɡə/,null*/pˈũɲtə/,null*/pˈupə/,null*/pˈuːs/,null*/pˌutˈə̃ɾ̃ə/,null*/fˈaːɾ/,null*/rˈũːa̯ɲ/,null*/rˈɛːzə/,null*/rˈiːkə/,null*/rˈiːʎkə/,null*/rˈɛ̃m/,null*/rˈapə/,null*/rˈɛp/,null*/rˈap/,null*/rˈaːlˠ/,null*/ɾˈaːʃə/,null*/rˌaʃcˈɛlː/,null*/ˌaɾsˈỹe̯/,null*/rˈɛːvə/,null*/rəfˈɛɲ/,null*/ɾˈɛɟ/,null*/rˈɛɡulˠ/,null*/kˈɔːʃ/,null*/rˈɛ̃m/,null*/rə̃ndˈɛ̃ɲ/,null*/rəʃˈĩnə/,null*/rəʒɡˈɔ̃ɲ/,null*/rˈɛt/,null*/rˈɛːʃt/,null*/rˈɛtəɾ̃/,null*/ɾˌiɡˈɔ̃ɲ/,null*/rˈicəɾ̃/,null*/ɾə̃mˈɔ̃ɲ/,null*/rˈipə/,null*/rˈɔbuɾ/,null*/rˈɔkə/,null*/ɾə̃mˈə̃ɾ̃/,null*/rˈũmb/,null*/rˈũmbulˠ/,null*/rˌufˈɛː/,null*/rəʃˈaːʎə/,null*/rˌɔʃpˈɔ̃ɲə/,null*/rˈɔtə/,null*/rˈɔtulˠ/,null*/rˌɔtˈũndə/,null*/rə̃nˈɔ̃ɲ/,null*/rˌũɲ̈ɡˈɔ̃ɲ/,null*/rˈuð/,null*/rˈuɡə/,null*/rˌũmbˈɛ̃ɲ/,null*/rˈuːʃkulˠ/,null*/rˈytə/,null*/ʃˈuːr/,null*/ʃˈɛkulˠ/,null*/ʃˌəɟˈɛtə/,null*/ʃətˈɔ̃ɲ/,null*/ʃˌaːʎtˈɔ̃ɲ/,null*/ʃˈaɡ/,null*/ʃˈakulˠ/,null*/ʃkɾˈɔ̃ɲ/,null*/ʃˈɛːlcɛ/,null*/ʃˈɛːʎkə/,null*/ʃˈɛːlə̃ɲɟɛ/,null*/ʃˌɛːlcˈɛt/,null*/ʃəlˠˈĩnə/,null*/ʃəlˠˈĩɲ/,null*/ʃl̩bˈɔ̃ɲ/,null*/ʃˌɛːlbˈaːsə/,null*/ʃɾ̩bˈɛːlːə/,null*/ʃəɾˈɔ̃ɲ/,null*/ʃˌə̃ndˈɛt/,null*/ʃˌə̃ndˈɔːʃ/,null*/ʃˌə̃ɲɟˈatə/,null*/ʃˌũʃˈũɲə/,null*/ʃˌə̃ndɾˌiːtˈɛt/,null*/ʃˈɛ̃ɲt/,null*/ʃˌə̃məhˈiːlˠ/,null*/ʃˌə̃ndˌə̃ndɾˈɛː/,null*/ʃˌə̃ndɾˈɛː/,null*/ʃˌə̃ɲˈak/,null*/kˌalʃˈɛ̃ɲt/,null*/ʃˌə̃mˈitɾ̩/,null*/ʃˌə̃ŋɡˈɔːlˠə/,null*/ʃˌapˈɔ̃ɲ/,null*/ʃˈap/,null*/ʃˈaːɾkə/,null*/ʃˌɛːlcə̃ɾ̃ˈua̯ɾ/,null*/ʃɾ̩mˈɛ̃nd/,null*/ʃətˈũndə/,null*/ʃkɾˈɛt/,null*/ʃəkˈɔ̃ɲ/,null*/ʃˈaːlːə/,null*/ʃˈiːsə/,null*/ʃˈiːɾɟ/,null*/ʃˈaːrə/,null*/ʃɾ̩tˈɔ̃ɲ/,null*/ʃɾ̩bˈɛ̃ɲ/,null*/ʃɾ̩bˈɛːs/,null*/ʃɾ̩bətˈua̯ɾ/,null*/ʃɾ̩bətˈyːɾə/,null*/ʃˈɛʃ/,null*/ʃə̃nˈɔ̃ɲ/,null*/ʃˈɛ̃ɲ̈ɡ/,null*/ʃˈiː/,null*/ʃˈɛkʎɛ/,null*/ʃˈikulˠ/,null*/ʃə̃mbəlˠˈɛ̃ɲ/,null*/ʃə̃mb?0tˈyːɾə/,null*/ʃˈĩː/,null*/ʃˈɛːɾp/,null*/ʃˈitə/,null*/zɟˈɛbɛ/,null*/ʃkˈaːlˠə/,null*/ʃkˈam/,null*/ʃcˈɛ̃m/,null*/ʃkˈandulˠ/,null*/ʃcˈɛ̃nd͡zə/,null*/ʃcˌə̃ndˈiːʎə/,null*/ʃkʎˈaː/,null*/ʃkʎˈɛp/,null*/ʃkˈɔdɾ̩/,null*/ʃkˈɔːlˠə/,null*/ʃcˈɔpə/,null*/ʃkˌɔːpˈɛt/,null*/zɟˈyːɾə/,null*/ʃkˈɔːɾsə/,null*/ʃkɾˈuã̯ɲ/,null*/ʃkˈuːlkə/,null*/ʃkˈũmə/,null*/ʃcˈyt/,null*/ʃkˈat/,null*/ʃˈuːʎk/,null*/ʃˈɔkə/,null*/ʃˈɔcɛ/,null*/ʃˈɔc/,null*/ʃˈɔːlˠə/,null*/ʃˌulˠˈə̃/,null*/ʃˈua̯lˠ/,null*/ʃˈɔːɾbə/,null*/ʃˈɔːɾt/,null*/ʃˌuɾtˈikə/,null*/ʃˌuɾtl̩ɟˈiː/,null*/ʃpˈatə/,null*/ʃpˈatulˠ/,null*/ʃpəɾˈɛːsə/,null*/ʃpəɾˈɛ̃ɲ/,null*/ʃpˈĩnə/,null*/ʃpˈiːɾt/,null*/ʃpˈɛːʃ/,null*/ʃpɾə̃ɾ̃ˈɛtkə/,null*/ʃpˈuːzə/,null*/ʃpˈɔːɾtə/,null*/ʃtˈaːlˠə/,null*/ʃtˈə̃m/,null*/ʃtˈə̃ɲ̈ɡ/,null*/ʃtˈɛt/,null*/ʃtˈat/,null*/ʃtɾˈak/,null*/ʃtɾˈə̃mb/,null*/ʃtɾˈɛ̃mbəɾ̃/,null*/ʃtɾˈat/,null*/ʃtɾˈiɡə/,null*/ʃtɾˈɛ̃ɲt/,null*/ʃtɾə̃ɲ̈ɡˈɔ̃ɲ/,null*/ʃtˈupə/,null*/ʃtˌupˈɔ̃ɲ/,null*/ʃtˈuːrə/,null*/ʃˈiːʎə/,null*/ʃˈũːa̯ɲ/,null*/ʃˌulˠˈatə/,null*/ʃˌũmbəɾˈitkə/,null*/ʃˌuɾˌuːkˈɔ̃ɲ/,null*/ʃˌuːtərˈiː/,null*/ʃˌufəɾˈɛ̃ɲ/,null*/ʃˈujtə/,null*/ʃˌujtˈɔ̃ɲ/,null*/ʃˈũmə/,null*/ʃˌuɾkˈɛːl/,null*/ʃˌuʃpˈiːrə/,null*/ʃˈuːɾð/,null*/ʃˌiːɾˈĩɲ̈ɡə/,null*/tˌabˈɛːlːə/,null*/tˈaːft/,null*/tˌatˈɔ̃ɲ/,null*/tˈaːʎə/,null*/tˈaːʎə/,null*/tˈapə/,null*/tˌavˈɛːrə/,null*/tˈɛːɾ/,null*/tˈaːɾ/,null*/tˈiməɾ̃/,null*/tjˈɛɡulˠ/,null*/tˈɛmpl̩ˠ/,null*/tm̩plˈa/,null*/tˈɛ̃ndə/,null*/təɾˈye̯lːə/,null*/təɾˈye̯lːə/,null*/tɾ̩mˈɛt/,null*/tɾˈatk/,null*/tˈɛːʃə/,null*/ə̃ndəʃmˈɔ̃ɲ/,null*/tmˈũa̯/,null*/tmˈye̯ɾ/,null*/tˈĩnə/,null*/tˈɛ̃ɲə/,null*/tˈĩɲ̈ɡə/,null*/tˈĩɲ̈ɡulˠ/,null*/tˈitulˠ/,null*/tˌukˈɔ̃ɲ/,null*/tˈɔːɾkulˠ/,null*/tˈɔːrə/,null*/tˈɔːɾtə/,null*/tɾˈye̯zə/,null*/tɾˈaː/,null*/tɾˈũːa̯ɲ/,null*/təftˈaːɾ/,null*/tɾˌajtˈɔ̃ɲ/,null*/tɾˈajtə/,null*/tɾˌaʃflˈɔ̃ɲ/,null*/tɾˌaʃəɡˈɔ̃ɲ/,null*/tɾˈua̯lˠ/,null*/tɾˌazməzˈɔ̃ɲ/,null*/tɾ̩fˈɔːʎə/,null*/tɾ̩fˈiːlː/,null*/tɾ̩fˈuːɾk/,null*/tɾə̃mʃˈə̃ɾ̃ə/,null*/tɾˈĩnə/,null*/tɾˈiːʃt/,null*/tɾ̩kulˠˈĩɲ/,null*/tɾˈɔːftə/,null*/tɾˈũmbə/,null*/tɾˌuʃkˈỹe̯ɲ/,null*/tɾˈũɲ̈ɡ/,null*/tˌuɾsˈɛ̃ɲ/,null*/tˈuːlˠə/,null*/tˈuːfə/,null*/tˈũmbə/,null*/tˈũmulˠ/,null*/tˈũnd/,null*/tˈuːɾbə/,null*/tˌuɾbˈɔ̃ɲ/,null*/tˌuɾbulˠˈɔ̃ɲ/,null*/tˈuːɾbulˠ/,null*/tˈuːɾmə/,null*/tˈuːɾp/,null*/tˈuːrə/,null*/tˈuːɾtuɾ/,null*/θˈikə/,null*/ˌũɲ̈ɡˈɔ̃ɲ/,null*/ˌỹndˈyːɾə/,null*/pˈupə/,null*/ˌuɾəlˈĩɲ/,null*/ˌutɾˈĩː/,null*/vˌəɡˈɔ̃ɲ/,null*/vˈak/,null*/vlˈɛ̃ɲ/,null*/vˌəʎˈɛ̃ɲ/,null*/vˈỹːe̯ɲ/,null*/vˈaːlː/,null*/vlˈɛːɾə/,null*/vˈapə/,null*/vlˈɛːsə/,null*/vˈɛːlˠ/,null*/və̃ɾ̃ˈɛ̃ɾ̃ə/,null*/və̃ɾ̃ˈɛ̃ːɾ̃/,null*/vˈɛ̃ɲ/,null*/ftəlˠˈɔ̃ɲ/,null*/vˈɛːɾə/,null*/vɾ̩tˈɛt/,null*/vɾˈiɡulˠ/,null*/vjˈɛɾʃə/,null*/vɾ̩ʃˈɔ̃ɲ/,null*/vəʃkˈɛ̃ɲ/,null*/vˈɛːʃk/,null*/fʃˈikə/,null*/məʃˈikə/,null*/vəʒɡˈɔ̃ɲ/,null*/vˈɛːʃ/,null*/vjˈɛtɾ̩/,null*/vˈijə/,null*/vəɟˈiːlˠɛː/,null*/mə̃ɲɟˈiːlˠɛː/,null*/vˈicɛ/,null*/fcˈĩː/,null*/vˌiːtˈɔːɾɛ/,null*/vˈitəʎ/,null*/vˈiːlːə/,null*/vˌĩːɲˈaːlˠ/,null*/mə̃ɲɟˈiːlˠ/,null*/vˈiːɾɟəɾ̃/,null*/vɾ̩ɡˈə̃ɾ̃/,null*/vˈɛːɾðə/,null*/vˈɛːɾð/,null*/vɾ̩tˈyt/,null*/vəʃtˈɔ̃ɲ/,null*/vˈɛːʃtulˠ/,null*/vˈɛːʃk/,null*/vˈɛːs/,null*/ftˈuːʎə/,null*/vˈitɾ̩k/,null*/vˌɛːtˈuːlˠə/,null*/vˈuã̯ɲ/,null*/vˈɔːlˠə/,null*/vˈɔːlˠpulˠ/,null*/vˌulˠə̃ndˈɛt/,null*/vˈɔ̃m/,null*/vˌuɾˈatə/
R483,,,,,,*/vlˌɔɲˈat/,,,,,,,,,,,,,*/əɾbəɾ̃ˈɛːʃ/,,,,*/əmpː̬ətˈĩː/,*/əmbulˠˈɔ̃ɲ/,,,,,,,,*/əɲ̈ɡˈuːʃt/,*/əɲ̈ɡuːʃtˈɔ̃ɲ/,,,,,,,,,,,,,,,,,,,*/ˌavləmˈɛ̃nd/,,,,,,,,,,,,*/bˌɛnkˈɔ̃ɲ/,,*/bˌiːɲˈaːɾ/,,,,,,,,,,,,,,,,,*/dˌənˈɔ̃ɲ/,,,,,,,,,,,,,,,,,,,,,,,,,,,,,*/dɾəɲ̈ɡˈũa̯/,,,,,,,,,,*/ʃˌəmtˈɔ̃ɲ/,*/ʃˌəmˈɔ̃ɲ/,,,,,,*/ʃkˌəmbˈɛ̃ɲ/,*/ʃkˌəndˈɛ̃ɲ/,,,,,,,,,,,,,,,,*/ʃtəɾ̃ˈɔ̃ɲ/,,*/ʃˌuɲ̈ɡulˠˈɔ̃ɲ/,,,,,,,,*/rəmˈit/,,,,*/uɲɟˈiːlˠ/,,,,,,,,,,,,,,*/fˌəmˈiːʎə/,,,,,,,,,,,,*/fəɲˈɛʃtɾ̩/,,,,,,,,,,,,,,,,,,,,,,,,,,,,,,*/fɾˌəɲɟˈiː/,,,,,,,,,*/fˌɔnˈɛːɾ/,,,,,,,,,,,,,,,,*/ɟəmˈɔ̃ɲ/,*/ɟəɾ̃ˈiː/,,,,,,,*/ɡɾəməɾˈatə/,,,,,,,*/ɡɾˌumbulˠˈɔ̃ɲ/,,,,,,,,,,,,,,,,,*/jˌaːnˈɛːɾ/,*/ɟəɾ̃ˈɔ̃ɲ/,,,,,*/əmbəɾˈɔ̃ɲ/,*/əmbɾ̩tˈɛːʃə/,,*/əmbəɾˌɛtˈua̯ɾ/,,*/əmbəɾˌɛtuɾˈɛːʃə/,*/əmbəɾˈɛt/,*/əmbəɾˈɛtɾ̩/,*/əmbləndˈɔ̃ɲ/,*/əmblˈɔ̃ɲ/,*/əmˈũː/,,,,,*/əmbˌurˈə̃/,*/əndəʃkˈɔ̃ɲ/,*/ˌəndˌiːkˈɔ̃ɲ/,*/əndəkˈɔ̃ɲ/,*/əndəftˈɔ̃ɲ/,*/əndɾ̩tˈɔ̃ɲ/,*/əndəɾˈɛc/,*/əndəʎˈɛ̃ɲ/,,,*/əɲ̈ɡəɲˈɛ̃ɲ/,*/əɲ̈ɡɾˈatə/,*/ˌaːɾ̃mˈik/,*/əɲ̈ɡˌalːkˈɔ̃ɲ/,*/əɲ̈ɡˌaɾkˈɔ̃ɲ/,*/əɲ̈ɡˌaːʃəɾ̃ˈɛ̃ɲ/,*/əɲɟəɾˈɔ̃ɲ/,*/əɲ̈ɡˌuːʃəlˠˈɔ̃ɲ/,*/əɲ̈ɡˈɔːɾð/,,,*/əɲ̈ɡˌuːɲˈɔ̃ɲ/,,,*/əmbəkˈat/,*/əmbəʃˈɔ̃ɲ/,,,*/əndl̩ːɡˈɔ̃ɲ/,*/əndɾ̩ɡˈɔ̃ɲ/,*/əndɾ̩/,*/əɲɟˈỹe̯ɲ/,,,,,,,,,,,,*/ɟˌyːndˈyːɾə/,,,,,,,,,*/kˌalˠəndˈua̯ɾ/,,,,,*/kˌəmbˈɛ̃ɲ/,,,*/kˌəmbˈɔ̃ɾ̃ə/,*/kəmˈiːʃə/,,*/kəndˈɛːlˠə/,,,*/kənˈatə/,*/kənˈɛt/,*/kəndˈɔ̃ɲ/,,,*/kˌəɲɟˈɛːlː/,,,,,,,,,,,,,,,,,,,,,,,,,,,,,*/cˌɛndɾˈɔ̃ɲ/,,,,,,,,,,*/əɲ̈ɡˈaːlˠə/,,,,*/cˌiːmˈuːʃə/,,,,,,,,*/kʎəmˈɔ̃ɲ/,,,,,,,,*/kʎəmˈɛ̃nd/,*/kʎəmˈuːʃt/,,,*/kˌuːnˈat/,,,,,,,*/ɡˌulːəmtˈɔ̃ɲ/,,*/kˌulˠumbəɾ̃ˈiː/,*/kˌulˠumˈɛːsə/,,,,,,,,*/kˌuːmˈɛːɾc/,*/kˌuːŋɡˈɔ̃ɲ/,,,,,,,,,,,*/kˌuːtəndˈɔ̃ɲ/,,*/kˌuːndɾˈua̯lˠ/,*/kˌuːndɾ̩ʃtˈaːɾ/,*/kˌuːnˈuːʎkə/,*/kˌuːvəndˈɔ̃ɲ/,,,,,,,,,,,,,,,,,,,,,,,,,,,,,,,,,,,,,,,,,,,*/kˌuːɲˈɔ̃ɲ/,*/kˌuːndˈɔ̃ɲ/,,,,,,,,,,,,,,,,,,,,,,,,*/ləɲ̈ɡˈɔ̃ɲ/,*/ləɲɟˈyːɾə/,*/ləɲɟˈye̯ɾ/,*/ləɲɟˈɛːɾɛ/,,,,,,,,,,,,,*/ləndˈɔ̃ɲ/,,,,,,,,,,,,*/ləmˈɔ̃ɲ/,,,,,,,,,,,,,,,,,*/məɲɟˈiː/,,,,,,,*/məɲˈɔːlˠə/,,,,*/mˌaːlˠəɲɟˈɛ̃ɲ/,,*/mˌinˈɔ̃ɲ/,,*/məɲ̈ɡˈɔ̃ɲ/,,,,,*/məɲ̈ɡˈɔ̃ɲ/,,,,,,,,,,,,,,,,,,,,,*/məndˈaːfʃ/,,*/məndɾˈikulˠ/,*/məsˈuk/,,,,,,,,,,,,,,,,,,*/mˌaːɾʃtˈɔ̃ɲ/,,,,,,,,,,,,,,,,,,,,,,,,,,,,,,,,,*/əɲ̈ɡˌaɾðˌulːˈicɛ/,,,*/nˌəmɾ̃ˈɔ̃ɲ/,,,,,*/nˌumbəɾˈɔ̃ɲ/,,,,,,,,,,,,*/ˌuɾðəɾ̃ˈɔ̃ɲ/,*/ˌuɾðəɾ̃ˈatə/,,,,,,,,,,*/pˌɛndˈɛ̃ɲ/,*/pˌɛndˈɛːsə/,,,,,,,,,,,,,,,,,,,,,,,,,,,,,,,*/əmbjˈɛːkə/,,,,,,,,,*/əndˌəlˠˈɛ̃ɲ/,,,,,,,,,,,,,,,,,,,,,,,,,,,,,,,,,,,,,,,,,,,,,,,,,,,,,,,,*/pɾəmvˈɛːɾə/,,,,,,,*/pɾəmˌɛːtˈɔ̃ɲ/,,,,,,,,,,,,,,,,,,,,,,,,,,,,,,,*/rəndˈɛ̃ɲ/,,,,,,,,*/ɾəmˈɔ̃ɲ/,,,,*/ɾəmˈə̃ɾ̃/,,,,,,,,,*/rənˈɔ̃ɲ/,*/rˌuɲ̈ɡˈɔ̃ɲ/,,,*/rˌumbˈɛ̃ɲ/,,,,,,,,,,,,,*/ʃˈɛːləɲɟɛ/,,,,,,,,*/ʃˌəndˈɛt/,*/ʃˌəndˈɔːʃ/,*/ʃˌəɲɟˈatə/,*/ʃˌuʃˈũɲə/,*/ʃˌəndɾˌiːtˈɛt/,,*/ʃˌəməhˈiːlˠ/,*/ʃˌəndˌəndɾˈɛː/,*/ʃˌəndɾˈɛː/,*/ʃˌəɲˈak/,,*/ʃˌəmˈitɾ̩/,*/ʃˌəŋɡˈɔːlˠə/,,,,*/ʃˌɛːlcəɾ̃ˈua̯ɾ/,,,,,,,,,,,,,,,*/ʃənˈɔ̃ɲ/,,,,,*/ʃəmbəlˠˈɛ̃ɲ/,*/ʃəmb?0tˈyːɾə/,,,,,,,,,,*/ʃcˌəndˈiːʎə/,,,,,,,,,,,,,,,,,,,,,,,,,,,,,,,,*/ʃpɾəɾ̃ˈɛtkə/,,,,,,,,,,,,,,*/ʃtɾəɲ̈ɡˈɔ̃ɲ/,,,,,,,*/ʃˌumbəɾˈitkə/,,,,,,,,,,,,,,,,,,,,,,,,,,,,,,*/əndəʃmˈɔ̃ɲ/,,,,,,,,,,,,,,,,,,,,,,,,,*/tɾəmʃˈə̃ɾ̃ə/,,,,,,,,,,,,,,,,,,,,,,,*/ˌuɲ̈ɡˈɔ̃ɲ/,*/ˌyndˈyːɾə/,,,,,,,,,,,,,,*/vəɾ̃ˈɛ̃ɾ̃ə/,*/vəɾ̃ˈɛ̃ːɾ̃/,,,,,,,,,,,,,,,,,*/məɲɟˈiːlˠɛː/,,,,,,*/vˌiːɲˈaːlˠ/,*/məɲɟˈiːlˠ/,,,,,,,,,,,,,,,,*/vˌulˠəndˈɛt/,,
R484,,,,,,,,,,,,,,,,,,,,,,,,,,,,,,,,,,,,,,,,,,,,,,,,,,,,,,,,,,,,,,,,,,,,,,,,,,,,,,,,,,,,,,,,,,,,,,,,,,,,,,,,,,,,,,,,,,,,,,,,,,,,,,,,,,,,,,,,,,,,,,,,,,,,,,,,,,,,,,,,,,,,,,,,,,,,,,,,,,,,,,,,,,,,,,,,,,,,,,,,,,,,,,,,,,,,,,,,,,,,,,,,,,,,,,,,,,,,,,,,,,,,,,,,,,,,,,,,,,,,,,,,,,,,,,,,,,,,,,,,,,,,,,,,,,,,,,,,,,,,,,,,,,,,,,,,,,,,,,,,,,,,,,,,,,,,,,,,,,,,,,,,,,,,,,,,,,,,,,,,,,,,,,,,,,,,,,,,,,,,,,,,,,,,,,,,,,,,,,,,,,,,,,,,,,,,,,,,,,,,,,,,,,,,,,,,,,,,,,,,,,,,,,,,,,,,,,,,,,,,,,,,,,,,,,,,,,,,,,,,,,,,,,,,,,,,,,,,,,,,,,,,,,,,,,,,,,,,,,,,,,,,,,,,,,,,,,,,,,,,,,,,,,,,,,,,,,,,,,,,,,,,,,,,,,,,,,,,,,,,,,,,,,,,,,,,,,,,,,,,,,,,,,,,,,,,,,,,,,,,,,,,,,,,,,,,,,,,,,,,,,,,,,,,,,,,,,,,,,,,,,,,,,,,,,,,,,,,,,,,,,,,,,,,,,,,,,,,,,,,,,,,,,,,,,,,,,,,,,,,,,,,,,,,,,,,,,,,,,,,,,,,,,,,,,,,,,,,,,,,,,,,,,,,,,,,,,,,,,,,,,,,,,,,,,,,,,,,,,,,,,,,,,,,,,,,,,,,,,,,,,,,,,,,,,,,,,,,,,,,,,,,,,,,,,,,,,,,,,,,,,,,,,,,,,,,,,,,,,,,,,,,,,,,,,,,,,,,,,,,,,,,,,,,,,,,,,,,,,,,,,,,,,,,,,,,,,,,,,,,,,,,,,,,,,,,,,,,,,,,,,,,,,,,,,,,,,,,,,,,,,,,,,,,,,,,,,,,,,,,,,,,,,,,,,,,,,,,,,,,,,,,,,,,,,,,,,,,,,,,,,,,,,,,,,,,,,,,,,,,,,,,,,,,,,,,,,,,,,,,,,,,,,,,,,,,,,,,,,,,,,,,,,,,,,,,,,,,,,,
R485,,,,,,,,,,,,,,,,,,,,,,,,,,,,,,,,,,,,,,,,,,,,,,,,,,,,,,,,,*/bˈaːlt͡ʃm̩/,,,,,,,,,,,,,,,,,,,,,,,,,,,,,,,,,,,,,,,,,,,,,,,,,,,,,,,,,,,,,,,,,,,,,,,,,,,,,,,,,,,,,,,,,,,,,,,,,,,,,,,,,,,,,,,,,,,,,,,,,,,,,,,,,,,,,,,,,,,,,,,,,,,,,,,,,,,,,,,,,,,,,,,,,,,,,,,,,,,,,,,,,,,,,,,,,,,,,,,,,,,,,,,,,,,,,,,,,,,,,,,,,,,,,,,,,,*/nˌalt͡sˈɔ̃ɲ/,,,,,,,,,,,,,,,,,,,,,,,,,,,,,,,,,,,,,,,,,,,,,,,,,,,,,,,,,,,,,,,,,,,,,,,,,,,,,,,,,,,,,,,,,,,,,,,,,,,,,,,,,,,,,,,,,,,,,,,,,,,,,,,,,,,,*/kl̩t͡ʃˈyːɾə/,,,,,,,,,,,,,,,,,,,,,,,,,,,,,,,,,,,,,,,,,,,,,,,,,,,,,,,,,,,,,,,,,,,,,,,,,,,,,,,,,,,,,,,,,,,,,,,,,,,,,,,,,,,,,,,,,,,,,,,,,,,,,,,,,,,,,,,,,,,,,,,,,,,,,,,,,,,,,,,*/mˌaːlːt͡sˈɔːlˠə/,,,,*/mˌaːlt͡sˈɔ̃ɲ/,,,,,,,,,,,,,,,,,,,,,,,,,,,,,,,,,,,,,,,,,,,,,,,,,,,,,,,,,,,,,,,,,,,,,,,,,,,,,,,,,,,,,,,,,,,,,,,,,,,,,,,,,,,,,,,,,,,,,,,,,,,,,,,,,,,,,,,,,,,,,,,,,,,,,,,,,,,,,,,,,,,,,,,,,,,,,,,,,,,,,,,,,,,,,,,,,,,,,,,,,,,,,,,,,,,,,,,,,,,,,,,,,,,,,,,,,,,,,,,,,,,,,,,,,,,,,,,,,,,,,,,,,,,,,,,,,,,,,,,,,,,,,,,,,,,,,,,,,,,,,,,,,,,,,,,,,,,,,,,,,,,,,,,,,,,,,,,,,,,,,,,,,,,,,,,,,,,,,,,,,,,,,,,,,,,,,,,,,,,,,,,,,,,,,,,,,,,,,,,,,,,,,,,,,,,,,,,,,,,,,,,,,,,,,,,,,,,,,,,,,,,,,,,,,,,,*/tɾəmt͡ʃˈə̃ɾ̃ə/,,,,,,,,,,,,,,,,,,,,,,,,,,,,,,,,,,,,,,,,,,,,,,,,,,,,,,,,,,,,,,,,,,,,,,,,,,,,,,,,,
R486,*/hˌavərˈɔɲ/,*/bˈɛɲ̈ɡ/,*/bˈɛɲə/,,*/vlˈɔɾ̃ə/,,*/ˌaðˌuɾˈɔɲ/,*/ˌaðəɾˈɔɲ/,,*/rˈɛm/,*/ʃmˈɔɲ/,,,*/cˈiɲɟ/,,,*/ˌuʃˈuɲə/,,,,,,*/əmpː̬ətˈiː/,*/əmbulˠˈɔɲ/,*/mˈɛndulˠ/,,*/ˈɛmtə/,,*/ˈəɲɟ?0/,*/ˈɛɲɟ?0/,,,*/əɲ̈ɡuːʃtˈɔɲ/,,,*/pˌaɾmˈɛnd/,,,*/ɾˈəɾ̃ə/,*/əɾɟˈɛnd/,,,,,*/ˌarˈiːɲ/,,,,,,*/vˈɛnd/,*/ˌavləmˈɛnd/,,,,*/ˈuɲ̈ɡl̩ː/,,,,,,,,*/bˌɛnkˈɔɲ/,,,,,,,,*/bɾˈymə/,,,,,,,,,,*/dˈɛməɾ̃/,*/dˌənˈɔɲ/,*/dˈəm/,*/dˌɛːtˈɔɲ/,,,,*/dəlˌiːɾˈɔɲ/,*/dəkˌatˈɔɲ/,*/dəpɾ̩tˈɔɲ/,*/dəʃtˈɔɲ/,*/dɾ̩mˈɔɲ/,*/dəʃˌiːɾˈɔɲ/,,,*/zˈəɾ̃ə/,*/dəftˈɔɲ/,*/dˈɛɲə/,*/dɾ̩ɡˈɔɲ/,,,*/ʃkˌalːkˈɔɲ/,*/ʃkˌaɾkˈɔɲ/,,*/ʃcˌyːɾtˈɔɲ/,*/zbˌulːˈɔɲ/,*/mˌuːʃtəkˈɔɲ/,,*/ðˌuɾˈɔɲ/,,*/dɾəɲ̈ɡˈua̯/,,,,*/dˌulpəkˈɔɲ/,*/dˌuɾˈɔɲ/,*/hˌɛːtˈɔɲ/,,,*/ʃˈɛməɾ̃/,*/ʃˌəmtˈɔɲ/,*/ʃˌəmˈɔɲ/,*/ʃˈɛmbulˠ/,*/ʃndəɾˈɔɲ/,*/ʃˈɛɲ/,*/ʃkˌalːkˈɔɲ/,*/ʃkˌalˠˈɔɲ/,*/ʃkˌəmbˈɛɲ/,*/ʃkˌəndˈɛɲ/,*/ʃkˌaɾzˈɛɲ/,*/ʃkˌaɾtˈɔɲ/,*/ʃkˌatərˈɔɲ/,*/ʃkˌaːɡˈɔɲ/,,,*/ʃkˌuːɾtˈɔɲ/,,,,*/ʃpətˈɔɲ/,,*/ʃpəlːˈaːɲ/,*/ʃpɾ̩lˈaːɲ/,*/hˌɛɾmˈɔɲ/,*/ʃtəɾ̃ˈɔɲ/,,*/ʃˌuɲ̈ɡulˠˈɔɲ/,*/zɟəlˠˈɔɲ/,,,,,,*/rəɡˈɔɲ/,,,,,,*/ˈyːe̯jɲ/,,*/fˌaːɾkˈɔɲ/,,*/fˌəʎˈɛɲ/,*/fəlːˈɛɲ/,,*/fˈyːe̯ɲ/,*/fl̩cˈiɲə/,*/fˌaːʎkˈua̯/,,,,,,*/fˈəɲ̈ɡ/,*/fərˈɔɲ/,,,,,,,,*/fˈɛməɾ̃/,,,,*/fjˈɔɲ/,,,,,,,*/fəlˈiː/,,*/fˌiːʃtəlˠˈɔɲ/,,,,,,*/flˌɔɾˈiː/,*/flˌutulˠˈɔɲ/,,,,,,*/fˌuɾtˈunə/,,,,*/fɾˈəɲ̈ɡ/,,*/fɾˈɛɾ̃ə/,*/fɾˈɛː/,*/fɾ̩ɡˈɔɲ/,*/fɾ̩ɡəlˠˈɔɲ/,*/fɾ̩kˈɔɲ/,,,,,*/fˈund/,,,,,,,,,,,,,,*/ɡˌaːzmˈɛnd/,*/ɟəmˈɔɲ/,,,*/ɟˈind/,,*/ɡʎˈəndəɾ/,*/ɡʎˈɛm/,,,,,,,*/ɡɾˈim/,,*/ɡɾˌumbulˠˈɔɲ/,*/ɡɾˈumulˠ/,,,*/ɡˈumə/,*/ɡˈunə/,,,,*/vərˈiː/,,*/hˈiɲ̈ɡl̩ː/,*/ɲ̈ɡulˠˈɔɲ/,*/əɾənd͡zˈɔɲ/,,*/ˌurˈɛɲ/,*/ɟˈua̯n/,,*/ɟəɾ̃ˈɔɲ/,*/kˈɔɾ̃ə/,,,,*/əmbəɾˈɔɲ/,,,,,,,,*/əmbləndˈɔɲ/,*/əmblˈɔɲ/,*/əmˈuː/,,*/nˌalt͡sˈɔɲ/,,*/nˌaːɾtˈɔɲ/,*/əmbˌurˈə/,*/əndəʃkˈɔɲ/,*/ˌəndˌiːkˈɔɲ/,*/əndəkˈɔɲ/,*/əndəftˈɔɲ/,*/əndɾ̩tˈɔɲ/,,*/əndəʎˈɛɲ/,*/fəʃcˈɔɲ/,,*/əɲ̈ɡəɲˈɛɲ/,,,*/əɲ̈ɡˌalːkˈɔɲ/,*/əɲ̈ɡˌaɾkˈɔɲ/,*/əɲ̈ɡˌaːʃəɾ̃ˈɛɲ/,*/əɲɟəɾˈɔɲ/,*/əɲ̈ɡˌuːʃəlˠˈɔɲ/,,,,*/əɲ̈ɡˌuːɲˈɔɲ/,,,,*/əmbəʃˈɔɲ/,*/ʃˈɛɲə/,,*/əndl̩ːɡˈɔɲ/,*/əndɾ̩ɡˈɔɲ/,,*/əɲɟˈye̯ɲ/,,,*/məzˈɔɲ/,*/ftˈɔɲ/,*/məsˈɔɲ/,,,,*/ɟˌyːkˈɔɲ/,,,,*/ɟˈynd/,*/ɟəɾˈɔɲ/,*/ɟˌuːvˈɛɲ̈ɡə/,,,,,,,,,,*/kˈəmbə/,*/kˌəmbˈɛɲ/,*/cˈɛməɾ/,,*/kˌəmbˈɔɾ̃ə/,,*/kˈəɾ̃əp/,,*/cˈɛːn/,,,,*/kəndˈɔɲ/,,*/kˈəɲ̈ɡə/,,,,,*/kˌafʃˈɔɲ/,,*/kəftˈinə/,*/kˌapˈua̯/,,,,,,*/cɾ̩ɲˈɔɲ/,,,*/kˌarˌiːkəlˠˈɔɲ/,*/ɡɾ̩ʃˈəɾ̃ə/,,,*/kəʃtˈɛɲə/,,,,,,,*/cˈind/,*/cˈɛndɾ̩/,*/cˌɛndɾˈɔɲ/,,,,,,,,*/cɾ̩tˈɔɲ/,*/cˈɔɲ/,,,,*/cˈimkə/,,*/cˈiɲ̈ɡl̩ː/,*/kɾ̩kˈɔɲ/,,,,,,*/kʎəmˈɔɲ/,*/kl̩ɾˈɔɲ/,,,,,,,*/kʎəmˈɛnd/,,*/kˌuːmtˈɔɲ/,*/kˌuʎtˈɔɲ/,,,*/kˈiːɲ/,*/kˌulˠˈɔɲ/,,*/ɡˌulːcˈɔɲ/,*/ɡˌulːtˈɔɲ/,*/ɡˌulːəmtˈɔɲ/,,,,*/kˈuɲ̈ɡə/,,,,,,*/kˈɔmə/,,*/kˌuːŋɡˈɔɲ/,*/kˈumtɾ̩/,*/kˌuːpətˈɔɲ/,*/kˌuːpətˈɔɲ/,*/kˈumt/,*/kˌuːfˈiɲ/,,*/ɡˌuːʃɾ̩tˈɔɲ/,*/kˌuːʃəɾˈiː/,*/kˌuːʃtˈɔɲ/,,*/kˌuːtəndˈɔɲ/,*/kˈundɾ̩/,,,,*/kˌuːvəndˈɔɲ/,*/kˌuːvˈɛnd/,,,,,,,*/kˌuːɾˈɔɾ̃ə/,,,*/kˌuːɾtˈinə/,,*/kˌuːɾbˈiːn/,,,*/ftˈɔɲ/,*/ɡˌuːd͡zˈɔɲ/,,*/kɾˌiːjˈɔɲ/,,,,,*/kɾˌɛzmˈɔɲ/,,,*/kɾ̩ʃtˈɛɾ̃ə/,,,,,,,,,,,,,*/kˈumulˠ/,,*/kˈuɲ/,*/kˌuːɲˈɔɲ/,*/kˌuːndˈɔɲ/,,,*/cəɾˈɔɲ/,*/kˌuːɾsˈɛɲ/,,,,*/cəɾˈɔɲ/,,,,,,,,*/cˈimə/,,*/ləvɾˈɔɲ/,,*/ləkˈua̯/,,*/ləʃˈɔɲ/,,*/ləɲ̈ɡˈɔɲ/,,,,,,,,*/lətˈiː/,*/lˈaːɲ/,,*/ləvdˈɔɲ/,,,,,*/ləndˈɔɲ/,*/lˈua̯n/,,,,,,*/lˌiːɾˈɔɲ/,,,,*/lˈimə/,*/ləmˈɔɲ/,*/lˈiː/,*/lˈiɲə/,,,,*/lˈuːa̯ɲ/,,,,*/lˌuftˈɔɲ/,,*/lˈundɾ̩/,,,,,,*/mˌaːʃtəɾˈɔɲ/,,,,*/mˌaːlˠkˈɔɲ/,,,,,*/mˌaːlt͡sˈɔɲ/,*/mˌaːlˠəɲɟˈɛɲ/,,*/mˌinˈɔɲ/,*/mˈəɲ̈ɡə/,*/məɲ̈ɡˈɔɲ/,*/mbulˠˈɔɲ/,*/mˈəɲə/,*/mˈəɲ̈ɡ/,*/mˈəɲ̈ɡə/,*/məɲ̈ɡˈɔɲ/,*/mˈəɲɟəɾ̃/,*/mˈaːjt/,,,,,*/mɾ̩tˈɔɲ/,*/mɾ̩tˈɔɲ/,,,,,,*/mɾ̩tˈiː/,,,*/məɾˈuː/,,,*/məʃtəkˈɔɲ/,,,,,*/məkˈɔɲ/,,,*/mətˈɔɲ/,,,*/mˈɛndə/,*/mˈɛnd/,*/mɾ̩zˈɛɲ/,,*/mɾ̩ɡˈɔɲ/,,,*/məlˠˈɛɲə/,,*/mɾ̩ɡˈɔɲ/,,*/mˌaːɾʃtˈɔɲ/,,*/məɾˌɛkəlˠˈɔɲ/,*/məɾˈɛɲ/,,,,,,,*/mˌulˠˈiː/,*/mˈɛnd/,*/mˈunək/,,,,,,*/mˌuʎkˈɔɲ/,,*/mˌuɾmuɾˈɔɲ/,,,*/mˌuʃkˈɔɲə/,,,,*/mɾ̩cˈiɲə/,,,,,*/nˈinə/,,,,*/nˌəmɾ̃ˈɔɲ/,*/nˈɔn/,*/nˌɔːtˈɔɲ/,,,*/nˌumbəɾˈɔɲ/,*/nˈumɾ̩/,,,,,,,*/ˌulˠˈiː/,,*/ˌuɾˈɔɲ/,,*/ˌuɾðəɾ̃ˈɔɲ/,,,,,*/ˌuʃtˈɔɲ/,,,,*/pˌaːlˠˈɔɲ/,,*/pˌɛndˈɛɲ/,,*/pˌəɡˈəɾ̃ə/,,*/pˌaɡˈua̯ɲ/,,,*/pəlˠˈumb/,,*/pˌajtˈɔɲ/,,,,,,*/pəɾˈɔɲ/,*/pəɾˈɔɲ/,*/pˌaɾəndˈɔɲ/,*/pəɾˈind/,,,,,,*/pəsˈɔɲ/,,,,*/pˌaːlˠˈɔɲ/,*/pˌaːlˠˈua̯/,,*/pˈɛɲ̈ɡə/,,,,*/pəʃˈɔɲ/,,,,,*/pɾ̩dəlˠˈɛɲ/,*/əndˌəlˠˈɛɲ/,*/pɾ̩pˌaɾˈɔɲ/,*/pɾ̩pˌaɾˈɔɲ/,*/pɾ̩ɟəlˠˈɔɲ/,*/pəʃkˈɔɲ/,,,,,*/pˈɛɲ̈ɡ/,*/pɾ̩tˈɔɲ/,,,,,,*/pˈɛnə/,,,,,,,,,,*/pl̩cˈɛɲ/,,,,*/pl̩cˈiː/,,,*/plˈumb/,*/pˌulˠˈəndə/,,,*/pˈɛmə/,,,,,,*/pˌurˈiː/,,*/pˌuʃˈɔɲ/,,,*/pˌuʃtˈɔɲ/,,,,,*/pɾˈuːa̯ɲ/,*/pɾˈiːɲ/,,,*/pɾˈiɲɟ/,*/pɾˌivˈɔɲ/,*/pɾˌɔðˈɔɲ/,*/pɾˈuːa̯ɲ/,,*/pɾˌɔʒmˈɔɲ/,*/pɾəmˌɛːtˈɔɲ/,,,,,,,*/pˈuɲ̈ɡə/,*/pˈuɲtə/,,,*/pˌutˈəɾ̃ə/,,*/rˈuːa̯ɲ/,,,,*/rˈɛm/,,,,,,,*/ˌaɾsˈye̯/,,,,,,*/rˈɛm/,*/rəndˈɛɲ/,*/rəʃˈinə/,*/rəʒɡˈɔɲ/,,,,*/ɾˌiɡˈɔɲ/,,*/ɾəmˈɔɲ/,,,,*/ɾəmˈəɾ̃/,*/rˈumb/,*/rˈumbulˠ/,,,*/rˌɔʃpˈɔɲə/,,,*/rˌɔtˈundə/,*/rənˈɔɲ/,*/rˌuɲ̈ɡˈɔɲ/,,,*/rˌumbˈɛɲ/,,,,,,*/ʃətˈɔɲ/,*/ʃˌaːʎtˈɔɲ/,,,*/ʃkɾˈɔɲ/,,,,,*/ʃəlˠˈinə/,*/ʃəlˠˈiɲ/,*/ʃl̩bˈɔɲ/,,,*/ʃəɾˈɔɲ/,,,,*/ʃˌuʃˈuɲə/,,*/ʃˈɛɲt/,,,,,,,,*/ʃˌapˈɔɲ/,,,,*/ʃɾ̩mˈɛnd/,*/ʃətˈundə/,,*/ʃəkˈɔɲ/,,,,,*/ʃɾ̩tˈɔɲ/,*/ʃɾ̩bˈɛɲ/,,,,,*/ʃənˈɔɲ/,*/ʃˈɛɲ̈ɡ/,,,,*/ʃəmbəlˠˈɛɲ/,,*/ʃˈiː/,,,,,,*/ʃcˈɛm/,,*/ʃcˈɛnd͡zə/,,,,,,,,,,*/ʃkɾˈua̯ɲ/,,*/ʃkˈumə/,,,,,,,,*/ʃˌulˠˈə/,,,,,,,,,*/ʃpəɾˈɛɲ/,*/ʃpˈinə/,,,,,,,*/ʃtˈəm/,*/ʃtˈəɲ̈ɡ/,,,,*/ʃtɾˈəmb/,*/ʃtɾˈɛmbəɾ̃/,,,*/ʃtɾˈɛɲt/,*/ʃtɾəɲ̈ɡˈɔɲ/,,*/ʃtˌupˈɔɲ/,,,*/ʃˈuːa̯ɲ/,,,*/ʃˌuɾˌuːkˈɔɲ/,,*/ʃˌufəɾˈɛɲ/,,*/ʃˌujtˈɔɲ/,*/ʃˈumə/,,,,*/ʃˌiːɾˈiɲ̈ɡə/,,,*/tˌatˈɔɲ/,,,,,,,,,,,*/tˈɛndə/,,,,,,*/əndəʃmˈɔɲ/,,,*/tˈinə/,*/tˈɛɲə/,*/tˈiɲ̈ɡə/,*/tˈiɲ̈ɡulˠ/,,*/tˌukˈɔɲ/,,,,,,*/tɾˈuːa̯ɲ/,,*/tɾˌajtˈɔɲ/,,*/tɾˌaʃflˈɔɲ/,*/tɾˌaʃəɡˈɔɲ/,,*/tɾˌazməzˈɔɲ/,,,,*/tɾəmt͡ʃˈəɾ̃ə/,*/tɾˈinə/,,*/tɾ̩kulˠˈiɲ/,,*/tɾˈumbə/,*/tɾˌuʃkˈye̯ɲ/,*/tɾˈuɲ̈ɡ/,*/tˌuɾsˈɛɲ/,,,*/tˈumbə/,*/tˈumulˠ/,*/tˈund/,,*/tˌuɾbˈɔɲ/,*/tˌuɾbulˠˈɔɲ/,,,,,,,*/ˌuɲ̈ɡˈɔɲ/,,,*/ˌuɾəlˈiɲ/,*/ˌutɾˈiː/,*/vˌəɡˈɔɲ/,,*/vlˈɛɲ/,*/vˌəʎˈɛɲ/,*/vˈyːe̯ɲ/,,,,,,*/vəɾ̃ˈɛɾ̃ə/,*/vəɾ̃ˈɛːɾ̃/,*/vˈɛɲ/,*/ftəlˠˈɔɲ/,,,,,*/vɾ̩ʃˈɔɲ/,*/vəʃkˈɛɲ/,,,,*/vəʒɡˈɔɲ/,,,,,,,*/fcˈiː/,,,,,,,*/vɾ̩ɡˈəɾ̃/,,,,*/vəʃtˈɔɲ/,,,,,,,*/vˈua̯ɲ/,,,,*/vˈɔm/,
R487,,,,,,,,,,,,,,,,,,,,,,,,,,,,,,,,,,,,,,,,,,,,,,,,,,,,,,,,,,,,,,,,,,,,,,,,,,,,,,,,,,,*/dənˈɔɲ/,,,,,,,,,,,,,,,,,,,,,,,,,,,,,,,,,,,,,,,*/ʃəmtˈɔɲ/,*/ʃəmˈɔɲ/,,,,,,*/ʃkəmbˈɛɲ/,*/ʃkəndˈɛɲ/,,,,,,,,,,,,,,,,,,,,,,,,,,,,,,,,,,,*/fəʎˈɛɲ/,,,,,,,,,*/fəmˈiːʎə/,,,,,,,,,,,,,,,,,,,,,,,,,,,,,,,,,,,,,,,,,,*/fɾəɲɟˈiː/,,,,,,,,,,,,,,,,,,,,,,,,,,,,,,,,,,,,,,,,,,,,,,,,,,,,,,,,,,,,,,,,,,,,,,,,,,,,,,,,*/əndˌiːkˈɔɲ/,,,,,,,,,,,,,,,,,,,,,,,,,,,,,,,,,,,,,,,,,,,,,,,,,,,,,,,*/kəmbˈɛɲ/,,,*/kəmbˈɔɾ̃ə/,,,,,,,,,,,*/kəɲɟˈɛːlː/,,,,,,,,,,,,,,,,,,,,,,,,,,,,,,,,,,,,,,,,,,,,,,,,,,,,,,,,,,,,,,,,,,,,,,,,,,,,,,,,,,,,,,,,,,,,,,,,,,,,,,,,,,,,,,,,,,,,,,,,,,,,,,,,,,,,,,,,,,,,,,,,,,,,,,,,,,,,,,,,,,,,,,,,,,,,,,,,,,,,,,,,,,,,,,,,,,,,,,,,,,,,,,,,,,,,,,,,,,,*/məlˠˈɛt/,,,,,,,,,,,,,,,,,,,,,,,,,,,,,,,,,,,,,,,,,,,,,,,,,,,,,,,,,,,,,,,,,,,,,,,,,,,,,,,,,,,,,,,,,,*/nəmɾ̃ˈɔɲ/,,,,,,,,,,,,,,,,,,,,,,,,,,,,,,*/pəɡˈəɾ̃ə/,,,,,,,,,,,,,,,,,,,,,,,,,,,,,,,,,,,,,,,*/əndəlˠˈɛɲ/,,,,,,,,,,,,,,,,,,,,,,,,,,,,,,,,,,,,,,,,,,,,,,,,,,,,,,,,,,,,,,,,,,,,,,,,,,,,,,,,,,,,,,,,,,,,,,,,,,,,,,,,,,,,,,,,,,,,,,,,,,,,*/ʃəɟˈɛtə/,,,,,,,,,,,,,,,,*/ʃəndˈɛt/,*/ʃəndˈɔːʃ/,*/ʃəɲɟˈatə/,,*/ʃəndɾˌiːtˈɛt/,,*/ʃəməhˈiːlˠ/,*/ʃəndəndɾˈɛː/,*/ʃəndɾˈɛː/,*/ʃəɲˈak/,,*/ʃəmˈitɾ̩/,*/ʃəŋɡˈɔːlˠə/,,,,,,,,,,,,,,,,,,,,,,,,,,,,,,,,,,,*/ʃcəndˈiːʎə/,,,,,,,,,,,,,,,,,,,,,,,,,,,,,,,,,,,,,,,,,,,,,,,,,,,,,,,,,,,,,,,,,,,,,,,,,,,,,,,,,,,,,,,,,,,,,,,,,,,,,,,,,,,,,,,,,,,,,,,,,,,,,,,,,,,,,,,,*/vəɡˈɔɲ/,,,*/vəʎˈɛɲ/,,,,,,,,,,,,,,,,,,,,,,,,,,,,,,,,,,,,,,,,,,,,,,,,,,
R488,,,,,,,,,,,,,,,,,,,,,,,,,,,,,,,,,,,,,,,,,,,,,,,,,,,,,,,,,,,,,,,,,,,,,,,,,,,,,,,,,,,,,,,,,,,,,,,,,,,,,*/dɾˈɛjt/,,,,,,,,,,,,,,,,,,,,,,,,*/ʃndɾˈɔɲ/,,,,,,,,,,,,,,,,,,,,,,,,,,,,,,,,,,,,,,,,,,,,,,,,,,,,,,,,,,,,,,,,,,,,,,,,,,,,,,,,,,,,,,,,,,,,,,,,,,,,,,,,,,,,,,,,,,,,,,,,,,,,,,,,,,,,,,,,,,,,,,,,,,,,,,,,,,*/əmbɾˈɔɲ/,,,*/əmbɾˌɛtˈua̯ɾ/,,*/əmbɾˌɛtuɾˈɛːʃə/,*/əmbɾˈɛt/,*/əmbɾˈɛtɾ̩/,,,,,,,,,,,,,,*/əndɾˈɛc/,,,,,,,,,,,,,,,,,,,,,,,,,,,,,,,,,,,,,,,,,,,,,,,,,,,,,,,,,,,,,,,,,,,,,,,,,,,,,,,,,,,,,,,,,,,,,,,,,,*/kɾˈɛlː/,*/kɾˈye̯/,,,,,,,,,,,,,,,,,,,,,,,,,,,,,,,,,,,,,,,,,,,,,,,,,,,,,,,,,,,,,,,,,,,,,,,,,,,,,,,,,,,,,,,,,,,,,,,,,,,,,,,,,,,,,,,,,,,,,,,,,,,,,,,,,,,,,,,,,,,,,,,,,,,,,,,,,,,,,,,,,,,,,,,,,,,,,,,,,,*/mˌaːʃtɾˈɔɲ/,,,,,,,,,,,,,,,,,,,,,,,,,,,,,,,,,,,,,,,,,,,,,,,,,,,,,,,,,,,,,,,,,,,,,,,,,,,,,,,,,,,,,,,,,,,,,,,,,,,,,,*/nˌumbɾˈɔɲ/,,,,,,,,,,,,,,,,,,,,,,,,,,,,,,,,,,,,*/pɾˈaːlˠə/,,*/pɾˈɔɲ/,*/pɾˈɔɲ/,,*/pɾˈind/,,,,,*/pˌaʃtɾˈak/,,,,,,,,,,,,,,,,,,,,,,,,,,,,,,,,,,,,,,,,,,,,,,,,,,,,,,,,,,,,,,,,,,,,,,,,,,,,,,,,,,,,,,,,,,,,,,,,,,,,,,,,,,,,,,,,,,,,,,,,,,,,,,,,,,,,,,,,,,,,,,,,,,,,,,,,,,,,,,,,,,,,,,,,,,,,,,,,,,,,,,,,,,,,,,,,,,,,,,,,,,,,,,,,,,,,,,,,,,,,,,,,,,,,,,,,*/ʃpɾˈɛːsə/,*/ʃpɾˈɛɲ/,,,,,,,,,,,,,,,,,,,,,,,,,*/ʃˌumbɾˈitkə/,,,,,,,,,,,,,,,,,,,,,,,,,*/tɾˈye̯lːə/,*/tɾˈye̯lːə/,,,,,,,,,,,,,,,,,,,,,,,,,,,,,,,,,,,,,,,,,,,,,,,,,,,,,,,,,,,,,,,,,,,,,,,,,,,,,,,,,,,,,,,,,,,,,,,,,,,,,,,,,,,,,,
R489,,,,,*/vlˈɔɾə/,,,,,,,,,,,,,*/ˈaːɾbəɾ/,*/əɾbəɾˈɛːʃ/,,,,,,,,,,,,,,,,,,,,*/ɾˈəɾə/,,,,,,,,,,,,,,,,,,,,,,,,,,,,,,,,,,,,,,,,,,,*/dˈɛməɾ/,,,,,,,,,,,,,,,*/zˈəɾə/,,,,,,,,,,,,,,,,,,,,,,,,*/ʃˈɛməɾ/,,,,,,,,,,,,,,,,,,,,,,,,,*/ʃtəɾˈɔɲ/,,,,,,,,,,,,,,,,,,,,,,,,,,,,,,,,,,,,,,,*/fˈɛməɾ/,,,,,,,,,,,,,,,,,,,,,,,,,,,,,*/fɾˈaːʃəɾ/,,,*/fɾˈɛɾə/,,,,,,,,,,,,,,,,*/ɟˈɛːlbəɾ/,,,,,,,,,*/ɟəɾˈiː/,,,,,,,,,,,,,,,,,,,,,,,,,,,,,,,,*/ɟəɾˈɔɲ/,*/kˈɔɾə/,,,,,,,,,,,,,,,,,,,,,,,,,,,,,,,*/ˌaːɾmˈik/,,,*/əɲ̈ɡˌaːʃəɾˈɛɲ/,,,,,*/kˈuðəɾ/,,,,,,,,,,,,,,,,,,,,,,,,,,,,,,,,,,,,,,,,*/kəmbˈɔɾə/,,*/kˈəɾəp/,,,,,,,,,,,,,,,,,,,,,,,,,,*/ɡɾ̩ʃˈəɾə/,,*/cˈɛːʃəɾ/,,,,,,,,,,,,,,,,,,,,,,,,,,,,,,,,,,,*/kʎˈaːɾ/,,,,,,,,,,,,,,,,,,*/kˌulˠumbəɾˈiː/,,,,,,,,,,,,,,,,,,,,,,,,,,,,,,,,,,*/kˌuːɾˈɔɾə/,,,,,,,,,,,,,,,,,,,*/kɾ̩ʃtˈɛɾə/,,,,,,,,,,,,,,,,,,,,,,,,,,,,,,,,,,,,,,,,,,,,,,,,,,,,,,,,,,,,,,,,,,,,,,,,,,,,,,,,,,,,,,,,,,,,,,,,,,,,,,,,,,,*/mˈəɲɟəɾ/,,,,,,,,,,,,,,,,,,,,,,,,,,,,,,,,,,,,,,,,,,,,,,,,,,,,,,,,,,,,,,,,,,,,,,,,,,,,,*/nəmɾˈɔɲ/,,,,,,,,,,,,,,,,,*/ˌuɾðəɾˈɔɲ/,*/ˌuɾðəɾˈatə/,*/ˈuɾðəɾ/,,*/vˈaɾfəɾ/,,,,,,,,,*/pəɡˈəɾə/,,,,,,,,,,,,,,,,,,,,,,,,,,,,,,,,,,*/pjˈɛpəɾ/,,,,,,,,,,,,,,,,,,,,,,,,,,,,,,,,,,,,,,,,,,,,,,,,,,,,,,,,,,,,,,,,,,,,,,,,,,,,,,,*/pˌutˈəɾə/,,,,,,,,,,,,,,,,,,,,,,,,,*/rˈɛtəɾ/,,*/rˈicəɾ/,,,,,*/ɾəmˈəɾ/,,,,,,,,,,,,,,,,,,,,,,,,,,,,,,,,,,,,,,,,,,,,,,,,,,*/ʃˌɛːlcəɾˈua̯ɾ/,,,,,,,,,,,,,,,,,,,,,,,,,,,,,,,,,,,,,,,,,,,,,,,,,,,,,,,,,,,,,,,*/ʃpɾəɾˈɛtkə/,,,,,,,,,,*/ʃtɾˈɛmbəɾ/,,,,,,,,,,,,,,,,,,,,,,,,,,,,,,,*/tˈiməɾ/,,,,,,,,,,,,,,,,,,,,,,,,,,,,,,,,,,,*/tɾəmt͡ʃˈəɾə/,,,,,,,,,,,,,,,,,,,,,,,,,,,,,,,,,,,,,,*/vəɾˈɛɾə/,*/vəɾˈɛːɾ/,,,,,,,,,,,,,,,,,,,,,,,,,*/vˈiːɾɟəɾ/,*/vɾ̩ɡˈəɾ/,,,,,,,,,,,,,,,,
R490,,,,,,,,,,,,,,,,,,,*/əɾbɾˈɛːʃ/,,,,,,,,,,,,,,,,,,,,,,,,,,,,,,,,,,,,,,,,,,,,,,,,,,,,,,,,,,,,,,,,,,,,,,,,,,,,,,,,,,,,,,,,,,,,,,,,,,,,,,,,,,,,,,,,,,,,,,,,,,,,,,,,,,,,,,,,,,,,,,,,,,,,,,,,,,,,,,,,,,,,,,,,,,,,,,,,,,,,,,,,,,,,,,,,,,,,,,,,,,,,,,,,,,,,,,,,,,,,,,,,,,,,,,,,,,,,,,,,,,,,,,,,,,,,,,,,,,,,,,,,,*/əmbɾˌɛtɾˈɛːʃə/,,,,,,,,,,,,,,,,,,,,,,,,,,,,,,,,,,,,,,,,,,,,,,,,,,,,,,,,,,,,,,,,,,,,,,,,,,,,,,,,,,,,,,,,,,,,,,,,,,,,,,,,,,,,,,,,,,,,,,,,,,,,,,,,,,,,,,,,,,,,,,,,,,,,,,,,,*/kˌulˠumbɾˈiː/,,,,,,,,,,,,,,,,,,,,,,,,,,,,,,,,,,,,,,,,,,,,,,,,,,,,,,,,,,,,,,,,,,,,,,,,,,,,,,,,,,,,,,,,,,,,,,,,,,,,,,,,,,,,,,,,,,,,,,,,,,,,,,,,,,,,,,,,,,,,,,,,,,,,,,,,,,,,,,,,,,,,,,,,,,,,,,,,,,,,,,,,,,,,,,,,,,,,,,,,,,,,,,,,,,,,,,,,,,,,,,,,,,,,,,,,,,,,,,,,,,,,,,,,,,,,,,,,,,,,,,,,,,,,,,,,,,,,,,,,,,,,,,,,,,,,,,,,,,,,,,,,,,,,,,,,,,,,,,,,,,,,,,,,,,,,,,,,,,,,,,,,,,,,,,,,,,,,,,,,,,,,,,,,,,,,,,,,,,,,,,,,,,,,,,,,,,,,,,,,,,,,,,,,,,,,,,,,,,,,,,,,,,,,,,,,,,,,,,,,,,,,,,,,,,,,,,,,,,,,,,,,,,,,,,,,,,,,,,,,,,,,,,,,,,,,,,,,,,,,,,,,,,,,,,,,,,,,,,,,,,,,,,,,,,,,,,,,,,,,,,,,,,,,,,,,,,,,,,,,,,,,,,,,,,,,,,,,,,,,,,,,,,,,,,,,,,,,,,,,,,,,,,,,,,,,,,,,,,,,,,,,,,,,,,,,,,,,,,,,,,,,,,,,,,,,,,,,,,,,,,,,,,,,,,,,,,,,,,,,,,
R491,,,,,,,,,,,,,,,,,,,,,,,,,,,,,,,,,,,,,,,,,,,,,,,,,,,,,,,,,,,,,,,,,,,,,,,,,,,,,,,,,,,,,,,,,,,,,,,,,,,,,,,,,,,,,,,,,,,,,,,,,,,,,,,,,,,,,,,,,,,,,,,,,,,,,,,,,,,,,,,,,,,,,,,,,,,,,,,,,,,,,,,,,,,,,,,,,,,,,,,,,,,,,,,,,,,,,,,,,,,,,,,,,,,,,,,,,,,,,,,,,,,,,,,,,,,,,,,,,,,,,,,,,,,,,*/ɾənd͡zˈɔɲ/,,,,,,,,,,,,,,,,,,,,,,,,,,,,,,,,,,,,,,,,,,,,,,,,,,,,,,,,,,,,,,,,,,,,,,,,,,,,,,,,,,,,,,,,,,,,,,,,,,,,,,,,,,,,,,,,,,,,,,,,,,,,,,,,,,,,,,,,,,,,,,,,,,,,,,,,,,,,,,,,,,,,,,,,,,,,,,,,,,,,,,,,,,,,,,,,,,,,,,,,,,,,,,,,,,,,,,,,,,,,,,,,,,,,,,,,,,,,,,,,,,,,,,,,,,,,,,,,,,,,,,,,,,,,,,,,,,,,,,,,,,,,,,,,,,,,,,,,,,,,,,,,,,,,,,,,,,,,,,,,,,,,,,,,,,,,,,,,,,,,,,,,,,,,,,,,,,,,,,,,,,,,,,,,,,*/mɾˈɛkulˠ/,*/mɾˌɛkəlˠˈɔɲ/,*/mɾˈɛɲ/,,,,,,,,,,,,,,,,,,,,,,,,,,,,,,,,,,,,,,,,,,,,,,,,,,,,,,,,,,,,,,,,,,,,,,,,,,,,,,,,,,,,,,,,,,,,,,,,,,,,,,,,,,,,,,,,,,,,,,,,,,,,,,,,,,,,,,,,,,,,,,,,,,,,,,,,,,,,,,,,,,,,,,,,,,,,,,,,,,,,,,,,,,,,,,,,,,,,,,,,,,,,,,,,,,,,,,,,,,,,,,,,,,,,,,,,,,,,,,,,,,,,,,,,,,,,,,,,,,,,,,,,,,,,,,,,,,,,,,,,,,,,,,,,,,,,,,,,,,,,,,,,,,,,,,,,,,,,,,,,,,,,,,,,,,,,,,,,,,,,,,,,,,,,,,,,,,,,,,,,,,,,,,,,,,,,,,,,,,,,,,,,,,,,,,,,,,,,,,,,,,,,,,,,,,,,,,,,,,,,,,,,,,,,,,,,,,,*/vɾˈɛɾə/,*/vɾˈɛːɾ/,,,,,,,,,,,,,,,,,,,,,,,,,,,,,,,,,,,,,,,,,,
R492,*/havərˈɔɲ/,,,,,*/vlɔɲˈat/,*/aðuɾˈɔɲ/,*/aðəɾˈɔɲ/,,,,,,,,,*/uʃˈuɲə/,,,,*/aɾɡˈɔːɾˈiː/,,,,,,,,,,,,,,,*/paɾmˈɛnd/,,,,,,,,*/haɾməʃˈua̯ɾ/,*/arˈiːɲ/,,,,,,,*/avləmˈɛnd/,,,,,,,*/baɾˈatɾ̩/,,,*/batˈaːʎə/,*/batˈaːʎə/,*/bɛnkˈɔɲ/,,*/biːɲˈaːɾ/,,,,,,,*/bult͡ʃˈɛːʃ/,,,,,,,,,,,,*/dɛːtˈɔɲ/,*/dɛːtˈua̯ɾ/,*/dɛːtˈɔːɾəs/,*/dɛːtˈyːɾə/,*/dəliːɾˈɔɲ/,*/dəkatˈɔɲ/,,,,*/dəʃiːɾˈɔɲ/,,,,,,,,,*/ʃkalːkˈɔɲ/,*/ʃkaɾkˈɔɲ/,,*/ʃcyːɾtˈɔɲ/,*/zbulːˈɔɲ/,*/muːʃtəkˈɔɲ/,*/dulˠˈye̯/,*/ðuɾˈɔɲ/,,,,,,*/dulpəkˈɔɲ/,*/duɾˈɔɲ/,*/hɛːtˈɔɲ/,,,,,,,,,*/ʃkalːkˈɔɲ/,*/ʃkalˠˈɔɲ/,,,*/ʃkaɾzˈɛɲ/,*/ʃkaɾtˈɔɲ/,*/ʃkatərˈɔɲ/,*/ʃkaːɡˈɔɲ/,,,*/ʃkuːɾtˈɔɲ/,,,,,,,,*/hɛɾmˈɔɲ/,,,*/ʃuɲ̈ɡulˠˈɔɲ/,,,*/pɛːʃkˈɔp/,,*/upˈɛːʃp/,,,,,,,,,,*/faːɾkˈɔɲ/,,,,,,,*/faːʎkˈua̯/,,*/fajtˈyːɾə/,,,,,,,,,,,,,,,,,,,,,,*/fulːcˈɛt/,,,,*/fiːʃtəlˠˈɔɲ/,,,,,,*/flɔɾˈiː/,*/flutulˠˈɔɲ/,*/fɔjlˈɛtə/,*/fuɾmˈɛːlːə/,,,,*/fuɾtˈunə/,,,,,,,,,,,*/flˠɛtˈɛːɾɛ/,,*/fult͡ʃˈiː/,*/fɔnˈɛːɾ/,,,,,*/fuʒɲˈaːɾ/,,,,,,,,,,*/ɡaːzmˈɛnd/,,,,,,,,,,,,,,,,*/ɡɾumbulˠˈɔɲ/,,,,,,,,,,,,,,,*/urˈɛɲ/,,*/jaːnˈɛːɾ/,,,,,,,,,*/əmbɾɛtˈua̯ɾ/,,*/əmbɾɛtɾˈɛːʃə/,,,,,,,*/nalt͡sˈɔɲ/,,*/naːɾtˈɔɲ/,*/əmburˈə/,,*/əndiːkˈɔɲ/,,,,,,,,,,*/aːɾmˈik/,*/əɲ̈ɡalːkˈɔɲ/,*/əɲ̈ɡaɾkˈɔɲ/,*/əɲ̈ɡaːʃəɾˈɛɲ/,,*/əɲ̈ɡuːʃəlˠˈɔɲ/,,,,*/əɲ̈ɡuːɲˈɔɲ/,,,,,,,,,,,,,,,,,,,*/ɟyːkˈɔɲ/,*/ɟyːɡˈatə/,,*/ɟyːndˈyːɾə/,,,*/ɟuːvˈɛɲ̈ɡə/,,,*/kalˠmˈɛt/,,,*/kalˠəndˈua̯ɾ/,,,,,,,,,,,,,,,,,,,,*/kapˈɛːlːə/,*/kapɾˈua̯lˠ/,*/kafʃˈatə/,*/kafʃˈɔɲ/,*/kapɾˈɛːʃt/,,*/kapˈua̯/,,,,,*/karjˈɔːz/,,,,*/kariːkəlˠˈɔɲ/,,,,,*/kaʃɲˈɛt/,,,,,,,,*/cɛndɾˈɔɲ/,,*/cɛpˈuːlːə/,*/cɛɾʃˈua̯ɾ/,,,,,,,,,,,*/ciːmˈuːʃə/,,,,,,,*/cyːtˈɛt/,,,,,*/kʎyːtˈyːɾə/,,,,,,*/kuːmtˈɔɲ/,*/kuʎtˈɔɲ/,*/kuːnˈat/,*/kuːjɾˈi/,,*/kulˠˈɔɲ/,*/kulːˈaːɾ/,*/ɡulːcˈɔɲ/,*/ɡulːtˈɔɲ/,*/ɡulːəmtˈɔɲ/,*/kulˠˈɔːʃtɾ̩/,*/kulˠumbɾˈiː/,*/kulˠumˈɛːsə/,,,,,,*/kɔːftˈua̯ɾ/,,*/kuːmˈɛːɾc/,*/kuːŋɡˈɔɲ/,,*/kuːpətˈɔɲ/,*/kuːpətˈɔɲ/,,*/kuːfˈiɲ/,*/kuːʃˈiːlː/,*/ɡuːʃɾ̩tˈɔɲ/,*/kuːʃəɾˈiː/,*/kuːʃtˈɔɲ/,,*/kuːtəndˈɔɲ/,,*/kuːndɾˈua̯lˠ/,*/kuːndɾ̩ʃtˈaːɾ/,*/kuːnˈuːʎkə/,*/kuːvəndˈɔɲ/,*/kuːvˈɛnd/,*/kuːɾtˈyːɾə/,,,,*/kuːrˈiːʎk/,*/kɔːrˈutə/,*/kuːɾˈɔɾə/,,,*/kuːɾtˈinə/,,*/kuːɾbˈiːn/,,,,*/ɡuːd͡zˈɔɲ/,,*/kɾiːjˈɔɲ/,*/kɾiːjˈɛːsə/,*/kɾiːjtˈyːɾə/,,,*/kɾɛzmˈɔɲ/,,,,,,,,,,,,,*/kuːkˈuːtə/,,,,,,*/kuːɲˈɔɲ/,*/kuːndˈɔɲ/,,,,*/kuːɾsˈɛɲ/,,,,,,,,*/kaʃˈiːlː/,*/cy/,,,,,,*/laːɾˈuːʃkə/,,,,,,,,,,,,,,,*/latˈyːɾə/,,,,,,,,,,,,,*/liːɾˈɔɲ/,*/liɡətˈyːɾə/,,,,,,,*/lɛpətˈyːɾə/,,,,*/lucˈɛːrə/,,,*/luftˈɔɲ/,*/luftːˈaːɾ/,,*/luɡˈat/,*/lucˈɛɾbulˠ/,,,,*/maːʃtɾˈɔɲ/,*/maːʃtˈɛːɾk/,*/majˈɛːɾɛ/,,*/maːlˠkˈɔɲ/,*/maːlːt͡sˈɔːlˠə/,,,,*/maːlt͡sˈɔɲ/,*/maːlˠəɲɟˈɛɲ/,,*/minˈɔɲ/,,,,,,,,,,,,,,,,,,,,,,,,,,,,,*/maːtɾˈik/,,,,,,,,,,,,,,,,,,,,*/maːɾʃtˈɔɲ/,,*/mɾɛkəlˠˈɔɲ/,,,,,,,*/mulˠˈaːɾ/,*/mulˠˈiː/,,,,*/muɾtˈaːʎə/,,,,*/muʎkˈɔɲ/,,*/muɾmuɾˈɔɲ/,,*/muʃcəlˠˈua̯ɾ/,*/muʃkˈɔɲə/,,,,,,,*/naːtˈyːɾə/,,,*/əɲ̈ɡaɾðulːˈicɛ/,,,,,*/nɔːtˈɔɲ/,,,*/numbɾˈɔɲ/,,,,,*/ulˠˈaːʃtɾ̩/,,,*/ulˠˈiː/,,*/uɾˈɔɲ/,,*/uɾðəɾˈɔɲ/,*/uɾðəɾˈatə/,,,,*/uʃtˈɔɲ/,,,,*/paːlˠˈɔɲ/,,*/pɛndˈɛɲ/,*/pɛndˈɛːsə/,,*/paɡətˈyːɾə/,*/paɡˈua̯ɲ/,,,,,*/pajtˈɔɲ/,,,,,*/paɾˈiːz/,,,*/paɾəndˈɔɲ/,,*/fɾaʃˈua̯lˠ/,*/faʃˈua̯lˠ/,,,*/paʃtɾˈak/,,,,,*/paːlˠˈɔɲ/,*/paːlˠˈua̯/,,,,*/pɛːkˈuːlː/,,,,,,,,,*/pɾ̩paɾˈɔɲ/,*/pɾ̩paɾˈɔɲ/,,,,*/pɛːtɾˈɛːʃ/,,,,,,,,,,,,,,*/biːʃtˈaːʎə/,,,,,,,,,,,,,,*/pulˠˈəndə/,*/pulːkˈye̯ɾ/,*/pulːcˈɛːɾ/,,,,,,*/purˈiː/,*/purˈiː/,,*/puʃˈɔɲ/,,,*/puʃtˈɔɲ/,*/puʃtˈɛt/,,,,,,,,,*/pɾivˈɔɲ/,*/pɾɔðˈɔɲ/,,,*/pɾɔʒmˈɔɲ/,*/pɾəmɛːtˈɔɲ/,,,,,,,,,,,*/putˈəɾə/,,,,,,,,,,,,*/raʃcˈɛlː/,*/aɾsˈye̯/,,,,,,,,,,,,,*/ɾiɡˈɔɲ/,,,,,,,,,*/rufˈɛː/,,*/rɔʃpˈɔɲə/,,,*/rɔtˈundə/,,*/ruɲ̈ɡˈɔɲ/,,,*/rumbˈɛɲ/,,,,,,,*/ʃaːʎtˈɔɲ/,,,,,,,*/ʃɛːlcˈɛt/,,,,*/ʃɛːlbˈaːsə/,,,,,,*/ʃuʃˈuɲə/,*/ʃəndɾiːtˈɛt/,,,,,,,,,*/ʃapˈɔɲ/,,,*/ʃɛːlcəɾˈua̯ɾ/,,,,,,,,,,,,,,,,,,,,,,,,,,,,,,,,,,,,,*/ʃkɔːpˈɛt/,,,,,,,,,,,,,*/ʃulˠˈə/,,,,*/ʃuɾtˈikə/,*/ʃuɾtl̩ɟˈiː/,,,,,,,,,,,,,,,,,,,,,,,,*/ʃtupˈɔɲ/,,,,*/ʃulˠˈatə/,*/ʃumbɾˈitkə/,*/ʃuɾuːkˈɔɲ/,*/ʃuːtərˈiː/,*/ʃufəɾˈɛɲ/,,*/ʃujtˈɔɲ/,,*/ʃuɾkˈɛːl/,*/ʃuʃpˈiːrə/,,*/ʃiːɾˈiɲ̈ɡə/,*/tabˈɛːlːə/,,*/tatˈɔɲ/,,,,*/tavˈɛːrə/,,,,,,,,,,,,,,,,,,,,,*/tukˈɔɲ/,,,,,,,,*/tɾajtˈɔɲ/,,*/tɾaʃflˈɔɲ/,*/tɾaʃəɡˈɔɲ/,,*/tɾazməzˈɔɲ/,,,,,,,,,,*/tɾuʃkˈye̯ɲ/,,*/tuɾsˈɛɲ/,,,,,,,*/tuɾbˈɔɲ/,*/tuɾbulˠˈɔɲ/,,,,,,,*/uɲ̈ɡˈɔɲ/,*/yndˈyːɾə/,,*/uɾəlˈiɲ/,*/utɾˈiː/,,,,,,,,,,,,,,,,,,,,,,,,,,,,,,,,*/viːtˈɔːɾɛ/,,,*/viːɲˈaːlˠ/,,,,,,,,,,,,,*/vɛːtˈuːlˠə/,,,,*/vulˠəndˈɛt/,,*/vuɾˈatə/
R493,,,,,,,,,,,,,,,,,,,,,,,,,,,,,,,,,,,,,,,,,,,,,,,,,,,,,,,,,,,,,,,,,,,,,,,,,,,,,,,,,,,,,,,,,,,,,,,,,,,,,,,,,,,,,,,,,,,,,,,,,,,,,,,,,,,,,,,,,,,,,,,,,,,,,,,,,,,*/riɡˈɔɲ/,,,,,,,,,,,,,,,,,,,,,,,,,,,,,,,,,,,,,,,,,,,,,,,,,,,,,,,,,,,,,,,,,,,,,,,,,,,,,,,,,,,,,,,,,,,,,,,,,,,,,,,,,,,,,,,,,,,,,,,,,,,,,,,,,,,,,,,,,,,,,,,,,,,,,,,,,,,,,,,,,,,,,,,,,,,,,,,,,,,,,,,,,,,,,,,,,,,,,,,,,,,,,,,,,,,,,,,,,,,,,,,,,,,,,,,,,,,,,,,,,,,,,,,,,,,,,,,,,,,,,,,,,,,,,,,,,,,,,,,,,,,,,,,,,,,,,,,,,,,,,,,,,,,,,,,,,,,,,,,,,,,,,,,,,,,,,,,,,,,,,,,,,,,,,,,,,,,,,,,,,,,,,,,,,,,,,,,,,,,,,,,,,,,,,*/lifcˈɛːɾ/,,,,,,,,,,,,,,,,,,,,,,,,,,,,,,,,,,,,,,,,,,,,,,,,,,,,,,,,,,,,,,,,,,,,,,,,,,,,,,,,,,,,,,,,,,,,,,,,,,,,,,,,,,,,,,,,,,,,,,,,,,,,,,,,,,,,,,,,,,,,,,,,,,,,,,,,,,,,,,,,,,,,,,,,,,,,,,,,,,,,,,,,,,,,,,,,,,,,,,,,,,,,,,,,,,,,,,,,,,,,,,,,,,,,,,,,,,,,,,,,,,,,,,,,,,,,,,,,,,,,,,,,,,,,,,,,,,,,,,,,,,,,,,,,,,,,,,,*/riʒɡˈɔɲ/,,,,,,,,,,,,,,,,,,,,,,,,,,,,*/ʃiɟˈɛtə/,,,,,,,,,,,,,,,,,,,,,,,,,,,,,,,,,,,,*/ʃikˈɔɲ/,,,,,,,,,,,,,,,,,,,,,,,,,,,,,,,,,,,,,,,,,,,,,,,,,,,,,,,,,,,,,,,,,,,,,,,,,,,,,,,,,,,,,,,,,,,,,,,,,,,,,,,,,,,,,,,,,,,,,,,,,,,,,,,,,,,,,,,,,,,,,,,,,,,,,,,,,,,,,,,,,,,,,,,,,,,,,,,,*/ftilˠˈɔɲ/,,,,,,,,,,,,,,,,,,,,,,,,,,,,,,,,,,,,,,,,
R494,,,,,,,,,,,,,,,,,,,,,,,*/mpː̬ətˈiː/,*/mbulˠˈɔɲ/,,,,,,,,*/ɲ̈ɡˈuːʃt/,*/ɲ̈ɡuːʃtˈɔɲ/,,,,,,,,,,,,,,,,,,,,,,,,,,,,,,,,,,,,,,,,,,,,,,,,,,,,,,,,,,,,,,,,,,,,,,,,,,,,,,,,,,,,,,,,,,,,,,,,,,,,,,,,,,,,,,,,,,,,,,,,,,,,,,,,,,,,,,,,,,,,,,,,,,,,,,,,,,,,,,,,,,,,,,,,,,,,,,,,,,,,,,,,,,,,,,,,,,,,,,,,,,,,,,,,,,,,,,,,,,,,,,,,,,,,,,,,,,,,,,,,,,,,,,*/mbɾˈɔɲ/,*/mbɾ̩tˈɛːʃə/,,*/mbɾɛtˈua̯ɾ/,,*/mbɾɛtɾˈɛːʃə/,*/mbɾˈɛt/,*/mbɾˈɛtɾ̩/,*/mbləndˈɔɲ/,*/mblˈɔɲ/,*/mˈuː/,,,,,*/mburˈə/,*/ndəʃkˈɔɲ/,*/ndiːkˈɔɲ/,*/ndəkˈɔɲ/,*/ndəftˈɔɲ/,*/ndɾ̩tˈɔɲ/,*/ndɾˈɛc/,*/ndəʎˈɛɲ/,,,*/ɲ̈ɡəɲˈɛɲ/,*/ɲ̈ɡɾˈatə/,,*/ɲ̈ɡalːkˈɔɲ/,*/ɲ̈ɡaɾkˈɔɲ/,*/ɲ̈ɡaːʃəɾˈɛɲ/,*/ɲɟəɾˈɔɲ/,*/ɲ̈ɡuːʃəlˠˈɔɲ/,*/ɲ̈ɡˈɔːɾð/,,,*/ɲ̈ɡuːɲˈɔɲ/,,,*/mbəkˈat/,*/mbəʃˈɔɲ/,,,*/ndl̩ːɡˈɔɲ/,*/ndɾ̩ɡˈɔɲ/,*/ndɾ̩/,*/ɲɟˈye̯ɲ/,,,,,,,,,,,,,,,,,,,,,,,,,,,,,,,,,,,,,,,,,,,,,,,,,,,,,,,,,,,,,,,,,,,,,,,,,,,,,,,*/ɲ̈ɡˈaːlˠə/,,,,,,,,,,,,,,,,,,,,,,,,,,,,,,,,,,,,,,,,,,,,,,,,,,,,,,,,,,,,,,,,,,,,,,,,,,,,,,,,,,,,,,,,,,,,,,,,,,,,,,,,,,,,,,,,,,,,,,,,,,,,,,,,,,,,,,,,,,,,,,,,,,,,,,,,,,,,,,,,,,,,,,,,,,,,,,,,,,,,,,,,,,,,,,,,,,,,,,,,,,,,,,,,,,,,,,,,,,,,,,,,,,,,,,,,,,,,,,,,,,,,,,,,,,,,,,,,,,,,,,,,,,,*/ɲ̈ɡaɾðulːˈicɛ/,,,,,,,,,,,,,,,,,,,,,,,,,,,,,,,,,,,,,,,,,,,,,,,,,,,,,,,,,,,,,,,*/mbjˈɛːkə/,,,,,,,,,*/ndəlˠˈɛɲ/,,,,,,,,,,,,,,,,,,,,,,,,,,,,,,,,,,,,,,,,,,,,,,,,,,,,,,,,,,,,,,,,,,,,,,,,,,,,,,,,,,,,,,,,,,,,,,,,,,,,,,,,,,,,,,,,,,,,,,,,,,,,,,,,,,,,,,,,,,,,,,,,,,,,,,,,,,,,,,,,,,,,,,,,,,,,,,,,,,,,,,,,,,,,,,,,,,,,,,,,,,,,,,,,,,,,,,,,,,,,,,,,,,,,,,,,,,,,,,,,,,,,,,,,,,,,,,,,,,,,,,,,,,,,,,*/ndəʃmˈɔɲ/,,,,,,,,,,,,,,,,,,,,,,,,,,,,,,,,,,,,,,,,,,,,,,,,,,,,,,,,,,,,,,,,,,,,,,,,,,,,,,,,,,,,,,,,,,,,,,,,,,,,,,,,,,
R495,,,,,,,,,,,,,,,,,,,,,,,,,,,,,,,,,,,,,,,,,,,,,,,,,,,,,,,,,,,,,,,,,,,,,,,,,,,,,,,,,,,,,,,,,,,,,,,,,,,,,,,,,,,,,,,,,,,,,,,,,,,,,,,,,,,,,,,,,,,,,,,,,,,,,,,,,,,,,,,,,,,,,,,,,,,,,,,,,,,,,,,,,,,,,,,,,,,,,,,,,,,,,,,,,,,,,,,,,,,,,,,,,,,,,,,,,,,,,,,,,,,,,,,,,,,,,,,,,,,,,,,,,,,,,,,,,,,,,,,,,,,,,,,,,,,,,,,,,,,,,,,,,,,,,,,,,,,,,,,,,,,,,,,,,,,,,,,,,,,,,,,,*/kˈaːlˠm/,,*/kalˠndˈua̯ɾ/,,,,,,,,,,,,,,,,,,,,,,,,,,,,,,,,,,,,,,,,,,,,,,,,,,,,,,,,,,,,,,,,,,,,,,,,,,,,,,,,,,,,,,,,,*/ɡulːmtˈɔɲ/,,,,,,,,,,,,,,,,,,,,,,,,,,,,,,,,,,,,,,,,,,,,,,,,,,,,,,,,,,,,,,,,,,,,,,,,,,,,,,,,,,,,,,,,,,,,,,,,,,,,,,,,,,,,,,,,,,,,,,,,,,,,,,,,,,,,,,,,,,,,,,,,,,,,,,,,,,,,,,,,,,,,,,,,,,,,,,,,,,,,,,,,,,,,,,,,,,,,,,,,,,,,,,,,,,,,,,,,,,,,,,,,,,,,,,,,,,,,,,,,,,,,,,,,,,,,,,,,,,,,,,,,,,,,,,,,,,,,,,,,,,,,,,,,,,,,,,,,,,,,,,,,,,,,,,,,,,,,,,,,,,,,,,,,,,,,,,,,,,,,,,,,,,,,,,,,,,,,,,,,,,,,,,,,,,,,,,,,,,,,,,,,,,,,,,,,,,,,,,,,,,,,,,,,,,,,,,,,,,,,,,,,,,,,,,,,,,,,,,,,,,,,,,,,,,,,,,,,,,,,,,,,,,,,,,,,,,,,,,,,,,,,,,,,,,,,,,,,,,,,,,,,,,,,,,,,,,,,,,,,,,,,,,,,,,,,,,,,,,,,,,,,,,,,,,,,,,,,,,,,,,,,,,,,,,,,,,,,,,,,,,,,,,,,,,,,,,,,,,,,,,,,,,,,,,,,,,,,,,,,,,,,,,,,,,,,,,,,,,,,,,,,,,,,,,,,,,,,,,,,,,,,,,,,,,,,,,,,,,,,,,*/vulˠndˈɛt/,,
R496,,,,,,,,,,,,,,,,,,,,,,,,,,,,,,,,,,,,,,,,,,,,,,,,,,,,,,,,*/ˈuɲ̈ɡʎ/,,,,,,,,,,,,,,,,,,,,,,,,,,,,,,,,,,,,,,,,,,,,,,,,,,,,,,,,,,,,,,,,,,,,,,,,,,,,,,,,,,,,,,,,,,,,,,,,,,,,,,,,,,,,,,,,,,,,,,,,,,,,,,,,,,,,,,,,,,,,,,,,,,,,,,,,,,,,,,,,,,,,,,,,,,,,,,,,,,,,,,,,,,,,,,,,,,,,,,,,,,,,,,,,,,,,,,,,,,,,,,,,,,,,,,,,,,,,,,,,,,,,,,,,,,,,,,,,,,,,,,,,,,,,,,,,,,,,,,,,,,,,,,,,,,,,,,,,,,,,,,,,,,,,,,,,,,,,,,,,,,,,,,,,,,,,,,,,,,,,,,,,,,,,,,,,,,,,,,,,,,,,,,,,,,,,,,,,,,,,,,,,,,,,,,,,,,,,,,,,,,,,,,,,,,,,,,,,,,,,,,,,,,,,,,,,,,,,,,,,,,,,,,,,,,,,,,,,,,,,,,,,,,,,,,,,,,,,,,,,,,,,,,,,,,,,,,,,,,,,,,,,,,,,,,,,,,,,,,,,,,,,,,,,,,,,,,,,,,,,,,,,,,,,,,,,,,,,,,,,,,,,,,,,,,,,,,,,,,,,,,,,,,,,,,,,,,,,,,,,,,,,,,,,,,,,,,,,,,,,,,,,,,,,,,,,,,,,,,,,,,,,,,,,,,,,,,,,,,,,,,,,,,,,,,,,,,,,,,,,,,,,,,,,,,,,,,,,,,,,,,,,,,,,,,,,,,,,,,,,,,,,,,,,,,,,,,,,,,,,,,,,,,,,,,,,,,,,,,,,,,,,,,,,,,,,,,,,,,,,,,,,,,,,,,,,,,,,,,,,,,,,,,,,,,,,,,,,,,,,,,,,,,,,,,,,,,,,,,,,,,,,,,,,,,,,,,,,,,,,,,,,,,,,,,,,,,,,,,,,,,,,,,,,,,,,,,,,,,,,,,,,,,,,,,,,,,,,,,,,,,,,,,,,,,,,,,,,,,,,,,,,,,,,,,,,,,,,,,,,,,,,,,,,,,,,,,,,,,,,,,,,,,,,,,,,,,,,,,,,,,,,,,,,,,,,,,,,,,,,,,,,,,,,,,,,,,,,,,,,,,,,,,,,,,,,,,,,,,,,,,,
R497,,,,,,,,,,,,,,,,,,,,,,,,,,,,,,,,,,,,,,,,,,,,,,,,,,,,,,,,,,,,,,,,,,,,,,,,,,,,,,,,,,,,,,,,,,,,,,,,,,,,,,,,,,,,,,,,,,,,,,,,,,,,,,,,,,,,,,,,,,,,,,,,,,,,,,,,,,,,,,,,,,,,,*/fʎˈɛɲ/,*/flːˈɛɲ/,,,,,,,,,,,,,,,*/fʎˈɔːlˠə/,,,,,,,,,,,,*/fʎˈɛːʃtɾ̩/,,,*/flˈiː/,,,,,,,,,,,,,,,,,,,,,,,,,,,,,,,,,,,,,,,,,,,,,,,,,,,,,,,,,,,,,,,,,,,,,,,,,,,,,,,,,,,,,,,,,,,,,,,,,,,,,,,,,,,,,,,,,,,,,,,,,,,,,,,,,,,,*/mzˈɔɲ/,,,,,,,,,,,,,,,,,,,,,,,,,,,,,,,,,,,,,,,,,,,,,,,,,,,,,,,,,,,,,,,,,,,,,,,,,,,,,,,,,,,,,,,,,,,,,,,,,,,,,,,,,,,,,,,,,,,,,,,,,,,,,,,,,,,,,,,,,,,,,,,,,,,,,,,,,,,,,,,,,,,,,,,,,,,,,,,,,,,,,,,,,,,,,,,,,,,,,,,,,,,,,,,,,,,,,,,,,,,,,,,,,,,,,,,,,,,,,,,,,,,,,,,,,,,,,,,,,,,,,,,,,,,,,,,,,,*/mlˈyc/,,,,,,,,,,,,,,,,,,,,,,*/mtˈɔɲ/,,,,,,,,,,,,,,,,,,,,,,,,,,,,,,,,,,,,,,,,,,,,,,,,,,,,,,,,,,,,,,,,,,,,,,,,,,,,,,,,,,,,,,,,,,,,,,,,,,,,,,,,,,,,,,,,,,,,,,,,,,,,,,,,,,,,,,,,,,,,,,,,,,,,,,,,,,,,,,,,,,,,,,,,,,,,,,,,,,,,,,,,,,,,,,,,,,,,,,,,,,,,,,,,,,,,,,,,,,,,,,,,,,,,,,,,,,,,,,,,,,,,,,,,,,,,,,,,,,,,,,,,,,,,,,,,,,,,,,,,,,,,,,,,,,,,,,,,,,,,,,,,,,,,,,,,,,,,,,,,,,,,,,,,,,,,,,,,,,,,,,,,,,,,,,,,,,,,,,,,,,,,,,,,,,,,,,,,,,,,,,,,,,,,,,,,,,,,,,,,,,,,,,,,,,,,,,,,,,,,,,,,,,,,,,,,,,,,,,,,,,,,,*/vʎˈɛɲ/,,,,,,,,,,,,,,,,,,,,,,,,,,,,,,,,,,,,,,,,,,,,,,,,,,
R498,,,,,,,,,,,,,,,,,,,,*/ˈaːj/,,,,,,,,,,,,,,,,,,,,,,,,,,,,,,,,,,,,*/ˈuɲ̈ɡj/,,,,,,*/batˈaːjə/,*/batˈaːjə/,,,,,,,,,,,*/bˈuːjk/,,,,,,,,,,,,,,,,,,,,,,,,,,,,,,,,,,,,,,,,,,,,,*/kjˈiːʃə/,,,,,,,,,,,,,,,,,,,,,,,,,,,,,,,,,,,,,,,,,,,,,,*/fjˈɛɲ/,,*/fˈaːj/,,,*/faːjkˈua̯/,,,,*/fəmˈiːjə/,,,,,,,*/fjˈɔːlˠə/,,,,,,,,,,,*/fˈɛːjkə/,*/fjˈɛːʃtɾ̩/,,,,,,,,,,,,,,,,,,,,,,,,,,,,,,,,,,,,,,,,,,,,,,,,,,,,,*/ɡjˈəndəɾ/,*/ɡjˈɛm/,,,,,,,,,,,,,,,,,*/ʃtˈiːjə/,,,,,,,,,,,,*/ˈiːjə/,,,,,,,,,,,,,,,,,,,,,,,,,*/ndəjˈɛɲ/,,,,,,,,,,,,,,,,,,,,,,,,,*/mərˈaːjə/,,,,,,,,,,,,,,,,,,,,,,,,,,,,,,,,,,,,,,,,,,,,,,,,,,,,,,,,,,,,,,,,,,,,,,,,,,,,,,,,,,,,,,,,,,*/kjəmˈɔɲ/,,*/kjˈaːɾtə/,*/kjˈaːɾ/,*/kjyːtˈyːɾə/,,,,*/kjəmˈɛnd/,*/kjəmˈuːʃt/,,*/kujtˈɔɲ/,,,,,,,,,,,,,,,,,,,,,,,,,,,,,,,,,,,*/kuːnˈuːjkə/,,,,,,,*/kuːrˈiːjk/,,,,,,,,,,,,,,,,,,,,,,,,,,,,,,,,,,,,,,,,,,,,,,,,,,,,,,,,,,,,,,,,,,,,,,,,,,,,,,,,,*/lˈɛpuj/,,,,,,,,,,,,,,,,,,,,,,,,,,,,,,,,,,,*/mˈaːj/,,,,,,,,,,,,,,,,,,,,,,,,,,,,,,,,,,,,,,,,,,,,,,,,,,,,*/mˈiːjə/,,,,,,,,,,,,,,,*/muɾtˈaːjə/,,,,*/mujkˈɔɲ/,,,,,,,,,,,,,,,,,,,,,,,,,,,,,,*/vˈaj/,,,,,,,,,,,,,,,,,,,,,,*/pˈaːjə/,,,,,,,,,,,,,,,,,,,*/pˈyːjkə/,,,,,,,,,,,,,,,,,,,,,,,,,,,,,,,,,,,,*/biːʃtˈaːjə/,,,,,,,,,,,,,,,,,,,,,,,,,,,,,,,,,,,,,,,,,,,,,,,,,,,,,,,,,,,*/rˈiːjkə/,,,,,,,,,,,,,,,,,,,,,,,,,,,,,,,*/rəʃˈaːjə/,,,,,,,,,,,,,,,,*/ʃaːjtˈɔɲ/,,,,,*/ʃˈɛːjkə/,,,,,,,,,,,,,,,,,,,,,,,,,,,,,,,,,,,,,,,,,,,*/ʃˈɛkjɛ/,,,,,,,,,,,,,*/ʃcəndˈiːjə/,*/ʃkjˈaː/,*/ʃkjˈɛp/,,,,,,,,,,,,*/ʃˈuːjk/,,,,,,,,,,,,,,,,,,,,,,,,,,,,,,,,,,,,*/ʃˈiːjə/,,,,,,,,,,,,,,,,,*/tˈaːjə/,*/tˈaːjə/,,,,,,,,,,,,,,,,,,,,,,,,,,,,,,,,,,,,,*/tɾ̩fˈɔːjə/,,,,,,,,,,,,,,,,,,,,,,,,,,,,,,,,,,*/vjˈɛɲ/,,,,,,,,,,,,,,,,,,,,,,,,,,,,,*/vˈitəj/,,,,,,,,,,,,,*/ftˈuːjə/,,,,,,,,
R499,,,,,,,,,,,,,,,,,,,,,,,,,,,,,,,,,,,,,,,,,,,,,,,,,,,,,,,,*/ˈuɲ̈ɟ/,,,,,,,,,,,,,,,,,,,,,,,,,,,,,,,,,,,,,,,,,,,,,,,,,,,,,,,,,,,,,,,*/cˈiːʃə/,,,,,,,,,,,,,,,,,,,,,,,,,,,,,,,,,,,,,,,,,,,,,,,,,,,,,,,,,,,,,,,,,,,,,,,,,,,,,,,,,,,,,,,,,,,,,,,,,,,,,,,,,,,,,,,,,,,,,,,,,,,,,,,*/ɟˈəndəɾ/,*/ɟˈɛm/,,,,,,,,,,,,,,,,,,,,,,,,,,,,,,,,,,,,,,,,,,,,,,,,,,,,,,,,,,,,,,,,,,,,,,,,,,,,,,,,,,,,,,,,,,,,,,,,,,,,,,,,,,,,,,,,,,,,,,,,,,,,,,,,,,,,,,,,,,,,,,,,,,,,,,,,,,,,,,,,,,,,,,,,,*/cəmˈɔɲ/,,*/cˈaːɾtə/,*/cˈaːɾ/,*/cyːtˈyːɾə/,,,,*/cəmˈɛnd/,*/cəmˈuːʃt/,,,,,,,,,,,,,,,,,,,,,,,,,,,,,,,,,,,,,,,,,,,,,,,,,,,,,,,,,,,,,,,,,,,,,,,,,,,,,,,,,,,,,,,,,,,,,,,,,,,,,,,,,,,,,,,,,,,,,,,,,,,,,,,,,,,,,,,,,,,,,,,,,,,,,,,,,,,,,,,,,,,,,,,,,,,,,,,,,,,,,,,,,,,,,,,,,,,,,,,,,,,,,,,,,,,,,,,,,,,,,,,,,,,,,,,,,,,,,,,,,,,,,,,,,,,,,,,,,,,,,,,,,,,,,,,,,,,,,,,,,,,,,,,,,,,,,,,,,,,,,,,,,,,,,,,,,,,,,,,,,,,,,,,,,,,,,,,,,,,,,,,,,,,,,,,,,,,,,,,,,,,,,,,,,,,,,,,,,,,,,,,,,,,,,,,,,,,,,,,,,,,,,,,,,,,,,,,,,,,,,,,,,,,,,,,,,,,,,,,,,,,,,,,,,,,,,,,,,,,,,,,,,,,,,,,,,,,,,,,,,,,,,,,,,,,,*/ʃˈɛcɛ/,,,,,,,,,,,,,,*/ʃcˈaː/,*/ʃcˈɛp/,,,,,,,,,,,,,,,,,,,,,,,,,,,,,,,,,,,,,,,,,,,,,,,,,,,,,,,,,,,,,,,,,,,,,,,,,,,,,,,,,,,,,,,,,,,,,,,,,,,,,,,,,,,,,,,,,,,,,,,,,,,,,,,,,,,,,,,,,,,,,,,,,,,,,,,,,,,,,,,,,,,,,,,,,,,,,,,,,,,,,,,,,,,
R500,,,,,,,,,,,,,,,,,,,,,,,,,,,,,,,,,,,,,,,,,,,,,,,,,,,,,,,,,,,,,,,,,,,,,,,,,,,,,,,,,,,,,,,,,,,,,,,,,,,,,,,,,,,,,,,,,,,,,,,,,,,,,,,,,,,,,,,,,,,,,,,,,,,,,,,,,,,,,,,,,,,,,,,,,,,,,,,,,,,,,,,,,,,,,,,,,,,,,,,,,,,,,,,,,,,,,,,,,,,,,,,,,,,,,,,,,,,,,,,,,,,,,,,,,,,,,,,,,,,,,,,,,,,,,,,,,,,,,,,,,,,,,,,,,,,,,,,,,,,,,,,,,,,,,,,,,,,,,,,,,,,,,,,,,,,,,,,,,,,,,,,,,,,,,,,,,,,,,,,,,,,,,,,,,,,,,,,,,,,,,*/kariːklˠˈɔɲ/,,,,,,,,,,,,,,,,,,,,,,,,,,,,,,,,,,,,,,,,,,,,,,,,,,,,,,,,,,,,,,,,,,,,,,,,,,,,,,,,,,,,,,,,,,,,,,,,,,,,,,,,,,,,,,,,,,,,,,,,,,,,,,,,,,,,,,,,,,,,,,,,,,,,,,,,,,,,,,,,,,,,,,,,,,,,,,,,,,,,,,,,,,,,,,,,,,,,,,,,,,,,,,,,,,,,,,,,,,,,,,,,,,,,,,,,,,,,,,,,,,,,,,,,,,,,,,,,,,,*/mɾɛklˠˈɔɲ/,,,,,,,,,,,,,,,,,,,,,,,,,,,,,,,,,,,,,,,,,,,,,,,,,,,,,,,,,,,,,,,,,,,,,,,,,,,,,,,,,,,,,,,,,,,,,,,,,,,,,,,,,,,,,,,,,,,,,,,,,,,,,,,,,,,,,,,,,,,,,,,,,,,,,,,,,,,,,,,,,,,,,,,,,,,,,,,,,,,,,,,,,,,,,,,,,,,,,,,,,,,,,,,,,,,,,,,,,,,,,,,,,,,,,,,,,,,,,,,,,,,,,,,,,,,,,,,,,,,,,,,,,,,,,,,,,,,,,,,,,,,,,,,,,,,,,,,,,,,,,,,,,,,,,,,,,,,,,,,,,,,,,,,,,,,,,,,,,,,,,,,,,,,,,,,,,,,,,,,,,,,,,,,,,,,,,,,,,,,,,,,,,,,,,,,,,,,,,,,,,,,,,,,,,,,,,,,,,,,,,,,,,,,,,,,,,,,,,,,,,,,,,,,,,,,,,,,,,,,,,,,,,,,,,,,,,,,,,,,
R501,,,,,,,,,,,,,,,,,,,,,,,,,,,,,,,,,,,,,,,,,,,,,,,,,,,,,,,,,,,,,,,,,,,,,,,,,,,,,,,,,,,,,,,,,,,,,,,,,,,,,,,,,,,,,,,,,,,,,,,,,,,,,,,,,,,,,,,,,,,,,,,,,,,,,,,,,,,,,,,,,,,,,,,,,,,,,,,,,,,,,,,,,,,,,,,,,,,,,,,,,,,,,,,,,,,,,,,,,,,,,,,,,,,,,,,,,,,,,,,,,,,,,,,,,,,,,,,,,,,,,,,,,,,,,,,,,,,,,,,,,,,,,,,,,,,,,,,,,,,,,,,,,,,,,,,,,,,,,,,,,,,,,,,,*/md͡zˈɔɲ/,,,,,,,,,,,,,,,,,,,,,,,,,,,,,,,,,,,,,,,,,,,,,,,,,,,,,,,,,,,,,,,,,,,,,,,,,,,,,,,,,,,,,,,,,,,,,,,,,,,,,,,,,,,,,,,,,,,,,,,,,,,,,,,,,,,,,,,,,,,,,,,,,,,,,,,,,,,,,,,,,,,,,,,,,,,,,,,,,,,,,,,,,,,,,,,,,,,,,,,,,,,,,,,,,,,,,,,,,,,,,,,,,,,,,,,,,,,,,,,,,,,,,,,,,,,,,,,,,,,,,,,,,,,,,,,,,,,,,,,,,,,,,,,,,,,,,,,,,,,,,,,,,,,,,,,,,,,,,,,,,,,,,,,,,,,,,,,,,,,,,,,,,,,,,,,,,,,,,,,,,,,,,,,,,,,,,,,,,,,,,,,,,,,,,,,,,,,,,,,,,,,,,,,,,,,,,,,,,,,,,,,,,,,,,,,,,,,,,,,,,,,,,,,,,,,,,,,,,,,,,,,,,,,,,,,,,,,,,,,,,,,,,,,,,,,,,,,,,,,,,,,,,,,,,,,,,,,,,,,,,,,,,,,,,,,,,,,,,,,,,,,,,,,,,,,,,,,,,,,,,,,,,,,,,,,,,,,,,,,,,,,,,,,,,,,,,,,,,,,,,,,,,,,,,,,,,,,,,,,,,,,,,,,,,,,,,,,,,,,,,,,,,,,,,,,,,,,,,,,,,,,,,,,,,,,,,,,,,,,,,,,,,,,,,,,,,,,,,,,,,,,,,,,,,,,,,,,,,,,,,,,,,,,,,,,,,,,,,,,,,,,,,,,,,,,,,,,,,,,,,,,,,,,,,,,,,,,,,,,,,,,,,,,,,,,
R502,,,,,,,,,,,,,,,,,,,,,,,,,,,,,,,,,,,,,,,,,,,,,,,,,,,,,,,,,,,,,,,,,,,,,,,,,,,,,,,,,,,,,,,,,,,,,,,,,,,,,,,,,,,,,,,,,,,,,,,*/kˈiːʃə/,,,,,,,,,,,,,,,,,,,,,,,,,,,,,,,,,,,,,,,,,,,,,,,,,,,,,,,,,,,,,,,,,,,,,,,,,,,,,,,,,,,,,,,,,,,,,,,,,,,,,,,,,,,,,,,,,,,,,,,,,,,,,,,,,,,,,,,,,,,,,,,,,,,,,,,,,,,,,,,,,,,,,,,,,,,,,,,,,,,,,,,,,,,,,,,,,,,,,,,,,,,,,,,,,,,,,,,,,,,,,,,,,,,,,,,,,,,,,,,,,,,,,,,,,,,,,,,,,,,,,,,,,*/kˈɛːʃəɾ/,,,,,,,,,,,,,,,,,,,,,,,,,,,,,,,,,,,,,,,,,,,,,,,,,,,,,,,,,,,,,,,,,,,,,,,,,,,,,,,,,,,,,,,,,,,,,,,,,,,,,,,,,,,,,,,,,,,,,,,,,,,,,,,,,,,,,,,,,,*/kˈyːʃ/,,,,,,,,,,,,,,,,,,,,,,,,,,,,,,,,,,,,,,,,,,,,,,,,,,,,,,,,,,,,,,,,,,,,,,,,,,,,,,,,,,,,,,,,,,,,,,,,,,,,,,,,,,,,,,,,,,,,,,,,,,,,,,,,,,,,,,,,,,,,,,,,,,,,,,,,,,,,,,,,,,,,,,,,,,,,,,,,,,,,,,,,,,,,,,,,,,,,,,,,,,,,,,,,,,,,,,,,,,,,,,,,,,,,,,,,,,,,,,,,,,,,,,,,,,,,,,,,,,,,,,,,,,,,,,,,,,,,,,,,,,,,,,,,,,,,,,,,,,,,,,,,,,,,,,,,,,,,,,,,,,,,,,,,,,,,,,,,,,,,,,,,,,,,,,,,,,,,,,,,,,,,,,,,,,,,,,,,,,,,,,,,,,,,,,,,,,,,,,,,,,,,,,,,,,,,,,,,,,,,,,,,,,,,,,,,,,,,,,,,,,,,,,,,,,,,,,,,,,,,,,,,,,,,,,,,,,,,,,,,,,,,,,,,,,,,,,,,,,,,,,,,,,,,,,,,,,,,,,,,,,,,,,,,,,,,,,,,,,,,,,,,,,,,,,,,,,,,,,,,,,,,,,,,,,,,,,,,,,,,,,,,,,,,,,,,,,,,,
R503,,,,,,,,,,,,,,,,,,,,,,,,,,,,,,,,,,,,,,,,,,,,,,,,,,,,,,,,,,,,,,,,,,,,,,,,,,,,,,,,,,,,,,,,,,,,,,,,,,,,,,,,,,,,,,,,,,,,,,,,,,,,,,,,,,,,,,,,,,,,,,,,,,,,,,,,,,,,,,,,,,,,,,,,,,,,,,,,,,,,,,,,,,,,,,,,,,,,,,,,,,,,,,,,,,,,,,,,,,,,,,,,,,,,,,,,,,,,,,,,,,,,,,,,,,,,,,,,,,,,,,,,,,,,,,,,,,,,,,,,,,,,,,,,,,,,,,*/murˈə/,*/dəʃkˈɔɲ/,,*/dəkˈɔɲ/,*/dəftˈɔɲ/,,,,,,,,,,,,,,,,,,,,*/məkˈat/,*/məʃˈɔɲ/,,,,,,,,,,,,,,,,,,,,,,,,,,,,,,,,,,,,,,,,,,,,,,,,,,,,,,,,,,,,,,,,,,,,,,,,,,,,,,,,,,,,,,,,,,,,,,,,,,,,,,,,,,,,,,,,,,,,,,,,,,,,,,,,,,,,,,,,,,,,,,,,,,,,,,,,,,,,,,,,,,,,,,,,,,,,,,,,,,,,,,,,,,,,,,,,,,,,,,,,,,,,,,,,,,,,,,,,,,,,,,,,,,,,,,,,,,,,,,,,,,,,,,,,,,,,,,,,,,,,,,,,,,,,,,,,,,,,,,,,,,,,,,,,,,,,,,,,,,,,,,,,,,,,,,,,,,,,,,,,,,,,,,,,,,,,,,,,,,,,,,,,,,,,,,,,,,,,,,,,,,,,,,,,,,,,,,,,,,,,,,,,,,,,,,,,,,,,,,,,,,,,,,,,,,,,,,,,,,,,,,,,,,,,,,,,,,,,,,,,,,,,,,,,,,,,,,,,,,,,,,,,,,,,,,,,,,,,,,,,,,,,,,,,,,,,,,,,,,,,,,,,,,,,,,,,,,,,,,,,,,,,,,,,,,,,,,,,,,,,,,,,,,,,,,,,,,,,,,,,,,,,,,,,,,,,,,,,,,,,,,,,,,,,,,,,,,,,,,,,,,,,,,,,,,,,,,,,,,,,,,,,,,,,,,,,,,,,,,,,,,,,,,,,,,,,,,,,,,,,,,,,,,,,,,,,,,,,,,,,,,,,,,,,,,,,,,*/dəʃmˈɔɲ/,,,,,,,,,,,,,,,,,,,,,,,,,,,,,,,,,,,,,,,,,,,,,,,,,,,,,,,,,,,,,,,,,,,,,,,,,,,,,,,,,,,,,,,,,,,,,,,,,,,,,,,,,,
R504,,,,,,,,,,,,,,,,,,,,,,,,,,,,,,,,,,,,,,,,,,,,,,,,,,,,,,,,,,,,,,,,,,,,,,,,,,,,,,,,,,,,,,,,,,,,,,,,,,,,,,,,,,,,,,,,,,,,,,,,,,,,,,,,,,,,,,,,,,,,,,,,,,,,,,,,,,,,,,,,,,,,,,,,,,,,,,,,,,,,,,,,,,,,,,,,,,,,,,,,,,,,,,,,,,,,,,,,,,,,,,,,,,,,,,,,,,,,,,,,,,,,,,,,,,,,,,,,,,,,,,,,,,,,,,,,,,,,,,,,,,,,,,,,,,,,,,*/mˈurˈə/,,,,,,,,,,,,,,,,,,,,,,,,,,,,,,,,,,,,,,,,,,,,,,,,,,,,,,,,,,,,,,,,,,,,,,,,,,,,,,,,,,,,,,,,,,,,,,,,,,,,,,,,,,,,,,,,,,,,,,,,,,,,,,,,,,,,,,,,,,,,,,,,,,,,,,,,,,,,,,,,,,,,,,,,,,,,,,,,,,,,,,,,,,,,,,,,,,,,,,,,,,,,,,,,,,,,,,,,,,,,,,,,,,,,,,,,,,,,,,,,,,,,,,,,,,,,,,,,,,,,,,,,,,,,,,,,,,,,,,,,,,,,,,,,,,,,,,,,,,,,,,,,,,,,,,,,,,,,,,,,,,,,,,,,,,,,,,,,,,,,,,,,,,,,,,,,,,,,,,,,,,,,,,,,,,,,,,,,,,,,,,,,,,,,,,,,,,,,,,,,,,,,,,,,,,,,,,,,,,,,,,,,,,,,,,,,,,,,,,,,,,,,,,,,,,,,,,,,,,,,,,,,,,,,,,,,,,,,,,,,,,,,,,,,,,,,,,,,,,,,,,,,,,,,,,,,,,,,,,,,,,,,,,,,,,,,,,,,,,,,,,,,,,,,,,,,,,,*/ɾˈəmˈəɾ/,,,,,,,,,,,,,,,,,,,,,,,,,,,,,,,,,,,,,,,,,,,,,,,,,,,,,,,,,,,,,,,,,,,,,,,,,,,,,,,,,,,,,,,,,,,,,,,,,,,,*/ʃˈulˠˈə/,,,,,,,,,,,,,,,,,,,,,,,,,,,,,,,,,,,,,,,,,,,,,,,,,,,,,,,,,,,,,,,,,,,,,,,,,,,,,,,,,,,,,,,,,,,,,,,,,,,,,,,,,,,,,,,,,,,,,,,,,,,,,,,,,,,,,,,,,,,,,,,,,,,,,,,,,,*/vˈɾ̩ɡˈəɾ/,,,,,,,,,,,,,,,,
R505,,,,,,,,,,,,,,,,,,,,,*/aɾɡˈɔːɾiː/,,,,,,,,,,,,,,,,,,,,,,,,,,,,,,,,,,,,,,,,,,,,,,,,,,,,,,,,,,,,,,,,,,,,,,,,,,,,,,,,,,,,,,,,,,,,,,,,,,,,,,,,,,,,,,,,,,,,,,,,,,,,,,,,,,,,,,,,,,,,,,,,,,,,,,,,,,,,,,,,,,,,,,,,,,,,,,,,,,,,,,,,,,,,,,,,,,,,,,,,,,,,,,,,,,,,,,,,,,,,,,,,,,,,,,,,,,,,,,,,,,,,,,,,,,,,,,,,,*/ˈiːlcɛt/,,,,,,,,,,,,,,,,*/mˈurə/,,,,,,,,,,,,,,,,,,,,,,,,,,,,,,,,,,,,,,,,,,,,,,,,,,,,,,,,,,,,,,,,,,,,,,,,,,,,,,,,,,,,,,,,,,,,,,,,,,,,,,,,,,,,,,,,,,,,,,,,,,,,,,,,,,,,,,,,,,,,,,,,,,,,,,,,,,,,,,,,,,,,,,,,,,,,,,,,,,,,,,,,,,,,,,,,,,,,,,,,,,,,,,,,,,,,,,,,,,,,,,,,,,,,,,,,,,,,,,,,,,,,,,,,,,,,,,,,,,,,,,,,,,,,,,,,,,,,,,,,,,,,,,,,,,,,,,,,,,,,,,,,,,,,,,,,,,,,,,,,,,,,,,,,,,,,,,,,,,,,,,,,,,,,,,,,,,,,,,,,,,,,,,,,,,,,,,,,,,,,,,,,,,,,,,,,,,,,,,,,,,,,,,,,,,,,,,,,,,,,,,,,,,,,,,,,,,,,,,,,,,,,,,,,,,,,,,,,,,,,,,,,,,,,,,,,,,,,,,,,,,,,,,,,,,,,,,,,,,,,,,,,,,,,,,,,,,,,,,,,,,,,,,,,,,,,,,,,,,,,,,,,,,,,,,,,,,,*/ɾˈəməɾ/,,,,,,,,,,,,,,,,,,,,,,,,,,,,,,,,,,,,,,,,,,,,,,,,,,,,,,,,,,,,,,,,,,,,,,,,,,,,,,,,,,,,,,,,,,,,,,,,,,,,*/ʃˈulˠə/,,,,,,,,,,,,,,,,,,,,,,,,,,,,,,,,,,,,,,,,,,,,,,,,,,,,,,,,,,,,,,,,,,,,,,,,,,,,,,,,,,,,,,,,,,,,,,,,,,,,,,,,,,,,,,,,,,,,,,,,,,,,,,,,,,,,,,,,,,,,,,,,,,,,,,,,,,*/vˈɾ̩ɡəɾ/,,,,,,,,,,,,,,,,
R506,,,,,,,,,,,,,,,*/cˈift/,*/cˈiftɾ̩/,,*/ˈaɾbəɾ/,*/əɾbɾˈɛʃ/,*/ˈaj/,*/aɾɡˈɔɾi/,*/əltˈɛɾ/,*/mbətˈi/,,,,,*/mˈuɾɡə/,,,*/ɲˈilə/,*/ɲ̈ɡˈuʃt/,*/ɲ̈ɡuʃtˈɔɲ/,,*/nˈulə/,,*/pɾˈil/,*/ˈaft/,,,*/ˈaɾmə/,,,,*/arˈiɲ/,*/ˈaɾk/,*/ˈaɾkə/,*/ˈaʃkl̩/,*/ʃpˈaɾəɡ/,*/ˈaʃpɾ̩/,,,*/ɡˈuʃt/,,*/ˈaɾ/,,*/bˈalt͡ʃm̩/,,,*/bˈaɾkə/,,*/batˈajə/,*/batˈajə/,,*/bˈiʃə/,*/biɲˈaɾ/,*/bˈɔlˠə/,,,*/bɾˈɛʃkə/,*/bɾˈɛʃkə/,,*/bult͡ʃˈɛʃ/,*/bˈujk/,*/bˈulc/,*/bˈuf/,*/bˈulə/,,*/bˈuʃ/,*/bˈuɾɡ/,,,,,*/dɛtˈɔɲ/,*/dɛtˈua̯ɾ/,*/dɛtˈɔɾəs/,*/dɛtˈyɾə/,*/dəliɾˈɔɲ/,,,,,*/dəʃiɾˈɔɲ/,*/dəʃˈiɾə/,*/djˈalˠ/,,,,,,,*/ʃkalkˈɔɲ/,,*/dˈiʃkə/,*/ʃcyɾtˈɔɲ/,*/zbulˈɔɲ/,*/muʃtəkˈɔɲ/,,,,,,*/dɾˈiʃt/,,,,*/hɛtˈɔɲ/,*/kˈiʃə/,,,,,,,,*/ʃkalkˈɔɲ/,,,,,,,*/ʃkaɡˈɔɲ/,,*/ʃkˈulˠ/,*/ʃkuɾtˈɔɲ/,*/ʃkˈuɾt/,,*/ʃˈuʃ/,,,*/ʃpəlˈaɲ/,*/ʃpɾ̩lˈaɲ/,,,,,,,*/pɛʃkˈɔp/,*/pˈɛʃkəp/,*/upˈɛʃp/,*/pəʃkəpˈi/,,,*/ˈiɾic/,*/rˈylˠə/,*/ˈɛʃkə/,*/uɲɟˈilˠ/,*/ˈye̯jɲ/,*/fˈaɾkə/,*/faɾkˈɔɲ/,,,*/flˈɛɲ/,*/fˈaj/,*/fˈye̯ɲ/,,*/fajkˈua̯/,,*/fajtˈyɾə/,,*/fəmˈijə/,,,,,*/fˈaɾmək/,*/fˈaʃcə/,*/fjˈɔlˠə/,,*/fˈɛlə/,,,,*/fɾˈuʃkə/,*/fˈɛ/,,,,*/fˈɛjkə/,*/fjˈɛʃtɾ̩/,*/fulcˈɛt/,*/fˈilˠ/,*/flˈi/,,*/fiʃtəlˠˈɔɲ/,,,,*/flˈaʃkə/,,*/flɔɾˈi/,,,*/fuɾmˈɛlə/,*/fˈuric/,,*/fˈɔɾt/,,*/fˈuʃə/,,*/fɾˈaʃəɾ/,,*/fɾəɲɟˈi/,,*/fɾˈɛ/,,,,*/flˠɛtˈɛɾɛ/,,*/fult͡ʃˈi/,*/fɔnˈɛɾ/,,*/fˈuɾkə/,*/fˈur/,*/fˈuʒɲə/,*/fuʒɲˈaɾ/,*/fˈuʃtulˠ/,,*/ɟˈɛlbəɾ/,*/ɡˈaɾɡulˠ/,*/ɡəlˈasə/,*/ɟˈɛl/,,,*/ɡˈaz/,*/ɡazmˈɛnd/,,*/ɟəɾˈi/,,,*/ɟˈɛɾɟ/,,,*/lˈiɾ/,,,,,,,*/ɡɾˈilə/,,,*/ɡɾˈifʃə/,*/ɡˈulˠə/,,,,*/ɟˈiɾ/,*/ʃtˈijə/,*/vərˈi/,*/vərˈizə/,*/hˈiɲ̈ɡl̩/,,,*/hˈɛɾə/,,,*/janˈɛɾ/,,,*/ˈijə/,*/ˈilc/,*/ˈilcɛt/,,*/mbɾ̩tˈɛʃə/,*/pɾ̩ndˈɛʃə/,,,*/mbɾɛtɾˈɛʃə/,,,,,*/mˈu/,*/nˈaltə/,,*/nˈalt/,*/naɾtˈɔɲ/,,,*/ndikˈɔɲ/,,,,,,,*/fˈɛr/,,,*/aɾmˈik/,*/ɲ̈ɡalkˈɔɲ/,,*/ɲ̈ɡaʃəɾˈɛɲ/,,*/ɲ̈ɡuʃəlˠˈɔɲ/,*/ɲ̈ɡˈɔɾð/,,,*/ɲ̈ɡuɲˈɔɲ/,,*/nˈɔfulˠ/,,,,*/ˈiʃulˠ/,*/ndl̩ɡˈɔɲ/,,,,*/mərˈajə/,*/vˈɛr/,,,,*/ɟˈɔn/,,*/ˈiɾə/,*/ɟykˈɔɲ/,*/ɟyɡˈatə/,*/ɟˈyc/,*/ɟyndˈyɾə/,,,*/ɟuvˈɛɲ̈ɡə/,,,,*/kˈalˠm/,,,*/cˈɛlc/,*/ɡl̩cˈɛɾɛ/,*/cˈɛl/,,,,,,*/kəmˈiʃə/,,*/kəndˈɛlˠə/,*/cˈɛn/,,,,,,,*/kəɲɟˈɛl/,*/kapˈɛlə/,,,,*/kapɾˈɛʃt/,,,,*/kˈaft/,*/cˈɛrɛ/,*/kɾ̩pˈus/,*/karjˈɔz/,,*/kˈarə/,*/cˈɛr/,*/kariklˠˈɔɲ/,,*/kˈaɾtə/,*/kˈɛʃəɾ/,,,*/kəʃcˈɛlə/,*/kəʃcˈɛl/,*/kˈafkə/,*/kˈafʃə/,*/cˈɛlə/,,,,,*/cɛpˈulə/,,*/kɾˈɛl/,,*/cˈar/,,,,*/ɲ̈ɡˈalˠə/,,*/kˈɔɾɛ/,,*/cimˈuʃə/,*/cˈiɲ̈ɡl̩/,,*/kɾ̩cˈɛlə/,*/cˈaɾkulˠ/,*/cˈaɾk/,,*/cytˈɛt/,,,*/cˈaɾtə/,*/cˈaɾ/,*/cytˈyɾə/,,*/kəʃˈyɾə/,*/kl̩t͡ʃˈyɾə/,,*/cəmˈuʃt/,*/kumtˈɔɲ/,,*/kunˈat/,*/kujɾˈi/,*/kˈiɲ/,,*/kulˈaɾ/,*/ɡulcˈɔɲ/,*/ɡultˈɔɲ/,*/ɡulmtˈɔɲ/,*/kulˠˈɔʃtɾ̩/,*/kulˠumbɾˈi/,*/kulˠumˈɛsə/,,,,,*/kˈɔfʃə/,*/kɔftˈua̯ɾ/,,*/kumˈɛɾc/,*/kuŋɡˈɔɲ/,,*/kupətˈɔɲ/,*/kupətˈɔɲ/,,*/kufˈiɲ/,*/kuʃˈil/,*/ɡuʃɾ̩tˈɔɲ/,*/kuʃəɾˈi/,*/kuʃtˈɔɲ/,*/kˈuʃulˠ/,*/kutəndˈɔɲ/,,*/kundɾˈua̯lˠ/,*/kundɾ̩ʃtˈaɾ/,*/kunˈujkə/,*/kuvəndˈɔɲ/,*/kuvˈɛnd/,*/kuɾtˈyɾə/,*/kˈɔɾbulˠ/,*/kˈɔɾðə/,*/kˈɔrj/,*/kurˈijk/,*/kɔrˈutə/,*/kuɾˈɔɾə/,*/kˈɔɾp/,,*/kuɾtˈinə/,,*/kuɾbˈin/,*/kˈɔɾb/,*/kˈɔʃ/,,*/ɡud͡zˈɔɲ/,,*/kɾijˈɔɲ/,*/kɾijˈɛsə/,*/kɾijtˈyɾə/,,*/kɾˈɛzm̩/,,*/kɾˈɛʃpə/,*/kɾˈɛʃtə/,,*/kɾ̩ʃn̩dˈɛl/,*/kɾˈiʃt/,,*/kɾˈuʃk/,,,,*/kˈuɾtə/,,*/kukˈutə/,*/kˈultɾ̩/,*/kˈulm/,,*/kˈulˠm/,,*/kuɲˈɔɲ/,*/kundˈɔɲ/,,,,*/kuɾsˈɛɲ/,,*/kərˈɛʒm̩/,,,*/kˈaɾtə/,*/kˈɔɾtə/,*/kˈɔɾt/,*/kaʃˈil/,,,*/kˈyʃ/,,,,*/laɾˈuʃkə/,,*/lˈafʃə/,,,,*/ləɲɟˈyɾə/,,*/ləɲɟˈɛɾɛ/,,*/lˈaɾɡ/,*/lˈaɾð/,*/lˈaʃ/,*/lətˈi/,*/lˈaɲ/,*/latˈyɾə/,,,*/lifcˈɛɾ/,*/lˈaɾ/,,,,,,,*/lˈiɾ/,,*/liɾˈɔɲ/,*/liɡətˈyɾə/,*/lˈil/,,,,*/lˈi/,,*/lɛpətˈyɾə/,*/lˈɛʃ/,,*/lˈua̯ɲ/,*/lucˈɛrə/,,*/lˈuftə/,,*/luftˈaɾ/,,,,*/lˈyʃtɾ̩/,,*/məɲɟˈi/,*/maʃtɾˈɔɲ/,*/maʃtˈɛɾk/,*/majˈɛɾɛ/,,*/malˠkˈɔɲ/,*/malt͡sˈɔlˠə/,*/məɲˈɔlˠə/,,*/mˈaj/,*/malt͡sˈɔɲ/,*/malˠəɲɟˈɛɲ/,*/mˈalˠ/,,,,,,,,,,*/mˈajt/,,*/məɾˈi/,*/mɾ̩kˈɔʃ/,,,,*/mɾ̩tˈɛsə/,*/mˈaɾk/,*/mˈaɾmuɾ/,,*/mˈaɾt/,*/mɾ̩tˈi/,*/mˈaɾs/,*/mˈaɾ/,*/məɾˈu/,*/mˈaʃkulˠ/,*/mˈaʃə/,,*/məndˈafʃ/,*/matɾˈik/,,,,*/məɡˈaʃtɾ̩/,*/mjˈɛk/,,,*/məʃˈɛɾə/,,,,*/məɾˈiz/,,*/mɾ̩cˈɛɾ/,*/mɾ̩kˈuɾə/,,,,*/mˈijə/,*/maɾʃtˈɔɲ/,,,,*/mˈɛʃə/,*/məʃɾˈɛɾ/,*/məʃˈiɾə/,*/mˈuz/,,*/mulˠˈaɾ/,*/mulˠˈi/,,,,*/muɾtˈajə/,*/mˈɔɾt/,,*/mˈulˠə/,,*/mˈylˠ/,,*/mˈyɾ/,,,*/mˈuʃkulˠ/,*/mˈyʃk/,*/mˈuʃt/,,*/mˈɛrə/,,*/natˈyɾə/,,,*/ɲ̈ɡaɾðulˈicɛ/,,,,,*/nɔtˈɔɲ/,*/nˈɔʃtɾ̩/,,,,*/nˈusə/,,*/fˈɛlə/,*/ulˠˈaʃtɾ̩/,,,*/ulˠˈi/,,,,,,,,,,,*/vˈɛsə/,*/vˈɛ/,*/palˠˈɔɲ/,*/pˈylˠ/,,*/pɛndˈɛsə/,,*/paɡətˈyɾə/,,*/pˈalˠə/,*/pˈajə/,,,,,*/pəlˠˈas/,*/pˈaɾ/,*/pɾˈalˠə/,*/paɾˈiz/,,,,,,,*/pˈaʃkə/,*/pˈaʃ/,,,*/pˈyjkə/,*/pˈak/,*/pˈalˠ/,*/palˠˈɔɲ/,*/palˠˈua̯/,*/pjˈɛkə/,,*/mbjˈɛkə/,*/pɛkˈul/,*/pˈɛʃə/,,,,,*/pəɾhˈɛɾə/,,,,,,,,*/pɛtɾˈɛʃ/,,*/pˈɛsə/,,,,*/pˈilˠə/,*/pˈilˠə/,*/pˈilˠə/,*/pˈil/,,,*/pˈɛʃc/,*/pəʃkətˈaɾ/,*/biʃtˈajə/,*/pəʃtˈɛɾɛ/,,,,,,,,*/pˈalɲə/,*/pl̩cˈi/,,,,,*/pulkˈye̯ɾ/,*/pulcˈɛɾ/,,*/pˈɔr/,*/pˈɔr/,,*/pˈɔric/,*/purˈi/,*/purˈi/,*/pˈɔɾtə/,,*/pˈɔʃt/,*/pˈɔʃtɾ̩/,,,,*/pɾˈɛ/,,*/pɾˈua̯ɲ/,*/pɾˈiɲ/,,*/pɾəmvˈɛɾə/,,,,*/pɾˈua̯ɲ/,*/pɾˈɔʒm̩/,,*/pɾəmɛtˈɔɲ/,,,*/pˈulə/,*/pˈul/,*/pˈulpə/,*/pˈulbɾ̩/,,,,*/pˈus/,,*/fˈaɾ/,*/rˈua̯ɲ/,*/rˈɛzə/,*/rˈikə/,*/rˈijkə/,,,,,*/rˈalˠ/,*/ɾˈaʃə/,*/raʃcˈɛl/,,*/rˈɛvə/,,,,*/kˈɔʃ/,,,,,,*/rˈɛʃt/,,,,,,,,,,,*/rufˈɛ/,*/rəʃˈajə/,,,,,,,,,,*/rˈuʃkulˠ/,,*/ʃˈur/,,,,*/ʃajtˈɔɲ/,,,,*/ʃˈɛlcɛ/,*/ʃˈɛjkə/,*/ʃˈɛləɲɟɛ/,*/ʃɛlcˈɛt/,,,,*/ʃɛlbˈasə/,*/ʃɾ̩bˈɛlə/,,,*/ʃəndˈɔʃ/,,,*/ʃəndɾitˈɛt/,,*/ʃəməhˈilˠ/,*/ʃəndəndɾˈɛ/,*/ʃəndɾˈɛ/,,,,*/ʃəŋɡˈɔlˠə/,,,*/ʃˈaɾkə/,*/ʃɛlcəɾˈua̯ɾ/,,,,,*/ʃˈalə/,*/ʃˈisə/,*/ʃˈiɾɟ/,*/ʃˈarə/,,,*/ʃɾ̩bˈɛs/,,*/ʃɾ̩bətˈyɾə/,,,,*/ʃˈi/,,,,*/ʃəmb?0tˈyɾə/,*/ʃˈi/,*/ʃˈɛɾp/,,,*/ʃkˈalˠə/,,,,,*/ʃcəndˈijə/,*/ʃcˈa/,,,*/ʃkˈɔlˠə/,,*/ʃkɔpˈɛt/,*/zɟˈyɾə/,*/ʃkˈɔɾsə/,,*/ʃkˈulkə/,,,,*/ʃˈujk/,,,,*/ʃˈɔlˠə/,,,*/ʃˈɔɾbə/,*/ʃˈɔɾt/,,*/ʃuɾtl̩ɟˈi/,,,*/ʃpɾˈɛsə/,,,*/ʃpˈiɾt/,*/ʃpˈɛʃ/,,*/ʃpˈuzə/,*/ʃpˈɔɾtə/,*/ʃtˈalˠə/,,,,,,,,,,,,,,*/ʃtˈurə/,*/ʃˈijə/,*/ʃˈua̯ɲ/,,,*/ʃuɾukˈɔɲ/,*/ʃutərˈi/,,,,,*/ʃuɾkˈɛl/,*/ʃuʃpˈirə/,*/ʃˈuɾð/,*/ʃiɾˈiɲ̈ɡə/,*/tabˈɛlə/,*/tˈaft/,,*/tˈajə/,*/tˈajə/,,*/tavˈɛrə/,*/tˈɛɾ/,*/tˈaɾ/,,,,,,*/tɾˈye̯lə/,*/tɾˈye̯lə/,,,*/tˈɛʃə/,,,,,,,,,,*/tˈɔɾkulˠ/,*/tˈɔrə/,*/tˈɔɾtə/,,*/tɾˈa/,*/tɾˈua̯ɲ/,*/təftˈaɾ/,,,,,,,*/tɾ̩fˈɔjə/,*/tɾ̩fˈil/,*/tɾ̩fˈuɾk/,,,*/tɾˈiʃt/,,*/tɾˈɔftə/,,,,,*/tˈulˠə/,*/tˈufə/,,,,*/tˈuɾbə/,,,*/tˈuɾbulˠ/,*/tˈuɾmə/,*/tˈuɾp/,*/tˈurə/,*/tˈuɾtuɾ/,,,*/yndˈyɾə/,,,*/utɾˈi/,,,,,*/vˈye̯ɲ/,*/vˈal/,*/vlˈɛɾə/,,*/vlˈɛsə/,*/vˈɛlˠ/,,*/vɾˈɛɾ/,,,*/vˈɛɾə/,,,,,,*/vˈɛʃk/,,,,*/vˈɛʃ/,,,*/vəɟˈilˠɛ/,*/məɲɟˈilˠɛ/,,*/fcˈi/,*/vitˈɔɾɛ/,,*/vˈilə/,*/viɲˈalˠ/,*/məɲɟˈilˠ/,*/vˈiɾɟəɾ/,,*/vˈɛɾðə/,*/vˈɛɾð/,,,*/vˈɛʃtulˠ/,*/vˈɛʃk/,*/vˈɛs/,*/ftˈujə/,,*/vɛtˈulˠə/,,*/vˈɔlˠə/,,,,
~Old North Tosk,null*/havərˈɔɲ/,null*/bˈɛɲ̈ɡ/,null*/bˈɛɲə/,null*/blˈɛɲ/,null*/vlˈɔɾə/,null*/vlɔɲˈat/,null*/aðuɾˈɔɲ/,null*/aðəɾˈɔɲ/,null*/ˈajɾ̩/,null*/rˈɛm/,null*/ʃmˈɔɲ/,null*/jˈɛtə/,null*/jˈɛvə/,null*/cˈiɲɟ/,null*/cˈift/,null*/cˈiftɾ̩/,null*/uʃˈuɲə/,null*/ˈaɾbəɾ/,null*/əɾbɾˈɛʃ/,null*/ˈaj/,null*/aɾɡˈɔɾi/,null*/əltˈɛɾ/,null*/mbətˈi/,null*/mbulˠˈɔɲ/,null*/mˈɛndulˠ/,null*/mˈik/,null*/ˈɛmtə/,null*/mˈuɾɡə/,null*/ˈəɲɟ?0/,null*/ˈɛɲɟ?0/,null*/ɲˈilə/,null*/ɲ̈ɡˈuʃt/,null*/ɲ̈ɡuʃtˈɔɲ/,null{ABSENT},null*/nˈulə/,null*/paɾmˈɛnd/,null*/pɾˈil/,null*/ˈaft/,null*/ɾˈəɾə/,null*/əɾɟˈɛnd/,null*/ˈaɾmə/,null{ABSENT},null*/əɾmˈatə/,null*/haɾməʃˈua̯ɾ/,null*/arˈiɲ/,null*/ˈaɾk/,null*/ˈaɾkə/,null*/ˈaʃkl̩/,null*/ʃpˈaɾəɡ/,null*/ˈaʃpɾ̩/,null*/vˈɛnd/,null*/avləmˈɛnd/,null*/ɡˈuʃt/,null*/rˈye̯lˠ/,null*/ˈaɾ/,null*/ˈuɲ̈ɟ/,null*/bˈalt͡ʃm̩/,null*/bˈaɲə/,null*/baɾˈatɾ̩/,null*/bˈaɾkə/,null{ABSENT},null*/batˈajə/,null*/batˈajə/,null*/bɛnkˈɔɲ/,null*/bˈiʃə/,null*/biɲˈaɾ/,null*/bˈɔlˠə/,null*/bɾˈɛc/,null*/bɾˈɔkə/,null*/bɾˈɛʃkə/,null*/bɾˈɛʃkə/,null*/bɾˈymə/,null*/bult͡ʃˈɛʃ/,null*/bˈujk/,null*/bˈulc/,null*/bˈuf/,null*/bˈulə/,null*/bˈukə/,null*/bˈuʃ/,null*/bˈuɾɡ/,null*/bˈut/,null*/dˈɛməɾ/,null*/dənˈɔɲ/,null*/dˈəm/,null*/dɛtˈɔɲ/,null*/dɛtˈua̯ɾ/,null*/dɛtˈɔɾəs/,null*/dɛtˈyɾə/,null*/dəliɾˈɔɲ/,null*/dəkatˈɔɲ/,null*/dəpɾ̩tˈɔɲ/,null*/dəʃtˈɔɲ/,null*/dɾ̩mˈɔɲ/,null*/dəʃiɾˈɔɲ/,null*/dəʃˈiɾə/,null*/djˈalˠ/,null*/zˈəɾə/,null*/dəftˈɔɲ/,null*/dˈɛɲə/,null*/dɾ̩ɡˈɔɲ/,null*/dɾˈɛjt/,null*/də/,null*/ʃkalkˈɔɲ/,null*/ʃkaɾkˈɔɲ/,null*/dˈiʃkə/,null*/ʃcyɾtˈɔɲ/,null*/zbulˈɔɲ/,null*/muʃtəkˈɔɲ/,null*/dulˠˈye̯/,null*/ðuɾˈɔɲ/,null*/dɾˈɛc/,null*/dɾəɲ̈ɡˈua̯/,null{ABSENT},null*/dɾˈiʃt/,null*/dˈuc/,null*/dulpəkˈɔɲ/,null*/duɾˈɔɲ/,null*/hɛtˈɔɲ/,null*/kˈiʃə/,null*/kə/,null*/ʃˈɛməɾ/,null*/ʃəmtˈɔɲ/,null*/ʃəmˈɔɲ/,null*/ʃˈɛmbulˠ/,null*/ʃndɾˈɔɲ/,null*/ʃˈɛɲ/,null*/ʃkalkˈɔɲ/,null*/ʃkalˠˈɔɲ/,null*/ʃkəmbˈɛɲ/,null*/ʃkəndˈɛɲ/,null*/ʃkaɾzˈɛɲ/,null*/ʃkaɾtˈɔɲ/,null*/ʃkatərˈɔɲ/,null*/ʃkaɡˈɔɲ/,null*/ʃcˈip/,null*/ʃkˈulˠ/,null*/ʃkuɾtˈɔɲ/,null*/ʃkˈuɾt/,null*/zmˈɔjlɛ/,null*/ʃˈuʃ/,null*/ʃpətˈɔɲ/,null*/ʃpˈɛjt/,null*/ʃpəlˈaɲ/,null*/ʃpɾ̩lˈaɲ/,null*/hɛɾmˈɔɲ/,null*/ʃtəɾˈɔɲ/,null*/ʃtɾˈyð/,null*/ʃuɲ̈ɡulˠˈɔɲ/,null*/zɟəlˠˈɔɲ/,null*/lˈiɟɛ/,null*/pɛʃkˈɔp/,null*/pˈɛʃkəp/,null*/upˈɛʃp/,null*/pəʃkəpˈi/,null*/riɡˈɔɲ/,null*/rəmˈit/,null*/ˈiɾic/,null*/rˈylˠə/,null*/ˈɛʃkə/,null*/uɲɟˈilˠ/,null*/ˈye̯jɲ/,null*/fˈaɾkə/,null*/faɾkˈɔɲ/,null*/fˈaɡ/,null*/fjˈɛɲ/,null*/flˈɛɲ/,null*/fˈaj/,null*/fˈye̯ɲ/,null*/fl̩cˈiɲə/,null*/fajkˈua̯/,null*/fˈacɛ/,null*/fajtˈyɾə/,null*/fˈamə/,null*/fəmˈijə/,null*/fˈamulˠ/,null*/fˈəɲ̈ɡ/,null*/fərˈɔɲ/,null*/fərˈatə/,null*/fˈaɾmək/,null*/fˈaʃcə/,null*/fjˈɔlˠə/,null*/fˈat/,null*/fˈɛlə/,null{ABSENT},null*/fˈɛməɾ/,null*/fəɲˈɛʃtɾ̩/,null*/fɾˈuʃkə/,null*/fˈɛ/,null*/fjˈɔɲ/,null*/fˈik/,null{ABSENT},null*/fˈɛjkə/,null*/fjˈɛʃtɾ̩/,null*/fulcˈɛt/,null*/fˈilˠ/,null*/flˈi/,null*/fʃˈikulˠ/,null*/fiʃtəlˠˈɔɲ/,null*/flˈakulˠ/,null*/flˈakulˠ/,null*/flˈamə/,null*/flˈaʃkə/,null*/flˈɔk/,null*/flɔɾˈi/,null*/flutulˠˈɔɲ/,null*/fɔjlˈɛtə/,null*/fuɾmˈɛlə/,null*/fˈuric/,null{ABSENT},null*/fˈɔɾt/,null*/fuɾtˈunə/,null*/fˈuʃə/,null*/fʃˈat/,null*/fɾˈaʃəɾ/,null*/fɾˈəɲ̈ɡ/,null*/fɾəɲɟˈi/,null*/fɾˈɛɾə/,null*/fɾˈɛ/,null*/fɾ̩ɡˈɔɲ/,null*/fɾ̩ɡəlˠˈɔɲ/,null*/fɾ̩kˈɔɲ/,null*/flˠɛtˈɛɾɛ/,null*/fɾˈyt/,null*/fult͡ʃˈi/,null*/fɔnˈɛɾ/,null*/fˈund/,null*/fˈuɾkə/,null*/fˈur/,null*/fˈuʒɲə/,null*/fuʒɲˈaɾ/,null*/fˈuʃtulˠ/,null*/fˈut/,null*/ɟˈɛlbəɾ/,null*/ɡˈaɾɡulˠ/,null*/ɡəlˈasə/,null*/ɟˈɛl/,null*/ɡˈatə/,null*/ɡˈat/,null*/ɡˈaz/,null*/ɡazmˈɛnd/,null*/ɟəmˈɔɲ/,null*/ɟəɾˈi/,null*/ɟˈɛʃtɾ̩/,null*/ɟˈind/,null*/ɟˈɛɾɟ/,null*/ɟˈəndəɾ/,null*/ɟˈɛm/,null*/lˈiɾ/,null*/ɡɾəməɾˈatə/,null*/ɡɾˈɛk/,null*/ɡɾˈam/,null*/ɡɾˈat/,null*/ɡɾˈiɟ/,null*/ɡɾˈim/,null*/ɡɾˈilə/,null*/ɡɾumbulˠˈɔɲ/,null*/ɡɾˈumulˠ/,null*/ɡɾˈifʃə/,null*/ɡˈulˠə/,null*/ɡˈumə/,null*/ɡˈunə/,null*/ɡˈutə/,null*/ɟˈiɾ/,null*/ʃtˈijə/,null*/vərˈi/,null*/vərˈizə/,null*/hˈiɲ̈ɡl̩/,null*/ɲ̈ɡulˠˈɔɲ/,null*/ɾənd͡zˈɔɲ/,null*/hˈɛɾə/,null*/urˈɛɲ/,null*/ɟˈua̯n/,null*/janˈɛɾ/,null*/ɟəɾˈɔɲ/,null*/kˈɔɾə/,null*/ˈijə/,null*/ˈilc/,null*/ˈilcɛt/,null*/mbɾˈɔɲ/,null*/mbɾ̩tˈɛʃə/,null*/pɾ̩ndˈɛʃə/,null*/mbɾɛtˈua̯ɾ/,null*/pɾ̩ndˈua̯ɾ/,null*/mbɾɛtɾˈɛʃə/,null*/mbɾˈɛt/,null*/mbɾˈɛtɾ̩/,null*/mbləndˈɔɲ/,null*/mblˈɔɲ/,null*/mˈu/,null*/nˈaltə/,null*/nalt͡sˈɔɲ/,null*/nˈalt/,null*/naɾtˈɔɲ/,null*/mˈurə/,null*/dəʃkˈɔɲ/,null*/ndikˈɔɲ/,null*/dəkˈɔɲ/,null*/dəftˈɔɲ/,null*/ndɾ̩tˈɔɲ/,null*/ndɾˈɛc/,null*/ndəjˈɛɲ/,null*/fəʃcˈɔɲ/,null*/fˈɛr/,null*/ɲ̈ɡəɲˈɛɲ/,null*/ɲ̈ɡɾˈatə/,null*/aɾmˈik/,null*/ɲ̈ɡalkˈɔɲ/,null*/ɲ̈ɡaɾkˈɔɲ/,null*/ɲ̈ɡaʃəɾˈɛɲ/,null*/ɲɟəɾˈɔɲ/,null*/ɲ̈ɡuʃəlˠˈɔɲ/,null*/ɲ̈ɡˈɔɾð/,null*/kˈuð/,null*/kˈuðəɾ/,null*/ɲ̈ɡuɲˈɔɲ/,null*/nˈɔk/,null*/nˈɔfulˠ/,null*/məkˈat/,null*/məʃˈɔɲ/,null*/ʃˈɛɲə/,null*/ˈiʃulˠ/,null*/ndl̩ɡˈɔɲ/,null*/ndɾ̩ɡˈɔɲ/,null*/ndɾ̩/,null*/ɲɟˈye̯ɲ/,null*/mərˈajə/,null*/vˈɛr/,null*/md͡zˈɔɲ/,null*/ftˈɔɲ/,null*/məsˈɔɲ/,null*/ɟˈɔn/,null*/jˈɔk/,null*/ˈiɾə/,null*/ɟykˈɔɲ/,null*/ɟyɡˈatə/,null*/ɟˈyc/,null*/ɟyndˈyɾə/,null*/ɟˈynd/,null*/ɟəɾˈɔɲ/,null*/ɟuvˈɛɲ̈ɡə/,null*/cˈɛkə/,null*/cˈie̯lˠ/,null*/kalˠmˈɛt/,null*/kˈalˠm/,null*/kəlˠˈandə/,null*/kalˠndˈua̯ɾ/,null*/cˈɛlc/,null*/ɡl̩cˈɛɾɛ/,null*/cˈɛl/,null*/kˈəmbə/,null*/kəmbˈɛɲ/,null*/cˈɛməɾ/,null{ABSENT},null*/kəmbˈɔɾə/,null*/kəmˈiʃə/,null*/kˈəɾəp/,null*/kəndˈɛlˠə/,null*/cˈɛn/,null*/kˈanə/,null*/kənˈatə/,null*/kənˈɛt/,null*/kəndˈɔɲ/,null*/kˈandɾ̩/,null*/kˈəɲ̈ɡə/,null*/kəɲɟˈɛl/,null*/kapˈɛlə/,null*/kapɾˈua̯lˠ/,null*/kafʃˈatə/,null*/kafʃˈɔɲ/,null*/kapɾˈɛʃt/,null*/kəftˈinə/,null*/kapˈua̯/,null*/cˈɛpɾ̩/,null*/kˈaft/,null*/cˈɛrɛ/,null*/kɾ̩pˈus/,null*/karjˈɔz/,null*/cɾ̩ɲˈɔɲ/,null*/kˈarə/,null*/cˈɛr/,null*/kariklˠˈɔɲ/,null*/ɡɾ̩ʃˈəɾə/,null*/kˈaɾtə/,null*/kˈɛʃəɾ/,null*/kəʃtˈɛɲə/,null*/kaʃɲˈɛt/,null*/kəʃcˈɛlə/,null*/kəʃcˈɛl/,null*/kˈafkə/,null*/kˈafʃə/,null*/cˈɛlə/,null*/cˈind/,null*/cˈɛndɾ̩/,null*/cɛndɾˈɔɲ/,null*/cˈɛpə/,null*/cɛpˈulə/,null*/cɛɾʃˈua̯ɾ/,null*/kɾˈɛl/,null*/kɾˈye̯/,null*/cˈar/,null*/ɡɾ̩ʃˈɛdɾ̩/,null*/cɾ̩tˈɔɲ/,null*/cˈɔɲ/,null*/ɲ̈ɡˈalˠə/,null*/cˈicɾ̩/,null*/kˈɔɾɛ/,null*/cˈimkə/,null*/cimˈuʃə/,null*/cˈiɲ̈ɡl̩/,null*/kɾ̩kˈɔɲ/,null*/kɾ̩cˈɛlə/,null*/cˈaɾkulˠ/,null*/cˈaɾk/,null*/cˈitɾ̩/,null*/cytˈɛt/,null*/cəmˈɔɲ/,null*/kl̩ɾˈɔɲ/,null*/cˈaɾtə/,null*/cˈaɾ/,null*/cytˈyɾə/,null{ABSENT},null*/kəʃˈyɾə/,null*/kl̩t͡ʃˈyɾə/,null*/cəmˈɛnd/,null*/cəmˈuʃt/,null*/kumtˈɔɲ/,null*/kujtˈɔɲ/,null*/kunˈat/,null*/kujɾˈi/,null*/kˈiɲ/,null*/kulˠˈɔɲ/,null*/kulˈaɾ/,null*/ɡulcˈɔɲ/,null*/ɡultˈɔɲ/,null*/ɡulmtˈɔɲ/,null*/kulˠˈɔʃtɾ̩/,null*/kulˠumbɾˈi/,null*/kulˠumˈɛsə/,null*/kˈuɲ̈ɡə/,null*/kˈɔkə/,null*/kˈɔc/,null*/kˈɔk/,null*/kˈɔfʃə/,null*/kɔftˈua̯ɾ/,null*/kˈɔmə/,null*/kumˈɛɾc/,null*/kuŋɡˈɔɲ/,null*/kˈumtɾ̩/,null*/kupətˈɔɲ/,null*/kupətˈɔɲ/,null*/kˈumt/,null*/kufˈiɲ/,null*/kuʃˈil/,null*/ɡuʃɾ̩tˈɔɲ/,null*/kuʃəɾˈi/,null*/kuʃtˈɔɲ/,null*/kˈuʃulˠ/,null*/kutəndˈɔɲ/,null*/kˈundɾ̩/,null*/kundɾˈua̯lˠ/,null*/kundɾ̩ʃtˈaɾ/,null*/kunˈujkə/,null*/kuvəndˈɔɲ/,null*/kuvˈɛnd/,null*/kuɾtˈyɾə/,null*/kˈɔɾbulˠ/,null*/kˈɔɾðə/,null*/kˈɔrj/,null*/kurˈijk/,null*/kɔrˈutə/,null*/kuɾˈɔɾə/,null*/kˈɔɾp/,null*/kˈuɾt/,null*/kuɾtˈinə/,null*/kˈua̯ɾ/,null*/kuɾbˈin/,null*/kˈɔɾb/,null*/kˈɔʃ/,null*/ftˈɔɲ/,null*/ɡud͡zˈɔɲ/,null*/kɾˈapulˠ/,null*/kɾijˈɔɲ/,null*/kɾijˈɛsə/,null*/kɾijtˈyɾə/,null*/kɾˈɛtk/,null*/kɾˈɛzm̩/,null*/kɾɛzmˈɔɲ/,null*/kɾˈɛʃpə/,null*/kɾˈɛʃtə/,null*/kɾ̩ʃtˈɛɾə/,null*/kɾ̩ʃn̩dˈɛl/,null*/kɾˈiʃt/,null*/kɾˈɔkulˠ/,null*/kɾˈuʃk/,null*/kɾˈuc/,null*/kɾˈutə/,null*/kˈut/,null*/kˈuɾtə/,null*/kˈukuɾ/,null*/kukˈutə/,null*/kˈultɾ̩/,null*/kˈulm/,null*/kˈumulˠ/,null*/kˈulˠm/,null*/kˈuɲ/,null*/kuɲˈɔɲ/,null*/kundˈɔɲ/,null*/kˈup/,null*/kˈupə/,null*/cəɾˈɔɲ/,null*/kuɾsˈɛɲ/,null*/kɾˈiɡə/,null*/kərˈɛʒm̩/,null*/kˈɔdɾ̩/,null*/cəɾˈɔɲ/,null*/kˈaɾtə/,null*/kˈɔɾtə/,null*/kˈɔɾt/,null*/kaʃˈil/,null*/cy/,null*/cˈɛt/,null*/kˈyʃ/,null*/cˈimə/,null*/cˈipɾ̩/,null*/ləvɾˈɔɲ/,null*/laɾˈuʃkə/,null*/ləkˈua̯/,null*/lˈafʃə/,null*/ləʃˈɔɲ/,null*/lˈak/,null*/ləɲ̈ɡˈɔɲ/,null*/ləɲɟˈyɾə/,null*/ləɲɟˈye̯ɾ/,null*/ləɲɟˈɛɾɛ/,null*/ləpˈatɛ/,null*/lˈaɾɡ/,null*/lˈaɾð/,null*/lˈaʃ/,null*/lətˈi/,null*/lˈaɲ/,null*/latˈyɾə/,null*/ləvdˈɔɲ/,null*/lˈavd/,null*/lifcˈɛɾ/,null*/lˈaɾ/,null*/lˈiɟ/,null*/ləndˈɔɲ/,null*/lˈua̯n/,null*/lˈɛpuɾ/,null*/lˈɛpuj/,null*/lˈɛpɾ̩/,null*/lˈiɾ/,null*/lˈibɾ̩/,null*/liɾˈɔɲ/,null*/liɡətˈyɾə/,null*/lˈil/,null*/lˈic/,null*/lˈimə/,null*/ləmˈɔɲ/,null*/lˈi/,null*/lˈiɲə/,null*/lɛpətˈyɾə/,null*/lˈɛʃ/,null*/lˈɛtəɾ/,null*/lˈua̯ɲ/,null*/lucˈɛrə/,null*/lˈukɾ̩/,null*/lˈuftə/,null*/luftˈɔɲ/,null*/luftˈaɾ/,null*/lˈundɾ̩/,null*/luɡˈat/,null*/lucˈɛɾbulˠ/,null*/lˈyʃtɾ̩/,null*/mjˈɛʃtɾ̩/,null*/məɲɟˈi/,null*/maʃtɾˈɔɲ/,null*/maʃtˈɛɾk/,null*/majˈɛɾɛ/,null*/mˈaj/,null*/malˠkˈɔɲ/,null*/malt͡sˈɔlˠə/,null*/məɲˈɔlˠə/,null*/məlˠˈɛt/,null*/mˈaj/,null*/malt͡sˈɔɲ/,null*/malˠəɲɟˈɛɲ/,null*/mˈalˠ/,null*/minˈɔɲ/,null*/mˈəɲ̈ɡə/,null*/məɲ̈ɡˈɔɲ/,null*/mbulˠˈɔɲ/,null*/mˈəɲə/,null*/mˈəɲ̈ɡ/,null*/mˈəɲ̈ɡə/,null*/məɲ̈ɡˈɔɲ/,null*/mˈəɲɟəɾ/,null*/mˈajt/,null{ABSENT},null*/məɾˈi/,null*/mɾ̩kˈɔʃ/,null*/mlˈyc/,null*/mɾ̩tˈɔɲ/,null*/mɾ̩tˈɔɲ/,null*/mɾ̩tˈɛsə/,null*/mˈaɾk/,null*/mˈaɾmuɾ/,null{ABSENT},null*/mˈaɾt/,null*/mɾ̩tˈi/,null*/mˈaɾs/,null*/mˈaɾ/,null*/məɾˈu/,null*/mˈaʃkulˠ/,null*/mˈaʃə/,null*/məʃtəkˈɔɲ/,null*/məndˈafʃ/,null*/matɾˈik/,null*/məndɾˈikulˠ/,null*/məsˈuk/,null*/məkˈɔɲ/,null*/məɡˈaʃtɾ̩/,null*/mjˈɛk/,null*/mtˈɔɲ/,null*/mjˈɛz/,null*/məʃˈɛɾə/,null*/mˈɛndə/,null*/mˈɛnd/,null*/mɾ̩zˈɛɲ/,null*/məɾˈiz/,null*/mɾ̩ɡˈɔɲ/,null*/mɾ̩cˈɛɾ/,null*/mɾ̩kˈuɾə/,null*/məlˠˈɛɲə/,null*/mjˈɛtulˠ/,null*/mɾ̩ɡˈɔɲ/,null*/mˈijə/,null*/maɾʃtˈɔɲ/,null*/mɾˈɛkulˠ/,null*/mɾɛklˠˈɔɲ/,null*/mɾˈɛɲ/,null*/mˈɛʃə/,null*/məʃɾˈɛɾ/,null*/məʃˈiɾə/,null*/mˈuz/,null*/mˈɔð/,null*/mulˠˈaɾ/,null*/mulˠˈi/,null*/mˈɛnd/,null*/mˈunək/,null{ABSENT},null*/muɾtˈajə/,null*/mˈɔɾt/,null*/mˈyk/,null*/mˈulˠə/,null*/mujkˈɔɲ/,null*/mˈylˠ/,null*/muɾmuɾˈɔɲ/,null*/mˈyɾ/,null*/muʃcəlˠˈua̯ɾ/,null*/muʃkˈɔɲə/,null*/mˈuʃkulˠ/,null*/mˈyʃk/,null*/mˈuʃt/,null*/mɾ̩cˈiɲə/,null*/mˈɛrə/,null*/nˈapə/,null*/natˈyɾə/,null*/mjˈɛɡulˠ/,null*/nˈinə/,null*/ɲ̈ɡaɾðulˈicɛ/,null*/nˈɛð/,null*/nˈye̯lˠ/,null*/nəmɾˈɔɲ/,null*/nˈɔn/,null*/nɔtˈɔɲ/,null*/nˈɔʃtɾ̩/,null*/ɲˈɛɾkə/,null*/numbɾˈɔɲ/,null*/nˈumɾ̩/,null*/nˈusə/,null*/blˈatə/,null*/fˈɛlə/,null*/ulˠˈaʃtɾ̩/,null*/vˈaʃtɾ̩/,null*/vˈaj/,null*/ulˠˈi/,null*/vˈɛpəɾ/,null*/uɾˈɔɲ/,null*/vˈɛɾb/,null*/uɾðəɾˈɔɲ/,null*/uɾðəɾˈatə/,null*/ˈuɾðəɾ/,null*/vˈar/,null*/vˈaɾfəɾ/,null*/uʃtˈɔɲ/,null*/ˈut/,null*/vˈɛsə/,null*/vˈɛ/,null*/palˠˈɔɲ/,null*/pˈylˠ/,null*/pɛndˈɛɲ/,null*/pɛndˈɛsə/,null*/pəɡˈəɾə/,null*/paɡətˈyɾə/,null*/paɡˈua̯ɲ/,null*/pˈalˠə/,null*/pˈajə/,null*/pəlˠˈumb/,null*/pˈac/,null*/pajtˈɔɲ/,null*/pˈajt/,null*/pəlˠˈas/,null*/pˈaɾ/,null*/pɾˈalˠə/,null*/paɾˈiz/,null*/pɾˈɔɲ/,null*/pɾˈɔɲ/,null*/paɾəndˈɔɲ/,null*/pɾˈind/,null*/fɾaʃˈua̯lˠ/,null*/faʃˈua̯lˠ/,null*/pˈaʃkə/,null*/pˈaʃ/,null*/paʃtɾˈak/,null*/pəsˈɔɲ/,null*/pˈyjkə/,null*/pˈak/,null*/pˈalˠ/,null*/palˠˈɔɲ/,null*/palˠˈua̯/,null*/pjˈɛkə/,null*/pˈɛɲ̈ɡə/,null*/mbjˈɛkə/,null*/pɛkˈul/,null*/pˈɛʃə/,null*/pəʃˈɔɲ/,null*/pjˈɛpəɾ/,null*/pɾ̩/,null*/pjˈɛɾɡulˠ/,null*/pəɾhˈɛɾə/,null*/pɾ̩dəlˠˈɛɲ/,null*/ndəlˠˈɛɲ/,null*/pɾ̩paɾˈɔɲ/,null*/pɾ̩paɾˈɔɲ/,null*/pɾ̩ɟəlˠˈɔɲ/,null*/pəʃkˈɔɲ/,null*/pjˈɛʃkə/,null*/pɛtɾˈɛʃ/,null*/pjˈɛtɾ̩/,null*/pˈɛsə/,null*/pˈɛɲ̈ɡ/,null*/pɾ̩tˈɔɲ/,null*/pˈitə/,null*/pˈilˠə/,null*/pˈilˠə/,null*/pˈilˠə/,null*/pˈil/,null*/pˈɛnə/,null*/pˈipə/,null*/pˈɛʃc/,null*/pəʃkətˈaɾ/,null*/biʃtˈajə/,null*/pəʃtˈɛɾɛ/,null*/pˈɛtə/,null*/pˈɛtək/,null*/pˈɛtulˠ/,null*/plˈaɡə/,null*/pl̩cˈɛɲ/,null*/plˈaɲ̈ɡ/,null*/plˈaɲ̈ɡ/,null*/pˈalɲə/,null*/pl̩cˈi/,null*/plˈic/,null*/plˈɛp/,null*/plˈumb/,null*/pulˠˈəndə/,null*/pulkˈye̯ɾ/,null*/pulcˈɛɾ/,null*/pˈɛmə/,null*/pˈɔr/,null*/pˈɔr/,null*/pˈɔpulˠ/,null*/pˈɔric/,null*/purˈi/,null*/purˈi/,null*/pˈɔɾtə/,null*/puʃˈɔɲ/,null*/pˈɔʃt/,null*/pˈɔʃtɾ̩/,null*/puʃtˈɔɲ/,null*/puʃtˈɛt/,null*/pˈɔt/,null*/pɾˈɛ/,null*/pɾˈɛðə/,null*/pɾˈua̯ɲ/,null*/pɾˈiɲ/,null*/pɾˈɛtɾ̩/,null*/pɾəmvˈɛɾə/,null*/pɾˈiɲɟ/,null*/pɾivˈɔɲ/,null*/pɾɔðˈɔɲ/,null*/pɾˈua̯ɲ/,null*/pɾˈɔʒm̩/,null*/pɾɔʒmˈɔɲ/,null*/pɾəmɛtˈɔɲ/,null*/pˈukə/,null*/pˈuk/,null*/pˈulə/,null*/pˈul/,null*/pˈulpə/,null*/pˈulbɾ̩/,null*/pˈuɲ̈ɡə/,null*/pˈuɲtə/,null*/pˈupə/,null*/pˈus/,null*/putˈəɾə/,null*/fˈaɾ/,null*/rˈua̯ɲ/,null*/rˈɛzə/,null*/rˈikə/,null*/rˈijkə/,null*/rˈɛm/,null*/rˈapə/,null*/rˈɛp/,null*/rˈap/,null*/rˈalˠ/,null*/ɾˈaʃə/,null*/raʃcˈɛl/,null*/aɾsˈye̯/,null*/rˈɛvə/,null*/rəfˈɛɲ/,null*/ɾˈɛɟ/,null*/rˈɛɡulˠ/,null*/kˈɔʃ/,null*/rˈɛm/,null*/rəndˈɛɲ/,null*/rəʃˈinə/,null*/riʒɡˈɔɲ/,null*/rˈɛt/,null*/rˈɛʃt/,null*/rˈɛtəɾ/,null*/ɾiɡˈɔɲ/,null*/rˈicəɾ/,null*/ɾəmˈɔɲ/,null*/rˈipə/,null*/rˈɔbuɾ/,null*/rˈɔkə/,null*/ɾˈəməɾ/,null*/rˈumb/,null*/rˈumbulˠ/,null*/rufˈɛ/,null*/rəʃˈajə/,null*/rɔʃpˈɔɲə/,null*/rˈɔtə/,null*/rˈɔtulˠ/,null*/rɔtˈundə/,null*/rənˈɔɲ/,null*/ruɲ̈ɡˈɔɲ/,null*/rˈuð/,null*/rˈuɡə/,null*/rumbˈɛɲ/,null*/rˈuʃkulˠ/,null*/rˈytə/,null*/ʃˈur/,null*/ʃˈɛkulˠ/,null*/ʃiɟˈɛtə/,null*/ʃətˈɔɲ/,null*/ʃajtˈɔɲ/,null*/ʃˈaɡ/,null*/ʃˈakulˠ/,null*/ʃkɾˈɔɲ/,null*/ʃˈɛlcɛ/,null*/ʃˈɛjkə/,null*/ʃˈɛləɲɟɛ/,null*/ʃɛlcˈɛt/,null*/ʃəlˠˈinə/,null*/ʃəlˠˈiɲ/,null*/ʃl̩bˈɔɲ/,null*/ʃɛlbˈasə/,null*/ʃɾ̩bˈɛlə/,null*/ʃəɾˈɔɲ/,null*/ʃəndˈɛt/,null*/ʃəndˈɔʃ/,null*/ʃəɲɟˈatə/,null*/ʃuʃˈuɲə/,null*/ʃəndɾitˈɛt/,null*/ʃˈɛɲt/,null*/ʃəməhˈilˠ/,null*/ʃəndəndɾˈɛ/,null*/ʃəndɾˈɛ/,null*/ʃəɲˈak/,null{ABSENT},null*/ʃəmˈitɾ̩/,null*/ʃəŋɡˈɔlˠə/,null*/ʃapˈɔɲ/,null*/ʃˈap/,null*/ʃˈaɾkə/,null*/ʃɛlcəɾˈua̯ɾ/,null*/ʃɾ̩mˈɛnd/,null*/ʃətˈundə/,null*/ʃkɾˈɛt/,null*/ʃikˈɔɲ/,null*/ʃˈalə/,null*/ʃˈisə/,null*/ʃˈiɾɟ/,null*/ʃˈarə/,null*/ʃɾ̩tˈɔɲ/,null*/ʃɾ̩bˈɛɲ/,null*/ʃɾ̩bˈɛs/,null*/ʃɾ̩bətˈua̯ɾ/,null*/ʃɾ̩bətˈyɾə/,null*/ʃˈɛʃ/,null*/ʃənˈɔɲ/,null*/ʃˈɛɲ̈ɡ/,null*/ʃˈi/,null*/ʃˈɛcɛ/,null*/ʃˈikulˠ/,null*/ʃəmbəlˠˈɛɲ/,null*/ʃəmb?0tˈyɾə/,null*/ʃˈi/,null*/ʃˈɛɾp/,null*/ʃˈitə/,null*/zɟˈɛbɛ/,null*/ʃkˈalˠə/,null*/ʃkˈam/,null*/ʃcˈɛm/,null*/ʃkˈandulˠ/,null*/ʃcˈɛnd͡zə/,null*/ʃcəndˈijə/,null*/ʃcˈa/,null*/ʃcˈɛp/,null*/ʃkˈɔdɾ̩/,null*/ʃkˈɔlˠə/,null*/ʃcˈɔpə/,null*/ʃkɔpˈɛt/,null*/zɟˈyɾə/,null*/ʃkˈɔɾsə/,null*/ʃkɾˈua̯ɲ/,null*/ʃkˈulkə/,null*/ʃkˈumə/,null*/ʃcˈyt/,null*/ʃkˈat/,null*/ʃˈujk/,null*/ʃˈɔkə/,null*/ʃˈɔcɛ/,null*/ʃˈɔc/,null*/ʃˈɔlˠə/,null*/ʃˈulˠə/,null*/ʃˈua̯lˠ/,null*/ʃˈɔɾbə/,null*/ʃˈɔɾt/,null*/ʃuɾtˈikə/,null*/ʃuɾtl̩ɟˈi/,null*/ʃpˈatə/,null*/ʃpˈatulˠ/,null*/ʃpɾˈɛsə/,null*/ʃpɾˈɛɲ/,null*/ʃpˈinə/,null*/ʃpˈiɾt/,null*/ʃpˈɛʃ/,null*/ʃpɾəɾˈɛtkə/,null*/ʃpˈuzə/,null*/ʃpˈɔɾtə/,null*/ʃtˈalˠə/,null*/ʃtˈəm/,null*/ʃtˈəɲ̈ɡ/,null*/ʃtˈɛt/,null*/ʃtˈat/,null*/ʃtɾˈak/,null*/ʃtɾˈəmb/,null*/ʃtɾˈɛmbəɾ/,null*/ʃtɾˈat/,null*/ʃtɾˈiɡə/,null*/ʃtɾˈɛɲt/,null*/ʃtɾəɲ̈ɡˈɔɲ/,null*/ʃtˈupə/,null*/ʃtupˈɔɲ/,null*/ʃtˈurə/,null*/ʃˈijə/,null*/ʃˈua̯ɲ/,null*/ʃulˠˈatə/,null*/ʃumbɾˈitkə/,null*/ʃuɾukˈɔɲ/,null*/ʃutərˈi/,null*/ʃufəɾˈɛɲ/,null*/ʃˈujtə/,null*/ʃujtˈɔɲ/,null*/ʃˈumə/,null*/ʃuɾkˈɛl/,null*/ʃuʃpˈirə/,null*/ʃˈuɾð/,null*/ʃiɾˈiɲ̈ɡə/,null*/tabˈɛlə/,null*/tˈaft/,null*/tatˈɔɲ/,null*/tˈajə/,null*/tˈajə/,null*/tˈapə/,null*/tavˈɛrə/,null*/tˈɛɾ/,null*/tˈaɾ/,null*/tˈiməɾ/,null*/tjˈɛɡulˠ/,null*/tˈɛmpl̩ˠ/,null*/tm̩plˈa/,null*/tˈɛndə/,null*/tɾˈye̯lə/,null*/tɾˈye̯lə/,null*/tɾ̩mˈɛt/,null*/tɾˈatk/,null*/tˈɛʃə/,null*/dəʃmˈɔɲ/,null{ABSENT},null*/tmˈye̯ɾ/,null*/tˈinə/,null*/tˈɛɲə/,null*/tˈiɲ̈ɡə/,null*/tˈiɲ̈ɡulˠ/,null*/tˈitulˠ/,null*/tukˈɔɲ/,null*/tˈɔɾkulˠ/,null*/tˈɔrə/,null*/tˈɔɾtə/,null*/tɾˈye̯zə/,null*/tɾˈa/,null*/tɾˈua̯ɲ/,null*/təftˈaɾ/,null*/tɾajtˈɔɲ/,null*/tɾˈajtə/,null*/tɾaʃflˈɔɲ/,null*/tɾaʃəɡˈɔɲ/,null*/tɾˈua̯lˠ/,null*/tɾazməzˈɔɲ/,null*/tɾ̩fˈɔjə/,null*/tɾ̩fˈil/,null*/tɾ̩fˈuɾk/,null*/tɾəmt͡ʃˈəɾə/,null*/tɾˈinə/,null*/tɾˈiʃt/,null*/tɾ̩kulˠˈiɲ/,null*/tɾˈɔftə/,null*/tɾˈumbə/,null*/tɾuʃkˈye̯ɲ/,null*/tɾˈuɲ̈ɡ/,null*/tuɾsˈɛɲ/,null*/tˈulˠə/,null*/tˈufə/,null*/tˈumbə/,null*/tˈumulˠ/,null*/tˈund/,null*/tˈuɾbə/,null*/tuɾbˈɔɲ/,null*/tuɾbulˠˈɔɲ/,null*/tˈuɾbulˠ/,null*/tˈuɾmə/,null*/tˈuɾp/,null*/tˈurə/,null*/tˈuɾtuɾ/,null*/θˈikə/,null*/uɲ̈ɡˈɔɲ/,null*/yndˈyɾə/,null*/pˈupə/,null*/uɾəlˈiɲ/,null*/utɾˈi/,null*/vəɡˈɔɲ/,null*/vˈak/,null*/vlˈɛɲ/,null*/vjˈɛɲ/,null*/vˈye̯ɲ/,null*/vˈal/,null*/vlˈɛɾə/,null*/vˈapə/,null*/vlˈɛsə/,null*/vˈɛlˠ/,null*/vɾˈɛɾə/,null*/vɾˈɛɾ/,null*/vˈɛɲ/,null*/ftilˠˈɔɲ/,null*/vˈɛɾə/,null*/vɾ̩tˈɛt/,null*/vɾˈiɡulˠ/,null*/vjˈɛɾʃə/,null*/vɾ̩ʃˈɔɲ/,null*/vəʃkˈɛɲ/,null*/vˈɛʃk/,null*/fʃˈikə/,null*/məʃˈikə/,null*/vəʒɡˈɔɲ/,null*/vˈɛʃ/,null*/vjˈɛtɾ̩/,null*/vˈijə/,null*/vəɟˈilˠɛ/,null*/məɲɟˈilˠɛ/,null*/vˈicɛ/,null*/fcˈi/,null*/vitˈɔɾɛ/,null*/vˈitəj/,null*/vˈilə/,null*/viɲˈalˠ/,null*/məɲɟˈilˠ/,null*/vˈiɾɟəɾ/,null*/vˈɾ̩ɡəɾ/,null*/vˈɛɾðə/,null*/vˈɛɾð/,null*/vɾ̩tˈyt/,null*/vəʃtˈɔɲ/,null*/vˈɛʃtulˠ/,null*/vˈɛʃk/,null*/vˈɛs/,null*/ftˈujə/,null*/vˈitɾ̩k/,null*/vɛtˈulˠə/,null*/vˈua̯ɲ/,null*/vˈɔlˠə/,null{ABSENT},null*/vulˠndˈɛt/,null*/vˈɔm/,null*/vuɾˈatə/
R507,,,,,,,,,,,,,,,,,,,,,,,,,,,,,,,,,,,,,,,,,,,,,,,,,,,,,,,,,,,,,,,,,,,,,,,,,,,,,,,,,,,,,,,,,,,,,,,,,,,,,,,,,,,,,,,,,,,,,,,,,,,,,,,,,,,,,,,,,,,,,,,,,,,,,,,,,,,,,,,,,,,,,,,,,,,,,,,,,,,,,,,,,,,,,,,,,,,,,,,,,,,,,,,,,,,,,,,,,,,,,,,,,,,,,,,,,,,,,,,,,,,,,,,,,,,,,,,,,,,,,,,,,,,,,,,,,,,,,,,,,,,,,,,,,,,,,,,,,,,,,,,,,,,,,,,,,,,,,,,,,,,,,,,,,,,,,,,,,,,,,,,,,,,,,,,,,,,,,,,,,,,,,,,,,,,,,,,,,,,,,,,,,,,,,,,,,,,,,,,,,,,,,,,,,,,,,,,,,,,,,,,,,,,,,,,,,,,,,,,,,,,,,,,,,,,,,,,,,,,,,,,,,,,,,,,,,,,,,,,,,,,,,,,,,,,,,,,,,,,,,,,,,,,,,,,,,,,,,,,,,,,,,,,,,,,,,,,,,,,,,,,,,,,,,,,,,,,,,,,,,,,,,,,,,,,,,,,,,,,,,,,,,,,,,,,,,,,,,,,,,,,,,,,,,,,,,,,,,,,,,,,,,,,,,,,,,,,,,,,,,,,,,,,,,,,,,,,,,,,,,,,,,,,,,,,,,,,,,,,,,,,,,,,,,,,,,,,,,,,,,,,,,,,,,,,,,,,,,,,,,,,,,,,,,,,,,,,,,,,,,,,,,,,,,,,,,,,,,,,,,,,,,,,,,,,,,,,,,,,,,,,,,,,,,,,,,,,,,,,,,,,,,,,,,,,,,,,,,,,,,,,,,,,,,,,,,,,,,,,,,,,,,,,,,,,,,,,,,,,,,,,,,,,,,,,,,,,,,,,,,,,,,,,,,,,,,,,,,,,,,,,,,,,,,,,,,,,,,,,,,,,,,,,,,,,,,,,,,,,,,,,,,,,,,,,,,,,,,,,,,,,,,,,,,,,,,,,,,,,,,,,,,,,,,,,,,,,,,,,,,,,,,,,,,,,,,,,,,,,,,,,,,,,,,,,,,,,,,,,,,,,,,,,,,,,,,,,,,,,,,,,,,,,,,,,,,,,,,,,,,,,,,,,,,,,,,,,,,,,,,,,,,,,,,,,,,,,,,,,
R508,,,,,,,,,,,,,,,,,,,,,,,,,,,,,,,,,,,,,,,,,,,,,,,,,*/ʃpˈaɾɡ/,,,,,,,,,,,,,,,,,,,,,,,,,,,,,,,,,,,,,,,,,,,,,,,,,,,,,,,,,,,,,,,,,,,,,,,,,,,,,,,,,,,,,,,,,,,,,,,,,,,,,,,,,,,,,,,,,,,,,,,,,,,,,,,,,,,,,,,,,,,,,,,,,,,,,,,,,,,,,,,,,,,,,,,,,,,,,,,,,,,,,,,,,,,,,,,,,,,,,,,,,,,,,,,,,,,,,,,,,,,,,,,,,,,,,,,,,,,,,,,,,,,,,,,,,,,,,,,,,,,,,,,,,,,,,,,,,,,,,,,,,,,,,,,,,,,,,,,,,,,,,,,,,,,*/kˈəɾp/,,,,,,,,,,,,,,,,,,,,,,,,,,,,,,,,,,,,,,,,,,,,,,,,,,,,,,,,,,,,,,,,,,,,,,,,,,,,,,,,,,,,,,,,,,,,,,,,,,,,,,,,,,,,,,,,,,,,,,,,,,,,,,,,,,,,,,,,,,,,,,,,,,,,,,,,,,,,,,,,,,,,,,,,,,,,,,,,,,,,,,,,,,,,,,,,,,,,,,,,,,,,,,,,,,,,,,,,,,,,,,,,,,,,,,,,,,,,,,,,,,,,,,,,,,,,,,,,,,,,,,,,,,,,,,,,,,,,,,,,,,,,,,,,,,,,,,*/mˈunk/,,,,,,,,,,,,,,,,,,,,,,,,,,,,,,,,,,,,,,,,,,,,,,,,,,,,,,,,,,,,,,,,,,,,,,,,,,,,,,,,,,,,,,,,,,,,,,,,,,,,,,,,,,,,,,,,,,,,,,,,,,,,,,,,,,,,,,,,,,,,,,,,,,,,,,,,,,,,,,,,,,,,,,,,,,,,,,,,,,,,,,,,,,,,,,,,,,,,,,,,,,,,,,,,,,,,,,,,,,,,,,,,,,,,,,,,,,,,,,,,,,,,,,,,,,,,,,,,,,,,,,,,,,,,,,,,,,,,,,,,,,,,,,,,,,,,,,,,,,,,,,,,,,,,,,,,,,,,,,,,,,,,,,,,,,,,,,,,,,,,,,,,,,,,,,,,,,,,,,,,,,,,,,,,,,,,,,,,,,,,,,,,,,,,,,,,,,,,,,,,,,,,,,,,,,,,,,,,,,,,,,,,,,,,,,,,,,,,,,,,,,,,,,,,,,,,,,,,,,,,,,,,,,,,,
R509,,,,,,,,,,,,,,,,,,,,,,,,,,,,,,,,,,,,,,,,,,,,,,,,,,,,,,,,,,,,,,,,,,,,,,,,,,,,,,,,,,,,,,,,,,,,,,,,,,,,,,,,,,,,,,,,,,,,,,,,,,,,,,,,,,,,,,,,,,,,,,,,,,,,,,,,,,,,,,,,,,,,,,,,,,,,,,,,,,,,,,,,,,,,,,,,,,,,,,,,,,,,,,,,,,,,,,,,,,,,,,,,,,,,,,,,,,,,,,,,,,,,,,,,,,,,,,,,,,,,,,,,,,,,,,,,,,,,,,,,,,,,,,,,,,,,,,,,,,,,,,,,,,,,,,,,,,,,,,,,,,,,,,,,,,,,,,,,,,,,,,,,,,,,,,,,,,,,,,,,,,,,,,,,,,,,,,,,,,,,,,,,,,,,,,,,,,,,,,,,,,,,,,,,,,,,,,,,,,,,,,,,,,,,,,,,,,,,,,,,,,,,,,,,,*/kuptˈɔɲ/,*/kuptˈɔɲ/,,,,,,,,,,,,,,,,,,,,,,,,,,,,,,,,,,,,,,,,,,,,,,,,,,,,,,,,,,,,,,,,,,,,,,,,,,,,,,,,,,,,,,,,,,,,,,,,,,,,,,,,,*/liktˈyɾə/,,,,,,,*/lɛptˈyɾə/,,,,,,,,,,,,,,,,,,,,,,,,,,,,,,,,,,,,,,,,,,,,,,,,,,,,,,,,,,,,,,,,,,,,,,,,,,,,,,,,,,,,,,,,,,,,,,,,,,,,,,,,,,,,,,,,,,,,,,,,,,,,,,,,,,,,,,,,,,,,,,,*/paktˈyɾə/,,,,,,,,,,,,,,,,,,,,,,,,,,,,,,,,,,,,,,,,,,,,,,,,,,,,,,,,,,,,,*/pˈɛtk/,,,,,,,,,,,,,,,,,,,,,,,,,,,,,,,,,,,,,,,,,,,,,,,,,,,,,,,,,,,,,,,,,,,,,,,,,,,,,,,,,,,,,,,,,,,,,,,,,,,,,,,,,,,,,,,,,,,,,,,,,,,,,,,,,,,,,,,,,,,,,,,,,,,,,,,,,,,,,,,,,,,,,,,,,,,,,,,,,,,,,,,,,,,,,,,,,,,,,,,,,,,,,,,,,,,,,,,,,,,,,,,,,,,,,,,,,,,,,,,,,,,,,,,,,,,,,,,,,,,,,,,,,,,,,,,,,,,,,,,,,,,,,,,,,,,,,,,,,,,,,,,,,,,,,,,,,,,,,,,,,,,,,,,,,,,,,,,,,,,,,,,,,,,,,,,,,
R510,,,,,,,,,,,,,,,,,,,,,,,,,,,,,,,,,,,,,,,,,,,,,,,,,,,,,,,,,,,,,,,,,,,,,,,,,,,,,,,,,,,,,,,,,,,,,,,,,,,,,,,,,,,,,,,,,,,,,,,,,,,,,,,,,,,,,,,,,,,,,,,,,,,,,,,,,,,,,,,,,,,,,,,,,,,,,,,,,,,,,,,,,,,,,,,,,,,,,,,,,,,,,,,,,,,,,,,,,,,,,,,,,,,,,,,,,,,*/ɡlˈasə/,,,,,,,,,,,,,,,,,,,,,,,,,,,,,,,,,,,,,,,,,,,,,,,,,,,,,,,,,,,,,,,,,,,,,,,,,,,,,,,,,,,,,,,,,,,,,,,,,,,,,,,,,,,,,,*/klˠˈandə/,,,,,,,,,,,,,,,,,,,,,,,,,,,,,,,,,,,,,,,,,,,,,,,,,,,,,,,,,,,,,,,,,,,,,,,,,,,,,,,,,,,,,,,,,,,,,,,,,,,,,,,,,,,,,,,,,,,,,,,,,,,,,,,,,,,,,,,,,,,,,,,,,,,,,,,,,,,,,,,,,,,,,,,,,,,,,,,,,,,,,,,,,,,,,,,,,,,,,,,,,,,,,,,,,,,,,,,,,,,,,,,,,,,,,,,,,,,,,,,,,,,,,,,,,,,,,,,,,,,,,,,,,,,,,,,,,,,,,,,,,,,,,,,,,,,,,,,,,,,,,,,,,,,,,,,,,,,,,,,,,,,,,,,,,,,,,,,,,,,,,,,,,,,,,,,,,,,,,,,,,,,,,,,,,,,,,,,,,,,,,,,,,,,,,,,,,,,,,,,,,,,,,,,,,,,,,,,,,,,,,,,,,,,,,,,,,,,,,,,,,,,,,,,,,,,,,,,,,,,,,,,,,,,,,,,,,,,,,,,,,,,,,,,,,,,,,,,,,,,,,,,,,,,,,,,,,,,,,,,,,,,,,,,,,,,,,,,,,,,,,,,,,,,,,,,,,,,,,,,,,,,,,,,,,,,,,,,,,,,,,,,,,,,,,,,,,,,,,,,,,,,,,,,,,,,,,,,,,,,,,,,,,,,,,,,,,,,,,,,,,,,,,,,,,,,,,,,,,,,,,,,,,,,,,,,,,,,,,,,,,,,,,,,,,,,,,,,,,,,,,,,,,,,,,,,,,,,,,,,,,,,,,,,,,,,,,,,,,,,,,,,,,,,,,,,,,,,,,,,,,,,,,,,,,,,,,,
R511,,,,,,,,,,,,,,,,,,,,,,,,,,,,,,,,,,,,,,,,,,,,,,,,,,,,,,,,,,,,,,,,,,,,,,,,,,,,,,,,,,,,,,,,,,,,,,,,,,,,,,,,,,,,,,,,,,,,,,,*/cˈiʃə/,,,,,,,,,,,,,,,,,,,,,,,,,,,,,,,,,,,,,,,,,,,,,,,,,,,,,,,,,,,,,,,,,,,,,,,,,,,,,,,,,,,,,,,,,,,,,,,,,,,,,,,,,,,,,,,,,,,,,,,,,,,,,,,,,,,,,,,,,,,,,,,,,,,,,,,,,,,,,,,,,,,,,,,,,,,,,,,,,,,,,,,,,,,,,,,,,,,,,,,,,,,,,,,,,,,,,,,,,,,,,,,,,,,,,,,,,,,,,,,,,,,,,,,,,,,,,,,,,,,,,,,,,*/cˈɛʃəɾ/,,,,,,,,,,,,,,,,,,,,,,,,,,,,,,,,,,,,,,,,,,,,,,*/cˈiɲ/,,,,,,,,,,,,,,,,,,,,,,,,,,,,,,,,,,,,,,,,,,,,,,,,,,,,,,,,,,,,,,,,,,,,,,,,,,,,,,,,,,,,,,,,,,,,*/cˈyʃ/,,,,,,,,,,,,,,,,,,,,,,,,,,,,,,,,,,,,,,,,,,,,,,,,,,,,,,,,,,,,,,,,,,,,,,,,,,,,,,,,,,,,,,,,,,,,,,,,,,,,,,,,,,,,,,,,,,,,,,,,,,,,,,,,,,,,,,,,,,,,,,,,,,,,,,,,,,,,,,,,,,,,,,,,,,,,,,,,,,,,,,,,,,,,,,,,,,,,,,,,,,,,,,,,,,,,,,,,,,,,,,,,,,,,,,,,,,,,,,,,,,,,,,,,,,,,,,,,*/pulcˈye̯ɾ/,,,,,,,,,,,,,,,,,,,,,,,,,,,,,,,,,,,,,,,,,,,,,,,,,,,,,,,,,,,,,,,,,,,,,,,,,,,,,,,,,,,,,,,,,,,,,,,,,,,,,,,,,,,,,,,,,,,,,,,,,,,,,,,,,,,,,,,,,,,,,,,,,,,,,,,,,,,,,,,,,,,,,,,,,,,,,,,,,,,,,,,,,,,,,,,,,,,,,,,,,,,,,,,,,,,,*/ʃuɾcˈɛl/,,,,,,,,,,,,,,,,,,,,,,,,,,,,,,,,,,,,,,,,,,,,,,,,,,,,,,*/tɾuʃcˈye̯ɲ/,,,,,,,,,,,,,,,,,,,,,,,,,,,,,,,,,,,,,,,,,*/vəʃcˈɛɲ/,,,,,,,,,,,,,,,,,,,,,,,,,,,,,,,,,,
R512,,*/bˈɛŋɡ/,,,,,,,,,,,,,,,,,,,,,,,,,,,,,,*/ŋɡˈuʃt/,*/ŋɡuʃtˈɔɲ/,,,,,,,,,,,,,,,,,,,,,,,*/ˈuɲɟ/,,,,,,,,,,,,,,,,,,,,,,,,,,,,,,,,,,,,,,,,,,,,,,,,,,,,,,,,*/dɾəŋɡˈua̯/,,,,,,,,,,,,,,,,,,,,,,,,,,,,,,,,,,,,*/ʃuŋɡulˠˈɔɲ/,,,,,,,,,,,,,,,,,,,,,,,,,,,,*/fˈəŋɡ/,,,,,,,,,,,,,,,,,,,,,,,,,,,,,,,,,,,,,,,*/fɾˈəŋɡ/,,,,,,,,,,,,,,,,,,,,,,,,,,,,,,,,,,,,,,,,,,,,,,,,,,,,*/hˈiŋɡl̩/,*/ŋɡulˠˈɔɲ/,,,,,,,,,,,,,,,,,,,,,,,,,,,,,,,,,,,,*/ŋɡəɲˈɛɲ/,*/ŋɡɾˈatə/,,*/ŋɡalkˈɔɲ/,*/ŋɡaɾkˈɔɲ/,*/ŋɡaʃəɾˈɛɲ/,,*/ŋɡuʃəlˠˈɔɲ/,*/ŋɡˈɔɾð/,,,*/ŋɡuɲˈɔɲ/,,,,,,,,,,,,,,,,,,,,,,,,,*/ɟuvˈɛŋɡə/,,,,,,,,,,,,,,,,,,,,,,,,*/kˈəŋɡə/,,,,,,,,,,,,,,,,,,,,,,,,,,,,,,,,,,,,,,,,*/ŋɡˈalˠə/,,,,,*/cˈiŋɡl̩/,,,,,,,,,,,,,,,,,,,,,,,,,,,,,,*/kˈuŋɡə/,,,,,,,,,,,,,,,,,,,,,,,,,,,,,,,,,,,,,,,,,,,,,,,,,,,,,,,,,,,,,,,,,,,,,,,,,,,,,,,,,,,,,,,,,,,,*/ləŋɡˈɔɲ/,,,,,,,,,,,,,,,,,,,,,,,,,,,,,,,,,,,,,,,,,,,,,,,,,,,,,,,,,,,*/mˈəŋɡə/,*/məŋɡˈɔɲ/,,,,*/mˈəŋɡə/,*/məŋɡˈɔɲ/,,,,,,,,,,,,,,,,,,,,,,,,,,,,,,,,,,,,,,,,,,,,,,,,,,,,,,,,,,,,,,,,,,,,,,,,,,,*/ŋɡaɾðulˈicɛ/,,,,,,,,,,,,,,,,,,,,,,,,,,,,,,,,,,,,,,,,,,,,,,,,,,,,,,,,,,,,,,*/pˈɛŋɡə/,,,,,,,,,,,,,,,,,,,*/pˈɛŋɡ/,,,,,,,,,,,,,,,,,,*/plˈaŋɡ/,*/plˈaŋɡ/,,,,,,,,,,,,,,,,,,,,,,,,,,,,,,,,,,,,,,,,,,*/pˈuŋɡə/,,,,,,,,,,,,,,,,,,,,,,,,,,,,,,,,,,,,,,,,,,,,,,*/ruŋɡˈɔɲ/,,,,,,,,,,,,,,,,,,,,,,,,,,,,,,,,,,,,,,,,,,,,,,,,,,,,,,,,*/ʃˈɛŋɡ/,,,,,,,,,,,,,,,,,,,,,,,,,,,,,,,,,,,,,,,,,,,,,,,,,,,,*/ʃtˈəŋɡ/,,,,,,,,,*/ʃtɾəŋɡˈɔɲ/,,,,,,,,,,,,,,,,,*/ʃiɾˈiŋɡə/,,,,,,,,,,,,,,,,,,,,,,,,,*/tˈiŋɡə/,*/tˈiŋɡulˠ/,,,,,,,,,,,,,,,,,,,,,,,,,,*/tɾˈuŋɡ/,,,,,,,,,,,,,,,,*/uŋɡˈɔɲ/,,,,,,,,,,,,,,,,,,,,,,,,,,,,,,,,,,,,,,,,,,,,,,,,,,,,,,,,,,
R513,,,,,,,,,*/ˈajəɾ̩/,,,,,,,*/cˈiftəɾ̩/,,,,,,,,,,,,,*/ˈəɲɟə?0/,*/ˈɛɲɟə?0/,,,,,,,,,,,,,,,,,,*/ˈaʃkəl̩/,,*/ˈaʃpəɾ̩/,,,,,,,*/bˈalt͡ʃəm̩/,,*/baɾˈatəɾ̩/,,,,,,,,,,,,,,,,,,,,,,,,,,,,,,,,*/dəpəɾ̩tˈɔɲ/,,*/dəɾ̩mˈɔɲ/,,,,,,,*/dəɾ̩ɡˈɔɲ/,,,,,,,,,,,,,,,,,,,,,,,,,,,,,,,,,,,,,,,,,,,,*/ʃpəɾ̩lˈaɲ/,,,,,,,,,,,,,,,,,,,,,,,,,*/fəl̩cˈiɲə/,,,,,,,,,,,,,,,,,*/fəɲˈɛʃtəɾ̩/,,,,,,,*/fjˈɛʃtəɾ̩/,,,,,,,,,,,,,,,,,,,,,,,,,,*/fəɾ̩ɡˈɔɲ/,*/fəɾ̩ɡəlˠˈɔɲ/,*/fəɾ̩kˈɔɲ/,,,,,,,,,,,,,,,,,,,,,,*/ɟˈɛʃtəɾ̩/,,,,,,,,,,,,,,,,,,,,,,,,*/hˈiŋɡəl̩/,,,,,,,,,,,,,*/mbəɾ̩tˈɛʃə/,*/pəɾ̩ndˈɛʃə/,,*/pəɾ̩ndˈua̯ɾ/,,,*/mbɾˈɛtəɾ̩/,,,,,,,,,,,,,*/ndəɾ̩tˈɔɲ/,,,,,,,,,,,,,,,,,,,,,,,*/ndəl̩ɡˈɔɲ/,*/ndəɾ̩ɡˈɔɲ/,*/ndəɾ̩/,,,,,,,,,,,,,,,,,,,,,,,,*/ɡəl̩cˈɛɾɛ/,,,,,,,,,,,,,,,*/kˈandəɾ̩/,,,,,,,,,,*/cˈɛpəɾ̩/,,,*/kəɾ̩pˈus/,,*/cəɾ̩ɲˈɔɲ/,,,,*/ɡəɾ̩ʃˈəɾə/,,,,,,,,,,,*/cˈɛndəɾ̩/,,,,,,,,*/ɡəɾ̩ʃˈɛdəɾ̩/,*/cəɾ̩tˈɔɲ/,,,*/cˈicəɾ̩/,,,,*/cˈiŋɡəl̩/,*/kəɾ̩kˈɔɲ/,*/kəɾ̩cˈɛlə/,,,*/cˈitəɾ̩/,,,*/kəl̩ɾˈɔɲ/,,,,,,*/kəl̩t͡ʃˈyɾə/,,,,,,,,,,,,,*/kulˠˈɔʃtəɾ̩/,,,,,,,,,,,,*/kˈumtəɾ̩/,,,,,,*/ɡuʃəɾ̩tˈɔɲ/,,,,,*/kˈundəɾ̩/,,*/kundəɾ̩ʃtˈaɾ/,,,,,,,,,,,,,,,,,,,,,,,,,*/kɾˈɛzəm̩/,,,,*/kəɾ̩ʃtˈɛɾə/,*/kəɾ̩ʃən̩dˈɛl/,,,,,,,,,,*/kˈultəɾ̩/,,,,,,,,,,,,*/kərˈɛʒəm̩/,*/kˈɔdəɾ̩/,,,,,,,,,,*/cˈipəɾ̩/,,,,,,,,,,,,,,,,,,,,,,,,,,,*/lˈɛpəɾ̩/,,*/lˈibəɾ̩/,,,,,,,,,,,,,,*/lˈukəɾ̩/,,,,*/lˈundəɾ̩/,,,*/lˈyʃtəɾ̩/,*/mjˈɛʃtəɾ̩/,,,,,,,,,,,,,,,,,,,,,,,,,,*/məɾ̩kˈɔʃ/,,*/məɾ̩tˈɔɲ/,*/məɾ̩tˈɔɲ/,*/məɾ̩tˈɛsə/,,,,,*/məɾ̩tˈi/,,,,,,,,,,,,*/məɡˈaʃtəɾ̩/,,,,,,,*/məɾ̩zˈɛɲ/,,*/məɾ̩ɡˈɔɲ/,*/məɾ̩cˈɛɾ/,*/məɾ̩kˈuɾə/,,,*/məɾ̩ɡˈɔɲ/,,,,,,,,,,,,,,,,,,,,,,,,,,,,,*/məɾ̩cˈiɲə/,,,,,,,,,,,,*/nˈɔʃtəɾ̩/,,,*/nˈuməɾ̩/,,,,*/ulˠˈaʃtəɾ̩/,*/vˈaʃtəɾ̩/,,,,,,,,,,,,,,,,,,,,,,,,,,,,,,,,,,,,,,,,,,,,,,,,,,,,,,*/pəɾ̩/,,,*/pəɾ̩dəlˠˈɛɲ/,,*/pəɾ̩paɾˈɔɲ/,*/pəɾ̩paɾˈɔɲ/,*/pəɾ̩ɟəlˠˈɔɲ/,,,,*/pjˈɛtəɾ̩/,,,*/pəɾ̩tˈɔɲ/,,,,,,,,,,,,,,,,*/pəl̩cˈɛɲ/,,,,*/pəl̩cˈi/,,,,,,,,,,,,,,,,,*/pˈɔʃtəɾ̩/,,,,,,,,*/pɾˈɛtəɾ̩/,,,,,,*/pɾˈɔʒəm̩/,,,,,,,,*/pˈulbəɾ̩/,,,,,,,,,,,,,,,,,,,,,,,,,,,,,,,,,,,,,,,,,,,,,,,,,,,,,,,,,,,,,,,,,,,*/ʃəl̩bˈɔɲ/,,*/ʃəɾ̩bˈɛlə/,,,,,,,,,,,,,*/ʃəmˈitəɾ̩/,,,,,,*/ʃəɾ̩mˈɛnd/,,,,,,,,*/ʃəɾ̩tˈɔɲ/,*/ʃəɾ̩bˈɛɲ/,*/ʃəɾ̩bˈɛs/,*/ʃəɾ̩bətˈua̯ɾ/,*/ʃəɾ̩bətˈyɾə/,,,,,,,,*/ʃəmbə?0tˈyɾə/,,,,,,,,,,,,,*/ʃkˈɔdəɾ̩/,,,,,,,,,,,,,,,,,,,,,*/ʃuɾtəl̩ɟˈi/,,,,,,,,,,,,,,,,,,,,,,,,,,,,,,,,,,,,,,,,,,,,,,,,,,,*/tˈɛmpəl̩ˠ/,*/təm̩plˈa/,,,,*/təɾ̩mˈɛt/,,,,,,,,,,,,,,,,,,,,,,,,,*/təɾ̩fˈɔjə/,*/təɾ̩fˈil/,*/təɾ̩fˈuɾk/,,,,*/təɾ̩kulˠˈiɲ/,,,,,,,,,,,,,,,,,,,,,,,,,,,,,,,,,,,,,,,,*/vəɾ̩tˈɛt/,,,*/vəɾ̩ʃˈɔɲ/,,,,,,,*/vjˈɛtəɾ̩/,,,,,,,,,,,,*/vəˈɾ̩ɡəɾ/,,,*/vəɾ̩tˈyt/,,,,,,*/vˈitəɾ̩k/,,,,,,,
R514,,,,,,,,,*/ˈajəɾ/,,,,,,,*/cˈiftəɾ/,,,,,,,,,,,,,*/ˈəɲɟəlˠ/,*/ˈɛɲɟəlˠ/,,,,,,,,,,,,,,,,,,*/ˈaʃkəl/,,*/ˈaʃpəɾ/,,,,,,,*/bˈalt͡ʃəm/,,*/baɾˈatəɾ/,,,,,,,,,,,,,,,,,,,,,,,,,,,,,,,,*/dəpəɾtˈɔɲ/,,*/dəɾmˈɔɲ/,,,,,,,*/dəɾɡˈɔɲ/,,,,,,,,,,,,,,,,,,,,,,,,,,,,,,,,,,,,,,,,,,,,*/ʃpəɾlˈaɲ/,,,,,,,,,,,,,,,,,,,,,,,,,*/fəlcˈiɲə/,,,,,,,,,,,,,,,,,*/fəɲˈɛʃtəɾ/,,,,,,,*/fjˈɛʃtəɾ/,,,,,,,,,,,,,,,,,,,,,,,,,,*/fəɾɡˈɔɲ/,*/fəɾɡəlˠˈɔɲ/,*/fəɾkˈɔɲ/,,,,,,,,,,,,,,,,,,,,,,*/ɟˈɛʃtəɾ/,,,,,,,,,,,,,,,,,,,,,,,,*/hˈiŋɡəl/,,,,,,,,,,,,,*/mbəɾtˈɛʃə/,*/pəɾndˈɛʃə/,,*/pəɾndˈua̯ɾ/,,,*/mbɾˈɛtəɾ/,,,,,,,,,,,,,*/ndəɾtˈɔɲ/,,,,,,,,,,,,,,,,,,,,,,,*/ndəlɡˈɔɲ/,*/ndəɾɡˈɔɲ/,*/ndəɾ/,,,,,,,,,,,,,,,,,,,,,,,,*/ɡəlcˈɛɾɛ/,,,,,,,,,,,,,,,*/kˈandəɾ/,,,,,,,,,,*/cˈɛpəɾ/,,,*/kəɾpˈus/,,*/cəɾɲˈɔɲ/,,,,*/ɡəɾʃˈəɾə/,,,,,,,,,,,*/cˈɛndəɾ/,,,,,,,,*/ɡəɾʃˈɛdəɾ/,*/cəɾtˈɔɲ/,,,*/cˈicəɾ/,,,,*/cˈiŋɡəl/,*/kəɾkˈɔɲ/,*/kəɾcˈɛlə/,,,*/cˈitəɾ/,,,*/kəlɾˈɔɲ/,,,,,,*/kəlt͡ʃˈyɾə/,,,,,,,,,,,,,*/kulˠˈɔʃtəɾ/,,,,,,,,,,,,*/kˈumtəɾ/,,,,,,*/ɡuʃəɾtˈɔɲ/,,,,,*/kˈundəɾ/,,*/kundəɾʃtˈaɾ/,,,,,,,,,,,,,,,,,,,,,,,,,*/kɾˈɛzəm/,,,,*/kəɾʃtˈɛɾə/,*/kəɾʃəndˈɛl/,,,,,,,,,,*/kˈultəɾ/,,,,,,,,,,,,*/kərˈɛʒəm/,*/kˈɔdəɾ/,,,,,,,,,,*/cˈipəɾ/,,,,,,,,,,,,,,,,,,,,,,,,,,,*/lˈɛpəɾ/,,*/lˈibəɾ/,,,,,,,,,,,,,,*/lˈukəɾ/,,,,*/lˈundəɾ/,,,*/lˈyʃtəɾ/,*/mjˈɛʃtəɾ/,,,,,,,,,,,,,,,,,,,,,,,,,,*/məɾkˈɔʃ/,,*/məɾtˈɔɲ/,*/məɾtˈɔɲ/,*/məɾtˈɛsə/,,,,,*/məɾtˈi/,,,,,,,,,,,,*/məɡˈaʃtəɾ/,,,,,,,*/məɾzˈɛɲ/,,*/məɾɡˈɔɲ/,*/məɾcˈɛɾ/,*/məɾkˈuɾə/,,,*/məɾɡˈɔɲ/,,,,,,,,,,,,,,,,,,,,,,,,,,,,,*/məɾcˈiɲə/,,,,,,,,,,,,*/nˈɔʃtəɾ/,,,*/nˈuməɾ/,,,,*/ulˠˈaʃtəɾ/,*/vˈaʃtəɾ/,,,,,,,,,,,,,,,,,,,,,,,,,,,,,,,,,,,,,,,,,,,,,,,,,,,,,,*/pəɾ/,,,*/pəɾdəlˠˈɛɲ/,,*/pəɾpaɾˈɔɲ/,*/pəɾpaɾˈɔɲ/,*/pəɾɟəlˠˈɔɲ/,,,,*/pjˈɛtəɾ/,,,*/pəɾtˈɔɲ/,,,,,,,,,,,,,,,,*/pəlcˈɛɲ/,,,,*/pəlcˈi/,,,,,,,,,,,,,,,,,*/pˈɔʃtəɾ/,,,,,,,,*/pɾˈɛtəɾ/,,,,,,*/pɾˈɔʒəm/,,,,,,,,*/pˈulbəɾ/,,,,,,,,,,,,,,,,,,,,,,,,,,,,,,,,,,,,,,,,,,,,,,,,,,,,,,,,,,,,,,,,,,,*/ʃəlbˈɔɲ/,,*/ʃəɾbˈɛlə/,,,,,,,,,,,,,*/ʃəmˈitəɾ/,,,,,,*/ʃəɾmˈɛnd/,,,,,,,,*/ʃəɾtˈɔɲ/,*/ʃəɾbˈɛɲ/,*/ʃəɾbˈɛs/,*/ʃəɾbətˈua̯ɾ/,*/ʃəɾbətˈyɾə/,,,,,,,,*/ʃəmbəlˠtˈyɾə/,,,,,,,,,,,,,*/ʃkˈɔdəɾ/,,,,,,,,,,,,,,,,,,,,,*/ʃuɾtəlɟˈi/,,,,,,,,,,,,,,,,,,,,,,,,,,,,,,,,,,,,,,,,,,,,,,,,,,,*/tˈɛmpəɫ/,*/təmplˈa/,,,,*/təɾmˈɛt/,,,,,,,,,,,,,,,,,,,,,,,,,*/təɾfˈɔjə/,*/təɾfˈil/,*/təɾfˈuɾk/,,,,*/təɾkulˠˈiɲ/,,,,,,,,,,,,,,,,,,,,,,,,,,,,,,,,,,,,,,,,*/vəɾtˈɛt/,,,*/vəɾʃˈɔɲ/,,,,,,,*/vjˈɛtəɾ/,,,,,,,,,,,,*/vˈəɾɡəɾ/,,,*/vəɾtˈyt/,,,,,,*/vˈitəɾk/,,,,,,,
R515,,,,,,,,,,,*/t͡ʃmˈɔɲ/,,,,,,,,,,,,,,,,,,,,,,,,,,,,,,,,,,,,,,,,,,,,,,,,,,,,,,,,,,,,,,,,,,,,,,,,,,,,,,,,,,,,,,,,,,,,,,,,,,,,,,,,,,,,,,,,,,*/t͡ʃndɾˈɔɲ/,,,,,,,,,,,,,,,,,,,,,,,,,,,,,,,,,,,,,,,,,,,,,,,,,,,,,,,,,,,,,,,,,,,,,,,,,,,,,,,,,,,,,,,,,,,,,,,,,,,,,,,,,,,,,,,,,,,,,,,,,,,,,,,,,,,,,,,,,,,,,,,,,,,,,,,,,,,,,,,,,,,,,,,,,,,,,,,,,,,,,,,,,,,,,,,,,,,,,,,,,,,,,,,,,,,,,,,,,,,,,,,,,,,,,,,,,,,,,,,,,,,,,,,,,,,,,,,,,,,,,,,,,,,,,,,,,,,,,,,,,,,,,,,,,,,,,,,,,,,,,,,,,,,,,,,,,,,,,,,,,,,,,,,,,,,,,,,,,,,,,,,,,,,,,,,,,,,,,,,,,,,,,,,,,,,,,,,,,,,,,,,,,,,,,,,,,,,,,,,,,,,,,,,,,,,,,,,,,,,,,,,,,,,,,,,,,,,,,,,,,,,,,,,,,,,,,,,,,,,,,,,,,,,,,,,,,,,,,,,,,,,,,,,,,,,,,,,,,,,,,,,,,,,,,,,,,,,,,,,,,,,,,,,,,,,,,,,,,,,,,,,,,,,,,,,,,,,,,,,,,,,,,,,,,,,,,,,,,,,,,,,,,,,,,,,,,,,,,,,,,,,,,,,,,,,,,,,,,,,,,,,,,,,,,,,,,,,,,,,,,,,,,,,,,,,,,,,,,,,,,,,,,,,,,,,,,,,,,,,,,,,,,,,,,,,,,,,,,,,,,,,,,,,,,,,,,,,,,,,,,,,,,,,,,,,,,,,,,,,,,,,,,,,,,,,,,,,,,,,,,,,,,,,,,,,,,,,,,,,,,,,,,,,,,,,,,,,,,,,,,,,,,,,,,,,,,,,,,,,,,,,,,,,,,,,,,,,,,,,,,,,,,,,,,,,,,,,,,,,,,,,,,,,,,,,,,,,,,,,,,,,,,,,,,,,,,,,,,,,,,,,,,,,,,,,,,,,,,,,,,,,,,,,,,,,,,,,,,,,,,,,,,,,,,,,,,,,,,,,,,,,,,,,,,,,,,,,,,,,,,,,,,,,,,,,,,,
R516,,,,,,,,,,,,,,,,,,,,,,,,,,,,,,,,,,,,,,,,,,,,,,,,,,,,,,,,,,,,,,,,,,,,,,,,,,,,,,,,,,,,,,,,,,,,,,,,,,,,,,,,,,,,,,,,,,,,,,,,,,,,,,,,,,,,,,,,,,,,,,,,,,,,,,,,,,,,,,,,,,,,,,,,,,,,,,,,,,,,,,,,,,,,,,,,,,,,,,,,,,,,,,,,,,,,,,,,,,,,,,,,,,,,,,,,,,,,,,,,,,,,,,,,,,,,,,,,,,,,,,,,,,,,,,,,,,,,,,,,,,,,,,,,,,,,,,,,,,,,,,,,,,,,,,,,,,,,,,,,,,,,,,,,,,,,,,,,,,,,,,,,,,,,,,,,,,,,,,,,,,,,,,,,,,,,,,,,,,,,,,,,,,,,,,,,,,,,,,,,,,,,,,,,,,,,,,,,,,,,,,,,,,,,,,,,,,,,,,,,,,,,,,,,,,,,,,,,,,,,,,,,,,,,,,,,,,,,,,,,,,,,,,,,,,,,,,,,,,,,,,,,,,,,,,,,,,,,,,,,,,,,,,,,,,,,,,,,,,,,,,,,,,,,,,,,,,,,,,,,,,,,,,,,,,,,,,,,,,,,,,,,,,,,,,,,,,,,,,,,,,,,,,,,,,,,,,,,,,,,,,,,,,,,,,,,,,,,,,,,,,,,,,,,,,,,,,,,,,,,,,,,,,,,,,,,,,,,,,,,,,,,,,,,,,,,,,,,,,,,,,,,,,,,,,,,,,,,,,,,,,,,,,,,,,,,,,,,,,,,,,,,,,,,,,,,,,,,,,,,,,,,,,,,,,,,,,,,,,,,,,,,,,,,,,,,,,,,,,,,,,,,,,,,,,,,,,,,,,,,,,,,,,,,,,,,,,,,,,,,,,,,,,,,,,,,,,,,,,,,,,,,,,,,,,,,,,,,,,,,,,,,,,,,,,,,,,,,,,,,,,,,,,,,,,,,,,,,,,,,,,,,,,,,,,,,,,,,,,,,,,,,,,,,,,,,,,,,,,,,,,,,,,,,,,,,,,,,,,,,,,,,,,,,,,,,,,,,,,,,,,,,,,,,,,,,,,,,,,,,,,,,,,,,,,,,,,,,,,,,,,,,,,,,,,,,,,,,,,,,,,,,,,,,,,,,,,,,,,,,,,,,,,,,,,,,,,,,,,,,,,,,,,,,,,,,,,,,,,,
R517,,,,,,,,,,,,,,,,,,,,,,,,,,,,,,,,,,,,,,,,,,,,,,,,,,,,,,,,,,,,,,,,,,,,,,,,,,,,,,,,,,,,,,,,,,,,,,,,,,,,,,,,,,,,,,,,,,,,,,,,,,,,,,,,,,,,,,,,,,,,,,,,,,,,,,,,,,,,,,,,,,,,,,,,,,,,,,,,,,,,,,,,,,,,,,,,,,,,,,,,,,,,,,,,,,,,,,,,,,,,,,,,,,,,,,,,,,,,,,,,,,,,,,,,,,,,,,,,,,,,,,,,,,,,,,,,,,,,,,,,,*/pəɾnˈɛʃə/,,*/pəɾnˈua̯ɾ/,,,,,,,,,,,,,,,,,,,,,,,,,,,,,,,,,,,,,,,,,,,,,,,,,,,,,,,,,,,,,,,*/kalˠnˈua̯ɾ/,,,,,,,,,,,,,,,,,,,,,,,,,,,,,,,,,,,,,,,,,,,,,,,,,,,,,,,,,,,,,,,,,,,,,,,,,,,,,,,,,,,,,,,,,,,,,,,,,,,,,,,,,,,,,,,,,,,,,,,,,,,,,,,,,,,,,,,,,,,,,,,,,,,,,,,,,,,,,,,,,,,,,,,,,,,,,,,,,,,,,,,,,,,,,,,,,,,,,,,,,,,,,,,,,,,,,,,,,,,,,,,,,,,,,,,,,,,,,,,,,,,,,,,,,,,,,,,,,,,,,,,,,,,,,,,,,,,,,,,,,,,,,,,,,,,,,,,,,,,,,,,,,,,,,,,,,,,,,,,,,,,,,,,,,,,,,,,,,,,,,,,,,,,,,,,,,,,,,,,,,,,,,,,,,,,,,,,,,,,,,,,,,,,,,,,,,,,,,,,,,,,,,,,,,,,,,,,,,,,,,,,,,,,,,,,,,,,,,,,,,,,,,,,,,,,,,,,,,,,,,,,,,,,,,,,,,,,,,,,,,,,,,,,,,,,,,,,,,,,,,,,,,,,,,,,,,,,,,,,,,,,,,,,,,,,,,,,,,,,,,,,,,,,,,,,,,,,,,,,,,,,,,,,,,,,,,,,,,,,,,,,,,,,,,,,,,,,,,,,,,,,,,,,,,,,,,,,,,,,,,,,,,,,,,,,,,,,,,,,,,,,,,,,,,,,,,,,,,,,,,,,,,,,,,,,,,,,,,,,,,,,,,,,,,,,,,,,,,,,,,,,,,,,,,,,,,,,,,,,,,,,,,,,,,,,,,,,,,,,,,,,,,,,,,,,,,,,,,,,,,,,,,,,,,,,*/vulˠnˈɛt/,,
R518,,,,,,,,,,,,,,,,,,,,,,,,,,,,,,,,,,,,,,,,,,,,*/haɾməʃˈɔɾ/,,,,,,,,,,,,,,,,,,,,,,,,,,,,,,,,,,,,,,,,,,,,,,,,,,,,,,,,,,,,,,,,,,,,,,,,,,,,,,,,,,,,,,,,,,,,,,,,,,,,,,,,,,,,,,,,,,,,,,,,,,,,,,,,,,,,,,,,,,,,,,,,,,,,,,,,,,,,,,,,,,,,,,,,,,,,,,,,,,,,,,,,,,,,,,,,,,,,,,,,,,,,,,,,,,,,,,,,,,,,,,,,,,,,,,,,,,,,,,,*/pəɾnˈɔɾ/,,,,,,,,,,,,,,,,,,,,,,,,,,,,,,,,,,,,,,,,,,,,,,,,,,,,,,,,,,,,,,,*/kalˠnˈɔɾ/,,,,,,,,,,,,,,,,,,,,,,,,,,,,,,,,,,,,,,,,,,,,,,,,,,,*/cɛɾʃˈɔɾ/,,,,,,,,,,,,,,,,,,,,,,,,,,,,,,,,,,,,,,,,,,,,,,,,,,,,,,,,,,,,,,,,,,,,,,,,,,,,,,,,,,,,,,,,,,,,,,,,,,,,,,,,,,,,,,,,,,,,,,,,,,,,,,,,,,,,,,,,,,,,,,,,,,,,,,,,,,,,,,,,,,,,,,,,,,,,,,,,,,,,,,,,,,,,,,,,,,,,,,,,,,,,,,,,,,,,,,,,,,,,,,,,,,,,,,,,,,,,,,,,,,,,,,,,,,,,,,,,,,,,,,,,,,,,,,,,,,,,,,,,,,,,,,,,,,,,,,,,,,,,,,,,,,,,,,,,,,,,,,,,,,,,,,,,,,,,,,,,,,,,,,,,,,,,,,,,,,,,,,,,,,,,,,,,,,,,,,,,,,,,,,,,,,,,,,,,,,,,,,,,,,,,,,,,,,,,,,,,,,,,,,,,,,,,,,,,,,,,,,,,,,,,,,,,,,,,,,,,,,,,,,,,,,,,,,,,,,,,,,,,,,,,,,,,,,,,,,,,,,,,,,*/ʃɛlcəɾˈɔɾ/,,,,,,,,,,,,*/ʃəɾbətˈɔɾ/,,,,,,,,,,,,,,,,,,,,,,,,,,,,,,,,,,,,,,,,,,,,,,,,,,,,,,,,,,,,,,,,,,,,,,,,,,,,,,,,,,,,,,,,,,,,,,,,,,,,,,,,,,,,,,,,,,,,,,,,,,,,,,,,,,,,,,,,,,,,,,,,,,,,,,,,,,,,,,,,,,,,,,,,,,,,,,,,,,,,,,,,,,,,,,,,,,,,,,,,,,,,,,,,
R519,,,,,,,,,,,,,,,,,,,,,,,,,,,,,,,,,,,,,,,,,,,,,,,,,,,,,,,,,,,,,,,,,,,,,,,,,,,,,,,,,,,,,,,,,,,,,,,,,,,,,,,,,,,,,,,,,,,,,,,,,,,,,,,,,,,,,,,,,,,,,,,,,,,,,,,,,,,,,,,,,*/ˈye̯ɲ/,,,,,,,,,,,,,,,,,,,,,,,,,,,,,,,,,,,,,,,,,,,,,,,,,,,,,,,,,,,,,,,,,,,,,,,,,,,,,,,,,,,,,,,,,,,,,,,,,,,,,,,,,,,,,,,,,,,,,,,,,,,,,,,,,,,,,,,,,,,,,,,,,,,,,,,,,,,,,,,,,,,,,,,,,,,,,,,,,,,,,,,,,,,,,,,,,,,,,,,,,,,,,,,,,,,,,,,,,,,,,,,,,,,,,,,,,,,,,,,,,,,,,,,,,,,,,,,,,,,,,,,,,,,,,,,,,,,,,,,,,,,,,,,,,,,,,,,,,,,,,,,,,,,,*/kurˈik/,,,,,,,,,,,,,,,,,,,,,,,,,,,,,,,,,,,,,,,,,,,,,,,,,,,,,,,,,,,,,,,,,,,,,,,,,,,,,,,,,,,,,,,,,,,,,,,,,,,,,,,,,,,,,,,,,,,,,,,,,,,,,,,,,,,,,,,,,,,,,,,,,,,,,,,,,,,,,,,,,,,,,,,,,,,,,,,,,,,,,,,,,,,,,,,,,,,,,,,,,,,,,,,,,,,,,,,,,,,,,,,,,,,,,,,,,,,,,,,,,,,,,,,,,,,,,,,,,,*/pˈykə/,,,,,,,,,,,,,,,,,,,,,,,,,,,,,,,,,,,,,,,,,,,,,,,,,,,,,,,,,,,,,,,,,,,,,,,,,,,,,,,,,,,,,,,,,,,,,,,*/rˈikə/,,,,,,,,,,,,,,,,,,,,,,,,,,,,,,,,,,,,,,,,,,,,,,,,,,,,,,,,,,,,,,,,,,,,,,,,,,,,,,,,,,,,,,,,,,,,,,,,,,,,,,,,,,,,,,,,,,,,,,,,,,,,,,,,,,,,,,,,,,,,,,,,,,,,,,,,,,,,,,,,,,,,,,,,,,,,,,,,,,,,,,,,,,,,,,,,,,,,,,,,,,,,,,,,,,,,,,,,,,,,,,,,,,,,,,,,,,,,,,,,,,,,,,,,,,,,,,,,,,,,,,,,,,,,,,,,,,,,,,,,,,,,,,,,,,,,,,,,,
R520,*/havərˈɔj/,,,*/blˈɛj/,,,*/aðuɾˈɔj/,*/aðəɾˈɔj/,,,*/t͡ʃmˈɔj/,,,,,,,,,,,,,*/mbulˠˈɔj/,,,,,,,,,*/ŋɡuʃtˈɔj/,,,,,,,,,,,,,,,,,,,,,,,,,,,,,,,*/bɛnkˈɔj/,,,,,,,,,,,,,,,,,,,*/dənˈɔj/,,*/dɛtˈɔj/,,,,*/dəliɾˈɔj/,*/dəkatˈɔj/,*/dəpəɾtˈɔj/,*/dəʃtˈɔj/,*/dəɾmˈɔj/,*/dəʃiɾˈɔj/,,,,*/dəftˈɔj/,,*/dəɾɡˈɔj/,,,*/ʃkalkˈɔj/,*/ʃkaɾkˈɔj/,,*/ʃcyɾtˈɔj/,*/zbulˈɔj/,*/muʃtəkˈɔj/,,*/ðuɾˈɔj/,,,,,,*/dulpəkˈɔj/,*/duɾˈɔj/,*/hɛtˈɔj/,,,,*/ʃəmtˈɔj/,*/ʃəmˈɔj/,,*/t͡ʃndɾˈɔj/,*/ʃˈɛj/,*/ʃkalkˈɔj/,*/ʃkalˠˈɔj/,*/ʃkəmbˈɛj/,*/ʃkəndˈɛj/,*/ʃkaɾzˈɛj/,*/ʃkaɾtˈɔj/,*/ʃkatərˈɔj/,*/ʃkaɡˈɔj/,,,*/ʃkuɾtˈɔj/,,,,*/ʃpətˈɔj/,,*/ʃpəlˈaj/,*/ʃpəɾlˈaj/,*/hɛɾmˈɔj/,*/ʃtəɾˈɔj/,,*/ʃuŋɡulˠˈɔj/,*/zɟəlˠˈɔj/,,,,,,*/riɡˈɔj/,,,,,,*/ˈye̯j/,,*/faɾkˈɔj/,,*/fjˈɛj/,*/flˈɛj/,,*/fˈye̯j/,,,,,,,,,*/fərˈɔj/,,,,,,,,,,,,*/fjˈɔj/,,,,,,,,,*/fiʃtəlˠˈɔj/,,,,,,,*/flutulˠˈɔj/,,,,,,,,,,,,,,*/fəɾɡˈɔj/,*/fəɾɡəlˠˈɔj/,*/fəɾkˈɔj/,,,,,,,,,,,,,,,,,,,,*/ɟəmˈɔj/,,,,,,,,,,,,,,,*/ɡɾumbulˠˈɔj/,,,,,,,,,,,,*/ŋɡulˠˈɔj/,*/ɾənd͡zˈɔj/,,*/urˈɛj/,,,*/ɟəɾˈɔj/,,,,,*/mbɾˈɔj/,,,,,,,,*/mbləndˈɔj/,*/mblˈɔj/,,,*/nalt͡sˈɔj/,,*/naɾtˈɔj/,,*/dəʃkˈɔj/,*/ndikˈɔj/,*/dəkˈɔj/,*/dəftˈɔj/,*/ndəɾtˈɔj/,,*/ndəjˈɛj/,*/fəʃcˈɔj/,,*/ŋɡəɲˈɛj/,,,*/ŋɡalkˈɔj/,*/ŋɡaɾkˈɔj/,*/ŋɡaʃəɾˈɛj/,*/ɲɟəɾˈɔj/,*/ŋɡuʃəlˠˈɔj/,,,,*/ŋɡuɲˈɔj/,,,,*/məʃˈɔj/,,,*/ndəlɡˈɔj/,*/ndəɾɡˈɔj/,,*/ɲɟˈye̯j/,,,*/md͡zˈɔj/,*/ftˈɔj/,*/məsˈɔj/,,,,*/ɟykˈɔj/,,,,,*/ɟəɾˈɔj/,,,,,,,,,,,,*/kəmbˈɛj/,,,,,,,,,,,*/kəndˈɔj/,,,,,,,*/kafʃˈɔj/,,,,,,,,,*/cəɾɲˈɔj/,,,*/kariklˠˈɔj/,,,,,,,,,,,,,*/cɛndɾˈɔj/,,,,,,,,*/cəɾtˈɔj/,*/cˈɔj/,,,,,,,*/kəɾkˈɔj/,,,,,,*/cəmˈɔj/,*/kəlɾˈɔj/,,,,,,,,,*/kumtˈɔj/,*/kujtˈɔj/,,,,*/kulˠˈɔj/,,*/ɡulcˈɔj/,*/ɡultˈɔj/,*/ɡulmtˈɔj/,,,,,,,,,,,,*/kuŋɡˈɔj/,,*/kuptˈɔj/,*/kuptˈɔj/,,,,*/ɡuʃəɾtˈɔj/,,*/kuʃtˈɔj/,,*/kutəndˈɔj/,,,,,*/kuvəndˈɔj/,,,,,,,,,,,,,,,,*/ftˈɔj/,*/ɡud͡zˈɔj/,,*/kɾijˈɔj/,,,,,*/kɾɛzmˈɔj/,,,,,,,,,,,,,,,,,,,*/kuɲˈɔj/,*/kundˈɔj/,,,*/cəɾˈɔj/,*/kuɾsˈɛj/,,,,*/cəɾˈɔj/,,,,,,,,,,*/ləvɾˈɔj/,,,,*/ləʃˈɔj/,,*/ləŋɡˈɔj/,,,,,,,,,*/lˈaj/,,*/ləvdˈɔj/,,,,,*/ləndˈɔj/,,,,,,,*/liɾˈɔj/,,,,,*/ləmˈɔj/,,,,,,*/lˈua̯j/,,,,*/luftˈɔj/,,,,,,,,*/maʃtɾˈɔj/,,,,*/malˠkˈɔj/,,,,,*/malt͡sˈɔj/,*/malˠəɲɟˈɛj/,,*/minˈɔj/,,*/məŋɡˈɔj/,*/mbulˠˈɔj/,,,,*/məŋɡˈɔj/,,,,,,,*/məɾtˈɔj/,*/məɾtˈɔj/,,,,,,,,,,,,*/məʃtəkˈɔj/,,,,,*/məkˈɔj/,,,*/mtˈɔj/,,,,,*/məɾzˈɛj/,,*/məɾɡˈɔj/,,,,,*/məɾɡˈɔj/,,*/maɾʃtˈɔj/,,*/mɾɛklˠˈɔj/,*/mɾˈɛj/,,,,,,,,,,,,,,,*/mujkˈɔj/,,*/muɾmuɾˈɔj/,,,,,,,,,,,,,,,,*/nəmɾˈɔj/,,*/nɔtˈɔj/,,,*/numbɾˈɔj/,,,,,,,,,,*/uɾˈɔj/,,*/uɾðəɾˈɔj/,,,,,*/uʃtˈɔj/,,,,*/palˠˈɔj/,,*/pɛndˈɛj/,,,,*/paɡˈua̯j/,,,,,*/pajtˈɔj/,,,,,,*/pɾˈɔj/,*/pɾˈɔj/,*/paɾəndˈɔj/,,,,,,,*/pəsˈɔj/,,,,*/palˠˈɔj/,,,,,,,*/pəʃˈɔj/,,,,,*/pəɾdəlˠˈɛj/,*/ndəlˠˈɛj/,*/pəɾpaɾˈɔj/,*/pəɾpaɾˈɔj/,*/pəɾɟəlˠˈɔj/,*/pəʃkˈɔj/,,,,,,*/pəɾtˈɔj/,,,,,,,,,,,,,,,,*/pəlcˈɛj/,,,,,,,,,,,,,,,,,,,*/puʃˈɔj/,,,*/puʃtˈɔj/,,,,,*/pɾˈua̯j/,,,,,*/pɾivˈɔj/,*/pɾɔðˈɔj/,*/pɾˈua̯j/,,*/pɾɔʒmˈɔj/,*/pɾəmɛtˈɔj/,,,,,,,,,,,,,*/rˈua̯j/,,,,,,,,,,,,,*/rəfˈɛj/,,,,,*/rəndˈɛj/,,*/riʒɡˈɔj/,,,,*/ɾiɡˈɔj/,,*/ɾəmˈɔj/,,,,,,,,,,,,,*/rənˈɔj/,*/ruŋɡˈɔj/,,,*/rumbˈɛj/,,,,,,*/ʃətˈɔj/,*/ʃajtˈɔj/,,,*/ʃkɾˈɔj/,,,,,,,*/ʃəlbˈɔj/,,,*/ʃəɾˈɔj/,,,,,,,,,,,,,,*/ʃapˈɔj/,,,,,,,*/ʃikˈɔj/,,,,,*/ʃəɾtˈɔj/,*/ʃəɾbˈɛj/,,,,,*/ʃənˈɔj/,,,,,*/ʃəmbəlˠˈɛj/,,,,,,,,,,,,,,,,,,,,*/ʃkɾˈua̯j/,,,,,,,,,,,,,,,,,,,*/ʃpɾˈɛj/,,,,,,,,,,,,,,,,,,*/ʃtɾəŋɡˈɔj/,,*/ʃtupˈɔj/,,,*/ʃˈua̯j/,,,*/ʃuɾukˈɔj/,,*/ʃufəɾˈɛj/,,*/ʃujtˈɔj/,,,,,,,,*/tatˈɔj/,,,,,,,,,,,,,,,,,*/dəʃmˈɔj/,,,,,,,,*/tukˈɔj/,,,,,,*/tɾˈua̯j/,,*/tɾajtˈɔj/,,*/tɾaʃflˈɔj/,*/tɾaʃəɡˈɔj/,,*/tɾazməzˈɔj/,,,,,,,,,,*/tɾuʃcˈye̯j/,,*/tuɾsˈɛj/,,,,,,,*/tuɾbˈɔj/,*/tuɾbulˠˈɔj/,,,,,,,*/uŋɡˈɔj/,,,,,*/vəɡˈɔj/,,*/vlˈɛj/,*/vjˈɛj/,*/vˈye̯j/,,,,,,,,*/vˈɛj/,*/ftilˠˈɔj/,,,,,*/vəɾʃˈɔj/,*/vəʃcˈɛj/,,,,*/vəʒɡˈɔj/,,,,,,,,,,,,,,,,,,*/vəʃtˈɔj/,,,,,,,*/vˈua̯j/,,,,,
R521,,,,,,,,,,,,,,,,,,,,,,,,,,,,,,,,,,,,,,,,,,,,,*/arˈij/,,,,,,,,,,,,,,,,,,,,,,,,,,,,,,,,,,,,,,,,,,,,,,,,,,,,,,,,,,,,,,,,,,,,,,,,,,,,,,,,,,,,,,,,,,,,,,,,,,,,,,,,,,,,,,,,,,,,,,,,,,,,,,,,,,,,,,,,,,,,,,,,,,,,,,,,,,,,,,,,,,,,,,,,,,,,,,,,,,,,,,,,,,,,,,,,,,,,,,,,,,,,,,,,,,,,,,,,,,,,,,,,,,,,,,,,,,,,,,,,,,,,,,,,,,,,,,,,,,,,,,,,,,,,,,,,,,,,,,,,,,,,,,,,,,,,,,,,,,,,,,,,,,,,,,,,,,,,,,,,,,,,,,,,,,,,,,,,,,,,,,,,,,,,,,,,,,,,,,,,,,,,,,,,,,,,,,,,,,,,,,,,,*/cˈij/,,,,,,,,,,,,,,,,,,,,,,*/kufˈij/,,,,,,,,,,,,,,,,,,,,,,,,,,,,,,,,,,,,,,,,,,,,,,,,,,,,,,,,,,,,,,,,,,,,,,,,,,,,,,,,,,,,,,,,,,,,,,,,,,,,,,,,,,,,,,,,,,,,,,,,,,,,,,,,,,,,,,,,,,,,,,,,,,,,,,,,,,,,,,,,,,,,,,,,,,,,,,,,,,,,,,,,,,,,,,,,,,,,,,,,,,,,,,,,,,,,,,,,,,,,,,,,,,,,,,,,,,,,,,,,,,,,,,,,,,,,,,,,,,,,,,,,,,,,,,,,,,,,,,,,,,,,,,,,,,,,,,,,,,,,,,,,,,,,,,,,,,,,,,,,,,,,,,,,,,,,,,,,,,,,,,,,,*/pɾˈij/,,,,,,,,,,,,,,,,,,,,,,,,,,,,,,,,,,,,,,,,,,,,,,,,,,,,,,,,,,,,,,,,,,,,,,,,,,,,,,,,,*/ʃəlˠˈij/,,,,,,,,,,,,,,,,,,,,,,,,,,,,,,,,,,,,,,,,,,,,,,,,,,,,,,,,,,,,,,,,,,,,,,,,,,,,,,,,,,,,,,,,,,,,,,,,,,,,,,,,,,,,,,,,,,,,,,,,,,,,,,,,,,,,,,,,,,,,,,,,,,,,,,,,,,,,,,,,,,,*/təɾkulˠˈij/,,,,,,,,,,,,,,,,,,,,,,,*/uɾəlˈij/,,,,,,,,,,,,,,,,,,,,,,,,,,,,,,,,,,,,,,,,,,,,,,,,,,,,,,,
R522,,,,,,,,,,,,,,,,,,,,,,,,,,,,,,,,,,,,,,,,,,,,,,,,,,,,,,,,,,,,,,,,,,,,,,,,,,,,,,,,,,,,,,,,,,,,,,,,,,,,,,,,,,,,,,,,,,,,,,,,,,,,,,,,,,,,,,,,,,,,,,,,,,,,,,,,,,,,,,,,,,,,,,,,,,,,,,,,,,,,,,,,,,,,,,,,,,,,,,,,,,,,,,,,,,,,,,,,,,,,,,,,,,,,,,,,,,,,,,,,,,,,,,,,,,,,,,,,,,,,,,,,,,,,,,,,,,,,,,,,,,,,,,,,,,,,,,,,,,,,,,,,,,,,,,,,,,,,,,,,,,,,,,,,,,,,,,,,,,,,,,,,,,,,,,,,,,,,,,,,,,,,,,,,,,,,,,,,,,,,,,,,,,,,,,,,,,,,,,,,,,,,,,,,,,,,,,,,,,,,,,,,,,,,,,,,,,,,,,,,,,,,,,,,,,,,,,,,,,,,,,,,,,,,,,,,,,,,,,,,,,,,,,,,,,,,,,,,,,,,,,,,,,,,,,,,,,,,,,,,,,,,,,,,,,,,,,,,,,,,,,,,,,,,,,,,,,,,,,,,,,,,,,,,,,,,,,,,,,,,,,,,,,,,,,,,,,,,,,,,,,,,,,,,,,,,,,,,,,,,,,,,,,,,,,,,,,,,,,,,,,,,,,,,,,,,,,,,,,,,,,,,,,,,,,,,,,,,,,,,,,,,,,,,,,,,,,,,,,,,,,,,,,,,,,,,,,,,,,,,,,,,,,,,,,,,,,,,,,,,,,,,,,,,,,,,,,,,,,,,,,,,,,,,,,,,,,,,,,,,,,,,,,,,,,,,,,,,,,,,,,,,,,,,,,,,,,,,,,,,,,,,,,,,,,,,,,,,,,,,,,,,,,,,,,,,,,,,,,,,,,,,,,,,,,,,,,,,,,,,,,,,,,,,,,,,,,,,,,,,,,,,,,,,,,,,,,,,,,,,,,,,,,,,,,,,,,,,,,,,,,*/scˈyt/,,,,,,,,,,,,,,,,,,,,,,,,,,,,,,,,,,,,,,,,,,,,,,,,,,,,,,,,,,,,,,,,,,,,,,,,,,,,,,,,,,,,,,,,,,,,,,,,,,,,,,,,,,,,,,,,,,,,,,,,,,,,,,,,,,,,,,,,,,,,,,,,,,,,,,,,,,,,,,,,,,,,,,,,,,,,,,,,,
