INPUT,{ABSENT},{ABSENT},{ABSENT},{ABSENT},{ABSENT},{ABSENT},{ABSENT},{ABSENT},{ABSENT},{ABSENT},{ABSENT},{ABSENT},{ABSENT},{ABSENT},{ABSENT},{ABSENT},{ABSENT},{ABSENT},{ABSENT},{ABSENT},{ABSENT},{ABSENT},{ABSENT},{ABSENT},{ABSENT},{ABSENT},{ABSENT},{ABSENT},{ABSENT},{ABSENT},{ABSENT},{ABSENT},{ABSENT},{ABSENT},{ABSENT},{ABSENT},{ABSENT},{ABSENT},{ABSENT},{ABSENT},{ABSENT},{ABSENT},{ABSENT},{ABSENT},{ABSENT},{ABSENT},{ABSENT},{ABSENT},{ABSENT},{ABSENT},{ABSENT},{ABSENT},{ABSENT},{ABSENT},{ABSENT},{ABSENT},{ABSENT},{ABSENT},{ABSENT},{ABSENT},{ABSENT},{ABSENT},{ABSENT},{ABSENT},{ABSENT},{ABSENT},{ABSENT},{ABSENT},{ABSENT},{ABSENT},{ABSENT},{ABSENT},{ABSENT},{ABSENT},{ABSENT},{ABSENT},{ABSENT},{ABSENT},{ABSENT},{ABSENT},{ABSENT},{ABSENT},{ABSENT},{ABSENT},{ABSENT},{ABSENT},{ABSENT},{ABSENT},{ABSENT},{ABSENT},{ABSENT},{ABSENT},{ABSENT},{ABSENT},{ABSENT},{ABSENT},{ABSENT},{ABSENT},{ABSENT},{ABSENT},{ABSENT},{ABSENT},{ABSENT},{ABSENT},{ABSENT},{ABSENT},{ABSENT},{ABSENT},{ABSENT},{ABSENT},{ABSENT},{ABSENT},{ABSENT},{ABSENT},{ABSENT},{ABSENT},{ABSENT},{ABSENT},{ABSENT},{ABSENT},{ABSENT},{ABSENT},{ABSENT},{ABSENT},{ABSENT},{ABSENT},{ABSENT},{ABSENT},{ABSENT},{ABSENT},{ABSENT},{ABSENT},{ABSENT},{ABSENT},{ABSENT},{ABSENT},{ABSENT},{ABSENT},{ABSENT},{ABSENT},{ABSENT},{ABSENT},{ABSENT},{ABSENT},{ABSENT},{ABSENT},{ABSENT},{ABSENT},{ABSENT},{ABSENT},{ABSENT},{ABSENT},{ABSENT},{ABSENT},{ABSENT},{ABSENT},{ABSENT},{ABSENT},{ABSENT},{ABSENT},{ABSENT},{ABSENT},{ABSENT},{ABSENT},{ABSENT},{ABSENT},{ABSENT},{ABSENT},{ABSENT},{ABSENT},{ABSENT},{ABSENT},{ABSENT},{ABSENT},{ABSENT},{ABSENT},{ABSENT},{ABSENT},{ABSENT},{ABSENT},{ABSENT},{ABSENT},{ABSENT},{ABSENT},{ABSENT},{ABSENT},{ABSENT},{ABSENT},{ABSENT},{ABSENT},{ABSENT},{ABSENT},{ABSENT},{ABSENT},{ABSENT},{ABSENT},{ABSENT},{ABSENT},{ABSENT},{ABSENT},{ABSENT},{ABSENT},{ABSENT},{ABSENT},{ABSENT},{ABSENT},{ABSENT},{ABSENT},{ABSENT},{ABSENT},{ABSENT},{ABSENT},{ABSENT},{ABSENT},{ABSENT},{ABSENT},{ABSENT},{ABSENT},{ABSENT},{ABSENT},{ABSENT},{ABSENT},{ABSENT},{ABSENT},{ABSENT},{ABSENT},{ABSENT},{ABSENT},{ABSENT},{ABSENT},{ABSENT},{ABSENT},{ABSENT},{ABSENT},{ABSENT},{ABSENT},{ABSENT},{ABSENT},{ABSENT},{ABSENT},{ABSENT},{ABSENT},{ABSENT},{ABSENT},{ABSENT},{ABSENT},{ABSENT},{ABSENT},{ABSENT},{ABSENT},{ABSENT},{ABSENT},{ABSENT},{ABSENT},{ABSENT},{ABSENT},{ABSENT},{ABSENT},{ABSENT},{ABSENT},{ABSENT},{ABSENT},{ABSENT},{ABSENT},{ABSENT},{ABSENT},{ABSENT},{ABSENT},{ABSENT},{ABSENT},{ABSENT},{ABSENT},{ABSENT},{ABSENT},{ABSENT},{ABSENT},{ABSENT},{ABSENT},{ABSENT},{ABSENT},{ABSENT},{ABSENT},{ABSENT},{ABSENT},{ABSENT},{ABSENT},{ABSENT},{ABSENT},{ABSENT},{ABSENT},{ABSENT},{ABSENT},{ABSENT},{ABSENT},{ABSENT},{ABSENT},{ABSENT},{ABSENT},{ABSENT},{ABSENT},{ABSENT},{ABSENT},{ABSENT},{ABSENT},{ABSENT},{ABSENT},{ABSENT},{ABSENT},{ABSENT},{ABSENT},{ABSENT},{ABSENT},{ABSENT},{ABSENT},{ABSENT},{ABSENT},{ABSENT},{ABSENT},{ABSENT},{ABSENT},{ABSENT},{ABSENT},{ABSENT},{ABSENT},{ABSENT},{ABSENT},{ABSENT},{ABSENT},{ABSENT},{ABSENT},{ABSENT},{ABSENT},{ABSENT},{ABSENT},{ABSENT},{ABSENT},{ABSENT},{ABSENT},{ABSENT},{ABSENT},{ABSENT},{ABSENT},{ABSENT},{ABSENT},{ABSENT},{ABSENT},{ABSENT},{ABSENT},{ABSENT},{ABSENT},{ABSENT},{ABSENT},{ABSENT},{ABSENT},{ABSENT},{ABSENT},{ABSENT},{ABSENT},{ABSENT},{ABSENT},{ABSENT},{ABSENT},{ABSENT},{ABSENT},{ABSENT},{ABSENT},{ABSENT},{ABSENT},{ABSENT},{ABSENT},{ABSENT},{ABSENT},{ABSENT},{ABSENT},{ABSENT},{ABSENT},{ABSENT},{ABSENT},{ABSENT},{ABSENT},{ABSENT},{ABSENT},{ABSENT},{ABSENT},{ABSENT},{ABSENT},{ABSENT},{ABSENT},{ABSENT},{ABSENT},{ABSENT},{ABSENT},{ABSENT},{ABSENT},{ABSENT},{ABSENT},{ABSENT},{ABSENT},{ABSENT},{ABSENT},{ABSENT},{ABSENT},{ABSENT},{ABSENT},{ABSENT},{ABSENT},{ABSENT},{ABSENT},{ABSENT},{ABSENT},{ABSENT},{ABSENT},{ABSENT},{ABSENT},{ABSENT},{ABSENT},{ABSENT},{ABSENT},{ABSENT},{ABSENT},{ABSENT},{ABSENT},{ABSENT},{ABSENT},{ABSENT},{ABSENT},{ABSENT},{ABSENT},{ABSENT},{ABSENT},{ABSENT},{ABSENT},{ABSENT},{ABSENT},{ABSENT},{ABSENT},{ABSENT},{ABSENT},{ABSENT},{ABSENT},{ABSENT},{ABSENT},{ABSENT},{ABSENT},{ABSENT},{ABSENT},{ABSENT},{ABSENT},{ABSENT},{ABSENT},{ABSENT},{ABSENT},{ABSENT},{ABSENT},{ABSENT},{ABSENT},{ABSENT},{ABSENT},{ABSENT},{ABSENT},{ABSENT},{ABSENT},{ABSENT},{ABSENT},{ABSENT},{ABSENT},{ABSENT},{ABSENT},{ABSENT},{ABSENT},{ABSENT},{ABSENT},{ABSENT},{ABSENT},{ABSENT},{ABSENT},{ABSENT},{ABSENT},{ABSENT},{ABSENT},{ABSENT},{ABSENT},{ABSENT},{ABSENT},{ABSENT},{ABSENT},{ABSENT},{ABSENT},{ABSENT},{ABSENT},{ABSENT},{ABSENT},{ABSENT},{ABSENT},{ABSENT},{ABSENT},{ABSENT},{ABSENT},{ABSENT},{ABSENT},{ABSENT},{ABSENT},{ABSENT},{ABSENT},{ABSENT},{ABSENT},{ABSENT},{ABSENT}
R0,,,,,,,,,,,,,,,,,,,,,,,,,,,,,,,,,,,,,,,,,,,,,,,,,,,,,,,,,,,,,,,,,,,,,,,,,,,,,,,,,,,,,,,,,,,,,,,,,,,,,,,,,,,,,,,,,,,,,,,,,,,,,,,,,,,,,,,,,,,,,,,,,,,,,,,,,,,,,,,,,,,,,,,,,,,,,,,,,,,,,,,,,,,,,,,,,,,,,,,,,,,,,,,,,,,,,,,,,,,,,,,,,,,,,,,,,,,,,,,,,,,,,,,,,,,,,,,,,,,,,,,,,,,,,,,,,,,,,,,,,,,,,,,,,,,,,,,,,,,,,,,,,,,,,,,,,,,,,,,,,,,,,,,,,,,,,,,,,,,,,,,,,,,,,,,,,,,,,,,,,,,,,,,,,,,,,,,,,,,,,,,,,,,,,,,,,,,,,,,,,,,,,,,,,,,,,,,,,,,,,,,,,,,,,,,,,,,,,,,,,,,,,,,,,,,,,,,,,,,,,,,,,,,,,,,,,,,,,,,,,,,,,,,,,,,,,,,,,,,,,,,,,,,,
R1,,,,,,,,,,,,,,,,,,,,,,,,,,,,,,,,,,,,,,,,,,,,,,,,,,,,,,,,,,,,,,,,,,,,,,,,,,,,,,,,,,,,,,,,,,,,,,,,,,,,,,,,,,,,,,,,,,,,,,,,,,,,,,,,,,,,,,,,,,,,,,,,,,,,,,,,,,,,,,,,,,,,,,,,,,,,,,,,,,,,,,,,,,,,,,,,,,,,,,,,,,,,,,,,,,,,,,,,,,,,,,,,,,,,,,,,,,,,,,,,,,,,,,,,,,,,,,,,,,,,,,,,,,,,,,,,,,,,,,,,,,,,,,,,,,,,,,,,,,,,,,,,,,,,,,,,,,,,,,,,,,,,,,,,,,,,,,,,,,,,,,,,,,,,,,,,,,,,,,,,,,,,,,,,,,,,,,,,,,,,,,,,,,,,,,,,,,,,,,,,,,,,,,,,,,,,,,,,,,,,,,,,,,,,,,,,,,,,,,,,,,,,,,,,,,,,,,,,,,,,,,,,,,,,,,,,,,,,,,,,,,,,,,,,,,,,,,,,,,,,,,,,,,,,
R2,,,,,,,,,,,,,,,,,,,,,,,,,,,,,,,,,,,,,,,,,,,,,,,,,,,,,,,,,,,,,,,,,,,,,,,,,,,,,,,,,,,,,,,,,,,,,,,,,,,,,,,,,,,,,,,,,,,,,,,,,,,,,,,,,,,,,,,,,,,,,,,,,,,,,,,,,,,,,,,,,,,,,,,,,,,,,,,,,,,,,,,,,,,,,,,,,,,,,,,,,,,,,,,,,,,,,,,,,,,,,,,,,,,,,,,,,,,,,,,,,,,,,,,,,,,,,,,,,,,,,,,,,,,,,,,,,,,,,,,,,,,,,,,,,,,,,,,,,,,,,,,,,,,,,,,,,,,,,,,,,,,,,,,,,,,,,,,,,,,,,,,,,,,,,,,,,,,,,,,,,,,,,,,,,,,,,,,,,,,,,,,,,,,,,,,,,,,,,,,,,,,,,,,,,,,,,,,,,,,,,,,,,,,,,,,,,,,,,,,,,,,,,,,,,,,,,,,,,,,,,,,,,,,,,,,,,,,,,,,,,,,,,,,,,,,,,,,,,,,,,,,,,,,,
R3,,,,,,,,,,,,,,,,,,,,,,,,,,,,,,,,,,,,,,,,,,,,,,,,,,,,,,,,,,,,,,,,,,,,,,,,,,,,,,,,,,,,,,,,,,,,,,,,,,,,,,,,,,,,,,,,,,,,,,,,,,,,,,,,,,,,,,,,,,,,,,,,,,,,,,,,,,,,,,,,,,,,,,,,,,,,,,,,,,,,,,,,,,,,,,,,,,,,,,,,,,,,,,,,,,,,,,,,,,,,,,,,,,,,,,,,,,,,,,,,,,,,,,,,,,,,,,,,,,,,,,,,,,,,,,,,,,,,,,,,,,,,,,,,,,,,,,,,,,,,,,,,,,,,,,,,,,,,,,,,,,,,,,,,,,,,,,,,,,,,,,,,,,,,,,,,,,,,,,,,,,,,,,,,,,,,,,,,,,,,,,,,,,,,,,,,,,,,,,,,,,,,,,,,,,,,,,,,,,,,,,,,,,,,,,,,,,,,,,,,,,,,,,,,,,,,,,,,,,,,,,,,,,,,,,,,,,,,,,,,,,,,,,,,,,,,,,,,,,,,,,,,,,,,
R4,,,,,,,,,,,,,,,,,,,,,,,,,,,,,,,,,,,,,,,,,,,,,,,,,,,,,,,,,,,,,,,,,,,,,,,,,,,,,,,,,,,,,,,,,,,,,,,,,,,,,,,,,,,,,,,,,,,,,,,,,,,,,,,,,,,,,,,,,,,,,,,,,,,,,,,,,,,,,,,,,,,,,,,,,,,,,,,,,,,,,,,,,,,,,,,,,,,,,,,,,,,,,,,,,,,,,,,,,,,,,,,,,,,,,,,,,,,,,,,,,,,,,,,,,,,,,,,,,,,,,,,,,,,,,,,,,,,,,,,,,,,,,,,,,,,,,,,,,,,,,,,,,,,,,,,,,,,,,,,,,,,,,,,,,,,,,,,,,,,,,,,,,,,,,,,,,,,,,,,,,,,,,,,,,,,,,,,,,,,,,,,,,,,,,,,,,,,,,,,,,,,,,,,,,,,,,,,,,,,,,,,,,,,,,,,,,,,,,,,,,,,,,,,,,,,,,,,,,,,,,,,,,,,,,,,,,,,,,,,,,,,,,,,,,,,,,,,,,,,,,,,,,,,,
R5,,,,,,,,,,,,,,,,,,,,,,,,,,,,,,,,,,,,,,,,,,,,,,,,,,,,,,,,,,,,,,,,,,,,,,,,,,,,,,,,,,,,,,,,,,,,,,,,,,,,,,,,,,,,,,,,,,,,,,,,,,,,,,,,,,,,,,,,,,,,,,,,,,,,,,,,,,,,,,,,,,,,,,,,,,,,,,,,,,,,,,,,,,,,,,,,,,,,,,,,,,,,,,,,,,,,,,,,,,,,,,,,,,,,,,,,,,,,,,,,,,,,,,,,,,,,,,,,,,,,,,,,,,,,,,,,,,,,,,,,,,,,,,,,,,,,,,,,,,,,,,,,,,,,,,,,,,,,,,,,,,,,,,,,,,,,,,,,,,,,,,,,,,,,,,,,,,,,,,,,,,,,,,,,,,,,,,,,,,,,,,,,,,,,,,,,,,,,,,,,,,,,,,,,,,,,,,,,,,,,,,,,,,,,,,,,,,,,,,,,,,,,,,,,,,,,,,,,,,,,,,,,,,,,,,,,,,,,,,,,,,,,,,,,,,,,,,,,,,,,,,,,,,,,
=Proto-Balkan-Indo-European,null{ABSENT},null{ABSENT},null{ABSENT},null{ABSENT},null{ABSENT},null{ABSENT},null{ABSENT},null{ABSENT},null{ABSENT},null{ABSENT},null{ABSENT},null{ABSENT},null{ABSENT},null{ABSENT},null{ABSENT},null{ABSENT},null{ABSENT},null{ABSENT},null{ABSENT},null{ABSENT},null{ABSENT},null{ABSENT},null{ABSENT},null{ABSENT},null{ABSENT},null{ABSENT},null{ABSENT},null{ABSENT},null{ABSENT},null{ABSENT},null{ABSENT},null{ABSENT},null{ABSENT},null{ABSENT},null{ABSENT},null{ABSENT},null{ABSENT},null{ABSENT},null{ABSENT},null{ABSENT},null{ABSENT},null{ABSENT},null{ABSENT},null{ABSENT},null{ABSENT},null{ABSENT},null{ABSENT},null{ABSENT},null{ABSENT},null{ABSENT},null{ABSENT},null{ABSENT},null{ABSENT},null{ABSENT},null{ABSENT},null{ABSENT},null{ABSENT},null{ABSENT},null{ABSENT},null{ABSENT},null{ABSENT},null{ABSENT},null{ABSENT},null{ABSENT},null{ABSENT},null{ABSENT},null{ABSENT},null{ABSENT},null{ABSENT},null{ABSENT},null{ABSENT},null{ABSENT},null{ABSENT},null{ABSENT},null{ABSENT},null{ABSENT},null{ABSENT},null{ABSENT},null{ABSENT},null{ABSENT},null{ABSENT},null{ABSENT},null{ABSENT},null{ABSENT},null{ABSENT},null{ABSENT},null{ABSENT},null{ABSENT},null{ABSENT},null{ABSENT},null{ABSENT},null{ABSENT},null{ABSENT},null{ABSENT},null{ABSENT},null{ABSENT},null{ABSENT},null{ABSENT},null{ABSENT},null{ABSENT},null{ABSENT},null{ABSENT},null{ABSENT},null{ABSENT},null{ABSENT},null{ABSENT},null{ABSENT},null{ABSENT},null{ABSENT},null{ABSENT},null{ABSENT},null{ABSENT},null{ABSENT},null{ABSENT},null{ABSENT},null{ABSENT},null{ABSENT},null{ABSENT},null{ABSENT},null{ABSENT},null{ABSENT},null{ABSENT},null{ABSENT},null{ABSENT},null{ABSENT},null{ABSENT},null{ABSENT},null{ABSENT},null{ABSENT},null{ABSENT},null{ABSENT},null{ABSENT},null{ABSENT},null{ABSENT},null{ABSENT},null{ABSENT},null{ABSENT},null{ABSENT},null{ABSENT},null{ABSENT},null{ABSENT},null{ABSENT},null{ABSENT},null{ABSENT},null{ABSENT},null{ABSENT},null{ABSENT},null{ABSENT},null{ABSENT},null{ABSENT},null{ABSENT},null{ABSENT},null{ABSENT},null{ABSENT},null{ABSENT},null{ABSENT},null{ABSENT},null{ABSENT},null{ABSENT},null{ABSENT},null{ABSENT},null{ABSENT},null{ABSENT},null{ABSENT},null{ABSENT},null{ABSENT},null{ABSENT},null{ABSENT},null{ABSENT},null{ABSENT},null{ABSENT},null{ABSENT},null{ABSENT},null{ABSENT},null{ABSENT},null{ABSENT},null{ABSENT},null{ABSENT},null{ABSENT},null{ABSENT},null{ABSENT},null{ABSENT},null{ABSENT},null{ABSENT},null{ABSENT},null{ABSENT},null{ABSENT},null{ABSENT},null{ABSENT},null{ABSENT},null{ABSENT},null{ABSENT},null{ABSENT},null{ABSENT},null{ABSENT},null{ABSENT},null{ABSENT},null{ABSENT},null{ABSENT},null{ABSENT},null{ABSENT},null{ABSENT},null{ABSENT},null{ABSENT},null{ABSENT},null{ABSENT},null{ABSENT},null{ABSENT},null{ABSENT},null{ABSENT},null{ABSENT},null{ABSENT},null{ABSENT},null{ABSENT},null{ABSENT},null{ABSENT},null{ABSENT},null{ABSENT},null{ABSENT},null{ABSENT},null{ABSENT},null{ABSENT},null{ABSENT},null{ABSENT},null{ABSENT},null{ABSENT},null{ABSENT},null{ABSENT},null{ABSENT},null{ABSENT},null{ABSENT},null{ABSENT},null{ABSENT},null{ABSENT},null{ABSENT},null{ABSENT},null{ABSENT},null{ABSENT},null{ABSENT},null{ABSENT},null{ABSENT},null{ABSENT},null{ABSENT},null{ABSENT},null{ABSENT},null{ABSENT},null{ABSENT},null{ABSENT},null{ABSENT},null{ABSENT},null{ABSENT},null{ABSENT},null{ABSENT},null{ABSENT},null{ABSENT},null{ABSENT},null{ABSENT},null{ABSENT},null{ABSENT},null{ABSENT},null{ABSENT},null{ABSENT},null{ABSENT},null{ABSENT},null{ABSENT},null{ABSENT},null{ABSENT},null{ABSENT},null{ABSENT},null{ABSENT},null{ABSENT},null{ABSENT},null{ABSENT},null{ABSENT},null{ABSENT},null{ABSENT},null{ABSENT},null{ABSENT},null{ABSENT},null{ABSENT},null{ABSENT},null{ABSENT},null{ABSENT},null{ABSENT},null{ABSENT},null{ABSENT},null{ABSENT},null{ABSENT},null{ABSENT},null{ABSENT},null{ABSENT},null{ABSENT},null{ABSENT},null{ABSENT},null{ABSENT},null{ABSENT},null{ABSENT},null{ABSENT},null{ABSENT},null{ABSENT},null{ABSENT},null{ABSENT},null{ABSENT},null{ABSENT},null{ABSENT},null{ABSENT},null{ABSENT},null{ABSENT},null{ABSENT},null{ABSENT},null{ABSENT},null{ABSENT},null{ABSENT},null{ABSENT},null{ABSENT},null{ABSENT},null{ABSENT},null{ABSENT},null{ABSENT},null{ABSENT},null{ABSENT},null{ABSENT},null{ABSENT},null{ABSENT},null{ABSENT},null{ABSENT},null{ABSENT},null{ABSENT},null{ABSENT},null{ABSENT},null{ABSENT},null{ABSENT},null{ABSENT},null{ABSENT},null{ABSENT},null{ABSENT},null{ABSENT},null{ABSENT},null{ABSENT},null{ABSENT},null{ABSENT},null{ABSENT},null{ABSENT},null{ABSENT},null{ABSENT},null{ABSENT},null{ABSENT},null{ABSENT},null{ABSENT},null{ABSENT},null{ABSENT},null{ABSENT},null{ABSENT},null{ABSENT},null{ABSENT},null{ABSENT},null{ABSENT},null{ABSENT},null{ABSENT},null{ABSENT},null{ABSENT},null{ABSENT},null{ABSENT},null{ABSENT},null{ABSENT},null{ABSENT},null{ABSENT},null{ABSENT},null{ABSENT},null{ABSENT},null{ABSENT},null{ABSENT},null{ABSENT},null{ABSENT},null{ABSENT},null{ABSENT},null{ABSENT},null{ABSENT},null{ABSENT},null{ABSENT},null{ABSENT},null{ABSENT},null{ABSENT},null{ABSENT},null{ABSENT},null{ABSENT},null{ABSENT},null{ABSENT},null{ABSENT},null{ABSENT},null{ABSENT},null{ABSENT},null{ABSENT},null{ABSENT},null{ABSENT},null{ABSENT},null{ABSENT},null{ABSENT},null{ABSENT},null{ABSENT},null{ABSENT},null{ABSENT},null{ABSENT},null{ABSENT},null{ABSENT},null{ABSENT},null{ABSENT},null{ABSENT},null{ABSENT},null{ABSENT},null{ABSENT},null{ABSENT},null{ABSENT},null{ABSENT},null{ABSENT},null{ABSENT},null{ABSENT},null{ABSENT},null{ABSENT},null{ABSENT},null{ABSENT},null{ABSENT},null{ABSENT},null{ABSENT},null{ABSENT},null{ABSENT},null{ABSENT},null{ABSENT},null{ABSENT},null{ABSENT},null{ABSENT},null{ABSENT},null{ABSENT},null{ABSENT},null{ABSENT},null{ABSENT},null{ABSENT},null{ABSENT},null{ABSENT},null{ABSENT},null{ABSENT},null{ABSENT},null{ABSENT},null{ABSENT},null{ABSENT},null{ABSENT},null{ABSENT},null{ABSENT},null{ABSENT},null{ABSENT},null{ABSENT},null{ABSENT},null{ABSENT},null{ABSENT},null{ABSENT},null{ABSENT},null{ABSENT},null{ABSENT},null{ABSENT},null{ABSENT},null{ABSENT},null{ABSENT},null{ABSENT},null{ABSENT},null{ABSENT},null{ABSENT},null{ABSENT},null{ABSENT},null{ABSENT},null{ABSENT},null{ABSENT},null{ABSENT},null{ABSENT},null{ABSENT},null{ABSENT},null{ABSENT},null{ABSENT},null{ABSENT},null{ABSENT},null{ABSENT},null{ABSENT},null{ABSENT},null{ABSENT},null{ABSENT},null{ABSENT},null{ABSENT},null{ABSENT},null{ABSENT},null{ABSENT},null{ABSENT},null{ABSENT},null{ABSENT},null{ABSENT},null{ABSENT},null{ABSENT},null{ABSENT},null{ABSENT},null{ABSENT},null{ABSENT},null{ABSENT},null{ABSENT},null{ABSENT},null{ABSENT},null{ABSENT},null{ABSENT},null{ABSENT},null{ABSENT},null{ABSENT}
R6,,,,,,,,,,,,,,,,,,,,,,,,,,,,,,,,,,,,,,,,,,,,,,,,,,,,,,,,,,,,,,,,,,,,,,,,,,,,,,,,,,,,,,,,,,,,,,,,,,,,,,,,,,,,,,,,,,,,,,,,,,,,,,,,,,,,,,,,,,,,,,,,,,,,,,,,,,,,,,,,,,,,,,,,,,,,,,,,,,,,,,,,,,,,,,,,,,,,,,,,,,,,,,,,,,,,,,,,,,,,,,,,,,,,,,,,,,,,,,,,,,,,,,,,,,,,,,,,,,,,,,,,,,,,,,,,,,,,,,,,,,,,,,,,,,,,,,,,,,,,,,,,,,,,,,,,,,,,,,,,,,,,,,,,,,,,,,,,,,,,,,,,,,,,,,,,,,,,,,,,,,,,,,,,,,,,,,,,,,,,,,,,,,,,,,,,,,,,,,,,,,,,,,,,,,,,,,,,,,,,,,,,,,,,,,,,,,,,,,,,,,,,,,,,,,,,,,,,,,,,,,,,,,,,,,,,,,,,,,,,,,,,,,,,,,,,,,,,,,,,,,,,,,,,
R7,,,,,,,,,,,,,,,,,,,,,,,,,,,,,,,,,,,,,,,,,,,,,,,,,,,,,,,,,,,,,,,,,,,,,,,,,,,,,,,,,,,,,,,,,,,,,,,,,,,,,,,,,,,,,,,,,,,,,,,,,,,,,,,,,,,,,,,,,,,,,,,,,,,,,,,,,,,,,,,,,,,,,,,,,,,,,,,,,,,,,,,,,,,,,,,,,,,,,,,,,,,,,,,,,,,,,,,,,,,,,,,,,,,,,,,,,,,,,,,,,,,,,,,,,,,,,,,,,,,,,,,,,,,,,,,,,,,,,,,,,,,,,,,,,,,,,,,,,,,,,,,,,,,,,,,,,,,,,,,,,,,,,,,,,,,,,,,,,,,,,,,,,,,,,,,,,,,,,,,,,,,,,,,,,,,,,,,,,,,,,,,,,,,,,,,,,,,,,,,,,,,,,,,,,,,,,,,,,,,,,,,,,,,,,,,,,,,,,,,,,,,,,,,,,,,,,,,,,,,,,,,,,,,,,,,,,,,,,,,,,,,,,,,,,,,,,,,,,,,,,,,,,,,,
R8,,,,,,,,,,,,,,,,,,,,,,,,,,,,,,,,,,,,,,,,,,,,,,,,,,,,,,,,,,,,,,,,,,,,,,,,,,,,,,,,,,,,,,,,,,,,,,,,,,,,,,,,,,,,,,,,,,,,,,,,,,,,,,,,,,,,,,,,,,,,,,,,,,,,,,,,,,,,,,,,,,,,,,,,,,,,,,,,,,,,,,,,,,,,,,,,,,,,,,,,,,,,,,,,,,,,,,,,,,,,,,,,,,,,,,,,,,,,,,,,,,,,,,,,,,,,,,,,,,,,,,,,,,,,,,,,,,,,,,,,,,,,,,,,,,,,,,,,,,,,,,,,,,,,,,,,,,,,,,,,,,,,,,,,,,,,,,,,,,,,,,,,,,,,,,,,,,,,,,,,,,,,,,,,,,,,,,,,,,,,,,,,,,,,,,,,,,,,,,,,,,,,,,,,,,,,,,,,,,,,,,,,,,,,,,,,,,,,,,,,,,,,,,,,,,,,,,,,,,,,,,,,,,,,,,,,,,,,,,,,,,,,,,,,,,,,,,,,,,,,,,,,,,,,
R9,,,,,,,,,,,,,,,,,,,,,,,,,,,,,,,,,,,,,,,,,,,,,,,,,,,,,,,,,,,,,,,,,,,,,,,,,,,,,,,,,,,,,,,,,,,,,,,,,,,,,,,,,,,,,,,,,,,,,,,,,,,,,,,,,,,,,,,,,,,,,,,,,,,,,,,,,,,,,,,,,,,,,,,,,,,,,,,,,,,,,,,,,,,,,,,,,,,,,,,,,,,,,,,,,,,,,,,,,,,,,,,,,,,,,,,,,,,,,,,,,,,,,,,,,,,,,,,,,,,,,,,,,,,,,,,,,,,,,,,,,,,,,,,,,,,,,,,,,,,,,,,,,,,,,,,,,,,,,,,,,,,,,,,,,,,,,,,,,,,,,,,,,,,,,,,,,,,,,,,,,,,,,,,,,,,,,,,,,,,,,,,,,,,,,,,,,,,,,,,,,,,,,,,,,,,,,,,,,,,,,,,,,,,,,,,,,,,,,,,,,,,,,,,,,,,,,,,,,,,,,,,,,,,,,,,,,,,,,,,,,,,,,,,,,,,,,,,,,,,,,,,,,,,,
R10,,,,,,,,,,,,,,,,,,,,,,,,,,,,,,,,,,,,,,,,,,,,,,,,,,,,,,,,,,,,,,,,,,,,,,,,,,,,,,,,,,,,,,,,,,,,,,,,,,,,,,,,,,,,,,,,,,,,,,,,,,,,,,,,,,,,,,,,,,,,,,,,,,,,,,,,,,,,,,,,,,,,,,,,,,,,,,,,,,,,,,,,,,,,,,,,,,,,,,,,,,,,,,,,,,,,,,,,,,,,,,,,,,,,,,,,,,,,,,,,,,,,,,,,,,,,,,,,,,,,,,,,,,,,,,,,,,,,,,,,,,,,,,,,,,,,,,,,,,,,,,,,,,,,,,,,,,,,,,,,,,,,,,,,,,,,,,,,,,,,,,,,,,,,,,,,,,,,,,,,,,,,,,,,,,,,,,,,,,,,,,,,,,,,,,,,,,,,,,,,,,,,,,,,,,,,,,,,,,,,,,,,,,,,,,,,,,,,,,,,,,,,,,,,,,,,,,,,,,,,,,,,,,,,,,,,,,,,,,,,,,,,,,,,,,,,,,,,,,,,,,,,,,,,
R11,,,,,,,,,,,,,,,,,,,,,,,,,,,,,,,,,,,,,,,,,,,,,,,,,,,,,,,,,,,,,,,,,,,,,,,,,,,,,,,,,,,,,,,,,,,,,,,,,,,,,,,,,,,,,,,,,,,,,,,,,,,,,,,,,,,,,,,,,,,,,,,,,,,,,,,,,,,,,,,,,,,,,,,,,,,,,,,,,,,,,,,,,,,,,,,,,,,,,,,,,,,,,,,,,,,,,,,,,,,,,,,,,,,,,,,,,,,,,,,,,,,,,,,,,,,,,,,,,,,,,,,,,,,,,,,,,,,,,,,,,,,,,,,,,,,,,,,,,,,,,,,,,,,,,,,,,,,,,,,,,,,,,,,,,,,,,,,,,,,,,,,,,,,,,,,,,,,,,,,,,,,,,,,,,,,,,,,,,,,,,,,,,,,,,,,,,,,,,,,,,,,,,,,,,,,,,,,,,,,,,,,,,,,,,,,,,,,,,,,,,,,,,,,,,,,,,,,,,,,,,,,,,,,,,,,,,,,,,,,,,,,,,,,,,,,,,,,,,,,,,,,,,,,,
R12,,,,,,,,,,,,,,,,,,,,,,,,,,,,,,,,,,,,,,,,,,,,,,,,,,,,,,,,,,,,,,,,,,,,,,,,,,,,,,,,,,,,,,,,,,,,,,,,,,,,,,,,,,,,,,,,,,,,,,,,,,,,,,,,,,,,,,,,,,,,,,,,,,,,,,,,,,,,,,,,,,,,,,,,,,,,,,,,,,,,,,,,,,,,,,,,,,,,,,,,,,,,,,,,,,,,,,,,,,,,,,,,,,,,,,,,,,,,,,,,,,,,,,,,,,,,,,,,,,,,,,,,,,,,,,,,,,,,,,,,,,,,,,,,,,,,,,,,,,,,,,,,,,,,,,,,,,,,,,,,,,,,,,,,,,,,,,,,,,,,,,,,,,,,,,,,,,,,,,,,,,,,,,,,,,,,,,,,,,,,,,,,,,,,,,,,,,,,,,,,,,,,,,,,,,,,,,,,,,,,,,,,,,,,,,,,,,,,,,,,,,,,,,,,,,,,,,,,,,,,,,,,,,,,,,,,,,,,,,,,,,,,,,,,,,,,,,,,,,,,,,,,,,,,
R13,,,,,,,,,,,,,,,,,,,,,,,,,,,,,,,,,,,,,,,,,,,,,,,,,,,,,,,,,,,,,,,,,,,,,,,,,,,,,,,,,,,,,,,,,,,,,,,,,,,,,,,,,,,,,,,,,,,,,,,,,,,,,,,,,,,,,,,,,,,,,,,,,,,,,,,,,,,,,,,,,,,,,,,,,,,,,,,,,,,,,,,,,,,,,,,,,,,,,,,,,,,,,,,,,,,,,,,,,,,,,,,,,,,,,,,,,,,,,,,,,,,,,,,,,,,,,,,,,,,,,,,,,,,,,,,,,,,,,,,,,,,,,,,,,,,,,,,,,,,,,,,,,,,,,,,,,,,,,,,,,,,,,,,,,,,,,,,,,,,,,,,,,,,,,,,,,,,,,,,,,,,,,,,,,,,,,,,,,,,,,,,,,,,,,,,,,,,,,,,,,,,,,,,,,,,,,,,,,,,,,,,,,,,,,,,,,,,,,,,,,,,,,,,,,,,,,,,,,,,,,,,,,,,,,,,,,,,,,,,,,,,,,,,,,,,,,,,,,,,,,,,,,,,,
R14,,,,,,,,,,,,,,,,,,,,,,,,,,,,,,,,,,,,,,,,,,,,,,,,,,,,,,,,,,,,,,,,,,,,,,,,,,,,,,,,,,,,,,,,,,,,,,,,,,,,,,,,,,,,,,,,,,,,,,,,,,,,,,,,,,,,,,,,,,,,,,,,,,,,,,,,,,,,,,,,,,,,,,,,,,,,,,,,,,,,,,,,,,,,,,,,,,,,,,,,,,,,,,,,,,,,,,,,,,,,,,,,,,,,,,,,,,,,,,,,,,,,,,,,,,,,,,,,,,,,,,,,,,,,,,,,,,,,,,,,,,,,,,,,,,,,,,,,,,,,,,,,,,,,,,,,,,,,,,,,,,,,,,,,,,,,,,,,,,,,,,,,,,,,,,,,,,,,,,,,,,,,,,,,,,,,,,,,,,,,,,,,,,,,,,,,,,,,,,,,,,,,,,,,,,,,,,,,,,,,,,,,,,,,,,,,,,,,,,,,,,,,,,,,,,,,,,,,,,,,,,,,,,,,,,,,,,,,,,,,,,,,,,,,,,,,,,,,,,,,,,,,,,,,
R15,,,,,,,,,,,,,,,,,,,,,,,,,,,,,,,,,,,,,,,,,,,,,,,,,,,,,,,,,,,,,,,,,,,,,,,,,,,,,,,,,,,,,,,,,,,,,,,,,,,,,,,,,,,,,,,,,,,,,,,,,,,,,,,,,,,,,,,,,,,,,,,,,,,,,,,,,,,,,,,,,,,,,,,,,,,,,,,,,,,,,,,,,,,,,,,,,,,,,,,,,,,,,,,,,,,,,,,,,,,,,,,,,,,,,,,,,,,,,,,,,,,,,,,,,,,,,,,,,,,,,,,,,,,,,,,,,,,,,,,,,,,,,,,,,,,,,,,,,,,,,,,,,,,,,,,,,,,,,,,,,,,,,,,,,,,,,,,,,,,,,,,,,,,,,,,,,,,,,,,,,,,,,,,,,,,,,,,,,,,,,,,,,,,,,,,,,,,,,,,,,,,,,,,,,,,,,,,,,,,,,,,,,,,,,,,,,,,,,,,,,,,,,,,,,,,,,,,,,,,,,,,,,,,,,,,,,,,,,,,,,,,,,,,,,,,,,,,,,,,,,,,,,,,,
R16,,,,,,,,,,,,,,,,,,,,,,,,,,,,,,,,,,,,,,,,,,,,,,,,,,,,,,,,,,,,,,,,,,,,,,,,,,,,,,,,,,,,,,,,,,,,,,,,,,,,,,,,,,,,,,,,,,,,,,,,,,,,,,,,,,,,,,,,,,,,,,,,,,,,,,,,,,,,,,,,,,,,,,,,,,,,,,,,,,,,,,,,,,,,,,,,,,,,,,,,,,,,,,,,,,,,,,,,,,,,,,,,,,,,,,,,,,,,,,,,,,,,,,,,,,,,,,,,,,,,,,,,,,,,,,,,,,,,,,,,,,,,,,,,,,,,,,,,,,,,,,,,,,,,,,,,,,,,,,,,,,,,,,,,,,,,,,,,,,,,,,,,,,,,,,,,,,,,,,,,,,,,,,,,,,,,,,,,,,,,,,,,,,,,,,,,,,,,,,,,,,,,,,,,,,,,,,,,,,,,,,,,,,,,,,,,,,,,,,,,,,,,,,,,,,,,,,,,,,,,,,,,,,,,,,,,,,,,,,,,,,,,,,,,,,,,,,,,,,,,,,,,,,,,
R17,,,,,,,,,,,,,,,,,,,,,,,,,,,,,,,,,,,,,,,,,,,,,,,,,,,,,,,,,,,,,,,,,,,,,,,,,,,,,,,,,,,,,,,,,,,,,,,,,,,,,,,,,,,,,,,,,,,,,,,,,,,,,,,,,,,,,,,,,,,,,,,,,,,,,,,,,,,,,,,,,,,,,,,,,,,,,,,,,,,,,,,,,,,,,,,,,,,,,,,,,,,,,,,,,,,,,,,,,,,,,,,,,,,,,,,,,,,,,,,,,,,,,,,,,,,,,,,,,,,,,,,,,,,,,,,,,,,,,,,,,,,,,,,,,,,,,,,,,,,,,,,,,,,,,,,,,,,,,,,,,,,,,,,,,,,,,,,,,,,,,,,,,,,,,,,,,,,,,,,,,,,,,,,,,,,,,,,,,,,,,,,,,,,,,,,,,,,,,,,,,,,,,,,,,,,,,,,,,,,,,,,,,,,,,,,,,,,,,,,,,,,,,,,,,,,,,,,,,,,,,,,,,,,,,,,,,,,,,,,,,,,,,,,,,,,,,,,,,,,,,,,,,,,,
R18,,,,,,,,,,,,,,,,,,,,,,,,,,,,,,,,,,,,,,,,,,,,,,,,,,,,,,,,,,,,,,,,,,,,,,,,,,,,,,,,,,,,,,,,,,,,,,,,,,,,,,,,,,,,,,,,,,,,,,,,,,,,,,,,,,,,,,,,,,,,,,,,,,,,,,,,,,,,,,,,,,,,,,,,,,,,,,,,,,,,,,,,,,,,,,,,,,,,,,,,,,,,,,,,,,,,,,,,,,,,,,,,,,,,,,,,,,,,,,,,,,,,,,,,,,,,,,,,,,,,,,,,,,,,,,,,,,,,,,,,,,,,,,,,,,,,,,,,,,,,,,,,,,,,,,,,,,,,,,,,,,,,,,,,,,,,,,,,,,,,,,,,,,,,,,,,,,,,,,,,,,,,,,,,,,,,,,,,,,,,,,,,,,,,,,,,,,,,,,,,,,,,,,,,,,,,,,,,,,,,,,,,,,,,,,,,,,,,,,,,,,,,,,,,,,,,,,,,,,,,,,,,,,,,,,,,,,,,,,,,,,,,,,,,,,,,,,,,,,,,,,,,,,,,
R19,,,,,,,,,,,,,,,,,,,,,,,,,,,,,,,,,,,,,,,,,,,,,,,,,,,,,,,,,,,,,,,,,,,,,,,,,,,,,,,,,,,,,,,,,,,,,,,,,,,,,,,,,,,,,,,,,,,,,,,,,,,,,,,,,,,,,,,,,,,,,,,,,,,,,,,,,,,,,,,,,,,,,,,,,,,,,,,,,,,,,,,,,,,,,,,,,,,,,,,,,,,,,,,,,,,,,,,,,,,,,,,,,,,,,,,,,,,,,,,,,,,,,,,,,,,,,,,,,,,,,,,,,,,,,,,,,,,,,,,,,,,,,,,,,,,,,,,,,,,,,,,,,,,,,,,,,,,,,,,,,,,,,,,,,,,,,,,,,,,,,,,,,,,,,,,,,,,,,,,,,,,,,,,,,,,,,,,,,,,,,,,,,,,,,,,,,,,,,,,,,,,,,,,,,,,,,,,,,,,,,,,,,,,,,,,,,,,,,,,,,,,,,,,,,,,,,,,,,,,,,,,,,,,,,,,,,,,,,,,,,,,,,,,,,,,,,,,,,,,,,,,,,,,,
R20,,,,,,,,,,,,,,,,,,,,,,,,,,,,,,,,,,,,,,,,,,,,,,,,,,,,,,,,,,,,,,,,,,,,,,,,,,,,,,,,,,,,,,,,,,,,,,,,,,,,,,,,,,,,,,,,,,,,,,,,,,,,,,,,,,,,,,,,,,,,,,,,,,,,,,,,,,,,,,,,,,,,,,,,,,,,,,,,,,,,,,,,,,,,,,,,,,,,,,,,,,,,,,,,,,,,,,,,,,,,,,,,,,,,,,,,,,,,,,,,,,,,,,,,,,,,,,,,,,,,,,,,,,,,,,,,,,,,,,,,,,,,,,,,,,,,,,,,,,,,,,,,,,,,,,,,,,,,,,,,,,,,,,,,,,,,,,,,,,,,,,,,,,,,,,,,,,,,,,,,,,,,,,,,,,,,,,,,,,,,,,,,,,,,,,,,,,,,,,,,,,,,,,,,,,,,,,,,,,,,,,,,,,,,,,,,,,,,,,,,,,,,,,,,,,,,,,,,,,,,,,,,,,,,,,,,,,,,,,,,,,,,,,,,,,,,,,,,,,,,,,,,,,,,
R21,,,,,,,,,,,,,,,,,,,,,,,,,,,,,,,,,,,,,,,,,,,,,,,,,,,,,,,,,,,,,,,,,,,,,,,,,,,,,,,,,,,,,,,,,,,,,,,,,,,,,,,,,,,,,,,,,,,,,,,,,,,,,,,,,,,,,,,,,,,,,,,,,,,,,,,,,,,,,,,,,,,,,,,,,,,,,,,,,,,,,,,,,,,,,,,,,,,,,,,,,,,,,,,,,,,,,,,,,,,,,,,,,,,,,,,,,,,,,,,,,,,,,,,,,,,,,,,,,,,,,,,,,,,,,,,,,,,,,,,,,,,,,,,,,,,,,,,,,,,,,,,,,,,,,,,,,,,,,,,,,,,,,,,,,,,,,,,,,,,,,,,,,,,,,,,,,,,,,,,,,,,,,,,,,,,,,,,,,,,,,,,,,,,,,,,,,,,,,,,,,,,,,,,,,,,,,,,,,,,,,,,,,,,,,,,,,,,,,,,,,,,,,,,,,,,,,,,,,,,,,,,,,,,,,,,,,,,,,,,,,,,,,,,,,,,,,,,,,,,,,,,,,,,,
R22,,,,,,,,,,,,,,,,,,,,,,,,,,,,,,,,,,,,,,,,,,,,,,,,,,,,,,,,,,,,,,,,,,,,,,,,,,,,,,,,,,,,,,,,,,,,,,,,,,,,,,,,,,,,,,,,,,,,,,,,,,,,,,,,,,,,,,,,,,,,,,,,,,,,,,,,,,,,,,,,,,,,,,,,,,,,,,,,,,,,,,,,,,,,,,,,,,,,,,,,,,,,,,,,,,,,,,,,,,,,,,,,,,,,,,,,,,,,,,,,,,,,,,,,,,,,,,,,,,,,,,,,,,,,,,,,,,,,,,,,,,,,,,,,,,,,,,,,,,,,,,,,,,,,,,,,,,,,,,,,,,,,,,,,,,,,,,,,,,,,,,,,,,,,,,,,,,,,,,,,,,,,,,,,,,,,,,,,,,,,,,,,,,,,,,,,,,,,,,,,,,,,,,,,,,,,,,,,,,,,,,,,,,,,,,,,,,,,,,,,,,,,,,,,,,,,,,,,,,,,,,,,,,,,,,,,,,,,,,,,,,,,,,,,,,,,,,,,,,,,,,,,,,,,
R23,,,,,,,,,,,,,,,,,,,,,,,,,,,,,,,,,,,,,,,,,,,,,,,,,,,,,,,,,,,,,,,,,,,,,,,,,,,,,,,,,,,,,,,,,,,,,,,,,,,,,,,,,,,,,,,,,,,,,,,,,,,,,,,,,,,,,,,,,,,,,,,,,,,,,,,,,,,,,,,,,,,,,,,,,,,,,,,,,,,,,,,,,,,,,,,,,,,,,,,,,,,,,,,,,,,,,,,,,,,,,,,,,,,,,,,,,,,,,,,,,,,,,,,,,,,,,,,,,,,,,,,,,,,,,,,,,,,,,,,,,,,,,,,,,,,,,,,,,,,,,,,,,,,,,,,,,,,,,,,,,,,,,,,,,,,,,,,,,,,,,,,,,,,,,,,,,,,,,,,,,,,,,,,,,,,,,,,,,,,,,,,,,,,,,,,,,,,,,,,,,,,,,,,,,,,,,,,,,,,,,,,,,,,,,,,,,,,,,,,,,,,,,,,,,,,,,,,,,,,,,,,,,,,,,,,,,,,,,,,,,,,,,,,,,,,,,,,,,,,,,,,,,,,,
R24,,,,,,,,,,,,,,,,,,,,,,,,,,,,,,,,,,,,,,,,,,,,,,,,,,,,,,,,,,,,,,,,,,,,,,,,,,,,,,,,,,,,,,,,,,,,,,,,,,,,,,,,,,,,,,,,,,,,,,,,,,,,,,,,,,,,,,,,,,,,,,,,,,,,,,,,,,,,,,,,,,,,,,,,,,,,,,,,,,,,,,,,,,,,,,,,,,,,,,,,,,,,,,,,,,,,,,,,,,,,,,,,,,,,,,,,,,,,,,,,,,,,,,,,,,,,,,,,,,,,,,,,,,,,,,,,,,,,,,,,,,,,,,,,,,,,,,,,,,,,,,,,,,,,,,,,,,,,,,,,,,,,,,,,,,,,,,,,,,,,,,,,,,,,,,,,,,,,,,,,,,,,,,,,,,,,,,,,,,,,,,,,,,,,,,,,,,,,,,,,,,,,,,,,,,,,,,,,,,,,,,,,,,,,,,,,,,,,,,,,,,,,,,,,,,,,,,,,,,,,,,,,,,,,,,,,,,,,,,,,,,,,,,,,,,,,,,,,,,,,,,,,,,,,
R25,,,,,,,,,,,,,,,,,,,,,,,,,,,,,,,,,,,,,,,,,,,,,,,,,,,,,,,,,,,,,,,,,,,,,,,,,,,,,,,,,,,,,,,,,,,,,,,,,,,,,,,,,,,,,,,,,,,,,,,,,,,,,,,,,,,,,,,,,,,,,,,,,,,,,,,,,,,,,,,,,,,,,,,,,,,,,,,,,,,,,,,,,,,,,,,,,,,,,,,,,,,,,,,,,,,,,,,,,,,,,,,,,,,,,,,,,,,,,,,,,,,,,,,,,,,,,,,,,,,,,,,,,,,,,,,,,,,,,,,,,,,,,,,,,,,,,,,,,,,,,,,,,,,,,,,,,,,,,,,,,,,,,,,,,,,,,,,,,,,,,,,,,,,,,,,,,,,,,,,,,,,,,,,,,,,,,,,,,,,,,,,,,,,,,,,,,,,,,,,,,,,,,,,,,,,,,,,,,,,,,,,,,,,,,,,,,,,,,,,,,,,,,,,,,,,,,,,,,,,,,,,,,,,,,,,,,,,,,,,,,,,,,,,,,,,,,,,,,,,,,,,,,,,,
R26,,,,,,,,,,,,,,,,,,,,,,,,,,,,,,,,,,,,,,,,,,,,,,,,,,,,,,,,,,,,,,,,,,,,,,,,,,,,,,,,,,,,,,,,,,,,,,,,,,,,,,,,,,,,,,,,,,,,,,,,,,,,,,,,,,,,,,,,,,,,,,,,,,,,,,,,,,,,,,,,,,,,,,,,,,,,,,,,,,,,,,,,,,,,,,,,,,,,,,,,,,,,,,,,,,,,,,,,,,,,,,,,,,,,,,,,,,,,,,,,,,,,,,,,,,,,,,,,,,,,,,,,,,,,,,,,,,,,,,,,,,,,,,,,,,,,,,,,,,,,,,,,,,,,,,,,,,,,,,,,,,,,,,,,,,,,,,,,,,,,,,,,,,,,,,,,,,,,,,,,,,,,,,,,,,,,,,,,,,,,,,,,,,,,,,,,,,,,,,,,,,,,,,,,,,,,,,,,,,,,,,,,,,,,,,,,,,,,,,,,,,,,,,,,,,,,,,,,,,,,,,,,,,,,,,,,,,,,,,,,,,,,,,,,,,,,,,,,,,,,,,,,,,,,
R27,,,,,,,,,,,,,,,,,,,,,,,,,,,,,,,,,,,,,,,,,,,,,,,,,,,,,,,,,,,,,,,,,,,,,,,,,,,,,,,,,,,,,,,,,,,,,,,,,,,,,,,,,,,,,,,,,,,,,,,,,,,,,,,,,,,,,,,,,,,,,,,,,,,,,,,,,,,,,,,,,,,,,,,,,,,,,,,,,,,,,,,,,,,,,,,,,,,,,,,,,,,,,,,,,,,,,,,,,,,,,,,,,,,,,,,,,,,,,,,,,,,,,,,,,,,,,,,,,,,,,,,,,,,,,,,,,,,,,,,,,,,,,,,,,,,,,,,,,,,,,,,,,,,,,,,,,,,,,,,,,,,,,,,,,,,,,,,,,,,,,,,,,,,,,,,,,,,,,,,,,,,,,,,,,,,,,,,,,,,,,,,,,,,,,,,,,,,,,,,,,,,,,,,,,,,,,,,,,,,,,,,,,,,,,,,,,,,,,,,,,,,,,,,,,,,,,,,,,,,,,,,,,,,,,,,,,,,,,,,,,,,,,,,,,,,,,,,,,,,,,,,,,,,,
R28,,,,,,,,,,,,,,,,,,,,,,,,,,,,,,,,,,,,,,,,,,,,,,,,,,,,,,,,,,,,,,,,,,,,,,,,,,,,,,,,,,,,,,,,,,,,,,,,,,,,,,,,,,,,,,,,,,,,,,,,,,,,,,,,,,,,,,,,,,,,,,,,,,,,,,,,,,,,,,,,,,,,,,,,,,,,,,,,,,,,,,,,,,,,,,,,,,,,,,,,,,,,,,,,,,,,,,,,,,,,,,,,,,,,,,,,,,,,,,,,,,,,,,,,,,,,,,,,,,,,,,,,,,,,,,,,,,,,,,,,,,,,,,,,,,,,,,,,,,,,,,,,,,,,,,,,,,,,,,,,,,,,,,,,,,,,,,,,,,,,,,,,,,,,,,,,,,,,,,,,,,,,,,,,,,,,,,,,,,,,,,,,,,,,,,,,,,,,,,,,,,,,,,,,,,,,,,,,,,,,,,,,,,,,,,,,,,,,,,,,,,,,,,,,,,,,,,,,,,,,,,,,,,,,,,,,,,,,,,,,,,,,,,,,,,,,,,,,,,,,,,,,,,,,
R29,,,,,,,,,,,,,,,,,,,,,,,,,,,,,,,,,,,,,,,,,,,,,,,,,,,,,,,,,,,,,,,,,,,,,,,,,,,,,,,,,,,,,,,,,,,,,,,,,,,,,,,,,,,,,,,,,,,,,,,,,,,,,,,,,,,,,,,,,,,,,,,,,,,,,,,,,,,,,,,,,,,,,,,,,,,,,,,,,,,,,,,,,,,,,,,,,,,,,,,,,,,,,,,,,,,,,,,,,,,,,,,,,,,,,,,,,,,,,,,,,,,,,,,,,,,,,,,,,,,,,,,,,,,,,,,,,,,,,,,,,,,,,,,,,,,,,,,,,,,,,,,,,,,,,,,,,,,,,,,,,,,,,,,,,,,,,,,,,,,,,,,,,,,,,,,,,,,,,,,,,,,,,,,,,,,,,,,,,,,,,,,,,,,,,,,,,,,,,,,,,,,,,,,,,,,,,,,,,,,,,,,,,,,,,,,,,,,,,,,,,,,,,,,,,,,,,,,,,,,,,,,,,,,,,,,,,,,,,,,,,,,,,,,,,,,,,,,,,,,,,,,,,,,,
R30,,,,,,,,,,,,,,,,,,,,,,,,,,,,,,,,,,,,,,,,,,,,,,,,,,,,,,,,,,,,,,,,,,,,,,,,,,,,,,,,,,,,,,,,,,,,,,,,,,,,,,,,,,,,,,,,,,,,,,,,,,,,,,,,,,,,,,,,,,,,,,,,,,,,,,,,,,,,,,,,,,,,,,,,,,,,,,,,,,,,,,,,,,,,,,,,,,,,,,,,,,,,,,,,,,,,,,,,,,,,,,,,,,,,,,,,,,,,,,,,,,,,,,,,,,,,,,,,,,,,,,,,,,,,,,,,,,,,,,,,,,,,,,,,,,,,,,,,,,,,,,,,,,,,,,,,,,,,,,,,,,,,,,,,,,,,,,,,,,,,,,,,,,,,,,,,,,,,,,,,,,,,,,,,,,,,,,,,,,,,,,,,,,,,,,,,,,,,,,,,,,,,,,,,,,,,,,,,,,,,,,,,,,,,,,,,,,,,,,,,,,,,,,,,,,,,,,,,,,,,,,,,,,,,,,,,,,,,,,,,,,,,,,,,,,,,,,,,,,,,,,,,,,,,
R31,,,,,,,,,,,,,,,,,,,,,,,,,,,,,,,,,,,,,,,,,,,,,,,,,,,,,,,,,,,,,,,,,,,,,,,,,,,,,,,,,,,,,,,,,,,,,,,,,,,,,,,,,,,,,,,,,,,,,,,,,,,,,,,,,,,,,,,,,,,,,,,,,,,,,,,,,,,,,,,,,,,,,,,,,,,,,,,,,,,,,,,,,,,,,,,,,,,,,,,,,,,,,,,,,,,,,,,,,,,,,,,,,,,,,,,,,,,,,,,,,,,,,,,,,,,,,,,,,,,,,,,,,,,,,,,,,,,,,,,,,,,,,,,,,,,,,,,,,,,,,,,,,,,,,,,,,,,,,,,,,,,,,,,,,,,,,,,,,,,,,,,,,,,,,,,,,,,,,,,,,,,,,,,,,,,,,,,,,,,,,,,,,,,,,,,,,,,,,,,,,,,,,,,,,,,,,,,,,,,,,,,,,,,,,,,,,,,,,,,,,,,,,,,,,,,,,,,,,,,,,,,,,,,,,,,,,,,,,,,,,,,,,,,,,,,,,,,,,,,,,,,,,,,,
R32,,,,,,,,,,,,,,,,,,,,,,,,,,,,,,,,,,,,,,,,,,,,,,,,,,,,,,,,,,,,,,,,,,,,,,,,,,,,,,,,,,,,,,,,,,,,,,,,,,,,,,,,,,,,,,,,,,,,,,,,,,,,,,,,,,,,,,,,,,,,,,,,,,,,,,,,,,,,,,,,,,,,,,,,,,,,,,,,,,,,,,,,,,,,,,,,,,,,,,,,,,,,,,,,,,,,,,,,,,,,,,,,,,,,,,,,,,,,,,,,,,,,,,,,,,,,,,,,,,,,,,,,,,,,,,,,,,,,,,,,,,,,,,,,,,,,,,,,,,,,,,,,,,,,,,,,,,,,,,,,,,,,,,,,,,,,,,,,,,,,,,,,,,,,,,,,,,,,,,,,,,,,,,,,,,,,,,,,,,,,,,,,,,,,,,,,,,,,,,,,,,,,,,,,,,,,,,,,,,,,,,,,,,,,,,,,,,,,,,,,,,,,,,,,,,,,,,,,,,,,,,,,,,,,,,,,,,,,,,,,,,,,,,,,,,,,,,,,,,,,,,,,,,,,
R33,,,,,,,,,,,,,,,,,,,,,,,,,,,,,,,,,,,,,,,,,,,,,,,,,,,,,,,,,,,,,,,,,,,,,,,,,,,,,,,,,,,,,,,,,,,,,,,,,,,,,,,,,,,,,,,,,,,,,,,,,,,,,,,,,,,,,,,,,,,,,,,,,,,,,,,,,,,,,,,,,,,,,,,,,,,,,,,,,,,,,,,,,,,,,,,,,,,,,,,,,,,,,,,,,,,,,,,,,,,,,,,,,,,,,,,,,,,,,,,,,,,,,,,,,,,,,,,,,,,,,,,,,,,,,,,,,,,,,,,,,,,,,,,,,,,,,,,,,,,,,,,,,,,,,,,,,,,,,,,,,,,,,,,,,,,,,,,,,,,,,,,,,,,,,,,,,,,,,,,,,,,,,,,,,,,,,,,,,,,,,,,,,,,,,,,,,,,,,,,,,,,,,,,,,,,,,,,,,,,,,,,,,,,,,,,,,,,,,,,,,,,,,,,,,,,,,,,,,,,,,,,,,,,,,,,,,,,,,,,,,,,,,,,,,,,,,,,,,,,,,,,,,,,,
R34,,,,,,,,,,,,,,,,,,,,,,,,,,,,,,,,,,,,,,,,,,,,,,,,,,,,,,,,,,,,,,,,,,,,,,,,,,,,,,,,,,,,,,,,,,,,,,,,,,,,,,,,,,,,,,,,,,,,,,,,,,,,,,,,,,,,,,,,,,,,,,,,,,,,,,,,,,,,,,,,,,,,,,,,,,,,,,,,,,,,,,,,,,,,,,,,,,,,,,,,,,,,,,,,,,,,,,,,,,,,,,,,,,,,,,,,,,,,,,,,,,,,,,,,,,,,,,,,,,,,,,,,,,,,,,,,,,,,,,,,,,,,,,,,,,,,,,,,,,,,,,,,,,,,,,,,,,,,,,,,,,,,,,,,,,,,,,,,,,,,,,,,,,,,,,,,,,,,,,,,,,,,,,,,,,,,,,,,,,,,,,,,,,,,,,,,,,,,,,,,,,,,,,,,,,,,,,,,,,,,,,,,,,,,,,,,,,,,,,,,,,,,,,,,,,,,,,,,,,,,,,,,,,,,,,,,,,,,,,,,,,,,,,,,,,,,,,,,,,,,,,,,,,,,
R35,,,,,,,,,,,,,,,,,,,,,,,,,,,,,,,,,,,,,,,,,,,,,,,,,,,,,,,,,,,,,,,,,,,,,,,,,,,,,,,,,,,,,,,,,,,,,,,,,,,,,,,,,,,,,,,,,,,,,,,,,,,,,,,,,,,,,,,,,,,,,,,,,,,,,,,,,,,,,,,,,,,,,,,,,,,,,,,,,,,,,,,,,,,,,,,,,,,,,,,,,,,,,,,,,,,,,,,,,,,,,,,,,,,,,,,,,,,,,,,,,,,,,,,,,,,,,,,,,,,,,,,,,,,,,,,,,,,,,,,,,,,,,,,,,,,,,,,,,,,,,,,,,,,,,,,,,,,,,,,,,,,,,,,,,,,,,,,,,,,,,,,,,,,,,,,,,,,,,,,,,,,,,,,,,,,,,,,,,,,,,,,,,,,,,,,,,,,,,,,,,,,,,,,,,,,,,,,,,,,,,,,,,,,,,,,,,,,,,,,,,,,,,,,,,,,,,,,,,,,,,,,,,,,,,,,,,,,,,,,,,,,,,,,,,,,,,,,,,,,,,,,,,,,,
R36,,,,,,,,,,,,,,,,,,,,,,,,,,,,,,,,,,,,,,,,,,,,,,,,,,,,,,,,,,,,,,,,,,,,,,,,,,,,,,,,,,,,,,,,,,,,,,,,,,,,,,,,,,,,,,,,,,,,,,,,,,,,,,,,,,,,,,,,,,,,,,,,,,,,,,,,,,,,,,,,,,,,,,,,,,,,,,,,,,,,,,,,,,,,,,,,,,,,,,,,,,,,,,,,,,,,,,,,,,,,,,,,,,,,,,,,,,,,,,,,,,,,,,,,,,,,,,,,,,,,,,,,,,,,,,,,,,,,,,,,,,,,,,,,,,,,,,,,,,,,,,,,,,,,,,,,,,,,,,,,,,,,,,,,,,,,,,,,,,,,,,,,,,,,,,,,,,,,,,,,,,,,,,,,,,,,,,,,,,,,,,,,,,,,,,,,,,,,,,,,,,,,,,,,,,,,,,,,,,,,,,,,,,,,,,,,,,,,,,,,,,,,,,,,,,,,,,,,,,,,,,,,,,,,,,,,,,,,,,,,,,,,,,,,,,,,,,,,,,,,,,,,,,,,
R37,,,,,,,,,,,,,,,,,,,,,,,,,,,,,,,,,,,,,,,,,,,,,,,,,,,,,,,,,,,,,,,,,,,,,,,,,,,,,,,,,,,,,,,,,,,,,,,,,,,,,,,,,,,,,,,,,,,,,,,,,,,,,,,,,,,,,,,,,,,,,,,,,,,,,,,,,,,,,,,,,,,,,,,,,,,,,,,,,,,,,,,,,,,,,,,,,,,,,,,,,,,,,,,,,,,,,,,,,,,,,,,,,,,,,,,,,,,,,,,,,,,,,,,,,,,,,,,,,,,,,,,,,,,,,,,,,,,,,,,,,,,,,,,,,,,,,,,,,,,,,,,,,,,,,,,,,,,,,,,,,,,,,,,,,,,,,,,,,,,,,,,,,,,,,,,,,,,,,,,,,,,,,,,,,,,,,,,,,,,,,,,,,,,,,,,,,,,,,,,,,,,,,,,,,,,,,,,,,,,,,,,,,,,,,,,,,,,,,,,,,,,,,,,,,,,,,,,,,,,,,,,,,,,,,,,,,,,,,,,,,,,,,,,,,,,,,,,,,,,,,,,,,,,,
R38,,,,,,,,,,,,,,,,,,,,,,,,,,,,,,,,,,,,,,,,,,,,,,,,,,,,,,,,,,,,,,,,,,,,,,,,,,,,,,,,,,,,,,,,,,,,,,,,,,,,,,,,,,,,,,,,,,,,,,,,,,,,,,,,,,,,,,,,,,,,,,,,,,,,,,,,,,,,,,,,,,,,,,,,,,,,,,,,,,,,,,,,,,,,,,,,,,,,,,,,,,,,,,,,,,,,,,,,,,,,,,,,,,,,,,,,,,,,,,,,,,,,,,,,,,,,,,,,,,,,,,,,,,,,,,,,,,,,,,,,,,,,,,,,,,,,,,,,,,,,,,,,,,,,,,,,,,,,,,,,,,,,,,,,,,,,,,,,,,,,,,,,,,,,,,,,,,,,,,,,,,,,,,,,,,,,,,,,,,,,,,,,,,,,,,,,,,,,,,,,,,,,,,,,,,,,,,,,,,,,,,,,,,,,,,,,,,,,,,,,,,,,,,,,,,,,,,,,,,,,,,,,,,,,,,,,,,,,,,,,,,,,,,,,,,,,,,,,,,,,,,,,,,,,
R39,,,,,,,,,,,,,,,,,,,,,,,,,,,,,,,,,,,,,,,,,,,,,,,,,,,,,,,,,,,,,,,,,,,,,,,,,,,,,,,,,,,,,,,,,,,,,,,,,,,,,,,,,,,,,,,,,,,,,,,,,,,,,,,,,,,,,,,,,,,,,,,,,,,,,,,,,,,,,,,,,,,,,,,,,,,,,,,,,,,,,,,,,,,,,,,,,,,,,,,,,,,,,,,,,,,,,,,,,,,,,,,,,,,,,,,,,,,,,,,,,,,,,,,,,,,,,,,,,,,,,,,,,,,,,,,,,,,,,,,,,,,,,,,,,,,,,,,,,,,,,,,,,,,,,,,,,,,,,,,,,,,,,,,,,,,,,,,,,,,,,,,,,,,,,,,,,,,,,,,,,,,,,,,,,,,,,,,,,,,,,,,,,,,,,,,,,,,,,,,,,,,,,,,,,,,,,,,,,,,,,,,,,,,,,,,,,,,,,,,,,,,,,,,,,,,,,,,,,,,,,,,,,,,,,,,,,,,,,,,,,,,,,,,,,,,,,,,,,,,,,,,,,,,,
R40,,,,,,,,,,,,,,,,,,,,,,,,,,,,,,,,,,,,,,,,,,,,,,,,,,,,,,,,,,,,,,,,,,,,,,,,,,,,,,,,,,,,,,,,,,,,,,,,,,,,,,,,,,,,,,,,,,,,,,,,,,,,,,,,,,,,,,,,,,,,,,,,,,,,,,,,,,,,,,,,,,,,,,,,,,,,,,,,,,,,,,,,,,,,,,,,,,,,,,,,,,,,,,,,,,,,,,,,,,,,,,,,,,,,,,,,,,,,,,,,,,,,,,,,,,,,,,,,,,,,,,,,,,,,,,,,,,,,,,,,,,,,,,,,,,,,,,,,,,,,,,,,,,,,,,,,,,,,,,,,,,,,,,,,,,,,,,,,,,,,,,,,,,,,,,,,,,,,,,,,,,,,,,,,,,,,,,,,,,,,,,,,,,,,,,,,,,,,,,,,,,,,,,,,,,,,,,,,,,,,,,,,,,,,,,,,,,,,,,,,,,,,,,,,,,,,,,,,,,,,,,,,,,,,,,,,,,,,,,,,,,,,,,,,,,,,,,,,,,,,,,,,,,,,
R41,,,,,,,,,,,,,,,,,,,,,,,,,,,,,,,,,,,,,,,,,,,,,,,,,,,,,,,,,,,,,,,,,,,,,,,,,,,,,,,,,,,,,,,,,,,,,,,,,,,,,,,,,,,,,,,,,,,,,,,,,,,,,,,,,,,,,,,,,,,,,,,,,,,,,,,,,,,,,,,,,,,,,,,,,,,,,,,,,,,,,,,,,,,,,,,,,,,,,,,,,,,,,,,,,,,,,,,,,,,,,,,,,,,,,,,,,,,,,,,,,,,,,,,,,,,,,,,,,,,,,,,,,,,,,,,,,,,,,,,,,,,,,,,,,,,,,,,,,,,,,,,,,,,,,,,,,,,,,,,,,,,,,,,,,,,,,,,,,,,,,,,,,,,,,,,,,,,,,,,,,,,,,,,,,,,,,,,,,,,,,,,,,,,,,,,,,,,,,,,,,,,,,,,,,,,,,,,,,,,,,,,,,,,,,,,,,,,,,,,,,,,,,,,,,,,,,,,,,,,,,,,,,,,,,,,,,,,,,,,,,,,,,,,,,,,,,,,,,,,,,,,,,,,,
R42,,,,,,,,,,,,,,,,,,,,,,,,,,,,,,,,,,,,,,,,,,,,,,,,,,,,,,,,,,,,,,,,,,,,,,,,,,,,,,,,,,,,,,,,,,,,,,,,,,,,,,,,,,,,,,,,,,,,,,,,,,,,,,,,,,,,,,,,,,,,,,,,,,,,,,,,,,,,,,,,,,,,,,,,,,,,,,,,,,,,,,,,,,,,,,,,,,,,,,,,,,,,,,,,,,,,,,,,,,,,,,,,,,,,,,,,,,,,,,,,,,,,,,,,,,,,,,,,,,,,,,,,,,,,,,,,,,,,,,,,,,,,,,,,,,,,,,,,,,,,,,,,,,,,,,,,,,,,,,,,,,,,,,,,,,,,,,,,,,,,,,,,,,,,,,,,,,,,,,,,,,,,,,,,,,,,,,,,,,,,,,,,,,,,,,,,,,,,,,,,,,,,,,,,,,,,,,,,,,,,,,,,,,,,,,,,,,,,,,,,,,,,,,,,,,,,,,,,,,,,,,,,,,,,,,,,,,,,,,,,,,,,,,,,,,,,,,,,,,,,,,,,,,,,
R43,,,,,,,,,,,,,,,,,,,,,,,,,,,,,,,,,,,,,,,,,,,,,,,,,,,,,,,,,,,,,,,,,,,,,,,,,,,,,,,,,,,,,,,,,,,,,,,,,,,,,,,,,,,,,,,,,,,,,,,,,,,,,,,,,,,,,,,,,,,,,,,,,,,,,,,,,,,,,,,,,,,,,,,,,,,,,,,,,,,,,,,,,,,,,,,,,,,,,,,,,,,,,,,,,,,,,,,,,,,,,,,,,,,,,,,,,,,,,,,,,,,,,,,,,,,,,,,,,,,,,,,,,,,,,,,,,,,,,,,,,,,,,,,,,,,,,,,,,,,,,,,,,,,,,,,,,,,,,,,,,,,,,,,,,,,,,,,,,,,,,,,,,,,,,,,,,,,,,,,,,,,,,,,,,,,,,,,,,,,,,,,,,,,,,,,,,,,,,,,,,,,,,,,,,,,,,,,,,,,,,,,,,,,,,,,,,,,,,,,,,,,,,,,,,,,,,,,,,,,,,,,,,,,,,,,,,,,,,,,,,,,,,,,,,,,,,,,,,,,,,,,,,,,,
R44,,,,,,,,,,,,,,,,,,,,,,,,,,,,,,,,,,,,,,,,,,,,,,,,,,,,,,,,,,,,,,,,,,,,,,,,,,,,,,,,,,,,,,,,,,,,,,,,,,,,,,,,,,,,,,,,,,,,,,,,,,,,,,,,,,,,,,,,,,,,,,,,,,,,,,,,,,,,,,,,,,,,,,,,,,,,,,,,,,,,,,,,,,,,,,,,,,,,,,,,,,,,,,,,,,,,,,,,,,,,,,,,,,,,,,,,,,,,,,,,,,,,,,,,,,,,,,,,,,,,,,,,,,,,,,,,,,,,,,,,,,,,,,,,,,,,,,,,,,,,,,,,,,,,,,,,,,,,,,,,,,,,,,,,,,,,,,,,,,,,,,,,,,,,,,,,,,,,,,,,,,,,,,,,,,,,,,,,,,,,,,,,,,,,,,,,,,,,,,,,,,,,,,,,,,,,,,,,,,,,,,,,,,,,,,,,,,,,,,,,,,,,,,,,,,,,,,,,,,,,,,,,,,,,,,,,,,,,,,,,,,,,,,,,,,,,,,,,,,,,,,,,,,,,
R45,,,,,,,,,,,,,,,,,,,,,,,,,,,,,,,,,,,,,,,,,,,,,,,,,,,,,,,,,,,,,,,,,,,,,,,,,,,,,,,,,,,,,,,,,,,,,,,,,,,,,,,,,,,,,,,,,,,,,,,,,,,,,,,,,,,,,,,,,,,,,,,,,,,,,,,,,,,,,,,,,,,,,,,,,,,,,,,,,,,,,,,,,,,,,,,,,,,,,,,,,,,,,,,,,,,,,,,,,,,,,,,,,,,,,,,,,,,,,,,,,,,,,,,,,,,,,,,,,,,,,,,,,,,,,,,,,,,,,,,,,,,,,,,,,,,,,,,,,,,,,,,,,,,,,,,,,,,,,,,,,,,,,,,,,,,,,,,,,,,,,,,,,,,,,,,,,,,,,,,,,,,,,,,,,,,,,,,,,,,,,,,,,,,,,,,,,,,,,,,,,,,,,,,,,,,,,,,,,,,,,,,,,,,,,,,,,,,,,,,,,,,,,,,,,,,,,,,,,,,,,,,,,,,,,,,,,,,,,,,,,,,,,,,,,,,,,,,,,,,,,,,,,,,,
R46,,,,,,,,,,,,,,,,,,,,,,,,,,,,,,,,,,,,,,,,,,,,,,,,,,,,,,,,,,,,,,,,,,,,,,,,,,,,,,,,,,,,,,,,,,,,,,,,,,,,,,,,,,,,,,,,,,,,,,,,,,,,,,,,,,,,,,,,,,,,,,,,,,,,,,,,,,,,,,,,,,,,,,,,,,,,,,,,,,,,,,,,,,,,,,,,,,,,,,,,,,,,,,,,,,,,,,,,,,,,,,,,,,,,,,,,,,,,,,,,,,,,,,,,,,,,,,,,,,,,,,,,,,,,,,,,,,,,,,,,,,,,,,,,,,,,,,,,,,,,,,,,,,,,,,,,,,,,,,,,,,,,,,,,,,,,,,,,,,,,,,,,,,,,,,,,,,,,,,,,,,,,,,,,,,,,,,,,,,,,,,,,,,,,,,,,,,,,,,,,,,,,,,,,,,,,,,,,,,,,,,,,,,,,,,,,,,,,,,,,,,,,,,,,,,,,,,,,,,,,,,,,,,,,,,,,,,,,,,,,,,,,,,,,,,,,,,,,,,,,,,,,,,,,
R47,,,,,,,,,,,,,,,,,,,,,,,,,,,,,,,,,,,,,,,,,,,,,,,,,,,,,,,,,,,,,,,,,,,,,,,,,,,,,,,,,,,,,,,,,,,,,,,,,,,,,,,,,,,,,,,,,,,,,,,,,,,,,,,,,,,,,,,,,,,,,,,,,,,,,,,,,,,,,,,,,,,,,,,,,,,,,,,,,,,,,,,,,,,,,,,,,,,,,,,,,,,,,,,,,,,,,,,,,,,,,,,,,,,,,,,,,,,,,,,,,,,,,,,,,,,,,,,,,,,,,,,,,,,,,,,,,,,,,,,,,,,,,,,,,,,,,,,,,,,,,,,,,,,,,,,,,,,,,,,,,,,,,,,,,,,,,,,,,,,,,,,,,,,,,,,,,,,,,,,,,,,,,,,,,,,,,,,,,,,,,,,,,,,,,,,,,,,,,,,,,,,,,,,,,,,,,,,,,,,,,,,,,,,,,,,,,,,,,,,,,,,,,,,,,,,,,,,,,,,,,,,,,,,,,,,,,,,,,,,,,,,,,,,,,,,,,,,,,,,,,,,,,,,,
R48,,,,,,,,,,,,,,,,,,,,,,,,,,,,,,,,,,,,,,,,,,,,,,,,,,,,,,,,,,,,,,,,,,,,,,,,,,,,,,,,,,,,,,,,,,,,,,,,,,,,,,,,,,,,,,,,,,,,,,,,,,,,,,,,,,,,,,,,,,,,,,,,,,,,,,,,,,,,,,,,,,,,,,,,,,,,,,,,,,,,,,,,,,,,,,,,,,,,,,,,,,,,,,,,,,,,,,,,,,,,,,,,,,,,,,,,,,,,,,,,,,,,,,,,,,,,,,,,,,,,,,,,,,,,,,,,,,,,,,,,,,,,,,,,,,,,,,,,,,,,,,,,,,,,,,,,,,,,,,,,,,,,,,,,,,,,,,,,,,,,,,,,,,,,,,,,,,,,,,,,,,,,,,,,,,,,,,,,,,,,,,,,,,,,,,,,,,,,,,,,,,,,,,,,,,,,,,,,,,,,,,,,,,,,,,,,,,,,,,,,,,,,,,,,,,,,,,,,,,,,,,,,,,,,,,,,,,,,,,,,,,,,,,,,,,,,,,,,,,,,,,,,,,,,
R49,,,,,,,,,,,,,,,,,,,,,,,,,,,,,,,,,,,,,,,,,,,,,,,,,,,,,,,,,,,,,,,,,,,,,,,,,,,,,,,,,,,,,,,,,,,,,,,,,,,,,,,,,,,,,,,,,,,,,,,,,,,,,,,,,,,,,,,,,,,,,,,,,,,,,,,,,,,,,,,,,,,,,,,,,,,,,,,,,,,,,,,,,,,,,,,,,,,,,,,,,,,,,,,,,,,,,,,,,,,,,,,,,,,,,,,,,,,,,,,,,,,,,,,,,,,,,,,,,,,,,,,,,,,,,,,,,,,,,,,,,,,,,,,,,,,,,,,,,,,,,,,,,,,,,,,,,,,,,,,,,,,,,,,,,,,,,,,,,,,,,,,,,,,,,,,,,,,,,,,,,,,,,,,,,,,,,,,,,,,,,,,,,,,,,,,,,,,,,,,,,,,,,,,,,,,,,,,,,,,,,,,,,,,,,,,,,,,,,,,,,,,,,,,,,,,,,,,,,,,,,,,,,,,,,,,,,,,,,,,,,,,,,,,,,,,,,,,,,,,,,,,,,,,,
R50,,,,,,,,,,,,,,,,,,,,,,,,,,,,,,,,,,,,,,,,,,,,,,,,,,,,,,,,,,,,,,,,,,,,,,,,,,,,,,,,,,,,,,,,,,,,,,,,,,,,,,,,,,,,,,,,,,,,,,,,,,,,,,,,,,,,,,,,,,,,,,,,,,,,,,,,,,,,,,,,,,,,,,,,,,,,,,,,,,,,,,,,,,,,,,,,,,,,,,,,,,,,,,,,,,,,,,,,,,,,,,,,,,,,,,,,,,,,,,,,,,,,,,,,,,,,,,,,,,,,,,,,,,,,,,,,,,,,,,,,,,,,,,,,,,,,,,,,,,,,,,,,,,,,,,,,,,,,,,,,,,,,,,,,,,,,,,,,,,,,,,,,,,,,,,,,,,,,,,,,,,,,,,,,,,,,,,,,,,,,,,,,,,,,,,,,,,,,,,,,,,,,,,,,,,,,,,,,,,,,,,,,,,,,,,,,,,,,,,,,,,,,,,,,,,,,,,,,,,,,,,,,,,,,,,,,,,,,,,,,,,,,,,,,,,,,,,,,,,,,,,,,,,,,
R51,,,,,,,,,,,,,,,,,,,,,,,,,,,,,,,,,,,,,,,,,,,,,,,,,,,,,,,,,,,,,,,,,,,,,,,,,,,,,,,,,,,,,,,,,,,,,,,,,,,,,,,,,,,,,,,,,,,,,,,,,,,,,,,,,,,,,,,,,,,,,,,,,,,,,,,,,,,,,,,,,,,,,,,,,,,,,,,,,,,,,,,,,,,,,,,,,,,,,,,,,,,,,,,,,,,,,,,,,,,,,,,,,,,,,,,,,,,,,,,,,,,,,,,,,,,,,,,,,,,,,,,,,,,,,,,,,,,,,,,,,,,,,,,,,,,,,,,,,,,,,,,,,,,,,,,,,,,,,,,,,,,,,,,,,,,,,,,,,,,,,,,,,,,,,,,,,,,,,,,,,,,,,,,,,,,,,,,,,,,,,,,,,,,,,,,,,,,,,,,,,,,,,,,,,,,,,,,,,,,,,,,,,,,,,,,,,,,,,,,,,,,,,,,,,,,,,,,,,,,,,,,,,,,,,,,,,,,,,,,,,,,,,,,,,,,,,,,,,,,,,,,,,,,,
R52,,,,,,,,,,,,,,,,,,,,,,,,,,,,,,,,,,,,,,,,,,,,,,,,,,,,,,,,,,,,,,,,,,,,,,,,,,,,,,,,,,,,,,,,,,,,,,,,,,,,,,,,,,,,,,,,,,,,,,,,,,,,,,,,,,,,,,,,,,,,,,,,,,,,,,,,,,,,,,,,,,,,,,,,,,,,,,,,,,,,,,,,,,,,,,,,,,,,,,,,,,,,,,,,,,,,,,,,,,,,,,,,,,,,,,,,,,,,,,,,,,,,,,,,,,,,,,,,,,,,,,,,,,,,,,,,,,,,,,,,,,,,,,,,,,,,,,,,,,,,,,,,,,,,,,,,,,,,,,,,,,,,,,,,,,,,,,,,,,,,,,,,,,,,,,,,,,,,,,,,,,,,,,,,,,,,,,,,,,,,,,,,,,,,,,,,,,,,,,,,,,,,,,,,,,,,,,,,,,,,,,,,,,,,,,,,,,,,,,,,,,,,,,,,,,,,,,,,,,,,,,,,,,,,,,,,,,,,,,,,,,,,,,,,,,,,,,,,,,,,,,,,,,,,
R53,,,,,,,,,,,,,,,,,,,,,,,,,,,,,,,,,,,,,,,,,,,,,,,,,,,,,,,,,,,,,,,,,,,,,,,,,,,,,,,,,,,,,,,,,,,,,,,,,,,,,,,,,,,,,,,,,,,,,,,,,,,,,,,,,,,,,,,,,,,,,,,,,,,,,,,,,,,,,,,,,,,,,,,,,,,,,,,,,,,,,,,,,,,,,,,,,,,,,,,,,,,,,,,,,,,,,,,,,,,,,,,,,,,,,,,,,,,,,,,,,,,,,,,,,,,,,,,,,,,,,,,,,,,,,,,,,,,,,,,,,,,,,,,,,,,,,,,,,,,,,,,,,,,,,,,,,,,,,,,,,,,,,,,,,,,,,,,,,,,,,,,,,,,,,,,,,,,,,,,,,,,,,,,,,,,,,,,,,,,,,,,,,,,,,,,,,,,,,,,,,,,,,,,,,,,,,,,,,,,,,,,,,,,,,,,,,,,,,,,,,,,,,,,,,,,,,,,,,,,,,,,,,,,,,,,,,,,,,,,,,,,,,,,,,,,,,,,,,,,,,,,,,,,,
R54,,,,,,,,,,,,,,,,,,,,,,,,,,,,,,,,,,,,,,,,,,,,,,,,,,,,,,,,,,,,,,,,,,,,,,,,,,,,,,,,,,,,,,,,,,,,,,,,,,,,,,,,,,,,,,,,,,,,,,,,,,,,,,,,,,,,,,,,,,,,,,,,,,,,,,,,,,,,,,,,,,,,,,,,,,,,,,,,,,,,,,,,,,,,,,,,,,,,,,,,,,,,,,,,,,,,,,,,,,,,,,,,,,,,,,,,,,,,,,,,,,,,,,,,,,,,,,,,,,,,,,,,,,,,,,,,,,,,,,,,,,,,,,,,,,,,,,,,,,,,,,,,,,,,,,,,,,,,,,,,,,,,,,,,,,,,,,,,,,,,,,,,,,,,,,,,,,,,,,,,,,,,,,,,,,,,,,,,,,,,,,,,,,,,,,,,,,,,,,,,,,,,,,,,,,,,,,,,,,,,,,,,,,,,,,,,,,,,,,,,,,,,,,,,,,,,,,,,,,,,,,,,,,,,,,,,,,,,,,,,,,,,,,,,,,,,,,,,,,,,,,,,,,,,
R55,,,,,,,,,,,,,,,,,,,,,,,,,,,,,,,,,,,,,,,,,,,,,,,,,,,,,,,,,,,,,,,,,,,,,,,,,,,,,,,,,,,,,,,,,,,,,,,,,,,,,,,,,,,,,,,,,,,,,,,,,,,,,,,,,,,,,,,,,,,,,,,,,,,,,,,,,,,,,,,,,,,,,,,,,,,,,,,,,,,,,,,,,,,,,,,,,,,,,,,,,,,,,,,,,,,,,,,,,,,,,,,,,,,,,,,,,,,,,,,,,,,,,,,,,,,,,,,,,,,,,,,,,,,,,,,,,,,,,,,,,,,,,,,,,,,,,,,,,,,,,,,,,,,,,,,,,,,,,,,,,,,,,,,,,,,,,,,,,,,,,,,,,,,,,,,,,,,,,,,,,,,,,,,,,,,,,,,,,,,,,,,,,,,,,,,,,,,,,,,,,,,,,,,,,,,,,,,,,,,,,,,,,,,,,,,,,,,,,,,,,,,,,,,,,,,,,,,,,,,,,,,,,,,,,,,,,,,,,,,,,,,,,,,,,,,,,,,,,,,,,,,,,,,,
R56,,,,,,,,,,,,,,,,,,,,,,,,,,,,,,,,,,,,,,,,,,,,,,,,,,,,,,,,,,,,,,,,,,,,,,,,,,,,,,,,,,,,,,,,,,,,,,,,,,,,,,,,,,,,,,,,,,,,,,,,,,,,,,,,,,,,,,,,,,,,,,,,,,,,,,,,,,,,,,,,,,,,,,,,,,,,,,,,,,,,,,,,,,,,,,,,,,,,,,,,,,,,,,,,,,,,,,,,,,,,,,,,,,,,,,,,,,,,,,,,,,,,,,,,,,,,,,,,,,,,,,,,,,,,,,,,,,,,,,,,,,,,,,,,,,,,,,,,,,,,,,,,,,,,,,,,,,,,,,,,,,,,,,,,,,,,,,,,,,,,,,,,,,,,,,,,,,,,,,,,,,,,,,,,,,,,,,,,,,,,,,,,,,,,,,,,,,,,,,,,,,,,,,,,,,,,,,,,,,,,,,,,,,,,,,,,,,,,,,,,,,,,,,,,,,,,,,,,,,,,,,,,,,,,,,,,,,,,,,,,,,,,,,,,,,,,,,,,,,,,,,,,,,,,
R57,,,,,,,,,,,,,,,,,,,,,,,,,,,,,,,,,,,,,,,,,,,,,,,,,,,,,,,,,,,,,,,,,,,,,,,,,,,,,,,,,,,,,,,,,,,,,,,,,,,,,,,,,,,,,,,,,,,,,,,,,,,,,,,,,,,,,,,,,,,,,,,,,,,,,,,,,,,,,,,,,,,,,,,,,,,,,,,,,,,,,,,,,,,,,,,,,,,,,,,,,,,,,,,,,,,,,,,,,,,,,,,,,,,,,,,,,,,,,,,,,,,,,,,,,,,,,,,,,,,,,,,,,,,,,,,,,,,,,,,,,,,,,,,,,,,,,,,,,,,,,,,,,,,,,,,,,,,,,,,,,,,,,,,,,,,,,,,,,,,,,,,,,,,,,,,,,,,,,,,,,,,,,,,,,,,,,,,,,,,,,,,,,,,,,,,,,,,,,,,,,,,,,,,,,,,,,,,,,,,,,,,,,,,,,,,,,,,,,,,,,,,,,,,,,,,,,,,,,,,,,,,,,,,,,,,,,,,,,,,,,,,,,,,,,,,,,,,,,,,,,,,,,,,,
R58,,,,,,,,,,,,,,,,,,,,,,,,,,,,,,,,,,,,,,,,,,,,,,,,,,,,,,,,,,,,,,,,,,,,,,,,,,,,,,,,,,,,,,,,,,,,,,,,,,,,,,,,,,,,,,,,,,,,,,,,,,,,,,,,,,,,,,,,,,,,,,,,,,,,,,,,,,,,,,,,,,,,,,,,,,,,,,,,,,,,,,,,,,,,,,,,,,,,,,,,,,,,,,,,,,,,,,,,,,,,,,,,,,,,,,,,,,,,,,,,,,,,,,,,,,,,,,,,,,,,,,,,,,,,,,,,,,,,,,,,,,,,,,,,,,,,,,,,,,,,,,,,,,,,,,,,,,,,,,,,,,,,,,,,,,,,,,,,,,,,,,,,,,,,,,,,,,,,,,,,,,,,,,,,,,,,,,,,,,,,,,,,,,,,,,,,,,,,,,,,,,,,,,,,,,,,,,,,,,,,,,,,,,,,,,,,,,,,,,,,,,,,,,,,,,,,,,,,,,,,,,,,,,,,,,,,,,,,,,,,,,,,,,,,,,,,,,,,,,,,,,,,,,,,
R59,,,,,,,,,,,,,,,,,,,,,,,,,,,,,,,,,,,,,,,,,,,,,,,,,,,,,,,,,,,,,,,,,,,,,,,,,,,,,,,,,,,,,,,,,,,,,,,,,,,,,,,,,,,,,,,,,,,,,,,,,,,,,,,,,,,,,,,,,,,,,,,,,,,,,,,,,,,,,,,,,,,,,,,,,,,,,,,,,,,,,,,,,,,,,,,,,,,,,,,,,,,,,,,,,,,,,,,,,,,,,,,,,,,,,,,,,,,,,,,,,,,,,,,,,,,,,,,,,,,,,,,,,,,,,,,,,,,,,,,,,,,,,,,,,,,,,,,,,,,,,,,,,,,,,,,,,,,,,,,,,,,,,,,,,,,,,,,,,,,,,,,,,,,,,,,,,,,,,,,,,,,,,,,,,,,,,,,,,,,,,,,,,,,,,,,,,,,,,,,,,,,,,,,,,,,,,,,,,,,,,,,,,,,,,,,,,,,,,,,,,,,,,,,,,,,,,,,,,,,,,,,,,,,,,,,,,,,,,,,,,,,,,,,,,,,,,,,,,,,,,,,,,,,,
R60,,,,,,,,,,,,,,,,,,,,,,,,,,,,,,,,,,,,,,,,,,,,,,,,,,,,,,,,,,,,,,,,,,,,,,,,,,,,,,,,,,,,,,,,,,,,,,,,,,,,,,,,,,,,,,,,,,,,,,,,,,,,,,,,,,,,,,,,,,,,,,,,,,,,,,,,,,,,,,,,,,,,,,,,,,,,,,,,,,,,,,,,,,,,,,,,,,,,,,,,,,,,,,,,,,,,,,,,,,,,,,,,,,,,,,,,,,,,,,,,,,,,,,,,,,,,,,,,,,,,,,,,,,,,,,,,,,,,,,,,,,,,,,,,,,,,,,,,,,,,,,,,,,,,,,,,,,,,,,,,,,,,,,,,,,,,,,,,,,,,,,,,,,,,,,,,,,,,,,,,,,,,,,,,,,,,,,,,,,,,,,,,,,,,,,,,,,,,,,,,,,,,,,,,,,,,,,,,,,,,,,,,,,,,,,,,,,,,,,,,,,,,,,,,,,,,,,,,,,,,,,,,,,,,,,,,,,,,,,,,,,,,,,,,,,,,,,,,,,,,,,,,,,,,
R61,,,,,,,,,,,,,,,,,,,,,,,,,,,,,,,,,,,,,,,,,,,,,,,,,,,,,,,,,,,,,,,,,,,,,,,,,,,,,,,,,,,,,,,,,,,,,,,,,,,,,,,,,,,,,,,,,,,,,,,,,,,,,,,,,,,,,,,,,,,,,,,,,,,,,,,,,,,,,,,,,,,,,,,,,,,,,,,,,,,,,,,,,,,,,,,,,,,,,,,,,,,,,,,,,,,,,,,,,,,,,,,,,,,,,,,,,,,,,,,,,,,,,,,,,,,,,,,,,,,,,,,,,,,,,,,,,,,,,,,,,,,,,,,,,,,,,,,,,,,,,,,,,,,,,,,,,,,,,,,,,,,,,,,,,,,,,,,,,,,,,,,,,,,,,,,,,,,,,,,,,,,,,,,,,,,,,,,,,,,,,,,,,,,,,,,,,,,,,,,,,,,,,,,,,,,,,,,,,,,,,,,,,,,,,,,,,,,,,,,,,,,,,,,,,,,,,,,,,,,,,,,,,,,,,,,,,,,,,,,,,,,,,,,,,,,,,,,,,,,,,,,,,,,,
=Archaic Proto-Albanian,null{ABSENT},null{ABSENT},null{ABSENT},null{ABSENT},null{ABSENT},null{ABSENT},null{ABSENT},null{ABSENT},null{ABSENT},null{ABSENT},null{ABSENT},null{ABSENT},null{ABSENT},null{ABSENT},null{ABSENT},null{ABSENT},null{ABSENT},null{ABSENT},null{ABSENT},null{ABSENT},null{ABSENT},null{ABSENT},null{ABSENT},null{ABSENT},null{ABSENT},null{ABSENT},null{ABSENT},null{ABSENT},null{ABSENT},null{ABSENT},null{ABSENT},null{ABSENT},null{ABSENT},null{ABSENT},null{ABSENT},null{ABSENT},null{ABSENT},null{ABSENT},null{ABSENT},null{ABSENT},null{ABSENT},null{ABSENT},null{ABSENT},null{ABSENT},null{ABSENT},null{ABSENT},null{ABSENT},null{ABSENT},null{ABSENT},null{ABSENT},null{ABSENT},null{ABSENT},null{ABSENT},null{ABSENT},null{ABSENT},null{ABSENT},null{ABSENT},null{ABSENT},null{ABSENT},null{ABSENT},null{ABSENT},null{ABSENT},null{ABSENT},null{ABSENT},null{ABSENT},null{ABSENT},null{ABSENT},null{ABSENT},null{ABSENT},null{ABSENT},null{ABSENT},null{ABSENT},null{ABSENT},null{ABSENT},null{ABSENT},null{ABSENT},null{ABSENT},null{ABSENT},null{ABSENT},null{ABSENT},null{ABSENT},null{ABSENT},null{ABSENT},null{ABSENT},null{ABSENT},null{ABSENT},null{ABSENT},null{ABSENT},null{ABSENT},null{ABSENT},null{ABSENT},null{ABSENT},null{ABSENT},null{ABSENT},null{ABSENT},null{ABSENT},null{ABSENT},null{ABSENT},null{ABSENT},null{ABSENT},null{ABSENT},null{ABSENT},null{ABSENT},null{ABSENT},null{ABSENT},null{ABSENT},null{ABSENT},null{ABSENT},null{ABSENT},null{ABSENT},null{ABSENT},null{ABSENT},null{ABSENT},null{ABSENT},null{ABSENT},null{ABSENT},null{ABSENT},null{ABSENT},null{ABSENT},null{ABSENT},null{ABSENT},null{ABSENT},null{ABSENT},null{ABSENT},null{ABSENT},null{ABSENT},null{ABSENT},null{ABSENT},null{ABSENT},null{ABSENT},null{ABSENT},null{ABSENT},null{ABSENT},null{ABSENT},null{ABSENT},null{ABSENT},null{ABSENT},null{ABSENT},null{ABSENT},null{ABSENT},null{ABSENT},null{ABSENT},null{ABSENT},null{ABSENT},null{ABSENT},null{ABSENT},null{ABSENT},null{ABSENT},null{ABSENT},null{ABSENT},null{ABSENT},null{ABSENT},null{ABSENT},null{ABSENT},null{ABSENT},null{ABSENT},null{ABSENT},null{ABSENT},null{ABSENT},null{ABSENT},null{ABSENT},null{ABSENT},null{ABSENT},null{ABSENT},null{ABSENT},null{ABSENT},null{ABSENT},null{ABSENT},null{ABSENT},null{ABSENT},null{ABSENT},null{ABSENT},null{ABSENT},null{ABSENT},null{ABSENT},null{ABSENT},null{ABSENT},null{ABSENT},null{ABSENT},null{ABSENT},null{ABSENT},null{ABSENT},null{ABSENT},null{ABSENT},null{ABSENT},null{ABSENT},null{ABSENT},null{ABSENT},null{ABSENT},null{ABSENT},null{ABSENT},null{ABSENT},null{ABSENT},null{ABSENT},null{ABSENT},null{ABSENT},null{ABSENT},null{ABSENT},null{ABSENT},null{ABSENT},null{ABSENT},null{ABSENT},null{ABSENT},null{ABSENT},null{ABSENT},null{ABSENT},null{ABSENT},null{ABSENT},null{ABSENT},null{ABSENT},null{ABSENT},null{ABSENT},null{ABSENT},null{ABSENT},null{ABSENT},null{ABSENT},null{ABSENT},null{ABSENT},null{ABSENT},null{ABSENT},null{ABSENT},null{ABSENT},null{ABSENT},null{ABSENT},null{ABSENT},null{ABSENT},null{ABSENT},null{ABSENT},null{ABSENT},null{ABSENT},null{ABSENT},null{ABSENT},null{ABSENT},null{ABSENT},null{ABSENT},null{ABSENT},null{ABSENT},null{ABSENT},null{ABSENT},null{ABSENT},null{ABSENT},null{ABSENT},null{ABSENT},null{ABSENT},null{ABSENT},null{ABSENT},null{ABSENT},null{ABSENT},null{ABSENT},null{ABSENT},null{ABSENT},null{ABSENT},null{ABSENT},null{ABSENT},null{ABSENT},null{ABSENT},null{ABSENT},null{ABSENT},null{ABSENT},null{ABSENT},null{ABSENT},null{ABSENT},null{ABSENT},null{ABSENT},null{ABSENT},null{ABSENT},null{ABSENT},null{ABSENT},null{ABSENT},null{ABSENT},null{ABSENT},null{ABSENT},null{ABSENT},null{ABSENT},null{ABSENT},null{ABSENT},null{ABSENT},null{ABSENT},null{ABSENT},null{ABSENT},null{ABSENT},null{ABSENT},null{ABSENT},null{ABSENT},null{ABSENT},null{ABSENT},null{ABSENT},null{ABSENT},null{ABSENT},null{ABSENT},null{ABSENT},null{ABSENT},null{ABSENT},null{ABSENT},null{ABSENT},null{ABSENT},null{ABSENT},null{ABSENT},null{ABSENT},null{ABSENT},null{ABSENT},null{ABSENT},null{ABSENT},null{ABSENT},null{ABSENT},null{ABSENT},null{ABSENT},null{ABSENT},null{ABSENT},null{ABSENT},null{ABSENT},null{ABSENT},null{ABSENT},null{ABSENT},null{ABSENT},null{ABSENT},null{ABSENT},null{ABSENT},null{ABSENT},null{ABSENT},null{ABSENT},null{ABSENT},null{ABSENT},null{ABSENT},null{ABSENT},null{ABSENT},null{ABSENT},null{ABSENT},null{ABSENT},null{ABSENT},null{ABSENT},null{ABSENT},null{ABSENT},null{ABSENT},null{ABSENT},null{ABSENT},null{ABSENT},null{ABSENT},null{ABSENT},null{ABSENT},null{ABSENT},null{ABSENT},null{ABSENT},null{ABSENT},null{ABSENT},null{ABSENT},null{ABSENT},null{ABSENT},null{ABSENT},null{ABSENT},null{ABSENT},null{ABSENT},null{ABSENT},null{ABSENT},null{ABSENT},null{ABSENT},null{ABSENT},null{ABSENT},null{ABSENT},null{ABSENT},null{ABSENT},null{ABSENT},null{ABSENT},null{ABSENT},null{ABSENT},null{ABSENT},null{ABSENT},null{ABSENT},null{ABSENT},null{ABSENT},null{ABSENT},null{ABSENT},null{ABSENT},null{ABSENT},null{ABSENT},null{ABSENT},null{ABSENT},null{ABSENT},null{ABSENT},null{ABSENT},null{ABSENT},null{ABSENT},null{ABSENT},null{ABSENT},null{ABSENT},null{ABSENT},null{ABSENT},null{ABSENT},null{ABSENT},null{ABSENT},null{ABSENT},null{ABSENT},null{ABSENT},null{ABSENT},null{ABSENT},null{ABSENT},null{ABSENT},null{ABSENT},null{ABSENT},null{ABSENT},null{ABSENT},null{ABSENT},null{ABSENT},null{ABSENT},null{ABSENT},null{ABSENT},null{ABSENT},null{ABSENT},null{ABSENT},null{ABSENT},null{ABSENT},null{ABSENT},null{ABSENT},null{ABSENT},null{ABSENT},null{ABSENT},null{ABSENT},null{ABSENT},null{ABSENT},null{ABSENT},null{ABSENT},null{ABSENT},null{ABSENT},null{ABSENT},null{ABSENT},null{ABSENT},null{ABSENT},null{ABSENT},null{ABSENT},null{ABSENT},null{ABSENT},null{ABSENT},null{ABSENT},null{ABSENT},null{ABSENT},null{ABSENT},null{ABSENT},null{ABSENT},null{ABSENT},null{ABSENT},null{ABSENT},null{ABSENT},null{ABSENT},null{ABSENT},null{ABSENT},null{ABSENT},null{ABSENT},null{ABSENT},null{ABSENT},null{ABSENT},null{ABSENT},null{ABSENT},null{ABSENT},null{ABSENT},null{ABSENT},null{ABSENT},null{ABSENT},null{ABSENT},null{ABSENT},null{ABSENT},null{ABSENT},null{ABSENT},null{ABSENT},null{ABSENT},null{ABSENT},null{ABSENT},null{ABSENT},null{ABSENT},null{ABSENT},null{ABSENT},null{ABSENT},null{ABSENT},null{ABSENT},null{ABSENT},null{ABSENT},null{ABSENT},null{ABSENT},null{ABSENT},null{ABSENT},null{ABSENT},null{ABSENT},null{ABSENT},null{ABSENT},null{ABSENT},null{ABSENT},null{ABSENT},null{ABSENT},null{ABSENT},null{ABSENT},null{ABSENT},null{ABSENT},null{ABSENT},null{ABSENT},null{ABSENT},null{ABSENT},null{ABSENT},null{ABSENT},null{ABSENT},null{ABSENT},null{ABSENT},null{ABSENT},null{ABSENT},null{ABSENT},null{ABSENT},null{ABSENT},null{ABSENT},null{ABSENT},null{ABSENT}
R62,,,,,,,,,,,,,,,,,,,,,,,,,,,,,,,,,,,,,,,,,,,,,,,,,,,,,,,,,,,,,,,,,,,,,,,,,,,,,,,,,,,,,,,,,,,,,,,,,,,,,,,,,,,,,,,,,,,,,,,,,,,,,,,,,,,,,,,,,,,,,,,,,,,,,,,,,,,,,,,,,,,,,,,,,,,,,,,,,,,,,,,,,,,,,,,,,,,,,,,,,,,,,,,,,,,,,,,,,,,,,,,,,,,,,,,,,,,,,,,,,,,,,,,,,,,,,,,,,,,,,,,,,,,,,,,,,,,,,,,,,,,,,,,,,,,,,,,,,,,,,,,,,,,,,,,,,,,,,,,,,,,,,,,,,,,,,,,,,,,,,,,,,,,,,,,,,,,,,,,,,,,,,,,,,,,,,,,,,,,,,,,,,,,,,,,,,,,,,,,,,,,,,,,,,,,,,,,,,,,,,,,,,,,,,,,,,,,,,,,,,,,,,,,,,,,,,,,,,,,,,,,,,,,,,,,,,,,,,,,,,,,,,,,,,,,,,,,,,,,,,,,,,,,,
R63,,,,,,,,,,,,,,,,,,,,,,,,,,,,,,,,,,,,,,,,,,,,,,,,,,,,,,,,,,,,,,,,,,,,,,,,,,,,,,,,,,,,,,,,,,,,,,,,,,,,,,,,,,,,,,,,,,,,,,,,,,,,,,,,,,,,,,,,,,,,,,,,,,,,,,,,,,,,,,,,,,,,,,,,,,,,,,,,,,,,,,,,,,,,,,,,,,,,,,,,,,,,,,,,,,,,,,,,,,,,,,,,,,,,,,,,,,,,,,,,,,,,,,,,,,,,,,,,,,,,,,,,,,,,,,,,,,,,,,,,,,,,,,,,,,,,,,,,,,,,,,,,,,,,,,,,,,,,,,,,,,,,,,,,,,,,,,,,,,,,,,,,,,,,,,,,,,,,,,,,,,,,,,,,,,,,,,,,,,,,,,,,,,,,,,,,,,,,,,,,,,,,,,,,,,,,,,,,,,,,,,,,,,,,,,,,,,,,,,,,,,,,,,,,,,,,,,,,,,,,,,,,,,,,,,,,,,,,,,,,,,,,,,,,,,,,,,,,,,,,,,,,,,,,
R64,,,,,,,,,,,,,,,,,,,,,,,,,,,,,,,,,,,,,,,,,,,,,,,,,,,,,,,,,,,,,,,,,,,,,,,,,,,,,,,,,,,,,,,,,,,,,,,,,,,,,,,,,,,,,,,,,,,,,,,,,,,,,,,,,,,,,,,,,,,,,,,,,,,,,,,,,,,,,,,,,,,,,,,,,,,,,,,,,,,,,,,,,,,,,,,,,,,,,,,,,,,,,,,,,,,,,,,,,,,,,,,,,,,,,,,,,,,,,,,,,,,,,,,,,,,,,,,,,,,,,,,,,,,,,,,,,,,,,,,,,,,,,,,,,,,,,,,,,,,,,,,,,,,,,,,,,,,,,,,,,,,,,,,,,,,,,,,,,,,,,,,,,,,,,,,,,,,,,,,,,,,,,,,,,,,,,,,,,,,,,,,,,,,,,,,,,,,,,,,,,,,,,,,,,,,,,,,,,,,,,,,,,,,,,,,,,,,,,,,,,,,,,,,,,,,,,,,,,,,,,,,,,,,,,,,,,,,,,,,,,,,,,,,,,,,,,,,,,,,,,,,,,,,,
R65,,,,,,,,,,,,,,,,,,,,,,,,,,,,,,,,,,,,,,,,,,,,,,,,,,,,,,,,,,,,,,,,,,,,,,,,,,,,,,,,,,,,,,,,,,,,,,,,,,,,,,,,,,,,,,,,,,,,,,,,,,,,,,,,,,,,,,,,,,,,,,,,,,,,,,,,,,,,,,,,,,,,,,,,,,,,,,,,,,,,,,,,,,,,,,,,,,,,,,,,,,,,,,,,,,,,,,,,,,,,,,,,,,,,,,,,,,,,,,,,,,,,,,,,,,,,,,,,,,,,,,,,,,,,,,,,,,,,,,,,,,,,,,,,,,,,,,,,,,,,,,,,,,,,,,,,,,,,,,,,,,,,,,,,,,,,,,,,,,,,,,,,,,,,,,,,,,,,,,,,,,,,,,,,,,,,,,,,,,,,,,,,,,,,,,,,,,,,,,,,,,,,,,,,,,,,,,,,,,,,,,,,,,,,,,,,,,,,,,,,,,,,,,,,,,,,,,,,,,,,,,,,,,,,,,,,,,,,,,,,,,,,,,,,,,,,,,,,,,,,,,,,,,,,
R66,,,,,,,,,,,,,,,,,,,,,,,,,,,,,,,,,,,,,,,,,,,,,,,,,,,,,,,,,,,,,,,,,,,,,,,,,,,,,,,,,,,,,,,,,,,,,,,,,,,,,,,,,,,,,,,,,,,,,,,,,,,,,,,,,,,,,,,,,,,,,,,,,,,,,,,,,,,,,,,,,,,,,,,,,,,,,,,,,,,,,,,,,,,,,,,,,,,,,,,,,,,,,,,,,,,,,,,,,,,,,,,,,,,,,,,,,,,,,,,,,,,,,,,,,,,,,,,,,,,,,,,,,,,,,,,,,,,,,,,,,,,,,,,,,,,,,,,,,,,,,,,,,,,,,,,,,,,,,,,,,,,,,,,,,,,,,,,,,,,,,,,,,,,,,,,,,,,,,,,,,,,,,,,,,,,,,,,,,,,,,,,,,,,,,,,,,,,,,,,,,,,,,,,,,,,,,,,,,,,,,,,,,,,,,,,,,,,,,,,,,,,,,,,,,,,,,,,,,,,,,,,,,,,,,,,,,,,,,,,,,,,,,,,,,,,,,,,,,,,,,,,,,,,,
R67,,,,,,,,,,,,,,,,,,,,,,,,,,,,,,,,,,,,,,,,,,,,,,,,,,,,,,,,,,,,,,,,,,,,,,,,,,,,,,,,,,,,,,,,,,,,,,,,,,,,,,,,,,,,,,,,,,,,,,,,,,,,,,,,,,,,,,,,,,,,,,,,,,,,,,,,,,,,,,,,,,,,,,,,,,,,,,,,,,,,,,,,,,,,,,,,,,,,,,,,,,,,,,,,,,,,,,,,,,,,,,,,,,,,,,,,,,,,,,,,,,,,,,,,,,,,,,,,,,,,,,,,,,,,,,,,,,,,,,,,,,,,,,,,,,,,,,,,,,,,,,,,,,,,,,,,,,,,,,,,,,,,,,,,,,,,,,,,,,,,,,,,,,,,,,,,,,,,,,,,,,,,,,,,,,,,,,,,,,,,,,,,,,,,,,,,,,,,,,,,,,,,,,,,,,,,,,,,,,,,,,,,,,,,,,,,,,,,,,,,,,,,,,,,,,,,,,,,,,,,,,,,,,,,,,,,,,,,,,,,,,,,,,,,,,,,,,,,,,,,,,,,,,,,
R68,,,,,,,,,,,,,,,,,,,,,,,,,,,,,,,,,,,,,,,,,,,,,,,,,,,,,,,,,,,,,,,,,,,,,,,,,,,,,,,,,,,,,,,,,,,,,,,,,,,,,,,,,,,,,,,,,,,,,,,,,,,,,,,,,,,,,,,,,,,,,,,,,,,,,,,,,,,,,,,,,,,,,,,,,,,,,,,,,,,,,,,,,,,,,,,,,,,,,,,,,,,,,,,,,,,,,,,,,,,,,,,,,,,,,,,,,,,,,,,,,,,,,,,,,,,,,,,,,,,,,,,,,,,,,,,,,,,,,,,,,,,,,,,,,,,,,,,,,,,,,,,,,,,,,,,,,,,,,,,,,,,,,,,,,,,,,,,,,,,,,,,,,,,,,,,,,,,,,,,,,,,,,,,,,,,,,,,,,,,,,,,,,,,,,,,,,,,,,,,,,,,,,,,,,,,,,,,,,,,,,,,,,,,,,,,,,,,,,,,,,,,,,,,,,,,,,,,,,,,,,,,,,,,,,,,,,,,,,,,,,,,,,,,,,,,,,,,,,,,,,,,,,,,,
R69,,,,,,,,,,,,,,,,,,,,,,,,,,,,,,,,,,,,,,,,,,,,,,,,,,,,,,,,,,,,,,,,,,,,,,,,,,,,,,,,,,,,,,,,,,,,,,,,,,,,,,,,,,,,,,,,,,,,,,,,,,,,,,,,,,,,,,,,,,,,,,,,,,,,,,,,,,,,,,,,,,,,,,,,,,,,,,,,,,,,,,,,,,,,,,,,,,,,,,,,,,,,,,,,,,,,,,,,,,,,,,,,,,,,,,,,,,,,,,,,,,,,,,,,,,,,,,,,,,,,,,,,,,,,,,,,,,,,,,,,,,,,,,,,,,,,,,,,,,,,,,,,,,,,,,,,,,,,,,,,,,,,,,,,,,,,,,,,,,,,,,,,,,,,,,,,,,,,,,,,,,,,,,,,,,,,,,,,,,,,,,,,,,,,,,,,,,,,,,,,,,,,,,,,,,,,,,,,,,,,,,,,,,,,,,,,,,,,,,,,,,,,,,,,,,,,,,,,,,,,,,,,,,,,,,,,,,,,,,,,,,,,,,,,,,,,,,,,,,,,,,,,,,,,
R70,,,,,,,,,,,,,,,,,,,,,,,,,,,,,,,,,,,,,,,,,,,,,,,,,,,,,,,,,,,,,,,,,,,,,,,,,,,,,,,,,,,,,,,,,,,,,,,,,,,,,,,,,,,,,,,,,,,,,,,,,,,,,,,,,,,,,,,,,,,,,,,,,,,,,,,,,,,,,,,,,,,,,,,,,,,,,,,,,,,,,,,,,,,,,,,,,,,,,,,,,,,,,,,,,,,,,,,,,,,,,,,,,,,,,,,,,,,,,,,,,,,,,,,,,,,,,,,,,,,,,,,,,,,,,,,,,,,,,,,,,,,,,,,,,,,,,,,,,,,,,,,,,,,,,,,,,,,,,,,,,,,,,,,,,,,,,,,,,,,,,,,,,,,,,,,,,,,,,,,,,,,,,,,,,,,,,,,,,,,,,,,,,,,,,,,,,,,,,,,,,,,,,,,,,,,,,,,,,,,,,,,,,,,,,,,,,,,,,,,,,,,,,,,,,,,,,,,,,,,,,,,,,,,,,,,,,,,,,,,,,,,,,,,,,,,,,,,,,,,,,,,,,,,,
R71,,,,,,,,,,,,,,,,,,,,,,,,,,,,,,,,,,,,,,,,,,,,,,,,,,,,,,,,,,,,,,,,,,,,,,,,,,,,,,,,,,,,,,,,,,,,,,,,,,,,,,,,,,,,,,,,,,,,,,,,,,,,,,,,,,,,,,,,,,,,,,,,,,,,,,,,,,,,,,,,,,,,,,,,,,,,,,,,,,,,,,,,,,,,,,,,,,,,,,,,,,,,,,,,,,,,,,,,,,,,,,,,,,,,,,,,,,,,,,,,,,,,,,,,,,,,,,,,,,,,,,,,,,,,,,,,,,,,,,,,,,,,,,,,,,,,,,,,,,,,,,,,,,,,,,,,,,,,,,,,,,,,,,,,,,,,,,,,,,,,,,,,,,,,,,,,,,,,,,,,,,,,,,,,,,,,,,,,,,,,,,,,,,,,,,,,,,,,,,,,,,,,,,,,,,,,,,,,,,,,,,,,,,,,,,,,,,,,,,,,,,,,,,,,,,,,,,,,,,,,,,,,,,,,,,,,,,,,,,,,,,,,,,,,,,,,,,,,,,,,,,,,,,,,
R72,,,,,,,,,,,,,,,,,,,,,,,,,,,,,,,,,,,,,,,,,,,,,,,,,,,,,,,,,,,,,,,,,,,,,,,,,,,,,,,,,,,,,,,,,,,,,,,,,,,,,,,,,,,,,,,,,,,,,,,,,,,,,,,,,,,,,,,,,,,,,,,,,,,,,,,,,,,,,,,,,,,,,,,,,,,,,,,,,,,,,,,,,,,,,,,,,,,,,,,,,,,,,,,,,,,,,,,,,,,,,,,,,,,,,,,,,,,,,,,,,,,,,,,,,,,,,,,,,,,,,,,,,,,,,,,,,,,,,,,,,,,,,,,,,,,,,,,,,,,,,,,,,,,,,,,,,,,,,,,,,,,,,,,,,,,,,,,,,,,,,,,,,,,,,,,,,,,,,,,,,,,,,,,,,,,,,,,,,,,,,,,,,,,,,,,,,,,,,,,,,,,,,,,,,,,,,,,,,,,,,,,,,,,,,,,,,,,,,,,,,,,,,,,,,,,,,,,,,,,,,,,,,,,,,,,,,,,,,,,,,,,,,,,,,,,,,,,,,,,,,,,,,,,,
R73,,,,,,,,,,,,,,,,,,,,,,,,,,,,,,,,,,,,,,,,,,,,,,,,,,,,,,,,,,,,,,,,,,,,,,,,,,,,,,,,,,,,,,,,,,,,,,,,,,,,,,,,,,,,,,,,,,,,,,,,,,,,,,,,,,,,,,,,,,,,,,,,,,,,,,,,,,,,,,,,,,,,,,,,,,,,,,,,,,,,,,,,,,,,,,,,,,,,,,,,,,,,,,,,,,,,,,,,,,,,,,,,,,,,,,,,,,,,,,,,,,,,,,,,,,,,,,,,,,,,,,,,,,,,,,,,,,,,,,,,,,,,,,,,,,,,,,,,,,,,,,,,,,,,,,,,,,,,,,,,,,,,,,,,,,,,,,,,,,,,,,,,,,,,,,,,,,,,,,,,,,,,,,,,,,,,,,,,,,,,,,,,,,,,,,,,,,,,,,,,,,,,,,,,,,,,,,,,,,,,,,,,,,,,,,,,,,,,,,,,,,,,,,,,,,,,,,,,,,,,,,,,,,,,,,,,,,,,,,,,,,,,,,,,,,,,,,,,,,,,,,,,,,,,
R74,,,,,,,,,,,,,,,,,,,,,,,,,,,,,,,,,,,,,,,,,,,,,,,,,,,,,,,,,,,,,,,,,,,,,,,,,,,,,,,,,,,,,,,,,,,,,,,,,,,,,,,,,,,,,,,,,,,,,,,,,,,,,,,,,,,,,,,,,,,,,,,,,,,,,,,,,,,,,,,,,,,,,,,,,,,,,,,,,,,,,,,,,,,,,,,,,,,,,,,,,,,,,,,,,,,,,,,,,,,,,,,,,,,,,,,,,,,,,,,,,,,,,,,,,,,,,,,,,,,,,,,,,,,,,,,,,,,,,,,,,,,,,,,,,,,,,,,,,,,,,,,,,,,,,,,,,,,,,,,,,,,,,,,,,,,,,,,,,,,,,,,,,,,,,,,,,,,,,,,,,,,,,,,,,,,,,,,,,,,,,,,,,,,,,,,,,,,,,,,,,,,,,,,,,,,,,,,,,,,,,,,,,,,,,,,,,,,,,,,,,,,,,,,,,,,,,,,,,,,,,,,,,,,,,,,,,,,,,,,,,,,,,,,,,,,,,,,,,,,,,,,,,,,,
R75,,,,,,,,,,,,,,,,,,,,,,,,,,,,,,,,,,,,,,,,,,,,,,,,,,,,,,,,,,,,,,,,,,,,,,,,,,,,,,,,,,,,,,,,,,,,,,,,,,,,,,,,,,,,,,,,,,,,,,,,,,,,,,,,,,,,,,,,,,,,,,,,,,,,,,,,,,,,,,,,,,,,,,,,,,,,,,,,,,,,,,,,,,,,,,,,,,,,,,,,,,,,,,,,,,,,,,,,,,,,,,,,,,,,,,,,,,,,,,,,,,,,,,,,,,,,,,,,,,,,,,,,,,,,,,,,,,,,,,,,,,,,,,,,,,,,,,,,,,,,,,,,,,,,,,,,,,,,,,,,,,,,,,,,,,,,,,,,,,,,,,,,,,,,,,,,,,,,,,,,,,,,,,,,,,,,,,,,,,,,,,,,,,,,,,,,,,,,,,,,,,,,,,,,,,,,,,,,,,,,,,,,,,,,,,,,,,,,,,,,,,,,,,,,,,,,,,,,,,,,,,,,,,,,,,,,,,,,,,,,,,,,,,,,,,,,,,,,,,,,,,,,,,,,
R76,,,,,,,,,,,,,,,,,,,,,,,,,,,,,,,,,,,,,,,,,,,,,,,,,,,,,,,,,,,,,,,,,,,,,,,,,,,,,,,,,,,,,,,,,,,,,,,,,,,,,,,,,,,,,,,,,,,,,,,,,,,,,,,,,,,,,,,,,,,,,,,,,,,,,,,,,,,,,,,,,,,,,,,,,,,,,,,,,,,,,,,,,,,,,,,,,,,,,,,,,,,,,,,,,,,,,,,,,,,,,,,,,,,,,,,,,,,,,,,,,,,,,,,,,,,,,,,,,,,,,,,,,,,,,,,,,,,,,,,,,,,,,,,,,,,,,,,,,,,,,,,,,,,,,,,,,,,,,,,,,,,,,,,,,,,,,,,,,,,,,,,,,,,,,,,,,,,,,,,,,,,,,,,,,,,,,,,,,,,,,,,,,,,,,,,,,,,,,,,,,,,,,,,,,,,,,,,,,,,,,,,,,,,,,,,,,,,,,,,,,,,,,,,,,,,,,,,,,,,,,,,,,,,,,,,,,,,,,,,,,,,,,,,,,,,,,,,,,,,,,,,,,,,,
R77,,,,,,,,,,,,,,,,,,,,,,,,,,,,,,,,,,,,,,,,,,,,,,,,,,,,,,,,,,,,,,,,,,,,,,,,,,,,,,,,,,,,,,,,,,,,,,,,,,,,,,,,,,,,,,,,,,,,,,,,,,,,,,,,,,,,,,,,,,,,,,,,,,,,,,,,,,,,,,,,,,,,,,,,,,,,,,,,,,,,,,,,,,,,,,,,,,,,,,,,,,,,,,,,,,,,,,,,,,,,,,,,,,,,,,,,,,,,,,,,,,,,,,,,,,,,,,,,,,,,,,,,,,,,,,,,,,,,,,,,,,,,,,,,,,,,,,,,,,,,,,,,,,,,,,,,,,,,,,,,,,,,,,,,,,,,,,,,,,,,,,,,,,,,,,,,,,,,,,,,,,,,,,,,,,,,,,,,,,,,,,,,,,,,,,,,,,,,,,,,,,,,,,,,,,,,,,,,,,,,,,,,,,,,,,,,,,,,,,,,,,,,,,,,,,,,,,,,,,,,,,,,,,,,,,,,,,,,,,,,,,,,,,,,,,,,,,,,,,,,,,,,,,,,
R78,,,,,,,,,,,,,,,,,,,,,,,,,,,,,,,,,,,,,,,,,,,,,,,,,,,,,,,,,,,,,,,,,,,,,,,,,,,,,,,,,,,,,,,,,,,,,,,,,,,,,,,,,,,,,,,,,,,,,,,,,,,,,,,,,,,,,,,,,,,,,,,,,,,,,,,,,,,,,,,,,,,,,,,,,,,,,,,,,,,,,,,,,,,,,,,,,,,,,,,,,,,,,,,,,,,,,,,,,,,,,,,,,,,,,,,,,,,,,,,,,,,,,,,,,,,,,,,,,,,,,,,,,,,,,,,,,,,,,,,,,,,,,,,,,,,,,,,,,,,,,,,,,,,,,,,,,,,,,,,,,,,,,,,,,,,,,,,,,,,,,,,,,,,,,,,,,,,,,,,,,,,,,,,,,,,,,,,,,,,,,,,,,,,,,,,,,,,,,,,,,,,,,,,,,,,,,,,,,,,,,,,,,,,,,,,,,,,,,,,,,,,,,,,,,,,,,,,,,,,,,,,,,,,,,,,,,,,,,,,,,,,,,,,,,,,,,,,,,,,,,,,,,,,,
R79,,,,,,,,,,,,,,,,,,,,,,,,,,,,,,,,,,,,,,,,,,,,,,,,,,,,,,,,,,,,,,,,,,,,,,,,,,,,,,,,,,,,,,,,,,,,,,,,,,,,,,,,,,,,,,,,,,,,,,,,,,,,,,,,,,,,,,,,,,,,,,,,,,,,,,,,,,,,,,,,,,,,,,,,,,,,,,,,,,,,,,,,,,,,,,,,,,,,,,,,,,,,,,,,,,,,,,,,,,,,,,,,,,,,,,,,,,,,,,,,,,,,,,,,,,,,,,,,,,,,,,,,,,,,,,,,,,,,,,,,,,,,,,,,,,,,,,,,,,,,,,,,,,,,,,,,,,,,,,,,,,,,,,,,,,,,,,,,,,,,,,,,,,,,,,,,,,,,,,,,,,,,,,,,,,,,,,,,,,,,,,,,,,,,,,,,,,,,,,,,,,,,,,,,,,,,,,,,,,,,,,,,,,,,,,,,,,,,,,,,,,,,,,,,,,,,,,,,,,,,,,,,,,,,,,,,,,,,,,,,,,,,,,,,,,,,,,,,,,,,,,,,,,,,
R80,,,,,,,,,,,,,,,,,,,,,,,,,,,,,,,,,,,,,,,,,,,,,,,,,,,,,,,,,,,,,,,,,,,,,,,,,,,,,,,,,,,,,,,,,,,,,,,,,,,,,,,,,,,,,,,,,,,,,,,,,,,,,,,,,,,,,,,,,,,,,,,,,,,,,,,,,,,,,,,,,,,,,,,,,,,,,,,,,,,,,,,,,,,,,,,,,,,,,,,,,,,,,,,,,,,,,,,,,,,,,,,,,,,,,,,,,,,,,,,,,,,,,,,,,,,,,,,,,,,,,,,,,,,,,,,,,,,,,,,,,,,,,,,,,,,,,,,,,,,,,,,,,,,,,,,,,,,,,,,,,,,,,,,,,,,,,,,,,,,,,,,,,,,,,,,,,,,,,,,,,,,,,,,,,,,,,,,,,,,,,,,,,,,,,,,,,,,,,,,,,,,,,,,,,,,,,,,,,,,,,,,,,,,,,,,,,,,,,,,,,,,,,,,,,,,,,,,,,,,,,,,,,,,,,,,,,,,,,,,,,,,,,,,,,,,,,,,,,,,,,,,,,,,,
R81,,,,,,,,,,,,,,,,,,,,,,,,,,,,,,,,,,,,,,,,,,,,,,,,,,,,,,,,,,,,,,,,,,,,,,,,,,,,,,,,,,,,,,,,,,,,,,,,,,,,,,,,,,,,,,,,,,,,,,,,,,,,,,,,,,,,,,,,,,,,,,,,,,,,,,,,,,,,,,,,,,,,,,,,,,,,,,,,,,,,,,,,,,,,,,,,,,,,,,,,,,,,,,,,,,,,,,,,,,,,,,,,,,,,,,,,,,,,,,,,,,,,,,,,,,,,,,,,,,,,,,,,,,,,,,,,,,,,,,,,,,,,,,,,,,,,,,,,,,,,,,,,,,,,,,,,,,,,,,,,,,,,,,,,,,,,,,,,,,,,,,,,,,,,,,,,,,,,,,,,,,,,,,,,,,,,,,,,,,,,,,,,,,,,,,,,,,,,,,,,,,,,,,,,,,,,,,,,,,,,,,,,,,,,,,,,,,,,,,,,,,,,,,,,,,,,,,,,,,,,,,,,,,,,,,,,,,,,,,,,,,,,,,,,,,,,,,,,,,,,,,,,,,,,
R82,,,,,,,,,,,,,,,,,,,,,,,,,,,,,,,,,,,,,,,,,,,,,,,,,,,,,,,,,,,,,,,,,,,,,,,,,,,,,,,,,,,,,,,,,,,,,,,,,,,,,,,,,,,,,,,,,,,,,,,,,,,,,,,,,,,,,,,,,,,,,,,,,,,,,,,,,,,,,,,,,,,,,,,,,,,,,,,,,,,,,,,,,,,,,,,,,,,,,,,,,,,,,,,,,,,,,,,,,,,,,,,,,,,,,,,,,,,,,,,,,,,,,,,,,,,,,,,,,,,,,,,,,,,,,,,,,,,,,,,,,,,,,,,,,,,,,,,,,,,,,,,,,,,,,,,,,,,,,,,,,,,,,,,,,,,,,,,,,,,,,,,,,,,,,,,,,,,,,,,,,,,,,,,,,,,,,,,,,,,,,,,,,,,,,,,,,,,,,,,,,,,,,,,,,,,,,,,,,,,,,,,,,,,,,,,,,,,,,,,,,,,,,,,,,,,,,,,,,,,,,,,,,,,,,,,,,,,,,,,,,,,,,,,,,,,,,,,,,,,,,,,,,,,,
R83,,,,,,,,,,,,,,,,,,,,,,,,,,,,,,,,,,,,,,,,,,,,,,,,,,,,,,,,,,,,,,,,,,,,,,,,,,,,,,,,,,,,,,,,,,,,,,,,,,,,,,,,,,,,,,,,,,,,,,,,,,,,,,,,,,,,,,,,,,,,,,,,,,,,,,,,,,,,,,,,,,,,,,,,,,,,,,,,,,,,,,,,,,,,,,,,,,,,,,,,,,,,,,,,,,,,,,,,,,,,,,,,,,,,,,,,,,,,,,,,,,,,,,,,,,,,,,,,,,,,,,,,,,,,,,,,,,,,,,,,,,,,,,,,,,,,,,,,,,,,,,,,,,,,,,,,,,,,,,,,,,,,,,,,,,,,,,,,,,,,,,,,,,,,,,,,,,,,,,,,,,,,,,,,,,,,,,,,,,,,,,,,,,,,,,,,,,,,,,,,,,,,,,,,,,,,,,,,,,,,,,,,,,,,,,,,,,,,,,,,,,,,,,,,,,,,,,,,,,,,,,,,,,,,,,,,,,,,,,,,,,,,,,,,,,,,,,,,,,,,,,,,,,,,
R84,,,,,,,,,,,,,,,,,,,,,,,,,,,,,,,,,,,,,,,,,,,,,,,,,,,,,,,,,,,,,,,,,,,,,,,,,,,,,,,,,,,,,,,,,,,,,,,,,,,,,,,,,,,,,,,,,,,,,,,,,,,,,,,,,,,,,,,,,,,,,,,,,,,,,,,,,,,,,,,,,,,,,,,,,,,,,,,,,,,,,,,,,,,,,,,,,,,,,,,,,,,,,,,,,,,,,,,,,,,,,,,,,,,,,,,,,,,,,,,,,,,,,,,,,,,,,,,,,,,,,,,,,,,,,,,,,,,,,,,,,,,,,,,,,,,,,,,,,,,,,,,,,,,,,,,,,,,,,,,,,,,,,,,,,,,,,,,,,,,,,,,,,,,,,,,,,,,,,,,,,,,,,,,,,,,,,,,,,,,,,,,,,,,,,,,,,,,,,,,,,,,,,,,,,,,,,,,,,,,,,,,,,,,,,,,,,,,,,,,,,,,,,,,,,,,,,,,,,,,,,,,,,,,,,,,,,,,,,,,,,,,,,,,,,,,,,,,,,,,,,,,,,,,,
R85,,,,,,,,,,,,,,,,,,,,,,,,,,,,,,,,,,,,,,,,,,,,,,,,,,,,,,,,,,,,,,,,,,,,,,,,,,,,,,,,,,,,,,,,,,,,,,,,,,,,,,,,,,,,,,,,,,,,,,,,,,,,,,,,,,,,,,,,,,,,,,,,,,,,,,,,,,,,,,,,,,,,,,,,,,,,,,,,,,,,,,,,,,,,,,,,,,,,,,,,,,,,,,,,,,,,,,,,,,,,,,,,,,,,,,,,,,,,,,,,,,,,,,,,,,,,,,,,,,,,,,,,,,,,,,,,,,,,,,,,,,,,,,,,,,,,,,,,,,,,,,,,,,,,,,,,,,,,,,,,,,,,,,,,,,,,,,,,,,,,,,,,,,,,,,,,,,,,,,,,,,,,,,,,,,,,,,,,,,,,,,,,,,,,,,,,,,,,,,,,,,,,,,,,,,,,,,,,,,,,,,,,,,,,,,,,,,,,,,,,,,,,,,,,,,,,,,,,,,,,,,,,,,,,,,,,,,,,,,,,,,,,,,,,,,,,,,,,,,,,,,,,,,,,
=Classical Proto-Albanian,null{ABSENT},null{ABSENT},null{ABSENT},null{ABSENT},null{ABSENT},null{ABSENT},null{ABSENT},null{ABSENT},null{ABSENT},null{ABSENT},null{ABSENT},null{ABSENT},null{ABSENT},null{ABSENT},null{ABSENT},null{ABSENT},null{ABSENT},null{ABSENT},null{ABSENT},null{ABSENT},null{ABSENT},null{ABSENT},null{ABSENT},null{ABSENT},null{ABSENT},null{ABSENT},null{ABSENT},null{ABSENT},null{ABSENT},null{ABSENT},null{ABSENT},null{ABSENT},null{ABSENT},null{ABSENT},null{ABSENT},null{ABSENT},null{ABSENT},null{ABSENT},null{ABSENT},null{ABSENT},null{ABSENT},null{ABSENT},null{ABSENT},null{ABSENT},null{ABSENT},null{ABSENT},null{ABSENT},null{ABSENT},null{ABSENT},null{ABSENT},null{ABSENT},null{ABSENT},null{ABSENT},null{ABSENT},null{ABSENT},null{ABSENT},null{ABSENT},null{ABSENT},null{ABSENT},null{ABSENT},null{ABSENT},null{ABSENT},null{ABSENT},null{ABSENT},null{ABSENT},null{ABSENT},null{ABSENT},null{ABSENT},null{ABSENT},null{ABSENT},null{ABSENT},null{ABSENT},null{ABSENT},null{ABSENT},null{ABSENT},null{ABSENT},null{ABSENT},null{ABSENT},null{ABSENT},null{ABSENT},null{ABSENT},null{ABSENT},null{ABSENT},null{ABSENT},null{ABSENT},null{ABSENT},null{ABSENT},null{ABSENT},null{ABSENT},null{ABSENT},null{ABSENT},null{ABSENT},null{ABSENT},null{ABSENT},null{ABSENT},null{ABSENT},null{ABSENT},null{ABSENT},null{ABSENT},null{ABSENT},null{ABSENT},null{ABSENT},null{ABSENT},null{ABSENT},null{ABSENT},null{ABSENT},null{ABSENT},null{ABSENT},null{ABSENT},null{ABSENT},null{ABSENT},null{ABSENT},null{ABSENT},null{ABSENT},null{ABSENT},null{ABSENT},null{ABSENT},null{ABSENT},null{ABSENT},null{ABSENT},null{ABSENT},null{ABSENT},null{ABSENT},null{ABSENT},null{ABSENT},null{ABSENT},null{ABSENT},null{ABSENT},null{ABSENT},null{ABSENT},null{ABSENT},null{ABSENT},null{ABSENT},null{ABSENT},null{ABSENT},null{ABSENT},null{ABSENT},null{ABSENT},null{ABSENT},null{ABSENT},null{ABSENT},null{ABSENT},null{ABSENT},null{ABSENT},null{ABSENT},null{ABSENT},null{ABSENT},null{ABSENT},null{ABSENT},null{ABSENT},null{ABSENT},null{ABSENT},null{ABSENT},null{ABSENT},null{ABSENT},null{ABSENT},null{ABSENT},null{ABSENT},null{ABSENT},null{ABSENT},null{ABSENT},null{ABSENT},null{ABSENT},null{ABSENT},null{ABSENT},null{ABSENT},null{ABSENT},null{ABSENT},null{ABSENT},null{ABSENT},null{ABSENT},null{ABSENT},null{ABSENT},null{ABSENT},null{ABSENT},null{ABSENT},null{ABSENT},null{ABSENT},null{ABSENT},null{ABSENT},null{ABSENT},null{ABSENT},null{ABSENT},null{ABSENT},null{ABSENT},null{ABSENT},null{ABSENT},null{ABSENT},null{ABSENT},null{ABSENT},null{ABSENT},null{ABSENT},null{ABSENT},null{ABSENT},null{ABSENT},null{ABSENT},null{ABSENT},null{ABSENT},null{ABSENT},null{ABSENT},null{ABSENT},null{ABSENT},null{ABSENT},null{ABSENT},null{ABSENT},null{ABSENT},null{ABSENT},null{ABSENT},null{ABSENT},null{ABSENT},null{ABSENT},null{ABSENT},null{ABSENT},null{ABSENT},null{ABSENT},null{ABSENT},null{ABSENT},null{ABSENT},null{ABSENT},null{ABSENT},null{ABSENT},null{ABSENT},null{ABSENT},null{ABSENT},null{ABSENT},null{ABSENT},null{ABSENT},null{ABSENT},null{ABSENT},null{ABSENT},null{ABSENT},null{ABSENT},null{ABSENT},null{ABSENT},null{ABSENT},null{ABSENT},null{ABSENT},null{ABSENT},null{ABSENT},null{ABSENT},null{ABSENT},null{ABSENT},null{ABSENT},null{ABSENT},null{ABSENT},null{ABSENT},null{ABSENT},null{ABSENT},null{ABSENT},null{ABSENT},null{ABSENT},null{ABSENT},null{ABSENT},null{ABSENT},null{ABSENT},null{ABSENT},null{ABSENT},null{ABSENT},null{ABSENT},null{ABSENT},null{ABSENT},null{ABSENT},null{ABSENT},null{ABSENT},null{ABSENT},null{ABSENT},null{ABSENT},null{ABSENT},null{ABSENT},null{ABSENT},null{ABSENT},null{ABSENT},null{ABSENT},null{ABSENT},null{ABSENT},null{ABSENT},null{ABSENT},null{ABSENT},null{ABSENT},null{ABSENT},null{ABSENT},null{ABSENT},null{ABSENT},null{ABSENT},null{ABSENT},null{ABSENT},null{ABSENT},null{ABSENT},null{ABSENT},null{ABSENT},null{ABSENT},null{ABSENT},null{ABSENT},null{ABSENT},null{ABSENT},null{ABSENT},null{ABSENT},null{ABSENT},null{ABSENT},null{ABSENT},null{ABSENT},null{ABSENT},null{ABSENT},null{ABSENT},null{ABSENT},null{ABSENT},null{ABSENT},null{ABSENT},null{ABSENT},null{ABSENT},null{ABSENT},null{ABSENT},null{ABSENT},null{ABSENT},null{ABSENT},null{ABSENT},null{ABSENT},null{ABSENT},null{ABSENT},null{ABSENT},null{ABSENT},null{ABSENT},null{ABSENT},null{ABSENT},null{ABSENT},null{ABSENT},null{ABSENT},null{ABSENT},null{ABSENT},null{ABSENT},null{ABSENT},null{ABSENT},null{ABSENT},null{ABSENT},null{ABSENT},null{ABSENT},null{ABSENT},null{ABSENT},null{ABSENT},null{ABSENT},null{ABSENT},null{ABSENT},null{ABSENT},null{ABSENT},null{ABSENT},null{ABSENT},null{ABSENT},null{ABSENT},null{ABSENT},null{ABSENT},null{ABSENT},null{ABSENT},null{ABSENT},null{ABSENT},null{ABSENT},null{ABSENT},null{ABSENT},null{ABSENT},null{ABSENT},null{ABSENT},null{ABSENT},null{ABSENT},null{ABSENT},null{ABSENT},null{ABSENT},null{ABSENT},null{ABSENT},null{ABSENT},null{ABSENT},null{ABSENT},null{ABSENT},null{ABSENT},null{ABSENT},null{ABSENT},null{ABSENT},null{ABSENT},null{ABSENT},null{ABSENT},null{ABSENT},null{ABSENT},null{ABSENT},null{ABSENT},null{ABSENT},null{ABSENT},null{ABSENT},null{ABSENT},null{ABSENT},null{ABSENT},null{ABSENT},null{ABSENT},null{ABSENT},null{ABSENT},null{ABSENT},null{ABSENT},null{ABSENT},null{ABSENT},null{ABSENT},null{ABSENT},null{ABSENT},null{ABSENT},null{ABSENT},null{ABSENT},null{ABSENT},null{ABSENT},null{ABSENT},null{ABSENT},null{ABSENT},null{ABSENT},null{ABSENT},null{ABSENT},null{ABSENT},null{ABSENT},null{ABSENT},null{ABSENT},null{ABSENT},null{ABSENT},null{ABSENT},null{ABSENT},null{ABSENT},null{ABSENT},null{ABSENT},null{ABSENT},null{ABSENT},null{ABSENT},null{ABSENT},null{ABSENT},null{ABSENT},null{ABSENT},null{ABSENT},null{ABSENT},null{ABSENT},null{ABSENT},null{ABSENT},null{ABSENT},null{ABSENT},null{ABSENT},null{ABSENT},null{ABSENT},null{ABSENT},null{ABSENT},null{ABSENT},null{ABSENT},null{ABSENT},null{ABSENT},null{ABSENT},null{ABSENT},null{ABSENT},null{ABSENT},null{ABSENT},null{ABSENT},null{ABSENT},null{ABSENT},null{ABSENT},null{ABSENT},null{ABSENT},null{ABSENT},null{ABSENT},null{ABSENT},null{ABSENT},null{ABSENT},null{ABSENT},null{ABSENT},null{ABSENT},null{ABSENT},null{ABSENT},null{ABSENT},null{ABSENT},null{ABSENT},null{ABSENT},null{ABSENT},null{ABSENT},null{ABSENT},null{ABSENT},null{ABSENT},null{ABSENT},null{ABSENT},null{ABSENT},null{ABSENT},null{ABSENT},null{ABSENT},null{ABSENT},null{ABSENT},null{ABSENT},null{ABSENT},null{ABSENT},null{ABSENT},null{ABSENT},null{ABSENT},null{ABSENT},null{ABSENT},null{ABSENT},null{ABSENT},null{ABSENT},null{ABSENT},null{ABSENT},null{ABSENT},null{ABSENT},null{ABSENT},null{ABSENT},null{ABSENT},null{ABSENT},null{ABSENT},null{ABSENT},null{ABSENT},null{ABSENT},null{ABSENT},null{ABSENT},null{ABSENT}
R86,,,,,,,,,,,,,,,,,,,,,,,,,,,,,,,,,,,,,,,,,,,,,,,,,,,,,,,,,,,,,,,,,,,,,,,,,,,,,,,,,,,,,,,,,,,,,,,,,,,,,,,,,,,,,,,,,,,,,,,,,,,,,,,,,,,,,,,,,,,,,,,,,,,,,,,,,,,,,,,,,,,,,,,,,,,,,,,,,,,,,,,,,,,,,,,,,,,,,,,,,,,,,,,,,,,,,,,,,,,,,,,,,,,,,,,,,,,,,,,,,,,,,,,,,,,,,,,,,,,,,,,,,,,,,,,,,,,,,,,,,,,,,,,,,,,,,,,,,,,,,,,,,,,,,,,,,,,,,,,,,,,,,,,,,,,,,,,,,,,,,,,,,,,,,,,,,,,,,,,,,,,,,,,,,,,,,,,,,,,,,,,,,,,,,,,,,,,,,,,,,,,,,,,,,,,,,,,,,,,,,,,,,,,,,,,,,,,,,,,,,,,,,,,,,,,,,,,,,,,,,,,,,,,,,,,,,,,,,,,,,,,,,,,,,,,,,,,,,,,,,,,,,,,,
R87,,,,,,,,,,,,,,,,,,,,,,,,,,,,,,,,,,,,,,,,,,,,,,,,,,,,,,,,,,,,,,,,,,,,,,,,,,,,,,,,,,,,,,,,,,,,,,,,,,,,,,,,,,,,,,,,,,,,,,,,,,,,,,,,,,,,,,,,,,,,,,,,,,,,,,,,,,,,,,,,,,,,,,,,,,,,,,,,,,,,,,,,,,,,,,,,,,,,,,,,,,,,,,,,,,,,,,,,,,,,,,,,,,,,,,,,,,,,,,,,,,,,,,,,,,,,,,,,,,,,,,,,,,,,,,,,,,,,,,,,,,,,,,,,,,,,,,,,,,,,,,,,,,,,,,,,,,,,,,,,,,,,,,,,,,,,,,,,,,,,,,,,,,,,,,,,,,,,,,,,,,,,,,,,,,,,,,,,,,,,,,,,,,,,,,,,,,,,,,,,,,,,,,,,,,,,,,,,,,,,,,,,,,,,,,,,,,,,,,,,,,,,,,,,,,,,,,,,,,,,,,,,,,,,,,,,,,,,,,,,,,,,,,,,,,,,,,,,,,,,,,,,,,,,
R88,,,,,,,,,,,,,,,,,,,,,,,,,,,,,,,,,,,,,,,,,,,,,,,,,,,,,,,,,,,,,,,,,,,,,,,,,,,,,,,,,,,,,,,,,,,,,,,,,,,,,,,,,,,,,,,,,,,,,,,,,,,,,,,,,,,,,,,,,,,,,,,,,,,,,,,,,,,,,,,,,,,,,,,,,,,,,,,,,,,,,,,,,,,,,,,,,,,,,,,,,,,,,,,,,,,,,,,,,,,,,,,,,,,,,,,,,,,,,,,,,,,,,,,,,,,,,,,,,,,,,,,,,,,,,,,,,,,,,,,,,,,,,,,,,,,,,,,,,,,,,,,,,,,,,,,,,,,,,,,,,,,,,,,,,,,,,,,,,,,,,,,,,,,,,,,,,,,,,,,,,,,,,,,,,,,,,,,,,,,,,,,,,,,,,,,,,,,,,,,,,,,,,,,,,,,,,,,,,,,,,,,,,,,,,,,,,,,,,,,,,,,,,,,,,,,,,,,,,,,,,,,,,,,,,,,,,,,,,,,,,,,,,,,,,,,,,,,,,,,,,,,,,,,,
R89,,,,,,,,,,,,,,,,,,,,,,,,,,,,,,,,,,,,,,,,,,,,,,,,,,,,,,,,,,,,,,,,,,,,,,,,,,,,,,,,,,,,,,,,,,,,,,,,,,,,,,,,,,,,,,,,,,,,,,,,,,,,,,,,,,,,,,,,,,,,,,,,,,,,,,,,,,,,,,,,,,,,,,,,,,,,,,,,,,,,,,,,,,,,,,,,,,,,,,,,,,,,,,,,,,,,,,,,,,,,,,,,,,,,,,,,,,,,,,,,,,,,,,,,,,,,,,,,,,,,,,,,,,,,,,,,,,,,,,,,,,,,,,,,,,,,,,,,,,,,,,,,,,,,,,,,,,,,,,,,,,,,,,,,,,,,,,,,,,,,,,,,,,,,,,,,,,,,,,,,,,,,,,,,,,,,,,,,,,,,,,,,,,,,,,,,,,,,,,,,,,,,,,,,,,,,,,,,,,,,,,,,,,,,,,,,,,,,,,,,,,,,,,,,,,,,,,,,,,,,,,,,,,,,,,,,,,,,,,,,,,,,,,,,,,,,,,,,,,,,,,,,,,,,
R90,,,,,,,,,,,,,,,,,,,,,,,,,,,,,,,,,,,,,,,,,,,,,,,,,,,,,,,,,,,,,,,,,,,,,,,,,,,,,,,,,,,,,,,,,,,,,,,,,,,,,,,,,,,,,,,,,,,,,,,,,,,,,,,,,,,,,,,,,,,,,,,,,,,,,,,,,,,,,,,,,,,,,,,,,,,,,,,,,,,,,,,,,,,,,,,,,,,,,,,,,,,,,,,,,,,,,,,,,,,,,,,,,,,,,,,,,,,,,,,,,,,,,,,,,,,,,,,,,,,,,,,,,,,,,,,,,,,,,,,,,,,,,,,,,,,,,,,,,,,,,,,,,,,,,,,,,,,,,,,,,,,,,,,,,,,,,,,,,,,,,,,,,,,,,,,,,,,,,,,,,,,,,,,,,,,,,,,,,,,,,,,,,,,,,,,,,,,,,,,,,,,,,,,,,,,,,,,,,,,,,,,,,,,,,,,,,,,,,,,,,,,,,,,,,,,,,,,,,,,,,,,,,,,,,,,,,,,,,,,,,,,,,,,,,,,,,,,,,,,,,,,,,,,,
R91,,,,,,,,,,,,,,,,,,,,,,,,,,,,,,,,,,,,,,,,,,,,,,,,,,,,,,,,,,,,,,,,,,,,,,,,,,,,,,,,,,,,,,,,,,,,,,,,,,,,,,,,,,,,,,,,,,,,,,,,,,,,,,,,,,,,,,,,,,,,,,,,,,,,,,,,,,,,,,,,,,,,,,,,,,,,,,,,,,,,,,,,,,,,,,,,,,,,,,,,,,,,,,,,,,,,,,,,,,,,,,,,,,,,,,,,,,,,,,,,,,,,,,,,,,,,,,,,,,,,,,,,,,,,,,,,,,,,,,,,,,,,,,,,,,,,,,,,,,,,,,,,,,,,,,,,,,,,,,,,,,,,,,,,,,,,,,,,,,,,,,,,,,,,,,,,,,,,,,,,,,,,,,,,,,,,,,,,,,,,,,,,,,,,,,,,,,,,,,,,,,,,,,,,,,,,,,,,,,,,,,,,,,,,,,,,,,,,,,,,,,,,,,,,,,,,,,,,,,,,,,,,,,,,,,,,,,,,,,,,,,,,,,,,,,,,,,,,,,,,,,,,,,,,
R92,,,,,,,,,,,,,,,,,,,,,,,,,,,,,,,,,,,,,,,,,,,,,,,,,,,,,,,,,,,,,,,,,,,,,,,,,,,,,,,,,,,,,,,,,,,,,,,,,,,,,,,,,,,,,,,,,,,,,,,,,,,,,,,,,,,,,,,,,,,,,,,,,,,,,,,,,,,,,,,,,,,,,,,,,,,,,,,,,,,,,,,,,,,,,,,,,,,,,,,,,,,,,,,,,,,,,,,,,,,,,,,,,,,,,,,,,,,,,,,,,,,,,,,,,,,,,,,,,,,,,,,,,,,,,,,,,,,,,,,,,,,,,,,,,,,,,,,,,,,,,,,,,,,,,,,,,,,,,,,,,,,,,,,,,,,,,,,,,,,,,,,,,,,,,,,,,,,,,,,,,,,,,,,,,,,,,,,,,,,,,,,,,,,,,,,,,,,,,,,,,,,,,,,,,,,,,,,,,,,,,,,,,,,,,,,,,,,,,,,,,,,,,,,,,,,,,,,,,,,,,,,,,,,,,,,,,,,,,,,,,,,,,,,,,,,,,,,,,,,,,,,,,,,,
R93,,,,,,,,,,,,,,,,,,,,,,,,,,,,,,,,,,,,,,,,,,,,,,,,,,,,,,,,,,,,,,,,,,,,,,,,,,,,,,,,,,,,,,,,,,,,,,,,,,,,,,,,,,,,,,,,,,,,,,,,,,,,,,,,,,,,,,,,,,,,,,,,,,,,,,,,,,,,,,,,,,,,,,,,,,,,,,,,,,,,,,,,,,,,,,,,,,,,,,,,,,,,,,,,,,,,,,,,,,,,,,,,,,,,,,,,,,,,,,,,,,,,,,,,,,,,,,,,,,,,,,,,,,,,,,,,,,,,,,,,,,,,,,,,,,,,,,,,,,,,,,,,,,,,,,,,,,,,,,,,,,,,,,,,,,,,,,,,,,,,,,,,,,,,,,,,,,,,,,,,,,,,,,,,,,,,,,,,,,,,,,,,,,,,,,,,,,,,,,,,,,,,,,,,,,,,,,,,,,,,,,,,,,,,,,,,,,,,,,,,,,,,,,,,,,,,,,,,,,,,,,,,,,,,,,,,,,,,,,,,,,,,,,,,,,,,,,,,,,,,,,,,,,,,
R94,,,,,,,,,,,,,,,,,,,,,,,,,,,,,,,,,,,,,,,,,,,,,,,,,,,,,,,,,,,,,,,,,,,,,,,,,,,,,,,,,,,,,,,,,,,,,,,,,,,,,,,,,,,,,,,,,,,,,,,,,,,,,,,,,,,,,,,,,,,,,,,,,,,,,,,,,,,,,,,,,,,,,,,,,,,,,,,,,,,,,,,,,,,,,,,,,,,,,,,,,,,,,,,,,,,,,,,,,,,,,,,,,,,,,,,,,,,,,,,,,,,,,,,,,,,,,,,,,,,,,,,,,,,,,,,,,,,,,,,,,,,,,,,,,,,,,,,,,,,,,,,,,,,,,,,,,,,,,,,,,,,,,,,,,,,,,,,,,,,,,,,,,,,,,,,,,,,,,,,,,,,,,,,,,,,,,,,,,,,,,,,,,,,,,,,,,,,,,,,,,,,,,,,,,,,,,,,,,,,,,,,,,,,,,,,,,,,,,,,,,,,,,,,,,,,,,,,,,,,,,,,,,,,,,,,,,,,,,,,,,,,,,,,,,,,,,,,,,,,,,,,,,,,,
R95,,,,,,,,,,,,,,,,,,,,,,,,,,,,,,,,,,,,,,,,,,,,,,,,,,,,,,,,,,,,,,,,,,,,,,,,,,,,,,,,,,,,,,,,,,,,,,,,,,,,,,,,,,,,,,,,,,,,,,,,,,,,,,,,,,,,,,,,,,,,,,,,,,,,,,,,,,,,,,,,,,,,,,,,,,,,,,,,,,,,,,,,,,,,,,,,,,,,,,,,,,,,,,,,,,,,,,,,,,,,,,,,,,,,,,,,,,,,,,,,,,,,,,,,,,,,,,,,,,,,,,,,,,,,,,,,,,,,,,,,,,,,,,,,,,,,,,,,,,,,,,,,,,,,,,,,,,,,,,,,,,,,,,,,,,,,,,,,,,,,,,,,,,,,,,,,,,,,,,,,,,,,,,,,,,,,,,,,,,,,,,,,,,,,,,,,,,,,,,,,,,,,,,,,,,,,,,,,,,,,,,,,,,,,,,,,,,,,,,,,,,,,,,,,,,,,,,,,,,,,,,,,,,,,,,,,,,,,,,,,,,,,,,,,,,,,,,,,,,,,,,,,,,,,
R96,,,,,,,,,,,,,,,,,,,,,,,,,,,,,,,,,,,,,,,,,,,,,,,,,,,,,,,,,,,,,,,,,,,,,,,,,,,,,,,,,,,,,,,,,,,,,,,,,,,,,,,,,,,,,,,,,,,,,,,,,,,,,,,,,,,,,,,,,,,,,,,,,,,,,,,,,,,,,,,,,,,,,,,,,,,,,,,,,,,,,,,,,,,,,,,,,,,,,,,,,,,,,,,,,,,,,,,,,,,,,,,,,,,,,,,,,,,,,,,,,,,,,,,,,,,,,,,,,,,,,,,,,,,,,,,,,,,,,,,,,,,,,,,,,,,,,,,,,,,,,,,,,,,,,,,,,,,,,,,,,,,,,,,,,,,,,,,,,,,,,,,,,,,,,,,,,,,,,,,,,,,,,,,,,,,,,,,,,,,,,,,,,,,,,,,,,,,,,,,,,,,,,,,,,,,,,,,,,,,,,,,,,,,,,,,,,,,,,,,,,,,,,,,,,,,,,,,,,,,,,,,,,,,,,,,,,,,,,,,,,,,,,,,,,,,,,,,,,,,,,,,,,,,,
R97,,,,,,,,,,,,,,,,,,,,,,,,,,,,,,,,,,,,,,,,,,,,,,,,,,,,,,,,,,,,,,,,,,,,,,,,,,,,,,,,,,,,,,,,,,,,,,,,,,,,,,,,,,,,,,,,,,,,,,,,,,,,,,,,,,,,,,,,,,,,,,,,,,,,,,,,,,,,,,,,,,,,,,,,,,,,,,,,,,,,,,,,,,,,,,,,,,,,,,,,,,,,,,,,,,,,,,,,,,,,,,,,,,,,,,,,,,,,,,,,,,,,,,,,,,,,,,,,,,,,,,,,,,,,,,,,,,,,,,,,,,,,,,,,,,,,,,,,,,,,,,,,,,,,,,,,,,,,,,,,,,,,,,,,,,,,,,,,,,,,,,,,,,,,,,,,,,,,,,,,,,,,,,,,,,,,,,,,,,,,,,,,,,,,,,,,,,,,,,,,,,,,,,,,,,,,,,,,,,,,,,,,,,,,,,,,,,,,,,,,,,,,,,,,,,,,,,,,,,,,,,,,,,,,,,,,,,,,,,,,,,,,,,,,,,,,,,,,,,,,,,,,,,,,
R98,,,,,,,,,,,,,,,,,,,,,,,,,,,,,,,,,,,,,,,,,,,,,,,,,,,,,,,,,,,,,,,,,,,,,,,,,,,,,,,,,,,,,,,,,,,,,,,,,,,,,,,,,,,,,,,,,,,,,,,,,,,,,,,,,,,,,,,,,,,,,,,,,,,,,,,,,,,,,,,,,,,,,,,,,,,,,,,,,,,,,,,,,,,,,,,,,,,,,,,,,,,,,,,,,,,,,,,,,,,,,,,,,,,,,,,,,,,,,,,,,,,,,,,,,,,,,,,,,,,,,,,,,,,,,,,,,,,,,,,,,,,,,,,,,,,,,,,,,,,,,,,,,,,,,,,,,,,,,,,,,,,,,,,,,,,,,,,,,,,,,,,,,,,,,,,,,,,,,,,,,,,,,,,,,,,,,,,,,,,,,,,,,,,,,,,,,,,,,,,,,,,,,,,,,,,,,,,,,,,,,,,,,,,,,,,,,,,,,,,,,,,,,,,,,,,,,,,,,,,,,,,,,,,,,,,,,,,,,,,,,,,,,,,,,,,,,,,,,,,,,,,,,,,,
R99,,,,,,,,,,,,,,,,,,,,,,,,,,,,,,,,,,,,,,,,,,,,,,,,,,,,,,,,,,,,,,,,,,,,,,,,,,,,,,,,,,,,,,,,,,,,,,,,,,,,,,,,,,,,,,,,,,,,,,,,,,,,,,,,,,,,,,,,,,,,,,,,,,,,,,,,,,,,,,,,,,,,,,,,,,,,,,,,,,,,,,,,,,,,,,,,,,,,,,,,,,,,,,,,,,,,,,,,,,,,,,,,,,,,,,,,,,,,,,,,,,,,,,,,,,,,,,,,,,,,,,,,,,,,,,,,,,,,,,,,,,,,,,,,,,,,,,,,,,,,,,,,,,,,,,,,,,,,,,,,,,,,,,,,,,,,,,,,,,,,,,,,,,,,,,,,,,,,,,,,,,,,,,,,,,,,,,,,,,,,,,,,,,,,,,,,,,,,,,,,,,,,,,,,,,,,,,,,,,,,,,,,,,,,,,,,,,,,,,,,,,,,,,,,,,,,,,,,,,,,,,,,,,,,,,,,,,,,,,,,,,,,,,,,,,,,,,,,,,,,,,,,,,,,
R100,,,,,,,,,,,,,,,,,,,,,,,,,,,,,,,,,,,,,,,,,,,,,,,,,,,,,,,,,,,,,,,,,,,,,,,,,,,,,,,,,,,,,,,,,,,,,,,,,,,,,,,,,,,,,,,,,,,,,,,,,,,,,,,,,,,,,,,,,,,,,,,,,,,,,,,,,,,,,,,,,,,,,,,,,,,,,,,,,,,,,,,,,,,,,,,,,,,,,,,,,,,,,,,,,,,,,,,,,,,,,,,,,,,,,,,,,,,,,,,,,,,,,,,,,,,,,,,,,,,,,,,,,,,,,,,,,,,,,,,,,,,,,,,,,,,,,,,,,,,,,,,,,,,,,,,,,,,,,,,,,,,,,,,,,,,,,,,,,,,,,,,,,,,,,,,,,,,,,,,,,,,,,,,,,,,,,,,,,,,,,,,,,,,,,,,,,,,,,,,,,,,,,,,,,,,,,,,,,,,,,,,,,,,,,,,,,,,,,,,,,,,,,,,,,,,,,,,,,,,,,,,,,,,,,,,,,,,,,,,,,,,,,,,,,,,,,,,,,,,,,,,,,,,,
R101,,,,,,,,,,,,,,,,,,,,,,,,,,,,,,,,,,,,,,,,,,,,,,,,,,,,,,,,,,,,,,,,,,,,,,,,,,,,,,,,,,,,,,,,,,,,,,,,,,,,,,,,,,,,,,,,,,,,,,,,,,,,,,,,,,,,,,,,,,,,,,,,,,,,,,,,,,,,,,,,,,,,,,,,,,,,,,,,,,,,,,,,,,,,,,,,,,,,,,,,,,,,,,,,,,,,,,,,,,,,,,,,,,,,,,,,,,,,,,,,,,,,,,,,,,,,,,,,,,,,,,,,,,,,,,,,,,,,,,,,,,,,,,,,,,,,,,,,,,,,,,,,,,,,,,,,,,,,,,,,,,,,,,,,,,,,,,,,,,,,,,,,,,,,,,,,,,,,,,,,,,,,,,,,,,,,,,,,,,,,,,,,,,,,,,,,,,,,,,,,,,,,,,,,,,,,,,,,,,,,,,,,,,,,,,,,,,,,,,,,,,,,,,,,,,,,,,,,,,,,,,,,,,,,,,,,,,,,,,,,,,,,,,,,,,,,,,,,,,,,,,,,,,,,
R102,,,,,,,,,,,,,,,,,,,,,,,,,,,,,,,,,,,,,,,,,,,,,,,,,,,,,,,,,,,,,,,,,,,,,,,,,,,,,,,,,,,,,,,,,,,,,,,,,,,,,,,,,,,,,,,,,,,,,,,,,,,,,,,,,,,,,,,,,,,,,,,,,,,,,,,,,,,,,,,,,,,,,,,,,,,,,,,,,,,,,,,,,,,,,,,,,,,,,,,,,,,,,,,,,,,,,,,,,,,,,,,,,,,,,,,,,,,,,,,,,,,,,,,,,,,,,,,,,,,,,,,,,,,,,,,,,,,,,,,,,,,,,,,,,,,,,,,,,,,,,,,,,,,,,,,,,,,,,,,,,,,,,,,,,,,,,,,,,,,,,,,,,,,,,,,,,,,,,,,,,,,,,,,,,,,,,,,,,,,,,,,,,,,,,,,,,,,,,,,,,,,,,,,,,,,,,,,,,,,,,,,,,,,,,,,,,,,,,,,,,,,,,,,,,,,,,,,,,,,,,,,,,,,,,,,,,,,,,,,,,,,,,,,,,,,,,,,,,,,,,,,,,,,,
R103,,,,,,,,,,,,,,,,,,,,,,,,,,,,,,,,,,,,,,,,,,,,,,,,,,,,,,,,,,,,,,,,,,,,,,,,,,,,,,,,,,,,,,,,,,,,,,,,,,,,,,,,,,,,,,,,,,,,,,,,,,,,,,,,,,,,,,,,,,,,,,,,,,,,,,,,,,,,,,,,,,,,,,,,,,,,,,,,,,,,,,,,,,,,,,,,,,,,,,,,,,,,,,,,,,,,,,,,,,,,,,,,,,,,,,,,,,,,,,,,,,,,,,,,,,,,,,,,,,,,,,,,,,,,,,,,,,,,,,,,,,,,,,,,,,,,,,,,,,,,,,,,,,,,,,,,,,,,,,,,,,,,,,,,,,,,,,,,,,,,,,,,,,,,,,,,,,,,,,,,,,,,,,,,,,,,,,,,,,,,,,,,,,,,,,,,,,,,,,,,,,,,,,,,,,,,,,,,,,,,,,,,,,,,,,,,,,,,,,,,,,,,,,,,,,,,,,,,,,,,,,,,,,,,,,,,,,,,,,,,,,,,,,,,,,,,,,,,,,,,,,,,,,,,
R104,,,,,,,,,,,,,,,,,,,,,,,,,,,,,,,,,,,,,,,,,,,,,,,,,,,,,,,,,,,,,,,,,,,,,,,,,,,,,,,,,,,,,,,,,,,,,,,,,,,,,,,,,,,,,,,,,,,,,,,,,,,,,,,,,,,,,,,,,,,,,,,,,,,,,,,,,,,,,,,,,,,,,,,,,,,,,,,,,,,,,,,,,,,,,,,,,,,,,,,,,,,,,,,,,,,,,,,,,,,,,,,,,,,,,,,,,,,,,,,,,,,,,,,,,,,,,,,,,,,,,,,,,,,,,,,,,,,,,,,,,,,,,,,,,,,,,,,,,,,,,,,,,,,,,,,,,,,,,,,,,,,,,,,,,,,,,,,,,,,,,,,,,,,,,,,,,,,,,,,,,,,,,,,,,,,,,,,,,,,,,,,,,,,,,,,,,,,,,,,,,,,,,,,,,,,,,,,,,,,,,,,,,,,,,,,,,,,,,,,,,,,,,,,,,,,,,,,,,,,,,,,,,,,,,,,,,,,,,,,,,,,,,,,,,,,,,,,,,,,,,,,,,,,,
R105,,,,,,,,,,,,,,,,,,,,,,,,,,,,,,,,,,,,,,,,,,,,,,,,,,,,,,,,,,,,,,,,,,,,,,,,,,,,,,,,,,,,,,,,,,,,,,,,,,,,,,,,,,,,,,,,,,,,,,,,,,,,,,,,,,,,,,,,,,,,,,,,,,,,,,,,,,,,,,,,,,,,,,,,,,,,,,,,,,,,,,,,,,,,,,,,,,,,,,,,,,,,,,,,,,,,,,,,,,,,,,,,,,,,,,,,,,,,,,,,,,,,,,,,,,,,,,,,,,,,,,,,,,,,,,,,,,,,,,,,,,,,,,,,,,,,,,,,,,,,,,,,,,,,,,,,,,,,,,,,,,,,,,,,,,,,,,,,,,,,,,,,,,,,,,,,,,,,,,,,,,,,,,,,,,,,,,,,,,,,,,,,,,,,,,,,,,,,,,,,,,,,,,,,,,,,,,,,,,,,,,,,,,,,,,,,,,,,,,,,,,,,,,,,,,,,,,,,,,,,,,,,,,,,,,,,,,,,,,,,,,,,,,,,,,,,,,,,,,,,,,,,,,,,
R106,,,,,,,,,,,,,,,,,,,,,,,,,,,,,,,,,,,,,,,,,,,,,,,,,,,,,,,,,,,,,,,,,,,,,,,,,,,,,,,,,,,,,,,,,,,,,,,,,,,,,,,,,,,,,,,,,,,,,,,,,,,,,,,,,,,,,,,,,,,,,,,,,,,,,,,,,,,,,,,,,,,,,,,,,,,,,,,,,,,,,,,,,,,,,,,,,,,,,,,,,,,,,,,,,,,,,,,,,,,,,,,,,,,,,,,,,,,,,,,,,,,,,,,,,,,,,,,,,,,,,,,,,,,,,,,,,,,,,,,,,,,,,,,,,,,,,,,,,,,,,,,,,,,,,,,,,,,,,,,,,,,,,,,,,,,,,,,,,,,,,,,,,,,,,,,,,,,,,,,,,,,,,,,,,,,,,,,,,,,,,,,,,,,,,,,,,,,,,,,,,,,,,,,,,,,,,,,,,,,,,,,,,,,,,,,,,,,,,,,,,,,,,,,,,,,,,,,,,,,,,,,,,,,,,,,,,,,,,,,,,,,,,,,,,,,,,,,,,,,,,,,,,,,,
R107,,,,,,,,,,,,,,,,,,,,,,,,,,,,,,,,,,,,,,,,,,,,,,,,,,,,,,,,,,,,,,,,,,,,,,,,,,,,,,,,,,,,,,,,,,,,,,,,,,,,,,,,,,,,,,,,,,,,,,,,,,,,,,,,,,,,,,,,,,,,,,,,,,,,,,,,,,,,,,,,,,,,,,,,,,,,,,,,,,,,,,,,,,,,,,,,,,,,,,,,,,,,,,,,,,,,,,,,,,,,,,,,,,,,,,,,,,,,,,,,,,,,,,,,,,,,,,,,,,,,,,,,,,,,,,,,,,,,,,,,,,,,,,,,,,,,,,,,,,,,,,,,,,,,,,,,,,,,,,,,,,,,,,,,,,,,,,,,,,,,,,,,,,,,,,,,,,,,,,,,,,,,,,,,,,,,,,,,,,,,,,,,,,,,,,,,,,,,,,,,,,,,,,,,,,,,,,,,,,,,,,,,,,,,,,,,,,,,,,,,,,,,,,,,,,,,,,,,,,,,,,,,,,,,,,,,,,,,,,,,,,,,,,,,,,,,,,,,,,,,,,,,,,,,
R108,,,,,,,,,,,,,,,,,,,,,,,,,,,,,,,,,,,,,,,,,,,,,,,,,,,,,,,,,,,,,,,,,,,,,,,,,,,,,,,,,,,,,,,,,,,,,,,,,,,,,,,,,,,,,,,,,,,,,,,,,,,,,,,,,,,,,,,,,,,,,,,,,,,,,,,,,,,,,,,,,,,,,,,,,,,,,,,,,,,,,,,,,,,,,,,,,,,,,,,,,,,,,,,,,,,,,,,,,,,,,,,,,,,,,,,,,,,,,,,,,,,,,,,,,,,,,,,,,,,,,,,,,,,,,,,,,,,,,,,,,,,,,,,,,,,,,,,,,,,,,,,,,,,,,,,,,,,,,,,,,,,,,,,,,,,,,,,,,,,,,,,,,,,,,,,,,,,,,,,,,,,,,,,,,,,,,,,,,,,,,,,,,,,,,,,,,,,,,,,,,,,,,,,,,,,,,,,,,,,,,,,,,,,,,,,,,,,,,,,,,,,,,,,,,,,,,,,,,,,,,,,,,,,,,,,,,,,,,,,,,,,,,,,,,,,,,,,,,,,,,,,,,,,,
R109,,,,,,,,,,,,,,,,,,,,,,,,,,,,,,,,,,,,,,,,,,,,,,,,,,,,,,,,,,,,,,,,,,,,,,,,,,,,,,,,,,,,,,,,,,,,,,,,,,,,,,,,,,,,,,,,,,,,,,,,,,,,,,,,,,,,,,,,,,,,,,,,,,,,,,,,,,,,,,,,,,,,,,,,,,,,,,,,,,,,,,,,,,,,,,,,,,,,,,,,,,,,,,,,,,,,,,,,,,,,,,,,,,,,,,,,,,,,,,,,,,,,,,,,,,,,,,,,,,,,,,,,,,,,,,,,,,,,,,,,,,,,,,,,,,,,,,,,,,,,,,,,,,,,,,,,,,,,,,,,,,,,,,,,,,,,,,,,,,,,,,,,,,,,,,,,,,,,,,,,,,,,,,,,,,,,,,,,,,,,,,,,,,,,,,,,,,,,,,,,,,,,,,,,,,,,,,,,,,,,,,,,,,,,,,,,,,,,,,,,,,,,,,,,,,,,,,,,,,,,,,,,,,,,,,,,,,,,,,,,,,,,,,,,,,,,,,,,,,,,,,,,,,,,
R110,,,,,,,,,,,,,,,,,,,,,,,,,,,,,,,,,,,,,,,,,,,,,,,,,,,,,,,,,,,,,,,,,,,,,,,,,,,,,,,,,,,,,,,,,,,,,,,,,,,,,,,,,,,,,,,,,,,,,,,,,,,,,,,,,,,,,,,,,,,,,,,,,,,,,,,,,,,,,,,,,,,,,,,,,,,,,,,,,,,,,,,,,,,,,,,,,,,,,,,,,,,,,,,,,,,,,,,,,,,,,,,,,,,,,,,,,,,,,,,,,,,,,,,,,,,,,,,,,,,,,,,,,,,,,,,,,,,,,,,,,,,,,,,,,,,,,,,,,,,,,,,,,,,,,,,,,,,,,,,,,,,,,,,,,,,,,,,,,,,,,,,,,,,,,,,,,,,,,,,,,,,,,,,,,,,,,,,,,,,,,,,,,,,,,,,,,,,,,,,,,,,,,,,,,,,,,,,,,,,,,,,,,,,,,,,,,,,,,,,,,,,,,,,,,,,,,,,,,,,,,,,,,,,,,,,,,,,,,,,,,,,,,,,,,,,,,,,,,,,,,,,,,,,,
R111,,,,,,,,,,,,,,,,,,,,,,,,,,,,,,,,,,,,,,,,,,,,,,,,,,,,,,,,,,,,,,,,,,,,,,,,,,,,,,,,,,,,,,,,,,,,,,,,,,,,,,,,,,,,,,,,,,,,,,,,,,,,,,,,,,,,,,,,,,,,,,,,,,,,,,,,,,,,,,,,,,,,,,,,,,,,,,,,,,,,,,,,,,,,,,,,,,,,,,,,,,,,,,,,,,,,,,,,,,,,,,,,,,,,,,,,,,,,,,,,,,,,,,,,,,,,,,,,,,,,,,,,,,,,,,,,,,,,,,,,,,,,,,,,,,,,,,,,,,,,,,,,,,,,,,,,,,,,,,,,,,,,,,,,,,,,,,,,,,,,,,,,,,,,,,,,,,,,,,,,,,,,,,,,,,,,,,,,,,,,,,,,,,,,,,,,,,,,,,,,,,,,,,,,,,,,,,,,,,,,,,,,,,,,,,,,,,,,,,,,,,,,,,,,,,,,,,,,,,,,,,,,,,,,,,,,,,,,,,,,,,,,,,,,,,,,,,,,,,,,,,,,,,,,
R112,,,,,,,,,,,,,,,,,,,,,,,,,,,,,,,,,,,,,,,,,,,,,,,,,,,,,,,,,,,,,,,,,,,,,,,,,,,,,,,,,,,,,,,,,,,,,,,,,,,,,,,,,,,,,,,,,,,,,,,,,,,,,,,,,,,,,,,,,,,,,,,,,,,,,,,,,,,,,,,,,,,,,,,,,,,,,,,,,,,,,,,,,,,,,,,,,,,,,,,,,,,,,,,,,,,,,,,,,,,,,,,,,,,,,,,,,,,,,,,,,,,,,,,,,,,,,,,,,,,,,,,,,,,,,,,,,,,,,,,,,,,,,,,,,,,,,,,,,,,,,,,,,,,,,,,,,,,,,,,,,,,,,,,,,,,,,,,,,,,,,,,,,,,,,,,,,,,,,,,,,,,,,,,,,,,,,,,,,,,,,,,,,,,,,,,,,,,,,,,,,,,,,,,,,,,,,,,,,,,,,,,,,,,,,,,,,,,,,,,,,,,,,,,,,,,,,,,,,,,,,,,,,,,,,,,,,,,,,,,,,,,,,,,,,,,,,,,,,,,,,,,,,,,,
R113,,,,,,,,,,,,,,,,,,,,,,,,,,,,,,,,,,,,,,,,,,,,,,,,,,,,,,,,,,,,,,,,,,,,,,,,,,,,,,,,,,,,,,,,,,,,,,,,,,,,,,,,,,,,,,,,,,,,,,,,,,,,,,,,,,,,,,,,,,,,,,,,,,,,,,,,,,,,,,,,,,,,,,,,,,,,,,,,,,,,,,,,,,,,,,,,,,,,,,,,,,,,,,,,,,,,,,,,,,,,,,,,,,,,,,,,,,,,,,,,,,,,,,,,,,,,,,,,,,,,,,,,,,,,,,,,,,,,,,,,,,,,,,,,,,,,,,,,,,,,,,,,,,,,,,,,,,,,,,,,,,,,,,,,,,,,,,,,,,,,,,,,,,,,,,,,,,,,,,,,,,,,,,,,,,,,,,,,,,,,,,,,,,,,,,,,,,,,,,,,,,,,,,,,,,,,,,,,,,,,,,,,,,,,,,,,,,,,,,,,,,,,,,,,,,,,,,,,,,,,,,,,,,,,,,,,,,,,,,,,,,,,,,,,,,,,,,,,,,,,,,,,,,,,
R114,,,,,,,,,,,,,,,,,,,,,,,,,,,,,,,,,,,,,,,,,,,,,,,,,,,,,,,,,,,,,,,,,,,,,,,,,,,,,,,,,,,,,,,,,,,,,,,,,,,,,,,,,,,,,,,,,,,,,,,,,,,,,,,,,,,,,,,,,,,,,,,,,,,,,,,,,,,,,,,,,,,,,,,,,,,,,,,,,,,,,,,,,,,,,,,,,,,,,,,,,,,,,,,,,,,,,,,,,,,,,,,,,,,,,,,,,,,,,,,,,,,,,,,,,,,,,,,,,,,,,,,,,,,,,,,,,,,,,,,,,,,,,,,,,,,,,,,,,,,,,,,,,,,,,,,,,,,,,,,,,,,,,,,,,,,,,,,,,,,,,,,,,,,,,,,,,,,,,,,,,,,,,,,,,,,,,,,,,,,,,,,,,,,,,,,,,,,,,,,,,,,,,,,,,,,,,,,,,,,,,,,,,,,,,,,,,,,,,,,,,,,,,,,,,,,,,,,,,,,,,,,,,,,,,,,,,,,,,,,,,,,,,,,,,,,,,,,,,,,,,,,,,,,,
R115,,,,,,,,,,,,,,,,,,,,,,,,,,,,,,,,,,,,,,,,,,,,,,,,,,,,,,,,,,,,,,,,,,,,,,,,,,,,,,,,,,,,,,,,,,,,,,,,,,,,,,,,,,,,,,,,,,,,,,,,,,,,,,,,,,,,,,,,,,,,,,,,,,,,,,,,,,,,,,,,,,,,,,,,,,,,,,,,,,,,,,,,,,,,,,,,,,,,,,,,,,,,,,,,,,,,,,,,,,,,,,,,,,,,,,,,,,,,,,,,,,,,,,,,,,,,,,,,,,,,,,,,,,,,,,,,,,,,,,,,,,,,,,,,,,,,,,,,,,,,,,,,,,,,,,,,,,,,,,,,,,,,,,,,,,,,,,,,,,,,,,,,,,,,,,,,,,,,,,,,,,,,,,,,,,,,,,,,,,,,,,,,,,,,,,,,,,,,,,,,,,,,,,,,,,,,,,,,,,,,,,,,,,,,,,,,,,,,,,,,,,,,,,,,,,,,,,,,,,,,,,,,,,,,,,,,,,,,,,,,,,,,,,,,,,,,,,,,,,,,,,,,,,,,
R116,,,,,,,,,,,,,,,,,,,,,,,,,,,,,,,,,,,,,,,,,,,,,,,,,,,,,,,,,,,,,,,,,,,,,,,,,,,,,,,,,,,,,,,,,,,,,,,,,,,,,,,,,,,,,,,,,,,,,,,,,,,,,,,,,,,,,,,,,,,,,,,,,,,,,,,,,,,,,,,,,,,,,,,,,,,,,,,,,,,,,,,,,,,,,,,,,,,,,,,,,,,,,,,,,,,,,,,,,,,,,,,,,,,,,,,,,,,,,,,,,,,,,,,,,,,,,,,,,,,,,,,,,,,,,,,,,,,,,,,,,,,,,,,,,,,,,,,,,,,,,,,,,,,,,,,,,,,,,,,,,,,,,,,,,,,,,,,,,,,,,,,,,,,,,,,,,,,,,,,,,,,,,,,,,,,,,,,,,,,,,,,,,,,,,,,,,,,,,,,,,,,,,,,,,,,,,,,,,,,,,,,,,,,,,,,,,,,,,,,,,,,,,,,,,,,,,,,,,,,,,,,,,,,,,,,,,,,,,,,,,,,,,,,,,,,,,,,,,,,,,,,,,,,,
R117,,,,,,,,,,,,,,,,,,,,,,,,,,,,,,,,,,,,,,,,,,,,,,,,,,,,,,,,,,,,,,,,,,,,,,,,,,,,,,,,,,,,,,,,,,,,,,,,,,,,,,,,,,,,,,,,,,,,,,,,,,,,,,,,,,,,,,,,,,,,,,,,,,,,,,,,,,,,,,,,,,,,,,,,,,,,,,,,,,,,,,,,,,,,,,,,,,,,,,,,,,,,,,,,,,,,,,,,,,,,,,,,,,,,,,,,,,,,,,,,,,,,,,,,,,,,,,,,,,,,,,,,,,,,,,,,,,,,,,,,,,,,,,,,,,,,,,,,,,,,,,,,,,,,,,,,,,,,,,,,,,,,,,,,,,,,,,,,,,,,,,,,,,,,,,,,,,,,,,,,,,,,,,,,,,,,,,,,,,,,,,,,,,,,,,,,,,,,,,,,,,,,,,,,,,,,,,,,,,,,,,,,,,,,,,,,,,,,,,,,,,,,,,,,,,,,,,,,,,,,,,,,,,,,,,,,,,,,,,,,,,,,,,,,,,,,,,,,,,,,,,,,,,,,
R118,,,,,,,,,,,,,,,,,,,,,,,,,,,,,,,,,,,,,,,,,,,,,,,,,,,,,,,,,,,,,,,,,,,,,,,,,,,,,,,,,,,,,,,,,,,,,,,,,,,,,,,,,,,,,,,,,,,,,,,,,,,,,,,,,,,,,,,,,,,,,,,,,,,,,,,,,,,,,,,,,,,,,,,,,,,,,,,,,,,,,,,,,,,,,,,,,,,,,,,,,,,,,,,,,,,,,,,,,,,,,,,,,,,,,,,,,,,,,,,,,,,,,,,,,,,,,,,,,,,,,,,,,,,,,,,,,,,,,,,,,,,,,,,,,,,,,,,,,,,,,,,,,,,,,,,,,,,,,,,,,,,,,,,,,,,,,,,,,,,,,,,,,,,,,,,,,,,,,,,,,,,,,,,,,,,,,,,,,,,,,,,,,,,,,,,,,,,,,,,,,,,,,,,,,,,,,,,,,,,,,,,,,,,,,,,,,,,,,,,,,,,,,,,,,,,,,,,,,,,,,,,,,,,,,,,,,,,,,,,,,,,,,,,,,,,,,,,,,,,,,,,,,,,,
R119,,,,,,,,,,,,,,,,,,,,,,,,,,,,,,,,,,,,,,,,,,,,,,,,,,,,,,,,,,,,,,,,,,,,,,,,,,,,,,,,,,,,,,,,,,,,,,,,,,,,,,,,,,,,,,,,,,,,,,,,,,,,,,,,,,,,,,,,,,,,,,,,,,,,,,,,,,,,,,,,,,,,,,,,,,,,,,,,,,,,,,,,,,,,,,,,,,,,,,,,,,,,,,,,,,,,,,,,,,,,,,,,,,,,,,,,,,,,,,,,,,,,,,,,,,,,,,,,,,,,,,,,,,,,,,,,,,,,,,,,,,,,,,,,,,,,,,,,,,,,,,,,,,,,,,,,,,,,,,,,,,,,,,,,,,,,,,,,,,,,,,,,,,,,,,,,,,,,,,,,,,,,,,,,,,,,,,,,,,,,,,,,,,,,,,,,,,,,,,,,,,,,,,,,,,,,,,,,,,,,,,,,,,,,,,,,,,,,,,,,,,,,,,,,,,,,,,,,,,,,,,,,,,,,,,,,,,,,,,,,,,,,,,,,,,,,,,,,,,,,,,,,,,,,
R120,,,,,,,,,,,,,,,,,,,,,,,,,,,,,,,,,,,,,,,,,,,,,,,,,,,,,,,,,,,,,,,,,,,,,,,,,,,,,,,,,,,,,,,,,,,,,,,,,,,,,,,,,,,,,,,,,,,,,,,,,,,,,,,,,,,,,,,,,,,,,,,,,,,,,,,,,,,,,,,,,,,,,,,,,,,,,,,,,,,,,,,,,,,,,,,,,,,,,,,,,,,,,,,,,,,,,,,,,,,,,,,,,,,,,,,,,,,,,,,,,,,,,,,,,,,,,,,,,,,,,,,,,,,,,,,,,,,,,,,,,,,,,,,,,,,,,,,,,,,,,,,,,,,,,,,,,,,,,,,,,,,,,,,,,,,,,,,,,,,,,,,,,,,,,,,,,,,,,,,,,,,,,,,,,,,,,,,,,,,,,,,,,,,,,,,,,,,,,,,,,,,,,,,,,,,,,,,,,,,,,,,,,,,,,,,,,,,,,,,,,,,,,,,,,,,,,,,,,,,,,,,,,,,,,,,,,,,,,,,,,,,,,,,,,,,,,,,,,,,,,,,,,,,,
R121,,,,,,,,,,,,,,,,,,,,,,,,,,,,,,,,,,,,,,,,,,,,,,,,,,,,,,,,,,,,,,,,,,,,,,,,,,,,,,,,,,,,,,,,,,,,,,,,,,,,,,,,,,,,,,,,,,,,,,,,,,,,,,,,,,,,,,,,,,,,,,,,,,,,,,,,,,,,,,,,,,,,,,,,,,,,,,,,,,,,,,,,,,,,,,,,,,,,,,,,,,,,,,,,,,,,,,,,,,,,,,,,,,,,,,,,,,,,,,,,,,,,,,,,,,,,,,,,,,,,,,,,,,,,,,,,,,,,,,,,,,,,,,,,,,,,,,,,,,,,,,,,,,,,,,,,,,,,,,,,,,,,,,,,,,,,,,,,,,,,,,,,,,,,,,,,,,,,,,,,,,,,,,,,,,,,,,,,,,,,,,,,,,,,,,,,,,,,,,,,,,,,,,,,,,,,,,,,,,,,,,,,,,,,,,,,,,,,,,,,,,,,,,,,,,,,,,,,,,,,,,,,,,,,,,,,,,,,,,,,,,,,,,,,,,,,,,,,,,,,,,,,,,,,
R122,,,,,,,,,,,,,,,,,,,,,,,,,,,,,,,,,,,,,,,,,,,,,,,,,,,,,,,,,,,,,,,,,,,,,,,,,,,,,,,,,,,,,,,,,,,,,,,,,,,,,,,,,,,,,,,,,,,,,,,,,,,,,,,,,,,,,,,,,,,,,,,,,,,,,,,,,,,,,,,,,,,,,,,,,,,,,,,,,,,,,,,,,,,,,,,,,,,,,,,,,,,,,,,,,,,,,,,,,,,,,,,,,,,,,,,,,,,,,,,,,,,,,,,,,,,,,,,,,,,,,,,,,,,,,,,,,,,,,,,,,,,,,,,,,,,,,,,,,,,,,,,,,,,,,,,,,,,,,,,,,,,,,,,,,,,,,,,,,,,,,,,,,,,,,,,,,,,,,,,,,,,,,,,,,,,,,,,,,,,,,,,,,,,,,,,,,,,,,,,,,,,,,,,,,,,,,,,,,,,,,,,,,,,,,,,,,,,,,,,,,,,,,,,,,,,,,,,,,,,,,,,,,,,,,,,,,,,,,,,,,,,,,,,,,,,,,,,,,,,,,,,,,,,,
R123,,,,,,,,,,,,,,,,,,,,,,,,,,,,,,,,,,,,,,,,,,,,,,,,,,,,,,,,,,,,,,,,,,,,,,,,,,,,,,,,,,,,,,,,,,,,,,,,,,,,,,,,,,,,,,,,,,,,,,,,,,,,,,,,,,,,,,,,,,,,,,,,,,,,,,,,,,,,,,,,,,,,,,,,,,,,,,,,,,,,,,,,,,,,,,,,,,,,,,,,,,,,,,,,,,,,,,,,,,,,,,,,,,,,,,,,,,,,,,,,,,,,,,,,,,,,,,,,,,,,,,,,,,,,,,,,,,,,,,,,,,,,,,,,,,,,,,,,,,,,,,,,,,,,,,,,,,,,,,,,,,,,,,,,,,,,,,,,,,,,,,,,,,,,,,,,,,,,,,,,,,,,,,,,,,,,,,,,,,,,,,,,,,,,,,,,,,,,,,,,,,,,,,,,,,,,,,,,,,,,,,,,,,,,,,,,,,,,,,,,,,,,,,,,,,,,,,,,,,,,,,,,,,,,,,,,,,,,,,,,,,,,,,,,,,,,,,,,,,,,,,,,,,,,
R124,,,,,,,,,,,,,,,,,,,,,,,,,,,,,,,,,,,,,,,,,,,,,,,,,,,,,,,,,,,,,,,,,,,,,,,,,,,,,,,,,,,,,,,,,,,,,,,,,,,,,,,,,,,,,,,,,,,,,,,,,,,,,,,,,,,,,,,,,,,,,,,,,,,,,,,,,,,,,,,,,,,,,,,,,,,,,,,,,,,,,,,,,,,,,,,,,,,,,,,,,,,,,,,,,,,,,,,,,,,,,,,,,,,,,,,,,,,,,,,,,,,,,,,,,,,,,,,,,,,,,,,,,,,,,,,,,,,,,,,,,,,,,,,,,,,,,,,,,,,,,,,,,,,,,,,,,,,,,,,,,,,,,,,,,,,,,,,,,,,,,,,,,,,,,,,,,,,,,,,,,,,,,,,,,,,,,,,,,,,,,,,,,,,,,,,,,,,,,,,,,,,,,,,,,,,,,,,,,,,,,,,,,,,,,,,,,,,,,,,,,,,,,,,,,,,,,,,,,,,,,,,,,,,,,,,,,,,,,,,,,,,,,,,,,,,,,,,,,,,,,,,,,,,,
R125,,,,,,,,,,,,,,,,,,,,,,,,,,,,,,,,,,,,,,,,,,,,,,,,,,,,,,,,,,,,,,,,,,,,,,,,,,,,,,,,,,,,,,,,,,,,,,,,,,,,,,,,,,,,,,,,,,,,,,,,,,,,,,,,,,,,,,,,,,,,,,,,,,,,,,,,,,,,,,,,,,,,,,,,,,,,,,,,,,,,,,,,,,,,,,,,,,,,,,,,,,,,,,,,,,,,,,,,,,,,,,,,,,,,,,,,,,,,,,,,,,,,,,,,,,,,,,,,,,,,,,,,,,,,,,,,,,,,,,,,,,,,,,,,,,,,,,,,,,,,,,,,,,,,,,,,,,,,,,,,,,,,,,,,,,,,,,,,,,,,,,,,,,,,,,,,,,,,,,,,,,,,,,,,,,,,,,,,,,,,,,,,,,,,,,,,,,,,,,,,,,,,,,,,,,,,,,,,,,,,,,,,,,,,,,,,,,,,,,,,,,,,,,,,,,,,,,,,,,,,,,,,,,,,,,,,,,,,,,,,,,,,,,,,,,,,,,,,,,,,,,,,,,,,
R126,,,,,,,,,,,,,,,,,,,,,,,,,,,,,,,,,,,,,,,,,,,,,,,,,,,,,,,,,,,,,,,,,,,,,,,,,,,,,,,,,,,,,,,,,,,,,,,,,,,,,,,,,,,,,,,,,,,,,,,,,,,,,,,,,,,,,,,,,,,,,,,,,,,,,,,,,,,,,,,,,,,,,,,,,,,,,,,,,,,,,,,,,,,,,,,,,,,,,,,,,,,,,,,,,,,,,,,,,,,,,,,,,,,,,,,,,,,,,,,,,,,,,,,,,,,,,,,,,,,,,,,,,,,,,,,,,,,,,,,,,,,,,,,,,,,,,,,,,,,,,,,,,,,,,,,,,,,,,,,,,,,,,,,,,,,,,,,,,,,,,,,,,,,,,,,,,,,,,,,,,,,,,,,,,,,,,,,,,,,,,,,,,,,,,,,,,,,,,,,,,,,,,,,,,,,,,,,,,,,,,,,,,,,,,,,,,,,,,,,,,,,,,,,,,,,,,,,,,,,,,,,,,,,,,,,,,,,,,,,,,,,,,,,,,,,,,,,,,,,,,,,,,,,,
R127,,,,,,,,,,,,,,,,,,,,,,,,,,,,,,,,,,,,,,,,,,,,,,,,,,,,,,,,,,,,,,,,,,,,,,,,,,,,,,,,,,,,,,,,,,,,,,,,,,,,,,,,,,,,,,,,,,,,,,,,,,,,,,,,,,,,,,,,,,,,,,,,,,,,,,,,,,,,,,,,,,,,,,,,,,,,,,,,,,,,,,,,,,,,,,,,,,,,,,,,,,,,,,,,,,,,,,,,,,,,,,,,,,,,,,,,,,,,,,,,,,,,,,,,,,,,,,,,,,,,,,,,,,,,,,,,,,,,,,,,,,,,,,,,,,,,,,,,,,,,,,,,,,,,,,,,,,,,,,,,,,,,,,,,,,,,,,,,,,,,,,,,,,,,,,,,,,,,,,,,,,,,,,,,,,,,,,,,,,,,,,,,,,,,,,,,,,,,,,,,,,,,,,,,,,,,,,,,,,,,,,,,,,,,,,,,,,,,,,,,,,,,,,,,,,,,,,,,,,,,,,,,,,,,,,,,,,,,,,,,,,,,,,,,,,,,,,,,,,,,,,,,,,,,
R128,,,,,,,,,,,,,,,,,,,,,,,,,,,,,,,,,,,,,,,,,,,,,,,,,,,,,,,,,,,,,,,,,,,,,,,,,,,,,,,,,,,,,,,,,,,,,,,,,,,,,,,,,,,,,,,,,,,,,,,,,,,,,,,,,,,,,,,,,,,,,,,,,,,,,,,,,,,,,,,,,,,,,,,,,,,,,,,,,,,,,,,,,,,,,,,,,,,,,,,,,,,,,,,,,,,,,,,,,,,,,,,,,,,,,,,,,,,,,,,,,,,,,,,,,,,,,,,,,,,,,,,,,,,,,,,,,,,,,,,,,,,,,,,,,,,,,,,,,,,,,,,,,,,,,,,,,,,,,,,,,,,,,,,,,,,,,,,,,,,,,,,,,,,,,,,,,,,,,,,,,,,,,,,,,,,,,,,,,,,,,,,,,,,,,,,,,,,,,,,,,,,,,,,,,,,,,,,,,,,,,,,,,,,,,,,,,,,,,,,,,,,,,,,,,,,,,,,,,,,,,,,,,,,,,,,,,,,,,,,,,,,,,,,,,,,,,,,,,,,,,,,,,,,,
R129,,,,,,,,,,,,,,,,,,,,,,,,,,,,,,,,,,,,,,,,,,,,,,,,,,,,,,,,,,,,,,,,,,,,,,,,,,,,,,,,,,,,,,,,,,,,,,,,,,,,,,,,,,,,,,,,,,,,,,,,,,,,,,,,,,,,,,,,,,,,,,,,,,,,,,,,,,,,,,,,,,,,,,,,,,,,,,,,,,,,,,,,,,,,,,,,,,,,,,,,,,,,,,,,,,,,,,,,,,,,,,,,,,,,,,,,,,,,,,,,,,,,,,,,,,,,,,,,,,,,,,,,,,,,,,,,,,,,,,,,,,,,,,,,,,,,,,,,,,,,,,,,,,,,,,,,,,,,,,,,,,,,,,,,,,,,,,,,,,,,,,,,,,,,,,,,,,,,,,,,,,,,,,,,,,,,,,,,,,,,,,,,,,,,,,,,,,,,,,,,,,,,,,,,,,,,,,,,,,,,,,,,,,,,,,,,,,,,,,,,,,,,,,,,,,,,,,,,,,,,,,,,,,,,,,,,,,,,,,,,,,,,,,,,,,,,,,,,,,,,,,,,,,,,
R130,,,,,,,,,,,,,,,,,,,,,,,,,,,,,,,,,,,,,,,,,,,,,,,,,,,,,,,,,,,,,,,,,,,,,,,,,,,,,,,,,,,,,,,,,,,,,,,,,,,,,,,,,,,,,,,,,,,,,,,,,,,,,,,,,,,,,,,,,,,,,,,,,,,,,,,,,,,,,,,,,,,,,,,,,,,,,,,,,,,,,,,,,,,,,,,,,,,,,,,,,,,,,,,,,,,,,,,,,,,,,,,,,,,,,,,,,,,,,,,,,,,,,,,,,,,,,,,,,,,,,,,,,,,,,,,,,,,,,,,,,,,,,,,,,,,,,,,,,,,,,,,,,,,,,,,,,,,,,,,,,,,,,,,,,,,,,,,,,,,,,,,,,,,,,,,,,,,,,,,,,,,,,,,,,,,,,,,,,,,,,,,,,,,,,,,,,,,,,,,,,,,,,,,,,,,,,,,,,,,,,,,,,,,,,,,,,,,,,,,,,,,,,,,,,,,,,,,,,,,,,,,,,,,,,,,,,,,,,,,,,,,,,,,,,,,,,,,,,,,,,,,,,,,,
=Middle Proto-Albanian I,null{ABSENT},null{ABSENT},null{ABSENT},null{ABSENT},null{ABSENT},null{ABSENT},null{ABSENT},null{ABSENT},null{ABSENT},null{ABSENT},null{ABSENT},null{ABSENT},null{ABSENT},null{ABSENT},null{ABSENT},null{ABSENT},null{ABSENT},null{ABSENT},null{ABSENT},null{ABSENT},null{ABSENT},null{ABSENT},null{ABSENT},null{ABSENT},null{ABSENT},null{ABSENT},null{ABSENT},null{ABSENT},null{ABSENT},null{ABSENT},null{ABSENT},null{ABSENT},null{ABSENT},null{ABSENT},null{ABSENT},null{ABSENT},null{ABSENT},null{ABSENT},null{ABSENT},null{ABSENT},null{ABSENT},null{ABSENT},null{ABSENT},null{ABSENT},null{ABSENT},null{ABSENT},null{ABSENT},null{ABSENT},null{ABSENT},null{ABSENT},null{ABSENT},null{ABSENT},null{ABSENT},null{ABSENT},null{ABSENT},null{ABSENT},null{ABSENT},null{ABSENT},null{ABSENT},null{ABSENT},null{ABSENT},null{ABSENT},null{ABSENT},null{ABSENT},null{ABSENT},null{ABSENT},null{ABSENT},null{ABSENT},null{ABSENT},null{ABSENT},null{ABSENT},null{ABSENT},null{ABSENT},null{ABSENT},null{ABSENT},null{ABSENT},null{ABSENT},null{ABSENT},null{ABSENT},null{ABSENT},null{ABSENT},null{ABSENT},null{ABSENT},null{ABSENT},null{ABSENT},null{ABSENT},null{ABSENT},null{ABSENT},null{ABSENT},null{ABSENT},null{ABSENT},null{ABSENT},null{ABSENT},null{ABSENT},null{ABSENT},null{ABSENT},null{ABSENT},null{ABSENT},null{ABSENT},null{ABSENT},null{ABSENT},null{ABSENT},null{ABSENT},null{ABSENT},null{ABSENT},null{ABSENT},null{ABSENT},null{ABSENT},null{ABSENT},null{ABSENT},null{ABSENT},null{ABSENT},null{ABSENT},null{ABSENT},null{ABSENT},null{ABSENT},null{ABSENT},null{ABSENT},null{ABSENT},null{ABSENT},null{ABSENT},null{ABSENT},null{ABSENT},null{ABSENT},null{ABSENT},null{ABSENT},null{ABSENT},null{ABSENT},null{ABSENT},null{ABSENT},null{ABSENT},null{ABSENT},null{ABSENT},null{ABSENT},null{ABSENT},null{ABSENT},null{ABSENT},null{ABSENT},null{ABSENT},null{ABSENT},null{ABSENT},null{ABSENT},null{ABSENT},null{ABSENT},null{ABSENT},null{ABSENT},null{ABSENT},null{ABSENT},null{ABSENT},null{ABSENT},null{ABSENT},null{ABSENT},null{ABSENT},null{ABSENT},null{ABSENT},null{ABSENT},null{ABSENT},null{ABSENT},null{ABSENT},null{ABSENT},null{ABSENT},null{ABSENT},null{ABSENT},null{ABSENT},null{ABSENT},null{ABSENT},null{ABSENT},null{ABSENT},null{ABSENT},null{ABSENT},null{ABSENT},null{ABSENT},null{ABSENT},null{ABSENT},null{ABSENT},null{ABSENT},null{ABSENT},null{ABSENT},null{ABSENT},null{ABSENT},null{ABSENT},null{ABSENT},null{ABSENT},null{ABSENT},null{ABSENT},null{ABSENT},null{ABSENT},null{ABSENT},null{ABSENT},null{ABSENT},null{ABSENT},null{ABSENT},null{ABSENT},null{ABSENT},null{ABSENT},null{ABSENT},null{ABSENT},null{ABSENT},null{ABSENT},null{ABSENT},null{ABSENT},null{ABSENT},null{ABSENT},null{ABSENT},null{ABSENT},null{ABSENT},null{ABSENT},null{ABSENT},null{ABSENT},null{ABSENT},null{ABSENT},null{ABSENT},null{ABSENT},null{ABSENT},null{ABSENT},null{ABSENT},null{ABSENT},null{ABSENT},null{ABSENT},null{ABSENT},null{ABSENT},null{ABSENT},null{ABSENT},null{ABSENT},null{ABSENT},null{ABSENT},null{ABSENT},null{ABSENT},null{ABSENT},null{ABSENT},null{ABSENT},null{ABSENT},null{ABSENT},null{ABSENT},null{ABSENT},null{ABSENT},null{ABSENT},null{ABSENT},null{ABSENT},null{ABSENT},null{ABSENT},null{ABSENT},null{ABSENT},null{ABSENT},null{ABSENT},null{ABSENT},null{ABSENT},null{ABSENT},null{ABSENT},null{ABSENT},null{ABSENT},null{ABSENT},null{ABSENT},null{ABSENT},null{ABSENT},null{ABSENT},null{ABSENT},null{ABSENT},null{ABSENT},null{ABSENT},null{ABSENT},null{ABSENT},null{ABSENT},null{ABSENT},null{ABSENT},null{ABSENT},null{ABSENT},null{ABSENT},null{ABSENT},null{ABSENT},null{ABSENT},null{ABSENT},null{ABSENT},null{ABSENT},null{ABSENT},null{ABSENT},null{ABSENT},null{ABSENT},null{ABSENT},null{ABSENT},null{ABSENT},null{ABSENT},null{ABSENT},null{ABSENT},null{ABSENT},null{ABSENT},null{ABSENT},null{ABSENT},null{ABSENT},null{ABSENT},null{ABSENT},null{ABSENT},null{ABSENT},null{ABSENT},null{ABSENT},null{ABSENT},null{ABSENT},null{ABSENT},null{ABSENT},null{ABSENT},null{ABSENT},null{ABSENT},null{ABSENT},null{ABSENT},null{ABSENT},null{ABSENT},null{ABSENT},null{ABSENT},null{ABSENT},null{ABSENT},null{ABSENT},null{ABSENT},null{ABSENT},null{ABSENT},null{ABSENT},null{ABSENT},null{ABSENT},null{ABSENT},null{ABSENT},null{ABSENT},null{ABSENT},null{ABSENT},null{ABSENT},null{ABSENT},null{ABSENT},null{ABSENT},null{ABSENT},null{ABSENT},null{ABSENT},null{ABSENT},null{ABSENT},null{ABSENT},null{ABSENT},null{ABSENT},null{ABSENT},null{ABSENT},null{ABSENT},null{ABSENT},null{ABSENT},null{ABSENT},null{ABSENT},null{ABSENT},null{ABSENT},null{ABSENT},null{ABSENT},null{ABSENT},null{ABSENT},null{ABSENT},null{ABSENT},null{ABSENT},null{ABSENT},null{ABSENT},null{ABSENT},null{ABSENT},null{ABSENT},null{ABSENT},null{ABSENT},null{ABSENT},null{ABSENT},null{ABSENT},null{ABSENT},null{ABSENT},null{ABSENT},null{ABSENT},null{ABSENT},null{ABSENT},null{ABSENT},null{ABSENT},null{ABSENT},null{ABSENT},null{ABSENT},null{ABSENT},null{ABSENT},null{ABSENT},null{ABSENT},null{ABSENT},null{ABSENT},null{ABSENT},null{ABSENT},null{ABSENT},null{ABSENT},null{ABSENT},null{ABSENT},null{ABSENT},null{ABSENT},null{ABSENT},null{ABSENT},null{ABSENT},null{ABSENT},null{ABSENT},null{ABSENT},null{ABSENT},null{ABSENT},null{ABSENT},null{ABSENT},null{ABSENT},null{ABSENT},null{ABSENT},null{ABSENT},null{ABSENT},null{ABSENT},null{ABSENT},null{ABSENT},null{ABSENT},null{ABSENT},null{ABSENT},null{ABSENT},null{ABSENT},null{ABSENT},null{ABSENT},null{ABSENT},null{ABSENT},null{ABSENT},null{ABSENT},null{ABSENT},null{ABSENT},null{ABSENT},null{ABSENT},null{ABSENT},null{ABSENT},null{ABSENT},null{ABSENT},null{ABSENT},null{ABSENT},null{ABSENT},null{ABSENT},null{ABSENT},null{ABSENT},null{ABSENT},null{ABSENT},null{ABSENT},null{ABSENT},null{ABSENT},null{ABSENT},null{ABSENT},null{ABSENT},null{ABSENT},null{ABSENT},null{ABSENT},null{ABSENT},null{ABSENT},null{ABSENT},null{ABSENT},null{ABSENT},null{ABSENT},null{ABSENT},null{ABSENT},null{ABSENT},null{ABSENT},null{ABSENT},null{ABSENT},null{ABSENT},null{ABSENT},null{ABSENT},null{ABSENT},null{ABSENT},null{ABSENT},null{ABSENT},null{ABSENT},null{ABSENT},null{ABSENT},null{ABSENT},null{ABSENT},null{ABSENT},null{ABSENT},null{ABSENT},null{ABSENT},null{ABSENT},null{ABSENT},null{ABSENT},null{ABSENT},null{ABSENT},null{ABSENT},null{ABSENT},null{ABSENT},null{ABSENT},null{ABSENT},null{ABSENT},null{ABSENT},null{ABSENT},null{ABSENT},null{ABSENT},null{ABSENT},null{ABSENT},null{ABSENT},null{ABSENT},null{ABSENT},null{ABSENT},null{ABSENT},null{ABSENT},null{ABSENT},null{ABSENT},null{ABSENT},null{ABSENT},null{ABSENT},null{ABSENT},null{ABSENT},null{ABSENT},null{ABSENT},null{ABSENT},null{ABSENT},null{ABSENT},null{ABSENT},null{ABSENT},null{ABSENT},null{ABSENT},null{ABSENT},null{ABSENT}
R131,,,,,,,,,,,,,,,,,,,,,,,,,,,,,,,,,,,,,,,,,,,,,,,,,,,,,,,,,,,,,,,,,,,,,,,,,,,,,,,,,,,,,,,,,,,,,,,,,,,,,,,,,,,,,,,,,,,,,,,,,,,,,,,,,,,,,,,,,,,,,,,,,,,,,,,,,,,,,,,,,,,,,,,,,,,,,,,,,,,,,,,,,,,,,,,,,,,,,,,,,,,,,,,,,,,,,,,,,,,,,,,,,,,,,,,,,,,,,,,,,,,,,,,,,,,,,,,,,,,,,,,,,,,,,,,,,,,,,,,,,,,,,,,,,,,,,,,,,,,,,,,,,,,,,,,,,,,,,,,,,,,,,,,,,,,,,,,,,,,,,,,,,,,,,,,,,,,,,,,,,,,,,,,,,,,,,,,,,,,,,,,,,,,,,,,,,,,,,,,,,,,,,,,,,,,,,,,,,,,,,,,,,,,,,,,,,,,,,,,,,,,,,,,,,,,,,,,,,,,,,,,,,,,,,,,,,,,,,,,,,,,,,,,,,,,,,,,,,,,,,,,,,,,,
R132,,,,,,,,,,,,,,,,,,,,,,,,,,,,,,,,,,,,,,,,,,,,,,,,,,,,,,,,,,,,,,,,,,,,,,,,,,,,,,,,,,,,,,,,,,,,,,,,,,,,,,,,,,,,,,,,,,,,,,,,,,,,,,,,,,,,,,,,,,,,,,,,,,,,,,,,,,,,,,,,,,,,,,,,,,,,,,,,,,,,,,,,,,,,,,,,,,,,,,,,,,,,,,,,,,,,,,,,,,,,,,,,,,,,,,,,,,,,,,,,,,,,,,,,,,,,,,,,,,,,,,,,,,,,,,,,,,,,,,,,,,,,,,,,,,,,,,,,,,,,,,,,,,,,,,,,,,,,,,,,,,,,,,,,,,,,,,,,,,,,,,,,,,,,,,,,,,,,,,,,,,,,,,,,,,,,,,,,,,,,,,,,,,,,,,,,,,,,,,,,,,,,,,,,,,,,,,,,,,,,,,,,,,,,,,,,,,,,,,,,,,,,,,,,,,,,,,,,,,,,,,,,,,,,,,,,,,,,,,,,,,,,,,,,,,,,,,,,,,,,,,,,,,,,
R133,,,,,,,,,,,,,,,,,,,,,,,,,,,,,,,,,,,,,,,,,,,,,,,,,,,,,,,,,,,,,,,,,,,,,,,,,,,,,,,,,,,,,,,,,,,,,,,,,,,,,,,,,,,,,,,,,,,,,,,,,,,,,,,,,,,,,,,,,,,,,,,,,,,,,,,,,,,,,,,,,,,,,,,,,,,,,,,,,,,,,,,,,,,,,,,,,,,,,,,,,,,,,,,,,,,,,,,,,,,,,,,,,,,,,,,,,,,,,,,,,,,,,,,,,,,,,,,,,,,,,,,,,,,,,,,,,,,,,,,,,,,,,,,,,,,,,,,,,,,,,,,,,,,,,,,,,,,,,,,,,,,,,,,,,,,,,,,,,,,,,,,,,,,,,,,,,,,,,,,,,,,,,,,,,,,,,,,,,,,,,,,,,,,,,,,,,,,,,,,,,,,,,,,,,,,,,,,,,,,,,,,,,,,,,,,,,,,,,,,,,,,,,,,,,,,,,,,,,,,,,,,,,,,,,,,,,,,,,,,,,,,,,,,,,,,,,,,,,,,,,,,,,,,,
R134,,,,,,,,,,,,,,,,,,,,,,,,,,,,,,,,,,,,,,,,,,,,,,,,,,,,,,,,,,,,,,,,,,,,,,,,,,,,,,,,,,,,,,,,,,,,,,,,,,,,,,,,,,,,,,,,,,,,,,,,,,,,,,,,,,,,,,,,,,,,,,,,,,,,,,,,,,,,,,,,,,,,,,,,,,,,,,,,,,,,,,,,,,,,,,,,,,,,,,,,,,,,,,,,,,,,,,,,,,,,,,,,,,,,,,,,,,,,,,,,,,,,,,,,,,,,,,,,,,,,,,,,,,,,,,,,,,,,,,,,,,,,,,,,,,,,,,,,,,,,,,,,,,,,,,,,,,,,,,,,,,,,,,,,,,,,,,,,,,,,,,,,,,,,,,,,,,,,,,,,,,,,,,,,,,,,,,,,,,,,,,,,,,,,,,,,,,,,,,,,,,,,,,,,,,,,,,,,,,,,,,,,,,,,,,,,,,,,,,,,,,,,,,,,,,,,,,,,,,,,,,,,,,,,,,,,,,,,,,,,,,,,,,,,,,,,,,,,,,,,,,,,,,,,
R135,,,,,,,,,,,,,,,,,,,,,,,,,,,,,,,,,,,,,,,,,,,,,,,,,,,,,,,,,,,,,,,,,,,,,,,,,,,,,,,,,,,,,,,,,,,,,,,,,,,,,,,,,,,,,,,,,,,,,,,,,,,,,,,,,,,,,,,,,,,,,,,,,,,,,,,,,,,,,,,,,,,,,,,,,,,,,,,,,,,,,,,,,,,,,,,,,,,,,,,,,,,,,,,,,,,,,,,,,,,,,,,,,,,,,,,,,,,,,,,,,,,,,,,,,,,,,,,,,,,,,,,,,,,,,,,,,,,,,,,,,,,,,,,,,,,,,,,,,,,,,,,,,,,,,,,,,,,,,,,,,,,,,,,,,,,,,,,,,,,,,,,,,,,,,,,,,,,,,,,,,,,,,,,,,,,,,,,,,,,,,,,,,,,,,,,,,,,,,,,,,,,,,,,,,,,,,,,,,,,,,,,,,,,,,,,,,,,,,,,,,,,,,,,,,,,,,,,,,,,,,,,,,,,,,,,,,,,,,,,,,,,,,,,,,,,,,,,,,,,,,,,,,,,,
R136,,,,,,,,,,,,,,,,,,,,,,,,,,,,,,,,,,,,,,,,,,,,,,,,,,,,,,,,,,,,,,,,,,,,,,,,,,,,,,,,,,,,,,,,,,,,,,,,,,,,,,,,,,,,,,,,,,,,,,,,,,,,,,,,,,,,,,,,,,,,,,,,,,,,,,,,,,,,,,,,,,,,,,,,,,,,,,,,,,,,,,,,,,,,,,,,,,,,,,,,,,,,,,,,,,,,,,,,,,,,,,,,,,,,,,,,,,,,,,,,,,,,,,,,,,,,,,,,,,,,,,,,,,,,,,,,,,,,,,,,,,,,,,,,,,,,,,,,,,,,,,,,,,,,,,,,,,,,,,,,,,,,,,,,,,,,,,,,,,,,,,,,,,,,,,,,,,,,,,,,,,,,,,,,,,,,,,,,,,,,,,,,,,,,,,,,,,,,,,,,,,,,,,,,,,,,,,,,,,,,,,,,,,,,,,,,,,,,,,,,,,,,,,,,,,,,,,,,,,,,,,,,,,,,,,,,,,,,,,,,,,,,,,,,,,,,,,,,,,,,,,,,,,,,
R137,,,,,,,,,,,,,,,,,,,,,,,,,,,,,,,,,,,,,,,,,,,,,,,,,,,,,,,,,,,,,,,,,,,,,,,,,,,,,,,,,,,,,,,,,,,,,,,,,,,,,,,,,,,,,,,,,,,,,,,,,,,,,,,,,,,,,,,,,,,,,,,,,,,,,,,,,,,,,,,,,,,,,,,,,,,,,,,,,,,,,,,,,,,,,,,,,,,,,,,,,,,,,,,,,,,,,,,,,,,,,,,,,,,,,,,,,,,,,,,,,,,,,,,,,,,,,,,,,,,,,,,,,,,,,,,,,,,,,,,,,,,,,,,,,,,,,,,,,,,,,,,,,,,,,,,,,,,,,,,,,,,,,,,,,,,,,,,,,,,,,,,,,,,,,,,,,,,,,,,,,,,,,,,,,,,,,,,,,,,,,,,,,,,,,,,,,,,,,,,,,,,,,,,,,,,,,,,,,,,,,,,,,,,,,,,,,,,,,,,,,,,,,,,,,,,,,,,,,,,,,,,,,,,,,,,,,,,,,,,,,,,,,,,,,,,,,,,,,,,,,,,,,,,,
R138,,,,,,,,,,,,,,,,,,,,,,,,,,,,,,,,,,,,,,,,,,,,,,,,,,,,,,,,,,,,,,,,,,,,,,,,,,,,,,,,,,,,,,,,,,,,,,,,,,,,,,,,,,,,,,,,,,,,,,,,,,,,,,,,,,,,,,,,,,,,,,,,,,,,,,,,,,,,,,,,,,,,,,,,,,,,,,,,,,,,,,,,,,,,,,,,,,,,,,,,,,,,,,,,,,,,,,,,,,,,,,,,,,,,,,,,,,,,,,,,,,,,,,,,,,,,,,,,,,,,,,,,,,,,,,,,,,,,,,,,,,,,,,,,,,,,,,,,,,,,,,,,,,,,,,,,,,,,,,,,,,,,,,,,,,,,,,,,,,,,,,,,,,,,,,,,,,,,,,,,,,,,,,,,,,,,,,,,,,,,,,,,,,,,,,,,,,,,,,,,,,,,,,,,,,,,,,,,,,,,,,,,,,,,,,,,,,,,,,,,,,,,,,,,,,,,,,,,,,,,,,,,,,,,,,,,,,,,,,,,,,,,,,,,,,,,,,,,,,,,,,,,,,,,
R139,,,,,,,,,,,,,,,,,,,,,,,,,,,,,,,,,,,,,,,,,,,,,,,,,,,,,,,,,,,,,,,,,,,,,,,,,,,,,,,,,,,,,,,,,,,,,,,,,,,,,,,,,,,,,,,,,,,,,,,,,,,,,,,,,,,,,,,,,,,,,,,,,,,,,,,,,,,,,,,,,,,,,,,,,,,,,,,,,,,,,,,,,,,,,,,,,,,,,,,,,,,,,,,,,,,,,,,,,,,,,,,,,,,,,,,,,,,,,,,,,,,,,,,,,,,,,,,,,,,,,,,,,,,,,,,,,,,,,,,,,,,,,,,,,,,,,,,,,,,,,,,,,,,,,,,,,,,,,,,,,,,,,,,,,,,,,,,,,,,,,,,,,,,,,,,,,,,,,,,,,,,,,,,,,,,,,,,,,,,,,,,,,,,,,,,,,,,,,,,,,,,,,,,,,,,,,,,,,,,,,,,,,,,,,,,,,,,,,,,,,,,,,,,,,,,,,,,,,,,,,,,,,,,,,,,,,,,,,,,,,,,,,,,,,,,,,,,,,,,,,,,,,,,,
R140,,,,,,,,,,,,,,,,,,,,,,,,,,,,,,,,,,,,,,,,,,,,,,,,,,,,,,,,,,,,,,,,,,,,,,,,,,,,,,,,,,,,,,,,,,,,,,,,,,,,,,,,,,,,,,,,,,,,,,,,,,,,,,,,,,,,,,,,,,,,,,,,,,,,,,,,,,,,,,,,,,,,,,,,,,,,,,,,,,,,,,,,,,,,,,,,,,,,,,,,,,,,,,,,,,,,,,,,,,,,,,,,,,,,,,,,,,,,,,,,,,,,,,,,,,,,,,,,,,,,,,,,,,,,,,,,,,,,,,,,,,,,,,,,,,,,,,,,,,,,,,,,,,,,,,,,,,,,,,,,,,,,,,,,,,,,,,,,,,,,,,,,,,,,,,,,,,,,,,,,,,,,,,,,,,,,,,,,,,,,,,,,,,,,,,,,,,,,,,,,,,,,,,,,,,,,,,,,,,,,,,,,,,,,,,,,,,,,,,,,,,,,,,,,,,,,,,,,,,,,,,,,,,,,,,,,,,,,,,,,,,,,,,,,,,,,,,,,,,,,,,,,,,,,
R141,,,,,,,,,,,,,,,,,,,,,,,,,,,,,,,,,,,,,,,,,,,,,,,,,,,,,,,,,,,,,,,,,,,,,,,,,,,,,,,,,,,,,,,,,,,,,,,,,,,,,,,,,,,,,,,,,,,,,,,,,,,,,,,,,,,,,,,,,,,,,,,,,,,,,,,,,,,,,,,,,,,,,,,,,,,,,,,,,,,,,,,,,,,,,,,,,,,,,,,,,,,,,,,,,,,,,,,,,,,,,,,,,,,,,,,,,,,,,,,,,,,,,,,,,,,,,,,,,,,,,,,,,,,,,,,,,,,,,,,,,,,,,,,,,,,,,,,,,,,,,,,,,,,,,,,,,,,,,,,,,,,,,,,,,,,,,,,,,,,,,,,,,,,,,,,,,,,,,,,,,,,,,,,,,,,,,,,,,,,,,,,,,,,,,,,,,,,,,,,,,,,,,,,,,,,,,,,,,,,,,,,,,,,,,,,,,,,,,,,,,,,,,,,,,,,,,,,,,,,,,,,,,,,,,,,,,,,,,,,,,,,,,,,,,,,,,,,,,,,,,,,,,,,,
R142,,,,,,,,,,,,,,,,,,,,,,,,,,,,,,,,,,,,,,,,,,,,,,,,,,,,,,,,,,,,,,,,,,,,,,,,,,,,,,,,,,,,,,,,,,,,,,,,,,,,,,,,,,,,,,,,,,,,,,,,,,,,,,,,,,,,,,,,,,,,,,,,,,,,,,,,,,,,,,,,,,,,,,,,,,,,,,,,,,,,,,,,,,,,,,,,,,,,,,,,,,,,,,,,,,,,,,,,,,,,,,,,,,,,,,,,,,,,,,,,,,,,,,,,,,,,,,,,,,,,,,,,,,,,,,,,,,,,,,,,,,,,,,,,,,,,,,,,,,,,,,,,,,,,,,,,,,,,,,,,,,,,,,,,,,,,,,,,,,,,,,,,,,,,,,,,,,,,,,,,,,,,,,,,,,,,,,,,,,,,,,,,,,,,,,,,,,,,,,,,,,,,,,,,,,,,,,,,,,,,,,,,,,,,,,,,,,,,,,,,,,,,,,,,,,,,,,,,,,,,,,,,,,,,,,,,,,,,,,,,,,,,,,,,,,,,,,,,,,,,,,,,,,,,
R143,,,,,,,,,,,,,,,,,,,,,,,,,,,,,,,,,,,,,,,,,,,,,,,,,,,,,,,,,,,,,,,,,,,,,,,,,,,,,,,,,,,,,,,,,,,,,,,,,,,,,,,,,,,,,,,,,,,,,,,,,,,,,,,,,,,,,,,,,,,,,,,,,,,,,,,,,,,,,,,,,,,,,,,,,,,,,,,,,,,,,,,,,,,,,,,,,,,,,,,,,,,,,,,,,,,,,,,,,,,,,,,,,,,,,,,,,,,,,,,,,,,,,,,,,,,,,,,,,,,,,,,,,,,,,,,,,,,,,,,,,,,,,,,,,,,,,,,,,,,,,,,,,,,,,,,,,,,,,,,,,,,,,,,,,,,,,,,,,,,,,,,,,,,,,,,,,,,,,,,,,,,,,,,,,,,,,,,,,,,,,,,,,,,,,,,,,,,,,,,,,,,,,,,,,,,,,,,,,,,,,,,,,,,,,,,,,,,,,,,,,,,,,,,,,,,,,,,,,,,,,,,,,,,,,,,,,,,,,,,,,,,,,,,,,,,,,,,,,,,,,,,,,,,,
R144,,,,,,,,,,,,,,,,,,,,,,,,,,,,,,,,,,,,,,,,,,,,,,,,,,,,,,,,,,,,,,,,,,,,,,,,,,,,,,,,,,,,,,,,,,,,,,,,,,,,,,,,,,,,,,,,,,,,,,,,,,,,,,,,,,,,,,,,,,,,,,,,,,,,,,,,,,,,,,,,,,,,,,,,,,,,,,,,,,,,,,,,,,,,,,,,,,,,,,,,,,,,,,,,,,,,,,,,,,,,,,,,,,,,,,,,,,,,,,,,,,,,,,,,,,,,,,,,,,,,,,,,,,,,,,,,,,,,,,,,,,,,,,,,,,,,,,,,,,,,,,,,,,,,,,,,,,,,,,,,,,,,,,,,,,,,,,,,,,,,,,,,,,,,,,,,,,,,,,,,,,,,,,,,,,,,,,,,,,,,,,,,,,,,,,,,,,,,,,,,,,,,,,,,,,,,,,,,,,,,,,,,,,,,,,,,,,,,,,,,,,,,,,,,,,,,,,,,,,,,,,,,,,,,,,,,,,,,,,,,,,,,,,,,,,,,,,,,,,,,,,,,,,,,
R145,,,,,,,,,,,,,,,,,,,,,,,,,,,,,,,,,,,,,,,,,,,,,,,,,,,,,,,,,,,,,,,,,,,,,,,,,,,,,,,,,,,,,,,,,,,,,,,,,,,,,,,,,,,,,,,,,,,,,,,,,,,,,,,,,,,,,,,,,,,,,,,,,,,,,,,,,,,,,,,,,,,,,,,,,,,,,,,,,,,,,,,,,,,,,,,,,,,,,,,,,,,,,,,,,,,,,,,,,,,,,,,,,,,,,,,,,,,,,,,,,,,,,,,,,,,,,,,,,,,,,,,,,,,,,,,,,,,,,,,,,,,,,,,,,,,,,,,,,,,,,,,,,,,,,,,,,,,,,,,,,,,,,,,,,,,,,,,,,,,,,,,,,,,,,,,,,,,,,,,,,,,,,,,,,,,,,,,,,,,,,,,,,,,,,,,,,,,,,,,,,,,,,,,,,,,,,,,,,,,,,,,,,,,,,,,,,,,,,,,,,,,,,,,,,,,,,,,,,,,,,,,,,,,,,,,,,,,,,,,,,,,,,,,,,,,,,,,,,,,,,,,,,,,,
R146,,,,,,,,,,,,,,,,,,,,,,,,,,,,,,,,,,,,,,,,,,,,,,,,,,,,,,,,,,,,,,,,,,,,,,,,,,,,,,,,,,,,,,,,,,,,,,,,,,,,,,,,,,,,,,,,,,,,,,,,,,,,,,,,,,,,,,,,,,,,,,,,,,,,,,,,,,,,,,,,,,,,,,,,,,,,,,,,,,,,,,,,,,,,,,,,,,,,,,,,,,,,,,,,,,,,,,,,,,,,,,,,,,,,,,,,,,,,,,,,,,,,,,,,,,,,,,,,,,,,,,,,,,,,,,,,,,,,,,,,,,,,,,,,,,,,,,,,,,,,,,,,,,,,,,,,,,,,,,,,,,,,,,,,,,,,,,,,,,,,,,,,,,,,,,,,,,,,,,,,,,,,,,,,,,,,,,,,,,,,,,,,,,,,,,,,,,,,,,,,,,,,,,,,,,,,,,,,,,,,,,,,,,,,,,,,,,,,,,,,,,,,,,,,,,,,,,,,,,,,,,,,,,,,,,,,,,,,,,,,,,,,,,,,,,,,,,,,,,,,,,,,,,,,
R147,,,,,,,,,,,,,,,,,,,,,,,,,,,,,,,,,,,,,,,,,,,,,,,,,,,,,,,,,,,,,,,,,,,,,,,,,,,,,,,,,,,,,,,,,,,,,,,,,,,,,,,,,,,,,,,,,,,,,,,,,,,,,,,,,,,,,,,,,,,,,,,,,,,,,,,,,,,,,,,,,,,,,,,,,,,,,,,,,,,,,,,,,,,,,,,,,,,,,,,,,,,,,,,,,,,,,,,,,,,,,,,,,,,,,,,,,,,,,,,,,,,,,,,,,,,,,,,,,,,,,,,,,,,,,,,,,,,,,,,,,,,,,,,,,,,,,,,,,,,,,,,,,,,,,,,,,,,,,,,,,,,,,,,,,,,,,,,,,,,,,,,,,,,,,,,,,,,,,,,,,,,,,,,,,,,,,,,,,,,,,,,,,,,,,,,,,,,,,,,,,,,,,,,,,,,,,,,,,,,,,,,,,,,,,,,,,,,,,,,,,,,,,,,,,,,,,,,,,,,,,,,,,,,,,,,,,,,,,,,,,,,,,,,,,,,,,,,,,,,,,,,,,,,,
R148,,,,,,,,,,,,,,,,,,,,,,,,,,,,,,,,,,,,,,,,,,,,,,,,,,,,,,,,,,,,,,,,,,,,,,,,,,,,,,,,,,,,,,,,,,,,,,,,,,,,,,,,,,,,,,,,,,,,,,,,,,,,,,,,,,,,,,,,,,,,,,,,,,,,,,,,,,,,,,,,,,,,,,,,,,,,,,,,,,,,,,,,,,,,,,,,,,,,,,,,,,,,,,,,,,,,,,,,,,,,,,,,,,,,,,,,,,,,,,,,,,,,,,,,,,,,,,,,,,,,,,,,,,,,,,,,,,,,,,,,,,,,,,,,,,,,,,,,,,,,,,,,,,,,,,,,,,,,,,,,,,,,,,,,,,,,,,,,,,,,,,,,,,,,,,,,,,,,,,,,,,,,,,,,,,,,,,,,,,,,,,,,,,,,,,,,,,,,,,,,,,,,,,,,,,,,,,,,,,,,,,,,,,,,,,,,,,,,,,,,,,,,,,,,,,,,,,,,,,,,,,,,,,,,,,,,,,,,,,,,,,,,,,,,,,,,,,,,,,,,,,,,,,,,
R149,,,,,,,,,,,,,,,,,,,,,,,,,,,,,,,,,,,,,,,,,,,,,,,,,,,,,,,,,,,,,,,,,,,,,,,,,,,,,,,,,,,,,,,,,,,,,,,,,,,,,,,,,,,,,,,,,,,,,,,,,,,,,,,,,,,,,,,,,,,,,,,,,,,,,,,,,,,,,,,,,,,,,,,,,,,,,,,,,,,,,,,,,,,,,,,,,,,,,,,,,,,,,,,,,,,,,,,,,,,,,,,,,,,,,,,,,,,,,,,,,,,,,,,,,,,,,,,,,,,,,,,,,,,,,,,,,,,,,,,,,,,,,,,,,,,,,,,,,,,,,,,,,,,,,,,,,,,,,,,,,,,,,,,,,,,,,,,,,,,,,,,,,,,,,,,,,,,,,,,,,,,,,,,,,,,,,,,,,,,,,,,,,,,,,,,,,,,,,,,,,,,,,,,,,,,,,,,,,,,,,,,,,,,,,,,,,,,,,,,,,,,,,,,,,,,,,,,,,,,,,,,,,,,,,,,,,,,,,,,,,,,,,,,,,,,,,,,,,,,,,,,,,,,,
R150,,,,,,,,,,,,,,,,,,,,,,,,,,,,,,,,,,,,,,,,,,,,,,,,,,,,,,,,,,,,,,,,,,,,,,,,,,,,,,,,,,,,,,,,,,,,,,,,,,,,,,,,,,,,,,,,,,,,,,,,,,,,,,,,,,,,,,,,,,,,,,,,,,,,,,,,,,,,,,,,,,,,,,,,,,,,,,,,,,,,,,,,,,,,,,,,,,,,,,,,,,,,,,,,,,,,,,,,,,,,,,,,,,,,,,,,,,,,,,,,,,,,,,,,,,,,,,,,,,,,,,,,,,,,,,,,,,,,,,,,,,,,,,,,,,,,,,,,,,,,,,,,,,,,,,,,,,,,,,,,,,,,,,,,,,,,,,,,,,,,,,,,,,,,,,,,,,,,,,,,,,,,,,,,,,,,,,,,,,,,,,,,,,,,,,,,,,,,,,,,,,,,,,,,,,,,,,,,,,,,,,,,,,,,,,,,,,,,,,,,,,,,,,,,,,,,,,,,,,,,,,,,,,,,,,,,,,,,,,,,,,,,,,,,,,,,,,,,,,,,,,,,,,,,
R151,,,,,,,,,,,,,,,,,,,,,,,,,,,,,,,,,,,,,,,,,,,,,,,,,,,,,,,,,,,,,,,,,,,,,,,,,,,,,,,,,,,,,,,,,,,,,,,,,,,,,,,,,,,,,,,,,,,,,,,,,,,,,,,,,,,,,,,,,,,,,,,,,,,,,,,,,,,,,,,,,,,,,,,,,,,,,,,,,,,,,,,,,,,,,,,,,,,,,,,,,,,,,,,,,,,,,,,,,,,,,,,,,,,,,,,,,,,,,,,,,,,,,,,,,,,,,,,,,,,,,,,,,,,,,,,,,,,,,,,,,,,,,,,,,,,,,,,,,,,,,,,,,,,,,,,,,,,,,,,,,,,,,,,,,,,,,,,,,,,,,,,,,,,,,,,,,,,,,,,,,,,,,,,,,,,,,,,,,,,,,,,,,,,,,,,,,,,,,,,,,,,,,,,,,,,,,,,,,,,,,,,,,,,,,,,,,,,,,,,,,,,,,,,,,,,,,,,,,,,,,,,,,,,,,,,,,,,,,,,,,,,,,,,,,,,,,,,,,,,,,,,,,,,,
R152,,,,,,,,,,,,,,,,,,,,,,,,,,,,,,,,,,,,,,,,,,,,,,,,,,,,,,,,,,,,,,,,,,,,,,,,,,,,,,,,,,,,,,,,,,,,,,,,,,,,,,,,,,,,,,,,,,,,,,,,,,,,,,,,,,,,,,,,,,,,,,,,,,,,,,,,,,,,,,,,,,,,,,,,,,,,,,,,,,,,,,,,,,,,,,,,,,,,,,,,,,,,,,,,,,,,,,,,,,,,,,,,,,,,,,,,,,,,,,,,,,,,,,,,,,,,,,,,,,,,,,,,,,,,,,,,,,,,,,,,,,,,,,,,,,,,,,,,,,,,,,,,,,,,,,,,,,,,,,,,,,,,,,,,,,,,,,,,,,,,,,,,,,,,,,,,,,,,,,,,,,,,,,,,,,,,,,,,,,,,,,,,,,,,,,,,,,,,,,,,,,,,,,,,,,,,,,,,,,,,,,,,,,,,,,,,,,,,,,,,,,,,,,,,,,,,,,,,,,,,,,,,,,,,,,,,,,,,,,,,,,,,,,,,,,,,,,,,,,,,,,,,,,,,
R153,,,,,,,,,,,,,,,,,,,,,,,,,,,,,,,,,,,,,,,,,,,,,,,,,,,,,,,,,,,,,,,,,,,,,,,,,,,,,,,,,,,,,,,,,,,,,,,,,,,,,,,,,,,,,,,,,,,,,,,,,,,,,,,,,,,,,,,,,,,,,,,,,,,,,,,,,,,,,,,,,,,,,,,,,,,,,,,,,,,,,,,,,,,,,,,,,,,,,,,,,,,,,,,,,,,,,,,,,,,,,,,,,,,,,,,,,,,,,,,,,,,,,,,,,,,,,,,,,,,,,,,,,,,,,,,,,,,,,,,,,,,,,,,,,,,,,,,,,,,,,,,,,,,,,,,,,,,,,,,,,,,,,,,,,,,,,,,,,,,,,,,,,,,,,,,,,,,,,,,,,,,,,,,,,,,,,,,,,,,,,,,,,,,,,,,,,,,,,,,,,,,,,,,,,,,,,,,,,,,,,,,,,,,,,,,,,,,,,,,,,,,,,,,,,,,,,,,,,,,,,,,,,,,,,,,,,,,,,,,,,,,,,,,,,,,,,,,,,,,,,,,,,,,,
R154,,,,,,,,,,,,,,,,,,,,,,,,,,,,,,,,,,,,,,,,,,,,,,,,,,,,,,,,,,,,,,,,,,,,,,,,,,,,,,,,,,,,,,,,,,,,,,,,,,,,,,,,,,,,,,,,,,,,,,,,,,,,,,,,,,,,,,,,,,,,,,,,,,,,,,,,,,,,,,,,,,,,,,,,,,,,,,,,,,,,,,,,,,,,,,,,,,,,,,,,,,,,,,,,,,,,,,,,,,,,,,,,,,,,,,,,,,,,,,,,,,,,,,,,,,,,,,,,,,,,,,,,,,,,,,,,,,,,,,,,,,,,,,,,,,,,,,,,,,,,,,,,,,,,,,,,,,,,,,,,,,,,,,,,,,,,,,,,,,,,,,,,,,,,,,,,,,,,,,,,,,,,,,,,,,,,,,,,,,,,,,,,,,,,,,,,,,,,,,,,,,,,,,,,,,,,,,,,,,,,,,,,,,,,,,,,,,,,,,,,,,,,,,,,,,,,,,,,,,,,,,,,,,,,,,,,,,,,,,,,,,,,,,,,,,,,,,,,,,,,,,,,,,,,
R155,,,,,,,,,,,,,,,,,,,,,,,,,,,,,,,,,,,,,,,,,,,,,,,,,,,,,,,,,,,,,,,,,,,,,,,,,,,,,,,,,,,,,,,,,,,,,,,,,,,,,,,,,,,,,,,,,,,,,,,,,,,,,,,,,,,,,,,,,,,,,,,,,,,,,,,,,,,,,,,,,,,,,,,,,,,,,,,,,,,,,,,,,,,,,,,,,,,,,,,,,,,,,,,,,,,,,,,,,,,,,,,,,,,,,,,,,,,,,,,,,,,,,,,,,,,,,,,,,,,,,,,,,,,,,,,,,,,,,,,,,,,,,,,,,,,,,,,,,,,,,,,,,,,,,,,,,,,,,,,,,,,,,,,,,,,,,,,,,,,,,,,,,,,,,,,,,,,,,,,,,,,,,,,,,,,,,,,,,,,,,,,,,,,,,,,,,,,,,,,,,,,,,,,,,,,,,,,,,,,,,,,,,,,,,,,,,,,,,,,,,,,,,,,,,,,,,,,,,,,,,,,,,,,,,,,,,,,,,,,,,,,,,,,,,,,,,,,,,,,,,,,,,,,,
R156,,,,,,,,,,,,,,,,,,,,,,,,,,,,,,,,,,,,,,,,,,,,,,,,,,,,,,,,,,,,,,,,,,,,,,,,,,,,,,,,,,,,,,,,,,,,,,,,,,,,,,,,,,,,,,,,,,,,,,,,,,,,,,,,,,,,,,,,,,,,,,,,,,,,,,,,,,,,,,,,,,,,,,,,,,,,,,,,,,,,,,,,,,,,,,,,,,,,,,,,,,,,,,,,,,,,,,,,,,,,,,,,,,,,,,,,,,,,,,,,,,,,,,,,,,,,,,,,,,,,,,,,,,,,,,,,,,,,,,,,,,,,,,,,,,,,,,,,,,,,,,,,,,,,,,,,,,,,,,,,,,,,,,,,,,,,,,,,,,,,,,,,,,,,,,,,,,,,,,,,,,,,,,,,,,,,,,,,,,,,,,,,,,,,,,,,,,,,,,,,,,,,,,,,,,,,,,,,,,,,,,,,,,,,,,,,,,,,,,,,,,,,,,,,,,,,,,,,,,,,,,,,,,,,,,,,,,,,,,,,,,,,,,,,,,,,,,,,,,,,,,,,,,,,
R157,,,,,,,,,,,,,,,,,,,,,,,,,,,,,,,,,,,,,,,,,,,,,,,,,,,,,,,,,,,,,,,,,,,,,,,,,,,,,,,,,,,,,,,,,,,,,,,,,,,,,,,,,,,,,,,,,,,,,,,,,,,,,,,,,,,,,,,,,,,,,,,,,,,,,,,,,,,,,,,,,,,,,,,,,,,,,,,,,,,,,,,,,,,,,,,,,,,,,,,,,,,,,,,,,,,,,,,,,,,,,,,,,,,,,,,,,,,,,,,,,,,,,,,,,,,,,,,,,,,,,,,,,,,,,,,,,,,,,,,,,,,,,,,,,,,,,,,,,,,,,,,,,,,,,,,,,,,,,,,,,,,,,,,,,,,,,,,,,,,,,,,,,,,,,,,,,,,,,,,,,,,,,,,,,,,,,,,,,,,,,,,,,,,,,,,,,,,,,,,,,,,,,,,,,,,,,,,,,,,,,,,,,,,,,,,,,,,,,,,,,,,,,,,,,,,,,,,,,,,,,,,,,,,,,,,,,,,,,,,,,,,,,,,,,,,,,,,,,,,,,,,,,,,,
R158,,,,,,,,,,,,,,,,,,,,,,,,,,,,,,,,,,,,,,,,,,,,,,,,,,,,,,,,,,,,,,,,,,,,,,,,,,,,,,,,,,,,,,,,,,,,,,,,,,,,,,,,,,,,,,,,,,,,,,,,,,,,,,,,,,,,,,,,,,,,,,,,,,,,,,,,,,,,,,,,,,,,,,,,,,,,,,,,,,,,,,,,,,,,,,,,,,,,,,,,,,,,,,,,,,,,,,,,,,,,,,,,,,,,,,,,,,,,,,,,,,,,,,,,,,,,,,,,,,,,,,,,,,,,,,,,,,,,,,,,,,,,,,,,,,,,,,,,,,,,,,,,,,,,,,,,,,,,,,,,,,,,,,,,,,,,,,,,,,,,,,,,,,,,,,,,,,,,,,,,,,,,,,,,,,,,,,,,,,,,,,,,,,,,,,,,,,,,,,,,,,,,,,,,,,,,,,,,,,,,,,,,,,,,,,,,,,,,,,,,,,,,,,,,,,,,,,,,,,,,,,,,,,,,,,,,,,,,,,,,,,,,,,,,,,,,,,,,,,,,,,,,,,,,
R159,,,,,,,,,,,,,,,,,,,,,,,,,,,,,,,,,,,,,,,,,,,,,,,,,,,,,,,,,,,,,,,,,,,,,,,,,,,,,,,,,,,,,,,,,,,,,,,,,,,,,,,,,,,,,,,,,,,,,,,,,,,,,,,,,,,,,,,,,,,,,,,,,,,,,,,,,,,,,,,,,,,,,,,,,,,,,,,,,,,,,,,,,,,,,,,,,,,,,,,,,,,,,,,,,,,,,,,,,,,,,,,,,,,,,,,,,,,,,,,,,,,,,,,,,,,,,,,,,,,,,,,,,,,,,,,,,,,,,,,,,,,,,,,,,,,,,,,,,,,,,,,,,,,,,,,,,,,,,,,,,,,,,,,,,,,,,,,,,,,,,,,,,,,,,,,,,,,,,,,,,,,,,,,,,,,,,,,,,,,,,,,,,,,,,,,,,,,,,,,,,,,,,,,,,,,,,,,,,,,,,,,,,,,,,,,,,,,,,,,,,,,,,,,,,,,,,,,,,,,,,,,,,,,,,,,,,,,,,,,,,,,,,,,,,,,,,,,,,,,,,,,,,,,,
R160,,,,,,,,,,,,,,,,,,,,,,,,,,,,,,,,,,,,,,,,,,,,,,,,,,,,,,,,,,,,,,,,,,,,,,,,,,,,,,,,,,,,,,,,,,,,,,,,,,,,,,,,,,,,,,,,,,,,,,,,,,,,,,,,,,,,,,,,,,,,,,,,,,,,,,,,,,,,,,,,,,,,,,,,,,,,,,,,,,,,,,,,,,,,,,,,,,,,,,,,,,,,,,,,,,,,,,,,,,,,,,,,,,,,,,,,,,,,,,,,,,,,,,,,,,,,,,,,,,,,,,,,,,,,,,,,,,,,,,,,,,,,,,,,,,,,,,,,,,,,,,,,,,,,,,,,,,,,,,,,,,,,,,,,,,,,,,,,,,,,,,,,,,,,,,,,,,,,,,,,,,,,,,,,,,,,,,,,,,,,,,,,,,,,,,,,,,,,,,,,,,,,,,,,,,,,,,,,,,,,,,,,,,,,,,,,,,,,,,,,,,,,,,,,,,,,,,,,,,,,,,,,,,,,,,,,,,,,,,,,,,,,,,,,,,,,,,,,,,,,,,,,,,,,
R161,,,,,,,,,,,,,,,,,,,,,,,,,,,,,,,,,,,,,,,,,,,,,,,,,,,,,,,,,,,,,,,,,,,,,,,,,,,,,,,,,,,,,,,,,,,,,,,,,,,,,,,,,,,,,,,,,,,,,,,,,,,,,,,,,,,,,,,,,,,,,,,,,,,,,,,,,,,,,,,,,,,,,,,,,,,,,,,,,,,,,,,,,,,,,,,,,,,,,,,,,,,,,,,,,,,,,,,,,,,,,,,,,,,,,,,,,,,,,,,,,,,,,,,,,,,,,,,,,,,,,,,,,,,,,,,,,,,,,,,,,,,,,,,,,,,,,,,,,,,,,,,,,,,,,,,,,,,,,,,,,,,,,,,,,,,,,,,,,,,,,,,,,,,,,,,,,,,,,,,,,,,,,,,,,,,,,,,,,,,,,,,,,,,,,,,,,,,,,,,,,,,,,,,,,,,,,,,,,,,,,,,,,,,,,,,,,,,,,,,,,,,,,,,,,,,,,,,,,,,,,,,,,,,,,,,,,,,,,,,,,,,,,,,,,,,,,,,,,,,,,,,,,,,,
R162,,,,,,,,,,,,,,,,,,,,,,,,,,,,,,,,,,,,,,,,,,,,,,,,,,,,,,,,,,,,,,,,,,,,,,,,,,,,,,,,,,,,,,,,,,,,,,,,,,,,,,,,,,,,,,,,,,,,,,,,,,,,,,,,,,,,,,,,,,,,,,,,,,,,,,,,,,,,,,,,,,,,,,,,,,,,,,,,,,,,,,,,,,,,,,,,,,,,,,,,,,,,,,,,,,,,,,,,,,,,,,,,,,,,,,,,,,,,,,,,,,,,,,,,,,,,,,,,,,,,,,,,,,,,,,,,,,,,,,,,,,,,,,,,,,,,,,,,,,,,,,,,,,,,,,,,,,,,,,,,,,,,,,,,,,,,,,,,,,,,,,,,,,,,,,,,,,,,,,,,,,,,,,,,,,,,,,,,,,,,,,,,,,,,,,,,,,,,,,,,,,,,,,,,,,,,,,,,,,,,,,,,,,,,,,,,,,,,,,,,,,,,,,,,,,,,,,,,,,,,,,,,,,,,,,,,,,,,,,,,,,,,,,,,,,,,,,,,,,,,,,,,,,,,
R163,,,,,,,,,,,,,,,,,,,,,,,,,,,,,,,,,,,,,,,,,,,,,,,,,,,,,,,,,,,,,,,,,,,,,,,,,,,,,,,,,,,,,,,,,,,,,,,,,,,,,,,,,,,,,,,,,,,,,,,,,,,,,,,,,,,,,,,,,,,,,,,,,,,,,,,,,,,,,,,,,,,,,,,,,,,,,,,,,,,,,,,,,,,,,,,,,,,,,,,,,,,,,,,,,,,,,,,,,,,,,,,,,,,,,,,,,,,,,,,,,,,,,,,,,,,,,,,,,,,,,,,,,,,,,,,,,,,,,,,,,,,,,,,,,,,,,,,,,,,,,,,,,,,,,,,,,,,,,,,,,,,,,,,,,,,,,,,,,,,,,,,,,,,,,,,,,,,,,,,,,,,,,,,,,,,,,,,,,,,,,,,,,,,,,,,,,,,,,,,,,,,,,,,,,,,,,,,,,,,,,,,,,,,,,,,,,,,,,,,,,,,,,,,,,,,,,,,,,,,,,,,,,,,,,,,,,,,,,,,,,,,,,,,,,,,,,,,,,,,,,,,,,,,,
R164,,,,,,,,,,,,,,,,,,,,,,,,,,,,,,,,,,,,,,,,,,,,,,,,,,,,,,,,,,,,,,,,,,,,,,,,,,,,,,,,,,,,,,,,,,,,,,,,,,,,,,,,,,,,,,,,,,,,,,,,,,,,,,,,,,,,,,,,,,,,,,,,,,,,,,,,,,,,,,,,,,,,,,,,,,,,,,,,,,,,,,,,,,,,,,,,,,,,,,,,,,,,,,,,,,,,,,,,,,,,,,,,,,,,,,,,,,,,,,,,,,,,,,,,,,,,,,,,,,,,,,,,,,,,,,,,,,,,,,,,,,,,,,,,,,,,,,,,,,,,,,,,,,,,,,,,,,,,,,,,,,,,,,,,,,,,,,,,,,,,,,,,,,,,,,,,,,,,,,,,,,,,,,,,,,,,,,,,,,,,,,,,,,,,,,,,,,,,,,,,,,,,,,,,,,,,,,,,,,,,,,,,,,,,,,,,,,,,,,,,,,,,,,,,,,,,,,,,,,,,,,,,,,,,,,,,,,,,,,,,,,,,,,,,,,,,,,,,,,,,,,,,,,,,
R165,,,,,,,,,,,,,,,,,,,,,,,,,,,,,,,,,,,,,,,,,,,,,,,,,,,,,,,,,,,,,,,,,,,,,,,,,,,,,,,,,,,,,,,,,,,,,,,,,,,,,,,,,,,,,,,,,,,,,,,,,,,,,,,,,,,,,,,,,,,,,,,,,,,,,,,,,,,,,,,,,,,,,,,,,,,,,,,,,,,,,,,,,,,,,,,,,,,,,,,,,,,,,,,,,,,,,,,,,,,,,,,,,,,,,,,,,,,,,,,,,,,,,,,,,,,,,,,,,,,,,,,,,,,,,,,,,,,,,,,,,,,,,,,,,,,,,,,,,,,,,,,,,,,,,,,,,,,,,,,,,,,,,,,,,,,,,,,,,,,,,,,,,,,,,,,,,,,,,,,,,,,,,,,,,,,,,,,,,,,,,,,,,,,,,,,,,,,,,,,,,,,,,,,,,,,,,,,,,,,,,,,,,,,,,,,,,,,,,,,,,,,,,,,,,,,,,,,,,,,,,,,,,,,,,,,,,,,,,,,,,,,,,,,,,,,,,,,,,,,,,,,,,,,,
R166,,,,,,,,,,,,,,,,,,,,,,,,,,,,,,,,,,,,,,,,,,,,,,,,,,,,,,,,,,,,,,,,,,,,,,,,,,,,,,,,,,,,,,,,,,,,,,,,,,,,,,,,,,,,,,,,,,,,,,,,,,,,,,,,,,,,,,,,,,,,,,,,,,,,,,,,,,,,,,,,,,,,,,,,,,,,,,,,,,,,,,,,,,,,,,,,,,,,,,,,,,,,,,,,,,,,,,,,,,,,,,,,,,,,,,,,,,,,,,,,,,,,,,,,,,,,,,,,,,,,,,,,,,,,,,,,,,,,,,,,,,,,,,,,,,,,,,,,,,,,,,,,,,,,,,,,,,,,,,,,,,,,,,,,,,,,,,,,,,,,,,,,,,,,,,,,,,,,,,,,,,,,,,,,,,,,,,,,,,,,,,,,,,,,,,,,,,,,,,,,,,,,,,,,,,,,,,,,,,,,,,,,,,,,,,,,,,,,,,,,,,,,,,,,,,,,,,,,,,,,,,,,,,,,,,,,,,,,,,,,,,,,,,,,,,,,,,,,,,,,,,,,,,,,
R167,,,,,,,,,,,,,,,,,,,,,,,,,,,,,,,,,,,,,,,,,,,,,,,,,,,,,,,,,,,,,,,,,,,,,,,,,,,,,,,,,,,,,,,,,,,,,,,,,,,,,,,,,,,,,,,,,,,,,,,,,,,,,,,,,,,,,,,,,,,,,,,,,,,,,,,,,,,,,,,,,,,,,,,,,,,,,,,,,,,,,,,,,,,,,,,,,,,,,,,,,,,,,,,,,,,,,,,,,,,,,,,,,,,,,,,,,,,,,,,,,,,,,,,,,,,,,,,,,,,,,,,,,,,,,,,,,,,,,,,,,,,,,,,,,,,,,,,,,,,,,,,,,,,,,,,,,,,,,,,,,,,,,,,,,,,,,,,,,,,,,,,,,,,,,,,,,,,,,,,,,,,,,,,,,,,,,,,,,,,,,,,,,,,,,,,,,,,,,,,,,,,,,,,,,,,,,,,,,,,,,,,,,,,,,,,,,,,,,,,,,,,,,,,,,,,,,,,,,,,,,,,,,,,,,,,,,,,,,,,,,,,,,,,,,,,,,,,,,,,,,,,,,,,,
R168,,,,,,,,,,,,,,,,,,,,,,,,,,,,,,,,,,,,,,,,,,,,,,,,,,,,,,,,,,,,,,,,,,,,,,,,,,,,,,,,,,,,,,,,,,,,,,,,,,,,,,,,,,,,,,,,,,,,,,,,,,,,,,,,,,,,,,,,,,,,,,,,,,,,,,,,,,,,,,,,,,,,,,,,,,,,,,,,,,,,,,,,,,,,,,,,,,,,,,,,,,,,,,,,,,,,,,,,,,,,,,,,,,,,,,,,,,,,,,,,,,,,,,,,,,,,,,,,,,,,,,,,,,,,,,,,,,,,,,,,,,,,,,,,,,,,,,,,,,,,,,,,,,,,,,,,,,,,,,,,,,,,,,,,,,,,,,,,,,,,,,,,,,,,,,,,,,,,,,,,,,,,,,,,,,,,,,,,,,,,,,,,,,,,,,,,,,,,,,,,,,,,,,,,,,,,,,,,,,,,,,,,,,,,,,,,,,,,,,,,,,,,,,,,,,,,,,,,,,,,,,,,,,,,,,,,,,,,,,,,,,,,,,,,,,,,,,,,,,,,,,,,,,,,
R169,,,,,,,,,,,,,,,,,,,,,,,,,,,,,,,,,,,,,,,,,,,,,,,,,,,,,,,,,,,,,,,,,,,,,,,,,,,,,,,,,,,,,,,,,,,,,,,,,,,,,,,,,,,,,,,,,,,,,,,,,,,,,,,,,,,,,,,,,,,,,,,,,,,,,,,,,,,,,,,,,,,,,,,,,,,,,,,,,,,,,,,,,,,,,,,,,,,,,,,,,,,,,,,,,,,,,,,,,,,,,,,,,,,,,,,,,,,,,,,,,,,,,,,,,,,,,,,,,,,,,,,,,,,,,,,,,,,,,,,,,,,,,,,,,,,,,,,,,,,,,,,,,,,,,,,,,,,,,,,,,,,,,,,,,,,,,,,,,,,,,,,,,,,,,,,,,,,,,,,,,,,,,,,,,,,,,,,,,,,,,,,,,,,,,,,,,,,,,,,,,,,,,,,,,,,,,,,,,,,,,,,,,,,,,,,,,,,,,,,,,,,,,,,,,,,,,,,,,,,,,,,,,,,,,,,,,,,,,,,,,,,,,,,,,,,,,,,,,,,,,,,,,,,,
R170,,,,,,,,,,,,,,,,,,,,,,,,,,,,,,,,,,,,,,,,,,,,,,,,,,,,,,,,,,,,,,,,,,,,,,,,,,,,,,,,,,,,,,,,,,,,,,,,,,,,,,,,,,,,,,,,,,,,,,,,,,,,,,,,,,,,,,,,,,,,,,,,,,,,,,,,,,,,,,,,,,,,,,,,,,,,,,,,,,,,,,,,,,,,,,,,,,,,,,,,,,,,,,,,,,,,,,,,,,,,,,,,,,,,,,,,,,,,,,,,,,,,,,,,,,,,,,,,,,,,,,,,,,,,,,,,,,,,,,,,,,,,,,,,,,,,,,,,,,,,,,,,,,,,,,,,,,,,,,,,,,,,,,,,,,,,,,,,,,,,,,,,,,,,,,,,,,,,,,,,,,,,,,,,,,,,,,,,,,,,,,,,,,,,,,,,,,,,,,,,,,,,,,,,,,,,,,,,,,,,,,,,,,,,,,,,,,,,,,,,,,,,,,,,,,,,,,,,,,,,,,,,,,,,,,,,,,,,,,,,,,,,,,,,,,,,,,,,,,,,,,,,,,,,
R171,,,,,,,,,,,,,,,,,,,,,,,,,,,,,,,,,,,,,,,,,,,,,,,,,,,,,,,,,,,,,,,,,,,,,,,,,,,,,,,,,,,,,,,,,,,,,,,,,,,,,,,,,,,,,,,,,,,,,,,,,,,,,,,,,,,,,,,,,,,,,,,,,,,,,,,,,,,,,,,,,,,,,,,,,,,,,,,,,,,,,,,,,,,,,,,,,,,,,,,,,,,,,,,,,,,,,,,,,,,,,,,,,,,,,,,,,,,,,,,,,,,,,,,,,,,,,,,,,,,,,,,,,,,,,,,,,,,,,,,,,,,,,,,,,,,,,,,,,,,,,,,,,,,,,,,,,,,,,,,,,,,,,,,,,,,,,,,,,,,,,,,,,,,,,,,,,,,,,,,,,,,,,,,,,,,,,,,,,,,,,,,,,,,,,,,,,,,,,,,,,,,,,,,,,,,,,,,,,,,,,,,,,,,,,,,,,,,,,,,,,,,,,,,,,,,,,,,,,,,,,,,,,,,,,,,,,,,,,,,,,,,,,,,,,,,,,,,,,,,,,,,,,,,,
R172,,,,,,,,,,,,,,,,,,,,,,,,,,,,,,,,,,,,,,,,,,,,,,,,,,,,,,,,,,,,,,,,,,,,,,,,,,,,,,,,,,,,,,,,,,,,,,,,,,,,,,,,,,,,,,,,,,,,,,,,,,,,,,,,,,,,,,,,,,,,,,,,,,,,,,,,,,,,,,,,,,,,,,,,,,,,,,,,,,,,,,,,,,,,,,,,,,,,,,,,,,,,,,,,,,,,,,,,,,,,,,,,,,,,,,,,,,,,,,,,,,,,,,,,,,,,,,,,,,,,,,,,,,,,,,,,,,,,,,,,,,,,,,,,,,,,,,,,,,,,,,,,,,,,,,,,,,,,,,,,,,,,,,,,,,,,,,,,,,,,,,,,,,,,,,,,,,,,,,,,,,,,,,,,,,,,,,,,,,,,,,,,,,,,,,,,,,,,,,,,,,,,,,,,,,,,,,,,,,,,,,,,,,,,,,,,,,,,,,,,,,,,,,,,,,,,,,,,,,,,,,,,,,,,,,,,,,,,,,,,,,,,,,,,,,,,,,,,,,,,,,,,,,,,
R173,,,,,,,,,,,,,,,,,,,,,,,,,,,,,,,,,,,,,,,,,,,,,,,,,,,,,,,,,,,,,,,,,,,,,,,,,,,,,,,,,,,,,,,,,,,,,,,,,,,,,,,,,,,,,,,,,,,,,,,,,,,,,,,,,,,,,,,,,,,,,,,,,,,,,,,,,,,,,,,,,,,,,,,,,,,,,,,,,,,,,,,,,,,,,,,,,,,,,,,,,,,,,,,,,,,,,,,,,,,,,,,,,,,,,,,,,,,,,,,,,,,,,,,,,,,,,,,,,,,,,,,,,,,,,,,,,,,,,,,,,,,,,,,,,,,,,,,,,,,,,,,,,,,,,,,,,,,,,,,,,,,,,,,,,,,,,,,,,,,,,,,,,,,,,,,,,,,,,,,,,,,,,,,,,,,,,,,,,,,,,,,,,,,,,,,,,,,,,,,,,,,,,,,,,,,,,,,,,,,,,,,,,,,,,,,,,,,,,,,,,,,,,,,,,,,,,,,,,,,,,,,,,,,,,,,,,,,,,,,,,,,,,,,,,,,,,,,,,,,,,,,,,,,,
R174,,,,,,,,,,,,,,,,,,,,,,,,,,,,,,,,,,,,,,,,,,,,,,,,,,,,,,,,,,,,,,,,,,,,,,,,,,,,,,,,,,,,,,,,,,,,,,,,,,,,,,,,,,,,,,,,,,,,,,,,,,,,,,,,,,,,,,,,,,,,,,,,,,,,,,,,,,,,,,,,,,,,,,,,,,,,,,,,,,,,,,,,,,,,,,,,,,,,,,,,,,,,,,,,,,,,,,,,,,,,,,,,,,,,,,,,,,,,,,,,,,,,,,,,,,,,,,,,,,,,,,,,,,,,,,,,,,,,,,,,,,,,,,,,,,,,,,,,,,,,,,,,,,,,,,,,,,,,,,,,,,,,,,,,,,,,,,,,,,,,,,,,,,,,,,,,,,,,,,,,,,,,,,,,,,,,,,,,,,,,,,,,,,,,,,,,,,,,,,,,,,,,,,,,,,,,,,,,,,,,,,,,,,,,,,,,,,,,,,,,,,,,,,,,,,,,,,,,,,,,,,,,,,,,,,,,,,,,,,,,,,,,,,,,,,,,,,,,,,,,,,,,,,,,
R175,,,,,,,,,,,,,,,,,,,,,,,,,,,,,,,,,,,,,,,,,,,,,,,,,,,,,,,,,,,,,,,,,,,,,,,,,,,,,,,,,,,,,,,,,,,,,,,,,,,,,,,,,,,,,,,,,,,,,,,,,,,,,,,,,,,,,,,,,,,,,,,,,,,,,,,,,,,,,,,,,,,,,,,,,,,,,,,,,,,,,,,,,,,,,,,,,,,,,,,,,,,,,,,,,,,,,,,,,,,,,,,,,,,,,,,,,,,,,,,,,,,,,,,,,,,,,,,,,,,,,,,,,,,,,,,,,,,,,,,,,,,,,,,,,,,,,,,,,,,,,,,,,,,,,,,,,,,,,,,,,,,,,,,,,,,,,,,,,,,,,,,,,,,,,,,,,,,,,,,,,,,,,,,,,,,,,,,,,,,,,,,,,,,,,,,,,,,,,,,,,,,,,,,,,,,,,,,,,,,,,,,,,,,,,,,,,,,,,,,,,,,,,,,,,,,,,,,,,,,,,,,,,,,,,,,,,,,,,,,,,,,,,,,,,,,,,,,,,,,,,,,,,,,,
R176,,,,,,,,,,,,,,,,,,,,,,,,,,,,,,,,,,,,,,,,,,,,,,,,,,,,,,,,,,,,,,,,,,,,,,,,,,,,,,,,,,,,,,,,,,,,,,,,,,,,,,,,,,,,,,,,,,,,,,,,,,,,,,,,,,,,,,,,,,,,,,,,,,,,,,,,,,,,,,,,,,,,,,,,,,,,,,,,,,,,,,,,,,,,,,,,,,,,,,,,,,,,,,,,,,,,,,,,,,,,,,,,,,,,,,,,,,,,,,,,,,,,,,,,,,,,,,,,,,,,,,,,,,,,,,,,,,,,,,,,,,,,,,,,,,,,,,,,,,,,,,,,,,,,,,,,,,,,,,,,,,,,,,,,,,,,,,,,,,,,,,,,,,,,,,,,,,,,,,,,,,,,,,,,,,,,,,,,,,,,,,,,,,,,,,,,,,,,,,,,,,,,,,,,,,,,,,,,,,,,,,,,,,,,,,,,,,,,,,,,,,,,,,,,,,,,,,,,,,,,,,,,,,,,,,,,,,,,,,,,,,,,,,,,,,,,,,,,,,,,,,,,,,,,
R177,,,,,,,,,,,,,,,,,,,,,,,,,,,,,,,,,,,,,,,,,,,,,,,,,,,,,,,,,,,,,,,,,,,,,,,,,,,,,,,,,,,,,,,,,,,,,,,,,,,,,,,,,,,,,,,,,,,,,,,,,,,,,,,,,,,,,,,,,,,,,,,,,,,,,,,,,,,,,,,,,,,,,,,,,,,,,,,,,,,,,,,,,,,,,,,,,,,,,,,,,,,,,,,,,,,,,,,,,,,,,,,,,,,,,,,,,,,,,,,,,,,,,,,,,,,,,,,,,,,,,,,,,,,,,,,,,,,,,,,,,,,,,,,,,,,,,,,,,,,,,,,,,,,,,,,,,,,,,,,,,,,,,,,,,,,,,,,,,,,,,,,,,,,,,,,,,,,,,,,,,,,,,,,,,,,,,,,,,,,,,,,,,,,,,,,,,,,,,,,,,,,,,,,,,,,,,,,,,,,,,,,,,,,,,,,,,,,,,,,,,,,,,,,,,,,,,,,,,,,,,,,,,,,,,,,,,,,,,,,,,,,,,,,,,,,,,,,,,,,,,,,,,,,,
R178,,,,,,,,,,,,,,,,,,,,,,,,,,,,,,,,,,,,,,,,,,,,,,,,,,,,,,,,,,,,,,,,,,,,,,,,,,,,,,,,,,,,,,,,,,,,,,,,,,,,,,,,,,,,,,,,,,,,,,,,,,,,,,,,,,,,,,,,,,,,,,,,,,,,,,,,,,,,,,,,,,,,,,,,,,,,,,,,,,,,,,,,,,,,,,,,,,,,,,,,,,,,,,,,,,,,,,,,,,,,,,,,,,,,,,,,,,,,,,,,,,,,,,,,,,,,,,,,,,,,,,,,,,,,,,,,,,,,,,,,,,,,,,,,,,,,,,,,,,,,,,,,,,,,,,,,,,,,,,,,,,,,,,,,,,,,,,,,,,,,,,,,,,,,,,,,,,,,,,,,,,,,,,,,,,,,,,,,,,,,,,,,,,,,,,,,,,,,,,,,,,,,,,,,,,,,,,,,,,,,,,,,,,,,,,,,,,,,,,,,,,,,,,,,,,,,,,,,,,,,,,,,,,,,,,,,,,,,,,,,,,,,,,,,,,,,,,,,,,,,,,,,,,,,
R179,,,,,,,,,,,,,,,,,,,,,,,,,,,,,,,,,,,,,,,,,,,,,,,,,,,,,,,,,,,,,,,,,,,,,,,,,,,,,,,,,,,,,,,,,,,,,,,,,,,,,,,,,,,,,,,,,,,,,,,,,,,,,,,,,,,,,,,,,,,,,,,,,,,,,,,,,,,,,,,,,,,,,,,,,,,,,,,,,,,,,,,,,,,,,,,,,,,,,,,,,,,,,,,,,,,,,,,,,,,,,,,,,,,,,,,,,,,,,,,,,,,,,,,,,,,,,,,,,,,,,,,,,,,,,,,,,,,,,,,,,,,,,,,,,,,,,,,,,,,,,,,,,,,,,,,,,,,,,,,,,,,,,,,,,,,,,,,,,,,,,,,,,,,,,,,,,,,,,,,,,,,,,,,,,,,,,,,,,,,,,,,,,,,,,,,,,,,,,,,,,,,,,,,,,,,,,,,,,,,,,,,,,,,,,,,,,,,,,,,,,,,,,,,,,,,,,,,,,,,,,,,,,,,,,,,,,,,,,,,,,,,,,,,,,,,,,,,,,,,,,,,,,,,,
R180,,,,,,,,,,,,,,,,,,,,,,,,,,,,,,,,,,,,,,,,,,,,,,,,,,,,,,,,,,,,,,,,,,,,,,,,,,,,,,,,,,,,,,,,,,,,,,,,,,,,,,,,,,,,,,,,,,,,,,,,,,,,,,,,,,,,,,,,,,,,,,,,,,,,,,,,,,,,,,,,,,,,,,,,,,,,,,,,,,,,,,,,,,,,,,,,,,,,,,,,,,,,,,,,,,,,,,,,,,,,,,,,,,,,,,,,,,,,,,,,,,,,,,,,,,,,,,,,,,,,,,,,,,,,,,,,,,,,,,,,,,,,,,,,,,,,,,,,,,,,,,,,,,,,,,,,,,,,,,,,,,,,,,,,,,,,,,,,,,,,,,,,,,,,,,,,,,,,,,,,,,,,,,,,,,,,,,,,,,,,,,,,,,,,,,,,,,,,,,,,,,,,,,,,,,,,,,,,,,,,,,,,,,,,,,,,,,,,,,,,,,,,,,,,,,,,,,,,,,,,,,,,,,,,,,,,,,,,,,,,,,,,,,,,,,,,,,,,,,,,,,,,,,,,
=Middle Proto-Albanian II,null{ABSENT},null{ABSENT},null{ABSENT},null{ABSENT},null{ABSENT},null{ABSENT},null{ABSENT},null{ABSENT},null{ABSENT},null{ABSENT},null{ABSENT},null{ABSENT},null{ABSENT},null{ABSENT},null{ABSENT},null{ABSENT},null{ABSENT},null{ABSENT},null{ABSENT},null{ABSENT},null{ABSENT},null{ABSENT},null{ABSENT},null{ABSENT},null{ABSENT},null{ABSENT},null{ABSENT},null{ABSENT},null{ABSENT},null{ABSENT},null{ABSENT},null{ABSENT},null{ABSENT},null{ABSENT},null{ABSENT},null{ABSENT},null{ABSENT},null{ABSENT},null{ABSENT},null{ABSENT},null{ABSENT},null{ABSENT},null{ABSENT},null{ABSENT},null{ABSENT},null{ABSENT},null{ABSENT},null{ABSENT},null{ABSENT},null{ABSENT},null{ABSENT},null{ABSENT},null{ABSENT},null{ABSENT},null{ABSENT},null{ABSENT},null{ABSENT},null{ABSENT},null{ABSENT},null{ABSENT},null{ABSENT},null{ABSENT},null{ABSENT},null{ABSENT},null{ABSENT},null{ABSENT},null{ABSENT},null{ABSENT},null{ABSENT},null{ABSENT},null{ABSENT},null{ABSENT},null{ABSENT},null{ABSENT},null{ABSENT},null{ABSENT},null{ABSENT},null{ABSENT},null{ABSENT},null{ABSENT},null{ABSENT},null{ABSENT},null{ABSENT},null{ABSENT},null{ABSENT},null{ABSENT},null{ABSENT},null{ABSENT},null{ABSENT},null{ABSENT},null{ABSENT},null{ABSENT},null{ABSENT},null{ABSENT},null{ABSENT},null{ABSENT},null{ABSENT},null{ABSENT},null{ABSENT},null{ABSENT},null{ABSENT},null{ABSENT},null{ABSENT},null{ABSENT},null{ABSENT},null{ABSENT},null{ABSENT},null{ABSENT},null{ABSENT},null{ABSENT},null{ABSENT},null{ABSENT},null{ABSENT},null{ABSENT},null{ABSENT},null{ABSENT},null{ABSENT},null{ABSENT},null{ABSENT},null{ABSENT},null{ABSENT},null{ABSENT},null{ABSENT},null{ABSENT},null{ABSENT},null{ABSENT},null{ABSENT},null{ABSENT},null{ABSENT},null{ABSENT},null{ABSENT},null{ABSENT},null{ABSENT},null{ABSENT},null{ABSENT},null{ABSENT},null{ABSENT},null{ABSENT},null{ABSENT},null{ABSENT},null{ABSENT},null{ABSENT},null{ABSENT},null{ABSENT},null{ABSENT},null{ABSENT},null{ABSENT},null{ABSENT},null{ABSENT},null{ABSENT},null{ABSENT},null{ABSENT},null{ABSENT},null{ABSENT},null{ABSENT},null{ABSENT},null{ABSENT},null{ABSENT},null{ABSENT},null{ABSENT},null{ABSENT},null{ABSENT},null{ABSENT},null{ABSENT},null{ABSENT},null{ABSENT},null{ABSENT},null{ABSENT},null{ABSENT},null{ABSENT},null{ABSENT},null{ABSENT},null{ABSENT},null{ABSENT},null{ABSENT},null{ABSENT},null{ABSENT},null{ABSENT},null{ABSENT},null{ABSENT},null{ABSENT},null{ABSENT},null{ABSENT},null{ABSENT},null{ABSENT},null{ABSENT},null{ABSENT},null{ABSENT},null{ABSENT},null{ABSENT},null{ABSENT},null{ABSENT},null{ABSENT},null{ABSENT},null{ABSENT},null{ABSENT},null{ABSENT},null{ABSENT},null{ABSENT},null{ABSENT},null{ABSENT},null{ABSENT},null{ABSENT},null{ABSENT},null{ABSENT},null{ABSENT},null{ABSENT},null{ABSENT},null{ABSENT},null{ABSENT},null{ABSENT},null{ABSENT},null{ABSENT},null{ABSENT},null{ABSENT},null{ABSENT},null{ABSENT},null{ABSENT},null{ABSENT},null{ABSENT},null{ABSENT},null{ABSENT},null{ABSENT},null{ABSENT},null{ABSENT},null{ABSENT},null{ABSENT},null{ABSENT},null{ABSENT},null{ABSENT},null{ABSENT},null{ABSENT},null{ABSENT},null{ABSENT},null{ABSENT},null{ABSENT},null{ABSENT},null{ABSENT},null{ABSENT},null{ABSENT},null{ABSENT},null{ABSENT},null{ABSENT},null{ABSENT},null{ABSENT},null{ABSENT},null{ABSENT},null{ABSENT},null{ABSENT},null{ABSENT},null{ABSENT},null{ABSENT},null{ABSENT},null{ABSENT},null{ABSENT},null{ABSENT},null{ABSENT},null{ABSENT},null{ABSENT},null{ABSENT},null{ABSENT},null{ABSENT},null{ABSENT},null{ABSENT},null{ABSENT},null{ABSENT},null{ABSENT},null{ABSENT},null{ABSENT},null{ABSENT},null{ABSENT},null{ABSENT},null{ABSENT},null{ABSENT},null{ABSENT},null{ABSENT},null{ABSENT},null{ABSENT},null{ABSENT},null{ABSENT},null{ABSENT},null{ABSENT},null{ABSENT},null{ABSENT},null{ABSENT},null{ABSENT},null{ABSENT},null{ABSENT},null{ABSENT},null{ABSENT},null{ABSENT},null{ABSENT},null{ABSENT},null{ABSENT},null{ABSENT},null{ABSENT},null{ABSENT},null{ABSENT},null{ABSENT},null{ABSENT},null{ABSENT},null{ABSENT},null{ABSENT},null{ABSENT},null{ABSENT},null{ABSENT},null{ABSENT},null{ABSENT},null{ABSENT},null{ABSENT},null{ABSENT},null{ABSENT},null{ABSENT},null{ABSENT},null{ABSENT},null{ABSENT},null{ABSENT},null{ABSENT},null{ABSENT},null{ABSENT},null{ABSENT},null{ABSENT},null{ABSENT},null{ABSENT},null{ABSENT},null{ABSENT},null{ABSENT},null{ABSENT},null{ABSENT},null{ABSENT},null{ABSENT},null{ABSENT},null{ABSENT},null{ABSENT},null{ABSENT},null{ABSENT},null{ABSENT},null{ABSENT},null{ABSENT},null{ABSENT},null{ABSENT},null{ABSENT},null{ABSENT},null{ABSENT},null{ABSENT},null{ABSENT},null{ABSENT},null{ABSENT},null{ABSENT},null{ABSENT},null{ABSENT},null{ABSENT},null{ABSENT},null{ABSENT},null{ABSENT},null{ABSENT},null{ABSENT},null{ABSENT},null{ABSENT},null{ABSENT},null{ABSENT},null{ABSENT},null{ABSENT},null{ABSENT},null{ABSENT},null{ABSENT},null{ABSENT},null{ABSENT},null{ABSENT},null{ABSENT},null{ABSENT},null{ABSENT},null{ABSENT},null{ABSENT},null{ABSENT},null{ABSENT},null{ABSENT},null{ABSENT},null{ABSENT},null{ABSENT},null{ABSENT},null{ABSENT},null{ABSENT},null{ABSENT},null{ABSENT},null{ABSENT},null{ABSENT},null{ABSENT},null{ABSENT},null{ABSENT},null{ABSENT},null{ABSENT},null{ABSENT},null{ABSENT},null{ABSENT},null{ABSENT},null{ABSENT},null{ABSENT},null{ABSENT},null{ABSENT},null{ABSENT},null{ABSENT},null{ABSENT},null{ABSENT},null{ABSENT},null{ABSENT},null{ABSENT},null{ABSENT},null{ABSENT},null{ABSENT},null{ABSENT},null{ABSENT},null{ABSENT},null{ABSENT},null{ABSENT},null{ABSENT},null{ABSENT},null{ABSENT},null{ABSENT},null{ABSENT},null{ABSENT},null{ABSENT},null{ABSENT},null{ABSENT},null{ABSENT},null{ABSENT},null{ABSENT},null{ABSENT},null{ABSENT},null{ABSENT},null{ABSENT},null{ABSENT},null{ABSENT},null{ABSENT},null{ABSENT},null{ABSENT},null{ABSENT},null{ABSENT},null{ABSENT},null{ABSENT},null{ABSENT},null{ABSENT},null{ABSENT},null{ABSENT},null{ABSENT},null{ABSENT},null{ABSENT},null{ABSENT},null{ABSENT},null{ABSENT},null{ABSENT},null{ABSENT},null{ABSENT},null{ABSENT},null{ABSENT},null{ABSENT},null{ABSENT},null{ABSENT},null{ABSENT},null{ABSENT},null{ABSENT},null{ABSENT},null{ABSENT},null{ABSENT},null{ABSENT},null{ABSENT},null{ABSENT},null{ABSENT},null{ABSENT},null{ABSENT},null{ABSENT},null{ABSENT},null{ABSENT},null{ABSENT},null{ABSENT},null{ABSENT},null{ABSENT},null{ABSENT},null{ABSENT},null{ABSENT},null{ABSENT},null{ABSENT},null{ABSENT},null{ABSENT},null{ABSENT},null{ABSENT},null{ABSENT},null{ABSENT},null{ABSENT},null{ABSENT},null{ABSENT},null{ABSENT},null{ABSENT},null{ABSENT},null{ABSENT},null{ABSENT},null{ABSENT},null{ABSENT},null{ABSENT},null{ABSENT},null{ABSENT},null{ABSENT},null{ABSENT},null{ABSENT},null{ABSENT},null{ABSENT},null{ABSENT},null{ABSENT}
R181,,,,,,,,,,,,,,,,,,,,,,,,,,,,,,,,,,,,,,,,,,,,,,,,,,,,,,,,,,,,,,,,,,,,,,,,,,,,,,,,,,,,,,,,,,,,,,,,,,,,,,,,,,,,,,,,,,,,,,,,,,,,,,,,,,,,,,,,,,,,,,,,,,,,,,,,,,,,,,,,,,,,,,,,,,,,,,,,,,,,,,,,,,,,,,,,,,,,,,,,,,,,,,,,,,,,,,,,,,,,,,,,,,,,,,,,,,,,,,,,,,,,,,,,,,,,,,,,,,,,,,,,,,,,,,,,,,,,,,,,,,,,,,,,,,,,,,,,,,,,,,,,,,,,,,,,,,,,,,,,,,,,,,,,,,,,,,,,,,,,,,,,,,,,,,,,,,,,,,,,,,,,,,,,,,,,,,,,,,,,,,,,,,,,,,,,,,,,,,,,,,,,,,,,,,,,,,,,,,,,,,,,,,,,,,,,,,,,,,,,,,,,,,,,,,,,,,,,,,,,,,,,,,,,,,,,,,,,,,,,,,,,,,,,,,,,,,,,,,,,,,,,,,,,
R182,,,,,,,,,,,,,,,,,,,,,,,,,,,,,,,,,,,,,,,,,,,,,,,,,,,,,,,,,,,,,,,,,,,,,,,,,,,,,,,,,,,,,,,,,,,,,,,,,,,,,,,,,,,,,,,,,,,,,,,,,,,,,,,,,,,,,,,,,,,,,,,,,,,,,,,,,,,,,,,,,,,,,,,,,,,,,,,,,,,,,,,,,,,,,,,,,,,,,,,,,,,,,,,,,,,,,,,,,,,,,,,,,,,,,,,,,,,,,,,,,,,,,,,,,,,,,,,,,,,,,,,,,,,,,,,,,,,,,,,,,,,,,,,,,,,,,,,,,,,,,,,,,,,,,,,,,,,,,,,,,,,,,,,,,,,,,,,,,,,,,,,,,,,,,,,,,,,,,,,,,,,,,,,,,,,,,,,,,,,,,,,,,,,,,,,,,,,,,,,,,,,,,,,,,,,,,,,,,,,,,,,,,,,,,,,,,,,,,,,,,,,,,,,,,,,,,,,,,,,,,,,,,,,,,,,,,,,,,,,,,,,,,,,,,,,,,,,,,,,,,,,,,,,,
R183,,,,,,,,,,,,,,,,,,,,,,,,,,,,,,,,,,,,,,,,,,,,,,,,,,,,,,,,,,,,,,,,,,,,,,,,,,,,,,,,,,,,,,,,,,,,,,,,,,,,,,,,,,,,,,,,,,,,,,,,,,,,,,,,,,,,,,,,,,,,,,,,,,,,,,,,,,,,,,,,,,,,,,,,,,,,,,,,,,,,,,,,,,,,,,,,,,,,,,,,,,,,,,,,,,,,,,,,,,,,,,,,,,,,,,,,,,,,,,,,,,,,,,,,,,,,,,,,,,,,,,,,,,,,,,,,,,,,,,,,,,,,,,,,,,,,,,,,,,,,,,,,,,,,,,,,,,,,,,,,,,,,,,,,,,,,,,,,,,,,,,,,,,,,,,,,,,,,,,,,,,,,,,,,,,,,,,,,,,,,,,,,,,,,,,,,,,,,,,,,,,,,,,,,,,,,,,,,,,,,,,,,,,,,,,,,,,,,,,,,,,,,,,,,,,,,,,,,,,,,,,,,,,,,,,,,,,,,,,,,,,,,,,,,,,,,,,,,,,,,,,,,,,,,
R184,,,,,,,,,,,,,,,,,,,,,,,,,,,,,,,,,,,,,,,,,,,,,,,,,,,,,,,,,,,,,,,,,,,,,,,,,,,,,,,,,,,,,,,,,,,,,,,,,,,,,,,,,,,,,,,,,,,,,,,,,,,,,,,,,,,,,,,,,,,,,,,,,,,,,,,,,,,,,,,,,,,,,,,,,,,,,,,,,,,,,,,,,,,,,,,,,,,,,,,,,,,,,,,,,,,,,,,,,,,,,,,,,,,,,,,,,,,,,,,,,,,,,,,,,,,,,,,,,,,,,,,,,,,,,,,,,,,,,,,,,,,,,,,,,,,,,,,,,,,,,,,,,,,,,,,,,,,,,,,,,,,,,,,,,,,,,,,,,,,,,,,,,,,,,,,,,,,,,,,,,,,,,,,,,,,,,,,,,,,,,,,,,,,,,,,,,,,,,,,,,,,,,,,,,,,,,,,,,,,,,,,,,,,,,,,,,,,,,,,,,,,,,,,,,,,,,,,,,,,,,,,,,,,,,,,,,,,,,,,,,,,,,,,,,,,,,,,,,,,,,,,,,,,,
R185,,,,,,,,,,,,,,,,,,,,,,,,,,,,,,,,,,,,,,,,,,,,,,,,,,,,,,,,,,,,,,,,,,,,,,,,,,,,,,,,,,,,,,,,,,,,,,,,,,,,,,,,,,,,,,,,,,,,,,,,,,,,,,,,,,,,,,,,,,,,,,,,,,,,,,,,,,,,,,,,,,,,,,,,,,,,,,,,,,,,,,,,,,,,,,,,,,,,,,,,,,,,,,,,,,,,,,,,,,,,,,,,,,,,,,,,,,,,,,,,,,,,,,,,,,,,,,,,,,,,,,,,,,,,,,,,,,,,,,,,,,,,,,,,,,,,,,,,,,,,,,,,,,,,,,,,,,,,,,,,,,,,,,,,,,,,,,,,,,,,,,,,,,,,,,,,,,,,,,,,,,,,,,,,,,,,,,,,,,,,,,,,,,,,,,,,,,,,,,,,,,,,,,,,,,,,,,,,,,,,,,,,,,,,,,,,,,,,,,,,,,,,,,,,,,,,,,,,,,,,,,,,,,,,,,,,,,,,,,,,,,,,,,,,,,,,,,,,,,,,,,,,,,,,
R186,,,,,,,,,,,,,,,,,,,,,,,,,,,,,,,,,,,,,,,,,,,,,,,,,,,,,,,,,,,,,,,,,,,,,,,,,,,,,,,,,,,,,,,,,,,,,,,,,,,,,,,,,,,,,,,,,,,,,,,,,,,,,,,,,,,,,,,,,,,,,,,,,,,,,,,,,,,,,,,,,,,,,,,,,,,,,,,,,,,,,,,,,,,,,,,,,,,,,,,,,,,,,,,,,,,,,,,,,,,,,,,,,,,,,,,,,,,,,,,,,,,,,,,,,,,,,,,,,,,,,,,,,,,,,,,,,,,,,,,,,,,,,,,,,,,,,,,,,,,,,,,,,,,,,,,,,,,,,,,,,,,,,,,,,,,,,,,,,,,,,,,,,,,,,,,,,,,,,,,,,,,,,,,,,,,,,,,,,,,,,,,,,,,,,,,,,,,,,,,,,,,,,,,,,,,,,,,,,,,,,,,,,,,,,,,,,,,,,,,,,,,,,,,,,,,,,,,,,,,,,,,,,,,,,,,,,,,,,,,,,,,,,,,,,,,,,,,,,,,,,,,,,,,,
R187,,,,,,,,,,,,,,,,,,,,,,,,,,,,,,,,,,,,,,,,,,,,,,,,,,,,,,,,,,,,,,,,,,,,,,,,,,,,,,,,,,,,,,,,,,,,,,,,,,,,,,,,,,,,,,,,,,,,,,,,,,,,,,,,,,,,,,,,,,,,,,,,,,,,,,,,,,,,,,,,,,,,,,,,,,,,,,,,,,,,,,,,,,,,,,,,,,,,,,,,,,,,,,,,,,,,,,,,,,,,,,,,,,,,,,,,,,,,,,,,,,,,,,,,,,,,,,,,,,,,,,,,,,,,,,,,,,,,,,,,,,,,,,,,,,,,,,,,,,,,,,,,,,,,,,,,,,,,,,,,,,,,,,,,,,,,,,,,,,,,,,,,,,,,,,,,,,,,,,,,,,,,,,,,,,,,,,,,,,,,,,,,,,,,,,,,,,,,,,,,,,,,,,,,,,,,,,,,,,,,,,,,,,,,,,,,,,,,,,,,,,,,,,,,,,,,,,,,,,,,,,,,,,,,,,,,,,,,,,,,,,,,,,,,,,,,,,,,,,,,,,,,,,,,
R188,,,,,,,,,,,,,,,,,,,,,,,,,,,,,,,,,,,,,,,,,,,,,,,,,,,,,,,,,,,,,,,,,,,,,,,,,,,,,,,,,,,,,,,,,,,,,,,,,,,,,,,,,,,,,,,,,,,,,,,,,,,,,,,,,,,,,,,,,,,,,,,,,,,,,,,,,,,,,,,,,,,,,,,,,,,,,,,,,,,,,,,,,,,,,,,,,,,,,,,,,,,,,,,,,,,,,,,,,,,,,,,,,,,,,,,,,,,,,,,,,,,,,,,,,,,,,,,,,,,,,,,,,,,,,,,,,,,,,,,,,,,,,,,,,,,,,,,,,,,,,,,,,,,,,,,,,,,,,,,,,,,,,,,,,,,,,,,,,,,,,,,,,,,,,,,,,,,,,,,,,,,,,,,,,,,,,,,,,,,,,,,,,,,,,,,,,,,,,,,,,,,,,,,,,,,,,,,,,,,,,,,,,,,,,,,,,,,,,,,,,,,,,,,,,,,,,,,,,,,,,,,,,,,,,,,,,,,,,,,,,,,,,,,,,,,,,,,,,,,,,,,,,,,,
R189,,,,,,,,,,,,,,,,,,,,,,,,,,,,,,,,,,,,,,,,,,,,,,,,,,,,,,,,,,,,,,,,,,,,,,,,,,,,,,,,,,,,,,,,,,,,,,,,,,,,,,,,,,,,,,,,,,,,,,,,,,,,,,,,,,,,,,,,,,,,,,,,,,,,,,,,,,,,,,,,,,,,,,,,,,,,,,,,,,,,,,,,,,,,,,,,,,,,,,,,,,,,,,,,,,,,,,,,,,,,,,,,,,,,,,,,,,,,,,,,,,,,,,,,,,,,,,,,,,,,,,,,,,,,,,,,,,,,,,,,,,,,,,,,,,,,,,,,,,,,,,,,,,,,,,,,,,,,,,,,,,,,,,,,,,,,,,,,,,,,,,,,,,,,,,,,,,,,,,,,,,,,,,,,,,,,,,,,,,,,,,,,,,,,,,,,,,,,,,,,,,,,,,,,,,,,,,,,,,,,,,,,,,,,,,,,,,,,,,,,,,,,,,,,,,,,,,,,,,,,,,,,,,,,,,,,,,,,,,,,,,,,,,,,,,,,,,,,,,,,,,,,,,,,
R190,,,,,,,,,,,,,,,,,,,,,,,,,,,,,,,,,,,,,,,,,,,,,,,,,,,,,,,,,,,,,,,,,,,,,,,,,,,,,,,,,,,,,,,,,,,,,,,,,,,,,,,,,,,,,,,,,,,,,,,,,,,,,,,,,,,,,,,,,,,,,,,,,,,,,,,,,,,,,,,,,,,,,,,,,,,,,,,,,,,,,,,,,,,,,,,,,,,,,,,,,,,,,,,,,,,,,,,,,,,,,,,,,,,,,,,,,,,,,,,,,,,,,,,,,,,,,,,,,,,,,,,,,,,,,,,,,,,,,,,,,,,,,,,,,,,,,,,,,,,,,,,,,,,,,,,,,,,,,,,,,,,,,,,,,,,,,,,,,,,,,,,,,,,,,,,,,,,,,,,,,,,,,,,,,,,,,,,,,,,,,,,,,,,,,,,,,,,,,,,,,,,,,,,,,,,,,,,,,,,,,,,,,,,,,,,,,,,,,,,,,,,,,,,,,,,,,,,,,,,,,,,,,,,,,,,,,,,,,,,,,,,,,,,,,,,,,,,,,,,,,,,,,,,,
R191,,,,,,,,,,,,,,,,,,,,,,,,,,,,,,,,,,,,,,,,,,,,,,,,,,,,,,,,,,,,,,,,,,,,,,,,,,,,,,,,,,,,,,,,,,,,,,,,,,,,,,,,,,,,,,,,,,,,,,,,,,,,,,,,,,,,,,,,,,,,,,,,,,,,,,,,,,,,,,,,,,,,,,,,,,,,,,,,,,,,,,,,,,,,,,,,,,,,,,,,,,,,,,,,,,,,,,,,,,,,,,,,,,,,,,,,,,,,,,,,,,,,,,,,,,,,,,,,,,,,,,,,,,,,,,,,,,,,,,,,,,,,,,,,,,,,,,,,,,,,,,,,,,,,,,,,,,,,,,,,,,,,,,,,,,,,,,,,,,,,,,,,,,,,,,,,,,,,,,,,,,,,,,,,,,,,,,,,,,,,,,,,,,,,,,,,,,,,,,,,,,,,,,,,,,,,,,,,,,,,,,,,,,,,,,,,,,,,,,,,,,,,,,,,,,,,,,,,,,,,,,,,,,,,,,,,,,,,,,,,,,,,,,,,,,,,,,,,,,,,,,,,,,,,
R192,,,,,,,,,,,,,,,,,,,,,,,,,,,,,,,,,,,,,,,,,,,,,,,,,,,,,,,,,,,,,,,,,,,,,,,,,,,,,,,,,,,,,,,,,,,,,,,,,,,,,,,,,,,,,,,,,,,,,,,,,,,,,,,,,,,,,,,,,,,,,,,,,,,,,,,,,,,,,,,,,,,,,,,,,,,,,,,,,,,,,,,,,,,,,,,,,,,,,,,,,,,,,,,,,,,,,,,,,,,,,,,,,,,,,,,,,,,,,,,,,,,,,,,,,,,,,,,,,,,,,,,,,,,,,,,,,,,,,,,,,,,,,,,,,,,,,,,,,,,,,,,,,,,,,,,,,,,,,,,,,,,,,,,,,,,,,,,,,,,,,,,,,,,,,,,,,,,,,,,,,,,,,,,,,,,,,,,,,,,,,,,,,,,,,,,,,,,,,,,,,,,,,,,,,,,,,,,,,,,,,,,,,,,,,,,,,,,,,,,,,,,,,,,,,,,,,,,,,,,,,,,,,,,,,,,,,,,,,,,,,,,,,,,,,,,,,,,,,,,,,,,,,,,,
R193,,,,,,,,,,,,,,,,,,,,,,,,,,,,,,,,,,,,,,,,,,,,,,,,,,,,,,,,,,,,,,,,,,,,,,,,,,,,,,,,,,,,,,,,,,,,,,,,,,,,,,,,,,,,,,,,,,,,,,,,,,,,,,,,,,,,,,,,,,,,,,,,,,,,,,,,,,,,,,,,,,,,,,,,,,,,,,,,,,,,,,,,,,,,,,,,,,,,,,,,,,,,,,,,,,,,,,,,,,,,,,,,,,,,,,,,,,,,,,,,,,,,,,,,,,,,,,,,,,,,,,,,,,,,,,,,,,,,,,,,,,,,,,,,,,,,,,,,,,,,,,,,,,,,,,,,,,,,,,,,,,,,,,,,,,,,,,,,,,,,,,,,,,,,,,,,,,,,,,,,,,,,,,,,,,,,,,,,,,,,,,,,,,,,,,,,,,,,,,,,,,,,,,,,,,,,,,,,,,,,,,,,,,,,,,,,,,,,,,,,,,,,,,,,,,,,,,,,,,,,,,,,,,,,,,,,,,,,,,,,,,,,,,,,,,,,,,,,,,,,,,,,,,,,
R194,,,,,,,,,,,,,,,,,,,,,,,,,,,,,,,,,,,,,,,,,,,,,,,,,,,,,,,,,,,,,,,,,,,,,,,,,,,,,,,,,,,,,,,,,,,,,,,,,,,,,,,,,,,,,,,,,,,,,,,,,,,,,,,,,,,,,,,,,,,,,,,,,,,,,,,,,,,,,,,,,,,,,,,,,,,,,,,,,,,,,,,,,,,,,,,,,,,,,,,,,,,,,,,,,,,,,,,,,,,,,,,,,,,,,,,,,,,,,,,,,,,,,,,,,,,,,,,,,,,,,,,,,,,,,,,,,,,,,,,,,,,,,,,,,,,,,,,,,,,,,,,,,,,,,,,,,,,,,,,,,,,,,,,,,,,,,,,,,,,,,,,,,,,,,,,,,,,,,,,,,,,,,,,,,,,,,,,,,,,,,,,,,,,,,,,,,,,,,,,,,,,,,,,,,,,,,,,,,,,,,,,,,,,,,,,,,,,,,,,,,,,,,,,,,,,,,,,,,,,,,,,,,,,,,,,,,,,,,,,,,,,,,,,,,,,,,,,,,,,,,,,,,,,,
R195,,,,,,,,,,,,,,,,,,,,,,,,,,,,,,,,,,,,,,,,,,,,,,,,,,,,,,,,,,,,,,,,,,,,,,,,,,,,,,,,,,,,,,,,,,,,,,,,,,,,,,,,,,,,,,,,,,,,,,,,,,,,,,,,,,,,,,,,,,,,,,,,,,,,,,,,,,,,,,,,,,,,,,,,,,,,,,,,,,,,,,,,,,,,,,,,,,,,,,,,,,,,,,,,,,,,,,,,,,,,,,,,,,,,,,,,,,,,,,,,,,,,,,,,,,,,,,,,,,,,,,,,,,,,,,,,,,,,,,,,,,,,,,,,,,,,,,,,,,,,,,,,,,,,,,,,,,,,,,,,,,,,,,,,,,,,,,,,,,,,,,,,,,,,,,,,,,,,,,,,,,,,,,,,,,,,,,,,,,,,,,,,,,,,,,,,,,,,,,,,,,,,,,,,,,,,,,,,,,,,,,,,,,,,,,,,,,,,,,,,,,,,,,,,,,,,,,,,,,,,,,,,,,,,,,,,,,,,,,,,,,,,,,,,,,,,,,,,,,,,,,,,,,,,
R196,,,,,,,,,,,,,,,,,,,,,,,,,,,,,,,,,,,,,,,,,,,,,,,,,,,,,,,,,,,,,,,,,,,,,,,,,,,,,,,,,,,,,,,,,,,,,,,,,,,,,,,,,,,,,,,,,,,,,,,,,,,,,,,,,,,,,,,,,,,,,,,,,,,,,,,,,,,,,,,,,,,,,,,,,,,,,,,,,,,,,,,,,,,,,,,,,,,,,,,,,,,,,,,,,,,,,,,,,,,,,,,,,,,,,,,,,,,,,,,,,,,,,,,,,,,,,,,,,,,,,,,,,,,,,,,,,,,,,,,,,,,,,,,,,,,,,,,,,,,,,,,,,,,,,,,,,,,,,,,,,,,,,,,,,,,,,,,,,,,,,,,,,,,,,,,,,,,,,,,,,,,,,,,,,,,,,,,,,,,,,,,,,,,,,,,,,,,,,,,,,,,,,,,,,,,,,,,,,,,,,,,,,,,,,,,,,,,,,,,,,,,,,,,,,,,,,,,,,,,,,,,,,,,,,,,,,,,,,,,,,,,,,,,,,,,,,,,,,,,,,,,,,,,,
R197,,,,,,,,,,,,,,,,,,,,,,,,,,,,,,,,,,,,,,,,,,,,,,,,,,,,,,,,,,,,,,,,,,,,,,,,,,,,,,,,,,,,,,,,,,,,,,,,,,,,,,,,,,,,,,,,,,,,,,,,,,,,,,,,,,,,,,,,,,,,,,,,,,,,,,,,,,,,,,,,,,,,,,,,,,,,,,,,,,,,,,,,,,,,,,,,,,,,,,,,,,,,,,,,,,,,,,,,,,,,,,,,,,,,,,,,,,,,,,,,,,,,,,,,,,,,,,,,,,,,,,,,,,,,,,,,,,,,,,,,,,,,,,,,,,,,,,,,,,,,,,,,,,,,,,,,,,,,,,,,,,,,,,,,,,,,,,,,,,,,,,,,,,,,,,,,,,,,,,,,,,,,,,,,,,,,,,,,,,,,,,,,,,,,,,,,,,,,,,,,,,,,,,,,,,,,,,,,,,,,,,,,,,,,,,,,,,,,,,,,,,,,,,,,,,,,,,,,,,,,,,,,,,,,,,,,,,,,,,,,,,,,,,,,,,,,,,,,,,,,,,,,,,,,
R198,,,,,,,,,,,,,,,,,,,,,,,,,,,,,,,,,,,,,,,,,,,,,,,,,,,,,,,,,,,,,,,,,,,,,,,,,,,,,,,,,,,,,,,,,,,,,,,,,,,,,,,,,,,,,,,,,,,,,,,,,,,,,,,,,,,,,,,,,,,,,,,,,,,,,,,,,,,,,,,,,,,,,,,,,,,,,,,,,,,,,,,,,,,,,,,,,,,,,,,,,,,,,,,,,,,,,,,,,,,,,,,,,,,,,,,,,,,,,,,,,,,,,,,,,,,,,,,,,,,,,,,,,,,,,,,,,,,,,,,,,,,,,,,,,,,,,,,,,,,,,,,,,,,,,,,,,,,,,,,,,,,,,,,,,,,,,,,,,,,,,,,,,,,,,,,,,,,,,,,,,,,,,,,,,,,,,,,,,,,,,,,,,,,,,,,,,,,,,,,,,,,,,,,,,,,,,,,,,,,,,,,,,,,,,,,,,,,,,,,,,,,,,,,,,,,,,,,,,,,,,,,,,,,,,,,,,,,,,,,,,,,,,,,,,,,,,,,,,,,,,,,,,,,,
R199,,,,,,,,,,,,,,,,,,,,,,,,,,,,,,,,,,,,,,,,,,,,,,,,,,,,,,,,,,,,,,,,,,,,,,,,,,,,,,,,,,,,,,,,,,,,,,,,,,,,,,,,,,,,,,,,,,,,,,,,,,,,,,,,,,,,,,,,,,,,,,,,,,,,,,,,,,,,,,,,,,,,,,,,,,,,,,,,,,,,,,,,,,,,,,,,,,,,,,,,,,,,,,,,,,,,,,,,,,,,,,,,,,,,,,,,,,,,,,,,,,,,,,,,,,,,,,,,,,,,,,,,,,,,,,,,,,,,,,,,,,,,,,,,,,,,,,,,,,,,,,,,,,,,,,,,,,,,,,,,,,,,,,,,,,,,,,,,,,,,,,,,,,,,,,,,,,,,,,,,,,,,,,,,,,,,,,,,,,,,,,,,,,,,,,,,,,,,,,,,,,,,,,,,,,,,,,,,,,,,,,,,,,,,,,,,,,,,,,,,,,,,,,,,,,,,,,,,,,,,,,,,,,,,,,,,,,,,,,,,,,,,,,,,,,,,,,,,,,,,,,,,,,,,
R200,,,,,,,,,,,,,,,,,,,,,,,,,,,,,,,,,,,,,,,,,,,,,,,,,,,,,,,,,,,,,,,,,,,,,,,,,,,,,,,,,,,,,,,,,,,,,,,,,,,,,,,,,,,,,,,,,,,,,,,,,,,,,,,,,,,,,,,,,,,,,,,,,,,,,,,,,,,,,,,,,,,,,,,,,,,,,,,,,,,,,,,,,,,,,,,,,,,,,,,,,,,,,,,,,,,,,,,,,,,,,,,,,,,,,,,,,,,,,,,,,,,,,,,,,,,,,,,,,,,,,,,,,,,,,,,,,,,,,,,,,,,,,,,,,,,,,,,,,,,,,,,,,,,,,,,,,,,,,,,,,,,,,,,,,,,,,,,,,,,,,,,,,,,,,,,,,,,,,,,,,,,,,,,,,,,,,,,,,,,,,,,,,,,,,,,,,,,,,,,,,,,,,,,,,,,,,,,,,,,,,,,,,,,,,,,,,,,,,,,,,,,,,,,,,,,,,,,,,,,,,,,,,,,,,,,,,,,,,,,,,,,,,,,,,,,,,,,,,,,,,,,,,,,,
R201,,,,,,,,,,,,,,,,,,,,,,,,,,,,,,,,,,,,,,,,,,,,,,,,,,,,,,,,,,,,,,,,,,,,,,,,,,,,,,,,,,,,,,,,,,,,,,,,,,,,,,,,,,,,,,,,,,,,,,,,,,,,,,,,,,,,,,,,,,,,,,,,,,,,,,,,,,,,,,,,,,,,,,,,,,,,,,,,,,,,,,,,,,,,,,,,,,,,,,,,,,,,,,,,,,,,,,,,,,,,,,,,,,,,,,,,,,,,,,,,,,,,,,,,,,,,,,,,,,,,,,,,,,,,,,,,,,,,,,,,,,,,,,,,,,,,,,,,,,,,,,,,,,,,,,,,,,,,,,,,,,,,,,,,,,,,,,,,,,,,,,,,,,,,,,,,,,,,,,,,,,,,,,,,,,,,,,,,,,,,,,,,,,,,,,,,,,,,,,,,,,,,,,,,,,,,,,,,,,,,,,,,,,,,,,,,,,,,,,,,,,,,,,,,,,,,,,,,,,,,,,,,,,,,,,,,,,,,,,,,,,,,,,,,,,,,,,,,,,,,,,,,,,,,
R202,,,,,,,,,,,,,,,,,,,,,,,,,,,,,,,,,,,,,,,,,,,,,,,,,,,,,,,,,,,,,,,,,,,,,,,,,,,,,,,,,,,,,,,,,,,,,,,,,,,,,,,,,,,,,,,,,,,,,,,,,,,,,,,,,,,,,,,,,,,,,,,,,,,,,,,,,,,,,,,,,,,,,,,,,,,,,,,,,,,,,,,,,,,,,,,,,,,,,,,,,,,,,,,,,,,,,,,,,,,,,,,,,,,,,,,,,,,,,,,,,,,,,,,,,,,,,,,,,,,,,,,,,,,,,,,,,,,,,,,,,,,,,,,,,,,,,,,,,,,,,,,,,,,,,,,,,,,,,,,,,,,,,,,,,,,,,,,,,,,,,,,,,,,,,,,,,,,,,,,,,,,,,,,,,,,,,,,,,,,,,,,,,,,,,,,,,,,,,,,,,,,,,,,,,,,,,,,,,,,,,,,,,,,,,,,,,,,,,,,,,,,,,,,,,,,,,,,,,,,,,,,,,,,,,,,,,,,,,,,,,,,,,,,,,,,,,,,,,,,,,,,,,,,,
R203,,,,,,,,,,,,,,,,,,,,,,,,,,,,,,,,,,,,,,,,,,,,,,,,,,,,,,,,,,,,,,,,,,,,,,,,,,,,,,,,,,,,,,,,,,,,,,,,,,,,,,,,,,,,,,,,,,,,,,,,,,,,,,,,,,,,,,,,,,,,,,,,,,,,,,,,,,,,,,,,,,,,,,,,,,,,,,,,,,,,,,,,,,,,,,,,,,,,,,,,,,,,,,,,,,,,,,,,,,,,,,,,,,,,,,,,,,,,,,,,,,,,,,,,,,,,,,,,,,,,,,,,,,,,,,,,,,,,,,,,,,,,,,,,,,,,,,,,,,,,,,,,,,,,,,,,,,,,,,,,,,,,,,,,,,,,,,,,,,,,,,,,,,,,,,,,,,,,,,,,,,,,,,,,,,,,,,,,,,,,,,,,,,,,,,,,,,,,,,,,,,,,,,,,,,,,,,,,,,,,,,,,,,,,,,,,,,,,,,,,,,,,,,,,,,,,,,,,,,,,,,,,,,,,,,,,,,,,,,,,,,,,,,,,,,,,,,,,,,,,,,,,,,,,
R204,,,,,,,,,,,,,,,,,,,,,,,,,,,,,,,,,,,,,,,,,,,,,,,,,,,,,,,,,,,,,,,,,,,,,,,,,,,,,,,,,,,,,,,,,,,,,,,,,,,,,,,,,,,,,,,,,,,,,,,,,,,,,,,,,,,,,,,,,,,,,,,,,,,,,,,,,,,,,,,,,,,,,,,,,,,,,,,,,,,,,,,,,,,,,,,,,,,,,,,,,,,,,,,,,,,,,,,,,,,,,,,,,,,,,,,,,,,,,,,,,,,,,,,,,,,,,,,,,,,,,,,,,,,,,,,,,,,,,,,,,,,,,,,,,,,,,,,,,,,,,,,,,,,,,,,,,,,,,,,,,,,,,,,,,,,,,,,,,,,,,,,,,,,,,,,,,,,,,,,,,,,,,,,,,,,,,,,,,,,,,,,,,,,,,,,,,,,,,,,,,,,,,,,,,,,,,,,,,,,,,,,,,,,,,,,,,,,,,,,,,,,,,,,,,,,,,,,,,,,,,,,,,,,,,,,,,,,,,,,,,,,,,,,,,,,,,,,,,,,,,,,,,,,,
R205,,,,,,,,,,,,,,,,,,,,,,,,,,,,,,,,,,,,,,,,,,,,,,,,,,,,,,,,,,,,,,,,,,,,,,,,,,,,,,,,,,,,,,,,,,,,,,,,,,,,,,,,,,,,,,,,,,,,,,,,,,,,,,,,,,,,,,,,,,,,,,,,,,,,,,,,,,,,,,,,,,,,,,,,,,,,,,,,,,,,,,,,,,,,,,,,,,,,,,,,,,,,,,,,,,,,,,,,,,,,,,,,,,,,,,,,,,,,,,,,,,,,,,,,,,,,,,,,,,,,,,,,,,,,,,,,,,,,,,,,,,,,,,,,,,,,,,,,,,,,,,,,,,,,,,,,,,,,,,,,,,,,,,,,,,,,,,,,,,,,,,,,,,,,,,,,,,,,,,,,,,,,,,,,,,,,,,,,,,,,,,,,,,,,,,,,,,,,,,,,,,,,,,,,,,,,,,,,,,,,,,,,,,,,,,,,,,,,,,,,,,,,,,,,,,,,,,,,,,,,,,,,,,,,,,,,,,,,,,,,,,,,,,,,,,,,,,,,,,,,,,,,,,,,
R206,,,,,,,,,,,,,,,,,,,,,,,,,,,,,,,,,,,,,,,,,,,,,,,,,,,,,,,,,,,,,,,,,,,,,,,,,,,,,,,,,,,,,,,,,,,,,,,,,,,,,,,,,,,,,,,,,,,,,,,,,,,,,,,,,,,,,,,,,,,,,,,,,,,,,,,,,,,,,,,,,,,,,,,,,,,,,,,,,,,,,,,,,,,,,,,,,,,,,,,,,,,,,,,,,,,,,,,,,,,,,,,,,,,,,,,,,,,,,,,,,,,,,,,,,,,,,,,,,,,,,,,,,,,,,,,,,,,,,,,,,,,,,,,,,,,,,,,,,,,,,,,,,,,,,,,,,,,,,,,,,,,,,,,,,,,,,,,,,,,,,,,,,,,,,,,,,,,,,,,,,,,,,,,,,,,,,,,,,,,,,,,,,,,,,,,,,,,,,,,,,,,,,,,,,,,,,,,,,,,,,,,,,,,,,,,,,,,,,,,,,,,,,,,,,,,,,,,,,,,,,,,,,,,,,,,,,,,,,,,,,,,,,,,,,,,,,,,,,,,,,,,,,,,,
R207,,,,,,,,,,,,,,,,,,,,,,,,,,,,,,,,,,,,,,,,,,,,,,,,,,,,,,,,,,,,,,,,,,,,,,,,,,,,,,,,,,,,,,,,,,,,,,,,,,,,,,,,,,,,,,,,,,,,,,,,,,,,,,,,,,,,,,,,,,,,,,,,,,,,,,,,,,,,,,,,,,,,,,,,,,,,,,,,,,,,,,,,,,,,,,,,,,,,,,,,,,,,,,,,,,,,,,,,,,,,,,,,,,,,,,,,,,,,,,,,,,,,,,,,,,,,,,,,,,,,,,,,,,,,,,,,,,,,,,,,,,,,,,,,,,,,,,,,,,,,,,,,,,,,,,,,,,,,,,,,,,,,,,,,,,,,,,,,,,,,,,,,,,,,,,,,,,,,,,,,,,,,,,,,,,,,,,,,,,,,,,,,,,,,,,,,,,,,,,,,,,,,,,,,,,,,,,,,,,,,,,,,,,,,,,,,,,,,,,,,,,,,,,,,,,,,,,,,,,,,,,,,,,,,,,,,,,,,,,,,,,,,,,,,,,,,,,,,,,,,,,,,,,,,
R208,,,,,,,,,,,,,,,,,,,,,,,,,,,,,,,,,,,,,,,,,,,,,,,,,,,,,,,,,,,,,,,,,,,,,,,,,,,,,,,,,,,,,,,,,,,,,,,,,,,,,,,,,,,,,,,,,,,,,,,,,,,,,,,,,,,,,,,,,,,,,,,,,,,,,,,,,,,,,,,,,,,,,,,,,,,,,,,,,,,,,,,,,,,,,,,,,,,,,,,,,,,,,,,,,,,,,,,,,,,,,,,,,,,,,,,,,,,,,,,,,,,,,,,,,,,,,,,,,,,,,,,,,,,,,,,,,,,,,,,,,,,,,,,,,,,,,,,,,,,,,,,,,,,,,,,,,,,,,,,,,,,,,,,,,,,,,,,,,,,,,,,,,,,,,,,,,,,,,,,,,,,,,,,,,,,,,,,,,,,,,,,,,,,,,,,,,,,,,,,,,,,,,,,,,,,,,,,,,,,,,,,,,,,,,,,,,,,,,,,,,,,,,,,,,,,,,,,,,,,,,,,,,,,,,,,,,,,,,,,,,,,,,,,,,,,,,,,,,,,,,,,,,,,,
R209,,,,,,,,,,,,,,,,,,,,,,,,,,,,,,,,,,,,,,,,,,,,,,,,,,,,,,,,,,,,,,,,,,,,,,,,,,,,,,,,,,,,,,,,,,,,,,,,,,,,,,,,,,,,,,,,,,,,,,,,,,,,,,,,,,,,,,,,,,,,,,,,,,,,,,,,,,,,,,,,,,,,,,,,,,,,,,,,,,,,,,,,,,,,,,,,,,,,,,,,,,,,,,,,,,,,,,,,,,,,,,,,,,,,,,,,,,,,,,,,,,,,,,,,,,,,,,,,,,,,,,,,,,,,,,,,,,,,,,,,,,,,,,,,,,,,,,,,,,,,,,,,,,,,,,,,,,,,,,,,,,,,,,,,,,,,,,,,,,,,,,,,,,,,,,,,,,,,,,,,,,,,,,,,,,,,,,,,,,,,,,,,,,,,,,,,,,,,,,,,,,,,,,,,,,,,,,,,,,,,,,,,,,,,,,,,,,,,,,,,,,,,,,,,,,,,,,,,,,,,,,,,,,,,,,,,,,,,,,,,,,,,,,,,,,,,,,,,,,,,,,,,,,,,
R210,,,,,,,,,,,,,,,,,,,,,,,,,,,,,,,,,,,,,,,,,,,,,,,,,,,,,,,,,,,,,,,,,,,,,,,,,,,,,,,,,,,,,,,,,,,,,,,,,,,,,,,,,,,,,,,,,,,,,,,,,,,,,,,,,,,,,,,,,,,,,,,,,,,,,,,,,,,,,,,,,,,,,,,,,,,,,,,,,,,,,,,,,,,,,,,,,,,,,,,,,,,,,,,,,,,,,,,,,,,,,,,,,,,,,,,,,,,,,,,,,,,,,,,,,,,,,,,,,,,,,,,,,,,,,,,,,,,,,,,,,,,,,,,,,,,,,,,,,,,,,,,,,,,,,,,,,,,,,,,,,,,,,,,,,,,,,,,,,,,,,,,,,,,,,,,,,,,,,,,,,,,,,,,,,,,,,,,,,,,,,,,,,,,,,,,,,,,,,,,,,,,,,,,,,,,,,,,,,,,,,,,,,,,,,,,,,,,,,,,,,,,,,,,,,,,,,,,,,,,,,,,,,,,,,,,,,,,,,,,,,,,,,,,,,,,,,,,,,,,,,,,,,,,,
R211,,,,,,,,,,,,,,,,,,,,,,,,,,,,,,,,,,,,,,,,,,,,,,,,,,,,,,,,,,,,,,,,,,,,,,,,,,,,,,,,,,,,,,,,,,,,,,,,,,,,,,,,,,,,,,,,,,,,,,,,,,,,,,,,,,,,,,,,,,,,,,,,,,,,,,,,,,,,,,,,,,,,,,,,,,,,,,,,,,,,,,,,,,,,,,,,,,,,,,,,,,,,,,,,,,,,,,,,,,,,,,,,,,,,,,,,,,,,,,,,,,,,,,,,,,,,,,,,,,,,,,,,,,,,,,,,,,,,,,,,,,,,,,,,,,,,,,,,,,,,,,,,,,,,,,,,,,,,,,,,,,,,,,,,,,,,,,,,,,,,,,,,,,,,,,,,,,,,,,,,,,,,,,,,,,,,,,,,,,,,,,,,,,,,,,,,,,,,,,,,,,,,,,,,,,,,,,,,,,,,,,,,,,,,,,,,,,,,,,,,,,,,,,,,,,,,,,,,,,,,,,,,,,,,,,,,,,,,,,,,,,,,,,,,,,,,,,,,,,,,,,,,,,,,
R212,,,,,,,,,,,,,,,,,,,,,,,,,,,,,,,,,,,,,,,,,,,,,,,,,,,,,,,,,,,,,,,,,,,,,,,,,,,,,,,,,,,,,,,,,,,,,,,,,,,,,,,,,,,,,,,,,,,,,,,,,,,,,,,,,,,,,,,,,,,,,,,,,,,,,,,,,,,,,,,,,,,,,,,,,,,,,,,,,,,,,,,,,,,,,,,,,,,,,,,,,,,,,,,,,,,,,,,,,,,,,,,,,,,,,,,,,,,,,,,,,,,,,,,,,,,,,,,,,,,,,,,,,,,,,,,,,,,,,,,,,,,,,,,,,,,,,,,,,,,,,,,,,,,,,,,,,,,,,,,,,,,,,,,,,,,,,,,,,,,,,,,,,,,,,,,,,,,,,,,,,,,,,,,,,,,,,,,,,,,,,,,,,,,,,,,,,,,,,,,,,,,,,,,,,,,,,,,,,,,,,,,,,,,,,,,,,,,,,,,,,,,,,,,,,,,,,,,,,,,,,,,,,,,,,,,,,,,,,,,,,,,,,,,,,,,,,,,,,,,,,,,,,,,,
R213,,,,,,,,,,,,,,,,,,,,,,,,,,,,,,,,,,,,,,,,,,,,,,,,,,,,,,,,,,,,,,,,,,,,,,,,,,,,,,,,,,,,,,,,,,,,,,,,,,,,,,,,,,,,,,,,,,,,,,,,,,,,,,,,,,,,,,,,,,,,,,,,,,,,,,,,,,,,,,,,,,,,,,,,,,,,,,,,,,,,,,,,,,,,,,,,,,,,,,,,,,,,,,,,,,,,,,,,,,,,,,,,,,,,,,,,,,,,,,,,,,,,,,,,,,,,,,,,,,,,,,,,,,,,,,,,,,,,,,,,,,,,,,,,,,,,,,,,,,,,,,,,,,,,,,,,,,,,,,,,,,,,,,,,,,,,,,,,,,,,,,,,,,,,,,,,,,,,,,,,,,,,,,,,,,,,,,,,,,,,,,,,,,,,,,,,,,,,,,,,,,,,,,,,,,,,,,,,,,,,,,,,,,,,,,,,,,,,,,,,,,,,,,,,,,,,,,,,,,,,,,,,,,,,,,,,,,,,,,,,,,,,,,,,,,,,,,,,,,,,,,,,,,,,
R214,,,,,,,,,,,,,,,,,,,,,,,,,,,,,,,,,,,,,,,,,,,,,,,,,,,,,,,,,,,,,,,,,,,,,,,,,,,,,,,,,,,,,,,,,,,,,,,,,,,,,,,,,,,,,,,,,,,,,,,,,,,,,,,,,,,,,,,,,,,,,,,,,,,,,,,,,,,,,,,,,,,,,,,,,,,,,,,,,,,,,,,,,,,,,,,,,,,,,,,,,,,,,,,,,,,,,,,,,,,,,,,,,,,,,,,,,,,,,,,,,,,,,,,,,,,,,,,,,,,,,,,,,,,,,,,,,,,,,,,,,,,,,,,,,,,,,,,,,,,,,,,,,,,,,,,,,,,,,,,,,,,,,,,,,,,,,,,,,,,,,,,,,,,,,,,,,,,,,,,,,,,,,,,,,,,,,,,,,,,,,,,,,,,,,,,,,,,,,,,,,,,,,,,,,,,,,,,,,,,,,,,,,,,,,,,,,,,,,,,,,,,,,,,,,,,,,,,,,,,,,,,,,,,,,,,,,,,,,,,,,,,,,,,,,,,,,,,,,,,,,,,,,,,,
R215,,,,,,,,,,,,,,,,,,,,,,,,,,,,,,,,,,,,,,,,,,,,,,,,,,,,,,,,,,,,,,,,,,,,,,,,,,,,,,,,,,,,,,,,,,,,,,,,,,,,,,,,,,,,,,,,,,,,,,,,,,,,,,,,,,,,,,,,,,,,,,,,,,,,,,,,,,,,,,,,,,,,,,,,,,,,,,,,,,,,,,,,,,,,,,,,,,,,,,,,,,,,,,,,,,,,,,,,,,,,,,,,,,,,,,,,,,,,,,,,,,,,,,,,,,,,,,,,,,,,,,,,,,,,,,,,,,,,,,,,,,,,,,,,,,,,,,,,,,,,,,,,,,,,,,,,,,,,,,,,,,,,,,,,,,,,,,,,,,,,,,,,,,,,,,,,,,,,,,,,,,,,,,,,,,,,,,,,,,,,,,,,,,,,,,,,,,,,,,,,,,,,,,,,,,,,,,,,,,,,,,,,,,,,,,,,,,,,,,,,,,,,,,,,,,,,,,,,,,,,,,,,,,,,,,,,,,,,,,,,,,,,,,,,,,,,,,,,,,,,,,,,,,,,
R216,,,,,,,,,,,,,,,,,,,,,,,,,,,,,,,,,,,,,,,,,,,,,,,,,,,,,,,,,,,,,,,,,,,,,,,,,,,,,,,,,,,,,,,,,,,,,,,,,,,,,,,,,,,,,,,,,,,,,,,,,,,,,,,,,,,,,,,,,,,,,,,,,,,,,,,,,,,,,,,,,,,,,,,,,,,,,,,,,,,,,,,,,,,,,,,,,,,,,,,,,,,,,,,,,,,,,,,,,,,,,,,,,,,,,,,,,,,,,,,,,,,,,,,,,,,,,,,,,,,,,,,,,,,,,,,,,,,,,,,,,,,,,,,,,,,,,,,,,,,,,,,,,,,,,,,,,,,,,,,,,,,,,,,,,,,,,,,,,,,,,,,,,,,,,,,,,,,,,,,,,,,,,,,,,,,,,,,,,,,,,,,,,,,,,,,,,,,,,,,,,,,,,,,,,,,,,,,,,,,,,,,,,,,,,,,,,,,,,,,,,,,,,,,,,,,,,,,,,,,,,,,,,,,,,,,,,,,,,,,,,,,,,,,,,,,,,,,,,,,,,,,,,,,,
R217,,,,,,,,,,,,,,,,,,,,,,,,,,,,,,,,,,,,,,,,,,,,,,,,,,,,,,,,,,,,,,,,,,,,,,,,,,,,,,,,,,,,,,,,,,,,,,,,,,,,,,,,,,,,,,,,,,,,,,,,,,,,,,,,,,,,,,,,,,,,,,,,,,,,,,,,,,,,,,,,,,,,,,,,,,,,,,,,,,,,,,,,,,,,,,,,,,,,,,,,,,,,,,,,,,,,,,,,,,,,,,,,,,,,,,,,,,,,,,,,,,,,,,,,,,,,,,,,,,,,,,,,,,,,,,,,,,,,,,,,,,,,,,,,,,,,,,,,,,,,,,,,,,,,,,,,,,,,,,,,,,,,,,,,,,,,,,,,,,,,,,,,,,,,,,,,,,,,,,,,,,,,,,,,,,,,,,,,,,,,,,,,,,,,,,,,,,,,,,,,,,,,,,,,,,,,,,,,,,,,,,,,,,,,,,,,,,,,,,,,,,,,,,,,,,,,,,,,,,,,,,,,,,,,,,,,,,,,,,,,,,,,,,,,,,,,,,,,,,,,,,,,,,,,
R218,,,,,,,,,,,,,,,,,,,,,,,,,,,,,,,,,,,,,,,,,,,,,,,,,,,,,,,,,,,,,,,,,,,,,,,,,,,,,,,,,,,,,,,,,,,,,,,,,,,,,,,,,,,,,,,,,,,,,,,,,,,,,,,,,,,,,,,,,,,,,,,,,,,,,,,,,,,,,,,,,,,,,,,,,,,,,,,,,,,,,,,,,,,,,,,,,,,,,,,,,,,,,,,,,,,,,,,,,,,,,,,,,,,,,,,,,,,,,,,,,,,,,,,,,,,,,,,,,,,,,,,,,,,,,,,,,,,,,,,,,,,,,,,,,,,,,,,,,,,,,,,,,,,,,,,,,,,,,,,,,,,,,,,,,,,,,,,,,,,,,,,,,,,,,,,,,,,,,,,,,,,,,,,,,,,,,,,,,,,,,,,,,,,,,,,,,,,,,,,,,,,,,,,,,,,,,,,,,,,,,,,,,,,,,,,,,,,,,,,,,,,,,,,,,,,,,,,,,,,,,,,,,,,,,,,,,,,,,,,,,,,,,,,,,,,,,,,,,,,,,,,,,,,,
R219,,,,,,,,,,,,,,,,,,,,,,,,,,,,,,,,,,,,,,,,,,,,,,,,,,,,,,,,,,,,,,,,,,,,,,,,,,,,,,,,,,,,,,,,,,,,,,,,,,,,,,,,,,,,,,,,,,,,,,,,,,,,,,,,,,,,,,,,,,,,,,,,,,,,,,,,,,,,,,,,,,,,,,,,,,,,,,,,,,,,,,,,,,,,,,,,,,,,,,,,,,,,,,,,,,,,,,,,,,,,,,,,,,,,,,,,,,,,,,,,,,,,,,,,,,,,,,,,,,,,,,,,,,,,,,,,,,,,,,,,,,,,,,,,,,,,,,,,,,,,,,,,,,,,,,,,,,,,,,,,,,,,,,,,,,,,,,,,,,,,,,,,,,,,,,,,,,,,,,,,,,,,,,,,,,,,,,,,,,,,,,,,,,,,,,,,,,,,,,,,,,,,,,,,,,,,,,,,,,,,,,,,,,,,,,,,,,,,,,,,,,,,,,,,,,,,,,,,,,,,,,,,,,,,,,,,,,,,,,,,,,,,,,,,,,,,,,,,,,,,,,,,,,,,
R220,,,,,,,,,,,,,,,,,,,,,,,,,,,,,,,,,,,,,,,,,,,,,,,,,,,,,,,,,,,,,,,,,,,,,,,,,,,,,,,,,,,,,,,,,,,,,,,,,,,,,,,,,,,,,,,,,,,,,,,,,,,,,,,,,,,,,,,,,,,,,,,,,,,,,,,,,,,,,,,,,,,,,,,,,,,,,,,,,,,,,,,,,,,,,,,,,,,,,,,,,,,,,,,,,,,,,,,,,,,,,,,,,,,,,,,,,,,,,,,,,,,,,,,,,,,,,,,,,,,,,,,,,,,,,,,,,,,,,,,,,,,,,,,,,,,,,,,,,,,,,,,,,,,,,,,,,,,,,,,,,,,,,,,,,,,,,,,,,,,,,,,,,,,,,,,,,,,,,,,,,,,,,,,,,,,,,,,,,,,,,,,,,,,,,,,,,,,,,,,,,,,,,,,,,,,,,,,,,,,,,,,,,,,,,,,,,,,,,,,,,,,,,,,,,,,,,,,,,,,,,,,,,,,,,,,,,,,,,,,,,,,,,,,,,,,,,,,,,,,,,,,,,,,,
R221,,,,,,,,,,,,,,,,,,,,,,,,,,,,,,,,,,,,,,,,,,,,,,,,,,,,,,,,,,,,,,,,,,,,,,,,,,,,,,,,,,,,,,,,,,,,,,,,,,,,,,,,,,,,,,,,,,,,,,,,,,,,,,,,,,,,,,,,,,,,,,,,,,,,,,,,,,,,,,,,,,,,,,,,,,,,,,,,,,,,,,,,,,,,,,,,,,,,,,,,,,,,,,,,,,,,,,,,,,,,,,,,,,,,,,,,,,,,,,,,,,,,,,,,,,,,,,,,,,,,,,,,,,,,,,,,,,,,,,,,,,,,,,,,,,,,,,,,,,,,,,,,,,,,,,,,,,,,,,,,,,,,,,,,,,,,,,,,,,,,,,,,,,,,,,,,,,,,,,,,,,,,,,,,,,,,,,,,,,,,,,,,,,,,,,,,,,,,,,,,,,,,,,,,,,,,,,,,,,,,,,,,,,,,,,,,,,,,,,,,,,,,,,,,,,,,,,,,,,,,,,,,,,,,,,,,,,,,,,,,,,,,,,,,,,,,,,,,,,,,,,,,,,,,
R222,,,,,,,,,,,,,,,,,,,,,,,,,,,,,,,,,,,,,,,,,,,,,,,,,,,,,,,,,,,,,,,,,,,,,,,,,,,,,,,,,,,,,,,,,,,,,,,,,,,,,,,,,,,,,,,,,,,,,,,,,,,,,,,,,,,,,,,,,,,,,,,,,,,,,,,,,,,,,,,,,,,,,,,,,,,,,,,,,,,,,,,,,,,,,,,,,,,,,,,,,,,,,,,,,,,,,,,,,,,,,,,,,,,,,,,,,,,,,,,,,,,,,,,,,,,,,,,,,,,,,,,,,,,,,,,,,,,,,,,,,,,,,,,,,,,,,,,,,,,,,,,,,,,,,,,,,,,,,,,,,,,,,,,,,,,,,,,,,,,,,,,,,,,,,,,,,,,,,,,,,,,,,,,,,,,,,,,,,,,,,,,,,,,,,,,,,,,,,,,,,,,,,,,,,,,,,,,,,,,,,,,,,,,,,,,,,,,,,,,,,,,,,,,,,,,,,,,,,,,,,,,,,,,,,,,,,,,,,,,,,,,,,,,,,,,,,,,,,,,,,,,,,,,,
R223,,,,,,,,,,,,,,,,,,,,,,,,,,,,,,,,,,,,,,,,,,,,,,,,,,,,,,,,,,,,,,,,,,,,,,,,,,,,,,,,,,,,,,,,,,,,,,,,,,,,,,,,,,,,,,,,,,,,,,,,,,,,,,,,,,,,,,,,,,,,,,,,,,,,,,,,,,,,,,,,,,,,,,,,,,,,,,,,,,,,,,,,,,,,,,,,,,,,,,,,,,,,,,,,,,,,,,,,,,,,,,,,,,,,,,,,,,,,,,,,,,,,,,,,,,,,,,,,,,,,,,,,,,,,,,,,,,,,,,,,,,,,,,,,,,,,,,,,,,,,,,,,,,,,,,,,,,,,,,,,,,,,,,,,,,,,,,,,,,,,,,,,,,,,,,,,,,,,,,,,,,,,,,,,,,,,,,,,,,,,,,,,,,,,,,,,,,,,,,,,,,,,,,,,,,,,,,,,,,,,,,,,,,,,,,,,,,,,,,,,,,,,,,,,,,,,,,,,,,,,,,,,,,,,,,,,,,,,,,,,,,,,,,,,,,,,,,,,,,,,,,,,,,,,
R224,,,,,,,,,,,,,,,,,,,,,,,,,,,,,,,,,,,,,,,,,,,,,,,,,,,,,,,,,,,,,,,,,,,,,,,,,,,,,,,,,,,,,,,,,,,,,,,,,,,,,,,,,,,,,,,,,,,,,,,,,,,,,,,,,,,,,,,,,,,,,,,,,,,,,,,,,,,,,,,,,,,,,,,,,,,,,,,,,,,,,,,,,,,,,,,,,,,,,,,,,,,,,,,,,,,,,,,,,,,,,,,,,,,,,,,,,,,,,,,,,,,,,,,,,,,,,,,,,,,,,,,,,,,,,,,,,,,,,,,,,,,,,,,,,,,,,,,,,,,,,,,,,,,,,,,,,,,,,,,,,,,,,,,,,,,,,,,,,,,,,,,,,,,,,,,,,,,,,,,,,,,,,,,,,,,,,,,,,,,,,,,,,,,,,,,,,,,,,,,,,,,,,,,,,,,,,,,,,,,,,,,,,,,,,,,,,,,,,,,,,,,,,,,,,,,,,,,,,,,,,,,,,,,,,,,,,,,,,,,,,,,,,,,,,,,,,,,,,,,,,,,,,,,,
R225,,,,,,,,,,,,,,,,,,,,,,,,,,,,,,,,,,,,,,,,,,,,,,,,,,,,,,,,,,,,,,,,,,,,,,,,,,,,,,,,,,,,,,,,,,,,,,,,,,,,,,,,,,,,,,,,,,,,,,,,,,,,,,,,,,,,,,,,,,,,,,,,,,,,,,,,,,,,,,,,,,,,,,,,,,,,,,,,,,,,,,,,,,,,,,,,,,,,,,,,,,,,,,,,,,,,,,,,,,,,,,,,,,,,,,,,,,,,,,,,,,,,,,,,,,,,,,,,,,,,,,,,,,,,,,,,,,,,,,,,,,,,,,,,,,,,,,,,,,,,,,,,,,,,,,,,,,,,,,,,,,,,,,,,,,,,,,,,,,,,,,,,,,,,,,,,,,,,,,,,,,,,,,,,,,,,,,,,,,,,,,,,,,,,,,,,,,,,,,,,,,,,,,,,,,,,,,,,,,,,,,,,,,,,,,,,,,,,,,,,,,,,,,,,,,,,,,,,,,,,,,,,,,,,,,,,,,,,,,,,,,,,,,,,,,,,,,,,,,,,,,,,,,,,
R226,,,,,,,,,,,,,,,,,,,,,,,,,,,,,,,,,,,,,,,,,,,,,,,,,,,,,,,,,,,,,,,,,,,,,,,,,,,,,,,,,,,,,,,,,,,,,,,,,,,,,,,,,,,,,,,,,,,,,,,,,,,,,,,,,,,,,,,,,,,,,,,,,,,,,,,,,,,,,,,,,,,,,,,,,,,,,,,,,,,,,,,,,,,,,,,,,,,,,,,,,,,,,,,,,,,,,,,,,,,,,,,,,,,,,,,,,,,,,,,,,,,,,,,,,,,,,,,,,,,,,,,,,,,,,,,,,,,,,,,,,,,,,,,,,,,,,,,,,,,,,,,,,,,,,,,,,,,,,,,,,,,,,,,,,,,,,,,,,,,,,,,,,,,,,,,,,,,,,,,,,,,,,,,,,,,,,,,,,,,,,,,,,,,,,,,,,,,,,,,,,,,,,,,,,,,,,,,,,,,,,,,,,,,,,,,,,,,,,,,,,,,,,,,,,,,,,,,,,,,,,,,,,,,,,,,,,,,,,,,,,,,,,,,,,,,,,,,,,,,,,,,,,,,,
R227,,,,,,,,,,,,,,,,,,,,,,,,,,,,,,,,,,,,,,,,,,,,,,,,,,,,,,,,,,,,,,,,,,,,,,,,,,,,,,,,,,,,,,,,,,,,,,,,,,,,,,,,,,,,,,,,,,,,,,,,,,,,,,,,,,,,,,,,,,,,,,,,,,,,,,,,,,,,,,,,,,,,,,,,,,,,,,,,,,,,,,,,,,,,,,,,,,,,,,,,,,,,,,,,,,,,,,,,,,,,,,,,,,,,,,,,,,,,,,,,,,,,,,,,,,,,,,,,,,,,,,,,,,,,,,,,,,,,,,,,,,,,,,,,,,,,,,,,,,,,,,,,,,,,,,,,,,,,,,,,,,,,,,,,,,,,,,,,,,,,,,,,,,,,,,,,,,,,,,,,,,,,,,,,,,,,,,,,,,,,,,,,,,,,,,,,,,,,,,,,,,,,,,,,,,,,,,,,,,,,,,,,,,,,,,,,,,,,,,,,,,,,,,,,,,,,,,,,,,,,,,,,,,,,,,,,,,,,,,,,,,,,,,,,,,,,,,,,,,,,,,,,,,,,
R228,,,,,,,,,,,,,,,,,,,,,,,,,,,,,,,,,,,,,,,,,,,,,,,,,,,,,,,,,,,,,,,,,,,,,,,,,,,,,,,,,,,,,,,,,,,,,,,,,,,,,,,,,,,,,,,,,,,,,,,,,,,,,,,,,,,,,,,,,,,,,,,,,,,,,,,,,,,,,,,,,,,,,,,,,,,,,,,,,,,,,,,,,,,,,,,,,,,,,,,,,,,,,,,,,,,,,,,,,,,,,,,,,,,,,,,,,,,,,,,,,,,,,,,,,,,,,,,,,,,,,,,,,,,,,,,,,,,,,,,,,,,,,,,,,,,,,,,,,,,,,,,,,,,,,,,,,,,,,,,,,,,,,,,,,,,,,,,,,,,,,,,,,,,,,,,,,,,,,,,,,,,,,,,,,,,,,,,,,,,,,,,,,,,,,,,,,,,,,,,,,,,,,,,,,,,,,,,,,,,,,,,,,,,,,,,,,,,,,,,,,,,,,,,,,,,,,,,,,,,,,,,,,,,,,,,,,,,,,,,,,,,,,,,,,,,,,,,,,,,,,,,,,,,,
R229,,,,,,,,,,,,,,,,,,,,,,,,,,,,,,,,,,,,,,,,,,,,,,,,,,,,,,,,,,,,,,,,,,,,,,,,,,,,,,,,,,,,,,,,,,,,,,,,,,,,,,,,,,,,,,,,,,,,,,,,,,,,,,,,,,,,,,,,,,,,,,,,,,,,,,,,,,,,,,,,,,,,,,,,,,,,,,,,,,,,,,,,,,,,,,,,,,,,,,,,,,,,,,,,,,,,,,,,,,,,,,,,,,,,,,,,,,,,,,,,,,,,,,,,,,,,,,,,,,,,,,,,,,,,,,,,,,,,,,,,,,,,,,,,,,,,,,,,,,,,,,,,,,,,,,,,,,,,,,,,,,,,,,,,,,,,,,,,,,,,,,,,,,,,,,,,,,,,,,,,,,,,,,,,,,,,,,,,,,,,,,,,,,,,,,,,,,,,,,,,,,,,,,,,,,,,,,,,,,,,,,,,,,,,,,,,,,,,,,,,,,,,,,,,,,,,,,,,,,,,,,,,,,,,,,,,,,,,,,,,,,,,,,,,,,,,,,,,,,,,,,,,,,,,
R230,,,,,,,,,,,,,,,,,,,,,,,,,,,,,,,,,,,,,,,,,,,,,,,,,,,,,,,,,,,,,,,,,,,,,,,,,,,,,,,,,,,,,,,,,,,,,,,,,,,,,,,,,,,,,,,,,,,,,,,,,,,,,,,,,,,,,,,,,,,,,,,,,,,,,,,,,,,,,,,,,,,,,,,,,,,,,,,,,,,,,,,,,,,,,,,,,,,,,,,,,,,,,,,,,,,,,,,,,,,,,,,,,,,,,,,,,,,,,,,,,,,,,,,,,,,,,,,,,,,,,,,,,,,,,,,,,,,,,,,,,,,,,,,,,,,,,,,,,,,,,,,,,,,,,,,,,,,,,,,,,,,,,,,,,,,,,,,,,,,,,,,,,,,,,,,,,,,,,,,,,,,,,,,,,,,,,,,,,,,,,,,,,,,,,,,,,,,,,,,,,,,,,,,,,,,,,,,,,,,,,,,,,,,,,,,,,,,,,,,,,,,,,,,,,,,,,,,,,,,,,,,,,,,,,,,,,,,,,,,,,,,,,,,,,,,,,,,,,,,,,,,,,,,,
R231,,,,,,,,,,,,,,,,,,,,,,,,,,,,,,,,,,,,,,,,,,,,,,,,,,,,,,,,,,,,,,,,,,,,,,,,,,,,,,,,,,,,,,,,,,,,,,,,,,,,,,,,,,,,,,,,,,,,,,,,,,,,,,,,,,,,,,,,,,,,,,,,,,,,,,,,,,,,,,,,,,,,,,,,,,,,,,,,,,,,,,,,,,,,,,,,,,,,,,,,,,,,,,,,,,,,,,,,,,,,,,,,,,,,,,,,,,,,,,,,,,,,,,,,,,,,,,,,,,,,,,,,,,,,,,,,,,,,,,,,,,,,,,,,,,,,,,,,,,,,,,,,,,,,,,,,,,,,,,,,,,,,,,,,,,,,,,,,,,,,,,,,,,,,,,,,,,,,,,,,,,,,,,,,,,,,,,,,,,,,,,,,,,,,,,,,,,,,,,,,,,,,,,,,,,,,,,,,,,,,,,,,,,,,,,,,,,,,,,,,,,,,,,,,,,,,,,,,,,,,,,,,,,,,,,,,,,,,,,,,,,,,,,,,,,,,,,,,,,,,,,,,,,,,
R232,,,,,,,,,,,,,,,,,,,,,,,,,,,,,,,,,,,,,,,,,,,,,,,,,,,,,,,,,,,,,,,,,,,,,,,,,,,,,,,,,,,,,,,,,,,,,,,,,,,,,,,,,,,,,,,,,,,,,,,,,,,,,,,,,,,,,,,,,,,,,,,,,,,,,,,,,,,,,,,,,,,,,,,,,,,,,,,,,,,,,,,,,,,,,,,,,,,,,,,,,,,,,,,,,,,,,,,,,,,,,,,,,,,,,,,,,,,,,,,,,,,,,,,,,,,,,,,,,,,,,,,,,,,,,,,,,,,,,,,,,,,,,,,,,,,,,,,,,,,,,,,,,,,,,,,,,,,,,,,,,,,,,,,,,,,,,,,,,,,,,,,,,,,,,,,,,,,,,,,,,,,,,,,,,,,,,,,,,,,,,,,,,,,,,,,,,,,,,,,,,,,,,,,,,,,,,,,,,,,,,,,,,,,,,,,,,,,,,,,,,,,,,,,,,,,,,,,,,,,,,,,,,,,,,,,,,,,,,,,,,,,,,,,,,,,,,,,,,,,,,,,,,,,,
R233,,,,,,,,,,,,,,,,,,,,,,,,,,,,,,,,,,,,,,,,,,,,,,,,,,,,,,,,,,,,,,,,,,,,,,,,,,,,,,,,,,,,,,,,,,,,,,,,,,,,,,,,,,,,,,,,,,,,,,,,,,,,,,,,,,,,,,,,,,,,,,,,,,,,,,,,,,,,,,,,,,,,,,,,,,,,,,,,,,,,,,,,,,,,,,,,,,,,,,,,,,,,,,,,,,,,,,,,,,,,,,,,,,,,,,,,,,,,,,,,,,,,,,,,,,,,,,,,,,,,,,,,,,,,,,,,,,,,,,,,,,,,,,,,,,,,,,,,,,,,,,,,,,,,,,,,,,,,,,,,,,,,,,,,,,,,,,,,,,,,,,,,,,,,,,,,,,,,,,,,,,,,,,,,,,,,,,,,,,,,,,,,,,,,,,,,,,,,,,,,,,,,,,,,,,,,,,,,,,,,,,,,,,,,,,,,,,,,,,,,,,,,,,,,,,,,,,,,,,,,,,,,,,,,,,,,,,,,,,,,,,,,,,,,,,,,,,,,,,,,,,,,,,,,
R234,,,,,,,,,,,,,,,,,,,,,,,,,,,,,,,,,,,,,,,,,,,,,,,,,,,,,,,,,,,,,,,,,,,,,,,,,,,,,,,,,,,,,,,,,,,,,,,,,,,,,,,,,,,,,,,,,,,,,,,,,,,,,,,,,,,,,,,,,,,,,,,,,,,,,,,,,,,,,,,,,,,,,,,,,,,,,,,,,,,,,,,,,,,,,,,,,,,,,,,,,,,,,,,,,,,,,,,,,,,,,,,,,,,,,,,,,,,,,,,,,,,,,,,,,,,,,,,,,,,,,,,,,,,,,,,,,,,,,,,,,,,,,,,,,,,,,,,,,,,,,,,,,,,,,,,,,,,,,,,,,,,,,,,,,,,,,,,,,,,,,,,,,,,,,,,,,,,,,,,,,,,,,,,,,,,,,,,,,,,,,,,,,,,,,,,,,,,,,,,,,,,,,,,,,,,,,,,,,,,,,,,,,,,,,,,,,,,,,,,,,,,,,,,,,,,,,,,,,,,,,,,,,,,,,,,,,,,,,,,,,,,,,,,,,,,,,,,,,,,,,,,,,,,,
R235,,,,,,,,,,,,,,,,,,,,,,,,,,,,,,,,,,,,,,,,,,,,,,,,,,,,,,,,,,,,,,,,,,,,,,,,,,,,,,,,,,,,,,,,,,,,,,,,,,,,,,,,,,,,,,,,,,,,,,,,,,,,,,,,,,,,,,,,,,,,,,,,,,,,,,,,,,,,,,,,,,,,,,,,,,,,,,,,,,,,,,,,,,,,,,,,,,,,,,,,,,,,,,,,,,,,,,,,,,,,,,,,,,,,,,,,,,,,,,,,,,,,,,,,,,,,,,,,,,,,,,,,,,,,,,,,,,,,,,,,,,,,,,,,,,,,,,,,,,,,,,,,,,,,,,,,,,,,,,,,,,,,,,,,,,,,,,,,,,,,,,,,,,,,,,,,,,,,,,,,,,,,,,,,,,,,,,,,,,,,,,,,,,,,,,,,,,,,,,,,,,,,,,,,,,,,,,,,,,,,,,,,,,,,,,,,,,,,,,,,,,,,,,,,,,,,,,,,,,,,,,,,,,,,,,,,,,,,,,,,,,,,,,,,,,,,,,,,,,,,,,,,,,,,
R236,,,,,,,,,,,,,,,,,,,,,,,,,,,,,,,,,,,,,,,,,,,,,,,,,,,,,,,,,,,,,,,,,,,,,,,,,,,,,,,,,,,,,,,,,,,,,,,,,,,,,,,,,,,,,,,,,,,,,,,,,,,,,,,,,,,,,,,,,,,,,,,,,,,,,,,,,,,,,,,,,,,,,,,,,,,,,,,,,,,,,,,,,,,,,,,,,,,,,,,,,,,,,,,,,,,,,,,,,,,,,,,,,,,,,,,,,,,,,,,,,,,,,,,,,,,,,,,,,,,,,,,,,,,,,,,,,,,,,,,,,,,,,,,,,,,,,,,,,,,,,,,,,,,,,,,,,,,,,,,,,,,,,,,,,,,,,,,,,,,,,,,,,,,,,,,,,,,,,,,,,,,,,,,,,,,,,,,,,,,,,,,,,,,,,,,,,,,,,,,,,,,,,,,,,,,,,,,,,,,,,,,,,,,,,,,,,,,,,,,,,,,,,,,,,,,,,,,,,,,,,,,,,,,,,,,,,,,,,,,,,,,,,,,,,,,,,,,,,,,,,,,,,,,,
R237,,,,,,,,,,,,,,,,,,,,,,,,,,,,,,,,,,,,,,,,,,,,,,,,,,,,,,,,,,,,,,,,,,,,,,,,,,,,,,,,,,,,,,,,,,,,,,,,,,,,,,,,,,,,,,,,,,,,,,,,,,,,,,,,,,,,,,,,,,,,,,,,,,,,,,,,,,,,,,,,,,,,,,,,,,,,,,,,,,,,,,,,,,,,,,,,,,,,,,,,,,,,,,,,,,,,,,,,,,,,,,,,,,,,,,,,,,,,,,,,,,,,,,,,,,,,,,,,,,,,,,,,,,,,,,,,,,,,,,,,,,,,,,,,,,,,,,,,,,,,,,,,,,,,,,,,,,,,,,,,,,,,,,,,,,,,,,,,,,,,,,,,,,,,,,,,,,,,,,,,,,,,,,,,,,,,,,,,,,,,,,,,,,,,,,,,,,,,,,,,,,,,,,,,,,,,,,,,,,,,,,,,,,,,,,,,,,,,,,,,,,,,,,,,,,,,,,,,,,,,,,,,,,,,,,,,,,,,,,,,,,,,,,,,,,,,,,,,,,,,,,,,,,,,
R238,,,,,,,,,,,,,,,,,,,,,,,,,,,,,,,,,,,,,,,,,,,,,,,,,,,,,,,,,,,,,,,,,,,,,,,,,,,,,,,,,,,,,,,,,,,,,,,,,,,,,,,,,,,,,,,,,,,,,,,,,,,,,,,,,,,,,,,,,,,,,,,,,,,,,,,,,,,,,,,,,,,,,,,,,,,,,,,,,,,,,,,,,,,,,,,,,,,,,,,,,,,,,,,,,,,,,,,,,,,,,,,,,,,,,,,,,,,,,,,,,,,,,,,,,,,,,,,,,,,,,,,,,,,,,,,,,,,,,,,,,,,,,,,,,,,,,,,,,,,,,,,,,,,,,,,,,,,,,,,,,,,,,,,,,,,,,,,,,,,,,,,,,,,,,,,,,,,,,,,,,,,,,,,,,,,,,,,,,,,,,,,,,,,,,,,,,,,,,,,,,,,,,,,,,,,,,,,,,,,,,,,,,,,,,,,,,,,,,,,,,,,,,,,,,,,,,,,,,,,,,,,,,,,,,,,,,,,,,,,,,,,,,,,,,,,,,,,,,,,,,,,,,,,,
R239,,,,,,,,,,,,,,,,,,,,,,,,,,,,,,,,,,,,,,,,,,,,,,,,,,,,,,,,,,,,,,,,,,,,,,,,,,,,,,,,,,,,,,,,,,,,,,,,,,,,,,,,,,,,,,,,,,,,,,,,,,,,,,,,,,,,,,,,,,,,,,,,,,,,,,,,,,,,,,,,,,,,,,,,,,,,,,,,,,,,,,,,,,,,,,,,,,,,,,,,,,,,,,,,,,,,,,,,,,,,,,,,,,,,,,,,,,,,,,,,,,,,,,,,,,,,,,,,,,,,,,,,,,,,,,,,,,,,,,,,,,,,,,,,,,,,,,,,,,,,,,,,,,,,,,,,,,,,,,,,,,,,,,,,,,,,,,,,,,,,,,,,,,,,,,,,,,,,,,,,,,,,,,,,,,,,,,,,,,,,,,,,,,,,,,,,,,,,,,,,,,,,,,,,,,,,,,,,,,,,,,,,,,,,,,,,,,,,,,,,,,,,,,,,,,,,,,,,,,,,,,,,,,,,,,,,,,,,,,,,,,,,,,,,,,,,,,,,,,,,,,,,,,,,
R240,,,,,,,,,,,,,,,,,,,,,,,,,,,,,,,,,,,,,,,,,,,,,,,,,,,,,,,,,,,,,,,,,,,,,,,,,,,,,,,,,,,,,,,,,,,,,,,,,,,,,,,,,,,,,,,,,,,,,,,,,,,,,,,,,,,,,,,,,,,,,,,,,,,,,,,,,,,,,,,,,,,,,,,,,,,,,,,,,,,,,,,,,,,,,,,,,,,,,,,,,,,,,,,,,,,,,,,,,,,,,,,,,,,,,,,,,,,,,,,,,,,,,,,,,,,,,,,,,,,,,,,,,,,,,,,,,,,,,,,,,,,,,,,,,,,,,,,,,,,,,,,,,,,,,,,,,,,,,,,,,,,,,,,,,,,,,,,,,,,,,,,,,,,,,,,,,,,,,,,,,,,,,,,,,,,,,,,,,,,,,,,,,,,,,,,,,,,,,,,,,,,,,,,,,,,,,,,,,,,,,,,,,,,,,,,,,,,,,,,,,,,,,,,,,,,,,,,,,,,,,,,,,,,,,,,,,,,,,,,,,,,,,,,,,,,,,,,,,,,,,,,,,,,,
R241,,,,,,,,,,,,,,,,,,,,,,,,,,,,,,,,,,,,,,,,,,,,,,,,,,,,,,,,,,,,,,,,,,,,,,,,,,,,,,,,,,,,,,,,,,,,,,,,,,,,,,,,,,,,,,,,,,,,,,,,,,,,,,,,,,,,,,,,,,,,,,,,,,,,,,,,,,,,,,,,,,,,,,,,,,,,,,,,,,,,,,,,,,,,,,,,,,,,,,,,,,,,,,,,,,,,,,,,,,,,,,,,,,,,,,,,,,,,,,,,,,,,,,,,,,,,,,,,,,,,,,,,,,,,,,,,,,,,,,,,,,,,,,,,,,,,,,,,,,,,,,,,,,,,,,,,,,,,,,,,,,,,,,,,,,,,,,,,,,,,,,,,,,,,,,,,,,,,,,,,,,,,,,,,,,,,,,,,,,,,,,,,,,,,,,,,,,,,,,,,,,,,,,,,,,,,,,,,,,,,,,,,,,,,,,,,,,,,,,,,,,,,,,,,,,,,,,,,,,,,,,,,,,,,,,,,,,,,,,,,,,,,,,,,,,,,,,,,,,,,,,,,,,,,
R242,,,,,,,,,,,,,,,,,,,,,,,,,,,,,,,,,,,,,,,,,,,,,,,,,,,,,,,,,,,,,,,,,,,,,,,,,,,,,,,,,,,,,,,,,,,,,,,,,,,,,,,,,,,,,,,,,,,,,,,,,,,,,,,,,,,,,,,,,,,,,,,,,,,,,,,,,,,,,,,,,,,,,,,,,,,,,,,,,,,,,,,,,,,,,,,,,,,,,,,,,,,,,,,,,,,,,,,,,,,,,,,,,,,,,,,,,,,,,,,,,,,,,,,,,,,,,,,,,,,,,,,,,,,,,,,,,,,,,,,,,,,,,,,,,,,,,,,,,,,,,,,,,,,,,,,,,,,,,,,,,,,,,,,,,,,,,,,,,,,,,,,,,,,,,,,,,,,,,,,,,,,,,,,,,,,,,,,,,,,,,,,,,,,,,,,,,,,,,,,,,,,,,,,,,,,,,,,,,,,,,,,,,,,,,,,,,,,,,,,,,,,,,,,,,,,,,,,,,,,,,,,,,,,,,,,,,,,,,,,,,,,,,,,,,,,,,,,,,,,,,,,,,,,,
R243,,,,,,,,,,,,,,,,,,,,,,,,,,,,,,,,,,,,,,,,,,,,,,,,,,,,,,,,,,,,,,,,,,,,,,,,,,,,,,,,,,,,,,,,,,,,,,,,,,,,,,,,,,,,,,,,,,,,,,,,,,,,,,,,,,,,,,,,,,,,,,,,,,,,,,,,,,,,,,,,,,,,,,,,,,,,,,,,,,,,,,,,,,,,,,,,,,,,,,,,,,,,,,,,,,,,,,,,,,,,,,,,,,,,,,,,,,,,,,,,,,,,,,,,,,,,,,,,,,,,,,,,,,,,,,,,,,,,,,,,,,,,,,,,,,,,,,,,,,,,,,,,,,,,,,,,,,,,,,,,,,,,,,,,,,,,,,,,,,,,,,,,,,,,,,,,,,,,,,,,,,,,,,,,,,,,,,,,,,,,,,,,,,,,,,,,,,,,,,,,,,,,,,,,,,,,,,,,,,,,,,,,,,,,,,,,,,,,,,,,,,,,,,,,,,,,,,,,,,,,,,,,,,,,,,,,,,,,,,,,,,,,,,,,,,,,,,,,,,,,,,,,,,,,
R244,,,,,,,,,,,,,,,,,,,,,,,,,,,,,,,,,,,,,,,,,,,,,,,,,,,,,,,,,,,,,,,,,,,,,,,,,,,,,,,,,,,,,,,,,,,,,,,,,,,,,,,,,,,,,,,,,,,,,,,,,,,,,,,,,,,,,,,,,,,,,,,,,,,,,,,,,,,,,,,,,,,,,,,,,,,,,,,,,,,,,,,,,,,,,,,,,,,,,,,,,,,,,,,,,,,,,,,,,,,,,,,,,,,,,,,,,,,,,,,,,,,,,,,,,,,,,,,,,,,,,,,,,,,,,,,,,,,,,,,,,,,,,,,,,,,,,,,,,,,,,,,,,,,,,,,,,,,,,,,,,,,,,,,,,,,,,,,,,,,,,,,,,,,,,,,,,,,,,,,,,,,,,,,,,,,,,,,,,,,,,,,,,,,,,,,,,,,,,,,,,,,,,,,,,,,,,,,,,,,,,,,,,,,,,,,,,,,,,,,,,,,,,,,,,,,,,,,,,,,,,,,,,,,,,,,,,,,,,,,,,,,,,,,,,,,,,,,,,,,,,,,,,,,,
R245,,,,,,,,,,,,,,,,,,,,,,,,,,,,,,,,,,,,,,,,,,,,,,,,,,,,,,,,,,,,,,,,,,,,,,,,,,,,,,,,,,,,,,,,,,,,,,,,,,,,,,,,,,,,,,,,,,,,,,,,,,,,,,,,,,,,,,,,,,,,,,,,,,,,,,,,,,,,,,,,,,,,,,,,,,,,,,,,,,,,,,,,,,,,,,,,,,,,,,,,,,,,,,,,,,,,,,,,,,,,,,,,,,,,,,,,,,,,,,,,,,,,,,,,,,,,,,,,,,,,,,,,,,,,,,,,,,,,,,,,,,,,,,,,,,,,,,,,,,,,,,,,,,,,,,,,,,,,,,,,,,,,,,,,,,,,,,,,,,,,,,,,,,,,,,,,,,,,,,,,,,,,,,,,,,,,,,,,,,,,,,,,,,,,,,,,,,,,,,,,,,,,,,,,,,,,,,,,,,,,,,,,,,,,,,,,,,,,,,,,,,,,,,,,,,,,,,,,,,,,,,,,,,,,,,,,,,,,,,,,,,,,,,,,,,,,,,,,,,,,,,,,,,,,
R246,,,,,,,,,,,,,,,,,,,,,,,,,,,,,,,,,,,,,,,,,,,,,,,,,,,,,,,,,,,,,,,,,,,,,,,,,,,,,,,,,,,,,,,,,,,,,,,,,,,,,,,,,,,,,,,,,,,,,,,,,,,,,,,,,,,,,,,,,,,,,,,,,,,,,,,,,,,,,,,,,,,,,,,,,,,,,,,,,,,,,,,,,,,,,,,,,,,,,,,,,,,,,,,,,,,,,,,,,,,,,,,,,,,,,,,,,,,,,,,,,,,,,,,,,,,,,,,,,,,,,,,,,,,,,,,,,,,,,,,,,,,,,,,,,,,,,,,,,,,,,,,,,,,,,,,,,,,,,,,,,,,,,,,,,,,,,,,,,,,,,,,,,,,,,,,,,,,,,,,,,,,,,,,,,,,,,,,,,,,,,,,,,,,,,,,,,,,,,,,,,,,,,,,,,,,,,,,,,,,,,,,,,,,,,,,,,,,,,,,,,,,,,,,,,,,,,,,,,,,,,,,,,,,,,,,,,,,,,,,,,,,,,,,,,,,,,,,,,,,,,,,,,,,,
R247,,,,,,,,,,,,,,,,,,,,,,,,,,,,,,,,,,,,,,,,,,,,,,,,,,,,,,,,,,,,,,,,,,,,,,,,,,,,,,,,,,,,,,,,,,,,,,,,,,,,,,,,,,,,,,,,,,,,,,,,,,,,,,,,,,,,,,,,,,,,,,,,,,,,,,,,,,,,,,,,,,,,,,,,,,,,,,,,,,,,,,,,,,,,,,,,,,,,,,,,,,,,,,,,,,,,,,,,,,,,,,,,,,,,,,,,,,,,,,,,,,,,,,,,,,,,,,,,,,,,,,,,,,,,,,,,,,,,,,,,,,,,,,,,,,,,,,,,,,,,,,,,,,,,,,,,,,,,,,,,,,,,,,,,,,,,,,,,,,,,,,,,,,,,,,,,,,,,,,,,,,,,,,,,,,,,,,,,,,,,,,,,,,,,,,,,,,,,,,,,,,,,,,,,,,,,,,,,,,,,,,,,,,,,,,,,,,,,,,,,,,,,,,,,,,,,,,,,,,,,,,,,,,,,,,,,,,,,,,,,,,,,,,,,,,,,,,,,,,,,,,,,,,,,
=Late Proto-Albanian I,null{ABSENT},null{ABSENT},null{ABSENT},null{ABSENT},null{ABSENT},null{ABSENT},null{ABSENT},null{ABSENT},null{ABSENT},null{ABSENT},null{ABSENT},null{ABSENT},null{ABSENT},null{ABSENT},null{ABSENT},null{ABSENT},null{ABSENT},null{ABSENT},null{ABSENT},null{ABSENT},null{ABSENT},null{ABSENT},null{ABSENT},null{ABSENT},null{ABSENT},null{ABSENT},null{ABSENT},null{ABSENT},null{ABSENT},null{ABSENT},null{ABSENT},null{ABSENT},null{ABSENT},null{ABSENT},null{ABSENT},null{ABSENT},null{ABSENT},null{ABSENT},null{ABSENT},null{ABSENT},null{ABSENT},null{ABSENT},null{ABSENT},null{ABSENT},null{ABSENT},null{ABSENT},null{ABSENT},null{ABSENT},null{ABSENT},null{ABSENT},null{ABSENT},null{ABSENT},null{ABSENT},null{ABSENT},null{ABSENT},null{ABSENT},null{ABSENT},null{ABSENT},null{ABSENT},null{ABSENT},null{ABSENT},null{ABSENT},null{ABSENT},null{ABSENT},null{ABSENT},null{ABSENT},null{ABSENT},null{ABSENT},null{ABSENT},null{ABSENT},null{ABSENT},null{ABSENT},null{ABSENT},null{ABSENT},null{ABSENT},null{ABSENT},null{ABSENT},null{ABSENT},null{ABSENT},null{ABSENT},null{ABSENT},null{ABSENT},null{ABSENT},null{ABSENT},null{ABSENT},null{ABSENT},null{ABSENT},null{ABSENT},null{ABSENT},null{ABSENT},null{ABSENT},null{ABSENT},null{ABSENT},null{ABSENT},null{ABSENT},null{ABSENT},null{ABSENT},null{ABSENT},null{ABSENT},null{ABSENT},null{ABSENT},null{ABSENT},null{ABSENT},null{ABSENT},null{ABSENT},null{ABSENT},null{ABSENT},null{ABSENT},null{ABSENT},null{ABSENT},null{ABSENT},null{ABSENT},null{ABSENT},null{ABSENT},null{ABSENT},null{ABSENT},null{ABSENT},null{ABSENT},null{ABSENT},null{ABSENT},null{ABSENT},null{ABSENT},null{ABSENT},null{ABSENT},null{ABSENT},null{ABSENT},null{ABSENT},null{ABSENT},null{ABSENT},null{ABSENT},null{ABSENT},null{ABSENT},null{ABSENT},null{ABSENT},null{ABSENT},null{ABSENT},null{ABSENT},null{ABSENT},null{ABSENT},null{ABSENT},null{ABSENT},null{ABSENT},null{ABSENT},null{ABSENT},null{ABSENT},null{ABSENT},null{ABSENT},null{ABSENT},null{ABSENT},null{ABSENT},null{ABSENT},null{ABSENT},null{ABSENT},null{ABSENT},null{ABSENT},null{ABSENT},null{ABSENT},null{ABSENT},null{ABSENT},null{ABSENT},null{ABSENT},null{ABSENT},null{ABSENT},null{ABSENT},null{ABSENT},null{ABSENT},null{ABSENT},null{ABSENT},null{ABSENT},null{ABSENT},null{ABSENT},null{ABSENT},null{ABSENT},null{ABSENT},null{ABSENT},null{ABSENT},null{ABSENT},null{ABSENT},null{ABSENT},null{ABSENT},null{ABSENT},null{ABSENT},null{ABSENT},null{ABSENT},null{ABSENT},null{ABSENT},null{ABSENT},null{ABSENT},null{ABSENT},null{ABSENT},null{ABSENT},null{ABSENT},null{ABSENT},null{ABSENT},null{ABSENT},null{ABSENT},null{ABSENT},null{ABSENT},null{ABSENT},null{ABSENT},null{ABSENT},null{ABSENT},null{ABSENT},null{ABSENT},null{ABSENT},null{ABSENT},null{ABSENT},null{ABSENT},null{ABSENT},null{ABSENT},null{ABSENT},null{ABSENT},null{ABSENT},null{ABSENT},null{ABSENT},null{ABSENT},null{ABSENT},null{ABSENT},null{ABSENT},null{ABSENT},null{ABSENT},null{ABSENT},null{ABSENT},null{ABSENT},null{ABSENT},null{ABSENT},null{ABSENT},null{ABSENT},null{ABSENT},null{ABSENT},null{ABSENT},null{ABSENT},null{ABSENT},null{ABSENT},null{ABSENT},null{ABSENT},null{ABSENT},null{ABSENT},null{ABSENT},null{ABSENT},null{ABSENT},null{ABSENT},null{ABSENT},null{ABSENT},null{ABSENT},null{ABSENT},null{ABSENT},null{ABSENT},null{ABSENT},null{ABSENT},null{ABSENT},null{ABSENT},null{ABSENT},null{ABSENT},null{ABSENT},null{ABSENT},null{ABSENT},null{ABSENT},null{ABSENT},null{ABSENT},null{ABSENT},null{ABSENT},null{ABSENT},null{ABSENT},null{ABSENT},null{ABSENT},null{ABSENT},null{ABSENT},null{ABSENT},null{ABSENT},null{ABSENT},null{ABSENT},null{ABSENT},null{ABSENT},null{ABSENT},null{ABSENT},null{ABSENT},null{ABSENT},null{ABSENT},null{ABSENT},null{ABSENT},null{ABSENT},null{ABSENT},null{ABSENT},null{ABSENT},null{ABSENT},null{ABSENT},null{ABSENT},null{ABSENT},null{ABSENT},null{ABSENT},null{ABSENT},null{ABSENT},null{ABSENT},null{ABSENT},null{ABSENT},null{ABSENT},null{ABSENT},null{ABSENT},null{ABSENT},null{ABSENT},null{ABSENT},null{ABSENT},null{ABSENT},null{ABSENT},null{ABSENT},null{ABSENT},null{ABSENT},null{ABSENT},null{ABSENT},null{ABSENT},null{ABSENT},null{ABSENT},null{ABSENT},null{ABSENT},null{ABSENT},null{ABSENT},null{ABSENT},null{ABSENT},null{ABSENT},null{ABSENT},null{ABSENT},null{ABSENT},null{ABSENT},null{ABSENT},null{ABSENT},null{ABSENT},null{ABSENT},null{ABSENT},null{ABSENT},null{ABSENT},null{ABSENT},null{ABSENT},null{ABSENT},null{ABSENT},null{ABSENT},null{ABSENT},null{ABSENT},null{ABSENT},null{ABSENT},null{ABSENT},null{ABSENT},null{ABSENT},null{ABSENT},null{ABSENT},null{ABSENT},null{ABSENT},null{ABSENT},null{ABSENT},null{ABSENT},null{ABSENT},null{ABSENT},null{ABSENT},null{ABSENT},null{ABSENT},null{ABSENT},null{ABSENT},null{ABSENT},null{ABSENT},null{ABSENT},null{ABSENT},null{ABSENT},null{ABSENT},null{ABSENT},null{ABSENT},null{ABSENT},null{ABSENT},null{ABSENT},null{ABSENT},null{ABSENT},null{ABSENT},null{ABSENT},null{ABSENT},null{ABSENT},null{ABSENT},null{ABSENT},null{ABSENT},null{ABSENT},null{ABSENT},null{ABSENT},null{ABSENT},null{ABSENT},null{ABSENT},null{ABSENT},null{ABSENT},null{ABSENT},null{ABSENT},null{ABSENT},null{ABSENT},null{ABSENT},null{ABSENT},null{ABSENT},null{ABSENT},null{ABSENT},null{ABSENT},null{ABSENT},null{ABSENT},null{ABSENT},null{ABSENT},null{ABSENT},null{ABSENT},null{ABSENT},null{ABSENT},null{ABSENT},null{ABSENT},null{ABSENT},null{ABSENT},null{ABSENT},null{ABSENT},null{ABSENT},null{ABSENT},null{ABSENT},null{ABSENT},null{ABSENT},null{ABSENT},null{ABSENT},null{ABSENT},null{ABSENT},null{ABSENT},null{ABSENT},null{ABSENT},null{ABSENT},null{ABSENT},null{ABSENT},null{ABSENT},null{ABSENT},null{ABSENT},null{ABSENT},null{ABSENT},null{ABSENT},null{ABSENT},null{ABSENT},null{ABSENT},null{ABSENT},null{ABSENT},null{ABSENT},null{ABSENT},null{ABSENT},null{ABSENT},null{ABSENT},null{ABSENT},null{ABSENT},null{ABSENT},null{ABSENT},null{ABSENT},null{ABSENT},null{ABSENT},null{ABSENT},null{ABSENT},null{ABSENT},null{ABSENT},null{ABSENT},null{ABSENT},null{ABSENT},null{ABSENT},null{ABSENT},null{ABSENT},null{ABSENT},null{ABSENT},null{ABSENT},null{ABSENT},null{ABSENT},null{ABSENT},null{ABSENT},null{ABSENT},null{ABSENT},null{ABSENT},null{ABSENT},null{ABSENT},null{ABSENT},null{ABSENT},null{ABSENT},null{ABSENT},null{ABSENT},null{ABSENT},null{ABSENT},null{ABSENT},null{ABSENT},null{ABSENT},null{ABSENT},null{ABSENT},null{ABSENT},null{ABSENT},null{ABSENT},null{ABSENT},null{ABSENT},null{ABSENT},null{ABSENT},null{ABSENT},null{ABSENT},null{ABSENT},null{ABSENT},null{ABSENT},null{ABSENT},null{ABSENT},null{ABSENT},null{ABSENT},null{ABSENT},null{ABSENT},null{ABSENT},null{ABSENT},null{ABSENT},null{ABSENT},null{ABSENT},null{ABSENT},null{ABSENT},null{ABSENT},null{ABSENT}
R248,,,,,,,,,,,,,,,,,,,,,,,,,,,,,,,,,,,,,,,,,,,,,,,,,,,,,,,,,,,,,,,,,,,,,,,,,,,,,,,,,,,,,,,,,,,,,,,,,,,,,,,,,,,,,,,,,,,,,,,,,,,,,,,,,,,,,,,,,,,,,,,,,,,,,,,,,,,,,,,,,,,,,*/t͡sˌɪrnˈɑwɑ/,,,,,,*/t͡sˈɛrdɑ/,*/t͡sˈɪrnʊ/,,,,,,,,,,,,,,,,,,,,,,,,,,,,,,,,,,,,,,,,,,,,,,,,,,,,,,,,,,,,,,,,,,,,,,,,,,,,,,*/t͡sˈɑrɑ/,*/t͡sˈɑrɪbɑ/,*/t͡sˌɪrnˈidlʊ/,*/t͡sˌɪrnˈikʊ/,,*/t͡sˈɪrmɑ/,*/t͡sˈitɑ/,*/t͡sˈubʊ/,,,,,,,,,,,,,,,,,,,,,,,,,,,,,,,,,,,,,,,,,,,,,,,,,,,,,,,,,,,,,,,,,,,,,,,,,,,,,,,,,,,,,,,,,,,,,,,,,,,,,,,,,,,,,,,,,,,,,,,,,,,,,,,,,,,,,,,,,,,,,,,,,,,,,,,,,,,,,,,,,,,,,,,,,,,,,,,,,,,,,,,,,,,,,,,,,,,,,,,,,,,,,,,,,,,,,,,,,,,,,,,,,,,,,,,,,,,,,,,,,,,,,,,,,,,
R249,,,,,,,,,,,,,,,,,,,,,,,,,,,,,,,,,,,,,,,,,,,,,,,,,,,,,,,,,,,,,,,,,,,,,,,,,,,,,,,,,,,,,,,,,,,,,,,,,,,,,,,,,,,,,,,,,,,,,,,,,,,,,,,,,,,,,,,,,,,,,,,,,,,,,,,,,,,,,,,,,,,,,,,,,,,,,,,,,,,,,,,,,,,,,,,,,,,,,,,,,,,,,,,,,,,,,,,,,,,,,,,,,,,,,,,,,,,,,,,,,,,,,,,,,,,,,,,,,,,,,,,,,,,,,,,,,,,,,,,,,,,,,,,,,,,,,,,,,,,,,,,,,,,,,,,,,,,,,,,,,,,,,,,,,,,,,,,,,,,,,,,,,,,,,,,,,,,,,,,,,,,,,,,,,,,,,,,,,,,,,,,,,,,,,,,,,,,,,,,,,,,,,,,,,,,,,,,,,,,,,,,,,,,,,,*/bʊwˈɪrtkʊ/,,,,,,,,,,,,,,,,,,,,,,,,,,,,,,,,,,,,,,,,,,,,,,*/wɪrˈɑɡɑ/,,,,,,,,,,,,,,,,,,,,,,,,,,,,,,,,
R250,,,,,,,,,,,,,,,,,,,,,,,,,*/ˌɒbpˈɪnkɑ/,,,,,,,,,,,,,,,,,,,,,,,,,,,,,,,,,*/kˌɒlˈɛskɑ/,,,,,,,,,,,,,,,,,,,*/kˈɒrdɑ/,,,,,,,,,,,,,,,,,,,,,,,,,,,,,,,,,,,,,,,,,,,,,,,,,,,,,,,,,,,,,,,*/lˠˈɒzkɑ/,,,,,,,,,,,,,,,,,,,,,,,,,,,,,,,,,,,,,,,,,,,*/ʃt͡ʃˈɛtkɑ/,,,,,,,,,,,,*/sˈʊlɑ/,,,,,,,,,,,,,,,,,,,,,,,,,,,,,,,,,,,,,,,,,,,,,,,,,,,,,,,,,,,,,,,,,,,,,,,,,,,,,,,,,,,,,,,,,,,,,,,,,,,*/zˌɒ̃blˈɑkʊ/,*/zˈɒ̃bsæ/,,,,,,,,,,,,,,,,,,,,,*/lˈɒ̃ɡskɑ/,,,,,,,,,,,,,,,,,*/ʎˈutsɑ/,,,,,,,*/rˈɒwkɑ/,,,,,,,,,,,,,,,,,,,,,,,,,,,*/pˌɒdkˈɒwʊ/,,,,,,,,,,,,,,,,,,*/pˌɒdkˈɒwʊ/,,,,,,,,,,,,,,,,,,,,,*/pˌɛlˈɛnkɑ/,,,,,,,,*/bˌɑrðmˈɒʃɪ/,,,,,,,,,,,,,,,,*/bwˈɪrtkʊ/,,,,,,,,,,,,,,,,,,,,,,,,,,,*/swˌɪrstɪnˈikʊ/,,,,,,,,,,,,,,,,,,,,,,,,,,,,,,,,,,,*/mˌælˈinkɑ/,,,,,,,,,,,,,,,,
R251,,,,,,,,,,,,,,,,,,,,,,,,,,,,,,,,,,,,,,,,,,,,,,,,,,,,,,,,,,,,,,,,,,,,,,,,,,,,,,,,,,,,,,,,,,,,,,,,,,,,,,,,,,,,,,,,,,,,,,,,,,,,,,,,,,,,,,,,,,,,,*/lˠˈɒzʊrɑ/,,,,,,,,,,,,,,,,,,,,,,,,,,,,,,,,,,,,,,,,,,,,,,,,,*/skˌɒwʊrdˈɪt͡sɪ/,,,,,,,,,,,,,,,,,,,,,,,,,,,,,,*/tˈɒpʊrʊ/,,,,,,,,,,,,,,,,,,,,,,,,,,,,,,,,,,,,,,,,,,,,,,,,,,,,,,,,,,,,,,,,,,,,,,,,,,,,,,,,,,,,,,,*/ˌɒlkʊmˈɪjɛ/,,,,*/ˈɒlkʊmʊ/,,,,,,,,,,,,,,,,,,,,,,,,,,,,,,,,,,,,,,,,,,,,,,,,,,,,,,,,,,,,,,,,,,,,,,,,,,,,,,,,,,,,,,,,,,,,,,,,,,,,,,,,,,,,,,,,,,,,,,,,,,,,,,,,*/bˌɯwʊlˈit͡sɑ/,,,,*/bˈɯwʊlʊ/,,,,,,,,,,,,,,,,,,,,,,,,,,,*/ˈɒkʊlʊ/,,,,,,,,,,,,,,,,,,,,,,,,,,,,,,,,,,,,,,
R252,,,,,,,,,,,,,,,,,,,,,,,,,,,,,,,,,,,,,,,,,,,,,,,,,,,,,,,,,,,,,,,,,,,,,,,,,,,,,,,,,,,,*/kˌɯsˈɔwɑ/,,,,,,,,,,,,,,,,,,,,,,,,,,,,,,,,,,,,,,,,,,,,,,,,,,,,,,,,,,,,,,,,,,,,,,,,,,,,,,,,,,,,,,,,,,,,,,,,,,,,,,*/sˌitˈɔwɑ/,,,,,,,,,,,,,,,,,,,,,,,,,,,,,,,,,,,,,,,,,,,,,,,,,,,,,,,,,,,,,,,,,,,,,,,,,,,,,,,,,,,,,,,,,,,,,,,,,,,,,,,,,,,,,,,,,,,,,,,,,,*/lˌæsˈɔwɑ/,,*/lˌɑbˈɔwɑ/,,,,,,,,,,,,,,,,,,,,,,,,,,,,,,,,,,,,,,,,,,,,,,,,,,,,,*/rˈɔɡɑ/,,,,,,,,,,,,,,,,,,,,,,,,,,,,,,,,,,*/plˈɔskɑ/,,,,,,,,,,,,,,,,,,,,,,,,,,,,,,,,,,,,,,,,,,,,,,,,,,,,,,,,,,,,,,,,,,,,,,,,,,,,,,,,,,,,,,,,,,,,,,,,,,,,,,,,,,,,,,,
R253,,,,,,,,,,,,,,,,,,,,,,,,,,,,,,,,,,,,,,,,,,,,,,,,,,,,,,,,,,,,,,,,,,,,,,,,,,,,,,,,*/kˌɑlˠpˈitɪ/,*/kˈɑlˠpɑ/,,,,,,,,,,,,,,,,,,,,,*/ɡˈɒlˠwɑ/,,,,,,,,,,,,,,,,,,,,,,,,*/ɡˌɒlˠwɪnˈikʊ/,*/ɡˌɒlˠwˈinɑ/,,,,,,,,,,,,,,,,,,,,,,,,,,,,,,,,,,,,,,,,,,,,,,,,,,,,,,,,,,,,,,,,,,,,,,,,,,,,,,,,,,,,,,,,,,,,,,,,,,,,,,,,,,,,,,,,,,,,,,,,,,,,,,,,,,,,,,,,,,,,,,,,,,,,,,,,,,,,,,,,,,,,,,,,,,,,,,,,,,,,,,,,,,,,,,,,,,,,,,,,,,,,,,,,,,,,,,,,,,,,,,,,,,,,,,,,,,,,,,,,,,,,,,,,,,,,,,,,,,,,,,,,,,,,,,,,,,,,,,,,,,,,,,,,,,,,,,,,,,,,,,,,,,,,,,,,,,,,,,,,,,,,,,,,,,,,,,,,,,,,,,,,,,,,,,,,,,,,,,,,,,,,,,,,,,,,,,,,,,,,,
R254,,,,,,,,,,,,,*/jˈazʊ/,,,,,,,,,,,,,,,,,,,,,,,,,,,,,,,,,,,,,,,,,,,,,,,,,,,,,,,,,,,,,,,,,,,,,,,,,,,,,,,,,,,,,,,,,,,,,,,,,,,,,,,,,,,,,,,,,,,,,,,,,,,,,,,,,,,,,,,,,,,,,,,,,,,,,,,,,,,,,,,,,,,,,,,,,,,,,,,,,,,,,,,,,,,,,,,,,,,,,,,,,,,,,,,,,,,,,,,,,,,,,,,,,,,,,,,,,,,,,,,,,,,,,,,,,,,,,,,,,,,,,,,,,,,,,,,,,,,,,,,,,,,,,,,,,,,,,,,,,,,,,,,,,,,,,,,,,,,,,,,,,,,,,,,,,,,,,,,,,,,,,,,,,,,,,,,,,,,,,,,,,,,,,,,,,,,,,,,,,,,,,,,,,,,,,,,,,,,,,,,,,,,,,,,,,,,,,,,,,,,,,,,,,,,,,,,,,,,,,,,,,,,,,,,,,,,,,,,,,,,,,,,,,,,,,,,,,,,,,,,,,,,,,,,,,,,,,,,
R255,,,,,,,,,,,,,,,,,,,,,,,,,,,,,,,,,,,,,,,,,,,,,,,,,,,,,,,,,,,,,,,,,,,,,,,,,,,,,,,,,,,,,,,,,,,,,,,,,,,,,,,,,,,,,,,,,,,,,,,,,,,,,,,,,,,,,,,,,,,,,,,,,,,,,,,,,,,,,,,,,,,,,,,,,,,,,,,,,,,,,,,,,,,,,,,,,,,,,,,,,,,,,,,,,,,,,,,,,,,,,,,,,,,,,,,,,,,,,,,,,,,,,,,,,,,,,,,,,,,,,,,,,,,,,,,,,,,,,,,,,,,,,,,,,,,,,,,,,,,,,,,,,,,,,,,,,,,,,,,,,,,,,,,,,,,,,,,,,,,,,,,,,,,,,,,,,,,,,,,,,,,,,,,,,,,,,,,,,,,,,,,,,,,,,,,,,,,,,,,,,,,,,,,,,,,,,,,,,,,,,,,,,,,,,,,,,,,,,,,,,,,,,,,,,,,,,,,,,,,,,,,,,,,,,,,,,,,,,,,,,,,,,,,,,,,,,,,,,,,,,,,,,,,,
R256,,,,,,,,,,,,,,,,,,,,,,,*/ˌɒrɑndˈɪjɛ/,,,,*/ˌɒblˈɑnkʊ/,,,,,,,,,,,,,,,,,,,,,,,,*/kˈɑntʊ/,,,,,,,,,,,,,,,,,,,,,,,,,,,,,,,,,,,,,,,,,,,,,,,,,,,,,,,,,,,,,,,,,,,,,,,,,,,,,,,,,,,,,,,,,,,*/lˠˈɑnɡɑ/,,,,,,,,,,,,,,,,,,,,,,,,,,,,,,,,,,,,,,,,,,,*/sˈenbrʊ/,,,,,,,,,,,,,,,,,,,,,,,,*/tˈɑnɡɑ/,,,,,,,,,,,,,,,,,,,,,,,,,,,,,,,,,,*/drˈɑnɡʊ/,,,,,,,,,,,,,,,,,,,,,,,,,,,,,,,,,,,,,,,,,,,,,,,,,,*/zˌɑnbˈiʃtɪ/,*/zˌɑnblˈɑkʊ/,*/zˈɑnbsæ/,,,,,,,,,,,,,,,,,,,*/lˌɑnɡʊ/,*/lˌendˈinɑ/,*/lˈɑnɡskɑ/,,,,,,,,,,,,,,,,,,,,,,,,,,*/rˈendʊ/,,,,,,,,,,*/rˌɑnɡˈɑtɪ/,,,,,,,*/rˌækˈɒjɑn/,,,,,,,,,,,,,*/pˌɑndˈɑrɪ/,,,,,,,,,,,,,,,,,,*/pˌɒrˈendʊ/,*/pˌɒrɑnt͡ʃˈitɪ/,,,,,,,,,,,,,,,,,,,,,,,,,,,,,,,,,,,,,,,,,,,,,,,,,,,,,,,,,,,,,,,,,,,,,,,,,,,,,,,,,,,,,,,,,,,,,,,,,,,,,,,,,,,,,,,,,,,,,
R257,,,,,,,,,,,,,,,,,,,,,*/ˌɒɡrˈɑdjɑ/,,,,,,,,,,,,,,,,*/kˌɑlˈɨbɑ/,*/kˌɑrwˈɑʎɑ/,*/kˌɑrˈɪt͡sɑ/,*/kˌɑrˈɯtɒ/,*/kˌɑrˈupʊ/,,,,,,,,,,,,,,,,,,,,,,,,,,,,,,,,,,,,,,,,,,,,,,,,,,,,,,,,,*/ɡˌɑlˈinɑ/,,,,*/ɡˈɑlˠwɑ/,,,,,,,,,,,,,,,,,,,,*/ɡˌɑrɪnˈit͡sɑ/,,,,*/ɡˌɑlˠwɪnˈikʊ/,*/ɡˌɑlˠwˈinɑ/,,,,,,,,,,,*/lˠˈɑskɑ/,,*/lˠˈɑzkɑ/,*/lˠˈɑzʊrɑ/,,,,,,,,,,,,,,,,,,,,,,,,,,,,,,,,,,,,,,,,,,,,,,,,,,,,,,,,,,,,,,,,,,,,,,,,,,,,,,,,,,,,,,,,,,,,,,,,,,,,,,,,,,,,,,,,,,,,,,,,,,,,,,,,,,,,,,,,,,,,,,,,,,,,,,,,,,,,,,,,,,,,,,,,,,,,,,,,,,,,,,,,,,,,,,,,,,,,,,*/rˈɑwɑ/,*/rˈɑwkɑ/,,,,,,,,,,,,,,,,,,,*/rˌækˈɑjɑn/,*/rˌɑɡˈɑlɑ/,,,,*/rˈɑʒɪkʊ/,,,,,,*/pˌɑɡˈɑɲ/,*/pˌɑɡˈɑnɑ/,,*/pˌɑkrˈɑwɑ/,,,,,,,,,,,,,,,,,,,,,,,,,,,,,,,,,,,*/prˈɑxɪ/,,,,*/bˌɑɡɑtˈɪjɛ/,,,,,*/bˌɑɡˈɑtɑ/,,,,,,,,,,,,,,,,,,,,,,,,,,,,,,,,,,,,,,,,,,,,,,,,,,,,,,,,,,,,,*/mˌɑtˈɯkɑ/,,,,,,,*/mˌɑɡˈɯlɑ/,,,,,,,,,,,,,,,,,,,,,,,
R258,,,,,,,,,,,,,,,,,,,,,,,,,,,,,,,,,,,,,,,,,,,,,,,,,,,,,,,,,,,,,,,,,,,,,,,,,,,,,,,,,,,,,,,,,,,,,,,,,,,,,,,,,,,,,,,,,,,,,,,,,,,,,,,,,,,,,,,,,,,,,,,,,,,,,,,,,,,,,,,,,,,,,,,,,,,,,,,,,,,,,,,,,,,,,,,,,,,,,,,,,,,,,,,,,,,,,,,,,,,,,,,,,,,,,,,,,,,,,,,,,,,,,,,,,,,,,,,,,,,,,,,,,,,,,,,,,,,,,,,,,,,,,,,,,,,,,,,,,,,,,,,,,,,,,,,,,,,,,,,,,,,,,,,,,,,,,,,,,,,,,,,,,,,,,,,,,,,,,,,,,,,,,,,,,,,,,*/pˌɑɾkˈɑwɑ/,,,,,,,,,,,,,,,,,,,,,,,,,,,,,,,,,,,,,,,,,,,,,,,,,,,,,,,,,,,,,,,,,,,,,,,,,,,,,,,,,,,,,,,,,,,,,,,,,,,,,,,,,,,,,,,,,,,,,,,,,,,,,,,,,,,,,,,
R259,,,,,,,,,,,,*/jˌɑrˈɒwə/,*/jˈazə/,,*/ˈɛzɛrə/,,,,,,,,,,,,*/ˌɒblˈɑnkə/,,,,,,,,,,,,,,*/kˌɑrˈupə/,,,,,,,,,,*/kˈɑntə/,,,,,,,,,,,,,,,,,,,,,,,,,,,,,,,,,,,*/kˌupælnˈikə/,,,,,,,,,,,,,,,,,,,,,,,,,,,,,,,,,,,,,,,,*/ɡˌɑlˠwɪnˈikə/,,,,,,,,,,,,,,,,,,,,,,,,,,,,*/klˈɛpə/,,,,,,,,,,,,,,,,,,*/t͡sˈɪrnə/,,,,,,,,,,*/sˈɑpə/,,,*/sˈenbrə/,,,,*/sˈɒpə/,,,,,,,,,,,,,*/stˌɒpˈɑnə/,,,,,,,,,,,,,,,*/tˌɒrˈɒwə/,,,*/tˈɒpʊrə/,,,,,*/trˈɪsə/,,,,,,,,,,*/dˈɪbrjə/,,,,,,,,*/drˈɑnɡə/,,,*/drˈɒkə/,,*/t͡sˌælˈikə/,,,,*/t͡sˌɪrnˈidlə/,*/t͡sˌɪrnˈikə/,,,,*/t͡sˈubə/,,,,,,,,,,,,,,,,,,,,,,,,,,,,,,,,,,,,,*/zˌɑnblˈɑkə/,,,,,,,,,,,,,,,,,*/ˈɒlkʊmə/,,*/lˈɑbə/,*/lˌɑnɡə/,,,,,,,,,,,,,,,,,,,,,,,,,,,,*/rˈendə/,,,,,,,,,,,,,,,,*/ˈɒrβɛsə/,,,,*/rˌɒpˈɑkə/,,*/rˈɑʒɪkə/,,,*/pˌɒdkˈɒwə/,,,,,,,,,,,,,,,,,,*/pˌɒdkˈɒwə/,,,,,*/pˌɒrˈendə/,,,,,,,,,,,,,*/pˌɒlstnˈikə/,,,,,,,,,,,,*/bˈɑtjə/,,,,*/brˌæstɪnˈikə/,,,,,,,,,,,*/bwˈɪrtkə/,,,,*/bˈit͡ʃɪkə/,,,,,,*/bˌʊrlˈɒɡə/,,,*/bˈɯwʊlə/,*/bˈɯstrə/,,,,,,,,,*/brˈit͡ʃɪkə/,,*/xˈɒldə/,*/wˌɒlkˈɒwə/,*/swˌɪrstɪnˈikə/,,,,*/wˌɪrbɪnˈikə/,,,,,*/wˌirˈɒwə/,,,,*/ˈɒkʊlə/,,,*/wˌʊlkɒdlˈɑkə/,*/wˈɒrnə/,,,,,,,,,,,,,,,,,,,,,,,,,,,,,,,,,,*/ɪnpˈɒrzdɪnə/
R260,,,,,,,,,,,,,,,,,,,,,,,,,,,,,,,,,,,,,,,,,,,,,,,,,,,,,,,,,,,,,,,,,,,,,,,,,,,,,,,,,,,,,,,,,,,,,,,,,,,,,,,,,,,,,,,,,,,,,,,,,,,,,,,,,,,,,,,,,,,,,,,,,,,,,,,,,,,,,,,,,,,,,,,,,,,,,,,,,,,,,,,,,,,,,,,,,,,,,,,,,,,,,,,,,,,,,,,,,,,,,,,,,,,,,,,,,,,,,,,,,,,,,,,*/drˈɔbɪnit͡sɑ/,,,,,,,,,,,,,,,,,,,,,,,,,,,,,,,,,,,,,,,,,,,,,,,,,,,,,,,,,,,,,,,,,,,,,,,,,,,,,,,,,,,,,,,,,,,,,,,,,,,,,,,,,,,,,,,,,,,,,,,,,,,,,,,,,,,,,,,,,,,,,,,,,,,,,,,,,,,,,,,,,,,,,,,,,,,,,,,,,,,,,,,,,,,,,,,,,,,,,,,,,,,,,,,,,,,,,,,,,,,,,,,,,,,,,,,,,,,,,,,,,,,,,,,,,,,,,,,,,,,,,
R261,,,,,,,,,,,,,,,,,,,,,,,,,,,,,,,,,,,,,,,,,,,,,,,,,,,,,,,,,,,,,,,,,,,,,,,,,,,,,,,,,,,,,,,,,,,,,,,,,,,,,,,,,,,,,,,,,,,,,,,,,,,,,,,,,,,,,,,,,,,,,,,,,,,,,,,,,,,,,,,,,,,,,,,,,,,,,,,,,,,,,,,,,,,,,,,,,,,,,,,,,,,,,,,,,,,,,,,,,,,,,,,,,,,,,,,,,,,,,,,,,,,,,,,,,,,,,,,,,,,,,,,,,,,,,,,,,,,,,,,,,,,,,,,,,,,,,,,,,,,,,,,,,,,,,,,,,,,,,,,,,,,,,,,,,,,,,,,,,,,,,,,,,,,,,,,,,,,,,,,,,,,,,,,,,,,,,,,,,,,,,,,,,,,,,,,,,,,,,,,,,,,,,,,,,,,,,,,,,,,,,,,,,,,,,,,,,,,,,,,,,,,,,,,,,,,,,,,,,,,,,,,,,,,,,,,,,,,,,,,,,,,,,,,,,,,,,,,,,,,,,,,,,,,,
R262,,,,,,,,,,,,,,,,,,,,,,,,,,,,,,,,,,,,,,,,,,,,,,,,,,,,,,,,,,,,,,,,,,,,,,,,,,,,,,,,,,,,,,,,,,,,,,,,,,,,,,,,,,,,,,,,,,,,,,,,,,,,,,,,,,,,,,,,,,,,,,,,,,,,,,,,,,,,,,,,,,,,,,,,,,,,,,,,,,,,,,,,,,,,,,,,,,,,,,,,,,,,,,,,,,,,,,,,,,,,,,,,,,,,,,,,,,,,,,,,,,,,,,,,,,,,,,,,,,,,,,,,,,,,,,,,,,,,,,,,,,,,,,,,,,,,,,,,,,,,,,,,,,,,,,,,,,,,,,,,,,,,,,,,,,,,,,,,,,,,,,,,,,,,,,,,,,,,,,,,,,,,,,,,,,,,,,,,,,,,,,,,,,,,,,,,,,,,,,,,,,,,,,,,,,,,,,,,,,,,,,,,,,,,,,,,,,,,,,,,,,,,,,,,,,,,,,,,,,,,,,,,,,,,,,,,,,,,,,,,,,,,,,,,,,,,,,,,,,,,,,,,,,,,
R263,,,,,,,,,,,,,,,,,,,,,,,,,,,,,,,,,,,,,,,,,,,,,,,,,,,,,,,,,,,,,,,,,,,,,,,,,,,,,,,,,,,,*/kˌɯsˈɔvɑ/,,,,,,,,,,,,,,,,,,,,,,,,,,,,,,,,,,,,,,,,,,,,,,,,,,,,,,,,,,,,,,,,,,,,,,,,,,,,,,,,,*/t͡sˌɪrnˈɑvɑ/,,,,,,,,,,,,,,,,,,,,,*/sˌitˈɔvɑ/,,,,,,,,,,,,,,,,,,,,,,,,,,,,,,,,,,,,,,,,,,,,,,,,,,,,,,,,,,,,,,,,,,,,,,,,,,,,,,,,,,,,,,,,,,,,,,,,,,,,,,,,,,,,,,,,,,,,,,,,,,*/lˌæsˈɔvɑ/,,*/lˌɑbˈɔvɑ/,,,,,,,,,,,,,,,,,,,,,,,,,,,,,*/rˈɑvɑ/,*/rˈɑvkɑ/,,,,,,,,,,,,,,,,,,,,,,,,,,,,,,,,,*/pˌɑɾkˈɑvɑ/,,,,,,,,,,,,,,,,,,,,,,,,,,,,,,,,,,,,,,,,,,,,,,,,,,,,,,,,,,,,,,,,,,,,,,,,,,,,,,,,,,,,,,,,,,,,,,,,,,,,,,,,,,,,,,,,,,,,,,,,,,,,,,,,,,,,,,,
R264,,,,,,,,,,,,,,,,,,,,,,,,,,,,,,,,,,,,,,,,,,,,,,,,,,,,,,,,,,,,,,,,,,,,,,,,,,,,,,,,,,,,,,,,,,,,,,,,,,,,,,,,,,,,,,,,,,,,,,,,,,,,,,,,,,,,,,,,,,,,,,,,,,,,,,,,,,,,,,,,,,,,,,,,,,,,,,,,,,,,,,,,,,,,,,,,,,,,,,,,,,,,,,,,*/tˌɪrpˈiːtɪ/,,,,,,,,,,,,,,,,,,,,,,,,,,,,,,,,,,,,,,,,,,,,,,,,,,,,,,,,,,,,,,,,,,,,,,,,,,,,,,,,,,,,,,,,,,,,,,,,,,,,,,,,,,,,,,,,,,,,,,,,,,,,,,,,,,,,,,,,,,,,,,,,,,,,,,,,,,,,,,,,,,,,,,,,,,,,,,,,,,,,,,,,,,,,,,,,,,,,,,,,,,,,,,,,,,,,,,,,,,,,,,,*/bˌiːsɪnˈit͡sɑ/,,,,,,,,,,,,,,,,,,,,,,,,,,,*/wˌɪrtˈiːtɪ/,,,,,,,,,,,,,,,,,,,,,,,,,,,,,,,,,,*/mˌiːlˈinkɑ/,,,,,,,,,,,,,,,,
R265,,,,,,,,,,,,,,,,,,,,,,,,,,,,,,,,,,,,,,,,,,,,,,,,,,,,,,,,,,,,,,,,,,,,,,,,,,,,,,,,,,,,,,,,,,,,,,,,,,,,,,,,,,,,,,,,,,,,,,,,,,,,,,,,,,,,,,,,,,,,,,,,,,,,,,,,,,,,,,,,,,,,,,,,,,,,,,,,,,,,,,,,,,,,,,,,,,,,,,,,,,,,,,,,,,,,,,,,,,,,,,,,,,,,,,,,,,,,,,,,,,,,,,,,,,,,,,,,,,,,,,,,,,,,,,,,,,,,,,,,,,,,,,,,,,,,,,,,,,,,,,,,,,,,,,,,,,,,,,*/lˌeːsɪnˈit͡sɑ/,,,,*/lˈeːsɪɲɑ/,,,,,,,,,,,,,,,,,,,,,,,,,,,,,,,,,,,,,,,,,,,,,,,,,,,,,,,,,,,,,,,,,,,,,,,,,,,,,,,,,,,,,,,,,,,,,,,,,,,,,,,,,,,,,,,,,,,,,,,,,,,,,,,,,,,,,,,,,,,,,,,,,,,,,,,,,,,,,,,,,,,,,,,,,,,,,,,,,,,,,,,,,,
R266,,,,,,,,,,,,*/jˌɑrˈɔə̯/,,,,,,,,,,,,,,,,,,,,,,,,,,,,,,,,,,,,,,,,,,,,,,,,,,,,,,,,,,,,,,,,,,,,,,,,,,,,,,,,,,,,,*/ɡˌɒtˈɔə̯ɲ/,,,,,,,,,,,,,,,,,,,,,,,,,,,,,,,,,,,,,,,,,,,,,,,,,,,,,,,,,,,,,,,,,,,,,,,,,,,,,,,,,,,,,,,,,,,,,*/skˌɔə̯rdˈɪt͡sɪ/,,,,,,,,,,,,,,,,,,,,,,,,,,,*/tˌɒrˈɔə̯/,,,,,,,,,,,,,,,,,,,,,,,,,,,,,,,,,,,,,,,,,,,,,,,,,,,,,,,,,,,,,,,,,,,,,,,,,,,,,,,,,,,,,,,,,,,,,,,,,,,,,,,,,,,,,,,,,,,,,,,,,,,,,,,,,,,,,,,,,,,,,,,,,,,,,,*/pˌɒdkˈɔə̯/,,,,,,,,,,,,,,,,,,*/pˌɒdkˈɔə̯/,,,,,,,,,,,,,,,,,,,,,,,,,,,,,,,,,,,,,,,,,,,,,,,,,,,,,,*/bˌuə̯lˈit͡sɑ/,,,,*/bˈuə̯lə/,,,,,,,,,,,,,*/wˌɒlkˈɔə̯/,,,,,,,,,,*/wˌirˈɔə̯/,,,,,,,,,,,,,,,,,,,,,,,,,,,,,,,,,,,,,,,,,,
R267,,,,,,,,,,,,,,,,,,,,,,,,,,,,,,,,,,,,,,,,,,,,,,,,,,,,,,,,,,,,,,,,,,,,,,,,,,,,,,,,,,,,,,,,,,,,,,,,,,,,,,,,,,,,,,,,,,,,,,,,,,,,,,,,,,,,,,,,,,,,,,,,,,,,,,,,,,,,,,,,,,,,,,,,,,,,,,,,,,,,,,,,,,,,,,,,,,,,,,,,,,,,,,,,,,,,,,,,,,,,,,,,,,,,,,,,,,,,,,,,,,,,,,,,,,,,,,,,,,,,,,,,,,,,,,,,,,,,,,,,,,,,,,,,,,,,,,,,,,,,,,,,,,,,,,,,,,,,,,,,,,,,,,,,,,,,,,,,,,,,,,,,,,,,,,,,,,,,,,,,,,,,,,,,,,,,,,,,,,,,,,,,,,,,,,,,,,,,,,,,,,,,,,,,,,,,,,,,,,,,,,,,,,,,,,,,,,,,,,,,,,,,,,,,,,,,,,,,,,,,,,,,,,,,,,,,,,,,,,,,,,,,,,,,,,,,,,,,,,,,,,,,,,,,
R268,,,,,,,,,,,,,,,,,,,,,,,,,,,,,,,,,,,,,,,,,,,,,,,,,,,,,,,,,,,,,,,,,,,,,,,,,,,,,,,,,,,,,,,,,,,,,,,,,,,,,,,,,,,,,,,,,,,,,,,,,,,,,,,,,,,,,,,,,,,,,,,,,,,,,,,,,,,,,,,,,,,,,,,,,,,,,,,,,,,,,,,,,,,,,,,,,,,,,,,,,,,,,,,,,,,,,,,,,,,,,,,,,,,,,,,,,,,,,,,,,,,,,,,,,,,,,,,,,,,,,,,,,,,,,,,,,,,,,,,,,,,,,,,,,,,,,,,,,,,,,,,,,,,,,,,,,,,,,,,,,,,,,,,,,,,,,,,,,,,,,,,,,,,,,,,,,,,,,,,,,,,,,,,,,,,,,,,,,,,,,,,,,,,,,,,,,,,,,,,,,,,,,,,,,,,,,,,,,,,,,,,,,,,,,,,,,,,,,,,,,,,,,,,,,,,,,,,,,,,,,,,,,,,,,,,,,,,,,,,,,,,,,,,,,,,,,,,,,,,,,,,,,,,,
R269,,,,,,,,,,,,,,,,,,,,,,,,,,,,,,,,,,,,,,,,,,,,,,,,,,,,,,,,,,,,,,,,,,,,,,,,,,,,,,,,,,,,,,,,,,,,,,,,,*/ɡˌɑtˈɔə̯ɲ/,,,,,,,,,,,,,,,,,,,,,,,,,,,,,,,,,,,,,,,*/lˠˌɑpˈuʃɪ/,*/lˠˌɑpˈuʃɑ/,,,,,,,,,,,,,,,,,,,,,,,,,,,,,,,,,,,,,,,,,,,,,,,,,,,,,,,,,,,,,,*/stˌɑpˈɑɲɑ/,*/stˌɑpˈɑnd͡ʒɑ/,*/stˌɑpɑnˈɛsɑ/,*/stˌɑpˈɑnə/,,,,,,,,,,,,,,,,,,,,,,,,,,,,,,,,,,,,,,,,,,,,,,,,,,,,,,,,,,,,,,,,,,,,,,,,,,,,,,,,,,,,,,,,,,,,,,,,,,,,,,,,,,,,,,,,,,,,,,,,,,,,,,,,,,,,,,,,,,,,,,*/rˌɑɡɒwˈɪt͡ʃɪkɑ/,,,,,,,,,*/rˌɑɡɒʒˈinɑ/,,,,,,,,,*/rˌɑpˈɑkə/,,,,,*/pˌɑdkˈɔə̯/,,,,,,,,,,,,,,,,,,*/pˌɑdkˈɔə̯/,,,,,,,,,,,,,,,,,,,,,,,,,,,,,,,,,,,,,,,,,,,,,,,,,,,,,,,,,,,,,,,,,,,,,,,,,,,,,,,,,,,,,,,,,,,,,,,,,,,,,,,,,,,,,,,,,,,,,,,,,,,
R270,,,,,,,,,,,,,,,,,,,,,,,,,,,,,,,,,,,,,,,,,,,,,,,,,,,,,,,,,,,,,,,,,,,,,,,,,,,,,,,,,,,,,,,,,,,,,,,,,,,,,,,,,,,,,,,,,,,,,,,,,,,,,,,,,,,,,,,,,,,,,,,,,,,,,,,,,,,,,,,,,,,,,,,,,,,,,,,,,,,,,,,,,,,,,,,,,,,,,,,,,,,,,,,,,,,,,,,,,,,,,,,,,,,,,,,,,,,,,,,,,,,,,,,,,,,,,,,,,,,,,,,,,,,,,,,,,,,,,,,,,,,,,,,,,,,,,,,,,,,,,,,,,,,,,,,,,,,,*/lˈɑnɡt͡skɑ/,,,,,,,,,,,,,,,,,,,,,,,,,,,,,,,,,,,,,,,,,,,,,,,,,,,,,,,,,,,,,,,,,,,,,,,,,,,,,,,,,,*/pˈɒlt͡skɑ/,,,,,,,,,,,,,,,,,,,,,,,,,,,,,,,,,,,,,,,,,,,,,,,,,,,,,,,,,,,,,,,,,,,,,,,,,,,,,,,,,,,,,,,,,,,,,,,,,,,,,,,,,,,,,,
R271,,,,,*/xˌɒrɑbˈɪlɪ/,,,,,,,,,,,,,,,,,,,,,,,,,,,,,,,,,*/kˌɑrɑwˈɑʎɑ/,,,,,,,,,,,,,,,,,,,,,,,,,,,,,,,,,,,,,,,,,,,,,,,,,,,,,,,,,,,,,,,,,,,,,,,,,,,,,,,,,,,,,,,,,,,,,,,,,,,,,,,,,,,,,,,,,,,,,,,,,,,,,,,,,,,,,,,,,,,,,,,,,,,,,,,,,,,,,,,,,,,,,,,,,,,,,,,,,,,,,,,,,,,,,,,,,,,,,,,,,,,,,,,,,,,,,,,,,,,,,,,,,,,,,,,,,,,,,,,,,,,,,,,,,,,,,,,,,,,,,,,,,,,,,,,,,,,,,,,,,,,,,,,,,,,,,,,,,,,,,,,,,,,,,,,,,,,,,,,,,,,,,,,,,,,,,,,,,,,,,,,,,,,,,,,,,,,,,,,,,,,,,,,,,,,,,,,,,,,,,,,,,,,,,,,,,,,,,,,,,,,,,,,,,,,,,,,,,,,,,,,,,,,,,,,,,,,,,,,,,,,,,,,,,,,,,,,,,,,,,*/mˌɒrɑβˈit͡sɑ/,,,,,,,,,
R272,,,,,,,,,,,,,,,,,,,,,,,,,,,,,,,,,,,,,,,,,,,,,,,,,,,,,,,,,,,,,,,,,,,,,,,,,,,,,,,,*/klˠˌɑːpˈitɪ/,,,,,,,,,,,,,,,,,,,,,,,,,,,,,,,,,,,,,,,,,,,,,,*/ɡlˠˌɑːwɪnˈikə/,*/ɡlˠˌɑːwˈinɑ/,,,,,,,,,,,,,,,,,,,,,,,,,,,,,,,,,,,,,,,,,,,,,,,,,,,,,,,,,,,,,,,,,,,,,,,,,,,,,,,,,,,,,,,,,,,,,,,,,,,,,,,,,,,,,,,,,,,,,,,,,,,,,,,,,,,,,,,,,,,,,,,,,,,,,,,,,,,,,,,,,,,,,,,,,,,,,,,,,,,,,,,,,,,,,,,,,,,,,,,,,,,,,,,,,,,,,,,,,,,,,,,,,,,,,,,,,,,,,,,,,,,,,,,,,,,,,,,,,,,,,,,,,,,,,,,,,,,,,,,,,,,,,,,,,,,,,,,,,,,,,,,,,,,,,,,,,,,,,,,,,,,,,,,,,,,,,,,,,,,,,,,,,,,,,,,,,,,,,,,,,,,,,,,,,,,,,,,,,,,,,
R273,,,,,,,,,,,,,,,,,,,,,,,,,,,,,,,,,,,,,,,,,,,,,,,,,,,,,,,,,,,,,,,,,,,,,,,,,,,,,,,,,,,,,,,,,,,,,,,,,,,,,,,,,,,,,,,,,,,,,,,,,,,,,,,,,,,,,,,,,,,,,,,,,,,,,,,,,,,,,,,,,,,,,,,,,,,,,,,,,,,,,,,,,,,,,,,,,,,,,,,,,,,,,,,,,,,,,,,,,,,,,,,,,,,,,,,,,,,,,,,,,,,,,,,,,,,,,,,,,,,,,,,,,,,,,,,,,,,,,,,,,,,,,,,,,,,,,,,,,,,,,,,,,,,*/lˌɑːkʊmˈɪjɛ/,,,,*/lˈɑːkʊmə/,,,,,,,,,,,,,,,,,,,,,,,,,,,,,,,,,,,,,,,,,,,,,,,*/rˈɑβɛsə/,,,,,,,,,,,,,,,,,,,,,,,,,,,,,,,,,,,,,,,,*/plˈɑːt͡skɑ/,,,,,*/plˌɑːstnˈikə/,,,,,,,,,,,,,,,,,,,,,,,,,,,,,,,,,,,,,,,,,,,,,,,,,,,,*/xlˈɑːdə/,,,,,,,,,,,,,,,,,,,*/wrˈɑnə/,,,,,,,,,,,,,,,,,,,,,,,,,,,,,,,,,,*/ɪnprˈɑzdɪnə/
R274,,,,,*/xˌɑrɑbˈɪlɪ/,,,,,,,,,,,,,,,,,,,,,,,,,,,,,,,,,,,,,,,,,*/kˌɑrt͡ʃˈunə/,,,,,,,,,,,,*/kˌɑlˈɛskɑ/,,,,,,,,,,,,,,,,,,,*/kˈɑrdɑ/,,,,,,,,,,,,,,,,,,,,,,,,,,,,,,,,,,,,,,,,,,,,,,,,,,,,,,,,,,,,,,,,,,,,,,,,,,,,,,,,,,,,,,,,,,,,,,,,,,,,,,,,,,,,,,,,,,,,,,,,,,,,,,,,,,,,,,,,,,,,,,,,,,,,,,,,,,,,,,,,,,,,,,,,,,,,,,,,,,,,,,,,,,,,,,,,,,,,,,,,,,,,,,,,,,,,,,,,,,,,,,,,,,,,,,,,,,,,,,,,,,,,,,,,,,,,,,,,,,,,,,,,,,,,,,,,,,,,,,,,,,,,,,,,,,,,,,,,,,,,,,,,,,,,,,,,,,,,,,,,,,,,,,,,,,,,,,,,,,,,,,,,,,,,,,,,,,,,,,,,,,,,,,,,,,,,,,,,,,,,,,,,,,,,,,,,,,,,,,,,,,,,,,,,,,,,,,,,,,,,,,,,,,,,,,,
R275,,,,,,,,,,,,,,,,,,,,,,,,,,,,,,,,,,,,,,,,,,,,,,,,,,,,,,,,,,*/kˌɑlˈɛʃkɑ/,,,,,,,,,,,,,,,,,,,,,,,,,,*/kˌɯʃˈɔvɑ/,,,,,,,,,,,,,,,,,,,,,,,,,,,,,,,,,,,,,,,,,,,,,,,,,,,*/ɡˈʊrʃtɪ/,,,*/lˠˈɑʃkɑ/,,,,,,,,,,,,,,,,,,,,,,,,,,,,,,,,,,,,,,,,,,*/ʃˈɑkɑ/,*/ʃˈɒrɑ/,*/ʃˈɑpə/,,*/ʃˈɛlɪt͡ʃɑ/,*/ʃˈenbrə/,*/ʃˌitˈɔvɑ/,,*/ʃˌuːˈɛt͡ʃɪ/,*/ʃˈɒpə/,*/ʃkˌɔə̯rdˈɪt͡sɪ/,*/ʃkˌɒpˈitɪ/,*/ʃkrˈɑpi/,*/ʃˌuʃˈit͡sɑ/,*/ʃˌɯpʎˈɑkɑ/,*/ʃˈʊlɑ/,,*/ʃlˈɒtɑ/,*/ʃtˌʊrmˈɛnnɛ/,*/ʃtˌɑpˈɑɲɑ/,*/ʃtˌɑpˈɑnd͡ʒɑ/,*/ʃtˌɑpɑnˈɛʃɑ/,*/ʃtˌɑpˈɑnə/,*/ʃtˈɯɲɑ/,*/ʃtrˈɑʒɑ/,,,,,,,,,,,,,,,,,,,,,*/trˈɪʃə/,*/tˈɪrʃu/,,,,*/dˌɛʃnˈit͡sɑ/,,,,,,,,,,,,,,,,,,,,,,,,,,,,,,,,,,,,,,,,,,,,,,,,,,,,,,,,,,,,,,,,,*/zˈɑnbʃæ/,,,,,,,,,,,,,*/lˌæʃˈɔvɑ/,,,,,,,,,,*/lˌeːʃɪnˈit͡sɑ/,,,*/lˈæʃɑ/,*/lˈeːʃɪɲɑ/,,,,,,,,,,,*/ʎˈutʃɑ/,,,,,,,,,,,,,,,,,,,,,,,,,*/rˈɑβɛʃə/,,,,,,,,,,,,,,,,,,,,,*/pˈiʃkɑ/,,,,,,,,,,,,,,,,,,*/plˈɔʃkɑ/,,,,,,*/plˌɑːʃtnˈikə/,,,,,,,,,,,,,,,,*/brˌæʃtɪnˈikə/,,,,,,,,,,,,*/bˌiːʃɪnˈit͡sɑ/,,,,,,,,,,,*/bˌɯʃtrˈit͡sɑ/,,*/bˈɯʃtrə/,,,,,,,,,,,,,*/ʃwˌɪrʃtɪnˈikə/,,,,,,,,,,,,,,,,,,,,,,,,,,,,,,,,,,,,,,,,,,,,,,,,,,,
R276,,,,,,,,,,,,,,,,,,,,,,,,,,,,,,,,,,,,,,,,,,,,,,,,,,,,,,,,,,,,,,,,,,,,,,,,,,,,,,,,,,,,,,,,,,,,,,,,,,,,,,,,,,,,,,,,,,,,,,,,,,,,,,,,,,,,,,,,,,,,,,,,,,,,,,,,,,,,,,,,,,,,,,,,,,,,,,,,,,,,,,,,,,,,,,,,,,,,,,,,,,,,,,,,,,,,,,,,,,,,,,,,,,,,,,,,,,,,,,,,,,,,,,,,,,,,,,,,,,,,,,,,,,,,,,,,,,,,,,,,,,,,,,,,,,,,,,,,,,,,,,,,,,,,,,,,,,,,,,,,,,,,,,,,,,,,,,,,,,,,,,,,,,,,,,,,,,,,,,,,,,,,,,,,,,,,,,,,,,,,,,,,,,,,,,,,,,,,,,,,,,,,,,,,,,,,,,,,,,,,,,,,,,,,,,,,,,,,,,,,,,,,,,,,,,,,,,,,,,,,,,,,,,,,,,*/βˈɔkʊlə/,,*/βˈɔbɑɡ/,,,,,,,,,,,,,,,,,,,,,,,,,,,,,,,,,,,,
R277,,,,,,,,,,,,,,,,,,,,,,,,,,,,,,,,,,,,,,,,,,,,,,,,,,,,,,,,,,,,,,,,,,,,,,,,,,,,,,,,,,,,,,*/kˌupɑlnˈikə/,,,,,,,,,,,,,,,,,,,,,,,,,,,,,,,,,,,,,,,,,,,,,,,,,,,,,,,,,,,,,,,,,,,,,,,,,,,,,,,,,,,,,,,,,,,,,,,,,,,,,,,,,,,,,,,,,,,,,,,,,,,,,,,,,,,,,,,,,,,,,,,,,,,,,,,,,,,,,,,,,,*/t͡sˌɑlˈikə/,,,,,,,,,,,,,,,,,,,,,,,,,,,,,,,,,,,,,,,,,,,,,,,*/zˈɑnbʃɑ/,,,*/zwˌɑrˈiʃtɛ/,,,,,,,,,,*/lˌɑʃˈɔvɑ/,,,,,,,,,,,,,*/lˈɑʃɑ/,,,,,,,,,,,,,,,,,,,,,,,,,,,,,,,,,,,,,,*/rˌɑkˈɑjɑn/,,,,,,,,,,,,,,,,,,,,,,,,,,,,,,,,,,,,,,,,,,,,,,,,,,,,,,,,,,,,*/brˌɑʃtɪnˈikə/,,*/bˌɑrd͡zˈɑnɑ/,,,,,,,,,,,,,,,,,,,,,,,,,,,,,,,,,,,,,,,,,,,,,,,,,,,,,,,,,,,,,,,,,,,,,,,,,,,,,,,,,,,,,,,
R278,,,,,,,,,,,,,,,,,,,,,,,,,,,,,,,,,,,,,,,,,,,,,,,,,,,,,,,,,,,,,,,,,,,,,,,,,,,,,,,,,,,,,,,,,,,,,,,,,,,,,,,,,,,,,,,,,,,,,,,,,,,,,,,,,,,,,,,,,,,,,,,,,,,,,,,,,,,,,,,,,,,,,,,,,,,,,,,,,,,,,,,,,,,,,,,,,,,,,,,,,,,,,,,,,,,,,,,,,,,,,,,,,,,,,,,,,,,,,,,,,,,,,,,,,,,,,,,,,,,,,,,,,,,,,,,,,,,,,,,,,,,,,,,,,,,,,,,,,,,,,,,,,,,,,,,,,,,,,,,,,,,,,,,,,,,,,,,,,,,,,,,,,,,,,,,,,,,,,,,,,,,,,,,,,,*/pˌɐɡˈɑɲ/,*/pˌɐɡˈɑnɑ/,,,,,,,,,,,,,,,,,,,,,,,,,,,,,,,,,,,,,,,,,,,,,,*/bˌɐɡˈɑtɑ/,,,,,,,,,,,,,,,,,,,,,,,,,,,,,,,,,,,,,,,,,,,,,,,,,,,,,,,,,,,,,,,,,,,,*/mˌɐɡˈɯlɑ/,,,,,,,,,,,,,,,,,,,,,,,
R279,,,,,,,,,,,,,,,,,,,,,,,,,,,,,,,,,,,,,,,,,,,,,,,,,,,,,,,,,,,,,,,,,,,,,,,,,,,,,,,,,,,,,,,,,,,,,,,,,,,,,,,,,,,,,,,,,,,,,,,,,,,,,,,,,,,,,,,,,,,,,,,,,,,,,,,,,,,,,,,,,,,,,,,,,,,,,,,,,,,,,,,,,,,,,,,,,,,,,,,,,,,,,,,,,,,,,,,,,,,,,,,,,,,,,,,,,,,,,,,,,,,,,,,,,,,,,,,,,,,,,,,,,,,,,,,,,,,,,,,,,,,,,,,,,,,,,,,,,,,,,,,,,,,,,,,,,,,,,,,,,,,,,,,,,,,,,,,,,,,,,,,,,,,,,,,,,,,,,,,,,,,,,,,,,,,,,,,,,,,,,,,,,,,,,,,,,,,,,,,,,,,,,,,,,,,,,,,,,,,,,,,,,,,,,,,,,,,,,,,,,,,,,,,,,,,,,,,,,,,,,,,,,,,,,,,,,,,,,,,,,,,,,,,,,,,,,,,,,,,,,,,,,,,,
R280,,,,,,,,,,,,,,,,,,,,,,,,,,,,,,,,,,,,,,,,,,,,,,,,,,,,,,,,,,,,,,,,,,,,,,,,,,,,,,,,,,,,,,,,,,,,,,,,,,,,,,,,,,,,,,,,,,,,,,,,,,,,,,,,,,,,,,,,,,,,,,,,,,,,,,,,,,,,,,,,,,,,,,,,,,,,,,,,,,,,,,,,,,,,,,,,,,,,,,,,,,,,,,,,,,,,,,,,,,,,,,,,,,,,,,,,,,,,,,,,,,,,,,,,,,,,,,,,,,,,,,,,,,,,,,,,,,,,,,,,,,,,,,,,,,,,,,,,,,,,,,,,,,,,,,,,,,,,,,,,,,,,,,,,,,,,,,,,,,,,,,,,,,,,,,,,,,,,,,,,,,,,,,,,,,,,,,,,,,,,,,,,,,,,,,,,,,,,,,,,,,,,,,,,,,,,,,,,,,,,,,,,*/bˌɛːlbˈit͡sɑ/,,,,,,,,,,,,,,,,,,,,,,,,,,,,,,,,,,,,,,,,,,,,,,,,,,,,,,,,,,,,,,,,,,,,,,,,,,,,,,,,,,,,
R281,,,,,,,,,,,,,,,,,,,,,,,,,,,,,,,,,,,,,,,,,,,,,,*/kərt͡ʃˈunə/,,,,,,,,,,,,,,,,,,,,,,,,,,,,,,,,,,,,,,,,,,,,,,,,,,,,,,,,,,,,,,,,,,,,,,,,,,,,,,,,,,,,,,,,,,,,,,,,,,,,,,,,,,,,,,,,,,,,,,,,,,,,,,,,,,,,,,,,,,,,,,,,,,,,,,,,,,,,,,,,,,*/tərpˈiːtɪ/,,,,,,,,,,,,,,,,,,,,,,,,,,,,,,,,,,,,,,,,,,,,,,,,,,,,,,,,,,,,,,,,,,,,,,,,,,,,,,,,,,,,,,,,,,,,,,,,,,,,,,,,,,,,,,,,,,,,,,,,,,,,,,,,,,,,,,,,,,,,,,,,,,,,,,,,,,,,,,,,,,,,,*/pəɾkˈɑvɑ/,,,,,,,,,,,,,,,,,,,,,,,,,,,,,,,,,,,,,,,,,,,,,,,,*/bərd͡zˈɑnɑ/,,,,,,,,,,,,,,,,,,,,,,,,,,,,,,,,,,,,,,,,,,,,,,,,,,,,,,,,,,,,,,,,,,,,,,,,,,,,,,,,,,,,,,,
R282,,,,,,,,,,,,,,,,,,,,,,,,,,,,,,,,,,,,,,,,,,,,,,,,,,,,,,,,,,,,,,,,,,,,,,,,,,,,,,,,,,,,,,,,,,,,,,,,,,,,,,,,,,,,,,,,,,,,,,,,,,,,,,,,,,,,,,,,,,,,,,,,,,,,,,,,,,,,,,,,,,,,,,,,,,,,,,,,,,,,,,,,,,,,,,,,,,,,,,,,,,,,,,,,,,,,,,,,,,,,,,,,,,,,,,,,,,,,,,,,,,,,,,,,,,,,,,,,,,,,,,,,,,,,,,,,,,,,,,,,,,,,,,,,,,,,,,,,,,,,,,,,,,,,,,,,,,,,,,,,,,,,,,,,,,,,,,,,,,,,,,,,,,,,,,,,,,,,,,,,,,,,,,,,,,,,,,,,,,,,,,,,,,,,,,,,,,,,,,,,,,,,,,,,,,,,,,,,,,,,,,,,,,,,,,,,,,,,,,,,,,,,,,,,,,,,,,,,,,,,,,,,,,,,,,,,,,,,,,,,,,,,,,,,,,,,,,,,,,,,,,,,,,,,
R283,,,,,,,,,,,,,,,*/ˈɛːzɛrə/,,,,,,,,,,,,,,,,,,,,,,,,,,,,,,,,,,,,,,,,,,,,,,,,,,,,,,,,,,,,,,,,,,,,,,,,,,,,,,,,,,,,,,,,,,,,,,,,,,,,,,,,,,,,,,,,,,,,,,,,,,,,,,,,,,,,,,,,,,,,,,,,,,,,,,,,,,,,,,,,,,,,,,,,,,,,,,,,,,,,,,,,,,,,,,,,,,,,,,,,,,,,,,,,,,,,,,,,,,,,,,,,,,,,,,,,,,,,,,,,,,,,,,,,,,,,,,,,,,,,,,,,,,,,,,,,,,,,,,,,,,,,,,,,,,,,,,,,,,,,,,,,,,,,,,,,,,,,,,,,,,,,,,,,,,,,,,,,,,,,,,,,,,,,,,,,,,,,,,,,,,,,,,,,,,,,,,,,,,,,,,,,,,,,,,,,,,,,,,,,,,,,,,,,,,,,,,,,,,,,,,,,,,,,,,,,,,,,,,,,,,,,,,,,,,,,,,,,,,,,,,,,,,,,,,,,,,,,,,,,,,,,,,,,,,,,,
R284,,,,,,,,,,,,,,,,,,,,,,,,,,,,,,,,,,,,,,,,,,,,,,,,,,,,,,,,,,,,,,,,,,,,,,,,,,,,,,,,,,,,,,,,,,,,,,,,,,,,,,,,,,,,,,,,,,,,,,,,,,,,,,,,,,,,,,,,,,,,,,,,,,,,,,,,,,,,,,,,,,,,,,,,,,,,,,,,,,,,,,,,,,,,,,,,,,,,,,,,,,,,,,,,,,,,,,,,,,,,,,,,,,,,,,,,,,,,,,,,,,,,,,,,,,,,,,,,,,,,,,,,,,,,,,,,,,,,,,,,,,,,,,,,,,,,,,,,,,,,,,,,,,,,,,,,,,,,,,,,,,,,,,,,,,,,,,,,,,,,,,,,,,,,,,,,,,,,,,,,,,,,,,,,,,,,,,,,,,,,,,,,,,,,,,,,,,,,,,,,,,,,,,,,,,,,,,,,,,,,,,,,,,,,,,,,,,,,,,,,,,,,,,,,,,,,,,,,,,,,,,,,,,,,,,,,,,,,,,,,,,,,,,,,,,,,,,,,,,,,,,,,,,,,
R285,,,,,,,,,,,,,,,,,,,,,,,,,,,,,,,,,,,,,,,,,,,,,,,,,,,,,,,,,,,,,,,,,,,,,,,,,,,,,,,,,,,,,,,,,,,,,,,,,,,,,,,,,,,,,,,,,,,,,,,,,,,,,,,,,,,,,,,,,,,,,,,,,,,,,,,,,,,,,,,,,,,,,,,,,,,,,,,,,,,,,,,,,,,,,,,,,,,,,,,,,,,,,,,,,,,,,,,,,,,,,,,,,,,,,,,,,,,,,,,,,,,,,,,,,,,,,,,,,,,,,,,,,,,,,,,,,,,,,,,,,,,,,,,,,,,,,,,,,,,,,,,,,,,,,,,,,,,,,,,,,,,,,,,,,,,,,,,,,,,,,,,,,,,,,,,,,,,,,,,,,,,,,,,,,,,,,,,,,,,,,,,,,,,,,,,,,,,,,,,,,,,,,,,,,,,,,,,,,,,,,,,,,,,,,,,,,,,,,,,,,,,,,,,,,,,,,,,,,,,,,,,,,,,,,,,,,,,,,,,,,,,,,,,,,,,,,,,,,,,,,,,,,,,,
R286,,,,,,,,,,,,,,,,,,,,,,,,,,,,,,,,,,,,,,,,,,,,,,,,,,,,,,,,,,,,,,,,,,,,,,,,,,,,,,,,,,,,,,,,,,,,,,,,,,,,,,,,,,,,,,,,,,,,,,,,,,,,,,,,,,,,,,,,,,,,,,,,,,,,,,,,,,,,,,,,,,,,,,,,,,,,,,,,,,,,,,,,,,,,,,,,,,,,,,,,,,,,,,,,,,,,,,,,,,,,,,,,,,,,,,,,,,,,,,,,,,,,,,,,,,,,,,,,,,,,,,,,,,,,,,,,,,,,,,,,,,,,,,,,,,,,,,,,,,,,,,,,,,,,,,,,,,,,,,,,,,,,,,,,,,,,,,,,,,,,,,,,,,,,,,,,,,,,,,,,,,,,,,,,,,,,,,,,,,,,,,,,,,,,,,,,,,,,,,,,,,,,,,,,,,,,,,,,,,,,,,,,,,,,,,,,,,,,,,,,,,,,,,,,,,,,,,,,,,,,,,,,,,,,,,,,,,,,,,,,,,,,,,,,,,,,,,,,,,,,,,,,,,,,
R287,,,,,,,,,,,,,,,,,,,,,,,,,,,,,,,,,,,,,,,,,,,,,,,,,,,,,,,,,,,,,,,,,,,,,,,,,,,,,,,,,,,,,,,,,,,,,,,,,,,,,,,,,,,,,,,,,,,,,,,,,,,,,,,,,,,,,,,,,,,,,,,,,,,,,,,,,,,,,,,,,,,,,,,,,,,*/t͡sˈɛːrdɑ/,,,,,,,,,,,,,,,,,,,,,,,,,,,,,,,,,,,,,,,,,,,,,,,,,,,,,,,,,,,,,,,,,,,,,,,,,,,,,,,,,,,,,,,,,,,,,,,,,,,,,,,,,,,,,,,,,,,,,,,,,,,,,,,,,,,,,,,,,,,,,,,,,,,,,,,,,,,,,,,,,,,,,,,,,,,,,,,,,,,,,,,,,,,,,,,,,,,,,,,,,,,,,,,,,,,,,,,,,,,,,,,,,,,,,,,,,,,,,,,,,,,,,,,,,,,,,,,,,,,,,,,,,,,,,,,,,,,,,,,,,,,,,,,,,,,,,,,,,,,,,,,,,,,,,,,,,,,,,,,,,,,,,,,,,,,,,,,,,
R288,,,,,,,,,,,,,,,,,,,,,,,,,,,,,,,,,,,,,,,,,,,,,,,,,,,,,,,,,,,,,,,,,,,,,,,,,,,,,,,,,,,,,,,,,,,,,,,,,,,,,,,,,,,,,,,,,,,,,,,,,,,,,,,,,,,,,,,,,,,,,,,,,,,,,,,,,,,,,,,,,,,,,,,,,,,,,,,,,,,,,,,,,,,,,,,,,,,,,,,,,,,,,,,,,,,,,,,,,,,,,,,,,,,,,,,,,,,,,,,,,,,,,,,,,,,,,,,,,,,,,,,,,,,,,,,,,,,,,,,,,,,,,,,,,,,,,,,,,,,,,,,,,,,,,,,,,,,,,,,,,,,,,,,,,,,,,,,,,,,,,,,,,,,,,,,,,,,,,,,,,,,,,,,,,,,,,,,,,,,,,,,,,,,,,,,,,,,,,,,,,,,,,,,,,,,,,,,,,,,,,,,,,,,,,,,,,,,,,,,,,,,,,,,,,,,,,,,,,,,,,,,,,,,,,,,,,,,,,,,,,,,,,,,,,,,,,,,,,,,,,,,,,,,,
R289,,,,,,,,,,,,,,,,,,,,,,,,,,,,,,,,,,,,,,,,,,,,,,,,,,,,,,,,,,,,,,,,,,,,,,,,,,,,,,,,,,,,,,,,,,,,,,,,,,,,,,,,,,,,,,,,,,,,,,,,,,,,,,,,,,,,,,,,,,,,,,,,,,,,,,,,,,,,,,,,,,,,,,,,,,,,,,,,,,,,,,,,,,,,,,,,,,,,,,,,,,,,,,,,,,,,,,,,,,,,,,,,,,,,,,,,,,,,,,,,,,,,,,,,,,,,,,,,,,,,,,,,,,,,,,,,,,,,,,,,,,,,,,,,,,,,,,,,,,,,,,,,,,,,,,,,,,,,,,,,,,,,,,,,,,,,,,,,,,,,,,,,,,,,,,,,,,,,,,,,,,,,,,,,,,,,,,,,,,,,,,,,,,,,,,,,,,,,,,,,,,,,,,,,,,,,,,,,,,,,,,,,,,,,,,,,,,,,,,,,,,,,,,,,,,,,,,,,,,,,,,,,,,,,,,,,,,,,,,*/mˌɑːtˈɯkɑ/,,,,,,,,,,,,,,,,,,*/mˌɔːʷdɪlˈitɪ/,,,,,,,,,,,,
R290,,,,,,,,,,,,,,,,,,,,,,,,,,,,,,,,,,,,,,,,,,,,,,,,,,,,,,,,,,,,,,,,,,,,,,,,,,,,,,,,,,,,,,,,,,,,,,,,,,,,,,,,,,,,,,,,,,,,,,,,,,,,,,,,,,,,,,,,,,,,,,,,,,,,,,,,,,,,,,,,,,,,,,,,,,,,,,,,,,,,,,,,,,,,,,,,,,,,,,,*/ʃtɐpˈɑɲɑ/,*/ʃtɐpˈɑnd͡ʒɑ/,*/ʃtɐpɑnˈɛʃɑ/,*/ʃtɐpˈɑnə/,,,,,,,,,,,,,,,,,,,,,,,,,,,,,,,,,,,,,,,,,,,,,,,,,,,,,,,,,,,,,,,,,,,,,,,,,,,,,,,,,,,,,,,,,,,,,,,,,,,,,,,,,,,,,,,,,,,,,,,,,,,,,,,,,,,,,,,,,,,,,,,,,,,,,,,,,,,,,*/rɐkˈɑjɑn/,,,*/rɐpˈɑkə/,,,,,,,,,,,,,,,,,,,,,,,,,,,,,,,,,,,,,,,,,,,,,,,,,,,,,,,,,,,,,,,,,,,,,,,,,,,,,,,,,,,,,,,,,,,,,,,,,,,,,,,,,,,,,,,,,,,,,,,,,,,,,,,,,,,,,,,,,,,,,,,,,,
R291,,,,,,,,,,,,,,,,,,,,,,,,,*/ˌɒpˈɪnkɑ/,,,,,,,,,,,,,,,,,,,,,,,,,,,,,,,,,,,,,,,,,,,,,,,,,,,,,,,,,,,,,,,,,,,,,,,,,,,,,,,,,,,,,,,,,,,,,,,,,,,,,,,,,,,,,,,,,,,,,,,,,,,,,,,,,,,,,,,,,,,,,,,,,,,,,,,,,,,,,,,,,,,,,,,,,,,,,,,,,,,,,,,,,,,,,,,,,,,,,,,,,,,,,,,,,,,,,,,,,,,,,,,,,,,,,,,,,,,,,,,,,,,,,,,,,,,,,,,,,,,,,,,,,,,,,,,,,,,,,,,,,,,,,,,,,,,,,,,,,,,,,,,,,,,,,,,,,,,,,,,,,,,,,,,,,,,,,,,,,,,,,,,,,,,,,,,,,,,,,,,,,,,,,,,,,,,,,,,,,,,,,,,,,,,,,,,,,,,,,,,,,,,,,,,,,,,,,,,,,,,,,,,,,,,,,,,,,,,,,,,,,,,,,,,,,,,,,,,,,,,,,,,,,,,,,,,,,,,,,,,,,,,
R292,,,,,,,,,,,,,,,,,,,,,,,,,,,,,,,,,,,,,,,,,,,,,,,,,,,,,,,,,,,,,,,,,,,,,,,,,,,,,,,,,,,,,,,,,,,,,,,,,,,,,,,,,,,,,,,,,,,,,,,,,,,,,,,,,,,,,,,,,,,,,,,,,,,,,,,,,,,,,,,,,,,,,,,,,,,,,,,,,,,,,,,,,,,,,,,,,,,,,,,,,,,,,,,,,,,,,,,,,,,,,,,,,,,,,,,,,,,,,,,,,,,,,,,,,,,,,,,,,,,,,,,,,,,,,,,,,,,,,,,,,,,,,,,,,,,,,,,,,,,,,,,,,,,,,,,,,,,,,,,,,,,,,,,,,,,,,,,,,,,*/rːˈɑvɑ/,*/rːˈɑvkɑ/,,,,*/rːˌɑɡɒwˈɪt͡ʃɪkɑ/,,,,,,,,,*/rːˌɑɡɒʒˈinɑ/,,,*/rːˈɑklɑ/,,*/rːˈɑβɛʃə/,*/rːɐkˈɑjɑn/,*/rːˌɑɡˈɑlɑ/,,*/rːɐpˈɑkə/,,,,,,,,,,,,,,,,,,,,,,,,,,,,,,,,,,,,,,,,,,,,,,,,,,,,,,,,,,,,,,,,,,,,,,,,,,,,,,,,,,,,,,,,,,,,,,,,,,,,,,,,,,,,,,,,,,,,,,,,,,,,,,,,,,,,,,,,,,,,,,,,,,
R293,,,,,,,,,,,,,,,,,,,,,,,,,,,,,,,,,,,,,,,,,,,,,,,,,,,,,,,,,,,,,,,,,,,,,,,,,,,,,,,,,,,,,,,,,,,,,,,,,,,,,,,,,,,,,,,,,,,,,,,,,,,,,,,,,,,,,,,,,,,,,,,,,,,,,,,,,,,,,,,,,,,,,,,,,,,,,,,,,,,,,,,,,,,,,,,,,,,,,,,,,,,,,,,,,,,,,,,,,,,,,,,,,,,,,,,,,,,,,,,,,,,,,,,,,,,,,,,,,,,,,,,,,,,,,,,,,,,,,,,,,,,,,,,,,,,,,,,,,,,,,,,,,,,,,,,,,,,,,,,,,,,,,,,,,,,,,,,,,,,,,,,,,,,,,,,,,,,,,,,,,,,*/rːˈɔɡɑ/,,*/rːˈunɒ/,,,,,,,,,,,,,,,,,,,,,,,,,,,,,,,,,,,,,,,,,,,,,,,,,,,,,,,,,,,,,,,,,,,,,,,,,,,,,,,,,,,,,,,,,,,,,,,,,,,,,,,,,,,,,,,,,,,,,,,,,,,,,,,,,,,,,,,,,,,,,,,
R294,,,,,*/xˌɑɾɑbˈɪlɪ/,,,,,,,*/jˌɑɾˈɔə̯/,,,*/ˈɛːzɛɾə/,,,,,,*/ˌɒɡɾˈɑdjɑ/,,*/ˌɒɾɑndˈɪjɛ/,,,,,,,,,,,,,,,*/kˌɑɾɑwˈɑʎɑ/,*/kˌɑɾˈɪt͡sɑ/,*/kˌɑɾˈɯtɒ/,*/kˌɑɾˈupə/,,,,*/kɾˌit͡ʃˈɑtɪ/,*/kəɾt͡ʃˈunə/,,,,,,*/kˈʊɾt͡ʃɪ/,,,,,,,,,,,,,,,,,,,,,,,,,*/kˈɑɾdɑ/,,,,,,,,,,,,,,,,,,*/kɾˌɑxˈitɪ/,*/kɾˌɑxˈinɑ/,,,,,,,,,,*/kˌʊɾxˈɑtɪ/,,,,,,*/ɡˌʊɾdˈitɪ/,*/ɡˌʊɾdlˈɑt͡ʃɪ/,,*/ɡɾˌɒmˈɑdɑ/,,,,,,,*/ɡˌɑɾɪnˈit͡sɑ/,,,,,,,,,,,,*/ɡɾˈɒzdɪlɪ/,*/ɡˈʊɾʃtɪ/,,,,,,*/lˠˈɑzʊɾɑ/,,,,,,,,,,,,,,,,,,,,,,,,*/t͡sˌɪɾnˈɑvɑ/,,,,,,*/t͡sˈɛːɾdɑ/,*/t͡sˈɪɾnə/,,,,,,,,,*/ʃˈɒɾɑ/,,,,*/ʃˈenbɾə/,,,,,*/ʃkˌɔə̯ɾdˈɪt͡sɪ/,,*/ʃkɾˈɑpi/,,,,,,*/ʃtˌʊɾmˈɛnnɛ/,,,,,,*/ʃtɾˈɑʒɑ/,,,*/tˌʊɾkˈɑtɪ/,*/təɾpˈiːtɪ/,,,,,,,,,*/tˌɒɾˈɔə̯/,,,*/tˈɒpʊɾə/,,,,,*/tɾˈɪʃə/,*/tˈɪɾʃu/,,,,,,,,,*/dˈɪbɾjə/,,,,,,,,*/dɾˈɑnɡə/,,,*/dɾˈɒkə/,*/dɾˈɔbɪnit͡sɑ/,,,*/t͡sˈɑɾɑ/,*/t͡sˈɑɾɪbɑ/,*/t͡sˌɪɾnˈidlə/,*/t͡sˌɪɾnˈikə/,,*/t͡sˈɪɾmɑ/,,,,,,,,,,,,,,,,,,,,,,,,,,,,,,,,,,,,,,,,,,,*/zwˌɑɾˈiʃtɛ/,*/nˌɛɾˈɑnt͡sɑ/,,,,,,,,,,,,,,,,,,,,,,,,,,,,,,,,,,,,,,*/ɾˌɑdˈimɑ/,*/wˌɒɾbˈɪt͡sɪ/,,,,*/ɾˈendə/,,,,,,,,,,*/ɾˌɑnɡˈɑtɪ/,,,,,,,,,,,,*/ɾˈɑʒɪkə/,,,,,,,,*/pˌɑndˈɑɾɪ/,,,,,,,,,,,,,,,,,,*/pˌɒɾˈendə/,*/pˌɒɾɑnt͡ʃˈitɪ/,*/pˌɒbɾˈitɪ/,,,,,,,,,,*/pˈɯɾjɪ/,,,,,,*/pɾˈɑxɪ/,,,,,,*/bˌɑɾðmˈɒʃɪ/,,,,,*/bɾˌɑʃtɪnˈikə/,*/bˌʊɾtwˈɑtɪ/,*/bəɾd͡zˈɑnɑ/,,,,,,,,,*/bwˈɪɾtkə/,,,,,,,,,,*/bˌʊɾlˈɒɡə/,,*/bˌɯʃtɾˈit͡sɑ/,,*/bˈɯʃtɾə/,,,,,,,,,*/bɾˈit͡ʃɪkə/,*/bɾˈit͡ʃɪkɑ/,,,*/ʃwˌɪɾʃtɪnˈikə/,*/wˌɪɾtˈiːtɪ/,,*/wˌɪɾwˈitɪ/,*/wˌɪɾbɪnˈikə/,,,,,*/wˌiɾˈɔə̯/,,,,,,,,*/wɾˈɑnə/,,*/wɪɾˈɑɡɑ/,,,,,,,,,,*/mˌɛɾʃˈinɑ/,,,,,,,,,,,,,*/mˌɒɾɑβˈit͡sɑ/,,,,,,,,,*/ɪnpɾˈɑzdɪnə/
R295,,,,,*/xˌɑɾˌɑbˈɪlɪ/,,,,,,,,,,,,,,,,,,*/ˌɒɾˌɑndˈɪjɛ/,,,,,,,,,,,,,,,*/kˌɑɾˌɑwˈɑʎɑ/,,,,,,,,,,,,,,,,,,,,,,,,,,,,,,,,,,,,,,,,,,,,,,,,,,,,,,,,,,,,,,,,,,,,,,,,,,,,,,,,,,,,*/ɡˌɑɾˌɪnˈit͡sɑ/,,,,,,,,,,,,,,,,,,,,,,,,,,,,,,,,,,,,,,,,,,,,,,,,,,,,,,,,,,,,,,,,,,,,,,,,,,,,,,,,,,,,,,,,,,,,,,,,,,,,,,,,,,,,,,,,,,,,,,,,,,,,,,,,,,,,,,,,,,,,,,,,,,,,,,,,,,,,,,,,,,,,,,,,,,,,,,,,,,,,,,,,,,,,,,,,,,,,,,,,,,,,,,,,,,,,,,,,,,,,,,,,,,,,,,,,,,,,,,,,,,,,,,,,,,,,,,,,,,,,,,,,,,,,,*/pˌɒɾˌɑnt͡ʃˈitɪ/,,,,,,,,,,,,,,,,,,,,,,,,,,,,,,,,,,,,,,,,,,,,,,,,,,,,,,,,,,,,,,,,,,,,,,,,,,,,,,,,,,,,,,,,,,,,,,,,,,,,,,,,,,,,*/mˌɒɾˌɑβˈit͡sɑ/,,,,,,,,,
R296,,,,,,,,,,,,,,,,,,,,,,,,,,,,,,,,,,,,,,,,,,,*/kˌɑmnˈit͡sɑ/,,,,,,,,,,,,,,,,,,,,,,,,,,,,,,,,,,,,,,,,,,,,,,,,,,,,,,,,,,,,,,,,,,,,,,,,,,,,,,,,,,,*/ɡlˠˌɑːwnˈikə/,,,,,,,,,,,,,,,,,,,,,,,,,,,,,,,,,,,,,,,,,,,,,,,,,,,,,,,,,,,,,,,,,,,,,,,,,,,,,,,,,,,,,,,,,,,,,,,,,,,,,,,,,,,,,,,,,,,,,,,,,*/dɾˈɔbnit͡sɑ/,,,,,,,,,,,,,,,,,,,,,,,,,,,,,,,,,,,,,,,,,,,,,,,,,,,,,,,,,,,,*/lˌɑːkmˈɪjɛ/,,,,*/lˈɑːkmə/,,,,,,,*/lˌeːʃnˈit͡sɑ/,,,,*/lˈeːʃɲɑ/,,,,,,,,,,,,,,,,,,,,,,,,,,,,,,,,,,,,,,,,,,,,,,,,,,,,,,,,,,,,,,,,,,,,,,,,,,,,,,,,,,,,,,,,,,,,,,,,,*/bɾˌɑʃtnˈikə/,,,,,,,,,,,,*/bˌiːʃnˈit͡sɑ/,,,,,,,,,,,,,,,,,,,,,,,,,,*/ʃwˌɪɾʃtnˈikə/,,,,*/wˌɪɾbnˈikə/,,,,,,,,,,,,,,,,,,,,,,,,,,,,,,,,,,,,,,,,,,,,,,,*/ɪnpɾˈɑzdnə/
R297,,,,,,,,,,,,,,,,,,,,,,,,,,,,,,,,,,,,,,,,,,,,,,,,,,,,,,,,,,,,,,,,,,,,,,,,,,,,,,,,,,,,,,,,,,,,,,,,,,,,,,,,,,,,,,,,,,,,,,,,,,,,,,,,,,,,,,,,,,,,,,,,,,,,,,,,,,,,,,,,,,,,,,,,,,,,,,,,,,,,,,,,,,,,,,,,,,,,,,,,,,,,,,,,,,,,,,,,,,,,,,,,,,,,,,,,,,,,,,,,,,,,,,,,,,,,,,,,,,,,,,,,,,,,,,,,,,,,,,,,,,,,,,,,,,,,,,,,,,,,,,,,,,,,,,,,,,,,,,,,,,,,,,,,,,,,,,,,,,,,,,,,,,,,,,,,,,,,,,,,,,,,,,,,,,,,,,,,,,,,,,,,,,,,,,,,,,,,,,,,,,,,,,,,,,,,,,,,,,,,,,,,,,,,,,,,,,,,,,,,,,,,,,,,,,,,,,,,,,,,,,,,,,,,,,,,,,,,,,,,,,,,,,,,,,,,,,,,,,,,,,,,,,,,
R298,,,,,,,,,,,,,,,,,,,,,*/ˌɒːɡɾˈɑdjɑ/,,*/ˌɒːɾˌɑndˈɪjɛ/,,,,,,,,,,,,,,,,,,,,,,,,,,,,,,,,,,,,,,,,,,,,,,,,,,,,,,,,,,,,,,,,,,,,,,,,,,,,,,,,,,,,,,,,,,,,,,,,,,,,,,,,,,,,,,,,,,,,,,,,,,,,,,,,,,,,,,,,,,,,,,,,,,,,,,,,,,,,,,,,,,,,,,,,,,,,,,,,,,,,,,,,,,,,,,,,,,,,,,,,,,,,,,,,,,,,,,,,,,,,,,,,,,,,,,,,,,,,,,,,,,,,,,,,,,,,,,,,,,,,,,,,,,,,,,,,,,,,,,,,,,,,,,,,,,,,,,,,,,,,,,,,,,,,,,,,,,,,,,,,,,,,,,,,,,,,,,,,,,,,,,,,,,,,,,,,,,,,,,,,,,,,,,,,,,,,,,,,,,,,,,,,,,,,,,,,,,,,,,,,,,,,,,,,,,,,,,,,,,,,,,,,,,,,,,,,,,,,,,,,,,,,,,,,,,,,,,,,,,,,,,,,,,,,,,,,,,,,,,,,,,,,,
R299,,,,,,,,,,,,,,,,,,,,,,,,,,,,,,,,,,,,,,,,,,,,,,,,,,,,,,,,,,,,,,,,,,,,,,,,,,,,,,,,,,,,,,,,,,,,,,,,,,,,,,,,,,,,,,,,,,,,,,,,,,,,,,,,,,,,,,,,,,,,,,,,,,,,,,,,,,,,,,,,,,,,,,,,,,,,,,,,,,,,,,,,,,,,,,,,,,,,,,,,,,,,,,,,,,,,,,,,,,,,,,,,,,,,,,,,,,,,,,,,,,,,,,,,,,,,,,,,,,,,,,,,,,,,,,,,,,,,,,,,,,,,,,,,,,,,,,,,,,,,,,,,,,,,,,,,,,,,,,,,,,,,,,,,,,,,,,,,,,,,,,,,,,,,,,,,,,,,,,,,,,,,,,,,,,,,,,,,,,,,,,,,,,,,,,,,,,,,,,,,,,,,,,,,,,,,,,,,,,,,,,,,,,,,,,,,,,,,,,,,,,,,,,,,,,,,,,,,,,,,,,,,,,,,,,,,,,,,,,,,,,,,,,,,,,,,,,,,,,,,,,,,,,,,
R300,,,,,,,,,,,,,,,,,,,,,,,,,,,,,,,,,,,,,,,,,,,,,,,,,,,,,,,,,,,,,,,,,,,,,,,,,,,,,,,,,,,,,,,,,,,,,,,,,,,,,,,,,,,,,,,,,,,,,,,,,,,,,,,,,,,,,,,,,,,,,,,,,,,,,,,,,,,,,,,,,,,,,,,,,,,,,,,,,,,,,,,,,,,,,,,,,,,,,,,,,,,,,,,,,,,,,,,,,,,,,,,,,,,,,,,,,,,,,,,,,,,,,,,,,,,,,,,,,,,,,,,,,,,,,,,,,,,,,,,,,,,,,,,,,,,,,,,,,,,,,,,,,,,,,,,,,,,,,,,,,,,,,,,,,,,,,,,,,,,,,,,,,,,,,,,,,,,,,,,,,,,,,,,,,,,,,,,,,,,,,,,,,,,,,,,,,,,,,,,,,,,,,,,,,,,,,,,,,,,,,,,,,,,,,,,,,,,,,,,,,,,,,,,,,,,,,,,,,,,,,,,,,,,,,,,,,,,,,,,,,,,,,,,,,,,,,,,,,,,,,,,,,,,,
R301,,,,,,,,,,,,,,,,,,,,,,,,,,,,,,,,,,,,,,,,,,,,,,,,,,,,,,,,,,,,,,,,,,,,,,,,,,,,,,,,,,,,,,,,,,,,,,,,,,,,,,,,,,,,,,,,,,,,,,,,,,,,,,,,,,,,,,,,,,,,,,,,,,,,,,,,,,,,,,,,,,,,,,,,,,,,,,,,,,,,,,,,,,,,,,,,,,,,,,,,,,,,,,,,,,,,,,,,,,,,,,,,,,,,,,,,,,,,,,,,,,,,,,,,,,,,,,,,,,,,,,,,,,,,,,,,,,,,,,,,,,,,,,,,,,,,,,,,,,,,,,,,,,,,,,,,,,,,,,,,,,,,,,,,,,,,,,,,,,,,,,,,,,,,,,,,,,,,,,,,,,,,,,,,,,,,,,,,,,,,,,,,,,,,,,,,,,,,,,,,,,,,,,,,,,,,,,,,,,,,,,,,,,,,,,,,,,,,,,,,,,,,,,,,,,,,,,,,,,,,,,,,,,,,,,,,,,,,,,,,,,,,,,,,,,,,,,,,,,,,,,,,,,,,
R302,,,,,,,,,,,,,,,,,,,,,,,,,,,,,,,,,,,,,,,,,,,,,,,,,,,,,,,,,,,,,,,,,,,,,,,,,,,,,,,,,,,,,,,,,,,,,,,,,,,,,,,,,,,,,,,,,,,,,,,,,,,,,,,,,,,,,,,,,,,,,,,,,,,,,,,,,,,,,,,,,,,,,,,,,,,,,,,,,,,,,,,,,,,,,,,,,,,,,,,,,,,,,,,,,,,,,,,,,,,,,,,,,,,,,,,,,,,,,,,,,,,,,,,,,,,,,,,,,,,,,,,,,,,,,,,,,,,,,,,,,,,,,,,,,,,,,,,,,,,,,,,,,,,,,,,,,,,,,,,,,,,,,,,,,,,,,,,,,,,,,,,,,,,,,,,,,,,,,,,,,,,,,,,,,,,,,,,,,,,,,,,,,,,,,,,,,,,,,,,,,,,,,,,,,,,,,,,,,,,,,,,,,,,,,,,,,,,,,,,,,,,,,,,,,,,,,,,,,,,,,,,,,,,,,,,,,,,,,,,,,,,,,,,,,,,,,,,,,,,,,,,,,,,,
R303,,,,,,,,,,,,,,,,,,,,,,,,,,,,,,,,,,,,,,,,,,,,,,,,,,,,,,,,,,,,,,,,,,,,,,,,,,,,,,,,,,,,,,,,,,,,,,,,,,,,,,,,,,,,,,,,,,,,,,,,,,,,,,,,,,,,,,,,,,,,,,,,,,,,,,,,,,,,,,,,,,,,,,,,,,,,,,,,,,,,,,,,,,,,,,,,,,,,,,,,,,,,,,,,,,,,,,,,,,,,,,,,,,,,,,,,,,,,,,,,,,,,,,,,,,,,,,,,,,,,,,,,,,,,,,,,,,,,,,,,,,,,,,,,,,,,,,,,,,,,,,,,,,,,,,,,,,,,,,,,,,,,,,,,,,,,,,,,,,,,,,,,,,,,,,,,,,,,,,,,,,,,,,,,,,,,,,,,,,,,,,,,,,,,,,,,,,,,,,,,,,,,,,,,,,,,,,,,,,,,,,,,,,,,,,,,,,,,,,,,,,,,,,,,,,,,,,,,,,,,,,,,,,,,,,,,,,,,,,,,,,,,,,,,,,,,,,,,,,,,,,,,,,,,
R304,,,,,,,,,,,,,,,,,,,,,,,,,,,,,,,,,,,,,,,,,,,,,,,,,,,,,,,,,,,,,,,,,,,,,,,,,,,,,,,,,,,,,,,,,,,,,,,,,,,,,,,,,,,,,,,,,,,,,,,,,,,,,,,,,,,,,,,,,,,,,,,,,,,,,,,,,,,,,,,,,,,,,,,,,,,,,,,,,,,,,,,,,,,,,,,,,,,,,,,,,,,,,,,,,,,,,,,,,,,,,,,,,,,,,,,,,,,,,,,,,,,,,,,,,,,,,,,,,,,,,,,,,,,,,,,,,,,,,,,,,,,,,,,,,,,,,,,,,,,,,,,,,,,,,,,,,,,,,,,,,,,,,,,,,,,,,,,,,,,,,,,,,,,,,,,,,,,,,,,,,,,,,,,,,,,,,,,,,,,,,,,,,,,,,,,,,,,,,,,,,,,,,,,,,,,,,,,,,,,,,,,,,,,,,,,,,,,,,,,,,,,,,,,,,,,,,,,,,,,,,,,,,,,,,,,,,,,,,,,,,,,,,,,,,,,,,,,,,,,,,,,,,,,,
R305,,,,,,,,,,,,,,,,,,,,,,,,,,,,,,,,,,,,,,,,,,,,,,,,,,,,,,,,,,,,,,,,,,,,,,,,,,,,,,,,,,,,,,,,,,,,,,,,,,,,,,,,,,,,,,,,,,,,,,,,,,,,,,,,,,,,,,,,,,,,,,,,,,,,,,,,,,,,,,,,,,,,,,,,,,,,,,,,,,,,,,,,,,*/ʃˌiːtˈɔvɑ/,,,,,,,,,,,,,,,,,,,,,,,,,,,,,,,,,,,,,,,,,,,,,,,,,,,,,,,,,,,,,,,,,,,,,,,,,,,,,,,,,,,,,,,,,,,,,,,,,,,,,,,,,,,,,,,,,,,,,,,,,,,,,,,,,,,,,,,,,,,,,,,,,,,,,,,,,,,,,,,,,,,,,,,,,,,,,,,,,,,,,,,,,,,,,,,,,,,,,,,,,,,,,,,,,,,,,,,,,,,,,,,,,,,,,,,,,,,,,,,,,,,,,,,,,,,,,,,,,,,,,,,,,,,,,,,,,,,,,,,,,,,,,,,,,,,,,,,,,,,,,,,,,,,,,,,,,,,,,,,,,,
R306,,,,,,,,,,,,,,,,,,,,,,,,,,,,,,,,,,,,,,,,,,,,,,,,,,,,,,,,,,,,,,,,,,,,,,,,,,,,,,,,,,,,,,,,,,,,,,,,,,,,,,,,,,,,,,,,,,,,,,,,,,,,,,,,,,,,,,,,,,,,,,,,,,,,,,,,,,,,,,,,,,,,,,,,,,,,,,,,,,,,,,,,,,,,,,,,,,,,,,,,,,,,,,,,,,,,,,,,,,,,,,,,,,,,,,,,,,,,,,,,,,,,,,,,,,,,,,,,,,,,,,,,,,,,,,,,,,,,,,,,,,,,,,,,,,,,,,,,,,,,,,,,,,,,,,,,,,,,,,,,,,,,,,,,,,,,,,,,,,,,,,,,,,,,,,,,,,,,,,,,,,,,,,,,,,,,,,,,,,,,,,,,,,,,,,,,,,,,,,,,,,,,,,,,,,,,,,,,,,,,,,,,,,,,,,,,,,,,,,,,,,,,,,,,,,,,,,,,,,,,,,,,,,,,,,,,,,,,,,,,,,,,,,,,,,,,,,,,,,,,,,,,,,,,
R307,,,,,,,,,,,,,,,,,,,,,,,,,,,,,,,,,,,,,,,,,,,,,,,,,,,,,,,,,,,,,,,,,,,,,,,,,,,,,,,,,,,,,,,,,,,,,,,,,,,,,,,,,,,,,,,,,,,,,,,,,,,,,,,,,,,,,,,,,,,,,,,,,,,,,,,,,,,,,,,,,,,,,,,,,,,,,,,,,,,,,,,,,,,,,,,,,,,,,,,,,,,,,,,,,,,,,,,,,,,,,,,,,,,,,,,,,,,,,,,,,,,,,,,,,,,,,,,,,,,,,,,,,,,,,,,,,,,,,,,,,,,,,,,,,,,,,,,,,,,,,,,,,,,,,,,,,,,,,,,,,,,,,,,,,,,,,,,,,,,,,,,,,,,,,,,,,,,,,,,,,,,,,,,,,,,,,,,,,,,,,,,,,,,,,,,,,,,,,,,,,,,,,,,,,,,,,,,,,,,,,,,,,,,,,,,,,,,,,,,,,,,,,,,,,,,,,,,,,,,,,,,,,,,,,,,,,,,,,,,,,,,,,,,,,,,,,,,,,,,,,,,,,,,,
R308,,,,,,,,,,,,,,,,,,,,,,,,,,,,,,,,,,,,,,,,,,,,,,,,,,,,,,,,,,,,,,,,,,,,,,,,,,,,,,,,,,,,,,,,,,,,,,,,,,,,,,,,,,,,,,,,,,,,,,,,,,,,,,,,,,,,,,,,,,,,,,,,,,,,,,,,,,,,,,,,,,,,,,,,,,,,,,,,,,,,,,,,,,,,,,,,,,,,,,,,,,,,,,,,,,,,,,,,,,,,,,,,,,,,,,,,,,,,,,,,,,,,,,,,,,,,,,,,,,,,,,,,,,,,,,,,,,,,,,,,,,,,,,,,,,,,,,,,,,,,,,,,,,,,,,,,,,,,,,,,,,,,,,,,,,,,,,,,,,,,,,,,,,,,,,,,,,,,,,,,,,,,,,,,,,,,,,,,,,,,,,,,,,,,,,,,,,,,,,,,,,,,,,,,,,,,,,,,,,,,,,,,,,,,,,,,,,,,,,,,,,,,,,,,,,,,,,,,,,,,,,,,,,,,,,,,,,,,,,,,,,,,,,,,,,,,,,,,,,,,,,,,,,,,
R309,,,,,,,,,,,,,,,,,,,,,*/ˌɒːɡɾˈɑðjɑ/,,,,,,,,,,,,,,,,,,,,,,,,,,,,,,,,,,,,,,,,,,,,,,,,,,,,,,,,*/kˈɑɾðɑ/,,,,,,,,,,,,,,,,,,,,,,,,,,,,,,,,,,,*/ɡˌʊɾðˈitɪ/,*/ɡˌʊɾðlˈɑt͡ʃɪ/,,*/ɡɾˌɒmˈɑðɑ/,,,,,,,,,,,,,,,,,,,,,,,,,,,,,,,,,,,,,,*/klˌɛpˈɑðlɒ/,,,,,,,,,,,,,,,,,,*/t͡sˈɛːɾðɑ/,,,,,,,,,,,,,,,,,,,*/ʃkˌɔə̯ɾðˈɪt͡sɪ/,,,,,,,,,,,,,,,,,,,,,,,,,,,,,,,,,,,,,,,,,,,,,,,,,,,,,,,,,,,,,,*/t͡sˌɪɾnˈiðlə/,,,,,,,,,,,,,,,,,,,,,,,,,,,,,,,,,,,,,,,,,,,,,,,,,,,,,,,,,,,,,,,,,,,,,,,,,,,,,,,,,,,,,*/ɾˌɑðˈimɑ/,,,,,,,,,,,,,,,,,,,,,,,,,,,,,,,,,,,,,,,,,,,,,,,,,,,,,,,,,,,,,,,,,,,,,,,,,,,,,,,,,,,,,,,,,,,,,,,,,,,,,,,,,,,,,,,,,,,,,,*/xlˈɑːðə/,,,,,,,,,,,,,,,,,,*/wˌʊlkɒðlˈɑkə/,,,,,,,,,,,,,,,,,,,,,,*/mˌɒlðˈikɑ/,*/mˌɔːʷðɪlˈitɪ/,,,,,,,,,,,,
R310,,,,,,,,,,,,,,,,,,,,,,,,,,,,,,,,,,,,,,,,,,,,,,,,,,,,,,,,,,,,,,,,,,,,,,,,,,,,,,,,,,,,,,,,,,,,,,,,,,,,,,,,,,,,,,,,,,,,,,,,,,,,,,,,,,,,,,,,,,,,,,,,,,,,,,,,,,,,,,,,,,,,,,,,,,,,,,,,,,,,,,,,,,,,,,,,,,,,,,,,,,,,,,,,,,,,,,,,,,,,,,,,,,,,,,,,,,,,,,,,,,,,,,,,,,,,,,,,,,,,,,,,,,,,,,,,,,,,,,,,,,,,,,,,,,,,,,,,,,,,,,,,,,,,,,,,,,,,,,,,,,,,,,,,,,,,,,,,,,,,,,,,,,,,,,,,,,,,,,,,,,,,,,,,,,,,,,,,,,,,,,,,,,,,,,,,,,,,,,,,,,,,,,,,,,,,,,,,,,,,,,,,,,,,,,,,,,,,,,,,,,,,,,,,,,,,,,,,,,,,,,,,,,,,,,,,,,,,,,,,,,,,,,,,,,,,,,,,,,,,,,,,,,,,
R311,,,,,,,,,,,,,,,,,,,,,,,,,,,,,,,,,,,,,,,,,,,,,,,,,,,,,,,,,,,,,,,,,,,,,,,,,,,,,,,,,,,,,,,,,,,,,,,,,,,,,,,,,,,,,,,,,,,,,,,,,,,,,,,,,,,,,,,,,,,,,,,,,,,,,,,,,,,,,,,,,,,,,,,,,,,,,,,,,,,,,,,,,,,,,,,,,,,,,,,,,,,,,,,,,,,,,,,,,,,,,,,,,,,,,,,,,,,,,,,,,,,,,,,,,,,,,,,,,,,,,,,,,,,,,,,,,,,,,,,,,,,,,,,,,,,,,,,,,,,,,,,,,,,,,,,,,,,,,,,,,,,,,,,,,,,,,,,,,,,,,,,,,,,,,,,,,,,,,,,,,,,,,,,,,,,,,,,,,,,,,,,,,,,,,,,,,,,,,,,,,,,,,,,,,,,,,,,,,,,,,,,,,,,,,,,,,,,,,,,,,,,,,,,,,,,,,,,,,,,,,,,,,,,,,,,,,,,,,,,,,,,,,,,,,,,,,,,,,,,,,,,,,,,,
R312,,,,,,,,,,,,,,,,,,,,,,,,,,,,,,,,,,,,,,,,,,,,,,,,,,,,,,,,,,,,,,,,,,,,,,,,,,,,,,,,,,,,,,,,,,,,,,,,,,,,,,,,,,,,,,,,,,,,,,,,,,,,,,,,,,,,,,,,,,,,,,,,,,,,,,,,,,,,,,,,,,,,,,,,,,,,,,,,,,,,,,,,,,,,,,,,,,,,,,,,,,,,,,,,,,,,,,,,,,,,,,,,,,,,,,,,,,,,,,,,,,,,,,,,,,,,,,,,,,,,,,,,,,,,,,,,,,,,,,,,,,,,,,,,,,,,,,,,,,,,,,,,,,,,,,,,,,,,,,,,,,,,,,,,,,,,,,,,,,,,,,,,,,,,,,,,,,,,,,,,,,,,,,,,,,,,,,,,,,,,,,,,,,,,,,,,,,,,,,,,,,,,,,,,,,,,,,,,,,,,,,,,,,,,,,,,,,,,,,,,,,,,,,,,,,,,,,,,,,,,,,,,,,,,,,,,,,,,,,,,,,,,,,,,,,,,,,,,,,,,,,,,,,,,
R313,,,,,,,,,,,,,,,,,,,,,,,,,,,,,,,,,,,,,,,,,,,,,,,,,,,,,,,,,,,,,,,,,,,,,,,,,,,,,,,,,,,,,,,,,,,,,,,,,,,,,,,,,,,,,,,,,,,,,,,,,,,,,,,,,,,,,,,,,,,,,,,,,,,,,,,,,,,,,,,,,,,,,,,,,,,,,,,,,,,,,,,,,,,,,,,,,,,,,,,,,,,,,,,,,,,,,,,,,,,,,,,,,,,,,,,,,,,,,,,,,,,,,,,,,,,,,,,,,,,,,,,,,,,,,,,,,,,,,,,,,,,,,,,,,,,,,,,,,,,,,,,,,,,,,,,,,,,,,,,,,,,,,,,,,,,,,,,,,,,,,,,,,,,,,,,,,,,,,,,,,,,,,,,,,,,,,,,,,,,,,,,,,,,,,,,,,,,,,,,,,,,,,,,,,,,,,,,,,,,,,,,,,,,,,,,,,,,,,,,,,,,,,,,,,,,,,,,,,,,,,,,,,,,,,,,,,,,,,,,,,,,,,,,,,,,,,,,,,,,,,,,,,,,,
R314,,,,,,,,,,,,,,,,,,,,,,,,,,,,,,,,,,,,,,,,,,,,,,,,,,,,,,,,,,,,,,,,,,,,,,,,,,,,,,,,,,,,,,,,,,,,,,,,,,,,,,,,,,,,,,,,,,,,,,,,,,,,,,,,,,,,,,,,,,,,,,,,,,,,,,,,,,,,,,,,,,,,,,,,,,,,,,,,,,,,,,,,,,,,,,,,,,,,,,,,,,,,,,,,,,,,,,,,,,,,,,,,,,,,,,,,,,,,,,,,,,,,,,,,,,,,,,,,,,,,,,,,,,,,,,,,,,,,,,,,,,,,,,,,,,,,,,,,,,,,,,,,,,,,,,,,,,,,,,,,,,,,,,,,,,,,,,,,,,,,,,,,,,,,,,,,,,,,,,,,,,,,,,,,,,,,,,,,,,,,,,,,,,,,,,,,,,,,,,,,,,,,,,,,,,,,,,,,,,,,,,,,,,,,,,,,,,,,,,,,,,,,,,,,,,,,,,,,,,,,,,,,,,,,,,,,,,,,,,,,,,,,,,,,,,,,,,,,,,,,,,,,,,,,
R315,,,,,,,,,,,,,,,,,,,,,,,,,,,,,,,,,,,,,,,,,,,,,,,,,,,,,,,,,,,,,,,,,,,,,,,,,,,,,,,,,,,,,,,,,,,,,,,,,,,,,,,,,,,,,,,,,,,,,,,,,,,,,,,,,,,,,,,,,,,,,,,,,,,,,,,,,,,,,,,,,,,,,,,,,,,,,,,,,,,,,,,,,,,,,,,,,,,,,,,,,*/ʃtɐpɑɾ̃ˈɛʃɑ/,*/ʃtɐpˈɑɾ̃ə/,,,,,,,,,,,,,,,,,,,,,,,,,,,,,,,,,,,,,,,,,,,,,,,,,,,,,,,,,,,,,,,,,,,,,,,,,,,,,,,,,,,,,,,,,,,,,,,,,,,,,,,,,,,,,,,,,,,,,,,,,,,,,,,,,,,,,,,,,,,,,,,,,,,,,,,,,,,,,,,,,,,,,,,,,*/pˌɐɡˈɑɾ̃ɑ/,,,,,,,,,,,,,,,,,,,,,,,,,,,,,,,,,,,,,,,,,,,,,,,,,,*/bəɾd͡zˈɑɾ̃ɑ/,,,,,,,,,,,,,,,,,,,,,,,,,,,,,,,,,,,,,,,,,,,,,,,,,,,,,*/wɾˈɑɾ̃ə/,,,,,,,,,,,,,,,,,,,,,,,,,,,,,,,,,,
R316,,,,,,,,,,,,,,,,,,,,,,,,,,,,,,,,,,,,,,,,,,,,,,,,,,,,,,,,,,,,,,,,,,,,,,,,,,,,,,,,,,,,,,*/kˌuːpɑlnˈikə/,,,,,,,,,,,,,,,,,,,,*/kˌɔːʷɾxˈɑtɪ/,,,,,,*/ɡˌɔːʷɾðˈitɪ/,*/ɡˌɔːʷɾðlˈɑt͡ʃɪ/,,,,,,,,,,,,,,,,,,,,,,,,,,,,,,,,,,,,,,,,,,,,,,,,,,,,,,,,,,,,,,,,,,,,,,,,,,,,,*/ʃkˌɔːə̯ɾðˈɪt͡sɪ/,*/ʃkˌɒːpˈitɪ/,,,,,,,,,,,,,,,,,,,,,,,,,,,,,,,,,,,,,,,,,,,,,,,,,,,,,,,,,,,,,,,,,,,,,,,,,,,,,,,,,,,,,,,,,,,,,,,,,,,,,,,,,,,,,,,,,,,,,,,,,,,,,,,,,,,,,,,,,,,,,,,,,,,,,,,,,*/rːˌɑɡɒːwˈɪt͡ʃɪkɑ/,,,,,,,,,*/rːˌɑɡɒːʒˈinɑ/,,,,,,,,,,,,,,,,,,,,,,,,,,,,,,,,,,,,,,,,,,,,,,,,,,,,,,,,,,,,,,,,,,,,,,,,,,,,,,,,,,,,,,,,,,,,,,,,,,,,,,,,,,,,,,,,,,,,,,,,*/wˌʊlkɒːðlˈɑkə/,,,,,,,,,,,,,,,,,,,,,,,,,,,,,,,,,,,
R317,,,,,,,,,,,,,,,,,,,,,,,,,,,,,,,,,,,,,,,,,,,,,,,,,,,,,,,,,,,,,,,,,,,,,,,,,,,,,,,,,,,,,,,,,,,,,,,,,,,,,,,,,,,,,,,,,,,,,,,,,,*/ɡˌɑɾɪnˈit͡sɑ/,,,,,,,,,,,,,,,,,,,,,,,,,,,,,,,,,,,,,,,,,,,,,,,,,,,,,,,,,,,,,,,,,,,,,,,,,,,,,,,,,,,,,,,,,,,,,,,,,,,,,,,,,,,,,,,,,,,,,,,,,,,,,,,,,,,,,,,,,,,,,,,,,,,,,,,,,,,,,,,,,,,,,,,,,,,,,,,,,,,,,,,,,,,,,,,,,,,,,,,,,,,,,,,,,,,,,,,,,,,,,,,,,,,,,,,,,,,,,,,,,,,,,,,,,,,,,,,,,,,,,,,,,,,,,,,,,,,,,,,,,,,,,,,,,,,,,,,,,,,,,,,,,,,,,,,,,,,,,,,,,,,,,,,,,,,,,,,,,,,,,,,,,,,,,,,,,,,,,,,,,,,,,,,,,,,,,,,,,,,,,,,,,,
R318,,,,,,,,,,,,,,,,,,,,,,,,,,,,,,,,,,,,,,,,,,,,,,,,,,,,,,,,,,,,,,,,,,,,,,,,,,,,,,,,,,,,,,,,,,,,,,,,,,,,,,,,,,,,,,,,,,,,,,,,,,,,,,,,,,,,,,,,,,,,,,,,,,,,,,,,,,,,,,,,,,,,,,,,,,,,,,,,,,,,,,,,,,,,,,,,,,,,,,,,,,,,,,,,,,,,,,,,,,,,,,,,,,,,,,,,,,,,,,,,,,,,,,,,,,,,,,,,,,,,,,,,,,,,,,,,,,,,,,,,,,,,,,,,,,,,,,,,,,,,,,,,,,,,,,,,,,,,,,,,,,,,,,,,,,,,,,,,,,,,,,,,,,,,,,,,,,,,,,,,,,,,,,,,,,,,,,,,,,,,,,,,,,,,,,,,,,,,,,,,,,,,,,,,,,,,,,,,,,,,,,,,,,,,,,,,,,,,,,,,,,,,,,,,,,,,,,,,,,,,,,,,,,,,,,,,,,,,,,,,,,,,,,,,,,,,,,,,,,,,,,,,,,,,
R319,,,,,,,,,,,,,,,,,,,,,,,,,,,,,,,,,,,,,,,,,,,,,,,,,,,,,,,,,,,,,,,,,,,,,,,,,,,,,,,,,,,,,,,,,,,,,,,,,,,,,,,,,,,,,,,,,,,,,,,,,,,,,,,,,,,,,,,,,,,,,,,,,,,,,,,,,,,,,,,,,,,,,,,,,,,,,,,,,,,,,,,,,,,,,,,,,,,,,,,,,,,,,,,,,,,,,,,,,,,,,,,,,,,,,,,,,,,,,,,,,,,,,,,,,,,,,,,,,,,,,,,,,,,,,,,,,,,,,,,,,,,,,,,,,,,,,,,,,,,,,,,,,,,,,,,,,,,,,,,,,,,,,,,,,,,,,,,,,,,,,,,,,,,,,,,,,,,,,,,,,,,,,,,,,,,,,,,,,,,,,,,,,,,,,,,,,,,,,,,,,,,,,,,,,,,,,,,,,,,,,,,,,,,,,,,,,,,,,,,,,,,,,,,,,,,,,,,,,,,,,,,,,,,,,,,,,,,,,,,,,,,,,,,,,,,,,,,,,,,,,,,,,,,,
R320,,,,,,,,,,,,,,,,,,,,,,,,,,,,,,,,,,,,,,,,,,,,,,,,,,,,,,,,,,,,,,,,,,,,,,,,,,,,,,,,,,,,,,,,,,,,,,,,,,,,,,,,,,,,,,,,,,,,,,,,,,,,,,,,,,,,,,,,,,,,,,,,,,,,,,,,,,,,,,,,,,,,,,,,,,,,,,,,,,,,,,,,,,,,,,,,,,,,,,,,,,,,,,,,,,,,,,,,,,,,,,,,,,,,,,,,,,,,,,,,,,,,,,,,,,,,,,,,,,,,,,,,,,,,,,,,,,,,,,,,,,,,,,,,,,,,,,,,,,,,,,,,,,,,,,,,,,,,,,,,,,,,,,,,,,,,,,,,,,,,,,,,,,,,,,,,,,,,,,,,,,,,,,,,,,,,,,,,,,,,,,,,,,,,,,,,,,,,,,,,,,,,,,,,,,,,,,,,,,,,,,,,,,,,,,,,,,,,,,,,,,,,,,,,,,,,,,,,,,,,,,,,,,,,,,,,,,,,,,,,,,,,,,,,,,,,,,,,,,,,,,,,,,,*/ɪnbəxˈɑtɪ/,
R321,,,,,,,,,,,,,,,,,,,,,,,,,,,,,,,,,,,,,,,,,,,,,,,,,,,,,,,,,,,,,,,,,,,,,,,,,,,,,,,,,,,,,,*/kˌuːpəlnˈikə/,,,,,,,,,,,,,,,,,,,,,,,,,,,,,,,,,,,,,,,,,,,,,,,,,,,,,,,,,,,,,,,,,,,,,,,,,,,,,,,,,,,,,,,,,,,,,,,,,,,,,,,,,,,,,,,,,*/ʃtəpˈɑɲɑ/,*/ʃtəpˈɑnd͡ʒɑ/,*/ʃtəpəɾ̃ˈɛʃɑ/,*/ʃtəpˈɑɾ̃ə/,,,,,,,,,,,,,,,,,,,,,,,,,,,,,,,,,,,,,,,,,,,,,,,,,,,,,,,,,,,,,,,,,,,,,,,,,,,,,,,,,,,,,,,,,,,,,,,,,,,,,,,,,,,,,,,,,,,,,,,,,,,,,,,,,,,,,,,,,,,,,,,,,,,,,,,,,,,,,*/rːəkˈɑjɑn/,,,*/rːəpˈɑkə/,,,,,,,,,,,,,,,,,,,,,,,,,,,,,,,,,,,,,,,,,,,,,,,,,,*/bˌɑɡətˈɪjɛ/,,,,,,,,,,,,,,,,,,,,,,,,,,,,,,,,,,,,,,,,,,,,,,,,,,,,,,,,,,,,,,,,,,,,,,,,,,,,,,,,,,,,,,,,,,,,,,,,
R322,,,,,,,,,,,,,,,,,,,,,,,,,,,,,,,,,,,,,,,,,,,,,,,,,,,,,,,,,,,,,,,,,,,,,,,,,,,,,,,,,,,,,,,,,,,,,,,,,,,,,,,,,,,,,,,,,,,,,,,,,,*/ɡˌɑɾənˈit͡sɑ/,,,,,,,,,,,,,,,,,,,,,,,,,,,,,,,,,,,,,,,,,,,,,,,,,,,,,,,,,,,,,,,,,,,,,,,,,,,,,,,,,,,,,,,,,,,,,,,,,,,,,,,,,,,,,,,,,,,,,,,,,,,,,,,,,,,,,,,,,,,,,,,,,,,,,,,,,,,,,,,,,,,,,,,,,,,,,,,,,,,,,,,,,,,,,,,,,*/ləndˈinɑ/,,,,,,,,,,,,,,,,,,,,,,,,,,,,,,,,,,,,,,,,,,,,,,,,,,,,,,,,,,,,,,,,,,,,,,,,,,,,,,,,,,,,,,,,,,,,,,,,,,,,,,,,,,,,,,,,,,,,,,,,,,,,,,,,,,,,,,,,,,,,,,,,,,,,,,,,,,,,,,,,,,,,,,,,,,,*/məɾʃˈinɑ/,,,,,,,,,,,,,,,,,,,,,,
R323,,,,,,,,,,,,,,,,,,,,,,,,,,,,,,,,,,,,,,,,,,,,,,,,,,,,,,,,,,,,,,,,,,,,,,,,,,,,,,,,,,,,,,,,,,,,,,,,,,,,,,,,,,,,,,,,,,,,,,,,,,,,,,,,,,,,,,,,,,,,,,,,,,,,,,,,,,,,,,,,,,,,,,,,,,,,,,,,,,,,,,,,,,,,,,,,,,,,,,,,,,,,,,,,,,,,,,,,,,,,,,,,,,,,,,,,,,,,,,,,,,,,,,,,,,,,,,,,,,,,,,,,,,,,,,,,,,,,,,,,,,,,,,,,,,,,,,,,,,,,,,,,,,,,,,,,,,,,,,,,,,,,,,,,,,,,,,,,,,,,,,,,,,,,,,,,,,,,,,,,,,,,,,,,,,,,,,,,,,,,,,,,,,,,,,,,,,,,,,,,,,,,,,,,,,,,,,,,,,,,,,,,,,,,,,,,,,,,,,,,,,,,,,,,,,,,,,,,,,,,,,,,,,,,,,,,,,,,,,,,,,,,,,,,,,,,,,,,,,,,,,,,,,,,
R324,,,,,,,,,,,,,,,,,,,,,,,,,,,,,,,,,,,,,,,,,,,,,,,,,,,,,,,,,,,,,,,,,,,,,,,,,,,,,,,,,,,,,,,,,,,,,,,,,,,,,,,,,,,,,,,,,,,,,,,,,,,,,,,,,,,,,,,,,,,,,,,,,,,,,,,,,,,,,,,,,,,,,,,,,,,,,,,,,,,,,,,,,,,,,,,,,,,,,,,,,,,,,,,,,,,,,,,,,,,,,,,,,,,,,,,,,,,,,,,,,,,,,,,,,,,,,,,,,,,,,,,,,,,,,,,,,,,,,,,,,,,,,,,,,,,,,,,,,,,,,,,,,,,,,,,,,,,,,,,,,,,,,,,,,,,,,,,,,,,,,,,,,,,,,,,,,,,,,,,,,,,,,,,,,,,,,,,,,,,,,,,,,,,,,,,,,,,,,,,,,,,,,,,,,,,,,,,,,,,,,,,,,,,,,,,,,,,,,,,,,,,,,,,,,,,,,,,,,,,,,,,,,,,,,,,,,,,,,,,,,,,,,,,,,,,,,,,,,,,,,,,,,,,,
R325,,,,,,,,,,,,,,,,,,,,,*/ˌɒːɡɾˈɑʎɑ/,,,,,,,,,,,,,,,,,,,,,,,,,,,,,,,,,,,,,,,,,,,,,,,,,,,,,,,,,,,,,,,,,,,,,,,,,,,,,,,,,,,,,,,,,,,,,,,,,,,,,,,,,,,,,,,,,,,,,,,,,,,,,,,,,,,,,,,,,,,,,,,,,,,,,,,,,,,,,,,,,,,,,,,,,,,,,,,,,,,,,,,,,,,,,,,,,,,,,,,,,,,,,,,,,,,,,,,,,,,,,,,,,,,,,,,,,,,,,,,,,,,,,,,,,,,,,,,,,,,,,,,,,,,,,,,,,,,,,,,,,,,,,,,,,,,,,,,,,,,,,,,,,,,,,,,,,,,,,,,,,,,,,,,,,,,,,,,,,,,,,,,,,,,,,,,,,,,,,,,,,,,,,,,,,,,,,,,,,,,,,,,,,,,,,,,,,,,,,,,,,,,,,,,,,,,,,,,,,,,,,,,,,,,,,,,,,,,,,,,,,,,,,,,,,,,,,,,,,,,,,,,,,,,,,,,,,,,,,,,,,,,,,,,
R326,,,,,,,,,,,,,,,,,,,,,,,,,,,,,,,,,,,,,,,,,,,,,,,,,,,,,,,,,,,,,,,,,,,,,,,,,,,,,,,,,,,,,,,,,,,,,,,,,,,,,,,,,,,,,,,,,,,,,,,,,,,,,,,,,,,,,,,,,,,,,,,,,,,,,,,,,,,,,,,,,,,,,*/t͡sɪɾnˈɑvɑ/,,,,,,,,,,,,,,,,,,,,,,,,,,,,,,,,,,,,,,,,,,,,,,,,,,,,,,,,,,,,,,,,,*/dɪʃnˈit͡sɑ/,,,,,,,,,,,,,,,,,,,,,,*/t͡sɪɾnˈiðlə/,*/t͡sɪɾnˈikə/,,,,,,,,,,,,,,,,,,,,,,,,,,,,,,,,,,,,,,,,,,,,,,,,,,,,,,,,,,,,,,,,,,,,,,,,,,,,,,,,,,,,,,,,,,,,,,,,,,,,,,,,,,,,,,,,,,,,,,,,,,,,,,,,,,,,,,,,,,,,,,,,,,,,,,,,,*/pɪlˈɛnkɑ/,,,,,,,,,,,,,,,,,,,,,,,,,,,,,,,,,,,,,,,,,,,,,,,,,,,,,,,,,,,,,,,,,,,,,,,,,,,,,,,,,,,,,,,,,,,,,,,,,,,,,,
R327,,,,,,,,,,,,,,,,,,,,,,,,,,,,,,,,,,,,,,,,,,,,,,,,,,,,,,,,,,,,,,,,,,,,,,,,,,,,,,,,,,,,,,,,,,,,,,,,,,,,,,,,,,,,,,,,,,,,,,,,,,,,,,,,,,,,,,,,,,,,,,,,,,,,,,,,,,,,,,,,,,,,,,,,,,,,,,,,,,,,,,,,,,,,,,,,,,,,,,,,,,,,,,,,,,,,,,,,,,,,,,,,,,,,,,,,,,,,,,,,,,,,,,,,,,,,,,,,,,,,,,,,,,,,,,,,,,,,,,,,,,,,,,,,,,,,,,,,,,,,,,,,,,,,,,,,,,,,,,,,,,,,,,,,,,,,,,,,,,,,,,,,,,,,,,,,,,,,,,,,,,,,,,,,,,,,,,,,,,,,,,,,,,,,,,,,,,,,,,,,,,,,,,,,,,,,,,,,,,,,,,,,,,,,,,,,,,,,,,,,,,,,,,,,,,,,,,,,,,,,,,,,,,,,,,,,,,,,,,,,,,,,,,,,,,,,,,,,,,,,,,,,,,,,
R328,,,,,,,,,,,,,,,,,,,,,,,,,,,,,,,,,,,,,,,,,,,,,,,,,,,,,,,,,,,,,,,,,,,,,,,,,,,,,,,,,,,,,,,,,,,,,,,,,,,,,,,,,,,,,,,,,,,,,,,,,,,,,,,,,,,,,,,,,,,,,,,,,,,,,,,,,,,,,,,,,,,,,,,,,,,,,,,,,,,,,,,,,,,,,,,,,,,,,,,,,,,,,,,,,,,,,,,,,,,,,,,,,,,,,,,,,,,,,,,,,,,,,,,,,,,,,,,,,,,,,,,,,,,,,,,,,,,,,,,,,,,,,,,,,,,,,,,,,,,,,,,,,,,,,,,,,,,,,,,,,,,,,,,,,,,,,,,,,,,,,,,,,,,,,,,,,,,,,,,,,,,,,,,,,,,,,,,,,,,,,,,,,,,,,,,,,,,,,,,,,,,,,,,,,,,,,,,,,,,,,,,,,,,,,,,,,,,,,,,,,,,,,,,,,,,,,,,,,,,,,,,,,,,,,,,,,,,,,,,,,,,,,,,,,,,,,,,,,,,,,,,,,,,,
R329,,,,,,,,,,,,,,,,,,,,,,,,,,,,,,,,,,,,,,,,,,,,,,,,,,,,,,,,,,,,,,,,,,,,,,,,,,,,,,,,,,,,,,,,,,,,,,,,,,,,,,,,,,,,,,,,,,,,,,,,,,,,,,,,,,,,,,,,,,,,,,,,,,,,,,,,,,,,,,,,,,,,,,,,,,,,,,,,,,,,,,,,,,,,,,,,,,,,,,,,,,,,,,,,,,,,,,,,,,,,,,,,,,,,,,,,,,,,,,,,,,,,,,,,,,,,,,,,,,,,,,,,,,,,,,,,,,,,,,,,,,,,,,,,,,,,,,,,,,,,,,,,,,,,,,,,,,,,,,,,,,,,,,,,,,,,,,,,,,,,,,,,,,,,,,,,,,,,,,,,,,,,,,,,,,,,,,,,,,,,,,,,,,,,,,,,,,,,,,,,,,,,,,,,,,,,,,,,,,,,,,,,,,,,,,,,,,,,,,,,,,,,,,,,,,,,,,,,,,,,,,,,,,,,,,,,,,,,,,,,,,,,,,,,,,,,,,,,,,,,,,,,,,,,
R330,,,,,,,,,,,,,,,,,,,,,,,,,,,,,,,,,,,,,,,,,,,,,,,,,,,,,,,,,,,,,,,,,,,,,,,,,,,,,,,,,,,,,,,,,,,,,,,,,,,,,,,,,,,,,,,,,,,,,,,,,,,,,,,,,,,,,,,,,,,,,,,,,,,,,,,,,,,,,,,,,,,,,,,,,,,,,,,,,,,,,,,,,,,,,,,,,,,,,,,,,,,,,,,,,,,,,,,,,,,,,,,,,,,,,,,,,,,,,,,,,,,,,,,,,,,,,,,,,,,,,,,,,,,,,,,,,,,,,,,,,,,,,,,,,,,,,,,,,,,,,,,,,,,,,,,,,,,,,,,,,,,,,,,,,,,,,,,,,,,,,,,,,,,,,,,,,,,,,,,,,,,,,,,,,,,,,,,,,,,,,,,,,,,,,,,,,,,,,,,,,,,,,,,,,,,,,,,,,,,,,,,,,,,,,,,,,,,,,,,,,,,,,,,,,,,,,,,,,,,,,,,,,,,,,,,,,,,,,,,,,,,,,,,,,,,,,,,,,,,,,,,,,,,,
R331,,,,,,,,,,,,,,,,,,,,,,,,,,,,,,,,,,,,,,,,,,,,,,,,,,,,,,,,,,,,,,,,,,,,,,,,,,,,,,,,,,,,,,,,,,,,,,,,,,,,,,,,,,,,,,,,,,,,,,,,,,,,,,,,,,,,,,,,,,,,,,,,,,,,,,,,,,,,,,,,,,,,,,,,,,,,,,,,,,,,,,,*/ʃˈɛtkɑ/,,,,,,,,,,,,,,,,,,,,,,,,,,,,,,,,,,,,,,,,,,,,,,,,,,,,,,,,,,,,,,,,,,,,,,,,,,,,,,,,,,,,,,,,,,,,,,,,,,,,,,,,,,,,,,,,,,,,,,,,,,,,,,,,,,,,,,,,,,,,,,,,,,,,,,,,,,,,,,,,,,,,,,,,,,,,,,,,,,,,,,,,,,,,,,,,,,,,,,,,,,,,,,,,,,,,,,,,,,,,,,,,,,,,,,,,,,,,,,,,,,,,,,,,,,,,,,,,,,,,,,,,,,,,,,,,,,,,,,,,,,,,,,,,,,,,,,,,,,,,,,,,,,,,,,,,,,,,,,,,,,,,,
R332,,,,,,,,,,,,,,,,,,,,,,,,,,,,,,,,,,,,,,,,,,,,,,,,,,,,,,,,,,,,,,,,,,,,,,,,,,,,,,,,,,,,,,,,,,,,,,,,,,,,,,,,,,,,,,,,,,,,,,,,,,,,,,,,,,,,,,,,,,,,,,,,,,,,,,,,,,,,,,,,,,,,,,,,,,,,,,,,,,,,,,,,,,,,,,,,,,,,,,,,,,,,,,,,,,,,,,,,,,,,,,,,,,,,,,,,,,,,,,,,,,,,,,,,,,,,,,,,,,,,,,,,,,,,,,,,,,,,,,,,,,,,,,,,,,,,,,,,,,,,,,,,,,,,,,,,,,,,,,,,,,,,,,,,,,,,,,,,,,,,,,,,,,,,,,,,,,,,,,,,,,,,,,,,,,,,,,,,,,,,,,,,,,,,,,,,,,,,,,,,,,,,,,,,,,,,,,,,,,,,,,,,,,,,,,,,,,,,,,,,,,,,,,,,,,,,,,,,,,,,,,,,,,,,,,,,,,,,,,,,,,,,,,,,,,,,,,,,,,,,,,,,,,,,
R333,,,,,,,,,,,,,*/jˈad͡ʒə/,,*/ˈɛːd͡ʒɛɾə/,,,,,,,,,,,,,,,,,,,,,,,,,,,,,,,,,,,,,,,,,,,,,,,,,,,,,,,,,,,,,,,,,,,,,,,,,,,,,,,,,,,,,,,,,,*/kˌʊlbˈɑd͡ʒɑ/,,,,,,,,,,,,,,,,,,,,*/ɡwˈɒd͡ʒdɑ/,,,,,,,,,*/ɡɾˈɒd͡ʒdɪlɪ/,,,,,*/lˠˈɑd͡ʒɪt͡sɑ/,*/lˠˈɑd͡ʒkɑ/,*/lˠˈɑd͡ʒʊɾɑ/,,,,,,,,,,,,,,,,,,,,,,,,,,,,,,,,,,,,,,,,,,,,,,,,,,,,,,,,,,,,,,,*/ʃtɾˈɑd͡ʒɑ/,,,,,,,,,,,,,,,,,,,,,,,,,,,,,,,,,,,,,,,,,,,,,,,,,,,,,,,,,,,,,,,,,,,,,,,,,,,,,,,,,,,,,,,,*/d͡ʒˌɑbˈɔːjɪ/,*/d͡ʒˌɑnbˈiʃtɪ/,*/d͡ʒˌɑnblˈɑkə/,*/d͡ʒˈɑnbʃɑ/,*/d͡ʒˈɯʃɑ/,,*/d͡ʒwˌɑɾˈiʃtɛ/,,,,,,,,,,,,,,,,,,,,,,,,,,,,,,,,,,,,,,,,,,,,,,,,,,,,,,,*/rːˌɑɡɒːd͡ʒˈinɑ/,,,,,,,,,,,*/ɾˈɑd͡ʒɪkə/,,,,,,,,,,,,,,,,,,,,,,,,,,,,,,,,,,,,,,,,,,,,,,,,,,,,,,,,,*/bəɾd͡ʒˈɑɾ̃ɑ/,,,,,,,,,,,,,,,,,,,,,,,,,,,,,,,,,,,,,,,,,,,,,,,,,,,,,,,,,,,,,,,,,,,,,,,,,,,,,,,,,,,,*/mˈʊd͡ʒɡɒ/,,,*/ɪnpɾˈɑd͡ʒdnə/
R334,,,,,,,,,,,,,,,,,,,,,,,,,,,,,,,,,,,,,,,,,,,,,,,,,,,,,,,,,,,,,,,,,,,,,,,,,,,,,,,,,,,,,,,,,,,,,,,,,,,,,,,,,,,,,,,,,,,,,,,,,,,,,,,,,,,,,,,,,,,,,,,,,,,,,,,,,,,,,,,,,,,,,,,,,,,,,,,,,,,,,,,,,,,,,,,,,,,,,,,,,,,,,,,,,,,,,,,,,,,,,,,,,,,,,,,,,,,,,,,,,,,,,,,,,,,,,,,,,,,,,,,,,,,,,,,,,,,,,,,,,,,,,,,,,,,,,,,,,,,,,,,,,,,,,,,,,,,,,,,,,,,,,,,,,,,,,,,,,,,,,,,,,,,,,,,,,,,,,,,,,,,,,,,,,,,,,,,,,,,,,,,,,,,,,,,,*/pˌɒðɾˈitɪ/,,,,,,,,,,,,,,,,,,,,,,,,,,,,,,,,,,,,,,,,,,,,,,,,,,,,,,,,,,,,,,,,,,,,,,,,,,,,,,,,,,,,,,,,,,,,,,,,,,,,,,,,,,,,,,,,,,,,
R335,,,,,,,,,,,,,*/jˈazə/,,*/ˈɛːzɛɾə/,,,,,,,,,,,,,,,,,,,,,,,,,,,,,,*/kɾˌisˈɑtɪ/,*/kəɾsˈunə/,,,,,,*/kˈʊɾsɪ/,,,,,,,,,,,,,,,,,,,,,,,,,,,,,,,,,,,,,,,,,,,,,,,,,,,,,*/kˌʊlbˈɑzɑ/,,,,,,,,*/ɡˌɔːʷɾðlˈɑsɪ/,,,,,,,,,,,,*/ɡwˈɒzdɑ/,,,,,,,,,*/ɡɾˈɒzdɪlɪ/,,,,,*/lˠˈɑzɪt͡sɑ/,*/lˠˈɑzkɑ/,*/lˠˈɑzʊɾɑ/,,,,,,,,,,,,,,,,,,,,,,,,,,,,,,,,,,,,,,,,,,,*/ʃˈɛlɪsɑ/,,,,*/ʃˌuːˈɛsɪ/,,,,,,,,,,,,*/ʃtəpˈɑnzɑ/,,,,*/ʃtɾˈɑzɑ/,,,,,,,,,,,,,,,,,,,,,,,,,,,,,,,,,,,,,,,,,,,,,,,,,,,,,,,,,,,,,,,,,,,,,,,,,,,,,,,,,,,,,,,,*/zˌɑbˈɔːjɪ/,*/zˌɑnbˈiʃtɪ/,*/zˌɑnblˈɑkə/,*/zˈɑnbʃɑ/,*/zˈɯʃɑ/,,*/zwˌɑɾˈiʃtɛ/,,,,,,,,,,,,,,,,,,,,,,,,,,,,,,,,,,,,,,,,,,,,,,*/rːˌɑɡɒːwˈɪsɪkɑ/,,,,,,,,,*/rːˌɑɡɒːzˈinɑ/,,,,,,,,,,,*/ɾˈɑzɪkə/,,,,,,,,,,,,,,,,,,,,,,,,,,,*/pˌɒɾˌɑnsˈitɪ/,,,,,,,,,,,,,,,,,,,,,,,,,,,,,,*/bəɾzˈɑɾ̃ɑ/,,,,,,,,,,,,,*/bˈisɪkə/,,,,,,,,,,,,,,,,,,,*/bɾˈisɪkə/,*/bɾˈisɪkɑ/,,,,,,,,,,,,,,,,,,,,,,,,,,,,,,,,,,,,,,,,,,,,,,,,,,,*/mˈʊzɡɒ/,,,*/ɪnpɾˈɑzdnə/
R336,,,,,,,,,,,,,,,,,,,,,,,,,,,,,,,,,,,,,,,,,,,,,,,,,,,,,,,,,,,,,,,,,,,,,,,,,,,,,,,,,,,,,,,,,,,,,,,,,,,,,,,,,,,,,,,,,,,,,,,,,,,,,,,,,,,,,,,,,,,,,,,,,,,,,,,,,,,,,,,,,,,,,*/t͡ʃɪɾnˈɑvɑ/,,,,,,*/t͡ʃˈɛːɾðɑ/,*/t͡ʃˈɪɾnə/,,,,,,,,,,,,,,,,,,,,,,,,,,,,,,,,,,,,,,,,,,,,,,,,,,,,,,,,,,,,,,,,,,,,,,,,,,,,,,,,,,,,,,,,,,,,,,,,,,,,,,,,,,,,,,,,,,,,,,,,,,,,,,,,,,,,,,,,,,,,,,,,,,,,,,,,,,,,,,,,,,,,,,,,,,,,,,,,,,,,,,,,,,,,,,,,,,,,,,,,,,,,,,,,,,,,,,,,,,,,,,,,,,,,,,,,,,,,,,,,,,,,,,,,,,,,,,,,,,,,,,,,,,,,,,,,,,,,,,,,,,,,,,,,,,,,,,,,,,,,,,,,,,,,,,,,,,,,,,,,,,,,,,,,,,,,,,,,
R337,,,,,,,,,,,,,,,,,,,,,,,,,,,,,,,,,,,,,,,,,,,,,,,,,,,,,,,,,,,,,,,,,,,,,,,,,,,,,,,,,,,,,,,,,,,,,,,,,,,,,,,,,,,,,,,,,,,,,,,,,,,,,,,,,,,,,,,,,,,,,,,,,,,,,,,,,,,,,,,,,,,,,,,,,,,,,,,,,,,,,,,,,,,,,,,,,,,,,,,,,,,,,,,,,,,,,,,,,,,,,,,,,,,,,,,,,,,,,,,,,,,,,,,,,,,,,,,,,,,,,,,,,,,,,,,,,,,,,,,,,,,,,,,,,,,,,,,,,,,,,,,,,,,,,,,,,,,,,,,,,,,,,,,,,,,,,,,,,,,,,,,,,,,,,,,,,,,,,,,,,,,,,,,,,,,,,,,,,,,,,,,,,,,,,,,,,,,,,,,,,,,,,,,,,,,,,,,,,,,,,,,,,,,,,,,,,,,,,,,,,,,,,,,,,,,,,,,,,,,,,,,,,,,,,,,,,,,,,,,,,,,,,,,,,,,,,,,,,,,,,,,,,,,,
R338,,,,,,,,,,,,,,,,,,,,,,,*/ˌɒːɾˌɑ̃ndˈɪjɛ/,,*/ˌɒpˈɪ̃nkɑ/,,*/ˌɒblˈɑ̃nkə/,,,,,,,,,,,,,,,,*/kˌɑ̃mnˈit͡sɑ/,,,*/kəɾsˈũnə/,,,*/kˌɑ̃mˈiʃtɪ/,,*/kˈɑ̃ntə/,,,,,,,,,,,,,,,,,,,,,,,,,,,,,,,,,,,,,,,,,,,,,*/kɾˌɑxˈĩnɑ/,*/ɡˌɑtˈɔə̯̃ɲ/,*/ɡˌɑlˈĩnɑ/,,,,,,,,,,,,,,,,,*/ɡɾˌɒ̃mˈɑðɑ/,,,,,,,*/ɡˌɑɾə̃nˈit͡sɑ/,,,,*/ɡlˠˌɑːw̃nˈikə/,*/ɡlˠˌɑːwˈĩnɑ/,,,,,,,,,,,,,,,*/lˠˈɑ̃nɡɑ/,,,,,,,,,,,,,,,,,,,,,,,,,,,,,,,,,,,,,,,,,,,*/ʃˈẽnbɾə/,,,,,,,,,,,,,*/ʃtˌʊɾmˈɛ̃nnɛ/,*/ʃtəpˈɑ̃ɲɑ/,*/ʃtəpˈɑ̃nzɑ/,*/ʃtəpə̃ɾ̃ˈɛʃɑ/,*/ʃtəpˈɑ̃ɾ̃ə/,*/ʃtˈɯ̃ɲɑ/,,,,,,*/tˈɑ̃nɡɑ/,,,*/tˌɑjˈĩnɑ/,,,,,,,,,,*/tˈɯ̃ɲɑ/,,,,,,,,,,,,,,,,,,,,,*/dɾˈɑ̃nɡə/,,,,,,,,,,,,,,,,,,,,,,,,,,,,,,,,,,,,,,,,,,,,,,,,,,*/zˌɑ̃nbˈiʃtɪ/,*/zˌɑ̃nblˈɑkə/,*/zˈɑ̃nbʃɑ/,,,,*/nˌɛɾˈɑ̃nt͡sɑ/,,,,,,,,,,,,,,,*/lˌɑ̃nɡə/,*/lə̃ndˈĩnɑ/,*/lˈɑ̃nɡt͡skɑ/,,,,,,,,,,,,,,,,,,,,,*/ɾˌɑðˈĩmɑ/,,,,,*/ɾˈẽndə/,,,,,,,,,,*/ɾˌɑ̃nɡˈɑtɪ/,*/rːˌɑɡɒːzˈĩnɑ/,,,,,,*/rːəkˈɑjɑ̃n/,,,,,,*/rːˈũnɒ/,,,,,*/pˌɐɡˈɑ̃ɲ/,*/pˌɐɡˈɑ̃ɾ̃ɑ/,*/pˌɑ̃ndˈɑɾɪ/,,,,,,,,,,,,,,,,,,*/pˌɒɾˈẽndə/,*/pˌɒɾˌɑ̃nsˈitɪ/,,,,,,,,,,,,,,,*/pɪlˈɛ̃nkɑ/,,,,,,,,,,,,,,,*/bəɾzˈɑ̃ɾ̃ɑ/,,,,,,,,,,,,,,,,,,,,,,,,,,,,,,,,,,,,,,,,,,,,,,,,,,,,,*/wɾˈɑ̃ɾ̃ə/,,,,,,,,,,,,*/məɾʃˈĩnɑ/,,,,,,*/mˌiːlˈĩnkɑ/,,,,,,,,,,,,,,,*/ɪ̃nbəxˈɑtɪ/,*/ɪ̃npɾˈɑzdnə/
R339,,,,,,,,,,,,,,,,,,,,,,,,,,,,,,,,,,,,,,,,,,,,,,,,,,,,,,,,,,,,,,,,,,,,,,,,,,,,,,,,,,,,,,,,,,,,,,,,,,,,,,,,,,,,,,,,,,,,,,,,,,,,,,,,,,,,,,,,,,,,,,,,,,,,,,,,,,,,,,,,,,,,,,,,,,,,,,,,,,,,,,,,,,,,,,,,,,,,,,,,,,,,,,,,,,,,,,,,,,,,,,,,,,,,,,,,,,,,,,,,,,,,,,,,,,,,,,,,,,,,,,,,,,,,,,,,,,,,,,,,,,,,,,,,,,,,,,,,,,,,,,,,,,,,,,,,,,,,,,,,,,,,,,,,,,,,,,,,,,,,,,,,,,,,,,,,,,,,,,,,,,,,,,,,,,,,,,,,,,,,,,,,,,,,,,,,,,,,,,,,,,,,,,,,,,,,,,,,,,,,,,,,,,,,,,,,,,,,,,,,,,,,,,,,,,,,,,,,,,,,,,,,,,,,,,,,,,,,,,,,,,,,,,,,,,,,,,,,,,,,,,,,,,,,
R340,,,,,,,,,,,,,,,,,,,,,,,,,,,,,,,,,,,,,,,,,,,,,,,,,,,,,,,,,,,,,,,,,,,,,,,,,,,,,,,,,,,,,,,,,,,,,,,,,,,,,,,,,,,,,,,,,,,,,,,,,,,,,,,,,,,,,,,,,,,,,,,,,,,,,,,,,,,,,,,,,,,,,,,,,,,,,,,,,,,,,,,,,,,,,,,,,,,,,,,,,,,,,,,,,,,,,,,,,,,,,,,,,,,,,,,,,,,,,,,,,,,,,,,,,,,,,,,,,,,,,,,,,,,,,,,,,,,,,,,,,,,,,,,,,,,,,,,,,,,,,,,,,,,,,,,,,,,,,,,,,,,,,,,,,,,,,,,,,,,,,,,,,,,,,,,,,,,,,,,,,,,,,,,,,,,,,,,,,,,,,,,,,,,,,,,,,,,,,,,,,,,,,,,,,,,,,,,,,,,,,,,,,,,,,,,,,,,,,,,,,,,,,,,,,,,,,,,,,,,,,,,,,,,,,,,,,,,,,,,,,,,,,,,,,,,,,,,,*/mˌɔːʷðlˈitɪ/,,,,,,,,,,,,
=Late Proto-Albanian II,null{ABSENT},null{ABSENT},null{ABSENT},null{ABSENT},null*/xˌɑɾˌɑbˈɪlɪ/,null{ABSENT},null{ABSENT},null{ABSENT},null{ABSENT},null{ABSENT},null{ABSENT},null*/jˌɑɾˈɔə̯/,null*/jˈazə/,null{ABSENT},null*/ˈɛːzɛɾə/,null{ABSENT},null{ABSENT},null{ABSENT},null{ABSENT},null{ABSENT},null*/ˌɒːɡɾˈɑʎɑ/,null{ABSENT},null*/ˌɒːɾˌɑ̃ndˈɪjɛ/,null{ABSENT},null*/ˌɒpˈɪ̃nkɑ/,null{ABSENT},null*/ˌɒblˈɑ̃nkə/,null{ABSENT},null{ABSENT},null{ABSENT},null{ABSENT},null{ABSENT},null{ABSENT},null{ABSENT},null{ABSENT},null{ABSENT},null*/kˌɑlˈɨbɑ/,null*/kˌɑɾˌɑwˈɑʎɑ/,null*/kˌɑɾˈɪt͡sɑ/,null*/kˌɑɾˈɯtɒ/,null*/kˌɑɾˈupə/,null{ABSENT},null*/kˌɑ̃mnˈit͡sɑ/,null{ABSENT},null*/kɾˌisˈɑtɪ/,null*/kəɾsˈũnə/,null{ABSENT},null*/kˌɑpˈuʎɑ/,null*/kˌɑ̃mˈiʃtɪ/,null{ABSENT},null*/kˈɑ̃ntə/,null*/kˈʊɾsɪ/,null{ABSENT},null{ABSENT},null{ABSENT},null{ABSENT},null{ABSENT},null*/kˌɑlˈɛʃkɑ/,null{ABSENT},null{ABSENT},null{ABSENT},null{ABSENT},null{ABSENT},null{ABSENT},null{ABSENT},null{ABSENT},null{ABSENT},null{ABSENT},null{ABSENT},null{ABSENT},null{ABSENT},null{ABSENT},null{ABSENT},null{ABSENT},null{ABSENT},null{ABSENT},null*/kˈɑɾðɑ/,null{ABSENT},null{ABSENT},null*/klˠˌɑːpˈitɪ/,null*/kˈɑlˠpɑ/,null{ABSENT},null{ABSENT},null*/kˌɯʃˈɔvɑ/,null{ABSENT},null*/kˌuːpəlnˈikə/,null*/kˈɯkɑ/,null{ABSENT},null{ABSENT},null*/kˈɯlɑ/,null*/kˈʊlbɑ/,null{ABSENT},null{ABSENT},null{ABSENT},null*/kɾˌɑxˈitɪ/,null*/kɾˌɑxˈĩnɑ/,null*/ɡˌɑtˈɔə̯̃ɲ/,null*/ɡˌɑlˈĩnɑ/,null{ABSENT},null{ABSENT},null{ABSENT},null*/ɡˈɑlˠwɑ/,null{ABSENT},null*/ɡˌʊltˈitɪ/,null*/kˌʊlbˈɑzɑ/,null*/kˌɔːʷɾxˈɑtɪ/,null{ABSENT},null{ABSENT},null{ABSENT},null{ABSENT},null{ABSENT},null*/ɡˌɔːʷɾðˈitɪ/,null*/ɡˌɔːʷɾðlˈɑsɪ/,null{ABSENT},null*/ɡɾˌɒ̃mˈɑðɑ/,null{ABSENT},null{ABSENT},null{ABSENT},null{ABSENT},null{ABSENT},null{ABSENT},null*/ɡˌɑɾə̃nˈit͡sɑ/,null{ABSENT},null{ABSENT},null*/ɡwˈɒzdɑ/,null*/ɡlˠˌɑːw̃nˈikə/,null*/ɡlˠˌɑːwˈĩnɑ/,null{ABSENT},null{ABSENT},null{ABSENT},null{ABSENT},null{ABSENT},null{ABSENT},null*/ɡɾˈɒzdɪlɪ/,null*/ɡˈʊɾʃtɪ/,null*/lˠˌɑpˈuʃɪ/,null*/lˠˌɑpˈuʃɑ/,null*/lˠˈɑʃkɑ/,null*/lˠˈɑzɪt͡sɑ/,null*/lˠˈɑzkɑ/,null*/lˠˈɑzʊɾɑ/,null*/lˠˈɑ̃nɡɑ/,null{ABSENT},null{ABSENT},null{ABSENT},null{ABSENT},null{ABSENT},null{ABSENT},null{ABSENT},null{ABSENT},null{ABSENT},null{ABSENT},null*/klˌɛpˈɑðlɒ/,null*/klˈɛpə/,null{ABSENT},null{ABSENT},null{ABSENT},null{ABSENT},null{ABSENT},null{ABSENT},null{ABSENT},null{ABSENT},null{ABSENT},null{ABSENT},null*/t͡ʃɪɾnˈɑvɑ/,null{ABSENT},null{ABSENT},null{ABSENT},null{ABSENT},null{ABSENT},null*/t͡ʃˈɛːɾðɑ/,null*/t͡ʃˈɪɾnə/,null{ABSENT},null{ABSENT},null{ABSENT},null{ABSENT},null{ABSENT},null{ABSENT},null{ABSENT},null*/ʃˈɑkɑ/,null*/ʃˈɒɾɑ/,null*/ʃˈɑpə/,null*/ʃˈɛtkɑ/,null*/ʃˈɛlɪsɑ/,null*/ʃˈẽnbɾə/,null*/ʃˌiːtˈɔvɑ/,null{ABSENT},null*/ʃˌuːˈɛsɪ/,null*/ʃˈɒpə/,null*/ʃkˌɔːə̯ɾðˈɪt͡sɪ/,null*/ʃkˌɒːpˈitɪ/,null*/ʃkɾˈɑpi/,null*/ʃˌuʃˈit͡sɑ/,null*/ʃˌɯpʎˈɑkɑ/,null*/ʃˈʊlɑ/,null{ABSENT},null*/ʃlˈɒtɑ/,null*/ʃtˌʊɾmˈɛ̃nnɛ/,null*/ʃtəpˈɑ̃ɲɑ/,null*/ʃtəpˈɑ̃nzɑ/,null*/ʃtəpə̃ɾ̃ˈɛʃɑ/,null*/ʃtəpˈɑ̃ɾ̃ə/,null*/ʃtˈɯ̃ɲɑ/,null*/ʃtɾˈɑzɑ/,null{ABSENT},null{ABSENT},null*/tˌʊɾkˈɑtɪ/,null*/təɾpˈiːtɪ/,null*/tˈɑ̃nɡɑ/,null{ABSENT},null{ABSENT},null*/tˌɑjˈĩnɑ/,null{ABSENT},null{ABSENT},null{ABSENT},null{ABSENT},null*/tˌɒɾˈɔə̯/,null{ABSENT},null{ABSENT},null*/tˈɒpʊɾə/,null{ABSENT},null*/tˈɯ̃ɲɑ/,null{ABSENT},null{ABSENT},null*/tɾˈɪʃə/,null*/tˈɪɾʃu/,null{ABSENT},null{ABSENT},null{ABSENT},null*/dɪʃnˈit͡sɑ/,null{ABSENT},null{ABSENT},null{ABSENT},null{ABSENT},null*/dˈɪbɾjə/,null{ABSENT},null{ABSENT},null{ABSENT},null{ABSENT},null{ABSENT},null{ABSENT},null{ABSENT},null*/dɾˈɑ̃nɡə/,null{ABSENT},null{ABSENT},null*/dɾˈɒkə/,null*/dɾˈɔbnit͡sɑ/,null*/t͡sˌɑlˈikə/,null{ABSENT},null*/t͡sˈɑɾɑ/,null*/t͡sˈɑɾɪbɑ/,null*/t͡sɪɾnˈiðlə/,null*/t͡sɪɾnˈikə/,null{ABSENT},null*/t͡sˈɪɾmɑ/,null*/t͡sˈitɑ/,null*/t͡sˈubə/,null{ABSENT},null{ABSENT},null{ABSENT},null{ABSENT},null{ABSENT},null{ABSENT},null{ABSENT},null{ABSENT},null{ABSENT},null{ABSENT},null{ABSENT},null{ABSENT},null{ABSENT},null{ABSENT},null{ABSENT},null{ABSENT},null{ABSENT},null{ABSENT},null{ABSENT},null{ABSENT},null{ABSENT},null{ABSENT},null{ABSENT},null{ABSENT},null{ABSENT},null{ABSENT},null{ABSENT},null{ABSENT},null{ABSENT},null{ABSENT},null{ABSENT},null{ABSENT},null{ABSENT},null{ABSENT},null*/zˌɑbˈɔːjɪ/,null*/zˌɑ̃nbˈiʃtɪ/,null*/zˌɑ̃nblˈɑkə/,null*/zˈɑ̃nbʃɑ/,null*/zˈɯʃɑ/,null{ABSENT},null*/zwˌɑɾˈiʃtɛ/,null*/nˌɛɾˈɑ̃nt͡sɑ/,null{ABSENT},null{ABSENT},null{ABSENT},null{ABSENT},null{ABSENT},null{ABSENT},null{ABSENT},null*/lˌɑːkmˈɪjɛ/,null*/lˌɑʃˈɔvɑ/,null{ABSENT},null*/lˌɑbˈɔvɑ/,null*/lˈɑːkmə/,null{ABSENT},null*/lˈɑbə/,null*/lˌɑ̃nɡə/,null*/lə̃ndˈĩnɑ/,null*/lˈɑ̃nɡt͡skɑ/,null{ABSENT},null*/lˌeːʃnˈit͡sɑ/,null{ABSENT},null{ABSENT},null*/lˈɑʃɑ/,null*/lˈeːʃɲɑ/,null{ABSENT},null{ABSENT},null{ABSENT},null*/lˈixɒ/,null{ABSENT},null{ABSENT},null{ABSENT},null{ABSENT},null{ABSENT},null{ABSENT},null*/ʎˈutʃɑ/,null*/ʎˈutɑ/,null{ABSENT},null{ABSENT},null*/ɾˌɑðˈĩmɑ/,null*/wˌɒɾbˈɪt͡sɪ/,null*/rːˈɑvɑ/,null*/rːˈɑvkɑ/,null{ABSENT},null*/ɾˈẽndə/,null{ABSENT},null*/rːˌɑɡɒːwˈɪsɪkɑ/,null{ABSENT},null{ABSENT},null{ABSENT},null{ABSENT},null{ABSENT},null{ABSENT},null{ABSENT},null*/ɾˌɑ̃nɡˈɑtɪ/,null*/rːˌɑɡɒːzˈĩnɑ/,null{ABSENT},null{ABSENT},null*/rːˈɑklɑ/,null{ABSENT},null*/rːˈɑβɛʃə/,null*/rːəkˈɑjɑ̃n/,null*/rːˌɑɡˈɑlɑ/,null{ABSENT},null*/rːəpˈɑkə/,null*/rːˈɔɡɑ/,null*/ɾˈɑzɪkə/,null*/rːˈũnɒ/,null{ABSENT},null*/pˌɑdkˈɔə̯/,null{ABSENT},null{ABSENT},null*/pˌɐɡˈɑ̃ɲ/,null*/pˌɐɡˈɑ̃ɾ̃ɑ/,null*/pˌɑ̃ndˈɑɾɪ/,null*/pəɾkˈɑvɑ/,null{ABSENT},null{ABSENT},null{ABSENT},null{ABSENT},null{ABSENT},null*/pˈiʃkɑ/,null{ABSENT},null{ABSENT},null{ABSENT},null{ABSENT},null{ABSENT},null*/pˌɑdkˈɔə̯/,null{ABSENT},null{ABSENT},null{ABSENT},null{ABSENT},null*/pˌɒɾˈẽndə/,null*/pˌɒɾˌɑ̃nsˈitɪ/,null*/pˌɒðɾˈitɪ/,null{ABSENT},null{ABSENT},null{ABSENT},null{ABSENT},null*/plˈɔʃkɑ/,null*/plˈɑːt͡skɑ/,null{ABSENT},null{ABSENT},null{ABSENT},null*/pˈɯɾjɪ/,null*/plˌɑːʃtnˈikə/,null{ABSENT},null{ABSENT},null*/pɪlˈɛ̃nkɑ/,null{ABSENT},null*/pɾˈɑxɪ/,null{ABSENT},null{ABSENT},null{ABSENT},null*/bˌɑɡətˈɪjɛ/,null{ABSENT},null*/bˌɑɾðmˈɒʃɪ/,null*/bˈɑtjə/,null{ABSENT},null*/bˌɐɡˈɑtɑ/,null{ABSENT},null*/bɾˌɑʃtnˈikə/,null*/bˌʊɾtwˈɑtɪ/,null*/bəɾzˈɑ̃ɾ̃ɑ/,null{ABSENT},null{ABSENT},null*/bˌɛːlbˈit͡sɑ/,null{ABSENT},null{ABSENT},null{ABSENT},null{ABSENT},null{ABSENT},null*/bwˈɪɾtkə/,null*/bˌiːʃnˈit͡sɑ/,null{ABSENT},null{ABSENT},null*/bˈisɪkə/,null{ABSENT},null{ABSENT},null{ABSENT},null{ABSENT},null*/bˌuə̯lˈit͡sɑ/,null*/bˌʊɾlˈɒɡə/,null{ABSENT},null*/bˌɯʃtɾˈit͡sɑ/,null*/bˈuə̯lə/,null*/bˈɯʃtɾə/,null{ABSENT},null{ABSENT},null{ABSENT},null{ABSENT},null{ABSENT},null{ABSENT},null{ABSENT},null{ABSENT},null*/bɾˈisɪkə/,null*/bɾˈisɪkɑ/,null*/xlˈɑːðə/,null*/wˌɒlkˈɔə̯/,null*/ʃwˌɪɾʃtnˈikə/,null*/wˌɪɾtˈiːtɪ/,null{ABSENT},null*/wˌɪɾwˈitɪ/,null*/wˌɪɾbnˈikə/,null{ABSENT},null{ABSENT},null{ABSENT},null{ABSENT},null*/wˌiɾˈɔə̯/,null{ABSENT},null{ABSENT},null{ABSENT},null*/βˈɔkʊlə/,null{ABSENT},null*/βˈɔbɑɡ/,null*/wˌʊlkɒːðlˈɑkə/,null*/wɾˈɑ̃ɾ̃ə/,null{ABSENT},null*/wɪɾˈɑɡɑ/,null{ABSENT},null*/mˌɑːtˈɯkɑ/,null{ABSENT},null{ABSENT},null{ABSENT},null{ABSENT},null{ABSENT},null{ABSENT},null*/mˌɐɡˈɯlɑ/,null*/məɾʃˈĩnɑ/,null{ABSENT},null{ABSENT},null{ABSENT},null{ABSENT},null{ABSENT},null*/mˌiːlˈĩnkɑ/,null{ABSENT},null{ABSENT},null*/mˌɒlðˈikɑ/,null*/mˌɔːʷðlˈitɪ/,null{ABSENT},null{ABSENT},null*/mˌɒɾˌɑβˈit͡sɑ/,null{ABSENT},null{ABSENT},null{ABSENT},null{ABSENT},null{ABSENT},null*/mˈʊzɡɒ/,null{ABSENT},null*/ɪ̃nbəxˈɑtɪ/,null*/ɪ̃npɾˈɑzdnə/
R341,,,,,,,,,,,,,,,,,,,,,,,,,,,,,,,,,,,,,,,,,,,,,,,,,,,,,,,,,,,,,,,,,,,,,,,,,,,,,,,,,,,,,,,,,,,,,,,,,,,,,,,,,,,,,,,,,,,,,,,,,,,,,,,,,,,,,,,,,,,,,,,,,,,,,,,,,,,,,,,,,,,,,,,,,,,,,,,,,,,,,,,,,,,,,,,,,,,,,,,,,,,,,,,,,,,,,,,,,,,,,,,,,,,,,,,,,,,,,,,,,,,,,,,,,,,,,,,,,,,,,,,,,,,,,,,,,,,,,,,,,,,,,,,,,,,,,,,,,,,,,,,,,,,,,,,,,,,,,,,,,,,,,,,,,,,,,,,,,,,,*/ɾˈɑvkɑ/,,,,,,,,,,,,,,,,,,,,,,,,,,,,,,,,,,,,,,,,,,,,,,,,,,,,,,,,,,,,,,,,,,,,,,,,,,,,,,,,,,,,,,,,,,,,,,,,,,,,,,,,,,,,,,,,,,,,,,,,,,,,,,,,,,,,,,,,,,,,,,,,,,,,,,,,,,,,,,,,,,,,,,,,
R342,,,,,,,,,,,,,,,,,,,,,,,,,,,,,,,,,,,,,,,,,,,,,,,,,,,,,,,,,,,,,,,,,,,,,,,,,,,,,,,,,,,,,,,,,,,,,,,,,,,,,,,,,,,,,,,,,,,,,,,,,,,,,,,,,,,,,,,,,,,,,,,*/lˠˌɒmˈitɪ/,*/lˠˈɒskɑ/,*/lˠˈɯkɑ/,,,,,,,,,,,,,,,,,,,,,,,,,,,,,,,,,,,,,,,,,,,,,,,,,,,,,,,,,,,,,,,,,,,,,,,,,,,,,,,,,,,,,,,,,,,,,,,,,,,,,,,,,,,,,,,,,,,,,,,,,,,,,,,,,,,,,,,,,,,,,,,,,,,,,,,,,,,,,,,,,,,,,,,,,,,,,,,,,,,,,,,,,,,,,,,,,,,,,,,,,,,,,,,,,,,,,,,,,,,,,,,,,,,,,,,,,,,,,,,,,,,,,,,,,,,,,,,,,,,,,,,,,,,,,,,,,,,,,,,,,,,,,,,,,,,,,,,,,,,,,,,,,,,,,,,,,,,,,,,,,,,,,,,,,,,,,,,,,,,,,,,,,,,,,,,,,,,,,,,,,,,
R343,,,,,,,,,,,,,,,,,,,,,,,,,,,,,,,,,,,,,,,,,,,,,,,,,,,,,,,,,,,,,,,,,,,,,,,,,,,,,,,,,,,,,,,,,,,,,,,,,,,,,,,,,,,,,,,,,,,,,,,,,,,,,,,,,,,,,,,,,,,,,,,,,,,,,,,,,,,*/kʎˈyːt͡ʃɪ/,,,,,,,,,,,,,,,,,,,,,,,,,,,,,,,,,,,,,,,,,,,,,,,,,,,,,,,,,,,,,,,,,,,,,,,,,,,,,,,,,,,,,,,,,,,,,,,,,,,,,,,,,,,,,,,,,,,,,,,,,,,,,,,,,,,,,,,,,,,,,,,,,,,,,,,,,,,,,,,,,,,,,,,,,,,,,,,,,,,,,,,,,,,,,,,,,,,,,,,,,,,,,,,,,,,,,,,,,,,,,,,,,,,,,,,,,,,,,,,,,,,,,,,,,,,,*/pʎˈyːskɑ/,,,,,,,,,,,,,,,,,,,,,,,,,,,,,,,,,,,,,,,,,,,,,,,,,,,,,,,,,,,,,,,,,,,,,,,,,,,,,,,,,,,,,,,,,,,,,,,,,,,,,
R344,,,,,,,,,,,,,,,,,,,,,,,,,,,,,,,,,,,,,,,,,,,,,,,,,,,,,,,,,,,,,,,,,,,,,,,,,,,,,,,,,,,,,,,,,,,,,,,,,,,,,,,,,,,,,,,,,,,,,,,,,,,,,,,,,,,,,,,,,,,,,,,,,,,,,,,,,,,,,,,,,,,,,,,,,,,,,,,,,,,,,,,,,,,,,,,,,,,,,,,,,,,,,,,,,,,,,,,,,,,,,,,,,,,,,,,,,,,,,,,,,,,,,,,,,,,,,,,,,,,,,,,,,,,,,,,,,,,,,,,,,,,,,,,,,,,,,,,,,,,,,,,,,,,,,,,,,,,,,,,,,,,,,,,,,,,,,,,,,,,,,,,,,,,,,,,,,,,,,,,,,,,,,,,,,,,,,,,,,,,,*/pˈɨɾjɐ/,,,,,,,,,,,,,,,,,,,,,,*/pˈɯɾjɐ/,,,,,,,,,,,,,,,,,,,,,,,,,,,,,,,,,,,,,,,,,,,,,,,,,,,,,,,,,,,,,,,,,,,,,,,,,,,,,,,,,,,,,,,,,,,,,,,,,,,,,,,,,,
R345,,,,,,,,,,,,,,,,,,,,,,,,,,,,,,,,,,,,,*/kˌɑlˈibɑ/,,,*/kˌɑɾˈutɒ/,,,,,,,,,,,,,,,,,,,,,,,,,,,,,,,,,,,,,,,,,,,,*/kˌuʃˈɔvɑ/,,,*/kˈukɑ/,,,*/kˈulɑ/,,,,,,,,,,,,,,,,,,,,,,,,,,,,,,,,,,,,,,,,,,,,,,,,,,,,,,,*/lˠˈukɑ/,,,,,,,,,,,,,,,,,,,,,,,,,,,,,,,,,,,,,,,,,,,,,,,,,*/ʃˌupʎˈɑkɑ/,,,,,,,,,*/ʃtˈũɲɑ/,,,,,,,,,,,,,,,,,,,*/tˈũɲɑ/,,,,,,,,,,,,,,,,,,,,,,,,,,,,,,,,,,,,,,,,,,,,,,,,,,,,,,,,,,,,,,,,,,,,,,,,,,*/zˈuʃɑ/,,,,,,,,,,,,,,,,,,,,,,,,,,,,,,,,,,,,,,,,,,,,,,,,,,,,,,,,,,,,,,,,,,,,,,,,,,,,,,,,,,,,*/pˈiɾjɐ/,,,,,,,,,,,,,,,,,,,,,,*/pˈuɾjɐ/,,,,,,,,,,,,,,,,,,,,,,,,,,,,,,,,,,,,,,,,*/bˌuʃtɾˈit͡sɑ/,,*/bˈuʃtɾə/,,,,,,,,,,,,,,,,,,,,,,,,,,,,,,,,,,*/mˌɑːtˈukɑ/,,,,,,,*/mˌɐɡˈulɑ/,,,,,,,,,,,,,,,,,,,,,,,
R346,,,,,,,,,,,,,,,,,,,,,,,,,,,,,,,,,,,,,,,,,,,,,,,,,,,,,,,,,,,,,,,,,,,,,,,,,,,,,,,,,,,,,,,,,,*/kˈulˠɑ/,,,,,,,,,,,,,,,,,,,,,,,,,,,,,,,,,,,,,,,,,,,,,,,,,,,,,,,,,,,,,,,*/klˌɛpˈɑðlˠɒ/,,,,,,,,,,,,,,,,,,,,,,,,,,,,,,,,,,,,,,,,,,*/ʃˈʊlˠɑ/,,,,,,,,,,,,,,,,,,,*/tˌɒt͡ʃˈiðlˠɑ/,,,,,,,,,,,,,,,,,,,,,,,,,,,,,,,,,,,,,,*/t͡sɪɾnˈiðlˠə/,,,,,,,,,,,,,,,,,,,,,,,,,,*/sˈukulˠɒ/,,,,,,,,,,,,,,,,,,,,,,,,,,,,,,,,,,,,,,,,,,,,,,,,,,,,,,,,,,,,,,,,,,,,,,,,,,,,,,,,,,*/rːˌɑɡˈɑlˠɑ/,,,,,,,,,,,,,,,,,,,,,,,,,,,,,,,,,,,,,,,,,*/pˌɒsˈʊlˠɑ/,,,,,,,,,,,,,,,,,,,,,,,,,*/bˌælˠəɡrˈɑt/,,,,,,,,,,,,,,,,,*/bˈuə̯lˠə/,,,*/bˌælˠˈuʃɪ/,,,,,,,,,,,,,,,,,,,,,,,,*/βˈɔkʊlˠə/,,,*/wˌʊlkɒːðlˠˈɑkə/,,,,,,,,,,,,*/mˌɐɡˈulˠɑ/,,,,,,,,,,,,,,,,,,,,,,,
R347,,,,,,,,,,,,,,,,,,,,,,,,,,,,,,,,,,,,,,,,,,,,,,*/kəɾsˈũːnə/,,,,,,,,,,,,,,,,,,,,,,,,,,,,,,,,,,,,,,,,,,,,,,,,,,,,,,,,,,,,,,,,,,,,,,,,,,,,,,,,,,,,,,,,,,,,,,,,,,,,,,,,,,,,,,,,,,,,,,,,,,,,,,,,,,,,,,,,,,,,,,,,,,,,,,,,,,,,,,,,,,,,,,,,,,,,,,,,,,,,,,,,,,,,,,,,,,,,,,,,,,,,,,,,,,,,,,,,,,,,,,,,,,,,,,,,,,,,,,,,,,,,,,,,,,,,,,,,,,,,,,,,,,,,,,,,,,,,,,,,,,,,,,,,,,,,,,,,,,,,,,,,,,,,,,,,,,,,,,,,,,,,,,,,,,,,,,,,,,,,,,,,,,,,,,,,,,,,,,,,,,,,,,,,,,,,,,,,,,,,,,,,,,,,,,,,,,,,,,,,,,,,,,,,,,,,,,,,,,,,,,,,,,,,,,,,,,,,,,,,,,,,,,,,,,,,,,,,,,,,,,
R348,,,,,,,,,,,,,,,,,,,,,,,,,,,,,,,,,,,,,,,,,,,,,,,,,,,,,,,,,,,,,,,,,,,,,,,,,,,,,,,,,,,,,,,,,,,,,,,,,,,,,,,,,,,,,,,,,,,,,,,,,,,,,,,*/ɡlˠˌɑːwˈĩnːɑ/,,,,,,,,,,,,,,,,,,,,,,,,,,,,,,,,,,,,,,,,,,,,,,,,,,,,,,,,,,,,,,,,,,,,,,,,,,,,,,,,,,,,,,,,,,,,,,,,,,,,,,,,,,,,,,,,,,,,,,,,,,,,,,,,,,,,,,,,,,,,,,,,,,,,,,,,,,,,,,,,,,,,,,,,,,,,,,,,,,,,,,,,,,,,,,,,,,,,,,,,,,,,,,,,,,,,,,,,,,,,,,,,,,,,,,,,,,,,,,,,,,,,,,,,,,,,,,,,,,,,,,,,,,,,,,,,,,,,,,,,,,,,,,,,,,,,,,,,,,,,,,,,,,,,,,,,,,,,,,,,,,,,,,,,,,,,,,,,,,,,,,,,,,,,,,,,,,,,,,,,,,,,,,,,,,,,,,,,,,,,,
R349,,,,,,,,,,,,,,,,,,,,,,,,,,,,,,,,,,,,,,,,,,,,,,,,,,,,,,,,,,,,,,,,,,,,,,,,,,,,,,,,,,,,,,,,,,,,,,,,,,,,,,,,,,,,,,,,,,,,,,,,,,,,,,,,,,,,,,,,,,,,,,,,,,,,,,,,,,,,,,,,,,,,,,,,,,,,,,,,,,,,,,,,,,,,,,,,,,*/ʃˌuplˈɑkɑ/,,,,,,,,,,,,,,,,,,,,,,,,,,,,,,,,,,,,,,,,,,,,,,,,,,,,,,,,,,,,,,,,,,,,,,,,,,,,,,,,,,,,,,,,,,,,,,,,,,,,,,,,,,,,,,,,,,,,,,,,,,,,,,,,,,,,,,,,,*/lˌuxˈɑtɪ/,,*/lˈutʃɑ/,*/lˈutɑ/,,,,,,,,,,,,,,,,,,,,,,,,,,,,,,,,,,,,,,,,,,,,,,,,,,,,,,,,,,,,,,,,,,,,,,,,,*/plˈyːskɑ/,,,,,,,,,,,,,,,,,,,,,,,,,,,,,,,,,,,,,,,,*/blˈudɒ/,,,,,,,,,,,,,,,,,,,,,,,,,,,,,,,,,,,,,,,,,,,,,,,,,,,,,,,,,,,,,
R350,,,,,,,,,,,,,,,,,,,,,,,,,,,,,,,,,,,,,,,,,,,,,,,,,,,,,,,,,,,,,,,,,,,,,,,,,,,,,,,,,,,,,,,,,,,,,,,,,,,,,,,,,,,,,,,,,,,,,,,,,,,,,,,,,,,,,,,,,,,,,,,,,,,,,,,,,,,,,,,,,,,,,,,,,,,,,,,,,,,,,,,,,,,,,,,,,,,,,,,,,,,,,,,,,,,,,,,,,,,,,,,,,,,,,,,,,,,,,,,,,,,,,,,,,,,,,,,,,,,,,,,,,,,,,,,,,,,,,,,,,,,,,,,,,,,,,,,,,,,,,,,,,,,,,,,,,,,,,,,,,,,,,,,,,,,,,,,,,,,,,,,,,,,,,,,,,,,,,,,,,,,,,,,,,,,,,,,,,,,,,,,,,,,,,,,,,,,,,,,,,,,,,,,,,,,,,,,,,,,,,,,,,,,,,,,,,,,,,,,,,,,,,,,,,,,,,,,,,,,,,,,,,,,,,,,,,,,,,,,,,,,,,,,,,,,,,,,,,,,,,,,,,,,,
R351,,,,,,,,,,,,,,,,,,,,,,,,,,,,,,,,,,,,,,,,,,,,,,,,,,,,,,,,,,,,,,,,,,,,,,,,,,,,,,,,,,,,,,,,,,,,,,,,,,,,,,,,,,,,,,,,,,,,,,,,,,,,,,,,,,,,,,,,,,,,,,,,,,,,,,,,,,,,,,,,,,,,,,,,,,,,,,,,,,,,,,,,,,,,,,,,,,,,,,,,,,,,,,,,,,,,,,,,,,,,,,,,,,,,,,,,,,,,,,,,,,,,,,,,,,,,,,,,,,,,,,,,,,,,,,,,,,,,,,,,,,,,,,,,,,,,,,,,,,,,,,,,,,,,,,,,,,,,,,,,,,,,,,,,,,,,,,,,,,,,,,,,,,,,,,,,,,,,,,,,,,,,,,,,,,,,,,,,,,,,,,,,,,,,,,,,,,,,,,,,,,,,,,,,,,,,,,,,,,,,,,,,,,,,,,,,,,,,,,,,,,,,,,,,,,,,,,,,,,,,,,,,,,,,,,,,,,,,,,,,,,,,,,,,,,,,,,,,,,,,,,,,,,,,
R352,,,,,,,,,,,,,,,,,,,,,,,,,,,,,,,,,,,,,,,,,,,,,,,,,,,,,,,,,,,,,,,,,,,,,,,,,,,,,,,,,,,,,,,,,,,,,,,,,,,,,,,,,,,,,,,,,,,,,,,,,,,,,,,,,,,,,,,,,,,,,,,,,,,,,,,,,,,,,,,,,,,,,,,,,,,,,,,,,,,,,,,,,,,,,,,,,,,,,,,,,,,,,,,,,,,,,,,,,,,,,,,,,,,,,,,,,,,,,,,,,,,,,,,,,,,,,,,,,,,,,,,,,,,,,,,,,,,,,,,,,,,,,,,,,,,,,,,,,,,,,,,,,,,,,,,,,,,,,,,,,,,,,,,,,,,,,,,,,,,,,,,,,,,,,,,,,,,,,,,,,,,,,,,,,,,,,,,,,,,,,,,,,,,,,,,,,,,,,,,,,,,,,,,,,,,,,,,,,,,,,,,,,,,,,,,,,,,,,,,,,,,,,,,,,,,,,,,,,,,,,,,,,,,,,,,,,,,,,,,,,,,,,,,,,,,,,,,,,,,,,,,,,,,,
R353,,,,,,,,,,,,,,,,,,,,,,,,,,,,,,,,,,,,,,,,,,,,,,,,,,,,,,,,,,,,,,,,,,,,,,,,,,,,,,,,,,,,,,,,,,,,,,,,,,,,,,,,,,,,,,,,,,,,,,,,,,,,,,,,,,,,,,,,,,,,,,,,,,,,,,,,,,,,,,,,,,,,,,,,,,,,,,,,,,,,,,,,,,,,,,,,,,,,,,,*/ʃtəpˈɑ̃ːjɑ/,,,,,,,,,,,,,,,,,,,,,,,,,,,,,,,,,,,,,,,,,,,,,,,,,,,,,,,,,,,*/sˈɑːjɑ/,,,,,,,,,,,,,,,,,,,,,,,,,,,,,,,,,,,,,,,,,,,,,,,,,,,,,,,,,,,,,,,,,,,,,,,,,,,,,,,,,,,,,,,,,,,,,,,,,,,,,,,,,,,,,,,,,,,,,,,,,,,,,,,,,,,,,,,,,,,,,,,,,,,,,,,,,,,,,,,,,,,,,,,,,,,,,,,,,,,,,,,,,,,,,,,,,,,,,,,,,,,,,,,,,,,,,,,,,,,,,,,,,,,,,,,,,,,,,,,,,,,,,,,,,,
R354,,,,,,,,,,,,,,,,,,,,,,,,,,,,,,,,,,,,,,,,,,,,,,,,,,,,,,,,,,,,,,,,,,,,,,,,,,,,,,,,,,,,,,,,,,,,,,,,,,,,,,,,,,,,,,,,,,,,,,,,,,,,,,,,,,,,,,,,,,,,,,,,,,,,,,,,,,,,,,,,,,,,,,,,,,,,,,,,,,,,,,,,,,,,,,,,,,,,,,,,,,,,,,,,,,,,,,,,,,,,,,,,,,,,,,,,,,,,,,,,,,,,,,,,,,,,,,,,,,,,,,,,,,,,,,,,,,,,,,,,,,,,,,,,,,,,,,,,,,,,,,,,,,,,,,,,,,,,,,,,,,,,,,,,,,,,,,,,,,,,,,,,,,,,,,,,,,,,,,,,,,,,,,,,,,,,,,,,,,,,,,,,,,,,,,,,,,,,,,,,,,,,,,,,,,,,,,,,,,,,,,,,,,,,,,,,,,,,,,,,,,,,,,,,,,,,,,,,,,,,,,,,,,,,,,,,,,,,,,,,,,,,,,,,,,,,,,,,,,,,,,,,,,,,
R355,,,,,,,,,,,,,,,,,,,,,,,,,,,,,,,,,,,,,,,,,,,,,,,,,,,,,,,,,,,,,,,,,,,,,,,,,,,,,,,,,,,,,,,,,,,,,,,,,,,,,,,,,,,,,,,,,,,,,,,,,,,,,,,,,,,,,,,,,,,,,,,,,,,,,,,,,,,,,,,,,,,,,,,,,,,,,,,,,,,,,,,,,,,,,,,,,,,,,,,,,,,,,,,,,,,,,,,,,,,,,,,,,,,,,,,,,,,,,,,,,,,,,,,,,,,,,,,,,,,,,,,,,,,,,,,,,,,,,,,,,,,,,,,,,,,,,,,,,,,,,,,,,,,,,,,,,,,,,,,,,,,,,,,,,,,,,,,,,,,,,,,,,,,,,,,,,,,,,,,,,,,,,,,,,,,,,,,,,,,,,,,,,,,,,,,,,,,,,,,,,,,,,,,,,,,,,,,,,,,,,,,,,,,,,,,,,,,,,,,,,,,,,,,,,,,,,,,,,,,,,,,,,,,,,,,,,,,,,,,,,,,,,,,,,,,,,,,,,,,,,,,,,,,,
R356,,,,,,,,,,,,,,,,,,,,,,,,,,,,,,,,,,,,,,,,,,,,,,,,,,,,,,,,,,,,,,,,,,,,,,,,,,,,,,,,,,,,,,,,,,,,,,,,,,,,,,,,,,,,,,,,,,,,,,,,,,,,,,,,,,,,,,,,,,,,,,,,,,,,,,,,,,,,,,,,,,,,,,,,,,,,,,,,,,,,,,,,,,,,,,,,,,,,,,,,,,,,,,,,,,,,,,,,,,,,,,,,,,,,,,,,,,,,,,,,,,,,,,,,,,,,,,,,,,,,,,,,,,,,,,,,,,,,,,,,,,,,,,,,,,,,,,,,,,,,,,,,,,,,,,,,,,,,,,,,,,,,,,,,,,,,,,,,,,,,,,,,,,,,,,,,,,,,,,,,,,,,,,,,,,,,,,,,,,,,,,,,,,,,,,,,,,,,,,,,,,,,,,,,,,,,,,,,,,,,,,,,,,,,,,,,,,,,,,,,,,,,,,,,,,,,,,,,,,,,,,,,,,,,,,,,,,,,,,,,,,,,,,,,,,,,,,,,,,,,,,,,,,,,
R357,,,,,,,,,,,,,,,,,,,,,,,,,,,,,,,,,,,,,,,,,,,,,,,,,,,,,,,,,,,,,,,,,,,,,,,,,,,,,,,,,,,,,,,,,,,,,,,,,,,,,,,,,,,,,,,,,,,,,,,,,,,,,,,,,,,,,,,,,,,,,,,,,,,,,,,,,,,,,,,,,,,,,,,,,,,,,,,,,,,,,,,,,,,,,,,,,,,,,,,,,,,,,,,,,,,,,,,,,,,,,,,,,,,,,,,,,,,,,,,,,,,,,,,,,,,,,,,,,,,,,,,,,,,,,,,,,,,,,,,,,,,,,,,,,,,,,,,,,,,,,,,,,,,,,,,,,,,,,,,,,,,,,,,,,,,,,,,,,,,,,,,,,,,,,,,,,,,,,,,,,,,,,,,,,,,,,,,,,,,,,,,,,,,,,,,,,,,,,,,,,,,,,,,,,,,,,,,,,,,,,,,,,,,,,,,,,,,,,,,,,,,,,,,,,,,,,,,,,,,,,,,,,,,,,,,,,,,,,,,,,,,,,,,,,,,,,,,,,,,,,,,,,,,,
R358,,,,,,,,,,,,,,,*/ˈɛːzəɾə/,,,,,,,,,,,,,,,,,,,,,,,,,,,,,,,,,,,,,,,,,,,,,,,,,,,,,,,,,,,,,,,,,,,,,,,,,*/kˈut͡ʃə/,*/kˈutə/,,,,,,,,,,,,,,,,,,,,,,,,,,,,,,,,,,,,,,,,,,,,,,,,,,,,,,,,,,,,,,,,,,,,,,,,,,,,,,,,,,,,,,,,,,,,,,,,,,,,,,,,,,,,,*/ʃtˌʊɾmˈɛ̃nnə/,,,,,,,,,,,,,,,,,,,,,,,,,,,,,,,,,,,,,,,,,,,,,,,,,,,,,,,,,,,,,,,,,,,,,,,,,,,,,,,,,,*/slˈufuɾə/,,,,,,,,,,,,,,,,,,*/zwˌɑɾˈiʃtə/,,,,,,,,,,,,,,,,,,,,,,,,,,,,,,,,,,,,,,,,,,,,,,,,,,,,,,,,,,,,*/rːˈɑβəʃə/,,,,,,,,,,,,,,,,,,,,,,,,,,,,,,,,,,,,,,,,,,,,,,,,,,,,,,,,,,,,,,,,,,,,,,,,,,,,,,,,,,,,,,,,,,,,,,,,,,,,,,,,,,,,,,,,,,,,,,,,,,,,,,,,,,,,,,,,,,,,,,,,,,,,,,
R359,,,,,,,,,,,,,,,,,,,,,,,,,,,,,,,,,,,,,,,,,,,,,,,,,,,,,,,,,,,,,,,,,,,,,,,,,,,,,,,,,,,,,,,,,,,,,,,,,,,,,,,,,,,,,,,,,,,,,,,,,,,,,,,,,,,,,,,,,,,,,,,,,,,,,,,,,,,,,,,,,,,,,,,,,,,,,,,,,,,,,,,,,,,,,,,,,,,,,,,,,,,,,,,,,,,,,,,,,,,,,,,,,,,,,,,,,,,,,,,,,,,,,,,,,,,,,,,,,,,,,,,,,,,,,,,,,,,,,,,,,,,,,,,,,,,,,,,,,,,,,,,,,,,,,,,,,,,,,,,,,,,,,,,,,,,,,,,,,,,,,,,,,,,,,,,,,,,,,,,,,,,,,,,,,,,,,,,,,,,,,,,,,,,,,,,,,,,,,,,,,,,,,,,,,,,,,,,,,,,,,,,,,,,,,,,,,,,,,,,,,,,,,,,,,,,,,,,,,,,,,,,,,,,,,,,,,,,,,,,,,,,,,,,,,,,,,,,,,,,,,,,,,,,,
R360,,,,,,,,,,,,,,,,,,,,,,,,,,,,,,,,,,,,,,,,,,,,,,,,,,,,,,,,,,,,,,,,,,,,,,,,,,,,,,,,,,,,,,,,,,,,,,,,,,,,,,,,,,,,,,,,,,,,,,,,,,,,,,,,,,,,,,,,,,,,,,,,,,,,,,,,,,,,,,,,,,,,,,,,,,,,,,,,,,,,,,,,,,,,,,,,,,,,,,,,,,,,,,,,,,,,,,,,,,,,,,,,,,,,,,,,,,,,,,,,,,,,,,,,,,,,,,,,,,,,,,,,,,,,,,,,,,,,,,,,,,,,,,,,,,,,,,,,,,,,,,,,,,,,,,,,,,,,,,,,,,,,,,,,,,,,,,,,,,,,,,,,,,,,,,,,,,,,,,,,,,,,,,,,,,,,,,,,,,,,,,,,,,,,,,,,,,,,,,,,,,,,,,,,,,,,,,,,,,,,,,,,,,,,,,,,,,,,,,,,,,,,,,,,,,,,,,,,,,,,,,,,,,,,,,,,,,,,,,,,,,,,,,,,,,,,,,,,,,,,,,,,,,,,
R361,,,,,,,,,,,,,,,,,,,,,,,,,,,,,,,,,,,,,,,,,,,,,,,,,,,,,,,,,,,,,,,,,,,,,,,,,,,,,,,,,,,,,,,,,,,,,,,,,,,,,,,,,,,,,,,,,,,,,,,,,,*/ɡˌɑɾnˈit͡sɑ/,,,,,,,,,,,,,,,,,,,,,,,,,,,,,,,,,,,,,,,,,,,,,,,,,,,,,,,,,,,,,,,,,,,,,,,,,,,,,,,,,,,,,,,,,,,,,,,,,,,,,,,,,,,,,,,,,,,,,,,,,,,,,,,,,,,,,,,,,,,,,,,,,,,,,,,,,,,,,,,,,,,,,,,,,,,,,,,,,,,,,,,,,,,,,,,,,,,,,,,,,,,,,,,,,,,,,,,,,,,,,,,,,,,,,,,,,,,,,,,,,,,,,,,,,,,,,,,,,,,,,,,,,,,,,,,,,,,,,,,,,,,,,,,,,,,,,,,,,,,,,,,,,,,,,,,,,,,,,,,,,,,,,,,,,,,,,,,,,,,,,,,,,,,,,,,,,,,,,,,,,,,,,,,,,,,,,,,,,,,,,,,,,,
R362,,,,,,,,,,,,,,,,,,,,,,,,,,,,,,,,,,,,,,,,,,,,,,,,,,,,,,,,,,,,,,,,,,,,,,,,,,,,,,,,,,,,,,,,,,,,,,,,,,,,,,,,,,,,,,,,,,,,,,,,,,,,,,,,,,,,,,,,,,,,,,,,,,,,,,,,,,,,,,,,,,,,,,,,,,,,,,,,,,,,,,,,,,,,,,,,,,,,,,,,,,,,,,,,,,,,,,,,,,,,,,,,,,,,,,,,,,,,,,,,,,,,,,,,,,,,,,,,,,,,,,,,,,,,,,,,,,,,,,,,,,,,,,,,,,,,,,,,,,,,,,,,,,,,,,,,,,,,,,,,,,,,,,,,,,,,,,,,,,,,,,,,,,,,,,,,,,,,,,,,,,,,,,,,,,,,,,,,,,,,,,,,,,,,,,,,,,,,,,,,,,,,,,,,,,,,,,,,,,,,,,,,,,,,,,,,,,,,,,,,,,,,,,,,,,,,,,,,,,,,,,,,,,,,,,,,,,,,,,,,,,,,,,,,,,,,,,,,,,,,,,,,,,,,
R363,,,,,,,,,,,,,,,,,,,,,,,,,,,,,,,,,,,,,,,,,,,,,,,,,,,,,,,,,,,,,,,,,,,,,,,,,,,,,,,,,,,,,,,,,,,,,,,,,,,,,,,,,,,,,,,,,,,,,,,,,,*/ɡˌɑrːˈit͡sɑ/,,,,,,,,,,,,,,,,,,,,,,,,,,,,,,,,,,,,,,,,,,,*/t͡ʃɪrːˈɑvɑ/,,,,,,,*/t͡ʃˈɪrːə/,,,,,,,,,,,,,,,,,,,,,,,,,,,,,,,,,,,,,,,,,,,,,,,,,,,,,,,,,,,,,,,,,,,,,,,,,,,,,,,,*/t͡sɪrːˈiðlˠə/,*/t͡sɪrːˈikə/,,,,,,,,,,,,,,,,,,,,,,,,,,,,,,,,,,,,,,,,,,,,,,,,,,,,,,,,,,,,,,,,,,,,,,,,,,,,,,,,,,,,,,,,,,,,,,,,,,,,,,,,,,,,,,,,,,,,,,,,,,,,,,,,,,,,,,,,,,,,,,,,,,,,,,,,,,,,,,,,,,,,,,,,,,,,,,,,,,,,,,,,,,,,,,,,,,,,,,,,,,,,,,,,,,,,,,,,,,,,,,,,,,,,,,,,,,,,,,,,,,,,,,,,,,,,,,,
R364,,,,,,,,,,,,,,,,,,,,,,,,,,,,,,,,,,,,,,,,,,,,,,,,,,,,,,,,,,,,,,,,,,,,,,,,,,,,,,,,,,,,,,,,,,,,,,,,,,,,,,,,,,,,,,,,,,,,,,,,,,,,,,,,,,,,,,,,,,,,,,,,,,,,,,,,,,,,,,,,,,,,,,,,,,,,,,,,,,,,,,,,,,,,,,,,,,,,,,,,,,,,,,,,,,,,,,,,,,,,,,,,,,,,,,,,,,,,,,,,,,,,,,,,,,,,,,,,,,,,,,,,,,,,,,,,,,,,,,,,,,,,,,,,,,,,,,,,,,,,,,,,,,,,,,,,,,,,,,,,,,,,,,,,,,,,,,,,,,,,,,,,,,,,,,,,,,,,,,,,,,,,,,,,,,,,,,,,,,,,,,,,,,,,,,,,,,,,,,,,,,,,,,,,,,,,,,,,,,,,,,,,,,,,,,,,,,,,,,,,,,,,,,,,,,,,,,,,,,,,,,,,,,,,,,,,,,,,,,,,,,,,,,,,,,,,,,,,,,,,,,,,,,,,
R365,,,,,,,,,,,,,,,,,,,,,,,,,,,,,,,,,,,,,,,,,,,,,,,,,,,,,,,,,,,,,,,,,,,,,,,,,,,,,,,,,,,,,,,,,,,,,,,,,,,,,,,,,,,,,,,,,,,,,,,,,,,,,,,,,,,,,,,,,,,,,,,,,,,,,,,,,,,,,,,,,,,,,,,,,,,,,,,,,,,,,,,,,,,,,,,,,,,,,,,,,,,,,,,,,,,,,,,,,,,,,,,,,,,,,,,,,,,,,,,,,,,,,,,,,,,,,,,,,,,,,,,,,,,,,,,,,,,,,,,,,,,,,,,,,,,,,,,,,,,,,,,,,,,,,,,,,,,,,,,,,,,,,,,,,,,,,,,,,,,,,,,,,,,,,,,,,,,,,,,,,,,,,,,,,,,,,,,,,,,,,,,,,,,,,,,,,,,,,,,,,,,,,,,,,,,,,,,,,,,,,,,,,,,,,,,,,,,,,,,,,,,,,,,,,,,,,,,,,,,,,,,,,,,,,,,,,,,,,,,,,,,,,,,,,,,,,,,,,,,,,,,,,,,,
R366,,,,,*/xˌɑɾˌɑbˈɛlɪ/,,,,,,,,,,,,,,,,,,,,,,,,,,,,,,,,,,,,,,,,,,,,,,,,,,,,,,,,,,,,,,,,,,,,,,,,,,,,,,,,,,,,,,,,,,,,,,,,,,,,,,,,,,,,,,,,,,,,,,,,,,,,,,,,,,,,,,,,,,,,,,,,,,,,,,,,,,,,,,,,,,,,,,,,,,,,,,,,,,,,,,,,,*/ʃkˌɔːə̯ɾðˈɛt͡sɪ/,,,,,,,,,,,,,,,,,,,,,,,,,,,,,,,,,,,,,,,,,,,,,,,,,,,,,,,,,,,,,,,,,,,,,,,,,,,,,,,,,,,,,,,,,,,,,,,,,,,,,,,,,,,,,,,,,,,,,,,,,,,,,,,,,,,,,,,,,,,,,,,,,,,,*/wˌɒɾbˈɛt͡sɪ/,,,,,,*/rːˌɑɡɒːwˈɛsɪkɑ/,,,,,,,,,,,,,,,,,,,,,,,,,,,,,,,,,,,,,,,,,,,,,,,,,,,,,,,,,,,,,,,,,,,,,,,,,,,,,,,,,,,,,,,,,,,,,,,,,,,,,,,,,,,,,,,,,,,,,,,,,,,,,,,,,,,,,,,,,,,,,,,,,,,,,,,,,,,,,,,,,,,,
R367,,,,,,,,,,,,,,,,,,,,,,,,,,,,,,,,,,,,,,,,,,,,,,,,,,,,,,,,,,,,,,,,,,,,,,,,,,,,,,,,,,,,,,,,,,,,,,,,,,,,,,,,,,,,,,,,,,,,,,,,,,,,,,,,,,,,,,,,,,,,,,,,,,,,,,,,,,,,,,,,,,,,,,,,,,,,,,,,,,,,,,,,,,,,,,,,,,,,,,,,,,,,,,,,,,,,*/tˌɑˈĩnɑ/,,,,,,,,,,,,,,,,,,,,,,,,,,,,,,,,,,,,,,,,,,,,,,,,,,,,,*/sˌɛ̃ˈitɪ/,,,,,,,,,,,,,,,,,,,,,,,,,,,*/zˌɑbˈɔːɪ/,,,,,,,,,,,,,,,,,,,,,,,,,,,,,,,,,,,,,,,,,,,,,,,,,,,,,,,,,,,,,,,,,,,,,,,,,,,,,,,,,,,,,,,,,,,,,,,,,,,,,,,,,,,,,,,,,,,,,,,,,,,,,,,,,,,,,,,,,,,,,,,,,,,,,,,,,,,,,,,,,,,,,,,,,,,,,,,,,,,,,,,,,,,,,,,,,,,,,,,,,,,,,,,,,,,,,,,,
R368,,,,,,,,,,,,,,,,,,,,,,,,,,,,,,,,,,,,,,,,,,,,,,,,,,,,,,,,,,,,,,,,,,,,,,,,,,,,,,,,,,,,,,,,,,,,,,,,,,,,,,,,,,,,,,,,,,,,,,,,,,,,,,,,,,,,,,,,,,,,,,,,,,,,,,,,,,,,,,,,,,,,,,,,,,,,,,,,,,,,,,,,,,,,,,,,,,,,,,,,,,,,,,,,,,,,,,,,,,,,,,,,,,,,,,,,,,,,,,,,,,,,,,,,,,,,,,,,,,,,,,,,,,,,,,,,,,,,,,,,,,,,,,,,,,,,,,,,,,,,,,,,,,,,,,,,,,,,,,,,,,,,,,,,,,,,,,,,,,,,,,,,,,,,,,,,,,,,,,,,,,,,,,,,,,,,,,,,,,,,,,,,,,,,,,,,,,,,,,,,,,,,,,,,,,,,,,,,,,,,,,,,,,,,,,,,,,,,,,,,,,,,,,,,,,,,,,,,,,,,,,,,,,,,,,,,,,,,,,,,,,,,,,,,,,,,,,,,,,,,,,,,,,,,
R369,,,,,,,,,,,,,,,,,,,,,,,,,,,,,,,,,,,,,,,,,,,,,,,,,,,,,,,,,,,,,,,,,,,,,,,,,,,,,,,,,,,,,,,,,,,,,,,,,,,,,,,,,,,,,,,,,,,,,,,,,,,,,,,,,,,,,,,,,,,,,,,,,,,,,,,,,,,,,,,,,,,,,,,,,,,,,,,,,,,,,,,,,,,,,,,,,,,,,,,,,,,,,,,,,,,,,,,,,,,,,,,,,,,,,,,,,,,,,,,,,,,,,,,,,,,,,,,,,,,,,,,,,,,,,,,,,,,,,,,,,,,,,,,,,,,,,,,,,,,,,,,,,,,,,,,,,,,,,,,,,,,,,,,,,,,,,,,,,,,,,,,,,,,,,,,,,,,,,,,,,,,,,,,,,,,,,,,,,,,,,,,,,,,,,,,,,,,,,,,,,,,,,,,,,,,,,,,,,,,,,,,,,,,,,,,,,,,,,,,,,,,,,,,,,,,,,,,,,,,,,,,,,,,,,,,,,,,,,,,,,,,,,,,,,,,,,,,,,,,,,,,,,,,,
R370,,,,,,,,,,,,,,,,,,,,,,,,,,,,,,,,,,,,,,,,,,,,,,,,,,,,,,,,,,,,,,,,,,,,,,,,,,,,,,,,,,,,,,,,,,,,,,,,,,,,,,,,,,,,,,,,,,,,,,,,,,,,,,,,,,,,,,,,,,,,,,,,,,,,,,,,,,,,,,,,,,,,,,,,,,,,,,,,,,,,,,,,,,,,,,,,,,,,,,,,,,,,,,,,,,,,,,,,,,,,,,,,,,,,,,,,,,,,,,,,,,,,,,,,,,,,,,,,,,,,,,,,,,,,,,,,,,,,,,,,,,,,,,,,,,,,,,,,,,,,,,,,,,,,,,,,,,,,,,,,,,,,,,,,,,,,,*/lˈut͡ʃɑ/,,,,,,,,,,,,,,,,,,,,,,,,,,,,,,,,,,,,,,,,,,,,,,,,,,,,,,,,,,,,,,,,,,,,,,,,,,,,,,,,,,,,,,,,,,,,,,,,,,,,,,,,,,,,,,,,,,,,,,,,,,,,,,,,,,,,,,,,,,,,,,,,,,,,,,,,,,,,,,,,,,,,,,,,,,,,,,,
R371,,,,,,,,,,,,,,,,,,,,,,,,,,,,,,,,,,,,,,,,,,,,,,,,,,,,,,,,,,,,,,,,,,,,,,,,,,,,,,,,,,,,,,,,,,,,,,,,,,,,,,,,,,,,,,,,,,,,,,,,,,,,,,,,,,,,,,,,,,,,,,,,,,,,,,,,,,,,,,,,,,,,,,,,,,,,,,,,,,,,,,,,,,,,,,,,,,,,,,,,,,,,,,,,,,,,,,,,,,,,,,,,,,,,,,,,,,,,,,,,,,,,,,,,,,,,,,,,,,,,,,,,,,,,,,,,,,,,,,,,,,,,,,,,,,,,,,,,,,,,,,,,,,,,,,,,,,,,,,,,,,,,,,,,,,,,,,,,,,,,,,,,,,,,,,,,,,,,,,,,,,,,,,,,,,,,,,,,,,,,,,,,,,,,,,,,,,,,,,,,,,,,,,,,,,,,,,,,,,,,,,,,,,,,,,,,,,,,,,,,,,,,,,,,,,,,,,,,,,,,,,,,,,,,,,,,,,,,,,,,,,,,,,,,,,,,,,,,,,,,,,,,,,,,
R372,,,,,,,,,,,,,,,,,,,,,,,,,,,,,,,,,,,,,,,,,,,,,,,,,,,,,,,,,,,,,,,,,,,,,,,,,,,,,,,,,,,,,,,,,,,,,,,,,,,,,,,,,,,,,,,,,,,,,,,,,,,,,,,,,,,,,,,,,,,,,,,,,,,,,,,,,,,,,,,,,,,,,,,,,,,,,,,,,,,,,,,,,,,,,,,,,,,,,,,,,,,,,,,,,,,,,,,,,,,,,,,,,,,,,,,,,,,,,,,,,,,,,,,,,,,,,,,,,,,,,,,,,,,,,,,,,,,,,,,,,,,,,,,,,,,,,,,,,,,,,,,,,,,,,,,,,,,,,,,,,,,,,,,,,,,,,,,,,,,,,,,,,,,,,,,,,,,,,,,,,,,,,,,,,,,,,,,,,,,,,,,,,,,,,,,,,,,,,,,,,,,,,,,,,,,,,,,,,,,,,,,,,,,,,,,,,,,,,,,,,,,,,,,,,,,,,,,,,,,,,,,,,,,,,,,,,,,,,,,,,,,,,,,,,,,,,,,,,,,,,,,,,,,,
R373,,,,,,,,,,,,,,,,,,,,,,,,,,,,,,,,,,,,,,,,,,,,,,,,,,,,,,,,,,,,,,,,,*/kˌɒpɾˈɪ̃nɪskɑ/,,,,,,,,,,,,,,,,,,,,,,,,,,,,,,,,,,,,,,,,,,,,,,,,,,,,,,,*/ɡˌɒstˈɪ̃nɪskɑ/,,,,,,,,,,,,,,,,,,,*/lˠˈɑzt͡sɑ/,,,,,,,,,,,,,,,,,,,,,,,,,,,,,,,,,,,,,,,,,,,,,,,,,,,,,,,,,,,,,,,,,,,,,,,,,,,,,,,,,,,,,,,,,,,,,,,,,,,,,,,,,,,,,,,,,,,,,,,,,,,,,,,,,,,,,,,,,,,,,,,,,,,,,,,,,,,,,,,,,,,,,,,,,,,,,,,,,,,,,,,,,,,,,,,,,,,,,,,,,,,,,*/rːˌɑɡɒːwˈɛskɑ/,,,,,,,,,,,,,,*/rːˈɑβʃə/,,,*/rˈɛ̃skɑ/,,,*/ɾˈɑzkə/,,,,,,,,,,,,,,,,,,,,,,,,,,,,,,,,,,,,,,,,,,,,,,,,,,,,,,,,,,,,,,,,,,,,,,*/bˈiskə/,,,,,,,,,,,,,,,,,,,*/bɾˈiskə/,*/bɾˈiskɑ/,,,,,,,,,,,,,,,,,,,,,,,,,,,,,,,,,,,,,,,,,,,,,,,,,,,,,,
R374,,,,,,,,,,,,,,,,,,,,,,,,,,,,,,,,,,,,,,,,,,,,,,,,,,,,,,,,,,,,,,,,,,,,,,,,,,,,,,,,,,,,,,,,,,,,,,,,,,,,,,,,,,,,,,,,,,,,,,,,,,,,,,,,,,,,,,,,,,,,,,,,,,,,,,,,,*/klˌɛpˈɑːðlˠɒ/,,,,,,,,,,,,,,,,,,,,,,,,,,,,,,,,,,,,,,,,,,,,,,,,,,,,,,,,,,,,,*/tˌɒt͡ʃˈiːðlˠɑ/,,,,,,,,,,,,,,,,,,,,,,,,,,,,,,,,,,,,,,,,,,,,,,,,,,,,,,,,,,,,,,,,,,,,,,,,,,,,,,,,,,,,,,,,,,,,,,,,,,,,,,,,,,,,,,,,,,,,,,,,,,,,,,,,,,,,,,,,,,,,,,,,,,,,,,,,,,,,,,,,,,,,,,,,,,,,,,,,,,*/pˌɒːðɾˈitɪ/,,,,,,,,,,,,,,,,,,,,,,,,,,,,,,,,,,,,,,,,,,,,,,,,,,,,,,,,,,,,,,,,,,,,,,,,,,,,,,,,,,,,,,,,,,,,,,,,,,,,,,,,,,,,,,,,,,,,
R375,,,,,,,,,,,,,,,*/ˈiəzəɾə/,,,,,,,,,,,,,,,,,,,,,,,,,,,,,,,,,,,,,,,,,,,,,,,,,,,,,,,,,,,,,,,,,,,,,,,,,,,,,,,,,,,,,,,,,,,,,,,,,,,,,,,,,,,,,,,,,,,,,,,,,,,,,,,,,,,,,,,,,,,,,,,,,,,,,,,,,,,,*/t͡ʃˈiəɾðɑ/,,,,,,,,,,,,,,,,,,,,,,,,,,,,,,,,,,,,,,,,,,,,,,,,,,,,,,,,,,,,,,,,,,,,,,,,,,,,,,,,,,,,,,,,,,,,,,,,,,,,,,,,,,,,,,,,,,,,,,,,,*/zˌɑbˈuəɪ/,,,,,,,,,,,,,,,,,,,,,,,,,,,,,,,,,,,,,,,,,,,,,,,,,,,,,,,,,,,,,,,,,,,,,,,,,,,,,,,,,,,,,,,,,,,,,,,,,,,,,,,,,,,,,,,,,,,,,,,,,,,,,,,,,,,,,,,,,,,,,,,,,,,,,,,,,,,,,,,,,,,,,,,,,,,,,,,,,,,,,,,,,,,,,,,,,,,,,,,,,,,,,,,,,,,,,,,,
R376,,,,,,,,,,,,,,,,,,,,,,,,,,,,,,,,,,,,,,,,,,,,,,,,,,,,,,,,,,,,,,,,,,,,,,,,,,,,,,,,,,,,,,,,,,,,,,,,,,,,,,,,,,,,,,,,,,,,,,,,,,,,,,,,,,,,,,,,,,,,,,,,,,,,,,,,,,,,,,,,,,,,,,,,,,,,,,,,,,,,,,,,,,,,,,,,,,,,,,,,,,,,,,,,,,,,,,,,,,,,,,,,,,,,,,,,,,,,,,,,,,,,,,,,,,,,,,,,,,,,,,,,,,,,,,,,,,,,,,,,,,,,,,,,,,,,,,,,,,,,,,,,,,,,,,,,,,,,,,,,,,,,,,,,,,,,,,,,,,,,,,,,,,,,,,,,,,,,,,,,,,,,,,,,,,,,,,,,,,,,,,,,,,,,,,,,,,,,,,,,,,,,,,,,,,,,,,,,,,,,,,,,,,,,,,,,,,,,,,,,,,,,,,,,,,,,,,,,,,,,,,,,,,,,,,,,,,,,,,,,,,,,,,,,,,,,,,,,,,,,,,,,,,,,
R377,,,,,,,,,,,,,,,,,,,,,,,,,,,,,,,,,,,,,,,,,,,,,,,,,,,,,,,,,,,,,,,,,,,,,,,,,,,,,,,,,,,,,,,,,,,,,,,,,,,,,,,,,,,,,,,,,,,,,,,,,,,,,,,,,,,,,,,,,,,,,,,,,,,,,,,,,,,,,,,,,,,,,,,,,,,,,,,,,,,,,,,,,,,,,,,,,,,,,,,,,,,,,,,,,,,,,,,,,,,,,,,,,,,,,,,,,,,,,,,,,,,,,,,,,,,,,,,,,,,,,,,,,,,,,,,,,,,,,,,,,,,,,,,,,,,,*/zˌɑbˈuə/,,,,,,,,,,,,,,,,,,,,,,,,,,,,,,,,,,,,,,,,,,,,,,,,,,,,,,,,,,,,,,,,,,,,,,,,,,,,,,,,,,,,,,,,,,,,,,,,,,,,,,,,,,,,,,,,,,,,,,,,,,,,,,,,,,,,,,,,,,,,,,,,,,,,,,,,,,,,,,,,,,,,,,,,,,,,,,,,,,,,,,,,,,,,,,,,,,,,,,,,,,,,,,,,,,,,,,,,
R378,,,,,,,,,,,,*/jˌɑɾˈuo̯/,,,*/ˈie̯zəɾə/,,,,,,,,,,,,,,,,,,,,,,,,,,,,,,,,,,,,,,,,,,,,,,,,,,,,,,,,,,,,,,,,,,,,,,,,,,,,,,,,,,*/ɡˌɑtˈuõ̯ɲ/,,,,,,,,,,,,,,,,,,,,,,,,,,,,,,,,,,,,,,,,,,,,,,,,,,,,,,,,,,,,,,,,,,,,,,,,,,*/t͡ʃˈie̯ɾðɑ/,,,,,,,,,,,,,,,,,,,*/ʃkˌuːo̯ɾðˈɛt͡sɪ/,,,,,,,,,,,,,,,,,,,,,,,,,,,*/tˌɒɾˈuo̯/,,,,,,,,,,,,,,,,,,,,,,,,,,,,,,,,,,,,,,,,,,,,,,,,,,,,,,,,,,,,,,,,,,,,,,,,,,,*/zˌɑbˈuo̯/,,,,,,,,,,,,,,,,,,,,,,,,,,,,,,,,,,,,,,,,,,,,,,,,,,,,,,,,,,,,,,,,,,,,,,,,,,,*/pˌɑdkˈuo̯/,,,,,,,,,,,,,,,,,,*/pˌɑdkˈuo̯/,,,,,,,,,,,,,,,,,,,,,,,,,,,,,,,,,,,,,,,,,,,,,,,,,,,,,,*/bˌuo̯lˈit͡sɑ/,,,,*/bˈuo̯lˠə/,,,,,,,,,,,,,*/wˌɒlkˈuo̯/,,,,,,,,,,*/wˌiɾˈuo̯/,,,,,,,,,,,,,,,,,,,,,,,,,,,,,,,,,,,,,,,,,,
R379,,,,,,,,,,,,,,,,,,,,,,,,,,,,,,,,,,,,,,,,,,,,,,,,,,,,,,,,,,,,,,,,,,,,,,*/kˈɒzɪlˠɪt͡sɑ/,,,,,,,,,,,,,,,,,,,,,,,,,,,,,,,,,,,,,,,,,,,,,,,,,,,,,,,,,,,,,,,,,,,,,,,,,,,,,,,,,,,,,,,,,,,,,,,,,,,,,,,,,,,,,,,,,,,,,,,,,,,,,,,,,,,,,,,,,,,,,,,,,,,,,,,,,,,,,,,,,,,,,,,,,,,,,,,,,,,,,,,,,,,,,,,,,,,,,,,,,,,,,,,,,,,,,,,,,,,,,,,,,,,,,,,,,,,,,,,,,,,,,,,,,,,,,,,,,,,,,,,,,,,,,,,,,,,,,,,,,,,,,,,,,,,,,,,,,,,,,,,,,,,,,,,,,,,,,,,,,,,,,,,,,,,,,,,,,,,,,,,,,,,,,,,,,,,,,,,,,,,,,,,,,*/bˌuo̯lˠˈit͡sɑ/,,,,,,,,,,,,,,,,,,,,,,,,,,,,,,,,,,,,,,,,,,,,,,,,,,,,,,,,,,,,,,,,,,,,,
R380,,,,,,,,,,,,,,,,,,,,,,,,,,,,,,,,,,,,,,,,,,,,,,,,,,,,,,,,,,,,,,,,,,,,,,,,,,,,,,,,,,,,,,,,,,,,,,,,,,,,,*/ɡˈɑʎɪɡɑ/,,,,,,,,,,,,,,,,,,,,,,,,,,,,,,,,,,,,,,,,,,,,,,,,,,,,,,,,,,,,,,,,,,,,,,,,,,,,,,,,,,,,,,,,,,,,,,,,,,,,,,,,,,,,,,,,,,,,,,,,,,,,,,,,,,,,,,,,,,,,,,,,,,,,,,,,,,,,,,,,,,,,,,,,,,,,,,,,,,,,,,,,,,,,,,,,,,,,,,,,,,,,,,,,,,,,,,,,,,,,,,,,,,,,,,,,,,,,,,,,,,,,,,,,,,,,,,,,,,,,,,,,,,,,,,,,,,,,,,,,,,,,,,,,,,,,,,,,,,,,,,,,,,,,,,,,,,,,,,,,,,,,,,,,,,,,,,,,,,,,,,,,,,,,,,,,,,,,,,,,,,,,,,,,,,,,,,,,,,,,,,,,,,,,,,,,,,,,,,,,,,,,,,,
R381,,,,,*/xˌɑɾˌɑbˈɛlə/,,,,,,,,,,,,,,,,,,,,,,,,,,,,,,,,,,,,,,,,*/kɾˌisˈɑtə/,,,,*/kˌɑ̃mˈiʃtə/,,,*/kˈʊɾsə/,,,,,,,,,,,,,*/kˌɒpɾˈɪ̃nəskɑ/,,,,,*/kˈɒzəlˠət͡sɑ/,,,,,,,,,,*/klˠˌɑːpˈitə/,,*/kˌɒlt͡ʃˈitə/,,,,,,,,,,,,,*/kɾˌɑxˈitə/,,,,,,*/ɡˈɑʎəɡɑ/,,,*/ɡˌʊltˈitə/,,*/kˌɔːʷɾxˈɑtə/,,,,,,*/ɡˌɔːʷɾðˈitə/,*/ɡˌɔːʷɾðlˈɑsə/,,,,,,,*/ɡˌɒstˈɪ̃nəskɑ/,,,,,,,,,,,,,,*/ɡɾˈɒzdələ/,*/ɡˈʊɾʃtə/,*/lˠˌɑpˈuʃə/,,,,,,,*/lˠˌɒmˈitə/,,,,,,,,,,,,*/kʎˈyːt͡ʃə/,,*/ɡlˌɒ̃bɒt͡ʃˈɑɾə/,,,,,,,,*/t͡ʃərːˈɑvɑ/,,,,,,,,,,,,,,,,,,,*/ʃˈɛləsɑ/,,,,*/ʃˌuːˈɛsə/,,*/ʃkˌuːo̯ɾðˈɛt͡sə/,*/ʃkˌɒːpˈitə/,,,,,,,,,,,,,,,,*/tˌʊɾkˈɑtə/,*/təɾpˈiːtə/,,,,,,,,,,,,,,,,,,,*/trˌɒ̃tˈitə/,,,*/dəʃnˈit͡sɑ/,,,,,,,,,,,,,,,,,,,,,*/t͡sˈɑɾəbɑ/,*/t͡sərːˈiðlˠə/,*/t͡sərːˈikə/,,,,,,,,,,,,*/sˌɛ̃ˈitə/,,,,,,,,,,,,,,,,,,,,,,,,,,,,*/zˌɑ̃nbˈiʃtə/,,,,,,,,,,,,,,,,,,,,,,,,,,,,,,,,,,,,,,*/lˌuxˈɑtə/,,,,,*/rˌɑɡˈɑlə/,,*/wˌɒɾbˈɛt͡sə/,,,,,,,,,,,,,,*/ɾˌɑ̃nɡˈɑtə/,,,,,,,,,,,,,,,,,,,,*/pˌɑ̃ndˈɑɾə/,,,,,,,,,,,,,,,,,,,*/pˌɒɾˌɑ̃nsˈitə/,*/pˌɒːðɾˈitə/,,,,,,,,,,,,,,*/pəlˈɛ̃nkɑ/,,*/pɾˈɑxə/,,*/prˌɒ̃dˈitə/,,,,*/bˌɑɾðmˈɒʃə/,,,,,,*/bˌʊɾtwˈɑtə/,,,,,,,,,,,,,,,,,,,,,,,,,,*/bˌælˠˈuʃə/,,,,,,,,,,,,*/wˌɪɾtˈiːtə/,,*/wˌɪɾwˈitə/,,,,,,,,,,,,,,,,*/wəɾˈɑɡɑ/,,,,,,,,,,,,,,,,,,,,*/mˌɔːʷðlˈitə/,,,,,,,,*/mˌʊʒˈɪ̃nəskɑ/,,,*/ə̃nbəxˈɑtə/,*/ə̃npɾˈɑzdnə/
R382,,,,,,,,,,,,,,,,,,,,,,,,,,,,,,,,,,,,,,,,,,,,,,,,,,,,,,,,,,,,,,,,,,,,,,,,,,,,,,,,,,,,,,,,,,,,,,,,,,,,,,,,,,,,,,,,,,,*/ɡɾˌẽmˈɑðɑ/,,,,,,,,,,,,,,,,,,,,,,,,,,,,,,,,,,,,,,,,,,*/ɡlˌẽbɒt͡ʃˈɑɾə/,,,,,,,,,,,,,,,,,,,,,,,,,,,,,,,,,,,,,,,,,,,,,,,,,,,,,,,,,,,,,,,,,,,,,,*/trˌɔ̃tˈitə/,,,,,,,,,,,,,,,,,,,,,,,,,,,,,,,,,,,,,,,,,,,*/sˌɔ̃dˈɔɲ/,,,,,,,,,,,,,,,,,,,,,,,,,,,,,,,,,,,,,,,,,,,,,,,,,,,,,,,,,,,,,,,,,,,,,,,,,,,,,,,,,,,,,,,,,,,,,,,,,,,,,,,,,,,,,,,,,,,,,,,,,,,,,,,,,,,,,,,,,,,,*/prˌɔ̃dˈitə/,,,,,,,,,,,,,,,,,,,,,,,,,,,,,,,,,,,,,,,,,,,,,,,,,,,,,,,,,,,,,,,,,,,,,,,,,,,,,,,,,,,,,,,,,,,,,,,,,,
R383,,,,,,,,,,,,,,,,,,,,,,,,,,,,,,,,,,,,,,,,,,,,,,,,,,,,,,,,,,,,,,,,,,,,,,,,,,,,,,,,,,,,,,,,,,,,,,,,,,,,,,,,,,,,,,,,,,,*/ɡɾˌə̃mˈɑðɑ/,,,,,,,,,,,,,,,,,,,,,,,,,,,,,,,,,,,,,,,,,,*/ɡlˌə̃bɒt͡ʃˈɑɾə/,,,,,,,,,,,,,,,,,,,,,,,,,,,,,,,,,,,,,,,,,,,,,,,,,,,,,,,,,,,,,,,,,,,,,,,,,,,,,,,,,,,,,,,,,,,,,,,,,,,,,,,,,,,,,,,,,,,,,,,,,,,,,,,,,,,,,,,,,,,,,,,,,,,,,,,,,,,,,,,,,,,,,,,,,,,,,,,,,,,,,,,,,,,,,,,,,,,,,,,,,,,,,,,,,,,,,,,,,,,,,,,,,,,,,,,,,,,,,,,,,,,,,,,,,,,,,,,,,,,,,,,,,,,,,,,,,,,,,,,,,,,,,,,,,,,,,,,,,,,,,,,,,,,,,,,,,,,,,,,,,,,,,,,,,,,,,,,,,,,,,,,,,,,,,,,
R384,,,,,,,,,,,,,,,,,,,,,,,,,,,,,,,,,,,,,,,,,,,,,,,,,,,,,,,,,,,,,,,,,,,,,,,,,,,,,,,,,,,,,,,,,,,,,,,,,,,,,,,,,,,,,,,,,,,,,,,,,,,,,,,,,,,,,,,,,,,,,,,,,,,,,,,,,,,,,,,,,,,,,,,,,,,,,,,,,,,,,,,,,*/ʃˈɛ̃nbɾə/,,,,,,,,,,,,,,,,,,,,,,,,,,,,,,,,,,,,,,,,,,,,,,,,,,,,,,,,,,,,,,,,,,,,,,,,,,,,,,,,,,,,,,,,,,,,,,,,,,,,,,,,,,,,,,,,,,,,,,,,,,,,,,,,,,,,,*/lˌɛːʃnˈit͡sɑ/,,,,*/lˈɛːʃɲɑ/,,,,,,,,,,,,,,,,,,,,*/ɾˈɛ̃ndə/,,,,,,,,,,,,,,,,,,,,,,,,,,,,,,,,,,,,,,,,,,,,,,,,*/pˌɒɾˈɛ̃ndə/,,,,,,,,,,,,,,,,,,,,,,,,,,,,,,,,,,,,,,,,,,,,,,,,,,,,,,,,,,,,,,,,,,,,,,,,,,,,,,,,,,,,,,,,,,,,,,,,,,,,,,,,,,,,,,,,,,,,,,
R385,,,,,,,,,,,,,,,,,,,,,,,,,,,,,,,,,,,,,,,,,,,,,,,,,,,,,,,,,,,,,,,,,,,,,,,,,,,,,,,,,,,,,,,,,,,,,,,,,,,,,,,,,,,,,,,,,,,,,,,,,,,,,,,,,,,,,,,,,,,,,,,,,,,,,,,,,,,,,,,,,,,,,,,,,,,,,,,,,,,,,,,,,,,,,,,,,,,,,,,,,,,,,,,,,,,,,,,,,,,,,,,,,,,,,,,,,,,,,,,,,,,,,,,,,,,,,,,,,,,,,,,,,,,,,,,,,,,,,,,,,,,,,,,,,,,,,,,,,,,,,,,,,,,,,,,,,,,,,,,,,,,,,,,,,,,,,,,,,,,,,,,,,,,,,,,,,,,,,,,,,,,,,,,,,,,,,,,,,,,,,,,,,,,,,,,,,,,,,,,,,,,,,,,,,,,,,,,,,,,,,,,,,,,,,,,,,,,,,,,,,,,,,,,,,,,,,,,,,,,,,,,,,,,,,,,,,,,,,,,,,,,,,,,,,,,,,,,,,,,,,,,,,,,,
R386,,,,,,,,,,,,,,,,,,,,,,,,,,,,,,,,,,,,,,,,,,,,,,,,,,,,,,,,,,,,,,,,,,,,,,,,,,,,,,,,,,,,,,,,,,,,,,,,,,,,,,,,,,,,,,,,,,,,,,,,,,,,,,,,,,,,,,,,,,,,,,,,,,,,,,,,,,,,,,,,,,,,,,,,,,,,,,,,,,,,,,,,,,,,,,,,,,,,,,,,,,,,,,,,,,,,,,,,,,,,,,,,,,,,,,,,,,,,,,,,,,,,,,,,,,,,,,,,,,,,,,,,,,,,,,,,,,,,,,,,,,,,,,,,,,,,,,,,,,,,,,,,,,,,,,,,,,,,,,,,,,,,,,,,,,,,,,,,,,,,,,,,,,,,,,,,,,,,,,,,,,,,,,,,,,,,,,,,,,,,,,,,,,,,,,,,,,,,,,,,,,,,,,,,,,,,,,,,,,,,,,,,,,,,,,,,,,,,,,,,,,,,,,,,,,,,,,,,,,,,,,,,,,,,,,,,,,,,,,,,,,,,,,,,,,,,,,,,,,,,,,,,,,,,
R387,,,,,,,,,,,,,,,,,,,,,,,,,,,,,,,,,,,,,,,,,,,,,,,,,,,,,,,,,,,,,,,,,,,,,,,,,,,,,,,,,,,,,,,,,,,,,,,,,,,,,*/ɡˈɑʎɡɑ/,,,,,,,,,,,,,,,,,,,,,,,,,,,,,,,,,,,,,,,,,,,,,,,,,,,,,,,,,,,,,,*/t͡ʃˈɑpkɑ/,,,,,,,,,,,,,,,,,,,,,,,,,,,,,,,,,,,,,,,,,,,,,,,,,,,,,,,,,,,,,,,,,,,,,,,,,,,,,,,,,,,,,,,,,,,,,,,,,,,,,,,,,,,,,,,,,,,,,,,,,,,,,,,,,,,,,,,,,,,,,,,,,,,,,,,,,,,,,,,,,,,,,,,,,,,,,,,,,,,,,,,,,,,,,,,,,,,,,,,,,,,,,,,,,,,,,,,,,,,,,,,,,,,,,,,,,,,,,,,,,,,,,,,,,,,,,,,,,,,,,,,*/bˌælˠɡrˈɑt/,,,,,,,,,,,,,,,,,,,,,,,,,,,,,,,,,,,,,,,,,,,,,,,,,,,,,,,,,,,,,,,,,,,,,,,,,,,,,,,,,,
R388,,,,,,,,,,,,,,,,,,,,,,,,,,,,,,,,,,,,,,,,,,,,,,,,,,,,,,,,,,,,,,,,,,,,,,,,,,,,,,,,,,,,,,,,,,,,,,,,,,,,,,,,,,,,,,,,,,,,,,,,,,,,,,,,,,,,,,,,,,,,,,,,,,,,,,,,,,,,,,,,,,,,,,,,,,,,,,,,,,,,,,,,,,,,,,,,,,,,,,,,,,,,,,,,,,,,,,,,,,,,,,,,,,,,,,,,,,,,,,,,,,,,,,,,,,,,,,,,,,,,,,,,,,,,,,,,,,,,,,,,,,,,,,,,,,,,,,,,,,,,,,,,,,,,,,,,,,,,,,,,,,,,,,,,,,,,,,,,,,,,,,,,,,,,,,,,,,,,,,,,,,,,,,,,,,,,,,,,,,,,,,,,,,,,,,,,,,,,,,,,,,,,,,,,,,,,,,,,,,,,,,,,,,,,,,,,,,,,,,,,,,,,,,,,,,,,,,,,,,,,,,,,,,,,,,,,,,,,,,,,,,,,,,,,,,,,,,,,,,,,,,,,,,,,
R389,,,,,,,,,,,,,,,,,,,,,,,,,,,,,,,,,,,,,,,,,,,,,,,,,,,,,,,,,,,,,,,,,,,,,,,,,,,,,,,,,,,,,,,,,,,,,,,,,,,,,,,,,,,,,,,,,*/ɡˌɔːʷɾlˈɑsə/,,,,,,,,,,,,,,,,,,,,,,,,,,,,,,,,,,,,,,,,*/klˌɛpˈɑːlˠɒ/,,,,,,,,,,,,,,,,,,,,,,,,,,,,,,,,,,,,,,,,,,,,,,,,,,,,,,,,,,,,,*/tˌɒt͡ʃˈiːlˠɑ/,,,,,,,,,,,,,,,,,,,,,,,,,,,,,,,,,,,,,,*/t͡sərːˈilˠə/,,,,,,,,,,,,,,,,,,,,,,,,,,,,,,,,,,,,,,,,,,,,,,,,,,,,,,,,,,,,,,,,,,,,,,,,,,,,,,,,,,,,,,,,,,,,,,,,,,,,,,,,,,,,,,,,,,,,,,,,,,,,,,,,,,,,,,,,,,,,*/pˌɒːɾˈitə/,,,,,,,,,,,,,,,,,,,,,,*/bˌɑɾmˈɒʃə/,,,,,,,,,,,,,,,,,,,,,,,,,,,,,,,,,,,,,,,,,,,,,,,,,,,,,,,,,,,*/wˌʊlkɒːlˠˈɑkə/,,,,,,,,,,,,,,,,,,,,,,,*/mˌɔːʷlˈitə/,,,,,,,,,,,,
R390,,,,,,,,,,,,,,,,,,,,,,,,,,,,,,,,,,,,,,,,,,,,,,,,,,,,,,,,,,,,,,,,,,,,,,,,,,,,,,,,,,,,,,,,,,,,,,,,,,,,,,,,,,,,,,,,,,,,,,,,,,,,,,,,,,,,,,,,,,,,,,,,,,,,,,,,,,,,,,,,,,,,,,,,,,,,,,,,,,,,,,,,,,,,,,,,,,,,,,,,,,,,,,,,,,,,,,,,,,,,,,,,,,,,,,,,,,,,,,,,,,,,,,,,,,,,,,,,,,,,,,,,,,,,,,,,,,,,,,,,,,,,,,,,,,,,,,,,,,,,,,,,,,,,,,,,,,,,,,,,,,,,,,,,,,,,,,,,,,,,,,,,,,,,,,,,,,,,,,,,,,,,,,,,,,,,,,,,,,,,,,,,,,,,,,,,,,,,,,,,,,,,,,,,,,,,,,,,,,,,,,,,,,,,,,,,,,,,,,,,,,,,,,,,,,,,,,,,,,,,,,,,,,,,,,,,,,,,,,,,,,,,,,,,,,,,,,,,,,,,,,,,,,,,
R391,,,,,,,,,,,,,,,,,,,,,,,,,,,,,,,,,,,,,,,,,,,,,,,,,,,,,,,,,,,,,,,,,,,,,,,,,,,,,,,,,,,,,,,,,,,,,,,,,,,,,,,,,,,,,,,,,,,,,,,,,,,,,,,,,,,,,,,,,,,,,,,,,,,,,,,,,,,,,,,,,,,,,,,,,,,,,,,,,,,,,,,,,,,,,,,,,,,,,,,,,,,,,,,,,,,,,,,,,,,,,,,,,,,,,,,,,,,,,,,,,,,,,,,,,,,,,,,,,,,,,,,,,,,,,,,,,,,,,,,,,,,,,,,,,,,,,,,,,,,,,,,,,,,,,,,,,,,,,,,,,,,,,,,,,,,,,,,,,,,,,,,,,,,,,,,,,,,,,,,,,,,,,,,,,,,,,,,,,,,,,,,,,,,,,,,,,,,,,,,,,,,,,,,,,,,,,,,,,,,,,,,,,,,,,,,,,,,,,,,,,,,,,,,,,,,,,,,,,,,,,,,,,,,,,,,,,,,,,,,,,,,,,,,,,,,,,,,,,,,,,,,,,,,,
R392,,,,,,,,,,,,,,,,,,,,,,,,,,,,,,,,,,,,,,,,,,,,,,,,,,,,,,,,,,,,,,,,,,,,,,,,,,,,,,,,,,,,,,,,,,,,,,,,,,,,,,,,,,,,,,,,,,,,,,,,,,,,,,,,,,,,,,,,,,,,,,,,,,,,,,,,,,,,,,,,,,,,,,,,,,,,,,,,,,,,,,,,,,,,,,,,,,,,,,,,,,,,,,,,,,,,,,,,,,,,,,,,,,,,,,,,,,,,,,,,,,,,,,,,,,,,,,,,,,,,,,,,,,,,,,,,,,,,,,,,,,,,,,,,,,,,,,,,,,,,,,,,,,,,,,,,,,,,,,,,,,,,,,,,,,,,,,,,,,,,,,,,,,,,,,,,,,,,,,,,,,,,,,,,,,,,,,,,,,,,,,,,,,,,,,,,,,,,,,,,,,,,,,,,,,,,,,,,,,,,,,,,,,*/bˌæɡrˈɑt/,,,,,,,,,,,,,,,,,,,,,,,,,,,,,,,,,,,,,,,,,,,,,,,,,,,,,,,,,,,,,,,,,,,,,,,,,,,,,,,,,,
R393,,,,,,,,,,,,,,,,,,,,,,,,,,,,,,,,,,,,,,,,,,,,,,,,,,,,,,,,,,,,,,,,,,,,,,,,,,,,,,,,,,,,,,,,,,,,,,,,,,,,,,,,,,,,,,,,,,,,,,,,,,,,,,,,,,,,,,,,,,,,,,,,,,,,,,,,,,,,,,,,,,,,,,,,,,,,,,,,,,,,,,,,,,,,,,,,,,,,,,,,,,,,,,,,,,,,,,,,,,,,,,,,,,,,,,,,,,,,,,,,,,,,,,,,,,,,,,,,,,,,,,,,,,,,,,,,,,,,,,,,,,,,,,,,,,,,,,,,,,,,,,,,,,,,,,,,,,,,,,,,,,,,,,,,,,,,,,,,,,,,,,,,,,,,,,,,,,,,,,,,,,,,,,,,,,,,,,,,,,,,,,,,,,,,,,,,,,,,,,,,,,,,,,,,,,,,,,,,,,,,,,,,,,,,,,,,,,,,,,,,,,,,,,,,,,,,,,,,,,,,,,,,,,,,,,,,,,,,,,,,,,,,,,,,,,,,,,,,,,,,,,,,,,,,
R394,,,,,,,,,,,,,,,,,,,,,,,,,,,,,,,,,,,,,,,,,,,,,,,,,,,,,,,,,,,,,,,,,,,,,,,,,,,,,,,,,,,,,,,,,,,,,,,,,,,,,,,,,,,,,,,,,,,,,,,,,,,,,,,,,,,,,,,,,,,,,,,,,,,,,,,,,,,,,,,,,,,,,,,,,,,,,,,,,,,,,,,,,,,,,,,,,,,,,,,,,,,,,,,,,,,,,,,,,,,,,,,,,,,,,,,,,,,,,,,,,,,,,,,,,,,,,,,,,,,,,,,,,,,,,,,,,,,,,,,,,,,,,,,,,,,,,,,,,,,,,,,,,,,,,,,,,,,,,,,,,,,,,,,,,,,,,,,,,,,,,,,,,,,,,,,,,,,,,,,,,,,,,,,,,,,,,,,,,,,,,,,,,,,,,,,,,,,,,,,,,,,,,,,,,,,,,,,,,,,,,,,,,,,,,,,,,,,,,,,,,,,,,,,,,,,,,,,,,,,,,,,,,,,,,,,,,,,,,,,,,,,,,,,,,,,,,,,,,,,,,,,,,,,,
R395,,,,,,,,,,,,,,,,,,,,,,,,,,,,,,,,,,,,,,,,,,,,,,,,,,,,,,,,,,,,,,,,,,,,,,,,,,,,,,,,,,,,,,,,,,,,,,,,,,,,,,,,,,,,,,,,,,,,,,,,,,,,,,,,,,,,,,,,,,,,,,,,,,,,,,,,,,,,,,,,,,,,,,,,,,,,,,,,,,,,,,,,,,,,,,,,,,,,,,,,,,,,,,,,,,,,,,,,,,,,,,,,,,,,,,,,,,,,,,,,,,,,,,,,,,,,,,,,,,,,,,,,,,,,,,,,,,,,,,*/sˈukulˠu/,,,,,,,,,,,,,,,,,,,,,,,,,,,,,,,,,,,,,,,,,,,,,,,,,,,,,,,,,,,,,,,,,,,,,,,,,,,,,,,,,,,,,,,,,,,,,,,,,,,,,,,,,,,,,,,,,,,,,,,,,,,,,,,,,,,,,,,,,,,,,,,,,,,,,,,,,,,,,,,,,,,,,,,,,,,,,,,,,,,,,,,,,,,,,,,,*/βˈɔkʊlˠu/,,,,,,,,,,,,,,,,,,,,,,,,,,,,,,,,,,,,,,
R396,,,,,,,,,,,,,,,,,,,,,,,,,,,,,,,,,,,,,,,,,,,,,,,,,,,,,,,,,,,,,,,,,,,,,,,,,,,,,,,,,,,,,,,,,,,,,,,,,,,,,,,,,,,,,,,,,,,,,,,,,,,,,,,,,,,,,,,,,,,,,*/lˠˈɑzʊɾu/,,,,,,,,,,,,,,,,,,,,,,,,,,,,,,,,,,,,,,,,,,,,,,,,,,,,,,,,,,,,,,,,,,,,,,,,,,,,,,,*/tˈɒpʊɾu/,,,,,,,,,,,,,,,,,,,,,,,,,,,,,,,,,,,,,,,,,,,,,,,,,,,,,,,,,,,,*/slˈufuɾu/,,,,,,,,,,,,,,,,,,,,,,,,,,,,,,,,,,,,,,,,,,,,,,,,,,,,,,,,,,,,,,,,,,,,,,,,,,,,,,,,,,,,,,,,,,,,,,,,,,,,,,,,,,,,,,,*/pˌɒɾˌɔ̃nsˈitə/,,,,,,,,,,,,,,,,,,,,,,,,,,,,,,,,,,,,,,,,,,,,,,,,,,,,,,,,,,,,,,,,,,,,,,,,,,,,,,,,,,,,,,,,,,,,,,,,,,,,,,,,,,,,*/mˌɒɾˌɔβˈit͡sɑ/,*/mˌɒɾɔβˈinɑ/,,,,,,,,
R397,,,,,,,,,,,,,,,,,,,,,,,,,,,,,,,,,,,,,,,,,,,,,,,,,,,,,,,,,,,,,,,,,,,,,,,,,,,,,,,,,,,,,,,,,,,,,,,,,,,,,,,,,,,,,,,,,,,,,,,,,,,,,,,,,,,,,,,,,,,,,,,,,,,,,,,,,,,,,,,,,,,,,,,,,,,,,,,,,,,,,,,,,,,,,,,,,,,,,,,,,,,,,,,,,,,,,,,,,,,,,,,,,,,,,,,,,,,,,,,,,,,,,,,,,,,,,,,,,,,,,,,,,,,,,,,,,,,,,,,,,,,,,,,,,,,,,,,,,,,,,,,,,,,,,,,,,,,,,,,,,,,,,,,,,,,,,,,,,,,,,,,,,,,,,,,,,,,,,,,,,,,,,,,,,,,,,,,,,,,,,,,,,,,,,,,,,,,,,,,,,,,,,,,,,,,,,,,,,,,,,,,,,,,,,,,,,,,,,,,,,,,,,,,,,,,,,,,,,,,,,,,,,,,,,,,,,,,,,,,,,,,,,,,,,,,,,,,,,,,,,,,,,,,,
R398,,,,,,,,,,,,,,,,,,,,,,,,,,,,,,,,,,,,,,,,,,,,,,,,,,,,,,,,,,,,,,,,,,,,,,,,,,,,,,,,,,,,,,,,,,,,,,,,,,,,,,,,,,,,,,,,,,,,,,,,,,,,,,,,,,,,,,,,,,,,,,,,,,,,,,,,,,,,,,,,,,,,,,,,,,,,,,,,,,,,,,,,,,,,,,,,,,,,,,,,,,,,,,,,,,,,,,,,,,,,,,,,,,,,,,,,,,,,,,,,,,,,,,,,,,,,,,,,,,,,,,,,,,,,,,,,,,,,,,,,,,,,,,,,,,,,,,,,,,,,,,,,,,,,,,,,,,,,,,,,,,,,,,,,,,,,,,,,,,,,,,,,,,,,,,,,,,,,,,,,,,,,,,,,,,,,,,,,,,,,,,,,,,,,,,,,,,,,,,,,,,,,,,,,,,,,,,,,,,,,,,,,,,,,,,,,,,,,,,,,,,,,,,,,,,,,,,,,,,,,,,,,,,,,,,,,,,,,,,,,,,,,,,,,,,,,,,,,,,,,,,,,,,,,
R399,,,,,,,,,,,,,,,,,,,,,,,,,,,,,,,,,,,,,,,,,,,,,,,,,,,,,,,,,,,,,,,,,,,,,,,,,,,,,,,,,,,,,,,,,,,,,,,,,,,,,,,,,,,,,,,,,,,,,,,,,,,,,,,,,,,,,,,,,,,,,,,,,,,,,,,,,,,,,,,,,,,,,,,,,,,,,,,,,,,,,,,,,,,,,,,,,,,,,,,,,,,,,,,,,,,,,,,,,,,,,,,,,,,,,,,,,,,,,,,,,,,,,,,,,,,,,,,,,,,,,,,,,,,,,,,,,,,,,,,,,,,,,,,,,,,,,,,,,,,,,,,,,,,,,,,,,,,,,,,,,,,,,,,,,,,,,,,,,,,,,,,,,,,,,,,,,,,,,,,,,,,,,,,,,,,,,,,,,,,,,,,,,,,,,,,,,,,,,,,,,,,,,,,,,,,,,,,,,,,,,,,,,,,,,,,,,,,,,,,,,,,,,,,,,,,,,,,,,,,,,,,,,,,,,,,,,,,,,,,,,,,,,,,,,,,,,,,,,,,,,,,,,,,,
R400,,,,,,,,,,,,,,,,,,,,,,,,,,,,,,,,,,,,,,,,,,,,,,,,,,,,,,,,,,,,,,,,,,,,,,,,,,,,,,,,,,,,,,,,,,,,,,,,,,,,,,,,,,,,,,,,,,,,,,,,,,,,,,,,,,,,,,,,,,,,,,,,,,,,,,,,,,,,,,,,,,,,,,,,,,,,,,,,,,,,,,,,,,,,,,,,,,,,,,,,,,,,,,,,,,,,,,,,,,,,,,,,,,,,,,,,,,,,,,,,,,,,,,,,,,,,,,,,,,,,,,,,,,,,,,,,,,,,,,,,,,,,,,,,,,,,,,,,,,,,,,,,,,,,,,,,,,,,,,,,,,,,,,,,,,,,,,,,,,,,,,,,,,,,,,,,,,,,,,,,,,,,,,,,,,,,,,,,,,,,,,,,,,,,,,,,,,,,,,,,,,,,,,,,,,,,,,,,,,,,,,,,,,,,,,,,,,,,,,,,,,,,,,,,,,,,,,,,,,,,,,,,,,,,,,,,,,,,,,,,,,,,,,,,,,,,,,,,,,,,,,,,,,,,
R401,,,,,,,,,,,,,,,,,,,,,,,,,,,,,,,,,,,,,,,,,,,,,,,,,,,,,,,,,,,,,,,,,,,,,,,,,,,,,,,,,,,,,,,,,,,,,,,,,,,,,,,,,,,,,,,,,,,,,,,,,,,,,,,,,,,,,,,,,,,,,,,,,,,,,,,,,,,,,,,,,,,,,,,,,,,,,,,,,,,,,,,,,,,,,,,,,,,,,,,,,,,,,,,,,,,,,,,,,,,,,,,,,,,,,,,,,,,,,,,,,,,,,,,,,,,,,,,,,,,,,,,,,,,,,,,,,,,,,,,,,,,,,,,,,,,,,,,,,,,,,,,,,,,,,,,,,,,,,,,,,,,,,,,,,,,,,,,,,,,,,,,,,,,,,,,,,,,,,,,,,,,,,,,,,,,,,,,,,,,,,,,,,,,,,,,,,,,,,,,,,,,,,,,,,,,,,,,,,,,,,,,,,,,,,,,,,,,,,,,,,,,,,,,,,,,,,,,,,,,,,,,,,,,,,,,,,,,,,,,,,,,,,,,,,,,,,,,,,,,,,,,,,,,,
R402,,,,,,,,,,,,,,,,,,,,,,,,,,,,,,,,,,,,,,,,,,,,,,,,,,,,,,,,,,,,,,,,,,,,,,,,,,,,,,,,,,,,,,,,,,,,,,,,,,,,,,,,,,,,,,,,,,,,,,,,,,,,,,,,,,,,,,,,,,,,,,,,,,,,,,,,,,,,,,,,,,,,,,,,,,,,,,,,,,,,,,,,,,,,,,,,,,,,,,,,,,,,,,,,,,,,,,,,,,,,,,,,,,,,,,,,,,,,,,,,,,,,,,,,,,,,,,,,,,,,,,,,,,,,,,,,,,,,,,,,,,,,,,,,,,,,,,,,,,,,,,,,,,,,,,,,,,,,,,,,,,,,,,,,,,,,,,,,,,,,,,,,,,,,,,,,,,,,,,,,,,,,,,,,,,,,,,,,,,,,,,,,,,,,,,,,,,,,,,,,,,,,,,,,,,,,,,,,,,,,,,,,,,,,,,,,,,,,,,,,,,,,,,,,,,,,,,,,,,,,,,,,,,,,,,,,,,,,,,,,,,,,,,,,,,,,,,,,,,,,,,,,,,,,
R403,,,,,,,,,,,,,,,,,,,,,,,,,,,,,,,,,,,,,,,,,,,,,,,,,,,,,,,,,,,,,,,,,,,,,,,,,,,,,,,,,,,,,,,,,,,,,,,,,,,,,,,,,,,,,,,,,,,,,,,,,,,,,,,,,,,,,,,,,,,,,,,,,,,,,,,,,,,,,,,,,,,,,,,,,,,,,,,,,,,,,,,,,,,,,,,,,,,,,,,,,,,,,,,,,,,,,,,,,,,,,,,,,,,,,,,,,,,,,,,,,,,,,,,,,,,,,,,,,,,,,,,,,,,,,,,,,,,,,,,,,,,,,,,,,,,,,,,,,,,,,,,,,,,,,,,,,,,,,,,,,,,,,,,,,,,,,,,,,,,,,,,,,,,,,,,,,,,,,,,,,,,,,,,,,,,,,,,,,,,,,,,,,,,,,,,,,,,,,,,,,,,,,,,,,,,,,,,,,,,,,,,,,,,,,,,,,,,,,,,,,,,,,,,,,,,,,,,,,,,,,,,,,,,,,,,,,,,,,,,,,,,,,,,,,,,,,,,,,,,,,,,,,,,,
R404,,,,,,,,,,,,,,,,,,,,,,,,,,,,,,,,,,,,,,,,,,,,,,,,,,,,,,,,,,,,,,,,,,,,,,,,,,,,,,,,,,,,,,,,,,,,,,,,,,,,,,,,,,,,,,,,,,,,,,,,,,,,,,,,,,,,,,,,,,,,,,,,,,,,,,,,,,,,,,,,,,,,,,,,,,,,,,,,,,,,,,,,,,,,,,,,,,,,,,,,,,,,,,,,,,,,,,,,,,,,,,,,,,,,,,,,,,,,,,,,,,,,,,,,,,,,,,,,,,,,,,,,,,,,,,,,,,,,,,,,,,,,,,,,,,,,,,,,,,,,,,,,,,,,,,,,,,,,,,,,,,,,,,,,,,,,,,,,,,,,,,,,,,,,,,,,,,,,,,,,,,,,,,,,,,,,,,,,,,,,,,,,,,,,,,,,,,,,,,,,,,,,,,,,,,,,,,,,,,,,,,,,,,,,,,,,,,,,,,,,,,,,,,,,,,,,,,,,,,,,,,,,,,,,,,,,,,,,,,,,,,,,,,,,,,,,,,,,,,,,,,,,,,,,
R405,,,,,,,,,,,,,,,,,,,,,,,,,,,,,,,,,,,,,,,,,,,*/kˌɑ̃mːˈit͡sɑ/,,,,,,,,,,,,,,,,,,,,,,,,,,,,,,,,,,,,,,,,,,,,,,,,,,,,,,,,,,,,,,,,,,,,,,,,,,,,,,,,,,,,,,,,,,,,,,,,,,,,,,,,,,,,,,,,,,,,,,,,,,,,,,,,,,,,,,,,,,,,,,,,,,,,,,,,,,,,,,,,,,,,,,,,,,,,,,,,,,,,,,,,,,,,,,,,,,,,,,,,,,,,*/dɾˈɔmːit͡sɑ/,,,,,,,,,,,,,,,,,,,,,,,,,,,*/skrˈɒmːɑ/,,,,,,,,,,,,,,,,,,,,,,,,,,,,,,,,,,,,,,,,,,,,,,,,,,,,,,,,,,,,,,,,,,,,,,,,,,,,,,,,,,,,,,,,,,,,,,,,,,,,,,,,,,,,,,,,,,,,,,,,,,,,,,,,,,,,,,,,,,,,,,,,,,,,,,,,,,,,,,,,,,,,,,,,,,,,,,,,,,,,,,,,,,,*/wˌɪɾmːˈikə/,,,,,,,,,,,,,,,,,,,,,,,,,,,,,,,,,,,,,,,,,,,,,,,
R406,,,,,,,,,,,,,,,,,,,,,,,,,,,,,,,,,,,,,,,,,,,,,,,,,,,,,,,,,,,,,,,,,,,,,,,,,,,,,,,,,,,,,,,,,,,,,,,,,,,,,,,,,,,,,,,,,,,,,,,,,,,,,,,,,,,,,,,,,,,,,,,,,,,,,,,,,,,,,,,,,,,,,,,,,,,,,,,,,,,,,,,,,,,,,,,,,,,,,,,,,,,,,,,,,,,,,,,,,,,,,,,,,,,,,,,,,,,,,,,,,,,,,,,,,,,,,,,,,,,,,,,,,,,,,,,,,,,,,,,,,,,,,,,,,,,,,,,,,,,,,,,,,,,,,,,,,,,,,,,,,,,,,,,,,,,,,,,,,,,,,,,,,,,,,,,,,,,,,,,,,,,,,,,,,,,,,,,,,,,,,,,,,,,,,,,,,,,,,,,,,,,,,,,,,,,,,,,,,,,,,,,,,,,,,,,,,,,,,,,,,,,,,,,,,,,,,,,,,,,,,,,,,,,,,,,,,,,,,,,,,,,,,,,,,,,,,,,,,,,,,,,,,,,,
R407,,,,,,,,,,,,,,,,,,,,,,,,,,,,,,,,,,,,,,,,,,,,,,,,,,,,,,,,,,,,,,,,,,,,,,,,,,,,,,,,,,,,,,,,,,,,,,,,,,,,,,,,,,,,,,,,,,,,,,,,,,,,,,,,,,,,,,,,,,,,,,,,,,,,,,,,,,,,,,,,,,,,,,,,,,,,,,,,,,,,,,,,,,,,,,,,,,,,,,,,,,,,,,,,,,,,,,,,,,,,,,,,,,,,,,,,,,,,,,,,,,,,,,,,,,,,,,,,,,,,,,,,,,,,,,,,,,,,,,,,,,,,,,,,,,,,,,,,,,,,,,,,,,,,,,,,,,,,,,,,,,,,,,,,,,,,,,,,,,,,,,,,,,,,,,,,,,,,,,,,,,,,,,,,,,,,,,,,,,,,,,,,,,,,,,,,,,,,,,,,,,,,,,,,,,,,,,,,,,,,,,,,,,,,,,,,,,,,,,,,,,,,,,,,,,,,,,,,,,,,,,,,,,,,,,,,,,,,,,,,,,,,,,,,,,,,,,,,,,,,,,,,,,,,
R408,,,,,,,,,,,,,,,,,,,,,,,,,,,,,,,,,,,,,,,,,,,,,,,,,,,,,,,,,,,,,,,,,,,,,,,,,,,,,,,,,,,,,,,,,,,,,,,,,,,,,,,,,,,,,,,,,,,,,,,,,,,,,,,,,,,,,,,,,,,,,,,,,,,,,,,,,,,,,,,,,,,,,,,,,,,,,,,,,,,,,,,,,,,,,,,,,,,,,,,,,,,,,,,,,,,,,,,,,,,,,,,,,,,,,,,,,,,,,,,,,,,,,,,,,,,,,,,,,,,,,,,,,,,,,,,,,,,,,,,,,,,,,,,,,,,,,,,,,,,,,,,,,,,,,,,,,,,,,,,,,,,,,,,,,,,,,,,,,,,,,,,,,,,,,,,,,,,,,,,,,,,,,,,,,,,,,,,,,,,,,,,,,,,,,,,,,,,,,,,,,,,,,,,,,,,,,,,,,,,,,,,,,,,,,,,,,,,,,,,,,,,,,,,,,,,,,,,,,,,,,,,,,,,,,,,,,,,,,,,,,,,,,,,,,,,,,,,,,,,,,,,,,,,,
R409,,,,,,,,,,,,,,,,,,,,,,,,,,,,,,,,,,,,,,,,,,,,,,,,,,,,,,,,,,,,,,,,,,,,,,,,,,,,,,,,,,,,,,,,,,,,,,,,,,,,,,,,,,,,,,,,,,,,,,,,,,,,,,,,,,,,,,,,,,,,,,,,,,,,,,,,,,,,,,,,,,,,,,,,,,,,,,,,,,,,,,,,,,,,,,,,,,,,,,,,,,,,,,,,,,,,,,,,,,,,,,,,,,,,,,,,,,,,,,,,,,,,,,,,,,,,,,,,,,,,,,,,,,,,,,,,,,,,,,,,,,,,,,,,,,,,,,,,,,,,,,,,,,,,,,,,,,,,,,,,,,,,,,,,,,,,,,,,,,,,,,,,,,,,,,,,,,,,,,,,,,,,,,,,,,,,,,,,,,,,,,,,,,,,,,,,,,,,,,,,,,,,,,,,,,,,,,,,,,,,,,,,,,,,,,,,,,,,,,,,,,,,,,,,,,,,,,,,,,,,,,,,,,,,,,,,,,,,,,,,,,,,,,,,,,,,,,,,,,,,,,,,,,,,
R410,,,,,,,,,,,,,,,,,,,,,,,,,,,,,,,,,,,,,,,,,,,,,,,,,,,,,,,,,,,,,,,,,,,,,,,,,,,,,,,,,,,,,,,,,,,,,,,,,,,,,,,,,,,,,,,,,,,,,,,,,,,,,,,,,,,,,,,,,,,,,,,,,,,,,,,,,,,,,,,,,,,,,,,,,,,,,,,,,,,,,,,,,,,,,,,,,,,,,,,,,,,,,,,,,,,,,,,,,,,,,,,,,,,,,,,,,,,,,,,,,,,,,,,,,,,,,,,,,,,,,,,,,,,,,,,,,,,,,,,,,,,,,,,,,,,,,,,,,,,,,,,,,,,,,,,,,,,,,,,,,,,,,,,,,,,,,,,,,,,,,,,,,,,,,,,,,,,,,,,,,,,,,,,,,,,,,,,,,,,,,,,,,,,,,,,,,,,,,,,,,,,,,,,,,,,,,,,,,,,,,,,,,,,,,,,,,,,,,,,,,,,,,,,,,,,,,,,,,,,,,,,,,,,,,,,,,,,,,,,,,,,,,,,,,,,,,,,,,,,,,,,,,,,,
R411,,,,,,,,,,,,,,,,,,,,,,,,,,,,,,,,,,,,,,,,,,,,,,,,,,,,,,,,,,,,,,,,,,,,,,,,,,,,,,,,,,,,,,,,,,,,,,,,,,,,,,,,,,,,,,,,,,,,,,,,,,,,,,,,,,,,,,,,,,,,,,,,,,,,,,,,,,,,,,,,,,,,,,,,,,,,,,,,,,,,,,,,,,,,,,,,,,,,,,*/ʃtˌʊɾmˈɛ̃nːə/,,,,,,,,,,,,,,,,,,,,,,,,,,,,,,,,,,,,,,,,,,,,,,,,,,,,,,,,,,,,,,,,,,,,,,,,,,,,,,,,,,,,,,,,,,,,,,,,,,,,,,,,,,,,,,,,,,,,,,,,,,,,,,,,,,,,,,,,,,,,,,,,,,,,,,,,,,,,,,,,,,,,,,,,,,,,,,,,,,,,,,,,,,,,,,,,,,,,,,,,,,,,,,,,,,,,,,,,,,,,,,,,,,,,,,,,,,,,,,,,,,,,,,,,,,,,,,,,,,,,,,,,,,,,,,,,,,,,,,,,,,,,,,,,,,,,,,,,,,,,,,,,,,,,,,
R412,,,,,,,,,,,,,,,,,,,,,,,,,,,,,,,,,,,,,,,,,,,,,,,,,,,,,,,,,,,,,,,,,,,,,,,,,,,,,,,,,,,,,,,,,,,,,,,,,,,,,,,,,,,,,,,,,,,,,,,,,,,,,,,,,,,,,,,,,,,,,,,,,,,,,,,,,,,,,,,,,,,,,,,,,,,,,,,,,,,,,,,,,,,,,,,,,,,,,,,,,,,,,,,,,,,,,,,,,,,,,,,,,,,,,,,,,,,,,,,,,,,,,,,,,,,,,,,,,,,,,,,,,,,,,,,,,,,,,,,,,,,,,,,,,,,,,,,,,,,,,,,,,,,,,,,,,,,,,,,,,,,,,,,,,,,,,,,,,,,,,,,,,,,,,,,,,,,,,,,,,,,,,,,,,,,,,,,,,,,,,,,,,,,,,,,,,,,,,,,,,,,,,,,,,,,,,,,,,,,,,,,,,,,,,,,,,,,,,,,,,,,,,,,,,,,,,,,,,,,,,,,,,,,,,,,,,,,,,,,,,,,,,,,,,,,,,,,,,,,,,,,,,,,,
R413,,,,,,,,,,,,,,,,,,,,,,,,,,,,,,,,,,,,,,,,,,,,,,,,,,,,,,,,,,,,,,,,,,,,,,,,,,,,,,,,,,,,,,,,,,,,,,,,,,,,,,,,,,,,,,,,,,,,,,,,,,,,,,,,,,,,,,,,,,,,,,,,,,,,,,,,,,,,,,,,,,,,,,,,,,,,,,,,,,,,,,,,,,,,,,,,,,,,,,,,,,,,,,,,,,,,,,,,,,,,,,,,,,,,,,,,,,,,,,,,,,,,,,,,,,,,,,,,,,,,,,,,,,,,,,,,,,,,,,,,,,,,,,,,,,,,,,,,,,,,,,,,,,,,,,,,,,,,,,,,,,,,,,,,,,,,,,,,,,,,,,,,,,,,,,,,,,,,,,,,,,,,,,,,,,,,,,,,,,,,,,,,,,,,,,,,,,,,,,,,,,,,,,,,,,,,,,,,,,,,,,,,,,,,,,,,,,,,,,,,,,,,,,,,,,,,,,,,,,,,,,,,,,,,,,,,,,,,,,,,,,,,,,,,,,,,,,,,,,,,,,,,,,,,
R414,,,,,,,,,,,,,,,,,,,,,,,,,,,,,,,,,,,,,,,,,,,,,,,,,,,,,,,,,,,,,,,,,,,,,,,,,,,,,,,,,,,,,,,,,,,,,,,,,,,,,,,,,,,,,,,,,,,,,,,,,,,,,,,,,,,,,,,,,,,*/lˠˈɑst͡sɑ/,*/lˠˈɑskɑ/,,,,,,,,,,,,,,,,,,,,,,,,,,,,,,,,,,,,,,,,,,,,,,,,,,,,,,,,,,,,,,,,,,,,,,,,,,,,,,,,,,,,,,,,,,,,,,,,,,,,,,,,,,,,,,,,,,,,,,,,,,,,,,,,,,,,,,,,,,,,,,,,,,,,,,,,,,,*/zˈɑ̃npʃɑ/,,,,,,,,,,,,,,,,,,,,,*/lˈɑ̃nkt͡skɑ/,,,,,,,,,,,,,,,,,,,,,,,,*/ɾˈɑfkɑ/,,,,,,,,,,,,,,,,,,*/rːˈɑɸʃə/,,,,,,*/ɾˈɑskə/,,,*/pˌɑtkˈuo̯/,,,,,,,,,,,,,,,,,,*/pˌɑtkˈuo̯/,,,,,,,,,,,,,,,,,,,,,,,,,,,,,,,,,,,,,,,,,,,,,,,,,,,,,,,,,,,,,,,,,,,,,,,,,,,,,,,,,,,,,,,,,,,,,,,,,,,,,,,,,,,,,,,,,,,,,,,,,,,
R415,,,,,,,,,,,,,,,,,,,,,,,,,,,,,,,,,,,,,,,,,,,,,,,,,,,,,,,,,,,,,,,,,,,,,,,,,,,,,,,,,,,,,,,,,,,,,,,,,,,,,,,,,,,,,,,,,,,,,,,,,,,,,,,,,,,,,,,,,,,,,,,,,,,,,,,,,,,,,,,,,,,*/t͡ʃˈɑfkɑ/,,,,,,,,,,,,,,,,,,,,,,,,,,,,,,,,,,,,,,,,,,,,,,,,,,,,,,,,,,,,,,,,,,,,,,,,,,,,,,,,,,,,,,,,,,,,,,,,,,,,,,,,,,,,,,,,,,,,,,,,,,,,,,,,,,,,,,,,,,,,,,,,,,,,,,,,,,,,,,,,,,,,,,,,,,,,,,,,,,,,,,,,,,,,,,,,,,,*/rːˈɑfʃə/,,,,,,,,,,,,,,,,,,,,,,,,,,,,,,,,,,,,,,,,,,,,,,,,,,,,,,,,,,,,,,,,,,,,,,,,,,,,,,,,,,,,,,,,,,,,,,,,,,,,,,,,,,,,,,,,,,,,,,,,,,,,,,,,,,,,,,,,,,,,,,,,,,,,,,
R416,,,,,,,,,,,,,,,,,,,,,,,,,,,,,,,,,,,,,,,,,,,,,,,,,,,,,,,,,,,,,,,,,,,,,,,,,,,,,,,,,,,,,,,,,,,,,,,,,,,,,,,,,,,,,,,,,,,,,,,,,,,,,,,,,,,,,,,,,,,,,,,,,,,,,,,,,,,,,,,,,,,,,,,,,,,,,,,,,,,,,,,,,,,,,,,,,,,,,,,,,,,,,,,,,,,,,,,,,,,,,,,,,,,,,,,,,,,,,,,,,,,,,,,,,,,,,,,,,,,,,,,,,,,,,,,,,,,,,,,,,,,,,,,,,,,,,,,,,,,,,,,,,,,,,,,,,,,,,,,,,,,,,,,,,,,,,,,,,,,,,,,,,,,,,,,,,,,,,,,,,,,,,,,,,,,,,,,,,,,,,,,,,,,,,,,,,,,,,,,,,,,,,,,,,,,,,,,,,,,*/bɾɐʃtnˈikə/,,,,,,,,,,,,,,,,,,,,,,,,,,,,,,,,,,,,,,,,,,,,,,,,,,,,,,,,,,,,,,,,,,,,,,,,,,,,,,,,,,,,,,,,,
R417,,,,,,,,,,,,,,,,,,,,,,,,,,,,,,,,,,,,,,,,,,,,,,,,,,,,,,,,,,,,,,,,,,,,,,,,,,,,,,,,,,,,,,,,,,,,,,,,,,,,,,,,,,,,,,,,,,,,,,,,,,,,,,,,,,,,,,,,,,,,,,,,,,,,,,,,,,,,,,,,,,,,,,,,,,,,,,,,,,,,,,,,,,,,,,,,,,,,,,,,,,,,,,,,,,,,,,,,,,,,,,,,,,,,,,,,,,,,,,,,,,,,,,,,,,,,,,,,,,,,,,,,,,,,,,,,,,,,,,,,,,,,,,,,,,,,,,,,,,,,,,,,,,,,,,,,,,,,,,,,,,,,,,,,,,,,,,,,,,,,,,,,,,,,,,,,,,,,,,,,,,,,,,,,,,,,,,,,,,,,,,,,,,,,,,,,,,,,,,,,,,,,,,,,,,,,,,,,,,,,,,,,,,,,,,,,,,,,,,,,,,,,,,,,,,,,,,,,,,,,,,,,,,,,,,,,,,,,,,,,,,,,,,,,,,,,,,,,,,,,,,,,,,,,
R418,,,,,,,,,,,,,,,,,,,,,,,,,,,,,,,,,,,,,,,,,,,,,,,,,,,,,,,,,,,,,,,,,,,,,,,,,,,,,,,,,,,,,,,,,,,,,,,,,,,,,,,,,,,,,,,,,,,,,,,,,,,,,,,,,,,,,,,,,,,,,,,,,,,,,,,,,,,,,,,,,,,,,,,,,,,,,,,,,,,,,,,,,,,,,,,,,,,,,,,,,,,,,,,,,,,,,,,,,,,,,,,,,,,,,,,,,,,,,,,,,,,,,,,,,,,,,,,,,,,,,,,,,,,,,,,,,,,,,,,,,,,,,,,,,,,,,,,,,,,,,,,,,,,,,,,,,,,,,,,,,,,,,,,,,,,,,,,,,,,,,,,,,,,,,,,,,,,,,,,,,,,,,,,,,,,,,,,,,,,,,,,,,,,,,,,,,,,,,,,,,,,,,,,,,,,,,,,,,,,,,,,,,,,,,,,,,,,,,,,,,,,,,,,,,,,,,,,,,,,,,,,,,,,,,,,,,,,,,,,,,,,,,,,,,,,,,,,,,,,,,,,,,,,,
R419,,,,,,,,,,,,,,,,,,,,,,,,,,,,,,,,,,,,,,,,,,,,,,,,,,,,,,,,,,,,,,,,,,,,,,,,,,,,,,,,,,,,,,,,,,,,,,,,,,,,,,,,,,,,,,,,,,,,,,,,,,,,,,,,,,,,,,,,,,,,,,,,,,,,,,,,,,,,,,,,,,,,,,,,,,,,,,,,,,,,,,,,,,,,,,,,,,,,,,,,,,,,,,,,,,,,,,,,,,,,,,,,,,,,,,,,,,,,,,,,,,,,,,,,,,,*/t͡sˈɑːɾəbɑ/,,,,,,,,,,,,,,,,,,,,,,,,,,,,,,,,,,,,,,,,,,,,,,,,,,,,,,,,,,,,,,,,,,,,,,,,,,,,,,,,,,,,,,,,,,,,,,,,,,,,,,,,,,,,,,,,,,,,,,,,,,,,,,,,,,,,,,,,,,,,,,,,,,,,,,,,,,,,,,,,,,,,,,,,,,,,,,,,,,,,,,,,,,,,,,,,,,,,,,,,,,,,,,,,,,,,,,,,,,,,,,,,,,,,,,,,,,,,,,,,,,,,,,,,,,,,,,,,,
R420,,,,,,,,,,,,,,,,,,,,,,,,,,,,,,,,,,,,,,,,,,,,,,,,,,,,,,,,,,,,,,,,,,,,,,,,,,,,,,,,,,,,,,,,,,,,,,,,,,,,,,,,,,,,,,,,,,,,,,,,,,,,,,,,,,,,,,,,,,,,,,,,,,,,,,,,,,,,,,,,,,,,,,,,,,,,,,,,,,,,,,,,,,,,,,,,,,,,,,,,,,,,,,,,,,,,,,,,,,,,,,,,,,,,,,,,,,,,,,,,,,,,,,,,,,,*/t͡sˈɑːɾbɑ/,,,,,,,,,,,,,,,,,,,,,,,,,,,,,,,,,,,,,,,,,,,,,,,,,,,,,,,,,,,,,,,,,,,,,,,,,,,,,,,,,,,,,,,,,,,,,,,,,,,,,,,,,,,,,,,,,,,,,,,,,,,,,,,,,,,,,,,,,,,,,,,,,,,,,,,,,,,,,,,,,,,,,,,,,,,,,,,,,,,,,,,,,,,,,,,,,,,,,,,,,,,,,,,,,,,,,,,,,,,,,,,,,,,,,,,,,,,,,,,,,,,,,,,,,,,,,,,,,
R421,,,,,*/xˌɑɾˌɑbˈɛːlə/,,,,,,,,,,,,,,,,*/ˌɒːɡɾˈɑːʎɑ/,,,,,,,,,,,,,,,,,*/kˌɑɾˌɑwˈɑːʎɑ/,,,,,,,,,,*/kˌɑpˈuːʎɑ/,,,,*/kˈɔːʷɾsə/,,,,,,,,,,,,,,,,,,,,,,,,,*/kˈɑːɾðɑ/,,,,*/kˈɑːlˠpɑ/,,,,,,,,,*/kˈuːlˠɑ/,*/kˈɔːʷlbɑ/,,,,,,,,,,*/ɡˈɑːʎɡɑ/,*/ɡˈɑːlˠwɑ/,*/ɡˈɑːʎɑ/,,,,,,,,,,,,,,,,,,,,,,,,,,,,,,,,*/ɡˈɔːʷɾʃtə/,,,,,,,,,,,,,,,,,,,,,,*/ɡlˌə̃bɒt͡ʃˈɑːɾə/,,,,,,,,,,,,,,,*/t͡ʃˈɪːrːə/,,,,,,,,,*/ʃˈɒːɾɑ/,,,*/ʃˈɛːləsɑ/,,,,,,,,,,,*/ʃˈɔːʷlˠɑ/,,,,,,,,,,,,,,,,,,,,,,,,,,,,,,,*/tˈɪːɾʃu/,,,,,,,,,,,,,,,,,,,,,,,,*/t͡sˈɑːɾɑ/,,*/t͡sərːˈiːlˠə/,,,*/t͡sˈɪːɾmɑ/,,,,,,,,,,,,,,,,,,,,,,,,,,,,,,,,,,,,,,,,,,,,,,,,,,,,,,,,,,,,,,,,,,,,,,,,,,,,,,,,,*/rˌɑɡˈɑːlə/,,,,,,,,,,,,,,,,,,,,,,,,*/rːˌɑɡˈɑːlˠɑ/,,,,,,,,,,,,*/pˌɑ̃ndˈɑːɾə/,,,,,,,,*/pˈiːɾjɐ/,,,,,,,,,,,,,,,,,,,,,*/pˌɒsˈɔːʷlˠɑ/,*/pˈuːɾjɐ/,,,,,,,,,,,,,,,,,,,,,,,,,,,,*/bwˈɪːɾtkə/,,,,,,,,,,,,,,,,,,,,,,,,,,,,,,,,,,,,,,,,,,,,,,,,,,,,,,,*/mˌɐɡˈuːlˠɑ/,,,,,,,,,,,,,,,,,,,,,,,
R422,,,,,,,,,,,,,*/jˈaːzə/,,,,,,,,,,,,,,,,,,,,,,,,,,*/kˌɑɾˈɪːt͡sɑ/,,,,*/kˌɑ̃mːˈiːt͡sɑ/,,,,,,*/kˌɑ̃mˈiːʃtə/,,,,,,,,,*/kˌɑlˈɛːʃkɑ/,,,,,,,,,,,,*/kˈɒːzəlˠət͡sɑ/,,,,,,,,,,,,,,*/kˌuʃˈɔːvɑ/,,,,*/kˈuːt͡ʃə/,,,,,,,,,,,,,,,,,*/kˌʊlbˈɑːzɑ/,,,,,*/ɡˌɒɾdˈɛːt͡s/,,,*/ɡˌɔːʷɾlˈɑːsə/,,,,,,,,,*/ɡˌɑrːˈiːt͡sɑ/,,,*/ɡwˈɒːzdɑ/,,,,,,,,,*/ɡɾˈɒːzdələ/,,*/lˠˌɑpˈuːʃə/,*/lˠˌɑpˈuːʃɑ/,*/lˠˈɑːʃkɑ/,*/lˠˈɑːst͡sɑ/,*/lˠˈɑːskɑ/,*/lˠˈɑːzʊɾu/,,,*/lˠˈɒːskɑ/,,,,,,,,,,,,,,,,,,,*/t͡ʃˈɑːfkɑ/,,*/t͡ʃərːˈɑːvɑ/,,,,,,,,,,,,,,,,,,,,,*/ʃˌiːtˈɔːvɑ/,,*/ʃˌuːˈɛːsə/,,*/ʃkˌuːo̯ɾðˈɛːt͡sə/,,,*/ʃˌuʃˈiːt͡sɑ/,,,,,,,,*/ʃtəpə̃ɾ̃ˈɛːʃɑ/,,,*/ʃtɾˈɑːzɑ/,,,,,,,,,,,,,,,,,,,,,*/tɾˈɪːʃə/,,,,,*/dəʃnˈiːt͡sɑ/,,,,,,,,,,,,,,,,,,,,,,,,,,,,,,,,,,,,,,,,,,,,,,,,,,*/slˈuːfuɾu/,,,,,,,,,,,,,*/zˌɑ̃nbˈiːʃtə/,,,*/zˈuːʃɑ/,,*/zwˌɑɾˈiːʃtə/,,,,,,,,,,*/lˌɑʃˈɔːvɑ/,,*/lˌɑbˈɔːvɑ/,,,,,,,,*/lˌɛːʃnˈiːt͡sɑ/,,,*/lˈɑːʃɑ/,,,,,,,,,,,,*/lˈuːt͡ʃɑ/,,,,,*/wˌɒɾbˈɛːt͡sə/,*/rːˈɑːvɑ/,*/ɾˈɑːfkɑ/,,,,*/rːˌɑɡɒːwˈɛːskɑ/,,,,,,,,,,,,,,*/rːˈɑːfʃə/,,,*/rˈɛ̃ːskɑ/,,,*/ɾˈɑːskə/,,,,,,,,,*/pəɾkˈɑːvɑ/,,,,,,*/pˈiːʃkɑ/,,,,,,,,,,,,,,,,,,*/plˈɔːʃkɑ/,,,,,,,,,,,,,,,,,*/bˌɑɾmˈɒːʃə/,,,,,,,,,,*/bˌɛːlbˈiːt͡sɑ/,,,,,,,*/bˌiːʃnˈiːt͡sɑ/,,,*/bˈiːskə/,,,,,*/bˌuo̯lˠˈiːt͡sɑ/,,,*/bˌuʃtɾˈiːt͡sɑ/,,*/bˈuːʃtɾə/,,*/bˌælˠˈuːʃə/,,,,,,,*/bɾˈiːskə/,*/bɾˈiːskɑ/,,,,,,,,,,,,,,,,,,,,,,,,,,,,,,,,,,,,,,,,,,,,,*/mˌɒɾˌɔβˈiːt͡sɑ/,,,,,,*/mˈɔːʷzɡɒ/,,,*/ə̃npɾˈɑːzdnə/
R423,,,,,,,,,,,,,,,,,,,,,,,,,,,,,,,,,,,,,,,,,,,,,,,,,,,,,,,,,,,,,,,,,,,,,,,,,,,,,,,,,,,,,,,,,,,,,,,,,,,,,,,,,,,,,,,,,,,,,,,,,,,,,,,,,,,,,,,,,,,,,,,,,,,,,,,,,,,,,,,,,,,,,,,,,,,,,,,,,,,,,,,,,,,,,,,,,,,,,,,,,,,,,,,,,,,,,,,,,,,,,,,,,,,,,,,,,,,,,,,,,,,,,,,,,,,,,,,,,,,,,,,,,,,,,,,,,,,,,,,,,,,,,,,,,,,,,,,,,,,,,,,,,,,,,,,,,,,,,,,,,,,,,,,,,,,,,,,,,,,,,,,,,,,,,,,,,,,,,,,*/rːəkˈɑjɑ̃/,,,,,,,,,,,,,,,,,,,,,,,,,,,,,,,,,,,,,,,,,,,,,,,,,,,,,,,,,,,,,,,,,,,,,,,,,,,,,,,,,,,,,,,,,,,,,,,,,,,,,,,,,,,,,,,,,,,,,,,,,,,,,,,,,,,,,,,,,,,,,,,,,,,,,
R424,,,,,,,,,,,,,,,,,,,,,,,,,,,,,,,,,,,,,,,,,,,,,,,,,,,,,,,,,,,,,,,,,,,,,,,,,,,,,,,,,,,,,,,,,,,,,,,,,,,,,,,,,,,,,,,,,,,,,,,,,,,,,,,,,,,,,,,,,,,,,*/lˠˈɑːzʊɾə/,,,,,,,,,,,,,,,,,,,,,,,,,,,,,,,,,,,,,,,,,,,,,,,,,,,,,,,,,,,,,,,,,,,,,,,,,,,,,,,*/tˈɒpʊɾə/,,,,,,*/tˈɪːɾʃə/,,,,,,,,,,,,,,,,,,,,,,,,,,,,,,,,,,,,,,,,,,,,,,,,,,,,*/sˈukulˠə/,,*/slˈuːfuɾə/,,,,,,,,,,,,,,,,,,,,,,,,,,,,,,,,,,,,,,,,,,,,,,,,,,,,,,,,,,,,,,,,,,,,,,,,,,,,,,,,,,,,,,,,,,,,,,,,,,,,,,,,,,,,,,,,,,,,,,,,,,,,,,,,,,,,,,,,,,,,,,,,,,,,,,,,,,,,,,,,,,,,,,,,,,,,,,,,,,,,,,,,,,,,,,*/βˈɔkʊlˠə/,,,,,,,,,,,,,,,,,,,,,,,,,,,,,,,,,,,,,,
R425,,,,,,,,,,,,,,,,,,,,,,,,,,,,,,,,,,,,,,,,,,,,,,,,,,,,,,,,,,,,,,,,,,,,,,,,,,,,,,,,,,,,,,,,,,,,,,,,,,,,,,,,,,,,,,,,,,,,,,,,,,,,,,,,,,,,,,,,,,,,,,,,,,,,,,,,,,,,,,,,,,,,,,,,,,,,,,,,,,,,,,,,,,,,,,,,*/ʃkɾˈɑpə/,,,,,,,,,,,,,,,,,,,,,,,,,,,,,,,,,,,,,,,,,,,,,,,,,,,,,,,,,,,,,,,,,,,,,,,,,,,,,,,,,,,,,,,,,,,,,,,,,,,,,,,,,,,,,,,,,,,,,,,,,,,,,,,,,,,,,,,,,,,,,,,,,,,,,,,,,,,,,,,,,,,,,,,,,,,,,,,,,,,,,,,,,,,,,,,,,,,,,,,,,,,,,,,,,,,,,,,,,,,,,,,,,,,,,,,,,,,,,,,,,,,,,,,,,,,,,,,,,,,,,,,,,,,,,,,,,,,,,,,,,,,,,,,,,,,,,,,,,,,,,,,,,,,,,,,,,,,,
R426,,,,,,,,,,,,,,,,,,,,,,,,,,,,,,,,,,,,,,,,,,,,,,,,,,,,,,,,,,,,,,,,,,,,,,,,,,,,,,,,,,,,,,,,,,,,,,,,,,,,,,,,,,,,,,,,,,,,,,,,,,,,,,,,,,,,,,,,,,,,,,,,,,,,,,,,,,,,,,,,,,,,,,,,,,,,,,,,,,,,,,,,,,,,,,,,,,,,,,,,,,,,,,,,,,,,,,,,,,,,,,,,,,,,,,,,,,,,,,,,,,,,,,,,,,,,,,,,,,,,,,,,,,,,,,,,,,,,,,,,,,,,,,,,,,,,,,,,,,,,,,,,,,,,,,,,,,,,,,,,,,,,,,,,,,,,,,,,,,,,,,,,,,,,,,,,,,,,,,,,,,,,,,,,,,,,,,,,,,,,,,,,,,,,,,,,,,,,,,,,,,,,,,,,,,,,,,,,,,,,,,,,,,,,,,,,,,,,,,,,,,,,,,,,,,,,,,,,,,,,,,,,,,,,,,,,,,,,,,,,,,,,,,,,,,,,,,,,,,,,,,,,,,,,
R427,,,,,,,,,,,,,,,,,,,,,,,,,,,,,,,,,,,,,,,,,,,,,,,,,,,,,,,,,,,,,,,,,,,,,,,,,,,,,,,,,,,,,,,,,,,,,,,,,,,,,,,,,,,,,,,,,,,,,,,,,,,,,,,,,,,,,,,,,,,,,,,,,,,,,,,,,,,,,,,,,,,,,,,,,,,,,,,,,,,,,,,,,,,,,,,,,,,,,,,,*/ʃtəpˈɑ̃zɑ/,,,,,,,,,,,,,,,,,,,,,,,,,,,,,,,,,,,,,,,,,,,,,,,,,,,,,,,,,,,,,,,,,,,,,,,,,,,,,,,,,,,,,,,,,,,,,,,,,,,,,,,,,,,,,,,,,,,,,,,,,,,,,,,,,,,,,,,,,,,,,,,,,,,,,,,,,,,,,,,,,,,,,,,,,,,,,,,,,,,,,,,,,,,,,,,*/pˌɒɾˌɔ̃sˈitə/,,,,,,,,,,,,,,,,,,,,,,,,,,,,,,,,,,,,,,,,,,,,,,,,,,,,,,,,,,,,,,,,,,,,,,,,,,,,,,,,,,,,,,,,,,,,,,,,,,,,,,,,,,,,,,,,,,,,,
R428,,,,,,,,,,,,,,,,,,,,,,,,,,,,,,,,,,,,,,,,,,,,,,,,,,,,,,,,,,,,,,,,,,,,,,,,,,,,,,,,,,,,,,,,,,,,,,,,,,,,,,,,,,,,,,,,,,,,,,,,,,,,,,,,,,,,,,,,,,,,,,,,,,,,,,,,,,,,,,,,,,,,,,,,,,,,,,,,,,,,,,,,,,,,,,,,,,,,,,,,,,,,,,,,,,,,,,,,,,,,,,,,,,,,,,,,,,,,,,,,,,,,,,,,,,,,,,,,,,,,,,,,,,,,,,,,,,,,,,,,,,,,,,,,,,,,,,,,,,,,,,,,,,,,,,,,,,,,,,,,,,,,,,,,,,,,,,,,,,,,,,,,,,,,,,,,,,,,,,,,,,,,,,,,,,,,,,,,,,,,,,,,,,,,,,,,,,,,,,,,,,,,,,,,,,,,,,,,,,,,,,,,,,,,,,,,,,,,,,,,,,,,,,,,,,,,,,,,,,,,,,,,,,,,,,,,,,,,,,,,,,,,,,,,,,,,,,,,,,,,,,,,,,,,
R429,,,,,,,,*/xˌɒɾmˈɒvɑ/,,,,,,,,,,,,,,,,,,,,,,,,,,,,,,,,,,,,,,,,,,,,,,,,,,,,,,,,,,,,,,,,,,,,,,,,,,,,,,,,,,,,,,,,,,,,,,,,,,,,,,,,,,,,,,,,,,,,,,,,,,,,,,,,,,,,,,,,,,,,,,,,,,,,,,,,,,,,,,,,,,,,,,,,,,,,,,,,,,,,,,,,,,,,,,,,,,,,,,,,,,,,,,,,,,,,,,,,,,,,,,,,,,,,,,,,,,,,,,,,,,,,,,,,,,,,,,,,,,,,,,,,,,,,,,,,,,,,,,,,,,,,,,,,,,,,,,,,,,,,,,,,,,,,,,,,,,,,,,,,,,,,,,,,,,,,,,,,,,,,,,,,,,,,,,,,,,,,,,,,,,,,,,,,,,,,,,,,,,,,,,,,,,,,,,,,,,,,,,,,,,,,,,,,,,,,,,,,,,,,,,,,,,,,,,,,,,,,,,,,,,,,,,,,,,,,,,,,*/vˌɛlˈɛnt͡sa/,,,,,,*/vˈɔkʊlˠə/,,*/vˈɔbɑɡ/,,,,,,,,,,,,,,,,,,,,,,,,,,,*/mˌɒɾˌɔvˈiːt͡sɑ/,*/mˌɒɾɔvˈinɑ/,,,,,,,,
R430,,,,,,,,,,,,,,,,,,,,,,,,,*/ˌɒpˈɪ̃nɡɑ/,,*/ˌɒblˈɑ̃nɡə/,,,,,,,,,,,,,,,,,,,,,,,,*/kˈɑ̃ndə/,,,,,,,,,,,,,,,,,,,,,,,,,,,,,,,,,,,,,,,,,,,,,,,,,,,,,,,,,,,,,,,,,,,,,,,,,,,,,,,,,,,,,,,,,,,,,,,,,,,,,,,,,,,,,,,,,,,,,,,,,,,,,,,,,,,,,,,,,,,,,,,,,,,,,,,,,,,,,,,,,,,,,,,,,,,,,,,,,,,,,,,,,,,,,,,,,,,,,,,,,,,,,,,,,,,,,,,,,,,,,,,,,,,,,,,,,,,,,,,,,,,,,,,,*/nˌɛɾˈɑ̃nd͡zɑ/,,,,,,,,,,,,,,,,,*/lˈɑ̃nɡt͡skɑ/,,,,,,,,,,,,,,,,,,,,,,,,,,,,,,,,,,,,,,,,,,,,,,,,,,,,,,,,,,,,,,,,,,,,,,,,,,,,,,,,,,,,,,,,,,*/pəlˈɛ̃nɡɑ/,,,,,,,,,,,,,,,,,,,,,,,,,,,,,,,,,,,,,,,,,,,,,,,,,,,,,,,,,,*/vˌɛlˈɛnd͡za/,,,,,,,,,,,,,,,,,,,,,,,,,,,,*/mˌiːlˈĩnɡɑ/,,,,,,,,,,,,,,,,
R431,,,,,,,,,,,,,,,,,,,,,,,,,,,,,,,,,,,,,,,,,,,,,,,,,,,,,,,,,,,,,,,,,,,,,,,,,,,,,,,,,,,,,,,,,,,,,,,,,,,,,,,,,,,,,,,,,,,,,,,,,,,,,,,,,,,,,,,,,,,,,,,,,,,,,,,,,,,,,,,,,,,,,,,,,,,,,,,,,,,,,,,,,,,,,,,,,,,,,,,,,,,,,,,,,,,,,,,,,,,,,,,,,,,,,,,,,,,,,,,,,,,,,,,,,,,,,,,,,,,,,,,,,,,,,,,,,,,,,,,,,,,,,,,,,,,,,,,,,,,,,,,,,,,,,,,,,,*/lənɡə/,,,,,,,,,,,,,,,,,,,,,,,,,,,,,,,,,,,,,,,,,,,,,,,,,,,,,,,,,,,,,,,,,,,,,,,,,,,,,,,,,,,,,,,,,,,,,,,,,,,,,,,,,,,,,,,,,,,,,,,,,,,,,,,,,,,,,,,,,,,,,,,,,,,,,,,,,,,,,,,,,,,,,,,,,,,,,,,,,,,,,,,,,,,,,,,,,,
R432,,,,,,,,,,,,,,,,,,,,,,,,,*/ˌɒpˈãnɡɑ/,,,,,,,,,,,,,,,,,,,,,,,,,,,,,,,,,,,,,,,,*/kˌɒpɾˈãnəskɑ/,,,,,,,,,,,,,,,,,,,,,,,,,,,,,,,,,,,,,,,,,,,,,,,,,,,,,,,*/ɡˌɒstˈãnəskɑ/,,,,,,,,,,,,,,,,,,,,,,,,,,,,,,,,,,,,,,,,,,,,,,,,,,,,,,,,,,,,,,,,,,,,,,,,,,,,,,,,,,,,,,,,,,,,,,,,,,,,,,,,,,,,,,,,,,,,,,,,,,,,,,,,,,,,,,,,,,,,,,,,,,,,,,,,,,,,,,,,,,,,,,,,,,,,,,,,,,,,,,,,,,,,,,,,,,,,,,,,,,,,,,,,,,,,,,,,,,,,,,,,,,,,,,,,,,,,,,,,,,,,,,,,,,,,,,,,,,,,,,,,,,,,,,,,,,,,,,,,,,,,,,,,,,,,,,,,,,,,,,,,,,,,,,,,,,,,,,,,,,,,,,,,,,,,,,,,,,,,,,,,,,,,,,,,,,,,,,,,,,,,,,,,,,,,,,,,,,,,,,,,*/mˌʊʒˈãnəskɑ/,,,,
=Late Proto-Albanian III,null{ABSENT},null{ABSENT},null{ABSENT},null{ABSENT},null*/xˌɑɾˌɑbˈɛːlə/,null{ABSENT},null{ABSENT},null*/xˌɒɾmˈɒvɑ/,null{ABSENT},null{ABSENT},null{ABSENT},null*/jˌɑɾˈuo̯/,null*/jˈaːzə/,null{ABSENT},null*/ˈie̯zəɾə/,null{ABSENT},null{ABSENT},null{ABSENT},null{ABSENT},null{ABSENT},null*/ˌɒːɡɾˈɑːʎɑ/,null{ABSENT},null*/ˌɒːɾˌɑ̃ndˈɪjɛ/,null{ABSENT},null*/ˌɒpˈãnɡɑ/,null{ABSENT},null*/ˌɒblˈɑ̃nɡə/,null{ABSENT},null{ABSENT},null{ABSENT},null{ABSENT},null{ABSENT},null{ABSENT},null{ABSENT},null{ABSENT},null{ABSENT},null*/kˌɑlˈibɑ/,null*/kˌɑɾˌɑwˈɑːʎɑ/,null*/kˌɑɾˈɪːt͡sɑ/,null*/kˌɑɾˈutɒ/,null*/kˌɑɾˈupə/,null{ABSENT},null*/kˌɑ̃mːˈiːt͡sɑ/,null{ABSENT},null*/kɾˌisˈɑtə/,null*/kəɾsˈũːnə/,null{ABSENT},null*/kˌɑpˈuːʎɑ/,null*/kˌɑ̃mˈiːʃtə/,null{ABSENT},null*/kˈɑ̃ndə/,null*/kˈɔːʷɾsə/,null{ABSENT},null{ABSENT},null{ABSENT},null{ABSENT},null{ABSENT},null*/kˌɑlˈɛːʃkɑ/,null{ABSENT},null{ABSENT},null{ABSENT},null{ABSENT},null{ABSENT},null{ABSENT},null*/kˌɒpɾˈãnəskɑ/,null{ABSENT},null{ABSENT},null{ABSENT},null{ABSENT},null*/kˈɒːzəlˠət͡sɑ/,null{ABSENT},null{ABSENT},null{ABSENT},null{ABSENT},null{ABSENT},null{ABSENT},null*/kˈɑːɾðɑ/,null{ABSENT},null{ABSENT},null*/klˠˌɑːpˈitə/,null*/kˈɑːlˠpɑ/,null*/kˌɒlt͡ʃˈitə/,null{ABSENT},null*/kˌuʃˈɔːvɑ/,null{ABSENT},null*/kˌuːpəlnˈikə/,null*/kˈukɑ/,null*/kˈuːt͡ʃə/,null*/kˈutə/,null*/kˈuːlˠɑ/,null*/kˈɔːʷlbɑ/,null{ABSENT},null{ABSENT},null{ABSENT},null*/kɾˌɑxˈitə/,null*/kɾˌɑxˈĩnɑ/,null*/ɡˌɑtˈuõ̯ɲ/,null*/ɡˌɑlˈĩnɑ/,null{ABSENT},null{ABSENT},null*/ɡˈɑːʎɡɑ/,null*/ɡˈɑːlˠwɑ/,null*/ɡˈɑːʎɑ/,null*/ɡˌʊltˈitə/,null*/kˌʊlbˈɑːzɑ/,null*/kˌɔːʷɾxˈɑtə/,null{ABSENT},null{ABSENT},null{ABSENT},null*/ɡˌɒɾdˈɛːt͡s/,null{ABSENT},null*/ɡˌɔːʷɾðˈitə/,null*/ɡˌɔːʷɾlˈɑːsə/,null{ABSENT},null*/ɡɾˌə̃mˈɑðɑ/,null{ABSENT},null{ABSENT},null{ABSENT},null{ABSENT},null*/ɡˌɒstˈãnəskɑ/,null{ABSENT},null*/ɡˌɑrːˈiːt͡sɑ/,null{ABSENT},null{ABSENT},null*/ɡwˈɒːzdɑ/,null*/ɡlˠˌɑːw̃nˈikə/,null*/ɡlˠˌɑːwˈĩnːɑ/,null{ABSENT},null{ABSENT},null{ABSENT},null{ABSENT},null{ABSENT},null{ABSENT},null*/ɡɾˈɒːzdələ/,null*/ɡˈɔːʷɾʃtə/,null*/lˠˌɑpˈuːʃə/,null*/lˠˌɑpˈuːʃɑ/,null*/lˠˈɑːʃkɑ/,null*/lˠˈɑːst͡sɑ/,null*/lˠˈɑːskɑ/,null*/lˠˈɑːzʊɾə/,null*/lˠˈɑ̃nɡɑ/,null*/lˠˌɒmˈitə/,null*/lˠˈɒːskɑ/,null*/lˠˈukɑ/,null{ABSENT},null{ABSENT},null{ABSENT},null{ABSENT},null{ABSENT},null{ABSENT},null{ABSENT},null*/klˌɛpˈɑːlˠɒ/,null*/klˈɛpə/,null*/kʎˈyːt͡ʃə/,null{ABSENT},null*/ɡlˌə̃bɒt͡ʃˈɑːɾə/,null{ABSENT},null{ABSENT},null{ABSENT},null{ABSENT},null{ABSENT},null*/t͡ʃˈɑːfkɑ/,null{ABSENT},null*/t͡ʃərːˈɑːvɑ/,null{ABSENT},null{ABSENT},null{ABSENT},null{ABSENT},null{ABSENT},null*/t͡ʃˈie̯ɾðɑ/,null*/t͡ʃˈɪːrːə/,null{ABSENT},null{ABSENT},null{ABSENT},null{ABSENT},null{ABSENT},null{ABSENT},null{ABSENT},null*/ʃˈɑkɑ/,null*/ʃˈɒːɾɑ/,null*/ʃˈɑpə/,null*/ʃˈɛtkɑ/,null*/ʃˈɛːləsɑ/,null*/ʃˈɛ̃nbɾə/,null*/ʃˌiːtˈɔːvɑ/,null{ABSENT},null*/ʃˌuːˈɛːsə/,null*/ʃˈɒpə/,null*/ʃkˌuːo̯ɾðˈɛːt͡sə/,null*/ʃkˌɒːpˈitə/,null*/ʃkɾˈɑpə/,null*/ʃˌuʃˈiːt͡sɑ/,null*/ʃˌuplˈɑkɑ/,null*/ʃˈɔːʷlˠɑ/,null{ABSENT},null*/ʃlˈɒtɑ/,null*/ʃtˌʊɾmˈɛ̃nːə/,null*/ʃtəpˈɑ̃ːjɑ/,null*/ʃtəpˈɑ̃zɑ/,null*/ʃtəpə̃ɾ̃ˈɛːʃɑ/,null*/ʃtəpˈɑ̃ɾ̃ə/,null*/ʃtˈũɲɑ/,null*/ʃtɾˈɑːzɑ/,null{ABSENT},null{ABSENT},null*/tˌʊɾkˈɑtə/,null*/təɾpˈiːtə/,null*/tˈɑ̃nɡɑ/,null{ABSENT},null{ABSENT},null*/tˌɑˈĩnɑ/,null{ABSENT},null*/tˌɒt͡ʃˈiːlˠɑ/,null{ABSENT},null{ABSENT},null*/tˌɒɾˈuo̯/,null{ABSENT},null{ABSENT},null*/tˈɒpʊɾə/,null{ABSENT},null*/tˈũɲɑ/,null{ABSENT},null{ABSENT},null*/tɾˈɪːʃə/,null*/tˈɪːɾʃə/,null*/trˌɔ̃tˈitə/,null{ABSENT},null{ABSENT},null*/dəʃnˈiːt͡sɑ/,null{ABSENT},null{ABSENT},null{ABSENT},null{ABSENT},null*/dˈɪbɾjə/,null{ABSENT},null{ABSENT},null{ABSENT},null{ABSENT},null{ABSENT},null{ABSENT},null{ABSENT},null*/dɾˈɑ̃nɡə/,null{ABSENT},null{ABSENT},null*/dɾˈɒkə/,null*/dɾˈɔmːit͡sɑ/,null*/t͡sˌɑlˈikə/,null{ABSENT},null*/t͡sˈɑːɾɑ/,null*/t͡sˈɑːɾbɑ/,null*/t͡sərːˈiːlˠə/,null*/t͡sərːˈikə/,null{ABSENT},null*/t͡sˈɪːɾmɑ/,null*/t͡sˈitɑ/,null*/t͡sˈubə/,null*/sˈɑːjɑ/,null*/sˈænɑ/,null{ABSENT},null{ABSENT},null{ABSENT},null{ABSENT},null{ABSENT},null*/sˌɛ̃ˈitə/,null{ABSENT},null{ABSENT},null{ABSENT},null{ABSENT},null*/sˌɔ̃dˈɔɲ/,null{ABSENT},null{ABSENT},null*/skˌɒɾlˈupɑ/,null*/skrˈɒmːɑ/,null{ABSENT},null{ABSENT},null{ABSENT},null*/sˈukulˠə/,null{ABSENT},null*/slˈuːfuɾə/,null{ABSENT},null{ABSENT},null{ABSENT},null{ABSENT},null{ABSENT},null{ABSENT},null{ABSENT},null{ABSENT},null{ABSENT},null{ABSENT},null{ABSENT},null*/zˌɑbˈuo̯/,null*/zˌɑ̃nbˈiːʃtə/,null*/zˌɑ̃nblˈɑkə/,null*/zˈɑ̃npʃɑ/,null*/zˈuːʃɑ/,null{ABSENT},null*/zwˌɑɾˈiːʃtə/,null*/nˌɛɾˈɑ̃nd͡zɑ/,null{ABSENT},null{ABSENT},null{ABSENT},null{ABSENT},null{ABSENT},null{ABSENT},null{ABSENT},null*/lˌɑːkmˈɪjɛ/,null*/lˌɑʃˈɔːvɑ/,null{ABSENT},null*/lˌɑbˈɔːvɑ/,null*/lˈɑːkmə/,null{ABSENT},null*/lˈɑbə/,null*/lənɡə/,null*/lə̃ndˈĩnɑ/,null*/lˈɑ̃nɡt͡skɑ/,null{ABSENT},null*/lˌɛːʃnˈiːt͡sɑ/,null{ABSENT},null{ABSENT},null*/lˈɑːʃɑ/,null*/lˈɛːʃɲɑ/,null{ABSENT},null{ABSENT},null{ABSENT},null*/lˈixɒ/,null{ABSENT},null{ABSENT},null{ABSENT},null{ABSENT},null*/lˌuxˈɑtə/,null{ABSENT},null*/lˈuːt͡ʃɑ/,null*/lˈutɑ/,null{ABSENT},null*/rˌɑɡˈɑːlə/,null*/ɾˌɑðˈĩmɑ/,null*/wˌɒɾbˈɛːt͡sə/,null*/rːˈɑːvɑ/,null*/ɾˈɑːfkɑ/,null{ABSENT},null*/ɾˈɛ̃ndə/,null{ABSENT},null*/rːˌɑɡɒːwˈɛːskɑ/,null{ABSENT},null{ABSENT},null{ABSENT},null{ABSENT},null{ABSENT},null{ABSENT},null{ABSENT},null*/ɾˌɑ̃nɡˈɑtə/,null*/rːˌɑɡɒːzˈĩnɑ/,null{ABSENT},null{ABSENT},null*/rːˈɑklɑ/,null{ABSENT},null*/rːˈɑːfʃə/,null*/rːəkˈɑjɑ̃/,null*/rːˌɑɡˈɑːlˠɑ/,null*/rˈɛ̃ːskɑ/,null*/rːəpˈɑkə/,null*/rːˈɔɡɑ/,null*/ɾˈɑːskə/,null*/rːˈũnɒ/,null{ABSENT},null*/pˌɑtkˈuo̯/,null{ABSENT},null{ABSENT},null*/pˌɐɡˈɑ̃ɲ/,null*/pˌɐɡˈɑ̃ɾ̃ɑ/,null*/pˌɑ̃ndˈɑːɾə/,null*/pəɾkˈɑːvɑ/,null{ABSENT},null{ABSENT},null{ABSENT},null{ABSENT},null{ABSENT},null*/pˈiːʃkɑ/,null*/pˈiːɾjɐ/,null{ABSENT},null{ABSENT},null{ABSENT},null{ABSENT},null*/pˌɑtkˈuo̯/,null{ABSENT},null{ABSENT},null{ABSENT},null{ABSENT},null*/pˌɒɾˈɛ̃ndə/,null*/pˌɒɾˌɔ̃sˈitə/,null*/pˌɒːɾˈitə/,null{ABSENT},null{ABSENT},null{ABSENT},null{ABSENT},null*/plˈɔːʃkɑ/,null*/plˈɑːt͡skɑ/,null{ABSENT},null{ABSENT},null*/pˌɒsˈɔːʷlˠɑ/,null*/pˈuːɾjɐ/,null*/plˌɑːʃtnˈikə/,null{ABSENT},null{ABSENT},null*/pəlˈɛ̃nɡɑ/,null*/plˈyːskɑ/,null*/pɾˈɑxə/,null{ABSENT},null*/prˌɔ̃dˈitə/,null*/pˌɒbɾɑtˈimə/,null*/bˌɑɡətˈɪjɛ/,null{ABSENT},null*/bˌɑɾmˈɒːʃə/,null*/bˈɑtjə/,null{ABSENT},null*/bˌɐɡˈɑtɑ/,null{ABSENT},null*/bɾɐʃtnˈikə/,null*/bˌʊɾtwˈɑtə/,null*/bəɾzˈɑ̃ɾ̃ɑ/,null{ABSENT},null{ABSENT},null*/bˌɛːlbˈiːt͡sɑ/,null{ABSENT},null*/bˌæɡrˈɑt/,null{ABSENT},null{ABSENT},null{ABSENT},null*/bwˈɪːɾtkə/,null*/bˌiːʃnˈiːt͡sɑ/,null*/bˌɛsˈædɑ/,null{ABSENT},null*/bˈiːskə/,null{ABSENT},null{ABSENT},null{ABSENT},null{ABSENT},null*/bˌuo̯lˠˈiːt͡sɑ/,null*/bˌʊɾlˈɒɡə/,null{ABSENT},null*/bˌuʃtɾˈiːt͡sɑ/,null*/bˈuo̯lˠə/,null*/bˈuːʃtɾə/,null{ABSENT},null*/bˌælˠˈuːʃə/,null*/blˈudɒ/,null{ABSENT},null{ABSENT},null{ABSENT},null{ABSENT},null{ABSENT},null*/bɾˈiːskə/,null*/bɾˈiːskɑ/,null*/xlˈɑːðə/,null*/wˌɒlkˈuo̯/,null*/ʃwˌɪɾʃtnˈikə/,null*/wˌɪɾtˈiːtə/,null{ABSENT},null*/wˌɪɾwˈitə/,null*/wˌɪɾmːˈikə/,null{ABSENT},null{ABSENT},null*/vˌɛlˈɛnd͡za/,null{ABSENT},null*/wˌiɾˈuo̯/,null{ABSENT},null{ABSENT},null{ABSENT},null*/vˈɔkʊlˠə/,null{ABSENT},null*/vˈɔbɑɡ/,null*/wˌʊlkɒːlˠˈɑkə/,null*/wɾˈɑ̃ɾ̃ə/,null{ABSENT},null*/wəɾˈɑɡɑ/,null{ABSENT},null*/mˌɑːtˈukɑ/,null{ABSENT},null{ABSENT},null{ABSENT},null{ABSENT},null{ABSENT},null{ABSENT},null*/mˌɐɡˈuːlˠɑ/,null*/məɾʃˈĩnɑ/,null{ABSENT},null{ABSENT},null{ABSENT},null{ABSENT},null{ABSENT},null*/mˌiːlˈĩnɡɑ/,null{ABSENT},null{ABSENT},null*/mˌɒlðˈikɑ/,null*/mˌɔːʷlˈitə/,null{ABSENT},null{ABSENT},null*/mˌɒɾˌɔvˈiːt͡sɑ/,null*/mˌɒɾɔvˈinɑ/,null{ABSENT},null{ABSENT},null{ABSENT},null*/mˌʊʒˈãnəskɑ/,null*/mˈɔːʷzɡɒ/,null{ABSENT},null*/ə̃nbəxˈɑtə/,null*/ə̃npɾˈɑːzdnə/
R433,,,,,,,,,,,,,,,,,,,,,,,,,,,,,,,,,,,,,,,,,,,,,,,,,,,,,,,,,,,,,,,,,,,,,,,,,,,,,,,,,,,,,,,,,,,,,,,,,,,,,,,,,,,,,,,,,,,,,,,,,,,,,,,,,,,,,,,,,,,,,,,,,,,,,,,,,,,,,,,,,,,,,,,,,,,,,,,,,,,,,,,,,,,,,,,,,,,,,,,,,,,,,,,,,,,,,,,,,,,,,,,,,,,,,,,,,,,,,,,,*/dˌɒ̃bɾˈɛː/,,,,,,,,,,,,,,,,,,,,,,,,,,,,,,,,,,,,,,,,,,,,,,,,,,,,,,,,,,,,,,,,,,,,,,,,,,,,,,,,,,,,,,,,,,,,,,,,,,,,,,,,,,,,,,,,,,,,,,,,,,,,,,,,,,,,,,,,,,,,,,,,,,,,,,,,,,,,,,,,,,,,,,,,,,,,,,,,,,,,,,,,,,,,,,,,,,,,,,,,,,,,,,,,,,,,,,,,,,,,,,,,,,,,,,,,,,,,,,,,,,,,,,,,,,,,,,,,,,,,,,,,,,,,
R434,,,,,*/xˌɑɾˌɑbˈɛːl/,,,,,,,,*/jˈaːz/,,*/ˈie̯zəɾ/,,,,,,,,,,,,*/ˌɒblˈɑ̃nɡ/,,,,,,,,,,,,,,*/kˌɑɾˈup/,,,,*/kɾˌisˈɑt/,*/kəɾsˈũːn/,,,*/kˌɑ̃mˈiːʃt/,,*/kˈɑ̃nd/,*/kˈɔːʷɾs/,,,,,,,,,,,,,,,,,,,,,,,,,,,,*/klˠˌɑːpˈit/,,*/kˌɒlt͡ʃˈit/,,,,*/kˌuːpəlnˈik/,,*/kˈuːt͡ʃ/,*/kˈut/,,,,,,*/kɾˌɑxˈit/,,,,,,,,,*/ɡˌʊltˈit/,,*/kˌɔːʷɾxˈɑt/,,,,,,*/ɡˌɔːʷɾðˈit/,*/ɡˌɔːʷɾlˈɑːs/,,,,,,,,,,,,,*/ɡlˠˌɑːw̃nˈik/,,,,,,,,*/ɡɾˈɒːzdəl/,*/ɡˈɔːʷɾʃt/,*/lˠˌɑpˈuːʃ/,,,,,*/lˠˈɑːzʊɾ/,,*/lˠˌɒmˈit/,,,,,,,,,,,*/klˈɛp/,*/kʎˈyːt͡ʃ/,,*/ɡlˌə̃bɒt͡ʃˈɑːɾ/,,,,,,,,,,,,,,,*/t͡ʃˈɪːrː/,,,,,,,,,,*/ʃˈɑp/,,,*/ʃˈɛ̃nbɾ/,,,*/ʃˌuːˈɛːs/,*/ʃˈɒp/,*/ʃkˌuːo̯ɾðˈɛːt͡s/,*/ʃkˌɒːpˈit/,*/ʃkɾˈɑp/,,,,,,*/ʃtˌʊɾmˈɛ̃nː/,,,,*/ʃtəpˈɑ̃ɾ̃/,,,,,*/tˌʊɾkˈɑt/,*/təɾpˈiːt/,,,,,,,,,,,,*/tˈɒpʊɾ/,,,,,*/tɾˈɪːʃ/,*/tˈɪːɾʃ/,*/trˌɔ̃tˈit/,,,,,,,,*/dˈɪbɾj/,,,,,,,,*/dɾˈɑ̃nɡ/,,,*/dɾˈɒk/,,*/t͡sˌɑlˈik/,,,,*/t͡sərːˈiːlˠ/,*/t͡sərːˈik/,,,,*/t͡sˈub/,,,,,,,,*/sˌɛ̃ˈit/,,,,,,,,,,,,,*/sˈukulˠ/,,*/slˈuːfuɾ/,,,,,,,,,*/strˈum/,,,,*/zˌɑ̃nbˈiːʃt/,*/zˌɑ̃nblˈɑk/,,,,*/zwˌɑɾˈiːʃt/,,,,,,,,,,,,,*/lˈɑːkm/,,*/lˈɑb/,*/lənɡ/,,,,,,,,,,,,,,,,,*/lˌuxˈɑt/,,,,,*/rˌɑɡˈɑːl/,,*/wˌɒɾbˈɛːt͡s/,,,,*/ɾˈɛ̃nd/,,,,,,,,,,*/ɾˌɑ̃nɡˈɑt/,,,,,,*/rːˈɑːfʃ/,,,,*/rːəpˈɑk/,,*/ɾˈɑːsk/,,,,,,,,*/pˌɑ̃ndˈɑːɾ/,,,,,,,,,,,,,,,,,,*/pˌɒɾˈɛ̃nd/,*/pˌɒɾˌɔ̃sˈit/,*/pˌɒːɾˈit/,,,,,,,,,,,*/plˌɑːʃtnˈik/,,,,,*/pɾˈɑx/,,*/prˌɔ̃dˈit/,*/pˌɒbɾɑtˈim/,,,*/bˌɑɾmˈɒːʃ/,*/bˈɑtj/,,,,*/bɾɐʃtnˈik/,*/bˌʊɾtwˈɑt/,,,,,,,,,,*/bwˈɪːɾtk/,,,,*/bˈiːsk/,,,,,,*/bˌʊɾlˈɒɡ/,,,*/bˈuo̯lˠ/,*/bˈuːʃtɾ/,,*/bˌælˠˈuːʃ/,,,,,,,*/bɾˈiːsk/,,*/xlˈɑːð/,,*/ʃwˌɪɾʃtnˈik/,*/wˌɪɾtˈiːt/,,*/wˌɪɾwˈit/,*/wˌɪɾmːˈik/,,,,,,,,,*/vˈɔkʊlˠ/,,,*/wˌʊlkɒːlˠˈɑk/,*/wɾˈɑ̃ɾ̃/,,,,,,,,,,,,,,,,,,,,,,*/mˌɔːʷlˈit/,,,,,,,,,,,*/ə̃nbəxˈɑt/,*/ə̃npɾˈɑːzdn/
R435,,,,,,,,,,,,,,,,,,,,,,,,,,,,,,,,,,,,,,,,,,,,,,,,,,,,,,,,,,,,,,,,,,,,,,,,,,,,,,,,,,,,,,,,,,,,,,,,,,,,,,,,,,,,,,,,,,,,,,,,,,,,,,,,,,,,,,,,,,,,,,,,,,,,,,,,,,,,,,,,,,,,,,,,,,,,,,,,,,,,,,,,,,,,,,,,,,,,,,,,,,,,,,,,,,,,,,,,,,,,,,,,,,,,,,,,,,,,,,,,,,,,,,,,,,,,,,,,,,,,,,,,,,,,,,,,,,,,,,,,,,,,,,,,,,,,,,,,,,,,,,,,,,,,,,,,,,,,,,,,,,,,,,,,,,,,,,,,,,,,,,,,,,,,,,,,,,,,,,,,,,,,,,,,,,,,,,,,,,,,,,,,,,,,,,,,,,,,,,,,,,,,,,,,,,,,,,,,,,,,,,,,,,,,,,,,,,,,,,,,,,,,,,,,,,,,,,,,,,,,,,,,,,,,,,,,,,,,,,,,,,,,,,,,,,,,,,,,,,,,,,,,,,,,
R436,,,,,,,,,,,,,,,,,,,,,,,,,,,,,,,,,,,,,,,,,,,,,,,,,,,,,,,,,,,,,,,,,,,,,,,,,,,,,,,,,,,,,,,,,,,,,,,,,,,,,,,,,,,,,,,,,,,,,,,,,,,,,,,,,,,,,,,,,,,,,,,,,,,,,,,,,,,,,,,,,,,,,,,,,,,,,,,,,,,,,,,,,,,,,,,,,,,,,,,,,,,,,,,,,,,,,,,,,,,,,,,,,,,,,,,,,,,,,,,,,,,,,,,,,,,,,,,,,,,,,,,,,,,,,,,,,,,,,,,,,,,,,,,,,,,,,,,,,,,,,,,,,,,,,,,,,,,,,,,,,,,,,,,,,,,,,,,,,,,,,,,,,,,,,,,,,,,,,,,,,,,,,,,,,,,,,,,,,,,,,,,,,,,,,,,,,,,,,,,,,,,,,,,,,,,,,,,,,,,,,,,,,,,,,,,,,,,,,,,,,,,,,,,,,,,,,,,,,,,,,,,,,,,,,,,,,,,,,,,,,,,,,,,,,,,,,,,,,,,,,,,,,,,,
R437,,,,,,,,,,,,,,,,,,,,,,,,,,,,,,,,,,,,,,,,,,,,,,,,,,,,,,,,,,,,,,,,,,,,,,,,,,,,,,,,,,,,,,,,,,,,,,,,,,,,,,,,,,,,,,,,,,,,,,,,,,,,,,,,,,,,,,,,,,,,,,,,,,,,,,,,,,,,,,,,,,,,,,,,,,,,,,,,,,,,,,,,,,,,,,,,,,,,,,,,,,,,,,,,,,,,,,,,,,,,,,,,,,,,,,,,,,,,,,,,,,,,,,,,,,,,,,,,,,,,,,,,,,,,,,,,,,,,,,,,,,,,,,,,,,,,,,,,,,,,,,,,,,,,,,,,,,,,,,,,,,,,,,,,,,,,,,,,,,,,,,,,,,,,,,,,,,,,,,,,,,,,,,,,,,,,,,,,,,,,,,,,,,,,,,,,,,,,,,,,,,,,,,,,,,,,,,,,,,,,,,,,,,,,,,,,,,,,,,,,,,,,,,,,,,,,,,,,,,,,,,,,,,,,,,,,,,,,,,,,,,,,,,,,,,,,,,,,,,,,,,,,,,,,
R438,,,,,,,,,,,,,,,,,,,,,,,,,,,,,,,,,,,,,,,,,,,,,,*/kəɾsˈũː/,,,,,,,,,,,,,,,,,,,,,,,,,,,,,,,,,,,,,,,,,,,,,,,,,,,,,,,,,,,,,,,,,,,,,,,,,,,,,,,,,,,,,,,,,,,,,,,,,,,,,,,,,,,,,,,,,,,,,,,,,,,,,,,,,,,,,,,,,,,,,,,,,,,,,,,,,,,,,,,,,,,,,,,,,,,,,,,,,,,,,,,,,,,,,,,,,,,,,,,,,,,,,,,,,,,,,,,,,,,,,,,,,,,,,,,,,,,,,,,,,,,,,,,,,,,,,,,,,,,,,,,,,,,,,,,,,,,,,,,,,,,,,,,,,,,,,,,,,,,,,,,,,,,,,,,,,,,,,,,,,,,,,,,,,,,,,,,,,,,,,,,,,,,,,,,,,,,,,,,,,,,,,,,,,,,,,,,,,,,,,,,,,,,,,,,,,,,,,,,,,,,,,,,,,,,,,,,,,,,,,,,,,,,,,,,,,,,,,,,,,,,,,,,,,,,,,,,,,,,,,,
R439,,,,,,,,,,,,,,,,,,,,,,,,,,,,,,,,,,,,,,,,,,,,,,,,,,,,,,,,,,,,,,,,,,,,,,,,,,,,,,,,,,,,,,,,,,,,,,,,,,,,,,,,,,,,,,,,,,,,,,,,,,,,,,,,,,,,,,,,,,,,,,,,,,,,,,,,,,,,,,,,,,,,,,,,,,,,,,,,,,,,,,,,,,,,,,,,,,,,,,,,,,,,,,,,,,,,,,,,,,,,,,,,,,,,,,,,,,,,,,,,,,,,,,,,,,,,,,,,,,,,,,,,,,,,,,,,,,,,,,,,,,,,,,,,,,,,,,,,,,,,,,,,,,,,,,,,,,,,,,,,,,,,,,,,,,,,,,,,,,,,,,,,,,,,,,,,,,,,,,,,,,,,,,,,,,,,,,,,,,,,,,,,,,,,,,,,,,,,,,,,,,,,,,,,,,,,,,,,,,,,,,,,,,,,,,,,,,,,,,,,,,,,,,,,,,,,,,,,,,,,,,,,,,,,,,,,,,,,,,,,,,,,,,,,,,,,,,,,,,,,,,,,,,,,
R440,,,,,,,,,,,,,,,,,,,,,,,*/ˌɒːɾˌɑ̃ndˈɪɛ/,,,,,,,,,,,,,,,,,,,,,,,,,,,,,,,,,,,,,,,,,,,,,,,,,,,,,,,,,,,,,,,,,,,,,,,,,,,,,,,,,,,,,,,,,,,,,,,,,,,,,,,,,,,,,,,,,,,,,,,,,,,,,,,,,,,,,,,,,,,,,,,,,,,,,,,,,,,,,,,,,,,,,,,,,,,,,,,,,,,,,,,,,,,,,,,,,,,,,,,,,,,,,,,,,,,,,,,,,,,,,,,,,,,,,,,,,,,,,,,,,,,,,,,,,,,,,,,,,,,,,,,,,,,,,,,,,,,,,,,,,,,,*/lˌɑːkmˈɪɛ/,,,,,,,,,,,,,,,,,,,,,,,,,,,,,,,,,,,,,,,,,,,,,,,,,,,,,,,,,,,,,,,,,,,,,,,,,,,,,,,,,,,,,,,,,,,,,,,,,,,,,,,,,*/bˌɑɡətˈɪɛ/,,,,,,,,,,,,,,,,,,,,,,,,,,,,,,,,,,,,,,,,,,,,,,,,,,,,,,,,,,,,,,,,,,,,,,,,,,,,,,,,,,,,,,,,,,,,,,,,
R441,,,,,,,,,,,,,,,,,,,,,,,,,,,,,,,,,,,,,,,,,,,,,,,,,,,,,,,,,,,,,,,,,,,,,,,,,,,,,,,,,,,,,,,,,,,,,,,,,,,,,,,,,,,,,,,,,,,,,,,,,,,,,,,,,,,,,,,,,,,,,,,,,,,,,,,,,,,,,,,,,,,,,,,,,,,,,,,,,,,,,,,,,,,,,,,,,,,,,,,,,,,,,,,,,,,,,,,,,,,,,,,,,,,,,,,,,,,,,,,,,,,,,,,,,,,,,,,,,,,,,,,,,,,,,,,,,,,,,,,,,,,,,,,,,,,,,,,,,,,,,,,,,,,,,,,,,,,,,,,,,,,,,,,,,,,,,,,,,,,,,,,,,,,,,,,,,,,,,,,,,,,,,,,,,,,,,,,,,,,,,,,,,,,,,,,,,,,,,,,,,,,,,,,,,,,,,,,,,,,,,,,,,,,,,,,,,,,,,,,,,,,,,,,,,,,,,,,,,,,,,,,,,,,,,,,,,,,,,,,,,,,,,,,,,,,,,,,,,,,,,,,,,,,,
R442,,,,,,,,,,,,,,,,,,,,,,,,,,,,,,,,,,,,,,,,,,,,,,,,,,,,,,,,,,,,,,,,,,,,,,,,,,,,,,,,,,,,,,,,,,,,,,,,,,,,,,,,,,,,,,,,,,,,,,,,,,,,,,,,,,,,,,,,,,,,,,,,,,,,,,,,,,,,,,,,,,,,,,,,,,,,,,,,,,,,,,,,,,,,,,,,,,,,,,,,,,,,,,,,,,,,,,,,,,,,,,,,,,,,,,,,,,,,,,,,,,,,,,,,,,,,,,,,,,,,,,,,,,,,,,,,,,,,,,,,,,,,,,,,,,,,,,,,,,,,,,,,,,,,,,,,,,,,,,,,,,,,,,,,,,,,,,,,,,,,,,,,,,,,,,,,,,,,,,,,,,,,,,,,,,,,,,,,,,,,,,,,,,,,,,,,,,,,,,,,,,,,,,,,,,,,,,,,,,,,,,,,,,,,,,,,,,,,,,,,,,,,,,,,,,,,,,,,,,,,,,,,,,,,,,,,,,,,,,,,,,,,,,,,,,,,,,,,,,,,,,,,,,,,
R443,,,,,,,,,,,,,,,,,,,,,,,,,,,,,,,,,,,,,,,,,,,,,,,,,,,,,,,,,,,,,,,,,,,,,,,,,,,,,,,,,,,,,,,,,,,,,,,,,,,,,,,,,,,,,,,,,,,,,,,,,,,,,,,,,,,,,,,,,,,,,,,,,,,,,,,,,,,,,,,,,,,,,,,,,,,,,,,,,,,,,,,,,,,,,,,,,,,,,,,,,,,,,,,,,,,,,,,,,,,,,,,,,,,,,,,,,,,,,,,,,,,,,,,,,,,,,,,,,,,,,,,,,,,,,,,,,,,,,,,,,,,,,,,,,,,,,,,,,,,,,,,,,,,,,,,,,,,,,,,,,,,,,,,,,,,,,,,,,,,,,,,,,,,,,,,,,,,,,,,,,,,,,,,,,,,,,,,,,,,,,,,,,,,,,,,,,,,,,,,,,,,,,,,,,,,,,,,,,,,,,,,,,,,,,,,,,,,,,,,,,,,,,,,,,,,,,,,,,,,,,,,,,,,,,,,,,,,,,,,,,,,,,,,,,,,,,,,,,,,,,,,,,,,,
R444,,,,,,,,,,,,,,,,,,,,,,,,,,,,,,,,,,,,,,,,,,,,,,,,,,,,,,,,,,,,,,,,,,,,,,,,,,,,,,,,,,,,,,,,,,,,,,,,,,,,,,,,,,,,,,,,,,,,,,,,,,,,,,,,,,,,,,,,,,,,,,,,,,,,,,,,,,,,,,,,,,,,,,,,,,,,,,,,,,,,,,,,,,,,,,,,,,,,,,,,,,,,,,,,,,,,,,,,,,,,,,,,,,,,,,,,,,,,,,,,,,,,,,,,,,,,,,,,,,,,,,,,,,,,,,,,,,,,,,,,,,,,,,,,,,,,,,,,,,,,,,,,,,,,,,,,,,,,,,,,,,,,,,,,,,,,,,,,,,,,,,,,,,,,,,,,,,,,,,,,,,,,,,,,,,,,,,,,,,,,,,,,,,,,,,,,,,,,,,,,,,,,,,,,,,,,,,,,,,,,,,,,,,,,,,,,,,,,,,,,,,,,,,,,,,,,,,,,,,,,,,,,,,,,,,,,,,,,,,,,,,,,,,,,,,,,,,,,,,,,,,,,,,,,
R445,,,,,,,,,,,,,,,,,,,,,,,,,,,,,,,,,,,,,,,,,,,,,,,,,,,,,,,,,,,,,,,,,,,,,,,,,,,,,,,,,,,,,,,,,,,,,,,,,,,,,,,,,,,,,,,,,,,,,,,,,,,,,,,,,,,,,,,,,,,,,,,,,,,,,,,,,,,,,,,,,,,,,,,,,,,,,,,,,,,,,,,,,,,,*/ʃˈɛːs/,,,,,,,,,,,,,,,,,,,,,,,,*/tˈĩːnɑ/,,,,,,,,,,,,,,,,,,,,,,,,,,,,,,,,,,,,,,,,,,,,,,,,,,,,,*/sˈiːt/,,,,,,,,,,,,,,,,,,,,,,,,,,,,,,,,,,,,,,,,,,,,,,,,,,,,,,,,,,,,,,,,,,,,,,,,,,,,,,,,,,,,,,,,,,,,,,,,,,,,,,,,,,,,,,,,,,,,,,,,,,,,,,,,,,,,,,,,,,,,,,,,,,,,,,,,,,,,,,,,,,,,,,,,,,,,,,,,,,,,,,,,,,,,,,,,,,,,,,,,,,,,,,,,,,,,,,,,,,,,,,,,,,,,,,,,,,,,,,,,,,,
R446,,,,,,,,,,,,,,,,,,,,,,,*/ˌɒːɾˌɑ̃ndˈɪː/,,,,,,,,,,,,,,,,,,,,,,,,,,,,,,,,,,,,,,,,,,,,,,,,,,,,,,,,,,,,,,,,,,,,,,,,,,,,,,,,,,,,,,,,,,,,,,,,,,,,,,,,,,,,,,,,,,,,,,,,,,,,,,,,,,,,,,,,,,,,,,,,,,,,,,,,,,,,,,,,,,,,,,,,,,,,,,,,,,,,,,,,,,,,,,,,,,,,,,,,,,,,,,,,,,,,,,,,,,,,,,,,,,,,,,,,,,,,,,,,,,,,,,,,,,,,,,,,,,,,,,,,,,,,,,,,,,,,,,,,,,,,*/lˌɑːkmˈɪː/,,,,,,,,,,,,,,,,,,,,,,,,,*/lˌuʒˈiː/,,,,,,,,,,,,,,,,,,,,,,,,,,,,,,,,,,,,,,,,,,,,,,,,,,,,,,,,,,,,,,,,,,,,,,,,,,,,,,,,*/bˌɑɡətˈɪː/,,,,,,,,,,,,,,,,,,,,,,,,,,,,,,,,,,,,,,,,,,,,,,,,,,,,,,,,,,,,,,,,,,,,,,,,,,,,,,,,,,,,,,,,,,,,,,,,
R447,,,,,,,,,,,,,,,,,,,,,,,,,,,,,,,,,,,,,,,,,,,,,,,,,,,,,,,,,,,,,,,,,,,,,,,,,,,,,,,,,,,,,,,,,,,,,,,,,,,,,,,,,,,,,,,,,,,,,,,,,,,,,,,,,,,,,,,,,,,,,,,,,,,,,,,,,,,,,,,,,,,,,,,,,,,,,,,,,,,,,,,,,,,,,,,,,,,,,,,,,,,,,,,,,,,,,,,,,,,,,,,,,,,,,,,,,,,,,,,,,,,,,,,,,,,,,,,,,,,,,,,,,,,,,,,,,,,,,,,,,,,,,,,,,,,,,,,,,,,,,,,,,,,,,,,,,,,,,,,,,,,,,,,,,,,,,,,,,,,,,,,,,,,,,,,,,,,,,,,,,,,,,,,,,,,,,,,,,,,,,,,,,,,,,,,,,,,,,,,,,,,,,,,,,,,,,,,,,,,,,,,,,,,,,,,,,,,,,,,,,,,,,,,,,,,,,,,,,,,,,,,,,,,,,,,,,,,,,,,,,,,,,,,,,,,,,,,,,,,,,,,,,,,,
R448,,,,,,,,,,,,,,,,,,,,,,,,,,,,,,,,,,,,,,,,,,,,,,,,,,,,,,,,,,,,,,,,,,,,,,,,,,,,,,,,,,,,,,,,,,,,,,,,,,,,,,,,,,,,,,,,,,,,,,,,,,,,,,,,,,,,,,,,,,,,,,,,,,,,,,,,,,,,,,,,,,,,,,,,,,,,,,,,,,,,,,,,,,,,,,,,,,,,,,,,,,,,,,,,,,,,,,,,,,,,,,,,,,,,,,,,,,,,,,,,,,,,,,,,,,,,,,,,,,,,,,,,,,,,,,,,,,,,,,,,,,,,,,,,,,,,,,,,,,,,,,,,,,,,,,,,,,,,,,,,,,,,,,,,,,,,,,,,,,,,,,,,,,,,,,,,,,,,,,,,,,,,,,,,,,,,,,,,,,,,,,,,,,,,,,,,,,,,,,,,,,,,,,,,,,,,,,,,,,,,,,,,,,,,,,,,,,,,,,,,,,,,,,,,,,,,,,,,,,,,,,,,,,,,,,,,,,,,,,,,,,,,,,,,,,,,,,,,,,,,,,,,,,,,
R449,,,,,,,,,,,,,,,,,,,,,,,,,,,,,,,,,,,,,,,,,,,,,,,,,,,,,,,,,,,,,,,,,,,,,,,,,,,,,,,,,,,,,,,,,,,,,,,,,,,,,,,,,,,,,,,,,,,,,,,,,,,,,,,,,,,,,,,,,,,,,,,,,,,,,,,,,,,,,,,,,,,,,,,,,,,,,,,,,,,,,,,,,,,,,,,,,,,,,,,,,,,,,,,,,,,,,,,,,,,,,,,,,,,,,,,,,,,,,,,,,,,,,,,,,,,,,,,,,,,,,,,,,,,,,,,,,,,,,,,,,,,,,,,,,,,,,,,,,,,,,,,,,,,,,,,,,,,,,,,,,,,,,,,,,,,,,,,,,,,,,,,,,,,,,,,,,,,,,,,,,,,,,,,,,,,,,,,,,,,,,,,,,,,,,,,,,,,,,,,,,,,,,,,,,,,,,,,,,,,,,,,,,,,,,,,,,,,,,,,,,,,,,,,,,,,,,,,,,,,,,,,,,,,,,,,,,,,,,,,,,,,,,,,,,,,,,,,,,,,,,,,,,,,,
R450,,,,,,,,,,,,,,,,,,,,,,,,,,,,,,,,,,,,,,,,,,,,,,,,,,,,,,,,,,,,,,,,,,,,,,,,,,,,,,,,,,,,,,,,,,,,,,,,,,,,,,,,,,,,,,,,,,,,,,,,,,,,,,,,,,,,,,,,,,,,,,,,,,,,,,,,,,,,,,,,,,,,,,,,,,,,,,,,,,,,,,,,,,,,,,,,,,,,,,,,,,,,,,,,,,,,,,,,,,,,,,,,,,,,,,,,,,,,,,,,,,,,,,,,,,,,,,,,,,,,,,,,,,,,,,,,,,,,,,,,,,,,,,,,,,,,,,,,,,,,,,,,,,,,,,,,,,,,,,,,,,,,,,,,,,,,,,,,,,,,,,,,,,,,,,,,,,,,,,,,,,,,,,,,,,,,,,,,,,,,,,,,,,,,,,,,,,,,,,,,,,,,,,,,,,,,,,,,,,,,,,,,,,,,,,,,,,,,,,,,,,,,,,,,,,,,,,,,,,,,,,,,,,,,,,,,,,,,,,,,,,,,,,,,,,,,,,,,,,,,,,,,,,,,
R451,,,,,,,,,,,,,,,*/jˈɛzəɾ/,,,,,,,,,,,,,,,,,,,,,,,,,,,,,,,,,,,,,,,,,,,,,,,,,,,,,,,,,,,,,,,,,,,,,,,,,,,,,,,,,,,,,,,,,,,,,,,,,,,,,,,,,,,,,,,,,,,,,,,,,,,,,,,,,,,,,,,,,,,,,,,,,,,,,,,,,,,,,,,,,,,,,,,,,,,,,,,,,,,,,,,,,,,,,,,,,,,,,,,,,,,,,,,,,,,,,,,,,,,,,,,,,,,,,,,,,,,,,,,,,,,,,,,,,,,,,,,,,,,,,,,,,,,,,,,,,,,,,,,,,,,,,,,,,,,,,,,,,,,,,,,,,,,,,,,,,,,,,,,,,,,,,,,,,,,,,,,,,,,,,,,,,,,,,,,,,,,,,,,,,,,,,,,,,,,,,,,,,,,,,,,,,,,,,,,,,,,,,,,,,,,,,,,,,,,,,,,,,,,,,,,,,,,,,,,,,,,,,,,,,,,,,,,,,,,,,,,,,,,,,,,,,,,,,,,,,,,,,,,,,,,,,,,,,,,,,
R452,,,,,,,,,,,,,,,,,,,,,,,,,,,,,,,,,,,,,,,,,,,,,,,,,,,,,,,,,,,,,,,,,,,,,,,,,,,,,,,,,,,,,,,,,,,,,,,,,,,,,,,,,,,,,,,,,,,,,,,,,,,,,,,,,,,,,,,,,,,,,,,,,,,,,,,,,,,,,,,,,,,,,,,,,,,,,,,,,,,,,,,,,,,,,,,,,,,,,,,,,,,,,,,,,,,,,,,,,,,,,,,,,,,,,,,,,,,,,,,,,,,,,,,,,,,,,,,,,,,,,,,,,,,,,,,,,,,,,,,,,,,,,,,,,,,,,,,,,,,,,,,,,,,,,,,,,,,,,,,,,,,,,,,,,,,,,,,,,,,,,,,,,,,,,,,,,,,,,,,,,,,,,,,,,,,,,,,,,,,,,,,,,,,,,,,,,,,,,,,,,,,,,,,,,,,,,,,,,,,,,,,,,,,,,,,,,,,,,,,,,,,,,,,,,,,,,,,,,,,,,,,,,,,,,,,,,,,,,,,,,,,,,,,,,,,,,,,,,,,,,,,,,,,,
R453,,,,,,,,,,,,,,,,,,,,,,,,,,,,,,,,,,,,,,,,,,,,,,,,,,,,,,,,,,,,,,,,,,,,,,,,,,,,,,,,,,,,,,,,,,,,,,,,,,,,,,,,,,,,,,,,,,,,,,,,,,,,,,,,,,,,,,,,,,,,,,,,,,,,,,,,,,,,,,,,,,,,,,,,,,,,,,,,,,,,,,,,,,,,,,,,,,,,,,,,,,,,,,,,,,,,,,,,,,,,,,,,,,,,,,,,,,,,,,,,,,,,,,,,,,,,,,,,,,,,,,,,,,,,,,,,,,,,,,,,,,,,,,,,,,,,,,,,,,,,,,,,,,,,,,,,,,,,,,,,,,,,,,,,,,,,,,,,,,,,,,,,,,,,,,,,,,,,,,,,,,,,,,,,,,,,,,,,,,,,,,,,,,,,,,,,,,,,,,,,,,,,,,,,,,,,,,,,,,,,,,,,,,,,,,,,,,,,,,,,,,,,,,,,,,,,,,,,,,,,,,,,,,,,,,,,,,,,,,,,,,,,,,,,,,,,,,,,,,,,,,,,,,,,
R454,*/ˌɒɾɡˈɒβɑ/,*/ˌɒɾkˈɨtɑ/,*/ˌɒɾdɛnˈit͡sɑ/,,,,,,*/xˈɔːɾɑ/,,*/jˌɑɾˈinɑ/,,,*/jˈɑɾɪmʊ/,,,,*/jˈɪskɾɑ/,,,,,,*/ˌɒbʊɾˈɒkʊ/,,*/ˌɒbβˈɒɾʊ/,,,*/kˌɒt͡ʃuɾˈɛlʊ/,,,,,*/kˌɑstɾɑβˈɪt͡sɪ/,,,,,,,,,,,,,*/kˌʊɾbˈɑt͡ʃɪ/,,,,,,*/kˈʊɾpɑ/,,*/kˌɒsˈɒɾʊ/,*/kwˌɑðɾˈɑnt/,,,,*/kˌɒɾˈitɪ/,*/kˌɒɾˈɨtɒ/,*/kˌɒɾˈubɑ/,,,,,,,,,,,,*/kˈɒstɾɑ/,*/kˈɒɾɑ/,*/kˈɒɾɪt͡sjɑ/,,*/kˈɒpɾʊ/,,,,,,,,,,,,,,*/kˈuɾβɑ/,,,,,,,,,,,,,,,*/ɡɾˌəkˈɨɲɑ/,*/kˌəɾt͡ʃˈɑkʊ/,*/ɡˌʊɾdˈɑlɑ/,,*/ɡˌʊɾdˈitɪ/,,,,,*/ɡɾˈək/,*/ɡˈʊɾt͡ʃʊ/,*/ɡˈʊɾbɑ/,,,,,,,,,,*/ɡɾˌɑʃˈinɑ/,*/ɡɾˌɑdˈinɑ/,*/ɡɾˌɑbˈitɪ/,*/ɡɾˈɑdɑ/,*/ɡɾˌɛbˈɑʃɪ/,*/ɡˈɒɾʃɪ/,,,,,,,,,,,,,*/ˌukɾˈɑjɑ/,,,,*/ˌuɾˈɒkʊ/,,,,,,,,,*/ɡlˌɒ̃bɒt͡ʃˈɑɾɪ/,,,,,,,,,,,,,,*/t͡ʃˌɒɾnɒβˈɒdɑ/,,,,,,*/ʃˌɑtˈʊɾjɑ/,,,,,,,,,,,,,,,,,,,,,,,,,,,,,,,,,,,,,*/tˌɒɾˈiʃt͡ʃɛ/,,,,,,,,*/tɾˈɑpʊ/,,,*/tɾˌɔ̃tˈit/,*/tɾˈɒxɑ/,*/dˌɑɾˈɒβɑ/,,,,*/dˈiɾɑ/,*/dˈɪbɾɑ/,,,,,,,*/dˈɒ̃bɾʊ/,*/dɾˈɑɡɑ/,,*/dɾˌæmˈitɪ/,*/dɾˌɒbˈitɪ/,,,,*/t͡sˌɑɾˈinɑ/,,,,,,,,,,,,,*/sˈæɾɑ/,*/sˈɛ̃bɾʊ/,,,,,,,,,*/skˈɒɾɒ/,,*/skɾˈɒmːɑ/,,,,,,,*/stɾˌɪkˈɑtɪ/,*/stˌəɾβˈitɪ/,*/stˌɪɾβˈinɑ/,,,*/stɾˈæxɑ/,*/stɾˈɒkɑ/,*/stɾˈʊkɑ/,*/stɾˈum/,,,,,,,,,,,*/nˌɛpˈəɾtəkɑ/,*/nˌɛβˌæɾˈitɪ/,,,,,,,,,,,,,,,,,,,,,,,*/lˈɪstʊkɾʊ/,,,,,,,,,,,,*/ɾˌɑɡˈɑːl/,,,,,*/ɾˈæʒɪkɑ/,,*/ɾˌɒjˈitɪ/,,*/ɾˌɒtˈɑɾɪ/,*/ɾˌɒbɒtˈitɪ/,*/ɾˈɒjɪ/,*/ɾˈɒjɪkɑ/,*/ɾˈɒɡɑ/,*/ɾˈɒbʊ/,*/ɾˈunɪt͡sɪ/,,,*/xɾˌɑnˈit͡sɑ/,*/xɾˌɑpˈɑtɪ/,,*/xɾˈɑpʊ/,,,,*/ɾˈɛ̃ːskɑ/,,,,,,,,,,,,,,,,,,,,,,,*/pˌɒtˈɛɾjɑ/,,,,*/pˌɒstɾˈæxɑ/,,,,,,,,,,,,,,,,,,,,,*/pɾˈɨskʊ/,*/pɾˌɔ̃dˈit/,,,,,,,,*/bˌəɾt͡ʃˈikʊ/,,,,*/bˌɪɾzˈɛʃtɑ/,,,,*/bˌæɡɾˈɑt/,,,,,,,*/bˌɨstɾˈit͡sɑ/,,*/bˈɨstɾʊ/,,*/bˌɒɾˈikɑ/,,,,,,,,,,,,*/bɾˈɑzdɑ/,*/bɾˈɑnɑ/,*/bɾˈɑβɑ/,*/bɾˈæɡʊ/,,,,,,,*/sʊβˌɪɾstɪnˈikʊ/,,,*/βɾˈət͡ʃβɑ/,*/βˈɪɾstɑ/,,*/βˈædɾɒ/,,,*/βˈɨdɾɑ/,,,,,,,*/βˈəɾlʊ/,,,,*/mˌɑɾˈænɑ/,,,,,,,,*/mˌəɾzˈitɪ/,*/mˌəɾməɾˈitɪ/,,,*/mˈæɾɑ/,,,,,,,*/mˌɒɾˈɑt͡ʃɑ/,,,*/mˌɒɾɪnˈit͡sɑ/,,*/mˈɒɾɑ/,,,*/ˌɛmpˈɒɾijɑ/,,
R455,,,,,,,,,,,,,,,,,,,,,,,,,,,,,,,,,,,,,,,,,,,,,,,,,,,,,,,,,,,,,,,,,,,,,,,,,,,,,,,,,,,,,,,,,,,,,,,,,,,,,,,,,,,,,,,,,,,,,,,,,,,,,,,,,,,,,,,,,,,,,,,,,,,,,,,,,,,,,,,,,,,,,,,,,,,,,,,,,,,,,,,,,,,,,,,,,,,,,,,,,,,,,,,,,,,,,,,,,,,,,,,,,,,,,,,,,,,,,,,,,,,,,,,,,,,,,,,,,,,,,,,,,,,,,,,,,,,,,,,,,,,,,,,,,,,,,,,,,,,,,,,,,,,,,,,,,,,,,,,,,,,,,,,,,,,,,,,,,,,,,,,,,,,,,,,,,,,,,,,,,,,,,,,,,,,,,,,,,,,,,,,,,,,,,,,,,,,,,,,,,,,,,,,,,,,,,,,,,,,,,,,,,,,,,,,,,,,,,,,,,,,,,,,,,,,,,,,,,,,,,,,,,,,,,,,,,*/wˌʊɾkɒːlˠˈɑk/,,,,,,,,,,,,,,,,,,,,,,,,,,,,,,,,,,,
R456,,,,,,,,,,,,,,,,,,,,,,,,,,,,,,,,,,,,,,,,,,,,,,,,,,,,,,,,,,,,,,,,,,,,,,,,,,,,,,,,,,,,,,,,,,,,,,,,,,,,,,,,,,,,,,,,,,,,,,,,,,,,,,,,,,,,,,,,,,,,,,,,,,,,,,,,,,,,,,,,,,,,,,,,,,,,,,,,,,,,,,,,,,,,,,,,,,,,,,,,,,,,,,,,,,,,,,,,,,,,,,,,,,,,,,,,,,,,,,,,,,,,,,,,,,,,,,,,,,,,,,,,,,,,,,,,,,,,,,,,,,,,,,,,,,,,,,,,,*/jzbɑβˈitɪ/,,,,,,,,,,,,,,,,,,,,,,,,,,,,,,,,,,,,,,,,,,,,,,,,,,,,,,,,,,,,,,,,,,,,,,,,,,,,,,,,,,,,,,,,,,,,,,,,,,,,,,,,,,,,,,,,,,,,,,,,,,,,,,,,,,,,,,,,,,,,,,,,,,,,,,,,,,,,,,,,,,,,,,,,,,,,,,,,,,,,,,,,,,,,,,,,,,,,,,,,,,,,,,,,,,,
R457,,,,,,,,,,,,,,,,,,,,,,,,,,,,,,,,,,,,,,,,,,,,,,,,,,,,,,,,,,,,,,,,,,,,,,,,,,,,,,,,,,,,,,,,,,,,,,,,,,,,,,,,,,,,,,,,,,,,,,,,,,,,,,,,,,,,,,,,,,,,,,,,,,,,,,,,,,,,,,,,,,,,,,,,,,,,,,,,,,,,,,,,,,,,,,,,,,,,,,,,,,,,,,,,,,,,,,,,,,,,,,,,,,,,,,,,,,,,,,,,,,,,,,,,,,,,,,,,,,,,,,,,,,,,,,,,,,,,,,,,,,,,,,,,,,,,,,,,,,,,,,,,,,,,,,,,,,,,,,,,,,,,,,,,,,,,,,,,,,,,,,,,,,,,,,,,,,,,,,,,,,,,,,,,,,,,,,,,,,,,,,,,,,,,,,,,,,,,,,,,,,,,,,,,,,,,,,,,,,,,,,,,,,,,,,,,,,,,,,,,,,,,,,,,,,,,,,,,,,,,,,,,,,,,,,,,,,,,,,,,,,,,,,,,,,,,,,,,,,,,,,,,,,,,
R458,,,,,,,,,,,,,,,,,,,,,,,,,,,,,,,,,,,,,,,,,,,,,,,,,,,,,,,,,,,,,,,,,,,,,,,,,,,,,,,,,,,,,,,,,,,,,,,,,,,,,,,,,,,,,,,,,,,,,,,,,,,,,,,,,,,,,,,,,,,,,,,,,,,,,,,,,,,,,,,,,,,,,,,,,,,,,,,,,,,,,,,,,,,,,,,,,,,,,,,,,,,,,,*/ʒˌũnbˈinɑ/,,,,,,,,,,,,,,,,,,,,,,,,,,,,,,,,,,*/dˌũnbɾˈɛː/,*/dˈũnbɾʊ/,,,,,,,,,,,,,,,,,,,,,,,,,,,,,,,,,,,*/sˌũndˈɔ̃ɲ/,,,,,,,,,,,,,,,,,,,,,,,,,,,,,,,,,,,,,,,,,,,,,,,,,,,,,,,,,,,,,,,,,,,,,,,,,,,,,,,,,,,,,,,,,,,,,,,,,,,,,,,,,,,,,,,,,,,,,,,,,,,,,,,,,,,,,,,,,,,,,,,,,,,,,,,,,,,,,,,,,,,,,,,,,,,,,,,,,,,,,,,,,,,,,,,,,,,,,,,,,,,,,,,,,,,,,,,,,,,,,,,,,,,,,,,,
R459,,,,,,,,,,,,,,,,,,,,,,,,,,,,,,,,,,,,,,,,,,,,,,,,,,,,,,,,,*/kˌɒnkˈɒlʊ/,,,,,,,,,,,,,,,,,,,,,,,,,,,,,,,,,,,,,,,,,,,,,,,,,,,,,,,,,,,,,,,,,,,*/ɡˌɒnbˈɛlɪ/,,,,,,,,,,,,,,,,,,,,,,,,,,,,,,,,,*/ɡlˌənbɒt͡ʃˈɑːɾ/,,*/ɡlˌɒnbɒt͡ʃˈɑɾɪ/,,,,,,,,,,,,,,,,,,,,,,,,,,,,,,,,,,,,,,,,,,,,,,,,,,,,,,,,,,,,,,,,,,,,*/tɾˌɔntˈit/,,,,,,,,,,,,,,,,,,,,,,,,,,,,,,,,,,,,*/sˈɛnbɾʊ/,,,,,,,*/sˌɔndˈɔɲ/,,,,,,,,,,,,,,,,,,,,,,,,,,,,,,,,,,,,,,,,,,,,,,,,,,,,,,,,,,,,,,,,,,,,,,,,,,,,,,,,,,,,,,,,,,,,,,,,,,,,,,,,,,,,,,,,,,,,,,,,,,,,,,,,,,,,,,,,,,,,*/pɾˌɔndˈit/,,,,,,,,,,,,,,,,,,,,,,,,,,,,,,,,,,,,,,,,,,,,,,,,,,,,,,,,,,,,,,,,,,,,,,,,,,,,,,,,,,,,,,,,,,,,,,,,,,
R460,,,,,,,,,,,,,,,,,,,,,,,,,,,,,,,,,,,,,,,,,,,,,,,,,,,,,,,,,,,,,,,,,,,,,,,,,,,,,,,,,,,,,,,,,,,,,,,,,,,,,,,,,,,,,,,,,,,,,,,,,,,,*/ɡˌɒmbˈɛlɪ/,,,,,,,,,,,,,,,,,,,,,,,,,,,,,,,,,*/ɡlˌəmbɒt͡ʃˈɑːɾ/,,*/ɡlˌɒmbɒt͡ʃˈɑɾɪ/,,,,,,,,,,,,,,,,,,,,,,,,,,*/ʃˈɛ̃mbɾ/,,,,,,,,,,,,,,,,,,,,,*/ʒˌũmbˈinɑ/,,,,,,,,,,,,,,,,,,,,,,,,,,,,,,,,,,*/dˌũmbɾˈɛː/,*/dˈũmbɾʊ/,,,,,,,,,,,,,,,,,,,,,,*/sˈɛmbɾʊ/,,,,,,,,,,,,,,,,,,,,,,,,,,,,,,*/zˌɑ̃mbˈiːʃt/,*/zˌɑ̃mblˈɑk/,*/zˈɑ̃mpʃɑ/,,,,,,,,,,,,,,,,,,,,,,,,,,,,,,,,,,,,,,,,,,,,,,,,,,,,,,,,,,,,,,,,,,,,,,,,,,,,,,,,,,,,,,,,,,,,,,,,,,,,,,,,,,,,,,,,,,,,,,,,,,,,,,,,,,,,,,,,,,,,,,,,,,,,,,,,,,,,,,,,,,,,,,,,,,,,,,,,,,,,,,,,,,,,,,,,,,,,,,,,,,,,,,,,,,,,*/ə̃mbəxˈɑt/,*/ə̃mpɾˈɑːzdn/
R461,,,,,,,,,,,,,,,,,,,,,,,,,,,,,,,,,,,,,,,,,,,,,,,,,,,,,,,,,,,,,,,,,,,,,,,,,,,,*/kˈɒɾɪcɑ/,,,,,,,,,,,,,,,,,,,,,,,,,,,,,,,,,,,,,,,,,,,,,,,,,,,,,,,,,,,,,,,,,,,,,,,,,,,*/cˈɛ̃ʒɪnɑ/,*/cɛsˈɑtɪ/,,,,,,,,,,,,,,,,,,,,,,,,,,,,,,,,,,,,,,,,,,,,,,,,,,,,,,,,,,,,,,,,,,,,,*/tˌɯnʊcˈɑnɪ/,,,,,,,,,,,,,,,,,,,,,,,,,,,,,,,,,,,,,,,,,,,,,,,,,,,,,,,,,,,,,,,,,,,,,,,,,,,,,,,,,,,,,,,,,,,,,,,,,,,,,,,,,,,,,,,,,,,,,,,,,,,,,,,,,,,,,,,,,,,,,,,,,,,,,,,,,,,,,,,,,,,,,,,,,,,,,,,,,,,,,,,,,,,,,,,,,,*/bˈɑc/,,,,,,,,,,,,,,,,,,,,,,,,,,,,,,,,,,,,,,,,,,,,,,,,,,,,,,,,,,,,,,,,,,,,,,,,,,,,,,,,,,,,,,,,,,,,,
R462,,,,,,,,,,,,,,,,,,,,,,,,,,,,,,,,,,,,,,,,,,,,,,,,,,,,,,,,,,,,,,,,,,,,,,,,,,,,,,,,,,,,,,,,,,,,,,,,,,,,,,,,,,,,,,,,,,,,,,,,,,,,,,,,,,,,,,,,,,,,,,,,,,,,,,,,,,,,,,,,,,,,,,,,,,,*/t͡ʃjˈɛɾðɑ/,,,,,,,,,,,,,,,,,,,,,,,,,,,,,,,,,,,,,,,,,,,,,,,,,,,,,,,,,,,,,,,,,,,,,,,,,,,,,,,,,,,,,,,,,,,,,,,,,,,,,,,,,,,,,,,,,,,,,,,,,,,,,,,,,,,,,,,,,,,,,,,,,,,,,,,,,,,,,,,,,,,,,,,,,,,,,,,,,,,,,,,,,,,,,,,,,,,,,,,,,,,,,,,,,,,,,,,,,,,,,,,,,,,,,,,,,,,,,,,,,,,,,,,,,,,,,,,,,,,,,,,,,,,,,,,,,,,,,,,,,,,,,,,,,,,,,,,,,,,,,,,,,,,,,,,,,,,,,,,,,,,,,,,,,,,,,,,,,
R463,,,,,,,,,,,,,,,,,,,,,,,,,,,,,,,,,,,,,,,,,,,,,,,,,,,,,,,,,,,,,,,,,,,,,,,,,,,,,,,,,,,,,,,,,,,,,,,,,,,,,,,,,,,,,,,,,,,,,,,,,,,,,,,,,,,,,,,,,,,,,,,,,,,,,,,,,,,,,,,,,,,,,,,,,,,,,,,,,,,,,,,,,,,,,,,,,,,,,,,,,,,,,,,,,,,,,,,,,,,,,,,,,,,,,,,,,,,,,,,,,,,,,,,,,,,,,,,,,,,,,,,,,,,,,,,,,,,,,,,,,,,,,,,,,,,,,,,,,,,,,,,,,,,,,,,,,,,,,,,,,,,,,,,,,,,,,,,,,,,,,,,,,,,,,,,,,,,,,,,,,,,,,,,,,,,,,,,,,,,,,,,,,,,,,,,,,,,,,,,,,,,,,,,,,,,,,,,,,,,,,,,,,,,,,,,,,,,,,,,,,,,,,,,,,,,,,,,,,,,,,,,,,,,,,,,,,,,,,,,,,,,,,,,,,,,,,,,,,,,,,,,,,,,,
R464,*/ˌɒɾɡˈɒvɑ/,,,*/ˌɑvˈitɪ/,,,,,,,,,,,,,,,*/ˈivɑ/,,,*/ˌɒtˈɑvɑ/,,,,*/ˌɒbvˈɒɾʊ/,,,,,,,,*/kˌɑstɾɑvˈɪt͡sɪ/,,,,,,,,,,,,,,,,,,,,,,,,,,,,,,,,*/kˌɒvˈɑt͡ʃɪ/,,,,,,*/kvˈɑsʊ/,,,,,,,,,,,,,,,,,,,,*/kˈuɾvɑ/,,,,,,,,,,,,,,,,,,,,,,,,,,,,,,,,,,,,,,,,,,,,,,,,,,,,,,,,,,,,,,,,*/ɡlˌɑvɪnˈit͡sɑ/,,*/ɟˌɛzdˈitɪ/,,,,,,,,,,,,,,,*/t͡ʃˌɒɾnɒvˈɒdɑ/,,,,,,,,,,,,,,,,,,,,,,,,,,,,,,,,,,,,,,,,,,,,,,,,,,,,,,,,*/dˌɑɾˈɒvɑ/,,,,,,,,,,,,,,,,,,,,,,,,,,,,,,,,,,,,,,,,,,*/sˌɒvˈɑdlʊkɑ/,,,,,,,,,,,*/stˌəɾvˈitɪ/,*/stˌɪɾvˈinɑ/,,,,,,,,,,,,,,*/jzbɑvˈitɪ/,,,,*/nˌɛvˌæɾˈitɪ/,*/nˌɛvˈɒʎɑ/,,,,*/nˈɒvʊkɑ/,,,,,,,,,,,,,,,,,,,,,,,,,,,,,,,,,,,,,,,,,,,,,,,,,,,,,,,,,,,,,,,,,,,,,,,*/pˌijɑvˈit͡sɑ/,,,,,,,,,,,,,,,,,,,,,,,,,,,*/plˌɨvˈɑtɪ/,*/plˌɛvɪnˈit͡sɑ/,,,,,,,,,,,,,,,,,,*/bˌælˈɛvɑ/,,*/bˌɛlvˈit͡sɑ/,,,,,,,,,,,*/bˌɒɡˈɒvɑ/,,,,,,,,,,,,,,,*/bɾˈɑvɑ/,,,,,,,,*/sʊvˌɪɾstɪnˈikʊ/,,,*/vɾˈət͡ʃvɑ/,*/vˈɪɾstɑ/,,*/vˈædɾɒ/,,*/vˈiʃɪɲɑ/,*/vˈɨdɾɑ/,*/vˈiskʊ/,,,,,,*/vˈəɾlʊ/,,,,,,,,,,,,,,,,,,,*/mˌɒtɒvˈidlɒ/,,,,,,,,,,,,,,
R465,,,,,,,,,,,,,,,,,,,,,,,,,,,,,,,,,,,,,,,,,,,,,,,,,,,,,,,,*/kvˌɑðɾˈɑnt/,,,,,,,,,,,,,,,,,,,,,,,,,,,,,,,,,,,,,,,,,,,,,,*/ɡˈɑːlˠvɑ/,,,,,,,,,,,,,,,,,,,,,,,*/ɡvˈɒːzdɑ/,,,,,,,,,,,,,,,,,,,,,,,,,,,,,,,,,,,,,,,,,,,,,,,,,,,,,,,,,,,,,,,,,,,,,,,,,,,,,,,,,,,,,,,,,,,,,,,,,,,,,,,,,,,,,,,,,,,,,,,,,,,,,,,,,,,,,,,,,,,,,,,,,,,,,,,,,,,,,,,,,,,,,,,,,,,,,*/zvˌɑɾˈiːʃt/,,,,,,,,,,,,,,,,,,,,,,,,,,,,,,,,,,,,,,,,,,,,,,,,,,,,,,,,,,,,,,,,,,,,,,,,,,,,,,,,,,,,,,,,,,,,,,,,,,,,,,,,,,,,,,,,,,,,,,,,,,*/bˌʊɾtvˈɑt/,,,,,,,,,,*/bvˈɪːɾtk/,,,,,,,,,,,,,,,,,,,,,,,,,,,*/ʃvˌɪɾʃtnˈik/,,,*/wˌɪɾvˈit/,,,,,,,,,,,,,,,,,,,,,,,,,,,,,,,,,,,,,,,,,,,,,,,,
R466,,,,,,,,,,,,,,,,,,,,,,,,,,,,,,,,,,,,,,,,,,,,,,,,,,,,,,,,*/kvˌɔðɾˈɑnt/,,,,,,,,,,,,,,,,*/kvˈɔsʊ/,,,,,,,,,,,,,,,,,,,,,,,,,,,,,,,,,,,,,,,,,,,,,,,,,,,,,*/ɡvˈɔːzdɑ/,,,,,,,,,,,,,,,,,,,,,,,,,,,,,,,,,,,,,,,,,,,,,,,,,,,,,,,,,,,,,,,,,,,,,,,,,,,,,,,,,,,,,,,,,,,,,,,,,,,,,,,,,,,,,,,,,,,,,,,,,,,,,,,,,,,,,,,,,,,,,,,,,,,,,,,,,,,,,,,,,,,,,,,,,,,,,,,,,,,,,,,,,,,,,,,,,,,,,,,,,,,,,,,,,,,,,,,,,,,,,,,,,,,,,,,,,,,,,,,,,,,,,,,,,,,,,,,,,,,,,,,,,,,,,,,,,,,,,,,,,,,,,,,,,,,,,,,,,,,,,,,,,,,,,,,,,,,,,,,,,,,,,,,,,,,,,,,,,,,,,,,,,,,,,,,,,,,,,,,,,,,,,,,,,,,,,,,,,,,,,,,
R467,,,,,,,,,,,,,,,,,,,,,,,,,,*/ˌɒbˈɒɾʊ/,,,,,,,,,,,,,,,,,,,,,,,,,,,,,,*/kˌɔðɾˈɑnt/,,,,,,,,,,,,,,,,*/kˈɔsʊ/,,,,,,,,,,,,,,,,,,,,,,,,,,,,,,,,,,,,,,,,,,,,,,,,,,,,,*/ɡˈɔːzdɑ/,,,,,,,,,,,,,,,,,,,,,,,,,,,,,,,,,,,,,,,,,,,,,,,,,,,,,,,,,,,,,,,,,,,,,,,,,,,,,,,,,,,,,,,,,,,,,,,,,,,,,,,,,,,,,,,,,,,,,,,,,,,,,,,,,,,,,,,,,,,,,,,,,,,,,,,,,,,,,,,,,,,,,,,,,,,,,,,,,,,,,,,,,,,,,,,,,,,,,,,,,,,,,,,,,,,,,,,,,,,,,,,,,,,,,,,,,,,,,,,,,,,,,,,,,,,,,,,,,,,,,,,,,,,,,,,,,,,,,,,,,,,,,,,,,,,,,,,*/bˌʊɾtˈɑt/,,,,,,,,,,*/bˈɪːɾtk/,,,,,,,,,,,,,,,,,,,,,,,,,,,,,,,,*/vɾˈət͡ʃɑ/,,,,,,,,,,,,,,,,,,,,,,,,,,,,,,,,,,,,,,,,,,,,,,
R468,,,,,,,,,,,,,,,,,,,,,,,,,,,,,,,,,,,,,,,,,,,,,,,,,,,,,,,,,,,,,,,,,,,,,,,,,,,,,,,,,,,,,,,,,,,,,,,,,,,,,,,,,,,,,,,,,,,,,,,,,,,,,,,,,,,,,,,,,,,,,,,,,,,,,,,,,,,,,,,,,,,,,,,,,,,,,,,,,,,,,,,,,,,,,,,,,,,,,,,,,,,,,,,,,,,,,,,,,,,,,,,,,,,,,,,,,,,,,,,,,,,,,,,,,,,,,,,,,,,,,,,,,,,,,,,,,,,,,,,,,,,,,,,,,,,,,,,,,,,,,,,,,,,,,,,,,,,,,,,,,,,,,,,,,,,,,,,,,,,,,,,,,,,,,,,,,,,,,,,,,,,,,,,,,,,,,,,,,,,,,,,,,,,,,,,,,,,,,,,,,,,,,,,,,,,,,,,,,,,,,,,,,,,,,,,,,,,,,,,,,,,,,,,,,,,,,,,,,*/vˌɪɾʃtnˈik/,,*/ʊvˌɪɾstɪnˈikʊ/,,,,,,,,,,,,,,,,,,,,,,,,,,,,,,,,,,,,,,,,,,,,,,,,,
R469,,,,,,,,,,,,,,,,,,,,,,,,,,,,*/ˈɔjiʃtə/,,,,,,,,,,,,,,,,,,,,,,,,,,,,,,,,,,,,,,,,,,,,,,,,,,,,,,,,,,,,,,,,,,,,,,,,,,,,,,,,,,,,,,,,,,,,,,,,,,,,,,,,,,,,,,,,,,,,,,,,,*/ˌulˈiʃtə/,,,,,,,,,,,,,,,,,,,,,,,,,,,,,,,,,,,,,,,,,,,,,,,,,,,,,,,,,,,,,,,,,,,*/tˌɒɾˈiʃtə/,,,,,,,,,,,,,,,,,,,,,,,,,,,,,,,,,,,,,,,,,,,,,,,,,,,,,,,,,,,,,,,,,,,,,,,,,,,,,,,,,,,,,,,,,,,,,,,,,,,,,,,,,,,,,,,,,,,,,,,,,,,,,,,,,,,,,,,,,,,,,,,,,,,,,,,,,,,,,,,,,,,,,,,,,,,,,,,,,,,,,,,,,,,,,,,,,,,,,,,,,,,,,,,,,,,,,,,,,,,,,,,,,,,,,,,,,,,,,,,,,,,,,,,,,,,,,,,,,,,,,,,,,,,,,,,,,,,,,,,,,,,,,,,,,,,,
R470,,,,,,,,,,,,,,,,,,,,,,,*/ˌɒːɾˌɑ̃ndˈɪ/,,,,,,,,,,,,,,,,*/kˌɑɾˈɪt͡sɑ/,,,,,,,,,,,,,*/kˈʊɾs/,,,,,,,,,,,,,,,,,,,,,,,,,,,,,,,,,,,,,,,*/kˈʊlbɑ/,,,,,,,,,,,,,,,*/kˌʊɾxˈɑt/,,,,,,*/ɡˌʊɾðˈit/,*/ɡˌʊɾlˈɑːs/,,,,,,,,,,,,,,,,,,,,,,*/ɡˈʊɾʃt/,,,,,,,,,,,,,,,,,,,,,,,,,,,,,,,,,,,,,*/t͡ʃˈɪrː/,,,,,,,,,,,,,,,,,,,,,,,*/ʃˈʊlˠɑ/,,,,,,,,,,,,,,,,,,,,,,,,,,,,,,*/tɾˈɪʃ/,*/tˈɪɾʃ/,,,,,,,,,,,,,,,,,,,,,,,,,,,,,*/t͡sˈɪɾmɑ/,,,,,,,,,,,,,,,,,,,,,,,,,,,,,,,,,,,,,,,,,,,,,,,,,,,,*/lˌɑːkmˈɪ/,,,,,,,,,,,,,,,,,,,,,,,,,,,,,,,,,,,,,,,,,,,,,,,,,,,,,,,,,,,,,,,,,,,,,,,,,,,,,,,,,,,,,,,,,,,,,,*/pˌɒsˈʊlˠɑ/,,,,,,,,,,,*/bˌɑɡətˈɪ/,,,,,,,,,,,,,,,,,,*/bˈɪɾtk/,,,,,,,,,,,,,,,,,,,,,,,,,,,,,,,,,,,,,,,,,,,,,,,,,,,,,,,,,,,,,,,,,,*/mˌʊlˈit/,,,,,,,,,*/mˈʊzɡɒ/,,,
R471,,,,,,,,,,,,,,,,,,,,,,,,,,,,,,,,,,,,,,,,,,,,,,,,,,,,,,,,,,,,,,,,,,,,,,,,,,,,,,,,,,,,,,,,,,,,,,,,,,,,,,,,,,,,,,,,,,,,,,,,,,,,,,,,,,,,,,,,,,,,,,,,,,,,,,,,,,,,,,,,,,,,,,,,,,,,,,,,,,,*/ʃˌɑtˈɔɾjɑ/,,,,,,,,,,,,,,,,,,,,,,,,,,,,,,,,,,,,,,,,,,,,,,,,,,,,,,,,,,,,,,,,,,,,,,,,,,,,,,,,,,,,,,,,,,*/sˌɔtˈinɑ/,,,,,,,,,,,,,,,,,,,,,,,,,,,,,,,,,,,,,,,,,,,,,,,,,,,,,,,,,,,,,,,,,,,,,,,,,,,,,,,,,,,,,,,,,,,,,,,,,,,,,,,,,,,,,,,,,,,,,,,,,,,,,,,,,,,,,,,,,,,,,,,,,,,,,,,,,,,,,,,,,,,,,,,,,,,,,,,,,,,,,,,,,,,,,,,,,,,,,,,,,,,,,,,,,,,,,,,,,,,,,,,,,,,*/mˌɔlˈit/,,,,,,,,,,,,
R472,,,,,,,,,,,,,,,,,,,,,,,,,,,,,,,,,,,,,,,,,,,,,,,*/kˌəɾbˈɑt͡ʃɪ/,,,*/kˈəlkʊ/,,*/kˈəɾs/,*/kˈəɾpɑ/,,,,,,,,,,,,,,,,,,,,,,,,,,,,,,,,,,,,,,*/kˈəlbɑ/,,,,,,,,,,,,,*/ɡˌəltˈit/,*/kˌəlbˈɑːzɑ/,*/kˌəɾxˈɑt/,,,*/ɡˌəɾdˈɑlɑ/,,*/ɡˌəɾdˈitɪ/,*/ɡˌəɾðˈit/,*/ɡˌəɾlˈɑːs/,*/ɡˌəɾlˈit͡sɑ/,,,*/ɡˈəɾt͡ʃʊ/,*/ɡˈəɾbɑ/,,,,,,,,,,,,,,,,,*/ɡˈəɾʃt/,,,,,,,,,,,,,,,,,,,,,,,,,,,,,,,,,,,,,,,,,,,,,,,,,,,,,,,,,,,,,,,*/ʃtˌəɾmˈɛ̃nː/,,,,,,,,,*/tˌəɾkˈɑt/,,,,,,,,,,,,,,,,,,,,,,,,,,,,,,,,,,,,,,,,,,,,,,,,,,,,,,,,,,,,,,,,,,,,,,,,,,,,,,,,,,,,,,,,,,,,,,,,,,,,,,,,,,,,,,,,,,,,,,,,,,,,,,,,,,,,,,,,,,,,,,,,,,,,,,,,,,,,,,,,,,,,,,,,,,,,,,,,,,,,,,,,,,,,,,,,,,,,,,,,,,,,,,,,,,,,,*/bˌəɾtˈɑt/,,,,,,,,,,,,,,,,,,,,*/bˌəɾlˈɒɡ/,,,,,,,,,,,,,,,,,,,,,,,,,,,,,,,,,,,,,,,,,,,,,,,,,,,,,,,,,,,,,,,,,,,,
R473,,,,,,,,,,,,,,,,,,,,,,,,,,,,,,,,,,,,,,,,,,,,,,,,,,,,,,,,,,,,,,,,,,,,,,,,,,,,,,,,,,,,,,,,,,,,,,,,,,,,,,,,,,,,,,,,,,,,,,,,,,,,,,,,,,,,,,,,,,,,,,,,,,,,,,,,,,,,,,,,,,,,,,,,,,,,,,,,,,,,,,,,,,,,,,,,,,,,,,,,,,,,,,,,,,,,,,,,,,,,,,,,,,,,,,,,,,,,,,,,,,,,,,,,,,,,,,,,,,,,,,,,,,,,,,,,,,,,,,,,,,,,,,,,,,,,,,,,,,,,,,,,,,,,,,,,,,,,,,,,,,,,,,,,,,,,,,,,,,,,,,,,,,,,,,,,,,,,,,,,,,,,,,,,,,,,,,,,,,,,,,,,,,,,,,,,,,*/plˠˌɑʃˈit͡sɑ/,*/plˠˈɑzʊ/,*/plˠˈɒt͡ʃɑ/,*/plˠˈɔːʃkɑ/,*/plˠˈɑːt͡skɑ/,*/plˠˈɒskɑ/,*/plˠˈuskɑ/,,,,,,,,,,,,,,,,,,,,,,,,,,,,,,,,,,,,,,,,,,,,,,,,,,,,,,,,,,,,,,,,,,,,,,,,,,,,,,,,,,,,,,,,,,,,,,,,,,,,,,,,,,,,
R474,*/ˌɑɾɡˈɒvɑ/,*/ˌɑɾkˈɨtɑ/,*/ˌɑɾdɛnˈit͡sɑ/,,,,,,,,,,,,,,,,,,,,,,,,,,,,,,,,,,,,,,,,,,,,,,,,,,,,,,,,,,,,,,,,,,,,,,,,,,,,,,,,,,,,,,,,,,,,,,,,,,,,,,,,,,,,,,,,,,,,,,,,,,,,,,,,,,,,,,,,,,,,,,,,,,,,,,,,,,,,,,,,,,,,,,,,,,,,,,,,,,,,,,,,,,,,,,,,,,,,,,,,,,,,,,,,,,,,,,,,,,,,,,,,,,,,,,,,,,,,,,,,,,,,,,,,,,,,,,,,,,,,,,,,,,,,,,,,,,,,,,,,,,,,,,,,,,,,,,,,,,,,,,,,,,,,,,,,,,,,,,,,,,,,,,,,,,,,,,,,,,,,,,,,,,,,,,,,,,,,,,,,,,,,,,,,,,,,,,,,,,,,,,,,,,,,,,,,,,,,,,,,,,,,,,,,,,,,,,,,,,,,,,,,,,,,,,,,,,,,,,,,,,,,,,,,,,,,,,,,,,,,,,,,,,,,,,,,,,,,,,,,,,,,,,,,,,,,,,,,,,,,,,,,,
R475,,,,,,,,,,,,,,,,,,,,,,,,,,,,,*/kˌɑt͡ʃuɾˈɛlʊ/,*/kˌɑt͡ʃˈulʊ/,*/kˌɑt͡ʃˈubɑ/,*/kˌɑt͡ʃˈubɛlɪ/,,,,,,,,,,,,,,,,,,,,,,,,,,,,,,,,,,,,,,,,,,,,,,,,,,,,,,,,,,,,,,,,,,,,,,,,,,,,,,,,,,,,,,,,,,,,,,,,,,,,,,,,,,,,,,,,,,,,,,,,,,,,,,,,,,,,,,,,,,,,,,,,,,,,,,,,,,,,,,,,,,,,,,,,,,,,,,,,,,,,,,,,,,,,,,,,,,,,,,,,,,,,,,,,,,,,,,,,,,,,,,,,,,,,,,,,,,,,,,,,,,,,,,,,,,,,,,,,,,,,,,,,,,,,,,,,,,,,,,,,,,,,,,,,,,,,,,,,,,,,,,,,,,,,,,,,,,,,,,,,,,,,,,,,,,,,,,,,,,,,,,,,,,,,,,,,,,,,,,,,,,,,,,,,,,,,,,,,,,,,,,,,,,,,,,,,,,,,,,,,,,,,,,,,,,,,,,,,,,,,,,,,,,,,,,,,,,,,,,,,,,,,,,,,,,,,,,,,,,,,,,,,,,,,,,,,,,,,
R476,*/ˌɑɾɡˈɔvɑ/,,,,,,,*/xˌɔɾmˈɔvɑ/,,,,,,,,,,,,*/ˌɔbʊkˈɨtɑ/,*/ˌɔːɡɾˈɑːʎɑ/,*/ˌɔtˈɑvɑ/,*/ˌɔːɾˌɑ̃ndˈɪ/,*/ˌɔbʊɾˈɔkʊ/,*/ˌɔpˈãnɡɑ/,*/ˌɔbˈɔɾʊ/,*/ˌɔblˈɑ̃nɡ/,,,,,,,,,*/kˌɑlibˈɔbʊ/,,,,*/kˌɑɾˈutɔ/,,,,,,,,,,,,,,*/kˌɔsˈitɪ/,*/kˌɔsˈɔɾʊ/,,*/kˌɔnkˈɔlʊ/,,*/kˌɔlˈɨbɑ/,*/kˌɔɾˈitɪ/,*/kˌɔɾˈɨtɔ/,*/kˌɔɾˈubɑ/,*/kˌɔpˈit͡sɑ/,*/kˌɔpˈɨlʊ/,*/kˌɔpɾˈãnəskɑ/,*/kˌɔvˈɑt͡ʃɪ/,*/kˈɔlʊ/,*/kˈɔʃʊ/,*/kˈɔstɪ/,*/kˈɔːzəlˠət͡sɑ/,*/kˈɔtɪt͡sɑ/,,*/kˈɔsɑ/,*/kˈɔstɾɑ/,*/kˈɔɾɑ/,*/kˈɔɾɪcɑ/,,*/kˈɔpɾʊ/,*/kˈɔbɪ/,,,*/kˌɔlt͡ʃˈit/,,,*/kˌɔlˈɑt͡ʃɪ/,,,,,,,,,,,,,,,,,,,,,,,,,*/ɡˌɔɾdˈɛːt͡s/,,,,,,,,,*/ɡˌɔdˈitɪ/,*/ɡˌɔstˈãnəskɑ/,*/ɡˌɔstˈitɪ/,,*/ɡˌɔmˈilɑ/,*/ɡˌɔmbˈɛlɪ/,,,,,,,,,*/ɡˈɔɾʃɪ/,*/ɡɾˈɔːzdəl/,,,,,,,,,*/lˠˌɔmˈit/,*/lˠˈɔːskɑ/,,,*/ˌudˈɔbɪ/,,,*/ˌuɾˈɔkʊ/,,,*/klˌɛpˈɑːlˠɔ/,,,,*/ɡlˌəmbɔt͡ʃˈɑːɾ/,,*/ɡlˌɔmbɔt͡ʃˈɑɾɪ/,*/ɡlˈɔbɑ/,,,,,,,,,,*/t͡ʃˈælɔ/,,,*/t͡ʃˌɔɾnɔvˈɔdɑ/,,,,*/t͡ʃˈudɔ/,,,,*/ʃˈɔːɾɑ/,,,,,,,,*/ʃˈɔp/,,*/ʃkˌɔːpˈit/,,,,,,*/ʃlˈɔtɑ/,,,,,,,,,,,,,,,,,*/tˌɔt͡ʃˈiːlˠɑ/,*/tˌɔt͡ʃˈitɪ/,*/tˌɔɾˈiʃtə/,*/tˌɔɾˈuo̯/,*/tˌɔpˈidlʊ/,*/tˈɔkɑ/,*/tˈɔpʊɾ/,,,,,,,,*/tɾˈɔxɑ/,*/dˌɑɾˈɔvɑ/,,,,,,,*/dˌɔlˈinɑ/,*/dˌɔbˈɨtɪ/,*/dˈɔjkɑ/,*/dˈɔbʊ/,,,,,,*/dɾˌɔbˈitɪ/,*/dɾˈɔk/,,,,,,,,,,,,,,,,,,,,*/sˈitɔ/,,,,,*/sˌɔvˈɑdlʊkɑ/,*/skˈɔɾɔ/,*/skˌɔɾlˈupɑ/,*/skɾˈɔmːɑ/,*/sʊlˈɔɡʊ/,,,,*/slˈɔtɑ/,,,,,,,,*/stɾˈɔkɑ/,,,,,,,,,,,,,,,*/nˌɛvˈɔʎɑ/,,,*/nˌɔʒˈikɑ/,*/nˈɔvʊkɑ/,,,,,,*/dlˈɑtɔ/,,,,,,,,,,,,,,*/lˈixɔ/,,*/lˌɔpˈɑtɑ/,*/lˈɔɡʊ/,*/lˈɔzɑ/,,,,,,,,*/wˌɔɾbˈɛːt͡s/,,,,,*/ɾˌɔjˈitɪ/,*/rːˌɑɡɔːwˈɛːskɑ/,*/ɾˌɔtˈɑɾɪ/,*/ɾˌɔbɔtˈitɪ/,*/ɾˈɔjɪ/,*/ɾˈɔjɪkɑ/,*/ɾˈɔɡɑ/,*/ɾˈɔbʊ/,,,*/rːˌɑɡɔːzˈĩnɑ/,,,,,,,,,,,,*/rːˈũnɔ/,,,,,,,,,,,,,,,,*/pˌɔʎˈɑkʊ/,*/pˌɔʎˈɑtɑ/,*/pˌɔʎˈɑnɪ/,*/pˌɔtˈɛɾjɑ/,,*/pˌɔstˈɑjɑ/,*/pˌɔstˈɑtɪ/,*/pˌɔstɾˈæxɑ/,*/pˌɔmɪnˈitɪ/,*/pˌɔɾˈɛ̃nd/,*/pˌɔɾˌɔ̃sˈit/,*/pˌɔːɾˈit/,*/pˈɔtʊkɑ/,,,*/plˠˈɔt͡ʃɑ/,,,*/plˠˈɔskɑ/,,*/pˌɔsˈʊlˠɑ/,,,,,,,,,,*/pˌɔbɾɑtˈim/,,,*/bˌɑɾmˈɔːʃ/,,,,,,,,,,,,,,,,,,,,,,*/bˌɔɡˈɔvɑ/,*/bˌɔɾˈikɑ/,*/bˈɔlɪbɑ/,,*/bˌəɾlˈɔɡ/,,,,,,,*/blˈudɔ/,,,,,,,,,*/wˌɔlkˈuo̯/,,,,,,,,,*/vˈædɾɔ/,,,,,,*/wˈɔʎɑ/,,*/wˌʊɾkɔːlˠˈɑk/,,,,,,,,,,,,,,,,*/mˌɛtˈɑdlɔ/,,,,*/mˈɨtɔ/,*/mˌɔtɔvˈidlɔ/,*/mˌɔlðˈikɑ/,,*/mˌɔlˈit͡sɑ/,*/mˌɔɾˈɑt͡ʃɑ/,*/mˌɔɾˌɔvˈiːt͡sɑ/,*/mˌɔɾɔvˈinɑ/,*/mˌɔɾɪnˈit͡sɑ/,*/mˈɔlɪ/,*/mˈɔɾɑ/,,*/mˈʊzɡɔ/,*/ˌɛmpˈɔɾijɑ/,,
R477,,*/ˌɑɾkˈitɑ/,,,,,*/xˌitˈɑtɪ/,,,,,,,,,,,,,*/ˌɔbʊkˈitɑ/,,,,,,,,,,,,,,,,,,,,,,,,,,,,,,,,,,,,,,,*/kˌɔlˈibɑ/,,*/kˌɔɾˈitɔ/,,,*/kˌɔpˈilʊ/,,,,,,,,,,,,,,,,,,,,,,,,,,,,,,,,,,,,,,,,,,,*/ɡɾˌəkˈiɲɑ/,,,,,,,,,,,,,,,,,,,,,,,,,,,,,,,,,,,,,,,,,,,,,,,,,,,,,,,,,,,,,,,,,,,,,,,,,,,,,,,,,,,,,,,,,,,,,,,,,,,,,,,,,,,,,,,,,,*/tˌunʊcˈɑnɪ/,,,,,,,,,,,*/dˌixˈɑtɪ/,,,,,*/dˌɔbˈitɪ/,,,,,,,,,,,,,,,,,,,,,,,,,,,,,,,,,,,,,,,,,,,,,,,,,,,,,,,,,,,,,,,,,,,,,,,,,,,,,,,,,,,,,,,,,,,,,,,,,,,,,,,,,,,,,,,,,,,,,,,,,,,,,,,,,,,,,,,,,,*/pˌɛlˈinʊ/,,,*/pˌixˈɑtɪ/,,,,,,,,,,,,,,,,,,,,,,,,,,*/plˌivˈɑtɪ/,,,,,*/pɾˈiskʊ/,,,,,,,,,,,,,,,,,,,,,,,,*/bˌistɾˈit͡sɑ/,,*/bˈistɾʊ/,,,,,,,,,,,,,,,,,,,,,,,,,,,,,,,,,*/vˈidɾɑ/,,,,,,,,,,,,,,,,,,,,,,,,,*/mˈitɔ/,,,,,,,,,,,,,,,
R478,,,,,,,,,,,,,,,,,,,,,,,,,,,,,,,,,,,,,,,,,,,,,,,,,,,,,,,,,,,,,,,,,,,,,,,,,,,,,,,,,,*/kˌɔlˠt͡ʃˈit/,,,,,,,,,,,,,,,,,,,,,,,,,,,,,,,,,,,,,,,,,,,,,,,,,,,,,,,,,,,,,,,,,,,,,,,,,,,,,,,,,,,,,,,,,,,,,,,,,,,,,,,,,,,,,,,,,,,,,,,,,,,,,,,,,,,,,,,,,,,,,,,,,,,,,,,,,,,,,,,,,,,,,,,,,,,,,,,,,,,,,,,,,,,,,,,,,,,,,,,,,,,,,,,,,,,,,,,,,,,,,,,,,,,,,,,,,,,,,,,,,,,,,,,,,,,,,,,,,,,,,,,,,,,,,,,,,,,,,,,,,,,,,,,,,,,,,,,,,,,,,,,,,,,,,,,,,,,,,,,,,,,,,,,,,,,,,,,,,,,,,,,,,,,,,,,,,,,,,,,,,,,,,,,,,,,,,,,,,,,,,,,,,,,,,,,,,,,,,,,,,,,,,,,,,,,,,,,,,,,,,,,,,,
R479,,,,,,,,,,,,,,,,,,,,,,,,,,,,,,,,,,,,,,,,,,,,,,,,,,*/kˈəlˠkʊ/,,,,,,,,,,,,,,,,,,,,,,,,,,,,,,,,,,,,,,,,,,,,,,,,,,,,,,*/ɡˌəlˠtˈit/,,,,,,,,,,,,,,,,,,,,,,,,,,,,,,,,,,,,,,,,,,,,,,,,,,,,,,,,,,,,,,,,,,,,,,,,,,,,,,,,,,,,,,,,,,,,,,,,,,,,,,,,,,,,,,,,,,,,,,,,,,,,,,,,,,,,,,,,,,,,,,,,,,,,,,,,,,,,,,,,,,,,,,,,,,,,,,,,,,,,,,,,,,,,,,,,,,,,,,,,,,,,,,,,,,,,,,,,,,,,,,,,,,,,,,,,,,,,,,,,,,,,,,,,,,,,,,,,,,,,,,,,,,,,,,,,,,,,,,,,,,,,,,,,,,,,,,,,,,,,,,,,,,,,,,,,,,,,,,,,,,,,,,,,,,,,,,,,,,,,,,,,,,,,,,,,*/wˌɔlˠkˈuo̯/,,,,,,,,,,,,,,,,,,,,,,,,,,,,,,,,,,,,,,,*/mˌɔlˠðˈikɑ/,,,,,,,,,,,,,
R480,,,,,,,,,,,,,,,,,,,,,,,,,,,,,,,,,,,,,,,,,,,,,,,,,,,,,,,,,,,,,,,,,,,,,,,,,,,,,,,,,,,,,,,,,,,,,,,,,,,,,,,,,,,,,,,,,,,,,,,,,,,,,,,,,,,,,,,,,,,,,,,,,,,,,,,,,,,,,,,,,,,,,,,,,,,,,,,,,,,,,,,,,,,,,,,,,,,,,,,,,,,,,,,,,,,,,,,,,,,,,,,,,,,,,,,,,,,,,,,,,,,,,,,,,,,,,,,,,,,,,,,,,,,,,,,,,,,,,,,,,,,,,,,,,,,,,,,,,,,,,,,,,,,,,,,,,,,,,,,,,,,,,,,,,,,,,,,,,,,,,,,,,,,,,,,,,,,,,,,,,,,,,,,,,,,,,,,,,,,,,,,,,,,,,,,,,,,,,,,,,,,,,,,,,,,,,,,,,,,,,,,,,,,,,,,,,,,,,,,,,,,,,,,,,,,,,,,,,,,,,,,,,,,,,,,,,,,,,,,,,,,,,,,,,,,,,,,,,,,,,,,,,,,,
R481,,,,,,,,,,,,,,,,,,,,,,,,,,,,,,,,,,,,,,,,,,,,,,,,,,,,,,,,,,,,,,,,,,,,,,,,,,,,,,,,,,,,,,,,,,,,,,,,,,,,,,,,,,,,,,,,,,,,,,,,,,,,,,,,,,,,,,,,,,,,,,,,,,,,,,,,,,,,,,,,,,,,,,,,,,,*/t͡ʃˈɛɾðɑ/,,,,,,,,,,,,,,,,,,,,,,,,,,,,,,,,,,,,,,,,,,,,,,,,,,,,,,,,,,,,,,,,,,,,,,,,,,,,,,,,,,,,,,,,,,,,,,,,,,,,,,,,,,,,,,,,,,,,,,,,,,,,,,,,,,,,,,,,,,,,,,,,,,,,,,,,,,,,,,,,,,,,,,,,,,,,,,,,,,,,,,,,,,,,,,,,,,,,,,,,,,,,,,,,,,,,,,,,,,,,,,,,,,,,,,,,,,,,,,,,,,,,,,,,,,,,,,,,,,,,,,,,,,,,,,,,,,,,,,,,,,,,,,,,,,,,,,,,,,,,,,,,,,,,,,,,,,,,,,,,,,,,,,,,,,,,,,,,,
R482,,,,,,,,,,,,,,,,,,,,,,,,,,,,,,,,,,,,,,,,,,,,,,,,,,,,,,,,,,,,,,,,,,,,,,,,,,,,,,,,,,,,,,,,,,,,,,,,,,,,,,,,,,,,,,,,,,,,,,,,,,,,,,,,,,,,,,,,,,,,,,,,,,,,,,,,,,,,,,,,,,,,,,,,,,,,,,,,,,,,,,,,,,,,,,,,,,,,,*/ʃklˈɔtɑ/,,,,,,,,,,,,,,,,,,,,,,,,,,,,,,,,,,,,,,,,,,,,,,,,,,,,,,,,,,,,,,,,,,,,,,,,,,,,,,,,,,*/sklˈɔtɑ/,*/sklˈuːfuɾ/,,,,,,,,,,,,,,,,,,,,,,,,,,,,,,,,,,,,,,,,,,,,,,,,,,,,,,,,,,,,,,,,,,,,,,,,,,,,,,,,,,,,,,,,,,,,,,,,,,,,,,,,,,,,,,,,,,,,,,,,,,,,,,,,,,,,,,,,,,,,,,,,,,,,,,,,,,,,,,,,,,,,,,,,,,,,,,,,,,,,,,,,,,,,,,,,,,,,,,,,,,,,,,,,,,,,,,,,,,,,,,,,,,,,
R483,,,,,,,,,,,,,,,,,,,,,,,,,,,,,,,,,,*/kˌɑstɾɑvˈɛt͡sɪ/,*/kˌɑsnˈɛt͡sɪ/,,,,,,,,,,,,,,,,,,,,,,,,,,,,,,,,,,,,,,,,,,,,,,,,,,,,,,,,,,,,,,,,,,,,,,,,,,,,,,,,,,,,,,,,,,,,,,,,,,,,,,,,,,,,,,,,,,,,,,,,,,,,,,,,,,,,,,,,,,,,,,,,,,,,,,,,,,,,,,,,,,,,,,,,,,,,,,,,,,,,,,,,,,,,,,,,,,,,,,,,,,,,,,,,,,,,,,,,,,,,,,,,,,,,,,,,,,,,,,,,,,,,,,,,,,*/stˈɛpɪ/,,,,,,,,,,,,,,,,,,,*/nˈæmˌɛt͡sɪ/,,,,,,,,,,,,,,,,,,,,,,,,,,,,,,,,,,,,,,,,,,,,,,,*/ɾˈunˌɛt͡sɪ/,,,,,,,,,,,,,,,,,,,,,,,,,,,,,,,,,,,,,,,,,,,,,,,,,,,,,,,,,,,,,,,,,,,,,,,,,,,,,,,,,,,,,,,,,,,,,,,,,,,,,,,,,,,,,,,,,,,,,,,,,,,,,,,,,,,,,,,,,,,,,,,,,,,,,,,,,,,,,
R484,,,,,,,,,,,,,,,,,,,,,,,,,,,,,,,,,,,,,,,,,,,,,,,,,,,,,,,,,,,,,,,,,,,,,,,,,,,,,,,,,,,,,,,,,,,,,,,,,,,,,,,,,,,,,,,,,,,,,,,,,,,,,,,,,,,,,,,,,,,,,,,,,,,,,,,,,,,,,,,,,,,,,,,,,,,,,,,,,,,,,,,,,,,,,,,,,,,,,,,,,,,,,,,,,,,,,,,,,,,,,,,,,,*/tˈɛɾʃ/,,,,,,,,,,,,,,,,,,,,,,,,,,,,,*/t͡sˈɛɾmɑ/,,,,,,,,,,,,,,,,,,,,,,,,,,,,*/stˌɛɾvˈinɑ/,,,,,,,,,,,,,,,,,,,,,,,,,,,,,,,,,,,,,,,,,,,,,,,,,,,,,,,,,,,,,,,,,,,,,,,,,,,,,,,,,,,,,,,,,,,,,,,,,,,,,,,,,,,,,,,,,,,,,,,,,,,,,,,,,,,,,,,,,,,*/bˌɛɾzˈɛʃtɑ/,,,,,,,,*/bˈɛɾtk/,,,,,,,,,,,,,,,,,,,,,,,,,,,*/vˌɛɾʃtnˈik/,*/wˌɛɾtˈiːt/,*/ʊvˌɛɾstɪnˈikʊ/,*/wˌɛɾvˈit/,*/wˌɛɾmːˈik/,,*/vˈɛɾstɑ/,,,,,,,,,,,,,,,,,,,,,,,,,,,,,,,,,,,,,,,,,,,,,
R485,,,,,,,,,,,,,,,,,,,,,,,,,,,,,,,,,,,,,,,,,,,,,,,,,,,,,,,,,,,,,,,,,*/kˌɔpɾˈãnskɑ/,,,,,,,,,,,,,,,,,,,,,,,,,,,,,,,,,,,,,,,,,,,,,,,,,,,,,,,*/ɡˌɔstˈãnskɑ/,,,,,,,,,,,,,,,,,,,,,,,,,,,,,,,,,,,,,,,,,,,,,,,,,,,,,,,,,,,,,,,,,,,,,,,,,,,,,,,,,,,,,,,,,,,,,,,,,,,,,,,,,,,,,,,,,,,,,,,,,,,,,,,,,,,,,,,,,,,,,,,,,,,,,,,,,,,,,,,,,,,,,,,,,,,,,,,,,,,,,,,,,,,,,,,,,,,,,,,,,,,,,,,,,,,,,,,,,,,,,,,,,,,,,,,,,,,,,,,,,,,,,,,,,,,,,,,,,,,,,,,,,,,,,,,,,,,,,,,,,,,,,,,,,,,,,,,,,,,,,,,,,,,,,*/bˈælt͡sɑ/,,,,,,,,,,,,,,,,,,,,,,,,,,,,,,,,,,,,,,,,,,,,,,,,,,,,,,,,,,,,,,,,,,,,,,,,,,,*/mˌʊʒˈãnskɑ/,,,,
R486,,,,,,,,,,,,,,,,,,,,,,,*/ˌɔːɾˌʌ̃ndˈɪ/,,*/ˌɔpˈʌ̃nɡɑ/,,*/ˌɔblˈʌ̃nɡ/,,,,,,,,,,,,,,,,*/kˌʌ̃mːˈiːt͡sɑ/,,,,,,*/kˌʌ̃mˈiːʃt/,,*/kˈʌ̃nd/,,,,,,,,,,,,,,*/kˌɔpɾˈʌ̃nskɑ/,,,,,,,,,,,,,,,,,,,,,,,,,,,,,,,,,,,,,,,,,,,,,,,,,,,,,,,*/ɡˌɔstˈʌ̃nskɑ/,,,,,,,,,,,,,,,,,,,,,,*/lˠˈʌ̃nɡɑ/,,,,,,,,,,,,,,,,,,,,,,,,,,,,,,,,,,,,,,,,,,,,,,,,,,,,,,,,,,*/ʃtəpˈʌ̃zɑ/,,*/ʃtəpˈʌ̃ɾ̃/,,,,,,,*/tˈʌ̃nɡɑ/,,,,,,,,,,,,,,,,,,,,,,,,,,,,,,,,,,*/dɾˈʌ̃nɡ/,,,,,,,,,,,,,,,,,,,,,,,,,,,,,,,,,,,,,,,,,,,,,,,,,,*/zˌʌ̃mbˈiːʃt/,*/zˌʌ̃mblˈɑk/,*/zˈʌ̃mpʃɑ/,,,,*/nˌɛɾˈʌ̃nd͡zɑ/,,,,,,,,,,,,,,,,,*/lˈʌ̃nɡt͡skɑ/,,,,,,,,,,,,,,,,,,,,,,,,,,,,,,,,,,,,*/ɾˌʌ̃nɡˈɑt/,,,,,,,*/rːəkˈɑjʌ̃/,,,,,,,,,,,*/pˌɐɡˈʌ̃ɲ/,*/pˌɐɡˈʌ̃ɾ̃ɑ/,*/pˌʌ̃ndˈɑːɾ/,,,,,,,,,,,,,,,,,,,,,,,,,,,,,,,,,,,,,,,,,,,,,,,,,*/bəɾzˈʌ̃ɾ̃ɑ/,,,,,,,,,,,,,,,,,,,,,,,,,,,,,,,,,,,,,,,,,,,,,,,,,,,,,*/wɾˈʌ̃ɾ̃/,,,,,,,,,,,,,,,,,,,,,,,,,,,,,,*/mˌʊʒˈʌ̃nskɑ/,,,,
R487,,,,,,,,,,,,,,,,,,,,,,,,,,,,,,,,,,,,,,,,,,,,,,,,,,,,,,,,,,,,,,,,,,,,,,,,,,,,,,,,,,,,,,,,,,,,,,,,,,,,,,,,,,,,,,,,,,,,,,,,,,,,,,,,,,,,,,,,,,,,,,,,,,,,,,,,,,,,,,,,,,,,,,,,,,,,,,,,,,,,,,,,,,,,,,,,,,,,,,,,,,,,,,,,,,,,,,,,,,,,,,,,,,,,,,,,,,,,,,,,,,,,,,,,,,,,,,,,,,,,,,,,,,,,,,,,,,,,,,,,,,,,,,,,,,*/səmʎˈɑtɪ/,,,,,,,,,,,,,,,,,,,,,,,,,,,,,,,,,,,,,,,,,,,,,,,,,,,,,,,,,,,,,,,,,,,,,,,,,,,,,,,,,,,,,,,,,,,,,,,,,,,,,,,,,,,,,,,,,,,,,,,,,,,,,,,,,,,,,,,,,,,,,,,,,,,,,,,,,,,,,,,,,,,,,,,,,,,,,,,,,,,,,,,,,,,,,,,,,,,,,,,,,,,,,,,,,,,,,,,,,,
R488,,,,,,,,,,,,,,,,,,,,,,,,,,,,,,,,,,,,,,,,,,,,,,,,,,,,,,,,,,,,,,,,,,,,,,,,,,,,,,,,,,,,,,,,,,,,,,,,,,,,,,,,,,,,,,,,,,,,,,,,,,,,,,,,,,,,,,,,,,,,,,,,,,,,,,,,,,,,,,,,,,,,,,,,,,,,,,,,,,,,,,,,,,,,,,*/ʃkˌuːɾðˈɛːt͡s/,,,,,,,,,,,,,,,,,,,,,,,,,,,,,,,,,,,,,,,,,,,,,,,,,,,,,,,,,,,,,,,,,,,,,,,,,,,,,,,,,,,,,,,,,,,,,,,,,,,,,,,,,,,*/zbɑvˈitɪ/,,,,,,,,,,,,,,,,,,,*/lˈʌ̃nt͡skɑ/,,,,,,,,,,,,,,,,,,,,,,,,,,,,,,,,,,,,,,,,,,,,,,,,,,,,,,,,,,,,,,,,,,,,,,,,,,,,,,,,,,,,,,,,,,,,,,,,,,,,,,,,,,,,,,,,,,,,,,,,,,,,,,,,,,,,,,,,,,,,,,,,,,,,,,,,,,,,,,,,,,,,,,,,,,,,,,,,,,,,,,,,,,,,,,,,
R489,,,,,,,,,,,,,,,,,,,,,,,,,,,,,,,,,,,,,,,,,,,,,,,,,,,,,,,,,,,,,,,,,,,,,,*/kˈɔːzəlˠt͡sɑ/,*/kˈɔtt͡sɑ/,,,,,*/kˈɔɾcɑ/,,,,,,,,,,,,,,,,,,,,,,,,,,,,,,,,,,,,,,,,,,,,,,,,,,,,,,,,,,,,,,,,,,,,,,,,,,,,,,,,,,,,,,,,,,,,,,,,,,,,,,,,,,,,,,,*/ʃˈibkɑ/,,,,,,,,,,,,,,,,,,,,,,,,,,,,,,,,,,,,,,,,,,,,,,,,,,,,,,,,,,,,*/dɾˈɔmːt͡sɑ/,,,,,,,,,,,,,,*/sˈɛlt͡sɑ/,,,,,,*/sˈitkɑ/,*/sˈitkɑ/,,,*/sˌɔvˈɑdlkɑ/,,,,,,,,,,,,,,,,,,,,,,,,,,,,,*/nˌɛpˈəɾtkɑ/,,,,,,*/nˈɔvkɑ/,,,,,,,,,,,,,,,,,,,,,,,,,,,,,,,,,,,*/ɾˈæʒkɑ/,,,,,,,*/ɾˈɔjkɑ/,,,,,,,,,,,,,,,,,,,,,,,,,,,,,,,,,,,,,,,,,,,,,*/pˈɔtkɑ/,,,,,,,,,,,,,,,,,,,,,,,,,,,,,,,,,,*/bˈælkɑ/,,,,,,,,,,,*/bˈɔlbɑ/,,,,,,,,,,,,,,,,,,,,,,,,,,,,,,,,,,,,,,,,,,,,*/mˈɑtkɑ/,,,,,,,,,,,,,,,,,,,,,,,,,,
R490,,,,,,,,,,,,,,,,,,,,,,,,,,,,,,,,,,,,,,,,,,,,,,,,,,,,,,,,,,,,,,,,,,,,,,,,,,,,,,,,,,,,,,,,,,,,,,,,,,,,,,,,,,,,,,,,,,,,,,,,,,,,,,,,,,,,,,,,,,,,,,,,,,,,,,,,,,,,,,,,,,,,,,,,,,,,,,,,,,,,,,,,,,,,,,,,,,,,,,,,,,,,,,,,,,,,,,,,,,,,,,,,,,,,,,,,,,,,,,,,,,,,,,,,,,,,,,,,,,,,,,,,,,,,,,,,,,,,,,,,,,,,,,,,,,,,,,,,,,,,,,,,,,,,,,,,,,,,,,,,,,,,,,,,,,,,,,,,,,,,,,,,,,,,,,,,,,,,,,,,,,,,,,,,,,,,,,,,,,,,,,,,,,,,,,,,,,,,,,,,,,,,,,,,,,,,,,,,,,,,,,,,,,,,,,,,,,,,,,,,,,,,,,,,,,,,,,,,,,,,,,,,,,,,,,,,,,,,,,,,,,,,,,,,,,,,,,,,,,,,,,,,,,,,
R491,,,,,,,,,,,,,,,,,,,,,,,,,,,,,,,,,,,,,,,,,,,,,,,,,,,,,,,,,,,,,,,,,,,,,,,,,,,,,,,,,,,,,,,,,,,,,,,,,,,,,,,,,,,,,,,,,,,,,,,,,,,,,,,,,,,,,,,,,,,,,,,,,,,,,,,,,,,,,,,,,,,,,,,,,,,,,,,,,,,,,,,,,,,,,,,,,,,,,,,,,,,,,,,,,,,,,,,,,,,,,,,,,,,,,,,,,,,,,,,,,,,,,,,,,,,,,,,,,,,,,,,,,,,,,,,,,,,,,,,,,,,,,,,,,,,,,,,,,,,,,,,,,,,,,,,,,,,,,,,,,,,,,,,,,,,,,,,,,,,,,,,,,,,,,,,,,,,,,,,,,,,,,,,,,,,,,,,,,,,,,,,,,,,,,,,,,,,,,,,,,,,,,,,,,,,,,,,,,,,,,,,,,,,,,,,,,,,,,,,,,,,,,,,,,,,,,,,,,,,,,,,,,,,,,,,,,,,,,,,,,,,,,,,,,,,,,,,,,,,,,,,,,,,,
R492,,,,,,,,,,,,,,,,,,,,,,,,,,,,,,,,,,,,,,,,,,,,,,,,,,,,,,,,,,,,,,,,,,,,,,,,,,,,,,,,,,,,,,,,,,,,,,,,,,,,,,,,,,,,,,,,,,,,,,,,,,,,,,,,,,,,,,,,,,,,,,,,,,,,,,,,,,,,,,,,,,,,,,,,,,,,,,,,,,,,,,,,,,,,,,,,,,,,,,,,,,,,,,,,,,,,,,,,,,,,,,,,,,,,,,,*/dˌɛltˈinɑ/,,,,,,,,,,,,,,,,,,,,,,,,,,,,,,,,,,,,,,,,,,,,,,,,,,,,,,,,,,,,,,,,*/zˈʌ̃mʃɑ/,,,,,*/nˌɛpˈəɾkɑ/,,,,,,,,,,,,,,,,,,,,,,,,,,,,,,,,,,,,,,,,,,,,,,,,,,,,,,,,,,,,,,,,,,,,,,,,,,,,,,,,,,,,,,,,,,,,,,,,,,,,,,,,,,,,,,,,,,,,,,,,,,,,,,,,,,*/bˈɛɾk/,,,,,,,,,,,,,,,,,,,,,,,,,,,,,,,,,,,,,,,,,,,,,,,,,,,,,,,,,,,,,,,,,,,,,,,,,,,,,,
R493,,,,,,,,,,,,,,,,,,,,,,,,,,,,,,,,,,,,,,,,,,,,,,,,,,,,,,,,,,,,,,,,,,,,,,,,,,,,,,,,,,,,,,,,,,,,,,,,,,,,,,,,,,,,,,,,,,,,,,,,,,,,,,,,,,,,,,,,,,,,,,,,,,,,,,,,,,,,,,,,,,,,,,,,,,,,,,,,,,,,,,,,,,,,,,,,,,,,,,,,,,,,,,,,,,,,,,,,,,,,,,,,,,,,,,,,,,,,,,,,,,,,,,,,,,,,,,,,,,,,,,,,,,,,,,,,,,,,,,,,,,,,,,,,,,,,,,,,,,,,,,,,,,,,,,,,,,,,,,,,,,,,,,,,,,,,,,,,,,,,,,,,,,,,,,,,,,,,,,,,,,,,,,,,,,,,,,,,,,,,,,,,,,,,,,,,,,,,,,,,,,,,,,,,,,,,,,,,,,,,,,,,,,,,,,,,,,,,,,,,,,,,,,,,,,,,,,,,,,,,,,,,,,,,,,,,,,,,,,,,,,,,,,,,,,,,,,,,,,,,,,,,,,,,
R494,,,,,,,,,,,,,,,,,,,,,,,,,*/ˌɔpˈʌ̃ŋɡɑ/,,*/ˌɔblˈʌ̃ŋɡ/,,,,,,,,,,,,,,,,,,,,,,,,,,,,,*/kˌɔðɾˈɑnd/,,,,,,,,,,,,,,,,,,,,,,,,,,,,,,,,,,,,,,,,,,,,,,,,,,,,,,,,,,,,,,,,,,,,,,,,,,,,,,,,,,,,,,*/lˠˈʌ̃ŋɡɑ/,,,,,,,,,,,,,,,,,,,,,,,,,,,,,,,,,,,,,,,,,,,,,,,,,,,,,,,,,,,,,,,,,,,*/tˈʌ̃ŋɡɑ/,,,,,,,,,,,,,,,,,,*/tɾˌɔndˈit/,,,,,,,,,,,,,,,,*/dɾˈʌ̃ŋɡ/,,,,,,,,,,,,,,,,,,,,,,,,,,,,,,,,,,,,,,,,,,,,,,,,,,,,,,,,,,,,,,,,,,,,,,,*/ləŋɡ/,,,,,,,,,,,,,,,,,,,,,,,,,,,,,,,,,,,,,,*/ɾˌʌ̃ŋɡˈɑt/,,,,,,,,,,,,,,,,,,,,,,,,,,,,,,,,,,,,,,,,,,,,,,,,,,,,,,*/pəlˈɛ̃ŋɡɑ/,,,,,,,,,,,,,,,,,,,,,,,,,,,,,,,,,,,,,,,,,,,,,,,,,,,,,,,,,,,,,,,,,,,,,,,,,,,,,,,,,,,,,,*/mˌiːlˈĩŋɡɑ/,,,,,,,,,,,,,,*/ˌɛmbˈɔɾijɑ/,,*/ə̃mbɾˈɑːzdn/
R495,,,,,,,,,,,,,,,,,,,,,,,,,,,,,,,,,,,,,,,,,,,,,,,,,,,,,,,,,,,,,,,,,,,,,,,,,,,,,,,,,,,,,,,,,,,,,,,,,,,,,,,,,,,,,,,,,,,,,,,,,,,,,,,,,,,,,,,,,,,,,,,,,,,,,,,,,,,,,,,,,,,,,,,,,,,,,,,,,,,,,,,,,,,,,,,,,,,,,,,,,,,,,,,,,,,,,,,,,,,,,,,,,,,,,,,,,,,,,,,,,,,,,,,,,,,,,,,,,,,,,,,,,,,,,,,,,,,,,,,,,,,,,,,,,,,,,,,,,,,,,,,,,,,,,,,,,,,,,,,,,,*/lˈɛːʒɲɑ/,,,,,,,,,,,,,,,,,,,,,,,,,,,,,,,,,,,,,,,,,,,,,,,,,,,,,,,,,,,,,,,,,,,,,,,,,,,,,,,,,,,,,,,,,,,,,,,,,,,,,,,,,,,,,,,,,,,,,,,,,,,,,,,,,,,,,,,,,,,,,,,,,,,,,,,,,,,,,,,,,,,,,,,,,,,,,,,,,,,,,,,,,,
R496,,,,,,,,,,,,,,,,,,,,,,,,,,,,,,,,,,,,,,,,,,,,,,,,,,,,,,,,,,,,,,,,,,,,,,,,,,,,,,,,,,,,,,*/kˌuːpəlːˈik/,,,,,,,,,,,,,,,,,,,,,,,,,,,,,,,,,,,,,,,,,,,,,,,,,,,,,,,,,,,,,,,,,,,,,,,,,,,,,,,,,,,,,,,,,,,,,,,,,,,,,,,,,,,,,,,,,,,,,,,,,,,,,,,,,,,,,,,,,,,,,,,,,,,,,,,,,,,,,,,,,,,,,,,,,,,,,,,,,,,,,,,,,,,,,,,,,,,,,,,,,,,,,,,,,,,,,,,,,,,,,,,,,,,,,,,,,,,,,,,,,,,,,,,,,,,,,,,,,,,,,,,,,,,,,,,,,,,,,,,,,,,,,,,,,,,,,,,,,,,,,,,,,,,,,,,,,,,,,,,,,,,,,,,,,,,,,,,,,,,,,,,,,,,,,,,,,,,,,,,,,,,,,,,,,,,,,,,,,,,,,,,,,,,,,,,,,,,,,,,,,,,,,,,,,*/mˌɔlːˈikɑ/,,,,,,,,,,,,,
R497,,,,*/ˌɑvˈit/,,*/xˌɑbˈit/,*/xˌitˈɑt/,,,*/xˌukˈɑt/,,,,*/jˈɑɾm/,,*/jˈuɡ/,*/jˈud/,,,*/ˌɔbkˈitɑ/,,,,*/ˌɔbɾˈɔk/,,*/ˌɔbˈɔɾ/,,,*/kˌɑt͡ʃuɾˈɛl/,*/kˌɑt͡ʃˈul/,,*/kˌɑt͡ʃˈubɛl/,*/kˌɑdˈit/,*/kˌɑstɾɑvˈɛt͡s/,*/kˌɑsnˈɛt͡s/,*/kˌɑlibˈɔb/,,,,,,*/kˌɑpˈit/,,*/tkˈɑt͡ʃ/,,,*/kˌəɾbˈɑt͡ʃ/,,,*/kˈəlˠk/,,,,*/kˌɔsˈit/,*/kˌɔsˈɔɾ/,,*/kˌɔnkˈɔl/,,,*/kˌɔɾˈit/,,,,*/kˌɔpˈil/,,*/kˌɔvˈɑt͡ʃ/,*/kˈɔl/,*/kˈɔʃ/,*/kˈɔst/,,,*/kˈɔs/,,,,,,*/kˈɔpɾ/,*/kˈɔb/,,,,*/kˌukˈɑt/,,*/kˌɔlˈɑt͡ʃ/,,,,,,,,*/kˈum/,,,,,,*/ɡˌɑmˈit/,*/ɡˈɑj/,,,,,,,,*/kˌəɾt͡ʃˈɑk/,,,*/ɡˌəɾdˈit/,,,,,,*/ɡˈəɾt͡ʃ/,,*/ɡˌɔdˈit/,,*/ɡˌɔstˈit/,,,*/ɡˌɔmbˈɛl/,,,,,,*/ɡɾˌɑbˈit/,,*/ɡɾˌɛbˈɑʃ/,*/ɡˈɔɾʃ/,,,,,,,,*/lˠˈɑːzɾ/,,,,,,*/ˌudˈɔb/,*/jˌunˈɑk/,,*/ˌuɾˈɔk/,*/cˈɛ̃ʒnɑ/,*/cɛsˈɑt/,,,,*/ɡlˌɑvnˈit͡sɑ/,,*/ɟˌɛzdˈit/,*/ɡlˌɔmbɔt͡ʃˈɑɾ/,,*/ɲˌuxˈɑt/,*/t͡ʃˈɑs/,,*/t͡ʃˈɑm/,,,*/t͡ʃˌælˈit/,*/t͡ʃˌælnˈik/,,,,,,*/t͡ʃˌudˈit/,,,,,,,,,,,,,,,,,,,,,,*/ʃˈul/,,,,,,,,,*/ʒˈɛɡ/,,,,,*/tˈɛk/,*/tˈis/,,,,*/tˌɔt͡ʃˈit/,,,*/tˌɔpˈidl/,,*/tˈɔpɾ/,*/tˌuncˈɑn/,,*/tˈun/,*/tɾˈɑp/,,,,,,,,*/dˌixˈɑt/,,,,,*/dˌɔbˈit/,,*/dˈɔb/,,*/dˈũmbɾ/,,,*/dɾˌæmˈit/,*/dɾˌɔbˈit/,,,,,,,,,*/t͡sˌænˈit/,,,,,,,,,*/sˈɛmbɾ/,,,,,,,,,,,,*/slˈɔɡ/,,,,,,*/stɾˌɪkˈɑt/,*/stˌəɾvˈit/,,,*/stˈɛp/,,,,,*/səmʎˈɑt/,*/zˌɑbˈæl/,,,,,,*/zbɑvˈit/,,,,*/nˌɛvˌæɾˈit/,,*/nˈæm/,*/nˈæmˌɛt͡s/,,,,,,,,,,,,,*/lˌit͡ʃˈit/,,*/lˌɛbɛtˈit/,,,,,*/lˈɪstkɾ/,,,,,*/lˈɔɡ/,,,,,,,,,,,,,,*/ɾˌɔjˈit/,,*/ɾˌɔtˈɑɾ/,*/ɾˌɔbɔtˈit/,*/ɾˈɔj/,,,*/ɾˈɔb/,*/ɾˈunˌɛt͡s/,,,,*/xɾˌɑpˈɑt/,,*/xɾˈɑp/,,,,,,,,,*/pˌɑʃnˈik/,,*/pˌɑdˈit/,,,,,,,*/pˌɛlˈin/,*/pˈɛk/,,*/pˌixˈɑt/,,,*/pˌɔʎˈɑk/,,*/pˌɔʎˈɑn/,,,,*/pˌɔstˈɑt/,,*/pˌɔmnˈit/,,,,,,*/plˠˈɑz/,,,,,,,,,*/plˌivˈɑt/,*/plˌɛvnˈit͡sɑ/,,,,*/pɾˈisk/,,,,*/bˌɑtˈit/,,,,,*/bˌəɾt͡ʃˈik/,,,,,,,,,,*/bˈæl/,,,,,,,*/bˈistɾ/,,,,,,*/bˌut͡ʃˈɑt/,,,,,,,,,,,*/bɾˈæɡ/,,,,,,,*/vˌɛɾstnˈik/,,,,,,,,*/vˈiʃɲɑ/,,*/vˈisk/,*/vˈɔklˠ/,,,,,*/vˈəɾl/,,*/mˌɑxnˈit/,,,*/mˈɑk/,,,,,,,*/mˌəɾzˈit/,*/mˌəɾməɾˈit/,,,,,,,,,,,,,*/mˌɔɾnˈit͡sɑ/,*/mˈɔl/,,,,,,
R498,,,,,,,,,,,,,,,,,,,,,,,,,,,,,,,,,,,,,,,,,,,,,,,,,,,,,,,,,,,,,,,,,,,,,,,,,,,,,,,,,,,,,,,,,,,,,,,,,,,,,,,,,,,,,,,,,,,,,,,,,,,,,,*/ɡlˠˌɑːnˈik/,,,,,,,,,,,,,,,,,,,,,,,,,,,,,,*/ɡlˌɑnˈit͡sɑ/,,,,,,,,,,,,,,,,,,,,,,,,,,,,,,,,,,,,,,,,,,,,,,,,,,,,,,,,,,,,,,,,,,,,,,,,,,,,,,,,,,,,,,,,,,,,,,,,,,,,,,,,,,,,,,,,,,,,,,,,,,,,,,,,,,,,,,,,,,,,,,,,,,,,,,,,,,,,,,,,,,,,,,,,,,,,,,,,,,,,,,,,,,,,,,,,,,,,,,,,,,,,,,,,,,,,,,,,,,,,,,,,,,,,,,,,,*/pˌɔnˈit/,,,,,,,,,,,,,,,,*/plˌɛnˈit͡sɑ/,,,,,,,,,,,,,,,,,,,,,,,,,,,,,,,,,,,,,,,,,,,,,,,,,,,,,,,,,,,,,,,,,,,,,,,,,,,,,,,,,,,,,,,,,,,,,,,,,,,,,,,
R499,,,,,,,,,,,,,,,,,,,,,,,,,,,,,,,,,,,,,,,,,,,,,,,,,,,,,,,,,,,,,,,,,,,,,,,,,,,,,,,,,,,,,*/kˌɔlˠˈɑt͡ʃ/,,,,,,,,,,,,,,,,,,,,,,,,*/ɡˌəɾdˈɑlˠɑ/,,,,,,,,,,,,,,*/ɡˌɔmˈilˠɑ/,,,,,,,,,,,,,,,,,,,,,,,,,,,,,,,,,,,,,,,,,,,,,,,*/t͡ʃˈælˠɔ/,,,,,,*/t͡ʃˈulˠɑ/,,,,,,,,,,,,,,,,,,,,,,,,,,,,,,,,,,,,,,,,,,,,,,,,,,,,,,,,,,,,,,,,,,,,,,,,,,,,,,,,,,,,,,,,*/sˈilˠɑ/,,,,,,,,,,,,,,,,,,,,,,,,,,,,,,,,,,,,,,,,,,,,,,,,,,,,,,,,,,,,,,,,,,,,,,,,,,,,,,,,,,,,,,,,,,,,,,,,,,,,,,,,,,,,,,,,,,,,,,,,,,,,,,,,,,,,,,,,,,,,,,,,,,,,,,,,,,,,,,,,,,,,,,,,,,,,,,,,,,,,,,,,,,,,,,,,,,,,,,,,,,,,,,,,,,,,,,,,,,,,,,,,,,*/mˈælˠɑ/,,,,,,,,,,,,,,,,,,
R500,,,,,,,,,,,,,,,,,,*/ˈɪskɾɑ/,,,,,,,,,,*/ˈɔiʃtə/,,,,,,,,,,,,,,,,,,,,,,,,,,,,,,,,,,,,,,,,,,,,,,,,,,,,,,,,,,,,,,,,,,,,,,,,,,,,,,,,,,,,,,,,,,,,,,,,,,,,,,,,,,,,,,,,,,,,,,,,,,,,,,,,,,,,,,,,,,,,,,,,,,,,,,,,,,,,,,,,,,,,,,,,,,,,,,,,,,,,,,,,,,,,,,,,,,,,,,,,,,,,,,,,,,,,,,,,,,,,,,,,,,,,,,,,,,,,,,,,,,,,,,,,,,,,,,,,,,,,,,,,,,,,,,,,,,,,,,,,,,,,,,,,,,,,,,,,,,,,,,,,,,,,,,,,,,,*/ɾˌɔˈit/,,,,,,,,,,,,,,,,,,,,,,,,,,,,,,,,,,,,,,,,,,,,,,,,,,,,,,,,,,,,,,,,,,,,,,,,,,,,,,,,,,,,,,,,,,,,,,,,,,,,,,,,,,,,,,,,,,,,,,,,,,,,,,,,,,,,,,,,,,,,,,,,,,,,,,,,,,,,,,,,,,,,,
R501,,,,,,,,,,,,,,,,,,,,,,,,,,,,,,,,,,,,,,,,,,,,,,,,,,,,,,,,,,,,,,,,,,,,,,,,,,,,,,,,,,,,,,,,,,,,,,,,,,,,,,,,,,,,,,,,,,,,,,,,,,,,,,,,,,,,,,,,,,,,,,,,,,,,,,,,,,,,,,,,,,,,,,,,,,,,,,,,,,,,,,,,,,,,,,,,,,,,,,,,,,,,,,,,,,,,,,,,,,,,,,,,,,,,,,,,,,,,,,,,,,,,,,,,,,,,,,,,,,,,,,,,,,,,,,,,,,,,,,,,,,,,,,,,,,,,,,,,,,,,,,,,,,,,,,,,,,,,,,,,,,,,,,,,,,,,,,,,,,,,,,,,,,,,,,,,,,,,,,,,,,,,,,,,,,,,,,,,,,,,,,,,,,,,,,,,,,,,,,,,,,,,,,,,,,,,,,,,,,,,,,,,,,,,,,,,,,,,,,,,,,,,,,,,,,,,,,,,,,,,,,,,,,,,,,,,,,,,,,,,,,,,,,,,,,,,,,,,,,,,,,,,,,,,
R502,,,,,,,,,,,,,,,,,,,,,,,,,,,,,,,,,,,,,,,,,,,,,,,,,,,,,,,,,,,,,,,,,,,,,,,,,,,,,,,,,,,,,,,,,,,,,,,,,,,,,,,,,,,,,,,,,,,,,,,,,,,,,,,,,,,,,,,,,,,,,,,,,,,,,,,,,,,,,,,,,,,,,,,,,,,,,,,,,,,,,,,,,,,,,,,,,,,,,,,,,,,,,,,,,,,,,,,,,,,,,,,,,,,,,,,,,,,,,,,,,,,,,,,,,,,,,,,,,,,,,,,,,,,,,,,,,,,,,,,,,,,,,,,,,,,,,,,,,,,,,,,,,,,,,,,,,,,,,,,,,,,,,,,,,,,,,,,,,,,,,,,,,,,,,,,,,,,,,,,,,,,,,,,,,,,,,,,,,,,,,,,,,,,,,,,,,,,,,,,,,,,*/plˌɑːʃnˈik/,,,,,,,,,,,,,,,,*/bɾɐʃnˈik/,,,,,,,,,,,,,,,,,,,,,,,,,,,,,,,,,,,,,,*/vˌɛɾʃnˈik/,,*/vˌɛɾsnˈik/,,,,,,,,,,,,,,,,,,,,,,,,,,,,,,,,,,,,,,,,,,,,,,,,,*/ə̃mbɾˈɑːzn/
R503,,,,,,,,,,,,,,,,,,,,,,,,,,,,,,,,,,,,,,,,,,,,,,,,,,,,,,,,,,,,,,,,,,,,,,,,,,,,,,,,,,,,,,,,,,,,,,,,,,,,,,,,,,,,,,,,,,,,,,,,,,,,,,,,,,,,,,,,,,,,,,,,,,,,,,,,,,,,,,,,,,,,,,,,,,,,,,,,,,,,,,,,,,,,,,,,,,,,,,,,,,,,,,,,,,,,,,,,,,,,,,,,,,,,,,,,,,,,,,,,,,,,,,,,,,,,,,,,,,,,,,,,,,,,,,,,,,,,,,,,,,,,,,,,,,,,,,,,,,,,,,,,,,,,,,,,,,,,,,,,,,,,,,,,,,,,,,,,,,,,,,,,,,,,,,,,,,,,,,,,,,,,,,,,,,,,,,,,,,,,,,,,,,,,,,,,,,,,,,,,,,,,,,,,,,,,,,,,,,,,,,,,,,,,,,,,,,,,,,,,,,,,,,,,,,,,,,,,,,,,,,,,,,,,,,,,,,,,,,,,,,,,,,,,,,,,,,,,,,,,,,,,,,,,
R504,,,,,,,,,,,,,,,,,,,,,,,,,,,,,,,,,,,,,,,,,,,,,,,,,,,,,,,,,,,,,,,,,,,,,,,,,,,,,,,,,,,,,,,,,,,,,,,,,,,,,,,,,,,,,,,,,,,,,,,,,,,,,,,,,,,,,,,,,,,,,,,,,,,,,,,,,,,,,,,,,,,,,,,,,,,,,,,,,,,,,,,,,,,,,,,,,,,,,,,,,,,,,,,,,,,,,,,,,,,,,,,,,,,,,,,,,,,,,,,,,,,,,,,,,,,,,,,,,,,,,,,,,,,,,,,,,,,,,,,,,,,,,,,,,,,,,,,,,,,,,,,,,,,,,,,,,,,,,,,,,,,,,,,,,,,,,,,,,,,,,,,,,,,,,,,,,,,,,,,,,,,,,,,,,,,,,,,,,,,,,,,,,,,,,,,,,,,,,,,,,,,,,,,,,,,,,,,,,,,,,,,,,,,,,,,,,,,,,,,,,,,,,,,,,,,,,,,,,,,,,,,,,,,,,,,,,,,,,,,,,,,,,,,,,,,,,,,,,,,,,,,,,,,,
R505,,,,,,,,,,,,,,,,,,*/ˈiskɾɑ/,,,,,*/ˌɔːɾˌʌ̃ndˈi/,,,,,,,,,,,,,,,,*/kˌɑɾˈit͡sɑ/,,,,,,,,,,,,,,,,,,,,,,,,,,,,,,,,,,,,,,,,,,,,,,,,,,,,,,,,,,,,,,,,,,,,,,,,,,,,,,,,,,,,,,,,,,,,,,,,,,,,,,,,,,,,,,,,,,,,,,,,,,,,,,,,,,,,,*/t͡ʃˈirː/,,,,,,,,,,,,,,,,,,,,,,,*/ʃˈulˠɑ/,,,,,,,,,,,,,,,,,,,,,,,,,,,,,,*/tɾˈiʃ/,,,,,,,,,*/dˈibɾɑ/,*/dˈibɾj/,,,,,,,,,,,,,,,,,,,,,,,,,,,,,,,,,,,,,,,,,,,,,,*/stɾˌikˈɑt/,,,,,,,*/stɾˈukɑ/,,,,,,,,,,,,,,,,,,,*/lˌɑːkmˈi/,,,,,,,,,,,,,,,,,*/lˈistkɾ/,,,,,,,,,,,,,,,,,,,,,,,,,,,,,,,,,,,,,,,,,,,,,,,,,,,,,,,,,,,,,,,,,,,,,,,,,,,,,*/pˌɔsˈulˠɑ/,,,,,,,,,,,*/bˌɑɡətˈi/,,,,,,,,,,,,,,,,,,,,,,,,,,,,,,,,,,,,*/blˈudɑ/,,,,,,,,,,,,,,,,,,,,,,,,,*/wˌuɾkɔːlˠˈɑk/,,,,,,,,,,,,,,,,,,,,,,,,,,,,,,,*/mˌuʒˈʌ̃nskɑ/,*/mˈuzɡɔ/,,,
R506,,,,,,,,,,,,,,,,,,,,,,,,,,,,,,,,,,,,,,,,,,,,,,,,,,,,,,,,,,,,,,,,,,,,,,,,,,,,,,,,,,,,,,,,,,,,,,,,,,,,,,,,,,,,,,,,,,,,,,,,,,,,,,,,,,,,,,,,,,,,,,,,,,,,,,,,,,,,,,,,,,,,,,,,,,,,,,,,,,,,,,,,,,,,,,,,,,,,,,,,,,,,,,,,,,,,,,,,,,,,,,,,,,,,,,,,,,,,,,,,,,,,,,,,,,,,,,,,,,,,,,,,,,,,,,,,,,,,,,,,,,,,,,,,,,,,,,,,,,,,,,,,,,,,,,,,,,,,,,,,,,,,,,,,,,,,,,,,,,,,,*/ɾˈæʒɡɑ/,,,,,,,,,,,,,,,,,,,,,,,,,,,,,,,,,,,,,,,,,,,,,,,,,,,,,,,,,,,,,,,,,,,,,,,,,,,,,,,,,,,,,,,,,,,,,,,,,,,,,,,,,,,,,,,,,,,,,,,,,,,,,,,,,,,,,,,,,,,,,,,,,,,,,,,,,,,,,,,,,,,,,,,
R507,,,,,,,,,,,,,,,,,,,,*/ˌɔpkˈitɑ/,,,,,,,,,,,,,,,,,,,,,,,,,,,,,,,,,,,,,,,,,,,,,,,,,,,,,,,,,,,,,,,,,,,,,,,,,,,,,,,,,,,,,,,,,,,,,,,,,,,,,,,,,,,,,,,,,,,,,,,,,,,,,,,,,,,,,,,,,,,,,,,,,,,,,,,,,,,,,,,,,,,,,,,*/ʃˈipkɑ/,,,,,,,,,,,,,,,,,,,,,,,,,,,,,,,,,,,,,,,,,,,,,,,,,,,,,,,,,,,,,,,,,,,,,,,,,,,,,,,,,,,,,,,,,,,,,,,,,,,,,,,,,,,,,,,,,,,,,,,*/nˈɔfkɑ/,,,,,,,,,,,,,,,,,,,,,,,,,,,,,,,,,,,,,,,,,,,,,,,,,,,,,,,,,,,,,,,,,,,,,,,,,,,,,,,,,,,,,,,,,,,,,,,,,,,,,,,,,,,,,,,,,,,,,,,,,,,,,,,,,,,,,,,,,,,,,,,,,,,,,,,,,,,,,,,,,,,,,,,,,,,,,,,,,,,,,,,,,,,,,,,,,,,,,,,,,,
R508,,,,,,,,,,,,,,,,,,,,,,,,,,,,,,,,,,,,,,,,,,,,,,,,,,,,,,,,,,,,,,,,,,,,,,,,,,,,,,,,,,,,,,,,,,,,,,,,,,,,,,,,,,,,,,,,,,,,,,,,,,,,,,,,,,,,,,,,,,,,,,,,,,,,,,,,,,,,,,,,,,,,,,,,,,,,,,,,,,,,,,,,,,,,,,,,,,,,,,,,,,,,,,,,,,,,,,,,,,,,,,,,,,,,,,,,,,,,,,,,,,,,,,,,,,,,,,,,,,,,,,,,,,,,,,,,,,,,,,,,,,,,,,,,,,,,,,,,,,,,,,,,,,,,,,,,,,,,,,,,,,,,,,,,,,,,,,,,,,,,,,,,,,,,,,,,,,,,,,,,,,,,,,,,,,,,,,,,,,,,,,,,,,,,,,,,,,,,,,,,,,,,,,,,,,,,,,,,,,,,,,,,,,,,,,,,,,,,,,,,,,,,,,,,,,,,,,,,,,,,,,,,,,,,,,,,,,,,,,,,,,,,,,,,,,,,,,,,,,,,,,,,,,,,
R509,,,,,,,,,,,,,,,,,,,,,,,,,,,,,,,,,,,,,,,,,,,,,,,,,,,,,,,,,,,,,,,,,,,,,,,,,,,,,,,,,,,,,,,,,,,,,,,,,,,,,,,,,,,,,,,,,,,,,,,,,,,,,,,,,,,,,,,,,,,,,,,,,,,,,,,,,,,,,,,,,,,,,,,,,,,,,,,,,,,,,,,,,,,,,,,,,,,,,,,,,,,,,,,,,,,,,,,,,,,,,,,,,,,,,,,,,,,,,,,,,,,,,,,,,,,,,,,,,,,,,,,,,,,,,,,,,,,,,,,,,,,,,,,,,,,,,,,,,,,,,,,,,,,,,,,,,,,,,,,,,,,,,,,,,,,,,,,,,,,,,,,,,,,,,,,,,,,,,,,,,,,,,,,,,,,,,,,,,,,,,,,,,,,,,,,,,,,,,,,,,,,,,,,,,,,,,,,,,,,,,,,,,,,,,,,,,,,,,,,,,,,,,,,,,,,,,,,,,,,,,,,,,,,,,,,,,,,,,,,,,,,,,,,,,,,,,,,,,,,,,,,,,,,,
R510,,,,,,,,,,,,,,,,,,,,,,,,,,,,,,,,,,,,,,,,,,,,,,,,,,,,,,,,,,,,,,,,,,,,,,,,,,,,,,,,,,,,,,,,,,,,,,,,,,,,,,,,,,,,,,,,,,,,,,,,,,,,,,,,,,,,,,,,,,,,,,,,,,,,,,,,,,,,,,,,,,,,,,,,,,,,,,,,,,,,,,,,,,,,,,,,,,,,,,,,,,,,,,,,,,,,,,,,,,,,,,,,,,,,,,,,,,,,,,,,,,,,,,,,,,,,,,,,,,,,,,,,,,,,,,,,,,,,,,,,,,,,,,,,,,,,,,,,,,,,,,,,,,,,,,,,,,,,,,,,,,,,,,,,,,,,,,,,,,,,,,,,*/rːəɡɔːwˈɛːskɑ/,,,,,,,,,*/rːəɡɔːzˈĩnɑ/,,,,,,,*/rːəɡˈɑːlˠɑ/,,,,,,,,,,,,,,,,,,,,,,,,,,,,,,,,,,,,,,,,,,,,,,,,,,,,,,,,,,,,,,,,,,,,,,,,,,,,,,,,,,,,,,,,,,,,,,,,,,,,,,,,,,,,,,,,,,,,,,,,,,,,,,,,,,,,,,,,,,,,,,,,,,,,
R511,,,,,,,,,,,,,,,,,,,,,,,,,,,,,,,,,,,,,,,,,,,,,,,,,,,,,,,,,,,,,,,,,,,,,,,,,,,,,,,,,,,,,,,,,,,,,,,,,,,,,,,,,,,,,,,,,,,,,,,,,,,,,,,,,,,,,,,,,,,,,,,,,,,,,,,,,,,,,,,,,,,,,,,,,,,,,,,,,,,,,,,,,,,,,,,,,,,,,,,,,,,,,,,,,,,,,,,,,,,,,,,,,,,,,,,,,,,,,,,,,,,,,,,,,,,,,,,,,,,,,,,,,,,,,,,,,,,,,,,,,,,,,,,,,,,,,,,,,,,,,,,,,,,,,,,,,,,,,,,,,,,,,,,,,,,,,,,,,,,,,,,,,,,,,,,,,,,,,,,,,,,,,,,,,,,,,,,,,,,,,,,,,,,,,,,,,,,,,,,,,,,,,,,,,,,,,,,,,,,,,,,,,,,,,,,,,,,,,,,,,,,,,,,,,,,,,,,,,,,,,,,,,,,,,,,,,,,,,,,,,,,,,,,,,,,,,,,,,,,,,,,,,,,,
R512,,,,,,,,,,,,,,,,,,,,,,,,,,,,,,,,,,,,,,,,,,,,,,,,,,,,,,,,,,,,,,,,,,,,,,,,,,,,,,,,,,,,,,,,,,,,,,,,,,,,,,,,,,,,,,,,,,,,,,,,,,,,,,,,,,,,,,,,,,,,,,,,,,,,,,,,,,,,,,,,,,,,,,,,,,,,,,,,,,,,,,,,,,,,,,,,,,,,,,,,,,,,,,,,,,,,,,,,,,,,,,,,,,,,,,,,,,,,,,,,,,,,,,,,,,,,,,,,,,,,,,,,,,,,,,,,,,,,,,,,,,,,,,,,,,,,,,,,,,,,,,,,,,,,,,,,,,,,,,,,,,,,,,,,,,,,,,,,,,,,,,,,,,,,,,,,,,,,,,,,,,,,,,,,,,,,,,,,,,,,,,,,,,,,,,,,,,,,,,,,,,,,,,,,,,,,,,,,,,,,,,,,,,,,,,,,,,,,,,,,,,,,,,,,,,,,,,,,,,,,,,,,,,,,,,,,,,,,,,,,,,,,,,,,,,,,,,,,,,,,,,,,,,,,
R513,,,,,,,,,,,,,,,,,,,,,,,,,,,,,,,,,,,,,,,,,,,,,,,,,,,,,,,,,,,,,,,,,,,,,,,,,,,,,,,,,,,,,,,,,,,,,,,,,,,,,,,,,,,,,,,,,,,,,,,,,,,,,,,,,,,,,,,,,,,,,,,,,,,,,,,,,,,,,,,,,,,,,,,,,,,,,,,,,,,,,,,,,,,,,,,,,,,,,,,,,,,,,,,,,,,,,,,,,,,,,,,,,,,,,,,,,,,,,,,,,,,,,,,,,,,,,,,,,,,,,,,,,,,,,,,,,,,,,,,,,,,,,,,,,,,,,,,,,,,,,,,,,,,,,,,,,,,,,,,,,,,,,,,,,,,,,,,,,,,,,,,,,,,,,,,,,,,,,,,,,,,,,,,,,,,,,,,,,,,,,,,,,,,,,,,,,,,,,,,,,,,,,,,,,,,,,,,,,,,,,,,,,,,,,,,,,,,,,,,,,,,,,,,,,,,,,,,,,,,,,,,,,,,,,,,,,,,,,,,,,,,,,,,,,*/mˌɛtˈɑdljɔ/,,,,,*/mˌɔtɔvˈidljɔ/,,,,,,,,,,,,,,
R514,,,,,,,,,,,,,,,,,,,,,,,,,,,,,,,,,,,,,,,,,,,,,,,,,,,,,,,,,,,,,,,,,,,,,,,,,,,,,,,,,,,,,,,,,,,,,,,,,,,,,,,,,,,,,,,,,,,,,,,,,,,,,,,,,,,,,,,,,,,,,,,,,,,,,,,,,,,,,,,,,,,,,,,,,,,,,,,,,,,,,,,,,,,,,,,,,,,,,,,,,,,,,,,,,,,,,,,,,,*/tˌɔpˈil/,,,,,,,,,,,,,,,,,,,,,,,,,,,,,,,,,,,,,,,,,,,,,,,,,,,,,*/sˌɔvˈɑlkɑ/,,,,,,,,,,,,,,,,,,,,,,,,,,,,,,,,,,,,,,,,,*/lˈɑtɔ/,,,,,,,,,,,,,,,,,,,,,,,,,,,,,,,,,,,,,,,,,,,,,,,,,,,,,,,,,,,,,,,,,,,,,,,,,,,,,,,,,,,,,,,,,,,,,,,,,,,,,,,,,,,,,,,,,,,,,,,,,,,,,,,,,,,,,,,,,,,,,,,,,,,,,,,,,,,,,,,,,,,,,,,,,,,,,,,,,*/mˌɛtˈɑljɔ/,,,,,*/mˌɔtɔvˈiljɔ/,,,,,,,,,,,,,,
R515,,,,,,,,,,,,,,,,,,,,,,,,,,,,,,,,,,,,,,,,,,,,,,,,,,,,,,,,,,,,,,,,,,,,,,,,,,,,,,,,,,,,,,,,,,,,,,,,,,,,,,,,,,,,,,,,,,,,,,,,,,,,,,,,,,,,,,,,,,,,,,,,,,,,,,,,,,,,,,,,,,,,,,,,,,,,,,,,,,,*/ʃˌɑtˈɔrːɑ/,,,,,,,,,,,,,,,,,,,,,,,,,,,,,,,,,,,,,,,,,,,,,,,,,,,,,,,,*/dˈibrː/,,,,,,,,,,,,,,,,,,,,,,,,,,,,,,,,,,,,,,,,,,,,,,,,,,,,,,,,,,,,,,,,,,,,,,,,,,,,,,,,,,,,,,,,,,,,,,,,,,,,,,,,,,,,,,,,,,,,,,,,,,,,,,,,,,,,,,,,,,,,,,,,,*/pˈiːrːɐ/,,,,*/pˌɔtˈɛrːɑ/,,,,,,,,,,,,,,,,,,*/pˈuːrːɐ/,,,,,,,,,,,,,,,,,,,,,,,,,,,,,,,,,,,,,,,,,,,,,,,,,,,,,,,,,,,,,,,,,,,,,,,,,,,,,,,,,,,,,,,,,,,,,,,,,,,,,,,,,,
R516,,,,,,,,,,,,,,,,,,,,,,,,,,,,,,,,,,,,,,,,*/kˌɑɾˈutɑ/,,,,,,,,,,,,,,,,,,,,,*/kˌɔɾˈitɑ/,,,,,,,,,,,,,,,,,,,,,,,,,,,,,,,,,,,,,,,,,,,,,,,,,,,,,,,,,,,,,,,,,,,,,,,,,,,,,,,,,,,,,,,,,,,,*/klˌɛpˈɑːlˠɑ/,,,,,,,,,,,,,,,,,*/t͡ʃˈælˠɑ/,,,,,,,*/t͡ʃˈudɑ/,,,,,,,,,,,,,,,,,,,,,,,,,,,,,,,,,,,,,,,,,,,,,,,,,,,,,,,,,,,,,,,,,,,,,,,,,,,,,,,,,,,,,,,,,*/sˈitɑ/,,,,,,*/skˈɔɾɑ/,,,,,,,,,,,,,,,,,,,,,,,,,,,,,,,,,,,,,,,,*/lˈɑtɑ/,,,,,,,,,,,,,,*/lˈixɑ/,,,,,,,,,,,,,,,,,,,,,,,,,,,,,,,,,,,,,,,*/rːˈũnɑ/,,,,,,,,,,,,,,,,,,,,,,,,,,,,,,,,,,,,,,,,,,,,,,,,,,,,,,,,,,,,,,,,,,,,,,,,,,,,,,,,,,*/blˈudɑ/,,,,,,,,,,,,,,,,,,*/vˈædɾɑ/,,,,,,,,,,,,,,,,,,,,,,,,*/mˌɛtˈɑljɑ/,,,,*/mˈitɑ/,*/mˌɔtɔvˈiljɑ/,,,,,,,,,,,*/mˈuzɡɑ/,,,
R517,,,,,,,,,,,,,,,,,,,,,,,,,,,,,,,,,,,,,,,,,,,,,,,,,,,,,,,,,,,,,,,,,,,,,,,,,,,,,,,,,,,,,,,,,,,,,,,,,,,,,,,,,,,,,,,,,,,,,,,,,,,,,,,,,,,,,,,,,,,,,,,,,,,,,,,,,,,,,,,,,,,,,,,,,,,,,,,,,,,,,,,,,,,,,,,,,,,,,,,,,,,,,,,,,,,,,,,,,,,,,,,,,,,,,,,,,,,,,,,,,,,,,,,,,,,,,,,,,,,,,,,,,,,,,,,,,,,,,,,,,,,,,,,,,,,,,,,,,,,,,,,,,,,,,,,,,,,,,,,,,,,,,,,,,,,,,,,,,,,,,,,,,,,,,,,,,,,,,,,,,,,,,,,,,,,,,,,,,,,,,,,,,,,,,,,,,,,,,,,,,,,,,,,,,,,,,,,,,,,,,,,,,,,,,,,,,,,,,,,,,,,,,,,,,,,,,,,,,,,,,,,,,,,,,,,,,,,,,,,,,,,,,,,,,*/mˌɛtˈɑlɛ/,,,,,*/mˌɔtɔvˈilɛ/,,,,,,,,,,,,,,
R518,,,,,,,,,,,,,,,,,,,,,,,,,,,,,,,,,,,,,,,,,,,,,,,,,,,,,,,,,,,,,,,,,,,,,,,,,,,,,,,,,,,,,,,,,,,,,,,,,,,,,,,,,,,,,,,,,,,,,,,,,,,,,,,,,,,,,,,,,,,,,,,,,,,,,,,,,,,,,,,,,,,,,,,,,,,,,,,,,,,,,,,,,,,,,,,,,,,,,,,,,,,,,,,,,,,,,,,,,,,,,,,,,,,,,,,,,,,,,,,,,,,,,,,,,,,,,,,,,,,,,,,,,,,,,,,,,,,,,,,,,,,,,,,,,,,,,,,,,,,,,,,,,,,,,,,,,,,,,,,,,,,,,,,,,,,,,,,,,,,,,,,,,,,,,,,,,,,,,,,,,,,,,,,,,,,,,,,,,,,,,,,,,,,,,,,,,,,,,,,,,,,,,,,,,,,,,,,,,,,,,,,,,,,,,,,,,,,,,,,,,,,,,,,,,,,,,,,,,,,,,,,,,,,,,,,,,,,,,,,,,,,,,,,,,,,,,,,,,,,,,,,,,,,,
R519,,,,,,,,,,,,,,,,,,,,,,,,,,,,,,,,,,,,,,,,,,,,,,,,,,,,,,,,,,,,,,,,,,,,,,,,,,,,,,,,,,,,,,,,,,,,,,,,,,,,,,,,,,,,,,,,,,,,,,,,,,*/ɡˌɑrˈiːt͡sɑ/,,,,,,,,,,,,,,,,,,,,,,,,,,,,,,,,,,,,,,,,,,,*/t͡ʃərˈɑːvɑ/,,,,,,,*/t͡ʃˈir/,,,,,,,*/ʃˌɑtˈɔrɑ/,,,,,,,,,,,,,,,,,,,,,,,,,,,,,,,,,,,,,,,,,,,,,,,,,,,,,,,,*/dˈibr/,,,,,,,,,,,,,,,,,*/t͡sərˈiːlˠ/,*/t͡sərˈik/,,,,,,,,,,,,,,,,,,,,,,,,,,,,,,,,,,,,,,,,,,,,,,,,,,,,,,,,,,,,,,,,,,,,,,,,,,,,,,,,,,,,,,*/rˈɑːvɑ/,,,,,*/rəɡɔːwˈɛːskɑ/,,,,,,,,,*/rəɡɔːzˈĩnɑ/,,,*/rˈɑklɑ/,,*/rˈɑːfʃ/,*/rəkˈɑjʌ̃/,*/rəɡˈɑːlˠɑ/,,*/rəpˈɑk/,*/rˈɔɡɑ/,,*/rˈũnɑ/,,,,,,,,,,,,,,,*/pˈiːrɐ/,,,,*/pˌɔtˈɛrɑ/,,,,,,,,,,,,,,,,,,*/pˈuːrɐ/,,,,,,,,,,,,,,,,,,,,,,,,,,,,,,,,,,,,,,,,,,,,,,,,,,,,,,,,,,,,,,,,,,,,,,,,,,,,,,,,,,,,,,,,,,,,,,,,,,,,,,,,,,
R520,,,,,,,,,,,,,,,,,,*/ˈiskɾə/,,,,,,,,,,,,,,,,,,,,,,,,,,,,,,,,,,,,,,,,,,,,,,,,,,,,,,,,*/kˈɔstɾə/,,,,,,,,,,,,,,,,,,,,,,,,,,,,,,,,,,,,,,,,,,,,,,,,,,,,,,,,,,,,,,,,,,,,,,,,,,,,,,,,,,,,,,,,,,,,,,,,,,,,,,,,,,,,,,,,,,,,,,,,,,,,,,,,,,,,,,,,,,,,,,,,,,,,,,,,,,,,,,,,*/dˈibɾə/,,,,,,,,,,,,,,,,,,,,,,,,,,,,,,,,,,,,,,,,,,,,,,,,,,,,,,,,,,,,,,,,,,,,,,,,,,,,,,,,,,,,,,,,,,,,,,,,,,,,,,,,,,,,,,,,,,,,,,,,,,,,,,,,,,,,,,,,,,,,,,,,,,,,,,,,,,,,,,,,,,,,,,,,,,,,,,,,,,,,,,,,,,,,,,,,,,,,,,,,,,,,,,,,,,,,,,,,,,,,,,,,,,,,,,,*/vˈædɾə/,,,*/vˈidɾə/,,,,,,,,,,,,,,,,,,,,,,,,,,,,,,,,,,,,,,,,
R521,,,,,,,,,,,,,,,,,,,,,,,,,,,,,,,,,,,,,,,,,,,,,,,,,,,,,,,,,,,,,,,,,,,,,,,,,,,,,,,,,,,,,,,,,,,,,,,,,,,,,,,,,,,,,,,,,,,,,,,,,,,,,,,,,,,,,,,,,,,,,,,,,,,,,,,,,,,,,,,,,,,,,,,,,,,,,,,,,,,,,,,,,,,,,,,,,,,,,,,,,,,,,,,,,,,,,,,,,,,,,,,,,,,,,,,,,,,,,,,,,,,,,,,,,,,,,,,,,,,,,,,,,,,,,,,,,,,,,,,,,,,,,,,,,,,,,,,,,,,,,,,,,,,,,,,,,,,,,,,,,,,,,,,,,,,,,,,,,,,,,,,,,,,,,,,,,,,,,,,,,,,,,,,,,,,,,,,,,,,,,,,,,,,,,,,,,,,,,,,,,,,,,,,,,,,,,,,,,,,*/bɾəʃnˈik/,,,,,,,,,,,,,,,,,,,,,,,,,,,,,,,,,,,,,,,,,,,,,,,,,,,,,,,,,,,,,,,,,,,,,,,,,,,,,,,,,,,,,,,,,
R522,,,,,,,,,,,,,,,,,,*/ˈiskɾ/,,,,,,,,,,,,,,,,,,,,,,,,,,,,,,,,,,,,,,,,,,,,,,,,,,,,,,,,*/kˈɔstɾ/,,,,,,,,,,,,,,,,,,,,,,,,,,,,,,,,,,,,,,,,,,,,,,,,,,,,,,,,,,,,,,,,,,,,,,,,,,,,,,,,,,,,,,,,,,,,,,,,,,,,,,,,,,,,,,,,,,,,,,,,,,,,,,,,,,,,,,,,,,,,,,,,,,,,,,,,,,,,,,,,*/dˈibɾ/,,,,,,,,,,,,,,,,,,,,,,,,,,,,,,,,,,,,,,,,,,,,,,,,,,,,,,,,,,,,,,,,,,,,,,,,,,,,,,,,,,,,,,,,,,,,,,,,,,,,,,,,,,,,,,,,,,,,,,,,,,,,,,,,,,,,,,,,,,,,,,,,,,,,,,,,,,,,,,,,,,,,,,,,,,,,,,,,,,,,,,,,,*/bɾʃnˈik/,,,,,,,,,,,,,,,,,,,,,,,,,,,,,,,,,,,,,,,,,,,,,,*/vˈædɾ/,,,*/vˈidɾ/,,,,,,,,,,,,,,,,,,,,,,,,,,,,,,,,,,,,,,,,
R523,,,,,,,,,,,,,,,,,,,,,,,,,,,,,,,,,,,,,,,,,,,,,*/kɾsˈɑt/,,,,,,,,,,,,,,,,,,,,,,,,,,,,,,,,,,,,,,,,,,,,,,,,,,,,,,,,,,,,,,,,,,,,,,,,,,,,,,,,,,,,,,,,,,,,,,,,,,,,,,,,,,,,,,,,,,,,,,,,,,,,,,,,,,,,,,,,,,,,,,,,,,,,,,,,,,,,,,,,,,,,,,,,,,,,,,,,,,,,,,,,,,,,,,,,,,,,,,,,,,,,,,,,,,,,,,,,,,,,,,,,,,,,,,,,,,,,,,,,,,,,,,,,,,,,,,,,,,,,,,,,,,,,,,,,,,,,,,,,,,,,,,,,,,,,,,,,,,,,,,,,,,,,,,,,,,,,,,,,,,,,,,,,,,,,,,,,,,,,,,,,,,,,,,,,,,,,,,,,,,,,,,,,,,,,,,,,,,,,,,,,,,,,,,,,,,,,,,,,,,,,,,,,,,,,,,,,,,,,,,,,,,,,,,,,,,,,,,,,,,,,,,,,,,,,,,,,,,,,,,,
R524,,,,,,,,,,,,,,,,,,,,,,,,,,,,,,,,,,,,,,,,,,,,,,,,,,,,,,,,,,,,,,,,,,,,,,,,,,,,,,,,,,,,,,,,,,,,,,,,,,,,,,,,,,,*/ɡɾkˈiɲɑ/,,,,,,,,,,,,,,,,,,,,,,,,,*/ɡɾbˈɑʃ/,,,,,,,,,,,,,,,,,,,,,,,,,,,,,,,,,,,,,,,,,,,,,,,,,,,,,,,,,,,,,,,,,,,,,,,,,,,,,,,,,,,,,,,,,,,,,,,,,,,,,,,,,,,,,,,,,,,,,,,,,,,,,,,,,,,,,,,,,,,,,,,,,,,,,*/stɾkˈɑt/,,,,,,,,,,,,,,,,,,,,,,,,,,,,,,,,,,,,,,,,,,,,,,,,,,,,,,,,,,,,,,,,,,,,,,,,,,,,,,,,,,,,,,,,,,,,,,,,,,,,,,,,,,,,,,,,,,,,,,,,,,,,,,,,,,,,,,,,,,,,,,,,,,,,,,,,,,,,,,,,,,,,,,,,,,,,,,,,,,,,,,,,,,,,,,,,,,,,,,,,,,,,,,,,,,,,,,,,,,,,,,,,,,,
R525,,,,,,,,,,,,,,,*/jˈɛzɾ/,,,,,,,,,,,,,,,,,*/kˌɑt͡ʃˈubl/,,,,,,,,,,,,,,*/kɾsˈũː/,,,,,,,,,,,,,,,,,,,,,,,,*/kˈɔːzlˠt͡sɑ/,,,,,,,,,,,,,,,,,,,,,,,,,,,,,,,,,,,,,,,,,,,,,,,,,,,,,,,,,,,,,,,,*/ɡɾˈɔːzdl/,,,,,,,,,,,,,,,,,,,,,,,,,,,,,,,,,,,,,,,,,,,,,,,,,,,,,,,,,,,,,,,,,,,,,,,,,,*/tɾpˈiːt/,,,,,,,,,,,,,,,,,,,,,,,,,,,,,,,,,,,,,,,,,,,,,,,,,,,,,,,,,,,,,,,,,,,,,,,,,,,,,,,,,,,,,,,,,,,,,,,,,,,,,,,,,,,,,,,,,,,,,,,,,,,,,,,,,,,,,,,,,,,,,,,,,,,,,,,,,,,,,,,,,,,,,*/pɾkˈɑːvɑ/,,,,,,,,,,,,,,,,,,,,,,,,,,,,,,,,,,,,,,,,,,,,,,,,*/bɾzˈʌ̃ɾ̃ɑ/,,,,,,,,,,,,,,,,,,,,,,,,,,,,,,,,,,,,,,,,,,,,,,,,,,,,,,,,,,,,,,,,,*/mɾʃˈĩnɑ/,,,,,,,,,,,,,,,,,,,,,,
R526,,,,,,,,,,,,,,,,,,,,,,,,,,,,,,,,,,,,,,,,,,,,,,,,,,,,,,,,,,,,,,,,,,,,,,,,,,,,,,,,,,,,,,,,,,,,,,,,,,,,,,,,,,,,,,,,,,,,,,,,,,,,,,,,,,,,,,,,,,,,,,,,,,,,,,,,,,,,,,,,,,,,,,,,,,,,,,,,,,,,,,,,,,,,,,,,,,,,,,,,,,,,,,,,,,,,,,,,,,,,,,,,,,,,,,,,,,,,,,,,,,,,,,,,,,,,,,,,,,,,,,,,,,,,,,,,,,,,,,,,,,,,,,,,,,,,,,,,,,,,,,,,,,,,,,,,,,,,,,,,,,,,,,,,,,,,,,,,,,,,,,,,,,,,,,,,,,,,,,,,,,,,,,,,,,,,,,,,,,,,,,,,,,,,,,,,,,,,,,,,,,,,,,,,,,,,,,,,,,,,,,,,,,,,,,,,,,,,,,,,,,,,,,,,,,,,,,,,,,,,,,,,,,,,,,,,,,,,,,,,,,,,,,,,,,,,,,,,,,,,,,,,,,,,
R527,,,,,,,,,,,,,,,,,,,,,,,,,,,,,,,,,,,,,,,,,,,,,,,,,,,,,,,,,,,,,,,,,,,,,,,,,,,,,,,,,,,,,,,,,,,,,,,,,,,,,,,,,,,,,,,,,,,,,,,,,,,,,,,,,,,,,,,,,,,,,,,,,,,,,,,,,,,,,,,,,,,,,,,,,,,,,,,,,,,,,,,,,,,,,,,,,,,,,,,,,,,,,,,,,,,,,,,,,,,,,,,,,,,,,,,,,,,,,,,,,,,,,,,,,,,,,,,,,,,,,,,,,,,,,,,,,,,,,,,,,,,,,,,,,,,,,,,,,,,,,,,,,,,,,,,,,,,,,,,,,,,,,,,,,,,,,,,,,,,,,,,,,,,,,,,,,,,,,,,,,,,,,,,,,,,,,,,,,,,,,,,,,,,,,,,,,,,,,,,,,,,,,,,,,,,,,,,,,,,,,,,,,,,,,,,,,,,,,,,,,,,,,,,,,,,,,,,,,,,,,,,,,,,,,,,,,,,,,,,,,,,,,,,,,,,,,,,,,,,,,,,,,,,,
R528,,,,,,,,,,,,,,,,,,,,,,,,,,,,,,,,,,,,,,,,,,,,,,,,,,,,,,,,,,,,,,,,,,,,,,,,,,,,,,,,,,,,,,,,,,,,,,,,,,,,,,,,,,,,,,,,,,,,,,,,,,,,,,,,,,,,,,,,,,,,,,,,,,,,,,,,,,,,,,,,,,,,,,,,,,,,,,,,,,,,,,,,,,,,,,,,,,,,,,,,,,,,,,,,,,,,,,,,,,,,,,,,,,,,,,,,,,,,,,,,,,,,,,,,,,,,,,,,,,,,,,,,,,,,,,,,,,,,,,,,,,,,,,,,,,,,,,,,,,,,,,,,,,,,,,,,,,,,,,,,,,,,,,,,,,,,,,,,,,,,,,,,,,,,,,,,,,*/rˌɑnˈit͡sɑ/,*/rˌɑpˈɑt/,,*/rˈɑp/,,,,,,,,,,,,,,,,,,,,,,,,,,,,,,,,,,,,,,,,,,,,,,,,,,,,,,,,,,,,,,,,,,,,,,,,,,,,,,,,,,,,,,,,,,,,,,,,,,,,,,,,,,,,,,,,,,,,,,,,,,,,,,,,,,,,,,,,,,,,,,,,,,,,,,,
R529,,,,,,,,,,,,,,,,,,,,,,,,,,,,,,,,,,,,,,,,,,,,,,,,,,,,,,,,,,,,,,,,,,,,,,,,,,,,,,,,,,,,,,,,,,,,,,,,,,,,,,,,,,,,,,,,,,,,,,,,,,,,,,,,,,,,,,,,,,,,,,,,,,,,,,,,,,,,,,,,,,,,,,,,,,,,,,,,,,,,,,,,,,,,,,,,,,,,,,,,,,,,,,,,,,,,,,,,,,,,,,,,,,,,,,,,,,,,,,,,,,,,,,,,,,,,,,,,,,,,,,,,,,,,,,,,,,,,,,,,,,,,,,,,,,,,,,,,,,,,,,,,,,,,,,,,,,,,,,,,,,,,,,,,,,,,,,,,,,,,,,,,,,,,,,,,,,,,,,,,,,,,,,,,,,,,,,,,,,,,,,,,,,,,,,,,,,,,,,,,,,,,,,,,,,,,,,,,,,,,,,,,,,,,,,,,,,,,,,,,,,,,,,,,,,,,,,,,,,,,,,,,,,,,,,,,,,,,,,,,,,,,,,,,,,,,,,,,,,,,,,,,,,,,
R530,,,,,,,,,,,,,,,,,,,,,,,,,,,,,,,,,,,,,,,,,,,,*/kˈɑt͡ʃ/,,,,,,,,,,,,,,,,,,,,,,,,,,,,,,,,,,,,,,,,,,,,,,,,,,,,,,,,,,,,,,,,,,,,,,,,,,,,,,,,,,,,,,,,,,,,,,,,,,,,,,,,,,,,,,,,,,,,,,,,,,,,,,,,,,,,,,,,,,,,,,,,,,,,,,,,,,,,,,,,,,,,,,,,,,,,,,,,,,,,,,,,,,,,,,,,,,,,,,,,,,,,,,,,,,,,,,,,,,,,,,,,,,,,,,,,,,,,,,,,,,,,,,,,,,,,,,,,,,,,,,,,,,,,,,,,,,,,,,,,,,,,,,,,,,,,,,,,,,,,,,,,,,,,,,,,,,,,,,,,,,,,,,,,,,,,,,,,,,,,,,,,,,,,,,,,,,,,,,,,,,,,,,,,,,,,,,,,,,,,,,,,,,,,,,,,,,,,,,,,,,,,,,,,,,,,,,,,,,,,,,,,,,,,,,,,,,,,,,,,,,,,,,,,,,,,,,,,,,,,,,,,
R531,,,,,,,,,,,,,,,,,,,,*/ˌɔkˈitɑ/,,,,,,,,,,,,,,,,,,,,,,,,,,,,,,,,,,,,,,,,,,,,,,,,,,,,,,,,,,,,,,,,,,,,,,,,,,,,,,,,,,,,,,,,,,,,,,,,,,,,,,,,,,,,,,,,,,,,,,,,,,,,,,,,,,,,,,,,,,,,,,,,,,,,,,,,,,,,,,,,,,,,,,,,,,,,,,,,,,,,,,,,,,,,,,,,,,,,,,,,,,,,,,,,,,,,,,,,,,,,,,,,,,,,,,,,,,,,,,,,,,,,,,,,,,,,,,,,,,,,,,,,,,,,,,,,,,,,,,,,,,,,,,,,,,,,,,,,,,,,,,,,,,,,,,,,,,,,,,,,,,,,,,,,,,,,,,,,,,,,,,,,,,,,,,,,,,,,,,,,,,,,,,,,,,,,,,,,,,,,,,,,,,,,,,,,,,,,,,,,,,,,,,,,,,,,,,,,,,,,,,,,,,,,,,,,,,,,,,,,,,,,,,,,,,,,,,,,,,,,,,,,,,,,,,,,,,,,,,,,,,,,,,,,
R532,,,,,,,,,,,,,,,,,,,,,,,,,,,,,,,,,,,,,,,,,,,,,,,,,,,,,,,,,,,,,,,,,,,,,,,,,,,,,,,,,,,,,,,,,,,,,,,,,,,,,,,,,,,,,,,,,,,,,,,,,,,,,,,,,,,,,,,,,,,,,,,,,,,,,,,,,,,,,,,,,,,,,,,,,,,,,,,,,,,,,,,,,,,,,,,,,,,,,,,,,,,,,,,,,,,,,,,,,,,,,,,,,,,,,,,,,,,,,,,,,,,,,,,,,,,,,,,,,,,,,,,,,,,,,,,,,,,,,,,,,,,,,,,,,,,,,,,,,,,,,,,,,,,,,,,,,,,,,,,,,,,,,,,,,,,,,,,,,,,,,,,,,,,,,,,,,,,,,,,,,,,,,,,,,,,,,,,,,,,,,,,,,,,,,,,,,,,,,,,,,,,,,,,,,,,,,,,,,,,,,,,,,,,,,,,,,,,,,,,,,,,,,,,,,,,,,,,,,,,,,,,,,,,,,,,,,,,,,,,,,,,,,,,,,,,,,,,,,,,,,,,,,,,,
R533,,,,,,,,,,,,,,,*/jˈɛzɾ̩/,,,*/ˈiskɾ̩/,,,,,,,,,,,,,,,,,,,,,,,,,,,*/kɾ̩sˈɑt/,*/kɾ̩sˈũː/,,,,,,,,,,,,,,,,,,,,,,,,*/kˈɔːz?0t͡sɑ/,,,,*/kˈɔstɾ̩/,,,,,,,,,,,,,,,,,,,,,,,,,,,,,,,,,*/ɡɾ̩kˈiɲɑ/,,,,,,,,,,,,,,,,,,,,,,,,,*/ɡɾ̩bˈɑʃ/,,*/ɡɾˈɔːzdl̩/,,,,,,,*/lˠˈɑːzɾ̩/,,,,,,,,,,,,,,,,,,,,,,,,,,,,,,,,,,,,,,,,,,,,,,,,,,,,,,,,,,,,,,,,,,,*/tɾ̩pˈiːt/,,,,,,,,,,,,,,,,,,,,,,,,,,,,,,,,,,,,,,,,,,,,,,,,,,,,,,,,,,,,,,,,,,,,,,,,,*/stɾ̩kˈɑt/,,,,,,,,,,,,,,,,,,,,,,,,,,,,,,,,,,,,,,,,,,,*/lˈistkɾ̩/,,,,,,,,,,,,,,,,,,,,,,,,,,,,,,,,,,,,,,,,,,,,,,,,,,,,,,,,,,,,,,,,,,,,,,,,,,,,,,,,,,,,,,,,,,,,,,,,,,,,,,,,,,,,,,,*/bˈistɾ̩/,,,,,,,,,*/bˈuːʃtɾ̩/,,,,,,,,,,,,,,,,,,,,,*/vˈædɾ̩/,,,*/vˈidɾ̩/,,*/vˈɔk?0/,,,,,,,,,,,,,,,,*/mɾ̩ʃˈĩnɑ/,,,,,,,,,,,,,,,,,,,,,,
R534,,,,,,,,,,,,,,,,,,,,,,,,,,,,,,,,*/kˌɑt͡ʃˈubl̩/,,,,,,,,,,,,,,,,,,,,,,,,,,,,,,,,,,,,,,,,,,,,,,*/kˈɔpɾ̩/,,,,,,,,,,,,,,,,,,,,,,,,,,,,,,,,,,,,,,,,,,,,,,,,,,,,,,,,,,,,,,,,,,,,,,,,,,,,,,,,,,,,,,,,,,,,,,,,,,,,,,,,,,,*/ʃˈɛ̃mbɾ̩/,,,,,,,,,,,,,,,,,,,,,,,,,,,,,,,,,,,*/tˈɔpɾ̩/,,,,,,,,,,,,,,*/dˈibɾ̩/,*/dˈibr̩/,,,,,,*/dˈũmbɾ̩/,,,,,,,,,,,,,,,,,,,,,,*/sˈɛmbɾ̩/,,,,,,,,,,,,,,,,,,,,,,,,,,,,,,,,,,,,,,,,,,,,,,,,,,,,,,,,,,,,,,,,,,,,,,,,,,,,,,,,,,,,,,,,,,,,,,,,,,,,,,,,,,,,,,*/pɾ̩kˈɑːvɑ/,,,,,,,,,,,,,,,,,,,,,,,,,,,,,,,,,,,,,,,,,,,,,,*/bɾ̩ʃnˈik/,,*/bɾ̩zˈʌ̃ɾ̃ɑ/,,,,,,,,,,,,,,,,,,,,,,,,,,,,,,,,,,,,,,,,,,,,,,,,,,,,,,,,,,,,,,,,,,,,,,,,,,,,,,,,,,,,,,,
R535,,,,,,,,,,,,,,,,,,,,,,,,,,,,,,,,,,,,,,,,,,,,,,,,,,,,,,,,,,,,,,,,,,,,,,,,,,,,,,,,,,,,,,,,,,,,,,,,,,,,,,,,,,,,,,,,,,,,,,,,,,,,,,,,,,,,,,,,,,,,,,,,,,,,,,,,,,,,,,,,,,,,,,,,,,,,,,,,,,,,,,,,,,,,,,,,,,,,,,,,,,,,,,,,,,,,,,,,,,,,,,,,,,,,,,,,,,,,,,,,,,,,,,,,,,,,,,,,,,,,,,,,,,,,,,,,,,,,,,,,,,,,,,,,,,,,,,,,,,,,,,,,,,,,,,,,,,,,,,,,,,,,,,,,,,,,,,,,,,,,,,,,,,,,,,,,,,,,,,,,,,,,,,,,,,,,,,,,,,,,,,,,,,,,,,,,,,,,,,,,,,,,,,,,,,,,,,,,,,,,,,,,,,,,,,,,,,,,,,,,,,,,,,,,,,,,,,,,,,,,,,,,,,,,,,,,,,,,,,,,,,,,,,,,,,,,,,,,,,,,,,,,,,,,
R536,,,,,,,,,,,,,,,,,,,,,,,,,,,,,,,,,,,,,,,,,,,,,,,,,,,,,,,,,,,,,,,,,,,,,,,,,,,,,,,,,,,,,,,,,,,,,,,,,,,,,,,,,,,,,,,,,,,,,,,,,,,,,,,,,,,,,,,,,,,,,,,,,,,,,,,,,,,,,,,,,,,,,,,,,,,,,,,,,,,,,,,,,,,,,,,,,,,,,,,,,,,,,,,,,,,,,,,,,,,,,,,,,,,,,,,,,,,,,,,,,,,,,,,,,,,,,,,,,,,,,,,,,,,,,,,,,,,,,,,,,,,,,,,,,,,,,,,,,,,,,,,,,,,,,,,*/lˈɑːkm̩/,,,,,,,,,,,,,,,,,,,,,,,,,,,,,,,,,,,,,,,,,,,,,,,,,,,,,,,,,,,,,,,,,,,,,,,,,,,,,,,,,,,,,,,,,,,,,,,,,,,,,,,,,,,,,,,,,,,,,,,,,,,,,,,,,,,,,,,,,,,,,,,,,,,,,,,,,,,,,,,,,,,,,,,,,,,,,,,,,,,,,,,,,,,,,,,,,,,,,*/ə̃mbɾˈɑːzn̩/
R537,,,,,,,,,,,,,,,,,,,,,,,,,,,,,,,,,,,,,,,,,,,,,,,*/kˌɾ̩bˈɑt͡ʃ/,,,,,,,,,,,,,,,,,,,,,,,,,,,,,,,,,,,,,,,,,,,,,,,,,,,,,,,,,,,*/kˌɾ̩xˈɑt/,,*/kˌɾ̩t͡ʃˈɑk/,*/ɡˌɾ̩dˈɑlˠɑ/,,*/ɡˌɾ̩dˈit/,*/ɡˌɾ̩ðˈit/,*/ɡˌɾ̩lˈɑːs/,*/ɡˌɾ̩lˈit͡sɑ/,,,,,,,,,,,,,,,,,,,,,,,,,,,,,,,,,,,,,,,,,,,,,,,,,,,,,,,,,,,,,,,,,,,,,,,,,,,,,,,,,,,,*/ʃtˌɾ̩mˈɛ̃nː/,,,,,,,,,*/tˌɾ̩kˈɑt/,,,,,,,,,,,,,,,,,,,,,,,,,,,,,,,,,,,,,,,,,,,,,,,,,,,,,,,,,,,,,,,,,,,,,,,,,,,*/stˌɾ̩vˈit/,*/stˌɾ̩vˈinɑ/,,,,,,,,,,,,,,,,,,,,,,,,,,,,,,,,,,,,,,,,,,,,,,,,,,,,,,,,,,,,,,,,,,,,,,,,,,,,,,,,,,,,,,,,,,,,,,,,,,,,,,,,,,,,,,,,,,,,,,,,,,,,,,,,,,,,,,,*/bˌɾ̩t͡ʃˈik/,,*/bˌɾ̩tˈɑt/,,*/bˌɾ̩zˈɛʃtɑ/,,,,,,,,,,,,,,,,,,*/bˌɾ̩lˈɔɡ/,,,,,,,,,,,,,,,,,*/vˌɾ̩ʃnˈik/,*/wˌɾ̩tˈiːt/,*/vˌɾ̩snˈik/,*/wˌɾ̩vˈit/,*/wˌɾ̩mːˈik/,,,,,,,,,,,,,,,,,,,,,,,,,,*/mˌɾ̩zˈit/,*/mˌɾ̩məɾˈit/,,,,,,,,,,,,,,,,,,,,
R538,,,,,,,,,,,,,,,,,,,,,,,,,,,,,,,,,,,,,,,,,,,,,,,,,,,,*/kˈɾ̩s/,*/kˈɾ̩pɑ/,,,,,,,,,,,,,,,,,,,,,,,,,,,,,,,,,,,,,,,,,,,,,,,,,,,,,,,,,,,,,,,,*/ɡˈɾ̩t͡ʃ/,*/ɡˈɾ̩bɑ/,,,,,,,,,,,,,,,,,*/ɡˈɾ̩ʃt/,,,,,,,,,,,,,,,,,,,,,,,,,,,,,,,,,,,,,,,,,,,,,,,,,,,,,,,,,,,,,,,,,,,,,,,,,,,,,,,,,,,,,,,,,,,,,,,,,,,,,,,,,,,,,,,,,,,,,,,,,,,,,,,,,,,,,,,,,,,,,,,,,,,,,,,,,,,,,,,,,,,,,*/nˌɛpˈɾ̩kɑ/,,,,,,,,,,,,,,,,,,,,,,,,,,,,,,,,,,,,,,,,,,,,,,,,,,,,,,,,,,,,,,,,,,,,,,,,,,,,,,,,,,,,,,,,,,,,,,,,,,,,,,,,,,,,,,,,,,,,,,,,,,,,,,,,,,,,,,,,,,,,,,,,,,,,,,,,,,,,,,,,,,,,,,,,,,,,,,,*/vˈɾ̩l/,,,,,,,,,,,,,,,,,,,,,,,,,,,,,,,,,
R539,,,,,,,,,,,,,,,,,,,,,,,,,,,,,,,,,,,,,,,,,,,,,,,,,,,,,,,,,,,,,,,,,,,,,,,,,,,,*/kˈɔɾt͡ʃɑ/,,,,,,,,,,,,,,,,,,,,,,,,,,,,,,,,,,,,,,,,,,,,,,,,,,,,,,,,,,,,,,,,,,,,,,,,,,,,,,,,,,,,,,,,,,,,,,,,,,,,,,,,,,,,,,,,,,,,,,,,,,,,,,,,,,,,,,,,,,,,,,,,,*/tˌunt͡ʃˈɑn/,,,,,,,,,,,,,,,,,,,,,,,,,,,,,,,,,,,,,,,,,,,,,,,,,,,,,,,,,,,,,,,,,,,,,,,,,,,,,,,,,,,,,,,,,,,,,,,,,,,,,,,,,,,,,,,,,,,,,,,,,,,,,,,,,,,,,,,,,,,,,,,,,,,,,,,,,,,,,,,,,,,,,,,,,,,,,,,,,,,,,,,,,,,,,,,,,,,,,,,,,,,,,,,,,,,,,,,,,,,,,,,,,,,,,,,,,,,,,,,,,,,,,,,,,,,,,,,,,,,,,,,,,,,,,,,,,,,,,,,,,,,,,,,
R540,,,,,,,,,,,,,,,,,,,,,,,,,,,,,,,,,,,,,,,,,,,,,,,,,,,,,,,,,,,,,,,,,,,,,,,,,,,,,,,,,,,,,,,,,,,,,,,,,,,,,,,,,,,,,,,,,,,,,,,,,,,,,,,,,,,,,,,,,,,,,,,,,,,,,,,,,,,,,,,,,,,,,,,,,,,,,,,,,,,,,,,,,,,,,,,,,,,,,,,,,,,,,,,,,,,,,,,,,,,,,,,,,,,,,,,,,,,,,,,,,,,,,,,,,,,,,,,,,,,,,,,,,,,,,,,,,*/skˌɔlˈupɑ/,,,,,,,,,,,,,,,,,,,,,,,,,,,,,,,,,,,,,,,,,,,,,,,,,,,,,,,,,,,,,,,,,,,,,,,,,,,,,,,,,,,,,,,,,,,,,,,,,,,,,,,,,,,,,,,,,,,,,,,,,,,,,,,,,,,,,,,,,,,,,,,,,,,,,,,,,,,,,,,,,,,,,,,,,,,,,,,,,,,,,,,,,,,,,,,,,,,,,,,,,,,,,,,,,,,,,,,,,,,,,,,,,,,,,,,,,,,
R541,,,,,,,,,,,,,,,,,,,,,,,,,,,,,,,,,,,,,,,,,,,,,,,,,,,,,,,,,,,,,,,,,,,,,,,,,,,,,,,,,,,,,,,,,,,,,,,,,,,,,,,,,,,,,,,,,,,,,,,,,,,,,,,,,,,,,,,,,,,,,,,,,,,,,,,,,,,,,,,,,,,,,,,,,,,,,,,,,,,,,,,,,,,,,,,,,,,,,,,,,,,,,,,,,,,,,,,,,,,,,,,,,,,,,,,,,,,,,,,,,,,,,,,,,,,,,,,,,,,,,,,,,,,,,,,,,,,,,,,,,,,,,,,,,,,,,,,,,,,,,,,,,,,,,,,,,,,,,,,,,,,,,,,,,,,,,,,,,,,,,,,,,,,,,,,,,,,,,,,,,,,,,,,,,,,,,,,,,,,,,,,,,,,,,,,,,,,,,,,,,,,,,,,,,,,,,,,,,,,,,,,,,,,,,,,,,,,,,,,,*/bˌulˈɔɡ/,,,,,,,,,,,,,,,,,,,,,,,,,,,,,,,,,,,*/vɾˈul/,,,,,,,,,,,,,,,,,,,,,,,,,,,,,,,,,
R542,,,,,,,,,,,,,,,,,,,,,,,,,,,,,,,,,,,,,,,,,,,,,,,,,,,,,,,,,,,,,,,,,,,,,,,,,,,,,,,,,,,,,,,,,,,,,,,,,,,,,,,,,,,,,,,,,,,,,,,,,,,,,,,,,,,,,,,*/ɡɾˈuʃt/,,,,,,,,,,,,,,,,,,,,,,,,,,,,,,,,,,,,,,,,,,,,,,,,,,,,,,,,,,,,,,,,,,,,,,,,,,,,,,,,,,,,,,,,,,,,,,,,,,,,,,,,,,,,,,,,,,,,,,,,,,,,,,,,,,,,,,,,,,,,,,,,,,,,,,,,,,,,,,,,,,,,,,,,,,,,,,,,,,,,,,,,,,,,,,,,,,,,,,,,,,,,,,,,,,,,,,,,,,,,,,,,,,,,,,,,,,,,,,,,,,,,,,,,,,,,,,,,,,,,,,,,,,,,,,,,,,,,,,,,,,,,,,,,,,,,,,,,,,,,,,,,,,,,,,,,,,,,,,,,,,,,,,,,,,,,,,,,,,,,,,,,,,,,,,,,,,,,,,,,,,,,,,,,,,,,,
R543,,,,,,,,,,,,,,,,,,,,,,,,,,,,,,,,,,,,,,,,,,,,,,,,,,,,,,,,,,,,,,,,,,,,,,,,,,,,,,,,,,,,,,,,,,,,,,,,,,,,,,,,,,,,,,,,,,,,,,,,,,,,,,,,,,,,,,,,,,,,,,,,,,,,,,,,,,,,,,,,,,,,,,,,,,,,,,,,,,,,,,,,,,,,,,,,,,,,,,,,,,,,,,,,,,,,,,,,,,,,,,,,,,,,,,,,,,,,,,,,,,,,,,,,,,,,,,,,,,,,,,,,,,,,,,,,,,,,,,,,,,,,,,,,,,,,,,,,,,,,,,,,,,,,,,,,,,,,,,,,,,,,,,,,,,,,,,,,,,,,,,,,,,,,,,,,,,,,,,,,,,,,,,,,,,,,,,,,,,,,,,,,,,,,,,,,,,,,,,,,,,,,,,,,,,,,,,,,,,,,,,,,,,,,,,,,,,,,,,,,,,,,,,,,,,,,,,,,,*/vˌəʃnˈik/,,,,,,,,,,,,,,,,,,,,,,,,,,,,,,,,,,,,,,,,,,,,,,,,,,,
R544,,,,,,,,,,,,,,,,,,,,,,,,,,,,,,,,,,,,,,,,,,,,,,,*/kɾ̩bˈɑt͡ʃ/,,,,,*/kˈəɾs/,*/kˈəɾpɑ/,,,,,,,,,,,,,,,,,,,,,,,,,,,,,,,,,,,,,,,,,,,,,,,,,,,,,*/kɾ̩xˈɑt/,,*/kɾ̩t͡ʃˈɑk/,*/ɡɾ̩dˈɑlˠɑ/,,*/ɡɾ̩dˈit/,*/ɡɾ̩ðˈit/,*/ɡɾ̩lˈɑːs/,*/ɡɾ̩lˈit͡sɑ/,,,*/ɡˈəɾt͡ʃ/,*/ɡˈəɾbɑ/,,,,,,,,,,,,,,,,,,,,,,,,,,,,,,,,,,,,,,,,,,,,,,,,,,,,,,,,,,,,,,,,,,,,,,,,,,,,,,,,*/ʃtɾ̩mˈɛ̃nː/,,,,,,,,,*/tɾ̩kˈɑt/,,,,,,,,,,,,,,,,,,,,,,,,,,,,,,,,,,,,,,,,,,,,,,,,,,,,,,,,,,,,,,,,,,,,,,,,,,,*/stɾ̩vˈit/,*/stɾ̩vˈinɑ/,,,,,,,,,,,,,,,,,*/nˌɛpˈəɾkɑ/,,,,,,,,,,,,,,,,,,,,,,,,,,,,,,,,,,,,,,,,,,,,,,,,,,,,,,,,,,,,,,,,,,,,,,,,,,,,,,,,,,,,,,,,,,,,,,,,,,,,,,,,,,,,,,,,,,,,,,*/bɾ̩t͡ʃˈik/,,*/bɾ̩tˈɑt/,,*/bɾ̩zˈɛʃtɑ/,,,,,,,,,,,,,,,,,,,,,,,,,,,,,,,,,,,,*/wɾ̩tˈiːt/,*/vɾ̩snˈik/,*/wɾ̩vˈit/,*/wɾ̩mːˈik/,,,,,,,,,,,,,,,,,,,,,,,,,,*/mɾ̩zˈit/,*/mɾ̩məɾˈit/,,,,,,,,,,,,,,,,,,,,
R545,,,,,,,,,,,,,,,,,,,,,,,,,,,,,,,,,,,,,,,,,,,,,,,,,,,,,,,,,,,,,,,,,,,,,,,,,,,,,,,,,,,,,,,,,,,,,,,,,,,,,,,,,,,,,,,,,,,,,,,,,,,,,,,,,,,,,,,,,,,,,,,,,,,,,,,,,,,,,,,,,,,,,,,,,,,,,,,,,,,,,,,,,,,,,,,,,,,,,,,,,,,,,,,,,,,,,,,,,,,,,,,,,,,,,,,,,,,,,,,,,,,,,,,,,,,,,,,,,,,,,,,,,,,,,,,,,,,,,,,,,,,,,,,,,,,,,,,,,,,,,,,,,,,,,,,,,,,,,,,,,,,,,,,,,,,,,,,,,,,,,,,,,,,,,,,,,,,,,,,,,,,,,,,,,,,,,,,,,,,,,,,,,,,,,,,,,,,,,,,,,,,,,,,,,,,,,,,,,,,,,,,,,,,,,,,,,,,,,,,,,,,,,,,,,,,,,,,,,,,,,,,,,,,,,,*/vˈɔkulˠ/,,,,,,,,,,,,,,,,,,,,,,,,,,,,,,,,,,,,,,
R546,,,,,,,,,,,,,,,,,,,,,,,,,,,,,,,,,,,,,,*/kˌɑɾˌɑwˈɛːlːɑ/,,,,,,,,,,,,,,,,,,,,,,,,,,,,,,,,,,,,,,,,,,,,,,,,,,,,,,,,,,,,,,,,,,,,,,,,,,,,,,,,,,,,,,,,,,,,,,,,,,,,,,,,,,,,,,,,,,,,,,,,,,,,,,,,,,,,,,,,,,,,,,,,,,,,,,,,,,,,,,,,,,,,,,,,,,,,,,,,,,,,,,,,,,,,,,,,,,,,,,,,,,,,,,,,,,,,,,,,,,,,,,,,,,,,,,,,,,,,,,,,,,,,,,,,,,,,,,,,,,,,,,,,,,,,,,,,,,,,,,,,,,,,,,,,,,,,,,,,,,,,,,,,,,,,,,,,,,,,,,,,,,,,,,,,,,,,,,,,,,,,,,,,,,,,,,,,,,,,,,,,,,,,,,,,,,,,,,,,,,,,,,,,,,,,,,,,,,,,,,,,,,,,,,,,,,,,,,,,,,,,,,,,,,,,,,,,,,,,,,,,,,,,,,,,,,,,,,,,,,,,,,,,,,,,,,
R547,,,,,,,,,,,,,,,,,,,,,,,,,,,,,,,,,,,,,,,,,,,,,,,,,,,,,,,,,,,,,,,,,,,,,,,,,,,,,,,,,,,,,,,,,,,,,,,,,,,,,,,,,,,,,,,,,,,,,,,,,,,,,,,,,,,,,,,,,,,,,,,,,,,,,,,,,,,,,,,,,,,,,,,,,,,,,,,,,,,,,,,,,,,,,,,,,,,,,,,,,,,,,,,,,,,,,,,,,,,,,,,,,,,,,,,,,,,,,,,,,,,,,,,,,,,,,,,,,,,,,,,,,,,,,,,*/sˌɔvˈɑʎkɑ/,,,,,,,,,,,,,,,,,,,,,,,,,,,,,,,,,,,,,,,,,,,,,,,,,,,,,,,,,,,,,,,,,,,,,,,,,,,,,,,,,,,,,,,,,,,,,,,,,,,,,,,,,,,,,,,,,,,,,,,,,,,,,,,,,,,,,,,,,,,,,,,,,,,,,,,,,,,,*/bˈæʎkɑ/,,,,,,,,,,,,,,,,,,,,,,,,,,,,,,,,,,,,,,,,,,,,,,,,,,,,,,,,,,,,,,,,,,,,,,,,,,,,,,,,,
R548,,,,,,,,,,,,,,,,,,,,,,,,,,,,,,,,,,,,,,,,,,,,,,,,,,,,,,,,,,,,,,,,,,,,,,,,,,,,,,,,,,,,,,,,,,,,,,,,,,,,,,,*/ɡˈɑːlɑ/,,,,,,,,,,,,,,,,,,,,,,,,,,,,,,,,,,,,,,,,,,,,,,,,,,,,,,,,,,,,,,,,,,,,,,,,,,,,,,,,,,,,,,,,,,,,,,,,,,,,,,,,,,,,,,,,,,,,,,,,,,,,,,,,,,,,,,,,,,,,,,,,,,,,,,,,,,,,,,,,,,,,,,,,,,,,,,,,,,,,,,,,,,,,,,,,,,,,,,,,,,,,,,,,,,,,,,,,,,,,,,,,,,,,,,,,,,,,,,,,,,,,,,,,,,,,,,,,,,,,,,,,,,,,,,,,,,,,,,,,,,,,,,,,,,,,,,,,,,,,,,,,,,,,,,,,,,,,,,,,,,,,,,,,,,,,,,,,,,,,,,,,,,,,,,,,,,,,,,,,,,,,,,,,*/wˈɔlɑ/,,,,,,,,,,,,,,,,,,,,,,,,,,,,,,,,,,,,,
R549,,,,,,,,,,,,,,,,,,,,,,,,,,,,,,,,,,,,,,,,,,,,,,,,,,,,,,,,,,,,,,,,,,,,,,,,,,,,,,,,,,,,,,,,,,,,,,,,,,,,,,,,,,,,,,,,,,,,,,,,,,,,,,,,,,,,,,,,,,,,,,,,,,,,,,,,,*/kʎˌɛpˈɑːlˠɑ/,*/kʎˈɛp/,,*/ɡʎˌɑnˈit͡sɑ/,*/ɡʎˌəmbɔt͡ʃˈɑːɾ/,,*/ɡʎˌɔmbɔt͡ʃˈɑɾ/,*/ɡʎˈɔbɑ/,,,,,,,,,,,,,,,,,,,,,,,,,,,,,,,,,,,,,*/ʃkʎˈɔtɑ/,,,,,,,,,,,,,,,,,,,,,,,,,,,,,,,,,,,,,,,,,,,,,,,,,,,,,,,,,,,,,,,,,,,,,,,,,,,,,,,,,,*/skʎˈɔtɑ/,*/skʎˈuːfuɾ/,,,,,,,,,,,,,,,,,,,,,,,,,,,,,,,,,,,,,,,,,,,,,,,,,,,,,,,,,,,,,,,,,,,,,,,,,,,,*/rˈɑkʎɑ/,,,,,,,,,,,,,,,,,,,,,,,,,,,,,,,,,,,,,,,,,,,,,,,,,,,,,,,,,,,,,,,,,,,,,,,,,,,,,,,,,,,,,,,,,,,,,,,,,,,,,,,,,,,,,,,,,,,,,,,,,,,,,,,,,,,,,,,,,,,,,,,,,,,,,,,,
R550,,,,,,,,,,,,,,,,,,,,,,,,,,,,,,,,,,,,,,,,,,,,,,,,,,,,,,,,,,,,,,,,,,,,,,,,,,,,,,,,,,,,,,,,,,,,,,,,,,,,,,,,,,,,,,,,,,,,,,,,,,,,,,,,,,,,,,,,,,,,,,,,,,,,,,,,,,,,,,,,,,,,,,,,,,,,,,,,,,,,,,,,,,,,,,,,,,,,,,,,,,,,,,,,,,,,,,,,,,,,,,,,,,,,,,,,,,,,,,,,,,,,,,,,,,,,,,,,,,,,,,,,,,,,,,,,,,,,,,,,,,,,,,,,,,,,,,,,,,,,,,,,,,,,,,,,,,,,,,,,,,,,,,,,,,,,,,,,,,,,,,,,,,,,,,,,,,,,,,,,,,,,,,,,,,*/pˌəɡˈʌ̃ɲ/,*/pˌəɡˈʌ̃ɾ̃ɑ/,,,,,,,,,*/pˈiːrə/,,,,,,,,,,,,,,,,,,,,,,*/pˈuːrə/,,,,,,,,,,,,,,,*/bˌəɡˈɑtɑ/,,,,,,,,,,,,,,,,,,,,,,,,,,,,,,,,,,,,,,,,,,,,,,,,,,,,,,,,,,,,,,,,,,,,*/mˌəɡˈuːlˠɑ/,,,,,,,,,,,,,,,,,,,,,,,
R551,,,,,,,,,,,,,,,,,,,,,,,,,,,,,,,,,,,,,,,,,,,,,,,,,,,,,,,,,,,,,,,,,,,,,,,,,,,,,,,,,,,,,,,,,,,,,,,,,,,,,,,,,,,,,,,,,,,,,,,,,,,,,,,,,,,,,,,,,,,,,,,,,,,,,,,,,,,,,,,,,,,,,,,*/t͡ʃˌɛlˈit/,*/t͡ʃˌɛlnˈik/,,*/t͡ʃˈɛlˠɑ/,,,,,,,,,,,,,,,,,,,,,,,,,,,,,,,,,,,,,,,,,,,,,,,,,,,,,,,,,,,,,,,,,,,,,,,,,,*/dɾˌɛmˈit/,,,,,,,,,,*/t͡sˌɛnˈit/,,,,,*/sˈɛnɑ/,,,*/sˈɛɾɑ/,,,,,,,,,,,,,,,,,,,,,,,,*/stɾˈɛxɑ/,,,,,*/zˌɑbˈɛl/,,,,,,,,,,*/nˌɛvˌɛɾˈit/,,*/nˈɛm/,*/nˈɛmˌɛt͡s/,,,,,,,,,,,,,,,,*/lˈɛxɑ/,,,*/lˈɛsɑ/,,*/lˈɛʎɑ/,,,,,,,,,,,,,,,,*/ɾˈɛʒɡɑ/,,,,,,,,,,,,,,,,,,,,,,,,,,,,,,,,,,,,,,,,,,,,,,,*/pˌɔstɾˈɛxɑ/,,,,,,,,,,,,,,,,,,,,,,,,,,,,,,,,,,,*/bˌɛlˈɛvɑ/,,,*/bˌɛɡɾˈɑt/,*/bˈɛʎkɑ/,*/bˈɛl/,*/bˈɛlt͡sɑ/,,,*/bˌɛsˈɛdɑ/,,,,,,,,,,,,,,*/bˌɛlˠˈuːʃ/,,,,,,*/bɾˈɛɡ/,,,,,,,,,,,,,*/vˈɛdɾ̩/,,,,,,,,,,,,,,*/mˌɑɾˈɛnɑ/,,,,,,,,,,,*/mˈɛlˠɑ/,*/mˈɛɾɑ/,,,,,,,,,,,,,,,,,
R552,*/ˌaɾɡˈɔva/,*/ˌaɾkˈita/,*/ˌaɾdɛnˈit͡sa/,*/ˌavˈit/,*/xˌaɾˌabˈɛːl/,*/xˌabˈit/,*/xˌitˈat/,*/xˌɔɾmˈɔva/,*/xˈɔːɾa/,*/xˌukˈat/,*/jˌaɾˈina/,*/jˌaɾˈuo̯/,,*/jˈaɾm/,,,,,*/ˈiva/,*/ˌɔkˈita/,*/ˌɔːɡɾˈaːʎa/,*/ˌɔtˈava/,,,*/ˌɔpˈʌ̃ŋɡa/,,,,*/kˌat͡ʃuɾˈɛl/,*/kˌat͡ʃˈul/,*/kˌat͡ʃˈuba/,*/kˌat͡ʃˈubl̩/,*/kˌadˈit/,*/kˌastɾavˈɛt͡s/,*/kˌasnˈɛt͡s/,*/kˌalibˈɔb/,*/kˌalˈiba/,*/kˌaɾˌawˈɛːlːa/,*/kˌaɾˈit͡sa/,*/kˌaɾˈuta/,*/kˌaɾˈup/,*/kˌapˈit/,*/kˌʌ̃mːˈiːt͡sa/,*/kˈat͡ʃ/,*/kɾ̩sˈat/,,*/kɾ̩bˈat͡ʃ/,*/kˌapˈuːʎa/,,,,,*/kˈəɾpa/,,,*/kˌɔðɾˈand/,,*/kˌalˈɛːʃka/,*/kˌɔlˈiba/,,*/kˌɔɾˈita/,*/kˌɔɾˈuba/,*/kˌɔpˈit͡sa/,,*/kˌɔpɾˈʌ̃nska/,*/kˌɔvˈat͡ʃ/,,,,*/kˈɔːz?0t͡sa/,*/kˈɔtt͡sa/,,*/kˈɔsa/,,*/kˈɔɾa/,*/kˈɔɾt͡ʃa/,*/kˈaːɾða/,,,*/klˠˌaːpˈit/,*/kˈaːlˠpa/,,*/kˌukˈat/,*/kˌuʃˈɔːva/,*/kˌɔlˠˈat͡ʃ/,,*/kˈuka/,,,*/kˈuːlˠa/,*/kˈəlba/,*/kˈuɾva/,,*/kˈuma/,*/kɾˌaxˈit/,*/kɾˌaxˈĩna/,*/ɡˌatˈuõ̯ɲ/,*/ɡˌalˈĩna/,*/ɡˌamˈit/,*/ɡˈaj/,*/ɡˈaːʎɡa/,*/ɡˈaːlˠva/,*/ɡˈaːla/,,*/kˌəlbˈaːza/,*/kɾ̩xˈat/,*/ɡɾ̩kˈiɲa/,*/kɾ̩t͡ʃˈak/,*/ɡɾ̩dˈalˠa/,,,,*/ɡɾ̩lˈaːs/,*/ɡɾ̩lˈit͡sa/,*/ɡɾˌə̃mˈaða/,,,*/ɡˈəɾba/,,*/ɡˌɔstˈʌ̃nska/,,*/ɡˌarˈiːt͡sa/,*/ɡˌɔmˈilˠa/,,*/ɡˈɔːzda/,*/ɡlˠˌaːnˈik/,*/ɡlˠˌaːwˈĩnːa/,*/ɡɾˌaʃˈina/,*/ɡɾˌadˈina/,*/ɡɾˌabˈit/,*/ɡɾˈada/,*/ɡɾ̩bˈaʃ/,,,,*/lˠˌapˈuːʃ/,*/lˠˌapˈuːʃa/,*/lˠˈaːʃka/,*/lˠˈaːst͡sa/,*/lˠˈaːska/,*/lˠˈaːzɾ̩/,*/lˠˈʌ̃ŋɡa/,,*/lˠˈɔːska/,*/lˠˈuka/,*/ˌukɾˈaja/,,*/jˌunˈak/,,,*/cˈɛ̃ʒna/,*/cɛsˈat/,*/kʎˌɛpˈaːlˠa/,,,*/ɡʎˌanˈit͡sa/,*/ɡʎˌəmbɔt͡ʃˈaːɾ/,,*/ɡʎˌɔmbɔt͡ʃˈaɾ/,*/ɡʎˈɔba/,*/ɲˌuxˈat/,*/t͡ʃˈas/,*/t͡ʃˈaːfka/,*/t͡ʃˈam/,*/t͡ʃərˈaːva/,*/t͡ʃˌɛtˈina/,,,*/t͡ʃˈɛta/,*/t͡ʃˈɛlˠa/,*/t͡ʃˈɛɾða/,,*/t͡ʃˌɔɾnɔvˈɔda/,,*/t͡ʃˈuka/,*/t͡ʃˈulˠa/,*/t͡ʃˈuda/,*/t͡ʃˈuba/,*/ʃˌatˈɔra/,*/ʃˈaka/,*/ʃˈɔːɾa/,*/ʃˈap/,*/ʃˈɛtka/,*/ʃˈɛːləsa/,,*/ʃˌiːtˈɔːva/,*/ʃˈipka/,,,,,*/ʃkɾˈap/,*/ʃˌuʃˈiːt͡sa/,*/ʃˌuplˈaka/,*/ʃˈulˠa/,,*/ʃkʎˈɔta/,,*/ʃtəpˈãːja/,*/ʃtəpˈʌ̃za/,*/ʃtəpə̃ɾ̃ˈɛːʃa/,,*/ʃtˈũɲa/,*/ʃtɾˈaːza/,,*/ʒˌũmbˈina/,*/tɾ̩kˈat/,,*/tˈʌ̃ŋɡa/,,,*/tˈĩːna/,*/tˈina/,*/tˌɔt͡ʃˈiːlˠa/,,,,,*/tˈɔka/,,*/tˌunt͡ʃˈan/,*/tˈũɲa/,,*/tɾˈap/,,,,*/tɾˈɔxa/,*/dˌaɾˈɔva/,*/dəʃnˈiːt͡sa/,*/dˌɛltˈina/,*/dˌixˈat/,*/dˈiɾa/,,,*/dˌɔlˈina/,,*/dˈɔjka/,,,,*/dɾˈaɡa/,,,,,*/dɾˈɔmːt͡sa/,*/t͡sˌalˈik/,*/t͡sˌaɾˈina/,*/t͡sˈaːɾa/,*/t͡sˈaːɾba/,,,,*/t͡sˈɛɾma/,*/t͡sˈita/,,*/sˈaːja/,*/sˈɛna/,*/sˈabʎa/,*/sˈɛlt͡sa/,*/sˈɛɾa/,,*/sˈilˠa/,,*/sˈita/,*/sˈitka/,*/sˈitka/,*/sˌɔtˈina/,,*/sˌɔvˈaʎka/,*/skˈɔɾa/,*/skˌɔlˈupa/,*/skɾˈɔmːa/,,,*/sˈuxa/,,*/skʎˈɔta/,,*/stɾ̩kˈat/,,*/stɾ̩vˈina/,*/stˈɛʎa/,,*/stɾˈɛxa/,*/stɾˈɔka/,*/stɾˈuka/,,*/səmʎˈat/,*/zˌabˈɛl/,*/zˌabˈuo̯/,,*/zˌʌ̃mblˈak/,*/zˈʌ̃mʃa/,*/zˈuːʃa/,*/zbavˈit/,*/zvˌaɾˈiːʃt/,*/nˌɛɾˈʌ̃nd͡za/,*/nˌɛpˈəɾka/,,*/nˌɛvˈɔʎa/,,,*/nˌɔʒˈika/,*/nˈɔfka/,*/lˌaːkmˈi/,*/lˌaʃˈɔːva/,*/lˌapˈuʃa/,*/lˌabˈɔːva/,*/lˈaːkm̩/,*/lˈata/,*/lˈab/,,*/lə̃ndˈĩna/,*/lˈʌ̃nt͡ska/,,*/lˌɛːʃnˈiːt͡sa/,,*/lˈɛxa/,*/lˈaːʃa/,*/lˈɛːʒɲa/,*/lˈɛsa/,,*/lˈɛʎa/,*/lˈixa/,*/lˈipa/,*/lˌɔpˈata/,,*/lˈɔza/,*/lˌuxˈat/,,*/lˈuːt͡ʃa/,*/lˈuta/,*/lˈuspa/,*/ɾˌaɡˈaːl/,*/ɾˌaðˈĩma/,,*/rˈaːva/,*/ɾˈaːfka/,*/ɾˈɛʒɡa/,,,*/rəɡɔːwˈɛːska/,*/ɾˌɔtˈaɾ/,,,*/ɾˈɔjka/,*/ɾˈɔɡa/,,,*/ɾˌʌ̃ŋɡˈat/,*/rəɡɔːzˈĩna/,*/rˌanˈit͡sa/,*/rˌapˈat/,*/rˈakʎa/,*/rˈap/,*/rˈaːfʃ/,*/rəkˈajʌ̃/,*/rəɡˈaːlˠa/,*/ɾˈɛ̃ːska/,*/rəpˈak/,*/rˈɔɡa/,*/ɾˈaːsk/,*/rˈũna/,*/pˌaʃnˈik/,*/pˌatkˈuo̯/,*/pˌadˈit/,*/pˈata/,,*/pˌəɡˈʌ̃ɾ̃a/,*/pˌʌ̃ndˈaːɾ/,*/pɾ̩kˈaːva/,*/pˌɛlˈɛna/,,,*/pˌijavˈit͡sa/,*/pˌixˈat/,*/pˈiːʃka/,,*/pˌɔʎˈak/,*/pˌɔʎˈata/,*/pˌɔʎˈan/,*/pˌɔtˈɛra/,*/pˌatkˈuo̯/,*/pˌɔstˈaja/,*/pˌɔstˈat/,*/pˌɔstɾˈɛxa/,,,,,*/pˈɔtka/,*/plˠˌaʃˈit͡sa/,*/plˠˈaz/,*/plˠˈɔt͡ʃa/,*/plˠˈɔːʃka/,*/plˠˈaːt͡ska/,*/plˠˈɔska/,*/plˠˈuska/,*/pˌɔsˈulˠa/,,*/plˌaːʃnˈik/,*/plˌivˈat/,*/plˌɛnˈit͡sa/,*/pəlˈɛ̃ŋɡa/,*/plˈyːska/,*/pɾˈax/,,,*/pˌɔbɾatˈim/,*/bˌaɡətˈi/,*/bˌatˈit/,*/bˌaɾmˈɔːʃ/,*/bˈac/,*/bˈaba/,*/bˌəɡˈata/,,,*/bɾ̩tˈat/,*/bɾ̩zˈʌ̃ɾ̃a/,*/bɾ̩zˈɛʃta/,*/bˌɛlˈɛva/,*/bˌɛːlbˈiːt͡sa/,*/bˌɛlvˈit͡sa/,*/bˌɛɡɾˈat/,*/bˈɛʎka/,,*/bˈɛlt͡sa/,,*/bˌiːʃnˈiːt͡sa/,*/bˌɛsˈɛda/,*/bˌistɾˈit͡sa/,,,*/bˌɔɡˈɔva/,*/bˌɔɾˈika/,*/bˈɔlba/,*/bˌuo̯lˠˈiːt͡sa/,,*/bˌut͡ʃˈat/,*/bˌuʃtɾˈiːt͡sa/,,,*/blˈana/,,*/blˈuda/,*/blˈuda/,*/bɾˈazda/,*/bɾˈana/,*/bɾˈava/,,,*/bɾˈiːska/,*/xlˈaːð/,,,,,,,*/vɾˈət͡ʃa/,*/vˈɛɾsta/,,,,*/vˈiʃɲa/,,,,*/wˈɔla/,*/vˈɔbaɡ/,*/wˌuɾkɔːlˠˈak/,,,*/wəɾˈaɡa/,*/mˌaxnˈit/,*/mˌaːtˈuka/,*/mˌaɾˈɛna/,*/mˈak/,*/mˈat͡ʃa/,*/mˈatka/,*/mˈat͡sa/,*/mˈaza/,*/mˌəɡˈuːlˠa/,*/mɾ̩ʃˈĩna/,,,*/mˌɛtˈalɛ/,*/mˈɛlˠa/,*/mˈɛɾa/,*/mˌiːlˈĩŋɡa/,*/mˈita/,,*/mˌɔlːˈika/,,*/mˌɔlˈit͡sa/,*/mˌɔɾˈat͡ʃa/,*/mˌɔɾˌɔvˈiːt͡sa/,*/mˌɔɾɔvˈina/,*/mˌɔɾnˈit͡sa/,,*/mˈɔɾa/,*/mˌuʒˈʌ̃nska/,*/mˈuzɡa/,*/ˌɛmbˈɔɾija/,*/ə̃mbəxˈat/,*/ə̃mbɾˈaːzn̩/
R553,,,,,,,,,,,,,,,,,,,,,,,,,,,,,,,,,,,,,,,,,,,,,,,,,,,,,,,,,,,,,,,,,,,,,,,,,,,,,,,,,,,,,,,,,,,,,,,,,,,,,,,,,,,,,,,,,,,,,,,,,,,,,,,,,,,,,,,,,,,,,,,,,,,,,,,,,,,,,,,,,,,,,,,,,,,,,,,,,,,,,,,,,,,,,,,,,,,,,,,,,,,,,,,,,,,,,,,,,,,,,,,,,,,,,,,,,,,,,,,,,,,,,,,,,,,,,,,,,,,,*/sˈabʎɛ/,,,,,,,,,,,,,,,,,,,,,,,,,,,,,,,,,,,,,,,,,,,,,,,,,,,,,,,,,,,,,,,,,,,,,,,,,,,,,,,,,,,,,,,,,,,,,,,,*/rˈakʎɛ/,,,,,,,,,,,,,,,,,,,,,,,,,,,,,,,,,,,,,,,,,,,,,,,,,,,,,,,,,,,,,,,,,,,,,,,,,,,,,,,,,,,,,,,,,,,,,,,,,,,,,,,,,,,,,,,,,,,,,,,,,,,,,,,,,,,,,,,,,,,,,,,,,,,,,,,,
R554,*/ˌaɾɡˈɔvə/,*/ˌaɾkˈitə/,*/ˌaɾdɛnˈit͡sə/,,,,,*/xˌɔɾmˈɔvə/,*/xˈɔːɾə/,,*/jˌaɾˈinə/,,,,,,,,*/ˈivə/,*/ˌɔkˈitə/,*/ˌɔːɡɾˈaːʎə/,*/ˌɔtˈavə/,,,*/ˌɔpˈʌ̃ŋɡə/,,,,,,*/kˌat͡ʃˈubə/,,,,,,*/kˌalˈibə/,*/kˌaɾˌawˈɛːlːə/,*/kˌaɾˈit͡sə/,*/kˌaɾˈutə/,,,*/kˌʌ̃mːˈiːt͡sə/,,,,,*/kˌapˈuːʎə/,,,,,*/kˈəɾpə/,,,,,*/kˌalˈɛːʃkə/,*/kˌɔlˈibə/,,*/kˌɔɾˈitə/,*/kˌɔɾˈubə/,*/kˌɔpˈit͡sə/,,*/kˌɔpɾˈʌ̃nskə/,,,,,*/kˈɔːz?0t͡sə/,*/kˈɔtt͡sə/,,*/kˈɔsə/,,*/kˈɔɾə/,*/kˈɔɾt͡ʃə/,*/kˈaːɾðə/,,,,*/kˈaːlˠpə/,,,*/kˌuʃˈɔːvə/,,,*/kˈukə/,,,*/kˈuːlˠə/,*/kˈəlbə/,*/kˈuɾvə/,,*/kˈumə/,,*/kɾˌaxˈĩnə/,,*/ɡˌalˈĩnə/,,,*/ɡˈaːʎɡə/,*/ɡˈaːlˠvə/,*/ɡˈaːlə/,,*/kˌəlbˈaːzə/,,*/ɡɾ̩kˈiɲə/,,*/ɡɾ̩dˈalˠə/,,,,,*/ɡɾ̩lˈit͡sə/,*/ɡɾˌə̃mˈaðə/,,,*/ɡˈəɾbə/,,*/ɡˌɔstˈʌ̃nskə/,,*/ɡˌarˈiːt͡sə/,*/ɡˌɔmˈilˠə/,,*/ɡˈɔːzdə/,,*/ɡlˠˌaːwˈĩnːə/,*/ɡɾˌaʃˈinə/,*/ɡɾˌadˈinə/,,*/ɡɾˈadə/,,,,,,*/lˠˌapˈuːʃə/,*/lˠˈaːʃkə/,*/lˠˈaːst͡sə/,*/lˠˈaːskə/,,*/lˠˈʌ̃ŋɡə/,,*/lˠˈɔːskə/,*/lˠˈukə/,*/ˌukɾˈajə/,,,,,*/cˈɛ̃ʒnə/,,*/kʎˌɛpˈaːlˠə/,,,*/ɡʎˌanˈit͡sə/,,,,*/ɡʎˈɔbə/,,,*/t͡ʃˈaːfkə/,,*/t͡ʃərˈaːvə/,*/t͡ʃˌɛtˈinə/,,,*/t͡ʃˈɛtə/,*/t͡ʃˈɛlˠə/,*/t͡ʃˈɛɾðə/,,*/t͡ʃˌɔɾnɔvˈɔdə/,,*/t͡ʃˈukə/,*/t͡ʃˈulˠə/,*/t͡ʃˈudə/,*/t͡ʃˈubə/,*/ʃˌatˈɔrə/,*/ʃˈakə/,*/ʃˈɔːɾə/,,*/ʃˈɛtkə/,*/ʃˈɛːləsə/,,*/ʃˌiːtˈɔːvə/,*/ʃˈipkə/,,,,,,*/ʃˌuʃˈiːt͡sə/,*/ʃˌuplˈakə/,*/ʃˈulˠə/,,*/ʃkʎˈɔtə/,,*/ʃtəpˈãːjə/,*/ʃtəpˈʌ̃zə/,*/ʃtəpə̃ɾ̃ˈɛːʃə/,,*/ʃtˈũɲə/,*/ʃtɾˈaːzə/,,*/ʒˌũmbˈinə/,,,*/tˈʌ̃ŋɡə/,,,*/tˈĩːnə/,*/tˈinə/,*/tˌɔt͡ʃˈiːlˠə/,,,,,*/tˈɔkə/,,,*/tˈũɲə/,,,,,,*/tɾˈɔxə/,*/dˌaɾˈɔvə/,*/dəʃnˈiːt͡sə/,*/dˌɛltˈinə/,,*/dˈiɾə/,,,*/dˌɔlˈinə/,,*/dˈɔjkə/,,,,*/dɾˈaɡə/,,,,,*/dɾˈɔmːt͡sə/,,*/t͡sˌaɾˈinə/,*/t͡sˈaːɾə/,*/t͡sˈaːɾbə/,,,,*/t͡sˈɛɾmə/,*/t͡sˈitə/,,*/sˈaːjə/,*/sˈɛnə/,,*/sˈɛlt͡sə/,*/sˈɛɾə/,,*/sˈilˠə/,,*/sˈitə/,*/sˈitkə/,*/sˈitkə/,*/sˌɔtˈinə/,,*/sˌɔvˈaʎkə/,*/skˈɔɾə/,*/skˌɔlˈupə/,*/skɾˈɔmːə/,,,*/sˈuxə/,,*/skʎˈɔtə/,,,,*/stɾ̩vˈinə/,*/stˈɛʎə/,,*/stɾˈɛxə/,*/stɾˈɔkə/,*/stɾˈukə/,,,,,,,*/zˈʌ̃mʃə/,*/zˈuːʃə/,,,*/nˌɛɾˈʌ̃nd͡zə/,*/nˌɛpˈəɾkə/,,*/nˌɛvˈɔʎə/,,,*/nˌɔʒˈikə/,*/nˈɔfkə/,,*/lˌaʃˈɔːvə/,*/lˌapˈuʃə/,*/lˌabˈɔːvə/,,*/lˈatə/,,,*/lə̃ndˈĩnə/,*/lˈʌ̃nt͡skə/,,*/lˌɛːʃnˈiːt͡sə/,,*/lˈɛxə/,*/lˈaːʃə/,*/lˈɛːʒɲə/,*/lˈɛsə/,,*/lˈɛʎə/,*/lˈixə/,*/lˈipə/,*/lˌɔpˈatə/,,*/lˈɔzə/,,,*/lˈuːt͡ʃə/,*/lˈutə/,*/lˈuspə/,,*/ɾˌaðˈĩmə/,,*/rˈaːvə/,*/ɾˈaːfkə/,*/ɾˈɛʒɡə/,,,*/rəɡɔːwˈɛːskə/,,,,*/ɾˈɔjkə/,*/ɾˈɔɡə/,,,,*/rəɡɔːzˈĩnə/,*/rˌanˈit͡sə/,,,,,*/rəkˈajə/,*/rəɡˈaːlˠə/,*/ɾˈɛ̃ːskə/,,*/rˈɔɡə/,,*/rˈũnə/,,,,*/pˈatə/,,*/pˌəɡˈʌ̃ɾ̃ə/,,*/pɾ̩kˈaːvə/,*/pˌɛlˈɛnə/,,,*/pˌijavˈit͡sə/,,*/pˈiːʃkə/,,,*/pˌɔʎˈatə/,,*/pˌɔtˈɛrə/,,*/pˌɔstˈajə/,,*/pˌɔstɾˈɛxə/,,,,,*/pˈɔtkə/,*/plˠˌaʃˈit͡sə/,,*/plˠˈɔt͡ʃə/,*/plˠˈɔːʃkə/,*/plˠˈaːt͡skə/,*/plˠˈɔskə/,*/plˠˈuskə/,*/pˌɔsˈulˠə/,,,,*/plˌɛnˈit͡sə/,*/pəlˈɛ̃ŋɡə/,*/plˈyːskə/,,,,,,,,,*/bˈabə/,*/bˌəɡˈatə/,,,,*/bɾ̩zˈʌ̃ɾ̃ə/,*/bɾ̩zˈɛʃtə/,*/bˌɛlˈɛvə/,*/bˌɛːlbˈiːt͡sə/,*/bˌɛlvˈit͡sə/,,*/bˈɛʎkə/,,*/bˈɛlt͡sə/,,*/bˌiːʃnˈiːt͡sə/,*/bˌɛsˈɛdə/,*/bˌistɾˈit͡sə/,,,*/bˌɔɡˈɔvə/,*/bˌɔɾˈikə/,*/bˈɔlbə/,*/bˌuo̯lˠˈiːt͡sə/,,,*/bˌuʃtɾˈiːt͡sə/,,,*/blˈanə/,,*/blˈudə/,*/blˈudə/,*/bɾˈazdə/,*/bɾˈanə/,*/bɾˈavə/,,,*/bɾˈiːskə/,,,,,,,,*/vɾˈət͡ʃə/,*/vˈɛɾstə/,*/vˌɛlˈɛnd͡zə/,,,*/vˈiʃɲə/,,,,*/wˈɔlə/,,,,,*/wəɾˈaɡə/,,*/mˌaːtˈukə/,*/mˌaɾˈɛnə/,,*/mˈat͡ʃə/,*/mˈatkə/,*/mˈat͡sə/,*/mˈazə/,*/mˌəɡˈuːlˠə/,*/mɾ̩ʃˈĩnə/,,,,*/mˈɛlˠə/,*/mˈɛɾə/,*/mˌiːlˈĩŋɡə/,*/mˈitə/,,*/mˌɔlːˈikə/,,*/mˌɔlˈit͡sə/,*/mˌɔɾˈat͡ʃə/,*/mˌɔɾˌɔvˈiːt͡sə/,*/mˌɔɾɔvˈinə/,*/mˌɔɾnˈit͡sə/,,*/mˈɔɾə/,*/mˌuʒˈʌ̃nskə/,*/mˈuzɡə/,*/ˌɛmbˈɔɾijə/,,
~Proto-Tosk-SGheg,null*/ˌaɾɡˈɔvə/,null*/ˌaɾkˈitə/,null*/ˌaɾdɛnˈit͡sə/,null*/ˌavˈit/,null*/xˌaɾˌabˈɛːl/,null*/xˌabˈit/,null*/xˌitˈat/,null*/xˌɔɾmˈɔvə/,null*/xˈɔːɾə/,null*/xˌukˈat/,null*/jˌaɾˈinə/,null*/jˌaɾˈuo̯/,null*/jˈaːz/,null*/jˈaɾm/,null*/jˈɛzɾ̩/,null*/jˈuɡ/,null*/jˈud/,null*/ˈiskɾ̩/,null*/ˈivə/,null*/ˌɔkˈitə/,null*/ˌɔːɡɾˈaːʎə/,null*/ˌɔtˈavə/,null*/ˌɔːɾˌʌ̃ndˈi/,null*/ˌɔbɾˈɔk/,null*/ˌɔpˈʌ̃ŋɡə/,null*/ˌɔbˈɔɾ/,null*/ˌɔblˈʌ̃ŋɡ/,null*/ˈɔiʃtə/,null*/kˌat͡ʃuɾˈɛl/,null*/kˌat͡ʃˈul/,null*/kˌat͡ʃˈubə/,null*/kˌat͡ʃˈubl̩/,null*/kˌadˈit/,null*/kˌastɾavˈɛt͡s/,null*/kˌasnˈɛt͡s/,null*/kˌalibˈɔb/,null*/kˌalˈibə/,null*/kˌaɾˌawˈɛːlːə/,null*/kˌaɾˈit͡sə/,null*/kˌaɾˈutə/,null*/kˌaɾˈup/,null*/kˌapˈit/,null*/kˌʌ̃mːˈiːt͡sə/,null*/kˈat͡ʃ/,null*/kɾ̩sˈat/,null*/kɾ̩sˈũː/,null*/kɾ̩bˈat͡ʃ/,null*/kˌapˈuːʎə/,null*/kˌʌ̃mˈiːʃt/,null*/kˈəlˠk/,null*/kˈʌ̃nd/,null*/kˈəɾs/,null*/kˈəɾpə/,null*/kˌɔsˈit/,null*/kˌɔsˈɔɾ/,null*/kˌɔðɾˈand/,null*/kˌɔnkˈɔl/,null*/kˌalˈɛːʃkə/,null*/kˌɔlˈibə/,null*/kˌɔɾˈit/,null*/kˌɔɾˈitə/,null*/kˌɔɾˈubə/,null*/kˌɔpˈit͡sə/,null*/kˌɔpˈil/,null*/kˌɔpɾˈʌ̃nskə/,null*/kˌɔvˈat͡ʃ/,null*/kˈɔl/,null*/kˈɔʃ/,null*/kˈɔst/,null*/kˈɔːz?0t͡sə/,null*/kˈɔtt͡sə/,null*/kˈɔs/,null*/kˈɔsə/,null*/kˈɔstɾ̩/,null*/kˈɔɾə/,null*/kˈɔɾt͡ʃə/,null*/kˈaːɾðə/,null*/kˈɔpɾ̩/,null*/kˈɔb/,null*/klˠˌaːpˈit/,null*/kˈaːlˠpə/,null*/kˌɔlˠt͡ʃˈit/,null*/kˌukˈat/,null*/kˌuʃˈɔːvə/,null*/kˌɔlˠˈat͡ʃ/,null*/kˌuːpəlːˈik/,null*/kˈukə/,null*/kˈuːt͡ʃ/,null*/kˈut/,null*/kˈuːlˠə/,null*/kˈəlbə/,null*/kˈuɾvə/,null*/kˈum/,null*/kˈumə/,null*/kɾˌaxˈit/,null*/kɾˌaxˈĩnə/,null*/ɡˌatˈuõ̯ɲ/,null*/ɡˌalˈĩnə/,null*/ɡˌamˈit/,null*/ɡˈaj/,null*/ɡˈaːʎɡə/,null*/ɡˈaːlˠvə/,null*/ɡˈaːlə/,null*/ɡˌəlˠtˈit/,null*/kˌəlbˈaːzə/,null*/kɾ̩xˈat/,null*/ɡɾ̩kˈiɲə/,null*/kɾ̩t͡ʃˈak/,null*/ɡɾ̩dˈalˠə/,null*/ɡˌɔɾdˈɛːt͡s/,null*/ɡɾ̩dˈit/,null*/ɡɾ̩ðˈit/,null*/ɡɾ̩lˈaːs/,null*/ɡɾ̩lˈit͡sə/,null*/ɡɾˌə̃mˈaðə/,null*/ɡɾˈək/,null*/ɡˈəɾt͡ʃ/,null*/ɡˈəɾbə/,null*/ɡˌɔdˈit/,null*/ɡˌɔstˈʌ̃nskə/,null*/ɡˌɔstˈit/,null*/ɡˌarˈiːt͡sə/,null*/ɡˌɔmˈilˠə/,null*/ɡˌɔmbˈɛl/,null*/ɡˈɔːzdə/,null*/ɡlˠˌaːnˈik/,null*/ɡlˠˌaːwˈĩnːə/,null*/ɡɾˌaʃˈinə/,null*/ɡɾˌadˈinə/,null*/ɡɾˌabˈit/,null*/ɡɾˈadə/,null*/ɡɾ̩bˈaʃ/,null*/ɡˈɔɾʃ/,null*/ɡɾˈɔːzdl̩/,null*/ɡɾˈuʃt/,null*/lˠˌapˈuːʃ/,null*/lˠˌapˈuːʃə/,null*/lˠˈaːʃkə/,null*/lˠˈaːst͡sə/,null*/lˠˈaːskə/,null*/lˠˈaːzɾ̩/,null*/lˠˈʌ̃ŋɡə/,null*/lˠˌɔmˈit/,null*/lˠˈɔːskə/,null*/lˠˈukə/,null*/ˌukɾˈajə/,null*/ˌudˈɔb/,null*/jˌunˈak/,null*/ˌulˈiʃtə/,null*/ˌuɾˈɔk/,null*/cˈɛ̃ʒnə/,null*/cɛsˈat/,null*/kʎˌɛpˈaːlˠə/,null*/kʎˈɛp/,null*/kʎˈyːt͡ʃ/,null*/ɡʎˌanˈit͡sə/,null*/ɡʎˌəmbɔt͡ʃˈaːɾ/,null*/ɟˌɛzdˈit/,null*/ɡʎˌɔmbɔt͡ʃˈaɾ/,null*/ɡʎˈɔbə/,null*/ɲˌuxˈat/,null*/t͡ʃˈas/,null*/t͡ʃˈaːfkə/,null*/t͡ʃˈam/,null*/t͡ʃərˈaːvə/,null*/t͡ʃˌɛtˈinə/,null*/t͡ʃˌɛlˈit/,null*/t͡ʃˌɛlnˈik/,null*/t͡ʃˈɛtə/,null*/t͡ʃˈɛlˠə/,null*/t͡ʃˈɛɾðə/,null*/t͡ʃˈir/,null*/t͡ʃˌɔɾnɔvˈɔdə/,null*/t͡ʃˌudˈit/,null*/t͡ʃˈukə/,null*/t͡ʃˈulˠə/,null*/t͡ʃˈudə/,null*/t͡ʃˈubə/,null*/ʃˌatˈɔrə/,null*/ʃˈakə/,null*/ʃˈɔːɾə/,null*/ʃˈap/,null*/ʃˈɛtkə/,null*/ʃˈɛːləsə/,null*/ʃˈɛ̃mbɾ̩/,null*/ʃˌiːtˈɔːvə/,null*/ʃˈipkə/,null*/ʃˈɛːs/,null*/ʃˈɔp/,null*/ʃkˌuːɾðˈɛːt͡s/,null*/ʃkˌɔːpˈit/,null*/ʃkɾˈap/,null*/ʃˌuʃˈiːt͡sə/,null*/ʃˌuplˈakə/,null*/ʃˈulˠə/,null*/ʃˈul/,null*/ʃkʎˈɔtə/,null*/ʃtɾ̩mˈɛ̃nː/,null*/ʃtəpˈãːjə/,null*/ʃtəpˈʌ̃zə/,null*/ʃtəpə̃ɾ̃ˈɛːʃə/,null*/ʃtəpˈʌ̃ɾ̃/,null*/ʃtˈũɲə/,null*/ʃtɾˈaːzə/,null*/ʒˈɛɡ/,null*/ʒˌũmbˈinə/,null*/tɾ̩kˈat/,null*/tɾ̩pˈiːt/,null*/tˈʌ̃ŋɡə/,null*/tˈɛk/,null*/tˈis/,null*/tˈĩːnə/,null*/tˈinə/,null*/tˌɔt͡ʃˈiːlˠə/,null*/tˌɔt͡ʃˈit/,null*/tˌɔɾˈiʃtə/,null*/tˌɔɾˈuo̯/,null*/tˌɔpˈil/,null*/tˈɔkə/,null*/tˈɔpɾ̩/,null*/tˌunt͡ʃˈan/,null*/tˈũɲə/,null*/tˈun/,null*/tɾˈap/,null*/tɾˈiʃ/,null*/tˈɛɾʃ/,null*/tɾˌɔndˈit/,null*/tɾˈɔxə/,null*/dˌaɾˈɔvə/,null*/dəʃnˈiːt͡sə/,null*/dˌɛltˈinə/,null*/dˌixˈat/,null*/dˈiɾə/,null*/dˈibɾ̩/,null*/dˈibr̩/,null*/dˌɔlˈinə/,null*/dˌɔbˈit/,null*/dˈɔjkə/,null*/dˈɔb/,null*/dˌũmbɾˈɛː/,null*/dˈũmbɾ̩/,null*/dɾˈaɡə/,null*/dɾˈʌ̃ŋɡ/,null*/dɾˌɛmˈit/,null*/dɾˌɔbˈit/,null*/dɾˈɔk/,null*/dɾˈɔmːt͡sə/,null*/t͡sˌalˈik/,null*/t͡sˌaɾˈinə/,null*/t͡sˈaːɾə/,null*/t͡sˈaːɾbə/,null*/t͡sərˈiːlˠ/,null*/t͡sərˈik/,null*/t͡sˌɛnˈit/,null*/t͡sˈɛɾmə/,null*/t͡sˈitə/,null*/t͡sˈub/,null*/sˈaːjə/,null*/sˈɛnə/,null*/sˈabʎɛ/,null*/sˈɛlt͡sə/,null*/sˈɛɾə/,null*/sˈɛmbɾ̩/,null*/sˈilˠə/,null*/sˈiːt/,null*/sˈitə/,null*/sˈitkə/,null*/sˈitkə/,null*/sˌɔtˈinə/,null*/sˌɔndˈɔɲ/,null*/sˌɔvˈaʎkə/,null*/skˈɔɾə/,null*/skˌɔlˈupə/,null*/skɾˈɔmːə/,null*/slˈɔɡ/,null*/sˌũndˈɔ̃ɲ/,null*/sˈuxə/,null*/sˈukulˠ/,null*/skʎˈɔtə/,null*/skʎˈuːfuɾ/,null*/stɾ̩kˈat/,null*/stɾ̩vˈit/,null*/stɾ̩vˈinə/,null*/stˈɛʎə/,null*/stˈɛp/,null*/stɾˈɛxə/,null*/stɾˈɔkə/,null*/stɾˈukə/,null*/stɾˈum/,null*/səmʎˈat/,null*/zˌabˈɛl/,null*/zˌabˈuo̯/,null*/zˌʌ̃mbˈiːʃt/,null*/zˌʌ̃mblˈak/,null*/zˈʌ̃mʃə/,null*/zˈuːʃə/,null*/zbavˈit/,null*/zvˌaɾˈiːʃt/,null*/nˌɛɾˈʌ̃nd͡zə/,null*/nˌɛpˈəɾkə/,null*/nˌɛvˌɛɾˈit/,null*/nˌɛvˈɔʎə/,null*/nˈɛm/,null*/nˈɛmˌɛt͡s/,null*/nˌɔʒˈikə/,null*/nˈɔfkə/,null*/lˌaːkmˈi/,null*/lˌaʃˈɔːvə/,null*/lˌapˈuʃə/,null*/lˌabˈɔːvə/,null*/lˈaːkm̩/,null*/lˈatə/,null*/lˈab/,null*/ləŋɡ/,null*/lə̃ndˈĩnə/,null*/lˈʌ̃nt͡skə/,null*/lˌit͡ʃˈit/,null*/lˌɛːʃnˈiːt͡sə/,null*/lˌɛbɛtˈit/,null*/lˈɛxə/,null*/lˈaːʃə/,null*/lˈɛːʒɲə/,null*/lˈɛsə/,null*/lˈistkɾ̩/,null*/lˈɛʎə/,null*/lˈixə/,null*/lˈipə/,null*/lˌɔpˈatə/,null*/lˈɔɡ/,null*/lˈɔzə/,null*/lˌuxˈat/,null*/lˌuʒˈiː/,null*/lˈuːt͡ʃə/,null*/lˈutə/,null*/lˈuspə/,null*/ɾˌaɡˈaːl/,null*/ɾˌaðˈĩmə/,null*/wˌɔɾbˈɛːt͡s/,null*/rˈaːvə/,null*/ɾˈaːfkə/,null*/ɾˈɛʒɡə/,null*/ɾˈɛ̃nd/,null*/ɾˌɔˈit/,null*/rəɡɔːwˈɛːskə/,null*/ɾˌɔtˈaɾ/,null*/ɾˌɔbɔtˈit/,null*/ɾˈɔj/,null*/ɾˈɔjkə/,null*/ɾˈɔɡə/,null*/ɾˈɔb/,null*/ɾˈunˌɛt͡s/,null*/ɾˌʌ̃ŋɡˈat/,null*/rəɡɔːzˈĩnə/,null*/rˌanˈit͡sə/,null*/rˌapˈat/,null*/rˈakʎɛ/,null*/rˈap/,null*/rˈaːfʃ/,null*/rəkˈajə/,null*/rəɡˈaːlˠə/,null*/ɾˈɛ̃ːskə/,null*/rəpˈak/,null*/rˈɔɡə/,null*/ɾˈaːsk/,null*/rˈũnə/,null*/pˌaʃnˈik/,null*/pˌatkˈuo̯/,null*/pˌadˈit/,null*/pˈatə/,null*/pˌəɡˈʌ̃ɲ/,null*/pˌəɡˈʌ̃ɾ̃ə/,null*/pˌʌ̃ndˈaːɾ/,null*/pɾ̩kˈaːvə/,null*/pˌɛlˈɛnə/,null*/pˌɛlˈin/,null*/pˈɛk/,null*/pˌijavˈit͡sə/,null*/pˌixˈat/,null*/pˈiːʃkə/,null*/pˈiːrə/,null*/pˌɔʎˈak/,null*/pˌɔʎˈatə/,null*/pˌɔʎˈan/,null*/pˌɔtˈɛrə/,null*/pˌatkˈuo̯/,null*/pˌɔstˈajə/,null*/pˌɔstˈat/,null*/pˌɔstɾˈɛxə/,null*/pˌɔnˈit/,null*/pˌɔɾˈɛ̃nd/,null*/pˌɔɾˌɔ̃sˈit/,null*/pˌɔːɾˈit/,null*/pˈɔtkə/,null*/plˠˌaʃˈit͡sə/,null*/plˠˈaz/,null*/plˠˈɔt͡ʃə/,null*/plˠˈɔːʃkə/,null*/plˠˈaːt͡skə/,null*/plˠˈɔskə/,null*/plˠˈuskə/,null*/pˌɔsˈulˠə/,null*/pˈuːrə/,null*/plˌaːʃnˈik/,null*/plˌivˈat/,null*/plˌɛnˈit͡sə/,null*/pəlˈɛ̃ŋɡə/,null*/plˈyːskə/,null*/pɾˈax/,null*/pɾˈisk/,null*/pɾˌɔndˈit/,null*/pˌɔbɾatˈim/,null*/bˌaɡətˈi/,null*/bˌatˈit/,null*/bˌaɾmˈɔːʃ/,null*/bˈac/,null*/bˈabə/,null*/bˌəɡˈatə/,null*/bɾ̩t͡ʃˈik/,null*/bɾ̩ʃnˈik/,null*/bɾ̩tˈat/,null*/bɾ̩zˈʌ̃ɾ̃ə/,null*/bɾ̩zˈɛʃtə/,null*/bˌɛlˈɛvə/,null*/bˌɛːlbˈiːt͡sə/,null*/bˌɛlvˈit͡sə/,null*/bˌɛɡɾˈat/,null*/bˈɛʎkə/,null*/bˈɛl/,null*/bˈɛlt͡sə/,null*/bˈɛɾk/,null*/bˌiːʃnˈiːt͡sə/,null*/bˌɛsˈɛdə/,null*/bˌistɾˈit͡sə/,null*/bˈiːsk/,null*/bˈistɾ̩/,null*/bˌɔɡˈɔvə/,null*/bˌɔɾˈikə/,null*/bˈɔlbə/,null*/bˌuo̯lˠˈiːt͡sə/,null*/bˌulˈɔɡ/,null*/bˌut͡ʃˈat/,null*/bˌuʃtɾˈiːt͡sə/,null*/bˈuo̯lˠ/,null*/bˈuːʃtɾ̩/,null*/blˈanə/,null*/bˌɛlˠˈuːʃ/,null*/blˈudə/,null*/blˈudə/,null*/bɾˈazdə/,null*/bɾˈanə/,null*/bɾˈavə/,null*/bɾˈɛɡ/,null*/bɾˈiːsk/,null*/bɾˈiːskə/,null*/xlˈaːð/,null*/wˌɔlˠkˈuo̯/,null*/vˌəʃnˈik/,null*/wɾ̩tˈiːt/,null*/vɾ̩snˈik/,null*/wɾ̩vˈit/,null*/wɾ̩mːˈik/,null*/vɾˈət͡ʃə/,null*/vˈɛɾstə/,null*/vˌɛlˈɛnd͡zə/,null*/vˈɛdɾ̩/,null*/wˌiɾˈuo̯/,null*/vˈiʃɲə/,null*/vˈidɾ̩/,null*/vˈisk/,null*/vˈɔkulˠ/,null*/wˈɔlə/,null*/vˈɔbaɡ/,null*/wˌuɾkɔːlˠˈak/,null*/wɾˈʌ̃ɾ̃/,null*/vɾˈul/,null*/wəɾˈaɡə/,null*/mˌaxnˈit/,null*/mˌaːtˈukə/,null*/mˌaɾˈɛnə/,null*/mˈak/,null*/mˈat͡ʃə/,null*/mˈatkə/,null*/mˈat͡sə/,null*/mˈazə/,null*/mˌəɡˈuːlˠə/,null*/mɾ̩ʃˈĩnə/,null*/mɾ̩zˈit/,null*/mɾ̩məɾˈit/,null*/mˌɛtˈalɛ/,null*/mˈɛlˠə/,null*/mˈɛɾə/,null*/mˌiːlˈĩŋɡə/,null*/mˈitə/,null*/mˌɔtɔvˈilɛ/,null*/mˌɔlːˈikə/,null*/mˌɔlˈit/,null*/mˌɔlˈit͡sə/,null*/mˌɔɾˈat͡ʃə/,null*/mˌɔɾˌɔvˈiːt͡sə/,null*/mˌɔɾɔvˈinə/,null*/mˌɔɾnˈit͡sə/,null*/mˈɔl/,null*/mˈɔɾə/,null*/mˌuʒˈʌ̃nskə/,null*/mˈuzɡə/,null*/ˌɛmbˈɔɾijə/,null*/ə̃mbəxˈat/,null*/ə̃mbɾˈaːzn̩/
R555,,,,,,,,,,,,,,,,,,,,,,,*/ˌɔːɾˌə̃ndˈi/,,*/ˌɔpˈə̃ɲ̈ɡə/,,*/ˌɔblˈə̃ɲ̈ɡ/,,,,,,,,,,,,,,,,*/kˌə̃mːˈiːt͡sə/,,,,,,*/kˌə̃mˈiːʃt/,,*/kˈə̃nd/,,,,,,,,,,,,,,*/kˌɔpɾˈə̃nskə/,,,,,,,,,,,,,,,,,,,,,,,,,,,,,,,,,,,,,,,,,,,,,,,,,,,,,,,*/ɡˌɔstˈə̃nskə/,,,,,,,,,,,,,,,,,,,,,,*/lˠˈə̃ɲ̈ɡə/,,,,,,,,,,,,,,,,,,,,,,,,,,,,,,,,,,,,,,,,,,,,,,,,,,,,,,,,,,*/ʃtəpˈə̃zə/,,*/ʃtəpˈə̃ɾ̃/,,,,,,,*/tˈə̃ɲ̈ɡə/,,,,,,,,,,,,,,,,,,,,,,,,,,,,,,,,,,*/dɾˈə̃ɲ̈ɡ/,,,,,,,,,,,,,,,,,,,,,,,,,,,,,,,,,,,,,,,,,,,,,,,,,,*/zˌə̃mbˈiːʃt/,*/zˌə̃mblˈak/,*/zˈə̃mʃə/,,,,*/nˌɛɾˈə̃nd͡zə/,,,,,,,,,,,,,,,*/ləɲ̈ɡ/,,*/lˈə̃nt͡skə/,,,,,,,,,,,,,,,,,,,,,,,,,,,,,,,,,,,,*/ɾˌə̃ɲ̈ɡˈat/,,,,,,,,,,,,,,,,,,*/pˌəɡˈə̃ɲ/,*/pˌəɡˈə̃ɾ̃ə/,*/pˌə̃ndˈaːɾ/,,,,,,,,,,,,,,,,,,,,,,,,,,,,,,,,,,*/pəlˈɛ̃ɲ̈ɡə/,,,,,,,,,,,,,,,*/bɾ̩zˈə̃ɾ̃ə/,,,,,,,,,,,,,,,,,,,,,,,,,,,,,,,,,,,,,,,,,,,,,,,,,,,,,*/wɾˈə̃ɾ̃/,,,,,,,,,,,,,,,,,,*/mˌiːlˈĩɲ̈ɡə/,,,,,,,,,,,,*/mˌuʒˈə̃nskə/,,,,
R556,,,,,,,,,,,,*/jˌaɾˈua̯/,,,,,,,,,,,,,,,,,,,,,,,,,,,,,,,,,,,,,,,,,,,,,,,,,,,,,,,,,,,,,,,,,,,,,,,,,,,,,,,,,,,,,*/ɡˌatˈuã̯ɲ/,,,,,,,,,,,,,,,,,,,,,,,,,,,,,,,,,,,,,,,,,,,,,,,,,,,,,,,,,,,,,,,,,,,,,,,,,,,,,,,,,,,,,,,,,,,,,,,,,,,,,,,,,,,,,,,,,,,,,,,,*/tˌɔɾˈua̯/,,,,,,,,,,,,,,,,,,,,,,,,,,,,,,,,,,,,,,,,,,,,,,,,,,,,,,,,,,,,,,,,,,,,,,,,,,,*/zˌabˈua̯/,,,,,,,,,,,,,,,,,,,,,,,,,,,,,,,,,,,,,,,,,,,,,,*/wˌaɾbˈɛːt͡s/,,,,,,,,,,,,,,,,,,,,,,,,,,,,,*/pˌatkˈua̯/,,,,,,,,,,,,,,,,,,*/pˌatkˈua̯/,,,,,,,,,,,,,,,,,,,,,,,,,,,,,,,,,,,,,,,,,,,,,,,,,,,,,,*/bˌua̯lˠˈiːt͡sə/,,,,*/bˈua̯lˠ/,,,,,,,,,,,,,*/wˌalˠkˈua̯/,,,,,,,,,,*/wˌiɾˈua̯/,,,,,*/wˈalə/,,,,,,,,,,,,,,,,,,,,,,,,,,,,,,,,,,,,,
R557,,,,,,,,,,,,,,,,,,,,,,,,,,,,,,,,,,,,,,,,,,,,,,,,,,,,,,,,,,,,,,,,,,,,,,,,,,,,,,,,,,,,,,,,,,,,,,,,,,,,,,,,,,,,,,,,,,,,,,,,,,,,,,,,,,,,,,,,,,,,,,,,,,,,,,,,,,,,,,,,,,,,,,,,,,,,,,,,,,,,,,,,,,,,,,,,,,,,,,,,,,,,,,,,,,,,,,,,,,,,,,,,,,,,,,,,,,,,,,,,,,,,,,,,,,,,,,,,,,,,,,,,,,,,,,,,,,,,,,,,,,,,,,,,,,,,,,,,,,,,,,,,,,,,,,,,,,,,,,,,,,,,,,,,,,,,,,,,,,,,,,,,,,,,,,,,,,,,,,,,,,,,,,,,,,,,,,,,,,,,,,,,,,,,,,,,,,,,,,,,,,,,,,,,,,,,,,,,,,,,,,,,,,,,,,,,,,,,,,,,,,,,,,,,,,,,,,,,,,,,,,,,,,,,,,,,,,,,,,,,,,,,,,,,,,,,,,,,,,,,,,,,,,,,
R558,,,,,,,,,,,,,,,,,,,,,,,,,,,,,,,,,,,,,,*/kˌaɾˌavˈɛːlːə/,,,,,,,,,,,,,,,,,,,,,,,,,,,,,,,,,,,,,,,,,,,,,,,,,,,,,,,,,,,,,,,,,,,,,,,,,,,,,,,,,,,,,,,,,*/ɡlˠˌaːvˈĩnːə/,,,,,,,,,,,,,,,,,,,,,,,,,,,,,,,,,,,,,,,,,,,,,,,,,,,,,,,,,,,,,,,,,,,,,,,,,,,,,,,,,,,,,,,,,,,,,,,,,,,,,,,,,,,,,,,,,,,,,,,,,,,,,,,,,,,,,,,,,,,,,,,,,,,,,,,,,,,,,,,,,,,,,,,,,,,,,,,,,,,,,,,,,,,,,,,,,,,,,,,,,,,,,,,,,,,*/vˌaɾbˈɛːt͡s/,,,,,,*/rəɡɔːvˈɛːskə/,,,,,,,,,,,,,,,,,,,,,,,,,,,,,,,,,,,,,,,,,,,,,,,,,,,,,,,,,,,,,,,,,,,,,,,,,,,,,,,,,,,,,,,,,,,,,,,,,,,,,,,,,,,,,,,,*/vˌalˠkˈua̯/,,*/vɾ̩tˈiːt/,,*/vɾ̩vˈit/,*/vɾ̩mːˈik/,,,,,*/vˌiɾˈua̯/,,,,,*/vˈalə/,,*/vˌuɾkɔːlˠˈak/,*/vɾˈə̃ɾ̃/,,*/vəɾˈaɡə/,,,,,,,,,,,,,,,,,,,,,,,,,,,,,,,,
R559,,,,,*/hˌaɾˌabˈɛːl/,*/hˌabˈit/,*/hˌitˈat/,*/hˌɔɾmˈɔvə/,*/hˈɔːɾə/,*/hˌukˈat/,,,,,,,,,,,,,,,,,,,,,,,,,,,,,,,,,,,,,,,,,,,,,,,,,,,,,,,,,,,,,,,,,,,,,,,,,,,,,,,,,,,,,*/kɾˌahˈit/,*/kɾˌahˈĩnə/,,,,,,,,,,*/kɾ̩hˈat/,,,,,,,,,,,,,,,,,,,,,,,,,,,,,,,,,,,,,,,,,,,,,,,,,,,,,,,*/ɲˌuhˈat/,,,,,,,,,,,,,,,,,,,,,,,,,,,,,,,,,,,,,,,,,,,,,,,,,,,,,,,,,,,,,,,,,,,*/tɾˈɔhə/,,,,*/dˌihˈat/,,,,,,,,,,,,,,,,,,,,,,,,,,,,,,,,,,,,,,,,,,,,,*/sˈuhə/,,,,,,,,,*/stɾˈɛhə/,,,,,,,,,,,,,,,,,,,,,,,,,,,,,,,,,,*/lˈɛhə/,,,,,,*/lˈihə/,,,,,*/lˌuhˈat/,,,,,,,,,,,,,,,,,,,,,,,,,,,,,,,,,,,,,,,,,,,,,,,*/pˌihˈat/,,,,,,,,,,*/pˌɔstɾˈɛhə/,,,,,,,,,,,,,,,,,,,,*/pɾˈah/,,,,,,,,,,,,,,,,,,,,,,,,,,,,,,,,,,,,,,,,,,,,,,,*/hlˈaːð/,,,,,,,,,,,,,,,,,,,,,,*/mˌahnˈit/,,,,,,,,,,,,,,,,,,,,,,,,,,,,,,*/ə̃mbəhˈat/,
R560,,,,,,,,,,,,,,,,,,,,,,,,,,,,,,,,,,,,,,,,,,,,,,,,,,,,,,,,,,,,,,,,,,,,,,,,,,,,,,,,,,,,,,,,,,,,,,,,,,,,,,,,,,,,,,,,,,,,,,,,,,,,,,,,,,,,,,,,,,,,,,,,,,,,,,,,,,,,,,,,,,,,,,,,,,,,,,,,,,,,,,,,,,,,,,,,,,,,,,,,,,,,,,,,,,,,,,,,,,,,,,,,,,,,,,,,,,,,,,,,,,,,,,,,,,,,,,,,,,,,,,,,,,,,,,,,,,,,,,,,,,,,,,,,,,,,,,,,,,,,,,,,,,,,,,,,,,,,,,,,,,,,,,,,,,,,,,,,,,,,,,,,,,,,,,,,,,,,,,,,,,,,,,,,,,,,,,,,,,,,,,,,,,,,,,,,,,,,,,,,,,,,,,,,,,,,,,,,,,,,,,,,,,,,,,,,,,,,,,,,,,,,,,,,,,,,,,,,,,,,,,,,,,,,,,,,,,,,,,,,,,,,,,,,,,,,,,,,,,,,,,,,,,*/ˌɛmbˈɔɾij/,,
R561,,,,,,,,,,,,,,,,,,,,,,,,,,,,,,,,,,,,,,,,,,,,,,,,,,,,,,,,,,,,,,,,,,,,,,,,,,,,,,,,,,,,,,,,,,,,,,,,,,,,,,,,,,,,,,,,,,,,,,,,,,,,,,,,,,,,,,,,,,,,,,,,,,,,,,,,,,,,,,,,,,,,,,,,,,,,,,,,,,,,,,,,*/ʃˈɛːlsə/,,,,,,,,,,,,,,,,,,,,,,,,,,,,,,,,,,,,,,,,,,,,,,,,,,,,,,,,,,,,,,,,,,,,,,,,,,,,,,,,,,,,,,,,,,,,,,,,,,,,,,,,,,,,,,,,,,,,,,,,,,,,,,,,,,,,,,,,,,,,,,,,,,,,,,,,,,,,,,,,,,,,,,,,,,,,,,,,,,,,,,,,,,,,,,,,,,,,,,,,,,,,,,,,,,,,,,,,,,,,,,,,,,,,,,,,,,,,,,,,,,,,,,,,,,,,,,,,,,,,,,,,,,,,,,,,,,,,,,,,,,,,,,,,,,,,,,,,,,,,,,,,,,,,,,,,,,,,,,,,,,,,
R562,,,,,,,,,,,,,,,,,,,,,,,,,,,,,,,,,,,,,,,,,,,,,,,,,,,,,,,,,,,,,,,,,,,,,,,,,,,,,,,,,,,,,,,,,,,,,,,,,,,,,,,,,*/ɡˌəlbˈaːzə/,,,,,,,,,,,,,,,,,,,,,,,,,,,,,,,,,,,,,,,,,,,,,,,,,,,,,,,,,,,,,,,,,,,,,,,,,,,,,,,,,,,,,,,,,,,,,,,,,,,,,,,,,,,,,,,,,,,,,,,,,,,,,,,,,,,,,,,,,,,,,,,,,,,,,,,,,,,,,,,,,,,,,,,,,,,,,,,,,,,,,,,,,,,,,,,,,,,,,,,,,,,,,,,,,,,,,,,,,,,,,,,,,,,,,,,,,,,,,,,,,,,,,,,,,,,,,,,,,,,,,,,,,,,,,,,,,,,,,,,,,,,,,,,,,,,,,,,,,,,,,,,,,,,,,,,,,,,,,,,,,,,,,,,,,,,,,,,,,,,,,,,,,,,,,,,,,,,,,,,,,,,,,,,,,,,,,,,,,,,,,,,,,,,,,,,,,,,,,,,,,,,
R563,,,,,,,,,,,,,,,,,,,,,,,,,,,,,,,,,,,,,,,,,,,,,,,,,,,,,,,,,,,,,,,,,,,,,,,,,,,,,,,,,,,,,,,,,,,,,,,,,,,,,,,,,,,,,,,,,,,,,,,,,,,,,,,,,,,,,,,,,,,,,,,,,,,,,,,,,,,,,,,,,,,,,,,,,,,,,,,,,,,,,,,,,,,,,,,,,,,,,,,,,,,,,,,,,,,,,,,,,,,,,,,,,,,,,,,,,,,,,,,,,,,,,,,,,,,,,,,,,,,,,,,,,,,,,,,,,,,,,,,,,,,,,,,,,,,,,,,,,,,,,,,,,,,,,,,,,,,,,,,,,,,,,,,,,,,,,,,,,,,,,,,,,,,,,,,,,,,,,,,,,,,,,,,,,,,,,,,,,,,,,,,,,,,,,,,,,,,,,,,,,,,,,,,,,,,,,,,,,,,,,,,,,,,,,,,,,,,,,,,,,,,,,,,,,,,,,,,,,,,,,,,,,,,,,,,,,,,,,,,,,,,,,,,,,,,,,,,,,,,,,,,,,,,,
R564,,,,,,,,,,,,,,,,,,,,,,,,,,,,,,,,,,,,,,,,,,,,,,,,,,,,,,,,,,,,,,,,,,,,,,,,,,,,,,,,,,,,,,,,,,,,,,,,,,,,,,,,,,*/ɡɾ̩hˈat/,,*/ɡɾ̩t͡ʃˈak/,,,,,,,,,,,,,,,,,,,,,,,,,,,,,,,,,,,,,,,,,,,,,,,,,,,,,,,,,,,,,,,,,,,,,,,,,,,,,,,,,,,,,,,,,,,,,,,,,,,,,,,,,,,,,,,,,,,,,,,,,,,,,,,,,,,,,,,,,,,,,,,,,,,,,,,,,,,,,,,,,,,,,,,,,,,,,,,,,,,,,,,,,,,,,,,,,,,,,,,,,,,,,,,,,,,,,,,,,,,,,,,,,,,,,,,,,,,,,,,,,,,,,,,,,,,,,,,,,,,,,,,,,,,,,,,,,,,,,,,,,,,,,,,,,,,,,,,,,,,,,,,,,,,,,,,,,,,,,,,,,,,,,,,,,,,,,,,,,,,,,,,,,,,,,,,,,,,,,,,,,,,,,,,,,,,,,,,,,,,,,,,,,,,,,,,,,,,,,,,,
R565,,,,,,,,,,,,,,,,,,,,,,,,,,,,,,,,,,,,,,,,,,,,,,,,,,,,,,,,,,,,,,,,,,,,,,,,,,,,,,,,,,,,,,,,,,,,,,,,,,,,,,,,,,,,,,,,,,,,,,,,,,,,,,,,,,,,,,,,,,,,,,,,,,,,,,,,,,,,,,,,,,,,,,,,,,,,,,,,,,,,,,,,,,,,,,,,,,,,,,,,,,,,,,,,,,,,,,,,,,,,,,,,,,,,,,,,,,,,,,,,,,,,,,,,,,,,,,,,,,,,,,,,,,,,,,,,,,,,,,,,,,,,,,,,,,,,,,,,,,,,,,,,,,,,,,,,,,,,,,,,,,,,,,,,,,,,,,,,,,,,,,,,,,,,,,,,,,,,,,,,,,,,,,,,,,,,,,,,,,,,,,,,,,,,,,,,,,,,,,,,,,,,,,,,,,,,,,,,,,,,,,,,,,,,,,,,,,,,,,,,,,,,,,,,,,,,,,,,,,,,,,,,,,,,,,,,,,,,,,,,,,,,,,,,,,,,,,,,,,,,,,,,,,,,
R566,,,,,,,,,,,,,,,,,,,,,,,,,,,,,,,,,,,,,,,,,,,,,,,,,,,,,,,,,,,,,,,,,,,,,,,,,,,,,,,,,,,,,,,,,,,,,,,,,,,,,,,,,,,,,,,,,,,,,,,,,,,,,,,,,,,,,,,,,,,,,,,,,,,,,,,,,,,,,,,,,,,,,,,,,,,,,,,,,,,,,,,,,,,,,,,,,,,,,,,,,,,,,,,,,,,,,,,,,,,,,,,,,,,,,,,,,,,,,,,,,,,,,,,,,,,,,,,,,,,,,,,,,,,,,,,,,,,,,,,,,,,,,,,,,,,,,,,,,,,,,,,,,,,,,,,,,,,,,,,,,,,,,,,,,,,,,,,,,,,,,,,,,,,,,,,,,,,,,,,,,,,,,,,,,,,,,,,,,,,,,,,,,,,,,,,,,,,,,,,,,,,,,,,,,,,,,,,,,,,,,,,,,,,,,,,,,,,,,,,,,,,,,,,,,,,,,,,,,,,,,,,,,,,,,,,,,,,,,,,,,,,,,,,,,,,,,,,,,,,,,,,,,,,,
R567,,,,,,,,,,,,,,,,,,,,,,,,,,,,,,,,,,,,,,,,,,,,,,,,,,,,,,,,,,,,,,,,,,,,,,,*/kˈɔt͡sə/,,,,,,,,,,,,,,,,,,,,,,,,,,,,,,,,,,,,,,,,,,,,,,,,,,,,,,,,,,,,,,,,,,,,,,,,,,,,,,,,,,,,,,,,,,,,,,,,,,,,,,,,,,,,,,,,,,,,,,,,,,,,,,,,,,,,,,,,,,,,,,,,,,,,,,,,,,,,,,,,,,,,,,,,,,,,,,,,,,,,,,,,,,,,,,,,,,,,,,,,,,,,,,,,,,,,,,,,,,,,,,,,,,,,,,,,,,,,,,,,,,,,,,,,,,,,,,,,,,,,,,,,,,,,,,,,,,,,,,,,,,,,,,,,,,,,,,,,,,,,,,,,,,,,,,,,,,,,,,,,,,,,,,,,,,,,,,,,,,,,,,,,,,,,,,,,,,,,,,,,,,,,,,,,,,,,,,,,,,,,,,,,,,,,,,,,,,,,,,,,,,,,,,,,,,,,,,,,,,,,,,,,,,,,,,,,,,,,,
R568,,,,,,,,,,,,,,,,,,,,,,,,,,,,,,,,,,,,,,,,,,,*/kˌə̃mˈiːt͡sə/,,,,,,,,,,,,,,,,,,,,,,,,,,,,,,,,,,,,,,,,,,,,,,,,,,,,,,,,,,,,,,,,,,,,,,,,,,,,,,,,,,,,*/ɡlˠˌaːvˈĩnə/,,,,,,,,,,,,,,,,,,,,,,,,,,,,,,,,,,,,,,,,,,,,,,,,,,,,,,,,,,,,,,,,,,,,,,,*/ʃtɾ̩mˈɛ̃n/,,,,,,,,,,,,,,,,,,,,,,,,,,,,,,,,,,,,,,,,,,,,,,,,,*/dɾˈɔmt͡sə/,,,,,,,,,,,,,,,,,,,,,,,,,,,*/skɾˈɔmə/,,,,,,,,,,,,,,,,,,,,,,,,,,,,,,,,,,,,,,,,,,,,,,,,,,,,,,,,,,,,,,,,,,,,,,,,,,,,,,,,,,,,,,,,,,,,,,,,,,,,,,,,,,,,,,,,,,,,,,,,,,,,,,,,,,,,,,,,,,,,,,,,,,,,,,,,,,,,,,,,,,,,,,,,,,,,,,,,,,,,,,,,,,,*/vɾ̩mˈik/,,,,,,,,,,,,,,,,,,,,,,,,,,,,,,,,,,,,,,,,,,,,,,,
=Proto-Tosk,null*/ˌaɾɡˈɔvə/,null*/ˌaɾkˈitə/,null*/ˌaɾdɛnˈit͡sə/,null*/ˌavˈit/,null*/hˌaɾˌabˈɛːl/,null*/hˌabˈit/,null*/hˌitˈat/,null*/hˌɔɾmˈɔvə/,null*/hˈɔːɾə/,null*/hˌukˈat/,null*/jˌaɾˈinə/,null*/jˌaɾˈua̯/,null*/jˈaːz/,null*/jˈaɾm/,null*/jˈɛzɾ̩/,null*/jˈuɡ/,null*/jˈud/,null*/ˈiskɾ̩/,null*/ˈivə/,null*/ˌɔkˈitə/,null*/ˌɔːɡɾˈaːʎə/,null*/ˌɔtˈavə/,null*/ˌɔːɾˌə̃ndˈi/,null*/ˌɔbɾˈɔk/,null*/ˌɔpˈə̃ɲ̈ɡə/,null*/ˌɔbˈɔɾ/,null*/ˌɔblˈə̃ɲ̈ɡ/,null*/ˈɔiʃtə/,null*/kˌat͡ʃuɾˈɛl/,null*/kˌat͡ʃˈul/,null*/kˌat͡ʃˈubə/,null*/kˌat͡ʃˈubl̩/,null*/kˌadˈit/,null*/kˌastɾavˈɛt͡s/,null*/kˌasnˈɛt͡s/,null*/kˌalibˈɔb/,null*/kˌalˈibə/,null*/kˌaɾˌavˈɛːlːə/,null*/kˌaɾˈit͡sə/,null*/kˌaɾˈutə/,null*/kˌaɾˈup/,null*/kˌapˈit/,null*/kˌə̃mˈiːt͡sə/,null*/kˈat͡ʃ/,null*/kɾ̩sˈat/,null*/kɾ̩sˈũː/,null*/kɾ̩bˈat͡ʃ/,null*/kˌapˈuːʎə/,null*/kˌə̃mˈiːʃt/,null*/kˈəlˠk/,null*/kˈə̃nd/,null*/kˈəɾs/,null*/kˈəɾpə/,null*/kˌɔsˈit/,null*/kˌɔsˈɔɾ/,null*/kˌɔðɾˈand/,null*/kˌɔnkˈɔl/,null*/kˌalˈɛːʃkə/,null*/kˌɔlˈibə/,null*/kˌɔɾˈit/,null*/kˌɔɾˈitə/,null*/kˌɔɾˈubə/,null*/kˌɔpˈit͡sə/,null*/kˌɔpˈil/,null*/kˌɔpɾˈə̃nskə/,null*/kˌɔvˈat͡ʃ/,null*/kˈɔl/,null*/kˈɔʃ/,null*/kˈɔst/,null*/kˈɔːz?0t͡sə/,null*/kˈɔt͡sə/,null*/kˈɔs/,null*/kˈɔsə/,null*/kˈɔstɾ̩/,null*/kˈɔɾə/,null*/kˈɔɾt͡ʃə/,null*/kˈaːɾðə/,null*/kˈɔpɾ̩/,null*/kˈɔb/,null*/klˠˌaːpˈit/,null*/kˈaːlˠpə/,null*/kˌɔlˠt͡ʃˈit/,null*/kˌukˈat/,null*/kˌuʃˈɔːvə/,null*/kˌɔlˠˈat͡ʃ/,null*/kˌuːpəlːˈik/,null*/kˈukə/,null*/kˈuːt͡ʃ/,null*/kˈut/,null*/kˈuːlˠə/,null*/kˈəlbə/,null*/kˈuɾvə/,null*/kˈum/,null*/kˈumə/,null*/kɾˌahˈit/,null*/kɾˌahˈĩnə/,null*/ɡˌatˈuã̯ɲ/,null*/ɡˌalˈĩnə/,null*/ɡˌamˈit/,null*/ɡˈaj/,null*/ɡˈaːʎɡə/,null*/ɡˈaːlˠvə/,null*/ɡˈaːlə/,null*/ɡˌəlˠtˈit/,null*/ɡˌəlbˈaːzə/,null*/ɡɾ̩hˈat/,null*/ɡɾ̩kˈiɲə/,null*/ɡɾ̩t͡ʃˈak/,null*/ɡɾ̩dˈalˠə/,null*/ɡˌɔɾdˈɛːt͡s/,null*/ɡɾ̩dˈit/,null*/ɡɾ̩ðˈit/,null*/ɡɾ̩lˈaːs/,null*/ɡɾ̩lˈit͡sə/,null*/ɡɾˌə̃mˈaðə/,null*/ɡɾˈək/,null*/ɡˈəɾt͡ʃ/,null*/ɡˈəɾbə/,null*/ɡˌɔdˈit/,null*/ɡˌɔstˈə̃nskə/,null*/ɡˌɔstˈit/,null*/ɡˌarˈiːt͡sə/,null*/ɡˌɔmˈilˠə/,null*/ɡˌɔmbˈɛl/,null*/ɡˈɔːzdə/,null*/ɡlˠˌaːnˈik/,null*/ɡlˠˌaːvˈĩnə/,null*/ɡɾˌaʃˈinə/,null*/ɡɾˌadˈinə/,null*/ɡɾˌabˈit/,null*/ɡɾˈadə/,null*/ɡɾ̩bˈaʃ/,null*/ɡˈɔɾʃ/,null*/ɡɾˈɔːzdl̩/,null*/ɡɾˈuʃt/,null*/lˠˌapˈuːʃ/,null*/lˠˌapˈuːʃə/,null*/lˠˈaːʃkə/,null*/lˠˈaːst͡sə/,null*/lˠˈaːskə/,null*/lˠˈaːzɾ̩/,null*/lˠˈə̃ɲ̈ɡə/,null*/lˠˌɔmˈit/,null*/lˠˈɔːskə/,null*/lˠˈukə/,null*/ˌukɾˈajə/,null*/ˌudˈɔb/,null*/jˌunˈak/,null*/ˌulˈiʃtə/,null*/ˌuɾˈɔk/,null*/cˈɛ̃ʒnə/,null*/cɛsˈat/,null*/kʎˌɛpˈaːlˠə/,null*/kʎˈɛp/,null*/kʎˈyːt͡ʃ/,null*/ɡʎˌanˈit͡sə/,null*/ɡʎˌəmbɔt͡ʃˈaːɾ/,null*/ɟˌɛzdˈit/,null*/ɡʎˌɔmbɔt͡ʃˈaɾ/,null*/ɡʎˈɔbə/,null*/ɲˌuhˈat/,null*/t͡ʃˈas/,null*/t͡ʃˈaːfkə/,null*/t͡ʃˈam/,null*/t͡ʃərˈaːvə/,null*/t͡ʃˌɛtˈinə/,null*/t͡ʃˌɛlˈit/,null*/t͡ʃˌɛlnˈik/,null*/t͡ʃˈɛtə/,null*/t͡ʃˈɛlˠə/,null*/t͡ʃˈɛɾðə/,null*/t͡ʃˈir/,null*/t͡ʃˌɔɾnɔvˈɔdə/,null*/t͡ʃˌudˈit/,null*/t͡ʃˈukə/,null*/t͡ʃˈulˠə/,null*/t͡ʃˈudə/,null*/t͡ʃˈubə/,null*/ʃˌatˈɔrə/,null*/ʃˈakə/,null*/ʃˈɔːɾə/,null*/ʃˈap/,null*/ʃˈɛtkə/,null*/ʃˈɛːlsə/,null*/ʃˈɛ̃mbɾ̩/,null*/ʃˌiːtˈɔːvə/,null*/ʃˈipkə/,null*/ʃˈɛːs/,null*/ʃˈɔp/,null*/ʃkˌuːɾðˈɛːt͡s/,null*/ʃkˌɔːpˈit/,null*/ʃkɾˈap/,null*/ʃˌuʃˈiːt͡sə/,null*/ʃˌuplˈakə/,null*/ʃˈulˠə/,null*/ʃˈul/,null*/ʃkʎˈɔtə/,null*/ʃtɾ̩mˈɛ̃n/,null*/ʃtəpˈãːjə/,null*/ʃtəpˈə̃zə/,null*/ʃtəpə̃ɾ̃ˈɛːʃə/,null*/ʃtəpˈə̃ɾ̃/,null*/ʃtˈũɲə/,null*/ʃtɾˈaːzə/,null*/ʒˈɛɡ/,null*/ʒˌũmbˈinə/,null*/tɾ̩kˈat/,null*/tɾ̩pˈiːt/,null*/tˈə̃ɲ̈ɡə/,null*/tˈɛk/,null*/tˈis/,null*/tˈĩːnə/,null*/tˈinə/,null*/tˌɔt͡ʃˈiːlˠə/,null*/tˌɔt͡ʃˈit/,null*/tˌɔɾˈiʃtə/,null*/tˌɔɾˈua̯/,null*/tˌɔpˈil/,null*/tˈɔkə/,null*/tˈɔpɾ̩/,null*/tˌunt͡ʃˈan/,null*/tˈũɲə/,null*/tˈun/,null*/tɾˈap/,null*/tɾˈiʃ/,null*/tˈɛɾʃ/,null*/tɾˌɔndˈit/,null*/tɾˈɔhə/,null*/dˌaɾˈɔvə/,null*/dəʃnˈiːt͡sə/,null*/dˌɛltˈinə/,null*/dˌihˈat/,null*/dˈiɾə/,null*/dˈibɾ̩/,null*/dˈibr̩/,null*/dˌɔlˈinə/,null*/dˌɔbˈit/,null*/dˈɔjkə/,null*/dˈɔb/,null*/dˌũmbɾˈɛː/,null*/dˈũmbɾ̩/,null*/dɾˈaɡə/,null*/dɾˈə̃ɲ̈ɡ/,null*/dɾˌɛmˈit/,null*/dɾˌɔbˈit/,null*/dɾˈɔk/,null*/dɾˈɔmt͡sə/,null*/t͡sˌalˈik/,null*/t͡sˌaɾˈinə/,null*/t͡sˈaːɾə/,null*/t͡sˈaːɾbə/,null*/t͡sərˈiːlˠ/,null*/t͡sərˈik/,null*/t͡sˌɛnˈit/,null*/t͡sˈɛɾmə/,null*/t͡sˈitə/,null*/t͡sˈub/,null*/sˈaːjə/,null*/sˈɛnə/,null*/sˈabʎɛ/,null*/sˈɛlt͡sə/,null*/sˈɛɾə/,null*/sˈɛmbɾ̩/,null*/sˈilˠə/,null*/sˈiːt/,null*/sˈitə/,null*/sˈitkə/,null*/sˈitkə/,null*/sˌɔtˈinə/,null*/sˌɔndˈɔɲ/,null*/sˌɔvˈaʎkə/,null*/skˈɔɾə/,null*/skˌɔlˈupə/,null*/skɾˈɔmə/,null*/slˈɔɡ/,null*/sˌũndˈɔ̃ɲ/,null*/sˈuhə/,null*/sˈukulˠ/,null*/skʎˈɔtə/,null*/skʎˈuːfuɾ/,null*/stɾ̩kˈat/,null*/stɾ̩vˈit/,null*/stɾ̩vˈinə/,null*/stˈɛʎə/,null*/stˈɛp/,null*/stɾˈɛhə/,null*/stɾˈɔkə/,null*/stɾˈukə/,null*/stɾˈum/,null*/səmʎˈat/,null*/zˌabˈɛl/,null*/zˌabˈua̯/,null*/zˌə̃mbˈiːʃt/,null*/zˌə̃mblˈak/,null*/zˈə̃mʃə/,null*/zˈuːʃə/,null*/zbavˈit/,null*/zvˌaɾˈiːʃt/,null*/nˌɛɾˈə̃nd͡zə/,null*/nˌɛpˈəɾkə/,null*/nˌɛvˌɛɾˈit/,null*/nˌɛvˈɔʎə/,null*/nˈɛm/,null*/nˈɛmˌɛt͡s/,null*/nˌɔʒˈikə/,null*/nˈɔfkə/,null*/lˌaːkmˈi/,null*/lˌaʃˈɔːvə/,null*/lˌapˈuʃə/,null*/lˌabˈɔːvə/,null*/lˈaːkm̩/,null*/lˈatə/,null*/lˈab/,null*/ləɲ̈ɡ/,null*/lə̃ndˈĩnə/,null*/lˈə̃nt͡skə/,null*/lˌit͡ʃˈit/,null*/lˌɛːʃnˈiːt͡sə/,null*/lˌɛbɛtˈit/,null*/lˈɛhə/,null*/lˈaːʃə/,null*/lˈɛːʒɲə/,null*/lˈɛsə/,null*/lˈistkɾ̩/,null*/lˈɛʎə/,null*/lˈihə/,null*/lˈipə/,null*/lˌɔpˈatə/,null*/lˈɔɡ/,null*/lˈɔzə/,null*/lˌuhˈat/,null*/lˌuʒˈiː/,null*/lˈuːt͡ʃə/,null*/lˈutə/,null*/lˈuspə/,null*/ɾˌaɡˈaːl/,null*/ɾˌaðˈĩmə/,null*/vˌaɾbˈɛːt͡s/,null*/rˈaːvə/,null*/ɾˈaːfkə/,null*/ɾˈɛʒɡə/,null*/ɾˈɛ̃nd/,null*/ɾˌɔˈit/,null*/rəɡɔːvˈɛːskə/,null*/ɾˌɔtˈaɾ/,null*/ɾˌɔbɔtˈit/,null*/ɾˈɔj/,null*/ɾˈɔjkə/,null*/ɾˈɔɡə/,null*/ɾˈɔb/,null*/ɾˈunˌɛt͡s/,null*/ɾˌə̃ɲ̈ɡˈat/,null*/rəɡɔːzˈĩnə/,null*/rˌanˈit͡sə/,null*/rˌapˈat/,null*/rˈakʎɛ/,null*/rˈap/,null*/rˈaːfʃ/,null*/rəkˈajə/,null*/rəɡˈaːlˠə/,null*/ɾˈɛ̃ːskə/,null*/rəpˈak/,null*/rˈɔɡə/,null*/ɾˈaːsk/,null*/rˈũnə/,null*/pˌaʃnˈik/,null*/pˌatkˈua̯/,null*/pˌadˈit/,null*/pˈatə/,null*/pˌəɡˈə̃ɲ/,null*/pˌəɡˈə̃ɾ̃ə/,null*/pˌə̃ndˈaːɾ/,null*/pɾ̩kˈaːvə/,null*/pˌɛlˈɛnə/,null*/pˌɛlˈin/,null*/pˈɛk/,null*/pˌijavˈit͡sə/,null*/pˌihˈat/,null*/pˈiːʃkə/,null*/pˈiːrə/,null*/pˌɔʎˈak/,null*/pˌɔʎˈatə/,null*/pˌɔʎˈan/,null*/pˌɔtˈɛrə/,null*/pˌatkˈua̯/,null*/pˌɔstˈajə/,null*/pˌɔstˈat/,null*/pˌɔstɾˈɛhə/,null*/pˌɔnˈit/,null*/pˌɔɾˈɛ̃nd/,null*/pˌɔɾˌɔ̃sˈit/,null*/pˌɔːɾˈit/,null*/pˈɔtkə/,null*/plˠˌaʃˈit͡sə/,null*/plˠˈaz/,null*/plˠˈɔt͡ʃə/,null*/plˠˈɔːʃkə/,null*/plˠˈaːt͡skə/,null*/plˠˈɔskə/,null*/plˠˈuskə/,null*/pˌɔsˈulˠə/,null*/pˈuːrə/,null*/plˌaːʃnˈik/,null*/plˌivˈat/,null*/plˌɛnˈit͡sə/,null*/pəlˈɛ̃ɲ̈ɡə/,null*/plˈyːskə/,null*/pɾˈah/,null*/pɾˈisk/,null*/pɾˌɔndˈit/,null*/pˌɔbɾatˈim/,null*/bˌaɡətˈi/,null*/bˌatˈit/,null*/bˌaɾmˈɔːʃ/,null*/bˈac/,null*/bˈabə/,null*/bˌəɡˈatə/,null*/bɾ̩t͡ʃˈik/,null*/bɾ̩ʃnˈik/,null*/bɾ̩tˈat/,null*/bɾ̩zˈə̃ɾ̃ə/,null*/bɾ̩zˈɛʃtə/,null*/bˌɛlˈɛvə/,null*/bˌɛːlbˈiːt͡sə/,null*/bˌɛlvˈit͡sə/,null*/bˌɛɡɾˈat/,null*/bˈɛʎkə/,null*/bˈɛl/,null*/bˈɛlt͡sə/,null*/bˈɛɾk/,null*/bˌiːʃnˈiːt͡sə/,null*/bˌɛsˈɛdə/,null*/bˌistɾˈit͡sə/,null*/bˈiːsk/,null*/bˈistɾ̩/,null*/bˌɔɡˈɔvə/,null*/bˌɔɾˈikə/,null*/bˈɔlbə/,null*/bˌua̯lˠˈiːt͡sə/,null*/bˌulˈɔɡ/,null*/bˌut͡ʃˈat/,null*/bˌuʃtɾˈiːt͡sə/,null*/bˈua̯lˠ/,null*/bˈuːʃtɾ̩/,null*/blˈanə/,null*/bˌɛlˠˈuːʃ/,null*/blˈudə/,null*/blˈudə/,null*/bɾˈazdə/,null*/bɾˈanə/,null*/bɾˈavə/,null*/bɾˈɛɡ/,null*/bɾˈiːsk/,null*/bɾˈiːskə/,null*/hlˈaːð/,null*/vˌalˠkˈua̯/,null*/vˌəʃnˈik/,null*/vɾ̩tˈiːt/,null*/vɾ̩snˈik/,null*/vɾ̩vˈit/,null*/vɾ̩mˈik/,null*/vɾˈət͡ʃə/,null*/vˈɛɾstə/,null*/vˌɛlˈɛnd͡zə/,null*/vˈɛdɾ̩/,null*/vˌiɾˈua̯/,null*/vˈiʃɲə/,null*/vˈidɾ̩/,null*/vˈisk/,null*/vˈɔkulˠ/,null*/vˈalə/,null*/vˈɔbaɡ/,null*/vˌuɾkɔːlˠˈak/,null*/vɾˈə̃ɾ̃/,null*/vɾˈul/,null*/vəɾˈaɡə/,null*/mˌahnˈit/,null*/mˌaːtˈukə/,null*/mˌaɾˈɛnə/,null*/mˈak/,null*/mˈat͡ʃə/,null*/mˈatkə/,null*/mˈat͡sə/,null*/mˈazə/,null*/mˌəɡˈuːlˠə/,null*/mɾ̩ʃˈĩnə/,null*/mɾ̩zˈit/,null*/mɾ̩məɾˈit/,null*/mˌɛtˈalɛ/,null*/mˈɛlˠə/,null*/mˈɛɾə/,null*/mˌiːlˈĩɲ̈ɡə/,null*/mˈitə/,null*/mˌɔtɔvˈilɛ/,null*/mˌɔlːˈikə/,null*/mˌɔlˈit/,null*/mˌɔlˈit͡sə/,null*/mˌɔɾˈat͡ʃə/,null*/mˌɔɾˌɔvˈiːt͡sə/,null*/mˌɔɾɔvˈinə/,null*/mˌɔɾnˈit͡sə/,null*/mˈɔl/,null*/mˈɔɾə/,null*/mˌuʒˈə̃nskə/,null*/mˈuzɡə/,null*/ˌɛmbˈɔɾij/,null*/ə̃mbəhˈat/,null*/ə̃mbɾˈaːzn̩/
R569,,,,,,,,,,,,,,,,,,,,,,,*/ˌɔːɾˌəndˈi/,,,,,,,,,,,,,,,,,,,,*/kˌəmˈiːt͡sə/,,,,,,*/kˌəmˈiːʃt/,,,,,,,,,,,,,,,,,,,,,,,,,,,,,,,,,,,,,,,,,,,,,,,,,,,,,,,,,,,,,,,,,,*/ɡɾˌəmˈaðə/,,,,,,,,,,,,,,,,,,,,,,,,,,,,,,,,,,,,,,,,,,,,,,,,,,,,,,,,,,,,,,,,,,,,,,,,,,,,,,,,,,,,,,*/ʃtəpəɾ̃ˈɛːʃə/,,,,,*/ʒˌumbˈinə/,,,,,,,,,,,,,,,,,,,,,,,,,,,,,,,,,,*/dˌumbɾˈɛː/,,,,,,,,,,,,,,,,,,,,,,,,,,,,,,,,,,,,*/sˌundˈɔ̃ɲ/,,,,,,,,,,,,,,,,,*/zˌəmbˈiːʃt/,*/zˌəmblˈak/,,,,,,,,,,,,,,,,,,,,,*/ləndˈĩnə/,,,,,,,,,,,,,,,,,,,,,,,,,,,,,,,,,,,,,*/ɾˌəɲ̈ɡˈat/,,,,,,,,,,,,,,,,,,,,*/pˌəndˈaːɾ/,,,,,,,,,,,,,,,,,,,*/pˌɔɾˌɔsˈit/,,,,,,,,,,,,,,,,,,,,,,,,,,,,,,,,,,,,,,,,,,,,,,,,,,,,,,,,,,,,,,,,,,,,,,,,,,,,,,,,,,,,,,,,,,,,,,,,,,,,,,,,,,,,,,,,,,,,*/əmbəhˈat/,*/əmbɾˈaːzn̩/
R570,,,,,,,,,,,,,,,,,,,,,,,,,,,,,,,,,,,,,,,,,,,,,*/kɾ̩t͡sˈat/,*/kɾ̩t͡sˈũː/,,,,,,*/kˈəɾt͡s/,,,,,,,,,,,,,,,,,,,,,,,,,,,,,,,,,,,,,,,,,,,,,,,,,,,,,,,,,,,,,,,,,,,,,,,,,,,,,,,,,,,,,,,,,,,,,,,,,,,,,,,,,,,,,,,,,,,,,,,,,,,,,,,,,,,,,,,,,,,,,,,,,,,,,,,,,,,,,,,,,,,,,,,,,,,,,,,,,,,,,,,,,,,,,,,,,,,,,,,,,,,,,,,,,,,,,,,,,,,,,,,,,,,,,,,,,,,,,,,,,,,,,,,,,,,,,,,,,,,,,,,,,,,,,,,,,,,,,,,,,,,,,,,,,,,,,,,,,,,,,,,,,,,,,,,,,,,,,,,,,,,,,,,,,,,,,,,,,,,,,,,,,,,,,,,,,,,,,,,,,,,,,,,,,,,,,,,,,,,,,,,,,,,,,,,,,,,,,,,,,,,,,,,,,,,,,,,,,,,,,,,,,,,,,,,,,,,,,,,,,,,,,,,,,,,,,,,,
R571,,,,,,,,,,,,,,,,,,,,,,,,,,,,,,,,,,,,,,,,,,,,,,,,,,,,,,,,,,,,,,,,,*/kˌɔpɾˈə̃nt͡skə/,,,,,,,,,,,,,,,,,,,,,,,,,,,,,,,,,,,,,,,,,,,,,,,,,,,,,,,*/ɡˌɔstˈə̃nt͡skə/,,,,,,,,,,,,,,,,,,,,,,,,,,,,,,,,,,,,,,,,,,,,,,,,,,,,,,,,,,,,,,,,*/ʃˈɛːlt͡sə/,,,,,,,,,,,,,,,,,,,,,,,,,,,,,,,,,,,,,,,,,,,,,,,,,,,,,,,,,,,,,,,,,,,,,,,,,,,,,,,,,,,,,,,,,,,,,,,,,,,,,,,,,,,,,,,*/zˈə̃mt͡ʃə/,,,,,,,,,,,,,,,,,,,,,,,,,,,,,,,,,,,,,,,,,,,,,,,,,,,,,,,,,,,,,,,,,,*/ɾˈɛ̃ːt͡skə/,,,,,,,,,,,,,,,,,,,,,,,,,,,,,,,,,,,,,,,,,,,,,,,,,,,,,,,,,,,,,,,,,,,,,,,,,,,,,,,,,,,,,,,,,,,,,,,,,,,,,,,,,,,,,,,,,,,,,,,,,,,,,,,,,,,,,,,,,,,,,,,*/mˌuʒˈə̃nt͡skə/,,,,
R572,,,,,,,,,,,,,,,,,,,,,,,,,*/ˌɔpˈəɲ̈ɡə/,,*/ˌɔblˈəɲ̈ɡ/,,,,,,,,,,,,,,,,,,,*/kɾ̩t͡sˈuː/,,,,,*/kˈənd/,,,,,,,,,,,,,,*/kˌɔpɾˈənt͡skə/,,,,,,,,,,,,,,,,,,,,,,,,,,,,,,,*/kɾˌahˈinə/,*/ɡˌatˈua̯ɲ/,*/ɡˌalˈinə/,,,,,,,,,,,,,,,,,,,,,,*/ɡˌɔstˈənt͡skə/,,,,,,,*/ɡlˠˌaːvˈinə/,,,,,,,,,,,,,,,*/lˠˈəɲ̈ɡə/,,,,,,,,,*/cˈɛʒnə/,,,,,,,,,,,,,,,,,,,,,,,,,,,,,,,,,,*/ʃˈɛmbɾ̩/,,,,,,,,,,,,,*/ʃtɾ̩mˈɛn/,*/ʃtəpˈaːjə/,*/ʃtəpˈəzə/,,*/ʃtəpˈəɾ̃/,*/ʃtˈuɲə/,,,,,,*/tˈəɲ̈ɡə/,,,*/tˈiːnə/,,,,,,,,,,*/tˈuɲə/,,,,,,,,,,,,,,,,,,,*/dˈumbɾ̩/,,*/dɾˈəɲ̈ɡ/,,,,,,,,,,,,,,,,,,,,,,,,,,,,,,,,,*/sˌundˈɔɲ/,,,,,,,,,,,,,,,,,,,*/zˈəmt͡ʃə/,,,,*/nˌɛɾˈənd͡zə/,,,,,,,,,,,,,,,,*/ləndˈinə/,*/lˈənt͡skə/,,,,,,,,,,,,,,,,,,,,,*/ɾˌaðˈimə/,,,,,*/ɾˈɛnd/,,,,,,,,,,,*/rəɡɔːzˈinə/,,,,,,,,*/ɾˈɛːt͡skə/,,,,*/rˈunə/,,,,,*/pˌəɡˈəɲ/,*/pˌəɡˈəɾ̃ə/,,,,,,,,,,,,,,,,,,,*/pˌɔɾˈɛnd/,,,,,,,,,,,,,,,,*/pəlˈɛɲ̈ɡə/,,,,,,,,,,,,,,,*/bɾ̩zˈəɾ̃ə/,,,,,,,,,,,,,,,,,,,,,,,,,,,,,,,,,,,,,,,,,,,,,,,,,,,,,*/vɾˈəɾ̃/,,,,,,,,,,,,*/mɾ̩ʃˈinə/,,,,,,*/mˌiːlˈiɲ̈ɡə/,,,,,,,,,,,,*/mˌuʒˈənt͡skə/,,,,
R573,,,,,,,,,,,,,,,,,,,,,,,*/ˌɔːɾəndˈi/,,,,,,,,,,,,,,,,,,,,*/kəmˈiːt͡sə/,,,,,,*/kəmˈiːʃt/,,,,,,,,,,,,,,,,,,,,,,,,,,,,,,,,,,,,,,,,,,,,,,,,,,,,,,,*/ɡəlˠtˈit/,*/ɡəlbˈaːzə/,,,,,,,,,,*/ɡɾəmˈaðə/,,,,,,,,,,,,,,,,,,,,,,,,,,,,,,,,,,,,,,,,,,*/ɡʎəmbɔt͡ʃˈaːɾ/,,,,,,,,,,,,,,,,,,,,,,,,,,,,,,,,,,,,,,,,,,,,,,,,,,,,,,,,,,,,,,,,,,,,,,,,,,,,,,,,,,,,,,,,,,,,,,,,,,,,,,,,,,,,,,,,,,,,,,,,,,,,,,,,,,,,,,,,*/zəmbˈiːʃt/,*/zəmblˈak/,,,,,,,,,,,,,,,,,,,,,,,,,,,,,,,,,,,,,,,,,,,,,,,,,,,,,,,,,,*/ɾəɲ̈ɡˈat/,,,,,,,,,,,,,,,,,,*/pəɡˈəɲ/,*/pəɡˈəɾ̃ə/,*/pəndˈaːɾ/,,,,,,,,,,,,,,,,,,,,,,,,,,,,,,,,,,,,,,,,,,,,,*/bəɡˈatə/,,,,,,,,,,,,,,,,,,,,,,,,,,,,,,,,,,,,,,,,*/vəʃnˈik/,,,,,,,,,,,,,,,,,,,,,,,,,,,,*/məɡˈuːlˠə/,,,,,,,,,,,,,,,,,,,,,,,
R574,,,,,,,,,,,,,,,,,,,,,,,,,,,,,,,,,,,,,,,,,,,,,,,,,,,,,,,,,,,,,,,,,,,,,,,,,,,,,,,,,,,,,,,,,,,,,,,,,,,,,,,,,,,,,,,,,,,,,,,,,,,,,,,,,,,,,,,,,,,,,,,,,,,,,,,,,,,,,,,,,,,,,,,,,,,,,,,,,,,,,,,,,,,,,,,,,,,,,,,,,,,,,,,,,,,,,,,,,,,,,,,,,,,,,,,,,,,,,,,,,,,,,,,,,,,,,,,,,,,,,,,,,,,,,,,,,,,,,,,,,,,,,,,,,,,,,,,,,,,,,,,,,,,,,,,,,,,,,,,,,,,,,,,,,,,,,,,,,,,,,,,,,,,,,,,,,,,,,,,,,,,,,,,,,,,,,,,,,,,,,,,,,,,,,,,,,,,,,,,,,,,,,,,,,,,,,,,,,,,,,,,,,,,,,,,,,,,,,,,,,,,,,,,,,,,,,,,,,,,,,,,,,,,,,,,,,,,,,,,,,,,,,,,,,,,,,,,,,,,,,,,,,,,,
R575,,,,,,,,,,,,,,,,,,,,,,,,,,,,,,,,,,,,,,,,,,,,,,,,,,,,,,,,,,,,,,,,,,,,,,,,,,,,,,,,,,,,,,,,,,,,,,,,,,,,,,,,,,,,,,,,,,,,,,,,,,,,,,,,,,,,,,,,,,,,,,,,,,,,,,,,,,,,,,,,,,,,,,,,,,,,,,,,,,,,,,,,,,,,,,,,,,,,,,,,,*/ʃtəpəɾˈɛːʃə/,*/ʃtəpˈəɾ/,,,,,,,,,,,,,,,,,,,,,,,,,,,,,,,,,,,,,,,,,,,,,,,,,,,,,,,,,,,,,,,,,,,,,,,,,,,,,,,,,,,,,,,,,,,,,,,,,,,,,,,,,,,,,,,,,,,,,,,,,,,,,,,,,,,,,,,,,,,,,,,,,,,,,,,,,,,,,,,,,,,,,,,,,*/pəɡˈəɾə/,,,,,,,,,,,,,,,,,,,,,,,,,,,,,,,,,,,,,,,,,,,,,,,,,,*/bɾ̩zˈəɾə/,,,,,,,,,,,,,,,,,,,,,,,,,,,,,,,,,,,,,,,,,,,,,,,,,,,,,*/vɾˈəɾ/,,,,,,,,,,,,,,,,,,,,,,,,,,,,,,,,,,
R576,,,,,,,,,,,,,,,,,,,,,,,,,,,,,,,,,,,,,,,,,,,,,,,,,,,,,,,,,,,,,,,,,,,,,,,,,,,,,,,,,,,,,,,,,,,,,,,,,,,,,,,,,,,,,,,,,,,,,,,,,,,,,,,,,,,,,,,,,,,,,,,,,,,,,,,,,,,,,,,,,,,,,,,,,,,,,,,,,,,,,,,,,,,,,,,,,,,,,,,,,*/ʃtəpɾˈɛːʃə/,,,,,,,,,,,,,,,,,,,,,,,,,,,,,,,,,,,,,,,,,,,,,,,,,,,,,,,,,,,,,,,,,,,,,,,,,,,,,,,,,,,,,,,,,,,,,,,,,,,,,,,,,,,,,,,,,,,,,,,,,,,,,,,,,,,,,,,,,,,,,,,,,,,,,,,,,,,,,,,,,,,,,,,,,,,,,,,,,,,,,,,,,,,,,,,,,,,,,,,,,,,,,,,,,,,,,,,,,,,,,,,,,,,,,,,,,,,,,,,,,,,,,,,,,,,,,,,,,,,,,,,,,,,,,,,,,,,,,,,,,,,,,,,,,,,,,,,,,,,,,,,,,,,
R577,,,,,,,,,,,,,,,,,,,,,,,,,,,,,,,,,,,,,,,,,,,,,,,,,,,,,,,,,,,,,,,,,,,,,,,,,,,,,,,,,,,,,,,,,,,,,,,,,,,,,,,,,,,,,,,,,,,,,,,,,,,,,,,,,,,,,,,,,,,,,,,,,,,,,,,,,,,,,,,,,,,,,,,,,,,,,,,,,,,,,,,,,,,,,,,,,,,,,,,,,,,,,,,,,,,,,,,,,,,,,,,,,,,,,,,,,,,,,,,,,,,,,,,,,,,,,,,,,,,,,,,,,,,,,,,,,,,,,,,,,,,,,,,,,,,,,,,,,,,,,,,,,,,,,,,,,,,,,,,,,,,,,,,,,,,,,,,,,,,,,,,,,,,,,,,,,,,,,,,,,,,,,,,,,,,,,,,,,,,,,,,,,,,,,,,,,,,,,,,,,,,,,,,,,,,,,,,,,,,,,,,,,,,,,,,,,,,,,,,,,,,,,,,,,,,,,,,,,,,,,,,,,,,,,,,,,,,,*/vɾˈaɡə/,,,,,,,,,,,,,,,,,,,,,,,,,,,,,,,,
R578,*/aɾɡˈɔvə/,*/aɾkˈitə/,*/aɾdɛnˈit͡sə/,*/avˈit/,*/haɾabˈɛːl/,*/habˈit/,*/hitˈat/,*/hɔɾmˈɔvə/,,*/hukˈat/,*/jaɾˈinə/,*/jaɾˈua̯/,,,,,,,,*/ɔkˈitə/,*/ɔːɡɾˈaːʎə/,*/ɔtˈavə/,*/ɔːɾəndˈi/,*/ɔbɾˈɔk/,*/ɔpˈəɲ̈ɡə/,*/ɔbˈɔɾ/,*/ɔblˈəɲ̈ɡ/,,*/kat͡ʃuɾˈɛl/,*/kat͡ʃˈul/,*/kat͡ʃˈubə/,*/kat͡ʃˈubl̩/,*/kadˈit/,*/kastɾavˈɛt͡s/,*/kasnˈɛt͡s/,*/kalibˈɔb/,*/kalˈibə/,*/kaɾavˈɛːlːə/,*/kaɾˈit͡sə/,*/kaɾˈutə/,*/kaɾˈup/,*/kapˈit/,,,,,,*/kapˈuːʎə/,,,,,,*/kɔsˈit/,*/kɔsˈɔɾ/,*/kɔðɾˈand/,*/kɔnkˈɔl/,*/kalˈɛːʃkə/,*/kɔlˈibə/,*/kɔɾˈit/,*/kɔɾˈitə/,*/kɔɾˈubə/,*/kɔpˈit͡sə/,*/kɔpˈil/,*/kɔpɾˈənt͡skə/,*/kɔvˈat͡ʃ/,,,,,,,,,,,,,,*/klˠaːpˈit/,,*/kɔlˠt͡ʃˈit/,*/kukˈat/,*/kuʃˈɔːvə/,*/kɔlˠˈat͡ʃ/,*/kuːpəlːˈik/,,,,,,,,,*/kɾahˈit/,*/kɾahˈinə/,*/ɡatˈua̯ɲ/,*/ɡalˈinə/,*/ɡamˈit/,,,,,,,,,,,*/ɡɔɾdˈɛːt͡s/,,,,,,,,,*/ɡɔdˈit/,*/ɡɔstˈənt͡skə/,*/ɡɔstˈit/,*/ɡarˈiːt͡sə/,*/ɡɔmˈilˠə/,*/ɡɔmbˈɛl/,,*/ɡlˠaːnˈik/,*/ɡlˠaːvˈinə/,*/ɡɾaʃˈinə/,*/ɡɾadˈinə/,*/ɡɾabˈit/,,,,,,*/lˠapˈuːʃ/,*/lˠapˈuːʃə/,,,,,,*/lˠɔmˈit/,,,*/ukɾˈajə/,*/udˈɔb/,*/junˈak/,*/ulˈiʃtə/,*/uɾˈɔk/,,,*/kʎɛpˈaːlˠə/,,,*/ɡʎanˈit͡sə/,,*/ɟɛzdˈit/,*/ɡʎɔmbɔt͡ʃˈaɾ/,,*/ɲuhˈat/,,,,,*/t͡ʃɛtˈinə/,*/t͡ʃɛlˈit/,*/t͡ʃɛlnˈik/,,,,,*/t͡ʃɔɾnɔvˈɔdə/,*/t͡ʃudˈit/,,,,,*/ʃatˈɔrə/,,,,,,,*/ʃiːtˈɔːvə/,,,,*/ʃkuːɾðˈɛːt͡s/,*/ʃkɔːpˈit/,,*/ʃuʃˈiːt͡sə/,*/ʃuplˈakə/,,,,,,,,,,,,*/ʒumbˈinə/,,,,,,,,*/tɔt͡ʃˈiːlˠə/,*/tɔt͡ʃˈit/,*/tɔɾˈiʃtə/,*/tɔɾˈua̯/,*/tɔpˈil/,,,*/tunt͡ʃˈan/,,,,,,*/tɾɔndˈit/,,*/daɾˈɔvə/,,*/dɛltˈinə/,*/dihˈat/,,,,*/dɔlˈinə/,*/dɔbˈit/,,,*/dumbɾˈɛː/,,,,*/dɾɛmˈit/,*/dɾɔbˈit/,,,*/t͡salˈik/,*/t͡saɾˈinə/,,,,,*/t͡sɛnˈit/,,,,,,,,,,,,,,,*/sɔtˈinə/,*/sɔndˈɔɲ/,*/sɔvˈaʎkə/,,*/skɔlˈupə/,,,*/sundˈɔɲ/,,,,,,,,,,,,,,,*/zabˈɛl/,*/zabˈua̯/,,,,,,*/zvaɾˈiːʃt/,*/nɛɾˈənd͡zə/,*/nɛpˈəɾkə/,*/nɛvɛɾˈit/,*/nɛvˈɔʎə/,,*/nˈɛmɛt͡s/,*/nɔʒˈikə/,,*/laːkmˈi/,*/laʃˈɔːvə/,*/lapˈuʃə/,*/labˈɔːvə/,,,,,,,*/lit͡ʃˈit/,*/lɛːʃnˈiːt͡sə/,*/lɛbɛtˈit/,,,,,,,,,*/lɔpˈatə/,,,*/luhˈat/,*/luʒˈiː/,,,,*/ɾaɡˈaːl/,*/ɾaðˈimə/,*/vaɾbˈɛːt͡s/,,,,,*/ɾɔˈit/,,*/ɾɔtˈaɾ/,*/ɾɔbɔtˈit/,,,,,*/ɾˈunɛt͡s/,,,*/ranˈit͡sə/,*/rapˈat/,,,,,,,,,,,*/paʃnˈik/,*/patkˈua̯/,*/padˈit/,,,,,,*/pɛlˈɛnə/,*/pɛlˈin/,,*/pijavˈit͡sə/,*/pihˈat/,,,*/pɔʎˈak/,*/pɔʎˈatə/,*/pɔʎˈan/,*/pɔtˈɛrə/,*/patkˈua̯/,*/pɔstˈajə/,*/pɔstˈat/,*/pɔstɾˈɛhə/,*/pɔnˈit/,*/pɔɾˈɛnd/,*/pɔɾɔsˈit/,*/pɔːɾˈit/,,*/plˠaʃˈit͡sə/,,,,,,,*/pɔsˈulˠə/,,*/plaːʃnˈik/,*/plivˈat/,*/plɛnˈit͡sə/,,,,,*/pɾɔndˈit/,*/pɔbɾatˈim/,*/baɡətˈi/,*/batˈit/,*/baɾmˈɔːʃ/,,,,,,,,,*/bɛlˈɛvə/,*/bɛːlbˈiːt͡sə/,*/bɛlvˈit͡sə/,*/bɛɡɾˈat/,,,,,*/biːʃnˈiːt͡sə/,*/bɛsˈɛdə/,*/bistɾˈit͡sə/,,,*/bɔɡˈɔvə/,*/bɔɾˈikə/,,*/bua̯lˠˈiːt͡sə/,*/bulˈɔɡ/,*/but͡ʃˈat/,*/buʃtɾˈiːt͡sə/,,,,*/bɛlˠˈuːʃ/,,,,,,,,,,*/valˠkˈua̯/,,,,,,,,*/vɛlˈɛnd͡zə/,,*/viɾˈua̯/,,,,,,,*/vuɾkɔːlˠˈak/,,,,*/mahnˈit/,*/maːtˈukə/,*/maɾˈɛnə/,,,,,,,,,,*/mɛtˈalɛ/,,,*/miːlˈiɲ̈ɡə/,,*/mɔtɔvˈilɛ/,*/mɔlːˈikə/,*/mɔlˈit/,*/mɔlˈit͡sə/,*/mɔɾˈat͡ʃə/,*/mɔɾɔvˈiːt͡sə/,*/mɔɾɔvˈinə/,*/mɔɾnˈit͡sə/,,,*/muʒˈənt͡skə/,,*/ɛmbˈɔɾij/,,
R579,,,,,,,,,,,,,,,,,,,,,,,,,,,,,,,,,,,,,,,,,,,,,,,,,,,,,,,,,,,,,,,,,,,,,,,,,,,,,,,,,,,,,,,,,,,,,,,,,,,,,,,,,,,,,,,,,,,,,,,,,,,,,,,,,,,,,,,,,,,,,,,,,,,,,,,,,,,,,,,,,,,,,,,,,,,,,,,,,,,,,,,,,,,,,,,,,,,,,,,,,,,,,,,,,,,,,,,,,,,,,,,,,,,,,,,,,,,,,,,,,,,,,,,,,,,,,,,,,,,,,,,,,,,,,,,,,,,,,,,,,,,,,,,,,,,,,,,,,,,,,,,,,,,,,,,,,,,,,,,,,,,,,,,,,,,,,,,,,,,,,,,,,,,,,,,,,,,,,,,,,,,,,,,,,,,,,,,,,,,,,,,,,,,,,,,,,,,,,,,,,,,,,,,,,,,,,,,,,,,,,,,,,,,,,,,,,,,,,,,,,,,,,,,,,,,,,,,,,,,,,,,,,,,,,,,,,,,,,,,,,,,,,,,,,,,,,,,,,,,,,,,,,,,,
R580,,,,,,,,,,,,,,,,,,,,,,,,,,,,,,,,,,,,,,,,,,,,,,,,,,,,,,,,,,,,,,,,,,,,,,,,,,,,,,,,,,,,,,,,,,,,,,,,,,,,,,,,,,,,,,,,,,,,,,,,,,,,,,,,,,,,,,,,,,,,,,,,,,,,,,,,,,,,,,,,,,,,,,,,,,,,,,,,,,,,,,,,,,,,,,,,,,,,,,,,,,,,,,,,,,,,,,,,,,,,,,,,,,,,,,,,,,,,,,,,,,,,,,,,,,,,,,,,,,,,,,,,,,,,,,,,,,,,,,,,,,,,,,,,,,,,,,,,,,,,,,,,,,,,,,,,,,,,,,,,,,,,,,,,,,,,,,,,,,,,,,,,,,,,,,,,,,,,,,,,,,,,,,,,,,,,,,,,,,,,,,,,,,,,,,,,,,,,,,,,,,,,,,,,,,,,,,,,,,,,,,,,,,,,,,,,,,,,,,,,,,,,,,,,,,,,,,,,,,,,,,,,,,,,,,,,,,,,,,,,,,,,,,,,,,,,,,,,,,,,,,,,,,*/mbˈɔɾij/,*/mbəhˈat/,*/mbɾˈaːzn̩/
R581,,,,,,,,,,,,,,,,,,,,,,,,,,,,,,,,,,,,,,,,,,,,,,,,,,,,,,,,,,,,,,,,,,,,,,,,,,,,,,,,,,,,,,,,,,,,,,,,,,,,,,,,,,,,,,,,,,,,,,,,,,,,,,,,,,,,,,,,,,,,,,,,,,,,,,,,,,,,,,,,,,,,,,,,,,,,,,,,,,,,,,,,,,,,,,,,,,,,,,,,,,,,,,,,,,,,,,,,,,,,,,,,,,,,,,,,,,,,,,,,,,,,,,,,,,,,,,,,,,,,,,,,,,,,,,,,,,,,,,,,,,,,,,,,,,,,,,,,,,,,,,,,,,,,,,,,,,,,,,,,,,,,,,,,,,,,,,,,,,,,,,,,,,,,,,,,,,,,,,,,,,,,,,,,,,,,,,,,,,,,,,,,,,,,,,,,,,,,,,,,,,,,,,,,,,,,,,,,,,,,,,,,,,,,,,,,,,,,,,,,,,,,,,,,,,,,,,,,,,,,,,,,,,,,,,,,,,,,,,,,,,,,,,,,,,,,,,,,,,,,,,,,,,,,
R582,,,,,,,,,,,,,,,,,,,,,,,,,,,,,,,,,,,,,,,,,,,,,,,,,,,,,,,,,,,,,,,,,,,,,,,,,,,,,,,,,,,,,,,,,,,,,,,,,,,,,,,,,,,,,,,,,,,,,,,,,,,,,,,,,,,,,,,,,,,,,,,,,,,,,,,,,,,,,,,,,,,,,,,,,,,,,,,,,,,,,,,,,,,,,,,,,,,,,,,,,,,,,,,,,,,,,,,,,,,,,,,,,,,,,,,,,,,,,,,,,,,,,,,,,,,,,,,,,,,,,,,,,,,,,,,,,,,,,,,,,,,,,,,,,,,,,,,,,,,,,,,,,,,,,,,,,,,,,,,,,,,,,,,,,,,,,,,,,,,,,,,,,,,,,,,,,,,,,,,,,,,,,,,,,,,,,,,,,,,,,,,,,,,,,,,,,,,,,,,,,,,,,,,,,,,,,,,,,,,,,,,,,,,,,,,,,,,,,,,,,,,,,,,,,,,,,,,,,,,,,,,,,,,,,,,,,,,,,,,,,,,,,,,,,,,,,,,,,,,,,,,,,,,,
R583,,,,,,,,,,,,,,,,,,,,,,,,,,,,,,,,,,,,,,,,,,,,,,,,,,,,,,,,,,,,,,,,,,,,,,,,,,,,,,,,,,,,,,,,,,,,,,,,,,,,,,,,,,,,,,,,,,,,,,,,,,,,,,,,,,,,,,,,,,,,,,,,,,,,,,,,,,,,,,,,,,,,,,,,,,,,,,,,,,,,,,,,,,,,,,,,,,,,,,,,,,,,,,,,,,,,,,,,,,,,,,,,,,,,,,,,,,,,,,,,,,,,,,,,,,,,,,,,,,,,,,,,,,,,,,,,,,,,,,,,,,,,,,,,,,,,,,,,,,,,,,,,,,,,,,,,,,,,,,,,,,,,,,,,,,,,,,,,,,,,,,,,,,,,,,,,,,,,,,,,,,,,,,,,,,,,,,,,,,,,,,,,,,,,,,,,,,,,,,,,,,,,,,*/plˈɛɲ̈ɡə/,,,,,,,,,,,,,,,,,,,,,,,,,,,,,,,,,,,,,,,,,,,,,,,,,,,,,,,,,,,,,,,,,,,,,,,,,,,,,,,,,,,,,,,,,,,,,,,,,,,,,,
R584,,,,,,,,,,,,,,,,,,,,,*/ɔːɡɾˈaːjə/,,,,,,,,,,,,,,,,,,,,,,,,,,,*/kapˈuːjə/,,,,,,,,,,,,,,,,,,,,,,,,,,,,,,,,,,,,,,,,,,,,,,,,,,,,,*/ɡˈaːjɡə/,,,,,,,,,,,,,,,,,,,,,,,,,,,,,,,,,,,,,,,,,,,,,,,,,,,,*/kjɛpˈaːlˠə/,*/kjˈɛp/,*/kjˈyːt͡ʃ/,*/ɡjanˈit͡sə/,*/ɡjəmbɔt͡ʃˈaːɾ/,,*/ɡjɔmbɔt͡ʃˈaɾ/,*/ɡjˈɔbə/,,,,,,,,,,,,,,,,,,,,,,,,,,,,,,,,,,,,,*/ʃkjˈɔtə/,,,,,,,,,,,,,,,,,,,,,,,,,,,,,,,,,,,,,,,,,,,,,,,,,,,,,,,,,,,,,,,*/sˈabjɛ/,,,,,,,,,,,*/sɔvˈajkə/,,,,,,,,*/skjˈɔtə/,*/skjˈuːfuɾ/,,,,*/stˈɛjə/,,,,,,*/səmjˈat/,,,,,,,,,,,,*/nɛvˈɔjə/,,,,,,,,,,,,,,,,,,,,,,,*/lˈɛjə/,,,,,,,,,,,,,,,,,,,,,,,,,,,,,,,*/rˈakjɛ/,,,,,,,,,,,,,,,,,,,,,,,,,*/pɔjˈak/,*/pɔjˈatə/,*/pɔjˈan/,,,,,,,,,,,,,,,,,,,,,,,,,,,,,,,,,,,,,,,,,,,,*/bˈɛjkə/,,,,,,,,,,,,,,,,,,,,,,,,,,,,,,,,,,,,,,,,,,,,,,,,,,,,,,,,,,,,,,,,,,,,,,,,,,,,,,,,,
R585,,,,,,,,,,,,,,,,,,,,,,,,,,,,,,,,,,,,,,,,,,,,,,,,,,,,,,,,,,,,,,,,,,,,,,,,,,,,,,,,,,,,,,,,,,,,,,,,,,,,,,,,,,,,,,,,,,,,,,,,,,,,,,,,,,,,,,,,,,,,,,,,,,,,,,,,,*/cɛpˈaːlˠə/,*/cˈɛp/,*/cˈyːt͡ʃ/,*/ɟanˈit͡sə/,*/ɟəmbɔt͡ʃˈaːɾ/,,*/ɟɔmbɔt͡ʃˈaɾ/,*/ɟˈɔbə/,,,,,,,,,,,,,,,,,,,,,,,,,,,,,,,,,,,,,*/ʃcˈɔtə/,,,,,,,,,,,,,,,,,,,,,,,,,,,,,,,,,,,,,,,,,,,,,,,,,,,,,,,,,,,,,,,,,,,,,,,,,,,,,,,,,,*/scˈɔtə/,*/scˈuːfuɾ/,,,,,,,,,,,,,,,,,,,,,,,,,,,,,,,,,,,,,,,,,,,,,,,,,,,,,,,,,,,,,,,,,,,,,,,,,,,,*/rˈacɛ/,,,,,,,,,,,,,,,,,,,,,,,,,,,,,,,,,,,,,,,,,,,,,,,,,,,,,,,,,,,,,,,,,,,,,,,,,,,,,,,,,,,,,,,,,,,,,,,,,,,,,,,,,,,,,,,,,,,,,,,,,,,,,,,,,,,,,,,,,,,,,,,,,,,,,,,,
R586,,,,,,,,,,,,,,,,,,,,,,,,,,,,,,,,,,,,,,,,,,,,,,,,,,,,,,,,,,,,,,,,,,,,,,,,,,,,,,,,,,,,,,*/kuːplːˈik/,,,,,,,,,,,,,,,,,,,,,,,,,,,,,,,,,,,,,,,,,,,,,,,,,,,,,,,,,,,,,,,,,,,,,,,,,,,,,,,,,,,,,,,,,,,,,,,,,,,,,,,,,,,,,,,,,,,,,,,,,,,,,,,,,,,,,,,,,,,,,,,,,,,,,,,,,,,,,,,,,,,,,,,,,,,,,,,,,,,,,,,,,,,,,,,,,,,,,,,,,,,,,,,,,,,,,,,,,,,,,,,,,,,,,,,,,,,,,,,,,,,,,,,,,,,,,,,,,,,,,,,,,,,,,,,,,,,,,,,,,,,,,,,,,,,,,,,,,,,,,,,,,,,,,,,,,,,,,,,,,,,,,,,,,,,,,,,,,,,,,,,,,,,,,,,,,,,,,,,,,,,,,,,,,,,,,,,,,,,,,,,,,,,,,,,,,,,,,,,,,,,,,,,,,,,,,,,,,,,,,,
R587,,,,,,,,,,,,,,,,,,,,,,,,,,,,,,,,,,,,,,,,,,,,,,,,,,,,,,,,,,,,,,,,,,,,,,,,,,,,,,,,,,,,,,,,,,,,,,,,,,,,,,,,,,,,,,,,,,,,,,,,,,,,,,,,,,,,,,,,,,,,,,,,,,,,,,,,,,,,,,,,,,,,,,,,,,,,,,,,,,,,,,,,,,,,,,,,,,,,,,,,,,,,,,,,,,,,,,,,,,,,,,,,,,,,,,,,,,,,,,,,,,,,,,,,,,,,,,,,,,,,,,,,,,,,,,,,,,,,,,,,,,,,,,,,,,,,,,,,,,,,,,,,,,,,,,,,,,,,,,,,,,,,,,,,,,,,,,,,,,,,,,,,,,,,,,,,,,,,,,,,,,,,,,,,,,,,,,,,,,,,,,,,,,,,,,,,,,,,,,,,,,,,,,,,,,,,,,,,,,,,,,,,,,,,,,,,,,,,,,,,,,,,,,,,,,,,,,,,,,,,,,,,,,,,,,,,,,,,,,,,,,,,,,,,,,,,,,,,,,,,,,,,,,,,
R588,,,,,,,,,,,,,,,,,,,,,,,,,,,,,,,,,,,,,,,,,,,,,,,,,,,,,,,,,,,,,,,,,,,,,,,,,,,,,,,,,,,,,,,,,,,,,,,,,,,,,,,,,,,,,,,,,,,,,,,,,,,,,,,,,,,,,,,,,,,,,,,,,,,,,,,,,,,,,,,,,,,,,,,,,,,,,,,,,,,,,,,,,,,,,,,,,,,,,,,,,,,,,,,,,,,,,,,,,,,,,,,,,,,,,,,,,,,,,,,,,,,,,,,,,,,,,,,,,,,,,,,,,,,,,,,,,,,,,,,,,,,,,,,,,,,,,,,,,,,,,,,,,,,,,,,,,,,,,,,,,,,,,,,,,,,,,,,,,,,,,,,,,,,,,,,,,,,,,,,,,,,,,,,,,,,,,,,,,,,,,,,,,,,,,,,,,,,,,,,,,,,,,,,,,,,,,,,,,,,,,,,,,,,,,,,,,,,,,,,,,,,,,,,,,,,,,,,,,,,,,,,,,,,,,,,,,,,,,,,,,,,,,,,,,,,,,,,,,,,,,,,,,,,,
R589,,,,,,,,,,,,,,,,,,,,,,,,,,,,,,,,,,,,,,,,,,,,,,,,,,,,,,,,,,,,,,,,,,,,,,,,,,,,,,,,,,,,,,,,,,,,,,,,,,,,,,,,,,,,,,,,,,,,,,,,,,,,,,,,,,,,,,,,,,,,,,,,,,,,,,,,,,,,,,,,,,,,,,,,,,,,,,,,,,,,,,,,,,,,,,,,,,,,,,,,,,,,,,,,,,,,,,,,,,,,,,,,,,,,,,,,,,,,,,,,,,,,,,,,,,,,,,,,,,,,,,,,,,,,,,,,,,,,,,,,,,,,,,,,,,,,,,,,,,,,,,,,,,,,,,,,,,,,,,,,,,,,,,,,,,,,,,,,,,,,,,,,,,,,,,,,,,,,,,,,,,,,,,,,,,,,,,,,,,,,,,,,,,,,,,,,,,,,,,,,,,,,,,,,,,,,,,,,,,,,,,,,,,,,,,,,,,,,,,,,,,,,,,,,,,,,,,,,,,,,,,,,,,,,,,,,,,,,,,,,,,,,,,,,,,,,,,,,,,,,,,,,,,,,
R590,,,,,,,,,,,,,,,,,,,,,,,,,,,,,,,,,,,,,,,,,,,,,,,,,,,,,,,,,,,,,,,,,,,,,,,,,,,,,,,,,,,,,,,,,,,,,,,,,,,,,,,,,,,,,,,,,,,,,,,,,,,,,,,,,,,,,,,,,,,,,,,,,,,,,,,,,,,,,,,,,,,,,,,,,,,,,,,,,,,,,,,,,,,,,,,,,,,,,,,,,,*/ʃtˈəpˈəɾ/,,,,,,,,,,,,,,,,,,,,,,,,,,,,,,,,,,,,,,,,,,,,,,,,,,,,,,,,,,,,,,,,,,,,,,,,,,,,,,,,,,,,,,,,,,,,,,,,,,,,,,,,,,,,,,,,,,,,,,,,,,,,,,,,,,,,,,,,,,,,,,,,,,,,,,,,,,,,,,,,,,,,,,,,,,,,,,,,,,,,,,,,,,,,,,,,,,,,,,,,,,,,,,,,,,,,,,,,,,,,,,,,,,,,,,,,,,,,,,,,,,,,,,,,,,,,,,,,,,,,,,,,,,,,,,,,,,,,,,,,,,,,,,,,,,,,,,,,,,,,,,,,,,
R591,,,,,,,,,,,,,,,,,,,,,,,,,,,,,,,,,,,,,,,,,,,,,,,,,,,,,,,,,,,,,,,,,,,,,,,,,,,,,,,,,,,,,,,,,,,,,,,,,,,,,,,,,,,,,,,,,,,,,,,,,,,,,,,,,,,,,,,,,,,,,,,,,,,,,,,,,,,,,,,,,,,,,,,,,,,,,,,,,,,,,,,,,,,,,,,,,,,,,,,,,,*/ʃtˈəpəɾ/,,,,,,,,,,,,,,,,,,,,,,,,,,,,,,,,,,,,,,,,,,,,,,,,,,,,,,,,,,,,,,,,,,,,,,,,,,,,,,,,,,,,,,,,,,,,,,,,,,,,,,,,,,,,,,,,,,,,,,,,,,,,,,,,,,,,,,,,,,,,,,,,,,,,,,,,,,,,,,,,,,,,,,,,,,,,,,,,,,,,,,,,,,,,,,,,,,,,,,,,,,,,,,,,,,,,,,,,,,,,,,,,,,,,,,,,,,,,,,,,,,,,,,,,,,,,,,,,,,,,,,,,,,,,,,,,,,,,,,,,,,,,,,,,,,,,,,,,,,,,,,,,,,
R592,,,,,*/haɾabˈɛl/,,,,*/hˈɔɾə/,,,,*/jˈaz/,,,,,,,,*/ɔɡɾˈajə/,,*/ɔɾəndˈi/,,,,,,,,,,,,,,,*/kaɾavˈɛlə/,,,,,*/kəmˈit͡sə/,,,*/kɾ̩t͡sˈu/,,*/kapˈujə/,*/kəmˈiʃt/,,,,,,,,,*/kalˈɛʃkə/,,,,,,,,,,,,*/kˈɔz?0t͡sə/,,,,,,,*/kˈaɾðə/,,,*/klˠapˈit/,*/kˈalˠpə/,,,*/kuʃˈɔvə/,,*/kuplˈik/,,*/kˈut͡ʃ/,,*/kˈulˠə/,,,,,,,,,,,*/ɡˈajɡə/,*/ɡˈalˠvə/,*/ɡˈalə/,,*/ɡəlbˈazə/,,,,,*/ɡɔɾdˈɛt͡s/,,,*/ɡɾ̩lˈas/,,,,,,,,,*/ɡarˈit͡sə/,,,*/ɡˈɔzdə/,*/ɡlˠanˈik/,*/ɡlˠavˈinə/,,,,,,,*/ɡɾˈɔzdl̩/,,*/lˠapˈuʃ/,*/lˠapˈuʃə/,*/lˠˈaʃkə/,*/lˠˈast͡sə/,*/lˠˈaskə/,*/lˠˈazɾ̩/,,,*/lˠˈɔskə/,,,,,,,,,*/cɛpˈalˠə/,,*/cˈyt͡ʃ/,,*/ɟəmbɔt͡ʃˈaɾ/,,,,,,*/t͡ʃˈafkə/,,*/t͡ʃərˈavə/,,,,,,,,,,,,,,,,*/ʃˈɔɾə/,,,*/ʃˈɛlt͡sə/,,*/ʃitˈɔvə/,,*/ʃˈɛs/,,*/ʃkuɾðˈɛt͡s/,*/ʃkɔpˈit/,,*/ʃuʃˈit͡sə/,,,,,,*/ʃtəpˈajə/,,*/ʃtəpɾˈɛʃə/,,,*/ʃtɾˈazə/,,,,*/tɾ̩pˈit/,,,,*/tˈinə/,,*/tɔt͡ʃˈilˠə/,,,,,,,,,,,,,,,,*/dəʃnˈit͡sə/,,,,,,,,,,*/dumbɾˈɛ/,,,,,,,,,,*/t͡sˈaɾə/,*/t͡sˈaɾbə/,*/t͡sərˈilˠ/,,,,,,*/sˈajə/,,,,,,,*/sˈit/,,,,,,,,,,,,,,,*/scˈufuɾ/,,,,,,,,,,,,,*/zəmbˈiʃt/,,,*/zˈuʃə/,,*/zvaɾˈiʃt/,,,,,,,,,*/lakmˈi/,*/laʃˈɔvə/,,*/labˈɔvə/,*/lˈakm̩/,,,,,,,*/lɛʃnˈit͡sə/,,,*/lˈaʃə/,*/lˈɛʒɲə/,,,,,,,,,,*/luʒˈi/,*/lˈut͡ʃə/,,,*/ɾaɡˈal/,,*/vaɾbˈɛt͡s/,*/rˈavə/,*/ɾˈafkə/,,,,*/rəɡɔvˈɛskə/,,,,,,,,,*/rəɡɔzˈinə/,,,,,*/rˈafʃ/,,*/rəɡˈalˠə/,*/ɾˈɛt͡skə/,,,*/ɾˈask/,,,,,,,,*/pəndˈaɾ/,*/pɾ̩kˈavə/,,,,,,*/pˈiʃkə/,*/pˈirə/,,,,,,,,,,,,*/pɔɾˈit/,,,,,*/plˠˈɔʃkə/,*/plˠˈat͡skə/,,,,*/pˈurə/,*/plaʃnˈik/,,,,*/plˈyskə/,,,,,,,*/baɾmˈɔʃ/,,,,,,,,,,*/bɛlbˈit͡sə/,,,,,,,*/biʃnˈit͡sə/,,,*/bˈisk/,,,,,*/bua̯lˠˈit͡sə/,,,*/buʃtɾˈit͡sə/,,*/bˈuʃtɾ̩/,,*/bɛlˠˈuʃ/,,,,,,,*/bɾˈisk/,*/bɾˈiskə/,*/hlˈað/,,,*/vɾ̩tˈit/,,,,,,,,,,,,,,,*/vuɾkɔlˠˈak/,,,,,*/matˈukə/,,,,,,,*/məɡˈulˠə/,,,,,,,*/milˈiɲ̈ɡə/,,,*/mɔlˈikə/,,,,*/mɔɾɔvˈit͡sə/,,,,,,,,,*/mbɾˈazn̩/
=Old North Tosk,null*/aɾɡˈɔvə/,null*/aɾkˈitə/,null*/aɾdɛnˈit͡sə/,null*/avˈit/,null*/haɾabˈɛl/,null*/habˈit/,null*/hitˈat/,null*/hɔɾmˈɔvə/,null*/hˈɔɾə/,null*/hukˈat/,null*/jaɾˈinə/,null*/jaɾˈua̯/,null*/jˈaz/,null*/jˈaɾm/,null*/jˈɛzɾ̩/,null*/jˈuɡ/,null*/jˈud/,null*/ˈiskɾ̩/,null*/ˈivə/,null*/ɔkˈitə/,null*/ɔɡɾˈajə/,null*/ɔtˈavə/,null*/ɔɾəndˈi/,null*/ɔbɾˈɔk/,null*/ɔpˈəɲ̈ɡə/,null*/ɔbˈɔɾ/,null*/ɔblˈəɲ̈ɡ/,null*/ˈɔiʃtə/,null*/kat͡ʃuɾˈɛl/,null*/kat͡ʃˈul/,null*/kat͡ʃˈubə/,null*/kat͡ʃˈubl̩/,null*/kadˈit/,null*/kastɾavˈɛt͡s/,null*/kasnˈɛt͡s/,null*/kalibˈɔb/,null*/kalˈibə/,null*/kaɾavˈɛlə/,null*/kaɾˈit͡sə/,null*/kaɾˈutə/,null*/kaɾˈup/,null*/kapˈit/,null*/kəmˈit͡sə/,null*/kˈat͡ʃ/,null*/kɾ̩t͡sˈat/,null*/kɾ̩t͡sˈu/,null*/kɾ̩bˈat͡ʃ/,null*/kapˈujə/,null*/kəmˈiʃt/,null*/kˈəlˠk/,null*/kˈənd/,null*/kˈəɾt͡s/,null*/kˈəɾpə/,null*/kɔsˈit/,null*/kɔsˈɔɾ/,null*/kɔðɾˈand/,null*/kɔnkˈɔl/,null*/kalˈɛʃkə/,null*/kɔlˈibə/,null*/kɔɾˈit/,null*/kɔɾˈitə/,null*/kɔɾˈubə/,null*/kɔpˈit͡sə/,null*/kɔpˈil/,null*/kɔpɾˈənt͡skə/,null*/kɔvˈat͡ʃ/,null*/kˈɔl/,null*/kˈɔʃ/,null*/kˈɔst/,null*/kˈɔz?0t͡sə/,null*/kˈɔt͡sə/,null*/kˈɔs/,null*/kˈɔsə/,null*/kˈɔstɾ̩/,null*/kˈɔɾə/,null*/kˈɔɾt͡ʃə/,null*/kˈaɾðə/,null*/kˈɔpɾ̩/,null*/kˈɔb/,null*/klˠapˈit/,null*/kˈalˠpə/,null*/kɔlˠt͡ʃˈit/,null*/kukˈat/,null*/kuʃˈɔvə/,null*/kɔlˠˈat͡ʃ/,null*/kuplˈik/,null*/kˈukə/,null*/kˈut͡ʃ/,null*/kˈut/,null*/kˈulˠə/,null*/kˈəlbə/,null*/kˈuɾvə/,null*/kˈum/,null*/kˈumə/,null*/kɾahˈit/,null*/kɾahˈinə/,null*/ɡatˈua̯ɲ/,null*/ɡalˈinə/,null*/ɡamˈit/,null*/ɡˈaj/,null*/ɡˈajɡə/,null*/ɡˈalˠvə/,null*/ɡˈalə/,null*/ɡəlˠtˈit/,null*/ɡəlbˈazə/,null*/ɡɾ̩hˈat/,null*/ɡɾ̩kˈiɲə/,null*/ɡɾ̩t͡ʃˈak/,null*/ɡɾ̩dˈalˠə/,null*/ɡɔɾdˈɛt͡s/,null*/ɡɾ̩dˈit/,null*/ɡɾ̩ðˈit/,null*/ɡɾ̩lˈas/,null*/ɡɾ̩lˈit͡sə/,null*/ɡɾəmˈaðə/,null*/ɡɾˈək/,null*/ɡˈəɾt͡ʃ/,null*/ɡˈəɾbə/,null*/ɡɔdˈit/,null*/ɡɔstˈənt͡skə/,null*/ɡɔstˈit/,null*/ɡarˈit͡sə/,null*/ɡɔmˈilˠə/,null*/ɡɔmbˈɛl/,null*/ɡˈɔzdə/,null*/ɡlˠanˈik/,null*/ɡlˠavˈinə/,null*/ɡɾaʃˈinə/,null*/ɡɾadˈinə/,null*/ɡɾabˈit/,null*/ɡɾˈadə/,null*/ɡɾ̩bˈaʃ/,null*/ɡˈɔɾʃ/,null*/ɡɾˈɔzdl̩/,null*/ɡɾˈuʃt/,null*/lˠapˈuʃ/,null*/lˠapˈuʃə/,null*/lˠˈaʃkə/,null*/lˠˈast͡sə/,null*/lˠˈaskə/,null*/lˠˈazɾ̩/,null*/lˠˈəɲ̈ɡə/,null*/lˠɔmˈit/,null*/lˠˈɔskə/,null*/lˠˈukə/,null*/ukɾˈajə/,null*/udˈɔb/,null*/junˈak/,null*/ulˈiʃtə/,null*/uɾˈɔk/,null*/cˈɛʒnə/,null*/cɛsˈat/,null*/cɛpˈalˠə/,null*/cˈɛp/,null*/cˈyt͡ʃ/,null*/ɟanˈit͡sə/,null*/ɟəmbɔt͡ʃˈaɾ/,null*/ɟɛzdˈit/,null*/ɟɔmbɔt͡ʃˈaɾ/,null*/ɟˈɔbə/,null*/ɲuhˈat/,null*/t͡ʃˈas/,null*/t͡ʃˈafkə/,null*/t͡ʃˈam/,null*/t͡ʃərˈavə/,null*/t͡ʃɛtˈinə/,null*/t͡ʃɛlˈit/,null*/t͡ʃɛlnˈik/,null*/t͡ʃˈɛtə/,null*/t͡ʃˈɛlˠə/,null*/t͡ʃˈɛɾðə/,null*/t͡ʃˈir/,null*/t͡ʃɔɾnɔvˈɔdə/,null*/t͡ʃudˈit/,null*/t͡ʃˈukə/,null*/t͡ʃˈulˠə/,null*/t͡ʃˈudə/,null*/t͡ʃˈubə/,null*/ʃatˈɔrə/,null*/ʃˈakə/,null*/ʃˈɔɾə/,null*/ʃˈap/,null*/ʃˈɛtkə/,null*/ʃˈɛlt͡sə/,null*/ʃˈɛmbɾ̩/,null*/ʃitˈɔvə/,null*/ʃˈipkə/,null*/ʃˈɛs/,null*/ʃˈɔp/,null*/ʃkuɾðˈɛt͡s/,null*/ʃkɔpˈit/,null*/ʃkɾˈap/,null*/ʃuʃˈit͡sə/,null*/ʃuplˈakə/,null*/ʃˈulˠə/,null*/ʃˈul/,null*/ʃcˈɔtə/,null*/ʃtɾ̩mˈɛn/,null*/ʃtəpˈajə/,null*/ʃtəpˈəzə/,null*/ʃtəpɾˈɛʃə/,null*/ʃtˈəpəɾ/,null*/ʃtˈuɲə/,null*/ʃtɾˈazə/,null*/ʒˈɛɡ/,null*/ʒumbˈinə/,null*/tɾ̩kˈat/,null*/tɾ̩pˈit/,null*/tˈəɲ̈ɡə/,null*/tˈɛk/,null*/tˈis/,null*/tˈinə/,null*/tˈinə/,null*/tɔt͡ʃˈilˠə/,null*/tɔt͡ʃˈit/,null*/tɔɾˈiʃtə/,null*/tɔɾˈua̯/,null*/tɔpˈil/,null*/tˈɔkə/,null*/tˈɔpɾ̩/,null*/tunt͡ʃˈan/,null*/tˈuɲə/,null*/tˈun/,null*/tɾˈap/,null*/tɾˈiʃ/,null*/tˈɛɾʃ/,null*/tɾɔndˈit/,null*/tɾˈɔhə/,null*/daɾˈɔvə/,null*/dəʃnˈit͡sə/,null*/dɛltˈinə/,null*/dihˈat/,null*/dˈiɾə/,null*/dˈibɾ̩/,null*/dˈibr̩/,null*/dɔlˈinə/,null*/dɔbˈit/,null*/dˈɔjkə/,null*/dˈɔb/,null*/dumbɾˈɛ/,null*/dˈumbɾ̩/,null*/dɾˈaɡə/,null*/dɾˈəɲ̈ɡ/,null*/dɾɛmˈit/,null*/dɾɔbˈit/,null*/dɾˈɔk/,null*/dɾˈɔmt͡sə/,null*/t͡salˈik/,null*/t͡saɾˈinə/,null*/t͡sˈaɾə/,null*/t͡sˈaɾbə/,null*/t͡sərˈilˠ/,null*/t͡sərˈik/,null*/t͡sɛnˈit/,null*/t͡sˈɛɾmə/,null*/t͡sˈitə/,null*/t͡sˈub/,null*/sˈajə/,null*/sˈɛnə/,null*/sˈabjɛ/,null*/sˈɛlt͡sə/,null*/sˈɛɾə/,null*/sˈɛmbɾ̩/,null*/sˈilˠə/,null*/sˈit/,null*/sˈitə/,null*/sˈitkə/,null*/sˈitkə/,null*/sɔtˈinə/,null*/sɔndˈɔɲ/,null*/sɔvˈajkə/,null*/skˈɔɾə/,null*/skɔlˈupə/,null*/skɾˈɔmə/,null*/slˈɔɡ/,null*/sundˈɔɲ/,null*/sˈuhə/,null*/sˈukulˠ/,null*/scˈɔtə/,null*/scˈufuɾ/,null*/stɾ̩kˈat/,null*/stɾ̩vˈit/,null*/stɾ̩vˈinə/,null*/stˈɛjə/,null*/stˈɛp/,null*/stɾˈɛhə/,null*/stɾˈɔkə/,null*/stɾˈukə/,null*/stɾˈum/,null*/səmjˈat/,null*/zabˈɛl/,null*/zabˈua̯/,null*/zəmbˈiʃt/,null*/zəmblˈak/,null*/zˈəmt͡ʃə/,null*/zˈuʃə/,null*/zbavˈit/,null*/zvaɾˈiʃt/,null*/nɛɾˈənd͡zə/,null*/nɛpˈəɾkə/,null*/nɛvɛɾˈit/,null*/nɛvˈɔjə/,null*/nˈɛm/,null*/nˈɛmɛt͡s/,null*/nɔʒˈikə/,null*/nˈɔfkə/,null*/lakmˈi/,null*/laʃˈɔvə/,null*/lapˈuʃə/,null*/labˈɔvə/,null*/lˈakm̩/,null*/lˈatə/,null*/lˈab/,null*/ləɲ̈ɡ/,null*/ləndˈinə/,null*/lˈənt͡skə/,null*/lit͡ʃˈit/,null*/lɛʃnˈit͡sə/,null*/lɛbɛtˈit/,null*/lˈɛhə/,null*/lˈaʃə/,null*/lˈɛʒɲə/,null*/lˈɛsə/,null*/lˈistkɾ̩/,null*/lˈɛjə/,null*/lˈihə/,null*/lˈipə/,null*/lɔpˈatə/,null*/lˈɔɡ/,null*/lˈɔzə/,null*/luhˈat/,null*/luʒˈi/,null*/lˈut͡ʃə/,null*/lˈutə/,null*/lˈuspə/,null*/ɾaɡˈal/,null*/ɾaðˈimə/,null*/vaɾbˈɛt͡s/,null*/rˈavə/,null*/ɾˈafkə/,null*/ɾˈɛʒɡə/,null*/ɾˈɛnd/,null*/ɾɔˈit/,null*/rəɡɔvˈɛskə/,null*/ɾɔtˈaɾ/,null*/ɾɔbɔtˈit/,null*/ɾˈɔj/,null*/ɾˈɔjkə/,null*/ɾˈɔɡə/,null*/ɾˈɔb/,null*/ɾˈunɛt͡s/,null*/ɾəɲ̈ɡˈat/,null*/rəɡɔzˈinə/,null*/ranˈit͡sə/,null*/rapˈat/,null*/rˈacɛ/,null*/rˈap/,null*/rˈafʃ/,null*/rəkˈajə/,null*/rəɡˈalˠə/,null*/ɾˈɛt͡skə/,null*/rəpˈak/,null*/rˈɔɡə/,null*/ɾˈask/,null*/rˈunə/,null*/paʃnˈik/,null*/patkˈua̯/,null*/padˈit/,null*/pˈatə/,null*/pəɡˈəɲ/,null*/pəɡˈəɾə/,null*/pəndˈaɾ/,null*/pɾ̩kˈavə/,null*/pɛlˈɛnə/,null*/pɛlˈin/,null*/pˈɛk/,null*/pijavˈit͡sə/,null*/pihˈat/,null*/pˈiʃkə/,null*/pˈirə/,null*/pɔjˈak/,null*/pɔjˈatə/,null*/pɔjˈan/,null*/pɔtˈɛrə/,null*/patkˈua̯/,null*/pɔstˈajə/,null*/pɔstˈat/,null*/pɔstɾˈɛhə/,null*/pɔnˈit/,null*/pɔɾˈɛnd/,null*/pɔɾɔsˈit/,null*/pɔɾˈit/,null*/pˈɔtkə/,null*/plˠaʃˈit͡sə/,null*/plˠˈaz/,null*/plˠˈɔt͡ʃə/,null*/plˠˈɔʃkə/,null*/plˠˈat͡skə/,null*/plˠˈɔskə/,null*/plˠˈuskə/,null*/pɔsˈulˠə/,null*/pˈurə/,null*/plaʃnˈik/,null*/plivˈat/,null*/plɛnˈit͡sə/,null*/plˈɛɲ̈ɡə/,null*/plˈyskə/,null*/pɾˈah/,null*/pɾˈisk/,null*/pɾɔndˈit/,null*/pɔbɾatˈim/,null*/baɡətˈi/,null*/batˈit/,null*/baɾmˈɔʃ/,null*/bˈac/,null*/bˈabə/,null*/bəɡˈatə/,null*/bɾ̩t͡ʃˈik/,null*/bɾ̩ʃnˈik/,null*/bɾ̩tˈat/,null*/bɾ̩zˈəɾə/,null*/bɾ̩zˈɛʃtə/,null*/bɛlˈɛvə/,null*/bɛlbˈit͡sə/,null*/bɛlvˈit͡sə/,null*/bɛɡɾˈat/,null*/bˈɛjkə/,null*/bˈɛl/,null*/bˈɛlt͡sə/,null*/bˈɛɾk/,null*/biʃnˈit͡sə/,null*/bɛsˈɛdə/,null*/bistɾˈit͡sə/,null*/bˈisk/,null*/bˈistɾ̩/,null*/bɔɡˈɔvə/,null*/bɔɾˈikə/,null*/bˈɔlbə/,null*/bua̯lˠˈit͡sə/,null*/bulˈɔɡ/,null*/but͡ʃˈat/,null*/buʃtɾˈit͡sə/,null*/bˈua̯lˠ/,null*/bˈuʃtɾ̩/,null*/blˈanə/,null*/bɛlˠˈuʃ/,null*/blˈudə/,null*/blˈudə/,null*/bɾˈazdə/,null*/bɾˈanə/,null*/bɾˈavə/,null*/bɾˈɛɡ/,null*/bɾˈisk/,null*/bɾˈiskə/,null*/hlˈað/,null*/valˠkˈua̯/,null*/vəʃnˈik/,null*/vɾ̩tˈit/,null*/vɾ̩snˈik/,null*/vɾ̩vˈit/,null*/vɾ̩mˈik/,null*/vɾˈət͡ʃə/,null*/vˈɛɾstə/,null*/vɛlˈɛnd͡zə/,null*/vˈɛdɾ̩/,null*/viɾˈua̯/,null*/vˈiʃɲə/,null*/vˈidɾ̩/,null*/vˈisk/,null*/vˈɔkulˠ/,null*/vˈalə/,null*/vˈɔbaɡ/,null*/vuɾkɔlˠˈak/,null*/vɾˈəɾ/,null*/vɾˈul/,null*/vɾˈaɡə/,null*/mahnˈit/,null*/matˈukə/,null*/maɾˈɛnə/,null*/mˈak/,null*/mˈat͡ʃə/,null*/mˈatkə/,null*/mˈat͡sə/,null*/mˈazə/,null*/məɡˈulˠə/,null*/mɾ̩ʃˈinə/,null*/mɾ̩zˈit/,null*/mɾ̩məɾˈit/,null*/mɛtˈalɛ/,null*/mˈɛlˠə/,null*/mˈɛɾə/,null*/milˈiɲ̈ɡə/,null*/mˈitə/,null*/mɔtɔvˈilɛ/,null*/mɔlˈikə/,null*/mɔlˈit/,null*/mɔlˈit͡sə/,null*/mɔɾˈat͡ʃə/,null*/mɔɾɔvˈit͡sə/,null*/mɔɾɔvˈinə/,null*/mɔɾnˈit͡sə/,null*/mˈɔl/,null*/mˈɔɾə/,null*/muʒˈənt͡skə/,null*/mˈuzɡə/,null*/mbˈɔɾij/,null*/mbəhˈat/,null*/mbɾˈazn̩/
R593,,,,,,,,,,,,,,,,,,,,,,,,,,,,,,,,,,,,,,,,,,,,,,,,,,,,,,,,,,,,,,,,,,,,,,,,,,,,,,,,,,,,,,,,,,,,,,,,,,,,,,,,,,,,,,,,,,,,,,,,,,,,,,,,,,,,,,,,,,,,,,,,,,,,,,,,,,,,,,,,,,,,,,,,,,,,,,,,,,,,,,,,,,,,,,,,,,,,,,,,,,,,,,,,,,,,,,,,,,,,,,,,,,,,,,,,,,,,,,,,,,,,,,,,,,,,,,,,,,,,,,,,,,,,,,,,,,,,,,,,,,,,,,,,,,,,,,,,,,,,,,,,,,,,,,,,,,,,,,,,,,,,,,,,,,,,,,,,,,,,,,,,,,,,,,,,,,,,,,,,,,,,,,,,,,,,,,,,,,,,,,,,,,,,,,,,,,,,,,,,,,,,,,,,,,,,,,,,,,,,,,,,,,,,,,,,,,,,,,,,,,,,,,,,,,,,,,,,,,,,,,,,,,,,,,,,,,,,,,,,,,,,,,,,,,,,,,,,,,,,,,,,,,,,
R594,,,,,,,,,,,,,,,,,,,,,,,,,,,,,,,,,,,,,,,,,,,,,,,,,,,,,,,,,,,,,,,,,,,,,,,,,,,,,,,,,,,,,,,,,,,,,,,,,,,,,,,,,,,,,,,,,,,,,,,,,,,,,,,,,,,,,,,,,,,,,,,,,,,,,,,,,,,,,,,,,,,,,,,,,,,,,,,,,,,,,,,,,,,,,,,,,,,,,,,,,,,,,,,,,,,,,,,,,,,,,,,,,,,,,,,,,,,,,,,,,,,,,,,,,,,,,,,,,,,,,,,,,,,,,,,,,,,,,,,,,,,,,,,,,,,,,,,,,,,,,,,,,,,,,,,,,,,,,,,,,,,,,,,,,,,,,,,,,,,,,,,,,,,,,,,,,,,,,,,,,,,,,,,,,,,,,,,,,,,,,,,,,,,,,,,,,,,,,,,,,,,,,,,,,,,,,,,,,,,,,,,,,,,,,,,,,,,,,,,,,,,,,,,,,,,,,,,,,,,,,,,,,,,,,,,,,,,,,,,,,,,,,,,,,,,,,,,,,,,,,,,,,,,,
R595,,,,,,,,,,,,,,,,,,,,,,,,,,,,,,,,,,,,,,,,,,,,,,,,,,,,,,,,,,,,,,,,,,,,,,,,,,,,,,,,,,,,,,,,,,,,,,,,,,,,,,,,,,,,,,,,,,,,,,,,,,,,,,,,,,,,,,,,,,,,,,,,,,,,,,,,,,,,,,,,,,,,,,,,,,,,,,,,,,,,,,,,,,,,,,,,,,,,,,,,,,,,,,,,,,,,,,,,,,,,,,,,,,,,,,,,,,,,,,,,,,,,,,,,,,,,,,,,,,,,,,,,,,,,,,,,,,,,,,,,,,,,,,,,,,,,,,,,,,,,,,,,,,,,,,,,,,,,,,,,,,,,,,,,,,,,,,,,,,,,,,,,,,,,,,,,,,,,,,,,,,,,,,,,,,,,,,,,,,,,,,,,,,,,,,,,,,,,,,,,,,,,,,,,,,,,*/baktˈi/,,,,,,,,,,,,,,,,,,,,,,,,,,,,,,,,,,,,,,,,,,,,,,,,,,,,,,,,,,,,,,,,,,,,,,,,,,,,,,,,,,,,,,,,,,,,,,,,
R596,,,,,,,,,,,,,,,,,,,,,,,,,,,,,,,,,,,,,,,,,,,,,,,,,,,,,,,,,,,,,,,,,,,,,,,,,,,,,,,,,,,,,,,,,,,,,,,,,,,,,,,,,,,,,,,,,,,,,,,,,,,,,,,,,,,,,,,,,,,,,,,,,,,,,,,,,,,,,,,,,,,,,,,,,,,,,,,,,,,,,,,,,,,,,,,,,,,,,,,,,,,,,,,,,,,,,,,,,,,,,,,,,,,,,,,,,,,,,,,,,,,,,,,,,,,,,,,,,,,,,,,,,,,,,,,,,,,,,,,,,,,,,,,,,,,,,,,,,,,,,,,,,,,,,,,,,,,,,,,,,,,,,,,,,,,,,,,,,,,,,,,,,,,,,,,,,,,,,,,,,,,,,,,,,,,,,,,,,,,,,,,,,,,,,,,,,,,,,,,,,,,,,,,,,,,,,,,,,,,,,,,,,,,,,,,,,,,,,,,,,,,,,,,,,,,,,,,,,,,,,,,,,,,,,,,,,,,,,,,,,,,,,,,,,,,,,,,,,,,,,,,,,,,,
R597,,*/aɾcˈitə/,,,,,,,,,,,,,,,,,,*/ɔcˈitə/,,,,,,,,,,,,,,,,,,,,,,,,,,,,,,,,,,,,,,,,,,,,,,,,,,,,,,,,,,,,,,,,,,,,,,,,,,,,,,,,,,,,,,,*/ɡɾ̩cˈiɲə/,,,,,,,,,,,,,,,,,,,,,,,,,,,,,,,,,,,,,,,,,,,,,,,,,,,,,,,,,,,,,,,,,,,,,,,,,,,,,,,,,,,,,,,,,,,,,,,,,,,,,,,,,,,,,,,,,,,,,,,,,,,,,,,,,,,,,,,,,,,,,,,,,,,,,,,,,,,,,,,,,,,,,,,,,,,,,,,,,,,,,,,,,,,,,,,,,,,,,,,,,,,,,,,,,,,,,,,,,,,,,,,,,,,,,,,,,,,,,,,,,,,,,,,,,,,,,,,,,,,,,,,,,,,,,,,,,,,,,,,,,,,,,,,,,,,,,,,,,,,,,,,,,,,,,,,,,,,,,,,,,,,,,,,,,,,,,,,,,,,,,,,,,,,,,,,,,,,,,,,,,,,,,,,,,,,,,,,,,,,,,,,,,,,,,,,,,,,,,,,,,
R598,,,,,,,,,,,,,,,,,,,,,,,,,*/ɔpˈəŋɡə/,,*/ɔblˈəŋɡ/,,,,,,,,,,,,,,,,,,,,,,,,,,,,,,,,,,,,,,,,,,,,,,,,,,,,,,,,,,,,,,,,,,,,,,,,,,,,,,,,,,,,,,,,,,,,,,,,,,,,,,,,,,,,,,,,,,,*/lˠˈəŋɡə/,,,,,,,,,,,,,,,,,,,,,,,,,,,,,,,,,,,,,,,,,,,,,,,,,,,,,,,,,,,,,,,,,,,*/tˈəŋɡə/,,,,,,,,,,,,,,,,,,,,,,,,,,,,,,,,,,*/dɾˈəŋɡ/,,,,,,,,,,,,,,,,,,,,,,,,,,,,,,,,,,,,,,,,,,,,,,,,,,,,,,,,,,,,,,,,,,,,,,,*/ləŋɡ/,,,,,,,,,,,,,,,,,,,,,,,,,,,,,,,,,,,,,,*/ɾəŋɡˈat/,,,,,,,,,,,,,,,,,,,,,,,,,,,,,,,,,,,,,,,,,,,,,,,,,,,,,,*/plˈɛŋɡə/,,,,,,,,,,,,,,,,,,,,,,,,,,,,,,,,,,,,,,,,,,,,,,,,,,,,,,,,,,,,,,,,,,,,,,,,,,,,,,,,,,,,,,*/milˈiŋɡə/,,,,,,,,,,,,,,,,
R599,,,,,,,,,,,,,,,*/jˈɛzəɾ̩/,,,*/ˈiskəɾ̩/,,,,,,,,,,,,,,*/kat͡ʃˈubəl̩/,,,,,,,,,,,,,*/kəɾ̩t͡sˈat/,*/kəɾ̩t͡sˈu/,*/kəɾ̩bˈat͡ʃ/,,,,,,,,,,,,,,,,,,,,,,,*/kˈɔzə?0t͡sə/,,,,*/kˈɔstəɾ̩/,,,,*/kˈɔpəɾ̩/,,,,,,,,,,,,,,,,,,,,,,,,,,,,*/ɡəɾ̩hˈat/,*/ɡəɾ̩cˈiɲə/,*/ɡəɾ̩t͡ʃˈak/,*/ɡəɾ̩dˈalˠə/,,*/ɡəɾ̩dˈit/,*/ɡəɾ̩ðˈit/,*/ɡəɾ̩lˈas/,*/ɡəɾ̩lˈit͡sə/,,,,,,,,,,,,,,,,,,*/ɡəɾ̩bˈaʃ/,,*/ɡɾˈɔzdəl̩/,,,,,,,*/lˠˈazəɾ̩/,,,,,,,,,,,,,,,,,,,,,,,,,,,,,,,,,,,,,,,,,,,,*/ʃˈɛmbəɾ̩/,,,,,,,,,,,,,*/ʃtəɾ̩mˈɛn/,,,,,,,,,*/təɾ̩kˈat/,*/təɾ̩pˈit/,,,,,,,,,,,,*/tˈɔpəɾ̩/,,,,,,,,,,,,,,*/dˈibəɾ̩/,*/dˈibər̩/,,,,,,*/dˈumbəɾ̩/,,,,,,,,,,,,,,,,,,,,,,*/sˈɛmbəɾ̩/,,,,,,,,,,,,,,,,,,*/stəɾ̩kˈat/,*/stəɾ̩vˈit/,*/stəɾ̩vˈinə/,,,,,,,,,,,,,,,,,,,,,,,,,,,,*/lˈakəm̩/,,,,,,,,,,,,,*/lˈistkəɾ̩/,,,,,,,,,,,,,,,,,,,,,,,,,,,,,,,,,,,,,,,,,,,,,,,,,*/pəɾ̩kˈavə/,,,,,,,,,,,,,,,,,,,,,,,,,,,,,,,,,,,,,,,,,,,,,*/bəɾ̩t͡ʃˈik/,*/bəɾ̩ʃnˈik/,*/bəɾ̩tˈat/,*/bəɾ̩zˈəɾə/,*/bəɾ̩zˈɛʃtə/,,,,,,,,,,,,,*/bˈistəɾ̩/,,,,,,,,,*/bˈuʃtəɾ̩/,,,,,,,,,,,,,,*/vəɾ̩tˈit/,*/vəɾ̩snˈik/,*/vəɾ̩vˈit/,*/vəɾ̩mˈik/,,,,*/vˈɛdəɾ̩/,,,*/vˈidəɾ̩/,,,,,,,,,,,,,,,,,,*/məɾ̩ʃˈinə/,*/məɾ̩zˈit/,*/məɾ̩məɾˈit/,,,,,,,,,,,,,,,,,,,,*/mbɾˈazən̩/
R600,,,,,,,,,,,,,,,*/jˈɛzəɾ/,,,*/ˈiskəɾ/,,,,,,,,,,,,,,*/kat͡ʃˈubəl/,,,,,,,,,,,,,*/kəɾt͡sˈat/,*/kəɾt͡sˈu/,*/kəɾbˈat͡ʃ/,,,,,,,,,,,,,,,,,,,,,,,*/kˈɔzəlˠt͡sə/,,,,*/kˈɔstəɾ/,,,,*/kˈɔpəɾ/,,,,,,,,,,,,,,,,,,,,,,,,,,,,*/ɡəɾhˈat/,*/ɡəɾcˈiɲə/,*/ɡəɾt͡ʃˈak/,*/ɡəɾdˈalˠə/,,*/ɡəɾdˈit/,*/ɡəɾðˈit/,*/ɡəɾlˈas/,*/ɡəɾlˈit͡sə/,,,,,,,,,,,,,,,,,,*/ɡəɾbˈaʃ/,,*/ɡɾˈɔzdəl/,,,,,,,*/lˠˈazəɾ/,,,,,,,,,,,,,,,,,,,,,,,,,,,,,,,,,,,,,,,,,,,,*/ʃˈɛmbəɾ/,,,,,,,,,,,,,*/ʃtəɾmˈɛn/,,,,,,,,,*/təɾkˈat/,*/təɾpˈit/,,,,,,,,,,,,*/tˈɔpəɾ/,,,,,,,,,,,,,,*/dˈibəɾ/,*/dˈibər/,,,,,,*/dˈumbəɾ/,,,,,,,,,,,,,,,,,,,,,,*/sˈɛmbəɾ/,,,,,,,,,,,,,,,,,,*/stəɾkˈat/,*/stəɾvˈit/,*/stəɾvˈinə/,,,,,,,,,,,,,,,,,,,,,,,,,,,,*/lˈakəm/,,,,,,,,,,,,,*/lˈistkəɾ/,,,,,,,,,,,,,,,,,,,,,,,,,,,,,,,,,,,,,,,,,,,,,,,,,*/pəɾkˈavə/,,,,,,,,,,,,,,,,,,,,,,,,,,,,,,,,,,,,,,,,,,,,,*/bəɾt͡ʃˈik/,*/bəɾʃnˈik/,*/bəɾtˈat/,*/bəɾzˈəɾə/,*/bəɾzˈɛʃtə/,,,,,,,,,,,,,*/bˈistəɾ/,,,,,,,,,*/bˈuʃtəɾ/,,,,,,,,,,,,,,*/vəɾtˈit/,*/vəɾsnˈik/,*/vəɾvˈit/,*/vəɾmˈik/,,,,*/vˈɛdəɾ/,,,*/vˈidəɾ/,,,,,,,,,,,,,,,,,,*/məɾʃˈinə/,*/məɾzˈit/,*/məɾməɾˈit/,,,,,,,,,,,,,,,,,,,,*/mbɾˈazən/
R601,,,,,,,,,,,,,,,,,,,,,,,,,,,,,,,,,,,,,,,,,,,,,,,,,,,,,,,,,,,,,,,,,,,,,,,,,,,,,,,,,,,,,,,,,,,,,,,,,,,,,,,,,,,,,,,,,,,,,,,,,,,,,,,,,,,,,,,,,,,,,,,,,,,,,,,,,,,,,,,,,,,,,,,,,,,,,,,,,,,,,,,,,,,,,,,,,,,,,,,,,,,,,,,,,,,,,,,,,,,,,,,,,,,,,,,,,,,,,,,,,,,,,,,,,,,,,,,,,,,,,,,,,,,,,,,,,,,,,,,,,,,,,,,,,,,,,,,,,,,,,,,,,,,,,,,,,,,,,,,,,,,,,,,,,,,,,,,,,,,,,,,,,,,,,,,,,,,,,,,,,,,,,,,,,,,,,,,,,,,,,,,,,,,,,,,,,,,,,,,,,,,,,,,,,,,,,,,,,,,,,,,,,,,,,,,,,,,,,,,,,,,,,,,,,,,,,,,,,,,,,,,,,,,,,,,,,,,,,,,,,,,,,,,,,,,,,,,,,,,,,,,,,,,,
R602,,,,,,,,,,,,,,,,,,,,,,,,,,,,,,,,,,,,,,,,,,,,,,,,,,,,,,,,,,,,,,,,,,,,,,,,,,,,,,,,,,,,,,,,,,,,,,,,,,,,,,,,,,,,,,,,,,,,,,,,,,,,,,,,,,,,,,,,,,,,,,,,,,,,,,,,,,,,,,,,,,,,,,,,,,,,,,,,,,,,,,,,,,,,,,,,,,,,,,,,,,,,,,,,,,,,,,,,,,,,,,,,,,,,,,,,,,,,,,,,,,,,,,,,,,,,,,,,,,,,,,,,,,,,,,,,,,,,,,,,,,,,,,,,,,,,,,,,,,,,,,,,,,,,,,,,,,,,,,,,,,,,,,,,,,,,,,,,,,,,,,,,,,,,,,,,,,,,,,,,,,,,,,,,,,,,,,,,,,,,,,,,,,,,,,,,,,,,,,,,,,,,,,,,,,,,,,,,,,,,,,,,,,,,,,,,,,,,,,,,,,,,,,,,,,,,,,,,,,,,,,,,,,,,,,,,,,,,,,,,,,,,,,,,,,,,,,,,,,,,,,,,,,,,
R603,,,,,,,,,,,,,,,,,,,,,,,,,,,,,,,,,,,,,,,,,,,,,,,,,,,,,,,,,,,,,,,,,,,,,,,,,,,,,,,,,,,,,,,,,,,,,,,,,,,,,,,,,,,,,,,,,,,,,,,,,,,,,,,,,,,,,,,,,,,,,,,,,,,,,,,,,,,,,,,,,,,,,,,,,,,,,,,,,,,,,,,,,,,,,,,,,,,,,,,,,,,,,,,,,,,,,,,,,,,,,,,,,,,,,,,,,,,,,,,,,,,,,,,,,,,,,,,,,,,,,,,,,,,,,,,,,,,,,,,,,,,,,,,,,,,,,,,,,,,,,,,,,,,,,,,,,,,,,,,,,,,,,,,,,,,,,,,,,,,,,,,,,,,,,,,,,,,,,,,,,,,,,,,,,,,,,,,,,,,,,,,,,,,,,,,,,,,,,,,,,,,,,,,,,,,,,,,,,,,,,,,,,,,,,,,,,,,,,,,,,,,,,,,,,,,,,,,,,,,,,,,,,,,,,,,,,,,,,,,,,,,,,,,,,,,,,,,,,,,,,,,,,,,,
R604,,,,,,,,,,,,,,,,,,,,,,,,,,,,,,,,,,,,,,,,,,,,,,,,,,,,,,,,,,,,,,,,,,,,,,,,,,,,,,,,,,,,,,,,,,,,,,,,,,,,,,,,,,,,,,,,,,,,,,,,,,,,,,,,,,,,,,,,,,,,,,,,,,,,,,,,,,,,,,,,,,,,,,,,,,,,,,,,,,,,,,,,,,,,,,,,,,,,,,,,,,,,,,,,,,,,,,,,,,,,,,,,,,,,,,,,,,,,,,,,,,,,,,,,,,,,,,,,,,,,,,,,,,,,,,,,,,,,,,,,,,,,,,,,,,,,,,,,,,,,,,,,,,,,,,,,,,,,,,,,,,,,,,,,,,,,,,,,,,,,,,,,,,,,,,,,,,,,,,,,,,,,,,,,,,,,,,,,,,,,,,,,,,,,,,,,,,,,,,,,,,,,,,,,,,,,,,,,,,,,,,,,,,,,,,,,,,,,,,,,,,,,,,,,,,,,,,,,,,,,,,,,,,,,,,,,,,,,,,,,,,,,,,,,,,,,,,,,,,,,,,,,,,,,
R605,,,,,,,,,,,,,,,,,,,,,,,,,,,,,,,,,,,,,,,,,,,,,,,,,,,,,,,,,,,,,,,,,,,,,,,,,,,,,,,,,,,,,,,,,,,,,,,,,,,,,,,,,,,,,,,,,,,,,,,,,,,,,,,,,,,,,,,,,,,,,,,,,,,,,,,,,,,,,,,,,,,,,,,,,,,,,,,,,,,,,,,,,,,,,,,,,,,,,,,,,,,,,,,,,,,,,,,,,,,,,,,,,,,,,,,,,,,,,,,,,,,,,,,,,,,,,,,,,,,,,,,,,,,,,,,,,,,,,,,,,,,,,,,,,,,,,,,,,,,,,,,,,,,,,,,,,,,,,,,,,,,,,,,,,,,,,,,,,,,,,,,,,,,,,,,,,,,,,,,,,,,,,,,,,,,,,,,,,,,,,,,,,,,,,,,,,,,,,,,,,,,,,,,,,,,,,,,,,,,,,,,,,,,,,,,,,,,,,,,,,,,,,,,,,,,,,,,,,,,,,,,,,,,,,,,,,,,,,,,,,,,,,,,,,,,,,,,,,,,,,,,,,,,,
R606,,,,,,,,,,,,,,,,,,,,,,,,,,,,,,,,,,,,,,,,,,,,,,,,,,,,,,,,,,,,,,,,,,,,,,,,,,,,,,,,,,,,,,,,,,,,,,,,,*/ɡatˈua̯j/,,,,,,,,,,,,,,,,,,,,,,,,,,,,,,,,,,,,,,,,,,,,,,,,,,,,,,,,,,,,,,,,,,,,,,,,,,,,,,,,,,,,,,,,,,,,,,,,,,,,,,,,,,,,,,,,,,,,,,,,,,,,,,,,,,,,,,,,,,,,,,,,,,,,,,,,,,,,,,,,,,,,,,,,,,,,,*/sɔndˈɔj/,,,,,,*/sundˈɔj/,,,,,,,,,,,,,,,,,,,,,,,,,,,,,,,,,,,,,,,,,,,,,,,,,,,,,,,,,,,,,,,,,,,,,,,,,,,,,,,,,,,,,,,,,,,,,,*/pəɡˈəj/,,,,,,,,,,,,,,,,,,,,,,,,,,,,,,,,,,,,,,,,,,,,,,,,,,,,,,,,,,,,,,,,,,,,,,,,,,,,,,,,,,,,,,,,,,,,,,,,,,,,,,,,,,,,,,,,,,,,,,,,,,,,,,,,,,,,,,,,,,
R607,,,,,,,,,,,,,,,,,,,,,,,,,,,,,,,,,,,,,,,,,,,,,,,,,,,,,,,,,,,,,,,,,,,,,,,,,,,,,,,,,,,,,,,,,,,,,,,,,,,,,,,,,,,,,,,,,,,,,,,,,,,,,,,,,,,,,,,,,,,,,,,,,,,,,,,,,,,,,,,,,,,,,,,,,,,,,,,,,,,,,,,,,,,,,,,,,,,,,,,,,,,,,,,,,,,,,,,,,,,,,,,,,,,,,,,,,,,,,,,,,,,,,,,,,,,,,,,,,,,,,,,,,,,,,,,,,,,,,,,,,,,,,,,,,,,,,,,,,,,,,,,,,,,,,,,,,,,,,,,,,,,,,,,,,,,,,,,,,,,,,,,,,,,,,,,,,,,,,,,,,,,,,,,,,,,,,,,,,,,,,,,,,,,,,,,,,,,,,,,,,,,,,,,,,,,,,,,,,,,,,,,,,,,,,,,,,,,,,,,,,,,,,,,,,,,,,,,,,,,,,,,,,,,,,,,,,,,,,,,,,,,,,,,,,,,,,,,,,,,,,,,,,,,,
R608,,,,,,,,,,,,,,,,,,,,,,,,,,,,,,,,,,,,,,,,,,,,,,,,,,,,,,,,,,,,,,,,,,,,,,,,,,,,,,,,,,,,,,,,,,,,,,,,,,,,,,,,,,,,,,,,,,,,,,,,,,,,,,,,,,,,,,,,,,,,,,,,,,,,,,,,,,,,,,,,,,,,,,,,,,,,,,,,,,,,,,,,,,,,,,,,,,,,,,,,,,,,,,,,,,,,,,,,,,,,,,,,,,,,,,,,,,,,,,,,,,,,,,,,,,,,,,,,,,,,,,,,,,,,,,,,,,,,,,,,,,,,,,,,,,,,,,,,,,,,,,,,,,,,,,,,,,,,,,,,,,,,,,,,,,,,,,,,,,,,,,,,,,,,,,,,,,,,,,,,,,,,,,,,,,,,,,,,,,,,,,,,,,,,,,,,,,,,,,,,,,,,,,,,,,,,,,,,,,,,,,,,,,,,,,,,,,,,,,,,,,,,,,,,,,,,,,,,,,,,,,,,,,,,,,,,,,,,,,,,,,,,,,,,,,,,,,,,,,,,,,,,,,,,
