etID  | Proto-Indo-European | Proto-Balkan-Indo-European | Archaic Proto-Albanian | Classical Proto-Albanian | Middle Proto-Albanian I | Middle Proto-Albanian II | Late Proto-Albanian I | Late Proto-Albanian II | Late Proto-Albanian III | Proto-Tosk-SGheg {GOLD} | Proto-Tosk {GOLD} | Old North Tosk {GOLD} | Output {GOLD}
0      | ... | ... | ... | ... | ... | ... | ... | #ˌaɣjˈazma# | *#ˌajˈaːzma# | *#ˌajˈaːzm̩# {GOLD: >*} | *#ˌajˈaːzm̩# {GOLD: >*} | *#ajˈazm̩# {GOLD: >*} | *#ajˈazəm# {GOLD: #ajˈazəm#}
1      | ... | ... | ... | ... | ... | #ˌɑdorˈɔɲɔ# | *#ˌaːðorˈɔɲɔ# | *#ˌaðəɾˈɔ̃ɲɔ# | *#ˌaðəɾˈɔ̃ɲə# | *#ˌaðəɾˈɔ̃ɲ# {GOLD: >*} | *#ˌaðəɾˈɔ̃ɲ# {GOLD: >*} | *#aðəɾˈɔɲ# {GOLD: #aðəɾˈɔɲ#} | *#aðəɾˈɔj# {GOLD: #aðəɾˈɔj#}
2      | ... | ... | ... | #ˌɑdˌoːrˈɑːnioː# | *#ˌɑdˌurˈɒːnju# | *#ˌɑdˌurˈoɲu# | *#ˌaːðˌurˈoɲu# | *#ˌaðˌuɾˈɔ̃ɲu# | *#ˌaðˌuɾˈɔ̃ɲə# | *#ˌaðˌuɾˈɔ̃ɲ# {GOLD: >*} | *#ˌaðˌuɾˈɔ̃ɲ# {GOLD: >*} | *#aðuɾˈɔɲ# {GOLD: #aðuɾˈɔɲ#} | *#aðuɾˈɔj# {GOLD: #aðuɾˈɔj#}
3      | ... | ... | ... | ... | ... | ... | ... | ... | #ˌɒrɡˈɒβɑ# | *#ˌaɾɡˈɔvə# {GOLD: >*} | *#ˌaɾɡˈɔvə# {GOLD: >*} | *#aɾɡˈɔvə# {GOLD: >*} | *#aɾɡˈɔvə# {GOLD: #aɾɡˈɔvə#}
4      | ... | ... | ... | ... | ... | ... | ... | ... | #ˌɒrkˈɨtɑ# | *#ˌaɾkˈitə# {GOLD: >*} | *#ˌaɾkˈitə# {GOLD: >*} | *#aɾkˈitə# {GOLD: >*} | *#aɾcˈitə# {GOLD: #aɾcˈitə#}
5      | ... | ... | ... | ... | ... | ... | ... | ... | #ˌɒrdɛnˈit͡sɑ# | *#ˌaɾdɛnˈit͡sə# {GOLD: >*} | *#ˌaɾdɛnˈit͡sə# {GOLD: >*} | *#aɾdɛnˈit͡sə# {GOLD: >*} | *#aɾdɛnˈit͡sə# {GOLD: #aɾdɛnˈit͡sə#}
6      | ... | ... | ... | #ˌɑdrˌɑːtiˈoːnem# | *#ˌɑdrˌɑːt͡ʃjˈɒːnɛ# | *#ˌɑdrˌɑt͡ʃjˈonɛ# | *#ˌaːrrˌat͡ʃˈønɪ# | *#ˌaɾɾəsˈœ̃ɾ̃ɪ# | *#ˌarːəsˈỹe̯ɾ̃ə# | *#ˌaɾsˈỹe̯# {GOLD: #arəsˈyø̯#} | *#ˌaɾsˈỹe̯# {GOLD: >*} | *#aɾsˈye̯# {GOLD: >*} | *#aɾsˈye̯# {GOLD: #aɾsˈye̯#}
7      | ... | ... | ... | #ˌɑlbɑːnˈensum# | *#ˌɑlbɑːnˈɛnsʊ# | *#ˌɑlbɑnˈɛsu# | *#əlbɑ̃ɾ̃ˈɛsu# | *#əlbə̃ɾ̃ˈɛʃu# | *#əlbə̃ɾ̃ˈɛːʃə# | *#əɾbə̃ɾ̃ˈɛːʃ# {GOLD: #aɾbəɾ̃ˈɛʃ#} | *#əɾbə̃ɾ̃ˈɛːʃ# {GOLD: >*} | *#əɾbɾˈɛʃ# {GOLD: >*} | *#əɾbɾˈɛʃ# {GOLD: #aɾbəɾˈɛʃ#}
8      | ... | ... | ... | #ˌinimˈiːkum# | *#ˌɪnɪmˈikʊ# | *#ˌenemˈiku# | *#ˌɑ̃ːɾ̃ɪmˈiku# | *#ˌɑ̃ːɾ̃ɪ̃mˈiku# | *#ˌɑ̃ːɾ̃ə̃mˈikə# | *#ˌãːɾ̃ə̃mˈik# {GOLD: #ˌãɾ̃əmˈik#} | *#ˌãːɾ̃mˈik# {GOLD: >*} | *#aɾmˈik# {GOLD: >*} | *#aɾmˈik# {GOLD: #aɾmˈik#}
9      | ... | ... | ... | #ˌɑrmˈɑːnioː# | *#ˌɑrmˈɒːnju# | *#ˌɑrmˈoɲu# | *#ərmˈoɲu# | *#əɾmˈɔ̃ɲu# | *#əɾmˈɔ̃ɲə# | *#əɾmˈɔ̃ɲ# {GOLD: #aɾmˈɔ̃ɲ#} | *#əɾmˈɔ̃ɲ# {GOLD: ...} | ... {GOLD: ...} | ... {GOLD: ...}
10     | ... | ... | ... | #ˌɑrrˌiːwˈɑːnioː# | *#ˌɑrrˈiwɒːnju# | *#ˌɑrrˈiwoɲu# | *#ˌaːrrˈiwoɲu# | *#ˌaɾɾˈĩːɲu# | *#ˌarːˈĩːɲə# | *#ˌarˈĩːɲ# {GOLD: #ɦarˈĩːɲ#} | *#ˌarˈĩːɲ# {GOLD: >*} | *#arˈiɲ# {GOLD: >*} | *#arˈij# {GOLD: #arˈij#}
11     | ... | ... | ... | ... | ... | ... | ... | #ˌɑxtɑpˈɔði# | *#ˌɑftɑpˈɔðə# | *#ˌaftapˈɔð# {GOLD: >*} | *#ˌaftapˈɔð# {GOLD: >*} | *#aftapˈɔð# {GOLD: >*} | *#aftapˈɔð# {GOLD: #aftapˈɔð#}
12     | ... | ... | ... | ... | ... | ... | ... | ... | #ˌɑβˈitɪ# | *#ˌavˈit# {GOLD: >*} | *#ˌavˈit# {GOLD: >*} | *#avˈit# {GOLD: >*} | *#avˈit# {GOLD: #avˈit#}
13     | ... | ... | ... | ... | ... | ... | ... | #ˌavlˈi# | *#ˌavlˠˈi# | *#ˌavlˠˈi# {GOLD: >*} | *#ˌavlˠˈi# {GOLD: >*} | *#avlˠˈi# {GOLD: >*} | *#avlˠˈi# {GOLD: #avlˠˈi#}
14     | ... | ... | ... | ... | ... | ... | #ˌaβlamˈentu# | *#ˌaβlə̃mˈẽntu# | *#ˌavlə̃mˈɛ̃ndə# | *#ˌavlə̃mˈɛ̃nd# {GOLD: >*} | *#ˌavlə̃mˈɛ̃nd# {GOLD: >*} | *#avləmˈɛnd# {GOLD: >*} | *#avləmˈɛnd# {GOLD: #avləmˈɛnd#}
15     | ... | ... | ... | #ˈɑlium# | *#ˈɑʎʊ# | *#ˈɑʎu# | *#ˈaʎu# | *#ˈaʎu# | *#ˈaːʎə# | *#ˈaːʎ# {GOLD: #ˈaʎ#} | *#ˈaːʎ# {GOLD: >*} | *#ˈaj# {GOLD: >*} | *#ˈaj# {GOLD: #ˈaj#}
16     | ... | ... | ... | #ˈɑːeːr# | *#ˈɑːeːr# | *#ˈɑer# | *#ˈaer# | *#ˈajɾ# | *#ˈajɾ# | *#ˈajɾ̩# {GOLD: >*} | *#ˈajɾ̩# {GOLD: >*} | *#ˈajɾ̩# {GOLD: >*} | *#ˈajəɾ# {GOLD: #ˈajəɾ#}
17     | ... | ... | ... | #ˈɑskulɑ# | *#ˈɑskʊlɑ# | *#ˈɑskulɑ# | *#ˈaskula# | *#ˈaʃkula# | *#ˈaːʃkəlːə# | *#ˈaːʃkl̩ː# {GOLD: #ˈaʃkl̩#} | *#ˈaːʃkl̩ː# {GOLD: >*} | *#ˈaʃkl̩# {GOLD: #ˈaʃklə#} | *#ˈaʃkəl# {GOLD: #ˈaʃkəl#}
18     | ... | ... | ... | #ˈɑsper# | *#ˈɑspɛr# | *#ˈɑspɛr# | *#ˈaspɪr# | *#ˈaʃpɪɾ# | *#ˈaːʃpəɾ# | *#ˈaːʃpɾ̩# {GOLD: >*} | *#ˈaːʃpɾ̩# {GOLD: >*} | *#ˈaʃpɾ̩# {GOLD: >*} | *#ˈaʃpəɾ# {GOLD: #ˈaʃpəɾ#}
19     | ... | ... | ... | ... | ... | ... | ... | #ˈalima# | *#ˈaːlima# | *#ˈaːlimə# {GOLD: >*} | *#ˈaːlim# {GOLD: >*} | *#ˈalm# {GOLD: >*} | *#ˈalm# {GOLD: #ˈaləm#}
20     | ... | ... | ... | #ˈɑwrum# | *#ˈɑwrʊ# | *#ˈɑwru# | *#ˈawru# | *#ˈaːɾu# | *#ˈaːɾə# | *#ˈaːɾ# {GOLD: #ˈaːɾ#} | *#ˈaːɾ# {GOLD: #ˈaːɾ#} | *#ˈaɾ# {GOLD: >*} | *#ˈaɾ# {GOLD: #ˈaɾ#}
21     | ... | ... | ... | #ˈɑrkum# | *#ˈɑrkʊ# | *#ˈɑrku# | *#ˈarku# | *#ˈaɾku# | *#ˈaːɾkə# | *#ˈaːɾk# {GOLD: #ɦˈaɾk#} | *#ˈaːɾk# {GOLD: >*} | *#ˈaɾk# {GOLD: >*} | *#ˈaɾk# {GOLD: #ˈaɾk#}
22     | ... | ... | ... | #ˈɑrkɑm# | *#ˈɑrkɑ# | *#ˈɑrkɑ# | *#ˈarka# | *#ˈaɾka# | *#ˈaːɾka# | *#ˈaːɾkə# {GOLD: >*} | *#ˈaːɾkə# {GOLD: >*} | *#ˈaɾkə# {GOLD: >*} | *#ˈaɾkə# {GOLD: #ˈaɾkə#}
23     | ... | ... | ... | #ˈɑlbɑnum# | *#ˈɑlbɑnʊ# | *#ˈɑlbɑnu# | *#ˈalbɑ̃ɾ̃u# | *#ˈalbɐɾ̃u# | *#ˈaːlbɐɾ̃ə# | *#ˈaːɾbəɾ̃# {GOLD: #ˈaɾbə̃ɾ̃ə#} | *#ˈaːɾbəɾ̃# {GOLD: >*} | *#ˈaɾbəɾ# {GOLD: >*} | *#ˈaɾbəɾ# {GOLD: #ˈaɾbəɾ#}
24     | ... | ... | ... | #ˈɑrmɑ# | *#ˈɑrmɑ# | *#ˈɑrmɑ# | *#ˈarma# | *#ˈaɾma# | *#ˈaːɾma# | *#ˈaːɾmə# {GOLD: >*} | *#ˈaːɾmə# {GOLD: >*} | *#ˈaɾmə# {GOLD: >*} | *#ˈaɾmə# {GOLD: #ˈaɾmə#}
25     | ... | ... | ... | #ˈɑptum# | *#ˈɑptʊ# | *#ˈɑptu# | *#ˈaptu# | *#ˈaptu# | *#ˈaːftə# | *#ˈaːft# {GOLD: >*} | *#ˈaːft# {GOLD: >*} | *#ˈaft# {GOLD: >*} | *#ˈaft# {GOLD: #ˈaft#}
26     | ... | ... | ... | ... | ... | ... | ... | #ˈamja# | *#ˈamja# | *#ˈamɛ# {GOLD: >*} | *#ˈamɛ# {GOLD: >*} | *#ˈamɛ# {GOLD: >*} | *#ˈamɛ# {GOLD: #ˈamɛ#}
27     | ... | ... | ... | ... | ... | ... | #xˌɒrbˈɪlɪ# | *#xˌɑɾˌɑbˈɪlɪ# | *#xˌɑɾˌɑbˈɛːlə# | *#xˌaɾˌabˈɛːl# {GOLD: >*} | *#hˌaɾˌabˈɛːl# {GOLD: >*} | *#haɾabˈɛl# {GOLD: >*} | *#haɾabˈɛl# {GOLD: #haɾabˈɛl#}
28     | ... | ... | ... | #ˌɑbˌerrˈɑːnioː# | *#ˌɑβˌɛrrˈɒːnju# | *#ˌɑvˌɛrrˈoɲu# | *#hˌavˌɛrrˈoɲu# | *#hˌavɪɾɾˈɔ̃ɲu# | *#hˌavərːˈɔ̃ɲə# | *#hˌavərˈɔ̃ɲ# {GOLD: >*} | *#hˌavərˈɔ̃ɲ# {GOLD: >*} | *#havərˈɔɲ# {GOLD: >*} | *#havərˈɔj# {GOLD: #harˈɔj#}
29     | ... | ... | ... | ... | ... | ... | ... | ... | #xˌɑbˈitɪ# | *#xˌabˈit# {GOLD: >*} | *#hˌabˈit# {GOLD: >*} | *#habˈit# {GOLD: >*} | *#habˈit# {GOLD: #habˈit#}
30     | ... | ... | ... | #ˌɑrmˌissˈɑːrium# | *#ˌɑrmˌɪssˈɒːrjʊ# | *#ˌɑrmˌessˈorju# | *#hˌarmɪssˈoru# | *#hˌaɾmɪʃˈɔɾu# | *#hˌaɾməʃˈuo̯ɾə# | *#hˌaɾməʃˈuo̯ɾ# {GOLD: #haɾməʃˈuo̯ɾ#} | *#hˌaɾməʃˈua̯ɾ# {GOLD: >*} | *#haɾməʃˈua̯ɾ# {GOLD: #haɾməʃˈua̯ɾ#} | *#haɾməʃˈɔɾ# {GOLD: #hamʃˈɔɾ#}
31     | ... | ... | ... | #ˌeːdˌiktˈɑːnioː# | *#ˌeːdˌɪktˈɒːnju# | *#ˌedˌektˈoɲu# | *#hˌeðˌektˈoɲu# | *#hˌeðɪktˈɔ̃ɲu# | *#hˌɛːtˈɔ̃ɲə# | *#hˌɛːtˈɔ̃ɲ# {GOLD: >*} | *#hˌɛːtˈɔ̃ɲ# {GOLD: >*} | *#hɛtˈɔɲ# {GOLD: >*} | *#hɛtˈɔj# {GOLD: #hɛtˈɔj#}
32     | ... | ... | ... | #ˌeksrˌiːmˈɑːnioː# | *#ˌɛsrˌimˈɒːnju# | *#ˌɛsrˌimˈoɲu# | *#hˌɛrˌimˈoɲu# | *#hˌɛɾə̃mˈɔ̃ɲu# | *#hˌɛɾə̃mˈɔ̃ɲə# | *#hˌɛɾə̃mˈɔ̃ɲ# {GOLD: >*} | *#hˌɛɾmˈɔ̃ɲ# {GOLD: >*} | *#hɛɾmˈɔɲ# {GOLD: >*} | *#hɛɾmˈɔj# {GOLD: #hɛɾmˈɔj#}
33     | ... | ... | ... | #hˈoːrɑm# | *#hˈoːrɑ# | *#hˈørɑ# | *#hˈøra# | *#hˈœɾa# | *#hˈɛːɾa# | *#hˈɛːɾə# {GOLD: #hˈɛɾə#} | *#hˈɛːɾə# {GOLD: >*} | *#hˈɛɾə# {GOLD: >*} | *#hˈɛɾə# {GOLD: #hˈɛɾə#}
34     | ... | ... | ... | #hˌinnikulˈɑːnioː# | *#hˌɪnnɪkʊlˈɒːnju# | *#hˌenːekulˈoɲu# | *#nːɪkulˈoɲu# | *#nːɪkulˈɔ̃ɲu# | *#nːɡulˠˈɔ̃ɲə# | *#ŋɡulˠˈɔ̃ɲ# {GOLD: >*} | *#ɲ̈ɡulˠˈɔ̃ɲ# {GOLD: >*} | *#ɲ̈ɡulˠˈɔɲ# {GOLD: >*} | *#ŋɡulˠˈɔj# {GOLD: #hiŋɡəlˠˈɔj#}
35     | ... | ... | ... | ... | ... | ... | ... | ... | #xˌɨtˈɑtɪ# | *#xˌitˈat# {GOLD: >*} | *#hˌitˈat# {GOLD: >*} | *#hitˈat# {GOLD: >*} | *#hitˈat# {GOLD: #hitˈat#}
36     | ... | ... | ... | #hˌinnˈikulɑ# | *#hˈɪnnikʊlɑ# | *#hˈenːikulɑ# | *#hˈinːɪkula# | *#hˈĩnːɪkula# | *#hˈĩnːɡəlːə# | *#hˈĩŋɡl̩ː# {GOLD: >*} | *#hˈĩɲ̈ɡl̩ː# {GOLD: >*} | *#hˈiɲ̈ɡl̩# {GOLD: >*} | *#hˈiŋɡəl# {GOLD: #hˈiŋɡəl#}
37     | ... | ... | ... | ... | ... | ... | ... | #xˌɒɾmˈɒβɑ# | *#xˌɒɾmˈɒvɑ# | *#xˌɔɾmˈɔvə# {GOLD: #xˌɒrmˈɔvə#} | *#hˌɔɾmˈɔvə# {GOLD: >*} | *#hɔɾmˈɔvə# {GOLD: >*} | *#hɔɾmˈɔvə# {GOLD: #hɔɾmˈɔvə#}
38     | ... | ... | ... | ... | ... | ... | #jˈɔkʊ# | *#jˈɔkə# | *#jˈɔkə# | *#jˈɔk# {GOLD: >*} | *#jˈɔk# {GOLD: >*} | *#jˈɔk# {GOLD: >*} | *#jˈɔk# {GOLD: #hˈɔkə#}
39     | ... | ... | ... | ... | ... | ... | ... | ... | #xˈɔːrɑ# | *#xˈɔːɾə# {GOLD: >*} | *#hˈɔːɾə# {GOLD: >*} | *#hˈɔɾə# {GOLD: >*} | *#hˈɔɾə# {GOLD: #hˈɔɾə#}
40     | ... | ... | ... | ... | ... | ... | ... | ... | #xˌukˈɑtɪ# | *#xˌukˈat# {GOLD: >*} | *#hˌukˈat# {GOLD: >*} | *#hukˈat# {GOLD: >*} | *#hukˈat# {GOLD: #hukˈat#}
41     | ... | ... | ... | ... | #ˌɑltˈɑːre# | *#ˌɑltˈɑre# | *#əltˈerɪ# | *#əltˈeɾɪ# | *#əltˈɛːɾə# | *#əltˈɛːɾ# {GOLD: #l̩tˈɛːɾ#} | *#əltˈɛːɾ# {GOLD: >*} | *#əltˈɛɾ# {GOLD: #əltˈɛɾ#} | *#əltˈɛɾ# {GOLD: #əltˈɛɾ#}
42     | ... | ... | ... | #ˌɑrɡˈentum# | *#ˌɑrɡˈɛntʊ# | *#ˌɑrɡˈɛntu# | *#ərɟˈɛntu# | *#əɾɟˈɛ̃ntu# | *#əɾɟˈɛ̃ndə# | *#əɾɟˈɛ̃nd# {GOLD: #ɾ̩ɟˈẽnt#} | *#əɾɟˈɛ̃nd# {GOLD: >*} | *#əɾɟˈɛnd# {GOLD: #əɾɟˈɛnd#} | *#əɾɟˈɛnd# {GOLD: #əɾɟˈɛnd#}
43     | ... | ... | ... | ... | ... | ... | ... | #ˌarsˈɛnɪka# | *#ˌarsˈɛnɡa# | *#ˌaɾsˈɛŋɡə# {GOLD: >*} | *#ˌaɾsˈɛɲ̈ɡə# {GOLD: >*} | *#aɾsˈɛɲ̈ɡə# {GOLD: >*} | *#aɾsˈɛŋɡə# {GOLD: #əɾsˈiŋɡə#}
44     | ... | ... | ... | ... | ... | ... | #ˈɑnɡɛlu# | *#ˈɑ̃nɟɛlu# | *#ˈɑ̃nɟəlˠə# | *#ˈʌ̃ɲɟ?0# {GOLD: >*} | *#ˈə̃ɲɟ?0# {GOLD: >*} | *#ˈəɲɟ?0# {GOLD: >*} | *#ˈəɲɟəlˠ# {GOLD: #ˈəɲɟəlˠ#}
45     | ... | ... | ... | ... | #ˈɑɡrion# | *#ˈɑɡrion# | *#ˈeɡrɪon# | *#ˈeɡɾɪ̃n# | *#ˈɛɡɾə̃# | *#ˈɛɡɾ̩# {GOLD: >*} | *#ˈɛɡɾ̩# {GOLD: >*} | *#ˈɛɡɾ̩# {GOLD: >*} | *#ˈɛɡəɾ# {GOLD: #ˈɛɡəɾ#}
46     | ... | ... | ... | ... | #ˈɑnɡɛlu# | *#ˈɑnɡɛlu# | *#ˈenɟɪlu# | *#ˈẽnɟɪlu# | *#ˈɛ̃nɟəlˠə# | *#ˈɛ̃ɲɟ?0# {GOLD: >*} | *#ˈɛ̃ɲɟ?0# {GOLD: >*} | *#ˈɛɲɟ?0# {GOLD: >*} | *#ˈɛɲɟəlˠ# {GOLD: #ˈɛɲɟəlˠ#}
47     | ... | ... | ... | #ˈeːskɑm# | *#ˈeːskɑ# | *#ˈeskɑ# | *#ˈeska# | *#ˈeʃka# | *#ˈɛːʃka# | *#ˈɛːʃkə# {GOLD: >*} | *#ˈɛːʃkə# {GOLD: >*} | *#ˈɛʃkə# {GOLD: >*} | *#ˈɛʃkə# {GOLD: #ˈɛʃkə#}
48     | ... | ... | #ɦˌaːˈera# | *#ˌɒːˈerɑ# | *#ˌɒːˈɛrɑ# | *#ˌoˈɛrɑ# | *#ˌoːˈɛra# | *#ˌɔːˈɛɾa# | *#ˌɔːˈɛːɾa# | *#ˈɛːɾə# {GOLD: >*} | *#ˈɛːɾə# {GOLD: >*} | *#ˈɛɾə# {GOLD: >*} | *#ˈɛɾə# {GOLD: #ˈɛɾə#}
49     | ... | ... | ... | #ˈɑmitɑm# | *#ˈɑmɪtɑ# | *#ˈɑmetɑ# | *#ˈemɪta# | *#ˈẽmɪta# | *#ˈɛ̃mta# | *#ˈɛ̃mtə# {GOLD: #ˈæ̃mətə#} | *#ˈɛ̃mtə# {GOLD: >*} | *#ˈɛmtə# {GOLD: >*} | *#ˈɛmtə# {GOLD: #ˈɛmtə#}
50     | ... | ... | ... | ... | ... | #jˌɑːnnwˈɑrju# | *#jˌaːnnˈeru# | *#jˌãːnnˈeɾu# | *#jˌãːnːˈɛːɾə# | *#jˌãːnːˈɛːɾ# {GOLD: >*} | *#jˌãːnˈɛːɾ# {GOLD: >*} | *#janˈɛɾ# {GOLD: >*} | *#janˈɛɾ# {GOLD: #janˈaɾ#}
51     | ... | ... | ... | ... | ... | ... | ... | ... | #jˌɑrˈinɑ# | *#jˌaɾˈinə# {GOLD: >*} | *#jˌaɾˈinə# {GOLD: >*} | *#jaɾˈinə# {GOLD: >*} | *#jaɾˈinə# {GOLD: #jaɾˈinə#}
52     | ... | ... | ... | ... | ... | ... | #jˌɑrˈɒwʊ# | *#jˌɑɾˈɔə̯# | *#jˌɑɾˈuo̯# | *#jˌaɾˈuo̯# {GOLD: >*} | *#jˌaɾˈua̯# {GOLD: >*} | *#jaɾˈua̯# {GOLD: >*} | *#jaɾˈua̯# {GOLD: #jaɾˈua̯#}
53     | ... | ... | ... | ... | ... | ... | #ˈæzʊ# | *#jˈazə# | *#jˈaːzə# | *#jˈaːz# {GOLD: >*} | *#jˈaːz# {GOLD: >*} | *#jˈaz# {GOLD: >*} | *#jˈaz# {GOLD: #jˈaz#}
54     | ... | ... | ... | ... | ... | ... | ... | ... | #jˈɑrɪmʊ# | *#jˈaɾm# {GOLD: >*} | *#jˈaɾm# {GOLD: >*} | *#jˈaɾm# {GOLD: >*} | *#jˈaɾm# {GOLD: #jˈaɾm#}
55     | ... | ... | ... | #ˈae̯wa# | *#ˈɛwa# | *#ˈɛwa# | *#ˈɛwa# | *#ˈɛːva# | *#ˈie̯va# | *#jˈɛvə# {GOLD: >*} | *#jˈɛvə# {GOLD: >*} | *#jˈɛvə# {GOLD: >*} | *#jˈɛvə# {GOLD: #jˈavə#}
56     | ... | ... | ... | ... | #ˈɛːxɔn# | *#ˈɛxon# | *#ˈɛxon# | *#ˈɛːxɔ̃n# | *#ˈie̯xə# | *#jˈɛx# {GOLD: >*} | *#jˈɛh# {GOLD: >*} | *#jˈɛh# {GOLD: >*} | *#jˈɛh# {GOLD: #jˈɛh#}
57     | ... | ... | ... | #ˈae̯tɑːtɑ# | *#ˈɛtɑːtɑ# | *#ˈɛttɑ# | *#ˈɛtta# | *#ˈɛːta# | *#ˈie̯ta# | *#jˈɛtə# {GOLD: >*} | *#jˈɛtə# {GOLD: >*} | *#jˈɛtə# {GOLD: >*} | *#jˈɛtə# {GOLD: #jˈɛtə#}
58     | ... | ... | ... | ... | ... | ... | #ˈɛzɛrʊ# | *#ˈɛːzɛɾə# | *#ˈie̯zəɾə# | *#jˈɛzɾ̩# {GOLD: >*} | *#jˈɛzɾ̩# {GOLD: >*} | *#jˈɛzɾ̩# {GOLD: >*} | *#jˈɛzəɾ# {GOLD: #jˈɛzəɾ#}
59     | ... | ... | #ɦˈɛːremon# | *#ˈɛːrəmon# | *#ˈɛːrəmʊ# | *#ˈɛrəmu# | *#ˈɛrəmu# | *#ˈɛːɾmu# | *#ˈie̯ɾmə# | *#jˈɛɾm# {GOLD: #jˈɛɾəm#} | *#jˈɛɾm# {GOLD: >*} | *#jˈɛɾm# {GOLD: >*} | *#jˈɛɾm# {GOLD: #jˈɛɾm#}
60     | ... | ... | ... | ... | ... | ... | ... | #jˌɔzˈɛfɔ# | *#jˌɔzˈɛːfə# | *#jˌɔzˈɛːf# {GOLD: >*} | *#jˌɔzˈɛːf# {GOLD: >*} | *#jɔzˈɛf# {GOLD: >*} | *#jɔzˈɛf# {GOLD: #jɔzˈɛf#}
61     | ... | ... | ... | ... | ... | ... | ... | #jˌɔzˈifɔ# | *#jˌɔzˈiːfə# | *#jˌɔzˈiːf# {GOLD: >*} | *#jˌɔzˈiːf# {GOLD: >*} | *#jɔzˈif# {GOLD: >*} | *#jɔzˈif# {GOLD: #jɔzˈif#}
62     | ... | ... | ... | ... | ... | ... | ... | ... | #jˈuɡʊ# | *#jˈuɡ# {GOLD: >*} | *#jˈuɡ# {GOLD: >*} | *#jˈuɡ# {GOLD: >*} | *#jˈuɡ# {GOLD: #jˈuɡ#}
63     | ... | ... | ... | ... | ... | ... | ... | ... | #jˈudʊ# | *#jˈud# {GOLD: >*} | *#jˈud# {GOLD: >*} | *#jˈud# {GOLD: >*} | *#jˈud# {GOLD: #jˈud#}
64     | ... | ... | ... | ... | ... | ... | #ˈilɪcˈetu# | *#ˈilɪcˈetu# | *#ˈiːlcˈɛtə# | *#ˈiːlcˈɛt# {GOLD: >*} | *#ˈiːlcˈɛt# {GOLD: >*} | *#ˈilcɛt# {GOLD: >*} | *#ˈilcɛt# {GOLD: #ilcˈɛt#}
65     | ... | ... | ... | #ˈiːliɑ# | *#ˈiʎɑ# | *#ˈiʎɑ# | *#ˈiʎa# | *#ˈiʎa# | *#ˈiːʎa# | *#ˈiːʎə# {GOLD: >*} | *#ˈiːʎə# {GOLD: >*} | *#ˈijə# {GOLD: >*} | *#ˈijə# {GOLD: #ˈijə#}
66     | ... | ... | #ɦˈejsammon# | *#ˈejsɑmmon# | *#ˈɛjsɑmmʊ# | *#ˈɛjsɑmmu# | *#ˈisammu# | *#ˈiʃɐmmu# | *#ˈiːʃɐmə# | *#ˈiːʃm̩# {GOLD: >*} | *#ˈiːʃm̩# {GOLD: >*} | *#ˈiʃm̩# {GOLD: >*} | *#ˈiʃəm# {GOLD: #ˈiʃəm#}
67     | ... | ... | ... | #ˈiːnsulɑm# | *#ˈinsʊlɑ# | *#ˈisulɑ# | *#ˈisula# | *#ˈiʃula# | *#ˈiːʃulˠə# | *#ˈiːʃulˠ# {GOLD: >*} | *#ˈiːʃulˠ# {GOLD: >*} | *#ˈiʃulˠ# {GOLD: >*} | *#ˈiʃulˠ# {GOLD: #ˈiʃulˠ#}
68     | ... | ... | ... | ... | ... | ... | ... | ... | #jˈɪskrɑ# | *#ˈiskɾ̩# {GOLD: >*} | *#ˈiskɾ̩# {GOLD: >*} | *#ˈiskɾ̩# {GOLD: >*} | *#ˈiskəɾ# {GOLD: #ˈiskəɾ#}
69     | ... | ... | ... | ... | ... | ... | ... | #ˈiːðulɔ# | *#ˈiːðulˠə# | *#ˈiːðulˠ# {GOLD: >*} | *#ˈiːðulˠ# {GOLD: >*} | *#ˈiðulˠ# {GOLD: >*} | *#ˈiðulˠ# {GOLD: #ˈiðulˠ#}
70     | ... | ... | ... | #ˈiːlikem# | *#ˈilɪkɛ# | *#ˈilekɛ# | *#ˈilɪcɪ# | *#ˈilɪcɪ# | *#ˈiːlcə# | *#ˈiːlc# {GOLD: >*} | *#ˈiːlc# {GOLD: >*} | *#ˈilc# {GOLD: >*} | *#ˈilc# {GOLD: #ˈilc#}
71     | ... | ... | ... | #ˈiːrɑ# | *#ˈirɑ# | *#ˈirɑ# | *#ˈira# | *#ˈiɾa# | *#ˈiːɾa# | *#ˈiːɾə# {GOLD: >*} | *#ˈiːɾə# {GOLD: >*} | *#ˈiɾə# {GOLD: >*} | *#ˈiɾə# {GOLD: #ˈiɾə#}
72     | ... | ... | ... | #ˌeːrˈiːkium# | *#ˈeːrikjʊ# | *#ˈerikju# | *#ˈirɪcju# | *#ˈiɾɪcju# | *#ˈiːɾicjə# | *#ˈiːɾic# {GOLD: >*} | *#ˈiːɾic# {GOLD: >*} | *#ˈiɾic# {GOLD: >*} | *#ˈiɾic# {GOLD: #ˈiɾic#}
73     | ... | ... | ... | ... | ... | ... | ... | ... | #ˈiβɑ# | *#ˈivə# {GOLD: >*} | *#ˈivə# {GOLD: >*} | *#ˈivə# {GOLD: >*} | *#ˈivə# {GOLD: #ˈivə#}
74     | ... | ... | ... | #ˌuːnktˈuːrɑ# | *#ˌuːnktˈuːrɑ# | *#ˌynktˈyrɑ# | *#ˌyːntˈyra# | *#ˌỹntˈyɾa# | *#ˌỹndˈyːɾa# | *#ˌỹndˈyːɾə# {GOLD: >*} | *#ˌỹndˈyːɾə# {GOLD: >*} | *#yndˈyɾə# {GOLD: >*} | *#yndˈyɾə# {GOLD: #yndˈyɾə#}
75     | ... | ... | ... | ... | #ˌeːwɪʎˈɒːɲu# | *#ˌyːˈoe̯jɲu# | *#ˌyːˈoe̯jɲu# | *#əˈœːj̃ɲu# | *#əˈye̯j̃ɲə# | *#ˈyːe̯j̃ɲ# {GOLD: >*} | *#ˈyːe̯j̃ɲ# {GOLD: >*} | *#ˈye̯jɲ# {GOLD: >*} | *#ˈye̯j# {GOLD: #ˈye̯j#}
76     | ... | ... | ... | ... | ... | ... | ... | ... | #ˌɒbʊkˈɨtɑ# | *#ˌɔkˈitə# {GOLD: >*} | *#ˌɔkˈitə# {GOLD: >*} | *#ɔkˈitə# {GOLD: >*} | *#ɔcˈitə# {GOLD: #ɔkˈitə#}
77     | ... | ... | ... | ... | ... | ... | #ˌɒɡrˈɒdjɑ# | *#ˌɒːɡɾˈɑʎɑ# | *#ˌɒːɡɾˈɑːʎɑ# | *#ˌɔːɡɾˈaːʎə# {GOLD: >*} | *#ˌɔːɡɾˈaːʎə# {GOLD: >*} | *#ɔɡɾˈajə# {GOLD: >*} | *#ɔɡɾˈajə# {GOLD: #ɔɡɾˈajə#}
78     | ... | ... | ... | ... | ... | ... | ... | ... | #ˌɒtˈɑβɑ# | *#ˌɔtˈavə# {GOLD: >*} | *#ˌɔtˈavə# {GOLD: >*} | *#ɔtˈavə# {GOLD: >*} | *#ɔtˈavə# {GOLD: #ɔtˈavə#}
79     | ... | ... | ... | ... | ... | ... | #ˌɒrɒ̃dˈɪjɛ# | *#ˌɒːɾˌɑ̃ndˈɪjɛ# | *#ˌɒːɾˌɑ̃ndˈɪjɛ# | *#ˌɔːɾˌʌ̃ndˈi# {GOLD: >*} | *#ˌɔːɾˌə̃ndˈi# {GOLD: >*} | *#ɔɾəndˈi# {GOLD: >*} | *#ɔɾəndˈi# {GOLD: #ɔɾəndˈi#}
80     | ... | ... | ... | ... | ... | ... | ... | ... | #ˌɒbʊrˈɒkʊ# | *#ˌɔbɾˈɔk# {GOLD: >*} | *#ˌɔbɾˈɔk# {GOLD: >*} | *#ɔbɾˈɔk# {GOLD: >*} | *#ɔbɾˈɔk# {GOLD: #ɔɾˈɔk#}
81     | ... | ... | ... | ... | ... | ... | #ˌɒbʊpˈɪnʊkɑ# | *#ˌɒpˈɪ̃nkɑ# | *#ˌɒpˈãnɡɑ# | *#ˌɔpˈʌ̃ŋɡə# {GOLD: #ˌɒpˈɑ̃nkə#} | *#ˌɔpˈə̃ɲ̈ɡə# {GOLD: >*} | *#ɔpˈəɲ̈ɡə# {GOLD: >*} | *#ɔpˈəŋɡə# {GOLD: #ɔpˈəŋɡə#}
82     | ... | ... | ... | ... | ... | ... | ... | ... | #ˌɒbβˈɒrʊ# | *#ˌɔbˈɔɾ# {GOLD: >*} | *#ˌɔbˈɔɾ# {GOLD: >*} | *#ɔbˈɔɾ# {GOLD: >*} | *#ɔbˈɔɾ# {GOLD: #ɔbˈɔr#}
83     | ... | ... | ... | ... | ... | ... | #ˌɒblˈɒ̃kʊ# | *#ˌɒblˈɑ̃nkə# | *#ˌɒblˈɑ̃nɡə# | *#ˌɔblˈʌ̃ŋɡ# {GOLD: #ˌɒblˠˈɑ̃nk#} | *#ˌɔblˈə̃ɲ̈ɡ# {GOLD: >*} | *#ɔblˈəɲ̈ɡ# {GOLD: >*} | *#ɔblˈəŋɡ# {GOLD: #ɔblˠˈəŋɡ#}
84     | ... | ... | ... | ... | ... | ... | ... | #ˈɔkrɔn# | *#ˈɔkrə# | *#ˈɔkɾ̩# {GOLD: >*} | *#ˈɔkɾ̩# {GOLD: >*} | *#ˈɔkɾ̩# {GOLD: >*} | *#ˈɔkəɾ# {GOLD: #ˈɔkəɾ#}
85     | ... | ... | ... | ... | ... | ... | ... | ... | #ˈɔjiʃtɛ# | *#ˈɔiʃtə# {GOLD: >*} | *#ˈɔiʃtə# {GOLD: >*} | *#ˈɔiʃtə# {GOLD: >*} | *#ˈɔiʃtə# {GOLD: #ˈɔʃtə#}
86     | ... | ... | ... | ... | ... | ... | ... | #kˌalɔɣˈɛːrɔ# | *#kˌalˠɔɡˈie̯rə# | *#kˌalˠɔɡjˈɛɾ# {GOLD: >*} | *#kˌalˠɔɡjˈɛɾ# {GOLD: >*} | *#kalˠɔɟˈɛɾ# {GOLD: >*} | *#kalˠɔɟˈɛɾ# {GOLD: #kalˠɔɟˈɛɾ#}
87     | ... | ... | ... | #kˌɑlendˈɑːrium# | *#kˌɑlɛndˈɒːrjʊ# | *#kˌɑlɛndˈorju# | *#kˌalɪndˈoru# | *#kˌalə̃ndˈɔɾu# | *#kˌalˠə̃ndˈuo̯ɾə# | *#kˌalˠə̃ndˈuo̯ɾ# {GOLD: #kˌalˠəndˈuo̯ɾ#} | *#kˌalˠə̃ndˈua̯ɾ# {GOLD: #kˌalˠn̩dˈuo̯ɾ#} | *#kalˠndˈua̯ɾ# {GOLD: #kˌalˠəndˈua̯ɾ#} | *#kalˠnˈɔɾ# {GOLD: #kalˠnˈɔɾ#}
88     | ... | ... | ... | #kˌɑlɑmˈeːtum# | *#kˌɑlɑmˈeːtʊ# | *#kˌɑlɑmˈetu# | *#kˌalamˈetu# | *#kˌalə̃mˈetu# | *#kˌalˠə̃mˈɛtə# | *#kˌalˠə̃mˈɛt# {GOLD: >*} | *#kˌalˠmˈɛt# {GOLD: >*} | *#kalˠmˈɛt# {GOLD: >*} | *#kalˠmˈɛt# {GOLD: #kalˠmˈɛt#}
89     | ... | ... | ... | ... | ... | ... | ... | ... | #kˌɒt͡ʃurˈɛlʊ# | *#kˌat͡ʃuɾˈɛl# {GOLD: >*} | *#kˌat͡ʃuɾˈɛl# {GOLD: >*} | *#kat͡ʃuɾˈɛl# {GOLD: >*} | *#kat͡ʃuɾˈɛl# {GOLD: #kat͡ʃurˈɛl#}
90     | ... | ... | ... | ... | ... | ... | ... | ... | #kˌɒt͡ʃˈulʊ# | *#kˌat͡ʃˈul# {GOLD: >*} | *#kˌat͡ʃˈul# {GOLD: >*} | *#kat͡ʃˈul# {GOLD: >*} | *#kat͡ʃˈul# {GOLD: #kat͡ʃˈul#}
91     | ... | ... | ... | ... | ... | ... | ... | ... | #kˌɒt͡ʃˈubɑ# | *#kˌat͡ʃˈubə# {GOLD: >*} | *#kˌat͡ʃˈubə# {GOLD: >*} | *#kat͡ʃˈubə# {GOLD: >*} | *#kat͡ʃˈubə# {GOLD: #kat͡ʃˈubə#}
92     | ... | ... | ... | ... | ... | ... | ... | ... | #kˌɒt͡ʃˈubɛlɪ# | *#kˌat͡ʃˈubl̩# {GOLD: >*} | *#kˌat͡ʃˈubl̩# {GOLD: >*} | *#kat͡ʃˈubl̩# {GOLD: >*} | *#kat͡ʃˈubəl# {GOLD: #kat͡ʃˈubəl#}
93     | ... | ... | ... | #kʷˌɑsˈillum# | *#kʷˌɑsˈɪllʊ# | *#kʷˌɑsˈilːu# | *#kˌasˈilːu# | *#kˌaʃˈilːu# | *#kˌaʃˈiːlːə# | *#kˌaʃˈiːlː# {GOLD: >*} | *#kˌaʃˈiːlː# {GOLD: >*} | *#kaʃˈil# {GOLD: >*} | *#kaʃˈil# {GOLD: #kaʃˈil#}
94     | ... | ... | ... | #kˌɑstɑnˈettum# | *#kˌɑstɑnˈɛttʊ# | *#kˌɑstɑnˈɛttu# | *#kˌastɑ̃ɾ̃ˈɛttu# | *#kˌaʃtə̃ɾ̃ˈɛːtu# | *#kˌaʃtə̃ɾ̃ˈie̯tə# | *#kˌaʃɲˈɛt# {GOLD: >*} | *#kˌaʃɲˈɛt# {GOLD: >*} | *#kaʃɲˈɛt# {GOLD: >*} | *#kaʃɲˈɛt# {GOLD: #kaʃɲˈɛt#}
95     | ... | ... | ... | ... | ... | ... | ... | #kˌatˈɔːɣɪ# | *#kˌatˈuo̯# | *#kˌatˈuo̯# {GOLD: >*} | *#kˌatˈua̯# {GOLD: >*} | *#katˈua̯# {GOLD: >*} | *#katˈua̯# {GOLD: #katˈua̯#}
96     | ... | ... | ... | ... | ... | ... | ... | ... | #kˌɑdˈitɪ# | *#kˌadˈit# {GOLD: >*} | *#kˌadˈit# {GOLD: >*} | *#kadˈit# {GOLD: >*} | *#kadˈit# {GOLD: #kadˈit#}
97     | ... | ... | ... | ... | ... | ... | ... | ... | #kˌɑstrɑβˈɪt͡sɪ# | *#kˌastɾavˈɛt͡s# {GOLD: >*} | *#kˌastɾavˈɛt͡s# {GOLD: >*} | *#kastɾavˈɛt͡s# {GOLD: >*} | *#kastɾavˈɛt͡s# {GOLD: #kastɾavˈɛt͡s#}
98     | ... | ... | ... | ... | ... | ... | ... | ... | #kˌɑsnˈɪt͡sɪ# | *#kˌasnˈɛt͡s# {GOLD: >*} | *#kˌasnˈɛt͡s# {GOLD: >*} | *#kasnˈɛt͡s# {GOLD: >*} | *#kasnˈɛt͡s# {GOLD: #kasnˈɛt͡s#}
99     | ... | ... | ... | ... | ... | ... | ... | ... | #kˌɑlibˈɒbʊ# | *#kˌalibˈɔb# {GOLD: >*} | *#kˌalibˈɔb# {GOLD: >*} | *#kalibˈɔb# {GOLD: >*} | *#kalibˈɔb# {GOLD: #kalibˈɔb#}
100    | ... | ... | ... | ... | ... | ... | #kˌɒlˈɨbɑ# | *#kˌɑlˈɨbɑ# | *#kˌɑlˈibɑ# | *#kˌalˈibə# {GOLD: >*} | *#kˌalˈibə# {GOLD: >*} | *#kalˈibə# {GOLD: >*} | *#kalˈibə# {GOLD: #kalˈibə#}
101    | ... | ... | ... | ... | ... | ... | #kˌɒrwˈɑʎɑ# | *#kˌɑɾˌɑwˈɑʎɑ# | *#kˌɑɾˌɑwˈɑːʎɑ# | *#kˌaɾˌawˈɛːlːə# {GOLD: #kˌɒɾˌɒvˈɛlə#} | *#kˌaɾˌavˈɛːlːə# {GOLD: >*} | *#kaɾavˈɛlə# {GOLD: >*} | *#kaɾavˈɛlə# {GOLD: #kaɾavˈɛlə#}
102    | ... | ... | ... | ... | ... | ... | #kˌɒrˈɪt͡sɑ# | *#kˌɑɾˈɪt͡sɑ# | *#kˌɑɾˈɪːt͡sɑ# | *#kˌaɾˈit͡sə# {GOLD: #kˌɒɾˈit͡sə#} | *#kˌaɾˈit͡sə# {GOLD: >*} | *#kaɾˈit͡sə# {GOLD: >*} | *#kaɾˈit͡sə# {GOLD: #kaɾˈit͡sə#}
103    | ... | ... | ... | #kʷˌɑdrˈiːɡɑ# | *#kʷˌɑdrˈiɡɑ# | *#kʷˌɑdrˈiɡɑ# | *#kˌarrˈiɡa# | *#kəɾɾˈiɡa# | *#kərːˈiɡa# | *#kɾˈiɡə# {GOLD: >*} | *#kɾˈiɡə# {GOLD: >*} | *#kɾˈiɡə# {GOLD: >*} | *#kɾˈiɡə# {GOLD: #karˈiɡə#}
104    | ... | ... | ... | ... | ... | ... | #kˌɒrˈɯtɒ# | *#kˌɑɾˈɯtɒ# | *#kˌɑɾˈutɒ# | *#kˌaɾˈutə# {GOLD: >*} | *#kˌaɾˈutə# {GOLD: >*} | *#kaɾˈutə# {GOLD: >*} | *#kaɾˈutə# {GOLD: #karˈutə#}
105    | ... | ... | ... | ... | ... | ... | #kˌɒrˈupʊ# | *#kˌɑɾˈupə# | *#kˌɑɾˈupə# | *#kˌaɾˈup# {GOLD: >*} | *#kˌaɾˈup# {GOLD: >*} | *#kaɾˈup# {GOLD: >*} | *#kaɾˈup# {GOLD: #karˈup#}
106    | ... | ... | ... | #kˌɑppˈellɑ# | *#kˌɑppˈɛllɑ# | *#kˌɑppˈɛlːɑ# | *#kˌappˈɛlːa# | *#kˌapˈɛlːa# | *#kˌapˈɛːlːa# | *#kˌapˈɛːlːə# {GOLD: >*} | *#kˌapˈɛːlːə# {GOLD: >*} | *#kapˈɛlə# {GOLD: >*} | *#kapˈɛlə# {GOLD: #kapˈɛlə#}
107    | ... | ... | ... | ... | ... | ... | ... | ... | #kˌɑpˈitɪ# | *#kˌapˈit# {GOLD: >*} | *#kˌapˈit# {GOLD: >*} | *#kapˈit# {GOLD: >*} | *#kapˈit# {GOLD: #kapˈit#}
108    | ... | ... | ... | #kˌɑːpˈoːnem# | *#kˌɑːpˈɒːnɛ# | *#kˌɑpˈonɛ# | *#kˌapˈonɪ# | *#kˌapˈɔ̃ɾ̃ɪ# | *#kˌapˈũo̯ɾ̃ə# | *#kˌapˈũo̯# {GOLD: #kapˈuo̯#} | *#kˌapˈũa̯# {GOLD: >*} | *#kapˈua̯# {GOLD: >*} | *#kapˈua̯# {GOLD: #kapˈua̯#}
109    | ... | ... | ... | #kˌɑpitˈiːnɑ# | *#kˌɑpɪtˈinɑ# | *#kˌɑptˈinɑ# | *#kˌaptˈina# | *#kˌaptˈĩna# | *#kɐftˈĩna# | *#kəftˈĩnə# {GOLD: >*} | *#kəftˈĩnə# {GOLD: >*} | *#kəftˈinə# {GOLD: >*} | *#kəftˈinə# {GOLD: #kaptˈinə#}
110    | ... | ... | ... | #kˌɑpreˈolum# | *#kˌɑprjˈɒlʊ# | *#kˌɑprjˈolu# | *#kˌaprˈolu# | *#kˌapɾˈɔlu# | *#kˌapɾˈuo̯lˠə# | *#kˌapɾˈuo̯lˠ# {GOLD: #kapɾˈuo̯lˠ#} | *#kˌapɾˈua̯lˠ# {GOLD: >*} | *#kapɾˈua̯lˠ# {GOLD: >*} | *#kapɾˈua̯lˠ# {GOLD: #kapɾˈua̯lˠ#}
111    | ... | ... | ... | #kˌɑpissˈɑːtɑm# | *#kˌɑpɪssˈɑːtɑ# | *#kˌɑpssˈɑtɑ# | *#kˌapsˈata# | *#kˌapʃˈata# | *#kˌafʃˈata# | *#kˌafʃˈatə# {GOLD: >*} | *#kˌafʃˈatə# {GOLD: >*} | *#kafʃˈatə# {GOLD: >*} | *#kafʃˈatə# {GOLD: #kafʃˈatə#}
112    | ... | ... | ... | #kˌɑpissˈonioː# | *#kˌɑpɪssˈɒnju# | *#kˌɑpssˈoɲu# | *#kˌapsˈoɲu# | *#kˌapʃˈɔ̃ɲu# | *#kˌafʃˈɔ̃ɲə# | *#kˌafʃˈɔ̃ɲ# {GOLD: >*} | *#kˌafʃˈɔ̃ɲ# {GOLD: >*} | *#kafʃˈɔɲ# {GOLD: >*} | *#kafʃˈɔj# {GOLD: #kafʃˈɔj#}
113    | ... | ... | ... | ... | ... | ... | #kˌɑmɛnˈit͡sɑ# | *#kˌɑ̃mnˈit͡sɑ# | *#kˌɑ̃mːˈiːt͡sɑ# | *#kˌʌ̃mːˈiːt͡sə# {GOLD: >*} | *#kˌə̃mˈiːt͡sə# {GOLD: >*} | *#kəmˈit͡sə# {GOLD: >*} | *#kəmˈit͡sə# {GOLD: #kamˈit͡sə#}
114    | ... | ... | ... | #kˈɑlɑmum# | *#kˈɑlɑmʊ# | *#kˈɑlɑmu# | *#kˈalamu# | *#kˈalɐmu# | *#kˈaːlˠɐmə# | *#kˈaːlˠəm# {GOLD: >*} | *#kˈaːlˠəm# {GOLD: >*} | *#kˈalˠm# {GOLD: #kˈalˠəm#} | *#kˈalˠm# {GOLD: #kˈalˠm#}
115    | ... | ... | ... | ... | ... | ... | ... | ... | #tʊkˈɑt͡ʃɪ# | *#kˈat͡ʃ# {GOLD: >*} | *#kˈat͡ʃ# {GOLD: >*} | *#kˈat͡ʃ# {GOLD: >*} | *#kˈat͡ʃ# {GOLD: #kˈat͡ʃ#}
116    | ... | ... | ... | #kˈɑnnɑ# | *#kˈɑnnɑ# | *#kˈɑnːɑ# | *#kˈanːa# | *#kˈãnːa# | *#kˈanːa# | *#kˈanːə# {GOLD: >*} | *#kˈanə# {GOLD: >*} | *#kˈanə# {GOLD: >*} | *#kˈanə# {GOLD: #kˈanə#}
117    | ... | ... | ... | #kˈɑntʰɑrum# | *#kˈɑntʰɑrʊ# | *#kˈɑntɑru# | *#kˈantaru# | *#kˈãntɐɾu# | *#kˈandɐɾə# | *#kˈandɾ̩# {GOLD: >*} | *#kˈandɾ̩# {GOLD: >*} | *#kˈandɾ̩# {GOLD: >*} | *#kˈandəɾ# {GOLD: #kˈandəɾ#}
118    | ... | ... | #kˈɑntʰɑron# | *#kˈɑntʰɑron# | *#kˈɑntʰɑrʊ# | *#kˈɑntɑru# | *#kˈantaru# | *#kˈãntɐɾu# | *#kˈandɐɾə# | *#kˈandɾ̩# {GOLD: #kˈãntəɾə#} | *#kˈandɾ̩# {GOLD: >*} | *#kˈandɾ̩# {GOLD: >*} | *#kˈandəɾ# {GOLD: #kˈandəɾ#}
119    | ... | ... | #kˈɑltʰɑ# | *#kˈɑltʰɑ# | *#kˈɑltʰɑ# | *#kˈɑltɑ# | *#kˈalta# | *#kˈalta# | *#kˈaːlta# | *#kˈaːltə# {GOLD: >*} | *#kˈaːltə# {GOLD: >*} | *#kˈaltə# {GOLD: >*} | *#kˈaltə# {GOLD: #kˈaltə#}
120    | ... | ... | #kˈɑltʰinɑ# | *#kˈɑltʰənɑ# | *#kˈɑltʰənɑ# | *#kˈɑltənɑ# | *#kˈaltɑ̃ɾ̃a# | *#kˈaltɐɾ̃a# | *#kˈaːltɐɾ̃a# | *#kˈaːltəɾ̃ə# {GOLD: #kˈaltə̃ɾ̃ə#} | *#kˈaːltəɾ̃# {GOLD: >*} | *#kˈaltəɾ# {GOLD: >*} | *#kˈaltəɾ# {GOLD: #kˈaltəɾ#}
121    | ... | ... | ... | #kʰˈɑrtɑm# | *#kʰˈɑrtɑ# | *#kˈɑrtɑ# | *#kˈarta# | *#kˈaɾta# | *#kˈaːɾta# | *#kˈaːɾtə# {GOLD: >*} | *#kˈaːɾtə# {GOLD: >*} | *#kˈaɾtə# {GOLD: >*} | *#kˈaɾtə# {GOLD: #kˈaɾtə#}
122    | ... | ... | ... | #kʷˈɑːrtɑ# | *#kʷˈɑːrtɑ# | *#kʷˈɑrtɑ# | *#kˈarta# | *#kˈaɾta# | *#kˈaːɾta# | *#kˈaːɾtə# {GOLD: >*} | *#kˈaːɾtə# {GOLD: >*} | *#kˈaɾtə# {GOLD: >*} | *#kˈaɾtə# {GOLD: #kˈaɾtə#}
123    | ... | ... | ... | #kˈɑrrɑ# | *#kˈɑrrɑ# | *#kˈɑrrɑ# | *#kˈarra# | *#kˈaɾɾa# | *#kˈaːrːa# | *#kˈaːrə# {GOLD: >*} | *#kˈaːrə# {GOLD: >*} | *#kˈarə# {GOLD: >*} | *#kˈarə# {GOLD: #kˈarə#}
124    | ... | ... | ... | ... | ... | ... | #kˈaβka# | *#kˈaβka# | *#kˈaːfka# | *#kˈaːfkə# {GOLD: >*} | *#kˈaːfkə# {GOLD: >*} | *#kˈafkə# {GOLD: >*} | *#kˈafkə# {GOLD: #kˈafkə#}
125    | ... | ... | ... | ... | ... | ... | #kˈaβsa# | *#kˈaβʃa# | *#kˈaːfʃa# | *#kˈaːfʃə# {GOLD: >*} | *#kˈaːfʃə# {GOLD: >*} | *#kˈafʃə# {GOLD: >*} | *#kˈafʃə# {GOLD: #kˈafʃə#}
126    | ... | ... | ... | #ˌekkum# | *#ˌɛkkʊ# | *#ˌɛkku# | *#kku# | *#ku# | *#kə# | *#kə# {GOLD: >*} | *#kə# {GOLD: >*} | *#kə# {GOLD: >*} | *#kə# {GOLD: #kə#}
127    | ... | ... | ... | #kˌɑntikˈellum# | *#kˌɑntɪkˈɛllʊ# | *#kˌɑntkˈɛlːu# | *#kˌancˈɛlːu# | *#kˌãncˈɛlːu# | *#kˌãncˈɛːlːə# | *#kˌʌ̃ɲɟˈɛːlː# {GOLD: #kˌãntcˈɛl#} | *#kˌə̃ɲɟˈɛːlː# {GOLD: >*} | *#kəɲɟˈɛl# {GOLD: >*} | *#kəɲɟˈɛl# {GOLD: #kəɲɟˈɛl#}
128    | ... | ... | ... | #kˌoːnsˈilium# | *#kˌʊnsˈiʎʊ# | *#kˌusˈilːu# | *#kˌusˈilːu# | *#kˌuːʃˈilːu# | *#kˌuːʃˈiːlːə# | *#kˌuːʃˈiːlː# {GOLD: >*} | *#kˌuːʃˈiːlː# {GOLD: >*} | *#kuʃˈil# {GOLD: >*} | *#kuʃˈil# {GOLD: #kəʃˈilˠ#}
129    | ... | ... | ... | #kˌɑwsˈuːrɑ# | *#kˌɑwsˈuːrɑ# | *#kˌɑwsˈyrɑ# | *#kəsˈyra# | *#kəʃˈyɾa# | *#kəʃˈyːɾa# | *#kəʃˈyːɾə# {GOLD: >*} | *#kəʃˈyːɾə# {GOLD: >*} | *#kəʃˈyɾə# {GOLD: >*} | *#kəʃˈyɾə# {GOLD: #kəʃˈyɾə#}
130    | ... | ... | ... | #kˌɑstˈellɑm# | *#kˌɑstˈɛllɑ# | *#kˌɑstˈɛlːɑ# | *#kˌastˈɛlːa# | *#kˌaʃtˈɛːlːa# | *#kɐʃtˈie̯lːa# | *#kəʃcˈɛlːə# {GOLD: >*} | *#kəʃcˈɛlːə# {GOLD: >*} | *#kəʃcˈɛlə# {GOLD: >*} | *#kəʃcˈɛlə# {GOLD: #kəʃtjˈɛlˠə#}
131    | ... | ... | ... | #kˌɑstˈellum# | *#kˌɑstˈɛllʊ# | *#kˌɑstˈɛlːu# | *#kˌastˈɛlːu# | *#kˌaʃtˈɛːlːu# | *#kɐʃtˈie̯lːə# | *#kəʃcˈɛlː# {GOLD: >*} | *#kəʃcˈɛlː# {GOLD: >*} | *#kəʃcˈɛl# {GOLD: #kəʃtjˈɛl#} | *#kəʃcˈɛl# {GOLD: ...}
132    | ... | ... | ... | #kˌɑnnˈɑːtɑm# | *#kˌɑnnˈɑːtɑ# | *#kˌɑnːˈɑtɑ# | *#kˌanːˈata# | *#kə̃nːˈata# | *#kə̃nːˈata# | *#kə̃nːˈatə# {GOLD: >*} | *#kə̃nˈatə# {GOLD: >*} | *#kənˈatə# {GOLD: >*} | *#kənˈatə# {GOLD: #kənˈatə#}
133    | ... | ... | ... | #kˌɑnnˈeːtum# | *#kˌɑnnˈeːtʊ# | *#kˌɑnːˈetu# | *#kˌanːˈetu# | *#kə̃nːˈetu# | *#kə̃nːˈɛtə# | *#kə̃nːˈɛt# {GOLD: >*} | *#kə̃nˈɛt# {GOLD: >*} | *#kənˈɛt# {GOLD: >*} | *#kənˈɛt# {GOLD: #kənˈɛt#}
134    | ... | ... | ... | #kˌɑndˈeːlɑm# | *#kˌɑndˈeːlɑ# | *#kˌɑndˈelɑ# | *#kˌandˈela# | *#kə̃ndˈela# | *#kə̃ndˈɛːlˠa# | *#kə̃ndˈɛːlˠə# {GOLD: >*} | *#kə̃ndˈɛːlˠə# {GOLD: >*} | *#kəndˈɛlˠə# {GOLD: >*} | *#kəndˈɛlˠə# {GOLD: #kəndˈɛlˠə#}
135    | ... | ... | ... | #kˌɑntˈɑːnioː# | *#kˌɑntˈɒːnju# | *#kˌɑntˈoɲu# | *#kˌantˈoɲu# | *#kə̃ntˈɔ̃ɲu# | *#kə̃ndˈɔ̃ɲə# | *#kə̃ndˈɔ̃ɲ# {GOLD: >*} | *#kə̃ndˈɔ̃ɲ# {GOLD: >*} | *#kəndˈɔɲ# {GOLD: >*} | *#kəndˈɔj# {GOLD: #kəndˈɔj#}
136    | ... | ... | ... | #klˌɑwsˈuːrɑ# | *#klˌɑwsˈuːrɑ# | *#klˌɑwsˈyrɑ# | *#kləsˈyra# | *#kləʃˈyɾa# | *#kləʃˈyːɾa# | *#kl̩ʃˈyːɾə# {GOLD: #kl̩t͡ʃˈyɾə#} | *#kl̩ʃˈyːɾə# {GOLD: >*} | *#kl̩t͡ʃˈyɾə# {GOLD: >*} | *#kəlt͡ʃˈyɾə# {GOLD: #kəlt͡ʃˈyɾə#}
137    | ... | ... | ... | #kˌirkˈɑːnioː# | *#kˌɪrkˈɒːnju# | *#kˌerkˈoɲu# | *#kˌerkˈoɲu# | *#kəɾkˈɔ̃ɲu# | *#kəɾkˈɔ̃ɲə# | *#kɾ̩kˈɔ̃ɲ# {GOLD: >*} | *#kɾ̩kˈɔ̃ɲ# {GOLD: >*} | *#kɾ̩kˈɔɲ# {GOLD: >*} | *#kəɾkˈɔj# {GOLD: #kəɾkˈɔj#}
138    | ... | ... | ... | #kˌirkˈellɑ# | *#kˌɪrkˈɛllɑ# | *#kˌerkˈɛlːɑ# | *#kˌercˈɛlːa# | *#kəɾcˈɛlːa# | *#kəɾcˈɛːlːa# | *#kɾ̩cˈɛːlːə# {GOLD: >*} | *#kɾ̩cˈɛːlːə# {GOLD: >*} | *#kɾ̩cˈɛlə# {GOLD: >*} | *#kəɾcˈɛlə# {GOLD: #kəɾcˈɛlə#}
139    | ... | ... | ... | ... | #kʰrˌeːstiːnˌɑːtˈɑːle# | *#krˌestintˈɑle# | *#krɪstntˈelɪ# | *#kɾɪʃtntˈelɪ# | *#kɾəʃtəndˈɛːlə# | *#kɾ̩ʃn̩dˈɛːl# {GOLD: >*} | *#kɾ̩ʃn̩dˈɛːl# {GOLD: >*} | *#kɾ̩ʃn̩dˈɛl# {GOLD: >*} | *#kəɾʃəndˈɛl# {GOLD: #kəɾʃəndˈɛl#}
140    | ... | ... | ... | ... | #kʰrˌeːstiˈɑːnɑ# | *#krˌestijˈɑnɑ# | *#krɪstˈena# | *#kɾɪʃtˈẽɾ̃a# | *#kɾəʃtˈɛ̃ɾ̃a# | *#kɾ̩ʃtˈɛ̃ɾ̃ə# {GOLD: #kɾ̩ʃtˈɛ̃ɾ̃ə#} | *#kɾ̩ʃtˈɛ̃ɾ̃ə# {GOLD: >*} | *#kɾ̩ʃtˈɛɾə# {GOLD: >*} | *#kəɾʃtˈɛɾə# {GOLD: #kəɾʃtˈɛɾə#}
141    | ... | ... | ... | ... | ... | ... | #krˌit͡ʃˈɑtɪ# | *#kɾˌisˈɑtɪ# | *#kɾˌisˈɑtə# | *#kɾ̩sˈat# {GOLD: >*} | *#kɾ̩sˈat# {GOLD: >*} | *#kɾ̩t͡sˈat# {GOLD: >*} | *#kəɾt͡sˈat# {GOLD: #kəɾt͡sˈat#}
142    | ... | ... | ... | ... | ... | ... | #kˌɒrt͡ʃˈunə# | *#kəɾsˈũnə# | *#kəɾsˈũːnə# | *#kɾ̩sˈũː# {GOLD: #kˌɾ̩t͡sˈũ#} | *#kɾ̩sˈũː# {GOLD: >*} | *#kɾ̩t͡sˈu# {GOLD: >*} | *#kəɾt͡sˈu# {GOLD: #kəɾt͡sˈu#}
143    | ... | ... | ... | #kˌɑrpˈutioː# | *#kˌɑrpˈʊt͡ʃju# | *#kˌɑrpˈut͡ʃju# | *#kˌarpˈut͡ʃu# | *#kəɾpˈusu# | *#kəɾpˈuːsə# | *#kɾ̩pˈuːs# {GOLD: >*} | *#kɾ̩pˈuːs# {GOLD: >*} | *#kɾ̩pˈus# {GOLD: >*} | *#kəɾpˈus# {GOLD: #kəɾpˈus#}
144    | ... | ... | ... | ... | ... | ... | ... | ... | #kˌʊrbˈɑt͡ʃɪ# | *#kɾ̩bˈat͡ʃ# {GOLD: >*} | *#kɾ̩bˈat͡ʃ# {GOLD: >*} | *#kɾ̩bˈat͡ʃ# {GOLD: >*} | *#kəɾbˈat͡ʃ# {GOLD: #kəɾbˈat͡ʃ#}
145    | ... | ... | ... | ... | ... | #kˌɔrnˈutɑ# | *#kˌɔrnˈuta# | *#kˌɔːɾnˈuta# | *#kˌɔːrːˈuta# | *#kˌɔːrˈutə# {GOLD: >*} | *#kˌɔːrˈutə# {GOLD: >*} | *#kɔrˈutə# {GOLD: >*} | *#kɔrˈutə# {GOLD: #kərˈutə#}
146    | ... | ... | ... | ... | ... | ... | #kˌɑpˈuʎɑ# | *#kˌɑpˈuʎɑ# | *#kˌɑpˈuːʎɑ# | *#kˌapˈuːʎə# {GOLD: >*} | *#kˌapˈuːʎə# {GOLD: >*} | *#kapˈujə# {GOLD: >*} | *#kapˈujə# {GOLD: #kəpˈujə#}
147    | ... | ... | ... | #kˌɑpˈistrum# | *#kˌɑpˈɪstrʊ# | *#kˌɑpˈestru# | *#kˌapˈestru# | *#kˌapˈeʃtɾu# | *#kˌapɾˈɛːʃtə# | *#kˌapɾˈɛːʃt# {GOLD: #kapɾˈɛʃtə#} | *#kˌapɾˈɛːʃt# {GOLD: #kəpɾˈɛʃə#} | *#kapɾˈɛʃt# {GOLD: >*} | *#kapɾˈɛʃt# {GOLD: #kəpɾˈɛʃ#}
148    | ... | ... | ... | #kˌɑmˈisiɑm# | *#kˌɑmˈɪsjɑ# | *#kˌɑmˈesjɑ# | *#kˌamˈisa# | *#kə̃mˈiʃa# | *#kə̃mˈiːʃa# | *#kə̃mˈiːʃə# {GOLD: >*} | *#kə̃mˈiːʃə# {GOLD: >*} | *#kəmˈiʃə# {GOLD: >*} | *#kəmˈiʃə# {GOLD: #kəmˈiʃə#}
149    | ... | ... | ... | ... | ... | ... | #kˌɑmˈiʃtɪ# | *#kˌɑ̃mˈiʃtɪ# | *#kˌɑ̃mˈiːʃtə# | *#kˌʌ̃mˈiːʃt# {GOLD: >*} | *#kˌə̃mˈiːʃt# {GOLD: >*} | *#kəmˈiʃt# {GOLD: >*} | *#kəmˈiʃt# {GOLD: #kəmˈiʃt#}
150    | ... | ... | ... | #kˌɑmbiˈɑːnioː# | *#kˌɑmbjˈɒːnju# | *#kˌɑmbˈojɲu# | *#kˌambˈojɲu# | *#kˌãmbˈɔj̃ɲu# | *#kˌãmbˈɛ̃ɲə# | *#kˌʌ̃mbˈɛ̃ɲ# {GOLD: >*} | *#kˌə̃mbˈɛ̃ɲ# {GOLD: >*} | *#kəmbˈɛɲ# {GOLD: >*} | *#kəmbˈɛj# {GOLD: #kəmbˈɛj#}
151    | ... | ... | ... | ... | ... | #kˌɑmpˈonɑ# | *#kˌampˈona# | *#kˌãmpˈɔ̃ɾ̃a# | *#kˌãmbˈɔ̃ɾ̃a# | *#kˌʌ̃mbˈɔ̃ɾ̃ə# {GOLD: #km̩bˈɔ̃ɾ̃ə#} | *#kˌə̃mbˈɔ̃ɾ̃ə# {GOLD: >*} | *#kəmbˈɔɾə# {GOLD: >*} | *#kəmbˈɔɾə# {GOLD: #kəmbˈɔɾə#}
152    | ... | ... | ... | #kˈɑntikɑm# | *#kˈɑntɪkɑ# | *#kˈɑntkɑ# | *#kˈanka# | *#kˈãnka# | *#kˈãnɡa# | *#kˈʌ̃ŋɡə# {GOLD: #kˈɑ̃ntkə#} | *#kˈə̃ɲ̈ɡə# {GOLD: >*} | *#kˈəɲ̈ɡə# {GOLD: >*} | *#kˈəŋɡə# {GOLD: #kˈəŋɡə#}
153    | ... | ... | ... | ... | ... | ... | ... | ... | #kˈʊlkʊ# | *#kˈəlˠk# {GOLD: >*} | *#kˈəlˠk# {GOLD: >*} | *#kˈəlˠk# {GOLD: >*} | *#kˈəlˠk# {GOLD: #kˈəlˠk#}
154    | ... | ... | ... | ... | ... | ... | #kˈɒ̃tʊ# | *#kˈɑ̃ntə# | *#kˈɑ̃ndə# | *#kˈʌ̃nd# {GOLD: #kˈɑ̃nt#} | *#kˈə̃nd# {GOLD: >*} | *#kˈənd# {GOLD: >*} | *#kˈənd# {GOLD: #kˈənd#}
155    | ... | ... | ... | ... | ... | ... | #kˈʊrt͡ʃɪ# | *#kˈʊɾsɪ# | *#kˈɔːʷɾsə# | *#kˈəɾs# {GOLD: >*} | *#kˈəɾs# {GOLD: >*} | *#kˈəɾt͡s# {GOLD: >*} | *#kˈəɾt͡s# {GOLD: #kˈəɾt͡s#}
156    | ... | ... | ... | #kˈɑnɑpem# | *#kˈɑnɑpɛ# | *#kˈɑnɑpɛ# | *#kˈanapɪ# | *#kˈãɾ̃ɐpɪ# | *#kˈãɾ̃ɐpə# | *#kˈʌ̃ɾ̃əp# {GOLD: #kˈɑ̃ɾ̃əp#} | *#kˈə̃ɾ̃əp# {GOLD: >*} | *#kˈəɾəp# {GOLD: #kˈəɾəp#} | *#kˈəɾp# {GOLD: #kˈəɾp#}
157    | ... | ... | ... | ... | ... | ... | ... | ... | #kˈʊrpɑ# | *#kˈəɾpə# {GOLD: >*} | *#kˈəɾpə# {GOLD: >*} | *#kˈəɾpə# {GOLD: >*} | *#kˈəɾpə# {GOLD: #kˈəɾpə#}
158    | ... | ... | ... | #kˈɑmbɑ# | *#kˈɑmbɑ# | *#kˈɑmbɑ# | *#kˈamba# | *#kˈãmba# | *#kˈãmba# | *#kˈʌ̃mbə# {GOLD: #kˈɑ̃mbə#} | *#kˈə̃mbə# {GOLD: >*} | *#kˈəmbə# {GOLD: >*} | *#kˈəmbə# {GOLD: #kˈəmbə#}
159    | ... | ... | ... | #klˌeːmˈeːntem# | *#klˌeːmˈeːntɛ# | *#klˌemˈentɛ# | *#kləmˈentɪ# | *#klə̃mˈẽntɪ# | *#klə̃mˈɛ̃ndə# | *#kʎə̃mˈɛ̃nd# {GOLD: #kl̩mˈɛ̃nt#} | *#kʎə̃mˈɛ̃nd# {GOLD: >*} | *#cəmˈɛnd# {GOLD: >*} | *#cəmˈɛnd# {GOLD: #kɛlmˈɛnd#}
160    | ... | ... | ... | #kˌɑrminˈɑːnioː# | *#kˌɑrmɪnjˈɒːnju# | *#kˌermeɲˈoɲu# | *#kˌermɲˈoɲu# | *#cˌeɾmɲˈɔ̃ɲu# | *#cˌɛɾɲːˈɔ̃ɲə# | *#cɾ̩ɲːˈɔ̃ɲ# {GOLD: >*} | *#cɾ̩ɲˈɔ̃ɲ# {GOLD: >*} | *#cɾ̩ɲˈɔɲ# {GOLD: >*} | *#cəɾɲˈɔj# {GOLD: #kɛɾɲˈɔj#}
161    | ... | ... | ... | ... | #ˌɛkklˈeːsjɑ# | *#ˌɛkklˈesjɑ# | *#kklˈisa# | *#klˈiʃa# | *#klˈiːʃa# | *#kʎˈiːʃə# {GOLD: #kʎˈiʃə#} | *#kʎˈiːʃə# {GOLD: >*} | *#kˈiʃə# {GOLD: >*} | *#cˈiʃə# {GOLD: #kˈiʃə#}
162    | ... | ... | ... | #kˌoːpertˈuːrɑ# | *#kˌupɛrtˈuːrɑ# | *#kˌupɛrtˈyrɑ# | *#kˌupɪrtˈyra# | *#kˌuːpɪɾtˈyɾa# | *#kˌuːpəɾtˈyːɾa# | *#kˌuːɾtˈyːɾə# {GOLD: >*} | *#kˌuːɾtˈyːɾə# {GOLD: >*} | *#kuɾtˈyɾə# {GOLD: >*} | *#kuɾtˈyɾə# {GOLD: #kyptˈyɾə#}
163    | ... | ... | ... | #ɡrˌuˈillɑm# | *#ɡrˌʊˈɪllɑ# | *#ɡrˌuˈilːɑ# | *#ɡrˌuˈilːa# | *#ɡɾəˈiːlːa# | *#ɡɾəˈiːlːa# | *#ɡɾˈiːlːə# {GOLD: >*} | *#ɡɾˈiːlːə# {GOLD: >*} | *#ɡɾˈilə# {GOLD: >*} | *#ɡɾˈilə# {GOLD: #kɔjɾˈilə#}
164    | ... | ... | ... | ... | ... | ... | ... | ... | #kˌɒsˈitɪ# | *#kˌɔsˈit# {GOLD: >*} | *#kˌɔsˈit# {GOLD: >*} | *#kɔsˈit# {GOLD: >*} | *#kɔsˈit# {GOLD: #kɔsˈit#}
165    | ... | ... | ... | ... | ... | ... | ... | ... | #kˌɒsˈɒrʊ# | *#kˌɔsˈɔɾ# {GOLD: >*} | *#kˌɔsˈɔɾ# {GOLD: >*} | *#kɔsˈɔɾ# {GOLD: >*} | *#kɔsˈɔɾ# {GOLD: #kɔsˈɔɾɛ#}
166    | ... | ... | ... | ... | ... | ... | ... | ... | #kwˌɑðrˈɑnt# | *#kˌɔðɾˈand# {GOLD: >*} | *#kˌɔðɾˈand# {GOLD: >*} | *#kɔðɾˈand# {GOLD: >*} | *#kɔðɾˈand# {GOLD: #kɔðɾˈand#}
167    | ... | ... | ... | ... | ... | ... | ... | ... | #kˌɒ̃kˈɒlʊ# | *#kˌɔnkˈɔl# {GOLD: >*} | *#kˌɔnkˈɔl# {GOLD: >*} | *#kɔnkˈɔl# {GOLD: >*} | *#kɔnkˈɔl# {GOLD: #kɔnkˈɔl#}
168    | ... | ... | ... | #kˌonˈukulɑm# | *#kˌʊnˈʊkʊlɑ# | *#kˌunˈukulɑ# | *#kˌunˈukula# | *#kˌũːnˈukula# | *#kˌũːnˈuːlkəa# | *#kˌũːnˈuːʎkə# {GOLD: >*} | *#kˌũːnˈuːʎkə# {GOLD: >*} | *#kunˈujkə# {GOLD: >*} | *#kunˈujkə# {GOLD: #kɔnˈuɾkə#}
169    | ... | ... | ... | ... | ... | ... | #kˌɒlˈɛsʊkɑ# | *#kˌɑlˈɛʃkɑ# | *#kˌɑlˈɛːʃkɑ# | *#kˌalˈɛːʃkə# {GOLD: >*} | *#kˌalˈɛːʃkə# {GOLD: >*} | *#kalˈɛʃkə# {GOLD: >*} | *#kalˈɛʃkə# {GOLD: #kɔlˈɛʃkə#}
170    | ... | ... | ... | ... | ... | ... | ... | ... | #kˌɒlˈɨbɑ# | *#kˌɔlˈibə# {GOLD: >*} | *#kˌɔlˈibə# {GOLD: >*} | *#kɔlˈibə# {GOLD: >*} | *#kɔlˈibə# {GOLD: #kɔlˈibɛ#}
171    | ... | ... | ... | ... | ... | ... | ... | ... | #kˌɒrˈitɪ# | *#kˌɔɾˈit# {GOLD: >*} | *#kˌɔɾˈit# {GOLD: >*} | *#kɔɾˈit# {GOLD: >*} | *#kɔɾˈit# {GOLD: #kɔɾˈit#}
172    | ... | ... | ... | ... | ... | ... | ... | ... | #kˌɒrˈɨtɒ# | *#kˌɔɾˈitə# {GOLD: >*} | *#kˌɔɾˈitə# {GOLD: >*} | *#kɔɾˈitə# {GOLD: >*} | *#kɔɾˈitə# {GOLD: #kɔɾˈitə#}
173    | ... | ... | ... | ... | ... | ... | ... | ... | #kˌɒrˈubɑ# | *#kˌɔɾˈubə# {GOLD: >*} | *#kˌɔɾˈubə# {GOLD: >*} | *#kɔɾˈubə# {GOLD: >*} | *#kɔɾˈubə# {GOLD: #kɔɾˈubə#}
174    | ... | ... | ... | ... | ... | ... | ... | ... | #kˌɒpˈit͡sɑ# | *#kˌɔpˈit͡sə# {GOLD: >*} | *#kˌɔpˈit͡sə# {GOLD: >*} | *#kɔpˈit͡sə# {GOLD: >*} | *#kɔpˈit͡sə# {GOLD: #kɔpˈit͡sə#}
175    | ... | ... | ... | ... | ... | ... | ... | ... | #kˌɒpˈɨlʊ# | *#kˌɔpˈil# {GOLD: >*} | *#kˌɔpˈil# {GOLD: >*} | *#kɔpˈil# {GOLD: >*} | *#kɔpˈil# {GOLD: #kɔpˈil#}
176    | ... | ... | ... | ... | ... | ... | ... | #kˌɒpɾˈɪ̃nɪsɪkɑ# | *#kˌɒpɾˈãnəskɑ# | *#kˌɔpɾˈʌ̃nskə# {GOLD: >*} | *#kˌɔpɾˈə̃nskə# {GOLD: >*} | *#kɔpɾˈənt͡skə# {GOLD: >*} | *#kɔpɾˈənt͡skə# {GOLD: #kɔpɾˈənt͡skə#}
177    | ... | ... | ... | ... | #kˌoktˈorju# | *#kˌoktˈorju# | *#kˌoktˈoru# | *#kˌɔːktˈɔɾu# | *#kˌɔːftˈuo̯ɾə# | *#kˌɔːftˈuo̯ɾ# {GOLD: #kɔftˈuo̯ɾ#} | *#kˌɔːftˈua̯ɾ# {GOLD: >*} | *#kɔftˈua̯ɾ# {GOLD: >*} | *#kɔftˈua̯ɾ# {GOLD: #kɔftˈɔɾ#}
178    | ... | ... | ... | ... | ... | ... | ... | ... | #kˌɒβˈɑt͡ʃɪ# | *#kˌɔvˈat͡ʃ# {GOLD: >*} | *#kˌɔvˈat͡ʃ# {GOLD: >*} | *#kɔvˈat͡ʃ# {GOLD: >*} | *#kɔvˈat͡ʃ# {GOLD: #kɔvˈat͡ʃ#}
179    | ... | ... | ... | #kˈokʷum# | *#kˈɒkʷʊ# | *#kˈokʷu# | *#kˈoku# | *#kˈɔku# | *#kˈɔkə# | *#kˈɔk# {GOLD: >*} | *#kˈɔk# {GOLD: >*} | *#kˈɔk# {GOLD: >*} | *#kˈɔk# {GOLD: #kˈɔk#}
180    | ... | ... | ... | #kˈokkɑm# | *#kˈɒkkɑ# | *#kˈokkɑ# | *#kˈokka# | *#kˈɔka# | *#kˈɔka# | *#kˈɔkə# {GOLD: >*} | *#kˈɔkə# {GOLD: >*} | *#kˈɔkə# {GOLD: >*} | *#kˈɔkə# {GOLD: #kˈɔkə#}
181    | ... | ... | ... | ... | ... | ... | ... | ... | #kˈɒlʊ# | *#kˈɔl# {GOLD: >*} | *#kˈɔl# {GOLD: >*} | *#kˈɔl# {GOLD: >*} | *#kˈɔl# {GOLD: #kˈɔlˠ#}
182    | ... | ... | ... | #kˈossum# | *#kˈɒssʊ# | *#kˈossu# | *#kˈossu# | *#kˈɔʃu# | *#kˈɔːʃə# | *#kˈɔːʃ# {GOLD: >*} | *#kˈɔːʃ# {GOLD: >*} | *#kˈɔʃ# {GOLD: >*} | *#kˈɔʃ# {GOLD: #kˈɔʃ#}
183    | ... | ... | ... | #kˈɑːseus# | *#kˈɒːsjʊ# | *#kˈosju# | *#kˈosu# | *#kˈɔʃu# | *#kˈɔːʃə# | *#kˈɔːʃ# {GOLD: >*} | *#kˈɔːʃ# {GOLD: >*} | *#kˈɔʃ# {GOLD: >*} | *#kˈɔʃ# {GOLD: #kˈɔʃ#}
184    | ... | ... | ... | ... | ... | ... | ... | ... | #kˈɒʃʊ# | *#kˈɔʃ# {GOLD: >*} | *#kˈɔʃ# {GOLD: >*} | *#kˈɔʃ# {GOLD: >*} | *#kˈɔʃ# {GOLD: #kˈɔʃ#}
185    | ... | ... | ... | #kʷˈɑdrum# | *#kʷˈɑdrʊ# | *#kʷˈodru# | *#kˈodru# | *#kˈɔdɾu# | *#kˈɔdɾə# | *#kˈɔdɾ̩# {GOLD: #kˈɔdɾ̩#} | *#kˈɔdɾ̩# {GOLD: >*} | *#kˈɔdɾ̩# {GOLD: >*} | *#kˈɔdəɾ# {GOLD: #kˈɔdəɾ#}
186    | ... | ... | ... | ... | ... | ... | ... | ... | #kˈɒstɪ# | *#kˈɔst# {GOLD: >*} | *#kˈɔst# {GOLD: >*} | *#kˈɔst# {GOLD: >*} | *#kˈɔst# {GOLD: #kˈɔt͡s#}
187    | ... | ... | ... | ... | ... | ... | ... | #kˈɒzɪlɪt͡sɑ# | *#kˈɒːzəlˠət͡sɑ# | *#kˈɔːz?0t͡sə# {GOLD: >*} | *#kˈɔːz?0t͡sə# {GOLD: >*} | *#kˈɔz?0t͡sə# {GOLD: >*} | *#kˈɔzəlˠt͡sə# {GOLD: #kˈɔt͡sə#}
188    | ... | ... | ... | ... | ... | ... | ... | ... | #kˈɒtɪt͡sɑ# | *#kˈɔtt͡sə# {GOLD: >*} | *#kˈɔt͡sə# {GOLD: >*} | *#kˈɔt͡sə# {GOLD: >*} | *#kˈɔt͡sə# {GOLD: #kˈɔt͡sə#}
189    | ... | ... | ... | ... | ... | ... | ... | ... | #kβˈɑsʊ# | *#kˈɔs# {GOLD: >*} | *#kˈɔs# {GOLD: >*} | *#kˈɔs# {GOLD: >*} | *#kˈɔs# {GOLD: #kˈɔs#}
190    | ... | ... | ... | ... | ... | ... | ... | ... | #kˈɒsɑ# | *#kˈɔsə# {GOLD: >*} | *#kˈɔsə# {GOLD: >*} | *#kˈɔsə# {GOLD: >*} | *#kˈɔsə# {GOLD: #kˈɔsə#}
191    | ... | ... | ... | ... | ... | ... | ... | ... | #kˈɒstrɑ# | *#kˈɔstɾ̩# {GOLD: >*} | *#kˈɔstɾ̩# {GOLD: >*} | *#kˈɔstɾ̩# {GOLD: >*} | *#kˈɔstəɾ# {GOLD: #kˈɔstəɾ#}
192    | ... | ... | ... | ... | ... | #ˌikˈɔnɑ# | *#kˈɔna# | *#kˈɔ̃ɾ̃a# | *#kˈɔ̃ɾ̃a# | *#kˈɔ̃ɾ̃ə# {GOLD: >*} | *#kˈɔ̃ɾ̃ə# {GOLD: >*} | *#kˈɔɾə# {GOLD: >*} | *#kˈɔɾə# {GOLD: #kˈɔɾə#}
193    | ... | ... | ... | ... | ... | ... | ... | ... | #kˈɒrɑ# | *#kˈɔɾə# {GOLD: >*} | *#kˈɔɾə# {GOLD: >*} | *#kˈɔɾə# {GOLD: >*} | *#kˈɔɾə# {GOLD: #kˈɔɾə#}
194    | ... | ... | ... | #kˌikʰˈoreːɑ# | *#kˌɪkʰˈɒrjɑ# | *#kkˈorjɑ# | *#kkˈorja# | *#kˈɔɾja# | *#kˈɔːɾja# | *#kˈɔːɾɛ# {GOLD: >*} | *#kˈɔːɾɛ# {GOLD: >*} | *#kˈɔɾɛ# {GOLD: >*} | *#kˈɔɾɛ# {GOLD: #kˈɔɾɛ#}
195    | ... | ... | ... | ... | ... | ... | ... | ... | #kˈɒrɪt͡sjɑ# | *#kˈɔɾt͡ʃə# {GOLD: >*} | *#kˈɔɾt͡ʃə# {GOLD: >*} | *#kˈɔɾt͡ʃə# {GOLD: >*} | *#kˈɔɾt͡ʃə# {GOLD: #kˈɔɾt͡ʃə#}
196    | ... | ... | ... | #kʷˈɑrtum# | *#kʷˈɑrtʊ# | *#kʷˈortu# | *#kˈortu# | *#kˈɔɾtu# | *#kˈɔːɾtə# | *#kˈɔːɾt# {GOLD: >*} | *#kˈɔːɾt# {GOLD: >*} | *#kˈɔɾt# {GOLD: >*} | *#kˈɔɾt# {GOLD: #kˈɔɾt#}
197    | ... | ... | ... | #kʷˈɑrtɑ# | *#kʷˈɑrtɑ# | *#kʷˈortɑ# | *#kˈorta# | *#kˈɔɾta# | *#kˈɔːɾta# | *#kˈɔːɾtə# {GOLD: >*} | *#kˈɔːɾtə# {GOLD: >*} | *#kˈɔɾtə# {GOLD: >*} | *#kˈɔɾtə# {GOLD: #kˈɔɾtə#}
198    | ... | ... | ... | #kʰˈordɑ# | *#kʰˈɒrdɑ# | *#kˈordɑ# | *#kˈorða# | *#kˈɔɾða# | *#kˈɔːɾða# | *#kˈɔːɾðə# {GOLD: #kˈɔɾðə#} | *#kˈɔːɾðə# {GOLD: #kˈɔɾðə#} | *#kˈɔɾðə# {GOLD: #kˈɔɾðə#} | *#kˈɔɾðə# {GOLD: #kˈɔɾðə#}
199    | ... | ... | ... | ... | ... | ... | #kˈɒrʊdɑ# | *#kˈɑɾðɑ# | *#kˈɑːɾðɑ# | *#kˈaːɾðə# {GOLD: >*} | *#kˈaːɾðə# {GOLD: >*} | *#kˈaɾðə# {GOLD: >*} | *#kˈaɾðə# {GOLD: #kˈɔɾðə#}
200    | ... | ... | ... | #kˈorpus# | *#kˈɒrpʊ# | *#kˈorpu# | *#kˈorpu# | *#kˈɔɾpu# | *#kˈɔːɾpə# | *#kˈɔːɾp# {GOLD: #kˈɔɾp#} | *#kˈɔːɾp# {GOLD: >*} | *#kˈɔɾp# {GOLD: >*} | *#kˈɔɾp# {GOLD: #kˈɔɾp#}
201    | ... | ... | ... | #kˈorwum# | *#kˈɒrwʊ# | *#kˈorwu# | *#kˈorbu# | *#kˈɔɾbu# | *#kˈɔːɾbə# | *#kˈɔːɾb# {GOLD: >*} | *#kˈɔːɾb# {GOLD: >*} | *#kˈɔɾb# {GOLD: >*} | *#kˈɔɾb# {GOLD: #kˈɔɾb#}
202    | ... | ... | ... | #kˈorbulɑm# | *#kˈɒrbʊlɑ# | *#kˈorbulɑ# | *#kˈorbula# | *#kˈɔɾbula# | *#kˈɔːɾbulˠə# | *#kˈɔːɾbulˠ# {GOLD: >*} | *#kˈɔːɾbulˠ# {GOLD: >*} | *#kˈɔɾbulˠ# {GOLD: >*} | *#kˈɔɾbulˠ# {GOLD: #kˈɔɾbulˠ#}
203    | ... | ... | ... | ... | ... | ... | ... | ... | #kˈɒprʊ# | *#kˈɔpɾ̩# {GOLD: >*} | *#kˈɔpɾ̩# {GOLD: >*} | *#kˈɔpɾ̩# {GOLD: >*} | *#kˈɔpəɾ# {GOLD: #kˈɔpəɾ#}
204    | ... | ... | ... | ... | ... | ... | ... | ... | #kˈɒbɪ# | *#kˈɔb# {GOLD: >*} | *#kˈɔb# {GOLD: >*} | *#kˈɔb# {GOLD: >*} | *#kˈɔb# {GOLD: #kˈɔb#}
205    | ... | ... | ... | #kˈoksɑm# | *#kˈɒksɑ# | *#kˈoksɑ# | *#kˈoksa# | *#kˈɔkʃa# | *#kˈɔːfʃa# | *#kˈɔːfʃə# {GOLD: >*} | *#kˈɔːfʃə# {GOLD: >*} | *#kˈɔfʃə# {GOLD: >*} | *#kˈɔfʃə# {GOLD: #kˈɔfʃə#}
206    | ... | ... | ... | #kˈomɑ# | *#kˈɒmɑ# | *#kˈomɑ# | *#kˈoma# | *#kˈɔ̃ma# | *#kˈɔ̃ma# | *#kˈɔ̃mə# {GOLD: >*} | *#kˈɔ̃mə# {GOLD: >*} | *#kˈɔmə# {GOLD: >*} | *#kˈɔmə# {GOLD: #kˈɔmə#}
207    | ... | ... | ... | ... | ... | ... | #kˌɑlpˈitɪ# | *#klˠˌɑːpˈitɪ# | *#klˠˌɑːpˈitə# | *#klˠˌaːpˈit# {GOLD: >*} | *#klˠˌaːpˈit# {GOLD: >*} | *#klˠapˈit# {GOLD: >*} | *#klˠapˈit# {GOLD: #klˠapˈit#}
208    | ... | ... | ... | ... | #kˌɑlˈɑndɑ# | *#kˌɑlˈɑndɑ# | *#kˌalˈanda# | *#kəlˈãnda# | *#kəlˠˈanda# | *#kəlˠˈandə# {GOLD: #kəlˠˈandə#} | *#kəlˠˈandə# {GOLD: >*} | *#kəlˠˈandə# {GOLD: >*} | *#klˠˈandə# {GOLD: #klˠˈandə#}
209    | ... | ... | ... | ... | ... | ... | #kˈɑlpɑ# | *#kˈɑlˠpɑ# | *#kˈɑːlˠpɑ# | *#kˈaːlˠpə# {GOLD: >*} | *#kˈaːlˠpə# {GOLD: >*} | *#kˈalˠpə# {GOLD: >*} | *#kˈalˠpə# {GOLD: #klˠˈapə#}
210    | ... | ... | ... | ... | ... | ... | ... | #kˌɒlt͡ʃˈitɪ# | *#kˌɒlt͡ʃˈitə# | *#kˌɔlˠt͡ʃˈit# {GOLD: >*} | *#kˌɔlˠt͡ʃˈit# {GOLD: >*} | *#kɔlˠt͡ʃˈit# {GOLD: >*} | *#kɔlˠt͡ʃˈit# {GOLD: #klˠɔt͡ʃˈit#}
211    | ... | ... | ... | ... | #kˌɑlˈɔɡɛrɔ# | *#kˌɑlˈoɡɛro# | *#kˌalˈoɟɪro# | *#kəlˠˈɔɟɪɾɔ# | *#kəlˠˈɔɟəɾə# | *#kəlˠˈɔɟɾ̩# {GOLD: >*} | *#kəlˠˈɔɟɾ̩# {GOLD: >*} | *#kəlˠˈɔɟɾ̩# {GOLD: >*} | *#klˠˈɔɟəɾ# {GOLD: #klˠˈɔɟəɾ#}
212    | ... | ... | ... | #kˌoːɡitˈɑːnioː# | *#kˌuɡɪtˈɒːnju# | *#kˌuʎetˈoɲu# | *#kˌuʎɪtˈoɲu# | *#kˌuʎɪtˈɔ̃ɲu# | *#kˌuʎtˈɔ̃ɲə# | *#kˌuʎtˈɔ̃ɲ# {GOLD: #kˌuʎtˈɔ̃ɲ#} | *#kˌuʎtˈɔ̃ɲ# {GOLD: >*} | *#kujtˈɔɲ# {GOLD: #kuʎtˈɔɲ#} | *#kujtˈɔj# {GOLD: #kujtˈɔj#}
213    | ... | ... | ... | #kˌohˌeːrˈeːdem# | *#kˌʊˌeːrˈeːdɛ# | *#kˌuˌerˈedɛ# | *#kˌuˌerˈiðɪ# | *#kˌuːjɾˈi# | *#kˌuːjɾˈi# | *#kˌuːjɾˈi# {GOLD: >*} | *#kˌuːjɾˈi# {GOLD: >*} | *#kujɾˈi# {GOLD: >*} | *#kujɾˈi# {GOLD: #kujɾˈi#}
214    | ... | ... | ... | ... | ... | ... | ... | ... | #kˌukˈɑtɪ# | *#kˌukˈat# {GOLD: >*} | *#kˌukˈat# {GOLD: >*} | *#kukˈat# {GOLD: >*} | *#kukˈat# {GOLD: #kukˈat#}
215    | ... | ... | ... | ... | ... | #kˌukˈuːtɑ# | *#kˌukˈuːta# | *#kˌuːkˈuːta# | *#kˌuːkˈuːta# | *#kˌuːkˈuːtə# {GOLD: >*} | *#kˌuːkˈuːtə# {GOLD: >*} | *#kukˈutə# {GOLD: >*} | *#kukˈutə# {GOLD: #kukˈutə#}
216    | ... | ... | ... | #kˌommuniːkˈɑːnioː# | *#kˌʊmmʊnikˈɒːnju# | *#kˌummunikˈoɲu# | *#kˌummɑ̃ɾ̃ɪkˈoɲu# | *#kˌũːmmə̃ɾ̃ɪkˈɔ̃ɲu# | *#kˌũːmːɾ̃ɡˈɔ̃ɲə# | *#kˌũːŋːɡˈɔ̃ɲ# {GOLD: >*} | *#kˌũːŋɡˈɔ̃ɲ# {GOLD: >*} | *#kuŋɡˈɔɲ# {GOLD: >*} | *#kuŋɡˈɔj# {GOLD: #kuŋɡˈɔj#}
217    | ... | ... | ... | #kˌolˈɑːnioː# | *#kˌʊlˈɒːnju# | *#kˌulˈoɲu# | *#kˌulˈoɲu# | *#kˌulˈɔ̃ɲu# | *#kˌulˠˈɔ̃ɲə# | *#kˌulˠˈɔ̃ɲ# {GOLD: >*} | *#kˌulˠˈɔ̃ɲ# {GOLD: >*} | *#kulˠˈɔɲ# {GOLD: >*} | *#kulˠˈɔj# {GOLD: #kulˠˈɔj#}
218    | ... | ... | ... | #kˌolˈostrum# | *#kˌʊlˈɒstrʊ# | *#kˌulˈostru# | *#kˌulˈostru# | *#kˌulˈɔʃtɾu# | *#kˌulˠˈɔːʃtɾə# | *#kˌulˠˈɔːʃtɾ̩# {GOLD: >*} | *#kˌulˠˈɔːʃtɾ̩# {GOLD: >*} | *#kulˠˈɔʃtɾ̩# {GOLD: >*} | *#kulˠˈɔʃtəɾ# {GOLD: #kulˠˈɔʃtəɾ#}
219    | ... | ... | ... | #kˌolumnˈɑːtiɑ# | *#kˌʊlʊmnˈɑːt͡ʃjɑ# | *#kˌulumnˈɑt͡ʃjɑ# | *#kˌulumnˈet͡ʃa# | *#kˌulə̃mnˈesa# | *#kˌulˠũmːˈɛːsa# | *#kˌulˠũmːˈɛːsə# {GOLD: >*} | *#kˌulˠũmˈɛːsə# {GOLD: >*} | *#kulˠumˈɛsə# {GOLD: >*} | *#kulˠumˈɛsə# {GOLD: #kulˠumˈɛsə#}
220    | ... | ... | ... | #kˌolumbˈiːnɑ# | *#kˌʊlʊmbɪnˈiɑ# | *#kˌulumbenˈijɑ# | *#kˌulumbɑ̃ɾ̃ˈija# | *#kˌulə̃mbə̃ɾ̃ˈija# | *#kˌulˠũmbə̃ɾ̃ˈija# | *#kˌulˠũmbə̃ɾ̃ˈiː# {GOLD: #kulˠumbɾ̃ˈiː#} | *#kˌulˠũmbə̃ɾ̃ˈiː# {GOLD: >*} | *#kulˠumbɾˈi# {GOLD: >*} | *#kulˠumbɾˈi# {GOLD: #kulˠumbɾˈi#}
221    | ... | ... | ... | #kˌuneˈɑːnioː# | *#kˌʊnjˈɒːnju# | *#kˌuɲˈoɲu# | *#kˌuɲˈoɲu# | *#kˌũːɲˈɔ̃ɲu# | *#kˌũːɲˈɔ̃ɲə# | *#kˌũːɲˈɔ̃ɲ# {GOLD: >*} | *#kˌũːɲˈɔ̃ɲ# {GOLD: >*} | *#kuɲˈɔɲ# {GOLD: >*} | *#kuɲˈɔj# {GOLD: #kuɲˈɔj#}
222    | ... | ... | ... | #kˌonsˌobrˈiːnum# | *#kˌʊnsˌʊβrˈinʊ# | *#kˌusˌuβrˈinu# | *#kˌusˌurˈinu# | *#kˌuːʃəɾˈĩnu# | *#kˌuːʃəɾˈĩːnə# | *#kˌuːʃəɾˈĩː# {GOLD: #kuʃəɾˈĩː#} | *#kˌuːʃəɾˈĩː# {GOLD: >*} | *#kuʃəɾˈi# {GOLD: >*} | *#kuʃəɾˈi# {GOLD: #kuʃəɾˈi#}
223    | ... | ... | ... | ... | ... | ... | #kˌɯsˈɒwɑ# | *#kˌɯʃˈɔvɑ# | *#kˌuʃˈɔːvɑ# | *#kˌuʃˈɔːvə# {GOLD: #kˌuʃˈɔvə#} | *#kˌuʃˈɔːvə# {GOLD: >*} | *#kuʃˈɔvə# {GOLD: >*} | *#kuʃˈɔvə# {GOLD: #kuʃˈɔvə#}
224    | ... | ... | ... | #kˌonstˈɑːnioː# | *#kˌʊnstˈɒːnju# | *#kˌustˈoɲu# | *#kˌustˈoɲu# | *#kˌuːʃtˈɔ̃ɲu# | *#kˌuːʃtˈɔ̃ɲə# | *#kˌuːʃtˈɔ̃ɲ# {GOLD: >*} | *#kˌuːʃtˈɔ̃ɲ# {GOLD: >*} | *#kuʃtˈɔɲ# {GOLD: >*} | *#kuʃtˈɔj# {GOLD: #kuʃtˈɔj#}
225    | ... | ... | ... | #kˌonskrˌiptˈɑːnioː# | *#kˌʊnskrˌɪptˈɒːnju# | *#kˌuskrˌeptˈoɲu# | *#kˌuskrˌeptˈoɲu# | *#kˌuːʃkɾɪptˈɔ̃ɲu# | *#kˌuːʃkɾətˈɔ̃ɲə# | *#kˌuːʃɾ̩tˈɔ̃ɲ# {GOLD: >*} | *#ɡˌuːʃɾ̩tˈɔ̃ɲ# {GOLD: >*} | *#ɡuʃɾ̩tˈɔɲ# {GOLD: >*} | *#ɡuʃəɾtˈɔj# {GOLD: #kuʃtɾˈɔj#}
226    | ... | ... | ... | #kˌontˌentˈɑːnioː# | *#kˌʊntˌɛntˈɒːnju# | *#kˌutˌɛntˈoɲu# | *#kˌutˌɛntˈoɲu# | *#kˌuːtɪ̃ntˈɔ̃ɲu# | *#kˌuːtə̃ndˈɔ̃ɲə# | *#kˌuːtə̃ndˈɔ̃ɲ# {GOLD: >*} | *#kˌuːtə̃ndˈɔ̃ɲ# {GOLD: >*} | *#kutəndˈɔɲ# {GOLD: >*} | *#kutəndˈɔj# {GOLD: #kutəndˈɔj#}
227    | ... | ... | ... | #kˌoɡnˈɑːtum# | *#kˌʊŋnˈɑːtʊ# | *#kˌuŋnˈɑtu# | *#kˌuŋnˈatu# | *#kˌũːŋnˈatu# | *#kˌũːnːˈatə# | *#kˌũːnːˈat# {GOLD: >*} | *#kˌũːnˈat# {GOLD: >*} | *#kunˈat# {GOLD: >*} | *#kunˈat# {GOLD: #kunˈat#}
228    | ... | ... | ... | #kˌontrɑːstˈɑːrium# | *#kˌʊntrɑːstˈɒːrjʊ# | *#kˌuntrɑstˈorju# | *#kˌuntrastˈoru# | *#kˌũːntɾəʃtˈɔɾu# | *#kˌũːndɾəʃtˈaːɾə# | *#kˌũːndɾ̩ʃtˈaːɾ# {GOLD: >*} | *#kˌũːndɾ̩ʃtˈaːɾ# {GOLD: >*} | *#kundɾ̩ʃtˈaɾ# {GOLD: >*} | *#kundəɾʃtˈaɾ# {GOLD: #kundəɾʃtˈaɾ#}
229    | ... | ... | ... | #kˌunktˈɑːnioː# | *#kˌʊnktˈɒːnju# | *#kˌunktˈoɲu# | *#kˌuntˈoɲu# | *#kˌũːntˈɔ̃ɲu# | *#kˌũːndˈɔ̃ɲə# | *#kˌũːndˈɔ̃ɲ# {GOLD: >*} | *#kˌũːndˈɔ̃ɲ# {GOLD: >*} | *#kundˈɔɲ# {GOLD: >*} | *#kundˈɔj# {GOLD: #kundˈɔj#}
230    | ... | ... | ... | #kˌontrˈɑːrium# | *#kˌʊntrˈɒːrjʊ# | *#kˌuntrˈorju# | *#kˌuntrˈolu# | *#kˌũːntɾˈɔlu# | *#kˌũːndɾˈuo̯lˠə# | *#kˌũːndɾˈuo̯lˠ# {GOLD: >*} | *#kˌũːndɾˈua̯lˠ# {GOLD: >*} | *#kundɾˈua̯lˠ# {GOLD: >*} | *#kundɾˈua̯lˠ# {GOLD: #kundɾˈua̯lˠ#}
231    | ... | ... | ... | ... | ... | ... | ... | ... | #kˌɒlˈɑt͡ʃɪ# | *#kˌɔlˠˈat͡ʃ# {GOLD: >*} | *#kˌɔlˠˈat͡ʃ# {GOLD: >*} | *#kɔlˠˈat͡ʃ# {GOLD: >*} | *#kɔlˠˈat͡ʃ# {GOLD: #kulˈat͡ʃ#}
232    | ... | ... | ... | #kˌollˈɑːre# | *#kˌʊllˈɑːrɛ# | *#kˌulːˈɑrɛ# | *#kˌulːˈarɪ# | *#kˌulːˈaɾɪ# | *#kˌulːˈaːɾə# | *#kˌulːˈaːɾ# {GOLD: >*} | *#kˌulːˈaːɾ# {GOLD: >*} | *#kulˈaɾ# {GOLD: >*} | *#kulˈaɾ# {GOLD: #kulˈaɾ#}
233    | ... | ... | ... | #kʰˌersˈydrɑ# | *#kʰˌɛrsˈɪdrɑ# | *#kˌɛrsˈedrɑ# | *#kˌɛrsˈedra# | *#kəɾʃˈedɾa# | *#kəɾʃˈɛdɾa# | *#kɾ̩ʃˈɛdɾ̩# {GOLD: >*} | *#ɡɾ̩ʃˈɛdɾ̩# {GOLD: >*} | *#ɡɾ̩ʃˈɛdɾ̩# {GOLD: >*} | *#ɡəɾʃˈɛdəɾ# {GOLD: #kulʃˈɛdəɾ#}
234    | ... | ... | ... | #kˌorˈoːnɑm# | *#kˌʊrˈɒːnɑ# | *#kˌurˈonɑ# | *#kˌurˈona# | *#kˌuːɾˈɔ̃ɾ̃a# | *#kˌuːɾˈɔ̃ɾ̃a# | *#kˌuːɾˈɔ̃ɾ̃ə# {GOLD: >*} | *#kˌuːɾˈɔ̃ɾ̃ə# {GOLD: >*} | *#kuɾˈɔɾə# {GOLD: >*} | *#kuɾˈɔɾə# {GOLD: #kuɾˈɔɾə#}
235    | ... | ... | ... | #kˌortˈiːnɑm# | *#kˌʊrtˈinɑ# | *#kˌurtˈinɑ# | *#kˌurtˈina# | *#kˌuːɾtˈĩna# | *#kˌuːɾtˈĩna# | *#kˌuːɾtˈĩnə# {GOLD: >*} | *#kˌuːɾtˈĩnə# {GOLD: >*} | *#kuɾtˈinə# {GOLD: >*} | *#kuɾtˈinə# {GOLD: #kuɾtˈinə#}
236    | ... | ... | ... | #kˌurtiˈɑːnioː# | *#kˌʊrt͡ʃjˈɒːnju# | *#kˌurt͡ʃjˈoɲu# | *#kˌurt͡ʃˈøɲu# | *#kˌuːɾsˈœ̃ɲu# | *#kˌuːɾsˈɛ̃ɲə# | *#kˌuːɾsˈɛ̃ɲ# {GOLD: >*} | *#kˌuːɾsˈɛ̃ɲ# {GOLD: >*} | *#kuɾsˈɛɲ# {GOLD: >*} | *#kuɾsˈɛj# {GOLD: #kuɾsˈɛj#}
237    | ... | ... | ... | #kˌorwˈiːnum# | *#kˌʊrwˈinʊ# | *#kˌurwˈinu# | *#kˌurbˈinu# | *#kˌuːɾbˈĩnu# | *#kˌuːɾbˈĩːnːə# | *#kˌuːɾbˈĩːnː# {GOLD: #kuɾbˈĩɾ̃#} | *#kˌuːɾbˈĩːn# {GOLD: >*} | *#kuɾbˈin# {GOLD: >*} | *#kuɾbˈin# {GOLD: #kuɾbˈin#}
238    | ... | ... | ... | #kˌompˌutˈɑːnioː# | *#kˌʊmpˌʊtˈɒːnju# | *#kˌupˌutˈoɲu# | *#kˌupˌutˈoɲu# | *#kˌuːpətˈɔ̃ɲu# | *#kˌuːpətˈɔ̃ɲə# | *#kˌuːpətˈɔ̃ɲ# {GOLD: >*} | *#kˌuːpətˈɔ̃ɲ# {GOLD: >*} | *#kupətˈɔɲ# {GOLD: >*} | *#kuptˈɔj# {GOLD: #kuptˈɔj#}
239    | ... | ... | ... | ... | ... | ... | #kˌupælnˈikʊ# | *#kˌuːpəlnˈikə# | *#kˌuːpəlnˈikə# | *#kˌuːpəlːˈik# {GOLD: #kˌupl̩nˈik#} | *#kˌuːpəlːˈik# {GOLD: >*} | *#kuplˈik# {GOLD: >*} | *#kuplˈik# {GOLD: #kuplˈik#}
240    | ... | ... | ... | #kˌoːnfˈiːnium# | *#kˌʊnfˈinjʊ# | *#kˌufˈiɲu# | *#kˌufˈiɲu# | *#kˌuːfˈĩɲu# | *#kˌuːfˈĩɲə# | *#kˌuːfˈĩɲ# {GOLD: #kˌufˈĩɲ#} | *#kˌuːfˈĩɲ# {GOLD: >*} | *#kufˈiɲ# {GOLD: >*} | *#kufˈij# {GOLD: #kufˈij#}
241    | ... | ... | ... | #kˌonwˌentˈɑːnioː# | *#kˌʊnwˌɛntˈɒːnju# | *#kˌuvˌɛntˈoɲu# | *#kˌuvˌɛntˈoɲu# | *#kˌuːvɪ̃ntˈɔ̃ɲu# | *#kˌuːvə̃ndˈɔ̃ɲə# | *#kˌuːvə̃ndˈɔ̃ɲ# {GOLD: >*} | *#kˌuːvə̃ndˈɔ̃ɲ# {GOLD: >*} | *#kuvəndˈɔɲ# {GOLD: >*} | *#kuvəndˈɔj# {GOLD: #kuvɛndˈɔj#}
242    | ... | ... | ... | #kˌonwˈentum# | *#kˌʊnwˈɛntʊ# | *#kˌuvˈɛntu# | *#kˌuvˈɛntu# | *#kˌuːvˈɛ̃ntu# | *#kˌuːvˈɛ̃ndə# | *#kˌuːvˈɛ̃nd# {GOLD: #kuvˈɛ̃nt#} | *#kˌuːvˈɛ̃nd# {GOLD: >*} | *#kuvˈɛnd# {GOLD: >*} | *#kuvˈɛnd# {GOLD: #kuvˈɛnd#}
243    | ... | ... | ... | #kˌommˈerkium# | *#kˌʊmmˈɛrkjʊ# | *#kˌummˈɛrkju# | *#kˌummˈɛrcju# | *#kˌũːmmˈɛɾcju# | *#kˌũːmːˈɛːɾcjə# | *#kˌũːmːˈɛːɾc# {GOLD: >*} | *#kˌũːmˈɛːɾc# {GOLD: >*} | *#kumˈɛɾc# {GOLD: >*} | *#kumˈɛɾc# {GOLD: #kumˈɛɾc#}
244    | ... | ... | ... | #kˌompˌutˈɑːnioː# | *#kˌʊmpˌʊtˈɒːnju# | *#kˌupˌutˈoɲu# | *#kˌupˌutˈoɲu# | *#kˌuːpətˈɔ̃ɲu# | *#kˌuːpətˈɔ̃ɲə# | *#kˌuːpətˈɔ̃ɲ# {GOLD: >*} | *#kˌuːpətˈɔ̃ɲ# {GOLD: >*} | *#kupətˈɔɲ# {GOLD: >*} | *#kuptˈɔj# {GOLD: #kumtˈɔj#}
245    | ... | ... | ... | #kˈorium# | *#kˈɒrjʊ# | *#kˈorju# | *#kˈorːju# | *#kˈɔrːju# | *#kˈɔːrːjə# | *#kˈɔːrj# {GOLD: >*} | *#kˈɔːrj# {GOLD: >*} | *#kˈɔrj# {GOLD: >*} | *#kˈɔrj# {GOLD: #kˈua̯#}
246    | ... | ... | ... | #kʰˈorum# | *#kʰˈɒrʊ# | *#kˈoru# | *#kˈoru# | *#kˈɔɾu# | *#kˈuo̯ɾə# | *#kˈuo̯ɾ# {GOLD: #kˈuo̯ɾ#} | *#kˈua̯ɾ# {GOLD: >*} | *#kˈua̯ɾ# {GOLD: >*} | *#kˈua̯ɾ# {GOLD: #kˈua̯ɾ#}
247    | ... | ... | ... | ... | ... | ... | #kˈɯkɑ# | *#kˈɯkɑ# | *#kˈukɑ# | *#kˈukə# {GOLD: >*} | *#kˈukə# {GOLD: >*} | *#kˈukə# {GOLD: >*} | *#kˈukə# {GOLD: #kˈukə#}
248    | ... | ... | ... | #kˈukurum# | *#kˈʊkʊrʊ# | *#kˈukuru# | *#kˈukuru# | *#kˈukuɾu# | *#kˈukuɾə# | *#kˈukuɾ# {GOLD: >*} | *#kˈukuɾ# {GOLD: >*} | *#kˈukuɾ# {GOLD: >*} | *#kˈukuɾ# {GOLD: #kˈukuɾ#}
249    | ... | ... | ... | #kˈonkʰɑm# | *#kˈʊnkʰɑ# | *#kˈunkɑ# | *#kˈunka# | *#kˈũnka# | *#kˈũnɡa# | *#kˈũŋɡə# {GOLD: #kˈũnkə#} | *#kˈũɲ̈ɡə# {GOLD: >*} | *#kˈuɲ̈ɡə# {GOLD: >*} | *#kˈuŋɡə# {GOLD: #kˈuŋɡə#}
250    | ... | ... | ... | #kˈulumum# | *#kˈʊlʊmʊ# | *#kˈulumu# | *#kˈulumu# | *#kˈulmu# | *#kˈuːlˠmə# | *#kˈuːlˠm# {GOLD: >*} | *#kˈuːlˠm# {GOLD: >*} | *#kˈulˠm# {GOLD: >*} | *#kˈulˠm# {GOLD: #kˈulˠm#}
251    | ... | ... | ... | #kˈokkeum# | *#kˈɒkkjʊ# | *#kˈokkju# | *#kˈokcju# | *#kˈɔcju# | *#kˈɔcjə# | *#kˈɔc# {GOLD: >*} | *#kˈɔc# {GOLD: >*} | *#kˈɔc# {GOLD: >*} | *#kˈɔc# {GOLD: #kˈuc#}
252    | ... | ... | ... | #kˈuneum# | *#kˈʊnjʊ# | *#kˈuɲu# | *#kˈuɲu# | *#kˈũɲu# | *#kˈũɲə# | *#kˈũɲ# {GOLD: >*} | *#kˈũɲ# {GOLD: >*} | *#kˈuɲ# {GOLD: >*} | *#kˈuɲ# {GOLD: #kˈuɲ#}
253    | ... | ... | ... | ... | ... | ... | ... | #kˈut͡ʃɛ̃# | *#kˈuːt͡ʃə# | *#kˈuːt͡ʃ# {GOLD: #kˈut͡ʃ#} | *#kˈuːt͡ʃ# {GOLD: >*} | *#kˈut͡ʃ# {GOLD: >*} | *#kˈut͡ʃ# {GOLD: #kˈut͡ʃ#}
254    | ... | ... | ... | #kˈonsulem# | *#kˈʊnsʊlɛ# | *#kˈusulɛ# | *#kˈusulɪ# | *#kˈuʃulɪ# | *#kˈuːʃulˠə# | *#kˈuːʃulˠ# {GOLD: >*} | *#kˈuːʃulˠ# {GOLD: >*} | *#kˈuʃulˠ# {GOLD: >*} | *#kˈuʃulˠ# {GOLD: #kˈuʃulˠ#}
255    | ... | ... | ... | #kˈubitum# | *#kˈʊβʊtʊ# | *#kˈuβutu# | *#kˈuutu# | *#kˈutu# | *#kˈutə# | *#kˈut# {GOLD: >*} | *#kˈut# {GOLD: #kˈuːt#} | *#kˈut# {GOLD: >*} | *#kˈut# {GOLD: #kˈut#}
256    | ... | ... | ... | ... | ... | ... | ... | #kˈutɛ̃# | *#kˈutə# | *#kˈut# {GOLD: #kˈut#} | *#kˈut# {GOLD: >*} | *#kˈut# {GOLD: >*} | *#kˈut# {GOLD: #kˈut#}
257    | ... | ... | ... | #kˈudem# | *#kˈʊdɛ# | *#kˈudɛ# | *#kˈuðɪ# | *#kˈuðɪ# | *#kˈuðə# | *#kˈuð# {GOLD: >*} | *#kˈuð# {GOLD: >*} | *#kˈuð# {GOLD: >*} | *#kˈuð# {GOLD: #kˈuð#}
258    | ... | ... | ... | #kˈudinem# | *#kˈʊdɪnɛ# | *#kˈudenɛ# | *#kˈuðɑ̃ɾ̃ɪ# | *#kˈuðɐɾ̃ɪ# | *#kˈuðɐɾ̃ə# | *#kˈuðəɾ̃# {GOLD: >*} | *#kˈuðəɾ̃# {GOLD: >*} | *#kˈuðəɾ# {GOLD: >*} | *#kˈuðəɾ# {GOLD: #kˈuðəɾ#}
259    | ... | ... | ... | #kˈontrɑː# | *#kˈʊntrɑː# | *#kˈuntrɑ# | *#kˈuntra# | *#kˈũntɾa# | *#kˈũndɾa# | *#kˈũndɾ̩# {GOLD: >*} | *#kˈũndɾ̩# {GOLD: >*} | *#kˈundɾ̩# {GOLD: >*} | *#kˈundəɾ# {GOLD: #kˈundəɾ#}
260    | ... | ... | ... | ... | ... | ... | #kˈɯlɑ# | *#kˈɯlɑ# | *#kˈuːlˠɑ# | *#kˈuːlˠə# {GOLD: >*} | *#kˈuːlˠə# {GOLD: >*} | *#kˈulˠə# {GOLD: >*} | *#kˈulˠə# {GOLD: #kˈulə#}
261    | ... | ... | ... | #kˌukˈurbitɑ# | *#kˌʊkˈʊrbʊtɑ# | *#kkˈurbutɑ# | *#kkˈurbuta# | *#kˈuɾbuta# | *#kˈuːɾbəta# | *#kˈuːɾtə# {GOLD: >*} | *#kˈuːɾtə# {GOLD: >*} | *#kˈuɾtə# {GOLD: >*} | *#kˈuɾtə# {GOLD: #kˈultə#}
262    | ... | ... | ... | #kˈulkitrɑ# | *#kˈʊlkɪtrɑ# | *#kˈulktrɑ# | *#kˈultra# | *#kˈultɾa# | *#kˈuːltɾa# | *#kˈuːltɾ̩# {GOLD: >*} | *#kˈuːltɾ̩# {GOLD: >*} | *#kˈultɾ̩# {GOLD: >*} | *#kˈultəɾ# {GOLD: #kˈultəɾ#}
263    | ... | ... | ... | ... | ... | ... | #kˈʊlbɑ# | *#kˈʊlbɑ# | *#kˈɔːʷlbɑ# | *#kˈəlbə# {GOLD: >*} | *#kˈəlbə# {GOLD: >*} | *#kˈəlbə# {GOLD: >*} | *#kˈəlbə# {GOLD: #kˈulbə#}
264    | ... | ... | ... | #kˈulmen# | *#kˈʊlmɛ# | *#kˈulmɛ# | *#kˈulmɪ# | *#kˈulmɪ# | *#kˈuːlmə# | *#kˈuːlm# {GOLD: >*} | *#kˈuːlm# {GOLD: >*} | *#kˈulm# {GOLD: >*} | *#kˈulm# {GOLD: #kˈulm#}
265    | ... | ... | ... | ... | ... | ... | ... | ... | ... | ... {GOLD: ...} | #kˈuɾt# {GOLD: #kˈuɾt#} | *#kˈuɾt# {GOLD: >*} | *#kˈuɾt# {GOLD: #kˈuɾt#}
266    | ... | ... | ... | ... | ... | ... | ... | ... | #kˈurβɑ# | *#kˈuɾvə# {GOLD: >*} | *#kˈuɾvə# {GOLD: >*} | *#kˈuɾvə# {GOLD: >*} | *#kˈuɾvə# {GOLD: #kˈuɾvə#}
267    | ... | ... | ... | #kˈuppum# | *#kˈʊppʊ# | *#kˈuppu# | *#kˈuppu# | *#kˈupu# | *#kˈupə# | *#kˈup# {GOLD: >*} | *#kˈup# {GOLD: >*} | *#kˈup# {GOLD: >*} | *#kˈup# {GOLD: #kˈup#}
268    | ... | ... | ... | #kˈuppɑm# | *#kˈʊppɑ# | *#kˈuppɑ# | *#kˈuppa# | *#kˈupa# | *#kˈupa# | *#kˈupə# {GOLD: >*} | *#kˈupə# {GOLD: >*} | *#kˈupə# {GOLD: >*} | *#kˈupə# {GOLD: #kˈupə#}
269    | ... | ... | ... | ... | ... | ... | ... | ... | #kˈumʊ# | *#kˈum# {GOLD: >*} | *#kˈum# {GOLD: >*} | *#kˈum# {GOLD: >*} | *#kˈum# {GOLD: #kˈum#}
270    | ... | ... | ... | ... | ... | ... | ... | ... | #kˈumɑ# | *#kˈumə# {GOLD: >*} | *#kˈumə# {GOLD: >*} | *#kˈumə# {GOLD: >*} | *#kˈumə# {GOLD: #kˈumə#}
271    | ... | ... | ... | #kˈumulum# | *#kˈʊmʊlʊ# | *#kˈumulu# | *#kˈumulu# | *#kˈũmulu# | *#kˈũmulˠə# | *#kˈũmulˠ# {GOLD: >*} | *#kˈũmulˠ# {GOLD: >*} | *#kˈumulˠ# {GOLD: >*} | *#kˈumulˠ# {GOLD: #kˈumulˠ#}
272    | ... | ... | ... | #kˈomputum# | *#kˈʊmpʊtʊ# | *#kˈumptu# | *#kˈumtu# | *#kˈũmtu# | *#kˈũmtə# | *#kˈũmt# {GOLD: >*} | *#kˈũmt# {GOLD: >*} | *#kˈumt# {GOLD: >*} | *#kˈumt# {GOLD: #kˈumt#}
273    | ... | ... | ... | #kˈompɑter# | *#kˈʊmpɑtɛr# | *#kˈumptɛr# | *#kˈumtɪr# | *#kˈũmtɪɾ# | *#kˈũmtəɾ# | *#kˈũmtɾ̩# {GOLD: >*} | *#kˈũmtɾ̩# {GOLD: #kˈũmətɾ̩#} | *#kˈumtɾ̩# {GOLD: >*} | *#kˈumtəɾ# {GOLD: #kˈumtəɾ#}
274    | ... | ... | #kˌokkˈumɛːlon# | *#kɐkkˈumbəlon# | *#kɐkkˈʊmbəlʊ# | *#kɐkkˈumbəlu# | *#kɐkkˈumbəlu# | *#kkˈũmbəlu# | *#kːˈũmbəlˠə# | *#kːˈũmbulˠ# {GOLD: >*} | *#kːˈũmbulˠ# {GOLD: >*} | *#kˈumbulˠ# {GOLD: >*} | *#kˈumbulˠ# {GOLD: #kˈumbulˠ#}
275    | ... | ... | ... | #klˌɑwrˈuːlɑ# | *#klˌɑwrˈuːlɑ# | *#klˌɑwrˈylɑ# | *#klˌawrˈyla# | *#klˌaːɾˈyla# | *#klˌaːɾˈyːlˠa# | *#kʎˌaːɾˈyːlˠə# {GOLD: #kʎˈyːɾlə#} | *#kʎˌaːɾˈyːlˠə# {GOLD: ...} | ... {GOLD: ...} | ... {GOLD: ...}
276    | ... | ... | ... | #klˌɑwsitˈuːrɑm# | *#klˌɑwɪtˈuːrɑ# | *#klˌyːtˈyrɑ# | *#klˌyːtˈyra# | *#klˌyːtˈyɾa# | *#klˌyːtˈyːɾa# | *#kʎˌyːtˈyːɾə# {GOLD: >*} | *#kʎˌyːtˈyːɾə# {GOLD: >*} | *#cytˈyɾə# {GOLD: >*} | *#cytˈyɾə# {GOLD: #klytˈyɾə#}
277    | ... | ... | ... | #kˌɑlikesˈɑːnktum# | *#kˌɑlɪkɛsˈɑːnktʊ# | *#kˌɑleksˈɑɲtu# | *#kˌalɪksˈaɲtu# | *#kˌalɪkʃˈãɲtu# | *#kˌaləʃˈɛ̃ɲtə# | *#kˌalʃˈɛ̃ɲt# {GOLD: #kl̩ʃˈɛ̃ɲt#} | *#kˌalʃˈɛ̃ɲt# {GOLD: ...} | ... {GOLD: ...} | ... {GOLD: ...}
278    | ... | ... | ... | ... | ... | ... | #krˌɑxˈitɪ# | *#kɾˌɑxˈitɪ# | *#kɾˌɑxˈitə# | *#kɾˌaxˈit# {GOLD: >*} | *#kɾˌahˈit# {GOLD: >*} | *#kɾahˈit# {GOLD: >*} | *#kɾahˈit# {GOLD: #kɾahˈit#}
279    | ... | ... | ... | ... | ... | ... | #krˌɑxˈinɑ# | *#kɾˌɑxˈĩnɑ# | *#kɾˌɑxˈĩnɑ# | *#kɾˌaxˈĩnə# {GOLD: >*} | *#kɾˌahˈĩnə# {GOLD: >*} | *#kɾahˈinə# {GOLD: >*} | *#kɾahˈinə# {GOLD: #kɾahˈinə#}
280    | ... | ... | ... | ... | #krˌɪsmˈɒːɲu# | *#krˌesmˈoɲu# | *#krˌezmˈoɲu# | *#kɾˌezmˈɔ̃ɲu# | *#kɾˌɛzmˈɔ̃ɲə# | *#kɾˌɛzmˈɔ̃ɲ# {GOLD: >*} | *#kɾˌɛzmˈɔ̃ɲ# {GOLD: >*} | *#kɾɛzmˈɔɲ# {GOLD: >*} | *#kɾɛzmˈɔj# {GOLD: #kɾɛzmˈɔj#}
281    | ... | ... | ... | #krˈeːtikum# | *#krˈeːtɪkʊ# | *#krˈetku# | *#krˈetku# | *#kɾˈetku# | *#kɾˈɛtkə# | *#kɾˈɛtk# {GOLD: >*} | *#kɾˈɛtk# {GOLD: >*} | *#kɾˈɛtk# {GOLD: >*} | *#kɾˈɛtk# {GOLD: #kɾˈɛkə#}
282    | ... | ... | ... | #krˈistɑm# | *#krˈɪstɑ# | *#krˈestɑ# | *#krˈesta# | *#kɾˈeʃta# | *#kɾˈɛːʃta# | *#kɾˈɛːʃtə# {GOLD: >*} | *#kɾˈɛːʃtə# {GOLD: >*} | *#kɾˈɛʃtə# {GOLD: >*} | *#kɾˈɛʃtə# {GOLD: #kɾˈɛʃtə#}
283    | ... | ... | ... | #krˈispɑ# | *#krˈɪspɑ# | *#krˈespɑ# | *#krˈespa# | *#kɾˈeʃpa# | *#kɾˈɛːʃpa# | *#kɾˈɛːʃpə# {GOLD: >*} | *#kɾˈɛːʃpə# {GOLD: >*} | *#kɾˈɛʃpə# {GOLD: >*} | *#kɾˈɛʃpə# {GOLD: #kɾˈɛʃpə#}
284    | ... | ... | ... | ... | #kʷˌɑdrˈeːsimɑ# | *#kʷˌɑdrˈesimɑ# | *#kˌarrˈesɪma# | *#kəɾɾˈeʃma# | *#kərːˈɛːʃma# | *#kərˈɛːʒm̩# {GOLD: #kərˈɛʃəmə#} | *#kərˈɛːʒm̩# {GOLD: >*} | *#kərˈɛʒm̩# {GOLD: >*} | *#kərˈɛʒəm# {GOLD: #kɾˈɛʒəm#}
285    | ... | ... | ... | ... | #krˈɪsmɑ# | *#krˈesmɑ# | *#krˈezma# | *#kɾˈezma# | *#kɾˈɛːzma# | *#kɾˈɛːzm̩# {GOLD: >*} | *#kɾˈɛːzm̩# {GOLD: >*} | *#kɾˈɛzm̩# {GOLD: >*} | *#kɾˈɛzəm# {GOLD: #kɾˈɛzəm#}
286    | ... | ... | ... | #kˌerebˈellum# | *#kˌɛrɛβˈɛllʊ# | *#kˌɛrˈøːɛlːu# | *#kərˈøːɛlːu# | *#kəɾˈœːlːu# | *#kəɾˈye̯lːə# | *#kəɾˈɛlː# {GOLD: >*} | *#kəɾˈɛlː# {GOLD: >*} | *#kɾˈɛl# {GOLD: >*} | *#kɾˈɛl# {GOLD: #kɾˈɛl#}
287    | ... | ... | ... | #krˈɑːpulum# | *#krˈɑːpʊlʊ# | *#krˈɑpulu# | *#krˈapulu# | *#kɾˈapulu# | *#kɾˈapulˠə# | *#kɾˈapulˠ# {GOLD: >*} | *#kɾˈapulˠ# {GOLD: >*} | *#kɾˈapulˠ# {GOLD: >*} | *#kɾˈapulˠ# {GOLD: #kɾˈɛpulˠ#}
288    | ... | ... | ... | #krˌeˈɑːntiɑ# | *#krˌɛˈɑːnt͡ʃjɑ# | *#krˌɛjˈɑt͡ʃjɑ# | *#krˌiˈet͡ʃa# | *#kɾˌiːjˈesa# | *#kɾˌiːjˈɛːsa# | *#kɾˌiːjˈɛːsə# {GOLD: >*} | *#kɾˌiːjˈɛːsə# {GOLD: >*} | *#kɾijˈɛsə# {GOLD: >*} | *#kɾijˈɛsə# {GOLD: #kɾijˈɛsə#}
289    | ... | ... | ... | #krˌeˈɑːnioː# | *#krˌɛˈɒːnju# | *#krˌɛjˈoɲu# | *#krˌiˈoɲu# | *#kɾˌiːjˈɔ̃ɲu# | *#kɾˌiːjˈɔ̃ɲə# | *#kɾˌiːjˈɔ̃ɲ# {GOLD: >*} | *#kɾˌiːjˈɔ̃ɲ# {GOLD: >*} | *#kɾijˈɔɲ# {GOLD: >*} | *#kɾijˈɔj# {GOLD: #kɾijˈɔj#}
290    | ... | ... | ... | #krˌeɑːtˈuːrɑm# | *#krˌɛɑːtˈuːrɑ# | *#krˌɛjɑtˈyrɑ# | *#krˌiatˈyra# | *#kɾˌiːjətˈyɾa# | *#kɾˌiːjətˈyːɾa# | *#kɾˌiːjətˈyːɾə# {GOLD: #kɾijətˈyːɾə#} | *#kɾˌiːjtˈyːɾə# {GOLD: #kɾijətˈyːɾə#} | *#kɾijtˈyɾə# {GOLD: >*} | *#kɾijtˈyɾə# {GOLD: #kɾijtˈyɾə#}
291    | ... | ... | ... | ... | #kʰrˈiːstu# | *#krˈistu# | *#krˈistu# | *#kɾˈiʃtu# | *#kɾˈiːʃtə# | *#kɾˈiːʃt# {GOLD: >*} | *#kɾˈiːʃt# {GOLD: >*} | *#kɾˈiʃt# {GOLD: >*} | *#kɾˈiʃt# {GOLD: #kɾˈiʃt#}
292    | ... | ... | ... | #kˌerˈebrum# | *#kˌɛrˈɛβrʊ# | *#kˌɛrˈøːru# | *#kərˈøːru# | *#kəɾˈœːɾu# | *#kəɾˈye̯ɾə# | *#kəɾˈye̯# {GOLD: >*} | *#kəɾˈye̯# {GOLD: >*} | *#kɾˈye̯# {GOLD: >*} | *#kɾˈye̯# {GOLD: #kɾˈye̯#}
293    | ... | ... | ... | ... | #krˈuke# | *#krˈuke# | *#krˈucɪ# | *#kɾˈucɪ# | *#kɾˈucə# | *#kɾˈuc# {GOLD: >*} | *#kɾˈuc# {GOLD: >*} | *#kɾˈuc# {GOLD: >*} | *#kɾˈuc# {GOLD: #kɾˈyc#}
294    | ... | ... | ... | #kˌornˈikulum# | *#kˌʊrnˈikʊlʊ# | *#kˌurnˈikulu# | *#kˌurnˈikulu# | *#kˌuːɾnˈikulu# | *#kˌuːrːˈiːlkəː# | *#kˌuːrˈiːʎk# {GOLD: >*} | *#kˌuːrˈiːʎk# {GOLD: >*} | *#kurˈijk# {GOLD: >*} | *#kurˈik# {GOLD: #kɾɔɲɟˈilˠ#}
295    | ... | ... | ... | #krˈokulum# | *#krˈɒkʊlʊ# | *#krˈokulu# | *#krˈokulu# | *#kɾˈɔkulu# | *#kɾˈɔkulˠə# | *#kɾˈɔkulˠ# {GOLD: >*} | *#kɾˈɔkulˠ# {GOLD: >*} | *#kɾˈɔkulˠ# {GOLD: >*} | *#kɾˈɔkulˠ# {GOLD: #kɾˈɔkulˠ#}
296    | ... | ... | ... | #krˈonsokum# | *#krˈʊnsʊkʊ# | *#krˈusku# | *#krˈusku# | *#kɾˈuʃku# | *#kɾˈuːʃkə# | *#kɾˈuːʃk# {GOLD: >*} | *#kɾˈuːʃk# {GOLD: >*} | *#kɾˈuʃk# {GOLD: >*} | *#kɾˈuʃk# {GOLD: #kɾˈuʃk#}
297    | ... | ... | ... | #kˌɑrrˌiːkulˈɑːnioː# | *#kˌɑrrˌikʊlˈɒːnju# | *#kˌɑrrˌikulˈoɲu# | *#kˌarrˌikulˈoɲu# | *#kˌaɾɾˌiːkulˈɔ̃ɲu# | *#kˌarːˌiːkulˠˈɔ̃ɲə# | *#kˌarˌiːkəlˠˈɔ̃ɲ# {GOLD: >*} | *#kˌarˌiːkəlˠˈɔ̃ɲ# {GOLD: >*} | *#kariklˠˈɔɲ# {GOLD: >*} | *#kariklˠˈɔj# {GOLD: #kriklˠˈɔj#}
298    | ... | ... | ... | #kˌɑmpˈɑːnɑ# | *#kˌɑmpˈɑːnɑ# | *#kˌɑmpˈɑnɑ# | *#kˌampˈana# | *#kˌãmpˈãɾ̃a# | *#kˌãmbˈãɾ̃a# | *#kˌʌ̃mbˈʌ̃ɾ̃ə# {GOLD: #km̩bˈɑ̃ɾ̃ə#} | *#kˌə̃mbˈə̃ɾ̃ə# {GOLD: ...} | ... {GOLD: ...} | ... {GOLD: ...}
299    | ... | ... | ... | ... | ... | ... | #ɡˌɒtˈɒwɔɲ# | *#ɡˌɑtˈɔə̯̃ɲ# | *#ɡˌɑtˈuõ̯ɲ# | *#ɡˌatˈuõ̯ɲ# {GOLD: #ɡˌatˈuo̯ɲ#} | *#ɡˌatˈuã̯ɲ# {GOLD: >*} | *#ɡatˈua̯ɲ# {GOLD: >*} | *#ɡatˈua̯j# {GOLD: #ɡatˈua̯j#}
300    | ... | ... | ... | #ɡˌɑwdiumˈentum# | *#ɡˌɑwd͡ʒjʊmˈɛntʊ# | *#ɡˌɑwd͡ʒjumˈɛntu# | *#ɡˌawd͡ʒumˈɛntu# | *#ɡˌaːzmˈɛ̃ntu# | *#ɡˌaːzmˈɛ̃ndə# | *#ɡˌaːzmˈɛ̃nd# {GOLD: >*} | *#ɡˌaːzmˈɛ̃nd# {GOLD: #ɡazɪmˈɛnd#} | *#ɡazmˈɛnd# {GOLD: >*} | *#ɡazmˈɛnd# {GOLD: #ɡazmˈɛnd#}
301    | ... | ... | ... | ... | ... | ... | #ɡˌɒlˈinɑ# | *#ɡˌɑlˈĩnɑ# | *#ɡˌɑlˈĩnɑ# | *#ɡˌalˈĩnə# {GOLD: >*} | *#ɡˌalˈĩnə# {GOLD: >*} | *#ɡalˈinə# {GOLD: >*} | *#ɡalˈinə# {GOLD: #ɡalˈinə#}
302    | ... | ... | ... | ... | ... | ... | ... | ... | #ɡˌɑmˈitɪ# | *#ɡˌamˈit# {GOLD: >*} | *#ɡˌamˈit# {GOLD: >*} | *#ɡamˈit# {GOLD: >*} | *#ɡamˈit# {GOLD: #ɡamˈit#}
303    | ... | ... | ... | ... | ... | ... | ... | ... | #ɡˈɑjɪ# | *#ɡˈaj# {GOLD: >*} | *#ɡˈaj# {GOLD: >*} | *#ɡˈaj# {GOLD: >*} | *#ɡˈaj# {GOLD: #ɡˈaj#}
304    | ... | ... | ... | ... | ... | ... | ... | #ɡˈɑʎɪkɑ# | *#ɡˈɑːʎɡɑ# | *#ɡˈaːʎɡə# {GOLD: >*} | *#ɡˈaːʎɡə# {GOLD: >*} | *#ɡˈajɡə# {GOLD: >*} | *#ɡˈajɡə# {GOLD: #ɡˈajɡə#}
305    | ... | ... | ... | ... | ... | ... | #ɡˈɒlwɑ# | *#ɡˈɑlˠwɑ# | *#ɡˈɑːlˠwɑ# | *#ɡˈaːlˠvə# {GOLD: >*} | *#ɡˈaːlˠvə# {GOLD: >*} | *#ɡˈalˠvə# {GOLD: >*} | *#ɡˈalˠvə# {GOLD: #ɡˈalˠvə#}
306    | ... | ... | ... | #ɡˈɑttum# | *#ɡˈɑttʊ# | *#ɡˈɑttu# | *#ɡˈattu# | *#ɡˈatu# | *#ɡˈatə# | *#ɡˈat# {GOLD: >*} | *#ɡˈat# {GOLD: >*} | *#ɡˈat# {GOLD: >*} | *#ɡˈat# {GOLD: #ɡˈat#}
307    | ... | ... | ... | #ɡˈɑttɑ# | *#ɡˈɑttɑ# | *#ɡˈɑttɑ# | *#ɡˈatta# | *#ɡˈata# | *#ɡˈata# | *#ɡˈatə# {GOLD: >*} | *#ɡˈatə# {GOLD: >*} | *#ɡˈatə# {GOLD: >*} | *#ɡˈatə# {GOLD: #ɡˈatə#}
308    | ... | ... | ... | #ɡˈɑwdium# | *#ɡˈɑwd͡ʒjʊ# | *#ɡˈɑwd͡ʒju# | *#ɡˈawd͡ʒu# | *#ɡˈaːzu# | *#ɡˈaːzə# | *#ɡˈaːz# {GOLD: >*} | *#ɡˈaːz# {GOLD: >*} | *#ɡˈaz# {GOLD: >*} | *#ɡˈaz# {GOLD: #ɡˈaz#}
309    | ... | ... | ... | ... | ... | ... | ... | #ɡˈɑʎɑ# | *#ɡˈɑːʎɑ# | *#ɡˈaːlə# {GOLD: >*} | *#ɡˈaːlə# {GOLD: >*} | *#ɡˈalə# {GOLD: >*} | *#ɡˈalə# {GOLD: #ɡˈalə#}
310    | ... | ... | ... | #ɡˈɑlɡulum# | *#ɡˈɑlɡʊlʊ# | *#ɡˈɑlɡulu# | *#ɡˈalɡulu# | *#ɡˈalɡulu# | *#ɡˈaːlɡulˠə# | *#ɡˈaːɾɡulˠ# {GOLD: >*} | *#ɡˈaːɾɡulˠ# {GOLD: >*} | *#ɡˈaɾɡulˠ# {GOLD: >*} | *#ɡˈaɾɡulˠ# {GOLD: #ɡˈaɾɡulˠ#}
311    | ... | ... | ... | ... | ... | ... | #ɡˌʊltˈitɪ# | *#ɡˌʊltˈitɪ# | *#ɡˌʊltˈitə# | *#ɡˌəlˠtˈit# {GOLD: >*} | *#ɡˌəlˠtˈit# {GOLD: >*} | *#ɡəlˠtˈit# {GOLD: >*} | *#ɡəlˠtˈit# {GOLD: #ɡəlˠtˈit#}
312    | ... | ... | ... | #kˌɑstˈɑneɑm# | *#kˌɑstˈɑnjɑ# | *#kˌɑstˈɑɲɑ# | *#kˌastˈaɲa# | *#kˌaʃtˈãɲa# | *#kɐʃtˈɛ̃ɲa# | *#kəʃtˈɛ̃ɲə# {GOLD: #kəʃtˈɛ̃ɲə#} | *#kəʃtˈɛ̃ɲə# {GOLD: >*} | *#kəʃtˈɛɲə# {GOLD: >*} | *#kəʃtˈɛɲə# {GOLD: #ɡəʃtˈɛɲə#}
313    | ... | ... | #ɡˌawzˈaːfon# | *#ɡˌɑwzˈɒːfon# | *#ɡˌɑwzˈɒfʊ# | *#ɡˌɑwzˈofu# | *#ɡəzˈofu# | *#ɡəzˈɔfu# | *#ɡəzˈɔːfə# | *#ɡəzˈɔːf# {GOLD: >*} | *#ɡəzˈɔːf# {GOLD: >*} | *#ɡəzˈɔf# {GOLD: >*} | *#ɡəzˈɔf# {GOLD: #ɡəzˈɔf#}
314    | ... | ... | ... | #kˌɑlkˈɑːriɑm# | *#kˌɑlkˈɑːrjɑ# | *#kˌɑlkˈɑrjɑ# | *#kˌalcˈerja# | *#kəlcˈeɾja# | *#kəlcˈɛːɾja# | *#kl̩cˈɛːɾɛ# {GOLD: #kl̩cɛɾɛ#} | *#ɡl̩cˈɛːɾɛ# {GOLD: >*} | *#ɡl̩cˈɛɾɛ# {GOLD: >*} | *#ɡəlcˈɛɾɛ# {GOLD: #ɡəlcˈɛɾɛ#}
315    | ... | ... | ... | ... | ... | ... | #kˌʊlbˈɑzɑ# | *#kˌʊlbˈɑzɑ# | *#kˌʊlbˈɑːzɑ# | *#kˌəlbˈaːzə# {GOLD: #kˌl̩bˈazə#} | *#ɡˌəlbˈaːzə# {GOLD: >*} | *#ɡəlbˈazə# {GOLD: >*} | *#ɡəlbˈazə# {GOLD: #ɡəlbˈazə#}
316    | ... | ... | ... | ... | ... | ... | #kˌʊrxˈɑtɪ# | *#kˌɔːʷɾxˈɑtɪ# | *#kˌɔːʷɾxˈɑtə# | *#kɾ̩xˈat# {GOLD: >*} | *#ɡɾ̩hˈat# {GOLD: >*} | *#ɡɾ̩hˈat# {GOLD: >*} | *#ɡəɾhˈat# {GOLD: #ɡəɾhˈat#}
317    | ... | ... | ... | ... | ... | ... | ... | ... | #ɡrˌəkˈɨɲɑ# | *#ɡɾ̩kˈiɲə# {GOLD: >*} | *#ɡɾ̩kˈiɲə# {GOLD: >*} | *#ɡɾ̩kˈiɲə# {GOLD: >*} | *#ɡəɾcˈiɲə# {GOLD: #ɡəɾcˈiɲə#}
318    | ... | ... | ... | ... | ... | ... | ... | ... | #kˌərt͡ʃˈɑkʊ# | *#kɾ̩t͡ʃˈak# {GOLD: >*} | *#ɡɾ̩t͡ʃˈak# {GOLD: >*} | *#ɡɾ̩t͡ʃˈak# {GOLD: >*} | *#ɡəɾt͡ʃˈak# {GOLD: #ɡəɾt͡ʃˈak#}
319    | ... | ... | ... | #kˌɑrsˈɑːnɑm# | *#kˌɑrsˈɑːnɑ# | *#kˌɑrsˈɑnɑ# | *#kˌarsˈana# | *#kəɾʃˈãɾ̃a# | *#kəɾʃˈãɾ̃a# | *#kɾ̩ʃˈʌ̃ɾ̃ə# {GOLD: #kɾ̩ʃˈɑ̃ɾ̃ə#} | *#ɡɾ̩ʃˈə̃ɾ̃ə# {GOLD: >*} | *#ɡɾ̩ʃˈəɾə# {GOLD: >*} | *#ɡəɾʃˈəɾə# {GOLD: #ɡəɾʃˈəɾə#}
320    | ... | ... | #kˌorsɔːtˈon# | *#kɐrsɔːtˈon# | *#kɐrsˈoːtʊn# | *#kɐrsˈøtun# | *#kɐrsˈøtun# | *#kəɾʃˈœtũn# | *#kəɾʃˈɛtə# | *#kɾ̩ʃˈɛt# {GOLD: #kɾ̩ʃˈœt#} | *#ɡɾ̩ʃˈɛt# {GOLD: >*} | *#ɡɾ̩ʃˈɛt# {GOLD: >*} | *#ɡəɾʃˈɛt# {GOLD: #ɡəɾʃˈɛt#}
321    | ... | ... | ... | ... | ... | ... | ... | ... | #ɡˌʊrdˈɑlɑ# | *#ɡɾ̩dˈalˠə# {GOLD: >*} | *#ɡɾ̩dˈalˠə# {GOLD: >*} | *#ɡɾ̩dˈalˠə# {GOLD: >*} | *#ɡəɾdˈalˠə# {GOLD: #ɡəɾdˈalˠə#}
322    | ... | ... | ... | ... | ... | ... | ... | #ɡˌɒɾdˈɛt͡s# | *#ɡˌɒɾdˈɛːt͡s# | *#ɡˌɔɾdˈɛːt͡s# {GOLD: >*} | *#ɡˌɔɾdˈɛːt͡s# {GOLD: >*} | *#ɡɔɾdˈɛt͡s# {GOLD: >*} | *#ɡɔɾdˈɛt͡s# {GOLD: #ɡəɾdˈɛt͡s#}
323    | ... | ... | ... | ... | ... | ... | ... | ... | #ɡˌʊrdˈitɪ# | *#ɡɾ̩dˈit# {GOLD: >*} | *#ɡɾ̩dˈit# {GOLD: >*} | *#ɡɾ̩dˈit# {GOLD: >*} | *#ɡəɾdˈit# {GOLD: #ɡəɾdˈit#}
324    | ... | ... | ... | ... | ... | ... | #ɡˌʊrdˈitɪ# | *#ɡˌɔːʷɾðˈitɪ# | *#ɡˌɔːʷɾðˈitə# | *#ɡɾ̩ðˈit# {GOLD: #ɡɾ̩ðˈit#} | *#ɡɾ̩ðˈit# {GOLD: >*} | *#ɡɾ̩ðˈit# {GOLD: >*} | *#ɡəɾðˈit# {GOLD: #ɡəɾðˈit#}
325    | ... | ... | ... | ... | ... | ... | #ɡˌʊrdlˈɑt͡ʃɪ# | *#ɡˌɔːʷɾðlˈɑsɪ# | *#ɡˌɔːʷɾlˈɑːsə# | *#ɡɾ̩lˈaːs# {GOLD: >*} | *#ɡɾ̩lˈaːs# {GOLD: >*} | *#ɡɾ̩lˈas# {GOLD: >*} | *#ɡəɾlˈas# {GOLD: #ɡəɾlˈat͡s#}
326    | ... | ... | ... | ... | ... | ... | ... | ... | #ɡˌʊɾlˈit͡sɑ# | *#ɡɾ̩lˈit͡sə# {GOLD: >*} | *#ɡɾ̩lˈit͡sə# {GOLD: >*} | *#ɡɾ̩lˈit͡sə# {GOLD: >*} | *#ɡəɾlˈit͡sə# {GOLD: #ɡəɾlˈit͡sə#}
327    | ... | ... | ... | ... | ... | ... | ... | #ɡrˌafˈɛjɔn# | *#ɡrˌafˈɛjə# | *#ɡɾ̩fˈɛj# {GOLD: >*} | *#ɡɾ̩fˈɛj# {GOLD: >*} | *#ɡɾ̩fˈɛj# {GOLD: >*} | *#ɡəɾfˈɛj# {GOLD: #ɡəɾfˈɛj#}
328    | ... | ... | ... | ... | ... | ... | #ɡrˌɒmˈɑdɑ# | *#ɡɾˌɒ̃mˈɑðɑ# | *#ɡɾˌə̃mˈɑðɑ# | *#ɡɾˌə̃mˈaðə# {GOLD: >*} | *#ɡɾˌə̃mˈaðə# {GOLD: >*} | *#ɡɾəmˈaðə# {GOLD: >*} | *#ɡɾəmˈaðə# {GOLD: #ɡəɾmˈaðə#}
329    | ... | ... | ... | ... | ... | ... | ... | ... | #ɡrˈək# | *#ɡɾˈək# {GOLD: >*} | *#ɡɾˈək# {GOLD: >*} | *#ɡɾˈək# {GOLD: >*} | *#ɡɾˈək# {GOLD: #ɡˈəɾk#}
330    | ... | ... | ... | ... | ... | ... | ... | ... | #ɡˈʊrt͡ʃʊ# | *#ɡˈəɾt͡ʃ# {GOLD: >*} | *#ɡˈəɾt͡ʃ# {GOLD: >*} | *#ɡˈəɾt͡ʃ# {GOLD: >*} | *#ɡˈəɾt͡ʃ# {GOLD: #ɡˈəɾt͡ʃ#}
331    | ... | ... | ... | ... | ... | ... | ... | ... | #ɡˈʊrbɑ# | *#ɡˈəɾbə# {GOLD: >*} | *#ɡˈəɾbə# {GOLD: >*} | *#ɡˈəɾbə# {GOLD: >*} | *#ɡˈəɾbə# {GOLD: #ɡˈəɾbə#}
332    | ... | ... | #ɡrˈamma# | *#ɡrˈɑmmɑ# | *#ɡrˈɑmmɑ# | *#ɡrˈɑmmɑ# | *#ɡrˈamma# | *#ɡɾˈãmma# | *#ɡɾˈãmːa# | *#ɡɾˈʌ̃mːə# {GOLD: >*} | *#ɡɾˈə̃mə# {GOLD: >*} | *#ɡɾˈəmə# {GOLD: >*} | *#ɡɾˈəmə# {GOLD: #ɡˈəɾmə#}
333    | ... | ... | ... | ... | ... | ... | ... | ... | #ɡˌɒdˈitɪ# | *#ɡˌɔdˈit# {GOLD: >*} | *#ɡˌɔdˈit# {GOLD: >*} | *#ɡɔdˈit# {GOLD: >*} | *#ɡɔdˈit# {GOLD: #ɡɔdˈit#}
334    | ... | ... | ... | ... | ... | ... | ... | #ɡˌɒstˈɪ̃nɪsɪkɑ# | *#ɡˌɒstˈãnəskɑ# | *#ɡˌɔstˈʌ̃nskə# {GOLD: >*} | *#ɡˌɔstˈə̃nskə# {GOLD: >*} | *#ɡɔstˈənt͡skə# {GOLD: >*} | *#ɡɔstˈənt͡skə# {GOLD: #ɡɔstˈənt͡skə#}
335    | ... | ... | ... | ... | ... | ... | ... | ... | #ɡˌɒstˈitɪ# | *#ɡˌɔstˈit# {GOLD: >*} | *#ɡˌɔstˈit# {GOLD: >*} | *#ɡɔstˈit# {GOLD: >*} | *#ɡɔstˈit# {GOLD: #ɡɔstˈit#}
336    | ... | ... | ... | ... | ... | ... | #ɡˌɒrɪnˈit͡sɑ# | *#ɡˌɑɾə̃nˈit͡sɑ# | *#ɡˌɑrːˈiːt͡sɑ# | *#ɡˌarˈiːt͡sə# {GOLD: >*} | *#ɡˌarˈiːt͡sə# {GOLD: >*} | *#ɡarˈit͡sə# {GOLD: >*} | *#ɡarˈit͡sə# {GOLD: #ɡɔrˈit͡sə#}
337    | ... | ... | ... | ... | ... | ... | ... | ... | #ɡˌɒmˈilɑ# | *#ɡˌɔmˈilˠə# {GOLD: >*} | *#ɡˌɔmˈilˠə# {GOLD: >*} | *#ɡɔmˈilˠə# {GOLD: >*} | *#ɡɔmˈilˠə# {GOLD: #ɡɔmˈilə#}
338    | ... | ... | ... | ... | ... | ... | ... | ... | #ɡˌɒ̃bˈɛlɪ# | *#ɡˌɔmbˈɛl# {GOLD: >*} | *#ɡˌɔmbˈɛl# {GOLD: >*} | *#ɡɔmbˈɛl# {GOLD: >*} | *#ɡɔmbˈɛl# {GOLD: #ɡɔmbˈɛl#}
339    | ... | ... | ... | #ɡˈulɑm# | *#ɡˈʊlɑ# | *#ɡˈulɑ# | *#ɡˈula# | *#ɡˈula# | *#ɡˈuːlˠa# | *#ɡˈuːlˠə# {GOLD: #ɡˈɔʎə#} | *#ɡˈuːlˠə# {GOLD: #ɡˈɔʎə#} | *#ɡˈulˠə# {GOLD: >*} | *#ɡˈulˠə# {GOLD: #ɡˈɔjə#}
340    | ... | ... | #ɡˌɔːlˈoːn# | *#ɡˌɔːlˈoːn# | *#ɡˈɒːlun# | *#ɡˈolun# | *#ɡˈolun# | *#ɡˈɔlũn# | *#ɡˈɔːlˠə# | *#ɡˈɔːlˠ# {GOLD: >*} | *#ɡˈɔːlˠ# {GOLD: >*} | *#ɡˈɔlˠ# {GOLD: >*} | *#ɡˈɔlˠ# {GOLD: #ɡˈɔlˠ#}
341    | ... | ... | ... | ... | ... | ... | #ɡwˈɒzdɑ# | *#ɡwˈɒzdɑ# | *#ɡwˈɒːzdɑ# | *#ɡˈɔːzdə# {GOLD: >*} | *#ɡˈɔːzdə# {GOLD: >*} | *#ɡˈɔzdə# {GOLD: >*} | *#ɡˈɔzdə# {GOLD: #ɡˈɔʒdə#}
342    | ... | ... | ... | #ɡˈummɑ# | *#ɡˈʊmmɑ# | *#ɡˈummɑ# | *#ɡˈumma# | *#ɡˈũmma# | *#ɡˈũmːa# | *#ɡˈũmːə# {GOLD: >*} | *#ɡˈũmə# {GOLD: >*} | *#ɡˈumə# {GOLD: >*} | *#ɡˈumə# {GOLD: #ɡˈɔmə#}
343    | ... | ... | ... | ... | ... | ... | #ɡˌɒlwɪnˈikʊ# | *#ɡlˠˌɑːw̃nˈikə# | *#ɡlˠˌɑːw̃nˈikə# | *#ɡlˠˌaːnˈik# {GOLD: >*} | *#ɡlˠˌaːnˈik# {GOLD: >*} | *#ɡlˠanˈik# {GOLD: >*} | *#ɡlˠanˈik# {GOLD: #ɡlˠanˈik#}
344    | ... | ... | ... | ... | ... | ... | #ɡˌɒlwˈinɑ# | *#ɡlˠˌɑːwˈĩnɑ# | *#ɡlˠˌɑːwˈĩnːɑ# | *#ɡlˠˌaːwˈĩnːə# {GOLD: >*} | *#ɡlˠˌaːvˈĩnə# {GOLD: >*} | *#ɡlˠavˈinə# {GOLD: >*} | *#ɡlˠavˈinə# {GOLD: #ɡlˠavˈinə#}
345    | ... | ... | ... | #kˌottidzˈɑːnioː# | *#kˌʊttɪdzˈɒːnju# | *#kˌuttedzˈoɲu# | *#kˌuttɪdzˈoɲu# | *#kˌuːtɪdzˈɔ̃ɲu# | *#kˌuːtəd͡zˈɔ̃ɲə# | *#kˌuːtəd͡zˈɔ̃ɲ# {GOLD: >*} | *#ɡˌuːd͡zˈɔ̃ɲ# {GOLD: >*} | *#ɡud͡zˈɔɲ# {GOLD: >*} | *#ɡud͡zˈɔj# {GOLD: #ɡud͡zˈɔj#}
346    | ... | ... | ... | #kˌollˌuktiˈɑːnioː# | *#kˌʊllˌʊkt͡ʃjˈɒːnju# | *#kˌulːˌukt͡ʃjˈoɲu# | *#kˌulːˌukt͡ʃˈoɲu# | *#kˌulːəcˈɔ̃ɲu# | *#kˌulːəcˈɔ̃ɲə# | *#kˌulːəcˈɔ̃ɲ# {GOLD: >*} | *#ɡˌulːcˈɔ̃ɲ# {GOLD: >*} | *#ɡulcˈɔɲ# {GOLD: >*} | *#ɡulcˈɔj# {GOLD: #ɡult͡ʃˈɔj#}
347    | ... | ... | ... | #kˌollˌuːktˈɑːnioː# | *#kˌʊllˌuːktˈɒːnju# | *#kˌulːˌyktˈoɲu# | *#kˌulːˌyktˈoɲu# | *#kˌulːɪktˈɔ̃ɲu# | *#kˌulːətˈɔ̃ɲə# | *#kˌulːətˈɔ̃ɲ# {GOLD: >*} | *#ɡˌulːtˈɔ̃ɲ# {GOLD: >*} | *#ɡultˈɔɲ# {GOLD: >*} | *#ɡultˈɔj# {GOLD: #ɡultˈɔj#}
348    | ... | ... | ... | #ˌɑwɡˈustum# | *#ˌɑwɡˈʊstʊ# | *#ˌɑwɡˈustu# | *#ɡˈustu# | *#ɡˈuʃtu# | *#ɡˈuːʃtə# | *#ɡˈuːʃt# {GOLD: >*} | *#ɡˈuːʃt# {GOLD: >*} | *#ɡˈuʃt# {GOLD: >*} | *#ɡˈuʃt# {GOLD: #ɡˈuʃt#}
349    | ... | ... | ... | #ɡˈuttɑm# | *#ɡˈʊttɑ# | *#ɡˈuttɑ# | *#ɡˈutta# | *#ɡˈuta# | *#ɡˈuta# | *#ɡˈutə# {GOLD: >*} | *#ɡˈutə# {GOLD: >*} | *#ɡˈutə# {GOLD: >*} | *#ɡˈutə# {GOLD: #ɡˈutə#}
350    | ... | ... | ... | #ɡˈunnɑm# | *#ɡˈʊnnɑ# | *#ɡˈunːɑ# | *#ɡˈunːa# | *#ɡˈũnːa# | *#ɡˈũnːa# | *#ɡˈũnːə# {GOLD: >*} | *#ɡˈũnə# {GOLD: >*} | *#ɡˈunə# {GOLD: >*} | *#ɡˈunə# {GOLD: #ɡˈunə#}
351    | ... | ... | ... | #ɡˌɑllinˈɑːtiɑ# | *#ɡˌɑllɪnˈɑːt͡ʃjɑ# | *#ɡˌɑlːenˈɑt͡ʃjɑ# | *#ɡˌalːɪnˈat͡ʃa# | *#ɡəlːnˈasa# | *#ɡəlːnˈaːsa# | *#ɡəlːˈaːsə# {GOLD: >*} | *#ɡəlːˈaːsə# {GOLD: >*} | *#ɡəlˈasə# {GOLD: #ɡəlˈasə#} | *#ɡlˈasə# {GOLD: #ɡlˈasə#}
352    | ... | ... | ... | ... | ... | ... | ... | ... | #ɡrˌɑʃˈinɑ# | *#ɡɾˌaʃˈinə# {GOLD: >*} | *#ɡɾˌaʃˈinə# {GOLD: >*} | *#ɡɾaʃˈinə# {GOLD: >*} | *#ɡɾaʃˈinə# {GOLD: #ɡɾaʃˈinə#}
353    | ... | ... | ... | ... | ... | ... | ... | ... | #ɡrˌɑdˈinɑ# | *#ɡɾˌadˈinə# {GOLD: >*} | *#ɡɾˌadˈinə# {GOLD: >*} | *#ɡɾadˈinə# {GOLD: >*} | *#ɡɾadˈinə# {GOLD: #ɡɾadˈinə#}
354    | ... | ... | ... | ... | ... | ... | ... | ... | #ɡrˌɑbˈitɪ# | *#ɡɾˌabˈit# {GOLD: >*} | *#ɡɾˌabˈit# {GOLD: >*} | *#ɡɾabˈit# {GOLD: >*} | *#ɡɾabˈit# {GOLD: #ɡɾabˈit#}
355    | ... | ... | ... | #ɡrˈɑːtum# | *#ɡrˈɑːtʊ# | *#ɡrˈɑtu# | *#ɡrˈatu# | *#ɡɾˈatu# | *#ɡɾˈatə# | *#ɡɾˈat# {GOLD: >*} | *#ɡɾˈat# {GOLD: >*} | *#ɡɾˈat# {GOLD: >*} | *#ɡɾˈat# {GOLD: #ɡɾˈat#}
356    | ... | ... | ... | ... | ... | ... | ... | ... | #ɡrˈɑdɑ# | *#ɡɾˈadə# {GOLD: >*} | *#ɡɾˈadə# {GOLD: >*} | *#ɡɾˈadə# {GOLD: >*} | *#ɡɾˈadə# {GOLD: #ɡɾˈadə#}
357    | ... | ... | ... | ... | ... | ... | ... | ... | ... | ... {GOLD: ...} | #ɡɾˈam# {GOLD: #ɡɾˈam#} | *#ɡɾˈam# {GOLD: >*} | *#ɡɾˈam# {GOLD: #ɡɾˈam#}
358    | ... | ... | ... | #ɡlˌomerˈɑːtɑ# | *#ɡlˌɛmːɛrˈɑːtɑ# | *#ɡlˌemːɛrˈɑtɑ# | *#ɡləmːɪrˈata# | *#ɡlə̃mːəɾˈata# | *#ɡlə̃mːəɾˈata# | *#ɡɾə̃mːəɾˈatə# {GOLD: >*} | *#ɡɾə̃məɾˈatə# {GOLD: >*} | *#ɡɾəməɾˈatə# {GOLD: >*} | *#ɡɾəməɾˈatə# {GOLD: #ɡɾəməɾˈatə#}
359    | ... | ... | ... | ... | ... | ... | ... | ... | #ɡrˌɛbˈɑʃɪ# | *#ɡɾ̩bˈaʃ# {GOLD: >*} | *#ɡɾ̩bˈaʃ# {GOLD: >*} | *#ɡɾ̩bˈaʃ# {GOLD: >*} | *#ɡəɾbˈaʃ# {GOLD: #ɡɾɛbˈaʃ#}
360    | ... | ... | ... | #ɡrˈae̯kum# | *#ɡrˈɛkʊ# | *#ɡrˈɛku# | *#ɡrˈɛku# | *#ɡɾˈɛku# | *#ɡɾˈɛkə# | *#ɡɾˈɛk# {GOLD: >*} | *#ɡɾˈɛk# {GOLD: >*} | *#ɡɾˈɛk# {GOLD: >*} | *#ɡɾˈɛk# {GOLD: #ɡɾˈɛk#}
361    | ... | ... | ... | #ɡrˈemium# | *#ɡrˈɛmjʊ# | *#ɡrˈɛmju# | *#ɡrˈimu# | *#ɡɾˈĩmu# | *#ɡɾˈĩmə# | *#ɡɾˈĩm# {GOLD: >*} | *#ɡɾˈĩm# {GOLD: >*} | *#ɡɾˈim# {GOLD: >*} | *#ɡɾˈim# {GOLD: #ɡɾˈɛmb#}
362    | ... | ... | ... | #ɡrˈeɡem# | *#ɡrˈɛɡɛ# | *#ɡrˈɛɡɛ# | *#ɡrˈiɟɪ# | *#ɡɾˈiɟɪ# | *#ɡɾˈiɟə# | *#ɡɾˈiɟ# {GOLD: >*} | *#ɡɾˈiɟ# {GOLD: >*} | *#ɡɾˈiɟ# {GOLD: >*} | *#ɡɾˈiɟ# {GOLD: #ɡɾˈiɟ#}
363    | ... | ... | ... | #ɡrˈyːpsam# | *#ɡrˈipsa# | *#ɡrˈipsa# | *#ɡrˈipsa# | *#ɡɾˈipʃa# | *#ɡɾˈiːfʃa# | *#ɡɾˈiːfʃə# {GOLD: >*} | *#ɡɾˈiːfʃə# {GOLD: >*} | *#ɡɾˈifʃə# {GOLD: >*} | *#ɡɾˈifʃə# {GOLD: #ɡɾˈifʃə#}
364    | ... | ... | ... | ... | ... | ... | ... | ... | #ɡˈɒrʃɪ# | *#ɡˈɔɾʃ# {GOLD: >*} | *#ɡˈɔɾʃ# {GOLD: >*} | *#ɡˈɔɾʃ# {GOLD: >*} | *#ɡˈɔɾʃ# {GOLD: #ɡɾˈɔʃ#}
365    | ... | ... | ... | ... | ... | ... | #ɡrˈɒzdɪlɪ# | *#ɡɾˈɒzdɪlɪ# | *#ɡɾˈɒːzdələ# | *#ɡɾˈɔːzdl̩# {GOLD: >*} | *#ɡɾˈɔːzdl̩# {GOLD: >*} | *#ɡɾˈɔzdl̩# {GOLD: >*} | *#ɡɾˈɔzdəl# {GOLD: #ɡɾˈɔʒəl#}
366    | ... | ... | ... | ... | #krˈuptɑ# | *#krˈuptɑ# | *#krˈupta# | *#kɾˈuðta# | *#kɾˈuta# | *#kɾˈutə# {GOLD: >*} | *#kɾˈutə# {GOLD: >*} | *#kɾˈutə# {GOLD: >*} | *#kɾˈutə# {GOLD: #ɡɾˈɔftə#}
367    | ... | ... | ... | #ɡrˌuːmulˈɑːnio# | *#ɡrˌumʊlˈɒːnjʊ# | *#ɡrˌumulˈoɲu# | *#ɡrˌumulˈoɲu# | *#ɡɾˌũmulˈɔ̃ɲu# | *#ɡɾˌũmbulˠˈɔ̃ɲə# | *#ɡɾˌũmbulˠˈɔ̃ɲ# {GOLD: >*} | *#ɡɾˌũmbulˠˈɔ̃ɲ# {GOLD: >*} | *#ɡɾumbulˠˈɔɲ# {GOLD: >*} | *#ɡɾumbulˠˈɔj# {GOLD: #ɡɾumbulˠˈɔj#}
368    | ... | ... | ... | ... | ... | ... | #ɡˈʊrstɪ# | *#ɡˈʊɾʃtɪ# | *#ɡˈɔːʷɾʃtə# | *#ɡɾˈuʃt# {GOLD: >*} | *#ɡɾˈuʃt# {GOLD: >*} | *#ɡɾˈuʃt# {GOLD: >*} | *#ɡɾˈuʃt# {GOLD: #ɡɾˈuʃt#}
369    | ... | ... | ... | #ɡrˈuːmulum# | *#ɡrˈumʊlʊ# | *#ɡrˈumulu# | *#ɡrˈumulu# | *#ɡɾˈũmulu# | *#ɡɾˈũmulˠə# | *#ɡɾˈũmulˠ# {GOLD: >*} | *#ɡɾˈũmulˠ# {GOLD: >*} | *#ɡɾˈumulˠ# {GOLD: >*} | *#ɡɾˈumulˠ# {GOLD: #ɡɾˈumbulˠ#}
370    | ... | ... | ... | #ˌinkˌɑwsinˈɑːnioː# | *#ˌɪnkˌɑwsɪnˈɒːnju# | *#ˌenkˌɑwsenˈojɲu# | *#ənkˌawsɑ̃ɾ̃ˈojɲu# | *#ə̃nkˌaːʃə̃ɾ̃ˈɔj̃ɲu# | *#ə̃nɡˌaːʃə̃ɾ̃ˈɛ̃ɲə# | *#ə̃ŋɡˌaːʃə̃ɾ̃ˈɛ̃ɲ# {GOLD: >*} | *#ə̃ɲ̈ɡˌaːʃə̃ɾ̃ˈɛ̃ɲ# {GOLD: >*} | *#ɲ̈ɡaʃəɾˈɛɲ# {GOLD: >*} | *#ŋɡaʃəɾˈɛj# {GOLD: #ŋɡaʃəɾˈɛj#}
371    | ... | ... | ... | #ˌinkˌɑbɑllikˈɑːnioː# | *#ˌɪnkˌɑβɑllɪkˈɒːnju# | *#ˌenkˌɑβɑlːekˈoɲu# | *#ənkˌawalːɪkˈoɲu# | *#ə̃nkəˌaːlːɪkˈɔ̃ɲu# | *#ə̃nɡəˌaːlːəkˈɔ̃ɲə# | *#ə̃ŋɡˌalːəkˈɔ̃ɲ# {GOLD: #n̩kalːəkˈɔ̃ɲ#} | *#ə̃ɲ̈ɡˌalːkˈɔ̃ɲ# {GOLD: >*} | *#ɲ̈ɡalkˈɔɲ# {GOLD: #əŋɡalkˈɔɲ#} | *#ŋɡalkˈɔj# {GOLD: #ŋɡalkˈɔj#}
372    | ... | ... | ... | #ˌinkˌɑrrikˈɑːnioː# | *#ˌɪnkˌɑrrɪkˈɒːnju# | *#ˌenkˌɑrrkˈoɲu# | *#ənkˌarkˈoɲu# | *#ə̃nkˌaɾkˈɔ̃ɲu# | *#ə̃nɡˌaɾkˈɔ̃ɲə# | *#ə̃ŋɡˌaɾkˈɔ̃ɲ# {GOLD: #n̩karːəkˈɔ̃ɲ#} | *#ə̃ɲ̈ɡˌaɾkˈɔ̃ɲ# {GOLD: >*} | *#ɲ̈ɡaɾkˈɔɲ# {GOLD: >*} | *#ŋɡaɾkˈɔj# {GOLD: #ŋɡaɾkˈɔj#}
373    | ... | ... | ... | #nkˌɑrdˌullˈiːkiɑ# | *#nkˌɑrdˌʊllˈikjɑ# | *#nkˌɑrdˌulːˈikjɑ# | *#ənkˌarðˌulːˈicja# | *#ə̃nkˌaɾðˌulːˈicja# | *#ə̃nɡˌaɾðˌulːˈicja# | *#ə̃ŋɡˌaɾðˌulːˈicɛ# {GOLD: >*} | *#ə̃ɲ̈ɡˌaɾðˌulːˈicɛ# {GOLD: >*} | *#ɲ̈ɡaɾðulˈicɛ# {GOLD: >*} | *#ŋɡaɾðulˈicɛ# {GOLD: #ŋɡaɾðulˈicɛ#}
374    | ... | ... | ... | #ˌinɡɑnniˈeːnioː# | *#ˌɪŋɡɑnnjˈeːnju# | *#ˌeŋɡɑnɲˈeɲu# | *#əŋɡanɲˈeɲu# | *#ə̃ŋɡə̃nɲˈẽɲu# | *#ə̃ŋɡə̃ɲˈɛ̃ɲə# | *#ə̃ŋɡə̃ɲˈɛ̃ɲ# {GOLD: >*} | *#ə̃ɲ̈ɡə̃ɲˈɛ̃ɲ# {GOLD: >*} | *#ɲ̈ɡəɲˈɛɲ# {GOLD: >*} | *#ŋɡəɲˈɛj# {GOLD: #ŋɡəɲˈɛj#}
375    | ... | ... | ... | #ˌinkʰˈordoː# | *#ˌɪnkʰˈɒrdu# | *#ˌenkˈordu# | *#ənkˈorðu# | *#ə̃nkˈɔɾðu# | *#ə̃nɡˈɔːɾðə# | *#ə̃ŋɡˈɔːɾð# {GOLD: #n̩kˈɔɾð#} | *#ə̃ɲ̈ɡˈɔːɾð# {GOLD: >*} | *#ɲ̈ɡˈɔɾð# {GOLD: >*} | *#ŋɡˈɔɾð# {GOLD: #ŋɡˈɔɾð#}
376    | ... | ... | ... | #ˌinkˌuneˈɑːnioː# | *#ˌɪnkˌʊnjˈɒːnju# | *#ˌenkˌuɲˈoɲu# | *#ənkˌuɲˈoɲu# | *#ə̃nkˌũːɲˈɔ̃ɲu# | *#ə̃nɡˌũːɲˈɔ̃ɲə# | *#ə̃ŋɡˌũːɲˈɔ̃ɲ# {GOLD: >*} | *#ə̃ɲ̈ɡˌũːɲˈɔ̃ɲ# {GOLD: >*} | *#ɲ̈ɡuɲˈɔɲ# {GOLD: >*} | *#ŋɡuɲˈɔj# {GOLD: #ŋɡujˈɔj#}
377    | ... | ... | ... | #ˌinkˌonsoːlˈɑːnioː# | *#ˌɪnkˌʊnsulˈɒːnju# | *#ˌenkˌusulˈoɲu# | *#ənkˌusulˈoɲu# | *#ə̃nkˌuːʃəlˈɔ̃ɲu# | *#ə̃nɡˌuːʃəlˠˈɔ̃ɲə# | *#ə̃ŋɡˌuːʃəlˠˈɔ̃ɲ# {GOLD: >*} | *#ə̃ɲ̈ɡˌuːʃəlˠˈɔ̃ɲ# {GOLD: >*} | *#ɲ̈ɡuʃəlˠˈɔɲ# {GOLD: #əŋɡuʃəlˠˈɔɲ#} | *#ŋɡuʃəlˠˈɔj# {GOLD: #ŋɡuʃulˠˈɔj#}
378    | ... | ... | ... | #ˌɑnɡustˈɑːnioː# | *#ˌɑŋɡʊstˈɒːnju# | *#ˌɑŋɡustˈoɲu# | *#əŋɡustˈoɲu# | *#ə̃ŋɡuːʃtˈɔ̃ɲu# | *#ə̃ŋɡuːʃtˈɔ̃ɲə# | *#ə̃ŋɡuːʃtˈɔ̃ɲ# {GOLD: >*} | *#ə̃ɲ̈ɡuːʃtˈɔ̃ɲ# {GOLD: >*} | *#ɲ̈ɡuʃtˈɔɲ# {GOLD: >*} | *#ŋɡuʃtˈɔj# {GOLD: #ŋɡuʃtˈɔj#}
379    | ... | ... | ... | #ˌɑnɡˈustum# | *#ˌɑŋɡˈʊstʊ# | *#ˌɑŋɡˈustu# | *#əŋɡˈustu# | *#ə̃ŋɡˈuʃtu# | *#ə̃ŋɡˈuːʃtə# | *#ə̃ŋɡˈuːʃt# {GOLD: #n̩ɡˈuʃt#} | *#ə̃ɲ̈ɡˈuːʃt# {GOLD: >*} | *#ɲ̈ɡˈuʃt# {GOLD: #əŋɡˈuʃt#} | *#ŋɡˈuʃt# {GOLD: #ŋɡˈuʃt#}
380    | ... | ... | ... | #ˌinɡrˈɑːtɑm# | *#ˌɪŋɡrˈɑːtɑ# | *#ˌeŋɡrˈɑtɑ# | *#əŋɡrˈata# | *#ə̃ŋɡɾˈata# | *#ə̃ŋɡɾˈata# | *#ə̃ŋɡɾˈatə# {GOLD: >*} | *#ə̃ɲ̈ɡɾˈatə# {GOLD: >*} | *#ɲ̈ɡɾˈatə# {GOLD: >*} | *#ŋɡɾˈatə# {GOLD: #ŋɡɾˈatə#}
381    | ... | ... | ... | ... | ... | ... | #lˠˌɒpˈuʃɪ# | *#lˠˌɑpˈuʃɪ# | *#lˠˌɑpˈuːʃə# | *#lˠˌapˈuːʃ# {GOLD: >*} | *#lˠˌapˈuːʃ# {GOLD: >*} | *#lˠapˈuʃ# {GOLD: >*} | *#lˠapˈuʃ# {GOLD: #lˠapˈuʃ#}
382    | ... | ... | ... | ... | ... | ... | #lˠˌɒpˈuʃɑ# | *#lˠˌɑpˈuʃɑ# | *#lˠˌɑpˈuːʃɑ# | *#lˠˌapˈuːʃə# {GOLD: >*} | *#lˠˌapˈuːʃə# {GOLD: >*} | *#lˠapˈuʃə# {GOLD: >*} | *#lˠapˈuʃə# {GOLD: #lˠapˈuʃə#}
383    | ... | ... | ... | ... | ... | ... | #lˠˈɒskɑ# | *#lˠˈɑʃkɑ# | *#lˠˈɑːʃkɑ# | *#lˠˈaːʃkə# {GOLD: >*} | *#lˠˈaːʃkə# {GOLD: >*} | *#lˠˈaʃkə# {GOLD: >*} | *#lˠˈaʃkə# {GOLD: #lˠˈaʃkə#}
384    | ... | ... | ... | ... | ... | ... | #lˠˈɑzɪt͡sɑ# | *#lˠˈɑzɪt͡sɑ# | *#lˠˈɑːst͡sɑ# | *#lˠˈaːst͡sə# {GOLD: >*} | *#lˠˈaːst͡sə# {GOLD: >*} | *#lˠˈast͡sə# {GOLD: >*} | *#lˠˈast͡sə# {GOLD: #lˠˈat͡sə#}
385    | ... | ... | ... | ... | ... | ... | #lˠˈɒzʊkɑ# | *#lˠˈɑzkɑ# | *#lˠˈɑːskɑ# | *#lˠˈaːskə# {GOLD: >*} | *#lˠˈaːskə# {GOLD: >*} | *#lˠˈaskə# {GOLD: >*} | *#lˠˈaskə# {GOLD: #lˠˈaskə#}
386    | ... | ... | ... | ... | ... | ... | #lˠˈɒzɒrɑ# | *#lˠˈɑzʊɾɑ# | *#lˠˈɑːzʊɾə# | *#lˠˈaːzɾ̩# {GOLD: >*} | *#lˠˈaːzɾ̩# {GOLD: >*} | *#lˠˈazɾ̩# {GOLD: >*} | *#lˠˈazəɾ# {GOLD: #lˠˈazuɾə#}
387    | ... | ... | ... | ... | ... | ... | #lˠˈɒ̃ɡɑ# | *#lˠˈɑ̃nɡɑ# | *#lˠˈɑ̃nɡɑ# | *#lˠˈʌ̃ŋɡə# {GOLD: #lˠˈɑ̃ŋkə#} | *#lˠˈə̃ɲ̈ɡə# {GOLD: >*} | *#lˠˈəɲ̈ɡə# {GOLD: >*} | *#lˠˈəŋɡə# {GOLD: #lˠˈəŋɡə#}
388    | ... | ... | #ɦˌɔːlˈenaː# | *#ˌɔːlˈenɑ# | *#ˌʊlˈɛnɑ# | *#ˌulˈɛnɑ# | *#ɔːʷlˈana# | *#ʊlˈãɾ̃a# | *#ʊlˠˈãɾ̃a# | *#lˠˈʌ̃ɾ̃ə# {GOLD: #lˠˈãɾ̃ə#} | *#lˠˈə̃ɾ̃ə# {GOLD: >*} | *#lˠˈəɾə# {GOLD: >*} | *#lˠˈəɾə# {GOLD: #lˠˈəɾə#}
389    | ... | ... | ... | ... | ... | ... | ... | #lˌɒmˈitɪ# | *#lˠˌɒmˈitə# | *#lˠˌɔmˈit# {GOLD: >*} | *#lˠˌɔmˈit# {GOLD: >*} | *#lˠɔmˈit# {GOLD: >*} | *#lˠɔmˈit# {GOLD: #lˠɔmˈit#}
390    | ... | ... | ... | ... | ... | ... | ... | #lˈɒskɑ# | *#lˠˈɒːskɑ# | *#lˠˈɔːskə# {GOLD: >*} | *#lˠˈɔːskə# {GOLD: >*} | *#lˠˈɔskə# {GOLD: >*} | *#lˠˈɔskə# {GOLD: #lˠˈɔskə#}
391    | ... | ... | ... | ... | ... | ... | ... | #lˈɯkɑ# | *#lˠˈukɑ# | *#lˠˈukə# {GOLD: >*} | *#lˠˈukə# {GOLD: >*} | *#lˠˈukə# {GOLD: >*} | *#lˠˈukə# {GOLD: #lˠˈukə#}
392    | ... | ... | ... | #wˈolpulum# | *#wˈɒlpʊlʊ# | *#wˈolpulu# | *#βˈolpulu# | *#βˈɔlpulu# | *#vˈɔːlpulˠə# | *#vˈɔːlˠpulˠ# {GOLD: #wˈɔlpulˠ#} | *#vˈɔːlˠpulˠ# {GOLD: ...} | ... {GOLD: ...} | ... {GOLD: ...}
393    | ... | ... | ... | ... | ... | ... | ... | ... | #ˌukrˈɑjɑ# | *#ˌukɾˈajə# {GOLD: >*} | *#ˌukɾˈajə# {GOLD: >*} | *#ukɾˈajə# {GOLD: >*} | *#ukɾˈajə# {GOLD: #ukɾˈajə#}
394    | ... | ... | ... | #ˌunkˈɑːnioː# | *#ˌʊnkˈɒːnju# | *#ˌunkˈoɲu# | *#ˌuːnkˈoɲu# | *#ˌũnkˈɔ̃ɲu# | *#ˌũnɡˈɔ̃ɲə# | *#ˌũŋɡˈɔ̃ɲ# {GOLD: >*} | *#ˌũɲ̈ɡˈɔ̃ɲ# {GOLD: >*} | *#uɲ̈ɡˈɔɲ# {GOLD: >*} | *#uŋɡˈɔj# {GOLD: #uŋɡɾˈɔj#}
395    | ... | ... | ... | #ˌoleˈɑstrum# | *#ˌʊʎˈɑstrʊ# | *#ˌuʎˈɑstru# | *#ˌuːʎˈastru# | *#ˌuʎˈaʃtɾu# | *#ˌulˠˈaːʃtɾə# | *#ˌulˠˈaːʃtɾ̩# {GOLD: >*} | *#ˌulˠˈaːʃtɾ̩# {GOLD: >*} | *#ulˠˈaʃtɾ̩# {GOLD: >*} | *#ulˠˈaʃtəɾ# {GOLD: #ulˠˈaʃtəɾ#}
396    | ... | ... | ... | #ˌoliːwˈɑːnum# | *#ˌʊlˈiwɑːnʊ# | *#ˌulˈiwɑnu# | *#ˌuːlˈiwɑ̃ɾ̃u# | *#ˌulˈĩːɾ̃u# | *#ˌulˠˈĩːɾ̃ə# | *#ˌulˠˈĩː# {GOLD: #ˌulˠˈĩː#} | *#ˌulˠˈĩː# {GOLD: >*} | *#ulˠˈi# {GOLD: >*} | *#ulˠˈi# {GOLD: #ulˠˈi#}
397    | ... | ... | ... | ... | #ˌeːwɑnɡˈɛʎu# | *#ˌewɑnɡˈɛjlu# | *#wanɟˈilu# | *#wə̃nɟˈilu# | *#wə̃nɟˈiːlˠə# | *#ũɲɟˈiːlˠ# {GOLD: >*} | *#ũɲɟˈiːlˠ# {GOLD: >*} | *#uɲɟˈilˠ# {GOLD: >*} | *#uɲɟˈilˠ# {GOLD: #uɲɟˈilˠ#}
398    | ... | ... | ... | #ˌɑksˈunɡiɑ# | *#ˌʊsˈʊɲjɑ# | *#ˌusˈuɲɑ# | *#ˌuːsˈuɲa# | *#ˌuʃˈũɲa# | *#ˌuʃˈũɲa# | *#ˌuʃˈũɲə# {GOLD: #aʃˈũɲə#} | *#ˌuʃˈũɲə# {GOLD: #uʃˈũɲə#} | *#uʃˈuɲə# {GOLD: #uʃˈuɲə#} | *#uʃˈuɲə# {GOLD: #uʃˈuɲə#}
399    | ... | ... | ... | #wˌeskˈonioː# | *#wˌɛskˈɒnju# | *#wˌɛskˈojɲu# | *#βˌɛskˈojɲu# | *#βɪʃkˈɔj̃ɲu# | *#vəʃkˈɛ̃ɲə# | *#vəʃkˈɛ̃ɲ# {GOLD: >*} | *#vəʃkˈɛ̃ɲ# {GOLD: >*} | *#vəʃkˈɛɲ# {GOLD: >*} | *#vəʃcˈɛj# {GOLD: #uʃcˈɛj#}
400    | ... | ... | ... | #ˌoːskitˈɑːnioː# | *#ˌuskɪtˈɒːnju# | *#ˌusktˈoɲu# | *#ˌuːstˈoɲu# | *#ˌuʃtˈɔ̃ɲu# | *#ˌuʃtˈɔ̃ɲə# | *#ˌuʃtˈɔ̃ɲ# {GOLD: >*} | *#ˌuʃtˈɔ̃ɲ# {GOLD: >*} | *#uʃtˈɔɲ# {GOLD: >*} | *#uʃtˈɔj# {GOLD: #uʃtˈɔj#}
401    | ... | ... | ... | ... | ... | ... | ... | ... | #ˌudˈɒbɪ# | *#ˌudˈɔb# {GOLD: >*} | *#ˌudˈɔb# {GOLD: >*} | *#udˈɔb# {GOLD: >*} | *#udˈɔb# {GOLD: #udˈɔb#}
402    | ... | ... | ... | ... | ... | ... | ... | ... | #jˌunˈɑkʊ# | *#jˌunˈak# {GOLD: >*} | *#jˌunˈak# {GOLD: >*} | *#junˈak# {GOLD: >*} | *#junˈak# {GOLD: #unˈak#}
403    | ... | ... | ... | #ˌurulˈiːnioː# | *#ˌʊrʊlˈinju# | *#ˌurulˈiɲu# | *#ˌuːrulˈiɲu# | *#ˌuɾəlˈĩɲu# | *#ˌuɾəlˈĩɲə# | *#ˌuɾəlˈĩɲ# {GOLD: >*} | *#ˌuɾəlˈĩɲ# {GOLD: >*} | *#uɾəlˈiɲ# {GOLD: >*} | *#uɾəlˈij# {GOLD: #uləɾˈij#}
404    | ... | ... | ... | ... | ... | ... | ... | ... | #ˌulˈiʃt͡ʃɛ# | *#ˌulˈiʃtə# {GOLD: >*} | *#ˌulˈiʃtə# {GOLD: >*} | *#ulˈiʃtə# {GOLD: >*} | *#ulˈiʃtə# {GOLD: #ulˈiʃtə#}
405    | ... | ... | ... | #ˌoːrˈɑːnioː# | *#ˌurˈɒːnju# | *#ˌurˈoɲu# | *#ˌuːrˈoɲu# | *#ˌuɾˈɔ̃ɲu# | *#ˌuɾˈɔ̃ɲə# | *#ˌuɾˈɔ̃ɲ# {GOLD: >*} | *#ˌuɾˈɔ̃ɲ# {GOLD: >*} | *#uɾˈɔɲ# {GOLD: >*} | *#uɾˈɔj# {GOLD: #uɾˈɔj#}
406    | ... | ... | ... | ... | ... | ... | ... | ... | #ˌurˈɒkʊ# | *#ˌuɾˈɔk# {GOLD: >*} | *#ˌuɾˈɔk# {GOLD: >*} | *#uɾˈɔk# {GOLD: >*} | *#uɾˈɔk# {GOLD: #uɾˈɔk#}
407    | ... | ... | ... | #rˌotˈundɑ# | *#rˌɒtˈʊndɑ# | *#rˌotˈundɑ# | *#rːˌotˈunda# | *#rːˌɔtˈũnda# | *#rːˌɔtˈũnda# | *#rˌɔtˈũndə# {GOLD: #ˌɾ̩tˈundə#} | *#rˌɔtˈũndə# {GOLD: >*} | *#rɔtˈundə# {GOLD: >*} | *#rɔtˈundə# {GOLD: #uɾtˈundə#}
408    | ... | ... | ... | #ˌordinˈɑːtɑm# | *#ˌʊrdɪnˈɑːtɑ# | *#ˌurdenˈɑtɑ# | *#ˌuːrðɑ̃ɾ̃ˈata# | *#ˌuɾðə̃ɾ̃ˈata# | *#ˌuɾðə̃ɾ̃ˈata# | *#ˌuɾðə̃ɾ̃ˈatə# {GOLD: >*} | *#ˌuɾðə̃ɾ̃ˈatə# {GOLD: >*} | *#uɾðəɾˈatə# {GOLD: #uɾðəɾˈatə#} | *#uɾðəɾˈatə# {GOLD: #uɾðəɾˈatə#}
409    | ... | ... | ... | #ˌordinˈɑːnioː# | *#ˌʊrdɪnˈɒːnju# | *#ˌurdenˈoɲu# | *#ˌuːrðɑ̃ɾ̃ˈoɲu# | *#ˌuɾðə̃ɾ̃ˈɔ̃ɲu# | *#ˌuɾðə̃ɾ̃ˈɔ̃ɲə# | *#ˌuɾðə̃ɾ̃ˈɔ̃ɲ# {GOLD: #ˌuɾðə̃ɾ̃ˈɔ̃ɲ#} | *#ˌuɾðə̃ɾ̃ˈɔ̃ɲ# {GOLD: >*} | *#uɾðəɾˈɔɲ# {GOLD: #ˌuɾðəɾˈɔɲ#} | *#uɾðəɾˈɔj# {GOLD: #uɾðəɾˈɔj#}
410    | ... | ... | ... | #hˌorrˈeːnioː# | *#hˌʊrrˈeːnju# | *#hˌurrˈeɲu# | *#ˌuːrrˈeɲu# | *#ˌuɾɾˈẽɲu# | *#ˌurːˈɛ̃ɲə# | *#ˌurˈɛ̃ɲ# {GOLD: >*} | *#ˌurˈɛ̃ɲ# {GOLD: >*} | *#urˈɛɲ# {GOLD: >*} | *#urˈɛj# {GOLD: #urˈɛj#}
411    | ... | ... | ... | ... | ... | ... | #wˌʊpˈeskʊpʊ# | *#wˌʊpˈeʃkpə# | *#wˌʊpˈɛːʃkpə# | *#ˌupˈɛːʃp# {GOLD: >*} | *#ˌupˈɛːʃp# {GOLD: >*} | *#upˈɛʃp# {GOLD: >*} | *#upˈɛʃp# {GOLD: #upˈɛʃk#}
412    | ... | ... | ... | #ˌɑwˈunkulum# | *#ˌɑwˈʊnkʊlʊ# | *#ˌɑwˈunkulu# | *#wˈunkulu# | *#wˈũnkulu# | *#wˈũnɡəlːə# | *#ˈũŋɡl̩ː# {GOLD: #ˈũŋkl̩#} | *#ˈũɲ̈ɡl̩ː# {GOLD: >*} | *#ˈuɲ̈ɟ# {GOLD: >*} | *#ˈuɲɟ# {GOLD: #ˈuɲɟ#}
413    | ... | ... | ... | #ˈoːtum# | *#ˈoːtʊ# | *#ˈøtu# | *#ˈøtu# | *#ˈœːtu# | *#ˈye̯tə# | *#ˈut# {GOLD: #ɦˈut#} | *#ˈut# {GOLD: >*} | *#ˈut# {GOLD: >*} | *#ˈut# {GOLD: #ˈut#}
414    | ... | ... | ... | #ˈordinem# | *#ˈɒrdɪnɛ# | *#ˈordenɛ# | *#ˈørðɑ̃ɾ̃ɪ# | *#ˈœːɾðɐɾ̃ɪ# | *#ˈye̯ɾðɐɾ̃ə# | *#ˈuɾðəɾ̃# {GOLD: #ˈuɾðə̃ɾ̃ə#} | *#ˈuɾðəɾ̃# {GOLD: >*} | *#ˈuɾðəɾ# {GOLD: >*} | *#ˈuɾðəɾ# {GOLD: #ˈuɾðəɾ#}
415    | ... | ... | ... | #wˈoːmis# | *#wˈɒmɪ# | *#wˈomɪ# | *#βˈomɪ# | *#βˈɔ̃mɪ# | *#vˈɔ̃mə# | *#vˈɔ̃m# {GOLD: >*} | *#vˈɔ̃m# {GOLD: >*} | *#vˈɔm# {GOLD: >*} | *#vˈɔm# {GOLD: #ˈumb#}
416    | ... | ... | ... | ... | ... | ... | ... | ... | #tjˈɛ̃ʒɪnɑ# | *#cˈɛ̃ʒnə# {GOLD: >*} | *#cˈɛ̃ʒnə# {GOLD: >*} | *#cˈɛʒnə# {GOLD: >*} | *#cˈɛʒnə# {GOLD: #cˈaʒnə#}
417    | ... | ... | ... | #kˈirkum# | *#kˈɪrkʊ# | *#kjˈarku# | *#cˈarku# | *#cˈaɾku# | *#cˈaːɾkə# | *#cˈaːɾk# {GOLD: >*} | *#cˈaːɾk# {GOLD: >*} | *#cˈaɾk# {GOLD: >*} | *#cˈaɾk# {GOLD: #cˈaɾk#}
418    | ... | ... | ... | #kˈirkulum# | *#kˈɪrkʊlʊ# | *#kjˈarkulu# | *#cˈarkulu# | *#cˈaɾkulu# | *#cˈaːɾkulˠə# | *#cˈaːɾkulˠ# {GOLD: >*} | *#cˈaːɾkulˠ# {GOLD: >*} | *#cˈaɾkulˠ# {GOLD: >*} | *#cˈaɾkulˠ# {GOLD: #cˈaɾkulˠ#}
419    | ... | ... | ... | #klˈɑːrtɑ# | *#klˈɑːrtɑ# | *#klˈɑrtɑ# | *#klˈarta# | *#klˈaɾta# | *#klˈaːɾta# | *#kʎˈaːɾtə# {GOLD: >*} | *#kʎˈaːɾtə# {GOLD: >*} | *#cˈaɾtə# {GOLD: >*} | *#cˈaɾtə# {GOLD: #cˈaɾtə#}
420    | ... | ... | ... | #kˈerrum# | *#kˈɛrrʊ# | *#kjˈarru# | *#cˈarru# | *#cˈaɾɾu# | *#cˈaːrːə# | *#cˈaːr# {GOLD: >*} | *#cˈaːr# {GOLD: >*} | *#cˈar# {GOLD: >*} | *#cˈar# {GOLD: #cˈar#}
421    | ... | ... | ... | #kʷˌiː# | *#kʷˌi# | *#kʷˌy# | *#kˌy# | *#cˌy# | *#cˌy# | *#cˌy# {GOLD: #ci#} | *#cˌy# {GOLD: >*} | *#cy# {GOLD: >*} | *#cy# {GOLD: #cə#}
422    | ... | ... | ... | #klˌɑːrˈɑːnioː# | *#klˌɑːrˈɒːnju# | *#klˌɑrˈoɲu# | *#klˌarˈoɲu# | *#kləɾˈɔ̃ɲu# | *#kləɾˈɔ̃ɲə# | *#kl̩ɾˈɔ̃ɲ# {GOLD: >*} | *#kl̩ɾˈɔ̃ɲ# {GOLD: >*} | *#kl̩ɾˈɔɲ# {GOLD: #cəɾˈɔɲ#} | *#kəlɾˈɔj# {GOLD: #cəɾˈɔj#}
423    | ... | ... | ... | #kˌuːrˈɑːnioː# | *#kˌuːrˈɒːnju# | *#kˌyrˈoɲu# | *#kˌyrˈoɲu# | *#cəɾˈɔ̃ɲu# | *#cəɾˈɔ̃ɲə# | *#cəɾˈɔ̃ɲ# {GOLD: #ciɾˈɔ̃ɲ#} | *#cəɾˈɔ̃ɲ# {GOLD: >*} | *#cəɾˈɔɲ# {GOLD: >*} | *#cəɾˈɔj# {GOLD: #cəɾˈɔj#}
424    | ... | ... | ... | #kʷˌae̯rˈonioː# | *#kʷˌɛrˈɒnju# | *#kʷˌɛrˈoɲu# | *#kˌɛrˈoɲu# | *#cəɾˈɔ̃ɲu# | *#cəɾˈɔ̃ɲə# | *#cəɾˈɔ̃ɲ# {GOLD: >*} | *#cəɾˈɔ̃ɲ# {GOLD: >*} | *#cəɾˈɔɲ# {GOLD: >*} | *#cəɾˈɔj# {GOLD: #cəɾˈɔj#}
425    | ... | ... | ... | ... | ... | ... | #kˌɑrrjˈozʊ# | *#kˌɑɾɾjˈɔzə# | *#kˌɑrːjˈɔːzə# | *#kˌarjˈɔːz# {GOLD: >*} | *#kˌarjˈɔːz# {GOLD: >*} | *#karjˈɔz# {GOLD: >*} | *#karjˈɔz# {GOLD: #cəɾˈɔz#}
426    | ... | ... | ... | #kˌertˈɑːnioː# | *#kˌɛrtˈɒːnju# | *#kˌɛrtˈoɲu# | *#kˌɛrtˈoɲu# | *#cəɾtˈɔ̃ɲu# | *#cəɾtˈɔ̃ɲə# | *#cɾ̩tˈɔ̃ɲ# {GOLD: >*} | *#cɾ̩tˈɔ̃ɲ# {GOLD: >*} | *#cɾ̩tˈɔɲ# {GOLD: >*} | *#cəɾtˈɔj# {GOLD: #cəɾtˈɔj#}
427    | ... | ... | ... | #kˌoˌeːmptˈɑːnioː# | *#kˌʊˌeːmptˈɒːnju# | *#kˌuˌemptˈoɲu# | *#kˌuˌemtˈoɲu# | *#kˌuːj̃mtˈɔ̃ɲu# | *#kˌuːj̃mtˈɔ̃ɲə# | *#kˌuːmtˈɔ̃ɲ# {GOLD: >*} | *#kˌuːmtˈɔ̃ɲ# {GOLD: >*} | *#kumtˈɔɲ# {GOLD: >*} | *#kumtˈɔj# {GOLD: #cəmtˈɔj#}
428    | ... | ... | ... | #klˈɑːwɑnum# | *#klˈɑːwɑnʊ# | *#klˈɑwɑnu# | *#klˈawɑ̃ɾ̃u# | *#klˈaːɐɾ̃u# | *#klˈaːɐɾ̃ə# | *#kʎˈaːɾ̃# {GOLD: #kʎˈɑ̃ɾ̃#} | *#kʎˈaːɾ̃# {GOLD: >*} | *#cˈaɾ# {GOLD: >*} | *#cˈaɾ# {GOLD: #cˈə#}
429    | ... | ... | ... | ... | ... | ... | ... | ... | #tjɛsˈɑtɪ# | *#cɛsˈat# {GOLD: >*} | *#cɛsˈat# {GOLD: >*} | *#cɛsˈat# {GOLD: >*} | *#cɛsˈat# {GOLD: #cɛsˈat#}
430    | ... | ... | ... | #kˌentrˈɑːnioː# | *#kˌɛntrˈɒːnju# | *#kˌɛntrˈoɲu# | *#kˌɛntrˈoɲu# | *#cˌɛ̃ntɾˈɔ̃ɲu# | *#cˌɛ̃ndɾˈɔ̃ɲə# | *#cˌɛ̃ndɾˈɔ̃ɲ# {GOLD: >*} | *#cˌɛ̃ndɾˈɔ̃ɲ# {GOLD: >*} | *#cɛndɾˈɔɲ# {GOLD: >*} | *#cɛndɾˈɔj# {GOLD: #cɛndɾˈɔj#}
431    | ... | ... | #kˌerasˈiːa# | *#kˌerɑsˈiːɑ# | *#kˌɛrɑsˈiɑ# | *#kˌɛrɑsˈijɑ# | *#kˌɛrasˈija# | *#cˌɛɾəʃˈija# | *#cˌɛɾəʃˈija# | *#cˌɛɾəʃˈiː# {GOLD: >*} | *#cˌɛɾʃˈiː# {GOLD: >*} | *#cɛɾʃˈi# {GOLD: >*} | *#cɛɾʃˈi# {GOLD: #cɛɾʃˈi#}
432    | ... | ... | ... | #kˌerɑsiˈɑːrium# | *#kˌɛrɑsjˈɒːrjʊ# | *#kˌɛrɑsjˈorju# | *#kˌɛrasˈoru# | *#cˌɛɾəʃˈɔɾu# | *#cˌɛɾəʃˈuo̯ɾə# | *#cˌɛɾəʃˈuo̯ɾ# {GOLD: >*} | *#cˌɛɾʃˈua̯ɾ# {GOLD: >*} | *#cɛɾʃˈua̯ɾ# {GOLD: #cɛɾʃˈua̯ɾ#} | *#cɛɾʃˈɔɾ# {GOLD: #cɛɾʃˈɔɾ#}
433    | ... | ... | ... | ... | ... | ... | #klˌɛpˈɑdlɒ# | *#klˌɛpˈɑðlɒ# | *#klˌɛpˈɑːlˠɒ# | *#kʎˌɛpˈaːlˠə# {GOLD: >*} | *#kʎˌɛpˈaːlˠə# {GOLD: >*} | *#cɛpˈalˠə# {GOLD: >*} | *#cɛpˈalˠə# {GOLD: #cɛpˈalˠə#}
434    | ... | ... | ... | #kˌeːpˈullɑ# | *#kˌeːpˈʊllɑ# | *#kˌepˈulːɑ# | *#kˌepˈulːa# | *#cˌepˈulːa# | *#cˌɛpˈuːlːa# | *#cˌɛpˈuːlːə# {GOLD: >*} | *#cˌɛpˈuːlːə# {GOLD: >*} | *#cɛpˈulə# {GOLD: >*} | *#cɛpˈulə# {GOLD: #cɛpˈulə#}
435    | ... | ... | ... | #kˈae̯kɑ# | *#kˈɛkɑ# | *#kˈɛkɑ# | *#kˈɛka# | *#cˈɛka# | *#cˈɛka# | *#cˈɛkə# {GOLD: >*} | *#cˈɛkə# {GOLD: >*} | *#cˈɛkə# {GOLD: >*} | *#cˈɛkə# {GOLD: #cˈɛkə#}
436    | ... | ... | ... | #kˈɑsinɑ# | *#kˈɑsɪnɑ# | *#kˈɑsenɑ# | *#kˈesɑ̃ɾ̃a# | *#cˈeʃɐɾ̃a# | *#cˈɛːʃɐɾ̃a# | *#cˈɛːʃəɾ̃ə# {GOLD: >*} | *#cˈɛːʃəɾ̃# {GOLD: >*} | *#kˈɛʃəɾ# {GOLD: >*} | *#cˈɛʃəɾ# {GOLD: #cˈɛʃəɾ#}
437    | ... | ... | ... | #kʷiˈeːtum# | *#kʷjˈeːtʊ# | *#kʷjˈetu# | *#kˈetu# | *#cˈetu# | *#cˈɛtə# | *#cˈɛt# {GOLD: >*} | *#cˈɛt# {GOLD: >*} | *#cˈɛt# {GOLD: >*} | *#cˈɛt# {GOLD: #cˈɛt#}
438    | ... | ... | ... | #kˈɑnem# | *#kˈɑnɛ# | *#kˈɑnɛ# | *#kˈenɪ# | *#cˈẽɾ̃ɪ# | *#cˈɛ̃ːnːə# | *#cˈɛ̃ːnː# {GOLD: #cjˈæ̃n#} | *#cˈɛ̃ːn# {GOLD: >*} | *#cˈɛn# {GOLD: >*} | *#cˈɛn# {GOLD: #cˈɛn#}
439    | ... | ... | ... | #kˈentrum# | *#kˈɛntrʊ# | *#kˈɛntru# | *#kˈɛntru# | *#cˈɛ̃ntɾu# | *#cˈɛ̃ndɾə# | *#cˈɛ̃ndɾ̩# {GOLD: #cˈɛ̃ntɾ̩#} | *#cˈɛ̃ndɾ̩# {GOLD: >*} | *#cˈɛndɾ̩# {GOLD: >*} | *#cˈɛndəɾ# {GOLD: #cˈɛndəɾ#}
440    | ... | ... | ... | #kˈɑlliː# | *#kˈɑlli# | *#kˈɑlːi# | *#kˈelːɪ# | *#cˈelːɪ# | *#cˈɛːlːə# | *#cˈɛːlː# {GOLD: >*} | *#cˈɛːlː# {GOLD: >*} | *#cˈɛl# {GOLD: >*} | *#cˈɛl# {GOLD: #cˈɛl#}
441    | ... | ... | ... | ... | ... | #kˈɛllɑ# | *#kˈɛlla# | *#cˈɛlla# | *#cˈɛːlːa# | *#cˈɛːlːə# {GOLD: >*} | *#cˈɛːlːə# {GOLD: >*} | *#cˈɛlə# {GOLD: >*} | *#cˈɛlə# {GOLD: #cˈɛlə#}
442    | ... | ... | ... | #kˈɑlikem# | *#kˈɑlɪkɛ# | *#kˈɑlekɛ# | *#kˈelɪcɪ# | *#cˈelɪcɪ# | *#cˈɛːlcə# | *#cˈɛːlc# {GOLD: >*} | *#cˈɛːlc# {GOLD: >*} | *#cˈɛlc# {GOLD: >*} | *#cˈɛlc# {GOLD: #cˈɛlc#}
443    | ... | ... | #tˈermon# | *#tˈermon# | *#tˈɛrmʊ# | *#tˈɛrmu# | *#tˈɛrmu# | *#tjˈaɾmu# | *#tjˈaːɾmə# | *#cˈaːɾm# {GOLD: >*} | *#cˈaːɾm# {GOLD: >*} | *#cˈaɾm# {GOLD: >*} | *#cˈaɾm# {GOLD: #cˈɛɾm#}
444    | ... | ... | ... | #kˈɑrriː# | *#kˈɑrri# | *#kˈɑrri# | *#kˈerrɪ# | *#cˈeɾɾɪ# | *#cˈɛːrːə# | *#cˈɛːr# {GOLD: >*} | *#cˈɛːr# {GOLD: >*} | *#cˈɛr# {GOLD: >*} | *#cˈɛr# {GOLD: #cˈɛr#}
445    | ... | ... | ... | #kˈɑriem# | *#kˈɑrjɛ# | *#kˈɑrjɛ# | *#kˈerːjɛ# | *#cˈerːjɛ# | *#cˈɛːrːjɛ# | *#cˈɛːrɛ# {GOLD: >*} | *#cˈɛːrɛ# {GOLD: >*} | *#cˈɛrɛ# {GOLD: >*} | *#cˈɛrɛ# {GOLD: #cˈɛrɛ#}
446    | ... | ... | ... | ... | ... | ... | #klˈɛpʊ# | *#klˈɛpə# | *#klˈɛpə# | *#kʎˈɛp# {GOLD: >*} | *#kʎˈɛp# {GOLD: >*} | *#cˈɛp# {GOLD: >*} | *#cˈɛp# {GOLD: #cˈɛp#}
447    | ... | ... | ... | #kˈeːpɑ# | *#kˈeːpɑ# | *#kˈepɑ# | *#kˈepa# | *#cˈepa# | *#cˈɛpa# | *#cˈɛpə# {GOLD: #cˈɛpə#} | *#cˈɛpə# {GOLD: >*} | *#cˈɛpə# {GOLD: >*} | *#cˈɛpə# {GOLD: #cˈɛpə#}
448    | ... | ... | ... | #kˈɑpreum# | *#kˈɑprjʊ# | *#kˈɑprju# | *#kˈepru# | *#cˈepɾu# | *#cˈɛpɾə# | *#cˈɛpɾ̩# {GOLD: >*} | *#cˈɛpɾ̩# {GOLD: >*} | *#cˈɛpɾ̩# {GOLD: >*} | *#cˈɛpəɾ# {GOLD: #cˈɛpəɾ#}
449    | ... | ... | ... | ... | #stˈɛfɑnɔn# | *#stˈɛfɑnon# | *#stˈɛfɑ̃ɾ̃on# | *#ʃtˈɛfɐɾ̃ɔ̃n# | *#ʃtˈɛːfɐɾ̃ə# | *#ʃtˈɛːfəɾ̃# {GOLD: >*} | *#ʃtˈɛːfəɾ̃# {GOLD: >*} | *#ʃtˈɛfəɾ# {GOLD: >*} | *#ʃtˈɛfəɾ# {GOLD: #cˈɛfəɾ#}
450    | ... | ... | ... | ... | #kˈɛfɑlɔn# | *#kˈɛfɑlon# | *#kˈɛfalon# | *#cˈɛfɐlɔ̃n# | *#cˈɛːfɐlˠə# | *#cˈɛːfulˠ# {GOLD: >*} | *#cˈɛːfulˠ# {GOLD: >*} | *#cˈɛfulˠ# {GOLD: >*} | *#cˈɛfulˠ# {GOLD: #cˈɛfulˠ#}
451    | ... | ... | ... | #kˈɑptiː# | *#kˈɑpti# | *#kˈɑpti# | *#kˈaptɪ# | *#kˈaptɪ# | *#kˈaːftə# | *#kˈaːft# {GOLD: >*} | *#kˈaːft# {GOLD: >*} | *#kˈaft# {GOLD: >*} | *#kˈaft# {GOLD: #cˈɛft#}
452    | ... | ... | #kˌapnˈi# | *#kɐpnˈi# | *#kˈɑpnɪ# | *#kˈepnɪ# | *#kˈepnɪ# | *#cˈepnɪ# | *#cˈɛmːə# | *#cˈɛmː# {GOLD: >*} | *#cˈɛm# {GOLD: >*} | *#cˈɛm# {GOLD: >*} | *#cˈɛm# {GOLD: #cˈɛm#}
453    | ... | ... | ... | #kˈɑmerɑ# | *#kˈɑmɛrɑ# | *#kˈemɛrɑ# | *#kˈemɪra# | *#cˈẽmɪɾa# | *#cˈɛ̃məɾa# | *#cˈɛ̃məɾə# {GOLD: >*} | *#cˈɛ̃məɾ# {GOLD: >*} | *#cˈɛməɾ# {GOLD: >*} | *#cˈɛməɾ# {GOLD: #cˈɛməɾ#}
454    | ... | ... | ... | ... | ... | ... | ... | #kˌiːrˈiːɑ# | *#kˌiːrˈiːɑ# | *#kˌiːɾˈiː# {GOLD: >*} | *#kˌiːɾˈiː# {GOLD: >*} | *#kiɾˈi# {GOLD: >*} | *#ciɾˈi# {GOLD: #ciɾˈi#}
455    | ... | ... | ... | #kˌiːmˈussɑm# | *#kˌimˈʊssɑ# | *#kˌimˈussɑ# | *#kˌimˈussa# | *#cˌĩːmˈuʃa# | *#cˌĩːmˈuːʃa# | *#cˌĩːmˈuːʃə# {GOLD: >*} | *#cˌĩːmˈuːʃə# {GOLD: >*} | *#cimˈuʃə# {GOLD: >*} | *#cimˈuʃə# {GOLD: #cimˈuʃə#}
456    | ... | ... | ... | #kˈae̯lum# | *#kˈɛlʊ# | *#kˈɛlu# | *#kˈɛlu# | *#cˈɛlu# | *#cˈie̯lˠə# | *#cˈie̯lˠ# {GOLD: #cˈie̯lˠ#} | *#cˈie̯lˠ# {GOLD: >*} | *#cˈie̯lˠ# {GOLD: >*} | *#cˈie̯lˠ# {GOLD: #cˈie̯lˠ#}
457    | ... | ... | ... | #kˌoˈiːnioː# | *#kˌʊˈinju# | *#kˌuˈiɲu# | *#kˌuˈiɲu# | *#kəˈĩːɲu# | *#kəˈĩːɲə# | *#kˈĩːɲ# {GOLD: >*} | *#kˈĩːɲ# {GOLD: >*} | *#kˈiɲ# {GOLD: >*} | *#cˈij# {GOLD: #cˈij#}
458    | ... | ... | ... | #kˈiŋɡulɑ# | *#kˈiŋɡʊlɑ# | *#kˈiŋɡulɑ# | *#kˈiŋɡula# | *#cˈĩŋɡula# | *#cˈĩŋɡəlːə# | *#cˈĩŋɡl̩ː# {GOLD: >*} | *#cˈĩɲ̈ɡl̩ː# {GOLD: >*} | *#cˈiɲ̈ɡl̩# {GOLD: >*} | *#cˈiŋɡəl# {GOLD: #cˈiŋɡəl#}
459    | ... | ... | ... | #kˈikerem# | *#kˈikɛrɛ# | *#kˈikɛrɛ# | *#kˈicɪrɪ# | *#cˈicɪɾɪ# | *#cˈicəɾə# | *#cˈicɾ̩# {GOLD: >*} | *#cˈicɾ̩# {GOLD: >*} | *#cˈicɾ̩# {GOLD: >*} | *#cˈicəɾ# {GOLD: #cˈicəɾ#}
460    | ... | ... | ... | #ˌɑːkˈinɡem# | *#ˌɑːkˈiŋɡɛ# | *#ˌɑkˈiŋɡɛ# | *#cˈiŋɟɪ# | *#cˈĩŋɟɪ# | *#cˈĩŋɟə# | *#cˈĩɲɟ# {GOLD: >*} | *#cˈĩɲɟ# {GOLD: #cˈĩɲɟ#} | *#cˈiɲɟ# {GOLD: >*} | *#cˈiɲɟ# {GOLD: #cˈiɲɟ#}
461    | ... | ... | ... | ... | ... | #kˈitru# | *#kˈitru# | *#cˈitɾu# | *#cˈitɾə# | *#cˈitɾ̩# {GOLD: >*} | *#cˈitɾ̩# {GOLD: >*} | *#cˈitɾ̩# {GOLD: >*} | *#cˈitəɾ# {GOLD: #cˈitəɾ#}
462    | ... | ... | ... | #kˈentiː# | *#kˈɛnti# | *#kˈɛnti# | *#kˈintɪ# | *#cˈĩntɪ# | *#cˈĩndə# | *#cˈĩnd# {GOLD: >*} | *#cˈĩnd# {GOLD: >*} | *#cˈind# {GOLD: >*} | *#cˈind# {GOLD: #cˈind#}
463    | ... | ... | ... | #kˈypreum# | *#kˈɪprjʊ# | *#kˈeprju# | *#kˈipru# | *#cˈipɾu# | *#cˈipɾə# | *#cˈipɾ̩# {GOLD: >*} | *#cˈipɾ̩# {GOLD: >*} | *#cˈipɾ̩# {GOLD: #cˈipəɾ#} | *#cˈipəɾ# {GOLD: #cˈipəɾ#}
464    | ... | ... | ... | #ˌɑkkˈipitum# | *#ˌɑkkˈipɪtʊ# | *#ˌɑkkˈiptu# | *#kcˈiptu# | *#cˈiptu# | *#cˈiːftə# | *#cˈiːft# {GOLD: >*} | *#cˈiːft# {GOLD: >*} | *#cˈift# {GOLD: >*} | *#cˈift# {GOLD: #cˈift#}
465    | ... | ... | ... | #ˌɑkkˈipitrem# | *#ˌɑkkˈipɪtrɛ# | *#ˌɑkkˈiptrɛ# | *#kcˈiptrɪ# | *#cˈiptɾɪ# | *#cˈiːftɾə# | *#cˈiːftɾ̩# {GOLD: >*} | *#cˈiːftɾ̩# {GOLD: >*} | *#cˈiftɾ̩# {GOLD: >*} | *#cˈiftəɾ# {GOLD: #cˈiftəɾ#}
466    | ... | ... | ... | #kˈyːmɑ# | *#kˈimɑ# | *#kˈimɑ# | *#kˈima# | *#cˈĩma# | *#cˈĩma# | *#cˈĩmə# {GOLD: >*} | *#cˈĩmə# {GOLD: >*} | *#cˈimə# {GOLD: >*} | *#cˈimə# {GOLD: #cˈimə#}
467    | ... | ... | ... | #kˈiːmikɑm# | *#kˈimɪkɑ# | *#kˈimekɑ# | *#kˈimɪka# | *#cˈĩmɪka# | *#cˈĩmka# | *#cˈĩmkə# {GOLD: >*} | *#cˈĩmkə# {GOLD: >*} | *#cˈimkə# {GOLD: >*} | *#cˈimkə# {GOLD: #cˈimkə#}
468    | ... | ... | ... | #kˌiːwitˈɑːtem# | *#kˌiwɪtˈɑːtɛ# | *#kˌyːtˈɑtɛ# | *#kˌyːtˈetɪ# | *#cˌyːtˈetɪ# | *#cˌyːtˈɛtə# | *#cˌyːtˈɛt# {GOLD: #cˌytˈæt#} | *#cˌyːtˈɛt# {GOLD: >*} | *#cytˈɛt# {GOLD: >*} | *#cytˈɛt# {GOLD: #cytˈɛt#}
469    | ... | ... | ... | ... | ... | ... | ... | #kʎˈut͡ʃɪ# | *#kʎˈyːt͡ʃə# | *#kʎˈyːt͡ʃ# {GOLD: #kʎˈyt͡ʃ#} | *#kʎˈyːt͡ʃ# {GOLD: >*} | *#cˈyt͡ʃ# {GOLD: >*} | *#cˈyt͡ʃ# {GOLD: #cˈyt͡ʃ#}
470    | ... | ... | ... | #kʷˈiːs# | *#kʷˈis# | *#kʷˈys# | *#kˈys# | *#cˈyʃ# | *#cˈyːʃ# | *#cˈyːʃ# {GOLD: >*} | *#cˈyːʃ# {GOLD: >*} | *#kˈyʃ# {GOLD: >*} | *#cˈyʃ# {GOLD: #cˈyʃ#}
471    | ... | ... | ... | #kiˈeːnioː# | *#kjˈɒːnju# | *#kjˈoɲu# | *#cˈoɲu# | *#cˈɔ̃ɲu# | *#cˈɔ̃ɲə# | *#cˈɔ̃ɲ# {GOLD: >*} | *#cˈɔ̃ɲ# {GOLD: >*} | *#cˈɔɲ# {GOLD: >*} | *#cˈɔj# {GOLD: #cˈɔj#}
472    | ... | ... | ... | ... | #kʰˈylɔn# | *#kˈylon# | *#kˈylon# | *#cˈylɔ̃n# | *#cˈuːlˠə# | *#cˈuːlˠ# {GOLD: >*} | *#cˈuːlˠ# {GOLD: >*} | *#cˈulˠ# {GOLD: >*} | *#cˈulˠ# {GOLD: #cˈulˠ#}
473    | ... | ... | ... | #klˌomˈostum# | *#klˌɛmːˈʊstʊ# | *#klˌɛmːˈustu# | *#kləmːˈustu# | *#klə̃mːˈuʃtu# | *#klə̃mːˈuːʃtə# | *#kʎə̃mːˈuːʃt# {GOLD: #kʎˈuməʃtə#} | *#kʎə̃mˈuːʃt# {GOLD: #kʎˈuməʃtə#} | *#cəmˈuʃt# {GOLD: >*} | *#cəmˈuʃt# {GOLD: #cˈuməʃt#}
474    | ... | ... | ... | ... | ... | ... | ... | ... | #ɡlˌɑβɪnˈit͡sɑ# | *#ɡʎˌanˈit͡sə# {GOLD: >*} | *#ɡʎˌanˈit͡sə# {GOLD: >*} | *#ɟanˈit͡sə# {GOLD: >*} | *#ɟanˈit͡sə# {GOLD: #ɟanˈit͡sə#}
475    | ... | ... | ... | ... | #ɡˌenˈiɑ# | *#ɡˌenˈijɑ# | *#ɡˌenˈija# | *#ɟə̃ɾ̃ˈija# | *#ɟə̃ɾ̃ˈija# | *#ɟə̃ɾ̃ˈiː# {GOLD: #ɟˌiɾˈiː#} | *#ɟə̃ɾ̃ˈiː# {GOLD: #ɟˌiɾˈiː#} | *#ɟəɾˈi# {GOLD: >*} | *#ɟəɾˈi# {GOLD: #ɟəɾˈi#}
476    | ... | ... | ... | #iˌeiuːnˈɑːnioː# | *#ɟˌɛjuːnˈɒːnju# | *#ɟˌɛjynˈoɲu# | *#ɟˌiɑ̃ɾ̃ˈoɲu# | *#ɟjə̃ɾ̃ˈɔ̃ɲu# | *#ɟjə̃ɾ̃ˈɔ̃ɲə# | *#ɟə̃ɾ̃ˈɔ̃ɲ# {GOLD: #ɟˌỹɾ̃ˈɔ̃ɲ#} | *#ɟə̃ɾ̃ˈɔ̃ɲ# {GOLD: >*} | *#ɟəɾˈɔɲ# {GOLD: >*} | *#ɟəɾˈɔj# {GOLD: #ɟəɾˈɔj#}
477    | ... | ... | ... | #iˌuːrˈɑːnioː# | *#ɟˌuːrˈɒːnju# | *#ɟˌyrˈoɲu# | *#ɟˌyrˈoɲu# | *#ɟəɾˈɔ̃ɲu# | *#ɟəɾˈɔ̃ɲə# | *#ɟəɾˈɔ̃ɲ# {GOLD: >*} | *#ɟəɾˈɔ̃ɲ# {GOLD: >*} | *#ɟəɾˈɔɲ# {GOLD: >*} | *#ɟəɾˈɔj# {GOLD: #ɟəɾˈɔj#}
478    | ... | ... | ... | #ɡˌemˈonioː# | *#ɡˌɛmˈɒnju# | *#ɡˌɛmˈoɲu# | *#ɡˌɛmˈoɲu# | *#ɟə̃mˈɔ̃ɲu# | *#ɟə̃mˈɔ̃ɲə# | *#ɟə̃mˈɔ̃ɲ# {GOLD: #ɟə̃mˈɔ̃ɲ#} | *#ɟə̃mˈɔ̃ɲ# {GOLD: >*} | *#ɟəmˈɔɲ# {GOLD: >*} | *#ɟəmˈɔj# {GOLD: #ɟəmˈɔj#}
479    | ... | ... | ... | #klˌɑːmˈɑːnioː# | *#klˌɑːmˈɒːnju# | *#klˌɑmˈoɲu# | *#kləmˈoɲu# | *#klə̃mˈɔ̃ɲu# | *#klə̃mˈɔ̃ɲə# | *#kʎə̃mˈɔ̃ɲ# {GOLD: >*} | *#kʎə̃mˈɔ̃ɲ# {GOLD: #ɡʎəmˈɔ̃ɲ#} | *#cəmˈɔɲ# {GOLD: >*} | *#cəmˈɔj# {GOLD: #ɟəmˈɔj#}
480    | ... | ... | ... | #kˌollˌiːmitˈɑːnioː# | *#kˌʊllˌimɪtˈɒːnju# | *#kˌulːˌimetˈoɲu# | *#kˌulːˌimɪtˈoɲu# | *#kˌulːə̃mɪtˈɔ̃ɲu# | *#kˌulːə̃mtˈɔ̃ɲə# | *#kˌulːə̃mtˈɔ̃ɲ# {GOLD: >*} | *#ɡˌulːə̃mtˈɔ̃ɲ# {GOLD: >*} | *#ɡulmtˈɔɲ# {GOLD: >*} | *#ɡulmtˈɔj# {GOLD: #ɟəmtˈɔj#}
481    | ... | ... | ... | ... | ... | ... | ... | #ɡlˌɒ̃bɒt͡ʃˈɑɾɪ# | *#ɡlˌə̃bɒt͡ʃˈɑːɾə# | *#ɡʎˌəmbɔt͡ʃˈaːɾ# {GOLD: >*} | *#ɡʎˌəmbɔt͡ʃˈaːɾ# {GOLD: >*} | *#ɟəmbɔt͡ʃˈaɾ# {GOLD: >*} | *#ɟəmbɔt͡ʃˈaɾ# {GOLD: #ɟəmbɔt͡ʃˈaɾ#}
482    | ... | ... | ... | ... | ... | ... | ... | ... | ... | #ɡʎˈɑ̃ndəɾə# {GOLD: #ɡʎˈɑ̃ndəɾə#} | *#ɡʎˈə̃ndəɾ# {GOLD: >*} | *#ɟˈəndəɾ# {GOLD: >*} | *#ɟˈəndəɾ# {GOLD: #ɟˈəndəɾ#}
483    | ... | ... | ... | ... | ... | ... | ... | ... | #ʝˌɛzdˈitɪ# | *#ɟˌɛzdˈit# {GOLD: >*} | *#ɟˌɛzdˈit# {GOLD: >*} | *#ɟɛzdˈit# {GOLD: >*} | *#ɟɛzdˈit# {GOLD: #ɟɛzdˈit#}
484    | ... | ... | ... | #ɡˈenistrɑm# | *#ɡˈɛnɪstrɑ# | *#ɡˈɛstrɑ# | *#ɡˈɛstra# | *#ɟˈɛːʃtɾa# | *#ɟˈie̯ʃtɾa# | *#ɟˈɛʃtɾ̩# {GOLD: >*} | *#ɟˈɛʃtɾ̩# {GOLD: >*} | *#ɟˈɛʃtɾ̩# {GOLD: >*} | *#ɟˈɛʃtəɾ# {GOLD: #ɟˈɛʃtəɾ#}
485    | ... | ... | ... | #ɡˈɑlliː# | *#ɡˈɑlli# | *#ɡˈɑlːi# | *#ɡˈelːɪ# | *#ɟˈelːɪ# | *#ɟˈɛːlːə# | *#ɟˈɛːlː# {GOLD: #ɟˈɛl#} | *#ɟˈɛːlː# {GOLD: >*} | *#ɟˈɛl# {GOLD: >*} | *#ɟˈɛl# {GOLD: #ɟˈɛl#}
486    | ... | ... | ... | #ɡˈɑlbinum# | *#ɡˈɑlbɪnʊ# | *#ɡˈɑlbenu# | *#ɡˈelbɑ̃ɾ̃u# | *#ɟˈelbɐɾ̃u# | *#ɟˈɛːlbɐɾ̃ə# | *#ɟˈɛːlbəɾ̃# {GOLD: #ɟˈɛlbə̃ɾ̃ə#} | *#ɟˈɛːlbəɾ̃# {GOLD: >*} | *#ɟˈɛlbəɾ# {GOLD: >*} | *#ɟˈɛlbəɾ# {GOLD: #ɟˈɛlbəɾ#}
487    | ... | ... | ... | ... | #ɡeˈɔːrɡiu# | *#ɡeˈørɡiu# | *#ɡɪˈørɟɪu# | *#ɟjˈœɾɟju# | *#ɟjˈɛːɾɟjə# | *#ɟˈɛːɾɟ# {GOLD: >*} | *#ɟˈɛːɾɟ# {GOLD: >*} | *#ɟˈɛɾɟ# {GOLD: >*} | *#ɟˈɛɾɟ# {GOLD: #ɟˈɛɾɟ#}
488    | ... | ... | ... | #inkˌiːkˈɑːlɑ# | *#ɪnkˌikˈɑːlɑ# | *#enkkˈɑlɑ# | *#ənkˈala# | *#ə̃nkˈala# | *#ə̃nɡˈaːlˠa# | *#ə̃ŋɡˈaːlˠə# {GOLD: >*} | *#ə̃ɲ̈ɡˈaːlˠə# {GOLD: >*} | *#ɲ̈ɡˈalˠə# {GOLD: >*} | *#ŋɡˈalˠə# {GOLD: #ɟinkˈalˠə#}
489    | ... | ... | ... | #ɡˈentem# | *#ɡˈɛntɛ# | *#ɡˈɛntɛ# | *#ɡˈintɪ# | *#ɟˈĩntɪ# | *#ɟˈĩndə# | *#ɟˈĩnd# {GOLD: >*} | *#ɟˈĩnd# {GOLD: >*} | *#ɟˈind# {GOLD: >*} | *#ɟˈind# {GOLD: #ɟˈind#}
490    | ... | ... | ... | #ɡˈyːrum# | *#ɡˈirʊ# | *#ɡˈiru# | *#ɡˈiru# | *#ɟˈiɾu# | *#ɟˈiːɾə# | *#ɟˈiːɾ# {GOLD: >*} | *#ɟˈiːɾ# {GOLD: >*} | *#ɟˈiɾ# {GOLD: #ɟˈiɾ#} | *#ɟˈiɾ# {GOLD: #ɟˈiɾ#}
491    | ... | ... | ... | #iˌuːdikˈɑːtɑm# | *#ɟˌuːdɪkˈɑːtɑ# | *#ɟˌydekˈɑtɑ# | *#ɟˌyðɪkˈata# | *#ɟˌyðɪkˈata# | *#ɟˌyːɡˈata# | *#ɟˌyːɡˈatə# {GOLD: >*} | *#ɟˌyːɡˈatə# {GOLD: >*} | *#ɟyɡˈatə# {GOLD: >*} | *#ɟyɡˈatə# {GOLD: #ɟykˈatə#}
492    | ... | ... | ... | #iˌuːdikˈɑːnioː# | *#ɟˌuːdɪkˈɒːnju# | *#ɟˌydekˈoɲu# | *#ɟˌyðɪkˈoɲu# | *#ɟˌyðɪkˈɔ̃ɲu# | *#ɟˌyːkˈɔ̃ɲə# | *#ɟˌyːkˈɔ̃ɲ# {GOLD: >*} | *#ɟˌyːkˈɔ̃ɲ# {GOLD: >*} | *#ɟykˈɔɲ# {GOLD: >*} | *#ɟykˈɔj# {GOLD: #ɟykˈɔj#}
493    | ... | ... | ... | #iˌuːnktˈuːrɑm# | *#ɟˌuːnktˈuːrɑ# | *#ɟˌynktˈyrɑ# | *#ɟˌyntˈyra# | *#ɟˌỹːntˈyɾa# | *#ɟˌỹːndˈyːɾa# | *#ɟˌỹːndˈyːɾə# {GOLD: >*} | *#ɟˌỹːndˈyːɾə# {GOLD: >*} | *#ɟyndˈyɾə# {GOLD: >*} | *#ɟyndˈyɾə# {GOLD: #ɟymtˈyɾə#}
494    | ... | ... | ... | #iˌuːdˈikium# | *#ɟˈuːdikjʊ# | *#ɟˈydikju# | *#ɟˈyðɪcju# | *#ɟˈyðɪcju# | *#ɟˈyːcjə# | *#ɟˈyːc# {GOLD: >*} | *#ɟˈyːc# {GOLD: #ɟˈyːc#} | *#ɟˈyc# {GOLD: >*} | *#ɟˈyc# {GOLD: #ɟˈyc#}
495    | ... | ... | ... | #iˈuːnktum# | *#ɟˈuːnktʊ# | *#ɟˈynktu# | *#ɟˈyntu# | *#ɟˈỹntu# | *#ɟˈỹndə# | *#ɟˈỹnd# {GOLD: >*} | *#ɟˈỹnd# {GOLD: >*} | *#ɟˈynd# {GOLD: >*} | *#ɟˈynd# {GOLD: #ɟˈymt#}
496    | ... | ... | ... | ... | ... | ... | ... | ... | #ɡlˌɒ̃bɒt͡ʃˈɑrɪ# | *#ɡʎˌɔmbɔt͡ʃˈaɾ# {GOLD: >*} | *#ɡʎˌɔmbɔt͡ʃˈaɾ# {GOLD: >*} | *#ɟɔmbɔt͡ʃˈaɾ# {GOLD: >*} | *#ɟɔmbɔt͡ʃˈaɾ# {GOLD: #ɟɔmbɔt͡ʃˈaɾ#}
497    | ... | ... | ... | ... | #ɟˌowˈɑnnɛ# | *#ɟˈowɑnːɛ# | *#ɟˈoanːɪ# | *#ɟˈɔɐnːɪ# | *#ɟˈɔɐnːə# | *#ɟˈɔːnː# {GOLD: >*} | *#ɟˈɔːn# {GOLD: >*} | *#ɟˈɔn# {GOLD: >*} | *#ɟˈɔn# {GOLD: #ɟˈɔn#}
498    | ... | ... | ... | ... | ... | ... | ... | ... | #ɡlˈɒbɑ# | *#ɡʎˈɔbə# {GOLD: >*} | *#ɡʎˈɔbə# {GOLD: >*} | *#ɟˈɔbə# {GOLD: >*} | *#ɟˈɔbə# {GOLD: #ɟˈɔbə#}
499    | ... | ... | ... | #iˌuwˈenkɑm# | *#ɟˌʊwˈɛnkɑ# | *#ɟˌuvˈɛnkɑ# | *#ɟˌuvˈɛnka# | *#ɟˌuːvˈɛ̃nka# | *#ɟˌuːvˈɛ̃nɡa# | *#ɟˌuːvˈɛ̃ŋɡə# {GOLD: >*} | *#ɟˌuːvˈɛ̃ɲ̈ɡə# {GOLD: >*} | *#ɟuvˈɛɲ̈ɡə# {GOLD: >*} | *#ɟuvˈɛŋɡə# {GOLD: #ɟuvˈɛŋɡə#}
500    | ... | ... | ... | #iˈɑːnuum# | *#ɟˈɒːnwʊ# | *#ɟˈonwu# | *#ɟˈonu# | *#ɟˈɔ̃ɾ̃u# | *#ɟˈũo̯nːə# | *#ɟˈũo̯nː# {GOLD: #ɟˈuo̯#} | *#ɟˈũa̯n# {GOLD: >*} | *#ɟˈua̯n# {GOLD: >*} | *#ɟˈua̯n# {GOLD: #ɟˈua̯#}
501    | ... | ... | ... | #nˌowˈerkɑm# | *#nˌɒwˈɛrkɑ# | *#nˌowˈɛrkɑ# | *#nˌoˈɛrka# | *#nəˈɛːɾka# | *#nəˈie̯ɾka# | *#ɲˈɛɾkə# {GOLD: >*} | *#ɲˈɛɾkə# {GOLD: >*} | *#ɲˈɛɾkə# {GOLD: >*} | *#ɲˈɛɾkə# {GOLD: #ɲˈɛɾkə#}
502    | ... | ... | ... | #ˌɑnɡʷˈiːllɑm# | *#ˌɑɲˈillɑ# | *#ˌɑɲˈilːɑ# | *#ɲˈilːa# | *#ɲˈilːa# | *#ɲˈiːlːa# | *#ɲˈiːlːə# {GOLD: >*} | *#ɲˈiːlːə# {GOLD: >*} | *#ɲˈilə# {GOLD: >*} | *#ɲˈilə# {GOLD: #ɲˈilə#}
503    | ... | ... | ... | ... | ... | ... | ... | ... | #ɲˌuxˈɑtɪ# | *#ɲˌuxˈat# {GOLD: >*} | *#ɲˌuhˈat# {GOLD: >*} | *#ɲuhˈat# {GOLD: >*} | *#ɲuhˈat# {GOLD: #ɲuhˈat#}
504    | ... | ... | ... | #ˌinkonɡˌyːrˈɑːnioː# | *#ˌɪnkʊɲˌirˈɒːnju# | *#ˌenkuɲˌirˈoɲu# | *#ənkuɲˌirˈoɲu# | *#ə̃nkɲɪɾˈɔ̃ɲu# | *#ə̃nɡɲəɾˈɔ̃ɲə# | *#ə̃ɲɟəɾˈɔ̃ɲ# {GOLD: >*} | *#ə̃ɲɟəɾˈɔ̃ɲ# {GOLD: >*} | *#ɲɟəɾˈɔɲ# {GOLD: >*} | *#ɲɟəɾˈɔj# {GOLD: #ɲɟəɾˈɔj#}
505    | ... | ... | ... | #ˌintinɡiˈonioː# | *#ˌɪntɪɲjˈɒnju# | *#ˌenteɲˈoɲu# | *#əntɪɲˈoɲu# | *#ə̃ntɲˈɔ̃ɲu# | *#ə̃ndɲˈỹe̯ɲə# | *#ə̃ɲɟˈỹe̯ɲ# {GOLD: >*} | *#ə̃ɲɟˈỹe̯ɲ# {GOLD: >*} | *#ɲɟˈye̯ɲ# {GOLD: >*} | *#ɲɟˈye̯j# {GOLD: #ɲɟˈye̯j#}
506    | ... | ... | ... | ... | ... | ... | ... | ... | #t͡ʃˈɑsʊ# | *#t͡ʃˈas# {GOLD: >*} | *#t͡ʃˈas# {GOLD: >*} | *#t͡ʃˈas# {GOLD: >*} | *#t͡ʃˈas# {GOLD: #t͡ʃˈas#}
507    | ... | ... | ... | ... | ... | ... | ... | #t͡ʃˈɑpəkɑ# | *#t͡ʃˈɑːfkɑ# | *#t͡ʃˈaːfkə# {GOLD: >*} | *#t͡ʃˈaːfkə# {GOLD: >*} | *#t͡ʃˈafkə# {GOLD: >*} | *#t͡ʃˈafkə# {GOLD: #t͡ʃˈafkə#}
508    | ... | ... | ... | ... | ... | ... | ... | ... | #t͡ʃˈɑmɪ# | *#t͡ʃˈam# {GOLD: >*} | *#t͡ʃˈam# {GOLD: >*} | *#t͡ʃˈam# {GOLD: >*} | *#t͡ʃˈam# {GOLD: #t͡ʃˈam#}
509    | ... | ... | ... | ... | ... | ... | #t͡ʃˌɪrnˈɑwɑ# | *#t͡ʃɪɾnˈɑvɑ# | *#t͡ʃərːˈɑːvɑ# | *#t͡ʃərˈaːvə# {GOLD: >*} | *#t͡ʃərˈaːvə# {GOLD: >*} | *#t͡ʃərˈavə# {GOLD: >*} | *#t͡ʃərˈavə# {GOLD: #t͡ʃərˈavə#}
510    | ... | ... | ... | ... | ... | ... | ... | ... | #t͡ʃˌɛtˈinɑ# | *#t͡ʃˌɛtˈinə# {GOLD: >*} | *#t͡ʃˌɛtˈinə# {GOLD: >*} | *#t͡ʃɛtˈinə# {GOLD: >*} | *#t͡ʃɛtˈinə# {GOLD: #t͡ʃɛtˈinə#}
511    | ... | ... | ... | ... | ... | ... | ... | ... | #t͡ʃˌælˈitɪ# | *#t͡ʃˌɛlˈit# {GOLD: >*} | *#t͡ʃˌɛlˈit# {GOLD: >*} | *#t͡ʃɛlˈit# {GOLD: >*} | *#t͡ʃɛlˈit# {GOLD: #t͡ʃɛlˈit#}
512    | ... | ... | ... | ... | ... | ... | ... | ... | #t͡ʃˌælɪnˈikʊ# | *#t͡ʃˌɛlnˈik# {GOLD: >*} | *#t͡ʃˌɛlnˈik# {GOLD: >*} | *#t͡ʃɛlnˈik# {GOLD: >*} | *#t͡ʃɛlnˈik# {GOLD: #t͡ʃɛlnˈik#}
513    | ... | ... | ... | ... | ... | ... | ... | ... | #t͡ʃˈɛtɑ# | *#t͡ʃˈɛtə# {GOLD: >*} | *#t͡ʃˈɛtə# {GOLD: >*} | *#t͡ʃˈɛtə# {GOLD: >*} | *#t͡ʃˈɛtə# {GOLD: #t͡ʃˈɛtə#}
514    | ... | ... | ... | ... | ... | ... | ... | ... | #t͡ʃˈælɒ# | *#t͡ʃˈɛlˠə# {GOLD: >*} | *#t͡ʃˈɛlˠə# {GOLD: >*} | *#t͡ʃˈɛlˠə# {GOLD: >*} | *#t͡ʃˈɛlˠə# {GOLD: #t͡ʃˈɛlə#}
515    | ... | ... | ... | ... | ... | ... | #t͡ʃˈɛrdɑ# | *#t͡ʃˈɛːɾðɑ# | *#t͡ʃˈie̯ɾðɑ# | *#t͡ʃˈɛɾðə# {GOLD: >*} | *#t͡ʃˈɛɾðə# {GOLD: >*} | *#t͡ʃˈɛɾðə# {GOLD: >*} | *#t͡ʃˈɛɾðə# {GOLD: #t͡ʃˈɛɾðə#}
516    | ... | ... | ... | ... | ... | ... | #t͡ʃˈɪrnʊ# | *#t͡ʃˈɪɾnə# | *#t͡ʃˈɪːrːə# | *#t͡ʃˈir# {GOLD: >*} | *#t͡ʃˈir# {GOLD: >*} | *#t͡ʃˈir# {GOLD: >*} | *#t͡ʃˈir# {GOLD: #t͡ʃˈɛr#}
517    | ... | ... | ... | ... | ... | ... | ... | ... | #t͡ʃˌɒrnɒβˈɒdɑ# | *#t͡ʃˌɔɾnɔvˈɔdə# {GOLD: >*} | *#t͡ʃˌɔɾnɔvˈɔdə# {GOLD: >*} | *#t͡ʃɔɾnɔvˈɔdə# {GOLD: >*} | *#t͡ʃɔɾnɔvˈɔdə# {GOLD: #t͡ʃɔɾɔvˈɔdə#}
518    | ... | ... | ... | ... | ... | ... | ... | ... | #t͡ʃˌudˈitɪ# | *#t͡ʃˌudˈit# {GOLD: >*} | *#t͡ʃˌudˈit# {GOLD: >*} | *#t͡ʃudˈit# {GOLD: >*} | *#t͡ʃudˈit# {GOLD: #t͡ʃudˈit#}
519    | ... | ... | ... | ... | ... | ... | ... | ... | #t͡ʃˈukɑ# | *#t͡ʃˈukə# {GOLD: >*} | *#t͡ʃˈukə# {GOLD: >*} | *#t͡ʃˈukə# {GOLD: >*} | *#t͡ʃˈukə# {GOLD: #t͡ʃˈukə#}
520    | ... | ... | ... | ... | ... | ... | ... | ... | #t͡ʃˈulɑ# | *#t͡ʃˈulˠə# {GOLD: >*} | *#t͡ʃˈulˠə# {GOLD: >*} | *#t͡ʃˈulˠə# {GOLD: >*} | *#t͡ʃˈulˠə# {GOLD: #t͡ʃˈulˠə#}
521    | ... | ... | ... | ... | ... | ... | ... | ... | #t͡ʃˈudɒ# | *#t͡ʃˈudə# {GOLD: >*} | *#t͡ʃˈudə# {GOLD: >*} | *#t͡ʃˈudə# {GOLD: >*} | *#t͡ʃˈudə# {GOLD: #t͡ʃˈudə#}
522    | ... | ... | ... | ... | ... | ... | ... | ... | #t͡ʃˈubɑ# | *#t͡ʃˈubə# {GOLD: >*} | *#t͡ʃˈubə# {GOLD: >*} | *#t͡ʃˈubə# {GOLD: >*} | *#t͡ʃˈubə# {GOLD: #t͡ʃˈubə#}
523    | ... | ... | ... | #ˌekshonorˈɑːnioː# | *#ˌɛsʊnʊrˈɒːnju# | *#ˌɛsunurˈoɲu# | *#sɑ̃ɾ̃urˈoɲu# | *#ʃə̃ɾ̃əɾˈɔ̃ɲu# | *#ʃə̃ndəɾˈɔ̃ɲə# | *#ʃndəɾˈɔ̃ɲ# {GOLD: >*} | *#ʃndəɾˈɔ̃ɲ# {GOLD: >*} | *#ʃndɾˈɔɲ# {GOLD: >*} | *#t͡ʃndɾˈɔj# {GOLD: #t͡ʃndɾˈɔj#}
524    | ... | ... | ... | #ˌae̯stimˈɑːnioː# | *#ˌɛstɪmˈɒːnju# | *#ˌɛstemˈoɲu# | *#stɪmˈoɲu# | *#ʃtɪ̃mˈɔ̃ɲu# | *#ʃtə̃mˈɔ̃ɲə# | *#ʃmˈɔ̃ɲ# {GOLD: >*} | *#ʃmˈɔ̃ɲ# {GOLD: >*} | *#ʃmˈɔɲ# {GOLD: #ʃmˈɔɲ#} | *#t͡ʃmˈɔj# {GOLD: #t͡ʃmˈɔj#}
525    | ... | ... | ... | #sˌɑɡittˈɑːnioː# | *#sˌɑɡɪttˈɒːnju# | *#sˌɑʎettˈoɲu# | *#sˌaʎɪttˈoɲu# | *#ʃˌaːʎɪtˈɔ̃ɲu# | *#ʃˌaːʎtˈɔ̃ɲə# | *#ʃˌaːʎtˈɔ̃ɲ# {GOLD: >*} | *#ʃˌaːʎtˈɔ̃ɲ# {GOLD: >*} | *#ʃajtˈɔɲ# {GOLD: >*} | *#ʃajtˈɔj# {GOLD: #ʃajtˈɔj#}
526    | ... | ... | ... | ... | ... | ... | ... | ... | #ʃˌɑtˈʊrjɑ# | *#ʃˌatˈɔrə# {GOLD: >*} | *#ʃˌatˈɔrə# {GOLD: >*} | *#ʃatˈɔrə# {GOLD: >*} | *#ʃatˈɔrə# {GOLD: #ʃatˈɔrɛ#}
527    | ... | ... | ... | #sˌertˈɑːnioː# | *#sˌɛrtˈɒːnju# | *#sˌɛrtˈoɲu# | *#sˌɛrtˈoɲu# | *#ʃɪɾtˈɔ̃ɲu# | *#ʃəɾtˈɔ̃ɲə# | *#ʃɾ̩tˈɔ̃ɲ# {GOLD: >*} | *#ʃɾ̩tˈɔ̃ɲ# {GOLD: >*} | *#ʃɾ̩tˈɔɲ# {GOLD: >*} | *#ʃəɾtˈɔj# {GOLD: #ʃaɾtˈɔj#}
528    | ... | ... | ... | #sˌɑppˈɑːnioː# | *#sˌɑppˈɒːnju# | *#sˌɑppˈoɲu# | *#sˌappˈoɲu# | *#ʃˌapˈɔ̃ɲu# | *#ʃˌapˈɔ̃ɲə# | *#ʃˌapˈɔ̃ɲ# {GOLD: >*} | *#ʃˌapˈɔ̃ɲ# {GOLD: >*} | *#ʃapˈɔɲ# {GOLD: >*} | *#ʃapˈɔj# {GOLD: #ʃapˈɔj#}
529    | ... | ... | ... | ... | ... | ... | #sˈɑkɑ# | *#ʃˈɑkɑ# | *#ʃˈɑkɑ# | *#ʃˈakə# {GOLD: >*} | *#ʃˈakə# {GOLD: >*} | *#ʃˈakə# {GOLD: >*} | *#ʃˈakə# {GOLD: #ʃˈakə#}
530    | ... | ... | ... | #sˈɑkkulum# | *#sˈɑkkʊlʊ# | *#sˈɑkkulu# | *#sˈakkulu# | *#ʃˈakulu# | *#ʃˈakulˠə# | *#ʃˈakulˠ# {GOLD: >*} | *#ʃˈakulˠ# {GOLD: >*} | *#ʃˈakulˠ# {GOLD: >*} | *#ʃˈakulˠ# {GOLD: #ʃˈakulˠ#}
531    | ... | ... | ... | #sˈɑɡum# | *#sˈɑɡʊ# | *#sˈɑɡu# | *#sˈaɡu# | *#ʃˈaɡu# | *#ʃˈaɡə# | *#ʃˈaɡ# {GOLD: >*} | *#ʃˈaɡ# {GOLD: >*} | *#ʃˈaɡ# {GOLD: >*} | *#ʃˈaɡ# {GOLD: #ʃˈaɡ#}
532    | ... | ... | ... | #sˈellɑ# | *#sˈɛllɑ# | *#sjˈalːɑ# | *#sˈalːa# | *#ʃˈalːa# | *#ʃˈaːlːa# | *#ʃˈaːlːə# {GOLD: >*} | *#ʃˈaːlːə# {GOLD: >*} | *#ʃˈalə# {GOLD: >*} | *#ʃˈalə# {GOLD: #ʃˈalə#}
533    | ... | ... | ... | ... | ... | ... | #sˈɒrɑ# | *#ʃˈɒɾɑ# | *#ʃˈɒːɾɑ# | *#ʃˈɔːɾə# {GOLD: >*} | *#ʃˈɔːɾə# {GOLD: >*} | *#ʃˈɔɾə# {GOLD: >*} | *#ʃˈɔɾə# {GOLD: #ʃˈaɾə#}
534    | ... | ... | #sˈarkon# | *#sˈɑrkon# | *#sˈɑrkʊ# | *#sˈɑrku# | *#sˈarku# | *#ʃˈaɾku# | *#ʃˈaːɾkə# | *#ʃˈaːɾk# {GOLD: >*} | *#ʃˈaːɾk# {GOLD: >*} | *#ʃˈaɾk# {GOLD: >*} | *#ʃˈaɾk# {GOLD: #ʃˈaɾk#}
535    | ... | ... | ... | #sˈɑrikɑm# | *#sˈɑrɪkɑ# | *#sˈɑrkɑ# | *#sˈarka# | *#ʃˈaɾka# | *#ʃˈaːɾka# | *#ʃˈaːɾkə# {GOLD: >*} | *#ʃˈaːɾkə# {GOLD: >*} | *#ʃˈaɾkə# {GOLD: >*} | *#ʃˈaɾkə# {GOLD: #ʃˈaɾkə#}
536    | ... | ... | ... | #sˈerrɑ# | *#sˈɛrrɑ# | *#sjˈarrɑ# | *#sˈarra# | *#ʃˈaɾɾa# | *#ʃˈaːrːa# | *#ʃˈaːrə# {GOLD: >*} | *#ʃˈaːrə# {GOLD: >*} | *#ʃˈarə# {GOLD: >*} | *#ʃˈarə# {GOLD: #ʃˈarə#}
537    | ... | ... | ... | #sˈɑpum# | *#sˈɑpʊ# | *#sˈɑpu# | *#sˈapu# | *#ʃˈapu# | *#ʃˈapə# | *#ʃˈap# {GOLD: >*} | *#ʃˈap# {GOLD: >*} | *#ʃˈap# {GOLD: >*} | *#ʃˈap# {GOLD: #ʃˈap#}
538    | ... | ... | ... | ... | ... | ... | #sˈɑpʊ# | *#ʃˈɑpə# | *#ʃˈɑpə# | *#ʃˈap# {GOLD: >*} | *#ʃˈap# {GOLD: >*} | *#ʃˈap# {GOLD: >*} | *#ʃˈap# {GOLD: #ʃˈap#}
539    | ... | ... | ... | #sˌɑkrˈɑːnioː# | *#sˌɑkrˈɒːnju# | *#sˌɑkrˈoɲu# | *#sˌakrˈoɲu# | *#ʃəkɾˈɔ̃ɲu# | *#ʃkɾˈɔ̃ɲə# | *#ʃkɾˈɔ̃ɲ# {GOLD: #ʃəkɾˈɔ̃ɲ#} | *#ʃkɾˈɔ̃ɲ# {GOLD: >*} | *#ʃkɾˈɔɲ# {GOLD: >*} | *#ʃkɾˈɔj# {GOLD: #ʃəkɾˈɔj#}
540    | ... | ... | ... | #sˌɑlˈiːnioː# | *#sˌɑlˈinju# | *#sˌɑlˈiɲu# | *#sˌelˈiɲu# | *#ʃɪlˈĩɲu# | *#ʃəlˠˈĩɲə# | *#ʃəlˠˈĩɲ# {GOLD: >*} | *#ʃəlˠˈĩɲ# {GOLD: >*} | *#ʃəlˠˈiɲ# {GOLD: >*} | *#ʃəlˠˈij# {GOLD: #ʃəlˠˈij#}
541    | ... | ... | ... | #sˌɑlˈiːnɑ# | *#sˌɑlˈinɑ# | *#sˌɑlˈinɑ# | *#sˌelˈina# | *#ʃɪlˈĩna# | *#ʃəlˠˈĩna# | *#ʃəlˠˈĩnə# {GOLD: #ʃəlˠˈĩːɾ̃ə#} | *#ʃəlˠˈĩnə# {GOLD: >*} | *#ʃəlˠˈinə# {GOLD: >*} | *#ʃəlˠˈinə# {GOLD: #ʃəlˠˈiɾə#}
542    | ... | ... | ... | #sˌɑnɡʷuniˈɑːtɑ# | *#sˌɑŋɡʷʊnjˈɑːtɑ# | *#sˌɑŋɡʷuɲˈɑtɑ# | *#sˌaŋɡuɲˈata# | *#ʃˌãŋɡɲˈata# | *#ʃˌãŋɡɲˈata# | *#ʃˌʌ̃ɲɟˈatə# {GOLD: >*} | *#ʃˌə̃ɲɟˈatə# {GOLD: >*} | *#ʃəɲɟˈatə# {GOLD: >*} | *#ʃəɲɟˈatə# {GOLD: #ʃəɲɟˈɛtə#}
543    | ... | ... | ... | ... | ... | #sˌɑnktuˌɑndrˈeːjɑː# | *#sˌantuˌandrˈeːjaː# | *#ʃˌãntəˌãndɾˈeːjaː# | *#ʃˌãndəˌãndɾˈɛːjaː# | *#ʃˌʌ̃ndˌʌ̃ndɾˈɛː# {GOLD: >*} | *#ʃˌə̃ndˌə̃ndɾˈɛː# {GOLD: >*} | *#ʃəndəndɾˈɛ# {GOLD: >*} | *#ʃəndəndɾˈɛ# {GOLD: #ʃənəndɾˈɛ#}
544    | ... | ... | ... | #sˌiɡnˈɑːnioː# | *#sˌɪŋnˈɒːnju# | *#sˌeŋnˈoɲu# | *#sˌeŋnˈoɲu# | *#ʃɪ̃ŋnˈɔ̃ɲu# | *#ʃə̃nːˈɔ̃ɲə# | *#ʃə̃nːˈɔ̃ɲ# {GOLD: >*} | *#ʃə̃nˈɔ̃ɲ# {GOLD: >*} | *#ʃənˈɔɲ# {GOLD: >*} | *#ʃənˈɔj# {GOLD: #ʃənˈɔj#}
545    | ... | ... | ... | ... | #sˌɑnktunˌikˈolɑːo# | *#sˌɑɲtunˌikˈolɑo# | *#sˌaɲtunˌikˈolao# | *#ʃˌãɲtnɪkˈɔla# | *#ʃˌãɲtnɡˈɔːlˠa# | *#ʃˌʌ̃ŋːɡˈɔːlˠə# {GOLD: >*} | *#ʃˌə̃ŋɡˈɔːlˠə# {GOLD: >*} | *#ʃəŋɡˈɔlˠə# {GOLD: >*} | *#ʃəŋɡˈɔlˠə# {GOLD: #ʃənkˈɔlˠə#}
546    | ... | ... | ... | #sˌɑːnitˈɑːtem# | *#sˌɑːnɪtˈɑːtɛ# | *#sˌɑntˈɑtɛ# | *#sˌantˈetɪ# | *#ʃˌãntˈetɪ# | *#ʃˌãndˈɛtə# | *#ʃˌʌ̃ndˈɛt# {GOLD: >*} | *#ʃˌə̃ndˈɛt# {GOLD: >*} | *#ʃəndˈɛt# {GOLD: >*} | *#ʃəndˈɛt# {GOLD: #ʃəndˈɛt#}
547    | ... | ... | ... | ... | ... | #sˌɑnitˈɔsu# | *#sˌɑ̃ɾ̃ɪtˈɔsu# | *#ʃˌɑ̃ɾ̃ɪtˈɔʃu# | *#ʃˌɑ̃ɾ̃dˈɔːʃə# | *#ʃˌʌ̃ndˈɔːʃ# {GOLD: #ʃəntˈɔʃ#} | *#ʃˌə̃ndˈɔːʃ# {GOLD: >*} | *#ʃəndˈɔʃ# {GOLD: >*} | *#ʃəndˈɔʃ# {GOLD: #ʃəndˈɔʃ#}
548    | ... | ... | ... | ... | #sˌɑnktuˌɑndrˈeːɑː# | *#sˌɑɲtuˌɑndrˈejɑ# | *#sˌaɲtuˌandrˈeja# | *#ʃˌãɲtəˌãndɾˈeja# | *#ʃˌãɲtəˌãndɾˈɛja# | *#ʃˌʌ̃nːdɾˈɛː# {GOLD: >*} | *#ʃˌə̃ndɾˈɛː# {GOLD: >*} | *#ʃəndɾˈɛ# {GOLD: >*} | *#ʃəndɾˈɛ# {GOLD: #ʃəndɾˈɛ#}
549    | ... | ... | ... | ... | ... | #sˌɑntrinˌitˈɑte# | *#sˌantrɪnˌitˈetɪ# | *#ʃˌãntɾnˌiːtˈetɪ# | *#ʃˌãndrːˌiːtˈɛtə# | *#ʃˌʌ̃ndɾˌiːtˈɛt# {GOLD: #ʃˌɛntətəɾˌitˈæt#} | *#ʃˌə̃ndɾˌiːtˈɛt# {GOLD: >*} | *#ʃəndɾitˈɛt# {GOLD: >*} | *#ʃəndɾitˈɛt# {GOLD: #ʃəndɾitˈɛt#}
550    | ... | ... | ... | #sˌɑlwˈɑːntiɑ# | *#sˌɑlwˈɑːnt͡ʃjɑ# | *#sˌɑlwˈɑt͡ʃjɑ# | *#sˌelbˈat͡ʃa# | *#ʃˌeːlbˈasa# | *#ʃˌɛːlbˈaːsa# | *#ʃˌɛːlbˈaːsə# {GOLD: >*} | *#ʃˌɛːlbˈaːsə# {GOLD: >*} | *#ʃɛlbˈasə# {GOLD: >*} | *#ʃɛlbˈasə# {GOLD: #ʃəlbˈɛsə#}
551    | ... | ... | ... | #sˌɑlwˈɑːnioː# | *#sˌɑlwˈɒːnju# | *#sˌɑlwˈoɲu# | *#sˌalbˈoɲu# | *#ʃəlbˈɔ̃ɲu# | *#ʃəlbˈɔ̃ɲə# | *#ʃl̩bˈɔ̃ɲ# {GOLD: >*} | *#ʃl̩bˈɔ̃ɲ# {GOLD: >*} | *#ʃl̩bˈɔɲ# {GOLD: >*} | *#ʃəlbˈɔj# {GOLD: #ʃəlbˈɔj#}
552    | ... | ... | #sˌurˈittioː# | *#sɐrˈiːtt͡ʃoː# | *#sɐrˈitt͡ʃu# | *#sɐrˈitt͡ʃu# | *#sɐrˈitt͡ʃu# | *#ʃəɾˈisu# | *#ʃəɾˈiːsə# | *#ʃəɾˈiːs# {GOLD: >*} | *#ʃəɾˈiːs# {GOLD: >*} | *#ʃəɾˈis# {GOLD: >*} | *#ʃəɾˈis# {GOLD: #ʃəɾˈis#}
553    | ... | ... | ... | #sˌɑːnˈɑːnioː# | *#sˌɑːnˈɒːnju# | *#sɐɾˈoɲu# | *#sɐɾˈoɲu# | *#ʃəɾˈɔ̃ɲu# | *#ʃəɾˈɔ̃ɲə# | *#ʃəɾˈɔ̃ɲ# {GOLD: >*} | *#ʃəɾˈɔ̃ɲ# {GOLD: >*} | *#ʃəɾˈɔɲ# {GOLD: >*} | *#ʃəɾˈɔj# {GOLD: #ʃəɾˈɔj#}
554    | ... | ... | ... | #sˌerwiːtˈuːrɑm# | *#sˌɛrwitˈuːrɑ# | *#sˌirwitˈyrɑ# | *#sˌirbɪtˈyra# | *#ʃəɾbɪtˈyɾa# | *#ʃəɾbətˈyːɾa# | *#ʃɾ̩bətˈyːɾə# {GOLD: #ʃɾ̩bətˈyɾə#} | *#ʃɾ̩bətˈyːɾə# {GOLD: >*} | *#ʃɾ̩bətˈyɾə# {GOLD: >*} | *#ʃəɾbətˈyɾə# {GOLD: #ʃəɾbətˈyɾə#}
555    | ... | ... | ... | #sˌerwiːtˈoːrem# | *#sˌɛrwitˈɒrɛ# | *#sˌirwitˈorɛ# | *#sˌirbɪtˈorɪ# | *#ʃəɾbɪtˈɔɾɪ# | *#ʃəɾbətˈuo̯ɾə# | *#ʃɾ̩bətˈuo̯ɾ# {GOLD: #ʃɛɾbətˈuo̯ɾ#} | *#ʃɾ̩bətˈua̯ɾ# {GOLD: >*} | *#ʃɾ̩bətˈua̯ɾ# {GOLD: >*} | *#ʃəɾbətˈɔɾ# {GOLD: #ʃəɾbətˈɔɾ#}
556    | ... | ... | ... | #sˌerwˈinioː# | *#sˌɛrwˈɪnju# | *#sˌɛrwˈeɲu# | *#sˌɛrbˈeɲu# | *#ʃəɾbˈẽɲu# | *#ʃəɾbˈɛ̃ɲə# | *#ʃɾ̩bˈɛ̃ɲ# {GOLD: #ʃr̩bˈɛj#} | *#ʃɾ̩bˈɛ̃ɲ# {GOLD: >*} | *#ʃɾ̩bˈɛɲ# {GOLD: >*} | *#ʃəɾbˈɛj# {GOLD: #ʃəɾbˈɛj#}
557    | ... | ... | ... | #sˌerwˈitium# | *#sˌɛrwˈɪt͡ʃjʊ# | *#sˌɛrwˈet͡ʃju# | *#sˌɛrbˈet͡ʃu# | *#ʃəɾbˈesu# | *#ʃəɾbˈɛːsə# | *#ʃɾ̩bˈɛːs# {GOLD: #ʃɾ̩bˈɛs#} | *#ʃɾ̩bˈɛːs# {GOLD: >*} | *#ʃɾ̩bˈɛs# {GOLD: >*} | *#ʃəɾbˈɛs# {GOLD: #ʃəɾbˈɛs#}
558    | ... | ... | ... | #sˌɑrmˈentum# | *#sˌɑrmˈɛntʊ# | *#sˌɑrmˈɛntu# | *#sˌermˈɛntu# | *#ʃɪɾmˈɛ̃ntu# | *#ʃəɾmˈɛ̃ndə# | *#ʃɾ̩mˈɛ̃nd# {GOLD: #ʃəɾmˈɛ̃nt#} | *#ʃɾ̩mˈɛ̃nd# {GOLD: >*} | *#ʃɾ̩mˈɛnd# {GOLD: >*} | *#ʃəɾmˈɛnd# {GOLD: #ʃəɾmˈɛnd#}
559    | ... | ... | ... | ... | #sˌɑnktumˌixɑˈiːlo# | *#sˌɑɲtumˌixɑˈilo# | *#sˌaɲtumˌixaˈilo# | *#ʃˌãɲtmɪxəˈilɔ# | *#ʃˌãɲtməxəˈiːlˠə# | *#ʃˌʌ̃mːəxˈiːlˠ# {GOLD: >*} | *#ʃˌə̃məhˈiːlˠ# {GOLD: >*} | *#ʃəməhˈilˠ# {GOLD: >*} | *#ʃəməhˈilˠ# {GOLD: #ʃəməhˈilˠ#}
560    | ... | ... | ... | ... | #sˌɑnktudˌiːmˈiːtriu# | *#sˌɑɲtudˌimˈitriu# | *#sˌaɲtuðˌimˈitrɪu# | *#ʃˌãɲtəðɪ̃mˈitɾɪ# | *#ʃˌãɲtəmˈitɾə# | *#ʃˌʌ̃mːˈitɾ̩# {GOLD: >*} | *#ʃˌə̃mˈitɾ̩# {GOLD: >*} | *#ʃəmˈitɾ̩# {GOLD: >*} | *#ʃəmˈitəɾ# {GOLD: #ʃəmˈitəɾ#}
561    | ... | ... | ... | #ˌeksˌɑnimˈɑːnioː# | *#ˌɛsˌɑnɪmˈɒːnju# | *#ˌɛsˌɑnemˈoɲu# | *#sˌɑ̃ɾ̃ɪmˈoɲu# | *#ʃˌɑ̃ɾ̃ɪ̃mˈɔ̃ɲu# | *#ʃˌɑ̃mːˈɔ̃ɲə# | *#ʃˌʌ̃mːˈɔ̃ɲ# {GOLD: >*} | *#ʃˌə̃mˈɔ̃ɲ# {GOLD: >*} | *#ʃəmˈɔɲ# {GOLD: >*} | *#ʃəmˈɔj# {GOLD: #ʃəmˈɔj#}
562    | ... | ... | ... | #ˌeksˌɑmputˈɑːnioː# | *#ˌɛsˌɑmpʊtˈɒːnju# | *#ˌɛsˌɑmptˈoɲu# | *#sˌamtˈoɲu# | *#ʃˌãmtˈɔ̃ɲu# | *#ʃˌãmtˈɔ̃ɲə# | *#ʃˌʌ̃mtˈɔ̃ɲ# {GOLD: >*} | *#ʃˌə̃mtˈɔ̃ɲ# {GOLD: >*} | *#ʃəmtˈɔɲ# {GOLD: >*} | *#ʃəmtˈɔj# {GOLD: #ʃəmtˈɔj#}
563    | ... | ... | ... | ... | #sˌɪmɪlˈɒːɲu# | *#sˌemelˈojɲu# | *#sˌemɪlˈojɲu# | *#ʃɪ̃məlˈɔj̃ɲu# | *#ʃə̃mbəlˠˈɛ̃ɲə# | *#ʃə̃mbəlˠˈɛ̃ɲ# {GOLD: >*} | *#ʃə̃mbəlˠˈɛ̃ɲ# {GOLD: >*} | *#ʃəmbəlˠˈɛɲ# {GOLD: >*} | *#ʃəmbəlˠˈɛj# {GOLD: #ʃəmbəlˠˈɛj#}
564    | ... | ... | ... | ... | #sˌɪmɪlɑtˈuːrɑ# | *#sˌemelɑtˈyrɑ# | *#sˌemɪlatˈyra# | *#ʃɪ̃mələtˈyɾa# | *#ʃə̃mbəlˠətˈyːɾa# | *#ʃə̃mb?0tˈyːɾə# {GOLD: >*} | *#ʃə̃mb?0tˈyːɾə# {GOLD: >*} | *#ʃəmb?0tˈyɾə# {GOLD: >*} | *#ʃəmbəlˠtˈyɾə# {GOLD: #ʃəmbəlˠtˈyɾə#}
565    | ... | ... | ... | #sˌɑlikinˈɑːrium# | *#sˌɑlɪkɪnˈɒːrjʊ# | *#sˌɑlekenˈorju# | *#sˌelɪcɑ̃ɾ̃ˈoru# | *#ʃˌeːlɪcə̃ɾ̃ˈɔɾu# | *#ʃˌɛːlcə̃ɾ̃ˈuo̯ɾə# | *#ʃˌɛːlcə̃ɾ̃ˈuo̯ɾ# {GOLD: #ʃɛlcəɾ̃ˈuo̯ɾ#} | *#ʃˌɛːlcə̃ɾ̃ˈua̯ɾ# {GOLD: >*} | *#ʃɛlcəɾˈua̯ɾ# {GOLD: #ʃˌɛlcəɾˈua̯ɾ#} | *#ʃɛlcəɾˈɔɾ# {GOLD: #ʃɛlcəɾˈɔɾ#}
566    | ... | ... | ... | #sˌɑlikˈeːtum# | *#sˌɑlɪkˈeːtʊ# | *#sˌɑlekˈetu# | *#sˌelɪcˈetu# | *#ʃˌeːlɪcˈetu# | *#ʃˌɛːlcˈɛtə# | *#ʃˌɛːlcˈɛt# {GOLD: >*} | *#ʃˌɛːlcˈɛt# {GOLD: >*} | *#ʃɛlcˈɛt# {GOLD: >*} | *#ʃɛlcˈɛt# {GOLD: #ʃɛlcˈɛt#}
567    | ... | ... | ... | #sˌɑlwiˈellɑ# | *#sˌɑlwjˈɛllɑ# | *#sˌɑlwjˈɛlːɑ# | *#sˌelbˈɛlːa# | *#ʃˌeːlbˈɛlːa# | *#ʃˌɛːlbˈɛːlːa# | *#ʃɾ̩bˈɛːlːə# {GOLD: >*} | *#ʃɾ̩bˈɛːlːə# {GOLD: >*} | *#ʃɾ̩bˈɛlə# {GOLD: >*} | *#ʃəɾbˈɛlə# {GOLD: #ʃɛɾbˈɛlə#}
568    | ... | ... | ... | #sˌortileɡˈiːɑ# | *#sˌʊrtɪlɛɡˈiɑ# | *#sˌurtelɛɡˈijɑ# | *#sˌurtɪlɪɟˈija# | *#ʃˌuɾtɪlɪɟˈija# | *#ʃˌuɾtəlɟˈija# | *#ʃˌuɾtl̩ɟˈiː# {GOLD: #ʃɛrɛɟˈi#} | *#ʃˌuɾtl̩ɟˈiː# {GOLD: >*} | *#ʃuɾtl̩ɟˈi# {GOLD: >*} | *#ʃuɾtəlɟˈi# {GOLD: #ʃɛrəɟi#}
569    | ... | ... | ... | #sˌubmˌɑrˈiːtikɑ# | *#sˌʊβmˌɑrˈitɪkɑ# | *#sˌuβmˌɑrˈitkɑ# | *#sˌumˌarˈitka# | *#ʃˌũməɾˈitka# | *#ʃˌũmbəɾˈitka# | *#ʃˌũmbəɾˈitkə# {GOLD: >*} | *#ʃˌũmbəɾˈitkə# {GOLD: >*} | *#ʃumbɾˈitkə# {GOLD: >*} | *#ʃumbɾˈitkə# {GOLD: #ʃɛmˈəɾkə#}
570    | ... | ... | ... | #sˈae̯kulum# | *#sˈɛkʊlʊ# | *#sˈɛkulu# | *#sˈɛkulu# | *#ʃˈɛkulu# | *#ʃˈɛkulˠə# | *#ʃˈɛkulˠ# {GOLD: >*} | *#ʃˈɛkulˠ# {GOLD: >*} | *#ʃˈɛkulˠ# {GOLD: >*} | *#ʃˈɛkulˠ# {GOLD: #ʃˈɛkulˠ#}
571    | ... | ... | ... | #sˈiɡnum# | *#sˈɪŋnʊ# | *#sˈeŋnu# | *#sˈeŋnu# | *#ʃˈẽŋnu# | *#ʃˈɛ̃ŋə# | *#ʃˈɛ̃ŋɡ# {GOLD: >*} | *#ʃˈɛ̃ɲ̈ɡ# {GOLD: >*} | *#ʃˈɛɲ̈ɡ# {GOLD: >*} | *#ʃˈɛŋɡ# {GOLD: #ʃˈɛŋɡ#}
572    | ... | ... | ... | ... | #sˈɪklɑ# | *#sˈeklɑ# | *#sˈekla# | *#ʃˈekla# | *#ʃˈɛkla# | *#ʃˈɛkʎɛ# {GOLD: #ʃˈɛkʎɛ#} | *#ʃˈɛkʎɛ# {GOLD: >*} | *#ʃˈɛcɛ# {GOLD: >*} | *#ʃˈɛcɛ# {GOLD: #ʃˈɛcɛ#}
573    | ... | ... | ... | #ˌinsˈiɡniɑm# | *#ˌɪnsˈɪɲjɑ# | *#ˌesˈeɲɑ# | *#sˈeɲa# | *#ʃˈẽɲa# | *#ʃˈɛ̃ɲa# | *#ʃˈɛ̃ɲə# {GOLD: >*} | *#ʃˈɛ̃ɲə# {GOLD: >*} | *#ʃˈɛɲə# {GOLD: >*} | *#ʃˈɛɲə# {GOLD: #ʃˈɛɲə#}
574    | ... | ... | ... | #sˈɑːnktum# | *#sˈɑːnktʊ# | *#sˈɑɲtu# | *#sˈaɲtu# | *#ʃˈãɲtu# | *#ʃˈɛ̃ɲtə# | *#ʃˈɛ̃ɲt# {GOLD: #ʃˈɛ̃ɲt#} | *#ʃˈɛ̃ɲt# {GOLD: >*} | *#ʃˈɛɲt# {GOLD: >*} | *#ʃˈɛɲt# {GOLD: #ʃˈɛɲt#}
575    | ... | ... | ... | #sˈessum# | *#sˈɛssʊ# | *#sˈɛssu# | *#sˈɛssu# | *#ʃˈɛːʃu# | *#ʃˈie̯ʃə# | *#ʃˈɛʃ# {GOLD: >*} | *#ʃˈɛʃ# {GOLD: >*} | *#ʃˈɛʃ# {GOLD: >*} | *#ʃˈɛʃ# {GOLD: #ʃˈɛʃ#}
576    | ... | ... | ... | ... | ... | ... | #ʃt͡ʃˈɛtʊkɑ# | *#ʃˈɛtkɑ# | *#ʃˈɛtkɑ# | *#ʃˈɛtkə# {GOLD: >*} | *#ʃˈɛtkə# {GOLD: >*} | *#ʃˈɛtkə# {GOLD: >*} | *#ʃˈɛtkə# {GOLD: #ʃˈɛtkə#}
577    | ... | ... | ... | #sˈɑlikɑ# | *#sˈɑlɪkɑ# | *#sˈɑlekɑ# | *#sˈelɪka# | *#ʃˈelɪka# | *#ʃˈɛːlka# | *#ʃˈɛːʎkə# {GOLD: >*} | *#ʃˈɛːʎkə# {GOLD: >*} | *#ʃˈɛjkə# {GOLD: >*} | *#ʃˈɛjkə# {GOLD: #ʃˈɛlkə#}
578    | ... | ... | ... | #sˈɑlikiae̯# | *#sˈɑlɪkjɛ# | *#sˈɑlekjɛ# | *#sˈelɪcjɛ# | *#ʃˈelɪcjɛ# | *#ʃˈɛːlcjɛ# | *#ʃˈɛːlcɛ# {GOLD: >*} | *#ʃˈɛːlcɛ# {GOLD: >*} | *#ʃˈɛlcɛ# {GOLD: >*} | *#ʃˈɛlcɛ# {GOLD: #ʃˈɛlcɛ#}
579    | ... | ... | ... | ... | #sˈɑlinkiɛ# | *#sˈɑlinkiɛ# | *#sˈelɪncɪɛ# | *#ʃˈelɪ̃ncjɛ# | *#ʃˈɛːlə̃ncjɛ# | *#ʃˈɛːlə̃ɲɟɛ# {GOLD: >*} | *#ʃˈɛːlə̃ɲɟɛ# {GOLD: >*} | *#ʃˈɛləɲɟɛ# {GOLD: >*} | *#ʃˈɛləɲɟɛ# {GOLD: #ʃˈɛlɟɛ#}
580    | ... | ... | ... | ... | ... | ... | #sˈɛlɪt͡ʃɑ# | *#ʃˈɛlɪsɑ# | *#ʃˈɛːləsɑ# | *#ʃˈɛːləsə# {GOLD: >*} | *#ʃˈɛːlsə# {GOLD: >*} | *#ʃˈɛlt͡sə# {GOLD: >*} | *#ʃˈɛlt͡sə# {GOLD: #ʃˈɛlt͡sə#}
581    | ... | ... | ... | #sˈirpum# | *#sˈɪrpʊ# | *#sˈerpu# | *#sˈerpu# | *#ʃˈeɾpu# | *#ʃˈɛːɾpə# | *#ʃˈɛːɾp# {GOLD: >*} | *#ʃˈɛːɾp# {GOLD: >*} | *#ʃˈɛɾp# {GOLD: >*} | *#ʃˈɛɾp# {GOLD: #ʃˈɛɾp#}
582    | ... | ... | ... | #ˌeksˈɑːminɑ# | *#ˌɛsˈɑːmɪnɑ# | *#ˌɛsˈemenɑ# | *#sˈemɑ̃ɾ̃a# | *#ʃˈẽmɐɾ̃a# | *#ʃˈɛ̃mɐɾ̃a# | *#ʃˈɛ̃məɾ̃ə# {GOLD: >*} | *#ʃˈɛ̃məɾ̃# {GOLD: >*} | *#ʃˈɛməɾ# {GOLD: >*} | *#ʃˈɛməɾ# {GOLD: #ʃˈɛmə#}
583    | ... | ... | ... | ... | ... | ... | #sˈɛ̃brʊ# | *#ʃˈẽnbɾə# | *#ʃˈɛ̃nbɾə# | *#ʃˈɛ̃mbɾ̩# {GOLD: >*} | *#ʃˈɛ̃mbɾ̩# {GOLD: >*} | *#ʃˈɛmbɾ̩# {GOLD: >*} | *#ʃˈɛmbəɾ# {GOLD: #ʃˈɛməɾ#}
584    | ... | ... | ... | #ˌeksˈemplum# | *#ˌɛsˈɛmplʊ# | *#ˌɛsˈɛmplu# | *#sˈɛmplu# | *#ʃˈɛ̃mplu# | *#ʃˈɛ̃mblə# | *#ʃˈɛ̃mbulˠ# {GOLD: >*} | *#ʃˈɛ̃mbulˠ# {GOLD: >*} | *#ʃˈɛmbulˠ# {GOLD: >*} | *#ʃˈɛmbulˠ# {GOLD: #ʃˈɛmbulˠ#}
585    | ... | ... | ... | ... | #sˌɑnjˈɑkoβɔ# | *#sˌɑɲˈɑkoβo# | *#sˌaɲˈakoo# | *#ʃˌãɲˈakɔ# | *#ʃˌãɲˈakə# | *#ʃˌʌ̃ɲˈak# {GOLD: >*} | *#ʃˌə̃ɲˈak# {GOLD: >*} | *#ʃəɲˈak# {GOLD: >*} | *#ʃəɲˈak# {GOLD: #ʃijˈak#}
586    | ... | ... | ... | #sˌekʷˈɑːnioː# | *#sˌɛkʷˈɒːnju# | *#sˌɛkʷˈoɲu# | *#sˌɛkˈoɲu# | *#ʃɪkˈɔ̃ɲu# | *#ʃəkˈɔ̃ɲə# | *#ʃəkˈɔ̃ɲ# {GOLD: >*} | *#ʃəkˈɔ̃ɲ# {GOLD: >*} | *#ʃikˈɔɲ# {GOLD: >*} | *#ʃikˈɔj# {GOLD: #ʃikˈɔj#}
587    | ... | ... | ... | #sˌɑɡˈittɑm# | *#sˌɑɡˈɪttɑ# | *#sˌɑɡˈettɑ# | *#sˌaɟˈetta# | *#ʃˌɐɟˈeta# | *#ʃˌɐɟˈɛta# | *#ʃˌəɟˈɛtə# {GOLD: #ʃəɟˈɛtə#} | *#ʃˌəɟˈɛtə# {GOLD: >*} | *#ʃiɟˈɛtə# {GOLD: >*} | *#ʃiɟˈɛtə# {GOLD: #ʃiɟˈɛtə#}
588    | ... | ... | ... | #sˌae̯ttˈɑːnioː# | *#sˌɛttˈɒːnju# | *#sˌɛttˈoɲu# | *#sˌɛttˈoɲu# | *#ʃɪtˈɔ̃ɲu# | *#ʃətˈɔ̃ɲə# | *#ʃətˈɔ̃ɲ# {GOLD: >*} | *#ʃətˈɔ̃ɲ# {GOLD: >*} | *#ʃətˈɔɲ# {GOLD: >*} | *#ʃətˈɔj# {GOLD: #ʃitˈɔj#}
589    | ... | ... | ... | ... | ... | ... | #sˌitˈɒwɑ# | *#ʃˌiːtˈɔvɑ# | *#ʃˌiːtˈɔːvɑ# | *#ʃˌiːtˈɔːvə# {GOLD: >*} | *#ʃˌiːtˈɔːvə# {GOLD: >*} | *#ʃitˈɔvə# {GOLD: >*} | *#ʃitˈɔvə# {GOLD: #ʃitˈɔvə#}
590    | ... | ... | ... | ... | ... | #sˌirˈinɡɑ# | *#sˌirˈinɡa# | *#ʃˌiːɾˈĩnɡa# | *#ʃˌiːɾˈĩnɡa# | *#ʃˌiːɾˈĩŋɡə# {GOLD: >*} | *#ʃˌiːɾˈĩɲ̈ɡə# {GOLD: >*} | *#ʃiɾˈiɲ̈ɡə# {GOLD: >*} | *#ʃiɾˈiŋɡə# {GOLD: #ʃiɾˈiŋɡə#}
591    | ... | ... | ... | #sˈiːk# | *#sˈik# | *#sˈiː# | *#sˈiː# | *#ʃˈiː# | *#ʃˈiː# | *#ʃˈiː# {GOLD: >*} | *#ʃˈiː# {GOLD: >*} | *#ʃˈi# {GOLD: >*} | *#ʃˈi# {GOLD: #ʃˈi#}
592    | ... | ... | ... | #sˈiːnum# | *#sˈinʊ# | *#sˈinu# | *#sˈinu# | *#ʃˈĩnu# | *#ʃˈĩːnə# | *#ʃˈĩː# {GOLD: #ʃˈĩː#} | *#ʃˈĩː# {GOLD: >*} | *#ʃˈi# {GOLD: >*} | *#ʃˈi# {GOLD: #ʃˈi#}
593    | ... | ... | ... | #ˌeksˈiɡnioː# | *#ˌɛsˈɪɲju# | *#ˌɛsˈeɲu# | *#sˈeɲu# | *#ʃˈẽɲu# | *#ʃˈɛ̃ɲə# | *#ʃˈɛ̃ɲ# {GOLD: #ʃˈĩj#} | *#ʃˈɛ̃ɲ# {GOLD: >*} | *#ʃˈɛɲ# {GOLD: >*} | *#ʃˈɛj# {GOLD: #ʃˈij#}
594    | ... | ... | ... | #suˌɑːwˈiliɑ# | *#swˌɑːwˈiʎɑ# | *#swˌɑwˈiʎɑ# | *#sˌawˈiʎa# | *#ʃəˈiːʎa# | *#ʃəˈiːʎa# | *#ʃˈiːʎə# {GOLD: >*} | *#ʃˈiːʎə# {GOLD: >*} | *#ʃˈijə# {GOLD: >*} | *#ʃˈijə# {GOLD: #ʃˈijə#}
595    | ... | ... | ... | #sˈikulɑ# | *#sˈikʊlɑ# | *#sˈikulɑ# | *#sˈikula# | *#ʃˈikula# | *#ʃˈikulˠə# | *#ʃˈikulˠ# {GOLD: >*} | *#ʃˈikulˠ# {GOLD: >*} | *#ʃˈikulˠ# {GOLD: >*} | *#ʃˈikulˠ# {GOLD: #ʃˈikəlˠ#}
596    | ... | ... | ... | #sˈitɑ# | *#sˈɪtɑ# | *#sˈitɑ# | *#sˈita# | *#ʃˈita# | *#ʃˈita# | *#ʃˈitə# {GOLD: >*} | *#ʃˈitə# {GOLD: >*} | *#ʃˈitə# {GOLD: >*} | *#ʃˈitə# {GOLD: #ʃˈitə#}
597    | ... | ... | ... | #sˈentiɑ# | *#sˈɛnt͡ʃjɑ# | *#sˈɛt͡ʃjɑ# | *#sˈit͡ʃa# | *#ʃˈisa# | *#ʃˈiːsa# | *#ʃˈiːsə# {GOLD: >*} | *#ʃˈiːsə# {GOLD: >*} | *#ʃˈisə# {GOLD: >*} | *#ʃˈisə# {GOLD: #ʃˈisə#}
598    | ... | ... | ... | ... | #sˈɛrɡiu# | *#sˈɛrɡiu# | *#sˈirɟɪu# | *#ʃˈiɾɟju# | *#ʃˈiːɾɟjə# | *#ʃˈiːɾɟ# {GOLD: >*} | *#ʃˈiːɾɟ# {GOLD: >*} | *#ʃˈiɾɟ# {GOLD: >*} | *#ʃˈiɾɟ# {GOLD: #ʃˈiɾɟ#}
599    | ... | ... | ... | ... | ... | ... | ... | ... | #ʃˈibʊkɑ# | *#ʃˈipkə# {GOLD: >*} | *#ʃˈipkə# {GOLD: >*} | *#ʃˈipkə# {GOLD: >*} | *#ʃˈipkə# {GOLD: #ʃˈipkə#}
600    | ... | ... | ... | ... | ... | ... | #sˌuːˈɛt͡ʃɪ# | *#ʃˌuːˈɛsɪ# | *#ʃˌuːˈɛːsə# | *#ʃˈɛːs# {GOLD: >*} | *#ʃˈɛːs# {GOLD: >*} | *#ʃˈɛs# {GOLD: >*} | *#ʃˈɛs# {GOLD: #ʃˈye̯t͡s#}
601    | ... | ... | ... | #sˌortˈiːkɑ# | *#sˌʊrtˈikɑ# | *#sˌurtˈikɑ# | *#sˌurtˈika# | *#ʃˌuɾtˈika# | *#ʃˌuɾtˈika# | *#ʃˌuɾtˈikə# {GOLD: >*} | *#ʃˌuɾtˈikə# {GOLD: >*} | *#ʃuɾtˈikə# {GOLD: >*} | *#ʃuɾtˈikə# {GOLD: #ʃɔɾtˈɛkə#}
602    | ... | ... | ... | #sˈokɑ# | *#sˈɒkɑ# | *#sˈokɑ# | *#sˈoka# | *#ʃˈɔka# | *#ʃˈɔka# | *#ʃˈɔkə# {GOLD: >*} | *#ʃˈɔkə# {GOLD: >*} | *#ʃˈɔkə# {GOLD: >*} | *#ʃˈɔkə# {GOLD: #ʃˈɔkə#}
603    | ... | ... | ... | #sˈolɑ# | *#sˈɒlɑ# | *#sˈolɑ# | *#sˈola# | *#ʃˈɔla# | *#ʃˈɔːlˠa# | *#ʃˈɔːlˠə# {GOLD: >*} | *#ʃˈɔːlˠə# {GOLD: >*} | *#ʃˈɔlˠə# {GOLD: >*} | *#ʃˈɔlˠə# {GOLD: #ʃˈɔlˠə#}
604    | ... | ... | ... | #sˈokium# | *#sˈɒkjʊ# | *#sˈokju# | *#sˈocju# | *#ʃˈɔcju# | *#ʃˈɔcjə# | *#ʃˈɔc# {GOLD: >*} | *#ʃˈɔc# {GOLD: >*} | *#ʃˈɔc# {GOLD: >*} | *#ʃˈɔc# {GOLD: #ʃˈɔc#}
605    | ... | ... | ... | #sˈokiɑ# | *#sˈɒkjɑ# | *#sˈokjɑ# | *#sˈocja# | *#ʃˈɔcja# | *#ʃˈɔcja# | *#ʃˈɔcɛ# {GOLD: >*} | *#ʃˈɔcɛ# {GOLD: >*} | *#ʃˈɔcɛ# {GOLD: >*} | *#ʃˈɔcɛ# {GOLD: #ʃˈɔcɛ#}
606    | ... | ... | #sˈaːsis# | *#sˈɒːsiːs# | *#sˈɒːsi# | *#sˈosi# | *#sˈosɪ# | *#ʃˈɔʃɪ# | *#ʃˈɔːʃə# | *#ʃˈɔːʃ# {GOLD: #ʃˈɔʃ#} | *#ʃˈɔːʃ# {GOLD: >*} | *#ʃˈɔʃ# {GOLD: >*} | *#ʃˈɔʃ# {GOLD: #ʃˈɔʃ#}
607    | ... | ... | ... | #sˈortem# | *#sˈɒrtɛ# | *#sˈortɛ# | *#sˈortɪ# | *#ʃˈɔɾtɪ# | *#ʃˈɔːɾtə# | *#ʃˈɔːɾt# {GOLD: >*} | *#ʃˈɔːɾt# {GOLD: >*} | *#ʃˈɔɾt# {GOLD: >*} | *#ʃˈɔɾt# {GOLD: #ʃˈɔɾt#}
608    | ... | ... | ... | ... | ... | ... | #sˈɒpʊ# | *#ʃˈɒpə# | *#ʃˈɒpə# | *#ʃˈɔp# {GOLD: >*} | *#ʃˈɔp# {GOLD: >*} | *#ʃˈɔp# {GOLD: >*} | *#ʃˈɔp# {GOLD: #ʃˈɔp#}
609    | ... | ... | ... | #ˌekskˌɑwdikˈɑːnioː# | *#ˌɛskˌɑwdɪkˈɒːnju# | *#ˌɛskˌɑwdekˈoɲu# | *#skˌawðɪkˈoɲu# | *#ʃkˌaːðɪkˈɔ̃ɲu# | *#ʃkˌaːɡˈɔ̃ɲə# | *#ʃkˌaːɡˈɔ̃ɲ# {GOLD: >*} | *#ʃkˌaːɡˈɔ̃ɲ# {GOLD: >*} | *#ʃkaɡˈɔɲ# {GOLD: >*} | *#ʃkaɡˈɔj# {GOLD: #ʃkaɡˈɔj#}
610    | ... | ... | ... | #ˌekskˌɑlˈɑːnioː# | *#ˌɛskˌɑlˈɒːnju# | *#ˌɛskˌɑlˈoɲu# | *#skˌalˈoɲu# | *#ʃkˌalˠˈɔ̃ɲu# | *#ʃkˌalˠˈɔ̃ɲə# | *#ʃkˌalˠˈɔ̃ɲ# {GOLD: >*} | *#ʃkˌalˠˈɔ̃ɲ# {GOLD: >*} | *#ʃkalˠˈɔɲ# {GOLD: >*} | *#ʃkalˠˈɔj# {GOLD: #ʃkalˠˈɔj#}
611    | ... | ... | ... | #ˌekskˌɑtʰedrˈɑːnioː# | *#ˌɛskˌɑtʰɛdrˈɒːnju# | *#ˌɛskˌɑtɛdrˈoɲu# | *#skˌatɪrrˈoɲu# | *#ʃkˌatɪɾɾˈɔ̃ɲu# | *#ʃkˌatərːˈɔ̃ɲə# | *#ʃkˌatərˈɔ̃ɲ# {GOLD: >*} | *#ʃkˌatərˈɔ̃ɲ# {GOLD: >*} | *#ʃkatərˈɔɲ# {GOLD: >*} | *#ʃkatərˈɔj# {GOLD: #ʃkatərˈɔj#}
612    | ... | ... | ... | #dˌiskˌɑbɑllikˈɑːnioː# | *#dˌɪskˌɑβɑllɪkˈɒːnju# | *#dˌiskˌɑβɑlːekˈoɲu# | *#dˌiskˌawalːɪkˈoɲu# | *#dɪʃkəˌaːlːɪkˈɔ̃ɲu# | *#dəʃkəˌaːlːəkˈɔ̃ɲə# | *#ʃkˌalːəkˈɔ̃ɲ# {GOLD: >*} | *#ʃkˌalːkˈɔ̃ɲ# {GOLD: >*} | *#ʃkalkˈɔɲ# {GOLD: >*} | *#ʃkalkˈɔj# {GOLD: #ʃkalkˈɔj#}
613    | ... | ... | ... | #ˌekskˌɑbɑllikˈɑːnioː# | *#ˌɛskˌɑβɑllɪkˈɒːnju# | *#ˌɛskˌɑβɑlːekˈoɲu# | *#skˌawalːɪkˈoɲu# | *#ʃkəˌaːlːɪkˈɔ̃ɲu# | *#ʃkəˌaːlːəkˈɔ̃ɲə# | *#ʃkˌalːəkˈɔ̃ɲ# {GOLD: >*} | *#ʃkˌalːkˈɔ̃ɲ# {GOLD: >*} | *#ʃkalkˈɔɲ# {GOLD: >*} | *#ʃkalkˈɔj# {GOLD: #ʃkalkˈɔj#}
614    | ... | ... | ... | #dˌiskˌɑrrikˈɑːnioː# | *#dˌɪskˌɑrrɪkˈɒːnju# | *#dˌiskˌɑrrkˈoɲu# | *#dˌiskˌarkˈoɲu# | *#dɪʃkˌaɾkˈɔ̃ɲu# | *#dəʃkˌaɾkˈɔ̃ɲə# | *#ʃkˌaɾkˈɔ̃ɲ# {GOLD: >*} | *#ʃkˌaɾkˈɔ̃ɲ# {GOLD: >*} | *#ʃkaɾkˈɔɲ# {GOLD: >*} | *#ʃkaɾkˈɔj# {GOLD: #ʃkaɾkˈɔj#}
615    | ... | ... | ... | #ˌekskˌɑrptˈɑːnioː# | *#ˌɛskˌɑrptˈɒːnju# | *#ˌɛskˌɑrptˈoɲu# | *#skˌartˈoɲu# | *#ʃkˌaɾtˈɔ̃ɲu# | *#ʃkˌaɾtˈɔ̃ɲə# | *#ʃkˌaɾtˈɔ̃ɲ# {GOLD: >*} | *#ʃkˌaɾtˈɔ̃ɲ# {GOLD: >*} | *#ʃkaɾtˈɔɲ# {GOLD: >*} | *#ʃkaɾtˈɔj# {GOLD: #ʃkaɾtˈɔj#}
616    | ... | ... | ... | #ˌekskˌɑrdiˈɑːnioː# | *#ˌɛskˌɑrd͡ʒjˈɒːnju# | *#ˌɛskˌɑrd͡ʒjˈoɲu# | *#skˌard͡ʒˈøɲu# | *#ʃkˌaɾzˈœ̃ɲu# | *#ʃkˌaɾzˈɛ̃ɲə# | *#ʃkˌaɾzˈɛ̃ɲ# {GOLD: >*} | *#ʃkˌaɾzˈɛ̃ɲ# {GOLD: >*} | *#ʃkaɾzˈɛɲ# {GOLD: >*} | *#ʃkaɾzˈɛj# {GOLD: #ʃkaɾzˈɛj#}
617    | ... | ... | ... | #skˈɑːlɑː# | *#skˈɑːlɑː# | *#skˈɑlɑ# | *#skˈala# | *#ʃkˈala# | *#ʃkˈaːlˠa# | *#ʃkˈaːlˠə# {GOLD: >*} | *#ʃkˈaːlˠə# {GOLD: >*} | *#ʃkˈalˠə# {GOLD: >*} | *#ʃkˈalˠə# {GOLD: #ʃkˈalˠə#}
618    | ... | ... | #skˈalmaːn# | *#skˈɑlmɑn# | *#skˈɑlmɑ# | *#skˈɑlmɑ# | *#skˈalma# | *#ʃkˈalˠma# | *#ʃkˈaːlˠma# | *#ʃkˈaːlˠmə# {GOLD: >*} | *#ʃkˈaːlˠmə# {GOLD: >*} | *#ʃkˈalˠmə# {GOLD: >*} | *#ʃkˈalˠmə# {GOLD: #ʃkˈalˠmə#}
619    | ... | ... | ... | #skʷˈɑːtum# | *#skʷˈɑːtʊ# | *#skʷˈɑtu# | *#skˈatu# | *#ʃkˈatu# | *#ʃkˈatə# | *#ʃkˈat# {GOLD: >*} | *#ʃkˈat# {GOLD: >*} | *#ʃkˈat# {GOLD: >*} | *#ʃkˈat# {GOLD: #ʃkˈat#}
620    | ... | ... | ... | #skˈɑndulum# | *#skˈɑndʊlʊ# | *#skˈɑndulu# | *#skˈandulu# | *#ʃkˈãndulu# | *#ʃkˈandulˠə# | *#ʃkˈandulˠ# {GOLD: >*} | *#ʃkˈandulˠ# {GOLD: >*} | *#ʃkˈandulˠ# {GOLD: >*} | *#ʃkˈandulˠ# {GOLD: #ʃkˈandulˠ#}
621    | ... | ... | #skˈaripʰa# | *#skˈɑrəpʰɑ# | *#skˈɑrəpʰɑ# | *#skˈɑrəpɑ# | *#skˈarəpa# | *#ʃkˈaɾəpa# | *#ʃkˈaːɾpa# | *#ʃkˈaːɾpə# {GOLD: >*} | *#ʃkˈaːɾpə# {GOLD: >*} | *#ʃkˈaɾpə# {GOLD: >*} | *#ʃkˈaɾpə# {GOLD: #ʃkˈaɾpə#}
622    | ... | ... | ... | #skˈɑmnum# | *#skˈɑmnʊ# | *#skˈɑmnu# | *#skˈamnu# | *#ʃkˈãmnu# | *#ʃkˈamə# | *#ʃkˈam# {GOLD: #ʃkˈɑ̃mn#} | *#ʃkˈam# {GOLD: >*} | *#ʃkˈam# {GOLD: >*} | *#ʃkˈam# {GOLD: #ʃkˈam#}
623    | ... | ... | ... | #ˌekskˌɑndˈeːnioː# | *#ˌɛskˌɑndˈeːnju# | *#ˌɛskˌɑndˈeɲu# | *#skˌandˈeɲu# | *#ʃkˌãndˈẽɲu# | *#ʃkˌãndˈɛ̃ɲə# | *#ʃkˌʌ̃ndˈɛ̃ɲ# {GOLD: >*} | *#ʃkˌə̃ndˈɛ̃ɲ# {GOLD: >*} | *#ʃkəndˈɛɲ# {GOLD: >*} | *#ʃkəndˈɛj# {GOLD: #ʃkəndˈɛj#}
624    | ... | ... | ... | #skˌintˈiliɑ# | *#skˌɪntˈiʎɑ# | *#skˌentˈiʎɑ# | *#scˌentˈiʎa# | *#ʃcˌẽntˈiʎa# | *#ʃcˌə̃ndˈiːʎa# | *#ʃcˌə̃ndˈiːʎə# {GOLD: #ʃkn̩dˈiʎə#} | *#ʃcˌə̃ndˈiːʎə# {GOLD: >*} | *#ʃcəndˈijə# {GOLD: >*} | *#ʃcəndˈijə# {GOLD: #ʃkəndˈijə#}
625    | ... | ... | ... | ... | ... | ... | #skˌɒwɒrdˈɪt͡sɪ# | *#ʃkˌɔːə̯ɾðˈɪt͡sɪ# | *#ʃkˌuːo̯ɾðˈɛːt͡sə# | *#ʃkˌuːɾðˈɛːt͡s# {GOLD: >*} | *#ʃkˌuːɾðˈɛːt͡s# {GOLD: >*} | *#ʃkuɾðˈɛt͡s# {GOLD: >*} | *#ʃkuɾðˈɛt͡s# {GOLD: #ʃkəɾðˈɛt͡s#}
626    | ... | ... | ... | #ˌekskˌɑmbiˈɑːnioː# | *#ˌɛskˌɑmbjˈɒːnju# | *#ˌɛskˌɑmbˈojɲu# | *#skˌambˈojɲu# | *#ʃkˌãmbˈɔj̃ɲu# | *#ʃkˌãmbˈɛ̃ɲə# | *#ʃkˌʌ̃mbˈɛ̃ɲ# {GOLD: >*} | *#ʃkˌə̃mbˈɛ̃ɲ# {GOLD: >*} | *#ʃkəmbˈɛɲ# {GOLD: >*} | *#ʃkəmbˈɛj# {GOLD: #ʃkəmbˈɛj#}
627    | ... | ... | #skˈɑmnon# | *#skˈɑmbon# | *#skˈɑmbʊ# | *#skˈɑmbu# | *#skˈambu# | *#ʃkˈãmbu# | *#ʃkˈãmbə# | *#ʃkˈʌ̃mb# {GOLD: >*} | *#ʃkˈə̃mb# {GOLD: >*} | *#ʃkˈəmb# {GOLD: >*} | *#ʃkˈəmb# {GOLD: #ʃkˈəmb#}
628    | ... | ... | ... | ... | ... | ... | #skiˈɛntt͡sa# | *#ʃcjˈɛ̃nt͡sa# | *#ʃcjˈɛ̃nd͡za# | *#ʃcˈɛ̃nd͡zə# {GOLD: >*} | *#ʃcˈɛ̃nd͡zə# {GOLD: >*} | *#ʃcˈɛnd͡zə# {GOLD: >*} | *#ʃcˈɛnd͡zə# {GOLD: #ʃkˈɛnt͡sə#}
629    | ... | ... | ... | ... | ... | #skˌɔpˈetu# | *#skˌɔpˈetu# | *#ʃkˌɔːpˈetu# | *#ʃkˌɔːpˈɛtə# | *#ʃkˌɔːpˈɛt# {GOLD: >*} | *#ʃkˌɔːpˈɛt# {GOLD: >*} | *#ʃkɔpˈɛt# {GOLD: >*} | *#ʃkɔpˈɛt# {GOLD: #ʃkɔpˈɛt#}
630    | ... | ... | ... | ... | ... | ... | #skˌɒpˈitɪ# | *#ʃkˌɒːpˈitɪ# | *#ʃkˌɒːpˈitə# | *#ʃkˌɔːpˈit# {GOLD: >*} | *#ʃkˌɔːpˈit# {GOLD: >*} | *#ʃkɔpˈit# {GOLD: >*} | *#ʃkɔpˈit# {GOLD: #ʃkɔpˈit#}
631    | ... | ... | ... | #skʰˈolɑ# | *#skʰˈɒlɑ# | *#skˈolɑ# | *#skˈola# | *#ʃkˈɔla# | *#ʃkˈɔːlˠa# | *#ʃkˈɔːlˠə# {GOLD: >*} | *#ʃkˈɔːlˠə# {GOLD: #ʃkˈɔlˠə#} | *#ʃkˈɔlˠə# {GOLD: >*} | *#ʃkˈɔlˠə# {GOLD: #ʃkˈɔlˠə#}
632    | ... | ... | ... | #skˈodrɑ# | *#skˈɒdrɑ# | *#skˈodrɑ# | *#skˈodra# | *#ʃkˈɔdɾa# | *#ʃkˈɔdɾa# | *#ʃkˈɔdɾ̩# {GOLD: #ʃkˈɔdɾ̩#} | *#ʃkˈɔdɾ̩# {GOLD: >*} | *#ʃkˈɔdɾ̩# {GOLD: >*} | *#ʃkˈɔdəɾ# {GOLD: #ʃkˈɔdəɾ#}
633    | ... | ... | ... | #skˈorteɑ# | *#skˈɒrt͡ʃjɑ# | *#skˈort͡ʃjɑ# | *#skˈort͡ʃa# | *#ʃkˈɔɾsa# | *#ʃkˈɔːɾsa# | *#ʃkˈɔːɾsə# {GOLD: >*} | *#ʃkˈɔːɾsə# {GOLD: >*} | *#ʃkˈɔɾsə# {GOLD: >*} | *#ʃkˈɔɾsə# {GOLD: #ʃkˈɔɾsə#}
634    | ... | ... | #skˈaːpon# | *#skˈɒːpon# | *#skˈɒːpʊ# | *#skˈopu# | *#skˈopu# | *#ʃkˈɔpu# | *#ʃkˈɔpə# | *#ʃkˈɔp# {GOLD: >*} | *#ʃkˈɔp# {GOLD: >*} | *#ʃkˈɔp# {GOLD: >*} | *#ʃkˈɔp# {GOLD: #ʃkˈɔp#}
635    | ... | ... | ... | #ˌekskˌurtˈɑːnioː# | *#ˌɛskˌʊrtˈɒːnju# | *#ˌɛskˌurtˈoɲu# | *#skˌurtˈoɲu# | *#ʃkˌuːɾtˈɔ̃ɲu# | *#ʃkˌuːɾtˈɔ̃ɲə# | *#ʃkˌuːɾtˈɔ̃ɲ# {GOLD: >*} | *#ʃkˌuːɾtˈɔ̃ɲ# {GOLD: >*} | *#ʃkuɾtˈɔɲ# {GOLD: >*} | *#ʃkuɾtˈɔj# {GOLD: #ʃkuɾtˈɔj#}
636    | ... | ... | #skˌampˈiːnon# | *#skɐmpˈiːnon# | *#skɐmpˈinʊ# | *#skɐmpˈinu# | *#skɐmpˈinu# | *#ʃkə̃mpˈĩnu# | *#ʃkə̃mbˈĩːnːə# | *#ʃkə̃mbˈĩːnː# {GOLD: #ʃkumbˈĩːn#} | *#ʃkə̃mbˈĩːn# {GOLD: >*} | *#ʃkəmbˈin# {GOLD: >*} | *#ʃkəmbˈin# {GOLD: #ʃkumbˈin#}
637    | ... | ... | ... | #ˌekskˈubuloː# | *#ˌɛskˈʊβʊlu# | *#ˌɛskˈuβulu# | *#skˈuulu# | *#ʃkˈulu# | *#ʃkˈuːlˠə# | *#ʃkˈuːlˠ# {GOLD: >*} | *#ʃkˈuːlˠ# {GOLD: #ʃkˈuːl#} | *#ʃkˈulˠ# {GOLD: >*} | *#ʃkˈulˠ# {GOLD: #ʃkˈul#}
638    | ... | ... | ... | #skˈulkɑm# | *#skˈʊlkɑ# | *#skˈulkɑ# | *#skˈulka# | *#ʃkˈulka# | *#ʃkˈuːlka# | *#ʃkˈuːlkə# {GOLD: #ʃkˈuʎkə#} | *#ʃkˈuːlkə# {GOLD: >*} | *#ʃkˈulkə# {GOLD: >*} | *#ʃkˈulkə# {GOLD: #ʃkˈulkə#}
639    | ... | ... | ... | #ˌekskˈurtum# | *#ˌɛskˈʊrtʊ# | *#ˌɛskˈurtu# | *#skˈurtu# | *#ʃkˈuɾtu# | *#ʃkˈuːɾtə# | *#ʃkˈuːɾt# {GOLD: >*} | *#ʃkˈuːɾt# {GOLD: >*} | *#ʃkˈuɾt# {GOLD: >*} | *#ʃkˈuɾt# {GOLD: #ʃkˈuɾt#}
640    | ... | ... | ... | #skˈumɑ# | *#skˈʊmɑ# | *#skˈumɑ# | *#skˈuma# | *#ʃkˈũma# | *#ʃkˈũma# | *#ʃkˈũmə# {GOLD: >*} | *#ʃkˈũmə# {GOLD: >*} | *#ʃkˈumə# {GOLD: >*} | *#ʃkˈumə# {GOLD: #ʃkˈumə#}
641    | ... | ... | ... | ... | ... | ... | #skrˈɑpi# | *#ʃkɾˈɑpi# | *#ʃkɾˈɑpə# | *#ʃkɾˈap# {GOLD: >*} | *#ʃkɾˈap# {GOLD: >*} | *#ʃkɾˈap# {GOLD: >*} | *#ʃkɾˈap# {GOLD: #ʃkɾˈap#}
642    | ... | ... | ... | #sˌekrˈeːtum# | *#sˌɛkrˈeːtʊ# | *#sˌɛkrˈetu# | *#sˌɛkrˈetu# | *#ʃɪkɾˈetu# | *#ʃkɾˈɛtə# | *#ʃkɾˈɛt# {GOLD: >*} | *#ʃkɾˈɛt# {GOLD: >*} | *#ʃkɾˈɛt# {GOLD: >*} | *#ʃkɾˈɛt# {GOLD: #ʃkɾˈɛt#}
643    | ... | ... | ... | #skrˌiːbˈonioː# | *#skrˌiβˈɒnju# | *#skrˈiβoɲu# | *#skrˈiwoɲu# | *#ʃkɾˈuə̯̃ɲu# | *#ʃkɾˈuõ̯ɲə# | *#ʃkɾˈuõ̯ɲ# {GOLD: #ʃkɾˈuo̯j#} | *#ʃkɾˈuã̯ɲ# {GOLD: >*} | *#ʃkɾˈua̯ɲ# {GOLD: >*} | *#ʃkɾˈua̯j# {GOLD: #ʃkɾˈua̯j#}
644    | ... | ... | ... | #sˌuktˈɑːnioː# | *#sˌʊktˈɒːnju# | *#sˌuçtˈoɲu# | *#sˌujtˈoɲu# | *#ʃˌujtˈɔ̃ɲu# | *#ʃˌujtˈɔ̃ɲə# | *#ʃˌujtˈɔ̃ɲ# {GOLD: >*} | *#ʃˌujtˈɔ̃ɲ# {GOLD: >*} | *#ʃujtˈɔɲ# {GOLD: >*} | *#ʃujtˈɔj# {GOLD: #ʃujtˈɔj#}
645    | ... | ... | ... | #ˌeksˌunɡulˈɑːnioː# | *#ˌɛsˌʊŋɡʊlˈɒːnju# | *#ˌɛsˌuŋɡulˈoɲu# | *#sˌuŋɡulˈoɲu# | *#ʃˌũŋɡulˈɔ̃ɲu# | *#ʃˌũŋɡulˠˈɔ̃ɲə# | *#ʃˌũŋɡulˠˈɔ̃ɲ# {GOLD: >*} | *#ʃˌũɲ̈ɡulˠˈɔ̃ɲ# {GOLD: >*} | *#ʃuɲ̈ɡulˠˈɔɲ# {GOLD: >*} | *#ʃuŋɡulˠˈɔj# {GOLD: #ʃuŋɡulˠˈɔj#}
646    | ... | ... | ... | #sˌublˈɑːtɑ# | *#sˌʊβlˈɑːtɑ# | *#sˌuβlˈɑtɑ# | *#sˌulˈata# | *#ʃˌulˈata# | *#ʃˌulˠˈata# | *#ʃˌulˠˈatə# {GOLD: >*} | *#ʃˌulˠˈatə# {GOLD: >*} | *#ʃulˠˈatə# {GOLD: >*} | *#ʃulˠˈatə# {GOLD: #ʃulˠˈatə#}
647    | ... | ... | ... | ... | ... | ... | #sˌuʃˈit͡sɑ# | *#ʃˌuʃˈit͡sɑ# | *#ʃˌuʃˈiːt͡sɑ# | *#ʃˌuʃˈiːt͡sə# {GOLD: #ʃˌuʃˈit͡sə#} | *#ʃˌuʃˈiːt͡sə# {GOLD: >*} | *#ʃuʃˈit͡sə# {GOLD: >*} | *#ʃuʃˈit͡sə# {GOLD: #ʃuʃˈit͡sə#}
648    | ... | ... | ... | #sˌɑnɡʷisˈunɡiɑ# | *#sˌʊɲɪsˈʊɲjɑ# | *#sˌuɲsˈuɲɑ# | *#sˌuɲsˈuɲa# | *#ʃˌũɲʃˈũɲa# | *#ʃˌũʃˈũɲa# | *#ʃˌũʃˈũɲə# {GOLD: #ʃn̩ʃˈũɲə#} | *#ʃˌũʃˈũɲə# {GOLD: >*} | *#ʃuʃˈuɲə# {GOLD: >*} | *#ʃuʃˈuɲə# {GOLD: #ʃuʃˈuɲə#}
649    | ... | ... | ... | #sˌubterrˌɑːnˈiːɑ# | *#sˌʊbtɛrrˌɑːnˈiɑ# | *#sˌubtɛrrˌɑnˈijɑ# | *#sˌubtɪrrˌanˈija# | *#ʃˌuðtɪɾɾə̃ɾ̃ˈija# | *#ʃˌuːtərːˈija# | *#ʃˌuːtərˈiː# {GOLD: >*} | *#ʃˌuːtərˈiː# {GOLD: >*} | *#ʃutərˈi# {GOLD: >*} | *#ʃutərˈi# {GOLD: #ʃutərˈi#}
650    | ... | ... | ... | #sˌubrˌɑwkˈɑːnioː# | *#sˌʊβrˌɑwkˈɒːnju# | *#sˌuβrˌɑwkˈoɲu# | *#sˌurˌawkˈoɲu# | *#ʃˌuɾˌaːkˈɔ̃ɲu# | *#ʃˌuɾˌuːkˈɔ̃ɲə# | *#ʃˌuɾˌuːkˈɔ̃ɲ# {GOLD: >*} | *#ʃˌuɾˌuːkˈɔ̃ɲ# {GOLD: >*} | *#ʃuɾukˈɔɲ# {GOLD: >*} | *#ʃuɾukˈɔj# {GOLD: #ʃuɾukˈɔj#}
651    | ... | ... | ... | #sˌuperkˌɑdˈɑːlem# | *#sˌʊpɛrkˌɑdˈɑːlɛ# | *#sˌupɛrkˌɑdˈɑlɛ# | *#sˌupɪrkˌaðˈelɪ# | *#ʃˌupɪɾkəˈeːlɪ# | *#ʃˌupəɾkəˈɛːlə# | *#ʃˌuɾkˈɛːl# {GOLD: >*} | *#ʃˌuɾkˈɛːl# {GOLD: >*} | *#ʃuɾkˈɛl# {GOLD: >*} | *#ʃuɾcˈɛl# {GOLD: #ʃuɾcˈɛl#}
652    | ... | ... | ... | ... | ... | ... | #sˌɯpʎˈɑkɑ# | *#ʃˌɯpʎˈɑkɑ# | *#ʃˌuplˈɑkɑ# | *#ʃˌuplˈakə# {GOLD: >*} | *#ʃˌuplˈakə# {GOLD: >*} | *#ʃuplˈakə# {GOLD: >*} | *#ʃuplˈakə# {GOLD: #ʃuplˈakə#}
653    | ... | ... | ... | #sˌeːdˈɑːnioː# | *#sˌeːdˈɒːnju# | *#sˌedˈoɲu# | *#sˌeðˈoɲu# | *#ʃəˈɔ̃ːɲu# | *#ʃəˈũo̯ɲə# | *#ʃˈũːo̯ɲ# {GOLD: #ʃˈuo̯j#} | *#ʃˈũːa̯ɲ# {GOLD: >*} | *#ʃˈua̯ɲ# {GOLD: >*} | *#ʃˈua̯j# {GOLD: #ʃˈua̯j#}
654    | ... | ... | ... | #sˈolum# | *#sˈɒlʊ# | *#sˈolu# | *#sˈolu# | *#ʃˈɔlu# | *#ʃˈuo̯lˠə# | *#ʃˈuo̯lˠ# {GOLD: >*} | *#ʃˈua̯lˠ# {GOLD: >*} | *#ʃˈua̯lˠ# {GOLD: >*} | *#ʃˈua̯lˠ# {GOLD: #ʃˈua̯lˠ#}
655    | ... | ... | ... | #sˈuktɑ# | *#sˈʊktɑ# | *#sˈuçtɑ# | *#sˈujta# | *#ʃˈujta# | *#ʃˈujta# | *#ʃˈujtə# {GOLD: >*} | *#ʃˈujtə# {GOLD: >*} | *#ʃˈujtə# {GOLD: >*} | *#ʃˈujtə# {GOLD: #ʃˈujtə#}
656    | ... | ... | ... | #sˌoːlˈɑːnum# | *#sˌulˈɑːnʊ# | *#sˌulˈɑnu# | *#sˌulˈanu# | *#ʃˌulˈãɾ̃u# | *#ʃˌulˠˈãɾ̃ə# | *#ʃˌulˠˈʌ̃# {GOLD: #ʃulˠˈɑ̃#} | *#ʃˌulˠˈə̃# {GOLD: >*} | *#ʃˈulˠə# {GOLD: >*} | *#ʃˈulˠə# {GOLD: #ʃˈulˠə#}
657    | ... | ... | ... | ... | ... | ... | #sˈʊlʊɑ# | *#ʃˈʊlɑ# | *#ʃˈɔːʷlˠɑ# | *#ʃˈulˠə# {GOLD: >*} | *#ʃˈulˠə# {GOLD: >*} | *#ʃˈulˠə# {GOLD: >*} | *#ʃˈulˠə# {GOLD: #ʃˈulˠə#}
658    | ... | ... | ... | #ˌeksˈossum# | *#ˌɛsˈʊssʊ# | *#ˌɛsˈussu# | *#sˈussu# | *#ʃˈuʃu# | *#ʃˈuːʃə# | *#ʃˈuːʃ# {GOLD: >*} | *#ʃˈuːʃ# {GOLD: >*} | *#ʃˈuʃ# {GOLD: >*} | *#ʃˈuʃ# {GOLD: #ʃˈuʃ#}
659    | ... | ... | ... | ... | ... | ... | ... | ... | #ʃˈulɪ# | *#ʃˈul# {GOLD: >*} | *#ʃˈul# {GOLD: >*} | *#ʃˈul# {GOLD: >*} | *#ʃˈul# {GOLD: #ʃˈul#}
660    | ... | ... | ... | #sˈurdum# | *#sˈʊrdʊ# | *#sˈurdu# | *#sˈurðu# | *#ʃˈuɾðu# | *#ʃˈuːɾðə# | *#ʃˈuːɾð# {GOLD: >*} | *#ʃˈuːɾð# {GOLD: >*} | *#ʃˈuɾð# {GOLD: >*} | *#ʃˈuɾð# {GOLD: #ʃˈuɾð#}
661    | ... | ... | ... | #sˈorbɑ# | *#sˈɒrbɑ# | *#sˈorbɑ# | *#sˈorba# | *#ʃˈɔɾba# | *#ʃˈɔːɾba# | *#ʃˈɔːɾbə# {GOLD: >*} | *#ʃˈɔːɾbə# {GOLD: #ʃˈuɾbə#} | *#ʃˈɔɾbə# {GOLD: >*} | *#ʃˈɔɾbə# {GOLD: #ʃˈuɾbə#}
662    | ... | ... | ... | #sˈummɑm# | *#sˈʊmmɑ# | *#sˈummɑ# | *#sˈumma# | *#ʃˈũmma# | *#ʃˈũmːa# | *#ʃˈũmːə# {GOLD: #ʃˈũmə#} | *#ʃˈũmə# {GOLD: >*} | *#ʃˈumə# {GOLD: >*} | *#ʃˈumə# {GOLD: #ʃˈumə#}
663    | ... | ... | ... | ... | #slˈɑwu# | *#slˈɑwu# | *#slˈawu# | *#ʃlˈaː# | *#ʃlˈaː# | *#ʃkʎˈaː# {GOLD: #ʃkʎˈaː#} | *#ʃkʎˈaː# {GOLD: >*} | *#ʃcˈa# {GOLD: >*} | *#ʃcˈa# {GOLD: #ʃcˈa#}
664    | ... | ... | ... | #ˌeksklˈoːppum# | *#ˌɛsklˈoːppʊ# | *#ˌɛsklˈøppu# | *#sklˈøppu# | *#ʃklˈœpu# | *#ʃklˈɛpə# | *#ʃkʎˈɛp# {GOLD: >*} | *#ʃkʎˈɛp# {GOLD: >*} | *#ʃcˈɛp# {GOLD: >*} | *#ʃcˈɛp# {GOLD: #ʃcˈɛp#}
665    | ... | ... | ... | #skˈɑmni# | *#skˈɑmnɪ# | *#skˈemnɪ# | *#scˈemnɪ# | *#ʃcˈẽmnɪ# | *#ʃcˈɛ̃mːə# | *#ʃcˈɛ̃mː# {GOLD: #ʃcˈẽmn#} | *#ʃcˈɛ̃m# {GOLD: >*} | *#ʃcˈɛm# {GOLD: >*} | *#ʃcˈɛm# {GOLD: #ʃcˈɛm#}
666    | ... | ... | #skʰˈiːnton# | *#skʰˈiːnton# | *#skʰˈintʊ# | *#skˈintu# | *#scˈintu# | *#ʃcˈĩntu# | *#ʃcˈĩndə# | *#ʃcˈĩnd# {GOLD: >*} | *#ʃcˈĩnd# {GOLD: >*} | *#ʃcˈind# {GOLD: >*} | *#ʃcˈind# {GOLD: #ʃcˈind#}
667    | ... | ... | ... | #ˌekskˈipiː# | *#ˌɛskˈipi# | *#ˌɛskˈipi# | *#scˈipɪ# | *#ʃcˈipɪ# | *#ʃcˈipə# | *#ʃcˈip# {GOLD: >*} | *#ʃcˈip# {GOLD: >*} | *#ʃcˈip# {GOLD: >*} | *#ʃcˈip# {GOLD: #ʃcˈip#}
668    | ... | ... | ... | #dˌiskʷˌiritˈɑːnioː# | *#dˌɪskʷˌɪrɪtˈɒːnju# | *#dˌiskʷˌyrtˈoɲu# | *#dˌiskˌyrtˈoɲu# | *#dɪʃcˌyːɾtˈɔ̃ɲu# | *#dəʃcˌyːɾtˈɔ̃ɲə# | *#ʃcˌyːɾtˈɔ̃ɲ# {GOLD: #t͡ʃcyɾətˈɔ̃ɲ#} | *#ʃcˌyːɾtˈɔ̃ɲ# {GOLD: >*} | *#ʃcyɾtˈɔɲ# {GOLD: >*} | *#ʃcyɾtˈɔj# {GOLD: #ʃcyɾtˈɔj#}
669    | ... | ... | ... | ... | ... | ... | #slˈɒtɑ# | *#ʃlˈɒtɑ# | *#ʃlˈɒtɑ# | *#ʃkʎˈɔtə# {GOLD: >*} | *#ʃkʎˈɔtə# {GOLD: >*} | *#ʃcˈɔtə# {GOLD: >*} | *#ʃcˈɔtə# {GOLD: #ʃcˈɔtə#}
670    | ... | ... | ... | #skˈoːpɑ# | *#skˈoːpɑ# | *#skˈøpɑ# | *#scˈøpa# | *#ʃcˈœpa# | *#ʃcˈɔpa# | *#ʃcˈɔpə# {GOLD: >*} | *#ʃcˈɔpə# {GOLD: >*} | *#ʃcˈɔpə# {GOLD: >*} | *#ʃcˈɔpə# {GOLD: #ʃcˈɔpə#}
671    | ... | ... | ... | #stˈɑbulɑ# | *#stˈɑβʊlɑ# | *#stˈɑβulɑ# | *#stˈawula# | *#ʃtˈaːla# | *#ʃtˈaːlˠa# | *#ʃtˈaːlˠə# {GOLD: >*} | *#ʃtˈaːlˠə# {GOLD: #ʃtˈaːlˠə#} | *#ʃtˈalˠə# {GOLD: >*} | *#ʃtˈalˠə# {GOLD: #ʃtˈalˠə#}
672    | ... | ... | ... | #stˈɑːtum# | *#stˈɑːtʊ# | *#stˈɑtu# | *#stˈatu# | *#ʃtˈatu# | *#ʃtˈatə# | *#ʃtˈat# {GOLD: >*} | *#ʃtˈat# {GOLD: >*} | *#ʃtˈat# {GOLD: >*} | *#ʃtˈat# {GOLD: #ʃtˈat#}
673    | ... | ... | ... | #ˌekstˌenuˈɑːnioː# | *#ˌɛstˌɛnwˈɒːnju# | *#ˌɛstˌɛnwˈoɲu# | *#stˌɛnˈoɲu# | *#ʃtɪ̃ɾ̃ˈɔ̃ɲu# | *#ʃtə̃ɾ̃ˈɔ̃ɲə# | *#ʃtə̃ɾ̃ˈɔ̃ɲ# {GOLD: >*} | *#ʃtə̃ɾ̃ˈɔ̃ɲ# {GOLD: >*} | *#ʃtəɾˈɔɲ# {GOLD: >*} | *#ʃtəɾˈɔj# {GOLD: #ʃtəɾˈɔj#}
674    | ... | ... | ... | ... | ... | ... | #stˌʊrmˈɛnnɛ# | *#ʃtˌʊɾmˈɛ̃nnɛ# | *#ʃtˌʊɾmˈɛ̃nːə# | *#ʃtɾ̩mˈɛ̃nː# {GOLD: #ʃtˌɾ̩mˈɛnː#} | *#ʃtɾ̩mˈɛ̃n# {GOLD: >*} | *#ʃtɾ̩mˈɛn# {GOLD: >*} | *#ʃtəɾmˈɛn# {GOLD: #ʃtəɾmˈɛn#}
675    | ... | ... | ... | ... | ... | ... | #stˌɒpˈɑɲɑ# | *#ʃtəpˈɑ̃ɲɑ# | *#ʃtəpˈɑ̃ːjɑ# | *#ʃtəpˈãːjə# {GOLD: #ʃtəpˈɑ̃ɲə#} | *#ʃtəpˈãːjə# {GOLD: >*} | *#ʃtəpˈajə# {GOLD: >*} | *#ʃtəpˈajə# {GOLD: #ʃtəpˈajə#}
676    | ... | ... | ... | ... | ... | ... | #stˌɒpˈɑnd͡ʒɑ# | *#ʃtəpˈɑ̃nzɑ# | *#ʃtəpˈɑ̃zɑ# | *#ʃtəpˈʌ̃zə# {GOLD: #ʃtəpˈɑ̃zə#} | *#ʃtəpˈə̃zə# {GOLD: >*} | *#ʃtəpˈəzə# {GOLD: >*} | *#ʃtəpˈəzə# {GOLD: #ʃtəpˈəzə#}
677    | ... | ... | ... | ... | ... | ... | #stˌɒpɑnˈɛsɑ# | *#ʃtəpə̃ɾ̃ˈɛʃɑ# | *#ʃtəpə̃ɾ̃ˈɛːʃɑ# | *#ʃtəpə̃ɾ̃ˈɛːʃə# {GOLD: >*} | *#ʃtəpə̃ɾ̃ˈɛːʃə# {GOLD: >*} | *#ʃtəpɾˈɛʃə# {GOLD: >*} | *#ʃtəpɾˈɛʃə# {GOLD: #ʃtəpɾˈɛʃə#}
678    | ... | ... | ... | #stˈɑnkum# | *#stˈɑnkʊ# | *#stˈɑnku# | *#stˈanku# | *#ʃtˈãnku# | *#ʃtˈãnɡə# | *#ʃtˈʌ̃ŋɡ# {GOLD: >*} | *#ʃtˈə̃ɲ̈ɡ# {GOLD: >*} | *#ʃtˈəɲ̈ɡ# {GOLD: >*} | *#ʃtˈəŋɡ# {GOLD: #ʃtˈəŋɡ#}
679    | ... | ... | ... | ... | ... | ... | #stˌɒpˈɑnʊ# | *#ʃtəpˈɑ̃ɾ̃ə# | *#ʃtəpˈɑ̃ɾ̃ə# | *#ʃtəpˈʌ̃ɾ̃# {GOLD: #ʃtəpˈɑ̃ɾ̃#} | *#ʃtəpˈə̃ɾ̃# {GOLD: >*} | *#ʃtˈəpəɾ# {GOLD: >*} | *#ʃtˈəpəɾ# {GOLD: #ʃtˈəpəɾ#}
680    | ... | ... | ... | #stˈɑmnum# | *#stˈɑmnʊ# | *#stˈɑmnu# | *#stˈamnu# | *#ʃtˈãmnu# | *#ʃtˈãmə# | *#ʃtˈʌ̃m# {GOLD: #ʃtˈɑ̃m#} | *#ʃtˈə̃m# {GOLD: >*} | *#ʃtˈəm# {GOLD: >*} | *#ʃtˈəm# {GOLD: #ʃtˈəm#}
681    | ... | ... | #stˈamna# | *#stˈɑmbɑ# | *#stˈɑmbɑ# | *#stˈɑmbɑ# | *#stˈamba# | *#ʃtˈãmba# | *#ʃtˈãmba# | *#ʃtˈʌ̃mbə# {GOLD: #ʃtˈãmbə#} | *#ʃtˈə̃mbə# {GOLD: >*} | *#ʃtˈəmbə# {GOLD: >*} | *#ʃtˈəmbə# {GOLD: #ʃtˈəmbə#}
682    | ... | ... | ... | #stˈɑːtiː# | *#stˈɑːti# | *#stˈɑti# | *#stˈetɪ# | *#ʃtˈetɪ# | *#ʃtˈɛtə# | *#ʃtˈɛt# {GOLD: >*} | *#ʃtˈɛt# {GOLD: >*} | *#ʃtˈɛt# {GOLD: >*} | *#ʃtˈɛt# {GOLD: #ʃtˈɛt#}
683    | ... | ... | ... | #pˌistˈɑːriɑ# | *#pˌɪstˈɑːrjɑ# | *#pˌestˈɑrjɑ# | *#pɪstˈerja# | *#pɪʃtˈeɾja# | *#pəʃtˈɛːɾja# | *#pəʃtˈɛːɾɛ# {GOLD: >*} | *#pəʃtˈɛːɾɛ# {GOLD: >*} | *#pəʃtˈɛɾɛ# {GOLD: >*} | *#pəʃtˈɛɾɛ# {GOLD: #ʃtˈɛɾə#}
684    | ... | ... | #stˈeripʰa# | *#stˈerəpʰɑ# | *#stˈɛrəpʰɑ# | *#stˈɛrəpɑ# | *#stˈɛrəpa# | *#ʃtˈɛɾəpa# | *#ʃtˈɛːɾpa# | *#ʃtˈɛːɾpə# {GOLD: >*} | *#ʃtˈɛːɾpə# {GOLD: >*} | *#ʃtˈɛɾpə# {GOLD: >*} | *#ʃtˈɛɾpə# {GOLD: #ʃtˈɛɾpə#}
685    | ... | ... | ... | #hˌɑstˈiːliɑ# | *#hˌɑstˈiʎɑ# | *#hˌɑstˈiʎɑ# | *#stˈiʎa# | *#ʃtˈiʎa# | *#ʃtˈiːʎa# | *#ʃtˈiːʎə# {GOLD: >*} | *#ʃtˈiːʎə# {GOLD: >*} | *#ʃtˈijə# {GOLD: >*} | *#ʃtˈijə# {GOLD: #ʃtˈijə#}
686    | ... | ... | ... | ... | #stˈylɑ# | *#stˈylɑ# | *#stˈyla# | *#ʃtˈyla# | *#ʃtˈyːlˠa# | *#ʃtˈyːlˠə# {GOLD: >*} | *#ʃtˈyːlˠə# {GOLD: >*} | *#ʃtˈylˠə# {GOLD: >*} | *#ʃtˈylˠə# {GOLD: #ʃtˈylˠə#}
687    | ... | ... | ... | #stˌuppˈɑːnioː# | *#stˌʊppˈɒːnju# | *#stˌuppˈoɲu# | *#stˌuppˈoɲu# | *#ʃtˌupˈɔ̃ɲu# | *#ʃtˌupˈɔ̃ɲə# | *#ʃtˌupˈɔ̃ɲ# {GOLD: >*} | *#ʃtˌupˈɔ̃ɲ# {GOLD: >*} | *#ʃtupˈɔɲ# {GOLD: >*} | *#ʃtupˈɔj# {GOLD: #ʃtupˈɔj#}
688    | ... | ... | ... | ... | ... | ... | #stˈɯɲɑ# | *#ʃtˈɯ̃ɲɑ# | *#ʃtˈũɲɑ# | *#ʃtˈũɲə# {GOLD: #ʃtˈũɲə#} | *#ʃtˈũɲə# {GOLD: >*} | *#ʃtˈuɲə# {GOLD: >*} | *#ʃtˈuɲə# {GOLD: #ʃtˈuɲə#}
689    | ... | ... | ... | #sˌɑtˈunitɑ# | *#sˌɑtˈʊnɪtɑ# | *#sˌɑtˈuntɑ# | *#sˌatˈunta# | *#ʃətˈũnta# | *#ʃətˈũnda# | *#ʃətˈũndə# {GOLD: #ʃətˈũntə#} | *#ʃətˈũndə# {GOLD: #ʃətˈũndə#} | *#ʃətˈundə# {GOLD: >*} | *#ʃətˈundə# {GOLD: #ʃtˈunə#}
690    | ... | ... | ... | #stˈurnum# | *#stˈʊrnʊ# | *#stˈurnu# | *#stˈurnu# | *#ʃtˈuɾnu# | *#ʃtˈuːrːɐ# | *#ʃtˈuːrə# {GOLD: >*} | *#ʃtˈuːrə# {GOLD: >*} | *#ʃtˈurə# {GOLD: >*} | *#ʃtˈurə# {GOLD: #ʃtˈuɾə#}
691    | ... | ... | ... | #stˈuppɑ# | *#stˈʊppɑ# | *#stˈuppɑ# | *#stˈuppa# | *#ʃtˈupa# | *#ʃtˈupa# | *#ʃtˈupə# {GOLD: >*} | *#ʃtˈupə# {GOLD: >*} | *#ʃtˈupə# {GOLD: >*} | *#ʃtˈupə# {GOLD: #ʃtˈupə#}
692    | ... | ... | ... | #strˈɑːtum# | *#strˈɑːtʊ# | *#strˈɑtu# | *#strˈatu# | *#ʃtɾˈatu# | *#ʃtɾˈatə# | *#ʃtɾˈat# {GOLD: >*} | *#ʃtɾˈat# {GOLD: >*} | *#ʃtɾˈat# {GOLD: >*} | *#ʃtɾˈat# {GOLD: #ʃtɾˈat#}
693    | ... | ... | ... | ... | ... | ... | #strˈɑʒɑ# | *#ʃtɾˈɑzɑ# | *#ʃtɾˈɑːzɑ# | *#ʃtɾˈaːzə# {GOLD: >*} | *#ʃtɾˈaːzə# {GOLD: >*} | *#ʃtɾˈazə# {GOLD: >*} | *#ʃtɾˈazə# {GOLD: #ʃtɾˈazə#}
694    | ... | ... | ... | #strˌinɡˈonioː# | *#strˌɪŋɡˈɒnju# | *#strˌeŋɡˈoɲu# | *#strˌeŋɡˈoɲu# | *#ʃtɾə̃ŋɡˈɔ̃ɲu# | *#ʃtɾə̃ŋɡˈɔ̃ɲə# | *#ʃtɾə̃ŋɡˈɔ̃ɲ# {GOLD: >*} | *#ʃtɾə̃ɲ̈ɡˈɔ̃ɲ# {GOLD: >*} | *#ʃtɾəɲ̈ɡˈɔɲ# {GOLD: >*} | *#ʃtɾəŋɡˈɔj# {GOLD: #ʃtɾəŋɡˈɔj#}
695    | ... | ... | ... | #strˈɑmbum# | *#strˈɑmbʊ# | *#strˈɑmbu# | *#strˈambu# | *#ʃtɾˈãmbu# | *#ʃtɾˈãmbə# | *#ʃtɾˈʌ̃mb# {GOLD: #ʃtɾˈɑ̃mb#} | *#ʃtɾˈə̃mb# {GOLD: >*} | *#ʃtɾˈəmb# {GOLD: #ʃtɾˈəmb#} | *#ʃtɾˈəmb# {GOLD: ...}
696    | ... | ... | ... | #strˈinktum# | *#strˈɪnktʊ# | *#strˈeɲtu# | *#strˈeɲtu# | *#ʃtɾˈẽɲtu# | *#ʃtɾˈɛ̃ɲtə# | *#ʃtɾˈɛ̃ɲt# {GOLD: #ʃtɾˈɛ̃ɲt#} | *#ʃtɾˈɛ̃ɲt# {GOLD: >*} | *#ʃtɾˈɛɲt# {GOLD: >*} | *#ʃtɾˈɛɲt# {GOLD: #ʃtɾˈɛɲt#}
697    | ... | ... | ... | #strˈɑmbinu# | *#strˈɑmbɪnʊ# | *#strˈembenu# | *#strˈembɑ̃ɾ̃u# | *#ʃtɾˈẽmbɐɾ̃u# | *#ʃtɾˈɛ̃mbɐɾ̃ə# | *#ʃtɾˈɛ̃mbəɾ̃# {GOLD: #ʃtɾˈɑ̃mbə̃ɾ̃ə#} | *#ʃtɾˈɛ̃mbəɾ̃# {GOLD: >*} | *#ʃtɾˈɛmbəɾ# {GOLD: >*} | *#ʃtɾˈɛmbəɾ# {GOLD: #ʃtɾˈɛmbəɾ#}
698    | ... | ... | ... | #strˈiːɡɑm# | *#strˈiɡɑ# | *#strˈiɡɑ# | *#strˈiɡa# | *#ʃtɾˈiɡa# | *#ʃtɾˈiɡa# | *#ʃtɾˈiɡə# {GOLD: >*} | *#ʃtɾˈiɡə# {GOLD: >*} | *#ʃtɾˈiɡə# {GOLD: >*} | *#ʃtɾˈiɡə# {GOLD: #ʃtɾˈiɡə#}
699    | ... | ... | ... | #ˌekstrˈuːdoː# | *#ˌɛstrˈuːdu# | *#ˌɛstrˈydu# | *#strˈyðu# | *#ʃtɾˈyðu# | *#ʃtɾˈyðə# | *#ʃtɾˈyð# {GOLD: >*} | *#ʃtɾˈyð# {GOLD: >*} | *#ʃtɾˈyð# {GOLD: >*} | *#ʃtɾˈyð# {GOLD: #ʃtɾˈyð#}
700    | ... | ... | ... | #stˌernˈɑːkum# | *#stˌɛrnˈɑːkʊ# | *#stˌɛrnˈɑku# | *#stˌɛrnˈaku# | *#ʃtɪɾnˈaku# | *#ʃtərːˈakə# | *#ʃtɾˈak# {GOLD: >*} | *#ʃtɾˈak# {GOLD: >*} | *#ʃtɾˈak# {GOLD: >*} | *#ʃtɾˈak# {GOLD: #ʃtrˈak#}
701    | ... | ... | ... | #sˈulkum# | *#sˈʊlkʊ# | *#sˈulku# | *#sˈulku# | *#ʃˈulku# | *#ʃˈuːlkə# | *#ʃˈuːʎk# {GOLD: >*} | *#ʃˈuːʎk# {GOLD: >*} | *#ʃˈujk# {GOLD: >*} | *#ʃˈujk# {GOLD: #ʃlˈuk#}
702    | ... | ... | ... | #spˈɑtʰɑm# | *#spˈɑtʰɑ# | *#spˈɑtɑ# | *#spˈata# | *#ʃpˈata# | *#ʃpˈata# | *#ʃpˈatə# {GOLD: >*} | *#ʃpˈatə# {GOLD: >*} | *#ʃpˈatə# {GOLD: #ʃpˈatə#} | *#ʃpˈatə# {GOLD: #ʃpˈatə#}
703    | ... | ... | ... | #spˈɑtʰulɑ# | *#spˈɑtʰʊlɑ# | *#spˈɑtulɑ# | *#spˈatula# | *#ʃpˈatula# | *#ʃpˈatulˠə# | *#ʃpˈatulˠ# {GOLD: >*} | *#ʃpˈatulˠ# {GOLD: >*} | *#ʃpˈatulˠ# {GOLD: >*} | *#ʃpˈatulˠ# {GOLD: #ʃpˈatulˠ#}
704    | ... | ... | #spˈaron# | *#spˈɑron# | *#spˈɑrʊ# | *#spˈɑru# | *#spˈaru# | *#ʃpˈaɾu# | *#ʃpˈaːɾə# | *#ʃpˈaːɾ# {GOLD: >*} | *#ʃpˈaːɾ# {GOLD: >*} | *#ʃpˈaɾ# {GOLD: >*} | *#ʃpˈaɾ# {GOLD: #ʃpˈaɾ#}
705    | ... | ... | ... | #ˌɑspˈɑrɑɡum# | *#ˌɑspˈɑrɑɡʊ# | *#ˌɑspˈɑrɑɡu# | *#spˈaraɡu# | *#ʃpˈaɾɐɡu# | *#ʃpˈaːɾɐɡə# | *#ʃpˈaːɾəɡ# {GOLD: >*} | *#ʃpˈaːɾəɡ# {GOLD: >*} | *#ʃpˈaɾəɡ# {GOLD: >*} | *#ʃpˈaɾɡ# {GOLD: #ʃpˈaɾɡ#}
706    | ... | ... | #spˈarɡanon# | *#spˈɑrɡɑnon# | *#spˈɑrɡɑnʊ# | *#spˈɑrɡɑnu# | *#spˈarɡɑ̃ɾ̃u# | *#ʃpˈaɾɡɐɾ̃u# | *#ʃpˈaːɾɡɐɾ̃ə# | *#ʃpˈaːɾɡəɾ̃# {GOLD: #ʃpˈaɾɡəɾ̃ə#} | *#ʃpˈaːɾɡəɾ̃# {GOLD: >*} | *#ʃpˈaɾɡəɾ# {GOLD: >*} | *#ʃpˈaɾɡəɾ# {GOLD: #ʃpˈaɾɡəɾ#}
707    | ... | ... | #spˈarta# | *#spˈɑrtɑ# | *#spˈɑrtɑ# | *#spˈɑrtɑ# | *#spˈarta# | *#ʃpˈaɾta# | *#ʃpˈaːɾta# | *#ʃpˈaːɾtə# {GOLD: >*} | *#ʃpˈaːɾtə# {GOLD: >*} | *#ʃpˈaɾtə# {GOLD: >*} | *#ʃpˈaɾtə# {GOLD: #ʃpˈaɾtə#}
708    | ... | ... | ... | #ˌekspˌediːtˈɑːnioː# | *#ˌɛspˌɛditˈɒːnju# | *#ˌɛspˌɛditˈoɲu# | *#spɪðɪtˈoɲu# | *#ʃpɪðɪtˈɔ̃ɲu# | *#ʃpətˈɔ̃ɲə# | *#ʃpətˈɔ̃ɲ# {GOLD: #ʃpətˈɔ̃ɲ#} | *#ʃpətˈɔ̃ɲ# {GOLD: >*} | *#ʃpətˈɔɲ# {GOLD: >*} | *#ʃpətˈɔj# {GOLD: #ʃpətˈɔj#}
709    | ... | ... | ... | #ˌekspˌellɑwˈɑːnioː# | *#ˌɛspˌɛllˈɑwɒːnju# | *#ˌɛspˌɛlːˈɑwoɲu# | *#spˌɛlːˈawoɲu# | *#ʃpɪlːˈãːɲu# | *#ʃpəlːˈãːɲə# | *#ʃpəlːˈãːɲ# {GOLD: #ʃpəlˈãːɲ#} | *#ʃpəlːˈãːɲ# {GOLD: >*} | *#ʃpəlˈaɲ# {GOLD: >*} | *#ʃpəlˈaj# {GOLD: #ʃpəlˈaj#}
710    | ... | ... | ... | #ˌekspˌerlɑwˈɑːnioː# | *#ˌɛspˌɛrlˈɑwɒːnju# | *#ˌɛspˌɛrlˈɑwoɲu# | *#spˌɛrlˈawoɲu# | *#ʃpɪɾlˈãːɲu# | *#ʃpəɾlˈãːɲə# | *#ʃpɾ̩lˈãːɲ# {GOLD: #ʃpɾ̩lˈãːɲ#} | *#ʃpɾ̩lˈãːɲ# {GOLD: >*} | *#ʃpɾ̩lˈaɲ# {GOLD: >*} | *#ʃpəɾlˈaj# {GOLD: #ʃpəɾlˈaj#}
711    | ... | ... | ... | #ˌekspˌedˈiːtum# | *#ˌɛspˈɛditʊ# | *#ˌɛspˈɛditu# | *#spˈɛðɪtu# | *#ʃpˈɛjtu# | *#ʃpˈɛjtə# | *#ʃpˈɛjt# {GOLD: >*} | *#ʃpˈɛjt# {GOLD: >*} | *#ʃpˈɛjt# {GOLD: >*} | *#ʃpˈɛjt# {GOLD: #ʃpˈɛjt#}
712    | ... | ... | #spˈɛːlaia# | *#spˈɛːlɑjɑ# | *#spˈɛːlɑjɑ# | *#spˈɛlɑjɑ# | *#spˈɛlaja# | *#ʃpˈɛlɐja# | *#ʃpˈɛːlˠɐja# | *#ʃpˈɛːlˠə# {GOLD: >*} | *#ʃpˈɛːlˠə# {GOLD: >*} | *#ʃpˈɛlˠə# {GOLD: >*} | *#ʃpˈɛlˠə# {GOLD: #ʃpˈɛlˠə#}
713    | ... | ... | ... | #spˈissum# | *#spˈɪssʊ# | *#spˈessu# | *#spˈessu# | *#ʃpˈeʃu# | *#ʃpˈɛːʃə# | *#ʃpˈɛːʃ# {GOLD: >*} | *#ʃpˈɛːʃ# {GOLD: >*} | *#ʃpˈɛʃ# {GOLD: >*} | *#ʃpˈɛʃ# {GOLD: #ʃpˈɛʃ#}
714    | ... | ... | #ɦˌaspellˈon# | *#ˌɑspellˈon# | *#ˌɑspˈɛllʊn# | *#ˌɑspˈɛlːun# | *#spˈɛlːun# | *#ʃpˈɛlːũn# | *#ʃpˈɛːlːə# | *#ʃpˈɛːlː# {GOLD: >*} | *#ʃpˈɛːlː# {GOLD: >*} | *#ʃpˈɛl# {GOLD: >*} | *#ʃpˈɛl# {GOLD: #ʃpˈɛl#}
715    | ... | ... | ... | #spˈiːnɑ# | *#spˈinɑ# | *#spˈinɑ# | *#spˈina# | *#ʃpˈĩna# | *#ʃpˈĩnːa# | *#ʃpˈĩnːə# {GOLD: >*} | *#ʃpˈĩnə# {GOLD: >*} | *#ʃpˈinə# {GOLD: >*} | *#ʃpˈinə# {GOLD: #ʃpˈinə#}
716    | ... | ... | ... | #spˈiːritum# | *#spˈirɪtʊ# | *#spˈirtu# | *#spˈirtu# | *#ʃpˈiɾtu# | *#ʃpˈiːɾtə# | *#ʃpˈiːɾt# {GOLD: >*} | *#ʃpˈiːɾt# {GOLD: #ʃpˈiːɾt#} | *#ʃpˈiɾt# {GOLD: >*} | *#ʃpˈiɾt# {GOLD: #ʃpˈiɾt#}
717    | ... | ... | ... | ... | ... | ... | #sˌuspˈirju# | *#ʃˌuʃpˈiɾju# | *#ʃˌuʃpˈiːɾjɐ# | *#ʃˌuʃpˈiːrə# {GOLD: >*} | *#ʃˌuʃpˈiːrə# {GOLD: >*} | *#ʃuʃpˈirə# {GOLD: >*} | *#ʃuʃpˈirə# {GOLD: #ʃpˈirə#}
718    | ... | ... | ... | #spˈortɑ# | *#spˈɒrtɑ# | *#spˈortɑ# | *#spˈorta# | *#ʃpˈɔɾta# | *#ʃpˈɔːɾta# | *#ʃpˈɔːɾtə# {GOLD: >*} | *#ʃpˈɔːɾtə# {GOLD: >*} | *#ʃpˈɔɾtə# {GOLD: >*} | *#ʃpˈɔɾtə# {GOLD: #ʃpˈɔɾtə#}
719    | ... | ... | ... | #spˈodiɑ# | *#spˈʊd͡ʒjɑ# | *#spˈud͡ʒjɑ# | *#spˈud͡ʒa# | *#ʃpˈuza# | *#ʃpˈuːza# | *#ʃpˈuːzə# {GOLD: >*} | *#ʃpˈuːzə# {GOLD: >*} | *#ʃpˈuzə# {GOLD: >*} | *#ʃpˈuzə# {GOLD: #ʃpˈuzə#}
720    | ... | ... | #spˈonɡia# | *#spˈond͡ʒɑ# | *#spˈʊnd͡ʒɑ# | *#spˈud͡ʒɑ# | *#spˈud͡ʒa# | *#ʃpˈuza# | *#ʃpˈuːza# | *#ʃpˈuːzə# {GOLD: >*} | *#ʃpˈuːzə# {GOLD: >*} | *#ʃpˈuzə# {GOLD: >*} | *#ʃpˈuzə# {GOLD: #ʃpˈuzə#}
721    | ... | ... | ... | #spˌeːrˈɑːnioː# | *#spˌeːrˈɒːnju# | *#spˌerˈojɲu# | *#spərˈojɲu# | *#ʃpəɾˈɔj̃ɲu# | *#ʃpəɾˈɛ̃ɲə# | *#ʃpəɾˈɛ̃ɲ# {GOLD: #ʃpərˈɛ̃ɲ#} | *#ʃpəɾˈɛ̃ɲ# {GOLD: >*} | *#ʃpɾˈɛɲ# {GOLD: >*} | *#ʃpɾˈɛj# {GOLD: #ʃpɾˈɛj#}
722    | ... | ... | ... | #splˌenˈetikɑ# | *#splˌɛnˈɛtɪkɑ# | *#splˌɛnˈɛtkɑ# | *#splənˈɛtka# | *#ʃplə̃ɾ̃ˈɛtka# | *#ʃplə̃ɾ̃ˈɛtka# | *#ʃpɾə̃ɾ̃ˈɛtkə# {GOLD: #ʃpəɾ̃ˈɛtkə#} | *#ʃpɾə̃ɾ̃ˈɛtkə# {GOLD: >*} | *#ʃpɾəɾˈɛtkə# {GOLD: >*} | *#ʃpɾəɾˈɛtkə# {GOLD: #ʃpɾˈɛtkə#}
723    | ... | ... | ... | #spˌerˈɑntiɑ# | *#spˌɛrˈɑnt͡ʃjɑ# | *#spˌɛrˈɑjt͡ʃjɑ# | *#spərˈet͡ʃa# | *#ʃpəɾˈesa# | *#ʃpəɾˈɛːsa# | *#ʃpəɾˈɛːsə# {GOLD: #ʃpəɾˈɛsə#} | *#ʃpəɾˈɛːsə# {GOLD: >*} | *#ʃpɾˈɛsə# {GOLD: >*} | *#ʃpɾˈɛsə# {GOLD: #ʃpɾˈɛsə#}
724    | ... | ... | ... | #sˌufferˈinioː# | *#sˌʊffɛrˈɪnju# | *#sˌuffɛrˈeɲu# | *#sˌuffɪrˈeɲu# | *#ʃˌufɪɾˈẽɲu# | *#ʃˌufəɾˈɛ̃ɲə# | *#ʃˌufəɾˈɛ̃ɲ# {GOLD: >*} | *#ʃˌufəɾˈɛ̃ɲ# {GOLD: #ʃufɾˈɛ̃ɲ#} | *#ʃufəɾˈɛɲ# {GOLD: >*} | *#ʃufəɾˈɛj# {GOLD: #ʃfɾˈɛj#}
725    | ... | ... | ... | ... | ... | ... | ... | ... | #ʒˈɛɡʊ# | *#ʒˈɛɡ# {GOLD: >*} | *#ʒˈɛɡ# {GOLD: >*} | *#ʒˈɛɡ# {GOLD: >*} | *#ʒˈɛɡ# {GOLD: #ʒˈɛɡ#}
726    | ... | ... | ... | ... | ... | ... | ... | ... | #ʒˌɒ̃bˈinɑ# | *#ʒˌũmbˈinə# {GOLD: >*} | *#ʒˌũmbˈinə# {GOLD: >*} | *#ʒumbˈinə# {GOLD: >*} | *#ʒumbˈinə# {GOLD: #ʒumbˈinə#}
727    | ... | ... | ... | #sˌɑbˈurrum# | *#sˌɑβˈʊrrʊ# | *#sˌɑβˈurru# | *#sˌawˈurru# | *#ʃəˈuːɾɾu# | *#ʃəˈuːrːə# | *#ʃˈuːr# {GOLD: >*} | *#ʃˈuːr# {GOLD: >*} | *#ʃˈur# {GOLD: >*} | *#ʃˈur# {GOLD: #ʒˈuɾ#}
728    | ... | ... | ... | #tˌokkˈɑːnioː# | *#tˌʊkkˈɒːnju# | *#tˌukkˈoɲu# | *#tˌukkˈoɲu# | *#tˌukˈɔ̃ɲu# | *#tˌukˈɔ̃ɲə# | *#tˌukˈɔ̃ɲ# {GOLD: >*} | *#tˌukˈɔ̃ɲ# {GOLD: >*} | *#tukˈɔɲ# {GOLD: >*} | *#tukˈɔj# {GOLD: #takˈɔj#}
729    | ... | ... | ... | #tˌɑksitˈɑːnioː# | *#tˌɑɪtˈɒːnju# | *#tˌɑetˈoɲu# | *#tˌaetˈoɲu# | *#tˌatˈɔ̃ɲu# | *#tˌatˈɔ̃ɲə# | *#tˌatˈɔ̃ɲ# {GOLD: >*} | *#tˌatˈɔ̃ɲ# {GOLD: >*} | *#tatˈɔɲ# {GOLD: >*} | *#tatˈɔj# {GOLD: #tatˈɔj#}
730    | ... | ... | ... | ... | ... | #tˌɑbˈɛllɑ# | *#tˌabˈɛlla# | *#tˌabˈɛlla# | *#tˌabˈɛːlːa# | *#tˌabˈɛːlːə# {GOLD: >*} | *#tˌabˈɛːlːə# {GOLD: >*} | *#tabˈɛlə# {GOLD: >*} | *#tabˈɛlə# {GOLD: #tabˈɛlə#}
731    | ... | ... | ... | #trˌɑiˌektˈorium# | *#trˌɑjˌɛktˈɒrjʊ# | *#trˌɑjˌɛktˈorju# | *#trˌajˌɛktˈoru# | *#tɾˌajɪktˈɔɾu# | *#tɾɐftˈaːɾə# | *#təftˈaːɾ# {GOLD: >*} | *#təftˈaːɾ# {GOLD: >*} | *#təftˈaɾ# {GOLD: >*} | *#təftˈaɾ# {GOLD: #taftˈaɾ#}
732    | ... | ... | ... | #tˌɑwˈernɑm# | *#tˌɑwˈɛrnɑ# | *#tˌɑvˈɛrnɑ# | *#tˌavˈɛrna# | *#tˌavˈɛɾna# | *#tˌavˈɛːrːa# | *#tˌavˈɛːrə# {GOLD: >*} | *#tˌavˈɛːrə# {GOLD: >*} | *#tavˈɛrə# {GOLD: >*} | *#tavˈɛrə# {GOLD: #tavˈɛrə#}
733    | ... | ... | ... | #tˈɑːleɑ# | *#tˈɑːʎɑ# | *#tˈɑʎɑ# | *#tˈaʎa# | *#tˈaʎa# | *#tˈaːʎa# | *#tˈaːʎə# {GOLD: #tˈaʎə#} | *#tˈaːʎə# {GOLD: >*} | *#tˈajə# {GOLD: >*} | *#tˈajə# {GOLD: #tˈajə#}
734    | ... | ... | ... | #tˈɑliɑ# | *#tˈɑʎɑ# | *#tˈɑʎɑ# | *#tˈaʎa# | *#tˈaʎa# | *#tˈaːʎa# | *#tˈaːʎə# {GOLD: >*} | *#tˈaːʎə# {GOLD: #tˈaʎə#} | *#tˈajə# {GOLD: >*} | *#tˈajə# {GOLD: #tˈalə#}
735    | ... | ... | ... | #tˈɑwɾum# | *#tˈɑwɾʊ# | *#tˈɑwɾu# | *#tˈawɾu# | *#tˈaːɾu# | *#tˈaːɾə# | *#tˈaːɾ# {GOLD: #tˈaːɾ#} | *#tˈaːɾ# {GOLD: >*} | *#tˈaɾ# {GOLD: >*} | *#tˈaɾ# {GOLD: #tˈaɾ#}
736    | ... | ... | ... | #tˈɑppɑ# | *#tˈɑppɑ# | *#tˈɑppɑ# | *#tˈappa# | *#tˈapa# | *#tˈapa# | *#tˈapə# {GOLD: >*} | *#tˈapə# {GOLD: >*} | *#tˈapə# {GOLD: >*} | *#tˈapə# {GOLD: #tˈapə#}
737    | ... | ... | ... | #tˈɑːktum# | *#tˈɑːktʊ# | *#tˈɑktu# | *#tˈaktu# | *#tˈaktu# | *#tˈaːftə# | *#tˈaːft# {GOLD: >*} | *#tˈaːft# {GOLD: >*} | *#tˈaft# {GOLD: >*} | *#tˈaft# {GOLD: #tˈaft#}
738    | ... | ... | ... | ... | ... | ... | #tˌʊrkˈɑtɪ# | *#tˌʊɾkˈɑtɪ# | *#tˌʊɾkˈɑtə# | *#tɾ̩kˈat# {GOLD: >*} | *#tɾ̩kˈat# {GOLD: >*} | *#tɾ̩kˈat# {GOLD: >*} | *#təɾkˈat# {GOLD: #təɾkˈat#}
739    | ... | ... | ... | #trˌiːmeːnsˈɑːnɑm# | *#trˌimeːnsˈɑːnɑ# | *#trˌimesˈɑnɑ# | *#trˌimɪsˈana# | *#tɾə̃mɪʃˈãɾ̃a# | *#tɾə̃məʃˈãɾ̃a# | *#tɾə̃məʃˈʌ̃ɾ̃ə# {GOLD: #tɾˌiʃˈɑ̃ɾ̃ə#} | *#tɾə̃mʃˈə̃ɾ̃ə# {GOLD: >*} | *#tɾəmt͡ʃˈəɾə# {GOLD: >*} | *#tɾəmt͡ʃˈəɾə# {GOLD: #təɾʃˈəɾə#}
740    | ... | ... | ... | ... | ... | ... | #tˌɪrpˈætɪ# | *#təɾpˈiːtɪ# | *#təɾpˈiːtə# | *#tɾ̩pˈiːt# {GOLD: >*} | *#tɾ̩pˈiːt# {GOLD: >*} | *#tɾ̩pˈit# {GOLD: >*} | *#təɾpˈit# {GOLD: #təɾpˈit#}
741    | ... | ... | ... | #tˌurbˈɑːnioː# | *#tˌʊrbˈɒːnju# | *#tˌurbˈoɲu# | *#tˌurbˈoɲu# | *#tˌuɾbˈɔ̃ɲu# | *#tˌuɾbˈɔ̃ɲə# | *#tˌuɾbˈɔ̃ɲ# {GOLD: >*} | *#tˌuɾbˈɔ̃ɲ# {GOLD: #tˌuɾbˈɔ̃ɲ#} | *#tuɾbˈɔɲ# {GOLD: >*} | *#tuɾbˈɔj# {GOLD: #təɾbˈɔj#}
742    | ... | ... | ... | #trˌifˈilium# | *#trˌɪfˈiʎʊ# | *#trˌefˈilːu# | *#trɪfˈilːu# | *#tɾɪfˈilːu# | *#tɾəfˈiːlːə# | *#tɾ̩fˈiːlː# {GOLD: >*} | *#tɾ̩fˈiːlː# {GOLD: >*} | *#tɾ̩fˈil# {GOLD: >*} | *#təɾfˈil# {GOLD: #təɾfˈil#}
743    | ... | ... | ... | #trˌifˈoliɑ# | *#trˌɪfˈɒʎɑ# | *#trˌefˈoʎɑ# | *#trɪfˈoʎa# | *#tɾɪfˈɔʎa# | *#tɾəfˈɔːʎa# | *#tɾ̩fˈɔːʎə# {GOLD: >*} | *#tɾ̩fˈɔːʎə# {GOLD: >*} | *#tɾ̩fˈɔjə# {GOLD: >*} | *#təɾfˈɔjə# {GOLD: #təɾfˈɔjə#}
744    | ... | ... | ... | #trˌifˈurkum# | *#trˌɪfˈʊrkʊ# | *#trˌefˈurku# | *#trɪfˈurku# | *#tɾɪfˈuɾku# | *#tɾəfˈuːɾkə# | *#tɾ̩fˈuːɾk# {GOLD: >*} | *#tɾ̩fˈuːɾk# {GOLD: >*} | *#tɾ̩fˈuɾk# {GOLD: >*} | *#təɾfˈuɾk# {GOLD: #təɾfˈuɾk#}
745    | ... | ... | ... | #tˌerrae̯mˈoːtum# | *#tˌɛrrɛmˈoːtʊ# | *#tˌɛrrɛmˈøtu# | *#tˌɛrrɪmˈøtu# | *#tɪɾɾmˈœtu# | *#tərːmˈɛtə# | *#tɾ̩mˈɛt# {GOLD: >*} | *#tɾ̩mˈɛt# {GOLD: >*} | *#tɾ̩mˈɛt# {GOLD: >*} | *#təɾmˈɛt# {GOLD: #təɾmˈɛt#}
746    | ... | ... | ... | ... | ... | ... | ... | ... | ... | #tm̩plˈa# {GOLD: #tm̩plˈa#} | *#tm̩plˈa# {GOLD: >*} | *#tm̩plˈa# {GOLD: >*} | *#təmplˈa# {GOLD: #təmplˈa#}
747    | ... | ... | ... | ... | ... | ... | #tˈɒ̃ɡɑ# | *#tˈɑ̃nɡɑ# | *#tˈɑ̃nɡɑ# | *#tˈʌ̃ŋɡə# {GOLD: #tˈɑ̃nɡə#} | *#tˈə̃ɲ̈ɡə# {GOLD: >*} | *#tˈəɲ̈ɡə# {GOLD: >*} | *#tˈəŋɡə# {GOLD: #tˈəŋɡə#}
748    | ... | ... | ... | ... | ... | ... | ... | ... | #tˈɛkʊ# | *#tˈɛk# {GOLD: >*} | *#tˈɛk# {GOLD: >*} | *#tˈɛk# {GOLD: >*} | *#tˈɛk# {GOLD: #tˈɛk#}
749    | ... | ... | ... | #tˈineɑ# | *#tˈɪnjɑ# | *#tˈeɲɑ# | *#tˈeɲa# | *#tˈẽɲa# | *#tˈɛ̃ɲa# | *#tˈɛ̃ɲə# {GOLD: >*} | *#tˈɛ̃ɲə# {GOLD: >*} | *#tˈɛɲə# {GOLD: >*} | *#tˈɛɲə# {GOLD: #tˈɛɲə#}
750    | ... | ... | ... | #tˈestiɑm# | *#tˈɛst͡ʃjɑ# | *#tˈɛst͡ʃjɑ# | *#tˈist͡ʃa# | *#tˈɛʃa# | *#tˈɛːʃa# | *#tˈɛːʃə# {GOLD: >*} | *#tˈɛːʃə# {GOLD: >*} | *#tˈɛʃə# {GOLD: >*} | *#tˈɛʃə# {GOLD: #tˈɛʃə#}
751    | ... | ... | ... | #tˈendɑ# | *#tˈɛndɑ# | *#tˈɛndɑ# | *#tˈɛnda# | *#tˈɛ̃nda# | *#tˈɛ̃nda# | *#tˈɛ̃ndə# {GOLD: #tˈɛ̃ndə#} | *#tˈɛ̃ndə# {GOLD: >*} | *#tˈɛndə# {GOLD: >*} | *#tˈɛndə# {GOLD: #tˈɛndə#}
752    | ... | ... | ... | #tˈɑwɾiː# | *#tˈɑwɾi# | *#tˈewɾi# | *#tˈewɾɪ# | *#tˈeːɾɪ# | *#tˈɛːɾə# | *#tˈɛːɾ# {GOLD: #tˈæːɾ#} | *#tˈɛːɾ# {GOLD: >*} | *#tˈɛɾ# {GOLD: >*} | *#tˈɛɾ# {GOLD: #tˈɛɾ#}
753    | ... | ... | #tʰˈipʰaːn# | *#tʰˈepʰɑn# | *#tʰˈɛpʰɑ# | *#tˈɛpɑ# | *#tˈɛpa# | *#tˈɛːpa# | *#tˈie̯pa# | *#tjˈɛpə# {GOLD: >*} | *#tjˈɛpə# {GOLD: >*} | *#tjˈɛpə# {GOLD: >*} | *#tjˈɛpə# {GOLD: #tˈɛpə#}
754    | ... | ... | ... | ... | ... | ... | ... | ... | ... | #tˈɛmpl̩ˠ# {GOLD: #tˈɛmpl̩ˠ#} | *#tˈɛmpl̩ˠ# {GOLD: >*} | *#tˈɛmpl̩ˠ# {GOLD: >*} | *#tˈɛmpəɫ# {GOLD: #tˈɛmpulˠ#}
755    | ... | ... | ... | #tˈeːɡulɑ# | *#tˈeːɡʊlɑ# | *#tˈeɡulɑ# | *#tˈeɡula# | *#tˈɛːɡula# | *#tˈie̯ɡulˠə# | *#tjˈɛɡulˠ# {GOLD: >*} | *#tjˈɛɡulˠ# {GOLD: >*} | *#tjˈɛɡulˠ# {GOLD: >*} | *#tjˈɛɡulˠ# {GOLD: #tjˈɛɡulˠ#}
756    | ... | ... | ... | #tˌiːmˈoːnem# | *#tˌimˈɒːnɛ# | *#tˌimˈonɛ# | *#tˌimˈonɪ# | *#tɪ̃mˈɔ̃ɾ̃ɪ# | *#tə̃mˈũo̯ɾ̃ə# | *#tmˈũo̯# {GOLD: #tˌĩmˈuo̯#} | *#tmˈũa̯# {GOLD: ...} | ... {GOLD: ...} | ... {GOLD: ...}
757    | ... | ... | ... | #tˈinkɑ# | *#tˈinkɑ# | *#tˈinkɑ# | *#tˈinka# | *#tˈĩnka# | *#tˈĩnɡa# | *#tˈĩŋɡə# {GOLD: >*} | *#tˈĩɲ̈ɡə# {GOLD: >*} | *#tˈiɲ̈ɡə# {GOLD: >*} | *#tˈiŋɡə# {GOLD: #tˈiŋɡə#}
758    | ... | ... | ... | #tˌinnˈunkulum# | *#tˈɪnnʊnkʊlʊ# | *#tˈinːunkulu# | *#tˈinːunkulu# | *#tˈĩnːnkulu# | *#tˈĩnːɡulˠə# | *#tˈĩŋɡulˠ# {GOLD: >*} | *#tˈĩɲ̈ɡulˠ# {GOLD: >*} | *#tˈiɲ̈ɡulˠ# {GOLD: >*} | *#tˈiŋɡulˠ# {GOLD: #tˈiŋɡulˠ#}
759    | ... | ... | ... | #tˈitulum# | *#tˈɪtʊlʊ# | *#tˈitulu# | *#tˈitulu# | *#tˈitulu# | *#tˈitulˠə# | *#tˈitulˠ# {GOLD: >*} | *#tˈitulˠ# {GOLD: >*} | *#tˈitulˠ# {GOLD: >*} | *#tˈitulˠ# {GOLD: #tˈitulˠ#}
760    | ... | ... | ... | ... | ... | ... | ... | ... | #tˈisʊ# | *#tˈis# {GOLD: >*} | *#tˈis# {GOLD: >*} | *#tˈis# {GOLD: >*} | *#tˈis# {GOLD: #tˈis#}
761    | ... | ... | ... | #tˈiːnɑ# | *#tˈinɑ# | *#tˈinɑ# | *#tˈina# | *#tˈĩna# | *#tˈĩna# | *#tˈĩnə# {GOLD: >*} | *#tˈĩnə# {GOLD: >*} | *#tˈinə# {GOLD: >*} | *#tˈinə# {GOLD: #tˈinə#}
762    | ... | ... | ... | ... | ... | ... | #tˌɑjˈinɑ# | *#tˌɑjˈĩnɑ# | *#tˌɑˈĩnɑ# | *#tˈĩːnə# {GOLD: >*} | *#tˈĩːnə# {GOLD: >*} | *#tˈinə# {GOLD: >*} | *#tˈinə# {GOLD: #tˈinə#}
763    | ... | ... | ... | ... | ... | ... | ... | ... | #tˈinɑ# | *#tˈinə# {GOLD: >*} | *#tˈinə# {GOLD: >*} | *#tˈinə# {GOLD: >*} | *#tˈinə# {GOLD: #tˈinə#}
764    | ... | ... | ... | #tˈeɡminem# | *#tˈɛɡmɪnɛ# | *#tˈɛɡmenɛ# | *#tˈiɡmɑ̃ɾ̃ɪ# | *#tˈiɡmɐɾ̃ɪ# | *#tˈiɡmɐɾ̃ə# | *#tˈiməɾ̃# {GOLD: #tˈĩːmɑ̃ɾ̃ə#} | *#tˈiməɾ̃# {GOLD: >*} | *#tˈiməɾ# {GOLD: >*} | *#tˈiməɾ# {GOLD: #tˈiməɾ#}
765    | ... | ... | ... | ... | ... | ... | ... | #tˌɒt͡ʃˈiðlɑ# | *#tˌɒt͡ʃˈiːlˠɑ# | *#tˌɔt͡ʃˈiːlˠə# {GOLD: >*} | *#tˌɔt͡ʃˈiːlˠə# {GOLD: >*} | *#tɔt͡ʃˈilˠə# {GOLD: >*} | *#tɔt͡ʃˈilˠə# {GOLD: #tɔt͡ʃˈilˠə#}
766    | ... | ... | ... | ... | ... | ... | ... | ... | #tˌɒt͡ʃˈitɪ# | *#tˌɔt͡ʃˈit# {GOLD: >*} | *#tˌɔt͡ʃˈit# {GOLD: >*} | *#tɔt͡ʃˈit# {GOLD: >*} | *#tɔt͡ʃˈit# {GOLD: #tɔt͡ʃˈit#}
767    | ... | ... | ... | ... | ... | ... | ... | ... | #tˌɒrˈiʃt͡ʃɛ# | *#tˌɔɾˈiʃtə# {GOLD: >*} | *#tˌɔɾˈiʃtə# {GOLD: >*} | *#tɔɾˈiʃtə# {GOLD: >*} | *#tɔɾˈiʃtə# {GOLD: #tɔɾˈiʃtə#}
768    | ... | ... | ... | ... | ... | ... | #tˌɒrˈɒwʊ# | *#tˌɒɾˈɔə̯# | *#tˌɒɾˈuo̯# | *#tˌɔɾˈuo̯# {GOLD: >*} | *#tˌɔɾˈua̯# {GOLD: >*} | *#tɔɾˈua̯# {GOLD: >*} | *#tɔɾˈua̯# {GOLD: #tɔɾˈua̯#}
769    | ... | ... | ... | ... | ... | ... | ... | ... | #tˌɒpˈidlʊ# | *#tˌɔpˈil# {GOLD: >*} | *#tˌɔpˈil# {GOLD: >*} | *#tɔpˈil# {GOLD: >*} | *#tɔpˈil# {GOLD: #tɔpˈil#}
770    | ... | ... | #tˈomaːron# | *#tˌomˈɒːron# | *#tˌɛmːˈɒːrʊ# | *#tˌɛmːˈoru# | *#tˌɛmːˈoru# | *#tɪ̃mːˈɔɾu# | *#tə̃mːˈuo̯ɾə# | *#tmːˈuo̯ɾ# {GOLD: >*} | *#tmˈua̯ɾ# {GOLD: >*} | *#tmˈua̯ɾ# {GOLD: >*} | *#tmˈua̯ɾ# {GOLD: #tɔmˈɔr#}
771    | ... | ... | ... | ... | ... | ... | ... | ... | #tˈɒkɑ# | *#tˈɔkə# {GOLD: >*} | *#tˈɔkə# {GOLD: >*} | *#tˈɔkə# {GOLD: >*} | *#tˈɔkə# {GOLD: #tˈɔkə#}
772    | ... | ... | ... | #tˈorkulum# | *#tˈɒrkʊlʊ# | *#tˈorkulu# | *#tˈorkulu# | *#tˈɔɾkulu# | *#tˈɔːɾkulˠə# | *#tˈɔːɾkulˠ# {GOLD: >*} | *#tˈɔːɾkulˠ# {GOLD: >*} | *#tˈɔɾkulˠ# {GOLD: >*} | *#tˈɔɾkulˠ# {GOLD: #tˈɔɾkulˠ#}
773    | ... | ... | ... | #tˈortɑ# | *#tˈɒrtɑ# | *#tˈortɑ# | *#tˈorta# | *#tˈɔɾta# | *#tˈɔːɾta# | *#tˈɔːɾtə# {GOLD: >*} | *#tˈɔːɾtə# {GOLD: >*} | *#tˈɔɾtə# {GOLD: >*} | *#tˈɔɾtə# {GOLD: #tˈɔɾtə#}
774    | ... | ... | ... | #tˈornum# | *#tˈɒrnʊ# | *#tˈornu# | *#tˈornu# | *#tˈɔɾnu# | *#tˈɔːrːɐ# | *#tˈɔːrə# {GOLD: >*} | *#tˈɔːrə# {GOLD: >*} | *#tˈɔrə# {GOLD: >*} | *#tˈɔrə# {GOLD: #tˈɔrə#}
775    | ... | ... | ... | ... | ... | ... | #tˈɒpɒrʊ# | *#tˈɒpʊɾə# | *#tˈɒpʊɾə# | *#tˈɔpɾ̩# {GOLD: >*} | *#tˈɔpɾ̩# {GOLD: >*} | *#tˈɔpɾ̩# {GOLD: >*} | *#tˈɔpəɾ# {GOLD: #tˈɔpəɾ#}
776    | ... | ... | ... | ... | ... | ... | ... | ... | #tˌɯnʊt͡sjˈɑnɪ# | *#tˌunt͡ʃˈan# {GOLD: >*} | *#tˌunt͡ʃˈan# {GOLD: >*} | *#tunt͡ʃˈan# {GOLD: >*} | *#tunt͡ʃˈan# {GOLD: #tunt͡ʃˈan#}
777    | ... | ... | ... | #tˌerebˈellɑ# | *#tˌɛrɛβˈɛllɑ# | *#tˌɛrˈøːɛlːɑ# | *#tərˈøːɛlːa# | *#təɾˈœːlːa# | *#təɾˈye̯lːa# | *#təɾˈye̯lːə# {GOLD: >*} | *#təɾˈye̯lːə# {GOLD: >*} | *#tɾˈye̯lə# {GOLD: >*} | *#tɾˈye̯lə# {GOLD: #tuɾjˈɛlə#}
778    | ... | ... | ... | #ˌutrˈiːnum# | *#ˌʊtrˈinʊ# | *#ˌutrˈinu# | *#ˌuːtrˈinu# | *#ˌutɾˈĩnu# | *#ˌutɾˈĩːnə# | *#ˌutɾˈĩː# {GOLD: #tuɾˈĩː#} | *#ˌutɾˈĩː# {GOLD: >*} | *#utɾˈi# {GOLD: >*} | *#utɾˈi# {GOLD: #tuɾˈi#}
779    | ... | ... | ... | #tˌortiˈɑːnioː# | *#tˌʊrt͡ʃjˈɒːnju# | *#tˌurt͡ʃjˈoɲu# | *#tˌurt͡ʃˈøɲu# | *#tˌuɾsˈœ̃ɲu# | *#tˌuɾsˈɛ̃ɲə# | *#tˌuɾsˈɛ̃ɲ# {GOLD: >*} | *#tˌuɾsˈɛ̃ɲ# {GOLD: >*} | *#tuɾsˈɛɲ# {GOLD: >*} | *#tuɾsˈɛj# {GOLD: #tuɾʃˈɛj#}
780    | ... | ... | ... | #trˌɑːnsflˈɑːnioː# | *#trˌɑːnsflˈɒːnju# | *#trˌɑsflˈoɲu# | *#trˌasflˈoɲu# | *#tɾˌaʃflˈɔ̃ɲu# | *#tɾˌaʃflˈɔ̃ɲə# | *#tɾˌaʃflˈɔ̃ɲ# {GOLD: >*} | *#tɾˌaʃflˈɔ̃ɲ# {GOLD: >*} | *#tɾaʃflˈɔɲ# {GOLD: >*} | *#tɾaʃflˈɔj# {GOLD: #tuɾfulˠˈɔj#}
781    | ... | ... | ... | #tˈubulɑ# | *#tˈʊβʊlɑ# | *#tˈuβulɑ# | *#tˈuula# | *#tˈula# | *#tˈuːlˠa# | *#tˈuːlˠə# {GOLD: >*} | *#tˈuːlˠə# {GOLD: #tˈuːlˠə#} | *#tˈulˠə# {GOLD: >*} | *#tˈulˠə# {GOLD: #tˈulˠə#}
782    | ... | ... | ... | ... | ... | ... | #tˈɯɲɑ# | *#tˈɯ̃ɲɑ# | *#tˈũɲɑ# | *#tˈũɲə# {GOLD: #tˈũɲə#} | *#tˈũɲə# {GOLD: >*} | *#tˈuɲə# {GOLD: >*} | *#tˈuɲə# {GOLD: #tˈuɲə#}
783    | ... | ... | ... | ... | ... | ... | ... | ... | #tˈunʊ# | *#tˈun# {GOLD: >*} | *#tˈun# {GOLD: >*} | *#tˈun# {GOLD: >*} | *#tˈun# {GOLD: #tˈun#}
784    | ... | ... | ... | #tˈundoː# | *#tˈʊndu# | *#tˈundu# | *#tˈundu# | *#tˈũndu# | *#tˈũndə# | *#tˈũnd# {GOLD: >*} | *#tˈũnd# {GOLD: >*} | *#tˈund# {GOLD: >*} | *#tˈund# {GOLD: #tˈund#}
785    | ... | ... | ... | #tˈurturem# | *#tˈʊrtʊrɛ# | *#tˈurturɛ# | *#tˈurturɪ# | *#tˈuɾtuɾɪ# | *#tˈuːɾtuɾə# | *#tˈuːɾtuɾ# {GOLD: >*} | *#tˈuːɾtuɾ# {GOLD: >*} | *#tˈuɾtuɾ# {GOLD: >*} | *#tˈuɾtuɾ# {GOLD: #tˈuɾtulˠ#}
786    | ... | ... | ... | ... | ... | ... | #tˈurpɛ# | *#tˈuɾpɛ# | *#tˈuːɾpə# | *#tˈuːɾp# {GOLD: >*} | *#tˈuːɾp# {GOLD: >*} | *#tˈuɾp# {GOLD: >*} | *#tˈuɾp# {GOLD: #tˈuɾp#}
787    | ... | ... | ... | #tˈurbɑ# | *#tˈʊrbɑ# | *#tˈurbɑ# | *#tˈurba# | *#tˈuɾba# | *#tˈuːɾba# | *#tˈuːɾbə# {GOLD: >*} | *#tˈuːɾbə# {GOLD: >*} | *#tˈuɾbə# {GOLD: >*} | *#tˈuɾbə# {GOLD: #tˈuɾbə#}
788    | ... | ... | ... | #tˈurmɑm# | *#tˈʊrmɑ# | *#tˈurmɑ# | *#tˈurma# | *#tˈuɾma# | *#tˈuːɾma# | *#tˈuːɾmə# {GOLD: >*} | *#tˈuːɾmə# {GOLD: >*} | *#tˈuɾmə# {GOLD: >*} | *#tˈuɾmə# {GOLD: #tˈuɾmə#}
789    | ... | ... | ... | #tˈurrem# | *#tˈʊrrɛ# | *#tˈurrɛ# | *#tˈurrɪ# | *#tˈuɾɾɪ# | *#tˈuːrːɐ# | *#tˈuːrə# {GOLD: >*} | *#tˈuːrə# {GOLD: >*} | *#tˈurə# {GOLD: >*} | *#tˈurə# {GOLD: #tˈurə#}
790    | ... | ... | ... | #tˈufɑm# | *#tˈʊfɑ# | *#tˈufɑ# | *#tˈufa# | *#tˈufa# | *#tˈuːfa# | *#tˈuːfə# {GOLD: >*} | *#tˈuːfə# {GOLD: >*} | *#tˈufə# {GOLD: >*} | *#tˈufə# {GOLD: #tˈufə#}
791    | ... | ... | ... | ... | ... | ... | ... | #tˈuvla# | *#tˈuːvla# | *#tˈuːvlə# {GOLD: >*} | *#tˈuːvlə# {GOLD: >*} | *#tˈuvlə# {GOLD: >*} | *#tˈuvlə# {GOLD: #tˈuvlə#}
792    | ... | ... | ... | #tˈumulum# | *#tˈʊmʊlʊ# | *#tˈumulu# | *#tˈumulu# | *#tˈũmulu# | *#tˈũmulˠə# | *#tˈũmulˠ# {GOLD: >*} | *#tˈũmulˠ# {GOLD: >*} | *#tˈumulˠ# {GOLD: >*} | *#tˈumulˠ# {GOLD: #tˈumulˠ#}
793    | ... | ... | ... | #tˈumbɑ# | *#tˈʊmbɑ# | *#tˈumbɑ# | *#tˈumba# | *#tˈũmba# | *#tˈũmba# | *#tˈũmbə# {GOLD: >*} | *#tˈũmbə# {GOLD: >*} | *#tˈumbə# {GOLD: >*} | *#tˈumbə# {GOLD: #tˈumbə#}
794    | ... | ... | ... | #trˌɑktˈɑːnioː# | *#trˌɑktˈɒːnju# | *#trˌɑçtˈoɲu# | *#trˌajtˈoɲu# | *#tɾˌajtˈɔ̃ɲu# | *#tɾˌajtˈɔ̃ɲə# | *#tɾˌajtˈɔ̃ɲ# {GOLD: >*} | *#tɾˌajtˈɔ̃ɲ# {GOLD: >*} | *#tɾajtˈɔɲ# {GOLD: >*} | *#tɾajtˈɔj# {GOLD: #tɾajtˈɔj#}
795    | ... | ... | ... | #trˌuːdikulˈiːnioː# | *#trˌuːdɪkʊlˈinju# | *#trˌydekulˈiɲu# | *#trˌyðɪkulˈiɲu# | *#tɾˌyðɪkulˈĩɲu# | *#tɾˌykulˠˈĩɲə# | *#tɾ̩kulˠˈĩɲ# {GOLD: #tɾakulˠˈĩɲ#} | *#tɾ̩kulˠˈĩɲ# {GOLD: >*} | *#tɾ̩kulˠˈiɲ# {GOLD: >*} | *#təɾkulˠˈij# {GOLD: #tɾakulˠˈij#}
796    | ... | ... | ... | #trˌɑːnsˌiɡˈonioː# | *#trˌɑːnsˌɪɡˈɒnju# | *#trˌɑseɡˈoɲu# | *#trˌasɪɡˈoɲu# | *#tɾˌaʃɪɡˈɔ̃ɲu# | *#tɾˌaʃəɡˈɔ̃ɲə# | *#tɾˌaʃəɡˈɔ̃ɲ# {GOLD: >*} | *#tɾˌaʃəɡˈɔ̃ɲ# {GOLD: >*} | *#tɾaʃəɡˈɔɲ# {GOLD: >*} | *#tɾaʃəɡˈɔj# {GOLD: #tɾaʃəɡˈɔj#}
797    | ... | ... | ... | #trˌɑːnsmˌediˈɑːnioː# | *#trˌɑːnsmˌɛd͡ʒjˈɒːnju# | *#trˌɑsmˌɛd͡ʒjˈoɲu# | *#trˌazmˌɛd͡ʒˈoɲu# | *#tɾˌazmɪzˈɔ̃ɲu# | *#tɾˌazməzˈɔ̃ɲə# | *#tɾˌazməzˈɔ̃ɲ# {GOLD: >*} | *#tɾˌazməzˈɔ̃ɲ# {GOLD: >*} | *#tɾazməzˈɔɲ# {GOLD: >*} | *#tɾazməzˈɔj# {GOLD: #tɾaməzˈɔj#}
798    | ... | ... | ... | #trˈɑbum# | *#trˈɑβʊ# | *#trˈɑβu# | *#trˈawu# | *#tɾˈaː# | *#tɾˈaː# | *#tɾˈaː# {GOLD: >*} | *#tɾˈaː# {GOLD: >*} | *#tɾˈa# {GOLD: >*} | *#tɾˈa# {GOLD: #tɾˈa#}
799    | ... | ... | ... | #trˈɑktɑ# | *#trˈɑktɑ# | *#trˈɑçtɑ# | *#trˈajta# | *#tɾˈajta# | *#tɾˈajta# | *#tɾˈajtə# {GOLD: >*} | *#tɾˈajtə# {GOLD: >*} | *#tɾˈajtə# {GOLD: >*} | *#tɾˈajtə# {GOLD: #tɾˈajtə#}
800    | ... | ... | ... | ... | #tˌɛtrˈɑnɡurɔn# | *#tˌɛtrˈɑnɡuron# | *#tˌɛtrˈanɡuron# | *#ttɾˈãnɡuɾɔ̃n# | *#tːɾˈanɡuɾə# | *#tːɾˈaŋɡuɾ# {GOLD: >*} | *#tːɾˈaɲ̈ɡuɾ# {GOLD: >*} | *#tɾˈaɲ̈ɡuɾ# {GOLD: >*} | *#tɾˈaŋɡuɾ# {GOLD: #tɾˈaŋɡuɾ#}
801    | ... | ... | ... | #tˌerrˈɑːtikum# | *#tˌɛrrˈɑːtɪkʊ# | *#tˌɛrrˈɑtku# | *#tˌɛrrˈatku# | *#tɪɾɾˈatku# | *#tərːˈatkə# | *#tɾˈatk# {GOLD: >*} | *#tɾˈatk# {GOLD: >*} | *#tɾˈatk# {GOLD: >*} | *#tɾˈatk# {GOLD: #tɾˈatk#}
802    | ... | ... | ... | ... | ... | ... | ... | ... | #trˈɑpʊ# | *#tɾˈap# {GOLD: >*} | *#tɾˈap# {GOLD: >*} | *#tɾˈap# {GOLD: >*} | *#tɾˈap# {GOLD: #tɾˈap#}
803    | ... | ... | #trˌɑntˈɑfyllɔn# | *#trˌɑntˌɑfˈyːllɔn# | *#trˌɑntˌɑfˈillʊ# | *#trˌɑntˌɑfˈilːu# | *#trˌantˌafˈilːu# | *#tɾə̃ntˌafˈilːu# | *#tɾə̃ndˌafˈiːlːə# | *#tɾə̃ndˌafˈiːlː# {GOLD: >*} | *#tɾə̃ndˌafˈiːlː# {GOLD: >*} | *#tɾəndafˈil# {GOLD: >*} | *#tɾəndafˈil# {GOLD: #tɾəndafˈil#}
804    | ... | ... | ... | ... | ... | ... | #trˈɪsʊ# | *#tɾˈɪʃə# | *#tɾˈɪːʃə# | *#tɾˈiʃ# {GOLD: >*} | *#tɾˈiʃ# {GOLD: >*} | *#tɾˈiʃ# {GOLD: >*} | *#tɾˈiʃ# {GOLD: #tɾˈiʃ#}
805    | ... | ... | ... | ... | ... | ... | #tˈɪrsu# | *#tˈɪɾʃu# | *#tˈɪːɾʃə# | *#tˈɛɾʃ# {GOLD: >*} | *#tˈɛɾʃ# {GOLD: >*} | *#tˈɛɾʃ# {GOLD: >*} | *#tˈɛɾʃ# {GOLD: #tɾˈiʃ#}
806    | ... | ... | ... | #trˈiːstem# | *#trˈistɛ# | *#trˈistɛ# | *#trˈistɪ# | *#tɾˈiʃtɪ# | *#tɾˈiːʃtə# | *#tɾˈiːʃt# {GOLD: >*} | *#tɾˈiːʃt# {GOLD: >*} | *#tɾˈiʃt# {GOLD: >*} | *#tɾˈiʃt# {GOLD: #tɾˈiʃt#}
807    | ... | ... | ... | #trˈiːnɑ# | *#trˈinɑ# | *#trˈinɑ# | *#trˈina# | *#tɾˈĩna# | *#tɾˈĩna# | *#tɾˈĩnə# {GOLD: #tɾˈĩnə#} | *#tɾˈĩnə# {GOLD: >*} | *#tɾˈinə# {GOLD: >*} | *#tɾˈinə# {GOLD: #tɾˈinə#}
808    | ... | ... | ... | #trˈɑbezɑ# | *#trˈɑβɛzɑ# | *#trˈøːɛzɑ# | *#trˈøːɛza# | *#tɾˈœːza# | *#tɾˈye̯za# | *#tɾˈye̯zə# {GOLD: >*} | *#tɾˈye̯zə# {GOLD: >*} | *#tɾˈye̯zə# {GOLD: >*} | *#tɾˈye̯zə# {GOLD: #tɾˈye̯zə#}
809    | ... | ... | ... | #tˌerebˈellɑ# | *#tˌɛrɛβˈɛllɑ# | *#tˌɛrˈøːɛlːɑ# | *#tərˈøːɛlːa# | *#təɾˈœːlːa# | *#təɾˈye̯lːa# | *#təɾˈye̯lːə# {GOLD: >*} | *#təɾˈye̯lːə# {GOLD: >*} | *#tɾˈye̯lə# {GOLD: >*} | *#tɾˈye̯lə# {GOLD: #tɾˈye̯lə#}
810    | ... | ... | ... | ... | ... | ... | ... | #trˌɒ̃tˈitɪ# | *#trˌɔ̃tˈitə# | *#tɾˌɔndˈit# {GOLD: >*} | *#tɾˌɔndˈit# {GOLD: >*} | *#tɾɔndˈit# {GOLD: >*} | *#tɾɔndˈit# {GOLD: #tɾɔndˈit#}
811    | ... | ... | ... | ... | ... | ... | ... | ... | #trˈɒxɑ# | *#tɾˈɔxə# {GOLD: >*} | *#tɾˈɔhə# {GOLD: >*} | *#tɾˈɔhə# {GOLD: >*} | *#tɾˈɔhə# {GOLD: #tɾˈɔhə#}
812    | ... | ... | ... | ... | ... | #trˈoktɑ# | *#trˈokta# | *#tɾˈɔkta# | *#tɾˈɔːfta# | *#tɾˈɔːftə# {GOLD: >*} | *#tɾˈɔːftə# {GOLD: >*} | *#tɾˈɔftə# {GOLD: >*} | *#tɾˈɔftə# {GOLD: #tɾˈɔftə#}
813    | ... | ... | ... | ... | #trˌumpiskˈɒːɲu# | *#trˌuskˈoe̯ɲu# | *#trˌuskˈoe̯ɲu# | *#tɾˌuʃkˈœ̃ːɲu# | *#tɾˌuʃkˈỹe̯ɲə# | *#tɾˌuʃkˈỹe̯ɲ# {GOLD: #tɾˌuʃkˈyø̯̃ɲ#} | *#tɾˌuʃkˈỹe̯ɲ# {GOLD: #tɾuʃkˈye̯ɲ#} | *#tɾuʃkˈye̯ɲ# {GOLD: >*} | *#tɾuʃcˈye̯j# {GOLD: #tɾuʃcˈye̯j#}
814    | ... | ... | ... | #tˌurbulˈɑːnioː# | *#tˌʊrbʊlˈɒːnju# | *#tˌurbulˈoɲu# | *#tˌurbulˈoɲu# | *#tˌuɾbulˈɔ̃ɲu# | *#tˌuɾbulˠˈɔ̃ɲə# | *#tˌuɾbulˠˈɔ̃ɲ# {GOLD: >*} | *#tˌuɾbulˠˈɔ̃ɲ# {GOLD: >*} | *#tuɾbulˠˈɔɲ# {GOLD: >*} | *#tuɾbulˠˈɔj# {GOLD: #tɾubulˠˈɔj#}
815    | ... | ... | ... | #trˌɑːdˈonioː# | *#trˌɑːdˈɒnju# | *#trˌɑdˈoɲu# | *#trˌaðˈoɲu# | *#tɾəˈɔ̃ːɲu# | *#tɾəˈũo̯ɲə# | *#tɾˈũːo̯ɲ# {GOLD: >*} | *#tɾˈũːa̯ɲ# {GOLD: >*} | *#tɾˈua̯ɲ# {GOLD: >*} | *#tɾˈua̯j# {GOLD: #tɾˈua̯j#}
816    | ... | ... | ... | #trˈiːbulum# | *#trˈiβʊlʊ# | *#trˈiβulu# | *#trˈiwulu# | *#tɾˈuə̯lu# | *#tɾˈuo̯lˠə# | *#tɾˈuo̯lˠ# {GOLD: #tɾˈuo̯lˠ#} | *#tɾˈua̯lˠ# {GOLD: >*} | *#tɾˈua̯lˠ# {GOLD: >*} | *#tɾˈua̯lˠ# {GOLD: #tɾˈua̯lˠ#}
817    | ... | ... | ... | #trˈunkum# | *#trˈʊnkʊ# | *#trˈunku# | *#trˈunku# | *#tɾˈũnku# | *#tɾˈũnɡə# | *#tɾˈũŋɡ# {GOLD: >*} | *#tɾˈũɲ̈ɡ# {GOLD: >*} | *#tɾˈuɲ̈ɡ# {GOLD: >*} | *#tɾˈuŋɡ# {GOLD: #tɾˈuŋɡ#}
818    | ... | ... | ... | #tˈurbulum# | *#tˈʊrbʊlʊ# | *#tˈurbulu# | *#tˈurbulu# | *#tˈuɾbulu# | *#tˈuːɾbulˠə# | *#tˈuːɾbulˠ# {GOLD: >*} | *#tˈuːɾbulˠ# {GOLD: >*} | *#tˈuɾbulˠ# {GOLD: >*} | *#tˈuɾbulˠ# {GOLD: #tɾˈubulˠ#}
819    | ... | ... | #tʰˈumbraː# | *#tʰˈumbrɑ# | *#tʰˈʊmbrɑ# | *#tˈumbrɑ# | *#tˈumbra# | *#tˈũmbɾa# | *#tˈũmbɾa# | *#tˈũmbɾ̩# {GOLD: >*} | *#tˈũmbɾ̩# {GOLD: >*} | *#tˈumbɾ̩# {GOLD: >*} | *#tˈumbəɾ# {GOLD: #tɾˈumə#}
820    | ... | ... | ... | #trˈumbɑ# | *#trˈʊmbɑ# | *#trˈumbɑ# | *#trˈumba# | *#tɾˈũmba# | *#tɾˈũmba# | *#tɾˈũmbə# {GOLD: >*} | *#tɾˈũmbə# {GOLD: >*} | *#tɾˈumbə# {GOLD: >*} | *#tɾˈumbə# {GOLD: #tɾˈumbə#}
821    | ... | ... | ... | #tˌimˈoːrem# | *#tˌɪmˈoːrɛ# | *#tˌemˈørɛ# | *#tˌemˈørɪ# | *#tɪ̃mˈœɾɪ# | *#tə̃mˈye̯ɾə# | *#tmˈye̯ɾ# {GOLD: >*} | *#tmˈye̯ɾ# {GOLD: >*} | *#tmˈye̯ɾ# {GOLD: >*} | *#tmˈye̯ɾ# {GOLD: #tmˈɛr#}
822    | ... | ... | ... | ... | ... | ... | ... | ... | #dˌɑrˈɒβɑ# | *#dˌaɾˈɔvə# {GOLD: >*} | *#dˌaɾˈɔvə# {GOLD: >*} | *#daɾˈɔvə# {GOLD: >*} | *#daɾˈɔvə# {GOLD: #daɾˈɔvə#}
823    | ... | ... | ... | #ˌindˌikˈonioː# | *#ˌɪndˌɪkˈɒnju# | *#ˌendˌikˈoɲu# | *#əndˌikˈoɲu# | *#ə̃ndɪkˈɔ̃ɲu# | *#ə̃ndəkˈɔ̃ɲə# | *#ə̃ndəkˈɔ̃ɲ# {GOLD: >*} | *#ə̃ndəkˈɔ̃ɲ# {GOLD: >*} | *#dəkˈɔɲ# {GOLD: >*} | *#dəkˈɔj# {GOLD: #dəkˈɔj#}
824    | ... | ... | ... | #ˌintˌelliɡˈonioː# | *#ˌɪntˌɛllɪɡˈɒnju# | *#ˌentˌɛlːeɡˈoɲu# | *#əntˌɛlːɪɡˈoɲu# | *#ə̃ntɪlːɪɡˈɔ̃ɲu# | *#ə̃ndəlːəɡˈɔ̃ɲə# | *#ə̃ndl̩ːɡˈɔ̃ɲ# {GOLD: #n̩tɪlɪɡˈɔ̃ɲ#} | *#ə̃ndl̩ːɡˈɔ̃ɲ# {GOLD: >*} | *#ndl̩ɡˈɔɲ# {GOLD: >*} | *#ndəlɡˈɔj# {GOLD: #dəɟˈɔj#}
825    | ... | ... | ... | #dˌeːsˌiːderˈɑːnioː# | *#dˌeːsˌidɛrˈɒːnju# | *#dˌesˌidɛrˈoɲu# | *#dˌesˌiðɪrˈoɲu# | *#dɪʃˌiːɾˈɔ̃ɲu# | *#dəʃˌiːɾˈɔ̃ɲə# | *#dəʃˌiːɾˈɔ̃ɲ# {GOLD: >*} | *#dəʃˌiːɾˈɔ̃ɲ# {GOLD: >*} | *#dəʃiɾˈɔɲ# {GOLD: >*} | *#dəʃiɾˈɔj# {GOLD: #dəʃiɾˈɔj#}
826    | ... | ... | ... | #dˌeːsˌiːdˈeriɑm# | *#dˌeːsˌidˈɛrjɑ# | *#dˌesˌidˈɛrjɑ# | *#dˌesˌiðˈira# | *#dɪʃəˈiːɾa# | *#dəʃəˈiːɾa# | *#dəʃˈiːɾə# {GOLD: >*} | *#dəʃˈiːɾə# {GOLD: >*} | *#dəʃˈiɾə# {GOLD: >*} | *#dəʃˈiɾə# {GOLD: #dəʃˈiɾə#}
827    | ... | ... | ... | #dˌeːpˌositˈɑːnioː# | *#dˌeːpˌʊsɪtˈɒːnju# | *#dˌepˌustˈoɲu# | *#dˌepˌustˈoɲu# | *#dɪpəʃtˈɔ̃ɲu# | *#dəpəʃtˈɔ̃ɲə# | *#dəʃtˈɔ̃ɲ# {GOLD: >*} | *#dəʃtˈɔ̃ɲ# {GOLD: >*} | *#dəʃtˈɔɲ# {GOLD: >*} | *#dəʃtˈɔj# {GOLD: #dəʃtˈɔj#}
828    | ... | ... | ... | ... | ... | ... | #dˌɛsnˈit͡sɑ# | *#dɪʃnˈit͡sɑ# | *#dəʃnˈiːt͡sɑ# | *#dəʃnˈiːt͡sə# {GOLD: #dˌɪʃnˈit͡sə#} | *#dəʃnˈiːt͡sə# {GOLD: >*} | *#dəʃnˈit͡sə# {GOLD: >*} | *#dəʃnˈit͡sə# {GOLD: #dəʃnˈit͡sə#}
829    | ... | ... | ... | #ˌintˌestimˈɑːnioː# | *#ˌɪntˌɛstɪmˈɒːnju# | *#ˌentˌɛstemˈoɲu# | *#əntˌɛstmˈoɲu# | *#ə̃ntɪʃtmˈɔ̃ɲu# | *#ə̃ndəʃtmˈɔ̃ɲə# | *#ə̃ndəʃmˈɔ̃ɲ# {GOLD: >*} | *#ə̃ndəʃmˈɔ̃ɲ# {GOLD: >*} | *#dəʃmˈɔɲ# {GOLD: >*} | *#dəʃmˈɔj# {GOLD: #dəʃmˈɔj#}
830    | ... | ... | ... | #dˌɑmnˈɑːnioː# | *#dˌɑmnˈɒːnju# | *#dˌɑmnˈoɲu# | *#dˌamnˈoɲu# | *#dˌãmnˈɔ̃ɲu# | *#dˌãnːˈɔ̃ɲə# | *#dˌʌ̃nːˈɔ̃ɲ# {GOLD: #dəmnˈɔ̃ɲ#} | *#dˌə̃nˈɔ̃ɲ# {GOLD: >*} | *#dənˈɔɲ# {GOLD: >*} | *#dənˈɔj# {GOLD: #dənˈɔj#}
831    | ... | ... | ... | #dˌeːlˌiːberˈɑːnioː# | *#dˌeːlˌiβɛrˈɒːnju# | *#dˌelˌiβɛrˈoɲu# | *#dˌelˌiwɪrˈoɲu# | *#dɪlˌiːɾˈɔ̃ɲu# | *#dəlˌiːɾˈɔ̃ɲə# | *#dəlˌiːɾˈɔ̃ɲ# {GOLD: >*} | *#dəlˌiːɾˈɔ̃ɲ# {GOLD: >*} | *#dəliɾˈɔɲ# {GOLD: >*} | *#dəliɾˈɔj# {GOLD: #dəliɾˈɔj#}
832    | ... | ... | ... | #dˌiːriɡˈɑːnioː# | *#dˌirɪɡˈɒːnju# | *#dˌirɡˈoɲu# | *#dˌirɡˈoɲu# | *#dəɾɡˈɔ̃ɲu# | *#dəɾɡˈɔ̃ɲə# | *#dɾ̩ɡˈɔ̃ɲ# {GOLD: >*} | *#dɾ̩ɡˈɔ̃ɲ# {GOLD: >*} | *#dɾ̩ɡˈɔɲ# {GOLD: >*} | *#dəɾɡˈɔj# {GOLD: #dəɾɡˈɔj#}
833    | ... | ... | ... | #dˌeːrˌɑːmˈɑːnioː# | *#dˌeːrˌɑːmˈɒːnju# | *#dˌerˌɑmˈoɲu# | *#dˌerˌamˈoɲu# | *#dɪɾə̃mˈɔ̃ɲu# | *#dəɾə̃mˈɔ̃ɲə# | *#dɾ̩mˈɔ̃ɲ# {GOLD: >*} | *#dɾ̩mˈɔ̃ɲ# {GOLD: >*} | *#dɾ̩mˈɔɲ# {GOLD: >*} | *#dəɾmˈɔj# {GOLD: #dəɾmˈɔj#}
834    | ... | ... | ... | #dˌiɡitˈɑːnioː# | *#dˌɪɡɪtˈɒːnju# | *#dˌeɡtˈoɲu# | *#dˌeɡtˈoɲu# | *#dɪɡtˈɔ̃ɲu# | *#dəftˈɔ̃ɲə# | *#dəftˈɔ̃ɲ# {GOLD: #dˌɪftˈɔ̃ɲ#} | *#dəftˈɔ̃ɲ# {GOLD: >*} | *#dəftˈɔɲ# {GOLD: >*} | *#dəftˈɔj# {GOLD: #dəftˈɔj#}
835    | ... | ... | ... | #ˌindˌiktˈɑːnioː# | *#ˌɪndˌɪktˈɒːnju# | *#ˌendˌektˈoɲu# | *#əndˌektˈoɲu# | *#ə̃ndɪktˈɔ̃ɲu# | *#ə̃ndəftˈɔ̃ɲə# | *#ə̃ndəftˈɔ̃ɲ# {GOLD: >*} | *#ə̃ndəftˈɔ̃ɲ# {GOLD: >*} | *#dəftˈɔɲ# {GOLD: >*} | *#dəftˈɔj# {GOLD: #dəftˈɔj#}
836    | ... | ... | ... | #dˈɑmnum# | *#dˈɑmnʊ# | *#dˈɑmnu# | *#dˈamnu# | *#dˈãmnu# | *#dˈãmə# | *#dˈʌ̃m# {GOLD: #dˈɑ̃m#} | *#dˈə̃m# {GOLD: >*} | *#dˈəm# {GOLD: >*} | *#dˈəm# {GOLD: #dˈəm#}
837    | ... | ... | ... | #dˌeːbitˈuːrɑm# | *#dˌeːβʊtˈuːrɑ# | *#dˌeβutˈyrɑ# | *#dˌewutˈyra# | *#dˌeːtˈyɾa# | *#dˌɛːtˈyːɾa# | *#dˌɛːtˈyːɾə# {GOLD: >*} | *#dˌɛːtˈyːɾə# {GOLD: >*} | *#dɛtˈyɾə# {GOLD: >*} | *#dɛtˈyɾə# {GOLD: #dɛtˈyɾə#}
838    | ... | ... | ... | #dˌeːbitˈɑːnioː# | *#dˌeːβʊtˈɒːnju# | *#dˌeβutˈoɲu# | *#dˌewutˈoɲu# | *#dˌeːtˈɔ̃ɲu# | *#dˌɛːtˈɔ̃ɲə# | *#dˌɛːtˈɔ̃ɲ# {GOLD: >*} | *#dˌɛːtˈɔ̃ɲ# {GOLD: #dɛtˈɔ̃ɲ#} | *#dɛtˈɔɲ# {GOLD: >*} | *#dɛtˈɔj# {GOLD: #dɛtˈɔj#}
839    | ... | ... | ... | #dˌeːbitˌoːrˈitium# | *#dˌeːβʊtˈɒrɪt͡ʃjʊ# | *#dˌeβutˈoret͡ʃju# | *#dˌewutˈorɪt͡ʃu# | *#dˌeːtˈɔɾɪsu# | *#dˌɛːtˈɔːɾəsə# | *#dˌɛːtˈɔːɾəs# {GOLD: >*} | *#dˌɛːtˈɔːɾəs# {GOLD: >*} | *#dɛtˈɔɾəs# {GOLD: #dətˈɔɾəs#} | *#dɛtˈɔɾəs# {GOLD: #dɛtˈɔɾəs#}
840    | ... | ... | ... | #dˌeːbitˈoːrem# | *#dˌeːβʊtˈɒrɛ# | *#dˌeβutˈorɛ# | *#dˌewutˈorɪ# | *#dˌeːtˈɔɾɪ# | *#dˌɛːtˈuo̯ɾə# | *#dˌɛːtˈuo̯ɾ# {GOLD: #dɛtˈuo̯ɾ#} | *#dˌɛːtˈua̯ɾ# {GOLD: >*} | *#dɛtˈua̯ɾ# {GOLD: #dɛtˈua̯ɾ#} | *#dɛtˈua̯ɾ# {GOLD: #dɛtˈua̯ɾ#}
841    | ... | ... | ... | ... | ... | ... | ... | ... | #dˌɛlbtˈinɑ# | *#dˌɛltˈinə# {GOLD: >*} | *#dˌɛltˈinə# {GOLD: >*} | *#dɛltˈinə# {GOLD: >*} | *#dɛltˈinə# {GOLD: #dɛltˈinə#}
842    | ... | ... | ... | #dˌeːpˌenetrˈɑːnioː# | *#dˌeːpˌɛnɛtrˈɒːnju# | *#dˌepˌɛnɛtrˈoɲu# | *#dˌepˌɑ̃ɾ̃ɪtrˈoɲu# | *#dɪpˌɑ̃ɾ̃ɪtɾˈɔ̃ɲu# | *#dəpˌɑ̃ɾtˈɔ̃ɲə# | *#dəpɾ̩tˈɔ̃ɲ# {GOLD: >*} | *#dəpɾ̩tˈɔ̃ɲ# {GOLD: >*} | *#dəpɾ̩tˈɔɲ# {GOLD: >*} | *#dəpəɾtˈɔj# {GOLD: #dɛpəɾtˈɔj#}
843    | ... | ... | ... | #dˈiɡniɑ# | *#dˈɪɲjɑ# | *#dˈeɲɑ# | *#dˈeɲa# | *#dˈẽɲa# | *#dˈɛ̃ɲa# | *#dˈɛ̃ɲə# {GOLD: >*} | *#dˈɛ̃ɲə# {GOLD: >*} | *#dˈɛɲə# {GOLD: >*} | *#dˈɛɲə# {GOLD: #dˈɛɲə#}
844    | ... | ... | ... | ... | ... | #dˌiˈɑβolu# | *#dˌiˈawolu# | *#djˈaːlu# | *#djˈaːlˠə# | *#djˈaːlˠ# {GOLD: #djˈaːlˠ#} | *#djˈaːlˠ# {GOLD: #djˈaːlˠ#} | *#djˈalˠ# {GOLD: >*} | *#djˈalˠ# {GOLD: #djˈalˠ#}
845    | ... | ... | #dˈepon# | *#dˈepon# | *#dˈɛpʊ# | *#dˈɛpu# | *#dˈɛpu# | *#dˈɛːpu# | *#dˈie̯pə# | *#djˈɛp# {GOLD: >*} | *#djˈɛp# {GOLD: >*} | *#djˈɛp# {GOLD: >*} | *#djˈɛp# {GOLD: #djˈɛp#}
846    | ... | ... | ... | #dˈae̯monem# | *#dˈɛmʊnɛ# | *#dˈɛmunɛ# | *#dˈɛmɑ̃ɾ̃ɪ# | *#dˈɛ̃mɐɾ̃ɪ# | *#dˈɛ̃mɐɾ̃ə# | *#dˈɛ̃məɾ̃# {GOLD: #djˈɛ̃mə̃ɾ̃ə#} | *#dˈɛ̃məɾ̃# {GOLD: >*} | *#dˈɛməɾ# {GOLD: >*} | *#dˈɛməɾ# {GOLD: #djˈɛməɾ#}
847    | ... | ... | ... | ... | ... | ... | ... | ... | #dˌɨxˈɑtɪ# | *#dˌixˈat# {GOLD: >*} | *#dˌihˈat# {GOLD: >*} | *#dihˈat# {GOLD: >*} | *#dihˈat# {GOLD: #dihˈat#}
848    | ... | ... | ... | #dˌeːkˌɑptˈɑːnioː# | *#dˌeːkˌɑptˈɒːnju# | *#dˌekˌɑptˈoɲu# | *#dˌekˌaptˈoɲu# | *#dɪkˌaptˈɔ̃ɲu# | *#dəkˌatˈɔ̃ɲə# | *#dəkˌatˈɔ̃ɲ# {GOLD: >*} | *#dəkˌatˈɔ̃ɲ# {GOLD: >*} | *#dəkatˈɔɲ# {GOLD: #dikətˈɔɲ#} | *#dəkatˈɔj# {GOLD: #diktˈɔj#}
849    | ... | ... | ... | #dˈiskɑ# | *#dˈɪskɑ# | *#dˈiskɑ# | *#dˈiska# | *#dˈiʃka# | *#dˈiːʃka# | *#dˈiːʃkə# {GOLD: >*} | *#dˈiːʃkə# {GOLD: >*} | *#dˈiʃkə# {GOLD: >*} | *#dˈiʃkə# {GOLD: #dˈiʃkə#}
850    | ... | ... | ... | ... | ... | ... | ... | ... | #dˈirɑ# | *#dˈiɾə# {GOLD: >*} | *#dˈiɾə# {GOLD: >*} | *#dˈiɾə# {GOLD: >*} | *#dˈiɾə# {GOLD: #dˈiɾə#}
851    | ... | ... | ... | ... | ... | ... | ... | ... | #dˈɪbrɑ# | *#dˈibɾ̩# {GOLD: >*} | *#dˈibɾ̩# {GOLD: >*} | *#dˈibɾ̩# {GOLD: >*} | *#dˈibəɾ# {GOLD: #dˈibəɾ#}
852    | ... | ... | ... | ... | ... | ... | #dˈɪbrjʊ# | *#dˈɪbɾjə# | *#dˈɪbɾjə# | *#dˈibr̩# {GOLD: #dˈibər#} | *#dˈibr̩# {GOLD: >*} | *#dˈibr̩# {GOLD: >*} | *#dˈibər# {GOLD: #dˈibər#}
853    | ... | ... | ... | ... | ... | ... | ... | ... | #dˌɒlˈinɑ# | *#dˌɔlˈinə# {GOLD: >*} | *#dˌɔlˈinə# {GOLD: >*} | *#dɔlˈinə# {GOLD: >*} | *#dɔlˈinə# {GOLD: #dɔlˈinə#}
854    | ... | ... | ... | ... | ... | ... | ... | ... | #dˌɒbˈɨtɪ# | *#dˌɔbˈit# {GOLD: >*} | *#dˌɔbˈit# {GOLD: >*} | *#dɔbˈit# {GOLD: >*} | *#dɔbˈit# {GOLD: #dɔbˈit#}
855    | ... | ... | ... | ... | ... | ... | ... | ... | #dˈɒjkɑ# | *#dˈɔjkə# {GOLD: >*} | *#dˈɔjkə# {GOLD: >*} | *#dˈɔjkə# {GOLD: >*} | *#dˈɔjkə# {GOLD: #dˈɔjkə#}
856    | ... | ... | ... | ... | ... | ... | ... | ... | #dˈɒbʊ# | *#dˈɔb# {GOLD: >*} | *#dˈɔb# {GOLD: >*} | *#dˈɔb# {GOLD: >*} | *#dˈɔb# {GOLD: #dˈɔb#}
857    | ... | ... | ... | #dˌolˈoːrem# | *#dˌʊlˈoːrɛ# | *#dˌulˈørɛ# | *#dˌulˈørɪ# | *#dˌulˈœɾɪ# | *#dˌulˠˈye̯ɾə# | *#dˌulˠˈye̯# {GOLD: #dulˠˈyø̯#} | *#dˌulˠˈye̯# {GOLD: >*} | *#dulˠˈye̯# {GOLD: #dulˠˈye̯#} | *#dulˠˈye̯# {GOLD: #dulˠˈye̯#}
858    | ... | ... | ... | #dˌuplikˈɑːnioː# | *#dˌʊplɪkˈɒːnju# | *#dˌuplekˈoɲu# | *#dˌuplɪkˈoɲu# | *#dˌuplɪkˈɔ̃ɲu# | *#dˌulpəkˈɔ̃ɲə# | *#dˌulpəkˈɔ̃ɲ# {GOLD: #dˌulpəkˈɔ̃ɲ#} | *#dˌulpəkˈɔ̃ɲ# {GOLD: >*} | *#dulpəkˈɔɲ# {GOLD: >*} | *#dulpəkˈɔj# {GOLD: #dulpəkˈɔj#}
859    | ... | ... | ... | ... | ... | #dˌurˈɒɲɔ# | *#dˌurˈɒɲɔ# | *#dˌuɾˈɒ̃ɲɔ# | *#dˌuɾˈɒ̃ɲə# | *#dˌuɾˈɔ̃ɲ# {GOLD: >*} | *#dˌuɾˈɔ̃ɲ# {GOLD: >*} | *#duɾˈɔɲ# {GOLD: >*} | *#duɾˈɔj# {GOLD: #duɾˈɔj#}
860    | ... | ... | ... | ... | ... | ... | ... | ... | #dˌɒ̃bɾˈɑj# | *#dˌũmbɾˈɛː# {GOLD: >*} | *#dˌũmbɾˈɛː# {GOLD: >*} | *#dumbɾˈɛ# {GOLD: >*} | *#dumbɾˈɛ# {GOLD: #dumbɾˈɛ#}
861    | ... | ... | ... | #dˈukem# | *#dˈʊkɛ# | *#dˈukɛ# | *#dˈucɪ# | *#dˈucɪ# | *#dˈucə# | *#dˈuc# {GOLD: >*} | *#dˈuc# {GOLD: >*} | *#dˈuc# {GOLD: >*} | *#dˈuc# {GOLD: #dˈuc#}
862    | ... | ... | #dˌurrhˈacum# | *#dˌurrhˈɑt͡ʃum# | *#dˈʊrrɑt͡ʃʊ# | *#dˈurrɑt͡ʃu# | *#dˈurrat͡ʃu# | *#dˈuɾɾɐsu# | *#dˈuːrːɐsə# | *#dˈuːrəs# {GOLD: >*} | *#dˈuːrəs# {GOLD: >*} | *#dˈurəs# {GOLD: >*} | *#dˈurəs# {GOLD: #dˈurəs#}
863    | ... | ... | ... | ... | ... | ... | ... | ... | #dˈɒ̃brʊ# | *#dˈũmbɾ̩# {GOLD: >*} | *#dˈũmbɾ̩# {GOLD: >*} | *#dˈumbɾ̩# {GOLD: >*} | *#dˈumbəɾ# {GOLD: #dˈumbəɾ#}
864    | ... | ... | ... | #drˌɑnkˈoːnem# | *#drˌɑnkˈɒːnɛ# | *#drˌɑnkˈonɛ# | *#drˌankˈonɪ# | *#dɾə̃nkˈɔ̃ɾ̃ɪ# | *#dɾə̃nɡˈũo̯ɾ̃ə# | *#dɾə̃ŋɡˈũo̯# {GOLD: #dɾˌãnkˈuo̯#} | *#dɾə̃ɲ̈ɡˈũa̯# {GOLD: >*} | *#dɾəɲ̈ɡˈua̯# {GOLD: >*} | *#dɾəŋɡˈua̯# {GOLD: #dɾaɡˈua̯#}
865    | ... | ... | ... | ... | ... | ... | ... | ... | #drˈɑɡɑ# | *#dɾˈaɡə# {GOLD: >*} | *#dɾˈaɡə# {GOLD: >*} | *#dɾˈaɡə# {GOLD: >*} | *#dɾˈaɡə# {GOLD: #dɾˈaɡə#}
866    | ... | ... | #drˈaɡmaː# | *#drˈɑɡmɑ# | *#drˈɑɡmɑ# | *#drˈɑɡmɑ# | *#drˈaɡma# | *#dɾˈaɡma# | *#dɾˈaɡma# | *#dɾˈaɡm̩# {GOLD: #dɾˈaɡmə#} | *#dɾˈaɡm̩# {GOLD: >*} | *#dɾˈaɡm̩# {GOLD: >*} | *#dɾˈaɡəm# {GOLD: #dɾˈaɡəm#}
867    | ... | ... | #drˈapanon# | *#drˈɑpɑnon# | *#drˈɑpɑnʊ# | *#drˈɑpɑnu# | *#drˈapɑ̃ɾ̃u# | *#dɾˈapɐɾ̃u# | *#dɾˈapɐɾ̃ə# | *#dɾˈapəɾ̃# {GOLD: #dɾˈapə̃ɾ̃ə#} | *#dɾˈapəɾ̃# {GOLD: >*} | *#dɾˈapəɾ# {GOLD: >*} | *#dɾˈapəɾ# {GOLD: #dɾˈapəɾ#}
868    | ... | ... | ... | ... | ... | ... | #drˈɒ̃ɡʊ# | *#dɾˈɑ̃nɡə# | *#dɾˈɑ̃nɡə# | *#dɾˈʌ̃ŋɡ# {GOLD: #dɾˈɑ̃nk#} | *#dɾˈə̃ɲ̈ɡ# {GOLD: >*} | *#dɾˈəɲ̈ɡ# {GOLD: >*} | *#dɾˈəŋɡ# {GOLD: #dɾˈəŋɡ#}
869    | ... | ... | ... | ... | ... | ... | ... | ... | #drˌæmˈitɪ# | *#dɾˌɛmˈit# {GOLD: >*} | *#dɾˌɛmˈit# {GOLD: >*} | *#dɾɛmˈit# {GOLD: >*} | *#dɾɛmˈit# {GOLD: #dɾɛmˈit#}
870    | ... | ... | ... | #dˌiːrˈeːktum# | *#dˌirˈeːktʊ# | *#dˌirˈeçtu# | *#dˌirˈejtu# | *#dɪɾˈejtu# | *#dəɾˈɛjtə# | *#dəɾˈɛjt# {GOLD: #dəɾˈɛjt#} | *#dəɾˈɛjt# {GOLD: >*} | *#dɾˈɛjt# {GOLD: >*} | *#dɾˈɛjt# {GOLD: #dɾˈɛjt#}
871    | ... | ... | ... | #drˈɑkiː# | *#drˈɑki# | *#drˈɑki# | *#drˈecɪ# | *#dɾˈecɪ# | *#dɾˈɛcə# | *#dɾˈɛc# {GOLD: >*} | *#dɾˈɛc# {GOLD: >*} | *#dɾˈɛc# {GOLD: >*} | *#dɾˈɛc# {GOLD: #dɾˈɛc#}
872    | ... | ... | ... | #drˌiwˈɑstum# | *#drˈiwɑstʊ# | *#drˈiwɑstu# | *#drˈiwastu# | *#dɾˈiːʃtu# | *#dɾˈiːʃtə# | *#dɾˈiːʃt# {GOLD: #dɾˈiʃt#} | *#dɾˈiːʃt# {GOLD: >*} | *#dɾˈiʃt# {GOLD: >*} | *#dɾˈiʃt# {GOLD: #dɾˈiʃt#}
873    | ... | ... | #drˈiwaston# | *#drˌiːwˈɑston# | *#drˈiwɑstʊ# | *#drˈiwɑstu# | *#drˈiwastu# | *#dɾˈiːʃtu# | *#dɾˈiːʃtə# | *#dɾˈiːʃt# {GOLD: >*} | *#dɾˈiːʃt# {GOLD: >*} | *#dɾˈiʃt# {GOLD: >*} | *#dɾˈiʃt# {GOLD: #dɾˈiʃt#}
874    | ... | ... | ... | #drˈiːnum# | *#drˈinʊ# | *#drˈinu# | *#drˈinu# | *#dɾˈĩnu# | *#dɾˈĩːnə# | *#dɾˈĩː# {GOLD: #dɾˈĩːɾ̃#} | *#dɾˈĩː# {GOLD: ...} | ... {GOLD: ...} | ... {GOLD: ...}
875    | ... | ... | ... | ... | ... | ... | ... | ... | #drˌɒbˈitɪ# | *#dɾˌɔbˈit# {GOLD: >*} | *#dɾˌɔbˈit# {GOLD: >*} | *#dɾɔbˈit# {GOLD: >*} | *#dɾɔbˈit# {GOLD: #dɾɔbˈit#}
876    | ... | ... | ... | ... | ... | ... | #drˈɒkʊ# | *#dɾˈɒkə# | *#dɾˈɒkə# | *#dɾˈɔk# {GOLD: >*} | *#dɾˈɔk# {GOLD: >*} | *#dɾˈɔk# {GOLD: >*} | *#dɾˈɔk# {GOLD: #dɾˈɔk#}
877    | ... | ... | ... | ... | ... | ... | ... | #dɛrnˈɔpɔli# | *#dərːˈɔpɔlˠə# | *#dɾˈɔpulˠ# {GOLD: >*} | *#dɾˈɔpulˠ# {GOLD: >*} | *#dɾˈɔpulˠ# {GOLD: >*} | *#dɾˈɔpulˠ# {GOLD: #dɾˈɔpulˠ#}
878    | ... | ... | ... | ... | ... | ... | #drˈɒbɪnit͡sɑ# | *#dɾˈɔbnit͡sɑ# | *#dɾˈɔmːit͡sɑ# | *#dɾˈɔmːt͡sə# {GOLD: >*} | *#dɾˈɔmt͡sə# {GOLD: >*} | *#dɾˈɔmt͡sə# {GOLD: >*} | *#dɾˈɔmt͡sə# {GOLD: #dɾˈɔmt͡sə#}
879    | ... | ... | ... | ... | ... | ... | #t͡sˌælˈikʊ# | *#t͡sˌɑlˈikə# | *#t͡sˌɑlˈikə# | *#t͡sˌalˈik# {GOLD: >*} | *#t͡sˌalˈik# {GOLD: >*} | *#t͡salˈik# {GOLD: >*} | *#t͡salˈik# {GOLD: #t͡salˈik#}
880    | ... | ... | ... | ... | ... | ... | ... | ... | #t͡sˌɑrˈinɑ# | *#t͡sˌaɾˈinə# {GOLD: >*} | *#t͡sˌaɾˈinə# {GOLD: >*} | *#t͡saɾˈinə# {GOLD: >*} | *#t͡saɾˈinə# {GOLD: #t͡saɾˈinə#}
881    | ... | ... | ... | ... | ... | ... | ... | #t͡sˌarˈuxja# | *#t͡sˌarˈuxja# | *#t͡sˌaɾˈuxɛ# {GOLD: >*} | *#t͡sˌaɾˈuhɛ# {GOLD: >*} | *#t͡saɾˈuhɛ# {GOLD: >*} | *#t͡saɾˈuhɛ# {GOLD: #t͡saɾˈucɛ#}
882    | ... | ... | ... | ... | ... | ... | #t͡ʃˈɑrɑ# | *#t͡sˈɑɾɑ# | *#t͡sˈɑːɾɑ# | *#t͡sˈaːɾə# {GOLD: >*} | *#t͡sˈaːɾə# {GOLD: >*} | *#t͡sˈaɾə# {GOLD: >*} | *#t͡sˈaɾə# {GOLD: #t͡sˈaɾə#}
883    | ... | ... | ... | ... | ... | ... | #t͡ʃˈɑrɪbɑ# | *#t͡sˈɑɾɪbɑ# | *#t͡sˈɑːɾbɑ# | *#t͡sˈaːɾbə# {GOLD: >*} | *#t͡sˈaːɾbə# {GOLD: >*} | *#t͡sˈaɾbə# {GOLD: >*} | *#t͡sˈaɾbə# {GOLD: #t͡sˈaɾbə#}
884    | ... | ... | ... | ... | ... | ... | #t͡ʃˌɪrnˈidlʊ# | *#t͡sɪɾnˈiðlə# | *#t͡sərːˈiːlˠə# | *#t͡sərˈiːlˠ# {GOLD: >*} | *#t͡sərˈiːlˠ# {GOLD: >*} | *#t͡sərˈilˠ# {GOLD: >*} | *#t͡sərˈilˠ# {GOLD: #t͡səɾˈil#}
885    | ... | ... | ... | ... | ... | ... | #t͡ʃˌɪrnˈikʊ# | *#t͡sɪɾnˈikə# | *#t͡sərːˈikə# | *#t͡sərˈik# {GOLD: >*} | *#t͡sərˈik# {GOLD: >*} | *#t͡sərˈik# {GOLD: >*} | *#t͡sərˈik# {GOLD: #t͡sərˈik#}
886    | ... | ... | ... | ... | ... | ... | ... | ... | #t͡sˌænˈitɪ# | *#t͡sˌɛnˈit# {GOLD: >*} | *#t͡sˌɛnˈit# {GOLD: >*} | *#t͡sɛnˈit# {GOLD: >*} | *#t͡sɛnˈit# {GOLD: #t͡sɛnˈit#}
887    | ... | ... | ... | ... | ... | ... | #t͡ʃˈɪrmɑ# | *#t͡sˈɪɾmɑ# | *#t͡sˈɪːɾmɑ# | *#t͡sˈɛɾmə# {GOLD: >*} | *#t͡sˈɛɾmə# {GOLD: >*} | *#t͡sˈɛɾmə# {GOLD: >*} | *#t͡sˈɛɾmə# {GOLD: #t͡sˈɛɾmə#}
888    | ... | ... | ... | ... | ... | ... | #t͡ʃˈitɑ# | *#t͡sˈitɑ# | *#t͡sˈitɑ# | *#t͡sˈitə# {GOLD: >*} | *#t͡sˈitə# {GOLD: >*} | *#t͡sˈitə# {GOLD: >*} | *#t͡sˈitə# {GOLD: #t͡sˈitə#}
889    | ... | ... | ... | ... | ... | ... | #t͡ʃˈubʊ# | *#t͡sˈubə# | *#t͡sˈubə# | *#t͡sˈub# {GOLD: >*} | *#t͡sˈub# {GOLD: >*} | *#t͡sˈub# {GOLD: >*} | *#t͡sˈub# {GOLD: #t͡sˈub#}
890    | ... | ... | ... | ... | ... | ... | ... | #sˈɑɲɑ# | *#sˈɑːjɑ# | *#sˈaːjə# {GOLD: #sˈɑ̃jə#} | *#sˈaːjə# {GOLD: >*} | *#sˈajə# {GOLD: >*} | *#sˈajə# {GOLD: #sˈajə#}
891    | ... | ... | ... | ... | ... | ... | ... | #sˈænɑ# | *#sˈænɑ# | *#sˈɛnə# {GOLD: >*} | *#sˈɛnə# {GOLD: >*} | *#sˈɛnə# {GOLD: >*} | *#sˈɛnə# {GOLD: #sˈanə#}
892    | ... | ... | ... | ... | ... | ... | ... | ... | #sˈɑbʎɑ# | *#sˈabʎɛ# {GOLD: >*} | *#sˈabʎɛ# {GOLD: >*} | *#sˈabjɛ# {GOLD: >*} | *#sˈabjɛ# {GOLD: #sˈabjɛ#}
893    | ... | ... | ... | ... | ... | ... | ... | ... | #sˈɛlɪt͡sɑ# | *#sˈɛlt͡sə# {GOLD: >*} | *#sˈɛlt͡sə# {GOLD: >*} | *#sˈɛlt͡sə# {GOLD: >*} | *#sˈɛlt͡sə# {GOLD: #sˈɛlt͡sə#}
894    | ... | ... | ... | ... | ... | ... | ... | ... | #sˈærɑ# | *#sˈɛɾə# {GOLD: >*} | *#sˈɛɾə# {GOLD: >*} | *#sˈɛɾə# {GOLD: >*} | *#sˈɛɾə# {GOLD: #sˈɛɾə#}
895    | ... | ... | ... | ... | ... | ... | ... | ... | #sˈɛ̃brʊ# | *#sˈɛmbɾ̩# {GOLD: >*} | *#sˈɛmbɾ̩# {GOLD: >*} | *#sˈɛmbɾ̩# {GOLD: >*} | *#sˈɛmbəɾ# {GOLD: #sˈɛmbəɾ#}
896    | ... | ... | ... | ... | ... | ... | ... | #sˌimmaxˈɔːrɔn# | *#sˌimːaxˈuo̯rə# | *#sˌimːaxˈuo̯ɾ# {GOLD: >*} | *#sˌimahˈua̯ɾ# {GOLD: >*} | *#simahˈua̯ɾ# {GOLD: >*} | *#simahˈua̯ɾ# {GOLD: #simahˈua̯ɾ#}
897    | ... | ... | ... | ... | ... | ... | ... | ... | #sˈilɑ# | *#sˈilˠə# {GOLD: >*} | *#sˈilˠə# {GOLD: >*} | *#sˈilˠə# {GOLD: >*} | *#sˈilˠə# {GOLD: #sˈilˠə#}
898    | ... | ... | ... | ... | ... | ... | ... | #sˌɛ̃jˈitɪ# | *#sˌɛ̃ˈitə# | *#sˈiːt# {GOLD: >*} | *#sˈiːt# {GOLD: >*} | *#sˈit# {GOLD: >*} | *#sˈit# {GOLD: #sˈit#}
899    | ... | ... | ... | ... | ... | ... | ... | ... | #sˈitɒ# | *#sˈitə# {GOLD: >*} | *#sˈitə# {GOLD: >*} | *#sˈitə# {GOLD: >*} | *#sˈitə# {GOLD: #sˈitə#}
900    | ... | ... | ... | ... | ... | ... | ... | ... | #sˈitʊkɑ# | *#sˈitkə# {GOLD: >*} | *#sˈitkə# {GOLD: >*} | *#sˈitkə# {GOLD: >*} | *#sˈitkə# {GOLD: #sˈitkə#}
901    | ... | ... | ... | ... | ... | ... | ... | ... | #sˈitʊkɑ# | *#sˈitkə# {GOLD: >*} | *#sˈitkə# {GOLD: >*} | *#sˈitkə# {GOLD: >*} | *#sˈitkə# {GOLD: #sˈitkə#}
902    | ... | ... | ... | ... | ... | ... | ... | ... | #sˌʊtˈinɑ# | *#sˌɔtˈinə# {GOLD: >*} | *#sˌɔtˈinə# {GOLD: >*} | *#sɔtˈinə# {GOLD: >*} | *#sɔtˈinə# {GOLD: #sɔtˈinə#}
903    | ... | ... | ... | ... | ... | ... | ... | #sˌɒ̃dˈɔɲ# | *#sˌɔ̃dˈɔɲ# | *#sˌɔndˈɔɲ# {GOLD: >*} | *#sˌɔndˈɔɲ# {GOLD: >*} | *#sɔndˈɔɲ# {GOLD: >*} | *#sɔndˈɔj# {GOLD: #sɔndˈɔj#}
904    | ... | ... | ... | ... | ... | ... | ... | ... | #sˌɒβˈɑdlʊkɑ# | *#sˌɔvˈaʎkə# {GOLD: >*} | *#sˌɔvˈaʎkə# {GOLD: >*} | *#sɔvˈajkə# {GOLD: >*} | *#sɔvˈajkə# {GOLD: #sɔvˈajkə#}
905    | ... | ... | ... | ... | ... | ... | ... | ... | #skˈɒrɒ# | *#skˈɔɾə# {GOLD: >*} | *#skˈɔɾə# {GOLD: >*} | *#skˈɔɾə# {GOLD: >*} | *#skˈɔɾə# {GOLD: #skˈɔrə#}
906    | ... | ... | ... | ... | ... | ... | ... | #skˌɒɾlˈupɑ# | *#skˌɒɾlˈupɑ# | *#skˌɔlˈupə# {GOLD: >*} | *#skˌɔlˈupə# {GOLD: >*} | *#skɔlˈupə# {GOLD: >*} | *#skɔlˈupə# {GOLD: #sklˠˈupə#}
907    | ... | ... | ... | ... | ... | ... | ... | #skrˈɒβnɑ# | *#skrˈɒmːɑ# | *#skɾˈɔmːə# {GOLD: >*} | *#skɾˈɔmə# {GOLD: >*} | *#skɾˈɔmə# {GOLD: >*} | *#skɾˈɔmə# {GOLD: #skɾˈɔmə#}
908    | ... | ... | ... | ... | ... | ... | ... | ... | #sʊlˈɒɡʊ# | *#slˈɔɡ# {GOLD: >*} | *#slˈɔɡ# {GOLD: >*} | *#slˈɔɡ# {GOLD: >*} | *#slˈɔɡ# {GOLD: #slˠˈɔɡ#}
909    | ... | ... | ... | ... | ... | ... | ... | ... | #sˌɒ̃dˈɔ̃ɲ# | *#sˌũndˈɔ̃ɲ# {GOLD: >*} | *#sˌũndˈɔ̃ɲ# {GOLD: >*} | *#sundˈɔɲ# {GOLD: >*} | *#sundˈɔj# {GOLD: #sundˈɔj#}
910    | ... | ... | ... | ... | ... | ... | ... | ... | #sˈuxɑ# | *#sˈuxə# {GOLD: >*} | *#sˈuhə# {GOLD: >*} | *#sˈuhə# {GOLD: >*} | *#sˈuhə# {GOLD: #sˈuhə#}
911    | ... | ... | ... | ... | ... | ... | ... | #sˈukulɒ# | *#sˈukulˠə# | *#sˈukulˠ# {GOLD: >*} | *#sˈukulˠ# {GOLD: >*} | *#sˈukulˠ# {GOLD: >*} | *#sˈukulˠ# {GOLD: #sˈukulˠ#}
912    | ... | ... | ... | ... | ... | ... | ... | #sxˈima# | *#skˈima# | *#skˈimə# {GOLD: >*} | *#skˈimə# {GOLD: >*} | *#skˈimə# {GOLD: >*} | *#scˈimə# {GOLD: #scˈimə#}
913    | ... | ... | ... | #skˈuːtum# | *#skˈuːtʊ# | *#skˈytu# | *#scˈytu# | *#ʃcˈytu# | *#ʃcˈytə# | *#ʃcˈyt# {GOLD: >*} | *#ʃcˈyt# {GOLD: >*} | *#ʃcˈyt# {GOLD: #ʃcˈyt#} | *#scˈyt# {GOLD: #scˈyt#}
914    | ... | ... | ... | ... | ... | ... | ... | ... | #slˈɒtɑ# | *#skʎˈɔtə# {GOLD: >*} | *#skʎˈɔtə# {GOLD: >*} | *#scˈɔtə# {GOLD: >*} | *#scˈɔtə# {GOLD: #scˈɔtə#}
915    | ... | ... | ... | ... | ... | ... | ... | #slˈufuɾɛ# | *#slˈuːfuɾə# | *#skʎˈuːfuɾ# {GOLD: >*} | *#skʎˈuːfuɾ# {GOLD: >*} | *#scˈufuɾ# {GOLD: >*} | *#scˈufuɾ# {GOLD: #scˈufuɾ#}
916    | ... | ... | ... | ... | ... | ... | ... | ... | #strˌɪkˈɑtɪ# | *#stɾ̩kˈat# {GOLD: >*} | *#stɾ̩kˈat# {GOLD: >*} | *#stɾ̩kˈat# {GOLD: >*} | *#stəɾkˈat# {GOLD: #stəɾkˈat#}
917    | ... | ... | ... | ... | ... | ... | ... | ... | #stˌərβˈitɪ# | *#stɾ̩vˈit# {GOLD: >*} | *#stɾ̩vˈit# {GOLD: >*} | *#stɾ̩vˈit# {GOLD: >*} | *#stəɾvˈit# {GOLD: #stəɾvˈit#}
918    | ... | ... | ... | ... | ... | ... | ... | ... | #stˌɪrβˈinɑ# | *#stɾ̩vˈinə# {GOLD: >*} | *#stɾ̩vˈinə# {GOLD: >*} | *#stɾ̩vˈinə# {GOLD: >*} | *#stəɾvˈinə# {GOLD: #stəɾvˈinə#}
919    | ... | ... | ... | ... | ... | ... | ... | ... | #stˈɛʎɑ# | *#stˈɛʎə# {GOLD: >*} | *#stˈɛʎə# {GOLD: >*} | *#stˈɛjə# {GOLD: >*} | *#stˈɛjə# {GOLD: #stˈɛjə#}
920    | ... | ... | ... | ... | ... | ... | ... | ... | #stˈɪpɪ# | *#stˈɛp# {GOLD: >*} | *#stˈɛp# {GOLD: >*} | *#stˈɛp# {GOLD: >*} | *#stˈɛp# {GOLD: #stˈɛp#}
921    | ... | ... | ... | ... | ... | ... | ... | ... | #strˈæxɑ# | *#stɾˈɛxə# {GOLD: >*} | *#stɾˈɛhə# {GOLD: >*} | *#stɾˈɛhə# {GOLD: >*} | *#stɾˈɛhə# {GOLD: #stɾˈɛhə#}
922    | ... | ... | ... | ... | ... | ... | ... | ... | #strˈɒkɑ# | *#stɾˈɔkə# {GOLD: >*} | *#stɾˈɔkə# {GOLD: >*} | *#stɾˈɔkə# {GOLD: >*} | *#stɾˈɔkə# {GOLD: #stɾˈɔkə#}
923    | ... | ... | ... | ... | ... | ... | ... | ... | #strˈʊkɑ# | *#stɾˈukə# {GOLD: >*} | *#stɾˈukə# {GOLD: >*} | *#stɾˈukə# {GOLD: >*} | *#stɾˈukə# {GOLD: #stɾˈukə#}
924    | ... | ... | ... | ... | ... | ... | ... | ... | #strˈumɨ# | *#stɾˈum# {GOLD: >*} | *#stɾˈum# {GOLD: >*} | *#stɾˈum# {GOLD: >*} | *#stɾˈum# {GOLD: #stɾˈum#}
925    | ... | ... | ... | ... | ... | ... | ... | ... | #səmiʎˈɑtɪ# | *#səmʎˈat# {GOLD: >*} | *#səmʎˈat# {GOLD: >*} | *#səmjˈat# {GOLD: >*} | *#səmjˈat# {GOLD: #smilˈat#}
926    | ... | ... | ... | #dis# | *#dɪ# | *#dɪ# | *#dɪ# | *#dɪ# | *#də# | *#də# {GOLD: >*} | *#də# {GOLD: >*} | *#də# {GOLD: >*} | *#də# {GOLD: #z#}
927    | ... | ... | ... | ... | ... | ... | ... | ... | #zˌɑbˈælʊ# | *#zˌabˈɛl# {GOLD: >*} | *#zˌabˈɛl# {GOLD: >*} | *#zabˈɛl# {GOLD: >*} | *#zabˈɛl# {GOLD: #zabˈɛl#}
928    | ... | ... | ... | ... | ... | ... | #zˌɑbˈɔːjɪ# | *#zˌɑbˈɔːjɪ# | *#zˌɑbˈuo̯# | *#zˌabˈuo̯# {GOLD: #zˌabˈuo̯#} | *#zˌabˈua̯# {GOLD: >*} | *#zabˈua̯# {GOLD: >*} | *#zabˈua̯# {GOLD: #zabˈua̯#}
929    | ... | ... | #ɦˌajɡialˈon# | *#ˌɑjd͡ʒɑlˈon# | *#ˌɑjd͡ʒˈɑlʊn# | *#ˌɑjd͡ʒˈɑlun# | *#d͡ʒˈalun# | *#zˈalũn# | *#zˈaːlˠə# | *#zˈaːlˠ# {GOLD: >*} | *#zˈaːlˠ# {GOLD: >*} | *#zˈalˠ# {GOLD: >*} | *#zˈalˠ# {GOLD: #zˈalˠ#}
930    | ... | ... | ... | ... | ... | ... | #zˌɒ̃bˈiʃtɪ# | *#zˌɑ̃nbˈiʃtɪ# | *#zˌɑ̃nbˈiːʃtə# | *#zˌʌ̃mbˈiːʃt# {GOLD: #zˌãmbˈiʃt#} | *#zˌə̃mbˈiːʃt# {GOLD: >*} | *#zəmbˈiʃt# {GOLD: >*} | *#zəmbˈiʃt# {GOLD: #zəmbˈiʃt#}
931    | ... | ... | ... | ... | ... | ... | #zˌɒ̃bʊlˈɑkʊ# | *#zˌɑ̃nblˈɑkə# | *#zˌɑ̃nblˈɑkə# | *#zˌʌ̃mblˈak# {GOLD: #zˌɑ̃mblˈak#} | *#zˌə̃mblˈak# {GOLD: >*} | *#zəmblˈak# {GOLD: >*} | *#zəmblˈak# {GOLD: #zəmblˈak#}
932    | ... | ... | ... | #diˈɑːnɑ# | *#d͡ʒjˈɑːnɑ# | *#d͡ʒjˈɑnɑ# | *#d͡ʒˈana# | *#zˈãɾ̃a# | *#zˈãɾ̃a# | *#zˈʌ̃ɾ̃ə# {GOLD: #zˈɑ̃ɾ̃ə#} | *#zˈə̃ɾ̃ə# {GOLD: >*} | *#zˈəɾə# {GOLD: >*} | *#zˈəɾə# {GOLD: #zˈəɾə#}
933    | ... | ... | #diˈaːmeron# | *#d͡ʒˈɒːməron# | *#d͡ʒˈaːmːərʊ# | *#d͡ʒˈamːəru# | *#d͡ʒˈamːəru# | *#zˈãmːəɾu# | *#zˈãmːəɾə# | *#zˈʌ̃mːɾ̩# {GOLD: #zˈãməɾə#} | *#zˈə̃mɾ̩# {GOLD: >*} | *#zˈəmɾ̩# {GOLD: >*} | *#zˈəməɾ# {GOLD: #zˈəməɾ#}
934    | ... | ... | ... | ... | ... | ... | #zˈɒ̃bʊsæ# | *#zˈɑ̃nbʃɑ# | *#zˈɑ̃npʃɑ# | *#zˈʌ̃mʃə# {GOLD: #zˈɑ̃mpʃə#} | *#zˈə̃mʃə# {GOLD: >*} | *#zˈəmt͡ʃə# {GOLD: >*} | *#zˈəmt͡ʃə# {GOLD: #zˈəmt͡ʃə#}
935    | ... | ... | ... | ... | #jɔzˈɛfɔ# | *#jozˈɛfo# | *#jozˈɛfo# | *#jɔzˈɛfɔ# | *#jɔzˈɛːfə# | *#jɔzˈɛːf# {GOLD: >*} | *#jɔzˈɛːf# {GOLD: >*} | *#jɔzˈɛf# {GOLD: >*} | *#jɔzˈɛf# {GOLD: #zˈɛf#}
936    | ... | ... | ... | ... | ... | ... | #zˈɯʃɑ# | *#zˈɯʃɑ# | *#zˈuːʃɑ# | *#zˈuːʃə# {GOLD: >*} | *#zˈuːʃə# {GOLD: >*} | *#zˈuʃə# {GOLD: >*} | *#zˈuʃə# {GOLD: #zˈuʃə#}
937    | ... | ... | ... | #skˈɑbiem# | *#skˈɑbjɛ# | *#skˈɑbjɛ# | *#zɟˈebjɛ# | *#zɟˈebjɛ# | *#zɟˈɛbjɛ# | *#zɟˈɛbɛ# {GOLD: >*} | *#zɟˈɛbɛ# {GOLD: >*} | *#zɟˈɛbɛ# {GOLD: >*} | *#zɟˈɛbɛ# {GOLD: #zɟˈɛbɛ#}
938    | ... | ... | ... | #skˈoːriɑ# | *#skˈoːrjɑ# | *#skˈørjɑ# | *#zɟˈyra# | *#zɟˈyɾa# | *#zɟˈyːɾa# | *#zɟˈyːɾə# {GOLD: >*} | *#zɟˈyːɾə# {GOLD: >*} | *#zɟˈyɾə# {GOLD: >*} | *#zɟˈyɾə# {GOLD: #zɟˈyɾə#}
939    | ... | ... | ... | #ˌekswˌiɡilˈɑːnioː# | *#ˌɛswˌɪɡɪlˈɒːnju# | *#ˌɛsweɡelˈoɲu# | *#zbeɟɪlˈoɲu# | *#zbɪɟɪlˈɔ̃ɲu# | *#zbɟəlˠˈɔ̃ɲə# | *#zɟəlˠˈɔ̃ɲ# {GOLD: >*} | *#zɟəlˠˈɔ̃ɲ# {GOLD: >*} | *#zɟəlˠˈɔɲ# {GOLD: >*} | *#zɟəlˠˈɔj# {GOLD: #zɟˈɔj#}
940    | ... | ... | ... | ... | ... | ... | ... | ... | #jˌɪzbɑβˈitɪ# | *#zbavˈit# {GOLD: >*} | *#zbavˈit# {GOLD: >*} | *#zbavˈit# {GOLD: >*} | *#zbavˈit# {GOLD: #zbavˈit#}
941    | ... | ... | ... | #dˌiswˌeːlˈɑːnioː# | *#dˌɪswˌeːlˈɒːnju# | *#dˌiswˌelˈoɲu# | *#dˌizbˌulːˈoɲu# | *#dɪzbˌulːˈɔ̃ɲu# | *#dəzbˌulːˈɔ̃ɲə# | *#zbˌulːˈɔ̃ɲ# {GOLD: >*} | *#zbˌulːˈɔ̃ɲ# {GOLD: >*} | *#zbulˈɔɲ# {GOLD: >*} | *#zbulˈɔj# {GOLD: #zbulˈɔj#}
942    | ... | ... | ... | ... | ... | ... | #zwˌærˈiʃtɛ# | *#zwˌɑɾˈiʃtɛ# | *#zwˌɑɾˈiːʃtə# | *#zvˌaɾˈiːʃt# {GOLD: >*} | *#zvˌaɾˈiːʃt# {GOLD: >*} | *#zvaɾˈiʃt# {GOLD: >*} | *#zvaɾˈiʃt# {GOLD: #zvaɾˈiʃt#}
943    | ... | ... | ... | ... | #ˌɛsmˈʊʎɑ# | *#ˌɛsmˈuʎɑ# | *#zmˈuʎa# | *#zmˈuʎa# | *#zmˈɔjlɛ# | *#zmˈɔjlɛ# {GOLD: >*} | *#zmˈɔjlɛ# {GOLD: >*} | *#zmˈɔjlɛ# {GOLD: >*} | *#zmˈɔjlɛ# {GOLD: #zmˈɔjlɛ#}
944    | ... | ... | ... | ... | ... | ... | ... | #θˈamna# | *#θˈamːa# | *#θˈamːə# {GOLD: >*} | *#θˈamə# {GOLD: >*} | *#θˈamə# {GOLD: >*} | *#θˈamə# {GOLD: #θˈanə#}
945    | ... | ... | ... | #t͡sˈikɑm# | *#t͡sˈikɑ# | *#θˈikɑ# | *#θˈika# | *#θˈika# | *#θˈika# | *#θˈikə# {GOLD: >*} | *#θˈikə# {GOLD: >*} | *#θˈikə# {GOLD: >*} | *#θˈikə# {GOLD: #θˈikə#}
946    | ... | ... | ... | ... | ... | ... | ... | #ðjˈakɔn# | *#ðjˈakə# | *#ðjˈak# {GOLD: >*} | *#ðjˈak# {GOLD: >*} | *#ðjˈak# {GOLD: >*} | *#ðjˈak# {GOLD: #ðjˈak#}
947    | ... | ... | #ɦˌajd͡zˈiːd͡zaː# | *#ˌɑjd͡zˈiːd͡zɑ# | *#ˌɑjd͡zˈid͡zɑ# | *#ˌɑjðˈiðɑ# | *#ðˈiða# | *#ðˈiða# | *#ðˈiða# | *#ðˈiðə# {GOLD: #ðˈiː#} | *#ðˈiðə# {GOLD: >*} | *#ðˈiðə# {GOLD: >*} | *#ðˈiðə# {GOLD: #ðˈi#}
948    | ... | ... | ... | ... | ... | ... | ... | #ðˈiskɔ# | *#ðˈiːskə# | *#ðˈiːsk# {GOLD: >*} | *#ðˈiːsk# {GOLD: >*} | *#ðˈisk# {GOLD: >*} | *#ðˈisk# {GOLD: #ðˈisk#}
949    | ... | ... | ... | ... | ... | ... | ... | #ðˈɔmɔ# | *#ðˈɔmə# | *#ðˈɔm# {GOLD: >*} | *#ðˈɔm# {GOLD: >*} | *#ðˈɔm# {GOLD: >*} | *#ðˈɔm# {GOLD: #ðˈɔmə#}
950    | ... | ... | ... | #edˌoːnˈɑːnioː# | *#ɛdˌunˈɒːnju# | *#ɛdˌuɾˈoɲu# | *#ðˌuɾˈoɲu# | *#ðˌuɾˈɔ̃ɲu# | *#ðˌuɾˈɔ̃ɲə# | *#ðˌuɾˈɔ̃ɲ# {GOLD: >*} | *#ðˌuɾˈɔ̃ɲ# {GOLD: >*} | *#ðuɾˈɔɲ# {GOLD: >*} | *#ðuɾˈɔj# {GOLD: #ðuɾˈɔj#}
951    | ... | ... | ... | #nˌɑːtˈuːrɑm# | *#nˌɑːtˈuːrɑ# | *#nˌɑtˈyrɑ# | *#nˌatˈyra# | *#nˌaːtˈyɾa# | *#nˌaːtˈyːɾa# | *#nˌaːtˈyːɾə# {GOLD: >*} | *#nˌaːtˈyːɾə# {GOLD: >*} | *#natˈyɾə# {GOLD: >*} | *#natˈyɾə# {GOLD: #natˈyɾə#}
952    | ... | ... | ... | #ˌinˌɑltiˈɑːnioː# | *#ˌɪnˌɑlt͡ʃjˈɒːnju# | *#ˌenˌɑlt͡ʃjˈoɲu# | *#nˌalt͡ʃˈoɲu# | *#nˌalsˈɔ̃ɲu# | *#nˌalsˈɔ̃ɲə# | *#nˌalsˈɔ̃ɲ# {GOLD: >*} | *#nˌalsˈɔ̃ɲ# {GOLD: >*} | *#nalt͡sˈɔɲ# {GOLD: #nalt͡sˈɔɲ#} | *#nalt͡sˈɔj# {GOLD: #nalt͡sˈɔj#}
953    | ... | ... | ... | #ˌinˌɑwritˈɑːnioː# | *#ˌɪnˌɑwrɪtˈɒːnju# | *#ˌenˌɑwrtˈoɲu# | *#nˌawrtˈoɲu# | *#nˌaːɾtˈɔ̃ɲu# | *#nˌaːɾtˈɔ̃ɲə# | *#nˌaːɾtˈɔ̃ɲ# {GOLD: >*} | *#nˌaːɾtˈɔ̃ɲ# {GOLD: >*} | *#naɾtˈɔɲ# {GOLD: >*} | *#naɾtˈɔj# {GOLD: #naɾtˈɔj#}
954    | ... | ... | ... | ... | #ˌɑnˌɑfˈɔrɑ# | *#ˌɑnˌɑfˈorɑ# | *#nˌafˈora# | *#nˌafˈɔɾa# | *#nˌafˈɔːɾa# | *#nˌafˈɔːɾə# {GOLD: >*} | *#nˌafˈɔːɾə# {GOLD: >*} | *#nafˈɔɾə# {GOLD: >*} | *#nafˈɔɾə# {GOLD: #nafˈɔɾə#}
955    | ... | ... | ... | #ˌinˈɑltum# | *#ˌɪnˈɑltʊ# | *#ˌenˈɑltu# | *#nˈaltu# | *#nˈaltu# | *#nˈaːltə# | *#nˈaːlt# {GOLD: #nˈalt#} | *#nˈaːlt# {GOLD: >*} | *#nˈalt# {GOLD: >*} | *#nˈalt# {GOLD: #nˈalt#}
956    | ... | ... | ... | #ˌinˈɑltɑ# | *#ˌɪnˈɑltɑ# | *#ˌenˈɑltɑ# | *#nˈalta# | *#nˈalta# | *#nˈaːlta# | *#nˈaːltə# {GOLD: #nˈaltə#} | *#nˈaːltə# {GOLD: >*} | *#nˈaltə# {GOLD: #nˈaltə#} | *#nˈaltə# {GOLD: #nˈaltə#}
957    | ... | ... | ... | #nˈɑppɑ# | *#nˈɑppɑ# | *#nˈɑppɑ# | *#nˈappa# | *#nˈapa# | *#nˈapa# | *#nˈapə# {GOLD: >*} | *#nˈapə# {GOLD: >*} | *#nˈapə# {GOLD: >*} | *#nˈapə# {GOLD: #nˈapə#}
958    | ... | ... | ... | #nˌominˈɑːnioː# | *#nˌɛmːɪnˈɒːnju# | *#nˌemːenˈoɲu# | *#nˌemːɑ̃ɾ̃ˈoɲu# | *#nˌẽmːə̃ɾ̃ˈɔ̃ɲu# | *#nˌə̃mːə̃ɾ̃ˈɔ̃ɲə# | *#nˌə̃mːə̃ɾ̃ˈɔ̃ɲ# {GOLD: >*} | *#nˌə̃mɾ̃ˈɔ̃ɲ# {GOLD: >*} | *#nəmɾˈɔɲ# {GOLD: >*} | *#nəmɾˈɔj# {GOLD: #nəməɾˈɔj#}
959    | ... | ... | ... | ... | ... | ... | #nˌɛrˈɑnt͡sɑ# | *#nˌɛɾˈɑ̃nt͡sɑ# | *#nˌɛɾˈɑ̃nd͡zɑ# | *#nˌɛɾˈʌ̃nd͡zə# {GOLD: >*} | *#nˌɛɾˈə̃nd͡zə# {GOLD: >*} | *#nɛɾˈənd͡zə# {GOLD: >*} | *#nɛɾˈənd͡zə# {GOLD: #nɛɾˈənd͡zə#}
960    | ... | ... | ... | ... | ... | ... | ... | ... | #nˌɛpˈərtəkɑ# | *#nˌɛpˈəɾkə# {GOLD: >*} | *#nˌɛpˈəɾkə# {GOLD: >*} | *#nɛpˈəɾkə# {GOLD: >*} | *#nɛpˈəɾkə# {GOLD: #nɛpˈəɾkə#}
961    | ... | ... | ... | ... | ... | ... | ... | ... | #nˌɛβˌærˈitɪ# | *#nˌɛvˌɛɾˈit# {GOLD: >*} | *#nˌɛvˌɛɾˈit# {GOLD: >*} | *#nɛvɛɾˈit# {GOLD: >*} | *#nɛvɛɾˈit# {GOLD: #nɛvɛɾˈit#}
962    | ... | ... | ... | ... | ... | ... | ... | ... | #nˌɛβˈɒʎɑ# | *#nˌɛvˈɔʎə# {GOLD: >*} | *#nˌɛvˈɔʎə# {GOLD: >*} | *#nɛvˈɔjə# {GOLD: >*} | *#nɛvˈɔjə# {GOLD: #nɛvˈɔjə#}
963    | ... | ... | ... | #mˈetulɑ# | *#mˈɛtʊlɑ# | *#mˈɛtulɑ# | *#mˈɛtula# | *#mˈɛːtula# | *#mˈie̯tulˠə# | *#mjˈɛtulˠ# {GOLD: >*} | *#mjˈɛtulˠ# {GOLD: >*} | *#mjˈɛtulˠ# {GOLD: >*} | *#mjˈɛtulˠ# {GOLD: #nˈɛtulˠ#}
964    | ... | ... | ... | ... | ... | ... | ... | ... | #nˈæmʊ# | *#nˈɛm# {GOLD: >*} | *#nˈɛm# {GOLD: >*} | *#nˈɛm# {GOLD: >*} | *#nˈɛm# {GOLD: #nˈɛm#}
965    | ... | ... | ... | ... | ... | ... | ... | ... | #nˈæmɪt͡sɪ# | *#nˈɛmˌɛt͡s# {GOLD: >*} | *#nˈɛmˌɛt͡s# {GOLD: >*} | *#nˈɛmɛt͡s# {GOLD: >*} | *#nˈɛmɛt͡s# {GOLD: #nˈɛmɛt͡s#}
966    | ... | ... | #naiːssˈon# | *#nɑiːssˈon# | *#nɑˈissʊn# | *#nɑˈissun# | *#naˈissun# | *#nəˈiʃũn# | *#nəˈiːʃə# | *#nˈiːʃ# {GOLD: >*} | *#nˈiːʃ# {GOLD: >*} | *#nˈiʃ# {GOLD: >*} | *#nˈiʃ# {GOLD: #nˈiʃ#}
967    | ... | ... | ... | #nˈinnɑ# | *#nˈɪnnɑ# | *#nˈinːɑ# | *#nˈinːa# | *#nˈĩnːa# | *#nˈĩnːa# | *#nˈĩnːə# {GOLD: >*} | *#nˈĩnə# {GOLD: >*} | *#nˈinə# {GOLD: >*} | *#nˈinə# {GOLD: #nˈinə#}
968    | ... | ... | ... | #nˈoːdum# | *#nˈoːdʊ# | *#nˈødu# | *#nˈøðu# | *#nˈœðu# | *#nˈɛðə# | *#nˈɛð# {GOLD: #nˈyø̯#} | *#nˈɛð# {GOLD: >*} | *#nˈɛð# {GOLD: >*} | *#nˈɛð# {GOLD: #nˈye̯#}
969    | ... | ... | ... | #nˈoːdulum# | *#nˈoːdʊlʊ# | *#nˈødulu# | *#nˈøðulu# | *#nˈœðlu# | *#nˈye̯lˠə# | *#nˈye̯lˠ# {GOLD: >*} | *#nˈye̯lˠ# {GOLD: >*} | *#nˈye̯lˠ# {GOLD: >*} | *#nˈye̯lˠ# {GOLD: #nˈye̯lˠ#}
970    | ... | ... | ... | #nˌotˈɑːnioː# | *#nˌɒtˈɒːnju# | *#nˌotˈoɲu# | *#nˌotˈoɲu# | *#nˌɔːtˈɔ̃ɲu# | *#nˌɔːtˈɔ̃ɲə# | *#nˌɔːtˈɔ̃ɲ# {GOLD: >*} | *#nˌɔːtˈɔ̃ɲ# {GOLD: >*} | *#nɔtˈɔɲ# {GOLD: >*} | *#nɔtˈɔj# {GOLD: #nɔtˈɔj#}
971    | ... | ... | ... | ... | ... | ... | ... | ... | #nˌɒʒˈikɑ# | *#nˌɔʒˈikə# {GOLD: >*} | *#nˌɔʒˈikə# {GOLD: >*} | *#nɔʒˈikə# {GOLD: >*} | *#nɔʒˈikə# {GOLD: #nɔzˈikə#}
972    | ... | ... | ... | #ˌinnˈokʷum# | *#ˌɪnnˈɒkʷʊ# | *#ˌenːˈokʷu# | *#nːˈoku# | *#nːˈɔku# | *#nːˈɔkə# | *#nːˈɔk# {GOLD: >*} | *#nˈɔk# {GOLD: >*} | *#nˈɔk# {GOLD: >*} | *#nˈɔk# {GOLD: #nˈɔk#}
973    | ... | ... | ... | #nˌowˈɑstrum# | *#nˈɒwɑstrʊ# | *#nˈowɑstru# | *#nˈoastru# | *#nˈɔɐʃtɾu# | *#nˈɔɐʃtɾə# | *#nˈɔːʃtɾ̩# {GOLD: >*} | *#nˈɔːʃtɾ̩# {GOLD: >*} | *#nˈɔʃtɾ̩# {GOLD: >*} | *#nˈɔʃtəɾ# {GOLD: #nˈɔʃtəɾ#}
974    | ... | ... | ... | ... | ... | ... | ... | ... | #nˈɒβʊkɑ# | *#nˈɔfkə# {GOLD: >*} | *#nˈɔfkə# {GOLD: >*} | *#nˈɔfkə# {GOLD: >*} | *#nˈɔfkə# {GOLD: #nˈɔfkə#}
975    | ... | ... | ... | #ˌinˈoffulɑm# | *#ˌɪnˈɒffʊlɑ# | *#ˌenˈoffulɑ# | *#nˈoffula# | *#nˈɔfula# | *#nˈɔːfulˠə# | *#nˈɔːfulˠ# {GOLD: >*} | *#nˈɔːfulˠ# {GOLD: >*} | *#nˈɔfulˠ# {GOLD: >*} | *#nˈɔfulˠ# {GOLD: #nˈɔfulˠ#}
976    | ... | ... | ... | #nˌumerˈɑːnioː# | *#nˌʊmɛrˈɒːnju# | *#nˌumɛrˈoɲu# | *#nˌumɪrˈoɲu# | *#nˌũməɾˈɔ̃ɲu# | *#nˌũmbəɾˈɔ̃ɲə# | *#nˌũmbəɾˈɔ̃ɲ# {GOLD: >*} | *#nˌũmbəɾˈɔ̃ɲ# {GOLD: >*} | *#numbɾˈɔɲ# {GOLD: >*} | *#numbɾˈɔj# {GOLD: #numəɾˈɔj#}
977    | ... | ... | ... | #nˈuptiɑm# | *#nˈʊpt͡ʃjɑ# | *#nˈupt͡ʃjɑ# | *#nˈupt͡ʃa# | *#nˈuðsa# | *#nˈuːsa# | *#nˈuːsə# {GOLD: >*} | *#nˈuːsə# {GOLD: >*} | *#nˈusə# {GOLD: >*} | *#nˈusə# {GOLD: #nˈusɛ#}
978    | ... | ... | ... | #nˈonnum# | *#nˈɒnnʊ# | *#nˈonːu# | *#nˈonːu# | *#nˈɔ̃nːu# | *#nˈɔ̃nːə# | *#nˈɔ̃nː# {GOLD: >*} | *#nˈɔ̃n# {GOLD: >*} | *#nˈɔn# {GOLD: >*} | *#nˈɔn# {GOLD: #nˈun#}
979    | ... | ... | ... | #ˌɑnˈullɑm# | *#ˌɑnˈʊllɑ# | *#ˌɑnˈulːɑ# | *#nˈulːa# | *#nˈulːa# | *#nˈuːlːa# | *#nˈuːlːə# {GOLD: >*} | *#nˈuːlːə# {GOLD: >*} | *#nˈulə# {GOLD: >*} | *#nˈulə# {GOLD: #nˈulə#}
980    | ... | ... | ... | #nˈumerum# | *#nˈʊmɛrʊ# | *#nˈumɛru# | *#nˈumɪru# | *#nˈũmɪɾu# | *#nˈũməɾə# | *#nˈũmɾ̩# {GOLD: >*} | *#nˈũmɾ̩# {GOLD: >*} | *#nˈumɾ̩# {GOLD: >*} | *#nˈuməɾ# {GOLD: #nˈuməɾ#}
981    | ... | ... | ... | #ˌindˌulˈeːnioː# | *#ˌɪndˌʊlˈeːnju# | *#ˌendˌulˈeɲu# | *#əndˌulˈeɲu# | *#ə̃ndˌulˈẽɲu# | *#ə̃ndˌulˠˈɛ̃ɲə# | *#ə̃ndˌəlˠˈɛ̃ɲ# {GOLD: >*} | *#ə̃ndˌəlˠˈɛ̃ɲ# {GOLD: >*} | *#ndəlˠˈɛɲ# {GOLD: >*} | *#ndəlˠˈɛj# {GOLD: #ndəlˠˈɛj#}
982    | ... | ... | ... | #ˌindˌeːspikˈɑːnioː# | *#ˌɪndˌeːspɪkˈɒːnju# | *#ˌendˌespekˈoɲu# | *#əndˌespkˈoɲu# | *#ə̃ndɪʃpkˈɔ̃ɲu# | *#ə̃ndəʃpkˈɔ̃ɲə# | *#ə̃ndəʃkˈɔ̃ɲ# {GOLD: #n̩diʃkˈɔ̃ɲ#} | *#ə̃ndəʃkˈɔ̃ɲ# {GOLD: >*} | *#dəʃkˈɔɲ# {GOLD: >*} | *#dəʃkˈɔj# {GOLD: #ndəʃkˈɔj#}
983    | ... | ... | ... | #ˌinter# | *#ˌɪntɛr# | *#ˌentɛr# | *#əntɪr# | *#ə̃ntɪɾ# | *#ə̃ndəɾ# | *#ə̃ndɾ̩# {GOLD: >*} | *#ə̃ndɾ̩# {GOLD: >*} | *#ndɾ̩# {GOLD: >*} | *#ndəɾ# {GOLD: #ndəɾ#}
984    | ... | ... | ... | #ˌintˌeɡrˈɑːnio# | *#ˌɪntˌɛɡrˈɒːnjʊ# | *#ˌentɛɡrˈoɲu# | *#əntɪɡrˈoɲu# | *#ə̃ntɪɾɡˈɔ̃ɲu# | *#ə̃ndəɾɡˈɔ̃ɲə# | *#ə̃ndɾ̩ɡˈɔ̃ɲ# {GOLD: >*} | *#ə̃ndɾ̩ɡˈɔ̃ɲ# {GOLD: >*} | *#ndɾ̩ɡˈɔɲ# {GOLD: >*} | *#ndəɾɡˈɔj# {GOLD: #ndəɾɡˈɔj#}
985    | ... | ... | ... | #ˌindˌireːktˈɑːnioː# | *#ˌɪndˌɪreːktˈɒːnju# | *#ˌendˌereçtˈoɲu# | *#əndˌeritˈoɲu# | *#ə̃ndɪɾɪtˈɔ̃ɲu# | *#ə̃ndəɾtˈɔ̃ɲə# | *#ə̃ndɾ̩tˈɔ̃ɲ# {GOLD: >*} | *#ə̃ndɾ̩tˈɔ̃ɲ# {GOLD: >*} | *#ndɾ̩tˈɔɲ# {GOLD: >*} | *#ndəɾtˈɔj# {GOLD: #ndəɾtˈɔj#}
986    | ... | ... | ... | ... | #ˌɪndˌoʎˈeːɲu# | *#ˌendˌoʎˈeɲu# | *#əndˌoʎˈeɲu# | *#ə̃ndəʎˈẽɲu# | *#ə̃ndəʎˈɛ̃ɲə# | *#ə̃ndəʎˈɛ̃ɲ# {GOLD: #n̩dəʎˈɛ̃ɲ#} | *#ə̃ndəʎˈɛ̃ɲ# {GOLD: >*} | *#ndəjˈɛɲ# {GOLD: #ndəʎˈɛɲ#} | *#ndəjˈɛj# {GOLD: #ndjˈɛj#}
987    | ... | ... | ... | ... | ... | ... | #ˌɪndˌiːkˈɔɲu# | *#ˌɪ̃ndˌiːkˈɔ̃ɲu# | *#ˌãndˌiːkˈɔ̃ɲə# | *#ˌʌ̃ndˌiːkˈɔ̃ɲ# {GOLD: >*} | *#ˌə̃ndˌiːkˈɔ̃ɲ# {GOLD: >*} | *#ndikˈɔɲ# {GOLD: >*} | *#ndikˈɔj# {GOLD: #ndikˈɔj#}
988    | ... | ... | ... | #ˌindˌirˈeːktioː# | *#ˌɪndˌɪrˈeːkt͡ʃju# | *#ˌendˌerˈeçt͡ʃju# | *#əndˌerˈejt͡ʃu# | *#ə̃ndɪɾˈecu# | *#ə̃ndəɾˈɛcə# | *#ə̃ndəɾˈɛc# {GOLD: #n̩dəɾˈɛc#} | *#ə̃ndəɾˈɛc# {GOLD: >*} | *#ndɾˈɛc# {GOLD: >*} | *#ndɾˈɛc# {GOLD: #ndɾˈɛc#}
989    | ... | ... | ... | #mˌɑːtrˈiːkulɑm# | *#mˌɑːtrˈikʊlɑ# | *#mˌɑtrˈikulɑ# | *#mˌẽtrˈikula# | *#mə̃ntɾˈikula# | *#mə̃ndɾˈikulˠə# | *#mə̃ndɾˈikulˠ# {GOLD: #ˌn̩tɾˈikulˠ#} | *#mə̃ndɾˈikulˠ# {GOLD: >*} | *#məndɾˈikulˠ# {GOLD: >*} | *#məndɾˈikulˠ# {GOLD: #ndɾˈikulˠ#}
990    | ... | ... | ... | #ˌɑntˈoːnium# | *#ˌɑntˈɒːnjʊ# | *#ˌɑntˈoɲu# | *#əntˈoɲu# | *#ə̃ntˈɔ̃ɲu# | *#ə̃ndˈɔ̃ɲə# | *#ə̃ndˈɔ̃ɲ# {GOLD: #n̩dˈuo̯#} | *#ə̃ndˈɔ̃ɲ# {GOLD: ...} | ... {GOLD: ...} | ... {GOLD: ...}
991    | ... | ... | ... | ... | ... | ... | #ˌɒlkɒmˈɪjɛ# | *#lˌɑːkmˈɪjɛ# | *#lˌɑːkmˈɪjɛ# | *#lˌaːkmˈi# {GOLD: >*} | *#lˌaːkmˈi# {GOLD: >*} | *#lakmˈi# {GOLD: >*} | *#lakmˈi# {GOLD: #lakmˈi#}
992    | ... | ... | ... | ... | ... | ... | ... | #lˌanɡˈɔː# | *#lˌanɡˈuo̯# | *#lˌaŋɡˈuo̯# {GOLD: >*} | *#lˌaɲ̈ɡˈua̯# {GOLD: >*} | *#laɲ̈ɡˈua̯# {GOLD: >*} | *#laŋɡˈua̯# {GOLD: #laŋɡˈua̯#}
993    | ... | ... | ... | ... | ... | ... | #lˌæsˈɒwɑ# | *#lˌɑʃˈɔvɑ# | *#lˌɑʃˈɔːvɑ# | *#lˌaʃˈɔːvə# {GOLD: >*} | *#lˌaʃˈɔːvə# {GOLD: >*} | *#laʃˈɔvə# {GOLD: >*} | *#laʃˈɔvə# {GOLD: #laʃˈɔvə#}
994    | ... | ... | ... | #lˌɑwɑːtˈuːrɑ# | *#lˌɑwɑːtˈuːrɑ# | *#lˌɑwɑtˈyrɑ# | *#lˌawatˈyra# | *#ləˌaːtˈyɾa# | *#ləˌaːtˈyːɾa# | *#lˌatˈyːɾə# {GOLD: >*} | *#lˌatˈyːɾə# {GOLD: >*} | *#latˈyɾə# {GOLD: >*} | *#latˈyɾə# {GOLD: #latˈyɾə#}
995    | ... | ... | ... | #lˌɑːbrˈuskɑ# | *#lˌɑːβrˈʊskɑ# | *#lˌɑβrˈuskɑ# | *#lˌawrˈuska# | *#lˌaːɾˈuʃka# | *#lˌaːɾˈuːʃka# | *#lˌaːɾˈuːʃkə# {GOLD: >*} | *#lˌaːɾˈuːʃkə# {GOLD: >*} | *#laɾˈuʃkə# {GOLD: >*} | *#laɾˈuʃkə# {GOLD: #laɾˈuʃkə#}
996    | ... | ... | ... | ... | ... | ... | ... | ... | #lˌɑpˈuʃɑ# | *#lˌapˈuʃə# {GOLD: >*} | *#lˌapˈuʃə# {GOLD: >*} | *#lapˈuʃə# {GOLD: >*} | *#lapˈuʃə# {GOLD: #lapˈuʃə#}
997    | ... | ... | ... | ... | ... | ... | #lˌɑbˈɒwɑ# | *#lˌɑbˈɔvɑ# | *#lˌɑbˈɔːvɑ# | *#lˌabˈɔːvə# {GOLD: >*} | *#lˌabˈɔːvə# {GOLD: >*} | *#labˈɔvə# {GOLD: >*} | *#labˈɔvə# {GOLD: #labˈɔvə#}
998    | ... | ... | ... | #lˌɑwˈɑːnioː# | *#lˈɑwɒːnju# | *#lˈɑwoɲu# | *#lˈawoɲu# | *#lˈãːɲu# | *#lˈãːɲə# | *#lˈãːɲ# {GOLD: #lˈãːɲ#} | *#lˈãːɲ# {GOLD: >*} | *#lˈaɲ# {GOLD: >*} | *#lˈaj# {GOLD: #lˈaj#}
999    | ... | ... | ... | #lˈɑkʷeum# | *#lˈɑkʷjʊ# | *#lˈɑkʷju# | *#lˈaku# | *#lˈaku# | *#lˈakə# | *#lˈak# {GOLD: >*} | *#lˈak# {GOLD: >*} | *#lˈak# {GOLD: >*} | *#lˈak# {GOLD: #lˈak#}
1000   | ... | ... | #lˈakʰanon# | *#lˈɑkʰɑnon# | *#lˈɑkʰɑnʊ# | *#lˈɑkɑnu# | *#lˈakɑ̃ɾ̃u# | *#lˈakɐɾ̃u# | *#lˈakɐɾ̃ə# | *#lˈakəɾ̃# {GOLD: #lˈakəɾ̃ə#} | *#lˈakəɾ̃# {GOLD: >*} | *#lˈakəɾ# {GOLD: >*} | *#lˈakəɾ# {GOLD: #lˈakəɾ#}
1001   | ... | ... | ... | ... | ... | ... | #ˈɒlkɒmʊ# | *#lˈɑːkmə# | *#lˈɑːkmə# | *#lˈaːkm̩# {GOLD: >*} | *#lˈaːkm̩# {GOLD: >*} | *#lˈakm̩# {GOLD: >*} | *#lˈakəm# {GOLD: #lˈakəm#}
1002   | ... | ... | ... | #lˈɑssum# | *#lˈɑssʊ# | *#lˈɑssu# | *#lˈassu# | *#lˈaʃu# | *#lˈaːʃə# | *#lˈaːʃ# {GOLD: >*} | *#lˈaːʃ# {GOLD: >*} | *#lˈaʃ# {GOLD: >*} | *#lˈaʃ# {GOLD: #lˈaʃ#}
1003   | ... | ... | ... | ... | ... | ... | ... | ... | #dlˈɑtɒ# | *#lˈatə# {GOLD: >*} | *#lˈatə# {GOLD: >*} | *#lˈatə# {GOLD: >*} | *#lˈatə# {GOLD: #lˈatə#}
1004   | ... | ... | ... | #lˈɑwrum# | *#lˈɑwrʊ# | *#lˈɑwru# | *#lˈawru# | *#lˈaːɾu# | *#lˈaːɾə# | *#lˈaːɾ# {GOLD: >*} | *#lˈaːɾ# {GOLD: >*} | *#lˈaɾ# {GOLD: >*} | *#lˈaɾ# {GOLD: #lˈaɾ#}
1005   | ... | ... | ... | #lˈɑːrɡum# | *#lˈɑːrɡʊ# | *#lˈɑrɡu# | *#lˈarɡu# | *#lˈaɾɡu# | *#lˈaːɾɡə# | *#lˈaːɾɡ# {GOLD: >*} | *#lˈaːɾɡ# {GOLD: >*} | *#lˈaɾɡ# {GOLD: >*} | *#lˈaɾɡ# {GOLD: #lˈaɾɡ#}
1006   | ... | ... | ... | #lˈɑːridum# | *#lˈɑːrɪdʊ# | *#lˈɑrdu# | *#lˈarðu# | *#lˈaɾðu# | *#lˈaːɾðə# | *#lˈaːɾð# {GOLD: >*} | *#lˈaːɾð# {GOLD: >*} | *#lˈaɾð# {GOLD: >*} | *#lˈaɾð# {GOLD: #lˈaɾð#}
1007   | ... | ... | ... | ... | ... | ... | #lˈɑbʊ# | *#lˈɑbə# | *#lˈɑbə# | *#lˈab# {GOLD: >*} | *#lˈab# {GOLD: >*} | *#lˈab# {GOLD: >*} | *#lˈab# {GOLD: #lˈab#}
1008   | ... | ... | ... | ... | #lˈabrikʰon# | *#lˈaːrkon# | *#lˈaːrkon# | *#lˈaːɾkɔ̃n# | *#lˈaːɾkə# | *#lˈaːɾk# {GOLD: >*} | *#lˈaːɾk# {GOLD: >*} | *#lˈaɾk# {GOLD: >*} | *#lˈaɾk# {GOLD: #lˈabɾik#}
1009   | ... | ... | ... | #lˈɑksɑm# | *#lˈɑksɑ# | *#lˈɑksɑ# | *#lˈaksa# | *#lˈakʃa# | *#lˈaːfʃa# | *#lˈaːfʃə# {GOLD: >*} | *#lˈaːfʃə# {GOLD: >*} | *#lˈafʃə# {GOLD: >*} | *#lˈafʃə# {GOLD: #lˈafʃə#}
1010   | ... | ... | ... | ... | ... | ... | #lˈaβdɛ# | *#lˈaβdɛ# | *#lˈavdə# | *#lˈavd# {GOLD: >*} | *#lˈavd# {GOLD: >*} | *#lˈavd# {GOLD: >*} | *#lˈavd# {GOLD: #lˈavd#}
1011   | ... | ... | ... | #lˌɑkˈoːnem# | *#lˌɑkˈɒːnɛ# | *#lˌɑkˈonɛ# | *#lˌakˈonɪ# | *#ləkˈɔ̃ɾ̃ɪ# | *#ləkˈũo̯ɾ̃ə# | *#ləkˈũo̯# {GOLD: #ləkˈuo̯#} | *#ləkˈũa̯# {GOLD: >*} | *#ləkˈua̯# {GOLD: >*} | *#ləkˈua̯# {GOLD: #ləkˈua̯#}
1012   | ... | ... | ... | ... | ... | ... | #lˌɒ̃ɡʊ# | *#lˌɑ̃nɡə# | *#lənɡə# | *#ləŋɡ# {GOLD: >*} | *#ləɲ̈ɡ# {GOLD: >*} | *#ləɲ̈ɡ# {GOLD: >*} | *#ləŋɡ# {GOLD: #ləŋɡ#}
1013   | ... | ... | ... | #lˌɑnɡʷˈeːnioː# | *#lˌɑŋɡʷˈɒːnju# | *#lˌɑŋɡʷˈoɲu# | *#lˌaŋɡˈoɲu# | *#lə̃ŋɡˈɔ̃ɲu# | *#lə̃ŋɡˈɔ̃ɲə# | *#lə̃ŋɡˈɔ̃ɲ# {GOLD: >*} | *#lə̃ɲ̈ɡˈɔ̃ɲ# {GOLD: >*} | *#ləɲ̈ɡˈɔɲ# {GOLD: >*} | *#ləŋɡˈɔj# {GOLD: #ləŋɡˈɔj#}
1014   | ... | ... | ... | #lˌɑnkiˈɑːriɑm# | *#lˌɑnkjˈɑːrjɑ# | *#lˌɑnkjˈɑrjɑ# | *#lˌancjˈerja# | *#lə̃ncjˈeɾja# | *#lə̃ncjˈɛːɾja# | *#lə̃ɲɟˈɛːɾɛ# {GOLD: >*} | *#lə̃ɲɟˈɛːɾɛ# {GOLD: >*} | *#ləɲɟˈɛɾɛ# {GOLD: >*} | *#ləɲɟˈɛɾɛ# {GOLD: #ləɲɟˈɛɾɛ#}
1015   | ... | ... | ... | #lˌɑnɡʷˈoːrem# | *#lˌɑŋɡʷˈoːrɛ# | *#lˌɑŋɡʷˈørɛ# | *#lˌaŋɡˈørɪ# | *#lə̃ŋɟˈœɾɪ# | *#lə̃ŋɟˈye̯ɾə# | *#lə̃ɲɟˈye̯ɾ# {GOLD: >*} | *#lə̃ɲɟˈye̯ɾ# {GOLD: >*} | *#ləɲɟˈye̯ɾ# {GOLD: >*} | *#ləɲɟˈye̯ɾ# {GOLD: #ləɲɟˈye̯ɾ#}
1016   | ... | ... | ... | #lˌɑnɡʷˈoːriɑ# | *#lˌɑŋɡʷˈoːrjɑ# | *#lˌɑŋɡʷˈørjɑ# | *#lˌaŋɡˈyra# | *#lə̃ŋɟˈyɾa# | *#lə̃ŋɟˈyːɾa# | *#lə̃ɲɟˈyːɾə# {GOLD: >*} | *#lə̃ɲɟˈyːɾə# {GOLD: >*} | *#ləɲɟˈyɾə# {GOLD: >*} | *#ləɲɟˈyɾə# {GOLD: #ləɲɟˈyɾə#}
1017   | ... | ... | ... | #lˌɑksˈɑːnioː# | *#lˌɑsˈɒːnju# | *#lˌɑsˈoɲu# | *#lɪsˈoɲu# | *#lɪʃˈɔ̃ɲu# | *#ləʃˈɔ̃ɲə# | *#ləʃˈɔ̃ɲ# {GOLD: >*} | *#ləʃˈɔ̃ɲ# {GOLD: >*} | *#ləʃˈɔɲ# {GOLD: >*} | *#ləʃˈɔj# {GOLD: #ləʃˈɔj#}
1018   | ... | ... | ... | #lˌɑtˈiːnum# | *#lˌɑtˈinʊ# | *#lˌɑtˈinu# | *#lˌatˈinu# | *#lətˈĩnu# | *#lətˈĩːnə# | *#lətˈĩː# {GOLD: #lətˈĩː#} | *#lətˈĩː# {GOLD: >*} | *#lətˈi# {GOLD: >*} | *#lətˈi# {GOLD: #lətˈi#}
1019   | ... | ... | ... | ... | ... | ... | #lˌɛ̃dˈinɑ# | *#lə̃ndˈĩnɑ# | *#lə̃ndˈĩnɑ# | *#lə̃ndˈĩnə# {GOLD: >*} | *#lə̃ndˈĩnə# {GOLD: >*} | *#ləndˈinə# {GOLD: >*} | *#ləndˈinə# {GOLD: #ləndˈinə#}
1020   | ... | ... | ... | #lˌentˈɑːnioː# | *#lˌɛntˈɒːnju# | *#lˌɛntˈoɲu# | *#lˌɛntˈoɲu# | *#lə̃ntˈɔ̃ɲu# | *#lə̃ndˈɔ̃ɲə# | *#lə̃ndˈɔ̃ɲ# {GOLD: >*} | *#lə̃ndˈɔ̃ɲ# {GOLD: >*} | *#ləndˈɔɲ# {GOLD: >*} | *#ləndˈɔj# {GOLD: #ləndˈɔj#}
1021   | ... | ... | ... | #lˌɑpˈɑtʰiɑ# | *#lˌɑpˈɑtʰjɑ# | *#lˌɑpˈɑtjɑ# | *#lˌapˈatja# | *#ləpˈatja# | *#ləpˈatja# | *#ləpˈatɛ# {GOLD: >*} | *#ləpˈatɛ# {GOLD: >*} | *#ləpˈatɛ# {GOLD: >*} | *#ləpˈatɛ# {GOLD: #ləpjˈɛtə#}
1022   | ... | ... | ... | ... | ... | ... | #lˌaβdˈɔɲɔ# | *#lˌaβdˈɔ̃ɲɔ# | *#lɐvdˈɔ̃ɲə# | *#ləvdˈɔ̃ɲ# {GOLD: #ləβdˈɔ̃ɲ#} | *#ləvdˈɔ̃ɲ# {GOLD: >*} | *#ləvdˈɔɲ# {GOLD: >*} | *#ləvdˈɔj# {GOLD: #ləvdˈɔj#}
1023   | ... | ... | ... | ... | #lˌɑboːrˈɒːɲu# | *#lˌɑvørˈoɲu# | *#lɪvʏrˈoɲu# | *#lɪvɪɾˈɔ̃ɲu# | *#ləvəɾˈɔ̃ɲə# | *#ləvɾˈɔ̃ɲ# {GOLD: >*} | *#ləvɾˈɔ̃ɲ# {GOLD: >*} | *#ləvɾˈɔɲ# {GOLD: >*} | *#ləvɾˈɔj# {GOLD: #ləvɾˈɔj#}
1024   | ... | ... | ... | #lˌiːmˈɑːnioː# | *#lˌimˈɒːnju# | *#lˌimˈoɲu# | *#lˌimˈoɲu# | *#lə̃mˈɔ̃ɲu# | *#lə̃mˈɔ̃ɲə# | *#lə̃mˈɔ̃ɲ# {GOLD: >*} | *#lə̃mˈɔ̃ɲ# {GOLD: >*} | *#ləmˈɔɲ# {GOLD: >*} | *#ləmˈɔj# {GOLD: #ləmˈɔj#}
1025   | ... | ... | ... | ... | #ˌɛlemˈɔsinɑ# | *#ˌɛlemˈosinɑ# | *#lɪmˈosɑ̃ɾ̃a# | *#lə̃mˈɔʃɐɾ̃a# | *#lə̃mˈɔːʃɐɾ̃a# | *#lə̃mˈɔːʃəɾ̃ə# {GOLD: >*} | *#lə̃mˈɔːʃəɾ̃# {GOLD: >*} | *#ləmˈɔʃəɾ# {GOLD: >*} | *#ləmˈɔʃəɾ# {GOLD: #ləmˈɔʃtəɾ#}
1026   | ... | ... | ... | ... | ... | ... | #lˈɒ̃ɡʊskɑ# | *#lˈɑ̃nɡt͡skɑ# | *#lˈɑ̃nɡt͡skɑ# | *#lˈʌ̃nt͡skə# {GOLD: >*} | *#lˈə̃nt͡skə# {GOLD: >*} | *#lˈənt͡skə# {GOLD: >*} | *#lˈənt͡skə# {GOLD: #lˈənt͡skə#}
1027   | ... | ... | ... | #ɡlˈemum# | *#ɡlˈɛmʊ# | *#ɡlˈɛmu# | *#ɡlˈɛmu# | *#ɡlˈɛ̃mu# | *#ɡlˈɛ̃mə# | *#ɡʎˈɛ̃m# {GOLD: >*} | *#ɡʎˈɛ̃m# {GOLD: >*} | *#ɟˈɛm# {GOLD: >*} | *#ɟˈɛm# {GOLD: #lˈəm#}
1028   | ... | ... | ... | ... | ... | ... | ... | ... | #lˌit͡ʃˈitɪ# | *#lˌit͡ʃˈit# {GOLD: >*} | *#lˌit͡ʃˈit# {GOLD: >*} | *#lit͡ʃˈit# {GOLD: >*} | *#lit͡ʃˈit# {GOLD: #lɛt͡ʃˈit#}
1029   | ... | ... | ... | ... | ... | ... | #lˌæsɪnˈit͡sɑ# | *#lˌeːʃnˈit͡sɑ# | *#lˌɛːʃnˈiːt͡sɑ# | *#lˌɛːʃnˈiːt͡sə# {GOLD: >*} | *#lˌɛːʃnˈiːt͡sə# {GOLD: >*} | *#lɛʃnˈit͡sə# {GOLD: >*} | *#lɛʃnˈit͡sə# {GOLD: #lɛʃnˈit͡sə#}
1030   | ... | ... | ... | #lˌippitˈuːrɑ# | *#lˌɪppɪtˈuːrɑ# | *#lˌeppetˈyrɑ# | *#lˌeppɪtˈyra# | *#lˌepɪtˈyɾa# | *#lˌɛpətˈyːɾa# | *#lˌɛpətˈyːɾə# {GOLD: >*} | *#lˌɛpətˈyːɾə# {GOLD: >*} | *#lɛpətˈyɾə# {GOLD: >*} | *#lɛptˈyɾə# {GOLD: #lɛptˈyɾə#}
1031   | ... | ... | ... | ... | ... | ... | ... | ... | #lˌɛbɛtˈitɪ# | *#lˌɛbɛtˈit# {GOLD: >*} | *#lˌɛbɛtˈit# {GOLD: >*} | *#lɛbɛtˈit# {GOLD: >*} | *#lɛbɛtˈit# {GOLD: #lɛbɛtˈit#}
1032   | ... | ... | ... | ... | ... | ... | ... | ... | #lˈæxɑ# | *#lˈɛxə# {GOLD: >*} | *#lˈɛhə# {GOLD: >*} | *#lˈɛhə# {GOLD: >*} | *#lˈɛhə# {GOLD: #lˈɛhə#}
1033   | ... | ... | ... | #lˈissum# | *#lˈɪssʊ# | *#lˈessu# | *#lˈessu# | *#lˈeʃu# | *#lˈɛːʃə# | *#lˈɛːʃ# {GOLD: >*} | *#lˈɛːʃ# {GOLD: >*} | *#lˈɛʃ# {GOLD: >*} | *#lˈɛʃ# {GOLD: #lˈɛʃ#}
1034   | ... | ... | ... | ... | ... | ... | #lˈæsɑ# | *#lˈɑʃɑ# | *#lˈɑːʃɑ# | *#lˈaːʃə# {GOLD: >*} | *#lˈaːʃə# {GOLD: >*} | *#lˈaʃə# {GOLD: >*} | *#lˈaʃə# {GOLD: #lˈɛʃə#}
1035   | ... | ... | ... | ... | ... | ... | #lˈæsɪɲɑ# | *#lˈeːʃɲɑ# | *#lˈɛːʃɲɑ# | *#lˈɛːʒɲə# {GOLD: >*} | *#lˈɛːʒɲə# {GOLD: >*} | *#lˈɛʒɲə# {GOLD: >*} | *#lˈɛʒɲə# {GOLD: #lˈɛʃɲə#}
1036   | ... | ... | ... | #lˈitterɑm# | *#lˈɪttɛrɑ# | *#lˈettɛrɑ# | *#lˈettɪra# | *#lˈetɪɾa# | *#lˈɛtəɾa# | *#lˈɛtəɾə# {GOLD: >*} | *#lˈɛtəɾ# {GOLD: >*} | *#lˈɛtəɾ# {GOLD: >*} | *#lˈɛtəɾ# {GOLD: #lˈɛtəɾ#}
1037   | ... | ... | ... | ... | ... | ... | ... | ... | #lˈæsɑ# | *#lˈɛsə# {GOLD: >*} | *#lˈɛsə# {GOLD: >*} | *#lˈɛsə# {GOLD: >*} | *#lˈɛsə# {GOLD: #lˈɛsə#}
1038   | ... | ... | ... | ... | ... | ... | ... | ... | #lˈɪstʊkrʊ# | *#lˈistkɾ̩# {GOLD: >*} | *#lˈistkɾ̩# {GOLD: >*} | *#lˈistkɾ̩# {GOLD: >*} | *#lˈistkəɾ# {GOLD: #lˈɛskəɾ#}
1039   | ... | ... | ... | ... | ... | ... | ... | ... | #lˈæʎɑ# | *#lˈɛʎə# {GOLD: >*} | *#lˈɛʎə# {GOLD: >*} | *#lˈɛjə# {GOLD: >*} | *#lˈɛjə# {GOLD: #lˈɛlə#}
1040   | ... | ... | ... | #lˈeprɑ# | *#lˈɛprɑ# | *#lˈɛprɑ# | *#lˈɛpra# | *#lˈɛpɾa# | *#lˈɛpɾa# | *#lˈɛpɾ̩# {GOLD: >*} | *#lˈɛpɾ̩# {GOLD: >*} | *#lˈɛpɾ̩# {GOLD: >*} | *#lˈɛpəɾ# {GOLD: #lˈɛpəɾ#}
1041   | ... | ... | ... | #lˈeporjeːs# | *#lˈɛpʊʎeː# | *#lˈɛpuʎe# | *#lˈɛpuʎɪ# | *#lˈɛpuʎɪ# | *#lˈɛpuʎə# | *#lˈɛpuʎ# {GOLD: >*} | *#lˈɛpuʎ# {GOLD: >*} | *#lˈɛpuj# {GOLD: >*} | *#lˈɛpuj# {GOLD: #lˈɛpuj#}
1042   | ... | ... | ... | #lˈeporem# | *#lˈɛpʊrɛ# | *#lˈɛpurɛ# | *#lˈɛpurɪ# | *#lˈɛpuɾɪ# | *#lˈɛpuɾə# | *#lˈɛpuɾ# {GOLD: >*} | *#lˈɛpuɾ# {GOLD: >*} | *#lˈɛpuɾ# {GOLD: >*} | *#lˈɛpuɾ# {GOLD: #lˈɛpuɾ#}
1043   | ... | ... | ... | #lˌiɡɑːtˈuːrɑ# | *#lˌɪɡɑːtˈuːrɑ# | *#lˌiɡɑtˈyrɑ# | *#lˌiɡatˈyra# | *#lˌiɡətˈyɾa# | *#lˌiɡətˈyːɾa# | *#lˌiɡətˈyːɾə# {GOLD: >*} | *#lˌiɡətˈyːɾə# {GOLD: >*} | *#liɡətˈyɾə# {GOLD: >*} | *#liktˈyɾə# {GOLD: #liktˈyɾə#}
1044   | ... | ... | #lˌekˈanɛːn# | *#ləkˈɑnɛːn# | *#ləkˈɑnɛː# | *#ləkˈɑnɛ# | *#ləcˈenɪ# | *#ləcˈẽɾ̃ɪ# | *#ləcˈɛ̃ːnːə# | *#ləcˈɛ̃ːnː# {GOLD: #ləkˈæ̃n#} | *#ləcˈɛ̃ːn# {GOLD: >*} | *#licˈɛn# {GOLD: >*} | *#licˈɛn# {GOLD: #licˈɛn#}
1045   | ... | ... | ... | #lˌiːberˈɑːnioː# | *#lˌiβɛrˈɒːnju# | *#lˌiβɛrˈoɲu# | *#lˌiwɪrˈoɲu# | *#lˌiːɾˈɔ̃ɲu# | *#lˌiːɾˈɔ̃ɲə# | *#lˌiːɾˈɔ̃ɲ# {GOLD: >*} | *#lˌiːɾˈɔ̃ɲ# {GOLD: >*} | *#liɾˈɔɲ# {GOLD: >*} | *#liɾˈɔj# {GOLD: #liɾˈɔj#}
1046   | ... | ... | ... | ... | #lˌɑvekˈɑru# | *#lˌɑvekˈɑjru# | *#lɪvɪkˈeru# | *#lɪvɪcˈeɾu# | *#ləfcˈɛːɾə# | *#ləfcˈɛːɾ# {GOLD: >*} | *#ləfcˈɛːɾ# {GOLD: >*} | *#lifcˈɛɾ# {GOLD: >*} | *#lifcˈɛɾ# {GOLD: #lifcˈɛɾ#}
1047   | ... | ... | ... | ... | ... | ... | ... | #lˌivˈaðja# | *#lˌivˈaðja# | *#lˌivˈaðɛ# {GOLD: >*} | *#lˌivˈaðɛ# {GOLD: >*} | *#livˈaðɛ# {GOLD: >*} | *#livˈaðɛ# {GOLD: #livˈaðɛ#}
1048   | ... | ... | ... | #lˈiːnum# | *#lˈinʊ# | *#lˈinu# | *#lˈinu# | *#lˈĩnu# | *#lˈĩːnə# | *#lˈĩː# {GOLD: #lˈĩː#} | *#lˈĩː# {GOLD: >*} | *#lˈi# {GOLD: >*} | *#lˈi# {GOLD: #lˈi#}
1049   | ... | ... | ... | ... | ... | ... | #lˈixɒ# | *#lˈixɒ# | *#lˈixɒ# | *#lˈixə# {GOLD: >*} | *#lˈihə# {GOLD: >*} | *#lˈihə# {GOLD: >*} | *#lˈihə# {GOLD: #lˈijə#}
1050   | ... | ... | ... | #lˈiːkium# | *#lˈikjʊ# | *#lˈikju# | *#lˈicju# | *#lˈicju# | *#lˈicjə# | *#lˈic# {GOLD: >*} | *#lˈic# {GOLD: >*} | *#lˈic# {GOLD: >*} | *#lˈic# {GOLD: #lˈic#}
1051   | ... | ... | ... | #lˈeːɡem# | *#lˈeːɡɛ# | *#lˈeɡɛ# | *#lˈiɟɪ# | *#lˈiɟɪ# | *#lˈiɟə# | *#lˈiɟ# {GOLD: >*} | *#lˈiɟ# {GOLD: >*} | *#lˈiɟ# {GOLD: >*} | *#lˈiɟ# {GOLD: #lˈiɟ#}
1052   | ... | ... | ... | ... | #ˌɛlˈɛɡiːɑ# | *#ˌɛlˈɛɡijɑ# | *#lˈiɟia# | *#lˈiɟja# | *#lˈiɟja# | *#lˈiɟɛ# {GOLD: >*} | *#lˈiɟɛ# {GOLD: >*} | *#lˈiɟɛ# {GOLD: >*} | *#lˈiɟɛ# {GOLD: #lˈiɟɛ#}
1053   | ... | ... | ... | #lˈiːneɑ# | *#lˈinjɑ# | *#lˈiɲɑ# | *#lˈiɲa# | *#lˈĩɲa# | *#lˈĩɲa# | *#lˈĩɲə# {GOLD: >*} | *#lˈĩɲə# {GOLD: >*} | *#lˈiɲə# {GOLD: >*} | *#lˈiɲə# {GOLD: #lˈiɲə#}
1054   | ... | ... | ... | #lˈiːlium# | *#lˈiʎʊ# | *#lˈilːu# | *#lˈilːu# | *#lˈilːu# | *#lˈiːlːə# | *#lˈiːlː# {GOLD: >*} | *#lˈiːlː# {GOLD: >*} | *#lˈil# {GOLD: >*} | *#lˈil# {GOLD: #lˈil#}
1055   | ... | ... | ... | #lˈiːrem# | *#lˈirɛ# | *#lˈirɛ# | *#lˈirɪ# | *#lˈiɾɪ# | *#lˈiːɾə# | *#lˈiːɾ# {GOLD: >*} | *#lˈiːɾ# {GOLD: >*} | *#lˈiɾ# {GOLD: >*} | *#lˈiɾ# {GOLD: #lˈiɾ#}
1056   | ... | ... | ... | #lˈiːberum# | *#lˈiβɛrʊ# | *#lˈiβɛru# | *#lˈiwɪru# | *#lˈiːɾu# | *#lˈiːɾə# | *#lˈiːɾ# {GOLD: >*} | *#lˈiːɾ# {GOLD: #lˈiːɾ#} | *#lˈiɾ# {GOLD: >*} | *#lˈiɾ# {GOLD: #lˈiɾ#}
1057   | ... | ... | ... | ... | ... | ... | ... | ... | #lˈipɑ# | *#lˈipə# {GOLD: >*} | *#lˈipə# {GOLD: >*} | *#lˈipə# {GOLD: >*} | *#lˈipə# {GOLD: #lˈipə#}
1058   | ... | ... | ... | ... | ... | ... | #lˈibɛru# | *#lˈibɛɾu# | *#lˈibəɾə# | *#lˈibɾ̩# {GOLD: >*} | *#lˈibɾ̩# {GOLD: >*} | *#lˈibɾ̩# {GOLD: >*} | *#lˈibəɾ# {GOLD: #lˈibəɾ#}
1059   | ... | ... | ... | #lˈiːmɑ# | *#lˈimɑ# | *#lˈimɑ# | *#lˈima# | *#lˈĩma# | *#lˈĩma# | *#lˈĩmə# {GOLD: >*} | *#lˈĩmə# {GOLD: >*} | *#lˈimə# {GOLD: >*} | *#lˈimə# {GOLD: #lˈimə#}
1060   | ... | ... | #ɦelɛːwˈaːnioː# | *#elɛːwˈɒːnjoː# | *#ɛlˈɛːwɒːnju# | *#ɛlˈøːoɲu# | *#lˈøːoɲu# | *#lˈœ̃ːɲu# | *#lˈỹe̯ɲə# | *#lˈỹe̯ɲ# {GOLD: >*} | *#lˈỹe̯ɲ# {GOLD: >*} | *#lˈye̯ɲ# {GOLD: >*} | *#lˈye̯j# {GOLD: #lˈye̯j#}
1061   | ... | ... | ... | #lˈuːstrum# | *#lˈuːstrʊ# | *#lˈystru# | *#lˈystru# | *#lˈyʃtɾu# | *#lˈyːʃtɾə# | *#lˈyːʃtɾ̩# {GOLD: >*} | *#lˈyːʃtɾ̩# {GOLD: >*} | *#lˈyʃtɾ̩# {GOLD: >*} | *#lˈyʃtəɾ# {GOLD: #lˈyʃtəɾ#}
1062   | ... | ... | #lˈuːma# | *#lˈuːmɑ# | *#lˈuːmɑ# | *#lˈymɑ# | *#lˈyma# | *#lˈỹma# | *#lˈỹma# | *#lˈỹmə# {GOLD: >*} | *#lˈỹmə# {GOLD: >*} | *#lˈymə# {GOLD: >*} | *#lˈymə# {GOLD: #lˈymə#}
1063   | ... | ... | ... | ... | ... | #ˌɑlleɡɔrˈiɑ# | *#ˌaːllɪɡˈorˈia# | *#ˌallɪɡˈɔɾˈia# | *#ˌalːəɡˈɔːɾˈia# | *#ˌaɾəɡˈɔːɾˈiː# {GOLD: #ləɡɔɾˈi#} | *#ˌaɾɡˈɔːɾˈiː# {GOLD: >*} | *#aɾɡˈɔɾi# {GOLD: >*} | *#aɾɡˈɔɾi# {GOLD: #lɔɡɔɾˈi#}
1064   | ... | ... | ... | ... | ... | ... | ... | ... | #lˌɒpˈɑtɑ# | *#lˌɔpˈatə# {GOLD: >*} | *#lˌɔpˈatə# {GOLD: >*} | *#lɔpˈatə# {GOLD: >*} | *#lɔpˈatə# {GOLD: #lɔpˈatə#}
1065   | ... | ... | ... | ... | ... | ... | ... | ... | #lˈɒɡʊ# | *#lˈɔɡ# {GOLD: >*} | *#lˈɔɡ# {GOLD: >*} | *#lˈɔɡ# {GOLD: >*} | *#lˈɔɡ# {GOLD: #lˈɔɡ#}
1066   | ... | ... | ... | ... | ... | ... | ... | ... | #lˈɒzɑ# | *#lˈɔzə# {GOLD: >*} | *#lˈɔzə# {GOLD: >*} | *#lˈɔzə# {GOLD: >*} | *#lˈɔzə# {GOLD: #lˈɔzə#}
1067   | ... | ... | ... | ... | ... | ... | ... | #ʎˌuxˈɑtɪ# | *#lˌuxˈɑtə# | *#lˌuxˈat# {GOLD: >*} | *#lˌuhˈat# {GOLD: >*} | *#luhˈat# {GOLD: >*} | *#luhˈat# {GOLD: #luhˈat#}
1068   | ... | ... | ... | #lˌupekkˈɑːtum# | *#lˌʊpɛkkˈɑːtʊ# | *#lˌupkkˈɑtu# | *#lˌupkˈatu# | *#lˌuðkˈatu# | *#lˌuɡˈatə# | *#lˌuɡˈat# {GOLD: >*} | *#lˌuɡˈat# {GOLD: >*} | *#luɡˈat# {GOLD: #luvɡˈat#} | *#luɡˈat# {GOLD: #luɡˈat#}
1069   | ... | ... | ... | #lˌupukˈerwulum# | *#lˌʊpʊkˈɛrwʊlʊ# | *#lˌupkˈɛrwulu# | *#lˌupcˈɛrbulu# | *#lˌuðcˈɛːɾbulu# | *#lˌucˈie̯ɾbulˠə# | *#lˌucˈɛɾbulˠ# {GOLD: >*} | *#lˌucˈɛɾbulˠ# {GOLD: >*} | *#lucˈɛɾbulˠ# {GOLD: >*} | *#lucˈɛɾbulˠ# {GOLD: #lucˈɛɾbulˠ#}
1070   | ... | ... | ... | #lˌukˈernɑm# | *#lˌʊkˈɛrnɑ# | *#lˌukˈɛrnɑ# | *#lˌucˈɛrna# | *#lˌucˈɛɾna# | *#lˌucˈɛːrːa# | *#lˌucˈɛːrə# {GOLD: >*} | *#lˌucˈɛːrə# {GOLD: >*} | *#lucˈɛrə# {GOLD: >*} | *#lucˈɛrə# {GOLD: #lucˈɛrə#}
1071   | ... | ... | ... | ... | ... | ... | ... | ... | #lˌuʒˈiɑ# | *#lˌuʒˈiː# {GOLD: >*} | *#lˌuʒˈiː# {GOLD: >*} | *#luʒˈi# {GOLD: >*} | *#luʒˈi# {GOLD: #luʒˈi#}
1072   | ... | ... | ... | #lˌuktɑtˈoːrem# | *#lˌʊktɑtˈɒrɛ# | *#lˌuktɑtˈorɛ# | *#lˌuktatˈorɪ# | *#lˌukttˈɔɾɪ# | *#lˌuftːˈaːɾə# | *#lˌuftːˈaːɾ# {GOLD: >*} | *#lˌuftːˈaːɾ# {GOLD: #lˌuftˈaɾ#} | *#luftˈaɾ# {GOLD: >*} | *#luftˈaɾ# {GOLD: #luftˈaɾ#}
1073   | ... | ... | ... | #lˌuktˈɑːnioː# | *#lˌʊktˈɒːnju# | *#lˌuktˈoɲu# | *#lˌuktˈoɲu# | *#lˌuktˈɔ̃ɲu# | *#lˌuftˈɔ̃ɲə# | *#lˌuftˈɔ̃ɲ# {GOLD: >*} | *#lˌuftˈɔ̃ɲ# {GOLD: >*} | *#luftˈɔɲ# {GOLD: >*} | *#luftˈɔj# {GOLD: #luftˈɔj#}
1074   | ... | ... | ... | #lˌuːdˈonioː# | *#lˌuːdˈɒnju# | *#lˌydˈoɲu# | *#lˌyðˈoɲu# | *#ləˈɔ̃ːɲu# | *#ləˈũo̯ɲə# | *#lˈũːo̯ɲ# {GOLD: #lˈuo̯j#} | *#lˈũːa̯ɲ# {GOLD: >*} | *#lˈua̯ɲ# {GOLD: >*} | *#lˈua̯j# {GOLD: #lˈua̯j#}
1075   | ... | ... | ... | ... | #lˌiβˈɑði# | *#lˈiβɑði# | *#lˈiwaðɪ# | *#lˈuə̯ðɪ# | *#lˈuo̯ðə# | *#lˈuo̯ð# {GOLD: >*} | *#lˈua̯ð# {GOLD: >*} | *#lˈua̯ð# {GOLD: >*} | *#lˈua̯ð# {GOLD: #lˈua̯ð#}
1076   | ... | ... | ... | #leˈoːnem# | *#ʎˈɒːnɛ# | *#ʎˈonɛ# | *#ʎˈonɪ# | *#ʎˈɔ̃ɾ̃ɪ# | *#lˈũo̯nːə# | *#lˈũo̯nː# {GOLD: #lˈũã̯ɾ̃#} | *#lˈũa̯n# {GOLD: >*} | *#lˈua̯n# {GOLD: >*} | *#lˈua̯n# {GOLD: #lˈua̯n#}
1077   | ... | ... | ... | #lˈukrum# | *#lˈʊkrʊ# | *#lˈukru# | *#lˈukru# | *#lˈukɾu# | *#lˈukɾə# | *#lˈukɾ̩# {GOLD: >*} | *#lˈukɾ̩# {GOLD: >*} | *#lˈukɾ̩# {GOLD: >*} | *#lˈukəɾ# {GOLD: #lˈukəɾ#}
1078   | ... | ... | ... | ... | ... | ... | #ʎˈutʊsɑ# | *#ʎˈutʃɑ# | *#lˈuːt͡ʃɑ# | *#lˈuːt͡ʃə# {GOLD: >*} | *#lˈuːt͡ʃə# {GOLD: >*} | *#lˈut͡ʃə# {GOLD: >*} | *#lˈut͡ʃə# {GOLD: #lˈuʃə#}
1079   | ... | ... | ... | ... | ... | ... | #ʎˈutɑ# | *#ʎˈutɑ# | *#lˈutɑ# | *#lˈutə# {GOLD: >*} | *#lˈutə# {GOLD: >*} | *#lˈutə# {GOLD: >*} | *#lˈutə# {GOLD: #lˈutə#}
1080   | ... | ... | ... | ... | ... | ... | ... | ... | #lˈuspɑ# | *#lˈuspə# {GOLD: >*} | *#lˈuspə# {GOLD: >*} | *#lˈuspə# {GOLD: >*} | *#lˈuspə# {GOLD: #lˈuspə#}
1081   | ... | ... | ... | #lˈuntrem# | *#lˈʊntrɛ# | *#lˈuntrɛ# | *#lˈuntrɪ# | *#lˈũntɾɪ# | *#lˈũndɾə# | *#lˈũndɾ̩# {GOLD: >*} | *#lˈũndɾ̩# {GOLD: >*} | *#lˈundɾ̩# {GOLD: >*} | *#lˈundəɾ# {GOLD: #lˈundəɾ#}
1082   | ... | ... | ... | #lˈuktɑm# | *#lˈʊktɑ# | *#lˈuktɑ# | *#lˈukta# | *#lˈukta# | *#lˈuːfta# | *#lˈuːftə# {GOLD: >*} | *#lˈuːftə# {GOLD: >*} | *#lˈuftə# {GOLD: >*} | *#lˈuftə# {GOLD: #lˈuftə#}
1083   | ... | ... | ... | ... | ... | ... | ... | #rˌɑɡˈɑlɪ# | *#rˌɑɡˈɑːlə# | *#ɾˌaɡˈaːl# {GOLD: >*} | *#ɾˌaɡˈaːl# {GOLD: >*} | *#ɾaɡˈal# {GOLD: >*} | *#ɾaɡˈal# {GOLD: #ɾaɡˈal#}
1084   | ... | ... | ... | ... | ... | ... | #rˌɑdˈimɑ# | *#ɾˌɑðˈĩmɑ# | *#ɾˌɑðˈĩmɑ# | *#ɾˌaðˈĩmə# {GOLD: >*} | *#ɾˌaðˈĩmə# {GOLD: >*} | *#ɾaðˈimə# {GOLD: >*} | *#ɾaðˈimə# {GOLD: #ɾaðˈimə#}
1085   | ... | ... | ... | ... | ... | ... | #wˌɒrbˈɪt͡sɪ# | *#wˌɒɾbˈɪt͡sɪ# | *#wˌɒɾbˈɛːt͡sə# | *#wˌɔɾbˈɛːt͡s# {GOLD: >*} | *#vˌaɾbˈɛːt͡s# {GOLD: >*} | *#vaɾbˈɛt͡s# {GOLD: >*} | *#vaɾbˈɛt͡s# {GOLD: #ɾabˈɛt͡s#}
1086   | ... | ... | ... | ... | ... | ... | #rˈɑsɑ# | *#ɾˈɑʃɑ# | *#ɾˈɑːʃɑ# | *#ɾˈaːʃə# {GOLD: >*} | *#ɾˈaːʃə# {GOLD: >*} | *#ɾˈaʃə# {GOLD: >*} | *#ɾˈaʃə# {GOLD: #ɾˈaʃə#}
1087   | ... | ... | ... | ... | ... | ... | ... | #rˈasa# | *#rˈaːsa# | *#ɾˈaːsə# {GOLD: >*} | *#ɾˈaːsə# {GOLD: >*} | *#ɾˈasə# {GOLD: >*} | *#ɾˈasə# {GOLD: #ɾˈasə#}
1088   | ... | ... | ... | ... | ... | ... | #rˈɒwɑ# | *#rːˈɑvɑ# | *#rːˈɑːvɑ# | *#rˈaːvə# {GOLD: >*} | *#rˈaːvə# {GOLD: >*} | *#rˈavə# {GOLD: >*} | *#rˈavə# {GOLD: #ɾˈavə#}
1089   | ... | ... | ... | ... | ... | ... | #rˈɒwʊkɑ# | *#rːˈɑvkɑ# | *#ɾˈɑːfkɑ# | *#ɾˈaːfkə# {GOLD: >*} | *#ɾˈaːfkə# {GOLD: >*} | *#ɾˈafkə# {GOLD: >*} | *#ɾˈafkə# {GOLD: #ɾˈavɡə#}
1090   | ... | ... | ... | #hˌernidzˈɑːnioː# | *#hˌɛrnɪdzˈɒːnju# | *#hˌɛrnedzˈoɲu# | *#ərndzˈoɲu# | *#əɾndzˈɔ̃ɲu# | *#əɾənd͡zˈɔ̃ɲə# | *#əɾənd͡zˈɔ̃ɲ# {GOLD: >*} | *#əɾənd͡zˈɔ̃ɲ# {GOLD: >*} | *#ɾənd͡zˈɔɲ# {GOLD: >*} | *#ɾənd͡zˈɔj# {GOLD: #ɾənd͡zˈɔj#}
1091   | ... | ... | ... | #rˌiːmˈɑːnioː# | *#rˌimˈɒːnju# | *#rˌimˈoɲu# | *#rːˌimˈoɲu# | *#rːə̃mˈɔ̃ɲu# | *#ɾə̃mˈɔ̃ɲə# | *#ɾə̃mˈɔ̃ɲ# {GOLD: >*} | *#ɾə̃mˈɔ̃ɲ# {GOLD: >*} | *#ɾəmˈɔɲ# {GOLD: >*} | *#ɾəmˈɔj# {GOLD: #ɾəmˈɔj#}
1092   | ... | ... | ... | #ˌɑrˈeːnɑm# | *#ˌɑrˈeːnɑ# | *#ˌɑrˈenɑ# | *#ɔːʷrˈana# | *#ʊɾˈãɾ̃a# | *#ʊɾˈãɾ̃a# | *#ɾˈʌ̃ɾ̃ə# {GOLD: #ɾˈɑ̃ɾ̃ə#} | *#ɾˈə̃ɾ̃ə# {GOLD: >*} | *#ɾˈəɾə# {GOLD: >*} | *#ɾˈəɾə# {GOLD: #ɾˈəɾə#}
1093   | ... | ... | ... | #rˌoːmˈɑːnum# | *#rˌeːmːˈɑːnʊ# | *#rˌemːˈɑnu# | *#rːˌemːˈanu# | *#rːə̃mːˈãɾ̃u# | *#ɾə̃mːˈãɾ̃ə# | *#ɾə̃mːˈʌ̃ɾ̃# {GOLD: #ɾˌə̃mˈɑ̃ɾ̃#} | *#ɾə̃mˈə̃ɾ̃# {GOLD: #ɾˈə̃məɾ#} | *#ɾˈəməɾ# {GOLD: >*} | *#ɾˈəməɾ# {GOLD: #ɾˈəməɾ#}
1094   | ... | ... | ... | ... | ... | ... | #rˈeɡɛ# | *#ɾˈeɟɛ# | *#ɾˈɛɟə# | *#ɾˈɛɟ# {GOLD: #ɾˈɛɟ#} | *#ɾˈɛɟ# {GOLD: >*} | *#ɾˈɛɟ# {GOLD: >*} | *#ɾˈɛɟ# {GOLD: #ɾˈɛɟ#}
1095   | ... | ... | ... | ... | ... | ... | ... | ... | #rˈæʒɪkɑ# | *#ɾˈɛʒɡə# {GOLD: >*} | *#ɾˈɛʒɡə# {GOLD: >*} | *#ɾˈɛʒɡə# {GOLD: >*} | *#ɾˈɛʒɡə# {GOLD: #ɾˈɛʒɡə#}
1096   | ... | ... | ... | ... | ... | ... | #rˈɛ̃dʊ# | *#ɾˈẽndə# | *#ɾˈɛ̃ndə# | *#ɾˈɛ̃nd# {GOLD: >*} | *#ɾˈɛ̃nd# {GOLD: >*} | *#ɾˈɛnd# {GOLD: >*} | *#ɾˈɛnd# {GOLD: #ɾˈɛnd#}
1097   | ... | ... | #ɦˌarˈenton# | *#ɐrˈenton# | *#ɐrˈɛntʊ# | *#ɐrˈɛntu# | *#ɐːrˈɛntu# | *#ɐɾˈɛ̃ntu# | *#ɾˈɛ̃ndə# | *#ɾˈɛ̃nd# {GOLD: >*} | *#ɾˈɛ̃nd# {GOLD: >*} | *#ɾˈɛnd# {GOLD: >*} | *#ɾˈɛnd# {GOLD: #ɾˈɛnd#}
1098   | ... | ... | ... | #rˌiɡˈɑːnioː# | *#rˌɪɡˈɒːnju# | *#rˌiɡˈoɲu# | *#rːˌiɡˈoɲu# | *#rːˌiɡˈɔ̃ɲu# | *#ɾˌiɡˈɔ̃ɲə# | *#ɾˌiɡˈɔ̃ɲ# {GOLD: >*} | *#ɾˌiɡˈɔ̃ɲ# {GOLD: >*} | *#ɾiɡˈɔɲ# {GOLD: >*} | *#ɾiɡˈɔj# {GOLD: #ɾiɡˈɔj#}
1099   | ... | ... | ... | ... | ... | ... | ... | #rˈiɣa# | *#rˈiɡa# | *#ɾˈiɡə# {GOLD: >*} | *#ɾˈiɡə# {GOLD: >*} | *#ɾˈiɡə# {GOLD: >*} | *#ɾˈiɡə# {GOLD: #ɾˈiɡə#}
1100   | ... | ... | ... | ... | ... | ... | ... | #rˈikja# | *#rˈikja# | *#ɾˈikɛ# {GOLD: >*} | *#ɾˈikɛ# {GOLD: >*} | *#ɾˈikɛ# {GOLD: >*} | *#ɾˈicɛ# {GOLD: #ɾˈicɛ#}
1101   | ... | ... | ... | #rˈuːtɑ# | *#rˈuːtɑ# | *#rˈytɑ# | *#rːˈyta# | *#rːˈyta# | *#rːˈyta# | *#rˈytə# {GOLD: >*} | *#rˈytə# {GOLD: >*} | *#rˈytə# {GOLD: >*} | *#rˈytə# {GOLD: #ɾˈytə#}
1102   | ... | ... | ... | ... | ... | ... | ... | ... | #rˌɒjˈitɪ# | *#ɾˌɔˈit# {GOLD: >*} | *#ɾˌɔˈit# {GOLD: >*} | *#ɾɔˈit# {GOLD: >*} | *#ɾɔˈit# {GOLD: #ɾɔˈit#}
1103   | ... | ... | ... | ... | ... | ... | #rˌɒɡɒwˈɪt͡ʃɪkɑ# | *#rːˌɑɡɒːwˈɪsɪkɑ# | *#rːˌɑɡɒːwˈɛːskɑ# | *#rəɡɔːwˈɛːskə# {GOLD: >*} | *#rəɡɔːvˈɛːskə# {GOLD: >*} | *#rəɡɔvˈɛskə# {GOLD: >*} | *#rəɡɔvˈɛskə# {GOLD: #ɾɔɡɔvˈɛt͡skə#}
1104   | ... | ... | ... | #rˌoːsupˈoːneɑ# | *#rˌɒːsʊpˈɒːnjɑ# | *#rˌospˈoɲɑ# | *#rːˌospˈoɲa# | *#rːˌɔʃpˈɔ̃ɲa# | *#rːˌɔʃpˈɔ̃ɲa# | *#rˌɔʃpˈɔ̃ɲə# {GOLD: >*} | *#rˌɔʃpˈɔ̃ɲə# {GOLD: >*} | *#rɔʃpˈɔɲə# {GOLD: >*} | *#rɔʃpˈɔɲə# {GOLD: #ɾɔʃpˈɔɲə#}
1105   | ... | ... | ... | ... | ... | ... | ... | ... | #rˌɒtˈɑrɪ# | *#ɾˌɔtˈaɾ# {GOLD: >*} | *#ɾˌɔtˈaɾ# {GOLD: >*} | *#ɾɔtˈaɾ# {GOLD: >*} | *#ɾɔtˈaɾ# {GOLD: #ɾɔtˈaɾ#}
1106   | ... | ... | ... | ... | ... | ... | ... | ... | #rˌɒbɒtˈitɪ# | *#ɾˌɔbɔtˈit# {GOLD: >*} | *#ɾˌɔbɔtˈit# {GOLD: >*} | *#ɾɔbɔtˈit# {GOLD: >*} | *#ɾɔbɔtˈit# {GOLD: #ɾɔbtˈit#}
1107   | ... | ... | ... | ... | ... | ... | ... | ... | #rˈɒjɪ# | *#ɾˈɔj# {GOLD: >*} | *#ɾˈɔj# {GOLD: >*} | *#ɾˈɔj# {GOLD: >*} | *#ɾˈɔj# {GOLD: #ɾˈɔj#}
1108   | ... | ... | ... | ... | ... | ... | ... | ... | #rˈɒjɪkɑ# | *#ɾˈɔjkə# {GOLD: >*} | *#ɾˈɔjkə# {GOLD: >*} | *#ɾˈɔjkə# {GOLD: >*} | *#ɾˈɔjkə# {GOLD: #ɾˈɔjkə#}
1109   | ... | ... | ... | ... | ... | ... | ... | ... | #rˈɒɡɑ# | *#ɾˈɔɡə# {GOLD: >*} | *#ɾˈɔɡə# {GOLD: >*} | *#ɾˈɔɡə# {GOLD: >*} | *#ɾˈɔɡə# {GOLD: #ɾˈɔɡə#}
1110   | ... | ... | ... | ... | ... | ... | ... | #rˈɔza# | *#rˈɔːza# | *#ɾˈɔːzə# {GOLD: >*} | *#ɾˈɔːzə# {GOLD: >*} | *#ɾˈɔzə# {GOLD: >*} | *#ɾˈɔzə# {GOLD: #ɾˈɔzə#}
1111   | ... | ... | ... | ... | ... | ... | ... | ... | #rˈɒbʊ# | *#ɾˈɔb# {GOLD: >*} | *#ɾˈɔb# {GOLD: >*} | *#ɾˈɔb# {GOLD: >*} | *#ɾˈɔb# {GOLD: #ɾˈɔb#}
1112   | ... | ... | ... | #rˌunkˈɑːnioː# | *#rˌʊnkˈɒːnju# | *#rˌunkˈoɲu# | *#rːˌunkˈoɲu# | *#rːˌũnkˈɔ̃ɲu# | *#rːˌũnɡˈɔ̃ɲə# | *#rˌũŋɡˈɔ̃ɲ# {GOLD: >*} | *#rˌũɲ̈ɡˈɔ̃ɲ# {GOLD: >*} | *#ruɲ̈ɡˈɔɲ# {GOLD: >*} | *#ruŋɡˈɔj# {GOLD: #ɾuŋɡˈɔj#}
1113   | ... | ... | ... | ... | ... | ... | ... | #rˈussɔn# | *#rˈuːsːə# | *#ɾˈuːsː# {GOLD: >*} | *#ɾˈuːsː# {GOLD: >*} | *#ɾˈus# {GOLD: >*} | *#ɾˈus# {GOLD: #ɾˈus#}
1114   | ... | ... | ... | ... | ... | ... | ... | ... | #rˈunɪt͡sɪ# | *#ɾˈunˌɛt͡s# {GOLD: >*} | *#ɾˈunˌɛt͡s# {GOLD: >*} | *#ɾˈunɛt͡s# {GOLD: >*} | *#ɾˈunɛt͡s# {GOLD: #ɾˈuns#}
1115   | ... | ... | ... | ... | ... | ... | #rˌɒ̃ɡˈɑtɪ# | *#ɾˌɑ̃nɡˈɑtɪ# | *#ɾˌɑ̃nɡˈɑtə# | *#ɾˌʌ̃ŋɡˈat# {GOLD: >*} | *#ɾˌə̃ɲ̈ɡˈat# {GOLD: >*} | *#ɾəɲ̈ɡˈat# {GOLD: >*} | *#ɾəŋɡˈat# {GOLD: #raɡˈat#}
1116   | ... | ... | ... | ... | ... | ... | #rˌɒɡɒʒˈinɑ# | *#rːˌɑɡɒːzˈĩnɑ# | *#rːˌɑɡɒːzˈĩnɑ# | *#rəɡɔːzˈĩnə# {GOLD: #rˌɒɡˌɒzˈĩnə#} | *#rəɡɔːzˈĩnə# {GOLD: >*} | *#rəɡɔzˈinə# {GOLD: >*} | *#rəɡɔzˈinə# {GOLD: #raɡɔzˈinə#}
1117   | ... | ... | ... | #rˌɑːstˈellum# | *#rˌɑːstˈɛllʊ# | *#rˌɑstˈɛlːu# | *#rːˌastˈɛlːu# | *#rːˌaʃtˈɛːlːu# | *#rːˌaʃtˈie̯lːə# | *#rˌaʃcˈɛlː# {GOLD: #raʃtjˈɛl#} | *#rˌaʃcˈɛlː# {GOLD: >*} | *#raʃcˈɛl# {GOLD: >*} | *#raʃcˈɛl# {GOLD: #raʃcˈɛl#}
1118   | ... | ... | ... | ... | ... | ... | ... | ... | #xrˌɑnˈit͡sɑ# | *#rˌanˈit͡sə# {GOLD: >*} | *#rˌanˈit͡sə# {GOLD: >*} | *#ranˈit͡sə# {GOLD: >*} | *#ranˈit͡sə# {GOLD: #ranˈit͡sə#}
1119   | ... | ... | ... | ... | ... | ... | ... | ... | #xrˌɑpˈɑtɪ# | *#rˌapˈat# {GOLD: >*} | *#rˌapˈat# {GOLD: >*} | *#rapˈat# {GOLD: >*} | *#rapˈat# {GOLD: #rapˈat#}
1120   | ... | ... | ... | #rˈɑːrum# | *#rˈɑːrʊ# | *#rˈɑru# | *#rːˈalu# | *#rːˈalu# | *#rːˈaːlˠə# | *#rˈaːlˠ# {GOLD: >*} | *#rˈaːlˠ# {GOLD: >*} | *#rˈalˠ# {GOLD: >*} | *#rˈalˠ# {GOLD: #rˈalˠ#}
1121   | ... | ... | ... | ... | ... | ... | #rˈɑklɑ# | *#rːˈɑklɑ# | *#rːˈɑklɑ# | *#rˈakʎɛ# {GOLD: >*} | *#rˈakʎɛ# {GOLD: >*} | *#rˈacɛ# {GOLD: >*} | *#rˈacɛ# {GOLD: #rˈacɛ#}
1122   | ... | ... | ... | #rˈɑːpum# | *#rˈɑːpʊ# | *#rˈɑpu# | *#rːˈapu# | *#rːˈapu# | *#rːˈapə# | *#rˈap# {GOLD: >*} | *#rˈap# {GOLD: >*} | *#rˈap# {GOLD: #rˈap#} | *#rˈap# {GOLD: ...}
1123   | ... | ... | ... | ... | ... | ... | ... | ... | #xrˈɑpʊ# | *#rˈap# {GOLD: >*} | *#rˈap# {GOLD: >*} | *#rˈap# {GOLD: >*} | *#rˈap# {GOLD: #rˈap#}
1124   | ... | ... | ... | #rˈɑːpɑ# | *#rˈɑːpɑ# | *#rˈɑpɑ# | *#rːˈapa# | *#rːˈapa# | *#rːˈapa# | *#rˈapə# {GOLD: >*} | *#rˈapə# {GOLD: >*} | *#rˈapə# {GOLD: >*} | *#rˈapə# {GOLD: #rˈapə#}
1125   | ... | ... | ... | ... | ... | ... | #ˈɒrβɛsʊ# | *#rːˈɑβɛʃə# | *#rːˈɑːfʃə# | *#rˈaːfʃ# {GOLD: >*} | *#rˈaːfʃ# {GOLD: >*} | *#rˈafʃ# {GOLD: >*} | *#rˈafʃ# {GOLD: #rˈafʃ#}
1126   | ... | ... | ... | ... | ... | ... | #rˌækˈɒjɒ̃# | *#rːəkˈɑjɑ̃n# | *#rːəkˈɑjɑ̃# | *#rəkˈajə# {GOLD: >*} | *#rəkˈajə# {GOLD: >*} | *#rəkˈajə# {GOLD: >*} | *#rəkˈajə# {GOLD: #rəkˈajə#}
1127   | ... | ... | ... | ... | ... | ... | #rˌɒɡˈɑlɑ# | *#rːˌɑɡˈɑlɑ# | *#rːˌɑɡˈɑːlˠɑ# | *#rəɡˈaːlˠə# {GOLD: >*} | *#rəɡˈaːlˠə# {GOLD: >*} | *#rəɡˈalˠə# {GOLD: >*} | *#rəɡˈalˠə# {GOLD: #rəɡˈalˠə#}
1128   | ... | ... | ... | #ˌeːrˌɑːdikˈɑːnioː# | *#ˌeːrˌɑːdɪkˈɒːnju# | *#ˌerˌɑdekˈoɲu# | *#rːˌaðɪkˈoɲu# | *#rːˌaðɪkˈɔ̃ɲu# | *#rːˌaɡˈɔ̃ɲə# | *#rəɡˈɔ̃ɲ# {GOLD: >*} | *#rəɡˈɔ̃ɲ# {GOLD: >*} | *#riɡˈɔɲ# {GOLD: >*} | *#riɡˈɔj# {GOLD: #rəɟˈɔj#}
1129   | ... | ... | ... | #rˌeniːdˈeːnioː# | *#rˌɛnidˈeːnju# | *#rˌɛndˈeɲu# | *#rːˌɛndˈeɲu# | *#rːə̃ndˈẽɲu# | *#rːə̃ndˈɛ̃ɲə# | *#rə̃ndˈɛ̃ɲ# {GOLD: >*} | *#rə̃ndˈɛ̃ɲ# {GOLD: >*} | *#rəndˈɛɲ# {GOLD: >*} | *#rəndˈɛj# {GOLD: #rəɲɟˈɛj#}
1130   | ... | ... | ... | ... | #rˌoːsˈɑːʎɑ# | *#rˌøsˈɑʎɑ# | *#rːɪsˈaʎa# | *#rːɪʃˈaʎa# | *#rːəʃˈaːʎa# | *#rəʃˈaːʎə# {GOLD: #r̩ʃˈajə#} | *#rəʃˈaːʎə# {GOLD: >*} | *#rəʃˈajə# {GOLD: >*} | *#rəʃˈajə# {GOLD: #rəʃˈajə#}
1131   | ... | ... | ... | #rˌeːsˈiːnɑ# | *#rˌeːsˈinɑ# | *#rˌesˈinɑ# | *#rːɪsˈina# | *#rːɪʃˈĩna# | *#rːəʃˈĩna# | *#rəʃˈĩnə# {GOLD: #rəʃˈĩːɾ̃ə#} | *#rəʃˈĩnə# {GOLD: >*} | *#rəʃˈinə# {GOLD: >*} | *#rəʃˈinə# {GOLD: #rəʃˈiɾə#}
1132   | ... | ... | ... | ... | #rˌyːnˈɒːɲu# | *#rˌynˈoɲu# | *#rːˌynˈoɲu# | *#rːə̃nˈɔ̃ɲu# | *#rːə̃nˈɔ̃ɲə# | *#rə̃nˈɔ̃ɲ# {GOLD: #rənˈɔ̃ɲ#} | *#rə̃nˈɔ̃ɲ# {GOLD: >*} | *#rənˈɔɲ# {GOLD: >*} | *#rənˈɔj# {GOLD: #rənˈɔj#}
1133   | ... | ... | ... | #rˌefˈernioː# | *#rˌɛfˈɛrnju# | *#rˌɛfˈɛrɲu# | *#rːɪfˈɛrɲu# | *#rːɪfˈɛɾɲu# | *#rːəfˈɛɲə# | *#rəfˈɛɲ# {GOLD: #rəfˈyø̯j#} | *#rəfˈɛɲ# {GOLD: >*} | *#rəfˈɛɲ# {GOLD: >*} | *#rəfˈɛj# {GOLD: #rəfˈɛj#}
1134   | ... | ... | ... | #ˌɑrmˈɑːtɑ# | *#ˌɑrmˈɑːtɑ# | *#ˌɑrmˈɑtɑ# | *#ərmˈata# | *#əɾmˈata# | *#əɾmˈata# | *#əɾmˈatə# {GOLD: #r̩mˈatə#} | *#əɾmˈatə# {GOLD: >*} | *#əɾmˈatə# {GOLD: >*} | *#əɾmˈatə# {GOLD: #rəmˈatə#}
1135   | ... | ... | ... | ... | #ˌɛremˈitu# | *#ˌɛremˈitu# | *#rːɪmˈitu# | *#rːə̃mˈitu# | *#rːə̃mˈitə# | *#rə̃mˈit# {GOLD: #rˌɛ̃mˈit#} | *#rə̃mˈit# {GOLD: >*} | *#rəmˈit# {GOLD: >*} | *#rəmˈit# {GOLD: #rəmˈit#}
1136   | ... | ... | ... | #rˌumpˈenioː# | *#rˌʊmpˈɛnju# | *#rˌumpˈɛɲu# | *#rːˌumpˈɛɲu# | *#rːˌũmpˈɛ̃ɲu# | *#rːˌũmbˈɛ̃ɲə# | *#rˌũmbˈɛ̃ɲ# {GOLD: #rˌumpˈɛ̃ɲ#} | *#rˌũmbˈɛ̃ɲ# {GOLD: #rˌumbˈɛ̃ɲ#} | *#rumbˈɛɲ# {GOLD: >*} | *#rumbˈɛj# {GOLD: #rəmbˈɛj#}
1137   | ... | ... | ... | #rˈeːɡulum# | *#rˈeːɡʊlʊ# | *#rˈeɡulu# | *#rːˈeɡulu# | *#rːˈeɡulu# | *#rːˈɛɡulˠə# | *#rˈɛɡulˠ# {GOLD: >*} | *#rˈɛɡulˠ# {GOLD: >*} | *#rˈɛɡulˠ# {GOLD: >*} | *#rˈɛɡulˠ# {GOLD: #rˈɛɡulˠ#}
1138   | ... | ... | ... | #rˈeːtinɑ# | *#rˈeːtɪnɑ# | *#rˈetenɑ# | *#rːˈetɑ̃ɾ̃a# | *#rːˈetɐɾ̃a# | *#rːˈɛtɐɾ̃a# | *#rˈɛtəɾ̃ə# {GOLD: #rˈɛtəɾ̃ə#} | *#rˈɛtəɾ̃# {GOLD: >*} | *#rˈɛtəɾ# {GOLD: >*} | *#rˈɛtəɾ# {GOLD: #rˈɛtəɾ#}
1139   | ... | ... | ... | ... | ... | ... | ... | #rˈɛ̃sɪkɑ# | *#rˈɛ̃ːskɑ# | *#ɾˈɛ̃ːskə# {GOLD: >*} | *#ɾˈɛ̃ːskə# {GOLD: >*} | *#ɾˈɛt͡skə# {GOLD: >*} | *#ɾˈɛt͡skə# {GOLD: #rˈɛt͡skə#}
1140   | ... | ... | ... | #rˈɑdiɑ# | *#rˈɑd͡ʒjɑ# | *#rˈɑd͡ʒjɑ# | *#rːˈed͡ʒa# | *#rːˈeza# | *#rːˈɛːza# | *#rˈɛːzə# {GOLD: #rˈɛzə#} | *#rˈɛːzə# {GOLD: >*} | *#rˈɛzə# {GOLD: >*} | *#rˈɛzə# {GOLD: #rˈɛzə#}
1141   | ... | ... | ... | #rˈɑːpiː# | *#rˈɑːpi# | *#rˈepi# | *#rːˈepɪ# | *#rːˈepɪ# | *#rːˈɛpə# | *#rˈɛp# {GOLD: >*} | *#rˈɛp# {GOLD: >*} | *#rˈɛp# {GOLD: >*} | *#rˈɛp# {GOLD: #rˈɛp#}
1142   | ... | ... | ... | ... | #rˈɑpin# | *#rˈepin# | *#rːˈepɪn# | *#rːˈepɪ̃n# | *#rːˈɛpə̃# | *#rˈɛp# {GOLD: >*} | *#rˈɛp# {GOLD: >*} | *#rˈɛp# {GOLD: >*} | *#rˈɛp# {GOLD: #rˈɛp#}
1143   | ... | ... | ... | #rˈeːbɑ# | *#rˈeːβɑ# | *#rˈeβɑ# | *#rːˈewa# | *#rːˈeva# | *#rːˈɛːva# | *#rˈɛːvə# {GOLD: >*} | *#rˈɛːvə# {GOLD: >*} | *#rˈɛvə# {GOLD: >*} | *#rˈɛvə# {GOLD: #rˈɛvə#}
1144   | ... | ... | ... | #rˈeːmum# | *#rˈeːmʊ# | *#rˈemu# | *#rːˈemu# | *#rːˈẽmu# | *#rːˈɛ̃mə# | *#rˈɛ̃m# {GOLD: >*} | *#rˈɛ̃m# {GOLD: >*} | *#rˈɛm# {GOLD: >*} | *#rˈɛm# {GOLD: #rˈɛm#}
1145   | ... | ... | ... | #ˌae̯rˈɑːmen# | *#ˌɛrˈɑːmɛ# | *#ˌɛrˈemɛ# | *#rːˈemɪ# | *#rːˈẽmɪ# | *#rːˈɛ̃mə# | *#rˈɛ̃m# {GOLD: >*} | *#rˈɛ̃m# {GOLD: #rˈɛ̃mb#} | *#rˈɛm# {GOLD: >*} | *#rˈɛm# {GOLD: #rˈɛmb#}
1146   | ... | ... | ... | #rˈɑːmiː# | *#rˈɑːmi# | *#rˈemi# | *#rːˈemɪ# | *#rːˈẽmɪ# | *#rːˈɛ̃mə# | *#rˈɛ̃m# {GOLD: >*} | *#rˈɛ̃m# {GOLD: >*} | *#rˈɛm# {GOLD: >*} | *#rˈɛm# {GOLD: #rˈɛmb#}
1147   | ... | ... | ... | #rˈeːstem# | *#rˈeːstɛ# | *#rˈestɛ# | *#rːˈestɪ# | *#rːˈeʃtɪ# | *#rːˈɛːʃtə# | *#rˈɛːʃt# {GOLD: >*} | *#rˈɛːʃt# {GOLD: >*} | *#rˈɛʃt# {GOLD: >*} | *#rˈɛʃt# {GOLD: #rjˈɛʃt#}
1148   | ... | ... | ... | #rˈeːte# | *#rˈeːtɛ# | *#rˈetɛ# | *#rːˈetɪ# | *#rːˈetɪ# | *#rːˈɛtə# | *#rˈɛt# {GOLD: >*} | *#rˈɛt# {GOLD: >*} | *#rˈɛt# {GOLD: >*} | *#rˈɛt# {GOLD: #rjˈɛt#}
1149   | ... | ... | ... | #rˌesˌurɡˈonioː# | *#rˌɛsˌʊrɡˈɒnju# | *#rˌɛsˌurɡˈoɲu# | *#rːɪsˌurɡˈoɲu# | *#rːɪʃəɾɡˈɔ̃ɲu# | *#rːəʃəɾɡˈɔ̃ɲə# | *#rəʒɡˈɔ̃ɲ# {GOLD: >*} | *#rəʒɡˈɔ̃ɲ# {GOLD: >*} | *#riʒɡˈɔɲ# {GOLD: #riʃɡˈɔj#} | *#riʒɡˈɔj# {GOLD: #riʒɡˈɔj#}
1150   | ... | ... | ... | #rˌɑːdˈiːkɑ# | *#rˌɑːdˈikɑ# | *#rˌɑdˈikɑ# | *#rːˌaðˈika# | *#rːəˈiːka# | *#rːəˈiːka# | *#rˈiːkə# {GOLD: >*} | *#rˈiːkə# {GOLD: >*} | *#rˈikə# {GOLD: >*} | *#rˈikə# {GOLD: #rˈikə#}
1151   | ... | ... | ... | #rˌɑːdˈiːkulɑ# | *#rˌɑːdˈikʊlɑ# | *#rˌɑdˈikulɑ# | *#rːˌaðˈikula# | *#rːəˈiːkula# | *#rːəˈiːlkəa# | *#rˈiːʎkə# {GOLD: #rˈiʎkə#} | *#rˈiːʎkə# {GOLD: >*} | *#rˈijkə# {GOLD: #rˈijkə#} | *#rˈikə# {GOLD: #rˈikə#}
1152   | ... | ... | ... | #rˈikinum# | *#rˈikɪnʊ# | *#rˈikenu# | *#rːˈicɑ̃ɾ̃u# | *#rːˈicɐɾ̃u# | *#rːˈicɐɾ̃ə# | *#rˈicəɾ̃# {GOLD: #rˈicəɾ̃ə#} | *#rˈicəɾ̃# {GOLD: >*} | *#rˈicəɾ# {GOLD: >*} | *#rˈicəɾ# {GOLD: #rˈicəɾ#}
1153   | ... | ... | ... | #rˈiːpɑ# | *#rˈipɑ# | *#rˈipɑ# | *#rːˈipa# | *#rːˈipa# | *#rːˈipa# | *#rˈipə# {GOLD: >*} | *#rˈipə# {GOLD: >*} | *#rˈipə# {GOLD: >*} | *#rˈipə# {GOLD: #rˈipə#}
1154   | ... | ... | ... | #ˌɑwreˈolum# | *#ˌɑwrjˈɒlʊ# | *#ˌɑwrjˈolu# | *#rːˈølu# | *#rːˈœlu# | *#rːˈye̯lˠə# | *#rˈye̯lˠ# {GOLD: >*} | *#rˈye̯lˠ# {GOLD: >*} | *#rˈye̯lˠ# {GOLD: >*} | *#rˈye̯lˠ# {GOLD: #rˈye̯lˠ#}
1155   | ... | ... | ... | #rˌewˈiliɑ# | *#rˌɛwˈiʎɑ# | *#rɛˈyːjlɑ# | *#rːɪˈyːla# | *#rːɪˈyːla# | *#rːəˈyːlˠa# | *#rˈyːlˠə# {GOLD: >*} | *#rˈyːlˠə# {GOLD: >*} | *#rˈylˠə# {GOLD: >*} | *#rˈylˠə# {GOLD: #rˈylˠə#}
1156   | ... | ... | ... | ... | ... | ... | #rˌɒpˈɑkʊ# | *#rːəpˈɑkə# | *#rːəpˈɑkə# | *#rəpˈak# {GOLD: >*} | *#rəpˈak# {GOLD: >*} | *#rəpˈak# {GOLD: >*} | *#rəpˈak# {GOLD: #rɔpˈak#}
1157   | ... | ... | ... | #rˈokkɑ# | *#rˈɒkkɑ# | *#rˈokkɑ# | *#rːˈokka# | *#rːˈɔka# | *#rːˈɔka# | *#rˈɔkə# {GOLD: >*} | *#rˈɔkə# {GOLD: >*} | *#rˈɔkə# {GOLD: >*} | *#rˈɔkə# {GOLD: #rˈɔkə#}
1158   | ... | ... | ... | ... | ... | ... | #rˈɒɡɑ# | *#rːˈɔɡɑ# | *#rːˈɔɡɑ# | *#rˈɔɡə# {GOLD: >*} | *#rˈɔɡə# {GOLD: >*} | *#rˈɔɡə# {GOLD: >*} | *#rˈɔɡə# {GOLD: #rˈɔɡə#}
1159   | ... | ... | ... | ... | #rˈɔɣɑ# | *#rˈoɣɑ# | *#rːˈoɣa# | *#rːˈɔɣa# | *#rːˈɔɡa# | *#rˈɔɡə# {GOLD: >*} | *#rˈɔɡə# {GOLD: >*} | *#rˈɔɡə# {GOLD: >*} | *#rˈɔɡə# {GOLD: #rˈɔɡə#}
1160   | ... | ... | ... | #rˈotɑ# | *#rˈɒtɑ# | *#rˈotɑ# | *#rːˈota# | *#rːˈɔta# | *#rːˈɔta# | *#rˈɔtə# {GOLD: >*} | *#rˈɔtə# {GOLD: >*} | *#rˈɔtə# {GOLD: >*} | *#rˈɔtə# {GOLD: #rˈɔtə#}
1161   | ... | ... | ... | #rˈotulum# | *#rˈɒtʊlʊ# | *#rˈotulu# | *#rːˈotulu# | *#rːˈɔtulu# | *#rːˈɔtulˠə# | *#rˈɔtulˠ# {GOLD: >*} | *#rˈɔtulˠ# {GOLD: >*} | *#rˈɔtulˠ# {GOLD: >*} | *#rˈɔtulˠ# {GOLD: #rˈɔtulˠ#}
1162   | ... | ... | ... | ... | ... | ... | #rˈɒʒɪkʊ# | *#ɾˈɑzɪkə# | *#ɾˈɑːskə# | *#ɾˈaːsk# {GOLD: >*} | *#ɾˈaːsk# {GOLD: >*} | *#ɾˈask# {GOLD: >*} | *#ɾˈask# {GOLD: #rˈɔzɡ#}
1163   | ... | ... | ... | ... | ... | ... | #rˈobur# | *#rːˈɔbuɾ# | *#rːˈɔbuɾ# | *#rˈɔbuɾ# {GOLD: >*} | *#rˈɔbuɾ# {GOLD: >*} | *#rˈɔbuɾ# {GOLD: >*} | *#rˈɔbuɾ# {GOLD: #rˈɔbulˠ#}
1164   | ... | ... | ... | #rˌomfˈae̯ɑ# | *#rˌʊmfˈɛɑ# | *#rˌufˈɛjɑ# | *#rːˌufˈɛa# | *#rːˌufˈɛa# | *#rːˌufˈɛa# | *#rˌufˈɛː# {GOLD: >*} | *#rˌufˈɛː# {GOLD: >*} | *#rufˈɛ# {GOLD: >*} | *#rufˈɛ# {GOLD: #rufˈɛ#}
1165   | ... | ... | ... | #rˌɑdˈɑːnioː# | *#rˌɑdˈɒːnju# | *#rˌɑdˈoɲu# | *#rːˌaðˈoɲu# | *#rːəˈɔ̃ːɲu# | *#rːəˈũo̯ɲə# | *#rˈũːo̯ɲ# {GOLD: #rˈuo̯j#} | *#rˈũːa̯ɲ# {GOLD: >*} | *#rˈua̯ɲ# {GOLD: >*} | *#rˈua̯j# {GOLD: #rˈua̯j#}
1166   | ... | ... | ... | ... | ... | #rˈuɡɑ# | *#rːˈuɡa# | *#rːˈuɡa# | *#rːˈuɡa# | *#rˈuɡə# {GOLD: >*} | *#rˈuɡə# {GOLD: >*} | *#rˈuɡə# {GOLD: >*} | *#rˈuɡə# {GOLD: #rˈuɡə#}
1167   | ... | ... | ... | ... | ... | #rˈuskulu# | *#rːˈuskulu# | *#rːˈuʃkulu# | *#rːˈuːʃkulˠə# | *#rˈuːʃkulˠ# {GOLD: >*} | *#rˈuːʃkulˠ# {GOLD: >*} | *#rˈuʃkulˠ# {GOLD: >*} | *#rˈuʃkulˠ# {GOLD: #rˈuʃkulˠ#}
1168   | ... | ... | ... | #rˈude# | *#rˈʊdɛ# | *#rˈudɛ# | *#rːˈuðɪ# | *#rːˈuðɪ# | *#rːˈuðə# | *#rˈuð# {GOLD: >*} | *#rˈuð# {GOLD: >*} | *#rˈuð# {GOLD: >*} | *#rˈuð# {GOLD: #rˈuð#}
1169   | ... | ... | ... | ... | ... | ... | #rˈunɒ# | *#rːˈũnɒ# | *#rːˈũnɒ# | *#rˈũnə# {GOLD: >*} | *#rˈũnə# {GOLD: >*} | *#rˈunə# {GOLD: >*} | *#rˈunə# {GOLD: #rˈunə#}
1170   | ... | ... | ... | #rˈombum# | *#rˈʊmbʊ# | *#rˈumbu# | *#rːˈumbu# | *#rːˈũmbu# | *#rːˈũmbə# | *#rˈũmb# {GOLD: >*} | *#rˈũmb# {GOLD: >*} | *#rˈumb# {GOLD: >*} | *#rˈumb# {GOLD: #rˈumb#}
1171   | ... | ... | ... | #rˈombulum# | *#rˈʊmbʊlʊ# | *#rˈumbulu# | *#rːˈumbulu# | *#rːˈũmbulu# | *#rːˈũmbulˠə# | *#rˈũmbulˠ# {GOLD: >*} | *#rˈũmbulˠ# {GOLD: >*} | *#rˈumbulˠ# {GOLD: >*} | *#rˈumbulˠ# {GOLD: #rˈumbulˠ#}
1172   | ... | ... | ... | #pˌɑːktˈɑːnioː# | *#pˌɑːktˈɒːnju# | *#pˌɑçtˈoɲu# | *#pˌajtˈoɲu# | *#pˌajtˈɔ̃ɲu# | *#pˌajtˈɔ̃ɲə# | *#pˌajtˈɔ̃ɲ# {GOLD: >*} | *#pˌajtˈɔ̃ɲ# {GOLD: >*} | *#pajtˈɔɲ# {GOLD: >*} | *#pajtˈɔj# {GOLD: #pajtˈɔj#}
1173   | ... | ... | ... | #pˌɑɡɑːtˈuːrɑm# | *#pˌɑɡɑːtˈuːrɑ# | *#pˌɑɡɑtˈyrɑ# | *#pˌaɡatˈyra# | *#pˌaɡətˈyɾa# | *#pˌaɡətˈyːɾa# | *#pˌaɡətˈyːɾə# {GOLD: >*} | *#pˌaɡətˈyːɾə# {GOLD: >*} | *#paɡətˈyɾə# {GOLD: >*} | *#paktˈyɾə# {GOLD: #paɡətˈyɾə#}
1174   | ... | ... | ... | ... | ... | ... | #pˌaɡˈɒwɔɲɔ# | *#pˌaɡˈɔə̯̃ɲɔ# | *#pˌaɡˈuõ̯ɲə# | *#pˌaɡˈuõ̯ɲ# {GOLD: >*} | *#pˌaɡˈuã̯ɲ# {GOLD: >*} | *#paɡˈua̯ɲ# {GOLD: >*} | *#paɡˈua̯j# {GOLD: #paɡˈua̯j#}
1175   | ... | ... | ... | #pˌɑːbulˈɑːnioː# | *#pˌɑːβʊlˈɒːnju# | *#pˌɑβulˈoɲu# | *#pˌawulˈoɲu# | *#pˌaːlˈɔ̃ɲu# | *#pˌaːlˠˈɔ̃ɲə# | *#pˌaːlˠˈɔ̃ɲ# {GOLD: >*} | *#pˌaːlˠˈɔ̃ɲ# {GOLD: >*} | *#palˠˈɔɲ# {GOLD: >*} | *#palˠˈɔj# {GOLD: #palˠˈɔj#}
1176   | ... | ... | ... | #pˌɑwlˈonioː# | *#pˌɑwlˈɒnju# | *#pˌɑwlˈoɲu# | *#pˌawlˈoɲu# | *#pˌaːlˈɔ̃ɲu# | *#pˌaːlˠˈɔ̃ɲə# | *#pˌaːlˠˈɔ̃ɲ# {GOLD: >*} | *#pˌaːlˠˈɔ̃ɲ# {GOLD: >*} | *#palˠˈɔɲ# {GOLD: >*} | *#palˠˈɔj# {GOLD: #palˠˈɔj#}
1177   | ... | ... | ... | #pˌɑːwulˈoːnem# | *#pˌɑːwʊlˈɒːnɛ# | *#pˌɑwulˈonɛ# | *#pˌawulˈonɪ# | *#pˌaːlˈɔ̃ɾ̃ɪ# | *#pˌaːlˠˈũo̯ɾ̃ə# | *#pˌaːlˠˈũo̯# {GOLD: >*} | *#pˌaːlˠˈũa̯# {GOLD: >*} | *#palˠˈua̯# {GOLD: >*} | *#palˠˈua̯# {GOLD: #palˠˈua̯#}
1178   | ... | ... | ... | #pˌɑstuːrˈɑːkum# | *#pˌɑstuːrˈɑːkʊ# | *#pˌɑstyrˈɑku# | *#pˌastʏrˈaku# | *#pˌaʃtɪɾˈaku# | *#pˌaʃtəɾˈakə# | *#pˌaʃtəɾˈak# {GOLD: >*} | *#pˌaʃtəɾˈak# {GOLD: >*} | *#paʃtɾˈak# {GOLD: >*} | *#paʃtɾˈak# {GOLD: #paʃtɾˈak#}
1179   | ... | ... | ... | ... | ... | ... | ... | ... | #pˌɑʃɪnˈikʊ# | *#pˌaʃnˈik# {GOLD: >*} | *#pˌaʃnˈik# {GOLD: >*} | *#paʃnˈik# {GOLD: >*} | *#paʃnˈik# {GOLD: #paʃnˈik#}
1180   | ... | ... | ... | ... | ... | ... | #pˌɒdʊkˈɒwʊ# | *#pˌɑdkˈɔə̯# | *#pˌɑtkˈuo̯# | *#pˌatkˈuo̯# {GOLD: #pˌɒtkˈuo̯#} | *#pˌatkˈua̯# {GOLD: >*} | *#patkˈua̯# {GOLD: >*} | *#patkˈua̯# {GOLD: #patkˈua̯#}
1181   | ... | ... | ... | ... | ... | ... | ... | ... | #pˌɑdˈitɪ# | *#pˌadˈit# {GOLD: >*} | *#pˌadˈit# {GOLD: >*} | *#padˈit# {GOLD: >*} | *#padˈit# {GOLD: #padˈit#}
1182   | ... | ... | ... | #ˌɑppˌɑrɑmˈentum# | *#ˌɑppˌɑrɑmˈɛntʊ# | *#ˌɑppˌɑrɑmˈɛntu# | *#ppˌaramˈɛntu# | *#pˌaɾə̃mˈɛ̃ntu# | *#pˌaɾə̃mˈɛ̃ndə# | *#pˌaɾə̃mˈɛ̃nd# {GOLD: #paɾmˈɛ̃nd#} | *#pˌaɾmˈɛ̃nd# {GOLD: >*} | *#paɾmˈɛnd# {GOLD: >*} | *#paɾmˈɛnd# {GOLD: #paɾmˈɛnd#}
1183   | ... | ... | ... | ... | ... | #pˌɑrɑdˈiːzu# | *#pˌaraðˈiːzu# | *#pˌaɾəˈiːzu# | *#pˌaɾəˈiːzə# | *#pˌaɾˈiːz# {GOLD: >*} | *#pˌaɾˈiːz# {GOLD: >*} | *#paɾˈiz# {GOLD: >*} | *#paɾˈiz# {GOLD: #parˈiz#}
1184   | ... | ... | ... | #pˈɑlliɑ# | *#pˈɑʎɑ# | *#pˈɑʎɑ# | *#pˈaʎa# | *#pˈaʎa# | *#pˈaːʎa# | *#pˈaːʎə# {GOLD: #pˈaʎə#} | *#pˈaːʎə# {GOLD: >*} | *#pˈajə# {GOLD: >*} | *#pˈajə# {GOLD: #pˈajə#}
1185   | ... | ... | ... | #pˈɑktoː# | *#pˈɑktu# | *#pˈɑçtu# | *#pˈajtu# | *#pˈajtu# | *#pˈajtə# | *#pˈajt# {GOLD: >*} | *#pˈajt# {GOLD: >*} | *#pˈajt# {GOLD: >*} | *#pˈajt# {GOLD: #pˈajt#}
1186   | ... | ... | ... | #pˈɑwkum# | *#pˈɑwkʊ# | *#pˈɑwku# | *#pˈawku# | *#pˈaːku# | *#pˈaːkə# | *#pˈaːk# {GOLD: #pˈak#} | *#pˈaːk# {GOLD: >*} | *#pˈak# {GOLD: >*} | *#pˈak# {GOLD: #pˈak#}
1187   | ... | ... | ... | #pˈɑːlɑ# | *#pˈɑːlɑ# | *#pˈɑlɑ# | *#pˈala# | *#pˈala# | *#pˈaːlˠa# | *#pˈaːlˠə# {GOLD: >*} | *#pˈaːlˠə# {GOLD: >*} | *#pˈalˠə# {GOLD: >*} | *#pˈalˠə# {GOLD: #pˈalˠə#}
1188   | ... | ... | #pˈawla# | *#pˈɑwlɑ# | *#pˈɑwlɑ# | *#pˈɑwlɑ# | *#pˈawla# | *#pˈaːla# | *#pˈaːlˠa# | *#pˈaːlˠə# {GOLD: >*} | *#pˈaːlˠə# {GOLD: >*} | *#pˈalˠə# {GOLD: >*} | *#pˈalˠə# {GOLD: #pˈalˠə#}
1189   | ... | ... | ... | #pˈɑːkem# | *#pˈɑːkɛ# | *#pˈɑkɛ# | *#pˈacɪ# | *#pˈacɪ# | *#pˈacə# | *#pˈac# {GOLD: >*} | *#pˈac# {GOLD: >*} | *#pˈac# {GOLD: >*} | *#pˈac# {GOLD: #pˈac#}
1190   | ... | ... | ... | #pˈɑssum# | *#pˈɑssʊ# | *#pˈɑssu# | *#pˈassu# | *#pˈaʃu# | *#pˈaːʃə# | *#pˈaːʃ# {GOLD: >*} | *#pˈaːʃ# {GOLD: >*} | *#pˈaʃ# {GOLD: >*} | *#pˈaʃ# {GOLD: #pˈaʃ#}
1191   | ... | ... | ... | ... | #pˈɑskʰɑ# | *#pˈɑskɑ# | *#pˈaska# | *#pˈaʃka# | *#pˈaːʃka# | *#pˈaːʃkə# {GOLD: >*} | *#pˈaːʃkə# {GOLD: >*} | *#pˈaʃkə# {GOLD: >*} | *#pˈaʃkə# {GOLD: #pˈaʃkə#}
1192   | ... | ... | ... | ... | ... | ... | ... | ... | #pˈɑtɑ# | *#pˈatə# {GOLD: >*} | *#pˈatə# {GOLD: >*} | *#pˈatə# {GOLD: >*} | *#pˈatə# {GOLD: #pˈatə#}
1193   | ... | ... | ... | ... | #pˈɑwlu# | *#pˈɑwlu# | *#pˈawlu# | *#pˈaːlu# | *#pˈaːlˠə# | *#pˈaːlˠ# {GOLD: >*} | *#pˈaːlˠ# {GOLD: #pˈaːl#} | *#pˈalˠ# {GOLD: >*} | *#pˈalˠ# {GOLD: #pˈal#}
1194   | ... | ... | ... | ... | #pˈɑltiɲɑ# | *#pˈɑltiɲɑ# | *#pˈaltɪɲa# | *#pˈaltɲa# | *#pˈaːltɲa# | *#pˈaːlɲə# {GOLD: >*} | *#pˈaːlɲə# {GOLD: >*} | *#pˈalɲə# {GOLD: >*} | *#pˈalɲə# {GOLD: #pˈalɲə#}
1195   | ... | ... | ... | #pˈɑːr# | *#pˈɑːr# | *#pˈɑr# | *#pˈar# | *#pˈaɾ# | *#pˈaːɾ# | *#pˈaːɾ# {GOLD: >*} | *#pˈaːɾ# {GOLD: >*} | *#pˈaɾ# {GOLD: >*} | *#pˈaɾ# {GOLD: #pˈaɾ#}
1196   | ... | ... | ... | ... | ... | ... | #pˌɒɡˈɑɲ# | *#pˌɐɡˈɑ̃ɲ# | *#pˌɐɡˈɑ̃ɲ# | *#pˌəɡˈʌ̃ɲ# {GOLD: #pˌɒɡˈɑ̃ɲ#} | *#pˌəɡˈə̃ɲ# {GOLD: >*} | *#pəɡˈəɲ# {GOLD: >*} | *#pəɡˈəj# {GOLD: #pəɡˈəj#}
1197   | ... | ... | ... | #pˌɑɡˈɑːnɑ# | *#pˌɑɡˈɑːnɑ# | *#pˌɑɡˈɑnɑ# | *#pˌaɡˈana# | *#pˌɐɡˈãɾ̃a# | *#pˌɐɡˈãɾ̃a# | *#pˌəɡˈʌ̃ɾ̃ə# {GOLD: #pəɡˈɑ̃ɾ̃ə#} | *#pˌəɡˈə̃ɾ̃ə# {GOLD: >*} | *#pəɡˈəɾə# {GOLD: >*} | *#pəɡˈəɾə# {GOLD: #pəɡˈəɾə#}
1198   | ... | ... | ... | ... | ... | ... | #pˌɒɡˈɑnɑ# | *#pˌɐɡˈɑ̃ɾ̃ɑ# | *#pˌɐɡˈɑ̃ɾ̃ɑ# | *#pˌəɡˈʌ̃ɾ̃ə# {GOLD: #pˌɒɡˈɑ̃ɾ̃ə#} | *#pˌəɡˈə̃ɾ̃ə# {GOLD: >*} | *#pəɡˈəɾə# {GOLD: >*} | *#pəɡˈəɾə# {GOLD: #pəɡˈəɾə#}
1199   | ... | ... | ... | #pˌɑlˈɑːtium# | *#pˌɑlˈɑːt͡ʃjʊ# | *#pˌɑlˈɑt͡ʃju# | *#pˌalˈat͡ʃu# | *#pəlˈasu# | *#pəlˠˈaːsə# | *#pəlˠˈaːs# {GOLD: >*} | *#pəlˠˈaːs# {GOLD: >*} | *#pəlˠˈas# {GOLD: >*} | *#pəlˠˈas# {GOLD: #pəlˠˈas#}
1200   | ... | ... | ... | #pˌɑlˈumbum# | *#pˌɑlˈʊmbʊ# | *#pˌɑlˈumbu# | *#pˌalˈumbu# | *#pəlˈũmbu# | *#pəlˠˈũmbə# | *#pəlˠˈũmb# {GOLD: >*} | *#pəlˠˈũmb# {GOLD: >*} | *#pəlˠˈumb# {GOLD: >*} | *#pəlˠˈumb# {GOLD: #pəlˠˈumb#}
1201   | ... | ... | ... | #plˌikˈiːnum# | *#plˌɪkˈinʊ# | *#plˌikˈinu# | *#pləcˈinu# | *#pləcˈĩnu# | *#pləcˈĩːnə# | *#pl̩cˈĩː# {GOLD: #pl̩cˈĩː#} | *#pl̩cˈĩː# {GOLD: >*} | *#pl̩cˈi# {GOLD: >*} | *#pəlcˈi# {GOLD: #pəcˈi#}
1202   | ... | ... | ... | #pˌessikˈɑːnioː# | *#pˌɛssɪkˈɒːnju# | *#pˌɛssekˈoɲu# | *#pɪssɪkˈoɲu# | *#pɪʃɪkˈɔ̃ɲu# | *#pəʃəkˈɔ̃ɲə# | *#pəʃkˈɔ̃ɲ# {GOLD: >*} | *#pəʃkˈɔ̃ɲ# {GOLD: >*} | *#pəʃkˈɔɲ# {GOLD: >*} | *#pəʃkˈɔj# {GOLD: #pəʃkˈɔj#}
1203   | ... | ... | ... | #pˌɑtiˈɑːnioː# | *#pˌɑt͡ʃjˈɒːnju# | *#pˌɑt͡ʃjˈoɲu# | *#pˌat͡ʃˈoɲu# | *#pəsˈɔ̃ɲu# | *#pəsˈɔ̃ɲə# | *#pəsˈɔ̃ɲ# {GOLD: >*} | *#pəsˈɔ̃ɲ# {GOLD: >*} | *#pəsˈɔɲ# {GOLD: >*} | *#pəsˈɔj# {GOLD: #pəsˈɔj#}
1204   | ... | ... | ... | ... | ... | ... | #pˌɒ̃dˈɑrɪ# | *#pˌɑ̃ndˈɑɾɪ# | *#pˌɑ̃ndˈɑːɾə# | *#pˌʌ̃ndˈaːɾ# {GOLD: >*} | *#pˌə̃ndˈaːɾ# {GOLD: >*} | *#pəndˈaɾ# {GOLD: >*} | *#pəndˈaɾ# {GOLD: #pəndˈaɾ#}
1205   | ... | ... | ... | #plˌɑkˈenioː# | *#plˌɑkˈɛnju# | *#plˌɑkˈɛɲu# | *#pləcˈɛɲu# | *#pləcˈɛ̃ɲu# | *#pləcˈɛ̃ɲə# | *#pl̩cˈɛ̃ɲ# {GOLD: >*} | *#pl̩cˈɛ̃ɲ# {GOLD: >*} | *#pl̩cˈɛɲ# {GOLD: >*} | *#pəlcˈɛj# {GOLD: #pəlcˈɛj#}
1206   | ... | ... | ... | #pˌer# | *#pˌɛr# | *#pˌɛr# | *#pˌɛr# | *#pˌɛɾ# | *#pəɾ# | *#pɾ̩# {GOLD: >*} | *#pɾ̩# {GOLD: >*} | *#pɾ̩# {GOLD: >*} | *#pəɾ# {GOLD: #pəɾ#}
1207   | ... | ... | ... | ... | #pˌerhˈoːrɑ# | *#pˌerhˈørɑ# | *#pˌerhˈøra# | *#pəɾhˈœɾa# | *#pəɾhˈɛːɾa# | *#pəɾhˈɛːɾə# {GOLD: >*} | *#pəɾhˈɛːɾə# {GOLD: >*} | *#pəɾhˈɛɾə# {GOLD: >*} | *#pəɾhˈɛɾə# {GOLD: #pəɾhˈɛɾə#}
1208   | ... | ... | ... | ... | ... | ... | #pˌɒkrˈɒwɑ# | *#pəɾkˈɑvɑ# | *#pəɾkˈɑːvɑ# | *#pɾ̩kˈaːvə# {GOLD: >*} | *#pɾ̩kˈaːvə# {GOLD: >*} | *#pɾ̩kˈavə# {GOLD: >*} | *#pəɾkˈavə# {GOLD: #pəɾkˈavə#}
1209   | ... | ... | ... | ... | #prˌykˈiɑ# | *#prˌykˈijɑ# | *#prˌycˈija# | *#pɾˌycˈija# | *#pɾˌycˈija# | *#pɾ̩cˈiː# {GOLD: >*} | *#pɾ̩cˈiː# {GOLD: >*} | *#pɾ̩cˈi# {GOLD: >*} | *#pəɾcˈi# {GOLD: #pəɾcˈi#}
1210   | ... | ... | ... | ... | #prˌɔːtɔɡˈɛnnɛːmɑ# | *#prˌøtoɡˈɛnːɛmɑ# | *#prˌøtoɟˈinːɪma# | *#pɾˌœtəɟˈĩnːma# | *#pɾˌɛtəɟˈĩmːa# | *#pɾ̩təɟˈĩmːə# {GOLD: >*} | *#pɾ̩təɟˈĩmə# {GOLD: >*} | *#pɾ̩təɟˈimə# {GOLD: >*} | *#pəɾtəɟˈimə# {GOLD: #pəɾɟˈim#}
1211   | ... | ... | ... | #pˌerwˌiɡilˈɑːnioː# | *#pˌɛrwˌɪɡɪlˈɒːnju# | *#pˌɛrweɡelˈoɲu# | *#pˌɛrbeɟɪlˈoɲu# | *#pəɾbɪɟɪlˈɔ̃ɲu# | *#pəɾbɟəlˠˈɔ̃ɲə# | *#pɾ̩ɟəlˠˈɔ̃ɲ# {GOLD: >*} | *#pɾ̩ɟəlˠˈɔ̃ɲ# {GOLD: >*} | *#pɾ̩ɟəlˠˈɔɲ# {GOLD: >*} | *#pəɾɟəlˠˈɔj# {GOLD: #pəɾɟˈɔj#}
1212   | ... | ... | ... | #pˌiɡritˈɑːnioː# | *#pˌɪɡrɪtˈɒːnju# | *#pˌeːrtˈoɲu# | *#pˌeːrtˈoɲu# | *#pˌeːɾtˈɔ̃ɲu# | *#pˌɛːɾtˈɔ̃ɲə# | *#pɾ̩tˈɔ̃ɲ# {GOLD: #pɾitˈɔ̃ɲ#} | *#pɾ̩tˈɔ̃ɲ# {GOLD: >*} | *#pɾ̩tˈɔɲ# {GOLD: >*} | *#pəɾtˈɔj# {GOLD: #pəɾtˈɔj#}
1213   | ... | ... | ... | #pˌerˌindulˈeːnioː# | *#pˌɛrˌɪndʊlˈeːnju# | *#pˌɛrˌendulˈeɲu# | *#pˌɛrˌendulˈeɲu# | *#pɪɾə̃ndulˈẽɲu# | *#pərːdulˠˈɛ̃ɲə# | *#pɾ̩dəlˠˈɛ̃ɲ# {GOLD: >*} | *#pɾ̩dəlˠˈɛ̃ɲ# {GOLD: >*} | *#pɾ̩dəlˠˈɛɲ# {GOLD: >*} | *#pəɾdəlˠˈɛj# {GOLD: #pəɾdəlˠˈɛj#}
1214   | ... | ... | ... | ... | ... | ... | ... | #prˌinˈɑrɔ# | *#prˌinˈɑːrə# | *#pɾˌinˈaːɾ# {GOLD: >*} | *#pɾˌinˈaːɾ# {GOLD: >*} | *#pɾinˈaɾ# {GOLD: >*} | *#pɾinˈaɾ# {GOLD: #pəɾnˈaɾ#}
1215   | ... | ... | ... | #pˌerpˌɑrˈɑːnioː# | *#pˌɛrpˌɑrˈɒːnju# | *#pˌɛrpˌɑrˈoɲu# | *#pˌɛrpˌarˈoɲu# | *#pəɾpˌaɾˈɔ̃ɲu# | *#pəɾpˌaɾˈɔ̃ɲə# | *#pɾ̩pˌaɾˈɔ̃ɲ# {GOLD: >*} | *#pɾ̩pˌaɾˈɔ̃ɲ# {GOLD: >*} | *#pɾ̩paɾˈɔɲ# {GOLD: >*} | *#pəɾpaɾˈɔj# {GOLD: #pəɾpaɾˈɔj#}
1216   | ... | ... | ... | #pˌɑrˈɑbolɑ# | *#pˌɑrˈɑβʊlɑ# | *#pˌɑrˈɑβulɑ# | *#pərˈawula# | *#pəɾˈaːla# | *#pəɾˈaːlˠa# | *#pəɾˈaːlˠə# {GOLD: >*} | *#pəɾˈaːlˠə# {GOLD: >*} | *#pɾˈalˠə# {GOLD: >*} | *#pɾˈalˠə# {GOLD: #pərˈalˠə#}
1217   | ... | ... | ... | #pˌekˈulium# | *#pˌɛkˈʊʎʊ# | *#pˌɛkˈulːu# | *#pˌɛkˈulːu# | *#pˌɛːkˈulːu# | *#pˌɛːkˈuːlːə# | *#pˌɛːkˈuːlː# {GOLD: >*} | *#pˌɛːkˈuːlː# {GOLD: >*} | *#pɛkˈul# {GOLD: >*} | *#pɛkˈul# {GOLD: #pɛkˈul#}
1218   | ... | ... | ... | #pˌeːnsˈɑːnioː# | *#pˌeːnsˈɒːnju# | *#pˌesˈoɲu# | *#pɪsˈoɲu# | *#pɪʃˈɔ̃ɲu# | *#pəʃˈɔ̃ɲə# | *#pəʃˈɔ̃ɲ# {GOLD: >*} | *#pəʃˈɔ̃ɲ# {GOLD: >*} | *#pəʃˈɔɲ# {GOLD: >*} | *#pəʃˈɔj# {GOLD: #pɛʃˈɔj#}
1219   | ... | ... | ... | #pˌiskɑtˈoːrem# | *#pˌɪskɑtˈɒrɛ# | *#pˌeskɑtˈorɛ# | *#pˌeskatˈorɪ# | *#pɪʃkətˈɔɾɪ# | *#pəʃkətˈaːɾə# | *#pəʃkətˈaːɾ# {GOLD: >*} | *#pəʃkətˈaːɾ# {GOLD: >*} | *#pəʃkətˈaɾ# {GOLD: >*} | *#pəʃkətˈaɾ# {GOLD: #pɛʃkətˈaɾ#}
1220   | ... | ... | ... | ... | #ˌɛpˌɪskopˈiːɑ# | *#ˌɛpˌeskopˈijɑ# | *#pˌeskopˈia# | *#pɪʃkəpˈia# | *#pəʃkəpˈia# | *#pəʃkəpˈiː# {GOLD: >*} | *#pəʃkəpˈiː# {GOLD: >*} | *#pəʃkəpˈi# {GOLD: >*} | *#pəʃkəpˈi# {GOLD: #pɛʃkəpˈi#}
1221   | ... | ... | ... | ... | ... | #ˌɛpˌeskˈɔpu# | *#pˌeskˈɔpu# | *#pˌɛːʃkˈɔpu# | *#pˌɛːʃkˈɔpə# | *#pˌɛːʃkˈɔp# {GOLD: >*} | *#pˌɛːʃkˈɔp# {GOLD: >*} | *#pɛʃkˈɔp# {GOLD: >*} | *#pɛʃkˈɔp# {GOLD: #pɛʃkˈɔp#}
1222   | ... | ... | ... | ... | ... | ... | ... | #pˌɛtˈavrɔ# | *#pˌɛtˈaːvrə# | *#pˌɛtˈaːvɾ̩# {GOLD: >*} | *#pˌɛtˈaːvɾ̩# {GOLD: >*} | *#pɛtˈavɾ̩# {GOLD: >*} | *#pɛtˈavəɾ# {GOLD: #pɛtˈavəɾ#}
1223   | ... | ... | ... | ... | ... | ... | #pˌɛtrˈesu# | *#pˌɛːtɾˈeʃu# | *#pˌɛːtɾˈɛːʃə# | *#pˌɛːtɾˈɛːʃ# {GOLD: >*} | *#pˌɛːtɾˈɛːʃ# {GOLD: >*} | *#pɛtɾˈɛʃ# {GOLD: >*} | *#pɛtɾˈɛʃ# {GOLD: #pɛtɾˈɛʃ#}
1224   | ... | ... | ... | ... | ... | ... | ... | #pˌɛðˈɑnɑ# | *#pˌɛðˈɑnɑ# | *#pˌɛðˈanə# {GOLD: >*} | *#pˌɛðˈanə# {GOLD: >*} | *#pɛðˈanə# {GOLD: >*} | *#pɛðˈanə# {GOLD: #pɛðˈanə#}
1225   | ... | ... | ... | #pˌae̯nitˈentiɑm# | *#pˌɛnɪtˈɛnt͡ʃjɑ# | *#pˌɛntˈɛt͡ʃjɑ# | *#pˌɛntˈit͡ʃa# | *#pˌɛ̃ntˈɛsa# | *#pˌɛ̃ndˈɛːsa# | *#pˌɛ̃ndˈɛːsə# {GOLD: >*} | *#pˌɛ̃ndˈɛːsə# {GOLD: >*} | *#pɛndˈɛsə# {GOLD: >*} | *#pɛndˈɛsə# {GOLD: #pɛndˈɛsə#}
1226   | ... | ... | ... | #pˌae̯nitˈeːnioː# | *#pˌɛnɪtˈeːnju# | *#pˌɛntˈeɲu# | *#pˌɛntˈeɲu# | *#pˌɛ̃ntˈẽɲu# | *#pˌɛ̃ndˈɛ̃ɲə# | *#pˌɛ̃ndˈɛ̃ɲ# {GOLD: >*} | *#pˌɛ̃ndˈɛ̃ɲ# {GOLD: #pˌɛ̃ːndˈɔ̃ɲ#} | *#pɛndˈɛɲ# {GOLD: >*} | *#pɛndˈɛj# {GOLD: #pɛndˈɔj#}
1227   | ... | ... | ... | ... | ... | ... | ... | ... | #pˌɛlˈɛnɑ# | *#pˌɛlˈɛnə# {GOLD: >*} | *#pˌɛlˈɛnə# {GOLD: >*} | *#pɛlˈɛnə# {GOLD: >*} | *#pɛlˈɛnə# {GOLD: #pɛlˈɛnə#}
1228   | ... | ... | ... | ... | ... | ... | ... | ... | #pˌɛlˈɨnʊ# | *#pˌɛlˈin# {GOLD: >*} | *#pˌɛlˈin# {GOLD: >*} | *#pɛlˈin# {GOLD: >*} | *#pɛlˈin# {GOLD: #pɛlˈin#}
1229   | ... | ... | ... | #ˌimpˌerɑːtˈissɑm# | *#ˌɪmpˌɛrɑːtˈɪssɑ# | *#ˌempˌɛrɑtˈessɑ# | *#əmpˌɛratˈessa# | *#ə̃mpɪɾətˈeʃa# | *#ə̃mbəɾtˈɛːʃa# | *#ə̃mbɾ̩tˈɛːʃə# {GOLD: >*} | *#ə̃mbɾ̩tˈɛːʃə# {GOLD: >*} | *#mbɾ̩tˈɛʃə# {GOLD: >*} | *#mbəɾtˈɛʃə# {GOLD: #pɛɾəndˈɛʃə#}
1230   | ... | ... | ... | #pˌerɑːntˈissɑm# | *#pˌɛrɑːntˈɪssɑ# | *#pˌɛrɑntˈessɑ# | *#pˌɛrantˈessa# | *#pɪɾə̃ntˈeʃa# | *#pəɾəndˈɛːʃa# | *#pɾ̩ndˈɛːʃə# {GOLD: >*} | *#pɾ̩ndˈɛːʃə# {GOLD: >*} | *#pɾ̩ndˈɛʃə# {GOLD: >*} | *#pəɾnˈɛʃə# {GOLD: #pɛɾəndˈɛʃə#}
1231   | ... | ... | ... | #pˌɑrentˈɑːnioː# | *#pˌɑrɛntˈɒːnju# | *#pˌɑrɛntˈoɲu# | *#pˌarɪntˈoɲu# | *#pˌaɾə̃ntˈɔ̃ɲu# | *#pˌaɾəndˈɔ̃ɲə# | *#pˌaɾəndˈɔ̃ɲ# {GOLD: >*} | *#pˌaɾəndˈɔ̃ɲ# {GOLD: >*} | *#paɾəndˈɔɲ# {GOLD: >*} | *#paɾəndˈɔj# {GOLD: #pɛɾəndˈɔj#}
1232   | ... | ... | ... | #ˌimpˌerˌɑːtˈoːrem# | *#ˌɪmpˌɛrˌɑːtˈɒrɛ# | *#ˌempˌɛrˌɑtˈorɛ# | *#əmpˌɛrˌatˈorɪ# | *#ə̃mpɪɾˌætˈɔɾɪ# | *#ə̃mbəɾˌætˈuo̯ɾə# | *#ə̃mbəɾˌɛtˈuo̯ɾ# {GOLD: >*} | *#ə̃mbəɾˌɛtˈua̯ɾ# {GOLD: >*} | *#mbɾɛtˈua̯ɾ# {GOLD: >*} | *#mbɾɛtˈua̯ɾ# {GOLD: #pɛɾəndˈua̯ɾ#}
1233   | ... | ... | ... | #pˌerɑːntˈoːrem# | *#pˌɛrɑːntˈɒrɛ# | *#pˌɛrɑntˈorɛ# | *#pˌɛrantˈorɪ# | *#pɪɾə̃ntˈɔɾɪ# | *#pəɾəndˈuo̯ɾə# | *#pɾ̩ndˈuo̯ɾ# {GOLD: >*} | *#pɾ̩ndˈua̯ɾ# {GOLD: >*} | *#pɾ̩ndˈua̯ɾ# {GOLD: >*} | *#pəɾnˈɔɾ# {GOLD: #pɛɾəndˈua̯ɾ#}
1234   | ... | ... | ... | ... | ... | ... | ... | ... | #pˈɛkʊ# | *#pˈɛk# {GOLD: >*} | *#pˈɛk# {GOLD: >*} | *#pˈɛk# {GOLD: >*} | *#pˈɛk# {GOLD: #pˈɛk#}
1235   | ... | ... | ... | #pˈiɡnum# | *#pˈɪŋnʊ# | *#pˈeŋnu# | *#pˈeŋnu# | *#pˈẽŋnu# | *#pˈɛ̃ŋə# | *#pˈɛ̃ŋɡ# {GOLD: >*} | *#pˈɛ̃ɲ̈ɡ# {GOLD: >*} | *#pˈɛɲ̈ɡ# {GOLD: >*} | *#pˈɛŋɡ# {GOLD: #pˈɛŋɡ#}
1236   | ... | ... | ... | #pˈendikɑ# | *#pˈɛndɪkɑ# | *#pˈɛndekɑ# | *#pˈɛndɪka# | *#pˈɛ̃ndɪka# | *#pˈɛ̃ndəka# | *#pˈɛ̃ŋɡə# {GOLD: >*} | *#pˈɛ̃ɲ̈ɡə# {GOLD: #pˈɛːŋɡə#} | *#pˈɛɲ̈ɡə# {GOLD: >*} | *#pˈɛŋɡə# {GOLD: #pˈɛŋɡə#}
1237   | ... | ... | ... | #ˌimpˈedikɑm# | *#ˌɪmpˈɛdɪkɑ# | *#ˌempˈɛdekɑ# | *#əmpˈɛðɪka# | *#ə̃mpˈɛːðɪka# | *#ə̃mbjˈɛːka# | *#ə̃mbjˈɛːkə# {GOLD: >*} | *#ə̃mbjˈɛːkə# {GOLD: #pˈɛːŋɡə#} | *#mbjˈɛkə# {GOLD: >*} | *#mbjˈɛkə# {GOLD: #pˈɛŋɡə#}
1238   | ... | ... | #pˈelaɡon# | *#pˈelɑɡon# | *#pˈɛlɑɡʊ# | *#pˈɛlɑɡu# | *#pˈɛlaɡu# | *#pˈɛlɐɡu# | *#pˈɛːlˠɐɡə# | *#pˈɛːlˠəɡ# {GOLD: #pˈɛlˠəɡ#} | *#pˈɛːlˠəɡ# {GOLD: >*} | *#pˈɛlˠəɡ# {GOLD: >*} | *#pˈɛlˠɡ# {GOLD: #pˈɛlˠɡ#}
1239   | ... | ... | ... | #pˈeːnsɑm# | *#pˈeːnsɑ# | *#pˈesɑ# | *#pˈesa# | *#pˈeʃa# | *#pˈɛːʃa# | *#pˈɛːʃə# {GOLD: >*} | *#pˈɛːʃə# {GOLD: >*} | *#pˈɛʃə# {GOLD: >*} | *#pˈɛʃə# {GOLD: #pˈɛʃə#}
1240   | ... | ... | ... | ... | #ˌɛpˈɪskopu# | *#ˌɛpˈeskopu# | *#pˈeskopu# | *#pˈeʃkɔpu# | *#pˈɛːʃkəpə# | *#pˈɛːʃkəp# {GOLD: >*} | *#pˈɛːʃkəp# {GOLD: >*} | *#pˈɛʃkəp# {GOLD: >*} | *#pˈɛʃkəp# {GOLD: #pˈɛʃkəp#}
1241   | ... | ... | ... | #pˈiskem# | *#pˈɪskɛ# | *#pˈeskɛ# | *#pˈescɪ# | *#pˈeʃcɪ# | *#pˈɛːʃcə# | *#pˈɛːʃc# {GOLD: >*} | *#pˈɛːʃc# {GOLD: >*} | *#pˈɛʃc# {GOLD: >*} | *#pˈɛʃc# {GOLD: #pˈɛʃc#}
1242   | ... | ... | ... | #pˈittɑm# | *#pˈɪttɑ# | *#pˈettɑ# | *#pˈetta# | *#pˈeta# | *#pˈɛta# | *#pˈɛtə# {GOLD: >*} | *#pˈɛtə# {GOLD: >*} | *#pˈɛtə# {GOLD: >*} | *#pˈɛtə# {GOLD: #pˈɛtə#}
1243   | ... | ... | ... | #pˈittikum# | *#pˈɪttɪkʊ# | *#pˈetteku# | *#pˈettɪku# | *#pˈetɪku# | *#pˈɛtəkə# | *#pˈɛtək# {GOLD: >*} | *#pˈɛtək# {GOLD: >*} | *#pˈɛtək# {GOLD: #pˈɛtək#} | *#pˈɛtk# {GOLD: #pˈɛtk#}
1244   | ... | ... | ... | #pˈittulɑm# | *#pˈɪttʊlɑ# | *#pˈettulɑ# | *#pˈettula# | *#pˈetula# | *#pˈɛtulˠə# | *#pˈɛtulˠ# {GOLD: >*} | *#pˈɛtulˠ# {GOLD: >*} | *#pˈɛtulˠ# {GOLD: >*} | *#pˈɛtulˠ# {GOLD: #pˈɛtulˠ#}
1245   | ... | ... | ... | #pˈinnɑ# | *#pˈɪnnɑ# | *#pˈenːɑ# | *#pˈenːa# | *#pˈẽnːa# | *#pˈɛ̃nːa# | *#pˈɛ̃nːə# {GOLD: #pˈɛ̃nːə#} | *#pˈɛ̃nə# {GOLD: >*} | *#pˈɛnə# {GOLD: >*} | *#pˈɛnə# {GOLD: #pˈɛnə#}
1246   | ... | ... | ... | #pˈoːmɑ# | *#pˈeːmːɑ# | *#pˈemːɑ# | *#pˈemːa# | *#pˈẽmːa# | *#pˈɛ̃mːa# | *#pˈɛ̃mːə# {GOLD: >*} | *#pˈɛ̃mə# {GOLD: >*} | *#pˈɛmə# {GOLD: >*} | *#pˈɛmə# {GOLD: #pˈɛmə#}
1247   | ... | ... | ... | ... | ... | ... | ... | ... | #pˌijɑβˈit͡sɑ# | *#pˌijavˈit͡sə# {GOLD: >*} | *#pˌijavˈit͡sə# {GOLD: >*} | *#pijavˈit͡sə# {GOLD: >*} | *#pijavˈit͡sə# {GOLD: #pjavˈit͡sə#}
1248   | ... | ... | ... | #pˈedikɑ# | *#pˈɛdɪkɑ# | *#pˈɛdekɑ# | *#pˈɛðɪka# | *#pˈɛːðɪka# | *#pjˈɛːka# | *#pjˈɛːkə# {GOLD: >*} | *#pjˈɛːkə# {GOLD: >*} | *#pjˈɛkə# {GOLD: >*} | *#pjˈɛkə# {GOLD: #pjˈɛkə#}
1249   | ... | ... | ... | #pˈessikɑm# | *#pˈɛssɪkɑ# | *#pˈɛssekɑ# | *#pˈɛssɪka# | *#pˈɛːʃɪka# | *#pˈie̯ʃəka# | *#pjˈɛʃkə# {GOLD: >*} | *#pjˈɛʃkə# {GOLD: >*} | *#pjˈɛʃkə# {GOLD: >*} | *#pjˈɛʃkə# {GOLD: #pjˈɛʃkə#}
1250   | ... | ... | ... | ... | #pˈɛtru# | *#pˈɛtru# | *#pˈɛtru# | *#pˈɛːtɾu# | *#pˈie̯tɾə# | *#pjˈɛtɾ̩# {GOLD: >*} | *#pjˈɛtɾ̩# {GOLD: >*} | *#pjˈɛtɾ̩# {GOLD: >*} | *#pjˈɛtəɾ# {GOLD: #pjˈɛtəɾ#}
1251   | ... | ... | ... | #pˈettiɑm# | *#pˈɛtt͡ʃjɑ# | *#pˈɛtt͡ʃjɑ# | *#pˈɛtt͡ʃa# | *#pˈɛsa# | *#pˈɛːsa# | *#pˈɛːsə# {GOLD: >*} | *#pˈɛːsə# {GOLD: >*} | *#pˈɛsə# {GOLD: >*} | *#pˈɛsə# {GOLD: #pjˈɛsə#}
1252   | ... | ... | ... | #pˈerɡulɑm# | *#pˈɛrɡʊlɑ# | *#pˈɛrɡulɑ# | *#pˈɛrɡula# | *#pˈɛːɾɡula# | *#pˈie̯ɾɡulˠə# | *#pjˈɛɾɡulˠ# {GOLD: #pjˈɛɾɡulˠə#} | *#pjˈɛɾɡulˠ# {GOLD: >*} | *#pjˈɛɾɡulˠ# {GOLD: >*} | *#pjˈɛɾɡulˠ# {GOLD: #pjˈɛɾɡulˠ#}
1253   | ... | ... | ... | #pˈepinem# | *#pˈɛpɪnɛ# | *#pˈɛpenɛ# | *#pˈɛpɑ̃ɾ̃ɪ# | *#pˈɛːpɐɾ̃ɪ# | *#pˈie̯pɐɾ̃ə# | *#pjˈɛpəɾ̃# {GOLD: #pjˈɛpəɾ̃ə#} | *#pjˈɛpəɾ̃# {GOLD: >*} | *#pjˈɛpəɾ# {GOLD: >*} | *#pjˈɛpəɾ# {GOLD: #pjˈɛpəɾ#}
1254   | ... | ... | ... | ... | ... | ... | ... | ... | #pˌɨxˈɑtɪ# | *#pˌixˈat# {GOLD: >*} | *#pˌihˈat# {GOLD: >*} | *#pihˈat# {GOLD: >*} | *#pihˈat# {GOLD: #pihˈat#}
1255   | ... | ... | ... | #pˈiːlɑ# | *#pˈilɑ# | *#pˈilɑ# | *#pˈila# | *#pˈila# | *#pˈiːlˠa# | *#pˈiːlˠə# {GOLD: >*} | *#pˈiːlˠə# {GOLD: >*} | *#pˈilˠə# {GOLD: >*} | *#pˈilˠə# {GOLD: #pˈilˠə#}
1256   | ... | ... | ... | #pˈiːlɑ# | *#pˈilɑ# | *#pˈilɑ# | *#pˈila# | *#pˈila# | *#pˈiːlˠa# | *#pˈiːlˠə# {GOLD: >*} | *#pˈiːlˠə# {GOLD: >*} | *#pˈilˠə# {GOLD: >*} | *#pˈilˠə# {GOLD: #pˈilˠə#}
1257   | ... | ... | ... | #pˈilɑ# | *#pˈɪlɑ# | *#pˈilɑ# | *#pˈila# | *#pˈila# | *#pˈiːlˠa# | *#pˈiːlˠə# {GOLD: >*} | *#pˈiːlˠə# {GOLD: >*} | *#pˈilˠə# {GOLD: >*} | *#pˈilˠə# {GOLD: #pˈilˠə#}
1258   | ... | ... | ... | #pˈiktɑ# | *#pˈiktɑ# | *#pˈiçtɑ# | *#pˈijta# | *#pˈita# | *#pˈita# | *#pˈitə# {GOLD: >*} | *#pˈitə# {GOLD: >*} | *#pˈitə# {GOLD: >*} | *#pˈitə# {GOLD: #pˈitə#}
1259   | ... | ... | ... | ... | ... | ... | #pˈiskɑ# | *#pˈiʃkɑ# | *#pˈiːʃkɑ# | *#pˈiːʃkə# {GOLD: >*} | *#pˈiːʃkə# {GOLD: >*} | *#pˈiʃkə# {GOLD: >*} | *#pˈiʃkə# {GOLD: #pˈizɡə#}
1260   | ... | ... | ... | #pˈilleum# | *#pˈiʎʊ# | *#pˈilːu# | *#pˈilːu# | *#pˈilːu# | *#pˈiːlːə# | *#pˈiːlː# {GOLD: >*} | *#pˈiːlː# {GOLD: >*} | *#pˈil# {GOLD: >*} | *#pˈil# {GOLD: #pˈil#}
1261   | ... | ... | ... | ... | ... | ... | ... | #pˈɨɾjɪ# | *#pˈiːɾjɐ# | *#pˈiːrə# {GOLD: >*} | *#pˈiːrə# {GOLD: >*} | *#pˈirə# {GOLD: >*} | *#pˈirə# {GOLD: #pˈirə#}
1262   | ... | ... | ... | #pˈiːpɑm# | *#pˈipɑ# | *#pˈipɑ# | *#pˈipa# | *#pˈipa# | *#pˈipa# | *#pˈipə# {GOLD: >*} | *#pˈipə# {GOLD: >*} | *#pˈipə# {GOLD: >*} | *#pˈipə# {GOLD: #pˈipə#}
1263   | ... | ... | ... | #pˌɑwˈiːkulɑ# | *#pˌɑwˈikʊlɑ# | *#pɑˈyːkulɑ# | *#paˈyːkula# | *#pəˈyːkula# | *#pəˈyːlkəa# | *#pˈyːʎkə# {GOLD: >*} | *#pˈyːʎkə# {GOLD: #pˈyʎkə#} | *#pˈyjkə# {GOLD: #pˈyjkə#} | *#pˈykə# {GOLD: #pˈykə#}
1264   | ... | ... | ... | #pˌɑdˈuːlem# | *#pˌɑdˈuːlɛ# | *#pˌɑdˈylɛ# | *#pˌaðˈylɪ# | *#pəˈyːlɪ# | *#pəˈyːlˠə# | *#pˈyːlˠ# {GOLD: >*} | *#pˈyːlˠ# {GOLD: >*} | *#pˈylˠ# {GOLD: >*} | *#pˈylˠ# {GOLD: #pˈylˠ#}
1265   | ... | ... | ... | ... | ... | ... | ... | ... | #pˌɒʎˈɑkʊ# | *#pˌɔʎˈak# {GOLD: >*} | *#pˌɔʎˈak# {GOLD: >*} | *#pɔjˈak# {GOLD: >*} | *#pɔjˈak# {GOLD: #pɔjˈak#}
1266   | ... | ... | ... | ... | ... | ... | ... | ... | #pˌɒʎˈɑtɑ# | *#pˌɔʎˈatə# {GOLD: >*} | *#pˌɔʎˈatə# {GOLD: >*} | *#pɔjˈatə# {GOLD: >*} | *#pɔjˈatə# {GOLD: #pɔjˈatə#}
1267   | ... | ... | ... | ... | ... | ... | ... | ... | #pˌɒʎˈɑnɪ# | *#pˌɔʎˈan# {GOLD: >*} | *#pˌɔʎˈan# {GOLD: >*} | *#pɔjˈan# {GOLD: >*} | *#pɔjˈan# {GOLD: #pɔjˈan#}
1268   | ... | ... | ... | ... | ... | ... | ... | ... | #pˌɒtˈɛrjɑ# | *#pˌɔtˈɛrə# {GOLD: >*} | *#pˌɔtˈɛrə# {GOLD: >*} | *#pɔtˈɛrə# {GOLD: >*} | *#pɔtˈɛrə# {GOLD: #pɔtˈɛɾɛ#}
1269   | ... | ... | ... | ... | ... | ... | #pˌɒdʊkˈɒwʊ# | *#pˌɑdkˈɔə̯# | *#pˌɑtkˈuo̯# | *#pˌatkˈuo̯# {GOLD: #pˌɒtkˈuo̯#} | *#pˌatkˈua̯# {GOLD: >*} | *#patkˈua̯# {GOLD: >*} | *#patkˈua̯# {GOLD: #pɔtkˈua̯#}
1270   | ... | ... | ... | ... | ... | ... | ... | ... | #pˌɒstˈɑjɑ# | *#pˌɔstˈajə# {GOLD: >*} | *#pˌɔstˈajə# {GOLD: >*} | *#pɔstˈajə# {GOLD: >*} | *#pɔstˈajə# {GOLD: #pɔstˈahɛ#}
1271   | ... | ... | ... | ... | ... | ... | ... | ... | #pˌɒstˈɑtɪ# | *#pˌɔstˈat# {GOLD: >*} | *#pˌɔstˈat# {GOLD: >*} | *#pɔstˈat# {GOLD: >*} | *#pɔstˈat# {GOLD: #pɔstˈat#}
1272   | ... | ... | ... | ... | ... | ... | ... | ... | #pˌɒstrˈæxɑ# | *#pˌɔstɾˈɛxə# {GOLD: >*} | *#pˌɔstɾˈɛhə# {GOLD: >*} | *#pɔstɾˈɛhə# {GOLD: >*} | *#pɔstɾˈɛhə# {GOLD: #pɔstɾˈɛ#}
1273   | ... | ... | ... | ... | ... | ... | ... | ... | #pˌɒmɪnˈitɪ# | *#pˌɔnˈit# {GOLD: >*} | *#pˌɔnˈit# {GOLD: >*} | *#pɔnˈit# {GOLD: >*} | *#pɔnˈit# {GOLD: #pɔnˈit#}
1274   | ... | ... | ... | ... | ... | ... | #pˌɒrˈɛ̃dʊ# | *#pˌɒɾˈẽndə# | *#pˌɒɾˈɛ̃ndə# | *#pˌɔɾˈɛ̃nd# {GOLD: >*} | *#pˌɔɾˈɛ̃nd# {GOLD: >*} | *#pɔɾˈɛnd# {GOLD: >*} | *#pɔɾˈɛnd# {GOLD: #pɔɾˈɛnd#}
1275   | ... | ... | ... | ... | ... | ... | #pˌɒrɒ̃t͡ʃˈitɪ# | *#pˌɒɾˌɑ̃nsˈitɪ# | *#pˌɒɾˌɔ̃sˈitə# | *#pˌɔɾˌɔ̃sˈit# {GOLD: >*} | *#pˌɔɾˌɔ̃sˈit# {GOLD: >*} | *#pɔɾɔsˈit# {GOLD: >*} | *#pɔɾɔsˈit# {GOLD: #pɔɾɔsˈit#}
1276   | ... | ... | ... | ... | ... | ... | #pˌɒbrˈitɪ# | *#pˌɒðɾˈitɪ# | *#pˌɒːɾˈitə# | *#pˌɔːɾˈit# {GOLD: >*} | *#pˌɔːɾˈit# {GOLD: >*} | *#pɔɾˈit# {GOLD: >*} | *#pɔɾˈit# {GOLD: #pɔrˈit#}
1277   | ... | ... | ... | ... | ... | #pˈoste# | *#pˈostɪ# | *#pˈɔʃtɪ# | *#pˈɔːʃtə# | *#pˈɔːʃt# {GOLD: >*} | *#pˈɔːʃt# {GOLD: >*} | *#pˈɔʃt# {GOLD: >*} | *#pˈɔʃt# {GOLD: #pˈɔʃt#}
1278   | ... | ... | ... | ... | ... | #pˈostero# | *#pˈostɪro# | *#pˈɔʃtɪɾɔ# | *#pˈɔːʃtəɾə# | *#pˈɔːʃtɾ̩# {GOLD: #pˈɔʃtɾ̩#} | *#pˈɔːʃtɾ̩# {GOLD: >*} | *#pˈɔʃtɾ̩# {GOLD: >*} | *#pˈɔʃtəɾ# {GOLD: #pˈɔʃtəɾ#}
1279   | ... | ... | ... | #pˈottum# | *#pˈɒttʊ# | *#pˈottu# | *#pˈottu# | *#pˈɔtu# | *#pˈɔtə# | *#pˈɔt# {GOLD: >*} | *#pˈɔt# {GOLD: >*} | *#pˈɔt# {GOLD: >*} | *#pˈɔt# {GOLD: #pˈɔt#}
1280   | ... | ... | ... | ... | ... | ... | ... | ... | #pˈɒtʊkɑ# | *#pˈɔtkə# {GOLD: >*} | *#pˈɔtkə# {GOLD: >*} | *#pˈɔtkə# {GOLD: >*} | *#pˈɔtkə# {GOLD: #pˈɔtkə#}
1281   | ... | ... | ... | #pˈorro# | *#pˈɒrrʊ# | *#pˈorru# | *#pˈorru# | *#pˈɔɾɾu# | *#pˈɔːrːə# | *#pˈɔːr# {GOLD: >*} | *#pˈɔːr# {GOLD: >*} | *#pˈɔr# {GOLD: >*} | *#pˈɔr# {GOLD: #pˈɔɾ#}
1282   | ... | ... | ... | #pˈortɑ# | *#pˈɒrtɑ# | *#pˈortɑ# | *#pˈorta# | *#pˈɔɾta# | *#pˈɔːɾta# | *#pˈɔːɾtə# {GOLD: >*} | *#pˈɔːɾtə# {GOLD: >*} | *#pˈɔɾtə# {GOLD: >*} | *#pˈɔɾtə# {GOLD: #pˈɔɾtə#}
1283   | ... | ... | ... | #pˈorrum# | *#pˈɒrrʊ# | *#pˈorru# | *#pˈorru# | *#pˈɔɾɾu# | *#pˈɔːrːə# | *#pˈɔːr# {GOLD: >*} | *#pˈɔːr# {GOLD: >*} | *#pˈɔr# {GOLD: >*} | *#pˈɔr# {GOLD: #pˈɔr#}
1284   | ... | ... | ... | #pˌorrˈikium# | *#pˈɒrrikjʊ# | *#pˈorrikju# | *#pˈorrɪcju# | *#pˈɔɾɾɪcju# | *#pˈɔːrːicjə# | *#pˈɔːric# {GOLD: >*} | *#pˈɔːric# {GOLD: >*} | *#pˈɔric# {GOLD: >*} | *#pˈɔric# {GOLD: #pˈɔric#}
1285   | ... | ... | ... | #pˈopulum# | *#pˈɒpʊlʊ# | *#pˈopulu# | *#pˈopulu# | *#pˈɔpulu# | *#pˈɔpulˠə# | *#pˈɔpulˠ# {GOLD: >*} | *#pˈɔpulˠ# {GOLD: >*} | *#pˈɔpulˠ# {GOLD: >*} | *#pˈɔpulˠ# {GOLD: #pˈɔpulˠ#}
1286   | ... | ... | ... | ... | ... | ... | ... | ... | #plˌɑʃˈit͡sɑ# | *#plˠˌaʃˈit͡sə# {GOLD: >*} | *#plˠˌaʃˈit͡sə# {GOLD: >*} | *#plˠaʃˈit͡sə# {GOLD: >*} | *#plˠaʃˈit͡sə# {GOLD: #plˠaʃˈit͡sə#}
1287   | ... | ... | ... | ... | #plˈɑɣjɑ# | *#plˈɑɣjɑ# | *#plˈaɣja# | *#plˈaɣja# | *#plˈaja# | *#plˠˈajə# {GOLD: >*} | *#plˠˈajə# {GOLD: >*} | *#plˠˈajə# {GOLD: >*} | *#plˠˈajə# {GOLD: #plˠˈajə#}
1288   | ... | ... | ... | ... | ... | ... | ... | ... | #plˈɑzʊ# | *#plˠˈaz# {GOLD: >*} | *#plˠˈaz# {GOLD: >*} | *#plˠˈaz# {GOLD: >*} | *#plˠˈaz# {GOLD: #plˠˈaz#}
1289   | ... | ... | ... | ... | ... | ... | ... | ... | #plˈɒt͡ʃɑ# | *#plˠˈɔt͡ʃə# {GOLD: >*} | *#plˠˈɔt͡ʃə# {GOLD: >*} | *#plˠˈɔt͡ʃə# {GOLD: >*} | *#plˠˈɔt͡ʃə# {GOLD: #plˠˈɔt͡ʃə#}
1290   | ... | ... | ... | ... | ... | ... | #plˈɒskɑ# | *#plˈɔʃkɑ# | *#plˈɔːʃkɑ# | *#plˠˈɔːʃkə# {GOLD: >*} | *#plˠˈɔːʃkə# {GOLD: >*} | *#plˠˈɔʃkə# {GOLD: >*} | *#plˠˈɔʃkə# {GOLD: #plˠˈɔt͡ʃkə#}
1291   | ... | ... | ... | ... | ... | ... | #pˈɒlskɑ# | *#plˈɑːt͡skɑ# | *#plˈɑːt͡skɑ# | *#plˠˈaːt͡skə# {GOLD: >*} | *#plˠˈaːt͡skə# {GOLD: >*} | *#plˠˈat͡skə# {GOLD: >*} | *#plˠˈat͡skə# {GOLD: #plˠˈɔt͡skə#}
1292   | ... | ... | ... | ... | ... | ... | ... | ... | #plˈɒskɑ# | *#plˠˈɔskə# {GOLD: >*} | *#plˠˈɔskə# {GOLD: >*} | *#plˠˈɔskə# {GOLD: >*} | *#plˠˈɔskə# {GOLD: #plˠˈɔskə#}
1293   | ... | ... | ... | ... | ... | ... | ... | ... | #pʎˈuskɑ# | *#plˠˈuskə# {GOLD: >*} | *#plˠˈuskə# {GOLD: >*} | *#plˠˈuskə# {GOLD: >*} | *#plˠˈuskə# {GOLD: #plˠˈuskə#}
1294   | ... | ... | ... | #pˌolˈentɑ# | *#pˌʊlˈɛntɑ# | *#pˌulˈɛntɑ# | *#pˌʊlˈanta# | *#pˌʊlˈãnta# | *#pˌʊlˠˈãnda# | *#pˌulˠˈʌ̃ndə# {GOLD: #pulˠˈɛ̃ntə#} | *#pˌulˠˈə̃ndə# {GOLD: >*} | *#pulˠˈəndə# {GOLD: >*} | *#pulˠˈəndə# {GOLD: #pulˠˈəndə#}
1295   | ... | ... | ... | #pˌosˈɑːnioː# | *#pˌʊsˈɒːnju# | *#pˌusˈoɲu# | *#pˌusˈoɲu# | *#pˌuʃˈɔ̃ɲu# | *#pˌuʃˈɔ̃ɲə# | *#pˌuʃˈɔ̃ɲ# {GOLD: >*} | *#pˌuʃˈɔ̃ɲ# {GOLD: >*} | *#puʃˈɔɲ# {GOLD: >*} | *#puʃˈɔj# {GOLD: #puʃˈɔj#}
1296   | ... | ... | ... | #pˌotestˈɑːtem# | *#pˌʊtɛstˈɑːtɛ# | *#pˌustˈɑtɛ# | *#pˌustˈetɪ# | *#pˌuʃtˈetɪ# | *#pˌuʃtˈɛtə# | *#pˌuʃtˈɛt# {GOLD: >*} | *#pˌuʃtˈɛt# {GOLD: >*} | *#puʃtˈɛt# {GOLD: >*} | *#puʃtˈɛt# {GOLD: #puʃtˈɛt#}
1297   | ... | ... | ... | #pˌotestˈɑːnioː# | *#pˌʊtɛstˈɒːnju# | *#pˌustˈoɲu# | *#pˌustˈoɲu# | *#pˌuʃtˈɔ̃ɲu# | *#pˌuʃtˈɔ̃ɲə# | *#pˌuʃtˈɔ̃ɲ# {GOLD: >*} | *#pˌuʃtˈɔ̃ɲ# {GOLD: >*} | *#puʃtˈɔɲ# {GOLD: >*} | *#puʃtˈɔj# {GOLD: #puʃtˈɔj#}
1298   | ... | ... | ... | #pˌuttˈɑːnɑ# | *#pˌʊttˈɑːnɑ# | *#pˌuttˈɑnɑ# | *#pˌuttˈana# | *#pˌutˈãɾ̃a# | *#pˌutˈãɾ̃a# | *#pˌutˈʌ̃ɾ̃ə# {GOLD: #putˈɑ̃ɾ̃ə#} | *#pˌutˈə̃ɾ̃ə# {GOLD: >*} | *#putˈəɾə# {GOLD: >*} | *#putˈəɾə# {GOLD: #putˈəɾə#}
1299   | ... | ... | ... | ... | ... | ... | ... | #pˌɒsˈʊlɑ# | *#pˌɒsˈɔːʷlˠɑ# | *#pˌɔsˈulˠə# {GOLD: >*} | *#pˌɔsˈulˠə# {GOLD: >*} | *#pɔsˈulˠə# {GOLD: >*} | *#pɔsˈulˠə# {GOLD: #pusˈulˠə#}
1300   | ... | ... | ... | #pˌollikˈɑːrem# | *#pˌʊllɪkˈɑːrɛ# | *#pˌulːekˈɑjrɛ# | *#pˌulːɪkˈerɪ# | *#pˌulːɪcˈeɾɪ# | *#pˌulːəcˈɛːɾə# | *#pˌulːəcˈɛːɾ# {GOLD: >*} | *#pˌulːcˈɛːɾ# {GOLD: >*} | *#pulcˈɛɾ# {GOLD: >*} | *#pulcˈɛɾ# {GOLD: #pulcˈɛɾ#}
1301   | ... | ... | ... | #pˌollikˈɑːrium# | *#pˌʊllɪkˈɒːrjʊ# | *#pˌulːekˈoe̯rju# | *#pˌulːɪkˈoe̯ru# | *#pˌulːɪkˈœːɾu# | *#pˌulːəkˈye̯ɾə# | *#pˌulːəkˈye̯ɾ# {GOLD: >*} | *#pˌulːkˈye̯ɾ# {GOLD: >*} | *#pulkˈye̯ɾ# {GOLD: >*} | *#pulcˈye̯ɾ# {GOLD: #pulcˈye̯ɾ#}
1302   | ... | ... | ... | #pˌɑrˈɑːnioː# | *#pˌɑrˈɒːnju# | *#pˌɑrˈoɲu# | *#pərˈoɲu# | *#pəɾˈɔ̃ɲu# | *#pəɾˈɔ̃ɲə# | *#pəɾˈɔ̃ɲ# {GOLD: >*} | *#pəɾˈɔ̃ɲ# {GOLD: >*} | *#pɾˈɔɲ# {GOLD: >*} | *#pɾˈɔj# {GOLD: #puɾˈɔj#}
1303   | ... | ... | ... | #pˌorrˈiːnum# | *#pˌʊrrˈinʊ# | *#pˌurrˈinu# | *#pˌurrˈinu# | *#pˌuɾɾˈĩnu# | *#pˌurːˈĩːnə# | *#pˌurˈĩː# {GOLD: #purˈĩː#} | *#pˌurˈĩː# {GOLD: >*} | *#purˈi# {GOLD: >*} | *#purˈi# {GOLD: #purˈi#}
1304   | ... | ... | ... | #pˌerpˌɑrˈɑːnioː# | *#pˌɛrpˌɑrˈɒːnju# | *#pˌɛrpˌɑrˈoɲu# | *#pˌɛrpˌarˈoɲu# | *#pəɾpˌaɾˈɔ̃ɲu# | *#pəɾpˌaɾˈɔ̃ɲə# | *#pɾ̩pˌaɾˈɔ̃ɲ# {GOLD: >*} | *#pɾ̩pˌaɾˈɔ̃ɲ# {GOLD: >*} | *#pɾ̩paɾˈɔɲ# {GOLD: >*} | *#pəɾpaɾˈɔj# {GOLD: #puprˈɔj#}
1305   | ... | ... | ... | #pˈuːblikum# | *#pˈuβlɪkʊ# | *#pˈuβleku# | *#pˈulɪku# | *#pˈulɪku# | *#pˈukə# | *#pˈuk# {GOLD: #pˈuːk#} | *#pˈuk# {GOLD: >*} | *#pˈuk# {GOLD: >*} | *#pˈuk# {GOLD: #pˈuk#}
1306   | ... | ... | ... | #pˈuːblikɑ# | *#pˈuβlɪkɑ# | *#pˈuβlekɑ# | *#pˈulɪka# | *#pˈulɪka# | *#pˈuka# | *#pˈukə# {GOLD: #pˈuːkə#} | *#pˈukə# {GOLD: >*} | *#pˈukə# {GOLD: >*} | *#pˈukə# {GOLD: #pˈukə#}
1307   | ... | ... | ... | #pˈunɡɑm# | *#pˈʊŋɡɑ# | *#pˈuŋɡɑ# | *#pˈuŋɡa# | *#pˈũŋɡa# | *#pˈũŋɡa# | *#pˈũŋɡə# {GOLD: >*} | *#pˈũɲ̈ɡə# {GOLD: >*} | *#pˈuɲ̈ɡə# {GOLD: >*} | *#pˈuŋɡə# {GOLD: #pˈuŋɡə#}
1308   | ... | ... | ... | #pˈuteum# | *#pˈʊt͡ʃjʊ# | *#pˈut͡ʃju# | *#pˈut͡ʃu# | *#pˈusu# | *#pˈuːsə# | *#pˈuːs# {GOLD: >*} | *#pˈuːs# {GOLD: >*} | *#pˈus# {GOLD: >*} | *#pˈus# {GOLD: #pˈus#}
1309   | ... | ... | ... | #pˈullum# | *#pˈʊllʊ# | *#pˈulːu# | *#pˈulːu# | *#pˈulːu# | *#pˈuːlːə# | *#pˈuːlː# {GOLD: >*} | *#pˈuːlː# {GOLD: >*} | *#pˈul# {GOLD: >*} | *#pˈul# {GOLD: #pˈul#}
1310   | ... | ... | ... | #pˈullɑm# | *#pˈʊllɑ# | *#pˈulːɑ# | *#pˈulːa# | *#pˈulːa# | *#pˈuːlːa# | *#pˈuːlːə# {GOLD: >*} | *#pˈuːlːə# {GOLD: >*} | *#pˈulə# {GOLD: >*} | *#pˈulə# {GOLD: #pˈulə#}
1311   | ... | ... | ... | #pˈulpɑm# | *#pˈʊlpɑ# | *#pˈulpɑ# | *#pˈulpa# | *#pˈulpa# | *#pˈuːlpa# | *#pˈuːlpə# {GOLD: >*} | *#pˈuːlpə# {GOLD: >*} | *#pˈulpə# {GOLD: >*} | *#pˈulpə# {GOLD: #pˈulpə#}
1312   | ... | ... | ... | ... | ... | ... | #pˈɯrjɪ# | *#pˈɯɾjɪ# | *#pˈuːɾjɐ# | *#pˈuːrə# {GOLD: >*} | *#pˈuːrə# {GOLD: >*} | *#pˈurə# {GOLD: >*} | *#pˈurə# {GOLD: #pˈurə#}
1313   | ... | ... | ... | #pˈuppɑ# | *#pˈʊppɑ# | *#pˈuppɑ# | *#pˈuppa# | *#pˈupa# | *#pˈupa# | *#pˈupə# {GOLD: >*} | *#pˈupə# {GOLD: >*} | *#pˈupə# {GOLD: >*} | *#pˈupə# {GOLD: #pˈupə#}
1314   | ... | ... | ... | #upˈupɑ# | *#ʊpˈʊpɑ# | *#upˈupɑ# | *#pˈupa# | *#pˈupa# | *#pˈupa# | *#pˈupə# {GOLD: >*} | *#pˈupə# {GOLD: >*} | *#pˈupə# {GOLD: >*} | *#pˈupə# {GOLD: #pˈupə#}
1315   | ... | ... | ... | #pˈunktɑ# | *#pˈʊnktɑ# | *#pˈuɲtɑ# | *#pˈuɲta# | *#pˈũɲta# | *#pˈũɲta# | *#pˈũɲtə# {GOLD: >*} | *#pˈũɲtə# {GOLD: >*} | *#pˈuɲtə# {GOLD: >*} | *#pˈuɲtə# {GOLD: #pˈuftə#}
1316   | ... | ... | ... | ... | ... | ... | #pˌɒlstnˈikʊ# | *#plˌɑːʃtnˈikə# | *#plˌɑːʃtnˈikə# | *#plˌaːʃnˈik# {GOLD: >*} | *#plˌaːʃnˈik# {GOLD: >*} | *#plaʃnˈik# {GOLD: >*} | *#plaʃnˈik# {GOLD: #plaʃnˈik#}
1317   | ... | ... | ... | #plˈɑːɡɑ# | *#plˈɑːɡɑ# | *#plˈɑɡɑ# | *#plˈaɡa# | *#plˈaɡa# | *#plˈaɡa# | *#plˈaɡə# {GOLD: >*} | *#plˈaɡə# {GOLD: >*} | *#plˈaɡə# {GOLD: >*} | *#plˈaɡə# {GOLD: #plˈaɡə#}
1318   | ... | ... | ... | #plˈɑnkum# | *#plˈɑnkʊ# | *#plˈɑnku# | *#plˈanku# | *#plˈãnku# | *#plˈanɡə# | *#plˈaŋɡ# {GOLD: >*} | *#plˈaɲ̈ɡ# {GOLD: >*} | *#plˈaɲ̈ɡ# {GOLD: >*} | *#plˈaŋɡ# {GOLD: #plˈaŋɡ#}
1319   | ... | ... | ... | #plˈɑntikum# | *#plˈɑntɪkʊ# | *#plˈɑntku# | *#plˈanku# | *#plˈãnku# | *#plˈanɡə# | *#plˈaŋɡ# {GOLD: >*} | *#plˈaɲ̈ɡ# {GOLD: >*} | *#plˈaɲ̈ɡ# {GOLD: >*} | *#plˈaŋɡ# {GOLD: #plˈaŋɡ#}
1320   | ... | ... | ... | ... | ... | ... | ... | ... | #plˌɨβˈɑtɪ# | *#plˌivˈat# {GOLD: >*} | *#plˌivˈat# {GOLD: >*} | *#plivˈat# {GOLD: >*} | *#plivˈat# {GOLD: #plɛvˈat#}
1321   | ... | ... | ... | ... | ... | ... | ... | ... | #plˌɛβɪnˈit͡sɑ# | *#plˌɛnˈit͡sə# {GOLD: >*} | *#plˌɛnˈit͡sə# {GOLD: >*} | *#plɛnˈit͡sə# {GOLD: >*} | *#plɛnˈit͡sə# {GOLD: #plɛvˈit͡sə#}
1322   | ... | ... | #pʰˌɑlˈɑnɡon# | *#pʰɐlˈɑnɡon# | *#pʰɐlˈɑŋɡʊ# | *#pɐlˈɑŋɡu# | *#pɐlˈaŋɡu# | *#pəlˈãŋɡu# | *#pəlˠˈɛ̃ŋɡə# | *#pəlˠˈɛ̃ŋɡ# {GOLD: >*} | *#pəlˠˈɛ̃ɲ̈ɡ# {GOLD: >*} | *#pəlˠˈɛɲ̈ɡ# {GOLD: >*} | *#pəlˠˈɛŋɡ# {GOLD: #plˈɛŋɡ#}
1323   | ... | ... | ... | ... | ... | ... | #pˌɛlˈɛnʊkɑ# | *#pɪlˈɛ̃nkɑ# | *#pəlˈɛ̃nɡɑ# | *#pəlˈɛ̃ŋɡə# {GOLD: >*} | *#pəlˈɛ̃ɲ̈ɡə# {GOLD: >*} | *#plˈɛɲ̈ɡə# {GOLD: >*} | *#plˈɛŋɡə# {GOLD: #plˈɛŋɡə#}
1324   | ... | ... | #pʰˌɑlˈɑnɡɑ# | *#pʰɐlˈɑnɡɑ# | *#pʰɐlˈɑŋɡɑ# | *#pɐlˈɑŋɡɑ# | *#pɐlˈaŋɡa# | *#pəlˈãŋɡa# | *#pəlˠˈɛ̃ŋɡa# | *#pəlˠˈɛ̃ŋɡə# {GOLD: >*} | *#pəlˠˈɛ̃ɲ̈ɡə# {GOLD: >*} | *#pəlˠˈɛɲ̈ɡə# {GOLD: >*} | *#pəlˠˈɛŋɡə# {GOLD: #plˈɛŋɡə#}
1325   | ... | ... | ... | #plˈoːpum# | *#plˈoːpʊ# | *#plˈøpu# | *#plˈøpu# | *#plˈœpu# | *#plˈɛpə# | *#plˈɛp# {GOLD: >*} | *#plˈɛp# {GOLD: >*} | *#plˈɛp# {GOLD: >*} | *#plˈɛp# {GOLD: #plˈɛp#}
1326   | ... | ... | ... | #plˈiktium# | *#plˈikt͡ʃjʊ# | *#plˈiçt͡ʃju# | *#plˈijt͡ʃu# | *#plˈicu# | *#plˈicə# | *#plˈic# {GOLD: >*} | *#plˈic# {GOLD: >*} | *#plˈic# {GOLD: >*} | *#plˈic# {GOLD: #plˈic#}
1327   | ... | ... | ... | ... | ... | ... | ... | #pʎˈuskɑ# | *#plˈyːskɑ# | *#plˈyːskə# {GOLD: >*} | *#plˈyːskə# {GOLD: >*} | *#plˈyskə# {GOLD: >*} | *#plˈyskə# {GOLD: #plˈyskə#}
1328   | ... | ... | ... | ... | ... | ... | ... | #plˈɔːri# | *#plˈuo̯rə# | *#plˈuo̯ɾ# {GOLD: >*} | *#plˈua̯ɾ# {GOLD: >*} | *#plˈua̯ɾ# {GOLD: >*} | *#plˈua̯ɾ# {GOLD: #plˈua̯ɾ#}
1329   | ... | ... | ... | #plˈumbum# | *#plˈʊmbʊ# | *#plˈumbu# | *#plˈumbu# | *#plˈũmbu# | *#plˈũmbə# | *#plˈũmb# {GOLD: #plˈũmb#} | *#plˈũmb# {GOLD: >*} | *#plˈumb# {GOLD: >*} | *#plˈumb# {GOLD: #plˈumb#}
1330   | ... | ... | ... | ... | ... | ... | #prˈɒxɪ# | *#pɾˈɑxɪ# | *#pɾˈɑxə# | *#pɾˈax# {GOLD: >*} | *#pɾˈah# {GOLD: >*} | *#pɾˈah# {GOLD: >*} | *#pɾˈah# {GOLD: #pɾˈaf#}
1331   | ... | ... | ... | #prˌiːmɑwˈeːrɑm# | *#prˌimɑwˈeːrɑ# | *#prˌimɑvˈerɑ# | *#prˌimavˈera# | *#pɾə̃məvˈeɾa# | *#pɾə̃məvˈɛːɾa# | *#pɾə̃məvˈɛːɾə# {GOLD: #pɾˌãmvˈɛɾə#} | *#pɾə̃mvˈɛːɾə# {GOLD: >*} | *#pɾəmvˈɛɾə# {GOLD: >*} | *#pɾəmvˈɛɾə# {GOLD: #pɾəmvˈɛɾə#}
1332   | ... | ... | ... | #prˌoːmˌittˈonioː# | *#prˌeːmːˌɪttˈɒnju# | *#prˌemːˌettˈoɲu# | *#prˌemːˌettˈoɲu# | *#pɾə̃mːˌeːtˈɔ̃ɲu# | *#pɾə̃mːˌɛːtˈɔ̃ɲə# | *#pɾə̃mːˌɛːtˈɔ̃ɲ# {GOLD: >*} | *#pɾə̃mˌɛːtˈɔ̃ɲ# {GOLD: >*} | *#pɾəmɛtˈɔɲ# {GOLD: >*} | *#pɾəmɛtˈɔj# {GOLD: #pɾɛmtˈɔj#}
1333   | ... | ... | ... | #prˈae̯dɑ# | *#prˈɛdɑ# | ... | ... | ... | ... | ... {GOLD: ...} | ... {GOLD: #pɾˈɛː#} | *#pɾˈɛ# {GOLD: >*} | *#pɾˈɛ# {GOLD: #pɾˈɛ#}
1334   | ... | ... | ... | ... | #pˌarˈɛːlon# | *#pˌarˈɛlon# | *#pərˈɛlon# | *#pəɾˈɛlɔ̃n# | *#pəɾˈɛːlˠə# | *#pəɾˈɛːlˠ# {GOLD: >*} | *#pəɾˈɛːlˠ# {GOLD: >*} | *#pɾˈɛlˠ# {GOLD: >*} | *#pɾˈɛlˠ# {GOLD: #pɾˈɛlˠ#}
1335   | ... | ... | #prˈason# | *#prˈɑson# | *#prˈɑsʊ# | *#prˈɑsu# | *#prˈasu# | *#pɾˈaʃu# | *#pɾˈaːʃə# | *#pɾˈaːʃ# {GOLD: >*} | *#pɾˈaːʃ# {GOLD: >*} | *#pɾˈaʃ# {GOLD: >*} | *#pɾˈaʃ# {GOLD: #pɾˈɛʃ#}
1336   | ... | ... | ... | #prˈae̯dɑ# | *#prˈɛdɑ# | *#prˈɛdɑ# | *#prˈɛða# | *#pɾˈɛða# | *#pɾˈɛða# | *#pɾˈɛðə# {GOLD: >*} | *#pɾˈɛðə# {GOLD: >*} | *#pɾˈɛðə# {GOLD: >*} | *#pɾˈɛðə# {GOLD: #pɾˈɛðə#}
1337   | ... | ... | ... | ... | ... | ... | #prˌiβˈoɲɔ# | *#pɾˌiβˈɔ̃ɲɔ# | *#pɾˌivˈɔ̃ɲə# | *#pɾˌivˈɔ̃ɲ# {GOLD: >*} | *#pɾˌivˈɔ̃ɲ# {GOLD: >*} | *#pɾivˈɔɲ# {GOLD: >*} | *#pɾivˈɔj# {GOLD: #pɾivˈɔj#}
1338   | ... | ... | ... | #prˌae̯ˈiːnioː# | *#prˌɛˈinju# | *#prˌɛˈiɲu# | *#prˌɛˈiɲu# | *#pɾəˈĩːɲu# | *#pɾəˈĩːɲə# | *#pɾˈĩːɲ# {GOLD: >*} | *#pɾˈĩːɲ# {GOLD: >*} | *#pɾˈiɲ# {GOLD: >*} | *#pɾˈij# {GOLD: #pɾˈij#}
1339   | ... | ... | ... | #pˌorrˈiːnɑ# | *#pˌʊrrɪnˈiɑ# | *#pˌurrenˈijɑ# | *#pˌurrɑ̃ɾ̃ˈija# | *#pˌuɾɾə̃ɾ̃ˈija# | *#pˌurːˈija# | *#pˌurˈiː# {GOLD: #purˈĩɲə#} | *#pˌurˈiː# {GOLD: >*} | *#purˈi# {GOLD: >*} | *#purˈi# {GOLD: #pɾˈijə#}
1340   | ... | ... | ... | #ˌɑprˈiːlem# | *#ˌɑprˈilɛ# | *#ˌɑprˈilɛ# | *#prˈilɪ# | *#pɾˈilɪ# | *#pɾˈiːlə# | *#pɾˈiːl# {GOLD: >*} | *#pɾˈiːl# {GOLD: >*} | *#pɾˈil# {GOLD: >*} | *#pɾˈil# {GOLD: #pɾˈilˠ#}
1341   | ... | ... | ... | #prˈiːnkes# | *#prˈinkɛ# | *#prˈinkɛ# | *#prˈincɪ# | *#pɾˈĩncɪ# | *#pɾˈĩncə# | *#pɾˈĩɲɟ# {GOLD: >*} | *#pɾˈĩɲɟ# {GOLD: >*} | *#pɾˈiɲɟ# {GOLD: >*} | *#pɾˈiɲɟ# {GOLD: #pɾˈiɲɟ#}
1342   | ... | ... | ... | ... | ... | ... | ... | ... | #prˈɨskʊ# | *#pɾˈisk# {GOLD: >*} | *#pɾˈisk# {GOLD: >*} | *#pɾˈisk# {GOLD: >*} | *#pɾˈisk# {GOLD: #pɾˈisk#}
1343   | ... | ... | ... | #pˌɑrˈentem# | *#pˌɑrˈɛntɛ# | *#pˌɑrˈɛntɛ# | *#pərˈintɪ# | *#pəɾˈĩntɪ# | *#pəɾˈĩndə# | *#pəɾˈĩnd# {GOLD: >*} | *#pəɾˈĩnd# {GOLD: >*} | *#pɾˈind# {GOLD: >*} | *#pɾˈind# {GOLD: #pɾˈind#}
1344   | ... | ... | ... | ... | #prˈɛvitɛr# | *#prˈevitɛr# | *#prˈevɪtɪr# | *#pɾˈevɪtɪɾ# | *#pɾˈɛtəɾ# | *#pɾˈɛtɾ̩# {GOLD: >*} | *#pɾˈɛtɾ̩# {GOLD: >*} | *#pɾˈɛtɾ̩# {GOLD: >*} | *#pɾˈɛtəɾ# {GOLD: #pɾˈiftəɾ#}
1345   | ... | ... | ... | #prˌoksimˈɑːnioː# | *#prˌɒsɪmˈɒːnju# | *#prˌosemˈoɲu# | *#prˌosɪmˈoɲu# | *#pɾˌɔʃmˈɔ̃ɲu# | *#pɾˌɔʃmˈɔ̃ɲə# | *#pɾˌɔʒmˈɔ̃ɲ# {GOLD: #pɾˌɔʃəmˈɔ̃ɲ#} | *#pɾˌɔʒmˈɔ̃ɲ# {GOLD: >*} | *#pɾɔʒmˈɔɲ# {GOLD: >*} | *#pɾɔʒmˈɔj# {GOLD: #pɾɔʒmˈɔj#}
1346   | ... | ... | ... | ... | ... | ... | #prˌodˈoɲu# | *#pɾˌɔðˈɔ̃ɲu# | *#pɾˌɔðˈɔ̃ɲə# | *#pɾˌɔðˈɔ̃ɲ# {GOLD: >*} | *#pɾˌɔðˈɔ̃ɲ# {GOLD: >*} | *#pɾɔðˈɔɲ# {GOLD: >*} | *#pɾɔðˈɔj# {GOLD: #pɾɔðˈɔj#}
1347   | ... | ... | ... | ... | ... | ... | ... | #prˌɒ̃dˈitɪ# | *#prˌɔ̃dˈitə# | *#pɾˌɔndˈit# {GOLD: >*} | *#pɾˌɔndˈit# {GOLD: >*} | *#pɾɔndˈit# {GOLD: >*} | *#pɾɔndˈit# {GOLD: #pɾɔndˈit#}
1348   | ... | ... | ... | ... | ... | ... | ... | #pˌɒbɾɑtˈimə# | *#pˌɒbɾɑtˈimə# | *#pˌɔbɾatˈim# {GOLD: >*} | *#pˌɔbɾatˈim# {GOLD: >*} | *#pɔbɾatˈim# {GOLD: >*} | *#pɔbɾatˈim# {GOLD: #pɾɔbatˈin#}
1349   | ... | ... | ... | #pˌɑrˈɑːnioː# | *#pˌɑrˈɒːnju# | *#pˌɑrˈoɲu# | *#pərˈoɲu# | *#pəɾˈɔ̃ɲu# | *#pəɾˈɔ̃ɲə# | *#pəɾˈɔ̃ɲ# {GOLD: >*} | *#pəɾˈɔ̃ɲ# {GOLD: >*} | *#pɾˈɔɲ# {GOLD: >*} | *#pɾˈɔj# {GOLD: #pɾˈɔj#}
1350   | ... | ... | ... | #brˈokkɑ# | *#brˈɒkkɑ# | *#brˈokkɑ# | *#brˈokka# | *#bɾˈɔka# | *#bɾˈɔka# | *#bɾˈɔkə# {GOLD: >*} | *#bɾˈɔkə# {GOLD: >*} | *#bɾˈɔkə# {GOLD: >*} | *#bɾˈɔkə# {GOLD: #pɾˈɔkə#}
1351   | ... | ... | ... | #prˈoksimum# | *#prˈɒksɪmʊ# | *#prˈoksemu# | *#prˈoksɪmu# | *#pɾˈɔkʃmu# | *#pɾˈɔːʃmə# | *#pɾˈɔːʒm̩# {GOLD: #pɾˈɔʃəmə#} | *#pɾˈɔːʒm̩# {GOLD: #pɾˈɔʃm̩#} | *#pɾˈɔʒm̩# {GOLD: >*} | *#pɾˈɔʒəm# {GOLD: #pɾˈɔʒəm#}
1352   | ... | ... | ... | #prˌae̯dˈɑːnioː# | *#prˌɛdˈɒːnju# | *#prˌɛdˈoɲu# | *#prˌɛðˈoɲu# | *#pɾəˈɔ̃ːɲu# | *#pɾəˈũo̯ɲə# | *#pɾˈũːo̯ɲ# {GOLD: #pɾˈuo̯j#} | *#pɾˈũːa̯ɲ# {GOLD: >*} | *#pɾˈua̯ɲ# {GOLD: >*} | *#pɾˈua̯j# {GOLD: #pɾˈua̯j#}
1353   | ... | ... | ... | #prˌoːhˌibˈeːnioː# | *#prˌɒːˈiβɒːnju# | *#prˌoˈiβoɲu# | *#prˌoˈiwoɲu# | *#pɾəˈuːə̯̃ɲu# | *#pɾəˈuːõ̯ɲə# | *#pɾˈuːõ̯ɲ# {GOLD: #pɾˈuo̯j#} | *#pɾˈuːã̯ɲ# {GOLD: >*} | *#pɾˈua̯ɲ# {GOLD: >*} | *#pɾˈua̯j# {GOLD: #pɾˈua̯j#}
1354   | ... | ... | ... | ... | ... | ... | #bˌɒɡɑtˈɪjɛ# | *#bˌɑɡətˈɪjɛ# | *#bˌɑɡətˈɪjɛ# | *#bˌaɡətˈi# {GOLD: #bˌɒɡətˈi#} | *#bˌaɡətˈi# {GOLD: >*} | *#baɡətˈi# {GOLD: >*} | *#baktˈi# {GOLD: #baktˈi#}
1355   | ... | ... | ... | ... | ... | ... | ... | ... | #bˌɑtˈitɪ# | *#bˌatˈit# {GOLD: >*} | *#bˌatˈit# {GOLD: >*} | *#batˈit# {GOLD: >*} | *#batˈit# {GOLD: #batˈit#}
1356   | ... | ... | ... | #bˌɑrˈɑtʰrum# | *#bˌɑrˈɑtʰrʊ# | *#bˌɑrˈɑtru# | *#bˌarˈatru# | *#bˌaɾˈatɾu# | *#bˌaɾˈatɾə# | *#bˌaɾˈatɾ̩# {GOLD: >*} | *#bˌaɾˈatɾ̩# {GOLD: >*} | *#baɾˈatɾ̩# {GOLD: >*} | *#baɾˈatəɾ# {GOLD: #balˈadəɾ#}
1357   | ... | ... | ... | ... | ... | ... | #bˌɑrðʊmˈɒʃɪ# | *#bˌɑɾðmˈɒʃɪ# | *#bˌɑɾmˈɒːʃə# | *#bˌaɾmˈɔːʃ# {GOLD: >*} | *#bˌaɾmˈɔːʃ# {GOLD: >*} | *#baɾmˈɔʃ# {GOLD: >*} | *#baɾmˈɔʃ# {GOLD: #baɾmˈaʃ#}
1358   | ... | ... | ... | ... | ... | ... | #bˈɑtjʊ# | *#bˈɑtjə# | *#bˈɑtjə# | *#bˈac# {GOLD: >*} | *#bˈac# {GOLD: >*} | *#bˈac# {GOLD: >*} | *#bˈac# {GOLD: #bˈac#}
1359   | ... | ... | ... | #bˈɑlneɑ# | *#bˈɑlnjɑ# | *#bˈɑlɲɑ# | *#bˈalɲa# | *#bˈalɲa# | *#bˈaɲa# | *#bˈaɲə# {GOLD: >*} | *#bˈaɲə# {GOLD: >*} | *#bˈaɲə# {GOLD: >*} | *#bˈaɲə# {GOLD: #bˈaɲə#}
1360   | ... | ... | ... | #bˈɑlsɑmum# | *#bˈɑlsɑmʊ# | *#bˈɑlsɑmu# | *#bˈalsamu# | *#bˈalʃɐmu# | *#bˈaːlʃɐmə# | *#bˈaːlʃm̩# {GOLD: #bˈalʃm̩#} | *#bˈaːlʃm̩# {GOLD: >*} | *#bˈalt͡ʃm̩# {GOLD: >*} | *#bˈalt͡ʃəm# {GOLD: #bˈalt͡ʃəm#}
1361   | ... | ... | ... | #bˈɑrkɑm# | *#bˈɑrkɑ# | *#bˈɑrkɑ# | *#bˈarka# | *#bˈaɾka# | *#bˈaːɾka# | *#bˈaːɾkə# {GOLD: >*} | *#bˈaːɾkə# {GOLD: >*} | *#bˈaɾkə# {GOLD: >*} | *#bˈaɾkə# {GOLD: #bˈaɾkə#}
1362   | ... | ... | ... | ... | ... | ... | ... | ... | #bˈɑbɑ# | *#bˈabə# {GOLD: >*} | *#bˈabə# {GOLD: >*} | *#bˈabə# {GOLD: >*} | *#bˈabə# {GOLD: #bˈabə#}
1363   | ... | ... | ... | ... | ... | ... | #bˌɒɡˈɑtɑ# | *#bˌɐɡˈɑtɑ# | *#bˌɐɡˈɑtɑ# | *#bˌəɡˈatə# {GOLD: #bˌɒɡˈatə#} | *#bˌəɡˈatə# {GOLD: >*} | *#bəɡˈatə# {GOLD: >*} | *#bəɡˈatə# {GOLD: #bəɡˈatə#}
1364   | ... | ... | ... | #bˌɑttuˈɑːliɑm# | *#bˌɑttwˈɑːʎɑ# | *#bˌɑttwˈɑʎɑ# | *#bˌattˈaʎa# | *#bˌatˈaʎa# | *#bˌatˈaːʎa# | *#bˌatˈaːʎə# {GOLD: #bətˈaʎə#} | *#bˌatˈaːʎə# {GOLD: >*} | *#batˈajə# {GOLD: >*} | *#batˈajə# {GOLD: #bətˈajə#}
1365   | ... | ... | ... | #bˌenediːkˈonioː# | *#bˌɛnɛdikˈɒnju# | *#bˌɛndikˈoɲu# | *#bˌɛndkˈoɲu# | *#bˌɛ̃ndkˈɔ̃ɲu# | *#bˌɛ̃ndkˈɔ̃ɲə# | *#bˌɛ̃nkˈɔ̃ɲ# {GOLD: #b̩ndəkˈɔ̃ɲ#} | *#bˌɛ̃nkˈɔ̃ɲ# {GOLD: #bˌn̩kˈɔ̃ɲ#} | *#bɛnkˈɔɲ# {GOLD: >*} | *#bɛnkˈɔj# {GOLD: #bənkˈɔj#}
1366   | ... | ... | ... | #bˌɑrˈoːnem# | *#bˌɑrˈɒːnɛ# | *#bˌɑrˈonɛ# | *#bˌarˈonɪ# | *#bˌaɾˈɔ̃ɾ̃ɪ# | *#bˌaɾˈũo̯ɾ̃ə# | *#bˌaɾˈũo̯# {GOLD: #bəɾˈuo̯#} | *#bˌaɾˈũa̯# {GOLD: ...} | ... {GOLD: ...} | ... {GOLD: ...}
1367   | ... | ... | ... | ... | ... | ... | ... | ... | #bˌərt͡ʃˈikʊ# | *#bɾ̩t͡ʃˈik# {GOLD: >*} | *#bɾ̩t͡ʃˈik# {GOLD: >*} | *#bɾ̩t͡ʃˈik# {GOLD: >*} | *#bəɾt͡ʃˈik# {GOLD: #bəɾt͡ʃˈik#}
1368   | ... | ... | ... | ... | ... | ... | #brˌæstɪnˈikʊ# | *#bɾˌɑʃtnˈikə# | *#bɾɐʃtnˈikə# | *#bɾ̩ʃnˈik# {GOLD: #bˌɾ̩ʃtnˈik#} | *#bɾ̩ʃnˈik# {GOLD: >*} | *#bɾ̩ʃnˈik# {GOLD: >*} | *#bəɾʃnˈik# {GOLD: #bəɾʃnˈik#}
1369   | ... | ... | ... | ... | ... | ... | #bˌʊrtwˈɑtɪ# | *#bˌʊɾtwˈɑtɪ# | *#bˌʊɾtwˈɑtə# | *#bɾ̩tˈat# {GOLD: >*} | *#bɾ̩tˈat# {GOLD: >*} | *#bɾ̩tˈat# {GOLD: >*} | *#bəɾtˈat# {GOLD: #bəɾtˈat#}
1370   | ... | ... | ... | ... | ... | ... | #bˌærd͡zˈɑnɑ# | *#bəɾzˈɑ̃ɾ̃ɑ# | *#bəɾzˈɑ̃ɾ̃ɑ# | *#bɾ̩zˈʌ̃ɾ̃ə# {GOLD: #bˌɾ̩zˈãɾ̃ə#} | *#bɾ̩zˈə̃ɾ̃ə# {GOLD: >*} | *#bɾ̩zˈəɾə# {GOLD: >*} | *#bəɾzˈəɾə# {GOLD: #bəɾzˈəɾə#}
1371   | ... | ... | ... | ... | ... | ... | ... | ... | #bˌɪrzˈɛʃtɑ# | *#bɾ̩zˈɛʃtə# {GOLD: >*} | *#bɾ̩zˈɛʃtə# {GOLD: >*} | *#bɾ̩zˈɛʃtə# {GOLD: >*} | *#bəɾzˈɛʃtə# {GOLD: #bəɾzˈɛʃtə#}
1372   | ... | ... | ... | #bˌɑttuˈɑːliɑm# | *#bˌɑttwˈɑːʎɑ# | *#bˌɑttwˈɑʎɑ# | *#bˌattˈaʎa# | *#bˌatˈaʎa# | *#bˌatˈaːʎa# | *#bˌatˈaːʎə# {GOLD: >*} | *#bˌatˈaːʎə# {GOLD: >*} | *#batˈajə# {GOLD: >*} | *#batˈajə# {GOLD: #bɛtˈɛjə#}
1373   | ... | ... | ... | ... | ... | ... | ... | ... | #bˌælˈɛβɑ# | *#bˌɛlˈɛvə# {GOLD: >*} | *#bˌɛlˈɛvə# {GOLD: >*} | *#bɛlˈɛvə# {GOLD: >*} | *#bɛlˈɛvə# {GOLD: #bɛlˈɛvə#}
1374   | ... | ... | ... | ... | ... | ... | #bˌɛlbˈit͡sɑ# | *#bˌɛːlbˈit͡sɑ# | *#bˌɛːlbˈiːt͡sɑ# | *#bˌɛːlbˈiːt͡sə# {GOLD: #bˌɛlbˈit͡sə#} | *#bˌɛːlbˈiːt͡sə# {GOLD: >*} | *#bɛlbˈit͡sə# {GOLD: >*} | *#bɛlbˈit͡sə# {GOLD: #bɛlbˈit͡sə#}
1375   | ... | ... | ... | ... | ... | ... | ... | ... | #bˌɛlβˈit͡sɑ# | *#bˌɛlvˈit͡sə# {GOLD: >*} | *#bˌɛlvˈit͡sə# {GOLD: >*} | *#bɛlvˈit͡sə# {GOLD: >*} | *#bɛlvˈit͡sə# {GOLD: #bɛlvˈit͡sə#}
1376   | ... | ... | ... | ... | ... | ... | ... | #bˌæləɡrˈɑt# | *#bˌæɡrˈɑt# | *#bˌɛɡɾˈat# {GOLD: >*} | *#bˌɛɡɾˈat# {GOLD: >*} | *#bɛɡɾˈat# {GOLD: >*} | *#bɛɡɾˈat# {GOLD: #bɛɾˈat#}
1377   | ... | ... | ... | ... | ... | ... | ... | ... | #bˈælʊkɑ# | *#bˈɛʎkə# {GOLD: >*} | *#bˈɛʎkə# {GOLD: >*} | *#bˈɛjkə# {GOLD: >*} | *#bˈɛjkə# {GOLD: #bˈɛjkə#}
1378   | ... | ... | ... | ... | ... | ... | ... | ... | #bˈælʊ# | *#bˈɛl# {GOLD: >*} | *#bˈɛl# {GOLD: >*} | *#bˈɛl# {GOLD: >*} | *#bˈɛl# {GOLD: #bˈɛl#}
1379   | ... | ... | ... | ... | ... | ... | ... | ... | #bˈælit͡sɑ# | *#bˈɛlt͡sə# {GOLD: >*} | *#bˈɛlt͡sə# {GOLD: >*} | *#bˈɛlt͡sə# {GOLD: >*} | *#bˈɛlt͡sə# {GOLD: #bˈɛlt͡sə#}
1380   | ... | ... | ... | ... | ... | ... | #ˌɒbʊwˈɪrtkʊ# | *#bwˈɪɾtkə# | *#bwˈɪːɾtkə# | *#bˈɛɾk# {GOLD: >*} | *#bˈɛɾk# {GOLD: >*} | *#bˈɛɾk# {GOLD: >*} | *#bˈɛɾk# {GOLD: #bˈɛɾk#}
1381   | ... | ... | ... | #bˌiːnˈɑːrium# | *#bˌinjˈɒːrjʊ# | *#bˌiɲˈorju# | *#bˌiɲˈoru# | *#bˌĩːɲˈɔɾu# | *#bˌĩːɲˈaːɾə# | *#bˌĩːɲˈaːɾ# {GOLD: >*} | *#bˌĩːɲˈaːɾ# {GOLD: >*} | *#biɲˈaɾ# {GOLD: >*} | *#biɲˈaɾ# {GOLD: #biɲˈaɾ#}
1382   | ... | ... | ... | #bˌistˈɑːliɑ# | *#bˌɪstˈɑːʎɑ# | *#bˌestˈɑʎɑ# | *#bɪstˈaʎa# | *#bˌiːʃtˈaʎa# | *#bˌiːʃtˈaːʎa# | *#bˌiːʃtˈaːʎə# {GOLD: >*} | *#bˌiːʃtˈaːʎə# {GOLD: >*} | *#biʃtˈajə# {GOLD: >*} | *#biʃtˈajə# {GOLD: #biʃtˈajə#}
1383   | ... | ... | ... | ... | ... | ... | #bˌæsɪnˈit͡sɑ# | *#bˌiːʃnˈit͡sɑ# | *#bˌiːʃnˈiːt͡sɑ# | *#bˌiːʃnˈiːt͡sə# {GOLD: >*} | *#bˌiːʃnˈiːt͡sə# {GOLD: >*} | *#biʃnˈit͡sə# {GOLD: >*} | *#biʃnˈit͡sə# {GOLD: #biʃnˈit͡sə#}
1384   | ... | ... | ... | ... | ... | ... | ... | #bˌɛsˈædɑ# | *#bˌɛsˈædɑ# | *#bˌɛsˈɛdə# {GOLD: #bisˈɛdə#} | *#bˌɛsˈɛdə# {GOLD: >*} | *#bɛsˈɛdə# {GOLD: >*} | *#bɛsˈɛdə# {GOLD: #bisˈɛdə#}
1385   | ... | ... | ... | ... | ... | ... | ... | ... | #bˌɨstrˈit͡sɑ# | *#bˌistɾˈit͡sə# {GOLD: >*} | *#bˌistɾˈit͡sə# {GOLD: >*} | *#bistɾˈit͡sə# {GOLD: >*} | *#bistɾˈit͡sə# {GOLD: #bistɾˈit͡sə#}
1386   | ... | ... | ... | #bˈeːstiɑm# | *#bˈeːst͡ʃjɑ# | *#bˈest͡ʃjɑ# | *#bˈist͡ʃa# | *#bˈiʃa# | *#bˈiːʃa# | *#bˈiːʃə# {GOLD: >*} | *#bˈiːʃə# {GOLD: >*} | *#bˈiʃə# {GOLD: >*} | *#bˈiʃə# {GOLD: #bˈiʃə#}
1387   | ... | ... | ... | ... | ... | ... | #bˈit͡ʃɪkʊ# | *#bˈisɪkə# | *#bˈiːskə# | *#bˈiːsk# {GOLD: #bˈisk#} | *#bˈiːsk# {GOLD: >*} | *#bˈisk# {GOLD: >*} | *#bˈisk# {GOLD: #bˈisk#}
1388   | ... | ... | ... | ... | ... | ... | ... | ... | #bˈɨstrʊ# | *#bˈistɾ̩# {GOLD: >*} | *#bˈistɾ̩# {GOLD: >*} | *#bˈistɾ̩# {GOLD: >*} | *#bˈistəɾ# {GOLD: #bˈistəɾ#}
1389   | ... | ... | ... | ... | ... | ... | ... | ... | #bˌɒɡˈɒβɑ# | *#bˌɔɡˈɔvə# {GOLD: >*} | *#bˌɔɡˈɔvə# {GOLD: >*} | *#bɔɡˈɔvə# {GOLD: >*} | *#bɔɡˈɔvə# {GOLD: #bɔɡˈɔvə#}
1390   | ... | ... | ... | ... | ... | ... | ... | ... | #bˌɒrˈikɑ# | *#bˌɔɾˈikə# {GOLD: >*} | *#bˌɔɾˈikə# {GOLD: >*} | *#bɔɾˈikə# {GOLD: >*} | *#bɔɾˈikə# {GOLD: #bɔɾˈiɡə#}
1391   | ... | ... | ... | #bˈolɑ# | *#bˈɒlɑ# | *#bˈolɑ# | *#bˈola# | *#bˈɔla# | *#bˈɔːlˠa# | *#bˈɔːlˠə# {GOLD: >*} | *#bˈɔːlˠə# {GOLD: >*} | *#bˈɔlˠə# {GOLD: >*} | *#bˈɔlˠə# {GOLD: #bˈɔlˠə#}
1392   | ... | ... | ... | ... | ... | ... | ... | ... | #bˈɒlɪbɑ# | *#bˈɔlbə# {GOLD: >*} | *#bˈɔlbə# {GOLD: >*} | *#bˈɔlbə# {GOLD: >*} | *#bˈɔlbə# {GOLD: #bˈɔlbə#}
1393   | ... | ... | ... | ... | ... | ... | #bˌɯwɒlˈit͡sɑ# | *#bˌuə̯lˈit͡sɑ# | *#bˌuo̯lˠˈiːt͡sɑ# | *#bˌuo̯lˠˈiːt͡sə# {GOLD: #bˌuo̯lˠˈit͡sə#} | *#bˌua̯lˠˈiːt͡sə# {GOLD: >*} | *#bua̯lˠˈit͡sə# {GOLD: >*} | *#bua̯lˠˈit͡sə# {GOLD: #bua̯lˠˈit͡sə#}
1394   | ... | ... | ... | ... | ... | ... | #bˌʊrlˈɒɡʊ# | *#bˌʊɾlˈɒɡə# | *#bˌʊɾlˈɒɡə# | *#bˌulˈɔɡ# {GOLD: >*} | *#bˌulˈɔɡ# {GOLD: >*} | *#bulˈɔɡ# {GOLD: >*} | *#bulˈɔɡ# {GOLD: #bulˠˈɔɡ#}
1395   | ... | ... | ... | ... | ... | ... | ... | ... | #bˌut͡ʃˈɑtɪ# | *#bˌut͡ʃˈat# {GOLD: >*} | *#bˌut͡ʃˈat# {GOLD: >*} | *#but͡ʃˈat# {GOLD: >*} | *#but͡ʃˈat# {GOLD: #but͡ʃˈat#}
1396   | ... | ... | ... | ... | ... | ... | #bˌɯstrˈit͡sɑ# | *#bˌɯʃtɾˈit͡sɑ# | *#bˌuʃtɾˈiːt͡sɑ# | *#bˌuʃtɾˈiːt͡sə# {GOLD: #bˌuʃtɾˈit͡sə#} | *#bˌuʃtɾˈiːt͡sə# {GOLD: >*} | *#buʃtɾˈit͡sə# {GOLD: >*} | *#buʃtɾˈit͡sə# {GOLD: #buʃtɾˈit͡sə#}
1397   | ... | ... | ... | #bˌubulkˈeːnsum# | *#bˌʊβʊlkˈeːnsʊ# | *#bˌuβulkˈesu# | *#bˌuulcˈesu# | *#bˌulcˈeʃu# | *#bˌulcˈɛːʃə# | *#bˌult͡ʃˈɛːʃ# {GOLD: >*} | *#bˌult͡ʃˈɛːʃ# {GOLD: >*} | *#bult͡ʃˈɛʃ# {GOLD: >*} | *#bult͡ʃˈɛʃ# {GOLD: #bult͡ʃˈɛʃ#}
1398   | ... | ... | ... | ... | ... | ... | #bˈɯwɒlʊ# | *#bˈuə̯lə# | *#bˈuo̯lˠə# | *#bˈuo̯lˠ# {GOLD: #bˈuo̯lˠ#} | *#bˈua̯lˠ# {GOLD: >*} | *#bˈua̯lˠ# {GOLD: >*} | *#bˈua̯lˠ# {GOLD: #bˈua̯lˠ#}
1399   | ... | ... | ... | #bˌubˈulkum# | *#bˌʊβˈʊlkʊ# | *#bˌuβˈulku# | *#bˌuˈulku# | *#bəˈuːlku# | *#bəˈuːlkə# | *#bˈuːʎk# {GOLD: >*} | *#bˈuːʎk# {GOLD: #bˈuʎk#} | *#bˈujk# {GOLD: >*} | *#bˈujk# {GOLD: #bˈujk#}
1400   | ... | ... | ... | #bˈukkɑm# | *#bˈʊkkɑ# | *#bˈukkɑ# | *#bˈukka# | *#bˈuka# | *#bˈuka# | *#bˈukə# {GOLD: #bˈukə#} | *#bˈukə# {GOLD: >*} | *#bˈukə# {GOLD: >*} | *#bˈukə# {GOLD: #bˈukə#}
1401   | ... | ... | ... | #bˈuksum# | *#bˈʊksʊ# | *#bˈuksu# | *#bˈuksu# | *#bˈukʃu# | *#bˈuːʃə# | *#bˈuːʃ# {GOLD: >*} | *#bˈuːʃ# {GOLD: >*} | *#bˈuʃ# {GOLD: >*} | *#bˈuʃ# {GOLD: #bˈuʃ#}
1402   | ... | ... | ... | ... | ... | ... | #bˈɯstrʊ# | *#bˈɯʃtɾə# | *#bˈuːʃtɾə# | *#bˈuːʃtɾ̩# {GOLD: >*} | *#bˈuːʃtɾ̩# {GOLD: >*} | *#bˈuʃtɾ̩# {GOLD: >*} | *#bˈuʃtəɾ# {GOLD: #bˈuʃtəɾ#}
1403   | ... | ... | ... | #bˈuttem# | *#bˈʊttɛ# | *#bˈuttɛ# | *#bˈuttɪ# | *#bˈutɪ# | *#bˈutə# | *#bˈut# {GOLD: >*} | *#bˈut# {GOLD: >*} | *#bˈut# {GOLD: >*} | *#bˈut# {GOLD: #bˈut#}
1404   | ... | ... | ... | #bˈullɑm# | *#bˈʊllɑ# | *#bˈulːɑ# | *#bˈulːa# | *#bˈulːa# | *#bˈuːlːa# | *#bˈuːlːə# {GOLD: >*} | *#bˈuːlːə# {GOLD: >*} | *#bˈulə# {GOLD: >*} | *#bˈulə# {GOLD: #bˈulə#}
1405   | ... | ... | ... | #bˌubˈulkiː# | *#bˌʊβˈʊlki# | *#bˌuβˈulki# | *#bˌuˈulcɪ# | *#bəˈuːlcɪ# | *#bəˈuːlcə# | *#bˈuːlc# {GOLD: >*} | *#bˈuːlc# {GOLD: >*} | *#bˈulc# {GOLD: >*} | *#bˈulc# {GOLD: #bˈulc#}
1406   | ... | ... | ... | #pˈulwerem# | *#pˈʊlwɛrɛ# | *#pˈulwɛrɛ# | *#pˈulbɛrɪ# | *#pˈulbɛɾɪ# | *#pˈuːlbəɾə# | *#pˈuːlbɾ̩# {GOLD: >*} | *#pˈuːlbɾ̩# {GOLD: >*} | *#pˈulbɾ̩# {GOLD: >*} | *#pˈulbəɾ# {GOLD: #bˈulbəɾ#}
1407   | ... | ... | ... | #bˈurɡum# | *#bˈʊrɡʊ# | *#bˈurɡu# | *#bˈurɡu# | *#bˈuɾɡu# | *#bˈuːɾɡə# | *#bˈuːɾɡ# {GOLD: >*} | *#bˈuːɾɡ# {GOLD: >*} | *#bˈuɾɡ# {GOLD: >*} | *#bˈuɾɡ# {GOLD: #bˈuɾɡ#}
1408   | ... | ... | ... | #bˈuːfum# | *#bˈufʊ# | *#bˈufu# | *#bˈufu# | *#bˈufu# | *#bˈuːfə# | *#bˈuːf# {GOLD: >*} | *#bˈuːf# {GOLD: >*} | *#bˈuf# {GOLD: >*} | *#bˈuf# {GOLD: #bˈuf#}
1409   | ... | ... | ... | ... | ... | #ɔblˈɑtɑ# | *#blˈata# | *#blˈata# | *#blˈata# | *#blˈatə# {GOLD: >*} | *#blˈatə# {GOLD: >*} | *#blˈatə# {GOLD: >*} | *#blˈatə# {GOLD: #blˈatə#}
1410   | ... | ... | ... | ... | ... | ... | ... | ... | #blˈɑnɑ# | *#blˈanə# {GOLD: >*} | *#blˈanə# {GOLD: >*} | *#blˈanə# {GOLD: >*} | *#blˈanə# {GOLD: #blˈanə#}
1411   | ... | ... | ... | ... | ... | #ˌɑblˈɛwoɲɔ# | *#blˈɛwoɲɔ# | *#blˈɛ̃ːɲɔ# | *#blˈĩe̯ɲə# | *#blˈɛɲ# {GOLD: >*} | *#blˈɛɲ# {GOLD: >*} | *#blˈɛɲ# {GOLD: >*} | *#blˈɛj# {GOLD: #blˈɛj#}
1412   | ... | ... | ... | ... | ... | ... | ... | #bˌælˈuʃɪ# | *#bˌælˠˈuːʃə# | *#bˌɛlˠˈuːʃ# {GOLD: #bˌɛlˈuʃ#} | *#bˌɛlˠˈuːʃ# {GOLD: >*} | *#bɛlˠˈuʃ# {GOLD: >*} | *#bɛlˠˈuʃ# {GOLD: #blˈuʃ#}
1413   | ... | ... | ... | ... | ... | ... | ... | #bʎˈudɒ# | *#blˈudɒ# | *#blˈudə# {GOLD: >*} | *#blˈudə# {GOLD: >*} | *#blˈudə# {GOLD: >*} | *#blˈudə# {GOLD: #blˈudə#}
1414   | ... | ... | ... | ... | ... | ... | ... | ... | #blˈʊdɑ# | *#blˈudə# {GOLD: >*} | *#blˈudə# {GOLD: >*} | *#blˈudə# {GOLD: >*} | *#blˈudə# {GOLD: #blˈudə#}
1415   | ... | ... | ... | ... | ... | ... | ... | ... | #brˈɑzdɑ# | *#bɾˈazdə# {GOLD: >*} | *#bɾˈazdə# {GOLD: >*} | *#bɾˈazdə# {GOLD: >*} | *#bɾˈazdə# {GOLD: #bɾˈazə#}
1416   | ... | ... | ... | ... | ... | ... | ... | ... | #brˈɑnɑ# | *#bɾˈanə# {GOLD: >*} | *#bɾˈanə# {GOLD: >*} | *#bɾˈanə# {GOLD: >*} | *#bɾˈanə# {GOLD: #bɾˈanə#}
1417   | ... | ... | ... | ... | ... | ... | ... | ... | #brˈɑβɑ# | *#bɾˈavə# {GOLD: >*} | *#bɾˈavə# {GOLD: >*} | *#bɾˈavə# {GOLD: >*} | *#bɾˈavə# {GOLD: #bɾˈavə#}
1418   | ... | ... | ... | #brˈɑːkae̯# | *#brˈɑːkɛ# | *#brˈɑkɛ# | *#brˈecɪ# | *#bɾˈecɪ# | *#bɾˈɛcə# | *#bɾˈɛc# {GOLD: >*} | *#bɾˈɛc# {GOLD: >*} | *#bɾˈɛc# {GOLD: >*} | *#bɾˈɛc# {GOLD: #bɾˈɛkə#}
1419   | ... | ... | ... | ... | ... | ... | ... | ... | #brˈæɡʊ# | *#bɾˈɛɡ# {GOLD: >*} | *#bɾˈɛɡ# {GOLD: >*} | *#bɾˈɛɡ# {GOLD: >*} | *#bɾˈɛɡ# {GOLD: #bɾˈɛɡ#}
1420   | ... | ... | ... | #brˈoːtɑskɑm# | *#brˈoːtɑskɑ# | *#brˈøskɑ# | *#brˈøska# | *#bɾˈœʃka# | *#bɾˈɛːʃka# | *#bɾˈɛːʃkə# {GOLD: >*} | *#bɾˈɛːʃkə# {GOLD: >*} | *#bɾˈɛʃkə# {GOLD: >*} | *#bɾˈɛʃkə# {GOLD: #bɾˈɛʃkə#}
1421   | ... | ... | ... | #brˈoːskɑm# | *#brˈoːskɑ# | *#brˈøskɑ# | *#brˈøska# | *#bɾˈœʃka# | *#bɾˈɛːʃka# | *#bɾˈɛːʃkə# {GOLD: >*} | *#bɾˈɛːʃkə# {GOLD: >*} | *#bɾˈɛʃkə# {GOLD: >*} | *#bɾˈɛʃkə# {GOLD: #bɾˈɛʃkə#}
1422   | ... | ... | #brˈoːtakʰon# | *#brˈoːtɑkʰon# | *#brˈoːtɑkʰʊ# | *#brˈøtku# | *#brˈøtku# | *#bɾˈœtku# | *#bɾˈɛtkə# | *#bɾˈɛtk# {GOLD: #bɾˈɛtək#} | *#bɾˈɛtk# {GOLD: >*} | *#bɾˈɛtk# {GOLD: >*} | *#bɾˈɛtk# {GOLD: #bɾˈɛtk#}
1423   | ... | ... | ... | ... | ... | ... | #brˈit͡ʃɪkʊ# | *#bɾˈisɪkə# | *#bɾˈiːskə# | *#bɾˈiːsk# {GOLD: #bɾˈisk#} | *#bɾˈiːsk# {GOLD: >*} | *#bɾˈisk# {GOLD: >*} | *#bɾˈisk# {GOLD: #bɾˈisk#}
1424   | ... | ... | ... | ... | ... | ... | #brˈit͡ʃɪkɑ# | *#bɾˈisɪkɑ# | *#bɾˈiːskɑ# | *#bɾˈiːskə# {GOLD: #bɾˈiskə#} | *#bɾˈiːskə# {GOLD: >*} | *#bɾˈiskə# {GOLD: >*} | *#bɾˈiskə# {GOLD: #bɾˈiskə#}
1425   | ... | ... | ... | #brˈuːmɑm# | *#brˈuːmɑ# | *#brˈymɑ# | *#brˈyma# | *#bɾˈỹma# | *#bɾˈỹma# | *#bɾˈỹmə# {GOLD: >*} | *#bɾˈỹmə# {GOLD: >*} | *#bɾˈymə# {GOLD: >*} | *#bɾˈymə# {GOLD: #bɾˈymə#}
1426   | ... | ... | #brˈukaː# | *#brˈukɑ# | *#brˈʊkɑ# | *#brˈukɑ# | *#brˈuka# | *#bɾˈuka# | *#bɾˈuka# | *#bɾˈukə# {GOLD: >*} | *#bɾˈukə# {GOLD: >*} | *#bɾˈukə# {GOLD: >*} | *#bɾˈukə# {GOLD: #bɾˈukə#}
1427   | ... | ... | ... | #fˌɑlkˈoːnem# | *#fˌɑlkˈɒːnɛ# | *#fˌɑlkˈonɛ# | *#fˌalkˈonɪ# | *#fˌaːlkˈɔ̃ɾ̃ɪ# | *#fˌaːlkˈũo̯ɾ̃ə# | *#fˌaːʎkˈũo̯# {GOLD: #faʎkˈuo̯#} | *#fˌaːʎkˈũa̯# {GOLD: >*} | *#fajkˈua̯# {GOLD: >*} | *#fajkˈua̯# {GOLD: #fajkˈua̯#}
1428   | ... | ... | ... | ... | ... | ... | ... | #fˌakjˈɔli# | *#fˌakjˈɔːlˠə# | *#fˌakjˈɔːlˠ# {GOLD: >*} | *#fˌakjˈɔːlˠ# {GOLD: >*} | *#facˈɔlˠ# {GOLD: >*} | *#facˈɔlˠ# {GOLD: #facˈɔlˠ#}
1429   | ... | ... | ... | #fˌɑseˈolum# | *#fˌɑsjˈɒlʊ# | *#fˌɑsjˈolu# | *#fˌasˈolu# | *#fˌaʃˈɔlu# | *#fˌaʃˈuo̯lˠə# | *#fˌaʃˈuo̯lˠ# {GOLD: #faʃˈuo̯lˠ#} | *#fˌaʃˈua̯lˠ# {GOLD: >*} | *#faʃˈua̯lˠ# {GOLD: >*} | *#faʃˈua̯lˠ# {GOLD: #faʃˈua̯lˠ#}
1430   | ... | ... | ... | #ˌinfˌɑskiˈɑːnioː# | *#ˌɪnfˌɑskjˈɒːnju# | *#ˌefˌɑskjˈoɲu# | *#fˌascˈoɲu# | *#fˌaʃcˈɔ̃ɲu# | *#fɐʃcˈɔ̃ɲə# | *#fəʃcˈɔ̃ɲ# {GOLD: >*} | *#fəʃcˈɔ̃ɲ# {GOLD: >*} | *#fəʃcˈɔɲ# {GOLD: >*} | *#fəʃcˈɔj# {GOLD: #faʃcˈɔj#}
1431   | ... | ... | ... | #fˌɑbrikˈɑːnioː# | *#fˌɑβrɪkˈɒːnju# | *#fˌɑːrkˈoɲu# | *#fˌaːrkˈoɲu# | *#fˌaːɾkˈɔ̃ɲu# | *#fˌaːɾkˈɔ̃ɲə# | *#fˌaːɾkˈɔ̃ɲ# {GOLD: >*} | *#fˌaːɾkˈɔ̃ɲ# {GOLD: >*} | *#faɾkˈɔɲ# {GOLD: >*} | *#faɾkˈɔj# {GOLD: #faɾkˈɔj#}
1432   | ... | ... | ... | #fˈɑllium# | *#fˈɑʎʊ# | *#fˈɑʎu# | *#fˈaʎu# | *#fˈaʎu# | *#fˈaːʎə# | *#fˈaːʎ# {GOLD: >*} | *#fˈaːʎ# {GOLD: >*} | *#fˈaj# {GOLD: >*} | *#fˈaj# {GOLD: #fˈaj#}
1433   | ... | ... | ... | #fˈɑːɡum# | *#fˈɑːɡʊ# | *#fˈɑɡu# | *#fˈaɡu# | *#fˈaɡu# | *#fˈaɡə# | *#fˈaɡ# {GOLD: >*} | *#fˈaɡ# {GOLD: >*} | *#fˈaɡ# {GOLD: >*} | *#fˈaɡ# {GOLD: #fˈaɡ#}
1434   | ... | ... | ... | #fˈɑkieːs# | *#fˈɑkjeː# | *#fˈɑkje# | *#fˈacje# | *#fˈacje# | *#fˈacjɛ# | *#fˈacɛ# {GOLD: >*} | *#fˈacɛ# {GOLD: >*} | *#fˈacɛ# {GOLD: >*} | *#fˈacɛ# {GOLD: #fˈacɛ#}
1435   | ... | ... | ... | #fˈɑskiɑm# | *#fˈɑskjɑ# | *#fˈɑskjɑ# | *#fˈasca# | *#fˈaʃca# | *#fˈaːʃca# | *#fˈaːʃcə# {GOLD: >*} | *#fˈaːʃcə# {GOLD: >*} | *#fˈaʃcə# {GOLD: >*} | *#fˈaʃcə# {GOLD: #fˈaʃcə#}
1436   | ... | ... | ... | #fˈɑːtum# | *#fˈɑːtʊ# | *#fˈɑtu# | *#fˈatu# | *#fˈatu# | *#fˈatə# | *#fˈat# {GOLD: >*} | *#fˈat# {GOLD: >*} | *#fˈat# {GOLD: >*} | *#fˈat# {GOLD: #fˈat#}
1437   | ... | ... | ... | #fˈɑrum# | *#fˈɑrʊ# | *#fˈɑru# | *#fˈaru# | *#fˈaɾu# | *#fˈaːɾə# | *#fˈaːɾ# {GOLD: >*} | *#fˈaːɾ# {GOLD: >*} | *#fˈaɾ# {GOLD: >*} | *#fˈaɾ# {GOLD: #fˈaɾ#}
1438   | ... | ... | ... | #fˈɑbrikɑ# | *#fˈɑβrɪkɑ# | *#fˈɑːrkɑ# | *#fˈaːrka# | *#fˈaːɾka# | *#fˈaːɾka# | *#fˈaːɾkə# {GOLD: #fˈaːɾkə#} | *#fˈaːɾkə# {GOLD: #fˈaːɾkə#} | *#fˈaɾkə# {GOLD: >*} | *#fˈaɾkə# {GOLD: #fˈaɾkə#}
1439   | ... | ... | ... | #fˈɑrmɑkum# | *#fˈɑrmɑkʊ# | *#fˈɑrmɑku# | *#fˈarmaku# | *#fˈaɾmɐku# | *#fˈaːɾmɐkə# | *#fˈaːɾmək# {GOLD: #fˈaɾmək#} | *#fˈaːɾmək# {GOLD: >*} | *#fˈaɾmək# {GOLD: #fˈaɾmək#} | *#fˈaɾmək# {GOLD: #fˈaɾmək#}
1440   | ... | ... | ... | #fˈɑːmɑ# | *#fˈɑːmɑ# | *#fˈɑmɑ# | *#fˈama# | *#fˈãma# | *#fˈama# | *#fˈamə# {GOLD: >*} | *#fˈamə# {GOLD: >*} | *#fˈamə# {GOLD: >*} | *#fˈamə# {GOLD: #fˈamə#}
1441   | ... | ... | ... | #fˈɑmulum# | *#fˈɑmʊlʊ# | *#fˈɑmulu# | *#fˈamulu# | *#fˈãmulu# | *#fˈamulˠə# | *#fˈamulˠ# {GOLD: >*} | *#fˈamulˠ# {GOLD: >*} | *#fˈamulˠ# {GOLD: >*} | *#fˈamulˠ# {GOLD: #fˈamulˠ#}
1442   | ... | ... | ... | #fˌenˈestrɑm# | *#fˌɛnˈɛstrɑ# | *#fˌɛnˈɛstrɑ# | *#fˌɛnˈɛstra# | *#fɪ̃ɾ̃ˈɛːʃtɾa# | *#fə̃ɾ̃ˈie̯ʃtɾa# | *#fə̃ɲˈɛʃtɾ̩# {GOLD: >*} | *#fə̃ɲˈɛʃtɾ̩# {GOLD: >*} | *#fəɲˈɛʃtɾ̩# {GOLD: >*} | *#fəɲˈɛʃtəɾ# {GOLD: #fəɲˈɛʃtəɾ#}
1443   | ... | ... | ... | ... | #fˌonnˈɑːrju# | *#fˌonːˈɑrju# | *#fˌonːˈeru# | *#fˌɔ̃nːˈeɾu# | *#fˌɔ̃nːˈɛːɾə# | *#fˌɔ̃nːˈɛːɾ# {GOLD: >*} | *#fˌɔ̃nˈɛːɾ# {GOLD: >*} | *#fɔnˈɛɾ# {GOLD: >*} | *#fɔnˈɛɾ# {GOLD: #fənˈɛɾ#}
1444   | ... | ... | ... | #fˌɑlkˈiːneɑ# | *#fˌɑlkˈinjɑ# | *#fˌɑlkˈiɲɑ# | *#fˌalcˈiɲa# | *#fəlcˈĩɲa# | *#fəlcˈĩɲa# | *#fl̩cˈĩɲə# {GOLD: #fəʎcˈĩɲə#} | *#fl̩cˈĩɲə# {GOLD: >*} | *#fl̩cˈiɲə# {GOLD: >*} | *#fəlcˈiɲə# {GOLD: #fəlcˈiɲə#}
1445   | ... | ... | ... | #frˌikˈɑːnioː# | *#frˌɪkˈɒːnju# | *#frˌikˈoɲu# | *#frˌikˈoɲu# | *#fɾˌikˈɔ̃ɲu# | *#fɾˌikˈɔ̃ɲə# | *#fɾ̩kˈɔ̃ɲ# {GOLD: >*} | *#fɾ̩kˈɔ̃ɲ# {GOLD: >*} | *#fɾ̩kˈɔɲ# {GOLD: >*} | *#fəɾkˈɔj# {GOLD: #fəɾkˈɔj#}
1446   | ... | ... | ... | #frˌiːɡulˈɑːnioː# | *#frˌiɡʊlˈɒːnju# | *#frˌiɡulˈoɲu# | *#frˌiɡulˈoɲu# | *#fɾˌiɡulˈɔ̃ɲu# | *#fɾˌiɡulˠˈɔ̃ɲə# | *#fɾ̩ɡəlˠˈɔ̃ɲ# {GOLD: >*} | *#fɾ̩ɡəlˠˈɔ̃ɲ# {GOLD: >*} | *#fɾ̩ɡəlˠˈɔɲ# {GOLD: >*} | *#fəɾɡəlˠˈɔj# {GOLD: #fəɾɡəlˠˈɔj#}
1447   | ... | ... | ... | #frˌiːɡˈonioː# | *#frˌiɡˈɒnju# | *#frˌiɡˈoɲu# | *#frˌiɡˈoɲu# | *#fɾˌiɡˈɔ̃ɲu# | *#fɾˌiɡˈɔ̃ɲə# | *#fɾ̩ɡˈɔ̃ɲ# {GOLD: >*} | *#fɾ̩ɡˈɔ̃ɲ# {GOLD: >*} | *#fɾ̩ɡˈɔɲ# {GOLD: >*} | *#fəɾɡˈɔj# {GOLD: #fəɾɡˈɔj#}
1448   | ... | ... | ... | #fˌebrˈɑːrium# | *#fˌɛβrˈɒːrjʊ# | *#fˌɛβrˈorju# | *#fˌɛwrˈoru# | *#fˌɛːɾˈɔɾu# | *#fˌɛːɾˈuo̯ɾə# | *#fˌɛːɾˈuo̯ɾ# {GOLD: #fəɾˈuo̯ɾ#} | *#fˌɛːɾˈua̯ɾ# {GOLD: ...} | ... {GOLD: ...} | ... {GOLD: ...}
1449   | ... | ... | ... | #fˌɑːrinˈɑːtɑ# | *#fˌɑːrɪnˈɑːtɑ# | *#fˌɑrenˈɑtɑ# | *#fˌarɑ̃ɾ̃ˈata# | *#fəɾə̃ɾ̃ˈata# | *#fərːˈata# | *#fərˈatə# {GOLD: >*} | *#fərˈatə# {GOLD: >*} | *#fərˈatə# {GOLD: >*} | *#fərˈatə# {GOLD: #fərˈatə#}
1450   | ... | ... | ... | #fˌɑːrinˈɑːnioː# | *#fˌɑːrɪnˈɒːnju# | *#fˌɑrenˈoɲu# | *#fˌarɑ̃ɾ̃ˈoɲu# | *#fəɾə̃ɾ̃ˈɔ̃ɲu# | *#fərːˈɔ̃ɲə# | *#fərˈɔ̃ɲ# {GOLD: >*} | *#fərˈɔ̃ɲ# {GOLD: >*} | *#fərˈɔɲ# {GOLD: >*} | *#fərˈɔj# {GOLD: #fərˈɔj#}
1451   | ... | ... | ... | #fˌɑmˈiliɑm# | *#fˌɑmˈiʎɑ# | *#fˌɑmˈiʎɑ# | *#fˌamˈiʎa# | *#fˌãmˈiʎa# | *#fˌãmˈiːʎa# | *#fˌʌ̃mˈiːʎə# {GOLD: #fəmˈiʎə#} | *#fˌə̃mˈiːʎə# {GOLD: >*} | *#fəmˈijə# {GOLD: >*} | *#fəmˈijə# {GOLD: #fəmˈijə#}
1452   | ... | ... | ... | ... | ... | #fˈɑnɡo# | *#fˈanɡo# | *#fˈãnɡɔ# | *#fˈãnɡə# | *#fˈʌ̃ŋɡ# {GOLD: #fˈãnɡ#} | *#fˈə̃ɲ̈ɡ# {GOLD: >*} | *#fˈəɲ̈ɡ# {GOLD: >*} | *#fˈəŋɡ# {GOLD: #fˈəŋɡ#}
1453   | ... | ... | ... | #fˌidˈɑːnioː# | *#fˌɪdˈɒːnju# | *#fˌedˈoɲu# | *#fɪðˈoɲu# | *#fjˈɔ̃ɲu# | *#fjˈɔ̃ɲə# | *#fjˈɔ̃ɲ# {GOLD: >*} | *#fjˈɔ̃ɲ# {GOLD: >*} | *#fjˈɔɲ# {GOLD: >*} | *#fjˈɔj# {GOLD: #fɛjˈɔj#}
1454   | ... | ... | ... | ... | ... | ... | ... | ... | ... | ... {GOLD: ...} | #fˈɛː# {GOLD: #fˈɛː#} | *#fˈɛ# {GOLD: >*} | *#fˈɛ# {GOLD: #fˈɛ#}
1455   | ... | ... | ... | #fˈilikɑm# | *#fˈɪlɪkɑ# | *#fˈelekɑ# | *#fˈelɪka# | *#fˈelɪka# | *#fˈɛːlka# | *#fˈɛːʎkə# {GOLD: >*} | *#fˈɛːʎkə# {GOLD: >*} | *#fˈɛjkə# {GOLD: >*} | *#fˈɛjkə# {GOLD: #fˈɛjkə#}
1456   | ... | ... | ... | #fˌɑwˈɑliɑm# | *#fˈɑwɑʎɑ# | *#fˈɑwɑʎɑ# | *#fˈawaʎa# | *#fˈaːɐʎa# | *#fˈaːɐʎa# | *#fˈɛːlːə# {GOLD: >*} | *#fˈɛːlːə# {GOLD: >*} | *#fˈɛlə# {GOLD: >*} | *#fˈɛlə# {GOLD: #fˈɛlə#}
1457   | ... | ... | ... | #ˌofˈellɑm# | *#ˌʊfˈɛllɑ# | *#ˌufˈɛlːɑ# | *#fˈɛlːa# | *#fˈɛlːa# | *#fˈɛːlːa# | *#fˈɛːlːə# {GOLD: >*} | *#fˈɛːlːə# {GOLD: >*} | *#fˈɛlə# {GOLD: >*} | *#fˈɛlə# {GOLD: #fˈɛlə#}
1458   | ... | ... | ... | #ˌiːnfˈernum# | *#ˌinfˈɛrnʊ# | *#ˌifˈɛrnu# | *#fˈɛrnu# | *#fˈɛɾnu# | *#fˈɛːrːə# | *#fˈɛːr# {GOLD: >*} | *#fˈɛːr# {GOLD: >*} | *#fˈɛr# {GOLD: >*} | *#fˈɛr# {GOLD: #fˈɛr#}
1459   | ... | ... | ... | #fˈeːminɑm# | *#fˈeːmɪnɑ# | *#fˈemenɑ# | *#fˈemɑ̃ɾ̃a# | *#fˈẽmɐɾ̃a# | *#fˈɛ̃mɐɾ̃a# | *#fˈɛ̃məɾ̃ə# {GOLD: #fˈɛ̃məɾ̃ə#} | *#fˈɛ̃məɾ̃# {GOLD: >*} | *#fˈɛməɾ# {GOLD: >*} | *#fˈɛməɾ# {GOLD: #fˈɛməɾ#}
1460   | ... | ... | ... | #fˌɑlliˈeːnioː# | *#fˌɑʎˈeːnju# | *#fˌɑʎˈeɲu# | *#fˌaʎˈeɲu# | *#fˌɐʎˈẽɲu# | *#fˌɐʎˈɛ̃ɲə# | *#fˌəʎˈɛ̃ɲ# {GOLD: >*} | *#fˌəʎˈɛ̃ɲ# {GOLD: #fəʎˈɛ̃ɲ#} | *#fjˈɛɲ# {GOLD: #fəjˈɛɲ#} | *#fjˈɛj# {GOLD: #fjˈɛj#}
1461   | ... | ... | ... | #fˌiliˈɑster# | *#fˌɪʎˈɑstɛr# | *#fˌeʎˈɑstɛr# | *#fˌeʎˈestɪr# | *#fɪʎˈeʃtɪɾ# | *#fəʎˈɛːʃtəɾ# | *#fəʎˈɛːʃtɾ̩# {GOLD: >*} | *#fəʎˈɛːʃtɾ̩# {GOLD: #fjˈɛʃtɾ̩#} | *#fjˈɛʃtɾ̩# {GOLD: >*} | *#fjˈɛʃtəɾ# {GOLD: #fjˈɛʃtəɾ#}
1462   | ... | ... | ... | #fˌiːleːˈolɑm# | *#fˌiʎˈɒlɑ# | *#fˌiʎˈolɑ# | *#fˌiðjˈola# | *#fɪʎˈɔla# | *#fəʎˈɔːlˠa# | *#fəʎˈɔːlˠə# {GOLD: >*} | *#fəʎˈɔːlˠə# {GOLD: >*} | *#fjˈɔlˠə# {GOLD: >*} | *#fjˈɔlˠə# {GOLD: #fjˈɔlˠə#}
1463   | ... | ... | ... | #fˌistulˈɑːnioː# | *#fˌɪstʊlˈɒːnju# | *#fˌestulˈoɲu# | *#fɪstulˈoɲu# | *#fˌiːʃtulˈɔ̃ɲu# | *#fˌiːʃtulˠˈɔ̃ɲə# | *#fˌiːʃtəlˠˈɔ̃ɲ# {GOLD: >*} | *#fˌiːʃtəlˠˈɔ̃ɲ# {GOLD: >*} | *#fiʃtəlˠˈɔɲ# {GOLD: >*} | *#fiʃtəlˠˈɔj# {GOLD: #fiʃkəlˠˈɔj#}
1464   | ... | ... | ... | #fˌiːliˈɑːnum# | *#fˌiʎˈɑːnʊ# | *#fˌiʎˈɑnu# | *#fˌiʎˈanu# | *#fɪʎˈãɾ̃u# | *#fəʎˈanːə# | *#fəʎˈanː# {GOLD: #fˌiʎˈɑ̃ɾ̃#} | *#fəʎˈan# {GOLD: ...} | ... {GOLD: ...} | ... {GOLD: ...}
1465   | ... | ... | ... | #fˈiːkum# | *#fˈikʊ# | *#fˈiku# | *#fˈiku# | *#fˈiku# | *#fˈikə# | *#fˈik# {GOLD: >*} | *#fˈik# {GOLD: >*} | *#fˈik# {GOLD: >*} | *#fˈik# {GOLD: #fˈik#}
1466   | ... | ... | ... | #fˈiːlum# | *#fˈilʊ# | *#fˈilu# | *#fˈilu# | *#fˈilu# | *#fˈiːlˠə# | *#fˈiːlˠ# {GOLD: >*} | *#fˈiːlˠ# {GOLD: >*} | *#fˈilˠ# {GOLD: >*} | *#fˈilˠ# {GOLD: #fˈilˠ#}
1467   | ... | ... | ... | #fˌɑktˈuːrɑm# | *#fˌɑktˈuːrɑ# | *#fˌɑçtˈyrɑ# | *#fˌajtˈyra# | *#fˌajtˈyɾa# | *#fˌajtˈyːɾa# | *#fˌajtˈyːɾə# {GOLD: #fətˈyɾə#} | *#fˌajtˈyːɾə# {GOLD: >*} | *#fajtˈyɾə# {GOLD: >*} | *#fajtˈyɾə# {GOLD: #fytˈyɾə#}
1468   | ... | ... | ... | ... | #fˌɑʎˈɒːɲu# | *#fˌɑˈoe̯ɲu# | *#fˌaˈoe̯ɲu# | *#fəˈœ̃ːɲu# | *#fəˈỹe̯ɲə# | *#fˈỹːe̯ɲ# {GOLD: >*} | *#fˈỹːe̯ɲ# {GOLD: >*} | *#fˈye̯ɲ# {GOLD: >*} | *#fˈye̯j# {GOLD: #fˈye̯j#}
1469   | ... | ... | ... | #fˌoliˈɑːtɑm# | *#fˌʊʎˈɑːtɑ# | *#fˌuʎˈɑtɑ# | *#fˌuʎˈata# | *#fˌuʎˈata# | *#fˌɔjlˈɛta# | *#fˌɔjlˈɛtə# {GOLD: >*} | *#fˌɔjlˈɛtə# {GOLD: >*} | *#fɔjlˈɛtə# {GOLD: >*} | *#fɔjlˈɛtə# {GOLD: #fɔjlˈɛtə#}
1470   | ... | ... | ... | #fˈortem# | *#fˈɒrtɛ# | *#fˈortɛ# | *#fˈortɪ# | *#fˈɔɾtɪ# | *#fˈɔːɾtə# | *#fˈɔːɾt# {GOLD: >*} | *#fˈɔːɾt# {GOLD: >*} | *#fˈɔɾt# {GOLD: >*} | *#fˈɔɾt# {GOLD: #fˈɔɾt#}
1471   | ... | ... | ... | #fˌoːrmˈellɑm# | *#fˌurmˈɛllɑ# | *#fˌurmˈɛlːɑ# | *#fˌurmˈɛlːa# | *#fˌuɾmˈɛlːa# | *#fˌuɾmˈɛːlːa# | *#fˌuɾmˈɛːlːə# {GOLD: >*} | *#fˌuɾmˈɛːlːə# {GOLD: >*} | *#fuɾmˈɛlə# {GOLD: >*} | *#fuɾmˈɛlə# {GOLD: #fˈɔɾbəl#}
1472   | ... | ... | ... | ... | ... | ... | #xˈɒldʊ# | *#xlˈɑːðə# | *#xlˈɑːðə# | *#xlˈaːð# {GOLD: >*} | *#hlˈaːð# {GOLD: >*} | *#hlˈað# {GOLD: >*} | *#hlˈað# {GOLD: #flˠˈad#}
1473   | ... | ... | ... | #fˌulkˈiːɑ# | *#fˌʊlkˈiɑ# | *#fˌulkˈijɑ# | *#fˌulcˈija# | *#fˌulcˈija# | *#fˌulcˈija# | *#fˌult͡ʃˈiː# {GOLD: >*} | *#fˌult͡ʃˈiː# {GOLD: >*} | *#fult͡ʃˈi# {GOLD: >*} | *#fult͡ʃˈi# {GOLD: #fucˈi#}
1474   | ... | ... | ... | #fˌuskinˈɑːrium# | *#fˌʊskɪnjˈɒːrjʊ# | *#fˌuskeɲˈorju# | *#fˌuscɪɲˈoru# | *#fˌuʃcɲˈɔɾu# | *#fˌuʃcɲˈaːɾə# | *#fˌuʒɲˈaːɾ# {GOLD: >*} | *#fˌuʒɲˈaːɾ# {GOLD: >*} | *#fuʒɲˈaɾ# {GOLD: >*} | *#fuʒɲˈaɾ# {GOLD: #fuʒɲˈaɾ#}
1475   | ... | ... | ... | #fˌilikˈeːtum# | *#fˌɪlɪkˈeːtʊ# | *#fˌelekˈetu# | *#fˌulːɪcˈetu# | *#fˌulːɪcˈetu# | *#fˌulːəcˈɛtə# | *#fˌulːəcˈɛt# {GOLD: >*} | *#fˌulːcˈɛt# {GOLD: >*} | *#fulcˈɛt# {GOLD: >*} | *#fulcˈɛt# {GOLD: #fulcˈɛt#}
1476   | ... | ... | ... | #flˌiktˈɑːriɑm# | *#flˌɪktˈɑːrjɑ# | *#flˌektˈɑrjɑ# | *#flˌektˈerja# | *#flˌektˈeɾja# | *#flˠˌɛtˈɛːɾja# | *#flˠˌɛtˈɛːɾɛ# {GOLD: #fɾ̩tˈɛɾɛ#} | *#flˠˌɛtˈɛːɾɛ# {GOLD: >*} | *#flˠɛtˈɛɾɛ# {GOLD: >*} | *#flˠɛtˈɛɾɛ# {GOLD: #fultˈɛɾɛ#}
1477   | ... | ... | ... | #fˌortˈuːnɑm# | *#fˌʊrtˈuːnɑ# | *#fˌurtˈynɑ# | *#fˌurtˈuna# | *#fˌuɾtˈũna# | *#fˌuɾtˈũna# | *#fˌuɾtˈũnə# {GOLD: >*} | *#fˌuɾtˈũnə# {GOLD: >*} | *#fuɾtˈunə# {GOLD: >*} | *#fuɾtˈunə# {GOLD: #fuɾtˈunə#}
1478   | ... | ... | ... | #fˌornikˈiːɑ# | *#fˌʊrnɪkˈiɑ# | *#fˌurnekˈijɑ# | *#fˌurnɪcˈija# | *#fˌuɾnɪcˈija# | *#fˌurːicˈija# | *#fˌuricˈiː# {GOLD: #fˌurəcˈiː#} | *#fˌuricˈiː# {GOLD: ...} | ... {GOLD: ...} | ... {GOLD: ...}
1479   | ... | ... | ... | #fˈossɑ# | *#fˈʊssɑ# | *#fˈussɑ# | *#fˈussa# | *#fˈuʃa# | *#fˈuːʃa# | *#fˈuːʃə# {GOLD: >*} | *#fˈuːʃə# {GOLD: >*} | *#fˈuʃə# {GOLD: >*} | *#fˈuʃə# {GOLD: #fˈuʃə#}
1480   | ... | ... | ... | #fˈustulum# | *#fˈʊstʊlʊ# | *#fˈustulu# | *#fˈustulu# | *#fˈuʃtulu# | *#fˈuːʃtulˠə# | *#fˈuːʃtulˠ# {GOLD: >*} | *#fˈuːʃtulˠ# {GOLD: >*} | *#fˈuʃtulˠ# {GOLD: >*} | *#fˈuʃtulˠ# {GOLD: #fˈuʃtulˠ#}
1481   | ... | ... | ... | #fˈuskinɑm# | *#fˈʊskɪnjɑ# | *#fˈuskeɲɑ# | *#fˈuscɪɲa# | *#fˈuʃcɲa# | *#fˈuːʃcɲa# | *#fˈuːʒɲə# {GOLD: #fˈuʃcĩɲə#} | *#fˈuːʒɲə# {GOLD: >*} | *#fˈuʒɲə# {GOLD: >*} | *#fˈuʒɲə# {GOLD: #fˈuʒɲə#}
1482   | ... | ... | ... | #fˈutuoː# | *#fˈʊtwu# | *#fˈutwu# | *#fˈutu# | *#fˈutu# | *#fˈutə# | *#fˈut# {GOLD: >*} | *#fˈut# {GOLD: >*} | *#fˈut# {GOLD: >*} | *#fˈut# {GOLD: #fˈut#}
1483   | ... | ... | ... | #fˈundum# | *#fˈʊndʊ# | *#fˈundu# | *#fˈundu# | *#fˈũndu# | *#fˈũndə# | *#fˈũnd# {GOLD: >*} | *#fˈũnd# {GOLD: #fˈũnd#} | *#fˈund# {GOLD: >*} | *#fˈund# {GOLD: #fˈund#}
1484   | ... | ... | ... | #fˈurkɑm# | *#fˈʊrkɑ# | *#fˈurkɑ# | *#fˈurka# | *#fˈuɾka# | *#fˈuːɾka# | *#fˈuːɾkə# {GOLD: >*} | *#fˈuːɾkə# {GOLD: >*} | *#fˈuɾkə# {GOLD: >*} | *#fˈuɾkə# {GOLD: #fˈuɾkə#}
1485   | ... | ... | ... | #fˈurnum# | *#fˈʊrnʊ# | *#fˈurnu# | *#fˈurnu# | *#fˈuɾnu# | *#fˈuːrːə# | *#fˈuːr# {GOLD: >*} | *#fˈuːr# {GOLD: >*} | *#fˈur# {GOLD: >*} | *#fˈur# {GOLD: #fˈur#}
1486   | ... | ... | ... | #fˈornikem# | *#fˈʊrnɪkɛ# | *#fˈurnekɛ# | *#fˈurnɪcɪ# | *#fˈuɾnɪcɪ# | *#fˈuːrːicə# | *#fˈuːric# {GOLD: #fˈuric#} | *#fˈuːric# {GOLD: >*} | *#fˈuric# {GOLD: >*} | *#fˈuric# {GOLD: #fˈuric#}
1487   | ... | ... | ... | #wˌiːkˈiːnum# | *#wˌikˈinʊ# | *#wˌikˈinu# | *#βˌicˈinu# | *#βɪcˈĩnu# | *#fcˈĩːnə# | *#fcˈĩː# {GOLD: #fcˈĩɲ#} | *#fcˈĩː# {GOLD: >*} | *#fcˈi# {GOLD: >*} | *#fcˈi# {GOLD: #fcˈi#}
1488   | ... | ... | ... | ... | #fˌɑkiˈɔlɑ# | *#fˌɑkjˈolɑ# | *#fˌacˈøla# | *#fəcˈœla# | *#fcˈɔːlˠa# | *#fcˈɔːlˠə# {GOLD: >*} | *#fcˈɔːlˠə# {GOLD: >*} | *#fcˈɔlˠə# {GOLD: >*} | *#fcˈɔlˠə# {GOLD: #fcˈɔlˠə#}
1489   | ... | ... | ... | #fˌossˈɑːtum# | *#fˌʊssˈɑːtʊ# | *#fˌussˈɑtu# | *#fˌussˈatu# | *#fˌuʃˈatu# | *#fʃˈatə# | *#fʃˈat# {GOLD: >*} | *#fʃˈat# {GOLD: >*} | *#fʃˈat# {GOLD: >*} | *#fʃˈat# {GOLD: #fʃˈat#}
1490   | ... | ... | ... | #wˌeːssˈiːkɑm# | *#wˌeːssˈikɑ# | *#wˌessˈikɑ# | *#βɪssˈika# | *#βɪʃˈika# | *#fʃˈika# | *#fʃˈikə# {GOLD: >*} | *#fʃˈikə# {GOLD: >*} | *#fʃˈikə# {GOLD: >*} | *#fʃˈikə# {GOLD: #fʃˈikə#}
1491   | ... | ... | ... | #fˌissˈikulɑ# | *#fˌɪssˈikʊlɑ# | *#fˌessˈikulɑ# | *#fɪssˈikula# | *#fɪʃˈikula# | *#fʃˈikulˠə# | *#fʃˈikulˠ# {GOLD: >*} | *#fʃˈikulˠ# {GOLD: >*} | *#fʃˈikulˠ# {GOLD: >*} | *#fʃˈikulˠ# {GOLD: #fʃˈikulˠ#}
1492   | ... | ... | ... | #wˌentˌilˈɑːnioː# | *#wˌɛntˌɪlˈɒːnju# | *#wˌɛtˌilˈoɲu# | *#βɪtˌilˈoɲu# | *#βɪtɪlˈɔ̃ɲu# | *#ftəlˠˈɔ̃ɲə# | *#ftəlˠˈɔ̃ɲ# {GOLD: >*} | *#ftəlˠˈɔ̃ɲ# {GOLD: >*} | *#ftilˠˈɔɲ# {GOLD: >*} | *#ftilˠˈɔj# {GOLD: #ftilˠˈɔj#}
1493   | ... | ... | ... | #wˌiːtˈɑːnioː# | *#wˌitˈɒːnju# | *#wˌitˈoɲu# | *#βɪtˈoɲu# | *#βɪtˈɔ̃ɲu# | *#ftˈɔ̃ɲə# | *#ftˈɔ̃ɲ# {GOLD: >*} | *#ftˈɔ̃ɲ# {GOLD: >*} | *#ftˈɔɲ# {GOLD: >*} | *#ftˈɔj# {GOLD: #ftˈɔj#}
1494   | ... | ... | ... | #kˌotˈoːneum# | *#kˌʊtˈɒːnjʊ# | *#ktˈoɲu# | *#ktˈoɲu# | *#ktˈɔ̃ɲu# | *#ftˈɔ̃ɲə# | *#ftˈɔ̃ɲ# {GOLD: #ftˈɔ̃ɲ#} | *#ftˈɔ̃ɲ# {GOLD: >*} | *#ftˈɔɲ# {GOLD: >*} | *#ftˈɔj# {GOLD: #ftˈɔj#}
1495   | ... | ... | ... | #wˌitˈuleɑ# | *#wˌɪtˈʊʎɑ# | *#wˌetˈuʎɑ# | *#βɪtˈuʎa# | *#βɪtˈuʎa# | *#ftˈuːʎa# | *#ftˈuːʎə# {GOLD: >*} | *#ftˈuːʎə# {GOLD: #fətˈuʎə#} | *#ftˈujə# {GOLD: >*} | *#ftˈujə# {GOLD: #ftˈujə#}
1496   | ... | ... | ... | ... | ... | ... | ... | #flˌamˈuːri# | *#flˌamˈuːrə# | *#flˌamˈuːɾ# {GOLD: >*} | *#flˌamˈuːɾ# {GOLD: >*} | *#flamˈuɾ# {GOLD: >*} | *#flamˈuɾ# {GOLD: #flamˈuɾ#}
1497   | ... | ... | ... | #flˈɑkulɑ# | *#flˈɑkʊlɑ# | *#flˈɑkulɑ# | *#flˈakula# | *#flˈakula# | *#flˈakulˠə# | *#flˈakulˠ# {GOLD: >*} | *#flˈakulˠ# {GOLD: >*} | *#flˈakulˠ# {GOLD: >*} | *#flˈakulˠ# {GOLD: #flˈakə#}
1498   | ... | ... | ... | #flˈɑkulɑ# | *#flˈɑkʊlɑ# | *#flˈɑkulɑ# | *#flˈakula# | *#flˈakula# | *#flˈakulˠə# | *#flˈakulˠ# {GOLD: #flˈakəɾ̃a#} | *#flˈakulˠ# {GOLD: >*} | *#flˈakulˠ# {GOLD: >*} | *#flˈakulˠ# {GOLD: #flˈakəɾa#}
1499   | ... | ... | ... | ... | #flˈɑskɑ# | *#flˈɑskɑ# | *#flˈaska# | *#flˈaʃka# | *#flˈaːʃka# | *#flˈaːʃkə# {GOLD: >*} | *#flˈaːʃkə# {GOLD: >*} | *#flˈaʃkə# {GOLD: >*} | *#flˈaʃkə# {GOLD: #flˈaʃkə#}
1500   | ... | ... | ... | #flˈɑːminɑ# | *#flˈɑːmɪnjɑ# | *#flˈɑmeɲɑ# | *#flˈamɪɲa# | *#flˈãmɲa# | *#flˈamːa# | *#flˈamːə# {GOLD: >*} | *#flˈamə# {GOLD: >*} | *#flˈamə# {GOLD: >*} | *#flˈamə# {GOLD: #flˈamə#}
1501   | ... | ... | ... | #fˌɑllˈeːnioː# | *#fˌɑllˈeːnju# | *#fˌɑlːˈeɲu# | *#fˌalːˈeɲu# | *#fəlːˈẽɲu# | *#fəlːˈɛ̃ɲə# | *#fəlːˈɛ̃ɲ# {GOLD: >*} | *#fəlːˈɛ̃ɲ# {GOLD: #fəlˈɛ̃ɲ#} | *#flˈɛɲ# {GOLD: >*} | *#flˈɛj# {GOLD: #flˈɛj#}
1502   | ... | ... | ... | #fˌiriɡilˈiːnum# | *#fˌɪrɪɡɪlˈinʊ# | *#fˌirɡelˈinu# | *#fˌirɡlˈinu# | *#fəɾɡlˈĩnu# | *#fəɾɡlˈĩːnə# | *#fəlˈĩː# {GOLD: #fɾ̩lˈĩː#} | *#fəlˈĩː# {GOLD: >*} | *#flˈi# {GOLD: >*} | *#flˈi# {GOLD: #flˈi#}
1503   | ... | ... | ... | #flˌorˈiːnum# | *#flˌɒrˈinʊ# | *#flˌorˈinu# | *#flˌorˈinu# | *#flˌɔɾˈĩnu# | *#flˌɔɾˈĩːnə# | *#flˌɔɾˈĩː# {GOLD: #flɔɾˈĩː#} | *#flˌɔɾˈĩː# {GOLD: >*} | *#flɔɾˈi# {GOLD: >*} | *#flɔɾˈi# {GOLD: #flɔɾˈi#}
1504   | ... | ... | ... | #flˈokkum# | *#flˈɒkkʊ# | *#flˈokku# | *#flˈokku# | *#flˈɔku# | *#flˈɔkə# | *#flˈɔk# {GOLD: >*} | *#flˈɔk# {GOLD: >*} | *#flˈɔk# {GOLD: >*} | *#flˈɔk# {GOLD: #flˈɔk#}
1505   | ... | ... | ... | #flˌuktulˈɑːnioː# | *#flˌʊktʊlˈɒːnju# | *#flˌuktulˈoɲu# | *#flˌuktulˈoɲu# | *#flˌuktulˈɔ̃ɲu# | *#flˌutulˠˈɔ̃ɲə# | *#flˌutulˠˈɔ̃ɲ# {GOLD: >*} | *#flˌutulˠˈɔ̃ɲ# {GOLD: >*} | *#flutulˠˈɔɲ# {GOLD: >*} | *#flutulˠˈɔj# {GOLD: #flutuɾˈɔj#}
1506   | ... | ... | ... | #frˌɑseˈolum# | *#frˌɑsjˈɒlʊ# | *#frˌɑsjˈolu# | *#frˌasˈolu# | *#fɾˌaʃˈɔlu# | *#fɾˌaʃˈuo̯lˠə# | *#fɾˌaʃˈuo̯lˠ# {GOLD: #fɾaʃˈuo̯lˠ#} | *#fɾˌaʃˈua̯lˠ# {GOLD: >*} | *#fɾaʃˈua̯lˠ# {GOLD: >*} | *#fɾaʃˈua̯lˠ# {GOLD: #fɾaʃˈua̯lˠ#}
1507   | ... | ... | ... | ... | ... | ... | ... | #frˌant͡sˈɔla# | *#frˌand͡zˈɔːlˠa# | *#fɾˌand͡zˈɔːlˠə# {GOLD: >*} | *#fɾˌand͡zˈɔːlˠə# {GOLD: >*} | *#fɾand͡zˈɔlˠə# {GOLD: >*} | *#fɾand͡zˈɔlˠə# {GOLD: #fɾand͡zˈɔlˠə#}
1508   | ... | ... | ... | #frˈɑksinum# | *#frˈɑksɪnʊ# | *#frˈɑksenu# | *#frˈaksɑ̃ɾ̃u# | *#fɾˈakʃɐɾ̃u# | *#fɾˈaːʃɐɾ̃ə# | *#fɾˈaːʃəɾ̃# {GOLD: >*} | *#fɾˈaːʃəɾ̃# {GOLD: >*} | *#fɾˈaʃəɾ# {GOLD: >*} | *#fɾˈaʃəɾ# {GOLD: #fɾˈaʃəɾ#}
1509   | ... | ... | ... | ... | ... | ... | #frˌɑnkˈiɑ# | *#fɾˌɑ̃ncˈiɑ# | *#fɾˌɑ̃ncˈiɑ# | *#fɾˌʌ̃ɲɟˈiː# {GOLD: >*} | *#fɾˌə̃ɲɟˈiː# {GOLD: >*} | *#fɾəɲɟˈi# {GOLD: >*} | *#fɾəɲɟˈi# {GOLD: #fɾəɲɟˈi#}
1510   | ... | ... | ... | ... | ... | ... | #frˈɑnku# | *#fɾˈɑ̃nku# | *#fɾˈɑ̃nɡə# | *#fɾˈʌ̃ŋɡ# {GOLD: >*} | *#fɾˈə̃ɲ̈ɡ# {GOLD: >*} | *#fɾˈəɲ̈ɡ# {GOLD: >*} | *#fɾˈəŋɡ# {GOLD: #fɾˈəŋɡ#}
1511   | ... | ... | ... | #frˈeːnum# | *#frˈeːnʊ# | *#frˈenu# | *#frˈenu# | *#fɾˈẽɾ̃u# | *#fɾˈɛ̃ːɾ̃ə# | *#fɾˈɛ̃ː# {GOLD: #fɾˈɛ̃ː#} | *#fɾˈɛ̃ː# {GOLD: >*} | *#fɾˈɛ# {GOLD: >*} | *#fɾˈɛ# {GOLD: #fɾˈɛ#}
1512   | ... | ... | ... | #frˈeːnɑ# | *#frˈeːnɑ# | *#frˈenɑ# | *#frˈena# | *#fɾˈẽɾ̃a# | *#fɾˈɛ̃ɾ̃a# | *#fɾˈɛ̃ɾ̃ə# {GOLD: #fɾˈɛ̃ɾə#} | *#fɾˈɛ̃ɾ̃ə# {GOLD: >*} | *#fɾˈɛɾə# {GOLD: >*} | *#fɾˈɛɾə# {GOLD: #fɾˈɛɾə#}
1513   | ... | ... | ... | #frˈuːktum# | *#frˈuːktʊ# | *#frˈyçtu# | *#frˈytu# | *#fɾˈytu# | *#fɾˈytə# | *#fɾˈyt# {GOLD: >*} | *#fɾˈyt# {GOLD: >*} | *#fɾˈyt# {GOLD: >*} | *#fɾˈyt# {GOLD: #fɾˈyt#}
1514   | ... | ... | ... | #fˌerrˈuskɑm# | *#fˌɛrrˈʊskɑ# | *#fˌɛrrˈuskɑ# | *#fˌɛrrˈuska# | *#fɪɾɾˈuʃka# | *#fərːˈuːʃka# | *#fɾˈuːʃkə# {GOLD: >*} | *#fɾˈuːʃkə# {GOLD: >*} | *#fɾˈuʃkə# {GOLD: >*} | *#fɾˈuʃkə# {GOLD: #fɾˈuʃkə#}
1515   | ... | ... | ... | ... | ... | ... | #wˌɒlkˈɒwʊ# | *#wˌɒlkˈɔə̯# | *#wˌɒlkˈuo̯# | *#wˌɔlˠkˈuo̯# {GOLD: >*} | *#vˌalˠkˈua̯# {GOLD: >*} | *#valˠkˈua̯# {GOLD: >*} | *#valˠkˈua̯# {GOLD: #valˠkˈua̯#}
1516   | ... | ... | ... | #ˈoleum# | *#ˈɒʎʊ# | *#ˈoʎu# | *#ˈoʎu# | *#ˈɔːʎu# | *#ˈuo̯ʎə# | *#wˈɔʎ# {GOLD: #wˈɔʎ#} | *#vˈaʎ# {GOLD: >*} | *#vˈaj# {GOLD: >*} | *#vˈaj# {GOLD: #vˈaj#}
1517   | ... | ... | ... | #wˈɑkum# | *#wˈɑkʊ# | *#wˈɑku# | *#βˈaku# | *#βˈaku# | *#vˈakə# | *#vˈak# {GOLD: >*} | *#vˈak# {GOLD: >*} | *#vˈak# {GOLD: >*} | *#vˈak# {GOLD: #vˈak#}
1518   | ... | ... | ... | #wˈolɑ# | *#wˈɒlɑ# | *#wˈolɑ# | *#βˈola# | *#βˈɔla# | *#vˈɔːlˠa# | *#vˈɔːlˠə# {GOLD: #wˈɔlˠə#} | *#vˈɔːlˠə# {GOLD: >*} | *#vˈɔlˠə# {GOLD: >*} | *#vˈɔlˠə# {GOLD: #vˈalˠə#}
1519   | ... | ... | ... | #ˈoleɑstrum# | *#ˈɒʎɑstrʊ# | *#ˈostru# | *#ˈostru# | *#ˈɔːʃtɾu# | *#ˈuo̯ʃtɾə# | *#wˈɔʃtɾ̩# {GOLD: #wˈɔʃtɾ̩#} | *#vˈaʃtɾ̩# {GOLD: >*} | *#vˈaʃtɾ̩# {GOLD: >*} | *#vˈaʃtəɾ# {GOLD: #vˈaʃtəɾ#}
1520   | ... | ... | ... | #wˈɑllem# | *#wˈɑllɛ# | *#wˈɑlːɛ# | *#βˈalːɪ# | *#βˈalːɪ# | *#vˈaːlːə# | *#vˈaːlː# {GOLD: >*} | *#vˈaːlː# {GOLD: >*} | *#vˈal# {GOLD: >*} | *#vˈal# {GOLD: #vˈal#}
1521   | ... | ... | #ɦˈorɡon# | *#ˈorɡon# | *#ˈɒrɡʊ# | *#ˈorɡu# | *#ˈorɡu# | *#ˈɔːɾɡu# | *#ˈuo̯ɾɡə# | *#wˈɔɾɡ# {GOLD: >*} | *#vˈaɾɡ# {GOLD: >*} | *#vˈaɾɡ# {GOLD: >*} | *#vˈaɾɡ# {GOLD: #vˈaɾɡ#}
1522   | ... | ... | ... | #wˌirɡˈɑːnum# | *#wˌɪrɡˈɑːnʊ# | *#wˌirɡˈɑnu# | *#βˌirɡˈanu# | *#βəɾɡˈãɾ̃u# | *#vəɾɡˈãɾ̃ə# | *#vɾ̩ɡˈʌ̃ɾ̃# {GOLD: #vˌɾ̩ɡˈɑ̃ɾ̃#} | *#vɾ̩ɡˈə̃ɾ̃# {GOLD: >*} | *#vˈɾ̩ɡəɾ# {GOLD: #vˈəɾɡəɾə#} | *#vˈəɾɡəɾ# {GOLD: #vˈaɾɡəɾ#}
1523   | ... | ... | ... | #ˈorfɑnum# | *#ˈɒrfɑnʊ# | *#ˈorfɑnu# | *#ˈorfɑ̃ɾ̃u# | *#ˈɔːɾfɐɾ̃u# | *#ˈuo̯ɾfɐɾ̃ə# | *#wˈɔɾfəɾ̃# {GOLD: #wˈɔɾfəɾ̃ə#} | *#vˈaɾfəɾ̃# {GOLD: >*} | *#vˈaɾfəɾ# {GOLD: >*} | *#vˈaɾfəɾ# {GOLD: #vˈaɾfəɾ#}
1524   | ... | ... | ... | #ˈornum# | *#ˈɒrnʊ# | *#ˈornu# | *#ˈornu# | *#ˈɔːɾnu# | *#ˈuo̯rːə# | *#wˈɔr# {GOLD: #wˈɔr#} | *#vˈar# {GOLD: >*} | *#vˈar# {GOLD: >*} | *#vˈar# {GOLD: #vˈar#}
1525   | ... | ... | ... | #wˈɑpɑ# | *#wˈɑpɑ# | *#wˈɑpɑ# | *#βˈapa# | *#βˈapa# | *#vˈapa# | *#vˈapə# {GOLD: >*} | *#vˈapə# {GOLD: >*} | *#vˈapə# {GOLD: >*} | *#vˈapə# {GOLD: #vˈapə#}
1526   | ... | ... | ... | #wˌiɡˈiliɑj# | *#wˌɪɡˈiʎɑj# | *#wˌiɡˈijlɑj# | *#βˌiɟˈijlaj# | *#βɪɟˈilaj# | *#vəɟˈiːlˠaj# | *#vəɟˈiːlˠɛː# {GOLD: >*} | *#vəɟˈiːlˠɛː# {GOLD: >*} | *#vəɟˈilˠɛ# {GOLD: >*} | *#vəɟˈilˠɛ# {GOLD: #vəɟˈilˠɛ#}
1527   | ... | ... | ... | #wˌisitˈɑːnioː# | *#wˌɪsɪtˈɒːnju# | *#wˌestˈoɲu# | *#βɪstˈoɲu# | *#βɪʃtˈɔ̃ɲu# | *#vəʃtˈɔ̃ɲə# | *#vəʃtˈɔ̃ɲ# {GOLD: >*} | *#vəʃtˈɔ̃ɲ# {GOLD: >*} | *#vəʃtˈɔɲ# {GOLD: >*} | *#vəʃtˈɔj# {GOLD: #vəʃtˈɔj#}
1528   | ... | ... | ... | ... | ... | ... | #sʊwˌɪrstɪnˈikʊ# | *#ʃwˌɪɾʃtnˈikə# | *#ʃwˌɪɾʃtnˈikə# | *#vˌəʃnˈik# {GOLD: >*} | *#vˌəʃnˈik# {GOLD: >*} | *#vəʃnˈik# {GOLD: >*} | *#vəʃnˈik# {GOLD: #vəʃnˈik#}
1529   | ... | ... | ... | #wˌestiɡˈɑːnioː# | *#wˌɛstɪɡˈɒːnju# | *#wˌɛsteɡˈoɲu# | *#βˌɛstɡˈoɲu# | *#βɪʃtɡˈɔ̃ɲu# | *#vəʃtɡˈɔ̃ɲə# | *#vəʒɡˈɔ̃ɲ# {GOLD: >*} | *#vəʒɡˈɔ̃ɲ# {GOLD: >*} | *#vəʒɡˈɔɲ# {GOLD: #vəʃɡˈɔj#} | *#vəʒɡˈɔj# {GOLD: #vəʒɡˈɔj#}
1530   | ... | ... | ... | #wˌersˈɑːnioː# | *#wˌɛrsˈɒːnju# | *#wˌɛrsˈoɲu# | *#βˌɛrsˈoɲu# | *#βəɾʃˈɔ̃ɲu# | *#vəɾʃˈɔ̃ɲə# | *#vɾ̩ʃˈɔ̃ɲ# {GOLD: >*} | *#vɾ̩ʃˈɔ̃ɲ# {GOLD: >*} | *#vɾ̩ʃˈɔɲ# {GOLD: >*} | *#vəɾʃˈɔj# {GOLD: #vəɾʃˈɔj#}
1531   | ... | ... | ... | #wˌeːritˈɑːtem# | *#wˌeːrɪtˈɑːtɛ# | *#wˌertˈɑtɛ# | *#βˌertˈetɪ# | *#βɪɾtˈetɪ# | *#vəɾtˈɛtə# | *#vɾ̩tˈɛt# {GOLD: #vɾ̩tˈæt#} | *#vɾ̩tˈɛt# {GOLD: >*} | *#vɾ̩tˈɛt# {GOLD: >*} | *#vəɾtˈɛt# {GOLD: #vəɾtˈɛt#}
1532   | ... | ... | ... | ... | ... | ... | #wˌɪrtˈætɪ# | *#wˌɪɾtˈiːtɪ# | *#wˌɪɾtˈiːtə# | *#wɾ̩tˈiːt# {GOLD: >*} | *#vɾ̩tˈiːt# {GOLD: >*} | *#vɾ̩tˈit# {GOLD: >*} | *#vəɾtˈit# {GOLD: #vəɾtˈit#}
1533   | ... | ... | ... | #wˌirtˈuːtem# | *#wˌɪrtˈuːtɛ# | *#wˌertˈytɛ# | *#βˌertˈytɪ# | *#βɪɾtˈytɪ# | *#vəɾtˈytə# | *#vɾ̩tˈyt# {GOLD: #vˌɾ̩tˈyt#} | *#vɾ̩tˈyt# {GOLD: >*} | *#vɾ̩tˈyt# {GOLD: >*} | *#vəɾtˈyt# {GOLD: #vəɾtˈyt#}
1534   | ... | ... | ... | ... | ... | ... | ... | ... | #sʊβˌɪrstɪnˈikʊ# | *#vɾ̩snˈik# {GOLD: >*} | *#vɾ̩snˈik# {GOLD: >*} | *#vɾ̩snˈik# {GOLD: >*} | *#vəɾsnˈik# {GOLD: #vəɾsnˈik#}
1535   | ... | ... | ... | ... | ... | ... | #wˌɪrwˈitɪ# | *#wˌɪɾwˈitɪ# | *#wˌɪɾwˈitə# | *#wɾ̩vˈit# {GOLD: >*} | *#vɾ̩vˈit# {GOLD: >*} | *#vɾ̩vˈit# {GOLD: >*} | *#vəɾvˈit# {GOLD: #vəɾvˈit#}
1536   | ... | ... | ... | ... | ... | ... | #wˌɪrbɪnˈikʊ# | *#wˌɪɾbnˈikə# | *#wˌɪɾmːˈikə# | *#wɾ̩mːˈik# {GOLD: >*} | *#vɾ̩mˈik# {GOLD: >*} | *#vɾ̩mˈik# {GOLD: >*} | *#vəɾmˈik# {GOLD: #vəɾmˈik#}
1537   | ... | ... | ... | #hˌibernˈiːnum# | *#hˌɪβɛrnˈinʊ# | *#hˌevɛrnˈinu# | *#vɪrnˈinu# | *#vɪɾnˈĩnu# | *#vərːˈĩːnə# | *#vərˈĩː# {GOLD: #vərˈĩː#} | *#vərˈĩː# {GOLD: >*} | *#vərˈi# {GOLD: >*} | *#vərˈi# {GOLD: #vərˈi#}
1538   | ... | ... | ... | #hˌibˌernˈiːdiɑ# | *#hˌɪβˌɛrnˈid͡ʒjɑ# | *#hˌevˌɛrnˈid͡ʒjɑ# | *#vˌɛrnˈid͡ʒa# | *#vɪɾnˈiza# | *#vərːˈiːza# | *#vərˈiːzə# {GOLD: #vərˈizə#} | *#vərˈiːzə# {GOLD: >*} | *#vərˈizə# {GOLD: >*} | *#vərˈizə# {GOLD: #vərˈizə#}
1539   | ... | ... | ... | ... | ... | ... | ... | ... | #βrˈət͡ʃβɑ# | *#vɾˈət͡ʃə# {GOLD: >*} | *#vɾˈət͡ʃə# {GOLD: >*} | *#vɾˈət͡ʃə# {GOLD: >*} | *#vɾˈət͡ʃə# {GOLD: #vˈəɾt͡ʃə#}
1540   | ... | ... | ... | ... | ... | ... | ... | ... | #βˈɪrstɑ# | *#vˈɛɾstə# {GOLD: >*} | *#vˈɛɾstə# {GOLD: >*} | *#vˈɛɾstə# {GOLD: >*} | *#vˈɛɾstə# {GOLD: #vˈəɾsə#}
1541   | ... | ... | ... | #wˌɑɡˈɑːnioː# | *#wˌɑɡˈɒːnju# | *#wˌɑɡˈoɲu# | *#βˌaɡˈoɲu# | *#βˌɐɡˈɔ̃ɲu# | *#vˌɐɡˈɔ̃ɲə# | *#vˌəɡˈɔ̃ɲ# {GOLD: >*} | *#vˌəɡˈɔ̃ɲ# {GOLD: >*} | *#vəɡˈɔɲ# {GOLD: >*} | *#vəɡˈɔj# {GOLD: #vɛɡˈɔj#}
1542   | ... | ... | ... | #wˌittˈulɑ# | *#wˌɪttˈʊlɑ# | *#wˌettˈulɑ# | *#βˌettˈula# | *#βˌɛːtˈula# | *#vˌɛːtˈuːlˠa# | *#vˌɛːtˈuːlˠə# {GOLD: >*} | *#vˌɛːtˈuːlˠə# {GOLD: >*} | *#vɛtˈulˠə# {GOLD: >*} | *#vɛtˈulˠə# {GOLD: #vɛtˈulˠə#}
1543   | ... | ... | ... | ... | ... | ... | ... | #βˌɛlˈɛnt͡sa# | *#vˌɛlˈɛnd͡za# | *#vˌɛlˈɛnd͡zə# {GOLD: >*} | *#vˌɛlˈɛnd͡zə# {GOLD: >*} | *#vɛlˈɛnd͡zə# {GOLD: >*} | *#vɛlˈɛnd͡zə# {GOLD: #vɛlˈɛnd͡zə#}
1544   | ... | ... | ... | #ˈoːwɑ# | *#ˈoːwɑ# | *#ˈøwɑ# | *#ˈøa# | *#ˈœːa# | *#ˈye̯e̯# | *#wˈɛe̯# {GOLD: #wˈɔe̯#} | *#vˈɛː# {GOLD: #vˈɔe̯#} | *#vˈɛ# {GOLD: #vˈae̯#} | *#vˈɛ# {GOLD: #vˈɛ#}
1545   | ... | ... | ... | #wˈestioː# | *#wˈɛst͡ʃju# | *#wˈɛst͡ʃju# | *#βˈɛst͡ʃu# | *#βˈɛʃu# | *#vˈɛːʃə# | *#vˈɛːʃ# {GOLD: >*} | *#vˈɛːʃ# {GOLD: >*} | *#vˈɛʃ# {GOLD: >*} | *#vˈɛʃ# {GOLD: #vˈɛʃ#}
1546   | ... | ... | ... | #wˈeːskum# | *#wˈeːskʊ# | *#wˈesku# | *#βˈesku# | *#βˈeʃku# | *#vˈɛːʃkə# | *#vˈɛːʃk# {GOLD: >*} | *#vˈɛːʃk# {GOLD: >*} | *#vˈɛʃk# {GOLD: >*} | *#vˈɛʃk# {GOLD: #vˈɛʃk#}
1547   | ... | ... | ... | #wˈiskum# | *#wˈɪskʊ# | *#wˈesku# | *#βˈesku# | *#βˈeʃku# | *#vˈɛːʃkə# | *#vˈɛːʃk# {GOLD: >*} | *#vˈɛːʃk# {GOLD: >*} | *#vˈɛʃk# {GOLD: >*} | *#vˈɛʃk# {GOLD: #vˈɛʃk#}
1548   | ... | ... | ... | #wˈistulum# | *#wˈɪstʊlʊ# | *#wˈestulu# | *#βˈestulu# | *#βˈeʃtulu# | *#vˈɛːʃtulˠə# | *#vˈɛːʃtulˠ# {GOLD: >*} | *#vˈɛːʃtulˠ# {GOLD: >*} | *#vˈɛʃtulˠ# {GOLD: >*} | *#vˈɛʃtulˠ# {GOLD: #vˈɛʃtulˠ#}
1549   | ... | ... | ... | ... | ... | ... | ... | ... | #βˈædrɒ# | *#vˈɛdɾ̩# {GOLD: >*} | *#vˈɛdɾ̩# {GOLD: >*} | *#vˈɛdɾ̩# {GOLD: >*} | *#vˈɛdəɾ# {GOLD: #vˈɛdəɾ#}
1550   | ... | ... | ... | #wˈitium# | *#wˈɪt͡ʃjʊ# | *#wˈet͡ʃju# | *#βˈet͡ʃu# | *#βˈesu# | *#vˈɛːsə# | *#vˈɛːs# {GOLD: >*} | *#vˈɛːs# {GOLD: >*} | *#vˈɛs# {GOLD: >*} | *#vˈɛs# {GOLD: #vˈɛs#}
1551   | ... | ... | ... | #ˌoːwˈɑːtiɑ# | *#ˈoːwɑːt͡ʃjɑ# | *#ˈøwɑt͡ʃjɑ# | *#ˈøat͡ʃa# | *#ˈœːɐsa# | *#ˈye̯e̯sa# | *#wˈɛe̯sə# {GOLD: #wˈɔɛsə#} | *#vˈɛːsə# {GOLD: #vˈɔe̯sə#} | *#vˈɛsə# {GOLD: #vˈae̯sə#} | *#vˈɛsə# {GOLD: #vˈɛsə#}
1552   | ... | ... | ... | #ˌɑːwˈentum# | *#ˌɑːwˈɛntʊ# | *#ˌɑvˈɛntu# | *#vˈɛntu# | *#vˈɛ̃ntu# | *#vˈɛ̃ndə# | *#vˈɛ̃nd# {GOLD: #vˈɛ̃nt#} | *#vˈɛ̃nd# {GOLD: >*} | *#vˈɛnd# {GOLD: >*} | *#vˈɛnd# {GOLD: #vˈɛnd#}
1553   | ... | ... | ... | #wˈeːlum# | *#wˈeːlʊ# | *#wˈelu# | *#βˈelu# | *#βˈelu# | *#vˈɛːlˠə# | *#vˈɛːlˠ# {GOLD: >*} | *#vˈɛːlˠ# {GOLD: >*} | *#vˈɛlˠ# {GOLD: >*} | *#vˈɛlˠ# {GOLD: #vˈɛl#}
1554   | ... | ... | ... | #wˈeːrɑ# | *#wˈeːrɑ# | *#wˈerɑ# | *#βˈera# | *#βˈeɾa# | *#vˈɛːɾa# | *#vˈɛːɾə# {GOLD: >*} | *#vˈɛːɾə# {GOLD: >*} | *#vˈɛɾə# {GOLD: >*} | *#vˈɛɾə# {GOLD: #vˈɛɾə#}
1555   | ... | ... | ... | #wˈiridem# | *#wˈɪrɪdɛ# | *#wˈerdɛ# | *#βˈerðɪ# | *#βˈeɾðɪ# | *#vˈɛːɾðə# | *#vˈɛːɾð# {GOLD: #vˈɛɾð#} | *#vˈɛːɾð# {GOLD: >*} | *#vˈɛɾð# {GOLD: >*} | *#vˈɛɾð# {GOLD: #vˈɛɾð#}
1556   | ... | ... | ... | #ˈoːrbum# | *#ˈoːrbʊ# | *#ˈørbu# | *#ˈørbu# | *#ˈœːɾbu# | *#ˈye̯ɾbə# | *#wˈɛɾb# {GOLD: #vˈɛɾb#} | *#vˈɛɾb# {GOLD: >*} | *#vˈɛɾb# {GOLD: >*} | *#vˈɛɾb# {GOLD: #vˈɛɾb#}
1557   | ... | ... | ... | #ˌinwˈernum# | *#ˌɪnwˈɛrnʊ# | *#ˌevˈɛrnu# | *#vˈɛrnu# | *#vˈɛɾnu# | *#vˈɛːrːə# | *#vˈɛːr# {GOLD: >*} | *#vˈɛːr# {GOLD: >*} | *#vˈɛr# {GOLD: >*} | *#vˈɛr# {GOLD: #vˈɛr#}
1558   | ... | ... | ... | #ˈoperɑ# | *#ˈɒpɛrɑ# | *#ˈopɛrɑ# | *#ˈøpɪra# | *#ˈœːpɪɾa# | *#ˈye̯pəɾa# | *#wˈɛpəɾə# {GOLD: >*} | *#vˈɛpəɾ# {GOLD: >*} | *#vˈɛpəɾ# {GOLD: #vˈɛpəɾ#} | *#vˈɛpəɾ# {GOLD: #vˈɛpəɾ#}
1559   | ... | ... | ... | ... | #wˌɑʎˈeːɲu# | *#wˌɑʎˈeɲu# | *#βˌaʎˈeɲu# | *#βˌɐʎˈẽɲu# | *#vˌɐʎˈɛ̃ɲə# | *#vˌəʎˈɛ̃ɲ# {GOLD: #vœʎˈɛ̃ɲ#} | *#vˌəʎˈɛ̃ɲ# {GOLD: >*} | *#vjˈɛɲ# {GOLD: #vəjˈɛɲ#} | *#vjˈɛj# {GOLD: #vjˈɛj#}
1560   | ... | ... | ... | #wˈeterem# | *#wˈɛtɛrɛ# | *#wˈɛtɛrɛ# | *#βˈɛtɪrɪ# | *#βˈɛːtɪɾɪ# | *#vˈie̯təɾə# | *#vjˈɛtɾ̩# {GOLD: #vjˈɛtɾ̩#} | *#vjˈɛtɾ̩# {GOLD: >*} | *#vjˈɛtɾ̩# {GOLD: >*} | *#vjˈɛtəɾ# {GOLD: #vjˈɛtəɾ#}
1561   | ... | ... | ... | #wˈersɑm# | *#wˈɛrsɑ# | *#wˈɛrsɑ# | *#βˈɛrsa# | *#βˈɛːɾʃa# | *#vˈie̯ɾʃa# | *#vjˈɛɾʃə# {GOLD: >*} | *#vjˈɛɾʃə# {GOLD: >*} | *#vjˈɛɾʃə# {GOLD: >*} | *#vjˈɛɾʃə# {GOLD: #vjˈɛɾʃə#}
1562   | ... | ... | ... | #wˈiridɑm# | *#wˈɪrɪdɑ# | *#wˈerdɑ# | *#βˈerða# | *#βˈeɾða# | *#vˈɛːɾða# | *#vˈɛːɾðə# {GOLD: >*} | *#vˈɛːɾðə# {GOLD: >*} | *#vˈɛɾðə# {GOLD: >*} | *#vˈɛɾðə# {GOLD: #vjˈɛɾðə#}
1563   | ... | ... | ... | #wˈiktuɑːliɑ# | *#wˈiktwɑːʎɑ# | *#wˈiçtwɑʎɑ# | *#βˈijtaʎa# | *#βˈitɐʎa# | *#vˈitɐʎa# | *#vˈitəʎə# {GOLD: >*} | *#vˈitəʎ# {GOLD: >*} | *#vˈitəj# {GOLD: >*} | *#vˈitəj# {GOLD: #viɟˈɛ#}
1564   | ... | ... | ... | #wˌiːneˈɑːlum# | *#wˌinjˈɑːlʊ# | *#wˌiɲˈɑlu# | *#βˌiɲˈalu# | *#βˌĩːɲˈalu# | *#vˌĩːɲˈaːlˠə# | *#vˌĩːɲˈaːlˠ# {GOLD: >*} | *#vˌĩːɲˈaːlˠ# {GOLD: >*} | *#viɲˈalˠ# {GOLD: >*} | *#viɲˈalˠ# {GOLD: #viɲˈalˠ#}
1565   | ... | ... | ... | #wˌiktˈoriɑ# | *#wˌɪktˈɒrjɑ# | *#wˌeçtˈorjɑ# | *#βˌejtˈorja# | *#βˌiːtˈɔɾja# | *#vˌiːtˈɔːɾja# | *#vˌiːtˈɔːɾɛ# {GOLD: >*} | *#vˌiːtˈɔːɾɛ# {GOLD: >*} | *#vitˈɔɾɛ# {GOLD: >*} | *#vitˈɔɾɛ# {GOLD: #vitˈɔɾɛ#}
1566   | ... | ... | ... | ... | ... | ... | #wˌirˈɒwʊ# | *#wˌiɾˈɔə̯# | *#wˌiɾˈuo̯# | *#wˌiɾˈuo̯# {GOLD: #βˌiɾˈuo̯#} | *#vˌiɾˈua̯# {GOLD: >*} | *#viɾˈua̯# {GOLD: >*} | *#viɾˈua̯# {GOLD: #viɾˈua̯#}
1567   | ... | ... | ... | #wˈenioː# | *#wˈɛnju# | *#wˈɛɲu# | *#βˈɛɲu# | *#βˈɛ̃ɲu# | *#vˈɛ̃ɲə# | *#vˈɛ̃ɲ# {GOLD: >*} | *#vˈɛ̃ɲ# {GOLD: >*} | *#vˈɛɲ# {GOLD: >*} | *#vˈɛj# {GOLD: #vˈij#}
1568   | ... | ... | ... | #wˈiɑ# | *#wˈɪɑ# | *#wˈijɑ# | *#βˈija# | *#βˈija# | *#vˈija# | *#vˈijə# {GOLD: >*} | *#vˈijə# {GOLD: >*} | *#vˈijə# {GOLD: >*} | *#vˈijə# {GOLD: #vˈijə#}
1569   | ... | ... | ... | #wˈikiɑ# | *#wˈikjɑ# | *#wˈikjɑ# | *#βˈicja# | *#βˈicja# | *#vˈicja# | *#vˈicɛ# {GOLD: >*} | *#vˈicɛ# {GOLD: >*} | *#vˈicɛ# {GOLD: >*} | *#vˈicɛ# {GOLD: #vˈicə#}
1570   | ... | ... | ... | ... | ... | ... | ... | ... | #βˈiʃɪɲɑ# | *#vˈiʃɲə# {GOLD: >*} | *#vˈiʃɲə# {GOLD: >*} | *#vˈiʃɲə# {GOLD: >*} | *#vˈiʃɲə# {GOLD: #vˈiʃɲə#}
1571   | ... | ... | ... | ... | ... | #βˈitreku# | *#βˈitrɪku# | *#βˈitɾɪku# | *#vˈitɾəkə# | *#vˈitɾ̩k# {GOLD: >*} | *#vˈitɾ̩k# {GOLD: #vˈitɾuk#} | *#vˈitɾ̩k# {GOLD: >*} | *#vˈitəɾk# {GOLD: #vˈitəɾk#}
1572   | ... | ... | ... | ... | ... | ... | ... | ... | #βˈɨdrɑ# | *#vˈidɾ̩# {GOLD: >*} | *#vˈidɾ̩# {GOLD: >*} | *#vˈidɾ̩# {GOLD: >*} | *#vˈidəɾ# {GOLD: #vˈidəɾ#}
1573   | ... | ... | ... | ... | ... | ... | ... | ... | #βˈiskʊ# | *#vˈisk# {GOLD: >*} | *#vˈisk# {GOLD: >*} | *#vˈisk# {GOLD: >*} | *#vˈisk# {GOLD: #vˈisk#}
1574   | ... | ... | ... | #wˈiːllɑ# | *#wˈillɑ# | *#wˈilːɑ# | *#βˈilːa# | *#βˈilːa# | *#vˈiːlːa# | *#vˈiːlːə# {GOLD: #vˈilə#} | *#vˈiːlːə# {GOLD: >*} | *#vˈilə# {GOLD: >*} | *#vˈilə# {GOLD: #vˈilə#}
1575   | ... | ... | ... | #wˈirɡinem# | *#wˈɪrɡɪnɛ# | *#wˈirɡenɛ# | *#βˈirɟɑ̃ɾ̃ɪ# | *#βˈiɾɟɐɾ̃ɪ# | *#vˈiːɾɟɐɾ̃ə# | *#vˈiːɾɟəɾ̃# {GOLD: #vˈiɾɟə̃ɾ̃ə#} | *#vˈiːɾɟəɾ̃# {GOLD: >*} | *#vˈiɾɟəɾ# {GOLD: #vˈəɾɟəɾə#} | *#vˈiɾɟəɾ# {GOLD: #vˈiɾɟəɾ#}
1576   | ... | ... | ... | ... | #wˌɑʎˈɒːɲu# | *#wˌɑˈoe̯ɲu# | *#βˌaˈoe̯ɲu# | *#βəˈœ̃ːɲu# | *#vəˈỹe̯ɲə# | *#vˈỹːe̯ɲ# {GOLD: >*} | *#vˈỹːe̯ɲ# {GOLD: >*} | *#vˈye̯ɲ# {GOLD: >*} | *#vˈye̯j# {GOLD: #vˈye̯j#}
1577   | ... | ... | ... | ... | ... | ... | #ˈɒkɒlʊ# | *#βˈɔkʊlə# | *#vˈɔkʊlˠə# | *#vˈɔkulˠ# {GOLD: >*} | *#vˈɔkulˠ# {GOLD: >*} | *#vˈɔkulˠ# {GOLD: >*} | *#vˈɔkulˠ# {GOLD: #vˈɔkulˠ#}
1578   | ... | ... | ... | ... | ... | ... | ... | ... | #wˈɒʎɑ# | *#wˈɔlə# {GOLD: >*} | *#vˈalə# {GOLD: >*} | *#vˈalə# {GOLD: >*} | *#vˈalə# {GOLD: #vˈɔlə#}
1579   | ... | ... | ... | ... | ... | ... | #ˈɒbɑɡ# | *#βˈɔbɑɡ# | *#vˈɔbɑɡ# | *#vˈɔbaɡ# {GOLD: #βˈɒbəɡ#} | *#vˈɔbaɡ# {GOLD: >*} | *#vˈɔbaɡ# {GOLD: >*} | *#vˈɔbaɡ# {GOLD: #vˈɔbəɡ#}
1580   | ... | ... | ... | #wˌoluntˈɑːtem# | *#wˌʊlʊntˈɑːtɛ# | *#wˌuluntˈɑtɛ# | *#βˌuluntˈetɪ# | *#βˌulə̃ntˈetɪ# | *#vˌulˠə̃ndˈɛtə# | *#vˌulˠə̃ndˈɛt# {GOLD: #vˌulˠn̩tˈæt#} | *#vˌulˠə̃ndˈɛt# {GOLD: #vulˠəndˈɛt#} | *#vulˠndˈɛt# {GOLD: >*} | *#vulˠnˈɛt# {GOLD: #vulˠnˈɛt#}
1581   | ... | ... | ... | ... | ... | ... | #wˌʊlkɒdlˈɑkʊ# | *#wˌʊlkɒːðlˈɑkə# | *#wˌʊlkɒːlˠˈɑkə# | *#wˌuɾkɔːlˠˈak# {GOLD: >*} | *#vˌuɾkɔːlˠˈak# {GOLD: >*} | *#vuɾkɔlˠˈak# {GOLD: >*} | *#vuɾkɔlˠˈak# {GOLD: #vuɾkɔlˠˈak#}
1582   | ... | ... | ... | #wˌulnerˈɑːtɑ# | *#wˌʊlnɛrˈɑːtɑ# | *#wˌulːɛrˈɑtɑ# | *#βˌulːɪrˈata# | *#βˌulːəɾˈata# | *#vˌulːəɾˈata# | *#vˌuɾəɾˈatə# {GOLD: >*} | *#vˌuɾˈatə# {GOLD: >*} | *#vuɾˈatə# {GOLD: >*} | *#vuɾˈatə# {GOLD: #vurˈatə#}
1583   | ... | ... | ... | #wˌiːwˈonioː# | *#wˌiwˈɒnju# | *#wˈiwoɲu# | *#βˈiwoɲu# | *#βˈuə̯̃ɲu# | *#vˈuõ̯ɲə# | *#vˈuõ̯ɲ# {GOLD: #wˈuo̯j#} | *#vˈuã̯ɲ# {GOLD: >*} | *#vˈua̯ɲ# {GOLD: >*} | *#vˈua̯j# {GOLD: #vˈua̯j#}
1584   | ... | ... | ... | #ˌɑbiˈeːɡnum# | *#ˌɑbjˈeːŋnʊ# | *#ˌɑbjˈeŋnu# | *#bˈeŋnu# | *#bˈẽŋnu# | *#bˈɛ̃ŋə# | *#bˈɛ̃ŋɡ# {GOLD: #vɟˈɛ̃ː#} | *#bˈɛ̃ɲ̈ɡ# {GOLD: >*} | *#bˈɛɲ̈ɡ# {GOLD: >*} | *#bˈɛŋɡ# {GOLD: #vɟˈɛ#}
1585   | ... | ... | ... | #ˌɑbiˈeːɡneɑ# | *#ˌɑbjˈeːŋnjɑ# | *#ˌɑbjˈeŋɲɑ# | *#bˈeŋɲa# | *#bˈẽŋɲa# | *#bˈɛ̃ɲːa# | *#bˈɛ̃ɲːə# {GOLD: >*} | *#bˈɛ̃ɲə# {GOLD: >*} | *#bˈɛɲə# {GOLD: >*} | *#bˈɛɲə# {GOLD: #vɟˈɛɲə#}
1586   | ... | ... | ... | #wˌɑlˈenioː# | *#wˌɑlˈɛnju# | *#wˌɑlˈɛɲu# | *#βˌalˈɛɲu# | *#βlˈɛ̃ɲu# | *#vlˈɛ̃ɲə# | *#vlˈɛ̃ɲ# {GOLD: >*} | *#vlˈɛ̃ɲ# {GOLD: #vəlˈɛ̃ɲ#} | *#vlˈɛɲ# {GOLD: #vəlˈɛɲ#} | *#vlˈɛj# {GOLD: #vlˈɛj#}
1587   | ... | ... | ... | #wˌeːlˈɑːtiɑ# | *#wˌeːlˈɑːt͡ʃjɑ# | *#wˌelˈɑt͡ʃjɑ# | *#βˌelˈet͡ʃa# | *#βlˈesa# | *#vlˈɛːsa# | *#vlˈɛːsə# {GOLD: >*} | *#vlˈɛːsə# {GOLD: >*} | *#vlˈɛsə# {GOLD: >*} | *#vlˈɛsə# {GOLD: #vlˈɛsə#}
1588   | ... | ... | ... | #wˌɑlˈoːrɑ# | *#wˌɑlˈoːrɑ# | *#wˌɑlˈørɑ# | *#βˌalˈøra# | *#βlˈœɾa# | *#vlˈɛːɾa# | *#vlˈɛːɾə# {GOLD: >*} | *#vlˈɛːɾə# {GOLD: >*} | *#vlˈɛɾə# {GOLD: >*} | *#vlˈɛɾə# {GOLD: #vlˈɛɾə#}
1589   | ... | ... | ... | ... | ... | #ˌavlˌɔɲˈatɔn# | *#vlˌɔɲˈatɔn# | *#vlˌɔ̃ɲˈatɔ̃n# | *#vlˌɔ̃ɲˈatə# | *#vlˌɔ̃ɲˈat# {GOLD: #vlˌɔ̃ɲˈat#} | *#vlˌɔ̃ɲˈat# {GOLD: >*} | *#vlɔɲˈat# {GOLD: >*} | *#vlɔɲˈat# {GOLD: #vlɔɲˈat#}
1590   | ... | ... | ... | ... | ... | #ˌavlˈɔna# | *#vlˈɔna# | *#vlˈɔ̃ɾ̃a# | *#vlˈɔ̃ɾ̃a# | *#vlˈɔ̃ɾ̃ə# {GOLD: #vlˈɔ̃ɾ̃ə#} | *#vlˈɔ̃ɾ̃ə# {GOLD: #vlˈɔ̃ɾ̃ə#} | *#vlˈɔɾə# {GOLD: >*} | *#vlˈɔɾə# {GOLD: #vlˈɔɾə#}
1591   | ... | ... | ... | ... | ... | ... | #wˈɒrnʊ# | *#wɾˈɑ̃ɾ̃ə# | *#wɾˈɑ̃ɾ̃ə# | *#wɾˈʌ̃ɾ̃# {GOLD: #βɾˈɑ̃ɾ̃#} | *#vɾˈə̃ɾ̃# {GOLD: >*} | *#vɾˈəɾ# {GOLD: >*} | *#vɾˈəɾ# {GOLD: #vɾˈəɾ#}
1592   | ... | ... | ... | #wˌenˈeːnum# | *#wˌɛnˈeːnʊ# | *#wˌɛnˈenu# | *#βˌɛnˈenu# | *#βɪ̃ɾ̃ˈẽɾ̃u# | *#və̃ɾ̃ˈɛ̃ːɾ̃ə# | *#və̃ɾ̃ˈɛ̃ːɾ̃# {GOLD: #vəɾ̃ˈɛ̃ɾ̃#} | *#və̃ɾ̃ˈɛ̃ːɾ̃# {GOLD: >*} | *#vɾˈɛɾ# {GOLD: #vəɾˈɛɾ#} | *#vɾˈɛɾ# {GOLD: #vɾˈɛɾ#}
1593   | ... | ... | ... | #wˌenˈeːnɑm# | *#wˌɛnˈeːnɑ# | *#wˌɛnˈenɑ# | *#βˌɛnˈena# | *#βɪ̃ɾ̃ˈẽɾ̃a# | *#və̃ɾ̃ˈɛ̃ɾ̃a# | *#və̃ɾ̃ˈɛ̃ɾ̃ə# {GOLD: #vəɾ̃ˈɛ̃ɾ̃ə#} | *#və̃ɾ̃ˈɛ̃ɾ̃ə# {GOLD: >*} | *#vɾˈɛɾə# {GOLD: >*} | *#vɾˈɛɾə# {GOLD: #vɾˈɛɾə#}
1594   | ... | ... | ... | #wˌerrˈikulum# | *#wˌɛrrˈikʊlʊ# | *#wˌɛrrˈikulu# | *#βˌɛrrˈikulu# | *#βɪɾɾˈikulu# | *#vərːˈiɡulˠə# | *#vɾˈiɡulˠ# {GOLD: >*} | *#vɾˈiɡulˠ# {GOLD: >*} | *#vɾˈiɡulˠ# {GOLD: >*} | *#vɾˈiɡulˠ# {GOLD: #vɾˈiɡulˠ#}
1595   | ... | ... | ... | ... | ... | ... | ... | ... | #βˈərlʊ# | *#vɾˈul# {GOLD: >*} | *#vɾˈul# {GOLD: >*} | *#vɾˈul# {GOLD: >*} | *#vɾˈul# {GOLD: #vɾˈulˠ#}
1596   | ... | ... | ... | ... | ... | ... | #ˌɒwɪrˈɑɡɑ# | *#wɪɾˈɑɡɑ# | *#wəɾˈɑɡɑ# | *#wəɾˈaɡə# {GOLD: >*} | *#vəɾˈaɡə# {GOLD: >*} | *#vɾˈaɡə# {GOLD: >*} | *#vɾˈaɡə# {GOLD: #vrˈaɡə#}
1597   | ... | ... | ... | ... | ... | ... | ... | ... | #mˌɑxnˈitɪ# | *#mˌaxnˈit# {GOLD: >*} | *#mˌahnˈit# {GOLD: >*} | *#mahnˈit# {GOLD: >*} | *#mahnˈit# {GOLD: #mahnˈit#}
1598   | ... | ... | ... | #mˌɑiˈɑːriɑ# | *#mˌɑjˈɑːrjɑ# | *#mˌɑjˈɑrjɑ# | *#mˌajˈerja# | *#mˌajˈeɾja# | *#mˌajˈɛːɾja# | *#mˌajˈɛːɾɛ# {GOLD: >*} | *#mˌajˈɛːɾɛ# {GOLD: >*} | *#majˈɛɾɛ# {GOLD: >*} | *#majˈɛɾɛ# {GOLD: #majˈɛɾɛ#}
1599   | ... | ... | ... | #mˌɑlˌɑnɡˈenioː# | *#mˌɑlˌɑŋɡˈɛnju# | *#mˌɑlˌɑŋɡˈɛɲu# | *#mˌalˌaŋɟˈɛɲu# | *#mˌaːlə̃ŋɟˈɛ̃ɲu# | *#mˌaːlˠə̃ŋɟˈɛ̃ɲə# | *#mˌaːlˠə̃ɲɟˈɛ̃ɲ# {GOLD: >*} | *#mˌaːlˠə̃ɲɟˈɛ̃ɲ# {GOLD: >*} | *#malˠəɲɟˈɛɲ# {GOLD: >*} | *#malˠəɲɟˈɛj# {GOLD: #malˠəɲɟˈɛj#}
1600   | ... | ... | ... | #mˌɑludiːkˈonioː# | *#mˌɑlʊdikˈɒnju# | *#mˌɑludikˈoɲu# | *#mˌaluðɪkˈoɲu# | *#mˌaːləðɪkˈɔ̃ɲu# | *#mˌaːlˠəkˈɔ̃ɲə# | *#mˌaːlˠəkˈɔ̃ɲ# {GOLD: >*} | *#mˌaːlˠkˈɔ̃ɲ# {GOLD: >*} | *#malˠkˈɔɲ# {GOLD: #malˠəkˈɔɲ#} | *#malˠkˈɔj# {GOLD: #malˠkˈɔj#}
1601   | ... | ... | ... | ... | ... | ... | ... | #mˌaɡˈiːa# | *#mˌaɡˈiːa# | *#mˌaɡˈiː# {GOLD: >*} | *#mˌaɡˈiː# {GOLD: >*} | *#maɡˈi# {GOLD: >*} | *#maɟˈi# {GOLD: #maɟˈi#}
1602   | ... | ... | ... | #mˌɑɡistˈerikum# | *#mˌɑɡɪstˈɛrɪkʊ# | *#mˌɑːstˈɛrku# | *#mˌaːstˈɛrku# | *#mˌaːʃtˈɛɾku# | *#mˌaːʃtˈɛːɾkə# | *#mˌaːʃtˈɛːɾk# {GOLD: >*} | *#mˌaːʃtˈɛːɾk# {GOLD: >*} | *#maʃtˈɛɾk# {GOLD: >*} | *#maʃtˈɛɾk# {GOLD: #maʃtˈɛɾk#}
1603   | ... | ... | ... | #mˌɑɡisterˈɑːnioː# | *#mˌɑɡɪstɛrˈɒːnju# | *#mˌɑːstɛrˈoɲu# | *#mˌaːstɪrˈoɲu# | *#mˌaːʃtɪɾˈɔ̃ɲu# | *#mˌaːʃtəɾˈɔ̃ɲə# | *#mˌaːʃtəɾˈɔ̃ɲ# {GOLD: >*} | *#mˌaːʃtəɾˈɔ̃ɲ# {GOLD: >*} | *#maʃtɾˈɔɲ# {GOLD: >*} | *#maʃtɾˈɔj# {GOLD: #maʃtɾˈɔj#}
1604   | ... | ... | ... | ... | ... | ... | #mˌɒtˈɯkɑ# | *#mˌɑːtˈɯkɑ# | *#mˌɑːtˈukɑ# | *#mˌaːtˈukə# {GOLD: >*} | *#mˌaːtˈukə# {GOLD: >*} | *#matˈukə# {GOLD: >*} | *#matˈukə# {GOLD: #matˈukə#}
1605   | ... | ... | ... | #mˌɑlletiˈolɑ# | *#mˌɑllɛt͡ʃjˈɒlɑ# | *#mˌɑlːɛt͡ʃjˈolɑ# | *#mˌalːɪt͡ʃˈola# | *#mˌaːlːɪsˈɔla# | *#mˌaːlːəsˈɔːlˠa# | *#mˌaːlːsˈɔːlˠə# {GOLD: >*} | *#mˌaːlːsˈɔːlˠə# {GOLD: >*} | *#malt͡sˈɔlˠə# {GOLD: >*} | *#malt͡sˈɔlˠə# {GOLD: #mat͡sˈɔlˠə#}
1606   | ... | ... | ... | ... | ... | ... | ... | #mˌanuːʃˈakja# | *#mˌanuːʃˈakja# | *#mˌanuːʃˈakɛ# {GOLD: >*} | *#mˌanuːʃˈakɛ# {GOLD: >*} | *#manuʃˈakɛ# {GOLD: >*} | *#manuʃˈacɛ# {GOLD: #manuʃˈacɛ#}
1607   | ... | ... | ... | ... | ... | ... | ... | #mˌantˈilja# | *#mˌandˈiːlja# | *#mˌandˈiːlɛ# {GOLD: >*} | *#mˌandˈiːlɛ# {GOLD: >*} | *#mandˈilɛ# {GOLD: >*} | *#mandˈilɛ# {GOLD: #mandˈilɛ#}
1608   | ... | ... | ... | #mˌɑlitiˈɑːnioː# | *#mˌɑlɪt͡ʃjˈɒːnju# | *#mˌɑlet͡ʃjˈoɲu# | *#mˌalɪt͡ʃˈoɲu# | *#mˌaːlɪsˈɔ̃ɲu# | *#mˌaːləsˈɔ̃ɲə# | *#mˌaːlsˈɔ̃ɲ# {GOLD: >*} | *#mˌaːlsˈɔ̃ɲ# {GOLD: >*} | *#malt͡sˈɔɲ# {GOLD: >*} | *#malt͡sˈɔj# {GOLD: #malt͡sˈɔj#}
1609   | ... | ... | ... | ... | #ˌɑmˈɑːrɑki# | *#ˌɑmˈɑrɑki# | *#mˈaracɪ# | *#mˈaɾɐcɪ# | *#mˈaːɾɐcə# | *#mˈaːɾəc# {GOLD: >*} | *#mˈaːɾəc# {GOLD: >*} | *#mˈaɾəc# {GOLD: >*} | *#mˈaɾc# {GOLD: #maɾˈac#}
1610   | ... | ... | ... | ... | ... | ... | ... | ... | #mˌɑrˈænɑ# | *#mˌaɾˈɛnə# {GOLD: >*} | *#mˌaɾˈɛnə# {GOLD: >*} | *#maɾˈɛnə# {GOLD: >*} | *#maɾˈɛnə# {GOLD: #maɾˈɛnə#}
1611   | ... | ... | ... | #mˌinistrˈɑːnioː# | *#mˌɪnɪstrˈɒːnju# | *#mˌenestrˈoɲu# | *#mˌɑ̃ɾ̃ɪstrˈoɲu# | *#mˌɑ̃ːɾ̃ɪʃtɾˈɔ̃ɲu# | *#mˌɑ̃ːɾəʃtˈɔ̃ɲə# | *#mˌãːɾʃtˈɔ̃ɲ# {GOLD: >*} | *#mˌãːɾʃtˈɔ̃ɲ# {GOLD: >*} | *#maɾʃtˈɔɲ# {GOLD: #maɾʃtˈɔj#} | *#maɾʃtˈɔj# {GOLD: #maɾʃtˈɔj#}
1612   | ... | ... | ... | #mˌɑːriːtˈɑːtiɑ# | *#mˌɑːritˈɑːt͡ʃjɑ# | *#mˌɑrtˈɑt͡ʃjɑ# | *#mˌartˈet͡ʃa# | *#məɾtˈesa# | *#məɾtˈɛːsa# | *#mɾ̩tˈɛːsə# {GOLD: >*} | *#mɾ̩tˈɛːsə# {GOLD: >*} | *#mɾ̩tˈɛsə# {GOLD: >*} | *#məɾtˈɛsə# {GOLD: #maɾtˈɛsə#}
1613   | ... | ... | ... | #mˌɑːriːtˈɑːnioː# | *#mˌɑːritˈɒːnju# | *#mˌɑrtˈoɲu# | *#mˌartˈoɲu# | *#məɾtˈɔ̃ɲu# | *#məɾtˈɔ̃ɲə# | *#mɾ̩tˈɔ̃ɲ# {GOLD: >*} | *#mɾ̩tˈɔ̃ɲ# {GOLD: >*} | *#mɾ̩tˈɔɲ# {GOLD: >*} | *#məɾtˈɔj# {GOLD: #maɾtˈɔj#}
1614   | ... | ... | #mˈaradrion# | *#mˌɑrrˈɑdrjon# | *#mˌɑrrˈɑdʎʊ# | *#mˌɑrrˈɑdʎu# | *#mˌarrˈaðʎu# | *#məɾɾˈaðʎu# | *#mərːˈaːʎə# | *#mərˈaːʎ# {GOLD: >*} | *#mərˈaːʎ# {GOLD: >*} | *#mərˈaj# {GOLD: >*} | *#mərˈaj# {GOLD: #marˈaj#}
1615   | ... | ... | ... | #mˌɑrruːkˌiːnˈeːtum# | *#mˌɑrruːkˌinˈeːtʊ# | *#mˌɑrrkˌinˈetu# | *#mˌarcˌinˈetu# | *#məɾcˌĩːnˈetu# | *#məɾcˌĩːnˈɛtə# | *#mɾ̩cˌĩːnˈɛt# {GOLD: #mˌaɾciɾ̃ˈɛt#} | *#mɾ̩cˌĩːnˈɛt# {GOLD: ...} | ... {GOLD: ...} | ... {GOLD: ...}
1616   | ... | ... | ... | #mˈɑːium# | *#mˈɑːjʊ# | *#mˈɑju# | *#mˈaju# | *#mˈaju# | *#mˈajə# | *#mˈaj# {GOLD: >*} | *#mˈaj# {GOLD: >*} | *#mˈaj# {GOLD: >*} | *#mˈaj# {GOLD: #mˈaj#}
1617   | ... | ... | ... | #mˈɑlleum# | *#mˈɑʎʊ# | *#mˈɑʎu# | *#mˈaʎu# | *#mˈaʎu# | *#mˈaːʎə# | *#mˈaːʎ# {GOLD: >*} | *#mˈaːʎ# {GOLD: >*} | *#mˈaj# {GOLD: >*} | *#mˈaj# {GOLD: #mˈaj#}
1618   | ... | ... | ... | #mˈɑnktum# | *#mˈɑnktʊ# | *#mˈɑɲtu# | *#mˈaɲtu# | *#mˈãɲtu# | *#mˈãːjtə# | *#mˈãːjt# {GOLD: #mˈaːjtə#} | *#mˈãːjt# {GOLD: >*} | *#mˈajt# {GOLD: >*} | *#mˈajt# {GOLD: #mˈajt#}
1619   | ... | ... | ... | ... | ... | ... | ... | ... | #mˈɑkʊ# | *#mˈak# {GOLD: >*} | *#mˈak# {GOLD: >*} | *#mˈak# {GOLD: >*} | *#mˈak# {GOLD: #mˈak#}
1620   | ... | ... | ... | #mˈɑlum# | *#mˈɑlʊ# | *#mˈɑlu# | *#mˈalu# | *#mˈalu# | *#mˈaːlˠə# | *#mˈaːlˠ# {GOLD: >*} | *#mˈaːlˠ# {GOLD: >*} | *#mˈalˠ# {GOLD: >*} | *#mˈalˠ# {GOLD: #mˈalˠ#}
1621   | ... | ... | ... | ... | ... | ... | ... | ... | #mˈɑt͡ʃɑ# | *#mˈat͡ʃə# {GOLD: >*} | *#mˈat͡ʃə# {GOLD: >*} | *#mˈat͡ʃə# {GOLD: >*} | *#mˈat͡ʃə# {GOLD: #mˈat͡ʃə#}
1622   | ... | ... | ... | #mˈɑssɑ# | *#mˈɑssɑ# | *#mˈɑssɑ# | *#mˈassa# | *#mˈaʃa# | *#mˈaːʃa# | *#mˈaːʃə# {GOLD: >*} | *#mˈaːʃə# {GOLD: >*} | *#mˈaʃə# {GOLD: >*} | *#mˈaʃə# {GOLD: #mˈaʃə#}
1623   | ... | ... | ... | #mˈɑskulum# | *#mˈɑskʊlʊ# | *#mˈɑskulu# | *#mˈaskulu# | *#mˈaʃkulu# | *#mˈaːʃkulˠə# | *#mˈaːʃkulˠ# {GOLD: >*} | *#mˈaːʃkulˠ# {GOLD: >*} | *#mˈaʃkulˠ# {GOLD: >*} | *#mˈaʃkulˠ# {GOLD: #mˈaʃkulˠ#}
1624   | ... | ... | #mˈatɛː# | *#mˈɑtɛː# | *#mˈɑtɛː# | *#mˈɑtɛ# | *#mˈatɪ# | *#mˈatɪ# | *#mˈatə# | *#mˈat# {GOLD: #mˈat#} | *#mˈat# {GOLD: >*} | *#mˈat# {GOLD: >*} | *#mˈat# {GOLD: #mˈat#}
1625   | ... | ... | ... | ... | ... | ... | ... | ... | #mˈɑtʊkɑ# | *#mˈatkə# {GOLD: >*} | *#mˈatkə# {GOLD: >*} | *#mˈatkə# {GOLD: >*} | *#mˈatkə# {GOLD: #mˈatkə#}
1626   | ... | ... | ... | ... | ... | ... | ... | ... | #mˈɑt͡sɑ# | *#mˈat͡sə# {GOLD: >*} | *#mˈat͡sə# {GOLD: >*} | *#mˈat͡sə# {GOLD: >*} | *#mˈat͡sə# {GOLD: #mˈat͡sə#}
1627   | ... | ... | ... | ... | ... | ... | ... | ... | #mˈɑzɑ# | *#mˈazə# {GOLD: >*} | *#mˈazə# {GOLD: >*} | *#mˈazə# {GOLD: >*} | *#mˈazə# {GOLD: #mˈazə#}
1628   | ... | ... | ... | #mˈɑrum# | *#mˈɑrʊ# | *#mˈɑru# | *#mˈaru# | *#mˈaɾu# | *#mˈaːɾə# | *#mˈaːɾ# {GOLD: >*} | *#mˈaːɾ# {GOLD: >*} | *#mˈaɾ# {GOLD: >*} | *#mˈaɾ# {GOLD: #mˈaɾ#}
1629   | ... | ... | ... | #mˈɑrkum# | *#mˈɑrkʊ# | *#mˈɑrku# | *#mˈarku# | *#mˈaɾku# | *#mˈaːɾkə# | *#mˈaːɾk# {GOLD: >*} | *#mˈaːɾk# {GOLD: >*} | *#mˈaɾk# {GOLD: >*} | *#mˈaɾk# {GOLD: #mˈaɾk#}
1630   | ... | ... | ... | #mˈɑrɡinem# | *#mˈɑrɡɪnɛ# | *#mˈɑrɡenɛ# | *#mˈarɟɑ̃ɾ̃ɪ# | *#mˈaɾɟɐɾ̃ɪ# | *#mˈaːɾɟɐɾ̃ə# | *#mˈaːɾɟəɾ̃# {GOLD: #mˈaɾɟəɾ̃ə#} | *#mˈaːɾɟəɾ̃# {GOLD: ...} | ... {GOLD: ...} | ... {GOLD: ...}
1631   | ... | ... | ... | #mˈɑːrtem# | *#mˈɑːrtɛ# | *#mˈɑrtɛ# | *#mˈartɪ# | *#mˈaɾtɪ# | *#mˈaːɾtə# | *#mˈaːɾt# {GOLD: >*} | *#mˈaːɾt# {GOLD: >*} | *#mˈaɾt# {GOLD: >*} | *#mˈaɾt# {GOLD: #mˈaɾt#}
1632   | ... | ... | ... | #mˈɑːrtius# | *#mˈɑːrt͡ʃjʊ# | *#mˈɑrt͡ʃju# | *#mˈart͡ʃu# | *#mˈaɾsu# | *#mˈaːɾsə# | *#mˈaːɾs# {GOLD: >*} | *#mˈaːɾs# {GOLD: >*} | *#mˈaɾs# {GOLD: >*} | *#mˈaɾs# {GOLD: #mˈaɾs#}
1633   | ... | ... | ... | #mˈɑrmurem# | *#mˈɑrmʊrɛ# | *#mˈɑrmurɛ# | *#mˈarmurɪ# | *#mˈaɾmuɾɪ# | *#mˈaːɾmuɾə# | *#mˈaːɾmuɾ# {GOLD: >*} | *#mˈaːɾmuɾ# {GOLD: >*} | *#mˈaɾmuɾ# {GOLD: >*} | *#mˈaɾmuɾ# {GOLD: #mˈaɾmuɾ#}
1634   | ... | ... | ... | ... | #inpˌekkˈɑːtu# | *#inpˌekkˈɑtu# | *#ənpˌekkˈatu# | *#ə̃npɪkˈatu# | *#ə̃npəkˈatə# | *#ə̃mbəkˈat# {GOLD: #m̩pəkˈat#} | *#ə̃mbəkˈat# {GOLD: >*} | *#məkˈat# {GOLD: >*} | *#məkˈat# {GOLD: #məkˈat#}
1635   | ... | ... | ... | #mˌedikˈɑːnioː# | *#mˌɛdɪkˈɒːnju# | *#mˌɛdekˈoɲu# | *#mɪðɪkˈoɲu# | *#mɪðɪkˈɔ̃ɲu# | *#məkˈɔ̃ɲə# | *#məkˈɔ̃ɲ# {GOLD: >*} | *#məkˈɔ̃ɲ# {GOLD: >*} | *#məkˈɔɲ# {GOLD: >*} | *#məkˈɔj# {GOLD: #məkˈɔj#}
1636   | ... | ... | ... | #mˌedikˈɑstrum# | *#mˌɛdɪkˈɑstrʊ# | *#mˌɛdekˈɑstru# | *#mɪðɪkˈastru# | *#mɪðɪkˈaʃtɾu# | *#məɡˈaːʃtɾə# | *#məɡˈaːʃtɾ̩# {GOLD: >*} | *#məɡˈaːʃtɾ̩# {GOLD: >*} | *#məɡˈaʃtɾ̩# {GOLD: >*} | *#məɡˈaʃtəɾ# {GOLD: #məɡˈaʃtəɾ#}
1637   | ... | ... | ... | ... | ... | ... | #mˌɒɡˈɯlɑ# | *#mˌɐɡˈɯlɑ# | *#mˌɐɡˈuːlˠɑ# | *#mˌəɡˈuːlˠə# {GOLD: >*} | *#mˌəɡˈuːlˠə# {GOLD: >*} | *#məɡˈulˠə# {GOLD: >*} | *#məɡˈulˠə# {GOLD: #məɡˈulˠə#}
1638   | ... | ... | ... | #mˌɑnikˈɑːnioː# | *#mˌɑnɪkˈɒːnju# | *#mˌɑnkˈoɲu# | *#mˌankˈoɲu# | *#mə̃nkˈɔ̃ɲu# | *#mə̃nɡˈɔ̃ɲə# | *#mə̃ŋɡˈɔ̃ɲ# {GOLD: >*} | *#mə̃ɲ̈ɡˈɔ̃ɲ# {GOLD: >*} | *#məɲ̈ɡˈɔɲ# {GOLD: >*} | *#məŋɡˈɔj# {GOLD: #məŋɡˈɔj#}
1639   | ... | ... | #mˌalˈaɡaː# | *#mˌɑlˈɑɡɑ# | *#mˌɑlˈɑɡɑ# | *#mˌɑlˈɑɡɑ# | *#mˌalˈaɡa# | *#mˌɐlˈaɡa# | *#mˌɐlˠˈaɡa# | *#mˌəlˠˈaɡə# {GOLD: >*} | *#mˌəlˠˈaɡə# {GOLD: >*} | *#məlˠˈaɡə# {GOLD: >*} | *#məlˠˈaɡə# {GOLD: #məlˠˈaɡə#}
1640   | ... | ... | ... | #mˌerulˈɑːneɑ# | *#mˌɛrʊlˈɑːnjɑ# | *#mˌɛrulˈɑɲɑ# | *#mˌɛrulˈaɲa# | *#məɾəlˈãɲa# | *#məɾəlˠˈɛ̃ɲa# | *#məlˠˈɛ̃ɲə# {GOLD: >*} | *#məlˠˈɛ̃ɲə# {GOLD: >*} | *#məlˠˈɛɲə# {GOLD: >*} | *#məlˠˈɛɲə# {GOLD: #məlˠˈɛɲə#}
1641   | ... | ... | ... | #mˌɑlˈeːtum# | *#mˌɑlˈeːtʊ# | *#mˌɑlˈetu# | *#mˌalˈetu# | *#mˌɐlˈetu# | *#mˌɐlˠˈɛtə# | *#mˌəlˠˈɛt# {GOLD: >*} | *#mˌəlˠˈɛt# {GOLD: >*} | *#məlˠˈɛt# {GOLD: >*} | *#məlˠˈɛt# {GOLD: #məlˠˈɛt#}
1642   | ... | ... | ... | #mˌɑlleˈolɑ# | *#mˌɑʎˈɒlɑ# | *#mˌɑʎˈolɑ# | *#mˌẽðjˈola# | *#mə̃nʎˈɔla# | *#mə̃ɲˈɔːlˠa# | *#mə̃ɲˈɔːlˠə# {GOLD: >*} | *#mə̃ɲˈɔːlˠə# {GOLD: >*} | *#məɲˈɔlˠə# {GOLD: >*} | *#məɲˈɔlˠə# {GOLD: #məɲˈɔlˠə#}
1643   | ... | ... | ... | #mˌɑɡˈiːɑ# | *#mˌɑɡˈiɑ# | *#mˌɑɡˈijɑ# | *#mˌẽɟˈija# | *#mə̃nɟˈija# | *#mə̃nɟˈija# | *#mə̃ɲɟˈiː# {GOLD: #mˌãɲɟˈiː#} | *#mə̃ɲɟˈiː# {GOLD: >*} | *#məɲɟˈi# {GOLD: >*} | *#məɲɟˈi# {GOLD: #məɲɟˈi#}
1644   | ... | ... | ... | #ˌinwˌiɡˈilium# | *#ˌɪnwˌɪɡˈiʎʊ# | *#ˌemeɡˈijlu# | *#mɪ̃ɟˈijlu# | *#mə̃nɟˈilu# | *#mə̃nɟˈiːlˠə# | *#mə̃ɲɟˈiːlˠ# {GOLD: #mn̩ɟˈilˠ#} | *#mə̃ɲɟˈiːlˠ# {GOLD: >*} | *#məɲɟˈilˠ# {GOLD: >*} | *#məɲɟˈilˠ# {GOLD: #məɲɟˈilˠ#}
1645   | ... | ... | ... | #inwˌiɡˈiliɑj# | *#ɪnwˌɪɡˈiʎɑj# | *#emeɡˈijlɑj# | *#mɪ̃ɟˈijlaj# | *#mə̃nɟˈilaj# | *#mə̃nɟˈiːlˠaj# | *#mə̃ɲɟˈiːlˠɛː# {GOLD: #mn̩ɟˈilˠɛ#} | *#mə̃ɲɟˈiːlˠɛː# {GOLD: >*} | *#məɲɟˈilˠɛ# {GOLD: >*} | *#məɲɟˈilˠɛ# {GOLD: #məɲɟˈilˠɛ#}
1646   | ... | ... | ... | #mˌiserˈɑːriː# | *#mˌɪsɛrˈɑːri# | *#mˌesɛrˈɑri# | *#mɪsɪrˈerɪ# | *#mɪʃɪɾˈeɾɪ# | *#məʃəɾˈɛːɾə# | *#məʃɾˈɛːɾ# {GOLD: #miʃəɾˈie̯ɾ#} | *#məʃɾˈɛːɾ# {GOLD: #məʃəɾˈie̯ɾ#} | *#məʃɾˈɛɾ# {GOLD: ...} | ... {GOLD: ...}
1647   | ... | ... | ... | #mˌensˈoːrɑ# | *#mˌɛnsˈoːrɑ# | *#mˌɛsˈørɑ# | *#mɪsˈøra# | *#mɪʃˈœɾa# | *#məʃˈɛːɾa# | *#məʃˈɛːɾə# {GOLD: >*} | *#məʃˈɛːɾə# {GOLD: >*} | *#məʃˈɛɾə# {GOLD: >*} | *#məʃˈɛɾə# {GOLD: #məʃˈɛɾə#}
1648   | ... | ... | ... | #ˌinwˌeːssˈiːkɑm# | *#ˌɪnwˌeːssˈikɑ# | *#ˌemˌessˈikɑ# | *#mɪssˈika# | *#mɪʃˈika# | *#məʃˈika# | *#məʃˈikə# {GOLD: >*} | *#məʃˈikə# {GOLD: >*} | *#məʃˈikə# {GOLD: >*} | *#məʃˈikə# {GOLD: #məʃˈikə#}
1649   | ... | ... | ... | #mˌisˈeriɑ# | *#mˌɪsˈɛrjɑ# | *#mˌesˈɛrjɑ# | *#mɪsˈira# | *#mɪʃˈiɾa# | *#məʃˈiːɾa# | *#məʃˈiːɾə# {GOLD: >*} | *#məʃˈiːɾə# {GOLD: >*} | *#məʃˈiɾə# {GOLD: >*} | *#məʃˈiɾə# {GOLD: #məʃˈiɾə#}
1650   | ... | ... | ... | #inpˌensˈɑːnioː# | *#ɪnpˌɛnsˈɒːnju# | *#enpˌɛsˈoɲu# | *#ənpɪsˈoɲu# | *#ə̃npɪʃˈɔ̃ɲu# | *#ə̃npəʃˈɔ̃ɲə# | *#ə̃mbəʃˈɔ̃ɲ# {GOLD: #m̩pəʃˈɔ̃ɲ#} | *#ə̃mbəʃˈɔ̃ɲ# {GOLD: #mbəʃˈɔ̃ɲ#} | *#məʃˈɔɲ# {GOLD: >*} | *#məʃˈɔj# {GOLD: #məʃˈɔj#}
1651   | ... | ... | ... | #mˌɑstikˈɑːnioː# | *#mˌɑstɪkˈɒːnju# | *#mˌɑstekˈoɲu# | *#mɪstɪkˈoɲu# | *#mɪʃtɪkˈɔ̃ɲu# | *#məʃtəkˈɔ̃ɲə# | *#məʃtəkˈɔ̃ɲ# {GOLD: >*} | *#məʃtəkˈɔ̃ɲ# {GOLD: >*} | *#məʃtəkˈɔɲ# {GOLD: >*} | *#məʃtəkˈɔj# {GOLD: #məʃtɛkˈɔj#}
1652   | ... | ... | #mˌastˈikʰinon# | *#mˌɑstˈekʰənon# | *#mˌɑstˈɛkʰənʊ# | *#mˌɑstˈɛkənu# | *#mɪstˈɛkɑ̃ɾ̃u# | *#mɪʃtˈɛkɐɾ̃u# | *#məʃtˈɛkɐɾ̃ə# | *#məʃtˈɛkəɾ̃# {GOLD: >*} | *#məʃtˈɛkəɾ̃# {GOLD: >*} | *#məʃtˈɛkəɾ# {GOLD: >*} | *#məʃtˈɛkəɾ# {GOLD: #məʃtˈɛkəɾ#}
1653   | ... | ... | ... | ... | ... | ... | #mˌɐtrˈikʊ# | *#mˌɑːtɾˈikə# | *#mˌɑːtɾˈikə# | *#mˌaːtɾˈik# {GOLD: >*} | *#mˌaːtɾˈik# {GOLD: >*} | *#matɾˈik# {GOLD: >*} | *#matɾˈik# {GOLD: #mətɾˈik#}
1654   | ... | ... | ... | #ˌinwˌitiˈɑːnioː# | *#ˌɪnwˌɪt͡ʃjˈɒːnju# | *#ˌemˌet͡ʃjˈoɲu# | *#mɪt͡ʃˈoɲu# | *#mɪsˈɔ̃ɲu# | *#məsˈɔ̃ɲə# | *#məsˈɔ̃ɲ# {GOLD: >*} | *#məsˈɔ̃ɲ# {GOLD: >*} | *#məsˈɔɲ# {GOLD: >*} | *#məsˈɔj# {GOLD: #məsˈɔj#}
1655   | ... | ... | ... | #mˌɑtteˈukkum# | *#mˌɑtt͡ʃjˈʊkkʊ# | *#mˌɑtt͡ʃjˈukku# | *#mˌẽtt͡ʃˈukku# | *#mə̃nsˈuku# | *#mə̃sˈukə# | *#mə̃sˈuk# {GOLD: >*} | *#mə̃sˈuk# {GOLD: #mˌəsˈuk#} | *#məsˈuk# {GOLD: >*} | *#məsˈuk# {GOLD: #məsˈuk#}
1656   | ... | ... | ... | ... | ... | #mˌɨnˈɔɲɔ# | *#mˌɨnˈɔɲɔ# | *#mˌɨ̃nˈɔ̃ɲɔ# | *#mˌĩnˈɔ̃ɲə# | *#mˌĩnˈɔ̃ɲ# {GOLD: >*} | *#mˌĩnˈɔ̃ɲ# {GOLD: >*} | *#minˈɔɲ# {GOLD: >*} | *#minˈɔj# {GOLD: #mənˈɔj#}
1657   | ... | ... | ... | #mˌɑtˈɑksum# | *#mˌɑtˈɑksʊ# | *#mˌɑtˈɑksu# | *#mˌẽtˈaksu# | *#mə̃ntˈakʃu# | *#mə̃ndˈaːfʃə# | *#mə̃ndˈaːfʃ# {GOLD: >*} | *#mə̃ndˈaːfʃ# {GOLD: >*} | *#məndˈafʃ# {GOLD: >*} | *#məndˈafʃ# {GOLD: #məndˈafʃ#}
1658   | ... | ... | ... | #mˌulkˈeːnioː# | *#mˌʊlkˈɒːnju# | *#mˌulkˈoɲu# | *#mˌulkˈoɲu# | *#mˌulkˈɔ̃ɲu# | *#mˌulkˈɔ̃ɲə# | *#mˌuʎkˈɔ̃ɲ# {GOLD: >*} | *#mˌuʎkˈɔ̃ɲ# {GOLD: >*} | *#mujkˈɔɲ# {GOLD: >*} | *#mujkˈɔj# {GOLD: #məlkˈɔj#}
1659   | ... | ... | ... | #mˌɑːriːtˈɑːnioː# | *#mˌɑːritˈɒːnju# | *#mˌɑrtˈoɲu# | *#mˌartˈoɲu# | *#məɾtˈɔ̃ɲu# | *#məɾtˈɔ̃ɲə# | *#mɾ̩tˈɔ̃ɲ# {GOLD: >*} | *#mɾ̩tˈɔ̃ɲ# {GOLD: >*} | *#mɾ̩tˈɔɲ# {GOLD: >*} | *#məɾtˈɔj# {GOLD: #məltˈɔj#}
1660   | ... | ... | ... | #mˌiːrˈɑːnioː# | *#mˌirˈɒːnju# | *#mˌirˈojɲu# | *#mˌirˈojɲu# | *#məɾˈɔj̃ɲu# | *#məɾˈɛ̃ɲə# | *#məɾˈɛ̃ɲ# {GOLD: >*} | *#məɾˈɛ̃ɲ# {GOLD: >*} | *#mɾˈɛɲ# {GOLD: >*} | *#mɾˈɛj# {GOLD: #məɾˈɛj#}
1661   | ... | ... | ... | ... | #mˌɑrˈiːɑ# | *#mˌɑrˈijɑ# | *#mˌarˈija# | *#məɾˈija# | *#məɾˈija# | *#məɾˈiː# {GOLD: >*} | *#məɾˈiː# {GOLD: #məɾˈiː#} | *#məɾˈi# {GOLD: >*} | *#məɾˈi# {GOLD: #məɾˈi#}
1662   | ... | ... | #mˌanˈiːa# | *#mˌɑnˈiːɑ# | *#mˌɑnˈiɑ# | *#mˌɑnˈijɑ# | *#mˌanˈija# | *#mə̃ɾ̃ˈija# | *#mə̃ɾ̃ˈija# | *#mə̃ɾ̃ˈiː# {GOLD: #məɾ̃ˈi#} | *#mə̃ɾ̃ˈiː# {GOLD: >*} | *#məɾˈi# {GOLD: >*} | *#məɾˈi# {GOLD: #məɾˈi#}
1663   | ... | ... | ... | #mˌerˈiːdiem# | *#mˌɛrˈid͡ʒjɛ# | *#mˌɛrˈid͡ʒjɛ# | *#mˌɛrˈid͡ʒɛ# | *#məɾˈizɛ# | *#məɾˈiːzə# | *#məɾˈiːz# {GOLD: >*} | *#məɾˈiːz# {GOLD: >*} | *#məɾˈiz# {GOLD: >*} | *#məɾˈiz# {GOLD: #məɾˈiz#}
1664   | ... | ... | ... | ... | ... | #mˌarikˈɔsu# | *#mˌarɪkˈɔsu# | *#məɾɪkˈɔʃu# | *#məɾkˈɔːʃə# | *#mɾ̩kˈɔːʃ# {GOLD: >*} | *#mɾ̩kˈɔːʃ# {GOLD: >*} | *#mɾ̩kˈɔʃ# {GOLD: >*} | *#məɾkˈɔʃ# {GOLD: #məɾkˈɔʃ#}
1665   | ... | ... | ... | #mˌerkˈurɑ# | *#mˌɛrkˈʊrɑ# | *#mˌɛrkˈurɑ# | *#mˌɛrkˈura# | *#məɾkˈuɾa# | *#məɾkˈuːɾa# | *#mɾ̩kˈuːɾə# {GOLD: >*} | *#mɾ̩kˈuːɾə# {GOLD: >*} | *#mɾ̩kˈuɾə# {GOLD: >*} | *#məɾkˈuɾə# {GOLD: #məɾkˈuɾə#}
1666   | ... | ... | ... | #mˌerɡˈonioː# | *#mˌɛrɡˈɒnju# | *#mˌɛrɡˈoɲu# | *#mˌɛrɡˈoɲu# | *#məɾɡˈɔ̃ɲu# | *#məɾɡˈɔ̃ɲə# | *#mɾ̩ɡˈɔ̃ɲ# {GOLD: >*} | *#mɾ̩ɡˈɔ̃ɲ# {GOLD: >*} | *#mɾ̩ɡˈɔɲ# {GOLD: >*} | *#məɾɡˈɔj# {GOLD: #məɾɡˈɔj#}
1667   | ... | ... | ... | #mˌiɡrˈɑːnioː# | *#mˌɪɡrˈɒːnju# | *#mˌeɡrˈoɲu# | *#mˌeɡrˈoɲu# | *#mˌeːɾɡˈɔ̃ɲu# | *#mˌɛːɾɡˈɔ̃ɲə# | *#mɾ̩ɡˈɔ̃ɲ# {GOLD: >*} | *#mɾ̩ɡˈɔ̃ɲ# {GOLD: >*} | *#mɾ̩ɡˈɔɲ# {GOLD: >*} | *#məɾɡˈɔj# {GOLD: #məɾɡˈɔj#}
1668   | ... | ... | ... | #mˌɑrˈuːnum# | *#mˌɑrˈuːnʊ# | *#mˌɑrˈynu# | *#mˌarˈunu# | *#məɾˈũnu# | *#məɾˈũːnə# | *#məɾˈũː# {GOLD: #məɾˈũː#} | *#məɾˈũː# {GOLD: >*} | *#məɾˈu# {GOLD: >*} | *#məɾˈu# {GOLD: #məɾˈu#}
1669   | ... | ... | ... | ... | #mˌɛrkˈɑːrju# | *#mˌɛrkˈɑrju# | *#mˌɛrcˈeru# | *#məɾcˈeɾu# | *#məɾcˈɛːɾə# | *#mɾ̩cˈɛːɾ# {GOLD: >*} | *#mɾ̩cˈɛːɾ# {GOLD: >*} | *#mɾ̩cˈɛɾ# {GOLD: >*} | *#məɾcˈɛɾ# {GOLD: #məɾcˈɛɾ#}
1670   | ... | ... | ... | #mˌyriːkˈiːniɑ# | *#mˌɪrikˈinjɑ# | *#mˌirkˈiɲɑ# | *#mˌircˈiɲa# | *#məɾcˈĩɲa# | *#məɾcˈĩɲa# | *#mɾ̩cˈĩɲə# {GOLD: >*} | *#mɾ̩cˈĩɲə# {GOLD: >*} | *#mɾ̩cˈiɲə# {GOLD: >*} | *#məɾcˈiɲə# {GOLD: #məɾcˈiɲə#}
1671   | ... | ... | ... | ... | ... | ... | #mˌɛrʃˈinɑ# | *#məɾʃˈĩnɑ# | *#məɾʃˈĩnɑ# | *#mɾ̩ʃˈĩnə# {GOLD: >*} | *#mɾ̩ʃˈĩnə# {GOLD: >*} | *#mɾ̩ʃˈinə# {GOLD: >*} | *#məɾʃˈinə# {GOLD: #məɾʃˈinə#}
1672   | ... | ... | ... | #mˌɑːrtˈiːnum# | *#mˌɑːrtˈinʊ# | *#mˌɑrtˈinu# | *#mˌartˈinu# | *#məɾtˈĩnu# | *#məɾtˈĩːnə# | *#mɾ̩tˈĩː# {GOLD: #məɾtˈĩː#} | *#mɾ̩tˈĩː# {GOLD: >*} | *#mɾ̩tˈi# {GOLD: >*} | *#məɾtˈi# {GOLD: #məɾtˈi#}
1673   | ... | ... | ... | #mˌeriːdiˈɑːnioː# | *#mˌɛrid͡ʒjˈɒːnju# | *#mˌɛrid͡ʒjˈoɲu# | *#mˌɛrɪd͡ʒˈøɲu# | *#məɾɪzˈœ̃ɲu# | *#məɾəzˈɛ̃ɲə# | *#mɾ̩zˈɛ̃ɲ# {GOLD: >*} | *#mɾ̩zˈɛ̃ɲ# {GOLD: >*} | *#mɾ̩zˈɛɲ# {GOLD: >*} | *#məɾzˈɛj# {GOLD: #məɾzˈɛj#}
1674   | ... | ... | ... | ... | ... | ... | ... | ... | #mˌərzˈitɪ# | *#mɾ̩zˈit# {GOLD: >*} | *#mɾ̩zˈit# {GOLD: >*} | *#mɾ̩zˈit# {GOLD: >*} | *#məɾzˈit# {GOLD: #məɾzˈit#}
1675   | ... | ... | ... | ... | ... | ... | ... | ... | #mˌərmərˈitɪ# | *#mɾ̩məɾˈit# {GOLD: >*} | *#mɾ̩məɾˈit# {GOLD: >*} | *#mɾ̩məɾˈit# {GOLD: >*} | *#məɾməɾˈit# {GOLD: #məɾməɾˈit#}
1676   | ... | ... | ... | #ˌinwˌernˈɑːliɑ# | *#ˌɪnwˌɛrnˈɑːʎɑ# | *#ˌemˌɛrnˈɑʎɑ# | *#mˌɛrnˈaʎa# | *#məɾnˈaʎa# | *#mərːˈaːʎa# | *#mərˈaːʎə# {GOLD: #mˌɛrˈaʎə#} | *#mərˈaːʎə# {GOLD: >*} | *#mərˈajə# {GOLD: >*} | *#mərˈajə# {GOLD: #mərˈajə#}
1677   | ... | ... | #mˈaradria# | *#mˌɑrrˈɑdrjɑ# | *#mˌɑrrˈɑdʎɑ# | *#mˌɑrrˈɑdʎɑ# | *#mˌarrˈaðʎa# | *#məɾɾˈaðʎa# | *#mərːˈaːʎa# | *#mərˈaːʎə# {GOLD: >*} | *#mərˈaːʎə# {GOLD: >*} | *#mərˈajə# {GOLD: >*} | *#mərˈajə# {GOLD: #mərˈajə#}
1678   | ... | ... | ... | #mˈɑnikɑm# | *#mˈɑnɪkɑ# | *#mˈɑnkɑ# | *#mˈanka# | *#mˈãnka# | *#mˈãnɡa# | *#mˈʌ̃ŋɡə# {GOLD: >*} | *#mˈə̃ɲ̈ɡə# {GOLD: >*} | *#mˈəɲ̈ɡə# {GOLD: >*} | *#mˈəŋɡə# {GOLD: #mˈəŋɡə#}
1679   | ... | ... | ... | #mˈɑnkɑ# | *#mˈɑnkɑ# | *#mˈɑnkɑ# | *#mˈanka# | *#mˈãnka# | *#mˈãnɡa# | *#mˈʌ̃ŋɡə# {GOLD: >*} | *#mˈə̃ɲ̈ɡə# {GOLD: >*} | *#mˈəɲ̈ɡə# {GOLD: #mˈəŋɡə#} | *#mˈəŋɡə# {GOLD: ...}
1680   | ... | ... | #mˈanɡanon# | *#mˈɑnɡɑnon# | *#mˈɑŋɡɑnʊ# | *#mˈɑŋɡɑnu# | *#mˈaŋɡɑ̃ɾ̃u# | *#mˈãŋɡɐɾ̃u# | *#mˈãŋɡɐɾ̃ə# | *#mˈʌ̃ŋɡəɾ̃# {GOLD: #mˈãŋɡəɾ̃ə#} | *#mˈə̃ɲ̈ɡəɾ̃# {GOLD: >*} | *#mˈəɲ̈ɡəɾ# {GOLD: >*} | *#mˈəŋɡəɾ# {GOLD: #mˈəŋɡəɾ#}
1681   | ... | ... | ... | #mˈɑnniɑ# | *#mˈɑnnjɑ# | *#mˈɑnɲɑ# | *#mˈanɲa# | *#mˈãnɲa# | *#mˈãɲa# | *#mˈʌ̃ɲə# {GOLD: >*} | *#mˈə̃ɲə# {GOLD: >*} | *#mˈəɲə# {GOLD: >*} | *#mˈəɲə# {GOLD: #mˈəɲə#}
1682   | ... | ... | ... | #mˈɑnkinum# | *#mˈɑnkɪnʊ# | *#mˈɑnkenu# | *#mˈancɑ̃ɾ̃u# | *#mˈãncɐɾ̃u# | *#mˈãncɐɾ̃ə# | *#mˈʌ̃ɲɟəɾ̃# {GOLD: >*} | *#mˈə̃ɲɟəɾ̃# {GOLD: >*} | *#mˈəɲɟəɾ# {GOLD: >*} | *#mˈəɲɟəɾ# {GOLD: #mˈəɲɟəɾ#}
1683   | ... | ... | ... | #mˈɑnkum# | *#mˈɑnkʊ# | *#mˈɑnku# | *#mˈanku# | *#mˈãnku# | *#mˈãnɡə# | *#mˈʌ̃ŋɡ# {GOLD: >*} | *#mˈə̃ɲ̈ɡ# {GOLD: #mˈənk#} | *#mˈəɲ̈ɡ# {GOLD: ...} | ... {GOLD: ...}
1684   | ... | ... | ... | #mˌeditˈɑːnioː# | *#mˌɛdɪtˈɒːnju# | *#mˌɛdetˈoɲu# | *#mɪðɪtˈoɲu# | *#mɪðɪtˈɔ̃ɲu# | *#mətˈɔ̃ɲə# | *#mətˈɔ̃ɲ# {GOLD: >*} | *#mətˈɔ̃ɲ# {GOLD: >*} | *#mtˈɔɲ# {GOLD: >*} | *#mtˈɔj# {GOLD: #mɛjtˈɔj#}
1685   | ... | ... | ... | ... | ... | ... | ... | ... | #mˌɛtˈɑdlɒ# | *#mˌɛtˈalɛ# {GOLD: >*} | *#mˌɛtˈalɛ# {GOLD: >*} | *#mɛtˈalɛ# {GOLD: >*} | *#mɛtˈalɛ# {GOLD: #mɛtˈalɛ#}
1686   | ... | ... | ... | ... | #mˌɛtˈoːxjɔ# | *#mˌɛtˈøxjo# | *#mɪ̃tˈøxjo# | *#mə̃ntˈœxjɔ# | *#mə̃ndˈɛxjə# | *#mə̃ndˈɛxj# {GOLD: >*} | *#mə̃ndˈɛhj# {GOLD: >*} | *#məndˈɛhj# {GOLD: >*} | *#məndˈɛhj# {GOLD: #mɛtˈɛh#}
1687   | ... | ... | ... | ... | ... | ... | ... | ... | #mˈælɑ# | *#mˈɛlˠə# {GOLD: >*} | *#mˈɛlˠə# {GOLD: >*} | *#mˈɛlˠə# {GOLD: >*} | *#mˈɛlˠə# {GOLD: #mˈɛlˠə#}
1688   | ... | ... | ... | ... | #mˈessɑ# | *#mˈessɑ# | *#mˈessa# | *#mˈeʃa# | *#mˈɛːʃa# | *#mˈɛːʃə# {GOLD: >*} | *#mˈɛːʃə# {GOLD: >*} | *#mˈɛʃə# {GOLD: >*} | *#mˈɛʃə# {GOLD: #mˈɛʃə#}
1689   | ... | ... | ... | #mˈentem# | *#mˈɛntɛ# | *#mˈɛntɛ# | *#mˈɛntɪ# | *#mˈɛ̃ntɪ# | *#mˈɛ̃ndə# | *#mˈɛ̃nd# {GOLD: >*} | *#mˈɛ̃nd# {GOLD: >*} | *#mˈɛnd# {GOLD: >*} | *#mˈɛnd# {GOLD: #mˈɛnd#}
1690   | ... | ... | ... | #mˌoːmˈentum# | *#mˌeːmːˈɛntʊ# | *#mˌemːˈɛntu# | *#mˌemːˈɛntu# | *#mmːˈɛ̃ntu# | *#mːˈɛ̃ndə# | *#mːˈɛ̃nd# {GOLD: >*} | *#mˈɛ̃nd# {GOLD: >*} | *#mˈɛnd# {GOLD: >*} | *#mˈɛnd# {GOLD: #mˈɛnd#}
1691   | ... | ... | ... | #mˈentɑ# | *#mˈɛntɑ# | *#mˈɛntɑ# | *#mˈɛnta# | *#mˈɛ̃nta# | *#mˈɛ̃nda# | *#mˈɛ̃ndə# {GOLD: >*} | *#mˈɛ̃ndə# {GOLD: >*} | *#mˈɛndə# {GOLD: >*} | *#mˈɛndə# {GOLD: #mˈɛndə#}
1692   | ... | ... | ... | #ˌɑmˈyndolɑ# | *#ˌɑmˈɪndʊlɑ# | *#ˌɑmˈendulɑ# | *#mˈendula# | *#mˈẽndula# | *#mˈɛ̃ndulˠə# | *#mˈɛ̃ndulˠ# {GOLD: >*} | *#mˈɛ̃ndulˠ# {GOLD: >*} | *#mˈɛndulˠ# {GOLD: >*} | *#mˈɛndulˠ# {GOLD: #mˈɛndulˠ#}
1693   | ... | ... | ... | ... | ... | ... | ... | ... | #mˈærɑ# | *#mˈɛɾə# {GOLD: >*} | *#mˈɛɾə# {GOLD: >*} | *#mˈɛɾə# {GOLD: >*} | *#mˈɛɾə# {GOLD: #mˈɛɾə#}
1694   | ... | ... | ... | #mˈyrrhɑ# | *#mˈɪrrɑ# | *#mˈerrɑ# | *#mˈerra# | *#mˈeɾɾa# | *#mˈɛːrːa# | *#mˈɛːrə# {GOLD: >*} | *#mˈɛːrə# {GOLD: >*} | *#mˈɛrə# {GOLD: >*} | *#mˈɛrə# {GOLD: #mˈɛrə#}
1695   | ... | ... | ... | #mˈedikum# | *#mˈɛdɪkʊ# | *#mˈɛdeku# | *#mˈɛðɪku# | *#mˈɛːðɪku# | *#mjˈɛːkə# | *#mjˈɛːk# {GOLD: #mjˈɛːk#} | *#mjˈɛːk# {GOLD: #mjˈɛːk#} | *#mjˈɛk# {GOLD: >*} | *#mjˈɛk# {GOLD: #mjˈɛk#}
1696   | ... | ... | ... | #mˈeɡulɑm# | *#mˈɛɡʊlɑ# | *#mˈɛɡulɑ# | *#mˈɛɡula# | *#mˈɛːɡula# | *#mˈie̯ɡulˠə# | *#mjˈɛɡulˠ# {GOLD: #njˈɛɡulˠ#} | *#mjˈɛɡulˠ# {GOLD: >*} | *#mjˈɛɡulˠ# {GOLD: >*} | *#mjˈɛɡulˠ# {GOLD: #mjˈɛɡulˠ#}
1697   | ... | ... | ... | #mˈae̯strum# | *#mˈɛstrʊ# | *#mˈɛstru# | *#mˈɛstru# | *#mˈɛːʃtɾu# | *#mˈie̯ʃtɾə# | *#mjˈɛʃtɾ̩# {GOLD: >*} | *#mjˈɛʃtɾ̩# {GOLD: >*} | *#mjˈɛʃtɾ̩# {GOLD: >*} | *#mjˈɛʃtəɾ# {GOLD: #mjˈɛʃtəɾ#}
1698   | ... | ... | #mˈita# | *#mˈetɑ# | *#mˈɛtɑ# | *#mˈɛtɑ# | *#mˈɛta# | *#mˈɛːta# | *#mˈie̯ta# | *#mjˈɛtə# {GOLD: >*} | *#mjˈɛtə# {GOLD: >*} | *#mjˈɛtə# {GOLD: >*} | *#mjˈɛtə# {GOLD: #mjˈɛtə#}
1699   | ... | ... | ... | #mˈedium# | *#mˈɛd͡ʒjʊ# | *#mˈɛd͡ʒju# | *#mˈɛd͡ʒu# | *#mˈɛːzu# | *#mˈie̯zə# | *#mjˈɛz# {GOLD: >*} | *#mjˈɛz# {GOLD: >*} | *#mjˈɛz# {GOLD: >*} | *#mjˈɛz# {GOLD: #mjˈɛz#}
1700   | ... | ... | ... | ... | ... | ... | #mˌælˈinʊkɑ# | *#mˌiːlˈĩnkɑ# | *#mˌiːlˈĩnɡɑ# | *#mˌiːlˈĩŋɡə# {GOLD: >*} | *#mˌiːlˈĩɲ̈ɡə# {GOLD: >*} | *#milˈiɲ̈ɡə# {GOLD: >*} | *#milˈiŋɡə# {GOLD: #milˈiŋɡə#}
1701   | ... | ... | ... | #mˈiːliɑm# | *#mˈiʎɑ# | *#mˈiʎɑ# | *#mˈiʎa# | *#mˈiʎa# | *#mˈiːʎa# | *#mˈiːʎə# {GOLD: >*} | *#mˈiːʎə# {GOLD: >*} | *#mˈijə# {GOLD: >*} | *#mˈijə# {GOLD: #mˈijə#}
1702   | ... | ... | ... | #ˌɑmˈiːkum# | *#ˌɑmˈikʊ# | *#ˌɑmˈiku# | *#mˈiku# | *#mˈiku# | *#mˈikə# | *#mˈik# {GOLD: >*} | *#mˈik# {GOLD: >*} | *#mˈik# {GOLD: >*} | *#mˈik# {GOLD: #mˈik#}
1703   | ... | ... | ... | ... | ... | ... | ... | ... | #mˈɨtɒ# | *#mˈitə# {GOLD: >*} | *#mˈitə# {GOLD: >*} | *#mˈitə# {GOLD: >*} | *#mˈitə# {GOLD: #mˈitə#}
1704   | ... | ... | ... | #mˈuːkum# | *#mˈuːkʊ# | *#mˈyku# | *#mˈyku# | *#mˈyku# | *#mˈykə# | *#mˈyk# {GOLD: >*} | *#mˈyk# {GOLD: >*} | *#mˈyk# {GOLD: >*} | *#mˈyk# {GOLD: #mˈyk#}
1705   | ... | ... | ... | #mˈuːlum# | *#mˈuːlʊ# | *#mˈylu# | *#mˈylu# | *#mˈylu# | *#mˈyːlˠə# | *#mˈyːlˠ# {GOLD: >*} | *#mˈyːlˠ# {GOLD: >*} | *#mˈylˠ# {GOLD: >*} | *#mˈylˠ# {GOLD: #mˈylˠ#}
1706   | ... | ... | ... | #mˈuːskum# | *#mˈuːskʊ# | *#mˈysku# | *#mˈysku# | *#mˈyʃku# | *#mˈyːʃkə# | *#mˈyːʃk# {GOLD: >*} | *#mˈyːʃk# {GOLD: >*} | *#mˈyʃk# {GOLD: >*} | *#mˈyʃk# {GOLD: #mˈyʃk#}
1707   | ... | ... | ... | ... | ... | ... | ... | ... | #mˌɒtɒβˈidlɒ# | *#mˌɔtɔvˈilɛ# {GOLD: >*} | *#mˌɔtɔvˈilɛ# {GOLD: >*} | *#mɔtɔvˈilɛ# {GOLD: >*} | *#mɔtɔvˈilɛ# {GOLD: #mɔtɔvˈilɛ#}
1708   | ... | ... | ... | ... | ... | ... | #mˌɒldˈikɑ# | *#mˌɒlðˈikɑ# | *#mˌɒlðˈikɑ# | *#mˌɔlːˈikə# {GOLD: >*} | *#mˌɔlːˈikə# {GOLD: >*} | *#mɔlˈikə# {GOLD: >*} | *#mɔlˈikə# {GOLD: #mɔlˈikə#}
1709   | ... | ... | ... | ... | ... | ... | #mˌʊdɪlˈitɪ# | *#mˌɔːʷðlˈitɪ# | *#mˌɔːʷlˈitə# | *#mˌɔlˈit# {GOLD: >*} | *#mˌɔlˈit# {GOLD: >*} | *#mɔlˈit# {GOLD: >*} | *#mɔlˈit# {GOLD: #mɔlˈit#}
1710   | ... | ... | ... | ... | ... | ... | ... | ... | #mˌɒlˈit͡sɑ# | *#mˌɔlˈit͡sə# {GOLD: >*} | *#mˌɔlˈit͡sə# {GOLD: >*} | *#mɔlˈit͡sə# {GOLD: >*} | *#mɔlˈit͡sə# {GOLD: #mɔlˈit͡sə#}
1711   | ... | ... | ... | ... | ... | ... | ... | ... | #mˌɒrˈɑt͡ʃɑ# | *#mˌɔɾˈat͡ʃə# {GOLD: >*} | *#mˌɔɾˈat͡ʃə# {GOLD: >*} | *#mɔɾˈat͡ʃə# {GOLD: >*} | *#mɔɾˈat͡ʃə# {GOLD: #mɔɾˈat͡ʃə#}
1712   | ... | ... | ... | ... | ... | ... | #mˌɒrβˈit͡sɑ# | *#mˌɒɾˌɑβˈit͡sɑ# | *#mˌɒɾˌɔvˈiːt͡sɑ# | *#mˌɔɾˌɔvˈiːt͡sə# {GOLD: >*} | *#mˌɔɾˌɔvˈiːt͡sə# {GOLD: >*} | *#mɔɾɔvˈit͡sə# {GOLD: >*} | *#mɔɾɔvˈit͡sə# {GOLD: #mɔɾɔvˈit͡sə#}
1713   | ... | ... | ... | ... | ... | ... | ... | #mˌɒɾɒβˈinɑ# | *#mˌɒɾɔvˈinɑ# | *#mˌɔɾɔvˈinə# {GOLD: >*} | *#mˌɔɾɔvˈinə# {GOLD: >*} | *#mɔɾɔvˈinə# {GOLD: >*} | *#mɔɾɔvˈinə# {GOLD: #mɔɾɔvˈinə#}
1714   | ... | ... | ... | ... | ... | ... | ... | ... | #mˌɒrɪnˈit͡sɑ# | *#mˌɔɾnˈit͡sə# {GOLD: >*} | *#mˌɔɾnˈit͡sə# {GOLD: >*} | *#mɔɾnˈit͡sə# {GOLD: >*} | *#mɔɾnˈit͡sə# {GOLD: #mɔɾnˈit͡sə#}
1715   | ... | ... | #mˌaːkʰanˈaː# | *#mˌɒːkʰɐnˈɑː# | *#mˈɒːkʰɑnɑː# | *#mˈokɑnɑ# | *#mˈokɑ̃ɾ̃a# | *#mˈɔkɐɾ̃a# | *#mˈɔkɐɾ̃a# | *#mˈɔkəɾ̃ə# {GOLD: #mˈɔkəɾ̃ə#} | *#mˈɔkəɾ̃# {GOLD: >*} | *#mˈɔkəɾ# {GOLD: >*} | *#mˈɔkəɾ# {GOLD: #mˈɔkəɾ#}
1716   | ... | ... | #mˈaːla# | *#mˈɒːlɑ# | *#mˈɒːlɑ# | *#mˈolɑ# | *#mˈola# | *#mˈɔla# | *#mˈɔːlˠa# | *#mˈɔːlˠə# {GOLD: >*} | *#mˈɔːlˠə# {GOLD: >*} | *#mˈɔlˠə# {GOLD: >*} | *#mˈɔlˠə# {GOLD: #mˈɔlˠə#}
1717   | ... | ... | ... | ... | ... | #mˈɔstru# | *#mˈɔstru# | *#mˈɔʃtɾu# | *#mˈɔːʃtɾə# | *#mˈɔːʃtɾ̩# {GOLD: #mˈɔʃtɾ̩#} | *#mˈɔːʃtɾ̩# {GOLD: ...} | ... {GOLD: ...} | ... {GOLD: ...}
1718   | ... | ... | ... | #mˈodum# | *#mˈɒdʊ# | *#mˈodu# | *#mˈoðu# | *#mˈɔðu# | *#mˈɔðə# | *#mˈɔð# {GOLD: >*} | *#mˈɔð# {GOLD: >*} | *#mˈɔð# {GOLD: >*} | *#mˈɔð# {GOLD: #mˈɔð#}
1719   | ... | ... | ... | ... | ... | ... | ... | ... | #mˈɒlɪ# | *#mˈɔl# {GOLD: >*} | *#mˈɔl# {GOLD: >*} | *#mˈɔl# {GOLD: >*} | *#mˈɔl# {GOLD: #mˈɔl#}
1720   | ... | ... | ... | ... | ... | ... | ... | ... | #mˈɒrɑ# | *#mˈɔɾə# {GOLD: >*} | *#mˈɔɾə# {GOLD: >*} | *#mˈɔɾə# {GOLD: >*} | *#mˈɔɾə# {GOLD: #mˈɔɾə#}
1721   | ... | ... | ... | #mˈortem# | *#mˈɒrtɛ# | *#mˈortɛ# | *#mˈortɪ# | *#mˈɔɾtɪ# | *#mˈɔːɾtə# | *#mˈɔːɾt# {GOLD: >*} | *#mˈɔːɾt# {GOLD: >*} | *#mˈɔɾt# {GOLD: >*} | *#mˈɔɾt# {GOLD: #mˈɔɾt#}
1722   | ... | ... | ... | #mˌɑnkˈɑːnioː# | *#mˌɑnkˈɒːnju# | *#mˌɑnkˈoɲu# | *#mˌankˈoɲu# | *#mə̃nkˈɔ̃ɲu# | *#mə̃nɡˈɔ̃ɲə# | *#mə̃ŋɡˈɔ̃ɲ# {GOLD: #mn̩ɡˈɔ̃ɲ#} | *#mə̃ɲ̈ɡˈɔ̃ɲ# {GOLD: >*} | *#məɲ̈ɡˈɔɲ# {GOLD: >*} | *#məŋɡˈɔj# {GOLD: #muŋɡˈɔj#}
1723   | ... | ... | ... | #mˌolˈɑːrem# | *#mˌʊlˈɑːrɛ# | *#mˌulˈɑrɛ# | *#mˌulˈarɪ# | *#mˌulˈaɾɪ# | *#mˌulˠˈaːɾə# | *#mˌulˠˈaːɾ# {GOLD: #mulˠˈaːɾ#} | *#mˌulˠˈaːɾ# {GOLD: >*} | *#mulˠˈaɾ# {GOLD: >*} | *#mulˠˈaɾ# {GOLD: #mulˠˈaɾ#}
1724   | ... | ... | ... | #mˌolˈiːnum# | *#mˌʊlˈinʊ# | *#mˌulˈinu# | *#mˌulˈinu# | *#mˌulˈĩnu# | *#mˌulˠˈĩːnə# | *#mˌulˠˈĩː# {GOLD: #mulˠˈĩː#} | *#mˌulˠˈĩː# {GOLD: >*} | *#mulˠˈi# {GOLD: >*} | *#mulˠˈi# {GOLD: #mulˠˈi#}
1725   | ... | ... | ... | #mˌuskelˈɑːrium# | *#mˌʊskɛlˈɒːrjʊ# | *#mˌuskɛlˈorju# | *#mˌuscɪlˈoru# | *#mˌuʃcɪlˈɔɾu# | *#mˌuʃcəlˠˈuo̯ɾə# | *#mˌuʃcəlˠˈuo̯ɾ# {GOLD: >*} | *#mˌuʃcəlˠˈua̯ɾ# {GOLD: >*} | *#muʃcəlˠˈua̯ɾ# {GOLD: >*} | *#muʃcəlˠˈua̯ɾ# {GOLD: #muʃkəlˠˈye̯ɾ#}
1726   | ... | ... | ... | #mˌuskˈoneɑ# | *#mˌʊskˈɒnjɑ# | *#mˌuskˈoɲɑ# | *#mˌuskˈoɲa# | *#mˌuʃkˈɔ̃ɲa# | *#mˌuʃkˈɔ̃ɲa# | *#mˌuʃkˈɔ̃ɲə# {GOLD: >*} | *#mˌuʃkˈɔ̃ɲə# {GOLD: >*} | *#muʃkˈɔɲə# {GOLD: >*} | *#muʃkˈɔɲə# {GOLD: #muʃkˈɔɲə#}
1727   | ... | ... | ... | #mˌodestikˈɑːnioː# | *#mˌʊdɛstɪkˈɒːnju# | *#mˌudɛstekˈoɲu# | *#mˌuðɪstɪkˈoɲu# | *#mˌuðʃtɪkˈɔ̃ɲu# | *#mˌuːʃtəkˈɔ̃ɲə# | *#mˌuːʃtəkˈɔ̃ɲ# {GOLD: >*} | *#mˌuːʃtəkˈɔ̃ɲ# {GOLD: >*} | *#muʃtəkˈɔɲ# {GOLD: >*} | *#muʃtəkˈɔj# {GOLD: #muʃtəkˈɔj#}
1728   | ... | ... | ... | ... | ... | ... | ... | #mˌʊʒˈɪ̃nɪskɑ# | *#mˌʊʒˈãnəskɑ# | *#mˌuʒˈʌ̃nskə# {GOLD: >*} | *#mˌuʒˈə̃nskə# {GOLD: >*} | *#muʒˈənt͡skə# {GOLD: >*} | *#muʒˈənt͡skə# {GOLD: #muʒˈənt͡skə#}
1729   | ... | ... | ... | #mˌortˈɑːliɑ# | *#mˌʊrtˈɑːʎɑ# | *#mˌurtˈɑʎɑ# | *#mˌurtˈaʎa# | *#mˌuɾtˈaʎa# | *#mˌuɾtˈaːʎa# | *#mˌuɾtˈaːʎə# {GOLD: >*} | *#mˌuɾtˈaːʎə# {GOLD: >*} | *#muɾtˈajə# {GOLD: >*} | *#muɾtˈajə# {GOLD: #muɾtˈajə#}
1730   | ... | ... | ... | #mˌurmurˈɑːnioː# | *#mˌʊrmʊrˈɒːnju# | *#mˌurmurˈoɲu# | *#mˌurmurˈoɲu# | *#mˌuɾmuɾˈɔ̃ɲu# | *#mˌuɾmuɾˈɔ̃ɲə# | *#mˌuɾmuɾˈɔ̃ɲ# {GOLD: >*} | *#mˌuɾmuɾˈɔ̃ɲ# {GOLD: >*} | *#muɾmuɾˈɔɲ# {GOLD: >*} | *#muɾmuɾˈɔj# {GOLD: #muɾmuɾˈɔj#}
1731   | ... | ... | ... | #ˌimmˈuːne# | *#ˌɪmmˈuːnɛ# | *#ˌemmˈynɛ# | *#əmmˈunɪ# | *#ə̃mmˈũnɪ# | *#ə̃mːˈũːnə# | *#ə̃mːˈũː# {GOLD: #mˈũː#} | *#ə̃mˈũː# {GOLD: >*} | *#mˈu# {GOLD: >*} | *#mˈu# {GOLD: #mˈu#}
1732   | ... | ... | ... | #mˈulɑ# | *#mˈʊlɑ# | *#mˈulɑ# | *#mˈula# | *#mˈula# | *#mˈuːlˠa# | *#mˈuːlˠə# {GOLD: >*} | *#mˈuːlˠə# {GOLD: >*} | *#mˈulˠə# {GOLD: >*} | *#mˈulˠə# {GOLD: #mˈulˠə#}
1733   | ... | ... | ... | #mˈuskulum# | *#mˈʊskʊlʊ# | *#mˈuskulu# | *#mˈuskulu# | *#mˈuʃkulu# | *#mˈuːʃkulˠə# | *#mˈuːʃkulˠ# {GOLD: >*} | *#mˈuːʃkulˠ# {GOLD: >*} | *#mˈuʃkulˠ# {GOLD: >*} | *#mˈuʃkulˠ# {GOLD: #mˈuʃkulˠ#}
1734   | ... | ... | ... | #mˈustum# | *#mˈʊstʊ# | *#mˈustu# | *#mˈustu# | *#mˈuʃtu# | *#mˈuːʃtə# | *#mˈuːʃt# {GOLD: >*} | *#mˈuːʃt# {GOLD: >*} | *#mˈuʃt# {GOLD: >*} | *#mˈuʃt# {GOLD: #mˈuʃt#}
1735   | ... | ... | ... | #mˈodium# | *#mˈʊd͡ʒjʊ# | *#mˈud͡ʒju# | *#mˈud͡ʒu# | *#mˈuzu# | *#mˈuːzə# | *#mˈuːz# {GOLD: #mˈuz#} | *#mˈuːz# {GOLD: >*} | *#mˈuz# {GOLD: >*} | *#mˈuz# {GOLD: #mˈuz#}
1736   | ... | ... | ... | ... | ... | ... | #mˈʊzɡɒ# | *#mˈʊzɡɒ# | *#mˈɔːʷzɡɒ# | *#mˈuzɡə# {GOLD: >*} | *#mˈuzɡə# {GOLD: >*} | *#mˈuzɡə# {GOLD: >*} | *#mˈuzɡə# {GOLD: #mˈuzɡə#}
1737   | ... | ... | ... | #mˈuːrum# | *#mˈuːrʊ# | *#mˈyru# | *#mˈyru# | *#mˈyɾu# | *#mˈyːɾə# | *#mˈyːɾ# {GOLD: >*} | *#mˈyːɾ# {GOLD: >*} | *#mˈyɾ# {GOLD: >*} | *#mˈyɾ# {GOLD: #mˈuɾ#}
1738   | ... | ... | ... | #mˈonɑkʰum# | *#mˈʊnɑkʰʊ# | *#mˈunɑku# | *#mˈunaku# | *#mˈũnɐku# | *#mˈũnɐkə# | *#mˈũnək# {GOLD: #mˈũɾ̃ək#} | *#mˈũnək# {GOLD: #mˈũɾɡ#} | *#mˈunək# {GOLD: >*} | *#mˈunk# {GOLD: #mˈuɾɡ#}
1739   | ... | ... | ... | #ˌɑmˈurɡɑ# | *#ˌɑmˈʊrɡɑ# | *#ˌɑmˈurɡɑ# | *#mˈurɡa# | *#mˈuɾɡa# | *#mˈuːɾɡa# | *#mˈuːɾɡə# {GOLD: #mˈuɾɡə#} | *#mˈuːɾɡə# {GOLD: >*} | *#mˈuɾɡə# {GOLD: >*} | *#mˈuɾɡə# {GOLD: #mˈuɾɡə#}
1740   | ... | ... | ... | #inbˌoreˈɑːnum# | *#ɪnbˌʊrjˈɑːnʊ# | *#enbˌurjˈɑnu# | *#ənbˌurːˈanu# | *#ə̃nbˌurːˈãɾ̃u# | *#ə̃nbˌurːˈãɾ̃ə# | *#ə̃mbˌurˈʌ̃# {GOLD: #murˈɑ̃#} | *#ə̃mbˌurˈə̃# {GOLD: >*} | *#mˈurə# {GOLD: >*} | *#mˈurə# {GOLD: #mˈurə#}
1741   | ... | ... | ... | #ˌɑmbipˌɑtˈiːnum# | *#ˌɑmbʊpˌɑtˈinʊ# | *#ˌɑmbupˌɑtˈinu# | *#əmbupˌatˈinu# | *#ə̃mbpətˈĩnu# | *#ə̃mpː̬ətˈĩːnə# | *#ə̃mpː̬ətˈĩː# {GOLD: #mpətˈĩː#} | *#ə̃mpː̬ətˈĩː# {GOLD: >*} | *#mbətˈi# {GOLD: >*} | *#mbətˈi# {GOLD: #mtˈi#}
1742   | ... | ... | ... | #ˌinwˌidiˈɑːnioː# | *#ˌɪnwˌɪd͡ʒjˈɒːnju# | *#ˌemˌed͡ʒjˈoɲu# | *#mɪd͡ʒˈoɲu# | *#mɪzˈɔ̃ɲu# | *#məzˈɔ̃ɲə# | *#məzˈɔ̃ɲ# {GOLD: #mizˈɔ̃ɲ#} | *#məzˈɔ̃ɲ# {GOLD: >*} | *#md͡zˈɔɲ# {GOLD: >*} | *#md͡zˈɔj# {GOLD: #md͡zˈɔj#}
1743   | ... | ... | ... | #mˌɑrelˈuːkium# | *#mˌɑrɛlˈuːkjʊ# | *#mˌɑrɛlˈykju# | *#mˌarɪlˈycju# | *#məɾəlˈycju# | *#məɾəlˈycjə# | *#məlˈyc# {GOLD: >*} | *#məlˈyc# {GOLD: >*} | *#mlˈyc# {GOLD: #məlˈyʃ#} | *#mlˈyc# {GOLD: #mlˈyʃ#}
1744   | ... | ... | ... | ... | #mˌiːrˌɑːkulˈɒːɲu# | *#mˌirˌɑkulˈoɲu# | *#mˌirˌakulˈoɲu# | *#məɾˌækulˈɔ̃ɲu# | *#məɾˌækulˠˈɔ̃ɲə# | *#məɾˌɛkəlˠˈɔ̃ɲ# {GOLD: #məɾakulˠˈɔ̃ɲ#} | *#məɾˌɛkəlˠˈɔ̃ɲ# {GOLD: >*} | *#mɾɛklˠˈɔɲ# {GOLD: #mɾakulˠˈɔj#} | *#mɾɛklˠˈɔj# {GOLD: ...}
1745   | ... | ... | ... | ... | #mˌiːrˈɑːkulu# | *#mˌirˈɑjkulu# | *#mˌirˈekulu# | *#məɾˈekulu# | *#məɾˈɛkulˠə# | *#məɾˈɛkulˠ# {GOLD: #məɾˈɛkulˠ#} | *#məɾˈɛkulˠ# {GOLD: >*} | *#mɾˈɛkulˠ# {GOLD: >*} | *#mɾˈɛkulˠ# {GOLD: #mɾˈɛkulˠ#}
1746   | ... | ... | ... | #ˌɑmbulˈɑːnioː# | *#ˌɑmbʊlˈɒːnju# | *#ˌɑmbulˈoɲu# | *#əmbulˈoɲu# | *#ə̃mbulˈɔ̃ɲu# | *#ə̃mbulˠˈɔ̃ɲə# | *#ə̃mbulˠˈɔ̃ɲ# {GOLD: #m̩bəlˠˈɔ̃ɲ#} | *#ə̃mbulˠˈɔ̃ɲ# {GOLD: >*} | *#mbulˠˈɔɲ# {GOLD: >*} | *#mbulˠˈɔj# {GOLD: #mbalˠˈɔj#}
1747   | ... | ... | ... | #ˌimplˌɑntˈɑːnioː# | *#ˌɪmplˌɑntˈɒːnju# | *#ˌemplˌɑntˈoɲu# | *#əmpləntˈoɲu# | *#ə̃mplə̃ntˈɔ̃ɲu# | *#ə̃mblə̃ndˈɔ̃ɲə# | *#ə̃mblə̃ndˈɔ̃ɲ# {GOLD: >*} | *#ə̃mblə̃ndˈɔ̃ɲ# {GOLD: >*} | *#mbləndˈɔɲ# {GOLD: >*} | *#mbləndˈɔj# {GOLD: #mbəltˈɔj#}
1748   | ... | ... | ... | ... | ... | ... | ... | ... | #ˌɛmpˈɒrijɑ# | *#ˌɛmbˈɔɾijə# {GOLD: >*} | *#ˌɛmbˈɔɾij# {GOLD: >*} | *#mbˈɔɾij# {GOLD: >*} | *#mbˈɔɾij# {GOLD: #mbˈɔɾjɛ#}
1749   | ... | ... | ... | #mˌɑnipulˈɑːnioː# | *#mˌɑnɪpʊlˈɒːnju# | *#mˌɑnpulˈoɲu# | *#mˌanpulˈoɲu# | *#mə̃npulˈɔ̃ɲu# | *#mə̃npulˠˈɔ̃ɲə# | *#mə̃mbulˠˈɔ̃ɲ# {GOLD: >*} | *#mbulˠˈɔ̃ɲ# {GOLD: >*} | *#mbulˠˈɔɲ# {GOLD: >*} | *#mbulˠˈɔj# {GOLD: #mbulˈɔj#}
1750   | ... | ... | ... | ... | ... | ... | #ɪnbˌuxˈɑtɪ# | *#ɪ̃nbəxˈɑtɪ# | *#ə̃nbəxˈɑtə# | *#ə̃mbəxˈat# {GOLD: >*} | *#ə̃mbəhˈat# {GOLD: >*} | *#mbəhˈat# {GOLD: >*} | *#mbəhˈat# {GOLD: #mbufˈat#}
1751   | ... | ... | ... | #ˌimplˈeːnioː# | *#ˌɪmplˈɒːnju# | *#ˌemplˈoɲu# | *#əmplˈoɲu# | *#ə̃mplˈɔ̃ɲu# | *#ə̃mblˈɔ̃ɲə# | *#ə̃mblˈɔ̃ɲ# {GOLD: >*} | *#ə̃mblˈɔ̃ɲ# {GOLD: >*} | *#mblˈɔɲ# {GOLD: >*} | *#mblˈɔj# {GOLD: #mblˈɔj#}
1752   | ... | ... | ... | ... | ... | ... | #ɪnpˈɒrzdɪnʊ# | *#ɪ̃npɾˈɑzdnə# | *#ə̃npɾˈɑːzdnə# | *#ə̃mbɾˈaːzn̩# {GOLD: >*} | *#ə̃mbɾˈaːzn̩# {GOLD: >*} | *#mbɾˈazn̩# {GOLD: >*} | *#mbɾˈazən# {GOLD: #mbɾˈazən#}
1753   | ... | ... | ... | #ˌimperˌɑːtoːrˈissɑm# | *#ˌɪmpɛrˌɑːtʊrˈɪssɑ# | *#ˌempɛrˌɑturˈessɑ# | *#əmpɪrˌaturˈessa# | *#ə̃mpɪɾˌætuɾˈeʃa# | *#ə̃mbəɾˌætuɾˈɛːʃa# | *#ə̃mbəɾˌɛtuɾˈɛːʃə# {GOLD: >*} | *#ə̃mbəɾˌɛtuɾˈɛːʃə# {GOLD: >*} | *#mbɾɛtɾˈɛʃə# {GOLD: >*} | *#mbɾɛtɾˈɛʃə# {GOLD: #mbɾɛtəɾˈɛʃə#}
1754   | ... | ... | ... | #ˌimperˈɑːtum# | *#ˌɪmpɛrˈɑːtʊ# | *#ˌempɛrˈɑjtu# | *#əmpɪrˈetu# | *#ə̃mpɪɾˈetu# | *#ə̃mbəɾˈɛtə# | *#ə̃mbəɾˈɛt# {GOLD: #m̩pəɾˈɛt#} | *#ə̃mbəɾˈɛt# {GOLD: >*} | *#mbɾˈɛt# {GOLD: >*} | *#mbɾˈɛt# {GOLD: #mbɾˈɛt#}
1755   | ... | ... | ... | ... | #ˌimperˈɑːtor# | *#ˌimperˈɑjtor# | *#əmpɪrˈetor# | *#ə̃mpɪɾˈetɔɾ# | *#ə̃mbəɾˈɛtɔɾ# | *#ə̃mbəɾˈɛtɾ̩# {GOLD: >*} | *#ə̃mbəɾˈɛtɾ̩# {GOLD: >*} | *#mbɾˈɛtɾ̩# {GOLD: >*} | *#mbɾˈɛtəɾ# {GOLD: #mbɾˈɛtəɾ#}
1756   | ... | ... | ... | #ˌimpɑrˈɑːnioː# | *#ˌɪmpɑrˈɒːnju# | *#ˌempɑrˈoɲu# | *#əmparˈoɲu# | *#ə̃mpəɾˈɔ̃ɲu# | *#ə̃mbəɾˈɔ̃ɲə# | *#ə̃mbəɾˈɔ̃ɲ# {GOLD: >*} | *#ə̃mbəɾˈɔ̃ɲ# {GOLD: >*} | *#mbɾˈɔɲ# {GOLD: >*} | *#mbɾˈɔj# {GOLD: #mbɾˈɔj#}