INPUT,/cˈixnieχ/,/cχˈembereχ/,/cxʷˌestrˈom/,/cxʷnˈids/,/cxʷˈerxbʰos/,/cxʷˈerxbʰm̩tm̩/,/cxʷˈerxbʰtm̩/,/cxʷˈerxmos/,/cxʷˈerxqos/,/cˈowxilm̩/,/cˈewqoχ/,/cˈuqeχ/,/cˈupos/,/tocˈupos/,/clewˈexneoχ/,/clowsnejoχ/,/ɟˈomxtr̩xeχ/,/ɟˈembʰoχ/,/ɟˈombʰos/,/ɟnˈexmn̩/,/ɟˈenxtis/,/ɟn̩xʷscˈeti/,/ɟn̩xʷscˈesi/,/ɟnexʷscˈoχ/,/ɟnˈunos/,/ɟr̩χnˈeχ/,/ɟr̩χniˈeχ/,/ɟʰejmˈonos/,/ɟʰwˈonos/,/ɟʰwˈeχɢos/,/ɟʰuslˈos/,/ɟʰdʰˈoːm/,/dʰˈeɟʰxˈoːs/,/ɟʰdʰˈoːmiχ/,/ɟʰdiˈes/,/ɟʰˈesi/,/ɟʰˈedetioχ/,/ɟʰˈesreχ/,/ɟʰˈesrxe/,/ɟʰˈorios/,/ɟʰersˈos/,/ɟʰr̩sdʰˈeχ/,/xˈeɟʰs/,/xeɟʰstˈos/,/sˈuχ/,/xudriˈom/,/xwosˈejoχ/,/xwosˈejeti/,/xˈeme/,/xme/,/xmˈeːm/,/xwˈenoχ/,/xˈetero/,/xˈeteoχ/,/xˈetesi/,/xˈeteti/,/xˈesi/,/xˈesti/,/xˈesento/,/xˌedˈuneχ/,/xˈorɟʰoχ/,/xˈorɟʰeti/,/xrˈeɡʷnos/,/xrˈepoχ/,/xˌorɟʰˈieχ/,/wr̩ɟʰˈeχ/,/xrˈontu/,/xnˈewn̩tˈom/,/jˈuxs/,/jˌowxsnˈom/,/jˈemos/,/qˈeχpxʷstm̩/,/qχpˈoχ/,/qsˈeːniwo/,/qsulnˈos/,/qelxbʰˈos/,/qˈolχoχ/,/sqˈoːlxʷos/,/sqˈoːlisteχ/,/sqˈolimos/,/dissqˈelm̩/,/dissqˈelnm̩/,/xeɟʰssqˈerejoχ/,/qˈorpeχ/,/qrˈopix/,/xeɟʰsqrˈopix/,/qrˈipseχ/,/ɢwˈosdos/,/ɢwˈosdix/,/ɢʰln̩dʰtiˈoχ/,/ɢʰrˈobeχ/,/xenɢʰrˈodʰiscoχ/,/ɢʰˈordʰos/,/heɟʰsɢʰˈordʰeχ/,/χˈextreχ/,/χˈocu/,/χˈoceːtm̩/,/χˈojukʷid/,/χˈejɟos/,/χˌejɟˈijeχ/,/χˌeɡʷniˈex/,/χˈejdʰiceχi/,/ħˈew/,/xwidʰxˈeweχ/,/χˈewis/,/χˈewɢos/,/χwelkˈejoχ/,/χwˈerioχ/,/χwˈeːrˈesm̩/,/χwˈernm̩/,/xwˈorejoχ/,/χpˈo/,/χpˈoħew/,/perχˈepeχ/,/χˈemmeχ/,/χmˈelɟoχ/,/χmˈelɟnm̩/,/χˈetteχ/,/χˈettenes/,/χˌen/,/χˈenteχ/,/χenxiˈoχ/,/χenxtˈeχ/,/χnˈeχtieχ/,/χˈn̩dʰos/,/χˈn̩dʰix/,/χnˈer/,/χˈelbʰit/,/χlˈoidos/,/χrˈoticos/,/χˈr̩tcos/,/ħˈejdʰos/,/ħewˈi/,/ħˈuto/,/ħˈeːwlos/,/ħˈeːwlˈm̩/,/ħˈorɟʰix/,/meħˈernoχ/,/meħˈernesi/,/meħˈerneti/,/mħˈeχrid/,/kʷˈixleχ/,/ˈn̩kʷixleχ/,/kʷˈis/,/kʷˈix/,/kʷˈox/,/kʷˈom/,/kʷˈosio/,/kʷˈossos/,/kʷˈeχsleχ/,/kʷˈur/,/kʷˈelxoχ/,/kʷˈelxet/,/kʷˈolxˈejeti/,/kʷelxscˈoχmm̩/,/kʷˈeːrsneχ/,/kʷˈr̩mis/,/ɡʷˈr̩xos/,/χˈenɡʷrxˈesm̩/,/χenɡʷrxʷt/,/χenɡʷrxʷˈesit/,/χˈenɡʷrxʷmos/,/χˌenɡʷˈr̩xneχ/,/χˌenɡʷrxnnm̩/,/ɡʷˌeːrxʷnˈeχ/,/ɡʷʰˌermˈos/,/ɡʷʰˌernˈos/,/ɡʷʰˈernioχ/,/xʷectˈexʷtm̩/,/xʷkʷˈix/,/xʷiˈoxʷsoχ/,/xʷiˈexʷsoχ/,/xʷˈodmeχ/,/xʷedrˈeχ/,/xʷˈesqos/,/xʷˈestihneχ/,/xʷlˈiɢos/,/xʷˈerɟʰejes/,/xʷrˈowqsos/,/wˈeɟʰoχ/,/wˈeɟʰesi/,/wˈeɟʰeti/,/xwˈeɟʰontoi/,/wˈeːɟʰˌesa/,/wˈoxineχ/,/wˈebʰneoχ/,/wˈetesi/,/wˈetessi/,/wˈetwessos/,/wˈetos/,/wn̩kˈettm̩/,/wˈeːlxeχ/,/wˈelxeti/,/wˈelxoχ/,/weːlxˈesm̩/,/diswˈelxm̩tm̩/,/disxenterwˈelxoχ/,/wˈl̩kʷos/,/wˈelsoχ/,/wˈolneχ/,/wˈorxeneχ/,/wˈr̩xnieχ/,/wˈr̩χdniχ/,/wˈr̩χdnidʰieχ/,/wˈr̩weχ/,/wr̩tˈm̩/,/wˈereneχ/,/wˈr̩neχ/,/pˈixʷioχ/,/pˈixʷieti/,/pˈitsieχ/,/pˈisdo/,/pχtˈm̩/,/pχssˈm̩/,/pχsˈes/,/pχˈes/,/pχˈesnm̩/,/pˈekʷoχ/,/pˈekʷˈm̩/,/pˈucoχ/,/pˈudneχ/,/pˈotˈesm̩/,/pˈedsi/,/pˈostkʷe/,/pˈl̩xcioχ/,/plextˈos/,/plˈextm̩/,/χenplˈexneox/,/χenplˈexneti/,/pˈelxmos/,/pˈelxm̩/,/pˈelxoχ/,/pˈl̩χqo/,/xeɟʰspl̩χˈeχ/,/plowsitos/,/pˈoːlneχ/,/pˈolnm̩/,/per/,/peri/,/spˈeros/,/pˈerdoχ/,/pˈerdeti/,/pˈeːrdˈesm̩/,/pˈeːrdeχ/,/heɟʰspˈerioχ/,/bʰixnˈeti/,/bʰˈixrieχ/,/bʰˈixros/,/bʰχlˈom/,/bʰχnˈe/,/bʰχniˈeti/,/bʰχniˈesi/,/bʰχneˈoχ/,/bʰχnnˈux/,/bʰχnˈm̩/,/bʰχntˈm̩/,/bʰinˈedʰoχ/,/bʰinedʰˈettoj/,/bʰˈojdʰeχ/,/bʰˈowχnnos/,/bʰuˈeχteχ/,/bʰuɢʰtˈm̩/,/χenbˈuneseti/,/bʰˌolxnˈeχ/,/bʰˈeroχ/,/bʰˈorxɟm̩/,/bʰr̩χɟˈix/,/bʰˈerioχ/,/bʰˈoruqom/,/bʰˈorneχ/,/bʰˈoros/,/bʰˈoːros/,/bʰˈejreχ/,/bʰerˈimn̩/,/bʰrˈedoχ/,/bʰlˈoxrm̩/,/bʰlˌeχɢrˈeχ/,/mˈex/,/mˈexkʷe/,/mxtˈesm̩/,/mxtiˈoχ/,/mxtˈiti/,/mxttˈm̩/,/mˈextis/,/mˈextesseχ/,/mˈexnsios/,/mˈixrm̩/,/mˈuxs/,/mˈeχtr̩xm̩/,/mχɟiˈeχ/,/memsˈom/,/mˈetχ/,/mˌn̩tˈos/,/mn̩tˈi/,/mˈelitm̩/,/mˈelχwom/,/melˌeχwoniˈoχ/,/mˈolxʷnu/,/χenteχɟˈettm̩/,/xentˈekʷoχ/,/xentˈekʷwed/,/xenteːkʷwiˈesm̩/,/xenteːkʷwˈit/,/tˈui/,/tue/,/tˈuχ/,/pertupiˈoχ/,/heɟstupiˈeti/,/tˈawros/,/tˈawrix/,/tˈulnos/,/xentˈenioχ/,/tˈendoχ/,/trˈejes/,/trˈiχ/,/trˈejɡʰeχ/,/trˈewdoχ/,/χentrˈudoχ/,/heɟʰstrudoχ/,/trˈemoχ/,/tˈr̩mo/,/tˈorsejoχ/,/tˈernoχ/,/tˈernm̩/,/tˈeːrˈesm̩/,/m̩dˈecm̩tm̩/,/dχˈewnm̩/,/xedxʷesnˈm̩/,/xedxʷesˈm̩/,/xedxʷtˈeː/,/dwˈojɢʰeχ/,/dwˈojxous/,/dr̩ctˈeχ/,/dˈorxɢʰejoχ/,/dˈerxɢʰoχ/,/dˈeːrxɢʰiˈesm̩/,/drˈunos/,/drˈuχnos/,/dˈexmn̩/,/dˈexmnieχ/,/dˈomχix/,/dl̩xɡʰˈotm̩/,/dˈecseχ/,/χendˈecsu/,/dʰˈescoχ/,/dʰˈexilieχ/,/dʰˈextieχ/,/dʰiχiˈoχ/,/dʰiχtˈesm̩/,/dʰˈeɡʷʰoχ/,/dʰeɡʷʰojnteχs/,/χendˈoɡʷʰejoχ/,/χendˈoɡʷʰejeti/,/dʰˈewnieχ/,/dʰwˈoːreχ/,/dʰwˈoːrix/,/dʰˈolnoχ/,/scxjˈeχs/,/scχˈiri/,/si/,/six/,/sχˈeusnioχ/,/sˈecstm̩/,/sˈeχleχ/,/sqewdˈeti/,/sqˈondneχ/,/sqˈorpeχ/,/sqolxˈeχ/,/sqˈolimos/,/sˈuχ/,/swˌidˈertieχ/,/sˈuxsios/,/sˈuxs/,/sokʷˈos/,/sokʷˈox/,/sokʷomtˈom/,/sˈupnos/,/sˌeptm̩tˈos/,/sporˈeχ/,/sporˈeχm/,/sporˈeχs/,/smˈecreχ/,/sˌeːmχtiˈeχ/,/stˈojɢʰos/,/steχ/,/steχuˈesm̩/,/stˈuχleχ/,/steχunˈm̩/,/stˈeχneoχ/,/stχneˈoχ/,/stχˈentieχ/,/stˈoloχ/,/km̩stˈoleχ/,/stˈolbʰos/,/stˈeloχ/,/peristˈeːlot/,/stˈerioχ/,/stˈr̩sm̩/,/stˈeriχ/,/stˈr̩xʷneoχ/,/stˈr̩neoχ/,/pˈejsdos/,/srˈuχmn̩/,/srumˈi/,/sˈerponos/,/sr̩pˈenioes/,/sˈorbʰejoχ/,/sorbʰˈejeti/,/sormˈeχ/,/sˈelpm̩/,/sˈolχwos/,/nˈoːkʷe/,/nˈokʷteχ/,/nˈokʷtix/,/nˈux/,/nˈomeχ/,/nˈoːs/,/nˈos/,/nˈoːssi/,/nˈoːsoːm/,/χentbʰilˈeɟoχ/,/lˈextejes/,/lˈexdoχ/,/lˈexdm̩/,/lˈexdettm̩/,/lˈexdreχ/,/lˈejɟoχ/,/xʷlˈiɢos/,/lˈoɢʰos/,/lχscˈeti/,/lˈubʰnm̩/,/luɢˈos/,/luɢˈeχ/,/lewɢotˈeχ/,/lˈewxʷoχ/,/lˈowxʷneoχ/,/lˈowxʷnm̩/,/lˈumos/,/lˈewdʰros/,/ludˈitioχ/,/ruɟˈeχ/
R0,,*/cχˈɑmbereχ/,*/cxʷˌostrˈom/,,*/cxʷˈorxbʰos/,*/cxʷˈorxbʰm̩tm̩/,*/cxʷˈorxbʰtm̩/,*/cxʷˈorxmos/,*/cxʷˈorxqos/,,,,,,,,,,,,,,,,,,,,,,,,,,,,,,,,,,,,,,,,,,,,,,,,,,,,,,,,,,,,,,,,,,,,,,,,,,,,,,,,,,,,,*/hɑɟʰsɢʰˈordʰeχ/,*/χˈɑxtreχ/,,,,*/χˈɑjɟos/,*/χˌɑjɟˈijeχ/,*/χˌɑɡʷniˈex/,*/χˈɑjdʰiceχi/,*/ħˈɑw/,,*/χˈɑwis/,*/χˈɑwɢos/,,,,,,,*/χpˈoħɑw/,*/perχˈɑpeχ/,*/χˈɑmmeχ/,,,*/χˈɑtteχ/,*/χˈɑttenes/,*/χˌɑn/,*/χˈɑnteχ/,*/χɑnxiˈoχ/,*/χɑnxtˈeχ/,,,,,*/χˈɑlbʰit/,,,,*/ħˈɑjdʰos/,*/ħɑwˈi/,,*/ħˈɑːwlos/,*/ħˈɑːwlˈm̩/,,*/meħˈɑrnoχ/,*/meħˈɑrnesi/,*/meħˈɑrneti/,*/mħˈɑχrid/,,,,,,,,,,,,,,,,,,*/χˈɑnɡʷrxˈesm̩/,*/χɑnɡʷrxʷt/,*/χɑnɡʷrxʷˈosit/,*/χˈɑnɡʷrxʷmos/,*/χˌɑnɡʷˈr̩xneχ/,*/χˌɑnɡʷrxnnm̩/,,,,,*/xʷoctˈexʷtm̩/,,,,,*/xʷodrˈeχ/,*/xʷˈosqos/,*/xʷˈostihneχ/,,*/xʷˈorɟʰejes/,,,,,,,,,,,,,,,,,,,,,,,,,,,,,,,,,,,,,,*/pχˈɑs/,*/pχˈɑsnm̩/,,,,,,,,,,,*/χɑnplˈexneox/,*/χɑnplˈexneti/,,,,,*/xeɟʰspl̩χˈɑχ/,,,,,,,,,,,*/hɑɟʰspˈerioχ/,,,,,,,,,,,,,,,,,,*/χɑnbˈuneseti/,,,,,,,,,,,,,,,,,,,,,,,,,,,,,,,,,,,,*/χɑnteχɟˈettm̩/,,,,,,,,,*/hɑɟstupiˈeti/,,,,,,,,,,*/χɑntrˈudoχ/,*/hɑɟʰstrudoχ/,,,,,,,,*/dχˈɑwnm̩/,*/xedxʷosnˈm̩/,*/xedxʷosˈm̩/,,,,,,,,,,,,,,,*/χɑndˈecsu/,,,,,,,,*/χɑndˈoɡʷʰejoχ/,*/χɑndˈoɡʷʰejeti/,,,,,,,,,*/sχˈɑusnioχ/,,,,,,,,,,,,,,,,,,,,,,,,,,,,,*/stχˈɑntieχ/,,,,,,,,,,,,,,,,,,,,,,,,,,,,,,*/χɑntbʰilˈeɟoχ/,,,,,,,,,,,,,,,,,,,,
R1,*/cˈixniɑχ/,*/cχˈɑmberɑχ/,,,,,,,,,,*/cˈuqɑχ/,,,,,*/ɟˈomxtr̩xɑχ/,,,,,,,*/ɟnoxʷscˈoχ/,,*/ɟr̩χnˈɑχ/,*/ɟr̩χniˈɑχ/,,,*/ɟʰwˈɑχɢos/,,,,,,,,*/ɟʰˈesrɑχ/,,,,*/ɟʰr̩sdʰˈɑχ/,,,,,,,,,,,,,,,,,,*/xˌedˈunɑχ/,,,,,*/xˌorɟʰˈiɑχ/,*/wr̩ɟʰˈɑχ/,,,,,,*/qˈɑχpxʷstm̩/,,,,,,,*/sqˈoːlistɑχ/,,,,,*/qˈorpɑχ/,,,*/qrˈipsɑχ/,,,,*/ɢʰrˈobɑχ/,,,*/hɑɟʰsɢʰˈordʰɑχ/,*/χˈɑxtrɑχ/,,,,,*/χˌɑjɟˈijɑχ/,,*/χˈɑjdʰicɑχi/,,*/xwidʰxˈewɑχ/,,,,,,,,,,*/perχˈɑpɑχ/,*/χˈɑmmɑχ/,,,*/χˈɑttɑχ/,,,*/χˈɑntɑχ/,,*/χɑnxtˈɑχ/,*/χnˈɑχtiɑχ/,,,,,,,,,,,,,,*/mɑħˈɑrnoχ/,*/mɑħˈɑrnesi/,*/mɑħˈɑrneti/,,*/kʷˈixlɑχ/,*/ˈn̩kʷixlɑχ/,,,,,,,*/kʷˈɑχslɑχ/,,,,,,*/kʷˈeːrsnɑχ/,,,,,,,*/χˌɑnɡʷˈr̩xnɑχ/,,*/ɡʷˌeːrxʷnˈɑχ/,,,,*/xʷoctˈoxʷtm̩/,,,*/xʷiˈoxʷsoχ/,*/xʷˈodmɑχ/,*/xʷodrˈɑχ/,,*/xʷˈostihnɑχ/,,,,,,,,,*/wˈoxinɑχ/,,,,,,,*/wˈeːlxɑχ/,,,,,,,,*/wˈolnɑχ/,*/wˈorxenɑχ/,*/wˈr̩xniɑχ/,,*/wˈr̩χdnidʰiɑχ/,*/wˈr̩wɑχ/,,*/wˈerenɑχ/,*/wˈr̩nɑχ/,,,*/pˈitsiɑχ/,,,,,,,,,,*/pˈudnɑχ/,,,,,,,,,,,,,,,*/pˈoːlnɑχ/,,,,,,,,*/pˈeːrdɑχ/,,,*/bʰˈixriɑχ/,,,,,,,,,,,,*/bʰˈojdʰɑχ/,,*/bʰuˈɑχtɑχ/,,,*/bʰˌolxnˈɑχ/,,,,,,*/bʰˈornɑχ/,,,*/bʰˈejrɑχ/,,,,*/bʰlˌɑχɢrˈɑχ/,,,,,,,,*/mˈextessɑχ/,,,,*/mˈɑχtr̩xm̩/,*/mχɟiˈɑχ/,,,,,,,*/melˌɑχwoniˈoχ/,,*/χɑntɑχɟˈettm̩/,,,,,,,,,,,,,,,,,*/trˈejɡʰɑχ/,,,,,,,,,,,,,,,*/dwˈojɢʰɑχ/,,*/dr̩ctˈɑχ/,,,,,,,*/dˈexmniɑχ/,,,*/dˈecsɑχ/,,,*/dʰˈexiliɑχ/,*/dʰˈextiɑχ/,,,,*/dʰeɡʷʰojntɑχs/,,,*/dʰˈewniɑχ/,*/dʰwˈoːrɑχ/,,,*/scxjˈɑχs/,,,,,,*/sˈɑχlɑχ/,,*/sqˈondnɑχ/,*/sqˈorpɑχ/,*/sqolxˈɑχ/,,,*/swˌidˈertiɑχ/,,,,,,,,*/sporˈɑχ/,*/sporˈɑχm/,*/sporˈɑχs/,*/smˈecrɑχ/,*/sˌeːmχtiˈɑχ/,,*/stɑχ/,*/stɑχuˈesm̩/,*/stˈuχlɑχ/,*/stɑχunˈm̩/,*/stˈɑχneoχ/,,*/stχˈɑntiɑχ/,,*/km̩stˈolɑχ/,,,,,,,,,,,,,,,,*/sormˈɑχ/,,,,*/nˈokʷtɑχ/,,,*/nˈomɑχ/,,,,,,,,,,*/lˈexdrɑχ/,,,,,,,*/luɢˈɑχ/,*/lewɢotˈɑχ/,,,,,,,*/ruɟˈɑχ/
R2,*/cˈiːniɑː/,*/cχˈɑmberɑː/,,,,,,,,,*/cˈewqoː/,*/cˈuqɑː/,,,*/clewˈeːneoː/,*/clowsnejoː/,*/ɟˈomxtr̩xɑː/,*/ɟˈembʰoː/,,*/ɟnˈeːmn̩/,,,,*/ɟnoːscˈoː/,,*/ɟr̩χnˈɑː/,*/ɟr̩χniˈɑː/,,,*/ɟʰwˈɑːɢos/,,,,*/ɟʰdʰˈoːmiː/,,,*/ɟʰˈedetioː/,*/ɟʰˈesrɑː/,,,,*/ɟʰr̩sdʰˈɑː/,,,*/sˈuː/,,*/xwosˈejoː/,,,,,*/xwˈenoː/,,*/xˈeteoː/,,,,,,*/xˌedˈunɑː/,*/xˈorɟʰoː/,,,*/xrˈepoː/,*/xˌorɟʰˈiɑː/,*/wr̩ɟʰˈɑː/,,,*/jˈuːs/,,,*/qˈɑːpxʷstm̩/,*/qχpˈoː/,,,,*/qˈolχoː/,,*/sqˈoːlistɑː/,,,,*/xeɟʰssqˈerejoː/,*/qˈorpɑː/,*/qrˈopiː/,*/xeɟʰsqrˈopiː/,*/qrˈipsɑː/,,*/ɢwˈosdiː/,*/ɢʰln̩dʰtiˈoː/,*/ɢʰrˈobɑː/,*/xenɢʰrˈodʰiscoː/,,*/hɑɟʰsɢʰˈordʰɑː/,*/χˈɑːtrɑː/,,,,,*/χˌɑjɟˈijɑː/,*/χˌɑɡʷniˈeː/,,,*/xwidʰxˈewɑː/,,,*/χwelkˈejoː/,*/χwˈerioː/,,,*/xwˈorejoː/,,,*/perχˈɑpɑː/,*/χˈɑmmɑː/,*/χmˈelɟoː/,,*/χˈɑttɑː/,,,*/χˈɑntɑː/,*/χɑnxiˈoː/,*/χɑnxtˈɑː/,*/χnˈɑːtiɑː/,,*/χˈn̩dʰiː/,,,,,,,,,,,*/ħˈorɟʰiː/,*/mɑħˈɑrnoː/,,,*/mħˈɑːrid/,*/kʷˈiːlɑː/,*/ˈn̩kʷiːlɑː/,,*/kʷˈiː/,*/kʷˈoː/,,,,*/kʷˈɑːslɑː/,,*/kʷˈelxoː/,,,*/kʷelxscˈoːmm̩/,*/kʷˈeːrsnɑː/,,,,,,,*/χˌɑnɡʷˈr̩xnɑː/,,*/ɡʷˌeːrxʷnˈɑː/,,,*/ɡʷʰˈernioː/,*/xʷoctˈoːtm̩/,*/xʷkʷˈiː/,*/xʷiˈoːsoː/,*/xʷiˈoːsoː/,*/xʷˈodmɑː/,*/xʷodrˈɑː/,,*/xʷˈostiːnɑː/,,,,*/wˈeɟʰoː/,,,,,*/wˈoxinɑː/,*/wˈebʰneoː/,,,,,,*/wˈeːlxɑː/,,*/wˈelxoː/,,,*/disxenterwˈelxoː/,,*/wˈelsoː/,*/wˈolnɑː/,*/wˈorxenɑː/,*/wˈr̩xniɑː/,*/wˈr̩χdniː/,*/wˈr̩χdnidʰiɑː/,*/wˈr̩wɑː/,,*/wˈerenɑː/,*/wˈr̩nɑː/,*/pˈixʷioː/,,*/pˈitsiɑː/,,,,,,,*/pˈekʷoː/,,*/pˈucoː/,*/pˈudnɑː/,,,,*/pˈl̩xcioː/,*/pleːtˈos/,*/plˈeːtm̩/,*/χɑnplˈeːneoː/,*/χɑnplˈeːneti/,,,*/pˈelxoː/,,*/xeɟʰspl̩χˈɑː/,,*/pˈoːlnɑː/,,,,,*/pˈerdoː/,,,*/pˈeːrdɑː/,*/hɑɟʰspˈerioː/,*/bʰiːnˈeti/,*/bʰˈiːriɑː/,*/bʰˈiːros/,,,,,*/bʰχneˈoː/,*/bʰχnnˈuː/,,,*/bʰinˈedʰoː/,,*/bʰˈojdʰɑː/,,*/bʰuˈɑːtɑː/,,,*/bʰˌolxnˈɑː/,*/bʰˈeroː/,,*/bʰr̩χɟˈiː/,*/bʰˈerioː/,,*/bʰˈornɑː/,,,*/bʰˈejrɑː/,,*/bʰrˈedoː/,*/bʰlˈoːrm̩/,*/bʰlˌɑːɢrˈɑː/,*/mˈeː/,*/mˈeːkʷe/,,*/mxtiˈoː/,,,*/mˈeːtis/,*/mˈeːtessɑː/,*/mˈeːnsios/,*/mˈiːrm̩/,*/mˈuːs/,*/mˈɑːtr̩xm̩/,*/mχɟiˈɑː/,,,,,,,*/melˌɑχwoniˈoː/,,*/χɑntɑːɟˈettm̩/,*/xentˈekʷoː/,,,,,,*/tˈuː/,*/pertupiˈoː/,,,*/tˈawriː/,,*/xentˈenioː/,*/tˈendoː/,,*/trˈiː/,*/trˈejɡʰɑː/,*/trˈewdoː/,*/χɑntrˈudoː/,*/hɑɟʰstrudoː/,*/trˈemoː/,,*/tˈorsejoː/,*/tˈernoː/,,,,,,,,*/dwˈojɢʰɑː/,,*/dr̩ctˈɑː/,*/dˈorxɢʰejoː/,*/dˈerxɢʰoː/,,,*/drˈuːnos/,*/dˈeːmn̩/,*/dˈeːmniɑː/,*/dˈomχiː/,,*/dˈecsɑː/,,*/dʰˈescoː/,*/dʰˈexiliɑː/,*/dʰˈeːtiɑː/,*/dʰiχiˈoː/,*/dʰiːtˈesm̩/,*/dʰˈeɡʷʰoː/,*/dʰeɡʷʰojntɑːs/,*/χɑndˈoɡʷʰejoː/,,*/dʰˈewniɑː/,*/dʰwˈoːrɑː/,*/dʰwˈoːriː/,*/dʰˈolnoː/,*/scxjˈɑːs/,,,*/siː/,*/sχˈɑusnioː/,,*/sˈɑːlɑː/,,*/sqˈondnɑː/,*/sqˈorpɑː/,*/sqolxˈɑː/,,*/sˈuː/,*/swˌidˈertiɑː/,*/sˈuːsios/,*/sˈuːs/,,*/sokʷˈoː/,,,,*/sporˈɑː/,*/sporˈɑːm/,*/sporˈɑːs/,*/smˈecrɑː/,*/sˌeːmχtiˈɑː/,,*/stɑː/,,*/stˈuːlɑː/,,*/stˈɑːneoː/,*/stχneˈoː/,*/stχˈɑntiɑː/,*/stˈoloː/,*/km̩stˈolɑː/,,*/stˈeloː/,,*/stˈerioː/,,*/stˈeriː/,*/stˈr̩xʷneoː/,*/stˈr̩neoː/,,*/srˈuːmn̩/,,,,*/sˈorbʰejoː/,,*/sormˈɑː/,,,,*/nˈokʷtɑː/,*/nˈokʷtiː/,*/nˈuː/,*/nˈomɑː/,,,,,*/χɑntbʰilˈeɟoː/,*/lˈeːtejes/,*/lˈeːdoː/,*/lˈeːdm̩/,*/lˈeːdettm̩/,*/lˈeːdrɑː/,*/lˈejɟoː/,,,,,,*/luɢˈɑː/,*/lewɢotˈɑː/,*/lˈewxʷoː/,*/lˈowxʷneoː/,,,,*/ludˈitioː/,*/ruɟˈɑː/
=Proto-Balkan-Indo-European,null*/cˈiːniɑː/,null*/cχˈɑmberɑː/,null*/cxʷˌostrˈom/,null*/cxʷnˈids/,null*/cxʷˈorxbʰos/,null*/cxʷˈorxbʰm̩tm̩/,null*/cxʷˈorxbʰtm̩/,null*/cxʷˈorxmos/,null*/cxʷˈorxqos/,null*/cˈowxilm̩/,null*/cˈewqoː/,null*/cˈuqɑː/,null*/cˈupos/,null*/tocˈupos/,null*/clewˈeːneoː/,null*/clowsnejoː/,null*/ɟˈomxtr̩xɑː/,null*/ɟˈembʰoː/,null*/ɟˈombʰos/,null*/ɟnˈeːmn̩/,null*/ɟˈenxtis/,null*/ɟn̩xʷscˈeti/,null*/ɟn̩xʷscˈesi/,null*/ɟnoːscˈoː/,null*/ɟnˈunos/,null*/ɟr̩χnˈɑː/,null*/ɟr̩χniˈɑː/,null*/ɟʰejmˈonos/,null*/ɟʰwˈonos/,null*/ɟʰwˈɑːɢos/,null*/ɟʰuslˈos/,null*/ɟʰdʰˈoːm/,null*/dʰˈeɟʰxˈoːs/,null*/ɟʰdʰˈoːmiː/,null*/ɟʰdiˈes/,null*/ɟʰˈesi/,null*/ɟʰˈedetioː/,null*/ɟʰˈesrɑː/,null*/ɟʰˈesrxe/,null*/ɟʰˈorios/,null*/ɟʰersˈos/,null*/ɟʰr̩sdʰˈɑː/,null*/xˈeɟʰs/,null*/xeɟʰstˈos/,null*/sˈuː/,null*/xudriˈom/,null*/xwosˈejoː/,null*/xwosˈejeti/,null*/xˈeme/,null*/xme/,null*/xmˈeːm/,null*/xwˈenoː/,null*/xˈetero/,null*/xˈeteoː/,null*/xˈetesi/,null*/xˈeteti/,null*/xˈesi/,null*/xˈesti/,null*/xˈesento/,null*/xˌedˈunɑː/,null*/xˈorɟʰoː/,null*/xˈorɟʰeti/,null*/xrˈeɡʷnos/,null*/xrˈepoː/,null*/xˌorɟʰˈiɑː/,null*/wr̩ɟʰˈɑː/,null*/xrˈontu/,null*/xnˈewn̩tˈom/,null*/jˈuːs/,null*/jˌowxsnˈom/,null*/jˈemos/,null*/qˈɑːpxʷstm̩/,null*/qχpˈoː/,null*/qsˈeːniwo/,null*/qsulnˈos/,null*/qelxbʰˈos/,null*/qˈolχoː/,null*/sqˈoːlxʷos/,null*/sqˈoːlistɑː/,null*/sqˈolimos/,null*/dissqˈelm̩/,null*/dissqˈelnm̩/,null*/xeɟʰssqˈerejoː/,null*/qˈorpɑː/,null*/qrˈopiː/,null*/xeɟʰsqrˈopiː/,null*/qrˈipsɑː/,null*/ɢwˈosdos/,null*/ɢwˈosdiː/,null*/ɢʰln̩dʰtiˈoː/,null*/ɢʰrˈobɑː/,null*/xenɢʰrˈodʰiscoː/,null*/ɢʰˈordʰos/,null*/hɑɟʰsɢʰˈordʰɑː/,null*/χˈɑːtrɑː/,null*/χˈocu/,null*/χˈoceːtm̩/,null*/χˈojukʷid/,null*/χˈɑjɟos/,null*/χˌɑjɟˈijɑː/,null*/χˌɑɡʷniˈeː/,null*/χˈɑjdʰicɑχi/,null*/ħˈɑw/,null*/xwidʰxˈewɑː/,null*/χˈɑwis/,null*/χˈɑwɢos/,null*/χwelkˈejoː/,null*/χwˈerioː/,null*/χwˈeːrˈesm̩/,null*/χwˈernm̩/,null*/xwˈorejoː/,null*/χpˈo/,null*/χpˈoħɑw/,null*/perχˈɑpɑː/,null*/χˈɑmmɑː/,null*/χmˈelɟoː/,null*/χmˈelɟnm̩/,null*/χˈɑttɑː/,null*/χˈɑttenes/,null*/χˌɑn/,null*/χˈɑntɑː/,null*/χɑnxiˈoː/,null*/χɑnxtˈɑː/,null*/χnˈɑːtiɑː/,null*/χˈn̩dʰos/,null*/χˈn̩dʰiː/,null*/χnˈer/,null*/χˈɑlbʰit/,null*/χlˈoidos/,null*/χrˈoticos/,null*/χˈr̩tcos/,null*/ħˈɑjdʰos/,null*/ħɑwˈi/,null*/ħˈuto/,null*/ħˈɑːwlos/,null*/ħˈɑːwlˈm̩/,null*/ħˈorɟʰiː/,null*/mɑħˈɑrnoː/,null*/mɑħˈɑrnesi/,null*/mɑħˈɑrneti/,null*/mħˈɑːrid/,null*/kʷˈiːlɑː/,null*/ˈn̩kʷiːlɑː/,null*/kʷˈis/,null*/kʷˈiː/,null*/kʷˈoː/,null*/kʷˈom/,null*/kʷˈosio/,null*/kʷˈossos/,null*/kʷˈɑːslɑː/,null*/kʷˈur/,null*/kʷˈelxoː/,null*/kʷˈelxet/,null*/kʷˈolxˈejeti/,null*/kʷelxscˈoːmm̩/,null*/kʷˈeːrsnɑː/,null*/kʷˈr̩mis/,null*/ɡʷˈr̩xos/,null*/χˈɑnɡʷrxˈesm̩/,null*/χɑnɡʷrxʷt/,null*/χɑnɡʷrxʷˈosit/,null*/χˈɑnɡʷrxʷmos/,null*/χˌɑnɡʷˈr̩xnɑː/,null*/χˌɑnɡʷrxnnm̩/,null*/ɡʷˌeːrxʷnˈɑː/,null*/ɡʷʰˌermˈos/,null*/ɡʷʰˌernˈos/,null*/ɡʷʰˈernioː/,null*/xʷoctˈoːtm̩/,null*/xʷkʷˈiː/,null*/xʷiˈoːsoː/,null*/xʷiˈoːsoː/,null*/xʷˈodmɑː/,null*/xʷodrˈɑː/,null*/xʷˈosqos/,null*/xʷˈostiːnɑː/,null*/xʷlˈiɢos/,null*/xʷˈorɟʰejes/,null*/xʷrˈowqsos/,null*/wˈeɟʰoː/,null*/wˈeɟʰesi/,null*/wˈeɟʰeti/,null*/xwˈeɟʰontoi/,null*/wˈeːɟʰˌesa/,null*/wˈoxinɑː/,null*/wˈebʰneoː/,null*/wˈetesi/,null*/wˈetessi/,null*/wˈetwessos/,null*/wˈetos/,null*/wn̩kˈettm̩/,null*/wˈeːlxɑː/,null*/wˈelxeti/,null*/wˈelxoː/,null*/weːlxˈesm̩/,null*/diswˈelxm̩tm̩/,null*/disxenterwˈelxoː/,null*/wˈl̩kʷos/,null*/wˈelsoː/,null*/wˈolnɑː/,null*/wˈorxenɑː/,null*/wˈr̩xniɑː/,null*/wˈr̩χdniː/,null*/wˈr̩χdnidʰiɑː/,null*/wˈr̩wɑː/,null*/wr̩tˈm̩/,null*/wˈerenɑː/,null*/wˈr̩nɑː/,null*/pˈixʷioː/,null*/pˈixʷieti/,null*/pˈitsiɑː/,null*/pˈisdo/,null*/pχtˈm̩/,null*/pχssˈm̩/,null*/pχsˈes/,null*/pχˈɑs/,null*/pχˈɑsnm̩/,null*/pˈekʷoː/,null*/pˈekʷˈm̩/,null*/pˈucoː/,null*/pˈudnɑː/,null*/pˈotˈesm̩/,null*/pˈedsi/,null*/pˈostkʷe/,null*/pˈl̩xcioː/,null*/pleːtˈos/,null*/plˈeːtm̩/,null*/χɑnplˈeːneoː/,null*/χɑnplˈeːneti/,null*/pˈelxmos/,null*/pˈelxm̩/,null*/pˈelxoː/,null*/pˈl̩χqo/,null*/xeɟʰspl̩χˈɑː/,null*/plowsitos/,null*/pˈoːlnɑː/,null*/pˈolnm̩/,null*/per/,null*/peri/,null*/spˈeros/,null*/pˈerdoː/,null*/pˈerdeti/,null*/pˈeːrdˈesm̩/,null*/pˈeːrdɑː/,null*/hɑɟʰspˈerioː/,null*/bʰiːnˈeti/,null*/bʰˈiːriɑː/,null*/bʰˈiːros/,null*/bʰχlˈom/,null*/bʰχnˈe/,null*/bʰχniˈeti/,null*/bʰχniˈesi/,null*/bʰχneˈoː/,null*/bʰχnnˈuː/,null*/bʰχnˈm̩/,null*/bʰχntˈm̩/,null*/bʰinˈedʰoː/,null*/bʰinedʰˈettoj/,null*/bʰˈojdʰɑː/,null*/bʰˈowχnnos/,null*/bʰuˈɑːtɑː/,null*/bʰuɢʰtˈm̩/,null*/χɑnbˈuneseti/,null*/bʰˌolxnˈɑː/,null*/bʰˈeroː/,null*/bʰˈorxɟm̩/,null*/bʰr̩χɟˈiː/,null*/bʰˈerioː/,null*/bʰˈoruqom/,null*/bʰˈornɑː/,null*/bʰˈoros/,null*/bʰˈoːros/,null*/bʰˈejrɑː/,null*/bʰerˈimn̩/,null*/bʰrˈedoː/,null*/bʰlˈoːrm̩/,null*/bʰlˌɑːɢrˈɑː/,null*/mˈeː/,null*/mˈeːkʷe/,null*/mxtˈesm̩/,null*/mxtiˈoː/,null*/mxtˈiti/,null*/mxttˈm̩/,null*/mˈeːtis/,null*/mˈeːtessɑː/,null*/mˈeːnsios/,null*/mˈiːrm̩/,null*/mˈuːs/,null*/mˈɑːtr̩xm̩/,null*/mχɟiˈɑː/,null*/memsˈom/,null*/mˈetχ/,null*/mˌn̩tˈos/,null*/mn̩tˈi/,null*/mˈelitm̩/,null*/mˈelχwom/,null*/melˌɑχwoniˈoː/,null*/mˈolxʷnu/,null*/χɑntɑːɟˈettm̩/,null*/xentˈekʷoː/,null*/xentˈekʷwed/,null*/xenteːkʷwiˈesm̩/,null*/xenteːkʷwˈit/,null*/tˈui/,null*/tue/,null*/tˈuː/,null*/pertupiˈoː/,null*/hɑɟstupiˈeti/,null*/tˈawros/,null*/tˈawriː/,null*/tˈulnos/,null*/xentˈenioː/,null*/tˈendoː/,null*/trˈejes/,null*/trˈiː/,null*/trˈejɡʰɑː/,null*/trˈewdoː/,null*/χɑntrˈudoː/,null*/hɑɟʰstrudoː/,null*/trˈemoː/,null*/tˈr̩mo/,null*/tˈorsejoː/,null*/tˈernoː/,null*/tˈernm̩/,null*/tˈeːrˈesm̩/,null*/m̩dˈecm̩tm̩/,null*/dχˈɑwnm̩/,null*/xedxʷosnˈm̩/,null*/xedxʷosˈm̩/,null*/xedxʷtˈeː/,null*/dwˈojɢʰɑː/,null*/dwˈojxous/,null*/dr̩ctˈɑː/,null*/dˈorxɢʰejoː/,null*/dˈerxɢʰoː/,null*/dˈeːrxɢʰiˈesm̩/,null*/drˈunos/,null*/drˈuːnos/,null*/dˈeːmn̩/,null*/dˈeːmniɑː/,null*/dˈomχiː/,null*/dl̩xɡʰˈotm̩/,null*/dˈecsɑː/,null*/χɑndˈecsu/,null*/dʰˈescoː/,null*/dʰˈexiliɑː/,null*/dʰˈeːtiɑː/,null*/dʰiχiˈoː/,null*/dʰiːtˈesm̩/,null*/dʰˈeɡʷʰoː/,null*/dʰeɡʷʰojntɑːs/,null*/χɑndˈoɡʷʰejoː/,null*/χɑndˈoɡʷʰejeti/,null*/dʰˈewniɑː/,null*/dʰwˈoːrɑː/,null*/dʰwˈoːriː/,null*/dʰˈolnoː/,null*/scxjˈɑːs/,null*/scχˈiri/,null*/si/,null*/siː/,null*/sχˈɑusnioː/,null*/sˈecstm̩/,null*/sˈɑːlɑː/,null*/sqewdˈeti/,null*/sqˈondnɑː/,null*/sqˈorpɑː/,null*/sqolxˈɑː/,null*/sqˈolimos/,null*/sˈuː/,null*/swˌidˈertiɑː/,null*/sˈuːsios/,null*/sˈuːs/,null*/sokʷˈos/,null*/sokʷˈoː/,null*/sokʷomtˈom/,null*/sˈupnos/,null*/sˌeptm̩tˈos/,null*/sporˈɑː/,null*/sporˈɑːm/,null*/sporˈɑːs/,null*/smˈecrɑː/,null*/sˌeːmχtiˈɑː/,null*/stˈojɢʰos/,null*/stɑː/,null*/stɑχuˈesm̩/,null*/stˈuːlɑː/,null*/stɑχunˈm̩/,null*/stˈɑːneoː/,null*/stχneˈoː/,null*/stχˈɑntiɑː/,null*/stˈoloː/,null*/km̩stˈolɑː/,null*/stˈolbʰos/,null*/stˈeloː/,null*/peristˈeːlot/,null*/stˈerioː/,null*/stˈr̩sm̩/,null*/stˈeriː/,null*/stˈr̩xʷneoː/,null*/stˈr̩neoː/,null*/pˈejsdos/,null*/srˈuːmn̩/,null*/srumˈi/,null*/sˈerponos/,null*/sr̩pˈenioes/,null*/sˈorbʰejoː/,null*/sorbʰˈejeti/,null*/sormˈɑː/,null*/sˈelpm̩/,null*/sˈolχwos/,null*/nˈoːkʷe/,null*/nˈokʷtɑː/,null*/nˈokʷtiː/,null*/nˈuː/,null*/nˈomɑː/,null*/nˈoːs/,null*/nˈos/,null*/nˈoːssi/,null*/nˈoːsoːm/,null*/χɑntbʰilˈeɟoː/,null*/lˈeːtejes/,null*/lˈeːdoː/,null*/lˈeːdm̩/,null*/lˈeːdettm̩/,null*/lˈeːdrɑː/,null*/lˈejɟoː/,null*/xʷlˈiɢos/,null*/lˈoɢʰos/,null*/lχscˈeti/,null*/lˈubʰnm̩/,null*/luɢˈos/,null*/luɢˈɑː/,null*/lewɢotˈɑː/,null*/lˈewxʷoː/,null*/lˈowxʷneoː/,null*/lˈowxʷnm̩/,null*/lˈumos/,null*/lˈewdʰros/,null*/ludˈitioː/,null*/ruɟˈɑː/
R3,,,,,*/cxʷˈorɑbʰos/,*/cxʷˈorɑbʰm̩tm̩/,*/cxʷˈorɑbʰtm̩/,,*/cxʷˈorɑqos/,,,,,,,,*/ɟˈomɑtr̩xɑː/,,,,*/ɟˈenɑtis/,,,,,,,,,,,,,,,,,,,,,,,,,,,,,,,,,,,,,,,,,,,,,,,,,,,*/qˈɑːpɑstm̩/,*/qɑpˈoː/,,,*/qelɑbʰˈos/,,,,,,,,,,,,,,,,,,,,,,,,,,,,,,,,,,,,,,,,,,,,,,,*/χɑnɑtˈɑː/,,,,,,,,,,,,,,,,,,,,,,,,,,,,,,,,*/kʷelɑscˈoːmm̩/,,,,,*/χɑnɡʷrɑt/,,,,,,,,,,,,,,,,,,,,,,,,,,,,,,,,,,,,,,,,,,,,,,,,,,,,,*/pɑtˈm̩/,*/pɑssˈm̩/,*/pɑsˈes/,,,,,,,,,,,,,,,,,,,,,,,,,,,,,,,,,,,,,,,,,,,,,,,,,,,*/bʰˈorɑɟm̩/,,,,,,,,,,,,,,*/mɑtˈesm̩/,*/mɑtiˈoː/,*/mɑtˈiti/,*/mɑttˈm̩/,,,,,,,*/mɑɟiˈɑː/,,,,,,,,,,,,,,,,,,,,,,,,,,,,,,,,,,,,,,,,*/xedɑtˈeː/,,,,*/dˈorɑɢʰejoː/,*/dˈerɑɢʰoː/,*/dˈeːrɑɢʰiˈesm̩/,,,,,,,,,,,,,,,,,,,,,,,,,,,,,,,,,,,,,,,,,,,,,,,*/sˌeːmɑtiˈɑː/,,,,,,,,,,,,,,,,,,,,,,,,,,,,,,,,,,,,,,,,,,,,,,,*/lɑscˈeti/,,,,,,,,,,,
R4,,,,,,,,,,,,,,,,,,,,,,,,,,,,,,,,,,,,,,,,,,,,,,,,,,,,,,,,,,,,,,,,,,,,,,,,,,,,,,,,,,,,,,,,,,,,,,,,,,,,,,,,,,,,,,,,,,,,,,,,,,,,,,,,,,,,,,,,,,,,,,,,,,,,,,,,,,,,,,,,,,,,,,,,,,,,,,,,,,,,,,,,,,,,,,,,,,,,,,,,,,,*/wrˈɑdniː/,*/wrˈɑdnidʰiɑː/,,,,,,,,,,,,,,,,,,,,,*/plˈɑcioː/,,,,,,,,*/plˈɑqo/,,,,,,,,,,,,,,,,,,,,,,,,,,,,,,,,,,*/bʰrɑɟˈiː/,,,,,,,,,,,,,,,,,,,,,,,,,,,,,,,,,,,,,,,,,,,,,,,,,,,,,,,,,,,,,,,,,,,,,,,,,,,*/dlɑɡʰˈotm̩/,,,,,,,,,,,,,,,,,,,,,,,,,,,,,,,,,,,,,,,,,,,,,,,,,,,,,,,,,,,,,,,,,,,,,,,,,,,,,,,,,,,,,,,,,,,,,,,,,,,
R5,,,,,,,,,,,,,,,,,,,,,,,,,,*/ɟrunˈɑː/,*/ɟruniˈɑː/,,,,,,,,,,,,,,,,,,,,,,,,,,,,,,,,,,,,,,,,,,,,,,,,,,,,,,,,,,,,,,,,,,,,,,,,,,,,,,,,,,,,,,,,,,,,,,,,,,,,,,,,,,,,,,,,,,,,,,,,,,,,,,,,,,,,,,,,*/χˌɑnɡʷrˈunɑː/,,,,,,,,,,,,,,,,,,,,,,,,,,,,,,,,,,,,,,,*/wrˈuniɑː/,,,,,,,,,,,,,,,,,,,,,,,,,,,,,,,,,,,,,,,,,,,,,,,,,,,,,,,,,,,,,,,,,,,,,,,,,,,,,,,,,,,,,,,,,,,,,,,,,,,,,,,,,,,,,,,,,,,,,,,,,,,,,,,,,,,,,,,,,,,,,,,,,,,,,,,,,,,,,,,,,,,,,,,,,,,,,,,,,,,,,,,,,,,,,,,,,,,,,,,,,,,,,,,,,,,,,,,,,,,,,,,,,,,,,,,,,,,,,,,
R6,,,,,,,,,,,,,,,,,*/ɟˈomɑtɑr̩xɑː/,,,,,,,,,,,,,,,,,,,,,,,,,,,,,,,,,,,,,,,,,,,,,,,,,,,,,,,,,,,,,,,,,,,,,,,,,,,,,,,,,,,,,,,,,,,,,,,,,,,,,,,,,,,,,,,,,,,,,,,,,,,,,,,,,,,,,,,,,,,,,*/ɡʷɑˈr̩xos/,,,,,,,,,,,,,,,,,,,,,,,,,,,,,,,,,,,,,,,,,,,,,,,,,,,,,,,,,,,,,,,,,,,,,,,,,,,,*/xeɟʰspɑl̩χˈɑː/,,,,,,,,,,,,,,,,,,,,,,,,,,,,,,,,,,,,,,,,,,,,,,,,,,,,,,,*/mˈɑːtɑr̩xm̩/,,,,,,,,,,,,,,,,,,,,,,,,,,,,,,,,,,,,,,,,,,,,,,,,,,,,,,,,,,,,,,,,,,,,,,,,,,,,,,,,,,,,,,,,,,,,,,,,,,,,,,,,,,,,,,,,,,,,,,,,,,,,,,,,,,,,,,,,,,,,,,,,,,,,,,,,
R7,,,,,,,,,,,,,,,,,*/ɟˈomɑtɑrxɑː/,,,,,,,,,,,,,,,,,,,,,,,,,,,,,,,,,,,,,,,,,,,,,,,,,,,,,,,,,,,,,,,,,,,,,,,,,,,,,,,,,,,,,,,,,,,,,,,,,,,,,,,,,,,,,,,,,,,,,,,,,,,,,,,,,,,,,,,,,,,,,*/ɡʷˈɑrxos/,,,,,,,,,,,,,,,,,,,,,,,,,,,,,,,,,,,,,,,,,,,,,,,,,,,,,,,,,,,,,,,,,,,,,,,,,,,,*/xeɟʰspɑlχˈɑː/,,,,,,,,,,,,,,,,,,,,,,,,,,,,,,,,,,,,,,,,,,,,,,,,,,,,,,,*/mˈɑːtɑrxm̩/,,,,,,,,,,,,,,,,,,,,,,,,,,,,,,,,,,,,,,,,,,,,,,,,,,,,,,,,,,,,,,,,,,,,,,,,,,,,,,,,,,,,,,,,,,,,,,,,,,,,,,,,,,,,,,,,,,,,,,,,,,,,,,,,,,,,,,,,,,,,,,,,,,,,,,,,
R8,,,,,,,,,,,,,,,,,,,,,,,,,,,,,,,,,,,,,,,,,,,,,,,,,,,,,,,,,,,,,,,,,,,,,,,,,,,,,,,,,,,,,,,,,,,,,,,,,,,,,,,,,,,,,,,,,,,,,,,,,,,,,*/ˈɑndʰos/,*/ˈɑndʰiː/,,,,,*/ˈɑrtcos/,,,,,,,,,,,,,,,,,,,,,,,,,,,,,,,,,,,,,,,,,,,,,,,,,,,,,,,,,,,,,,,,,,,,,,,,,,,,,,,,,,,,,,,,,,,,,,,,,,,,,,,,,,,,,,,,,,,,,,,,,,,,,,,,,,,,,,,,,,,,,,,,,,,,,,,,,,,,,,,,,,,,,,,,,,,,,,,,,,,,,,,,,,,,,,,,,,,,,,,,,,,,,,,,,,,,,,,,,,,,,,,,,,,,,,,,,,,,,,,,,,,,,,,,,,,,,,,,,,,,,,,,,,,,,,,,,,,,,,,,,,,,,,,,,,,,,,,,,,,,,,,,,,,,,,
R9,,*/cˈɑmberɑː/,*/cˌostrˈom/,,*/cˈorɑbʰos/,*/cˈorɑbʰm̩tm̩/,*/cˈorɑbʰtm̩/,*/cˈorxmos/,*/cˈorɑqos/,*/cˈowilm̩/,,,,,,,*/ɟˈomɑtɑrɑː/,,,,,,,,,,,,,,,,*/dʰˈeɟʰˈoːs/,,,,,,*/ɟʰˈesre/,,,,*/ˈeɟʰs/,*/eɟʰstˈos/,,*/udriˈom/,,,*/ˈeme/,,,,*/ˈetero/,*/ˈeteoː/,*/ˈetesi/,*/ˈeteti/,*/ˈesi/,*/ˈesti/,*/ˈesento/,*/ˌedˈunɑː/,*/ˈorɟʰoː/,*/ˈorɟʰeti/,,,*/ˌorɟʰˈiɑː/,,,,,,,,,,,,*/qˈoloː/,*/sqˈoːlos/,,,,,*/eɟʰssqˈerejoː/,,,*/eɟʰsqrˈopiː/,,,,,,*/enɢʰrˈodʰiscoː/,,*/ɑɟʰsɢʰˈordʰɑː/,*/ˈɑːtrɑː/,*/ˈocu/,*/ˈoceːtm̩/,*/ˈojukʷid/,*/ˈɑjɟos/,*/ˌɑjɟˈijɑː/,*/ˌɑɡʷniˈeː/,*/ˈɑjdʰicɑi/,*/ˈɑw/,*/xwidʰˈewɑː/,*/ˈɑwis/,*/ˈɑwɢos/,,,,,,,*/χpˈoɑw/,*/perˈɑpɑː/,*/ˈɑmmɑː/,,,*/ˈɑttɑː/,*/ˈɑttenes/,*/ˌɑn/,*/ˈɑntɑː/,*/ɑniˈoː/,*/ɑnɑtˈɑː/,,,,,*/ˈɑlbʰit/,,,,*/ˈɑjdʰos/,*/ɑwˈi/,*/ˈuto/,*/ˈɑːwlos/,*/ˈɑːwlˈm̩/,*/ˈorɟʰiː/,*/mɑˈɑrnoː/,*/mɑˈɑrnesi/,*/mɑˈɑrneti/,*/mˈɑːrid/,,,,,,,,,,,*/kʷˈeloː/,*/kʷˈelet/,*/kʷˈolˈejeti/,,,,*/ɡʷˈɑros/,*/ˈɑnɡʷrˈesm̩/,*/ɑnɡʷrɑt/,*/ɑnɡʷrˈosit/,*/ˈɑnɡʷrxʷmos/,*/ˌɑnɡʷrˈunɑː/,*/ˌɑnɡʷrxnnm̩/,,,,,*/octˈoːtm̩/,,*/iˈoːsoː/,*/iˈoːsoː/,*/ˈodmɑː/,*/odrˈɑː/,*/ˈosqos/,*/ˈostiːnɑː/,,*/ˈorɟʰejes/,,,,,,,*/wˈoinɑː/,,,,,,,*/wˈeːlɑː/,*/wˈeleti/,*/wˈeloː/,*/weːlˈesm̩/,*/diswˈelm̩tm̩/,*/disenterwˈeloː/,,,,*/wˈorenɑː/,,,,,,,,*/pˈiioː/,*/pˈiieti/,,,,,,*/pˈɑs/,*/pˈɑsnm̩/,,,,,,,,,,,*/ɑnplˈeːneoː/,*/ɑnplˈeːneti/,,*/pˈelm̩/,*/pˈeloː/,,*/eɟʰspɑlˈɑː/,,,,,,,,,,,*/ɑɟʰspˈerioː/,,,,,,,,,,,,,,,,,,*/ɑnbˈuneseti/,,,,,,,,,,,,,,,,,,,,,,,,,,*/mˈɑːtɑrm̩/,,,,,,,,,,*/ɑntɑːɟˈettm̩/,*/entˈekʷoː/,*/entˈekʷwed/,*/enteːkʷwiˈesm̩/,*/enteːkʷwˈit/,,,,,*/ɑɟstupiˈeti/,,,,*/entˈenioː/,,,,,,*/ɑntrˈudoː/,*/ɑɟʰstrudoː/,,,,,,,,*/dˈɑwnm̩/,*/edosnˈm̩/,*/edosˈm̩/,*/edɑtˈeː/,,*/dwˈojous/,,,,,,,,,*/dˈomiː/,,,*/ɑndˈecsu/,,*/dʰˈeiliɑː/,,*/dʰiiˈoː/,,,,*/ɑndˈoɡʷʰejoː/,*/ɑndˈoɡʷʰejeti/,,,,,,*/scˈiri/,,,*/sˈɑusnioː/,,,,,,*/sqolˈɑː/,,,,,,,,,,,,,,,,,,*/stɑuˈesm̩/,,*/stɑunˈm̩/,,,*/stˈɑntiɑː/,,,,,,,,,,,,,,,,,,,,,,,,,,,,,,*/ɑntbʰilˈeɟoː/,,,,,,,,,,,,,,*/lˈewoː/,,,,,,
R10,,,,,,,,,,,,,,,,,,,,,,,,,,,,,,,,,,,,,,,,,,*/ɟʰrisdʰˈɑː/,,,,,,,,,,,,,,,,,,,,,,,,,,,,,,,,,,,,,,,,,,,,,,,,,,,,,,,,,,,,,,,,,,,,,,,,,,,,,,,,,,,,,,,,,,,,,,,,,,,,,,,,,,,,,,,,,,,*/kʷrˈimis/,,,,,,,,,,,,,,,,,,,,,,,,,,,,,,,,,,,,,,,,,,,,,,,,,,,,,,,,,,,,,,,,,,,,,,,,,,,,,,,,,,,,,,,,,,,,,,,,,,,,,,,,,,,,,,,,,,,,,,,,,,,,,,,,,,,,,,,,,,,,,,,,,,,,,,,,,,,,,,,,,,,,*/trˈimo/,,,,,,,,,,,,*/drictˈɑː/,,,,,,,,,,,,,,,,,,,,,,,,,,,,,,,,,,,,,,,,,,,,,,,,,,,,,,,,,,,,,,,,,,,,*/strˈineoː/,,,,,,,,,,,,,,,,,,,,,,,,,,,,,,,,,,,,,,,,
R11,,,,,,,,,,,,,,,,,,,,,,,,,,,,,,,,,,,,,,,,,,,,,,,,,,,,,,,,,,,,,,,,,,,,*/xnˈewntˈom/,,,,,,,,,,,,,,,,,,,,,,,,,,,,,,,,,,,,,,,,,,,,,,,,,,,,,,,,,,,,,,,,,,,,,,,,,,,,,,,,,,,,,,,,,,,,,,,,,,,,,,,,,,,,,,,,,,,,,,,,,,,,,,,,,,,,,,,,,,,,,,,,,,,,,,,,,,,,,,,,,,,,,,,,,,,,,,,,,,,,,,,,,,,,,,,,,,,,,,,,,,,,,,,,,,,,,,,,,,,,,,,,,,,,,,,,,,,,,,,,,,,,,,,,,,,,,,,,,,,,,,,,,,,,,,,,,,,,,,,,,,,,,,,,,,,,,,,,,,,,,,,,,,,,,,,,,,,,,,,,,,,,,,,,,,,,,,,,,,,,,,,,,,,,,,,,,,,,,,,,,,,,,,,,,,,,,
R12,,,,,,,,,,,,,,,,,,,,,,,,,,,,,,,,,,,,,,,,,,,,,,,,,,,,,,,,,,,,,,,,,,*/urɟʰˈɑː/,,,,,,,,,,,,,,,,,,,,,,,,,,,,,,,,,,,,,,,,,,,,,,,,,,,,,,,,,,,,,,,,,,,,,,,,,,,,,,,,,,,,,,,,,,,,,,,,,,,,,,,,,,,,,,,,,,,,,,,,,,,,,*/unkˈettm̩/,,,,,,,*/ˈulkʷos/,,,,,,,,*/urtˈm̩/,,*/ˈurnɑː/,,,,,,,,,,,,,,,,,,,,,,,,,,,,,,,,,,,,,,,,,,,,,,,,,,,,,,,,,,,,,,,,,,,,,,,,,,,,,,,,,,,,,,,,,,,,,,,,,,,,,,,,,,,,,,,,,,,,,,,,,,,,,,,,,,,,,,,,,,,,,,,,,,,,,,,,,,,,,,,,,,,,,,,,,,,,,,,,,,,,,,,,,,,,,,,,,,,,,,,,,,,,,,,,,,,,,,,,,,,,,,,,,,,,,,,,,
R13,,,,,,,,,,,,,,,,,,,,,,,,,,,,,,,,,,,,,,,,,,,,,,,,,,,,,,,,,,,,,,,,,,,,,,,,,,,,,,,,,,,,,,,,,,,,,,,,,,,,,,,,,,,,,,,,,,,,,,,,,,,,,,,,,,,,,,,,,,,,,,,,,,,,,,,,,,,,,,,,,,,,,,,,,,,,,,,,,,,,,,,,,,,,,,,,,,,,,,,,,,,,,*/wˈurwɑː/,,,,,,,,,,,,,,,,,,,,,,,,,,,,,,,,,,,,,,,,,,,,,,,,,,,,,,,,,,,,,,,,,,,,,,,,,,,,,,,,,,,,,,,,,,,,,,,,,,,,,,,,,,,,,,,,,,,,,,,,,,,,,,,,,,,,,,,,,,,,,,,,,,,,,,,,,,,,,,,,,,,,,,,,,,,,,,,,,,,,,,,,,,,,,,,,,,,,,,,,,,,,,,,,,,,,,,,,,,,,,,,,,,,,,,,,,,,,
R14,,,,,,*/cˈorɑbʰəˤtəˤ/,*/cˈorɑbʰtəˤ/,,,*/cˈowiləˤ/,,,,,,,,,,*/ɟnˈeːməˤ/,,*/ɟəˤxʷscˈeti/,*/ɟəˤxʷscˈesi/,,,,,,,,,,,,,,,,,,,,,,,,,,,,,,,,,,,,,,,,,,,,,,,,,*/qˈɑːpɑstəˤ/,,,,,,,,,*/dissqˈeləˤ/,*/dissqˈelnəˤ/,,,,,,,,*/ɢʰləˤdʰtiˈoː/,,,,,,,*/ˈoceːtəˤ/,,,,,,,,,,,,*/χwˈeːrˈesəˤ/,*/χwˈernəˤ/,,,,,,,*/χmˈelɟnəˤ/,,,,,,,,,,,,,,,,,,,*/ˈɑːwlˈəˤ/,,,,,,,*/ˈəˤkʷiːlɑː/,,,,,,,,,,,,*/kʷelɑscˈoːməˤ/,,,,*/ˈɑnɡʷrˈesəˤ/,,,,,*/ˌɑnɡʷrxnnəˤ/,,,,,*/octˈoːtəˤ/,,,,,,,,,,,,,,,,,,,,,,*/unkˈettəˤ/,,,,*/weːlˈesəˤ/,*/diswˈeləˤtəˤ/,,,,,,,,,,*/urtˈəˤ/,,,,,,,*/pɑtˈəˤ/,*/pɑssˈəˤ/,,,*/pˈɑsnəˤ/,,*/pˈekʷˈəˤ/,,,*/pˈotˈesəˤ/,,,,,*/plˈeːtəˤ/,,,,*/pˈeləˤ/,,,,,,*/pˈolnəˤ/,,,,,,*/pˈeːrdˈesəˤ/,,,,,,,,,,,,*/bʰχnˈəˤ/,*/bʰχntˈəˤ/,,,,,,*/bʰuɢʰtˈəˤ/,,,,*/bʰˈorɑɟəˤ/,,,,,,,,*/bʰerˈiməˤ/,,*/bʰlˈoːrəˤ/,,,,*/mɑtˈesəˤ/,,,*/mɑttˈəˤ/,,,,*/mˈiːrəˤ/,,*/mˈɑːtɑrəˤ/,,,,*/mˌəˤtˈos/,*/məˤtˈi/,*/mˈelitəˤ/,,,,*/ɑntɑːɟˈettəˤ/,,,*/enteːkʷwiˈesəˤ/,,,,,,,,,,,,,,,,,,,,,,*/tˈernəˤ/,*/tˈeːrˈesəˤ/,*/əˤdˈecəˤtəˤ/,*/dˈɑwnəˤ/,*/edosnˈəˤ/,*/edosˈəˤ/,,,,,,,*/dˈeːrɑɢʰiˈesəˤ/,,,*/dˈeːməˤ/,,,*/dlɑɡʰˈotəˤ/,,,,,,,*/dʰiːtˈesəˤ/,,,,,,,,,,,,,,*/sˈecstəˤ/,,,,,,,,,,,,,,,*/sˌeptəˤtˈos/,,,,,,,,*/stɑuˈesəˤ/,,*/stɑunˈəˤ/,,,,,*/kəˤstˈolɑː/,,,,,*/stˈr̩səˤ/,,,,,*/srˈuːməˤ/,,,,,,,*/sˈelpəˤ/,,,,,,,,,,,,,,*/lˈeːdəˤ/,*/lˈeːdettəˤ/,,,,,,*/lˈubʰnəˤ/,,,,,,*/lˈowxʷnəˤ/,,,,
R15,,,*/cˌestrˈem/,,*/cˈerɑbʰes/,*/cˈerɑbʰəˤtəˤ/,*/cˈerɑbʰtəˤ/,*/cˈerxmes/,*/cˈerɑqes/,*/cˈewiləˤ/,*/cˈewqeː/,,*/cˈupes/,*/tecˈupes/,*/clewˈeːneeː/,*/clewsnejeː/,*/ɟˈemɑtɑrɑː/,*/ɟˈembʰeː/,*/ɟˈembʰes/,,,,,*/ɟneːscˈeː/,*/ɟnˈunes/,,,*/ɟʰejmˈenes/,*/ɟʰwˈenes/,*/ɟʰwˈɑːɢes/,*/ɟʰuslˈes/,*/ɟʰdʰˈeːm/,*/dʰˈeɟʰˈeːs/,*/ɟʰdʰˈeːmiː/,,,*/ɟʰˈedetieː/,,,*/ɟʰˈeries/,*/ɟʰersˈes/,,,*/eɟʰstˈes/,,*/udriˈem/,*/xwesˈejeː/,*/xwesˈejeti/,,,,*/xwˈeneː/,*/ˈetere/,*/ˈeteeː/,,,,,*/ˈesente/,,*/ˈerɟʰeː/,*/ˈerɟʰeti/,*/xrˈeɡʷnes/,*/xrˈepeː/,*/ˌerɟʰˈiɑː/,,*/xrˈentu/,*/xnˈewntˈem/,,*/jˌewxsnˈem/,*/jˈemes/,,*/qɑpˈeː/,*/qsˈeːniwe/,*/qsulnˈes/,*/qelɑbʰˈes/,*/qˈeleː/,*/sqˈeːles/,*/sqˈeːlistɑː/,*/sqˈelimes/,,,*/eɟʰssqˈerejeː/,*/qˈerpɑː/,*/qrˈepiː/,*/eɟʰsqrˈepiː/,,*/ɢwˈesdes/,*/ɢwˈesdiː/,*/ɢʰləˤdʰtiˈeː/,*/ɢʰrˈebɑː/,*/enɢʰrˈedʰisceː/,*/ɢʰˈerdʰes/,*/ɑɟʰsɢʰˈerdʰɑː/,,*/ˈecu/,*/ˈeceːtəˤ/,*/ˈejukʷid/,*/ˈɑjɟes/,,,,,,,*/ˈɑwɢes/,*/χwelkˈejeː/,*/χwˈerieː/,,,*/xwˈerejeː/,*/χpˈe/,*/χpˈeɑw/,,,*/χmˈelɟeː/,,,,,,*/ɑniˈeː/,,,*/ˈɑndʰes/,,,,*/χlˈeides/,*/χrˈetices/,*/ˈɑrtces/,*/ˈɑjdʰes/,,*/ˈute/,*/ˈɑːwles/,,*/ˈerɟʰiː/,*/mɑˈɑrneː/,,,,,,,,*/kʷˈeː/,*/kʷˈem/,*/kʷˈesie/,*/kʷˈesses/,,,*/kʷˈeleː/,,*/kʷˈelˈejeti/,*/kʷelɑscˈeːməˤ/,,,*/ɡʷˈɑres/,,,*/ɑnɡʷrˈesit/,*/ˈɑnɡʷrxʷmes/,,,,*/ɡʷʰˌermˈes/,*/ɡʷʰˌernˈes/,*/ɡʷʰˈernieː/,*/ectˈeːtəˤ/,,*/iˈeːseː/,*/iˈeːseː/,*/ˈedmɑː/,*/edrˈɑː/,*/ˈesqes/,*/ˈestiːnɑː/,*/xʷlˈiɢes/,*/ˈerɟʰejes/,*/xʷrˈewqses/,*/wˈeɟʰeː/,,,*/xwˈeɟʰentei/,,*/wˈeinɑː/,*/wˈebʰneeː/,,,*/wˈetwesses/,*/wˈetes/,,,,*/wˈeleː/,,,*/disenterwˈeleː/,*/ˈulkʷes/,*/wˈelseː/,*/wˈelnɑː/,*/wˈerenɑː/,,,,,,,,*/pˈiieː/,,,*/pˈisde/,,,,,,*/pˈekʷeː/,,*/pˈuceː/,,*/pˈetˈesəˤ/,,*/pˈestkʷe/,*/plˈɑcieː/,*/pleːtˈes/,,*/ɑnplˈeːneeː/,,*/pˈelxmes/,,*/pˈeleː/,*/plˈɑqe/,,*/plewsites/,*/pˈeːlnɑː/,*/pˈelnəˤ/,,,*/spˈeres/,*/pˈerdeː/,,,,*/ɑɟʰspˈerieː/,,,*/bʰˈiːres/,*/bʰχlˈem/,,,,*/bʰχneˈeː/,,,,*/bʰinˈedʰeː/,*/bʰinedʰˈettej/,*/bʰˈejdʰɑː/,*/bʰˈewχnnes/,,,,*/bʰˌelxnˈɑː/,*/bʰˈereː/,*/bʰˈerɑɟəˤ/,,*/bʰˈerieː/,*/bʰˈeruqem/,*/bʰˈernɑː/,*/bʰˈeres/,*/bʰˈeːres/,,,*/bʰrˈedeː/,*/bʰlˈeːrəˤ/,,,,,*/mɑtiˈeː/,,,,,*/mˈeːnsies/,,,,,*/memsˈem/,,*/mˌəˤtˈes/,,,*/mˈelχwem/,*/melˌɑχweniˈeː/,*/mˈelxʷnu/,,*/entˈekʷeː/,,,,,,,*/pertupiˈeː/,,*/tˈawres/,,*/tˈulnes/,*/entˈenieː/,*/tˈendeː/,,,,*/trˈewdeː/,*/ɑntrˈudeː/,*/ɑɟʰstrudeː/,*/trˈemeː/,*/trˈime/,*/tˈersejeː/,*/tˈerneː/,,,,,*/edesnˈəˤ/,*/edesˈəˤ/,,*/dwˈejɢʰɑː/,*/dwˈejeus/,,*/dˈerɑɢʰejeː/,*/dˈerɑɢʰeː/,,*/drˈunes/,*/drˈuːnes/,,,*/dˈemiː/,*/dlɑɡʰˈetəˤ/,,,*/dʰˈesceː/,,,*/dʰiiˈeː/,,*/dʰˈeɡʷʰeː/,*/dʰeɡʷʰejntɑːs/,*/ɑndˈeɡʷʰejeː/,*/ɑndˈeɡʷʰejeti/,,*/dʰwˈeːrɑː/,*/dʰwˈeːriː/,*/dʰˈelneː/,,,,,*/sˈɑusnieː/,,,,*/sqˈendnɑː/,*/sqˈerpɑː/,*/sqelˈɑː/,*/sqˈelimes/,,,*/sˈuːsies/,,*/sekʷˈes/,*/sekʷˈeː/,*/sekʷemtˈem/,*/sˈupnes/,*/sˌeptəˤtˈes/,*/sperˈɑː/,*/sperˈɑːm/,*/sperˈɑːs/,,,*/stˈejɢʰes/,,,,,*/stˈɑːneeː/,*/stχneˈeː/,,*/stˈeleː/,*/kəˤstˈelɑː/,*/stˈelbʰes/,*/stˈeleː/,*/peristˈeːlet/,*/stˈerieː/,,,*/stˈr̩xʷneeː/,*/strˈineeː/,*/pˈejsdes/,,,*/sˈerpenes/,*/sr̩pˈeniees/,*/sˈerbʰejeː/,*/serbʰˈejeti/,*/sermˈɑː/,,*/sˈelχwes/,*/nˈeːkʷe/,*/nˈekʷtɑː/,*/nˈekʷtiː/,,*/nˈemɑː/,*/nˈeːs/,*/nˈes/,*/nˈeːssi/,*/nˈeːseːm/,*/ɑntbʰilˈeɟeː/,,*/lˈeːdeː/,,,,*/lˈejɟeː/,*/xʷlˈiɢes/,*/lˈeɢʰes/,,,*/luɢˈes/,,*/lewɢetˈɑː/,*/lˈeweː/,*/lˈewxʷneeː/,*/lˈewxʷnəˤ/,*/lˈumes/,*/lˈewdʰres/,*/ludˈitieː/,
R16,,,,,,,,,,,,,,,,,,,,,,,,,,,,,,,,,,,,,,,,,,,,,,,,,,,,,,,,,,,,,,,,,,,,,,,,,,,,,,,,,,,,,,,,,,,,,,,,,,,,,,,,,,,,,,,,,,,,,,,,,,,,,,,,,,,,,,,,,,,,,,,,,,,,,,,,,,,,,,,,,,,,,,,,,,,,,,,,,,,,,,,,,,,,,,,,,,,,,,,,,,,,,,,,,,,,,,,,,,,,,,,,,,,,,,,,,,,,,,,,,,,,,,,,,,,,,,,,,,,,,,,,,,,,,,,,,,,,,,,,,,,,,,,,,,,,,,,,,,,,,,,,,,,,,,,,,,,,,,,,,,,,,,,,,,,,,,,,,,,,,,,,,,,,,,,,,,,,,,,,,,,,,,,,,,,,,,,,,,,,,,,,,,,,,,,,,,,,,,,,,,,,,,,,,,,,,,,,,,,,,,,,,,,,,,,,,,,,,,,,,
R17,,,,,,,,,,,,,,,,,,,,,,,,,,,,,,,,,,,,,,,,,,,,,,,,,,,,,,,,,,,,,,,,,,,,,,,,,,,,,,,,,,,,,,,,,,,,,,,,,,,,,,*/ˈɑjdʰicɑj/,,,,,,,,,,,,,,,,,,,,,,,,,,,*/χlˈejdes/,,,,,,,,,,,,,,,,,,,,,,,,,,,,,,,,,,,,,,,,,,,,,,,,,,,,,,*/xwˈeɟʰentej/,,*/wˈejnɑː/,,,,,,,,,,,,,,,,,,,,,,,,*/pˈijeː/,*/pˈijeti/,,,,,,,,,,,,,,,,,,,,,,,,,,,,,,,,,,,,,,,,,,,,,,,,,,,,,,,,,,,,,,,,,,,,,,,,,,,,,,,,,,,,,,,,,,,,,,*/tˈuj/,,,,,,,,,,,,,,,,,,,,,,,,,,,,*/dwˈejews/,,,,,,,,,,,,,,*/dʰˈejliɑː/,,*/dʰijˈeː/,,,,,,,,,,,,,,*/sˈɑwsnieː/,,,,,,,,,,,,,,,,,,,,,,,,*/stɑwˈesəˤ/,,*/stɑwnˈəˤ/,,,,,,,,,,,,,,,,,,,,,,,,,,,,,,,,,,,,,,,,,,,,,,,,,,,,,
R18,,,,,,,*/cˈerɑt͡ʃəˤ/,,,,,,,,,,,,,,,,,,,,,,,,,,,,,,,,,,,,,,,,,,,,,,,,,,,,,,,,,,,,,,,,,,,,,,,,,,,,,,,,,,,*/ɢʰləˤt͡ʃiˈeː/,,,,,,,,,,,,,,,,,,,,,,,,,,,,*/ˈɑt͡ʃɑː/,*/ˈɑt͡ʃenes/,,,,,,,,,,,,,,,,,,,,,,,,,,,,,,,,,,,,,,,,,,,,,,,,,,,,,,,,,,,,,,,,,,,,,,,,*/unkˈet͡ʃəˤ/,,,,,,,,,,,,,,,,,,,,,,,,,,,,,,,,,,,,,,,,,,,,,,,,,,,,,,,,,,,,,,,,,,,*/bʰinedʰˈet͡ʃej/,,,,,,,,,,,,,,,,,,,,,,,,,*/mɑt͡ʃˈəˤ/,,,,,,,,,,,,,,,,*/ɑntɑːɟˈet͡ʃəˤ/,,,,,,,,,,,,,,,,,,,,,,,,,,,,,,,,,,,,,,,,,,,,,,,,,,,,,,,,,,,,,,,,,,,,,,,,,,,,,,,*/sˌet͡ʃəˤtˈes/,,,,,,,,,,,,,,,,,,,,,,,,,,,,,,,,,,,,,,,,,,,,,,,*/lˈeːdet͡ʃəˤ/,,,,,,,,,,,,,,,,
R19,,,,,,,,,,,,,,,,,,,,,,,,,,,,,,,*/ɟʰuːlˈes/,,,,,,,*/ɟʰˈeːrɑː/,*/ɟʰˈeːre/,,,,,,,,,,,,,,,,,,,,,,,,,,,,,,,,,,,,,,,,,,,,,,,,,,,,,,,,,,,,,,,,,,,,,,,,,,,,,,,,,,,,,,,,,,,,,,,,,,,,,,,,,,,,,,,*/kʷˈɑːlɑː/,,,,,,,,,,,,,,,,,,,,,,,,,,,,,,,,,,,,,,,,,,,,,,,,,,,,,,,,,,,,,,,,,,,*/pˈɑːnəˤ/,,,,,,,,,,,,,,,,,,,,,,,,,,,,,,,,,,,,,,,,,,,,,,,,,,,,,,,,,,,,,,,,,,,,,,,,,,,,,,,,,,,,,,,,,,,,,,,,,,,,,,,,,,,,,,,*/edeːnˈəˤ/,,,,,,,,,,,,,,,,,,,,,,,,,,,,,,,,,,,,,,,,,,,,,,,,,,,,,,,,,,,,,,,,,,,,,,,,,,,,,,,,,,,,,,,,,,,,,,,,,,,,,,,,,,,,,,,,,
R20,,,,,,,,,,,,,,,,*/clewnejeː/,,,,,,,,,,,,,,,,,,,,,,,,,,,,,,,,,,,,,,,,,,,,,,,,,,,,,,*/jˌewxnˈem/,,,,,,,,,,,,,,,,,,,,,,,,,,,,,,,,,,,,,,,,,,,,,,,,,,,,,,,,,,,,,,,,,,,,,,,,,,,,,,,,,,,,,,*/kʷˈeːrnɑː/,,,,,,,,,,,,,,,,,,,,,,,,,,,,,,,,,,,,,,,,,,,,,,,,,,,,,,,,,,,,,,,,,,,,,,,,,,,,,,,,,,,,,,,,,,,,,,,,,,,,,,,,,,,,,,,,,,,,,,,,,,,,,,,,,,,,,,,,,,,,,,,,,,,,,,,,,,,,,,,,,,,,,,,,,,,,,,,,,,,,,,,,,,,,,,,,,,,,,,,,,,,,,,*/sˈɑwnieː/,,,,,,,,,,,,,,,,,,,,*/mˈecrɑː/,,,,,,,,,,,,,,,,,,,,,*/rˈuːməˤ/,*/rumˈi/,,*/r̩pˈeniees/,,,,,,,,,,,,,,,,,,,,,,,,,,,,,,,,,,,
R21,,,,,,,,,,,,,,,,,,,,,,,,,,,,,,,,,,,,,,,,,,,,,,,,,,,,,,,,,,,,,,,,,,,,,,,,,,,,,,,,,,,,,,,,*/ɢwˈedes/,*/ɢwˈediː/,,,,,,,,,,,,,,,,,,,,,,,,,,,,,,,,,,,,,,,,,,,,,,,,,,,,,,,,,,,,,,,,,,,,,,,,,,,,,,,,,,,,,,,,,,,,,,,,,,,,,,,,,,,,,,,,,,,,,,,,,,,*/pˈide/,,,,,,,,,,,,,,,,,,,,,,,,,,,,,,,,,,,,,,,,,,,,,,,,,,,,,,,,,,,,,,,,,,,,,,,,,,,,,,,,,,,,,,,,,,,,,,,,,,,,,,,,,,,,,,,,,,,,,,,,,,,,,,,,,,,,,,,,,,,,,,,,,,,,,,,,,,,,,,,,,,,,,,,,,,,,,,,,,,,,,,,,,,,,,,*/pˈejdes/,,,,,,,,,,,,,,,,,,,,,,,,,,,,,,,,,,,,,,,
R22,,,,,,,,,,,,,,,,,,,,,,,,,,,,,,,,,,,,,,,,,,*/ɟʰridʰˈɑː/,,,,,,,,,,,,,,,,,,,,,,,,,,,,,,,,,,,,,,,,,,,,,,,,,,,,,,,,,,,,,,,,,,,,,,,,,,,,,,,,,,,,,,,,,,,,,,,,,,,,,,,,,,,,,,,,,,,,,,,,,,,,,,,,,,,,,,,,,,,,,,,,,,,,,,,,,,,,,,,,,,,,,,,,,,,,,,,,,,,,,,,,,,,,,,,,,,,,,,,,,,,,,,,,,,,,,,,,,,,,,,,,,,,,,,,,,,,,,,,,,,,,,,,,,,,,,,,,,,,,,,,,,,,,,,,,,,,,,,,,,,,,,,,,,,,,,,,,,,,,,,,,,,,,,,,,,,,,,,,,,,,,,,,,,,,,,,,,,,,,,,,,,,,,,,,,,,,,,,,,,,,,,,,,,,,,,,,,,,,,,,,,,,,,,,,,,,,,,,,
R23,,,,,,,,,,,,,,,*/klewˈeːneeː/,*/klewnejeː/,,,,*/ɡnˈeːməˤ/,,,,*/ɡneːscˈeː/,*/ɡnˈunes/,*/ɡrunˈɑː/,*/ɡruniˈɑː/,,,,,,,,,,,,,,,,,,,,,,,,,,,,,,,,,,,,,,,,,,,,,,,,,,,,,,,,,,,,,,,,,,,,,,,,,,,,,,,,,,,,,,,,,,*/χmˈelɡnəˤ/,,,,,,,,,,,,,,,,,,,,,,,,,,,,,,,,,,,,,,,,,,,,,,,,,,,,,,,,,,,,,,,,,,,,,,,,,,,,,,,,,,,,,,,,,,,,,,,,,,,,,,,,,,,,,,,,,,,,,,,,,,,,,,,,,,,,,,,,,,,,,,,,,,,,,,,,,,,,,,,,,,,,,,,,,,,,,,,,,,,,,,,,,,,,,,,,,,,,,,,,,,,,,,,,,,,,,,,,,,,,,,,,,,,,,,,,,,,,,,,,,,,,,,,,,,,,,,,,,,,,,,,,,*/mˈekrɑː/,,,,,,,,,,,,,,,,,,,,,,,,,,,,,,,,,,,,,,,,,,,,,,,,,,,,,,,,,,,
R24,,,,,,,,,,,,,,,,,,,,,,,,,,,,,,,,,,,,,,,,,,,,,,,,,,,,,,,,,,,,,,,,,,,,,,,,,,,,,,,,,,,,,,,,,,,,,,,,,,,,,,,,,,,,,,,,,,,,,,,,,,,,,,,,,,,,,,,,,,,,,,,,,,,,,,,,,,,,,,,,,,,,,,,,,,,,,,,,,,,,,,,,,,,,,,,,,,,,,,,,,,,,,,,,,,,,,,,,,,,,,,,,,,,,,,,,,,,,,,,,,,,,,,,,,,,,,,,,,,,,,,,,,,,,,,,,,,,,,,,,,,,,,,,,,,,,,,,,,,,,,,,,,,,,,,,,,,,,,,,,,,,,,,,,,,,,,,,,,,,,,,,,,,,,,,,,,,,,,,,,,,,,,,,,,,,,,,,,,,,,,,,,,,,,,,,,,,,,,,,,,,,,,,,,,,,,,,,,,,,,,,,,,,,,,,,,,,,,,,,,,
R25,,,,,,,,,,,,,,,,,,,,,,,,,,,,*/dejmˈenes/,*/dwˈenes/,*/dwˈɑːɢes/,*/duːlˈes/,*/ddʰˈeːm/,,*/ddʰˈeːmiː/,*/ddiˈes/,*/dˈesi/,*/dˈedetieː/,*/dˈeːrɑː/,*/dˈeːre/,*/dˈeries/,*/dersˈes/,*/dridʰˈɑː/,,,,,,,,,,,,,,,,,,,,,,,,,,,,,,,,,,,,,,,,,,,,,,,,,,,,,,,,,,,,,,,,,,,,,,,,,,,,,,,,,,,,,,,,,,,,,,,,,,,,,,,,,,,,,,,,,,,,,,,,,,,,,,,,,,,,,,,,,,,,,,,,,,,,,,,,,,,,,,,,,,,,,,,,,,,,,,,,,,,,,,,,,,,,,,,,,,,,,,,,,,,,,,,,,,,,,,,,,,,,,,,,,,,,,,,,,,,,,,,,,,,,,,,,,,,,,,,,,,,,,,,,,,,,,,,,,,,,,,,,,,,,,,,,,,,,,,,,,,,,,,,,,,,,,,,,,,,,,,,,,,,,,,,,,,,,,,,,,,,,,,,,,,,,,,,,,,,,,,,,,,,,,,,,,,,,,,,,,,,,,,,,,,,,,,,,,,,,,,,
R26,,,,,,,,,,,,,,,,,,,,,,,,,,,,,,,,,,,,,,,,,,,,,,,,,,,,,,,,,,,,,,,,,,,,,,,,,,,,,,,,,,,,,,,,,,,,,,,,,,,,,,,,,,,,,,,,,,,,,,,,,,,,,,,,,,,,,,,,,,,,,,,,,,,,,,,,,,,,,,,,,,,,,,,,,,,,,,,,,,,,,,,,,,,,,,,,,,,,,,,,,,,,,,,,,,,,,,,,,,,,,,,,,,,,,,,,,,,,,,,,,,,,,,,,,,,,,,,,,,,,,,,,,,,,,,,,,,,,,,,,,,,,,,,,,,,,,,,,,,,,,,,,,,,,,,,,,,,,,,,,,,,,,,,,,,,,,,,,,,,,,,,,,,,,,,,,,,,,,,,,,,,,,,,,,,,,,,,,,,,,,,,,,,,,,,,,,,,,,,,,,,,,,,,,,,,,,,,,,,,,,,,,,,,,,,,,,,,,,,,,,
R27,*/c͡çˈiːniɑː/,*/c͡çˈɑmberɑː/,*/c͡çˌestrˈem/,*/c͡çxʷnˈids/,*/c͡çˈerɑbʰes/,*/c͡çˈerɑbʰəˤtəˤ/,*/c͡çˈerɑt͡ʃəˤ/,*/c͡çˈerxmes/,*/c͡çˈerɑqes/,*/c͡çˈewiləˤ/,*/c͡çˈewqeː/,*/c͡çˈuqɑː/,*/c͡çˈupes/,*/tec͡çˈupes/,,,*/ɟ͡ʝˈemɑtɑrɑː/,*/ɟ͡ʝˈembʰeː/,*/ɟ͡ʝˈembʰes/,,*/ɟ͡ʝˈenɑtis/,*/ɟ͡ʝəˤxʷsc͡çˈeti/,*/ɟ͡ʝəˤxʷsc͡çˈesi/,*/ɡneːsc͡çˈeː/,,,,,,,,,*/dʰˈeɟ͡ʝˈeːs/,,,,,,,,,,*/ˈeɟ͡ʝs/,*/eɟ͡ʝstˈes/,,,,,,,,,,,,,,,,,*/ˈerɟ͡ʝeː/,*/ˈerɟ͡ʝeti/,,,*/ˌerɟ͡ʝˈiɑː/,*/urɟ͡ʝˈɑː/,,,,,,,,,,,,,,,,,*/eɟ͡ʝssqˈerejeː/,,,*/eɟ͡ʝsqrˈepiː/,,,,,,*/enɢʰrˈedʰisc͡çeː/,,*/ɑɟ͡ʝsɢʰˈerdʰɑː/,,*/ˈec͡çu/,*/ˈec͡çeːtəˤ/,,*/ˈɑjɟ͡ʝes/,*/ˌɑjɟ͡ʝˈijɑː/,,*/ˈɑjdʰic͡çɑj/,,,,,,,,,,,,,,*/χmˈelɟ͡ʝeː/,,,,,,,,,,,,,,*/χrˈetic͡çes/,*/ˈɑrtc͡çes/,,,,,,*/ˈerɟ͡ʝiː/,,,,,,,,,,,,,,,,,,*/kʷelɑsc͡çˈeːməˤ/,,,,,,,,,,,,,,*/ec͡çtˈeːtəˤ/,,,,,,,,,*/ˈerɟ͡ʝejes/,,*/wˈeɟ͡ʝeː/,*/wˈeɟ͡ʝesi/,*/wˈeɟ͡ʝeti/,*/xwˈeɟ͡ʝentej/,*/wˈeːɟ͡ʝˌesa/,,,,,,,,,,,,,,,,,,,,,,,,,,,,,,,,,,,,*/pˈuc͡çeː/,,,,,*/plˈɑc͡çieː/,,,,,,,,,*/eɟ͡ʝspɑlˈɑː/,,,,,,,,,,,*/ɑɟ͡ʝspˈerieː/,,,,,,,,,,,,,,,,,,,,,*/bʰˈerɑɟ͡ʝəˤ/,*/bʰrɑɟ͡ʝˈiː/,,,,,,,,,,,,,,,,,,,,,,,*/mɑɟ͡ʝiˈɑː/,,,,,,,,,*/ɑntɑːɟ͡ʝˈet͡ʃəˤ/,,,,,,,,,*/ɑɟ͡ʝstupiˈeti/,,,,,,,,,,,*/ɑɟ͡ʝstrudeː/,,,,,,,*/əˤdˈec͡çəˤtəˤ/,,,,,,,*/dric͡çtˈɑː/,,,,,,,,,,*/dˈec͡çsɑː/,*/ɑndˈec͡çsu/,*/dʰˈesc͡çeː/,,,,,,,,,,,,,*/sc͡çxjˈɑːs/,*/sc͡çˈiri/,,,,*/sˈec͡çstəˤ/,,,,,,,,,,,,,,,,,,,,,,,,,,,,,,,,,,,,,,,,,,,,,,,,,,,,,,,,,,*/ɑntbʰilˈeɟ͡ʝeː/,,,,,,*/lˈejɟ͡ʝeː/,,,*/lɑsc͡çˈeti/,,,,,,,,,,,*/ruɟ͡ʝˈɑː/
R28,,,,,,,,,,,*/c͡çˈewqɑː/,,,,*/klewˈɑːneɑː/,*/klewnejɑː/,,*/ɟ͡ʝˈembʰɑː/,,*/ɡnˈɑːməˤ/,,,,*/ɡnɑːsc͡çˈɑː/,,,,,,,,*/ddʰˈɑːm/,*/dʰˈeɟ͡ʝˈɑːs/,*/ddʰˈɑːmiː/,,,*/dˈedetiɑː/,*/dˈɑːrɑː/,*/dˈɑːre/,,,,,,,,*/xwesˈejɑː/,,,,*/xmˈɑːm/,*/xwˈenɑː/,,*/ˈeteɑː/,,,,,,,*/ˈerɟ͡ʝɑː/,,,*/xrˈepɑː/,,,,,,,,,*/qɑpˈɑː/,*/qsˈɑːniwe/,,,*/qˈelɑː/,*/sqˈɑːles/,*/sqˈɑːlistɑː/,,,,*/eɟ͡ʝssqˈerejɑː/,,,,,,,*/ɢʰləˤt͡ʃiˈɑː/,,*/enɢʰrˈedʰisc͡çɑː/,,,,,*/ˈec͡çɑːtəˤ/,,,,*/ˌɑɡʷniˈɑː/,,,,,,*/χwelkˈejɑː/,*/χwˈeriɑː/,*/χwˈɑːrˈesəˤ/,,*/xwˈerejɑː/,,,,,*/χmˈelɟ͡ʝɑː/,,,,,,*/ɑniˈɑː/,,,,,,,,,,,,,,,,*/mɑˈɑrnɑː/,,,,,,,,*/kʷˈɑː/,,,,,,*/kʷˈelɑː/,,,*/kʷelɑsc͡çˈɑːməˤ/,*/kʷˈɑːrnɑː/,,,,,,,,,*/ɡʷˌɑːrxʷnˈɑː/,,,*/ɡʷʰˈerniɑː/,*/ec͡çtˈɑːtəˤ/,,*/iˈɑːsɑː/,*/iˈɑːsɑː/,,,,,,,,*/wˈeɟ͡ʝɑː/,,,,*/wˈɑːɟ͡ʝˌesa/,,*/wˈebʰneɑː/,,,,,,*/wˈɑːlɑː/,,*/wˈelɑː/,*/wɑːlˈesəˤ/,,*/disenterwˈelɑː/,,*/wˈelsɑː/,,,,,,,,,,*/pˈijɑː/,,,,,,,,,*/pˈekʷɑː/,,*/pˈuc͡çɑː/,,,,,*/plˈɑc͡çiɑː/,*/plɑːtˈes/,*/plˈɑːtəˤ/,*/ɑnplˈɑːneɑː/,*/ɑnplˈɑːneti/,,,*/pˈelɑː/,,,,*/pˈɑːlnɑː/,,,,,*/pˈerdɑː/,,*/pˈɑːrdˈesəˤ/,*/pˈɑːrdɑː/,*/ɑɟ͡ʝspˈeriɑː/,,,,,,,,*/bʰχneˈɑː/,,,,*/bʰinˈedʰɑː/,,,,,,,,*/bʰˈerɑː/,,,*/bʰˈeriɑː/,,,,*/bʰˈɑːres/,,,*/bʰrˈedɑː/,*/bʰlˈɑːrəˤ/,,*/mˈɑː/,*/mˈɑːkʷe/,,*/mɑtiˈɑː/,,,*/mˈɑːtis/,*/mˈɑːtessɑː/,*/mˈɑːnsies/,,,,,,,,,,,*/melˌɑχweniˈɑː/,,,*/entˈekʷɑː/,,*/entɑːkʷwiˈesəˤ/,*/entɑːkʷwˈit/,,,,*/pertupiˈɑː/,,,,,*/entˈeniɑː/,*/tˈendɑː/,,,,*/trˈewdɑː/,*/ɑntrˈudɑː/,*/ɑɟ͡ʝstrudɑː/,*/trˈemɑː/,,*/tˈersejɑː/,*/tˈernɑː/,,*/tˈɑːrˈesəˤ/,,,*/edɑːnˈəˤ/,,*/edɑtˈɑː/,,,,*/dˈerɑɢʰejɑː/,*/dˈerɑɢʰɑː/,*/dˈɑːrɑɢʰiˈesəˤ/,,,*/dˈɑːməˤ/,*/dˈɑːmniɑː/,,,,,*/dʰˈesc͡çɑː/,,*/dʰˈɑːtiɑː/,*/dʰijˈɑː/,,*/dʰˈeɡʷʰɑː/,,*/ɑndˈeɡʷʰejɑː/,,,*/dʰwˈɑːrɑː/,*/dʰwˈɑːriː/,*/dʰˈelnɑː/,,,,,*/sˈɑwniɑː/,,,,,,,,,,,,,*/sekʷˈɑː/,,,,,,,,*/sˌɑːmɑtiˈɑː/,,,,,,*/stˈɑːneɑː/,*/stχneˈɑː/,,*/stˈelɑː/,,,*/stˈelɑː/,*/peristˈɑːlet/,*/stˈeriɑː/,,,*/stˈr̩xʷneɑː/,*/strˈineɑː/,,,,,,*/sˈerbʰejɑː/,,,,,*/nˈɑːkʷe/,,,,,*/nˈɑːs/,,*/nˈɑːssi/,*/nˈɑːsɑːm/,*/ɑntbʰilˈeɟ͡ʝɑː/,*/lˈɑːtejes/,*/lˈɑːdɑː/,*/lˈɑːdəˤ/,*/lˈɑːdet͡ʃəˤ/,*/lˈɑːdrɑː/,*/lˈejɟ͡ʝɑː/,,,,,,,,*/lˈewɑː/,*/lˈewxʷneɑː/,,,,*/ludˈitiɑː/,
R29,,,,,,,,,,,,,,,,*/klewniːɑː/,,,,,,,,,,,,*/diːmˈenes/,,,,,,,,,,,,,,,,,,,*/xwesˈiːɑː/,*/xwesˈiːeti/,,,,,,,,,,,,,,,,,,,,,,,,,,,,,,,,,,,*/eɟ͡ʝssqˈeriːɑː/,,,,,,,,,,,,,,,*/ˈiːukʷid/,,,,,,,,,*/χwelkˈiːɑː/,,,,*/xwˈeriːɑː/,,,,,,,,,,,,,,,,,,*/χlˈiːdes/,,,,,,,,,,,,,,,,,,,,,,,,,*/kʷˈelˈiːeti/,,,,,,,,,,,,,,,,,,,,,,,,*/ˈerɟ͡ʝiːes/,,,,,*/xwˈeɟ͡ʝentiː/,,*/wˈiːnɑː/,,,,,,,,,,,,,,,,,,,,,,,,,,,,,,,,,,,,,,,,,,,,,,,,,,,,,,,,,,,,,,,,,,,,,,,,,*/bʰinedʰˈet͡ʃiː/,*/bʰˈiːdʰɑː/,,,,,,,,,,,,,,*/bʰˈiːrɑː/,,,,,,,,,,,,,,,,,,,,,,,,,,,,,,,,,,,,,,,,,*/trˈiːes/,,*/trˈiːɡʰɑː/,,,,,,*/tˈersiːɑː/,,,,,,,,,*/dwˈiːɢʰɑː/,*/dwˈiːews/,,*/dˈerɑɢʰiːɑː/,,,,,,,,,,,,*/dʰˈiːliɑː/,,,,,*/dʰeɡʷʰiːntɑːs/,*/ɑndˈeɡʷʰiːɑː/,*/ɑndˈeɡʷʰiːeti/,,,,,,,,,,,,,,,,,,,,,,,,,,,,,,,*/stˈiːɢʰes/,,,,,,,,,,,,,,,,,,*/pˈiːdes/,,,,,*/sˈerbʰiːɑː/,*/serbʰˈiːeti/,,,,,,,,,,,,,,*/lˈɑːtiːes/,,,,,*/lˈiːɟ͡ʝɑː/,,,,,,,,,,,,,,
R30,,,,,,,,,,,,,,,,,,,,,,,,,,,,,,,,,,,,,,,,,,,,,,,,,,,,,,,,,,,,,,,,,,,,,,,,,,,,,,,,,,,,,,,,,,,,,,,,,,*/ˈiːut͡ʃᵝid/,,,,,,,,,,,,,,,,,,,,,,,,,,,,,,,,,,,,,,,,,,,,*/t͡ʃᵝˈiːlɑː/,*/ˈəˤt͡ʃᵝiːlɑː/,*/t͡ʃᵝˈis/,*/t͡ʃᵝˈiː/,,*/t͡ʃᵝˈem/,*/t͡ʃᵝˈesie/,*/t͡ʃᵝˈesses/,,,*/t͡ʃᵝˈelɑː/,*/t͡ʃᵝˈelet/,*/t͡ʃᵝˈelˈiːeti/,*/t͡ʃᵝelɑsc͡çˈɑːməˤ/,,,,,,,,,,,*/?0ˌermˈes/,*/?0ˌernˈes/,*/?0ˈerniɑː/,,*/xʷt͡ʃᵝˈiː/,,,,,,,,,,,,,,,,,,,,,,,,,,,,*/ˈult͡ʃᵝes/,,,,,,,,,,,,,,,,,,,,,,,,,,*/pˈestt͡ʃᵝe/,,,,,,,,,,,,,,,,,,,,,,,,,,,,,,,,,,,,,,,,,,,,,,,,,,,,,,,*/mˈɑːt͡ʃᵝe/,,,,,,,,,,,,,,,,,,,,,,,,,,,,,,,,,,,,,,,,,,,,,,,,,,,,,,,,,,,,,,,,,,,,,,,,*/dʰe?0iːntɑːs/,*/ɑndˈe?0iːɑː/,*/ɑndˈe?0iːeti/,,,,,,,,,,,,,,,,,,,,,*/set͡ʃᵝˈes/,,*/set͡ʃᵝemtˈem/,,,,,,,,,,,,,,,,,,,,,,,,,,,,,,,,,,,,*/nˈɑːt͡ʃᵝe/,,,,,,,,,,,,,,,,,,,,,,,,,,,,,
R31,,,,*/c͡çxʷmˈids/,,,,,,,,,,,,,,,,,,,,,,,,,,,,,,,,,,,,,,,,,,,,,,,,,,,,,,,,,,,*/xrˈeɡʷmes/,,,,,,,,,,,,,,,,,,,,,,,,,,,,,,,,,,,,,,*/ˌɑɡʷmiˈɑː/,,,,,,,,,,,,,,,,,,,,,,,,,,,,,,,,,,,,,,,,,,,,,,,,,,,,,,,,,,,,,,,,*/ɡʷˌɑːrxʷmˈɑː/,,,,,,,,,,,,,,,,,,,,,*/wˈebʰmeɑː/,,,,,,,,,,,,,,,,,,,,,,,,,,,,,,,,,,,,,,,,,,,,,,,,,,,,,,,,,,,,,,,,,,,,,,,,,,,,,,,,,,,,,,,,,,,,,,,,,,,,,,,,,,,,,,,,*/mˈelxʷmu/,,,,,,,,,,,,,,,,,,,,,,,,,,,,,,,,,,,,,,,,,,*/dˈɑːmmiɑː/,,,,,,,,,,,,,,,,,,,,,,,,,,,,,,,,,,,,,*/sˈupmes/,,,,,,,,,,,,,,,,,,,,,,,*/stˈr̩xʷmeɑː/,,,,,,,,,,,,,,,,,,,,,,,,,,,,,,,*/lˈubʰməˤ/,,,,,*/lˈewxʷmeɑː/,*/lˈewxʷməˤ/,,,,
R32,,,,,,,,,,,,,,,,,,,,,,,,,,,,,,,,,,,,,,,,,,,,,,,,,,,,,,,,,,,,,,,*/xrˈemes/,,,,,,,,,,,,,,,,,,,,,,,,,,,,,,,,,,,,,,*/ˌɑmiˈɑː/,,,,,,,,,,,,,,,,,,,,,,,,,,,,,,,,,,,,,,,,,,,,,,,,,,,,,,,,,,,,,,,,,,,,,,,,*/ˈemɑː/,,,,,,,,,,,,,*/wˈemeɑː/,,,,,,,,,,,,,,,,,,,,,,,,,,,,,,,,,,,,,,,,,,,,,,,,,,,,,,,,,,,,,,,,,,,,,,,,,,,,,,,,,,,,,,,,,,,,,,,,,,,,,,,,,,,,,,,,,,,,,,,,,,,,,,,,,,,,,,,,,,,,,,,,,,,,,,,,,,,,,,,,,,,,,,,,,,,,,,,,,,,,,,,,,,,,,,,*/sˈumes/,,,,,,,,,,,,,,,,,,,,,,,,,,,,,,,,,,,,,,,,,,,,,,,,,,,,,,*/lˈuməˤ/,,,,,,,,,,
R33,,,,,,,,,,,,,,,,,,,,,,,,,,,,,,,,,,,,,,,,,,,,,,,,,,,,,,,,,,,,,,,,,,,,,,,,,,,,,,,,,,,,,,,,,,,,,,,,,,,,,,,,,,,,,,,,,,,,,,,,,,,,,,,,,,,,,,,,,,,,,,,,,,,,,,,,,,,,,,,,,,,,,,,,,*/etˈɑːtəˤ/,,,,,,,,,,,,,,,,,,,,,,,,,,,,,,,,,,,,,,,,,,,,,,,,,,,,,,,,,,,,,,,,,,,,,,,,,,,,,,,,,,,,,,,,,,,,,*/bʰutˈəˤ/,,,,,,,,,,,,,,,,,,,,,,,,,,,,,,,,,,,,,,,,,,,,,,,,,,,,,,,,,,,,,,,,,,,,,,,*/dritˈɑː/,,,,,,,,,,,,,,,,,,,,,,,,,,,,,,,,,,,,,,,,,,,,,,,,,,,,,,,,,,,,,,,,,,,,,,,,,,,,,,,,*/nˈetɑː/,*/nˈetiː/,,,,,,,,,,,,,,,,,,,,,,,,,,,
R34,,,,,,,,,,*/c͡çˈeiləˤ/,,,,,*/kleˈɑːneɑː/,,,,,,,,,,,,,,,,,,,,,,,,,,,,,,,,,,,,,,,,,,,,,,,,,,,,,,,,,,,*/qsˈɑːnie/,,,,,,,,,,,,,,,,,,,,,,,,,,*/ˌɑjɟ͡ʝˈiɑː/,,,,*/xwidʰˈeɑː/,*/ˈɑis/,,,,,,,,,,,,,,,,,,,,,,,,,,,,*/ɑˈi/,,,,,,,,,,,,,,,,,,,,,,,,,,,,,,,,,,,,,,,,,,,,,,,,,,,,,,,,,,,,,,,,,,,,,,,,,,,,*/pˈiɑː/,*/pˈieti/,,,,,,,,,,,,,,,,,,,,,,,,,,,,,,,,,,,,,,,,,,,,,,,,,,,,,,,,,,,,,,,,,,,,,,,,,,,,,,,,,,,,,,,,,,,,,,,,,,,,,,,,,,,,,,,,,,,,,,,,,,,,,,,,,,,,,,,,,,*/dʰiˈɑː/,,,,,,,,,,,,,,,,,,,,,,,,,,,,,,,,,,,,,,*/stɑˈesəˤ/,,,,,,,,,,,,,,,,,,,,,,,,,,,,,,,,,,,,,,,,,,,,,,,,,*/lˈeɑː/,,,,,,
R35,,,,,,,,,,,,,,,,,,,,,,,,,,,,,,,,,,,,,,,,,,,,,,,,,,,,,,,,,,,,,,,,,,,,,,,,,,,,,,,,,,,,,,,,,,,,,,,,,,,,,,,,,,,,,,,,,,,,,,,,,,,,,,,,,,,,,,,,,,,,,,,,,,*/kᵝˈɑː/,,,,*/kᵝˈɑːlɑː/,*/kᵝˈur/,,,,,*/kᵝˈɑːrnɑː/,*/kᵝrˈimis/,*/kᵝ̬ˈɑres/,*/ˈɑnkᵝ̬rˈesəˤ/,*/ɑnkᵝ̬rɑt/,*/ɑnkᵝ̬rˈesit/,*/ˈɑnkᵝ̬rxʷmes/,*/ˌɑnkᵝ̬rˈunɑː/,*/ˌɑnkᵝ̬rxnnəˤ/,*/kᵝ̬ˌɑːrxʷmˈɑː/,,,,,,,,,,,,,,,,,,,,,,,,,,,,,,,,,,,,,,,,,,,,,,,,,,,,,*/pˈekᵝɑː/,*/pˈekᵝˈəˤ/,,,,,,,,,,,,,,,,,,,,,,,,,,,,,,,,,,,,,,,,,,,,,,,,,,,,,,,,,,,,,,,,,,,,,,,,,,,,,,,,,*/entˈekᵝɑː/,*/entˈekᵝwed/,*/entɑːkᵝwiˈesəˤ/,*/entɑːkᵝwˈit/,,,,,,,,,,,,,,,,,,,,,,,,,,,,,,,,,,,,,,,,,,,,,,,*/dʰˈeɡʰᵝɑː/,,,,,,,,,,,,,,,,,,,,,,,,,*/sekᵝˈɑː/,,,,,,,,,,,,,,,,,,,,,,,,,,,,,,,,,,,,,,,,,,,,,,,,,,,,,,,,,,,,,,,,,,
R36,,,,,,,,,,,,,,,,,,,,,,,,,,,,,,,,,,,,,,,,,,,,,,,,,,,,,,,,,,,,,,,,,,,,,,,,,,,,,,,,,,,,,,,,,,,,,,,,,,,,,,,,,,,,,,,,,,,,,,,,,,,,,,,,,,,,,,,,,,,,,,,,,,,,,,,,,,,,,,,,,,,,,,,,,,,,,,,,,,,,,,,,,,,,,,,,,,,,*/didˈeləˤtəˤ/,,,,,,,,,,,,,,,,,,,,,,,,,,,,,,,,,,,,,,,,,,,,,,,,,,,,,,,,,,,,,,,,,,,,,,,,,,,,,,,,,,,,,,,,,,,,,,,,,,,,,,,,,,,,,,,,,,,,,,,,,,,,,,,,,,,,,,,,,,,,,,,,,,,,,,,,,,,,,,,,,,,,,,,,,,,,,,,*/dˌidˈertiɑː/,,,,,,,,,,,,,,,,,,,,,,,,,,,,,,,,,,,,,,,,,,,,,,,,,,,,,,,,,,,,,,,,,,,,,,
R37,,,,,,,,,,,,,,,,,,,,,,,,,,,,,,,,,,,,,,,,,,,,,,,,,,,,,,,,,,,,,,,,,,,,,,,,,,,,,,,,,,,,,,,,,,,,,,,,,,,,,,,,,,,,,,,,,,,,,,,,,,,,,,,,,,,,,,,,,,,,,,,,,,,,,,,,,,,,,,,,,,,,,,,,,,,,,,,,,,,,,,,,,,,,,,,,,,,,,,,,,,,,,,,,,,,,,,,,,,,,,,,,,,,,,,,,,,,,,,,,,,,,,,,,,,,,,,,,,,,,,,,,,,,,,,,,,,,,,,,,,,,,,,,,,,,,,,,,,,,,,,,,,,,,,,,,,,,,,,,,,,,,,,,,,,,,,,,,,,,,,,,,,,,,,,,,,,,,,,,,,,,,,,,,,,,,,,,,,,,,,,,,,,,,,,,,,,,,,,,,,,,,,,,,,,,,,,,,,,,,,,,,,,,,,,,,,,,,,,,,,
R38,,,,,,,,,,,,,,,,,,,,,,,,,,,,,,,,,,,,,,,,,,,,,,,,,,,,,,,,,,,,,,,,,,,,,,,,,,,,,,,,,,,,,,,,,,,,,,,,,,,,,,,,,,*/ˈɑʊ̯ɢes/,,,,,,,,,,,,,,,,,,,,,,,,,,,,,*/ˈɑːʊ̯les/,*/ˈɑːʊ̯lˈəˤ/,,,,,,,,,,,,,,,,,,,,,,,,,,,,,,,,,,,,,,,,,,,,,,,,,,,,,,,,,,,,,,,,,,,,,,,,,,,,,,,,,,,,,,,,,,,,,,,,,,,,,,,,,,,,,,,,,,,,,,,,,,,,,,,,,,,,,,,,,,,,,,,,,,,,,,,,,,,,,,,,,,,,,,,,,,,,,*/tˈaʊ̯res/,*/tˈaʊ̯riː/,,,,,,,,,,,,,,,,,*/dˈɑʊ̯nəˤ/,,,,,,,,,,,,,,,,,,,,,,,,,,,,,,,,,,,*/sˈɑʊ̯niɑː/,,,,,,,,,,,,,,,,,,,,,,,,,,*/stɑʊ̯nˈəˤ/,,,,,,,,,,,,,,,,,,,,,,,,,,,,,,,,,,,,,,,,,,,,,,,,,,,,,
R39,,,,,,,,,,,,,,,,,,,,,,,,,,,,,,,,,,,,,,,,,,,,,,,,,,,,,,,,,,,,,,,,,,,,,,,,,,,,,,*/?1ˈɑːles/,*/?1ˈɑːlistɑː/,*/?1ˈelimes/,*/dis?1ˈeləˤ/,*/dis?1ˈelnəˤ/,*/eɟ͡ʝs?1ˈeriːɑː/,,,*/eɟ͡ʝ?1rˈepiː/,,,,,,,,*/ɑɟ͡ʝ?2ˈerdʰɑː/,,,,,,,,,,,,,,,,,,,,,,,,,,,,,,,,,,,,,,,,,,,,,,,,,,,,,,,,,,,,,,,,,,,,,,,,,,,,,,,,,*/ˈe?1es/,,,,,,,,,,,,,,,,,,,,,,,,,,,,,,,,,,,,,,,,,,,,,,,,,,,,,,,,,,,*/eɟ͡ʝɸɑlˈɑː/,,,,,,*/ɸˈeres/,,,,,*/ɑɟ͡ʝɸˈeriɑː/,,,,,,,,,,,,,,,,,,,,,,,,,,,,,,,,,,,,,,,,,,,,,,,,,,,,,,,,,,,,,,,,,,,,,,,,,,,,,,,,,,,,,,,,,,,,,,,,,,,,,,,,,,,,,,,,,,,,,,,,*/?1ewdˈeti/,*/?1ˈendnɑː/,*/?1ˈerpɑː/,*/?1elˈɑː/,*/?1ˈelimes/,,,,,,,,,,*/ɸerˈɑː/,*/ɸerˈɑːm/,*/ɸerˈɑːs/,,,,,,,,,,,,,,,,,,,,,,,,,,,,,,,,,,,,,,,,,,,,,,,,,,,,,,,,,,,,
R40,,,,,,,,,,,,,,,,,,,,,,,,,,,,,,,,,,,,,,,,,*/derc͡çˈes/,,,,,,,,,,,,,,,,,,,,,,,,,,,,,,,,,,,,,,,,,,,,,,,,,,,,,,,,,,,,,,,,,,,,,,,,,,,,,,,,,,,,,,,,,,,,,,,,,,,,,,,,,,,,*/t͡ʃᵝˈesc͡çes/,,,,,,,,,,,,,,,,,,,,,,,,,,,,,,*/xʷrˈewqc͡çes/,,,,,,,,,,*/wˈetwesc͡çes/,,,,,,,,,,,,,,,,,,,,,,,,,,*/pɑc͡çˈes/,,,,,,,,,,,,,,,,,,,,,,,,,,,,,,,,,,,,,,,,,,,,,,,,,,,,,,,,,,,,,,,,,,,,,,,,,,,,,,,,,,,,,,,,,,,,,,,,,,,,,,,,,,,,,,,,,,,,,,,,,,,,,,,,,,,,,,,,,,,,,,,,,,,,,,,,,,,,,*/c͡çˈuːsies/,*/c͡çˈuːs/,,,,,,,,,,,,,,,,,,,,,,,,,,,,,,,,,,,,,,,,,,,,,,,,,,,,,,,,,,,,,,,,,,,,
R41,,,*/c͡çˌeʃtrˈem/,*/c͡çxʷmˈidʃ/,*/c͡çˈerɑbʰeʃ/,,,*/c͡çˈerxmeʃ/,*/c͡çˈerɑqeʃ/,,,,*/c͡çˈupeʃ/,*/tec͡çˈupeʃ/,,,,,*/ɟ͡ʝˈembʰeʃ/,,*/ɟ͡ʝˈenɑtiʃ/,*/ɟ͡ʝəˤxʷʃc͡çˈeti/,*/ɟ͡ʝəˤxʷʃc͡çˈeʃi/,*/ɡnɑːʃc͡çˈɑː/,*/ɡnˈuneʃ/,,,*/diːmˈeneʃ/,*/dwˈeneʃ/,*/dwˈɑːɢeʃ/,*/duːlˈeʃ/,,*/dʰˈeɟ͡ʝˈɑːʃ/,,*/ddiˈeʃ/,*/dˈeʃi/,,,,*/dˈerieʃ/,*/derc͡çˈeʃ/,,*/ˈeɟ͡ʝʃ/,*/eɟ͡ʝʃtˈeʃ/,*/ʃˈuː/,,*/xweʃˈiːɑː/,*/xweʃˈiːeti/,,,,,,,*/ˈeteʃi/,,*/ˈeʃi/,*/ˈeʃti/,*/ˈeʃente/,,,,*/xrˈemeʃ/,,,,,,*/jˈuːʃ/,,*/jˈemeʃ/,*/qˈɑːpɑʃtəˤ/,,*/qʃˈɑːnie/,*/qʃulnˈeʃ/,*/qelɑbʰˈeʃ/,,*/?1ˈɑːleʃ/,*/?1ˈɑːliʃtɑː/,*/?1ˈelimeʃ/,*/diʃ?1ˈeləˤ/,*/diʃ?1ˈelnəˤ/,*/eɟ͡ʝʃ?1ˈeriːɑː/,,,,*/qrˈipʃɑː/,*/ɢwˈedeʃ/,,,,*/enɢʰrˈedʰiʃc͡çɑː/,*/ɢʰˈerdʰeʃ/,,,,,,*/ˈɑjɟ͡ʝeʃ/,,,,,,*/ˈɑiʃ/,*/ˈɑʊ̯ɢeʃ/,,,*/χwˈɑːrˈeʃəˤ/,,,,,,,,,,*/ˈɑt͡ʃeneʃ/,,,,,,*/ˈɑndʰeʃ/,,,,*/χlˈiːdeʃ/,*/χrˈetic͡çeʃ/,*/ˈɑrtc͡çeʃ/,*/ˈɑjdʰeʃ/,,,*/ˈɑːʊ̯leʃ/,,,,*/mɑˈɑrneʃi/,,,,,*/t͡ʃᵝˈiʃ/,,,,*/t͡ʃᵝˈeʃie/,*/t͡ʃᵝˈeʃc͡çeʃ/,,,,,,*/t͡ʃᵝelɑʃc͡çˈɑːməˤ/,,*/kᵝrˈimiʃ/,*/kᵝ̬ˈɑreʃ/,*/ˈɑnkᵝ̬rˈeʃəˤ/,,*/ɑnkᵝ̬rˈeʃit/,*/ˈɑnkᵝ̬rxʷmeʃ/,,,,*/?0ˌermˈeʃ/,*/?0ˌernˈeʃ/,,,,*/iˈɑːʃɑː/,*/iˈɑːʃɑː/,,,*/ˈe?1eʃ/,*/ˈeʃtiːnɑː/,*/xʷlˈiɢeʃ/,*/ˈerɟ͡ʝiːeʃ/,*/xʷrˈewqc͡çeʃ/,,*/wˈeɟ͡ʝeʃi/,,,*/wˈɑːɟ͡ʝˌeʃa/,,,*/wˈeteʃi/,*/wˈeteʃʃi/,*/wˈetweʃc͡çeʃ/,*/wˈeteʃ/,,,,,*/wɑːlˈeʃəˤ/,,*/diʃenterwˈelɑː/,*/ˈult͡ʃᵝeʃ/,*/wˈelʃɑː/,,,,,,,,,,,,*/pˈitʃiɑː/,,,*/pɑʃʃˈəˤ/,*/pɑc͡çˈeʃ/,*/pˈɑʃ/,,,,,,*/pˈetˈeʃəˤ/,*/pˈedʃi/,*/pˈeʃtt͡ʃᵝe/,,*/plɑːtˈeʃ/,,,,*/pˈelxmeʃ/,,,,,*/plewʃiteʃ/,,,,,*/ɸˈereʃ/,,,*/pˈɑːrdˈeʃəˤ/,,,,,*/bʰˈiːreʃ/,,,,*/bʰχniˈeʃi/,,,,,,,,*/bʰˈewχnneʃ/,,,*/ɑnbˈuneʃeti/,,,,,,,,*/bʰˈereʃ/,*/bʰˈɑːreʃ/,,,,,,,,*/mɑtˈeʃəˤ/,,,,*/mˈɑːtiʃ/,*/mˈɑːteʃʃɑː/,*/mˈɑːnʃieʃ/,,*/mˈuːʃ/,,,*/memʃˈem/,,*/mˌəˤtˈeʃ/,,,,,,,,,*/entɑːkᵝwiˈeʃəˤ/,,,,,,*/ɑɟ͡ʝʃtupiˈeti/,*/tˈaʊ̯reʃ/,,*/tˈulneʃ/,,,*/trˈiːeʃ/,,,,,*/ɑɟ͡ʝʃtrudɑː/,,,*/tˈerʃiːɑː/,,,*/tˈɑːrˈeʃəˤ/,,,,*/edeʃˈəˤ/,,,*/dwˈiːewʃ/,,,,*/dˈɑːrɑɢʰiˈeʃəˤ/,*/drˈuneʃ/,*/drˈuːneʃ/,,,,,*/dˈec͡çʃɑː/,*/ɑndˈec͡çʃu/,*/dʰˈeʃc͡çɑː/,,,,*/dʰiːtˈeʃəˤ/,,*/dʰe?0iːntɑːʃ/,,,,,,,*/ʃc͡çxjˈɑːʃ/,*/ʃc͡çˈiri/,*/ʃi/,*/ʃiː/,*/ʃˈɑʊ̯niɑː/,*/ʃˈec͡çʃtəˤ/,*/ʃˈɑːlɑː/,,,,,*/?1ˈelimeʃ/,*/ʃˈuː/,,*/c͡çˈuːʃieʃ/,*/c͡çˈuːʃ/,*/ʃet͡ʃᵝˈeʃ/,*/ʃekᵝˈɑː/,*/ʃet͡ʃᵝemtˈem/,*/ʃˈumeʃ/,*/ʃˌet͡ʃəˤtˈeʃ/,,,*/ɸerˈɑːʃ/,,*/ʃˌɑːmɑtiˈɑː/,*/ʃtˈiːɢʰeʃ/,*/ʃtɑː/,*/ʃtɑˈeʃəˤ/,*/ʃtˈuːlɑː/,*/ʃtɑʊ̯nˈəˤ/,*/ʃtˈɑːneɑː/,*/ʃtχneˈɑː/,*/ʃtˈɑntiɑː/,*/ʃtˈelɑː/,*/kəˤʃtˈelɑː/,*/ʃtˈelbʰeʃ/,*/ʃtˈelɑː/,*/periʃtˈɑːlet/,*/ʃtˈeriɑː/,*/ʃtˈr̩ʃəˤ/,*/ʃtˈeriː/,*/ʃtˈr̩xʷmeɑː/,*/ʃtrˈineɑː/,*/pˈiːdeʃ/,,,*/ʃˈerpeneʃ/,*/r̩pˈenieeʃ/,*/ʃˈerbʰiːɑː/,*/ʃerbʰˈiːeti/,*/ʃermˈɑː/,*/ʃˈelpəˤ/,*/ʃˈelχweʃ/,,,,,,*/nˈɑːʃ/,*/nˈeʃ/,*/nˈɑːʃʃi/,*/nˈɑːʃɑːm/,,*/lˈɑːtiːeʃ/,,,,,,*/xʷlˈiɢeʃ/,*/lˈeɢʰeʃ/,*/lɑʃc͡çˈeti/,,*/luɢˈeʃ/,,,,,,*/lˈumeʃ/,*/lˈewdʰreʃ/,,
R42,,,,,,,,,,,,,,,,,,,,,,,,,,,,,,,,,,,,,,,,,,,,,*/ʒˈuː/,,*/xweʒˈiːɑː/,*/xweʒˈiːeti/,,,,,,,,,,,,,,,,,,,,,,,,,,*/qʒˈɑːnie/,,,,,,,,,,,,,,,,,,,,,,,,,,,,,,,,,,,,,,,,,,,,,,,,,,,,,,,,,,,,,,,,,,,,,,,,,,,,,,,,,,,,,,,,,,,,,,,,,,,,,,,,,,,,,,,,,,,,,,,,,,,,,,,,,,,,,,,,,,,,*/pɑʃʒˈəˤ/,,,,,,,,,,,,,,,,,,,,,,,,,,,,,,,,,,,,,,,,,,,,,,,,,,,,,,,,,,,,,,,,,,,,,,,,,,,,,*/memʒˈem/,,,,,,,,,,,,,,,,,,,,,,,,,,,,,,,,,,,,,,*/edeʒˈəˤ/,,,,,,,,,,,,,,,,,,,,,,,,,,,,,,,,,*/ʒˈɑʊ̯niɑː/,*/ʒˈec͡çʃtəˤ/,*/ʒˈɑːlɑː/,,,,,,*/ʒˈuː/,,,,,,,*/ʒˈumeʃ/,*/ʒˌet͡ʃəˤtˈeʃ/,,,,,*/ʒˌɑːmɑtiˈɑː/,,,,,,,,,,,,,,,,,,,,,,*/ʒˈerpeneʃ/,,*/ʒˈerbʰiːɑː/,,,*/ʒˈelpəˤ/,*/ʒˈelχweʃ/,,,,,,,,,,,,,,,,,,,,,,,,,,,,,,
R43,,,,,,,,,,,,,,,,,,,,,,,,,,,,,,,,,,,,,,,,,,,,,,,,,,,,,,,,,,,,,,,,,,,,,,,,,,,,,,,,,,,,,,,,,,,,,,,,,,,,,,,,,,,,,,,,,,,,,,,,,,,,,,,,,,,,,,,,,,,,,,,,,,,,,,,,,,,,,,,,,,,,,,,,,,,,,,,,,,,,,,,,,,,,,,,,,,,,,,,,,,,,,,,,,,,,,,,,,,,,,,,,,,,,,,,,,,,,,,,,,,,,,,,,,,,,,,,,,,,,,,,,,,,,,,,,,,,,,,,,,,,,,,,,,,,,,,,,,,,,,,,,,,,,,,,,,,,,,,,,,,,,,,,,,,,,,,,,,,,,,,,,,,,,,,,,,,,,,,,,,,,,,,,,,,,,,,,,,,,,,,,,,,,,,,,,,,,,,,,,,,,,,,,,,,,,,,,,,,,,,,,,,,,,,,,,,,,,,,,,,
R44,,,,,,,,,,,,,,,,,,,,,,,,,,,,,,,,,,,,,,,,,,,*/jˈeɟ͡ʝʃ/,*/jeɟ͡ʝʃtˈeʃ/,,,,,*/jˈeme/,,,,*/jˈetere/,*/jˈeteɑː/,*/jˈeteʃi/,*/jˈeteti/,*/jˈeʃi/,*/jˈeʃti/,*/jˈeʃente/,*/jˌedˈunɑː/,*/jˈerɟ͡ʝɑː/,*/jˈerɟ͡ʝeti/,,,*/jˌerɟ͡ʝˈiɑː/,,,,,,,,,,,,,,,,,,*/jeɟ͡ʝʃ?1ˈeriːɑː/,,,*/jeɟ͡ʝ?1rˈepiː/,,,,,,*/jenɢʰrˈedʰiʃc͡çɑː/,,,,*/jˈec͡çu/,*/jˈec͡çɑːtəˤ/,,,,,,,,,,,,,,,,,,,,,,,,,,,,,,,,,,,,,,,,*/jˈerɟ͡ʝiː/,,,,,,,,,,,,,,,,,,,,,,,,,,,,,,,,*/jetˈɑːtəˤ/,,,,*/jˈemɑː/,*/jedrˈɑː/,*/jˈe?1eʃ/,*/jˈeʃtiːnɑː/,,*/jˈerɟ͡ʝiːeʃ/,,,,,,,,,,,,,,,,,,,,,,,,,,,,,,,,,,,,,,,,,,,,,,,,,,,,,,,,*/jeɟ͡ʝɸɑlˈɑː/,,,,,,,,,,,,,,,,,,,,,,,,,,,,,,,,,,,,,,,,,,,,,,,,,,,,,,,,,,,,,,,,,,*/jentˈekᵝɑː/,*/jentˈekᵝwed/,*/jentɑːkᵝwiˈeʃəˤ/,*/jentɑːkᵝwˈit/,,,,,,,,,*/jentˈeniɑː/,,,,,,,,,,,,,,,,*/jedɑːnˈəˤ/,*/jedeʒˈəˤ/,*/jedɑtˈɑː/,,,,,,,,,,,,,,,,,,,,,,,,,,,,,,,,,,,,,,,,,,,,,,,,,,,,,,,,,,,,,,,,,,,,,,,,,,,,,,,,,,,,,,,,,,,,,,,,,,,,,,,,,,,,,,,
R45,,,,,*/c͡çjˈɑrɑbʰeʃ/,*/c͡çjˈɑrɑbʰəˤtəˤ/,*/c͡çjˈɑrɑt͡ʃəˤ/,,*/c͡çjˈɑrɑqeʃ/,,*/c͡çjˈɑwqɑː/,,,,,,*/ɟ͡ʝjˈɑmɑtɑrɑː/,*/ɟ͡ʝjˈɑmbʰɑː/,,,*/ɟ͡ʝjˈɑnɑtiʃ/,,,,,,,,,,,,*/dʰjˈɑɟ͡ʝˈɑːʃ/,,,,,,,,,,,,,,,,,,,*/xwjˈɑnɑː/,,,,,,,,,*/jˈɑrɟ͡ʝɑː/,,,*/xrjˈɑpɑː/,,,,,,,,,,,,,*/qjˈɑlɑː/,,,,*/diʃ?1jˈɑləˤ/,*/diʃ?1jˈɑlnəˤ/,,*/qjˈɑrpɑː/,,,,,,,*/ɢʰrjˈɑbɑː/,,,*/ɑɟ͡ʝ?2jˈɑrdʰɑː/,,,*/jˈɑc͡çɑːtəˤ/,,,,,,,*/xwidʰjˈɑɑː/,,,,,*/χwˈɑːrjˈɑʃəˤ/,*/χwjˈɑrnəˤ/,,,*/χpjˈɑɑw/,,,*/χmjˈɑlɟ͡ʝɑː/,*/χmjˈɑlɡnəˤ/,,,,,,,,,,,,,,,,,,,,,,,,,,,,,,,,,,,*/t͡ʃᵝjˈɑlɑː/,,,,,,,*/ˈɑnkᵝ̬rjˈɑʃəˤ/,,,,,,,,,,,,,,*/jˈɑmɑː/,,,,,,,*/wjˈɑɟ͡ʝɑː/,,,,,,,,,,,*/unkjˈɑt͡ʃəˤ/,,,*/wjˈɑlɑː/,*/wɑːljˈɑʃəˤ/,*/didjˈɑləˤtəˤ/,*/diʃenterwjˈɑlɑː/,,*/wjˈɑlʃɑː/,*/wjˈɑlnɑː/,,,,,,,,,,,,,,,,,,*/pjˈɑkᵝɑː/,*/pjˈɑkᵝˈəˤ/,,,*/pˈetjˈɑʃəˤ/,,,,,,,,,*/pjˈɑləˤ/,*/pjˈɑlɑː/,,,,,*/pjˈɑlnəˤ/,,,,*/pjˈɑrdɑː/,,*/pˈɑːrdjˈɑʃəˤ/,,,,,,,,,,,,,,*/bʰinjˈɑdʰɑː/,,,,,,,,*/bʰjˈɑrɑː/,*/bʰjˈɑrɑɟ͡ʝəˤ/,,,,*/bʰjˈɑrnɑː/,,,,,*/bʰrjˈɑdɑː/,,,,,*/mɑtjˈɑʃəˤ/,,,,,,,,,,,,,,,,,,,*/ɑntɑːɟ͡ʝjˈɑt͡ʃəˤ/,*/jentjˈɑkᵝɑː/,,*/jentɑːkᵝwijˈɑʃəˤ/,,,,,,,,,,,*/tjˈɑndɑː/,,,,*/trjˈɑwdɑː/,,,*/trjˈɑmɑː/,,,*/tjˈɑrnɑː/,*/tjˈɑrnəˤ/,*/tˈɑːrjˈɑʃəˤ/,*/əˤdjˈɑc͡çəˤtəˤ/,,,,,,,,*/djˈɑrɑɢʰiːɑː/,*/djˈɑrɑɢʰɑː/,*/dˈɑːrɑɢʰijˈɑʃəˤ/,,,,,,*/dlɑɡʰjˈɑtəˤ/,*/djˈɑc͡çʃɑː/,,*/dʰjˈɑʃc͡çɑː/,,,,*/dʰiːtjˈɑʃəˤ/,*/dʰjˈɑɡʰᵝɑː/,,,,,,,*/dʰjˈɑlnɑː/,,,,,,*/ʒjˈɑc͡çʃtəˤ/,,,*/?1jˈɑndnɑː/,*/?1jˈɑrpɑː/,,,,,,,,,,,,,,,*/mjˈɑkrɑː/,,,,*/ʃtɑjˈɑʃəˤ/,,,,,,*/ʃtjˈɑlɑː/,*/kəˤʃtjˈɑlɑː/,,*/ʃtjˈɑlɑː/,,,,,,,,,,,,,,,*/ʒjˈɑlpəˤ/,,,*/njˈɑtɑː/,,,*/njˈɑmɑː/,,,,,*/ɑntbʰiljˈɑɟ͡ʝɑː/,,,,,,,,,,,,,,*/ljˈɑɑː/,,*/ljˈɑwxʷməˤ/,,,,
R46,,,,,,,,,,,,,,,,,,,,,,,,,,,,,,,,,,,,,,,,,,,,,,,,,,,,,,,,,,,*/jˈeʃenne/,,,,,,,,*/xrˈennu/,*/xnˈewnnˈem/,,,,,,,,,,,,,,,,,,,,,,,,,,,,,,,,,,,,,,,,,,,,,,,,,,,,,*/ˈɑnnɑː/,,,,,,,,,,,,,,,,,,,,,,,,,,,,,,,,,,,,,,,,,,,,,,,,,,,,,,,,,,,,,,*/xwˈeɟ͡ʝenniː/,,,,,,,,,,,,,,,,,,,,,,,,,,,,,,,,,,,,,,,,,,,,,,,,,,,,,,,,,,,,,,,,,,,,,,,,,,,,,,,,,,,,,,,,,,,,,,,,,,,,,,,,,,,,,,,,,,,,,,,,,,,,,,,,,,,,,,,,,,,,,,,,,,,,,,,,,,,,,,,,,,,,,,,,,,,,,,,,,,,,,,,,,,,,,,,,,,,,,,,,,,,,,,,,*/ʃtˈɑnniɑː/,,,,,,,,,,,,,,,,,,,,,,,,,,,,,,,,,,,,,,,,,,,,,,,,,,
R47,,,,,,,,,,,,,,,,,,,,,,,,,,,,,,,,,,,,,,,,,,,,,,,,,,,,,,,,,,,,,,,,,,,,,,,,,,,,,,,,,,,,,,,,,,,,,,,,,,,,,,,,,,,,,,,,,,,,,,,,,,,,,,,,,,,,,,,,,,,,,,,,,,,,,,,,,,,,,,,,,,,,,,,,,,,,,,,,,,,,,,,,,,,,,,,,,,,,,,,,,,,,,,,,,,,,,,,,,,,,,,,,,,,,,,,,,,,,,,,,,,,,,,,,,,,,,,,,,,,,,,,,,,,,,,,,,,,,,,,,,,,,,,,,,,,,,,,,,,,,,,,,,,,,,,,,,*/tjˈɑnnɑː/,,,,,,,,,,,,,,,,,,,,,,,,,,,,,,,*/ɑnnˈec͡çʃu/,,,,,,,,*/ɑnnˈe?0iːɑː/,*/ɑnnˈe?0iːeti/,,,,,,,,,,,,,*/?1jˈɑnnnɑː/,,,,,,,,,,,,,,,,,,,,,,,,,,,,,,,,,,,,,,,,,,,,,,,,,,,,,,,,,,,,,,,,,,,,,,,,,,,
R48,*/t͡sˈiːniɑː/,*/t͡sˈɑmberɑː/,*/t͡sˌeʃtrˈem/,*/t͡sxʷmˈidʃ/,*/t͡sjˈɑrɑbʰeʃ/,*/t͡sjˈɑrɑbʰəˤtəˤ/,*/t͡sjˈɑrɑt͡ʃəˤ/,*/t͡sˈerxmeʃ/,*/t͡sjˈɑrɑqeʃ/,*/t͡sˈeiləˤ/,*/t͡sjˈɑwqɑː/,*/t͡sˈuqɑː/,*/t͡sˈupeʃ/,*/tet͡sˈupeʃ/,,,*/d͡zjˈɑmɑtɑrɑː/,*/d͡zjˈɑmbʰɑː/,*/d͡zˈembʰeʃ/,,*/d͡zjˈɑnɑtiʃ/,*/d͡zəˤxʷʃt͡sˈeti/,*/d͡zəˤxʷʃt͡sˈeʃi/,*/ɡnɑːʃt͡sˈɑː/,,,,,,,,,*/dʰjˈɑd͡zˈɑːʃ/,,,,,,,,*/dert͡sˈeʃ/,,*/jˈed͡zʃ/,*/jed͡zʃtˈeʃ/,,,,,,,,,,,,,,,,,*/jˈɑrd͡zɑː/,*/jˈerd͡zeti/,,,*/jˌerd͡zˈiɑː/,*/urd͡zˈɑː/,,,,,,,,,,,,,,,,,*/jed͡zʃ?1ˈeriːɑː/,,,*/jed͡z?1rˈepiː/,,,,,,*/jenɢʰrˈedʰiʃt͡sɑː/,,*/ɑd͡z?2jˈɑrdʰɑː/,,*/jˈet͡su/,*/jˈɑt͡sɑːtəˤ/,,*/ˈɑjd͡zeʃ/,*/ˌɑjd͡zˈiɑː/,,*/ˈɑjdʰit͡sɑj/,,,,,,,,,,,,,,*/χmjˈɑld͡zɑː/,,,,,,,,,,,,,,*/χrˈetit͡seʃ/,*/ˈɑrtt͡seʃ/,,,,,,*/jˈerd͡ziː/,,,,,,,,,,,,*/t͡ʃᵝˈeʃt͡seʃ/,,,,,,*/t͡ʃᵝelɑʃt͡sˈɑːməˤ/,,,,,,,,,,,,,,,,,,,,,,,*/jˈerd͡ziːeʃ/,*/xʷrˈewqt͡seʃ/,*/wjˈɑd͡zɑː/,*/wˈed͡zeʃi/,*/wˈed͡zeti/,*/xwˈed͡zenniː/,*/wˈɑːd͡zˌeʃa/,,,,,*/wˈetweʃt͡seʃ/,,,,,,,,,,,,,,,,,,,,,,,,,,*/pɑt͡sˈeʃ/,,,,,*/pˈut͡sɑː/,,,,,*/plˈɑt͡siɑː/,,,,,,,,,*/jed͡zɸɑlˈɑː/,,,,,,,,,,,*/ɑd͡zɸˈeriɑː/,,,,,,,,,,,,,,,,,,,,,*/bʰjˈɑrɑd͡zəˤ/,*/bʰrɑd͡zˈiː/,,,,,,,,,,,,,,,,,,,,,,,*/mɑd͡ziˈɑː/,,,,,,,,,*/ɑntɑːd͡zjˈɑt͡ʃəˤ/,,,,,,,,,*/ɑd͡zʃtupiˈeti/,,,,,,,,,,,*/ɑd͡zʃtrudɑː/,,,,,,,*/əˤdjˈɑt͡səˤtəˤ/,,,,,,,,,,,,,,,,,*/djˈɑt͡sʃɑː/,*/ɑnnˈet͡sʃu/,*/dʰjˈɑʃt͡sɑː/,,,,,,,,,,,,,*/ʃt͡sxjˈɑːʃ/,*/ʃt͡sˈiri/,,,,*/ʒjˈɑt͡sʃtəˤ/,,,,,,,,,*/t͡sˈuːʃieʃ/,*/t͡sˈuːʃ/,,,,,,,,,,,,,,,,,,,,,,,,,,,,,,,,,,,,,,,,,,,,,,,,*/ɑntbʰiljˈɑd͡zɑː/,,,,,,*/lˈiːd͡zɑː/,,,*/lɑʃt͡sˈeti/,,,,,,,,,,,*/rud͡zˈɑː/
R49,,,,,,,,,,,,,,,,,,,,*/nnˈɑːməˤ/,,,,*/nnɑːʃt͡sˈɑː/,*/nnˈuneʃ/,,,,,,,,,,,,,,,,,,,,,,,,,,,,,,,,,,,,,,,,,,,*/nnˈewnnˈem/,,*/jˌewnnˈem/,,,,,,,,,,,,,,,,,,,,,,,,,,,,,,,,,,,,,,,,,,,,,,,*/χmjˈɑlnnəˤ/,,,,,,,*/nnˈɑːtiɑː/,,,*/nnˈer/,,,,,,,,,,,,,,,,,,,,,,,,,,,,,,,,,,,,,*/ˌɑnkᵝ̬rnnnəˤ/,,,,,,,,,,,,,,,,,,,,,,,,,,,,,,,,,,,,,,,*/wrˈɑnniː/,*/wrˈɑnnidʰiɑː/,,,,,,,,,,,,,,,,,*/pˈunnɑː/,,,,,,,,,,,,,,,,,,,,,,,,,,,,,*/bʰnnˈe/,*/bʰnniˈeti/,*/bʰnniˈeʃi/,*/bʰnneˈɑː/,*/bʰnnnˈuː/,*/bʰnnˈəˤ/,*/bʰnntˈəˤ/,,,,*/bʰˈewnnneʃ/,,,,*/bʰˌelnnˈɑː/,,,,,,,,,,,,,,,,,,,,,,,,,,,,,,,,,,,,,,,,,,,,,,,,,,,,,,,,,,,,,,,,,,,,,,,,,,,,,,,,,,,,,,,,,,,,,,,,,,,,,,,,,,,,,,,,,,,,,,,,,,,,,,*/ʃtnneˈɑː/,,,,,,,,,,,,,,,,,,,,,,,,,,,,,,,,,,,,,,,,,,,,,,,,,,,
=Archaic Proto-Albanian,null*/t͡sˈiːniɑː/,null*/t͡sˈɑmberɑː/,null*/t͡sˌeʃtrˈem/,null*/t͡sxʷmˈidʃ/,null*/t͡sjˈɑrɑbʰeʃ/,null*/t͡sjˈɑrɑbʰəˤtəˤ/,null*/t͡sjˈɑrɑt͡ʃəˤ/,null*/t͡sˈerxmeʃ/,null*/t͡sjˈɑrɑqeʃ/,null*/t͡sˈeiləˤ/,null*/t͡sjˈɑwqɑː/,null*/t͡sˈuqɑː/,null*/t͡sˈupeʃ/,null*/tet͡sˈupeʃ/,null*/kleˈɑːneɑː/,null*/klewniːɑː/,null*/d͡zjˈɑmɑtɑrɑː/,null*/d͡zjˈɑmbʰɑː/,null*/d͡zˈembʰeʃ/,null*/nnˈɑːməˤ/,null*/d͡zjˈɑnɑtiʃ/,null*/d͡zəˤxʷʃt͡sˈeti/,null*/d͡zəˤxʷʃt͡sˈeʃi/,null*/nnɑːʃt͡sˈɑː/,null*/nnˈuneʃ/,null*/ɡrunˈɑː/,null*/ɡruniˈɑː/,null*/diːmˈeneʃ/,null*/dwˈeneʃ/,null*/dwˈɑːɢeʃ/,null*/duːlˈeʃ/,null*/ddʰˈɑːm/,null*/dʰjˈɑd͡zˈɑːʃ/,null*/ddʰˈɑːmiː/,null*/ddiˈeʃ/,null*/dˈeʃi/,null*/dˈedetiɑː/,null*/dˈɑːrɑː/,null*/dˈɑːre/,null*/dˈerieʃ/,null*/dert͡sˈeʃ/,null*/dridʰˈɑː/,null*/jˈed͡zʃ/,null*/jed͡zʃtˈeʃ/,null*/ʒˈuː/,null*/udriˈem/,null*/xweʒˈiːɑː/,null*/xweʒˈiːeti/,null*/jˈeme/,null*/xme/,null*/xmˈɑːm/,null*/xwjˈɑnɑː/,null*/jˈetere/,null*/jˈeteɑː/,null*/jˈeteʃi/,null*/jˈeteti/,null*/jˈeʃi/,null*/jˈeʃti/,null*/jˈeʃenne/,null*/jˌedˈunɑː/,null*/jˈɑrd͡zɑː/,null*/jˈerd͡zeti/,null*/xrˈemeʃ/,null*/xrjˈɑpɑː/,null*/jˌerd͡zˈiɑː/,null*/urd͡zˈɑː/,null*/xrˈennu/,null*/nnˈewnnˈem/,null*/jˈuːʃ/,null*/jˌewnnˈem/,null*/jˈemeʃ/,null*/qˈɑːpɑʃtəˤ/,null*/qɑpˈɑː/,null*/qʒˈɑːnie/,null*/qʃulnˈeʃ/,null*/qelɑbʰˈeʃ/,null*/qjˈɑlɑː/,null*/?1ˈɑːleʃ/,null*/?1ˈɑːliʃtɑː/,null*/?1ˈelimeʃ/,null*/diʃ?1jˈɑləˤ/,null*/diʃ?1jˈɑlnəˤ/,null*/jed͡zʃ?1ˈeriːɑː/,null*/qjˈɑrpɑː/,null*/qrˈepiː/,null*/jed͡z?1rˈepiː/,null*/qrˈipʃɑː/,null*/ɢwˈedeʃ/,null*/ɢwˈediː/,null*/ɢʰləˤt͡ʃiˈɑː/,null*/ɢʰrjˈɑbɑː/,null*/jenɢʰrˈedʰiʃt͡sɑː/,null*/ɢʰˈerdʰeʃ/,null*/ɑd͡z?2jˈɑrdʰɑː/,null*/ˈɑːtrɑː/,null*/jˈet͡su/,null*/jˈɑt͡sɑːtəˤ/,null*/ˈiːut͡ʃᵝid/,null*/ˈɑjd͡zeʃ/,null*/ˌɑjd͡zˈiɑː/,null*/ˌɑmiˈɑː/,null*/ˈɑjdʰit͡sɑj/,null*/ˈɑw/,null*/xwidʰjˈɑɑː/,null*/ˈɑiʃ/,null*/ˈɑʊ̯ɢeʃ/,null*/χwelkˈiːɑː/,null*/χwˈeriɑː/,null*/χwˈɑːrjˈɑʃəˤ/,null*/χwjˈɑrnəˤ/,null*/xwˈeriːɑː/,null*/χpˈe/,null*/χpjˈɑɑw/,null*/perˈɑpɑː/,null*/ˈɑmmɑː/,null*/χmjˈɑld͡zɑː/,null*/χmjˈɑlnnəˤ/,null*/ˈɑt͡ʃɑː/,null*/ˈɑt͡ʃeneʃ/,null*/ˌɑn/,null*/ˈɑnnɑː/,null*/ɑniˈɑː/,null*/ɑnɑtˈɑː/,null*/nnˈɑːtiɑː/,null*/ˈɑndʰeʃ/,null*/ˈɑndʰiː/,null*/nnˈer/,null*/ˈɑlbʰit/,null*/χlˈiːdeʃ/,null*/χrˈetit͡seʃ/,null*/ˈɑrtt͡seʃ/,null*/ˈɑjdʰeʃ/,null*/ɑˈi/,null*/ˈute/,null*/ˈɑːʊ̯leʃ/,null*/ˈɑːʊ̯lˈəˤ/,null*/jˈerd͡ziː/,null*/mɑˈɑrnɑː/,null*/mɑˈɑrneʃi/,null*/mɑˈɑrneti/,null*/mˈɑːrid/,null*/t͡ʃᵝˈiːlɑː/,null*/ˈəˤt͡ʃᵝiːlɑː/,null*/t͡ʃᵝˈiʃ/,null*/t͡ʃᵝˈiː/,null*/kᵝˈɑː/,null*/t͡ʃᵝˈem/,null*/t͡ʃᵝˈeʃie/,null*/t͡ʃᵝˈeʃt͡seʃ/,null*/kᵝˈɑːlɑː/,null*/kᵝˈur/,null*/t͡ʃᵝjˈɑlɑː/,null*/t͡ʃᵝˈelet/,null*/t͡ʃᵝˈelˈiːeti/,null*/t͡ʃᵝelɑʃt͡sˈɑːməˤ/,null*/kᵝˈɑːrnɑː/,null*/kᵝrˈimiʃ/,null*/kᵝ̬ˈɑreʃ/,null*/ˈɑnkᵝ̬rjˈɑʃəˤ/,null*/ɑnkᵝ̬rɑt/,null*/ɑnkᵝ̬rˈeʃit/,null*/ˈɑnkᵝ̬rxʷmeʃ/,null*/ˌɑnkᵝ̬rˈunɑː/,null*/ˌɑnkᵝ̬rnnnəˤ/,null*/kᵝ̬ˌɑːrxʷmˈɑː/,null*/?0ˌermˈeʃ/,null*/?0ˌernˈeʃ/,null*/?0ˈerniɑː/,null*/jetˈɑːtəˤ/,null*/xʷt͡ʃᵝˈiː/,null*/iˈɑːʃɑː/,null*/iˈɑːʃɑː/,null*/jˈɑmɑː/,null*/jedrˈɑː/,null*/jˈe?1eʃ/,null*/jˈeʃtiːnɑː/,null*/xʷlˈiɢeʃ/,null*/jˈerd͡ziːeʃ/,null*/xʷrˈewqt͡seʃ/,null*/wjˈɑd͡zɑː/,null*/wˈed͡zeʃi/,null*/wˈed͡zeti/,null*/xwˈed͡zenniː/,null*/wˈɑːd͡zˌeʃa/,null*/wˈiːnɑː/,null*/wˈemeɑː/,null*/wˈeteʃi/,null*/wˈeteʃʃi/,null*/wˈetweʃt͡seʃ/,null*/wˈeteʃ/,null*/unkjˈɑt͡ʃəˤ/,null*/wˈɑːlɑː/,null*/wˈeleti/,null*/wjˈɑlɑː/,null*/wɑːljˈɑʃəˤ/,null*/didjˈɑləˤtəˤ/,null*/diʃenterwjˈɑlɑː/,null*/ˈult͡ʃᵝeʃ/,null*/wjˈɑlʃɑː/,null*/wjˈɑlnɑː/,null*/wˈerenɑː/,null*/wrˈuniɑː/,null*/wrˈɑnniː/,null*/wrˈɑnnidʰiɑː/,null*/wˈurwɑː/,null*/urtˈəˤ/,null*/wˈerenɑː/,null*/ˈurnɑː/,null*/pˈiɑː/,null*/pˈieti/,null*/pˈitʃiɑː/,null*/pˈide/,null*/pɑtˈəˤ/,null*/pɑʃʒˈəˤ/,null*/pɑt͡sˈeʃ/,null*/pˈɑʃ/,null*/pˈɑːnəˤ/,null*/pjˈɑkᵝɑː/,null*/pjˈɑkᵝˈəˤ/,null*/pˈut͡sɑː/,null*/pˈunnɑː/,null*/pˈetjˈɑʃəˤ/,null*/pˈedʃi/,null*/pˈeʃtt͡ʃᵝe/,null*/plˈɑt͡siɑː/,null*/plɑːtˈeʃ/,null*/plˈɑːtəˤ/,null*/ɑnplˈɑːneɑː/,null*/ɑnplˈɑːneti/,null*/pˈelxmeʃ/,null*/pjˈɑləˤ/,null*/pjˈɑlɑː/,null*/plˈɑqe/,null*/jed͡zɸɑlˈɑː/,null*/plewʃiteʃ/,null*/pˈɑːlnɑː/,null*/pjˈɑlnəˤ/,null*/per/,null*/peri/,null*/ɸˈereʃ/,null*/pjˈɑrdɑː/,null*/pˈerdeti/,null*/pˈɑːrdjˈɑʃəˤ/,null*/pˈɑːrdɑː/,null*/ɑd͡zɸˈeriɑː/,null*/bʰiːnˈeti/,null*/bʰˈiːriɑː/,null*/bʰˈiːreʃ/,null*/bʰχlˈem/,null*/bʰnnˈe/,null*/bʰnniˈeti/,null*/bʰnniˈeʃi/,null*/bʰnneˈɑː/,null*/bʰnnnˈuː/,null*/bʰnnˈəˤ/,null*/bʰnntˈəˤ/,null*/bʰinjˈɑdʰɑː/,null*/bʰinedʰˈet͡ʃiː/,null*/bʰˈiːdʰɑː/,null*/bʰˈewnnneʃ/,null*/bʰuˈɑːtɑː/,null*/bʰutˈəˤ/,null*/ɑnbˈuneʃeti/,null*/bʰˌelnnˈɑː/,null*/bʰjˈɑrɑː/,null*/bʰjˈɑrɑd͡zəˤ/,null*/bʰrɑd͡zˈiː/,null*/bʰˈeriɑː/,null*/bʰˈeruqem/,null*/bʰjˈɑrnɑː/,null*/bʰˈereʃ/,null*/bʰˈɑːreʃ/,null*/bʰˈiːrɑː/,null*/bʰerˈiməˤ/,null*/bʰrjˈɑdɑː/,null*/bʰlˈɑːrəˤ/,null*/bʰlˌɑːɢrˈɑː/,null*/mˈɑː/,null*/mˈɑːt͡ʃᵝe/,null*/mɑtjˈɑʃəˤ/,null*/mɑtiˈɑː/,null*/mɑtˈiti/,null*/mɑt͡ʃˈəˤ/,null*/mˈɑːtiʃ/,null*/mˈɑːteʃʃɑː/,null*/mˈɑːnʃieʃ/,null*/mˈiːrəˤ/,null*/mˈuːʃ/,null*/mˈɑːtɑrəˤ/,null*/mɑd͡ziˈɑː/,null*/memʒˈem/,null*/mˈetχ/,null*/mˌəˤtˈeʃ/,null*/məˤtˈi/,null*/mˈelitəˤ/,null*/mˈelχwem/,null*/melˌɑχweniˈɑː/,null*/mˈelxʷmu/,null*/ɑntɑːd͡zjˈɑt͡ʃəˤ/,null*/jentjˈɑkᵝɑː/,null*/jentˈekᵝwed/,null*/jentɑːkᵝwijˈɑʃəˤ/,null*/jentɑːkᵝwˈit/,null*/tˈuj/,null*/tue/,null*/tˈuː/,null*/pertupiˈɑː/,null*/ɑd͡zʃtupiˈeti/,null*/tˈaʊ̯reʃ/,null*/tˈaʊ̯riː/,null*/tˈulneʃ/,null*/jentˈeniɑː/,null*/tjˈɑnnɑː/,null*/trˈiːeʃ/,null*/trˈiː/,null*/trˈiːɡʰɑː/,null*/trjˈɑwdɑː/,null*/ɑntrˈudɑː/,null*/ɑd͡zʃtrudɑː/,null*/trjˈɑmɑː/,null*/trˈime/,null*/tˈerʃiːɑː/,null*/tjˈɑrnɑː/,null*/tjˈɑrnəˤ/,null*/tˈɑːrjˈɑʃəˤ/,null*/əˤdjˈɑt͡səˤtəˤ/,null*/dˈɑʊ̯nəˤ/,null*/jedɑːnˈəˤ/,null*/jedeʒˈəˤ/,null*/jedɑtˈɑː/,null*/dwˈiːɢʰɑː/,null*/dwˈiːewʃ/,null*/dritˈɑː/,null*/djˈɑrɑɢʰiːɑː/,null*/djˈɑrɑɢʰɑː/,null*/dˈɑːrɑɢʰijˈɑʃəˤ/,null*/drˈuneʃ/,null*/drˈuːneʃ/,null*/dˈɑːməˤ/,null*/dˈɑːmmiɑː/,null*/dˈemiː/,null*/dlɑɡʰjˈɑtəˤ/,null*/djˈɑt͡sʃɑː/,null*/ɑnnˈet͡sʃu/,null*/dʰjˈɑʃt͡sɑː/,null*/dʰˈiːliɑː/,null*/dʰˈɑːtiɑː/,null*/dʰiˈɑː/,null*/dʰiːtjˈɑʃəˤ/,null*/dʰjˈɑɡʰᵝɑː/,null*/dʰe?0iːntɑːʃ/,null*/ɑnnˈe?0iːɑː/,null*/ɑnnˈe?0iːeti/,null*/dʰˈewniɑː/,null*/dʰwˈɑːrɑː/,null*/dʰwˈɑːriː/,null*/dʰjˈɑlnɑː/,null*/ʃt͡sxjˈɑːʃ/,null*/ʃt͡sˈiri/,null*/ʃi/,null*/ʃiː/,null*/ʒˈɑʊ̯niɑː/,null*/ʒjˈɑt͡sʃtəˤ/,null*/ʒˈɑːlɑː/,null*/?1ewdˈeti/,null*/?1jˈɑnnnɑː/,null*/?1jˈɑrpɑː/,null*/?1elˈɑː/,null*/?1ˈelimeʃ/,null*/ʒˈuː/,null*/dˌidˈertiɑː/,null*/t͡sˈuːʃieʃ/,null*/t͡sˈuːʃ/,null*/ʃet͡ʃᵝˈeʃ/,null*/ʃekᵝˈɑː/,null*/ʃet͡ʃᵝemtˈem/,null*/ʒˈumeʃ/,null*/ʒˌet͡ʃəˤtˈeʃ/,null*/ɸerˈɑː/,null*/ɸerˈɑːm/,null*/ɸerˈɑːʃ/,null*/mjˈɑkrɑː/,null*/ʒˌɑːmɑtiˈɑː/,null*/ʃtˈiːɢʰeʃ/,null*/ʃtɑː/,null*/ʃtɑjˈɑʃəˤ/,null*/ʃtˈuːlɑː/,null*/ʃtɑʊ̯nˈəˤ/,null*/ʃtˈɑːneɑː/,null*/ʃtnneˈɑː/,null*/ʃtˈɑnniɑː/,null*/ʃtjˈɑlɑː/,null*/kəˤʃtjˈɑlɑː/,null*/ʃtˈelbʰeʃ/,null*/ʃtjˈɑlɑː/,null*/periʃtˈɑːlet/,null*/ʃtˈeriɑː/,null*/ʃtˈr̩ʃəˤ/,null*/ʃtˈeriː/,null*/ʃtˈr̩xʷmeɑː/,null*/ʃtrˈineɑː/,null*/pˈiːdeʃ/,null*/rˈuːməˤ/,null*/rumˈi/,null*/ʒˈerpeneʃ/,null*/r̩pˈenieeʃ/,null*/ʒˈerbʰiːɑː/,null*/ʃerbʰˈiːeti/,null*/ʃermˈɑː/,null*/ʒjˈɑlpəˤ/,null*/ʒˈelχweʃ/,null*/nˈɑːt͡ʃᵝe/,null*/njˈɑtɑː/,null*/nˈetiː/,null*/nˈuː/,null*/njˈɑmɑː/,null*/nˈɑːʃ/,null*/nˈeʃ/,null*/nˈɑːʃʃi/,null*/nˈɑːʃɑːm/,null*/ɑntbʰiljˈɑd͡zɑː/,null*/lˈɑːtiːeʃ/,null*/lˈɑːdɑː/,null*/lˈɑːdəˤ/,null*/lˈɑːdet͡ʃəˤ/,null*/lˈɑːdrɑː/,null*/lˈiːd͡zɑː/,null*/xʷlˈiɢeʃ/,null*/lˈeɢʰeʃ/,null*/lɑʃt͡sˈeti/,null*/lˈuməˤ/,null*/luɢˈeʃ/,null*/luɢˈɑː/,null*/lewɢetˈɑː/,null*/ljˈɑɑː/,null*/lˈewxʷmeɑː/,null*/ljˈɑwxʷməˤ/,null*/lˈumeʃ/,null*/lˈewdʰreʃ/,null*/ludˈitiɑː/,null*/rud͡zˈɑː/
R50,,,,,,,,,,,,,,,,,,,,,,,,,,,,,,,,,,,,,,,,,,,,,,,,,,,,,,,,,,,,,,,,,,,,,,,,,,,,,,,,,,,,,,,,,,,,,,,,,,,,,,,,,,,,,,,,,,,,,,,,,,,,,,,,,,,,,,,,,,,,,,,,,,,,,,,,,,,,,,,,,,,,,,,,,,,,,,,,,,,,,,,,*/wˈɑːd͡zˌeʃɑ/,,,,,,,,,,,,,,,,,,,,,,,,,,,,,,,,,,,,,,,,,,,,,,,,,,,,,,,,,,,,,,,,,,,,,,,,,,,,,,,,,,,,,,,,,,,,,,,,,,,,,,,,,,,,,,,,,,,,,,,,,,,,,*/tˈɑʊ̯reʃ/,*/tˈɑʊ̯riː/,,,,,,,,,,,,,,,,,,,,,,,,,,,,,,,,,,,,,,,,,,,,,,,,,,,,,,,,,,,,,,,,,,,,,,,,,,,,,,,,,,,,,,,,,,,,,,,,,,,,,,,,,,,,,,,,,,,,,,,,,,,,,,,,,,,
R51,,*/t͡sˈɑmbərɑː/,,,,,,,,,,,,,,,,,,,,,,,,,,,,,,,,,,,*/dˈedətiɑː/,,,,,*/drədʰˈɑː/,,,,,*/xwəʒˈiːɑː/,*/xwəʒˈiːeti/,,,,,*/jˈetəre/,,*/jˈetəʃi/,*/jˈetəti/,,,,,,*/jˈerd͡zəti/,,,,,,,,,,,,,,,,,,*/?1ˈeləmeʃ/,,,,,,,,,,,,,,,,,,,,,,*/ˈɑjdʰət͡sɑj/,,,,,,,,,,,,,,,,,*/ˈɑt͡ʃəneʃ/,,,,,,,,,,,*/χrˈetət͡seʃ/,,,,,,,,,*/mɑˈɑrnəʃi/,*/mɑˈɑrnəti/,,,*/ˈəˤt͡ʃᵝəlɑː/,,,,,,,,,,,,,,,,,,,,,,,,,,,,,,,,,*/jˈeʃtənɑː/,,,,,*/wˈed͡zəʃi/,*/wˈed͡zəti/,,*/wˈɑːd͡zəʃɑ/,,,*/wˈetəʃi/,,,,,,*/wˈeləti/,,,,,,,,*/wˈerənɑː/,,,*/wrˈɑnnədʰiɑː/,,,*/wˈerənɑː/,,,,,,,,,,,,,,,,,,,,,,*/ɑnplˈɑːnəti/,,,,,,*/plewʃəteʃ/,,,,,,,*/pˈerdəti/,,,,,,,,,,,,,,,,*/bʰinədʰˈet͡ʃiː/,,,,,*/ɑnbˈunəʃəti/,,,,,,,,,,,,,,,,,,,,,,,,,,,,,,,,*/mˈelətəˤ/,,*/melˌɑχwəniˈɑː/,,,,,,,,,,,,,,,,,,,,,,,,,,,,,,,,*/jedəʒˈəˤ/,,,,*/drətˈɑː/,,,,,,,,,,,,,,,,,,,,,,,,,,,,,,,,,,,,*/?1ˈeləmeʃ/,,,,,,,,,,,,,,,,,,,,,,,,,,,,,,,,,,,,*/ʒˈerpəneʃ/,,,,,,,,,,,,,,,,,,,,*/lˈɑːdət͡ʃəˤ/,,,,,,,,,*/lewɢətˈɑː/,,,,,,,
R52,,,,,,,,,,,,,,,,,,,,,,,,,,,,,,,,,,,,,,,,,,,,,,,,,,,,,,,,,,,,*/jədˈunɑː/,,,,,,,,,,,,,,,,,,,,,,,,,,,,,,,,,,,,,,,,,,,,,,,,,,,,,,,,,,,,,,,,,,,,,,,,,,,,,,,,,,,,,,,,,,,,,,,,,,,,,,,,,,,,,*/jətˈɑːtəˤ/,,,,,,,,,,,,,,,,,,,,,,,,,,,,,,,,,,,,,,,,,,,,,,,,,,,,,,,,,,,,,,,,,,,,,,,,,,,,,,,,,,,,,,,,,,,,,,,,,,,,,,,,,,,,,,,,,,,,,,,,,,,,,,,,*/məlˌɑχwəniˈɑː/,,,,,,,,,,,,,,,,,,,,,,,,,,,,,,,*/jədɑːnˈəˤ/,*/jədəʒˈəˤ/,*/jədɑtˈɑː/,,,,,,,,,,,,,,,,,,,,,,,,,,,,,,,,,,,,,,,,,,,,,,,,,,,,,,,,,,,,,,,,,,,,,,,,,,,,,,,,,,,,,,,,,,,,,,,,,,,,,,,,,,,,,,,
R53,,,,,,,,,,,,,,,,,,,,,,,,,,,,,,,,,,,,,,,,,,,,,,,,,,,,,,,,,,,,,,,,,,,,,,,,,,,,,,,,,,,,,,,,,,,,,,,,,,,,,,,,,,,,,,,,,,,,,,,,,,,,,,,,,,,,,,,,,,,,,,,,,,,,,,,,,,,,,,,,,,,,,,,,,,,,,,,,,,,,,,,,,,,,,,,,,,,,,,,,,,,,,,,,,,,,,,,,,,,,,,,,,,,,,,,,,,,,,,,,,,,,,,,,,,,,,,,,,,,,,,,,,,,,,,,,,,,,,,,,,,,,,,,,,,,,,,,,,,,,,,,,,,,,,,,,,,,,,,,,,,,,,,,,,,,,,,,,,,,,,,,,,,,,,,,,,,,,,,,,,,,,,,,,,,,,,,,,,,,,,,,,,,,,,,,,,,,,,,,,,,,,,,,,,,,,,,,,,,,,,,,,,,,,,,,,,,,,,,,,,
R54,,,,,,,,,,,,,,,,,,,,,,,,,,,,,,,,,,,,,,,,,,,,,,,,,,,,,,,,,,,,,,,,,,,,,,,,,,,,,,,,,,,,,,,,,,,,,,,,,,,,,*/ˌuːmiˈɑː/,,,,,,,,,,,,,,,,,,,,,,,,,,,,,,,,,,,,,,,,,,,,,,,,,,,,,,,,,,,,,,,,,,,,,,,,,,,,,,,,,,,,,,,,,,,,,,,,,,,,,,,,,,,,,,,,,,,,,,,,,,,,,,,,,,,,,,,,,,,,,,,,,,,,,,,,,,,,,,,,,,,,,,,,,,,,,,,,,,,,,,,,,,,,,,,,,,,,,,,,,,,,,,,,,,,,,,,,,,,,,,,,,,,,,,,,,,,,,,,,,,,,,,,,,,,,,,,,,,,,,,,,,,,,,,,,,,,,,,,,,,*/ʒˌuːmɑtiˈɑː/,,,,,,,,,,,,,,,,,,,,,,,,,,,,,,,,,,,,,,,,,,,,,,,,,,,,,,,,,,
R55,,,,,,,,,,,,,,,,,,,,,,,,,,,,,,,,,,,,,,,,,,,,,,,,,,,,,,,,,,,,,,,,,,,,,,,,,*/qɐpˈɑː/,,*/qʃɐlnˈeʃ/,,,,,,,,,,,,,,,,,,,,,,,,,,,,,,,,,,,,,,,,,,,,,,,,,,,,,,,,,,,,,,,,,,,,,,,,,,,,,,,,,,,,,,,,,,,,,,,,,,,,,,,,,,,,,,,,,,,,,,,,,,,,,,,,,,,,,,,,,,*/pɐtˈəˤ/,*/pɐʃʒˈəˤ/,*/pɐt͡sˈeʃ/,,,,,,,,,,,,,,,,,,,*/jed͡zɸɐlˈɑː/,,,,,,,,,,,,,,,,,,,,,,,,,,,,,,,,,,,,,,,,,,,,,,,,,,,,,,,,,,,,,,,,,,,,,,,,,*/pertɐpiˈɑː/,*/ɑd͡zʃtɐpiˈeti/,,,,,,,,,,,,,,,,,,,,,,,,,,,,,,,,,,,,,,,,,,,,,,,,,,,,,,,,,,,,,,,,,,,,,,*/ʒˌet͡ʃɐtˈeʃ/,,,,,,,,*/ʃtɐjˈɑʃəˤ/,,*/ʃtɐʊ̯nˈəˤ/,,,,,*/kɐʃtjˈɑlɑː/,,,,,,,,,,,,,,,,,,,,,,,,,,,,,,,,,,,,,,,,,,,,,,,,
R56,,,,,,,,,,,,,,,,,,,,,,,,,,,,,,,,,,,,,,,,,,,,,,,,,,,,,,,,,,,,,,,,,,,,,,,,,,,,,,,,,,,,,,,,,,,,,,,,,,,,,,,,,,,,,,,,,,,,,,,,,,,,,,,,,,,,,,,,,,,,,,,,,,,,,,,,,,,,,,,,,,,,,,,,,,,,,,,,,,,,,,,,,,,,,,,,,,,,,,,,,,,,,,,,,,,,,,,,,,,,,,,,,,,,,,,,,,,,,,,,,,,,,,,,,,,,,,,,,,,,,,,,,,,,,,,,,,,,,,,,,,,,,,,,,,,,,,,,,,,,,,,,,,,,,,,,,,,,,,,,,,,,,,,,,,,,,,,,,,,,,,,,,,,,,,,,,,,,,,,,,,,,,,,,,,,,,,,,,,,,,,,,,,,,,,,,,,,,,,,,,,,,,,,,,,,,,,,,,,,,,,,,,,,,,,,,,,,,,,,,,
R57,,,,,,,,,,,,,,,,,,,,,,,,,,,,,,,,,,,,,,,,,,,,,,,,,,,,,,,,,,,,,,,,,,,,,,,,,,,,,,,,,,,,,,,,,,,,,,,,,,,,,,,,,,,,,,,,,,,,,,,,,,,,,,,,,,,,,,,,,,,,,,,,,,,,,,,,,,,,,,,,,,,,,,,,,,,,,,,,,,,,,,,,,,,,,,,,,,,,,,,,,,,,,,,,,,,,,,,,,,,,,,,,,,,,,,,,,,,,,,,,,,,,,,,,,,,,,,,,,,,,,,,,,,,,,,,,,,,,,,,,,,,,,,,,,,,,,,,,,*/mbəlˌɑχwəniˈɑː/,,,,,,,,,,,,,,,,,,,,,,,,,,,,,,,,,,,,,,,,,,,,,,,,,,,,,,,,,,,,,,,,,,,,,,,,,,,,,,,,,,,,,,,,,,,,,,,,,,,,,,,,,,,,,,,,,,,,,,,,,,,,,,,,,,,,,,,,,,,,,,,,
R58,*/t͡sˈiːnjɑː/,,,,,,,,,,,,,,*/kljˈɑːnjɑː/,*/klewnjɑː/,,,,,,,,,,,*/ɡrunjˈɑː/,,,,,,,,*/ddjˈeʃ/,,*/dˈedətjɑː/,,,*/dˈerjeʃ/,,,,,,*/udrjˈem/,,,,,,,,*/jˈetjɑː/,,,,,,,,,,,,,,,,,,,,*/qʒˈɑːnje/,,,,,,,,,*/jed͡zʃ?1ˈerjɑː/,,,,,,,*/ɢʰləˤt͡ʃjˈɑː/,,,,,,,,,,,*/ˌuːmjˈɑː/,,,,,,,*/χwˈerjɑː/,,,*/xwˈerjɑː/,,,,,,,,,,,*/ɑnjˈɑː/,,*/nnˈɑːtjɑː/,,,,,,,,,,,,,,,,,,,,,,,,*/t͡ʃᵝˈeʃje/,,,,,,,,,,,,,,,,,,,,*/?0ˈernjɑː/,,,*/jˈɑːʃɑː/,*/jˈɑːʃɑː/,,,,,,*/jˈerd͡zjeʃ/,,,,,,,,*/wˈemjɑː/,,,,,,,,,,,,,,,,*/wrˈunjɑː/,,*/wrˈɑnnədʰjɑː/,,,,,,,*/pˈitʃjɑː/,,,,,,,,,,,,,,*/plˈɑt͡sjɑː/,,,*/ɑnplˈɑːnjɑː/,,,,,,,,,,,,,,,,,*/ɑd͡zɸˈerjɑː/,,*/bʰˈiːrjɑː/,,,,*/bʰnnjˈeti/,*/bʰnnjˈeʃi/,*/bʰnnjˈɑː/,,,,,,,,,,,,,,,*/bʰˈerjɑː/,,,,,,,,,,,,,*/mɑtjˈɑː/,,,,,*/mˈɑːnʃjeʃ/,,,,*/mɑd͡zjˈɑː/,,,,,,,*/mbəlˌɑχwənjˈɑː/,,,,,,,,,,*/pertɐpjˈɑː/,*/ɑd͡zʃtɐpjˈeti/,,,,*/jentˈenjɑː/,,,,,,,,,,*/tˈerʃjɑː/,,,,,,,,,,,,*/djˈɑrɑɢʰjɑː/,,,,,,*/dˈɑːmmjɑː/,,,,,,*/dʰˈiːljɑː/,*/dʰˈɑːtjɑː/,*/dʰjˈɑː/,,,,*/ɑnnˈe?0jɑː/,*/ɑnnˈe?0jeti/,*/dʰˈewnjɑː/,,,,,,,,*/ʒˈɑʊ̯njɑː/,,,,,,,,,*/dˌidˈertjɑː/,*/t͡sˈuːʃjeʃ/,,,,,,,,,,,*/ʒˌuːmɑtjˈɑː/,,,,,,*/ʃtˈɑːnjɑː/,*/ʃtnnjˈɑː/,*/ʃtˈɑnnjɑː/,,,,,,*/ʃtˈerjɑː/,,,*/ʃtˈr̩xʷmjɑː/,*/ʃtrˈinjɑː/,,,,,*/r̩pˈenjjeʃ/,*/ʒˈerbʰjɑː/,,,,,,,,,,,,,,,*/lˈɑːtjeʃ/,,,,,,,,,,,,,,*/lˈewxʷmjɑː/,,,,*/ludˈitjɑː/,
R59,,,,,*/cˈɑrɑbʰeʃ/,*/cˈɑrɑbʰəˤtəˤ/,*/cˈɑrɑt͡ʃəˤ/,,*/cˈɑrɑqeʃ/,,*/cˈɑwqɑː/,,,,,,*/ɟˈɑmɑtɑrɑː/,*/ɟˈɑmbʰɑː/,,,*/ɟˈɑnɑtiʃ/,,,,,,,,,,,,*/ɟˈɑd͡zˈɑːʃ/,,*/dɟˈeʃ/,,*/dˈedəcɑː/,,,,,,,,,,,,,,,,,*/jˈecɑː/,,,,,,,,,,,,,,,,,,,,,,,,,,,,,,,,,,,,*/ɢʰləˤcˈɑː/,,,,,,,,,,,,,,*/xwiɟˈɑɑː/,,,,,,,,,,,,,,,,,,,,*/nnˈɑːcɑː/,,,,,,,,,,,,,,,,,,,,,,,,,,,,,,,,,,,,,,,,,,,,,,,,,,,,,,*/jˈerɟeʃ/,,,,,,,,,,,,,*/uncˈɑt͡ʃəˤ/,,,,,*/diɟˈɑləˤtəˤ/,,,,,,,,*/wrˈɑnnəɟɑː/,,,,,,,,,,,,,,,,,,*/pˈecˈɑʃəˤ/,,,*/plˈɑcɑː/,,,,,,,,,,,,,,,,,,*/pˈɑːrɟˈɑʃəˤ/,,,,,,,,,,,,,,,,,,,,,,,,,,,,,,,,,,,,,*/mɑcˈɑʃəˤ/,*/mɑcˈɑː/,,,,,,,,,*/mɑɟˈɑː/,,,,,,,,,*/ɑntɑːɟˈɑt͡ʃəˤ/,*/jencˈɑkᵝɑː/,,,,,,,,,,,,,*/cˈɑnnɑː/,,,,,,,,,,*/cˈɑrnɑː/,*/cˈɑrnəˤ/,,*/əˤɟˈɑt͡səˤtəˤ/,,,,,,,,*/ɟˈɑrɑɢʰjɑː/,*/ɟˈɑrɑɢʰɑː/,,,,,,,*/dlɑɟˈɑtəˤ/,*/ɟˈɑt͡sʃɑː/,,*/ɟˈɑʃt͡sɑː/,,*/dʰˈɑːcɑː/,*/ɟˈɑː/,*/dʰiːcˈɑʃəˤ/,*/ɟˈɑɡʰᵝɑː/,,,,,,,*/ɟˈɑlnɑː/,,,,,,,,,,,,,,*/dˌidˈercɑː/,,,,,,,,,,,,*/ʒˌuːmɑcˈɑː/,,,,,,,,,*/ʃcˈɑlɑː/,*/kɐʃcˈɑlɑː/,,*/ʃcˈɑlɑː/,,,,,,,,,,,,,,,,,,,,,,,,,,,*/lˈɑːceʃ/,,,,,,,,,,,,,,,,,,*/ludˈicɑː/,
R60,,,,,*/t͡ʃˈɑrɑbʰeʃ/,*/t͡ʃˈɑrɑbʰəˤtəˤ/,*/t͡ʃˈɑrɑt͡ʃəˤ/,,*/t͡ʃˈɑrɑqeʃ/,,*/t͡ʃˈɑwqɑː/,,,,,,*/d͡ʒˈɑmɑtɑrɑː/,*/d͡ʒˈɑmbʰɑː/,,,*/d͡ʒˈɑnɑtiʃ/,,,,,,,,,,,,*/d͡ʒˈɑd͡zˈɑːʃ/,,*/dd͡ʒˈeʃ/,,*/dˈedət͡ʃɑː/,,,,,,,,,,,,,,,,,*/jˈet͡ʃɑː/,,,,,,,,,,,,,,,,,,,,,,,,,,,,,,,,,,,,*/ɢʰləˤt͡ʃˈɑː/,,,,,,,,,,,,,,*/xwid͡ʒˈɑɑː/,,,,,,,,,,,,,,,,,,,,*/nnˈɑːt͡ʃɑː/,,,,,,,,,,,,,,,,,,,,,,,,,,,,,,,,,,,,,,,,,,,,,,,,,,,,,,*/jˈerd͡ʒeʃ/,,,,,,,,,,,,,*/unt͡ʃˈɑt͡ʃəˤ/,,,,,*/did͡ʒˈɑləˤtəˤ/,,,,,,,,*/wrˈɑnnəd͡ʒɑː/,,,,,,,,,,,,,,,,,,*/pˈet͡ʃˈɑʃəˤ/,,,*/plˈɑt͡ʃɑː/,,,,,,,,,,,,,,,,,,*/pˈɑːrd͡ʒˈɑʃəˤ/,,,,,,,,,,,,,,,,,,,,,,,,,,,,,,,,,,,,,*/mɑt͡ʃˈɑʃəˤ/,*/mɑt͡ʃˈɑː/,,,,,,,,,*/mɑd͡ʒˈɑː/,,,,,,,,,*/ɑntɑːd͡ʒˈɑt͡ʃəˤ/,*/jent͡ʃˈɑkᵝɑː/,,,,,,,,,,,,,*/t͡ʃˈɑnnɑː/,,,,,,,,,,*/t͡ʃˈɑrnɑː/,*/t͡ʃˈɑrnəˤ/,,*/əˤd͡ʒˈɑt͡səˤtəˤ/,,,,,,,,*/d͡ʒˈɑrɑɢʰjɑː/,*/d͡ʒˈɑrɑɢʰɑː/,,,,,,,*/dlɑd͡ʒˈɑtəˤ/,*/d͡ʒˈɑt͡sʃɑː/,,*/d͡ʒˈɑʃt͡sɑː/,,*/dʰˈɑːt͡ʃɑː/,*/d͡ʒˈɑː/,*/dʰiːt͡ʃˈɑʃəˤ/,*/d͡ʒˈɑɡʰᵝɑː/,,,,,,,*/d͡ʒˈɑlnɑː/,,,,,,,,,,,,,,*/dˌidˈert͡ʃɑː/,,,,,,,,,,,,*/ʒˌuːmɑt͡ʃˈɑː/,,,,,,,,,*/ʃt͡ʃˈɑlɑː/,*/kɐʃt͡ʃˈɑlɑː/,,*/ʃt͡ʃˈɑlɑː/,,,,,,,,,,,,,,,,,,,,,,,,,,,*/lˈɑːt͡ʃeʃ/,,,,,,,,,,,,,,,,,,*/ludˈit͡ʃɑː/,
R61,,,,,,,,,,,,,,,,,,,,,,,,,,,,,,,,,,,,,,,,,,,,,,,,,,,,,,,,,,,,,,,,,,,,,,,,,,,,,,,,,,,,,,,,,,,,,,,,,,,,,,,,,,,,,,,,,,,,,,,,,,,,,,,,,,,,,,,,,,,,,,,,,,,,,,,,,,,,,,,,,,,,,,,,,,,,,,,,,,,,,,,,,,,,,,,,,,,,,,,,,,,,,,,,,,,,,,,,,,,,,,,,,,,,,,,,,,,,,,,,,,,,,,,,,,,,,,,,,,,,,,,,,,,,,,,,,,,,,,,,,,,,,,,,,,,,,,,,,,,,,,,,,,,,,,,,,,,,,,,,,,,,,,,,,,,,,,,,,,,,,,,,,,,,,,,,,,,,,,,,,,,,,,,,,,,,,,,,,,,,,,,,,,,,,,,,,,,,,,,,,,,,,,,,,,,,,,,,,,,,,,,,,,,,,,,,,,,,,,,,,
R62,,,,,,,,,,,,,,,,,,,,,,,,,,,,,,,,,,,,,,,,,,,,,,,,,,,,,,,,,,,,,,,,,,,,,,,,,,,,,,,,,,,,,,,,,,,,,,,,,*/jˈɑt͡sˈɑːtəˤ/,,,,,,,,,,,,,,,,,,,,,,,,,,,,,,,,,,,,,,,,,,,,,,,,,,,,,,,,,,,,,,,,,,,,,,,,,,,,,,,,,,,,,,,,,,,,,,,,,,,,,,,,,,,,,,,,,,,,,,,,,,,,,,,,,,,,,,,,,,,,,,,,,,,,,,,,,,,,,,,,,,,,,,,,,,,,,,,,,,,,,,,,,,,,,,,,,,,,,,,,,,,,,,,,,,,,,,,,,,,,,,,,,,,,,,,,,,,,,,,,,,,,,,,,,,,,,,,,,,,,,,,,,,,,,,,,,,,,,,,,,,,,,,,,,,,,,,,,,,,,,,,,,,,,,,,,,,,,,,,,,,,,,,,,,,,,,,,,,,,,,,,,
R63,,,,,,,,,,,,,,,,,,,,,,,,,,,,,,,,,,,,,,,,,,,,,,,,,,,,,,,,,,,*/jˈeʃˈenne/,,,,,,,,,,,,,*/qˈɑːpˈɑʃtəˤ/,,,,,,,,,,,,,,,,,,,,*/jenɢʰrˈedʰˈiʃt͡sɑː/,,,,,,,,,,,,,,,,,,,,,,,,,,,,,,,,,,,,,,,,,,,,,,,,,,,,,,,,,,,,,,,,,,,,,,,,,,,,,,,,,,,,,,,,,,,*/xwˈed͡zˈenniː/,,,,,*/wˈetˈeʃʃi/,,,,,,,,,,,,,,,,,,,,,,,,,,,,,,,,,,,,,,,,,,,,,,,,,,,,,,,,,,,,,,,,,,,,,,,,,,,,,,,,,,,,,,,,,,,,,,,,,*/mˈɑːtˈeʃʃɑː/,,,,,,,,,,,,,,,,,,,,,,,,,,,,,,,,,,,,,,,,,,,,,,,,,*/d͡ʒˈɑrˈɑɢʰjɑː/,,,,,,,,,,,,,,,,,,,,,,,,,,,,,,,,,,,,,,,,,,,,,,,,,,,,,,,,,,,,,,,,,,,,,,,,,,,,,,,,,,,,,,,,,,,,,,,,,,,,,,,,,,,
R64,,,,,,,,,,,,,,,,,,,,,,,,,,,,,,,,,*/d͡ʒˌɑd͡zˈɑːʃ/,,,,,,,,,,,,,,,,,,,,,,,,,,*/jˌeʃˈenne/,,,,,,,,,*/nnˌewnnˈem/,,,,*/qˌɑːpˈɑʃtəˤ/,,,,,,,,,,,,,,,,,,,,*/jenɢʰrˌedʰˈiʃt͡sɑː/,,,,,*/jˌɑt͡sˈɑːtəˤ/,,,,,,,,,,,,*/χwˌɑːrjˈɑʃəˤ/,,,,,,,,,,,,,,,,,,,,,,,,,,,*/ˌɑːʊ̯lˈəˤ/,,,,,,,,,,,,,,,,,,*/t͡ʃᵝˌelˈiːeti/,,,,,*/ˌɑnkᵝ̬rjˈɑʃəˤ/,,,,,,,,,,,,,,,,,,,,,,,,*/xwˌed͡zˈenniː/,,,,,*/wˌetˈeʃʃi/,,,,,,,,,,,,,,,,,,,,,,,,,,,,,,,*/pjˌɑkᵝˈəˤ/,,,*/pˌet͡ʃˈɑʃəˤ/,,,,,,,,,,,,,,,,,,,,,*/pˌɑːrd͡ʒˈɑʃəˤ/,,,,,,,,,,,,,,,,,,,,,,,,,,,,,,,,,,,,,,,,,,*/mˌɑːtˈeʃʃɑː/,,,,,,,,,,,,,,,,,,,,,,,,,,,,,,,,,,,,,,,,*/tˌɑːrjˈɑʃəˤ/,,,,,,,,,*/d͡ʒˌɑrˈɑɢʰjɑː/,,*/dˌɑːrɑɢʰijˈɑʃəˤ/,,,,,,,,,,,,,,,,,,,,,,,,,,,,,,,,,,,,,,,,,,,,,,,,,,,,,,,,,,,,,,,,,,,,,,,,,,,,,,,,,,,,,,,,,,,,,,,,,,,,,,,,,
R65,*/t͡sˈiːnjɑ/,*/t͡sˈɑmbərɑ/,,,,,,,,,*/t͡ʃˈɑwqɑ/,*/t͡sˈuqɑ/,,,*/kljˈɑːnjɑ/,*/klewnjɑ/,*/d͡ʒˈɑmɑtɑrɑ/,*/d͡ʒˈɑmbʰɑ/,,,,,,*/nnɑʃt͡sˈɑː/,,,,,,,,,,,,,*/dˈedət͡ʃɑ/,*/dˈɑːrɑ/,,,,,,,,,*/xwəʒˈiːɑ/,,,,,*/xwjˈɑnɑ/,,*/jˈet͡ʃɑ/,,,,,,*/jədˈunɑ/,*/jˈɑrd͡zɑ/,,,*/xrjˈɑpɑ/,*/jˌerd͡zˈiɑ/,,,,,,,,,,,,*/qjˈɑlɑ/,,*/?1ˈɑːliʃtɑ/,,,,*/jed͡zʃ?1ˈerjɑ/,*/qjˈɑrpɑ/,,,*/qrˈipʃɑ/,,,,*/ɢʰrjˈɑbɑ/,*/jenɢʰrˌedʰˈiʃt͡sɑ/,,*/ɑd͡z?2jˈɑrdʰɑ/,*/ˈɑːtrɑ/,,,,,*/ˌɑjd͡zˈiɑ/,,,,*/xwid͡ʒˈɑɑ/,,,*/χwelkˈiːɑ/,*/χwˈerjɑ/,,,*/xwˈerjɑ/,,,*/perˈɑpɑ/,*/ˈɑmmɑ/,*/χmjˈɑld͡zɑ/,,*/ˈɑt͡ʃɑ/,,,*/ˈɑnnɑ/,,,*/nnˈɑːt͡ʃɑ/,,,,,,,,,,,,,,*/mɑˈɑrnɑ/,,,,*/t͡ʃᵝˈiːlɑ/,*/ˈəˤt͡ʃᵝəlɑ/,,,,,,,*/kᵝˈɑːlɑ/,,*/t͡ʃᵝjˈɑlɑ/,,,,*/kᵝˈɑːrnɑ/,,,,,,,*/ˌɑnkᵝ̬rˈunɑ/,,,,,*/?0ˈernjɑ/,,,*/jˈɑːʃɑ/,*/jˈɑːʃɑ/,*/jˈɑmɑ/,,,*/jˈeʃtənɑ/,,,,*/wjˈɑd͡zɑ/,,,,,*/wˈiːnɑ/,*/wˈemjɑ/,,,,,,*/wˈɑːlɑ/,,*/wjˈɑlɑ/,*/wɑljˈɑʃəˤ/,,*/diʃenterwjˈɑlɑ/,,*/wjˈɑlʃɑ/,*/wjˈɑlnɑ/,*/wˈerənɑ/,*/wrˈunjɑ/,,*/wrˈɑnnəd͡ʒɑ/,*/wˈurwɑ/,,*/wˈerənɑ/,*/ˈurnɑ/,*/pˈiɑ/,,*/pˈitʃjɑ/,,,,,,,*/pjˈɑkᵝɑ/,,*/pˈut͡sɑ/,*/pˈunnɑ/,,,,*/plˈɑt͡ʃɑ/,*/plɑtˈeʃ/,,*/ɑnplˈɑːnjɑ/,,,,*/pjˈɑlɑ/,,,,*/pˈɑːlnɑ/,,,,,*/pjˈɑrdɑ/,,,*/pˈɑːrdɑ/,*/ɑd͡zɸˈerjɑ/,,*/bʰˈiːrjɑ/,,,,,,,,,,*/bʰinjˈɑdʰɑ/,,*/bʰˈiːdʰɑ/,,*/bʰuˈɑːtɑ/,,,,*/bʰjˈɑrɑ/,,,*/bʰˈerjɑ/,,*/bʰjˈɑrnɑ/,,,*/bʰˈiːrɑ/,,*/bʰrjˈɑdɑ/,,,,,,,,,,*/mˌɑːtˈeʃʃɑ/,,,,,,,,,,,,,,*/ɑntɑd͡ʒˈɑt͡ʃəˤ/,*/jent͡ʃˈɑkᵝɑ/,,*/jentɑkᵝwijˈɑʃəˤ/,*/jentɑkᵝwˈit/,,,,,,,,,*/jentˈenjɑ/,*/t͡ʃˈɑnnɑ/,,,*/trˈiːɡʰɑ/,*/trjˈɑwdɑ/,*/ɑntrˈudɑ/,*/ɑd͡zʃtrudɑ/,*/trjˈɑmɑ/,,*/tˈerʃjɑ/,*/t͡ʃˈɑrnɑ/,,,,,*/jədɑnˈəˤ/,,,*/dwˈiːɢʰɑ/,,,*/d͡ʒˌɑrˈɑɢʰjɑ/,*/d͡ʒˈɑrɑɢʰɑ/,,,,,*/dˈɑːmmjɑ/,,,*/d͡ʒˈɑt͡sʃɑ/,,*/d͡ʒˈɑʃt͡sɑ/,*/dʰˈiːljɑ/,*/dʰˈɑːt͡ʃɑ/,,,*/d͡ʒˈɑɡʰᵝɑ/,*/dʰe?0iːntɑʃ/,*/ɑnnˈe?0jɑ/,,*/dʰˈewnjɑ/,*/dʰwˈɑːrɑ/,,*/d͡ʒˈɑlnɑ/,,,,,*/ʒˈɑʊ̯njɑ/,,*/ʒˈɑːlɑ/,,*/?1jˈɑnnnɑ/,*/?1jˈɑrpɑ/,,,,*/dˌidˈert͡ʃɑ/,,,,,,,,,,,*/mjˈɑkrɑ/,,,*/ʃtɑ/,,*/ʃtˈuːlɑ/,,*/ʃtˈɑːnjɑ/,,*/ʃtˈɑnnjɑ/,*/ʃt͡ʃˈɑlɑ/,*/kɐʃt͡ʃˈɑlɑ/,,*/ʃt͡ʃˈɑlɑ/,,*/ʃtˈerjɑ/,,,*/ʃtˈr̩xʷmjɑ/,*/ʃtrˈinjɑ/,,,,,,*/ʒˈerbʰjɑ/,,,,,,*/njˈɑtɑ/,,,*/njˈɑmɑ/,,,,*/nˈɑːʃɑm/,*/ɑntbʰiljˈɑd͡zɑ/,,*/lˈɑːdɑ/,,,*/lˈɑːdrɑ/,*/lˈiːd͡zɑ/,,,,,,,,*/ljˈɑɑ/,*/lˈewxʷmjɑ/,,,,*/ludˈit͡ʃɑ/,
R66,,,,,,,,,,,,,,,*/kljˈɒːnjɑ/,,,,,*/nnˈɒːməˤ/,,,,,,,,,,*/dwˈɒːɢeʃ/,,,,*/ddʰˈɒːmiː/,,,,*/dˈɒːrɑ/,*/dˈɒːre/,,,,,,,,,,,,,,,,,,,,,,,,,,,,,,,,,*/qˌɒːpˈɑʃtəˤ/,,*/qʒˈɒːnje/,,,,*/?1ˈɒːleʃ/,*/?1ˈɒːliʃtɑ/,,,,,,,,,,,,,,,,*/ˈɒːtrɑ/,,*/jˌɑt͡sˈɒːtəˤ/,,,,,,,,,,,,*/χwˌɒːrjˈɑʃəˤ/,,,,,,,,,,,,,,,*/nnˈɒːt͡ʃɑ/,,,,,,,,,,,*/ˈɒːʊ̯leʃ/,*/ˌɒːʊ̯lˈəˤ/,,,,,*/mˈɒːrid/,,,,,,,,,*/kᵝˈɒːlɑ/,,,,,*/t͡ʃᵝelɑʃt͡sˈɒːməˤ/,*/kᵝˈɒːrnɑ/,,,,,,,,,*/kᵝ̬ˌɒːrxʷmˈɑː/,,,,*/jətˈɒːtəˤ/,,*/jˈɒːʃɑ/,*/jˈɒːʃɑ/,,,,,,,,,,,,*/wˈɒːd͡zəʃɑ/,,,,,,,,*/wˈɒːlɑ/,,,,,,,,,,,,,,,,,,,,,,,,,*/pˈɒːnəˤ/,,,,,,,,,,*/plˈɒːtəˤ/,*/ɑnplˈɒːnjɑ/,*/ɑnplˈɒːnəti/,,,,,,,*/pˈɒːlnɑ/,,,,,,,*/pˌɒːrd͡ʒˈɑʃəˤ/,*/pˈɒːrdɑ/,,,,,,,,,,,,,,,,,*/bʰuˈɒːtɑ/,,,,,,,,,,,*/bʰˈɒːreʃ/,,,,*/bʰlˈɒːrəˤ/,*/bʰlˌɒːɢrˈɑː/,,*/mˈɒːt͡ʃᵝe/,,,,,*/mˈɒːtiʃ/,*/mˌɒːtˈeʃʃɑ/,*/mˈɒːnʃjeʃ/,,,*/mˈɒːtɑrəˤ/,,,,,,,,,,,,,,,,,,,,,,,,,,,,,,,,,,,,*/tˌɒːrjˈɑʃəˤ/,,,,,,,,,,,*/dˌɒːrɑɢʰijˈɑʃəˤ/,,,*/dˈɒːməˤ/,*/dˈɒːmmjɑ/,,,,,,,*/dʰˈɒːt͡ʃɑ/,,,,,,,,*/dʰwˈɒːrɑ/,*/dʰwˈɒːriː/,,,,,,,,*/ʒˈɒːlɑ/,,,,,,,,,,,,,,,,,,,,,,,,,*/ʃtˈɒːnjɑ/,,,,,,,*/periʃtˈɒːlet/,,,,,,,,,,,,,,,,*/nˈɒːt͡ʃᵝe/,,,,,,,*/nˈɒːʃʃi/,*/nˈɒːʃɑm/,,*/lˈɒːt͡ʃeʃ/,*/lˈɒːdɑ/,*/lˈɒːdəˤ/,*/lˈɒːdət͡ʃəˤ/,*/lˈɒːdrɑ/,,,,,,,,,,,,,,,
R67,,,,*/t͡sxʷmˈedʃ/,,,,,,,,,,,,,,,,,,,,,,,,,,,,,,,,,,,,,,,,,,,,,,,,,,,,,,,,,,,,,,,,,,,,,,,,,,,,,,,,,,,*/qrˈepʃɑ/,,,,,,,,,,,,,,,,,,,,,,,,,,,,,,,,,,,,,,,,,,,,,,,,,,,,,,,,,,,,,,,,,,,,,,,,,,,,,,,,,,,,,,,,,,*/xʷlˈeɢeʃ/,,,,,,,,,,,,,,,,,,,,,,,,,,,,,,,,,,*/pˈetʃjɑ/,*/pˈede/,,,,,,,,,,,,,,,,,,,,,,,,,,,,,,,,,,,,,,,,,,,,,,,,,,,,,,,,,,,,,,,,,,,,,,*/mɑtˈeti/,,,,,,,,,,,,,,,,,,,,,,,,,,,,,,,,,,,,,,,,,,,,,,,,,,,,,,,,,,,,,,,,,,,,,,,,,,,,,,,,,,,,,,,,,,,,,,,,,,,,,,,,,,,,,,,,,,,,,,,,,,,,,,,,,,,,,,,,,,,,,,,,,,*/xʷlˈeɢeʃ/,,,,,,,,,,,,,
R68,,,,,,,,,,*/t͡sˈeiːləˤ/,,,,,,,,,,,*/d͡ʒˈɑnɑtiːʃ/,,,,,,,,,,,,,,,,,,,,,,,,,,,,,,,,,,,,,,,,,,,,,,,,,,,,,,,,,,*/?1ˈɒːliːʃtɑ/,,*/diːʃ?1jˈɑləˤ/,*/diːʃ?1jˈɑlnəˤ/,,,,,,,,,,*/jenɢʰrˌedʰˈiːʃt͡sɑ/,,,,,,*/ˈiːut͡ʃᵝiːd/,,,,,,*/xwiːd͡ʒˈɑɑ/,*/ˈɑiːʃ/,,,,,,,,,,,,,,,,,,,,,,,*/ˈɑlbʰiːt/,,,,,,,,,,,,,*/mˈɒːriːd/,,,*/t͡ʃᵝˈiːʃ/,,,,,,,,,,,,,*/kᵝrˈiːmiːʃ/,,,,*/ɑnkᵝ̬rˈeʃiːt/,,,,,,,,,,,,,,,,,,,,,,,,,,,,,,,,,,,*/diːd͡ʒˈɑləˤtəˤ/,*/diːʃenterwjˈɑlɑ/,,,,,,,,,,,,,,,,,,,,,,,,,,,,,,,,,,,,,,,,,,,,,,,,,,,,,,,,,,,,*/bʰiːnjˈɑdʰɑ/,*/bʰiːnədʰˈet͡ʃiː/,,,,,,,,,,,,,,,,*/bʰerˈiːməˤ/,,,,,,,,,,*/mˈɒːtiːʃ/,,,,,,,,,,,,,,,,,,*/jentɑkᵝwiːjˈɑʃəˤ/,*/jentɑkᵝwˈiːt/,,,,,,,,,,,,,,,,,,*/trˈiːme/,,,,,,,,,,,,,,,*/dˌɒːrɑɢʰiːjˈɑʃəˤ/,,,,,,,,,,,,,,,,,,,,,,,*/ʃt͡sˈiːri/,,,,,,,,,,,,*/dˌiːdˈert͡ʃɑ/,,,,,,,,,,,,,,,,,,,,,,,,,*/periːʃtˈɒːlet/,,,,,*/ʃtrˈiːnjɑ/,,,,,,,,,,,,,,,,,,,,*/ɑntbʰiːljˈɑd͡zɑ/,,,,,,,,,,,,,,,,,,,*/ludˈiːt͡ʃɑ/,
R69,,,,,,,,,,,,,,,,,,,,,,,,,,,,,,,,,,,,,,,,,,,,,,,,,,,,,,,,,,,,,,,,,,,,,,,,,,,,,,,,,,,,,,,,,,,,,,,,,,,,,,,,,,,,,,,,,,,,,,,,,,,,,,,,,,,,,,,,,,,,,*/mˈɒːrriːd/,,,,,,,,,,,,,,,,,*/kᵝ̬ˈɑrreʃ/,,,,,,,,,,,,,,,,,,,,,,,,,,,,,,,,,,,,,,,,,,,*/wˈerrənɑ/,,,,,,*/wˈerrənɑ/,,,,,,,,,,,,,,,,,,,,,,,,,,,,,,,,,*/ɸˈerreʃ/,,,,,,,,*/bʰˈiːrreʃ/,,,,,,,,,,,,,,,,,,,,,*/bʰˈerruqem/,,*/bʰˈerreʃ/,*/bʰˈɒːrreʃ/,*/bʰˈiːrrɑ/,,,,,,,,,,,,,,*/mˈiːrrəˤ/,,,,,,,,,,,,,,,,,,,,,,,,,,,,,,,,,,,,,,,,,,,,,,,,,,,,,,,,,,,,,,,,,,,,,,,,,,,,,,,,,,,,,,,,,,,,,,,,,,,,,,,,,,,,,,,,,,,,,,,,,,,,,,,,,,,,,,,,,,,,,,,,,,,,,,,,,,
R70,,,,,,,,,,,,,,,,,,,,,,,,,,,,,,,,,,,,,,,,,,,,,,,,,,,,,,,,,,,,,,,,,,,,,,,,,,,,,,,,,,,,,,,,,,,,,,,,,,,,,,,,,,,,,,,,,,,,,,,,,,,,,,,,,,,,,,,,,,,,,,,,,,,,,,,,,,,,,,,,,,,,,,,,,,,,,,,,,,,,,,,,,,,,,,,,,,,,,,,,,,,,,,,,,,,,,,,,,,,,,,,,,,,,,,,,,,,,,,,,,,,,,,,,,,,,,,,,,,,,,,,,,,,,,,,,,,,,,,,,,,,,,,,,,,,,,,,,,,,,,,,,,,,,,,,,,,,,,,,,,,,,,,,,,,,,,,,,,,,,,,,,,,,,,,,,,,,,,,,,,,,,,,,,,,,,,,,,,,,,,,,,,,,,,,,,,,,,,,,,,,,,,,,,,,,,,,,,,,,,,,,,,,,,,,,,,,,,,,,,,
R71,,,,,,,,,*/t͡ʃˈɑrɑkeʃ/,,*/t͡ʃˈɑwkɑ/,*/t͡sˈukɑ/,,,,,,,,,,,,,,,,,,*/dwˈɒːɡeʃ/,,,,,,,,,,,,,,,,,,,,,,,,,,,,,,,,,,,,,,,,,,*/kˌɒːpˈɑʃtəˤ/,*/kɐpˈɑː/,*/kʒˈɒːnje/,*/kʃɐlnˈeʃ/,*/kelɑbʰˈeʃ/,*/kjˈɑlɑ/,,,,,,,*/kjˈɑrpɑ/,*/krˈepiː/,,*/krˈepʃɑ/,*/ɡwˈedeʃ/,*/ɡwˈediː/,*/ɡʰləˤt͡ʃˈɑː/,*/ɡʰrjˈɑbɑ/,*/jenɡʰrˌedʰˈiːʃt͡sɑ/,*/ɡʰˈerdʰeʃ/,,,,,,,,,,,,,*/ˈɑʊ̯ɡeʃ/,,,,,,,,,,,,,,,,,,,,,,,,,,,,,,,,,,,,,,,,,,,,,,,,,,,,,,,,,,,,,,,,,,,,,,,*/xʷlˈeɡeʃ/,,*/xʷrˈewkt͡seʃ/,,,,,,,,,,,,,,,,,,,,,,,,,,,,,,,,,,,,,,,,,,,,,,,,,,,,,,*/plˈɑke/,,,,,,,,,,,,,,,,,,,,,,,,,,,,,,,,,,,,*/bʰˈerrukem/,,,,,,,,*/bʰlˌɒːɡrˈɑː/,,,,,,,,,,,,,,,,,,,,,,,,,,,,,,,,,,,,,,,,,,,,,,,,,,,,,,*/dwˈiːɡʰɑ/,,,*/d͡ʒˌɑrˈɑɡʰjɑ/,*/d͡ʒˈɑrɑɡʰɑ/,*/dˌɒːrɑɡʰiːjˈɑʃəˤ/,,,,,,,,,,,,,,,,,,,,,,,,,,,,,,,,,,,,,,,,,,,,,,,,*/ʃtˈiːɡʰeʃ/,,,,,,,,,,,,,,,,,,,,,,,,,,,,,,,,,,,,,,,,,,,,*/xʷlˈeɡeʃ/,*/lˈeɡʰeʃ/,,,*/luɡˈeʃ/,*/luɡˈɑː/,*/lewɡətˈɑː/,,,,,,,
=Classical Proto-Albanian,null*/t͡sˈiːnjɑ/,null*/t͡sˈɑmbərɑ/,null*/t͡sˌeʃtrˈem/,null*/t͡sxʷmˈedʃ/,null*/t͡ʃˈɑrɑbʰeʃ/,null*/t͡ʃˈɑrɑbʰəˤtəˤ/,null*/t͡ʃˈɑrɑt͡ʃəˤ/,null*/t͡sˈerxmeʃ/,null*/t͡ʃˈɑrɑkeʃ/,null*/t͡sˈeiːləˤ/,null*/t͡ʃˈɑwkɑ/,null*/t͡sˈukɑ/,null*/t͡sˈupeʃ/,null*/tet͡sˈupeʃ/,null*/kljˈɒːnjɑ/,null*/klewnjɑ/,null*/d͡ʒˈɑmɑtɑrɑ/,null*/d͡ʒˈɑmbʰɑ/,null*/d͡zˈembʰeʃ/,null*/nnˈɒːməˤ/,null*/d͡ʒˈɑnɑtiːʃ/,null*/d͡zəˤxʷʃt͡sˈeti/,null*/d͡zəˤxʷʃt͡sˈeʃi/,null*/nnɑʃt͡sˈɑː/,null*/nnˈuneʃ/,null*/ɡrunˈɑː/,null*/ɡrunjˈɑː/,null*/diːmˈeneʃ/,null*/dwˈeneʃ/,null*/dwˈɒːɡeʃ/,null*/duːlˈeʃ/,null*/ddʰˈɑːm/,null*/d͡ʒˌɑd͡zˈɑːʃ/,null*/ddʰˈɒːmiː/,null*/dd͡ʒˈeʃ/,null*/dˈeʃi/,null*/dˈedət͡ʃɑ/,null*/dˈɒːrɑ/,null*/dˈɒːre/,null*/dˈerjeʃ/,null*/dert͡sˈeʃ/,null*/drədʰˈɑː/,null*/jˈed͡zʃ/,null*/jed͡zʃtˈeʃ/,null*/ʒˈuː/,null*/udrjˈem/,null*/xwəʒˈiːɑ/,null*/xwəʒˈiːeti/,null*/jˈeme/,null*/xme/,null*/xmˈɑːm/,null*/xwjˈɑnɑ/,null*/jˈetəre/,null*/jˈet͡ʃɑ/,null*/jˈetəʃi/,null*/jˈetəti/,null*/jˈeʃi/,null*/jˈeʃti/,null*/jˌeʃˈenne/,null*/jədˈunɑ/,null*/jˈɑrd͡zɑ/,null*/jˈerd͡zəti/,null*/xrˈemeʃ/,null*/xrjˈɑpɑ/,null*/jˌerd͡zˈiɑ/,null*/urd͡zˈɑː/,null*/xrˈennu/,null*/nnˌewnnˈem/,null*/jˈuːʃ/,null*/jˌewnnˈem/,null*/jˈemeʃ/,null*/kˌɒːpˈɑʃtəˤ/,null*/kɐpˈɑː/,null*/kʒˈɒːnje/,null*/kʃɐlnˈeʃ/,null*/kelɑbʰˈeʃ/,null*/kjˈɑlɑ/,null*/?1ˈɒːleʃ/,null*/?1ˈɒːliːʃtɑ/,null*/?1ˈeləmeʃ/,null*/diːʃ?1jˈɑləˤ/,null*/diːʃ?1jˈɑlnəˤ/,null*/jed͡zʃ?1ˈerjɑ/,null*/kjˈɑrpɑ/,null*/krˈepiː/,null*/jed͡z?1rˈepiː/,null*/krˈepʃɑ/,null*/ɡwˈedeʃ/,null*/ɡwˈediː/,null*/ɡʰləˤt͡ʃˈɑː/,null*/ɡʰrjˈɑbɑ/,null*/jenɡʰrˌedʰˈiːʃt͡sɑ/,null*/ɡʰˈerdʰeʃ/,null*/ɑd͡z?2jˈɑrdʰɑ/,null*/ˈɒːtrɑ/,null*/jˈet͡su/,null*/jˌɑt͡sˈɒːtəˤ/,null*/ˈiːut͡ʃᵝiːd/,null*/ˈɑjd͡zeʃ/,null*/ˌɑjd͡zˈiɑ/,null*/ˌuːmjˈɑː/,null*/ˈɑjdʰət͡sɑj/,null*/ˈɑw/,null*/xwiːd͡ʒˈɑɑ/,null*/ˈɑiːʃ/,null*/ˈɑʊ̯ɡeʃ/,null*/χwelkˈiːɑ/,null*/χwˈerjɑ/,null*/χwˌɒːrjˈɑʃəˤ/,null*/χwjˈɑrnəˤ/,null*/xwˈerjɑ/,null*/χpˈe/,null*/χpjˈɑɑw/,null*/perˈɑpɑ/,null*/ˈɑmmɑ/,null*/χmjˈɑld͡zɑ/,null*/χmjˈɑlnnəˤ/,null*/ˈɑt͡ʃɑ/,null*/ˈɑt͡ʃəneʃ/,null*/ˌɑn/,null*/ˈɑnnɑ/,null*/ɑnjˈɑː/,null*/ɑnɑtˈɑː/,null*/nnˈɒːt͡ʃɑ/,null*/ˈɑndʰeʃ/,null*/ˈɑndʰiː/,null*/nnˈer/,null*/ˈɑlbʰiːt/,null*/χlˈiːdeʃ/,null*/χrˈetət͡seʃ/,null*/ˈɑrtt͡seʃ/,null*/ˈɑjdʰeʃ/,null*/ɑˈi/,null*/ˈute/,null*/ˈɒːʊ̯leʃ/,null*/ˌɒːʊ̯lˈəˤ/,null*/jˈerd͡ziː/,null*/mɑˈɑrnɑ/,null*/mɑˈɑrnəʃi/,null*/mɑˈɑrnəti/,null*/mˈɒːrriːd/,null*/t͡ʃᵝˈiːlɑ/,null*/ˈəˤt͡ʃᵝəlɑ/,null*/t͡ʃᵝˈiːʃ/,null*/t͡ʃᵝˈiː/,null*/kᵝˈɑː/,null*/t͡ʃᵝˈem/,null*/t͡ʃᵝˈeʃje/,null*/t͡ʃᵝˈeʃt͡seʃ/,null*/kᵝˈɒːlɑ/,null*/kᵝˈur/,null*/t͡ʃᵝjˈɑlɑ/,null*/t͡ʃᵝˈelet/,null*/t͡ʃᵝˌelˈiːeti/,null*/t͡ʃᵝelɑʃt͡sˈɒːməˤ/,null*/kᵝˈɒːrnɑ/,null*/kᵝrˈiːmiːʃ/,null*/kᵝ̬ˈɑrreʃ/,null*/ˌɑnkᵝ̬rjˈɑʃəˤ/,null*/ɑnkᵝ̬rɑt/,null*/ɑnkᵝ̬rˈeʃiːt/,null*/ˈɑnkᵝ̬rxʷmeʃ/,null*/ˌɑnkᵝ̬rˈunɑ/,null*/ˌɑnkᵝ̬rnnnəˤ/,null*/kᵝ̬ˌɒːrxʷmˈɑː/,null*/?0ˌermˈeʃ/,null*/?0ˌernˈeʃ/,null*/?0ˈernjɑ/,null*/jətˈɒːtəˤ/,null*/xʷt͡ʃᵝˈiː/,null*/jˈɒːʃɑ/,null*/jˈɒːʃɑ/,null*/jˈɑmɑ/,null*/jedrˈɑː/,null*/jˈe?1eʃ/,null*/jˈeʃtənɑ/,null*/xʷlˈeɡeʃ/,null*/jˈerd͡ʒeʃ/,null*/xʷrˈewkt͡seʃ/,null*/wjˈɑd͡zɑ/,null*/wˈed͡zəʃi/,null*/wˈed͡zəti/,null*/xwˌed͡zˈenniː/,null*/wˈɒːd͡zəʃɑ/,null*/wˈiːnɑ/,null*/wˈemjɑ/,null*/wˈetəʃi/,null*/wˌetˈeʃʃi/,null*/wˈetweʃt͡seʃ/,null*/wˈeteʃ/,null*/unt͡ʃˈɑt͡ʃəˤ/,null*/wˈɒːlɑ/,null*/wˈeləti/,null*/wjˈɑlɑ/,null*/wɑljˈɑʃəˤ/,null*/diːd͡ʒˈɑləˤtəˤ/,null*/diːʃenterwjˈɑlɑ/,null*/ˈult͡ʃᵝeʃ/,null*/wjˈɑlʃɑ/,null*/wjˈɑlnɑ/,null*/wˈerrənɑ/,null*/wrˈunjɑ/,null*/wrˈɑnniː/,null*/wrˈɑnnəd͡ʒɑ/,null*/wˈurwɑ/,null*/urtˈəˤ/,null*/wˈerrənɑ/,null*/ˈurnɑ/,null*/pˈiɑ/,null*/pˈieti/,null*/pˈetʃjɑ/,null*/pˈede/,null*/pɐtˈəˤ/,null*/pɐʃʒˈəˤ/,null*/pɐt͡sˈeʃ/,null*/pˈɑʃ/,null*/pˈɒːnəˤ/,null*/pjˈɑkᵝɑ/,null*/pjˌɑkᵝˈəˤ/,null*/pˈut͡sɑ/,null*/pˈunnɑ/,null*/pˌet͡ʃˈɑʃəˤ/,null*/pˈedʃi/,null*/pˈeʃtt͡ʃᵝe/,null*/plˈɑt͡ʃɑ/,null*/plɑtˈeʃ/,null*/plˈɒːtəˤ/,null*/ɑnplˈɒːnjɑ/,null*/ɑnplˈɒːnəti/,null*/pˈelxmeʃ/,null*/pjˈɑləˤ/,null*/pjˈɑlɑ/,null*/plˈɑke/,null*/jed͡zɸɐlˈɑː/,null*/plewʃəteʃ/,null*/pˈɒːlnɑ/,null*/pjˈɑlnəˤ/,null*/per/,null*/peri/,null*/ɸˈerreʃ/,null*/pjˈɑrdɑ/,null*/pˈerdəti/,null*/pˌɒːrd͡ʒˈɑʃəˤ/,null*/pˈɒːrdɑ/,null*/ɑd͡zɸˈerjɑ/,null*/bʰiːnˈeti/,null*/bʰˈiːrjɑ/,null*/bʰˈiːrreʃ/,null*/bʰχlˈem/,null*/bʰnnˈe/,null*/bʰnnjˈeti/,null*/bʰnnjˈeʃi/,null*/bʰnnjˈɑː/,null*/bʰnnnˈuː/,null*/bʰnnˈəˤ/,null*/bʰnntˈəˤ/,null*/bʰiːnjˈɑdʰɑ/,null*/bʰiːnədʰˈet͡ʃiː/,null*/bʰˈiːdʰɑ/,null*/bʰˈewnnneʃ/,null*/bʰuˈɒːtɑ/,null*/bʰutˈəˤ/,null*/ɑnbˈunəʃəti/,null*/bʰˌelnnˈɑː/,null*/bʰjˈɑrɑ/,null*/bʰjˈɑrɑd͡zəˤ/,null*/bʰrɑd͡zˈiː/,null*/bʰˈerjɑ/,null*/bʰˈerrukem/,null*/bʰjˈɑrnɑ/,null*/bʰˈerreʃ/,null*/bʰˈɒːrreʃ/,null*/bʰˈiːrrɑ/,null*/bʰerˈiːməˤ/,null*/bʰrjˈɑdɑ/,null*/bʰlˈɒːrəˤ/,null*/bʰlˌɒːɡrˈɑː/,null*/mˈɑː/,null*/mˈɒːt͡ʃᵝe/,null*/mɑt͡ʃˈɑʃəˤ/,null*/mɑt͡ʃˈɑː/,null*/mɑtˈeti/,null*/mɑt͡ʃˈəˤ/,null*/mˈɒːtiːʃ/,null*/mˌɒːtˈeʃʃɑ/,null*/mˈɒːnʃjeʃ/,null*/mˈiːrrəˤ/,null*/mˈuːʃ/,null*/mˈɒːtɑrəˤ/,null*/mɑd͡ʒˈɑː/,null*/memʒˈem/,null*/mˈetχ/,null*/mˌəˤtˈeʃ/,null*/məˤtˈi/,null*/mˈelətəˤ/,null*/mˈelχwem/,null*/mbəlˌɑχwənjˈɑː/,null*/mˈelxʷmu/,null*/ɑntɑd͡ʒˈɑt͡ʃəˤ/,null*/jent͡ʃˈɑkᵝɑ/,null*/jentˈekᵝwed/,null*/jentɑkᵝwiːjˈɑʃəˤ/,null*/jentɑkᵝwˈiːt/,null*/tˈuj/,null*/tue/,null*/tˈuː/,null*/pertɐpjˈɑː/,null*/ɑd͡zʃtɐpjˈeti/,null*/tˈɑʊ̯reʃ/,null*/tˈɑʊ̯riː/,null*/tˈulneʃ/,null*/jentˈenjɑ/,null*/t͡ʃˈɑnnɑ/,null*/trˈiːeʃ/,null*/trˈiː/,null*/trˈiːɡʰɑ/,null*/trjˈɑwdɑ/,null*/ɑntrˈudɑ/,null*/ɑd͡zʃtrudɑ/,null*/trjˈɑmɑ/,null*/trˈiːme/,null*/tˈerʃjɑ/,null*/t͡ʃˈɑrnɑ/,null*/t͡ʃˈɑrnəˤ/,null*/tˌɒːrjˈɑʃəˤ/,null*/əˤd͡ʒˈɑt͡səˤtəˤ/,null*/dˈɑʊ̯nəˤ/,null*/jədɑnˈəˤ/,null*/jədəʒˈəˤ/,null*/jədɑtˈɑː/,null*/dwˈiːɡʰɑ/,null*/dwˈiːewʃ/,null*/drətˈɑː/,null*/d͡ʒˌɑrˈɑɡʰjɑ/,null*/d͡ʒˈɑrɑɡʰɑ/,null*/dˌɒːrɑɡʰiːjˈɑʃəˤ/,null*/drˈuneʃ/,null*/drˈuːneʃ/,null*/dˈɒːməˤ/,null*/dˈɒːmmjɑ/,null*/dˈemiː/,null*/dlɑd͡ʒˈɑtəˤ/,null*/d͡ʒˈɑt͡sʃɑ/,null*/ɑnnˈet͡sʃu/,null*/d͡ʒˈɑʃt͡sɑ/,null*/dʰˈiːljɑ/,null*/dʰˈɒːt͡ʃɑ/,null*/d͡ʒˈɑː/,null*/dʰiːt͡ʃˈɑʃəˤ/,null*/d͡ʒˈɑɡʰᵝɑ/,null*/dʰe?0iːntɑʃ/,null*/ɑnnˈe?0jɑ/,null*/ɑnnˈe?0jeti/,null*/dʰˈewnjɑ/,null*/dʰwˈɒːrɑ/,null*/dʰwˈɒːriː/,null*/d͡ʒˈɑlnɑ/,null*/ʃt͡sxjˈɑːʃ/,null*/ʃt͡sˈiːri/,null*/ʃi/,null*/ʃiː/,null*/ʒˈɑʊ̯njɑ/,null*/ʒjˈɑt͡sʃtəˤ/,null*/ʒˈɒːlɑ/,null*/?1ewdˈeti/,null*/?1jˈɑnnnɑ/,null*/?1jˈɑrpɑ/,null*/?1elˈɑː/,null*/?1ˈeləmeʃ/,null*/ʒˈuː/,null*/dˌiːdˈert͡ʃɑ/,null*/t͡sˈuːʃjeʃ/,null*/t͡sˈuːʃ/,null*/ʃet͡ʃᵝˈeʃ/,null*/ʃekᵝˈɑː/,null*/ʃet͡ʃᵝemtˈem/,null*/ʒˈumeʃ/,null*/ʒˌet͡ʃɐtˈeʃ/,null*/ɸerˈɑː/,null*/ɸerˈɑːm/,null*/ɸerˈɑːʃ/,null*/mjˈɑkrɑ/,null*/ʒˌuːmɑt͡ʃˈɑː/,null*/ʃtˈiːɡʰeʃ/,null*/ʃtɑ/,null*/ʃtɐjˈɑʃəˤ/,null*/ʃtˈuːlɑ/,null*/ʃtɐʊ̯nˈəˤ/,null*/ʃtˈɒːnjɑ/,null*/ʃtnnjˈɑː/,null*/ʃtˈɑnnjɑ/,null*/ʃt͡ʃˈɑlɑ/,null*/kɐʃt͡ʃˈɑlɑ/,null*/ʃtˈelbʰeʃ/,null*/ʃt͡ʃˈɑlɑ/,null*/periːʃtˈɒːlet/,null*/ʃtˈerjɑ/,null*/ʃtˈr̩ʃəˤ/,null*/ʃtˈeriː/,null*/ʃtˈr̩xʷmjɑ/,null*/ʃtrˈiːnjɑ/,null*/pˈiːdeʃ/,null*/rˈuːməˤ/,null*/rumˈi/,null*/ʒˈerpəneʃ/,null*/r̩pˈenjjeʃ/,null*/ʒˈerbʰjɑ/,null*/ʃerbʰˈiːeti/,null*/ʃermˈɑː/,null*/ʒjˈɑlpəˤ/,null*/ʒˈelχweʃ/,null*/nˈɒːt͡ʃᵝe/,null*/njˈɑtɑ/,null*/nˈetiː/,null*/nˈuː/,null*/njˈɑmɑ/,null*/nˈɑːʃ/,null*/nˈeʃ/,null*/nˈɒːʃʃi/,null*/nˈɒːʃɑm/,null*/ɑntbʰiːljˈɑd͡zɑ/,null*/lˈɒːt͡ʃeʃ/,null*/lˈɒːdɑ/,null*/lˈɒːdəˤ/,null*/lˈɒːdət͡ʃəˤ/,null*/lˈɒːdrɑ/,null*/lˈiːd͡zɑ/,null*/xʷlˈeɡeʃ/,null*/lˈeɡʰeʃ/,null*/lɑʃt͡sˈeti/,null*/lˈuməˤ/,null*/luɡˈeʃ/,null*/luɡˈɑː/,null*/lewɡətˈɑː/,null*/ljˈɑɑ/,null*/lˈewxʷmjɑ/,null*/ljˈɑwxʷməˤ/,null*/lˈumeʃ/,null*/lˈewdʰreʃ/,null*/ludˈiːt͡ʃɑ/,null*/rud͡zˈɑː/
R72,,,,,,,,,,,,,,,,,,,,,,,,,,,,,,,,,,,,,,,,,,,,,,,,,,,,,,,,,,,,,,,,,,,,,,,,,,,,,,,,,,,,,,,,,,,,,,,,,,,,,,,,,,,,,,,,,,,,,,,,,,,,,,,,,,,,,,,,,,,,,,,,,,,,,,,,,,,,,,,,,,,,,,,,,,,,,,,,,,,,,,,,,,,,,,,,,,,,,,,,,,,,,,,,,,,,,,,,,,,,,,,,,,,,,,,,,,,,,,,,,,,,,,,,,,,,,,,,,,,,,,,,,,,,,,,,,,,,,,,,,,,,,,,,,,,,,,,,,,,,,,,,,,,,,,,,,,,,,,,,,,,,,,,,,,,,,,,,,,,,,,,,,,,,,,,,,,,,,,,,,,,,,,,,,,,,,,,,,,,,,,,,,,,,,,,,,,,,,,,,,,,,,,,,,,,,,,,,,,,,,,,,,,,,,,,,,,,,,,,,,
R73,,,,,,,,,,,,,,,,,,,,,,,,,,,,,,,,,,,,,,,,,,,,,,,,,,,,,,,,,,,,,,,,,,,,,,,,,,,,,,,,,,,,,,,,,,,,,,,,,,,,,,,,,,,,,,,,,,,,,,,,,,,,,,,,,,,,,,,,,,,,,,,,,,,,,,,,,,,,,,,,,,,,,,,,,,,,,,,,,,,,,,,,,,,,,,,,,,,,,,,,,,,,,,,,,,,,,,,,,,,,,,,,,,,,,,,,,,,,,,,,,,,,,,,,,,,,,,,,,,,,,,,,,,,,,,,,,,,,,,,,,,,,,,,,,,,,,,,,,,,,,,,,,,,,,,,,,,,,,,,,,,,,,,,,,,,,,,,,,,,,,,,,,,,,,,,,,,,,,,,,,,,,,,,,,,,,,,,,,,,,,,,,,,,,,,,,,,,,,,,,,,,,,,,,,,,,,,,,,,,,,,,,,,,,,,,,,,,,,,,,,
R74,,,,,,,,,,,,,,,,,,,,,,,,,,,,,,,,,,,,,,,,,,,,,,,,,,,,,,,,,,,,,,,,,,,,,,,,,,,,,,,,,,,,,,,,,,,,,,,,,,,,,,,,,,,,,,,,,,,,,,,,,,,,,,,,,,,,,,,,,,,,,,,,,,,,,,,,,,,,,,,,,,,,,,,,,,,,,,,,,,,,,,,,,,,,,,,,,,,,,,,,,,,,,,,,,,,,,,,,,,,,,,,,,,,,,,,,,,,,,,,,,,,,,,,,,,,,,,,,,,,,,,,,,,,,,,,,,,,,,,,,,,,,,,,,,,,,,,,,,,,,,,,,,,,,,,,,,,,,,,,,,,,,,,,,,,,,,,,,,,,,,,,,,,,,,,,,,,,,,,,,,,,,,,,,,,,,,,,,,,,,,,,,,,,,,,,,,,,,,,,,,,,,,,,,,,,,,,,,,,,,,,,,,,,,,,,,,,,,,,,,,
R75,,,,,,,,,,,,,,,,,,,,,,,,,,,,,,,,,,,,,,,,,,,,,,,,,,,,,,,,,,,,,,,,,,,,,,,,,,,,,,,,,,,,,,,,,,,,,,,,,,,,,,,,,,,,,,,,,,,,,,,,,,,,,,,,,,,,,,,,,,,,,,,,,,,,,,,,,,,,,,,,,,,,,,,,,,,,,,,,,,,,,,,,,,,,,,,,,,,,,,,,,,,,,,,,,,,,,,,,,,,,,,,,,,,,,,,,,,,,,,,,,,,,,,,,,,,,,,,,,,,,,,,,,,,,,,,,,,,,,,,,,,,,,,,,,,,,,,,,,,,,,,,,,,,,,,,,,,,,,,,,,,,,,,,,,,,,,,,,,,,,,,,,,,,,,,,,,,,,,,,,,,,,,,,,,,,,,,,,,,,,,,,,,,,,,,,,,,,,,,,,,,,,,,,,,,,,,,,,,,,,,,,,,,,,,,,,,,,,,,,,,
R76,,,,,,,,,,,,,,,,,,,,,,,,,,,,,,,,,,,,,,,,,,,,,,,,,,,,,,,,,,,,,,,,,,,,,,,,,,,,,,,,,,,,,,,,,,,,,,,,,,,,,,,,,,,,,,,,,,,,,,,,,,,,,,,,,,,,,,,,,,,,,,,,,,,,,,,,,,,,,,,,,,,,,,,,,,,,,,,,,,,,,,,,,,,,,,,,,,,,,,,,,,,,,,,,,,,,,,,,,,,,,,,,,,,,,,,,,,,,,,,,,,,,,,,,,,,,,,,,,,,,,,,,,,,,,,,,,,,,,,,,,,,,,,,,,,,,,,,,,,,,,,,,,,,,,,,,,,,,,,,,,,,,,,,,,,,,,,,,,,,,,,,,,,,,,,,,,,,,,,,,,,,,,,,,,,,,,,,,,,,,,,,,,,,,,,,,,,,,,,,,,,,,,,,,,,,,,,,,,,,,,,,,,,,,,,,,,,,,,,,,,
R77,,,,,*/t͡ʃˈɑrɑbʰe/,,,*/t͡sˈerxme/,*/t͡ʃˈɑrɑke/,,,,*/t͡sˈupe/,*/tet͡sˈupe/,,,,,*/d͡zˈembʰe/,,*/d͡ʒˈɑnɑtiː/,,,,*/nnˈune/,,,*/diːmˈene/,*/dwˈene/,*/dwˈɒːɡe/,,,,,,,,,,*/dˈerje/,,,,,,,,,,,,,,,,,,,,,,,*/xrˈeme/,,,,,,,,*/jˈeme/,,,,,,,*/?1ˈɒːle/,,*/?1ˈeləme/,,,,,,,,*/ɡwˈede/,,,,,*/ɡʰˈerdʰe/,,,,,*/ˈiːut͡ʃᵝiː/,*/ˈɑjd͡ze/,,,,,,*/ˈɑiː/,*/ˈɑʊ̯ɡe/,,,,,,,,,,,,,*/ˈɑt͡ʃəne/,,,,,,*/ˈɑndʰe/,,,*/ˈɑlbʰiː/,*/χlˈiːde/,*/χrˈetət͡se/,*/ˈɑrtt͡se/,*/ˈɑjdʰe/,,,*/ˈɒːʊ̯le/,,,,,,*/mˈɒːrriː/,,,,,,,,*/t͡ʃᵝˈeʃt͡se/,,,,*/t͡ʃᵝˈele/,,,,*/kᵝrˈiːmiː/,*/kᵝ̬ˈɑrre/,,*/ɑnkᵝ̬rɑ/,*/ɑnkᵝ̬rˈeʃiː/,*/ˈɑnkᵝ̬rxʷme/,,,,,,,,,,,,,*/jˈe?1e/,,*/xʷlˈeɡe/,*/jˈerd͡ʒe/,*/xʷrˈewkt͡se/,,,,,,,,,,*/wˈetweʃt͡se/,*/wˈete/,,,,,,,,*/ˈult͡ʃᵝe/,,,,,,,,,,,,,,,,,,,,,,,,,,,,,,,,*/pˈelxme/,,,,,*/plewʃəte/,,,,,*/ɸˈerre/,,,,,,,,*/bʰˈiːrre/,,,,,,,,,,,,*/bʰˈewnnne/,,,,,,,,,,,*/bʰˈerre/,*/bʰˈɒːrre/,,,,,,,,,,,,*/mˈɒːtiː/,,*/mˈɒːnʃje/,,,,,,,,,,,,,,,*/jentˈekᵝwe/,,,,,,,,*/tˈɑʊ̯re/,,*/tˈulne/,,,*/trˈiːe/,,,,,,,,,,,,,,,,,,,,,,,*/drˈune/,*/drˈuːne/,,,,,,,,,,,,,*/dʰe?0iːntɑ/,,,,,,,,,,,,,,,,,,*/?1ˈeləme/,,,*/t͡sˈuːʃje/,,,,,*/ʒˈume/,,,,,,,*/ʃtˈiːɡʰe/,,,,,,,,,,*/ʃtˈelbʰe/,,*/periːʃtˈɒːle/,,,,,,*/pˈiːde/,,,*/ʒˈerpəne/,*/r̩pˈenjje/,,,,,*/ʒˈelχwe/,,,,,,,,,,,*/lˈɒːt͡ʃe/,,,,,,*/xʷlˈeɡe/,*/lˈeɡʰe/,,,,,,,,,*/lˈume/,*/lˈewdʰre/,,
R78,,,,,,,,,,,,,,,,,,,,,,,,,,,,,,,,,,,,,,,,,,,,,,,,,,,,,,,,,,,,,,,,,,,,,,,,,,,,,,,,,,,,,,,,,,,,,,,,,,,,,,,,,,,,,,,,,,,,,,,,,,,,,,,,,,,,,,,,,,,,,,,,,,,,,,,,,,,,,,,,,,,,,,,,,,,,,,,,,,,,,,,,,,,,,,,,,,,,,,,,,,,,,,,,,,,,,,,,,,,,,,,,,,,,,,,,,,,,,,,,,,,,,,,,,,,,,,,,,,,,,,,,,,,,,*/bʰˈerruke/,,,,,,,,,,,,,,,,,,,,,,,,,,,*/mˈelχwe/,,,,,,,,,,,,,,,,,,,,,,,,,,,,,,,,,,,,,,,,,,,,,,,,,,,,,,,,,,,,,,,,,,,,,,,,,,,,,,,,,,,,,,,,,,,,,,,,,,,,,,,,,,,,,,,,,,,,,,,,,,,,*/nˈɒːʃɑ/,,,,,,,,,,,,,,,,,,,,,
R79,,,,,,,,,,,,,,,,,,,,,,,,,,,,,,,,,,,,,,,,,,,,,,,,,,,,,,,,,,,,,,,,,,,,,,,,,,,,,,,,,,,,,,,,,,,,,,,,,,,,,,,,,,,,,,,,,,,,,,,,,,,,,,,,,,,,,,,,,,,,,,,,,,,,,,,,,,,,,,,,,,,,,,,,,,,,,,,,,,,,,,,,,,,,,,,,,,,,,,,,,,,,,,,,,,,,,,,,,,,,,,,,,,,,,,,,,,,,,,,,,,,,,,,,,,,,,,,,,,,,,,,,,,,,,,,,,,,,,,,,,,,,,,,,,,,,,,,,,,,,,,,,,,,,,,,,,,,,,,,,,,,,,,,,,,,,,,,,,,,,,,,,,,,,,,,,,,,,,,,,,,,,,,,,,,,,,,,,,,,,,,,,,,,,,,,,,,,,,,,,,,,,,,,,,,,,,,,,,,,,,,,,,,,,,,,,,,,,,,,,,
R80,,,,,,,,,,,,,,,,,,,,*/nnˈaːmːəˤ/,,,,,,,,,,,,,,*/ddʰˈaːmːiː/,,,,,,,,,,,,,,,,,,,,,,,,,,,,,,,,,,,,,,,,,,,,,,,,,,,,,,,,,,,,,,,,,,,,,,,,,,,,,,,,,,,,,,,,,,,,,,,,,,,,,,,,,,,,,,,,,,,,,,,,,*/t͡ʃᵝelɑʃt͡sˈaːmːəˤ/,,,,,,,,,,,,,,,,,,,,,,,,,,,,,,,,,,,,,,,,,,,,,,,,,,,,,,,,,,,,,,,,,,,,,,,,,,,,,,,,,,,,,,,,,,,,,,,,,,,,,,,,,,,,,,,,,,,,,,,,,,,,,,,,,,,,,,,,,,,,,,,,,,,,,,,,,,,,,,,,,,,,,,,,,,,,,,,,,,,,,,,,*/dˈaːmːəˤ/,*/dˈaːmːmjɑ/,,,,,,,,,,,,,,,,,,,,,,,,,,,,,,,,,,,,,,,,,,,,,,,,,,,,,,,,,,,,,,,,,,,,,,,,,,,,,,,,,,,,,,,,,,,,,,,,,,,,,
R81,,,,,,,,,,,,,,,,,,,,,,,,,,,,,,,,,,,,,,,,*/dˈeʎe/,,,,,,*/udʎˈem/,,,,,,,,,,,,,,,,,,*/xʎˈɑpɑ/,,,,,,,,,,,,,,,,,,,*/jed͡zʃ?1ˈeʎɑ/,,,,,,,,*/ɡʰʎˈɑbɑ/,,,,,,,,,,,,,,,,,*/χwˈeʎɑ/,*/χwˌɒːʎˈɑʃəˤ/,,*/xwˈeʎɑ/,,,,,,,,,,,,,,,,,,,,,,,,,,,,,,,,,,,,,,,,,,,,,,,,*/ˌɑnkᵝ̬ʎˈɑʃəˤ/,,,,,,,,,,,,,,,,,,,,,,,,,,,,,,,,,,,,,,,,,,,,,,,,,,,,,,,,,,,,,,,,,,,,,,,,,,,,,,,,,,,,,,*/ɑd͡zɸˈeʎɑ/,,*/bʰˈiːʎɑ/,,,,,,,,,,,,,,,,,,,,,*/bʰˈeʎɑ/,,,,,,,*/bʰʎˈɑdɑ/,,,,,,,,,,,,,,,,,,,,,,,,,,,,,,,,,,,,,,,,,,*/tʎˈɑwdɑ/,,,*/tʎˈɑmɑ/,,,,,*/tˌɒːʎˈɑʃəˤ/,,,,,,,,,,,,,,,,,,,,,,,,,,,,,,,,,,,,,,,,,,,,,,,,,,,,,,,,,,,,,,,,,,,,,,,,*/ʃtˈeʎɑ/,,,,,,,,,,,,,,,,,,,,,,,,,,,,,,,,,,,,,,,,,,,,
R82,,,,,,,,,,,,,,,,,,,,,,,,,,,,,,,,,,,,,,,,,,,,,,,,,,,,,,,,,,,,,,,,,,,,,,,,,,,,,,,,,,,,,,,,,,,,,,,,,,,,,,,,,,,,,,,,,,,,,,,,,,,,,,,,,,,,,,,,,,,,,,,,,,,,,,,,,,,,,,,,,,,,,,,,,,,,,,,,,,,,,,,,,*/winˈiːɑ/,,,,,,,,,,,,,,,,,,,,,,,,,,,,,,,,,,,,,,,,,,,,,,,,,,,,,,,,,,,,,,,,,,,,,,,,,,,,,,,,,,,,,,,,,,,,,,,,,,,,,,,,,,,,,,,,,,,,,,,,,,,,,,,,,,,,,,,,,,,,,,,,,,,,,,,,,,,,,,,,,,,,,,,,,,,,,,,,,,,,,,,,,,,,,,,,,,,,,,,,,,,,,,,,,,,,,,,,,,,,,,,,,,,,,,,,,,,,,,,,,,,,,,,,,,,,,,,,
R83,,,,,,,,,,,,,,,,,,,,,,,,,,,,,,,,,,,,,,,,,,,,,,,,,,,,,,,,,,,,,,,,,,,,,,,,,,,,,,,,,,,,,,,,,,,,,,,,,,,,,,,,,,,,,,,,,,,,,,,,,,,,,,,,,,,,,,,,,,,,,,,,,,,,,,,,,,,,,,,,,,,,,,,,,,,,,,,,,,,,,,,,,,,,,,,,,,,,,,,,,,,,,,,,,,,,,,,,,,,,,,,,,,,,,,,,,,,,,,,,,,,,,,,,,,,,,,,,,,,,,*/bʰwˈɒːtɑ/,,,,,,,,,,,,,,,,,,,,,,,,,,,,,,,,,,,,,,,,,,,,*/twe/,,,,,,,,,,,,,,,,,,,,,,,,,,,,,,,,,,,,,,,,,,,,,,,,,,,,,,,,,,,,,,,,,,,,,,,,,,,,,,,,,,,,,,,,,,,,,,,,,,,,,,,,,,,,,,,,,,,,,,,,,,,,,,,,,,,,,,,,
R84,,,,,,,,,,,,,,,*/kʎˈɒːnjɑ/,,,,,,,,,,,,,,,,,,,,,,,,,,,,,,,,,,,,,,,,,,,,,,,,,,,,,,,,,,,,,,,,,,,,,,,,,,,,,,,,,,,,,,,,,,,,,,,,,,,,,,,,,,,,,,,,,,,,,,,,,,,,,,,,,,,,,,,,,,,,,,,,,,,,,,,,,,,,,,,,,,,,,,,,,,,,,,,,,,,,*/wɑʎˈɑʃəˤ/,,,,,,,,,,,,,,,,,,,,,,,,,,,,,,,,,,,,,,,,,,,,,,,,,,,,,,,,,,,,,,,,,,,,,,,,,,,,,,,,,,,,,,,,,,,,,,,,,,,,,,,,,,,,,,,,,,,,,,,,,,,,,,,,,,,,,,,,,,,,,,,,,,,,,,,*/dʰˈiːʎɑ/,,,,,,,,,,,,,,,,,,,,,,,,,,,,,,,,,,,,,,,,,,,,,,,,,,,,,,,,,,,,,,,,,,,,,,,,,,,*/ɑntbʰiːʎˈɑd͡zɑ/,,,,,,,,,,,,,,*/ʎˈɑɑ/,,*/ʎˈɑwxʷməˤ/,,,,
R85,,,,,,,,,,,,,,,,,,,,,,,,,,,,,,,,,,,,,,,,,,,,,,,,,,,,,,,,,,,,,,,,,,,,,,,,,,,,,,,,,,,,,,,,,,,,,,,,,,,,,,,,,,,,,,,,,,,,,,,,,,,,,,,,,,,,,,,,,,,,,,,,,,,,,,,,,,,,,,,,,,,,,,,,,,,,,,,,,,,,,,,,,,,,,,,,,,,,,,,,,,,,,,,,,,,,,,,,,,,,,,,,,,,,,,,,,,,,,,,,,,,,,,,,,,,,,,,,,,,,,,,,,,,,,,,,,,,,,,,,,,,,,,,,,,,,,,,,,,,,,,,,,,,,,,,,,,,,,,,,,,,,,,,,,,,,,,,,,,,,,,,,,,,,,,,,,,,,,,,,,,,,,,,,,,,,,,,,,,,,,,,,,,,,,,,,,,,,,,,,,,,,,,,,,,,,,,,,,,,,,,,,,,,,,,,,,,,,,,,,,
R86,,,,,,,,,,,,,,,,,,,,,,,,,,,,,,,,,,,,,,,,,,,,,,,,,,,,,,,,,,,,,,,,,,,,,,,,,,,,,,,,,,,,,,,,,,,,,,,,,,,,,,,,,,,,,,,,,,,,,,,,,,,,,,,,,,,,,,,,,,,,,,,,,,,,,,,,,,,,,,,,,,,,,,,,,,,,,,,,,,,,,,,,,,,,,,,,,,,,,,,,,,,,,,,,,,,,,,,,,,,,,,,,,,,,,,,,,,,,,,,,,,,,,,,,,,,,,,,,,,,,,,,,,,,,,,,,,,,,,,,,,,,,,,,,,,,,,,,,,,,,,,,,,,,,,,,,,,,,,,,,,,,,,,,,,,,,,,,,,,,,,,,,,,,,,,,,,,,,,,,,,,,,,,,,,,,,,,,,,,,,,,,,,,,,,,,,,,,,,,,,,,,,,,,,,,,,,,,,,,,,,,,,,,,,,,,,,,,,,,,,,
R87,,,,,,,,,,,,,,,,,,,,,,,,,,,,,,,,,,,,,,,,,,,,,,,,,,,,,,,,,,,,,,,,,,,,,,,,,,,,,,,,,,,,,,,,,,,,,,,,,,,,,,,,,,,,,,,,,,,,,,,,,,,,,,,,,,,,,,,,,,,,,,,,,,,,,,,,,,,,,,,,,,,,,,,,,,,,,,,,,,,,,,,,,,,,,,,,,,,,,,,,,,,,,,,,,,,,,,,,,,,,,,,,,,,,,,,,,,,,,,,,,,,,,,,,,,,,,,,,,,,,,,,,,,,,,,,,,,,,,,,,,,,,,,,,,,,,,,,,,,,,,,,,,,,,,,,,,,,,,,,,,,,,,,,,,,,,,,,,,,,,,,,,,,,,,,,,,,,,,,,,,,,,,,,,,,,,,,,,,,,,,,,,,,,,,,,,,,,,,,,,,,,,,,,,,,,,,,,,,,,,,,,,,,,,,,,,,,,,,,,,,
R88,,,,,,,,,,,,,,,,,,,,,,,,,,,,,,,,,,,,,,,,,,,,,,,,,,,,,,,,,,,,,,,,,,,,,,,,,,,,,,,,,,,,,,,,,,,,,,,,,,,,,,,,,,,,,,,,,,,,,,,,,,,,,,,,,,,,,,,,,,,,,,,,,,,,,,,,,,,,,,,,,,,,,,,,,,,,,,,,,,,,,,,,,,,,,,,,,,,,,,,,,,,,,,,,,,,,,,,,,,,,,,,,,,,,,,,,,,,,,,,,,,,,,,,,,,,,,,,,,,,,,,,,,,,,,,,,,,,,,,,,,,,,,,,,,,,,,,,,,,,,,,,,,,,,,,,,,,,,,,,,,,,,,,,,,,,,,,,,,,,,,,,,,,,,,,,,,,,,,,,,,,,,,,,,,,,,,,,,,,,,,,,,,,,,,,,,,,,,,,,,,,,,,,,,,,,,,,,,,,,,,,,,,,,,,,,,,,,,,,,,,
R89,,,,,,,,,,,,,,,,,,,,,,,,,,,,,,,,,,,,,,,,,,,,,,,,,,,,,,,,,,,,,,,,,,,,,,,,,,,,,,,,,,,,,,,,,,,,,,,,,,,,,,,,,,,,,,,,,,,,,,,,,,,,,,,,,,,,,,,,,,,,,,,,,,,,,,,,,,,,,,,,,,,,,,,,,,,,,,,,,,,,,,,,,,,,,,,,,,,,,,,,,,,,,,,,,,,,,,,,,,,,,,,,,,,,,,,,,,,,,,,,,,,,,,,,,,,,,,,,,,,,,,,,,,,,,,,,,,,,,,,,,,,,,,,,,,,,,,,,,,,,,,,,,,,,,,,,,,,,,,,,,,,,,,,,,,,,,,,,,,,,,,,,,,,,,,,,,,,,,,,,,,,,,,,,,,,,,,,,,,,,,,,,,,,,,,,,,,,,,,,,,,,,,,,,,,,,,,,,,,,,,,,,,,,,,,,,,,,,,,,,,
R90,,,,,,,,,,,,,,,,,,,,,,,,,,,,,,,,,,,,,,,,,,,,,,,,,,,,,,,,,,,,,,,,,,,,,,,,,,,,,,,,,,,,,,,,,,,,,,,,,,,,,,,,,,,,,,,,,,,,,,,,,,,,,,,,,,,,,,,,,,,,,,,,,,,,,,,,,,,,,,,,,,,,,,,,,,,,,,,,,,,,,,,,,,,,,,,,,,,,,,,,,,,,,,,,,,,,,,,,,,,,,,,,,,,,,,,,,,,,,,,,,,,,,,,,,,,,,,,,,,,,,,,,,,,,,,,,,,,,,,,,,,,,,,,,,,,,,,,,,,,,,,,,,,,,,,,,,,,,,,,,,,,,,,,,,,,,,,,,,,,,,,,,,,,,,,,,,,,,,,,,,,,,,,,,,,,,,,,,,,,,,,,,,,,,,,,,,,,,,,,,,,,,,,,,,,,,,,,,,,,,,,,,,,,,,,,,,,,,,,,,,
R91,,,,,,,,,,,,,,,,,,,,,,,,,,,,,,,,,,,,,,,,,,,,,,,,,,,,,,,,,,,,,,,,,,,,,,,,,,,,,,,,,,,,,,,,,,,,,,,,,,,,,,,,,,,,,,,,,,,,,,,,,,,,,,,,,,,,,,,,,,,,,,,,,,,,,,,,,,,,,,,,,,,,,,,,,,,,,,,,,,,,,,,,,,,,,,,,,,,,,,,,,,,,,,,,,,,,,,,,,,,,,,,,,,,,,,,,,,,,,,,,,,,,,,,,,,,,,,,,,,,,,,,,,,,,,,,,,,,,,,,,,,,,,,,,,,,,,,,,,,,,,,,,,,,,,,,,,,,,,,,,,,,,,,,,,,,,,,,,,,,,,,,,,,,,,,,,,,,,,,,,,,,,,,,,,,,,,,,,,,,,,,,,,,,,,,,,,,,,,,,,,,,,,,,,,,,,,,,,,,,,,,,,,,,,,,,,,,,,,,,,,
R92,,,,,,,,,,,,,,,,,,,,,,,,,,,,,,,,,,,,,,,,,,,,,,,,,,,,,,,,,,,,,,,,,,,,,,,,,,,,,,,,,,,,,,,,,,,,,,,,,,,,,,,,,,,,,,,,,,,,,,,,,,,,,,,,,,,,,,,,,,,,,,,,,,,,,,,,,,,,,,,,,,,,,,,,,,,,,,,,,,,,,,,,,,,,,,,,,,,,,,,,,,,,,,,,,,,,,,,,,,,,,,,,,,,,,,,,,,,,,,,,,,,,,,,,,,,,,,,,,,,,,,,,,,,,,,,,,,,,,,,,,,,,,,,,,,,,,,,,,,,,,,,,,,,,,,,,,,,,,,,,,,,,,,,,,,,,,,,,,,,,,,,,,,,,,,,,,,,,,,,,,,,,,,,,,,,,,,,,,,,,,,,,,,,,,,,,,,,,,,,,,,,,,,,,,,,,,,,,,,,,,,,,,,,,,,,,,,,,,,,,,
R93,,,,,,,,,,,,,,,,,,,,,,,,,,,,,,,,,,,,,,,,,,,,,,,,,,,,,,,,,,,,,,,,,,,,,,,,,,,,,,,,,,,,,,,,,,,,,,,,,,,,,,,,,,,,,,,,,,,,,,,,,,,,,,,,,,,,,,,,,,,,,,,,,,,,,,,,,,,,,,,,,,,,,,,,,,,,,,,,,,,,,,,,,,,,,,,,,,,,,,,,,,,,,,,,,,,,,,,,,,,,,,,,,,,,,,,,,,,,,,,,,,,,,,,,,,,,,,,,,,,,,,,,,,,,,,,,,,,,,,,,,,,,,,,,,,,,,,,,,,,,,,,,,,,,,,,,,,,,,,,,,,,,,,,,,,,,,,,,,,,,,,,,,,,,,,,,,,,,,,,,,,,,,,,,,,,,,,,,,,,,,,,,,,,,,,,,,,,,,,,,,,,,,,,,,,,,,,,,,,,,,,,,,,,,,,,,,,,,,,,,,
R94,,,,,,,,,,,,,,,,,,,,,,,,,,,,,,,,,,,,,,,,,,,,,,,,,,,,,,,,,,,,,,,,,,,,,,,,,,,,,,,,,,,,,,,,,,,,,,,,,,,,,,,,,,,,,,,,,,,,,,,,,,,,,,,,,,,,,,,,,,,,,,,,,,,,,,,,,,,,,,,,,,,,,,,,,,,,,,,,,,,,,,,,,,,,,,,,,,,,,,,,,,,,,,,,,,,,,,,,,,,,,,,,,,,,,,,,,,,,,,,,,,,,,,,,,,,,,,,,,,,,,,,,,,,,,,,,,,,,,,,,,,,,,,,,,,,,,,,,,,,,,,,,,,,,,,,,,,,,,,,,,,,,,,,,,,,,,,,,,,,,,,,,,,,,,,,,,,,,,,,,,,,,,,,,,,,,,,,,,,,,,,,,,,,,,,,,,,,,,,,,,,,,,,,,,,,,,,,,,,,,,,,,,,,,,,,,,,,,,,,,,
R95,,,,,,*/t͡ʃˈɑrˈɑbʰəˤtəˤ/,,,,,,,,,,,*/d͡ʒˈɑmˈɑtɑrɑ/,,,,,,,,,,,,,,,,,,,,,,,,,,,,,,,,,,,,,,,,,,,,,,,,,,,,,,,,,,,*/kˈelɑbʰˈeʃ/,,,,,,,,,,,,,,,,,,,,,,,,,,,,,,,,,,,,,,,,,,,,,,,*/ˈɑnɑtˈɑː/,,,,,,,,,,,,,,,,,,,,,,,,,,,,,,,,,,,,,,,,,,,,,,,,,,,,,,,,,,,,,,,,,,,,,,,,,,,,,,,,,,,,,,,,,,,,,,,,,,,,,,,,,,,,,,,,*/plˈewʃəte/,,,,,,,,,,,,,,,,,,,,,,,,,,,,*/ɑnbˈunˈɘʃəti/,,,,,,,,,,,,,,,,,,,,,,,,,,,,,,,,,,,,,,,,,,,,,,,,,,,,,,,,*/ˈɑd͡zʃtrudɑ/,,,,,,,,,*/jˈɘdɑnˈəˤ/,*/jˈɘdəʒˈəˤ/,*/jˈɘdɑtˈɑː/,,,,,,,,,,,,,,,,,,,,,,,,,,,,,,,,,,,,,,,,,,,,,,,,*/ʒˈet͡ʃɐtˈeʃ/,,,,,*/ʒˈuːmɑt͡ʃˈɑː/,,,,,,,,,,,,,,,,,,,,,,,,,,,,,,,,,,,,,,,,,,,,,,,,,,,*/lˈewɡətˈɑː/,,,,,,,
R96,,,*/t͡sˈeʃtrˈem/,,,,,,,,,,,,,,,,,,,,,*/nnˈɑʃt͡sˈɑː/,,*/ɡrˈunˈɑː/,*/ɡrˈunjˈɑː/,,,,*/dˈuːlˈeʃ/,,*/d͡ʒˈɑd͡zˈɑːʃ/,,,,,,,,*/dˈert͡sˈeʃ/,*/drˈɘdʰˈɑː/,,*/jˈed͡zʃtˈeʃ/,,*/ˈudʎˈem/,,,,,,,,,,,,,,,,,,,,*/ˈurd͡zˈɑː/,,*/nnˈewnnˈem/,,*/jˈewnnˈem/,,,*/kˈɑpˈɑː/,,*/kʃˈɑlnˈeʃ/,*/kˈelˈɑbʰˈeʃ/,,,,,,,,,,,,,,*/ɡʰlˈɑt͡ʃˈɑː/,,,,,,,,,,,*/ˈuːmjˈɑː/,,,,,,,,,,,,,,,,,,,,,*/ˈɑnjˈɑː/,*/ˈɑnˈɑtˈɑː/,,,,,,,,,,*/ˈɑˈi/,,,*/ˈɒːʊ̯lˈəˤ/,,,,,,,,,,,,,,,,,,,,,,,,,,,,,*/kᵝ̬ˈɒːrxʷmˈɑː/,*/?0ˈermˈeʃ/,*/?0ˈernˈeʃ/,,,,,,,*/jˈedrˈɑː/,,,,,,,,,,,,,,,,,,,,,,,,,,,,,,,,*/ˈurtˈəˤ/,,,,,,,*/pˈɑtˈəˤ/,*/pˈɑʃʒˈəˤ/,*/pˈɑt͡sˈeʃ/,,,,*/pjˈɑkᵝˈəˤ/,,,,,,,*/plˈɑtˈeʃ/,,,,,,,,*/jed͡zɸˈɑlˈɑː/,,,,,,,,,,,,,,,,,,,,,,,,,,,,*/bʰˈutˈəˤ/,,*/bʰˈelnnˈɑː/,,,*/bʰrˈɑd͡zˈiː/,,,,,,,,,,*/bʰlˈɒːɡrˈɑː/,,,,*/mˈɑt͡ʃˈɑː/,,*/mˈɑt͡ʃˈəˤ/,,,,,,,*/mˈɑd͡ʒˈɑː/,*/mˈemʒˈem/,,*/mˈɑtˈeʃ/,*/mˈɑtˈi/,,,*/mbəlˌɑχwˈɘnjˈɑː/,,,,,,*/jentˈɑkᵝwˈiːt/,,,,*/pertˈɑpjˈɑː/,,,,,,,,,,,,,,,,,,,,,*/jˈɘdˈɑnˈəˤ/,*/jˈɘdˈɘʒˈəˤ/,*/jˈɘdˈɑtˈɑː/,,,*/drˈɘtˈɑː/,,,,,,,,,,,,,,,,,,,,,,,,,,,,,,,,,,,*/?1ˈelˈɑː/,,,,,,*/ʃˈet͡ʃᵝˈeʃ/,*/ʃˈekᵝˈɑː/,*/ʃet͡ʃᵝˈemtˈem/,,*/ʒˈet͡ʃˈɑtˈeʃ/,*/ɸˈerˈɑː/,*/ɸˈerˈɑːm/,*/ɸˈerˈɑːʃ/,,*/ʒˈuːmˈɑt͡ʃˈɑː/,,,,,*/ʃtˈɑʊ̯nˈəˤ/,,,,,,,,,,,,,,,,*/rˈumˈi/,,,,,*/ʃˈermˈɑː/,,,,,,,,,,,,,,,,,,,,,,,*/lˈuɡˈeʃ/,*/lˈuɡˈɑː/,*/lˈewɡˈɘtˈɑː/,,,,,,,*/rˈud͡zˈɑː/
R97,,,,,,,,,,,,,,,,,,,,,,,,,,,,,,,,,,,,,,,,,,,,,,,,,,,,,,,,,,,,,,,,,,,,,,,,,,,,,,,,,,,,,,,,,,,,,,,,,,,,,,,,,,,,,,,,,,,,,,,,,,,,,,,,,,,,,,,,,,,,,,,,,,,,,,,,,,,,,,,,,,,,,,,,,,,,,,,,,,,,,,,,,,,,,,,,,,,,,,,,,,,,,,,,,,,,,,,,,,,,,,,,,,,,,,,,,,,,,,,,,,,,,,,,,,,,,,,,,,,,,,,,,,,,,,,,,,,,,,,,,,,,,,,,,,,,,,,,,,,,,,,,,,,,,,,,,,,,,,,,,,,,,,,,,,,,,,,,,,,,,,,,,,,,,,,,,,,,,,,,,,,,,,,,,,,,,,,,,,,,,,,,,,,,,,,,,,,,,,,,,,,,,,,,,,,,,,,,,,,,,,,,,,,,,,,,,,,,,,,,,
R98,,,,,,,,,,,,,,,,,,,,,,,,,,,,,,,,,,,,,,,,,,,,,,,,,,,,,,,,,,,,,,,,,,,,,,,,,,,,,,,,,,,,,,,,,,,,,,,,,,,,,,,,,,,,,,,,,,,,,,,,,,,,,,,,,,,,,,,,,,,,,,,,,,,,,,,,,,,,,,,,,,,,,,,,,,,,,,,,,,,,,,,,,,,,,,,,,,,,,,,,,,,,,,,,,,,,,,,,,,,,,,,,,,,,,,,,,,,,,,,,,,,,,,,,,,,,,,,,,,,,,,,,,,,,,,,,,,,,,,,,,,,,,,,,,,,,,,,,,,,,,,,,,,,,,,,,,,,,,,,,,,,,,,,,,,,,,,,,,,,,,,,,,,,,,,,,,,,,,,,,,,,,,,,,,,,,,,,,,,,,,,,,,,,,,,,,,,,,,,,,,,,,,,,,,,,,,,,,,,,,,,,,,,,,,,,,,,,,,,,,,
R99,,,,,,,,,,,,,,,,,,,,,,,,,,,,,,,,,,,,,,,,,,,,,,,,,,,,,,,,,,,,,,,,,,,,,,,,,,,,,,,,,,,,,,,,,,,,,,,,,,,,,,,,,,,,,,,,,,,,,,,,,,,,,,,,,,,,,,,,,,,,,,,,,,,,,,,,,,,,,,,,,,,,,,,,,,,,,,,,,,,,,,,,,,,,,,,,,,,,,,,,,,,,,,,,,,,,,,,,,,,,,,,,,,,,,,,,,,,,,,,,,,,,,,,,,,,,,,,,,,,,,,,,,,,,,,,,,,,,,,,,,,,,,,,,,,,,,,,,,,,,,,,,,,,,,,,,,,,,,,,,,,,,,,,,,,,,,,,,,,,,,,,,,,,,,,,,,,,,,,,,,,,,,,,,,,,,,,,,,,,,,,,,,,,,,,,,,,,,,,,,,,,,,,,,,,,,,,,,,,,,,,,,,,,,,,,,,,,,,,,,,
R100,,,,,,,,,,,,,,,,,,,,,,,,,,,,,,,,,,,,,,,,,,,,,,,,,,,,,,,,,,,,,,,,,,,,,,,,,,,,,,,,,,,,,,,,,,,,,,,,,,,,,,,,,,,,,,,,,,,,,,,,,,,,,,,,,,,,,,,,,,,,,,,,,,,,,,,,,,,,,,,,,,,,,,,,,,,,,,,,,,,,,,,,,,,,,,,,,,,,,,,,,,,,,,,,,,,,,,,,,,,,,,,,,,,,,,,,,,,,,,,,,,,,,,,,,,,,,,,,,,,,,,,,,,,,,,,,,,,,,,,,,,,,,,,,,,,,,,,,,,,,,,,,,,,,,,,,,,,,,,,,,,,,,,,,,,,,,,,,,,,,,,,,,,,,,,,,,,,,,,,,,,,,,,,,,,,,,,,,,,,,,,,,,,,,,,,,,,,,,,,,,,,,,,,,,,,,,,,,,,,,,,,,,,,,,,,,,,,,,,,,,
R101,,,,,,,,,,,,,,,,,,,,,,,,,,,,,,,,,,,,,,,,,,,,,,,,,,,,,,,,,,,,,,,,,,,,,,,,,,,,,,,,,,,,,,,,,,,,,,,,,,,,,,,,,,,,,,,,,,,,,,,,,,,,,,,,,,,,,,,,,,,,,,,,,,,,,,,,,,,,,,,,,,,,,,,,,,,,,,,,,,,,,,,,,,,,,,,,,,,,,,,,,,,,,,,,,,,,,,,,,,,,,,,,,,,,,,,,,,,,,,,,,,,,,,,,,,,,,,,,,,,,,,,,,,,,,,,,,,,,,,,,,,,,,,,,,,,,,,,,,,,,,,,,,,,,,,,,,,,,,,,,,,,,,,,,,,,,,,,,,,,,,,,,,,,,,,,,,,,,,,,,,,,,,,,,,,,,,,,,,,,,,,,,,,,,,,,,,,,,,,,,,,,,,,,,,,,,,,,,,,,,,,,,,,,,,,,,,,,,,,,,,
R102,,,*/t͡sˈɛʃtrˈɛm/,*/t͡sxʷmˈɛdʃ/,*/t͡ʃˈɑrɑbʰɛ/,,,*/t͡sˈɛrxmɛ/,*/t͡ʃˈɑrɑkɛ/,*/t͡sˈɛiːləˤ/,,*/t͡sˈʊkɑ/,*/t͡sˈʊpɛ/,*/tɛt͡sˈʊpɛ/,,*/klɛwnjɑ/,,,*/d͡zˈɛmbʰɛ/,,,*/d͡zəˤxʷʃt͡sˈɛtɪ/,*/d͡zəˤxʷʃt͡sˈɛʃɪ/,,*/nnˈʊnɛ/,*/ɡrˈʊnˈɑː/,*/ɡrˈʊnjˈɑː/,*/diːmˈɛnɛ/,*/dwˈɛnɛ/,*/dwˈɒːɡɛ/,*/dˈuːlˈɛʃ/,,,,*/dd͡ʒˈɛʃ/,*/dˈɛʃɪ/,*/dˈɛdət͡ʃɑ/,,*/dˈɒːrɛ/,*/dˈɛʎɛ/,*/dˈɛrt͡sˈɛʃ/,,*/jˈɛd͡zʃ/,*/jˈɛd͡zʃtˈɛʃ/,,*/ˈʊdʎˈɛm/,,*/xwəʒˈiːɛtɪ/,*/jˈɛmɛ/,*/xmɛ/,,,*/jˈɛtərɛ/,*/jˈɛt͡ʃɑ/,*/jˈɛtəʃɪ/,*/jˈɛtətɪ/,*/jˈɛʃɪ/,*/jˈɛʃtɪ/,*/jˌɛʃˈɛnnɛ/,*/jədˈʊnɑ/,,*/jˈɛrd͡zətɪ/,*/xrˈɛmɛ/,,*/jˌɛrd͡zˈɪɑ/,*/ˈʊrd͡zˈɑː/,*/xrˈɛnnʊ/,*/nnˈɛwnnˈɛm/,,*/jˈɛwnnˈɛm/,*/jˈɛmɛ/,,,*/kʒˈɒːnjɛ/,*/kʃˈɑlnˈɛʃ/,*/kˈɛlˈɑbʰˈɛʃ/,,*/?1ˈɒːlɛ/,,*/?1ˈɛləmɛ/,,,*/jɛd͡zʃ?1ˈɛʎɑ/,,*/krˈɛpiː/,*/jɛd͡z?1rˈɛpiː/,*/krˈɛpʃɑ/,*/ɡwˈɛdɛ/,*/ɡwˈɛdiː/,,,*/jɛnɡʰrˌɛdʰˈiːʃt͡sɑ/,*/ɡʰˈɛrdʰɛ/,,,*/jˈɛt͡sʊ/,,*/ˈiːʊt͡ʃᵝiː/,*/ˈɑjd͡zɛ/,*/ˌɑjd͡zˈɪɑ/,,,,,,*/ˈɑʊ̯ɡɛ/,*/χwɛlkˈiːɑ/,*/χwˈɛʎɑ/,,,*/xwˈɛʎɑ/,*/χpˈɛ/,,*/pɛrˈɑpɑ/,,,,,*/ˈɑt͡ʃənɛ/,,,,,,*/ˈɑndʰɛ/,,*/nnˈɛr/,,*/χlˈiːdɛ/,*/χrˈɛtət͡sɛ/,*/ˈɑrtt͡sɛ/,*/ˈɑjdʰɛ/,*/ˈɑˈɪ/,*/ˈʊtɛ/,*/ˈɒːʊ̯lɛ/,,*/jˈɛrd͡ziː/,,*/mɑˈɑrnəʃɪ/,*/mɑˈɑrnətɪ/,,,,,,,*/t͡ʃᵝˈɛm/,*/t͡ʃᵝˈɛʃjɛ/,*/t͡ʃᵝˈɛʃt͡sɛ/,,*/kᵝˈʊr/,,*/t͡ʃᵝˈɛlɛ/,*/t͡ʃᵝˌɛlˈiːɛtɪ/,*/t͡ʃᵝɛlɑʃt͡sˈaːmːəˤ/,,,*/kᵝ̬ˈɑrrɛ/,,,*/ɑnkᵝ̬rˈɛʃiː/,*/ˈɑnkᵝ̬rxʷmɛ/,*/ˌɑnkᵝ̬rˈʊnɑ/,,,*/?0ˈɛrmˈɛʃ/,*/?0ˈɛrnˈɛʃ/,*/?0ˈɛrnjɑ/,,,,,,*/jˈɛdrˈɑː/,*/jˈɛ?1ɛ/,*/jˈɛʃtənɑ/,*/xʷlˈɛɡɛ/,*/jˈɛrd͡ʒɛ/,*/xʷrˈɛwkt͡sɛ/,,*/wˈɛd͡zəʃɪ/,*/wˈɛd͡zətɪ/,*/xwˌɛd͡zˈɛnniː/,,*/wɪnˈiːɑ/,*/wˈɛmjɑ/,*/wˈɛtəʃɪ/,*/wˌɛtˈɛʃʃɪ/,*/wˈɛtwɛʃt͡sɛ/,*/wˈɛtɛ/,*/ʊnt͡ʃˈɑt͡ʃəˤ/,,*/wˈɛlətɪ/,,,,*/diːʃɛntɛrwjˈɑlɑ/,*/ˈʊlt͡ʃᵝɛ/,,,*/wˈɛrrənɑ/,*/wrˈʊnjɑ/,,,*/wˈʊrwɑ/,*/ˈʊrtˈəˤ/,*/wˈɛrrənɑ/,*/ˈʊrnɑ/,*/pˈɪɑ/,*/pˈɪɛtɪ/,*/pˈɛtʃjɑ/,*/pˈɛdɛ/,,,*/pˈɑt͡sˈɛʃ/,,,,,*/pˈʊt͡sɑ/,*/pˈʊnnɑ/,*/pˌɛt͡ʃˈɑʃəˤ/,*/pˈɛdʃɪ/,*/pˈɛʃtt͡ʃᵝɛ/,,*/plˈɑtˈɛʃ/,,,*/ɑnplˈɒːnətɪ/,*/pˈɛlxmɛ/,,,*/plˈɑkɛ/,*/jɛd͡zɸˈɑlˈɑː/,*/plˈɛwʃətɛ/,,,*/pɛr/,*/pɛrɪ/,*/ɸˈɛrrɛ/,,*/pˈɛrdətɪ/,,,*/ɑd͡zɸˈɛʎɑ/,*/bʰiːnˈɛtɪ/,,*/bʰˈiːrrɛ/,*/bʰχlˈɛm/,*/bʰnnˈɛ/,*/bʰnnjˈɛtɪ/,*/bʰnnjˈɛʃɪ/,,,,,,*/bʰiːnədʰˈɛt͡ʃiː/,,*/bʰˈɛwnnnɛ/,,*/bʰˈʊtˈəˤ/,*/ɑnbˈʊnˈɘʃətɪ/,*/bʰˈɛlnnˈɑː/,,,,*/bʰˈɛʎɑ/,*/bʰˈɛrrʊkɛ/,,*/bʰˈɛrrɛ/,*/bʰˈɒːrrɛ/,,*/bʰɛrˈiːməˤ/,,,,,*/mˈɒːt͡ʃᵝɛ/,,,*/mɑtˈɛtɪ/,,,*/mˌɒːtˈɛʃʃɑ/,*/mˈɒːnʃjɛ/,,,,,*/mˈɛmʒˈɛm/,*/mˈɛtχ/,*/mˈɑtˈɛʃ/,*/mˈɑtˈɪ/,*/mˈɛlətəˤ/,*/mˈɛlχwɛ/,,*/mˈɛlxʷmʊ/,,*/jɛnt͡ʃˈɑkᵝɑ/,*/jɛntˈɛkᵝwɛ/,*/jɛntɑkᵝwiːjˈɑʃəˤ/,*/jɛntˈɑkᵝwˈiːt/,*/tˈʊj/,*/twɛ/,,*/pɛrtˈɑpjˈɑː/,*/ɑd͡zʃtɐpjˈɛtɪ/,*/tˈɑʊ̯rɛ/,,*/tˈʊlnɛ/,*/jɛntˈɛnjɑ/,,*/trˈiːɛ/,,,,*/ɑntrˈʊdɑ/,*/ˈɑd͡zʃtrʊdɑ/,,*/trˈiːmɛ/,*/tˈɛrʃjɑ/,,,,,,,,,,*/dwˈiːɛwʃ/,,,,,*/drˈʊnɛ/,*/drˈuːnɛ/,,,*/dˈɛmiː/,,,*/ɑnnˈɛt͡sʃʊ/,,,,,,,*/dʰɛ?0iːntɑ/,*/ɑnnˈɛ?0jɑ/,*/ɑnnˈɛ?0jɛtɪ/,*/dʰˈɛwnjɑ/,,,,,*/ʃt͡sˈiːrɪ/,*/ʃɪ/,,,,,*/?1ɛwdˈɛtɪ/,,,*/?1ˈɛlˈɑː/,*/?1ˈɛləmɛ/,,*/dˌiːdˈɛrt͡ʃɑ/,*/t͡sˈuːʃjɛ/,,*/ʃˈɛt͡ʃᵝˈɛʃ/,*/ʃˈɛkᵝˈɑː/,*/ʃɛt͡ʃᵝˈɛmtˈɛm/,*/ʒˈʊmɛ/,*/ʒˈɛt͡ʃˈɑtˈɛʃ/,*/ɸˈɛrˈɑː/,*/ɸˈɛrˈɑːm/,*/ɸˈɛrˈɑːʃ/,,,*/ʃtˈiːɡʰɛ/,,,,,,,,,,*/ʃtˈɛlbʰɛ/,,*/pɛriːʃtˈɒːlɛ/,*/ʃtˈɛʎɑ/,,*/ʃtˈɛriː/,,,*/pˈiːdɛ/,,*/rˈʊmˈɪ/,*/ʒˈɛrpənɛ/,*/r̩pˈɛnjjɛ/,*/ʒˈɛrbʰjɑ/,*/ʃɛrbʰˈiːɛtɪ/,*/ʃˈɛrmˈɑː/,,*/ʒˈɛlχwɛ/,*/nˈɒːt͡ʃᵝɛ/,,*/nˈɛtiː/,,,,*/nˈɛʃ/,*/nˈɒːʃʃɪ/,,,*/lˈɒːt͡ʃɛ/,,,,,,*/xʷlˈɛɡɛ/,*/lˈɛɡʰɛ/,*/lɑʃt͡sˈɛtɪ/,*/lˈʊməˤ/,*/lˈʊɡˈɛʃ/,*/lˈʊɡˈɑː/,*/lˈɛwɡˈɘtˈɑː/,,*/lˈɛwxʷmjɑ/,,*/lˈʊmɛ/,*/lˈɛwdʰrɛ/,*/lʊdˈiːt͡ʃɑ/,*/rˈʊd͡zˈɑː/
R103,*/t͡sˈinjɑ/,,,,,,,,,*/t͡sˈɛiləˤ/,,,,,,,,,,,*/d͡ʒˈɑnɑti/,,,,,,,*/dimˈɛnɛ/,,,,,,*/ddʰˈaːmːi/,,,,,,,,,,,,,*/xwəʒˈiɑ/,*/xwəʒˈiɛtɪ/,,,,,,,,,,,,,,,,,,,,,,,,,,,,,,,*/?1ˈɒːliʃtɑ/,,*/diʃ?1jˈɑləˤ/,*/diʃ?1jˈɑlnəˤ/,,,*/krˈɛpi/,*/jɛd͡z?1rˈɛpi/,,,*/ɡwˈɛdi/,,,*/jɛnɡʰrˌɛdʰˈiʃt͡sɑ/,,,,,,*/ˈiʊt͡ʃᵝi/,,,,,,*/xwid͡ʒˈɑɑ/,*/ˈɑi/,,*/χwɛlkˈiɑ/,,,,,,,,,,,,,,,,,,,*/ˈɑndʰi/,,*/ˈɑlbʰi/,*/χlˈidɛ/,,,,,,,,*/jˈɛrd͡zi/,,,,*/mˈɒːrri/,*/t͡ʃᵝˈilɑ/,,*/t͡ʃᵝˈiʃ/,*/t͡ʃᵝˈi/,,,,,,,,,*/t͡ʃᵝˌɛlˈiɛtɪ/,,,*/kᵝrˈimi/,,,,*/ɑnkᵝ̬rˈɛʃi/,,,,,,,,,*/xʷt͡ʃᵝˈi/,,,,,,,,,,,,,*/xwˌɛd͡zˈɛnni/,,*/wɪnˈiɑ/,,,,,,,,,,,*/did͡ʒˈɑləˤtəˤ/,*/diʃɛntɛrwjˈɑlɑ/,,,,,,*/wrˈɑnni/,,,,,,,,,,,,,,,,,,,,,,,,,,,,,,,,,,,,,,,,,,,*/bʰinˈɛtɪ/,*/bʰˈiʎɑ/,*/bʰˈirrɛ/,,,,,,,,,*/bʰinjˈɑdʰɑ/,*/bʰinədʰˈɛt͡ʃi/,*/bʰˈidʰɑ/,,,,,,,,*/bʰrˈɑd͡zˈi/,,,,,,*/bʰˈirrɑ/,*/bʰɛrˈiməˤ/,,,,,,,,,,*/mˈɒːti/,,,*/mˈirrəˤ/,,,,,,,,,,,,,,,*/jɛntɑkᵝwijˈɑʃəˤ/,*/jɛntˈɑkᵝwˈit/,,,,,,,*/tˈɑʊ̯ri/,,,,*/trˈiɛ/,*/trˈi/,*/trˈiɡʰɑ/,,,,,*/trˈimɛ/,,,,,,,,,,*/dwˈiɡʰɑ/,*/dwˈiɛwʃ/,,,,*/dˌɒːrɑɡʰijˈɑʃəˤ/,,,,,*/dˈɛmi/,,,,,*/dʰˈiʎɑ/,,,*/dʰit͡ʃˈɑʃəˤ/,,*/dʰɛ?0intɑ/,,,,,*/dʰwˈɒːri/,,,*/ʃt͡sˈirɪ/,,*/ʃi/,,,,,,,,,,*/dˌidˈɛrt͡ʃɑ/,,,,,,,,,,,,,*/ʃtˈiɡʰɛ/,,,,,,,,,,,,*/pɛriʃtˈɒːlɛ/,,,*/ʃtˈɛri/,,*/ʃtrˈinjɑ/,*/pˈidɛ/,,,,,,*/ʃɛrbʰˈiɛtɪ/,,,,,,*/nˈɛti/,,,,,,,*/ɑntbʰiʎˈɑd͡zɑ/,,,,,,*/lˈid͡zɑ/,,,,,,,,,,,,,*/lʊdˈit͡ʃɑ/,
R104,,,,,,,,,,,,,,,,,,,,,,,,,,,,,,,,,,,,,,,,,,,,,,,,,,,,,,,,,,,,,,,,,,,,,,,,,,,,,,,,,,,,,,,,,,,,,,,,,,,,,,,,,,,,,,,,,,,,,,,,,,,,,,,,,,,,,,,,,,,,,,,,,,,,,,,,,,,,,,,,,,,,,,,,,,,,,,,,,,,,,,,,,,,,,,,,,,,,,,,,,,,,,,,,,,,,,,,,,,,,,,,,,,,,,,,,,,,,,,,,,,,,,,,,,,,,,,,,,,*/bʰinˈədʰˈɛt͡ʃi/,,,,,,,,,,,,,,,,,,,,,,,,*/mˈɑtˈɛtɪ/,,,,,,,,,,,,,,,,,,,,,,,,,,,,,,,,,,,,,,,,,,,,,,,,,,,,,,,,,,,,,,,,,,,,,,,,,,,,,,,,,,,,,,,,,,,,,,,,,,,,,,,,,,,,,,,,,,,,,,,,,,,,,,,,,,,,,,,,,,,,,,,,,,,,,,,,,,,,,,,
R105,,,*/t͡sˈɛʃtrɛm/,,,*/t͡ʃˈɑrɑbʰəˤtəˤ/,,,,,,,,,,,*/d͡ʒˈɑmɑtɑrɑ/,,,,,,,*/nnˈɑʃt͡sɑː/,,*/ɡrˈʊnɑː/,*/ɡrˈʊnjɑː/,,,,*/dˈuːlɛʃ/,,*/d͡ʒˈɑd͡zɑːʃ/,,,,,,,,*/dˈɛrt͡sɛʃ/,*/drˈɘdʰɑː/,,*/jˈɛd͡zʃtɛʃ/,,*/ˈʊdʎɛm/,,,,,,,,,,,,,,,,,,,,*/ˈʊrd͡zɑː/,,*/nnˈɛwnnɛm/,,*/jˈɛwnnɛm/,,,*/kˈɑpɑː/,,*/kʃˈɑlnɛʃ/,*/kˈɛlɑbʰɛʃ/,,,,,,,,,,,,,,*/ɡʰlˈɑt͡ʃɑː/,,,,,,,,,,,*/ˈuːmjɑː/,,,,,,,,,,,,,,,,,,,,,*/ˈɑnjɑː/,*/ˈɑnɑtɑː/,,,,,,,,,,*/ˈɑɪ/,,,*/ˈɒːʊ̯ləˤ/,,,,,,,,,,,,,,,,,,,,,,,,,,,,,*/kᵝ̬ˈɒːrxʷmɑː/,*/?0ˈɛrmɛʃ/,*/?0ˈɛrnɛʃ/,,,,,,,*/jˈɛdrɑː/,,,,,,,,,,,,,,,,,,,,,,,,,,,,,,,,*/ˈʊrtəˤ/,,,,,,,*/pˈɑtəˤ/,*/pˈɑʃʒəˤ/,*/pˈɑt͡sɛʃ/,,,,*/pjˈɑkᵝəˤ/,,,,,,,*/plˈɑtɛʃ/,,,,,,,,*/jɛd͡zɸˈɑlɑː/,,,,,,,,,,,,,,,,,,,,,,,,*/bʰinˈədʰɛt͡ʃi/,,,,*/bʰˈʊtəˤ/,*/ɑnbˈʊnɘʃətɪ/,*/bʰˈɛlnnɑː/,,,*/bʰrˈɑd͡zi/,,,,,,,,,,*/bʰlˈɒːɡrɑː/,,,,*/mˈɑt͡ʃɑː/,*/mˈɑtɛtɪ/,*/mˈɑt͡ʃəˤ/,,,,,,,*/mˈɑd͡ʒɑː/,*/mˈɛmʒɛm/,,*/mˈɑtɛʃ/,*/mˈɑtɪ/,,,*/mbəlˌɑχwˈɘnjɑː/,,,,,,*/jɛntˈɑkᵝwit/,,,,*/pɛrtˈɑpjɑː/,,,,,,,,,,,,,,,,,,,,,*/jˈɘdɑnəˤ/,*/jˈɘdɘʒəˤ/,*/jˈɘdɑtɑː/,,,*/drˈɘtɑː/,,,,,,,,,,,,,,,,,,,,,,,,,,,,,,,,,,,*/?1ˈɛlɑː/,,,,,,*/ʃˈɛt͡ʃᵝɛʃ/,*/ʃˈɛkᵝɑː/,*/ʃɛt͡ʃᵝˈɛmtɛm/,,*/ʒˈɛt͡ʃɑtɛʃ/,*/ɸˈɛrɑː/,*/ɸˈɛrɑːm/,*/ɸˈɛrɑːʃ/,,*/ʒˈuːmɑt͡ʃɑː/,,,,,*/ʃtˈɑʊ̯nəˤ/,,,,,,,,,,,,,,,,*/rˈʊmɪ/,,,,,*/ʃˈɛrmɑː/,,,,,,,,,,,,,,,,,,,,,,,*/lˈʊɡɛʃ/,*/lˈʊɡɑː/,*/lˈɛwɡɘtɑː/,,,,,,,*/rˈʊd͡zɑː/
R106,,,,,,,,,,,,,,,,,,,,,,,,,,,,,,,,,,,,,,,,,,,,,,,,,,,,,,,,,,,,,,,,,,,,,,,,,,,,,,,,,,,,,,,,,,,,,,,,,,,,,,,,,,,,,,,,,,,,,,,,,,,,,,,,,,,,,,,,,,,,,,,,,,,,,,,,,,,,,,,,,,,,,,,,,,,,,,,,,,,,,,,,,,,,,,,,,,,,,,,,,,,,,,,,,,,,,,,,,,,,,,,,,,,,,,,,,,,,,,,,,,,,,,,,,,,,,,,,,,,,,,,,,,,,,,,,,,,,,,,,,,,,,,,,,,,,,,,,,,,,,,,,,,,,,,,,,,,,,,,,,,,,,,,,,,,,,,,,,,,,,,,,,,,,,,,,,*/ˈɑnnɛ?0jɛtɪ/,,,,,,,,,,,,,,,,,,,,,,,,,,,,,,,,,,,,,,,,,,,,,,,,,,,,,,,,,,,,,,,,,,,,,,,,,,,,,,,,,,,,,,,,
R107,,,,,,,,,,,,,,,,,,,,,,,,,,,,,,,,,,,,,,,,,,,,,,,,,,,,,,,,,,,,,,,,,,,,,,,,,,,,,,,,,,,,,,,,,,,,,,,,,,,,,,,,,,,,,,,,,,,,,,,,,,,,,,,,,,,,,,,,,,,,,,,,,,,,,,,,,,,,,,,,,,,,,,,,,,,,,,,,,,,,,,,,,,,,,,,,,,,,,,,,,,,,,,,,,,,,,,,,,,,,,,,,,,,,,,,,,,,,,,,,,,,,,,,,,,,,,,,,,,,,,,,,,,,,,,,,,,,,,,,,,,,,,,,,,,,,,,,,,,,,,,,,,,,,,,,,,,,,,,,,,,,,,,,,,,,,,,,,,,,,,,,,,,,,,,,,,,,,,,,,,,,,,,,,,,,,,,,,,,,,,,,,,,,,,,,,,,,,,,,,,,,,,,,,,,,,,,,,,,,,,,,,,,,,,,,,,,,,,,,,,
R108,,,,,,,,,,,,,,,,,,,,,,,,,,,,,,,,,,,,,,,,,,,,,,,,,,,,,,,,,,,,,,,,,,,,,,,,,,,,,,,,,,,,,,,,,,,,,,,,,,,,,,,,,,,,,,,,,,,,,,,,,,,,,,,,,,,,,,,,,,,,,,,,,,,,,,,,,,,,,,,,,,,,,,,,,,,,,,,,,,,,,,,,,,,,,,,,,,,,,,,,,,,,,,,,,,,,,,,,,,,,,,,,,,,,,,,,,,,,,,,,,,,,,,,,,,,,,,,,,,,,,,,,,,,,,,,,,,,,,,,,,,,,,,,,,,,,,,,,,,,,,,,,,,,,,,,,,,,,,,,,,,,,,,,,,,,,,,,,,,,,,,,,,,,,,,,,,,,,,,,,,,,,,,,,,,,,,,,,,,,,,,,,,,,,,,,,,,,,,,,,,,,,,,,,,,,,,,,,,,,,,,,,,,,,,,,,,,,,,,,,,
R109,,,,,,,,,,,,,,,,,,,,,,,,,,,,,,,,,,,,,,,,,,,,,,,,,,,,,,,,,,,,,,,,,,,,,,,,,,,,,,,,,,,,,,,,,,,,,,,,,,,,,,,,,,,,,,,,,,,,,,,,,,,,,,,,,,,,,,,,,,,,,,,,,,,,,,,,,,,,,,,,,,,,,,,,,,,,,,,,,,,,,,,,,,,,,,,,,,,,,,,,,,,,,,,,,,,,,,,,,,,,,,,,,,,,,,,,,,,,,,,,,,,,,,,,,,,,,,,,,,,,,,,,,,,,,,,,,,,,,,,,,,,,,,,,,,,,,,,,,,,,,,,,,,,,,,,,,,,,,,,,,,,,,,,,,,,,,,,,,,,,,,,,,,,,,,,,,,,,,,,,,,,,,,,,,,,,,,,,,,,,,,,,,,,,,,,,,,,,,,,,,,,,,,,,,,,,,,,,,,,,,,,,,,,,,,,,,,,,,,,,,
R110,,,,,,,,,,,,,,,,,,,,,,,,,,,,,,,,,,,,,,,,,,,*/ʝˈɛd͡zʃ/,*/ʝˈɛd͡zʃtɛʃ/,*/ʝˈuː/,,*/xwəʝˈiɑ/,*/xwəʝˈiɛtɪ/,*/ʝˈɛmɛ/,,,,*/ʝˈɛtərɛ/,*/ʝˈɛt͡ʃɑ/,*/ʝˈɛtəʃɪ/,*/ʝˈɛtətɪ/,*/ʝˈɛʃɪ/,*/ʝˈɛʃtɪ/,*/ʝˌɛʃˈɛnnɛ/,*/ʝədˈʊnɑ/,*/ʝˈɑrd͡zɑ/,*/ʝˈɛrd͡zətɪ/,,,*/ʝˌɛrd͡zˈɪɑ/,,,,*/ʝˈuːʃ/,*/ʝˈɛwnnɛm/,*/ʝˈɛmɛ/,,,*/kʝˈɒːnjɛ/,,,,,,,,,*/ʝɛd͡zʃ?1ˈɛʎɑ/,,,*/ʝɛd͡z?1rˈɛpi/,,,,,,*/ʝɛnɡʰrˌɛdʰˈiʃt͡sɑ/,,,,*/ʝˈɛt͡sʊ/,*/ʝˌɑt͡sˈɒːtəˤ/,,,,,,,,,,,,,,,,,,,,,,,,,,,,,,,,,,,,,,,,*/ʝˈɛrd͡zi/,,,,,,,,,,,,,,,,,,,,,,,,,,,,,,,,*/ʝətˈɒːtəˤ/,,*/ʝˈɒːʃɑ/,*/ʝˈɒːʃɑ/,*/ʝˈɑmɑ/,*/ʝˈɛdrɑː/,*/ʝˈɛ?1ɛ/,*/ʝˈɛʃtənɑ/,,*/ʝˈɛrd͡ʒɛ/,,,,,,,,,,,,,,,,,,,,,,,,,,,,,,,,,,,,*/pˈɑʃʝəˤ/,,,,,,,,,,,,,,,,,,,,*/ʝɛd͡zɸˈɑlɑː/,,,,,,,,,,,,,,,,,,,,,,,,,,,,,,,,,,,,,,,,,,,,,,,,,,,,,,,,,*/mˈɛmʝɛm/,,,,,,,,,*/ʝɛnt͡ʃˈɑkᵝɑ/,*/ʝɛntˈɛkᵝwɛ/,*/ʝɛntɑkᵝwijˈɑʃəˤ/,*/ʝɛntˈɑkᵝwit/,,,,,,,,,*/ʝɛntˈɛnjɑ/,,,,,,,,,,,,,,,,*/ʝˈɘdɑnəˤ/,*/ʝˈɘdɘʝəˤ/,*/ʝˈɘdɑtɑː/,,,,,,,,,,,,,,,,,,,,,,,,,,,,,,,,*/ʝˈɑʊ̯njɑ/,*/ʝjˈɑt͡sʃtəˤ/,*/ʝˈɒːlɑ/,,,,,,*/ʝˈuː/,,,,,,,*/ʝˈʊmɛ/,*/ʝˈɛt͡ʃɑtɛʃ/,,,,,*/ʝˈuːmɑt͡ʃɑː/,,,,,,,,,,,,,,,,,,,,,,*/ʝˈɛrpənɛ/,,*/ʝˈɛrbʰjɑ/,,,*/ʝjˈɑlpəˤ/,*/ʝˈɛlχwɛ/,,,,,,,,,,,,,,,,,,,,,,,,,,,,,,
R111,,,,,,,,,,,,,,,,,,,,,,,,,,,,,,,,,,,,,,,,,,,,,,,,,,,,,,,,,,,,,,,,,,,,,,,,,,,,,,,,,,,,,,,,,,,,,,,,,,,,,,,,,,,,,,,,,,,,,,,,,,,,,,,,,,,,,,,,,,,,,,,,,,,,,,,,,,,,,,,,,,,,,,,,,,,,,,,,,,,,,,,,,,,,,,,,,,,,,,,,,,,,,,,,,,,,,,,,,,,,,,,,,,,,,,,,,,,,,,,,,,,,,,,,,,,,,,,,,,,,,,,,,,,,,,,,,,,,,,,,,,,,,,,,,,,,,,,,,,,,,,,,,,,,,,,,,,,,,,,,,,,,,,,,,,,,,,,,,,,,,,,,,,,,,,,,,,,,,,,,,,,,,,,,,,,,,,,,,,,,,,,,,,,,,,,,,,,,,,,,,,,,,,,,,,,,,,,,,,,,,,,,,,,,,,,,,,,,,,,,,
R112,*/θˈinjɑ/,*/θˈɑmbərɑ/,*/θˈɛʃtrɛm/,*/θxʷmˈɛdʃ/,,,,*/θˈɛrxmɛ/,,*/θˈɛiləˤ/,,*/θˈʊkɑ/,*/θˈʊpɛ/,*/tɛθˈʊpɛ/,,,,,*/ðˈɛmbʰɛ/,,,*/ðəˤxʷʃθˈɛtɪ/,*/ðəˤxʷʃθˈɛʃɪ/,*/nnˈɑʃθɑː/,,,,,,,,,*/d͡ʒˈɑðɑːʃ/,,,,,,,,*/dˈɛrθɛʃ/,,*/ʝˈɛðʃ/,*/ʝˈɛðʃtɛʃ/,,,,,,,,,,,,,,,,,*/ʝˈɑrðɑ/,*/ʝˈɛrðətɪ/,,,*/ʝˌɛrðˈɪɑ/,*/ˈʊrðɑː/,,,,,,,,,,,,,,,,,*/ʝɛðʃ?1ˈɛʎɑ/,,,*/ʝɛð?1rˈɛpi/,,,,,,*/ʝɛnɡʰrˌɛdʰˈiʃθɑ/,,*/ɑð?2jˈɑrdʰɑ/,,*/ʝˈɛθʊ/,*/ʝˌɑθˈɒːtəˤ/,,*/ˈɑjðɛ/,*/ˌɑjðˈɪɑ/,,*/ˈɑjdʰəθɑj/,,,,,,,,,,,,,,*/χmjˈɑlðɑ/,,,,,,,,,,,,,,*/χrˈɛtəθɛ/,*/ˈɑrtθɛ/,,,,,,*/ʝˈɛrði/,,,,,,,,,,,,*/t͡ʃᵝˈɛʃθɛ/,,,,,,*/t͡ʃᵝɛlɑʃθˈaːmːəˤ/,,,,,,,,,,,,,,,,,,,,,,,,*/xʷrˈɛwkθɛ/,*/wjˈɑðɑ/,*/wˈɛðəʃɪ/,*/wˈɛðətɪ/,*/xwˌɛðˈɛnni/,*/wˈɒːðəʃɑ/,,,,,*/wˈɛtwɛʃθɛ/,,,,,,,,,,,,,,,,,,,,,,,,,,*/pˈɑθɛʃ/,,,,,*/pˈʊθɑ/,,,,,,,,,,,,,,*/ʝɛðɸˈɑlɑː/,,,,,,,,,,,*/ɑðɸˈɛʎɑ/,,,,,,,,,,,,,,,,,,,,,*/bʰjˈɑrɑðəˤ/,*/bʰrˈɑði/,,,,,,,,,,,,,,,,,,,,,,,,,,,,,,,,,,,,,,,,,*/ɑðʃtɐpjˈɛtɪ/,,,,,,,,,,,*/ˈɑðʃtrʊdɑ/,,,,,,,*/əˤd͡ʒˈɑθəˤtəˤ/,,,,,,,,,,,,,,,,,*/d͡ʒˈɑθʃɑ/,*/ɑnnˈɛθʃʊ/,*/d͡ʒˈɑʃθɑ/,,,,,,,,,,,,,*/ʃθxjˈɑːʃ/,*/ʃθˈirɪ/,,,,*/ʝjˈɑθʃtəˤ/,,,,,,,,,*/θˈuːʃjɛ/,*/θˈuːʃ/,,,,,,,,,,,,,,,,,,,,,,,,,,,,,,,,,,,,,,,,,,,,,,,,*/ɑntbʰiʎˈɑðɑ/,,,,,,*/lˈiðɑ/,,,*/lɑʃθˈɛtɪ/,,,,,,,,,,,*/rˈʊðɑː/
R113,,,,,,,,,,,,,,,,,,,,,,,,,,,,,,,,,,,,,,,,,,,,,,,,,,,,,,,,,,,,,,,,,,,,,,,,,,,,,,,,,,,,,,,,,,,*/ɡʰʎˈɑβɑ/,,,,,,,,,,,,,,,,,,,,,,,,,,,,,,,,,,,,,,,,,,,,,,,,,,,,,,,,,,,,,,,,,,,,,,,,,,,,,,,,,,,,,,,,,,,,,,,,,,,,,,,,,,,,,,,,,,,,,,,,,,,,,,,,,,,,,,,,,,,,,,,,,,,,,,,,,,,,,,,,,,,,,,,,,,,,,,,,,,,,,,,,,,,,,,,,,,,,,,,,,,,,,,,,,,,,,,,,,,,,,,,,,,,,,,,,,,,,,,,,,,,,,,,,,,,,,,,,,,,,,,,,,,,,,,,,,,,,,,,,,,,,,,,,,,,,,,,,,,,,,,,,,,,,,,,,,,,,,,,,,,,,,,,,,,,,,,,,,,,,,,,,,,,,,,
R114,,,,,,,,,,,,,,,,,,,,,,,,,,,,,,,,,,,,,,,,,,,,,,,,,,,,,,,,,,,,,,,,,,,,,,,,,,,,,,,,,,,,,,,,,,,,,,,,,,,,,*/ˈumjɑː/,,,,,,,,,,,,,,,,,,,,,,,,,,,,,,,,,,*/ˈɒʊ̯lɛ/,*/ˈɒʊ̯ləˤ/,,,,,,,,,,,,,,,,,,,,,,,,,,,,,,,,,,,,,,,,,,,,,,,,,,,,,,,,,,,,,,,,,,,,,,,,,,,,,,,,,,,,,,,,,,,,,,,,,,,,,,,,,,,,,,,,,,,,,,,,,,,,,,,,,,,,,,,,,,,,,,,,,,,,,,,,,,,,,,,,,,,,,,,,,,,,,,,,,,,,,,,,,,,,,,,,,,,,,,,,,,,,,,,,,,,,,,,,,,,,,,,,,,,,,,,,,,,,,,,,,,,,,,,,,,,,,,,,,,,,,,,,,,,,,,,,,,,,,,,,,,,,,,,,,,,,,,,,,,,,,,,,,
=Middle Proto-Albanian I,null*/θˈinjɑ/,null*/θˈɑmbərɑ/,null*/θˈɛʃtrɛm/,null*/θxʷmˈɛdʃ/,null*/t͡ʃˈɑrɑbʰɛ/,null*/t͡ʃˈɑrɑbʰəˤtəˤ/,null*/t͡ʃˈɑrɑt͡ʃəˤ/,null*/θˈɛrxmɛ/,null*/t͡ʃˈɑrɑkɛ/,null*/θˈɛiləˤ/,null*/t͡ʃˈɑwkɑ/,null*/θˈʊkɑ/,null*/θˈʊpɛ/,null*/tɛθˈʊpɛ/,null*/kʎˈɒːnjɑ/,null*/klɛwnjɑ/,null*/d͡ʒˈɑmɑtɑrɑ/,null*/d͡ʒˈɑmbʰɑ/,null*/ðˈɛmbʰɛ/,null*/nnˈaːmːəˤ/,null*/d͡ʒˈɑnɑti/,null*/ðəˤxʷʃθˈɛtɪ/,null*/ðəˤxʷʃθˈɛʃɪ/,null*/nnˈɑʃθɑː/,null*/nnˈʊnɛ/,null*/ɡrˈʊnɑː/,null*/ɡrˈʊnjɑː/,null*/dimˈɛnɛ/,null*/dwˈɛnɛ/,null*/dwˈɒːɡɛ/,null*/dˈuːlɛʃ/,null*/ddʰˈɑːm/,null*/d͡ʒˈɑðɑːʃ/,null*/ddʰˈaːmːi/,null*/dd͡ʒˈɛʃ/,null*/dˈɛʃɪ/,null*/dˈɛdət͡ʃɑ/,null*/dˈɒːrɑ/,null*/dˈɒːrɛ/,null*/dˈɛʎɛ/,null*/dˈɛrθɛʃ/,null*/drˈɘdʰɑː/,null*/ʝˈɛðʃ/,null*/ʝˈɛðʃtɛʃ/,null*/ʝˈuː/,null*/ˈʊdʎɛm/,null*/xwəʝˈiɑ/,null*/xwəʝˈiɛtɪ/,null*/ʝˈɛmɛ/,null*/xmɛ/,null*/xmˈɑːm/,null*/xwjˈɑnɑ/,null*/ʝˈɛtərɛ/,null*/ʝˈɛt͡ʃɑ/,null*/ʝˈɛtəʃɪ/,null*/ʝˈɛtətɪ/,null*/ʝˈɛʃɪ/,null*/ʝˈɛʃtɪ/,null*/ʝˌɛʃˈɛnnɛ/,null*/ʝədˈʊnɑ/,null*/ʝˈɑrðɑ/,null*/ʝˈɛrðətɪ/,null*/xrˈɛmɛ/,null*/xʎˈɑpɑ/,null*/ʝˌɛrðˈɪɑ/,null*/ˈʊrðɑː/,null*/xrˈɛnnʊ/,null*/nnˈɛwnnɛm/,null*/ʝˈuːʃ/,null*/ʝˈɛwnnɛm/,null*/ʝˈɛmɛ/,null*/kˌɒːpˈɑʃtəˤ/,null*/kˈɑpɑː/,null*/kʝˈɒːnjɛ/,null*/kʃˈɑlnɛʃ/,null*/kˈɛlɑbʰɛʃ/,null*/kjˈɑlɑ/,null*/?1ˈɒːlɛ/,null*/?1ˈɒːliʃtɑ/,null*/?1ˈɛləmɛ/,null*/diʃ?1jˈɑləˤ/,null*/diʃ?1jˈɑlnəˤ/,null*/ʝɛðʃ?1ˈɛʎɑ/,null*/kjˈɑrpɑ/,null*/krˈɛpi/,null*/ʝɛð?1rˈɛpi/,null*/krˈɛpʃɑ/,null*/ɡwˈɛdɛ/,null*/ɡwˈɛdi/,null*/ɡʰlˈɑt͡ʃɑː/,null*/ɡʰʎˈɑβɑ/,null*/ʝɛnɡʰrˌɛdʰˈiʃθɑ/,null*/ɡʰˈɛrdʰɛ/,null*/ɑð?2jˈɑrdʰɑ/,null*/ˈɒːtrɑ/,null*/ʝˈɛθʊ/,null*/ʝˌɑθˈɒːtəˤ/,null*/ˈiʊt͡ʃᵝi/,null*/ˈɑjðɛ/,null*/ˌɑjðˈɪɑ/,null*/ˈumjɑː/,null*/ˈɑjdʰəθɑj/,null*/ˈɑw/,null*/xwid͡ʒˈɑɑ/,null*/ˈɑi/,null*/ˈɑʊ̯ɡɛ/,null*/χwɛlkˈiɑ/,null*/χwˈɛʎɑ/,null*/χwˌɒːʎˈɑʃəˤ/,null*/χwjˈɑrnəˤ/,null*/xwˈɛʎɑ/,null*/χpˈɛ/,null*/χpjˈɑɑw/,null*/pɛrˈɑpɑ/,null*/ˈɑmmɑ/,null*/χmjˈɑlðɑ/,null*/χmjˈɑlnnəˤ/,null*/ˈɑt͡ʃɑ/,null*/ˈɑt͡ʃənɛ/,null*/ˌɑn/,null*/ˈɑnnɑ/,null*/ˈɑnjɑː/,null*/ˈɑnɑtɑː/,null*/nnˈɒːt͡ʃɑ/,null*/ˈɑndʰɛ/,null*/ˈɑndʰi/,null*/nnˈɛr/,null*/ˈɑlbʰi/,null*/χlˈidɛ/,null*/χrˈɛtəθɛ/,null*/ˈɑrtθɛ/,null*/ˈɑjdʰɛ/,null*/ˈɑɪ/,null*/ˈʊtɛ/,null*/ˈɒʊ̯lɛ/,null*/ˈɒʊ̯ləˤ/,null*/ʝˈɛrði/,null*/mɑˈɑrnɑ/,null*/mɑˈɑrnəʃɪ/,null*/mɑˈɑrnətɪ/,null*/mˈɒːrri/,null*/t͡ʃᵝˈilɑ/,null*/ˈəˤt͡ʃᵝəlɑ/,null*/t͡ʃᵝˈiʃ/,null*/t͡ʃᵝˈi/,null*/kᵝˈɑː/,null*/t͡ʃᵝˈɛm/,null*/t͡ʃᵝˈɛʃjɛ/,null*/t͡ʃᵝˈɛʃθɛ/,null*/kᵝˈɒːlɑ/,null*/kᵝˈʊr/,null*/t͡ʃᵝjˈɑlɑ/,null*/t͡ʃᵝˈɛlɛ/,null*/t͡ʃᵝˌɛlˈiɛtɪ/,null*/t͡ʃᵝɛlɑʃθˈaːmːəˤ/,null*/kᵝˈɒːrnɑ/,null*/kᵝrˈimi/,null*/kᵝ̬ˈɑrrɛ/,null*/ˌɑnkᵝ̬ʎˈɑʃəˤ/,null*/ɑnkᵝ̬rɑ/,null*/ɑnkᵝ̬rˈɛʃi/,null*/ˈɑnkᵝ̬rxʷmɛ/,null*/ˌɑnkᵝ̬rˈʊnɑ/,null*/ˌɑnkᵝ̬rnnnəˤ/,null*/kᵝ̬ˈɒːrxʷmɑː/,null*/?0ˈɛrmɛʃ/,null*/?0ˈɛrnɛʃ/,null*/?0ˈɛrnjɑ/,null*/ʝətˈɒːtəˤ/,null*/xʷt͡ʃᵝˈi/,null*/ʝˈɒːʃɑ/,null*/ʝˈɒːʃɑ/,null*/ʝˈɑmɑ/,null*/ʝˈɛdrɑː/,null*/ʝˈɛ?1ɛ/,null*/ʝˈɛʃtənɑ/,null*/xʷlˈɛɡɛ/,null*/ʝˈɛrd͡ʒɛ/,null*/xʷrˈɛwkθɛ/,null*/wjˈɑðɑ/,null*/wˈɛðəʃɪ/,null*/wˈɛðətɪ/,null*/xwˌɛðˈɛnni/,null*/wˈɒːðəʃɑ/,null*/wɪnˈiɑ/,null*/wˈɛmjɑ/,null*/wˈɛtəʃɪ/,null*/wˌɛtˈɛʃʃɪ/,null*/wˈɛtwɛʃθɛ/,null*/wˈɛtɛ/,null*/ʊnt͡ʃˈɑt͡ʃəˤ/,null*/wˈɒːlɑ/,null*/wˈɛlətɪ/,null*/wjˈɑlɑ/,null*/wɑʎˈɑʃəˤ/,null*/did͡ʒˈɑləˤtəˤ/,null*/diʃɛntɛrwjˈɑlɑ/,null*/ˈʊlt͡ʃᵝɛ/,null*/wjˈɑlʃɑ/,null*/wjˈɑlnɑ/,null*/wˈɛrrənɑ/,null*/wrˈʊnjɑ/,null*/wrˈɑnni/,null*/wrˈɑnnəd͡ʒɑ/,null*/wˈʊrwɑ/,null*/ˈʊrtəˤ/,null*/wˈɛrrənɑ/,null*/ˈʊrnɑ/,null*/pˈɪɑ/,null*/pˈɪɛtɪ/,null*/pˈɛtʃjɑ/,null*/pˈɛdɛ/,null*/pˈɑtəˤ/,null*/pˈɑʃʝəˤ/,null*/pˈɑθɛʃ/,null*/pˈɑʃ/,null*/pˈɒːnəˤ/,null*/pjˈɑkᵝɑ/,null*/pjˈɑkᵝəˤ/,null*/pˈʊθɑ/,null*/pˈʊnnɑ/,null*/pˌɛt͡ʃˈɑʃəˤ/,null*/pˈɛdʃɪ/,null*/pˈɛʃtt͡ʃᵝɛ/,null*/plˈɑt͡ʃɑ/,null*/plˈɑtɛʃ/,null*/plˈɒːtəˤ/,null*/ɑnplˈɒːnjɑ/,null*/ɑnplˈɒːnətɪ/,null*/pˈɛlxmɛ/,null*/pjˈɑləˤ/,null*/pjˈɑlɑ/,null*/plˈɑkɛ/,null*/ʝɛðɸˈɑlɑː/,null*/plˈɛwʃətɛ/,null*/pˈɒːlnɑ/,null*/pjˈɑlnəˤ/,null*/pɛr/,null*/pɛrɪ/,null*/ɸˈɛrrɛ/,null*/pjˈɑrdɑ/,null*/pˈɛrdətɪ/,null*/pˌɒːrd͡ʒˈɑʃəˤ/,null*/pˈɒːrdɑ/,null*/ɑðɸˈɛʎɑ/,null*/bʰinˈɛtɪ/,null*/bʰˈiʎɑ/,null*/bʰˈirrɛ/,null*/bʰχlˈɛm/,null*/bʰnnˈɛ/,null*/bʰnnjˈɛtɪ/,null*/bʰnnjˈɛʃɪ/,null*/bʰnnjˈɑː/,null*/bʰnnnˈuː/,null*/bʰnnˈəˤ/,null*/bʰnntˈəˤ/,null*/bʰinjˈɑdʰɑ/,null*/bʰinˈədʰɛt͡ʃi/,null*/bʰˈidʰɑ/,null*/bʰˈɛwnnnɛ/,null*/bʰwˈɒːtɑ/,null*/bʰˈʊtəˤ/,null*/ɑnbˈʊnɘʃətɪ/,null*/bʰˈɛlnnɑː/,null*/bʰjˈɑrɑ/,null*/bʰjˈɑrɑðəˤ/,null*/bʰrˈɑði/,null*/bʰˈɛʎɑ/,null*/bʰˈɛrrʊkɛ/,null*/bʰjˈɑrnɑ/,null*/bʰˈɛrrɛ/,null*/bʰˈɒːrrɛ/,null*/bʰˈirrɑ/,null*/bʰɛrˈiməˤ/,null*/bʰʎˈɑdɑ/,null*/bʰlˈɒːrəˤ/,null*/bʰlˈɒːɡrɑː/,null*/mˈɑː/,null*/mˈɒːt͡ʃᵝɛ/,null*/mɑt͡ʃˈɑʃəˤ/,null*/mˈɑt͡ʃɑː/,null*/mˈɑtɛtɪ/,null*/mˈɑt͡ʃəˤ/,null*/mˈɒːti/,null*/mˌɒːtˈɛʃʃɑ/,null*/mˈɒːnʃjɛ/,null*/mˈirrəˤ/,null*/mˈuːʃ/,null*/mˈɒːtɑrəˤ/,null*/mˈɑd͡ʒɑː/,null*/mˈɛmʝɛm/,null*/mˈɛtχ/,null*/mˈɑtɛʃ/,null*/mˈɑtɪ/,null*/mˈɛlətəˤ/,null*/mˈɛlχwɛ/,null*/mbəlˌɑχwˈɘnjɑː/,null*/mˈɛlxʷmʊ/,null*/ɑntɑd͡ʒˈɑt͡ʃəˤ/,null*/ʝɛnt͡ʃˈɑkᵝɑ/,null*/ʝɛntˈɛkᵝwɛ/,null*/ʝɛntɑkᵝwijˈɑʃəˤ/,null*/ʝɛntˈɑkᵝwit/,null*/tˈʊj/,null*/twɛ/,null*/tˈuː/,null*/pɛrtˈɑpjɑː/,null*/ɑðʃtɐpjˈɛtɪ/,null*/tˈɑʊ̯rɛ/,null*/tˈɑʊ̯ri/,null*/tˈʊlnɛ/,null*/ʝɛntˈɛnjɑ/,null*/t͡ʃˈɑnnɑ/,null*/trˈiɛ/,null*/trˈi/,null*/trˈiɡʰɑ/,null*/tʎˈɑwdɑ/,null*/ɑntrˈʊdɑ/,null*/ˈɑðʃtrʊdɑ/,null*/tʎˈɑmɑ/,null*/trˈimɛ/,null*/tˈɛrʃjɑ/,null*/t͡ʃˈɑrnɑ/,null*/t͡ʃˈɑrnəˤ/,null*/tˌɒːʎˈɑʃəˤ/,null*/əˤd͡ʒˈɑθəˤtəˤ/,null*/dˈɑʊ̯nəˤ/,null*/ʝˈɘdɑnəˤ/,null*/ʝˈɘdɘʝəˤ/,null*/ʝˈɘdɑtɑː/,null*/dwˈiɡʰɑ/,null*/dwˈiɛwʃ/,null*/drˈɘtɑː/,null*/d͡ʒˌɑrˈɑɡʰjɑ/,null*/d͡ʒˈɑrɑɡʰɑ/,null*/dˌɒːrɑɡʰijˈɑʃəˤ/,null*/drˈʊnɛ/,null*/drˈuːnɛ/,null*/dˈaːmːəˤ/,null*/dˈaːmːmjɑ/,null*/dˈɛmi/,null*/dlɑd͡ʒˈɑtəˤ/,null*/d͡ʒˈɑθʃɑ/,null*/ɑnnˈɛθʃʊ/,null*/d͡ʒˈɑʃθɑ/,null*/dʰˈiʎɑ/,null*/dʰˈɒːt͡ʃɑ/,null*/d͡ʒˈɑː/,null*/dʰit͡ʃˈɑʃəˤ/,null*/d͡ʒˈɑɡʰᵝɑ/,null*/dʰɛ?0intɑ/,null*/ɑnnˈɛ?0jɑ/,null*/ˈɑnnɛ?0jɛtɪ/,null*/dʰˈɛwnjɑ/,null*/dʰwˈɒːrɑ/,null*/dʰwˈɒːri/,null*/d͡ʒˈɑlnɑ/,null*/ʃθxjˈɑːʃ/,null*/ʃθˈirɪ/,null*/ʃɪ/,null*/ʃi/,null*/ʝˈɑʊ̯njɑ/,null*/ʝjˈɑθʃtəˤ/,null*/ʝˈɒːlɑ/,null*/?1ɛwdˈɛtɪ/,null*/?1jˈɑnnnɑ/,null*/?1jˈɑrpɑ/,null*/?1ˈɛlɑː/,null*/?1ˈɛləmɛ/,null*/ʝˈuː/,null*/dˌidˈɛrt͡ʃɑ/,null*/θˈuːʃjɛ/,null*/θˈuːʃ/,null*/ʃˈɛt͡ʃᵝɛʃ/,null*/ʃˈɛkᵝɑː/,null*/ʃɛt͡ʃᵝˈɛmtɛm/,null*/ʝˈʊmɛ/,null*/ʝˈɛt͡ʃɑtɛʃ/,null*/ɸˈɛrɑː/,null*/ɸˈɛrɑːm/,null*/ɸˈɛrɑːʃ/,null*/mjˈɑkrɑ/,null*/ʝˈuːmɑt͡ʃɑː/,null*/ʃtˈiɡʰɛ/,null*/ʃtɑ/,null*/ʃtɐjˈɑʃəˤ/,null*/ʃtˈuːlɑ/,null*/ʃtˈɑʊ̯nəˤ/,null*/ʃtˈɒːnjɑ/,null*/ʃtnnjˈɑː/,null*/ʃtˈɑnnjɑ/,null*/ʃt͡ʃˈɑlɑ/,null*/kɐʃt͡ʃˈɑlɑ/,null*/ʃtˈɛlbʰɛ/,null*/ʃt͡ʃˈɑlɑ/,null*/pɛriʃtˈɒːlɛ/,null*/ʃtˈɛʎɑ/,null*/ʃtˈr̩ʃəˤ/,null*/ʃtˈɛri/,null*/ʃtˈr̩xʷmjɑ/,null*/ʃtrˈinjɑ/,null*/pˈidɛ/,null*/rˈuːməˤ/,null*/rˈʊmɪ/,null*/ʝˈɛrpənɛ/,null*/r̩pˈɛnjjɛ/,null*/ʝˈɛrbʰjɑ/,null*/ʃɛrbʰˈiɛtɪ/,null*/ʃˈɛrmɑː/,null*/ʝjˈɑlpəˤ/,null*/ʝˈɛlχwɛ/,null*/nˈɒːt͡ʃᵝɛ/,null*/njˈɑtɑ/,null*/nˈɛti/,null*/nˈuː/,null*/njˈɑmɑ/,null*/nˈɑːʃ/,null*/nˈɛʃ/,null*/nˈɒːʃʃɪ/,null*/nˈɒːʃɑ/,null*/ɑntbʰiʎˈɑðɑ/,null*/lˈɒːt͡ʃɛ/,null*/lˈɒːdɑ/,null*/lˈɒːdəˤ/,null*/lˈɒːdət͡ʃəˤ/,null*/lˈɒːdrɑ/,null*/lˈiðɑ/,null*/xʷlˈɛɡɛ/,null*/lˈɛɡʰɛ/,null*/lɑʃθˈɛtɪ/,null*/lˈʊməˤ/,null*/lˈʊɡɛʃ/,null*/lˈʊɡɑː/,null*/lˈɛwɡɘtɑː/,null*/ʎˈɑɑ/,null*/lˈɛwxʷmjɑ/,null*/ʎˈɑwxʷməˤ/,null*/lˈʊmɛ/,null*/lˈɛwdʰrɛ/,null*/lʊdˈit͡ʃɑ/,null*/rˈʊðɑː/
R115,,,,,,,,,,,,,,,,,,,,,,,,,,,,,,,*/dˈyːlɛʃ/,,,,,,,,,,,,,,*/ʝˈyː/,,,,,,,,,,,,,,,,,,,,,,,,*/ʝˈyːʃ/,,,,,,,,,,,,,,,,,,,,,,,,,,,,,,,,,,,,,,,,,,,,,,,,,,,,,,,,,,,,,,,,,,,,,,,,,,,,,,,,,,,,,,,,,,,,,,,,,,,,,,,,,,,,,,,,,,,,,,,,,,,,,,,,,,,,,,,,,,,,,,,,,,,,,,,,,,,,,,,,,,,,,,,,,,,,,,,,,,,,,,,,,*/bʰnnnˈyː/,,,,,,,,,,,,,,,,,,,,,,,,,,,,,,,,,,*/mˈyːʃ/,,,,,,,,,,,,,,,,,,*/tˈyː/,,,,,,,,,,,,,,,,,,,,,,,,,,,,,,,,*/drˈyːnɛ/,,,,,,,,,,,,,,,,,,,,,,,,,,,,,,,,*/ʝˈyː/,,*/θˈyːʃjɛ/,*/θˈyːʃ/,,,,,,,,,,*/ʝˈyːmɑt͡ʃɑː/,,,,*/ʃtˈyːlɑ/,,,,,,,,,,,,,,,,*/rˈyːməˤ/,,,,,,,,,,,,*/nˈyː/,,,,,,,,,,,,,,,,,,,,,,,,,,
R116,,,,,,,,,,,,,,,,,,,,,,,,,,,,,,,,,,,,,,,,,,,,,,,,,,,,,,,,,,,,,,,,,,,,,,,,,,,,,,,,,,,,,,,,,,,,,,,,,,,,,,,,,,,,,,,,,,,,,,,,,,,,,,,,,,,,,,,,,,,,,,,,,,,,,,,,,,,,,,,,,,,,,,,,,,,,,,,,,,,,,,,,,,,,,,,,,,,,,,,,,,,,,,,,,,,,,,,,,,,,,,,,,,,,,,,,,,,,,,,,,,,,,,,,,,,,,,,,,,,,,,,,,,,,,,,,,,,,,,,,,,,,,,,,,,,,,,,,,,,,,,,,,,,,,,,,,,,,,,,,,,,,,,,,,,,,,,,,,,,,,,,,,,,,,,,,,,,,,,,,,,,,,,,,,,,,,,,,,,,,,,,,,,,,,,,,,,,,,,,,,,,,,,,,,,,,,,,,,,,,,,,,,,,,,,,,,,,,,,,,,
R117,,,,,,,,,,,,,,,,,,,,,,,,,,,,,,,,,,,,,,,,,,,,,,,,,,,,,,,,,,,,,,,,,,,,,,,,,,,,,,,,,,,,,,,,,,,,,,,,,,,,,,,,,,,,,,,,,,,,,,,,,,,,,,,,,,,,,,,,,,,,,,,,,,,,,,,,,,,,,,,,,,,,,,,,,,,,,,,,,,,,,,,,,,,,,,,,,,,,,,,,,,,,,,,,,,,,,,,,,,,,,,,,,,,,,,,,,,,,,,,,,,,,,,,,,,,,,,,,,,,,,,,,,,,,,,,,,,,,,,,,,,,,,,,,,,,,,,,,,,,,,,,,,,,,,,,,,,,,,,,,,,,,,,,,,,,,,,,,,,,,,,,,,,,,,,,,,,,,,,,,,,,,,,,,,,,,,,,,,,,,,,,,,,,,,,,,,,,,,,,,,,,,,,,,,,,,,,,,,,,,,,,,,,,,,,,,,,,,,,,,,
R118,,,,,*/t͡ʃˈɑrɑbɛ/,*/t͡ʃˈɑrɑbəˤtəˤ/,,,,,,,,,,,,*/d͡ʒˈɑmbɑ/,*/ðˈɛmbɛ/,,,,,,,,,,,,,*/ddˈɑːm/,,*/ddˈaːmːi/,,,,,,,,*/drˈɘdɑː/,,,,,,,,,,,,,,,,,,,,,,,,,,,,,,,,,,*/kˈɛlɑbɛʃ/,,,,,,,,,,,,,,*/ɡlˈɑt͡ʃɑː/,*/ɡʎˈɑβɑ/,*/ʝɛnɡrˌɛdˈiʃθɑ/,*/ɡˈɛrdɛ/,*/ɑð?1̬jˈɑrdɑ/,,,,,,,,*/ˈɑjdəθɑj/,,,,,,,,,,,,,,,,,,,,,,,*/ˈɑndɛ/,*/ˈɑndi/,,*/ˈɑlbi/,,,,*/ˈɑjdɛ/,,,,,,,,,,,,,,,,,,,,,,,,,,,,,,,,,,*/t͡ʃᵝ̬ˈɛrmɛʃ/,*/t͡ʃᵝ̬ˈɛrnɛʃ/,*/t͡ʃᵝ̬ˈɛrnjɑ/,,,,,,,,,,,,,,,,,,,,,,,,,,,,,,,,,,,,,,,,,,,,,,,,,,,,,,,,,,,,,,,,,,,,,,,,,,,,,,*/binˈɛtɪ/,*/bˈiʎɑ/,*/bˈirrɛ/,*/bχlˈɛm/,*/bnnˈɛ/,*/bnnjˈɛtɪ/,*/bnnjˈɛʃɪ/,*/bnnjˈɑː/,*/bnnnˈyː/,*/bnnˈəˤ/,*/bnntˈəˤ/,*/binjˈɑdɑ/,*/binˈədɛt͡ʃi/,*/bˈidɑ/,*/bˈɛwnnnɛ/,*/bwˈɒːtɑ/,*/bˈʊtəˤ/,,*/bˈɛlnnɑː/,*/bjˈɑrɑ/,*/bjˈɑrɑðəˤ/,*/brˈɑði/,*/bˈɛʎɑ/,*/bˈɛrrʊkɛ/,*/bjˈɑrnɑ/,*/bˈɛrrɛ/,*/bˈɒːrrɛ/,*/bˈirrɑ/,*/bɛrˈiməˤ/,*/bʎˈɑdɑ/,*/blˈɒːrəˤ/,*/blˈɒːɡrɑː/,,,,,,,,,,,,,,,,,,,,,,,,,,,,,,,,,,,,,,,*/trˈiɡɑ/,,,,,,,,,,,,,,,*/dwˈiɡɑ/,,,*/d͡ʒˌɑrˈɑɡjɑ/,*/d͡ʒˈɑrɑɡɑ/,*/dˌɒːrɑɡijˈɑʃəˤ/,,,,,,,,,,*/dˈiʎɑ/,*/dˈɒːt͡ʃɑ/,,*/dit͡ʃˈɑʃəˤ/,*/d͡ʒˈɑkᵝ̬ɑ/,*/dɛt͡ʃᵝ̬intɑ/,*/ɑnnˈɛt͡ʃᵝ̬jɑ/,*/ˈɑnnɛt͡ʃᵝ̬jɛtɪ/,*/dˈɛwnjɑ/,*/dwˈɒːrɑ/,*/dwˈɒːri/,,,,,,,,,,,,,,,,,,,,,,,,,,,,*/ʃtˈiɡɛ/,,,,,,,,,,*/ʃtˈɛlbɛ/,,,,,,,,,,,,,*/ʝˈɛrbjɑ/,*/ʃɛrbˈiɛtɪ/,,,,,,,,,,,,,*/ɑntbiʎˈɑðɑ/,,,,,,,,*/lˈɛɡɛ/,,,,,,,,,,*/lˈɛwdrɛ/,,
R119,,,,,,,,,,,,,,,,,,,,,,,,,,,,,,,,,,,,,,,,,,,,,,,,,,,,,,,,,,,,,,,,,,,,,,,,,,,,,,,,,,,,,,,,,,,,,,,,,,,,,,,,,,,,,,,,,,,,,,,,,,,,,,,,,,,,,,,,,,,,,,,,,,,,,,,,,,,,,,,,,,,,,,,,,,,,,,,,,,,,,,,,,,,,,,,,,,,,,,,,,,,,,,,,,,,,,,,,,,,,,,,,,,,,,,,,,,,,,,,,,,,,,,,,,,,,,,,,,,,,,,,,,,,,,,,,,,,,,,,,,,,,,,,,,,,,,,,,,,,,,,,,,,,,,,,,,,,,,,,,,,,,,,,,,,,,,,,,,,,,,,,,,,,,,,,,,,,,,,,,,,,,,,,,,,,,,,,,,,,,,,,,,,,,,,,,,,,,,,,,,,,,,,,,,,,,,,,,,,,,,,,,,,,,,,,,,,,,,,,,,
R120,,,,,,,,,,,,,,,,,,,,,,,,,,,,,,,,,,,,,,,,,,,,,,,,,,,,,,,,,,,,,,,,,,,,,,,,,,,,,,,,,,,,,,,,,,,,,,,,,,,,,,,,,,,,*/χwˈɛjlɑ/,,,*/xwˈɛjlɑ/,,,,,,,,,,,,,,,,,,,,,,,,,,,,,,,,,,,,,,,,,,,,,,,,,,,,,,,,,,,,,,,,,,,,,,,,,,,,,,,,,,,,,,,,,,,,,,,,,,,,,,,,,,,,,,,,,,,,,,,,,,,,,,,,,,,,,,,,,,,,,,,,,,,,,,,,,,,,,,,,,,,,,,,,,,,,,,,,,,,,,,,,,,,,,,,,,,,,,,,,,,,,,,,,,,,,,,,,,,,,,,,,,,,,,,,,,,,,,,,,,,,,,,,,,,,,,,,,,,,,,,,,,,,,,,,,,,,,,,,,,,,,,,,,,,,,,,,,,,,,,,,,,,,,,,,,,,,,,,,,,,,,,,,,,,
R121,,,,,,,,,,,,,,,,,,,,,,,,,,,,,,,,,,,,,,,,,,,,,,,,,,,,,,,,,,,,,,,,,,,,,,,,,,,,,,,,,,,,,,,,,,,,,,,,,,,,,,,,,,,,,,,,,,,,,,,,,,,,,,,,,,,,,,,,,,,,,,,,,,,,,,,,,,,,,,,,,,,,,,,,,,,,,,,,,,,,,,,,,,,,,,,,,,,,,,,,,,,,,,,,,,,,,,,,,,,,,,,,,,,,,,,,,,,,,,,,,,,,,,,,,,,,,,,,,,,,,,,,,,,,,,,,,,,,,,,,,,,,,,,,,,,,,,,,,,,,,,,,,,,,,,,,,,,,,,,,,,,,,,,,,,,,,,,,,,,,,,,,,,,,,,,,,,,,,,,,,,,,,,,,,,,,,,,,,,,,,,,,,,,,,,,,,,,,,,,,,,,,,,,,,,,,,,,,,,,,,,,,,,,,,,,,,,,,,,,,,
R122,,,,,,,,,,,,,,,,,,,,,,,,,,,,,,,,,,,,,,,,,,,,,,,,,,,,,,,,,,,,,,,,,,,,,,,,,,,,,,,,,,,,,,,,,,,,,,,,,,,,,,,,,,,,,,,,,,,,,,,,,,,,,,,,,,,,,,,,,,,,,,,,,,,,,,,,,,,,,,,,,,,,,,,,,,,,,,,,,,,,,,,,,,,,,,,,,,,,,,,,,,,,,,,,,,,,,,,,,,,,,,,,,,,,,,,,,,,,,,,,,,,,,,,,,,,,,,,,,,,,,,,,,,,,,,,,,,,,,,,,,,,,,,,,,,,,,,,,,,,,,,,,,,,,,,,,,,,,,,,,,,,,,,,,,,,,,,,,,,,,,,,,,,,,,,,,,,,,,,,,,,,,,,,,,,,,,,,,,,,,,,,,,,,,,,,,,,,,,,,,,,,,,,,,,,,,,,,,,,,,,,,,,,,,,,,,,,,,,,,,,
R123,,,,,,,,,,,,,,,,,,,,,,,,,,,,,,,,,,,,,,,,,,,,,,,,,,,,,,,,,,,,,,,,,,,,,,,,,,,,,,,,,,,,,,,,,,,,,,,,,,,,,,,,,,,,,,,,,,,,,,,,,,,,,,,,,,,,,,,,,,,,,,,,,,,,,,,,,,,,,,,,,,,,,,,,,,,,,,,,,,,,,,,,,,,,,,,,,,,,,,,,,,,,,,,,,,,,,,,,,,,,,,,,,,,,,,,,,,,,,,,,,,,,,,,,,,,,,,,,,,,,,,,,,,,,,,,,,,,,,,,,,,,,,,,,,,,,,,,,,,,,,,,,,,,,,,,,,,,,,,,,,,,,,,,,,,,,,,,,,,,,,,,,,,,,,,,,,,,,,,,,,,,,,,,,,,,,,,,,,,,,,,,,,,,,,,,,,,,,,,,,,,,,,,,,,,,,,,,,,,,,,,,,,,,,,,,,,,,,,,,,,
R124,,,,,,,,,,,,,,,,,,,,,,,,,,,,,,,,,,,,,,,,,,,,,,,,,,,,,,,,,,,,,,,,,,,,,,,,,,,,,,,,,,,,,,,,,,,,,,,,,,,,,,,,,,,,,,,,,,,,,,,,,,,,,,,,,,,,,,,,,,,,,,,,,,,,,,,,,,,,,,,,,,,,,,,,,,,,,,,,,,,,,,,,,,,,,,,,,,,,,,,,,,,,,,,,,,,,,,,,,,,,,,,,,,,,,,,,,,,,,,,,,,,,,,,,,,,,,,,,,,,,,,,,,,,,,,,,,,,,,,,,,,,,,,,,,,,,,,,,,,,,,,,,,,,,,,,,,,,,,,,,,,,,,,,,,,,,,,,,,,,,,,,,,,,,,,,,,,,,,,,,,,,,,,,,,,,,,,,,,,,,,,,,,,,,,,,,,,,,,,,,,,,,,,,,,,,,,,,,,,,,,,,,,,,,,,,,,,,,,,,,,
R125,*/θˈiɲɑ/,,,,,,,,,,,,,,*/kʎˈɒːɲɑ/,*/klɛwɲɑ/,,,,,,,,,,,*/ɡrˈʊɲɑː/,,,,,,,,,,,,,,,,,,,,,,,,,,,,,,,,,,,,,,,,,,,,,,,*/kʝˈɒːɲɛ/,,,,,,,,,,,,,,,,,,,,,,,,,,,,,,,,,,,,,,,,,,,,,,,,*/ˈɑɲɑː/,,,,,,,,,,,,,,,,,,,,,,,,,,,,,,,,,,,,,,,,,,,,,,*/t͡ʃᵝ̬ˈɛrɲɑ/,,,,,,,,,,,,,,,,,,,,,,,,,,,,,,,,,,*/wrˈʊɲɑ/,,,,,,,,,,,,,,,,,,,,,,,,,,*/ɑnplˈɒːɲɑ/,,,,,,,,,,,,,,,,,,,,,,,*/bnɲˈɛtɪ/,*/bnɲˈɛʃɪ/,*/bnɲˈɑː/,,,,*/biɲˈɑdɑ/,,,,,,,,,,,,,,,,,,,,,,,,,,,,,,,,,,,,,,,,*/mbəlˌɑχwˈɘɲɑː/,,,,,,,,,,,,,,,*/ʝɛntˈɛɲɑ/,,,,,,,,,,,,,,,,,,,,,,,,,,,,,,,,,,,,,,,,,,*/dˈɛwɲɑ/,,,,,,,,*/ʝˈɑʊ̯ɲɑ/,,,,,,,,,,,,,,,,,,,,,,,,,,,*/ʃtˈɒːɲɑ/,*/ʃtnɲˈɑː/,*/ʃtˈɑnɲɑ/,,,,,,,,,,*/ʃtrˈiɲɑ/,,,,,*/r̩pˈɛɲjɛ/,,,,,,,*/ɲˈɑtɑ/,,,*/ɲˈɑmɑ/,,,,,,,,,,,,,,,,,,,,,,,,,
R126,,,,,,,,,,,,,,,,,,,,*/nːˈaːmːəˤ/,,,,*/nːˈɑʃθɑː/,*/nːˈʊnɛ/,,,,,,,,,,,,,,,,,,,,,,,,,,,,,,,,,,*/ʝˌɛʃˈɛnːɛ/,,,,,,,,*/xrˈɛnːʊ/,*/nːˈɛwnːɛm/,,*/ʝˈɛwnːɛm/,,,,,*/kʃˈɑlːɛʃ/,,,,,,,*/diʃ?1jˈɑlːəˤ/,,,,,,,,,,,,,,,,,,,,,,,,,,,,,,,,,,,*/χmjˈɑlːnəˤ/,,,,*/ˈɑnːɑ/,,,*/nːˈɒːt͡ʃɑ/,,,*/nːˈɛr/,,,,,,,,,,,,,,,,,,,,,,,,,,,,,,,,,,,,,*/ˌɑnkᵝ̬rnːnəˤ/,,,,,,,,,,,,,,,,,,,*/xwˌɛðˈɛnːi/,,,,,,,,,,,,,,,,,*/wjˈɑlːɑ/,,,*/wrˈɑnːi/,*/wrˈɑnːəd͡ʒɑ/,,,,,,,,,,,,,,,,,*/pˈʊnːɑ/,,,,,,,,,,,,,,,*/pˈɒːlːɑ/,*/pjˈɑlːəˤ/,,,,,,,,,,,,,*/bnːˈɛ/,,,,*/bnːnˈyː/,*/bnːˈəˤ/,*/bnːtˈəˤ/,,,,*/bˈɛwnːnɛ/,,,,*/bˈɛlːnɑː/,,,,,,,,,,,,,,,,,,,,,,,,,,,,,,,,,,,,,,,,,,,,,,,*/tˈʊlːɛ/,,*/t͡ʃˈɑnːɑ/,,,,,,,,,,,,,,,,,,,,,,,,,,,,,,,*/ɑnːˈɛθʃʊ/,,,,,,,,*/ɑnːˈɛt͡ʃᵝ̬jɑ/,*/ˈɑnːɛt͡ʃᵝ̬jɛtɪ/,,,,*/d͡ʒˈɑlːɑ/,,,,,,,,,*/?1jˈɑnːnɑ/,,,,,,,,,,,,,,,,,,,,,,,,,,,,,,,,,,,,,,,,,,,,,,,,,,,,,,,,,,,,,,,,,,,,,,,,,,,
R127,,,,,,,,,,,,,,,,,,,,,,,,,,,,,,,,,,,,,,,,,,,,,,,,,,,,,,,,,,,,,,,,,,,,,,,,,,,,,,,,,,,,,,,,,,,,,,,,,,,,,,,,,,,,,,,,,,,,,,,,,,,,,,,,,,,,,,,,,,,,,,,,,,,,,,,,,,,,,,,,,,,,,,,,,,,,,,,,,,,,,,,,,,,,,,,,,,,,,,,,,,,,,,,,,,,,,,,,,,,,,,,,,,,,,,,,,,,,,,,,,,,,,,,,,,,,,,,,,,,,,,,,,,,,,,,,,,,,,,,,,,,,,,,,,,,,,,,,,,,,,,,,,,,,,,,,,,,,,,,,,,,,,,,,,,,,,,,,,,,,,,,,,,,,,,,,,,,,,,,,,,,,,,,,,,,,,,,,,,,,,,,,,,,,,,,,,,,,,,,,,,,,,,,,,,,,,,,,,,,,,,,,,,,,,,,,,,,,,,,,,
R128,,,,,,,,,,,,,,,,,,,,,,,,,,,,,,,,,,,,,,,,,,,,,,,,,,,,,,,,,,,,,,,,,,,,,,,,,,,,,,,,,,,,,,,,,,,,,,,,,,,,,,,,,,,,,,,,,,*/pɛ̊rˈɑpɑ/,,,,,,,,,,,,,,,,,,,,,,,,,,,,,,,,,,,,,,,,,,,,,,,,,,,,,,,,,,,,,,,,,,,,,,,,,,,,,,,,,,,,,,,,,,,,,,,,,,,,,,,,,,,,,,,,,,,,,,,,,,,,,,,,,,,,,,,,,,,,,,,,,,,,,,,,,,,,,,,,,,,,,,,,,,,,,,,,,,,,,,,,,,,,,,,,,,,,,,,,,,,,,,,,,,,,,,,,,,,,,,,,,,,,,,,,,,,,,,,,,,,,,,,,,,,,,,,,,,,,,,,,,,,,,,,,,,,,,,,,,,,,,,,,,,,,,,,,,,,,,,,,,,,,,,,,,,,,,,,,,,,,,,,
R129,,,,,,,,,,,,,,,,,,,,,,,,,,,,,,,,,,,,,,,,,,,,,,,,,,,,,,,,,,,,,,,,,,,,,,,,,,,,,,,,,,,,,,,,,,,,,,,,,,,,,,,,,,,,,,,,,,*/pɛ̊rˈɑjpɑ/,,,,,,,,,,,,,,,,,,,,,,,,,,,,,,,,,,,,,,,,,,,,,,,,,,,,,,,,,,,,,,,,,,,,,,,,,,,,,,,,,,,,,,,,,,,,,,,,,,,,,,,,,,,,,,,,,,,,,,,,,,,,,,,,,,,,,,,,,,,,,,,,,,,,,,,,,,,,,,,,,,,,,,,,,,,,,,,,,,,,,,,,,,,,,,,,,,,,,,,,,,,,,,,,,,,,,,,,,,,,,,,,,,,,,,,,,,,,,,,,,,,,,,,,,,,,,,,,,,,,,,,,,,,,,,,,,,,,,,,,,,,,,,,,,,,,,,,,,,,,,,,,,,,,,,,,,,,,,,,,,,,,,,,
R130,,,,,,,,,,,,,,,,,,,,,,,,,,,,,,,,,,,,,,,,,,,,,,,,,,,,,,,,,,,,,,,,,,,,,,,,,,,,,,,,,,,,,,,,,,,,,,,,,,,,,,,,,,,,,,,,,,,,,,,,,,,,,,,,,,,,,,,,,,,,,,,,,,,,,,,,,,,,,,,,,,,,,,,,,,,,,,,,,,,,,,,,,,,,,,,,,,,,,,,,,,,,,,,,,,,,,,,,,,,,,,,,,,,,,,,,,,,,,,,,,,,,,,,,,,,,,,,,,,,,,,,,,,,,,,,,,,,,,,,,,,,,,,,,,,,,,,,,,,,,,,,,,,,,,,,,,,,,,,,,,,,,,,,,,,,,,,,,,,,,,,,,,,,,,,,,,,,,,,,,,,,,,,,,,,,,,,,,,,,,,,,,,,,,,,,,,,,,,,,,,,,,,,,,,,,,,,,,,,,,,,,,,,,,,,,,,,,,,,,,,
R131,,,,,,,,,,,,,,,,,,,,,,,,,,,,,,,,,,,,,,,,,,,,,,,,,,,,,,,,,,,,,,,,,,,,,,,,,,,,,,,,,,,,,,,,,,,,,,,,,,,,,,,,,,,,,,,,,,,,,,,,,,,,,,,,,,,,,,,,,,,,,,,,,,,,,,,,,,,,,,,,,,,,,,,,,,,,,,,,,,,,,,,,,,,,,,,,,,,,,,,,,,,,,,,,,,,,,,,,,,,,,,,,,,,,,,,,,,,,,,,,,,,,,,,,,,,,,,,,,,,,,,,,,,,,,,,,,,,,,,,,,,,,,,,,,,,,,,,,,,,,,,,,,,,,,,,,,,,,,,,,,,,,,,,,,,,,,,,,,,,,,,,,,,,,,,,,,,,,,,,,,,,,,,,,,,,,,,,,,,,,,,,,,,,,,,,,,,,,,,,,,,,,,,,,,,,,,,,,,,,,,,,,,,,,,,,,,,,,,,,,,
R132,,,,,,,,,,,,,,,*/kʎˈɒɲɑ/,,,,,*/nːˈamːəˤ/,,,,*/nːˈɑʃθɑ/,,*/ɡrˈʊnɑ/,*/ɡrˈʊɲɑ/,,,*/dwˈɒɡɛ/,*/dˈylɛʃ/,*/ddˈɑm/,*/d͡ʒˈɑðɑʃ/,*/ddˈamːi/,,,,*/dˈɒrɑ/,*/dˈɒrɛ/,,,*/drˈɘdɑ/,,,*/ʝˈy/,,,,,,*/xmˈɑm/,,,,,,,,,,,,,,,*/ˈʊrðɑ/,,,*/ʝˈyʃ/,,,*/kˌɒpˈɑʃtəˤ/,*/kˈɑpɑ/,*/kʝˈɒɲɛ/,,,,*/?1ˈɒlɛ/,*/?1ˈɒliʃtɑ/,,,,,,,,,,,*/ɡlˈɑt͡ʃɑ/,,,,,*/ˈɒtrɑ/,,*/ʝˌɑθˈɒtəˤ/,,,,*/ˈumjɑ/,,,,,,,,*/χwˌɒʎˈɑʃəˤ/,,,,,,,,,,,,,*/ˈɑɲɑ/,*/ˈɑnɑtɑ/,*/nːˈɒt͡ʃɑ/,,,,,,,,,,,,,,,,,*/mˈɒrri/,,,,,*/kᵝˈɑ/,,,,*/kᵝˈɒlɑ/,,,,,*/t͡ʃᵝɛlɑʃθˈamːəˤ/,*/kᵝˈɒrnɑ/,,,,,,,,,*/kᵝ̬ˈɒrxʷmɑ/,,,,*/ʝətˈɒtəˤ/,,*/ʝˈɒʃɑ/,*/ʝˈɒʃɑ/,,*/ʝˈɛdrɑ/,,,,,,,,,,*/wˈɒðəʃɑ/,,,,,,,,*/wˈɒlɑ/,,,,,,,,,,,,,,,,,,,,,,,,,*/pˈɒnəˤ/,,,,,,,,,,*/plˈɒtəˤ/,*/ɑnplˈɒɲɑ/,*/ɑnplˈɒnətɪ/,,,,,*/ʝɛðɸˈɑlɑ/,,*/pˈɒlːɑ/,,,,,,,*/pˌɒrd͡ʒˈɑʃəˤ/,*/pˈɒrdɑ/,,,,,,,,,*/bnɲˈɑ/,*/bnːnˈy/,,,,,,,*/bwˈɒtɑ/,,,*/bˈɛlːnɑ/,,,,,,,,*/bˈɒrrɛ/,,,,*/blˈɒrəˤ/,*/blˈɒɡrɑ/,*/mˈɑ/,*/mˈɒt͡ʃᵝɛ/,,*/mˈɑt͡ʃɑ/,,,*/mˈɒti/,*/mˌɒtˈɛʃʃɑ/,*/mˈɒnʃjɛ/,,*/mˈyʃ/,*/mˈɒtɑrəˤ/,*/mˈɑd͡ʒɑ/,,,,,,,*/mbəlˌɑχwˈɘɲɑ/,,,,,,,,,*/tˈy/,*/pɛrtˈɑpjɑ/,,,,,,,,,,,,,,,,,,*/tˌɒʎˈɑʃəˤ/,,,,,*/ʝˈɘdɑtɑ/,,,*/drˈɘtɑ/,,,*/dˌɒrɑɡijˈɑʃəˤ/,,*/drˈynɛ/,*/dˈamːəˤ/,*/dˈamːmjɑ/,,,,,,,*/dˈɒt͡ʃɑ/,*/d͡ʒˈɑ/,,,,,,,*/dwˈɒrɑ/,*/dwˈɒri/,,*/ʃθxjˈɑʃ/,,,,,,*/ʝˈɒlɑ/,,,,*/?1ˈɛlɑ/,,*/ʝˈy/,,*/θˈyʃjɛ/,*/θˈyʃ/,,*/ʃˈɛkᵝɑ/,,,,*/ɸˈɛrɑ/,*/ɸˈɛrɑm/,*/ɸˈɛrɑʃ/,,*/ʝˈymɑt͡ʃɑ/,,,,*/ʃtˈylɑ/,,*/ʃtˈɒɲɑ/,*/ʃtnɲˈɑ/,,,,,,*/pɛriʃtˈɒlɛ/,,,,,,,*/rˈyməˤ/,,,,,,*/ʃˈɛrmɑ/,,,*/nˈɒt͡ʃᵝɛ/,,,*/nˈy/,,*/nˈɑʃ/,,*/nˈɒʃʃɪ/,*/nˈɒʃɑ/,,*/lˈɒt͡ʃɛ/,*/lˈɒdɑ/,*/lˈɒdəˤ/,*/lˈɒdət͡ʃəˤ/,*/lˈɒdrɑ/,,,,,,,*/lˈʊɡɑ/,*/lˈɛwɡɘtɑ/,,,,,,,*/rˈʊðɑ/
R133,,,,,,,,,,,,,,,,,,,,,,,,,,,,,,,,,,,,,,,,,,,,,,,,,,,,,,,,,,,,,,,,,,,,,,,,,,,,,,,,,,,,,,,,,,,,,,,,,,,,,,,,,,,,,,,,,,*/pɛrˈɑjpɑ/,,,,,,,,,,,,,,,,,,,,,,,,,,,,,,,,,,,,,,,,,,,,,,,,,,,,,,,,,,,,,,,,,,,,,,,,,,,,,,,,,,,,,,,,,,,,,,,,,,,,,,,,,,,,,,,,,,,,,,,,,,,,,,,,,,,,,,,,,,,,,,,,,,,,,,,,,,,,,,,,,,,,,,,,,,,,,,,,,,,,,,,,,,,,,,,,,,,,,,,,,,,,,,,,,,,,,,,,,,,,,,,,,,,,,,,,,,,,,,,,,,,,,,,,,,,,,,,,,,,,,,,,,,,,,,,,,,,,,,,,,,,,,,,,,,,,,,,,,,,,,,,,,,,,,,,,,,,,,,,,,,,,,,,
R134,,,,,,,,,,,,,,,,,,,,,,,,,,,,,,,,,,,,,,,,,*/dˈɛrθʃ/,,,,,,,,,,,,,,*/ʝˈɛtʃɪ/,*/ʝˈɛttɪ/,,,,,,,,,,,,,,,,,,,,,,,,,,,,,,,,,,,,,,,,,,,,,,,,,,,,,,,,,,,,,,,,,,,,,,,,,,*/χrˈɛtθɛ/,,,,,,,,,,,,,,,,,,,,,,,,,,,,,,,,,,,,,,,,,,,,,,,,,,,,,,,,,*/wˈɛtʃɪ/,,,,,,,,,,,,,,,,,,,,,,,,,,,,*/pˈɑθʃ/,,,,,,,,,,,*/plˈɑtʃ/,,,,,,,,,*/plˈɛwʃtɛ/,,,,,,,,,,,,,,,,,,,,,,,,,,,,*/ɑnbˈʊnɘʃtɪ/,,,,,,,,,,,,,,,,,,,*/mˈɑttɪ/,,,,,,,,,,,*/mˈɑtʃ/,,,,,,,,,,,,,,,,,,,,,,,,,,,,,,,,,*/əˤd͡ʒˈɑθtəˤ/,,,,,,,,,,,,,,,,,,,,,,,,,,,,,,,,,,,,,,,,,,,,,,,,*/ʃˈɛt͡ʃᵝʃ/,,,,*/ʝˈɛt͡ʃtʃ/,,,,,,,,,,,,,,,,,,,,,,,,,,,,,,,,,,,,,,,,,,,,,,,,,,,,,,,,,,,,,,,
R135,,,,,,,,,,,,,,,,,,,,,,,,,,,,,,,,,,,,,,,,,,,,,,,,,,,,,,,,,,,,,,,,,,,,,,,,,,,,,,,,,,,,,,,,,,,,,,,,,,,,,,,,,,,,,,,,,,,,,,,,,,,,,,,,,,,,,,,,,,,,,,,,,,,,,,,,,,,,,,,,,,,,,,,,,,,,,,,,,,,,,,,,,,,,,,,,,,,,,,,,,,,,,,,,,,,,,,,,,,,,,,,,,,,,,,,,,,,,,,,,,,,,,,,,,,,,,,,,,,,,,,,,,,,,,*/bˈɛrrkɛ/,,,,,,,,,,,,,,,,,,,,,,,,,,,,,,,,,,,,,,,,,,,,,,,,,,*/ˈɑðʃtrdɑ/,,,,,,,,,,,,,,,,,,,,,,,,,,,,,,,,,,,,,,,,,,,,,,,,,,,,,,,,,,,,,,,,,,,,,,,,,,,,,,,,,,,,,,,,,,,,,,,,,,,,,,,,,,,,,,,,,,,,,,,,,,
R136,,,,,,,,,,,,,,,,,,,,,,,,,,,,,,,,,,,,,,,,,,,,,,,,,,,,,,,,,,,,,,,,,,,,,,,,,,,,,,,,,,,,,,,,,,,,,,,,,,,,,,,,,,,,,,,,,,,,,,,,,,,,,,,,,,,,,,,,,,,,,,,,,,,,,,,,,,,,,,,,,,,,,,,,,,,,,,,,,,,,,,,,,,,,,,,,,,,,,,,,,,,,,,,,,,,,,,,,,,,,,,,,,,,,,,,,,,,,,,,,,,,,,,,,,,,,,,,,,,,,,,,,,,,,,,,,,,,,,,,,,,,,,,,,,,,,,,,,,,,,,,,,,,,,,,,,,,,,,,,,,,,,,,,,,,,,,,,,,,,,,,,,,,,,,,,,,,,,,,,,,,,,,,,,,,,,,,,,,,,,,,,,,,,,,,,,,,,,,,,,,,,,,,,,,,,,,,,,,,,,,,,,,,,,,,,,,,*/lˈɛwɡtɑ/,,,,,,,
R137,,,,,,,,,,,,,,,,,,,,,,,,,,,,,,,,,,,,,,,,,,,,,,,,,,,,,,,,,,,,,,,,,,,,,,,,,,,,*/kˈɛlɑbʃ/,,,,,,,,,,,,,,,,,,,,,,,,,,,,,,,,,,,,,,,,,,,,,,,,,,,,,,,,,,,,,,,,,,,,,,,,,,,,,,,,,,,,,,,,,,,,,,,,,,,,,,,,,,,,,,,,,,,,,,,,,,,,,,,,,,,,,,,,,,,,,,,,,,,,,,,,,,,,,,,,,,,,,,,,,,,,,,,,,,,,,,,,,,,,,,,,,,,,,,,,,,,,,,,,,,,,,,,,,,,,,,,,,,,,,,,,,,,,,,,,,,,,,,,,,,,,,,,,,,,,,,,,,,,,,,,,,,,,,,,,,,,,,,,,,,,,,,,,,,,,,,,,,,,,,,,,,,,,,,,,,,,,,,,,,,,,,,,,,,,,,,,,,,,,,,,,,,,,*/lˈʊɡʃ/,,,,,,,,,
R138,,,,,,,,,,,,,,,,,,,,,*/d͡ʒˈɑnti/,,,,,,,,,,,,,,,,,,,,,,,,,,,,,,,,,,,,,,,,,,,,,,,,,,,,,,,,,,,,,,,,,,,,,,,,,,,,,,,,,,,,,,,,,,,,,,,,,,,,,,*/ˈɑntɑ/,,,,,,,,,,,,,,,,,,,,,,,,,,,,,,,,,,,,,,,,,,,,,,,,,,,,,,,,,,,,,,,,,,,,,,,,,,,,,,,,,,,,,,,,,,,,,,,,,,,,,,,,,,*/ɑnplˈɒntɪ/,,,,,,,,,,,,,,,,,,,,,,,,,,,,,,,,,,,,,,,,,,,,,,,,,,,,,,,,,,,,,,,,,,,,,,,,,,,,,,,,,,,,,,,,,,,,,,,,,,,,,,,,,,,,,,,,,,,,,,,,,,,,,,,,,,,,,,,,,,,,,,,,,,,,,,,,,,,,,,,,,,,,,,,,,,,,,,,,,,,,,,,,,,,,,,,,,,,,,,,,,,,,,,,,,,,,
R139,,,,,,,,,,,,,,,,,,,,,,,,,,,,,,,,,,,,,,,,,,,,,,,,,,,,,,,,,,,,,,,,,,,,,,,,,,,,,,,,,,,,,,,,,,,,,,,,,,,,,,,,,,,,,,,,,,,,,,,,,,,,,,,,,,,,,,,,,,,,,,,,,,,,,,,,,,,,,,,,,,,,,,,,,,,,,,,,,,,,,,,,,,,,,,,,,,,,,,,,,,,,,,,,,,,,,,,,,,,,,,,,,,,,,,,,,,,,,,,,,,,,,,,,,,,,,,,,,,,,,,,,,,,,,,,,,,,,,,,,,,,,,,,,,,,,,,,,,,,,,,,,,,,,,,,,,,,,,,,,,,,,,,,,,,,,,,,,,,,,,,,,,,,,,,,,,,,,,,,,,,,,,,,,,,,,,,,,,,,,,,,,,,,,,,,,,,,,,,,,,,,,,,,,,,,,,,,,,,,,,,,,,,,,,,,,,,,,,,,,,
R140,,,,,,,,,,,,,,,,,,,*/ðˈɪmbɛ/,,,,,,,,,,,,,,,*/ddˈimːi/,,,,,,,,,,,,,,,*/ʝˈɪmɛ/,,,,,,,,,,,,,,*/xrˈɪmɛ/,,,,,*/nːˈɪwnːɛm/,,*/ʝˈɪwnːɛm/,*/ʝˈɪmɛ/,,,,,,,,,,,,,,*/krˈɪpi/,*/ʝɛð?1rˈɪpi/,,,,,,,,,,,,,,,,,,,,,,,,,,,,,,,,,,,,,,,,,,,,,,,,,,,,,,,,,,,,,,,,,,,,,,,,,,,,,,,,,,,,,,,,,,,,,,,,,,,,,,,,,,,,,,,,,,,,,,,,,,,,,,,,,,,,,,,,,,,,,,,,,,,,,,,,,,,,,,,,,,,,,,,,,,,,,,,,,,,,,,,,,,,,,,,,,,,,,,,,,,,,,,,,,,,,,,,*/ʝɛntˈɪkᵝwɛ/,,*/ʝɛntˈekᵝwit/,,,,,,*/tˈeʊ̯rɛ/,*/tˈeʊ̯ri/,,,,,,,,,,,,,,,,,,,,,,,,,,,,,,,*/dˈɪmi/,,,,,,,,,,,,,,,,,,,,,,,,,,,,,,,,,,,,,,,,,,,,,,,,,,,,,,,,,,,,,,,,,,,,,,,*/nˈøt͡ʃᵝɛ/,,,,,,,,,,,,,,,,,,,,,,,,,,,,,
R141,,,,,,,,,,,,,,,,,,,,,,,,,,,,,,,,,,,,,,,,,,,,,,,*/xwəʝˈijɑ/,,,,,,,,,,,,,,,,,,*/ʝˌɛrðˈɪjɑ/,,,,,,,,,,,,,,,,,,,,,,,,,,,,,,,,,,,*/ˌɑjðˈɪjɑ/,,,,,,,*/χwɛlkˈijɑ/,,,,,,,,,,,,,,,,,,,,,,,,,,,,,,,,,,,,,,,,,,,,,,,,,,,,,,,,,,,,,,,,,,,,,,,,,,,,,,*/wɪnˈijɑ/,,,,,,,,,,,,,,,,,,,,,,,,*/pˈɪjɑ/,,,,,,,,,,,,,,,,,,,,,,,,,,,,,,,,,,,,,,,,,,,,,,,,,,,,,,,,,,,,,,,,,,,,,,,,,,,,,,,,,,,,,,,,,,,,,,,,,,,,,,,,,,,,,,,,,,,,,,,,,,,,,,,,,,,,,,,,,,,,,,,,,,,,,,,,,,,,,,,,,,,,,,,,,,,,,,,,,,,,,,,,,,,,,,,,,,,,,,,,,,,,,,,,,,,,,,,,,,,,,,,,,,,,,,,,
R142,,,,,,,,,,,,,,,,,,,,,,,,,,,,,,,,,,,,,,,,,,,,,,,,,,,,,,,,,,,,,,,,,,,,,,,,,,,,,,,,,,,,,,,,,,,,,,,,,,,,,,,,,,,,,,,,,,,,,,,,,,,,,,,,,,,,,,,,,,,,,,,,,,,,,,,,,,,,,,,,,,,,,,,,,,,,,,,,,,,,,,,,,,,,,,,,,,,,,,,,,,,,,,,,,,,,,,,,,,,,,,,,,,,,,,,,,,,,,,,,,,,,,,,,,,,,,,,,,,,,,,,,,,,,,,,,,,,,,,,,,,,,,,,,,,,,,,,,,,,,,,,,,,,,,,,,,,,,,,,,,,,,,,,,,,,,,,,,,,,,,,,,,,,,,,,,,,,,,,,,,,,,,,,,,,,,,,,,,,,,,,,,,,,,,,,,,,,,,,,,,,,,,,,,,,,,,,,,,,,,,,,,,,,,,,,,,,,,,,,,,
R143,,,,,,,,,,,,,,,,,,,,,,,,,,,,,,,,,,,,,,,,,,,,,,,,,,,,,,,,,,,,,,,,,,,,,,,,,,,,,,,,,,,,,,,,,,,,,,,,,,,,,,,,,,,,,,,,,,,,,,,,,,,,,,,,,,,,,,,,,,,,,,,,,,,,,,,,,,,,,,,,,,,,,,,,,,,,,,,,,,,,,,,,,,,,,,,,,,,,,,,,,,,,,,,,,,,,,,,,,,,,,,,,,,,,,,,,,,,,,,,,,,,,,,,,,,,,,,,,,,,,,,,,,,,,,,,,,,,,,,,,,,,,,,,,,,,,,,,,,,,,,,,,,,,,,,,,,,,,,,,,,,,,,,,,,,,,,,,,,,,,,,,,,,,,,,,,,,,,,,,,,,,,,,,,,,,,,,,,,,,,,,,,,,,,,,,,,,,,,,,,,,,,,,,,,,,,,,,,,,,,,,,,,,,,,,,,,,,,,,,,,
R144,,,,,,,,,,,,,,,*/kʎˈɔɲɑ/,,,,,,,,,,,,,,,*/dwˈɔɡɛ/,,,,,,,,*/dˈɔrɑ/,*/dˈɔrɛ/,,,,,,,,,,,,,,,,,,,,,,,,,,,,,,,,,*/kˌɔpˈɑʃtəˤ/,,*/kʝˈɔɲɛ/,,,,*/?1ˈɔlɛ/,*/?1ˈɔliʃtɑ/,,,,,,,,,,,,,,,,*/ˈɔtrɑ/,,*/ʝˌɑθˈɔtəˤ/,,,,,,,,,,,,*/χwˌɔʎˈɑʃəˤ/,,,,,,,,,,,,,,,*/nːˈɔt͡ʃɑ/,,,,,,,,,,,*/ˈɔʊ̯lɛ/,*/ˈɔʊ̯ləˤ/,,,,,*/mˈɔrri/,,,,,,,,,*/kᵝˈɔlɑ/,,,,,,*/kᵝˈɔrnɑ/,,,,,,,,,*/kᵝ̬ˈɔrxʷmɑ/,,,,*/ʝətˈɔtəˤ/,,*/ʝˈɔʃɑ/,*/ʝˈɔʃɑ/,,,,,,,,,,,,*/wˈɔðəʃɑ/,,,,,,,,*/wˈɔlɑ/,,,,,,,,,,,,,,,,,,,,,,,,,*/pˈɔnəˤ/,,,,,,,,,,*/plˈɔtəˤ/,*/ɑnplˈɔɲɑ/,*/ɑnplˈɔntɪ/,,,,,,,*/pˈɔlːɑ/,,,,,,,*/pˌɔrd͡ʒˈɑʃəˤ/,*/pˈɔrdɑ/,,,,,,,,,,,,,,,,,*/bwˈɔtɑ/,,,,,,,,,,,*/bˈɔrrɛ/,,,,*/blˈɔrəˤ/,*/blˈɔɡrɑ/,,*/mˈɔt͡ʃᵝɛ/,,,,,*/mˈɔti/,*/mˌɔtˈɛʃʃɑ/,*/mˈɔnʃjɛ/,,,*/mˈɔtɑrəˤ/,,,,,,,,,,,,,,,,,,,,,,,,,,,,,,,,,,,,*/tˌɔʎˈɑʃəˤ/,,,,,,,,,,,*/dˌɔrɑɡijˈɑʃəˤ/,,,,,,,,,,,*/dˈɔt͡ʃɑ/,,,,,,,,*/dwˈɔrɑ/,*/dwˈɔri/,,,,,,,,*/ʝˈɔlɑ/,,,,,,,,,,,,,,,,,,,,,,,,,*/ʃtˈɔɲɑ/,,,,,,,*/pɛriʃtˈɔlɛ/,,,,,,,,,,,,,,,,,,,,,,,*/nˈɔʃʃɪ/,*/nˈɔʃɑ/,,*/lˈɔt͡ʃɛ/,*/lˈɔdɑ/,*/lˈɔdəˤ/,*/lˈɔdət͡ʃəˤ/,*/lˈɔdrɑ/,,,,,,,,,,,,,,,
R145,,,,,*/t͡ʃˈɑrɑvɛ/,,,,,,,,,,,,,,*/ðˈɪmvɛ/,,,,,,,,,,,,,,,,,,,,,,,,,,,,,,,,,,,,,,,,,,,,,,,,,,,,,,,,,,,,,,,,,,,,,,,,,,,,,,,,,,,,,,,,,,,,,,,,,,,,,,,,,,,,,,,,,,,,,,,,,,,,,,,,,,,,,,,,,,,,,,,,,,,,,,,,,,,,,,,,,,,,,,,,,,,,,,,,,,,,,,,,,,,,,,,,,,,,,,,,,,,,,,,,,,,,,,,,,,,,,,,,,,,,,,,,,,,,,,,,,,,,,,,,,,,,,,,,,,,,,,,,,,,,,,,,,,,,,,,,,,,,,,,,,,,,,,,,,,,,,,,,,,,,,,,,,,,,,,,,,,,,,,,,,,,,,,,,,,,,,,,,,,,,,,,,,,,,,,,,,,,,,,,,,,,,,,,,,,,,,,,,,,,,,,,,,,,,,,,,,,,,,,,,,,,,,,,,,,,,,,
R146,,,,,,,,,,,,,,,,,,,,,,,,,,,,,,,,,,,,,,,,,,,,,,,,,,,,,,,,,,,,,,,,,,,,,,,,,,,,,,,,,,,,,,,,,,,,,,,,,,,,,,,,,,,,,,,,,,,,,,,,,,,,,,,,,,,,,,,,,,,,,,,,,,,,,,,,,,,,,,,,,,,,,,,,,,,,,,,,,,,,,,,,,,,,,,,,,,,,,,,,,,,,,,,,,,,,,,,,,,,,,,,,,,,,,,,,,,,,,,,,,,,,,,,,,,,,,,,,,,,,,,,,,,,,,,,,,,,,,,,,,,,,,,,,,,,,,,,,,,,,,,,,,,,,,,,,,,,,,,,,,,,,,,,,,,,,,,,,,,,,,,,,,,,,,,,,,,,,,,,,,,,,,,,,,,,,,,,,,,,,,,,,,,,,,,,,,,,,,,,,,,,,,,,,,,,,,,,,,,,,,,,,,,,,,,,,,,,,,,,,,
R147,,,,,,,,,,,,,,,,,,,,,,,,,,,,,,,,,,,,,,,,,,,,,,,,,,,,,,,,,,,,,,,,,,,,,,,,,,,,,,,,,,,,,,,,,,,,,,,,,,,,,,,,,,,,,,,,,,,,,,,,,,,,,,,,,,,,,,,,,,,,,,,,,,,,,,,,,,,,,,,,,,,,,,,,,,,,,,,,,,,,,,,,,,,,,,,,,,,,,,,,,,,,,,,,,,,,,,,,,,,,,,,,,,,,,,,,,,,,,,,,,,,,,,,,,,,,,,,,,,,,,,,,,,,,,,,,,,,,,,,,,,,,,,,,,,,,,,,,,,,,,,,,,,,,,,,,,,,,,,,,,,,,,,,,,,,,,,,,,,,,,,,,,,,,,,,,,,,,,,,,,,,,,,,,,,,,,,,,,,,,,,,,,,,,,,,,,,,,,,,,,,,,,,,,,,,,,,,,,,,,,,,,,,,,,,,,,,,,,,,,,
R148,,,,,,,,,,,,,,,,,,,,,,,,,,,,,,,,,,,,,,,,,,,,,,,,,,,,,,,,,,,,,,,,,,,,,,,,,,,,,,,,,,,,,,,,,,,,,,,,,,,,,,,,,,,,,,,,,,,,,,,,,,,,,,,,,,,,,,,,,,,,,,,,,,,,,,,,,,,,,,,,,,,,,,,,,,,,,,,,,,,,,,,,,,,,,,,,,,,,,,,,,,,,,,,,,,,,,,,,,,,,,,,,,,,,,,,,,,,,,,,,,,,,,,,,,,,,,,,,,,,,,,,,,,,,,,,,,,,,,,,,,,,,,,,,,,,,,,,,,,,,,,,,,,,,,,,,,,,,,,,,,,,,,,,,,,,,,,,,,,,,,,,,,,,,,,,,,,,,,,,,,,,,,,,,,,,,,,,,,,,,,,,,,,,,,,,,,,,,,,,,,,,,,,,,,,,,,,,,,,,,,,,,,,,,,,,,,,,,,,,*/lˈœːdrɛ/,,
R149,,,,,,,,,,,,,,,,,,,,,,,,,,,,,,,,,,,,,,,,,,,,*/ʝˈɛːðʃtɛʃ/,,,,,,,,,,,,,,,,,,,,,,,,,,,,,,,,,,,,,,,,,,,,,,,,,,,,,,,,,,,,,,,,,,,,,,,,,,,,,,,,,,,,,,,,,,,,,,,,,,,,,,,,,,,,,,,,,,,,,,,,,,,,,,,,,,,,,,,,,,,,,,,,,,,,,,,,,,,,,,,,,,,,,,,,,,,,,,,,,,,,,,,,,,,,,,,,,,,,,,,,,,,,,,,,,,,,,,,,,,,,,,,,,,,,,,,,,,,,,,,,,,,,,,,,,,,,,,,,,,,,,,,,*/ɑːðʃtɐpjˈɛtɪ/,,,,,,,,,,,*/ˈɑːðʃtrdɑ/,,,,,,,,,,,,,,,,,,,,,,,,,,,,,,,,,,,,,,,,,,,,*/ʝjˈɑːθʃtəˤ/,,,,,,,,,,,,,,,,,,,,,,,,,,,,,,,,,,,,,,,,,,,,,,,,,,,,,,,,,,,,,,,,,,,,,,,,,,,,,,
R150,,,,,,,,,,,,,,,,,,,,,,,,,,,,,,,,,,,,,,,,,,,,*/ʝˈɛːʃtɛʃ/,,,,,,,,,,,,,,,,,,,,,,,,,,,,,,,,,,,,,,,,,,,,,,,,,,,,,,,,,,,,,,,,,,,,,,,,,,,,,,,,,,,,,,,,,,,,,,,,,,,,,,,,,,,,,,,,,,,,,,,,,,,,,,,,,,,,,,,,,,,,,,,,,,,,,,,,,,,,,,,,,,,,,,,,,,,,,,,,,,,,,,,,,,,,,,,,,,,,,,,,,,,,,,,,,,,,*/nːtˈəˤ/,,,,,,,,,,,,,,,,,,,,,,,,,,,,,,,,,,,,,,,,,,,,,,,,,,,,*/ɑːʃtɐpjˈɛtɪ/,,,,,,,,,,,*/ˈɑːʃrdɑ/,,,,,,,,,,,,,,,,,,,,,,,,,,,,,,,,,,,,,,,,,,,,*/ʝjˈɑːʃtəˤ/,,,,,,,,,,,,,,,,,,,,,,,,,,,,,,,,,,,,,,,,,,,,,,,,,,,,,,,,,,,,,,,,,,,,,,,,,,,,,,
R151,,,,,,,,,,,,*/θˈukɑ/,*/θˈupɛ/,*/tɛθˈupɛ/,*/kʎˈoɲɑ/,,,,,,,,,,*/nːˈunɛ/,*/ɡrˈunɑ/,*/ɡrˈuɲɑ/,,,*/dwˈoɡɛ/,,,,,,,,*/dˈorɑ/,*/dˈorɛ/,,,,,,,*/ˈudʎɛm/,,,,,,,,,,,,,,*/ʝədˈunɑ/,,,,,,*/ˈurðɑ/,*/xrˈɛnːu/,,,,,*/kˌopˈɑʃtəˤ/,,*/kʝˈoɲɛ/,,,,*/?1ˈolɛ/,*/?1ˈoliʃtɑ/,,,,,,,,,,,,,,,,*/ˈotrɑ/,*/ʝˈɛθu/,*/ʝˌɑθˈotəˤ/,*/ˈiut͡ʃᵝi/,,,,,,,,,,,*/χwˌoʎˈɑʃəˤ/,,,,,,,,,,,,,,,*/nːˈot͡ʃɑ/,,,,,,,,,,*/ˈutɛ/,*/ˈoʊ̯lɛ/,*/ˈoʊ̯ləˤ/,,,,,*/mˈorri/,,,,,,,,,*/kᵝˈolɑ/,*/kᵝˈur/,,,,,*/kᵝˈornɑ/,,,,,,,*/ˌɑnkᵝ̬rˈunɑ/,,*/kᵝ̬ˈorxʷmɑ/,,,,*/ʝətˈotəˤ/,,*/ʝˈoʃɑ/,*/ʝˈoʃɑ/,,,,,,,,,,,,*/wˈoðəʃɑ/,,,,,,,*/unt͡ʃˈɑt͡ʃəˤ/,*/wˈolɑ/,,,,,,*/ˈult͡ʃᵝɛ/,,,,*/wrˈuɲɑ/,,,*/wˈurwɑ/,*/ˈurtəˤ/,,*/ˈurnɑ/,,,,,,,,,*/pˈonəˤ/,,,*/pˈuθɑ/,*/pˈunːɑ/,,,,,,*/plˈotəˤ/,*/ɑnplˈoɲɑ/,*/ɑnplˈontɪ/,,,,,,,*/pˈolːɑ/,,,,,,,*/pˌord͡ʒˈɑʃəˤ/,*/pˈordɑ/,,,,,,,,,,,,,,,,,*/bwˈotɑ/,*/bˈutəˤ/,*/ɑnbˈunɘʃtɪ/,,,,,,,,,*/bˈorrɛ/,,,,*/blˈorəˤ/,*/blˈoɡrɑ/,,*/mˈot͡ʃᵝɛ/,,,,,*/mˈoti/,*/mˌotˈɛʃʃɑ/,*/mˈonʃjɛ/,,,*/mˈotɑrəˤ/,,,,,,,,,*/mˈɛlxʷmu/,,,,,,*/tˈuj/,,,,,,,*/tˈulːɛ/,,,,,,,*/ɑntrˈudɑ/,,,,,,,*/tˌoʎˈɑʃəˤ/,,,,,,,,,,,*/dˌorɑɡijˈɑʃəˤ/,*/drˈunɛ/,,,,,,,*/ɑnːˈɛθʃu/,,,*/dˈot͡ʃɑ/,,,,,,,,*/dwˈorɑ/,*/dwˈori/,,,,,,,,*/ʝˈolɑ/,,,,,,,,,,,,,*/ʝˈumɛ/,,,,,,,,,,,,*/ʃtˈoɲɑ/,,,,,,,*/pɛriʃtˈolɛ/,,,,,,,,*/rˈumɪ/,,,,,,,,,,,,,,,*/nˈoʃʃɪ/,*/nˈoʃɑ/,,*/lˈot͡ʃɛ/,*/lˈodɑ/,*/lˈodəˤ/,*/lˈodət͡ʃəˤ/,*/lˈodrɑ/,,,,,*/lˈuməˤ/,*/lˈuɡʃ/,*/lˈuɡɑ/,,,,,*/lˈumɛ/,*/lˈøːdrɛ/,*/ludˈit͡ʃɑ/,*/rˈuðɑ/
R152,,,,,,,,,,,,,,,,,,,,,,,,,,,,,,,,,,,,,,,,,,,,,,,,,,,,,,,,,,,,,,,,,,,,,,,,,,,,,,,,,,,,,,,,,,,,,,,,,,,,,,,,,,,,,,,,,,,,,,,,,,,,,,,,,,,,,,,,,,,,,,,,,,,,,,,,,,,,,,,,,,,,,,,,,,,,,,,,,,,,,,,,,,,,,,,,,,,,,,,,,,,,,,,,,,,,,,,,,,,,,,,,,,,,,,,,,,,,,,,,,,,,,,,,,,,,,,,,,,,,,,,,,,,,,,,,,,,,,,,,,,,,,,,,,,,,,,,,,,,,,,,,,,,,,,,,,,,,,,,,,,,,,,,,,,,,,,,,,,,,,,,,,,,,,,,,,,,,,,,,,,,,,,,,,,,,,,,,,,,,,,,,,,,,,,,,,,,,,,,,,,,,,,,,,,,,,,,,,,,,,,,,,,,,,,,,,,,,,,,,,
R153,,,,,,,,,,,,,,,,,,,,,,,,,,,,,,,,,,,,,,,,,,,,,,,,,,,,,,,,,,,,,,,,,*/ʝˌɛrðˈijɑ/,,,,,,,,,,,,,,,,,,,,,,,,,,,,,,,,,,,*/ˌɑjðˈijɑ/,,,,,,,,,,,,,,,,,,,,,,,,,,,,,,,,,,,,,,,,,,,,,,,,,,,,,,,,,,,,,,,,,,,,,,,,,,,,,,,,,,,,,,,,,,,,,,,,,,,,,,,,,,,,,*/pˈijɑ/,,,,,,,,,,,,,,,,,,,,,,,,,,,,,,,,,,,,,,,,,,,,,,,,,,,,,,,,,,,,,,,,,,,,,,,,,,,,,,,,,,,,,,,,,,,,*/ʝɛntˈikᵝwɛ/,,,,,,,,,,,,,,,,,,,,,,,,,,,,,,,,,,,,,,,,,,,,,,,,,,,,,,,,,,,,,,,,,,,,,,,,,,,,,,,,,,,,,,,,,,,,,,,,,,,,,,,,,,,,,,,,,,,,,,,,,,,,,,,,,,,,,,,,,,,,
R154,,,,,,,,,,,,,,,,,,,,,,,,,,,,,,,,,,,,,,,,,,,,,,,,,,,,,,,,,,,,,,,,,,,,,,,,,,,,,,,,,,,,,,,,,,,,,,,,,,,,,,,,,,,,,,,,,,,,,,,,,,,,,,,,,,,,,,,,,,,,,,,,,,,,,,,,,,,,,,,,,,,,,,,,,,,,,,,,,,,,,,,,,,,,,,,,,,,,,,,,,,,,,,,,,,,,,,,,,,,,,,,,,,,,,,,,,,,,,,,,,,,,,,,,,,,,,,,,,,,,,,,,,,,,,,,,,,,,,,,,,,,,,,,,,,,,,,,,,,,,,,,,,,,,,,,,,,,,,,,,,,,,,,,,,,,,,,,,,,,,,,,,,,,,,,,,,,,,,,,,,,,,,,,,,,,,,,,,,,,,,,,,,,,,,,,,,,,,,,,,,,,,,,,,,,,,,,,,,,,,,,,,,,,,,,,,,,,,,,,,,
R155,,,,,,,,,,,,,,,,,,,*/ðˈemvɛ/,,,*/ðəˤxʷʃθˈɛte/,*/ðəˤxʷʃθˈɛʃe/,,,,,,,,,,,,,*/dˈɛʃe/,,,,,,,,,,,,*/xwəʝˈiɛte/,*/ʝˈemɛ/,,,,,,*/ʝˈɛtʃe/,*/ʝˈɛtte/,*/ʝˈɛʃe/,*/ʝˈɛʃte/,,,,*/ʝˈɛrðəte/,*/xrˈemɛ/,,,,,*/nːˈewnːɛm/,,*/ʝˈewnːɛm/,*/ʝˈemɛ/,,,,,,,,,,,,,,*/krˈepi/,*/ʝɛð?1rˈepi/,,,,,,,,,,,,,,,,,,,,,,,,,,,,,,,,,,,,,,,,,,,,,,,*/ˈɑe/,,,,,,*/mɑˈɑrnəʃe/,*/mɑˈɑrnəte/,,,,,,,,,,,,,,*/t͡ʃᵝˌɛlˈiɛte/,,,,,,,,,,,,,,,,,,,,,,,,,,,*/wˈɛðəʃe/,*/wˈɛðəte/,,,*/wenˈijɑ/,,*/wˈɛtʃe/,*/wˌɛtˈɛʃʃe/,,,,,*/wˈɛləte/,,,,,,,,,,,,,,,,,*/pˈeɛte/,,,,,,,,,,,,,*/pˈɛdʃe/,,,,,,*/ɑnplˈonte/,,,,,,,,,,*/pɛre/,,,*/pˈɛrdəte/,,,,*/binˈɛte/,,,,,*/bnɲˈɛte/,*/bnɲˈɛʃe/,,,,,,,,,,,*/ɑnbˈunɘʃte/,,,,,,,,,,,,,,,,,,,*/mˈɑtte/,,,,,,,,,,,,*/mˈɑte/,,,,,,,,,,,,,,*/ɑːʃtɐpjˈɛte/,,,,,,,,,,,,,,,,,,,,,,,,,,,,,,,,,*/dˈemi/,,,,,,,,,,,,*/ˈɑnːɛt͡ʃᵝ̬jɛte/,,,,,,*/ʃθˈire/,*/ʃe/,,,,,*/?1ɛwdˈɛte/,,,,,,,,,,,,,,,,,,,,,,,,,,,,,,,,,,,,,,,*/rˈume/,,,,*/ʃɛrbˈiɛte/,,,,,,,,,,,*/nˈoʃʃe/,,,,,,,,,,,*/lɑʃθˈɛte/,,,,,,,,,,,
R156,,,,,,,,,,,,,,,,,,,,,,,,,,,,,,,,,,,,,,,,,,,,,,,,,,,,,,,,,,,,,,,,,,,,,,,,,,,,,,,,,,,,,,,,,,,,,,,,,,,,,,,,,,,,,,,,,,,,,,,,,,,,,,,,,,,,,,,,,,,,,,,,,,,,,,,,,,,,,,,,,,,,,,,,,,,,,,,,,,,,,,,,,,,,,,,,,,,,,,,,,,,,,,,,,,,,,,,,,,,,,,,,,,,,,,,,,,,,,,,,,,,,,,,,,,,,,,,,,,,,,,,,,,,,,,,,,,,,,,,,,,,,,,,,,,,,,,,,,,,,,,,,,,,,,,,,,,,,,,,,,,,,,,,,,,,,,,,,,,,,,,,,,,,,,,,,,,,,,,,,,,,,,,,,,,,,,,,,,,,,,,,,,,,,,,,,,,,,,,,,,,,,,,,,,,,,,,,,,,,,,,,,,,,,,,,,,,,,,,,,,
R157,,,,,,,,,,,,,,,,,,,,,,,,,,,,,,,,,,,,,,,,,,,,,,,,,,,,,,,,,,,,,,,,,,,,,,,,,,,,,,,,,,,,,,,,,,,,,,,,,,,,,,,,,,,,,,,,,,,,,,,,,,,,,,,,,,,,,,,,,,,,,,,,,,,,,,,,,,,,,,,,,,,,,,,,,,,,,,,,,,,,,,,,,,,,,,,,,,,,,,,,,,,,,,,,,,,,,,,,,,,,,,,,,,,,,,,,,,,,,,,,,,,,,,,,,,,,,,,,,,,,,,,,,,,,,,,,,,,,,,,,,,,,,,,,,,,,,,,,,,,,,,,,,,,,,,,,,,,,,,,,,,,,,,,,,,,,,,,,,,,,,,,,,,,,,,,,,,,,,,,,,,,,,,,,,,,,,,,,,,,,,,,,,,,,,,,,,,,,,,,,,,,,,,,,,,,,,,,,,,,,,,,,,,,,,,,,,,,,,,,,,
R158,,,,,,,,,,,,,,,,,,,*/ðˈevɛ/,,,,,,,,,,,,,,,,,,,,,,,,,,,,,,,,,,,,,,,,,,,,,,,,,,,,,,,,,,,,,,,,,,,,,,,,,,,,,,,,,,,,,,,,,,,,,,,,,,,,,,,,,,,,,,,,,,,,,,,,,,,,,,,,,,,,,,,,,,,,,,,,,,,,,,,,,,,,,,,,,,,,,,,,,,,,*/ut͡ʃˈɑt͡ʃəˤ/,,,,,,,,,,,,,,,,,,,,,,,,,,,,,,,,,,,,,,,,,,,,,,,,,,,,,,,,,,,,,,,,,,,,,,,,,,,,,,,,,,,,,,,,,,,,,,,*/mˈoʃjɛ/,,,,,,,,,,,,,,*/ʝɛt͡ʃˈɑkᵝɑ/,,,,,,,,,,,,,,,,,,,,,,,,,,,,,,,,,,,,,,,,,,,,,,,,,,,,,,,,,,,,,,,,,,,,,,,,,,,,,,,,,,,,,,,,,,,,,,,,,,,,,,,,,,,,,,,,,,,,,,,,,,,,,,,,,,,,,,,,,,,,,
=Middle Proto-Albanian II,null*/θˈiɲɑ/,null*/θˈɑmbərɑ/,null*/θˈɛʃtrɛm/,null*/θxʷmˈɛdʃ/,null*/t͡ʃˈɑrɑvɛ/,null*/t͡ʃˈɑrɑbəˤtəˤ/,null*/t͡ʃˈɑrɑt͡ʃəˤ/,null*/θˈɛrxmɛ/,null*/t͡ʃˈɑrɑkɛ/,null*/θˈɛiləˤ/,null*/t͡ʃˈɑwkɑ/,null*/θˈukɑ/,null*/θˈupɛ/,null*/tɛθˈupɛ/,null*/kʎˈoɲɑ/,null*/klɛwɲɑ/,null*/d͡ʒˈɑmɑtɑrɑ/,null*/d͡ʒˈɑmbɑ/,null*/ðˈevɛ/,null*/nːˈamːəˤ/,null*/d͡ʒˈɑnti/,null*/ðəˤxʷʃθˈɛte/,null*/ðəˤxʷʃθˈɛʃe/,null*/nːˈɑʃθɑ/,null*/nːˈunɛ/,null*/ɡrˈunɑ/,null*/ɡrˈuɲɑ/,null*/dimˈɛnɛ/,null*/dwˈɛnɛ/,null*/dwˈoɡɛ/,null*/dˈylɛʃ/,null*/ddˈɑm/,null*/d͡ʒˈɑðɑʃ/,null*/ddˈimːi/,null*/dd͡ʒˈɛʃ/,null*/dˈɛʃe/,null*/dˈɛdət͡ʃɑ/,null*/dˈorɑ/,null*/dˈorɛ/,null*/dˈɛʎɛ/,null*/dˈɛrθʃ/,null*/drˈɘdɑ/,null*/ʝˈɛðʃ/,null*/ʝˈɛːʃtɛʃ/,null*/ʝˈy/,null*/ˈudʎɛm/,null*/xwəʝˈijɑ/,null*/xwəʝˈiɛte/,null*/ʝˈemɛ/,null*/xmɛ/,null*/xmˈɑm/,null*/xwjˈɑnɑ/,null*/ʝˈɛtərɛ/,null*/ʝˈɛt͡ʃɑ/,null*/ʝˈɛtʃe/,null*/ʝˈɛtte/,null*/ʝˈɛʃe/,null*/ʝˈɛʃte/,null*/ʝˌɛʃˈɛnːɛ/,null*/ʝədˈunɑ/,null*/ʝˈɑrðɑ/,null*/ʝˈɛrðəte/,null*/xrˈemɛ/,null*/xʎˈɑpɑ/,null*/ʝˌɛrðˈijɑ/,null*/ˈurðɑ/,null*/xrˈɛnːu/,null*/nːˈewnːɛm/,null*/ʝˈyʃ/,null*/ʝˈewnːɛm/,null*/ʝˈemɛ/,null*/kˌopˈɑʃtəˤ/,null*/kˈɑpɑ/,null*/kʝˈoɲɛ/,null*/kʃˈɑlːɛʃ/,null*/kˈɛlɑbʃ/,null*/kjˈɑlɑ/,null*/?1ˈolɛ/,null*/?1ˈoliʃtɑ/,null*/?1ˈɛləmɛ/,null*/diʃ?1jˈɑləˤ/,null*/diʃ?1jˈɑlːəˤ/,null*/ʝɛðʃ?1ˈɛʎɑ/,null*/kjˈɑrpɑ/,null*/krˈepi/,null*/ʝɛð?1rˈepi/,null*/krˈɛpʃɑ/,null*/ɡwˈɛdɛ/,null*/ɡwˈɛdi/,null*/ɡlˈɑt͡ʃɑ/,null*/ɡʎˈɑβɑ/,null*/ʝɛnɡrˌɛdˈiʃθɑ/,null*/ɡˈɛrdɛ/,null*/ɑð?1̬jˈɑrdɑ/,null*/ˈotrɑ/,null*/ʝˈɛθu/,null*/ʝˌɑθˈotəˤ/,null*/ˈiut͡ʃᵝi/,null*/ˈɑjðɛ/,null*/ˌɑjðˈijɑ/,null*/ˈumjɑ/,null*/ˈɑjdəθɑj/,null*/ˈɑw/,null*/xwid͡ʒˈɑɑ/,null*/ˈɑi/,null*/ˈɑʊ̯ɡɛ/,null*/χwɛlkˈijɑ/,null*/χwˈɛjlɑ/,null*/χwˌoʎˈɑʃəˤ/,null*/χwjˈɑrnəˤ/,null*/xwˈɛjlɑ/,null*/χpˈɛ/,null*/χpjˈɑɑw/,null*/pɛrˈɑjpɑ/,null*/ˈɑmmɑ/,null*/χmjˈɑlðɑ/,null*/χmjˈɑlːnəˤ/,null*/ˈɑt͡ʃɑ/,null*/ˈɑt͡ʃənɛ/,null*/ˌɑn/,null*/ˈɑnːɑ/,null*/ˈɑɲɑ/,null*/ˈɑntɑ/,null*/nːˈot͡ʃɑ/,null*/ˈɑndɛ/,null*/ˈɑndi/,null*/nːˈɛr/,null*/ˈɑlbi/,null*/χlˈidɛ/,null*/χrˈɛtθɛ/,null*/ˈɑrtθɛ/,null*/ˈɑjdɛ/,null*/ˈɑe/,null*/ˈutɛ/,null*/ˈoʊ̯lɛ/,null*/ˈoʊ̯ləˤ/,null*/ʝˈɛrði/,null*/mɑˈɑrnɑ/,null*/mɑˈɑrnəʃe/,null*/mɑˈɑrnəte/,null*/mˈorri/,null*/t͡ʃᵝˈilɑ/,null*/ˈəˤt͡ʃᵝəlɑ/,null*/t͡ʃᵝˈiʃ/,null*/t͡ʃᵝˈi/,null*/kᵝˈɑ/,null*/t͡ʃᵝˈɛm/,null*/t͡ʃᵝˈɛʃjɛ/,null*/t͡ʃᵝˈɛʃθɛ/,null*/kᵝˈolɑ/,null*/kᵝˈur/,null*/t͡ʃᵝjˈɑlɑ/,null*/t͡ʃᵝˈɛlɛ/,null*/t͡ʃᵝˌɛlˈiɛte/,null*/t͡ʃᵝɛlɑʃθˈamːəˤ/,null*/kᵝˈornɑ/,null*/kᵝrˈimi/,null*/kᵝ̬ˈɑrrɛ/,null*/ˌɑnkᵝ̬ʎˈɑʃəˤ/,null*/ɑnkᵝ̬rɑ/,null*/ɑnkᵝ̬rˈɛʃi/,null*/ˈɑnkᵝ̬rxʷmɛ/,null*/ˌɑnkᵝ̬rˈunɑ/,null*/ˌɑnkᵝ̬rnːnəˤ/,null*/kᵝ̬ˈorxʷmɑ/,null*/t͡ʃᵝ̬ˈɛrmɛʃ/,null*/t͡ʃᵝ̬ˈɛrnɛʃ/,null*/t͡ʃᵝ̬ˈɛrɲɑ/,null*/ʝətˈotəˤ/,null*/xʷt͡ʃᵝˈi/,null*/ʝˈoʃɑ/,null*/ʝˈoʃɑ/,null*/ʝˈɑmɑ/,null*/ʝˈɛdrɑ/,null*/ʝˈɛ?1ɛ/,null*/ʝˈɛʃtənɑ/,null*/xʷlˈɛɡɛ/,null*/ʝˈɛrd͡ʒɛ/,null*/xʷrˈɛwkθɛ/,null*/wjˈɑðɑ/,null*/wˈɛðəʃe/,null*/wˈɛðəte/,null*/xwˌɛðˈɛnːi/,null*/wˈoðəʃɑ/,null*/wenˈijɑ/,null*/wˈɛmjɑ/,null*/wˈɛtʃe/,null*/wˌɛtˈɛʃʃe/,null*/wˈɛtwɛʃθɛ/,null*/wˈɛtɛ/,null*/ut͡ʃˈɑt͡ʃəˤ/,null*/wˈolɑ/,null*/wˈɛləte/,null*/wjˈɑlɑ/,null*/wɑʎˈɑʃəˤ/,null*/did͡ʒˈɑləˤtəˤ/,null*/diʃɛntɛrwjˈɑlɑ/,null*/ˈult͡ʃᵝɛ/,null*/wjˈɑlʃɑ/,null*/wjˈɑlːɑ/,null*/wˈɛrrənɑ/,null*/wrˈuɲɑ/,null*/wrˈɑnːi/,null*/wrˈɑnːəd͡ʒɑ/,null*/wˈurwɑ/,null*/ˈurtəˤ/,null*/wˈɛrrənɑ/,null*/ˈurnɑ/,null*/pˈijɑ/,null*/pˈeɛte/,null*/pˈɛtʃjɑ/,null*/pˈɛdɛ/,null*/pˈɑtəˤ/,null*/pˈɑʃʝəˤ/,null*/pˈɑθʃ/,null*/pˈɑʃ/,null*/pˈonəˤ/,null*/pjˈɑkᵝɑ/,null*/pjˈɑkᵝəˤ/,null*/pˈuθɑ/,null*/pˈunːɑ/,null*/pˌɛt͡ʃˈɑʃəˤ/,null*/pˈɛdʃe/,null*/pˈɛʃtt͡ʃᵝɛ/,null*/plˈɑt͡ʃɑ/,null*/plˈɑtʃ/,null*/plˈotəˤ/,null*/ɑnplˈoɲɑ/,null*/ɑnplˈonte/,null*/pˈɛlxmɛ/,null*/pjˈɑləˤ/,null*/pjˈɑlɑ/,null*/plˈɑkɛ/,null*/ʝɛðɸˈɑlɑ/,null*/plˈɛwʃtɛ/,null*/pˈolːɑ/,null*/pjˈɑlːəˤ/,null*/pɛr/,null*/pɛre/,null*/ɸˈɛrrɛ/,null*/pjˈɑrdɑ/,null*/pˈɛrdəte/,null*/pˌord͡ʒˈɑʃəˤ/,null*/pˈordɑ/,null*/ɑðɸˈɛʎɑ/,null*/binˈɛte/,null*/bˈiʎɑ/,null*/bˈirrɛ/,null*/bχlˈɛm/,null*/bnːˈɛ/,null*/bnɲˈɛte/,null*/bnɲˈɛʃe/,null*/bnɲˈɑ/,null*/bnːnˈy/,null*/bnːˈəˤ/,null*/nːtˈəˤ/,null*/biɲˈɑdɑ/,null*/binˈədɛt͡ʃi/,null*/bˈidɑ/,null*/bˈɛwnːnɛ/,null*/bwˈotɑ/,null*/bˈutəˤ/,null*/ɑnbˈunɘʃte/,null*/bˈɛlːnɑ/,null*/bjˈɑrɑ/,null*/bjˈɑrɑðəˤ/,null*/brˈɑði/,null*/bˈɛʎɑ/,null*/bˈɛrrkɛ/,null*/bjˈɑrnɑ/,null*/bˈɛrrɛ/,null*/bˈorrɛ/,null*/bˈirrɑ/,null*/bɛrˈiməˤ/,null*/bʎˈɑdɑ/,null*/blˈorəˤ/,null*/blˈoɡrɑ/,null*/mˈɑ/,null*/mˈot͡ʃᵝɛ/,null*/mɑt͡ʃˈɑʃəˤ/,null*/mˈɑt͡ʃɑ/,null*/mˈɑtte/,null*/mˈɑt͡ʃəˤ/,null*/mˈoti/,null*/mˌotˈɛʃʃɑ/,null*/mˈoʃjɛ/,null*/mˈirrəˤ/,null*/mˈyʃ/,null*/mˈotɑrəˤ/,null*/mˈɑd͡ʒɑ/,null*/mˈɛmʝɛm/,null*/mˈɛtχ/,null*/mˈɑtʃ/,null*/mˈɑte/,null*/mˈɛlətəˤ/,null*/mˈɛlχwɛ/,null*/mbəlˌɑχwˈɘɲɑ/,null*/mˈɛlxʷmu/,null*/ɑntɑd͡ʒˈɑt͡ʃəˤ/,null*/ʝɛt͡ʃˈɑkᵝɑ/,null*/ʝɛntˈikᵝwɛ/,null*/ʝɛntɑkᵝwijˈɑʃəˤ/,null*/ʝɛntˈekᵝwit/,null*/tˈuj/,null*/twɛ/,null*/tˈy/,null*/pɛrtˈɑpjɑ/,null*/ɑːʃtɐpjˈɛte/,null*/tˈeʊ̯rɛ/,null*/tˈeʊ̯ri/,null*/tˈulːɛ/,null*/ʝɛntˈɛɲɑ/,null*/t͡ʃˈɑnːɑ/,null*/trˈiɛ/,null*/trˈi/,null*/trˈiɡɑ/,null*/tʎˈɑwdɑ/,null*/ɑntrˈudɑ/,null*/ˈɑːʃrdɑ/,null*/tʎˈɑmɑ/,null*/trˈimɛ/,null*/tˈɛrʃjɑ/,null*/t͡ʃˈɑrnɑ/,null*/t͡ʃˈɑrnəˤ/,null*/tˌoʎˈɑʃəˤ/,null*/əˤd͡ʒˈɑθtəˤ/,null*/dˈɑʊ̯nəˤ/,null*/ʝˈɘdɑnəˤ/,null*/ʝˈɘdɘʝəˤ/,null*/ʝˈɘdɑtɑ/,null*/dwˈiɡɑ/,null*/dwˈiɛwʃ/,null*/drˈɘtɑ/,null*/d͡ʒˌɑrˈɑɡjɑ/,null*/d͡ʒˈɑrɑɡɑ/,null*/dˌorɑɡijˈɑʃəˤ/,null*/drˈunɛ/,null*/drˈynɛ/,null*/dˈamːəˤ/,null*/dˈamːmjɑ/,null*/dˈemi/,null*/dlɑd͡ʒˈɑtəˤ/,null*/d͡ʒˈɑθʃɑ/,null*/ɑnːˈɛθʃu/,null*/d͡ʒˈɑʃθɑ/,null*/dˈiʎɑ/,null*/dˈot͡ʃɑ/,null*/d͡ʒˈɑ/,null*/dit͡ʃˈɑʃəˤ/,null*/d͡ʒˈɑkᵝ̬ɑ/,null*/dɛt͡ʃᵝ̬intɑ/,null*/ɑnːˈɛt͡ʃᵝ̬jɑ/,null*/ˈɑnːɛt͡ʃᵝ̬jɛte/,null*/dˈɛwɲɑ/,null*/dwˈorɑ/,null*/dwˈori/,null*/d͡ʒˈɑlːɑ/,null*/ʃθxjˈɑʃ/,null*/ʃθˈire/,null*/ʃe/,null*/ʃi/,null*/ʝˈɑʊ̯ɲɑ/,null*/ʝjˈɑːʃtəˤ/,null*/ʝˈolɑ/,null*/?1ɛwdˈɛte/,null*/?1jˈɑnːnɑ/,null*/?1jˈɑrpɑ/,null*/?1ˈɛlɑ/,null*/?1ˈɛləmɛ/,null*/ʝˈy/,null*/dˌidˈɛrt͡ʃɑ/,null*/θˈyʃjɛ/,null*/θˈyʃ/,null*/ʃˈɛt͡ʃᵝʃ/,null*/ʃˈɛkᵝɑ/,null*/ʃɛt͡ʃᵝˈɛmtɛm/,null*/ʝˈumɛ/,null*/ʝˈɛt͡ʃtʃ/,null*/ɸˈɛrɑ/,null*/ɸˈɛrɑm/,null*/ɸˈɛrɑʃ/,null*/mjˈɑkrɑ/,null*/ʝˈymɑt͡ʃɑ/,null*/ʃtˈiɡɛ/,null*/ʃtɑ/,null*/ʃtɐjˈɑʃəˤ/,null*/ʃtˈylɑ/,null*/ʃtˈɑʊ̯nəˤ/,null*/ʃtˈoɲɑ/,null*/ʃtnɲˈɑ/,null*/ʃtˈɑnɲɑ/,null*/ʃt͡ʃˈɑlɑ/,null*/kɐʃt͡ʃˈɑlɑ/,null*/ʃtˈɛlbɛ/,null*/ʃt͡ʃˈɑlɑ/,null*/pɛriʃtˈolɛ/,null*/ʃtˈɛʎɑ/,null*/ʃtˈr̩ʃəˤ/,null*/ʃtˈɛri/,null*/ʃtˈr̩xʷmjɑ/,null*/ʃtrˈiɲɑ/,null*/pˈidɛ/,null*/rˈyməˤ/,null*/rˈume/,null*/ʝˈɛrpənɛ/,null*/r̩pˈɛɲjɛ/,null*/ʝˈɛrbjɑ/,null*/ʃɛrbˈiɛte/,null*/ʃˈɛrmɑ/,null*/ʝjˈɑlpəˤ/,null*/ʝˈɛlχwɛ/,null*/nˈøt͡ʃᵝɛ/,null*/ɲˈɑtɑ/,null*/nˈɛti/,null*/nˈy/,null*/ɲˈɑmɑ/,null*/nˈɑʃ/,null*/nˈɛʃ/,null*/nˈoʃʃe/,null*/nˈoʃɑ/,null*/ɑntbiʎˈɑðɑ/,null*/lˈot͡ʃɛ/,null*/lˈodɑ/,null*/lˈodəˤ/,null*/lˈodət͡ʃəˤ/,null*/lˈodrɑ/,null*/lˈiðɑ/,null*/xʷlˈɛɡɛ/,null*/lˈɛɡɛ/,null*/lɑʃθˈɛte/,null*/lˈuməˤ/,null*/lˈuɡʃ/,null*/lˈuɡɑ/,null*/lˈɛwɡtɑ/,null*/ʎˈɑɑ/,null*/lˈɛwxʷmjɑ/,null*/ʎˈɑwxʷməˤ/,null*/lˈumɛ/,null*/lˈøːdrɛ/,null*/ludˈit͡ʃɑ/,null*/rˈuðɑ/
R159,,,,,,,,,,,,,,,,,,,,,,*/ðəˤxʷθˈɛte/,*/ðəˤxʷθˈɛʃe/,,,,,,,,,,,,,,,,,,*/dˈɛrʃ/,,,,,,,,,,,,,,,,,,,,,,,,,,,,,,,,,,,,,,,,,,*/ʝɛð?1ˈɛʎɑ/,,,,,,,,,,,,,,,,,,,,,,,,,,,,,,,,,,,,,,,,,,,,,,,,*/ˈɑrθɛ/,,,,,,,,,,,,,,,,,,,,,,,,,,,,,,,*/ˈɑnkᵝ̬xʷmɛ/,,,,,,,,,,,,,,,,,,,,,,,,,,,,,,,,,,,,,,,,,,,,,,,,,,,,,,,,,,,,,,*/pˈɛʃt͡ʃᵝɛ/,,,,,,,,,,,,,,,,,,,,,,,,,,,,,,,,,,,,,,,,,,,,,*/bˈɛrkɛ/,,,,,,,,,,,,,,,,,,,,,,,,,,,,,,,,,,,,,,,,,,,,,,,,,,*/ˈɑːʃdɑ/,,,,,,,,,,,,,,,,,,,,,,,,,,,,,,,,,,,,,,,*/ʃxjˈɑʃ/,,,,,,,,,,,,,,,,,,,,*/ʝˈɛt͡ʃʃ/,,,,,,,,,,,,,,,,,,,,*/ʃtʃəˤ/,,*/ʃtxʷmjɑ/,,,,,,,,,,,,,,,,,,,,,*/ɑnbiʎˈɑðɑ/,,,,,,,,,,,,,,,,,,,,
R160,,,,,,,,,,,,,,,,,,,,,,,,,,,,,,,,,,,,,,,,,,,,,,,,,,,,,,,,,,,,,,,,,,,,,,,,,,,,,,,,,,,,,,,,,,,,,,,,,,,,,,,,,,,,,,,,,,*/pərˈɑjpɑ/,,,,,,,,,,,,,,,,,,,,,,,,,,,,,,,,,,,,,,,,,,,,,,,,,,,,,,,,,,,,,,,,,,,,,,,,,,,,,,,,,,,,,,,,,,,,,,,,,,,,,,,,,,,,,,,,,,,,,,,,,,,,,,,,,,,,,,,,,,,,,,,,,,,,,,,,,,,,,,,,,,,,,,,,,,,,,,,,,,,,,,,,,,,,,,,,,,,,,,,,,,,,,,,,,,,,,,,,,,,,,,,,,,,,,,,,,,,,,,,,,,,,,,,,,,,,,,,,,,,,,,,,,,,,,,,,,,,,,,,,,,,,,,,,,,,,,,,,,,,,,,,,,,,,,,,,,,,,,,,,,,,,,,,
R161,,,,,,,,,,,,,,,,,,,,,,,,,,,,,,,,,,,,,,,,,,,,,,,,,,,,,,,,,,,,,,,,,,,,,,,,,,,,,,,,,,,,,,,,,,,,,,,,,,,,,,,,,,,,,,,,,,,,,,,,,,,,,,,,,,,,,,,,,,,,,,,,,,,,,,,,,,,,,,,,,,,,,,,,,,,,,,,,,,,,,,,,,,,,,,,,,,,,,,,,,,,,,,,,,,,,,,,,,,,,,,,,,,,,,,,,,,,,,,,,,,,,,,,,,,,,,,,,,,,,,,,,,,,,,,,,,,,,,,,,,,,,,,,,,,,,,,,,,,,,,,,,,,,,,,,,,,,,,,,,,,,,,,,,,,,,,,,,,,,,,,,,,,,,,,,,,,,,,,,,,,,,,,,,,,,,,,,,,,,,,,,,,,,,,,,,,,,,,,,,,,,,,,,,,,,,,,,,,,,,,,,,,,,,,,,,,,,,,,,,,
R162,,,,,,,,,,,,,,,,,,,,,,,,,,,,,,,,,,,,,,,,,,,,,,,,,,,,,,,,,,,,,,,,,,,,,,,,,,,,,,,,,,,,,,,,,,,,,,,,,,,,,,,,,,,,,,,,,,,,,,,,,,,,,,,,,,,,,,,,,,,,,,,,,,,,,,,,,,,,,,,,,,,,,,,,,,,,,,,,,,,,,,,,,,,,,,,,,,,,,,,,,,,,,,,,,,,,,,,,,,,,,,,,,,,,,,,,,,,,,,,,,,,,,,,,,,,,,,,,,,,,,,,,,,,,,,,,,,,,,,,,,,,,,,,,,,,,,,,,,,,,,,,,,,,,,,,,,,,,,,,,,,,,,,,,,,,,,,,,,,,,,,,,,,,,,,,,,,,,,,,,,,,,,,,,,,,,,,,,,,,,,,,,,,,,,,,,,,,,,,,,,,,,,,,,,,,,,,,,,,,,,,,,,,,,,,,,,,,,,,,,,
R163,,,*/θˈɛʃtrɪm/,,*/t͡ʃˈɑrɑvɪ/,,,*/θˈɛrxmɪ/,*/t͡ʃˈɑrɑkɪ/,,,,*/θˈupɪ/,*/tɪθˈupɪ/,,*/klɪwɲɑ/,,,*/ðˈevɪ/,,*/d͡ʒˈɑntɪ/,*/ðəˤxʷθˈɛtɪ/,*/ðəˤxʷθˈɛʃɪ/,,*/nːˈunɪ/,,,*/dɪmˈɛnɪ/,*/dwˈɛnɪ/,*/dwˈoɡɪ/,*/dˈylɪʃ/,,,*/ddˈimːɪ/,,*/dˈɛʃɪ/,,,*/dˈorɪ/,*/dˈɛʎɪ/,,,,*/ʝˈɛːʃtɪʃ/,,*/ˈudʎɪm/,,*/xwəʝˈiɛtɪ/,*/ʝˈemɪ/,*/xmɪ/,,,*/ʝˈɛtərɪ/,,*/ʝˈɛtʃɪ/,*/ʝˈɛttɪ/,*/ʝˈɛʃɪ/,*/ʝˈɛʃtɪ/,*/ʝˌɛʃˈɛnːɪ/,,,*/ʝˈɛrðətɪ/,*/xrˈemɪ/,,,,,*/nːˈewnːɪm/,,*/ʝˈewnːɪm/,*/ʝˈemɪ/,,,*/kʝˈoɲɪ/,*/kʃˈɑlːɪʃ/,,,*/?1ˈolɪ/,*/?1ˈolɪʃtɑ/,*/?1ˈɛləmɪ/,*/dɪʃ?1jˈɑləˤ/,*/dɪʃ?1jˈɑlːəˤ/,*/ʝɪð?1ˈɛʎɑ/,,*/krˈepɪ/,*/ʝɪð?1rˈepɪ/,,*/ɡwˈɛdɪ/,*/ɡwˈɛdɪ/,,,*/ʝɪnɡrˌɛdˈiʃθɑ/,*/ɡˈɛrdɪ/,,,,,*/ˈiut͡ʃᵝɪ/,*/ˈɑjðɪ/,,,,,,,*/ˈɑʊ̯ɡɪ/,,,,,,,,,,,,,*/ˈɑt͡ʃənɪ/,,,,,,*/ˈɑndɪ/,*/ˈɑndɪ/,,*/ˈɑlbɪ/,*/χlˈidɪ/,*/χrˈɛtθɪ/,*/ˈɑrθɪ/,*/ˈɑjdɪ/,,*/ˈutɪ/,*/ˈoʊ̯lɪ/,,*/ʝˈɛrðɪ/,,*/mɑˈɑrnəʃɪ/,*/mɑˈɑrnətɪ/,*/mˈorrɪ/,,,,,,,,*/t͡ʃᵝˈɛʃθɪ/,,,,*/t͡ʃᵝˈɛlɪ/,*/t͡ʃᵝˌɛlˈiɛtɪ/,*/t͡ʃᵝɪlɑʃθˈamːəˤ/,,*/kᵝrˈimɪ/,*/kᵝ̬ˈɑrrɪ/,,,*/ɑnkᵝ̬rˈɛʃɪ/,*/ˈɑnkᵝ̬xʷmɪ/,,,,*/t͡ʃᵝ̬ˈɛrmɪʃ/,*/t͡ʃᵝ̬ˈɛrnɪʃ/,,,,,,,,*/ʝˈɛ?1ɪ/,,*/xʷlˈɛɡɪ/,*/ʝˈɛrd͡ʒɪ/,*/xʷrˈɛwkθɪ/,,*/wˈɛðəʃɪ/,*/wˈɛðətɪ/,*/xwˌɛðˈɛnːɪ/,,,,*/wˈɛtʃɪ/,*/wˌɛtˈɛʃʃɪ/,*/wˈɛtwɛʃθɪ/,*/wˈɛtɪ/,,,*/wˈɛlətɪ/,,,*/dɪd͡ʒˈɑləˤtəˤ/,*/dɪʃɪntɪrwjˈɑlɑ/,*/ˈult͡ʃᵝɪ/,,,,,*/wrˈɑnːɪ/,,,,,,,*/pˈeɛtɪ/,,*/pˈɛdɪ/,,,,,,,,,,,*/pˈɛdʃɪ/,*/pˈɛʃt͡ʃᵝɪ/,,,,,*/ɑnplˈontɪ/,*/pˈɛlxmɪ/,,,*/plˈɑkɪ/,*/ʝɪðɸˈɑlɑ/,*/plˈɛwʃtɪ/,,,*/pɪr/,*/pɪrɪ/,*/ɸˈɛrrɪ/,,*/pˈɛrdətɪ/,,,,*/bɪnˈɛtɪ/,,*/bˈirrɪ/,,,*/bnɲˈɛtɪ/,*/bnɲˈɛʃɪ/,,,,,*/bɪɲˈɑdɑ/,*/bɪnˈədɪt͡ʃɪ/,,*/bˈɛwnːnɪ/,,,*/ɑnbˈunɘʃtɪ/,,,,*/brˈɑðɪ/,,*/bˈɛrkɪ/,,*/bˈɛrrɪ/,*/bˈorrɪ/,,*/bɪrˈiməˤ/,,,,,*/mˈot͡ʃᵝɪ/,,,*/mˈɑttɪ/,,*/mˈotɪ/,,,,,,,*/mˈɛmʝɪm/,,,*/mˈɑtɪ/,,,,,,*/ʝɪt͡ʃˈɑkᵝɑ/,*/ʝɪntˈikᵝwɛ/,*/ʝɪntɑkᵝwijˈɑʃəˤ/,*/ʝɪntˈekᵝwit/,,,,*/pɪrtˈɑpjɑ/,*/ɑːʃtɐpjˈɛtɪ/,*/tˈeʊ̯rɪ/,*/tˈeʊ̯rɪ/,*/tˈulːɪ/,*/ʝɪntˈɛɲɑ/,,,,,,,,,*/trˈimɪ/,,,,,,,,,,,,,,,*/dˌorɑɡɪjˈɑʃəˤ/,*/drˈunɪ/,*/drˈynɪ/,,,*/dˈemɪ/,,,,,,,,*/dɪt͡ʃˈɑʃəˤ/,,*/dɪt͡ʃᵝ̬ɪntɑ/,,*/ˈɑnːɪt͡ʃᵝ̬jɛtɪ/,,,*/dwˈorɪ/,,,*/ʃθˈirɪ/,*/ʃɪ/,*/ʃɪ/,,,,*/?1ɪwdˈɛtɪ/,,,,*/?1ˈɛləmɪ/,,,,,,,*/ʃɪt͡ʃᵝˈɛmtɪm/,*/ʝˈumɪ/,,,,,,,*/ʃtˈiɡɪ/,,,,,,,,,,*/ʃtˈɛlbɪ/,,*/pɪrɪʃtˈolɪ/,,,*/ʃtˈɛrɪ/,,,*/pˈidɪ/,,*/rˈumɪ/,*/ʝˈɛrpənɪ/,,,*/ʃɪrbˈiɛtɪ/,,,,*/nˈøt͡ʃᵝɪ/,,*/nˈɛtɪ/,,,,,*/nˈoʃʃɪ/,,*/ɑnbɪʎˈɑðɑ/,*/lˈot͡ʃɪ/,,,,,,*/xʷlˈɛɡɪ/,*/lˈɛɡɪ/,*/lɑʃθˈɛtɪ/,,,,,,,,*/lˈumɪ/,*/lˈøːdrɪ/,,
R164,,,,,,,,,,,,,,,,,,,,,,,,,,,,,,,,,,,,,,,,,,,,,,,,,,,,,,,,,,,,,,,,,,,,,,,,,,,,,,,,,,,,,,,,,,,,,,,,,,,,,,,,,,,,,,,,,,,,,,,,,,,,,,,,,,,,,,,,,,,,,,,,,,,,,,,,,,,,,,,,,,,,,,,,,,,,,,,,,,,,,,,,,,,,,,,,,,,,,,,,,,,,,,,,,,,,,,,,,,,,,,,,,,,,,,,,,,,,,,,,,,,,,,,,,,,,,,,,,,,,,,,,,,,,,,,,,,,,,,,,,,,,,,,,,,,,,,,,,,,,,,,,,,,,,,,,,,,,,,,,,,,,,,,,,,,,,,,,,,,,,,,,,,,,,,,,,,,,,,,,,,,,,,,,,,,,,,,,,,,,,,,,,,,,,,,,,,,,,,,,,,,,,,,,,,,,,,,,,,,,,,,,,,,,,,,,,,,,,,,,,
R165,,,,,,,,,,,,,,,,,,,,,,,,,,,,,,,,,,,,,,,,,,,,,,,,,,,,,,,,,,,,,,,,,,,,,,,,,,,,,,,,,,,,,,,,,,,,,,,,,,,,,,,,,,,,,,,,,,,,,,,,,,,,,,,,,,,,,,,,,,,,,,,,,,,,,,,,,,,,,,,,,,,,,,,,,,,,,,,,,,,,,,,,,,,,,,,,,,,,,,,,,,,,,,,,,,,,,,,,,,,,,,,,,,,,,,,,,,,,,,,,,,,,,,,,,,,,,,,,,,,,,,,,,,,,,,,,,,,,,,,,,,,,,,,,,,,,,,,,,,,,,,,,,,,,,,,,,,,,,,,,,,,,,,,,,,,,,,,,,,,,,,,,,,,,,,,,,,,,,,,,,,,,,,,,,,,,,,,,,,,,,,,,,,,,,,,,,,,,,,,,,,,,,,,,,,,,,,,,,,,,,,,,,,,,,,,,,,,,,,,,,
R166,,,,,,,,,,,,,,,,,,,,,,,,,,,,,,,,,,,,,,,,,,,,,,,,,,,,,,,,,,,,,,,,,,,,,,,,,,,,,,,,,,,,,,,,,,,,,,,,,,,,,,,,,,,,,,,,,,,,,,,,,,,,,,,,,,,,,,,,,,,,,,,,,,,,,,,,,,,,,,,,,,,,,,,,,,,,,,,,,,,,,,,,,,,,,,,,,,,,,*/dɪʃɪntɪrbjˈɑlɑ/,,,,,,,,*/wˈurbɑ/,,,,,,,,,,,,,,,,,,,,,,,,,,,,,,,,,,,,,,,,,,,,,,,,,,,,,,,,,,,,,,,,,,,,,,,,,,,,,,,,,,,,,,,,,,,,,,,,,,,,,,,,,,,,,,,,,,,,,,,,,,,,,,,,,,,,,,,,,,,,,,,,,,,,,,,,,,,,,,,,,,,,,,,,,,,,,,,,,,,,,,,,,,,,,,,,,,,,,,,,,,,,,,,,,,,,,,,,,,,,,,,,,,,,,,,,,,,,
R167,,,,,,,,,,,,,,,,,,,,,,,,,,,,,,,,,,,,,,,,,,,,,,,,,,,,,,,,,,,,,,,,,,,,,,,,,,,,,,,,,,,,,,,,,,,,,,,,,,,,,,,,,,,,,,,,,,,,,,,,,,,,,,,,,,,,,,,,,,,,,,,,,,,,,,,,,,,,,,,,,,,,,,,,,,,,,,,,,,,,,,,,,,,,,,,,,,,,,,,,,,,,,,,,,,,,,,,,,,,,,,,,,,,,,,,,,,,,,,,,,,,,,,,,,,,,,,,,,,,,,,,,,,,,,,,,,,,,,,,,,,,,,,,,,,,,,,,,,,,,,,,,,,,,,,,,,,,,,,,,,,,,,,,,,,,,,,,,,,,,,,,,,,,,,,,,,,,,,,,,,,,,,,,,,,,,,,,,,,,,,,,,,,,,,,,,,,,,,,,,,,,,,,,,,,,,,,,,,,,,,,,,,,,,,,,,,,,,,,,,,
R168,,,,,,,,,,,,,,,,,,,,,,,,,,,,,,,,,,,,,*/dˈɛðət͡ʃɑ/,,,,,*/drˈɘðɑ/,,,,*/ˈuðʎɪm/,,,,,,,,,,,,,,*/ʝəðˈunɑ/,,,,,,,,,,,,,,,,,,,,,,,,,,,,*/ɡwˈɛðɪ/,*/ɡwˈɛðɪ/,,,*/ʝɪnɡrˌɛðˈiʃθɑ/,*/ɡˈɛrðɪ/,*/ɑð?1̬jˈɑrðɑ/,,,,,,,,*/ˈɑjðəθɑj/,,,,,,,,,,,,,,,,,,,,,,,,,,,*/χlˈiðɪ/,,,*/ˈɑjðɪ/,,,,,,,,,,,,,,,,,,,,,,,,,,,,,,,,,,,,,,,,,,,,,,,,,,,,,,,,,,,,,,,,,,,,,,,,,,,,,,,,*/pˈɛðɪ/,,,,,,,,,,,,,,,,,,,,,,,,,,,,,*/pjˈɑrðɑ/,*/pˈɛrðətɪ/,,*/pˈorðɑ/,,,,,,,,,,,,,*/bɪɲˈɑðɑ/,*/bɪnˈəðɪt͡ʃɪ/,*/bˈiðɑ/,,,,,,,,,,,,,,,,*/bʎˈɑðɑ/,,,,,,,,,,,,,,,,,,,,,,,,,,,,,,,,,,,,,,,,,,*/tʎˈɑwðɑ/,*/ɑntrˈuðɑ/,,,,,,,,,,*/ʝˈɘðɑnəˤ/,*/ʝˈɘðɘʝəˤ/,*/ʝˈɘðɑtɑ/,,,,,,,,,,,,,,,,,,,,,,,,,,,,,,,,,,,*/?1ɪwðˈɛtɪ/,,,,,,*/dˌiðˈɛrt͡ʃɑ/,,,,,,,,,,,,,,,,,,,,,,,,,,,,,,,*/pˈiðɪ/,,,,,,,,,,,,,,,,,,,,,*/lˈoðɑ/,*/lˈoðəˤ/,*/lˈoðət͡ʃəˤ/,,,,,,,,,,,,,,,*/luðˈit͡ʃɑ/,
R169,,,,,,,,,,,,,,,,,,,,,,,,,,,,,,,,,,,,,,,,,,,,,,,,,,,,,,,,,,,,,,,,,,,,,,,,,,,,,,,,,,,,,,,,,,,,,,,,,,,,,,,,,,,,,,,,,,,,,,,,,,,,,,,,,,,,,,,,,,,,,,,,,,,,,,,,,,,,,,,,,,,,,,,,,,,,,,,,,,,,,,,,,,,,,,,,,,,,,,,,,,,,,,,,,,,,,,,,,,,,,,,,,,,,,,,,,,,,,,,,,,,,,,,,,,,,,,,,,,,,,,,,,,,,,,,,,,,,,,,,,,,,,,,,,,,,,,,,,,,,,,,,,,,,,,,,,,,,,,,,,,,,,,,,,,,,,,,,,,,,,,,,,,,,,,,,,,,,,,,,,,,,,,,,,,,,,,,,,,,,,,,,,,,,,,,,,,,,,,,,,,,,,,,,,,,,,,,,,,,,,,,,,,,,,,,,,,,,,,,,,
R170,,,,,,,,,,,,,,,,,,,,,,,,,,,,,,,,,,,,,,,,,,,,,,,,,,,,,,,,,,,,,,,,,,,,,,,,,,,,,,,,,,,,,,,,,,,,,,,,,,,,,,,,,,,,,,,,,,,,,,,,,,,,,,,,,,,,,,,,,,,,,,,,,,,,,,,,,,,,,,,,,,,,,,,,,,,,,,,,,,,,,,,,,,,,,,,,,,,,,,,,,,,,,,,,,,,,,,,,,,,,,,,,,,,,,,,,,,,,,,,,,,,,,,,,,,,,,,,,,,,,,,,,,,,,,,,,,,,,,,,,,,,,,,,,,,,,,,,,,,,,,,,,,,,,,,,,,,,,,,,,,,,,,,,,,,,,,,,,,,,,,,,,,,,,,,,,,,,,,,,,,,,,,,,,,,,,,,,,,,,,,,,,,,,,,,,,,,,,,,,,,,,,,,,,,,,,,,,,,,,,,,,,,,,,,,,,,,,,,,,,,
R171,,,,,,,,,,,,,,,,,,,,,,,,,,,,,,,,,,,,,,,,,,,,,,,,,,,,,,,,,,,,,,,,,,,,,,,,,,,,,,,,,,,,,,,,,,,,,,,,,,,,,,,,,,,,,,,,,,,,,,,,,,,,,,,,,,,,,,,,,,,,,,,,,,,,,,,,,,,,,,,,,,,,,,,,,,,,,,,,,,,,,,,,,,,,,,,,,,,,,,,,,,,,,,,,,,,,,,,,,,,,,,,,,,,,,,,,,,,,,,,,,,,,,,,,,,,,,,,,,,,,,,,,,,,,,,,,,,,,,,,,,,,,,,,,,,,,,,,,,,,,,,,,,,,,,,,,,,,,,,,,,,,,,,,,,,,,,,,,,,*/drˈunɪ/,,,,,,,,,,,,,,,,,,,,,,,,,,,,,,,,,,,,,,,,,,,,,,,,,,,,,,,,,,,,,,,,,,,,,,,,,,,,,,,,,,,,,,,,,,,,,,,,,,,,,,,
R172,,,,,,,,,,,*/t͡ʃˈɑβkɑ/,,,,,*/klɪβɲɑ/,,,,,,,,,,,,,*/dβˈɛnɪ/,*/dβˈoɡɪ/,,,,,,,,,,,,,,,,,*/xβəʝˈijɑ/,*/xβəʝˈiɛtɪ/,,,,*/xβjˈɑnɑ/,,,,,,,,,,,,,,,,*/nːˈeβnːɪm/,,*/ʝˈeβnːɪm/,,,,,,,,,,,,,,,,,,*/ɡβˈɛðɪ/,*/ɡβˈɛðɪ/,,,,,,,,,,,,,,*/ˈɑβ/,*/xβid͡ʒˈɑɑ/,,,*/χβɛlkˈijɑ/,*/χβˈɛjlɑ/,*/χβˌoʎˈɑʃəˤ/,*/χβjˈɑrnəˤ/,*/xβˈɛjlɑ/,,*/χpjˈɑɑβ/,,,,,,,,,,,,,,,,,,,,,,,,,,,,,,,,,,,,,,,,,,,,,,,,,,,,,,,,,,,,,,,,,,*/xʷrˈɛβkθɪ/,*/βjˈɑðɑ/,*/βˈɛðəʃɪ/,*/βˈɛðətɪ/,*/xβˌɛðˈɛnːɪ/,*/βˈoðəʃɑ/,*/βenˈijɑ/,*/βˈɛmjɑ/,*/βˈɛtʃɪ/,*/βˌɛtˈɛʃʃɪ/,*/βˈɛtβɛʃθɪ/,*/βˈɛtɪ/,,*/βˈolɑ/,*/βˈɛlətɪ/,*/βjˈɑlɑ/,*/βɑʎˈɑʃəˤ/,,,,*/βjˈɑlʃɑ/,*/βjˈɑlːɑ/,*/βˈɛrrənɑ/,*/βrˈuɲɑ/,*/βrˈɑnːɪ/,*/βrˈɑnːəd͡ʒɑ/,*/βˈurbɑ/,,*/βˈɛrrənɑ/,,,,,,,,,,,,,,,,,,,,,,,,,,,,*/plˈɛβʃtɪ/,,,,,,,,,,,,,,,,,,,,,,,,,*/bˈɛβnːnɪ/,*/bβˈotɑ/,,,,,,,,,,,,,,,,,,,,,,,,,,,,,,,,,,,*/mˈɛlχβɛ/,*/mbəlˌɑχβˈɘɲɑ/,,,,*/ʝɪntˈikᵝβɛ/,*/ʝɪntɑkᵝβijˈɑʃəˤ/,*/ʝɪntˈekᵝβit/,,*/tβɛ/,,,,,,,,,,,,*/tʎˈɑβðɑ/,,,,,,,,,,,,,,*/dβˈiɡɑ/,*/dβˈiɛβʃ/,,,,,,,,,,,,,,,,,,,,,,*/dˈɛβɲɑ/,*/dβˈorɑ/,*/dβˈorɪ/,,,,,,,,,*/?1ɪβðˈɛtɪ/,,,,,,,,,,,,,,,,,,,,,,,,,,,,,,,,,,,,,,,,,,,,,,*/ʝˈɛlχβɛ/,,,,,,,,,,,,,,,,,,,,,,,*/lˈɛβɡtɑ/,,*/lˈɛβxʷmjɑ/,*/ʎˈɑβxʷməˤ/,,,,
R173,,,,,,,,,,,,,,,,,,,,,,,,,,,,,,,,,,,,,,,,,,,,,,,,,,,,,,,,,,,,,,,,,,,,,,,,,,,,,,,,,,,,,,,,,,,,,,,,,,,,,,,,,,,,,,,,,,,,,,,,,,,,,,,,,,,,,,,,,,,,,,,,,,,,,,,,,,,,,,,,,,,,,,,,,,,,,,,,,,,,,,,,,,,,,,,,,,,,,,,,,,,,,,,,,,,,,,,,,,,,,,,,,,,,,,,,,,,,,,,,,,,,,,,,,,,,,,,,,,,,,,,,,,,,,,,,,,,,,,,,,,,,,,,,,,,,,,,,,,,,,,,,,,,,,,,,,,,,,,,,,,,,,,,,,,,,,,,,,,,,,,,,,,,,,,,,,,,,,,,,,,,,,,,,,,,,,,,,,,,,,,,,,,,,,,,,,,,,,,,,,,,,,,,,,,,,,,,,,,,,,,,,,,,,,,,,,,,,,,,,,
R174,,,,,,,,,,,,,,,,,,,,,,,,,,,,,,,,,,,,,,,,,,,,,,,,,,,,,,,,,,,,,,,,,,,,,,,,,,,,,,,,,,,,,,,,,,,,,,,,,,,,,,,,*/xβɪd͡ʒˈɑɑ/,,,,,,,,,,,,,,,,,,,,,,,,,,,,,,,,,,,,,,,,,,,,,,,,,,,,,,,,,,,,,,,,,,,,,,,,,,,,,,,*/xβɪðˈɛnːɪ/,,,,,*/βɪtˈɛʃʃɪ/,,,,,,,,,,,,,,,,,,,,,,,,,,,,,,,,,,*/pɪt͡ʃˈɑʃəˤ/,,,,,,,,,,,,,,,,,,,,,,,,,,,,,,,,,,,,,,,,,,,,,,,,,,,,,,,,,,,,,,,,,,,,,,,,,,,,,,,,,,,,,,,,,,,,,,,,,,,,,,,,,,,,,,,,,,,,,,,,,,,,,,,,,,,,,,,,,,,,,,,,,,,,,,,,,,,,,,,,,,,,,,,,,,,,,,,,,,,,,,,,,,,,,,,,,,,,,,,,,,,,,,,,,,,,,,,,,,,
R175,,,,,,,,,,,*/t͡ʃˈɑwkɑ/,,,,,*/klɪwɲɑ/,,,,,,,,,,,,,,,,,,,,,,,,,,,,,,,,,,,,,,,,,,,,,,,,,,,,*/nːˈewnːɪm/,,*/ʝˈewnːɪm/,,,,,,,,,,,,,,,,,,,,,*/ɡʎˈɑwɑ/,,,,,,,,,,,,*/ˈɑw/,,,,,,,,,,*/χpjˈɑɑw/,,,,,,,,,,,,,,,,,,,,,,,,,,,,,,,,,,,,,,,,,,,,,,,,,,,,,,,,,,,,,,,,,,*/xʷrˈɛwkθɪ/,,,,,,,,,,,,,,,,,,,,,,,,,,,,,,,,,,,,,,,,,,,,,,,,,,,,,,,,*/plˈɛwʃtɪ/,,,,,,,,,,,,,,,,,,,,,,,,,*/bˈɛwnːnɪ/,,,,,,,,,,,,,,,,,,,,,,,,,,,,,,,,,,,,,,,,,,,,,,,,,,,,,,,,,*/tʎˈɑwðɑ/,,,,,,,,,,,,,,,*/dβˈiɛwʃ/,,,,,,,,,,,,,,,,,,,,,,*/dˈɛwɲɑ/,,,,,,,,,,,*/?1ɪwðˈɛtɪ/,,,,,,,,,,,,,,,,,,,,,,,,,,,,,,,,,,,,,,,,,,,,,,,,,,,,,,,,,,,,,,,,,,,,,*/lˈɛwɡtɑ/,,*/lˈɛwxʷmjɑ/,*/ʎˈɑwxʷməˤ/,,,,
R176,,,,,,,,,,,,,,,,,,,,,,,,,,,,,,,,,,,,,,,,,,,,,,,,,,,,,,,,,,,,,,,,,,,,,,,,,,,,,,,,,,,,,,,,,,,,,,,,,,,,,,,,,,,,,,,,,,,,,,,,,,,,,,,,,,,,,,,,,,,,,,,,,,,,,,,,,,,,,,,,,,,,,,,,,,,,,,,,,,,,,,,,,,,,,,,,,,,,,,,,,,,,,,,,,,,,,,,,,,,,,,,,,,,,,,,,,,,,,,,,,,,,,,,,,,,,,,,,,,,,,,,,,,,,,,,,,,,,,,,,,,,,,,,,,,,,,,,,,,,,,,,,,,,,,,,,,,,,,,,,,,,,,,,,,,,,,,,,,,,,,,,,,,,,,,,,,,,,,,,,,,,,,,,,,,,,,,,,,,,,,,,,,,,,,,,,,,,,,,,,,,,,,,,,,,,,,,,,,,,,,,,,,,,,,,,,,,,,,,,,,
R177,,,,,,,,,,,,,,,,,,,,,,,,,,,,,,,,,,,,,,,,,,,,,,,,,,,,,,,,,,,,,,,,,,,,,,,,,,,,,,,,,,,,,,,,,,,,,,,,,,,,,,,,,,,,,,,,,,,,,,,,,,,,,,,,,,,,,,,,,,,,,,,,,,,,,,,,,,,,,,,,,,,,,,,,,,,,,,,,,,,,,,,,,,,,,,,,,,,,,,,,,,,,,,,,,,,,,,,,,,,,,,,,,,,,,,,,,,,,,,,,,,,,,,,,,,,,,,,,,,,,,,,,,,,,,,,,,,,,,,,,,,,,,,,,,,,,,,,,,,,,,,,,,,,,,,,,,,,,,,,,,,,,,,,,,,,,,,,,,,,,,,,,,,,,,,,,,,,,,,,,,,,,,,,,,,,,,,,,,,,,,,,,,,,,,,,,,,,,,,,,,,,,,,,,,,,,,,,,,,,,,,,,,,,,,,,,,,,,,,,,,
R178,,,,,,,,,,,,,,,,,,,,,,,,,,,,,,,,,,,,,,,,,,,,,,,,,,,,,,,,,,,,,,,,,,,,,,,,,,,,,,,,,,,,,,,,,,,,,,,,,,,,,,,,,,,,,,,,,,,,,,,,,,,,,,,,,,,,,,,,,,,,,,,,,,,,,,,,,,,,,,,,,,,,,,,,,,,,,,,,,,,,,,,,,,,,,,,,,,,,,,,,,,,,,,,,,,,,,,,,,,,,,,,,,,,,,,,,,,,,,,,,,,,,,,,,,,,,,,,,,,,,,,,,,,,,,,,,,,,,,,,,,,,,,,,,,,,,,,,,,,,,,,,,,,,,,,,,,,,,,,,,,,,,,,,,,,,,,,,,,,,,,,,,,,,,,,,,,,,,,,,,,,,,,,,,,,,,,,,,,,,,,,,,,,,,,,,,,,,,,,,,,,,,,,,,,,,,,,,,,,,,,,,,,,,,,,,,,,,,,,,,,
R179,,,,,,,,,,,,,,,,,,,,,,,,,,,,,,,,,,,,,,,,,,,,,,,,,,,,,,,,,,,,,,,,,,,,,,,,,,,,,,,,,,,,,,,,,,,,,,,,,,,,,,,,,,,,,,,,,,,,,,,,,,,,,,,,,,,,,,,,,,,,,,,,,,,,*/t͡ʃᵝɪ̯ˈɛʃɛ/,,,,,,,,,,,,,,,,,,,,,,,,,,,,,,,,,,,,,,,,,,,,,,,,,,,,,,,,,,,,,,,,,,,,,,,,,,,,,,,,,,,,,,,,,,,,,,,,,,,,,,,,,,,,,,,,,,,,,,,,,,,,,,,,,,,,,,,,,,,,,,,,,,,,,,,,,,,,,,,,,,,,,,,,,,,,,,,,,,,,,,,,,,,,,,,,,,,,,,,,,,,,,,,,,,,,,,,,,,,,,,,,,,,,,,,,,,,,,,,,,,,,,,,,,,,,,,,,,,,,,,,,,,,,,,,,,,,,,,,,,,,,,,,,,,,,,
R180,,,*/θɪ̯ˈɛʃtrɪm/,,,,,*/θɪ̯ˈɛrxmɪ/,,,,,,,,,,,,,*/d͡ʒɪ̯ˈɑntɪ/,*/ðəˤxʷθɪ̯ˈɛtɪ/,*/ðəˤxʷθɪ̯ˈɛʃɪ/,,,,,*/dɪmɪ̯ˈɛnɪ/,*/dβɪ̯ˈɛnɪ/,,,,,,,*/dɪ̯ˈɛʃɪ/,,,,*/dɪ̯ˈɛʎɪ/,,,,*/ʝɪ̯ˈɛːʃtɪʃ/,,,,,,,,,,,*/ʝɪ̯ˈɛtʃɪ/,*/ʝɪ̯ˈɛttɪ/,*/ʝɪ̯ˈɛʃɪ/,*/ʝɪ̯ˈɛʃtɪ/,*/ʝˌɛʃɪ̯ˈɛnːɪ/,,,,,,,,,,,,,,,,*/kʃɪ̯ˈɑlːɪʃ/,,,,,,,,,,,,,*/ɡβɪ̯ˈɛðɪ/,*/ɡβɪ̯ˈɛðɪ/,,,,*/ɡɪ̯ˈɛrðɪ/,,,,,,,,,,,,,,,,,,,,,,,,,,,,,,,,,,,,,*/χrɪ̯ˈɛtθɪ/,,,,,,,*/ʝɪ̯ˈɛrðɪ/,,,,,,,,,,,*/t͡ʃᵝɪ̯ɪ̯ˈɛʃɛ/,*/t͡ʃᵝɪ̯ˈɛʃθɪ/,,,,*/t͡ʃᵝɪ̯ˈɛlɪ/,,,,,*/kᵝ̬ɪ̯ˈɑrrɪ/,,,*/ɑnkᵝ̬rɪ̯ˈɛʃɪ/,,,,,*/t͡ʃᵝ̬ɪ̯ˈɛrmɪʃ/,*/t͡ʃᵝ̬ɪ̯ˈɛrnɪʃ/,,,,,,,,*/ʝɪ̯ˈɛ?1ɪ/,,*/xʷlɪ̯ˈɛɡɪ/,*/ʝɪ̯ˈɛrd͡ʒɪ/,,,,,*/xβɪðɪ̯ˈɛnːɪ/,,,,*/βɪ̯ˈɛtʃɪ/,*/βɪtɪ̯ˈɛʃʃɪ/,*/βɪ̯ˈɛtβɛʃθɪ/,*/βɪ̯ˈɛtɪ/,,,,,,,,,,,,,*/βrɪ̯ˈɑnːɪ/,,,,,,,,*/pɪ̯ˈɛtʃjɑ/,*/pɪ̯ˈɛðɪ/,,,,,,,,,,,*/pɪ̯ˈɛdʃɪ/,*/pɪ̯ˈɛʃt͡ʃᵝɪ/,,,,,,*/pɪ̯ˈɛlxmɪ/,,,*/plɪ̯ˈɑkɪ/,,,,,,,*/ɸɪ̯ˈɛrrɪ/,,,,,,*/bɪnɪ̯ˈɛtɪ/,,,,,*/bnɲɪ̯ˈɛtɪ/,*/bnɲɪ̯ˈɛʃɪ/,,,,,,*/bɪnɪ̯ˈəðɪt͡ʃɪ/,,,,,,,,,*/brɪ̯ˈɑðɪ/,,*/bɪ̯ˈɛrkɪ/,,*/bɪ̯ˈɛrrɪ/,,,,,,,,,,,*/mɪ̯ˈɑttɪ/,,,,,,,,,,,,*/mɪ̯ˈɑtɪ/,,*/mɪ̯ˈɛlχβɛ/,,,,,,,,,,,,*/ɑːʃtɐpjɪ̯ˈɛtɪ/,,,,,,,,,,,,,,*/tɪ̯ˈɛrʃjɑ/,,,,,,,,,,,,*/d͡ʒˌɑrɪ̯ˈɑɡjɑ/,,,,,,,,,,,,,,,,,,,,,,,,,,,,,,,*/?1ɪwðɪ̯ˈɛtɪ/,,,,,,,,,,,,,,,,,,,,,,,,,,,,,*/ʃtɪ̯ˈɛlbɪ/,,,,,*/ʃtɪ̯ˈɛrɪ/,,,,,,,*/r̩pɪ̯ˈɛɲjɛ/,*/ʝɪ̯ˈɛrbjɑ/,,,,*/ʝɪ̯ˈɛlχβɛ/,,,*/nɪ̯ˈɛtɪ/,,,,,,,,,,,,,,*/xʷlɪ̯ˈɛɡɪ/,*/lɪ̯ˈɛɡɪ/,*/lɑʃθɪ̯ˈɛtɪ/,,,,,,,,,,,
R181,,,,,,,,,,,,,,,,,,,,,,,,,,,,,,,,,,,,,,,,,,,,,,,,,,,,,,,,,,,,,,,,,,,,,,,,,,,,,,,,,,,,,,,,,,,,,,,,,,,,,,,,,,,,,,,,,,,,,,,,,,,,,,,,,,,,,,,,,,,,,,,,,,,,,,,,,,,,,,,,,,,,,,,,,,,,,,,,,,,,,,,,,,*/βɪ̯ˈɛmjɑ/,,,,,,,,,,,,,,,,,,,,,,,,,,,,,,,,,,,,,,,,,,,,,,,,,,,,,,,,,,,,,,,,,,,,,,,,,,,,,,,,,,,,,,,,,,,,,,,,,,,,,,,,,,,,,,,,,,,,,,,,,*/pɪrtɪ̯ˈɑpjɑ/,,,,,,,,,,,,,,,,,,,,,,,,,,,,,,,,,*/dɪ̯ˈamːmjɑ/,,,,,,,,,,,,*/ɑnːɪ̯ˈɛt͡ʃᵝ̬jɑ/,,,,,,,,,,,,,,,,,,,,,,,,,,,,,,,,,,,,,,,,,,,,,,,,,,,,,,,,,,,,,,,,,,,,,,,,,,,,,,,,,,,,,,,,,
R182,,,,,,,,,,,,,,,,,,,,,,,,,,,,,,,,,,,,,,,,,,,,,,,,,,,,,,,,,,,,,,,,,,,,,,,,,,,,,,,,,,,,,,,,,,,,,,,,,,,*/ɪ̯ˈɑjðɪ/,,,*/ɪ̯ˈɑjðəθɑj/,,,,,,,,,,,,,,,,,,,,,,,,,,,,,,*/ɪ̯ˈɑjðɪ/,,,,,,,,,,,,,,,,,,,,,,,,,,,,,,,,,,,,,,,,,,,,,,,,,,,,,,,,,,,,,,,,,,,,,,,,,,,,,,,,,,,,,,,,,,,,,,,,,,,,,,,,,,,,,,,,,,,,,,,,,,,,,,,,,,,,,,,,,,,,,,,,,,,,,,,,,,,,,,,,,,,,,,,,,,,,,,,,,,,,,,,,,,,,,,,,,,,,,,,,,,,,,,,,,,,,,,,,,,,,,*/ɪ̯ˈɑnːɪt͡ʃᵝ̬jɛtɪ/,,,,,,,,,,,,,,,,,,,,,,,,,,,,,,,,,,,,,,,,,,,,,,,,,,,,,,,,,,,,,,,,,,,,,,,,,,,,,,,,,,,,,,,,
R183,,,,,,,,,,,,,,,,,,,,,,,,,,,,,,,,,,,,,,,,,,,,,,,,,,,,,,,,,,,,,,,,,,,,,,,,,,,,,,,,,,,,,,,,,,,,,,,,,,,,,,,,,,,,,,,,,,,,,,,,,,,,,,,,,,,,,,,,,,,,,,,,,,,,,,,,,,,,,,,,,,,,,,,,,,,,,,,,,,,,,,,,,,,,,,,,,,,,,,,,,,,,,,,,,,,,,,,,,,,,,,,,,,,,,,,,,,,,,,,,,,,,,,,,,,,,,,,,,,,,,,,,,,,,,,,,,,,,,,,,,,,,,,,,,,,,,,,,,,,,,,,,,,,,,,,,,,,,,,,,,,,,,,,,,,,,,,,,,,,,,,,,,,,,,,,,,,,,,,,,,,,,,,,,,,,,,,,,,,,,,,,,,,,,,,,,,,,,,,,,,,,,,,,,,,,,,,,,,,,,,,,,,,,,,,,,,,,,,,,,,
R184,,,,,,,,,,,,,,,,,,,,,,,,,,,,,,,,,,,,,,,,,,,,,,,,,,,,,,,,,,,,,,,,,,,,,,,,,,,,,,,,,,,,,,,,,,,,,,,,,,,,,,,,,,,,,,,,,,,,,,,,,,,,,,,,,,,,,,,,,,,,,,,,,,,,,,,,,,,,,,,,,,,,,,,,,,,,,,,,,,,,,,,,,,,,,,,,,,,,,,,,,,,,,,,,,,,,,,,,,,,,,,,,,,,,,,,,,,,,,,,,,,,,,,,,,,,,,,,,,,,,,,,,,,,,,,,,,,,,,,,,,,,,,,,,,,,,,,,,,,,,,,,,,,,,,,,,,,,,,,,,,,,,,,,,,,,,,,,,,,,,,,,,,,,,,,,,,,,,,,,,,,,,,,,,,,,,,,,,,,,,,,,,,,,,,,,,,,,,,,,,,,,,,,,,,,,,,,,,,,,,,,,,,,,,,,,,,,,,,,,,,
R185,,,,,,,,,,,,,,,,,,,,,,,,,,,,,,,,,,,,,,,,,,,,,,,,,,,,,,,,,,,,,,,,,,,,,,,,,,,,,,,,,,,,,,,,,,,,,,,,,,,,,,,,,,,,,,,,,,,,,,,,,,,,,,,,,,,,,,,,,,,,,,,,,,,,,,,,*/t͡ʃᵝˈɑlɑ/,,,,,,,,,,,,,,,,,,,,,,,,,,,,,,,,,,,,,,,,,,,,,,,,,,,,,,,,,,,*/pɪ̯ˈɛtʃɑ/,,,,,,,,,,,,,,,,,,,,,,,,,,,,,,,,,,,,,,,,,,,,,,,,,,,,,,,,,,,,,,,,,,,,,,,,,,,*/mˈoʃɛ/,,,,,,,,,,,,,,,,,,,,,,,,,,,,,,,,,,,,*/tɪ̯ˈɛrʃɑ/,,,,,,,,,,,,,,,,,,,,,,,,,,,,,,*/ɑnːɪ̯ˈɛt͡ʃᵝ̬ɑ/,*/ɪ̯ˈɑnːɪt͡ʃᵝ̬ɛtɪ/,,,,,,,,,,*/ʝˈɑːʃtəˤ/,,,,,,,,,*/θˈyʃɛ/,,,,,,,,,,,,,,,,,,,,,,,,,,,,,,,,,,*/r̩pɪ̯ˈɛɲɛ/,,,,*/ʝˈɑlpəˤ/,,,,,,,,,,,,,,,,,,,,,,,,,,,,,,,
R186,,,,,,,,,,,,,,,,,,,,,,,,,,,,,,,,,,,,,,,,,,,,,,,,,,,,,,,,,,,,,,,,,,,,,,,,,,,,,,,,,,,,,,,,,,,,,,,,,,,,,,,,,,,,,,,,,,,,,,,,,,,,,,,,,,,,,,,,,,,,,,,,,,,,,,,,,,,,,,,,,,,,,,,,,,,,,,,,,,,,,,,,,,,,,,,,,,,,,,,,,,,,,,,,,,,,,,,,,,,,,,,,,,,,,,,,,,,,,,,,,,,*/pˌord͡ʒjˈɑʃəˤ/,,,,,,,,,,,,,,,,,,,,,,,,,,,,,,,,,,,,,,,,,,,,,,,,,,,,,,,,,,,,,,,,,,,,,,,,,,,,,,,,,,,,,,,,,,,,,,,,,,,,,,,,,,,,,,,,,,,,,,,,,,,,,,,,,,,,,,,,,,,,,,,,,,,,,,,,,,,,,,,,,,,,,,,,,,,,,,,,,,,,,,,,,,,,,,,,,,,,,,
R187,,,,,,,,,,,,,,,,,,,,,,,,,,,,,,,,,,,,,,,,,,,,,,,,,,,,,,,,,,,,,,,,,,,,,,,,,,,,,,,,,,,,,,,,,,,,,,,,,,,,,,,,,,,,,,,,,,,,,,,,,,,,,,,,,,,,,,,,,,,,,,,,,,,,,,,,,,,,,,,,,,,,,,,,,,,,,,,,,,,,,,,,,,,,*/βɪtˈɛʃʃɪ/,,,,,,,,,,,,,,,,,,,,,,,,,,,,,,,,,,,,,,,,,,,,,,,,,,,,,,,,,,,,,,,,,,,,,,,,,,,,,,,,,,,,,,,,,,,,,,,,,,,,,,,,,,,,,,,,,,,,,,,,,,,,,,,,,,,,,,,,,,,,,,,,,,,,,,,,,,,,,,,,,,,,*/ɑnːˈɛt͡ʃᵝ̬ɑ/,,,,,,,,,,,,,,,,,,,,,,,,,,,,,,,,,,,,,,,,,,,,,,,,,,,,,,,,,,,,,,,,,,,,,,,,,,,,,,,,,,,,,,,,,
R188,,,,,,,,,,,,,,,,,,,,,,,,,,,,,,,,,,,,,,,,,,,,,,,*/xβəʝˈiɪ̯ɑ/,,,,,,,,,,,,,,,,,,*/ʝˌɛrðˈiɪ̯ɑ/,,,,,,,,,,,,,,,,,,,,,,,,,,,,,,,,,,,*/ˌɑjðˈiɪ̯ɑ/,*/ˈumɪ̯ɑ/,,,,,,*/χβɛlkˈiɪ̯ɑ/,,,,,,,,,,,,,,,,,,,,,,,,,,,,,,,,,,,,,,,,,,,,,,,,,,,,,,,,,,,,,,,,,,,,,,,,,,,,,,*/βenˈiɪ̯ɑ/,*/βɪ̯ˈɛmɪ̯ɑ/,,,,,,,,,,,,,,,,,,,,,,,*/pˈiɪ̯ɑ/,,,,,,,,,,,,,,,,,,,,,,,,,,,,,,,,,,,,,,,,,,,,,,,,,,,,,,,,,,,,,,,,,,,,,,,,,,,,,,,,,,,,,,,,,,,,,,,,,,*/pɪrtɪ̯ˈɑpɪ̯ɑ/,,,,,,,,,,,,,,,,,,,,,,,,,,,*/d͡ʒˌɑrɪ̯ˈɑɡɪ̯ɑ/,,,,,,*/dɪ̯ˈamːmɪ̯ɑ/,,,,,,,,,,,,,,,,,,,,,,,,,,,,,,,,,,,,,,,,,,,,,,,,,,,,,,,,,,,,*/ʃtxʷmɪ̯ɑ/,,,,,,,*/ʝɪ̯ˈɛrbɪ̯ɑ/,,,,,,,,,,,,,,,,,,,,,,,,,,,,,*/lˈɛwxʷmɪ̯ɑ/,,,,,
R189,,,,,,,,,,,,,,,,,,,,,,,,,,,,,,,,,,,,,,,,,,,,,,,,,,,,,,,,,,,,,,,,,,,,,,,,,,,,,,,,,,,,,,,,,,,,,,,,,,,,,,,,,,,,,,,,,,,,,,,,,,,,,,,,,,,,,,,,,,,,,,,,,,,,,,,,,,,,,,,,,,,,,,,,,,,,,,,,,,,,,,,,,,,,,,,,,,,,,,,,,,,,,,,,,,,,,,,,,,,,,,,,,,,,,,,,,,,,,,,,,,,,,,,,,,,,,,,,,,,,,,,,,,,,,,,,,,,,,,,,,,,,,,,,,,,,,,,,,,,,,,,,,,,,,,,,,,,,,,,,,,,,,,,,,,,,,,,,,,,,,,,,,,,,,,,,,,,,,,,,,,,,,,,,,,,,,,,,,,,,,,,,,,,,,,,,,,,,,,,,,,,,,,,,,,,,,,,,,,,,,,,,,,,,,,,,,,,,,,,,,
R190,,,,,,,,,,,,,,,,,,,,,,,,,,,,,,,,,,,,,,,,,,,,,,,,,,,,,,,,,,,,,,,,,,,,,,,,,,,,,,,,,,,,,,,,,,,,,,,,,,,,,,,,,,,,,,,,,,,,,,,,,,,,,,,,,,,,,,,,,,,,,,,,,,,,,,,,,,,,,,,,,,,,,,,,,,,,,,,,,,,,,,,,,,,,,,,,,,,,,,,,,,,,,,,,,,,,,,,,,,,,,,,,,,,,,,,,,,,,,,,,,,,,,,,,,,,,,,,,,,,,,,,,,,,,,,,,,,,,,,,,,,,,,,,,,,,,,,,,,,,,,,,,,,,,,,,,,,,,,,,,,,,,,,,,,,,,,,,,,,,,,,,,,,,,,,,,,,,,,,,,,,,,,,,,,,,,,,,,,,,,,,,,,,,,,,,,,,,,,,,,,,,,,,,,,,,,,,,,,,,,,,,,,,,,,,,,,,,,,,,,,
R191,,,,,,,,,,,,,,,,,,,,,,,,,,,,*/dɪmˈɛnɪ/,*/dβˈɛnɪ/,,,,,,,,,,,,,,,,,,,,,,,*/xβˈɑnɑ/,,,,,,,,,,,,,,,,,,,,,,,,,,,,,,,,,,,,*/ɡβˈɛðɪ/,*/ɡβˈɛðɪ/,,,,,,,,,,,,,,,,,,,,,*/χβˈɑrnəˤ/,,,*/χpˈɑɑw/,,,*/χmˈɑlðɑ/,*/χmˈɑlːnəˤ/,,,,,,,,,,,,,,,,,,,,,,,,,,,,,,,,*/t͡ʃᵝˈɛʃθɪ/,,,,*/t͡ʃᵝˈɛlɪ/,,,,,*/kᵝ̬ˈɑrrɪ/,,,,,,,,*/t͡ʃᵝ̬ˈɛrmɪʃ/,*/t͡ʃᵝ̬ˈɛrnɪʃ/,,,,,,,,,,,,,*/βˈɑðɑ/,,,,,,*/βˈɛmɪ̯ɑ/,*/βˈɛtʃɪ/,,*/βˈɛtβɛʃθɪ/,*/βˈɛtɪ/,,,,*/βˈɑlɑ/,,,*/dɪʃɪntɪrbˈɑlɑ/,,*/βˈɑlʃɑ/,*/βˈɑlːɑ/,,,,,,,,,,,*/pˈɛtʃɑ/,*/pˈɛðɪ/,,,,,,*/pˈɑkᵝɑ/,*/pˈɑkᵝəˤ/,,,,*/pˈɛdʃɪ/,*/pˈɛʃt͡ʃᵝɪ/,,,,,,*/pˈɛlxmɪ/,*/pˈɑləˤ/,*/pˈɑlɑ/,,,,,*/pˈɑlːəˤ/,,,*/ɸˈɛrrɪ/,*/pˈɑrðɑ/,,,,,,,,,,,,,,,,,,,,,,,,*/bˈɑrɑ/,*/bˈɑrɑðəˤ/,,,*/bˈɛrkɪ/,*/bˈɑrnɑ/,*/bˈɛrrɪ/,,,,,,,,,,,*/mˈɑttɪ/,,,,,,,,,,,,*/mˈɑtɪ/,,*/mˈɛlχβɛ/,,,,,,,,,,,,,,,,,,,,,,,,,,,,,,,,,,,,,,,,,,,,,,,,,,,,,,,,,,,,,,,,,,,,,,,,,,,,,,,,,,,,,,*/mˈɑkrɑ/,,,,,,,,,,,,,,,,,,,,,,,,*/r̩pˈɛɲɛ/,,,,,,,,,,,,,,,,,,,,,,,,,,,,,,,,,,,
R192,,,,,,,,,,,,,,,,,,,,,,,,,,,,,,,,,,,,,,,,,,,,,,,,,,,,,,,,,,,,,,,,,,,,,,,,,,,,,,,,,,,,,,,,,,,,,,,,,,,,,,,,,,,,,,,,,,,,,,,,,,,,,,,,,,,,,,,,,,,,,,,,,,,,*/t͡ʃᵝɪ̯ˈɛʃɛ/,,,,,,,,,,,,,,,,,,,,,,,,,,,,,*/xʷlˈɛɡɪ/,,,,,,,,,,,,,,,,,,,,,,,,,,,,,,,,*/pˈiɑ/,,,,,,,,,,,,,,,,,,,,,,,,*/plˈɑkɪ/,,,,,,,,,,,,,,,,,,,,,,,,,,,,,,,,,,,,,,,,,,,,,,,,,,,,,,,,,,,,,,,,,,,,,,,,,,,*/ɑːʃtɐpjˈɛtɪ/,,,,,,,,,,,,,,,,,,,,,,,,,,,,,,,,,,,,,,,,,,,,,,,,,,,,,,,,,,,,,,,,,,,,,,,,,,,,,,,,,,,,,,,,,,,,*/ʃtxʷmɑ/,,,,,,,,,,,,,,,,,,,,,,,,,,,,*/xʷlˈɛɡɪ/,,,,,,,,*/lˈɛwxʷmɑ/,,,,,
R193,,,,,,,,,,,,,,,,,,,,,,,,,,,,,,,,,,,,,,,,,,,,,,,,,,,,,,,,,,,,,,,,,,,,,,,,,,,,,,,,,,,,,,,,,,,,,,,,,,,,,,,,,,,,,,,,,,,,,,,,,,,,,,,,,,,,,,,,,,,,,,,,,,,,,,,,,,,,,,,,,,,,,,,,,,,,,,,,,,,,,,,,,,,,,,,,,,,,,,,,,,,,,,,,,,,,,,,,,,,,,,,,,,,,,,,,,,,,,,,,,,,,,,,,,,,,,,,,,,,,,,,,,,,,,,,,,,,,,,,,,,,,,,,,,,,,,,,,,,,,,,,,,,,,,,,,,,,,,,,,,,,,,,,,,,,,,,,,,,,,,,,,,,,,,,,,,,,,,,,,,,,,,,,,,,,,,,,,,,,,,,,,,,,,,,,,,,,,,,,,,,,,,,,,,,,,,,,,,,,,,,,,,,,,,,,,,,,,,,,,,
R194,,,,,,,,,*/t͡ʃˈɑrɑcɪ/,,,,,,,,,,,,,,,,,,,,,*/dβˈoɟɪ/,,,,,,,,,,,,,,,,,,,,,,,,,,,,,,,,,,,,,,,,,,,,,,,,,,,,,,,,,,,,,,,,,,,,,,,,,,,,*/ˈɑʊ̯ɟɪ/,*/χβɛlcˈiɪ̯ɑ/,,,,,,,,,,,,,,,,,,,,,,,,,,,,,,,,,,,,,,,,,,,,,,,,,,,,,,,,,,,,,,,,,,,,,,*/xʷlˈɛɟɪ/,,,,,,,,,,,,,,,,,,,,,,,,,,,,,,,,,,,,,,,,,,,,,,,,,,,,,,,,*/plˈɑcɪ/,,,,,,,,,,,,,,,,,,,,,,,,,,,,,,,,,,,,*/bˈɛrcɪ/,,,,,,,,,,,,,,,,,,,,,,,,,,,,,,,,,,,,,,,,,,,,,,,,,,,,,,,,,,,,,,,,,*/d͡ʒˌɑrɪ̯ˈɑɟɪ̯ɑ/,,*/dˌorɑɟɪjˈɑʃəˤ/,,,,,,,,,,,,,,,,,,,,,,,,,,,,,,,,,,,,,,,,,,,,,,,,*/ʃtˈiɟɪ/,,,,,,,,,,,,,,,,,,,,,,,,,,,,,,,,,,,,,,,,,,,,*/xʷlˈɛɟɪ/,*/lɪ̯ˈɛɟɪ/,,,,,,,,,,,,
R195,,,,,,,,,,,,,,,,,,,,,,,,,,,,,,,,,,,,,,,,,,,,,,,,,,,,,,,,,,,,,,,,,,,,,,,,,,,,,,,,,,,,,,,,,,,,,,,,,,,,,,,,,,,,,,,,,,,,,,,,,,,,,,,,,,*/χrˈɛtθɪ/,,,,,,,,,,,,,,,,,,,,,,,,,,,,,,,,,,,,,,,,,,,,,,,,,,,,,,,,,,,,,,,,,,,,,,,,,,,,,,,,,,,,,,,,,,,,,,,,,,,,,,,,,,,,,,,,,,,,,,,,,,,,,,,,,,,,,,,,,,,,,,,,,,,,,,,,,,,,,,,,,,,,,,,,,,,,,,,,,,,,,,,,,,,,,,,,,,,,,,,,,,,,,,,,,,,,,,,,,,,,,,,,,,,,,,,,,,,,,,,,,,,,,,,,,,,,,,,,,,,,,,,,,,,,,,,,,,,,,,,,,,,,,,,,,,,,,,,,,,,,,,,,,,,,,,,
R196,,,,*/θxmˈɛdʃ/,,,,,,,,,,,,,,,,,,*/ðəˤxθɪ̯ˈɛtɪ/,*/ðəˤxθɪ̯ˈɛʃɪ/,,,,,,,,,,,,,,,,,,,,,,,,,,,,,,,,,,,,,,,,,,,,,,,,,,,,,,,,,,,,,,,,,,,,,,,,,,,,,,,,,,,,,,,,,,,,,,,,,,,,,,,,,,,,,,,,,,,,,,,,,,,*/kˈɑ/,,,,*/kˈolɑ/,*/kˈur/,,,,,*/kˈornɑ/,*/krˈimɪ/,*/ɡˈɑrrɪ/,*/ˌɑnɡʎˈɑʃəˤ/,*/ɑnɡrɑ/,*/ɑnɡrɪ̯ˈɛʃɪ/,*/ˈɑnɡxmɪ/,*/ˌɑnɡrˈunɑ/,*/ˌɑnɡrnːnəˤ/,*/ɡˈorxmɑ/,,,,,*/xt͡ʃᵝˈi/,,,,,,,*/xlˈɛɟɪ/,,*/xrˈɛwkθɪ/,,,,,,,,,,,,,,,,,,,,,,,,,,,,,,,,,,,,,,,*/pˈɑkɑ/,*/pˈɑkəˤ/,,,,,,,,,,,,,,,,,,,,,,,,,,,,,,,,,,,,,,,,,,,,,,,,,,,,,,,,,,,,,,,,,,,,,,,,,,,,,,,*/mˈɛlxmu/,,*/ʝɪt͡ʃˈɑkɑ/,*/ʝɪntˈikβɛ/,*/ʝɪntɑkβijˈɑʃəˤ/,*/ʝɪntˈekβit/,,,,,,,,,,,,,,,,,,,,,,,,,,,,,,,,,,,,,,,,,,,,,,,*/d͡ʒˈɑɡɑ/,,,,,,,,,,,,,,,,,,,,,,,,,*/ʃˈɛkɑ/,,,,,,,,,,,,,,,,,,,,,,,,,*/ʃtxmɑ/,,,,,,,,,,,,,,,,,,,,,,,,,,,,*/xlˈɛɟɪ/,,,,,,,,*/lˈɛwxmɑ/,*/ʎˈɑwxməˤ/,,,,
R197,,,,,,,,,,,,,,,,,,,,,,,,,,,,,,,,,,,,,,,,,,,,,,,,,,,,,,,,,,,,,,,,,,,,,,,,,,,,,*/kɪ̯ˈɑlɑ/,,,,*/dɪʃ?1ɪ̯ˈɑləˤ/,*/dɪʃ?1ɪ̯ˈɑlːəˤ/,,*/kɪ̯ˈɑrpɑ/,,,,,,,,,,*/ɑð?1̬ɪ̯ˈɑrðɑ/,,,,,,,,,,,,,,,,,,,,,,,,,,,,,,,,,,,,,,,,,,,,,,,,,,,,,,,,,,,,,,,,,,,,,,,,,,,,,,,,,,,,,,,,,,,,,,,,,,,,,,,,,,,,,,,,,,,,,,,,,,,,,,,,,,,,,,,,,,,,,,,,,,,,,*/pˌord͡ʒɪ̯ˈɑʃəˤ/,,,,,,,,,,,,,,,,,,,,,,,,,,,,,,,,,,,,,,,,,,,,,,,,,,,,,,,,,,,,,,,,,,,,,,,,,,,,,,,,,,,,,,,,,,,,,,,,,,,,,,,,,,,,,,,,,,,*/ʃxɪ̯ˈɑʃ/,,,,,,,,*/?1ɪ̯ˈɑnːnɑ/,*/?1ɪ̯ˈɑrpɑ/,,,,,,,,,,,,,,,,,,,,,,,,,,,,,,,,,,,,,,,,,,,,,,,,,,,,,,,,,,,,,,,,,,,,,,,,,,
R198,,,*/θˈiʃtrɪm/,,,,,*/θˈirxmɪ/,,,,,,,,,,,,,,*/ðəˤxθˈitɪ/,*/ðəˤxθˈiʃɪ/,,,,,,,,,,,,,*/dˈiʃɪ/,,,,*/dˈiʎɪ/,,,,*/ʝˈiːʃtɪʃ/,,,,,,,,,,,*/ʝˈitʃɪ/,*/ʝˈittɪ/,*/ʝˈiʃɪ/,*/ʝˈiʃtɪ/,*/ʝˌɛʃˈinːɪ/,,,,,,,,,,,,,,,,,,,,,,,,,,,,,,,,,,*/ɡˈirðɪ/,,,,,,,,,,,,,,,,,,,,,,,,,,,,,,,,,,,,,,,,,,,,*/ʝˈirðɪ/,,,,,,,,,,,*/t͡ʃᵝˈiʃɛ/,,,,,,,,,,,,,*/ɑnɡrˈiʃɪ/,,,,,,,,,,,,,,*/ʝˈi?1ɪ/,,,*/ʝˈird͡ʒɪ/,,,,,*/xβɪðˈinːɪ/,,,,,,,,,,,,,,,,,,,,,,,,,,,,,,,,,,,,,,,,,,,,,,,,,,,,,,,,,,,,,,,*/bɪnˈitɪ/,,,,,*/bnɲˈitɪ/,*/bnɲˈiʃɪ/,,,,,,,,,,,,,,,,,,,,,,,,,,,,,,,,,,,,,,,,,,,,,,,,,,,,,,,,,,,,,,,,,,,,,,*/tˈirʃɑ/,,,,,,,,,,,,,,,,,,,,,,,,,,,,,,,,,,,,,,,,,,,*/?1ɪwðˈitɪ/,,,,,,,,,,,,,,,,,,,,,,,,,,,,,*/ʃtˈilbɪ/,,,,,*/ʃtˈirɪ/,,,,,,,,*/ʝˈirbɪ̯ɑ/,,,,*/ʝˈilχβɛ/,,,*/nˈitɪ/,,,,,,,,,,,,,,,*/lˈiɟɪ/,*/lɑʃθˈitɪ/,,,,,,,,,,,
R199,,,,,,,,,,,,,,,,,,,,,*/d͡ʒˈentɪ/,,,,,,,,,,,,,,,,,,,,,,,,,,,,,,,,,,,,,,,,,,,,,,,,,,,,,,*/kʃˈelːɪʃ/,,*/kˈelɑ/,,,,*/dɪʃ?1ˈeləˤ/,*/dɪʃ?1ˈelːəˤ/,,*/kˈerpɑ/,,,,,,,,,,*/ɑð?1̬ˈerðɑ/,,,,,*/ˈejðɪ/,,,*/ˈejðəθɑj/,,,,,,,,,,,,,,,,,,,,,,,,,,,,,,*/ˈejðɪ/,,,,,,,,,,,,,,,,,,,,,,,,,,,,,,,,,,,,,,,,,,,,,,,,,,,,,,,,,,,,,,,,,,,,,,,*/βrˈenːɪ/,,,,,,,,,,,,,,,,,,,,,,,,,,,,,,,,,,,,,,,,*/pˌord͡ʒˈeʃəˤ/,,,,,,,,,,,,,,,*/bɪnˈeðɪt͡ʃɪ/,,,,,,,,,*/brˈeðɪ/,,,,,,,,,,,,,,,,,,,,,,,,,,,,,,,,,,,,,,,,*/pɪrtˈepɪ̯ɑ/,,,,,,,,,,,,,,,,,,,,,,,,,,,*/d͡ʒˌɑrˈeɟɪ̯ɑ/,,,,,,*/dˈemːmɪ̯ɑ/,,,,,,,,,,,,,*/ˈenːɪt͡ʃᵝ̬ɛtɪ/,,,,,*/ʃxˈeʃ/,,,,,,,,*/?1ˈenːnɑ/,*/?1ˈerpɑ/,,,,,,,,,,,,,,,,,,,,,,,,,,,,,,,,,,,,,,,,,,,,,,,,,,,,,,,,,,,,,,,,,,,,,,,,,,
R200,,,,,,,,,,,,,,,,,,,,,,,,,,,,,,,,,,,,,,,,,,,,,,,*/xβəʝˈijɑ/,,,,,,,,,,,,,,,,,,*/ʝˌɛrðˈijɑ/,,,,,,,,,,,,,,,,,,,,,,,,,,,,,,,,,,,*/ˌɑjðˈijɑ/,*/ˈumjɑ/,,,,,,*/χβɛlcˈijɑ/,,,,,,,,,,,,,,,,,,,,,,,,,,,,,,,,,,,,,,,,,,,,,,,,,,,,,,,,,,,,,,,,,,,,,,,,,,,,,,*/βenˈijɑ/,*/βˈɛmjɑ/,,,,,,,,,,,,,,,,,,,,,,,,,,,,,,,,,,,,,,,,,,,,,,,,,,,,,,,,,,,,,,,,,,,,,,,,,,,,,,,,,,,,,,,,,,,,,,,,,,,,,,,,,,,,,,,,,,,,,,,,,*/pɪrtˈepjɑ/,,,,,,,,,,,,,,,,,,,,,,,,,,,*/d͡ʒˌɑrˈeɟjɑ/,,,,,,*/dˈemːmjɑ/,,,,,,,,,,,,,,,,,,,,,,,,,,,,,,,,,,,,,,,,,,,,,,,,,,,,,,,,,,,,,,,,,,,*/ʝˈirbjɑ/,,,,,,,,,,,,,,,,,,,,,,,,,,,,,,,,,,
R201,,,,,,,,,,,,,,,,,,,,,,,,,,,,,,,,,,,,,,,,,,,,,,,,,,,,,,,,,,,,,,,,,,,,,,,,,,,,,,,,,,,,,,,,,,,,,,,,,,,,,,,,,,,,,,,,,,,,,,,,,,,,,,,,,,,,,,,,,,,,,,,,,,,,,,,,,,,,,,,,,,,,,,,,,,,,,,,,,,,,,,,,,,,,,,,,,,,,,,,,,,,,,,,,,,,,,,,,,,,,,,,,,,,,,,,,,,,,,,,,,,,,,,,,,,,,,,,,,,,,,,,,,,,,,,,,,,,,,,,,,,,,,,,,,,,,,,,,,,,,,,,,,,,,,,,,,,,,,,,,,,,,,,,,,,,,,,,,,,,,,,,,,,,,,,,,,,,,,,,,,,,,,,,,,,,,,,,,,,,,,,,,,,,,,,,,,,,,,,,,,,,,,,,,,,,,,,,,,,,,,,,,,,,,,,,,,,,,,,,,,
R202,,,,,,,,,,,,,,,,,,,,,,,,,,,,,,,,,,,,,,,,,,,,,,,,,,,,,,,,,,,,,,,,,,,,,,,,,,,,,,,,,,,,,,,,,,,,,,,,,,,,,,,,,,,,,,,,,,,,,,,,,,,,,,,,,,,,,,,,,,,,,,,,,,,,,,,,,,,,,,,,,,,,,,,,,,,,,,,,,,,,,,,,,,,,,,,,,,,,,,,,,,,,,,,,,,,,,,,,,,,,,,,,,,,,,,,,,,,,,,,,,,,,,,,,,,,,,,,,,,,,,,,,,,,,,,,,,,,,,,,,,,,,,,,,,,,,,,,,,,,,,,,,,,,,,,,,,,,,,,,,,,,,,,,,,,,,,,,,,,,,,,,,,,,,,,,,,,,,,,,,,,,,,,,,,,,,,,,,,,,,,,,,,,,,,,,,,,,,,,,,,,,,,,,,,,,,,,,,,,,,,,,,,,,,,,,,,,,,,,,,,
R203,,,,,,,,,,,,,,,,,,,,,,,,,,,,,,,,,,,,,,,,,,,,,,,,,,,,,,,,,,,,,,,,,,,,,,,,,,,,,,,,,,,,,,,,,,,,,,,,,,,,,,,,,,,,,,,,,,,,,,,,,,,,,,,,,,,,,,,,,,,,,,,,,,,,,,,,,,,,,,,,,,,,,,,,,,,,,,,,,,,,,,,,,,,,,*/βˈɛtɛʃθɪ/,,,,,,,,,,,,,,,,,,,,,,,,,,,,,,,,,,,,,,,,,,,,,,,,,,,,,,,,,,,,,,,,,,,,,,,,,,,,,,,,,,,,,,,,,,,,,,,,,,,,,,,,,,,,,,,,,,,,*/tɛ/,,,,,,,,,,,,,,,,,,,,,,,,,,,,,,,,,,,,,,,,,,,,,,,,,,,,,,,,,,,,,,,,,,,,,,,,,,,,,,,,,,,,,,,,,,,,,,,,,,,,,,,,,,,,,,,,,,,,,,,,,,,,,,,,,,,,,,,,
R204,,,,,,,,,,,,,,,,,,,,,,,,,,,,,,,,,,,,,,,,,,,,,,,,,,,,,,,,,,,,,,,,,,,,,,,,,,,,,,,,,,,,,,,,,,,,,,,,,,,,,,,,,,,,,,,,,,,,,,,,,,,,,,,,,,,,,,,,,,,,,,,,,,,,,,,,,,,,,,,,,,,,,,,,,,,,,,,,,,,,,,,,,,,,,,,,,,,,,,,,,,,,,,,,,,,,,,,,,,,,,,,,,,,,,,,,,,,,,,,,,,,,,,,,,,,,,,,,,,,,,,,,,,,,,,,,,,,,,,,,,,,,,,,,,,,,,,,,,,,,,,,,,,,,,,,,,,,,,,,,,,,,,,,,,,,,,,,,,,,,,,,,,,,,,,,,,,,,,,,,,,,,,,,,,,,,,,,,,,,,,,,,,,,,,,,,,,,,,,,,,,,,,,,,,,,,,,,,,,,,,,,,,,,,,,,,,,,,,,,,,
R205,,,,,,,,,,,,,,,,,,,,,,,,,,,,,,,,,,,,,,,,,,,,,,,,,,,,,,,,,,,,,,,,,,,,,,,,,,,,,,,,,,,,,,,,,,,,,,,,,,,,,,,,,,,,,,,,,,,,,,,,,,,,,,,,,,,,,,,,,,,,,,,,,,,,,,,,,,,,,,,,,,,,,,,,,,,,,,,,,,,,,,,,,,,,,,,,,,,,,,,,,,,,,,,,,,,,,,,,,,,,,,,,,,,,,,,,,,,,,,,,,,,,,,,,,,,,,,,,,,,,,,,,,,,,,,,,,,,,,,,,,,,,,,,,,,,,,,,,,,,,,,,,,,,,,,,,,,,,,,,,,,,,,,,,,,,,,,,,,,,,,,,,,,,,,,,,,,,,,,,,,,,,,,,,,,,,,,,,,,,,,,,,,,,,,,,,,,,,,,,,,,,,,,,,,,,,,,,,,,,,,,,,,,,,,,,,,,,,,,,,,
R206,,,,,,,,,,,,,,,,,,,,,,,,,,,,,,,,,,,,,,,,,,,,,,,,,,,,,,,,,,,,,,,,,,,,,,,,,,,,,,,,,,,,,,,,,,,,,,,,,,,,,,,,,,,,,,,,,,,,,,,*/ˈɑt͡ʃɑ̃ɾ̃ɪ/,,,,,,,,,,,,,,,,,,,,,,,,,,,,,,,,,,,,,,,,,,,,,,,,,,,,,,,,,*/ʝˈɛʃtɑ̃ɾ̃ɑ/,,,,,,,,,,,,,,,,,,,,,,,,,*/βˈɛrrɑ̃ɾ̃ɑ/,,,,,,*/βˈɛrrɑ̃ɾ̃ɑ/,,,,,,,,,,,,,,,,,,,,,,,,,,,,,,,,,,,,,,,,,,,,,,,,,,,,,,,,,,,,,,,,,,,,,,,,,,,,,,,,,,,,,,,,,,,,,,,,,,,,,,,,,,,,,,,,,,,,,,,,,*/ʝˈɘðɑ̃ɾ̃əˤ/,,,,,,,,,,,,,,,,,,,,,,,,,,,,,,,,,,,,,,,,,,,,,,,,,,,,,,,,,,,,,,,,,,,,,,,,,,,,,*/ʝˈɛrpɑ̃ɾ̃ɪ/,,,,,,,,,,,,,,,,,,,,,,,,,,,,,,,,,,,,
R207,,,,,,,,,,,,,,,,,,,,,,,,,,,,,,,,,,,,,,,,,,,,,,,,,,,,,,,,,,,,,,,,,,,,,,,,,,,,,,,,,,,,,,,,,,,,,,,,,,,,,,,,,,,,,,,,,,,,,,,,,,,,,,,,,,,,,,,,,,,,,,,,,,,,,,,,,,,,,,,,,,,,,,,,,,,,,,,,,,,,,,,,,*/βɑ̃ɾ̃ˈijɑ/,,,,,,,,,,,,,,,,,,,,,,,,,,,,,,,,,,,,,,,,,,,,,,,,,,,,,,,,,,,,,*/bɑ̃ɾ̃ˈitɪ/,,,,,,,,,,,,*/bɑ̃ɾ̃ˈeðɪt͡ʃɪ/,,,,,,,,,,,,,,,,,,,,,,,,,,,,,,,,,,,,,,,,,,,,,,,,,,,,,,,,,,,,,,,,,,,,,,,,,,,,,,,,,,,,,,,,,,,,,,,,,,,,,,,,,,,,,,,,,,,,,,,,,,,,,,,,,,,,,,,,,,,,,,,,,,,,,,,,,,,,,,,,,,,,,,,,,,,,,,,,,,,,,,,
R208,,,,,,,,,,,,,,,,,,,,,,,,,,,,,,,,,,,,,,,,,,,,,,,,,,,,,,,,,,,,,,,,,,,,,,,,,,,,,,,,,,,,,,,,,,,,,,,,,,,,,,,,,,,,,,,,,,,,,,,,,,,,,,,,,,,,,,,,,,,,,,,,,,,,,,,,,,,,,,,,,,,,,,,,,,,,,,,,,,,,,,,,,,,,,,,*/uːt͡ʃˈɑt͡ʃəˤ/,,,,,,,,,,,,,,,,,,,,,,,,,,,,,,,,,,,,,,,,,,,,,,,,,,,,,,,,,,,,,,,,,,,,,,,,,,,,,,,,,,,,,,,,,,,,,,,,,,,,,,,,,,,,,,,,,,,,,,,,,,,,,,,,,,,,,,,,,,,,,,,,,,,,,,,,,,,,,,,,,,,,,,,,,,,,,,,,,,,,,,,,,,,,,,,,,,,,,,,,,,,,,,,,,,,,,,,,,,,,,,,,,,,,,,,,,,,,,,,,,,,,,,,,,,
R209,,,,,,,,,,,,,,,,,,,,,,,,,,,,,,,,,,,,,,,,,,,,,,,,,,,,,,,,,,,,,,,,,,,,,,,,,,,,,,,,,,,,,,,,,,,,,,*/ɑːð?1̬ˈerðɑ/,,,,,,,,,,,,,,,,,,,,,,,,,,,,,,,,,,,,,,,,,,,,,,,,,,,,,,,,,,,,,,,,,,,,,,,,,,,,,,,,,,,,,,,,,,,,,,,,,,,,,,,,,,,,,,,,,,,,,,,,,,,,,,,,,,,,,,,,,,,,,,,,,,,,,,,*/ɑːðɸˈɛʎɑ/,,,,,,,,,,,,,,,,,,,,,,,,,,,,,,,,,,,,,,,,,,,,,,,,,,,,,,,,,,,,,,,,,,,,,,,,,,,,,,,,,,,,,,,,,,,,,,,,,,,,,,,,,,,,,,,,,,,,,,,,,,,,,,,,,,,,,,,,,,,,,,,,,,,,,,,,,,,,,,,,,,,,,,,,,,,,,,,,,,,,,,,,,,,,,,,,,,,,
R210,,,,,,,,,,,,,,,,,,,,,,,,,,,,,,,,,,,,,,,,,,,,,,,,,,,,,,,,,,,,,,,,,,,,,,,,,,,,,,,,,,,,,,,,,,,,,,,,,,,,*/jðˈijɑ/,,,,,,,,,,,,,,,,,,,,*/n/,,,,,,,,,,,,,,,,,,,,,,,,,,,,,,,,,,,,,,,*/nɡʎˈɑʃəˤ/,*/nɡrɑ/,*/nɡrˈiʃɪ/,,*/nɡrˈunɑ/,*/nɡrnːnəˤ/,,,,,,,,,,,,,,,,,,,,,,,,,,,,,,,,,,,,,,,,,,,,,,,,,,,,,,,,,,,,,,,,*/nplˈoɲɑ/,*/nplˈontɪ/,,,,,,,,,,,,,,,,,,,,,,,,,,,,,,,,,,*/nbˈunɘʃtɪ/,,,,,,,,,,,,,,,,,,,,,,,,,,,,,,,,,,,,*/ntɑd͡ʒˈɑt͡ʃəˤ/,,,,,,,,,,,,,,,,,,,*/ntrˈuðɑ/,,,,,,,,*/d͡ʒˈɑθtəˤ/,,,,,,,,,,,,,,,,,,*/nːˈɛθʃu/,,,,,,,,*/nːˈɛt͡ʃᵝ̬ɑ/,,,,,,,,,,,,,,,,,,,,,,,,,,,,,,,,,,,,,,,,,,,,,,,,,,,,,,,,,,,,,,,,,,,,,*/nbɪʎˈɑðɑ/,,,,,,,,,,,,,,,,,,,,
R211,,,,,,,,,,,,,,,,,,,,,,,,,,,,,,,,,,,,,,,,,,,,,,,,,,,,,,,,,,,,,,,,,,,,,,,,,,,,,,,,,,,,,,,,,,,,,,,,,,,,*/ðˈijɑ/,,,,,,,,,,,,,,,,,,,,,,,,,,,,,,,,,,,,,,,,,,,,,,,,,,,,,,,,,,,,,,,,,,,,,,,,,,,,,,,,,,,,,,,,,,,,,,,,,,,,,,,,,,,,,,,,,,,,,,,,,,,,,,,,,,,,,,,,,,,,,,,,,,,,,,,,,,,,,,,,,,,,,,,,,,,,,,,,,,,,,,,,,,,,,,,,,,,,,,,,,,,,,,,,,,,,,,,,,,,,,,,,,,,,,,,,,,,,,,,,,,,,,,,,,,,,,,,,,,,,,,,,,,,,,,,,,,,,,,,,,,,,,,,,,,,,,,,,,,,,,,,,,,,,,,,,,,,,,,,,,,,,,,,,,,,,,,,,,,,,,
R212,,,,,,,,,,,,,,,,,,,,,,,,,,,,,,,,,,,,,,,,,,,,,,,,,,,,,,,,,,,,,,,,,,,,,,,,,,,,,,,,,,,,,,,,,,,,,,,,,,,,,,,,,,,,,,,,,,,,,,,,,,,,,,,,,,,,,,,,,,,,,,,,,,,,,,,,,,,,,,,*/ənɡʎˈɑʃəˤ/,*/ənɡrɑ/,*/ənɡrˈiʃɪ/,,*/ənɡrˈunɑ/,*/ənɡrnːnəˤ/,,,,,,,,,,,,,,,,,,,,,,,,,,,,,,,,,,,,,,,,,,,,,,,,,,,,,,,,,,,,,,,,*/ənplˈoɲɑ/,*/ənplˈontɪ/,,,,,,,,,,,,,,,,,,,,,,,,,,,*/ənːtˈəˤ/,,,,,,,*/ənbˈunɘʃtɪ/,,,,,,,,,,,,,,,,,,,,,,,,,,,,,,,,,,*/əmbəlˌɑχβˈɘɲɑ/,,*/əntɑd͡ʒˈɑt͡ʃəˤ/,,,,,,,,,,,,,,,,,,,*/əntrˈuðɑ/,,,,,,,,,,,,,,,,,,,,,,,,,,,,,,,,,,,,,,,,,,,,,,,,,,,,,,,,,,,,,,,,,,,,,,,,,,,,,,,,,,,,,,,,*/ər̩pˈɛɲɛ/,,,,,,,,,,,,,,,*/ənbɪʎˈɑðɑ/,,,,,,,,,,,,,,,,,,,,
R213,,,,,,,,,,,,,,,,,,,,,,,,,,,,,,,,,,,,,,,,,,,,,,,,,,,,,,,,,,,,,,,,,,,,,,,,,,,,,,,,,,,,,,,,,,,,,,,,,,,,,,,,,,,,,,,,,,,,,,,,,,,,,,,,,,,,,,,,,,,,,,,,,,,,,,,,,,,,,,,,,,,,,,,,,,,,,,,,,,,,,,,,,,,,,,,,,,,,,,,,,,,,,,,,,,,,,,,,,,,,,,,,,,,,,,,,,,,,,,,,,,,,,,,,,,,,,,,,,,,,,,,,,,,,,,,,,,,,,,,,,,,,,,,,,,,,,,,,,,,,,,,,,,,,,,,,,,,,,,,,,,,,,,,,,,,,,,,,,,,,,,,,,,,,,,,,,,,,,,,,,,,,,,,,,,,,,,,,,,,,,,,,,,,,,,,,,,,,,,,,,,,,,,,,,,,,,,,,,,,,,,,,,,,,,,,,,,,,,,,,,
R214,,,,,,,,,,,,,,,,,,,,,,,,,,,,,,,,,,,,,,,,,,,,,,,,,,,,,,,,,,,,,,,,,,,,,,,,,,,,,,,,,,,,,,,,,,,,,,,,,,,,,,,,,,,,,,,,,,,,,,,,,,,,,,,,,,,,,,,,,,,,,,,,,,,,,,,,,,,,,,,,,,,,,,,,,,,,,,,,,,,,,,,,,,,,,,,,,,,,,,,,,,,,,,,,,,,,,,,,,,,,,,,,,,,,,,,,,,,,,,,,,,,,,,,,,,,,,,,,,,,,,,,,,,,,,,,,,,,,,,,,,,,,,,,,,,,,,,,,,,,,,,,,,,,,,,,,,,,,,,,,,,,,,,,,,,,,,,,,,,,,,,,,,,,,,,,,,,,,,,,,,,,,,,,,,,,,,,,,,,,,,,,,,,,,,,,,,,,,,,,,,,,*/rːˈyməˤ/,*/rːˈumɪ/,,,,,,,,,,,,,,,,,,,,,,,,,,,,,,,,,,,,,*/rːˈuðɑ/
R215,,,,,,,,,,,,,,,,,,,,,,,,,,,,,,,,,,,,,,,,,,,,,,,,,,,,,,,,,,,,,,,,,,,,,,,,,,,,,,,,,,,,,,,,,,,,,,,,,,,,,,,,,,,,,,,,,,*/pərˈepɑ/,,,,,,,,,,,,,,,,,,,,,,,,,,,,,,,,,,,,,,,,,,,,,,,,,,,,,,,,,,,,,,,,,,,,,,,,,,,,,,,,,,,,,,,,,,,,,,,,,,,,,,,,,,,,,,,,,,,,,,,,,,,,,,,,,,,,,,,,,,,,,,,,,,,,,,,,,,,,,,,,,,,,,,,,,,,,,,,,,,,,,,,,,,,,,,,,,,,,,,,,,,,,,,,,,,,,,,,,,,,,,,,,,,,,,,,,,,,,,,,,,,,,,,,,,,,,,,,,,,,,,,,,,,,,,,,,,,,,,,,,,,,,,,,,,,,,,,,,,,,,,,,,,,,,,,,,,,,,,,,,,,,,,,,
R216,,,,,,,,,,,,,,,,,,,,,,,,,,,,,,,,,,,,,,,,,,,,,,,,,,,,,,,,,,,,,,,,,,,,,,,,,,,,,,,,,,,,,,,,,,,,,,,,,,,,,,,,,,,,,,,,,,,,,,,,,,,,,,,,,,,,,,,,,,,,,,,,,,,,,,,,,,,,,,,,,,,,,,,,,,,,,,,,,,,,,,,,,,,,,,,,,,,,,,,,,,,,,,,,,,,,,,,,,,,,,,,,,,,,,,,,,,,,,,,,,,,,,,,,,,,,,,,,,,,,,,,,,,,,,,,,,,,,,,,,,,,,,,,,,,,,,,,,,,,,,,,,,,,,,,,,,,,,,,,,,,,,,,,,,,,,,,,,,,,,,,,,,,,,,,,,,,,,,,,,,,,,,,,,,,,,,,,,,,,,,,,,,,,,,,,,,,,,,,,,,,,,,,,,,,,,,,,,,,,,,,,,,,,,,,,,,,,,,,,,,
R217,,,,,,,,,,,,,,,,,,,,,,,,,,,,,,,,,,,,,,,,,,,,,,,,,,,,,,,,,,,,,,,,,,,,,,,,,,,,,,,,,,,,,,,,,,,,,,,,,,,,,,,,,,,,*/χβˈilɑ/,,,*/xβˈilɑ/,,,,,,,,,,,,,,,,,,,,,,,,,,,,,,,,,,,,,,,,,,,,,,,,,,,,,,,,,,,,,,,,,,,,,,,,,,,,,,,,,,,,,,,,,,,,,,,,,,,,,,,,,,,,,,,,,,,,,,,,,,,,,,,,,,,,,,,,,,,,,,,,,,,,,,,,,,,,,,,,,,,,,,,,,,,,,,,,,,,,,,,,,,,,,,,,,,,,,,,,,,,,,,,,,,,,,,,,,,,,,,,,,*/dˌorɑɟiˈɑʃəˤ/,,,,,,,,,,,,,,,,,,,,,,,,,,,,,,,,,,,,,,,,,,,,,,,,,,,,,,,,,,,,,,,,,,,,,,,,,,,,,,,,,,,,,,,,,,,,,,,,,,,,,,,,,
R218,,,,,,,,,,,,,,,,,,,,,,,,,,,,,,,,,,,,,,,,,,,,,,,,,,,,,,,,,,,,,,,,,,,,,,,,,,,,,,,,,,,,,,,,,,,,,,,,,,,,,,,,,,,,,,,,,,,,,,,,,,,,,,,,,,,,,,,,,,,,,,,,,,,,,,,,,,,,,,,,,,,,,,,,,,,,,,,,,,,,,,,,,,,,,,,,,,,,,,,,,,,,,,,,,,,,,,,,,,,,,,,,,,,,,,,,,,,,,,,,,,,,,,,,,,,,,,,,,,,,,,,,,,,,,,,,,,,,,,,,,,,,,*/mˌø̃tˈɛʃʃɑ/,,,,,,,,,,,,,,,,,,,,,,,,,,,,,,,,,,,,,,,,,,,,,,,,,,,,,,,,,,,,,,,,,,,,,,,,,,,,,,,,,,,,,,,,,,,,,,,,,,,,,,,,,,,,,,,,,,,,,,,,,,,,,,,,,,,,,,,,,,,,,,,,,,,,,,,,,,,,
R219,,,,,,,,,,,,,,,,,,,,,,,,,,,,,,,,,,,,,,,,,,,,,,,,,,,,,,,,,,,,,,,,,,,,,,,,,,,,,,,,,,,,,,,,,,,,,,,,,,,,,,,,,,,,,,,,,,,,,,,,,,,,,,,,,,,,,,,,,,,,,,,,,,,,,,,,,,,,,,,,,,,,,,,,,,,,,,,,,,,,,,,,,,,,,,,,,,,,,,,,,,,,,,,,,,,,,,,,,,,,,,,,,,,,,,,,,,,,,,,,,,,,,,,,,,,,,,,,,,,,,,,,,,,,,,,,,,,,,,,,,,,,,,,,,,,,,,,,,,,,,,,,,,,,,,,,,,,,,,,,,,,,,,,,,,,,,,,,,,,,,,,,,,,,,,,,,,,,,,,,,,,,,,,,,,,,,,,,,,,,,,,,,,,,,,,,,,,,,,,,,,,,,,,,,,,,,,,,,,,,,,,,,,,,,,,,,,,,,,,,,
R220,*/θˈiɲa/,*/θˈambəra/,,,*/t͡ʃˈaravɪ/,*/t͡ʃˈarabəˤtəˤ/,*/t͡ʃˈarat͡ʃəˤ/,,*/t͡ʃˈaracɪ/,,*/t͡ʃˈawka/,*/θˈuka/,,,*/kʎˈoɲa/,*/klɪwɲa/,*/d͡ʒˈamatara/,*/d͡ʒˈamba/,,,,,,*/nːˈaʃθa/,,*/ɡrˈuna/,*/ɡrˈuɲa/,,,,,*/ddˈam/,*/d͡ʒˈaðaʃ/,,,,*/dˈɛðət͡ʃa/,*/dˈora/,,,,*/drˈɘða/,,,,,*/xβəʝˈija/,,,,*/xmˈam/,*/xβˈana/,,*/ʝˈɛt͡ʃa/,,,,,,*/ʝəðˈuna/,*/ʝˈarða/,,,*/xʎˈapa/,*/ʝˌɛrðˈija/,*/ˈurða/,,,,,,*/kˌopˈaʃtəˤ/,*/kˈapa/,,,*/kˈɛlabʃ/,*/kˈela/,,*/?1ˈolɪʃta/,,,,*/ʝɪð?1ˈɛʎa/,*/kˈerpa/,,,*/krˈɛpʃa/,,,*/ɡlˈat͡ʃa/,*/ɡʎˈawa/,*/ʝɪnɡrˌɛðˈiʃθa/,,*/aːð?1̬ˈerða/,*/ˈotra/,,*/ʝˌaθˈotəˤ/,,,*/ðˈija/,*/ˈumja/,*/ˈejðəθaj/,*/ˈaw/,*/xβɪd͡ʒˈaa/,*/ˈai/,*/ˈaʊ̯ɟɪ/,*/χβɛlcˈija/,*/χβˈila/,*/χβˌoʎˈaʃəˤ/,*/χβˈarnəˤ/,*/xβˈila/,,*/χpˈaaw/,*/pərˈepa/,*/ˈamma/,*/χmˈalða/,*/χmˈalːnəˤ/,*/ˈat͡ʃa/,*/ˈat͡ʃɑ̃ɾ̃ɪ/,,*/ˈanːa/,*/ˈaɲa/,*/ˈanta/,*/nːˈot͡ʃa/,*/ˈandɪ/,*/ˈandɪ/,,*/ˈalbɪ/,,,*/ˈarθɪ/,,*/ˈae/,,,,,*/maˈarna/,*/maˈarnəʃɪ/,*/maˈarnətɪ/,,*/t͡ʃᵝˈila/,*/ˈəˤt͡ʃᵝəla/,,,*/kˈa/,,,,*/kˈola/,,*/t͡ʃᵝˈala/,,,*/t͡ʃᵝɪlaʃθˈamːəˤ/,*/kˈorna/,,*/ɡˈarrɪ/,*/ənɡʎˈaʃəˤ/,*/ənɡra/,,*/ˈanɡxmɪ/,*/ənɡrˈuna/,,*/ɡˈorxma/,,,*/t͡ʃᵝ̬ˈɛrɲa/,,,*/ʝˈoʃa/,*/ʝˈoʃa/,*/ʝˈama/,*/ʝˈɛdra/,,*/ʝˈɛʃtɑ̃ɾ̃a/,,,,*/βˈaða/,,,,*/βˈoðəʃa/,*/βɑ̃ɾ̃ˈija/,*/βˈɛmja/,,,,,*/uːt͡ʃˈat͡ʃəˤ/,*/βˈola/,,*/βˈala/,*/βaʎˈaʃəˤ/,*/dɪd͡ʒˈaləˤtəˤ/,*/dɪʃɪntɪrbˈala/,,*/βˈalʃa/,*/βˈalːa/,*/βˈɛrrɑ̃ɾ̃a/,*/βrˈuɲa/,,*/βrˈanːəd͡ʒa/,*/βˈurba/,,*/βˈɛrrɑ̃ɾ̃a/,*/ˈurna/,*/pˈia/,,*/pˈɛtʃa/,,*/pˈatəˤ/,*/pˈaʃʝəˤ/,*/pˈaθʃ/,*/pˈaʃ/,,*/pˈaka/,*/pˈakəˤ/,*/pˈuθa/,*/pˈunːa/,*/pɪt͡ʃˈaʃəˤ/,,,*/plˈat͡ʃa/,*/plˈatʃ/,,*/ənplˈoɲa/,,,*/pˈaləˤ/,*/pˈala/,*/plˈacɪ/,*/ʝɪðɸˈala/,,*/pˈolːa/,*/pˈalːəˤ/,,,,*/pˈarða/,,,*/pˈorða/,*/aːðɸˈɛʎa/,,*/bˈiʎa/,,,,,,*/bnɲˈa/,,,,*/bɪɲˈaða/,,*/bˈiða/,,*/bβˈota/,,,*/bˈɛlːna/,*/bˈara/,*/bˈaraðəˤ/,,*/bˈɛʎa/,,*/bˈarna/,,,*/bˈirra/,,*/bʎˈaða/,,*/blˈoɡra/,*/mˈa/,,*/mat͡ʃˈaʃəˤ/,*/mˈat͡ʃa/,*/mˈattɪ/,*/mˈat͡ʃəˤ/,,*/mˌø̃tˈɛʃʃa/,,,,*/mˈotarəˤ/,*/mˈad͡ʒa/,,,*/mˈatʃ/,*/mˈatɪ/,,,*/əmbəlˌaχβˈɘɲa/,,*/əntad͡ʒˈat͡ʃəˤ/,*/ʝɪt͡ʃˈaka/,,*/ʝɪntakβijˈaʃəˤ/,,,,,*/pɪrtˈepja/,*/aːʃtɐpjˈɛtɪ/,,,,*/ʝɪntˈɛɲa/,*/t͡ʃˈanːa/,,,*/trˈiɡa/,*/tʎˈawða/,*/əntrˈuða/,*/ˈaːʃda/,*/tʎˈama/,,*/tˈirʃa/,*/t͡ʃˈarna/,*/t͡ʃˈarnəˤ/,*/tˌoʎˈaʃəˤ/,*/d͡ʒˈaθtəˤ/,*/dˈaʊ̯nəˤ/,,,*/ʝˈɘðata/,*/dβˈiɡa/,,*/drˈɘta/,*/d͡ʒˌarˈeɟja/,*/d͡ʒˈaraɡa/,*/dˌoraɟiˈaʃəˤ/,,,,*/dˈemːmja/,,*/dlad͡ʒˈatəˤ/,*/d͡ʒˈaθʃa/,,*/d͡ʒˈaʃθa/,*/dˈiʎa/,*/dˈot͡ʃa/,*/d͡ʒˈa/,*/dɪt͡ʃˈaʃəˤ/,*/d͡ʒˈaɡa/,*/dɪt͡ʃᵝ̬ɪnta/,*/nːˈɛt͡ʃᵝ̬a/,,*/dˈɛwɲa/,*/dβˈora/,,*/d͡ʒˈalːa/,,,,,*/ʝˈaʊ̯ɲa/,*/ʝˈaːʃtəˤ/,*/ʝˈola/,,*/?1ˈenːna/,*/?1ˈerpa/,*/?1ˈɛla/,,,*/dˌiðˈɛrt͡ʃa/,,,,*/ʃˈɛka/,,,,*/ɸˈɛra/,*/ɸˈɛram/,*/ɸˈɛraʃ/,*/mˈakra/,*/ʝˈymat͡ʃa/,,*/ʃta/,*/ʃtɐjˈaʃəˤ/,*/ʃtˈyla/,*/ʃtˈaʊ̯nəˤ/,*/ʃtˈoɲa/,*/ʃtnɲˈa/,*/ʃtˈanɲa/,*/ʃt͡ʃˈala/,*/kɐʃt͡ʃˈala/,,*/ʃt͡ʃˈala/,,*/ʃtˈɛʎa/,,,*/ʃtxma/,*/ʃtrˈiɲa/,,,,,,*/ʝˈirbja/,,*/ʃˈɛrma/,*/ʝˈalpəˤ/,,,*/ɲˈata/,,,*/ɲˈama/,*/nˈaʃ/,,,*/nˈoʃa/,*/ənbɪʎˈaða/,,*/lˈoða/,,,*/lˈodra/,*/lˈiða/,,,*/laʃθˈitɪ/,,,*/lˈuɡa/,*/lˈɛwɡta/,*/ʎˈaa/,*/lˈɛwxma/,*/ʎˈawxməˤ/,,,*/luðˈit͡ʃa/,*/rːˈuða/
R221,,,,,,,,,,,,,,,,,,,,,,,,,,,,,,,,,,,,,,,,,,,,,,,,,,,,,,,,,,,,,,,,,,,,,,,,,,,,,,,,,,,,,,,,,,,,,,,,,,,,,,,,,,,,,,,,,,,,,,,,,,,,,,,,,,,,,,,,,,,,,,,,,,,,,,,,,,,,,,,,,,,,,,,,,,,,,,,,,,,,,,,,,,,,,,,,,,,,,,,,,,,,,,,,,,,,,,,,,,,,,,,,,,,,,,,,,,,,,,,,,,,,,,,,,,,,,,,,,,,,,,,,,,,,,,,,,,,,,,,,,,,,,,,,,,,,,,,,,,,,,,,,,,,,,,,,,,,,,,,,,,,,,,,,,,,,,,,,,,,,,,,,,,,,,,,,,,,,,,,,,,,,,,,,,,,,,,,,,,,,,,,,,,,,,,,,,,,,,,,,,,,,,,,,,,,,,,,,,,,,,,,,,,,,,,,,,,,,,,,,,
R222,,,,,,,,,,,,,,,,,,,,,,,,,,,,,,,,,,,,,,,,,,,,,,,,,,,,,,,,,,,,,,,,,,,,,,,,,,,,,,,,,,,,,,,,,,,,,,,,,,,,,,,,,,,,,,,,,,,,,,,,,,,,,,,,,,,,,,,,,,,,,,,,,,,,,,,,,,,,,,,,,,,,,,,,,,,,,,,,,,,,,,,,,,,,,,,,,,,,,,,,,,,,,,,,,,,,,,,,,,,,,,,,,,,,,,,,,,,,,,,,,,,,,,,,,,,,,,,,,,,,,,,,,,,,,,,,,,,,,,,,,,,,,,,,,,,,,,,,,,,,,,,,,,,,,,,,,,,,,,,,,,,,,,,,,,,,,,,,,,,,,,,,,,,,,,,,,,,,,,,,,,,,,,,,,,,,,,,,,,,,,,,,,,,,,,,,,,,,,,,,,,,,,,,,,,,,,,,,,,,,,,,,,,,,,,,,,,,,,,,,,
R223,,,,,,,,,,,,,,,,,,,,,,,,,,,,,,,,,,,,,,,,,,,,,,,,,,,,,,,,,,,,,,,,,,,,,,,,,,,,,,,,,,,,,,,,,,,,,,,,,,,,,,,,,,,,,,,,,,,,,,,,,,,,,,,,,,,,,,,,,,,,,,,,,,,,,,,,,,,,,,,,,,,,,,,,,,,,,,,,,,,,,,,,,,,,,,,,,,,,,,,,,,,,,,,,,,,,,,,,,,,,,,,,,,,,,,,,,,,,,,,,,,,,,,,,,,,,,,,,,,,,,,,,,,,,,,,,,,,,,,,,,,,,,,,,,,,,,,,,,,,,,,,,,,,,,,,,,,,,,,,,,,,,,,,,,,,,,,,,,,,,,,,,,,,,,,,,,,,,,,,,,,,,,,,,,,,,,,,,,,,,,,,,,,,,,,,,,,,,,,,,,,,,,,,,,,,,,,,,,,,,,,,,,,,,,,,,,,,,,,,,,
=Late Proto-Albanian I,null*/θˈiɲa/,null*/θˈambəra/,null*/θˈiʃtrɪm/,null*/θxmˈɛdʃ/,null*/t͡ʃˈaravɪ/,null*/t͡ʃˈarabəˤtəˤ/,null*/t͡ʃˈarat͡ʃəˤ/,null*/θˈirxmɪ/,null*/t͡ʃˈaracɪ/,null*/θˈɛiləˤ/,null*/t͡ʃˈawka/,null*/θˈuka/,null*/θˈupɪ/,null*/tɪθˈupɪ/,null*/kʎˈoɲa/,null*/klɪwɲa/,null*/d͡ʒˈamatara/,null*/d͡ʒˈamba/,null*/ðˈevɪ/,null*/nːˈamːəˤ/,null*/d͡ʒˈentɪ/,null*/ðəˤxθˈitɪ/,null*/ðəˤxθˈiʃɪ/,null*/nːˈaʃθa/,null*/nːˈunɪ/,null*/ɡrˈuna/,null*/ɡrˈuɲa/,null*/dɪmˈɛnɪ/,null*/dβˈɛnɪ/,null*/dβˈoɟɪ/,null*/dˈylɪʃ/,null*/ddˈam/,null*/d͡ʒˈaðaʃ/,null*/ddˈimːɪ/,null*/dd͡ʒˈɛʃ/,null*/dˈiʃɪ/,null*/dˈɛðət͡ʃa/,null*/dˈora/,null*/dˈorɪ/,null*/dˈiʎɪ/,null*/dˈɛrʃ/,null*/drˈɘða/,null*/ʝˈɛðʃ/,null*/ʝˈiːʃtɪʃ/,null*/ʝˈy/,null*/ˈuðʎɪm/,null*/xβəʝˈija/,null*/xβəʝˈiɛtɪ/,null*/ʝˈemɪ/,null*/xmɪ/,null*/xmˈam/,null*/xβˈana/,null*/ʝˈɛtərɪ/,null*/ʝˈɛt͡ʃa/,null*/ʝˈitʃɪ/,null*/ʝˈittɪ/,null*/ʝˈiʃɪ/,null*/ʝˈiʃtɪ/,null*/ʝˌɛʃˈinːɪ/,null*/ʝəðˈuna/,null*/ʝˈarða/,null*/ʝˈɛrðətɪ/,null*/xrˈemɪ/,null*/xʎˈapa/,null*/ʝˌɛrðˈija/,null*/ˈurða/,null*/xrˈɛnːu/,null*/nːˈewnːɪm/,null*/ʝˈyʃ/,null*/ʝˈewnːɪm/,null*/ʝˈemɪ/,null*/kˌopˈaʃtəˤ/,null*/kˈapa/,null*/kʝˈoɲɪ/,null*/kʃˈelːɪʃ/,null*/kˈɛlabʃ/,null*/kˈela/,null*/?1ˈolɪ/,null*/?1ˈolɪʃta/,null*/?1ˈɛləmɪ/,null*/dɪʃ?1ˈeləˤ/,null*/dɪʃ?1ˈelːəˤ/,null*/ʝɪð?1ˈɛʎa/,null*/kˈerpa/,null*/krˈepɪ/,null*/ʝɪð?1rˈepɪ/,null*/krˈɛpʃa/,null*/ɡβˈɛðɪ/,null*/ɡβˈɛðɪ/,null*/ɡlˈat͡ʃa/,null*/ɡʎˈawa/,null*/ʝɪnɡrˌɛðˈiʃθa/,null*/ɡˈirðɪ/,null*/aːð?1̬ˈerða/,null*/ˈotra/,null*/ʝˈɛθu/,null*/ʝˌaθˈotəˤ/,null*/ˈiut͡ʃᵝɪ/,null*/ˈejðɪ/,null*/ðˈija/,null*/ˈumja/,null*/ˈejðəθaj/,null*/ˈaw/,null*/xβɪd͡ʒˈaa/,null*/ˈai/,null*/ˈaʊ̯ɟɪ/,null*/χβɛlcˈija/,null*/χβˈila/,null*/χβˌoʎˈaʃəˤ/,null*/χβˈarnəˤ/,null*/xβˈila/,null*/χpˈɛ/,null*/χpˈaaw/,null*/pərˈepa/,null*/ˈamma/,null*/χmˈalða/,null*/χmˈalːnəˤ/,null*/ˈat͡ʃa/,null*/ˈat͡ʃɑ̃ɾ̃ɪ/,null*/n/,null*/ˈanːa/,null*/ˈaɲa/,null*/ˈanta/,null*/nːˈot͡ʃa/,null*/ˈandɪ/,null*/ˈandɪ/,null*/nːˈɛr/,null*/ˈalbɪ/,null*/χlˈiðɪ/,null*/χrˈɛtθɪ/,null*/ˈarθɪ/,null*/ˈejðɪ/,null*/ˈae/,null*/ˈutɪ/,null*/ˈoʊ̯lɪ/,null*/ˈoʊ̯ləˤ/,null*/ʝˈirðɪ/,null*/maˈarna/,null*/maˈarnəʃɪ/,null*/maˈarnətɪ/,null*/mˈorrɪ/,null*/t͡ʃᵝˈila/,null*/ˈəˤt͡ʃᵝəla/,null*/t͡ʃᵝˈiʃ/,null*/t͡ʃᵝˈi/,null*/kˈa/,null*/t͡ʃᵝˈɛm/,null*/t͡ʃᵝˈiʃɛ/,null*/t͡ʃᵝˈɛʃθɪ/,null*/kˈola/,null*/kˈur/,null*/t͡ʃᵝˈala/,null*/t͡ʃᵝˈɛlɪ/,null*/t͡ʃᵝˌɛlˈiɛtɪ/,null*/t͡ʃᵝɪlaʃθˈamːəˤ/,null*/kˈorna/,null*/krˈimɪ/,null*/ɡˈarrɪ/,null*/ənɡʎˈaʃəˤ/,null*/ənɡra/,null*/ənɡrˈiʃɪ/,null*/ˈanɡxmɪ/,null*/ənɡrˈuna/,null*/ənɡrnːnəˤ/,null*/ɡˈorxma/,null*/t͡ʃᵝ̬ˈɛrmɪʃ/,null*/t͡ʃᵝ̬ˈɛrnɪʃ/,null*/t͡ʃᵝ̬ˈɛrɲa/,null*/ʝətˈotəˤ/,null*/xt͡ʃᵝˈi/,null*/ʝˈoʃa/,null*/ʝˈoʃa/,null*/ʝˈama/,null*/ʝˈɛdra/,null*/ʝˈi?1ɪ/,null*/ʝˈɛʃtɑ̃ɾ̃a/,null*/xlˈɛɟɪ/,null*/ʝˈird͡ʒɪ/,null*/xrˈɛwkθɪ/,null*/βˈaða/,null*/βˈɛðəʃɪ/,null*/βˈɛðətɪ/,null*/xβɪðˈinːɪ/,null*/βˈoðəʃa/,null*/βɑ̃ɾ̃ˈija/,null*/βˈɛmja/,null*/βˈɛtʃɪ/,null*/βɪtˈɛʃʃɪ/,null*/βˈɛtɛʃθɪ/,null*/βˈɛtɪ/,null*/uːt͡ʃˈat͡ʃəˤ/,null*/βˈola/,null*/βˈɛlətɪ/,null*/βˈala/,null*/βaʎˈaʃəˤ/,null*/dɪd͡ʒˈaləˤtəˤ/,null*/dɪʃɪntɪrbˈala/,null*/ˈult͡ʃᵝɪ/,null*/βˈalʃa/,null*/βˈalːa/,null*/βˈɛrrɑ̃ɾ̃a/,null*/βrˈuɲa/,null*/βrˈenːɪ/,null*/βrˈanːəd͡ʒa/,null*/βˈurba/,null*/ˈurtəˤ/,null*/βˈɛrrɑ̃ɾ̃a/,null*/ˈurna/,null*/pˈia/,null*/pˈeɛtɪ/,null*/pˈɛtʃa/,null*/pˈɛðɪ/,null*/pˈatəˤ/,null*/pˈaʃʝəˤ/,null*/pˈaθʃ/,null*/pˈaʃ/,null*/pˈonəˤ/,null*/pˈaka/,null*/pˈakəˤ/,null*/pˈuθa/,null*/pˈunːa/,null*/pɪt͡ʃˈaʃəˤ/,null*/pˈɛdʃɪ/,null*/pˈɛʃt͡ʃᵝɪ/,null*/plˈat͡ʃa/,null*/plˈatʃ/,null*/plˈotəˤ/,null*/ənplˈoɲa/,null*/ənplˈontɪ/,null*/pˈɛlxmɪ/,null*/pˈaləˤ/,null*/pˈala/,null*/plˈacɪ/,null*/ʝɪðɸˈala/,null*/plˈɛwʃtɪ/,null*/pˈolːa/,null*/pˈalːəˤ/,null*/pɪr/,null*/pɪrɪ/,null*/ɸˈɛrrɪ/,null*/pˈarða/,null*/pˈɛrðətɪ/,null*/pˌord͡ʒˈeʃəˤ/,null*/pˈorða/,null*/aːðɸˈɛʎa/,null*/bɑ̃ɾ̃ˈitɪ/,null*/bˈiʎa/,null*/bˈirrɪ/,null*/bχlˈɛm/,null*/bnːˈɛ/,null*/bnɲˈitɪ/,null*/bnɲˈiʃɪ/,null*/bnɲˈa/,null*/bnːnˈy/,null*/bnːˈəˤ/,null*/ənːtˈəˤ/,null*/bɪɲˈaða/,null*/bɑ̃ɾ̃ˈeðɪt͡ʃɪ/,null*/bˈiða/,null*/bˈɛwnːnɪ/,null*/bβˈota/,null*/bˈutəˤ/,null*/ənbˈunɘʃtɪ/,null*/bˈɛlːna/,null*/bˈara/,null*/bˈaraðəˤ/,null*/brˈeðɪ/,null*/bˈɛʎa/,null*/bˈɛrcɪ/,null*/bˈarna/,null*/bˈɛrrɪ/,null*/bˈorrɪ/,null*/bˈirra/,null*/bɪrˈiməˤ/,null*/bʎˈaða/,null*/blˈorəˤ/,null*/blˈoɡra/,null*/mˈa/,null*/mˈot͡ʃᵝɪ/,null*/mat͡ʃˈaʃəˤ/,null*/mˈat͡ʃa/,null*/mˈattɪ/,null*/mˈat͡ʃəˤ/,null*/mˈotɪ/,null*/mˌø̃tˈɛʃʃa/,null*/mˈoʃɛ/,null*/mˈirrəˤ/,null*/mˈyʃ/,null*/mˈotarəˤ/,null*/mˈad͡ʒa/,null*/mˈɛmʝɪm/,null*/mˈɛtχ/,null*/mˈatʃ/,null*/mˈatɪ/,null*/mˈɛlətəˤ/,null*/mˈɛlχβɛ/,null*/əmbəlˌaχβˈɘɲa/,null*/mˈɛlxmu/,null*/əntad͡ʒˈat͡ʃəˤ/,null*/ʝɪt͡ʃˈaka/,null*/ʝɪntˈikβɛ/,null*/ʝɪntakβijˈaʃəˤ/,null*/ʝɪntˈekβit/,null*/tˈuj/,null*/tɛ/,null*/tˈy/,null*/pɪrtˈepja/,null*/aːʃtɐpjˈɛtɪ/,null*/tˈeʊ̯rɪ/,null*/tˈeʊ̯rɪ/,null*/tˈulːɪ/,null*/ʝɪntˈɛɲa/,null*/t͡ʃˈanːa/,null*/trˈiɛ/,null*/trˈi/,null*/trˈiɡa/,null*/tʎˈawða/,null*/əntrˈuða/,null*/ˈaːʃda/,null*/tʎˈama/,null*/trˈimɪ/,null*/tˈirʃa/,null*/t͡ʃˈarna/,null*/t͡ʃˈarnəˤ/,null*/tˌoʎˈaʃəˤ/,null*/d͡ʒˈaθtəˤ/,null*/dˈaʊ̯nəˤ/,null*/ʝˈɘðɑ̃ɾ̃əˤ/,null*/ʝˈɘðɘʝəˤ/,null*/ʝˈɘðata/,null*/dβˈiɡa/,null*/dβˈiɛwʃ/,null*/drˈɘta/,null*/d͡ʒˌarˈeɟja/,null*/d͡ʒˈaraɡa/,null*/dˌoraɟiˈaʃəˤ/,null*/drˈunɪ/,null*/drˈunɪ/,null*/dˈamːəˤ/,null*/dˈemːmja/,null*/dˈemɪ/,null*/dlad͡ʒˈatəˤ/,null*/d͡ʒˈaθʃa/,null*/nːˈɛθʃu/,null*/d͡ʒˈaʃθa/,null*/dˈiʎa/,null*/dˈot͡ʃa/,null*/d͡ʒˈa/,null*/dɪt͡ʃˈaʃəˤ/,null*/d͡ʒˈaɡa/,null*/dɪt͡ʃᵝ̬ɪnta/,null*/nːˈɛt͡ʃᵝ̬a/,null*/ˈenːɪt͡ʃᵝ̬ɛtɪ/,null*/dˈɛwɲa/,null*/dβˈora/,null*/dβˈorɪ/,null*/d͡ʒˈalːa/,null*/ʃxˈeʃ/,null*/ʃθˈirɪ/,null*/ʃɪ/,null*/ʃɪ/,null*/ʝˈaʊ̯ɲa/,null*/ʝˈaːʃtəˤ/,null*/ʝˈola/,null*/?1ɪwðˈitɪ/,null*/?1ˈenːna/,null*/?1ˈerpa/,null*/?1ˈɛla/,null*/?1ˈɛləmɪ/,null*/ʝˈy/,null*/dˌiðˈɛrt͡ʃa/,null*/θˈyʃɛ/,null*/θˈyʃ/,null*/ʃˈɛt͡ʃᵝʃ/,null*/ʃˈɛka/,null*/ʃɪt͡ʃᵝˈɛmtɪm/,null*/ʝˈumɪ/,null*/ʝˈɛt͡ʃʃ/,null*/ɸˈɛra/,null*/ɸˈɛram/,null*/ɸˈɛraʃ/,null*/mˈakra/,null*/ʝˈymat͡ʃa/,null*/ʃtˈiɟɪ/,null*/ʃta/,null*/ʃtɐjˈaʃəˤ/,null*/ʃtˈyla/,null*/ʃtˈaʊ̯nəˤ/,null*/ʃtˈoɲa/,null*/ʃtnɲˈa/,null*/ʃtˈanɲa/,null*/ʃt͡ʃˈala/,null*/kɐʃt͡ʃˈala/,null*/ʃtˈilbɪ/,null*/ʃt͡ʃˈala/,null*/pɪrɪʃtˈolɪ/,null*/ʃtˈɛʎa/,null*/ʃtʃəˤ/,null*/ʃtˈirɪ/,null*/ʃtxma/,null*/ʃtrˈiɲa/,null*/pˈiðɪ/,null*/rːˈyməˤ/,null*/rːˈumɪ/,null*/ʝˈɛrpɑ̃ɾ̃ɪ/,null*/ər̩pˈɛɲɛ/,null*/ʝˈirbja/,null*/ʃɪrbˈiɛtɪ/,null*/ʃˈɛrma/,null*/ʝˈalpəˤ/,null*/ʝˈilχβɛ/,null*/nˈøt͡ʃᵝɪ/,null*/ɲˈata/,null*/nˈitɪ/,null*/nˈy/,null*/ɲˈama/,null*/nˈaʃ/,null*/nˈɛʃ/,null*/nˈoʃʃɪ/,null*/nˈoʃa/,null*/ənbɪʎˈaða/,null*/lˈot͡ʃɪ/,null*/lˈoða/,null*/lˈoðəˤ/,null*/lˈoðət͡ʃəˤ/,null*/lˈodra/,null*/lˈiða/,null*/xlˈɛɟɪ/,null*/lˈiɟɪ/,null*/laʃθˈitɪ/,null*/lˈuməˤ/,null*/lˈuɡʃ/,null*/lˈuɡa/,null*/lˈɛwɡta/,null*/ʎˈaa/,null*/lˈɛwxma/,null*/ʎˈawxməˤ/,null*/lˈumɪ/,null*/lˈøːdrɪ/,null*/luðˈit͡ʃa/,null*/rːˈuða/
R224,,,,,*/t͡sˈaravɪ/,*/t͡sˈarabəˤtəˤ/,*/t͡sˈarat͡ʃəˤ/,,*/t͡sˈaracɪ/,,*/t͡sˈawka/,,,,,,,,,,,,,,,,,,,,,,,,,,,,,,,,,,,,,,,,,,,,,,,,,,,,,,,,,,,,,,,,,,,,,,,,,,,,,,,,,,,,,,,,,,,,,,,,,,,,,,,,,,,,,,,,,,,,,,,,,,,,,,,,,,,,,,,,,,,,,,,,,,,,,,,,,,,,,,,,,,,,,,,,,,,,,,,,,,,,,,,,,,,,,,,,,,,,,,,,,,,,,,,,,,,,,,,,,,,,,,,,,,,,,,,,,,,,,,,,,,,,,,,,,,,,,,,,,,,,,,,,,,,,,,,,,,,,,,,,,,,,,,,,,,,,,,,,,,,,,,*/t͡sˈanːa/,,,,,,,,,,*/t͡sˈarna/,*/t͡sˈarnəˤ/,,,,,,,,,,,,,,,,,,,,,,,,,,,,,,,,,,,,,,,,,,,,,,,,,,,,,,,,,,,,,,,,,,,,,,,,,,,,,,,,,,,,,,,,,,,,,,,,,,,,,,,,,,,,,,,,,,,,,
R225,,,,,,,,,,,,,,,,,,,,,,,,,,,,,,,,,,,,,,,,,,,,,,,,,,,,,,,,,,,,,,,,,,,,,,,,,,,,,,,,,,,,,,,,,,,,,,,,,,,,,,,,,,,,,,,,,,,,,,,,,,,,,,,,,,,,,,,,,,,,,,,,,,,,,,,,,,,,,,,,,,,,,,,,,,,,,,,,,,,,,,,,,,,,,,,,,,,,,,,,,,,,,,,,,,,,,,,,,,,,,,,,,,,,,,,,,,,,,,,,,,,,,,,,,,,,,,,,,,,,,,,,,,,,,,,,,,,,,,,,,,,,,,,,,,,,,,,,,,,,,,,,,,,,,,,,,,,,,,,,,,,,,,,,,,,,,,,,,,,,,,,,,,,,,,,,,,,,,,,,,,,,,,,,,,,,,,,,,,,,,,,,,,,,,,,,,,,,,,,,,,,,,,,,,,,,,,,,,,,,,,,,,,,,,,,,,,,,,,,,,
R226,,,,,,,,,,,,,,,,,,,,,,,,,,,,,,,,,,,,,,,,,,,,,,,,,,,,,,,,,,,,,,,,,,,,,,,,,,,,,,,,,,,,,,,,,,,,,,,,,,,,,,,,,,,,,,,,,,,,,,,,,,,,,,,,,,,,,,,,,,,,,,,,,,,,,,,,,,,,,,,,,,,,,,,,,,,,,,,,,,,,,,,,,,,,,,,,,,,,,,,,,,,,,,,,,,,,,,,,,,,,,,,,,,,,,,,,,,,,,,,,,,,,,,,,,,,,,,,,,,,,,,,,,,,,,,,,,,,,,,,,,,,,,,,,,,,,,,,,,,,,,,,,,,,,,,,,,,,,,,,,,,,,,,,,,,,,,,,,,,,,,,,,,,,,,,,,,,,,,,,,,,,,,,,,,,,,,,,,,,,,,,,,,,,,,,,,,,,,,,,,,,,,,,,,,,,,,,,,,,,,,,,,,,,,,,,,,,,,,,,,,
R227,,,,,,,,,,,,,,,,,,,,,,,,,,,,,,,,,,,,,,,,,,,,,,,,,,,,,,,,,,,,,,,,,,,,,,,,,,,,,,,,,,,,,,,,,,,,,,,,,,,,,,,,,,,,,,,,,,,,,,,,,,,,,,,,,,,,,,,,,,,,,,,,,,,,,,,,,,,,,,,,,,,,,,,,,,,,,,,,,,,,,,,,,,,,,,,,,,,,,,,,,,,,,,,,,,,,,,,,,,,,,,,,,,,,,,,,,,,,,,,,,,,,,,,,,,,,,,,,,,,,,,,,,,,,,,,,,,,,,,,,,,,,,,,,,,,,,,,,,,,,,,,,,,,,,,,,,,,,,,,,,,,,,,,,,,,,,,,,,,,,,,,,,,,,,,,,,,,,,,,,,,,,,,,,,,,,,,,,,,,,,,,,,,,,,,,,,,,,,,,,,,,,,,,,,,,,,,,,,,,,,,,,,,,,,,,,,,,,,,,,,
R228,,,,,,,,,,,,,,,,,,,,,,,,,,,,,,,,,,,,,,,,,,,,,,,,,,,,,,,,,,,,,,,,,,,,,,,,,,,,,,,,,,,,,,,,,,,,,,,,,,,,,,,,,,,,,,,,,,,,,,,,,,,,,,,,,,,,,,,,,,,,,,,,,,,,,,,,,,,,,,,,,,,,,,,,,,,,,,,,,,,,,,,,,,,,,,,,,,,,,,,,,,,,,,,,,,,,,,,,,,,,,,,,,,,,,,,,,,,,,,,,,,,,,,,,,,,,,,,,,,,,,,,,,,,,,,,,,,,,,,,,,,,,,,,,,,,,,,,,,,,,,,,,,,,,,,,,,,,,,,,,,,,,,,,,,,,,,,,,,,,,,,,,,,,,,,,,,,,,,,,,,,,,,,,,,,,,,,,,,,,,,,,,,,,,,,,,,,,,,,,,,,,,,,,,,,,,,,,,,,,,,,,,,,,,,,,,,,,,,,,,,
R229,,,,,,,,,,,,,,,,,,,,,,,,,,,,,,,,,,,,,,,,,,,,,,,,,,,,,,,,,,,,,,,,,,,,,,,,,,,,,,,,,,,,,,,,,,,,,,,,,,,,,,,,,,,,,,,,,,,,,,,,,,,,,,,,,,,,,,,,,,,,,,,,,,,,,,,,,,,,,,,,,,,,,,,,,,,,,,,,,,,,,,,,,,,,,,,,,,,,,,,,,,,,,,,,,,,,,,,,,,,,,,,,,,,,,,,,,,,,,,,,,,,,,,,,,,,,,,,,,,,,,,,,,,,,,,,,,,,,,,,,,,,,,,,,,,,,,,,,,,,,,,,,,,,,,,,,,,,,,,,,,,,,,,,,,,,,,,,,,,,,,,,,,,,,,,,,,,,,,,,,,,,,,,,,,,,,,,,,,,,,,,,,,,,,,,,,,,,,,,,,,,,,,,,,,,,,,,,,,,,,,,,,,,,,,,,,,,,,,,,,,
R230,,,,,,,,,,,,,,,,,,,,,,,,,,,,,,,,,,,,,,,,,,,,,,,,,,,,,,,,,,,,,,,,,,,,,,,,,,,,,,,,,,,,,,,,,,,,,,,,,,,,,,,,,,,,,,,,,,,,,,,,,,,,,,,,,,,,,,,,,,,,,,,,,,,,,,,,,,,,,,,,,,,,,,,,,,,,,,,,,,,,,,,,,,,,,,,,,,,,,,,,,,,,,,,,,,,,,,,,,,,,,,,,,,,,,,,,,,,,,,,,,,,,,,,,,,,,,,,,,,,,,,,,,,,,,,,,,,,,,,,,,,,,,*/mˌentˈɛʃʃa/,,,,,,,,,,,,,,,,,,,,,,,,,,,,,,,,,,,,,,,,,,,,,,,,,,,,,,,,,,,,,,,,,,,,,,,,,,,,,,,,,,,,,,,,,,,,,,,,,,,,,,,,,,,,,,,,,,,,,,,,,,,,,,,,,,,,,,,,,,,,,,,,,,,,,,,,,,,,
R231,,,,,,,,,,,,,,,,,,,,,,,,,,,,,,,,,,,,,,,,,,,,,,,,,,,,,,,,,,,,,,,,,,,,,,,,,,,,,,,,,,,,,,,,,,,,,,,,,,,,,,,,,,,,,,,,,,,,,,,,,,,,,,,,,,,,,,,,,,,,,,,,,,,,,,,,,,,,,,,,,,,,,,,,,,,,,,,,,,,,,,,,,,,,,,,,,,,,,,,,,,,,,,,,,,,,,,,,,,,,,,,,,,,,,,,,,,,,,,,,,,,,,,,,,,,,,,,,,,,,,,,,,,,,,,,,,,,,,,,,,,,,,,,,,,,,,,,,,,,,,,,,,,,,,,,,,,,,,,,,,,,,,,,,,,,,,,,,,,,,,,,,,,,,,,,,,,,,,,,,,,,,,,,,,,,,,,,,,,,,,,,,,,,,,,,,,,,,,,,,,,,,,,,,,,,,,,,,,,,,,,,,,,,,,,,,,,,,,,,,,
R232,,,,,,,,,,,,,,,,,,,,,,,,,,,,,,,,,,,,,,,,,,,,,,,,,,,,,,,,,,,,,,,,,,,,,,,,,,,,,,,,,,,,,,,,,,,,,,,,,,,,,,,,,,,,,,,,,,,,,,,,,,,,,,,,,,,,,,,,,,,,,,,,,,,,,,,,,,,,,,,,,,,,,,,,,,,,,,,,,,,,,,,,,,,,,,,,,,,,,,,,,,,,,,,,,,,,,,,,,,,,,,,,,,,,,,,,,,,,,,,,,,,,,,,,,,,,,,,,,,,,,,,,,,,,,,,,,,,,,,,,,,,,,,,,,,,,,,,,,,,,,,,,,,,,,,,,,,,,,,,,,,,,,,,,,,,,,,,,,,,,,,,,,,,,,,,,,,,,,,,,,,,,,,,,,,,,,,,,,,,,,,,,,,,,,,,,,,,,,,,,,,,,,,,,,,,,,,,,,,,,,,,,,,,,,,,,,,,,,,,,,
R233,,,,,,,,,,,,,,,,,,,,,,,,,,,,,,,,,,,,,,,,,,,,,,,,,,,,,,,,,,,,,,,,,,,,,,,,,,,,,,,,,,,,,,,,,,,,,,,,,,,,,,,,,,,,,,,,,,,,,,,,,,,,,,,,,,,,,,,,,,,,,,,,,,,,,,,,,,,,,,,,,,,,,,,,,,,,,,,,,,,,,,,,,,,,,,,,,,,,,,,,,,,,,,,,,,,,,,,,,,,,,,,,,,,,,,,,,,,,,,,,,,,,,,,,,,,,,,,,,,,,,,,,,,,,,,,,,,,,,,,,,,,,,,,,,,,,,,,,,,,,,,,,,,,,,,,,,,,,,,,,,,,,,,,,,,,,,,,,,,,,,,,,,,,,,,,,,,,,,,,,,,,,,,,,,,,,,,,,,,,,,,,,,,,,,,,,,,,,,,,,,,,,,,,,,,,,,,,,,,,,,,,,,,,,,,,,,,,,,,,,,
R234,,,,,,,,,,,,,,,,,,,,,,,,,,,,,,,,,,,,,,,,,,,,,,,,,,,,,,,,,,,,,,,,,,,,,,,,,,,,,,,,,,,,,,,,,,,,,,,,,,,,,,,,,,,,,,,,,,,,,,,,,,,,,,,,,,,,,,,,,,,,,,,,,,,,,,,,,,,,,,,,,,,,,,,,,,,,,,,,,,,,,,,,,,,,,,,,,,,,,,,,,,,,,,,,,,,,,,,,,,,,,,,,,,,,,,,,,,,,,,,,,,,,,,,,,,,,,,,,,,,,,,,,,,,,,,,,,,,,,,,,,,,,,,,,,,,,,,,,,,,,,,,,,,,,,,,,,,,,,,,,,,,,,,,,,,,,,,,,,,,,,,,,,,,,,,,,,,,,,,,,,,,,,,,,,,,,,,,,,,,,,,,,,,,,,,,,,,,,,,,,,,,,,,,,,,,,,,,,,,,,,,,,,,,,,,,,,,,,,,,,,
R235,,,,,,,,,,,,,,,,,,,,,,,,,,,,,,,,,,,,,,,,,,,,,,,,,,,,,,,,,,,,,,,,,,,,,,,,,,,,,,,,,,,,,,,,,,,,,,,,,,,,,,,,,,,,,,,,,,,,,,,,,,,,,,,,,,,,,,,,,,,,,,,,,,,,,,,,,,,,,,,,,,,,,,,,,,,,,,,,,,,,,,,,,,,,,,,,,,,,,,,,,,,,,,,,,,,,,,,,,,,,,,,,,,,,,,,,,,,,,,,,,,,,,,,,,,,,,,,,,,,,,,,,,,,,,,,,,,,,,,,,,,,,,,,,,,,,,,,,,,,,,,,,,,,,,,,,,,,,,,,,,,,,,,,,,,,,,,,,,,,,,,,,,,,,,,,,,,,,,,,,,,,,,,,,,,,,,,,,,,,,,,,,,,,,,,,,,,,,,,,,,,,,,,,,,,,,,,,,,,,,,,,,,,,,,,,,,,,,,,,,,
R236,,,,,,,,,,,,,,,,,,,,,,,,,,,,,,,,,,,,,,,,,,,,,,,,,,,,,,,,,,,,,,,,,,,,,,,,,,,,,,,,,,,,,,,,,,,,,,,,,,,,,,,,,,,,,,,,,,,,,,,,,,,,,,,,,,,,,,,,,,,,,,,,,,,,,,,,,,,,,,,,,,,,,,,,,,,,,,,,,,,,,,,,,,,,,,,,,,,,,,,,,,,,,,,,,,,,,,,,,,,,,,,,,,,,,,,,,,,,,,,,,,,,,,,,,,,,,,,,,,,,,,,,,,,,,,,,,,,,,,,,,,,,,,,,,,,,,,,,,,,,,,,,,,,,,,,,,,,,,,,,,,,,,,,,,,,,,,,,,,,,,,,,,,,,,,,,,,,,,,,,,,,,,,,,,,,,,,,,,,,,,,,,,,,,,,,,,,,,,,,,,,,,,,,,,,,,,,,,,,,,,,,,,,,,,,,,,,,,,,,,,
R237,,,,,,,,,,,*/t͡sˈavka/,,,,,,,,,,,,,,,,,,,,,,,,,,,,,,,,,,,,,,,,,,,,,,,,,,,,,,,,,,,,,,,,,,,,,,,,,,,,,,,,*/ɡʎˈava/,,,,,,,,,,,,,,,,,,,,,,,,,,,,,,,,,,,,,,,,,,,,,,,,,,,,,,,,,,,,,,,,,,,,,,,,,,,,,,,,,,,,,,,,,,,,,,,,,,,,,,,,,,,,,,,,,,,,,,,,,,,,,,,,,,,,,,,,,,,,,,,,,,,,,,,,,,,,,,,,,,,,,,,,,,,,,,,,,,,,,,,,,,,,,,,,,,,,,,,,,,,,,,,,,,,,,,,,,,,,,,,,,,,,,,,,,,,,,,,,,,,,,,,,,,,,,,,,,,,,,,,,,,,,,,,,,,,,,,,,,,,,,,,,,,,,,,,,,,,,,,,,,,,,,,,,,,,,,,,,,,,,,,,,,,,,,,,,,,,,,,,,,,,,,,
R238,,,,,,,,,,,,,,,,,,,,,,,,,,,,,,,,,,,,,,,,,,,,,,,,,,,,,,,,,,,,,,,,,,,,,,,,,,,,,,,,,,,,,,,,,,,,,,,,,,,,,,,,,,,,,,,,,,,,,,,,,,,,,,,,,,,,,,,,,,,,,,,,,,,,,,,,,,,,,,,,,,,,,,,,,,,,,,,,,,,,,,,,,,,,,,,,,,,,,,,,,,,,,,,,,,,,,,,,,,,,,,,,,,,,,,,,,,,,,,,,,,,,,,,,,,,,,,,,,,,,,,,,,,,,,,,,,,,,,,,,,,,,,,,,,,,,,,,,,,,,,,,,,,,,*/aːʃtɯːpjˈɛtɪ/,,,,,,,,,,,,,,,,,,,,,,,,,,,,,,,,,,,,,,,,,,,,,,,,,,,,,,,,,,,,,,,,,,,,,,,,,,,,,,,,,,,,,*/kɯːʃt͡ʃˈala/,,,,,,,,,,,,,,,,,,,,,,,,,,,,,,,,,,,,,,,,,,,,,,,,
R239,,,,,,,,,,,,,,,,,,,,,,,,,,,,,,,,,,,,,,,,,,,,,,,,,,,,,,,,,,,,,,,,,,,,,,,,,,,,,,,,,,,,,,,,,,,,,,,,,,,,,,,,,,,,,,,,,,,,,,,,,,,,,,,,,,,,,,,,,,,,,,,,,,,,,,,,,,,,,,,,,,,,,,,,,,,,,,,,,,,,,,,,,,,,,,,,,,,,,,,,,,,,,,,,,,,,,,,,,,,,,,,,,,,,,,,,,,,,,,,,,,,,,,,,,,,,,,,,,,,,,,,,,,,,,,,,,,,,,,,,,,,,,,,,,,,,,,,,,,,,,,,,,,,,,,,,,,,,,,,,,,,,,,,,,,,,,,,,,,,,,,,,,,,,,,,,,,,,,,,,,,,,,,,,,,,,,,,,,,,,,,,,,,,,,,,,,,,,,,,,,,,,,,,,,,,,,,,,,,,,,,,,,,,,,,,,,,,,,,,,,
R240,,,,,,,,,,,,,,,,,,,,,,,,,,,,,,,,,,,,,,,,,,,,,,,,,,,,,,,,,,,,,,,,,,,,,,,,,,,,,,,,,,,,,,,,,,,,,,,,,,,,,,,,,,,,,,,,,,,,,,,,,,,,,,,,,,,,,,,,,,,,,,,,,,,,,,,,,,,,,,,,,,,,,,,,,,,,,,,,,,,,,,,,,,,,,,,,,,,,,,,,,,,,,,,,,,,,,,,,,,,,,,,,,,,,,,,,,,,,,,,,,,,,,,,,,,,,,,,,,,,,,,,,,,,,,,,,,,,,,,,,,,,,,,,,,,,,,,,,,,,,,,,,,,,,,,,,,,,,,,,,,,,,,,,,,,,,,,,,,,,,,,,,,,,,,,,,,,,,,,,,,,,,,,,,,,,,,,,,,,,,,,,,,,,,,,,,,,,,,,,,,,,,,,,,,,,,,,,,,,,,,,,,,,,,,,,,,,,,,,,,,
R241,,,,,,,,,,,,,,,,,,,,,,,,,,,,,,,,,,,,,,,,,,,,,,,,,,,,,,,,,,,,,,,,,,,,*/nːˈeːnːɪm/,,*/ʝˈeːnːɪm/,,,,,,,,,,,,,,,,,,,,,,,,,,,,,,,,,*/ˈaː/,,,,,,,,,,,,,,,,,,,,,,,,,,,,,,,,,,,,,,,,,,,,,,,,,,,,,,,,,,,,,,,,,,,,,,,,,,,,*/xrˈɛːkθɪ/,,,,,,,,,,,,,,,,,,,,,,,,,,,,,,,,,,,,,,,,,,,,,,,,,,,,,,,,*/plˈɛːʃtɪ/,,,,,,,,,,,,,,,,,,,,,,,,,*/bˈɛːnːnɪ/,,,,,,,,,,,,,,,,,,,,,,,,,,,,,,,,,,,,,,,,,,,,,,,,,,,,,,,,,*/tʎˈaːða/,,,,,,,,,,,,,,,,,,,,,,,,,,,,,,,,,,,,,*/dˈɛːɲa/,,,,,,,,,,,,,,,,,,,,,,,,,,,,,,,,,,,,,,,,,,,,,,,,,,,,,,,,,,,,,,,,,,,,,,,,,,,,,,,,*/lˈɛːɡta/,,*/lˈɛːxma/,*/ʎˈaːxməˤ/,,,,
R242,,,,,,,,,,,,,,,,,,,,,,,,,,,,,,,,,,,,,,,,,,,,,,,,,,,,,,,,,,,,,,,,,,,,,,,,,,,,,,,,,,,,,,,,,,,,,,,,,,,,,,,,,,,,,,,,,,,,,,,,,,,,,,,,,,,,,,,,,,,,,,,,,,,,,,,,,,,,,,,,,,,,,,,,,,,,,,,,,,,,,,,,,,,,,,,,,,,,,,,,,,,,,,,,,,,,,,,,,,,,,,,,,,,,,,,,,,,,,,,,,,,,,,,,,,,,,,,,,,,,,,,,,,,,,,,,,,,,,,,,,,,,,,,,,,,,,,,,,,,,,,,,,,,,,,,,,,,,,,,,,,,,,,,,,,,,*/dβˈijwʃ/,,,,*/dˌoraɟjˈaʃəˤ/,,,,,,,,,,,,,,,,,,,,,,,,,,,,,,,,,,,,,,,,,,,,,,,,,,,,,,,,,,,,,,,,,,,,,,,,,,,,,,,,,,,,,,,,,,,,,,,,,,,,,,,,,
R243,,,,,,,,,,,,,,,,,,,,,,,,,,,,,,,,,,,,,,,,,,,,,,,,,,,,,,,,,,,,,,,,,,,,,,,,,,,,,,,,,,,,,,,,,,,,,,,,,,,,,,,,,,,,,,,,,,,,,,,,,,,,,,,,,,,,,,,,,,,,,,,,,,,,,,,,,,,,,,,,,,,,,,,,,,,,,,,,,,,,,,,,,,,,,,,,,,,,,,,,,,,,,,,,,,,,,,,,,,,,,,,,,,,,,,,,,,,,,,,,,,,,,,,,,,,,,,,,,,,,,,,,,,,,,,,,,,,,,,,,,,,,,,,,,,,,,,,,,,,,,,,,,,,,,,,,,,,,,,,,,,,,,,,,,,,,,,,,,,,,,,,,,,,,,,,,,,,,,,,,,,,,,,,,,,,,,,,,,,,,,,,,,,,,,,,,,,,,,,,,,,,,,,,,,,,,,,,,,,,,,,,,,,,,,,,,,,,,,,,,,
R244,,,,,,,,,,,,,,,,,,,,,,,,,,,,,,,,,,,,,,,,,,,,,,,,,,,,,,,,,,,,,,,,,,,,,,,,,,,,,,,,,,,,,,,,,,,,,,,,,,,,,,,,,,,,,,,,,,,,,,,,,,,,,,,,,,,,,,,,,,,,,,,,,,,,,,,,,,,,,,,,,,,,,,,,,,,,,,,,,,,,,,,,,,,,,,,,,,,,,,,,,,,,,,,,,,,,,,,,,,,,,,,,,,,,,,,,,,,,,,,,,,,,,,,,,,,,,,,,,,,,,,,,,,,,,,,,,,,,,,,,,,,,,,,,,,,,,,,,,,,,,,,,,,,,,,,,,,,,,,,,,,,,,,,,,,,,,,,,,,,,,,,,,,,,,,,,,,,,,,,,,,,,,,,,,,,,,,,,,,,,,,,,,,,,,,,,,,,,,,,,,,,,,,,,,,,,,,,,,,,,,,,,,,,,,,,,,,,,,,,,,
R245,,,,,,,,,,,,,,,,,,,,,,,,,,,,,,,,,,,,,,,,,,,,,,,,,,,,,,,,,,,,,,,,,,,,,,,,,,,,,,,,,,,,,,,,,,,,,,,,,,,,,,,,,,,,,,,,,,,,,,,,,,,,,,,,,,,,,,,,,,,,,,,,,,,,,,,,,,,,,,,,,,,,,,,,,,,,,,,,,,,,,,,,,,,,,,,,,,,,,,,,,,,,,,,,,,,,,,,,,,,,,,,,,,,,,,,,,,,,,,,,,,,,,,,,,,,,,,,,,,,,,,,,,,,,,,,,,,,,,,,,,,,,,,,,,,,,,,,,,,,,,,,,,,,,,,,,,,,,,,,,,,,,,,,,,,,,,,,,,,,,,,,,,,,,,,,,,,,,,,,,,,,,,,,,,,,,,,,,,,,,,,,,,,,,,,,,,,,,,,,,,,,,,,,,,,,,,,,,,,,,,,,,,,,,,,,,,,,,,,,,,
R246,,,,,,,,,,,,,,,,,,,,,,,,,,,,,,,,,,,,,,,,,,,,,,,,,,,,,,,,,,,,,,,,,,,,,,,,,,,,,,,,,,,,,,,,,,,,,,,,,,,,,,,,,,,,,,,,,,,,,,,,,,,,,,,,,,,,,,,,,,,,,,,,,,,,,,,,,,,,,,,,,,,,,,,,,,,,,,,,,,,,,,,,,,,,,,,,,,,,,,,,,,,,,,,,,,,,,,,,,,,,,,,,,,,,,,,,,,,,,,,,,,,,,,,,,,,,,,,,,,,,,,,,,,,,,,,,,,,,,,,,,,,,,,,,,,,,,,,,,,,,,,,,,,,,,,,,,,,,,,,,,,,,,,,,,,,,,,,,,,,,,,,,,,,,,,,,,,,,,,,,,,,,,,,,,,,,,,,,,,,,,,,,,,,,,,,,,,,,,,,,,,,,,,,,,,,,,,,,,,,,,,,,,,,,,,,,,,,,,,,,,
R247,,,,,,,,,,,,,,,,,,,,,,,,,,,,,,,,,,,,,,,,,,,,,,,,,,,,,,,,,,,,,,,,,,,,,,,,,,,,,,,,,,,,,,,,,,,,,,,,,,,,,,,,,,,,,,,,,,,,,,,,,,,,,,,,,,,,,,,,,,,,,,,,,,,,,,,,,,,,,,,,,,,,,,,,,,,,,,,,,,,,,,,,,,,,,,,,,,,,,,,,,,,,,,,,,,,,,,,,,,,,,,,,,,,,,,,,,,,,,,,,,,,,,,,,,,,,,,,,,,,,,,,,,,,,,,,,,,,,,,,,,,,,,,,,,,,,,,,,,,,,,,,,,,,,,,,,,,,,,,,,,,,,,,,,,,,,,,,,,,,,,,,,,,,,,,,,,,,,,,,,,,,,,,,,,,,,,,,,,,,,,,,,,,,,,,,,,,,,,,,,,,,,,,,,,,,,,,,,,,,,,,,,,,,,,,,,,,,,,,,,,
R248,,,,,,,,,,,,,,,,,,,,,,,,,,,,,,,,,,,,,,,,,,,,,,,,,,,,,,,,,,,,,,,,,,,,,,,,,,,,,,,,,,,,,,,,,,,,,,,,,,,,,,,,,,,,,,,,,,,,,,,,,,,,,,,,,,,,,,,,,,,,,,,,,,,,,,,,,,,,,,,,,,,,,,,,,,,,,,,,,,,,,,,,,,,,,,,,,,,,,,,,,,,,,,,,,,,,,,,,,,,,,,,,,,,,,,,,,,,,,,,,,,,,,,,,,,,,,,,,,,,,,,,,,,,,,,,,,,,,,,,,,,,,,,,,,,,,,,,,,,,,,,,,,,,,,,,,,,,,,,,,,,,,,,,,,,,,,,,,,,,,,,,,,,,,,,,,,,,,,,,,,,,,,,,,,,,,,,,,,,,,,,,,,,,,,,,,,,,,,,,,,,,,,,,,,,,,,,,,,,,,,,,,,,,,,,,,,,,,,,,,,
R249,,,,,,,,,,,,,,,,,,,,,,,,,,,,,,,,,,,,,,,,,,,,,,,,,,,,,,,,,,,,,,,,,,,,,,,,,,,,,,,,,,,,,,,,,,,,,,,,,,,,,,,,,,,,,,,,,,,,,,,,,,,,,,,,,,,,,,,,,,,,,,,,,,,,,,,,,,,,,,,,,,,,,,,,,,,,,,,,,,,,,,,,,,,,,,,,,,,,,,,,,,,,,,,,,,,,,,,,,,,,,,,,,,,,,,,,,,,,,,,,,,,,,,,,,,,,,,,,,,,,,,,,,,,,,,,,,,,,,,,,,,,,,,,,,,,,,,,,,,,,,,,,,,,,,,,,,,,,,,,,,,,,,,,,,,,,,,,,,,,,,,,,,,,,,,,,,,,,,,,,,,,,,,,,,,,,,,,,,,,,,,,,,,,,,,,,,,,,,,,,,,,,,,,,,,,,,,,,,,,,,,,,,,,,,,,,,,,,,,,,,
R250,,,,,,,,,,,,,,,,,,,,,,,,,,,,,,,,,,,,,,,,,,,,,,,,,,,,,,,,,,,,,,,,,,,,,,,,,,,,,,,,,,,,,,,,,,,,,,,,,,,,,,,,,,,,,,,,,,,,,,,,,,,,,,,,,,,,,,,,,,,,,,,,,,,,,,,,,,,,,,,,,,,,,,,,,,,,,,,,,,,,,,,,,,,,,,,,,,,,,,,,,,,,,,,,,,,,,,,,,,,,,,,,,,,,,,,,,,,,,,,,,,,,,,,,,,,,,,,,,,,,,,,,,,,,,,,,,,,,,,,,,,,,,,,,,,,,,,,,,,,,,,,,,,,,,,,,,,,,,,,,,,,,,,,,,,,,,,,,,,,,,,,,,,,,,,,,,,,,,,,,,,,,,,,,,,,,,,,,,,,,,,,,,,,,,,,,,,,,,,,,,,,,,,,,,,,,,,,,,,,,,,,,,,,,,,,,,,,,,,,,,
R251,,,,,,,,,,,,,,,,,,,,,,,,,,,,,,,,,,,,,,,,,,,,,,,,,,,,,,,,,,,,,,,,,,,,,,,,,,,,,,,,,,,,,,,,,,,,,,,,,,,,,,,,,,,,,,,,,,,,,,,,,,,,,,,,,,,,,,,,,,,,,,,,,,,,,,,,,,,,,,,,,,,,,,,,,,,,,,,,,,,,,,,,,,,,,,,,,,,,,,,,,,,,,,,,,,,,,,,,,,,,,,,,,,,,,,,,,,,,,,,,,,,,,,,,,,,,,,,,,,,,,,,,,,,,,,,,,,,,,,,,,,,,,,,,,,,,,,,,,,,,,,,,,,,,,,,,,,,,,,,,,,,,,,,,,,,,,,,,,,,,,,,,,,,,,,,,,,,,,,,,,,,,,,,,,,,,,,,,,,,,,,,,,,*/ʃtɑjˈaʃəˤ/,,,,,,,,,,,,,,,,,,,,,,,,,,,,,,,,,,,,,,,,,,,,,,,,,,,,,,,
R252,,,,,,,,,,,,,,,,,,,,,,,,,,,,,,,,,,,,,,,,,,,,,,,,,,,,,,,,,,,,,,,,,,,,,,,,,,,,,,,,,,,,,,,,,,,,,,,,,,,,,,,,,,,,,,,,,,,,,,,,,,,,,,,,,,,,,,,,,,,,,,,,,,,,,,,,,,,,,,,,,,,,,,,,,,,,,,,,,,,,,,,,,,,,,,,,,,,,,,,,,,,,,,,,,,,,,,,,,,,,,,,,,,,,,,,,,,,,,,,,,,,,,,,,,,,,,,,,,,,,,,,,,,,,,,,,,,,,,,,,,,,,,,,,,,,,,,,,,,,,,,,,,,,,,,,,,,,,,,,,,,,,,,,,,,,,,,,,,,,,,,,,,,,,,,,,,,,,,,,,,,,,,,,,,,,,,,,,,,,,,,,,,,,,,,,,,,,,,,,,,,,,,,,,,,,,,,,,,,,,,,,,,,,,,,,,,,,,,,,,,
R253,,,,,,,,,,,,,,,,,,,,,,,,,,,,,,,,,,,,,,,,,,,,,,,,,,,,,,,,,,,,,,,,,,,,,,,,,,,,,,,,,,,,,,,,,,,,,,,,,,,,,,,,,,,,,,,,,,,,,,,,,,,,,,,,,,,,,,,,,,,,,,,,,,,,,,,,,,,,,,,,,,,,,,,,,,,,,,,,,,,,,,,,,,,,,,,,,,,,,,,,,,,,,,,,,,,,,,,,,,,,,,,,,,,,,,,,,,,,,,,,,,,,,,,,,,,,,,,,,,,,,,,,,,,,,,,,,,,,,,,,,,,,,,,,,,,,,,,,,,,,,,,,,,,,,,,,,,,,,,,,,,,,,,,,,,,,,,,,,,,,,,,,,,,,,,,,,,,,,,,,,,,,,,,,,,,,,,,,,,,,,,,,,,,,,,,,,,,,,,,,,,,,,,,,,,,,,,,,,,,,,,,,,,,,,,,,,,,,,,,,,
R254,,,,,,,,,,,,,,,,,,,,,,,,,,,,,,,,,,,,,,,,,,,,,,,,,,,,,,,,,,,,,,,,,,,,,,,,,,,,,,,,,,,,,,,,,,,,,,,,,,,,,,,,,,,,,,,,,,,,,,,,,,,,,,,,,,,,,,,,,,,,,,,,,,,,,,,,,,,,,,,,,,,,,,,,,,,,,,,,,,,,,,,,,,,,,,,,,,,,,,,,,,,,,,,,,,,,,,,,,,,,,,,,,,,,,,,,,,,,,,,,,,,,,,,,,,,,,,,,,,,,,,,,,,,,,,,,,,,,,,,,,,,,,,,,,,,,,,,,,,,,,,,,,,,,,,,,,,,,,,,,,,,,,,,,,,,,,,,,,,,,,,,,,,,,,,,,,,,,,,,,,,,,,,,,,,,,,,,,,,,,,,,,,,,,,,,,,,,,,,,,,,,,,,,,,,,,,,,,,,,,,,,,,,,,,,,,,,,,,,,,,
R255,,,,,,,,,,,,,,,,,,,,,,,,,,,,,,,,,,,,,,,,,,,,,,,,,,,,,,,,,,,,,,,,,,,,,,,,,,,,,,,,,,,,,,,,,,,,,,,,,,,,,,,,,,,,,,,,,,,,,,,,,,,,,,,,,,,,,,,,,,,,,,,,,,,,,,,,,,,,,,,,,,,,,,,,,,,,,,,,,,,,,,,,,,,,,,,,,,,,,,,,,,,,,,,,,,,,,,,,,,,,,,,,,,,,,,,,,,,,,,,,,,,,,,,,,,,,,,,,,,,,,,,,,,,,,,,,,,,,,,,,,,,,,,,,,,,,,,,,,,,,,,,,,,,,,,,,,,,,,,,,,,,,,,,,,,,,,,,,,,,,,,,,,,,,,,,,,,,,,,,,,,,,,,,,,,,,,,,,,,,,,,,,,,,,,,,,,,,,,,,,,,,,,,,,,,,,,,,,,,,,,,,,,,,,,,,,,,,,,,,,,
R256,,,,,,,,,,,,,,,*/kʎˈɔɲa/,,,,,,,,,,,,,,,*/dβˈɔɟɪ/,,,,,,,,*/dˈɔra/,*/dˈɔrɪ/,,,,,,,,,,,,,,,,,,,,,,,,,,,,,,,,,*/kˌɔpˈaʃtəˤ/,,*/kʝˈɔɲɪ/,,,,*/?1ˈɔlɪ/,*/?1ˈɔlɪʃta/,,,,,,,,,,,,,,,,*/ˈɔtra/,,*/ʝˌaθˈɔtəˤ/,,,,,,,,,,,,*/χβˌɔʎˈaʃəˤ/,,,,,,,,,,,,,,,*/nːˈɔt͡ʃa/,,,,,,,,,,,*/ˈɔʊ̯lɪ/,*/ˈɔʊ̯ləˤ/,,,,,*/mˈɔrrɪ/,,,,,,,,,*/kˈɔla/,,,,,,*/kˈɔrna/,,,,,,,,,*/ɡˈɔrxma/,,,,*/ʝətˈɔtəˤ/,,*/ʝˈɔʃa/,*/ʝˈɔʃa/,,,,,,,,,,,,*/βˈɔðəʃa/,,,,,,,,*/βˈɔla/,,,,,,,,,,,,,,,,,,,,,,,,,*/pˈɔnəˤ/,,,,,,,,,,*/plˈɔtəˤ/,*/ənplˈɔɲa/,*/ənplˈɔntɪ/,,,,,,,*/pˈɔlːa/,,,,,,,*/pˌɔrd͡ʒˈeʃəˤ/,*/pˈɔrða/,,,,,,,,,,,,,,,,,*/bβˈɔta/,,,,,,,,,,,*/bˈɔrrɪ/,,,,*/blˈɔrəˤ/,*/blˈɔɡra/,,*/mˈɔt͡ʃᵝɪ/,,,,,*/mˈɔtɪ/,,*/mˈɔʃɛ/,,,*/mˈɔtarəˤ/,,,,,,,,,,,,,,,,,,,,,,,,,,,,,,,,,,,,*/tˌɔʎˈaʃəˤ/,,,,,,,,,,,*/dˌɔraɟjˈaʃəˤ/,,,,,,,,,,,*/dˈɔt͡ʃa/,,,,,,,,*/dβˈɔra/,*/dβˈɔrɪ/,,,,,,,,*/ʝˈɔla/,,,,,,,,,,,,,,,,,,,,,,,,,*/ʃtˈɔɲa/,,,,,,,*/pɪrɪʃtˈɔlɪ/,,,,,,,,,,,,,,,,*/nˈœt͡ʃᵝɪ/,,,,,,,*/nˈɔʃʃɪ/,*/nˈɔʃa/,,*/lˈɔt͡ʃɪ/,*/lˈɔða/,*/lˈɔðəˤ/,*/lˈɔðət͡ʃəˤ/,*/lˈɔdra/,,,,,,,,,,,,,*/lˈœːdrɪ/,,
R257,,,,,,,,,,,,,,,,,,,,,,,,,,,,,,,,,,,,,,,,,,,,,,,,,,,,,,,,,,,,,,,,,,,,,,,,,,,,,,,,,,,,,,,,,,,,,,,*/ˈɔːtra/,,,,,,,,,,,,,,,,,,,,,,,,,,,,,,,,,,,,,,,,*/ˈɔːʊ̯lɪ/,*/ˈɔːʊ̯ləˤ/,,,,,,,,,,,,,,,,,,,,,,,,,,,,,,,,,,,,,,,,,,,,,,,,,,,,,,,,,,,,,,,,,,,,,,,,,,,,,,,,,,,,,,,,,,,,,,,,,,,,,,,,,,,,,,,,,,,,,,,,,,,,,,,,,,,,,,,,,,,,,,,,,,,,,,,,,,,,,,,,,,,,,,,,,,,,,,,,,,,,,,,,,,,,,,,,,,,,,,,,,,,,,,,,,,,,,,,,,,,,,,,,,,,,,,,,,,,,,,,,,,,,,,,,,,,,,,,,,,,,,,,,,,,,,,,,,,,,,,,,,,,,,,,,,,,,,,,,,,,,,,,,,
R258,,,,,,,,,,,,,,,,,,,,,,,,,,,,,,,,,,,,,,,,,,,,,,,,,,,,,,,,,,,,,,,,,,,,,,,,,,,,,,,,,,,,,,,,,,,,,,,,,,,,,,,,,,,,,,,,,,,,,,,,,,,,,,,,,,,,,,,,,,,,,,,,,,,,,,,,,,,,,,,,,,,,,,,,,,,,,,,,,,,,,,,,,,,,,,,,,,,,,,,,,,,,,,,,,,,,,,,,,,,,,,,,,,,,,,,,,,,,,,,,,,,,,,,,,,,,,,,,,,,,,,,,,,,,,,,,,,,,,,,,,,,,,,,,,,,,,,,,,,,,,,,,,,,,,,,,,,,,,,,,,,,,,,,,,,,,,,,,,,,,,,,,,,,,,,,,,,,,,,,,,,,,,,,,,,,,,,,,,,,,,,,,,,,,,,,,,,,,,*/ʃtˈɛːʎa/,,,,,,,,,,,,,,,,,,,,,,,,,,,,,,,,,,,,,,,,,,,,
R259,,,,,,,,,,,,,,,,,,,,,,,,,,,,,,,,,,,,,,,,,,,,,,,,,,,,,,,,,,,,,,,,,,,,,,,,,,,,,,,,,,,,,,,,,,,,,,,,,,,,,,,,,,,,,,,,,,,,,,,,,,,,,,,,,,,,,,,,,,,,,,,,,,,,,,,,,,,,,,,,,,,,,,,,,,,,,,,,,,,,,,,,,,,*/βˈɛːtʃɪ/,*/βɪtˈɛːʃʃɪ/,,,,,,,,,,,,,,,,,,,,,,,*/pˈɛːtʃa/,,,,,,,,,,,,*/pˈɛːdʃɪ/,,,,,,,,,,,,,,,,,,,,,,,,,,,,,,,,,,,,,,,,,,,,,,,,,,,,,,,,,,,,,,*/mˌentˈɛːʃʃa/,,,,,,,,,,,,,,,,,,,,,,,,,,,,,,,,,,,,,,,,,,,,,,,,,,,,,,,,,,,*/nːˈɛːθʃu/,,,,,,,,,,,,,,,,,,,,,,,,,,,,,,,,,,,,,,,,,,,,,,,,,,,,,,,,,,,,,,,,,,,,,,,,,,,,,,,,,,,,,,,,,,,,,,,,,
R260,,,,,,,,,,,,,,,,,,,,,,,,,,,,,,,,,,,,,,,,,,,,,,,,,,,,,*/ʝˈɛːtərɪ/,,,,,,,,,,,,,,,,,,,,,,,,,,,,,,,,,,,,,,,,,,,,,,,,,,,,,,,,,,,,,,,,,,,,,,,,,,,,,,,,,,,,,,,,,,,,,,,,,,,,,,,,,,,,,,,,,,,,,,,,,,,*/ʝˈɛːʃtɑ̃ɾ̃a/,,,,,,,,,,,,,*/βˈɛːtɛʃθɪ/,*/βˈɛːtɪ/,,,,,,,,,,,,,,,,,,,,,,,,,,,,,,,,,,,,,,,,,,,,,,,,,,,,,,,,,,,,,,,,,,,,,,,,,,,,,,,,,,,,,,,,,,,,,,,,,,,,,,,,,,,,,,,,,,,,,,,,,,,,,,,,,,,,,,,,,,,,,,,,,,,,,,,,,,,,,,,,,,,,,,,,,,,,,,,,,,,,,,,,,,,,,,,,,,,,,,,,,,,,,,,,,,,,,,,*/ʝˈɛːrpɑ̃ɾ̃ɪ/,,,,,,,,,,,,,,,,,,,,,,,,,,,,,,,,,,,,
R261,,,,,,,,,,,,,,,,,,,,,,,,,,,,,,,,,,,,,,,,,,,,,,,,,,,,,,,,,,,,,,,,,,,,,,,,,,,,,,,,,,,,,,,,,,,,,,,,,,,,,,,,,,,,,,,,,,,,,,,,,,,,,,,,,,,,,,,,,,,,,,,,,,,,,,,,,,,,,,,,,,,,,,,,,,,,,,,,,,,,,,,,,,,,,,,,,,,,,,,,,,,,,,,,,,,,,,,,,,,,,,,,,,,,,,,,,,,,,,,,,,,,,,,,,,,,,,,,,,,,,,,,,,,,,,,,,,,,,,,,,,,,,,,,,,,,,,,,,,,,,,,,,,,,,,,,,,,,,,,,,,,,,,,,*/ʝˈɜːðɑ̃ɾ̃əˤ/,,,,,,,,,,,,,,,,,,,,,,,,,,,,,,,,,,,,,,,,,,,,,,,,,,,,,,,,,,,,,,,,,,,,,,,,,,,,,,,,,,,,,,,,,,,,,,,,,,,,,,,,,,,,,,,,,
R262,,,,,,,,,,,,,,,,,,,,,,,,,,,,,,,,,,,,,,,,,,,,,,,,,,,,,,,,,,,,,,,,,,,,,,,,,,,,,,,,,,,,,,,,,,,,,,*/að?1̬ˈerða/,,,,,,,,,,,,,,,,,,,,,,,,,,,,,,,,,,,,,,,,,,,,,,,,,,,,,,,,,,,,,,,,,,,,,,,,,,,,,,,,,,,,,,,,,,,,,,,,,*/ut͡ʃˈat͡ʃəˤ/,,,,,,,,,,,,,,,,,,,,,,,,,,,,,,,,,,,,,,,,,,,,,,,,,,,,,,*/aðɸˈɛʎa/,,,,,,,,,,,,,,,,,,,,,,,,,,,,,,,,,,,,,,,,,,,,,,,,,,,,,,,,,,,,,,,*/aʃtɯːpjˈɛtɪ/,,,,,,,,,,,,,,,,,,,,,,,,,,,,,,,,,,,,,,,,,,,,,,,,,,,,,,,,,,,,,,,,,,,,,,,,,,,,,,,,,,,,,,,,,,,,,,,,,,,,,,,,,,,,,,,,,,,,,,,,,,,,,,,,,,,,,
R263,,,,,,,,,,,,,,,,,,,,,,,,,,,,,,,,,,,,,,,,,,,,,,,,,,,,,,,,,,,,,,,,,,,,,,,,,,,,,,,,,,,,,,,,,,,,,,,,,,,,,,,,,,,,,,,,,,,,,,,,,,,,,,,,,,,,,,,,,,,,,,,,,,,,,,,,,,,,,,,,,,,,,,,,,,,,,,,,,,,,,,,,,,,,,,,,,,,,,,,,,,,,,,,,,,,,,,,,,,,,,,,,,,,,,,,,,,,,,,,,,,,,,,,,,,,,,,,,,,,,,,,,,,,,,,,,,,,,,,,,,,,,,,,,,,,,,,,,,,,,,,,,,,,,,,,,,,,,,,,,,,,,,,,,,,,,,,,,,,,,,,,,,,,,,,,,,,,,,,,,,,,,,,,,,,,,,,,,,,,,,,,,,,,,,,,,,,,,,,,,,,,,,,,,,,,,,,,,,,,,,,,,,,,,,,,,,,,,,,,,,
R264,,,,,,,,,,,,,,,,,,,,,,,,,,,,,,,,,,,,,,,,,,,,,,,,,,,,,,,,,,,,,,,,,,,,,,,,,,,,,,,,,,,,,,,,,,,,,,,,,,,,,,,,,,,,,,,,,,,,,,,,,,,,,,,,,,,,,,,,,,,,,,,,,,,,,,,,,,,,,,,,,,,,,,,,,,,,,,,,,,,,,,,,,,,,,,,,,,,,,,,,,,,,,,,,,,,,,,,,,,,,,,,,,,,,,,,,,,,,,,,,,,,,,,,,,,,,,,,,,,,,,,,,,,,,,,,,,,,,,,,,,,,,,,,,,,,,,,,,,,,,,,,,,,,,,,,,,,,,,,,,,,,,,,,,,,,,,,,,,,,,,,,,,,,,,,,,,,,,,,,,,,,,,,,,,,,,,,,,,,,,,,,,,,,,,,,,,,,,,,,,,,,,,,,,,,,,,,,,,,,,,,,,,,,,,,,,,,,,,,,,,
R265,,,,,,,,,,,,,,,,,,,,,,,,*/nːˈaθa/,,,,,,,,*/dˈam/,,*/dˈimːɪ/,*/d͡ʒˈɛʃ/,,,,,,,,*/ʝˈɛʃ/,,,,,,,,,,,,,*/ʝˈitɪ/,,,,,,,,,,,,,,,,,,,,,,,,,*/dɪ?1ˈeləˤ/,*/dɪ?1ˈelːəˤ/,*/ʝɪ?1ˈɛʎa/,,,*/ʝɪ?1rˈepɪ/,,,,,,*/ʝɪnɡrˌɛðˈiθa/,,*/a?1̬ˈerða/,,,,,,,,,,,,,,,,,,,,,,,,,,,,,,,,,,,,,,,,,,,,,,,,,,,,,,,*/t͡ʃᵝˈɛθɪ/,,,,,,*/t͡ʃᵝɪlaθˈamːəˤ/,,,,,,,,,,,,,,,,,,,,,,,,,,,,,,,,,*/βɪtˈɛːʃɪ/,*/βˈɛːtɛθɪ/,,,,,,,,,,,,,,,,,,,,,,,,,,*/pˈaʃ/,,,,,,,,,,,,,,,,,,,,,,,,,,,,,,,,,,,,,,,,,,,,,,,,,,,,,,,,,,,,,,,,,,,*/mˈatɪ/,,,*/mˌentˈɛːʃa/,,,,,,,,,,,,,,,,,,,,,,,,,,,,,,,,,,,,,,,,,,,,,,,,,,,,,,,,,,*/d͡ʒˈaʃa/,*/nːˈɛːʃu/,*/d͡ʒˈaθa/,,,,,,,,,,,,,,*/θˈirɪ/,,,,,,,,,,,,,,,,,,,,,,,,,,,,,,,,,,,,,,,,,,,,,,,,,,,,,,,,,,,,*/nˈɔʃɪ/,,,,,,,,,,,*/laθˈitɪ/,,,,,,,,,,,
R266,,,,,,,,,,,,,,,,,,,,,,,,,,,,,,,,,,,,,,,,,,,,,,,,,,,,,,,,,,,,,,,,,,,,,,,,,,,,,,,,,,,,,,,,,,,,,,,,,,,,,,,,,,,,,,,,,,,,,,,,,,,,,,,,,,,,,,,,,,,,,,,,,,,,,,,,,,,,,,,,,,,,,,,,,,,,,,,,,,,,,,,,,,,,,,,,,,,,,,,,,,,,,,,,,,,,,,,,,,,,,,,,,,,,,,,,,,,,,,,,,,,,,,,,,,,,,,,,,,,,,,,,,,,,,,,,,,,,,,,,,,,,,,,,,,,,,,,,,,,,,,,,,,,,,,,,,,,,,,,,,,,,,,,,,,,,,,,,,,,,,,,,,,,,,,,,,,,,,,,,,,,,,,,,,,,,,,,,,,,,,,,,,,,,,,,,,,,,,,,,,,,,,,,,,,,,,,,,,,,,,,,,,,,,,,,,,,,,,,,,,
R267,,,,,,,,,,,,,,,,,,,,,,,,,,,,,,,,,,,,,,,,,,,,,,,,,,,,,,,,,,,,,,,,,,,,,,,,,,,,,,,,,,,,,,,,,,,,,,,,,,,,,,,,,,,,,,,,,,,,,,,,,,,,,,,,,,,,,,,,,,,,,,,,,,,,,,,,,,,,,,,,,,,,,,,,,,,,,,,,,,,,,,,,,,,,,,,,,,,,,,,,,,,,,,,,,,,,,,,,,,,,,,,,,,,,,,,,,,,,,,,,,,,,,,,,,,,,,,,,,,,,,,,,,,,,,,,,,,,,,,,,,,,,,,,,,,,,,,,,,,,,,,,,,,,,,,,,,,,,,,,,,,,,,,,,,,,,,,,,,,,,,,,,,,,,,,,,,,,,,,,,,,,,,,,,,,,,,,,,,,,,,,,,,,,,,,,,,,,,,,,,,,,,,,,,,,,,,,,,,,,,,,,,,,,,,,,,,,,,,,,,,
R268,,*/θˈambəɾa/,*/θˈiʃtɾɪm/,,*/t͡sˈaɾavɪ/,*/t͡sˈaɾabəˤtəˤ/,*/t͡sˈaɾat͡ʃəˤ/,*/θˈiɾxmɪ/,*/t͡sˈaɾacɪ/,,,,,,,,*/d͡ʒˈamataɾa/,,,,,,,,,*/ɡɾˈuna/,*/ɡɾˈuɲa/,,,,,,,,,,,*/dˈɔɾa/,*/dˈɔɾɪ/,,*/dˈɛɾʃ/,*/dɾˈɘða/,,,,,,,,,,,*/ʝˈɛːtəɾɪ/,,,,,,,,*/ʝˈaɾða/,*/ʝˈɛɾðətɪ/,*/xɾˈemɪ/,,*/ʝˌɛɾðˈija/,*/ˈuɾða/,*/xɾˈɛnːu/,,,,,,,,,,,,,,,,,*/kˈeɾpa/,*/kɾˈepɪ/,*/ʝɪ?1ɾˈepɪ/,*/kɾˈɛpʃa/,,,,,*/ʝɪnɡɾˌɛðˈiθa/,*/ɡˈiɾðɪ/,*/a?1̬ˈeɾða/,*/ˈɔːtɾa/,,,,,,,,,,,,,,,*/χβˈaɾnəˤ/,,,,*/pəɾˈepa/,,,,,,,,,,,,,*/nːˈɛɾ/,,,*/χɾˈɛtθɪ/,*/ˈaɾθɪ/,,,,,,*/ʝˈiɾðɪ/,*/maˈaɾna/,*/maˈaɾnəʃɪ/,*/maˈaɾnətɪ/,*/mˈɔɾɾɪ/,,,,,,,,,,*/kˈuɾ/,,,,,*/kˈɔɾna/,*/kɾˈimɪ/,*/ɡˈaɾɾɪ/,,*/ənɡɾa/,*/ənɡɾˈiʃɪ/,,*/ənɡɾˈuna/,*/ənɡɾnːnəˤ/,*/ɡˈɔɾxma/,*/t͡ʃᵝ̬ˈɛɾmɪʃ/,*/t͡ʃᵝ̬ˈɛɾnɪʃ/,*/t͡ʃᵝ̬ˈɛɾɲa/,,,,,,*/ʝˈɛdɾa/,,,,*/ʝˈiɾd͡ʒɪ/,*/xɾˈɛːkθɪ/,,,,,,,,,,,,,,,,,,*/dɪʃɪntɪɾbˈala/,,,,*/βˈɛɾɾɑ̃ɾ̃a/,*/βɾˈuɲa/,*/βɾˈenːɪ/,*/βɾˈanːəd͡ʒa/,*/βˈuɾba/,*/ˈuɾtəˤ/,*/βˈɛɾɾɑ̃ɾ̃a/,*/ˈuɾna/,,,,,,,,,,,,,,,,,,,,,,,,,,,,,,*/pɪɾ/,*/pɪɾɪ/,*/ɸˈɛɾɾɪ/,*/pˈaɾða/,*/pˈɛɾðətɪ/,*/pˌɔɾd͡ʒˈeʃəˤ/,*/pˈɔɾða/,,,,*/bˈiɾɾɪ/,,,,,,,,,,,,,,,,,*/bˈaɾa/,*/bˈaɾaðəˤ/,*/bɾˈeðɪ/,,*/bˈɛɾcɪ/,*/bˈaɾna/,*/bˈɛɾɾɪ/,*/bˈɔɾɾɪ/,*/bˈiɾɾa/,*/bɪɾˈiməˤ/,,*/blˈɔɾəˤ/,*/blˈɔɡɾa/,,,,,,,,,,*/mˈiɾɾəˤ/,,*/mˈɔtaɾəˤ/,,,,,,,,,,,,,,,,,,*/pɪɾtˈepja/,,*/tˈeʊ̯ɾɪ/,*/tˈeʊ̯ɾɪ/,,,,*/tɾˈiɛ/,*/tɾˈi/,*/tɾˈiɡa/,,*/əntɾˈuða/,,,*/tɾˈimɪ/,*/tˈiɾʃa/,*/t͡sˈaɾna/,*/t͡sˈaɾnəˤ/,,,,,,,,,*/dɾˈɘta/,*/d͡ʒˌaɾˈeɟja/,*/d͡ʒˈaɾaɡa/,*/dˌɔɾaɟjˈaʃəˤ/,*/dɾˈunɪ/,*/dɾˈunɪ/,,,,,,,,,,,,,,,,,*/dβˈɔɾa/,*/dβˈɔɾɪ/,,,*/θˈiɾɪ/,,,,,,,,*/?1ˈeɾpa/,,,,*/dˌiðˈɛɾt͡ʃa/,,,,,,,,*/ɸˈɛɾa/,*/ɸˈɛɾam/,*/ɸˈɛɾaʃ/,*/mˈakɾa/,,,,,,,,,,,,,,*/pɪɾɪʃtˈɔlɪ/,,,*/ʃtˈiɾɪ/,,*/ʃtɾˈiɲa/,,,,*/ʝˈɛːɾpɑ̃ɾ̃ɪ/,,*/ʝˈiɾbja/,*/ʃɪɾbˈiɛtɪ/,*/ʃˈɛɾma/,,,,,,,,,,,,,,,,,*/lˈɔdɾa/,,,,,,,,,,,,,*/lˈœːdɾɪ/,,
R269,,,,,,,,,,,,,,,,,,,,,,,,,,,,,,,,,,,,,,,,,,,,,,,,,,,,,,,,,,,,,,,,,,,,,,,,,,,,,,,,,,,,,,,,,,,,,,,,,,,,,,,,,,,,,,,,,,,,,,,,,,,,,,,,,,,,,,,,,,,,,,,,,,,,,,,,,,,,,,,,,,,,,,,,,,,,,,,,,,,,,,,,,,,,,,,,,,,,,,,,,,,,,,,,,,,,,,,,,,,,,,,,,,,,,,,,,,,,,,,,,,,,,,,,,,,,,,,,,,,,,,,,,,,,,,,,,,,,,,,,,,,,,,,,,,,,,,,,,,,,,,,,,,,,,,,,,,,,,,,,,,,,,,,,,,,,,,,,,,,,,,,,,,,,,,,,,,,,,,,,,,,,,,,,,,,,,,,,,,,,,,,,,,,,,,,,,,,,,,,,,,,,,,,,,,,,,,,,,,,,,,,,,,,,,,,,,,,,,,,,,
R270,,,,,,,,,,,,,,,,,,,,,,,,,,,,,,,,,,,,,,,,,,,,,,,,,,,,,,,,,,,,,,,,,,,,,,,,,,,,,,,,*/?1ˈɛlmɪ/,,,,,,,,,,,,,,,,,,,,,,,,,,,,,,,,,,,,,,,,,,,,,,,,,,,,,,,,,,,,,,,,,,,,,,,,,,,,,,,,,,,,,,,,,,,,,,,,,,,,,,,,,,,,,,,,,,,,,,,,,,,,,,,,,,,,,,,,,,,,,,,,,,,,,,,,,,,,,,,,,,,,,,,,,,,,,,,,,,,,,,,,,,,,,,,,,,,,,,,,,,,,,,,,,,,,,,,,,,,,,,,,,,,,,,,,,,,,,,,,,,,,,,,,,,,,,,,,,,,,,,,,,,,,,,,,,,,,,,,,,,,,,,,,,*/?1ˈɛlmɪ/,,,,,,,,,,,,,,,,,,,,,,,,,,,,,,,,,,,,,,,,,,,,,,,,,,,,,,,,,,,,,,,,,,,,,,,,
R271,,,,,,,,,,,,,,,,,,,,,,,,,,,,,,,,,,,,,,,,,,,,,,,,,,,,,,,,,,,,,,,,,,,,,,,,,,,,*/cˈɛlabʃ/,*/cˈela/,,,,,,,*/cˈeɾpa/,,,,,,,,,*/ɟˈiɾðɪ/,,,,,,,,,,,,,,,,,,,,,,,,,,,,,,,,,,,,,,,,,,,,,,,,,,,,,,,,,,,,,,,,,,,,,,,,,,,,,,,,,,,,,,,,,,,,,,,,,,,,,,,,,,,,,,,,,,,,,,,,,,,,,,,,,,,,,,,,,,,,,,,,,,,,,,,,,,,,,,,,,,,,,,,,,,,,,,,,,,,,,,,,,,,,,,,,,,,,,,,,,,,,,,,,,,,,,,,,,,,,,,,,,,,,,,,,,,,,,,,,,,,,,,,,,,,,,,,,,,,,,,,,,,,,,,,,,,,,,,,,,,,,,,,,,,,,,,,,,,,,,,,,,,,,,,,,,,,,,,,,,,,,,,,,,,,,,,,,,,,,,,,,,,,,
R272,,,,,,,,,,,,,,,,,,,,,,,,,,,,,,,,,,,,,,,,,,,,,,,,,,,,,,,,,,,,,,,,,,,,,,,,,,,,,,,,,,,,,,,,,,,,,,,,,,,,,,,,,,,,,,,,,,,,,,,,,,,,,,,,,,,,,,,,,,,,,,,,,,,,,,,,,,,,,,,,,,,,,,,,,,,,,,,,,,,,,,,,,,,,,,,,,,,,,,,,,,,,,,,,,,,,,,,,,,,,,,,,,,,,,,,,,,,,,,,,,,,,,,,,,,,,,,,,,,,,,,,,,,,,,,,,,,,,,,,,,,,,,,,,,,,,,,,,,,,,,,,,,,,,,,,,,,,,,,,,,,,,,,,,,,,,,,,,,,,,,,,,,,,,,,,,,,,,,,,,,,,,,,,,,,,,,,,,,,,,,,,,,,,,,,,,,,,,,,,,,,,,,,,,,,,,,,,,,,,,,,,,,,,,,,,,,,,,,,,,,
R273,,,,,,,,,,,,,,,,,,,,,,,,,,,,,,,,,,,,,,,,,,,,,,,,,,,,,,,,,,,,*/ʝəˈuna/,,,,,,,,,,,,,,,,,,,,,,,,,,,,,,,,*/ʝɪnɡɾˌɛˈiθa/,,,,,,,,,,,,,,,,,,,,,,,,,,,,,,,,,,,,,,,,,,,,,,,,,,,,,,,,,,,,,,,,,,,,,,,,,,,,,,,,,,,,,,,,,,,*/xβɪˈinːɪ/,,,,,,,,,,,,,,,,,,,,,,,,,,,,,,,,,,,,,,,,,,,,,,,,,,,,,,,,,,,,,,,,,,,,,,,,,,,,,,,,,,,,,,,,,,,,,,,,,,,,,,,,,,,,,,,,,,,,,,,,,,,,,,,,,,,,,,,,,,,,,,,,,,,,,,,,,,,,,,,,,,,,,,,,,,,,,,,,,,,,,,,,,,,,*/dˌiˈɛɾt͡ʃa/,,,,,,,,,,,,,,,,,,,,,,,,,,,,,,,,,,,,,,,,,,,,,,,,,,,,,,,,,,,,,,,,,,,,,*/luˈit͡ʃa/,
R274,,,,,,,,,,,,,,,,,,,,,,,,,,,,,,,,,,,,,,,,,,,,,,,,,,,,,,,,,,,,,,,,,,,,,,,,,,,,,,,,,,,,,,,,,,,,,,,,,,,,,,,,,,,,,,,,,,,,,,,,,,,,,,,,,,,,,,,,,,,,,,,,,,,,,,,,,,,,,,,,,,,,,,,,,,,,,,,,,,,,,,,,,,,,,,,,,,,,,,,,,,,,,,,,,,,,,,,,,,,,,,,,,,,,,,,,,,,,,,,,,,,,,,,,,,,,,,,,,,,,,,,,,,,,,,,,,,,,,,,,,,,,,,,,,,,,,,,,,,,,,,,,,,,,,,,,,,,,,,,,,,,,,,,,,,,,,,,,,,,,,,,,,,,,,,,,,,,,,,,,,,,,,,,,,,,*/dˌijˈɛɾt͡ʃa/,,,,,,,,,,,,,,,,,,,,,,,,,,,,,,,,,,,,,,,,,,,,,,,,,,,,,,,,,,,,,,,,,,,,,,
R275,,,,,,,,,,*/θˈɛləˤ/,,,,,,,,,,,,,,,,,,,,,,,,,,,,,,,,,,,,,,*/xβəʝˈitɪ/,,,,,,,,,,,,,,,,,,,,,,,,,,,,,,,,,,,,,,,,,,,,,,,,,,*/ˈit͡ʃᵝɪ/,,,,,,,*/ˈa/,,,,,,,,,,,,,,,,,,,,,,,,,,,,*/ˈa/,,,,,,,,,,,,,,,,,,,,,*/t͡ʃᵝˌɛlˈitɪ/,,,,,,,,,,,,,,,,,,,,,,,,,,,,,,,,,,,,,,,,,,,,,,,,,,,,,,,,*/pˈetɪ/,,,,,,,,,,,,,,,,,,,,,,,,,,,,,,,,,,,,,,,,,,,,,,,,,,,,,,,,,,,,,,,,,,,,,,,,,,,,,,,,,,,,,,,,,,,,,,,,,,,,,,,,*/tɾˈi/,,,,,,,,,,,,,,,,,,,,,,,,,,,,,,,,,,,,,,,,,,,,,,,,,,,,,,,,,,,,,,,,,,,,,,,,,,,,,,,,,,,,,,,,,,,,*/əpˈɛɲɛ/,,*/ʃɪɾbˈitɪ/,,,,,,,,,,,,,,,,,,,,,,,,,,,,,,,,,
R276,,,,,,,,,,,,,,,,,,,,,,,,,,,,,,,,,,,,,,,,,,,,,,,,,,,,,,,,,,,,,,,,,,,,,,,,,,,,,,,,,,,,,,,,,,,,,,,,,,,,,,,,,,,,,,,,,,,,,,,,,,,,,,,,,,,,,,,,,,,,,,,,,,,,,,,,,,,,,,,,,,,,,,,,,,,,,,,,,,,,,,,,,,,,,,,,,,,,,,,,,,,,,,,,,,,,,,,,,,,,,,,,,,,,,,,,,,,,,,,,,,,,,,,,,,,,,,,,,,,,,,,,,,,,,,,,,,,,,,,,,,,,,,,,,,,,,,,,,,,,,,,,,,,,,,,,,,,,,,,,,,,,,,,,,,,,,,,,,,,,,,,,,,,,,,,,,,,,,,,,,,,,,,,,,,,,,,,,,,,,,,,,,,,,,,,,,,,,,,,,,,,,,,,,,,,,,,,,,,,,,,,,,,,,,,,,,,,,,,,,,
R277,,,,,,,,,,,,,,,,,,,,,,,,,,,,,,,,,,,,,,,,,,,,,,,,,,,,,,,,,,,,,,,,,,,,,,,,,,,,,,,,,,,,,,,,,,,,*/ʝɪnɡɾəˈiːθa/,,,,,,,,,,,,,,,,,,,,,,,,,,,,,,,,,,,,,,,,,,,,,,,,,,,,,,,,,,,,,,,,,,,,,,,,,,,,,,,,,,,,,,,,,,,,,,,,,,,,,,,,,,,,,,,,,,,,,,,,,,,,,,,,,,,,,,,,,,,,,,,,,,,,,,,,,,,,,,,,,,,,,,,,,,,,,,,,,,,,,,,,,,,,,,,,,,,,,,,,,,,,,,,,,,,,,,,,,,,,,,,,,,,,,,,,,,,,,,,,,,,,,,,,,,,,,,,,,,,,,,,,,,,,,,,,,,,,,,,,,,,,,,,,,,,,,,,,,,,,,,,,,,,,,,,,,,,,,,,,,,,,,,,,,,,,,,,,,,,,,,,,,,,,,
R278,,,,,,,,,,,,,,,,,,,,,,,,,,,,,,,,,,,,,,,,,,,,,,,,,,,,,,,,,,,,,,,,,,,,,,,,,,,,,,,,,,,,,,,,,,,,,,,,,,,,,,,,,,,,,,,,,,,,,,,,,,,,,,,,,,,,,,,,,,,,,,,,,,,,,,,,,,,,,,,,,,,,,,,,,,,,,,,,,,,,,,,,,,,,,,,,,,,,,,,,,,,,,,,,,,,,,,,,,,,,,,,,,,,,,,,,,,,,,,,,,,,,,,,,,,,,,,,,,,,,,,,,,,,,,,,,,,,,,,,,,,,,,,,,,,,,,,,,,,,,,,,,,,,,,,,,,,,,,,,,,,,,,,,,,,,,,,,,,,,,,,,,,,,,,,,,,,,,,,,,,,,,,,,,,,,,,,,,,,,,,,,,,,,,,,,,,,,,,,,,,,,,,,,,,,,,,,,,,,,,,,,,,,,,,,,,,,,,,,,,,
R279,,,,,,,,,,,,,,,,,,,,,,,,,,,,,,,,,,,,,,,,,,,,,,,,,,,,,,,,,,,,,,,,,,,,,,,,,,,,,,,,,,,,,,,,,,,,,,,,,,,,,,,,,,,,,,,,,,,,,,,,,,,,,,,,,,,,,,,,,,,,,,,,,,,,,,,,,,,,,,,,,,,,,,,,,,,,,,,,,,,,,,,,,,,,,,,,,,,,,,,,,,,,,,,,,,,,,,,,,,,,,,,,,,,,,,,,,,,,,,,,,,,,,,,,,,,,,,,,,,,,,,,,,,,,,,,,,,,,,,,,,,,,,,,,,,,,,,,,,,,,,,,,,,,,,,,,,,,,,,,,,,,,,,,,,,,,,,,,,,,,,,,,,,,,,,,,,,,,,,,,,,,,,,,,,,,,,,,,,,,,,,,,,,,,,,,,,,,,,,,,,,,,,,,,,,,,,,,,,,,,,,,,,,,,,,,,,,,,,,,,,
R280,,,,,,,,,,,,,,,,,,,,,,,,,,,,,,,,,,,,,,,,,,,,,,,,,,,,,,,,,,,,,,,,,,,,,,,,,,,,,,,,,,,,,,,,,,,,,,,,,,,,,,,,*/xβˌiːd͡ʒˈaa/,,,,,,,,,,,,,,,,,,,,,,,,,,,,,,,,,,,,,,,,,,,,,,,,,,,,,,,,,,,,,,,,,,,,,,,,,,,,,,,,,,,,,,,,,,,,,,,,,,,,,,,,,,,,,,,,,,,,,,*/pˌiːt͡ʃˈaʃəˤ/,,,,,,,,,,,,,,,,,,,,,,,,,,,,,,,,,,,*/bˌiːɲˈaða/,,,,,,,,,,,,,,,,,,,,,,,,,,,,,,,,,,,,,,,,,,,,,,,,,,,,,,,,,,,,,,,,,,,,,,,,,,,,,,,,,,,,,,,,,,,,,,,,,,,,,,,,,,,,,,,,,,,,,,,,,,,,,,,,,,,,,,,,,,,,,,,,,,,,,,,,,,,,,,,,,,,,,,,,,,,,,,,,,,,,,,,,
R281,,,,,,,,,,,,,,,,,,,,,,,,,,,,,,,,,,,,,,,,,,,,,,,,,,,,,,,,,,,,,,,,,,,,,,,,,,,,,,,,,,,,,,,,,,,,,,,,,,,,,,,,,,,,,,,,,,,,,,,,,,,,,,,,,,,,,,,,,,,,,,,,,,,,,,,,,,,,,,,,,,,,,,,,,,,,,,,,,,,,,,,,,,,,,,,,,,,,,,,,,,,,,,,,,,,,,,,,,,,,,,,,,,,,,,,,,,,,,,,,,,,,,,,,,,,,,,,,,,,,,,,,,,,,,,,,,,,,,,,,,,,,,,,,,,,,,,,,,,,,,,*/ʝɪntakβjˈaʃəˤ/,,,,,,,,,,,,,,,,,,,,,,,,,,,,,,,,,,,,,,,,,,,,,,,,,,,,,,,,,,,,,,,,,,,,,*/djˈɛɾt͡ʃa/,,,,,,,,,,,,,,,,,,,,,,,,,,,,,,,,,,,,,,,,,,,,,,,,,,,,,,,,,,,,,,,,,,,,,,
R282,,,,,,,,,,,,,,,,,,,,,,,,,,,,,,,,,,,,,,,,,,,,,,,,,,,,,,,,,,,,,,,,,,,,,,,,,,,,,,,,,,,,,,,,,,,,,,,,,,,,,,,,,,,,,,,,,,,,,,,,,,,,,,,,,,,,,,,,,,,,,,,,,,,,,,,,,,,,,,,,,,,,,,,,,,*/cᵝˈi/,,,,,,,,,,,,,,,,,,,,,,,,,,,,,,,,,,,,,,,,,,,,,,,,,,,,,,,,,,,,,,,,,,,,,,,,,,,,,,,,,,,,,,,,,,,,,,,,,,,,,,,,,,,,,,,,,,,,,,,,,,,,,,,,,,,,,,,,,,,,,,,,,,,,,,,,,,,,,,,,,,,,,,,,,,,,,,,,,,,,,,,,,,,,,,,,,,,,,,,,,,,,,,,,,,,,,,,,,,,,,,,,,,,,,,,,,,,,,,,,,,,,,,,,,,,,,,,,,,,,,,,,,,,,,,,
R283,,,,,,,,,,,,,,,,,,,,,,,,,,,,,,,,,,,,,,,,,,,,,,,,,,,,,,,,,,,,,,,,,,,,,,,,,,,,,,,,,,,,,,,,,,,,,,,,,,,,,,,,,,,,,,,,,,,,,,,,,,,,,,,,,,,,,,,,,,,,,,,,,,,,,,,,,,,,,,,,,,,,,,,,,,,,,,,,,,,,,,,,,,,,,,,,,,,,,,,,,,,,,,,,,,,,,,,,,,,,,,,,,,,,,,,,,,,,,,,,,,,,,,,,,,,,,,,,,,,,,,,,,,,,,,,,,,,,,,,,,,,,,,,,,,,,,,,,,,,,,,,,,,,,,,,,,,,,,,,,,,,,,,,,,,,,,,,,,,,,,,,,,,,,,,,,,,,,,,,,,,,,,,,,,,,,,,,,,,,,,,,,,,,,,,,,,,,,,,,,,,,,,,,,,,,,,,,,,,,,,,,,,,,,,,,,,,,,,,,,,
R284,,,,,,,,,,,,,,,,,,,,,,,,,,,,,,,,,,,,,,,,,,,,,,,,,,,,,,,,,,,,,,,,,,,,,,,,,,,,,,,,,,,,,,,,,,,,,,,,,,,,,,,,,,,,,,,,,,,,,,,,,,,,,,,,,,,,,,,,,,,,,,,,,,,,,,,,,,,,,,,,,,,,,,,,,,,,,,,,,,,,,,,,,,,,,,,,,,,,,,,,,,,,,,,,,,,,,,,,,,,,,,,,,,,,,,,,,,,,,,,,,,,,,,,,,,,,,,,,,,,,,,,,,,,,,,,,,,,,,,,,,,,,,,,,,,,,,,,,,,,,,,,,,,,,,,,,,,,,,,,,,,,,,,,,,,,,,,,,,,,,,,,,,,,,,,,,,,,,,,,,,,,,,,,,,,,,,,,,,,,,,,,,,,,,,,,,,,,,,,,,,,,,,,,,,,,,,,,,,,,,,,,,,,,,,,,,,,,,,,,,,
R285,,,,,,,,,,,,,,,,,,,,,,,,,,,,,,,,,,,,,,,,,,,,,,,,,,,,,,,,,,,,,,,,,,,,,,,,,,,,,,,,,,,,,,,,,,,,,,,,,,,,,,,,,,,,,,,,,,,,,,,,,,,,,,,,,,,,,,,,,,,,,,,,,,,,,,,,,,,,,,,,,,,,,,,,,,,,,,,,,,,,,,,,,,,,,,,,,,,,,,,,,,,,,,,,,,,,,,,,,,,,,,,,,,,,,,,,,,,,,,,,,,,,,,,,,,,,,,,,,,,,,,,,,,,,,,,,,,,,,,,,,,,,,,,,,,,,,,,,,,,,,,,,,,,,,,,,,,,,,,,,,,,,,,,,,,,,,,,,,,,,,,,,,,,,,,,,,,,,,,,,,,,,,,,,,,,,,,,,,,,,,,,,,,,,,,,,,,,,,,,,,,,,,,,,,,,,,,,,,,,,,,,,,,,,,,,,,,,,,,,,,
R286,,,,,,,,,,,,,,,,,,,,,,,,,,,,,,,,,,,,,,,,,,,,,,,,,,,,,,,,,,,,,,,,,,,,,,,,,,,,,,,,,,,,,,,,,,,,,,,,,,,,,,,,,,,,,,,,,,,,,,,,,,,,,,,,,,,,,,,,,,,,,,,,,,,,,,,,,,,,,,,,,,,,,,,,,,,,,,,,,,,,,,,,,,,,,,,,,,,,,,,,,,,,,,,,,,,,,,,,,,,,,,,,,,,,,,,,,,,,,,,,,,,,,,,,,,,,,,,,,,,,,,,,,,,,,,,,,,,,,,,,,,,,,,,,,,,,,,,,,,,,,,,,,,,,,,,,,,,,,,,,,,,,,,,,,,,,,,,,,,,,,,,,,,,,,,,,,,,,,,,,,,,,,,,,,,,,,,,,,,,,,,,,,,,,,,,,,,,,,,,,,,,,,,,,,,,,,,,,,,,,,,,,,,,,,,,,,,,,,,,,,
R287,,,,,,,,,,,,,,,,,,,,,,,,,,,,,,,,,,,,,,,,,,,,,,,,,,,,,,,,,,,,,,,,,,,,,,,,,,,,,,,,,,,,,,,,*/ɡβˈɛj/,*/ɡβˈɛj/,,,,,,,,,,,,,,,,,,,,,,,,,,,,,,,,,,,,,,,,*/χlˈij/,,,,,,,,,,,,,,,,,,,,,,,,,,,,,,,,,,,,,,,,,,,,,,,,,,,,,,,,,,,,,,,,,,,,,,,,,,,,,,,,,,,*/pˈɛj/,,,,,,,,,,,,,,,,,,,,,,,,,,,,,,,,,,,,,,,,,,,,,,*/bɑ̃ɾ̃ˈejt͡ʃɪ/,,,,,,,,,*/bɾˈej/,,,,,,,,,,,,,,,,,,,,,,,,,,,,,,,,,,,,,,,,,,,,,,,,,,,,,,,,,,,,,,,,,,,,,,,,,,,,,,,,,,,,,,,,,,,,,,,,,,,,,,,,,,,,,,,,,,,,,,,,,,,,,,,,,,,,,,,*/pˈij/,,,,,,,,,,,,,,,,,,,,,,,,,,,,,,,,,,,,,,,
R288,,,,,,,,,,,,,,,,,,,,,,,,,,,,,,,,,,,,,,,,,,,,,,,,,,,,,,,,,,,,,,,,,,,,,,,,,,,,,,,,,,,,,,,,,,,,,,,,,,,,,,,,,,,,,,,,,,,,,,,,,,,,,,,,,*/χlˈi/,,,,,,,,,,,,,,,,,,,,,,,,,,,,,,,,,,,,,,,,,,,,,,,,,,,,,,,,,,,,,,,,,,,,,,,,,,,,,,,,,,,,,,,,,,,,,,,,,,,,,,,,,,,,,,,,,,,,,,,,,,,,,,,,,,,,,,,,,,,,,,,,,,,,,,,,,,,,,,,,,,,,,,,,,,,,,,,,,,,,,,,,,,,,,,,,,,,,,,,,,,,,,,,,,,,,,,,,,,,,,,,,,,,,,,,,,,,,,,,,,,,,,,,,,,,,,,,,,,,,,,,,,,,,,,,,,*/pˈi/,,,,,,,,,,,,,,,,,,,,,,,,,,,,,,,,,,,,,,,
R289,,,,,,,,,,,,,,,,,,,,,,,,,,,,*/dɪmˈɛɾ̃ɪ/,*/dβˈɛɾ̃ɪ/,,,,,,,,,,,,,,,,,,,,,,,*/xβˈaɾ̃a/,,,,,,,,,,,,,,,,,,,,,,,,,,,,,,,,,,,,,,,,,,,,,,,,,,,,,,,,,,,,,,,,,,,,,,,,,,,,,,,,,,,,,,,,,,,,,,,,,,,,,,,,,,,,,,,,,,,,,,,,,,,,,,,,,,,,,,,,,,,,,,,,,,,,,,,,,,,,,,,,,,,,,*/pˈɔɾ̃əˤ/,,,,,,,,,,,,,,,,,,,,,,,,,,,,,,,,,,,,,,,,,,,,,,,,,,,,,,,,,,,,,,,,,,,,,,,,,,,,,,,,,,,,,,,,,,,,,,,,,,,,,,,,,,,,,,,,,,,,,,,,,,,,,,,,,,,,,,,,,,,,,,,,,,,,,,,,,,,,,,,,,,,,,,,,,,,,,,,,,,,,,,,,,,,,,,,,,,,,,,,,,,,,,,,,,,,,,,,,,,,,,,,,
R290,,,,,,,,,,,,,,,,,,,,,,,,,,,,,,,,,,,,,,,,,,,,,,,,,,,,,,,,,,,,,,,,,,,,,,,,*/kˌɔːpˈaʃtəˤ/,,,,,,,,,,,,,,,,,,,,,,,,,,,,,,,,,,,,,,,,,,,,,,,,,,,,,,,,,,,,,,,,,,,,,,,,,,,,,,,,,,,,,,,,,,,,,,,,,,,,,,,,,,,,,,,,,,,,,,,,,,,,,,,,,,,,,,,,,,,,,,,,,,,,,,,,,,,,,,,,,,,,,,,,,,,,,,,,,,,,,,,,,,,,,,,,,,,,,,,,,,,,,,,,,,,,,,,,,,,,,,,,,,,,,,,,,,,,,,,,,,,,,,,,,,,,,,,,,,,,,,,,,,,,,,,,,,,,,,,,,,,,,,,,,,,,,,,,,,,,,,,,,,,,,,,,,,,,,,,,,,,,,,,,,,,,,,,,,,,,,,,,,,,,,,,,,,,,,,,,,,,,,,,,,
R291,,,,,,,,,,,,,,,,,,,,,,,,,,,,,,,,,,,,,,,,,,,,,,,,,,,,,,,,,,,,,,,,,,,,,,,,,,,,,,,,,,,,,,,,,,,,,,,,,,,,,,,,,,,,,,,,,,,,,,,,,,,,,,,,,,,,,,,,,,,,,,,,,,,,,,,,,,,,,,,,,,,,,,,,,,,,,,,,,,,,,,,,,,,,,,,,,,,,,,,,,,,,,,,,,,,,,,,,,,,,,,,,,,,,,,,,,,,,,,,,,,,,,,,,,,,,,,,,,,,,,,,,,,,,,,,,,,,,,,,,,,,,,,,,,,,,,,,,,,,,,,,,,,,,,,,,,,,,,,,,,,,,,,,,,,,,,,,,,,,,,,,,,,,,,,,,,,,,,,,,,,,,,,,,,,,,,,,,,,,,,,,,,,,,,,,,,,,,,,,,,,,,,,,,,,,,,,,,,,,,,,,,,,,,,,,,,,,,,,,,,
R292,,,,,,,,,,,,,,,,,,,,,,,,,,,,,,,,,,,,,,,,,,,,,,,,,,,,,,,,,,,,,,,,,,,,,,,,,,,,,,,,,,,,,,,,,,,,,,,,,,,,,,,,,,,,,,,,,,,,,,,,,,,,,,,,,,,,,,,,,,,,,,,,,,,,,,,,,,,,,,,,,,,,,,,,,,,,,,,,,,,,,,,,,,,,,,,,,,,,,,,,,,,,,,,,,,,,,,,,,,,,,,,,,,,,,,,,,,,,,,,,,,,,,,,,,,,,,,,,,,,,,,,,,,,,,,,,,,,,,,,,,,,,,,,,,,,,,,,,,,,,,,,,,,,,,,,,,,,,,,,,,,,,,,,,,,,,,,,,,,,,,,,,,,,,,,,,,,,,,,,,,,,,,,,,,,,,,,,,,,,,,,,,,,,,,,,,,,,,,,,,,,,,,,,,,,,,,,,,,,,,,,,,,,,,,,,,,,,,,,,,,
R293,,,,,,,,,,,,,,,,,,,,,,,,,,,,,,,,,,,,,,,,,,,,,,,,,,,,,,,,,,,,,,,,,,,,,,,,,,,,,,,,,,,,,,,,,,,,,,,,,,,,,,,,,,,,,,,,,,,,,,,,,,,,,,,,,,,,,,,,,,,,,,,,,,,,,,,,,,,,,,,,,,,,,,,,,,,,,,,,,,,,,,,,,,,,,,,,,,,,,,,,,,,,,,,,,,,,,,,,,,,,,,,,,,,,,,,,,,,,,,,,,,,,,,,,,,,,,,,,,,,,,,,,,,,,,,,,,,,,,,,,,,,,,,,,,,,,,,,,,,,,,,,,,,,,,,,,,,,,,,,,,,,,,,,,,,,,,,,,,,,,,,,,,,,,,,,,,,,,,,,,,,,,,,,,,,,,,,,,,,,,,,,,,,,,,,,,,,,,,,,,,,,,,,,,,,,,,,,,,,,,,,,,,,,,,,,,,,,,,,,,,
R294,,,,,,,,,,,,,,,,,,,,,,,,,,,,,,,,,,,,,,,,,,,,,,,,,,,,,,,,,,,,,,,,,,,,,,,,,,,,,,,,,,,,,,,,,,,,,,,,,,,,,,,,,,,,,,,,,,,,,,,,,,,,,,,,,,,,,,,,,,,,,,,,,,,,,,,,,,,,,,,,,,,,,,,,,,,,,,,,,,,,,,,,,,,,,,,,,,,,,,,,,,,,,,,,,,,,,,,,,,,,,,,,,,,,,,,,,,,,,,,,,,,,,,,,,,,,,,,,,,,,,,,,,,,,,,,,,,,,,,,,,,,,,,,,,,,,,,,,,,,,,,,,,,,,,,,,,,,,,,,,,,,,,,,,,,,,,,,,,,,,,,,,,,,,,,,,,,,,,,,,,,,,,,,,,,,,,,,,,,,,,,,,,,,,,,,,,,,,,,,,,,,,,,,,,,,,,,,,,,,,,,,,,,,,,,,,,,,,,,,,,
R295,,,,,,,,,,,,,,,,,,,,,,*/ðəxθˈitɪ/,*/ðəxθˈiʃɪ/,,,,,,,,,,,,,,,,,,,,,,,,,,,,,,,,,,,,,,,,,,,,,,,,,,,,,,,,,,,,,,,,,,,,,,,,,,,,,,,,,,,,,,,,,,,,,,,,,,,,,,,,,,,,,,,,,,,*/məˈaɾna/,*/məˈaɾnəʃɪ/,*/məˈaɾnətɪ/,,,,,,,,,,,,,,,*/t͡ʃᵝɪləθˈamːəˤ/,,,,,,,,,,,,,,,,,,,,,,,,,,,,,,*/βəɾ̃ˈija/,,,,,,,,,,*/βəʎˈaʃəˤ/,,,,,,,,,,,,,,,,,,,,,,,,,,,,,,,,,,,,,,,,,,,,,,,,,,,*/bəɾ̃ˈitɪ/,,,,,,,,,,,,*/bəɾ̃ˈejt͡ʃɪ/,,,,,,,,,,,,,,,,,,,,,,*/mət͡ʃˈaʃəˤ/,,,,,,,,,,,,,,,,,,,*/əntəd͡ʒˈat͡ʃəˤ/,,,*/ʝɪntəkβjˈaʃəˤ/,,,,,,,,,,,,,,,,,,,,,,,,,,,,,,,,,,*/dˌɔɾəɟjˈaʃəˤ/,,,,,,*/dləd͡ʒˈatəˤ/,,,,,,,,,,,,,,,,,,,,,,,,,,,,,,,,,,,,,,,,,,,,*/ʃtəjˈaʃəˤ/,,,,,,,,,,,,,,,,,,,,,,,,,,,,,,,,,,,,,,,,,,,,*/ləθˈitɪ/,,,,,,,,,,,
R296,,,,,,,,,,,,,,,,,,,,,,,,,,,,,,,,,,,,,,,,,,,,,,,,,,,,,,,,,,,,,,,,,,,,,,,,,,,,,,,,,,,,,,,,,,,,,,,,,,,,,,,,,,,,,,,,,,,,,,,,,,,,,,,,,,,,,,,,,,,,,,,,,,,,,,,,,,,,,,,,,,,,,,,,,,,,,,,,,,,,,,,,,,,,,,,,,,,,,,,,,,,,,,,,,,,,,,,,,,,,,,,,,,,,,,,,,,,,,,,,,,,,,,,,,,,,,,,,,,,,,,,,,,,,,,,,,,,,,,,,,,,,,*/məntˈɛːʃa/,,,,,,,,,,,,,,,,,,,,,,,,,,,,,,,,,,,,,,,,,,,,,,,,,,,,,,,,,,,,,,,,,,,,,,,,,,,,,,,,,,,,,,,,,,,,,,,,,,,,,,,,,,,,,,,,,,,,,,,,,,,,,,,,,,,,,,,,,,,,,,,,,,,,,,,,,,,,
R297,,,,,,,,,,,,,,,,,,,,,,,,,,,,,,,,,,,,,,,,,,,,,,,,,,,,,,,,,,,,,,,,,,,,,,,,,,,,,,,,,,,,,,,,,,,,,,,,,,,,,,,,,,,,,,,,,,,,,,,,,,,,,,,,,,,,,,,,,,,,,,,,,,,,,,,,,,,,,,,,,,,,,,,,,,,,,,,,,,,,,,,,,,,,,,,,,,,,,,,,,,,,,,,,,,,,,,,,,,,,,,,,,,,,,,,,,,,,,,,,,,,,,,,,,,,,,,,,,,,,,,,,,,,,,,,,,,,,,,,,,,,,,,,,,,,,,,,,,,,,,,,,,,,,,,,,,,,,,,,,,,,,,,,,,,,,,,,,,,,,,,,,,,,,,,,,,,,,,,,,,,,,,,,,,,,,,,,,,,,,,,,,,,,,,,,,,,,,,,,,,,,,,,,,,,,,,,,,,,,,,,,,,,,,,,,,,,,,,,,,,
R298,,,,,,,,,,,,,,,,,,,,,,,,,,,,,,,,,,,,,,,,,,,,,,,,,,,,,,,,,,,,,,,,,,,,,,,,,,,,,,,,,,,,,,,,,,,,,,,,,,,,,,,,,,,,,,,,,,,,,,,,,,,,,,,,,,,,,,,,,,,,,,,,,,,,,,,,,,,,,,,,,,,,,,,,,,,,,,,,,,,,,,,,,,,,,,,,,,,,,,,,,,,,,,,,,,,,,,,,,,,,,,,,,,,,,,,,,,,,,,,,,,,,,,,,,,,,,,,,,,,,,,,,,,,,,,,,,,,,,,,,,,,,,,,,,,,,,,,,,,,,,,,,,,,,,,,,,,,,,,,,,,,,,,,,,,,,,,,,,,,,,,,,,,,,,,,,,,,,,,,,,,,,,,,,,,,,,,,,,,,,,,,,,,,,,,,,,,,,,,,,,,,,,,,,,,,,,,,,,,,,,,,,,,,,,,,,,,,,,,,,,
R299,,,,,,,,,,,,,,,,,,,,,,,,,,,,,,,,,,,,,,,,,,,,,,,,,,,,,,,,,,,,,,,,,,,,,,,,,,,,,,,,,,,,,,,,,,,,,,,,,,,,,,,,,,,,,,,,,,,,,,,,,,,,,,,,,,,,,,,,,,,,,,,,,,,,,,,,,,,,,,,,,,,,,,,,,,,,,,,,,,,,,,,,,,,,,,,,,,,,,,,,,,,,,,,,,,,,,,,,,,,,,,,,,,,,,,,,,,,,,,,,,,,,,,,,,,,,,,,,,,,,,,,,,,,,,,,,,,,,,,,,,,,,,,,,,,,,,,,,,,,,,,,,,,,,,,,,,,,,,,,,,,,,,,,,,,,,,,,,,,,,,,,,,,,,,,,,,,,,,,,,,,,,,,,,,,,,,,,,,,,,,,,,,,,,,,,,,,,,,,,,,,,,,,,,,,,,,,,,,,,,,,,,,,,,,,,,,,,,,,,,,
R300,,,,,,,,,,,,,,,,,,,,,,,,,,,,,,,,,,,,,,,,,,,,,,,,,,,,,,,,,,,,,,,,,,,,,,,,,,,,,,,,,,,,,,,,,,,,,,,,,,,,,,,,,,,*/χβɪlcˈija/,,,,,,,,,,,,,,,,,,,,,,,,,,,,,,,,,,,,,,,,,,,,,,,*/t͡ʃᵝɪlˈitɪ/,,,,,,,,,,,,,,,,,,,,,,,,,,,,,,,,,,,,,,,,,,,,,,,,,,,,,,,,,,,,,,,,,,,,,,,,,,,,,,,,,,,,,,,,,,,,,,,,,,,,,,,,,,,,,,,,,,,,,,,,,,,,,,,,,,,,,,,,,,,,,,,,,,,,,,,,,,,,,,,,,,,,,,,,,,,,,,,,,,,,,,,,,,,,,,,,,,,,,,,,,,,,,,,,,,,,,,,,,,,,,,,,,,,,,,,,,,,,,,,,,,,,,,,,,,,,,,,,,,,,,,,,,,,,,,,,,,,,,,,,,,,,,,,
R301,,,,,,,,,,,,,,,,,,,,,,,,,,,,,,,,,,,,,,,,,,,,,,,,,,,,,,,,,,,,,,,,,,,,,,,,,,,,,,,,,,,,,,,,,,,,,,,,,,,,,,,,,,,,,,,,,,,,,,,,,,,,,,,,,,,,,,,,,,,,,,,,,,,,,,,,,,,,,,,,,,,,,,,,,,,,,,,,,,,,,,,,,,,,,,,,,,,,,,,,,,,,,,,,,,,,,,,,,,,,,,,,,,,,,,,,,,,,,,,,,,,,,,,,,,,,,,,,,,,,,,,,,,,,,,,,,,,,,,,,,,,,,,,,,,,,,,,,,,,,,,,,,,,,,,,,,,,,,,,,,,,,,,,,,,,,,,,,,,,,,,,,,,,,,,,,,,,,,,,,,,,,,,,,,,,,,,,,,,,,,,,,,,,,,,,,,,,,,,,,,,,,,,,,,,,,,,,,,,,,,,,,,,,,,,,,,,,,,,,,,
R302,,,,,,,,,,,,,,,,,,,,,,,,,,,,,,,,,,,,,,,,,,,,,,,,,,,,,,,,,,,,,,,,,,,,,,,,,,,,,,,,,,,,,,,,,,,,,,,,,,,,,,,,,,,,,,,,,,,,,,,,,,,,,,,,,,,,,,,,,,,,,,,,,,,,,,,,,,,,,,,,,,,,,,,,,,,,,,,,,,,,,,,,,,,,,,,,,,,,,,,,,,,,,,,,,,,,,,,,,,,,,,,,,,,,,,,,,,,,,,,,,,,,,,,,,,,,,,,,,,,,,,,,,,,,,,,,,,,,,,,,,,,,,,,,,,,,,,,,,,,,,,,,,,,,,,,,,,,,,,,,,,,,,,,,,,,,,,,,,,,,,,,,,,,,,,,,,,,,,,,,,,,,,,,,,,,,,,,,,,,,,,,,,,,,,,,,,,,,,,,,,,,,,,,,,,,,,,,,,,,,,,,,,,,,,,,,,,,,,,,,,
R303,,,,,,,,,,,,,,,,,,,,,,,,,,,,,,,,,,,,,,,,,,,,,,,,,,,,,,,,,,,,,,,,,,,,,,,,,,,,,,,,,,,,,,,,,,,,,,,,,,,,,,,,,,,,,,,,,,,,,,,,,,,,,,,,,,,,,,,,,,,,,,,,,,,,,,,,,,,,,,,,,,,,,,,,,,,,,,,,,,,,,,,,,,,,,,,,,,,,,,,,,,,,,,,,,,,,,,,,,,,,,,,,,,,,,,,,,,,,,,,,,,,,,,,,,,,,,,,,,,,,,,,,,,,,,,,,,,,,,,,,,,,,,,,,,,,,,,,,,,,,,,,,,,,,,,,,,,,,,,,,,,,,,,,,,,,,,,,,,,,,,,,,,,,,,,,,,,,,,,,,,,,,,,,,,,,,,,,,,,,,,,,,,,,,,,,,,,,,,,,,,,,,,,,,,,,,,,,,,,,,,,,,,,,,,,,,,,,,,,,,,
R304,,,,,,,,,,,,,,,,,,,,,,,,,,,,,,,,,,,,,,,,,,,,,,,,,,,,,,,,,,,,,,,,,*/ʝəɾðˈija/,,,,,,,,,,,,,,,,,,,,,,,,,,,,,,,,,,,,,,,,,,,,,,,,,,,,,,,,,,,,,,,,,,,,,,,,,,,,,,,,,,,,,,,,,,,,,,,,,,,,,,,,,,,,,,,,,,,,,,,,,,,,,,,,,,,,,,,,,,,,,,,,,,,,,,,,,,,,,,,,,,,,,,,,,,,,,,,,,,,,,,,,,,,,,,,,,,,,,,,,,,,,,,,,,,,,,,,,,,,,,,,,,,,,,,,,,,,,*/ʝəntˈikβɛ/,,*/ʝəntˈekβit/,,,,,,,,,*/ʝəntˈɛɲa/,,,,,,,,,,,,,,,,,,,,,,,,,,,,,,,,,,,,,,,,,,,,,,,,,,,,,,,,,,,,,,,,,,,,,,,,,,,,,,,,,,,,,,,,,,,,,,,,,,,,,,,,,,,,,,,,,,,,,,,,,,,,,,,,,
R305,,,,,,,,,,,,,,,,,,,,,,,,,,,,,,,,,,,,,,,,,,,,,,,,,,,,,,,,,,,,,,,,,,,,,,,,,,,,,,,,,,,,,,,,,,,,,,,,,,,,,,,,,,,,,,,,,,,,,,,,,,,,,,,,,,,,,,,,,,,,,,,,,,,,,,,,,,,,,,,,,,,,,,,,,,,,,,,,,,,,,,,,,,,,,,,,,,,,,,,,,,,,,,,,,,,,,,,,,,,,,,,,*/pˈɛʃɪ/,,,,,,,,,,,,,,,,,,,,,,,,,,,,,,,,,,,,,,,,,,,,,,,,,,,,,,,,,,,,,,,,,,,,,,,,,,,,,,,,,,,,,,,,,,,,,,,,,,,,,,,,,,,,,,,,,,,,,,,,,,,,,,,,,,,,,,,,,,,,,,,,,,,,,,,,,,,,,,,,,,,,,,,,*/ʃˈala/,*/kɯːʃˈala/,,*/ʃˈala/,,,,,,,,,,,,,,,,,,,,,,,,,,,,,,,,,,,,,,,,,,,,,,
R306,,,,,,,,,,,,,,,,,,,,,,,,,,,,,,,,,,,,,,,,,,,,,,,,,,,,,,,,,,,,,,,,,,,,,,,,,,,,,,,,,,,,,,,,,,,,,,,,,,,,,,,,,,,,,,,,,,,,,,,,,,,,,,,,,,,,,,,,,,,,,,,,,,,,,,,,,,,,,,,,,,,,,,,,,,,,,,,,,,,,,,,,,,,,,,,,,,,,,,,,,,,,,,,,,,,,,,,,,,,,,,,,,,,,,,,,,,,,,,,,,,,,,,,,,,,,,,,,,,,,,,,,,,,,,,,,,,,,,,,,,,,,,,,,,,,,,,,,,,,,,,,,,,,,,,,,,,,,,,,,,,,,,,,,,,,,,,,,,,,,,,,,,,,,,,,,,,,,,,,,,,,,,,,,,,,,,,,,,,,,,,,,,,,,,,,,,,,,,,,,,,,,,,,,,,,,,,,,,,,,,,,,,,,,,,,,,,,,,,,,,
R307,,,,,,,,,,,,,,,,,,,,,,,,,,,,,,,,,,,,,,,,,,,,,,,,,,,,,,,,,,,,,,,,,,,,,,,,,,,,,,,,,,,,,,,,,,,,,,,,,,,,,,,,,,,,,,,,,,,,,,,,,,,,,,,,,,,,,,,,,,,,,,,,,,,,,,,,,,,,,,,,,,,,,,*/d͡ʒˈɛɾmɪʃ/,*/d͡ʒˈɛɾnɪʃ/,*/d͡ʒˈɛɾɲa/,,,,,,,,,,,,,,,,,,,,,,,,,,,,,,,,,,,,,,,,,,,,,,,,,,,,,,,,,,,,,,,,,,,,,,,,,,,,,,,,,,,,,,,,,,,,,,,,,,,,,,,,,,,,,,,,,,,,,,,,,,,,,,,,,,,,,,,,,,,,,,,,,,,,,,,,,,,,,,,,,,,,,,,,,,,,,,,,,,,,,,,*/dɪd͡ʒɪnta/,*/nːˈɛd͡ʒa/,*/ˈenːɪd͡ʒɛtɪ/,,,,,,,,,,,,,,,,,,,,,,,,,,,,,,,,,,,,,,,,,,,,,,,,,,,,,,,,,,,,,,,,,,,,,,,,,,,,,,,,,,,,,,,,
R308,,,,,,,,,,,,,,,,,,,,,,,,,,,,,,,,,,,,,,,,,,,,,,,,,,,,,,,,,,,,,,,,,,,,,,,,,,,,,,,,,,,,,,,,,,,,,,,,,,,,,,,,,,,,,,,,,,,,,,,,,,,,,,,,,,,,,,,,,,,,,,,,,,,,,,,,,,,,,,,,,,,,,,,,,,,,,,,,,,,,,,,,,,,,,,,,,,,,,,,,,,,,,,,,,,,,,,,,,,,,,,,,,,,,,,,,,,,,,,,,,,,,,,,,,,,,,,,,,,,,,,,,,,,,,,,,,,,,,,,,,,,,,,,,,,,,,,,,,,,,,,,,,,,,,,,,,,,,,,,,,,,,,,,,,,,,,,,,,,,,,,,,,,,,,,,,,,,,,,,,,,,,,,,,,,,,,,,,,,,,,,,,,,,,,,,,,,,,,,,,,,,,,,,,,,,,,,,,,,,,,,,,,,,,,,,,,,,,,,,,,
R309,,,,,,,*/t͡sˈaɾasəˤ/,,,,,,,,,,*/zˈamataɾa/,*/zˈamba/,,,*/zˈentɪ/,,,,,,,,,,,,*/zˈaðaʃ/,,*/zˈɛʃ/,,*/dˈɛðəsa/,,,,,,,,,,,,,,,,,*/ʝˈɛsa/,,,,,,,,,,,,,,,,,,,,,,,,,,,,,,,,,,,,*/ɡlˈasa/,,,,,,,,*/ˈisᵝɪ/,,,,,,*/xβˌiːzˈaa/,,,,,,,,,,,,,,*/ˈasa/,*/ˈasɑ̃ɾ̃ɪ/,,,,,*/nːˈɔsa/,,,,,,,,,,,,,,,,,,*/sᵝˈila/,*/ˈəˤsᵝəla/,*/sᵝˈiʃ/,*/sᵝˈi/,,*/sᵝˈɛm/,*/sᵝˈiʃɛ/,*/sᵝˈɛθɪ/,,,*/sᵝˈala/,*/sᵝˈɛlɪ/,*/sᵝɪlˈitɪ/,*/sᵝɪləθˈamːəˤ/,,,,,,,,,,,*/zˈɛɾmɪʃ/,*/zˈɛɾnɪʃ/,*/zˈɛɾɲa/,,,,,,,,,,*/ʝˈiɾzɪ/,,,,,,,,,,,,,*/usˈasəˤ/,,,,,*/dɪzˈaləˤtəˤ/,,*/ˈulsᵝɪ/,,,,,,*/βɾˈanːəza/,,,,,,,,,,,,,,,,,,*/pˌiːsˈaʃəˤ/,,,*/plˈasa/,,,,,,,,,,,,,,,,,,*/pˌɔɾzˈeʃəˤ/,,,,,,,,,,,,,,,*/bəɾ̃ˈejsɪ/,,,,,,,,,,,,,,,,,,,,,*/mˈɔsᵝɪ/,*/məsˈaʃəˤ/,*/mˈasa/,,*/mˈasəˤ/,,,,,,,*/mˈaza/,,,,,,,,,*/əntəzˈasəˤ/,*/ʝɪsˈaka/,,,,,,,,,,,,,,,,,,,,,,,,,,*/zˈaθtəˤ/,,,,,,,,*/zˌaɾˈeɟja/,*/zˈaɾaɡa/,,,,,,,*/dləzˈatəˤ/,*/zˈaʃa/,,*/zˈaθa/,,*/dˈɔsa/,*/zˈa/,*/dɪsˈaʃəˤ/,*/zˈaɡa/,*/dɪzɪnta/,*/nːˈɛza/,*/ˈenːɪzɛtɪ/,,,,*/zˈalːa/,,,,,,,,,,,,,,*/djˈɛɾsa/,,,*/ʃˈɛsᵝʃ/,,*/ʃɪsᵝˈɛmtɪm/,,*/ʝˈɛsʃ/,,,,,*/ʝˈymasa/,,,,,,,,,,,,,,,,,,,,,,,,,,,,,*/nˈœsᵝɪ/,,,,,,,,,,*/lˈɔsɪ/,,,*/lˈɔðəsəˤ/,,,,,,,,,,,,,,,*/luˈisa/,
R310,,,,,,,,,,,,,,,,,,,,,,,,,,,,,,,,,,,,,,,,,,,,,,,,,,,,,,,,,,,,,,,,,,,,,,,,,,,,,,,,,,,,,,,,,,,,,,,,,,,,,,,,,,,,,,,,,,,,,,,,,,,,,,,,,,,,,,,,,,,,,,,,,,,,,,,,,,,,,,,,,,,,,,,,,,,,,,,,,,,,,,,,,,,,,,,,,,,,,,,,,,,,,,,,,,,,,,,,,,,,,,,,,,,,,,,,,,,,,,,,,,,,,,,,,,,,,,,,,,,,,,,,,,,,,,,,,,,,,,,,,,,,,,,,,,,,,,,,,,,,,,,,,,,,,,,,,,,,,,,,,,,,*/t͡ʃˈaɾnəˤ/,,,,,,,,,,,,,,,,,,,,,,,,,,,,,,,,,,,,,,,,,,,,,,,,,,,,,,,,,,,,,,,,,,,,,,,,,,,,,,,,,,,,,,,,,,,,,,,,,,,,,,,,,,,,,,,,,,,,,
R311,,,,,,,,,,,,,,,,,,,,,,,,,,,,,,,,,,,,,*/dˈɛðsa/,,,,,,,,,,,,,,,,,,,,,,,,,,,,,,,,,,,,,,,,,,,,,,*/ʝ?1ˈɛʎa/,,,*/ʝ?1ɾˈepɪ/,,,,,,,,,,,,,,,,*/ˈejðθaj/,,,,,,,,,,,,,,,,,,,,,,,,,,,,,,,,,,,,,,,,,,,,,,,,,,,,,,,,,,,,,,,,,,,,,,,,,,,,,,,*/βˈɛðʃɪ/,,,*/βˈɔðʃa/,,,,,,,,,,,,,,,,,,,,,,,,,,,,,,,,,,,,,,,,,,,,,,,,,,,,,,,,,,,,,,,,,,,,,,,,,,,,,,,,,,,,,,,,,,,,,,,,,,,,,,,,,,,,,,,,,,,,,,,,,,,,,,,,,,,,,,,,,,,,,,,,,,,,,,,,,,,,,,,,,,,,,,,,,,,,,,,,,,,,,,,,,,,,,,,,,,,,,,,,,,,,,,,,,,,,,,,,,,,,,,,,,,,,,,,,,,,,,,,,,*/lˈɔðsəˤ/,,,,,,,,,,,,,,,,
R312,*/θˈĩɲa/,*/θˈãmbəɾa/,*/θˈiʃtɾɪ̃m/,,,,,,,,,,,,*/kʎˈɔ̃ɲa/,*/klɪw̃ɲa/,*/zˈãmataɾa/,*/zˈãmba/,,*/nːˈãmːəˤ/,*/zˈẽntɪ/,,,,*/nːˈũnɪ/,*/ɡɾˈũna/,*/ɡɾˈũɲa/,*/dɪ̃mˈɛ̃ɾ̃ɪ/,*/dβˈɛ̃ɾ̃ɪ/,,,*/dˈãm/,,*/dˈĩmːɪ/,,,,,,,,,,,,*/ˈuðʎɪ̃m/,,,*/ʝˈẽmɪ/,,*/xmˈãm/,*/xβˈãɾ̃a/,,,,,,,*/ʝˌɛʃˈĩnːɪ/,*/ʝəˈũna/,,,*/xɾˈẽmɪ/,,,,*/xɾˈɛ̃nːu/,*/nːˈẽːnːɪ̃m/,,*/ʝˈẽːnːɪ̃m/,*/ʝˈẽmɪ/,,,*/kʝˈɔ̃ɲɪ/,,,,,,,,,,,,,,,,,,*/ʝɪ̃nɡɾəˈiːθa/,,,,,,,,,*/ˈũmja/,,,,,,,,,,,,,,*/ˈãmma/,,,,,,*/ˈãnːa/,*/ˈãɲa/,*/ˈãnta/,,*/ˈãndɪ/,*/ˈãndɪ/,,,,,,,,,,,,,,,,,,,,,*/sᵝˈɛ̃m/,,,,,,,,*/sᵝɪləθˈãmːəˤ/,,*/kɾˈĩmɪ/,,*/ə̃nɡʎˈaʃəˤ/,*/ə̃nɡɾa/,*/ə̃nɡɾˈiʃɪ/,*/ˈãnɡxmɪ/,*/ə̃nɡɾˈũna/,*/ə̃nɡɾnːnəˤ/,,,,,,,,,*/ʝˈãma/,,,,,,,,,,*/xβɪˈĩnːɪ/,,*/βə̃ɾ̃ˈija/,*/βˈɛ̃mja/,,,,,,,,,,,*/dɪʃɪ̃ntɪɾbˈala/,,,,,*/βɾˈũɲa/,*/βɾˈẽnːɪ/,*/βɾˈãnːəza/,,,,,,,,,,,,,*/pˈɔ̃ɾ̃əˤ/,,,,*/pˈũnːa/,,,,,,,*/ə̃nplˈɔ̃ɲa/,*/ə̃nplˈɔ̃ntɪ/,,,,,,,,,,,,,,,,,*/bə̃ɾ̃ˈitɪ/,,,*/bχlˈɛ̃m/,,,,,,,*/ə̃nːtˈəˤ/,*/bˌĩːɲˈaða/,*/bə̃ɾ̃ˈejsɪ/,,*/bˈɛ̃ːnːnɪ/,,,*/ə̃nbˈũnɘʃtɪ/,,,,,,,,,,,*/bɪɾˈĩməˤ/,,,,,,,,,,,*/mə̃ntˈɛːʃa/,,,,,,*/mˈɛ̃mʝɪ̃m/,,,,,,*/ə̃mbəlˌaχβˈɘ̃ɲa/,,*/ə̃ntəzˈasəˤ/,,*/ʝə̃ntˈikβɛ/,*/ʝɪ̃ntəkβjˈaʃəˤ/,*/ʝə̃ntˈekβit/,,,,,,,,,*/ʝə̃ntˈɛ̃ɲa/,*/t͡sˈãnːa/,,,,,*/ə̃ntɾˈuða/,,*/tʎˈãma/,*/tɾˈĩmɪ/,,,,,,*/dˈaʊ̯̃nəˤ/,,,,,,,,,,*/dɾˈũnɪ/,*/dɾˈũnɪ/,*/dˈãmːəˤ/,*/dˈẽmːmja/,*/dˈẽmɪ/,,,,,,,,,,*/dɪzɪ̃nta/,,*/ˈẽnːɪzɛtɪ/,*/dˈɛ̃ːɲa/,,,,,,,,*/ʝˈaʊ̯̃ɲa/,,,,*/?1ˈẽnːna/,,,,,,,,,,*/ʃɪsᵝˈɛ̃mtɪ̃m/,*/ʝˈũmɪ/,,,*/ɸˈɛɾãm/,,,*/ʝˈỹmasa/,,,,,*/ʃtˈaʊ̯̃nəˤ/,*/ʃtˈɔ̃ɲa/,,*/ʃtˈãnɲa/,,,,,,,,,,*/ʃtɾˈĩɲa/,,*/rːˈỹməˤ/,*/rːˈũmɪ/,,*/əpˈɛ̃ɲɛ/,,,,,,,,,,*/ɲˈãma/,,,,,*/ə̃nbɪʎˈaða/,,,,,,,,,,*/lˈũməˤ/,,,,,,,*/lˈũmɪ/,,,
R313,,,,,*/t͡sˈaɾɐvɪ/,*/t͡sˈaɾɐbɐtəˤ/,*/t͡sˈaɾɐsəˤ/,,*/t͡sˈaɾɐcɪ/,,,,,,,,*/zˈãmɐtɐɾa/,,,,,,,,,,,,,,,,,,,,,,,,,,,,,,,,,,,,,,,,,,,,,,,,,,,,,,,,,,,,,,,,,,,,,,,,,,,,,*/ɐ?1̬ˈeɾða/,,,,,,,,,,,,,,,,,,,,,,,,,*/ˈasɐɾ̃ɪ/,,,,,,,,,,,,,,,,,,,,,,,,,,,,,,,,,,,,,,,,,,,,,,,,,,,,,,,,,*/ʝˈɛːʃtɐɾ̃a/,,,,,,,,,,,,,,,,,,,,*/dɪzˈalɐtəˤ/,,,,,*/βˈɛɾɾɐɾ̃a/,,,,,,*/βˈɛɾɾɐɾ̃a/,,,,,,,,,,,,,,,,,,,,,,,,,,,,,,,,,,,,,,*/ɐðɸˈɛʎa/,,,,,,,,,,,,,,,,,,,,,*/bˈaɾɐðəˤ/,,,,,,,,,,,,,,,,,,,,,,,*/mˈɔtɐɾəˤ/,,,,,,,,,,,,,,,,,,,*/ɐʃtɯːpjˈɛtɪ/,,,,,,,,,,,,,,,,,,,,*/ʝˈɜːðɐɾ̃əˤ/,,*/ʝˈɘðɐta/,,,,,*/zˈaɾɐɡa/,,,,,,,,,,,,,,,,,,,,,,,,,,,,,,,,,,,,,,,,,,,,,,,,*/ʝˈỹmɐsa/,,,,,,,,,,,,,,,,,,,,,,*/ʝˈɛːɾpɐɾ̃ɪ/,,,,,,,,,,,,,,,,,,,,,,,,,,,,,,,,,,,,
R314,,,,,,,,,,,,,,,,,,,,,,,,,,,,,,,,,,,,,,,,,,,,,,,,,,,,,,,,,,,,,,,,,,,,,,,,,,,,,,,,,,,,,,,,,,,,,,,,,,,,,,,,,,,,,,,,,,,,,,,,,,,,,,,,,,,,,,,,,,,,,,,,,,,,,,,,,,,,,,,,,,,,,,,,,,,,,,,,,,,,,,,,,,,,,,,,,,,*/βʎˈaʃəˤ/,,,,,,,,,,,,,,,,,,,,,,,,,,,,,,,,,,,,,,,,,,,,,,,,,,,,,,,,,,,,,,,,,,,,,,,,,,,,,,,,,,,,,,,,,,,,,,,,,,,,,,,,,,,,,,,,,,,,,,,,,,,,,,,,,,,,,,,,,,,,,,,,,,,,,,,,,,,,,,,,,,,,,,,,,,,,,,,,,,,,,,,,,,,,,,,,,,,,,,,,,,,,,,,,,,,,,,,,,,,,,,,,,,,,,,,,,,,,,,,,,,,,,,
=Late Proto-Albanian II,null*/θˈĩɲa/,null*/θˈãmbəɾa/,null*/θˈiʃtɾɪ̃m/,null*/θxmˈɛdʃ/,null*/t͡sˈaɾɐvɪ/,null*/t͡sˈaɾɐbɐtəˤ/,null*/t͡sˈaɾɐsəˤ/,null*/θˈiɾxmɪ/,null*/t͡sˈaɾɐcɪ/,null*/θˈɛləˤ/,null*/t͡sˈavka/,null*/θˈuka/,null*/θˈupɪ/,null*/tɪθˈupɪ/,null*/kʎˈɔ̃ɲa/,null*/klɪw̃ɲa/,null*/zˈãmɐtɐɾa/,null*/zˈãmba/,null*/ðˈevɪ/,null*/nːˈãmːəˤ/,null*/zˈẽntɪ/,null*/ðəxθˈitɪ/,null*/ðəxθˈiʃɪ/,null*/nːˈaθa/,null*/nːˈũnɪ/,null*/ɡɾˈũna/,null*/ɡɾˈũɲa/,null*/dɪ̃mˈɛ̃ɾ̃ɪ/,null*/dβˈɛ̃ɾ̃ɪ/,null*/dβˈɔɟɪ/,null*/dˈylɪʃ/,null*/dˈãm/,null*/zˈaðaʃ/,null*/dˈĩmːɪ/,null*/zˈɛʃ/,null*/dˈiʃɪ/,null*/dˈɛðsa/,null*/dˈɔɾa/,null*/dˈɔɾɪ/,null*/dˈiʎɪ/,null*/dˈɛɾʃ/,null*/dɾˈɘða/,null*/ʝˈɛʃ/,null*/ʝˈiːʃtɪʃ/,null*/ʝˈy/,null*/ˈuðʎɪ̃m/,null*/xβəʝˈija/,null*/xβəʝˈitɪ/,null*/ʝˈẽmɪ/,null*/xmɪ/,null*/xmˈãm/,null*/xβˈãɾ̃a/,null*/ʝˈɛːtəɾɪ/,null*/ʝˈɛsa/,null*/ʝˈitʃɪ/,null*/ʝˈitɪ/,null*/ʝˈiʃɪ/,null*/ʝˈiʃtɪ/,null*/ʝˌɛʃˈĩnːɪ/,null*/ʝəˈũna/,null*/ʝˈaɾða/,null*/ʝˈɛɾðətɪ/,null*/xɾˈẽmɪ/,null*/xʎˈapa/,null*/ʝəɾðˈija/,null*/ˈuɾða/,null*/xɾˈɛ̃nːu/,null*/nːˈẽːnːɪ̃m/,null*/ʝˈyʃ/,null*/ʝˈẽːnːɪ̃m/,null*/ʝˈẽmɪ/,null*/kˌɔːpˈaʃtəˤ/,null*/kˈapa/,null*/kʝˈɔ̃ɲɪ/,null*/kʃˈelːɪʃ/,null*/cˈɛlabʃ/,null*/cˈela/,null*/?1ˈɔlɪ/,null*/?1ˈɔlɪʃta/,null*/?1ˈɛlmɪ/,null*/dɪ?1ˈeləˤ/,null*/dɪ?1ˈelːəˤ/,null*/ʝ?1ˈɛʎa/,null*/cˈeɾpa/,null*/kɾˈepɪ/,null*/ʝ?1ɾˈepɪ/,null*/kɾˈɛpʃa/,null*/ɡβˈɛj/,null*/ɡβˈɛj/,null*/ɡlˈasa/,null*/ɡʎˈava/,null*/ʝɪ̃nɡɾəˈiːθa/,null*/ɟˈiɾðɪ/,null*/ɐ?1̬ˈeɾða/,null*/ˈɔːtɾa/,null*/ʝˈɛθu/,null*/ʝˌaθˈɔtəˤ/,null*/ˈisᵝɪ/,null*/ˈejðɪ/,null*/ðˈija/,null*/ˈũmja/,null*/ˈejðθaj/,null*/ˈaː/,null*/xβˌiːzˈaa/,null*/ˈa/,null*/ˈaʊ̯ɟɪ/,null*/χβɪlcˈija/,null*/χβˈila/,null*/χβˌɔʎˈaʃəˤ/,null*/χβˈaɾnəˤ/,null*/xβˈila/,null*/χpˈɛ/,null*/χpˈaaw/,null*/pəɾˈepa/,null*/ˈãmma/,null*/χmˈalða/,null*/χmˈalːnəˤ/,null*/ˈasa/,null*/ˈasɐɾ̃ɪ/,null*/n/,null*/ˈãnːa/,null*/ˈãɲa/,null*/ˈãnta/,null*/nːˈɔsa/,null*/ˈãndɪ/,null*/ˈãndɪ/,null*/nːˈɛɾ/,null*/ˈalbɪ/,null*/χlˈi/,null*/χɾˈɛtθɪ/,null*/ˈaɾθɪ/,null*/ˈejðɪ/,null*/ˈa/,null*/ˈutɪ/,null*/ˈɔːʊ̯lɪ/,null*/ˈɔːʊ̯ləˤ/,null*/ʝˈiɾðɪ/,null*/məˈaɾna/,null*/məˈaɾnəʃɪ/,null*/məˈaɾnətɪ/,null*/mˈɔɾɾɪ/,null*/sᵝˈila/,null*/ˈəˤsᵝəla/,null*/sᵝˈiʃ/,null*/sᵝˈi/,null*/kˈa/,null*/sᵝˈɛ̃m/,null*/sᵝˈiʃɛ/,null*/sᵝˈɛθɪ/,null*/kˈɔla/,null*/kˈuɾ/,null*/sᵝˈala/,null*/sᵝˈɛlɪ/,null*/sᵝɪlˈitɪ/,null*/sᵝɪləθˈãmːəˤ/,null*/kˈɔɾna/,null*/kɾˈĩmɪ/,null*/ɡˈaɾɾɪ/,null*/ə̃nɡʎˈaʃəˤ/,null*/ə̃nɡɾa/,null*/ə̃nɡɾˈiʃɪ/,null*/ˈãnɡxmɪ/,null*/ə̃nɡɾˈũna/,null*/ə̃nɡɾnːnəˤ/,null*/ɡˈɔɾxma/,null*/zˈɛɾmɪʃ/,null*/zˈɛɾnɪʃ/,null*/zˈɛɾɲa/,null*/ʝətˈɔtəˤ/,null*/cᵝˈi/,null*/ʝˈɔʃa/,null*/ʝˈɔʃa/,null*/ʝˈãma/,null*/ʝˈɛdɾa/,null*/ʝˈi?1ɪ/,null*/ʝˈɛːʃtɐɾ̃a/,null*/xlˈɛɟɪ/,null*/ʝˈiɾzɪ/,null*/xɾˈɛːkθɪ/,null*/βˈaða/,null*/βˈɛðʃɪ/,null*/βˈɛðətɪ/,null*/xβɪˈĩnːɪ/,null*/βˈɔðʃa/,null*/βə̃ɾ̃ˈija/,null*/βˈɛ̃mja/,null*/βˈɛːtʃɪ/,null*/βɪtˈɛːʃɪ/,null*/βˈɛːtɛθɪ/,null*/βˈɛːtɪ/,null*/usˈasəˤ/,null*/βˈɔla/,null*/βˈɛlətɪ/,null*/βˈala/,null*/βʎˈaʃəˤ/,null*/dɪzˈalɐtəˤ/,null*/dɪʃɪ̃ntɪɾbˈala/,null*/ˈulsᵝɪ/,null*/βˈalʃa/,null*/βˈalːa/,null*/βˈɛɾɾɐɾ̃a/,null*/βɾˈũɲa/,null*/βɾˈẽnːɪ/,null*/βɾˈãnːəza/,null*/βˈuɾba/,null*/ˈuɾtəˤ/,null*/βˈɛɾɾɐɾ̃a/,null*/ˈuɾna/,null*/pˈia/,null*/pˈetɪ/,null*/pˈɛːtʃa/,null*/pˈɛj/,null*/pˈatəˤ/,null*/pˈaʃʝəˤ/,null*/pˈaʃ/,null*/pˈaʃ/,null*/pˈɔ̃ɾ̃əˤ/,null*/pˈaka/,null*/pˈakəˤ/,null*/pˈuθa/,null*/pˈũnːa/,null*/pˌiːsˈaʃəˤ/,null*/pˈɛːdʃɪ/,null*/pˈɛʃɪ/,null*/plˈasa/,null*/plˈatʃ/,null*/plˈɔtəˤ/,null*/ə̃nplˈɔ̃ɲa/,null*/ə̃nplˈɔ̃ntɪ/,null*/pˈɛlxmɪ/,null*/pˈaləˤ/,null*/pˈala/,null*/plˈacɪ/,null*/ʝɪðɸˈala/,null*/plˈɛːʃtɪ/,null*/pˈɔlːa/,null*/pˈalːəˤ/,null*/pɪɾ/,null*/pɪɾɪ/,null*/ɸˈɛɾɾɪ/,null*/pˈaɾða/,null*/pˈɛɾðətɪ/,null*/pˌɔɾzˈeʃəˤ/,null*/pˈɔɾða/,null*/ɐðɸˈɛʎa/,null*/bə̃ɾ̃ˈitɪ/,null*/bˈiʎa/,null*/bˈiɾɾɪ/,null*/bχlˈɛ̃m/,null*/bnːˈɛ/,null*/bnɲˈitɪ/,null*/bnɲˈiʃɪ/,null*/bnɲˈa/,null*/bnːnˈy/,null*/bnːˈəˤ/,null*/ə̃nːtˈəˤ/,null*/bˌĩːɲˈaða/,null*/bə̃ɾ̃ˈejsɪ/,null*/bˈiða/,null*/bˈɛ̃ːnːnɪ/,null*/bβˈɔta/,null*/bˈutəˤ/,null*/ə̃nbˈũnɘʃtɪ/,null*/bˈɛlːna/,null*/bˈaɾa/,null*/bˈaɾɐðəˤ/,null*/bɾˈej/,null*/bˈɛʎa/,null*/bˈɛɾcɪ/,null*/bˈaɾna/,null*/bˈɛɾɾɪ/,null*/bˈɔɾɾɪ/,null*/bˈiɾɾa/,null*/bɪɾˈĩməˤ/,null*/bʎˈaða/,null*/blˈɔɾəˤ/,null*/blˈɔɡɾa/,null*/mˈa/,null*/mˈɔsᵝɪ/,null*/məsˈaʃəˤ/,null*/mˈasa/,null*/mˈatɪ/,null*/mˈasəˤ/,null*/mˈɔtɪ/,null*/mə̃ntˈɛːʃa/,null*/mˈɔʃɛ/,null*/mˈiɾɾəˤ/,null*/mˈyʃ/,null*/mˈɔtɐɾəˤ/,null*/mˈaza/,null*/mˈɛ̃mʝɪ̃m/,null*/mˈɛtχ/,null*/mˈatʃ/,null*/mˈatɪ/,null*/mˈɛlətəˤ/,null*/mˈɛlχβɛ/,null*/ə̃mbəlˌaχβˈɘ̃ɲa/,null*/mˈɛlxmu/,null*/ə̃ntəzˈasəˤ/,null*/ʝɪsˈaka/,null*/ʝə̃ntˈikβɛ/,null*/ʝɪ̃ntəkβjˈaʃəˤ/,null*/ʝə̃ntˈekβit/,null*/tˈuj/,null*/tɛ/,null*/tˈy/,null*/pɪɾtˈepja/,null*/ɐʃtɯːpjˈɛtɪ/,null*/tˈeʊ̯ɾɪ/,null*/tˈeʊ̯ɾɪ/,null*/tˈulːɪ/,null*/ʝə̃ntˈɛ̃ɲa/,null*/t͡sˈãnːa/,null*/tɾˈi/,null*/tɾˈi/,null*/tɾˈiɡa/,null*/tʎˈaːða/,null*/ə̃ntɾˈuða/,null*/ˈaːʃda/,null*/tʎˈãma/,null*/tɾˈĩmɪ/,null*/tˈiɾʃa/,null*/t͡sˈaɾna/,null*/t͡ʃˈaɾnəˤ/,null*/tˌɔʎˈaʃəˤ/,null*/zˈaθtəˤ/,null*/dˈaʊ̯̃nəˤ/,null*/ʝˈɜːðɐɾ̃əˤ/,null*/ʝˈɘðɘʝəˤ/,null*/ʝˈɘðɐta/,null*/dβˈiɡa/,null*/dβˈijwʃ/,null*/dɾˈɘta/,null*/zˌaɾˈeɟja/,null*/zˈaɾɐɡa/,null*/dˌɔɾəɟjˈaʃəˤ/,null*/dɾˈũnɪ/,null*/dɾˈũnɪ/,null*/dˈãmːəˤ/,null*/dˈẽmːmja/,null*/dˈẽmɪ/,null*/dləzˈatəˤ/,null*/zˈaʃa/,null*/nːˈɛːʃu/,null*/zˈaθa/,null*/dˈiʎa/,null*/dˈɔsa/,null*/zˈa/,null*/dɪsˈaʃəˤ/,null*/zˈaɡa/,null*/dɪzɪ̃nta/,null*/nːˈɛza/,null*/ˈẽnːɪzɛtɪ/,null*/dˈɛ̃ːɲa/,null*/dβˈɔɾa/,null*/dβˈɔɾɪ/,null*/zˈalːa/,null*/ʃxˈeʃ/,null*/θˈiɾɪ/,null*/ʃɪ/,null*/ʃɪ/,null*/ʝˈaʊ̯̃ɲa/,null*/ʝˈaːʃtəˤ/,null*/ʝˈɔla/,null*/?1ɪwðˈitɪ/,null*/?1ˈẽnːna/,null*/?1ˈeɾpa/,null*/?1ˈɛla/,null*/?1ˈɛlmɪ/,null*/ʝˈy/,null*/djˈɛɾsa/,null*/θˈyʃɛ/,null*/θˈyʃ/,null*/ʃˈɛsᵝʃ/,null*/ʃˈɛka/,null*/ʃɪsᵝˈɛ̃mtɪ̃m/,null*/ʝˈũmɪ/,null*/ʝˈɛsʃ/,null*/ɸˈɛɾa/,null*/ɸˈɛɾãm/,null*/ɸˈɛɾaʃ/,null*/mˈakɾa/,null*/ʝˈỹmɐsa/,null*/ʃtˈiɟɪ/,null*/ʃta/,null*/ʃtəjˈaʃəˤ/,null*/ʃtˈyla/,null*/ʃtˈaʊ̯̃nəˤ/,null*/ʃtˈɔ̃ɲa/,null*/ʃtnɲˈa/,null*/ʃtˈãnɲa/,null*/ʃˈala/,null*/kɯːʃˈala/,null*/ʃtˈilbɪ/,null*/ʃˈala/,null*/pɪɾɪʃtˈɔlɪ/,null*/ʃtˈɛːʎa/,null*/ʃtʃəˤ/,null*/ʃtˈiɾɪ/,null*/ʃtxma/,null*/ʃtɾˈĩɲa/,null*/pˈi/,null*/rːˈỹməˤ/,null*/rːˈũmɪ/,null*/ʝˈɛːɾpɐɾ̃ɪ/,null*/əpˈɛ̃ɲɛ/,null*/ʝˈiɾbja/,null*/ʃɪɾbˈitɪ/,null*/ʃˈɛɾma/,null*/ʝˈalpəˤ/,null*/ʝˈilχβɛ/,null*/nˈœsᵝɪ/,null*/ɲˈata/,null*/nˈitɪ/,null*/nˈy/,null*/ɲˈãma/,null*/nˈaʃ/,null*/nˈɛʃ/,null*/nˈɔʃɪ/,null*/nˈɔʃa/,null*/ə̃nbɪʎˈaða/,null*/lˈɔsɪ/,null*/lˈɔða/,null*/lˈɔðəˤ/,null*/lˈɔðsəˤ/,null*/lˈɔdɾa/,null*/lˈiða/,null*/xlˈɛɟɪ/,null*/lˈiɟɪ/,null*/ləθˈitɪ/,null*/lˈũməˤ/,null*/lˈuɡʃ/,null*/lˈuɡa/,null*/lˈɛːɡta/,null*/ʎˈaa/,null*/lˈɛːxma/,null*/ʎˈaːxməˤ/,null*/lˈũmɪ/,null*/lˈœːdɾɪ/,null*/luˈisa/,null*/rːˈuða/
R315,,,,,,,,,,,,,,,,,,,,,,,,,,,,,,,,,,,,,,,,,,,,,,,,,,,,,,,,,,,,,,,,,,,,,,,,,,,,,,,,,,,,,,,,,,,,,,,,,,,,,,,,,,,,,,,,,,,,,,,,,,,,,,,,,,,,,,,,,,,,,,,,,,,,,,,,,,,,,,,,,,,,,,,,,,,,,,,,,,,,,,,,,,,,,,,,,,,,,,,,,,,,,,,,,,,,,,,,,,,,,,,,,,,,,,,,,,,,,,,,,,,,,,,,,,,,,,,,,,,,,,,,,,,,,,,,,,,,,,,,,,,,,,,,,,,,,,,,,,,,,,,,,,,,,,,,,,,,,,,,,,,,,,,,,,,,,,,,,,,,,,,,,,,,,,,,,,,,,,,,,,,,,,,,,,,,,,,,,,,,,,,,,,,,,,,,,,,,,,,,,,,,,,,,,,,,,,,,,,,,,,,,,,,,,,,,,,,,,,,,,
R316,,,,,,,,,,,,,,,,,,,,,,,,,,,,,,,,,,,,,,,,,,,,,,,,,,,,,,,,,,,,,,,,,,,,,,,,,,,,,,,,,,,,,,,,,,,,,,,,,,,,,,,,,,,,,,,,,,,,,,,,,,,,,,,,,,,,,,,,,,,,,,,,,,,,,,,,,,,,,,,,,,,,,,,,,,,,,,,,,,,,,,,,,,,,,,,,,,,,,,,,,,,,,,,,,,,,,,,,,,,,,,,,,,,,,,,,,,,,,,,,,,,,,,,,,,,,,,,,,,,,,,,,,,,,,,,,,,,,,,,,,,,,,,,,,,,,,,,,,,,,,,,,,,,,,,,,,,,,,,,,,,,,,,,,,,,,,,,,,,,,,,,,,,,,,,,,,,,,,,,,,,,,,,,,,,,,,,,,,,,,,,,,,,,,,,,,,,,,,,,,,,,,,,,,,,,,,,,,,,,,,,*/lˠˈɔsɪ/,,,,,,,,,,,,,,,,,,,
R317,,,,,,,,,,,,,,,*/kʎˈœ̃ːɲa/,,,,,,,,,,,,,,,,,,,,,,,,,,,,,,,,,,,,,,,,,,,,,,,,,,,,,,,,,,,,,,,,,,,,,,,,,,,,,,,,,,,,,,,,,,,,,,,,,,,,,,,,,,,,,,,,,,,,,,,,,,,,,,,,,,,,,,,,,,,,,,,,,,,,,,,,,,,,,,,,,,,,,,,,,,,,,,,,,,,,,,,,,,,,,,,,,,,,,,,,,,,,,,,,,,,,,,,,,,,,,,,,,,,,,,,,,,,,,,,,,,,,,,,,,,,,,,,,,,,,,,,,,,,,,,,,,,,,,,,,,,,,,,,,,,,,,,,,,,,,,,,,,,,,,,,,,,,,,,,,,,,,,,,,,,,,,,,,,,,,,,,,,,,,,,,,,,,,,,,,,,,,,,,,,,,,,,,,,,,,,,,,,,,,,,,,,,,,,,,,,,,,,,,,,,,,,,,,,,,,,,,,,,
R318,,,,,,,,,,,,,,,,,,,,,,,,,,,,,,,,,,,,,,,,,,,,,,,,,,,,,,,,,,,,,,,,,,,,,,,,,,,,,,,,,,,,,,,,,,,,,,,,,,,,,,,,,,,,,,,,,,,,,,,,,,,,,,,,,,,,,,,,,,,,,,,,,,,,,,,,,,,,,,,,,,,,,,,,,,,,,,,,,,,,,,,,,,,,,,,,,,,,,,,,,,,,,,,,,,,,,,,,,,,,,,,,,,,,,,,,,,,,,,,,,,,,,,,,*/bˈiɾɾɐ/,,,,,,,,,,,,,,,,,,,,,,,*/bˈɛɾɾɐ/,,,,,,,,,,,,,,,,,,,,,,,,,,,,,,,,,,,,,,,,,,,,,,,,,,,,,,,,,,,,,,,,,,,,,,,,,,,,,,,,,,,,,,,,,,,,,,,,,,,,,,,,,,,,,,,,,,,,,,,,,,,,,,,,,,,,,,,,,,,,,,,,,,,,,,,,,,,,,,,,,,,,,,,,,,
R319,,,,,,,,,,,,,,,,,,,,,,,,,,,,,,,,,,,,,,,,,,,,,,,,,,,,,,,,,,,,,,,,,,,,,,,,,,,,,,,,,,,,,,,,,,,,,,,,,,,,,,,,,,,,,,,,,,,,,,,,,,,,,,,,,,,,,,,,,,,,,,,,,,,,,,,,,,,,,,,,,,,,,,,,,,,,,,,,,,,,,,,,,,,,,,,,,,,,,,,,,,,,,,,,,,,,,,,,,,,,,,,,,,,,,,,,,,,,,,,,,,,,,,,,,,,,,,,,,,,,,,,,,,,,,,,,,,,,,,,,,,,,,,,,,,,,,,,,,,,,,,,,,,,,*/ɐʃtuːpjˈɛtɪ/,,,,,,,,,,,,,,,,,,,,,,,,,,,,,,,,,,,,,,,,,,,,,,,,,,,,,,,,,,,,,,,,,,,,,,,,,,,,,,,,,,,,,*/kuːʃˈala/,,,,,,,,,,,,,,,,,,,,,,,,,,,,,,,,,,,,,,,,,,,,,,,,
R320,,,,,,,,,,*/θˈɛlˠəˤ/,,,,,,,,,,,,,,,,,,,,,,,,,,,,,,,,,,,,,,,,,,,,,,,,,,,,,,,,,,,,,,,,,,,,,,,*/dɪ?1ˈelˠəˤ/,,,,,,,,,,,,,,,,,,,,,,,,,,,,,,,,,,,,,,,,,,,,,,,,,,,,,,,*/ˈɔːʊ̯lˠəˤ/,,,,,,,,,,,,,,,,,,,*/sᵝɪlˠəθˈãmːəˤ/,,,,,,,,,,,,,,,,,,,,,,,,,,,,,,,,,,,,,,*/βˈɛlˠətɪ/,,,*/dɪzˈalˠɐtəˤ/,,,,,,,,,,,,,,,,,,,,,,,,,,,,,,,,,,,*/pˈalˠəˤ/,,,,,,,,,,,,,,,,,,,,,,,,,,,,,,,,,,,,,,,,,,,,,,,,,,,,,,,,,,,,,,,,*/mˈɛlˠətəˤ/,,,,,,,,,,,,,,,,,,,,,,,,,,,,,,,,,,,,,,,,,,,,,,,,,,,,,,,,,,,,,,,,,,,,,,,,,,,,,,,,,,,,,,,,,,,,,,,,,,,,,,,,,,,,,,,,,,,,,,,,,,,,,,,,,,,,,,,,,,,,,,,,,,
R321,,,,,,,,,,,,,,,,,,,,,,,,,*/nːˈũːnɪ/,,,*/dɪ̃mˈɛ̃ːɾ̃ɪ/,*/dβˈɛ̃ːɾ̃ɪ/,,,,,,,,,,*/dˈɔːɾɪ/,,,,,,,,,,,,,,,,,,,,,,,,,,,,,,,,,,,,,,,,,,,,,,,,,,,,,,,,,,,,,,,,,,,,,,,,,,,,,,,,,,,,,,,,*/nːˈɛːɾ/,,,,,,,,,,,,,,,,,,,,,,,,*/kˈuːɾ/,,,,,,,,,,,,,,,,,,,,,,,,,,,,,,,,,,,,,,,,,,,,,,,,,,,,,,,,,,,,,,,,,,,,,,,,,,,,,,,,,,,,,,,,,,,,,,,,,,,,,,,,,,,,,,,,,,,,,,,,,,,,,,,,,,,,,,,,,,,,,,,,,,,,,,,,,,,,,,,,,,,,,,,,,,,,,,,,,,,,,,,,,,*/dɾˈũːnɪ/,*/dɾˈũːnɪ/,,,,,,,,,,,,,,,,,,*/dβˈɔːɾɪ/,,,*/θˈiːɾɪ/,,,,,,,,,,,,,,,,,,,,,,,,,,,,,,,,,,,,,,,,*/ʃtˈiːɾɪ/,,,,,,,,,,,,,,,,,,,,,,,,,,,,,,,,,,,,,,,,,,
R322,,,,,,,,,,,,,,,,,,,,,,,,,,,,,,,,,,,,,,,,,,,,,,,,,,,,,,,,,,,,,,,,,,,,,,,,,,,,,,,,,,,,,,,,,,,,,,,,,,,,,,,,,,,,,,,,,,,,,,,,,,,,,,,,,,,,,,,,,,,,,,,,,,,,,,,,,,,,,,,,,,,,,,,,,,,,,,,,,,,,,,,,,,,,,,,,,,,,,,,,,,,,,,,,,,,,,,,,,,,,,,,,,,,,,,,,,,,,,,,,,,,,,,,,,,,,,,,,,,,,,,,*/ə̃nbˈũnːɘʃtɪ/,,,,,,,,,,,,,,,,,,,,,,,,,,,,,,,,,,,,,,,,,,,,,,,,,,,,,,,,,,,,,,,,,,,,,,,,,,,,,,,,,,,,,,,,,,,,,,,,,,,,,,,,,,,,,,,,,,,,,,,,,,,,,,,,,,,,,,,,,,,,,,,,,,,,,,,,,,,,,,,,,,,,,,,,,,,,,,,,,,
R323,,,,,,,,,,,,,,,,,,,,,,,,,,,,,,,,,,,,,,,,,,,,,,,,,,,,,,,,,,,,,,,,,,,,,,,,,,,,,,,,,,,,,,,,,,,,,,,,,,,,,,,,,,,,,,,,,,,,,,,,,,,,,,,,,,,,,,,,,,,,,,,,,,,,,,,,,,,,,,,,,,,,,,,,,,,,,,,,,,,,,,,,,,,,,,,,,,,,,,,,,,,,,,,,,,,,,,,,,,,,,,,,,,,,,,,,,,,,,,,,,,,,,,,,,,,,,,,,,,,,,,,,,,,,,,,,,,,*/blˈaða/,,,,,,,,,,,,,,,,,,,,,,,,,,,,,,,,,,,,,,,,,,,,,,,,,,,,,,,,,,,,,,,,,,,,,,,,,,,,,,,,,,,,,,,,,,,,,,,,,,,,,,,,,,,,,,,,,,,,,,,,,,,,,,,,,,,,,,,,,,,,,,,,,,,,,,,,,,,,,,,,*/lˈaa/,,*/lˈaːxməˤ/,,,,
R324,,,,,,,,,,,,,,,,,,,,,,,,,,,,,,,,,,,,,,,,,,,,,,,,,,,,,,,,,,,,,,,,,,,,,,,,,,,,*/cˈɛlˠabʃ/,*/cˈelˠa/,,,,,,,,,,,,,,,,,,,,,,,,,,,,,,,*/χβˈilˠa/,,,*/xβˈilˠa/,,,,,,,,,,,,,,,,,,,,,,,,,,,,,,,*/sᵝˈilˠa/,*/ˈəˤsᵝəlˠa/,,,,,,,*/kˈɔlˠa/,,*/sᵝˈalˠa/,,,,,,,,,,,,,,,,,,,,,,,,,,,,,,,,,,,,,,,,*/βˈɔlˠa/,,*/βˈalˠa/,,,*/dɪʃɪ̃ntɪɾbˈalˠa/,,,,,,,,,,,,,,,,,,,,,,,,,,,,,,,,,,,*/pˈalˠa/,,*/ʝɪðɸˈalˠa/,,,,,,,,,,,,,,,,,,,,,,,,,,,,,,,,,,,,,,,,,,,,,,,,,,,,,,,,,,,,,,,*/ə̃mbəlˠˌaχβˈɘ̃ɲa/,,,,,,,,,,,,,,,,,,,,,,,,,,,,,,,,,,,,,,,,,,,,,,,,,,,,,,,,,,,,,,,,,,,*/ʝˈɔlˠa/,,,,*/?1ˈɛlˠa/,,,,,,,,,,,,,,,,,,,*/ʃtˈylˠa/,,,,,*/ʃˈalˠa/,*/kuːʃˈalˠa/,,*/ʃˈalˠa/,,,,,,,,,,,,,,,,,,,,,,,,,,,,,,,,,,,,,,,,,,,,,,
R325,,,,,,,,,,,,,,,,,,,,,,,,,,,,,,,,,,,,,,,,,,,,,,,,,,,,,,,,,,,,,,,,,,,,,,,,,,,,,,,,,,,,,,,,,,,,,,*/?1̬ˈeɾða/,,,,,,,,,,,,,,,,,,,,,,,,,,,,,,,,,,,,,,,,,,,,,,,,,,,,,,,,,,,,,,,,,,,,,,,,,,,,,,,,,,,,,,,,,,,,,,,,,,,,,,,,,,,,,,,,,,,,,,,,,,,,,,,,,,,,,,,,,,,,,,,,,,,,,,,*/ðɸˈɛʎa/,,,,,,,,,,,,,,,,,,,,,,,,,,,,,,,,,,,,,,,,,,,,,,,,,,,,,,,,,,,,,,,*/ʃtuːpjˈɛtɪ/,,,,,,,,,,,,,,,,,,,,,,,,,,,,,,,,,,,,,,,,,,,,,,,,,,,,,,,,,,,,,,,,,,,,,,,,,,,,,,,,,,,,,,,,,,,,,,,,,,,,,,,,,,,,,,,,,,,,,,,,,,,,,,,,,,,,,
R326,,,,,,,,,,,,,,,,,,,,,,,,,,,,,,,,,,,,,,,,,,,,,,,,,,,,,,,,,,,,,,,,,,,,,,,,,,,,,,,,,,,,,,,,,,,,,,,,,,,,,,,,,,,,,,,,,,,,,,,,,,,,,,,,,,,,,,,,,,,,,,,,,,,,,,,,,,,,,,,,,,,,,,,,,,,,,,,,,,,,,,,,,,,,,,,,,,,,,,,,,,,,,,,,,,,,,,,,,,,,,,,,,,,,,,,,,,,,,,,,,,,,,,,,,,,,,,,,,,,,,,,,,,,,,,,,,,,,,,,,,,,,,,,,,,,,,,,,,,,,,,,,,,,,,,,,,,,,,,,,,,,,,,,,,,,,,,,,,,,,,,,,,,,,,,,,,,,,,,,,,,,,,,,,,,,,,,,,,,,,,,,,,,,,,,,,,,,,,,,,,,,,,,,,,,,,,,,,,,,,,,,,,,,,,,,,,,,,,,,,,
R327,,,,,,,,,,,,,,,,,,,,,,,,,,,,,,,,,,,,,,,,,,,,,,,,,,,,,,,,,,,,,,,,,,,,,,,,,,,,,,,,,,,,,,,,,,,,,,,,,,,,,,,,,,,,,,,,,,,,,,,,,,*/ˈãːja/,,,,,,,,,,,,,,,,,,,,,,,,,,,,,,,,,,,,,,,,,,,,,,,,,,,,,,,,,,,,,,,,,,,,,,,,,,,,,,,,,,,,,,,,,,,,,,,,,,,,,,,,,,,,,,,,,,,,,,,,,,,,,,,,,,,,,,,,,,,,,,,,,,,,,,,,,,,,,,,,,,,,,,,,,,,,,,,,,,,,,,,,,,,,,,,,,,,,,,,,,,,,,,,,,,,,,,,,,,,,,,,,,,,,,,,,,,,,,,,,,,,,,,,,,,,,,,,,,,,,,,,,,,,,,,,,,,,,,,,,,,,,,,,,,,,,,,,,,,,,,,,,,,,,,,,,,,,,,,,
R328,,,,,,,,,,,,,,,,,,,,,,,,,,,,,,,,,,,,,,,,,,,,,,,,,,,,,,,,,,,,,,,,,,,,,,,,,,,,,,,,,,,,,,,,,,,,,,,,,,,,,,,,,,,,,,,,,,,,,,,,,,,,,,,,,,,,,,,,,,,,,,,,,,,,,,,,,,,,,,,,,,,,,,,,,,,,,,,,,,,,,,,,,,,,,,,,,,,,,,,,,,,,,,,,,,,,,,,,,,,,,,,,,,,,,,,,,,,,,,,,,,,,,,,,,,,,,,,,,,,,,,,,,,,,,,,,,,,,,,,,,,,,,,,,,,,,,,,,,,,,,,,,,,,,,,,,,,,,,,,,,,,,,,,,,,,,,,,,,,,,,,,,,,,,,,,,,,,,,,,,,,,,,,,,,,,,,,,,,,,,,,,,,,,,,,,,,,,,,,,,,,,,,,,,,,,,,,,,,,,,,,,,,,,,,,,,,,,,,,,,,
R329,,,,,,,,,,,,,,,,,,,,,,,,,,,,,,,,,,,,,,,,,,,,,,,,,,,,,,,,,,,,,,,,,,,,,,,,,,,,,,,,,,,,,,,,,,,,,,,,,,,,,,,,,,,,,,,,,,,,,,,,,,,,,,,,,,,,,,,,,,,,,,,,,,,,,,,,,,,,,,,,,,,,,,,,*/zˈɛɲa/,,,,,,,,,,,,,,,,,,,,,,,,,,,,,,,,,,,,,,,,,,,,,,,,,,,,,,,,,,,,,,,,,,,,,,,,,,,,,,,,,,,,,,,,,,,,,,,,,,,,,,,,,,,,,,,,,,,,,,,,,,,,,,,,,,,,,,,,,,,,,,,,,,,,,,,,,,,,,,,,,,,,,,,,,,,,,,,,,,,,,,,,,,,,,,,,,,,,,,,,,,,,,,,,,,,,,,,,,,,,,,,,,,,,,,,,,,,,,,,,,,,,,,,,,,,,,,,,,,,,,,,,,,,,,,,,,
R330,,,,,,,,,,,,,,,,,,,,,,,,,,,,,,,,,,,,,,,,,,,,,,,,,,,,,,,,,,,,,,,,,,,,,,,,,,,,,,,,,,,,,,,,,,,,,,,,,,,,,,,,,,,,,,,,,,,,,,,,,,,,,,,,,,,,,,,,,,,,,,,,,,,,,,,,,,,,,,,,,,,,,,,,,,,,,,,,,,,,,,,,,,,,,,,,,,,,,,,,,,,,,,,,,,,,,,,,,,,,,,,,,,,,,,,,,,,,,,,,,,,,,,,,,,,*/bɲˈitɪ/,*/bɲˈiʃɪ/,*/bɲˈa/,,,,,,,,,,,,,,,,,,,,,,,,,,,,,,,,,,,,,,,,,,,,,,,,,,,,,,,,,,,,,,,,,,,,,,,,,,,,,,,,,,,,,,,,,,,,,,,,,,,,,,,,,,,,,,,,,,,,,,,,,,,,,,,,,,,,,,,,,*/ʃtɲˈa/,*/ʃtˈãɲa/,,,,,,,,,,,,,,,,,,,,,,,,,,,,,,,,,,,,,,,,,,,,,,,,,,
R331,,,,,,,,,,,,,,,,,,,,,,,,,,,,,,,,,,,,,,,,,,,,,,,,,,,,,,,,,,,,,,,,,,,,,,,,,,,,,,,,,,,,,,,,,,,,,,,,,,,,,,,,,,,,,,,,,,,,,,,,,,,,,,,,,,,,,,,,,,,,,,,,,,,,,,,,,,,,,,,,,,,,,,,,,,,,,,,,,,,,,,,,,,,,,,,,,,,,,,,,,,,,,,,,,,,,,,,,,,,,,,,,,,,,,,,,,,,,,,,,,,,,,,,,,,,,,,,,,,,,,,,,,,,,,,,,,,,,,,,,,,,,,,,,,,,,,,,,,,,,,,,,,,,,,,,,,,,,,,,,,,,,,,,,,,,,,,,,,,,,,,,,,,,,,,,,,,,,,,,,,,,,,,,,,,,,,,,,,,,,,,,,,,,,,,,,,,,,,,,,,,,,,,,,,,,,,,,,,,,,,,,,,,,,,,,,,,,,,,,,,
R332,,,,,,,,,,,,,,,,,,,,,,,,,,,,,,,,,,,,,,,,,,,,,,,,,,,,,,,,,,,,,,,,,,,,,,,,,,,,,,,,,,,,,,,,,,,,,,,,,,,,,,,,,,,,,,,,,,,,,,,,,,,,,,,,,,,,,,,,,,,,,,,,,,,,*/sᵝˈiʃə/,,,,,,,,,,,,,,,,,,,,,,,,,,,,,,,,,,,,,,,,,*/βˈɛːtəθɪ/,,,,,,,,,,,,,,,,,,,,,,,,,,,,,,,,,,,,,,,,,,,,,,,,,,,,,,,,,,,,,,,,,,,,,,,,,,,,,,,,,,,,,,,,,,,,,,,,,*/mˈɔʃə/,,,,,,,,,,*/mˈɛlχβə/,,,,,*/ʝə̃ntˈikβə/,,,,*/tə/,,,,,,,,,,,,,,,,,,,,,,,,,,,,,,,,,,,,,,,,,,,,,,,,*/ˈẽnːɪzətɪ/,,,,,,,,,,,,,,,,,,,*/θˈyʃə/,,,,,,,,,,,,,,,,,,,,,,,,,,,,,,,,,,*/əpˈɛ̃ɲə/,,,,,*/ʝˈilχβə/,,,,,,,,,,,,,,,,,,,,,,,,,,,,,,
R333,,,,*/θkmˈɛdʃ/,,,,,,,,,,,,,,,,,,,,,,,,,,,,,,,,,,,,,,,,,,,,,,,,,,,,,,,,,,,,,,,,,,,,,,*/kɟˈɔ̃ɲɪ/,,,,,,,,,,,,,,,,,,,,,,,,,,,,,,,,,,,,,,,,,,,,,,,,,,,,,,,,,,,,,,,,,,,,,,,,,,,,,,,,,,,,,,,,*/ˈãnɡkmɪ/,,,,,,,,,,,,,,,,,,,,,,,,,,,,,,,,,,,,,,,,,,,,,,,,,,,,*/pˈaʃɟəˤ/,,,,,,,,,,,,,,,,,,,,,,,,,,,,,,,,,,,,,,,,,,,,,,,,,,,,,,,,,,,,,,,,,,,,,,,,,,,,,,,,,,,,,,,,,,,,,,,,,,,,,,,,,,,,,,,,,,,,,,,,,,,,,,,,,,,,,,,,,,,,,,,,*/ʃkˈeʃ/,,,,,,,,,,,,,,,,,,,,,,,,,,,,,,,,,,,,,,,,,,*/ʃtkma/,,,,,,,,,,,,,,,,,,,,,,,,,,,,,,,,,,,,,,,,,
R334,,,,,,,,,,,,,,,,,,,,,,,,,,,,,,,,,,,,,,,,,,,,,,,,,,,,,,,,,,,,,,,,,,,,,,,,,,,,,,,,,,,,,,,,,,,,,,,,,,,,,,,,,,,,,,,,,,,,,,,,,,,,,,,,,,,,,,,,,,,,,,,,,,,,,,,,,,,,,,,,,,,,,,,,,,,,,,,,,,,,,,,,,,,,,,,,,,,,,,,,,,,,,,,,,,,,,,,,,,,,,,,,,,,,,,,,,,,,,,,,,,,,,,,,,,,,,,,,,,,,,,,,,,,,,,,,,,,,,,,,,,,,,,,,,,,,,,,,,,,,,,,,,,,,,,,,,,,,,,,,,,,,,,,,,,,,,,,,,,,,,,,,,,,,,,,,,,,,,,,,,,,,,,,,,,,,,,,,,,,,,,,,,,,,,,,,,,,,,,,,,,,,,,,,,,,,,,,,,,,,,,,,,,,,,,,,,,,,,,,,,
R335,,,,,,,,,,,,,,,,,,,,,,,,,,,,,,,,,,,,,,,,,,,,,,,,,,,,,,,,,,,,,,,,,,,,,,,,,,,,,,,,,,,,,,,,,,,,,,,,,,,,,,,,,,,,,,,,,,,,,,,,,,,,,,,,,,,,,,,,,,,,,,,,,,,,,,,,,,,,,,,,,,,,,,,,,,,,,,,,,,,,,,,,,,,,,,,,,,,,,,,,,,,,,,,,,,,,,,,,,,,,,,,,,,,,,,,,,,,,,,,,,,,,,,,,,,,,,,,,,,,,,,,,,,,,,,,,,,,,,,,,,,,,,,,,,,,,,,,,,,,,,,,,,,,,,,,,,,,,,,,,,,,,,,,,,,,,,,,,,,,,,,,,,,,,,,,,,,,,,,,,,,,,,,,,,,,,,,,,,,,,,,,,,,,,,,,,,,,,,,,,,,,,,,,,,,,,,,,,,,,,,,,,,,,,,,,,,,,,,,,,,
R336,,,,,,,,,,,,,,,,,,,,,,,,,,,,,,,,,,,,,,,,,,,,,,,,,,,,,,,,,,,,,,,,,,,,,,,,,,,,,,,,,,,,,,,,,,,,,,,,,,,,,,,,,,,,,,,,,,,,,,,,,,,,,,,,,,,,,,,,,,,,,,,,,,,,,,,,,,,,,,,,,,,,,,,,,,,,,,,,,,,,,,,,,,,,,,,,,,,,,,,,,,,,,,,,,,,,,,,,,,,,,,,,,,,,,,,,,,,,,,,,,,,,,,,,,,,,,,,,,,,,,,,,,,,,,,,,,,,,,,,,,,,,,,,,,,,,,,,,,,,,,,,,,,,,,,,,,,,,,,,,,,,,,,,,,,,,,,,,,,,,,,,,,,,,,,,,,,,,,,,,,,,,,,,,,,,,,,,,,,,,,,,,,,,,,,,,,,,,,,,,,,,,,,,,,,,,,,,,,,,,,,,,,,,,,,,,,,,,,,,,,
R337,,,,,,,,,,,,,,,,,,,,,,,,,,,,,,,,,,,,,,,,,,,,,,,,,,,,,,,,,,,,,,,,,,,,,,,,,,,,,,,,,,,,,,,,,,,,,,,,,,,,,,,,,,,,,,*/χβˈarːəˤ/,,,,,,,,,,,,,,,,,,,,,,,,,,,,*/məˈarːa/,*/məˈarːəʃɪ/,*/məˈarːətɪ/,,,,,,,,,,,,,,,,*/kˈɔrːa/,,,,,,,,*/ə̃nɡrːnəˤ/,,,*/zˈɛrːɪʃ/,,,,,,,,,,,,,,,,,,,,,,,,,,,,,,,,,,,,,,,,,*/ˈurːa/,,,,,,,,,,,,,,,,,,,,,,,,,,,,,,,,,,,,,,,,,,,,,,,,,,,,,,,,,,,,,,*/bˈarːa/,,,,,,,,,,,,,,,,,,,,,,,,,,,,,,,,,,,,,,,,,,,,,,,,,,,,,*/t͡sˈarːa/,*/t͡ʃˈarːəˤ/,,,,,,,,,,,,,,,,,,,,,,,,,,,,,,,,,,,,,,,,,,,,,,,,,,,,,,,,,,,,,,,,,,,,,,,,,,,,,,,,,,,,,,,,,,,,,,,,,,,,,,,,,,,,,,,,,,,,,
R338,,,,,,,,,,,,,,,,,,,,,,,,,,,,,,,,,,,,,,,,,,,,,,,,,,,,,,,,,,,,,,,,,,,,,,,,,,,,,,,,,,,,,,,,,,,,,,,,,,,,,,,,,,,,,,,,,,,,,,,,,,,,,,,,,,,,,,,,,,,,,*/mˈɔrːɪ/,,,,,,,,,,,,,,,,,*/ɡˈarːɪ/,,,,,,,,,,,,,,,,,,,,,,,,,,,,,,,,,,,,,,,,,,,*/βˈɛrːɐɾ̃a/,,,,,,*/βˈɛrːɐɾ̃a/,,,,,,,,,,,,,,,,,,,,,,,,,,,,,,,,,*/ɸˈɛrːɪ/,,,,,,,,*/bˈirːɐ/,,,,,,,,,,,,,,,,,,,,,,,*/bˈɛrːɐ/,*/bˈɔrːɪ/,*/bˈirːa/,,,,,,,,,,,,,,*/mˈirːəˤ/,,,,,,,,,,,,,,,,,,,,,,,,,,,,,,,,,,,,,,,,,,,,,,,,,,,,,,,,,,,,,,,,,,,,,,,,,,,,,,,,,,,,,,,,,,,,,,,,,,,,,,,,,,,,,,,,,,,,,,,,,,,,,,,,,,,,,,,,,,,,,,,,,,,,,,,,,,
R339,,,,,,,,,,,,,,,,,,,,,,,,,,,,,,,,,,,,,,,,,,,,,,,,,,,,,,,,,,,,,,,,,,,,,,,,,,,,,,,,,,,,,,,,,,,,,,,,,,,,,,,,,,,,,,,,,,,,,,,,,,,,,,,,,,,,,,,,,,,,,,,,,,,,,,,,,,,,,,,,,,,,,,,,,,,,,,,,,,,,,,,,,,,,,,,,,,,,,,,,,,,,,,,,,,,,,,,,,,,,,,,,,,,,,,,,,,,,,,,,,,,,,,,,,,,,,,,,,,,,,,,,,,,,,,,,,,,,,,,,,,,,,,,,,,,,,,,,,,,,,,,,,,,,,,,,,,,,,,,,,,,,,,,,,,,,,,,,,,,,,,,,,,,,,,,,,,,,,,,,,,,,,,,,,,,,,,,,,,,,,,,,,,,,,,,,,,,,,,,,,,,,,,,,,,,,,,,,,,,,,,,,,,,,,,,,,,,,,,,,,
R340,,,,,,,,,,,,,,,,,,,,,,,,,,,,,,,,,,,,,,,,,,,,,,,,,,,,,,,,,,,,,,,,,,,,,,,,,,,,,,,,,,,,,,,,,,,,,,,,,,,,,,,,,,,,,,,,,,,,,,,,,,,,,,,,,,,,,,,,,,,,,,,,,,,,,,,,,,,,,,,,,,,,,,,,,,,,,,,,,,,,,,,,,,,,,,,,,,,,,,,,,,,,,,,,,,,,,,,,,,,,,,,,,,,,,,,,,,,,,,,,,,,,,,,,,,,,,,,,,,,,,,,,,,,,,,,,,,,,,,,,,,,,,,,,,,,,,,,,,,,,,,,,,,,,,,,,,,,,,,,,,,,,,,,,,,,,,,,,,,,,,,,,,,,,,,,,,,,,,,,,,,,,,,,,,,,,,,,,,,,,,,,,,,,,,,,,,,,,,,,,,,,,,,,,,,,,,,,,,,,,,,,,,,,,,,,,,,,,,,,,,
R341,,,,,,,,,,,,,,,,,,,,,,,,,,,,,,,,,,,,,,,,,,,,,,,,,,,,,,,,,,,,,,,,,,,,,,,,,,,,,,,,,,,,,,,,,,,,,,,,,,,,,,,,,,,,,,,,,,,,,,,,,,,,,,,,,,,,,,,,,,,,,,,,,,,,,,,,,,,,,,,,,,,,,,,,,,,,,,,,,,,,,,,,,,,,,,,,,,,,,,,,,,,,,,,,,,,,,,,,,,,,,,,,,,,,,,,,,,,,,,,,,,,,,,,,,,,,,,,,,,,,,,,,,,,,,,,,,,,,,,,,,,,,,,,,,,,,,,,,,,,,,,,,,,,,,,,,,,,,,,,,,,,,,,,,,,,,,,,,,,,,,,,,,,,,,,,,,,,,,,,,,,,,,,,,,,,,,,,,,,,,,,,,,,,,,,,,,,,,,,,,,,,,,,,,,,,,,,,,,,,,,,,,,,,,,,,,,,,,,,,,,
R342,,,,,,,,,,,,,,,,,,,,,,,,,,,,,,,,,,,,,,,,,,,,,,,,,,,,,,,,,,,,,,,,,,,,,,,,,,,,,,,,,,,,,,,,,,,,,,,,,,,,,,,,,,,,,,,,,,,,,,,,,,,,,,,,,,,,,,,,,,,,,,,,,,,,,,,,,,,,,,,,,,,,,,,,,,,,,,,,,,,,,,,,,,,,,,,,,,,,,,,,,,,,,,,,,,,,,,,,,,,,,,,,,,,,,,,,,,,,,,,,,,,,,,,,,,,,,,,,,,,,,,,,,,,,,,,,,,,,,,,,,,,,,,,,,,,,,,,,,,,,,,,,,,,,,,,,,,,,,,,,,,,,,,,,,,,,,,,,,,,,,,,,,,,,,,,,,,,,,,,,,,,,,,,,,,,,,,,,,,,,,,,,,,,,,,,,,,,,,,,,,,,,,,,,,,,,,,,,,,,,,,,,,,,,,,,,,,,,,,,,,
R343,,,,,,,,,,,,,,,,,,,,,,,,,,,,,,,,,,,,,,,,,,,,,,,,,,,,,,,,,,,,,,,,,,,,,,,,,,,,,,,,,,,,,,,,,,,,,,,,,,,,,,,,,,,,,,,,,,,,,,,,,,,,,,,,,,,,,,,,,,,,,,,,,,,,,,,,,,,,,,,,,,,,,,,,,,,,,,,,,,,,,,,,,,,,,,,,,,,,,,,,,,,,,,,,,,,,,,,,,,,,,,,,,,,,,,,,,,,,,,,,,,,,,,,,,,,,,,,,,,,,,,,,,,,,,,,,,,,,,,,,,,,,,,,,,,,,,,,,,,,,,,,,,,,,,,,,,,,,,,,,,,,,,,,,,,,,,,,,,,,,,,,,,,,,,,,,,,,,,,,,,,,,,,,,,,,,,,,,,,,,,,,,,,,,,,,,,,,,,,,,,,,,,,,,,,,,,,,,,,,,,,,,,,,,,,,,,,,,,,,,,
R344,,,,*/θkmˈɛt͡ʃ/,,,,,,,,,,,,,,,,,,,,,,,,,,,,,,,,,,,,,,,,,,,,,,,,,,,*/ʝˈit͡ʃɪ/,,,,,,,,,,,,,,,,,,,,,,,,,,,,,,,,,,,,,,,,,,,,,,,,,,,,,,,,,,,,,,,,,,,,,,,,,,,,,,,,,,,,,,,,,,,,,,,,,,,,,,,,,,,,,,,,,,,,,,,,,,,,,,,,,,,,*/βˈɛːt͡ʃɪ/,,,,,,,,,,,,,,,,,,,,,,,,*/pˈɛːt͡ʃa/,,,,,,,,,,,,*/pˈɛːt͡ʃɪ/,,,*/plˈat͡ʃ/,,,,,,,,,,,,,,,,,,,,,,,,,,,,,,,,,,,,,,,,,,,,,,,,,,,,,,,,,,,,,,,,,,,*/mˈat͡ʃ/,,,,,,,,,,,,,,,,,,,,,,,,,,,,,,,,,,,,,,,,,,,,,,,,,,,,,,,,,,,,,,,,,,,,,,,,,,,,,,,,,,,,,,,,,,,,,,,,,,,,,,,,,*/ʃt͡ʃəˤ/,,,,,,,,,,,,,,,,,,,,,,,,,,,,,,,,,,,,,,,,,,,
R345,,,,,,,,,,,,,,,,,,,,,,,,,,,,,,,,,,,,,,,,,,,,,,,,,,,,,,,,,,,,,,,,,,,,,,,,,,,,,,,,,,,,,,,,,,,,,,,,,,,,,,,,,,,,,,,,,,,,,,,,,,,,,,,,,,,,,,,,,,,,,,,,,,,,,,,,,,,,,,,,,,,,,,,,,,,,,,,,,,,,,,,,,,,,,,,,,,,,,,,,,,,,,,,,,,,,,,,,,,,,,,,,,,,,,,,,,,,,,,,,,,,,,,,,,,,,,,,,,,,,,,,,,,,,,,,,,,,,,,,,,,,,,,,,,,,,,,,,,,,,,,,,,,,,,,,,,,,,,,,,,,,,,,,,,,,,,,,,,,,,,,,,,,,,,,,,,,,,,,,,,,,,,,,,,,,,,,,,,,,,,,,,,,,,,,,,,,,,,,,,,,,,,,,,,,,,,,,,,,,,,,,,,,,,,,,,,,,,,,,,,
R346,,,,,,,,,,,,,,,,,,,,,,*/ðxθˈitɪ/,*/ðxθˈiʃɪ/,,,,,,,,,,,,,,,,,,,,,,,,,,,,,,,,,,,,,,,,,,,,,,,,,,,,,,,,,,,,,,,,,,,,,,,,,,,,,,,,,,,,,,,,,,,,,,,,,,,,,,,,,,,,,,,,,,,,,,,,,,,,,,,,,,,,,,,,,,,,,,,,,,,,,,,,,,,,,,,,,,,,,,,,,,,,,,,,,,,,,,,,,,,,,,,,,,,,,,,,,,,,,,,,,,,,,,,,,,,,,,,,,,,,,,,,,,,,,,,,,,,,,,,,,,,,,,,,,,,,,,,,,,,,,,,,,,,,,,,,,,,,,,,,,,,,,,,,,,,,,,,,,,,,,,,,,,,,,,,,,,,,,,,,,,,,,,,,,,,,,,,,,,,,,,,,,,,,,,,,,,,,,,,,,,,,,,,,,,,,,,,,,,,,,,,,,,,,,,,,,,,,,,,,,,,,,,,,,,
R347,,,,,,,,,,,,,,,,,,,,,,,,,,,,,,,,,,,,,,,,,,,,,,,,,,,,,,,,,,,,,,*/ʝˈɛɾðtɪ/,,,,,,,,,,,,,,,,,,,,,,,,,,,,,,,,,,,,,,,,,,,,,,,,,,,,,,,,,,,,,,,,,,,,,,,,,,,,,,,,,,,,,,,,,,,,,,,,,,,,,,,,,,,,,,,,,,,,,,,,*/βˈɛðtɪ/,,,,,,*/βtˈɛːʃɪ/,,,,,,,,,,,,,,,,,,,,,,,,,,,,,,,,,,,,,,,,,,,,,,,,,,,,,,*/pˈɛɾðtɪ/,,,,,,,,,,,,,,,,,,,,,,,,,,,,,,,,,,,,,,,,,,,,,,,,,,,,,,,,,,,,,,,,,,,,,,,,,,,,,,,,,,,,,,,,,,,,,,,,,,,,,,,,,,,,,,,*/ˈẽnːɪztɪ/,,,,,,,,,,,,,,,,,,,,,,,,,,,,,,,,,,,,,,,,,,,,,,,,,,,,,,,,,,,,,,,,,,,,,,,,,,,,,,,,,,,,,,,,
R348,,,,,,,,,,,,,,,,,,,,,,,,,,,,,,,,,,,,,*/dˈɛːðsa/,,,,,,,,,,,,,,,,,,,,,,,,,,,,,,,,,,,,,,,,,,,,,,,,,,,,,,,,,,,,,,,,,,,,,,,,,,,,,,,,,,,,,,,,,,,,,,,,,,,,,,,,,,,,,,,,,,,,,,,,,,,,,,,,,,,,,,,,,,,,,,,,*/βˈɛːðʃɪ/,*/βˈɛːðtɪ/,,*/βˈɔːðʃa/,,,,,,,,,,,,,,,,,,,,,,,,,,,,,,,,,,,,,,,,,,,,,,,,,,,,,,,,,,,,,,,,,,,,,,,,,,,,,,,,,,,,,,,,,,,,,,,,,,,,,,,,,,,,,,,,,,,,,,,,,,,,,,,,,,,,,,,,,,,,,,,,,,,,,,,,,,,,,,,,,,,,,,,,,,,,,,,,,,,,,,,,,,,,,,,,,,,,,,,,,,,,,,,,,,,,,,,,,,,,,,,,,,,,,,,,,,,,,,,,,,,,,,,,,,,,,,,,,
R349,,,,,,,,,,,,,,,*/kʎˈỹəɲa/,,,,,,,,,,,,,*/dɪ̃mˈĩəɾ̃ɪ/,*/dβˈĩəɾ̃ɪ/,,,,,,,,*/dˈiəðsa/,,*/dˈuəɾɪ/,,,,,,,,,,,,,,*/ʝˈiətəɾɪ/,,,,,,,,,,,,,,,,,,,,,,,,,,,,,,,,,,,,,,,,,,*/ˈuətɾa/,,,,,,,,,,,,,,,,,,,,,,,,,,,,,,,,*/nːˈiəɾ/,,,,,,,,*/ˈuəʊ̯lɪ/,*/ˈuəʊ̯lˠəˤ/,,,,,,,,,,,,,,,,,,,,,,,,,,,,,,,,,,,,,,,,*/ʝˈiəʃtɐɾ̃a/,,,*/xɾˈiəkθɪ/,,*/βˈiəðʃɪ/,*/βˈiəðtɪ/,,*/βˈuəðʃa/,,,*/βˈiət͡ʃɪ/,*/βtˈiəʃɪ/,*/βˈiətəθɪ/,*/βˈiətɪ/,,,,,,,,,,,,,,,,,,,,,*/pˈiət͡ʃa/,,,,,,,,,,,,*/pˈiət͡ʃɪ/,,,,,,,,,,,,*/plˈiəʃtɪ/,,,,,,,,,,,,,,,,,,,,,,,,,*/bˈĩənːnɪ/,,,,,,,,,,,,,,,,,,,,,,,,,*/mə̃ntˈiəʃa/,,,,,,,,,,,,,,,,,,,,,,,,,,,,,,,,,,,,,,,,,,,*/ʝˈɨəðɐɾ̃əˤ/,,,,,,,,,,,,,,,,*/nːˈiəʃu/,,,,,,,,,,*/dˈĩəɲa/,,*/dβˈuəɾɪ/,,,,,,,,,,,,,,,,,,,,,,,,,,,,,,,,,,,,,,,,,*/ʃtˈiəʎa/,,,,,,,,*/ʝˈiəɾpɐɾ̃ɪ/,,,,,,,,,,,,,,,,,,,,,,,,,,,,,*/lˈiəɡta/,,*/lˈiəxma/,,,*/lˈyədɾɪ/,,
R350,,,,,,,,,,,,,,,,,,,,,,,,,,,,,,,,,,,,,,,,,,,,,,,,,,,,,,,,,,,,,,,,,,,,,,,,,,,,,,,,,,,,,,,,,,,,,,,,,,,,,,,,,,,,,,,,,,,,,,,,,,,,,,,,,,,,,,,,,,,,,,,,,,,,,,,,,,,,,,,,,,,,,,,,,,,,,,,,,,,,,,,,,,,,,,,,,,,,,,,,,,,,,,,,,,,,,,,,,,,,,,,,,,,,,,,,,,,,,,,,,,,,,,,,,,,,,,,,,,,,,,,,,,,,,,,,,,,,,,,,,,,,,,,,,,,,,,,,,,,,,,,,,,,,,,,,,,,,,,,,,,,,,,,,,,,,,,,,,,,,,,,,,,,,,,,,,,,,,,,,,,,,,,,,,,,,,,,,,,,,,,,,,,,,,,,,,,,,,,,,,,,,,,,,,,,,,,,,,,,,,,,,,,,,,,,,,,,,,,,,,
R351,,,,,,,,,,,,,,,,,,,,,,,,,,,,,,,,,,,,,,,,,,,,,,,,,,,,,,,,,,,,,,,,,,,,,,,,,,,,,,,,,,,,,,,,,,,,,,,,,,,,,,,,,,,,,,,,,,,,,,,,,,,,,,,,,,,,,,,,,,,,,,,,,,,,,,,,,,,,,,,,,,,,,,,,,,,,,,,,,,,,,,,,,,,,,,,,,,,,,,,,,,,,,,,,,,,,,,,,,,,,,,,,,,,,,,,,,,,,,,,,,,,,,,,,,,,,,,,,,,,,,,,,,,,,,,,,,,,,,,,,,,,,,,,,,,,,,,,,,,,,,,,,,,,,,,,,,,,,,,,,,,,,,,,,,,,,,,,,,,,,,,,,,,,,,,,,,,,,,,,,,,,,,,,,,,,,,,,,,,,,,,,,,,,,,,,,,,,,,,,,,,,,,,,,,,,,,,,,,,,,,,,,,,,,,,,,,,,,,,,,,
R352,,,,,,,,,,,,,,,*/kʎˈỹø̯ɲa/,,,,,,,,,,,,,*/dɪ̃mˈĩe̯ɾ̃ɪ/,*/dβˈĩe̯ɾ̃ɪ/,,,,,,,,*/dˈie̯ðsa/,,*/dˈuo̯ɾɪ/,,,,,,,,,,,,,,*/ʝˈie̯təɾɪ/,,,,,,,,,,,,,,,,,,,,,,,,,,,,,,,,,,,,,,,,,,*/ˈuo̯tɾa/,,,,,,,,,,,,,,,,,,,,,,,,,,,,,,,,*/nːˈie̯ɾ/,,,,,,,,*/ˈuo̯ʊ̯lɪ/,*/ˈuo̯ʊ̯lˠəˤ/,,,,,,,,,,,,,,,,,,,,,,,,,,,,,,,,,,,,,,,,*/ʝˈie̯ʃtɐɾ̃a/,,,*/xɾˈie̯kθɪ/,,*/βˈie̯ðʃɪ/,*/βˈie̯ðtɪ/,,*/βˈuo̯ðʃa/,,,*/βˈie̯t͡ʃɪ/,*/βtˈie̯ʃɪ/,*/βˈie̯təθɪ/,*/βˈie̯tɪ/,,,,,,,,,,,,,,,,,,,,,*/pˈie̯t͡ʃa/,,,,,,,,,,,,*/pˈie̯t͡ʃɪ/,,,,,,,,,,,,*/plˈie̯ʃtɪ/,,,,,,,,,,,,,,,,,,,,,,,,,*/bˈĩe̯nːnɪ/,,,,,,,,,,,,,,,,,,,,,,,,,*/mə̃ntˈie̯ʃa/,,,,,,,,,,,,,,,,,,,,,,,,,,,,,,,,,,,,,,,,,,,*/ʝˈɨɘ̯ðɐɾ̃əˤ/,,,,,,,,,,,,,,,,*/nːˈie̯ʃu/,,,,,,,,,,*/dˈĩe̯ɲa/,,*/dβˈuo̯ɾɪ/,,,,,,,,,,,,,,,,,,,,,,,,,,,,,,,,,,,,,,,,,*/ʃtˈie̯ʎa/,,,,,,,,*/ʝˈie̯ɾpɐɾ̃ɪ/,,,,,,,,,,,,,,,,,,,,,,,,,,,,,*/lˈie̯ɡta/,,*/lˈie̯xma/,,,*/lˈyø̯dɾɪ/,,
R353,,,,,,,,,,,,,,,,,,,,,,,,,,,,,,,*/dˈylˠɪʃ/,,,,,,,,,,,,,,,,,,,,,,,,,,,,,,,,,,,,,,,,,,,,,,,*/?1ˈɔlˠɪ/,*/?1ˈɔlˠɪʃta/,,,,,,,,,,,,,,,,,,,,,,,,,,,,,,,,,,,,,,,,,,,,,,,,,,,,,,,,*/ˈuo̯ʊ̯lˠɪ/,,,,,,,,,,,,,,,,,,,,,,,,,,,,,,,,,,,,,,,,,,,,,,,,,,,,,,,,,,,,,,,,,,,,,,,,,,,,,,,,,,,,,,,,,,,,,,,,,,,,,,,,,,,,,,,,,,,,,,,,,,,,,,,,,,,,,,,,,,,,,,,,,,,,,,,,,,,,,,,,,,,,,,,,,,,,,,,,,,,,,,,,,,,,,,,,,,,,,,,,,,,,,,,,,,,,,,,,,,,,,,,,,,,,,,,,,,,,,,,,,,,,,,,,,,,,,,,,,,,,,*/pɪɾɪʃtˈɔlˠɪ/,,,,,,,,,,,,,,,,,,,,,,,,,,,,,,,,,,,,,,,,,,,,,
R354,,,,,,,,,,,,,,,,,,,,,,,,,,,,,,,,,,,,,,,,,,,,,,,,,,,,,,,,,,,,,,,,,,,,,,,,,,,,,,,,,,,,,,,,,,,,,,,,,,,,,,,,,,,,,,,,,,,,,,,,,,,,,,,,,,,,,,,,,,,,,,,,,,,,,,,,,,,,,,,,,,,,,,,,,,,,,,,,,,,,,,,,,,,,,,,,,,,,,,,,,,,,,,,,,,,,,,,,,,,,,,,,,,,,,,,,,,,,,,,,,,,,,,,,,,,,,,,,,,,,,,,,,,,,,,,,,,,,,,,,,,,,,,,,,,,,,,,,,,,,,,,,,,,,,,,,,,,,,,,,,,,,,,,,,,,,,,,,,,,,,,,,,,,,,,,,,,,,,,,,,,,,,,,,,,,,,,,,,,,,,,,,,,,,,,,,,,,,,,,,,,,,,,,,,,,,,,,,,,,,,,,,,,,,,,,,,,,,,,,,,
R355,,,*/θˈiʃtɾə̃m/,,*/t͡sˈaɾɐvə/,,,*/θˈiɾxmə/,*/t͡sˈaɾɐcə/,,,,*/θˈupə/,*/təθˈupə/,,*/kləw̃ɲa/,,,*/ðˈevə/,,*/zˈẽntə/,*/ðxθˈitə/,*/ðxθˈiʃə/,,*/nːˈũːnə/,,,*/də̃mˈĩe̯ɾ̃ə/,*/dβˈĩe̯ɾ̃ə/,*/dβˈɔɟə/,*/dˈylˠəʃ/,,,*/dˈĩmːə/,,*/dˈiʃə/,,,*/dˈuo̯ɾə/,*/dˈiʎə/,,,,*/ʝˈiːʃtəʃ/,,*/ˈuðʎə̃m/,,*/xβəʝˈitə/,*/ʝˈẽmə/,*/xmə/,,,*/ʝˈie̯təɾə/,,*/ʝˈit͡ʃə/,*/ʝˈitə/,*/ʝˈiʃə/,*/ʝˈiʃtə/,*/ʝˌɛʃˈĩnːə/,,,*/ʝˈɛɾðtə/,*/xɾˈẽmə/,,,,,*/nːˈẽːnːə̃m/,,*/ʝˈẽːnːə̃m/,*/ʝˈẽmə/,,,*/kɟˈɔ̃ɲə/,*/kʃˈelːəʃ/,,,*/?1ˈɔlˠə/,*/?1ˈɔlˠəʃta/,*/?1ˈɛlmə/,*/də?1ˈelˠəˤ/,*/də?1ˈelːəˤ/,,,*/kɾˈepə/,*/ʝ?1ɾˈepə/,,,,,,*/ʝə̃nɡɾəˈiːθa/,*/ɟˈiɾðə/,,,,,*/ˈisᵝə/,*/ˈejðə/,,,,,,,*/ˈaʊ̯ɟə/,*/χβəlcˈija/,,,,,,,,,,,,*/ˈasɐɾ̃ə/,,,,,,*/ˈãndə/,*/ˈãndə/,,*/ˈalbə/,,*/χɾˈɛtθə/,*/ˈaɾθə/,*/ˈejðə/,,*/ˈutə/,*/ˈuo̯ʊ̯lˠə/,,*/ʝˈiɾðə/,,*/məˈarːəʃə/,*/məˈarːətə/,*/mˈɔrːə/,,,,,,,,*/sᵝˈɛθə/,,,,*/sᵝˈɛlə/,*/sᵝəlˈitə/,*/sᵝəlˠəθˈãmːəˤ/,,*/kɾˈĩmə/,*/ɡˈarːə/,,,*/ə̃nɡɾˈiʃə/,*/ˈãnɡkmə/,,,,*/zˈɛɾməʃ/,*/zˈɛrːəʃ/,,,,,,,,*/ʝˈi?1ə/,,*/xlˈɛɟə/,*/ʝˈiɾzə/,*/xɾˈie̯kθə/,,*/βˈie̯ðʃə/,*/βˈie̯ðtə/,*/xβəˈĩnːə/,,,,*/βˈie̯t͡ʃə/,*/βtˈie̯ʃə/,*/βˈie̯təθə/,*/βˈie̯tə/,,,*/βˈɛlˠətə/,,,*/dəzˈalˠɐtəˤ/,*/dəʃə̃ntəɾbˈalˠa/,*/ˈulsᵝə/,,,,,*/βɾˈẽnːə/,,,,,,,*/pˈetə/,,,,,,,,,,,,,*/pˈie̯t͡ʃə/,*/pˈɛʃə/,,,,,*/ə̃nplˈɔ̃ntə/,*/pˈɛlxmə/,,,*/plˈacə/,*/ʝəðɸˈalˠa/,*/plˈie̯ʃtə/,,,*/pəɾ/,*/pəɾə/,*/ɸˈɛrːə/,,*/pˈɛɾðtə/,,,,*/bə̃ɾ̃ˈitə/,,,,,*/bɲˈitə/,*/bɲˈiʃə/,,,,,,*/bə̃ɾ̃ˈejsə/,,*/bˈĩe̯nːnə/,,,*/ə̃nbˈũnːɘʃtə/,,,,,,*/bˈɛɾcə/,,,*/bˈɔrːə/,,*/bəɾˈĩməˤ/,,,,,*/mˈɔsᵝə/,,,*/mˈatə/,,*/mˈɔtə/,,,,,,,*/mˈɛ̃mʝə̃m/,,,*/mˈatə/,,,,,,*/ʝəsˈaka/,,*/ʝə̃ntəkβjˈaʃəˤ/,,,,,*/pəɾtˈepja/,*/ʃtuːpjˈɛtə/,*/tˈeʊ̯ɾə/,*/tˈeʊ̯ɾə/,*/tˈulːə/,,,,,,,,,,*/tɾˈĩmə/,,,,,,,,,,,,,,,,*/dɾˈũːnə/,*/dɾˈũːnə/,,,*/dˈẽmə/,,,,,,,,*/dəsˈaʃəˤ/,,*/dəzə̃nta/,,*/ˈẽnːəztə/,,,*/dβˈuo̯ɾə/,,,*/θˈiːɾə/,*/ʃə/,*/ʃə/,,,,*/?1əwðˈitə/,,,,*/?1ˈɛlmə/,,,,,,,*/ʃəsᵝˈɛ̃mtə̃m/,*/ʝˈũmə/,,,,,,,*/ʃtˈiɟə/,,,,,,,,,,*/ʃtˈilbə/,,*/pəɾəʃtˈɔlˠə/,,,*/ʃtˈiːɾə/,,,,,*/rːˈũmə/,*/ʝˈie̯ɾpɐɾ̃ə/,,,*/ʃəɾbˈitə/,,,,*/nˈœsᵝə/,,*/nˈitə/,,,,,*/nˈɔʃə/,,*/ə̃nbəʎˈaða/,*/lˠˈɔsə/,,,,,,*/xlˈɛɟə/,*/lˈiɟə/,*/ləθˈitə/,,,,,,,,*/lˈũmə/,*/lˈyø̯dɾə/,,
R356,,,,,,,,,,,,,,,,,,,,,,,,,,,,,,,,,,,,,,,,,,,,,,,,,,,,,,,,,,,,,,,,,,,,,,,,,,,,,,,,,,,,,,,,,,,,,,,,,,,,,,,,,,,,,,,,,,,,,,,,,,,,,,,,,,,,,,,,,,,,,,,,,,,,,,,,,,,,,,,,,,,,,,,,,,,,,,,,,,,,,,,,,,,,,,,,,,,,,,,,,,,,,,,,,,,,,,,,,,,,,,,,,,,,,,,,,,,,,,,,,,,,,,,,,,,,,,,,,,,,,,,,,,,,,,,,,,,,,,,,,,,,,,,,,,,,,,,,,,,,,,,,,,,,,,,,,,,,,,,,,,,,,,,,,,,,,,,,,,,,,,,,,,,,,,,,,,,,,,,,,,,,,,,,,,,,,,,,,,,,,,,,,,,,,,,,,,,,,,,,,,,,,,,,,,,,,,,,,,,,,,,,,,,,,,,,,,,,,,,,,
R357,,,,,,,,,,,,,,,,,,,,,,,,,,,,,,,,,,,,,,,,,,,,,,,,,,,,,,,,,,,,,,,,,,,,,,,,,,,,,,,,,,,,,,,,,,,,,,,,,,,,,,,,,,,,,,,,,,,,,,,,,,,,,,,,,,,,,,,,,,,,,,,,,,,,,,,,,,,,,,,,,,,,,,,,,,,,,,,,,,,,,,,,,,,,,,,,,,,,,,,,,,,,,,,,,,,,,,,,,,,,,,,,,,,,,,,,,,,,,,,,,,,,,,,,,,,,,,,,,,,,,,,,,,,,,,,,,,,,,,,,,,,,,,,,,,,,,,,,,,,,,,,,,,,,,,,,,,,,,,,,,,,,,,,,,,,,,,,,,,,,,,,,,,,,,,,,,,,,,,,,,,,,,,,,,,,,,,,,,,,,,,,,,,,,,,,,,,,,,,,,,,,,,,,,,,,,,,,,,,,,,,,,,,,,,,,,,,,,,,,,,
R358,,,,,,,,,,,,,,,,,,,*/ðˈɛvə/,,*/zˈɛ̃ntə/,,,,,,,,,,,,,,,,,,,,,,,,,,,,*/ʝˈɛ̃mə/,,,,,,,,,,,,,,*/xɾˈɛ̃mə/,,,,,*/nːˈɛ̃ːnːə̃m/,,*/ʝˈɛ̃ːnːə̃m/,*/ʝˈɛ̃mə/,,,,*/kʃˈɛlːəʃ/,,*/cˈɛlˠa/,,,,*/də?1ˈɛlˠəˤ/,*/də?1ˈɛlːəˤ/,,*/cˈɛɾpa/,*/kɾˈɛpə/,*/ʝ?1ɾˈɛpə/,,,,,,,,*/?1̬ˈɛɾða/,,,,,*/ˈɛjðə/,,,*/ˈɛjðθaj/,,,,,,,,,,,,*/pəɾˈɛpa/,,,,,,,,,,,,,,,,,,*/ˈɛjðə/,,,,,,,,,,,,,,,,,,,,,,,,,,,,,,,,,,,,,,,,,,,,,,,,,,,,,,,,,,,,,,,,,,,,,,,*/βɾˈɛ̃nːə/,,,,,,,*/pˈɛtə/,,,,,,,,,,,,,,,,,,,,,,,,,,,,,,,,,*/pˌɔɾzˈɛʃəˤ/,,,,,,,,,,,,,,,*/bə̃ɾ̃ˈɛjsə/,,,,,,,,,*/bɾˈɛj/,,,,,,,,,,,,,,,,,,,,,,,,,,,,,,,,,,,,*/ʝə̃ntˈɛkβit/,,,,*/pəɾtˈɛpja/,,*/tˈɛʊ̯ɾə/,*/tˈɛʊ̯ɾə/,,,,,,,,,,,,,,,,,,,,,,,,*/zˌaɾˈɛɟja/,,,,,,*/dˈɛ̃mːmja/,*/dˈɛ̃mə/,,,,,,,,,,,,*/ˈɛ̃nːəztə/,,,,,*/ʃkˈɛʃ/,,,,,,,,*/?1ˈɛ̃nːna/,*/?1ˈɛɾpa/,,,,,,,,,,,,,,,,,,,,,,,,,,,,,,,,,,,,,,,,,,,,,,,,,,,,,,,,,,,,,,,,,,,,,,,,,,
R359,,,,,,,,,,,,,,,,,,,,,,,,,,,,,,,,,,,,,*/djˈɛːðsa/,,,,,,,,,,,,,,,,,,,,,,,,,,,,,,,,,,,,,,,,,,,,,,,,,,,,,,,,,,,,,,,,,,,,,,,,,,,,,,,,,,,,,,,,,,,,,,,,,,,,,,,,,,,,,,,,,,,,,,,,,,,,,,,,,,,,,,,,,,,,,,,,*/βjˈɛːðʃə/,*/βjˈɛːðtə/,,,,,,,,,,,,,,,,,,,,,,,,,,,,,,,,,,,,,,,,,,,,,,,,,,,,,,,,,,,,,,,,,,,,,,,,,,,,,,,,,,,,,,,,,,,,,,,,,,,,,,,,,,,,,,,,,,,,,,,,,,,,,,,,,,,,,,,,,,,,,,,,,,,,,,,,,,,,,,,,,,,,,,,,,,,,,,,,,,,,,,,,,,,,,,,,,,,,,,,,,,,,,,,,,,,,,,,,,,,,,,,,,,,,,,,,,,,,,,,,,,,,,,,,,,,,,,,,,,,
R360,,,,,,,,,,,,,,,,,,,,,,,,,,,,,,,,,,,,,,,,,,,,,,,,,,,,,,,,,,,,,,,,,,,,,,,,,,,,,,,,,,,,,,,,,,,,,,,,,,,,,,,,,,,,,,,,,,,,,,,,,,,,,,,,,,,,,,,,,,,,,,,,,,,,,,,,,,,,,,,,,,,,,,,,,,,,,,,,,,,,,,,,,,,,,,,,,,,,,,,,,,,,,,,,,,,,,,,,,,,,,,,,,,,,,,,,,,,,,,,,,,,,,,,,,,,,,,,,,,,,,,,,,,,,,,,,,,,,,,,,,,,,,,,,,,,,,,,,,,,,,,,,,,,,,,,,,,,,,,,,,,,,,,,,,,,,,,,,,,,,,,,,,,,,,,,,,,,,,,,,,,,,,,,,,,,,,,,,,,,,,,,*/ʝˈũmɐsa/,,,,,,,,,,,,,,,,,,,,,,,,,,,,,,,,,,,,,,,,,,,,,,,,,,,,,,,,,,
R361,,,,,,,,,,,,,,,,,,,,,,,,,,,,,,,,,,,,,,,,,,,,,,,,,,,,,,,,,,,,,,,,,,,,,,,,,,,,,,,,,,,,,,,,,,,,,,,,,,,,,,,,,,,,,,,,,,,,,,,,,,,,,,,,,,,,,,,,,,,,,,,,,,,,,,,,,,,,,,,,,,,,,,,,,,,,,,,,,,,,,,,,,,,,,,,,,,,,,,,,,,,,,,,,,,,,,,,,,,,,,,,,,,,,,,,,,,,,,,,,,,,,,,,,,,,,,,,,,,,,,,,,,,,,,,,,,,,,,,,,,,,,,,,,,,,,,,,,,,,,,,,,,,,,,,,,,,,,,,,,,,,,,,,,,,,,,,,,,,,,,,,,,,,,,,,,,,,,,,,,,,,,,,,,,,,,,,,,,,,,,,,,,,,,,,,,,,,,,,,,,,,,,,,,,,,,,,,,,,,,,,,,,,,,,,,,,,,,,,,,,
R362,,,,,,,,,,,,,,,,,,,,,,*/xθˈitə/,*/xθˈiʃə/,,,,,,,,,,,,,,*/djˈɛːsa/,,,,,,,,,*/ˈuʎə̃m/,,,,,,,,,,,,,,,,*/ʝˈɛɾtə/,,,,,,,,,,,,,,,,,,,,,,,,,,,,,,,,,,,,,,,,*/ˈɛjθaj/,,,,,,,,,,,,,,,,,,,,,,,,,,,,,,,,,,,,,,,,,,,,,,,,,,,,,,,,,,,,,,,,,,,,,,,,,,,,,,,*/βjˈɛːʃə/,*/βjˈɛːtə/,,*/βˈuo̯ʃa/,,,,,,,,,,,,,,,,,,,,,,,,,,,,,,,,,,,,,,,,,,,,,,,,,,*/ʝəɸˈalˠa/,,,,,,,,*/pˈɛɾtə/,,,*/ɸˈɛʎa/,,,,,,,,,,,,,,,,,,,,,,,,,,,,,,,,,,,,,,,,,,,,,,,,,,,,,,,,,,,,,,,,,,,,,,,,,,,,,,,,,,,,,,,,,,,,,,,,,,,,,,,,,,,,,,,,,,,,,,,,,,,,,,,,,,,,,,,,,,,,,,,,,,,,,,,,,,,,,,,,,,,,,,,,,,,,,,,,,,,,*/lˈɔsəˤ/,,,,,,,,,,,,,,,,
R363,,,,,,,,,,,,,,,*/kʎˈỹe̯ɲa/,,,,,,,,,,,,,,,,,,,,,,,,,,,,,,,,,,,,,,,,,,,,,,,,,,,,,,,,,,,,,,,,,,,,,,,,,,,,,,,,,,,,,,,,,,,,,,,,,,,,,,,,,,,,,,,,,,,,,,,,,,,,,,,,,,,,,,,,,,,,,,,,,,,,,,,,,,,,,,,,,,,,,,,,,,,,,,,,,,,,,,,,,,,,,,,,,,,,,,,,,,,,,,,,,,,,,,,,,,,,,,,,,,,,,,,,,,,,,,,,,,,,,,,,,,,,,,,,,,,,,,,,,,,,,,,,,,,,,,,,,,,,,,,,,,,,,,,,,,,,,,,,,,,,,,,,,,,,,,,,,,,,,,,,,,,,,,,,,,,,,,,,,,,,,,,,,,,,,,,,,,,,,,,,,,,,,,,,,,,,,,,,,,,,,,,,,,,,,*/nˈɛsᵝə/,,,,,,,,,,,,,,,,,,,,,,,,,,,*/lˈye̯dɾə/,,
R364,,,,,,,,,,,,,,,,,,,,,,,,,,,,,,,,,,,,,,,,,,,,,,,,,,,,,,,,,,,,,,,,,,,,,,,,,,,,,,,,,,,,,,,,,,,,,,,,,,,,,,,,,,,,,,,,,,,,,,,,,,,,,,,,,,,,,,,,,,,,,,,,,,,,,,,,,,,,,,,,,,,,,,,,,,,,,,,,,,,,,,,,,,,,,,,,,,,,,,,,,,,,,,,,,,,,,,,,,,,,,,,,,,,,,,,,,,,,,,,,,,,,,,,,,,,,,,,,,,,,,,,,,,,,,,,,,,,,,,,,,,,,,,,,,,,,,,,,,,,,,,,,,,,,,,,,,,,,,,,,,,,,,,,,,,,,,,,,,,,,,,,,,,,,,,,,,,,,,,,,,,,,,,,,,,,,,,,,,,,,,,,,,,,,,,,,,,,,,,,,,,,,,,,,,,,,,,,,,,,,,,,,,,,,,,,,,,,,,,,,,
R365,,,,,,,,,,,,,,,,,,,,,,,,,,,,,,,,,,,,,,,,,,,,,,,,,,,,,,,,,,,,,,,,,,,,,,,,,,,,,,,,,,,,,,,,,,,,,,,,,,,,,,,,,,,,,,,,,,,,,,,,,,,,,,,,,,,,,,,,,,,,,,,,,,,,,,,,,,,,,,,,,,,,,,,,,,,,,,,,,,,,,,,,,,,,,,,,,,,,,,,,,,,,,,,,,,,,,,,,,,,,,,,,,,,,,,,,,,,,,,,,,,,,,,,,,,,,,,,,,,,,,,,,,,,,,,,,,,,,,,,,,,,,,,,,,,,,,,,,,,,,,,,,,,,,,,,,,,,,,,,,,,,,,,,,,,,,,,,,,,,,,,,,,,,,,,,,,,,,,,,,,,,,,,,,,,,,,,,,,,,,,,,,,,,,,,,,,,,,,,,,,,,,,,,,,,,,,,,,,,,,,,,,,,,,,,,,,,,,,,,,,
R366,,,,,,,,,,,,,,,,,,,,,,,,,,,,,,,,,,,,,,,,,,,,,,,,,,,,,,,,,,,,,,,,,,,,,,,,,,,,,,,,,,,,,,,,,,,,,,,,,,,,,,,,,,,,,,,,,,,,,,,,,,,,,,,,,,,,,,,,,,,,,,,,,,,,,,,,,,,,,,,,,,,,,,,,,,,,,,,,,,,,,,,,,,,,,,,,,,,,,,,,,,,,,,,,,,,,,,,,,,,,,,,,,,,,,,,,,,,,,,,,,,,,,,,,,,,,,,,,,,,,,,,,,,,,,,,,,,,,,,,,,,,,,,,,,,,,,,,,,,,,,,,,,,,,,,,,,,,,,,,,,,,,,,,,,,,,,,,,,,,,,,,,,,,,,,,,,,,,,,,,,,,,,,,,,,,,,,,,,,,,,,,,,,,,,,,,,,,,,,,,,,,,,,,,,,,,,,,,,,,,,,,,,,,,,,,,,,,,,,,,,
R367,,,,,,,,,,,,,,,,,,,,,,,,,,,,,,,,,,,,,,,,,,,,,,,,,,,,,,,,,,,,,,,,,,,,,,,,,,,,,,,,,,,,,,,,,,,,,,,,,,,,,,,,,,,,,,,,,,,,,,,,,,,,,,,,,,,,,,,,,,,,,,,,,,,,,,,,,,,,,,,,,,,,,,,,,,,,,,,,,,,,,,,,,,,,,,,,,,,,,,,,,,,,,,,,,,,,,,,,,,,,,,,,,,,,,,,,,,,,,,,,,,,,,,,,,,,,,,,,,,,,,,,,,,,,,,,,,,,,,,,,,,,,,,,,,,,,,,,,,,,,,,,,,,,,,,,,,,,,,,,,,,,,,,,,,,,,,,,,,,,,,,,,,,,,,,,,,,,,,,,,,,,,,,,,,,,,,,,,,,,,,,,,,,,,,,,,,,,,,,,,,,,,,,,,,,,,,,,,,,,,,,,,,,,,,,,,,,,,,,,,,
R368,,,,,,,,,,,,,,,,,,,,,,,,,,,,,,,,,,,,,,,,,,,,,,,,,,,,,,,,,,,,,,,,,,,,,,,,,,,,,,,,,,,,,,,,,,,,,,,,,,,,,,,,,,,,,,,,,,,,,,,,,,,,,,,,,,,,,,,,,,,,,,,,,,,,,,,,,,,,,,,,,,,,,,,,,,,,,,,,,,,,,,,,,,,,,,,,,,,,,,,,,,,,,,,,,,,,,,,,,,,,,,,,,,,,,,,,,,,,,,,,,,,,,,,,,,,,,,,,,,,,,,,,,,,,,,,,,,,,,,,,,,,,,,,,,,,,,,,,,,,,,,,,,,,,,,,,,,,,,,,,,,,,,,,,,,,,,,,,*/dˌɔɾɔɟjˈaʃəˤ/,,,,,,,,,,,,,,,,,,,,,,,,,,,,,,,,,,,,,,,,,,,,,,,,,,,,,,,,,,,,,,,,,,,,,,,,,,,,,,,,,,,,,,,,,,,,,,,,,,,,,,,,,
R369,,,,,,,,,,,,,,,,,,,,,,,,,,,,,,,,,,,,,,,,,,,,,,,,,,,,,,,,,,,,,,,,,,,,,,,,,,,,,,,,,,,,,,,,,,,,,,,,,,,,,,,,,,,,,,,,,,,,,,,,,,,,,,,,,,,,,,,,,,,,,,,,,,,,,,,,,,,,,,,,,,,,,,,,,,,,,,,,,,,,,,,,,,,,,,,,,,,,,,,,,,,,,,,,,,,,,,,,,,,,,,,,,,,,,,,,,,,,,,,,,,,,,,,,,,,,,,,,,,,,,,,,,,,,,,,,,,,,,,,,,,,,,,,,,,,,,,,,,,,,,,,,,,,,,,,,,,,,,,,,,,,,,,,,,,,,,,,,,,,,,,,,,,,,,,,,,,,,,,,,,,,,,,,,,,,,,,,,,,,,,,,,,,,,,,,,,,,,,,,,,,,,,,,,,,,,,,,,,,,,,,,,,,,,,,,,,,,,,,,,,
R370,,,,,,,,,,,,,,,,,,,,,,,,,,,,,,,,,,,,,,,,,,,,,,,,,,,,,,,,,,,,,,,,,,,,,,,,,,,,,,,,,,,,,,,,,,,,,,,,,,,,,,,,,,,,,,,,,,,,,,,,,,,,,,,,,,,,,,,,,,,,,,,,,,,,,,,,,,,,,,,,,,,,,,,,,,,,,,,,,,,,,,,,,,,,,,,,,,,,,,,,,,,,,,,,,,,,,,,,,,,,,,,,,,,,,,,,,,,,,,,,,,,,,,,,,,,,,,,,,,,,,,,,,,,,,,,,,,,,,,,,,,,,,,,,,,,,,,,,,,,,,,,,,,,,,,,,,,,,,,,,,,,,,,,,,,,,,,,,,,,,,,,,,,,,,,,,,,,,,,,,,,,,,,,,,,,,,,,,,,,,,,,,,,,,,,,,,,,,,,,,,,,,,,,,,,,,,,,,,,,,,,,,,,,,,,,,,,,,,,,,,
R371,,,,,,,,,,,,,,,,,,,,,,,,,,,,,,,,,,,,,,,,,,,,,,,,,,,,,,,,,,,,,,,,,,,,,,,,,,,,,,,,,,,,,,,,,,,,,,,,,,,,,,,,,,,,,,,,,,,,,,,,,,,,,,,,,,,,,,,,,,,,,,,,,,,,,,,,,,,,,,,,,,,,,,,,,,,,,,,,,,,,,,,,,,,,,,,,,,,,,,,,,,,,,,,,,,,,,,,,,,,,,,,,,,,,,,,,,,,,,,,,,,,,,,,,,,,,,,,,,,,,,,,,,,,,,,,,,,,,,,,,,,,,,,,,,,,,,,,,,,,,,,,,,,,,,,,,,,,,,,,,,,,,,,,,,,,,,,,,,,,,,,,,,,,,,,,,,,,,,,,,,,,,,,,,,,,,,,,,,,,,,,,,,,,,,,,,,,,,,,,,,,,,,,,,,,,,,,,,,,,,,,,,,,,,,,,,,,,,,,,,,
R372,,,,,,,,,,,,,,,,,,,,,,,,,,,,,,,,,,,,,,,,,,,,,,,,,,,,,,,,,,,,,,,,,,,,,,,,,,,,,,,,,,,,,,,,,,,,,,,,,,,,,,,,,,,,,,,,,,,,,,,,,,,,,,,,,,,,,,,,,,,,,,,,,,,,,,,,,,,,,,,,,,,,,,,,,,,,,,,,,,,,,,,,,,,,,,,,,,,,,,,,,,,,,,,,,,,,,,,,,,,,,,,,,,,,,,,,,,,,,,,,,,,,,,,,,,,,,,,,,,,,,,,,,,,,,,,,,,,,,,,,,,,,,,,,,,,,,,,,,,,,,,,,,,,,,,,,,,,,,,,,,,,,,,,,,,,,,,,,,,,,,,,,,,,,,,,,,,,,,,,,,,,,,,,,,,,,,,,,,,,,,,,,,,,,,,,,,,,,,,,,,,,,,,,,,,,,,,,,,,,,,,,,,,,,,,,,,,,,,,,,,
R373,,,,,,,,,,,,,,,,,,,,,,,,,,,,,,,,,,,,,,,,,,,,,,,,,,,,,,,,,,,,,,,,,,,,,,,,,,,,,,,,,,,,,,,,,,,,,,,,,,,,,,,,,,,,,,,,,,,,,,,,,,,,,,,,,,,,,,,,,,,,,,,,,,,,,,,,,,,,,,,,,,,,,,,,,,,,,,,,,,,,,,,,,,,,,,,,,,,,,,,,,,,,,,,,,,,,,,,,,,,,,,,,,,,,,,,,,,,,,,,,,,,,,,,,,,,,,,,,,,,,,,,,,,,,,,,,,,,,,,,,,,,,,,,,,,,,,,,,,,,,,,,,,,,,,,,,,,,,,,,,,,,,,,,,,,,,,,,,,,,,,,,,,,,,,,,,,,,,,,,,,,,,,,,,,,,,,,,,,,,,,,,,,,,,,,,,,,,,,,,,,,,,,,,,,,,,,,,,,,,,,,,,,,,,,,,,,,,,,,,,,
R374,,,,,,,,,,,,,,,,,,,,,,,,,,,,,,,,,,,,,,,,,,,,,,,,,,,,,,,,,,,,,,,,,,,,,,,,,,,,,,,,,,,,,,,,,,,,,,,,,,,,,,,,,,,,,,,,,,,,,,,,,,,,,,,,,,,,,,,,,,,,,,,,,,,,,,,,,,,,,,,,,,,,,,,,,,,,,,,,,,,,,,,,,,,,,,,,,,,,,,,,,,,,,,,,,,,,,,,,,,,,,,,,,,,,,,,,,,,,,,,,,,,,,,,,,,,,,,,,,,,,,,,,,,,,,,,,,,,,,,,,,,,,,,,,,,,,,,,,,,,,,,,,,,,,,,,,,,,,,,,,,,,,,,,,,,,,,,,,,,,,,,,,,,,,,,,,,,,,,,,,,,,,,,,,,,,,,,,,,,,,,,,,,,,,,,,,,,,,,,,,,,,,,,,,,,,,,,,,,,,,,,,,,,,,,,,,,,,,,,,,,
R375,,,,,,,,,,,,,,,,,,,,,,,,,,,,,,,,,,,,,,,,,,,,,,,,,,,,,,,,,,,,,,,,,,,,,,,,,,,,,,,,,,,,,,,,,,,,,,,,,,,,,,,,,,,,,,,,,,,,,,,,,,,,,,,,,,,,,,,,,,,,,,,,,,,,,,,,,,,,,,,,,,,,,,,,,,,,,,,,,,,,,,,,,,,,,,,,,,,,,,,,,,,,,,,,,,,,,,,,,,,,,,,,,,,,,,,,,,,,,,,,,,,,,,,,,,,,,,,,,,,,,,,,,,,,,,,,,,,,,,,,,,,,,,,,,,,,,,,,,,,,,,,,,,,,,,,,,,,,,,,,,,,,,,,,,,,,,,,,,,,,,,,,,,,,,,,,,,,,,,,,,,,,,,,,,,,,,,,,,,,,,,,,,,,,,,,,,,,,,,,,,,,,,,,,,,,,,,,,,,,,,,,,,,,,,,,,,,,,,,,,,
R376,,,,,,,,,,,,,,,,,,,,,,,,,,,,,,,,,,,,,,,,,,,,,,,,,,,,,,,,,,,,,,,,,,,,,,,,,,,,,,,,,,,,,,,,,,,,,,,,,,,,,,,,,,,,,,,,,,,,,,,,,,,,,,,,,,,,,,,,,,,,,,,,,,,,,,,,,,,,,,,,,,,,,,,,,,,,,,,,,,,,,,,,,,,,,,,,,,,,,,,,,,,,,,,,,,,,,,,,,,,,,,,,,,,,,,,,,,,,,,,,,,,,,,,,,,,,,,,,,,,,,,,,,,,,,,,,,,,,,,,,,,,,,,,,,,,,,,,,,,,,,,,,,,,,,,,,,,,,,,,,,,,,,,,,,,,,,,,,,,,,,,,,,,,,,,,,,,,,,,,,,,,,,,,,,,,,,,,,,,,,,,,,,,,,,,,,,,,,,,,,,,,,,,,,,,,,,,,,,,,,,,,,,,,,,,,,,,,,,,,,,
R377,,,,,,,,,,,,,,,,,,,,,,,,,,,,,,,,,,,,,,,,,,,,,,,,,,,,,,,,,,,,,,,,,,,,,,,,,,,,,,,,,,,,,,,,,,,,,,,,,,,,,,,,,,,,,,,,,,,,,,,,,,,,,,,,,,,,,,,,,,,,,,,,,,,,,,,,,,,,,,,,,,,,,,,,,,,,,,,,,,,,,,,,,,,,,,,,,,,,,,,,,,,,,,,,,,,,,,,,,,,,,,,,,,,,,,,,,,,,,,,,,,,,,,,,,,,,,,,,,,,,,,,,,,,,,,,,,,,,,,,,,,,,,,,,,,,,,,,,,,,,,,,,,,,,,,,,,,,,,,,,,,,,,,,,,,,,,,,,,,,,,,,,,,,,,,,,,,,,,,,,,,,,,,,,,,,,,,,,,,,,,,,,,,,,,,,,,,,,,,,,,,,,,,,,,,,,,,,,,,,,,,,,,,,,,,,,,,,,,,,,,
R378,,,,,,,,,,,*/t͡sˈafka/,,,,,,,,,,,,,,,,,,,,,,,,,,,,,,,,,,,,,,,,,,,,,,,,,,,,,,,,,,,,,,,,,*/cˈɛlˠapʃ/,,,,,,,*/ç?1ˈɛʎa/,,,*/ç?1ɾˈɛpə/,,,,,,,,,,,,,,,,,,,,,,,,,,,,,,,,,,,,,,,,,,,,,,,,,,,,,,,,,,,,,,,,,,,,,,,,,,,,*/ˈãnkkmə/,,,,,,,,,,,,,,,,,,,,,,,,,,*/ɸtˈie̯ʃə/,,,,,,,,,,,,,,,,,,,,,,,,,,,,,,,,,,,,,,,,,,,,,,,,,,,,,,,,,,,,,*/pχlˈɛ̃m/,,,,,,,,,,,,,,,,,,,,,,,,,,,,,,,,,,,,,,,,,,,,,,,,,,,,,,,,,,,,,,,,,,,,,,,,,,,,,,,,,,,,,,,,,,,,,,,,,,,,,,,,*/ˈɛ̃nːəstə/,,,,,,,,,,,,,,,,,,,,,,,,,,,,,,,,,,,,,,,,,,,,,,,,,,,,,,,,,,,,,,,,,,,,,,,,,,,,,,,*/lˈukʃ/,,*/lˈie̯kta/,,,,,,,
R379,,,,,,,,,,,,,,,,,,,,,,*/fθˈitə/,*/fθˈiʃə/,,,,,,,,,,,,,,,,,,,,,,,,,,,,,,,,,,,,,,,,,,,,,,,,,,,,*/fʃˈɛlːəʃ/,*/cˈɛlˠafʃ/,,,,,,,,,,,*/kɾˈɛfʃa/,,,,,,,,,,,,,,,,,,,,,,,,,,,,,,,,,,,,,,,,,,,,,,,,,,,,,,,,,,,,,,,,,,,,,,,,,,,,,,,,,,,,,,,,,,,,*/xɾˈie̯fθə/,,,,,,,,,*/ftˈie̯ʃə/,,,,,,,,,,,,,,,,,,,,,,,,,,,,,,,,,,,,,,,,,,,,,,,,,,,,,,,,,,,,,,,,,,,,,,,,,,,,,,,,,,,,,,,,,,,,,,,,,,,,,,,,,,,,,,,,,,,,,,,,,,,,,,,,,,,,,,,,,,,,,,,,,,,,,,,,,,,,,,,,,,,,,,,,,,,,,,,,,,,,,,,,,,,,,,,,,,,,,,,,,,,,,,,,,,,,,,,,,,,,,,,,,,,,,,,,,,,,,,,,,,,,*/lˈufʃ/,,*/lˈie̯fta/,,,,,,,
R380,,,,,,,,,,,,,,,,,,,,,,,,,,,,,,,,,,,,,,,,,,,,,,,,,,,,,,,,,,,,,,,,,,,,,,,,,,,,,,,,,,,,,,,,,,,,,,,,,,,,,,,,,,,,,,,,,,,,,,,,,,,,,,,,,,,,,,,,,,,,,,,,,,,,,,,,,,,,,,,,,,,,,,,,,,,,,,,,,,,,,,,,,,,,,,,,,,,,,,,,,,,,,,,,,,,,,,,,,,,,,,,,,,,,,,,,,,,,,,,,,,,,,,,,,,,,,,,,,,,,,,,,,,,,,,,,,,,,,,,,,,,,,,,,,,,,,,,,,,,,,,,,,,,,,,,,,,,,,,,,,,,,,,,,,,,,,,,,,,,,,,,,,,,,,,,,,,,,,,,,,,,,,,,,,,,,,,,,,,,,,,,,,,,,,,,,,,,,,,,,,,,,,,,,,,,,,,,,,,,,,,,,,,,,,,,,,,,,,,,,,
R381,,,,,,,,,,,,,,,,,,,,,,*/ffˈitə/,*/ffˈiʃə/,,,,,,,,,,,,,,,,,,,,,,,,,,,,,,,,,,,,,,,,,,,,,,,,,,,,,,,,,,,,,,,,,,,,,,,,,,,,,,,,,,,,,,,,,,,,,,,,,,,,,,,,,,,*/χɾˈɛtfə/,*/ˈaɾfə/,,,,,,,,,,,,,,,,,,,,,,,,,,,,,,,,,,,,,,,,,,,,,,,,*/xɾˈie̯ffə/,,,,,,,,,,,,,,,,,,,,,,,,,,,,,,,,,,,,,,,,,,,,,,,,,,,,,,,,,,,,,,,,,,,,,,,,,,,,,,,,,,,,,,,,,,,,,,,,,,,,,,,,,,,,,,,,,,,,,,,,,,,,,,,,,,,,,,,,,,,,,,,,,,,,,,,,,,,,,,,,,,,,,,,,,,,,,,,,,,,,,,,,,,,,,,,,,,,,,,,,,,,,,,,,,,,,,,,,,,,,,,,,,,,,,,,,,,,,,,,,,,,,,,,,,,,,,,,,,,,,,,
R382,,,,,,,,,,,,,,,,,,,,,,,,,,,,,,,,,,,,,,,,,,,,,,,,,,,,,,,,,,,,,,,,,,,,,,,,,,,*/fʃˈɑlːəʃ/,,,,,,,,,,,,,,,,,,,,,,,,,,,,,,,,,,,,,,,,,,,,,,,,,,,,,,,,,,,,,,,,,,,,,,,,,,,,,,,,,,,,,,,,,,,,*/zˈɑrːəʃ/,,,,,,,,,,,,,,,,,,,,,,,,,,,,,,,,,,,,,,,,,,,,,,,,,,,,,,,,,,,,,,,,,,,,,,,,,,,,,,,,,,,,,,,,,,,,,,,,,,,,,,,,,,,,,,,,,,,,,,,,,,,,,,,,,,,,,,,,,,,,,,,,,,,,,,,,,,,,,,,,,,,,,,,,,,,,,,,,,,,,,,,,,,,,,,,,,,,,,,,,,,,,,,,,,,,,,,,,,,,,,,,,,,,,,,,,,,,,,,,,,,,,,,,,,,,,,,,,,,,,,,,,,,,,,,,,,,
R383,,,,,,,,,,,,,,,,,,,,,,,,,,,,,,,,,,,,,,,,,,,,,,,,,,,,,,,,,,,,,,,,,,,,,,,,,,,,,,,,,,,,,,,,,,,,,,,,,,,,,,,,,,,,,,,,,,,,,,,,,,,,,,,,,,,,,,,,,,,,,,,,,,,,,,,,,,,,,,,,,,,,,,,,,,,,,,,,,,,,,,,,,,,,,,,,,,,,,,,,,,,,,,,,,,,,,,,,,,,,,,,,,,,,,,,,,,,,,,,,,,,,,,,,,,,,,,,,,,,,,,,,,,,,,,,,,,,,,,,,,,,,,,,,,,,,,,,,,,,,,,,,,,,,,,,,,,,,,,,,,,,,,,,,,,,,,,,,,,,,,,,,,,,,,,,,,,,,,,,,,,,,,,,,,,,,,,,,,,,,,,,,,,,,,,,,,,,,,,,,,,,,,,,,,,,,,,,,,,,,,,,,,,,,,,,,,,,,,,,,,
R384,,,,,,,,,,,,,,,,,,,,,,,,,,,,,,,,,,,,,,,,,,,,,,,,,,,,,,,,,,,,,,,,,,,,,,,,,,,,,,,,,,,,,,,,,,,,,,,,,,,,,,,,,,,,,,,,,,,,,,,,,,,,,,,,,,,,,,,,,,,,,,,,,,,,,,,,,,,,,,,,,,,,,,,,,,,,,,,,,,,,,,,,,,,,,,,,,,,,,,,,,,,,,,,,,,,,,,,,,,,,,,,,,,,,,,,,,,,,,,,,,,,,,,,,,,,,,,,,,,,,,,,,,,,,,,,,,,,,,,,,,,,,,,,,,,,,,,,,,,,,,,,,,,,,,,,,,,,,,,,,,,,,,,,,,,,,,,,,,,,,,,,,,,,,,,,,,,,,,,,,,,,,,,,,,,,,,,,,,,,,,,,,,,,,,,,,,,,,,,,,,,,,,,,,,,,,,,,,,,,,,,,,,,,,,,,,,,,,,,,,,
R385,,,,,,,,,,,,,,,,,,,,,,,,,,,,,,,,,,,,,,,,,,,,,,,,,,,,,,,,,,,,,,,,,,,,,,,,,,,,,,,,,,,,,,,,,,,,,,,,,,,,,,,,,,,,,,,,,,,,,,,,,,,,,,,,,,,,,,,,,,,,,,,,,,,,,,,,,,,,,,,,,,,,,,,,,,,,,,,,,,,,,,,,,,,,,,,,,,,,,,,,,,,,,,,,,,,,,,,,,,,,,,,,,,,,,,,,,,,,,,,,,,,,,,,,,,,,,,,,,,,,,,,,,,,,,,,,,,,,,,,,,,,,,,,,,,,,,,,,,,,,,,,,,,,,,,,,,,,,,,,,,,,,,,,,,,,,,,,,,,,,,,,,,,,,,,,,,,,,,,,,,,,,,,,,,,,,,,,,,,,,,,,,,,,,,,,,,,,,,,,,,,,,,,,,,,,,,,,,,,,,,,,,,,,,,,,,,,,,,,,,,
R386,,,,,,,,,,,,,,,,,,,,,,,,,,,,,,,,,,,,,,,,,,,,,,,,,,,,,,,,,,,,,,,,,,,,,,,,,,,,,,,,,,,,,,,,,,,,,,,,,,,,,,,,,,,,,,,,,,,,,,,,,,,,,,,,,,,,,,,,,,,,,,,,,,,,,,,,,,,,,,,,,,,,,,,,,,,,,,,,,,,,,,,,,,,,,,,,,,,,,,,,,,,,,,,,,,,,,,,,,,,,,,,,,,,,,,,,,,,,,,,,,,,,,,,,,,,,,,,,,,,,,,,,,,,,,,,,,,,,,,,,,,,,,,,,,,,,,,,,,,,,,,,,,,,,,,,,,,,,,,,,,,,,,,,,,,,,,,,,,,,,,,,,,,,,,,,,,,,,,,,,,,,,,,,,,,,,,,,,,,,,,,,,,,,,,,,,,,,,,,,,,,,,,,,,,,,,,,,,,,,,,,,,,,,,,,,,,,,,,,,,,
R387,,,,,*/t͡sˈaːɾɐvə/,*/t͡sˈaːɾɐbɐtəˤ/,*/t͡sˈaːɾɐsəˤ/,*/θˈiːɾxmə/,*/t͡sˈaːɾɐcə/,*/θˈɛːlˠəˤ/,,,,,,,,,,,,,,,,,,,,,*/dˈyːlˠəʃ/,,,,,,,*/dˈɔːɾa/,,*/dˈiːʎə/,*/dˈɛːɾʃ/,,,,,*/ˈuːʎə̃m/,,,,,,,,,,,,,,,*/ʝˈaːɾða/,*/ʝˈɛːɾtə/,,,,*/ˈuːɾða/,,,,,,,,,*/fʃˈɑːlːəʃ/,*/cˈɛːlˠafʃ/,*/cˈɛːlˠa/,*/?1ˈɔːlˠə/,*/?1ˈɔːlˠəʃta/,*/?1ˈɛːlmə/,*/də?1ˈɛːlˠəˤ/,*/də?1ˈɛːlːəˤ/,*/ç?1ˈɛːʎa/,*/cˈɛːɾpa/,,,,,,,,,*/ɟˈiːɾðə/,*/?1̬ˈɛːɾða/,,,,,,,,,,,,,,*/χβˈiːlˠa/,,*/χβˈaːrːəˤ/,*/xβˈiːlˠa/,,,,,*/χmˈaːlða/,*/χmˈaːlːnəˤ/,,,,,,,,,,,*/ˈaːlbə/,,,*/ˈaːɾfə/,,,,,,*/ʝˈiːɾðə/,*/məˈaːrːa/,*/məˈaːrːəʃə/,*/məˈaːrːətə/,*/mˈɔːrːə/,*/sᵝˈiːlˠa/,,,,,,,,*/kˈɔːlˠa/,,*/sᵝˈaːlˠa/,*/sᵝˈɛːlə/,,,*/kˈɔːrːa/,,*/ɡˈaːrːə/,,,,,,,*/ɡˈɔːɾxma/,*/zˈɛːɾməʃ/,*/zˈɑːrːəʃ/,,,,,,,,,,,*/ʝˈiːɾzə/,,,,,,,,,,,,,,*/βˈɔːlˠa/,*/βˈɛːlˠətə/,*/βˈaːlˠa/,,*/dəzˈaːlˠɐtəˤ/,*/dəʃə̃ntəɾbˈaːlˠa/,*/ˈuːlsᵝə/,*/βˈaːlʃa/,*/βˈaːlːa/,*/βˈɛːrːɐɾ̃a/,,,,*/βˈuːɾba/,*/ˈuːɾtəˤ/,*/βˈɛːrːɐɾ̃a/,*/ˈuːrːa/,,,,,,,,,,,,,,,,,,,,,,*/pˈɛːlxmə/,*/pˈaːlˠəˤ/,*/pˈaːlˠa/,,*/ʝəɸˈaːlˠa/,,*/pˈɔːlːa/,*/pˈaːlːəˤ/,,,*/ɸˈɛːrːə/,*/pˈaːɾða/,*/pˈɛːɾtə/,,*/pˈɔːɾða/,*/ɸˈɛːʎa/,,*/bˈiːʎa/,*/bˈiːrːɐ/,,,,,,,,,,,,,,,,*/bˈɛːlːna/,*/bˈaːɾa/,*/bˈaːɾɐðəˤ/,,*/bˈɛːʎa/,*/bˈɛːɾcə/,*/bˈaːrːa/,*/bˈɛːrːɐ/,*/bˈɔːrːə/,*/bˈiːrːa/,,,*/blˈɔːɾəˤ/,,,,,,,,,,,*/mˈiːrːəˤ/,,,,,,,,*/mˈɛːlˠətəˤ/,*/mˈɛːlχβə/,,*/mˈɛːlxmu/,,,,,,,,,,,,,*/tˈuːlːə/,,,,,,,,,,,*/tˈiːɾʃa/,*/t͡sˈaːrːa/,*/t͡ʃˈaːrːəˤ/,,,,,,,,,,,*/zˈaːɾɐɡa/,,,,,,,,,,,*/dˈiːʎa/,,,,,,,,,*/dβˈɔːɾa/,,*/zˈaːlːa/,,,,,,,*/ʝˈɔːlˠa/,,,*/?1ˈɛːɾpa/,*/?1ˈɛːlˠa/,*/?1ˈɛːlmə/,,*/djˈɛːɾsa/,,,,,,,,*/ɸˈɛːɾa/,*/ɸˈɛːɾãm/,*/ɸˈɛːɾaʃ/,,,,,,*/ʃtˈyːlˠa/,,,,,*/ʃˈaːlˠa/,*/kuːʃˈaːlˠa/,*/ʃtˈiːlbə/,*/ʃˈaːlˠa/,*/pəɾəʃtˈɔːlˠə/,,,,,,,,,,,*/ʝˈiːɾbja/,,*/ʃˈɛːɾma/,*/ʝˈaːlpəˤ/,*/ʝˈiːlχβə/,,,,,,,,,,,,,,,,,,,,,,,,,,,,,,
R388,,,*/θˈiːʃtɾə̃m/,*/θkmˈɛːt͡ʃ/,,,,,,,*/t͡sˈaːfka/,,,,,,,,*/ðˈɛːvə/,,,,*/ffˈiːʃə/,,,,,,,,,,,,*/zˈɛːʃ/,*/dˈiːʃə/,,,,,,,*/ʝˈɛːʃ/,,,,,,,,,,,*/ʝˈɛːsa/,*/ʝˈiːt͡ʃə/,,*/ʝˈiːʃə/,*/ʝˈiːʃtə/,,,,,,,,,,,*/ʝˈyːʃ/,,,*/kˌɔːpˈaːʃtəˤ/,,,,,,,,,,,,,,,*/kɾˈɛːfʃa/,,,*/ɡlˈaːsa/,*/ɡʎˈaːva/,,,,,,,*/ˈiːsᵝə/,,,,,,,,,,,*/χβˌɔʎˈaːʃəˤ/,,,,,,,,,*/ˈaːsa/,*/ˈaːsɐɾ̃ə/,,,,,*/nːˈɔːsa/,,,,,,,,,,,,,,,,,,,*/ˈəːˤsᵝəlˠa/,*/sᵝˈiːʃ/,,,,*/sᵝˈiːʃə/,,,,,,,,,,,*/ə̃nɡʎˈaːʃəˤ/,,*/ə̃nɡɾˈiːʃə/,,,,,,,,,,*/ʝˈɔːʃa/,*/ʝˈɔːʃa/,,,,,,,,,,,,,,,,,,,*/usˈaːsəˤ/,,,,*/βʎˈaːʃəˤ/,,,,,,,,,,,,,,,,,,,*/pˈaːʃɟəˤ/,*/pˈaːʃ/,*/pˈaːʃ/,,,,,,*/pˌiːsˈaːʃəˤ/,,*/pˈɛːʃə/,*/plˈaːsa/,*/plˈaːt͡ʃ/,,,,,,,,,,,,,,,,,*/pˌɔɾzˈɛːʃəˤ/,,,,,,,,,*/bɲˈiːʃə/,,,,,,,,,,,,,,,,,,,,,,,,,,,*/mˈɔːsᵝə/,*/məsˈaːʃəˤ/,*/mˈaːsa/,,*/mˈaːsəˤ/,,,*/mˈɔːʃə/,,*/mˈyːʃ/,,*/mˈaːza/,,,*/mˈaːt͡ʃ/,,,,,,*/ə̃ntəzˈaːsəˤ/,,,*/ʝə̃ntəkβjˈaːʃəˤ/,,,,,,,,,,,,,,,,,,,,,,,*/tˌɔʎˈaːʃəˤ/,,,,,,,,,,,*/dˌɔɾɔɟjˈaːʃəˤ/,,,,,,,*/zˈaːʃa/,,,,*/dˈɔːsa/,,*/dəsˈaːʃəˤ/,,,*/nːˈɛːza/,,,,,,*/ʃkˈɛːʃ/,,,,,,,,,,,,,,*/θˈyːʃə/,*/θˈyːʃ/,*/ʃˈɛːsᵝʃ/,,,,*/ʝˈɛːsʃ/,,,,,,,,*/ʃtəjˈaːʃəˤ/,,,,,,,,,,,,,,,,,,,,,,,,,,*/nˈɛːsᵝə/,,,,,*/nˈaːʃ/,*/nˈɛːʃ/,*/nˈɔːʃə/,*/nˈɔːʃa/,,*/lˠˈɔːsə/,,,*/lˈɔːsəˤ/,,,,,,,*/lˈuːfʃ/,,,,,,,,*/luˈiːsa/,
R389,,,*/θˈiːʃtɾə̃/,,,,,,,,,,,,,,,,,,,,,,,,,,,,,*/dˈã/,,,,,,,,,,,,,,*/ˈuːʎə̃/,,,,,*/xmˈã/,,,,,,,,,,,,,,,,,*/nːˈɛ̃ːnːə̃/,,*/ʝˈɛ̃ːnːə̃/,,,,,,,,,,,,,,,,,,,,,,,,,,,,,,,,,,,,,,,,,,,,,,,,,,*//,,,,,,,,,,,,,,,,,,,,,,,,,,,*/sᵝˈɛ̃/,,,,,,,,,,,,,,,,,,,,,,,,,,,,,,,,,,,,,,,,,,,,,,,,,,,,,,,,,,,,,,,,,,,,,,,,,,,,,,,,,,,,,,,,,,,,,,,,,,,,,,*/pχlˈɛ̃/,,,,,,,,,,,,,,,,,,,,,,,,,,,,,,,,,,,,,,,,,,*/mˈɛ̃mʝə̃/,,,,,,,,,,,,,,,,,,,,,,,,,,,,,,,,,,,,,,,,,,,,,,,,,,,,,,,,,,,,,,,,,,,,,,,,,,,,,,,,,,,,,*/ʃəsᵝˈɛ̃mtə̃/,,,,*/ɸˈɛːɾã/,,,,,,,,,,,,,,,,,,,,,,,,,,,,,,,,,,,,,,,,,,,,,,,,,,,,,,,,,,,,,
R390,,,,,,,,,,,,,,,,,,,,,,,,,,,,,,,,,,,,,,,,,,,,,,,,,,,,,,,,,,,,,,,,,,,*/xɾˈɛ̃nːə/,,,,,,,,,,,,,,,,,,,,,,,,,,,,,*/ʝˈɛθə/,,,,,,,,,,,,,,,,,,,,,,,,,,,,,,,,,,,,,,,,,,,,,,,,,,,,,,,,,,,,,,,,,,,,,,,,,,,,,,,,,,,,,,,,,,,,,,,,,,,,,,,,,,,,,,,,,,,,,,,,,,,,,,,,,,,,,,,,,,,,,,,,,,,,,,,,,,,,,,,,,,,,,,,,,,,,,,,,,,,,,,,,,,,,,,,,,,,,,,,,,,*/mˈɛːlxmə/,,,,,,,,,,,,,,,,,,,,,,,,,,,,,,,,,,,,,,,,,,,,,,*/nːˈie̯ʃə/,,,,,,,,,,,,,,,,,,,,,,,,,,,,,,,,,,,,,,,,,,,,,,,,,,,,,,,,,,,,,,,,,,,,,,,,,,,,,,,,,,,,,,,,,,,,,,,,,
R391,,,,,,,,,,,,,,,,,,,,,,,,,,,,,,,,,,,,,,,,,,,,,,,,,,,,,,,,,,,,,,,,,,,,,,,,,,,,,,,,,,,,,,,,,,,,,,,,,,,,,,,,,,,,,,,,,,,,,,,,,,,,,,,,,,,,,,,,,,,,,,,,,,,,,,,,,,,,,,,,,,,,,,,,,,,,,,,,,,,,,,,,,,,,,,,,,,,,,,,,,,,,,,,,,,,,,,,,,,,,,,,,,,,,,,,,,,,,,,,,,,,,,,,,,,,,,,,,,,,,,,,,,,,,,,,,,,,,,,,,,,,,,,,,,,,,,,,,,,,,,,,,,,,,,,,,,,,,,,,,,,,,,,,,,,,,,,,,,,,,,,,,,,,,,,,,,,,,,,,,,,,,,,,,,,,,,,,,,,,,,,,,,,,,,,,,,,,,,,,,,,,,,,,,,,,,,,,,,,,,,,,,,,,,,,,,,,,,,,,,,
R392,,,,,,,,,,,,,,,,,,,,,,,,,,,,,,,,,,,,,,,,,,,,,,,,,,,,,,,,,,,,,,,,,,,,,,,,,,,,,,,,,,,,,,,,,,,,,,,,,,,,,,,,,,,,,,,,,,,,,,,,,,,,,,,,,,,,,,,,,,,,,,,,,,,,,,,,,,,,,,,,,,,,,,,,,,,,,,,,,,,,,,,,,,,,,,,,,,,,,,,,,,,,,,,,,,,,,,,,,,,,,,,,,,,,,,,,,,,,,,,,,,,,,,,,,,,,,,,,,,,,,,,,,,,,,,,,,,,,,,,,,,,,,,,,,,,,,,,,,,,,,,,,,,,,,,,,,,,,,,,,,,,,,,,,,,,,,,,,,,,,,,,,,,,,,,,,,,,,,,,,,,,,,,,,,,,,,,,,,,,,,,,,,,,,,,,,,,,,,,,,,,,,,,,,,,,,,,,,,,,,,,,,,,,,,,,,,,,,,,,,,
R393,,,,,,,,,,,,,,,,,,,,,,,,,,,,,,,,,,,,,,,,,,,,,,,,,,,,,,,,,,,,,,,,,,,,,,,,,,,,,,,,,,,,,,,,,,,,,,,,,,,,,,,,,,,,,,,,,,,,,,,,,,,,,,,,,,,,,,,,,,,,,,,,,,,,,,,,,,,,,,,,,,*/ˈankkmə/,,,,,,,,,,,,,,,,,,,,,,,,,,,,,,,,,,,,,,,,,,,,,,,,,,,,,,,,,,,,,,,,,,,,,,,,,,,,,,,,,,,,,,,,,,,,,,,,,,,,,,,,,,,,,,,,,,,,,,,,,,,,,,,,,,,,,,,,,,,,,,,,,,,,,,,,,,,,,,,,,,,,,,,,,,,,,,,,,,,,,,,,,,,,,,,,,,,,,,,,,,,,,,,,,,,,,,,,,,,,,,,,,,,,,,,,,,,,,,,,,,,,,,,,,,,,,,,,,,,,,,,,,,,,,,,,,,,,,,,
R394,,,,,,,,,,,,,,,,,,,,,,,,,,,,,,,,,,,,,,,,,,,,,,,,,,,,,,,,,,,,,,,,,,,,,,,,,,,,,,,,,,,,,,,,,,,,,,,,,,,,,,,,,,,,,,,,,,,,,,,,,,,,,,,,,,,,,,,,,,,,,,,,,,,,,,,,,,,,,,,,,,,,,,,,,,,,,,,,,,,,,,,,,,,,,,,,,,,,,,,,,,,,,,,,,,,,,,,,,,,,,,,,,,,,,,,,,,,,,,,,,,,,,,,,,,,,,,,,,,,,,,,,,,,,,,,,,,,,,,,,,,,,,,,,,,,,,,,,,,,,,,,,,,,,,,,,,,,,,,,,,,,,,,,,,,,,,,,,,,,,,,,,,,,,,,,,,,,,,,,,,,,,,,,,,,,,,,,,,,,,,,,,,,,,,,,,,,,,,,,,,,,,,,,,,,,,,,,,,,,,,,,,,,,,,,,,,,,,,,,,,
R395,,,,,,,,,,,,,,,,,,,,,,,,,,,,,,,,,,,,,,,,,,,,,,,,,,,,,,,,,,,,,,,,,,,,,,,,,,,,,,,,,,,,,,,,,,,,,,,,,,,,,,,,,,,,,,,,,,,,,,,,,,,,,,,,,,,,,,,,,,,,,,,,,,,,,,,,,,,,,,,,,,,,,,,,,,,,,,,,,,,,,,,,,,,,,,,,,,,,,,,,,,,,,,,,,,,,,,,,,,,,,,,,,,,,,,,,,,,,,,,,,,,,,,,,,,,,,,,,,,,,,,,,,,,,,,,,,,,,,,,,,,,,,,,,,,,,,,,,,,,,,,,,,,,,,,,,,,,,,,,,,,,,,,,,,,,,,,,,,,,,,,,,,,,,,,,,,,,,,,,,,,,,,,,,,,,,,,,,,,,,,,,,,,,,,,,,,,,,,,,,,,,,,,,,,,,,,,,,,,,,,,,,,,,,,,,,,,,,,,,,,
R396,,,,,,,,,,,,,,,,,,,,,,,,,,,,,,,,,,,,,,,,,,,,,,,,,,,,,,,,,,,,,,,,,,,,,,,,,,,,,,,,,,,,,,,,,,,,,,,,,,,,,,,,,,,,,,,,,,,,,,,,,,,,,,,,,,,,,,,,,,,,,,,,,,,,,,,,,,,,,,,,,,,,,,,,,,,,,,,,,,,,,,,,,,,,,,,,,,,,,,,,,,,,,,,,,,,,,,,,,,,,,,,,,,,,,,,,,,,,,,,,,,,,,,,,,,,,,,,,,,,,,,,,,,,,,,,,,,,,,,,,,,,,,,,,,,,,,,,,,,,,,,,,,,,,,,,,,,,,,,,,,,,,,,,,,,,,,,,,,,,,,,,,,,,,,,,,,,,,,,,,,,,,,,,,,,,,,,,,,,,,,,,,,,,,,,,,,,,,,,,,,,,,,,,,,,,,,,,,,,,,,,,,,,,,,,,,,,,,,,,,,
R397,,,,,,,,,,,,,,,,,,,,,,,,,,,,,*/dvˈĩe̯ɾ̃ə/,*/dvˈɔɟə/,,,,,,,,,,,,,,,,,*/xvəʝˈija/,*/xvəʝˈitə/,,,,*/xvˈãɾ̃a/,,,,,,,,,,,,,,,,,,,,,,,,,,,,,,,,,,,,*/ɡvˈɛj/,*/ɡvˈɛj/,,,,,,,,,,,,,,,*/xvˌiːzˈaa/,,,*/χvəlcˈija/,*/χvˈiːlˠa/,*/χvˌɔʎˈaːʃəˤ/,*/χvˈaːrːəˤ/,*/xvˈiːlˠa/,,,,,,,,,,,,,,,,,,,,,,,,,,,,,,,,,,,,,,,,,,,,,,,,,,,,,,,,,,,,,,,,,,,,,*/vˈaða/,*/vjˈɛːʃə/,*/vjˈɛːtə/,*/xvəˈĩnːə/,*/vˈuo̯ʃa/,*/və̃ɾ̃ˈija/,*/vˈɛ̃mja/,*/vˈie̯t͡ʃə/,,*/vˈie̯təθə/,*/vˈie̯tə/,,*/vˈɔːlˠa/,*/vˈɛːlˠətə/,*/vˈaːlˠa/,*/vʎˈaːʃəˤ/,,,,*/vˈaːlʃa/,*/vˈaːlːa/,*/vˈɛːrːɐɾ̃a/,*/vɾˈũɲa/,*/vɾˈɛ̃nːə/,*/vɾˈãnːəza/,*/vˈuːɾba/,,*/vˈɛːrːɐɾ̃a/,,,,,,,,,,,,,,,,,,,,,,,,,,,*/ʝəfˈaːlˠa/,,,,,,*/fˈɛːrːə/,,,,,*/fˈɛːʎa/,,,,,,,,,,,,,,,,*/bvˈɔta/,,,,,,,,,,,,,,,,,,,,,,,,,,,,,,,,,,,*/mˈɛːlχvə/,*/ə̃mbəlˠˌaχvˈɘ̃ɲa/,,,,*/ʝə̃ntˈikvə/,*/ʝə̃ntəkvjˈaːʃəˤ/,*/ʝə̃ntˈɛkvit/,,,,,,,,,,,,,,,,,,,,,,,,,,,,*/dvˈiɡa/,*/dvˈijwʃ/,,,,,,,,,,,,,,,,,,,,,,,*/dvˈɔːɾa/,*/dvˈuo̯ɾə/,,,,,,,,,,,,,,,,,,,,,,,*/fˈɛːɾa/,*/fˈɛːɾã/,*/fˈɛːɾaʃ/,,,,,,,,,,,,,,,,,,,,,,,,,,,,,,*/ʝˈiːlχvə/,,,,,,,,,,,,,,,,,,,,,,,,,,,,,,
R398,,,,,,,,,,,,,,,,,,,,,*/zˈɛ̃ndə/,,,,,,,,,,,,,,,,,,,,,,,,,,,,,,,,,,,,,,,,,,,,,,,,,,,,,,,,,,,,,,,,,,,,,,,,,,,,,,,,,,,,,,,,,,,,,,,,,,,,,,*/ˈãnda/,,,,,,,,,,,,,,,,,,,,,,,,,,,,,,,,,,,,,,,*/ˈanɡkmə/,,,,,,,,,,,,,,,,,,,,,,,,,,,,,,,,,,,*/dəʃə̃ndəɾbˈaːlˠa/,,,,,,,,,,,,,,,,,,,,,,,,,,,,,,,,*/ə̃nplˈɔ̃ndə/,,,,,,,,,,,,,,,,,,,,,,,,,,,*/ə̃nːdˈəˤ/,,,,,,,,,,,,,,,,,,,,,,,,,,,,,*/mə̃ndˈie̯ʃa/,,,,,,,,,,,,,,*/ə̃ndəzˈaːsəˤ/,,*/ʝə̃ndˈikvə/,*/ʝə̃ndəkvjˈaːʃəˤ/,*/ʝə̃ndˈɛkvit/,,,,,,,,,*/ʝə̃ndˈɛ̃ɲa/,,,,,,*/ə̃ndɾˈuða/,,,,,,,,,,,,,,,,,,,,,,,,,,,,,,,,,*/dəzə̃nda/,,,,,,,,,,,,,,,,,,,,,,,,,,,,,,,,,,,,,,,,,,,,,,,,,,,,,,,,,,,,,,,,,,,,,,,,,,,,,,,,,,,,,,,,,,
R399,,,,,,,,,,,,,,,,,,,,,,,,,,,,,,,,,,,,,,,,,,,,,,,,,,,,,,,,,,,,,,,,,,,,,,,,,,,,,,,,,,,,,,,,,,,,,,,,,,,,,,,,,,,,,,,,,,,,,,,,,,,,,,,,,,,,,,,,,,,,,,,,,,,,,,,,,,,,,,,,,,,,,,,,,,,,,,,,,,,,,,,,,,,,,,,,,,,,,,,,,,,,,,,,,,,,,,,,,,,,,,,,,,,,,,,,,,,,,,,,,,,,,,,,,,,,,,,,,,,,,,,,,,,,,,,,,,,,,,,,,,,,,,,,,,,,,,,,,,,,,,,,,,,,,,,,,,,,,,,,,,,,,,,,,,,,,,,,,,,,,,,,,,,,,,,*/dəzənda/,,,,,,,,,,,,,,,,,,,,,,,,,,,,,,,,,,,,,,,,,,,,,,,,,,,,,,,,,,,,,,,,,,,,,,,,,,,,,,,,,,,,,,,,,,
R400,,,,,,,,,,,,,,,,,,,,,,,,,,,,,,,,,,,,,,,,,,,,,,,,,,,,,,,,,,,,,,,,,,,,,,,,,,,,,,,,,,,,,,,,,,,,,,,,,,,,,,,,,,,,,,,,,,,,,,,,,,,,,,,,,,,,,,,,,,,,,,,,,,,,,,,,,,,,,,,,,,,,,,,,,,,,,,,,,,,,,,,,,,,,,,,,,,,,,,,,,,,,,,,,,,,,,,,,,,,,,,,,,,,,,,,,,,,,,,,,,,,,,,,,,,,,,,,,,,,,,,,,,,,,,,,,,,,,,,,,,,,,,,,,,,,,,,,,,,,,,,,,,,,,,,,,,,,,,,,,,,,,,,,,,,,,,,,,,,,,,,,,,,,,,,,,,,,,,,,,,,,,,,,,,,,,,,,,,,,,,,,,,,,,,,,,,,,,,,,,,,,,,,,,,,,,,,,,,,,,,,,,,,,,,,,,,,,,,,,,,
=Late Proto-Albanian III,null*/θˈĩɲa/,null*/θˈãmbəɾa/,null*/θˈiːʃtɾə̃/,null*/θkmˈɛːt͡ʃ/,null*/t͡sˈaːɾɐvə/,null*/t͡sˈaːɾɐbɐtəˤ/,null*/t͡sˈaːɾɐsəˤ/,null*/θˈiːɾxmə/,null*/t͡sˈaːɾɐcə/,null*/θˈɛːlˠəˤ/,null*/t͡sˈaːfka/,null*/θˈuka/,null*/θˈupə/,null*/təθˈupə/,null*/kʎˈỹe̯ɲa/,null*/kləw̃ɲa/,null*/zˈãmɐtɐɾa/,null*/zˈãmba/,null*/ðˈɛːvə/,null*/nːˈãmːəˤ/,null*/zˈɛ̃ndə/,null*/ffˈitə/,null*/ffˈiːʃə/,null*/nːˈaθa/,null*/nːˈũːnə/,null*/ɡɾˈũna/,null*/ɡɾˈũɲa/,null*/də̃mˈĩe̯ɾ̃ə/,null*/dvˈĩe̯ɾ̃ə/,null*/dvˈɔɟə/,null*/dˈyːlˠəʃ/,null*/dˈã/,null*/zˈaðaʃ/,null*/dˈĩmːə/,null*/zˈɛːʃ/,null*/dˈiːʃə/,null*/djˈɛːsa/,null*/dˈɔːɾa/,null*/dˈuo̯ɾə/,null*/dˈiːʎə/,null*/dˈɛːɾʃ/,null*/dɾˈɘða/,null*/ʝˈɛːʃ/,null*/ʝˈiːʃtəʃ/,null*/ʝˈy/,null*/ˈuːʎə̃/,null*/xvəʝˈija/,null*/xvəʝˈitə/,null*/ʝˈɛ̃mə/,null*/xmə/,null*/xmˈã/,null*/xvˈãɾ̃a/,null*/ʝˈie̯təɾə/,null*/ʝˈɛːsa/,null*/ʝˈiːt͡ʃə/,null*/ʝˈitə/,null*/ʝˈiːʃə/,null*/ʝˈiːʃtə/,null*/ʝˌɛʃˈĩnːə/,null*/ʝəˈũna/,null*/ʝˈaːɾða/,null*/ʝˈɛːɾtə/,null*/xɾˈɛ̃mə/,null*/xʎˈapa/,null*/ʝəɾðˈija/,null*/ˈuːɾða/,null*/xɾˈɛ̃nːə/,null*/nːˈɛ̃ːnːə̃/,null*/ʝˈyːʃ/,null*/ʝˈɛ̃ːnːə̃/,null*/ʝˈɛ̃mə/,null*/kˌɔːpˈaːʃtəˤ/,null*/kˈapa/,null*/kɟˈɔ̃ɲə/,null*/fʃˈɑːlːəʃ/,null*/cˈɛːlˠafʃ/,null*/cˈɛːlˠa/,null*/?1ˈɔːlˠə/,null*/?1ˈɔːlˠəʃta/,null*/?1ˈɛːlmə/,null*/də?1ˈɛːlˠəˤ/,null*/də?1ˈɛːlːəˤ/,null*/ç?1ˈɛːʎa/,null*/cˈɛːɾpa/,null*/kɾˈɛpə/,null*/ç?1ɾˈɛpə/,null*/kɾˈɛːfʃa/,null*/ɡvˈɛj/,null*/ɡvˈɛj/,null*/ɡlˈaːsa/,null*/ɡʎˈaːva/,null*/ʝə̃nɡɾəˈiːθa/,null*/ɟˈiːɾðə/,null*/?1̬ˈɛːɾða/,null*/ˈuo̯tɾa/,null*/ʝˈɛθə/,null*/ʝˌaθˈɔtəˤ/,null*/ˈiːsᵝə/,null*/ˈɛjðə/,null*/ðˈija/,null*/ˈũmja/,null*/ˈɛjθaj/,null*/ˈaː/,null*/xvˌiːzˈaa/,null*/ˈa/,null*/ˈaʊ̯ɟə/,null*/χvəlcˈija/,null*/χvˈiːlˠa/,null*/χvˌɔʎˈaːʃəˤ/,null*/χvˈaːrːəˤ/,null*/xvˈiːlˠa/,null*/χpˈɛ/,null*/χpˈaaw/,null*/pəɾˈɛpa/,null*/ˈãmma/,null*/χmˈaːlða/,null*/χmˈaːlːnəˤ/,null*/ˈaːsa/,null*/ˈaːsɐɾ̃ə/,null*//,null*/ˈãnːa/,null*/ˈãːja/,null*/ˈãnda/,null*/nːˈɔːsa/,null*/ˈãndə/,null*/ˈãndə/,null*/nːˈie̯ɾ/,null*/ˈaːlbə/,null*/χlˈi/,null*/χɾˈɛtfə/,null*/ˈaːɾfə/,null*/ˈɛjðə/,null*/ˈa/,null*/ˈutə/,null*/ˈuo̯ʊ̯lˠə/,null*/ˈuo̯ʊ̯lˠəˤ/,null*/ʝˈiːɾðə/,null*/məˈaːrːa/,null*/məˈaːrːəʃə/,null*/məˈaːrːətə/,null*/mˈɔːrːə/,null*/sᵝˈiːlˠa/,null*/ˈəːˤsᵝəlˠa/,null*/sᵝˈiːʃ/,null*/sᵝˈi/,null*/kˈa/,null*/sᵝˈɛ̃/,null*/sᵝˈiːʃə/,null*/sᵝˈɛθə/,null*/kˈɔːlˠa/,null*/kˈuːɾ/,null*/sᵝˈaːlˠa/,null*/sᵝˈɛːlə/,null*/sᵝəlˈitə/,null*/sᵝəlˠəθˈãmːəˤ/,null*/kˈɔːrːa/,null*/kɾˈĩmə/,null*/ɡˈaːrːə/,null*/ə̃nɡʎˈaːʃəˤ/,null*/ə̃nɡɾa/,null*/ə̃nɡɾˈiːʃə/,null*/ˈanɡkmə/,null*/ə̃nɡɾˈũna/,null*/ə̃nɡrːnəˤ/,null*/ɡˈɔːɾxma/,null*/zˈɛːɾməʃ/,null*/zˈɑːrːəʃ/,null*/zˈɛɲa/,null*/ʝətˈɔtəˤ/,null*/cᵝˈi/,null*/ʝˈɔːʃa/,null*/ʝˈɔːʃa/,null*/ʝˈãma/,null*/ʝˈɛdɾa/,null*/ʝˈi?1ə/,null*/ʝˈie̯ʃtɐɾ̃a/,null*/xlˈɛɟə/,null*/ʝˈiːɾzə/,null*/xɾˈie̯ffə/,null*/vˈaða/,null*/vjˈɛːʃə/,null*/vjˈɛːtə/,null*/xvəˈĩnːə/,null*/vˈuo̯ʃa/,null*/və̃ɾ̃ˈija/,null*/vˈɛ̃mja/,null*/vˈie̯t͡ʃə/,null*/ftˈie̯ʃə/,null*/vˈie̯təθə/,null*/vˈie̯tə/,null*/usˈaːsəˤ/,null*/vˈɔːlˠa/,null*/vˈɛːlˠətə/,null*/vˈaːlˠa/,null*/vʎˈaːʃəˤ/,null*/dəzˈaːlˠɐtəˤ/,null*/dəʃə̃ndəɾbˈaːlˠa/,null*/ˈuːlsᵝə/,null*/vˈaːlʃa/,null*/vˈaːlːa/,null*/vˈɛːrːɐɾ̃a/,null*/vɾˈũɲa/,null*/vɾˈɛ̃nːə/,null*/vɾˈãnːəza/,null*/vˈuːɾba/,null*/ˈuːɾtəˤ/,null*/vˈɛːrːɐɾ̃a/,null*/ˈuːrːa/,null*/pˈia/,null*/pˈɛtə/,null*/pˈie̯t͡ʃa/,null*/pˈɛj/,null*/pˈatəˤ/,null*/pˈaːʃɟəˤ/,null*/pˈaːʃ/,null*/pˈaːʃ/,null*/pˈɔ̃ɾ̃əˤ/,null*/pˈaka/,null*/pˈakəˤ/,null*/pˈuθa/,null*/pˈũnːa/,null*/pˌiːsˈaːʃəˤ/,null*/pˈie̯t͡ʃə/,null*/pˈɛːʃə/,null*/plˈaːsa/,null*/plˈaːt͡ʃ/,null*/plˈɔtəˤ/,null*/ə̃nplˈɔ̃ɲa/,null*/ə̃nplˈɔ̃ndə/,null*/pˈɛːlxmə/,null*/pˈaːlˠəˤ/,null*/pˈaːlˠa/,null*/plˈacə/,null*/ʝəfˈaːlˠa/,null*/plˈie̯ʃtə/,null*/pˈɔːlːa/,null*/pˈaːlːəˤ/,null*/pəɾ/,null*/pəɾə/,null*/fˈɛːrːə/,null*/pˈaːɾða/,null*/pˈɛːɾtə/,null*/pˌɔɾzˈɛːʃəˤ/,null*/pˈɔːɾða/,null*/fˈɛːʎa/,null*/bə̃ɾ̃ˈitə/,null*/bˈiːʎa/,null*/bˈiːrːɐ/,null*/pχlˈɛ̃/,null*/bnːˈɛ/,null*/bɲˈitə/,null*/bɲˈiːʃə/,null*/bɲˈa/,null*/bnːnˈy/,null*/bnːˈəˤ/,null*/ə̃nːdˈəˤ/,null*/bˌĩːɲˈaða/,null*/bə̃ɾ̃ˈɛjsə/,null*/bˈiða/,null*/bˈĩe̯nːnə/,null*/bvˈɔta/,null*/bˈutəˤ/,null*/ə̃nbˈũnːɘʃtə/,null*/bˈɛːlːna/,null*/bˈaːɾa/,null*/bˈaːɾɐðəˤ/,null*/bɾˈɛj/,null*/bˈɛːʎa/,null*/bˈɛːɾcə/,null*/bˈaːrːa/,null*/bˈɛːrːɐ/,null*/bˈɔːrːə/,null*/bˈiːrːa/,null*/bəɾˈĩməˤ/,null*/blˈaða/,null*/blˈɔːɾəˤ/,null*/blˈɔɡɾa/,null*/mˈa/,null*/mˈɔːsᵝə/,null*/məsˈaːʃəˤ/,null*/mˈaːsa/,null*/mˈatə/,null*/mˈaːsəˤ/,null*/mˈɔtə/,null*/mə̃ndˈie̯ʃa/,null*/mˈɔːʃə/,null*/mˈiːrːəˤ/,null*/mˈyːʃ/,null*/mˈɔtɐɾəˤ/,null*/mˈaːza/,null*/mˈɛ̃mʝə̃/,null*/mˈɛtχ/,null*/mˈaːt͡ʃ/,null*/mˈatə/,null*/mˈɛːlˠətəˤ/,null*/mˈɛːlχvə/,null*/ə̃mbəlˠˌaχvˈɘ̃ɲa/,null*/mˈɛːlxmə/,null*/ə̃ndəzˈaːsəˤ/,null*/ʝəsˈaka/,null*/ʝə̃ndˈikvə/,null*/ʝə̃ndəkvjˈaːʃəˤ/,null*/ʝə̃ndˈɛkvit/,null*/tˈuj/,null*/tə/,null*/tˈy/,null*/pəɾtˈɛpja/,null*/ʃtuːpjˈɛtə/,null*/tˈɛʊ̯ɾə/,null*/tˈɛʊ̯ɾə/,null*/tˈuːlːə/,null*/ʝə̃ndˈɛ̃ɲa/,null*/t͡sˈãnːa/,null*/tɾˈi/,null*/tɾˈi/,null*/tɾˈiɡa/,null*/tʎˈaːða/,null*/ə̃ndɾˈuða/,null*/ˈaːʃda/,null*/tʎˈãma/,null*/tɾˈĩmə/,null*/tˈiːɾʃa/,null*/t͡sˈaːrːa/,null*/t͡ʃˈaːrːəˤ/,null*/tˌɔʎˈaːʃəˤ/,null*/zˈaθtəˤ/,null*/dˈaʊ̯̃nəˤ/,null*/ʝˈɨɘ̯ðɐɾ̃əˤ/,null*/ʝˈɘðɘʝəˤ/,null*/ʝˈɘðɐta/,null*/dvˈiɡa/,null*/dvˈijwʃ/,null*/dɾˈɘta/,null*/zˌaɾˈɛɟja/,null*/zˈaːɾɐɡa/,null*/dˌɔɾɔɟjˈaːʃəˤ/,null*/dɾˈũːnə/,null*/dɾˈũːnə/,null*/dˈãmːəˤ/,null*/dˈɛ̃mːmja/,null*/dˈɛ̃mə/,null*/dləzˈatəˤ/,null*/zˈaːʃa/,null*/nːˈie̯ʃə/,null*/zˈaθa/,null*/dˈiːʎa/,null*/dˈɔːsa/,null*/zˈa/,null*/dəsˈaːʃəˤ/,null*/zˈaɡa/,null*/dəzənda/,null*/nːˈɛːza/,null*/ˈɛ̃nːəstə/,null*/dˈĩe̯ɲa/,null*/dvˈɔːɾa/,null*/dvˈuo̯ɾə/,null*/zˈaːlːa/,null*/ʃkˈɛːʃ/,null*/θˈiːɾə/,null*/ʃə/,null*/ʃə/,null*/ʝˈaʊ̯̃ɲa/,null*/ʝˈaːʃtəˤ/,null*/ʝˈɔːlˠa/,null*/?1əwðˈitə/,null*/?1ˈɛ̃nːna/,null*/?1ˈɛːɾpa/,null*/?1ˈɛːlˠa/,null*/?1ˈɛːlmə/,null*/ʝˈy/,null*/djˈɛːɾsa/,null*/θˈyːʃə/,null*/θˈyːʃ/,null*/ʃˈɛːsᵝʃ/,null*/ʃˈɛka/,null*/ʃəsᵝˈɛ̃mtə̃/,null*/ʝˈũmə/,null*/ʝˈɛːsʃ/,null*/fˈɛːɾa/,null*/fˈɛːɾã/,null*/fˈɛːɾaʃ/,null*/mˈakɾa/,null*/ʝˈũmɐsa/,null*/ʃtˈiɟə/,null*/ʃta/,null*/ʃtəjˈaːʃəˤ/,null*/ʃtˈyːlˠa/,null*/ʃtˈaʊ̯̃nəˤ/,null*/ʃtˈɔ̃ɲa/,null*/ʃtɲˈa/,null*/ʃtˈãɲa/,null*/ʃˈaːlˠa/,null*/kuːʃˈaːlˠa/,null*/ʃtˈiːlbə/,null*/ʃˈaːlˠa/,null*/pəɾəʃtˈɔːlˠə/,null*/ʃtˈie̯ʎa/,null*/ʃt͡ʃəˤ/,null*/ʃtˈiːɾə/,null*/ʃtkma/,null*/ʃtɾˈĩɲa/,null*/pˈi/,null*/rːˈỹməˤ/,null*/rːˈũmə/,null*/ʝˈie̯ɾpɐɾ̃ə/,null*/əpˈɛ̃ɲə/,null*/ʝˈiːɾbja/,null*/ʃəɾbˈitə/,null*/ʃˈɛːɾma/,null*/ʝˈaːlpəˤ/,null*/ʝˈiːlχvə/,null*/nˈɛːsᵝə/,null*/ɲˈata/,null*/nˈitə/,null*/nˈy/,null*/ɲˈãma/,null*/nˈaːʃ/,null*/nˈɛːʃ/,null*/nˈɔːʃə/,null*/nˈɔːʃa/,null*/ə̃nbəʎˈaða/,null*/lˠˈɔːsə/,null*/lˈɔða/,null*/lˈɔðəˤ/,null*/lˈɔːsəˤ/,null*/lˈɔdɾa/,null*/lˈiða/,null*/xlˈɛɟə/,null*/lˈiɟə/,null*/ləθˈitə/,null*/lˈũməˤ/,null*/lˈuːfʃ/,null*/lˈuɡa/,null*/lˈie̯fta/,null*/lˈaa/,null*/lˈie̯xma/,null*/lˈaːxməˤ/,null*/lˈũmə/,null*/lˈye̯dɾə/,null*/luˈiːsa/,null*/rːˈuða/
R401,,,,,,,,,,,,,,,,,,,,,,,,,,,,,,,,,,,,,,,,,,,,,,,,,,,,,,,,,,,,,,,,,,,,,,,,,,,,,,,,,,,,,,,,,,,,,,,,,,,,,,*/ˈɛjθɛː/,,,,,,,,,,,,,,,,,,,,,,,,,,,,,,,,,,,,,,,,,,,,,,,,,,,,,,,,,,,,,,,,,,,,,,,,,,,,,,,,,,,,,,,,,,,,,,,,,,,,,,,,,,,,,,,,,,,,,,,,,,,,,,,,,,,,,,,,,,,,,,,,,,,,,,,,,,,,,,,,,,,,,,,,,,,,,,,,,,,,,,,,,,,,,,,,,,,,,,,,,,,,,,,,,,,,,,,,,,,,,,,,,,,,,,,,,,,,,,,,,,,,,,,,,,,,,,,,,,,,,,,,,,,,,,,,,,,,,,,,,,,,,,,,,,,,,,,,,,,,,,,,,,,,,,,,,,,,,,,,,,,,,,,,,,,,,,,,,,,
R402,,,,,,,,,,,,,,,,,,,,,,,,,,,,,,,,,,,,,,,,,,,,,,,,,,,,,,,,,,,,,,,,,,,,,,,,,,,,,,,,,,,,,,,,,,,,,,,,,,,,,,,,,,,,,,,,,,,*/ˈãmːa/,,,,,,,,,,,,,,,,,,,,,,,,,,,,,,,,,,,,,,,,,,,,,,,,,,,,,,,,,,,,,,,,,,,,,,,,,,,,,,,,,,,,,,,,,,,,,,,,,,,,,,,,,,,,,,,,,,,,,,,,,,,,,,,,,,,,,,,*/mːˈɛ/,*/mːˈitə/,*/mːˈiːʃə/,*/mːˈa/,*/mːnˈy/,*/mːˈəˤ/,,,,,,,,,,,,,,,,,,,,,,,,,,,,,,,,,,,,,,,,,,,,,,,,,,,,,,,,,,,,,,,,,,,,,,,,,,,,,,,,,,,,,*/dˈɛ̃mːja/,,,,,,,,,,,,,,,,,,,,,,,,,,,,,,,,,,,,,,,,,,,,,,,,,,,,,,,,,,,,,,,,,,,,,,,,,,,,,,,,,,,,,,,,,,,,,,,,,,,,,
R403,,,*/θˈiːʃtɾ/,,*/t͡sˈaːɾɐv/,,,*/θˈiːɾxm/,*/t͡sˈaːɾɐc/,,,,*/θˈup/,*/təθˈup/,,,,,*/ðˈɛːv/,,*/zˈɛ̃nd/,*/ffˈit/,*/ffˈiːʃ/,,*/nːˈũːn/,,,*/də̃mˈĩe̯ɾ̃/,*/dvˈĩe̯ɾ̃/,*/dvˈɔɟ/,,,,*/dˈĩmː/,,*/dˈiːʃ/,,,*/dˈuo̯ɾ/,*/dˈiːʎ/,,,,,,*/ˈuːʎ/,,*/xvəʝˈit/,*/ʝˈɛ̃m/,*/xm/,,,*/ʝˈie̯təɾ/,,*/ʝˈiːt͡ʃ/,*/ʝˈit/,*/ʝˈiːʃ/,*/ʝˈiːʃt/,*/ʝˌɛʃˈĩnː/,,,*/ʝˈɛːɾt/,*/xɾˈɛ̃m/,,,,*/xɾˈɛ̃nː/,*/nːˈɛ̃ːnː/,,*/ʝˈɛ̃ːnː/,*/ʝˈɛ̃m/,,,*/kɟˈɔ̃ɲ/,,,,*/?1ˈɔːlˠ/,,*/?1ˈɛːlm/,,,,,*/kɾˈɛp/,*/ç?1ɾˈɛp/,,,,,,,*/ɟˈiːɾð/,,,*/ʝˈɛθ/,,*/ˈiːsᵝ/,*/ˈɛjð/,,,,,,,*/ˈaʊ̯ɟ/,,,,,,,,,,,,,*/ˈaːsɐɾ̃/,,,,,,*/ˈãnd/,*/ˈãnd/,,*/ˈaːlb/,,*/χɾˈɛtf/,*/ˈaːɾf/,*/ˈɛjð/,,*/ˈut/,*/ˈuo̯ʊ̯lˠ/,,*/ʝˈiːɾð/,,*/məˈaːrːəʃ/,*/məˈaːrːət/,*/mˈɔːrː/,,,,,,,*/sᵝˈiːʃ/,*/sᵝˈɛθ/,,,,*/sᵝˈɛːl/,*/sᵝəlˈit/,,,*/kɾˈĩm/,*/ɡˈaːrː/,,,*/ə̃nɡɾˈiːʃ/,*/ˈanɡkm/,,,,,,,,,,,,,*/ʝˈi?1/,,*/xlˈɛɟ/,*/ʝˈiːɾz/,*/xɾˈie̯ff/,,*/vjˈɛːʃ/,*/vjˈɛːt/,*/xvəˈĩnː/,,,,*/vˈie̯t͡ʃ/,*/ftˈie̯ʃ/,*/vˈie̯təθ/,*/vˈie̯t/,,,*/vˈɛːlˠət/,,,,,*/ˈuːlsᵝ/,,,,,*/vɾˈɛ̃nː/,,,,,,,*/pˈɛt/,,,,,,,,,,,,,*/pˈie̯t͡ʃ/,*/pˈɛːʃ/,,,,,*/ə̃nplˈɔ̃nd/,*/pˈɛːlxm/,,,*/plˈac/,,*/plˈie̯ʃt/,,,,*/pəɾ/,*/fˈɛːrː/,,*/pˈɛːɾt/,,,,*/bə̃ɾ̃ˈit/,,,,,*/mːˈit/,*/mːˈiːʃ/,,,,,,*/bə̃ɾ̃ˈɛjs/,,*/bˈĩe̯nːn/,,,*/ə̃nbˈũnːɘʃt/,,,,,,*/bˈɛːɾc/,,,*/bˈɔːrː/,,,,,,,*/mˈɔːsᵝ/,,,*/mˈat/,,*/mˈɔt/,,*/mˈɔːʃ/,,,,,*/mˈɛ̃mʝ/,,,*/mˈat/,,*/mˈɛːlχv/,,*/mˈɛːlxm/,,,*/ʝə̃ndˈikv/,,,,*/t/,,,*/ʃtuːpjˈɛt/,*/tˈɛʊ̯ɾ/,*/tˈɛʊ̯ɾ/,*/tˈuːlː/,,,,,,,,,,*/tɾˈĩm/,,,,,,,,,,,,,,,,*/dɾˈũːn/,*/dɾˈũːn/,,,*/dˈɛ̃m/,,,*/nːˈie̯ʃ/,,,,,,,,,*/ˈɛ̃nːəst/,,,*/dvˈuo̯ɾ/,,,*/θˈiːɾ/,*/ʃ/,*/ʃ/,,,,*/?1əwðˈit/,,,,*/?1ˈɛːlm/,,,*/θˈyːʃ/,,,,*/ʃəsᵝˈɛ̃mt/,*/ʝˈũm/,,,,,,,*/ʃtˈiɟ/,,,,,,,,,,*/ʃtˈiːlb/,,*/pəɾəʃtˈɔːlˠ/,,,*/ʃtˈiːɾ/,,,,,*/rːˈũm/,*/ʝˈie̯ɾpɐɾ̃/,*/əpˈɛ̃ɲ/,,*/ʃəɾbˈit/,,,*/ʝˈiːlχv/,*/nˈɛːsᵝ/,,*/nˈit/,,,,,*/nˈɔːʃ/,,,*/lˠˈɔːs/,,,,,,*/xlˈɛɟ/,*/lˈiɟ/,*/ləθˈit/,,,,,,,,*/lˈũm/,*/lˈye̯dɾ/,,
R404,,,,,,,,,,,,,,,,,,,,,,,,,,,,,,,,,,,,,,,,,,,,,,,,,,,,,,,,,,,,,,,,,,,,,,,,,,,,,,,,,,,,,,,,,,,,,,,,,,,,,,,,,,,,,,,,,,,,,,,,,,,,,,,,,,,,,,,,,,,,,,,,,,,,,,,,,,,,,,,,,,,,,,,,,,,,,,,,,,,,,,,,,,,,,,,,,,,,,,,,,,,,,,,,,,,,,,,,,,,,,,,,,,,,,,,,,,,,,,,,,,,,,,,,,,,,,,,,,,,,,,,,,,,,,,,,,,,,,,,,,,,,,,,,,,,,,,,,,,,,,,,,,,,,,,,,,,,,,,,,,,,,,,,,,,,,,,,,,,,,,,,,,,,,,,,,,,,,,,,,,,,,,,,,,,,,,,,,,,,,,,,,,,,,,,,,,,,,,,,,,,,,,,,,,,,,,,,,,,,,,,,,,,,,,,,,,,,,,,,,,
R405,,,,,,,,,,,,,,,,,,,,,,,,,,,,,,,,,,,,,,,,,,,,,,,,,,,,,,,,,,,,,,,,,,,,,,,,,,,,,,,,,,,,,,,,,,,,,,,,,,,,,,,,,,,,,,,,,,,,,,,,,,,,,,,,,,,,,,,,,,,,,,,,,,,,,,,,,,,,,,,,,,,,,,,,,,,,,,,,,,,,,,,,,,,,,,,,,,,,,,,,,,,,,,,,,,,,,,,,,,,,,,,,,,,,,,,,,,,,,,,,,,,,,,,,,,,,,,,,,,,,,,,,,,,,,,,,,,,,,,,,,,,,,,,,,,,,,,,,,,,,,,,,,,,,,,,,,,,,,,,,,,,,,,,,,,,,,,,,,,,,,,,,,,,,,,,,,,,,,,,,,,,,,,,,,,,,,,,,,,,,,,,,,,,,,,,,,,,,,,,,,,,,,,,,,,,,,,,,,,,,,,,,,,,,,,,,,,,,,,,,,
R406,,,,,,,,,,,,,,,,,,,,,,,,,,,,,,,,,,,,,,,,,,,,,,,,,,,,,,,,,,,,,,,,,,,,,,,,,,,,,,,,,,,,,,,,,,,,,,,,,,,,,,,,,,,,,,,,,,,,,,,,,,,,,,,,,,,,,,,,,,,,,,,,,,,,,,,,,,,,,,,,,,,,,,,,,,,,,,,,,,,,,,,,,,,,,,,,,,,,,,,,,,,,,,,,,,,,,,,,,,,,,,,,,,,,,,,,,,,,,,,,,,,,,,,,,,,,,,,,,,,,,,,,,,,,,,,,,,,,,,,,,,,,,,,,,,,,,,,,,,,,,,,,,,,,,,,,,,,,,,,,,,,,,,,,,,,,,,,,,,,,,,,,,,,,,,,,,,,,,,,,,,,,,,,,,,,,,,,,,,,,,,,,,,,,,,,,,,,,,,,,,,,,,,,,,,,,,,,,,,,,,,,,,,,,,,,,,,,,,,,,,
R407,,,,,,,,,,,,,,,,,,,,,,,,,,,,,,,,,,,,,,,,,,,,,,,,,,,,,,,,,,,,,,,,,,,,,,,,,,,,,,,,,,,,,,,,,,,,,,,,,,,,,,,,,,,,,,,,,,,,,,,,,,,,,,,,,,,,,,,,,,,,,,,,,,,,,,,,,,,,,,,,,,,,,,,,,,,,,,,,,,,,,,,,,,,,,,,,,,,,,,,,,,,,,,,,,,,,,,,,,,,,,,,,,,,,,,,,,,,,,,,,,,,,,,,,,,,,,,,,,,,,,,,,,,,,,,,,,,,,,,,,,,,,,,,,,,,,,,,,,,,,,,,,,,,,,,,,,,,,,,,,,,,,,,,,,,,,,,,,,,,,,,,,,,,,,,,,,,,,,,,,,,,,,,,,,,,,,,,,,,,,,,,,,,,,,,,,,,,,,,,,,,,,,,,,,,,,,,,,,,,,,,,,,,,,,,,,,,,,,,,,,
R408,,,,,,,,,,,,,,,,,,,,,,,,,,,,,,,,,,,,,,,,,,,,,,,,,,,,,,,,,,,,,,,,,,,,,,,,,,,,,,,,,,,,,,,,,,,,,,,,,,,,,,,,,,,,,,,,,,,,,,,,,,,,,,,,,,,,,,,,,,,,,,,,,,,,,,,,,,,,,,,,,,,,,,,,,,,,,,,,,,,,,,,,,,,,,,,,,,,,,,,,,,,,,,,,,,,,,,,,,,,,,,,,,,,,,,,,,,,,,,,,,,,,,,,,,,,,,,,,,,,,,,,,,,,,,,,,,,,,,,,,,,,,,,,,,,,,,,,,,,,,,,,,,*/tə/,,,,,,,,,,,,,,,,,,,,,,,,,,,,,,,,,,,,,,,,,,,,,,,,,,,,,,,,,,,,,,,,,,,,,,,,,,,,,,,,,,,,,,,,,,,,,,,,,,,,,,,,,,,,,,,,,,,,,,,,,,,,,,,,,,,,,,,,
R409,,,,,,,,,,,,,,,,,,,,,,,,,*/nːˈũː/,,,,,,,,,,,,,,,,,,,,,,,,,,,,,,,,,,,,,,,,,,,,,,,,,,,,,,,,,,,,,,,,,,,,,,,,,,,,,,,,,,,,,,,,,,,,,,,,,,,,,,,,,,,,,,,,,,,,,,,,,,,,,,,,,,,,,,,,,,,,,,,,,,,,,,,,,,,,,,,,,,,,,,,,,,,,,,,,,,,,,,,,,,,,,,,,,,,,,,,,,,,,,,,,,,,,,,,,,,,,,,,,,,,,,,,,,,,,,,,,,,,,,,,,,,,,,,,,,,,,,,,,,,,,,,,,,,,,,,,,,,,,,,,,,,,,,,,,,,,,,,,,,,,,,,,,*/dɾˈũː/,*/dɾˈũː/,,,,,,,,,,,,,,,,,,,,,,,,,,,,,,,,,,,,,,,,,,,,,,,,,,,,,,,,,,,,,,,,,,,,,,,,,,,,,,,,,,,,,,,,,,,,,,,,,,,,,,,
R410,,,,,,,,,,,,,,,,,,,,,,,,,,,,,,,,,,,,,,,,,,,,,,,,,,,,,,,,,,,,,,,,,,,,,,,,,,,,,,,,,,,,,,,,,,,,,,,,,,,,,,,,,,,,,,,,,,,,,,,,,,,,,,,,,,,,,,,,,,,,,,,,,,,,,,,,,,,,,,,,,,,,,,,,,,,,,,,,,,,,,,,,,,,,,,,,,,,,,,,,,,,,,,,,,,,,,,,,,,,,,,,,,,,,,,,,,,,,,,,,,,,,,,,,,,,,,,,,,,,,,,,,,,,,,,,,,,,,,,,,,,,,,,,,,,,,,,,,,,,,,,,,,,,,,,,,,,,,,,,,,,,,,,,,,,,,,,,,,,,,,,,,,,,,,,,,,,,,,,,,,,,,,,,,,,,,,,,,,,,,,,,,,,,,,,,,,,,,,,,,,,,,,,,,,,,,,,,,,,,,,,,,,,,,,,,,,,,,,,,,,
R411,,,,,,,,,,,,,,,,,,,,,,,,,,,,,,,,,,,,,,,,,,,,,,,*/xvəʝˈiɛ/,,,,,,,,,,,,,,,,,,*/ʝəɾðˈiɛ/,,,,,,,,,,,,,,,,,,,,,,,,,,,,,,,,,,,,*/ˈũmɛ/,,,,,,*/χvəlcˈiɛ/,,,,,,,,,,,,,,,,,,,,,,,,,,,,,,,,,,,,,,,,,,,,,,,,,,,,,,,,,,,,,,,,,,,,,,,,,,,,,,*/və̃ɾ̃ˈiɛ/,*/vˈɛ̃mɛ/,,,,,,,,,,,,,,,,,,,,,,,,,,,,,,,,,,,,,,,,,,,,,,,,,,,,,,,,,,,,,,,,,,,,,,,,,,,,,,,,,,,,,,,,,,,,,,,,,,,,,,,,,,,,,,,,,,,,,,,,,*/pəɾtˈɛpɛ/,,,,,,,,,,,,,,,,,,,,,,,,,,,*/zˌaɾˈɛɟɛ/,,,,,,*/dˈɛ̃mːɛ/,,,,,,,,,,,,,,,,,,,,,,,,,,,,,,,,,,,,,,,,,,,,,,,,,,,,,,,,,,,,,,,,,,,*/ʝˈiːɾbɛ/,,,,,,,,,,,,,,,,,,,,,,,,,,,,,,,,,,
R412,,,,,,,,,,,,,,,,,,,,,,,,,,,,,,,,,,,,,,,,,,,,,,,,,,,,,,,,,,,,,,,,,,,,,,,,,,,,,,,,,,,,,,,,,,,,,,,,,,,,,,,,,,,,,,,,,,,,,,,,,,,,,,,,,,,,,,,,,,,,,,,,,,,,,,,,,,,,,,,,,,,,,,,,,,,,,,,,,,,,,,,,,,,,,,,,,,,,,,,,,,,,,,,,,,,,,,,,,,,,,,,,,,,,,,,,,,,,,,,,,,,,,,,,,,,,,,,,,,,,,,,,,,,,,,,,,,,,,,,,,,,,,,,,,,,,,,,,,,,,,,,,,,,,,,,,,,,,,,,,,,,,,,,,,,,,,,,,,,,,,,,,,,,,,,,,,,,,,,,,,,,,,,,,,,,,,,,,,,,,,,,,,,,,,,,,,,,,,,,,,,,,,,,,,,,,,,,,,,,,,,,,,,,,,,,,,,,,,,,,,
R413,,,,,,,,,,,,,,,,,,,,,,,,,,,,,,,,,,,,,,,,,,,,,,,,,,,,,,,,,,,,,,,,,,,,,,,,,,,,,,,,,,,,,,,,,,,,,,,,,,,,,,,,,,,,,,,,,,,,,,,,,,,,,,,,,,,,,,,,,,,,,,,,,,,,,,,,,,,,,,,,,,,,,,,,,,,,,,,,,,,,,,,,,,,,,,,,,,,,,,,,,,,,,,,,,,,,,,,,,,,,,,,,,,,,,,,,,,,,,,,,,,,,,,,,,,,,,,,,,,,,,,,,,,,,,,,,,,,,,,,,,,,,,,,,,,,,,,,,,,,,,,,,,,,,,,,,,,,,,,,,,,,,,,,,,,,,,,,,,,,,,,,,,,,,,,,,,,,,,,,,,,,,,,,,,,,,,,,,,,,,,,,,,,,,,,,,,,,,,,,,,,,,,,,,,,,,,,,,,,,,,,,,,,,,,,,,,,,,,,,,,
R414,,,,,,,,,,,,,,,,,,,,,,,,,,,,,,,,,,,,,,,,,,,,,,,,,,,,,,,,,,,,,,,,,,,,,,,,,,,,,,,,,,,,,,,,,,,,,,,,,,,,,,,,,,,,,,,,,,,,,,,,,,,,,,,,,,,,,,,,,,,,,,,,,,,,,,,,,,,,,,,,,,,,,,,,,,,,,,,,,,,,,,,,,,,,,,,,,,,,,,,,,,,,,,,,,,,,,,,,,,,,,,,,,,,,,,,,,,,,,,,,,,,,,,,,,,,,,,,,,,,,,,,,,,,,,,,,,,,,,,,,,,,,,,,,,,,,,,,,,,,,,,,,,,,,,,,,,,,,,,,,,,,,,,,,,,,,,,,,,,,,,,,,,,,,,,,,,,,,,,,,,,,,,,,,,,,,,,,,,,,,,,,,,,,,,,,,,,,,,,,,,,,,,,,,,,,,,,,,,,,,,,,,,,,,,,,,,,,,,,,,,
R415,,,,,,,,,,,,,,,,,,,,,,,,,,,,,,,,,,,,,,,,,,,,,,,,,,,,,,,,,,,,*/ʝˈũːna/,,,,,,,,,,,,,,,,,,,,,,,,,,,,,,,,*/ʝə̃nɡɾˈiːθa/,,,,,,,,,,,,,,,,,,,,,,,,,,,,,,,,,,,,,,,,,,,,,,*/mˈaːrːa/,*/mˈaːrːəʃ/,*/mˈaːrːət/,,,,,,,,,,,,,,,,,,,,,,,,,,,,,,,,,,,,,,,,,,,*/xvˈĩːnː/,,,,,,,,,,,,,,,,,,,,,,,,,,,,,,,,,,,,,,,,,,,,,,,,,,,,,,,,,,,,,,,,,,,,,,,,,,,,,,,,,,,,,,,,,,,,,,,,,,,,,,,,,,,,,,,,,,,,,,,,,,,,,,,,,,,,,,,,,,,,,,,,,,,,,,,,,,,,,,,,,,,,,,,,,,,,,,,,,,,,,,,,,,,,,,,,,,,,,,,,,,,,,,,,,,,,,,,,,,,,,,,,,,,,,,,,,,,,,,,,,,,,,,,,,,,,,,,,,,
R416,,,,,,,,,,,,,,,,,,,,,,,,,,,,,,,,,,,,,,,,,,,,,,,,,,,,,,,,,,,,,,,,,,,,,,,,,,,,,,,,,,,,,,,,,,,,,,,,,,,,,,,,,,,,,,,,,,,,,,,,,,,,,,,,,,,,,,,,,,,,,,,,,,,,,,,,,,,,,,,,,,,,,,,,,,,,,,,,,,,,,,,,,,,,,,,,,,,,,,,,,,,,,,,,,,,,,,,,,,,,,,,,,,,,,,,,,,,,,,,,,,,,,,,,,,,,,,,,,,,,,,,,,,,,,,,,,,,,,,,,,,,,,,,,,,,,,,,,,,,,,,,,,,,,,,,,,,,,,,,,,,,,,,,,,,,,,,,,,,,,,,,,,,,,,,,,,,,,,,,,,,,,,,,,,,,,,,,,,,,,,,,,,,,,,,,,,,,,,,,,,,,,,,,,,,,,,,,,,,,,,,,,,,,,,,,,,,,,,,,,,
R417,,,,,,,,,,,,,,,,,,,,,,,,,,,,,,,,,,,,,,,,,,,,,,,*/xvəʝˈiː/,,,,,,,,,,,,,,,,,,*/ʝəɾðˈiː/,,,,,,,,,,,,,,,,,,,,,,,,,,,,,,,,,,,,,,,*/xvˌiːzˈaː/,,,*/χvəlcˈiː/,,,,,,*/χpˈaːw/,,,,,,,,,,,,,,,,,,,,,,,,,,,,,,,,,,,,,,,,,,,,,,,,,,,,,,,,,,,,,,,,,,,,,,,,*/və̃ɾ̃ˈiː/,,,,,,,,,,,,,,,,,,,,,,,,*/pˈiː/,,,,,,,,,,,,,,,,,,,,,,,,,,,,,,,,,,,,,,,,,,,,,,,,,,,,,,,,,,,,,,,,,,,,,,,,,,,,,,,,,,,,,,,,,,,,,,,,,,,,,,,,,,,,,,,,,,,,,,,,,,,,,,,,,,,,,,,,,,,,,,,,,,,,,,,,,,,,,,,,,,,,,,,,,,,,,,,,,,,,,,,,,,,,,,,,,,,,,,,,,,,,,,,,,,,,,,,,,,,,,,,,,,*/lˈaː/,,,,,,
R418,,,,,,,,,,,,,,,,,,,,,,,,,,,,,,,,,,,,,,,,,,,,,,,,,,,,,,,,,,,,,,,,,,,,,,,,,,,,,,,,,,,,,,,,,,,,,,,,,,,,,,,,,,,,,,,,,,,,,,,,,,,,,,,,,,,,,,,,,,,,,,,,,,,,,,,,,,,,,,,,,,,,,,,,,,,,,,,,,,,,,,,,,,,,,,,,,,,,,,,,,,,,,,,,,,,,,,,,,,,,,,,,,,,,,,,,,,,,,,,,,,,,,,,,,,,,,,,,,,,,,,,,,,,,,,,,,,,,,,,,,,,,,,,,,,,,,,,,,,,,,,,,,,,,,,,,,,,,,,,,,,,,,,,,,,,,,,,,,,,,,,,,,,,,,,,,,,,,,,,,,,,,,,,,,,,,,,,,,,,,,,,,,,,,,,,,,,,,,,,,,,,,,,,,,,,,,,,,,,,,,,,,,,,,,,,,,,,,,,,,,
R419,,,,,,,,,,,,,,,,,,,,,,,,,,,,,,,,,,,,,,,,,,,,,,,,,,,,,,,,,,,,,,,,,,,,,,,,,,,,,,,,,,,,,,,,,,,,,,,,,,,,,,,,,,,,,,,,,,,,,,,,,,,,,,,,,,,,,,,,,,,,,,,,,,,,,,,,,,,,,,,,,,,,,,,,,,,,,,,,,,,,,,,,,,,,,,,,,,,,,,,,,,,,,,,,,,,,,,,,,,,,,,,,,,,,,,,,,,,,,,,,,,,,,,,,,,,,,,,,,,,,,,,,,,,,,,,,,,,,,,,,,,,,,,,,,,,,,,,,,,,,,,,,,,,,,,,,,,,,,,,,,,,,,,,,,,,,,,,,,,,,,,,,,,,,,,,,,,,,,,,,,,,,,,,,,,,,,,,,,,,,,,,,,,,,,,,,,,,,,,,,,,,,,,,,,,,,,,,,,,,,,,,,,,,,,,,,,,,,,,,,,
R420,,,,,,,,,,,,,,,,,,,,,,,,,,,,,,,,,,,,,,,,,,,,,,,,,,,,,,,,,,,,,,,,,,,,,,,,,,,,,,,,,,,,,,,,,,,,,,,,,,,,,,,,,,,,,,,,,,,,,,,,,,,,,,,,,,,,,,,,,,,,,,,,,,,,,,,,,,,,,,,,,,,,,,,,,,,,,,,,,,,,,,,,,,,,,,,,,,,,,,,,,,,,,,,,,,,,,,,,,,,,,,,,,,,,,,,,,,,,,,,,,,,,,,,,,,,,,,,,,,,,,,,,,,,,,,,,,,,,,,,,,,,,,,,,,,,,,,,,,,,,,,,,,,,,,,,,,,,,,,,,,,,,,,,,,,,,,,,,,,,,,,,,,,,,,,,,,,,,,,,,,,,,,,,,,,,,,,,,,,,,,,,,,,,,,,,,,,,,,,,,,,,,,,,,,,,,,,,,,,,,,,,,,,,,,,,,,,,,,,,,,
R421,,,,,,,,,,,,,,,,,,,,,,*/fːˈit/,*/fːˈiːʃ/,,,,,,,,,,,,,,,,,,,,,,,,,,,,,,,,,,,,,,,,,,,,,,,,,,,*/ɟːˈɔ̃ɲ/,,,,,,,,,*/?1ːˈɛːʎa/,,,*/?1ːɾˈɛp/,,,,,,,,,,,,,,,,,,,,,,,,,,,,,,,,,,,,,,,,,,,,,,,,,,,,,,,,,,,,,,,,,,,,,,,,,,,,*/ˈankːm/,,,,,,,,,,,,,,,,,*/xɾˈie̯fː/,,,,,,,,,,,,,,,,,,,,,,,,,,,,,,,,,,,,,,,,,,,,,,,,,,,,,,,,,,,,,,,,,,,,,,,,,,,,,,,,,*/bˈĩe̯nː/,,,,,,,,,,,,,,,,,,,,,,,,,,,,,,,,,,,,,,,,,,,,,,,,,,,,,,,,,,,,,,,,,,,,,,,,,,,,,,,,,,,,,,,,,,,,,,,,,,,,,,,,,,*/?1ˈɛ̃nːa/,,,,,,,,,,,,*/ʝˈɛːʃː/,,,,,,,,,,,,,,,,,,,,,,,,,,,,,,,,,,,,,,,,,,,,,,,,,,,,,,,,,,,,,,,
R422,,,,,,,,,,,,,,,,,,,,,,,,,,,,,,,,,,,,,,,,,,,,,,,,,,,,,,,,,,,,,,,,,,,,,,,,,,,,,,,,,,,,,,,,,,,,,,,,,,,,,,,,,,,,,,,,,,,,,,,,,,,,,,,,,,,,,,,,,,,,,,,,,,,,,,,,,,,,,,,,,,,,,,,,,,,,,,,,,,,,,,,,,,,,,,,,,,,,,,,,,,,,,,,,,,,,,,,,,,,,,,,,,,,,,,,,,,,,,,,,,,,,,,,,,,,,,,*/nːˈy/,,,,,,,,,,,,,,,,,,,,,,,,,,,,,,,,,,,,,,,,,,,,,,,,,,,,,,,,,,,,,,,,,,,,,,,,,,,,,,,,,,,,,,,,,,,,,,,,,,,,,,,,,,,,,,,,,,,,,,,,,,,,,,,,,,,,,,,,,,,,,,,,,,,,,,,,,,,,,,,,,,,,,,,,,,,,,,,,,,,,,,,,,,,
R423,,,,,,,,,,,,,,,,,,,,,,,,,,,,,,,,,,,,,,,,,,,,,,,,,,,,,,,,,,,,,,,,,,,,,,,,,,,,,,,,,,,,,,,,,,,,,,,*/wˈɔtɾa/,,,,,,,,,,,,,,,,,,,,,,,,,,,,,,,,,,,,,,,,*/wˈɔʊ̯lˠ/,*/wˈɔʊ̯lˠəˤ/,,,,,,,,,,,,,,,,,,,,,,,,,,,,,,,,,,,,,,,,,,,,,,,,,,,,,,,,,,,,,,,,,,,,,,,,,,,,,,,,,,,,,,,,,,,,,,,,,,,,,,,,,,,,,,,,,,,,,,,,,,,,,,,,,,,,,,,,,,,,,,,,,,,,,,,,,,,,,,,,,,,,,,,,,,,,,,,,,,,,,,,,,,,,,,,,,,,,,,,,,,,,,,,,,,,,,,,,,,,,,,,,,,,,,,,,,,,,,,,,,,,,,,,,,,,,,,,,,,,,,,,,,,,,,,,,,,,,,,,,,,,,,,,,,,,,,,,,,,,,,,,,,
R424,,,,,,,,,,,,,,,,,,,,,,,,,,,,,,,,,,,,,,,,,,,,,,,,,,,,,,,,,,,,,,,,,,,,,,,,,,,,,,,,,,,,,,,,,,,,,,,,,,,,,,,,,,,,,,,,,,,,,,,,,,,,,,,,,,,,,,,,,,,,,,,,,,,,,,,,,,,,,,,,,,,,,,,,,,,,,,,,,,,,,,,,,,,,,,,,,,,,,,,,,,,,,,,,,,,,,,,,,,,,,,,,,,,,,,,,,,,,,,,,,,,,,,,,,,,,,,,,,,,,,,,,,,,,,,,,,,,,,,,,,,,,,,,,,,,,,,,,,,,,,,,,,,,,,,,,,,,,,,,,,,,,,,,,,,,,,,,,,,,,,,,,,,,,,,,,,,,,,,,,,,,,,,,,,,,,,,,,,,,,,,,,,,,,,,,,,,,,,,,,,,,,,,,,,,,,,,,,,,,,,,,,,,,,,,,,,,,,,,,,,
R425,,,,,,,,,,,,,,,,,,,,,,,,,,,,*/də̃mjˈɛɾ̃/,,,,,,,,,,,,,,,,,,,,,,,,,,,,,,,,,,,,,,,,,,,,,,,,,,,,,,,,,,,,,,,,,,,,,,,,,,,,,,,,,,,,,,,,,,,,,,,,,,,,,,,,,,,,,,,,,,,,,,,,,,,,,,,,,,,,,,,,,,,,,,,,,,,,,,,,,,,,,,,,,,,,,,,,,,,,,,,,,,,,,,,,,,,,,,,,,,,,,,,,,,,,,,,,,,,,,,,,,,,,,,,,,,,,,,,,,,,,,,,,,,,,,,,,,,,,,,,,,*/mə̃ndjˈɛʃa/,,,,,,,,,,,,,,,,,,,,,,,,,,,,,,,,,,,,,,,,,,,,,,,,,,,,,,,,,,,,,,,,,,,,,,,,,,,,,,,,,,,,,,,,,,,,,,,,,,,,,,,,,,,,,,,,,,,,,,,,,,,,,,,,,,,,,,,,,,,,,,,,,,,,,,,,,,,,
R426,,,,,,,,,,,,,,,,,,,,,,,,,,,,,,,,,,,,,,,,,,,,,,,,,,,,,,,,,,,,,,,,,,,,,,,,,,,,,,,,,,,,,,,,,,,,,,,,,,,,,,,,,,,,,,,,,,,,,,,,,,,,,,,,,,,,,,,,,,,,,,,,,,,,,,,,,,,,,,,,,,,,,,,,,,,,,,,,,,,,,,,,,,,,,,,,,,,,,,,,,,,,,,,,,,,,,,,,,,,,,,,,,,,,,,,,,,,,,,,,,,,,,,,,,,,,,,,,,,,,,,,,,,,,,,,,,,,,,,,,,,,,,,,,,,,,,,,,,,,,,,,,,,,,,,,,,,,,,,,,,,,,,,,,,,,,,,,,,,,,,,,,,,,,,,,,,,,,,,,,,,,,,,,,,,,,,,,,,,,,,,,,,,,,,,,,,,,,,,,,,,,,,,,,,,,,,,,,,,,,,,,,,,,,,,,,,,,,,,,,,
R427,,,,,,,,,,,,,,,,,,,,,,,,,,,,,,,,,,,,,,,,,,,,,,,,,,,,,,,,,,,,,,,,,,,,,,,,,,,,,,,,,,,,,,,,,,,,,,,,,,,,,,,,,,,,,,,,,,,,,,,,,,,,,,,,,,,,,,,,,,,,,,,,,,,,,,,,,,,,,,,,,,,,,,,,,,,,,,,,,,,,,,,,,,,,,,,,,,,,,,,,,,,,,,,,,,,,,,,,,,,,,,,,,,,,,,,,,,,,,,,,,,,,,,,,,,,,,,,,,,,,,,,,,,,,,,,,,,,,,,,,,,,,,,,,,,,,,,,,,,,,,,,,,,,,,,,,,,,,,,,,,,,,,,,,,,,,,,,,,,,,,,,,,,,,,,,,,,,,,,,,,,,,,,,,,,,,,,,,,,,,,,,,,,,,,,,,,,,,,,,,,,,,,,,,,,,,,,,,,,,,,,,,,,,,,,,,,,,,,,,,,
R428,,,,,,,,,,,,,,,,,,,,,,,,,,,,,,,,,,,,,,,,,,,,,,,,,,,,,,,,,,,,,,,,,,,,,,,,,,,,,,,,,,,,,,,,,,,,,,,,,,,,,,,,,,,,,,,,,,,,,,,,,,,,,,,,,,,,,,,,,,,,,,,,,,,,,,,,,,,,,,,,,,,,,,,,,,,,,,,,,,,,,,,,,,,,,,,,,,,,,,,,,,,,,,,,,,,,,,,,,,,,,,,,,,,,,,,,,,,,,,,,,,,,,,,,,,,,,,,,,,,,,,,,,,,,,,,,,,,,,,,,,,,,,,,,,,,,,,,,,,,,,,,,,,,,,,,,,,,,,,,,,,,,,,,,,,,,,,,,,,,,,,,,,,,,,,,,,,,,,,,,,,,,,,,,,,,,,,,,,,,,,,,,,,,,,,,,,,,,,,,,,,,,,,,,,,,,,,,,,,,,,,,,,,,,,,,,,,,,,,,,,
R429,,,,,,,,,,,,,,,,,,,,,,,,,,,,,,,,,,,,,,,,,,,,,,,,,,,,,,,,,,,,,,,,,,,,,,,,,,,,,,,,,,,,,,,,,,,,,,,,,,,,,,,,,,,,,,,,,,,,,,,,,,,,,,,,,,,,,,,,,,,,,,,,,,,,,,,,,,,,,,,,,,,,,,,,,,,,,,,,,,,,,,,,,,,,,,,,,,,,,,,,,,,,,,,,,,,,,,,,,,,,,,,,,,,,,,,,,,,,,,,,,,,,,,,,,,,,,,,,,,,,,,,,,,,,,,,,,,,,,,,,,,,,,,,,,,,,,,,,,,,,,,,,,,,,,,,,,,,,,,,,,,,,,,,,,,,,,,,,,,,,,,,,,,,,,,,,,,,,,,,,,,,,,,,,,,,,,,,,,,,,,,,,,,,,,,,,,,,,,,,,,,,,,,,,,,,,,,,,,,,,,,,,,,,,,,,,,,,,,,,,,
R430,,,,,,,,,,,,,,,,,,,,,,,,,,,,,,,,,,,,,,,,,,,,,,,,,,,,,,,,,,,,,,,,,,,,,,,,,,,,,,,,,,,,,,,,,,,,,,,,,,,,,,,,,,,,,,,,,,,,,,,,,,,,,,,,,,,,,,,,,,,,,,,,,,,,,,,,,,,,,,,,,,,,,,,,,,,,,,,,,,,,,,,,,,,,,,,,,,,,,,,,,,,,,,,,,,,,,,,,,,,,,,,,,,,,,,,,,,,,,,,,,,,,,,,,,,,,,,,,,,,,,,,,,,,,,,,,,,,,,,,,,,,,,,,,,,,,,,,,,,,,,,*/ʝndəkvjˈaːʃəˤ/,,,,,,,,,,,,,,,,,,,,,,,,,,,,,,,,,,,,,,,,,,,,,,,,,,,,,,,,,,,,,,,,,,,,,,,,,,,,,,,,,,,,,,,,,,,,,,,,,,,,,,,,,,,,,,,,,,,,,,,,,,,,,,,,,,,,,,,,,,,
R431,,,,,,,,,,,,,,,,,,,,,,,,,,,,,,,,,,,,,,,,,,,,,,,,,,,,,,,,,,,,,,,,,,,,,,,,,,,,,,,,,,,,,,,,,,,,,,,,,,,,,,,,,,,,,,,,,,,,,,,,,,,,,,,,,,,,,,,,,,,,,,,,,,,,,,,,,,,,,,,,,,,,,,,,,,,,,,,,,,,,,,,,,,,,,,,,,,,,,,,,,,,,,,,,,,,,,,,,,,,,,,,,,,,,,,,,,,,,,,,,,,,,,,,,,,,,,,,,,,,,,,,,,,,,,,,,,,,,,,,,,,,,,,,,,,,,,,,,,,,,,,,,,,,,,,,,,,,,,,,,,,,,,,,,,,,,,,,,,,,,,,,,,,,,,,,,,,,,,,,,,,,,,,,,,,,,,,,,,,,,,,,,,,,,,,,,,,,,,,,,,,,,,,,,,,,,,,,,,,,,,,,,,,,,,,,,,,,,,,,,,
R432,,,,,,,,,,,,,,,,,,,,,,,,,,,,,,,,,,,,,,,,,,,,,,,,,,,,,,,,,,,,,,,,,,,,,,,,,,,,,,,,,,,,,,,,,,,,,,,,,,,,,,,,,,,,,,,,,,,,,,,,,,,,,,,,,,,,,,,,,,,,,,,,,,,,,,,,,,,,,,,,,,,,,,,,,,,,,,,,,,,,,,,,,,,,,,,,,,,,,,,,,,,,,,,,,,,,,,,,,,,,,,,,,,,,,,,,,,,,,,,,,,,,,,,,,,,,,,,,,,,,,,,,,,,,,,,,,,,,,,,,,,,,,,,,,,,,,,,,,,,,,,,,,,,,,,,,,,,,,,,,,,,,,,,,,,,,,,,,,,,,,,,,,,,,,,,,,,,,,,,,,,,,,,,,,,,,,,,,,,,,,,,,,,,,,,,,,,,,,,,,,,,,,,,,,,,,,,,,,,,,,,,,,,,,,,,,,,,,,,,,,
R433,,,,,,,,,,,,,,,,,,,,,,,,,,,,,,,,,,,,,,,,,,,,,,,,,,,,,,,,,,,,,,,,,,,,,,,,,,,,,,,,,,,,,,,,,,,,,,,,,,,,,,,,,,,,,,,,,,,,,,,,,,,,,,,,,,,,,,,,,,,,,,,,,,,,,,,,,,,,,,,,,,,,,,,,,,,,,,,,,,,,,,,,,,,,,,,,,,,,,,,,,,,,,,,,,,,,,,,,,,,,,,,,,,,,,,,,,,,,,,,,,,,,,,,,,,,,,,,,,,,,,,,,,,,,,,,,,,,,,,,,,,,,,,,,,,,,,,,,,,,,,,,,,,,,,,,,,,,,,,,,,,,,,,,,,,,,,,,,,,,,,,,,,,,,,,,,,,,,,,,,,,,,,,,,,,,,,,,,,,,,,,,,,,,,,,,,,,,,,,,,,,,,,,,,,,,,,,,,,,,,,,,,,,,,,,,,,,,,,,,,,
R434,,,,,,,,,,,,,,,,,,,,,,,,,,,,,,,,,,,,,,,,,,,,,,,,,,,,,,,,,,,,,,,,,,,,,,,,,,,,,,,,,,,,,,,,,,,,,,,,,,,,,,,,,,,,,,,,,,,,,,,,,,,,,,,,,,,,,,,,,,,,,,,,,,,,,,,,,,,,,,,,,,,,,,,,,,,,,,,,,,,,,,,,,,,,,,,,,,,,,,,,,,,,,,,,,,,,,,,,,,,,,,,,,,,,*/ə̃mplˈɔ̃ɲa/,*/ə̃mplˈɔ̃nd/,,,,,,,,,,,,,,,,,,,,,,,,,,,,,,,,,,*/ə̃mbˈũnːɘʃt/,,,,,,,,,,,,,,,,,,,,,,,,,,,,,,,,,,,,,,,,,,,,,,,,,,,,,,,,,,,,,,,,,,,,,,,,,,,,,,,,,,,,,,,,,,,,,,,,,,,,,,,,,,,,,,,,,,,,,,,,,,,,,,,,,,,,,,,,,,,,,,,,,,,,,,,,,,,,,,*/ə̃mbəʎˈaða/,,,,,,,,,,,,,,,,,,,,
R435,,,,,,,,,,,,,,,,,,,,,,,,,,,,,,,,,,,,,,,,,,,,,,,,,,,,,,,,,,,,,,,,,,,,,,,,,,,,,,,,,,,,,,,,,,,,,,,,,,,,,,,,,,,,,,,,,,,,,,,,,,,,,,,,,,,,,,,,,,,,,,,,,,,,,,,,,,,,,,,,,,,,,,,,,,,,,,,,,,,,,,,,,,,,,,,,,,,,,,,,,,,,,,,,,,,,,,,,,,,,,,,,,,,,,,,,,,,,,,,,,,,,,,,,,,,,,,,,,,,,,,,,,,,,,,,,,,,,,,,,,,,,,,,,,,,,,,,,,,,,,,,,,,,,,,,,,,,,,,,,,,,,,,,,,,,,,,,,,,,,,,,,,,,,,,,,,,,,,,,,,,,,,,,,,,,,,,,,,,,,,,,,,,,,,,,,,,,,,,,,,,,,,,,,,,,,,,,,,,,,,,,,,,,,,,,,,,,,,,,,,
R436,,,,,,,,,,,,,,,,,,,,,,,,,,,,,,,,,,,,,,,,,,,,,,,,,,,,,,,,,,,,,,,,,,,,,,,,,,,,,,,,,,,,,,,,,,,,,,,,,,,,,,,,,,,,,,,,,,,,,,,,,,,,,,,,,,,,,,,,,,,,,,,,,,,,,,,,,,,,,,,,,,,,,,,,,,,,,,,,,,,,,,,,,,,,,,,,,,,,,,,,,,,,,,,,,,,,,,,,,,,,,,,,,,,,,,,,,,,,,,,,,,,,,,,,,,,,,,,,,,,,,,,,,,,,,,,,,,,,,,,,,,,,,,,,,,,,,,,,,,,,,,,,,,,,,,,,,,,,,,,,,,,,,,,,,,,,,,,,,,,,,,,,,,,,,,,,,,*/djˈɛɲa/,,,,,,,,,,,,,,,,,,,,,,,,,,,,,,,,,,,,,,,,,,,*/ʃtjˈɛʎa/,,,,,,,,*/ʝjˈɛɾpɐɾ̃/,,,,,,,,,,,,,,,,,,,,,,,,,,,,,,,,,,,,
R437,,,,,,,,,,,,,,,,,,,,,,,,,,,,,,,,,,,,,,,,,,,,,,,,,,,,,*/ʝjˈɛtəɾ/,,,,,,,,,,,,,,,,,,,,,,,,,,,,,,,,,,,,,,,,,,,,,,,,,,,,,,,,,,,,,,,,,,,,,,,,,,,,,,,,,,,,,,,,,,,,,,,,,,,,,,,,,,,,,,,,,,,,,,,,,,,*/ʝjˈɛʃtɐɾ̃a/,,,*/xɾjˈɛfː/,,,,,,,,*/vjˈɛt͡ʃ/,*/ftjˈɛʃ/,*/vjˈɛtəθ/,*/vjˈɛt/,,,,,,,,,,,,,,,,,,,,,*/pjˈɛt͡ʃa/,,,,,,,,,,,,*/pjˈɛt͡ʃ/,,,,,,,,,,,,*/pljˈɛʃt/,,,,,,,,,,,,,,,,,,,,,,,,,,,,,,,,,,,,,,,,,,,,,,,,,,,,,,,,,,,,,,,,,,,,,,,,,,,,,,,,,,,,,,,,,,,,,*/ʝjˈɜðɐɾ̃əˤ/,,,,,,,,,,,,,,,,*/nːjˈɛʃ/,,,,,,,,,,,,,,,,,,,,,,,,,,,,,,,,,,,,,,,,,,,,,,,,,,,,,,,,,,,,,,,,,,,,,,,,,,,,,,,,,,,,,,,,,,*/ljˈɛfta/,,*/ljˈɛxma/,,,,,
R438,,,,,,,,,,,,,,,,,,,,,,,,,,,,,,,,,,,,,,,,,,,*/ɟˈɛːʃ/,*/ɟˈiːʃtəʃ/,*/ɟˈy/,,*/xvəɟˈiː/,*/xvəɟˈit/,*/ɟˈɛ̃m/,,,,*/ɟjˈɛtəɾ/,*/ɟˈɛːsa/,*/ɟˈiːt͡ʃ/,*/ɟˈit/,*/ɟˈiːʃ/,*/ɟˈiːʃt/,*/ɟˌɛʃˈĩnː/,*/ɟˈũːna/,*/ɟˈaːɾða/,*/ɟˈɛːɾt/,,,*/ɟəɾðˈiː/,,,,*/ɟˈyːʃ/,*/ɟˈɛ̃ːnː/,*/ɟˈɛ̃m/,,,,,,,,,,,,,,,,,,,,,*/ɟə̃nɡɾˈiːθa/,,,,*/ɟˈɛθ/,*/ɟˌaθˈɔtəˤ/,,,,,,,,,,,,,,,,,,,,,,,,,,,,,,,,,,,,,,,,*/ɟˈiːɾð/,,,,,,,,,,,,,,,,,,,,,,,,,,,,,,,,*/ɟətˈɔtəˤ/,,*/ɟˈɔːʃa/,*/ɟˈɔːʃa/,*/ɟˈãma/,*/ɟˈɛdɾa/,*/ɟˈi?1/,*/ɟjˈɛʃtɐɾ̃a/,,*/ɟˈiːɾz/,,,,,,,,,,,,,,,,,,,,,,,,,,,,,,,,,,,,,,,,,,,,,,,,,,,,,,,,*/ɟəfˈaːlˠa/,,,,,,,,,,,,,,,,,,,,,,,,,,,,,,,,,,,,,,,,,,,,,,,,,,,,,,,,,*/mˈɛ̃mɟ/,,,,,,,,,*/ɟəsˈaka/,*/ɟə̃ndˈikv/,*/ɟndəkvjˈaːʃəˤ/,*/ɟə̃ndˈɛkvit/,,,,,,,,,*/ɟə̃ndˈɛ̃ɲa/,,,,,,,,,,,,,,,,*/ɟjˈɜðɐɾ̃əˤ/,*/ɟˈɘðɘɟəˤ/,*/ɟˈɘðɐta/,,,,,,,,,,,,,,,,,,,,,,,,,,,,,,,,*/ɟˈaʊ̯̃ɲa/,*/ɟˈaːʃtəˤ/,*/ɟˈɔːlˠa/,,,,,,*/ɟˈy/,,,,,,,*/ɟˈũm/,*/ɟˈɛːʃː/,,,,,*/ɟˈũmɐsa/,,,,,,,,,,,,,,,,,,,,,,*/ɟjˈɛɾpɐɾ̃/,,*/ɟˈiːɾbɛ/,,,*/ɟˈaːlpəˤ/,*/ɟˈiːlχv/,,,,,,,,,,,,,,,,,,,,,,,,,,,,,,
R439,,,,,,,,,,,,,,,,,,,,,,,,,,,,,,,,,,,,,,,,,,,,,,,,,,,,,,,,,,,,,,,,,,,,,,,,,,,,,,,,,,,,,,,,,,,,,,,,,,,,,,,,,,,,,,,,,,,,,,,,,,,,,,,,,,,,,,,,,,,,,,,,,,,,,,,,,,,,,,,,,,,,,,,,,,,,,,,,,,,,,,,,,,,,,,,,,,,,,,,,,,,,,,,,,,,,,,,,,,,,,,,,,,,,,,,,,,,,,,,,,,,,,,,,,,,,,,,,,,,,,,,,,,,,,,,,,,,,,,,,,,,,,,,,,,,,,,,,,,,,,,,,,,,,,,,,,,,,,,,,,,,,,,,,,,,,,,,,,,,,,,,,,,,,,,,,,,,,,,,,,,,,,,,,,,,,,,,,,,,,,,,,,,,,,,,,,,,,,,,,,,,,,,,,,,,,,,,,,,,,,,,,,,,,,,,,,,,,,,,,,
R440,,,,,,,,,,,,,,,,,,,,,,,,,,,,,,,,,,,,,,,,,,,,,,,,,,,,,,,,,,,,,,,,,,,,,,,,,,,,,,,,,,,,,,,,,,,,,,,,,,,,,,,,,,,,,,,,,,,,,,,,,,,,,,,,,,,,,,,,,,,,,,,,,,,,,,,,,,,,,,,,,,,,,,,,,,,,,,,,,,,,,,,,,,,,,,,,,,,,,,,,,,,,,,,,,,,,,,,,,,,,,,,,,,,,,,,,,,,,,,,,,,,,,,,,,,,,,,,,,,,,,,,,,,,,,,,,,,,,,,,,,,,,,,,,,,,,,,,,,,,,,,,,,,,,,,,,,,,,,,,,,,,,,,,,,,,,,,,,,,,,,,,,,,,,,,,,,,,,,,,,,,,,,,,,,,,,,,,,,,,,,,,,,,,,,,,,,,,,,,,,,,,,,,,,,,,,,,,,,,,,,,,,,,,,,,,,,,,,,,,,,
R441,,,,,,,,,,,,,,,,,,,,,,,,,,,,,*/dˈĩe̯ɾ̃/,*/dˈɔɟ/,,,,,,,,,,,,,,,,,,,,,,,,,,,,,,,,,,,,,,,,,,,,,,,,,,,,,,,,,,*/ɡˈɛj/,*/ɡˈɛj/,,,,,,,,,,,,,,,,,,,,,,,,,,,,,,,,,,,,,,,,,,,,,,,,,,,,,,,,,,,,,,,,,,,,,,,,,,,,,,,,,,,,,,,,,,,,,,,,,,,,,,,,,,,,,,,,,,,,,,,,,,,,,,,,,,,,,,,,,,,,,,,,,,,,,,,,,,,,,,,,,,,,,,,,,,,,*/bˈɔta/,,,,,,,,,,,,,,,,,,,,,,,,,,,,,,,,,,,,,,,,,,*/ɟə̃ndˈɛkit/,,,,,,,,,,,,,,,,,,,,,,,,,,,,*/dˈiɡa/,*/dˈijwʃ/,,,,,,,,,,,,,,,,,,,,,,,*/dˈɔːɾa/,*/dˈuo̯ɾ/,,,,,,,,,,,,,,,,,,,,,,,,,,,,,,,,,,,,,,,,,,,,,,,,,,,,,,,,,,,,,,,,,,,,,,,,,,,,,,,,,,,,,
R442,,,,,,,,,,,,,,,,,,,,,,,,,,,,,,,,,,,,,,,,,,,,,,,,,,,,,,,,,,,,,,,,,,,,,,,,,,,,,,,,,,,,,,,,,,,,,,,,,,,,,,,,,,,,,,,,,,,,,,,,,,,,,,,,,,,,,,,,,,,,,,,,,,,,,,,,,,,,,,,,,,,,,,,,,,,,,,,,,,,,,,,,,,,,,,,,,,,,,,,,,,,,,,,,,,,,,,,,,,,,,,,,,,,,,,,,,,,,,,,,,,,,,,,,,,,,,,,,,,,,,,,,,,,,,,,,,,,,,,,,,,,,,,,,,,,,,,,,,,,,,,,,,,,,,,,,,,,,,,,,,,,,,,,,,,,,,,,,,,,,,,,,,,,,,,,,,,,,,,,,,,,,,,,,,,,,,,,,,,,,,,,,,,,,,,,,,,,,,,,,,,,,,,,,,,,,,,,,,,,,,,,,,,,,,,,,,,,,,,,,,
R443,,,,,,,,,,,,,,,,,,,,,,,,,,,,,,,,,,,,,,,,,,,,,,,,,,,,,,,,,,,,,,,,,,,,,,,,,,,,,,,,,,,,,,,,,,,,,,,,,,,,,,,,,,,,,,,,,,,,,,,,,,,,,,,,,,,,,,,,,,,,,,,,,,,,,,,,,,,,,,,,,,,,,,,,,,,,,,,,,,,,,,,,,,,,,,,,,,,,,,,,,,,,,,,,,,,,,,,,,,,,,,,,,,,,,,,,,,,,,,,,,,,,,,,,,,,,,,,,,,,,,,,,,,,,,,,,,,,,,,,,,,,,,,,,,,,,,,,,,,,,,,,,,,,,,,,,,,,,,,,,,,,,,,,,,,,,,,,,,,,,,,,,,,,,,,,,,,,,,,,,,,,,,,,,,,,,,,,,,,,,,,,,,,,,,,,,,,,,,,,,,,,,,,,,,,,,,,,,,,,,,,,,,,,,,,,,,,,,,,,,,
R444,,,,,,,,,,,,,,,,,,,,,,,,,,,,,,,,,,,,,,,,,,,,,,,,,,,,,,,,,,,,,,,,,,,,,,,,,,,,,,,,,,,,,,,,,,,,,,,,,,,,,,,,,,,,,,,,,,,,,,,,,,,,,,,,,,,,,,,,,,,,,,,,,,,,,,,,,,,,,,,,,,,,,,,,,,,,,,,,,,,,,,,,,,,,,,,,,,,,,,,,,,,,,,,,,,,,,,,,,,,,,,,,,,,,,,,,,,,,,,,,,,,,,,,,,,,,,,,,,,,,,,,,,,,,,,,,,,,,,,,,,,,,,,,,,,,,,,,,,,,,,,,,,,,,,,,,,,,,,,,,,,,,,,,,,,,,,,,,,,,,,,,,,,,,,,,,,,,,,,,,,,,,,,,,,,,,,,,,,,,,,,,,,,,,,,,,,,,,,,,,,,,,,,,,,,,,,,,,,,,,,,,,,,,,,,,,,,,,,,,,,
R445,,,,,,,,,,,,,,,,,,,,,,,,,,,,,,,,,,,,,,,,,,,,,,,,,,,,,,,,,,,,,,,,,,,,,,,,,,,,,,,,,,,,,,,,,,,,,,,,,,,,,,,,,,,,,,,,,,,,,,,,,,,,,,,,,,,,,,,,,,,,,,,,,,,,,,,,,,,,,,,,,,,,,,,,,,,,,,,,,,,,,,,,,,,,,,,,,,,,,,,,,,,,,,,,,,,,,,,,,,,,,,,,,,,,,,,,,,,,,,,,,,,,,,,,,,,,,,,,,,,,,,,,,,,,,,,,,,,,,,,,,,,,,,,,,,,,,,,,,,,,,,,,,,,,,,,,,,,,,,,,,,,,,,,,,,,,,,,,,,,,,,,,,,,,,,,,,,,,,,,,,,,,,,,,,,,,,,,,,,,,,,,,,,,,,,,,,,,,,,,,,,,,,,,,,,,,,,,,,,,,,,,,,,,,,,,,,,,,,,,,,
R446,,,,,,,,,,,,,,,,,,,,,,,,,,,,,,,,,,,,,,,,,,,,,,,,,,,,,,,,,,,,,,,,,,,,,,,,,,,,,,,,,,,,,,,,,,,,,,,,,,,,,,,,,,,,,,,,,,,,,,,,,,,,,,,,,,,,,,,,,,,,,,,,,,,,,,,,,,,,,,,,,,,,,,,,,,,,,,,,,,,,,,,,,,,,,,,,,,,,,,,,,,,,,,,,,,,,,,,,,,,,,,,,,,,,,,,,,,,,,,,,,,,,,,,,,,,,,,,,,,,,,,,,,,,,,,,,,,,,,,,,,,,,,,,,,,,,,,,,,,,,,,,,,,,,,,,,,,,,,,,,,,,,,,,,,,,,,,,,,,,,,,,,,,,,,,,,,,,,,,,,,,,,,,,,,,,,,,,,,,,,,,,,,,,,,,,,,,,,,,,,,,,,,,,,,,,,,,,,,,,,,,,,,,,,,,,,,,,,,,,,,
R447,,,,,,,,,,,,,,,,,,,,,,,,,,,,,,,,,,,,,,,,,,,,,,,,,,,,,,,,,,,,,,,,,,,,,,,,,,,,,,,,,,,,,,,,,,,,,,,,,,,,,,,,,,,,,,,,,,,,,,,,,,,,,,,,,,,,,,,,,,,,,,,,,,,,,,,,,,,,,,,,,,,,,,,,,,,,,,,,,,,,,,,,,,,,,,,,,,,,,,,,,,,,,,,,,,,,,,,,,,,,,,,,,*/plˠˈaːsa/,,,,,,,,,,,,,,,,,,,,,,,,,,,,,,,,,,,,,,,,,,,,,,,,,,,,,,,,,,,,,,,,,,,,,,,,,,,,,,,,,,,,,,,,,,,,,,,,,,,,,,,,,,,,,,,,,,,,,,,,,,,,,,,,,,,,,,,,,,,,,,,,,,,,,,,,,,,,,,,,,,,,,,,,,,,,,,,,,,,,,,,,,,,,,,,,,,,,,,,,,,,,,,,,,,,,,,,,
R448,,,,,,,,,,,,,,,,,,,,,,,,,,,,,,,,,,,,,,,,,,,,,,,,,,,,,,,,,,,,,,,,,,,,,,,,,,,,,,,,,,,,,,,,,,,,,,,,,,,,,,,,,,,,,,,,,,,,,,,,,,,,,,,,,,,,,,,,,,,,,,,,,,,,,,,,,,,,,,,,,,,,,,,,,,,,,,,,,,,,,,,,,,,,,,,,,,,,,,,,,,,,,,,,,,,,,,,,,,,,,,,,,,,,,,,,,,,,,,,,,,,,,,,,,,,,,,,,,,,,,,,,,,,,,,,,,,,,,,,,,,,,,,,,,,,,,,,,,,,,,,,,,,,,,,,,,,,,,,,,,,,,,,,,,,,,,,,,,,,,,,,,,,,,,,,,,,,,,,,,,,,,,,,,,,,,,,,,,,,,,,,,,,,,,,,,,,,,,,,,,,,,,,,,,,,,,,,,,,,,,,,,,,,,,,,,,,,,,,,,,
R449,,,,,,,,,,,,,,,,,,,,,,,,,,,,,,,,,,,,,,,,,,,,,,,,,,,,,,,,,,,,,,,,,,,,,,,,,,,,,,,,,,,,,,,,,,,,,,,,,,,,,,,,,,,,,,,,,,,,,,,,,,,,,,,,,,,,,,,,,,,,,,,,,,,,,,,,,,,,,,,,,,,,,,,,,,,,,,,,,,,,,,,,,,,,,,,,,,,,,,,,,,,,,,,,,,,,,,,,,,,,,,,,,,,,,,,,,,,,,,,,,,,,,,,,,,,,,,,,,,,,,,,,,,,,,,,,,,,,,,,,,,,,,,,,,,,,,,,,,,,,,,,,,,,,,,,,,,,,,,,,,,,,,,,,,,,,,,,,,,,,,,,,,,,,,,,,,,,,,,,,,,,,,,,,,,,,,,,,,,,,,,,,,,,,,,,,,,,,,,,,,,,,,,,,,,,,,,,,,,,,,,,,,,,,,,,,,,,,,,,,,
R450,,,,,,,,,,,,,,,,,,,,,,,,,,,,,,,,,,,,,,,,,,,,,,,,,,,,,,,,,,,,,,,,,,,,,,,,,,,,,,,,,,,,,,,,,,,,,,,,,,,,,,,,,,,,,,,,,,,,,,,,,,,,,,,,,,,,,,,,,,,,,,,,,,,,,,,,,,,,,,,,,,,,,,,,,,,,,,,,,,,,,,,,,,,,,,,,,,,,,,,,,,,,,,,,,,,,,,,,,,,,,,,,,,,,,,,,,,,,,,,,,,,,,,,,,,,,,,,,,,,,,,,,,,,,,,,,,,,,,,,,,,,,,,,,,,,,,,,,,,,,,,,,,,,,,,,,,,,,,,,,,,,,,,,,,,,,,,,,,,,,,,,,,,,,,,,,,,,,,,,,,,,,,,,,,,,,,,,,,,,,,,,,,,,,,,,,,,,,,,,,,,,,,,,,,,,,,,,,,,,,,,,,,,,,,,,,,,,,,,,,,
R451,,,,,,,,,,,,,,,,,,,,,,,,,,,,,,,,,,,,,,,,,,,,,,,,,,,,,,,,,,,,,,,,,,,,,,,,,,,,,,,,,,,,,,,,,,,,,,,,,,,,,,,,,,,,,,,,,,,,,,,,,,,,,,,,,,,,,,,,,,,,,,,,,,,,,,,,,,,,,,,,,,,,,,,,,,,,,,,,,,,,,,,,,,,,,,,,,,,,,,,,,,,,,,,,,,,,,,,,,,,,,,,,,,,,,,,,,,,,,,,,,,,,,,,,,,,,,,,,,,,,,,,,,,,,,,,,,,,,,,,,,,,,,,,,,,,,,,,,,,,,,,,,,,,,,,,,,,,,,,,,,,,,,,,,,,,,,,,,,,,,,,,,,,,,,,,,,,,,,,,,,,,,,,,,,,,,,,,,,,,,,,,,,,,,,,,,,,,,,,,,,,,,,,,,,,,,,,,,,,,,,,,,,,,,,,,,,,,,,,,,,
R452,,,,,,,,,,,,,,,,,,,,,,,,,,,,,,,,,,,,,,,,,,,,,,,,,,,,,,,,,,,,,,,,,,,,,,,,,,,,,,,,,,,,,,,,,,,,,,,,,,,,,,,,,,,,,,,,,,,,,,,,,,,,,,,,,,,,,,,,,,,,,,,,,,,,,,,,,,,,,,,,,,,,,,,,,,,,,,,,,,,,,,,,,,,,,,,,,,,,,,,,,,,,,,,,,,,,,,,,,,,,,,,,,,,,,,,,,,,,,,,,,,,,,,,,,,,,,,,,,,,,,,,,,,,,,,,,,,,,,,,,,,,,,,,,,,,,,,,,,,,,,,,,,,,,,,,,,,,,,,,,,,,,,,,,,,,,,,,,,,,,,,,,,,,,,,,,,,,,,,,,,,,,,,,,,,,,,,,,,,,,,,,,,,,,,,,,,,,,,,,,,,,,,,,,,,,,,,,,,,,,,,,,,,,,,,,,,,,,,,,,,
R453,,,,,,,,,,,,,,,,,,,,,,,,,,,,,,,,,,,,,,,,,,,,,,,,,,,,,,,,,,,,,,,,,,,,,,,,,,,,,,,,,,,,,,,,,,,,,,,,,,,,,,,,,,,,,,,,,,,,,,,,,,,,,,,,,,,,,,,,,,,,,,,,,,,,,,,,,,,,,,,,,,,,,,,,,,,,,,,,,,,,,,,,,,,,,,,,,,,,,,,,,,,,,,,,,,,,,,,,,,,,,,,,,,,,,,,,,,,,,,,,,,,,,,,,,,,,,,,,,,,,,,,,,,,,,,,,,,,,,,,,,,,,,,,,,,,,,,,,,,,,,,,,,,,,,,,,,,,,,,,,,,,,,,,,,,,,,,,,,,,,,,,,,,,,,,,,,,,,,,,,,,,,,,,,,,,,,,,,,,,,,,,,,,,,,,,,,,,,,,,,,,,,,,,,,,,,,,,,,,,,,,,,,,,,,,,,,,,,,,,,,
R454,,,,,,,,,,,,,,,,,,,,,,,,,,,,,,,,,,,,,,,,,,,,,,,,,,,,,,,,,,,,,,,,,,,,,,,,,,,,,,,,,,,,,,,,,,,,,,,,,,,,,,,,,,,,,,,,,,,,,,,,,,,,,,,,,,,,,,,,,,,,,,,,,,,,,,,,,,,,,,,,,,,,,,,,,,,,,,,,,,,,,,,,,,,,,,,,,,,,,,,,,,,,,,,,,,,,,,,,,,,,,,,,,,,,,,,,,,,,,,,,,,,,,,,,,,,,,,,,,,,,,,,,,,,,,,,,,,,,,,,,,,,,,,,,,,,,,,,,,,,,,,,,,,,,,,,,,,,,,,,,,,,,,,,,,,,,,,,,,,,,,,,,*/ɲˈɛʃ/,,,,,,,,,,,,,,,,,,,,,,,,,,,,,,,,,,,,,,,,,,,,,,,,,,,,,,,,,,,,,,,,,,,,,,,,,,,,,,,,,,,,,,,,,,,,,,,,,
R455,,,,,,,,,,,,,,,,,,,,,,,,,,,,,,,,,,,,,,,,,,,,,,,,,,,,,*/ɟˈɛtəɾ/,,,,,,,,,,,,,,,,,,,,,,,,,,,,,,,,,,,,,,,,,,,,,,,,,,,,,,,,,,,,,,,,,,,,,,,,,,,,,,,,,,,,,,,,,,,,,,,,,,,,,,,,,,,,,,,,,,,,,,,,,,,*/ɟˈɛʃtɐɾ̃a/,,,,,,,,,,,,,,,,,,,,,,,,,,,,,,,,,,,,,,,,,,,,,,,,,,,,,,,,,,,,,,,,,,,,,,,,,,,,,,,,,,,,,,,,,,,,,,,,,,,,,,,,,,,,,,,,,,,,,,,,,,,,,,,,,,,,,,,,,,,,,,,,,,,,,,,,*/ɟˈɜðɐɾ̃əˤ/,,,,,,,,*/dˌɔɾɔɟˈaːʃəˤ/,,,,,,,,,,,,,,,,,,,,,,,,,,,,,,,,,,,,,,,,,,,,,,,,,,,,,,,,,,,,,,,,,,,,,*/ɟˈɛɾpɐɾ̃/,,,,,,,,,,,,,,,,,,,,,,,,,,,,,,,,,,,,
R456,,,,,,,,,,,,,,,,,,,,,,,,,,,,,,,,,,,,,,,,,,,,,,,,,,,,,,,,,,,,,,,,,,,,,,,,,,,,,,,,,,,,,,,,,,,,,,,,,,,,,,,,,,,,,,,,,,,,,,,,,,,,,,,,,,,,,,,,,,,,,,,,,,,,,,,,,,,,,,,,,,,,,,,,,,,,,,,,,,,,,,,,,,,,,,,,,,,,,,,,,,,,,,,,,,,,,,,,,,,,,,,,,,,,,,,,,,,,,,,,,,,,,,,,,,,,,,,,,,,,,,,,,,,,,,,,,,,,,,,,,,,,,,,,,,,,,,,,,,,,,,,,,,,,,,,,,,,,,,,,,,,,,,,,,,,,,,,,,,,,,,,,,,,,,,,,,,,,,,,,,,,,,,,,,,,,,,,,,,,,,,,,,,,,,,,,,,,,,,,,,,,,,,,,,,,,,,,,,,,,,,,,,,,,,,,,,,,,,,,,,
R457,,,,,,,,,,,,,,,,,,,,,,,,,,,,,,,,,,,,,,,,,,,,,,,,,,,,,,,,,,,,,,,,,,,,,,,,,,,,,,,,,,,,,,,,,,,,,,,,,,,,,,,,,,,,,,,,,,,,,,,,,,,,,,,,,,,,,,,,,,,,,,,,,,,,,,,,,,,,,,,,,,,,,,,,,,,,,,,,,,,,,,,,,,,,,,,,,,,,,,,,,,,,,,,,,,,,,,,,,,,,,,,,,,,,,,,,,,,,,,,,,,,,,,,,,,,,,,,,,,,,,,,,,,,,,,,,,,,,,,,,,,,,,,,,,,,,,,,,,,,,,,,,,,,,,,,,,,,,,,,,,,,,,,,,,,,,,,,,,,,,,,,,,,,,,,,,,,,,,,,,,,,,,,,,,,,,,,,,,,,,,,,,,,,,,,,,,,,,,,,,,,,,,,,,,,,,,,,,,,,,,,,,,,,,,,,,,,,,,,,,,
R458,,,,,,,,,,,,,,,,,,,,,,,,,,,,,,,,,,,,,,,,,,,,,,,,,,,,,,,,,,,,,,,,,,,,,,,,,,,,,,,,,,,,,,,,,,,,,,,,,,,,,,,,,,,,,,,,,,,,,,,,,,,,,,,,,,,,,,,,,,,,,,,,,,,,,,,,,,,,,,,,,,,,,,,,,,,,,,,,,,,,,,,,,,,,,,,,,,,,,,,,,,,,,,,,,,,,,,,,,,,,,,,,,,,,,,,,,,,,,,,,,,,,,,,,,,,,,,,,,,,,,,,,,,,,,,,,,,,,,,,,,,,,,,,,,,,,,,,,,,,,,,,,,,,,,,,,,,,,,,,,,,,,,,,,,,,,,,,,,,,,,,,,,,,,,,,,,,,,,,,,,,,,,,,,,,,,,,,,,,,,,,,,,,,,,,,,,,,,,,,,,,,,,,,,,,,,,,,,,,,,,,,,,,,,,,,,,,,,,,,,,
R459,,,,,,,,,,,,,,,,,,,,,,,,,,,,,,,,,,,,,,,,,,,,,,,,,,,,,,,,,,,,,,,,,,,,,,,,,,,*/fʃˈɑːlːʃ/,,,,,,,,,,,,,,,,,,,,,,,,,,,,,,,,,,,,,,,,,,,,,,,,,,,,,,,,,,,,,,,,*/mˈaːrːʃ/,,,,,,,,,,,,,,,,,,,,,,,,,,,,*/zˈɑːrːʃ/,,,,,,,,,,,,,,,,,,,,,,,,,,,,,,,,,,,,,,,,,,,,,,,,,,,,,,,,,,,,,,,,,,,,,,,,,,,,,,,,,,,,,,,,,,,,,,,,,,,,,,,,,,,,,,,,,,,,,,,,,,,,,,,,,,,,,,,,,,,,,,,,,,,,,,,,,,,,,,,,,,,,,,,,,,,,,,,,,,,,,,,,,,,,,,,,,,,,,,,,,,,,,,,,,,,,,,,,,,,,,,,,,,,,,,,,,,,,,,,,,,,,,,,,,,,,,,,,,,,,,,,,,,,,,,,,,,
R460,,*/θˈʌ̃mbəɾa/,,,,,,,,,,,,,,,*/zˈʌ̃mɐtɐɾa/,*/zˈʌ̃mba/,,*/nːˈʌ̃mːəˤ/,,,,,,,,,,,,*/dˈʌ̃/,,,,,,,,,,,,,,,,,,,*/xmˈʌ̃/,*/xvˈʌ̃ɾ̃a/,,,,,,,,,,,,,,,,,,,,,,,,,,,,,,,,,,,,,,,,,,,,,,,,,,,,,,,,,,,,,,,*/ˈʌ̃mːa/,,,,,,*/ˈʌ̃nːa/,,*/ˈʌ̃nda/,,*/ˈʌ̃nd/,*/ˈʌ̃nd/,,,,,,,,,,,,,,,,,,,,,,,,,,,,,*/sᵝəlˠəθˈʌ̃mːəˤ/,,,,,,,,,,,,,,,,,,*/ɟˈʌ̃ma/,,,,,,,,,,,,,,,,,,,,,,,,,,,,,,,*/vɾˈʌ̃nːəza/,,,,,,,,,,,,,,,,,,,,,,,,,,,,,,,,,,,,,,,,,,,,,,,,,,,,,,,,,,,,,,,,,,,,,,,,,,,,,,,,,,,,,,,,,,,,,,,,,,,,,,,,,,,,,*/t͡sˈʌ̃nːa/,,,,,,,*/tʎˈʌ̃ma/,,,,,,,,,,,,,,,,,,,*/dˈʌ̃mːəˤ/,,,,,,,,,,,,,,,,,,,,,,,,,,,,,,,,,,,,,,,,,*/fˈɛːɾʌ̃/,,,,,,,,,,,*/ʃtˈʌ̃ɲa/,,,,,,,,,,,,,,,,,,,,,,,,,*/ɲˈʌ̃ma/,,,,,,,,,,,,,,,,,,,,,,,,,
R461,,,,,,,,,,,,,,,,,,,,,,,,,,,,,,,,,,,,,,,,,,,,,,,,,,,,,,,,,,,,,,,,,,,,,,,,,,,,,,,,,,,,,,,,,,,,,,,,,,,,,,,,,,,,,,,,,,,,,,,,,,,,,,,,,,,,,,,,,,,,,,,,,,,,,,,,,,,*/sᵝəlˠθˈʌ̃mːəˤ/,,,,,,,,,,,,,,,,,,,,,,,,,,,,,,,,,,,,,,,,,,*/dəʃndəɾbˈaːlˠa/,,,,,,,,,,,,,,,,,,,,,,,,,,,,,,,,,,,,,,,,,,,,,,,,,,,,,,,,,,,,,,,,,,,,,,,,,,,,,,,,,,,,,,,,,,,,,,,,,,,,,,,,,,,,,,,,,,,,,,,,,,,,,,,,,,,,,,,,,,,,,,,,,,,,,,,,,,,,,,,,,,,,,,,,,,,,,,,,,,,,,,,,,,,,,,,,,,,,,,,*/pəɾʃtˈɔːlˠ/,,,,,,,,,,,,,,,,,,,,,,,,,,,,,,,,,,,,,,,,,,,,,
R462,,,,,,,,,,,,,,,,,,,,,,,,,,,,,,,,,,,,,,,,,,,,,,,,,,,,,,,,,,,,,,,,,,,,,,,,,,,,,,,,,,,,,,,,,,,,,,,,,,,,,,,,,,,,,,,,,,,,,,,,,,,,,,,,,,,,,,,,,,,,,,,,,,,,,,,,,,,,,,,,,,,,,,,,,,,,,,,,,,,,,,,,,,,,,,,,,,,,,,,,,,,,,,,,,,,,,,,,,,,,,,,,,,,,,,,,,,,,,,,,,,,,,,,,,,,,,,,,,,,,,,,,,,,,,,,,,,,,,,,,,,,,,,,,,,,,,,,,,,,,,,*/ndəkvjˈaːʃəˤ/,,,,,,,,,,,,,,,,,,,,,,,,,,,,,,,,,,,,,,,,,,,,,,,,,,,,,,,,,,,,,,,,,,,,,,,,,,,,,,,,,,,,,,,,,,,,,,,,,,,,,,,,,,,,,,,,,,,,,,,,,,,,,,,,,,,,,,,,,,,
R463,,,,,,*/t͡sˈaːɾɐbtəˤ/,,,,,,,,,,,,,,,,,,,,,,,,,,,,,,,,,,,,,,,,,,,,,,,,,,,,,,,,,,,,,,,,,,,,,,,,,,,,,,,,,,,,,,,,,,,,,,,,,,,,,,,,,,,,,,,,,,,,,,,,,,,,,,,,,,,,,,,,,,,,,,,,,,,,,,,,,,,,,,,,,,,,,,,,,,,,,,,,,,,,,,,,,,,,,,*/dəzˈaːlˠtəˤ/,,,,,,,,,,,,,,,,,,,,,,,,,,,,,,,,,,,,,,,,,,,,,,,,,,,,,,,,,,,,,,,,,,,,,,,,,,,,,,,,,,,,,,,,,,,,,,,,,,,*/mˈɛːlˠtəˤ/,,,,,,,,,,,,,,,,,,,,,,,,,,,,,,,,,,*/ɟˈɘðɟəˤ/,*/ɟˈɘðta/,,,,,*/zˈaːɾɡa/,,,,,,,,,,,,,,,,,,,,,,,,,,,,,,,,,,,,,,,,,,,,,,,,,,,,,,,,,,,,,,,,,,,,,,,,,,,,,,,,,,,,,,,,,,,,,,,,,,,,,,,,,,
R464,,,,,,,,,,,,,,,,,,,,,,,,,,,,,,,,,,,,,,,,,,,,,,,,,,,,,,,,,,,,,,,,,,,,,,,,,,,,,,,,,,,,,,,,,,,,,,,,,,,,,,,,,,,,,,,,,,,,,,,,,,,,,,,,,,,,,,,,,,,,,,,,,,,,,,,,,,,,,,,,,,,,,,,,,,,,,,,,,,,,,,,,,,,,,,,,,,,,,,,,,,,,,,,,,,,,,,,,,,,,,,,,,,,,,,,,,,,,,,,,,,,,,,,,,,,,,,,,,,,,,,,,,,,,,,,,,,,,,,,,,,,,,,,,,,,,,,,,,,,,,,,,,,,,,,,,,,,,,,,,,,,,,,,,,,,,,,,,,,,,,,,,,,,,,,,,,,,,,,,,,,,,,,,,,,,,,,,,,,,,,,,,,,,,,,,,,,,,,,,,,,,,,,,,,,,,,,,,,,,,,,,,,,,,,,,,,,,,,,,,,
R465,,,,*/θmˈɛːt͡ʃ/,,,,,,,,,,,,,,,,,,,,,,,,,,,,,,,,,,,,,,,,,,,,,,,,,,,,,,,,,,,,,,,,,,,,,,,,,,,,,,,,,,,,,,,,,,,,,,,,,,,,,,,,,,,,,,,,,,,,,,,,,,,,,,,,,,,,,,,,,,,,,,,,,,,,,,,,,,,,,,*/ˈanm/,,,,,,,,,,,,,,,,,,,,,,,,,,,,,,,,,,,,,,,,,,,,,,,,,,,,,,,,,,,,,,,,,,,,,,,,,,,,,,,,,,,,,,,,,,,,,,,,,,,,,,,,,,,,,,,,,,,,,,,,,,,,,,,,,,,,,,,,,,,,,,,,,,,,,,,,,,,,,,,,,,,,,,,,,,,,,,,,,,,,,,,,,,,,,,,,,,,,,,,,,,,,,,,,,,,,,,,,,,,,,,,,,,,,,,,,,,,,,,*/ʃtma/,,,,,,,,,,,,,,,,,,,,,,,,,,,,,,,,,,,,,,,,,
R466,,,,,,,,,,,,,,,,,,,,,,,,,,,,,,,,,,,,,,,,,,,,,,,,,,,,,,,,,,,,,,,,,,,,,,,,,,,,,,,,,,,,,,,,,,,,,,,,,,,,,,,,,,,,,,,,,,,,,,,,,,,,,,,,,,,,,,,,,,,,,,,,,,,,,,,,,,,,,,,,,,,,,,,,,,,,,,,,,,,,,,,,,,,,,,,,,,,,,,,,,,,,,,,,,,,,,,,,,,,,,,,,,,,,,,,,,,,,,,,,,,,,,,,,,,,,,,,,,,,,,,,,,,,,,,,,,,,,,,,,,,,,,,,,,,,,,,,,,,,,,,,,,,,,,,,,,,,,,,,,,,,,,,,,,,,,,,,,,,,,,,,,,,,,,,,,,,,,,,,,,,,,,,,,,,,,,,,,,,,,,,,,,,,,,,,,,,,,,,,,,,,,,,,,,,,,,,,,,,,,,,,,,,,,,,,,,,,,,,,,,
R467,,,,,,,,,,,,,,,,,,,,,,,,,,,,,,,,,,,,,,,,,,,,,,,,,,,,,,,,,,,,,,,,,,,,,,,,,,,,,,,,,,,,,,,,,,,,,,,,,,,,,,,,,,,,,,,,,,,,,,,,,,,,,,,,,,,,,,,,,,,,,,,,,,,,,,,,,,,,,,,,,,,,,,,,,,,,,,,,,,,,,,,,,,,,,,,,,,,,,,,,,,,,,,,,,,,,,,,,,,,,,,,,,,,,,,,,,,,,,,,,,,,,,,,,,,,,,,,,,,,,,,,,,,,,,,,,,,,,,,,,,,,,,,,,,,,,,,,,,,,,,,,,,,,,,,,,,,,,,,,,,,,,,,,,,,,,,,,,,,,,,,,,,,,,,,,,,,,,,,,,,,,,,,,,,,,,,,,,,,,,,,,,,,,,,,,,,,,,,,,,,,,,,,,,,,,,,,,,,,,,,,,,,,,,,,,,,,,,,,,,,
R468,,,,,,,,,,,,,,,,,,,,,,,,,,,,,,,,,,,,,,,,,,,,,,,,,,,,,,,,,,,,,,,,,,,,,,,,,,,,,,,,,,,,,,,,,,,,*/ɟə̃ŋɡɾˈiːθa/,,,,,,,,,,,,,,,,,,,,,,,,,,,,,,,,,,,,,,,,,,,,,,,,,,,,,,,,,,,,,,,,,,,*/ə̃ŋɡʎˈaːʃəˤ/,*/ə̃ŋɡɾa/,*/ə̃ŋɡɾˈiːʃ/,,*/ə̃ŋɡɾˈũna/,*/ə̃ŋɡrːnəˤ/,,,,,,,,,,,,,,,,,,,,,,,,,,,,,,,,,,,,,,,,,,,,,,,,,,,,,,,,,,,,,,,,*/ə̃mblˈɔ̃ɲa/,*/ə̃mblˈɔ̃nd/,,,,,,,,,,,,,,,,,,,,,,,,,,,*/ə̃ndˈəˤ/,,,,,,,,,,,,,,,,,,,,,,,,,,,,,,,,,,,,,,,,,,,,,,,,,,,,,,,,,,,,,,,,,,,,,,,,,,,,,,,,,,,,,,,,,,,,,,,,,,,,,,,,,,,,,,,,,,,,,,,,,,,,,,,,,,,,,,,,,,,,,,,,,,,,,,,,,,,,,,,,,,,,,,,,,,,,,,,,,,,,,,,,,
R469,,,,,,,,,,,,,,,,,,,,,,,,,,,,,,,,,,,,,,,,,,,,,,,,,,,,,,,,,,,,,,,,,,,,,,,,,,,,,,,,,,,,,,,,,,,,,,,,,,,,,,,,,,,,,,,,,,,,,,,,,,,,,,,,,,,,,,,,,,,,,,,,,,,,,,,,,,,,,,,,,,,,,,,,,,,,,,,,,,,,,,,,,,,,,,,,,,,,,,,,,,,,,,,,,,,,,,*/pˈaːʒɟəˤ/,,,,,,,,,,,,,,,,,,,,,,,,,,,,,,,,,,,,,,,,,,,,,,,,,,,,,,,,,,,,,,,,,,,,,,,,,,,,,,,,,,,,,,,,,,,,,,,,,,,,,,,,,,,,,,,,,,,,,,,,,,,,,,,,,,,,,,,,,,,,,,,,,,,,,,,,,,,,,,,,,,,,,,,,,,,,,,,,,,,,,,,,,,,,,,,,,,,,,,,,,,,,,,,,,,,,,,,,,,,,,,,,,,,
R470,,,,,,,,,,,,,,,,,,,,,,,,,,,,,,,,,,,,,,,,,,,,,,,,,,,,,,,,,,,,,,,,,,,,,,,,,,,,,,,,,,,,,,,,,,,,,,,,,,,,,,,,,,,,,,,,,,,,*/χmˈaːlːa/,*/χmˈaːlːəˤ/,,,,,,,,,,,,,,,,,,,,,,,,,,,,,,,,,,,,,,,,,,,,,,,,,,,,,,,,,,,,,,,,,,,,,,,,,,,,,,,,,,,,,,,,,,,,,,,,,,,,,,,,,,,,,,,,,,,,,,,,,,,,,,,,,,,,,,,,,,,,,,,,,,,*/bˈɛːlːa/,,,,,,,,,,,,,,,,,,,,,,,,,,,,,,,,,,,,,,,,,,,,,,,,,,,,,,,,,,,,,,,,,,,,,,,,,,,,,,,,,,,,,,,,,,,,,,,,,,,,,,,,,,,,,,,,,,,,,,,,,,,,,,,,,,,,,,,,,,,,,,,,,,,,,,,,,,,,,,,,,,,,,,,,,,,,,,,,,
R471,,,,,,,,,,,,,,,,,,,,,,,,,,,,,,,,,,,,,,,,,,,,,,,,,,,,,,,,,,,,,,,,,,,,,,,,,,,,,,,,,,,,,,,,,,,,,,,,,,,,,,,,,,,,,,,,,,,,,,,,,,,,,,,,,,,,,,,,,,,,,,,,,,,,,,,,,,,,,,,,,,,,,,,,,,,,,,,,,,,,,,,,,,,,,,,,,,,,,,,,,,,,,,,,,,,,,,,,,,,,,,,,,,,,,,,,,,,,,,,,,,,,,,,,,,,,,,,,,,,,,,,,,,,,,,,,,,,,,,,,,,,,,,,,,,,,,,,,,,,,,,,,,,,,,,,,,,,,,,,,,,,,,,,,,,,,,,,,,,,,,,,,,,,,,,,,,,,,,,,,,,,,,,,,,,,,,,,,,,,,,,,,,,,,,,,,,,,,,,,,,,,,,,,,,,,,,,,,,,,,,,,,,,,,,,,,,,,,,,,,,
R472,,,,,,,,,,,,,,,,,,,,,,,,,,,,,,,,,,,,,,,,,,,,,,,,,,,,,,,,,,,,,,,,,,,,,,,,,,,,,,,,,,,,,,,,,,,,,,,,,,,,,,,,,,,,,,,,,,,,,,,,,,,,,,,,,,,,,,,,,,,,,,,,,,,,,,,,,,,,,,,,,,,,,,,,,,,,,,,,,,,,,,,,,,,,,,,,,,,,,,,,,,,,,,,,,,,,,,,,,,,,,,,,,,,,,,,,,,,,,,,,,,,,,,,,,,,,,,,,,,,,,,,,,,,,,,,,,,,,,,,,,,,,,,,,,,,,,,,,,,,,,,,,,,,,,,,,,,,,,,,,,,,,,,,*/dˈanəˤ/,,,,,,,,,,,,,,,,,,,,,,,,,,,,,,,,,,,,,,,,,,,,,,,,,,,,,,,,,,,,,*/ʃtˈanəˤ/,,,,,,,,,,,,,,,,,,,,,,,,,,,,,,,,,,,,,,,,,,,,,,,,,,,,,
R473,,,,,,,,,,,,,,,,,,,,,,,,,,,,,,,,,,,,,,,,,,,,,,,,,,,,,,,,,,,,,,,,,,,,,,,,,,,,,,,,,,,,,,,,,,,,,,,,,,,,,,,,,,,,,,,,,,,,,,,,,,,,,,,,,,,,,,,,,,,,,,,,,,,,,,,,,,,,,,,,,,,,,,,,,,,,,,,,,,,,,,,,,,,,,,,,,,,,,,,,,,,,,,,,,,,,,,,,,,,,,,,,,,,,,,,,,,,,,,,,,,,,,,,,,,,,,,,,,,,,,,,,,,,,,,,,,,,,,,,,,,,,,,,,,,,,,,,,,,,,,,,,,,,,,,,,,,,,,,,,,,,,,,,,,,,,,,,,,,,,,,,,,,,,,,,,,,,,,,,,,,,,,,,,,,,,,,,,,,,,,,,,,,,,,,,,,,,,,,,,,,,,,,,,,,,,,,,,,,,,,,,,,,,,,,,,,,,,,,,,,
R474,,,,,,,,,,,,,,,,,,,,,,,,,,,,,,,,,,,,,,,,,,,,,,,,,,,,,,,,,,,,,,,,,,,,,,,,,,,,,,,,,,,,,,,,,,,,,,,,,,,,,,,,,,,,,,,,,,,,,,,,,,,,,,,,,,,,,,,,,,,,,,,,,,,,,,,,,,,,,,,,,,,,,,,,,,,,,,,,,,,,,,,,,,,,,,,,,,,,,,,,,,,,,,,,,,,,,,,,,,,,,,,,,,,,,,,,,,,,,,,,,,,,,,,,,,,,,,,,,,,,,,,,,,,,,,,,,,,,,,,,,,,,,,,,,,,,,,,,,,,,,,,,,,,,,,,,,,,,,,,,,,,,,,,,,,,,,,,,,,,,,,,,,,,,,,,,,,,,,,,,,,,,,,,,,,,,,,,,,,,,,,,,,,,,,,,,,,,,,,,,,,,,,,,,,,,,,,,,,,,,,,,,,,,,,,,,,,,,,,,,,
R475,,,,,,,,,,,,,,,,,,,,,,,,,,,,,,,,,,,,,,,,,,,,,,,,,,,,,,,,,,,,,,,,,,,,,,,,,,,,,,,,,,,,,,,,,,,,,,,,,,,,,,,,,,,,,,,,,,,,,,,,,,,,,,,,,,,,,,,,,,,,,,,,,,,,,,,,,,,,,,,,,,,,,,,,,,,,,,,,,,,,,,,,,,,,,,,,,,,,,,,,,,,,,,,,,,,,,,,,,,,,,,,,,,,,,,,,,,,,,,,,,,,,,,,,,,,,,,,,,,,,,,,,,,,,,,,,,,,,,,,,,,,,,,,,,,,,,,,,,,,,,,,,,,,,,,,,,,,,,,,,,,,,,,,,,,,,,,,,,,,,,,,,,,,,,,,,,,,,,,,,,,,,,,,,,,,,,,,,,,,,,,,,,,,,,,,,,,,,,,,,,,,,,,,,,,,,,,,,,,,,,,,,,,,,,,,,,,,,,,,,,
R476,,,,,,,,,,,,,,,,,,,,,,,,,,,,,,,,,,,,,,,,,,,,,,,,,,,,,,,,,,,,,,,,,,,,,,,,,,,,,,,,,,,,,,,,,,,,,,,,,,,,,,,,,,,,,,,,,,,,,,,,,,,,,,,,,,,,,,,,,,,,,,,,,,,,,,,,,,,,,,,,,,,,,,,,,,,,,,,,,,,,,,,,,,,,,,,,,,,,,,,,,,,,,,,,,,,,,,,,,,,,,,,,,,,,,,,,,,,,,,,,,,,,,,,,,,,,,,,,,,,,,,,,,,,,,,,,,,,,,,,,,,,,,,,,,,,,,,,,,,,,,,,,,,,,,,,,,,,,,,,,,,,,,,,,,,,,,,,,,,,,,,,,,,,,,,,,,,,,,,,,,,,,,,,,,,,,,,,,,,,,,,,,,,,,,,*/ʃɲˈa/,,,,,,,,,,*/ʃma/,,,,,,,,,,,,,,,,,,,,,,,,,,,,,,,,,,,,,,,,,
R477,,,,,,,,,,,,,,,,,,,,,,,,,,,,,,,,,,,,,,,,,,,,,,,,,,,,,,,,,,,,,,,,,,,,,,,,,,,,,,,,,,,,,,,,,,,,,,,,,,,,,,,,,,,,,,,,,,,,,,,,,,,,,,,,,,,,,,,,,,,,,,,,,,,,,,,,,,,,,,,,,,,,,,,,,,,,,,,,,,,,,,,,,,,,,,,,,,,,,,,,,,,,,,,,,,,,,,,,,,,,,,,,,,,,,,,,,,,,,,,,,,,,,,,,,,,,,,,,,,,,,,,,,,,,,,,,,,,,,,,,,,,,,,,,,,,,,,,,,,,,,,,,,,,,,,,,,,,,,,,,,,,,,,,,,,,,,,,,,,,,,,,,,,,,,,,,,,,,,,,,,,,,,,,,,,,,,,,,,,,,,,,,,,,,,,,,,,,,,,,,,,,,,,,,,,,,,,,,,,,,,,,,,,,,,,,,,,,,,,,,,
R478,,,,,,,,,,,,,,,,,,,,,,,,,,,,,,,,,,,,,,,,,,,,,,,,,,,,,,,,,,,,,,,,,,,,,,,,,,,,,,,,,,,,,,,,,,,,,,,,,,,,,,,,,,,,,,,,,,,,,,,,,,,,,,,,,,,,,,,,,,,,,,,,,,,,,,,,,,,,,,,,,,*/ˈamː/,,,,,,,,,,,,,,,,,,,,,,,,,,,,,,,,,,,,,,,,,,,,,,,,,,,,,,,,,,,,,,,,,,,,,,,,,,,,,,,,,,,,,,,,,,,,,,,,,,,,,,,,,,,,,,,,,,,,,,,,,,,,,,,,,,,,,,,,,,,,,,,,,,,,,,,,,,,,,,,,,,,,,,,,,,,,,,,,,,,,,,,,,,,,,,,,,,,,,,,,,,,,,,,,,,,,,,,,,,,,,,,,,,,,,,,,,,,,,,,,,,,,,,,,,,,,,,,,,,,,,,,,,,,,,,,,,,,,,,,
R479,,,,,,,,,,,,,,,,,,,,,,,,,,,,,,,,,,,,,,,,,,,,,,,,,,,,,,,,,,,,,,,,,,,,,,,,,,,,,,,,,,,,,,,,,,,,,,,,,,,,,,,,,,,,,,,,,,,,,,,,,,,,,,,,,,,,,,,,,,,,,,,,,,,,,,,,,,,,,,,,,,,,,,,,,,,,,,,,,,,,,,,,,,,,,,,,,,,,,,,,,,,,,,,,,,,,,,,,,,,,,,,,,,,,,,,,,,,,,,,,,,,,,,,,,,,,,,,,,,,,,,,,,,,,,,,,,,,,,,,,,,,,,,,,,,,,,,,,,,,,,,,,,,,,,,,,,,,,,,,,,,,,,,,,,,,,,,,,,,,,,,,,,,,,,,,,,,,,,,,,,,,,,,,,,,,,,,,,,,,,,,,,,,,,,,,,,,,,,,,,,,,,,,,,,,,,,,,,,,,,,,,,,,,,,,,,,,,,,,,,,
R480,,,,,,,,,,,,,,,,,,,,,,,,,,,,,,,,,,,,,,,,,,,,,,,,,,,,,,,,,,,,,,,,,,,,,,,,,,,,,,,,,,,,,,,,,,,,,,,,,,,,,,,,,,,,,,,,,,,,,,,,,,,,,,,,,,,,,,,,,,,,,,,,,,,,,,,,,,,,,,,,,,,,,,,,,,,,,,,,,,,,,,,,,,,,,,,,,,,,,,,,,,,,,,,,,,,,,,,,,,,,,,,,,,,,,,,,,,,,,,,,,,,,,,,,,,,,,,,,,,,,,,,,,,,,,,,,,,,,,,,,,,,,,,,,,,,,,,,,,,,,,,,,,,,,,,,,,,,,,,,,,,,,,,,,,,*/ɟˈɘðda/,,,,,,,,,,,,,,,,,,,,,,,,,,,,,,,,,,,,,,,,,,,,,,,,,,,,,,,,,,,,,,,,,,,,,,,,,,,,,,,,,,,,,,,,,,,,,,,,,,,,,,,,,,,,,,,
R481,,,,,,*/t͡sˈaːɾɐptəˤ/,,,,,,,,,,,,,,,,,,,,,,,,,,,,,,,,,,,,,,,,,,,,,,,,,,,,,,,,,,,,,,,,,,,,,,,,,,,,,,,,,,,,,,,,,,,,,,,,,,,,,,,,,,,,,,,,,,,,,,,,,,,,,,,,,,,,,,,,,,,,,,,,,,,,,,,,,,,,,,,,,,,,,,,,,,,,,,,,,,,,,,,,,,,,,,,,,,,,,,,,,,,,,,,,,,,,,,,,,,,,,,,,,,,,,,,,,,,,,,,,,,,,,,,,,,,,,,,,,,,,,,,,,,,,,,,,,,,,,,,,,,,,,,,,,,,,,,,,,,,,,,,,,,,,,,,,,,,,,,,,,,,,,,,,,,,,,,,,,,,,,,,,,,,,,,,,,,,,,,,,,,,,,,,,,,,,,,,,,,,,,,,,,,,,,,,,,,,,,,,,,,,,,,,,,,,,,,,,,,,,,,,,,,,,,,,,,,,
R482,,,,,,,,,,,,,,,,,,,,,,,,,,,,,,,,,,,,,,,,,,,,,,,,,,,,,,,,,,,,,,,,,,,,,,,,,,,,,,,,,,,,,,,,,,,,,,,,,,,,,,,,,,,,,,,,,,,,,,,,,,,,,,,,,,,,,,,,,,,,,,,,,,,,,,,,,,,,,,,,,,,,,,,,,,,,,,,,,,,,,,,,,,,,,,,,,,,,,,,,,,,,,,,,,,,,,,,,,,,,,,,,,,,,,,,,,,,,,,,,,,,,,,,,,,,,,,,,,,,,,,,,,,,,,,,,,,,,,,,,,,,,,,,,,,,,,,,,,,,,,,,,,,,,,,,,,,,,,,,,,,,,,,,,,,,,,,,,,,,,,,,,,,,,,,,,,,,,,,,,,,,,,,,,,,,,,,,,,,,,,,,,,,,,,,,,,,,,,,,,,,,,,,,,,,,,,,,,,,,,,,,,,,,,,,,,,,,,,,,,,
R483,,,,,,,,,,,,,,,,,,,,,,,,,,,,,,,,,,,,,,,,,,,,,,,,,,,,,,,,,,,,,,,,,,,,,,,,,,,,,,,,,,,,,,,,,,,,,,,,,,,,,,,,,,,,,,,,,,,,,,,,,,,,,,,,,,,,,,,,,,,,,,,,,,,,,,,,,,,,,,,,,,,,,,,,,,,,,,,,,,,,,,,,,,,,,,,,,,,,,,,,,,,,,,,,,,,,,,,,,,,,,,,,,,,,,,,,,,,,,,,,,,,,,,,,,,,,,,,,,,,,,,,,,,,,,,,,,,,,,,,,,,,,,,,,,,,,,,,,,,,,,,,,,,,,,,,,,,,,,,,,,,,,,,,,,,,,,,,,,,,,,,,,,,,,,,,,,,,,,,,,,,,,,,,,,,,,,,,,,,,,,,,,,,,,,,,,,,,,,,,,,,,,,,,,,,,,,,,,,,,,,,,,,,,,,,,,,,,,,,,,,
R484,,,,,,,,,,,,,,,,,,,,,,,,,,,,,,,,,,,,,,,,,,,,,,,,,,,,,,,,,,,,,,,,,,,,,,,,,,,,,,,,,,,,,,,,,,,,,,,,,,,,,,,,,,,,,,,,,,,,,,,,,,,,,,,,,,,,,,,,,,,,,,,,,,,,,,,,,,,,,,,,,,,,,,,,,,,,,,,,,,,,,,,,,,,,,,,,,,,,,,,,,,,,,,,,,,,,,,,,,,,,,,,,,,,,,,,,,,,,,,,,,,,,,,,,,,,,,,,,,,,,,,,,,,,,,,,,,,,,,,,,,,,,,,,,,,,,,,,,,,,,,,,,,,,,,,,,,,,,,,,,,,,,,,,,,,,,,,,,,,,,,,,,,,,,,,,,,,,,,,,,,,,,,,,,,,,,,,,,,,,,,,,,,,,,,,,,,,,,,,,,,,,,,,,,,,,,,,,,,,,,,,,,,,,,,,,,,,,,,,,,,
R485,,,,,,,,,,,,,,,,,,,,,,,,,,,,,,,,,,,,,,,,,,,,,,,,,,,,,,,,,,,,,,,,,,,,,,,,,,,,,,,,,,,,,,,,,,,,,,,,,,,,,,,,,,,,,,,,,,,,,,,,,,,,,,,,,,,,,,,,,,,,,,,,,,,,,,,,,,,,,,,,,,,,*/ə̃ŋɡɾnəˤ/,,,,,,,,,,,,,,,,,,,,,,,,,,,,,,,,,,,,,,,,,,,,,,,,,,,,,,,,,,,,,,,,,,,,,,,,,,,,,,,,,,,,,,,,,,,,,,,,,,,,,,,,,,,,,,,,,,,,,,,,,,,,,,,,,,,,,,,,,,,,,,,,,,,,,,,,,,,,,,,,,,,,,,,,,,,,,,,,,,,,,,,,,,,,,,,,,,,,,,,,,,,,,,,,,,,,,,,,,,,,,,,,,,,,,,,,,,,,,,,,,,,,,,,,,,,,,,,,,,,,,,,,,,,,,,,,,,,,,
R486,,,,,,,,,,,,,,,,,,,,,,,,,,,,,,,,,,,,,,,,,,,,,,,,,,,,,,,,,,,,,,,,,,,,,,,,,,,,,,,,,,,,,,,,,,,,,,,,,,,,,,,,,,,,,,,,,,,,,,,,,,,,,,,,,,,,,,,,,,,*/mˈaːɾʃ/,,,,,,,,,,,,,,,,,,,,,,,,,,,,*/zˈɑːɾʃ/,,,,,,,,,,,,,,,,,,,,,,,,,,,,,,,,,,,,,,,,,,,,,,,,,,,,,,,,,,,,,,,,,,,,,,,,,,,,,,,,,,,,,,,,,,,,,,,,,,,,,,,,,,,,,,,,,,,,,,,,,,,,,,,,,,,,,,,,,,,,,,,,,,,,,,,,,,,,,,,,,,,,,,,,,,,,,,,,,,,,,,,,,,,,,,,,,,,,,,,,,,,,,,,,,,,,,,,,,,,,,,,,,,,,,,,,,,,,,,,,,,,,,,,,,,,,,,,,,,,,,,,,,,,,,,,,,,
R487,,,,,,,,,,,,,,,,,,,,,,,,,,,,,,,,,,,,,,,,,,,,,,,,,,,,,,,,,,,,,,,,,,,,,,,,,,,,,,,,,,,,,,,,,,,,,,,,,,,,,,,,,,,,,,,,,,,,,,,,,,,,,,,,,,,,,,,,,,,,,,,,,,,,,,,,,,,,,,,,,,,,,,,,,,,,,,,,,,,,,,,,,,,,,,,,,,,,,,,,,,,,,,,,,,,,,,,,,,,,,,,,,,,,,,,,,,,,,,,,,,,,,,,,,,,,,,,,,,,,,,,,,,,,,,,,,,,,,,,,,,,,,,,,,,,,,,,,,,,,,,,,,,,,,,,,,,,,,,,,,,,,,,,,,,,,,,,,,,,,,,,,,,,,,,,,,,,,,,,,,,,,,,,,,,,,,,,,,,,,,,,,,,,,,,,,,,,,,,,,,,,,,,,,,,,,,,,,,,,,,,,,,,,,,,,,,,,,,,,,,
R488,,,,,,,,,,,,,,,,,,,,,,,,,,,,,,,,,,,,,,,,,,,,,,,,,,,,,,,,,,,,,,,,,,,,,,,,,,,,,,,,,,,,,,,,,,,,,,,,,,,,,,,,,,,,,,,,,,,,,,,,,,,,,,,,,,,,,,,,,,,,,,,,,,,,,,,,,,,,,,,,,,,,,,,,,,,,,,,,,,,,,,,,,,,,,,,,,,,,,,,,,,,,,,,,,,,,,,,,,,,,,,,,,,,,,,,,,,,,,,,,,,,,,,,,,,,,,,,,,,,,,,,,,,,,,,,,,,,,,,,,,,,,,,,,,,,,,,,,,,,,,,,,,,,,,,,,,,,,,,,,,,,,,,,,,,,,,,,,,,,,,,*/ləzˈatəˤ/,,,,,,,,,,,,,,,,,,,,,,,,,,,,,,,,,,,,,,,,,,,,,,,,,,,,,,,,,,,,,,,,,,,,,,,,,,,,,,,,,,,,,,,,,,,,,,,,,,,
R489,,,,,,,,,,,,,,,,,,,,,,,,,,,,,,,,,,,,,,,,,,,,,,,,,,,,,,,,,,,,,,,,,,,,,,,,,,,,,,,,,,,,,,,,,,,,,,,,,,,,,,,,,,,,,,,,,,,,,,,,,,,,,,,,,,,,,,,,,,,,,,,,,,,,,,,,,,,,,,,,,,,,,,,,,,,,,,,,,,,*/xrːˈɛfː/,,,,,,,,,,,,,,,,,,,,,,,,,,,,,,,,,,,,,,,,,,,,,,,,,,,,,,,,,,,,,,,,,,,,,,,,,,,,,,,,,,,,,,,,,,,,,,,,,,,,,,,,,,,,,,,,,,,,,,,,,,,,,,,,,,,,,,,,,,,,,,,,,,,,,,,,,,,,,,,,,,,,,,,,,,,,,,,,,,,,,,,,,,,,,,,,,,,,,,,,,,,,,,,,,,,,,,,,,,,,,,,,,,,,,,,,,,,,,,,,,,,,,,,,,,,,,,,,,,,,,,
R490,,,,,,,,,,,,,,,,,,,,,,,,,,,,,,,,,,,,,,,,,,,,,,,,,,,,,,,,,,,,,,,,,,,,,,,,,,,,,,,,,,,,,,,,,,,,,,,,,,,,,,,,,,,,,,,,,,,,,,,,,,,,,,,,,,,,,,,,,,,,,,,,,,,,,,,,,,,,,,,,,,,,,,,,,,,,,,,,,,,,,,,,,,,,,,,,,,,,,,,,,,,,,,,,,,,,,,,,,,,,,,,,,,,,,,,,,,,,,,,,,,,,,,,,,,,,,,,,,,,,,,,,,,,,,,,,,,,,,,,,,,,,,,,,,,,,,,,,,,,,,,,,,,,,,,,,,,,,,,,,,,,,,,,,,,,,,,,,,,,,,,,,,,,,,,,,,,,,,,,,,,,,,,,,,,,,,,,,,,,,,,,,,,,,,,,,,,,,,,,,,,,,,,,,,,,,,,,,,,,,,,,,,,,,,,,,,,,,,,,,,
R491,,,,,,,,,,,,,,,,,,,,,,,,,,,,,,,,,,,,,,,,,,,,,,,,,,,,,,,,,,,,,,,,,,,,,,,,,,,,,,,,,,,,,,,,,,,,,,,,,,,,,,,,,,,,,,,,,,,,,,,,,,,,,,,,,,,,,,,,,,,,,,,,,,,,,,,,,,,,,,,,,,,,,,,,,,,,,,,,,,,,,,,,,,,,,,,,,,,,,,,,,,,,,,,,,,,,,,,,,,,,,,,,,,,,,,,,,,,,,,,,,,,,,,,,,,,,,,,,,,,,,,,,,,,,,,,,,,,,,,,,,,,,,,,,,,,,,,,,,,,,,,,,,,,,,,,,,,,,,,,,,,,,,,,,,,,,,,,,,,,,,,,,,,,,,,,,,,,,,,,,,,,,,,,,,,,,,,,,,,,,,,,,,,,,,,,,,,,,,,,,,,,,,,,,,,,,,,,,,,,,,,,,,,,,,,,,,,,,,,,,,
R492,,,,,,,,,,,,,,,,,,,,,,,,,,,,,,,,,,,,,,,,,,,,,,,,,,,,,,,,,,,,,,,,,,,,,,,,,,,,,,,,,,,,,,,,,,,,,,,,,,,,,,,,,,,,,,,,,,,,,,,,,,,,,,,,,,,,,,,,,,,,,,,,,,,,,,,,,,,,,,,,,,,,,,,,,,,,,,,,,,,,,,,,,,,,,,,,,,,,,,,,,,,,,,,,,,,,,,,,,,,,,,,,,,,,,,,,,,,,,,,,,,,,,,,,,,,,,,,,,,,,,,,,,,,,,,,,,,,,,,,,,,,,,,,,,,,,,,,,,,,,,,,,,,,,,,,,,,,,,,,,,,,,,,,,,,,,,,,,,,,,,,,,,,,,,,,,,,,,,,,,,,,,,,,,,,,,,,,,,,,,,,,,,,,,,,,,,,,,,,,,,,,,,,,,,,,,,,,,,,,,,,,,,,,,,,,,,,,,,,,,,
R493,,,,,,,,,,,,,,,,,,,,,,,,,,,,,,,,,,,,,,,,,,,,,,,,,,,,,,,,,,,,,,,,,,,,,,,,,,,,,,,,,,,,,,,,,,,,,,,,,,,,,,,,,,,,,,*/χvˈaːrəˤ/,,,,,,,,,,,,,,,,,,,,,,,,,,,,*/mˈaːra/,,*/mˈaːrət/,*/mˈɔːr/,,,,,,,,,,,,,,,*/kˈɔːra/,,*/ɡˈaːr/,,,,,,,,,,,,,,,,,,,,,*/xrˈɛfː/,,,,,,,,,,,,,,,,,,,,,,*/vˈɛːrɐɾ̃a/,,,,,,*/vˈɛːrɐɾ̃a/,*/ˈuːra/,,,,,,,,,,,,,,,,,,,,,,,,,,,,,,,,*/fˈɛːr/,,,,,,,,*/bˈiːrɐ/,,,,,,,,,,,,,,,,,,,,,,*/bˈaːra/,*/bˈɛːrɐ/,*/bˈɔːr/,*/bˈiːra/,,,,,,,,,,,,,,*/mˈiːrəˤ/,,,,,,,,,,,,,,,,,,,,,,,,,,,,,,,,,,,,*/t͡sˈaːra/,*/t͡ʃˈaːrəˤ/,,,,,,,,,,,,,,,,,,,,,,,,,,,,,,,,,,,,,,,,,,,,,,,,,,,,,,,,,,,,,,,,,,,,,,,,,,,,,,,*/rˈỹməˤ/,*/rˈũm/,,,,,,,,,,,,,,,,,,,,,,,,,,,,,,,,,,,,,*/rˈuða/
R494,,,,,,,,,,,,,,,,,,,,,,,,,,,,,,,,,,,,,,,,,,,,,,,,,,,,,,,,,,,,,,,,,,,,,,,,,,,,,,,,,,,,,,,,,,,,,,,*/wˈɔtɾə/,,,,,,,,,,,,,,,,,,,,,,,,,,,,,,,,,,,,,,,,,,,,,,,,,,,,,,,,,,,,,,,,,*/ə̃ŋɡɾə/,,,,,,,,,,,,,,*/ɟˈɛdɾə/,,,,,,,,,,,,,,,,,,,,,,,,,,,,,,,,,,,,,,,,,,,,,,,,,,,,,,,,,,,,,,,,,,,,,,,,,,,,,,,,,,,,,,,,,,,,,,,,,,,,,,,*/blˈɔɡɾə/,,,,,,,,,,,,,,,,,,,,,,,,,,,,,,,,,,,,,,,,,,,,,,,,,,,,,,,,,,,,,,,,,,,,,,,,,,,,,,,,,,,,,,,,,,,,,,,,,,,,,,,,,*/mˈakɾə/,,,,,,,,,,,,,,,,,,,,,,,,,,,,,,,,,,,,,,,,,,,,*/lˈɔdɾə/,,,,,,,,,,,,,,,
R495,,,,,,,,,,,,,,,,,,,,,,,,,,,,,,,,,,,,,,,,,,,,,,,,,,,,,,,,,,,,,,,,,,,,,,,,,,,,,,,,,,,,,,,,,,,,,,,,,,,,,,,,,,,,,,,,,,,,,,,,,,,,,,,,,,,,,,,,,,,,,,,,,,,,,,,,,,,,,,,,,,,,,,,,,,,,,,,,*/ɟˈɛʃtəɾ̃a/,,,,,,,,,,,,,,,,,,,,,,,,,,,,,,,,,,,,,,,,,,,,,,,,,,,,,,,,,,,,,,,,,,,,,,,,,,,,,,,,,,,,,,,,,,,,,,,,,,,,,,,,,,,,,,,,,,,,,,,,,,,,,,,,,,,,,,,,,,,,,,,,,,,,,,,,,,,,,,,,,,,,,,,,,,,,,,,,,,,,,,,,,,,,,,,,,,,,,,,,,,,,,,,,,,,,,,,,,,,,,,,,,,,,,*/ɟˈɛɾpəɾ̃/,,,,,,,,,,,,,,,,,,,,,,,,,,,,,,,,,,,,
R496,,,,,,,,,,,,,,,,,,,,,,,,,,,,,,,,,,,,,,,,,,,,,,,,,,,,,,,,,,,,,,,,,,,,,,,,,,,,,,,,,,,,,,,,,,,,,,,*/wˈɔtɾ/,,,,,,,,,,,,,,,,,,,,,,,,,,,,,,,,,,,,,,,,,,,,,,,,,,,,,,,,,,,,,,,,,*/ə̃ŋɡɾ/,,,,,,,,,,,,,,*/ɟˈɛdɾ/,,,,,,,,,,,,,,,,,,,,,,,,,,,,,,,,,,,,,,,,,,,,,,,,,,,,,,,,,,,,,,,,,,,,,,,,,,,,,,,,,,,,,,,,,,,,,,,,,,,,,,,*/blˈɔɡɾ/,,,,,,,,,,,,,,,,,,,,,,,,,,,,,,,,,,,,,,,,,,,,,,,,,,,,,,,,,,,,,,,,,,,,,,,,,,,,,,,,,,,,,,,,,,,,,,,,,,,,,,,,,*/mˈakɾ/,,,,,,,,,,,,,,,,,,,,,,,,,,,,,,,,,,,,,,,,,,,,*/lˈɔdɾ/,,,,,,,,,,,,,,,
R497,,,,,,,,,,,,,,,,,,,,,,,,,,,,,,,,,,,,,,,,,,,,,,,,,,,,,,,,,,,,,,,,,,,,,,,,,,,,,,,,,,,,,,,,,,,,,,,,,,,,,,,,,,,,,,,,,,,,,,,,,,,,,,,,,,,,,,,,,,,,,,,,,,,,,,,,,,,,,,,,,,,,,,,,,,,,,,,,,,,,,,,,,,,,,,,,,,,,,,,,,,,,,,,,,,,,,,,,,,,,,,,,,,,,,,,,,,,,,,,,,,,,,,,,,,,,,,,,,,,,,,,,,,,,,,,,,,,,,,,,,,,,,,,,,,,,,,,,,,,,,,,,,,,,,,,,,,,,,,,,,,,,,,,,,,,,,,,,,,,,,,,,,,,,,,,,,,,,,,,,,,,,,,,,,,,,,,,,,,,,,,,,,,,,,,,,,,,,,,,,,,,,,,,,,,,,,,,,,,,,,,,,,,,,,,,,,,,,,,,,,
R498,,,,,,,,,,,,,,,,,,,,,,,,,,,,,,,,,,,,,,,,,,,,,,,,,,,,,,,,,,,,,,,,,,,,,,,,,,,,,,,,,,,,,,,,,,,,,,,,,,,,,,,,,,,,,,,,,,,,,,,,,,,,,,,,,,,,,,,,,,,,,,,,,,,,,,,,,,,,,,,,,,,,,,,,,,,,,,,,,,,,,,,,,,,,,,,,,,,,,,,,,,,,,,,,,,,,,,,,,,,,,,,,,,,,,,,,,,,,,,,,,,,,,,,,,,,,,,,,,,,,,,,,,,,,,,,,,,,,,,,,,,,,,,,,,,,,,,,,,,,,,,,,,,,,,,,,,,,,,,,,,,,,,,,,,,,,,,,,,,,,,,,,,,,,,,,,,,,,,,,,,,,,,,,,,,,,,,,,,,,,,,,,,,,,,,,,,,,,,,,,,,,,,,,,,,,,,,,,,,,,,,,,,,,,,,,,,,,,,,,,,
R499,,,,,,,,,,,,,,,,,,,,,,,,,,,,,,,,,,,,,,,,,,,,,,,,,,,,,*/ɟˈɛtɾ/,,,,,,,,,,,,*/ɟɾðˈiː/,,,,,,,,,,,,,,,,,,,,,,,,,,,,,,,,,,,,,,,,,,*/χvlcˈiː/,,,,,,,,,,,,,,,,,,,,,,,,,,,,,,,,,,,,,,,,,,,,,,,,*/sᵝlˠθˈʌ̃mːəˤ/,,,,,,,,,,,,,,,,,,,,,,,,,,,,,,,,,,,,,,,,,,*/dəʃndɾbˈaːlˠa/,,,,,,,,,,,,,,,,,,,,,,,,,,,,,,,,,,,,,,,,,*/pɾ/,*/pɾ/,,,,,,,,,,,,,,,,,,,,,,,,,,,,,,,,,,,,,,,,,,,,,,,,,,,,,,,,,,,,,,,,,,,,*/pɾtˈɛpɛ/,,,,,,,,,,,,,,,,,,,,,,,,,,,,,,,,,,,,,,,,,,,,,,,,,,,,,,,,,,,,,,,,,,,,,,,,,,,,,,,,,,,,,,,,,*/pɾʃtˈɔːlˠ/,,,,,,,,,,,,*/ʃɾbˈit/,,,,,,,,,,,,,,,,,,,,,,,,,,,,,,,,,
R500,,,,,,,,,,,,,,,,,,,,,,,,,,,,,,,,,,,,,,,,,,,,,,,,,,,,,,,,,,,,,,,,,,,,,,,,,,,,,,,,,,,,,,,,,,,,,,,,,,,,,,,,,,,,,,,,,,,,,,,,,,,,,,,,,,,,,,,,,,,,,,,,,,,,,,,,,,,,,,,,,,,,,*/ɡˈɔːɾxm/,,,,,,,,,,,,,,,,,,,,,,,,,,,,,,,,,,,,,,,,,,,,,,,,,,,,,,,,,,,,,,,,,,,,,,,,,,,,,,,,,,,,,,,,,,,,,,,,,,,,,,,,,,,,,,,,,,,,,,,,,,,,,,,,,,,,,,,,,,,,,,,,,,,,,,,,,,,,,,,,,,,,,,,,,,,,,,,,,,,,,,,,,,,,,,,,,,,,,,,,,,,,,,,,,,,,,,,,,,,,,,,,,,,,,,,,,,,*/ʃm/,,,,,,,,,,,,,,,,,,,,,,,,,,,,,,,,,,,,*/ljˈɛxm/,*/lˈaːxm/,,,,
R501,,,,,,,,,,,,,,,,,,,,,,,,,,,,,,,,,,,,,,,,,,,,,,,,,,,,,,,,,,,,,,,,,,,,,,,,,,,,,,,,,,,,,,,,,,,,,,,,,,,,,,,,,,,,,,,,,,,,,,,,,,,,,,,,,,,,,,,,,,,,,,,,,,,,,,,,,,,,,,,,,,,,,,,,,,,,,,,,,,,,,,,,,,,,,,,,,,,,,,,,,,,,,,,,,,,,,,,,,,,,,,,,,,,,,,,,,,,,,,,,,,,,,,,,,,,,,,,,,,,,,,,,,,,,,,,,,,,,,,,,,,,,,,,,,,,,,,,,,,,,,,,,,,,,,,,,,,,,,,,,,,,,,,,,,,,,,,,,,,,,,,,,,,,,,,,,,,,,,,,,,,,,,,,,,,,,,,,,,,,,,,,,,,,,,,,,,,,,,,,,,,,,,,,,,,,,,,,,,,,,,,,,,,,,,,,,,,,,,,,,,
R502,,,,,,,,,,,,,,,,,,,,,,,,,,,,,,,,,,,,,,,,,,,,,,,,,,,,,,,,,,,,,,,*/rˈɛ̃m/,,,,*/rˈɛ̃nː/,,,,,,,,,,,,,,,,,,,*/rˈɛp/,,,,,,,,,,,,,,,,,,,,,,,,,,,,,,,,,,,,,,,,,,,,,,,,,,,,,,,,,,,,,,,,,,,,,,,,,,,,,,,,,,,,,,,,,,,,,,,,,,,,,,,,,,,,,,,,,,,,,,,,,,,,,,,,,,,,,,,,,,,,,,,,,,,,,,,,,,,,,,,,,,,,,,,,,,,,,,,,,,,,,,,,,,,,,,,,,,,,,,,,,,,,,,,,,,,,,,,,,,,,,,,,,,,,,,,,,,,,,,,,,,,,,,,,,,,,,,,,,,,,,,,,,,,,,,,,,,,,,,,,,,,,,,,,,,,,,,,,,,,,,,,,,,,,,,,,,,,,,,,,,,,,,,,,,,,,,,,,,,,,,,,,,,,,,,,,,,,
R503,,,,,,,,,,,,,,,,,,,,,,,,,,,,,,,,,,,,,,,,,,,,,,,,,,,,,,,,,,,,,,,,,,,,,,,,,,,,,,,,,,,,,,,,,,,,,,,,,,,,,,,,,,,,,,,,,,,,,,,,,,,,,,,,,,,,,,,,,,,,,,,,,,,,,,,,,,,,,,,,,,,,,,,,,,,,,,,,,,,,,,,,,,,,,,,,,,,,,,,,,,,,,,,,,,,,,,,,,,,,,,,,,,,,,,,,,,,,,,,,,,,,,,,,,,,,,,,,,,,,,,,,,,,,,,,,,,,,,,,,,,,,,,,,,,,,,,,,,,,,,,,,,,,,,,,,,,,,,,,,,,,,,,,,,,,,,,,,,,,,,,,,,,,,,,,,,,,,,,,,,,,,,,,,,,,,,,,,,,,,,,,,,,,,,,,,,,,,,,,,,,,,,,,,,,,,,,,,,,,,,,,,,,,,,,,,,,,,,,,,,
R504,,,,,,,,,,,,,,,,,,,,,,,,,,,,,,,,,,,,,,,,,,,,,,,,,,,,,,,,,,,,,,,,,,,,,,,,,,,,,,,,,,,,,,,,,,,,,,,,,,,,,,,,,,,,,,,,,,,,,,,,,,,,,,,,,,,,,,,,,,,,,,,,,,,,,,,,,,,,,,,,,,,,,,,,,,,,,,,,,,,,,,,,,,,,,,,,,,,,,,,,,,,,,,,,,,,,,,,,,,,,,,,,,,,,,,,,,,,,,,,,,,,,,,,,,,,,,,,,,,,,,,,,,,,,,,,,,,,,,,,,,,,,,,,,,,,,,,,,,,,,,,,,,,,,,,,,,,,,,,,,,,,,,,,,,,,,,,,,,,,,,,,,,,,,,,,,,,,,,,,,,,,,,,,,,,,,,,,,,,,,,,,,,,,,,,,,,,,,,,,,,,,,,,,,,,,,,,,,,,,,,,,,,,,,,,,,,,,,,,,,,
R505,,,,,,,,,,,,,,,,,,,,,,,,,,,,,,,,,,,,,,,,,,,,,,,,,,,,,,,,,,,,,,,,,,,,,,,,,,,,,,,,,,,,,,,,,,,,,,,,,,,,,,,,,,,,,,,,,,,,,,,,,,,,,,,,,,,,,,,,,,,,,,,,,,,,,,,,,,,,,,,,,,,,,,,,,,,,,,,,,,,,,,,,,,,,,,,,,,,,,,,,,,,,,,,,,,,,,,,,,,,,,,,,,,,,,,,,,,,,,,,,,,,,,,,,,,,,,,,,,,,,,,,,,,,,,,,,,,,,,,,,,,,,,,,,,,,,,,,,,,,,,,,,,,,,,,,,,,,,,,,,,,,,,,,,,,,,,,,,,,,,,,,,,,,,,,,,,,,,,,,,,,,,,,,,,,,,,,,,,,,,,,,,,,,,,,,,,,,,,,,,,,,,,,,,,,,,,,,,,,,,,,,,,,,,,,,,,,,,,,,,,
R506,,,,,,,,,,,,,,,,,,,,,,,,,,,,,,,,,,,,,,,,,,,,,,,,,,,,,,,,,,,,,,,,,,,,,,,,,,,,,,,,,,,,,,,,,,,,,,,,,,,,,,,,,,,,,,,,,,,,,,,,,,,,,,,,,,,,,,,,,,,,,,,,,,,,,,,,,,,,,,,,,,,,,,,,,,,,,,,,,,,,,,,,,,,,,,,,,,,,,,,,,,,,,,,,,,,,,,,,,,,,,,,,,,,,,,,,,,,,,,,,,,,,,,,,,,,,,,,,,,,,,,,,,,,,,,,,,,,,,,,,,,,,,,,,,,,,,,,,,,,,,,,,,,,,,,,,,,,,,,,,,,,,,,,,,,,,,,,,,,,,,,,,,,,,,,,,,,,,,,,,,,,,,,,,,,,,,,,,,,,,,,,,,,,,,,,,,,,,,,,,,,,,,,,,,,,,,,,,,,,,,,,,,,,,,,,,,,,,,,,,,
R507,,,*/θˈiːʃtɾ̩/,,,,,,,,,,,,,,,,,,,,,,,,,,,,,,,,,,,,,,,,,,,,,,,,,,*/ɟˈɛtɾ̩/,,,,,,,,,,,,*/ɟɾ̩ðˈiː/,,,,,,,,,,,,,,,,,,,,,,,,,,,,,,*/wˈɔtɾ̩/,,,,,,,,,,,,,,,,,,,,,,,,,,,,,,,,,,,,,,,,,,,,,,,,,,,,,,,,,,,,,,,,,*/ə̃ŋɡɾ̩/,,,,*/ə̃ŋɡɾ̩nəˤ/,,,,,,,,,,*/ɟˈɛdɾ̩/,,,,,,,,,,,,,,,,,,,,,,,*/dəʃndɾ̩bˈaːlˠa/,,,,,,,,,,,,,,,,,,,,,,,,,,,,,,,,,,,,,,,,,,,,,,,,,,,,,,,,,,,,,,,,,,,,,,,,,,,,,,,,*/blˈɔɡɾ̩/,,,,,,,,,,,,,,,,,,,,,,,,,,,,,,,,,,,,,,,,,,,,,,,,,,,,,,,,,,,,,,,,,,,,,,,,,,,,,,,,,,,,,,,,,,,,,,,,,,,,,,,,,*/mˈakɾ̩/,,,,,,,,,,,,,,,,,,,,,,,,,,*/ʃɾ̩bˈit/,,,,,,,,,,,,,,,,,,*/lˈɔdɾ̩/,,,,,,,,,,,,,*/lˈye̯dɾ̩/,,
R508,,,,,,,,,,,,,,,,,,,,,,,,,,,,,,,,,,,,,,,,,,,,,,,,,,,,,,,,,,,,,,,,,,,,,,,,,,,,,,,,,,,,,,,,,,,,,,,,,,,,,,,,,,,*/χvl̩cˈiː/,,,,,,,,,,,,,,,,,,,,,,,,,,,,,,,,,,,,,,,,,,,,,,,,*/sᵝ?3θˈʌ̃mːəˤ/,,,,,,,,,,,,,,,,,,,,,,,,,,,,,,,,,,,,,,,,,,,,,,,,,,,,,,,,,,,,,,,,,,,,,,,,,,,,,,,,,,,*/pɾ̩/,*/pɾ̩/,,,,,,,,,,,,,,,,,,,,,,,,,,,,,,,,,,,,,,,,,,,,,,,,,,,,,,,,,,,,,,,,,,,,*/pɾ̩tˈɛpɛ/,,,,,,,,,,,,,,,,,,,,,,,,,,,,,,,,,,,,,,,,,,,,,,,,,,,,,,,,,,,,,,,,,,,,,,,,,,,,,,,,,,,,,,,,,*/pɾ̩ʃtˈɔːlˠ/,,,,,,,,,,,,,,,,,,,,,,,,,,,,,,,,,,,,,,,,,,,,,
R509,,,,,,,,,,,,,,,,,,,,,,,,,,,,,,,,,,,,,,,,,,,,,,,,,,,,,,,,,,,,,,,,,,,,,,,,,,,,,,,,,,,,,,,,,,,,,,,,,,,,,,,,,,,,,,,,,,,,,,,,,,,,,,,,,,,,,,,,,,,,,,,,,,,,,,,,,,,,,,,,,,,,,,,,,,,,,,,,,,,,,,,,,,,,,,,,,,,,,*/dəʃn̩dɾ̩bˈaːlˠa/,,,,,,,,,,,,,,,,,,,,,,,,,,,,,,,,,,,,,,,,,,,,,,,,,,,,,,,,,,,,,,,,,,,,,,,,,,,,,,,,,,,,,,,,,,,,,,,,,,,,,,,,,,,,,,,,,,,,,,,,,,,,,,,,,,,,,,,,,,,,,,,,,,,,,,,,,,,,,,,,,,,,,,,,,,,,,,,,,,,,,,,,,,,,,,,,,,,,,,,,,,,,,,,,,,,,,,,,,,,,,,,,,,,,,,,,,,,,,,,,,,,,
R510,,,,,,,,*/θˈiːɾxm̩/,,,,,,,,,,,,,,,,,,,,,,,,,,,,,,,,,,,,,,,,,,*/xm̩/,,,,,,,,,,,,,,,,,,,,,,,,,,,,,,,,,,,,,,,,,,,,,,,,,,,,,,,,,,,,,,,,,,,,,,,,,,,,,,,,,,,,,,,,,,,,,,,,,,,,,,,,,,,,,,,,,,,*/ɡˈɔːɾxm̩/,,,,,,,,,,,,,,,,,,,,,,,,,,,,,,,,,,,,,,,,,,,,,,,,,,,,,,,,,,,,,,,,,*/pˈɛːlxm̩/,,,,,,,,,,,,,,,,,,,,,,,,,,,,,,,,,,,,,,,,,,,,,,,,,,,,,,,,,,,,,,,,,,,,*/mˈɛːlxm̩/,,,,,,,,,,,,,,,,,,,,,,,,,,,,,,,,,,,,,,,,,,,,,,,,,,,,,,,,,,,,,,,,,,,,,,,,,,,,,,,,,,,,,,,,,,,,,,,,,,,,,,*/ʃm̩/,,,,,,,,,,,,,,,,,,,,,,,,,,,,,,,,,,,,*/ljˈɛxm̩/,*/lˈaːxm̩/,,,,
R511,,,,,,,,,,,,,,,,,,,,,,,,,,,,,,,,,,,,,,,,,,,,,,,,,,,,,,,,,,,,,,,,,,,,,,,,,,,,,,,,,,,,,,,,,,,,,,,,,,,,,,,,,,,,,,,,,,,,,,,,,,,,,,,,,,,,,,,,,,,,,,,,,,,,,,,,,,,,,,,,,,,,,,,,,,,,,,,,,,,,,,,,,,,,,,,,,,,,,,,,,,,,,,,,,,,,,,,,,,,,,,,,,,,,,,,,,,,,,,,,,,,,,,,,,,,,,,,,,,,,,,,,,,,,,,,,,,,,,,,,,,,,,,,,,,,,,,,,,,,,,,,,,,,,,,,,,,,,,,,,,,,,,,,,,,,,,,,,,,,,,,,,,,,,,,,,,,,,,,,,,,,,,,,,,,,,,,,,,,,,,,,,,,,,,,,,,,,,,,,,,,,,,,,,,,,,,,,,,,,,,,,,,,,,,,,,,,,,,,,,,
R512,,,,,,,,,,,,,,,,,,,,,,,,,,,,,,,,,,,,,,,,,,,,,,,,,,,,,,,,,,,,,,,,,,,,,,,,,,,,,,,,,,,,,,,,,,,,,,,,,,,,,,,,,,,,,,,,,,,,,,,,,,,,,,,,,,,,,,,,,,,,,,,,,,,,,,,,,,,,,,,,,,,,,,,,,,,,,,,,,,,,,,,,,,,,,,,,,,,,,,,,,,,,,,,,,,,,,,,,,,,,,,,,,,,,,,,,,,,,,,,,,,,,,,,,,,,,,,,,,,,,,,,,,,,,,,,,,,,,,,,,,,,,,,,,,,,,,,,,,,,,,,,,,,,,,,,,,,,,,,,,,,,,,,,,,,,,,,,,,,,,,,,,,,,,,,,,,,,,,,,,,,,,,,,,,,,,,,,,,,,,,,,,,,,,,,,,,,,,,,,,,,,,,,,,,,,,,,,,,,,,,,,,,,,,,,,,,,,,,,,,,
R513,,,,,,,,,,,,,,,,,,,,,,,,,,,,,,,,,,,,,,,,,,,,,,,,,,,,,,,,,,,,,,,,,,,,,,,,,,,,,,,,,,,,,,,,,,,,,,,,,,,,,,,,,,,,,,,,,,,,,,,,,,,,,,,,,,,,,,,,,,,,,,,,,,,,,,,,,,,,,,,,,,,,,,,,,,,,,,,,,,,,,,,,,,,,,,,,,,,,,,,,,,,,,,,,,,,,,,,,,,,,,,,,,,,,,,,,,,,,,,,,,,,,,,,,,,,,,,,,,,,,,,,,,,,,,,,,,,,,,,,,,,,,,,,,,,,,,,,,,,,,,,,,,,,,,,,,,,,,,,,,,,,,,,,,,,,,,,,,,,,,,,,,,,,,,,,,,,,,,,,,,,,,,,,,,,,,,,,,,,,,,,,,,,,,,,,,,,,,,,,,,,,,,,,,,,,,,,,,,,,,,,,,,,,,,,,,,,,,,,,,,
R514,,,,,,,,,,,,,,,,,,,,,,,,,,,,,,,,,,,,,,,,,,,,,,,,,,,,,,,,,,,,,,,,,,,,,,,,,,,,,,,,,,,,,,,,,,,,,,,,,,,,,,,,,,,,,,,,,,,,,,,,,,,,,,,,,,,,,,,,,,,,,,,,,,,,,,,,,,,,,,,,,,,,,,,,,,,,,,,,,,,,,,,,,,,,,,,,,,,,,,,,,,,,,,,,,,,,,,,,,,,,,,,,,,,,,,,,,,,,,,,,,,,,,,,,,,,,,,,,,,,,,,,,,,,,,,,,,,,,,,,,,,,,,,,,,,,,,,,,,,,,,,,,,,,,,,,,,,,,,,,,,,,,,,,,,,,,,,,,,,,,,,,,,,,,,,,,,,,,,,,,,,,,,,,,,,,,,,,,,,,,,,,,,,,,,,,,,,,,,,,,,,,,,,,,,,,,,,,,,,,,,,,,,,,,,,,,,,,,,,,,,
R515,,,,,,,,,,,,,,,,,,,,,,,,,,,,,,,,,,,,,,,,,,,,,,,,,,,,,,,,,,,,,,,,,,,,,,,,,,,,,,,,,,,,,,,,,,,,,,,,,,,,,,,,,,,,,,,,,,,,,,,,,,,,,,,,,,,,,,,,,,,,,,,,,,,,,,,,,,,,,,,,,,,,,,,,,,,,,,,,,,,,,,,,,,,,,,,,,,,,,,,,,,,,,,,,,,,,,,,,,,,,,,,,,,,,,,,,,,,,,,,,,,,,,,,,,,,,,,,,,,,,,,,,,,,,,,,,,,,,,,,,,,,,,,,,,,,,,,,,,,,,,,,,,,,,,,,,,,,,,,,,,,,,,,,,,,,,,,,,,,,,,,,,,,,,,,,,,,,,,,,,,,,,,,,,,,,,,,,,,,,,,,,,,,,,,,,,,,,,,,,,,,,,,,,,,,,,,,,,,,,,,,,,,,,,,,,,,,,,,,,,,
R516,,,,,,,,,,,,,,,,,,,,,,,,,,,,,,,,,,,,,,,,,,,,,,,,,,,,,,,,,,,,,,,,,,,,,,,,,,,,,,,,,,,,,,,,,,,,,,,,,,,,,,,,,,,,,,,,,,,,,,,,,,,,,,,,,,,,,,,,,,,,,,,,,,,,,,,,,,,,,,,,,,,,,,,,,,,,,,,,,,,,,,,,,,,,,,,,,,,,,,,,,,,,,,,,,,,,,,,,,,,,,,,,,,,,,,,,,,,,,,,,,,,,,,,,,,,,,,,,,,,,,,,,,,,,,,,,,,,,,,,,,,,,,,,,,,,,,,,,,,,,,,,,,,,,,,,,,,,,,,,,,,,,,,,,,,,,,,,,,,,,,,,,,,,,,,,,,,,,,,,,,,,,,,,,,,,,,,,,,,,,,,,,,,,,,,,,,,,,,,,,,,,,,,,,,,,,,,,,,,,,,,,,,,,,,,,,,,,,,,,,,
R517,,,,,,,,,,,,,,,,,,,,,,,,,,,,,,,,,,,,,,,,,,,,,,,,,,,,,,,,,,,,,,,,,,,,,,,,,,,,,,,,,,,,,,,,,,,,,,,,,,,,,,,,,,,,,,,,,,,,,,,,,,,,,,,,,,,,,,,,,,,,,,,,,,,,,,,,,,,,,,,,,,,,,,,,,,,,,,,,,,,,,,,,,,,,,,,,,,,,,,,,,,,,,,,,,,,,,,,,,,,,,,,,,,,,,,,,,,,,,,,,,,,,,,,,,,,,,,,,,,,,,,,,,,,,,,,,,,,,,,,,,,,,,,,,,,,,,,,,,,,,,,,,,,,,,,,,,,,,,,,,,,,,,,,,,,,,,,,,,,,,,,,,,,,,,,,,,,,,,,,,,,,,,,,,,,,,,,,,,,,,,,,,,,,,,,,,,,,,,,,,,,,,,,,,,,,,,,,,,,,,,,,,,,,,,,,,,,,,,,,,,
R518,,,,,,,,,,,,,,,,,,,,,,,,,,,,,,,,,,,,,,,,,,,,,,,,,,,,,,,,,,,,,,,,,,,,,,,,,,,,,,,,,,,,,,,,,,,,,,,,,,,,,,,,,,,,,,,,,,,,,,,,,,,,,,,,,,,,,,,,,,,,,,,,,,,,,,,,,,,,,,,,,,,,,,,,,,,,,,,,,,,,,,,,,,,,,,,,,,,,,,,,,,,,,,,,,,,,,,,,,,,,,,,,,,,,,,,,,,,,,,,,,,,,,,,,,,,,,,,,,,,,,,,,,,,,,,,,,,,,,,,,,,,,,,,,,,,,,,,,,,,,,,,,,,,,,,,,,,,,,,,,,,,,,,,,,,,,,,,,,,,,,,,,,,,,,,,,,,,,,,,,,,,,,,,,,,,,,,,,,,,,,,,,,,,,,,,,,,,,,,,,,,,,,,,,,,,,,,,,,,,,,,,,,,,,,,,,,,,,,,,,,
R519,,,,,,,,,,,,,,,,,,,,,,,,,,,,,,,,,,,,,,,,,,,,,,,,,,,,,,,,,,,,,,,,,,,,,,,,,,,,,,,,,,,,,,,,,,,,,,,,,,,,,,,,,,,,,,,,,,,,,,,,,,,,,,,,,,,,,,,,,,,,,,,,,,,,,,,,,,,,,,,,,,,,,,,,,,,,,,,,,,,,,,,,,,,,,,,,,,,,,,,,,,,,,,,,,,,,,,,,,,,,,,,,,,,,,,,,,,,,,,,,,,,,,,,,,,,,,,,,,,,,,,,,,,,,,,,,,,,,,,,,,,,,,,,,,,,,,,,,,,,,,,,,,,,,,,,,,,,,,,,,,,,,,,,,,,,,,,,,,,,,,,,,,,,,,,,,,,,,,,,,,,,,,,,,,,,,,,,,,,,,,,,,,,,,,,,,,,,,,,,,,,,,,,,,,,,,,,,,,,,,,,,,,,,,,,,,,,,,,,,,,
R520,,,,,,,,,,,,,,,,,,,,,,,,,,,,,,,,,,,,,,,,,,,,,,,,,,,,,,,,,,,,,,,,,,,,,,,,,,,,,,,,,,,,,,,,,,,,,,,,,,,,,,,,,,,,,,,,,,,,,,,,,,,,,,,,,,,,,,,,,,,,,,,,,,,,,,,,,,,,,,,,,,,,,,,,,,,,,,,,,,,,,,,,,,,,,,,,,,,,,,,,,,,,,,,,,,,,,,,,,,,,,,,,,,,,,,,,,,,,,,,,,,,,,,,,,,,,,,,,,,,,,,,,,,,,,,,,,,,,,,,,,,,,,,,,,,,,,,,,,,,,,,,,,,,,,,,,,,,,,,,,,,,,,,,,,,,,,,,,,,,,,,,,,,,,,,,,,,,,,,,,,,,,,,,,,,,,,,,,,,,,,,,,,,,,,,,,,,,,,,,,,,,,,,,,,,,,,,,,,,,,,,,,,,,,,,,,,,,,,,,,,
R521,,,,,,,,,,,,,,,,,,,,,,,,,,,,,,,,,,,,,,,,,,,,,,,,,,,,,,,,,,,,,,,,,,,,,,,,,,,,,,,,,,,,,,,,,,,,,,,,,,,,,,,,,,,,,,,,,,,,,,,,,,,,,,,,,,,,,,,,,,,,,,,,,,,,,,,,,,,,,,,,,,,,,,,,,,,,,,,,,,,,,,,,,,,,,,,,,,,,,,,,,,,,,,,,,,,,,,,,,,,,,,,,,,,,,,,,,,,,,,,,,,,,,,,,,,,,,,,,,,,,,,,,,,,,,,,,,,,,,,,,,,,,,,,,,,,,,,,,,,,,,,,,,,,,,,,,,,,,,,,,,,,,,,,,,,,,,,,,,,,,,,,,,,,,,,,,,,,,,,,,,,,,,,,,,,,,,,,,,,,,,,,,,,,,,,,,,,,,,,,,,,,,,,,,,,,,,,,,,,,,,,,,,,,,,,,,,,,,,,,,,
R522,,,,,,,,,,,,,,,,,,,,,,,,,,,,,,,,,,,,,,,,,,,,,,,,,,,,,,,,,,,,,,,,,,,,,,,,,,,,,,,,,,,,,,,,,,,,,,,,,,,,,,,,,,,,,,,,,,,,,,,,,,,,,,,,,,,,,,,,,,,,,,,,,,,,,,,,,,,,,,,,,,,,,,,,,,,,,,,,,,,,,,,,,,,,,,,,,,,,,,,,,,,,,,,,,,,,,,,,,,,,,,,,,,,,,,,,,,,,,,,,,,,,,,,,,,,,,,,,,,,,,,,,,,,,,,,,,,,,,,,,,,,,,,,,,,,,,,,,,,,,,,,,,,,,,,,,,,,,,,,,,,,,,,,,,,,,,,,,,,,,,,,,,,,,,,,,,,,,,,,,,,,,,,,,,,,,,,,,,,,,,,,,,,,,,,,,,,,,,,,,,,,,,,,,,,,,,,,,,,,,,,,,,,,,,,,,,,,,,,,,,
R523,,,,,,,,,,,,,,,,*/kʎəw̃ɲa/,,,,,,,,,,,,,,,,,,,,,,,,,,,,,,,,,,,,,,,,,,,,,,,,,,,,,,,,,,,,,,,,,,,,,,,,,,*/ɡʎˈaːsa/,,,,,,,,,,,,,,,,,,,,,,,,,,,,,,,,,,,,,,,,,,,,,,,,,,,,,,,,,,,,,,,,,,,,,,,,,,,,,,,,,,,,,,,,,,,,,,,,,,,,,,,,,,,,,,,,,,,,,,,,,,,,,,,,,,,,,,,,,,,,,,,,,,,,,,,,,,,,,,,,,,,,,,,,,,,,,,,,,,,,,,,,,,,,,,,,,,,,,,,,,,,,,,,,,,,,,,,,,,,,,,,,,,,,,,,,,,,,,,,,,,,,,,,,,,,,,,,,,,,,,,,,,,,,,,,,,,,,,,,,,,,,,,,,,,,,,,,,,,,,,,,,,,,,,,,,,,,,,,,,,,,,,,,,,,,,,,,,,,,,,,,,,,,,,,,
R524,,,,,*/t͡sˈaːɾəv/,*/t͡sˈaːɾəptəˤ/,*/t͡sˈaːɾəsəˤ/,,*/t͡sˈaːɾəc/,,,,,,,,*/zˈʌ̃mətəɾa/,,,,,,,,,,,,,,,,,,,,,,,,,,,,,,,,,,,,,,,,,,,,,,,,,,,,,,,,,,,,,,,,,,,,,,,,,,,,,,,,,,,,,,,,,,,,,,,,,,,,,,*/ˈaːsəɾ̃/,,,,,,,,,,,,,,,,,,,,,,,,,,,,,,,,,,,,,,,,,,,,,,,,,,,,,,,,,,,,,,,,,,,,,,,,,,,,,,,,,,*/vˈɛːrəɾ̃a/,,,,,,*/vˈɛːrəɾ̃a/,,,,,,,,,,,,,,,,,,,,,,,,,,,,,,,,,,,,,,,,,*/bˈiːrə/,,,,,,,,,,,,,,,,,,*/bˈaːɾəðəˤ/,,,,,*/bˈɛːrə/,,,,,,,,,,,,,,,,,,*/mˈɔtəɾəˤ/,,,,,,,,,,,,,,,,,,,,,,,,,,,,,,,,,,,,,,,*/ɟˈɜðəɾ̃əˤ/,,,,,,,,,,,,,,,,,,,,,,,,,,,,,,,,,,,,,,,,,,,,,,,,,,,,,,,*/ɟˈũməsa/,,,,,,,,,,,,,,,,,,,,,,,,,,,,,,,,,,,,,,,,,,,,,,,,,,,,,,,,,,
R525,,,,,,,,,,,,,,,,,,,,,,,,,,,,,,,,,,,,,,,,,,,,,,,,,,,,,,,,,,,,,,,,,,,,,,,,,,,,,,,,,,,,,,,,,,,,,,,,,,,,,,,,,,,,,,,,,,,,,,,,,,,,,,,,,,,,,,,,,,,,,,,,,,,,,,,,,,,,,,,,,,,,,,,,,,,,,,,,,,,,,,,,,,,,,,,,,,,,,,,,,,,,,,,,,,,,,,,,,,,,,,,,,,,,,,,,,,,,,,,,,,,,,,,,,,,,,,,,,,,,,,,,,,,,,,,,,,,,,,,,,,,,,,,,,,,,,,,,,,,,,,,,,,,,,,,,,,,,,,,,,,,,,,,,,,,,,,,,,,,,,,,,,,,,,,,,,,,,,,,,,,,,,,,,,,,,,,,,,,,,,,,,,,,,,,,,,,,,,,,,,,,,,,,,,,,,,,,,,,,,,,,,,,,,,,,,,,,,,,,,,
R526,,,,,,*/t͡sˈaːɾəpt?4/,*/t͡sˈaːɾəs?4/,,,*/θˈɛːlˠ?4/,,,,,,,,,,*/nːˈʌ̃mː?4/,,,,,,,,,,,,,,,,,,,,,,,,,,,,,,,,,,,,,,,,,,,,,,,,,,,,*/kˌɔːpˈaːʃt?4/,,,*/fʃˈaːlːʃ/,,,,,,*/də?1ˈɛːlˠ?4/,*/də?1ˈɛːlː?4/,,,,,,,,,,,,,,,*/ɟˌaθˈɔt?4/,,,,,,,,,,,,*/χvˌɔʎˈaːʃ?4/,*/χvˈaːr?4/,,,,,,,*/χmˈaːlː?4/,,,,,,,,,,,,,,,,,,,*/wˈɔʊ̯lˠ?4/,,,,,,,*/?5sᵝəlˠa/,,,,,,,,,,,,*/sᵝ?3θˈʌ̃mː?4/,,,,*/ə̃ŋɡʎˈaːʃ?4/,,,,,*/ə̃ŋɡɾ̩n?4/,,,*/zˈaːɾʃ/,,*/ɟətˈɔt?4/,,,,,,,,,,,,,,,,,,,,,,*/usˈaːs?4/,,,,*/vʎˈaːʃ?4/,*/dəzˈaːlˠt?4/,,,,,,,,,,*/ˈuːɾt?4/,,,,,,,*/pˈat?4/,*/pˈaːʒɟ?4/,,,*/pˈɔ̃ɾ̃?4/,,*/pˈak?4/,,,*/pˌiːsˈaːʃ?4/,,,,,*/plˈɔt?4/,,,,*/pˈaːlˠ?4/,,,,,,*/pˈaːlː?4/,,,,,,*/pˌɔɾzˈɛːʃ?4/,,,,,,,,,,,,*/mːˈ?4/,*/ə̃ndˈ?4/,,,,,,*/bˈut?4/,,,,*/bˈaːɾəð?4/,,,,,,,,*/bəɾˈĩm?4/,,*/blˈɔːɾ?4/,,,,*/məsˈaːʃ?4/,,,*/mˈaːs?4/,,,,*/mˈiːr?4/,,*/mˈɔtəɾ?4/,,,,,,*/mˈɛːlˠt?4/,,,,*/ə̃ndəzˈaːs?4/,,,*/ndəkvjˈaːʃ?4/,,,,,,,,,,,,,,,,,,,,,,*/t͡ʃˈaːr?4/,*/tˌɔʎˈaːʃ?4/,*/zˈaθt?4/,*/dˈan?4/,*/ɟˈɜðəɾ̃?4/,*/ɟˈɘðɟ?4/,,,,,,,*/dˌɔɾɔɟˈaːʃ?4/,,,*/dˈʌ̃mː?4/,,,*/ləzˈat?4/,,,,,,,*/dəsˈaːʃ?4/,,,,,,,,,,,,,,*/ɟˈaːʃt?4/,,,,,,,,,,,,,,,,,,,,,,,*/ʃtəjˈaːʃ?4/,,*/ʃtˈan?4/,,,,,,,,,,*/ʃt͡ʃ?4/,,,,,*/rˈỹm?4/,,,,,,,*/ɟˈaːlp?4/,,,,,,,,,,,,,,*/lˈɔð?4/,*/lˈɔːs?4/,,,,,,*/lˈũm?4/,,,,,,,,,,
R527,,,,,,,,,,,,,,,,,,,,,,,,,,,,,,,,,,,,,,,,,,,,,,,,,,,,,,,,,,,,,,,,,,,,,,,,,,,,,,,,,,,,,,,,,,,,,,,,,,,,,,,,,,,,,,,,,,,,,,,,,,,,,,,,,,,,,,,,,,,,,,,,,,,,,,,,,,,,,,,,,,,,,,,,,,,,,,,,,,,,,,,,,,,,,,,,,,,,,,,,,,,,,,,,,,,,,,,,,,,,,,,,,,,,,,,,,,,,,,,,,,,,,,,,,,,,,,,,,,,,,,,,,,,,,,,,,,,,,,,,,,,,,,,,,,,,,,,,,,,,,,,,,,,,,,,,,,,,,,,,,,,,,,,,,,,,,,,,,,,,,,,,,,,,,,,,,,,,,,,,,,,,,,,,,,,,,,,,,,,,,,,,,,,,,,,,,,,,,,,,,,,,,,,,,,,,,,,,,,,,,,,,,,,,,,,,,,,,,,,,,
R528,*/θˈĩɲə/,*/θˈʌ̃mbəɾə/,,,,*/t͡sˈaːɾəptə/,*/t͡sˈaːɾəsə/,,,*/θˈɛːlˠə/,*/t͡sˈaːfkə/,*/θˈukə/,,,*/kʎˈỹe̯ɲə/,*/kʎəw̃ɲə/,*/zˈʌ̃mətəɾə/,*/zˈʌ̃mbə/,,*/nːˈʌ̃mːə/,,,,*/nːˈaθə/,,*/ɡɾˈũnə/,*/ɡɾˈũɲə/,,,,,,,,,,*/djˈɛːsə/,*/dˈɔːɾə/,,,,*/dɾˈɘðə/,,,,,,,,,,*/xvˈʌ̃ɾ̃ə/,,*/ɟˈɛːsə/,,,,,,*/ɟˈũːnə/,*/ɟˈaːɾðə/,,,*/xʎˈapə/,,*/ˈuːɾðə/,,,,,,*/kˌɔːpˈaːʃtə/,*/kˈapə/,,,,*/cˈɛːlˠə/,,*/?1ˈɔːlˠəʃtə/,,*/də?1ˈɛːlˠə/,*/də?1ˈɛːlːə/,*/?1ːˈɛːʎə/,*/cˈɛːɾpə/,,,*/kɾˈɛːfʃə/,,,*/ɡʎˈaːsə/,*/ɡʎˈaːvə/,*/ɟə̃ŋɡɾˈiːθə/,,*/?1̬ˈɛːɾðə/,,,*/ɟˌaθˈɔtə/,,,*/ðˈijə/,,,,,,,,*/χvˈiːlˠə/,*/χvˌɔʎˈaːʃə/,*/χvˈaːrə/,*/xvˈiːlˠə/,,,*/pəɾˈɛpə/,*/ˈʌ̃mːə/,*/χmˈaːlːə/,*/χmˈaːlːə/,*/ˈaːsə/,,,*/ˈʌ̃nːə/,*/ˈãːjə/,*/ˈʌ̃ndə/,*/nːˈɔːsə/,,,,,,,,,,,,*/wˈɔʊ̯lˠə/,,*/mˈaːrə/,,,,*/sᵝˈiːlˠə/,*/?5sᵝəlˠə/,,,,,,,*/kˈɔːlˠə/,,*/sᵝˈaːlˠə/,,,*/sᵝ?3θˈʌ̃mːə/,*/kˈɔːrə/,,,*/ə̃ŋɡʎˈaːʃə/,,,,*/ə̃ŋɡɾˈũnə/,*/ə̃ŋɡɾ̩nə/,,,,*/zˈɛɲə/,*/ɟətˈɔtə/,,*/ɟˈɔːʃə/,*/ɟˈɔːʃə/,*/ɟˈʌ̃mə/,,,*/ɟˈɛʃtəɾ̃ə/,,,,*/vˈaðə/,,,,*/vˈuo̯ʃə/,,,,,,,*/usˈaːsə/,*/vˈɔːlˠə/,,*/vˈaːlˠə/,*/vʎˈaːʃə/,*/dəzˈaːlˠtə/,*/dəʃn̩dɾ̩bˈaːlˠə/,,*/vˈaːlʃə/,*/vˈaːlːə/,*/vˈɛːrəɾ̃ə/,*/vɾˈũɲə/,,*/vɾˈʌ̃nːəzə/,*/vˈuːɾbə/,*/ˈuːɾtə/,*/vˈɛːrəɾ̃ə/,*/ˈuːrə/,,,*/pjˈɛt͡ʃə/,,*/pˈatə/,*/pˈaːʒɟə/,,,*/pˈɔ̃ɾ̃ə/,*/pˈakə/,*/pˈakə/,*/pˈuθə/,*/pˈũnːə/,*/pˌiːsˈaːʃə/,,,*/plˠˈaːsə/,,*/plˈɔtə/,*/ə̃mblˈɔ̃ɲə/,,,*/pˈaːlˠə/,*/pˈaːlˠə/,,*/ɟəfˈaːlˠə/,,*/pˈɔːlːə/,*/pˈaːlːə/,,,,*/pˈaːɾðə/,,*/pˌɔɾzˈɛːʃə/,*/pˈɔːɾðə/,*/fˈɛːʎə/,,*/bˈiːʎə/,,,,,,,,,,*/bˌĩːɲˈaðə/,,*/bˈiðə/,,*/bˈɔtə/,*/bˈutə/,,*/bˈɛːlːə/,*/bˈaːɾə/,*/bˈaːɾəðə/,,*/bˈɛːʎə/,,*/bˈaːrə/,,,*/bˈiːrə/,*/bəɾˈĩmə/,*/blˈaðə/,*/blˈɔːɾə/,,,,*/məsˈaːʃə/,*/mˈaːsə/,,*/mˈaːsə/,,*/mə̃ndjˈɛʃə/,,*/mˈiːrə/,,*/mˈɔtəɾə/,*/mˈaːzə/,,,,,*/mˈɛːlˠtə/,,*/ə̃mbəlˠˌaχvˈɘ̃ɲə/,,*/ə̃ndəzˈaːsə/,*/ɟəsˈakə/,,*/ndəkvjˈaːʃə/,,,,,,,,,,*/ɟə̃ndˈɛ̃ɲə/,*/t͡sˈʌ̃nːə/,,,*/tɾˈiɡə/,*/tʎˈaːðə/,*/ə̃ndɾˈuðə/,*/ˈaːʃdə/,*/tʎˈʌ̃mə/,,*/tˈiːɾʃə/,*/t͡sˈaːrə/,*/t͡ʃˈaːrə/,*/tˌɔʎˈaːʃə/,*/zˈaθtə/,*/dˈanə/,*/ɟˈɜðəɾ̃ə/,*/ɟˈɘðɟə/,*/ɟˈɘðdə/,*/dˈiɡə/,,*/dɾˈɘtə/,,*/zˈaːɾɡə/,*/dˌɔɾɔɟˈaːʃə/,,,*/dˈʌ̃mːə/,,,*/ləzˈatə/,*/zˈaːʃə/,,*/zˈaθə/,*/dˈiːʎə/,*/dˈɔːsə/,,*/dəsˈaːʃə/,*/zˈaɡə/,*/dəzəndə/,*/nːˈɛːzə/,,*/djˈɛɲə/,*/dˈɔːɾə/,,*/zˈaːlːə/,,,,,*/ɟˈaʊ̯̃ɲə/,*/ɟˈaːʃtə/,*/ɟˈɔːlˠə/,,*/?1ˈɛ̃nːə/,*/?1ˈɛːɾpə/,*/?1ˈɛːlˠə/,,,*/djˈɛːɾsə/,,,,*/ʃˈɛkə/,,,,*/fˈɛːɾə/,*/fˈɛːɾə/,,,*/ɟˈũməsə/,,*/ʃtə/,*/ʃtəjˈaːʃə/,*/ʃtˈyːlˠə/,*/ʃtˈanə/,*/ʃtˈɔ̃ɲə/,,*/ʃtˈʌ̃ɲə/,*/ʃˈaːlˠə/,*/kuːʃˈaːlˠə/,,*/ʃˈaːlˠə/,,*/ʃtjˈɛʎə/,*/ʃt͡ʃə/,,,*/ʃtɾˈĩɲə/,,*/rˈỹmə/,,,,,,*/ʃˈɛːɾmə/,*/ɟˈaːlpə/,,,*/ɲˈatə/,,,*/ɲˈʌ̃mə/,,,,*/nˈɔːʃə/,*/ə̃mbəʎˈaðə/,,*/lˈɔðə/,*/lˈɔðə/,*/lˈɔːsə/,,*/lˈiðə/,,,,*/lˈũmə/,,*/lˈuɡə/,*/ljˈɛftə/,,,,,,*/luˈiːsə/,*/rˈuðə/
~Proto-Tosk-SGheg,null*/θˈĩɲə/,null*/θˈʌ̃mbəɾə/,null*/θˈiːʃtɾ̩/,null*/θmˈɛːt͡ʃ/,null*/t͡sˈaːɾəv/,null*/t͡sˈaːɾəptə/,null*/t͡sˈaːɾəsə/,null*/θˈiːɾxm̩/,null*/t͡sˈaːɾəc/,null*/θˈɛːlˠə/,null*/t͡sˈaːfkə/,null*/θˈukə/,null*/θˈup/,null*/təθˈup/,null*/kʎˈỹe̯ɲə/,null*/kʎəw̃ɲə/,null*/zˈʌ̃mətəɾə/,null*/zˈʌ̃mbə/,null*/ðˈɛːv/,null*/nːˈʌ̃mːə/,null*/zˈɛ̃nd/,null*/fːˈit/,null*/fːˈiːʃ/,null*/nːˈaθə/,null*/nːˈũː/,null*/ɡɾˈũnə/,null*/ɡɾˈũɲə/,null*/də̃mjˈɛɾ̃/,null*/dˈĩe̯ɾ̃/,null*/dˈɔɟ/,null*/dˈyːlˠəʃ/,null*/dˈʌ̃/,null*/zˈaðaʃ/,null*/dˈĩmː/,null*/zˈɛːʃ/,null*/dˈiːʃ/,null*/djˈɛːsə/,null*/dˈɔːɾə/,null*/dˈuo̯ɾ/,null*/dˈiːʎ/,null*/dˈɛːɾʃ/,null*/dɾˈɘðə/,null*/ɟˈɛːʃ/,null*/ɟˈiːʃtəʃ/,null*/ɟˈy/,null*/ˈuːʎ/,null*/xvəɟˈiː/,null*/xvəɟˈit/,null*/ɟˈɛ̃m/,null*/xm̩/,null*/xmˈʌ̃/,null*/xvˈʌ̃ɾ̃ə/,null*/ɟˈɛtɾ̩/,null*/ɟˈɛːsə/,null*/ɟˈiːt͡ʃ/,null*/ɟˈit/,null*/ɟˈiːʃ/,null*/ɟˈiːʃt/,null*/ɟˌɛʃˈĩnː/,null*/ɟˈũːnə/,null*/ɟˈaːɾðə/,null*/ɟˈɛːɾt/,null*/rˈɛ̃m/,null*/xʎˈapə/,null*/ɟɾ̩ðˈiː/,null*/ˈuːɾðə/,null*/rˈɛ̃nː/,null*/nːˈɛ̃ːnː/,null*/ɟˈyːʃ/,null*/ɟˈɛ̃ːnː/,null*/ɟˈɛ̃m/,null*/kˌɔːpˈaːʃtə/,null*/kˈapə/,null*/ɟːˈɔ̃ɲ/,null*/fʃˈaːlːʃ/,null*/cˈɛːlˠafʃ/,null*/cˈɛːlˠə/,null*/?1ˈɔːlˠ/,null*/?1ˈɔːlˠəʃtə/,null*/?1ˈɛːlm/,null*/də?1ˈɛːlˠə/,null*/də?1ˈɛːlːə/,null*/?1ːˈɛːʎə/,null*/cˈɛːɾpə/,null*/kɾˈɛp/,null*/rˈɛp/,null*/kɾˈɛːfʃə/,null*/ɡˈɛj/,null*/ɡˈɛj/,null*/ɡʎˈaːsə/,null*/ɡʎˈaːvə/,null*/ɟə̃ŋɡɾˈiːθə/,null*/ɟˈiːɾð/,null*/?1̬ˈɛːɾðə/,null*/wˈɔtɾ̩/,null*/ɟˈɛθ/,null*/ɟˌaθˈɔtə/,null*/ˈiːsᵝ/,null*/ˈɛjð/,null*/ðˈijə/,null*/ˈũmɛ/,null*/ˈɛjθɛː/,null*/ˈaː/,null*/xvˌiːzˈaː/,null*/ˈa/,null*/ˈaʊ̯ɟ/,null*/χvl̩cˈiː/,null*/χvˈiːlˠə/,null*/χvˌɔʎˈaːʃə/,null*/χvˈaːrə/,null*/xvˈiːlˠə/,null*/χpˈɛ/,null*/χpˈaːw/,null*/pəɾˈɛpə/,null*/ˈʌ̃mːə/,null*/χmˈaːlːə/,null*/χmˈaːlːə/,null*/ˈaːsə/,null*/ˈaːsəɾ̃/,null*//,null*/ˈʌ̃nːə/,null*/ˈãːjə/,null*/ˈʌ̃ndə/,null*/nːˈɔːsə/,null*/ˈʌ̃nd/,null*/ˈʌ̃nd/,null*/nːˈie̯ɾ/,null*/ˈaːlb/,null*/χlˈi/,null*/χɾˈɛtf/,null*/ˈaːɾf/,null*/ˈɛjð/,null*/ˈa/,null*/ˈut/,null*/wˈɔʊ̯lˠ/,null*/wˈɔʊ̯lˠə/,null*/ɟˈiːɾð/,null*/mˈaːrə/,null*/mˈaːɾʃ/,null*/mˈaːrət/,null*/mˈɔːr/,null*/sᵝˈiːlˠə/,null*/?5sᵝəlˠə/,null*/sᵝˈiːʃ/,null*/sᵝˈi/,null*/kˈa/,null*/sᵝˈɛ̃/,null*/sᵝˈiːʃ/,null*/sᵝˈɛθ/,null*/kˈɔːlˠə/,null*/kˈuːɾ/,null*/sᵝˈaːlˠə/,null*/sᵝˈɛːl/,null*/sᵝəlˈit/,null*/sᵝ?3θˈʌ̃mːə/,null*/kˈɔːrə/,null*/kɾˈĩm/,null*/ɡˈaːr/,null*/ə̃ŋɡʎˈaːʃə/,null*/ə̃ŋɡɾ̩/,null*/ə̃ŋɡɾˈiːʃ/,null*/ˈamː/,null*/ə̃ŋɡɾˈũnə/,null*/ə̃ŋɡɾ̩nə/,null*/ɡˈɔːɾxm̩/,null*/zˈɛːɾməʃ/,null*/zˈaːɾʃ/,null*/zˈɛɲə/,null*/ɟətˈɔtə/,null*/cᵝˈi/,null*/ɟˈɔːʃə/,null*/ɟˈɔːʃə/,null*/ɟˈʌ̃mə/,null*/ɟˈɛdɾ̩/,null*/ɟˈi?1/,null*/ɟˈɛʃtəɾ̃ə/,null*/xlˈɛɟ/,null*/ɟˈiːɾz/,null*/xrˈɛfː/,null*/vˈaðə/,null*/vjˈɛːʃ/,null*/vjˈɛːt/,null*/xvˈĩːnː/,null*/vˈuo̯ʃə/,null*/və̃ɾ̃ˈiː/,null*/vˈɛ̃mɛ/,null*/vjˈɛt͡ʃ/,null*/ftjˈɛʃ/,null*/vjˈɛtəθ/,null*/vjˈɛt/,null*/usˈaːsə/,null*/vˈɔːlˠə/,null*/vˈɛːlˠət/,null*/vˈaːlˠə/,null*/vʎˈaːʃə/,null*/dəzˈaːlˠtə/,null*/dəʃn̩dɾ̩bˈaːlˠə/,null*/ˈuːlsᵝ/,null*/vˈaːlʃə/,null*/vˈaːlːə/,null*/vˈɛːrəɾ̃ə/,null*/vɾˈũɲə/,null*/vɾˈɛ̃nː/,null*/vɾˈʌ̃nːəzə/,null*/vˈuːɾbə/,null*/ˈuːɾtə/,null*/vˈɛːrəɾ̃ə/,null*/ˈuːrə/,null*/pˈiː/,null*/pˈɛt/,null*/pjˈɛt͡ʃə/,null*/pˈɛj/,null*/pˈatə/,null*/pˈaːʒɟə/,null*/pˈaːʃ/,null*/pˈaːʃ/,null*/pˈɔ̃ɾ̃ə/,null*/pˈakə/,null*/pˈakə/,null*/pˈuθə/,null*/pˈũnːə/,null*/pˌiːsˈaːʃə/,null*/pjˈɛt͡ʃ/,null*/pˈɛːʃ/,null*/plˠˈaːsə/,null*/plˈaːt͡ʃ/,null*/plˈɔtə/,null*/ə̃mblˈɔ̃ɲə/,null*/ə̃mblˈɔ̃nd/,null*/pˈɛːlxm̩/,null*/pˈaːlˠə/,null*/pˈaːlˠə/,null*/plˈac/,null*/ɟəfˈaːlˠə/,null*/pljˈɛʃt/,null*/pˈɔːlːə/,null*/pˈaːlːə/,null*/pɾ̩/,null*/pɾ̩/,null*/fˈɛːr/,null*/pˈaːɾðə/,null*/pˈɛːɾt/,null*/pˌɔɾzˈɛːʃə/,null*/pˈɔːɾðə/,null*/fˈɛːʎə/,null*/bə̃ɾ̃ˈit/,null*/bˈiːʎə/,null*/bˈiːrə/,null*/pχlˈɛ̃/,null*/mːˈɛ/,null*/mːˈit/,null*/mːˈiːʃ/,null*/mːˈa/,null*/nːˈy/,null*/mːˈ?4/,null*/ə̃ndˈ?4/,null*/bˌĩːɲˈaðə/,null*/bə̃ɾ̃ˈɛjs/,null*/bˈiðə/,null*/bˈĩe̯nː/,null*/bˈɔtə/,null*/bˈutə/,null*/ə̃mbˈũnːɘʃt/,null*/bˈɛːlːə/,null*/bˈaːɾə/,null*/bˈaːɾəðə/,null*/bɾˈɛj/,null*/bˈɛːʎə/,null*/bˈɛːɾc/,null*/bˈaːrə/,null*/bˈɛːrə/,null*/bˈɔːr/,null*/bˈiːrə/,null*/bəɾˈĩmə/,null*/blˈaðə/,null*/blˈɔːɾə/,null*/blˈɔɡɾ̩/,null*/mˈa/,null*/mˈɔːsᵝ/,null*/məsˈaːʃə/,null*/mˈaːsə/,null*/mˈat/,null*/mˈaːsə/,null*/mˈɔt/,null*/mə̃ndjˈɛʃə/,null*/mˈɔːʃ/,null*/mˈiːrə/,null*/mˈyːʃ/,null*/mˈɔtəɾə/,null*/mˈaːzə/,null*/mˈɛ̃mɟ/,null*/mˈɛtχ/,null*/mˈaːt͡ʃ/,null*/mˈat/,null*/mˈɛːlˠtə/,null*/mˈɛːlχv/,null*/ə̃mbəlˠˌaχvˈɘ̃ɲə/,null*/mˈɛːlxm̩/,null*/ə̃ndəzˈaːsə/,null*/ɟəsˈakə/,null*/ɟə̃ndˈikv/,null*/ndəkvjˈaːʃə/,null*/ɟə̃ndˈɛkit/,null*/tˈuj/,null*/tə/,null*/tˈy/,null*/pɾ̩tˈɛpɛ/,null*/ʃtuːpjˈɛt/,null*/tˈɛʊ̯ɾ/,null*/tˈɛʊ̯ɾ/,null*/tˈuːlː/,null*/ɟə̃ndˈɛ̃ɲə/,null*/t͡sˈʌ̃nːə/,null*/tɾˈi/,null*/tɾˈi/,null*/tɾˈiɡə/,null*/tʎˈaːðə/,null*/ə̃ndɾˈuðə/,null*/ˈaːʃdə/,null*/tʎˈʌ̃mə/,null*/tɾˈĩm/,null*/tˈiːɾʃə/,null*/t͡sˈaːrə/,null*/t͡ʃˈaːrə/,null*/tˌɔʎˈaːʃə/,null*/zˈaθtə/,null*/dˈanə/,null*/ɟˈɜðəɾ̃ə/,null*/ɟˈɘðɟə/,null*/ɟˈɘðdə/,null*/dˈiɡə/,null*/dˈijwʃ/,null*/dɾˈɘtə/,null*/zˌaɾˈɛɟɛ/,null*/zˈaːɾɡə/,null*/dˌɔɾɔɟˈaːʃə/,null*/dɾˈũː/,null*/dɾˈũː/,null*/dˈʌ̃mːə/,null*/dˈɛ̃mːɛ/,null*/dˈɛ̃m/,null*/ləzˈatə/,null*/zˈaːʃə/,null*/ɲˈɛʃ/,null*/zˈaθə/,null*/dˈiːʎə/,null*/dˈɔːsə/,null*/zˈa/,null*/dəsˈaːʃə/,null*/zˈaɡə/,null*/dəzəndə/,null*/nːˈɛːzə/,null*/ˈɛ̃nːəst/,null*/djˈɛɲə/,null*/dˈɔːɾə/,null*/dˈuo̯ɾ/,null*/zˈaːlːə/,null*/ʃkˈɛːʃ/,null*/θˈiːɾ/,null*/ʃ/,null*/ʃ/,null*/ɟˈaʊ̯̃ɲə/,null*/ɟˈaːʃtə/,null*/ɟˈɔːlˠə/,null*/?1əwðˈit/,null*/?1ˈɛ̃nːə/,null*/?1ˈɛːɾpə/,null*/?1ˈɛːlˠə/,null*/?1ˈɛːlm/,null*/ɟˈy/,null*/djˈɛːɾsə/,null*/θˈyːʃ/,null*/θˈyːʃ/,null*/ʃˈɛːsᵝʃ/,null*/ʃˈɛkə/,null*/ʃəsᵝˈɛ̃mt/,null*/ɟˈũm/,null*/ɟˈɛːʃː/,null*/fˈɛːɾə/,null*/fˈɛːɾə/,null*/fˈɛːɾaʃ/,null*/mˈakɾ̩/,null*/ɟˈũməsə/,null*/ʃtˈiɟ/,null*/ʃtə/,null*/ʃtəjˈaːʃə/,null*/ʃtˈyːlˠə/,null*/ʃtˈanə/,null*/ʃtˈɔ̃ɲə/,null*/ʃɲˈa/,null*/ʃtˈʌ̃ɲə/,null*/ʃˈaːlˠə/,null*/kuːʃˈaːlˠə/,null*/ʃtˈiːlb/,null*/ʃˈaːlˠə/,null*/pɾ̩ʃtˈɔːlˠ/,null*/ʃtjˈɛʎə/,null*/ʃt͡ʃə/,null*/ʃtˈiːɾ/,null*/ʃm̩/,null*/ʃtɾˈĩɲə/,null*/pˈi/,null*/rˈỹmə/,null*/rˈũm/,null*/ɟˈɛɾpəɾ̃/,null*/əpˈɛ̃ɲ/,null*/ɟˈiːɾbɛ/,null*/ʃɾ̩bˈit/,null*/ʃˈɛːɾmə/,null*/ɟˈaːlpə/,null*/ɟˈiːlχv/,null*/nˈɛːsᵝ/,null*/ɲˈatə/,null*/nˈit/,null*/nˈy/,null*/ɲˈʌ̃mə/,null*/nˈaːʃ/,null*/nˈɛːʃ/,null*/nˈɔːʃ/,null*/nˈɔːʃə/,null*/ə̃mbəʎˈaðə/,null*/lˠˈɔːs/,null*/lˈɔðə/,null*/lˈɔðə/,null*/lˈɔːsə/,null*/lˈɔdɾ̩/,null*/lˈiðə/,null*/xlˈɛɟ/,null*/lˈiɟ/,null*/ləθˈit/,null*/lˈũmə/,null*/lˈuːfʃ/,null*/lˈuɡə/,null*/ljˈɛftə/,null*/lˈaː/,null*/ljˈɛxm̩/,null*/lˈaːxm̩/,null*/lˈũm/,null*/lˈye̯dɾ̩/,null*/luˈiːsə/,null*/rˈuðə/
R529,,*/θˈə̃mbəɾə/,,,,,,,,,,,,,,,*/zˈə̃mətəɾə/,*/zˈə̃mbə/,,*/nːˈə̃mːə/,,,,,,,,,,,,*/dˈə̃/,,,,,,,,,,,,,,,,,,,*/xmˈə̃/,*/xvˈə̃ɾ̃ə/,,,,,,,,,,,,,,,,,,,,,,,,,,,,,,,,,,,,,,,,*/ɟə̃ɲ̈ɡɾˈiːθə/,,,,,,,,,,,,,,,,,,,,,,,*/ˈə̃mːə/,,,,,,*/ˈə̃nːə/,,*/ˈə̃ndə/,,*/ˈə̃nd/,*/ˈə̃nd/,,,,,,,,,,,,,,,,,,,,,,,,,,,,,*/sᵝ?3θˈə̃mːə/,,,,*/ə̃ɲ̈ɡʎˈaːʃə/,*/ə̃ɲ̈ɡɾ̩/,*/ə̃ɲ̈ɡɾˈiːʃ/,,*/ə̃ɲ̈ɡɾˈũnə/,*/ə̃ɲ̈ɡɾ̩nə/,,,,,,,,,*/ɟˈə̃mə/,,,,,,,,,,,,,,,,,,,,,,,,,,,,,,,*/vɾˈə̃nːəzə/,,,,,,,,,,,,,,,,,,,,,,,,,,,,,,,,,,,,,,,,,,,,,,,,,,,,,,,,,,,,,,,,,,,,,,,,,,,,,,,,,,,,,,,,,,,,,,,,,,,,,,,,,,,,,*/t͡sˈə̃nːə/,,,,,,,*/tʎˈə̃mə/,,,,,,,,,,,,,,,,,,,*/dˈə̃mːə/,,,,,,,,,,,,,,,,,,,,,,,,,,,,,,,,,,,,,,,,,,,,,,,,,,,,*/ʃtˈə̃ɲə/,,,,,,,,,,,,,,,,,,,,,,,,,*/ɲˈə̃mə/,,,,,,,,,,,,,,,,,,,,,,,,,
R530,,,,,,,,,,,,,,,,,,,,,,,,,,,,,,,,,,,,,,,*/dˈua̯ɾ/,,,,,,,,,,,,,,,,,,,,,,,,,,,,,,,,,,,,,,,,,,,,,,,,,,,,,,,,*/wˈatɾ̩/,,,,,,,,,,,,,,,,,,,,,,,,,,,,,,,,,,,,,,,,*/wˈaʊ̯lˠ/,*/wˈaʊ̯lˠə/,,,,,,,,,,,,,,,,,,,,,,,,,,,,,,,,,,,,,,,,,,,,,,,,*/vˈua̯ʃə/,,,,,,,,,,,,,,,,,,,,,,,,,,,,,,,,,,,,,,,,,,,,,,,,,,,,,,,,,,,,,,,,,,,,,,,,,,,,,,,,,,,,,,,,,,,,,,,,,,,,,,,,,,,,,,,,,,,,,,,,,,,,,,,,,,,,,,,,,,,,,,,,,,,,,,,,,,,,,,,,,,,,,,,,,,,,*/dˈua̯ɾ/,,,,,,,,,,,,,,,,,,,,,,,,,,,,,,,,,,,,,,,,,,,,,,,,,,,,,,,,,,,,,,,,,,,,,,,,,,,,,,,,,,,,,
R531,,,,,,,,,,,,,,,,,,,,,,,,,,,,,,,,,,,,,,,,,,,,,,,,,,,,,,,,,,,,,,,,,,,,,,,,,,,,,,,,,,,,,,,,,,,,,,,,,,,,,,,,,,,,,,,,,,,,,,,,,,,,,,,,,,,,,,,,,,,,,,,,,,,,,,,,,,,,,,,,,,,,,,,,,,,,,,,,,,,,,,,,,,,,,,,,,,,,,,,,,,,,,,,,,,,,,,,,,,,,,,,,,,,,,,,,,,,,,,,,,,,,,,,,,,,,,,,,,,,,,,,,,,,,,,,,,,,,,,,,,,,,,,,,,,,,,,,,,,,,,,,,,,,,,,,,,,,,,,,,,,,,,,,,,,,,,,,,,,,,,,,,,,,,,,,,,,,,,,,,,,,,,,,,,,,,,,,,,,,,,,,,,,,,,,,,,,,,,,,,,,,,,,,,,,,,,,,,,,,,,,,,,,,,,,,,,,,,,,,,,
R532,,,,,,,,,,,,,,,,,,,,,,,,,,,,,,,,,,,,,,,,,,,,,,,,,,,,,,,,,,,,,,,,,,,,,,,,,,,,,,,,,,,,,,,,,,,,,,,*/vˈatɾ̩/,,,,,,,,,,,,,,,,,,*/χpˈaːv/,,,,,,,,,,,,,,,,,,,,,,*/vˈaʊ̯lˠ/,*/vˈaʊ̯lˠə/,,,,,,,,,,,,,,,,,,,,,,,,,,,,,,,,,,,,,,,,,,,,,,,,,,,,,,,,,,,,,,,,,,,,,,,,,,,,,,,,,,,,,,,,,,,,,,,,,,,,,,,,,,,,,,,,,,,,,,,,,,,,,,,,,,,,,,,,,,,,,,,,,,,,,,,,,,,,,,,,,,,,,,,,,,,,,,,,,,,,,,,,,,,,,,,,,,,,*/dˈijvʃ/,,,,,,,,,,,,,,,,,,,,,,,,,,,,,,,,,*/?1əvðˈit/,,,,,,,,,,,,,,,,,,,,,,,,,,,,,,,,,,,,,,,,,,,,,,,,,,,,,,,,,,,,,,,,,,,,,,,,,,,,
R533,,,,,,,,*/θˈiːɾhm̩/,,,,,,,,,,,,,,,,,,,,,,,,,,,,,,,,,,,,,,,*/hvəɟˈiː/,*/hvəɟˈit/,,*/hm̩/,*/hmˈə̃/,*/hvˈə̃ɾ̃ə/,,,,,,,,,,,,*/hʎˈapə/,,,,,,,,,,,,,,,,,,,,,,,,,,,,,,,,,,,,,,,,*/hvˌiːzˈaː/,,,,,,,*/hvˈiːlˠə/,,,,,,,,,,,,,,,,,,,,,,,,,,,,,,,,,,,,,,,,,,,,,,,,,,,,,,*/ɡˈɔːɾhm̩/,,,,,,,,,,,,*/hlˈɛɟ/,,*/hrˈɛfː/,,,,*/hvˈĩːnː/,,,,,,,,,,,,,,,,,,,,,,,,,,,,,,,,,,,,,,,,,,,,,,,*/pˈɛːlhm̩/,,,,,,,,,,,,,,,,,,,,,,,,,,,,,,,,,,,,,,,,,,,,,,,,,,,,,,,,,,,,,,,,,,,,*/mˈɛːlhm̩/,,,,,,,,,,,,,,,,,,,,,,,,,,,,,,,,,,,,,,,,,,,,,,,,,,,,,,,,,,,,,,,,,,,,,,,,,,,,,,,,,,,,,,,,,,,,,,,,,,,,,,,,,,,,,,,,,,,,,,,,,,,,,,,,,,*/hlˈɛɟ/,,,,,,,,*/ljˈɛhm̩/,*/lˈaːhm̩/,,,,
R534,,*/θˈə̃mbəɾ/,,,,,,,,,,,,,,,*/zˈə̃mətəɾ/,,,,,,,,,,,,,,,,,,,,,,,,,,,,,,,,,,,,,,,,,,,,,,,,,,,,,,,,,,,,,,,,,,,,,,,,,,,,,,,,,,,,,,,,,,,,,,,,,,,,,,,,,,,,,,,,,,,,,,,,,,,,,,*/?5sᵝəlˠ/,,,,,,,,,,,,,,,,,,,,,*/ə̃ɲ̈ɡɾ̩n/,,,,,,,,,,,,*/ɟˈɛʃtəɾ̃/,,,,,,,,,,,,,,,,,,,,,,,,,*/vˈɛːrəɾ̃/,,,,,,*/vˈɛːrəɾ̃/,,,,,,,,,,,,,,,,,,,,,,,,,,,,,,,,,,,,,,,,,,,,,,,,,,,,,,,,,,,,,,,,,,,,,,,,,,,,,,,,,,*/mˈɔtəɾ/,,,,,,,,,,,,,,,,,,,,,,,,,,,,,,,,,,,,,,,*/ɟˈɜðəɾ̃/,,,,,,,,,,,,,,,,,,,,,,,,,,,,,,,,,,,,,,,,,,,,,,,,,,,,,,,,,,,,,,,,,,,,,,,,,,,,,,,,,,,,,,,,,,,,,,,,,,,,,,,,,,,,,,,,,
R535,,,,,,,*/t͡sˈaːɾsə/,,,,,,,,,,*/zˈə̃mtəɾ/,,,,,,,,,,,,,,,,,,,,,,,,,,,,,,,,,,,,,,,,,,,,,,,,,,,,,,,,,,,,,,,,,,,,,,,,,,,,,,,,,,,,,,,,,,,,,,,,,,,,,,,,,,,,,,,,,,,,,,,,,,,,,,,,,,,,,,,,,,,,,,,,,,,,,,,,,,,,,,,,,,,,,,,,,,,,,,,,,,,,,,,,,,,*/vɾˈə̃nːzə/,,,,,,,,,,,,,,,,,,,,,,,,,,,,,,,,,,,,,,,,,,,,,,,,,,,,,,,,,,,,,,*/bˈaːɾðə/,,,,,,,,,,,,,,,,,,,,,,,,,,,,,,,,,,,,,,,,,,,,,,,,,,,,,,,,,,,,,,,,,,,,,,,,,,,,,,,,,,,,,,,,,,,,,,,,,,,,,,,,,,,,,,,,,,,,,*/ɟˈũmsə/,,,,,,,,,,,,,,,,,,,,,,,,,,,,,,,,,,,,,,,,,,,,,,,,,,,,,,,,,,
R536,,,,,,,,,,,,,,,,,,,,,,,,,,,,,,,,,,,,,,,,,,,,,,,,,,,,,,,,,,,,,,,,,,,,,,,,,,,,,,,,,,,,,,,,,,,,,,,,,,,,,,,,,,,,,,,,,,,,,,,,,,,,,,,,,,,,,,,,,,,,,,,,,,,,,,,,,,,,,,,,,,,,,,,,,,,,,,,,,,,,,,,,,,,,,,,,,,,,,,,,,,,,,,,,,,,,,,,,,,,,,,,,,,,,,,,,,,,,,,,,,,,,,,,,,,,,,,,,,,,,,,,,,,,,,,,,,,,,,,,,,,,,,,,,,,,,,,,,,,,,,,,,,,,,,,,,,,,,,,,,,,,,,,,,,,,,,,,,,,,,,,,,,,,,,,,,,,,,,,,,,,,,,,,,,,,,,,,,,,,,,,,,,,,,,,,,,,,,,,,,,,,,,,,,,,,,,,,,,,,,,,,,,,,,,,,,,,,,,,,,,
R537,,,,,,,,,,,,,,,,,,,,,,,,,,,,,,,,,,,,,,,,,,,,,,,,,,,,,,,,,,,,,,,,,,,,,,,,,,,,,,,,,,,,,,,,,,,,,,,,,,,,,,,,,,,,,,,,,,,,,,,,,,,,,,,,,,,,,,,,,,,,,,,,,,,,,,,,,,,,,,,,,,,,,,,,,,,,,,,,,,,,,,,,,,,,,,,,,,,,,,,,,,,,,,,,,,,,,,,,,,,,,,,,,,,,,,,,,,,,,,,,,,,,,,,,,,,,,,,,,,,,,,,,,,,,,,,,,,,,,,,,,,,,,,,,,,,,,,,,,,,,,,,,,,,,,,,,,,,,,,,,,,,,,,,,,,,,,,,,,,,,,,,,,,,,,,,,,,,,,,,,,,,,,,,,,,,,,,,,,,,,,,,,,,,,,,,,,,,,,,,,,,,,,,,,,,,,,,,,,,,,,,,,,,,,,,,,,,,,,,,,,
R538,,,,,,,,,,,,,,,,,,,,,,,,,,,,,,,,,,,,,,,,,,,,,,,,,,,,,,,,,,,,,,,,,,,,,,,,,,,,,,,,,,,,,,,,,,,,,,,,,,,,,,,,,,,,,,,,,,,,,,,,,,,,,,,,,,,,,,,,,,,,,,,,,,,,,,,,,,,,,,,,,,,,,,,,,,,,,,,,,,,,,,,,,,,,,,,,,,,,,,,,,,,,,,,,,,,,,,,,,,,,,,,,,,,,,,,,,,,,,,,,,,,,,,,,,,,,,,,,,,,,,,,,,,,,,,,,,,,,,,,,,,,,,,,,,,,,,,,,,,,,,,,,,,,,,,,,,,,,,,,,,,,,,,,,,,,,,,,,,,,,,,,,,,,,,,,,,,,,,,,,,,,,,,,,,,,,,,,,,,,,,,,,,,,,,,,,,,,,,,,,,,,,,,,,,,,,,,,,,,,,,,,,,,,,,,,,,,,,,,,,,
R539,,,,,,,,,,,,,,,,,,,,,,,,,,,,,,,,,,,,,,,,,,,,,,,,,,,,,,,,,,,,,,,,,,,,,,,,,,,,,,,,,,,,,,,,,,,,,,,,,,,,,,,,,,,,,,,,,,,,,,,,,,,,,,,,,,,,,,,,,,,,,,,,,,,,,,,,,,,,,,,,,,,,,,,,,,,,,,,,,,,,,,,,,,,,,,,,,,,,,,,,,,,,,,,,,,,,,,,,,,,,,,,,,,,,,,,,,,,,,,,,,,,,,,,,,,,,,,,,,,,,,,,,,,,,,,,,,,,,,,,,,,,,,,,,,,,,,,,,,,,,,,,,,,,,,,,,,,,,,,,,,,,,,,,,,,,,,,,,,,,,,,,,,,,,,,,,,,,,,,,,,,,,,,,,,,,,,,,,,,,,,,,,,,,,,,,,,,,,,,,,,,,,,,,,,,,,,,,,,,,,,,,,,,,,,,,,,,,,,,,,,
R540,,,,,,,,,,,,,,,,,,,,,,,,,,,,,,,,,*/zˈaðʃ/,,,,,,,,,,,,,,,,,,,,,,,,,,,,,,,,,,,,,,,,,,,,,,,,,,,,,,,,,,,,,,,,,,,,,,,,,,,,,,,,,,,,,,,,,,,,,,,,,,,,,,,,,,,,,,,,,,,,,,,,,,,,,,,,,,,,,,,,,,,,,,,,,,,,,,,,,,,,,,,,,,,,,,,,,,,,,,,,,,,,,,,,,,,,,,,,,,,,,,,,,,,,,,,,,,,,,,,,,,,,,,,,,,,,,,,,,,,,,,,,,,,,,,,,,,,,,,,,,,,,,,,,,,,,,,,,,,,,,,,,,,,,,,,,,,,,,,,,,,,,,,,,,,,,,,,,,,,,,,,,,,,,,,,,,,,,,,,,,,,,,,,,,,,,,,,,,,,,,,,,,,,,,,,,,,,,,,,,,,,,,,,,,,,,,,,,,,,,,,,,,,,,,,,,
R541,,,,,,,,,,,,,,,,,,,,,,,,,,,,,,,,,*/zˈaʃ/,,,,,,,,,,,,,,,,,,,,,,,,,,,,,,,,,,,,,,,,,,,,,,,,,,,,,,,,,,,,,,,,,,,,,,,,,,,,,,,,,,,,,,,,,,,,,,,,,,,,,,,,,,,,,,,,,,,,,,,,,,,,,,,,,,,,,,,,,,,,,,,,,,,,,,,,,,,,,,,,,,,,,,,,,,,,,,,,,,,,,,,,,,,,,,,,,,,,,,,,,,,,,,,,,,,,,,,,,,,,,,,,,,,,,,,,,,,,,,,,,,,,,,,,,,,,,,,,,,,,,,,,,,,,,,,,,,,,,,,,,,,,,,,,,,,,,,,,,,,,,,,,,,,,,,,,,,,,,,,,,,,,,,,,,,,,,,,,,,,,,,,,,,,,,,,,,,,,,,,,,,,,,,,,,,,,,,,,,,,,,,,,,,,,,,,,,,,,,,,,,,,,,,,,
R542,,,,,,,,,,,,,,,,,,,,*/nˈə̃mə/,,,,*/nˈaθə/,*/nˈũː/,,,,,,,,,*/dˈĩm/,,,,,,,,,,,,,,,,,,,,,,,,,*/ɟˌɛʃˈĩn/,,,,,,,,*/rˈɛ̃n/,*/nˈɛ̃ːn/,,*/ɟˈɛ̃ːn/,,,,,,,,,,,,,,,,,,,,,,,,,,,,,,,,,,,,,,,,,,,,,*/ˈə̃mə/,,,,,,*/ˈə̃nə/,,,*/nˈɔːsə/,,,*/nˈie̯ɾ/,,,,,,,,,,,,,,,,,,,,,,,,,,,,*/sᵝ?3θˈə̃mə/,,,,,,,*/ˈam/,,,,,,,,,,,,,,,,,,,,,*/hvˈĩːn/,,,,,,,,,,,,,,,,,,,,*/vɾˈɛ̃n/,*/vɾˈə̃nzə/,,,,,,,,,,,,,,,,,*/pˈũnə/,,,,,,,,,,,,,,,,,,,,,,,,,,,,,*/mˈɛ/,*/mˈit/,*/mˈiːʃ/,*/mˈa/,*/nˈy/,*/mˈ?4/,,,,,*/bˈĩe̯n/,,,*/ə̃mbˈũnɘʃt/,,,,,,,,,,,,,,,,,,,,,,,,,,,,,,,,,,,,,,,,,,,,,,,,,,*/t͡sˈə̃nə/,,,,,,,,,,,,,,,,,,,,,,,,,,*/dˈə̃mə/,*/dˈɛ̃mɛ/,,,,,,,,,,,,*/nˈɛːzə/,*/ˈɛ̃nəst/,,,,,,,,,,,,,*/?1ˈɛ̃nə/,,,,,,,,,,,,,,,,,,,,,,,,,,,,,,,,,,,,,,,,,,,,,,,,,,,,,,,,,,,,,,,,,,,,,,,,,,,
=Proto-Tosk,null*/θˈĩɲə/,null*/θˈə̃mbəɾ/,null*/θˈiːʃtɾ̩/,null*/θmˈɛːt͡ʃ/,null*/t͡sˈaːɾəv/,null*/t͡sˈaːɾəptə/,null*/t͡sˈaːɾsə/,null*/θˈiːɾhm̩/,null*/t͡sˈaːɾəc/,null*/θˈɛːlˠə/,null*/t͡sˈaːfkə/,null*/θˈukə/,null*/θˈup/,null*/təθˈup/,null*/kʎˈỹe̯ɲə/,null*/kʎəw̃ɲə/,null*/zˈə̃mtəɾ/,null*/zˈə̃mbə/,null*/ðˈɛːv/,null*/nˈə̃mə/,null*/zˈɛ̃nd/,null*/fːˈit/,null*/fːˈiːʃ/,null*/nˈaθə/,null*/nˈũː/,null*/ɡɾˈũnə/,null*/ɡɾˈũɲə/,null*/də̃mjˈɛɾ̃/,null*/dˈĩe̯ɾ̃/,null*/dˈɔɟ/,null*/dˈyːlˠəʃ/,null*/dˈə̃/,null*/zˈaʃ/,null*/dˈĩm/,null*/zˈɛːʃ/,null*/dˈiːʃ/,null*/djˈɛːsə/,null*/dˈɔːɾə/,null*/dˈua̯ɾ/,null*/dˈiːʎ/,null*/dˈɛːɾʃ/,null*/dɾˈɘðə/,null*/ɟˈɛːʃ/,null*/ɟˈiːʃtəʃ/,null*/ɟˈy/,null*/ˈuːʎ/,null*/hvəɟˈiː/,null*/hvəɟˈit/,null*/ɟˈɛ̃m/,null*/hm̩/,null*/hmˈə̃/,null*/hvˈə̃ɾ̃ə/,null*/ɟˈɛtɾ̩/,null*/ɟˈɛːsə/,null*/ɟˈiːt͡ʃ/,null*/ɟˈit/,null*/ɟˈiːʃ/,null*/ɟˈiːʃt/,null*/ɟˌɛʃˈĩn/,null*/ɟˈũːnə/,null*/ɟˈaːɾðə/,null*/ɟˈɛːɾt/,null*/rˈɛ̃m/,null*/hʎˈapə/,null*/ɟɾ̩ðˈiː/,null*/ˈuːɾðə/,null*/rˈɛ̃n/,null*/nˈɛ̃ːn/,null*/ɟˈyːʃ/,null*/ɟˈɛ̃ːn/,null*/ɟˈɛ̃m/,null*/kˌɔːpˈaːʃtə/,null*/kˈapə/,null*/ɟːˈɔ̃ɲ/,null*/fʃˈaːlːʃ/,null*/cˈɛːlˠafʃ/,null*/cˈɛːlˠə/,null*/?1ˈɔːlˠ/,null*/?1ˈɔːlˠəʃtə/,null*/?1ˈɛːlm/,null*/də?1ˈɛːlˠə/,null*/də?1ˈɛːlːə/,null*/?1ːˈɛːʎə/,null*/cˈɛːɾpə/,null*/kɾˈɛp/,null*/rˈɛp/,null*/kɾˈɛːfʃə/,null*/ɡˈɛj/,null*/ɡˈɛj/,null*/ɡʎˈaːsə/,null*/ɡʎˈaːvə/,null*/ɟə̃ɲ̈ɡɾˈiːθə/,null*/ɟˈiːɾð/,null*/?1̬ˈɛːɾðə/,null*/vˈatɾ̩/,null*/ɟˈɛθ/,null*/ɟˌaθˈɔtə/,null*/ˈiːsᵝ/,null*/ˈɛjð/,null*/ðˈijə/,null*/ˈũmɛ/,null*/ˈɛjθɛː/,null*/ˈaː/,null*/hvˌiːzˈaː/,null*/ˈa/,null*/ˈaʊ̯ɟ/,null*/χvl̩cˈiː/,null*/χvˈiːlˠə/,null*/χvˌɔʎˈaːʃə/,null*/χvˈaːrə/,null*/hvˈiːlˠə/,null*/χpˈɛ/,null*/χpˈaːv/,null*/pəɾˈɛpə/,null*/ˈə̃mə/,null*/χmˈaːlːə/,null*/χmˈaːlːə/,null*/ˈaːsə/,null*/ˈaːsəɾ̃/,null*//,null*/ˈə̃nə/,null*/ˈãːjə/,null*/ˈə̃ndə/,null*/nˈɔːsə/,null*/ˈə̃nd/,null*/ˈə̃nd/,null*/nˈie̯ɾ/,null*/ˈaːlb/,null*/χlˈi/,null*/χɾˈɛtf/,null*/ˈaːɾf/,null*/ˈɛjð/,null*/ˈa/,null*/ˈut/,null*/vˈaʊ̯lˠ/,null*/vˈaʊ̯lˠə/,null*/ɟˈiːɾð/,null*/mˈaːrə/,null*/mˈaːɾʃ/,null*/mˈaːrət/,null*/mˈɔːr/,null*/sᵝˈiːlˠə/,null*/?5sᵝəlˠ/,null*/sᵝˈiːʃ/,null*/sᵝˈi/,null*/kˈa/,null*/sᵝˈɛ̃/,null*/sᵝˈiːʃ/,null*/sᵝˈɛθ/,null*/kˈɔːlˠə/,null*/kˈuːɾ/,null*/sᵝˈaːlˠə/,null*/sᵝˈɛːl/,null*/sᵝəlˈit/,null*/sᵝ?3θˈə̃mə/,null*/kˈɔːrə/,null*/kɾˈĩm/,null*/ɡˈaːr/,null*/ə̃ɲ̈ɡʎˈaːʃə/,null*/ə̃ɲ̈ɡɾ̩/,null*/ə̃ɲ̈ɡɾˈiːʃ/,null*/ˈam/,null*/ə̃ɲ̈ɡɾˈũnə/,null*/ə̃ɲ̈ɡɾ̩n/,null*/ɡˈɔːɾhm̩/,null*/zˈɛːɾməʃ/,null*/zˈaːɾʃ/,null*/zˈɛɲə/,null*/ɟətˈɔtə/,null*/cᵝˈi/,null*/ɟˈɔːʃə/,null*/ɟˈɔːʃə/,null*/ɟˈə̃mə/,null*/ɟˈɛdɾ̩/,null*/ɟˈi?1/,null*/ɟˈɛʃtəɾ̃/,null*/hlˈɛɟ/,null*/ɟˈiːɾz/,null*/hrˈɛfː/,null*/vˈaðə/,null*/vjˈɛːʃ/,null*/vjˈɛːt/,null*/hvˈĩːn/,null*/vˈua̯ʃə/,null*/və̃ɾ̃ˈiː/,null*/vˈɛ̃mɛ/,null*/vjˈɛt͡ʃ/,null*/ftjˈɛʃ/,null*/vjˈɛtəθ/,null*/vjˈɛt/,null*/usˈaːsə/,null*/vˈɔːlˠə/,null*/vˈɛːlˠət/,null*/vˈaːlˠə/,null*/vʎˈaːʃə/,null*/dəzˈaːlˠtə/,null*/dəʃn̩dɾ̩bˈaːlˠə/,null*/ˈuːlsᵝ/,null*/vˈaːlʃə/,null*/vˈaːlːə/,null*/vˈɛːrəɾ̃/,null*/vɾˈũɲə/,null*/vɾˈɛ̃n/,null*/vɾˈə̃nzə/,null*/vˈuːɾbə/,null*/ˈuːɾtə/,null*/vˈɛːrəɾ̃/,null*/ˈuːrə/,null*/pˈiː/,null*/pˈɛt/,null*/pjˈɛt͡ʃə/,null*/pˈɛj/,null*/pˈatə/,null*/pˈaːʒɟə/,null*/pˈaːʃ/,null*/pˈaːʃ/,null*/pˈɔ̃ɾ̃ə/,null*/pˈakə/,null*/pˈakə/,null*/pˈuθə/,null*/pˈũnə/,null*/pˌiːsˈaːʃə/,null*/pjˈɛt͡ʃ/,null*/pˈɛːʃ/,null*/plˠˈaːsə/,null*/plˈaːt͡ʃ/,null*/plˈɔtə/,null*/ə̃mblˈɔ̃ɲə/,null*/ə̃mblˈɔ̃nd/,null*/pˈɛːlhm̩/,null*/pˈaːlˠə/,null*/pˈaːlˠə/,null*/plˈac/,null*/ɟəfˈaːlˠə/,null*/pljˈɛʃt/,null*/pˈɔːlːə/,null*/pˈaːlːə/,null*/pɾ̩/,null*/pɾ̩/,null*/fˈɛːr/,null*/pˈaːɾðə/,null*/pˈɛːɾt/,null*/pˌɔɾzˈɛːʃə/,null*/pˈɔːɾðə/,null*/fˈɛːʎə/,null*/bə̃ɾ̃ˈit/,null*/bˈiːʎə/,null*/bˈiːrə/,null*/pχlˈɛ̃/,null*/mˈɛ/,null*/mˈit/,null*/mˈiːʃ/,null*/mˈa/,null*/nˈy/,null*/mˈ?4/,null*/ə̃ndˈ?4/,null*/bˌĩːɲˈaðə/,null*/bə̃ɾ̃ˈɛjs/,null*/bˈiðə/,null*/bˈĩe̯n/,null*/bˈɔtə/,null*/bˈutə/,null*/ə̃mbˈũnɘʃt/,null*/bˈɛːlːə/,null*/bˈaːɾə/,null*/bˈaːɾðə/,null*/bɾˈɛj/,null*/bˈɛːʎə/,null*/bˈɛːɾc/,null*/bˈaːrə/,null*/bˈɛːrə/,null*/bˈɔːr/,null*/bˈiːrə/,null*/bəɾˈĩmə/,null*/blˈaðə/,null*/blˈɔːɾə/,null*/blˈɔɡɾ̩/,null*/mˈa/,null*/mˈɔːsᵝ/,null*/məsˈaːʃə/,null*/mˈaːsə/,null*/mˈat/,null*/mˈaːsə/,null*/mˈɔt/,null*/mə̃ndjˈɛʃə/,null*/mˈɔːʃ/,null*/mˈiːrə/,null*/mˈyːʃ/,null*/mˈɔtəɾ/,null*/mˈaːzə/,null*/mˈɛ̃mɟ/,null*/mˈɛtχ/,null*/mˈaːt͡ʃ/,null*/mˈat/,null*/mˈɛːlˠtə/,null*/mˈɛːlχv/,null*/ə̃mbəlˠˌaχvˈɘ̃ɲə/,null*/mˈɛːlhm̩/,null*/ə̃ndəzˈaːsə/,null*/ɟəsˈakə/,null*/ɟə̃ndˈikv/,null*/ndəkvjˈaːʃə/,null*/ɟə̃ndˈɛkit/,null*/tˈuj/,null*/tə/,null*/tˈy/,null*/pɾ̩tˈɛpɛ/,null*/ʃtuːpjˈɛt/,null*/tˈɛʊ̯ɾ/,null*/tˈɛʊ̯ɾ/,null*/tˈuːlː/,null*/ɟə̃ndˈɛ̃ɲə/,null*/t͡sˈə̃nə/,null*/tɾˈi/,null*/tɾˈi/,null*/tɾˈiɡə/,null*/tʎˈaːðə/,null*/ə̃ndɾˈuðə/,null*/ˈaːʃdə/,null*/tʎˈə̃mə/,null*/tɾˈĩm/,null*/tˈiːɾʃə/,null*/t͡sˈaːrə/,null*/t͡ʃˈaːrə/,null*/tˌɔʎˈaːʃə/,null*/zˈaθtə/,null*/dˈanə/,null*/ɟˈɜðəɾ̃/,null*/ɟˈɘðɟə/,null*/ɟˈɘðdə/,null*/dˈiɡə/,null*/dˈijvʃ/,null*/dɾˈɘtə/,null*/zˌaɾˈɛɟɛ/,null*/zˈaːɾɡə/,null*/dˌɔɾɔɟˈaːʃə/,null*/dɾˈũː/,null*/dɾˈũː/,null*/dˈə̃mə/,null*/dˈɛ̃mɛ/,null*/dˈɛ̃m/,null*/ləzˈatə/,null*/zˈaːʃə/,null*/ɲˈɛʃ/,null*/zˈaθə/,null*/dˈiːʎə/,null*/dˈɔːsə/,null*/zˈa/,null*/dəsˈaːʃə/,null*/zˈaɡə/,null*/dəzəndə/,null*/nˈɛːzə/,null*/ˈɛ̃nəst/,null*/djˈɛɲə/,null*/dˈɔːɾə/,null*/dˈua̯ɾ/,null*/zˈaːlːə/,null*/ʃkˈɛːʃ/,null*/θˈiːɾ/,null*/ʃ/,null*/ʃ/,null*/ɟˈaʊ̯̃ɲə/,null*/ɟˈaːʃtə/,null*/ɟˈɔːlˠə/,null*/?1əvðˈit/,null*/?1ˈɛ̃nə/,null*/?1ˈɛːɾpə/,null*/?1ˈɛːlˠə/,null*/?1ˈɛːlm/,null*/ɟˈy/,null*/djˈɛːɾsə/,null*/θˈyːʃ/,null*/θˈyːʃ/,null*/ʃˈɛːsᵝʃ/,null*/ʃˈɛkə/,null*/ʃəsᵝˈɛ̃mt/,null*/ɟˈũm/,null*/ɟˈɛːʃː/,null*/fˈɛːɾə/,null*/fˈɛːɾə/,null*/fˈɛːɾaʃ/,null*/mˈakɾ̩/,null*/ɟˈũmsə/,null*/ʃtˈiɟ/,null*/ʃtə/,null*/ʃtəjˈaːʃə/,null*/ʃtˈyːlˠə/,null*/ʃtˈanə/,null*/ʃtˈɔ̃ɲə/,null*/ʃɲˈa/,null*/ʃtˈə̃ɲə/,null*/ʃˈaːlˠə/,null*/kuːʃˈaːlˠə/,null*/ʃtˈiːlb/,null*/ʃˈaːlˠə/,null*/pɾ̩ʃtˈɔːlˠ/,null*/ʃtjˈɛʎə/,null*/ʃt͡ʃə/,null*/ʃtˈiːɾ/,null*/ʃm̩/,null*/ʃtɾˈĩɲə/,null*/pˈi/,null*/rˈỹmə/,null*/rˈũm/,null*/ɟˈɛɾpəɾ̃/,null*/əpˈɛ̃ɲ/,null*/ɟˈiːɾbɛ/,null*/ʃɾ̩bˈit/,null*/ʃˈɛːɾmə/,null*/ɟˈaːlpə/,null*/ɟˈiːlχv/,null*/nˈɛːsᵝ/,null*/ɲˈatə/,null*/nˈit/,null*/nˈy/,null*/ɲˈə̃mə/,null*/nˈaːʃ/,null*/nˈɛːʃ/,null*/nˈɔːʃ/,null*/nˈɔːʃə/,null*/ə̃mbəʎˈaðə/,null*/lˠˈɔːs/,null*/lˈɔðə/,null*/lˈɔðə/,null*/lˈɔːsə/,null*/lˈɔdɾ̩/,null*/lˈiðə/,null*/hlˈɛɟ/,null*/lˈiɟ/,null*/ləθˈit/,null*/lˈũmə/,null*/lˈuːfʃ/,null*/lˈuɡə/,null*/ljˈɛftə/,null*/lˈaː/,null*/ljˈɛhm̩/,null*/lˈaːhm̩/,null*/lˈũm/,null*/lˈye̯dɾ̩/,null*/luˈiːsə/,null*/rˈuðə/
R543,,,,,,,,,,,,,,,,,,,,,,,,,,,,*/dəmjˈɛɾ̃/,,,,,,,,,,,,,,,,,,,,,,,,,,,,,,,,,,,,,,,,,,,,,,,,,,,,,,,,,,,,,,,,*/ɟəɲ̈ɡɾˈiːθə/,,,,,,,,,,,,,,,,,,,,,,,,,,,,,,,,,,,,,,,,,,,,,,,,,,,,,,,,,,,,,,,,,,,*/əɲ̈ɡʎˈaːʃə/,*/əɲ̈ɡɾ̩/,*/əɲ̈ɡɾˈiːʃ/,,*/əɲ̈ɡɾˈũnə/,*/əɲ̈ɡɾ̩n/,,,,,,,,,,,,,,,,,,,,,*/vəɾ̃ˈiː/,,,,,,,,,,,,,,,,,,,,,,,,,,,,,,,,,,,,,,,,,,,*/əmblˈɔ̃ɲə/,*/əmblˈɔ̃nd/,,,,,,,,,,,,,,,,,*/bəɾ̃ˈit/,,,,,,,,,,*/əndˈ?4/,*/bˌiːɲˈaðə/,*/bəɾ̃ˈɛjs/,,,,,*/əmbˈũnɘʃt/,,,,,,,,,,,,,,,,,,,,,,*/məndjˈɛʃə/,,,,,,,,,,,,*/əmbəlˠˌaχvˈɘ̃ɲə/,,*/əndəzˈaːsə/,,*/ɟəndˈikv/,,*/ɟəndˈɛkit/,,,,,,,,,*/ɟəndˈɛ̃ɲə/,,,,,,*/əndɾˈuðə/,,,,,,,,,,,,,,,,,,,,,,,,,,,,,,,,,,,,,,,,,,,,,,,,,,,,,,,,,,,,,,,,,,,,,,,,,,,,,,,,,,,,,,,,,,,,,,,,,,,,,,,*/əmbəʎˈaðə/,,,,,,,,,,,,,,,,,,,,
R544,,,,,,,,,,,,,,,,,,,,,,,,,,,,,,,,,,,,,,,,,,,,,,,,,,,,,,,,,,,,,,,,,,,,,,,,,,,,,,,,,,,,,,,,,,,,,,,,,,,,,,,,,,,,,,,,,,,,,,,,,,,,,,,,,,,,,,,,,,,,,,,,,,,,,,,,,,,,,,,,,,,,,,,,,,,,,,,,,,,,,,,,,,,,,,,,,,,,,,,,,,,,,,,,,,,,,,,,,,,,,,,,,,,,,,,,,,,,,,,,,,,,,,,,,,,,,,,,,,,,,,,,,,,,,,,,,,,,,,,,,,,,,,,,,,,,,,,,,,,,,,,,,,,,,,,,,,,,,,,,,,,,,,,,,,,,,,,,,,,,,,,,,,,,,,,,,,,,,,,,,,,,,,,,,,,,,,,,,,,,,,,,,,,,,,,,,,,,,,,,,,,,,,,,,,,,,,,,,,,,,,,,,,,,,,,,,,,,,,,,,
R545,,,,,,,,,,,,,,,,,,,,,,,,,,,,,,,,,,,,,,,,,,,,,,,,,,,,,,,,,,,,,,,,,,,,,,,,,,,*/fʃˈaːlːt͡ʃ/,,,,,,,,,,,,,,,,,,,,,,,,,,,,,,,,,,,,,,,,,,,,,,,,,,,,,,,,,,,,,,,,,,,,,,,,,,,,,,,,,,,,,,,,,,,,,,,,,,,,,,,,,,,,,,,,,,,,,,,,,,,*/ˈuːlt͡sᵝ/,*/vˈaːlt͡ʃə/,,,,,,,,,,,,,,,,,,,,,,,,,,,,,,,,,,,,,,,,,,,,,,,,,,,,,,,,,,,,,,,,,,,,,,,,,,,,,,,,,,,,,,,,,,,,,,,,,,,,,,,,,,,,,,,,,,,,,,,,,,,,,,,,,,,,,,,,,,,,,,,,,,,,,,,,,,,,,,,,,,,,,,,,,,,,,,,,,,,,,,,,*/ɟˈũmt͡sə/,,,,,,,,,,,,,,,,,,,,,,,,,,,,,,,,,,,,,,,,,,,,,,,,,,,,,,,,,,
R546,*/θˈiɲə/,*/θˈəmbəɾ/,,,,,,,,,,,,,*/kʎˈye̯ɲə/,*/kʎəwɲə/,*/zˈəmtəɾ/,*/zˈəmbə/,,*/nˈəmə/,*/zˈɛnd/,,,,*/nˈuː/,*/ɡɾˈunə/,*/ɡɾˈuɲə/,,*/dˈie̯ɾ̃/,,,*/dˈə/,,*/dˈim/,,,,,,,,,,,,,,,*/ɟˈɛm/,,*/hmˈə/,*/hvˈəɾ̃ə/,,,,,,,*/ɟˌɛʃˈin/,*/ɟˈuːnə/,,,*/rˈɛm/,,,,*/rˈɛn/,*/nˈɛːn/,,*/ɟˈɛːn/,*/ɟˈɛm/,,,*/ɟːˈɔɲ/,,,,,,,,,,,,,,,,,,,,,,,,,,,*/ˈumɛ/,,,,,,,,,,,,,,*/ˈəmə/,,,,,,*/ˈənə/,*/ˈaːjə/,*/ˈəndə/,,*/ˈənd/,*/ˈənd/,,,,,,,,,,,,,,,,,,,,,*/sᵝˈɛ/,,,,,,,,*/sᵝ?3θˈəmə/,,*/kɾˈim/,,,,,,*/əɲ̈ɡɾˈunə/,,,,,,,,,,*/ɟˈəmə/,,,,,,,,,,*/hvˈiːn/,,,*/vˈɛmɛ/,,,,,,,,,,,,,,,,*/vɾˈuɲə/,*/vɾˈɛn/,*/vɾˈənzə/,,,,,,,,,,,,,*/pˈɔɾ̃ə/,,,,*/pˈunə/,,,,,,,*/əmblˈɔɲə/,*/əmblˈɔnd/,,,,,,,,,,,,,,,,,,,,*/pχlˈɛ/,,,,,,,,,,,*/bˈie̯n/,,,*/əmbˈunɘʃt/,,,,,,,,,,,*/bəɾˈimə/,,,,,,,,,,,,,,,,,*/mˈɛmɟ/,,,,,,*/əmbəlˠˌaχvˈɘɲə/,,,,,,,,,,,,,,,*/ɟəndˈɛɲə/,*/t͡sˈənə/,,,,,,,*/tʎˈəmə/,*/tɾˈim/,,,,,,,,,,,,,,,,*/dɾˈuː/,*/dɾˈuː/,*/dˈəmə/,*/dˈɛmɛ/,*/dˈɛm/,,,,,,,,,,,,*/ˈɛnəst/,,,,,,,,,*/ɟˈaʊ̯ɲə/,,,,*/?1ˈɛnə/,,,,,,,,,,*/ʃəsᵝˈɛmt/,*/ɟˈum/,,,,,,*/ɟˈumt͡sə/,,,,,,*/ʃtˈɔɲə/,,*/ʃtˈəɲə/,,,,,,,,,,*/ʃtɾˈiɲə/,,*/rˈymə/,*/rˈum/,,*/əpˈɛɲ/,,,,,,,,,,*/ɲˈəmə/,,,,,,,,,,,,,,,*/lˈumə/,,,,,,,*/lˈum/,,,
R547,,,,,,,,,,,,,,,,,,,,,,,,,,,,,,,,,,,,,,,,,,,,,,,,,,,,,,,,,,,,,,,,,,,,,,,,,,,,,,,,,,,,,,,,,,,,,,,,,,,,,,,,,,,,,,,,,,,,,,,,,,,,,,,,,,,,,,,,,,,,,,,,,,,,,,,,,,,,,,,,,,,,,,,,,,,,,,,,,,,,,,,,,,,,,,,,,,,,,,,,,,,,,,,,,,,,,,,,,,,,,,,,,,,,,,,,,,,,,,,,,,,,,,,,,,,,,,,,,,,,,,,,,,,,,,,,,,,,,,,,,,,,,,,,,,,,,,,,,,,,,,,,,,,,,,,,,,,,,,,,,,,,,,,,,,,,,,,,,,,,,,,,,,,,,,,,,,,,,,,,,,,,,,,,,,,,,,,,,,,,,,,,,,,,,,,,,,,,,,,,,,,,,,,,,,,,,,,,,,,,,,,,,,,,,,,,,,,,,,,,,
R548,,,,,,,,,,,,,,,,,,,,,,,,,,,,,,,,,,,,,,,,,,,,,,,,,,,,,,,,,,,,,,,,,,,,,,,,,,,,,,,,,,,,,,,,,,,,,,,,,,,,,,,,,,,,,,,,,,*/pɾˈɛpə/,,,,,,,,,,,,,,,,,,,,,,,,,,,,,,,,,,,,,,,,,,,,,,,,,,,,,,,,,,,,,,,,,,,,,,,,,,,,,,,,,,,,,,,,,,,,,,,,,,,,,,,,,,,,,,,,,,,,,,,,,,,,,,,,,,,,,,,,,,,,,,,,,,,,,,,,,,,,,,,,*/bɾˈimə/,,,,,,,,,,,,,,,,,,,,,,,,,,,,,,,,,,,,,,,,,,,,,,,,,,,,,,,,,,,,,,,,,,,,,,,,,,,,,,,,,,,,,,,,,,,,,,,,,,,,,,,,,,,,,,,,,,,,,,,,,,,,,,,,,,,,,,,,,,,,,,,,,,,,,,,,,,,,,,,,,,,,,,,
R549,,,,,,,,,,,,,,,,,,,,,,,,,,,,*/dəmjˈɛɾ/,*/dˈie̯ɾ/,,,,,,,,,,,,,,,,,,,,,,,*/hvˈəɾə/,,,,,,,,,,,,,,,,,,,,,,,,,,,,,,,,,,,,,,,,,,,,,,,,,,,,,,,,,,,,,,,,,,,*/ˈaːsəɾ/,,,,,,,,,,,,,,,,,,,,,,,,,,,,,,,,,,,,,,,,,,,,,,,,,,,,,,,,,*/ɟˈɛʃtəɾ/,,,,,,,,,*/vəɾˈiː/,,,,,,,,,,,,,,,,*/vˈɛːrəɾ/,,,,,,*/vˈɛːrəɾ/,,,,,,,,,,*/pˈɔɾə/,,,,,,,,,,,,,,,,,,,,,,,,,,,,,*/bəɾˈit/,,,,,,,,,,,,*/bəɾˈɛjs/,,,,,,,,,,,,,,,,,,,,,,,,,,,,,,,,,,,,,,,,,,,,,,,,,,,,,,,,,,,,,,,,,,,,,,*/ɟˈɜðəɾ/,,,,,,,,,,,,,,,,,,,,,,,,,,,,,,,,,,,,,,,,,,,,,,,,,,,,,,,,,,,,,,,,,,,,,,,,,,,,,*/ɟˈɛɾpəɾ/,,,,,,,,,,,,,,,,,,,,,,,,,,,,,,,,,,,,
R550,,,,,,,,,,,,,,,,,,,,,,,,,,,,,,,,,,,,,,,,,,,,,,,,,,,,,,,,,,,,,,,,,,,,,,,,,,,,,,,,,,,,,,,,,,,,,,,,,,,,,,,,,,,,,,,,,,,,,,,,,,,,,,,,,,,,,,,,,,,,,,,,,,,,,,,,,,,,,,,,,,,,,,,,,,,,,,,,,,,,,,,,,,,,,,,,,,,,,,,,,,,,,,,,,,,,,,,,,,,,,,,,,,,,,,,,,,,,,,,,,,,,,,,,,,,,,,,,,,,,,,,,,,,,,,,,,,,,,,,,,,,,,,,,,,,,,,,,,,,,,,,,,,,,,,,,,,,,,,,,,,,,,,,,,,,,,,,,,,,,,,,,,,,,,,,,,,,,,,,,,,,,,,,,,,,,,,,,,,,,,,,,,,,,,,,,,,,,,,,,,,,,,,,,,,,,,,,,,,,,,,,,,,,,,,,,,,,,,,,,,
R551,,,,,,,,,,,,,,,,,,,,,,,,,,,,,,,,,,,,,,,,,,,,,,,,,,,,,,,,,,,,,,,,,,,,,,,,,,,,,,,,,,,,,,,,,,,,,,,,,,,,,,,,,,,,,,,,,,,,,,,,,,,,,,,,,,,,,,,,,,,,,,,,,,,,,,,,,,,,,,,,,,,,,,,,,,,,,,,,,,,,,,,,,,,,,,,,,,,,,,,,,,,,,,,,,,,,,,,,,,,,,,,,,,,,,,,,,,,,,,,,,,,,,,,,,,,,,,,,,,*/bɾˈɛjs/,,,,,,,,,,,,,,,,,,,,,,,,,,,,,,,,,,,,,,,,,,,,,,,,,,,,,,,,,,,,,,,,,,,,,,,,,,,,,,,,,,,,,,,,,,,,,,,,,,,,,,,,,,,,,,,,,,,,,,,,,,,,,,,,,,,,,,,,,,,,,,,,,,,,,,,,,,,,,,,,,,,,,,,,,,,,,,,,,,,,,,,
R552,,,,,,,,,,,,,,,,,,,,,,,,,,,,,,,,,,,,,,,,,,,,,,,,,,,,,,,,,,,*/ɟɛʃˈin/,,,,,,,,,,,,,*/kɔːpˈaːʃtə/,,,,,,,,,,,,,,,,,,,,,,,,,*/ɟaθˈɔtə/,,,,,,,*/hviːzˈaː/,,,,,*/χvɔʎˈaːʃə/,,,,,,,,,,,,,,,,,,,,,,,,,,,,,,,,,,,,,,,,,,,,,,,,,,,,,,,,,,,,,,,,,,,,,,,,,,,,,,,,,,,,,,,,,,,,,,,,,,,,,,,,,,,,,,,,,*/piːsˈaːʃə/,,,,,,,,,,,,,,,,,,,,,*/pɔɾzˈɛːʃə/,,,,,,,,,,,,,,*/biːɲˈaðə/,,,,,,,,,,,,,,,,,,,,,,,,,,,,,,,,,,,,,,,,*/əmbəlˠaχvˈɘɲə/,,,,,,,,,,,,,,,,,,,,,,,,,,,,*/tɔʎˈaːʃə/,,,,,,,,,*/zaɾˈɛɟɛ/,,*/dɔɾɔɟˈaːʃə/,,,,,,,,,,,,,,,,,,,,,,,,,,,,,,,,,,,,,,,,,,,,,,,,,,,,,,,,,,,,,,,,,,,,,,,,,,,,,,,,,,,,,,,,,,,,,,,,,,,,,,,,,
R553,,,,,,,,,,,,,,,,,,,,,,,,,,,,,,,,,,,,,,,,,,,,,,,,,,,,,,,,,,,,,,,,,,,,,,,,,,,,,,,,,,,,,,,,,,,,,,,,,,,,,,,,,,,,,,,,,,,,,,,,,,,,,,,,,,,,,,,,,,,,,,,,,,,,,,,,,,,,,,,,,,,,,,,,,,,,,,,,,,,,,,,,,,,,,,,,,,,,,,,,,,,,,,,,,,,,,,,,,,,,,,,,,,,,,,,,,,,,,,,,,,,,,,,,,,,,,,,,,,,,,,,,,,,,,,,,,,,,,,,,,,,,,,,,,,,,,,,,,,,,,,,,,,,,,,,,,,,,,,,,,,,,,,,,,,,,,,,,,,,,,,,,,,,,,,,,,,,,,,,,,,,,,,,,,,,,,,,,,,,,,,,,,,,,,,,,,,,,,,,,,,,,,,,,,,,,,,,,,,,,,,,,,,,,,,,,,,,,,,,,,
R554,,,,,,,,,,,,,,,,,,,,,,,,,,,,,,,,,,,,,,,,,,,,,,,,,,,,,,,,,,,,,,,,,,,,,,,,,,,,,,,,,,,,,,,,,,,,,,,,,,,,,,,,,,,,,,,,,,,,,,,,,,,,,,,,,,,,,,,,,,,,,,,,,,,,,,,,,,,,,,,*/ɲ̈ɡʎˈaːʃə/,*/ɲ̈ɡɾ̩/,*/ɲ̈ɡɾˈiːʃ/,,*/ɲ̈ɡɾˈunə/,*/ɲ̈ɡɾ̩n/,,,,,,,,,,,,,,,,,,,,,,,,,,,,,,,,,,,,,,,,,,,,,,,,,,,,,,,,,,,,,,,,*/mblˈɔɲə/,*/mblˈɔnd/,,,,,,,,,,,,,,,,,,,,,,,,,,,*/ndˈ?4/,,,,,,,*/mbˈunɘʃt/,,,,,,,,,,,,,,,,,,,,,,,,,,,,,,,,,,*/mbəlˠaχvˈɘɲə/,,*/ndəzˈaːsə/,,,,,,,,,,,,,,,,,,,*/ndɾˈuðə/,,,,,,,,,,,,,,,,,,,,,,,,,,,,,,,,,,,,,,,,,,,,,,,,,,,,,,,,,,,,,,,,,,,,,,,,,,,,,,,,,,,,,,,,,,,,,,,,,,,,,,,*/mbəʎˈaðə/,,,,,,,,,,,,,,,,,,,,
R555,,,,,,,,,,,,,,,,,,,,,,,,,,,,,,,,,,,,,,,,,,,,,,,,,,,,,,,,,,,,,,,,,,,,,,,,,,,,,,,,,,,,,,,,,,,,,,,,,,,,,,,,,,,,,,,,,,,,,,,,,,,,,,,,,,,,,,,,,,,,,,,,,,,,,,,,,,,,,,,,,,,,,,,,,,,,,,,,,,,,,,,,,,,,,,,,,,,,,,,,,,,,,,,,,,,,,,,,,,,,,,,,,,,,,,,,,,,,,,,,,,,,,,,,,,,,,,,,,,,,,,,,,,,,,,,,,,,,,,,,,,,,,,,,,,,,,,,,,,,,,,,,,,,,,,,,,,,,,,,,,,,,,,,,,,,,,,,,,,,,,,,,,,,,,,,,,,,,,,,,,,,,,,,,,,,,,,,,,,,,,,,,,,,,,,,,,,,,,,,,,,,,,,,,,,,,,,,,,,,,,,,,,,,,,,,,,,,,,,,,,
R556,,,,,,,,,,,,,,,,,,,,,,,,,,,,,,,,,,,,,,,,,,,,,,,,,,,,,,,,,,,,,,,,,,,,,,,,,,,,,,,,,,,,,,,,,,,,,,,,,,,,,,,,,,,,,,,,,,,,,,,,,,,,,,,,,,,,,,,,,,,,,,,,,,,,,,,,,,,,,,,,,,,,,,,,,,,,,,,,,,,,,,,,,,,,,,,,,,,,,,,,,,,,,,,,,,,,,,,,,,,,,,,,,,,,,,,,,,,,,,,,,,,,,,,,,,,,,,,,,,,,,,,,,,,,,,,,,,,,,,,,,,,,,,,,,,,,,,,,,,,,,,,,,,,,,,,,,,,,,,,,,,,,,,,,,,,,,,,,,,,,,,,,,,,,,,,,,,,,,,,,,,,,,,,,,,,,,,,,,,,,,,,,,,,,,,,,,,,,,,,,,,,,,,,,,,,,,,,,,,,,,,,,,,,,,,,,,,,,,,,,,
R557,,,,,,,,,,,,,,,,,,,,,,,,,,,,,,,,,,,,,,,,,,,,,,,,,,,,,,,,,,,,,,,,,,,,,,,,,,,,,,,,,,,,,,,,,,,,,,,,,,,,,,,,,,,,,,,,,,,,,,,,,,,,,,,,,,,,,,,,,,,,,,,,,,,,,,,,,,*/sᵝlˈit/,,,,,,,,,,,,,,,,,,,,,,,,,,,,,,,,,,,,,,,,,,,,,,,,,,,,,,,,,,,,,,,,,,,,,,,,,,,,,,,,,,,,,,,,,,,,,,,,,,,,,,,,,,,,,,,,,,,,,,,,,,,,,,,,,,,,,,,,,,,,,,,,,,,,,,,,,,,,,,,,,,,,,,,,,,,,,,,,,,,,,,,,,,,,,,,,,,,,,,,,,,,,,,,,,,,,,,,,,,,,,,,,,,,,,,,,,,,,,,,,,,,,,,,,,,,,,,,,,,,,,,,,,,,,,,,,,,,,,,,,,,,,,,,
R558,,,,,,,,,,,,,,,*/kjˈye̯ɲə/,*/kjəwɲə/,,,,,,,,,,,,,,,,,,,,,,,,*/dˈiːj/,,,,,,*/ˈuːj/,,,,,,,,,,,,,,,,,,*/hjˈapə/,,,,,,,,,,,,,,,,,,,*/?1ːˈɛːjə/,,,,,,,*/ɡjˈaːsə/,*/ɡjˈaːvə/,,,,,,,,,,,,,,,,,,*/χvɔjˈaːʃə/,,,,,,,,,,,,,,,,,,,,,,,,,,,,,,,,,,,,,,,,,,,,,,,,,,*/ɲ̈ɡjˈaːʃə/,,,,,,,,,,,,,,,,,,,,,,,,,,,,,,,,,,,,*/vjˈaːʃə/,,,,,,,,,,,,,,,,,,,,,,,,,,,,,,,,,,,,,,,,,,,,,,,,,,*/fˈɛːjə/,,*/bˈiːjə/,,,,,,,,,,,,,,,,,,,,,*/bˈɛːjə/,,,,,,,,,,,,,,,,,,,,,,,,,,,,,,,,,,,,,,,,,,,,,,,,,*/tjˈaːðə/,,,*/tjˈəmə/,,,,,*/tɔjˈaːʃə/,,,,,,,,,,,,,,,,,,,,,*/dˈiːjə/,,,,,,,,,,,,,,,,,,,,,,,,,,,,,,,,,,,,,,,,,,,,,,,,,,,*/ʃtjˈɛjə/,,,,,,,,,,,,,,,,,,,,,,,,*/mbəjˈaðə/,,,,,,,,,,,,,,,,,,,,
R559,,,,,,,,,,,,,,,*/cˈye̯ɲə/,*/cəwɲə/,,,,,,,,,,,,,,,,,,,,,,,,,,,,,,,,,,,,,,,,,,,,,,,,,,,,,,,,,,,,,,,,,,,,,,,,,,*/ɟˈaːsə/,*/ɟˈaːvə/,,,,,,,,,,,,,,,,,,,,,,,,,,,,,,,,,,,,,,,,,,,,,,,,,,,,,,,,,,,,,,,,,,,,*/ɲ̈ɟˈaːʃə/,,,,,,,,,,,,,,,,,,,,,,,,,,,,,,,,,,,,,,,,,,,,,,,,,,,,,,,,,,,,,,,,,,,,,,,,,,,,,,,,,,,,,,,,,,,,,,,,,,,,,,,,,,,,,,,,,,,,,,,,,,,,,,,,,,,,,,,,,,,,,,,,,,,,,,,,,,,,,,,,,,,,,,,,,,,,,,,,,,,,,,,,,,,,,,,,,,,,,,,,,,,,,,,,,,,,,,,,,,,,,,,,,,,,,,,,,,,,,,,,,,,,,,,,,,,,,,,,,,,,,,,,,,,,,,,,,,,,,,,,,,
R560,,,,,,,,,,,,,,,,,,,,,,,,,,,,,,,,,,,,,,,,,,,,,,,,,,,,,,,,,,,,,,,,,,,,,,,,,,,,,,,,,,,,,,,,,,,,,,,,,,,,,,,,,,,,,,,,,,,,,,,,,,,,,,,,,,,,,,,,,,,,,,,,,,,,,,,,,,,,,,,,,,,,,,,,,,,,,,,,,,,,,,,,,,,,,,,,,,,,,,,,,,,,,,,,,,,,,,,,,,,,,,,,,,,,,,,,,,,,,,,,,,,,,,,,,,,,,,,,,,,,,,,,,,,,,,,,,,,,,,,,,,,,,,,,,,,,,,,,,,,,,,,,,,,,,,,,,,,,,,,,,,,,,,,,,,,,,,,,,,,,,,,,,,,,,,,,,,,,,,,,,,,,,,,,,,,,,,,,,,,,,,,,,,,,,,,,,,,,,,,,,,,,,,,,,,,,,,,,,,,,,,,,,,,,,,,,,,,,,,,,,
R561,,,,,,,,,,,,,,,,,,,,,,,,,,,,,,,,,,,,,,,,,,,,,,,,,,,,,,,,,,,,,,,,,,,,,,,,,,,,,,,,,,,,,,,,,,,,,,,,,,,,,,,,,,,,,,,,,,,,,,,,,,,,,,,,,,,,,,,,,,,,,,,,,,,,,,,,,,,,,,,,,,,,,,,,,,,,,,,,,,,,,,,,,,,,,,,,,,,,,,,,,,,,*/vɾˈənd͡zə/,,,,,,,,,,,,,,,,,,,,,,,,,,,,,,,,,,,,,,,,,,,,,,,,,,,,,,,,,,,,,,,,,,,,,,,,,,,,,,,,,,,,,,,,,,,,,,,,,,,,,,,,,,,,,,,,,,,,,,,,,,,,,,,,,,,,,,,,,,,,,,,,,,,,,,,,,,,,,,,,,,,,,,,,,,,,,,,,,,,,,,,,,,,,,,,,,,,,,,,,,,,,,,,,,,,,,,,,,,,,,,,,,,,,,,,,,,,,,
R562,,,,,,,,,,,,,,,,,,,,,,,,,,,,,,,,,,,,,,,,,,,,,,,,,,,,,,,,,,,,,,,,,,,,,,,,,,,,,,,,,,,,,,,,,,,,,,,,,,,,,,,,,,,,,,,,,,,,,,,,,,,,,,,,,,,,,,,,,,,,,,,,,,,,,,,,,,,,,,,,,,,,,,,,,,,,,,,,,,,,,,,,,,,,,,,,,,,,,,,,,,,,,,,,,,,,,,,,,,,,,,,,,,,,,,,,,,,,,,,,,,,,,,,,,,,,,,,,,,,,,,,,,,,,,,,,,,,,,,,,,,,,,,,,,,,,,,,,,,,,,,,,,,,,,,,,,,,,,,,,,,,,,,,,,,,,,,,,,,,,,,,,,,,,,,,,,,,,,,,,,,,,,,,,,,,,,,,,,,,,,,,,,,,,,,,,,,,,,,,,,,,,,,,,,,,,,,,,,,,,,,,,,,,,,,,,,,,,,,,,,
R563,,,,,,,,,,,,,,,,,,,,,,,,,,,,,,,,,,,,,,,,,,,,,,,,,,,,,,,,,,,,,,,,,,,,,,,,,,,,,,,,,,,,,,,,,,,,,,,,,,,,,,,,,,,,,,,,,,,,,,,,,,,,,,,,,,,,,,,,,,,,,,,,,,,,,,,,,,,,,,,,,,,,,,,,,,,,,,,,,,,,,,,,,,,,,,,,,,,,,,,,,,,,,,,,,,,,,,,,,,,,,,,,,,,,,,,,,,,,,,,,,,,,,,,,,,,,,,,,,,,,,,,,,,,,,,,,,,,,,,,,,,,,,,,,,,,,,,,,,,,*/dəzˈaːsə/,,,*/dəkvjˈaːʃə/,,,,,,,,,,,,,,,,,,,,,,,,,,,,,,,,,,,,,,,,,,,,,,,,,,,,,,,,,,,,,,,,,,,,,,,,,,,,,,,,,,,,,,,,,,,,,,,,,,,,,,,,,,,,,,,,,,,,,,,,,,,,,,,,,,,,,,,,,,,
R564,,,,,,,,,,,,,,,,,,,,,,,,,,,,,,,,,,,,,,,,,,,,,,,,,,,,,,,,,,,,,,,,,,,,,,,,,,,,,,,,,,,,,,,,,,,,,,,,,,,,,,,,,,,,,,,,,,,,,,,,,,,,,,,,,,,,,,,,,,,,,,,,,,,,,,,,,,,,,,,,,,,,,,,,,,,,,,,,,,,,,,,,,,,,,,,,,,,,,,,,,,,,,,,,,,,,,,,,,,,,,,,,,,,,,,,,,,,,,,,,,,,,,,,,,,,,,,,,,,,,,,,,,,,,,,,,,,,,,,,,,,,,,,,,,,,,,,,,,,,,,,,,,,,,,,,,,,,,,,,,,,,,,,,,,,,,,,,,,,,,,,,,,,,,,,,,,,,,,,,,,,,,,,,,,,,,,,,,,,,,,,,,,,,,,,,,,,,,,,,,,,,,,,,,,,,,,,,,,,,,,,,,,,,,,,,,,,,,,,,,,
R565,,,,,,,,,,,,,,,,,,,,,,,,,,,,,,,,,,,,,,,,,,,,,,,,,,,,,,,,,,,,,,,,,,,,,,,,,,,,,,,,,,,,,,,,,,,,,,,,,,,,,,,,,,,,,,,,,,,,,,,,,,,,,,,,,,,,,,,,,,,,,,,,,,,,,,,,,,,,,,,,,,,,,,,,,,,,,,,,,,,,,,,,,,,,,,,,,,,,,,,,,,,,,,,,,,,,,,,,,,,,,,,,,,,,,,,,,,,,,,,,,,,,,,,,,,,,,,,,,,,,,,,,,,,,,,,,,,,,,,,,,,,,,,,,,,,,,,,,,,,,,,,,,,,,,,,,,,,,,,,,,,,,,,,,,,,,,,,,,,,,,,,,,,,,,,,,,,,,,,,,,,,,,,,,,,,,,,,,,,,,,,,,,,,,,,,,,,,,,,,,,,,,,,,,,,,,,,,,,,,,,,,,,,,,,,,,,,,,,,,,,
R566,,,*/θˈiʃtɾ̩/,*/θmˈɛt͡ʃ/,*/t͡sˈaɾəv/,*/t͡sˈaɾəptə/,*/t͡sˈaɾsə/,*/θˈiɾhm̩/,*/t͡sˈaɾəc/,*/θˈɛlˠə/,*/t͡sˈafkə/,,,,,,,,*/ðˈɛv/,,,*/fˈit/,*/fˈiʃ/,,*/nˈu/,,,,,,*/dˈylˠəʃ/,,,,*/zˈɛʃ/,*/dˈiʃ/,*/djˈɛsə/,*/dˈɔɾə/,,*/dˈij/,*/dˈɛɾʃ/,,*/ɟˈɛʃ/,*/ɟˈiʃtəʃ/,,*/ˈuj/,*/hvəɟˈi/,,,,,,,*/ɟˈɛsə/,*/ɟˈit͡ʃ/,,*/ɟˈiʃ/,*/ɟˈiʃt/,,*/ɟˈunə/,*/ɟˈaɾðə/,*/ɟˈɛɾt/,,,*/ɟɾ̩ðˈi/,*/ˈuɾðə/,,*/nˈɛn/,*/ɟˈyʃ/,*/ɟˈɛn/,,*/kɔpˈaʃtə/,,*/ɟˈɔɲ/,*/fʃˈalt͡ʃ/,*/cˈɛlˠafʃ/,*/cˈɛlˠə/,*/?1ˈɔlˠ/,*/?1ˈɔlˠəʃtə/,*/?1ˈɛlm/,*/də?1ˈɛlˠə/,*/də?1ˈɛlə/,*/?1ˈɛjə/,*/cˈɛɾpə/,,,*/kɾˈɛfʃə/,,,*/ɟˈasə/,*/ɟˈavə/,*/ɟəɲ̈ɡɾˈiθə/,*/ɟˈiɾð/,*/?1̬ˈɛɾðə/,,,,*/ˈisᵝ/,,,,*/ˈɛjθɛ/,*/ˈa/,*/hvizˈa/,,,*/χvl̩cˈi/,*/χvˈilˠə/,*/χvɔjˈaʃə/,*/χvˈarə/,*/hvˈilˠə/,,*/χpˈav/,,,*/χmˈalə/,*/χmˈalə/,*/ˈasə/,*/ˈasəɾ/,,,*/ˈajə/,,*/nˈɔsə/,,,,*/ˈalb/,,,*/ˈaɾf/,,,,,,*/ɟˈiɾð/,*/mˈarə/,*/mˈaɾʃ/,*/mˈarət/,*/mˈɔr/,*/sᵝˈilˠə/,*/ˈ?4sᵝəlˠ/,*/sᵝˈiʃ/,,,,*/sᵝˈiʃ/,,*/kˈɔlˠə/,*/kˈuɾ/,*/sᵝˈalˠə/,*/sᵝˈɛl/,,,*/kˈɔrə/,,*/ɡˈar/,*/ɲ̈ɟˈaʃə/,,*/ɲ̈ɡɾˈiʃ/,,,,*/ɡˈɔɾhm̩/,*/zˈɛɾməʃ/,*/zˈaɾʃ/,,,,*/ɟˈɔʃə/,*/ɟˈɔʃə/,,,,,,*/ɟˈiɾz/,*/hrˈɛf/,,*/vjˈɛʃ/,*/vjˈɛt/,*/hvˈin/,,*/vəɾˈi/,,,,,,*/usˈasə/,*/vˈɔlˠə/,*/vˈɛlˠət/,*/vˈalˠə/,*/vjˈaʃə/,*/dəzˈalˠtə/,*/dəʃn̩dɾ̩bˈalˠə/,*/ˈult͡sᵝ/,*/vˈalt͡ʃə/,*/vˈalə/,*/vˈɛrəɾ/,,,,*/vˈuɾbə/,*/ˈuɾtə/,*/vˈɛrəɾ/,*/ˈurə/,*/pˈi/,,,,,*/pˈaʒɟə/,*/pˈaʃ/,*/pˈaʃ/,,,,,,*/pisˈaʃə/,,*/pˈɛʃ/,*/plˠˈasə/,*/plˈat͡ʃ/,,,,*/pˈɛlhm̩/,*/pˈalˠə/,*/pˈalˠə/,,*/ɟəfˈalˠə/,,*/pˈɔlə/,*/pˈalə/,,,*/fˈɛr/,*/pˈaɾðə/,*/pˈɛɾt/,*/pɔɾzˈɛʃə/,*/pˈɔɾðə/,*/fˈɛjə/,,*/bˈijə/,*/bˈirə/,,,,*/mˈiʃ/,,,,,*/biɲˈaðə/,,,,,,,*/bˈɛlə/,*/bˈaɾə/,*/bˈaɾðə/,,*/bˈɛjə/,*/bˈɛɾc/,*/bˈarə/,*/bˈɛrə/,*/bˈɔr/,*/bˈirə/,,,*/blˈɔɾə/,,,*/mˈɔsᵝ/,*/məsˈaʃə/,*/mˈasə/,,*/mˈasə/,,,*/mˈɔʃ/,*/mˈirə/,*/mˈyʃ/,,*/mˈazə/,,,*/mˈat͡ʃ/,,*/mˈɛlˠtə/,*/mˈɛlχv/,,*/mˈɛlhm̩/,*/dəzˈasə/,,,*/dəkvjˈaʃə/,,,,,,*/ʃtupjˈɛt/,,,*/tˈul/,,,,,,*/tjˈaðə/,,*/ˈaʃdə/,,,*/tˈiɾʃə/,*/t͡sˈarə/,*/t͡ʃˈarə/,*/tɔjˈaʃə/,,,,,,,,,,*/zˈaɾɡə/,*/dɔɾɔɟˈaʃə/,*/dɾˈu/,*/dɾˈu/,,,,,*/zˈaʃə/,,,*/dˈijə/,*/dˈɔsə/,,*/dəsˈaʃə/,,,*/nˈɛzə/,,,*/dˈɔɾə/,,*/zˈalə/,*/ʃkˈɛʃ/,*/θˈiɾ/,,,,*/ɟˈaʃtə/,*/ɟˈɔlˠə/,,,*/?1ˈɛɾpə/,*/?1ˈɛlˠə/,*/?1ˈɛlm/,,*/djˈɛɾsə/,*/θˈyʃ/,*/θˈyʃ/,*/ʃˈɛsᵝʃ/,,,,*/ɟˈɛʃ/,*/fˈɛɾə/,*/fˈɛɾə/,*/fˈɛɾaʃ/,,,,,*/ʃtəjˈaʃə/,*/ʃtˈylˠə/,,,,,*/ʃˈalˠə/,*/kuʃˈalˠə/,*/ʃtˈilb/,*/ʃˈalˠə/,*/pɾ̩ʃtˈɔlˠ/,,,*/ʃtˈiɾ/,,,,,,,,*/ɟˈiɾbɛ/,,*/ʃˈɛɾmə/,*/ɟˈalpə/,*/ɟˈilχv/,*/nˈɛsᵝ/,,,,,*/nˈaʃ/,*/nˈɛʃ/,*/nˈɔʃ/,*/nˈɔʃə/,,*/lˠˈɔs/,,,*/lˈɔsə/,,,,,,,*/lˈufʃ/,,,*/lˈa/,,*/lˈahm̩/,,,*/luˈisə/,
=Old North Tosk,null*/θˈiɲə/,null*/θˈəmbəɾ/,null*/θˈiʃtɾ̩/,null*/θmˈɛt͡ʃ/,null*/t͡sˈaɾəv/,null*/t͡sˈaɾəptə/,null*/t͡sˈaɾsə/,null*/θˈiɾhm̩/,null*/t͡sˈaɾəc/,null*/θˈɛlˠə/,null*/t͡sˈafkə/,null*/θˈukə/,null*/θˈup/,null*/təθˈup/,null*/cˈye̯ɲə/,null*/cəwɲə/,null*/zˈəmtəɾ/,null*/zˈəmbə/,null*/ðˈɛv/,null*/nˈəmə/,null*/zˈɛnd/,null*/fˈit/,null*/fˈiʃ/,null*/nˈaθə/,null*/nˈu/,null*/ɡɾˈunə/,null*/ɡɾˈuɲə/,null*/dəmjˈɛɾ/,null*/dˈie̯ɾ/,null*/dˈɔɟ/,null*/dˈylˠəʃ/,null*/dˈə/,null*/zˈaʃ/,null*/dˈim/,null*/zˈɛʃ/,null*/dˈiʃ/,null*/djˈɛsə/,null*/dˈɔɾə/,null*/dˈua̯ɾ/,null*/dˈij/,null*/dˈɛɾʃ/,null*/dɾˈɘðə/,null*/ɟˈɛʃ/,null*/ɟˈiʃtəʃ/,null*/ɟˈy/,null*/ˈuj/,null*/hvəɟˈi/,null*/hvəɟˈit/,null*/ɟˈɛm/,null*/hm̩/,null*/hmˈə/,null*/hvˈəɾə/,null*/ɟˈɛtɾ̩/,null*/ɟˈɛsə/,null*/ɟˈit͡ʃ/,null*/ɟˈit/,null*/ɟˈiʃ/,null*/ɟˈiʃt/,null*/ɟɛʃˈin/,null*/ɟˈunə/,null*/ɟˈaɾðə/,null*/ɟˈɛɾt/,null*/rˈɛm/,null*/hjˈapə/,null*/ɟɾ̩ðˈi/,null*/ˈuɾðə/,null*/rˈɛn/,null*/nˈɛn/,null*/ɟˈyʃ/,null*/ɟˈɛn/,null*/ɟˈɛm/,null*/kɔpˈaʃtə/,null*/kˈapə/,null*/ɟˈɔɲ/,null*/fʃˈalt͡ʃ/,null*/cˈɛlˠafʃ/,null*/cˈɛlˠə/,null*/?1ˈɔlˠ/,null*/?1ˈɔlˠəʃtə/,null*/?1ˈɛlm/,null*/də?1ˈɛlˠə/,null*/də?1ˈɛlə/,null*/?1ˈɛjə/,null*/cˈɛɾpə/,null*/kɾˈɛp/,null*/rˈɛp/,null*/kɾˈɛfʃə/,null*/ɡˈɛj/,null*/ɡˈɛj/,null*/ɟˈasə/,null*/ɟˈavə/,null*/ɟəɲ̈ɡɾˈiθə/,null*/ɟˈiɾð/,null*/?1̬ˈɛɾðə/,null*/vˈatɾ̩/,null*/ɟˈɛθ/,null*/ɟaθˈɔtə/,null*/ˈisᵝ/,null*/ˈɛjð/,null*/ðˈijə/,null*/ˈumɛ/,null*/ˈɛjθɛ/,null*/ˈa/,null*/hvizˈa/,null*/ˈa/,null*/ˈaʊ̯ɟ/,null*/χvl̩cˈi/,null*/χvˈilˠə/,null*/χvɔjˈaʃə/,null*/χvˈarə/,null*/hvˈilˠə/,null*/χpˈɛ/,null*/χpˈav/,null*/pɾˈɛpə/,null*/ˈəmə/,null*/χmˈalə/,null*/χmˈalə/,null*/ˈasə/,null*/ˈasəɾ/,null*//,null*/ˈənə/,null*/ˈajə/,null*/ˈəndə/,null*/nˈɔsə/,null*/ˈənd/,null*/ˈənd/,null*/nˈie̯ɾ/,null*/ˈalb/,null*/χlˈi/,null*/χɾˈɛtf/,null*/ˈaɾf/,null*/ˈɛjð/,null*/ˈa/,null*/ˈut/,null*/vˈaʊ̯lˠ/,null*/vˈaʊ̯lˠə/,null*/ɟˈiɾð/,null*/mˈarə/,null*/mˈaɾʃ/,null*/mˈarət/,null*/mˈɔr/,null*/sᵝˈilˠə/,null*/ˈ?4sᵝəlˠ/,null*/sᵝˈiʃ/,null*/sᵝˈi/,null*/kˈa/,null*/sᵝˈɛ/,null*/sᵝˈiʃ/,null*/sᵝˈɛθ/,null*/kˈɔlˠə/,null*/kˈuɾ/,null*/sᵝˈalˠə/,null*/sᵝˈɛl/,null*/sᵝlˈit/,null*/sᵝ?3θˈəmə/,null*/kˈɔrə/,null*/kɾˈim/,null*/ɡˈar/,null*/ɲ̈ɟˈaʃə/,null*/ɲ̈ɡɾ̩/,null*/ɲ̈ɡɾˈiʃ/,null*/ˈam/,null*/ɲ̈ɡɾˈunə/,null*/ɲ̈ɡɾ̩n/,null*/ɡˈɔɾhm̩/,null*/zˈɛɾməʃ/,null*/zˈaɾʃ/,null*/zˈɛɲə/,null*/ɟətˈɔtə/,null*/cᵝˈi/,null*/ɟˈɔʃə/,null*/ɟˈɔʃə/,null*/ɟˈəmə/,null*/ɟˈɛdɾ̩/,null*/ɟˈi?1/,null*/ɟˈɛʃtəɾ/,null*/hlˈɛɟ/,null*/ɟˈiɾz/,null*/hrˈɛf/,null*/vˈaðə/,null*/vjˈɛʃ/,null*/vjˈɛt/,null*/hvˈin/,null*/vˈua̯ʃə/,null*/vəɾˈi/,null*/vˈɛmɛ/,null*/vjˈɛt͡ʃ/,null*/ftjˈɛʃ/,null*/vjˈɛtəθ/,null*/vjˈɛt/,null*/usˈasə/,null*/vˈɔlˠə/,null*/vˈɛlˠət/,null*/vˈalˠə/,null*/vjˈaʃə/,null*/dəzˈalˠtə/,null*/dəʃn̩dɾ̩bˈalˠə/,null*/ˈult͡sᵝ/,null*/vˈalt͡ʃə/,null*/vˈalə/,null*/vˈɛrəɾ/,null*/vɾˈuɲə/,null*/vɾˈɛn/,null*/vɾˈənd͡zə/,null*/vˈuɾbə/,null*/ˈuɾtə/,null*/vˈɛrəɾ/,null*/ˈurə/,null*/pˈi/,null*/pˈɛt/,null*/pjˈɛt͡ʃə/,null*/pˈɛj/,null*/pˈatə/,null*/pˈaʒɟə/,null*/pˈaʃ/,null*/pˈaʃ/,null*/pˈɔɾə/,null*/pˈakə/,null*/pˈakə/,null*/pˈuθə/,null*/pˈunə/,null*/pisˈaʃə/,null*/pjˈɛt͡ʃ/,null*/pˈɛʃ/,null*/plˠˈasə/,null*/plˈat͡ʃ/,null*/plˈɔtə/,null*/mblˈɔɲə/,null*/mblˈɔnd/,null*/pˈɛlhm̩/,null*/pˈalˠə/,null*/pˈalˠə/,null*/plˈac/,null*/ɟəfˈalˠə/,null*/pljˈɛʃt/,null*/pˈɔlə/,null*/pˈalə/,null*/pɾ̩/,null*/pɾ̩/,null*/fˈɛr/,null*/pˈaɾðə/,null*/pˈɛɾt/,null*/pɔɾzˈɛʃə/,null*/pˈɔɾðə/,null*/fˈɛjə/,null*/bəɾˈit/,null*/bˈijə/,null*/bˈirə/,null*/pχlˈɛ/,null*/mˈɛ/,null*/mˈit/,null*/mˈiʃ/,null*/mˈa/,null*/nˈy/,null*/mˈ?4/,null*/ndˈ?4/,null*/biɲˈaðə/,null*/bɾˈɛjs/,null*/bˈiðə/,null*/bˈie̯n/,null*/bˈɔtə/,null*/bˈutə/,null*/mbˈunɘʃt/,null*/bˈɛlə/,null*/bˈaɾə/,null*/bˈaɾðə/,null*/bɾˈɛj/,null*/bˈɛjə/,null*/bˈɛɾc/,null*/bˈarə/,null*/bˈɛrə/,null*/bˈɔr/,null*/bˈirə/,null*/bɾˈimə/,null*/blˈaðə/,null*/blˈɔɾə/,null*/blˈɔɡɾ̩/,null*/mˈa/,null*/mˈɔsᵝ/,null*/məsˈaʃə/,null*/mˈasə/,null*/mˈat/,null*/mˈasə/,null*/mˈɔt/,null*/məndjˈɛʃə/,null*/mˈɔʃ/,null*/mˈirə/,null*/mˈyʃ/,null*/mˈɔtəɾ/,null*/mˈazə/,null*/mˈɛmɟ/,null*/mˈɛtχ/,null*/mˈat͡ʃ/,null*/mˈat/,null*/mˈɛlˠtə/,null*/mˈɛlχv/,null*/mbəlˠaχvˈɘɲə/,null*/mˈɛlhm̩/,null*/dəzˈasə/,null*/ɟəsˈakə/,null*/ɟəndˈikv/,null*/dəkvjˈaʃə/,null*/ɟəndˈɛkit/,null*/tˈuj/,null*/tə/,null*/tˈy/,null*/pɾ̩tˈɛpɛ/,null*/ʃtupjˈɛt/,null*/tˈɛʊ̯ɾ/,null*/tˈɛʊ̯ɾ/,null*/tˈul/,null*/ɟəndˈɛɲə/,null*/t͡sˈənə/,null*/tɾˈi/,null*/tɾˈi/,null*/tɾˈiɡə/,null*/tjˈaðə/,null*/ndɾˈuðə/,null*/ˈaʃdə/,null*/tjˈəmə/,null*/tɾˈim/,null*/tˈiɾʃə/,null*/t͡sˈarə/,null*/t͡ʃˈarə/,null*/tɔjˈaʃə/,null*/zˈaθtə/,null*/dˈanə/,null*/ɟˈɜðəɾ/,null*/ɟˈɘðɟə/,null*/ɟˈɘðdə/,null*/dˈiɡə/,null*/dˈijvʃ/,null*/dɾˈɘtə/,null*/zaɾˈɛɟɛ/,null*/zˈaɾɡə/,null*/dɔɾɔɟˈaʃə/,null*/dɾˈu/,null*/dɾˈu/,null*/dˈəmə/,null*/dˈɛmɛ/,null*/dˈɛm/,null*/ləzˈatə/,null*/zˈaʃə/,null*/ɲˈɛʃ/,null*/zˈaθə/,null*/dˈijə/,null*/dˈɔsə/,null*/zˈa/,null*/dəsˈaʃə/,null*/zˈaɡə/,null*/dəzəndə/,null*/nˈɛzə/,null*/ˈɛnəst/,null*/djˈɛɲə/,null*/dˈɔɾə/,null*/dˈua̯ɾ/,null*/zˈalə/,null*/ʃkˈɛʃ/,null*/θˈiɾ/,null*/ʃ/,null*/ʃ/,null*/ɟˈaʊ̯ɲə/,null*/ɟˈaʃtə/,null*/ɟˈɔlˠə/,null*/?1əvðˈit/,null*/?1ˈɛnə/,null*/?1ˈɛɾpə/,null*/?1ˈɛlˠə/,null*/?1ˈɛlm/,null*/ɟˈy/,null*/djˈɛɾsə/,null*/θˈyʃ/,null*/θˈyʃ/,null*/ʃˈɛsᵝʃ/,null*/ʃˈɛkə/,null*/ʃəsᵝˈɛmt/,null*/ɟˈum/,null*/ɟˈɛʃ/,null*/fˈɛɾə/,null*/fˈɛɾə/,null*/fˈɛɾaʃ/,null*/mˈakɾ̩/,null*/ɟˈumt͡sə/,null*/ʃtˈiɟ/,null*/ʃtə/,null*/ʃtəjˈaʃə/,null*/ʃtˈylˠə/,null*/ʃtˈanə/,null*/ʃtˈɔɲə/,null*/ʃɲˈa/,null*/ʃtˈəɲə/,null*/ʃˈalˠə/,null*/kuʃˈalˠə/,null*/ʃtˈilb/,null*/ʃˈalˠə/,null*/pɾ̩ʃtˈɔlˠ/,null*/ʃtjˈɛjə/,null*/ʃt͡ʃə/,null*/ʃtˈiɾ/,null*/ʃm̩/,null*/ʃtɾˈiɲə/,null*/pˈi/,null*/rˈymə/,null*/rˈum/,null*/ɟˈɛɾpəɾ/,null*/əpˈɛɲ/,null*/ɟˈiɾbɛ/,null*/ʃɾ̩bˈit/,null*/ʃˈɛɾmə/,null*/ɟˈalpə/,null*/ɟˈilχv/,null*/nˈɛsᵝ/,null*/ɲˈatə/,null*/nˈit/,null*/nˈy/,null*/ɲˈəmə/,null*/nˈaʃ/,null*/nˈɛʃ/,null*/nˈɔʃ/,null*/nˈɔʃə/,null*/mbəjˈaðə/,null*/lˠˈɔs/,null*/lˈɔðə/,null*/lˈɔðə/,null*/lˈɔsə/,null*/lˈɔdɾ̩/,null*/lˈiðə/,null*/hlˈɛɟ/,null*/lˈiɟ/,null*/ləθˈit/,null*/lˈumə/,null*/lˈufʃ/,null*/lˈuɡə/,null*/ljˈɛftə/,null*/lˈa/,null*/ljˈɛhm̩/,null*/lˈahm̩/,null*/lˈum/,null*/lˈye̯dɾ̩/,null*/luˈisə/,null*/rˈuðə/
R567,,,,,,,,,,,,,,,,,,,,,,,,,,,,,,,,,,,,,,,,,,,,,,,,,,,,,,,,,,,,,,,,,,,,,,,,,,,,,,,,,,,,,,,,,,,,,,,,,,,,,,,,,,,,,,,,,,,,,,,,,,,,,,,,,,,,,,,,,,,,,,,,,,,,,,,,,,,,,,,,,,,,,,,,,,,,,,,,,,,,,,,,,,,,,,,,,,,,,,,,,,,,,,,,,,,,,,,,,,,,,,,,,,,,,,,,,,,,,,,,,,,,,,,,,,,,,,,,,,,,,,,,,,,,,,,,,,,,,,,,,,,,,,,,,,,,,,,,,,,,,,,,,,,,,,,,,,,,,,,,,,,,,,,,,,,,,,,,,,,,,,,,,,,,,,,,,,,,,,,,,,,,,,,,,,,,,,,,,,,,,,,,,,,,,,,,,,,,,,,,,,,,,,,,,,,,,,,,,,,,,,,,,,,,,,,,,,,,,,,,,
R568,,,,,,*/t͡sˈaɾptə/,,,*/t͡sˈaɾc/,,,,,,,,,,,,,,,,,,,,,,,,,,,,,,,,,,,,,,,,,,,,,,,,,,,,,,,,,,,,,,,,,,,,,,,,,,,,,,,,,,,,,,,,,,,,,,,,,,,,,,,,,,,,,,,,,,,,,,,,,,,,,,,,,,,*/mˈart/,,,,,,,,,,,,,,,,,,,,,,,,,,,,,,,,,,,,,,,,,,,,,,,,,,,,,*/vˈɛlˠt/,,,,,,,,,,,,,,,,,,,,,,,,,,,,,,,,,,,,,,,,,,,,,,,,,,,,,,,,,,,,,,,,,,,,,,,,,,,,,,,,,,,,,,,,,,,,,,,,,,,,,,,,,,,,,,,,,,,,,,,,,,,,,,,,,,,,,,,,,,,,,,,,,,,,,,,,,,,,,,,,,,,,,,,,,,,,,,,,,,,,,,,,,,,,,,,,,,,,,,,,,,,,,,,,,,,,,,,,,,,,,,,,,,,,,,,,,,,,,,,,,,,,,,,,
R569,,,,,,,,,,,,,,,,,,,,,,,,,,,,,,,,,,,,,,,,,,,,,,,,,,,,,,,,,,,,,,,,,,,,,,,,,,,,,,,,,,,,,,,,,,,,,,,,,,,,,,,,,,,,,,,,,,,,,,,,,,,,,,,,,,,,,,,,,,,,,,,,,,,,,,,,,,,,,,,,,,,,,,,,,,,,,,,,,,,,,,,,,,,,,,,,,,,,,,,,,,,,,,,,,,,,,,,,,,,,,,,,,,,,,,,,,,,,,,,,,,,,,,,,,,,,,,,,,,,,,,,,,,,,,,,,,,,,,,,,,,,,,,,,,,,,,,,,,,,,,,,,,,,,,,,,,,,,,,,,,,,,,,,,,,,,,,,,,,,,,,,,,,,,,,,,,,,,,,,,,,,,,,,,,,,,,,,,,,,,,,,,,,,,,,,,,,,,,,,,,,,,,,,,,,,,,,,,,,,,,,,,,,,,,,,,,,,,,,,,,
R570,,,,,,,,,,,,,,,,,,,,,,,,,,,,,,,,,,,,,,,,,,,,,,,,,,,,,,,,,,,,,,,,,,,,,,,,,,,,,,,,,,,,,,,,,,,,,,,,,,,,,,,,,,,,,,,,,,,,,,,,,,,,,,,,,,,,,,,,,,,,,,,,,,,,,,,,,,,,,,,,,,,,,,,,,,,,,,,,,,,,,,,,,,,,,,,,,,,,,,,,,,,,,,,,,,,,,,,,,,,,,,,,,,,,,,,,,,,,,,,,,,,,,,,,,,,,,,,,,,,,,,,,,,,,,,,,,,,,,,,,,,,,,,,,,,,,,,,,,,,,,,,,,,,,,,,,,,,,,,,,,,,,,,,,,,,,,,,,,,,,,,,,,,,,,,,,,,,,,,,,,,,,,,,,,,,,,,,,,,,,,,,,,,,,,,,,,,,,,,,,,,,,,,,,,,,,,,,,,,,,,,,,,,,,,,,,,,,,,,,,,
R571,,,,,,,,,,,,,,,,,,,,,,,,,,,,,,,,,,,,,,,,,,,,,,,,,,,,,,,,,,,,,,,,,,,,,,,,,,,,,,,,,,,,,,,,*/ɟˈɛj/,*/ɟˈɛj/,,,,,,,,,,,,,,,,,,,,,,,,,,,,,,,,,,,,,,,,,,,,,,,,,,,,,,,,,,,,,,,,,,,,,,,,,,,,,,,,,,,,,,,,,,,,,,,,,,,,,,,,,,,,,,,,,,,,,,,,,,,,,,,,,,,,,,,,,,,,,,,,,,,,,,,,,,,,,,,,,,,,,,,,,,,,,,,,,,,,,,,,,,,,,,,,,,,,,,,,,,,,,,,,,,,,,,*/ɟəndˈɛcit/,,,,,,,,,,,,,,,,,,,,,,,,,,,,,,,,,,,,,,,,,,,,,,,,,,,,,,,*/ʃcˈɛʃ/,,,,,,,,,,,,,,,,,,,,,,,,,,,,,,,,,,,,,,,,,,,,,,,,,,,,,,,,,,,,,,,,,,,,,,,,,,,,,,,,,,,
R572,,,,,,,,,,,,,,,,,,,,,,,,,,,,,,,,,,,,,,,,,,,,,,,,,,,,,,,,,,,,,,,,,,,,,,,,,,,,,,,,,,,,,,,,,,,,*/ɟəŋɡɾˈiθə/,,,,,,,,,,,,,,,,,,,,,,,,,,,,,,,,,,,,,,,,,,,,,,,,,,,,,,,,,,,,,,,,,,,*/ɲɟˈaʃə/,*/ŋɡɾ̩/,*/ŋɡɾˈiʃ/,,*/ŋɡɾˈunə/,*/ŋɡɾ̩n/,,,,,,,,,,,,,,,,,,,,,,,,,,,,,,,,,,,,,,,,,,,,,,,,,,,,,,,,,,,,,,,,,,,,,,,,,,,,,,,,,,,,,,,,,,,,,,,,,,,,,,,,,,,,,,,,,,,,,,,,,,,,,,,,,,,,,,,,,,,,,,,,,,,,,,,,,,,,,,,,,,,,,,,,,,,,,,,,,,,,,,,,,,,,,,,,,,,,,,,,,,,,,,,,,,,,,,,,,,,,,,,,,,,,,,,,,,,,,,,,,,,,,,,,,,,,,,,,,,,,,,,,,,,,,,,,,,,,,
R573,,,*/θˈiʃtəɾ̩/,,,,,*/θˈiɾhəm̩/,,,,,,,,,,,,,,,,,,,,,,,,,,,,,,,,,,,,,,,,,,*/həm̩/,,,*/ɟˈɛtəɾ̩/,,,,,,,,,,,,*/ɟəɾ̩ðˈi/,,,,,,,,,,,,,,,,,,,,,,,,,,,,,,*/vˈatəɾ̩/,,,,,,,,,,,,*/χvəl̩cˈi/,,,,,,,,,,,,,,,,,,,,,,,,,,,,,,,,,,,,,,,,,,,,,,,,*/sᵝə?3θˈəmə/,,,,,*/ŋɡəɾ̩/,,,,*/ŋɡəɾ̩n/,*/ɡˈɔɾhəm̩/,,,,,,,,,*/ɟˈɛdəɾ̩/,,,,,,,,,,,,,,,,,,,,,,,*/dəʃən̩dəɾ̩bˈalˠə/,,,,,,,,,,,,,,,,,,,,,,,,,,,,,,,,,*/pˈɛlhəm̩/,,,,,,,,*/pəɾ̩/,*/pəɾ̩/,,,,,,,,,,,,,,,,,,,,,,,,,,,,,,,,,,,,,,*/blˈɔɡəɾ̩/,,,,,,,,,,,,,,,,,,,,,*/mˈɛlhəm̩/,,,,,,,,,*/pəɾ̩tˈɛpɛ/,,,,,,,,,,,,,,,,,,,,,,,,,,,,,,,,,,,,,,,,,,,,,,,,,,,,,,,,,,,,,,,,,,,,,,,,,,,*/mˈakəɾ̩/,,,,,,,,,,,,,,*/pəɾ̩ʃtˈɔlˠ/,,,,*/ʃəm̩/,,,,,,,,*/ʃəɾ̩bˈit/,,,,,,,,,,,,,,,,,,*/lˈɔdəɾ̩/,,,,,,,,,,*/ljˈɛhəm̩/,*/lˈahəm̩/,,*/lˈye̯dəɾ̩/,,
R574,,,*/θˈiʃtəɾ/,,,,,*/θˈiɾhəm/,,,,,,,,,,,,,,,,,,,,,,,,,,,,,,,,,,,,,,,,,,*/həm/,,,*/ɟˈɛtəɾ/,,,,,,,,,,,,*/ɟəɾðˈi/,,,,,,,,,,,,,,,,,,,,,,,,,,,,,,*/vˈatəɾ/,,,,,,,,,,,,*/χvəlcˈi/,,,,,,,,,,,,,,,,,,,,,,,,,,,,,,,,,,,,,,,,,,,,,,,,*/sᵝəlˠθˈəmə/,,,,,*/ŋɡəɾ/,,,,*/ŋɡəɾn/,*/ɡˈɔɾhəm/,,,,,,,,,*/ɟˈɛdəɾ/,,,,,,,,,,,,,,,,,,,,,,,*/dəʃəndəɾbˈalˠə/,,,,,,,,,,,,,,,,,,,,,,,,,,,,,,,,,*/pˈɛlhəm/,,,,,,,,*/pəɾ/,*/pəɾ/,,,,,,,,,,,,,,,,,,,,,,,,,,,,,,,,,,,,,,*/blˈɔɡəɾ/,,,,,,,,,,,,,,,,,,,,,*/mˈɛlhəm/,,,,,,,,,*/pəɾtˈɛpɛ/,,,,,,,,,,,,,,,,,,,,,,,,,,,,,,,,,,,,,,,,,,,,,,,,,,,,,,,,,,,,,,,,,,,,,,,,,,,*/mˈakəɾ/,,,,,,,,,,,,,,*/pəɾʃtˈɔlˠ/,,,,*/ʃəm/,,,,,,,,*/ʃəɾbˈit/,,,,,,,,,,,,,,,,,,*/lˈɔdəɾ/,,,,,,,,,,*/ljˈɛhəm/,*/lˈahəm/,,*/lˈye̯dəɾ/,,
R575,,,,,,,,,,,,,,,,,,,,,,,,,,,,,,,,,,,,,,,,,,,,,,,,,,,,,,,,,,,,,,,,,,,,,,,,,,,,,,,,,,,,,,,,,,,,,,,,,,,,,,,,,,,,,,,,,,,,,,,,,,,,,,,,,,,,,,,,,,,,,,,,,,,,,,,,,,,,,,,,,,,,,,,,,,,,,,,,,,,,,,,,,,,,,,,,,,,,,,,,,,,,,,,,,,,,,,,,,,,,,,,,,,,,,,,,,,,,,,,,,,,,,,,,,,,,,,,,,,,,,,,,,,,,,,,,,,,,,,,,,,,,,,,,,,,,,,,,,,,,,,,,,,,,,,,,,,,,,,,,,,,,,,,,,,,,,,,,,,,,,,,,,,,,,,,,,,,,,,,,,,,,,,,,,,,,,,,,,,,,,,,,,,,,,,*/t͡ʃɲˈa/,,,,,,,,,,,,,,,,,,,,,,,,,,,,,,,,,,,,,,,,,,,,,,,,,,,
R576,,,,,,,,,,,,,,,,,,,,,,,,,,,,,,,,,,,,,,,,,,,,,,,,,,,,,,,,,,,,,,,,,,,,,,,,,,,,,,,,,,,,,,,,,,,,,,,,,,,,,,,,,,,,,,,,,,,,,,,,,,,,,,,,,,,,,,,,,,,,,,,,,,,,,,,,,,,,,,,,,,,,,,,,,,,,,,,,,,,,,,,,,,,,,,,,,,,,,,,,,,,,,,,,,,,,,,,,,,,,,,,,,,,,,,,,,,,,,,,,,,,,,,,,,,,,,,,,,,,,,,,,,,,,,,,,,,,,,,,,,,,,,,,,,,,,,,,,,,,,,,,,,,,,,,,,,,,,,,,,,,,,,,,,,,,,,,,,,,,,,,,,,,,,,,,,,,,,,,,,,,,,,,,,,,,,,,,,,,,,,,,,,,,,,,,,,,,,,,,,,,,,,,,,,,,,,,,,,,,,,,,,,,,,,,,,,,,,,,,,,
R577,,,,,,,,,,,,,,,,,,,,,,,,,,,,,,,,,,,,,,,,,,,,,,,,,,,,,,,,,,,,,,,,,,,,,,,,,,,,,,,,,,,,,,,,,,,,,,,,,,,,,,,,,,,,,,,,,,,,,,,,,,,,,,,,,,,,,,,,,,,,,,,,,,,,,,,,,,,,,,,,,,,,,,,,,,,,,,,,,,,,,,,,,,,,,,,,,,,,,,,,,,,,,,,,,,,,,,,,,,,,,,,,,,,,,,,,,,,,,,,,,,,,,,,,,,,,,,,,,,,,,,,,,,,,,,,,,,,,,,,,,,,,,,,,,,,,,,,,,,,,,,,,,,,,,,,,,,,,,,,,,,,,,,,,,,,,,,,,,,,,,,,,,,,,,,,,,,,,,,,,,,,,,,,,,,,,,,,,,,,,,,,,,,,,,,,,,,,,,,,,,,,,,,,,,,,,,,,,,,,,,,,,,,,,,,,,,,,,,,,,,
R578,,,,,,,,,,,,,,,,,,,,,,,,,,,,,,,,,,,,,,,,,,,,,,,,,,,,,,,,,,,,,,,,,,,,,,,,,,,,,,,,,,,,,,,,,,,,,,,,,,,,,,,,,,,,,,,,,,,,,,,,,,,,,,,,,,,,,,,,,,,,,,,,,,,,,,,,,,,,,,,,,,,,,,,,,,,,,,,,,,,,,,,,,,,,,,,,,,,,,,,,,,,,,,,,,,,,,,,,,,,,,,,,,,,,,,,,,,,,,,,,,,,,,,,,,,,,,,,,,,,,,,,,,,,,,,,,,,,,,,,,,,,,,,,,,,,,,,,,,,,,,,,,,,,,,,,,,,,,,,,,,,,,,,,,,,,,,,,,,,,,,,,,,,,,,,,,,,,,,,,,,,,,,,,,,,,,,,,,,,,,,,,,,,,,,,,,,,,,,,,,,,,,,,,,,,,,,,,,,,,,,,,,,,,,,,,,,,,,,,,,,
R579,,,,,,,,,,,,,,,,,,,,,,,,,,,,,,,,,,,,,,,,,,,,,,,,,,,,,,,,,,,,,,,,,,,,,,,,,,,,,,,,,,,,,,,,,,,,,,,,,,,,,,,,,,,,,,,,,,,,,,,,,,,,,,,,,,,,,,,,,,,,,,,,,,,,,,,,,,,,,,,,,,,,,,,,,,,,,,,,,,,,,,,,,,,,,,,,,,,,,,,,,,,,,,,,,,,,,,,,,,,,,,,,,,,,,,,,,,,,,,,,,,,,,,,,,,,,,,,,,,,,,,,,,,,,,,,,,,,,,,,,,,,,,,,,,,,,,,,,,,,,,,,,,,,,,,,,,,,,,,,,,,,,,,,,,,,,,,,,,,,,,,,,,,,,,,,,,,,,,,,,,,,,,,,,,,,,,,,,,,,,,,,,,,,,,,,,,,,,,,,,,,,,,,,,,,,,,,,,,,,,,,,,,,,,,,,,,,,,,,,,,
R580,,,,,,,,,,,,,,,,,,,,,,,,,,,,,,,,,,,,,,,,,,,,,,,,,,,,,,,,,,,,,,,,,,,,,,,,,,*/ɟˈɔj/,,,,,,,,,,,,,,,,,,,,,,,,,,,,,,,,,,,,,,,,,,,,,,,,,,,,,,,,,,,,,,,,,,,,,,,,,,,,,,,,,,,,,,,,,,,,,,,,,,,,,,,,,,,,,,,,,,,,,,,,,,,,,,,,,,,,,,,,,,,,,,,,,,,,,,,,,,,,,,,,,,,,,,,,,,,,,,,,,,,,,,,,,,,,,,,,,,,,,,,,,,,,,,,,,,,,,,,,,,,,,,,,,,,,,,,,,,,,,,,,,,,,,,,,,,,,,,,,,,,,,,,,,,,,,,,,,,,,,,,,,,,,,,,,,,,,,,,,,,,,,,,,,,,,,,,,,,,,,,,,,,,,,,,,,,,,*/əpˈɛj/,,,,,,,,,,,,,,,,,,,,,,,,,,,,,,,,,,,
R581,,,,,,,,,,,,,,,,,,,,,,,,,,,,,,,,,,,,,,,,,,,,,,,,,,,,,,,,,,,,,,,,,,,,,,,,,,,,,,,,,,,,,,,,,,,,,,,,,,,,,,,,,,,,,,,,,,,,,,,,,,,,,,,,,,,,,,,,,,,,,,,,,,,,,,,,,,,,,,,,,,,,,,,,,,,,,,,,,,,,,,,,,,,,,,,,,,,,,,,,,,,,,,,,,,,,,,,,,,,,,,,,,,,,,,,,,,,,,,,,,,,,,,,,,,,,,,,,,,,,,,,,,,,,,,,,,,,,,,,,,,,,,,,,,,,,,,,,,,,,,,,,,,,,,,,,,,,,,,,,,,,,,,,,,,,,,,,,,,,,,,,,,,,,,,,,,,,,,,,,,,,,,,,,,,,,,,,,,,,,,,,,,,,,,,,,,,,,,,,,,,,,,,,,,,,,,,,,,,,,,,,,,,,,,,,,,,,,,,,,,
R582,,,,,,,,,,,,,,,,,,,,,,,,,,,,,,,,,,,,,,,,,,,,,,,,,,,,,,,,,,,,,,,,,,,,,,,,,,,,,,,,,,,,,,,,,,,,,,,,,,,,,,,,,,,,,,,,,,,,,,,,,,,,,,,,,,,,,,,,,,,,,,,,,,,,,,,,,,,,,,,,,,,,,,,,,,,,,,,,,,,,,,,,,,,,,,,,,,,,,,,,,,,,,,,,,,,,,,,,,,,,,,,,,,,,,,,,,,,,,,,,,,,,,,,,,,,,,,,,,,,,,,,,,,,,,,,,,,,,,,,,,,,,,,,,,,,,,,,,,,,,,,,,,,,,,,,,,,,,,,,,,,,,,,,,,,,,,,,,,,,,,,,,,,,,,,,,,,,,,,,,,,,,,,,,,,,,,,,,,,,,,,,,,,,,,,,,,,,,,,,,,,,,,,,,,,,,,,,,,,,,,,,,,,,,,,,,,,,,,,,,,
